run_time,current_driver_player_number,driver_changed_this_frame,driver_change_count_total,warning_active,driver_input_this_frame,warning_reaction_time,inputs_per_second,warning_obstacle_result,collision_count_total
0.0000,-1,0,0,0,0,-1.0000,0.0000,,0
0.0651,-1,0,0,0,1,-1.0000,1.0000,,0
0.1029,-1,0,0,0,0,-1.0000,1.0000,,0
0.1145,-1,0,0,0,0,-1.0000,1.0000,,0
0.1303,-1,0,0,0,0,-1.0000,1.0000,,0
0.1537,-1,0,0,0,0,-1.0000,1.0000,,0
0.1787,-1,0,0,0,0,-1.0000,1.0000,,0
0.2021,-1,0,0,0,0,-1.0000,1.0000,,0
0.2224,-1,0,0,0,0,-1.0000,1.0000,,0
0.2449,-1,0,0,0,0,-1.0000,1.0000,,0
0.2729,-1,0,0,0,0,-1.0000,1.0000,,0
0.2913,-1,0,0,0,0,-1.0000,1.0000,,0
0.3111,-1,0,0,0,0,-1.0000,1.0000,,0
0.3343,-1,0,0,0,0,-1.0000,1.0000,,0
0.3548,-1,0,0,0,0,-1.0000,1.0000,,0
0.3784,-1,0,0,0,0,-1.0000,1.0000,,0
0.3993,-1,0,0,0,0,-1.0000,1.0000,,0
0.4226,-1,0,0,0,0,-1.0000,1.0000,,0
0.4438,-1,0,0,0,0,-1.0000,1.0000,,0
0.4654,-1,0,0,0,0,-1.0000,1.0000,,0
0.4868,-1,0,0,0,0,-1.0000,1.0000,,0
0.5089,-1,0,0,0,0,-1.0000,1.0000,,0
0.5318,-1,0,0,0,0,-1.0000,1.0000,,0
0.5539,-1,0,0,0,0,-1.0000,1.0000,,0
0.5748,-1,0,0,0,0,-1.0000,1.0000,,0
0.5977,-1,0,0,0,0,-1.0000,1.0000,,0
0.6183,-1,0,0,0,0,-1.0000,1.0000,,0
0.6411,-1,0,0,0,0,-1.0000,1.0000,,0
0.6619,-1,0,0,0,0,-1.0000,1.0000,,0
0.6833,-1,0,0,0,0,-1.0000,1.0000,,0
0.7044,-1,0,0,0,0,-1.0000,1.0000,,0
0.7271,-1,0,0,0,0,-1.0000,1.0000,,0
0.7497,-1,0,0,0,0,-1.0000,1.0000,,0
0.7705,-1,0,0,0,0,-1.0000,1.0000,,0
0.7922,-1,0,0,0,0,-1.0000,1.0000,,0
0.8139,-1,0,0,0,0,-1.0000,1.0000,,0
0.8357,-1,0,0,0,0,-1.0000,1.0000,,0
0.8599,-1,0,0,0,0,-1.0000,1.0000,,0
0.8812,-1,0,0,0,0,-1.0000,1.0000,,0
0.9015,-1,0,0,0,0,-1.0000,1.0000,,0
0.9239,-1,0,0,0,0,-1.0000,1.0000,,0
0.9480,-1,0,0,0,0,-1.0000,1.0000,,0
0.9682,-1,0,0,0,0,-1.0000,1.0000,,0
0.9856,-1,0,0,0,0,-1.0000,1.0000,,0
1.0184,-1,0,0,0,0,-1.0000,1.0000,,0
1.0409,-1,0,0,0,0,-1.0000,1.0000,,0
1.0642,-1,0,0,0,0,-1.0000,1.0000,,0
1.0858,-1,0,0,0,0,-1.0000,0.0000,,0
1.1076,-1,0,0,0,0,-1.0000,0.0000,,0
1.1299,-1,0,0,0,0,-1.0000,0.0000,,0
1.1533,-1,0,0,0,0,-1.0000,0.0000,,0
1.1756,-1,0,0,0,0,-1.0000,0.0000,,0
1.1981,-1,0,0,0,0,-1.0000,0.0000,,0
1.2208,-1,0,0,0,0,-1.0000,0.0000,,0
1.2426,-1,0,0,0,0,-1.0000,0.0000,,0
1.2652,-1,0,0,0,0,-1.0000,0.0000,,0
1.2883,-1,0,0,0,0,-1.0000,0.0000,,0
1.3103,-1,0,0,0,0,-1.0000,0.0000,,0
1.3330,-1,0,0,0,0,-1.0000,0.0000,,0
1.3555,-1,0,0,0,0,-1.0000,0.0000,,0
1.3782,-1,0,0,0,0,-1.0000,0.0000,,0
1.4005,-1,0,0,0,0,-1.0000,0.0000,,0
1.4229,-1,0,0,0,0,-1.0000,0.0000,,0
1.4465,-1,0,0,0,0,-1.0000,0.0000,,0
1.4684,-1,0,0,0,0,-1.0000,0.0000,,0
1.4895,-1,0,0,0,0,-1.0000,0.0000,,0
1.5134,-1,0,0,0,0,-1.0000,0.0000,,0
1.5358,-1,0,0,0,0,-1.0000,0.0000,,0
1.5577,-1,0,0,0,0,-1.0000,0.0000,,0
1.5794,-1,0,0,0,0,-1.0000,0.0000,,0
1.6030,-1,0,0,0,0,-1.0000,0.0000,,0
1.6271,-1,0,0,0,0,-1.0000,0.0000,,0
1.6482,-1,0,0,0,0,-1.0000,0.0000,,0
1.6714,-1,0,0,0,0,-1.0000,0.0000,,0
1.6932,-1,0,0,0,0,-1.0000,0.0000,,0
1.7140,-1,0,0,0,0,-1.0000,0.0000,,0
1.7361,-1,0,0,0,0,-1.0000,0.0000,,0
1.7611,-1,0,0,0,0,-1.0000,0.0000,,0
1.7824,-1,0,0,0,0,-1.0000,0.0000,,0
1.8046,-1,0,0,0,0,-1.0000,0.0000,,0
1.8268,-1,0,0,0,0,-1.0000,0.0000,,0
1.8497,-1,0,0,0,0,-1.0000,0.0000,,0
1.8721,-1,0,0,0,0,-1.0000,0.0000,,0
1.8934,-1,0,0,0,0,-1.0000,0.0000,,0
1.9172,-1,0,0,0,0,-1.0000,0.0000,,0
1.9381,-1,0,0,0,0,-1.0000,0.0000,,0
1.9614,-1,0,0,0,0,-1.0000,0.0000,,0
1.9837,-1,0,0,0,0,-1.0000,0.0000,,0
2.0054,-1,0,0,0,0,-1.0000,0.0000,,0
2.0276,-1,0,0,0,0,-1.0000,0.0000,,0
2.0507,-1,0,0,0,0,-1.0000,0.0000,,0
2.0718,-1,0,0,0,0,-1.0000,0.0000,,0
2.0953,-1,0,0,0,0,-1.0000,0.0000,,0
2.1167,-1,0,0,0,0,-1.0000,0.0000,,0
2.1385,-1,0,0,0,0,-1.0000,0.0000,,0
2.1620,-1,0,0,0,0,-1.0000,0.0000,,0
2.1838,-1,0,0,0,0,-1.0000,0.0000,,0
2.2074,-1,0,0,0,0,-1.0000,0.0000,,0
2.2294,-1,0,0,0,0,-1.0000,0.0000,,0
2.2519,-1,0,0,0,0,-1.0000,0.0000,,0
2.2743,-1,0,0,0,0,-1.0000,0.0000,,0
2.2971,-1,0,0,0,0,-1.0000,0.0000,,0
2.3206,-1,0,0,0,0,-1.0000,0.0000,,0
2.3427,-1,0,0,0,0,-1.0000,0.0000,,0
2.3652,-1,0,0,0,0,-1.0000,0.0000,,0
2.3875,-1,0,0,0,0,-1.0000,0.0000,,0
2.4109,-1,0,0,0,0,-1.0000,0.0000,,0
2.4329,-1,0,0,0,0,-1.0000,0.0000,,0
2.4545,-1,0,0,0,0,-1.0000,0.0000,,0
2.4775,-1,0,0,0,0,-1.0000,0.0000,,0
2.5006,-1,0,0,0,0,-1.0000,0.0000,,0
2.5221,-1,0,0,0,0,-1.0000,0.0000,,0
2.5457,-1,0,0,0,0,-1.0000,0.0000,,0
2.5674,-1,0,0,0,0,-1.0000,0.0000,,0
2.5893,-1,0,0,0,0,-1.0000,0.0000,,0
2.6130,-1,0,0,0,0,-1.0000,0.0000,,0
2.6362,-1,0,0,0,0,-1.0000,0.0000,,0
2.6570,-1,0,0,0,0,-1.0000,0.0000,,0
2.6793,-1,0,0,0,0,-1.0000,0.0000,,0
2.7035,-1,0,0,0,0,-1.0000,0.0000,,0
2.7254,-1,0,0,0,0,-1.0000,0.0000,,0
2.7482,-1,0,0,0,0,-1.0000,0.0000,,0
2.7717,-1,0,0,0,0,-1.0000,0.0000,,0
2.7938,-1,0,0,0,0,-1.0000,0.0000,,0
2.8165,-1,0,0,0,0,-1.0000,0.0000,,0
2.8383,-1,0,0,0,0,-1.0000,0.0000,,0
2.8614,-1,0,0,0,0,-1.0000,0.0000,,0
2.8833,-1,0,0,0,0,-1.0000,0.0000,,0
2.9071,-1,0,0,0,0,-1.0000,0.0000,,0
2.9296,-1,0,0,0,0,-1.0000,0.0000,,0
2.9522,-1,0,0,0,0,-1.0000,0.0000,,0
2.9739,-1,0,0,0,0,-1.0000,0.0000,,0
2.9969,-1,0,0,0,0,-1.0000,0.0000,,0
3.0187,-1,0,0,0,0,-1.0000,0.0000,,0
3.0422,-1,0,0,0,0,-1.0000,0.0000,,0
3.0648,-1,0,0,0,0,-1.0000,0.0000,,0
3.0875,-1,0,0,0,0,-1.0000,0.0000,,0
3.1109,-1,0,0,0,0,-1.0000,0.0000,,0
3.1342,-1,0,0,0,0,-1.0000,0.0000,,0
3.1562,-1,0,0,0,0,-1.0000,0.0000,,0
3.1789,-1,0,0,0,0,-1.0000,0.0000,,0
3.2016,-1,0,0,0,0,-1.0000,0.0000,,0
3.2249,-1,0,0,0,0,-1.0000,0.0000,,0
3.2479,-1,0,0,0,0,-1.0000,0.0000,,0
3.2720,-1,0,0,0,0,-1.0000,0.0000,,0
3.2960,-1,0,0,0,0,-1.0000,0.0000,,0
3.3173,-1,0,0,0,0,-1.0000,0.0000,,0
3.3407,-1,0,0,0,0,-1.0000,0.0000,,0
3.3632,-1,0,0,0,0,-1.0000,0.0000,,0
3.3865,-1,0,0,0,0,-1.0000,0.0000,,0
3.4093,-1,0,0,0,0,-1.0000,0.0000,,0
3.4325,-1,0,0,0,0,-1.0000,0.0000,,0
3.4544,-1,0,0,0,0,-1.0000,0.0000,,0
3.4776,-1,0,0,0,0,-1.0000,0.0000,,0
3.4993,-1,0,0,0,0,-1.0000,0.0000,,0
3.5227,-1,0,0,0,0,-1.0000,0.0000,,0
3.5454,-1,0,0,0,0,-1.0000,0.0000,,0
3.5681,-1,0,0,0,0,-1.0000,0.0000,,0
3.5915,-1,0,0,0,0,-1.0000,0.0000,,0
3.6138,-1,0,0,0,0,-1.0000,0.0000,,0
3.6369,-1,0,0,0,0,-1.0000,0.0000,,0
3.6600,-1,0,0,0,0,-1.0000,0.0000,,0
3.6834,-1,0,0,0,0,-1.0000,0.0000,,0
3.7063,-1,0,0,0,0,-1.0000,0.0000,,0
3.7277,-1,0,0,0,0,-1.0000,0.0000,,0
3.7519,-1,0,0,0,0,-1.0000,0.0000,,0
3.7748,-1,0,0,0,0,-1.0000,0.0000,,0
3.7969,-1,0,0,0,0,-1.0000,0.0000,,0
3.8210,-1,0,0,0,0,-1.0000,0.0000,,0
3.8423,-1,0,0,0,0,-1.0000,0.0000,,0
3.8654,-1,0,0,0,0,-1.0000,0.0000,,0
3.8904,-1,0,0,0,0,-1.0000,0.0000,,0
3.9140,-1,0,0,0,0,-1.0000,0.0000,,0
3.9388,-1,0,0,0,0,-1.0000,0.0000,,0
3.9606,-1,0,0,0,0,-1.0000,0.0000,,0
3.9841,-1,0,0,0,0,-1.0000,0.0000,,0
4.0056,-1,0,0,0,0,-1.0000,0.0000,,0
4.0286,-1,0,0,0,0,-1.0000,0.0000,,0
4.0544,-1,0,0,0,0,-1.0000,0.0000,,0
4.0735,-1,0,0,0,0,-1.0000,0.0000,,0
4.0961,-1,0,0,0,0,-1.0000,0.0000,,0
4.1193,-1,0,0,0,0,-1.0000,0.0000,,0
4.1424,-1,0,0,0,0,-1.0000,0.0000,,0
4.1644,-1,0,0,0,0,-1.0000,0.0000,,0
4.1878,-1,0,0,0,0,-1.0000,0.0000,,0
4.2098,-1,0,0,0,0,-1.0000,0.0000,,0
4.2334,-1,0,0,0,0,-1.0000,0.0000,,0
4.2551,-1,0,0,0,0,-1.0000,0.0000,,0
4.2777,-1,0,0,0,0,-1.0000,0.0000,,0
4.3017,-1,0,0,0,0,-1.0000,0.0000,,0
4.3253,-1,0,0,0,1,-1.0000,1.0000,,0
4.3506,-1,0,0,0,1,-1.0000,3.0000,,0
4.3729,-1,0,0,0,0,-1.0000,3.0000,,0
4.3949,-1,0,0,0,0,-1.0000,3.0000,,0
4.4172,-1,0,0,0,0,-1.0000,3.0000,,0
4.4388,-1,0,0,0,0,-1.0000,3.0000,,0
4.4619,-1,0,0,0,0,-1.0000,3.0000,,0
4.4843,-1,0,0,0,0,-1.0000,3.0000,,0
4.5069,-1,0,0,0,0,-1.0000,3.0000,,0
4.5299,-1,0,0,0,0,-1.0000,3.0000,,0
4.5530,-1,0,0,0,0,-1.0000,3.0000,,0
4.5747,-1,0,0,0,0,-1.0000,3.0000,,0
4.5970,-1,0,0,0,0,-1.0000,3.0000,,0
4.6201,-1,0,0,0,0,-1.0000,3.0000,,0
4.6421,-1,0,0,0,0,-1.0000,3.0000,,0
4.6654,-1,0,0,0,0,-1.0000,3.0000,,0
4.6880,-1,0,0,0,0,-1.0000,3.0000,,0
4.7112,-1,0,0,0,0,-1.0000,3.0000,,0
4.7336,-1,0,0,0,0,-1.0000,3.0000,,0
4.7557,-1,0,0,0,0,-1.0000,3.0000,,0
4.7794,-1,0,0,0,0,-1.0000,3.0000,,0
4.8019,-1,0,0,0,0,-1.0000,3.0000,,0
4.8245,-1,0,0,1,0,-1.0000,3.0000,,0
4.8470,-1,0,0,1,0,-1.0000,3.0000,,0
4.8698,-1,0,0,1,0,-1.0000,3.0000,,0
4.8923,-1,0,0,1,0,-1.0000,3.0000,,0
4.9153,-1,0,0,1,0,-1.0000,3.0000,,0
4.9385,-1,0,0,1,0,-1.0000,3.0000,,0
4.9603,-1,0,0,1,0,-1.0000,3.0000,,0
4.9829,-1,0,0,1,0,-1.0000,3.0000,,0
5.0055,-1,0,0,1,0,-1.0000,3.0000,,0
5.0278,-1,0,0,1,0,-1.0000,3.0000,,0
5.0509,-1,0,0,1,0,-1.0000,3.0000,,0
5.0730,-1,0,0,1,0,-1.0000,3.0000,,0
5.0948,-1,0,0,1,0,-1.0000,3.0000,,0
5.1187,-1,0,0,1,0,-1.0000,3.0000,,0
5.1400,-1,0,0,1,0,-1.0000,3.0000,,0
5.1636,-1,0,0,1,0,-1.0000,3.0000,,0
5.1856,-1,0,0,1,0,-1.0000,3.0000,,0
5.2075,-1,0,0,1,0,-1.0000,3.0000,,0
5.2301,-1,0,0,1,0,-1.0000,3.0000,,0
5.2526,-1,0,0,1,0,-1.0000,3.0000,,0
5.2732,-1,0,0,1,0,-1.0000,3.0000,,0
5.2979,-1,0,0,1,0,-1.0000,3.0000,,0
5.3199,-1,0,0,1,0,-1.0000,3.0000,,0
5.3427,-1,0,0,1,0,-1.0000,2.0000,,0
5.3651,-1,0,0,1,0,-1.0000,0.0000,,0
5.3895,-1,0,0,1,0,-1.0000,0.0000,,0
5.4138,-1,0,0,1,0,-1.0000,0.0000,,0
5.4370,-1,0,0,1,0,-1.0000,0.0000,,0
5.4582,-1,0,0,1,0,-1.0000,0.0000,,0
5.4828,-1,0,0,1,0,-1.0000,0.0000,,0
5.5043,-1,0,0,1,0,-1.0000,0.0000,,0
5.5263,-1,0,0,1,0,-1.0000,0.0000,,0
5.5480,-1,0,0,1,0,-1.0000,0.0000,,0
5.5679,-1,0,0,1,0,-1.0000,0.0000,,0
5.5916,-1,0,0,1,0,-1.0000,0.0000,,0
5.6135,-1,0,0,1,0,-1.0000,0.0000,,0
5.6375,-1,0,0,1,0,-1.0000,0.0000,,0
5.6602,-1,0,0,1,0,-1.0000,0.0000,,0
5.6805,-1,0,0,1,0,-1.0000,0.0000,,0
5.7025,-1,0,0,1,0,-1.0000,0.0000,,0
5.7245,-1,0,0,1,0,-1.0000,0.0000,,0
5.7463,-1,0,0,1,0,-1.0000,0.0000,,0
5.7681,-1,0,0,1,0,-1.0000,0.0000,,0
5.7920,-1,0,0,1,1,0.9676,1.0000,,0
5.8152,-1,0,0,1,0,0.9676,1.0000,,0
5.8363,-1,0,0,1,0,0.9676,1.0000,,0
5.8598,-1,0,0,1,0,0.9676,1.0000,,0
5.8800,-1,0,0,1,0,0.9676,1.0000,,0
5.9035,-1,0,0,1,0,0.9676,1.0000,,0
5.9255,-1,0,0,1,0,0.9676,1.0000,,0
5.9475,-1,0,0,0,0,0.9676,1.0000,"avoided",0
5.9711,-1,0,0,0,0,0.9676,1.0000,"avoided",0
5.9938,-1,0,0,0,0,0.9676,1.0000,"avoided",0
6.0347,-1,0,0,0,0,0.9676,1.0000,"avoided",0
6.0478,-1,0,0,0,0,0.9676,1.0000,"avoided",0
6.0666,-1,0,0,0,0,0.9676,1.0000,"avoided",0
6.0900,-1,0,0,0,0,0.9676,1.0000,"avoided",0
6.1132,-1,0,0,0,0,0.9676,1.0000,"avoided",0
6.1360,-1,0,0,0,0,0.9676,1.0000,"avoided",0
6.1598,-1,0,0,0,0,0.9676,1.0000,"avoided",0
6.1816,-1,0,0,0,0,0.9676,1.0000,"avoided",0
6.2042,-1,0,0,0,0,0.9676,1.0000,"avoided",0
6.2268,-1,0,0,0,0,0.9676,1.0000,"avoided",0
6.2488,-1,0,0,0,0,0.9676,1.0000,"avoided",0
6.2697,-1,0,0,0,0,0.9676,1.0000,"avoided",0
6.2955,-1,0,0,0,0,0.9676,1.0000,"avoided",0
6.3145,-1,0,0,0,0,0.9676,1.0000,"avoided",0
6.3364,-1,0,0,0,0,0.9676,1.0000,"avoided",0
6.3577,-1,0,0,0,1,0.9676,2.0000,"avoided",0
6.3834,-1,0,0,0,0,0.9676,2.0000,"avoided",0
6.4064,-1,0,0,0,0,0.9676,2.0000,"avoided",0
6.4270,-1,0,0,0,0,0.9676,2.0000,"avoided",0
6.4509,-1,0,0,0,0,0.9676,2.0000,"avoided",0
6.4726,-1,0,0,0,0,0.9676,2.0000,"avoided",0
6.4958,-1,0,0,0,0,0.9676,2.0000,"avoided",0
6.5159,-1,0,0,0,0,0.9676,2.0000,"avoided",0
6.5374,-1,0,0,0,0,0.9676,2.0000,"avoided",0
6.5593,-1,0,0,0,0,0.9676,2.0000,"avoided",0
6.5817,-1,0,0,0,0,0.9676,2.0000,"avoided",0
6.6027,-1,0,0,0,0,0.9676,2.0000,"avoided",0
6.6260,-1,0,0,0,0,0.9676,2.0000,"avoided",0
6.6468,-1,0,0,0,0,0.9676,2.0000,"avoided",0
6.6684,-1,0,0,0,0,0.9676,2.0000,"avoided",0
6.6910,-1,0,0,0,0,0.9676,2.0000,"avoided",0
6.7135,-1,0,0,0,0,0.9676,2.0000,"avoided",0
6.7350,-1,0,0,0,0,0.9676,2.0000,"avoided",0
6.7572,-1,0,0,0,0,0.9676,2.0000,"avoided",0
6.7793,-1,0,0,0,0,0.9676,2.0000,"avoided",0
6.8040,-1,0,0,0,0,0.9676,1.0000,"avoided",0
6.8215,-1,0,0,0,0,0.9676,1.0000,"avoided",0
6.8446,-1,0,0,0,0,0.9676,1.0000,"avoided",0
6.8679,-1,0,0,0,0,0.9676,1.0000,"avoided",0
6.8905,-1,0,0,0,0,0.9676,1.0000,"avoided",0
6.9108,-1,0,0,0,0,0.9676,1.0000,"avoided",0
6.9323,-1,0,0,0,0,0.9676,1.0000,"avoided",0
6.9548,-1,0,0,0,0,0.9676,1.0000,"avoided",0
6.9764,-1,0,0,0,0,0.9676,1.0000,"avoided",0
6.9977,-1,0,0,0,0,0.9676,1.0000,"avoided",0
7.0204,-1,0,0,0,0,0.9676,1.0000,"avoided",0
7.0413,-1,0,0,0,0,0.9676,1.0000,"avoided",0
7.0611,-1,0,0,0,0,0.9676,1.0000,"avoided",0
7.0834,-1,0,0,0,0,0.9676,1.0000,"avoided",0
7.1052,-1,0,0,0,0,0.9676,1.0000,"avoided",0
7.1253,-1,0,0,0,0,0.9676,1.0000,"avoided",0
7.1487,-1,0,0,0,0,0.9676,1.0000,"avoided",0
7.1695,-1,0,0,0,0,0.9676,1.0000,"avoided",0
7.1941,-1,0,0,0,0,0.9676,1.0000,"avoided",0
7.2131,-1,0,0,0,0,0.9676,1.0000,"avoided",0
7.2388,-1,0,0,0,0,0.9676,1.0000,"avoided",0
7.2596,-1,0,0,0,0,0.9676,1.0000,"avoided",0
7.2829,-1,0,0,0,0,0.9676,1.0000,"avoided",0
7.3056,-1,0,0,0,0,0.9676,1.0000,"avoided",0
7.3256,-1,0,0,0,0,0.9676,1.0000,"avoided",0
7.3496,-1,0,0,0,0,0.9676,1.0000,"avoided",0
7.3702,-1,0,0,0,0,0.9676,0.0000,"avoided",0
7.3937,-1,0,0,0,0,0.9676,0.0000,"avoided",0
7.4139,-1,0,0,0,0,0.9676,0.0000,"avoided",0
7.4348,-1,0,0,0,0,0.9676,0.0000,"avoided",0
7.4580,-1,0,0,0,0,0.9676,0.0000,"avoided",0
7.4809,-1,0,0,0,0,0.9676,0.0000,"avoided",0
7.5019,-1,0,0,0,0,0.9676,0.0000,"avoided",0
7.5253,-1,0,0,0,0,0.9676,0.0000,"avoided",0
7.5475,-1,0,0,0,0,0.9676,0.0000,"avoided",0
7.5686,-1,0,0,0,0,0.9676,0.0000,"avoided",0
7.5937,-1,0,0,0,0,0.9676,0.0000,"avoided",0
7.6141,-1,0,0,0,0,0.9676,0.0000,"avoided",0
7.6350,-1,0,0,0,0,0.9676,0.0000,"avoided",0
7.6561,-1,0,0,0,0,0.9676,0.0000,"avoided",0
7.6784,-1,0,0,0,0,0.9676,0.0000,"avoided",0
7.7007,-1,0,0,0,0,0.9676,0.0000,"avoided",0
7.7219,-1,0,0,0,0,0.9676,0.0000,"avoided",0
7.7425,-1,0,0,0,0,0.9676,0.0000,"avoided",0
7.7658,-1,0,0,0,0,0.9676,0.0000,"avoided",0
7.7870,-1,0,0,0,0,0.9676,0.0000,"avoided",0
7.8132,-1,0,0,1,0,-1.0000,0.0000,,0
7.8369,-1,0,0,1,0,-1.0000,0.0000,,0
7.8571,-1,0,0,1,0,-1.0000,0.0000,,0
7.8779,-1,0,0,1,0,-1.0000,0.0000,,0
7.9003,-1,0,0,1,0,-1.0000,0.0000,,0
7.9219,-1,0,0,1,0,-1.0000,0.0000,,0
7.9455,-1,0,0,1,0,-1.0000,0.0000,,0
7.9671,-1,0,0,1,0,-1.0000,0.0000,,0
7.9920,-1,0,0,1,1,0.1787,2.0000,,0
8.0119,-1,0,0,1,1,0.1787,3.0000,,0
8.0361,-1,0,0,0,0,0.1787,3.0000,"avoided",0
8.0577,-1,0,0,0,0,0.1787,3.0000,"avoided",0
8.0801,-1,0,0,0,0,0.1787,3.0000,"avoided",0
8.1027,-1,0,0,0,0,0.1787,3.0000,"avoided",0
8.1251,-1,0,0,0,0,0.1787,3.0000,"avoided",0
8.1478,-1,0,0,0,0,0.1787,3.0000,"avoided",0
8.1688,-1,0,0,0,0,0.1787,3.0000,"avoided",0
8.1932,-1,0,0,0,0,0.1787,3.0000,"avoided",0
8.2152,-1,0,0,0,0,0.1787,3.0000,"avoided",0
8.2373,-1,0,0,0,0,0.1787,3.0000,"avoided",0
8.2587,-1,0,0,1,0,-1.0000,3.0000,,0
8.2806,-1,0,0,1,0,-1.0000,3.0000,,0
8.3022,-1,0,0,1,0,-1.0000,3.0000,,0
8.3268,-1,0,0,1,0,-1.0000,3.0000,,0
8.3453,-1,0,0,1,0,-1.0000,3.0000,,0
8.3659,-1,0,0,1,0,-1.0000,3.0000,,0
8.3880,-1,0,0,1,0,-1.0000,3.0000,,0
8.4126,-1,0,0,1,0,-1.0000,3.0000,,0
8.4325,-1,0,0,1,0,-1.0000,3.0000,,0
8.4557,-1,0,0,1,0,-1.0000,3.0000,,0
8.4769,-1,0,0,0,0,-1.0000,3.0000,"avoided",0
8.4990,-1,0,0,0,0,-1.0000,3.0000,"avoided",0
8.5197,-1,0,0,0,0,-1.0000,3.0000,"avoided",0
8.5451,-1,0,0,0,0,-1.0000,3.0000,"avoided",0
8.5660,-1,0,0,0,0,-1.0000,3.0000,"avoided",0
8.5857,-1,0,0,0,0,-1.0000,3.0000,"avoided",0
8.6072,-1,0,0,0,0,-1.0000,3.0000,"avoided",0
8.6303,-1,0,0,0,0,-1.0000,3.0000,"avoided",0
8.6521,-1,0,0,0,0,-1.0000,3.0000,"avoided",0
8.6718,-1,0,0,0,0,-1.0000,3.0000,"avoided",0
8.6930,-1,0,0,0,0,-1.0000,3.0000,"avoided",0
8.7129,-1,0,0,0,0,-1.0000,3.0000,"avoided",0
8.7351,-1,0,0,0,0,-1.0000,3.0000,"avoided",0
8.7545,-1,0,0,0,0,-1.0000,3.0000,"avoided",0
8.7767,-1,0,0,0,0,-1.0000,3.0000,"avoided",0
8.7990,-1,0,0,0,0,-1.0000,3.0000,"avoided",0
8.8210,-1,0,0,0,0,-1.0000,3.0000,"avoided",0
8.8411,-1,0,0,0,0,-1.0000,3.0000,"avoided",0
8.8623,-1,0,0,0,0,-1.0000,3.0000,"avoided",0
8.8823,-1,0,0,0,1,-1.0000,4.0000,"avoided",0
8.9025,-1,0,0,0,0,-1.0000,4.0000,"avoided",0
8.9260,-1,0,0,0,0,-1.0000,4.0000,"avoided",0
8.9477,-1,0,0,0,0,-1.0000,4.0000,"avoided",0
8.9698,-1,0,0,0,0,-1.0000,4.0000,"avoided",0
8.9898,-1,0,0,0,0,-1.0000,4.0000,"avoided",0
9.0120,-1,0,0,0,0,-1.0000,1.0000,"avoided",0
9.0332,-1,0,0,0,0,-1.0000,1.0000,"avoided",0
9.0550,-1,0,0,0,0,-1.0000,1.0000,"avoided",0
9.0771,-1,0,0,0,0,-1.0000,1.0000,"avoided",0
9.0983,-1,0,0,0,0,-1.0000,1.0000,"avoided",0
9.1196,-1,0,0,0,0,-1.0000,1.0000,"avoided",0
9.1395,-1,0,0,0,0,-1.0000,1.0000,"avoided",0
9.1609,-1,0,0,0,0,-1.0000,1.0000,"avoided",0
9.1810,-1,0,0,0,0,-1.0000,1.0000,"avoided",0
9.2021,-1,0,0,0,0,-1.0000,1.0000,"avoided",0
9.2238,-1,0,0,0,0,-1.0000,1.0000,"avoided",0
9.2523,-1,0,0,0,0,-1.0000,1.0000,"avoided",0
9.2709,-1,0,0,0,0,-1.0000,1.0000,"avoided",0
9.2889,-1,0,0,0,0,-1.0000,1.0000,"avoided",0
9.3086,-1,0,0,0,0,-1.0000,1.0000,"avoided",0
9.3319,-1,0,0,0,0,-1.0000,1.0000,"avoided",0
9.3528,-1,0,0,0,0,-1.0000,1.0000,"avoided",0
9.3734,-1,0,0,0,0,-1.0000,1.0000,"avoided",0
9.3942,-1,0,0,0,0,-1.0000,1.0000,"avoided",0
9.4153,-1,0,0,0,0,-1.0000,1.0000,"avoided",0
9.4358,-1,0,0,0,0,-1.0000,1.0000,"avoided",0
9.4573,-1,0,0,0,0,-1.0000,1.0000,"avoided",0
9.4773,-1,0,0,0,1,-1.0000,2.0000,"avoided",0
9.4989,-1,0,0,0,0,-1.0000,2.0000,"avoided",0
9.5216,-1,0,0,0,0,-1.0000,2.0000,"avoided",0
9.5416,-1,0,0,0,0,-1.0000,2.0000,"avoided",0
9.5611,-1,0,0,0,0,-1.0000,2.0000,"avoided",0
9.5835,-1,0,0,0,0,-1.0000,2.0000,"avoided",0
9.6055,-1,0,0,0,0,-1.0000,2.0000,"avoided",0
9.6271,-1,0,0,0,0,-1.0000,2.0000,"avoided",0
9.6491,-1,0,0,0,0,-1.0000,2.0000,"avoided",0
9.6684,-1,0,0,0,0,-1.0000,2.0000,"avoided",0
9.6894,-1,0,0,0,0,-1.0000,2.0000,"avoided",0
9.7111,-1,0,0,0,0,-1.0000,2.0000,"avoided",0
9.7360,-1,0,0,0,0,-1.0000,2.0000,"avoided",0
9.7571,-1,0,0,0,0,-1.0000,2.0000,"avoided",0
9.7799,-1,0,0,0,0,-1.0000,2.0000,"avoided",0
9.8030,-1,0,0,0,0,-1.0000,2.0000,"avoided",0
9.8265,-1,0,0,0,0,-1.0000,2.0000,"avoided",0
9.8465,-1,0,0,0,0,-1.0000,2.0000,"avoided",0
9.8697,-1,0,0,0,0,-1.0000,2.0000,"avoided",0
9.8913,-1,0,0,0,0,-1.0000,1.0000,"avoided",0
9.9124,-1,0,0,0,0,-1.0000,1.0000,"avoided",0
9.9324,-1,0,0,0,0,-1.0000,1.0000,"avoided",0
9.9547,-1,0,0,0,0,-1.0000,1.0000,"avoided",0
9.9761,-1,0,0,1,0,-1.0000,1.0000,,0
9.9984,-1,0,0,1,1,0.0223,2.0000,,0
10.0199,-1,0,0,1,0,0.0223,2.0000,,0
10.0391,-1,0,0,1,0,0.0223,2.0000,,0
10.0597,-1,0,0,1,0,0.0223,2.0000,,0
10.0792,-1,0,0,1,0,0.0223,2.0000,,0
10.1012,-1,0,0,1,0,0.0223,2.0000,,0
10.1218,-1,0,0,1,0,0.0223,2.0000,,0
10.1430,-1,0,0,1,0,0.0223,2.0000,,0
10.1651,-1,0,0,1,0,0.0223,2.0000,,0
10.1857,-1,0,0,1,0,0.0223,2.0000,,0
10.2055,-1,0,0,1,0,0.0223,2.0000,,0
10.2262,-1,0,0,1,0,0.0223,2.0000,,0
10.2455,-1,0,0,1,0,0.0223,2.0000,,0
10.2663,-1,0,0,1,0,0.0223,2.0000,,0
10.2870,-1,0,0,1,0,0.0223,2.0000,,0
10.3097,-1,0,0,1,0,0.0223,2.0000,,0
10.3315,-1,0,0,1,0,0.0223,2.0000,,1
10.3771,-1,0,0,1,0,0.0223,2.0000,,1
10.3904,-1,0,0,1,0,0.0223,2.0000,,1
10.4026,-1,0,0,1,0,0.0223,2.0000,,1
10.4237,-1,0,0,1,0,0.0223,2.0000,,1
10.4458,-1,0,0,1,0,0.0223,2.0000,,1
10.4677,-1,0,0,1,0,0.0223,2.0000,,1
10.4889,-1,0,0,1,0,0.0223,1.0000,,1
10.5089,-1,0,0,1,1,0.0223,2.0000,,1
10.5319,-1,0,0,1,0,0.0223,2.0000,,1
10.5531,-1,0,0,1,0,0.0223,2.0000,,1
10.5717,-1,0,0,1,0,0.0223,2.0000,,1
10.5929,-1,0,0,1,0,0.0223,2.0000,,1
10.6139,-1,0,0,0,0,0.0223,2.0000,"avoided",1
10.6343,-1,0,0,0,0,0.0223,2.0000,"avoided",1
10.6574,-1,0,0,0,0,0.0223,2.0000,"avoided",1
10.6789,-1,0,0,0,0,0.0223,2.0000,"avoided",1
10.6998,-1,0,0,0,0,0.0223,2.0000,"avoided",1
10.7210,-1,0,0,0,0,0.0223,2.0000,"avoided",1
10.7416,-1,0,0,0,0,0.0223,2.0000,"avoided",1
10.7637,-1,0,0,0,0,0.0223,2.0000,"avoided",1
10.7858,-1,0,0,0,0,0.0223,2.0000,"avoided",1
10.8040,-1,0,0,0,0,0.0223,2.0000,"avoided",1
10.8243,-1,0,0,0,0,0.0223,2.0000,"avoided",1
10.8463,-1,0,0,0,0,0.0223,2.0000,"avoided",1
10.8667,-1,0,0,0,0,0.0223,2.0000,"avoided",1
10.8870,-1,0,0,0,0,0.0223,2.0000,"avoided",1
10.9096,-1,0,0,0,0,0.0223,2.0000,"avoided",1
10.9308,-1,0,0,0,0,0.0223,2.0000,"avoided",1
10.9515,-1,0,0,0,0,0.0223,2.0000,"avoided",1
10.9699,-1,0,0,0,1,0.0223,4.0000,"avoided",1
10.9904,-1,0,0,0,1,0.0223,5.0000,"avoided",1
11.0073,-1,0,0,0,0,0.0223,4.0000,"avoided",1
11.0385,-1,0,0,0,0,0.0223,4.0000,"avoided",1
11.0585,-1,0,0,0,0,0.0223,4.0000,"avoided",1
11.0793,-1,0,0,0,0,0.0223,4.0000,"avoided",1
11.1013,-1,0,0,0,0,0.0223,4.0000,"avoided",1
11.1223,-1,0,0,0,0,0.0223,4.0000,"avoided",1
11.1428,-1,0,0,0,0,0.0223,4.0000,"avoided",1
11.1646,-1,0,0,0,0,0.0223,4.0000,"avoided",1
11.1853,-1,0,0,0,0,0.0223,4.0000,"avoided",1
11.2050,-1,0,0,0,0,0.0223,4.0000,"avoided",1
11.2245,-1,0,0,0,0,0.0223,4.0000,"avoided",1
11.2455,-1,0,0,0,0,0.0223,4.0000,"avoided",1
11.2663,-1,0,0,0,0,0.0223,4.0000,"avoided",1
11.2887,-1,0,0,0,0,0.0223,4.0000,"avoided",1
11.3097,-1,0,0,0,0,0.0223,4.0000,"avoided",1
11.3307,-1,0,0,0,0,0.0223,4.0000,"avoided",1
11.3536,-1,0,0,0,0,0.0223,4.0000,"avoided",1
11.3750,-1,0,0,0,0,0.0223,4.0000,"avoided",1
11.3929,-1,0,0,0,0,0.0223,4.0000,"avoided",1
11.4143,-1,0,0,0,0,0.0223,4.0000,"avoided",1
11.4349,-1,0,0,0,0,0.0223,4.0000,"avoided",1
11.4554,-1,0,0,0,0,0.0223,4.0000,"avoided",1
11.4756,-1,0,0,0,0,0.0223,4.0000,"avoided",1
11.4979,-1,0,0,0,0,0.0223,4.0000,"avoided",1
11.5183,-1,0,0,0,0,0.0223,3.0000,"avoided",1
11.5384,-1,0,0,0,0,0.0223,3.0000,"avoided",1
11.5587,-1,0,0,0,0,0.0223,3.0000,"avoided",1
11.5795,-1,0,0,0,0,0.0223,3.0000,"avoided",1
11.5997,-1,0,0,0,0,0.0223,3.0000,"avoided",1
11.6193,-1,0,0,0,1,0.0223,5.0000,"avoided",1
11.6420,-1,0,0,0,1,0.0223,6.0000,"avoided",1
11.6635,-1,0,0,1,0,-1.0000,6.0000,,1
11.6817,-1,0,0,1,0,-1.0000,6.0000,,1
11.7059,-1,0,0,1,0,-1.0000,6.0000,,1
11.7239,-1,0,0,1,0,-1.0000,6.0000,,1
11.7455,-1,0,0,1,0,-1.0000,6.0000,,1
11.7661,-1,0,0,1,0,-1.0000,6.0000,,1
11.7869,-1,0,0,1,0,-1.0000,6.0000,,1
11.8088,-1,0,0,1,0,-1.0000,6.0000,,1
11.8301,-1,0,0,1,0,-1.0000,6.0000,,1
11.8485,-1,0,0,1,1,0.1849,7.0000,,1
11.8700,-1,0,0,0,0,0.1849,7.0000,"avoided",1
11.8907,-1,0,0,0,0,0.1849,7.0000,"avoided",1
11.9119,-1,0,0,0,0,0.1849,7.0000,"avoided",1
11.9333,-1,0,0,0,0,0.1849,7.0000,"avoided",1
11.9532,-1,0,0,0,0,0.1849,7.0000,"avoided",1
11.9770,-1,0,0,0,0,0.1849,5.0000,"avoided",1
11.9968,-1,0,0,0,0,0.1849,4.0000,"avoided",1
12.0165,-1,0,0,0,0,0.1849,4.0000,"avoided",1
12.0369,-1,0,0,0,0,0.1849,4.0000,"avoided",1
12.0562,-1,0,0,0,0,0.1849,4.0000,"avoided",1
12.0761,-1,0,0,0,0,0.1849,4.0000,"avoided",1
12.0975,-1,0,0,0,0,0.1849,4.0000,"avoided",1
12.1184,-1,0,0,0,0,0.1849,4.0000,"avoided",1
12.1371,-1,0,0,0,0,0.1849,4.0000,"avoided",1
12.1568,-1,0,0,0,0,0.1849,4.0000,"avoided",1
12.1771,-1,0,0,0,0,0.1849,4.0000,"avoided",1
12.1982,-1,0,0,0,1,0.1849,5.0000,"avoided",1
12.2193,-1,0,0,0,0,0.1849,5.0000,"avoided",1
12.2384,-1,0,0,0,0,0.1849,5.0000,"avoided",1
12.2574,-1,0,0,0,0,0.1849,5.0000,"avoided",1
12.2768,-1,0,0,0,0,0.1849,5.0000,"avoided",1
12.2994,-1,0,0,0,0,0.1849,5.0000,"avoided",1
12.3207,-1,0,0,0,0,0.1849,5.0000,"avoided",1
12.3384,-1,0,0,0,0,0.1849,5.0000,"avoided",1
12.3597,-1,0,0,0,0,0.1849,5.0000,"avoided",1
12.3779,-1,0,0,0,0,0.1849,5.0000,"avoided",1
12.3986,-1,0,0,0,0,0.1849,5.0000,"avoided",1
12.4204,-1,0,0,0,0,0.1849,5.0000,"avoided",1
12.4405,-1,0,0,0,0,0.1849,5.0000,"avoided",1
12.4593,-1,0,0,0,0,0.1849,5.0000,"avoided",1
12.4786,-1,0,0,0,0,0.1849,5.0000,"avoided",1
12.4998,-1,0,0,0,0,0.1849,5.0000,"avoided",1
12.5198,-1,0,0,0,0,0.1849,5.0000,"avoided",1
12.5417,-1,0,0,0,0,0.1849,5.0000,"avoided",1
12.5595,-1,0,0,0,0,0.1849,5.0000,"avoided",1
12.5801,-1,0,0,0,0,0.1849,5.0000,"avoided",1
12.5998,-1,0,0,0,0,0.1849,5.0000,"avoided",1
12.6197,-1,0,0,0,0,0.1849,3.0000,"avoided",1
12.6415,-1,0,0,0,0,0.1849,3.0000,"avoided",1
12.6621,-1,0,0,1,0,-1.0000,2.0000,,1
12.6806,-1,0,0,1,0,-1.0000,2.0000,,1
12.7010,-1,0,0,1,0,-1.0000,2.0000,,1
12.7246,-1,0,0,1,0,-1.0000,2.0000,,1
12.7450,-1,0,0,1,0,-1.0000,2.0000,,1
12.7660,-1,0,0,1,0,-1.0000,2.0000,,1
12.7889,-1,0,0,1,0,-1.0000,2.0000,,1
12.8099,-1,0,0,1,0,-1.0000,2.0000,,1
12.8308,-1,0,0,1,0,-1.0000,2.0000,,1
12.8503,-1,0,0,1,0,-1.0000,1.0000,,1
12.8701,-1,0,0,1,0,-1.0000,1.0000,,1
12.8908,-1,0,0,1,0,-1.0000,1.0000,,1
12.9108,-1,0,0,1,0,-1.0000,1.0000,,1
12.9315,-1,0,0,1,0,-1.0000,1.0000,,1
12.9525,-1,0,0,1,0,-1.0000,1.0000,,1
12.9743,-1,0,0,1,0,-1.0000,1.0000,,1
12.9941,-1,0,0,1,0,-1.0000,1.0000,,1
13.0144,-1,0,0,1,0,-1.0000,1.0000,,1
13.0344,-1,0,0,1,0,-1.0000,1.0000,,1
13.0545,-1,0,0,1,0,-1.0000,1.0000,,1
13.0755,-1,0,0,1,0,-1.0000,1.0000,,1
13.0983,-1,0,0,1,0,-1.0000,1.0000,,1
13.1181,-1,0,0,1,0,-1.0000,1.0000,,1
13.1374,-1,0,0,1,0,-1.0000,1.0000,,1
13.1587,-1,0,0,1,0,-1.0000,1.0000,,1
13.1786,-1,0,0,1,0,-1.0000,1.0000,,1
13.1988,-1,0,0,1,0,-1.0000,0.0000,,1
13.2215,-1,0,0,1,0,-1.0000,0.0000,,1
13.2418,-1,0,0,1,0,-1.0000,0.0000,,1
13.2625,-1,0,0,1,0,-1.0000,0.0000,,1
13.2804,-1,0,0,1,0,-1.0000,0.0000,,1
13.3009,-1,0,0,1,1,0.6388,2.0000,,1
13.3222,-1,0,0,1,1,0.6388,3.0000,,1
13.3425,-1,0,0,1,0,0.6388,3.0000,,1
13.3633,-1,0,0,1,0,0.6388,3.0000,,1
13.3851,-1,0,0,0,0,0.6388,3.0000,"avoided",1
13.4045,-1,0,0,0,0,0.6388,3.0000,"avoided",1
13.4252,-1,0,0,0,0,0.6388,3.0000,"avoided",1
13.4443,-1,0,0,0,0,0.6388,3.0000,"avoided",1
13.4656,-1,0,0,0,0,0.6388,3.0000,"avoided",1
13.4866,-1,0,0,0,0,0.6388,3.0000,"avoided",1
13.5078,-1,0,0,0,0,0.6388,3.0000,"avoided",1
13.5288,-1,0,0,0,0,0.6388,3.0000,"avoided",1
13.5480,-1,0,0,0,0,0.6388,3.0000,"avoided",1
13.5692,-1,0,0,0,0,0.6388,3.0000,"avoided",1
13.5886,-1,0,0,0,0,0.6388,3.0000,"avoided",1
13.6100,-1,0,0,0,0,0.6388,3.0000,"avoided",1
13.6313,-1,0,0,0,0,0.6388,3.0000,"avoided",1
13.6526,-1,0,0,0,0,0.6388,3.0000,"avoided",1
13.6711,-1,0,0,0,0,0.6388,3.0000,"avoided",1
13.6910,-1,0,0,0,0,0.6388,3.0000,"avoided",1
13.7112,-1,0,0,0,0,0.6388,3.0000,"avoided",1
13.7316,-1,0,0,0,0,0.6388,3.0000,"avoided",1
13.7567,-1,0,0,0,0,0.6388,3.0000,"avoided",1
13.7764,-1,0,0,0,0,0.6388,3.0000,"avoided",1
13.7967,-1,0,0,0,0,0.6388,3.0000,"avoided",1
13.8159,-1,0,0,0,0,0.6388,3.0000,"avoided",1
13.8348,-1,0,0,0,0,0.6388,3.0000,"avoided",1
13.8556,-1,0,0,0,0,0.6388,3.0000,"avoided",1
13.8755,-1,0,0,0,0,0.6388,3.0000,"avoided",1
13.8982,-1,0,0,0,0,0.6388,3.0000,"avoided",1
13.9180,-1,0,0,0,0,0.6388,3.0000,"avoided",1
13.9368,-1,0,0,0,0,0.6388,3.0000,"avoided",1
13.9568,-1,0,0,0,1,0.6388,4.0000,"avoided",1
13.9760,-1,0,0,0,0,0.6388,4.0000,"avoided",1
13.9962,-1,0,0,0,0,0.6388,4.0000,"avoided",1
14.0188,-1,0,0,0,0,0.6388,4.0000,"avoided",1
14.0367,-1,0,0,0,0,0.6388,4.0000,"avoided",1
14.0571,-1,0,0,0,0,0.6388,4.0000,"avoided",1
14.0768,-1,0,0,0,0,0.6388,4.0000,"avoided",1
14.0977,-1,0,0,0,0,0.6388,4.0000,"avoided",1
14.1198,-1,0,0,0,0,0.6388,4.0000,"avoided",1
14.1395,-1,0,0,0,0,0.6388,4.0000,"avoided",1
14.1597,-1,0,0,0,0,0.6388,4.0000,"avoided",1
14.1809,-1,0,0,0,0,0.6388,4.0000,"avoided",1
14.2001,-1,0,0,0,1,0.6388,5.0000,"avoided",1
14.2206,-1,0,0,0,0,0.6388,5.0000,"avoided",1
14.2423,-1,0,0,0,0,0.6388,5.0000,"avoided",1
14.2618,-1,0,0,0,0,0.6388,5.0000,"avoided",1
14.2809,-1,0,0,0,0,0.6388,5.0000,"avoided",1
14.3029,-1,0,0,0,0,0.6388,3.0000,"avoided",1
14.3233,-1,0,0,0,0,0.6388,2.0000,"avoided",1
14.3436,-1,0,0,0,0,0.6388,2.0000,"avoided",1
14.3656,-1,0,0,0,0,0.6388,2.0000,"avoided",1
14.3864,-1,0,0,0,0,0.6388,2.0000,"avoided",1
14.4058,-1,0,0,0,0,0.6388,2.0000,"avoided",1
14.4265,-1,0,0,0,0,0.6388,2.0000,"avoided",1
14.4477,-1,0,0,0,0,0.6388,2.0000,"avoided",1
14.4677,-1,0,0,0,0,0.6388,2.0000,"avoided",1
14.4875,-1,0,0,0,0,0.6388,2.0000,"avoided",1
14.5098,-1,0,0,0,0,0.6388,2.0000,"avoided",1
14.5303,-1,0,0,0,0,0.6388,2.0000,"avoided",1
14.5509,-1,0,0,0,0,0.6388,2.0000,"avoided",1
14.5716,-1,0,0,0,0,0.6388,2.0000,"avoided",1
14.5910,-1,0,0,0,0,0.6388,2.0000,"avoided",1
14.6130,-1,0,0,0,0,0.6388,2.0000,"avoided",1
14.6340,-1,0,0,1,1,0.0000,4.0000,,1
14.6532,-1,0,0,1,1,0.0000,5.0000,,1
14.6768,-1,0,0,1,0,0.0000,5.0000,,1
14.6959,-1,0,0,1,0,0.0000,5.0000,,1
14.7165,-1,0,0,1,0,0.0000,5.0000,,1
14.7388,-1,0,0,1,0,0.0000,5.0000,,1
14.7603,-1,0,0,1,0,0.0000,5.0000,,1
14.7833,-1,0,0,1,0,0.0000,5.0000,,1
14.8045,-1,0,0,1,0,0.0000,5.0000,,1
14.8252,-1,0,0,1,0,0.0000,5.0000,,1
14.8459,-1,0,0,1,0,0.0000,5.0000,,1
14.8663,-1,0,0,1,0,0.0000,5.0000,,1
14.8881,-1,0,0,1,0,0.0000,5.0000,,1
14.9109,-1,0,0,1,0,0.0000,5.0000,,1
14.9320,-1,0,0,1,0,0.0000,5.0000,,1
14.9506,-1,0,0,0,0,0.0000,5.0000,"avoided",1
14.9712,-1,0,0,0,0,0.0000,4.0000,"avoided",1
14.9917,-1,0,0,0,0,0.0000,4.0000,"avoided",1
15.0130,-1,0,0,0,0,0.0000,4.0000,"avoided",1
15.0329,-1,0,0,0,0,0.0000,4.0000,"avoided",1
15.0556,-1,0,0,0,0,0.0000,4.0000,"avoided",1
15.0744,-1,0,0,0,0,0.0000,4.0000,"avoided",1
15.0951,-1,0,0,0,0,0.0000,4.0000,"avoided",1
15.1141,-1,0,0,0,0,0.0000,4.0000,"avoided",1
15.1361,-1,0,0,0,0,0.0000,4.0000,"avoided",1
15.1542,-1,0,0,0,0,0.0000,4.0000,"avoided",1
15.1758,-1,0,0,0,0,0.0000,4.0000,"avoided",1
15.1977,-1,0,0,0,0,0.0000,4.0000,"avoided",1
15.2179,-1,0,0,0,1,0.0000,4.0000,"avoided",1
15.2357,-1,0,0,0,0,0.0000,4.0000,"avoided",1
15.2572,-1,0,0,0,0,0.0000,4.0000,"avoided",1
15.2759,-1,0,0,0,0,0.0000,4.0000,"avoided",1
15.2975,-1,0,0,0,0,0.0000,4.0000,"avoided",1
15.3180,-1,0,0,0,0,0.0000,4.0000,"avoided",1
15.3371,-1,0,0,0,0,0.0000,4.0000,"avoided",1
15.3542,-1,0,0,0,0,0.0000,4.0000,"avoided",1
15.3748,-1,0,0,0,0,0.0000,4.0000,"avoided",1
15.3953,-1,0,0,0,0,0.0000,4.0000,"avoided",1
15.4141,-1,0,0,0,0,0.0000,4.0000,"avoided",1
15.4320,-1,0,0,0,0,0.0000,4.0000,"avoided",1
15.4540,-1,0,0,0,0,0.0000,4.0000,"avoided",1
15.4737,-1,0,0,0,0,0.0000,4.0000,"avoided",1
15.4940,-1,0,0,0,0,0.0000,4.0000,"avoided",1
15.5115,-1,0,0,0,0,0.0000,4.0000,"avoided",1
15.5308,-1,0,0,0,0,0.0000,4.0000,"avoided",1
15.5515,-1,0,0,0,0,0.0000,4.0000,"avoided",1
15.5720,-1,0,0,0,0,0.0000,4.0000,"avoided",1
15.5896,-1,0,0,0,0,0.0000,4.0000,"avoided",1
15.6092,-1,0,0,0,0,0.0000,4.0000,"avoided",1
15.6308,-1,0,0,0,0,0.0000,4.0000,"avoided",1
15.6499,-1,0,0,0,0,0.0000,2.0000,"avoided",1
15.6675,-1,0,0,0,0,0.0000,1.0000,"avoided",1
15.6877,-1,0,0,0,0,0.0000,1.0000,"avoided",1
15.7069,-1,0,0,0,0,0.0000,1.0000,"avoided",1
15.7282,-1,0,0,0,0,0.0000,1.0000,"avoided",1
15.7467,-1,0,0,0,0,0.0000,1.0000,"avoided",1
15.7653,-1,0,0,0,0,0.0000,1.0000,"avoided",1
15.7848,-1,0,0,0,0,0.0000,1.0000,"avoided",1
15.8075,-1,0,0,0,0,0.0000,1.0000,"avoided",1
15.8267,-1,0,0,0,0,0.0000,1.0000,"avoided",1
15.8451,-1,0,0,0,0,0.0000,1.0000,"avoided",1
15.8642,-1,0,0,0,0,0.0000,1.0000,"avoided",1
15.8846,-1,0,0,0,0,0.0000,1.0000,"avoided",1
15.9047,-1,0,0,0,0,0.0000,1.0000,"avoided",1
15.9229,-1,0,0,0,0,0.0000,1.0000,"avoided",1
15.9420,-1,0,0,0,0,0.0000,1.0000,"avoided",1
15.9625,-1,0,0,0,0,0.0000,1.0000,"avoided",1
15.9818,-1,0,0,0,0,0.0000,1.0000,"avoided",1
15.9993,-1,0,0,0,0,0.0000,1.0000,"avoided",1
16.0199,-1,0,0,0,0,0.0000,1.0000,"avoided",1
16.0480,-1,0,0,0,0,0.0000,1.0000,"avoided",1
16.0669,-1,0,0,0,0,0.0000,1.0000,"avoided",1
16.0860,-1,0,0,0,0,0.0000,1.0000,"avoided",1
16.1060,-1,0,0,0,0,0.0000,1.0000,"avoided",1
16.1271,-1,0,0,0,0,0.0000,1.0000,"avoided",1
16.1466,-1,0,0,0,0,0.0000,1.0000,"avoided",1
16.1635,-1,0,0,0,0,0.0000,1.0000,"avoided",1
16.1850,-1,0,0,0,0,0.0000,1.0000,"avoided",1
16.2046,-1,0,0,0,0,0.0000,1.0000,"avoided",1
16.2227,-1,0,0,0,0,0.0000,0.0000,"avoided",1
16.2416,-1,0,0,0,0,0.0000,0.0000,"avoided",1
16.2619,-1,0,0,0,0,0.0000,0.0000,"avoided",1
16.2812,-1,0,0,0,0,0.0000,0.0000,"avoided",1
16.2988,-1,0,0,0,0,0.0000,0.0000,"avoided",1
16.3188,-1,0,0,0,0,0.0000,0.0000,"avoided",1
16.3401,-1,0,0,0,0,0.0000,0.0000,"avoided",1
16.3587,-1,0,0,0,0,0.0000,0.0000,"avoided",1
16.3764,-1,0,0,0,0,0.0000,0.0000,"avoided",1
16.3966,-1,0,0,0,0,0.0000,0.0000,"avoided",1
16.4169,-1,0,0,0,0,0.0000,0.0000,"avoided",1
16.4360,-1,0,0,1,0,-1.0000,0.0000,,1
16.4538,-1,0,0,1,0,-1.0000,0.0000,,1
16.4745,-1,0,0,1,0,-1.0000,0.0000,,1
16.4930,-1,0,0,1,0,-1.0000,0.0000,,1
16.5132,-1,0,0,1,0,-1.0000,0.0000,,1
16.5318,-1,0,0,1,0,-1.0000,0.0000,,1
16.5549,-1,0,0,1,0,-1.0000,0.0000,,1
16.5779,-1,0,0,1,0,-1.0000,0.0000,,1
16.5945,-1,0,0,1,0,-1.0000,0.0000,,1
16.6121,-1,0,0,1,0,-1.0000,0.0000,,1
16.6318,-1,0,0,1,0,-1.0000,0.0000,,1
16.6530,-1,0,0,1,0,-1.0000,0.0000,,1
16.6722,-1,0,0,1,0,-1.0000,0.0000,,1
16.6919,-1,0,0,1,0,-1.0000,0.0000,,1
16.7098,-1,0,0,1,0,-1.0000,0.0000,,1
16.7301,-1,0,0,1,0,-1.0000,0.0000,,1
16.7519,-1,0,0,1,0,-1.0000,0.0000,,1
16.7723,-1,0,0,1,0,-1.0000,0.0000,,1
16.7912,-1,0,0,1,0,-1.0000,0.0000,,1
16.8107,-1,0,0,1,0,-1.0000,0.0000,,1
16.8309,-1,0,0,1,0,-1.0000,0.0000,,1
16.8516,-1,0,0,1,0,-1.0000,0.0000,,1
16.8730,-1,0,0,1,0,-1.0000,0.0000,,1
16.8940,-1,0,0,1,0,-1.0000,0.0000,,1
16.9138,-1,0,0,1,0,-1.0000,0.0000,,1
16.9339,-1,0,0,1,0,-1.0000,0.0000,,1
16.9533,-1,0,0,1,0,-1.0000,0.0000,,1
16.9745,-1,0,0,1,0,-1.0000,0.0000,,1
16.9952,-1,0,0,1,0,-1.0000,0.0000,,1
17.0151,-1,0,0,1,0,-1.0000,0.0000,,1
17.0337,-1,0,0,1,0,-1.0000,0.0000,,1
17.0550,-1,0,0,1,0,-1.0000,0.0000,,1
17.0767,-1,0,0,0,0,-1.0000,0.0000,"avoided",1
17.0972,-1,0,0,0,0,-1.0000,0.0000,"avoided",1
17.1170,-1,0,0,0,0,-1.0000,0.0000,"avoided",1
17.1379,-1,0,0,0,0,-1.0000,0.0000,"avoided",1
17.1596,-1,0,0,0,0,-1.0000,0.0000,"avoided",1
17.1774,-1,0,0,0,0,-1.0000,0.0000,"avoided",1
17.1985,-1,0,0,0,0,-1.0000,0.0000,"avoided",1
17.2182,-1,0,0,0,0,-1.0000,0.0000,"avoided",1
17.2422,-1,0,0,0,0,-1.0000,0.0000,"avoided",1
17.2618,-1,0,0,0,0,-1.0000,0.0000,"avoided",1
17.2812,-1,0,0,0,0,-1.0000,0.0000,"avoided",1
17.3004,-1,0,0,0,0,-1.0000,0.0000,"avoided",1
17.3213,-1,0,0,0,0,-1.0000,0.0000,"avoided",1
17.3425,-1,0,0,0,0,-1.0000,0.0000,"avoided",1
17.3643,-1,0,0,0,0,-1.0000,0.0000,"avoided",1
17.3834,-1,0,0,0,0,-1.0000,0.0000,"avoided",1
17.4037,-1,0,0,0,0,-1.0000,0.0000,"avoided",1
17.4212,-1,0,0,0,0,-1.0000,0.0000,"avoided",1
17.4416,-1,0,0,0,0,-1.0000,0.0000,"avoided",1
17.4631,-1,0,0,0,0,-1.0000,0.0000,"avoided",1
17.4818,-1,0,0,0,0,-1.0000,0.0000,"avoided",1
17.5000,-1,0,0,0,0,-1.0000,0.0000,"avoided",1
17.5201,-1,0,0,0,0,-1.0000,0.0000,"avoided",1
17.5404,-1,0,0,0,0,-1.0000,0.0000,"avoided",1
17.5597,-1,0,0,0,0,-1.0000,0.0000,"avoided",1
17.5772,-1,0,0,0,0,-1.0000,0.0000,"avoided",1
17.5969,-1,0,0,0,0,-1.0000,0.0000,"avoided",1
17.6186,-1,0,0,0,0,-1.0000,0.0000,"avoided",1
17.6382,-1,0,0,0,0,-1.0000,0.0000,"avoided",1
17.6567,-1,0,0,0,0,-1.0000,0.0000,"avoided",1
17.6759,-1,0,0,0,0,-1.0000,0.0000,"avoided",1
17.6959,-1,0,0,0,0,-1.0000,0.0000,"avoided",1
17.7163,-1,0,0,0,0,-1.0000,0.0000,"avoided",1
17.7352,-1,0,0,0,0,-1.0000,0.0000,"avoided",1
17.7546,-1,0,0,0,0,-1.0000,0.0000,"avoided",1
17.7750,-1,0,0,0,0,-1.0000,0.0000,"avoided",1
17.7962,-1,0,0,0,0,-1.0000,0.0000,"avoided",1
17.8149,-1,0,0,0,0,-1.0000,0.0000,"avoided",1
17.8337,-1,0,0,0,0,-1.0000,0.0000,"avoided",1
17.8544,-1,0,0,0,0,-1.0000,0.0000,"avoided",1
17.8758,-1,0,0,0,1,-1.0000,2.0000,"avoided",1
17.8942,-1,0,0,0,1,-1.0000,3.0000,"avoided",1
17.9166,-1,0,0,0,0,-1.0000,3.0000,"avoided",1
17.9343,-1,0,0,0,0,-1.0000,3.0000,"avoided",1
17.9547,-1,0,0,0,0,-1.0000,3.0000,"avoided",1
17.9752,-1,0,0,0,0,-1.0000,3.0000,"avoided",1
17.9961,-1,0,0,0,0,-1.0000,3.0000,"avoided",1
18.0172,-1,0,0,0,0,-1.0000,3.0000,"avoided",1
18.0370,-1,0,0,0,0,-1.0000,3.0000,"avoided",1
18.0568,-1,0,0,0,0,-1.0000,3.0000,"avoided",1
18.0766,-1,0,0,0,0,-1.0000,3.0000,"avoided",1
18.0971,-1,0,0,0,0,-1.0000,3.0000,"avoided",1
18.1168,-1,0,0,0,0,-1.0000,3.0000,"avoided",1
18.1350,-1,0,0,0,0,-1.0000,3.0000,"avoided",1
18.1554,-1,0,0,0,0,-1.0000,3.0000,"avoided",1
18.1752,-1,0,0,1,0,-1.0000,3.0000,,1
18.1948,-1,0,0,1,0,-1.0000,3.0000,,1
18.2147,-1,0,0,1,0,-1.0000,3.0000,,1
18.2314,-1,0,0,1,0,-1.0000,3.0000,,1
18.2529,-1,0,0,1,0,-1.0000,3.0000,,1
18.2745,-1,0,0,1,0,-1.0000,3.0000,,1
18.2949,-1,0,0,1,0,-1.0000,3.0000,,1
18.3133,-1,0,0,1,0,-1.0000,3.0000,,1
18.3320,-1,0,0,1,0,-1.0000,3.0000,,1
18.3522,-1,0,0,1,0,-1.0000,3.0000,,1
18.3738,-1,0,0,1,0,-1.0000,3.0000,,1
18.3943,-1,0,0,1,0,-1.0000,3.0000,,1
18.4127,-1,0,0,1,1,0.2376,4.0000,,1
18.4323,-1,0,0,1,0,0.2376,4.0000,,1
18.4523,-1,0,0,1,0,0.2376,4.0000,,1
18.4730,-1,0,0,1,0,0.2376,4.0000,,1
18.4927,-1,0,0,1,0,0.2376,4.0000,,1
18.5106,-1,0,0,1,0,0.2376,4.0000,,1
18.5304,-1,0,0,1,0,0.2376,4.0000,,1
18.5518,-1,0,0,1,0,0.2376,4.0000,,1
18.5728,-1,0,0,1,0,0.2376,4.0000,,1
18.5932,-1,0,0,1,0,0.2376,4.0000,,1
18.6106,-1,0,0,1,0,0.2376,4.0000,,1
18.6315,-1,0,0,1,0,0.2376,4.0000,,1
18.6526,-1,0,0,1,0,0.2376,4.0000,,1
18.6731,-1,0,0,1,0,0.2376,4.0000,,1
18.6928,-1,0,0,1,0,0.2376,4.0000,,1
18.7123,-1,0,0,1,0,0.2376,4.0000,,1
18.7311,-1,0,0,1,0,0.2376,4.0000,,1
18.7528,-1,0,0,1,0,0.2376,4.0000,,1
18.7752,-1,0,0,1,0,0.2376,4.0000,,1
18.7963,-1,0,0,1,0,0.2376,4.0000,,1
18.8182,-1,0,0,1,0,0.2376,4.0000,,1
18.8381,-1,0,0,1,1,0.2376,5.0000,,1
18.8602,-1,0,0,1,1,0.2376,6.0000,"hit",2
18.8997,-1,0,0,1,1,0.2376,4.0000,"hit",2
18.9115,-1,0,0,1,0,0.2376,4.0000,"hit",2
18.9301,-1,0,0,1,0,0.2376,4.0000,"hit",2
18.9518,-1,0,0,1,0,0.2376,4.0000,"hit",2
18.9726,-1,0,0,1,0,0.2376,4.0000,,2
18.9945,-1,0,0,1,0,0.2376,4.0000,,2
19.0162,-1,0,0,1,0,0.2376,4.0000,,2
19.0343,-1,0,0,1,0,0.2376,4.0000,,2
19.0549,-1,0,0,1,0,0.2376,4.0000,,2
19.0754,-1,0,0,1,0,0.2376,4.0000,,2
19.0954,-1,0,0,1,0,0.2376,4.0000,,2
19.1164,-1,0,0,1,0,0.2376,4.0000,,2
19.1363,-1,0,0,1,0,0.2376,4.0000,,2
19.1544,-1,0,0,1,0,0.2376,4.0000,,2
19.1748,-1,0,0,1,0,0.2376,4.0000,,2
19.1959,-1,0,0,1,0,0.2376,4.0000,,2
19.2161,-1,0,0,1,0,0.2376,4.0000,,2
19.2367,-1,0,0,1,0,0.2376,4.0000,,2
19.2549,-1,0,0,1,0,0.2376,4.0000,,2
19.2753,-1,0,0,1,0,0.2376,4.0000,,2
19.2977,-1,0,0,1,0,0.2376,4.0000,,2
19.3172,-1,0,0,1,0,0.2376,4.0000,,2
19.3370,-1,0,0,1,0,0.2376,4.0000,,2
19.3542,-1,0,0,1,0,0.2376,4.0000,,2
19.3755,-1,0,0,1,0,0.2376,4.0000,,2
19.3955,-1,0,0,1,0,0.2376,4.0000,,2
19.4157,-1,0,0,1,0,0.2376,3.0000,,2
19.4334,-1,0,0,1,0,0.2376,3.0000,,2
19.4528,-1,0,0,1,0,0.2376,3.0000,,2
19.4743,-1,0,0,1,0,0.2376,3.0000,,2
19.4942,-1,0,0,1,0,0.2376,3.0000,,2
19.5121,-1,0,0,1,0,0.2376,3.0000,,3
19.5314,-1,0,0,0,0,0.2376,3.0000,"avoided",3
19.5528,-1,0,0,0,0,0.2376,3.0000,"avoided",3
19.5720,-1,0,0,0,0,0.2376,3.0000,"avoided",3
19.5925,-1,0,0,0,0,0.2376,3.0000,"avoided",3
19.6093,-1,0,0,0,0,0.2376,3.0000,"avoided",3
19.6299,-1,0,0,0,0,0.2376,3.0000,"avoided",3
19.6496,-1,0,0,1,0,-1.0000,3.0000,,3
19.6704,-1,0,0,1,0,-1.0000,3.0000,,3
19.6880,-1,0,0,1,0,-1.0000,3.0000,,3
19.7097,-1,0,0,1,0,-1.0000,3.0000,,3
19.7301,-1,0,0,1,0,-1.0000,3.0000,,3
19.7500,-1,0,0,1,0,-1.0000,3.0000,,3
19.7696,-1,0,0,1,0,-1.0000,3.0000,,3
19.7880,-1,0,0,1,0,-1.0000,3.0000,,3
19.8069,-1,0,0,1,0,-1.0000,3.0000,,3
19.8296,-1,0,0,1,0,-1.0000,3.0000,,3
19.8483,-1,0,0,1,0,-1.0000,2.0000,,3
19.8660,-1,0,0,1,0,-1.0000,1.0000,,3
19.8869,-1,0,0,1,0,-1.0000,1.0000,,3
19.9076,-1,0,0,1,0,-1.0000,0.0000,,3
19.9272,-1,0,0,1,0,-1.0000,0.0000,,3
19.9466,-1,0,0,1,0,-1.0000,0.0000,,3
19.9667,-1,0,0,1,0,-1.0000,0.0000,,3
19.9863,-1,0,0,1,0,-1.0000,0.0000,,3
20.0070,-1,0,0,1,0,-1.0000,0.0000,,3
20.0274,-1,0,0,1,0,-1.0000,0.0000,,3
20.0475,-1,0,0,1,0,-1.0000,0.0000,,3
20.0665,-1,0,0,1,0,-1.0000,0.0000,,3
20.0855,-1,0,0,1,1,0.4359,1.0000,,3
20.1063,-1,0,0,1,1,0.4359,3.0000,,3
20.1254,-1,0,0,1,0,0.4359,3.0000,,3
20.1454,-1,0,0,1,0,0.4359,3.0000,,3
20.1653,-1,0,0,1,0,0.4359,3.0000,,3
20.1863,-1,0,0,0,0,0.4359,3.0000,"avoided",3
20.2061,-1,0,0,0,0,0.4359,3.0000,"avoided",3
20.2253,-1,0,0,0,0,0.4359,3.0000,"avoided",3
20.2441,-1,0,0,0,0,0.4359,3.0000,"avoided",3
20.2643,-1,0,0,0,0,0.4359,3.0000,"avoided",3
20.2864,-1,0,0,0,0,0.4359,3.0000,"avoided",3
20.3071,-1,0,0,0,0,0.4359,3.0000,"avoided",3
20.3276,-1,0,0,0,0,0.4359,3.0000,"avoided",3
20.3440,-1,0,0,0,0,0.4359,3.0000,"avoided",3
20.3652,-1,0,0,0,0,0.4359,3.0000,"avoided",3
20.3868,-1,0,0,0,0,0.4359,3.0000,"avoided",3
20.4088,-1,0,0,0,0,0.4359,3.0000,"avoided",3
20.4276,-1,0,0,0,0,0.4359,3.0000,"avoided",3
20.4475,-1,0,0,0,0,0.4359,3.0000,"avoided",3
20.4673,-1,0,0,0,0,0.4359,3.0000,"avoided",3
20.4871,-1,0,0,0,0,0.4359,3.0000,"avoided",3
20.5098,-1,0,0,0,0,0.4359,3.0000,"avoided",3
20.5291,-1,0,0,0,0,0.4359,3.0000,"avoided",3
20.5498,-1,0,0,0,0,0.4359,3.0000,"avoided",3
20.5695,-1,0,0,0,0,0.4359,3.0000,"avoided",3
20.5885,-1,0,0,0,0,0.4359,3.0000,"avoided",3
20.6092,-1,0,0,0,0,0.4359,3.0000,"avoided",3
20.6316,-1,0,0,0,0,0.4359,3.0000,"avoided",3
20.6509,-1,0,0,0,0,0.4359,3.0000,"avoided",3
20.6701,-1,0,0,0,0,0.4359,3.0000,"avoided",3
20.6924,-1,0,0,0,0,0.4359,3.0000,"avoided",3
20.7119,-1,0,0,0,0,0.4359,3.0000,"avoided",3
20.7325,-1,0,0,0,0,0.4359,3.0000,"avoided",3
20.7549,-1,0,0,0,0,0.4359,3.0000,"avoided",3
20.7753,-1,0,0,0,0,0.4359,3.0000,"avoided",3
20.7934,-1,0,0,0,0,0.4359,3.0000,"avoided",3
20.8139,-1,0,0,0,0,0.4359,3.0000,"avoided",3
20.8370,-1,0,0,0,1,0.4359,4.0000,"avoided",3
20.8558,-1,0,0,0,0,0.4359,4.0000,"avoided",3
20.8769,-1,0,0,0,0,0.4359,4.0000,"avoided",3
20.8968,-1,0,0,0,0,0.4359,4.0000,"avoided",3
20.9175,-1,0,0,0,0,0.4359,4.0000,"avoided",3
20.9375,-1,0,0,0,0,0.4359,4.0000,"avoided",3
20.9587,-1,0,0,0,0,0.4359,4.0000,"avoided",3
20.9796,-1,0,0,0,0,0.4359,4.0000,"avoided",3
20.9997,-1,0,0,0,0,0.4359,4.0000,"avoided",3
21.0208,-1,0,0,0,0,0.4359,4.0000,"avoided",3
21.0406,-1,0,0,0,0,0.4359,4.0000,"avoided",3
21.0696,-1,0,0,0,0,0.4359,4.0000,"avoided",3
21.0900,-1,0,0,0,0,0.4359,3.0000,"avoided",3
21.1110,-1,0,0,0,0,0.4359,1.0000,"avoided",3
21.1337,-1,0,0,0,0,0.4359,1.0000,"avoided",3
21.1540,-1,0,0,0,0,0.4359,1.0000,"avoided",3
21.1744,-1,0,0,0,0,0.4359,1.0000,"avoided",3
21.1956,-1,0,0,0,0,0.4359,1.0000,"avoided",3
21.2143,-1,0,0,0,0,0.4359,1.0000,"avoided",3
21.2350,-1,0,0,0,0,0.4359,1.0000,"avoided",3
21.2567,-1,0,0,0,0,0.4359,1.0000,"avoided",3
21.2759,-1,0,0,0,0,0.4359,1.0000,"avoided",3
21.2979,-1,0,0,0,0,0.4359,1.0000,"avoided",3
21.3185,-1,0,0,0,0,0.4359,1.0000,"avoided",3
21.3385,-1,0,0,0,0,0.4359,1.0000,"avoided",3
21.3602,-1,0,0,0,0,0.4359,1.0000,"avoided",3
21.3798,-1,0,0,0,0,0.4359,1.0000,"avoided",3
21.3997,-1,0,0,0,0,0.4359,1.0000,"avoided",3
21.4214,-1,0,0,0,0,0.4359,1.0000,"avoided",3
21.4427,-1,0,0,0,0,0.4359,1.0000,"avoided",3
21.4626,-1,0,0,0,0,0.4359,1.0000,"avoided",3
21.4838,-1,0,0,0,0,0.4359,1.0000,"avoided",3
21.5044,-1,0,0,0,0,0.4359,1.0000,"avoided",3
21.5249,-1,0,0,0,0,0.4359,1.0000,"avoided",3
21.5458,-1,0,0,0,0,0.4359,1.0000,"avoided",3
21.5660,-1,0,0,0,0,0.4359,1.0000,"avoided",3
21.5874,-1,0,0,0,0,0.4359,1.0000,"avoided",3
21.6078,-1,0,0,0,0,0.4359,1.0000,"avoided",3
21.6282,-1,0,0,1,0,-1.0000,1.0000,,3
21.6486,-1,0,0,1,0,-1.0000,1.0000,,3
21.6693,-1,0,0,1,0,-1.0000,1.0000,,3
21.6916,-1,0,0,1,0,-1.0000,1.0000,,3
21.7111,-1,0,0,1,0,-1.0000,1.0000,,3
21.7312,-1,0,0,1,0,-1.0000,1.0000,,3
21.7535,-1,0,0,1,0,-1.0000,1.0000,,3
21.7748,-1,0,0,1,0,-1.0000,1.0000,,3
21.7957,-1,0,0,1,0,-1.0000,1.0000,,3
21.8176,-1,0,0,1,0,-1.0000,1.0000,,3
21.8387,-1,0,0,1,0,-1.0000,0.0000,,3
21.8583,-1,0,0,1,0,-1.0000,0.0000,,3
21.8800,-1,0,0,1,0,-1.0000,0.0000,,3
21.9015,-1,0,0,1,0,-1.0000,0.0000,,3
21.9208,-1,0,0,1,0,-1.0000,0.0000,,3
21.9432,-1,0,0,1,0,-1.0000,0.0000,,3
21.9650,-1,0,0,1,0,-1.0000,0.0000,,3
21.9868,-1,0,0,1,0,-1.0000,0.0000,,3
22.0076,-1,0,0,1,0,-1.0000,0.0000,,3
22.0304,-1,0,0,1,0,-1.0000,0.0000,,3
22.0508,-1,0,0,1,0,-1.0000,0.0000,,3
22.0720,-1,0,0,1,0,-1.0000,0.0000,,3
22.0922,-1,0,0,1,0,-1.0000,0.0000,,3
22.1134,-1,0,0,1,1,0.4852,2.0000,,3
22.1350,-1,0,0,1,1,0.4852,3.0000,,3
22.1559,-1,0,0,0,0,0.4852,3.0000,"avoided",3
22.1764,-1,0,0,0,0,0.4852,3.0000,"avoided",3
22.1977,-1,0,0,0,0,0.4852,3.0000,"avoided",3
22.2186,-1,0,0,0,0,0.4852,3.0000,"avoided",3
22.2397,-1,0,0,0,0,0.4852,3.0000,"avoided",3
22.2607,-1,0,0,0,0,0.4852,3.0000,"avoided",3
22.2817,-1,0,0,0,0,0.4852,3.0000,"avoided",3
22.3033,-1,0,0,0,0,0.4852,3.0000,"avoided",3
22.3245,-1,0,0,0,0,0.4852,3.0000,"avoided",3
22.3444,-1,0,0,0,0,0.4852,3.0000,"avoided",3
22.3668,-1,0,0,0,0,0.4852,3.0000,"avoided",3
22.3878,-1,0,0,0,0,0.4852,3.0000,"avoided",3
22.4075,-1,0,0,0,0,0.4852,3.0000,"avoided",3
22.4281,-1,0,0,0,0,0.4852,3.0000,"avoided",3
22.4492,-1,0,0,0,0,0.4852,3.0000,"avoided",3
22.4688,-1,0,0,0,0,0.4852,3.0000,"avoided",3
22.4885,-1,0,0,0,0,0.4852,3.0000,"avoided",3
22.5093,-1,0,0,0,0,0.4852,3.0000,"avoided",3
22.5302,-1,0,0,0,0,0.4852,3.0000,"avoided",3
22.5497,-1,0,0,0,0,0.4852,3.0000,"avoided",3
22.5697,-1,0,0,0,0,0.4852,3.0000,"avoided",3
22.5909,-1,0,0,0,0,0.4852,3.0000,"avoided",3
22.6109,-1,0,0,0,0,0.4852,3.0000,"avoided",3
22.6319,-1,0,0,0,0,0.4852,3.0000,"avoided",3
22.6532,-1,0,0,0,0,0.4852,3.0000,"avoided",3
22.6729,-1,0,0,0,0,0.4852,3.0000,"avoided",3
22.6944,-1,0,0,0,0,0.4852,3.0000,"avoided",3
22.7143,-1,0,0,0,0,0.4852,3.0000,"avoided",3
22.7366,-1,0,0,0,0,0.4852,3.0000,"avoided",3
22.7586,-1,0,0,0,0,0.4852,3.0000,"avoided",3
22.7785,-1,0,0,0,0,0.4852,3.0000,"avoided",3
22.7998,-1,0,0,0,1,0.4852,5.0000,"avoided",3
22.8199,-1,0,0,0,1,0.4852,6.0000,"avoided",3
22.8413,-1,0,0,0,0,0.4852,6.0000,"avoided",3
22.8612,-1,0,0,0,0,0.4852,6.0000,"avoided",3
22.8832,-1,0,0,0,0,0.4852,6.0000,"avoided",3
22.9030,-1,0,0,0,0,0.4852,6.0000,"avoided",3
22.9244,-1,0,0,0,0,0.4852,6.0000,"avoided",3
22.9441,-1,0,0,0,0,0.4852,6.0000,"avoided",3
22.9655,-1,0,0,0,0,0.4852,6.0000,"avoided",3
22.9865,-1,0,0,0,0,0.4852,6.0000,"avoided",3
23.0075,-1,0,0,0,0,0.4852,6.0000,"avoided",3
23.0288,-1,0,0,0,0,0.4852,6.0000,"avoided",3
23.0497,-1,0,0,0,0,0.4852,6.0000,"avoided",3
23.0710,-1,0,0,0,0,0.4852,6.0000,"avoided",3
23.0916,-1,0,0,0,0,0.4852,6.0000,"avoided",3
23.1117,-1,0,0,0,0,0.4852,6.0000,"avoided",3
23.1317,-1,0,0,0,0,0.4852,4.0000,"avoided",3
23.1526,-1,0,0,0,0,0.4852,3.0000,"avoided",3
23.1732,-1,0,0,0,0,0.4852,3.0000,"avoided",3
23.1945,-1,0,0,0,0,0.4852,3.0000,"avoided",3
23.2144,-1,0,0,0,0,0.4852,3.0000,"avoided",3
23.2349,-1,0,0,0,0,0.4852,3.0000,"avoided",3
23.2545,-1,0,0,0,0,0.4852,3.0000,"avoided",3
23.2762,-1,0,0,0,0,0.4852,3.0000,"avoided",3
23.2974,-1,0,0,0,0,0.4852,3.0000,"avoided",3
23.3198,-1,0,0,0,0,0.4852,3.0000,"avoided",3
23.3405,-1,0,0,0,1,0.4852,4.0000,"avoided",3
23.3611,-1,0,0,0,0,0.4852,4.0000,"avoided",3
23.3820,-1,0,0,0,0,0.4852,4.0000,"avoided",3
23.4028,-1,0,0,0,0,0.4852,4.0000,"avoided",3
23.4230,-1,0,0,0,0,0.4852,4.0000,"avoided",3
23.4441,-1,0,0,0,0,0.4852,4.0000,"avoided",3
23.4645,-1,0,0,0,0,0.4852,4.0000,"avoided",3
23.4852,-1,0,0,0,0,0.4852,4.0000,"avoided",3
23.5058,-1,0,0,0,0,0.4852,4.0000,"avoided",3
23.5275,-1,0,0,0,0,0.4852,4.0000,"avoided",3
23.5470,-1,0,0,0,0,0.4852,4.0000,"avoided",3
23.5681,-1,0,0,0,0,0.4852,4.0000,"avoided",3
23.5887,-1,0,0,0,0,0.4852,4.0000,"avoided",3
23.6093,-1,0,0,0,0,0.4852,4.0000,"avoided",3
23.6300,-1,0,0,0,0,0.4852,4.0000,"avoided",3
23.6513,-1,0,0,0,0,0.4852,4.0000,"avoided",3
23.6713,-1,0,0,0,0,0.4852,4.0000,"avoided",3
23.6932,-1,0,0,0,0,0.4852,4.0000,"avoided",3
23.7126,-1,0,0,0,0,0.4852,4.0000,"avoided",3
23.7344,-1,0,0,0,0,0.4852,4.0000,"avoided",3
23.7540,-1,0,0,0,0,0.4852,4.0000,"avoided",3
23.7757,-1,0,0,0,0,0.4852,4.0000,"avoided",3
23.7969,-1,0,0,0,0,0.4852,4.0000,"avoided",3
23.8174,-1,0,0,0,0,0.4852,2.0000,"avoided",3
23.8388,-1,0,0,0,0,0.4852,1.0000,"avoided",3
23.8594,-1,0,0,0,0,0.4852,1.0000,"avoided",3
23.8801,-1,0,0,0,0,0.4852,1.0000,"avoided",3
23.9000,-1,0,0,0,0,0.4852,1.0000,"avoided",3
23.9206,-1,0,0,0,0,0.4852,1.0000,"avoided",3
23.9417,-1,0,0,0,0,0.4852,1.0000,"avoided",3
23.9617,-1,0,0,0,0,0.4852,1.0000,"avoided",3
23.9829,-1,0,0,0,0,0.4852,1.0000,"avoided",3
24.0037,-1,0,0,0,0,0.4852,1.0000,"avoided",3
24.0258,-1,0,0,0,0,0.4852,1.0000,"avoided",3
24.0447,-1,0,0,0,0,0.4852,1.0000,"avoided",3
24.0671,-1,0,0,0,0,0.4852,1.0000,"avoided",3
24.0863,-1,0,0,0,0,0.4852,1.0000,"avoided",3
24.1075,-1,0,0,0,0,0.4852,1.0000,"avoided",3
24.1285,-1,0,0,0,0,0.4852,1.0000,"avoided",3
24.1488,-1,0,0,0,0,0.4852,1.0000,"avoided",3
24.1705,-1,0,0,0,0,0.4852,1.0000,"avoided",3
24.1933,-1,0,0,0,0,0.4852,1.0000,"avoided",3
24.2131,-1,0,0,0,0,0.4852,1.0000,"avoided",3
24.2337,-1,0,0,0,0,0.4852,1.0000,"avoided",3
24.2537,-1,0,0,0,0,0.4852,1.0000,"avoided",3
24.2756,-1,0,0,0,0,0.4852,1.0000,"avoided",3
24.2973,-1,0,0,0,0,0.4852,1.0000,"avoided",3
24.3177,-1,0,0,0,0,0.4852,1.0000,"avoided",3
24.3396,-1,0,0,0,0,0.4852,1.0000,"avoided",3
24.3628,-1,0,0,0,0,0.4852,0.0000,"avoided",3
24.3852,-1,0,0,0,0,0.4852,0.0000,"avoided",3
24.4054,-1,0,0,0,0,0.4852,0.0000,"avoided",3
24.4256,-1,0,0,0,0,0.4852,0.0000,"avoided",3
24.4477,-1,0,0,0,0,0.4852,0.0000,"avoided",3
24.4686,-1,0,0,0,0,0.4852,0.0000,"avoided",3
24.4884,-1,0,0,0,0,0.4852,0.0000,"avoided",3
24.5106,-1,0,0,0,0,0.4852,0.0000,"avoided",3
24.5310,-1,0,0,0,0,0.4852,0.0000,"avoided",3
24.5518,-1,0,0,0,0,0.4852,0.0000,"avoided",3
24.5721,-1,0,0,0,0,0.4852,0.0000,"avoided",3
24.5941,-1,0,0,0,0,0.4852,0.0000,"avoided",3
24.6141,-1,0,0,0,0,0.4852,0.0000,"avoided",3
24.6354,-1,0,0,0,0,0.4852,0.0000,"avoided",3
24.6567,-1,0,0,0,0,0.4852,0.0000,"avoided",3
24.6772,-1,0,0,0,0,0.4852,0.0000,"avoided",3
24.6981,-1,0,0,0,0,0.4852,0.0000,"avoided",3
24.7190,-1,0,0,0,0,0.4852,0.0000,"avoided",3
24.7398,-1,0,0,0,0,0.4852,0.0000,"avoided",3
24.7603,-1,0,0,0,0,0.4852,0.0000,"avoided",3
24.7805,-1,0,0,0,0,0.4852,0.0000,"avoided",3
24.8022,-1,0,0,0,0,0.4852,0.0000,"avoided",3
24.8243,-1,0,0,0,0,0.4852,0.0000,"avoided",3
24.8450,-1,0,0,0,0,0.4852,0.0000,"avoided",3
24.8661,-1,0,0,0,0,0.4852,0.0000,"avoided",3
24.8855,-1,0,0,0,0,0.4852,0.0000,"avoided",3
24.9076,-1,0,0,0,0,0.4852,0.0000,"avoided",3
24.9278,-1,0,0,0,0,0.4852,0.0000,"avoided",3
24.9496,-1,0,0,0,1,0.4852,2.0000,"avoided",3
24.9699,-1,0,0,1,1,0.0000,3.0000,,3
24.9918,-1,0,0,1,0,0.0000,3.0000,,3
25.0123,-1,0,0,1,0,0.0000,3.0000,,3
25.0340,-1,0,0,1,0,0.0000,3.0000,,3
25.0557,-1,0,0,1,0,0.0000,3.0000,,3
25.0760,-1,0,0,1,0,0.0000,3.0000,,3
25.0986,-1,0,0,1,0,0.0000,3.0000,,3
25.1195,-1,0,0,1,0,0.0000,3.0000,,3
25.1413,-1,0,0,1,0,0.0000,3.0000,,3
25.1627,-1,0,0,1,0,0.0000,3.0000,,3
25.1842,-1,0,0,1,0,0.0000,3.0000,,3
25.2072,-1,0,0,1,0,0.0000,3.0000,,3
25.2283,-1,0,0,1,0,0.0000,3.0000,,3
25.2485,-1,0,0,1,0,0.0000,3.0000,,3
25.2700,-1,0,0,1,0,0.0000,3.0000,,3
25.2910,-1,0,0,1,0,0.0000,3.0000,,3
25.3123,-1,0,0,1,0,0.0000,3.0000,,3
25.3336,-1,0,0,1,0,0.0000,3.0000,,3
25.3546,-1,0,0,1,0,0.0000,3.0000,,3
25.3758,-1,0,0,1,0,0.0000,3.0000,,3
25.3960,-1,0,0,1,0,0.0000,3.0000,,3
25.4171,-1,0,0,1,0,0.0000,3.0000,,3
25.4376,-1,0,0,1,0,0.0000,3.0000,,3
25.4591,-1,0,0,1,0,0.0000,3.0000,,3
25.4795,-1,0,0,1,0,0.0000,3.0000,,3
25.5000,-1,0,0,0,0,0.0000,3.0000,"avoided",3
25.5212,-1,0,0,0,0,0.0000,3.0000,"avoided",3
25.5414,-1,0,0,0,0,0.0000,3.0000,"avoided",3
25.5629,-1,0,0,0,0,0.0000,3.0000,"avoided",3
25.5847,-1,0,0,0,0,0.0000,3.0000,"avoided",3
25.6048,-1,0,0,0,0,0.0000,3.0000,"avoided",3
25.6258,-1,0,0,0,0,0.0000,3.0000,"avoided",3
25.6456,-1,0,0,0,0,0.0000,3.0000,"avoided",3
25.6662,-1,0,0,0,0,0.0000,3.0000,"avoided",3
25.6873,-1,0,0,0,0,0.0000,3.0000,"avoided",3
25.7082,-1,0,0,0,0,0.0000,3.0000,"avoided",3
25.7288,-1,0,0,0,0,0.0000,3.0000,"avoided",3
25.7490,-1,0,0,0,0,0.0000,3.0000,"avoided",3
25.7696,-1,0,0,0,0,0.0000,3.0000,"avoided",3
25.7890,-1,0,0,0,0,0.0000,3.0000,"avoided",3
25.8107,-1,0,0,0,0,0.0000,3.0000,"avoided",3
25.8311,-1,0,0,0,0,0.0000,3.0000,"avoided",3
25.8513,-1,0,0,0,0,0.0000,3.0000,"avoided",3
25.8717,-1,0,0,0,0,0.0000,3.0000,"avoided",3
25.8927,-1,0,0,0,0,0.0000,3.0000,"avoided",3
25.9116,-1,0,0,0,0,0.0000,3.0000,"avoided",3
25.9316,-1,0,0,0,0,0.0000,3.0000,"avoided",3
25.9532,-1,0,0,0,0,0.0000,1.0000,"avoided",3
25.9743,-1,0,0,0,0,0.0000,0.0000,"avoided",3
25.9950,-1,0,0,0,1,0.0000,1.0000,"avoided",3
26.0163,-1,0,0,0,0,0.0000,1.0000,"avoided",3
26.0360,-1,0,0,0,0,0.0000,1.0000,"avoided",3
26.0556,-1,0,0,0,0,0.0000,1.0000,"avoided",3
26.0855,-1,0,0,0,0,0.0000,1.0000,"avoided",3
26.1069,-1,0,0,0,0,0.0000,1.0000,"avoided",3
26.1274,-1,0,0,0,0,0.0000,1.0000,"avoided",3
26.1478,-1,0,0,0,0,0.0000,1.0000,"avoided",3
26.1680,-1,0,0,0,0,0.0000,1.0000,"avoided",3
26.1892,-1,0,0,0,0,0.0000,1.0000,"avoided",3
26.2095,-1,0,0,0,0,0.0000,1.0000,"avoided",3
26.2325,-1,0,0,0,0,0.0000,1.0000,"avoided",3
26.2521,-1,0,0,0,0,0.0000,1.0000,"avoided",3
26.2729,-1,0,0,0,0,0.0000,1.0000,"avoided",3
26.2941,-1,0,0,0,0,0.0000,1.0000,"avoided",3
26.3141,-1,0,0,0,0,0.0000,1.0000,"avoided",3
26.3335,-1,0,0,0,0,0.0000,1.0000,"avoided",3
26.3539,-1,0,0,0,0,0.0000,1.0000,"avoided",3
26.3760,-1,0,0,0,0,0.0000,1.0000,"avoided",3
26.3961,-1,0,0,0,0,0.0000,1.0000,"avoided",3
26.4152,-1,0,0,0,0,0.0000,1.0000,"avoided",3
26.4359,-1,0,0,0,1,0.0000,3.0000,"avoided",3
26.4575,-1,0,0,0,1,0.0000,4.0000,"avoided",3
26.4773,-1,0,0,0,0,0.0000,4.0000,"avoided",3
26.4981,-1,0,0,0,0,0.0000,4.0000,"avoided",3
26.5197,-1,0,0,0,0,0.0000,4.0000,"avoided",3
26.5395,-1,0,0,0,0,0.0000,4.0000,"avoided",3
26.5605,-1,0,0,0,0,0.0000,4.0000,"avoided",3
26.5818,-1,0,0,0,0,0.0000,4.0000,"avoided",3
26.6013,-1,0,0,0,0,0.0000,4.0000,"avoided",3
26.6233,-1,0,0,0,0,0.0000,4.0000,"avoided",3
26.6443,-1,0,0,0,0,0.0000,4.0000,"avoided",3
26.6655,-1,0,0,0,0,0.0000,4.0000,"avoided",3
26.6860,-1,0,0,0,0,0.0000,4.0000,"avoided",3
26.7066,-1,0,0,0,0,0.0000,4.0000,"avoided",3
26.7278,-1,0,0,0,0,0.0000,4.0000,"avoided",3
26.7490,-1,0,0,0,0,0.0000,4.0000,"avoided",3
26.7699,-1,0,0,0,0,0.0000,4.0000,"avoided",3
26.7903,-1,0,0,0,0,0.0000,4.0000,"avoided",3
26.8109,-1,0,0,0,0,0.0000,4.0000,"avoided",3
26.8326,-1,0,0,0,0,0.0000,4.0000,"avoided",3
26.8529,-1,0,0,0,0,0.0000,4.0000,"avoided",3
26.8737,-1,0,0,0,0,0.0000,4.0000,"avoided",3
26.8949,-1,0,0,0,0,0.0000,4.0000,"avoided",3
26.9157,-1,0,0,0,0,0.0000,4.0000,"avoided",3
26.9364,-1,0,0,0,0,0.0000,4.0000,"avoided",3
26.9564,-1,0,0,0,1,0.0000,5.0000,"avoided",3
26.9775,-1,0,0,0,0,0.0000,5.0000,"avoided",3
26.9999,-1,0,0,0,0,0.0000,4.0000,"avoided",3
27.0203,-1,0,0,0,0,0.0000,4.0000,"avoided",3
27.0421,-1,0,0,0,0,0.0000,4.0000,"avoided",3
27.0627,-1,0,0,0,0,0.0000,4.0000,"avoided",3
27.0836,-1,0,0,0,0,0.0000,4.0000,"avoided",3
27.1044,-1,0,0,0,0,0.0000,4.0000,"avoided",3
27.1259,-1,0,0,0,0,0.0000,4.0000,"avoided",3
27.1481,-1,0,0,0,0,0.0000,4.0000,"avoided",3
27.1686,-1,0,0,0,0,0.0000,4.0000,"avoided",3
27.1881,-1,0,0,0,0,0.0000,4.0000,"avoided",3
27.2098,-1,0,0,0,0,0.0000,4.0000,"avoided",3
27.2313,-1,0,0,0,0,0.0000,4.0000,"avoided",3
27.2526,-1,0,0,0,0,0.0000,4.0000,"avoided",3
27.2748,-1,0,0,0,0,0.0000,4.0000,"avoided",3
27.2959,-1,0,0,0,0,0.0000,4.0000,"avoided",3
27.3165,-1,0,0,0,0,0.0000,4.0000,"avoided",3
27.3372,-1,0,0,0,0,0.0000,4.0000,"avoided",3
27.3580,-1,0,0,0,0,0.0000,4.0000,"avoided",3
27.3782,-1,0,0,0,0,0.0000,4.0000,"avoided",3
27.3989,-1,0,0,0,0,0.0000,4.0000,"avoided",3
27.4205,-1,0,0,0,0,0.0000,4.0000,"avoided",3
27.4410,-1,0,0,0,0,0.0000,2.0000,"avoided",3
27.4614,-1,0,0,0,0,0.0000,1.0000,"avoided",3
27.4832,-1,0,0,0,0,0.0000,1.0000,"avoided",3
27.5040,-1,0,0,0,0,0.0000,1.0000,"avoided",3
27.5235,-1,0,0,0,0,0.0000,1.0000,"avoided",3
27.5442,-1,0,0,0,0,0.0000,1.0000,"avoided",3
27.5654,-1,0,0,0,0,0.0000,1.0000,"avoided",3
27.5874,-1,0,0,0,0,0.0000,1.0000,"avoided",3
27.6076,-1,0,0,0,0,0.0000,1.0000,"avoided",3
27.6276,-1,0,0,0,0,0.0000,1.0000,"avoided",3
27.6497,-1,0,0,0,0,0.0000,1.0000,"avoided",3
27.6715,-1,0,0,0,0,0.0000,1.0000,"avoided",3
27.6912,-1,0,0,0,0,0.0000,1.0000,"avoided",3
27.7129,-1,0,0,0,0,0.0000,1.0000,"avoided",3
27.7320,-1,0,0,0,0,0.0000,1.0000,"avoided",3
27.7539,-1,0,0,0,0,0.0000,1.0000,"avoided",3
27.7757,-1,0,0,0,0,0.0000,1.0000,"avoided",3
27.7961,-1,0,0,0,0,0.0000,1.0000,"avoided",3
27.8170,-1,0,0,0,0,0.0000,1.0000,"avoided",3
27.8392,-1,0,0,0,0,0.0000,1.0000,"avoided",3
27.8592,-1,0,0,0,0,0.0000,1.0000,"avoided",3
27.8794,-1,0,0,0,0,0.0000,1.0000,"avoided",3
27.9016,-1,0,0,0,0,0.0000,1.0000,"avoided",3
27.9209,-1,0,0,0,0,0.0000,1.0000,"avoided",3
27.9420,-1,0,0,0,0,0.0000,1.0000,"avoided",3
27.9637,-1,0,0,0,0,0.0000,0.0000,"avoided",3
27.9845,-1,0,0,0,0,0.0000,0.0000,"avoided",3
28.0074,-1,0,0,0,0,0.0000,0.0000,"avoided",3
28.0285,-1,0,0,0,0,0.0000,0.0000,"avoided",3
28.0501,-1,0,0,0,0,0.0000,0.0000,"avoided",3
28.0713,-1,0,0,0,0,0.0000,0.0000,"avoided",3
28.0933,-1,0,0,0,0,0.0000,0.0000,"avoided",3
28.1149,-1,0,0,0,0,0.0000,0.0000,"avoided",3
28.1366,-1,0,0,0,0,0.0000,0.0000,"avoided",3
28.1590,-1,0,0,0,0,0.0000,0.0000,"avoided",3
28.1801,-1,0,0,0,0,0.0000,0.0000,"avoided",3
28.2023,-1,0,0,0,0,0.0000,0.0000,"avoided",3
28.2227,-1,0,0,0,0,0.0000,0.0000,"avoided",3
28.2444,-1,0,0,0,0,0.0000,0.0000,"avoided",3
28.2647,-1,0,0,0,0,0.0000,0.0000,"avoided",3
28.2850,-1,0,0,0,0,0.0000,0.0000,"avoided",3
28.3069,-1,0,0,0,0,0.0000,0.0000,"avoided",3
28.3294,-1,0,0,0,0,0.0000,0.0000,"avoided",3
28.3510,-1,0,0,0,0,0.0000,0.0000,"avoided",3
28.3719,-1,0,0,0,0,0.0000,0.0000,"avoided",3
28.3928,-1,0,0,0,0,0.0000,0.0000,"avoided",3
28.4141,-1,0,0,0,0,0.0000,0.0000,"avoided",3
28.4354,-1,0,0,0,0,0.0000,0.0000,"avoided",3
28.4567,-1,0,0,0,0,0.0000,0.0000,"avoided",3
28.4782,-1,0,0,0,0,0.0000,0.0000,"avoided",3
28.4993,-1,0,0,0,0,0.0000,0.0000,"avoided",3
28.5210,-1,0,0,0,0,0.0000,0.0000,"avoided",3
28.5422,-1,0,0,0,0,0.0000,0.0000,"avoided",3
28.5637,-1,0,0,0,0,0.0000,0.0000,"avoided",3
28.5846,-1,0,0,0,0,0.0000,0.0000,"avoided",3
28.6059,-1,0,0,0,0,0.0000,0.0000,"avoided",3
28.6272,-1,0,0,0,0,0.0000,0.0000,"avoided",3
28.6480,-1,0,0,0,0,0.0000,0.0000,"avoided",3
28.6697,-1,0,0,0,0,0.0000,0.0000,"avoided",3
28.6897,-1,0,0,0,0,0.0000,0.0000,"avoided",3
28.7115,-1,0,0,0,0,0.0000,0.0000,"avoided",3
28.7316,-1,0,0,0,0,0.0000,0.0000,"avoided",3
28.7533,-1,0,0,0,0,0.0000,0.0000,"avoided",3
28.7738,-1,0,0,0,0,0.0000,0.0000,"avoided",3
28.7953,-1,0,0,0,0,0.0000,0.0000,"avoided",3
28.8155,-1,0,0,0,0,0.0000,0.0000,"avoided",3
28.8366,-1,0,0,0,0,0.0000,0.0000,"avoided",3
28.8581,-1,0,0,0,0,0.0000,0.0000,"avoided",3
28.8782,-1,0,0,0,0,0.0000,0.0000,"avoided",3
28.8991,-1,0,0,0,0,0.0000,0.0000,"avoided",3
28.9205,-1,0,0,0,0,0.0000,0.0000,"avoided",3
28.9420,-1,0,0,0,0,0.0000,0.0000,"avoided",3
28.9628,-1,0,0,0,0,0.0000,0.0000,"avoided",3
28.9856,-1,0,0,0,1,0.0000,1.0000,"avoided",3
29.0088,-1,0,0,0,0,0.0000,1.0000,"avoided",3
29.0280,-1,0,0,0,0,0.0000,1.0000,"avoided",3
29.0503,-1,0,0,0,0,0.0000,1.0000,"avoided",3
29.0719,-1,0,0,0,0,0.0000,1.0000,"avoided",3
29.0922,-1,0,0,0,0,0.0000,1.0000,"avoided",3
29.1139,-1,0,0,0,0,0.0000,1.0000,"avoided",3
29.1347,-1,0,0,0,0,0.0000,1.0000,"avoided",3
29.1561,-1,0,0,0,0,0.0000,1.0000,"avoided",3
29.1789,-1,0,0,0,0,0.0000,1.0000,"avoided",3
29.1991,-1,0,0,0,0,0.0000,1.0000,"avoided",3
29.2206,-1,0,0,0,0,0.0000,1.0000,"avoided",3
29.2420,-1,0,0,0,0,0.0000,1.0000,"avoided",3
29.2632,-1,0,0,0,0,0.0000,1.0000,"avoided",3
29.2842,-1,0,0,0,0,0.0000,1.0000,"avoided",3
29.3056,-1,0,0,0,0,0.0000,1.0000,"avoided",3
29.3256,-1,0,0,0,0,0.0000,1.0000,"avoided",3
29.3480,-1,0,0,0,0,0.0000,1.0000,"avoided",3
29.3684,-1,0,0,0,0,0.0000,1.0000,"avoided",3
29.3890,-1,0,0,0,0,0.0000,1.0000,"avoided",3
29.4130,-1,0,0,0,0,0.0000,1.0000,"avoided",3
29.4349,-1,0,0,0,0,0.0000,1.0000,"avoided",3
29.4577,-1,0,0,0,0,0.0000,1.0000,"avoided",3
29.4788,-1,0,0,0,1,0.0000,3.0000,"avoided",3
29.5013,-1,0,0,0,1,0.0000,4.0000,"avoided",3
29.5225,-1,0,0,0,0,0.0000,4.0000,"avoided",3
29.5436,-1,0,0,0,0,0.0000,4.0000,"avoided",3
29.5652,-1,0,0,0,0,0.0000,4.0000,"avoided",3
29.5861,-1,0,0,0,0,0.0000,4.0000,"avoided",3
29.6074,-1,0,0,0,0,0.0000,4.0000,"avoided",3
29.6281,-1,0,0,0,0,0.0000,4.0000,"avoided",3
29.6496,-1,0,0,0,0,0.0000,4.0000,"avoided",3
29.6710,-1,0,0,0,0,0.0000,4.0000,"avoided",3
29.6910,-1,0,0,0,0,0.0000,4.0000,"avoided",3
29.7127,-1,0,0,0,0,0.0000,4.0000,"avoided",3
29.7347,-1,0,0,0,0,0.0000,4.0000,"avoided",3
29.7552,-1,0,0,0,0,0.0000,4.0000,"avoided",3
29.7754,-1,0,0,0,0,0.0000,4.0000,"avoided",3
29.7960,-1,0,0,0,0,0.0000,4.0000,"avoided",3
29.8175,-1,0,0,0,0,0.0000,4.0000,"avoided",3
29.8375,-1,0,0,0,0,0.0000,4.0000,"avoided",3
29.8572,-1,0,0,0,0,0.0000,4.0000,"avoided",3
29.8807,-1,0,0,0,0,0.0000,4.0000,"avoided",3
29.8995,-1,0,0,0,0,0.0000,4.0000,"avoided",3
29.9205,-1,0,0,0,1,0.0000,5.0000,"avoided",3
29.9417,-1,0,0,0,0,0.0000,5.0000,"avoided",3
29.9621,-1,0,0,0,0,0.0000,5.0000,"avoided",3
29.9824,-1,0,0,0,0,0.0000,5.0000,"avoided",3
30.0036,-1,0,0,0,0,0.0000,4.0000,"avoided",3
30.0222,-1,0,0,1,0,-1.0000,4.0000,,3
30.0432,-1,0,0,1,0,-1.0000,4.0000,,3
30.0657,-1,0,0,1,0,-1.0000,4.0000,,3
30.0854,-1,0,0,1,0,-1.0000,4.0000,,3
30.1067,-1,0,0,1,0,-1.0000,4.0000,,3
30.1265,-1,0,0,1,0,-1.0000,4.0000,,3
30.1460,-1,0,0,1,0,-1.0000,4.0000,,3
30.1680,-1,0,0,1,0,-1.0000,4.0000,,3
30.1896,-1,0,0,1,0,-1.0000,4.0000,,3
30.2098,-1,0,0,1,0,-1.0000,4.0000,,3
30.2308,-1,0,0,1,0,-1.0000,4.0000,,3
30.2507,-1,0,0,1,0,-1.0000,4.0000,,3
30.2719,-1,0,0,1,0,-1.0000,4.0000,,3
30.2924,-1,0,0,1,0,-1.0000,4.0000,,3
30.3137,-1,0,0,1,0,-1.0000,4.0000,,3
30.3335,-1,0,0,1,0,-1.0000,4.0000,,3
30.3552,-1,0,0,1,0,-1.0000,4.0000,,3
30.3751,-1,0,0,1,0,-1.0000,4.0000,,3
30.3959,-1,0,0,1,0,-1.0000,4.0000,,3
30.4179,-1,0,0,1,0,-1.0000,4.0000,,3
30.4395,-1,0,0,1,0,-1.0000,4.0000,,3
30.4600,-1,0,0,1,0,-1.0000,4.0000,,3
30.4801,-1,0,0,1,1,0.4579,3.0000,,3
30.5027,-1,0,0,1,1,0.4579,4.0000,,3
30.5224,-1,0,0,1,0,0.4579,4.0000,,3
30.5438,-1,0,0,0,0,0.4579,4.0000,"avoided",3
30.5635,-1,0,0,0,0,0.4579,4.0000,"avoided",3
30.5839,-1,0,0,0,0,0.4579,4.0000,"avoided",3
30.6062,-1,0,0,0,0,0.4579,4.0000,"avoided",3
30.6264,-1,0,0,0,0,0.4579,4.0000,"avoided",3
30.6469,-1,0,0,0,0,0.4579,4.0000,"avoided",3
30.6708,-1,0,0,0,0,0.4579,4.0000,"avoided",3
30.6906,-1,0,0,0,0,0.4579,4.0000,"avoided",3
30.7118,-1,0,0,0,0,0.4579,4.0000,"avoided",3
30.7324,-1,0,0,0,0,0.4579,4.0000,"avoided",3
30.7538,-1,0,0,0,0,0.4579,4.0000,"avoided",3
30.7755,-1,0,0,0,0,0.4579,4.0000,"avoided",3
30.7960,-1,0,0,0,0,0.4579,4.0000,"avoided",3
30.8171,-1,0,0,0,0,0.4579,4.0000,"avoided",3
30.8383,-1,0,0,0,0,0.4579,4.0000,"avoided",3
30.8584,-1,0,0,0,0,0.4579,4.0000,"avoided",3
30.8801,-1,0,0,0,0,0.4579,4.0000,"avoided",3
30.9000,-1,0,0,0,0,0.4579,4.0000,"avoided",3
30.9217,-1,0,0,0,0,0.4579,3.0000,"avoided",3
30.9427,-1,0,0,0,0,0.4579,3.0000,"avoided",3
30.9635,-1,0,0,0,0,0.4579,3.0000,"avoided",3
30.9844,-1,0,0,0,0,0.4579,3.0000,"avoided",3
31.0056,-1,0,0,0,0,0.4579,3.0000,"avoided",3
31.0254,-1,0,0,0,0,0.4579,3.0000,"avoided",3
31.0458,-1,0,0,0,0,0.4579,3.0000,"avoided",3
31.0671,-1,0,0,0,0,0.4579,3.0000,"avoided",3
31.0843,-1,0,0,0,0,0.4579,3.0000,"avoided",3
31.1179,-1,0,0,0,0,0.4579,3.0000,"avoided",3
31.1383,-1,0,0,0,0,0.4579,3.0000,"avoided",3
31.1603,-1,0,0,0,0,0.4579,3.0000,"avoided",3
31.1809,-1,0,0,0,0,0.4579,3.0000,"avoided",3
31.2030,-1,0,0,0,0,0.4579,3.0000,"avoided",3
31.2225,-1,0,0,0,0,0.4579,3.0000,"avoided",3
31.2423,-1,0,0,0,0,0.4579,3.0000,"avoided",3
31.2634,-1,0,0,0,0,0.4579,3.0000,"avoided",3
31.2840,-1,0,0,0,0,0.4579,3.0000,"avoided",3
31.3052,-1,0,0,0,0,0.4579,3.0000,"avoided",3
31.3264,-1,0,0,0,0,0.4579,3.0000,"avoided",3
31.3487,-1,0,0,0,0,0.4579,3.0000,"avoided",3
31.3682,-1,0,0,0,0,0.4579,3.0000,"avoided",3
31.3897,-1,0,0,0,0,0.4579,3.0000,"avoided",3
31.4104,-1,0,0,0,0,0.4579,3.0000,"avoided",3
31.4317,-1,0,0,0,0,0.4579,3.0000,"avoided",3
31.4527,-1,0,0,0,0,0.4579,3.0000,"avoided",3
31.4753,-1,0,0,0,0,0.4579,3.0000,"avoided",3
31.4964,-1,0,0,0,0,0.4579,2.0000,"avoided",3
31.5166,-1,0,0,0,0,0.4579,0.0000,"avoided",3
31.5378,-1,0,0,0,0,0.4579,0.0000,"avoided",3
31.5588,-1,0,0,0,0,0.4579,0.0000,"avoided",3
31.5791,-1,0,0,0,0,0.4579,0.0000,"avoided",3
31.5993,-1,0,0,0,1,0.4579,2.0000,"avoided",3
31.6218,-1,0,0,0,1,0.4579,3.0000,"avoided",3
31.6424,-1,0,0,0,0,0.4579,3.0000,"avoided",3
31.6627,-1,0,0,0,0,0.4579,3.0000,"avoided",3
31.6840,-1,0,0,0,0,0.4579,3.0000,"avoided",3
31.7043,-1,0,0,0,0,0.4579,3.0000,"avoided",3
31.7258,-1,0,0,0,0,0.4579,3.0000,"avoided",3
31.7463,-1,0,0,0,0,0.4579,3.0000,"avoided",3
31.7678,-1,0,0,0,0,0.4579,3.0000,"avoided",3
31.7872,-1,0,0,0,0,0.4579,3.0000,"avoided",3
31.8092,-1,0,0,0,0,0.4579,3.0000,"avoided",3
31.8302,-1,0,0,0,0,0.4579,3.0000,"avoided",3
31.8512,-1,0,0,0,0,0.4579,3.0000,"avoided",3
31.8721,-1,0,0,0,0,0.4579,3.0000,"avoided",3
31.8937,-1,0,0,0,0,0.4579,3.0000,"avoided",3
31.9137,-1,0,0,0,0,0.4579,3.0000,"avoided",3
31.9353,-1,0,0,0,0,0.4579,3.0000,"avoided",3
31.9549,-1,0,0,0,0,0.4579,3.0000,"avoided",3
31.9763,-1,0,0,0,0,0.4579,3.0000,"avoided",3
31.9972,-1,0,0,0,0,0.4579,3.0000,"avoided",3
32.0181,-1,0,0,0,0,0.4579,3.0000,"avoided",3
32.0380,-1,0,0,0,0,0.4579,3.0000,"avoided",3
32.0591,-1,0,0,0,0,0.4579,3.0000,"avoided",3
32.0805,-1,0,0,0,0,0.4579,3.0000,"avoided",3
32.1008,-1,0,0,0,0,0.4579,3.0000,"avoided",3
32.1226,-1,0,0,0,0,0.4579,3.0000,"avoided",3
32.1430,-1,0,0,0,0,0.4579,3.0000,"avoided",3
32.1633,-1,0,0,0,0,0.4579,3.0000,"avoided",3
32.1855,-1,0,0,0,0,0.4579,3.0000,"avoided",3
32.2068,-1,0,0,0,1,0.4579,4.0000,"avoided",3
32.2275,-1,0,0,0,0,0.4579,4.0000,"avoided",3
32.2480,-1,0,0,0,0,0.4579,4.0000,"avoided",3
32.2691,-1,0,0,0,0,0.4579,4.0000,"avoided",3
32.2904,-1,0,0,0,0,0.4579,4.0000,"avoided",3
32.3114,-1,0,0,0,0,0.4579,4.0000,"avoided",3
32.3332,-1,0,0,0,0,0.4579,4.0000,"avoided",3
32.3537,-1,0,0,0,0,0.4579,4.0000,"avoided",3
32.3741,-1,0,0,0,0,0.4579,4.0000,"avoided",3
32.3957,-1,0,0,0,0,0.4579,4.0000,"avoided",3
32.4177,-1,0,0,0,0,0.4579,4.0000,"avoided",3
32.4384,-1,0,0,0,0,0.4579,4.0000,"avoided",3
32.4593,-1,0,0,0,0,0.4579,4.0000,"avoided",3
32.4811,-1,0,0,0,0,0.4579,4.0000,"avoided",3
32.5026,-1,0,0,0,0,0.4579,4.0000,"avoided",3
32.5252,-1,0,0,0,0,0.4579,4.0000,"avoided",3
32.5446,-1,0,0,0,0,0.4579,4.0000,"avoided",3
32.5663,-1,0,0,0,0,0.4579,4.0000,"avoided",3
32.5876,-1,0,0,0,0,0.4579,4.0000,"avoided",3
32.6093,-1,0,0,0,0,0.4579,2.0000,"avoided",3
32.6303,-1,0,0,0,0,0.4579,1.0000,"avoided",3
32.6526,-1,0,0,0,0,0.4579,1.0000,"avoided",3
32.6731,-1,0,0,0,0,0.4579,1.0000,"avoided",3
32.6952,-1,0,0,0,0,0.4579,1.0000,"avoided",3
32.7152,-1,0,0,0,0,0.4579,1.0000,"avoided",3
32.7373,-1,0,0,0,0,0.4579,1.0000,"avoided",3
32.7583,-1,0,0,0,0,0.4579,1.0000,"avoided",3
32.7799,-1,0,0,0,0,0.4579,1.0000,"avoided",3
32.7997,-1,0,0,0,0,0.4579,1.0000,"avoided",3
32.8216,-1,0,0,0,0,0.4579,1.0000,"avoided",3
32.8425,-1,0,0,0,0,0.4579,1.0000,"avoided",3
32.8636,-1,0,0,0,0,0.4579,1.0000,"avoided",3
32.8855,-1,0,0,0,0,0.4579,1.0000,"avoided",3
32.9063,-1,0,0,0,0,0.4579,1.0000,"avoided",3
32.9272,-1,0,0,0,0,0.4579,1.0000,"avoided",3
32.9481,-1,0,0,0,0,0.4579,1.0000,"avoided",3
32.9687,-1,0,0,0,0,0.4579,1.0000,"avoided",3
32.9893,-1,0,0,0,0,0.4579,1.0000,"avoided",3
33.0105,-1,0,0,0,0,0.4579,1.0000,"avoided",3
33.0307,-1,0,0,0,0,0.4579,1.0000,"avoided",3
33.0513,-1,0,0,0,0,0.4579,1.0000,"avoided",3
33.0725,-1,0,0,0,0,0.4579,1.0000,"avoided",3
33.0938,-1,0,0,0,0,0.4579,1.0000,"avoided",3
33.1146,-1,0,0,0,0,0.4579,1.0000,"avoided",3
33.1342,-1,0,0,0,0,0.4579,1.0000,"avoided",3
33.1562,-1,0,0,0,0,0.4579,1.0000,"avoided",3
33.1757,-1,0,0,0,0,0.4579,1.0000,"avoided",3
33.1968,-1,0,0,0,0,0.4579,1.0000,"avoided",3
33.2185,-1,0,0,0,0,0.4579,0.0000,"avoided",3
33.2409,-1,0,0,0,0,0.4579,0.0000,"avoided",3
33.2603,-1,0,0,0,0,0.4579,0.0000,"avoided",3
33.2805,-1,0,0,1,0,-1.0000,0.0000,,3
33.3013,-1,0,0,1,0,-1.0000,0.0000,,3
33.3233,-1,0,0,1,0,-1.0000,0.0000,,3
33.3432,-1,0,0,1,0,-1.0000,0.0000,,3
33.3644,-1,0,0,1,0,-1.0000,0.0000,,3
33.3855,-1,0,0,1,0,-1.0000,0.0000,,3
33.4067,-1,0,0,1,0,-1.0000,0.0000,,3
33.4293,-1,0,0,1,0,-1.0000,0.0000,,3
33.4500,-1,0,0,1,0,-1.0000,0.0000,,3
33.4706,-1,0,0,1,0,-1.0000,0.0000,,3
33.4926,-1,0,0,1,0,-1.0000,0.0000,,3
33.5126,-1,0,0,1,0,-1.0000,0.0000,,3
33.5333,-1,0,0,1,0,-1.0000,0.0000,,3
33.5572,-1,0,0,1,0,-1.0000,0.0000,,3
33.5786,-1,0,0,1,0,-1.0000,0.0000,,3
33.5986,-1,0,0,1,0,-1.0000,0.0000,,3
33.6203,-1,0,0,1,0,-1.0000,0.0000,,3
33.6412,-1,0,0,1,0,-1.0000,0.0000,,3
33.6622,-1,0,0,1,0,-1.0000,0.0000,,3
33.6822,-1,0,0,1,0,-1.0000,0.0000,,3
33.7034,-1,0,0,1,0,-1.0000,0.0000,,3
33.7241,-1,0,0,1,0,-1.0000,0.0000,,3
33.7432,-1,0,0,1,0,-1.0000,0.0000,,3
33.7665,-1,0,0,1,0,-1.0000,0.0000,,3
33.7861,-1,0,0,1,0,-1.0000,0.0000,,3
33.8076,-1,0,0,1,0,-1.0000,0.0000,,3
33.8291,-1,0,0,1,0,-1.0000,0.0000,,3
33.8488,-1,0,0,1,0,-1.0000,0.0000,,3
33.8689,-1,0,0,1,0,-1.0000,0.0000,,3
33.8895,-1,0,0,1,0,-1.0000,0.0000,,3
33.9114,-1,0,0,0,0,-1.0000,0.0000,"avoided",3
33.9318,-1,0,0,0,0,-1.0000,0.0000,"avoided",3
33.9538,-1,0,0,0,0,-1.0000,0.0000,"avoided",3
33.9741,-1,0,0,0,0,-1.0000,0.0000,"avoided",3
33.9946,-1,0,0,0,0,-1.0000,0.0000,"avoided",3
34.0136,-1,0,0,0,0,-1.0000,0.0000,"avoided",3
34.0359,-1,0,0,0,0,-1.0000,0.0000,"avoided",3
34.0561,-1,0,0,0,0,-1.0000,0.0000,"avoided",3
34.0770,-1,0,0,0,0,-1.0000,0.0000,"avoided",3
34.0977,-1,0,0,0,0,-1.0000,0.0000,"avoided",3
34.1187,-1,0,0,0,0,-1.0000,0.0000,"avoided",3
34.1392,-1,0,0,0,0,-1.0000,0.0000,"avoided",3
34.1601,-1,0,0,0,0,-1.0000,0.0000,"avoided",3
34.1803,-1,0,0,0,0,-1.0000,0.0000,"avoided",3
34.2000,-1,0,0,0,0,-1.0000,0.0000,"avoided",3
34.2204,-1,0,0,0,0,-1.0000,0.0000,"avoided",3
34.2409,-1,0,0,0,0,-1.0000,0.0000,"avoided",3
34.2618,-1,0,0,0,0,-1.0000,0.0000,"avoided",3
34.2822,-1,0,0,0,0,-1.0000,0.0000,"avoided",3
34.3028,-1,0,0,0,0,-1.0000,0.0000,"avoided",3
34.3238,-1,0,0,0,0,-1.0000,0.0000,"avoided",3
34.3449,-1,0,0,0,0,-1.0000,0.0000,"avoided",3
34.3649,-1,0,0,0,0,-1.0000,0.0000,"avoided",3
34.3859,-1,0,0,0,0,-1.0000,0.0000,"avoided",3
34.4063,-1,0,0,0,0,-1.0000,0.0000,"avoided",3
34.4268,-1,0,0,0,0,-1.0000,0.0000,"avoided",3
34.4470,-1,0,0,0,0,-1.0000,0.0000,"avoided",3
34.4674,-1,0,0,0,0,-1.0000,0.0000,"avoided",3
34.4879,-1,0,0,0,0,-1.0000,0.0000,"avoided",3
34.5085,-1,0,0,0,0,-1.0000,0.0000,"avoided",3
34.5305,-1,0,0,0,0,-1.0000,0.0000,"avoided",3
34.5510,-1,0,0,0,0,-1.0000,0.0000,"avoided",3
34.5735,-1,0,0,0,0,-1.0000,0.0000,"avoided",3
34.5946,-1,0,0,0,0,-1.0000,0.0000,"avoided",3
34.6156,-1,0,0,0,0,-1.0000,0.0000,"avoided",3
34.6357,-1,0,0,0,0,-1.0000,0.0000,"avoided",3
34.6567,-1,0,0,0,0,-1.0000,0.0000,"avoided",3
34.6772,-1,0,0,0,0,-1.0000,0.0000,"avoided",3
34.6993,-1,0,0,0,0,-1.0000,0.0000,"avoided",3
34.7193,-1,0,0,0,0,-1.0000,0.0000,"avoided",3
34.7415,-1,0,0,0,1,-1.0000,1.0000,"avoided",3
34.7650,-1,0,0,0,1,-1.0000,2.0000,"avoided",3
34.7852,-1,0,0,0,1,-1.0000,3.0000,"avoided",3
34.8061,-1,0,0,0,0,-1.0000,3.0000,"avoided",3
34.8262,-1,0,0,0,0,-1.0000,3.0000,"avoided",3
34.8478,-1,0,0,1,0,-1.0000,3.0000,,3
34.8693,-1,0,0,1,0,-1.0000,3.0000,,3
34.8877,-1,0,0,1,0,-1.0000,3.0000,,3
34.9106,-1,0,0,1,0,-1.0000,3.0000,"hit",4
34.9537,-1,0,0,1,0,-1.0000,3.0000,"hit",4
34.9658,-1,0,0,1,0,-1.0000,3.0000,"hit",4
34.9807,-1,0,0,1,0,-1.0000,3.0000,"hit",4
35.0033,-1,0,0,1,0,-1.0000,3.0000,"hit",4
35.0253,-1,0,0,1,0,-1.0000,3.0000,"hit",4
35.0466,-1,0,0,1,0,-1.0000,3.0000,"hit",4
35.0686,-1,0,0,1,0,-1.0000,3.0000,,4
35.0900,-1,0,0,1,0,-1.0000,3.0000,,4
35.1121,-1,0,0,1,0,-1.0000,3.0000,,4
35.1333,-1,0,0,1,0,-1.0000,3.0000,,4
35.1552,-1,0,0,1,0,-1.0000,3.0000,,4
35.1776,-1,0,0,1,0,-1.0000,3.0000,,4
35.2003,-1,0,0,1,0,-1.0000,3.0000,,4
35.2223,-1,0,0,1,0,-1.0000,3.0000,,4
35.2438,-1,0,0,1,0,-1.0000,3.0000,,4
35.2661,-1,0,0,1,0,-1.0000,3.0000,,4
35.2882,-1,0,0,1,0,-1.0000,3.0000,,4
35.3095,-1,0,0,1,0,-1.0000,3.0000,,4
35.3309,-1,0,0,1,0,-1.0000,3.0000,,4
35.3527,-1,0,0,1,0,-1.0000,3.0000,,4
35.3738,-1,0,0,1,0,-1.0000,3.0000,,4
35.3943,-1,0,0,1,0,-1.0000,3.0000,,4
35.4160,-1,0,0,1,0,-1.0000,3.0000,,4
35.4381,-1,0,0,1,0,-1.0000,3.0000,,4
35.4584,-1,0,0,1,0,-1.0000,3.0000,,4
35.4794,-1,0,0,1,0,-1.0000,3.0000,,4
35.5011,-1,0,0,1,0,-1.0000,3.0000,,4
35.5229,-1,0,0,1,0,-1.0000,3.0000,,4
35.5436,-1,0,0,1,0,-1.0000,3.0000,,4
35.5649,-1,0,0,1,0,-1.0000,3.0000,,4
35.5859,-1,0,0,1,0,-1.0000,3.0000,,4
35.6109,-1,0,0,1,0,-1.0000,3.0000,,4
35.6307,-1,0,0,1,0,-1.0000,3.0000,,4
35.6522,-1,0,0,1,0,-1.0000,3.0000,,4
35.6740,-1,0,0,1,1,0.8262,5.0000,,4
35.6949,-1,0,0,1,1,0.8262,6.0000,,4
35.7165,-1,0,0,1,0,0.8262,6.0000,,5
35.7389,-1,0,0,1,0,0.8262,6.0000,,5
35.7594,-1,0,0,1,0,0.8262,5.0000,,5
35.7816,-1,0,0,1,0,0.8262,4.0000,,5
35.8008,-1,0,0,1,0,0.8262,3.0000,,5
35.8228,-1,0,0,1,0,0.8262,3.0000,,5
35.8451,-1,0,0,1,0,0.8262,3.0000,,5
35.8661,-1,0,0,1,0,0.8262,3.0000,,5
35.8868,-1,0,0,1,0,0.8262,3.0000,,5
35.9071,-1,0,0,1,0,0.8262,3.0000,,5
35.9289,-1,0,0,1,0,0.8262,3.0000,,5
35.9532,-1,0,0,1,0,0.8262,3.0000,,5
35.9730,-1,0,0,1,0,0.8262,3.0000,,5
35.9942,-1,0,0,1,0,0.8262,3.0000,,5
36.0141,-1,0,0,1,0,0.8262,3.0000,,5
36.0350,-1,0,0,1,0,0.8262,3.0000,,5
36.0559,-1,0,0,1,0,0.8262,3.0000,,5
36.0769,-1,0,0,1,0,0.8262,3.0000,,5
36.0977,-1,0,0,1,0,0.8262,3.0000,,5
36.1146,-1,0,0,1,0,0.8262,3.0000,,5
36.1477,-1,0,0,1,0,0.8262,3.0000,,5
36.1687,-1,0,0,1,0,0.8262,3.0000,,5
36.1888,-1,0,0,1,0,0.8262,3.0000,,5
36.2090,-1,0,0,1,0,0.8262,3.0000,,5
36.2315,-1,0,0,1,0,0.8262,3.0000,,5
36.2506,-1,0,0,0,0,0.8262,3.0000,"avoided",5
36.2739,-1,0,0,0,0,0.8262,3.0000,"avoided",5
36.2946,-1,0,0,0,0,0.8262,3.0000,"avoided",5
36.3136,-1,0,0,0,0,0.8262,3.0000,"avoided",5
36.3332,-1,0,0,0,0,0.8262,3.0000,"avoided",5
36.3552,-1,0,0,0,0,0.8262,3.0000,"avoided",5
36.3767,-1,0,0,0,0,0.8262,3.0000,"avoided",5
36.3984,-1,0,0,0,0,0.8262,3.0000,"avoided",5
36.4184,-1,0,0,0,0,0.8262,3.0000,"avoided",5
36.4400,-1,0,0,0,0,0.8262,3.0000,"avoided",5
36.4588,-1,0,0,0,0,0.8262,3.0000,"avoided",5
36.4807,-1,0,0,0,1,0.8262,5.0000,"avoided",5
36.5000,-1,0,0,0,1,0.8262,6.0000,"avoided",5
36.5223,-1,0,0,0,0,0.8262,6.0000,"avoided",5
36.5424,-1,0,0,0,0,0.8262,6.0000,"avoided",5
36.5626,-1,0,0,0,0,0.8262,6.0000,"avoided",5
36.5815,-1,0,0,0,0,0.8262,6.0000,"avoided",5
36.6037,-1,0,0,0,0,0.8262,6.0000,"avoided",5
36.6238,-1,0,0,0,0,0.8262,6.0000,"avoided",5
36.6457,-1,0,0,0,0,0.8262,6.0000,"avoided",5
36.6656,-1,0,0,0,0,0.8262,6.0000,"avoided",5
36.6860,-1,0,0,0,0,0.8262,4.0000,"avoided",5
36.7063,-1,0,0,0,0,0.8262,3.0000,"avoided",5
36.7260,-1,0,0,0,0,0.8262,3.0000,"avoided",5
36.7469,-1,0,0,0,0,0.8262,3.0000,"avoided",5
36.7684,-1,0,0,0,0,0.8262,3.0000,"avoided",5
36.7875,-1,0,0,0,0,0.8262,3.0000,"avoided",5
36.8089,-1,0,0,0,0,0.8262,3.0000,"avoided",5
36.8289,-1,0,0,0,0,0.8262,3.0000,"avoided",5
36.8510,-1,0,0,0,0,0.8262,3.0000,"avoided",5
36.8707,-1,0,0,0,0,0.8262,3.0000,"avoided",5
36.8907,-1,0,0,0,0,0.8262,3.0000,"avoided",5
36.9110,-1,0,0,0,0,0.8262,3.0000,"avoided",5
36.9317,-1,0,0,0,0,0.8262,3.0000,"avoided",5
36.9516,-1,0,0,0,0,0.8262,3.0000,"avoided",5
36.9726,-1,0,0,0,0,0.8262,3.0000,"avoided",5
36.9931,-1,0,0,0,0,0.8262,3.0000,"avoided",5
37.0137,-1,0,0,0,0,0.8262,3.0000,"avoided",5
37.0348,-1,0,0,0,1,0.8262,4.0000,"avoided",5
37.0558,-1,0,0,0,0,0.8262,4.0000,"avoided",5
37.0760,-1,0,0,0,0,0.8262,4.0000,"avoided",5
37.0963,-1,0,0,0,0,0.8262,4.0000,"avoided",5
37.1162,-1,0,0,0,0,0.8262,4.0000,"avoided",5
37.1371,-1,0,0,0,0,0.8262,4.0000,"avoided",5
37.1571,-1,0,0,0,0,0.8262,4.0000,"avoided",5
37.1769,-1,0,0,0,0,0.8262,4.0000,"avoided",5
37.1972,-1,0,0,0,0,0.8262,4.0000,"avoided",5
37.2174,-1,0,0,0,0,0.8262,4.0000,"avoided",5
37.2382,-1,0,0,0,0,0.8262,4.0000,"avoided",5
37.2605,-1,0,0,0,0,0.8262,4.0000,"avoided",5
37.2798,-1,0,0,0,0,0.8262,4.0000,"avoided",5
37.3009,-1,0,0,0,0,0.8262,4.0000,"avoided",5
37.3213,-1,0,0,0,0,0.8262,4.0000,"avoided",5
37.3405,-1,0,0,0,0,0.8262,4.0000,"avoided",5
37.3614,-1,0,0,0,0,0.8262,4.0000,"avoided",5
37.3812,-1,0,0,0,0,0.8262,4.0000,"avoided",5
37.4017,-1,0,0,0,0,0.8262,4.0000,"avoided",5
37.4223,-1,0,0,0,0,0.8262,4.0000,"avoided",5
37.4412,-1,0,0,0,0,0.8262,4.0000,"avoided",5
37.4626,-1,0,0,0,0,0.8262,4.0000,"avoided",5
37.4816,-1,0,0,0,0,0.8262,2.0000,"avoided",5
37.5024,-1,0,0,0,0,0.8262,1.0000,"avoided",5
37.5222,-1,0,0,0,0,0.8262,1.0000,"avoided",5
37.5419,-1,0,0,0,0,0.8262,1.0000,"avoided",5
37.5632,-1,0,0,0,0,0.8262,1.0000,"avoided",5
37.5827,-1,0,0,0,0,0.8262,1.0000,"avoided",5
37.6021,-1,0,0,0,0,0.8262,1.0000,"avoided",5
37.6212,-1,0,0,0,0,0.8262,1.0000,"avoided",5
37.6413,-1,0,0,0,0,0.8262,1.0000,"avoided",5
37.6636,-1,0,0,0,0,0.8262,1.0000,"avoided",5
37.6839,-1,0,0,0,0,0.8262,1.0000,"avoided",5
37.7036,-1,0,0,0,0,0.8262,1.0000,"avoided",5
37.7220,-1,0,0,0,0,0.8262,1.0000,"avoided",5
37.7437,-1,0,0,0,0,0.8262,1.0000,"avoided",5
37.7629,-1,0,0,0,0,0.8262,1.0000,"avoided",5
37.7832,-1,0,0,0,0,0.8262,1.0000,"avoided",5
37.8026,-1,0,0,0,0,0.8262,1.0000,"avoided",5
37.8229,-1,0,0,0,0,0.8262,1.0000,"avoided",5
37.8429,-1,0,0,0,0,0.8262,1.0000,"avoided",5
37.8634,-1,0,0,0,0,0.8262,1.0000,"avoided",5
37.8841,-1,0,0,0,0,0.8262,1.0000,"avoided",5
37.9041,-1,0,0,0,0,0.8262,1.0000,"avoided",5
37.9225,-1,0,0,0,0,0.8262,1.0000,"avoided",5
37.9415,-1,0,0,0,0,0.8262,1.0000,"avoided",5
37.9635,-1,0,0,0,0,0.8262,1.0000,"avoided",5
37.9838,-1,0,0,0,0,0.8262,1.0000,"avoided",5
38.0037,-1,0,0,0,0,0.8262,1.0000,"avoided",5
38.0230,-1,0,0,0,0,0.8262,1.0000,"avoided",5
38.0429,-1,0,0,0,0,0.8262,0.0000,"avoided",5
38.0633,-1,0,0,0,0,0.8262,0.0000,"avoided",5
38.0832,-1,0,0,0,0,0.8262,0.0000,"avoided",5
38.1027,-1,0,0,0,0,0.8262,0.0000,"avoided",5
38.1219,-1,0,0,0,0,0.8262,0.0000,"avoided",5
38.1437,-1,0,0,0,0,0.8262,0.0000,"avoided",5
38.1645,-1,0,0,0,0,0.8262,0.0000,"avoided",5
38.1839,-1,0,0,0,0,0.8262,0.0000,"avoided",5
38.2036,-1,0,0,0,0,0.8262,0.0000,"avoided",5
38.2218,-1,0,0,0,0,0.8262,0.0000,"avoided",5
38.2420,-1,0,0,0,0,0.8262,0.0000,"avoided",5
38.2635,-1,0,0,0,0,0.8262,0.0000,"avoided",5
38.2834,-1,0,0,0,0,0.8262,0.0000,"avoided",5
38.3029,-1,0,0,0,0,0.8262,0.0000,"avoided",5
38.3226,-1,0,0,0,0,0.8262,0.0000,"avoided",5
38.3423,-1,0,0,0,0,0.8262,0.0000,"avoided",5
38.3637,-1,0,0,1,0,-1.0000,0.0000,,5
38.3840,-1,0,0,1,0,-1.0000,0.0000,,5
38.4027,-1,0,0,1,1,0.0390,2.0000,,5
38.4225,-1,0,0,1,1,0.0390,3.0000,,5
38.4435,-1,0,0,1,0,0.0390,3.0000,,5
38.4650,-1,0,0,1,0,0.0390,3.0000,,5
38.4866,-1,0,0,1,0,0.0390,3.0000,,5
38.5070,-1,0,0,1,0,0.0390,3.0000,,5
38.5265,-1,0,0,1,0,0.0390,3.0000,,5
38.5463,-1,0,0,1,0,0.0390,3.0000,,5
38.5671,-1,0,0,1,0,0.0390,3.0000,,5
38.5868,-1,0,0,1,0,0.0390,3.0000,,5
38.6089,-1,0,0,1,0,0.0390,3.0000,,5
38.6285,-1,0,0,1,0,0.0390,3.0000,,5
38.6498,-1,0,0,1,0,0.0390,3.0000,,5
38.6676,-1,0,0,1,0,0.0390,3.0000,,5
38.6886,-1,0,0,1,0,0.0390,3.0000,,5
38.7097,-1,0,0,1,0,0.0390,3.0000,,5
38.7320,-1,0,0,1,0,0.0390,3.0000,,5
38.7513,-1,0,0,1,0,0.0390,3.0000,,5
38.7725,-1,0,0,1,0,0.0390,3.0000,,5
38.7906,-1,0,0,1,0,0.0390,3.0000,,5
38.8120,-1,0,0,1,0,0.0390,3.0000,,5
38.8326,-1,0,0,1,0,0.0390,3.0000,,5
38.8537,-1,0,0,1,0,0.0390,3.0000,,5
38.8742,-1,0,0,0,0,0.0390,3.0000,"avoided",5
38.8940,-1,0,0,0,0,0.0390,3.0000,"avoided",5
38.9128,-1,0,0,0,0,0.0390,3.0000,"avoided",5
38.9337,-1,0,0,0,0,0.0390,3.0000,"avoided",5
38.9542,-1,0,0,0,0,0.0390,3.0000,"avoided",5
38.9766,-1,0,0,0,0,0.0390,3.0000,"avoided",5
38.9976,-1,0,0,0,0,0.0390,3.0000,"avoided",5
39.0176,-1,0,0,0,0,0.0390,3.0000,"avoided",5
39.0374,-1,0,0,0,0,0.0390,3.0000,"avoided",5
39.0558,-1,0,0,0,0,0.0390,3.0000,"avoided",5
39.0756,-1,0,0,0,0,0.0390,3.0000,"avoided",5
39.0968,-1,0,0,0,0,0.0390,3.0000,"avoided",5
39.1159,-1,0,0,0,0,0.0390,3.0000,"avoided",5
39.1357,-1,0,0,0,0,0.0390,3.0000,"avoided",5
39.1571,-1,0,0,0,1,0.0390,4.0000,"avoided",5
39.1762,-1,0,0,0,0,0.0390,4.0000,"avoided",5
39.1987,-1,0,0,0,0,0.0390,4.0000,"avoided",5
39.2189,-1,0,0,0,0,0.0390,4.0000,"avoided",5
39.2395,-1,0,0,0,0,0.0390,4.0000,"avoided",5
39.2598,-1,0,0,0,0,0.0390,4.0000,"avoided",5
39.2815,-1,0,0,0,0,0.0390,4.0000,"avoided",5
39.3015,-1,0,0,0,0,0.0390,4.0000,"avoided",5
39.3226,-1,0,0,0,0,0.0390,4.0000,"avoided",5
39.3441,-1,0,0,0,0,0.0390,4.0000,"avoided",5
39.3657,-1,0,0,0,0,0.0390,4.0000,"avoided",5
39.3871,-1,0,0,0,0,0.0390,4.0000,"avoided",5
39.4087,-1,0,0,0,0,0.0390,2.0000,"avoided",5
39.4298,-1,0,0,0,0,0.0390,1.0000,"avoided",5
39.4512,-1,0,0,0,0,0.0390,1.0000,"avoided",5
39.4728,-1,0,0,0,0,0.0390,1.0000,"avoided",5
39.4941,-1,0,0,0,0,0.0390,1.0000,"avoided",5
39.5168,-1,0,0,0,0,0.0390,1.0000,"avoided",5
39.5386,-1,0,0,0,0,0.0390,1.0000,"avoided",5
39.5608,-1,0,0,0,0,0.0390,1.0000,"avoided",5
39.5845,-1,0,0,0,1,0.0390,3.0000,"avoided",5
39.6077,-1,0,0,0,1,0.0390,4.0000,"avoided",5
39.6294,-1,0,0,1,0,-1.0000,4.0000,,5
39.6565,-1,0,0,1,0,-1.0000,4.0000,,5
39.6785,-1,0,0,1,0,-1.0000,4.0000,,5
39.7032,-1,0,0,1,0,-1.0000,4.0000,,5
39.7276,-1,0,0,1,0,-1.0000,4.0000,,5
39.7530,-1,0,0,1,0,-1.0000,4.0000,,5
39.7771,-1,0,0,1,0,-1.0000,4.0000,,5
39.8006,-1,0,0,1,0,-1.0000,4.0000,,5
39.8243,-1,0,0,1,0,-1.0000,4.0000,,5
39.8498,-1,0,0,1,0,-1.0000,4.0000,,5
39.8729,-1,0,0,1,0,-1.0000,4.0000,,5
39.8964,-1,0,0,1,0,-1.0000,4.0000,,5
39.9214,-1,0,0,1,0,-1.0000,4.0000,,5
39.9462,-1,0,0,1,0,-1.0000,4.0000,,5
39.9700,-1,0,0,1,0,-1.0000,4.0000,,5
39.9959,-1,0,0,1,0,-1.0000,4.0000,,5
40.0203,-1,0,0,1,0,-1.0000,4.0000,,5
40.0446,-1,0,0,1,0,-1.0000,4.0000,,5
40.0696,-1,0,0,1,0,-1.0000,4.0000,,5
40.0940,-1,0,0,1,0,-1.0000,4.0000,,5
40.1190,-1,0,0,1,0,-1.0000,4.0000,,5
40.1439,-1,0,0,1,0,-1.0000,4.0000,,5
40.1690,-1,0,0,1,0,-1.0000,3.0000,,5
40.1943,-1,0,0,1,1,0.5648,4.0000,,5
40.2183,-1,0,0,1,1,0.5648,6.0000,,5
40.2427,-1,0,0,0,0,0.5648,6.0000,"avoided",5
40.2679,-1,0,0,0,0,0.5648,6.0000,"avoided",5
40.2935,-1,0,0,0,0,0.5648,6.0000,"avoided",5
40.3187,-1,0,0,0,0,0.5648,6.0000,"avoided",5
40.3434,-1,0,0,0,0,0.5648,6.0000,"avoided",5
40.3683,-1,0,0,0,0,0.5648,6.0000,"avoided",5
40.3918,-1,0,0,0,0,0.5648,6.0000,"avoided",5
40.4165,-1,0,0,0,0,0.5648,6.0000,"avoided",5
40.4408,-1,0,0,0,0,0.5648,6.0000,"avoided",5
40.4653,-1,0,0,0,1,0.5648,7.0000,"avoided",5
40.4889,-1,0,0,0,0,0.5648,7.0000,"avoided",5
40.5134,-1,0,0,0,0,0.5648,7.0000,"avoided",5
40.5361,-1,0,0,0,0,0.5648,7.0000,"avoided",5
40.5599,-1,0,0,0,0,0.5648,7.0000,"avoided",5
40.5842,-1,0,0,0,0,0.5648,7.0000,"avoided",5
40.6080,-1,0,0,0,0,0.5648,4.0000,"avoided",5
40.6317,-1,0,0,0,0,0.5648,4.0000,"avoided",5
40.6542,-1,0,0,0,0,0.5648,4.0000,"avoided",5
40.6786,-1,0,0,0,0,0.5648,4.0000,"avoided",5
40.7022,-1,0,0,0,0,0.5648,4.0000,"avoided",5
40.7259,-1,0,0,0,0,0.5648,4.0000,"avoided",5
40.7494,-1,0,0,0,0,0.5648,4.0000,"avoided",5
40.7740,-1,0,0,0,0,0.5648,4.0000,"avoided",5
40.7985,-1,0,0,0,0,0.5648,4.0000,"avoided",5
40.8227,-1,0,0,0,0,0.5648,4.0000,"avoided",5
40.8455,-1,0,0,0,0,0.5648,4.0000,"avoided",5
40.8695,-1,0,0,0,0,0.5648,4.0000,"avoided",5
40.8929,-1,0,0,0,0,0.5648,4.0000,"avoided",5
40.9172,-1,0,0,0,0,0.5648,4.0000,"avoided",5
40.9418,-1,0,0,0,1,0.5648,6.0000,"avoided",5
40.9650,-1,0,0,0,1,0.5648,7.0000,"avoided",5
40.9891,-1,0,0,0,0,0.5648,7.0000,"avoided",5
41.0136,-1,0,0,0,0,0.5648,7.0000,"avoided",5
41.0372,-1,0,0,0,0,0.5648,7.0000,"avoided",5
41.0616,-1,0,0,0,0,0.5648,7.0000,"avoided",5
41.0857,-1,0,0,0,0,0.5648,7.0000,"avoided",5
41.1093,-1,0,0,0,0,0.5648,7.0000,"avoided",5
41.1326,-1,0,0,0,0,0.5648,7.0000,"avoided",5
41.1636,-1,0,0,0,0,0.5648,7.0000,"avoided",5
41.1879,-1,0,0,0,0,0.5648,7.0000,"avoided",5
41.2123,-1,0,0,0,0,0.5648,6.0000,"avoided",5
41.2359,-1,0,0,0,0,0.5648,4.0000,"avoided",5
41.2609,-1,0,0,0,0,0.5648,4.0000,"avoided",5
41.2856,-1,0,0,0,0,0.5648,4.0000,"avoided",5
41.3126,-1,0,0,0,0,0.5648,4.0000,"avoided",5
41.3364,-1,0,0,0,0,0.5648,4.0000,"avoided",5
41.3611,-1,0,0,0,0,0.5648,4.0000,"avoided",5
41.3857,-1,0,0,0,0,0.5648,4.0000,"avoided",5
41.4101,-1,0,0,0,0,0.5648,4.0000,"avoided",5
41.4359,-1,0,0,0,1,0.5648,5.0000,"avoided",5
41.4585,-1,0,0,0,0,0.5648,5.0000,"avoided",5
41.4828,-1,0,0,0,0,0.5648,4.0000,"avoided",5
41.5075,-1,0,0,0,0,0.5648,4.0000,"avoided",5
41.5333,-1,0,0,0,0,0.5648,4.0000,"avoided",5
41.5560,-1,0,0,0,0,0.5648,4.0000,"avoided",5
41.5797,-1,0,0,0,0,0.5648,4.0000,"avoided",5
41.6033,-1,0,0,0,0,0.5648,4.0000,"avoided",5
41.6267,-1,0,0,0,0,0.5648,4.0000,"avoided",5
41.6513,-1,0,0,0,0,0.5648,4.0000,"avoided",5
41.6746,-1,0,0,0,0,0.5648,4.0000,"avoided",5
41.6988,-1,0,0,0,0,0.5648,4.0000,"avoided",5
41.7221,-1,0,0,0,0,0.5648,4.0000,"avoided",5
41.7465,-1,0,0,0,0,0.5648,4.0000,"avoided",5
41.7702,-1,0,0,0,0,0.5648,4.0000,"avoided",5
41.7957,-1,0,0,0,0,0.5648,4.0000,"avoided",5
41.8198,-1,0,0,0,0,0.5648,4.0000,"avoided",5
41.8431,-1,0,0,0,0,0.5648,4.0000,"avoided",5
41.8680,-1,0,0,0,0,0.5648,4.0000,"avoided",5
41.8912,-1,0,0,0,0,0.5648,4.0000,"avoided",5
41.9155,-1,0,0,0,0,0.5648,4.0000,"avoided",5
41.9392,-1,0,0,0,0,0.5648,4.0000,"avoided",5
41.9633,-1,0,0,0,0,0.5648,2.0000,"avoided",5
41.9874,-1,0,0,0,0,0.5648,1.0000,"avoided",5
42.0111,-1,0,0,0,0,0.5648,1.0000,"avoided",5
42.0354,-1,0,0,0,0,0.5648,1.0000,"avoided",5
42.0595,-1,0,0,0,0,0.5648,1.0000,"avoided",5
42.0837,-1,0,0,0,0,0.5648,1.0000,"avoided",5
42.1082,-1,0,0,0,0,0.5648,1.0000,"avoided",5
42.1325,-1,0,0,0,0,0.5648,1.0000,"avoided",5
42.1558,-1,0,0,0,0,0.5648,1.0000,"avoided",5
42.1806,-1,0,0,0,0,0.5648,1.0000,"avoided",5
42.2056,-1,0,0,0,0,0.5648,1.0000,"avoided",5
42.2301,-1,0,0,0,0,0.5648,1.0000,"avoided",5
42.2545,-1,0,0,0,0,0.5648,1.0000,"avoided",5
42.2790,-1,0,0,0,0,0.5648,1.0000,"avoided",5
42.3034,-1,0,0,0,0,0.5648,1.0000,"avoided",5
42.3283,-1,0,0,0,0,0.5648,1.0000,"avoided",5
42.3534,-1,0,0,0,0,0.5648,1.0000,"avoided",5
42.3779,-1,0,0,0,0,0.5648,1.0000,"avoided",5
42.4024,-1,0,0,0,0,0.5648,1.0000,"avoided",5
42.4268,-1,0,0,0,0,0.5648,1.0000,"avoided",5
42.4515,-1,0,0,0,0,0.5648,0.0000,"avoided",5
42.4754,-1,0,0,0,0,0.5648,0.0000,"avoided",5
42.5007,-1,0,0,0,0,0.5648,0.0000,"avoided",5
42.5253,-1,0,0,0,0,0.5648,0.0000,"avoided",5
42.5497,-1,0,0,0,0,0.5648,0.0000,"avoided",5
42.5738,-1,0,0,0,0,0.5648,0.0000,"avoided",5
42.5968,-1,0,0,0,0,0.5648,0.0000,"avoided",5
42.6202,-1,0,0,0,0,0.5648,0.0000,"avoided",5
42.6428,-1,0,0,0,0,0.5648,0.0000,"avoided",5
42.6657,-1,0,0,0,0,0.5648,0.0000,"avoided",5
42.6879,-1,0,0,0,0,0.5648,0.0000,"avoided",5
42.7112,-1,0,0,0,0,0.5648,0.0000,"avoided",5
42.7331,-1,0,0,0,0,0.5648,0.0000,"avoided",5
42.7557,-1,0,0,0,0,0.5648,0.0000,"avoided",5
42.7750,-1,0,0,0,0,0.5648,0.0000,"avoided",5
42.7982,-1,0,0,0,0,0.5648,0.0000,"avoided",5
42.8193,-1,0,0,0,0,0.5648,0.0000,"avoided",5
42.8406,-1,0,0,0,0,0.5648,0.0000,"avoided",5
42.8620,-1,0,0,0,0,0.5648,0.0000,"avoided",5
42.8815,-1,0,0,0,0,0.5648,0.0000,"avoided",5
42.9011,-1,0,0,0,0,0.5648,0.0000,"avoided",5
42.9210,-1,0,0,1,0,-1.0000,0.0000,,5
42.9412,-1,0,0,1,0,-1.0000,0.0000,,5
42.9618,-1,0,0,1,0,-1.0000,0.0000,,5
42.9819,-1,0,0,1,0,-1.0000,0.0000,,5
43.0021,-1,0,0,1,0,-1.0000,0.0000,,5
43.0219,-1,0,0,1,0,-1.0000,0.0000,,5
43.0442,-1,0,0,1,0,-1.0000,0.0000,,5
43.0642,-1,0,0,1,1,0.1432,1.0000,,5
43.0842,-1,0,0,1,1,0.1432,2.0000,,5
43.1044,-1,0,0,1,1,0.1432,3.0000,,5
43.1242,-1,0,0,1,0,0.1432,3.0000,,5
43.1446,-1,0,0,1,0,0.1432,3.0000,,5
43.1657,-1,0,0,1,0,0.1432,3.0000,,5
43.1876,-1,0,0,1,0,0.1432,3.0000,,5
43.2088,-1,0,0,1,0,0.1432,3.0000,,5
43.2281,-1,0,0,1,0,0.1432,3.0000,,5
43.2479,-1,0,0,1,0,0.1432,3.0000,,5
43.2666,-1,0,0,1,0,0.1432,3.0000,,5
43.2868,-1,0,0,1,0,0.1432,3.0000,,5
43.3092,-1,0,0,1,0,0.1432,3.0000,,5
43.3293,-1,0,0,1,0,0.1432,3.0000,,5
43.3493,-1,0,0,1,0,0.1432,3.0000,,5
43.3679,-1,0,0,1,0,0.1432,3.0000,,5
43.3884,-1,0,0,1,0,0.1432,3.0000,,5
43.4097,-1,0,0,1,0,0.1432,3.0000,,5
43.4293,-1,0,0,1,0,0.1432,3.0000,,5
43.4497,-1,0,0,0,0,0.1432,3.0000,"avoided",5
43.4683,-1,0,0,0,0,0.1432,3.0000,"avoided",5
43.4880,-1,0,0,0,0,0.1432,3.0000,"avoided",5
43.5090,-1,0,0,0,0,0.1432,3.0000,"avoided",5
43.5299,-1,0,0,0,0,0.1432,3.0000,"avoided",5
43.5515,-1,0,0,0,0,0.1432,3.0000,"avoided",5
43.5707,-1,0,0,0,0,0.1432,3.0000,"avoided",5
43.5889,-1,0,0,0,0,0.1432,3.0000,"avoided",5
43.6094,-1,0,0,0,0,0.1432,3.0000,"avoided",5
43.6313,-1,0,0,0,0,0.1432,3.0000,"avoided",5
43.6507,-1,0,0,0,0,0.1432,3.0000,"avoided",5
43.6712,-1,0,0,0,0,0.1432,3.0000,"avoided",5
43.6899,-1,0,0,0,1,0.1432,4.0000,"avoided",5
43.7099,-1,0,0,0,0,0.1432,4.0000,"avoided",5
43.7305,-1,0,0,0,0,0.1432,4.0000,"avoided",5
43.7501,-1,0,0,0,0,0.1432,4.0000,"avoided",5
43.7699,-1,0,0,0,0,0.1432,4.0000,"avoided",5
43.7885,-1,0,0,0,0,0.1432,4.0000,"avoided",5
43.8085,-1,0,0,0,0,0.1432,4.0000,"avoided",5
43.8295,-1,0,0,0,0,0.1432,4.0000,"avoided",5
43.8493,-1,0,0,0,0,0.1432,4.0000,"avoided",5
43.8681,-1,0,0,0,0,0.1432,4.0000,"avoided",5
43.8880,-1,0,0,0,0,0.1432,4.0000,"avoided",5
43.9099,-1,0,0,0,0,0.1432,4.0000,"avoided",5
43.9296,-1,0,0,0,0,0.1432,4.0000,"avoided",5
43.9491,-1,0,0,0,0,0.1432,4.0000,"avoided",5
43.9670,-1,0,0,0,0,0.1432,4.0000,"avoided",5
43.9869,-1,0,0,0,0,0.1432,4.0000,"avoided",5
44.0074,-1,0,0,0,0,0.1432,4.0000,"avoided",5
44.0277,-1,0,0,0,0,0.1432,4.0000,"avoided",5
44.0469,-1,0,0,0,0,0.1432,4.0000,"avoided",5
44.0674,-1,0,0,0,0,0.1432,3.0000,"avoided",5
44.0872,-1,0,0,0,0,0.1432,2.0000,"avoided",5
44.1069,-1,0,0,0,0,0.1432,1.0000,"avoided",5
44.1268,-1,0,0,0,0,0.1432,1.0000,"avoided",5
44.1443,-1,0,0,0,0,0.1432,1.0000,"avoided",5
44.1647,-1,0,0,0,0,0.1432,1.0000,"avoided",5
44.1855,-1,0,0,0,0,0.1432,1.0000,"avoided",5
44.2061,-1,0,0,0,0,0.1432,1.0000,"avoided",5
44.2268,-1,0,0,0,0,0.1432,1.0000,"avoided",5
44.2481,-1,0,0,0,0,0.1432,1.0000,"avoided",5
44.2662,-1,0,0,0,0,0.1432,1.0000,"avoided",5
44.2868,-1,0,0,0,0,0.1432,1.0000,"avoided",5
44.3087,-1,0,0,0,0,0.1432,1.0000,"avoided",5
44.3277,-1,0,0,0,0,0.1432,1.0000,"avoided",5
44.3470,-1,0,0,0,0,0.1432,1.0000,"avoided",5
44.3661,-1,0,0,0,0,0.1432,1.0000,"avoided",5
44.3861,-1,0,0,0,0,0.1432,1.0000,"avoided",5
44.4068,-1,0,0,0,0,0.1432,1.0000,"avoided",5
44.4268,-1,0,0,0,0,0.1432,1.0000,"avoided",5
44.4449,-1,0,0,0,0,0.1432,1.0000,"avoided",5
44.4657,-1,0,0,0,0,0.1432,1.0000,"avoided",5
44.4860,-1,0,0,0,0,0.1432,1.0000,"avoided",5
44.5058,-1,0,0,0,0,0.1432,1.0000,"avoided",5
44.5247,-1,0,0,0,0,0.1432,1.0000,"avoided",5
44.5432,-1,0,0,0,0,0.1432,1.0000,"avoided",5
44.5647,-1,0,0,0,0,0.1432,1.0000,"avoided",5
44.5853,-1,0,0,0,0,0.1432,1.0000,"avoided",5
44.6039,-1,0,0,0,0,0.1432,1.0000,"avoided",5
44.6226,-1,0,0,0,0,0.1432,1.0000,"avoided",5
44.6438,-1,0,0,0,0,0.1432,1.0000,"avoided",5
44.6661,-1,0,0,0,0,0.1432,1.0000,"avoided",5
44.6860,-1,0,0,0,0,0.1432,1.0000,"avoided",5
44.7074,-1,0,0,0,1,0.1432,1.0000,"avoided",5
44.7290,-1,0,0,0,0,0.1432,1.0000,"avoided",5
44.7497,-1,0,0,0,0,0.1432,1.0000,"avoided",5
44.7667,-1,0,0,0,0,0.1432,1.0000,"avoided",5
44.7886,-1,0,0,0,0,0.1432,1.0000,"avoided",5
44.8109,-1,0,0,0,0,0.1432,1.0000,"avoided",5
44.8311,-1,0,0,0,0,0.1432,1.0000,"avoided",5
44.8527,-1,0,0,0,0,0.1432,1.0000,"avoided",5
44.8725,-1,0,0,0,0,0.1432,1.0000,"avoided",5
44.8942,-1,0,0,0,0,0.1432,1.0000,"avoided",5
44.9120,-1,0,0,0,0,0.1432,1.0000,"avoided",5
44.9325,-1,0,0,0,0,0.1432,1.0000,"avoided",5
44.9549,-1,0,0,0,0,0.1432,1.0000,"avoided",5
44.9775,-1,0,0,0,0,0.1432,1.0000,"avoided",5
44.9982,-1,0,0,0,0,0.1432,1.0000,"avoided",5
45.0190,-1,0,0,0,0,0.1432,1.0000,"avoided",5
45.0396,-1,0,0,0,0,0.1432,1.0000,"avoided",5
45.0578,-1,0,0,0,0,0.1432,1.0000,"avoided",5
45.0809,-1,0,0,0,0,0.1432,1.0000,"avoided",5
45.1006,-1,0,0,0,0,0.1432,1.0000,"avoided",5
45.1213,-1,0,0,0,0,0.1432,1.0000,"avoided",5
45.1430,-1,0,0,0,0,0.1432,1.0000,"avoided",5
45.1632,-1,0,0,0,0,0.1432,1.0000,"avoided",5
45.1821,-1,0,0,0,0,0.1432,1.0000,"avoided",5
45.2015,-1,0,0,0,0,0.1432,1.0000,"avoided",5
45.2214,-1,0,0,0,0,0.1432,1.0000,"avoided",5
45.2427,-1,0,0,0,0,0.1432,1.0000,"avoided",5
45.2637,-1,0,0,0,0,0.1432,1.0000,"avoided",5
45.2847,-1,0,0,0,0,0.1432,1.0000,"avoided",5
45.3051,-1,0,0,0,0,0.1432,1.0000,"avoided",5
45.3258,-1,0,0,0,0,0.1432,1.0000,"avoided",5
45.3457,-1,0,0,0,0,0.1432,1.0000,"avoided",5
45.3663,-1,0,0,0,0,0.1432,1.0000,"avoided",5
45.3858,-1,0,0,0,0,0.1432,1.0000,"avoided",5
45.4066,-1,0,0,0,0,0.1432,1.0000,"avoided",5
45.4263,-1,0,0,0,0,0.1432,1.0000,"avoided",5
45.4473,-1,0,0,0,0,0.1432,1.0000,"avoided",5
45.4666,-1,0,0,0,0,0.1432,1.0000,"avoided",5
45.4869,-1,0,0,0,0,0.1432,1.0000,"avoided",5
45.5063,-1,0,0,0,0,0.1432,1.0000,"avoided",5
45.5273,-1,0,0,0,0,0.1432,1.0000,"avoided",5
45.5476,-1,0,0,0,0,0.1432,1.0000,"avoided",5
45.5673,-1,0,0,0,0,0.1432,1.0000,"avoided",5
45.5869,-1,0,0,0,0,0.1432,1.0000,"avoided",5
45.6071,-1,0,0,0,0,0.1432,1.0000,"avoided",5
45.6275,-1,0,0,1,0,-1.0000,1.0000,,5
45.6475,-1,0,0,1,0,-1.0000,1.0000,,5
45.6674,-1,0,0,1,0,-1.0000,1.0000,,5
45.6878,-1,0,0,1,0,-1.0000,1.0000,,5
45.7074,-1,0,0,1,0,-1.0000,0.0000,,5
45.7288,-1,0,0,1,0,-1.0000,0.0000,,5
45.7482,-1,0,0,1,0,-1.0000,0.0000,,5
45.7696,-1,0,0,1,0,-1.0000,0.0000,,5
45.7899,-1,0,0,1,0,-1.0000,0.0000,,5
45.8099,-1,0,0,1,0,-1.0000,0.0000,,5
45.8302,-1,0,0,1,0,-1.0000,0.0000,,5
45.8511,-1,0,0,1,0,-1.0000,0.0000,,5
45.8713,-1,0,0,1,0,-1.0000,0.0000,,5
45.8918,-1,0,0,1,0,-1.0000,0.0000,,5
45.9130,-1,0,0,1,0,-1.0000,0.0000,,5
45.9343,-1,0,0,1,0,-1.0000,0.0000,,5
45.9536,-1,0,0,1,0,-1.0000,0.0000,,5
45.9743,-1,0,0,1,0,-1.0000,0.0000,,5
45.9946,-1,0,0,1,0,-1.0000,0.0000,,5
46.0155,-1,0,0,1,0,-1.0000,0.0000,,5
46.0371,-1,0,0,1,0,-1.0000,0.0000,,5
46.0580,-1,0,0,1,0,-1.0000,0.0000,,5
46.0797,-1,0,0,1,0,-1.0000,0.0000,,5
46.1003,-1,0,0,1,1,0.4729,1.0000,,5
46.1213,-1,0,0,1,1,0.4729,2.0000,,5
46.1437,-1,0,0,0,1,0.4729,3.0000,"avoided",5
46.1689,-1,0,0,0,0,0.4729,3.0000,"avoided",5
46.1899,-1,0,0,0,0,0.4729,3.0000,"avoided",5
46.2129,-1,0,0,0,0,0.4729,3.0000,"avoided",5
46.2334,-1,0,0,0,0,0.4729,3.0000,"avoided",5
46.2557,-1,0,0,0,0,0.4729,3.0000,"avoided",5
46.2768,-1,0,0,0,0,0.4729,3.0000,"avoided",5
46.2989,-1,0,0,0,0,0.4729,3.0000,"avoided",5
46.3183,-1,0,0,0,0,0.4729,3.0000,"avoided",5
46.3405,-1,0,0,0,0,0.4729,3.0000,"avoided",5
46.3590,-1,0,0,0,0,0.4729,3.0000,"avoided",5
46.3816,-1,0,0,0,0,0.4729,3.0000,"avoided",5
46.4018,-1,0,0,0,0,0.4729,3.0000,"avoided",5
46.4213,-1,0,0,0,0,0.4729,3.0000,"avoided",5
46.4434,-1,0,0,0,0,0.4729,3.0000,"avoided",5
46.4649,-1,0,0,0,0,0.4729,3.0000,"avoided",5
46.4857,-1,0,0,0,0,0.4729,3.0000,"avoided",5
46.5070,-1,0,0,0,0,0.4729,3.0000,"avoided",5
46.5272,-1,0,0,0,0,0.4729,3.0000,"avoided",5
46.5484,-1,0,0,0,1,0.4729,4.0000,"avoided",5
46.5689,-1,0,0,0,0,0.4729,4.0000,"avoided",5
46.5903,-1,0,0,0,0,0.4729,4.0000,"avoided",5
46.6105,-1,0,0,0,0,0.4729,4.0000,"avoided",5
46.6312,-1,0,0,0,0,0.4729,4.0000,"avoided",5
46.6525,-1,0,0,0,0,0.4729,4.0000,"avoided",5
46.6738,-1,0,0,0,0,0.4729,4.0000,"avoided",5
46.6948,-1,0,0,0,0,0.4729,4.0000,"avoided",5
46.7154,-1,0,0,0,0,0.4729,4.0000,"avoided",5
46.7368,-1,0,0,0,0,0.4729,4.0000,"avoided",5
46.7574,-1,0,0,0,0,0.4729,4.0000,"avoided",5
46.7785,-1,0,0,0,0,0.4729,4.0000,"avoided",5
46.8011,-1,0,0,0,0,0.4729,4.0000,"avoided",5
46.8220,-1,0,0,0,0,0.4729,4.0000,"avoided",5
46.8435,-1,0,0,0,0,0.4729,4.0000,"avoided",5
46.8651,-1,0,0,0,0,0.4729,4.0000,"avoided",5
46.8860,-1,0,0,0,0,0.4729,4.0000,"avoided",5
46.9081,-1,0,0,0,0,0.4729,4.0000,"avoided",5
46.9279,-1,0,0,0,0,0.4729,4.0000,"avoided",5
46.9490,-1,0,0,0,0,0.4729,4.0000,"avoided",5
46.9693,-1,0,0,0,0,0.4729,4.0000,"avoided",5
46.9916,-1,0,0,0,0,0.4729,4.0000,"avoided",5
47.0122,-1,0,0,0,0,0.4729,4.0000,"avoided",5
47.0342,-1,0,0,0,0,0.4729,4.0000,"avoided",5
47.0558,-1,0,0,0,0,0.4729,4.0000,"avoided",5
47.0779,-1,0,0,0,0,0.4729,4.0000,"avoided",5
47.1000,-1,0,0,0,0,0.4729,4.0000,"avoided",5
47.1207,-1,0,0,0,0,0.4729,3.0000,"avoided",5
47.1416,-1,0,0,0,0,0.4729,2.0000,"avoided",5
47.1629,-1,0,0,0,0,0.4729,1.0000,"avoided",5
47.1836,-1,0,0,0,0,0.4729,1.0000,"avoided",6
47.2048,-1,0,0,0,0,0.4729,1.0000,"avoided",6
47.2264,-1,0,0,0,0,0.4729,1.0000,"avoided",6
47.2472,-1,0,0,0,0,0.4729,1.0000,"avoided",6
47.2712,-1,0,0,0,0,0.4729,1.0000,"avoided",6
47.2925,-1,0,0,0,0,0.4729,1.0000,"avoided",6
47.3144,-1,0,0,0,0,0.4729,1.0000,"avoided",6
47.3354,-1,0,0,0,0,0.4729,1.0000,"avoided",6
47.3567,-1,0,0,0,0,0.4729,1.0000,"avoided",6
47.3773,-1,0,0,0,1,0.4729,2.0000,"avoided",6
47.3984,-1,0,0,0,0,0.4729,2.0000,"avoided",6
47.4193,-1,0,0,0,0,0.4729,2.0000,"avoided",6
47.4399,-1,0,0,0,0,0.4729,2.0000,"avoided",6
47.4593,-1,0,0,0,0,0.4729,2.0000,"avoided",6
47.4829,-1,0,0,0,0,0.4729,2.0000,"avoided",6
47.5028,-1,0,0,0,0,0.4729,2.0000,"avoided",6
47.5245,-1,0,0,0,0,0.4729,2.0000,"avoided",6
47.5458,-1,0,0,0,0,0.4729,2.0000,"avoided",6
47.5667,-1,0,0,0,0,0.4729,1.0000,"avoided",6
47.5859,-1,0,0,0,0,0.4729,1.0000,"avoided",6
47.6089,-1,0,0,0,0,0.4729,1.0000,"avoided",6
47.6291,-1,0,0,0,0,0.4729,1.0000,"avoided",6
47.6505,-1,0,0,0,0,0.4729,1.0000,"avoided",6
47.6710,-1,0,0,0,0,0.4729,1.0000,"avoided",6
47.6919,-1,0,0,0,0,0.4729,1.0000,"avoided",6
47.7120,-1,0,0,0,0,0.4729,1.0000,"avoided",6
47.7336,-1,0,0,0,0,0.4729,1.0000,"avoided",6
47.7534,-1,0,0,0,0,0.4729,1.0000,"avoided",6
47.7750,-1,0,0,0,0,0.4729,1.0000,"avoided",6
47.7948,-1,0,0,0,0,0.4729,1.0000,"avoided",6
47.8158,-1,0,0,0,0,0.4729,1.0000,"avoided",6
47.8342,-1,0,0,0,0,0.4729,1.0000,"avoided",6
47.8551,-1,0,0,0,0,0.4729,1.0000,"avoided",6
47.8761,-1,0,0,0,0,0.4729,1.0000,"avoided",6
47.8979,-1,0,0,0,0,0.4729,1.0000,"avoided",6
47.9175,-1,0,0,0,0,0.4729,1.0000,"avoided",6
47.9377,-1,0,0,0,0,0.4729,1.0000,"avoided",6
47.9593,-1,0,0,0,0,0.4729,1.0000,"avoided",6
47.9794,-1,0,0,0,0,0.4729,1.0000,"avoided",6
47.9993,-1,0,0,0,0,0.4729,1.0000,"avoided",6
48.0204,-1,0,0,0,0,0.4729,1.0000,"avoided",6
48.0400,-1,0,0,0,0,0.4729,1.0000,"avoided",6
48.0601,-1,0,0,0,0,0.4729,1.0000,"avoided",6
48.0805,-1,0,0,0,0,0.4729,1.0000,"avoided",6
48.1011,-1,0,0,0,0,0.4729,1.0000,"avoided",6
48.1213,-1,0,0,0,0,0.4729,1.0000,"avoided",6
48.1421,-1,0,0,0,0,0.4729,1.0000,"avoided",6
48.1631,-1,0,0,0,0,0.4729,1.0000,"avoided",6
48.1833,-1,0,0,0,0,0.4729,1.0000,"avoided",6
48.2038,-1,0,0,0,0,0.4729,1.0000,"avoided",6
48.2241,-1,0,0,0,0,0.4729,1.0000,"avoided",6
48.2443,-1,0,0,0,0,0.4729,1.0000,"avoided",6
48.2650,-1,0,0,0,0,0.4729,1.0000,"avoided",7
48.3043,-1,0,0,0,0,0.4729,1.0000,"avoided",7
48.3156,-1,0,0,0,0,0.4729,1.0000,"avoided",7
48.3314,-1,0,0,0,1,0.4729,2.0000,"avoided",7
48.3538,-1,0,0,0,0,0.4729,2.0000,"avoided",7
48.3776,-1,0,0,0,0,0.4729,1.0000,"avoided",7
48.3980,-1,0,0,0,0,0.4729,1.0000,"avoided",7
48.4180,-1,0,0,0,0,0.4729,1.0000,"avoided",7
48.4385,-1,0,0,0,0,0.4729,1.0000,"avoided",7
48.4578,-1,0,0,0,0,0.4729,1.0000,"avoided",7
48.4789,-1,0,0,0,0,0.4729,1.0000,"avoided",7
48.5047,-1,0,0,0,0,0.4729,1.0000,"avoided",7
48.5228,-1,0,0,0,0,0.4729,1.0000,"avoided",7
48.5444,-1,0,0,0,0,0.4729,1.0000,"avoided",7
48.5647,-1,0,0,0,0,0.4729,1.0000,"avoided",7
48.5867,-1,0,0,0,0,0.4729,1.0000,"avoided",7
48.6075,-1,0,0,0,0,0.4729,1.0000,"avoided",7
48.6273,-1,0,0,0,0,0.4729,1.0000,"avoided",7
48.6491,-1,0,0,0,0,0.4729,1.0000,"avoided",7
48.6681,-1,0,0,0,0,0.4729,1.0000,"avoided",7
48.6892,-1,0,0,0,0,0.4729,1.0000,"avoided",7
48.7099,-1,0,0,0,0,0.4729,1.0000,"avoided",7
48.7302,-1,0,0,0,0,0.4729,1.0000,"avoided",7
48.7508,-1,0,0,0,0,0.4729,1.0000,"avoided",7
48.7706,-1,0,0,0,0,0.4729,1.0000,"avoided",7
48.7918,-1,0,0,0,0,0.4729,1.0000,"avoided",7
48.8126,-1,0,0,0,0,0.4729,1.0000,"avoided",7
48.8329,-1,0,0,0,0,0.4729,1.0000,"avoided",7
48.8536,-1,0,0,0,0,0.4729,1.0000,"avoided",7
48.8747,-1,0,0,0,0,0.4729,1.0000,"avoided",7
48.8953,-1,0,0,0,0,0.4729,1.0000,"avoided",7
48.9153,-1,0,0,0,0,0.4729,1.0000,"avoided",7
48.9356,-1,0,0,0,0,0.4729,1.0000,"avoided",7
48.9557,-1,0,0,0,0,0.4729,1.0000,"avoided",7
48.9764,-1,0,0,0,0,0.4729,1.0000,"avoided",7
48.9977,-1,0,0,0,0,0.4729,1.0000,"avoided",7
49.0177,-1,0,0,0,0,0.4729,1.0000,"avoided",7
49.0399,-1,0,0,0,0,0.4729,1.0000,"avoided",7
49.0610,-1,0,0,0,0,0.4729,1.0000,"avoided",7
49.0801,-1,0,0,0,0,0.4729,1.0000,"avoided",7
49.1005,-1,0,0,0,0,0.4729,1.0000,"avoided",7
49.1211,-1,0,0,0,0,0.4729,1.0000,"avoided",7
49.1411,-1,0,0,0,0,0.4729,1.0000,"avoided",7
49.1624,-1,0,0,0,0,0.4729,1.0000,"avoided",7
49.1849,-1,0,0,0,0,0.4729,1.0000,"avoided",7
49.2049,-1,0,0,0,0,0.4729,1.0000,"avoided",7
49.2241,-1,0,0,0,0,0.4729,1.0000,"avoided",7
49.2455,-1,0,0,0,0,0.4729,1.0000,"avoided",7
49.2653,-1,0,0,0,0,0.4729,1.0000,"avoided",7
49.2885,-1,0,0,0,0,0.4729,1.0000,"avoided",7
49.3073,-1,0,0,0,0,0.4729,1.0000,"avoided",7
49.3286,-1,0,0,0,1,0.4729,2.0000,"avoided",7
49.3481,-1,0,0,0,1,0.4729,2.0000,"avoided",7
49.3701,-1,0,0,0,1,0.4729,3.0000,"avoided",7
49.3897,-1,0,0,0,0,0.4729,3.0000,"avoided",7
49.4101,-1,0,0,0,0,0.4729,3.0000,"avoided",7
49.4320,-1,0,0,0,0,0.4729,3.0000,"avoided",7
49.4520,-1,0,0,0,0,0.4729,3.0000,"avoided",7
49.4732,-1,0,0,0,0,0.4729,3.0000,"avoided",7
49.4941,-1,0,0,0,0,0.4729,3.0000,"avoided",7
49.5146,-1,0,0,0,0,0.4729,3.0000,"avoided",7
49.5347,-1,0,0,0,0,0.4729,3.0000,"avoided",7
49.5579,-1,0,0,0,0,0.4729,3.0000,"avoided",7
49.5776,-1,0,0,0,0,0.4729,3.0000,"avoided",7
49.5983,-1,0,0,1,0,-1.0000,3.0000,,7
49.6206,-1,0,0,1,0,-1.0000,3.0000,,7
49.6411,-1,0,0,1,0,-1.0000,3.0000,,7
49.6616,-1,0,0,1,0,-1.0000,3.0000,,7
49.6832,-1,0,0,1,0,-1.0000,3.0000,,7
49.7038,-1,0,0,1,0,-1.0000,3.0000,,7
49.7239,-1,0,0,1,0,-1.0000,3.0000,,7
49.7449,-1,0,0,1,0,-1.0000,3.0000,,7
49.7662,-1,0,0,1,0,-1.0000,3.0000,,7
49.7873,-1,0,0,1,0,-1.0000,3.0000,,7
49.8091,-1,0,0,1,0,-1.0000,3.0000,,7
49.8304,-1,0,0,1,0,-1.0000,3.0000,,7
49.8515,-1,0,0,1,0,-1.0000,3.0000,,7
49.8736,-1,0,0,1,0,-1.0000,3.0000,,7
49.8948,-1,0,0,1,0,-1.0000,3.0000,,7
49.9162,-1,0,0,1,0,-1.0000,3.0000,,7
49.9378,-1,0,0,1,0,-1.0000,3.0000,,7
49.9586,-1,0,0,1,0,-1.0000,3.0000,,7
49.9798,-1,0,0,1,0,-1.0000,3.0000,,7
50.0022,-1,0,0,1,0,-1.0000,3.0000,,7
50.0225,-1,0,0,1,1,0.4242,4.0000,,7
50.0443,-1,0,0,1,1,0.4242,5.0000,,7
50.0640,-1,0,0,1,1,0.4242,6.0000,,7
50.0856,-1,0,0,1,0,0.4242,6.0000,,7
50.1074,-1,0,0,1,0,0.4242,6.0000,,7
50.1294,-1,0,0,0,0,0.4242,6.0000,"avoided",7
50.1499,-1,0,0,0,0,0.4242,6.0000,"avoided",7
50.1706,-1,0,0,0,0,0.4242,6.0000,"avoided",7
50.1906,-1,0,0,0,0,0.4242,6.0000,"avoided",7
50.2154,-1,0,0,0,0,0.4242,6.0000,"avoided",7
50.2354,-1,0,0,0,0,0.4242,6.0000,"avoided",7
50.2556,-1,0,0,0,0,0.4242,6.0000,"avoided",7
50.2769,-1,0,0,0,0,0.4242,6.0000,"avoided",8
50.3001,-1,0,0,0,0,0.4242,6.0000,"avoided",8
50.3195,-1,0,0,0,0,0.4242,6.0000,"avoided",8
50.3407,-1,0,0,0,0,0.4242,5.0000,"avoided",8
50.3617,-1,0,0,0,0,0.4242,4.0000,"avoided",8
50.3827,-1,0,0,0,0,0.4242,3.0000,"avoided",8
50.4023,-1,0,0,0,0,0.4242,3.0000,"avoided",8
50.4230,-1,0,0,0,0,0.4242,3.0000,"avoided",8
50.4440,-1,0,0,1,0,-1.0000,3.0000,,8
50.4649,-1,0,0,1,0,-1.0000,3.0000,,8
50.4841,-1,0,0,1,0,-1.0000,3.0000,,8
50.5060,-1,0,0,1,0,-1.0000,3.0000,,8
50.5261,-1,0,0,1,1,0.0821,4.0000,,8
50.5479,-1,0,0,1,0,0.0821,4.0000,,8
50.5692,-1,0,0,1,0,0.0821,4.0000,,8
50.5888,-1,0,0,1,0,0.0821,4.0000,,8
50.6098,-1,0,0,1,0,0.0821,4.0000,,8
50.6314,-1,0,0,1,0,0.0821,4.0000,,8
50.6511,-1,0,0,1,0,0.0821,4.0000,,8
50.6730,-1,0,0,1,0,0.0821,4.0000,,8
50.6929,-1,0,0,1,0,0.0821,4.0000,,8
50.7148,-1,0,0,1,0,0.0821,4.0000,,8
50.7353,-1,0,0,1,0,0.0821,4.0000,,8
50.7553,-1,0,0,1,0,0.0821,4.0000,,8
50.7764,-1,0,0,1,0,0.0821,4.0000,,8
50.7979,-1,0,0,1,0,0.0821,4.0000,,8
50.8213,-1,0,0,1,0,0.0821,4.0000,,8
50.8427,-1,0,0,1,0,0.0821,4.0000,,8
50.8626,-1,0,0,1,0,0.0821,4.0000,,8
50.8861,-1,0,0,1,0,0.0821,4.0000,,8
50.9049,-1,0,0,1,0,0.0821,4.0000,,8
50.9251,-1,0,0,1,0,0.0821,4.0000,,8
50.9471,-1,0,0,1,0,0.0821,4.0000,,8
50.9681,-1,0,0,1,0,0.0821,4.0000,,8
50.9879,-1,0,0,1,0,0.0821,4.0000,,8
51.0091,-1,0,0,1,0,0.0821,4.0000,,8
51.0306,-1,0,0,1,0,0.0821,3.0000,,8
51.0517,-1,0,0,1,0,0.0821,2.0000,,8
51.0721,-1,0,0,1,0,0.0821,1.0000,,8
51.0911,-1,0,0,1,0,0.0821,1.0000,,8
51.1135,-1,0,0,1,0,0.0821,1.0000,,8
51.1325,-1,0,0,1,0,0.0821,1.0000,,8
51.1532,-1,0,0,1,0,0.0821,1.0000,,8
51.1686,-1,0,0,1,0,0.0821,1.0000,,8
51.2023,-1,0,0,1,0,0.0821,1.0000,,8
51.2203,-1,0,0,1,0,0.0821,1.0000,,8
51.2424,-1,0,0,1,0,0.0821,1.0000,,8
51.2629,-1,0,0,1,0,0.0821,1.0000,,8
51.2834,-1,0,0,1,0,0.0821,1.0000,,8
51.3037,-1,0,0,0,0,0.0821,1.0000,"avoided",8
51.3243,-1,0,0,0,0,0.0821,1.0000,"avoided",8
51.3444,-1,0,0,0,0,0.0821,1.0000,"avoided",8
51.3648,-1,0,0,0,0,0.0821,1.0000,"avoided",8
51.3849,-1,0,0,0,0,0.0821,1.0000,"avoided",8
51.4043,-1,0,0,0,0,0.0821,1.0000,"avoided",8
51.4261,-1,0,0,0,0,0.0821,1.0000,"avoided",8
51.4465,-1,0,0,0,0,0.0821,1.0000,"avoided",8
51.4661,-1,0,0,0,0,0.0821,1.0000,"avoided",8
51.4870,-1,0,0,0,0,0.0821,1.0000,"avoided",8
51.5067,-1,0,0,0,0,0.0821,1.0000,"avoided",8
51.5273,-1,0,0,0,0,0.0821,0.0000,"avoided",8
51.5452,-1,0,0,0,0,0.0821,0.0000,"avoided",8
51.5665,-1,0,0,0,0,0.0821,0.0000,"avoided",8
51.5861,-1,0,0,0,0,0.0821,0.0000,"avoided",8
51.6059,-1,0,0,0,0,0.0821,0.0000,"avoided",8
51.6269,-1,0,0,0,0,0.0821,0.0000,"avoided",8
51.6455,-1,0,0,0,0,0.0821,0.0000,"avoided",8
51.6660,-1,0,0,0,0,0.0821,0.0000,"avoided",8
51.6879,-1,0,0,0,0,0.0821,0.0000,"avoided",8
51.7059,-1,0,0,0,0,0.0821,0.0000,"avoided",8
51.7262,-1,0,0,0,0,0.0821,0.0000,"avoided",8
51.7468,-1,0,0,0,0,0.0821,0.0000,"avoided",8
51.7667,-1,0,0,0,0,0.0821,0.0000,"avoided",8
51.7866,-1,0,0,0,0,0.0821,0.0000,"avoided",8
51.8081,-1,0,0,0,0,0.0821,0.0000,"avoided",8
51.8275,-1,0,0,0,0,0.0821,0.0000,"avoided",8
51.8479,-1,0,0,0,0,0.0821,0.0000,"avoided",8
51.8706,-1,0,0,0,0,0.0821,0.0000,"avoided",8
51.8873,-1,0,0,0,0,0.0821,0.0000,"avoided",8
51.9092,-1,0,0,0,0,0.0821,0.0000,"avoided",8
51.9290,-1,0,0,0,0,0.0821,0.0000,"avoided",8
51.9486,-1,0,0,0,0,0.0821,0.0000,"avoided",8
51.9682,-1,0,0,0,0,0.0821,0.0000,"avoided",8
51.9891,-1,0,0,0,0,0.0821,0.0000,"avoided",8
52.0095,-1,0,0,0,0,0.0821,0.0000,"avoided",8
52.0294,-1,0,0,0,0,0.0821,0.0000,"avoided",8
52.0478,-1,0,0,0,0,0.0821,0.0000,"avoided",8
52.0682,-1,0,0,0,0,0.0821,0.0000,"avoided",8
52.0889,-1,0,0,0,0,0.0821,0.0000,"avoided",8
52.1084,-1,0,0,0,0,0.0821,0.0000,"avoided",8
52.1293,-1,0,0,0,0,0.0821,0.0000,"avoided",8
52.1490,-1,0,0,0,0,0.0821,0.0000,"avoided",8
52.1697,-1,0,0,0,0,0.0821,0.0000,"avoided",8
52.1883,-1,0,0,0,0,0.0821,0.0000,"avoided",8
52.2092,-1,0,0,0,0,0.0821,0.0000,"avoided",8
52.2284,-1,0,0,0,0,0.0821,0.0000,"avoided",8
52.2502,-1,0,0,0,0,0.0821,0.0000,"avoided",8
52.2699,-1,0,0,0,0,0.0821,0.0000,"avoided",8
52.2876,-1,0,0,0,0,0.0821,0.0000,"avoided",8
52.3069,-1,0,0,0,0,0.0821,0.0000,"avoided",8
52.3267,-1,0,0,0,0,0.0821,0.0000,"avoided",8
52.3465,-1,0,0,0,0,0.0821,0.0000,"avoided",8
52.3674,-1,0,0,0,0,0.0821,0.0000,"avoided",8
52.3867,-1,0,0,0,0,0.0821,0.0000,"avoided",8
52.4064,-1,0,0,0,0,0.0821,0.0000,"avoided",8
52.4269,-1,0,0,0,0,0.0821,0.0000,"avoided",8
52.4451,-1,0,0,0,0,0.0821,0.0000,"avoided",8
52.4665,-1,0,0,0,0,0.0821,0.0000,"avoided",8
52.4843,-1,0,0,0,0,0.0821,0.0000,"avoided",8
52.5038,-1,0,0,0,0,0.0821,0.0000,"avoided",8
52.5230,-1,0,0,0,0,0.0821,0.0000,"avoided",8
52.5429,-1,0,0,0,0,0.0821,0.0000,"avoided",8
52.5613,-1,0,0,0,0,0.0821,0.0000,"avoided",8
52.5815,-1,0,0,0,0,0.0821,0.0000,"avoided",8
52.6000,-1,0,0,0,0,0.0821,0.0000,"avoided",8
52.6195,-1,0,0,0,0,0.0821,0.0000,"avoided",8
52.6394,-1,0,0,0,0,0.0821,0.0000,"avoided",8
52.6585,-1,0,0,0,0,0.0821,0.0000,"avoided",8
52.6768,-1,0,0,0,0,0.0821,0.0000,"avoided",8
52.6970,-1,0,0,0,0,0.0821,0.0000,"avoided",8
52.7168,-1,0,0,0,0,0.0821,0.0000,"avoided",8
52.7363,-1,0,0,0,0,0.0821,0.0000,"avoided",8
52.7550,-1,0,0,0,0,0.0821,0.0000,"avoided",8
52.7746,-1,0,0,0,0,0.0821,0.0000,"avoided",8
52.7937,-1,0,0,0,0,0.0821,0.0000,"avoided",8
52.8131,-1,0,0,0,0,0.0821,0.0000,"avoided",8
52.8332,-1,0,0,0,0,0.0821,0.0000,"avoided",8
52.8520,-1,0,0,0,0,0.0821,0.0000,"avoided",8
52.8723,-1,0,0,0,0,0.0821,0.0000,"avoided",8
52.8920,-1,0,0,0,0,0.0821,0.0000,"avoided",8
52.9121,-1,0,0,0,0,0.0821,0.0000,"avoided",8
52.9313,-1,0,0,0,0,0.0821,0.0000,"avoided",8
52.9515,-1,0,0,0,0,0.0821,0.0000,"avoided",8
52.9704,-1,0,0,1,0,-1.0000,0.0000,,8
52.9898,-1,0,0,1,0,-1.0000,0.0000,,8
53.0092,-1,0,0,1,0,-1.0000,0.0000,,8
53.0289,-1,0,0,1,0,-1.0000,0.0000,,8
53.0482,-1,0,0,1,0,-1.0000,0.0000,,8
53.0697,-1,0,0,1,0,-1.0000,0.0000,,8
53.0871,-1,0,0,1,0,-1.0000,0.0000,,8
53.1101,-1,0,0,1,0,-1.0000,0.0000,,8
53.1298,-1,0,0,1,0,-1.0000,0.0000,,8
53.1496,-1,0,0,1,0,-1.0000,0.0000,,8
53.1684,-1,0,0,1,0,-1.0000,0.0000,,8
53.1879,-1,0,0,1,0,-1.0000,0.0000,,8
53.2083,-1,0,0,1,0,-1.0000,0.0000,,8
53.2279,-1,0,0,1,0,-1.0000,0.0000,,8
53.2470,-1,0,0,1,0,-1.0000,0.0000,,8
53.2675,-1,0,0,1,0,-1.0000,0.0000,,8
53.2868,-1,0,0,1,0,-1.0000,0.0000,,8
53.3066,-1,0,0,1,0,-1.0000,0.0000,,8
53.3254,-1,0,0,1,0,-1.0000,0.0000,,8
53.3457,-1,0,0,1,0,-1.0000,0.0000,,8
53.3649,-1,0,0,1,0,-1.0000,0.0000,,8
53.3843,-1,0,0,1,0,-1.0000,0.0000,,8
53.4039,-1,0,0,1,0,-1.0000,0.0000,,8
53.4256,-1,0,0,1,0,-1.0000,0.0000,,8
53.4451,-1,0,0,1,0,-1.0000,0.0000,,8
53.4642,-1,0,0,1,0,-1.0000,0.0000,,8
53.4844,-1,0,0,1,0,-1.0000,0.0000,,8
53.5048,-1,0,0,1,0,-1.0000,0.0000,,8
53.5237,-1,0,0,1,0,-1.0000,0.0000,,8
53.5431,-1,0,0,0,0,-1.0000,0.0000,"avoided",8
53.5635,-1,0,0,0,0,-1.0000,0.0000,"avoided",8
53.5837,-1,0,0,0,0,-1.0000,0.0000,"avoided",8
53.6052,-1,0,0,0,0,-1.0000,0.0000,"avoided",8
53.6246,-1,0,0,0,0,-1.0000,0.0000,"avoided",8
53.6467,-1,0,0,0,0,-1.0000,0.0000,"avoided",8
53.6662,-1,0,0,0,0,-1.0000,0.0000,"avoided",8
53.6862,-1,0,0,0,0,-1.0000,0.0000,"avoided",8
53.7085,-1,0,0,0,0,-1.0000,0.0000,"avoided",8
53.7272,-1,0,0,0,0,-1.0000,0.0000,"avoided",8
53.7477,-1,0,0,0,0,-1.0000,0.0000,"avoided",8
53.7666,-1,0,0,0,0,-1.0000,0.0000,"avoided",8
53.7858,-1,0,0,0,0,-1.0000,0.0000,"avoided",8
53.8054,-1,0,0,0,0,-1.0000,0.0000,"avoided",8
53.8255,-1,0,0,0,0,-1.0000,0.0000,"avoided",8
53.8437,-1,0,0,0,1,-1.0000,1.0000,"avoided",8
53.8630,-1,0,0,0,0,-1.0000,1.0000,"avoided",8
53.8818,-1,0,0,0,0,-1.0000,1.0000,"avoided",8
53.9034,-1,0,0,0,0,-1.0000,1.0000,"avoided",8
53.9231,-1,0,0,0,0,-1.0000,1.0000,"avoided",8
53.9437,-1,0,0,0,0,-1.0000,1.0000,"avoided",8
53.9629,-1,0,0,0,0,-1.0000,1.0000,"avoided",8
53.9820,-1,0,0,0,0,-1.0000,1.0000,"avoided",8
54.0029,-1,0,0,0,0,-1.0000,1.0000,"avoided",8
54.0252,-1,0,0,0,0,-1.0000,1.0000,"avoided",8
54.0451,-1,0,0,0,0,-1.0000,1.0000,"avoided",8
54.0647,-1,0,0,0,0,-1.0000,1.0000,"avoided",8
54.0851,-1,0,0,0,0,-1.0000,1.0000,"avoided",8
54.1042,-1,0,0,0,0,-1.0000,1.0000,"avoided",8
54.1255,-1,0,0,0,0,-1.0000,1.0000,"avoided",8
54.1454,-1,0,0,0,0,-1.0000,1.0000,"avoided",8
54.1665,-1,0,0,0,0,-1.0000,1.0000,"avoided",8
54.1855,-1,0,0,0,0,-1.0000,1.0000,"avoided",8
54.2055,-1,0,0,0,0,-1.0000,1.0000,"avoided",8
54.2262,-1,0,0,0,0,-1.0000,1.0000,"avoided",8
54.2459,-1,0,0,0,0,-1.0000,1.0000,"avoided",8
54.2652,-1,0,0,0,0,-1.0000,1.0000,"avoided",8
54.2858,-1,0,0,0,0,-1.0000,1.0000,"avoided",8
54.3057,-1,0,0,0,0,-1.0000,1.0000,"avoided",8
54.3266,-1,0,0,0,0,-1.0000,1.0000,"avoided",8
54.3464,-1,0,0,0,0,-1.0000,1.0000,"avoided",8
54.3666,-1,0,0,0,0,-1.0000,1.0000,"avoided",8
54.3868,-1,0,0,0,0,-1.0000,1.0000,"avoided",8
54.4058,-1,0,0,0,0,-1.0000,1.0000,"avoided",8
54.4248,-1,0,0,0,0,-1.0000,1.0000,"avoided",8
54.4452,-1,0,0,0,0,-1.0000,1.0000,"avoided",8
54.4649,-1,0,0,0,0,-1.0000,1.0000,"avoided",8
54.4858,-1,0,0,0,0,-1.0000,1.0000,"avoided",8
54.5073,-1,0,0,0,0,-1.0000,1.0000,"avoided",8
54.5269,-1,0,0,0,0,-1.0000,1.0000,"avoided",8
54.5469,-1,0,0,0,0,-1.0000,1.0000,"avoided",8
54.5655,-1,0,0,0,0,-1.0000,1.0000,"avoided",8
54.5859,-1,0,0,0,0,-1.0000,1.0000,"avoided",8
54.6066,-1,0,0,0,0,-1.0000,1.0000,"avoided",8
54.6284,-1,0,0,0,0,-1.0000,1.0000,"avoided",8
54.6491,-1,0,0,0,0,-1.0000,1.0000,"avoided",8
54.6684,-1,0,0,0,0,-1.0000,1.0000,"avoided",8
54.6900,-1,0,0,0,0,-1.0000,1.0000,"avoided",8
54.7134,-1,0,0,0,0,-1.0000,1.0000,"avoided",8
54.7333,-1,0,0,0,0,-1.0000,1.0000,"avoided",8
54.7562,-1,0,0,0,0,-1.0000,1.0000,"avoided",8
54.7773,-1,0,0,0,0,-1.0000,1.0000,"avoided",8
54.7979,-1,0,0,0,0,-1.0000,1.0000,"avoided",8
54.8192,-1,0,0,0,0,-1.0000,1.0000,"avoided",8
54.8425,-1,0,0,0,0,-1.0000,1.0000,"avoided",8
54.8627,-1,0,0,0,0,-1.0000,0.0000,"avoided",8
54.8834,-1,0,0,0,0,-1.0000,0.0000,"avoided",8
54.9021,-1,0,0,0,0,-1.0000,0.0000,"avoided",8
54.9230,-1,0,0,0,0,-1.0000,0.0000,"avoided",8
54.9440,-1,0,0,0,0,-1.0000,0.0000,"avoided",8
54.9655,-1,0,0,0,0,-1.0000,0.0000,"avoided",8
54.9853,-1,0,0,0,0,-1.0000,0.0000,"avoided",8
55.0063,-1,0,0,0,0,-1.0000,0.0000,"avoided",8
55.0270,-1,0,0,0,0,-1.0000,0.0000,"avoided",8
55.0485,-1,0,0,0,0,-1.0000,0.0000,"avoided",8
55.0679,-1,0,0,0,0,-1.0000,0.0000,"avoided",8
55.0900,-1,0,0,0,0,-1.0000,0.0000,"avoided",8
55.1099,-1,0,0,0,0,-1.0000,0.0000,"avoided",8
55.1307,-1,0,0,0,0,-1.0000,0.0000,"avoided",8
55.1507,-1,0,0,0,0,-1.0000,0.0000,"avoided",8
55.1720,-1,0,0,0,0,-1.0000,0.0000,"avoided",8
55.1914,-1,0,0,0,0,-1.0000,0.0000,"avoided",8
55.2111,-1,0,0,0,0,-1.0000,0.0000,"avoided",8
55.2332,-1,0,0,0,0,-1.0000,0.0000,"avoided",8
55.2526,-1,0,0,0,0,-1.0000,0.0000,"avoided",8
55.2740,-1,0,0,0,0,-1.0000,0.0000,"avoided",8
55.2956,-1,0,0,0,0,-1.0000,0.0000,"avoided",8
55.3152,-1,0,0,0,0,-1.0000,0.0000,"avoided",8
55.3356,-1,0,0,0,1,-1.0000,1.0000,"avoided",8
55.3547,-1,0,0,0,1,-1.0000,3.0000,"avoided",8
55.3775,-1,0,0,0,0,-1.0000,3.0000,"avoided",8
55.3974,-1,0,0,0,0,-1.0000,3.0000,"avoided",8
55.4175,-1,0,0,0,0,-1.0000,3.0000,"avoided",8
55.4393,-1,0,0,0,0,-1.0000,3.0000,"avoided",8
55.4594,-1,0,0,0,0,-1.0000,3.0000,"avoided",8
55.4800,-1,0,0,0,0,-1.0000,3.0000,"avoided",8
55.4999,-1,0,0,0,0,-1.0000,3.0000,"avoided",8
55.5220,-1,0,0,0,0,-1.0000,3.0000,"avoided",8
55.5441,-1,0,0,0,0,-1.0000,3.0000,"avoided",8
55.5638,-1,0,0,0,0,-1.0000,3.0000,"avoided",8
55.5850,-1,0,0,0,0,-1.0000,3.0000,"avoided",8
55.6055,-1,0,0,0,0,-1.0000,3.0000,"avoided",8
55.6266,-1,0,0,0,0,-1.0000,3.0000,"avoided",8
55.6465,-1,0,0,0,0,-1.0000,3.0000,"avoided",8
55.6674,-1,0,0,0,0,-1.0000,3.0000,"avoided",8
55.6889,-1,0,0,0,0,-1.0000,3.0000,"avoided",8
55.7113,-1,0,0,0,0,-1.0000,3.0000,"avoided",8
55.7321,-1,0,0,0,0,-1.0000,3.0000,"avoided",8
55.7512,-1,0,0,0,0,-1.0000,3.0000,"avoided",8
55.7714,-1,0,0,0,0,-1.0000,3.0000,"avoided",8
55.7921,-1,0,0,0,0,-1.0000,3.0000,"avoided",8
55.8141,-1,0,0,0,0,-1.0000,3.0000,"avoided",8
55.8335,-1,0,0,0,0,-1.0000,3.0000,"avoided",8
55.8533,-1,0,0,0,0,-1.0000,3.0000,"avoided",8
55.8768,-1,0,0,0,0,-1.0000,3.0000,"avoided",8
55.8974,-1,0,0,0,0,-1.0000,3.0000,"avoided",8
55.9202,-1,0,0,0,0,-1.0000,3.0000,"avoided",8
55.9422,-1,0,0,0,0,-1.0000,3.0000,"avoided",8
55.9651,-1,0,0,0,0,-1.0000,3.0000,"avoided",8
55.9886,-1,0,0,0,0,-1.0000,3.0000,"avoided",8
56.0138,-1,0,0,0,0,-1.0000,3.0000,"avoided",8
56.0375,-1,0,0,0,0,-1.0000,3.0000,"avoided",8
56.0618,-1,0,0,0,0,-1.0000,3.0000,"avoided",8
56.0844,-1,0,0,0,0,-1.0000,3.0000,"avoided",8
56.1078,-1,0,0,0,0,-1.0000,3.0000,"avoided",8
56.1300,-1,0,0,0,0,-1.0000,3.0000,"avoided",8
56.1521,-1,0,0,0,0,-1.0000,3.0000,"avoided",8
56.1747,-1,0,0,0,0,-1.0000,3.0000,"avoided",8
56.2047,-1,0,0,0,0,-1.0000,3.0000,"avoided",8
56.2277,-1,0,0,0,0,-1.0000,3.0000,"avoided",9
56.2522,-1,0,0,0,0,-1.0000,3.0000,"avoided",9
56.2758,-1,0,0,0,0,-1.0000,3.0000,"avoided",9
56.3000,-1,0,0,0,0,-1.0000,3.0000,"avoided",9
56.3244,-1,0,0,0,0,-1.0000,3.0000,"avoided",9
56.3494,-1,0,0,0,0,-1.0000,2.0000,"avoided",9
56.3735,-1,0,0,0,0,-1.0000,0.0000,"avoided",9
56.3978,-1,0,0,0,0,-1.0000,0.0000,"avoided",9
56.4218,-1,0,0,0,0,-1.0000,0.0000,"avoided",9
56.4457,-1,0,0,0,0,-1.0000,0.0000,"avoided",9
56.4702,-1,0,0,0,0,-1.0000,0.0000,"avoided",9
56.4934,-1,0,0,0,0,-1.0000,0.0000,"avoided",9
56.5176,-1,0,0,0,0,-1.0000,0.0000,"avoided",9
56.5429,-1,0,0,0,0,-1.0000,0.0000,"avoided",9
56.5669,-1,0,0,0,0,-1.0000,0.0000,"avoided",9
56.5902,-1,0,0,0,0,-1.0000,0.0000,"avoided",9
56.6143,-1,0,0,0,0,-1.0000,0.0000,"avoided",9
56.6381,-1,0,0,0,0,-1.0000,0.0000,"avoided",9
56.6614,-1,0,0,0,0,-1.0000,0.0000,"avoided",9
56.6844,-1,0,0,0,0,-1.0000,0.0000,"avoided",9
56.7084,-1,0,0,0,0,-1.0000,0.0000,"avoided",9
56.7326,-1,0,0,0,0,-1.0000,0.0000,"avoided",9
56.7558,-1,0,0,0,0,-1.0000,0.0000,"avoided",9
56.7809,-1,0,0,0,1,-1.0000,1.0000,"avoided",9
56.8050,-1,0,0,0,0,-1.0000,1.0000,"avoided",9
56.8277,-1,0,0,0,0,-1.0000,1.0000,"avoided",9
56.8510,-1,0,0,0,0,-1.0000,1.0000,"avoided",9
56.8751,-1,0,0,0,0,-1.0000,1.0000,"avoided",9
56.8987,-1,0,0,0,0,-1.0000,1.0000,"avoided",9
56.9226,-1,0,0,0,0,-1.0000,1.0000,"avoided",9
56.9472,-1,0,0,0,0,-1.0000,1.0000,"avoided",9
56.9701,-1,0,0,0,0,-1.0000,1.0000,"avoided",9
56.9933,-1,0,0,0,0,-1.0000,1.0000,"avoided",9
57.0159,-1,0,0,0,0,-1.0000,1.0000,"avoided",9
57.0412,-1,0,0,0,0,-1.0000,1.0000,"avoided",9
57.0628,-1,0,0,0,0,-1.0000,1.0000,"avoided",9
57.0866,-1,0,0,0,0,-1.0000,1.0000,"avoided",9
57.1111,-1,0,0,0,0,-1.0000,1.0000,"avoided",9
57.1348,-1,0,0,0,0,-1.0000,1.0000,"avoided",9
57.1583,-1,0,0,0,0,-1.0000,1.0000,"avoided",9
57.1819,-1,0,0,0,0,-1.0000,1.0000,"avoided",9
57.2067,-1,0,0,0,0,-1.0000,1.0000,"avoided",9
57.2307,-1,0,0,0,0,-1.0000,1.0000,"avoided",9
57.2546,-1,0,0,0,0,-1.0000,1.0000,"avoided",9
57.2786,-1,0,0,0,0,-1.0000,1.0000,"avoided",9
57.3034,-1,0,0,0,0,-1.0000,1.0000,"avoided",9
57.3280,-1,0,0,0,0,-1.0000,1.0000,"avoided",9
57.3526,-1,0,0,0,0,-1.0000,1.0000,"avoided",9
57.3773,-1,0,0,0,0,-1.0000,1.0000,"avoided",9
57.4009,-1,0,0,0,0,-1.0000,1.0000,"avoided",9
57.4254,-1,0,0,0,0,-1.0000,1.0000,"avoided",9
57.4489,-1,0,0,0,0,-1.0000,1.0000,"avoided",9
57.4743,-1,0,0,0,0,-1.0000,1.0000,"avoided",9
57.4987,-1,0,0,0,0,-1.0000,1.0000,"avoided",9
57.5228,-1,0,0,0,0,-1.0000,1.0000,"avoided",9
57.5472,-1,0,0,0,0,-1.0000,1.0000,"avoided",9
57.5734,-1,0,0,0,0,-1.0000,1.0000,"avoided",9
57.5976,-1,0,0,0,0,-1.0000,1.0000,"avoided",9
57.6216,-1,0,0,0,0,-1.0000,1.0000,"avoided",9
57.6466,-1,0,0,0,0,-1.0000,1.0000,"avoided",9
57.6699,-1,0,0,0,0,-1.0000,1.0000,"avoided",9
57.6945,-1,0,0,0,0,-1.0000,1.0000,"avoided",9
57.7190,-1,0,0,0,0,-1.0000,1.0000,"avoided",9
57.7426,-1,0,0,0,0,-1.0000,1.0000,"avoided",9
57.7670,-1,0,0,0,0,-1.0000,1.0000,"avoided",9
57.7907,-1,0,0,0,0,-1.0000,0.0000,"avoided",9
57.8140,-1,0,0,0,0,-1.0000,0.0000,"avoided",9
57.8379,-1,0,0,0,0,-1.0000,0.0000,"avoided",9
57.8613,-1,0,0,0,0,-1.0000,0.0000,"avoided",9
57.8859,-1,0,0,0,0,-1.0000,0.0000,"avoided",9
57.9092,-1,0,0,0,0,-1.0000,0.0000,"avoided",9
57.9331,-1,0,0,0,0,-1.0000,0.0000,"avoided",9
57.9564,-1,0,0,0,0,-1.0000,0.0000,"avoided",9
57.9805,-1,0,0,0,0,-1.0000,0.0000,"avoided",9
58.0041,-1,0,0,0,0,-1.0000,0.0000,"avoided",9
58.0281,-1,0,0,0,0,-1.0000,0.0000,"avoided",9
58.0523,-1,0,0,0,0,-1.0000,0.0000,"avoided",9
58.0758,-1,0,0,0,0,-1.0000,0.0000,"avoided",9
58.0994,-1,0,0,0,0,-1.0000,0.0000,"avoided",9
58.1235,-1,0,0,0,0,-1.0000,0.0000,"avoided",9
58.1478,-1,0,0,0,0,-1.0000,0.0000,"avoided",9
58.1718,-1,0,0,0,0,-1.0000,0.0000,"avoided",9
58.1964,-1,0,0,0,0,-1.0000,0.0000,"avoided",9
58.2203,-1,0,0,0,0,-1.0000,0.0000,"avoided",9
58.2440,-1,0,0,0,0,-1.0000,0.0000,"avoided",9
58.2676,-1,0,0,0,1,-1.0000,2.0000,"avoided",9
58.2931,-1,0,0,0,1,-1.0000,3.0000,"avoided",9
58.3167,-1,0,0,0,0,-1.0000,3.0000,"avoided",9
58.3418,-1,0,0,0,0,-1.0000,3.0000,"avoided",9
58.3660,-1,0,0,0,0,-1.0000,3.0000,"avoided",9
58.3920,-1,0,0,0,0,-1.0000,3.0000,"avoided",9
58.4189,-1,0,0,0,0,-1.0000,3.0000,"avoided",9
58.4409,-1,0,0,0,0,-1.0000,3.0000,"avoided",9
58.4667,-1,0,0,0,0,-1.0000,3.0000,"avoided",9
58.4930,-1,0,0,0,0,-1.0000,3.0000,"avoided",9
58.5150,-1,0,0,0,0,-1.0000,3.0000,"avoided",9
58.5393,-1,0,0,0,0,-1.0000,3.0000,"avoided",9
58.5639,-1,0,0,0,0,-1.0000,3.0000,"avoided",9
58.5873,-1,0,0,0,0,-1.0000,3.0000,"avoided",9
58.6116,-1,0,0,0,0,-1.0000,3.0000,"avoided",9
58.6387,-1,0,0,0,0,-1.0000,3.0000,"avoided",9
58.6634,-1,0,0,0,0,-1.0000,3.0000,"avoided",9
58.6866,-1,0,0,0,0,-1.0000,3.0000,"avoided",9
58.7124,-1,0,0,0,1,-1.0000,4.0000,"avoided",9
58.7381,-1,0,0,0,0,-1.0000,4.0000,"avoided",9
58.7601,-1,0,0,0,0,-1.0000,4.0000,"avoided",9
58.7833,-1,0,0,0,0,-1.0000,4.0000,"avoided",9
58.8067,-1,0,0,0,0,-1.0000,4.0000,"avoided",9
58.8311,-1,0,0,0,0,-1.0000,4.0000,"avoided",9
58.8546,-1,0,0,0,0,-1.0000,4.0000,"avoided",9
58.8777,-1,0,0,0,0,-1.0000,4.0000,"avoided",9
58.9012,-1,0,0,0,0,-1.0000,4.0000,"avoided",9
58.9254,-1,0,0,0,0,-1.0000,4.0000,"avoided",9
58.9488,-1,0,0,0,0,-1.0000,4.0000,"avoided",9
58.9725,-1,0,0,0,0,-1.0000,4.0000,"avoided",9
58.9966,-1,0,0,0,0,-1.0000,4.0000,"avoided",9
59.0201,-1,0,0,0,0,-1.0000,4.0000,"avoided",9
59.0427,-1,0,0,0,0,-1.0000,4.0000,"avoided",9
59.0673,-1,0,0,1,0,-1.0000,4.0000,,9
59.0909,-1,0,0,1,0,-1.0000,4.0000,,9
59.1138,-1,0,0,1,0,-1.0000,4.0000,,9
59.1377,-1,0,0,1,0,-1.0000,4.0000,,9
59.1620,-1,0,0,1,0,-1.0000,4.0000,,9
59.1863,-1,0,0,1,0,-1.0000,4.0000,,9
59.2111,-1,0,0,1,0,-1.0000,4.0000,,9
59.2344,-1,0,0,1,0,-1.0000,4.0000,,9
59.2592,-1,0,0,1,0,-1.0000,4.0000,,9
59.2834,-1,0,0,1,0,-1.0000,2.0000,,9
59.3083,-1,0,0,1,0,-1.0000,1.0000,,9
59.3327,-1,0,0,1,0,-1.0000,1.0000,,9
59.3566,-1,0,0,1,1,0.2894,3.0000,,9
59.3809,-1,0,0,1,1,0.2894,4.0000,,9
59.4067,-1,0,0,1,0,0.2894,4.0000,,9
59.4314,-1,0,0,0,0,0.2894,4.0000,"avoided",9
59.4560,-1,0,0,0,0,0.2894,4.0000,"avoided",9
59.4813,-1,0,0,0,0,0.2894,4.0000,"avoided",9
59.5066,-1,0,0,0,0,0.2894,4.0000,"avoided",9
59.5311,-1,0,0,0,0,0.2894,4.0000,"avoided",9
59.5559,-1,0,0,0,0,0.2894,4.0000,"avoided",9
59.5814,-1,0,0,0,0,0.2894,4.0000,"avoided",9
59.6057,-1,0,0,0,0,0.2894,4.0000,"avoided",9
59.6318,-1,0,0,0,0,0.2894,4.0000,"avoided",9
59.6570,-1,0,0,0,0,0.2894,4.0000,"avoided",9
59.6819,-1,0,0,0,0,0.2894,4.0000,"avoided",9
59.7072,-1,0,0,0,0,0.2894,4.0000,"avoided",9
59.7324,-1,0,0,0,0,0.2894,3.0000,"avoided",9
59.7591,-1,0,0,0,0,0.2894,3.0000,"avoided",9
59.7851,-1,0,0,0,0,0.2894,3.0000,"avoided",9
59.8097,-1,0,0,0,0,0.2894,3.0000,"avoided",9
59.8351,-1,0,0,0,0,0.2894,3.0000,"avoided",9
59.8604,-1,0,0,0,0,0.2894,3.0000,"avoided",9
59.8852,-1,0,0,0,0,0.2894,3.0000,"avoided",9
59.9092,-1,0,0,0,0,0.2894,3.0000,"avoided",9
59.9317,-1,0,0,0,0,0.2894,3.0000,"avoided",9
59.9543,-1,0,0,0,0,0.2894,3.0000,"avoided",9
59.9762,-1,0,0,0,0,0.2894,3.0000,"avoided",9
59.9981,-1,0,0,0,0,0.2894,3.0000,"avoided",9
60.0198,-1,0,0,0,0,0.2894,3.0000,"avoided",9
60.0415,-1,0,0,0,0,0.2894,3.0000,"avoided",9
60.0656,-1,0,0,0,0,0.2894,3.0000,"avoided",9
60.0852,-1,0,0,0,0,0.2894,3.0000,"avoided",9
60.1092,-1,0,0,0,0,0.2894,3.0000,"avoided",9
60.1303,-1,0,0,0,0,0.2894,3.0000,"avoided",9
60.1504,-1,0,0,0,0,0.2894,3.0000,"avoided",9
60.1707,-1,0,0,0,0,0.2894,3.0000,"avoided",9
60.1892,-1,0,0,0,0,0.2894,3.0000,"avoided",9
60.2101,-1,0,0,0,0,0.2894,3.0000,"avoided",9
60.2324,-1,0,0,0,0,0.2894,3.0000,"avoided",9
60.2529,-1,0,0,0,0,0.2894,3.0000,"avoided",9
60.2725,-1,0,0,0,0,0.2894,3.0000,"avoided",9
60.2946,-1,0,0,0,0,0.2894,3.0000,"avoided",9
60.3153,-1,0,0,0,0,0.2894,3.0000,"avoided",9
60.3350,-1,0,0,0,0,0.2894,3.0000,"avoided",9
60.3554,-1,0,0,0,0,0.2894,3.0000,"avoided",9
60.3768,-1,0,0,0,0,0.2894,1.0000,"avoided",9
60.3984,-1,0,0,0,0,0.2894,0.0000,"avoided",9
60.4203,-1,0,0,0,0,0.2894,0.0000,"avoided",9
60.4385,-1,0,0,0,0,0.2894,0.0000,"avoided",9
60.4598,-1,0,0,0,0,0.2894,0.0000,"avoided",9
60.4797,-1,0,0,0,0,0.2894,0.0000,"avoided",9
60.5005,-1,0,0,0,0,0.2894,0.0000,"avoided",9
60.5211,-1,0,0,0,0,0.2894,0.0000,"avoided",9
60.5433,-1,0,0,0,0,0.2894,0.0000,"avoided",9
60.5642,-1,0,0,0,0,0.2894,0.0000,"avoided",9
60.5838,-1,0,0,0,0,0.2894,0.0000,"avoided",9
60.6039,-1,0,0,0,0,0.2894,0.0000,"avoided",9
60.6247,-1,0,0,0,0,0.2894,0.0000,"avoided",9
60.6452,-1,0,0,0,0,0.2894,0.0000,"avoided",9
60.6663,-1,0,0,0,0,0.2894,0.0000,"avoided",9
60.6881,-1,0,0,0,0,0.2894,0.0000,"avoided",9
60.7101,-1,0,0,0,0,0.2894,0.0000,"avoided",9
60.7282,-1,0,0,0,0,0.2894,0.0000,"avoided",9
60.7499,-1,0,0,0,0,0.2894,0.0000,"avoided",9
60.7699,-1,0,0,0,1,0.2894,1.0000,"avoided",9
60.7910,-1,0,0,0,0,0.2894,1.0000,"avoided",9
60.8123,-1,0,0,0,0,0.2894,1.0000,"avoided",9
60.8339,-1,0,0,0,0,0.2894,1.0000,"avoided",9
60.8574,-1,0,0,0,0,0.2894,1.0000,"avoided",9
60.8781,-1,0,0,0,0,0.2894,1.0000,"avoided",9
60.8982,-1,0,0,0,0,0.2894,1.0000,"avoided",9
60.9180,-1,0,0,0,0,0.2894,1.0000,"avoided",9
60.9395,-1,0,0,0,0,0.2894,1.0000,"avoided",9
60.9615,-1,0,0,0,0,0.2894,1.0000,"avoided",9
60.9827,-1,0,0,0,0,0.2894,1.0000,"avoided",9
61.0020,-1,0,0,0,0,0.2894,1.0000,"avoided",9
61.0225,-1,0,0,0,0,0.2894,1.0000,"avoided",9
61.0445,-1,0,0,0,0,0.2894,1.0000,"avoided",9
61.0666,-1,0,0,0,0,0.2894,1.0000,"avoided",9
61.0866,-1,0,0,0,0,0.2894,1.0000,"avoided",9
61.1064,-1,0,0,0,0,0.2894,1.0000,"avoided",9
61.1278,-1,0,0,0,0,0.2894,1.0000,"avoided",9
61.1478,-1,0,0,0,0,0.2894,1.0000,"avoided",9
61.1677,-1,0,0,0,0,0.2894,1.0000,"avoided",9
61.1891,-1,0,0,0,0,0.2894,1.0000,"avoided",9
61.2073,-1,0,0,0,0,0.2894,1.0000,"avoided",9
61.2402,-1,0,0,1,0,-1.0000,1.0000,,9
61.2587,-1,0,0,1,0,-1.0000,1.0000,,9
61.2805,-1,0,0,1,0,-1.0000,1.0000,,9
61.3005,-1,0,0,1,0,-1.0000,1.0000,,9
61.3235,-1,0,0,1,0,-1.0000,1.0000,,9
61.3436,-1,0,0,1,0,-1.0000,1.0000,,9
61.3661,-1,0,0,1,0,-1.0000,1.0000,,9
61.3866,-1,0,0,1,1,0.1464,2.0000,,9
61.4055,-1,0,0,1,0,0.1464,2.0000,,10
61.4272,-1,0,0,1,0,0.1464,2.0000,,10
61.4477,-1,0,0,1,0,0.1464,2.0000,,10
61.4697,-1,0,0,1,0,0.1464,2.0000,,10
61.4905,-1,0,0,1,0,0.1464,2.0000,,10
61.5116,-1,0,0,1,0,0.1464,2.0000,,10
61.5338,-1,0,0,1,0,0.1464,2.0000,,10
61.5552,-1,0,0,1,0,0.1464,2.0000,,10
61.5762,-1,0,0,1,0,0.1464,2.0000,,10
61.5980,-1,0,0,1,0,0.1464,2.0000,,10
61.6173,-1,0,0,1,0,0.1464,2.0000,,10
61.6378,-1,0,0,1,0,0.1464,2.0000,,10
61.6578,-1,0,0,1,0,0.1464,2.0000,,10
61.6793,-1,0,0,1,0,0.1464,2.0000,,10
61.7010,-1,0,0,1,0,0.1464,2.0000,,10
61.7216,-1,0,0,1,0,0.1464,2.0000,,10
61.7436,-1,0,0,1,0,0.1464,2.0000,,10
61.7646,-1,0,0,1,0,0.1464,2.0000,,10
61.7839,-1,0,0,1,0,0.1464,1.0000,,10
61.8054,-1,0,0,1,0,0.1464,1.0000,,10
61.8248,-1,0,0,1,0,0.1464,1.0000,,10
61.8454,-1,0,0,1,0,0.1464,1.0000,,10
61.8690,-1,0,0,1,0,0.1464,1.0000,,10
61.8900,-1,0,0,1,0,0.1464,1.0000,,10
61.9103,-1,0,0,1,0,0.1464,1.0000,,10
61.9326,-1,0,0,1,0,0.1464,1.0000,,10
61.9548,-1,0,0,1,0,0.1464,1.0000,,10
61.9737,-1,0,0,0,0,0.1464,1.0000,"avoided",10
61.9948,-1,0,0,0,0,0.1464,1.0000,"avoided",10
62.0161,-1,0,0,0,0,0.1464,1.0000,"avoided",10
62.0360,-1,0,0,0,1,0.1464,2.0000,"avoided",10
62.0581,-1,0,0,0,0,0.1464,2.0000,"avoided",10
62.0794,-1,0,0,0,0,0.1464,2.0000,"avoided",10
62.0991,-1,0,0,0,0,0.1464,2.0000,"avoided",10
62.1230,-1,0,0,0,0,0.1464,2.0000,"avoided",10
62.1447,-1,0,0,0,0,0.1464,2.0000,"avoided",10
62.1652,-1,0,0,0,0,0.1464,2.0000,"avoided",10
62.1877,-1,0,0,0,0,0.1464,2.0000,"avoided",10
62.2067,-1,0,0,0,0,0.1464,2.0000,"avoided",10
62.2278,-1,0,0,0,0,0.1464,2.0000,"avoided",10
62.2474,-1,0,0,0,0,0.1464,2.0000,"avoided",10
62.2681,-1,0,0,0,0,0.1464,2.0000,"avoided",10
62.2886,-1,0,0,0,0,0.1464,2.0000,"avoided",10
62.3099,-1,0,0,0,0,0.1464,2.0000,"avoided",10
62.3310,-1,0,0,0,0,0.1464,2.0000,"avoided",10
62.3500,-1,0,0,0,0,0.1464,2.0000,"avoided",10
62.3694,-1,0,0,0,0,0.1464,2.0000,"avoided",10
62.3897,-1,0,0,0,0,0.1464,1.0000,"avoided",10
62.4098,-1,0,0,0,0,0.1464,1.0000,"avoided",10
62.4323,-1,0,0,0,0,0.1464,1.0000,"avoided",10
62.4538,-1,0,0,0,0,0.1464,1.0000,"avoided",10
62.4716,-1,0,0,0,0,0.1464,1.0000,"avoided",10
62.4923,-1,0,0,0,0,0.1464,1.0000,"avoided",10
62.5133,-1,0,0,0,0,0.1464,1.0000,"avoided",10
62.5333,-1,0,0,0,0,0.1464,1.0000,"avoided",10
62.5551,-1,0,0,0,1,0.1464,2.0000,"avoided",10
62.5761,-1,0,0,0,0,0.1464,2.0000,"avoided",10
62.5962,-1,0,0,0,0,0.1464,2.0000,"avoided",10
62.6149,-1,0,0,0,0,0.1464,2.0000,"avoided",10
62.6359,-1,0,0,0,1,0.1464,3.0000,"avoided",10
62.6554,-1,0,0,0,1,0.1464,4.0000,"avoided",10
62.6774,-1,0,0,0,0,0.1464,4.0000,"avoided",10
62.6987,-1,0,0,0,0,0.1464,4.0000,"avoided",10
62.7186,-1,0,0,0,0,0.1464,4.0000,"avoided",10
62.7388,-1,0,0,0,0,0.1464,4.0000,"avoided",10
62.7590,-1,0,0,0,0,0.1464,4.0000,"avoided",10
62.7786,-1,0,0,0,0,0.1464,4.0000,"avoided",10
62.7993,-1,0,0,0,0,0.1464,4.0000,"avoided",10
62.8216,-1,0,0,0,0,0.1464,4.0000,"avoided",10
62.8425,-1,0,0,0,0,0.1464,4.0000,"avoided",10
62.8611,-1,0,0,0,0,0.1464,4.0000,"avoided",10
62.8813,-1,0,0,0,0,0.1464,4.0000,"avoided",10
62.9033,-1,0,0,0,0,0.1464,4.0000,"avoided",10
62.9256,-1,0,0,0,0,0.1464,4.0000,"avoided",10
62.9439,-1,0,0,0,0,0.1464,4.0000,"avoided",10
62.9653,-1,0,0,0,0,0.1464,4.0000,"avoided",10
62.9874,-1,0,0,0,0,0.1464,4.0000,"avoided",10
63.0083,-1,0,0,0,0,0.1464,4.0000,"avoided",10
63.0259,-1,0,0,0,0,0.1464,4.0000,"avoided",10
63.0482,-1,0,0,0,0,0.1464,3.0000,"avoided",10
63.0660,-1,0,0,0,0,0.1464,3.0000,"avoided",10
63.0875,-1,0,0,0,0,0.1464,3.0000,"avoided",10
63.1087,-1,0,0,0,0,0.1464,3.0000,"avoided",10
63.1294,-1,0,0,0,0,0.1464,3.0000,"avoided",10
63.1480,-1,0,0,0,0,0.1464,3.0000,"avoided",10
63.1687,-1,0,0,0,0,0.1464,3.0000,"avoided",10
63.1882,-1,0,0,0,0,0.1464,3.0000,"avoided",10
63.2103,-1,0,0,0,0,0.1464,3.0000,"avoided",10
63.2302,-1,0,0,0,0,0.1464,3.0000,"avoided",10
63.2502,-1,0,0,0,0,0.1464,3.0000,"avoided",10
63.2693,-1,0,0,0,0,0.1464,3.0000,"avoided",10
63.2906,-1,0,0,0,0,0.1464,3.0000,"avoided",10
63.3093,-1,0,0,0,1,0.1464,5.0000,"avoided",10
63.3319,-1,0,0,0,1,0.1464,6.0000,"avoided",10
63.3530,-1,0,0,0,0,0.1464,6.0000,"avoided",10
63.3729,-1,0,0,0,0,0.1464,6.0000,"avoided",10
63.3915,-1,0,0,0,0,0.1464,6.0000,"avoided",10
63.4119,-1,0,0,0,0,0.1464,6.0000,"avoided",10
63.4324,-1,0,0,0,0,0.1464,6.0000,"avoided",10
63.4545,-1,0,0,0,0,0.1464,6.0000,"avoided",10
63.4743,-1,0,0,0,0,0.1464,6.0000,"avoided",10
63.4935,-1,0,0,0,0,0.1464,6.0000,"avoided",10
63.5129,-1,0,0,0,0,0.1464,6.0000,"avoided",10
63.5330,-1,0,0,0,0,0.1464,6.0000,"avoided",10
63.5547,-1,0,0,0,0,0.1464,6.0000,"avoided",10
63.5748,-1,0,0,0,0,0.1464,5.0000,"avoided",10
63.5947,-1,0,0,0,0,0.1464,5.0000,"avoided",10
63.6146,-1,0,0,0,0,0.1464,5.0000,"avoided",10
63.6330,-1,0,0,0,0,0.1464,5.0000,"avoided",10
63.6546,-1,0,0,0,0,0.1464,4.0000,"avoided",10
63.6749,-1,0,0,0,0,0.1464,3.0000,"avoided",10
63.6943,-1,0,0,0,1,0.1464,4.0000,"avoided",10
63.7142,-1,0,0,0,0,0.1464,4.0000,"avoided",10
63.7331,-1,0,0,0,0,0.1464,4.0000,"avoided",10
63.7550,-1,0,0,0,0,0.1464,4.0000,"avoided",10
63.7750,-1,0,0,0,0,0.1464,4.0000,"avoided",10
63.7943,-1,0,0,0,0,0.1464,4.0000,"avoided",10
63.8142,-1,0,0,0,0,0.1464,4.0000,"avoided",10
63.8330,-1,0,0,0,0,0.1464,4.0000,"avoided",10
63.8538,-1,0,0,0,0,0.1464,4.0000,"avoided",10
63.8741,-1,0,0,0,0,0.1464,4.0000,"avoided",10
63.8934,-1,0,0,0,0,0.1464,4.0000,"avoided",10
63.9116,-1,0,0,0,0,0.1464,4.0000,"avoided",10
63.9312,-1,0,0,0,0,0.1464,4.0000,"avoided",10
63.9523,-1,0,0,0,0,0.1464,4.0000,"avoided",10
63.9748,-1,0,0,0,0,0.1464,4.0000,"avoided",10
63.9944,-1,0,0,0,0,0.1464,4.0000,"avoided",10
64.0112,-1,0,0,0,0,0.1464,4.0000,"avoided",10
64.0318,-1,0,0,0,0,0.1464,4.0000,"avoided",10
64.0529,-1,0,0,0,0,0.1464,4.0000,"avoided",10
64.0727,-1,0,0,0,0,0.1464,4.0000,"avoided",10
64.0928,-1,0,0,0,0,0.1464,4.0000,"avoided",10
64.1108,-1,0,0,0,0,0.1464,4.0000,"avoided",10
64.1318,-1,0,0,0,0,0.1464,4.0000,"avoided",10
64.1521,-1,0,0,0,0,0.1464,4.0000,"avoided",10
64.1718,-1,0,0,0,0,0.1464,4.0000,"avoided",10
64.1902,-1,0,0,0,0,0.1464,4.0000,"avoided",10
64.2107,-1,0,0,0,0,0.1464,4.0000,"avoided",10
64.2315,-1,0,0,0,0,0.1464,4.0000,"avoided",10
64.2513,-1,0,0,0,0,0.1464,4.0000,"avoided",10
64.2707,-1,0,0,0,0,0.1464,4.0000,"avoided",10
64.2894,-1,0,0,0,0,0.1464,4.0000,"avoided",10
64.3102,-1,0,0,0,0,0.1464,2.0000,"avoided",10
64.3309,-1,0,0,0,0,0.1464,2.0000,"avoided",10
64.3506,-1,0,0,0,0,0.1464,1.0000,"avoided",10
64.3679,-1,0,0,0,0,0.1464,1.0000,"avoided",10
64.3890,-1,0,0,0,0,0.1464,1.0000,"avoided",10
64.4100,-1,0,0,0,0,0.1464,1.0000,"avoided",10
64.4305,-1,0,0,0,0,0.1464,1.0000,"avoided",10
64.4498,-1,0,0,0,0,0.1464,1.0000,"avoided",10
64.4673,-1,0,0,0,0,0.1464,1.0000,"avoided",10
64.4882,-1,0,0,0,0,0.1464,1.0000,"avoided",10
64.5097,-1,0,0,0,0,0.1464,1.0000,"avoided",10
64.5292,-1,0,0,0,0,0.1464,1.0000,"avoided",10
64.5488,-1,0,0,0,0,0.1464,1.0000,"avoided",10
64.5665,-1,0,0,0,0,0.1464,1.0000,"avoided",10
64.5872,-1,0,0,0,0,0.1464,1.0000,"avoided",10
64.6085,-1,0,0,0,0,0.1464,1.0000,"avoided",10
64.6279,-1,0,0,0,0,0.1464,1.0000,"avoided",10
64.6463,-1,0,0,0,0,0.1464,1.0000,"avoided",10
64.6665,-1,0,0,0,0,0.1464,1.0000,"avoided",10
64.6870,-1,0,0,0,0,0.1464,1.0000,"avoided",10
64.7071,-1,0,0,0,0,0.1464,0.0000,"avoided",10
64.7264,-1,0,0,0,0,0.1464,0.0000,"avoided",10
64.7450,-1,0,0,0,0,0.1464,0.0000,"avoided",10
64.7649,-1,0,0,0,0,0.1464,0.0000,"avoided",10
64.7854,-1,0,0,0,0,0.1464,0.0000,"avoided",10
64.8053,-1,0,0,0,0,0.1464,0.0000,"avoided",10
64.8226,-1,0,0,0,0,0.1464,0.0000,"avoided",10
64.8430,-1,0,0,0,0,0.1464,0.0000,"avoided",10
64.8648,-1,0,0,0,0,0.1464,0.0000,"avoided",10
64.8848,-1,0,0,0,0,0.1464,0.0000,"avoided",10
64.9056,-1,0,0,0,0,0.1464,0.0000,"avoided",10
64.9228,-1,0,0,0,0,0.1464,0.0000,"avoided",10
64.9424,-1,0,0,0,0,0.1464,0.0000,"avoided",10
64.9645,-1,0,0,0,0,0.1464,0.0000,"avoided",10
64.9837,-1,0,0,0,0,0.1464,0.0000,"avoided",10
65.0027,-1,0,0,0,0,0.1464,0.0000,"avoided",10
65.0211,-1,0,0,0,0,0.1464,0.0000,"avoided",10
65.0447,-1,0,0,0,0,0.1464,0.0000,"avoided",10
65.0648,-1,0,0,0,0,0.1464,0.0000,"avoided",10
65.0853,-1,0,0,0,0,0.1464,0.0000,"avoided",10
65.1028,-1,0,0,0,0,0.1464,0.0000,"avoided",10
65.1220,-1,0,0,0,0,0.1464,0.0000,"avoided",10
65.1441,-1,0,0,0,0,0.1464,0.0000,"avoided",10
65.1669,-1,0,0,0,1,0.1464,1.0000,"avoided",10
65.1870,-1,0,0,0,1,0.1464,3.0000,"avoided",10
65.2082,-1,0,0,0,0,0.1464,3.0000,"avoided",10
65.2281,-1,0,0,0,0,0.1464,3.0000,"avoided",10
65.2476,-1,0,0,0,0,0.1464,3.0000,"avoided",10
65.2671,-1,0,0,0,0,0.1464,3.0000,"avoided",10
65.2858,-1,0,0,0,0,0.1464,3.0000,"avoided",10
65.3082,-1,0,0,0,0,0.1464,3.0000,"avoided",10
65.3277,-1,0,0,0,0,0.1464,3.0000,"avoided",10
65.3470,-1,0,0,0,0,0.1464,3.0000,"avoided",10
65.3669,-1,0,0,0,0,0.1464,3.0000,"avoided",10
65.3882,-1,0,0,0,0,0.1464,3.0000,"avoided",10
65.4104,-1,0,0,0,0,0.1464,3.0000,"avoided",10
65.4290,-1,0,0,0,0,0.1464,3.0000,"avoided",10
65.4490,-1,0,0,0,0,0.1464,3.0000,"avoided",10
65.4695,-1,0,0,0,0,0.1464,3.0000,"avoided",10
65.4895,-1,0,0,0,0,0.1464,3.0000,"avoided",10
65.5100,-1,0,0,0,0,0.1464,3.0000,"avoided",10
65.5305,-1,0,0,0,0,0.1464,3.0000,"avoided",10
65.5500,-1,0,0,0,0,0.1464,3.0000,"avoided",10
65.5706,-1,0,0,0,0,0.1464,3.0000,"avoided",10
65.5904,-1,0,0,0,1,0.1464,4.0000,"avoided",10
65.6101,-1,0,0,0,0,0.1464,4.0000,"avoided",10
65.6325,-1,0,0,0,0,0.1464,4.0000,"avoided",10
65.6531,-1,0,0,0,0,0.1464,4.0000,"avoided",10
65.6716,-1,0,0,0,0,0.1464,4.0000,"avoided",10
65.6925,-1,0,0,0,0,0.1464,4.0000,"avoided",10
65.7107,-1,0,0,0,0,0.1464,4.0000,"avoided",10
65.7321,-1,0,0,0,0,0.1464,4.0000,"avoided",10
65.7539,-1,0,0,0,0,0.1464,4.0000,"avoided",10
65.7713,-1,0,0,0,0,0.1464,4.0000,"avoided",10
65.7923,-1,0,0,0,0,0.1464,4.0000,"avoided",10
65.8119,-1,0,0,0,0,0.1464,4.0000,"avoided",10
65.8324,-1,0,0,0,0,0.1464,4.0000,"avoided",10
65.8546,-1,0,0,0,0,0.1464,4.0000,"avoided",10
65.8733,-1,0,0,0,0,0.1464,4.0000,"avoided",10
65.8945,-1,0,0,0,0,0.1464,4.0000,"avoided",10
65.9137,-1,0,0,0,0,0.1464,4.0000,"avoided",10
65.9338,-1,0,0,0,0,0.1464,4.0000,"avoided",10
65.9549,-1,0,0,0,0,0.1464,4.0000,"avoided",10
65.9770,-1,0,0,0,0,0.1464,4.0000,"avoided",10
65.9951,-1,0,0,0,0,0.1464,4.0000,"avoided",10
66.0168,-1,0,0,0,0,0.1464,4.0000,"avoided",10
66.0358,-1,0,0,0,0,0.1464,4.0000,"avoided",10
66.0572,-1,0,0,0,0,0.1464,4.0000,"avoided",10
66.0790,-1,0,0,0,0,0.1464,4.0000,"avoided",10
66.0994,-1,0,0,0,0,0.1464,4.0000,"avoided",10
66.1201,-1,0,0,0,0,0.1464,4.0000,"avoided",10
66.1401,-1,0,0,0,0,0.1464,4.0000,"avoided",10
66.1599,-1,0,0,0,0,0.1464,4.0000,"avoided",10
66.1803,-1,0,0,0,0,0.1464,3.0000,"avoided",10
66.2010,-1,0,0,0,0,0.1464,1.0000,"avoided",10
66.2223,-1,0,0,0,0,0.1464,1.0000,"avoided",10
66.2401,-1,0,0,0,0,0.1464,1.0000,"avoided",10
66.2756,-1,0,0,0,0,0.1464,1.0000,"avoided",10
66.2955,-1,0,0,0,0,0.1464,1.0000,"avoided",10
66.3157,-1,0,0,0,0,0.1464,1.0000,"avoided",10
66.3365,-1,0,0,0,0,0.1464,1.0000,"avoided",10
66.3575,-1,0,0,0,0,0.1464,1.0000,"avoided",10
66.3778,-1,0,0,0,0,0.1464,1.0000,"avoided",10
66.3999,-1,0,0,0,0,0.1464,1.0000,"avoided",10
66.4208,-1,0,0,0,0,0.1464,1.0000,"avoided",10
66.4389,-1,0,0,0,0,0.1464,1.0000,"avoided",10
66.4607,-1,0,0,0,0,0.1464,1.0000,"avoided",10
66.4829,-1,0,0,0,0,0.1464,1.0000,"avoided",10
66.5037,-1,0,0,0,0,0.1464,1.0000,"avoided",10
66.5239,-1,0,0,0,0,0.1464,1.0000,"avoided",10
66.5450,-1,0,0,0,0,0.1464,1.0000,"avoided",10
66.5668,-1,0,0,0,0,0.1464,1.0000,"avoided",10
66.5872,-1,0,0,0,0,0.1464,1.0000,"avoided",10
66.6068,-1,0,0,0,0,0.1464,0.0000,"avoided",10
66.6279,-1,0,0,0,0,0.1464,0.0000,"avoided",10
66.6486,-1,0,0,0,0,0.1464,0.0000,"avoided",10
66.6710,-1,0,0,0,0,0.1464,0.0000,"avoided",10
66.6911,-1,0,0,0,0,0.1464,0.0000,"avoided",10
66.7114,-1,0,0,0,0,0.1464,0.0000,"avoided",10
66.7316,-1,0,0,0,0,0.1464,0.0000,"avoided",10
66.7556,-1,0,0,0,0,0.1464,0.0000,"avoided",10
66.7756,-1,0,0,0,0,0.1464,0.0000,"avoided",10
66.7962,-1,0,0,0,0,0.1464,0.0000,"avoided",10
66.8169,-1,0,0,0,0,0.1464,0.0000,"avoided",10
66.8364,-1,0,0,0,0,0.1464,0.0000,"avoided",10
66.8563,-1,0,0,0,0,0.1464,0.0000,"avoided",10
66.8780,-1,0,0,0,0,0.1464,0.0000,"avoided",10
66.9003,-1,0,0,0,0,0.1464,0.0000,"avoided",10
66.9200,-1,0,0,0,0,0.1464,0.0000,"avoided",10
66.9394,-1,0,0,0,0,0.1464,0.0000,"avoided",10
66.9605,-1,0,0,0,0,0.1464,0.0000,"avoided",10
66.9807,-1,0,0,0,0,0.1464,0.0000,"avoided",10
67.0011,-1,0,0,0,0,0.1464,0.0000,"avoided",10
67.0225,-1,0,0,0,0,0.1464,0.0000,"avoided",10
67.0448,-1,0,0,0,0,0.1464,0.0000,"avoided",10
67.0645,-1,0,0,0,0,0.1464,0.0000,"avoided",10
67.0843,-1,0,0,0,0,0.1464,0.0000,"avoided",10
67.1054,-1,0,0,0,0,0.1464,0.0000,"avoided",10
67.1269,-1,0,0,0,0,0.1464,0.0000,"avoided",10
67.1479,-1,0,0,0,0,0.1464,0.0000,"avoided",10
67.1689,-1,0,0,0,0,0.1464,0.0000,"avoided",10
67.1889,-1,0,0,0,0,0.1464,0.0000,"avoided",10
67.2122,-1,0,0,0,0,0.1464,0.0000,"avoided",10
67.2326,-1,0,0,0,0,0.1464,0.0000,"avoided",10
67.2525,-1,0,0,0,0,0.1464,0.0000,"avoided",10
67.2737,-1,0,0,0,0,0.1464,0.0000,"avoided",10
67.2954,-1,0,0,0,1,0.1464,1.0000,"avoided",10
67.3153,-1,0,0,0,0,0.1464,1.0000,"avoided",10
67.3364,-1,0,0,0,0,0.1464,1.0000,"avoided",10
67.3570,-1,0,0,0,0,0.1464,1.0000,"avoided",10
67.3779,-1,0,0,0,0,0.1464,1.0000,"avoided",10
67.4001,-1,0,0,0,0,0.1464,1.0000,"avoided",10
67.4211,-1,0,0,0,0,0.1464,1.0000,"avoided",10
67.4422,-1,0,0,0,0,0.1464,1.0000,"avoided",10
67.4632,-1,0,0,0,0,0.1464,1.0000,"avoided",10
67.4840,-1,0,0,0,0,0.1464,1.0000,"avoided",10
67.5050,-1,0,0,0,0,0.1464,1.0000,"avoided",10
67.5260,-1,0,0,0,0,0.1464,1.0000,"avoided",10
67.5473,-1,0,0,0,0,0.1464,1.0000,"avoided",10
67.5670,-1,0,0,0,0,0.1464,1.0000,"avoided",10
67.5904,-1,0,0,0,0,0.1464,1.0000,"avoided",10
67.6104,-1,0,0,0,0,0.1464,1.0000,"avoided",10
67.6308,-1,0,0,0,0,0.1464,1.0000,"avoided",10
67.6520,-1,0,0,0,0,0.1464,1.0000,"avoided",10
67.6728,-1,0,0,0,0,0.1464,1.0000,"avoided",10
67.6924,-1,0,0,0,0,0.1464,1.0000,"avoided",10
67.7152,-1,0,0,0,0,0.1464,1.0000,"avoided",10
67.7340,-1,0,0,0,0,0.1464,1.0000,"avoided",10
67.7544,-1,0,0,0,0,0.1464,1.0000,"avoided",10
67.7760,-1,0,0,0,0,0.1464,1.0000,"avoided",10
67.7962,-1,0,0,0,0,0.1464,1.0000,"avoided",10
67.8169,-1,0,0,0,0,0.1464,1.0000,"avoided",10
67.8377,-1,0,0,0,0,0.1464,1.0000,"avoided",10
67.8586,-1,0,0,0,0,0.1464,1.0000,"avoided",10
67.8803,-1,0,0,0,0,0.1464,1.0000,"avoided",10
67.9009,-1,0,0,0,0,0.1464,1.0000,"avoided",10
67.9218,-1,0,0,0,1,0.1464,2.0000,"avoided",10
67.9432,-1,0,0,0,1,0.1464,3.0000,"avoided",10
67.9639,-1,0,0,0,1,0.1464,4.0000,"avoided",10
67.9835,-1,0,0,0,0,0.1464,4.0000,"avoided",10
68.0053,-1,0,0,0,0,0.1464,4.0000,"avoided",10
68.0255,-1,0,0,0,0,0.1464,4.0000,"avoided",10
68.0465,-1,0,0,0,0,0.1464,4.0000,"avoided",10
68.0668,-1,0,0,0,0,0.1464,4.0000,"avoided",10
68.0904,-1,0,0,0,0,0.1464,4.0000,"avoided",10
68.1111,-1,0,0,0,0,0.1464,4.0000,"avoided",10
68.1318,-1,0,0,0,0,0.1464,4.0000,"avoided",10
68.1542,-1,0,0,0,0,0.1464,4.0000,"avoided",10
68.1758,-1,0,0,0,0,0.1464,4.0000,"avoided",10
68.1974,-1,0,0,0,0,0.1464,4.0000,"avoided",10
68.2182,-1,0,0,0,0,0.1464,4.0000,"avoided",10
68.2400,-1,0,0,0,0,0.1464,4.0000,"avoided",10
68.2603,-1,0,0,0,0,0.1464,4.0000,"avoided",10
68.2831,-1,0,0,0,1,0.1464,5.0000,"avoided",10
68.3039,-1,0,0,0,0,0.1464,4.0000,"avoided",10
68.3256,-1,0,0,0,0,0.1464,4.0000,"avoided",10
68.3449,-1,0,0,0,0,0.1464,4.0000,"avoided",10
68.3669,-1,0,0,0,0,0.1464,4.0000,"avoided",10
68.3896,-1,0,0,0,0,0.1464,4.0000,"avoided",10
68.4094,-1,0,0,0,0,0.1464,4.0000,"avoided",10
68.4318,-1,0,0,0,0,0.1464,4.0000,"avoided",10
68.4521,-1,0,0,0,0,0.1464,4.0000,"avoided",10
68.4737,-1,0,0,0,0,0.1464,4.0000,"avoided",10
68.4937,-1,0,0,0,0,0.1464,4.0000,"avoided",10
68.5149,-1,0,0,0,0,0.1464,4.0000,"avoided",10
68.5350,-1,0,0,0,0,0.1464,4.0000,"avoided",10
68.5558,-1,0,0,0,0,0.1464,4.0000,"avoided",10
68.5772,-1,0,0,0,0,0.1464,4.0000,"avoided",10
68.5980,-1,0,0,0,0,0.1464,4.0000,"avoided",10
68.6196,-1,0,0,0,0,0.1464,4.0000,"avoided",10
68.6399,-1,0,0,0,0,0.1464,4.0000,"avoided",10
68.6614,-1,0,0,0,0,0.1464,4.0000,"avoided",10
68.6822,-1,0,0,0,0,0.1464,4.0000,"avoided",10
68.7026,-1,0,0,0,0,0.1464,4.0000,"avoided",10
68.7233,-1,0,0,0,0,0.1464,4.0000,"avoided",10
68.7450,-1,0,0,0,0,0.1464,4.0000,"avoided",10
68.7653,-1,0,0,0,0,0.1464,4.0000,"avoided",10
68.7871,-1,0,0,0,0,0.1464,4.0000,"avoided",10
68.8091,-1,0,0,0,0,0.1464,4.0000,"avoided",10
68.8288,-1,0,0,0,0,0.1464,4.0000,"avoided",10
68.8495,-1,0,0,0,0,0.1464,4.0000,"avoided",10
68.8716,-1,0,0,0,0,0.1464,4.0000,"avoided",10
68.8922,-1,0,0,0,0,0.1464,4.0000,"avoided",10
68.9124,-1,0,0,0,0,0.1464,4.0000,"avoided",10
68.9325,-1,0,0,0,0,0.1464,3.0000,"avoided",10
68.9541,-1,0,0,0,0,0.1464,2.0000,"avoided",10
68.9759,-1,0,0,0,0,0.1464,1.0000,"avoided",10
68.9976,-1,0,0,0,0,0.1464,1.0000,"avoided",10
69.0178,-1,0,0,0,0,0.1464,1.0000,"avoided",10
69.0384,-1,0,0,0,0,0.1464,1.0000,"avoided",10
69.0592,-1,0,0,0,0,0.1464,1.0000,"avoided",10
69.0799,-1,0,0,0,0,0.1464,1.0000,"avoided",10
69.1008,-1,0,0,0,0,0.1464,1.0000,"avoided",10
69.1221,-1,0,0,0,0,0.1464,1.0000,"avoided",10
69.1443,-1,0,0,0,0,0.1464,1.0000,"avoided",10
69.1653,-1,0,0,0,0,0.1464,1.0000,"avoided",10
69.1881,-1,0,0,0,0,0.1464,1.0000,"avoided",10
69.2093,-1,0,0,0,0,0.1464,1.0000,"avoided",10
69.2298,-1,0,0,0,0,0.1464,1.0000,"avoided",10
69.2499,-1,0,0,0,0,0.1464,1.0000,"avoided",10
69.2714,-1,0,0,0,0,0.1464,1.0000,"avoided",10
69.2919,-1,0,0,0,0,0.1464,0.0000,"avoided",10
69.3130,-1,0,0,0,1,0.1464,1.0000,"avoided",10
69.3332,-1,0,0,0,1,0.1464,2.0000,"avoided",10
69.3550,-1,0,0,0,1,0.1464,3.0000,"avoided",10
69.3752,-1,0,0,0,0,0.1464,3.0000,"avoided",11
69.3953,-1,0,0,0,0,0.1464,3.0000,"avoided",11
69.4155,-1,0,0,0,0,0.1464,3.0000,"avoided",11
69.4375,-1,0,0,0,0,0.1464,3.0000,"avoided",11
69.4569,-1,0,0,0,0,0.1464,3.0000,"avoided",11
69.4782,-1,0,0,0,0,0.1464,3.0000,"avoided",11
69.4998,-1,0,0,0,0,0.1464,3.0000,"avoided",11
69.5212,-1,0,0,1,0,-1.0000,3.0000,,11
69.5410,-1,0,0,1,0,-1.0000,3.0000,,11
69.5626,-1,0,0,1,0,-1.0000,3.0000,,11
69.5819,-1,0,0,1,0,-1.0000,3.0000,,11
69.6040,-1,0,0,1,0,-1.0000,3.0000,,11
69.6237,-1,0,0,1,0,-1.0000,3.0000,,11
69.6449,-1,0,0,1,0,-1.0000,3.0000,,11
69.6665,-1,0,0,1,0,-1.0000,3.0000,,11
69.6868,-1,0,0,1,0,-1.0000,3.0000,,11
69.7080,-1,0,0,1,0,-1.0000,3.0000,,11
69.7284,-1,0,0,1,0,-1.0000,3.0000,,11
69.7490,-1,0,0,1,0,-1.0000,3.0000,,11
69.7695,-1,0,0,1,0,-1.0000,3.0000,,11
69.7906,-1,0,0,1,0,-1.0000,3.0000,,11
69.8111,-1,0,0,1,0,-1.0000,3.0000,,11
69.8325,-1,0,0,1,0,-1.0000,3.0000,,11
69.8522,-1,0,0,1,0,-1.0000,3.0000,,11
69.8745,-1,0,0,1,0,-1.0000,3.0000,,11
69.8949,-1,0,0,1,0,-1.0000,3.0000,,11
69.9143,-1,0,0,1,0,-1.0000,3.0000,,11
69.9353,-1,0,0,1,0,-1.0000,3.0000,,11
69.9565,-1,0,0,1,0,-1.0000,3.0000,,11
69.9769,-1,0,0,1,0,-1.0000,3.0000,,11
69.9974,-1,0,0,1,0,-1.0000,3.0000,,11
70.0184,-1,0,0,1,0,-1.0000,3.0000,,11
70.0395,-1,0,0,1,0,-1.0000,3.0000,"hit",12
70.0588,-1,0,0,1,0,-1.0000,3.0000,"hit",12
70.0802,-1,0,0,1,0,-1.0000,3.0000,"hit",12
70.1007,-1,0,0,1,0,-1.0000,3.0000,"hit",12
70.1213,-1,0,0,1,0,-1.0000,3.0000,"hit",12
70.1417,-1,0,0,0,0,-1.0000,3.0000,"hit",12
70.1623,-1,0,0,0,0,-1.0000,3.0000,"hit",12
70.1834,-1,0,0,0,0,-1.0000,3.0000,"hit",12
70.2054,-1,0,0,0,0,-1.0000,3.0000,"hit",12
70.2280,-1,0,0,0,0,-1.0000,3.0000,"hit",12
70.2464,-1,0,0,0,0,-1.0000,3.0000,"hit",12
70.2695,-1,0,0,0,0,-1.0000,3.0000,"hit",12
70.2898,-1,0,0,0,0,-1.0000,3.0000,"hit",12
70.3127,-1,0,0,0,0,-1.0000,3.0000,"hit",12
70.3332,-1,0,0,0,0,-1.0000,2.0000,"hit",12
70.3532,-1,0,0,0,0,-1.0000,1.0000,"hit",12
70.3751,-1,0,0,0,0,-1.0000,0.0000,"hit",12
70.3940,-1,0,0,0,0,-1.0000,0.0000,"hit",12
70.4138,-1,0,0,0,0,-1.0000,0.0000,"hit",12
70.4341,-1,0,0,0,0,-1.0000,0.0000,"hit",12
70.4542,-1,0,0,1,0,-1.0000,0.0000,,12
70.4746,-1,0,0,1,0,-1.0000,0.0000,,12
70.4937,-1,0,0,1,0,-1.0000,0.0000,,12
70.5130,-1,0,0,1,0,-1.0000,0.0000,,12
70.5349,-1,0,0,1,0,-1.0000,0.0000,,12
70.5531,-1,0,0,1,0,-1.0000,0.0000,,12
70.5741,-1,0,0,0,0,-1.0000,0.0000,"avoided",12
70.5934,-1,0,0,0,0,-1.0000,0.0000,"avoided",12
70.6133,-1,0,0,0,1,-1.0000,2.0000,"avoided",12
70.6336,-1,0,0,0,1,-1.0000,3.0000,"avoided",12
70.6528,-1,0,0,0,0,-1.0000,3.0000,"avoided",12
70.6720,-1,0,0,0,0,-1.0000,3.0000,"avoided",12
70.6913,-1,0,0,0,0,-1.0000,3.0000,"avoided",12
70.7112,-1,0,0,0,0,-1.0000,3.0000,"avoided",12
70.7318,-1,0,0,0,0,-1.0000,3.0000,"avoided",12
70.7512,-1,0,0,0,0,-1.0000,3.0000,"avoided",12
70.7705,-1,0,0,0,0,-1.0000,3.0000,"avoided",12
70.7883,-1,0,0,0,0,-1.0000,3.0000,"avoided",12
70.8090,-1,0,0,0,0,-1.0000,3.0000,"avoided",12
70.8284,-1,0,0,0,0,-1.0000,3.0000,"avoided",12
70.8469,-1,0,0,0,0,-1.0000,3.0000,"avoided",12
70.8654,-1,0,0,0,0,-1.0000,3.0000,"avoided",12
70.8859,-1,0,0,0,0,-1.0000,3.0000,"avoided",12
70.9060,-1,0,0,0,0,-1.0000,3.0000,"avoided",12
70.9244,-1,0,0,0,0,-1.0000,3.0000,"avoided",12
70.9427,-1,0,0,0,0,-1.0000,3.0000,"avoided",12
70.9627,-1,0,0,0,0,-1.0000,3.0000,"avoided",12
70.9823,-1,0,0,0,0,-1.0000,3.0000,"avoided",12
71.0011,-1,0,0,0,0,-1.0000,3.0000,"avoided",12
71.0199,-1,0,0,0,0,-1.0000,3.0000,"avoided",12
71.0385,-1,0,0,0,0,-1.0000,3.0000,"avoided",12
71.0568,-1,0,0,0,0,-1.0000,3.0000,"avoided",12
71.0770,-1,0,0,0,0,-1.0000,3.0000,"avoided",12
71.0955,-1,0,0,0,0,-1.0000,3.0000,"avoided",12
71.1149,-1,0,0,0,0,-1.0000,3.0000,"avoided",12
71.1328,-1,0,0,0,0,-1.0000,3.0000,"avoided",12
71.1526,-1,0,0,0,0,-1.0000,3.0000,"avoided",12
71.1706,-1,0,0,0,0,-1.0000,3.0000,"avoided",12
71.1893,-1,0,0,0,0,-1.0000,3.0000,"avoided",12
71.2092,-1,0,0,0,0,-1.0000,3.0000,"avoided",12
71.2284,-1,0,0,0,0,-1.0000,3.0000,"avoided",12
71.2476,-1,0,0,0,0,-1.0000,3.0000,"avoided",12
71.2660,-1,0,0,0,0,-1.0000,3.0000,"avoided",12
71.2924,-1,0,0,0,0,-1.0000,3.0000,"avoided",12
71.3121,-1,0,0,0,0,-1.0000,3.0000,"avoided",12
71.3351,-1,0,0,0,0,-1.0000,3.0000,"avoided",12
71.3519,-1,0,0,0,0,-1.0000,3.0000,"avoided",12
71.3726,-1,0,0,0,0,-1.0000,3.0000,"avoided",12
71.3915,-1,0,0,0,0,-1.0000,3.0000,"avoided",12
71.4104,-1,0,0,0,0,-1.0000,3.0000,"avoided",12
71.4301,-1,0,0,0,0,-1.0000,3.0000,"avoided",12
71.4480,-1,0,0,0,0,-1.0000,3.0000,"avoided",12
71.4676,-1,0,0,0,0,-1.0000,3.0000,"avoided",12
71.4872,-1,0,0,0,0,-1.0000,3.0000,"avoided",12
71.5057,-1,0,0,0,0,-1.0000,3.0000,"avoided",12
71.5247,-1,0,0,0,0,-1.0000,3.0000,"avoided",12
71.5442,-1,0,0,0,0,-1.0000,3.0000,"avoided",12
71.5629,-1,0,0,0,0,-1.0000,3.0000,"avoided",12
71.5824,-1,0,0,0,0,-1.0000,3.0000,"avoided",12
71.6010,-1,0,0,0,0,-1.0000,3.0000,"avoided",12
71.6203,-1,0,0,0,0,-1.0000,1.0000,"avoided",12
71.6388,-1,0,0,0,0,-1.0000,0.0000,"avoided",12
71.6578,-1,0,0,0,0,-1.0000,0.0000,"avoided",12
71.6765,-1,0,0,0,0,-1.0000,0.0000,"avoided",12
71.6949,-1,0,0,0,0,-1.0000,0.0000,"avoided",12
71.7138,-1,0,0,0,0,-1.0000,0.0000,"avoided",12
71.7327,-1,0,0,0,0,-1.0000,0.0000,"avoided",12
71.7519,-1,0,0,0,0,-1.0000,0.0000,"avoided",12
71.7709,-1,0,0,0,0,-1.0000,0.0000,"avoided",12
71.7891,-1,0,0,0,0,-1.0000,0.0000,"avoided",12
71.8082,-1,0,0,0,1,-1.0000,1.0000,"avoided",12
71.8269,-1,0,0,0,0,-1.0000,1.0000,"avoided",12
71.8452,-1,0,0,0,0,-1.0000,1.0000,"avoided",12
71.8641,-1,0,0,0,0,-1.0000,1.0000,"avoided",12
71.8823,-1,0,0,0,0,-1.0000,1.0000,"avoided",12
71.9012,-1,0,0,0,0,-1.0000,1.0000,"avoided",12
71.9197,-1,0,0,0,0,-1.0000,1.0000,"avoided",12
71.9394,-1,0,0,0,0,-1.0000,1.0000,"avoided",12
71.9565,-1,0,0,0,0,-1.0000,1.0000,"avoided",12
71.9761,-1,0,0,0,0,-1.0000,1.0000,"avoided",12
71.9937,-1,0,0,0,0,-1.0000,1.0000,"avoided",12
72.0134,-1,0,0,0,0,-1.0000,1.0000,"avoided",12
72.0320,-1,0,0,0,0,-1.0000,1.0000,"avoided",12
72.0500,-1,0,0,0,0,-1.0000,1.0000,"avoided",12
72.0692,-1,0,0,0,0,-1.0000,1.0000,"avoided",12
72.0869,-1,0,0,0,0,-1.0000,1.0000,"avoided",12
72.1072,-1,0,0,0,0,-1.0000,1.0000,"avoided",12
72.1246,-1,0,0,0,0,-1.0000,1.0000,"avoided",12
72.1438,-1,0,0,0,0,-1.0000,1.0000,"avoided",12
72.1625,-1,0,0,0,0,-1.0000,1.0000,"avoided",12
72.1811,-1,0,0,0,0,-1.0000,1.0000,"avoided",12
72.1997,-1,0,0,0,0,-1.0000,1.0000,"avoided",12
72.2188,-1,0,0,0,0,-1.0000,1.0000,"avoided",12
72.2370,-1,0,0,0,0,-1.0000,1.0000,"avoided",12
72.2562,-1,0,0,0,1,-1.0000,2.0000,"avoided",12
72.2747,-1,0,0,1,0,-1.0000,2.0000,,12
72.2935,-1,0,0,1,0,-1.0000,2.0000,,12
72.3110,-1,0,0,1,0,-1.0000,2.0000,,12
72.3320,-1,0,0,1,1,0.0573,3.0000,,12
72.3506,-1,0,0,1,1,0.0573,4.0000,,12
72.3711,-1,0,0,1,0,0.0573,4.0000,,12
72.3890,-1,0,0,0,0,0.0573,4.0000,"avoided",12
72.4094,-1,0,0,0,0,0.0573,4.0000,"avoided",12
72.4276,-1,0,0,0,0,0.0573,4.0000,"avoided",12
72.4464,-1,0,0,0,0,0.0573,4.0000,"avoided",12
72.4659,-1,0,0,0,0,0.0573,4.0000,"avoided",12
72.4849,-1,0,0,0,0,0.0573,4.0000,"avoided",12
72.5042,-1,0,0,0,0,0.0573,4.0000,"avoided",12
72.5253,-1,0,0,0,0,0.0573,4.0000,"avoided",12
72.5442,-1,0,0,0,0,0.0573,4.0000,"avoided",12
72.5632,-1,0,0,0,0,0.0573,4.0000,"avoided",12
72.5812,-1,0,0,0,0,0.0573,4.0000,"avoided",12
72.6018,-1,0,0,0,0,0.0573,4.0000,"avoided",12
72.6209,-1,0,0,0,0,0.0573,4.0000,"avoided",12
72.6414,-1,0,0,0,0,0.0573,4.0000,"avoided",12
72.6621,-1,0,0,0,0,0.0573,4.0000,"avoided",12
72.6823,-1,0,0,0,0,0.0573,4.0000,"avoided",12
72.7015,-1,0,0,0,0,0.0573,4.0000,"avoided",12
72.7217,-1,0,0,0,0,0.0573,4.0000,"avoided",12
72.7423,-1,0,0,0,0,0.0573,4.0000,"avoided",12
72.7616,-1,0,0,0,0,0.0573,4.0000,"avoided",12
72.7814,-1,0,0,0,0,0.0573,4.0000,"avoided",12
72.8014,-1,0,0,0,0,0.0573,4.0000,"avoided",12
72.8206,-1,0,0,0,0,0.0573,3.0000,"avoided",12
72.8415,-1,0,0,0,0,0.0573,3.0000,"avoided",12
72.8612,-1,0,0,0,0,0.0573,3.0000,"avoided",12
72.8796,-1,0,0,0,0,0.0573,3.0000,"avoided",12
72.9007,-1,0,0,0,0,0.0573,3.0000,"avoided",12
72.9199,-1,0,0,0,0,0.0573,3.0000,"avoided",12
72.9402,-1,0,0,0,0,0.0573,3.0000,"avoided",12
72.9605,-1,0,0,0,0,0.0573,3.0000,"avoided",12
72.9794,-1,0,0,0,0,0.0573,3.0000,"avoided",12
72.9996,-1,0,0,0,0,0.0573,3.0000,"avoided",12
73.0197,-1,0,0,0,0,0.0573,3.0000,"avoided",12
73.0384,-1,0,0,0,0,0.0573,3.0000,"avoided",12
73.0588,-1,0,0,0,0,0.0573,3.0000,"avoided",12
73.0787,-1,0,0,0,0,0.0573,3.0000,"avoided",12
73.0989,-1,0,0,0,0,0.0573,3.0000,"avoided",12
73.1183,-1,0,0,0,0,0.0573,3.0000,"avoided",12
73.1385,-1,0,0,0,0,0.0573,3.0000,"avoided",12
73.1583,-1,0,0,0,0,0.0573,3.0000,"avoided",12
73.1780,-1,0,0,0,0,0.0573,3.0000,"avoided",12
73.1982,-1,0,0,0,0,0.0573,3.0000,"avoided",12
73.2178,-1,0,0,0,0,0.0573,3.0000,"avoided",12
73.2352,-1,0,0,0,0,0.0573,3.0000,"avoided",12
73.2543,-1,0,0,0,0,0.0573,3.0000,"avoided",12
73.2746,-1,0,0,0,0,0.0573,2.0000,"avoided",12
73.2934,-1,0,0,0,0,0.0573,2.0000,"avoided",12
73.3120,-1,0,0,0,0,0.0573,2.0000,"avoided",12
73.3320,-1,0,0,0,0,0.0573,2.0000,"avoided",12
73.3509,-1,0,0,0,1,0.0573,1.0000,"avoided",12
73.3695,-1,0,0,0,1,0.0573,2.0000,"avoided",12
73.3892,-1,0,0,0,1,0.0573,3.0000,"avoided",12
73.4102,-1,0,0,0,0,0.0573,3.0000,"avoided",12
73.4284,-1,0,0,0,0,0.0573,3.0000,"avoided",12
73.4473,-1,0,0,0,0,0.0573,3.0000,"avoided",12
73.4657,-1,0,0,0,0,0.0573,3.0000,"avoided",12
73.4852,-1,0,0,0,0,0.0573,3.0000,"avoided",12
73.5047,-1,0,0,0,0,0.0573,3.0000,"avoided",12
73.5235,-1,0,0,0,0,0.0573,3.0000,"avoided",12
73.5412,-1,0,0,1,0,-1.0000,3.0000,,12
73.5614,-1,0,0,1,0,-1.0000,3.0000,,12
73.5800,-1,0,0,1,0,-1.0000,3.0000,,12
73.5991,-1,0,0,1,0,-1.0000,3.0000,,12
73.6187,-1,0,0,1,0,-1.0000,3.0000,,12
73.6381,-1,0,0,1,0,-1.0000,3.0000,,12
73.6573,-1,0,0,1,0,-1.0000,3.0000,,12
73.6768,-1,0,0,1,0,-1.0000,3.0000,,13
73.6957,-1,0,0,1,0,-1.0000,3.0000,,13
73.7128,-1,0,0,1,0,-1.0000,3.0000,,13
73.7330,-1,0,0,1,0,-1.0000,3.0000,,13
73.7524,-1,0,0,1,0,-1.0000,3.0000,,13
73.7719,-1,0,0,1,0,-1.0000,3.0000,,13
73.7900,-1,0,0,1,0,-1.0000,3.0000,,13
73.8091,-1,0,0,1,0,-1.0000,3.0000,,13
73.8301,-1,0,0,1,0,-1.0000,3.0000,,13
73.8507,-1,0,0,1,0,-1.0000,3.0000,,13
73.8682,-1,0,0,1,0,-1.0000,3.0000,,13
73.8871,-1,0,0,1,0,-1.0000,3.0000,,13
73.9085,-1,0,0,1,0,-1.0000,3.0000,,13
73.9273,-1,0,0,1,0,-1.0000,3.0000,,13
73.9450,-1,0,0,1,0,-1.0000,3.0000,,13
73.9641,-1,0,0,1,0,-1.0000,3.0000,,13
73.9854,-1,0,0,1,0,-1.0000,3.0000,,13
74.0054,-1,0,0,0,0,-1.0000,3.0000,"avoided",13
74.0228,-1,0,0,0,0,-1.0000,3.0000,"avoided",13
74.0426,-1,0,0,0,0,-1.0000,3.0000,"avoided",13
74.0620,-1,0,0,0,0,-1.0000,3.0000,"avoided",13
74.0805,-1,0,0,0,0,-1.0000,3.0000,"avoided",13
74.0984,-1,0,0,0,0,-1.0000,3.0000,"avoided",13
74.1204,-1,0,0,0,0,-1.0000,3.0000,"avoided",13
74.1396,-1,0,0,0,0,-1.0000,3.0000,"avoided",13
74.1563,-1,0,0,0,0,-1.0000,3.0000,"avoided",13
74.1757,-1,0,0,0,0,-1.0000,3.0000,"avoided",13
74.1959,-1,0,0,0,0,-1.0000,3.0000,"avoided",13
74.2153,-1,0,0,0,0,-1.0000,3.0000,"avoided",13
74.2323,-1,0,0,0,0,-1.0000,3.0000,"avoided",13
74.2533,-1,0,0,0,0,-1.0000,3.0000,"avoided",13
74.2720,-1,0,0,0,0,-1.0000,3.0000,"avoided",13
74.2908,-1,0,0,0,0,-1.0000,3.0000,"avoided",13
74.3096,-1,0,0,0,0,-1.0000,3.0000,"avoided",13
74.3294,-1,0,0,0,0,-1.0000,3.0000,"avoided",13
74.3495,-1,0,0,0,0,-1.0000,3.0000,"avoided",13
74.3662,-1,0,0,0,0,-1.0000,2.0000,"avoided",13
74.3871,-1,0,0,0,0,-1.0000,1.0000,"avoided",13
74.4056,-1,0,0,0,0,-1.0000,0.0000,"avoided",13
74.4239,-1,0,0,0,0,-1.0000,0.0000,"avoided",13
74.4442,-1,0,0,0,0,-1.0000,0.0000,"avoided",13
74.4651,-1,0,0,0,0,-1.0000,0.0000,"avoided",13
74.4843,-1,0,0,0,0,-1.0000,0.0000,"avoided",13
74.5030,-1,0,0,0,0,-1.0000,0.0000,"avoided",13
74.5206,-1,0,0,0,0,-1.0000,0.0000,"avoided",13
74.5417,-1,0,0,0,0,-1.0000,0.0000,"avoided",13
74.5590,-1,0,0,0,0,-1.0000,0.0000,"avoided",13
74.5771,-1,0,0,0,0,-1.0000,0.0000,"avoided",13
74.5980,-1,0,0,0,0,-1.0000,0.0000,"avoided",13
74.6184,-1,0,0,0,0,-1.0000,0.0000,"avoided",13
74.6370,-1,0,0,0,0,-1.0000,0.0000,"avoided",13
74.6540,-1,0,0,0,0,-1.0000,0.0000,"avoided",13
74.6749,-1,0,0,0,0,-1.0000,0.0000,"avoided",13
74.6926,-1,0,0,0,0,-1.0000,0.0000,"avoided",13
74.7107,-1,0,0,0,0,-1.0000,0.0000,"avoided",13
74.7310,-1,0,0,0,0,-1.0000,0.0000,"avoided",13
74.7505,-1,0,0,0,0,-1.0000,0.0000,"avoided",13
74.7675,-1,0,0,0,0,-1.0000,0.0000,"avoided",13
74.7873,-1,0,0,0,0,-1.0000,0.0000,"avoided",13
74.8077,-1,0,0,0,1,-1.0000,2.0000,"avoided",13
74.8267,-1,0,0,0,1,-1.0000,3.0000,"avoided",13
74.8431,-1,0,0,0,0,-1.0000,3.0000,"avoided",13
74.8644,-1,0,0,0,0,-1.0000,3.0000,"avoided",13
74.8823,-1,0,0,0,0,-1.0000,3.0000,"avoided",13
74.9011,-1,0,0,0,0,-1.0000,3.0000,"avoided",13
74.9207,-1,0,0,0,0,-1.0000,3.0000,"avoided",13
74.9394,-1,0,0,0,0,-1.0000,3.0000,"avoided",13
74.9568,-1,0,0,0,0,-1.0000,3.0000,"avoided",13
74.9760,-1,0,0,0,0,-1.0000,3.0000,"avoided",13
74.9962,-1,0,0,0,0,-1.0000,3.0000,"avoided",13
75.0161,-1,0,0,0,0,-1.0000,3.0000,"avoided",13
75.0335,-1,0,0,0,0,-1.0000,3.0000,"avoided",13
75.0544,-1,0,0,0,0,-1.0000,3.0000,"avoided",13
75.0723,-1,0,0,0,0,-1.0000,3.0000,"avoided",14
75.0886,-1,0,0,0,0,-1.0000,3.0000,"avoided",14
75.1091,-1,0,0,0,0,-1.0000,3.0000,"avoided",14
75.1306,-1,0,0,0,0,-1.0000,3.0000,"avoided",14
75.1505,-1,0,0,0,0,-1.0000,3.0000,"avoided",14
75.1674,-1,0,0,0,0,-1.0000,3.0000,"avoided",14
75.1854,-1,0,0,0,0,-1.0000,3.0000,"avoided",14
75.2070,-1,0,0,0,0,-1.0000,3.0000,"avoided",14
75.2243,-1,0,0,0,0,-1.0000,3.0000,"avoided",14
75.2431,-1,0,0,0,0,-1.0000,3.0000,"avoided",14
75.2622,-1,0,0,0,0,-1.0000,3.0000,"avoided",14
75.2814,-1,0,0,0,0,-1.0000,3.0000,"avoided",14
75.2997,-1,0,0,0,0,-1.0000,3.0000,"avoided",14
75.3202,-1,0,0,0,0,-1.0000,3.0000,"avoided",14
75.3394,-1,0,0,0,0,-1.0000,3.0000,"avoided",14
75.3602,-1,0,0,0,0,-1.0000,3.0000,"avoided",14
75.3776,-1,0,0,0,0,-1.0000,3.0000,"avoided",14
75.3993,-1,0,0,0,0,-1.0000,3.0000,"avoided",14
75.4191,-1,0,0,0,0,-1.0000,3.0000,"avoided",14
75.4383,-1,0,0,0,0,-1.0000,3.0000,"avoided",14
75.4603,-1,0,0,0,0,-1.0000,3.0000,"avoided",14
75.4768,-1,0,0,0,0,-1.0000,3.0000,"avoided",14
75.4978,-1,0,0,0,0,-1.0000,3.0000,"avoided",14
75.5176,-1,0,0,0,0,-1.0000,3.0000,"avoided",14
75.5362,-1,0,0,0,0,-1.0000,3.0000,"avoided",14
75.5552,-1,0,0,0,0,-1.0000,3.0000,"avoided",14
75.5765,-1,0,0,0,0,-1.0000,3.0000,"avoided",14
75.5959,-1,0,0,0,0,-1.0000,3.0000,"avoided",14
75.6148,-1,0,0,0,0,-1.0000,3.0000,"avoided",14
75.6327,-1,0,0,0,0,-1.0000,3.0000,"avoided",14
75.6543,-1,0,0,0,0,-1.0000,3.0000,"avoided",14
75.6737,-1,0,0,0,0,-1.0000,3.0000,"avoided",14
75.6921,-1,0,0,0,0,-1.0000,3.0000,"avoided",14
75.7105,-1,0,0,0,0,-1.0000,3.0000,"avoided",14
75.7306,-1,0,0,0,0,-1.0000,3.0000,"avoided",14
75.7495,-1,0,0,0,0,-1.0000,3.0000,"avoided",14
75.7683,-1,0,0,0,0,-1.0000,3.0000,"avoided",14
75.7867,-1,0,0,0,0,-1.0000,3.0000,"avoided",14
75.8080,-1,0,0,0,0,-1.0000,1.0000,"avoided",14
75.8269,-1,0,0,0,0,-1.0000,0.0000,"avoided",14
75.8454,-1,0,0,0,0,-1.0000,0.0000,"avoided",14
75.8631,-1,0,0,0,0,-1.0000,0.0000,"avoided",14
75.8839,-1,0,0,0,0,-1.0000,0.0000,"avoided",14
75.9028,-1,0,0,0,0,-1.0000,0.0000,"avoided",14
75.9201,-1,0,0,0,0,-1.0000,0.0000,"avoided",14
75.9396,-1,0,0,0,0,-1.0000,0.0000,"avoided",14
75.9588,-1,0,0,0,0,-1.0000,0.0000,"avoided",14
75.9755,-1,0,0,0,0,-1.0000,0.0000,"avoided",14
75.9962,-1,0,0,0,0,-1.0000,0.0000,"avoided",14
76.0131,-1,0,0,0,0,-1.0000,0.0000,"avoided",14
76.0321,-1,0,0,0,0,-1.0000,0.0000,"avoided",14
76.0514,-1,0,0,0,0,-1.0000,0.0000,"avoided",14
76.0693,-1,0,0,0,0,-1.0000,0.0000,"avoided",14
76.0880,-1,0,0,0,0,-1.0000,0.0000,"avoided",14
76.1063,-1,0,0,0,0,-1.0000,0.0000,"avoided",14
76.1258,-1,0,0,0,1,-1.0000,2.0000,"avoided",14
76.1432,-1,0,0,0,1,-1.0000,3.0000,"avoided",14
76.1636,-1,0,0,0,0,-1.0000,3.0000,"avoided",14
76.1812,-1,0,0,1,0,-1.0000,3.0000,,14
76.1989,-1,0,0,1,0,-1.0000,3.0000,,14
76.2195,-1,0,0,1,0,-1.0000,3.0000,,14
76.2368,-1,0,0,1,0,-1.0000,3.0000,,14
76.2567,-1,0,0,1,0,-1.0000,3.0000,,14
76.2751,-1,0,0,1,0,-1.0000,3.0000,,14
76.2952,-1,0,0,0,0,-1.0000,3.0000,"avoided",14
76.3222,-1,0,0,0,0,-1.0000,3.0000,"avoided",14
76.3404,-1,0,0,0,0,-1.0000,3.0000,"avoided",14
76.3613,-1,0,0,0,0,-1.0000,3.0000,"avoided",14
76.3823,-1,0,0,0,0,-1.0000,3.0000,"avoided",14
76.3973,-1,0,0,0,0,-1.0000,3.0000,"avoided",14
76.4188,-1,0,0,0,0,-1.0000,3.0000,"avoided",14
76.4371,-1,0,0,0,0,-1.0000,3.0000,"avoided",14
76.4560,-1,0,0,0,0,-1.0000,3.0000,"avoided",14
76.4742,-1,0,0,0,0,-1.0000,3.0000,"avoided",14
76.4942,-1,0,0,0,0,-1.0000,3.0000,"avoided",14
76.5123,-1,0,0,0,0,-1.0000,3.0000,"avoided",14
76.5297,-1,0,0,0,0,-1.0000,3.0000,"avoided",14
76.5495,-1,0,0,0,0,-1.0000,3.0000,"avoided",14
76.5677,-1,0,0,0,0,-1.0000,3.0000,"avoided",14
76.5860,-1,0,0,0,0,-1.0000,3.0000,"avoided",14
76.6060,-1,0,0,0,0,-1.0000,3.0000,"avoided",14
76.6247,-1,0,0,0,0,-1.0000,3.0000,"avoided",14
76.6420,-1,0,0,0,0,-1.0000,3.0000,"avoided",14
76.6614,-1,0,0,0,0,-1.0000,3.0000,"avoided",14
76.6792,-1,0,0,0,0,-1.0000,3.0000,"avoided",14
76.6967,-1,0,0,0,0,-1.0000,3.0000,"avoided",14
76.7157,-1,0,0,0,0,-1.0000,3.0000,"avoided",14
76.7345,-1,0,0,0,0,-1.0000,3.0000,"avoided",14
76.7526,-1,0,0,0,0,-1.0000,3.0000,"avoided",14
76.7708,-1,0,0,0,0,-1.0000,3.0000,"avoided",14
76.7902,-1,0,0,0,0,-1.0000,3.0000,"avoided",14
76.8100,-1,0,0,0,1,-1.0000,4.0000,"avoided",14
76.8283,-1,0,0,0,1,-1.0000,5.0000,"avoided",14
76.8462,-1,0,0,0,1,-1.0000,6.0000,"avoided",14
76.8645,-1,0,0,0,0,-1.0000,6.0000,"avoided",14
76.8850,-1,0,0,0,0,-1.0000,6.0000,"avoided",14
76.9035,-1,0,0,0,0,-1.0000,6.0000,"avoided",14
76.9210,-1,0,0,0,0,-1.0000,6.0000,"avoided",14
76.9415,-1,0,0,0,0,-1.0000,6.0000,"avoided",14
76.9601,-1,0,0,0,0,-1.0000,6.0000,"avoided",14
76.9799,-1,0,0,0,0,-1.0000,6.0000,"avoided",14
76.9992,-1,0,0,0,0,-1.0000,6.0000,"avoided",14
77.0167,-1,0,0,0,0,-1.0000,6.0000,"avoided",14
77.0361,-1,0,0,0,0,-1.0000,6.0000,"avoided",14
77.0535,-1,0,0,0,0,-1.0000,6.0000,"avoided",14
77.0746,-1,0,0,0,0,-1.0000,6.0000,"avoided",14
77.0932,-1,0,0,0,0,-1.0000,6.0000,"avoided",14
77.1133,-1,0,0,0,0,-1.0000,6.0000,"avoided",14
77.1315,-1,0,0,0,0,-1.0000,4.0000,"avoided",14
77.1537,-1,0,0,0,0,-1.0000,3.0000,"avoided",14
77.1725,-1,0,0,0,0,-1.0000,3.0000,"avoided",14
77.1925,-1,0,0,0,0,-1.0000,3.0000,"avoided",14
77.2117,-1,0,0,0,0,-1.0000,3.0000,"avoided",14
77.2310,-1,0,0,0,0,-1.0000,3.0000,"avoided",14
77.2521,-1,0,0,0,0,-1.0000,3.0000,"avoided",14
77.2704,-1,0,0,0,0,-1.0000,3.0000,"avoided",14
77.2892,-1,0,0,0,0,-1.0000,3.0000,"avoided",14
77.3083,-1,0,0,1,0,-1.0000,3.0000,,14
77.3278,-1,0,0,1,0,-1.0000,3.0000,,14
77.3457,-1,0,0,1,0,-1.0000,3.0000,,14
77.3648,-1,0,0,1,0,-1.0000,3.0000,,14
77.3852,-1,0,0,1,0,-1.0000,3.0000,,14
77.4053,-1,0,0,1,0,-1.0000,3.0000,,14
77.4241,-1,0,0,1,0,-1.0000,3.0000,,14
77.4412,-1,0,0,1,0,-1.0000,3.0000,,14
77.4632,-1,0,0,1,0,-1.0000,3.0000,,14
77.4828,-1,0,0,1,0,-1.0000,3.0000,,14
77.5019,-1,0,0,1,0,-1.0000,3.0000,,14
77.5229,-1,0,0,1,0,-1.0000,3.0000,,14
77.5429,-1,0,0,1,0,-1.0000,3.0000,,14
77.5645,-1,0,0,1,0,-1.0000,3.0000,,14
77.5837,-1,0,0,1,0,-1.0000,3.0000,,14
77.6056,-1,0,0,1,0,-1.0000,3.0000,,14
77.6258,-1,0,0,1,0,-1.0000,3.0000,,14
77.6465,-1,0,0,1,0,-1.0000,3.0000,,14
77.6680,-1,0,0,1,0,-1.0000,3.0000,,14
77.6913,-1,0,0,1,0,-1.0000,3.0000,"hit",15
77.7122,-1,0,0,1,0,-1.0000,3.0000,"hit",15
77.7342,-1,0,0,1,0,-1.0000,3.0000,"hit",15
77.7560,-1,0,0,0,0,-1.0000,3.0000,"hit",15
77.7781,-1,0,0,0,0,-1.0000,3.0000,"hit",15
77.8017,-1,0,0,0,0,-1.0000,3.0000,"hit",15
77.8249,-1,0,0,0,0,-1.0000,2.0000,"hit",15
77.8488,-1,0,0,0,0,-1.0000,0.0000,"hit",15
77.8700,-1,0,0,1,0,-1.0000,0.0000,,15
77.8925,-1,0,0,1,0,-1.0000,0.0000,,15
77.9158,-1,0,0,1,0,-1.0000,0.0000,,15
77.9376,-1,0,0,1,0,-1.0000,0.0000,,15
77.9590,-1,0,0,1,0,-1.0000,0.0000,,15
77.9811,-1,0,0,1,0,-1.0000,0.0000,,15
78.0033,-1,0,0,1,0,-1.0000,0.0000,,15
78.0271,-1,0,0,1,0,-1.0000,0.0000,,15
78.0511,-1,0,0,1,1,0.1811,1.0000,,16
78.0736,-1,0,0,1,0,0.1811,1.0000,,16
78.0950,-1,0,0,0,0,0.1811,1.0000,"avoided",16
78.1194,-1,0,0,0,0,0.1811,1.0000,"avoided",16
78.1398,-1,0,0,0,0,0.1811,1.0000,"avoided",16
78.1656,-1,0,0,0,0,0.1811,1.0000,"avoided",16
78.1881,-1,0,0,0,0,0.1811,1.0000,"avoided",16
78.2110,-1,0,0,1,0,-1.0000,1.0000,,16
78.2340,-1,0,0,1,0,-1.0000,1.0000,,16
78.2588,-1,0,0,1,0,-1.0000,1.0000,,16
78.2790,-1,0,0,1,0,-1.0000,1.0000,,16
78.3016,-1,0,0,1,0,-1.0000,1.0000,,16
78.3243,-1,0,0,1,0,-1.0000,1.0000,,16
78.3470,-1,0,0,1,0,-1.0000,1.0000,,16
78.3705,-1,0,0,1,0,-1.0000,1.0000,,16
78.3935,-1,0,0,1,0,-1.0000,1.0000,,16
78.4175,-1,0,0,1,0,-1.0000,1.0000,,16
78.4395,-1,0,0,1,0,-1.0000,1.0000,,16
78.4621,-1,0,0,1,0,-1.0000,1.0000,,16
78.4858,-1,0,0,1,0,-1.0000,1.0000,,16
78.5085,-1,0,0,1,0,-1.0000,1.0000,,16
78.5323,-1,0,0,1,0,-1.0000,1.0000,,16
78.5547,-1,0,0,0,0,-1.0000,1.0000,"avoided",16
78.5788,-1,0,0,0,0,-1.0000,1.0000,"avoided",16
78.6019,-1,0,0,0,0,-1.0000,1.0000,"avoided",16
78.6261,-1,0,0,0,0,-1.0000,1.0000,"avoided",16
78.6495,-1,0,0,0,0,-1.0000,1.0000,"avoided",16
78.6732,-1,0,0,0,0,-1.0000,1.0000,"avoided",16
78.6965,-1,0,0,0,0,-1.0000,1.0000,"avoided",16
78.7210,-1,0,0,0,0,-1.0000,1.0000,"avoided",16
78.7465,-1,0,0,0,0,-1.0000,1.0000,"avoided",16
78.7690,-1,0,0,0,0,-1.0000,1.0000,"avoided",16
78.7922,-1,0,0,0,0,-1.0000,1.0000,"avoided",16
78.8165,-1,0,0,0,0,-1.0000,1.0000,"avoided",16
78.8375,-1,0,0,0,0,-1.0000,1.0000,"avoided",16
78.8626,-1,0,0,0,0,-1.0000,1.0000,"avoided",16
78.8845,-1,0,0,0,0,-1.0000,1.0000,"avoided",16
78.9086,-1,0,0,0,0,-1.0000,1.0000,"avoided",16
78.9312,-1,0,0,0,0,-1.0000,1.0000,"avoided",16
78.9542,-1,0,0,0,0,-1.0000,1.0000,"avoided",16
78.9767,-1,0,0,0,0,-1.0000,1.0000,"avoided",16
78.9999,-1,0,0,0,0,-1.0000,1.0000,"avoided",16
79.0226,-1,0,0,0,0,-1.0000,1.0000,"avoided",16
79.0456,-1,0,0,0,0,-1.0000,1.0000,"avoided",16
79.0684,-1,0,0,0,0,-1.0000,0.0000,"avoided",16
79.0920,-1,0,0,0,0,-1.0000,0.0000,"avoided",16
79.1146,-1,0,0,0,0,-1.0000,0.0000,"avoided",16
79.1376,-1,0,0,1,0,-1.0000,0.0000,,16
79.1607,-1,0,0,1,0,-1.0000,0.0000,,16
79.1847,-1,0,0,1,0,-1.0000,0.0000,,16
79.2073,-1,0,0,1,0,-1.0000,0.0000,,16
79.2316,-1,0,0,1,0,-1.0000,0.0000,,16
79.2546,-1,0,0,1,0,-1.0000,0.0000,,16
79.2778,-1,0,0,1,0,-1.0000,0.0000,,16
79.3018,-1,0,0,1,0,-1.0000,0.0000,,16
79.3257,-1,0,0,1,0,-1.0000,0.0000,,16
79.3490,-1,0,0,1,0,-1.0000,0.0000,,16
79.3728,-1,0,0,1,0,-1.0000,0.0000,,16
79.3966,-1,0,0,1,0,-1.0000,0.0000,,16
79.4202,-1,0,0,1,0,-1.0000,0.0000,,16
79.4434,-1,0,0,1,0,-1.0000,0.0000,,16
79.4669,-1,0,0,1,0,-1.0000,0.0000,,16
79.4902,-1,0,0,1,0,-1.0000,0.0000,,16
79.5144,-1,0,0,1,0,-1.0000,0.0000,,16
79.5387,-1,0,0,1,0,-1.0000,0.0000,,16
79.5612,-1,0,0,1,0,-1.0000,0.0000,,16
79.5844,-1,0,0,1,0,-1.0000,0.0000,,16
79.6077,-1,0,0,1,0,-1.0000,0.0000,,16
79.6319,-1,0,0,1,0,-1.0000,0.0000,,16
79.6566,-1,0,0,1,0,-1.0000,0.0000,,16
79.6802,-1,0,0,1,0,-1.0000,0.0000,,16
79.7029,-1,0,0,1,0,-1.0000,0.0000,,16
79.7271,-1,0,0,0,0,-1.0000,0.0000,"avoided",16
79.7509,-1,0,0,0,0,-1.0000,0.0000,"avoided",16
79.7745,-1,0,0,0,0,-1.0000,0.0000,"avoided",16
79.7984,-1,0,0,0,0,-1.0000,0.0000,"avoided",16
79.8214,-1,0,0,0,0,-1.0000,0.0000,"avoided",16
79.8451,-1,0,0,0,0,-1.0000,0.0000,"avoided",16
79.8687,-1,0,0,0,0,-1.0000,0.0000,"avoided",16
79.8923,-1,0,0,0,0,-1.0000,0.0000,"avoided",16
79.9159,-1,0,0,0,1,-1.0000,1.0000,"avoided",16
79.9396,-1,0,0,0,1,-1.0000,3.0000,"avoided",16
79.9632,-1,0,0,0,0,-1.0000,3.0000,"avoided",16
79.9870,-1,0,0,0,0,-1.0000,3.0000,"avoided",17
80.0103,-1,0,0,0,0,-1.0000,3.0000,"avoided",17
80.0334,-1,0,0,0,0,-1.0000,3.0000,"avoided",17
80.0571,-1,0,0,0,0,-1.0000,3.0000,"avoided",17
80.0813,-1,0,0,0,0,-1.0000,3.0000,"avoided",17
80.1052,-1,0,0,0,0,-1.0000,3.0000,"avoided",17
80.1292,-1,0,0,0,0,-1.0000,3.0000,"avoided",17
80.1541,-1,0,0,0,0,-1.0000,3.0000,"avoided",17
80.1787,-1,0,0,0,0,-1.0000,3.0000,"avoided",17
80.2023,-1,0,0,0,0,-1.0000,3.0000,"avoided",17
80.2268,-1,0,0,0,0,-1.0000,3.0000,"avoided",17
80.2503,-1,0,0,0,0,-1.0000,3.0000,"avoided",17
80.2748,-1,0,0,0,0,-1.0000,3.0000,"avoided",17
80.2991,-1,0,0,0,0,-1.0000,3.0000,"avoided",17
80.3225,-1,0,0,0,0,-1.0000,3.0000,"avoided",17
80.3470,-1,0,0,0,0,-1.0000,3.0000,"avoided",17
80.3718,-1,0,0,0,0,-1.0000,3.0000,"avoided",17
80.3955,-1,0,0,0,0,-1.0000,3.0000,"avoided",17
80.4200,-1,0,0,0,0,-1.0000,3.0000,"avoided",17
80.4442,-1,0,0,1,0,-1.0000,3.0000,,17
80.4687,-1,0,0,1,0,-1.0000,3.0000,,17
80.4940,-1,0,0,1,0,-1.0000,3.0000,,17
80.5185,-1,0,0,1,0,-1.0000,3.0000,,17
80.5440,-1,0,0,1,0,-1.0000,3.0000,,17
80.5690,-1,0,0,1,0,-1.0000,3.0000,,17
80.5927,-1,0,0,1,0,-1.0000,3.0000,,17
80.6194,-1,0,0,1,0,-1.0000,3.0000,,17
80.6441,-1,0,0,1,0,-1.0000,3.0000,,17
80.6690,-1,0,0,1,0,-1.0000,3.0000,,17
80.6954,-1,0,0,1,0,-1.0000,3.0000,"hit",18
80.7204,-1,0,0,1,0,-1.0000,3.0000,"hit",18
80.7455,-1,0,0,1,0,-1.0000,3.0000,"hit",18
80.7690,-1,0,0,1,0,-1.0000,3.0000,"hit",18
80.7945,-1,0,0,0,0,-1.0000,3.0000,"hit",18
80.8198,-1,0,0,0,0,-1.0000,3.0000,"hit",18
80.8441,-1,0,0,0,0,-1.0000,3.0000,"hit",18
80.8702,-1,0,0,0,0,-1.0000,3.0000,"hit",18
80.8939,-1,0,0,0,0,-1.0000,3.0000,"hit",18
80.9173,-1,0,0,0,0,-1.0000,2.0000,"hit",18
80.9426,-1,0,0,0,0,-1.0000,0.0000,"hit",18
80.9667,-1,0,0,0,0,-1.0000,0.0000,"hit",18
80.9917,-1,0,0,0,0,-1.0000,0.0000,"hit",18
81.0157,-1,0,0,0,0,-1.0000,0.0000,"hit",18
81.0402,-1,0,0,0,0,-1.0000,0.0000,"hit",18
81.0647,-1,0,0,0,0,-1.0000,0.0000,"hit",18
81.0904,-1,0,0,0,0,-1.0000,0.0000,"hit",18
81.1165,-1,0,0,0,0,-1.0000,0.0000,"hit",18
81.1412,-1,0,0,0,0,-1.0000,0.0000,"hit",18
81.1666,-1,0,0,0,0,-1.0000,0.0000,"hit",18
81.1921,-1,0,0,0,0,-1.0000,0.0000,"hit",18
81.2165,-1,0,0,0,0,-1.0000,0.0000,"hit",18
81.2409,-1,0,0,0,0,-1.0000,0.0000,"hit",18
81.2645,-1,0,0,0,0,-1.0000,0.0000,"hit",18
81.2900,-1,0,0,0,0,-1.0000,0.0000,"hit",18
81.3138,-1,0,0,0,0,-1.0000,0.0000,"hit",18
81.3455,-1,0,0,0,0,-1.0000,0.0000,"hit",18
81.3700,-1,0,0,0,0,-1.0000,0.0000,"hit",18
81.3949,-1,0,0,0,0,-1.0000,0.0000,"hit",18
81.4202,-1,0,0,0,0,-1.0000,0.0000,"hit",18
81.4436,-1,0,0,0,0,-1.0000,0.0000,"hit",18
81.4682,-1,0,0,0,0,-1.0000,0.0000,"hit",18
81.4921,-1,0,0,0,0,-1.0000,0.0000,"hit",18
81.5159,-1,0,0,0,0,-1.0000,0.0000,"hit",18
81.5392,-1,0,0,0,0,-1.0000,0.0000,"hit",18
81.5627,-1,0,0,0,0,-1.0000,0.0000,"hit",18
81.5854,-1,0,0,0,0,-1.0000,0.0000,"hit",18
81.6082,-1,0,0,0,0,-1.0000,0.0000,"hit",18
81.6301,-1,0,0,0,0,-1.0000,0.0000,"hit",18
81.6546,-1,0,0,0,0,-1.0000,0.0000,"hit",18
81.6763,-1,0,0,0,0,-1.0000,0.0000,"hit",18
81.6980,-1,0,0,0,0,-1.0000,0.0000,"hit",18
81.7190,-1,0,0,0,0,-1.0000,0.0000,"hit",18
81.7412,-1,0,0,0,0,-1.0000,0.0000,"hit",18
81.7635,-1,0,0,0,0,-1.0000,0.0000,"hit",18
81.7849,-1,0,0,0,0,-1.0000,0.0000,"hit",18
81.8057,-1,0,0,0,0,-1.0000,0.0000,"hit",18
81.8255,-1,0,0,0,0,-1.0000,0.0000,"hit",18
81.8436,-1,0,0,0,0,-1.0000,0.0000,"hit",18
81.8650,-1,0,0,0,0,-1.0000,0.0000,"hit",18
81.8848,-1,0,0,0,0,-1.0000,0.0000,"hit",18
81.9073,-1,0,0,0,0,-1.0000,0.0000,"hit",18
81.9239,-1,0,0,0,0,-1.0000,0.0000,"hit",18
81.9442,-1,0,0,0,0,-1.0000,0.0000,"hit",18
81.9654,-1,0,0,0,0,-1.0000,0.0000,"hit",18
81.9851,-1,0,0,0,0,-1.0000,0.0000,"hit",18
82.0046,-1,0,0,0,0,-1.0000,0.0000,"hit",18
82.0246,-1,0,0,0,0,-1.0000,0.0000,"hit",18
82.0433,-1,0,0,0,0,-1.0000,0.0000,"hit",18
82.0647,-1,0,0,0,0,-1.0000,0.0000,"hit",18
82.0844,-1,0,0,0,0,-1.0000,0.0000,"hit",18
82.1050,-1,0,0,0,0,-1.0000,0.0000,"hit",18
82.1234,-1,0,0,0,0,-1.0000,0.0000,"hit",18
82.1437,-1,0,0,0,0,-1.0000,0.0000,"hit",18
82.1663,-1,0,0,0,0,-1.0000,0.0000,"hit",18
82.1856,-1,0,0,0,0,-1.0000,0.0000,"hit",18
82.2051,-1,0,0,0,0,-1.0000,0.0000,"hit",18
82.2255,-1,0,0,0,0,-1.0000,0.0000,"hit",18
82.2451,-1,0,0,0,0,-1.0000,0.0000,"hit",18
82.2648,-1,0,0,0,0,-1.0000,0.0000,"hit",18
82.2853,-1,0,0,0,0,-1.0000,0.0000,"hit",18
82.3064,-1,0,0,0,0,-1.0000,0.0000,"hit",18
82.3258,-1,0,0,0,0,-1.0000,0.0000,"hit",18
82.3455,-1,0,0,0,0,-1.0000,0.0000,"hit",18
82.3663,-1,0,0,0,0,-1.0000,0.0000,"hit",18
82.3875,-1,0,0,0,0,-1.0000,0.0000,"hit",18
82.4072,-1,0,0,0,0,-1.0000,0.0000,"hit",18
82.4273,-1,0,0,0,0,-1.0000,0.0000,"hit",18
82.4469,-1,0,0,0,0,-1.0000,0.0000,"hit",18
82.4671,-1,0,0,0,1,-1.0000,1.0000,"hit",18
82.4887,-1,0,0,0,0,-1.0000,1.0000,"hit",18
82.5084,-1,0,0,0,0,-1.0000,1.0000,"hit",18
82.5284,-1,0,0,0,0,-1.0000,1.0000,"hit",18
82.5605,-1,0,0,0,0,-1.0000,1.0000,"hit",18
82.5777,-1,0,0,0,0,-1.0000,1.0000,"hit",18
82.5936,-1,0,0,0,0,-1.0000,1.0000,"hit",18
82.6093,-1,0,0,0,0,-1.0000,1.0000,"hit",18
82.6296,-1,0,0,0,0,-1.0000,1.0000,"hit",18
82.6507,-1,0,0,0,0,-1.0000,1.0000,"hit",18
82.6709,-1,0,0,0,0,-1.0000,1.0000,"hit",18
82.6903,-1,0,0,0,0,-1.0000,1.0000,"hit",19
82.7106,-1,0,0,1,0,-1.0000,1.0000,,19
82.7303,-1,0,0,1,0,-1.0000,1.0000,,19
82.7515,-1,0,0,1,0,-1.0000,1.0000,,19
82.7714,-1,0,0,1,0,-1.0000,1.0000,,19
82.7927,-1,0,0,1,0,-1.0000,1.0000,,19
82.8144,-1,0,0,1,0,-1.0000,1.0000,,19
82.8344,-1,0,0,1,0,-1.0000,1.0000,,19
82.8545,-1,0,0,1,0,-1.0000,1.0000,,19
82.8756,-1,0,0,1,0,-1.0000,1.0000,,19
82.8952,-1,0,0,1,0,-1.0000,1.0000,,19
82.9150,-1,0,0,1,0,-1.0000,1.0000,,19
82.9374,-1,0,0,1,0,-1.0000,1.0000,,19
82.9574,-1,0,0,1,0,-1.0000,1.0000,,19
82.9780,-1,0,0,1,0,-1.0000,1.0000,,19
82.9982,-1,0,0,1,0,-1.0000,1.0000,,19
83.0197,-1,0,0,1,0,-1.0000,1.0000,,19
83.0411,-1,0,0,1,1,0.3305,2.0000,,19
83.0622,-1,0,0,1,0,0.3305,2.0000,,19
83.0820,-1,0,0,1,0,0.3305,2.0000,,19
83.1036,-1,0,0,1,0,0.3305,2.0000,,19
83.1236,-1,0,0,1,0,0.3305,2.0000,,19
83.1446,-1,0,0,1,0,0.3305,2.0000,,19
83.1634,-1,0,0,1,0,0.3305,2.0000,,19
83.1849,-1,0,0,1,0,0.3305,2.0000,,19
83.2054,-1,0,0,1,0,0.3305,2.0000,,19
83.2264,-1,0,0,1,0,0.3305,2.0000,,19
83.2468,-1,0,0,1,0,0.3305,2.0000,,19
83.2673,-1,0,0,1,0,0.3305,2.0000,,19
83.2877,-1,0,0,1,0,0.3305,2.0000,,19
83.3091,-1,0,0,1,0,0.3305,2.0000,,19
83.3295,-1,0,0,0,0,0.3305,2.0000,"avoided",19
83.3497,-1,0,0,0,0,0.3305,2.0000,"avoided",19
83.3703,-1,0,0,0,0,0.3305,2.0000,"avoided",19
83.3900,-1,0,0,0,0,0.3305,2.0000,"avoided",19
83.4118,-1,0,0,0,0,0.3305,2.0000,"avoided",19
83.4325,-1,0,0,0,0,0.3305,2.0000,"avoided",19
83.4533,-1,0,0,0,1,0.3305,3.0000,"avoided",19
83.4747,-1,0,0,0,0,0.3305,2.0000,"avoided",19
83.4948,-1,0,0,0,0,0.3305,2.0000,"avoided",19
83.5152,-1,0,0,0,0,0.3305,2.0000,"avoided",19
83.5357,-1,0,0,0,0,0.3305,2.0000,"avoided",19
83.5556,-1,0,0,0,0,0.3305,2.0000,"avoided",19
83.5759,-1,0,0,0,0,0.3305,2.0000,"avoided",19
83.5965,-1,0,0,0,0,0.3305,2.0000,"avoided",19
83.6154,-1,0,0,0,0,0.3305,2.0000,"avoided",19
83.6360,-1,0,0,0,0,0.3305,2.0000,"avoided",19
83.6552,-1,0,0,0,0,0.3305,2.0000,"avoided",19
83.6755,-1,0,0,0,0,0.3305,2.0000,"avoided",19
83.6940,-1,0,0,0,0,0.3305,2.0000,"avoided",19
83.7164,-1,0,0,0,0,0.3305,2.0000,"avoided",19
83.7353,-1,0,0,0,0,0.3305,2.0000,"avoided",19
83.7568,-1,0,0,0,0,0.3305,2.0000,"avoided",19
83.7774,-1,0,0,0,0,0.3305,2.0000,"avoided",19
83.7962,-1,0,0,0,0,0.3305,2.0000,"avoided",19
83.8176,-1,0,0,0,0,0.3305,2.0000,"avoided",19
83.8374,-1,0,0,0,0,0.3305,2.0000,"avoided",19
83.8570,-1,0,0,0,0,0.3305,2.0000,"avoided",19
83.8769,-1,0,0,0,0,0.3305,2.0000,"avoided",19
83.8969,-1,0,0,0,0,0.3305,2.0000,"avoided",19
83.9153,-1,0,0,0,0,0.3305,2.0000,"avoided",19
83.9365,-1,0,0,0,0,0.3305,2.0000,"avoided",19
83.9562,-1,0,0,0,0,0.3305,2.0000,"avoided",19
83.9771,-1,0,0,0,0,0.3305,2.0000,"avoided",19
83.9971,-1,0,0,0,0,0.3305,2.0000,"avoided",19
84.0175,-1,0,0,0,0,0.3305,2.0000,"avoided",19
84.0372,-1,0,0,0,0,0.3305,2.0000,"avoided",19
84.0571,-1,0,0,0,1,0.3305,2.0000,"avoided",19
84.0778,-1,0,0,1,1,0.0000,4.0000,,19
84.0978,-1,0,0,1,0,0.0000,4.0000,,19
84.1183,-1,0,0,1,0,0.0000,4.0000,,19
84.1375,-1,0,0,1,0,0.0000,4.0000,,20
84.1580,-1,0,0,1,0,0.0000,4.0000,,20
84.1787,-1,0,0,1,0,0.0000,4.0000,,20
84.1994,-1,0,0,1,0,0.0000,4.0000,,20
84.2198,-1,0,0,1,0,0.0000,4.0000,,20
84.2393,-1,0,0,1,0,0.0000,4.0000,,20
84.2592,-1,0,0,1,0,0.0000,4.0000,,20
84.2820,-1,0,0,1,0,0.0000,4.0000,,20
84.3019,-1,0,0,1,0,0.0000,4.0000,,20
84.3226,-1,0,0,1,0,0.0000,4.0000,"hit",21
84.3421,-1,0,0,1,0,0.0000,4.0000,"hit",21
84.3630,-1,0,0,1,0,0.0000,4.0000,"hit",21
84.3850,-1,0,0,1,0,0.0000,4.0000,"hit",21
84.4046,-1,0,0,1,0,0.0000,4.0000,"hit",21
84.4266,-1,0,0,1,0,0.0000,4.0000,"hit",21
84.4470,-1,0,0,1,0,0.0000,4.0000,"hit",21
84.4678,-1,0,0,1,0,0.0000,3.0000,"hit",21
84.4891,-1,0,0,0,0,0.0000,3.0000,"hit",21
84.5092,-1,0,0,0,0,0.0000,3.0000,"hit",21
84.5298,-1,0,0,0,0,0.0000,3.0000,"hit",21
84.5504,-1,0,0,0,0,0.0000,3.0000,"hit",21
84.5710,-1,0,0,0,0,0.0000,3.0000,"hit",21
84.5929,-1,0,0,0,0,0.0000,3.0000,"hit",21
84.6128,-1,0,0,0,0,0.0000,3.0000,"hit",21
84.6336,-1,0,0,0,0,0.0000,3.0000,"hit",21
84.6551,-1,0,0,0,0,0.0000,3.0000,"hit",21
84.6763,-1,0,0,0,0,0.0000,3.0000,"hit",21
84.6967,-1,0,0,0,0,0.0000,3.0000,"hit",21
84.7174,-1,0,0,0,0,0.0000,3.0000,"hit",21
84.7374,-1,0,0,0,0,0.0000,3.0000,"hit",21
84.7580,-1,0,0,0,0,0.0000,3.0000,"hit",21
84.7799,-1,0,0,0,0,0.0000,3.0000,"hit",21
84.8001,-1,0,0,0,0,0.0000,3.0000,"hit",21
84.8201,-1,0,0,0,0,0.0000,3.0000,"hit",21
84.8429,-1,0,0,0,0,0.0000,3.0000,"hit",21
84.8633,-1,0,0,0,0,0.0000,3.0000,"hit",21
84.8844,-1,0,0,0,0,0.0000,3.0000,"hit",21
84.9044,-1,0,0,0,0,0.0000,3.0000,"hit",21
84.9248,-1,0,0,0,0,0.0000,3.0000,"hit",21
84.9457,-1,0,0,0,0,0.0000,3.0000,"hit",21
84.9683,-1,0,0,0,0,0.0000,3.0000,"hit",21
84.9890,-1,0,0,0,0,0.0000,3.0000,"hit",21
85.0100,-1,0,0,1,0,-1.0000,3.0000,,21
85.0300,-1,0,0,1,0,-1.0000,3.0000,,21
85.0508,-1,0,0,1,0,-1.0000,3.0000,,21
85.0709,-1,0,0,1,0,-1.0000,2.0000,,21
85.0909,-1,0,0,1,0,-1.0000,0.0000,,21
85.1125,-1,0,0,1,0,-1.0000,0.0000,,21
85.1326,-1,0,0,1,0,-1.0000,0.0000,,21
85.1536,-1,0,0,1,0,-1.0000,0.0000,,21
85.1748,-1,0,0,1,0,-1.0000,0.0000,,21
85.1946,-1,0,0,1,0,-1.0000,0.0000,,21
85.2149,-1,0,0,1,0,-1.0000,0.0000,,21
85.2359,-1,0,0,1,0,-1.0000,0.0000,,21
85.2558,-1,0,0,1,0,-1.0000,0.0000,,21
85.2774,-1,0,0,1,0,-1.0000,0.0000,,21
85.2978,-1,0,0,1,0,-1.0000,0.0000,,21
85.3182,-1,0,0,1,0,-1.0000,0.0000,,21
85.3393,-1,0,0,1,0,-1.0000,0.0000,,21
85.3593,-1,0,0,1,0,-1.0000,0.0000,"hit",22
85.3802,-1,0,0,1,0,-1.0000,0.0000,"hit",22
85.4032,-1,0,0,1,0,-1.0000,0.0000,"hit",22
85.4240,-1,0,0,1,0,-1.0000,0.0000,,22
85.4446,-1,0,0,1,0,-1.0000,0.0000,,22
85.4666,-1,0,0,1,0,-1.0000,0.0000,,22
85.4875,-1,0,0,1,0,-1.0000,0.0000,,22
85.5082,-1,0,0,1,1,0.4982,1.0000,,22
85.5300,-1,0,0,0,1,0.4982,3.0000,"avoided",22
85.5501,-1,0,0,0,0,0.4982,3.0000,"avoided",22
85.5705,-1,0,0,0,0,0.4982,3.0000,"avoided",22
85.5928,-1,0,0,0,0,0.4982,3.0000,"avoided",22
85.6146,-1,0,0,0,0,0.4982,3.0000,"avoided",22
85.6362,-1,0,0,0,0,0.4982,3.0000,"avoided",22
85.6567,-1,0,0,0,0,0.4982,3.0000,"avoided",22
85.6781,-1,0,0,0,0,0.4982,3.0000,"avoided",23
85.6983,-1,0,0,0,0,0.4982,3.0000,"avoided",23
85.7204,-1,0,0,0,0,0.4982,3.0000,"avoided",23
85.7409,-1,0,0,0,0,0.4982,3.0000,"avoided",23
85.7608,-1,0,0,0,0,0.4982,3.0000,"avoided",23
85.7828,-1,0,0,0,0,0.4982,3.0000,"avoided",23
85.8021,-1,0,0,0,0,0.4982,3.0000,"avoided",23
85.8234,-1,0,0,0,0,0.4982,3.0000,"avoided",23
85.8440,-1,0,0,0,0,0.4982,3.0000,"avoided",23
85.8640,-1,0,0,0,0,0.4982,3.0000,"avoided",23
85.8848,-1,0,0,0,0,0.4982,3.0000,"avoided",23
85.9046,-1,0,0,0,0,0.4982,3.0000,"avoided",23
85.9276,-1,0,0,0,0,0.4982,3.0000,"avoided",23
85.9469,-1,0,0,0,0,0.4982,3.0000,"avoided",23
85.9663,-1,0,0,0,0,0.4982,3.0000,"avoided",23
85.9867,-1,0,0,0,0,0.4982,3.0000,"avoided",23
86.0082,-1,0,0,0,0,0.4982,3.0000,"avoided",23
86.0269,-1,0,0,0,0,0.4982,3.0000,"avoided",23
86.0476,-1,0,0,0,0,0.4982,3.0000,"avoided",23
86.0676,-1,0,0,0,0,0.4982,3.0000,"avoided",23
86.0879,-1,0,0,0,0,0.4982,3.0000,"avoided",23
86.1085,-1,0,0,0,0,0.4982,3.0000,"avoided",23
86.1282,-1,0,0,0,0,0.4982,3.0000,"avoided",23
86.1470,-1,0,0,0,0,0.4982,3.0000,"avoided",23
86.1675,-1,0,0,0,0,0.4982,3.0000,"avoided",23
86.1874,-1,0,0,0,0,0.4982,3.0000,"avoided",23
86.2071,-1,0,0,0,0,0.4982,3.0000,"avoided",23
86.2268,-1,0,0,0,0,0.4982,3.0000,"avoided",23
86.2451,-1,0,0,0,0,0.4982,3.0000,"avoided",23
86.2662,-1,0,0,0,0,0.4982,3.0000,"avoided",23
86.2852,-1,0,0,0,0,0.4982,3.0000,"avoided",23
86.3036,-1,0,0,0,0,0.4982,3.0000,"avoided",23
86.3239,-1,0,0,0,0,0.4982,3.0000,"avoided",23
86.3388,-1,0,0,0,0,0.4982,3.0000,"avoided",23
86.3685,-1,0,0,0,0,0.4982,3.0000,"avoided",23
86.3872,-1,0,0,0,0,0.4982,3.0000,"avoided",23
86.4090,-1,0,0,0,0,0.4982,3.0000,"avoided",23
86.4279,-1,0,0,0,0,0.4982,3.0000,"avoided",23
86.4464,-1,0,0,0,0,0.4982,3.0000,"avoided",23
86.4646,-1,0,0,0,0,0.4982,3.0000,"avoided",23
86.4854,-1,0,0,0,0,0.4982,3.0000,"avoided",23
86.5037,-1,0,0,1,0,-1.0000,3.0000,,23
86.5233,-1,0,0,1,1,0.0196,4.0000,,24
86.5413,-1,0,0,1,1,0.0196,3.0000,,24
86.5600,-1,0,0,1,0,0.0196,3.0000,,24
86.5812,-1,0,0,1,0,0.0196,3.0000,,24
86.6005,-1,0,0,1,0,0.0196,3.0000,,24
86.6205,-1,0,0,0,0,0.0196,3.0000,"avoided",24
86.6398,-1,0,0,0,0,0.0196,3.0000,"avoided",24
86.6583,-1,0,0,0,0,0.0196,3.0000,"avoided",24
86.6782,-1,0,0,0,0,0.0196,3.0000,"avoided",24
86.6982,-1,0,0,0,0,0.0196,3.0000,"avoided",24
86.7167,-1,0,0,0,0,0.0196,3.0000,"avoided",24
86.7383,-1,0,0,0,0,0.0196,3.0000,"avoided",24
86.7559,-1,0,0,0,0,0.0196,3.0000,"avoided",24
86.7765,-1,0,0,0,0,0.0196,3.0000,"avoided",24
86.7972,-1,0,0,0,0,0.0196,3.0000,"avoided",24
86.8135,-1,0,0,0,0,0.0196,3.0000,"avoided",24
86.8327,-1,0,0,0,0,0.0196,3.0000,"avoided",24
86.8547,-1,0,0,0,0,0.0196,3.0000,"avoided",24
86.8723,-1,0,0,0,0,0.0196,3.0000,"avoided",24
86.8911,-1,0,0,0,0,0.0196,3.0000,"avoided",24
86.9111,-1,0,0,0,0,0.0196,3.0000,"avoided",24
86.9324,-1,0,0,0,0,0.0196,3.0000,"avoided",24
86.9510,-1,0,0,0,0,0.0196,3.0000,"avoided",24
86.9689,-1,0,0,0,0,0.0196,3.0000,"avoided",24
86.9885,-1,0,0,0,0,0.0196,3.0000,"avoided",24
87.0084,-1,0,0,0,0,0.0196,3.0000,"avoided",24
87.0270,-1,0,0,0,0,0.0196,3.0000,"avoided",24
87.0454,-1,0,0,0,0,0.0196,3.0000,"avoided",24
87.0664,-1,0,0,0,0,0.0196,3.0000,"avoided",24
87.0853,-1,0,0,0,0,0.0196,3.0000,"avoided",24
87.1040,-1,0,0,0,0,0.0196,3.0000,"avoided",24
87.1233,-1,0,0,0,0,0.0196,3.0000,"avoided",24
87.1441,-1,0,0,0,0,0.0196,3.0000,"avoided",24
87.1612,-1,0,0,0,0,0.0196,3.0000,"avoided",24
87.1788,-1,0,0,0,0,0.0196,3.0000,"avoided",24
87.2001,-1,0,0,0,0,0.0196,3.0000,"avoided",24
87.2192,-1,0,0,0,0,0.0196,3.0000,"avoided",24
87.2357,-1,0,0,0,0,0.0196,3.0000,"avoided",24
87.2573,-1,0,0,0,0,0.0196,3.0000,"avoided",24
87.2763,-1,0,0,0,0,0.0196,3.0000,"avoided",24
87.2952,-1,0,0,0,0,0.0196,3.0000,"avoided",24
87.3146,-1,0,0,0,0,0.0196,3.0000,"avoided",24
87.3342,-1,0,0,0,0,0.0196,3.0000,"avoided",24
87.3540,-1,0,0,0,0,0.0196,3.0000,"avoided",24
87.3704,-1,0,0,0,0,0.0196,3.0000,"avoided",24
87.3901,-1,0,0,0,0,0.0196,3.0000,"avoided",24
87.4088,-1,0,0,0,0,0.0196,3.0000,"avoided",24
87.4311,-1,0,0,0,0,0.0196,3.0000,"avoided",24
87.4479,-1,0,0,0,0,0.0196,3.0000,"avoided",24
87.4671,-1,0,0,0,0,0.0196,3.0000,"avoided",24
87.4873,-1,0,0,0,0,0.0196,3.0000,"avoided",24
87.5065,-1,0,0,0,0,0.0196,3.0000,"avoided",24
87.5238,-1,0,0,0,0,0.0196,1.0000,"avoided",24
87.5431,-1,0,0,1,0,-1.0000,0.0000,,24
87.5627,-1,0,0,1,0,-1.0000,0.0000,,24
87.5814,-1,0,0,1,0,-1.0000,0.0000,,24
87.5984,-1,0,0,1,0,-1.0000,0.0000,,24
87.6188,-1,0,0,1,0,-1.0000,0.0000,,24
87.6383,-1,0,0,1,0,-1.0000,0.0000,,24
87.6566,-1,0,0,1,0,-1.0000,0.0000,,24
87.6753,-1,0,0,1,0,-1.0000,0.0000,,24
87.6960,-1,0,0,1,0,-1.0000,0.0000,,24
87.7144,-1,0,0,1,0,-1.0000,0.0000,,24
87.7313,-1,0,0,1,0,-1.0000,0.0000,,24
87.7517,-1,0,0,1,0,-1.0000,0.0000,,24
87.7703,-1,0,0,1,0,-1.0000,0.0000,,24
87.7900,-1,0,0,1,0,-1.0000,0.0000,,24
87.8091,-1,0,0,1,0,-1.0000,0.0000,,24
87.8276,-1,0,0,1,0,-1.0000,0.0000,,24
87.8465,-1,0,0,1,0,-1.0000,0.0000,,24
87.8636,-1,0,0,1,0,-1.0000,0.0000,,24
87.8841,-1,0,0,1,0,-1.0000,0.0000,,24
87.9026,-1,0,0,1,0,-1.0000,0.0000,"hit",25
87.9213,-1,0,0,1,0,-1.0000,0.0000,"hit",25
87.9407,-1,0,0,1,0,-1.0000,0.0000,"hit",25
87.9602,-1,0,0,1,0,-1.0000,0.0000,"hit",25
87.9795,-1,0,0,1,0,-1.0000,0.0000,"hit",25
87.9980,-1,0,0,0,0,-1.0000,0.0000,"hit",25
88.0187,-1,0,0,0,0,-1.0000,0.0000,"hit",25
88.0372,-1,0,0,0,0,-1.0000,0.0000,"hit",25
88.0554,-1,0,0,0,0,-1.0000,0.0000,"hit",25
88.0763,-1,0,0,0,0,-1.0000,0.0000,"hit",25
88.0982,-1,0,0,0,0,-1.0000,0.0000,"hit",25
88.1188,-1,0,0,0,0,-1.0000,0.0000,"hit",25
88.1388,-1,0,0,0,0,-1.0000,0.0000,"hit",25
88.1609,-1,0,0,0,0,-1.0000,0.0000,"hit",25
88.1834,-1,0,0,0,0,-1.0000,0.0000,"hit",25
88.2062,-1,0,0,0,0,-1.0000,0.0000,"hit",25
88.2294,-1,0,0,0,0,-1.0000,0.0000,"hit",25
88.2541,-1,0,0,0,0,-1.0000,0.0000,"hit",25
88.2776,-1,0,0,0,0,-1.0000,0.0000,"hit",25
88.3015,-1,0,0,0,0,-1.0000,0.0000,"hit",25
88.3281,-1,0,0,0,0,-1.0000,0.0000,"hit",25
88.3501,-1,0,0,0,0,-1.0000,0.0000,"hit",25
88.3749,-1,0,0,0,0,-1.0000,0.0000,"hit",25
88.3982,-1,0,0,0,0,-1.0000,0.0000,"hit",25
88.4220,-1,0,0,0,0,-1.0000,0.0000,"hit",25
88.4445,-1,0,0,1,0,-1.0000,0.0000,,25
88.4665,-1,0,0,1,0,-1.0000,0.0000,,25
88.4904,-1,0,0,1,0,-1.0000,0.0000,,25
88.5135,-1,0,0,1,0,-1.0000,0.0000,,25
88.5363,-1,0,0,1,0,-1.0000,0.0000,,25
88.5608,-1,0,0,1,0,-1.0000,0.0000,,25
88.5843,-1,0,0,1,0,-1.0000,0.0000,,25
88.6066,-1,0,0,1,0,-1.0000,0.0000,,25
88.6310,-1,0,0,1,0,-1.0000,0.0000,,25
88.6547,-1,0,0,1,1,0.2102,1.0000,,25
88.6802,-1,0,0,0,0,0.2102,1.0000,"avoided",25
88.7031,-1,0,0,0,0,0.2102,1.0000,"avoided",25
88.7283,-1,0,0,0,0,0.2102,1.0000,"avoided",25
88.7525,-1,0,0,0,0,0.2102,1.0000,"avoided",25
88.7748,-1,0,0,0,0,0.2102,1.0000,"avoided",25
88.7976,-1,0,0,0,0,0.2102,1.0000,"avoided",25
88.8202,-1,0,0,0,0,0.2102,1.0000,"avoided",25
88.8429,-1,0,0,0,0,0.2102,1.0000,"avoided",25
88.8656,-1,0,0,0,0,0.2102,1.0000,"avoided",25
88.8887,-1,0,0,0,0,0.2102,1.0000,"avoided",25
88.9108,-1,0,0,0,0,0.2102,1.0000,"avoided",25
88.9336,-1,0,0,0,0,0.2102,1.0000,"avoided",25
88.9562,-1,0,0,0,0,0.2102,1.0000,"avoided",25
88.9791,-1,0,0,0,0,0.2102,1.0000,"avoided",25
89.0023,-1,0,0,0,0,0.2102,1.0000,"avoided",25
89.0240,-1,0,0,0,0,0.2102,1.0000,"avoided",25
89.0477,-1,0,0,0,0,0.2102,1.0000,"avoided",25
89.0706,-1,0,0,0,0,0.2102,1.0000,"avoided",25
89.0932,-1,0,0,0,0,0.2102,1.0000,"avoided",25
89.1142,-1,0,0,0,0,0.2102,1.0000,"avoided",25
89.1367,-1,0,0,0,0,0.2102,1.0000,"avoided",25
89.1594,-1,0,0,0,0,0.2102,1.0000,"avoided",25
89.1823,-1,0,0,0,0,0.2102,1.0000,"avoided",25
89.2035,-1,0,0,0,0,0.2102,1.0000,"avoided",25
89.2260,-1,0,0,0,0,0.2102,1.0000,"avoided",25
89.2483,-1,0,0,0,0,0.2102,1.0000,"avoided",25
89.2696,-1,0,0,0,0,0.2102,1.0000,"avoided",25
89.2911,-1,0,0,0,0,0.2102,1.0000,"avoided",25
89.3117,-1,0,0,0,0,0.2102,1.0000,"avoided",25
89.3336,-1,0,0,0,0,0.2102,1.0000,"avoided",25
89.3557,-1,0,0,1,0,-1.0000,1.0000,,25
89.3773,-1,0,0,1,0,-1.0000,1.0000,,25
89.4004,-1,0,0,1,0,-1.0000,1.0000,,25
89.4221,-1,0,0,1,0,-1.0000,1.0000,,25
89.4453,-1,0,0,1,1,0.0896,2.0000,,25
89.4676,-1,0,0,1,0,0.0896,2.0000,,25
89.4891,-1,0,0,1,0,0.0896,2.0000,,25
89.5121,-1,0,0,1,0,0.0896,2.0000,,25
89.5341,-1,0,0,1,0,0.0896,2.0000,,25
89.5565,-1,0,0,1,0,0.0896,2.0000,,25
89.5790,-1,0,0,1,0,0.0896,2.0000,,25
89.6012,-1,0,0,1,0,0.0896,2.0000,,25
89.6246,-1,0,0,1,0,0.0896,2.0000,,25
89.6489,-1,0,0,1,0,0.0896,2.0000,,25
89.6710,-1,0,0,1,0,0.0896,1.0000,,25
89.6931,-1,0,0,0,0,0.0896,1.0000,"avoided",25
89.7154,-1,0,0,0,0,0.0896,1.0000,"avoided",25
89.7395,-1,0,0,0,1,0.0896,2.0000,"avoided",25
89.7619,-1,0,0,0,0,0.0896,2.0000,"avoided",25
89.7845,-1,0,0,0,0,0.0896,2.0000,"avoided",25
89.8074,-1,0,0,0,0,0.0896,2.0000,"avoided",25
89.8297,-1,0,0,0,0,0.0896,2.0000,"avoided",25
89.8529,-1,0,0,0,0,0.0896,2.0000,"avoided",25
89.8761,-1,0,0,0,0,0.0896,2.0000,"avoided",25
89.8986,-1,0,0,0,1,0.0896,3.0000,"avoided",25
89.9215,-1,0,0,0,1,0.0896,4.0000,"avoided",26
89.9445,-1,0,0,0,0,0.0896,4.0000,"avoided",26
89.9675,-1,0,0,0,0,0.0896,4.0000,"avoided",26
89.9906,-1,0,0,0,0,0.0896,4.0000,"avoided",26
90.0124,-1,0,0,0,0,0.0896,4.0000,"avoided",26
90.0351,-1,0,0,0,0,0.0896,4.0000,"avoided",26
90.0556,-1,0,0,0,0,0.0896,4.0000,"avoided",26
90.0777,-1,0,0,0,0,0.0896,4.0000,"avoided",26
90.0989,-1,0,0,0,0,0.0896,4.0000,"avoided",26
90.1216,-1,0,0,0,0,0.0896,4.0000,"avoided",26
90.1428,-1,0,0,0,0,0.0896,4.0000,"avoided",26
90.1624,-1,0,0,0,0,0.0896,4.0000,"avoided",26
90.1815,-1,0,0,0,0,0.0896,4.0000,"avoided",26
90.2019,-1,0,0,0,0,0.0896,4.0000,"avoided",26
90.2197,-1,0,0,0,0,0.0896,4.0000,"avoided",26
90.2414,-1,0,0,0,0,0.0896,4.0000,"avoided",26
90.2615,-1,0,0,0,0,0.0896,4.0000,"avoided",26
90.2809,-1,0,0,0,0,0.0896,4.0000,"avoided",26
90.2997,-1,0,0,0,0,0.0896,4.0000,"avoided",26
90.3205,-1,0,0,0,0,0.0896,4.0000,"avoided",26
90.3400,-1,0,0,0,0,0.0896,4.0000,"avoided",26
90.3596,-1,0,0,0,0,0.0896,4.0000,"avoided",26
90.3786,-1,0,0,0,0,0.0896,4.0000,"avoided",26
90.3976,-1,0,0,0,0,0.0896,4.0000,"avoided",26
90.4182,-1,0,0,0,0,0.0896,4.0000,"avoided",26
90.4373,-1,0,0,0,0,0.0896,4.0000,"avoided",26
90.4578,-1,0,0,0,0,0.0896,3.0000,"avoided",26
90.4758,-1,0,0,0,0,0.0896,3.0000,"avoided",26
90.4964,-1,0,0,0,0,0.0896,3.0000,"avoided",26
90.5172,-1,0,0,0,0,0.0896,3.0000,"avoided",26
90.5359,-1,0,0,0,0,0.0896,3.0000,"avoided",26
90.5544,-1,0,0,0,0,0.0896,3.0000,"avoided",26
90.5753,-1,0,0,0,0,0.0896,3.0000,"avoided",26
90.5946,-1,0,0,0,0,0.0896,3.0000,"avoided",26
90.6138,-1,0,0,0,0,0.0896,3.0000,"avoided",26
90.6325,-1,0,0,0,0,0.0896,3.0000,"avoided",26
90.6540,-1,0,0,0,0,0.0896,3.0000,"avoided",26
90.6737,-1,0,0,0,0,0.0896,3.0000,"avoided",26
90.6936,-1,0,0,0,0,0.0896,3.0000,"avoided",26
90.7134,-1,0,0,0,0,0.0896,3.0000,"avoided",26
90.7337,-1,0,0,0,0,0.0896,3.0000,"avoided",26
90.7536,-1,0,0,0,0,0.0896,2.0000,"avoided",26
90.7735,-1,0,0,0,0,0.0896,2.0000,"avoided",26
90.7928,-1,0,0,0,0,0.0896,2.0000,"avoided",26
90.8119,-1,0,0,0,0,0.0896,2.0000,"avoided",26
90.8298,-1,0,0,0,0,0.0896,2.0000,"avoided",26
90.8499,-1,0,0,1,0,-1.0000,2.0000,,26
90.8716,-1,0,0,1,0,-1.0000,2.0000,,26
90.8893,-1,0,0,1,0,-1.0000,2.0000,,26
90.9078,-1,0,0,1,0,-1.0000,1.0000,,26
90.9290,-1,0,0,1,0,-1.0000,0.0000,,26
90.9481,-1,0,0,1,0,-1.0000,0.0000,,26
90.9685,-1,0,0,1,0,-1.0000,0.0000,,26
90.9878,-1,0,0,1,0,-1.0000,0.0000,,26
91.0073,-1,0,0,1,0,-1.0000,0.0000,,26
91.0274,-1,0,0,1,0,-1.0000,0.0000,,26
91.0465,-1,0,0,1,1,0.1966,1.0000,,26
91.0664,-1,0,0,1,0,0.1966,1.0000,,26
91.0863,-1,0,0,0,0,0.1966,1.0000,"avoided",26
91.1081,-1,0,0,0,0,0.1966,1.0000,"avoided",26
91.1277,-1,0,0,0,0,0.1966,1.0000,"avoided",26
91.1477,-1,0,0,0,0,0.1966,1.0000,"avoided",26
91.1674,-1,0,0,0,0,0.1966,1.0000,"avoided",26
91.1864,-1,0,0,0,0,0.1966,1.0000,"avoided",26
91.2053,-1,0,0,0,0,0.1966,1.0000,"avoided",26
91.2239,-1,0,0,0,0,0.1966,1.0000,"avoided",26
91.2425,-1,0,0,0,0,0.1966,1.0000,"avoided",26
91.2624,-1,0,0,0,0,0.1966,1.0000,"avoided",26
91.2804,-1,0,0,0,0,0.1966,1.0000,"avoided",26
91.3006,-1,0,0,0,0,0.1966,1.0000,"avoided",26
91.3189,-1,0,0,0,0,0.1966,1.0000,"avoided",26
91.3371,-1,0,0,0,0,0.1966,1.0000,"avoided",26
91.3531,-1,0,0,0,0,0.1966,1.0000,"avoided",26
91.3836,-1,0,0,0,0,0.1966,1.0000,"avoided",26
91.4033,-1,0,0,0,0,0.1966,1.0000,"avoided",26
91.4240,-1,0,0,0,0,0.1966,1.0000,"avoided",26
91.4414,-1,0,0,0,0,0.1966,1.0000,"avoided",26
91.4625,-1,0,0,0,0,0.1966,1.0000,"avoided",26
91.4799,-1,0,0,0,0,0.1966,1.0000,"avoided",26
91.4988,-1,0,0,0,1,0.1966,2.0000,"avoided",26
91.5188,-1,0,0,0,0,0.1966,2.0000,"avoided",26
91.5370,-1,0,0,0,0,0.1966,2.0000,"avoided",26
91.5562,-1,0,0,0,0,0.1966,2.0000,"avoided",26
91.5747,-1,0,0,0,0,0.1966,2.0000,"avoided",26
91.5931,-1,0,0,0,0,0.1966,2.0000,"avoided",26
91.6128,-1,0,0,0,0,0.1966,2.0000,"avoided",26
91.6312,-1,0,0,0,0,0.1966,2.0000,"avoided",26
91.6501,-1,0,0,0,0,0.1966,2.0000,"avoided",26
91.6691,-1,0,0,0,0,0.1966,2.0000,"avoided",26
91.6874,-1,0,0,0,0,0.1966,2.0000,"avoided",26
91.7078,-1,0,0,0,0,0.1966,2.0000,"avoided",26
91.7262,-1,0,0,0,0,0.1966,2.0000,"avoided",26
91.7437,-1,0,0,0,0,0.1966,2.0000,"avoided",26
91.7654,-1,0,0,0,0,0.1966,2.0000,"avoided",26
91.7840,-1,0,0,0,0,0.1966,2.0000,"avoided",26
91.8026,-1,0,0,0,0,0.1966,2.0000,"avoided",26
91.8216,-1,0,0,0,0,0.1966,2.0000,"avoided",26
91.8411,-1,0,0,0,0,0.1966,2.0000,"avoided",26
91.8593,-1,0,0,0,0,0.1966,2.0000,"avoided",26
91.8784,-1,0,0,0,0,0.1966,2.0000,"avoided",26
91.8974,-1,0,0,0,0,0.1966,2.0000,"avoided",26
91.9155,-1,0,0,0,0,0.1966,2.0000,"avoided",26
91.9343,-1,0,0,0,0,0.1966,2.0000,"avoided",26
91.9526,-1,0,0,0,0,0.1966,2.0000,"avoided",26
91.9735,-1,0,0,1,0,-1.0000,2.0000,,26
91.9924,-1,0,0,1,0,-1.0000,2.0000,,26
92.0109,-1,0,0,1,0,-1.0000,2.0000,,26
92.0313,-1,0,0,1,1,0.0578,3.0000,,26
92.0497,-1,0,0,1,0,0.0578,2.0000,,26
92.0704,-1,0,0,1,0,0.0578,2.0000,,26
92.0878,-1,0,0,1,0,0.0578,2.0000,,26
92.1088,-1,0,0,1,0,0.0578,2.0000,,26
92.1281,-1,0,0,1,0,0.0578,2.0000,,26
92.1491,-1,0,0,1,0,0.0578,2.0000,,26
92.1678,-1,0,0,1,0,0.0578,2.0000,,26
92.1872,-1,0,0,1,0,0.0578,2.0000,,26
92.2091,-1,0,0,0,0,0.0578,2.0000,"avoided",26
92.2287,-1,0,0,0,0,0.0578,2.0000,"avoided",26
92.2476,-1,0,0,0,0,0.0578,2.0000,"avoided",26
92.2671,-1,0,0,0,0,0.0578,2.0000,"avoided",26
92.2876,-1,0,0,0,0,0.0578,2.0000,"avoided",26
92.3063,-1,0,0,0,0,0.0578,2.0000,"avoided",26
92.3267,-1,0,0,0,0,0.0578,2.0000,"avoided",26
92.3454,-1,0,0,0,0,0.0578,2.0000,"avoided",26
92.3648,-1,0,0,0,0,0.0578,2.0000,"avoided",27
92.3848,-1,0,0,0,0,0.0578,2.0000,"avoided",27
92.4046,-1,0,0,0,0,0.0578,2.0000,"avoided",27
92.4226,-1,0,0,0,0,0.0578,2.0000,"avoided",27
92.4441,-1,0,0,0,0,0.0578,2.0000,"avoided",27
92.4627,-1,0,0,0,0,0.0578,2.0000,"avoided",27
92.4838,-1,0,0,0,0,0.0578,2.0000,"avoided",27
92.5016,-1,0,0,0,0,0.0578,1.0000,"avoided",27
92.5222,-1,0,0,0,0,0.0578,1.0000,"avoided",27
92.5437,-1,0,0,0,0,0.0578,1.0000,"avoided",27
92.5631,-1,0,0,0,0,0.0578,1.0000,"avoided",27
92.5828,-1,0,0,0,0,0.0578,1.0000,"avoided",27
92.6007,-1,0,0,0,0,0.0578,1.0000,"avoided",27
92.6216,-1,0,0,0,0,0.0578,1.0000,"avoided",27
92.6421,-1,0,0,0,0,0.0578,1.0000,"avoided",27
92.6622,-1,0,0,0,0,0.0578,1.0000,"avoided",27
92.6788,-1,0,0,0,0,0.0578,1.0000,"avoided",27
92.7013,-1,0,0,0,1,0.0578,2.0000,"avoided",27
92.7213,-1,0,0,0,1,0.0578,4.0000,"avoided",27
92.7411,-1,0,0,0,0,0.0578,4.0000,"avoided",27
92.7617,-1,0,0,0,0,0.0578,4.0000,"avoided",27
92.7796,-1,0,0,0,0,0.0578,4.0000,"avoided",27
92.8006,-1,0,0,0,0,0.0578,4.0000,"avoided",27
92.8212,-1,0,0,0,0,0.0578,4.0000,"avoided",27
92.8416,-1,0,0,0,0,0.0578,4.0000,"avoided",27
92.8615,-1,0,0,0,0,0.0578,4.0000,"avoided",27
92.8789,-1,0,0,0,0,0.0578,4.0000,"avoided",27
92.9006,-1,0,0,0,0,0.0578,4.0000,"avoided",27
92.9230,-1,0,0,0,0,0.0578,4.0000,"avoided",27
92.9433,-1,0,0,0,0,0.0578,4.0000,"avoided",27
92.9636,-1,0,0,0,0,0.0578,4.0000,"avoided",27
92.9835,-1,0,0,0,0,0.0578,4.0000,"avoided",27
93.0036,-1,0,0,0,0,0.0578,4.0000,"avoided",27
93.0252,-1,0,0,0,0,0.0578,4.0000,"avoided",27
93.0453,-1,0,0,0,0,0.0578,3.0000,"avoided",27
93.0657,-1,0,0,0,0,0.0578,3.0000,"avoided",27
93.0868,-1,0,0,0,0,0.0578,3.0000,"avoided",27
93.1072,-1,0,0,0,0,0.0578,3.0000,"avoided",27
93.1259,-1,0,0,0,0,0.0578,3.0000,"avoided",27
93.1460,-1,0,0,0,0,0.0578,3.0000,"avoided",27
93.1680,-1,0,0,0,0,0.0578,3.0000,"avoided",27
93.1899,-1,0,0,0,0,0.0578,3.0000,"avoided",27
93.2107,-1,0,0,0,0,0.0578,3.0000,"avoided",27
93.2302,-1,0,0,0,0,0.0578,3.0000,"avoided",27
93.2509,-1,0,0,0,0,0.0578,3.0000,"avoided",27
93.2715,-1,0,0,0,0,0.0578,3.0000,"avoided",27
93.2913,-1,0,0,0,0,0.0578,3.0000,"avoided",27
93.3120,-1,0,0,0,0,0.0578,3.0000,"avoided",27
93.3319,-1,0,0,0,0,0.0578,3.0000,"avoided",27
93.3530,-1,0,0,0,0,0.0578,3.0000,"avoided",27
93.3730,-1,0,0,0,0,0.0578,3.0000,"avoided",27
93.3922,-1,0,0,0,0,0.0578,3.0000,"avoided",27
93.4111,-1,0,0,0,0,0.0578,3.0000,"avoided",27
93.4344,-1,0,0,0,0,0.0578,3.0000,"avoided",27
93.4539,-1,0,0,0,0,0.0578,3.0000,"avoided",27
93.4741,-1,0,0,0,0,0.0578,3.0000,"avoided",27
93.4951,-1,0,0,0,0,0.0578,3.0000,"avoided",27
93.5156,-1,0,0,0,0,0.0578,3.0000,"avoided",27
93.5356,-1,0,0,0,0,0.0578,3.0000,"avoided",27
93.5552,-1,0,0,0,0,0.0578,3.0000,"avoided",27
93.5762,-1,0,0,0,0,0.0578,3.0000,"avoided",27
93.5963,-1,0,0,0,0,0.0578,3.0000,"avoided",27
93.6172,-1,0,0,0,0,0.0578,3.0000,"avoided",27
93.6364,-1,0,0,0,0,0.0578,3.0000,"avoided",27
93.6568,-1,0,0,0,0,0.0578,3.0000,"avoided",27
93.6780,-1,0,0,0,0,0.0578,3.0000,"avoided",27
93.6979,-1,0,0,0,0,0.0578,3.0000,"avoided",27
93.7178,-1,0,0,0,0,0.0578,2.0000,"avoided",27
93.7380,-1,0,0,0,0,0.0578,0.0000,"avoided",27
93.7576,-1,0,0,0,0,0.0578,0.0000,"avoided",27
93.7788,-1,0,0,0,0,0.0578,0.0000,"avoided",27
93.7990,-1,0,0,0,0,0.0578,0.0000,"avoided",27
93.8193,-1,0,0,0,0,0.0578,0.0000,"avoided",27
93.8402,-1,0,0,1,0,-1.0000,0.0000,,27
93.8588,-1,0,0,1,0,-1.0000,0.0000,,27
93.8794,-1,0,0,1,0,-1.0000,0.0000,,27
93.9014,-1,0,0,1,0,-1.0000,0.0000,,27
93.9216,-1,0,0,1,0,-1.0000,0.0000,,27
93.9429,-1,0,0,1,0,-1.0000,0.0000,,27
93.9636,-1,0,0,1,1,0.1234,2.0000,,27
93.9841,-1,0,0,1,1,0.1234,3.0000,,27
94.0051,-1,0,0,1,0,0.1234,3.0000,,27
94.0257,-1,0,0,1,0,0.1234,3.0000,,27
94.0477,-1,0,0,0,0,0.1234,3.0000,"avoided",27
94.0679,-1,0,0,0,0,0.1234,3.0000,"avoided",27
94.0887,-1,0,0,0,0,0.1234,3.0000,"avoided",27
94.1088,-1,0,0,0,0,0.1234,3.0000,"avoided",27
94.1301,-1,0,0,0,0,0.1234,3.0000,"avoided",27
94.1512,-1,0,0,0,0,0.1234,3.0000,"avoided",27
94.1714,-1,0,0,0,0,0.1234,3.0000,"avoided",27
94.1923,-1,0,0,0,0,0.1234,3.0000,"avoided",27
94.2129,-1,0,0,0,0,0.1234,3.0000,"avoided",27
94.2344,-1,0,0,0,0,0.1234,3.0000,"avoided",27
94.2552,-1,0,0,0,0,0.1234,3.0000,"avoided",27
94.2750,-1,0,0,0,0,0.1234,3.0000,"avoided",27
94.2956,-1,0,0,0,0,0.1234,3.0000,"avoided",27
94.3141,-1,0,0,0,0,0.1234,3.0000,"avoided",27
94.3359,-1,0,0,0,0,0.1234,3.0000,"avoided",27
94.3545,-1,0,0,0,0,0.1234,3.0000,"avoided",27
94.3747,-1,0,0,0,0,0.1234,3.0000,"avoided",27
94.3940,-1,0,0,0,0,0.1234,3.0000,"avoided",27
94.4156,-1,0,0,0,0,0.1234,3.0000,"avoided",27
94.4349,-1,0,0,0,0,0.1234,3.0000,"avoided",27
94.4557,-1,0,0,0,0,0.1234,3.0000,"avoided",27
94.4744,-1,0,0,0,0,0.1234,3.0000,"avoided",27
94.4952,-1,0,0,0,0,0.1234,3.0000,"avoided",27
94.5146,-1,0,0,0,0,0.1234,3.0000,"avoided",27
94.5350,-1,0,0,0,0,0.1234,3.0000,"avoided",27
94.5554,-1,0,0,0,0,0.1234,3.0000,"avoided",27
94.5749,-1,0,0,0,0,0.1234,3.0000,"avoided",27
94.5924,-1,0,0,0,0,0.1234,3.0000,"avoided",27
94.6137,-1,0,0,0,0,0.1234,3.0000,"avoided",27
94.6327,-1,0,0,0,0,0.1234,3.0000,"avoided",27
94.6546,-1,0,0,0,0,0.1234,3.0000,"avoided",27
94.6733,-1,0,0,0,0,0.1234,3.0000,"avoided",27
94.6938,-1,0,0,0,0,0.1234,3.0000,"avoided",27
94.7135,-1,0,0,0,0,0.1234,3.0000,"avoided",27
94.7326,-1,0,0,0,0,0.1234,3.0000,"avoided",27
94.7528,-1,0,0,0,0,0.1234,3.0000,"avoided",27
94.7730,-1,0,0,0,0,0.1234,3.0000,"avoided",27
94.7927,-1,0,0,0,0,0.1234,3.0000,"avoided",27
94.8139,-1,0,0,0,0,0.1234,3.0000,"avoided",27
94.8318,-1,0,0,0,0,0.1234,3.0000,"avoided",27
94.8517,-1,0,0,0,0,0.1234,3.0000,"avoided",27
94.8715,-1,0,0,0,0,0.1234,3.0000,"avoided",27
94.8919,-1,0,0,0,0,0.1234,3.0000,"avoided",27
94.9120,-1,0,0,0,0,0.1234,3.0000,"avoided",27
94.9323,-1,0,0,0,0,0.1234,3.0000,"avoided",27
94.9515,-1,0,0,0,0,0.1234,3.0000,"avoided",27
94.9712,-1,0,0,0,0,0.1234,1.0000,"avoided",27
94.9913,-1,0,0,0,0,0.1234,0.0000,"avoided",27
95.0116,-1,0,0,0,0,0.1234,0.0000,"avoided",27
95.0315,-1,0,0,0,0,0.1234,0.0000,"avoided",27
95.0512,-1,0,0,0,1,0.1234,1.0000,"avoided",27
95.0717,-1,0,0,0,1,0.1234,2.0000,"avoided",27
95.0911,-1,0,0,0,0,0.1234,2.0000,"avoided",27
95.1104,-1,0,0,0,0,0.1234,2.0000,"avoided",27
95.1309,-1,0,0,0,0,0.1234,2.0000,"avoided",27
95.1498,-1,0,0,0,0,0.1234,2.0000,"avoided",27
95.1700,-1,0,0,0,0,0.1234,2.0000,"avoided",27
95.1903,-1,0,0,0,0,0.1234,2.0000,"avoided",27
95.2099,-1,0,0,0,0,0.1234,2.0000,"avoided",27
95.2315,-1,0,0,0,0,0.1234,2.0000,"avoided",27
95.2507,-1,0,0,0,0,0.1234,2.0000,"avoided",27
95.2725,-1,0,0,0,0,0.1234,2.0000,"avoided",27
95.2930,-1,0,0,0,0,0.1234,2.0000,"avoided",27
95.3130,-1,0,0,0,0,0.1234,2.0000,"avoided",27
95.3320,-1,0,0,0,0,0.1234,2.0000,"avoided",27
95.3527,-1,0,0,0,0,0.1234,2.0000,"avoided",27
95.3735,-1,0,0,0,0,0.1234,2.0000,"avoided",27
95.3923,-1,0,0,0,0,0.1234,2.0000,"avoided",27
95.4118,-1,0,0,0,0,0.1234,2.0000,"avoided",27
95.4315,-1,0,0,0,0,0.1234,2.0000,"avoided",27
95.4507,-1,0,0,0,0,0.1234,2.0000,"avoided",27
95.4688,-1,0,0,0,0,0.1234,2.0000,"avoided",27
95.4886,-1,0,0,0,0,0.1234,2.0000,"avoided",27
95.5074,-1,0,0,0,0,0.1234,2.0000,"avoided",27
95.5246,-1,0,0,1,0,-1.0000,2.0000,,27
95.5445,-1,0,0,1,0,-1.0000,2.0000,,27
95.5646,-1,0,0,1,0,-1.0000,2.0000,,27
95.5832,-1,0,0,1,0,-1.0000,2.0000,,27
95.6013,-1,0,0,1,0,-1.0000,2.0000,,27
95.6191,-1,0,0,1,0,-1.0000,2.0000,,27
95.6398,-1,0,0,1,0,-1.0000,2.0000,,27
95.6596,-1,0,0,1,0,-1.0000,2.0000,,27
95.6807,-1,0,0,1,0,-1.0000,2.0000,,27
95.6991,-1,0,0,1,0,-1.0000,2.0000,,27
95.7196,-1,0,0,1,0,-1.0000,2.0000,,27
95.7387,-1,0,0,1,0,-1.0000,2.0000,,27
95.7585,-1,0,0,1,0,-1.0000,2.0000,,27
95.7788,-1,0,0,1,0,-1.0000,2.0000,"hit",28
95.7998,-1,0,0,1,0,-1.0000,2.0000,"hit",28
95.8209,-1,0,0,1,0,-1.0000,2.0000,"hit",28
95.8428,-1,0,0,1,0,-1.0000,2.0000,"hit",28
95.8635,-1,0,0,1,0,-1.0000,2.0000,"hit",28
95.8846,-1,0,0,1,0,-1.0000,2.0000,"hit",28
95.9049,-1,0,0,1,0,-1.0000,2.0000,"hit",28
95.9272,-1,0,0,1,0,-1.0000,2.0000,"hit",28
95.9460,-1,0,0,1,0,-1.0000,2.0000,"hit",28
95.9668,-1,0,0,1,0,-1.0000,2.0000,"hit",28
95.9879,-1,0,0,1,0,-1.0000,2.0000,"hit",28
96.0096,-1,0,0,1,0,-1.0000,2.0000,"hit",28
96.0302,-1,0,0,1,0,-1.0000,2.0000,"hit",28
96.0502,-1,0,0,1,0,-1.0000,2.0000,"hit",28
96.0705,-1,0,0,0,0,-1.0000,1.0000,"hit",28
96.0909,-1,0,0,0,0,-1.0000,0.0000,"hit",28
96.1119,-1,0,0,0,0,-1.0000,0.0000,"hit",28
96.1329,-1,0,0,0,0,-1.0000,0.0000,"hit",28
96.1535,-1,0,0,0,0,-1.0000,0.0000,"hit",28
96.1739,-1,0,0,0,0,-1.0000,0.0000,"hit",28
96.1946,-1,0,0,0,0,-1.0000,0.0000,"hit",28
96.2150,-1,0,0,0,0,-1.0000,0.0000,"hit",28
96.2353,-1,0,0,0,0,-1.0000,0.0000,"hit",28
96.2567,-1,0,0,0,0,-1.0000,0.0000,"hit",28
96.2768,-1,0,0,0,0,-1.0000,0.0000,"hit",28
96.2986,-1,0,0,0,0,-1.0000,0.0000,"hit",28
96.3192,-1,0,0,0,0,-1.0000,0.0000,"hit",28
96.3389,-1,0,0,0,0,-1.0000,0.0000,"hit",28
96.3596,-1,0,0,0,0,-1.0000,0.0000,"hit",28
96.3866,-1,0,0,0,0,-1.0000,0.0000,"hit",28
96.4084,-1,0,0,0,0,-1.0000,0.0000,"hit",28
96.4304,-1,0,0,0,0,-1.0000,0.0000,"hit",28
96.4502,-1,0,0,0,0,-1.0000,0.0000,"hit",28
96.4711,-1,0,0,0,0,-1.0000,0.0000,"hit",28
96.4898,-1,0,0,0,0,-1.0000,0.0000,"hit",28
96.5107,-1,0,0,0,0,-1.0000,0.0000,"hit",28
96.5317,-1,0,0,0,0,-1.0000,0.0000,"hit",28
96.5518,-1,0,0,0,0,-1.0000,0.0000,"hit",28
96.5725,-1,0,0,0,0,-1.0000,0.0000,"hit",28
96.5917,-1,0,0,0,0,-1.0000,0.0000,"hit",28
96.6126,-1,0,0,0,0,-1.0000,0.0000,"hit",28
96.6321,-1,0,0,0,0,-1.0000,0.0000,"hit",28
96.6526,-1,0,0,0,0,-1.0000,0.0000,"hit",28
96.6729,-1,0,0,0,0,-1.0000,0.0000,"hit",28
96.6926,-1,0,0,0,0,-1.0000,0.0000,"hit",28
96.7131,-1,0,0,0,0,-1.0000,0.0000,"hit",28
96.7334,-1,0,0,0,0,-1.0000,0.0000,"hit",28
96.7534,-1,0,0,0,0,-1.0000,0.0000,"hit",28
96.7739,-1,0,0,0,0,-1.0000,0.0000,"hit",28
96.7923,-1,0,0,0,0,-1.0000,0.0000,"hit",28
96.8135,-1,0,0,0,0,-1.0000,0.0000,"hit",28
96.8339,-1,0,0,0,0,-1.0000,0.0000,"hit",28
96.8540,-1,0,0,0,0,-1.0000,0.0000,"hit",28
96.8741,-1,0,0,0,0,-1.0000,0.0000,"hit",28
96.8952,-1,0,0,0,0,-1.0000,0.0000,"hit",28
96.9151,-1,0,0,0,1,-1.0000,1.0000,"hit",28
96.9381,-1,0,0,0,1,-1.0000,3.0000,"hit",28
96.9560,-1,0,0,0,0,-1.0000,3.0000,"hit",28
96.9764,-1,0,0,0,0,-1.0000,3.0000,"hit",28
96.9976,-1,0,0,0,0,-1.0000,3.0000,"hit",28
97.0170,-1,0,0,1,0,-1.0000,3.0000,,28
97.0378,-1,0,0,1,0,-1.0000,3.0000,,28
97.0590,-1,0,0,1,0,-1.0000,3.0000,,28
97.0781,-1,0,0,1,0,-1.0000,3.0000,,28
97.0992,-1,0,0,1,0,-1.0000,3.0000,,28
97.1202,-1,0,0,0,0,-1.0000,3.0000,"avoided",28
97.1408,-1,0,0,0,0,-1.0000,3.0000,"avoided",28
97.1604,-1,0,0,0,0,-1.0000,3.0000,"avoided",28
97.1808,-1,0,0,0,0,-1.0000,3.0000,"avoided",28
97.2006,-1,0,0,0,0,-1.0000,3.0000,"avoided",28
97.2201,-1,0,0,0,0,-1.0000,3.0000,"avoided",28
97.2399,-1,0,0,0,0,-1.0000,3.0000,"avoided",28
97.2579,-1,0,0,0,0,-1.0000,3.0000,"avoided",28
97.2792,-1,0,0,0,0,-1.0000,3.0000,"avoided",28
97.2978,-1,0,0,0,0,-1.0000,3.0000,"avoided",28
97.3174,-1,0,0,0,0,-1.0000,3.0000,"avoided",28
97.3374,-1,0,0,0,0,-1.0000,3.0000,"avoided",28
97.3564,-1,0,0,0,0,-1.0000,3.0000,"avoided",28
97.3780,-1,0,0,0,0,-1.0000,3.0000,"avoided",28
97.3957,-1,0,0,0,0,-1.0000,3.0000,"avoided",28
97.4162,-1,0,0,0,0,-1.0000,3.0000,"avoided",28
97.4357,-1,0,0,0,0,-1.0000,3.0000,"avoided",28
97.4530,-1,0,0,0,0,-1.0000,3.0000,"avoided",28
97.4711,-1,0,0,0,0,-1.0000,3.0000,"avoided",28
97.4902,-1,0,0,0,0,-1.0000,3.0000,"avoided",28
97.5101,-1,0,0,0,0,-1.0000,3.0000,"avoided",28
97.5289,-1,0,0,0,0,-1.0000,3.0000,"avoided",28
97.5469,-1,0,0,0,0,-1.0000,3.0000,"avoided",28
97.5653,-1,0,0,0,0,-1.0000,3.0000,"avoided",28
97.5864,-1,0,0,0,0,-1.0000,3.0000,"avoided",28
97.6023,-1,0,0,0,0,-1.0000,3.0000,"avoided",28
97.6229,-1,0,0,0,0,-1.0000,3.0000,"avoided",28
97.6426,-1,0,0,0,0,-1.0000,3.0000,"avoided",28
97.6597,-1,0,0,0,0,-1.0000,3.0000,"avoided",28
97.6798,-1,0,0,0,0,-1.0000,3.0000,"avoided",28
97.6984,-1,0,0,0,0,-1.0000,3.0000,"avoided",28
97.7173,-1,0,0,0,0,-1.0000,3.0000,"avoided",28
97.7358,-1,0,0,0,0,-1.0000,3.0000,"avoided",28
97.7553,-1,0,0,0,0,-1.0000,3.0000,"avoided",28
97.7750,-1,0,0,0,0,-1.0000,3.0000,"avoided",28
97.7929,-1,0,0,0,0,-1.0000,3.0000,"avoided",28
97.8121,-1,0,0,0,0,-1.0000,3.0000,"avoided",28
97.8325,-1,0,0,0,0,-1.0000,3.0000,"avoided",28
97.8487,-1,0,0,0,0,-1.0000,3.0000,"avoided",28
97.8678,-1,0,0,0,0,-1.0000,3.0000,"avoided",28
97.8886,-1,0,0,0,0,-1.0000,3.0000,"avoided",28
97.9093,-1,0,0,0,0,-1.0000,3.0000,"avoided",28
97.9265,-1,0,0,1,0,-1.0000,2.0000,,28
97.9450,-1,0,0,1,0,-1.0000,0.0000,,28
97.9652,-1,0,0,1,0,-1.0000,0.0000,,28
97.9843,-1,0,0,1,0,-1.0000,0.0000,,28
98.0027,-1,0,0,1,0,-1.0000,0.0000,,28
98.0212,-1,0,0,1,0,-1.0000,0.0000,,28
98.0419,-1,0,0,1,0,-1.0000,0.0000,,28
98.0604,-1,0,0,1,0,-1.0000,0.0000,,28
98.0788,-1,0,0,1,0,-1.0000,0.0000,,28
98.0982,-1,0,0,1,0,-1.0000,0.0000,,28
98.1193,-1,0,0,1,0,-1.0000,0.0000,,28
98.1380,-1,0,0,1,0,-1.0000,0.0000,,28
98.1557,-1,0,0,1,0,-1.0000,0.0000,,28
98.1768,-1,0,0,1,0,-1.0000,0.0000,,28
98.1950,-1,0,0,1,0,-1.0000,0.0000,,28
98.2136,-1,0,0,1,0,-1.0000,0.0000,,28
98.2333,-1,0,0,1,0,-1.0000,0.0000,,28
98.2534,-1,0,0,1,0,-1.0000,0.0000,,28
98.2718,-1,0,0,0,0,-1.0000,0.0000,"avoided",28
98.2920,-1,0,0,0,0,-1.0000,0.0000,"avoided",28
98.3109,-1,0,0,0,0,-1.0000,0.0000,"avoided",28
98.3313,-1,0,0,0,0,-1.0000,0.0000,"avoided",28
98.3489,-1,0,0,0,0,-1.0000,0.0000,"avoided",28
98.3682,-1,0,0,0,0,-1.0000,0.0000,"avoided",28
98.3879,-1,0,0,0,0,-1.0000,0.0000,"avoided",28
98.4072,-1,0,0,0,0,-1.0000,0.0000,"avoided",28
98.4274,-1,0,0,0,1,-1.0000,2.0000,"avoided",28
98.4486,-1,0,0,0,1,-1.0000,3.0000,"avoided",28
98.4666,-1,0,0,0,0,-1.0000,3.0000,"avoided",28
98.4879,-1,0,0,0,0,-1.0000,3.0000,"avoided",28
98.5054,-1,0,0,0,0,-1.0000,3.0000,"avoided",28
98.5247,-1,0,0,0,0,-1.0000,3.0000,"avoided",28
98.5435,-1,0,0,0,0,-1.0000,3.0000,"avoided",28
98.5649,-1,0,0,0,0,-1.0000,3.0000,"avoided",28
98.5821,-1,0,0,0,0,-1.0000,3.0000,"avoided",28
98.6019,-1,0,0,0,0,-1.0000,3.0000,"avoided",28
98.6203,-1,0,0,0,0,-1.0000,3.0000,"avoided",28
98.6392,-1,0,0,0,0,-1.0000,3.0000,"avoided",28
98.6588,-1,0,0,0,0,-1.0000,3.0000,"avoided",28
98.6777,-1,0,0,0,0,-1.0000,3.0000,"avoided",28
98.6991,-1,0,0,0,0,-1.0000,3.0000,"avoided",28
98.7173,-1,0,0,0,0,-1.0000,3.0000,"avoided",28
98.7356,-1,0,0,0,0,-1.0000,3.0000,"avoided",28
98.7554,-1,0,0,0,0,-1.0000,3.0000,"avoided",28
98.7758,-1,0,0,0,0,-1.0000,3.0000,"avoided",28
98.7944,-1,0,0,0,0,-1.0000,3.0000,"avoided",28
98.8143,-1,0,0,0,0,-1.0000,3.0000,"avoided",28
98.8341,-1,0,0,0,0,-1.0000,3.0000,"avoided",28
98.8553,-1,0,0,0,0,-1.0000,3.0000,"avoided",28
98.8747,-1,0,0,0,0,-1.0000,3.0000,"avoided",28
98.8937,-1,0,0,0,0,-1.0000,3.0000,"avoided",28
98.9166,-1,0,0,0,0,-1.0000,3.0000,"avoided",28
98.9342,-1,0,0,0,0,-1.0000,3.0000,"avoided",28
98.9569,-1,0,0,0,0,-1.0000,3.0000,"avoided",28
98.9753,-1,0,0,0,1,-1.0000,4.0000,"avoided",28
98.9941,-1,0,0,0,0,-1.0000,4.0000,"avoided",28
99.0158,-1,0,0,0,0,-1.0000,4.0000,"avoided",28
99.0346,-1,0,0,0,0,-1.0000,4.0000,"avoided",28
99.0542,-1,0,0,0,0,-1.0000,4.0000,"avoided",28
99.0766,-1,0,0,0,0,-1.0000,4.0000,"avoided",28
99.0992,-1,0,0,0,0,-1.0000,4.0000,"avoided",28
99.1162,-1,0,0,0,0,-1.0000,4.0000,"avoided",28
99.1373,-1,0,0,1,0,-1.0000,4.0000,,28
99.1598,-1,0,0,1,0,-1.0000,4.0000,,28
99.1801,-1,0,0,1,0,-1.0000,4.0000,,28
99.1986,-1,0,0,1,0,-1.0000,4.0000,,28
99.2200,-1,0,0,1,0,-1.0000,4.0000,,28
99.2406,-1,0,0,1,0,-1.0000,4.0000,,28
99.2593,-1,0,0,1,0,-1.0000,4.0000,,28
99.2809,-1,0,0,1,0,-1.0000,4.0000,,28
99.3002,-1,0,0,1,0,-1.0000,4.0000,,28
99.3232,-1,0,0,1,0,-1.0000,4.0000,,28
99.3440,-1,0,0,1,0,-1.0000,4.0000,,28
99.3619,-1,0,0,1,0,-1.0000,4.0000,,28
99.3824,-1,0,0,1,0,-1.0000,4.0000,,28
99.4053,-1,0,0,1,0,-1.0000,4.0000,,28
99.4255,-1,0,0,1,1,0.2883,6.0000,,28
99.4450,-1,0,0,1,1,0.2883,5.0000,,29
99.4675,-1,0,0,1,0,0.2883,4.0000,,29
99.4892,-1,0,0,1,0,0.2883,4.0000,,29
99.5089,-1,0,0,1,0,0.2883,4.0000,,29
99.5291,-1,0,0,1,0,0.2883,4.0000,,29
99.5495,-1,0,0,1,0,0.2883,4.0000,,29
99.5717,-1,0,0,1,0,0.2883,4.0000,,29
99.5910,-1,0,0,1,0,0.2883,4.0000,,29
99.6116,-1,0,0,1,0,0.2883,4.0000,,29
99.6341,-1,0,0,1,0,0.2883,4.0000,,29
99.6572,-1,0,0,0,0,0.2883,4.0000,"avoided",29
99.6769,-1,0,0,0,0,0.2883,4.0000,"avoided",29
99.6954,-1,0,0,0,0,0.2883,4.0000,"avoided",29
99.7166,-1,0,0,0,0,0.2883,4.0000,"avoided",29
99.7394,-1,0,0,0,0,0.2883,4.0000,"avoided",29
99.7597,-1,0,0,0,0,0.2883,4.0000,"avoided",29
99.7813,-1,0,0,0,0,0.2883,4.0000,"avoided",29
99.8031,-1,0,0,0,0,0.2883,4.0000,"avoided",29
99.8233,-1,0,0,0,0,0.2883,4.0000,"avoided",29
99.8481,-1,0,0,0,0,0.2883,4.0000,"avoided",29
99.8706,-1,0,0,1,0,-1.0000,4.0000,,29
99.8932,-1,0,0,1,1,0.0226,5.0000,,29
99.9161,-1,0,0,1,0,0.0226,5.0000,,29
99.9397,-1,0,0,1,0,0.0226,5.0000,,29
99.9617,-1,0,0,1,0,0.0226,5.0000,,29
99.9848,-1,0,0,1,0,0.0226,4.0000,,29
100.0078,-1,0,0,1,0,0.0226,4.0000,,29
100.0354,-1,0,0,1,0,0.0226,4.0000,,29
100.0567,-1,0,0,1,0,0.0226,4.0000,,29
100.0767,-1,0,0,1,0,0.0226,4.0000,,29
100.0988,-1,0,0,1,0,0.0226,4.0000,,29
100.1178,-1,0,0,1,0,0.0226,4.0000,,29
100.1393,-1,0,0,1,0,0.0226,4.0000,,29
100.1608,-1,0,0,1,0,0.0226,4.0000,,29
100.1835,-1,0,0,1,0,0.0226,4.0000,,29
100.2053,-1,0,0,0,0,0.0226,4.0000,"avoided",29
100.2256,-1,0,0,0,0,0.0226,4.0000,"avoided",29
100.2468,-1,0,0,0,0,0.0226,4.0000,"avoided",29
100.2686,-1,0,0,0,0,0.0226,4.0000,"avoided",29
100.2892,-1,0,0,0,1,0.0226,6.0000,"avoided",29
100.3094,-1,0,0,0,1,0.0226,7.0000,"avoided",29
100.3310,-1,0,0,0,0,0.0226,7.0000,"avoided",29
100.3507,-1,0,0,0,0,0.0226,7.0000,"avoided",29
100.3709,-1,0,0,0,0,0.0226,7.0000,"avoided",29
100.3912,-1,0,0,0,0,0.0226,7.0000,"avoided",29
100.4121,-1,0,0,0,0,0.0226,7.0000,"avoided",29
100.4345,-1,0,0,0,0,0.0226,5.0000,"avoided",29
100.4536,-1,0,0,0,0,0.0226,4.0000,"avoided",29
100.4730,-1,0,0,0,0,0.0226,4.0000,"avoided",29
100.4954,-1,0,0,0,0,0.0226,4.0000,"avoided",29
100.5174,-1,0,0,0,0,0.0226,4.0000,"avoided",29
100.5363,-1,0,0,0,0,0.0226,4.0000,"avoided",29
100.5576,-1,0,0,0,0,0.0226,4.0000,"avoided",29
100.5792,-1,0,0,0,0,0.0226,4.0000,"avoided",29
100.5992,-1,0,0,0,0,0.0226,4.0000,"avoided",29
100.6234,-1,0,0,0,0,0.0226,4.0000,"avoided",29
100.6432,-1,0,0,0,0,0.0226,4.0000,"avoided",29
100.6622,-1,0,0,0,0,0.0226,4.0000,"avoided",29
100.6820,-1,0,0,0,0,0.0226,4.0000,"avoided",29
100.7031,-1,0,0,0,0,0.0226,4.0000,"avoided",29
100.7259,-1,0,0,0,0,0.0226,4.0000,"avoided",29
100.7488,-1,0,0,0,0,0.0226,4.0000,"avoided",29
100.7688,-1,0,0,0,0,0.0226,4.0000,"avoided",29
100.7891,-1,0,0,0,0,0.0226,4.0000,"avoided",29
100.8158,-1,0,0,0,1,0.0226,5.0000,"avoided",29
100.8373,-1,0,0,1,0,-1.0000,5.0000,,29
100.8568,-1,0,0,1,0,-1.0000,5.0000,,29
100.8798,-1,0,0,1,0,-1.0000,5.0000,,29
100.9014,-1,0,0,1,0,-1.0000,4.0000,,29
100.9243,-1,0,0,1,0,-1.0000,4.0000,,29
100.9462,-1,0,0,1,0,-1.0000,4.0000,,29
100.9682,-1,0,0,1,0,-1.0000,4.0000,,29
100.9897,-1,0,0,1,0,-1.0000,4.0000,,29
101.0101,-1,0,0,1,0,-1.0000,4.0000,"hit",30
101.0306,-1,0,0,1,0,-1.0000,4.0000,"hit",30
101.0496,-1,0,0,1,0,-1.0000,4.0000,"hit",30
101.0720,-1,0,0,1,0,-1.0000,4.0000,"hit",30
101.0919,-1,0,0,1,0,-1.0000,4.0000,"hit",30
101.1118,-1,0,0,1,0,-1.0000,4.0000,"hit",30
101.1329,-1,0,0,1,0,-1.0000,4.0000,"hit",30
101.1552,-1,0,0,1,0,-1.0000,4.0000,"hit",30
101.1760,-1,0,0,1,0,-1.0000,4.0000,"hit",30
101.1965,-1,0,0,1,0,-1.0000,4.0000,"hit",30
101.2175,-1,0,0,1,0,-1.0000,4.0000,"hit",30
101.2392,-1,0,0,1,0,-1.0000,4.0000,"hit",30
101.2582,-1,0,0,0,0,-1.0000,4.0000,"hit",30
101.2806,-1,0,0,0,0,-1.0000,4.0000,"hit",30
101.3007,-1,0,0,0,0,-1.0000,2.0000,"hit",30
101.3223,-1,0,0,0,0,-1.0000,1.0000,"hit",30
101.3457,-1,0,0,0,0,-1.0000,1.0000,"hit",30
101.3673,-1,0,0,0,0,-1.0000,1.0000,"hit",30
101.3875,-1,0,0,0,0,-1.0000,1.0000,"hit",30
101.4203,-1,0,0,0,0,-1.0000,1.0000,"hit",30
101.4423,-1,0,0,0,0,-1.0000,1.0000,"hit",30
101.4641,-1,0,0,0,0,-1.0000,1.0000,"hit",30
101.4860,-1,0,0,0,0,-1.0000,1.0000,"hit",30
101.5061,-1,0,0,0,0,-1.0000,1.0000,"hit",30
101.5293,-1,0,0,0,0,-1.0000,1.0000,"hit",30
101.5500,-1,0,0,0,0,-1.0000,1.0000,"hit",30
101.5721,-1,0,0,0,0,-1.0000,1.0000,"hit",30
101.5918,-1,0,0,0,0,-1.0000,1.0000,"hit",30
101.6117,-1,0,0,0,0,-1.0000,1.0000,"hit",30
101.6333,-1,0,0,0,0,-1.0000,1.0000,"hit",30
101.6535,-1,0,0,0,0,-1.0000,1.0000,"hit",30
101.6737,-1,0,0,0,0,-1.0000,1.0000,"hit",30
101.6918,-1,0,0,0,0,-1.0000,1.0000,"hit",30
101.7121,-1,0,0,0,0,-1.0000,1.0000,"hit",30
101.7329,-1,0,0,0,0,-1.0000,1.0000,"hit",30
101.7530,-1,0,0,0,0,-1.0000,1.0000,"hit",30
101.7729,-1,0,0,0,0,-1.0000,1.0000,"hit",30
101.7906,-1,0,0,0,0,-1.0000,1.0000,"hit",30
101.8114,-1,0,0,0,0,-1.0000,1.0000,"hit",30
101.8349,-1,0,0,0,0,-1.0000,0.0000,"hit",30
101.8566,-1,0,0,0,0,-1.0000,0.0000,"hit",30
101.8770,-1,0,0,0,0,-1.0000,0.0000,"hit",30
101.8960,-1,0,0,0,0,-1.0000,0.0000,"hit",30
101.9167,-1,0,0,0,0,-1.0000,0.0000,"hit",30
101.9355,-1,0,0,0,0,-1.0000,0.0000,"hit",30
101.9563,-1,0,0,0,0,-1.0000,0.0000,"hit",30
101.9763,-1,0,0,0,0,-1.0000,0.0000,"hit",30
102.0009,-1,0,0,0,0,-1.0000,0.0000,"hit",30
102.0222,-1,0,0,0,0,-1.0000,0.0000,"hit",30
102.0405,-1,0,0,0,0,-1.0000,0.0000,"hit",30
102.0624,-1,0,0,0,0,-1.0000,0.0000,"hit",30
102.0826,-1,0,0,0,0,-1.0000,0.0000,"hit",30
102.1059,-1,0,0,0,0,-1.0000,0.0000,"hit",30
102.1257,-1,0,0,0,0,-1.0000,0.0000,"hit",30
102.1462,-1,0,0,0,0,-1.0000,0.0000,"hit",30
102.1670,-1,0,0,0,0,-1.0000,0.0000,"hit",30
102.1916,-1,0,0,0,0,-1.0000,0.0000,"hit",30
102.2117,-1,0,0,0,0,-1.0000,0.0000,"hit",30
102.2327,-1,0,0,0,0,-1.0000,0.0000,"hit",30
102.2585,-1,0,0,0,0,-1.0000,0.0000,"hit",30
102.2816,-1,0,0,0,0,-1.0000,0.0000,"hit",30
102.3076,-1,0,0,0,0,-1.0000,0.0000,"hit",30
102.3353,-1,0,0,0,0,-1.0000,0.0000,"hit",30
102.3587,-1,0,0,0,0,-1.0000,0.0000,"hit",30
102.3783,-1,0,0,0,0,-1.0000,0.0000,"hit",30
102.3977,-1,0,0,0,0,-1.0000,0.0000,"hit",30
102.4205,-1,0,0,0,0,-1.0000,0.0000,"hit",30
102.4407,-1,0,0,0,0,-1.0000,0.0000,"hit",30
102.4602,-1,0,0,1,0,-1.0000,0.0000,,30
102.4808,-1,0,0,1,0,-1.0000,0.0000,,30
102.5014,-1,0,0,1,0,-1.0000,0.0000,,30
102.5249,-1,0,0,1,0,-1.0000,0.0000,,30
102.5456,-1,0,0,1,0,-1.0000,0.0000,,30
102.5679,-1,0,0,1,0,-1.0000,0.0000,,30
102.5897,-1,0,0,1,0,-1.0000,0.0000,,30
102.6125,-1,0,0,1,0,-1.0000,0.0000,,30
102.6331,-1,0,0,1,0,-1.0000,0.0000,,30
102.6552,-1,0,0,1,0,-1.0000,0.0000,,30
102.6786,-1,0,0,1,0,-1.0000,0.0000,,30
102.6983,-1,0,0,1,0,-1.0000,0.0000,,30
102.7192,-1,0,0,1,0,-1.0000,0.0000,,30
102.7409,-1,0,0,1,0,-1.0000,0.0000,,30
102.7634,-1,0,0,1,0,-1.0000,0.0000,,30
102.7832,-1,0,0,1,0,-1.0000,0.0000,,30
102.8075,-1,0,0,1,0,-1.0000,0.0000,"hit",31
102.8297,-1,0,0,1,0,-1.0000,0.0000,"hit",31
102.8540,-1,0,0,1,0,-1.0000,0.0000,"hit",31
102.8771,-1,0,0,1,0,-1.0000,0.0000,"hit",31
102.8973,-1,0,0,0,0,-1.0000,0.0000,"hit",31
102.9200,-1,0,0,0,0,-1.0000,0.0000,"hit",31
102.9416,-1,0,0,0,0,-1.0000,0.0000,"hit",31
102.9621,-1,0,0,0,0,-1.0000,0.0000,"hit",31
102.9788,-1,0,0,0,0,-1.0000,0.0000,"hit",31
103.0039,-1,0,0,1,0,-1.0000,0.0000,,31
103.0265,-1,0,0,1,0,-1.0000,0.0000,,31
103.0514,-1,0,0,1,0,-1.0000,0.0000,,31
103.0728,-1,0,0,1,0,-1.0000,0.0000,,31
103.0948,-1,0,0,1,0,-1.0000,0.0000,,31
103.1136,-1,0,0,1,0,-1.0000,0.0000,,31
103.1355,-1,0,0,1,0,-1.0000,0.0000,,31
103.1572,-1,0,0,1,0,-1.0000,0.0000,,31
103.1801,-1,0,0,1,0,-1.0000,0.0000,,31
103.2011,-1,0,0,1,0,-1.0000,0.0000,,31
103.2196,-1,0,0,1,0,-1.0000,0.0000,,31
103.2410,-1,0,0,1,0,-1.0000,0.0000,,31
103.2620,-1,0,0,1,0,-1.0000,0.0000,,31
103.2844,-1,0,0,1,0,-1.0000,0.0000,"hit",32
103.3067,-1,0,0,1,0,-1.0000,0.0000,"hit",32
103.3293,-1,0,0,1,0,-1.0000,0.0000,"hit",32
103.3504,-1,0,0,1,0,-1.0000,0.0000,"hit",32
103.3694,-1,0,0,1,0,-1.0000,0.0000,"hit",32
103.3895,-1,0,0,1,0,-1.0000,0.0000,"hit",32
103.4105,-1,0,0,1,0,-1.0000,0.0000,"hit",32
103.4321,-1,0,0,0,0,-1.0000,0.0000,"hit",32
103.4539,-1,0,0,0,0,-1.0000,0.0000,"hit",32
103.4731,-1,0,0,0,0,-1.0000,0.0000,"hit",32
103.4933,-1,0,0,0,0,-1.0000,0.0000,"hit",32
103.5141,-1,0,0,0,0,-1.0000,0.0000,"hit",32
103.5344,-1,0,0,0,0,-1.0000,0.0000,"hit",32
103.5556,-1,0,0,0,0,-1.0000,0.0000,"hit",32
103.5777,-1,0,0,0,0,-1.0000,0.0000,"hit",32
103.5999,-1,0,0,0,0,-1.0000,0.0000,"hit",32
103.6200,-1,0,0,0,0,-1.0000,0.0000,"hit",32
103.6411,-1,0,0,0,1,-1.0000,1.0000,"hit",32
103.6642,-1,0,0,0,0,-1.0000,1.0000,"hit",32
103.6832,-1,0,0,0,0,-1.0000,1.0000,"hit",32
103.7031,-1,0,0,0,0,-1.0000,1.0000,"hit",32
103.7225,-1,0,0,0,0,-1.0000,1.0000,"hit",32
103.7442,-1,0,0,0,0,-1.0000,1.0000,"hit",32
103.7648,-1,0,0,0,0,-1.0000,1.0000,"hit",32
103.7853,-1,0,0,0,0,-1.0000,1.0000,"hit",32
103.8039,-1,0,0,0,0,-1.0000,1.0000,"hit",32
103.8240,-1,0,0,0,0,-1.0000,1.0000,"hit",32
103.8467,-1,0,0,0,0,-1.0000,1.0000,"hit",32
103.8701,-1,0,0,0,0,-1.0000,1.0000,"hit",32
103.8904,-1,0,0,0,0,-1.0000,1.0000,"hit",32
103.9104,-1,0,0,0,0,-1.0000,1.0000,"hit",32
103.9329,-1,0,0,0,0,-1.0000,1.0000,"hit",32
103.9545,-1,0,0,0,0,-1.0000,1.0000,"hit",32
103.9755,-1,0,0,0,0,-1.0000,1.0000,"hit",32
103.9947,-1,0,0,0,0,-1.0000,1.0000,"hit",32
104.0145,-1,0,0,0,0,-1.0000,1.0000,"hit",32
104.0352,-1,0,0,0,0,-1.0000,1.0000,"hit",32
104.0564,-1,0,0,0,0,-1.0000,1.0000,"hit",32
104.0771,-1,0,0,0,0,-1.0000,1.0000,"hit",32
104.0976,-1,0,0,0,0,-1.0000,1.0000,"hit",32
104.1185,-1,0,0,0,0,-1.0000,1.0000,"hit",32
104.1385,-1,0,0,0,0,-1.0000,1.0000,"hit",32
104.1590,-1,0,0,0,0,-1.0000,1.0000,"hit",32
104.1795,-1,0,0,0,0,-1.0000,1.0000,"hit",32
104.2011,-1,0,0,0,0,-1.0000,1.0000,"hit",32
104.2228,-1,0,0,0,0,-1.0000,1.0000,"hit",32
104.2433,-1,0,0,0,0,-1.0000,1.0000,"hit",32
104.2649,-1,0,0,0,0,-1.0000,1.0000,"hit",32
104.2845,-1,0,0,0,0,-1.0000,1.0000,"hit",32
104.3056,-1,0,0,0,0,-1.0000,1.0000,"hit",32
104.3261,-1,0,0,0,0,-1.0000,1.0000,"hit",32
104.3462,-1,0,0,0,0,-1.0000,1.0000,"hit",32
104.3686,-1,0,0,0,0,-1.0000,1.0000,"hit",32
104.3889,-1,0,0,0,1,-1.0000,2.0000,"hit",32
104.4099,-1,0,0,0,0,-1.0000,2.0000,"hit",32
104.4297,-1,0,0,0,0,-1.0000,2.0000,"hit",32
104.4492,-1,0,0,0,0,-1.0000,2.0000,"hit",32
104.4700,-1,0,0,0,0,-1.0000,2.0000,"hit",32
104.4906,-1,0,0,0,0,-1.0000,2.0000,"hit",32
104.5138,-1,0,0,0,0,-1.0000,2.0000,"hit",32
104.5336,-1,0,0,0,0,-1.0000,2.0000,"hit",32
104.5549,-1,0,0,0,0,-1.0000,2.0000,"hit",32
104.5755,-1,0,0,0,0,-1.0000,2.0000,"hit",32
104.5953,-1,0,0,0,0,-1.0000,2.0000,"hit",32
104.6157,-1,0,0,0,0,-1.0000,2.0000,"hit",32
104.6366,-1,0,0,0,0,-1.0000,2.0000,"hit",32
104.6573,-1,0,0,0,0,-1.0000,1.0000,"hit",32
104.6789,-1,0,0,0,0,-1.0000,1.0000,"hit",32
104.7000,-1,0,0,0,0,-1.0000,1.0000,"hit",32
104.7207,-1,0,0,0,0,-1.0000,1.0000,"hit",32
104.7420,-1,0,0,0,0,-1.0000,1.0000,"hit",32
104.7617,-1,0,0,0,0,-1.0000,1.0000,"hit",32
104.7828,-1,0,0,0,0,-1.0000,1.0000,"hit",32
104.8035,-1,0,0,0,0,-1.0000,1.0000,"hit",33
104.8242,-1,0,0,0,0,-1.0000,1.0000,"hit",33
104.8448,-1,0,0,0,0,-1.0000,1.0000,"hit",33
104.8674,-1,0,0,0,0,-1.0000,1.0000,"hit",33
104.8885,-1,0,0,0,0,-1.0000,1.0000,"hit",33
104.9084,-1,0,0,0,0,-1.0000,1.0000,"hit",33
104.9267,-1,0,0,0,1,-1.0000,2.0000,"hit",33
104.9476,-1,0,0,0,1,-1.0000,4.0000,"hit",33
104.9692,-1,0,0,0,0,-1.0000,4.0000,"hit",33
104.9900,-1,0,0,1,0,-1.0000,4.0000,,33
105.0102,-1,0,0,1,0,-1.0000,4.0000,,33
105.0299,-1,0,0,1,0,-1.0000,4.0000,,33
105.0476,-1,0,0,1,0,-1.0000,4.0000,,33
105.0682,-1,0,0,1,0,-1.0000,4.0000,,33
105.0898,-1,0,0,1,0,-1.0000,4.0000,,33
105.1106,-1,0,0,1,0,-1.0000,4.0000,,33
105.1314,-1,0,0,1,0,-1.0000,4.0000,,33
105.1526,-1,0,0,1,0,-1.0000,4.0000,,33
105.1717,-1,0,0,1,0,-1.0000,4.0000,,33
105.1921,-1,0,0,1,0,-1.0000,4.0000,,33
105.2118,-1,0,0,1,0,-1.0000,4.0000,,33
105.2331,-1,0,0,1,0,-1.0000,4.0000,"hit",34
105.2536,-1,0,0,1,0,-1.0000,4.0000,"hit",34
105.2745,-1,0,0,1,0,-1.0000,4.0000,"hit",34
105.2956,-1,0,0,1,0,-1.0000,4.0000,"hit",34
105.3139,-1,0,0,1,0,-1.0000,4.0000,"hit",34
105.3348,-1,0,0,1,0,-1.0000,4.0000,"hit",34
105.3551,-1,0,0,1,0,-1.0000,4.0000,"hit",34
105.3764,-1,0,0,1,0,-1.0000,4.0000,"hit",34
105.3966,-1,0,0,1,0,-1.0000,3.0000,"hit",34
105.4173,-1,0,0,0,0,-1.0000,3.0000,"hit",34
105.4360,-1,0,0,0,0,-1.0000,3.0000,"hit",34
105.4570,-1,0,0,0,0,-1.0000,3.0000,"hit",34
105.4771,-1,0,0,0,0,-1.0000,3.0000,"hit",34
105.4983,-1,0,0,0,0,-1.0000,3.0000,"hit",34
105.5178,-1,0,0,0,0,-1.0000,3.0000,"hit",34
105.5392,-1,0,0,0,0,-1.0000,3.0000,"hit",34
105.5569,-1,0,0,0,0,-1.0000,3.0000,"hit",34
105.5779,-1,0,0,0,0,-1.0000,3.0000,"hit",34
105.5988,-1,0,0,0,0,-1.0000,3.0000,"hit",34
105.6203,-1,0,0,0,0,-1.0000,3.0000,"hit",34
105.6398,-1,0,0,0,0,-1.0000,3.0000,"hit",34
105.6584,-1,0,0,0,0,-1.0000,3.0000,"hit",34
105.6773,-1,0,0,0,0,-1.0000,3.0000,"hit",34
105.6993,-1,0,0,0,0,-1.0000,3.0000,"hit",34
105.7198,-1,0,0,0,0,-1.0000,3.0000,"hit",34
105.7394,-1,0,0,0,0,-1.0000,3.0000,"hit",34
105.7572,-1,0,0,0,0,-1.0000,3.0000,"hit",34
105.7799,-1,0,0,0,0,-1.0000,3.0000,"hit",34
105.8001,-1,0,0,0,0,-1.0000,3.0000,"hit",34
105.8191,-1,0,0,0,0,-1.0000,3.0000,"hit",34
105.8398,-1,0,0,0,0,-1.0000,3.0000,"hit",34
105.8578,-1,0,0,0,0,-1.0000,3.0000,"hit",34
105.8785,-1,0,0,0,0,-1.0000,3.0000,"hit",34
105.8993,-1,0,0,0,0,-1.0000,3.0000,"hit",34
105.9203,-1,0,0,0,0,-1.0000,3.0000,"hit",34
105.9400,-1,0,0,0,0,-1.0000,2.0000,"hit",34
105.9572,-1,0,0,0,0,-1.0000,0.0000,"hit",34
105.9794,-1,0,0,0,0,-1.0000,0.0000,"hit",34
106.0004,-1,0,0,0,0,-1.0000,0.0000,"hit",34
106.0210,-1,0,0,0,0,-1.0000,0.0000,"hit",34
106.0414,-1,0,0,0,0,-1.0000,0.0000,"hit",34
106.0618,-1,0,0,0,0,-1.0000,0.0000,"hit",34
106.0811,-1,0,0,0,0,-1.0000,0.0000,"hit",34
106.1010,-1,0,0,0,0,-1.0000,0.0000,"hit",34
106.1215,-1,0,0,0,0,-1.0000,0.0000,"hit",34
106.1411,-1,0,0,0,0,-1.0000,0.0000,"hit",34
106.1612,-1,0,0,0,0,-1.0000,0.0000,"hit",34
106.1788,-1,0,0,0,0,-1.0000,0.0000,"hit",34
106.1989,-1,0,0,0,0,-1.0000,0.0000,"hit",34
106.2204,-1,0,0,0,0,-1.0000,0.0000,"hit",34
106.2401,-1,0,0,0,0,-1.0000,0.0000,"hit",34
106.2577,-1,0,0,0,0,-1.0000,0.0000,"hit",34
106.2778,-1,0,0,0,0,-1.0000,0.0000,"hit",34
106.2989,-1,0,0,0,0,-1.0000,0.0000,"hit",34
106.3189,-1,0,0,0,0,-1.0000,0.0000,"hit",34
106.3389,-1,0,0,0,0,-1.0000,0.0000,"hit",34
106.3559,-1,0,0,0,0,-1.0000,0.0000,"hit",34
106.3764,-1,0,0,0,0,-1.0000,0.0000,"hit",34
106.3974,-1,0,0,0,0,-1.0000,0.0000,"hit",34
106.4240,-1,0,0,0,0,-1.0000,0.0000,"hit",34
106.4436,-1,0,0,0,0,-1.0000,0.0000,"hit",34
106.4645,-1,0,0,0,0,-1.0000,0.0000,"hit",34
106.4864,-1,0,0,0,0,-1.0000,0.0000,"hit",34
106.5060,-1,0,0,0,0,-1.0000,0.0000,"hit",34
106.5260,-1,0,0,0,0,-1.0000,0.0000,"hit",34
106.5432,-1,0,0,0,0,-1.0000,0.0000,"hit",34
106.5644,-1,0,0,0,0,-1.0000,0.0000,"hit",34
106.5842,-1,0,0,0,0,-1.0000,0.0000,"hit",34
106.6039,-1,0,0,0,0,-1.0000,0.0000,"hit",34
106.6220,-1,0,0,0,0,-1.0000,0.0000,"hit",34
106.6433,-1,0,0,0,0,-1.0000,0.0000,"hit",34
106.6627,-1,0,0,0,0,-1.0000,0.0000,"hit",34
106.6814,-1,0,0,0,0,-1.0000,0.0000,"hit",34
106.7002,-1,0,0,0,0,-1.0000,0.0000,"hit",34
106.7206,-1,0,0,0,0,-1.0000,0.0000,"hit",34
106.7417,-1,0,0,0,0,-1.0000,0.0000,"hit",34
106.7604,-1,0,0,0,0,-1.0000,0.0000,"hit",34
106.7784,-1,0,0,0,0,-1.0000,0.0000,"hit",34
106.7975,-1,0,0,0,0,-1.0000,0.0000,"hit",34
106.8194,-1,0,0,0,0,-1.0000,0.0000,"hit",34
106.8405,-1,0,0,0,0,-1.0000,0.0000,"hit",34
106.8591,-1,0,0,0,0,-1.0000,0.0000,"hit",34
106.8788,-1,0,0,0,0,-1.0000,0.0000,"hit",34
106.9003,-1,0,0,0,0,-1.0000,0.0000,"hit",34
106.9206,-1,0,0,0,0,-1.0000,0.0000,"hit",34
106.9406,-1,0,0,0,0,-1.0000,0.0000,"hit",34
106.9593,-1,0,0,0,0,-1.0000,0.0000,"hit",34
106.9787,-1,0,0,0,0,-1.0000,0.0000,"hit",34
106.9990,-1,0,0,0,0,-1.0000,0.0000,"hit",34
107.0206,-1,0,0,0,0,-1.0000,0.0000,"hit",34
107.0407,-1,0,0,0,0,-1.0000,0.0000,"hit",34
107.0613,-1,0,0,0,0,-1.0000,0.0000,"hit",34
107.0795,-1,0,0,0,0,-1.0000,0.0000,"hit",34
107.0999,-1,0,0,0,0,-1.0000,0.0000,"hit",34
107.1212,-1,0,0,0,0,-1.0000,0.0000,"hit",34
107.1402,-1,0,0,0,0,-1.0000,0.0000,"hit",34
107.1612,-1,0,0,0,0,-1.0000,0.0000,"hit",34
107.1810,-1,0,0,0,0,-1.0000,0.0000,"hit",34
107.1997,-1,0,0,0,0,-1.0000,0.0000,"hit",34
107.2224,-1,0,0,0,0,-1.0000,0.0000,"hit",34
107.2413,-1,0,0,0,0,-1.0000,0.0000,"hit",34
107.2608,-1,0,0,0,0,-1.0000,0.0000,"hit",34
107.2798,-1,0,0,0,0,-1.0000,0.0000,"hit",34
107.3006,-1,0,0,0,0,-1.0000,0.0000,"hit",34
107.3220,-1,0,0,0,0,-1.0000,0.0000,"hit",34
107.3423,-1,0,0,0,0,-1.0000,0.0000,"hit",34
107.3619,-1,0,0,0,0,-1.0000,0.0000,"hit",34
107.3808,-1,0,0,0,0,-1.0000,0.0000,"hit",34
107.4000,-1,0,0,0,0,-1.0000,0.0000,"hit",34
107.4211,-1,0,0,1,0,-1.0000,0.0000,,34
107.4412,-1,0,0,1,0,-1.0000,0.0000,,34
107.4607,-1,0,0,1,0,-1.0000,0.0000,,34
107.4791,-1,0,0,1,0,-1.0000,0.0000,,34
107.5002,-1,0,0,1,0,-1.0000,0.0000,,34
107.5213,-1,0,0,1,0,-1.0000,0.0000,,34
107.5416,-1,0,0,1,0,-1.0000,0.0000,,34
107.5615,-1,0,0,1,0,-1.0000,0.0000,,34
107.5806,-1,0,0,1,0,-1.0000,0.0000,,34
107.6010,-1,0,0,1,0,-1.0000,0.0000,,34
107.6219,-1,0,0,1,0,-1.0000,0.0000,,34
107.6424,-1,0,0,1,0,-1.0000,0.0000,,34
107.6628,-1,0,0,1,0,-1.0000,0.0000,,34
107.6830,-1,0,0,1,0,-1.0000,0.0000,,34
107.7019,-1,0,0,1,0,-1.0000,0.0000,"hit",35
107.7215,-1,0,0,1,0,-1.0000,0.0000,"hit",35
107.7429,-1,0,0,1,0,-1.0000,0.0000,"hit",35
107.7628,-1,0,0,1,0,-1.0000,0.0000,"hit",35
107.7824,-1,0,0,1,0,-1.0000,0.0000,"hit",35
107.8005,-1,0,0,1,0,-1.0000,0.0000,"hit",35
107.8222,-1,0,0,1,0,-1.0000,0.0000,"hit",35
107.8430,-1,0,0,1,0,-1.0000,0.0000,,35
107.8639,-1,0,0,1,0,-1.0000,0.0000,,35
107.8838,-1,0,0,1,0,-1.0000,0.0000,,35
107.9026,-1,0,0,1,0,-1.0000,0.0000,,35
107.9225,-1,0,0,1,0,-1.0000,0.0000,,35
107.9434,-1,0,0,1,0,-1.0000,0.0000,,35
107.9651,-1,0,0,1,0,-1.0000,0.0000,,35
107.9855,-1,0,0,1,0,-1.0000,0.0000,,35
108.0064,-1,0,0,1,0,-1.0000,0.0000,,35
108.0251,-1,0,0,1,0,-1.0000,0.0000,,35
108.0442,-1,0,0,1,0,-1.0000,0.0000,,35
108.0655,-1,0,0,1,0,-1.0000,0.0000,"hit",36
108.0872,-1,0,0,1,0,-1.0000,0.0000,"hit",36
108.1074,-1,0,0,1,0,-1.0000,0.0000,"hit",36
108.1273,-1,0,0,1,0,-1.0000,0.0000,"hit",36
108.1458,-1,0,0,1,0,-1.0000,0.0000,"hit",36
108.1667,-1,0,0,1,0,-1.0000,0.0000,"hit",36
108.1886,-1,0,0,1,0,-1.0000,0.0000,"hit",36
108.2087,-1,0,0,1,0,-1.0000,0.0000,"hit",36
108.2281,-1,0,0,1,0,-1.0000,0.0000,"hit",36
108.2487,-1,0,0,1,0,-1.0000,0.0000,,36
108.2668,-1,0,0,1,0,-1.0000,0.0000,,36
108.2882,-1,0,0,1,0,-1.0000,0.0000,,36
108.3096,-1,0,0,1,0,-1.0000,0.0000,,36
108.3300,-1,0,0,1,0,-1.0000,0.0000,,36
108.3500,-1,0,0,1,0,-1.0000,0.0000,,36
108.3691,-1,0,0,1,0,-1.0000,0.0000,,36
108.3896,-1,0,0,1,0,-1.0000,0.0000,,36
108.4102,-1,0,0,1,0,-1.0000,0.0000,,36
108.4309,-1,0,0,1,0,-1.0000,0.0000,,36
108.4519,-1,0,0,1,0,-1.0000,0.0000,,36
108.4720,-1,0,0,1,0,-1.0000,0.0000,,36
108.4921,-1,0,0,1,0,-1.0000,0.0000,,36
108.5115,-1,0,0,1,0,-1.0000,0.0000,,36
108.5323,-1,0,0,1,0,-1.0000,0.0000,,36
108.5531,-1,0,0,1,0,-1.0000,0.0000,,36
108.5741,-1,0,0,1,0,-1.0000,0.0000,,36
108.5939,-1,0,0,1,0,-1.0000,0.0000,"hit",37
108.6119,-1,0,0,1,0,-1.0000,0.0000,"hit",37
108.6329,-1,0,0,1,0,-1.0000,0.0000,"hit",37
108.6541,-1,0,0,0,0,-1.0000,0.0000,"hit",37
108.6744,-1,0,0,0,0,-1.0000,0.0000,"hit",37
108.6938,-1,0,0,0,0,-1.0000,0.0000,"hit",37
108.7147,-1,0,0,0,0,-1.0000,0.0000,"hit",37
108.7333,-1,0,0,0,0,-1.0000,0.0000,"hit",37
108.7561,-1,0,0,0,0,-1.0000,0.0000,"hit",37
108.7774,-1,0,0,0,0,-1.0000,0.0000,"hit",37
108.7968,-1,0,0,0,0,-1.0000,0.0000,"hit",37
108.8164,-1,0,0,0,0,-1.0000,0.0000,"hit",37
108.8358,-1,0,0,0,0,-1.0000,0.0000,"hit",37
108.8539,-1,0,0,0,0,-1.0000,0.0000,"hit",37
108.8758,-1,0,0,0,0,-1.0000,0.0000,"hit",37
108.8945,-1,0,0,0,0,-1.0000,0.0000,"hit",37
108.9141,-1,0,0,0,0,-1.0000,0.0000,"hit",37
108.9326,-1,0,0,0,0,-1.0000,0.0000,"hit",37
108.9545,-1,0,0,0,0,-1.0000,0.0000,"hit",37
108.9751,-1,0,0,0,0,-1.0000,0.0000,"hit",37
108.9953,-1,0,0,0,0,-1.0000,0.0000,"hit",37
109.0142,-1,0,0,0,0,-1.0000,0.0000,"hit",37
109.0341,-1,0,0,0,0,-1.0000,0.0000,"hit",37
109.0552,-1,0,0,0,0,-1.0000,0.0000,"hit",37
109.0740,-1,0,0,0,1,-1.0000,1.0000,"hit",37
109.0930,-1,0,0,0,0,-1.0000,1.0000,"hit",37
109.1139,-1,0,0,0,0,-1.0000,1.0000,"hit",37
109.1318,-1,0,0,0,0,-1.0000,1.0000,"hit",37
109.1526,-1,0,0,0,0,-1.0000,1.0000,"hit",37
109.1720,-1,0,0,0,0,-1.0000,1.0000,"hit",37
109.1922,-1,0,0,0,0,-1.0000,1.0000,"hit",37
109.2112,-1,0,0,0,0,-1.0000,1.0000,"hit",37
109.2326,-1,0,0,0,0,-1.0000,1.0000,"hit",37
109.2527,-1,0,0,0,0,-1.0000,1.0000,"hit",37
109.2710,-1,0,0,0,0,-1.0000,1.0000,"hit",37
109.2912,-1,0,0,0,0,-1.0000,1.0000,"hit",37
109.3106,-1,0,0,0,0,-1.0000,1.0000,"hit",37
109.3313,-1,0,0,0,0,-1.0000,1.0000,"hit",37
109.3495,-1,0,0,0,0,-1.0000,1.0000,"hit",37
109.3680,-1,0,0,0,0,-1.0000,1.0000,"hit",37
109.3898,-1,0,0,0,0,-1.0000,1.0000,"hit",37
109.4094,-1,0,0,0,0,-1.0000,1.0000,"hit",37
109.4297,-1,0,0,0,0,-1.0000,1.0000,"hit",37
109.4483,-1,0,0,0,0,-1.0000,1.0000,"hit",37
109.4686,-1,0,0,1,0,-1.0000,1.0000,,37
109.4870,-1,0,0,1,0,-1.0000,1.0000,,37
109.5067,-1,0,0,1,0,-1.0000,1.0000,,37
109.5255,-1,0,0,1,0,-1.0000,1.0000,,37
109.5449,-1,0,0,1,0,-1.0000,1.0000,,37
109.5660,-1,0,0,1,0,-1.0000,1.0000,,37
109.5859,-1,0,0,1,0,-1.0000,1.0000,,38
109.6048,-1,0,0,1,0,-1.0000,1.0000,,38
109.6241,-1,0,0,1,0,-1.0000,1.0000,,38
109.6437,-1,0,0,1,0,-1.0000,1.0000,,38
109.6653,-1,0,0,1,0,-1.0000,1.0000,,38
109.6846,-1,0,0,1,0,-1.0000,1.0000,,38
109.7056,-1,0,0,0,0,-1.0000,1.0000,"avoided",38
109.7236,-1,0,0,0,0,-1.0000,1.0000,"avoided",38
109.7445,-1,0,0,0,0,-1.0000,1.0000,"avoided",38
109.7671,-1,0,0,0,0,-1.0000,1.0000,"avoided",38
109.7871,-1,0,0,0,0,-1.0000,1.0000,"avoided",38
109.8065,-1,0,0,0,0,-1.0000,1.0000,"avoided",38
109.8268,-1,0,0,0,0,-1.0000,1.0000,"avoided",38
109.8461,-1,0,0,0,0,-1.0000,1.0000,"avoided",38
109.8660,-1,0,0,0,0,-1.0000,1.0000,"avoided",38
109.8873,-1,0,0,0,0,-1.0000,1.0000,"avoided",38
109.9069,-1,0,0,0,0,-1.0000,1.0000,"avoided",38
109.9255,-1,0,0,0,0,-1.0000,1.0000,"avoided",38
109.9474,-1,0,0,0,0,-1.0000,1.0000,"avoided",38
109.9660,-1,0,0,0,0,-1.0000,1.0000,"avoided",38
109.9862,-1,0,0,0,0,-1.0000,1.0000,"avoided",38
110.0054,-1,0,0,0,0,-1.0000,1.0000,"avoided",38
110.0281,-1,0,0,0,0,-1.0000,1.0000,"avoided",38
110.0473,-1,0,0,0,0,-1.0000,1.0000,"avoided",38
110.0675,-1,0,0,0,0,-1.0000,1.0000,"avoided",38
110.0871,-1,0,0,0,0,-1.0000,0.0000,"avoided",38
110.1078,-1,0,0,0,0,-1.0000,0.0000,"avoided",38
110.1259,-1,0,0,0,0,-1.0000,0.0000,"avoided",38
110.1472,-1,0,0,0,0,-1.0000,0.0000,"avoided",38
110.1659,-1,0,0,0,0,-1.0000,0.0000,"avoided",38
110.1869,-1,0,0,0,0,-1.0000,0.0000,"avoided",38
110.2064,-1,0,0,0,0,-1.0000,0.0000,"avoided",38
110.2272,-1,0,0,0,0,-1.0000,0.0000,"avoided",38
110.2482,-1,0,0,0,0,-1.0000,0.0000,"avoided",38
110.2713,-1,0,0,0,0,-1.0000,0.0000,"avoided",38
110.2919,-1,0,0,0,0,-1.0000,0.0000,"avoided",38
110.3134,-1,0,0,0,0,-1.0000,0.0000,"avoided",38
110.3338,-1,0,0,0,0,-1.0000,0.0000,"avoided",38
110.3556,-1,0,0,0,0,-1.0000,0.0000,"avoided",38
110.3772,-1,0,0,0,0,-1.0000,0.0000,"avoided",38
110.3993,-1,0,0,0,0,-1.0000,0.0000,"avoided",38
110.4222,-1,0,0,0,0,-1.0000,0.0000,"avoided",38
110.4429,-1,0,0,0,0,-1.0000,0.0000,"avoided",38
110.4649,-1,0,0,0,0,-1.0000,0.0000,"avoided",38
110.4860,-1,0,0,0,0,-1.0000,0.0000,"avoided",38
110.5083,-1,0,0,0,0,-1.0000,0.0000,"avoided",38
110.5303,-1,0,0,0,0,-1.0000,0.0000,"avoided",38
110.5525,-1,0,0,0,0,-1.0000,0.0000,"avoided",38
110.5756,-1,0,0,0,0,-1.0000,0.0000,"avoided",38
110.5945,-1,0,0,0,0,-1.0000,0.0000,"avoided",38
110.6186,-1,0,0,0,0,-1.0000,0.0000,"avoided",38
110.6386,-1,0,0,0,0,-1.0000,0.0000,"avoided",38
110.6605,-1,0,0,0,0,-1.0000,0.0000,"avoided",38
110.6814,-1,0,0,1,0,-1.0000,0.0000,,38
110.7015,-1,0,0,1,0,-1.0000,0.0000,,38
110.7231,-1,0,0,1,0,-1.0000,0.0000,,38
110.7443,-1,0,0,1,0,-1.0000,0.0000,,38
110.7637,-1,0,0,1,0,-1.0000,0.0000,,38
110.7837,-1,0,0,1,0,-1.0000,0.0000,,38
110.8041,-1,0,0,1,0,-1.0000,0.0000,,38
110.8244,-1,0,0,1,0,-1.0000,0.0000,,38
110.8438,-1,0,0,1,0,-1.0000,0.0000,,38
110.8652,-1,0,0,1,0,-1.0000,0.0000,,38
110.8853,-1,0,0,1,0,-1.0000,0.0000,,38
110.9063,-1,0,0,1,0,-1.0000,0.0000,,38
110.9265,-1,0,0,1,0,-1.0000,0.0000,,38
110.9460,-1,0,0,1,0,-1.0000,0.0000,,38
110.9675,-1,0,0,1,0,-1.0000,0.0000,,38
110.9883,-1,0,0,0,0,-1.0000,0.0000,"avoided",38
111.0079,-1,0,0,0,0,-1.0000,0.0000,"avoided",38
111.0295,-1,0,0,0,0,-1.0000,0.0000,"avoided",38
111.0503,-1,0,0,0,0,-1.0000,0.0000,"avoided",38
111.0728,-1,0,0,0,0,-1.0000,0.0000,"avoided",38
111.0919,-1,0,0,0,0,-1.0000,0.0000,"avoided",38
111.1136,-1,0,0,0,0,-1.0000,0.0000,"avoided",39
111.1339,-1,0,0,0,0,-1.0000,0.0000,"avoided",39
111.1548,-1,0,0,0,0,-1.0000,0.0000,"avoided",39
111.1758,-1,0,0,0,0,-1.0000,0.0000,"avoided",39
111.1965,-1,0,0,0,0,-1.0000,0.0000,"avoided",39
111.2156,-1,0,0,0,0,-1.0000,0.0000,"avoided",39
111.2365,-1,0,0,0,0,-1.0000,0.0000,"avoided",39
111.2571,-1,0,0,0,0,-1.0000,0.0000,"avoided",39
111.2783,-1,0,0,0,0,-1.0000,0.0000,"avoided",39
111.2988,-1,0,0,0,0,-1.0000,0.0000,"avoided",39
111.3191,-1,0,0,0,0,-1.0000,0.0000,"avoided",39
111.3389,-1,0,0,0,0,-1.0000,0.0000,"avoided",39
111.3587,-1,0,0,0,0,-1.0000,0.0000,"avoided",39
111.3772,-1,0,0,0,0,-1.0000,0.0000,"avoided",39
111.3994,-1,0,0,0,0,-1.0000,0.0000,"avoided",39
111.4198,-1,0,0,0,0,-1.0000,0.0000,"avoided",39
111.4449,-1,0,0,0,0,-1.0000,0.0000,"avoided",39
111.4666,-1,0,0,0,0,-1.0000,0.0000,"avoided",39
111.4876,-1,0,0,0,0,-1.0000,0.0000,"avoided",39
111.5093,-1,0,0,0,0,-1.0000,0.0000,"avoided",39
111.5300,-1,0,0,0,0,-1.0000,0.0000,"avoided",39
111.5511,-1,0,0,0,0,-1.0000,0.0000,"avoided",39
111.5689,-1,0,0,0,0,-1.0000,0.0000,"avoided",39
111.5891,-1,0,0,0,0,-1.0000,0.0000,"avoided",39
111.6101,-1,0,0,0,0,-1.0000,0.0000,"avoided",39
111.6302,-1,0,0,0,0,-1.0000,0.0000,"avoided",39
111.6492,-1,0,0,0,0,-1.0000,0.0000,"avoided",39
111.6694,-1,0,0,0,0,-1.0000,0.0000,"avoided",39
111.6905,-1,0,0,0,0,-1.0000,0.0000,"avoided",39
111.7111,-1,0,0,0,0,-1.0000,0.0000,"avoided",39
111.7309,-1,0,0,0,0,-1.0000,0.0000,"avoided",39
111.7511,-1,0,0,0,0,-1.0000,0.0000,"avoided",39
111.7721,-1,0,0,0,0,-1.0000,0.0000,"avoided",39
111.7912,-1,0,0,0,0,-1.0000,0.0000,"avoided",39
111.8121,-1,0,0,0,0,-1.0000,0.0000,"avoided",39
111.8322,-1,0,0,0,0,-1.0000,0.0000,"avoided",39
111.8520,-1,0,0,0,0,-1.0000,0.0000,"avoided",39
111.8721,-1,0,0,0,0,-1.0000,0.0000,"avoided",39
111.8923,-1,0,0,0,0,-1.0000,0.0000,"avoided",39
111.9118,-1,0,0,0,0,-1.0000,0.0000,"avoided",39
111.9330,-1,0,0,1,0,-1.0000,0.0000,,39
111.9543,-1,0,0,1,0,-1.0000,0.0000,,39
111.9731,-1,0,0,1,0,-1.0000,0.0000,,39
111.9928,-1,0,0,1,0,-1.0000,0.0000,,39
112.0139,-1,0,0,1,0,-1.0000,0.0000,,39
112.0349,-1,0,0,1,0,-1.0000,0.0000,,39
112.0551,-1,0,0,1,0,-1.0000,0.0000,,39
112.0764,-1,0,0,1,0,-1.0000,0.0000,,39
112.0953,-1,0,0,1,0,-1.0000,0.0000,,39
112.1150,-1,0,0,1,0,-1.0000,0.0000,,39
112.1374,-1,0,0,1,0,-1.0000,0.0000,,39
112.1572,-1,0,0,1,0,-1.0000,0.0000,,39
112.1777,-1,0,0,1,0,-1.0000,0.0000,,39
112.1982,-1,0,0,1,0,-1.0000,0.0000,,39
112.2171,-1,0,0,1,0,-1.0000,0.0000,,39
112.2381,-1,0,0,0,0,-1.0000,0.0000,"avoided",40
112.2568,-1,0,0,0,0,-1.0000,0.0000,"avoided",40
112.2779,-1,0,0,0,0,-1.0000,0.0000,"avoided",40
112.2999,-1,0,0,0,0,-1.0000,0.0000,"avoided",40
112.3204,-1,0,0,0,0,-1.0000,0.0000,"avoided",40
112.3406,-1,0,0,0,0,-1.0000,0.0000,"avoided",40
112.3612,-1,0,0,0,0,-1.0000,0.0000,"avoided",40
112.3814,-1,0,0,0,0,-1.0000,0.0000,"avoided",40
112.4024,-1,0,0,0,0,-1.0000,0.0000,"avoided",40
112.4222,-1,0,0,0,0,-1.0000,0.0000,"avoided",40
112.4414,-1,0,0,0,0,-1.0000,0.0000,"avoided",40
112.4622,-1,0,0,0,0,-1.0000,0.0000,"avoided",40
112.4834,-1,0,0,0,0,-1.0000,0.0000,"avoided",40
112.5031,-1,0,0,0,0,-1.0000,0.0000,"avoided",40
112.5230,-1,0,0,0,0,-1.0000,0.0000,"avoided",40
112.5439,-1,0,0,1,0,-1.0000,0.0000,,40
112.5642,-1,0,0,1,0,-1.0000,0.0000,,40
112.5838,-1,0,0,1,0,-1.0000,0.0000,,40
112.6027,-1,0,0,1,0,-1.0000,0.0000,,40
112.6244,-1,0,0,1,0,-1.0000,0.0000,,40
112.6449,-1,0,0,1,0,-1.0000,0.0000,,40
112.6642,-1,0,0,1,0,-1.0000,0.0000,,40
112.6854,-1,0,0,1,0,-1.0000,0.0000,,40
112.7056,-1,0,0,1,0,-1.0000,0.0000,,40
112.7258,-1,0,0,1,0,-1.0000,0.0000,,40
112.7464,-1,0,0,0,0,-1.0000,0.0000,"avoided",40
112.7668,-1,0,0,0,0,-1.0000,0.0000,"avoided",40
112.7877,-1,0,0,0,0,-1.0000,0.0000,"avoided",40
112.8085,-1,0,0,0,0,-1.0000,0.0000,"avoided",40
112.8275,-1,0,0,0,0,-1.0000,0.0000,"avoided",40
112.8483,-1,0,0,0,0,-1.0000,0.0000,"avoided",40
112.8689,-1,0,0,0,0,-1.0000,0.0000,"avoided",40
112.8889,-1,0,0,0,0,-1.0000,0.0000,"avoided",40
112.9112,-1,0,0,0,0,-1.0000,0.0000,"avoided",40
112.9319,-1,0,0,0,0,-1.0000,0.0000,"avoided",40
112.9508,-1,0,0,0,0,-1.0000,0.0000,"avoided",40
112.9721,-1,0,0,0,0,-1.0000,0.0000,"avoided",40
112.9935,-1,0,0,0,0,-1.0000,0.0000,"avoided",40
113.0131,-1,0,0,0,0,-1.0000,0.0000,"avoided",40
113.0336,-1,0,0,0,0,-1.0000,0.0000,"avoided",40
113.0550,-1,0,0,0,0,-1.0000,0.0000,"avoided",40
113.0752,-1,0,0,0,0,-1.0000,0.0000,"avoided",40
113.0941,-1,0,0,0,0,-1.0000,0.0000,"avoided",40
113.1140,-1,0,0,0,0,-1.0000,0.0000,"avoided",40
113.1338,-1,0,0,0,0,-1.0000,0.0000,"avoided",40
113.1550,-1,0,0,0,0,-1.0000,0.0000,"avoided",40
113.1750,-1,0,0,0,0,-1.0000,0.0000,"avoided",40
113.1957,-1,0,0,0,0,-1.0000,0.0000,"avoided",40
113.2162,-1,0,0,0,0,-1.0000,0.0000,"avoided",40
113.2365,-1,0,0,0,0,-1.0000,0.0000,"avoided",40
113.2556,-1,0,0,0,0,-1.0000,0.0000,"avoided",40
113.2764,-1,0,0,0,1,-1.0000,1.0000,"avoided",40
113.2979,-1,0,0,0,1,-1.0000,2.0000,"avoided",40
113.3176,-1,0,0,0,0,-1.0000,2.0000,"avoided",41
113.3373,-1,0,0,0,1,-1.0000,3.0000,"avoided",41
113.3557,-1,0,0,0,0,-1.0000,3.0000,"avoided",41
113.3787,-1,0,0,1,0,-1.0000,3.0000,,41
113.4008,-1,0,0,1,0,-1.0000,3.0000,,41
113.4206,-1,0,0,1,0,-1.0000,3.0000,,41
113.4415,-1,0,0,1,0,-1.0000,3.0000,,41
113.4622,-1,0,0,1,0,-1.0000,3.0000,,41
113.4834,-1,0,0,1,0,-1.0000,3.0000,,41
113.5042,-1,0,0,1,0,-1.0000,3.0000,,41
113.5255,-1,0,0,1,0,-1.0000,3.0000,,41
113.5458,-1,0,0,1,0,-1.0000,3.0000,,41
113.5676,-1,0,0,1,0,-1.0000,3.0000,,41
113.5884,-1,0,0,1,0,-1.0000,3.0000,,41
113.6094,-1,0,0,1,0,-1.0000,3.0000,,41
113.6309,-1,0,0,1,0,-1.0000,3.0000,"hit",42
113.6519,-1,0,0,1,0,-1.0000,3.0000,"hit",42
113.6723,-1,0,0,1,0,-1.0000,3.0000,"hit",42
113.6932,-1,0,0,1,0,-1.0000,3.0000,"hit",42
113.7147,-1,0,0,1,0,-1.0000,3.0000,"hit",42
113.7350,-1,0,0,1,0,-1.0000,3.0000,"hit",42
113.7573,-1,0,0,1,0,-1.0000,3.0000,"hit",42
113.7778,-1,0,0,1,0,-1.0000,3.0000,"hit",42
113.7986,-1,0,0,0,0,-1.0000,3.0000,"hit",42
113.8195,-1,0,0,0,0,-1.0000,3.0000,"hit",42
113.8409,-1,0,0,0,0,-1.0000,3.0000,"hit",42
113.8619,-1,0,0,0,0,-1.0000,3.0000,"hit",42
113.8815,-1,0,0,0,0,-1.0000,3.0000,"hit",42
113.9033,-1,0,0,0,0,-1.0000,3.0000,"hit",42
113.9233,-1,0,0,0,0,-1.0000,3.0000,"hit",42
113.9457,-1,0,0,0,0,-1.0000,3.0000,"hit",42
113.9657,-1,0,0,0,0,-1.0000,3.0000,"hit",42
113.9874,-1,0,0,0,0,-1.0000,3.0000,"hit",42
114.0092,-1,0,0,0,0,-1.0000,3.0000,"hit",42
114.0298,-1,0,0,0,0,-1.0000,3.0000,"hit",42
114.0504,-1,0,0,0,0,-1.0000,3.0000,"hit",42
114.0728,-1,0,0,0,0,-1.0000,3.0000,"hit",42
114.0938,-1,0,0,0,0,-1.0000,3.0000,"hit",42
114.1143,-1,0,0,0,0,-1.0000,3.0000,"hit",42
114.1358,-1,0,0,0,0,-1.0000,3.0000,"hit",42
114.1559,-1,0,0,0,0,-1.0000,3.0000,"hit",42
114.1782,-1,0,0,0,0,-1.0000,3.0000,"hit",42
114.2005,-1,0,0,0,0,-1.0000,3.0000,"hit",42
114.2238,-1,0,0,0,0,-1.0000,3.0000,"hit",42
114.2481,-1,0,0,0,0,-1.0000,3.0000,"hit",42
114.2706,-1,0,0,0,0,-1.0000,3.0000,"hit",42
114.2948,-1,0,0,0,0,-1.0000,2.0000,"hit",42
114.3175,-1,0,0,0,0,-1.0000,1.0000,"hit",42
114.3400,-1,0,0,0,0,-1.0000,0.0000,"hit",42
114.3632,-1,0,0,0,0,-1.0000,0.0000,"hit",42
114.3856,-1,0,0,0,0,-1.0000,0.0000,"hit",42
114.4081,-1,0,0,0,0,-1.0000,0.0000,"hit",42
114.4293,-1,0,0,0,0,-1.0000,0.0000,"hit",42
114.4500,-1,0,0,0,0,-1.0000,0.0000,"hit",42
114.4716,-1,0,0,0,0,-1.0000,0.0000,"hit",42
114.4925,-1,0,0,0,0,-1.0000,0.0000,"hit",42
114.5125,-1,0,0,0,0,-1.0000,0.0000,"hit",42
114.5311,-1,0,0,0,0,-1.0000,0.0000,"hit",42
114.5506,-1,0,0,0,0,-1.0000,0.0000,"hit",42
114.5707,-1,0,0,0,0,-1.0000,0.0000,"hit",42
114.5900,-1,0,0,0,0,-1.0000,0.0000,"hit",42
114.6095,-1,0,0,0,0,-1.0000,0.0000,"hit",42
114.6303,-1,0,0,0,0,-1.0000,0.0000,"hit",42
114.6494,-1,0,0,0,0,-1.0000,0.0000,"hit",42
114.6684,-1,0,0,0,0,-1.0000,0.0000,"hit",42
114.6893,-1,0,0,0,0,-1.0000,0.0000,"hit",42
114.7091,-1,0,0,0,0,-1.0000,0.0000,"hit",42
114.7276,-1,0,0,0,0,-1.0000,0.0000,"hit",42
114.7452,-1,0,0,0,0,-1.0000,0.0000,"hit",42
114.7653,-1,0,0,0,0,-1.0000,0.0000,"hit",42
114.7866,-1,0,0,0,0,-1.0000,0.0000,"hit",42
114.8066,-1,0,0,0,0,-1.0000,0.0000,"hit",42
114.8249,-1,0,0,0,0,-1.0000,0.0000,"hit",42
114.8440,-1,0,0,0,0,-1.0000,0.0000,"hit",42
114.8657,-1,0,0,0,0,-1.0000,0.0000,"hit",42
114.8843,-1,0,0,0,0,-1.0000,0.0000,"hit",42
114.9037,-1,0,0,0,0,-1.0000,0.0000,"hit",42
114.9225,-1,0,0,0,0,-1.0000,0.0000,"hit",42
114.9443,-1,0,0,0,0,-1.0000,0.0000,"hit",42
114.9639,-1,0,0,0,0,-1.0000,0.0000,"hit",42
114.9823,-1,0,0,0,0,-1.0000,0.0000,"hit",42
115.0009,-1,0,0,0,0,-1.0000,0.0000,"hit",42
115.0224,-1,0,0,1,0,-1.0000,0.0000,,42
115.0431,-1,0,0,1,0,-1.0000,0.0000,,42
115.0624,-1,0,0,1,0,-1.0000,0.0000,,42
115.0832,-1,0,0,1,0,-1.0000,0.0000,,42
115.1018,-1,0,0,1,0,-1.0000,0.0000,,42
115.1218,-1,0,0,1,0,-1.0000,0.0000,,42
115.1439,-1,0,0,1,0,-1.0000,0.0000,,42
115.1636,-1,0,0,1,0,-1.0000,0.0000,,42
115.1819,-1,0,0,1,0,-1.0000,0.0000,,42
115.2021,-1,0,0,1,0,-1.0000,0.0000,,42
115.2210,-1,0,0,1,0,-1.0000,0.0000,"hit",43
115.2436,-1,0,0,1,0,-1.0000,0.0000,"hit",43
115.2640,-1,0,0,0,0,-1.0000,0.0000,"hit",43
115.2846,-1,0,0,0,0,-1.0000,0.0000,"hit",43
115.3026,-1,0,0,0,0,-1.0000,0.0000,"hit",43
115.3227,-1,0,0,0,0,-1.0000,0.0000,"hit",43
115.3440,-1,0,0,0,0,-1.0000,0.0000,"hit",43
115.3640,-1,0,0,0,0,-1.0000,0.0000,"hit",43
115.3840,-1,0,0,0,0,-1.0000,0.0000,"hit",43
115.4021,-1,0,0,0,0,-1.0000,0.0000,"hit",43
115.4230,-1,0,0,0,0,-1.0000,0.0000,"hit",43
115.4450,-1,0,0,0,0,-1.0000,0.0000,"hit",43
115.4648,-1,0,0,0,0,-1.0000,0.0000,"hit",43
115.4841,-1,0,0,0,1,-1.0000,1.0000,"hit",43
115.5023,-1,0,0,0,0,-1.0000,1.0000,"hit",43
115.5233,-1,0,0,0,0,-1.0000,1.0000,"hit",43
115.5442,-1,0,0,0,0,-1.0000,1.0000,"hit",43
115.5646,-1,0,0,0,0,-1.0000,1.0000,"hit",43
115.5839,-1,0,0,0,0,-1.0000,1.0000,"hit",43
115.6028,-1,0,0,0,0,-1.0000,1.0000,"hit",43
115.6212,-1,0,0,0,0,-1.0000,1.0000,"hit",43
115.6430,-1,0,0,0,0,-1.0000,1.0000,"hit",43
115.6624,-1,0,0,0,0,-1.0000,1.0000,"hit",43
115.6811,-1,0,0,0,0,-1.0000,1.0000,"hit",43
115.7005,-1,0,0,0,0,-1.0000,1.0000,"hit",43
115.7211,-1,0,0,0,0,-1.0000,1.0000,"hit",43
115.7407,-1,0,0,0,0,-1.0000,1.0000,"hit",43
115.7597,-1,0,0,0,0,-1.0000,1.0000,"hit",43
115.7781,-1,0,0,0,0,-1.0000,1.0000,"hit",43
115.7990,-1,0,0,0,0,-1.0000,1.0000,"hit",43
115.8187,-1,0,0,0,0,-1.0000,1.0000,"hit",43
115.8381,-1,0,0,0,0,-1.0000,1.0000,"hit",43
115.8560,-1,0,0,0,0,-1.0000,1.0000,"hit",43
115.8767,-1,0,0,0,0,-1.0000,1.0000,"hit",43
115.8959,-1,0,0,0,0,-1.0000,1.0000,"hit",43
115.9161,-1,0,0,0,0,-1.0000,1.0000,"hit",43
115.9344,-1,0,0,0,0,-1.0000,1.0000,"hit",43
115.9544,-1,0,0,0,0,-1.0000,1.0000,"hit",43
115.9740,-1,0,0,0,0,-1.0000,1.0000,"hit",43
115.9937,-1,0,0,0,0,-1.0000,1.0000,"hit",43
116.0124,-1,0,0,0,0,-1.0000,1.0000,"hit",43
116.0325,-1,0,0,0,0,-1.0000,1.0000,"hit",43
116.0518,-1,0,0,0,0,-1.0000,1.0000,"hit",43
116.0719,-1,0,0,0,0,-1.0000,1.0000,"hit",43
116.0914,-1,0,0,0,0,-1.0000,1.0000,"hit",43
116.1126,-1,0,0,0,0,-1.0000,1.0000,"hit",43
116.1319,-1,0,0,0,0,-1.0000,1.0000,"hit",43
116.1502,-1,0,0,0,0,-1.0000,1.0000,"hit",43
116.1687,-1,0,0,0,0,-1.0000,1.0000,"hit",43
116.1870,-1,0,0,0,0,-1.0000,1.0000,"hit",43
116.2079,-1,0,0,0,0,-1.0000,1.0000,"hit",43
116.2277,-1,0,0,0,0,-1.0000,1.0000,"hit",43
116.2458,-1,0,0,0,0,-1.0000,1.0000,"hit",43
116.2669,-1,0,0,0,0,-1.0000,1.0000,"hit",43
116.2864,-1,0,0,0,0,-1.0000,1.0000,"hit",43
116.3059,-1,0,0,0,0,-1.0000,1.0000,"hit",43
116.3258,-1,0,0,0,0,-1.0000,1.0000,"hit",43
116.3434,-1,0,0,0,0,-1.0000,1.0000,"hit",43
116.3647,-1,0,0,0,0,-1.0000,1.0000,"hit",43
116.3841,-1,0,0,0,0,-1.0000,1.0000,"hit",43
116.4001,-1,0,0,0,0,-1.0000,1.0000,"hit",43
116.4195,-1,0,0,0,0,-1.0000,1.0000,"hit",43
116.4400,-1,0,0,0,0,-1.0000,1.0000,"hit",43
116.4661,-1,0,0,0,0,-1.0000,1.0000,"hit",43
116.4856,-1,0,0,0,0,-1.0000,0.0000,"hit",43
116.5051,-1,0,0,0,0,-1.0000,0.0000,"hit",43
116.5222,-1,0,0,0,0,-1.0000,0.0000,"hit",43
116.5415,-1,0,0,0,0,-1.0000,0.0000,"hit",43
116.5630,-1,0,0,0,0,-1.0000,0.0000,"hit",43
116.5811,-1,0,0,0,0,-1.0000,0.0000,"hit",43
116.5980,-1,0,0,0,0,-1.0000,0.0000,"hit",43
116.6173,-1,0,0,0,0,-1.0000,0.0000,"hit",43
116.6370,-1,0,0,0,0,-1.0000,0.0000,"hit",43
116.6520,-1,0,0,0,0,-1.0000,0.0000,"hit",43
116.6714,-1,0,0,0,0,-1.0000,0.0000,"hit",43
116.6921,-1,0,0,0,0,-1.0000,0.0000,"hit",43
116.7084,-1,0,0,0,0,-1.0000,0.0000,"hit",43
116.7275,-1,0,0,0,0,-1.0000,0.0000,"hit",43
116.7441,-1,0,0,0,0,-1.0000,0.0000,"hit",43
116.7634,-1,0,0,0,0,-1.0000,0.0000,"hit",43
116.7811,-1,0,0,0,0,-1.0000,0.0000,"hit",43
116.7986,-1,0,0,0,0,-1.0000,0.0000,"hit",43
116.8183,-1,0,0,0,0,-1.0000,0.0000,"hit",43
116.8342,-1,0,0,0,0,-1.0000,0.0000,"hit",43
116.8532,-1,0,0,0,0,-1.0000,0.0000,"hit",43
116.8727,-1,0,0,0,0,-1.0000,0.0000,"hit",43
116.8892,-1,0,0,0,0,-1.0000,0.0000,"hit",43
116.9088,-1,0,0,0,0,-1.0000,0.0000,"hit",43
116.9272,-1,0,0,0,0,-1.0000,0.0000,"hit",43
116.9435,-1,0,0,0,0,-1.0000,0.0000,"hit",43
116.9627,-1,0,0,0,0,-1.0000,0.0000,"hit",43
116.9818,-1,0,0,0,0,-1.0000,0.0000,"hit",43
116.9985,-1,0,0,0,1,-1.0000,1.0000,"hit",43
117.0188,-1,0,0,0,1,-1.0000,2.0000,"hit",43
117.0364,-1,0,0,0,1,-1.0000,3.0000,"hit",43
117.0542,-1,0,0,1,0,-1.0000,3.0000,,43
117.0732,-1,0,0,1,0,-1.0000,3.0000,,43
117.0903,-1,0,0,1,0,-1.0000,3.0000,,43
117.1098,-1,0,0,1,0,-1.0000,3.0000,,43
117.1287,-1,0,0,1,0,-1.0000,3.0000,,43
117.1452,-1,0,0,1,0,-1.0000,3.0000,,43
117.1646,-1,0,0,1,0,-1.0000,3.0000,,43
117.1850,-1,0,0,1,0,-1.0000,3.0000,,43
117.2020,-1,0,0,1,0,-1.0000,3.0000,,43
117.2209,-1,0,0,1,0,-1.0000,3.0000,,43
117.2409,-1,0,0,1,0,-1.0000,3.0000,,43
117.2594,-1,0,0,1,0,-1.0000,3.0000,"hit",44
117.2766,-1,0,0,1,0,-1.0000,3.0000,"hit",44
117.2983,-1,0,0,1,0,-1.0000,3.0000,"hit",44
117.3165,-1,0,0,1,0,-1.0000,3.0000,"hit",44
117.3352,-1,0,0,1,0,-1.0000,3.0000,"hit",44
117.3545,-1,0,0,1,0,-1.0000,3.0000,"hit",44
117.3752,-1,0,0,1,0,-1.0000,3.0000,"hit",44
117.3949,-1,0,0,0,0,-1.0000,3.0000,"hit",44
117.4123,-1,0,0,0,0,-1.0000,3.0000,"hit",44
117.4314,-1,0,0,0,0,-1.0000,3.0000,"hit",44
117.4508,-1,0,0,0,0,-1.0000,3.0000,"hit",44
117.4684,-1,0,0,0,0,-1.0000,3.0000,"hit",44
117.4882,-1,0,0,0,0,-1.0000,3.0000,"hit",44
117.5074,-1,0,0,0,0,-1.0000,3.0000,"hit",44
117.5261,-1,0,0,0,0,-1.0000,3.0000,"hit",44
117.5446,-1,0,0,0,0,-1.0000,3.0000,"hit",44
117.5647,-1,0,0,0,0,-1.0000,3.0000,"hit",44
117.5846,-1,0,0,0,0,-1.0000,3.0000,"hit",44
117.6051,-1,0,0,0,0,-1.0000,3.0000,"hit",44
117.6234,-1,0,0,0,0,-1.0000,3.0000,"hit",44
117.6442,-1,0,0,0,0,-1.0000,3.0000,"hit",44
117.6644,-1,0,0,0,0,-1.0000,3.0000,"hit",44
117.6852,-1,0,0,0,0,-1.0000,3.0000,"hit",44
117.7023,-1,0,0,0,0,-1.0000,3.0000,"hit",44
117.7230,-1,0,0,0,0,-1.0000,3.0000,"hit",44
117.7441,-1,0,0,0,0,-1.0000,3.0000,"hit",44
117.7629,-1,0,0,0,0,-1.0000,3.0000,"hit",44
117.7820,-1,0,0,0,0,-1.0000,3.0000,"hit",44
117.8023,-1,0,0,0,0,-1.0000,3.0000,"hit",44
117.8216,-1,0,0,0,0,-1.0000,3.0000,"hit",44
117.8419,-1,0,0,0,0,-1.0000,3.0000,"hit",44
117.8602,-1,0,0,0,0,-1.0000,3.0000,"hit",44
117.8785,-1,0,0,0,0,-1.0000,3.0000,"hit",44
117.8996,-1,0,0,0,0,-1.0000,3.0000,"hit",44
117.9201,-1,0,0,0,0,-1.0000,3.0000,"hit",44
117.9391,-1,0,0,0,0,-1.0000,3.0000,"hit",44
117.9579,-1,0,0,0,0,-1.0000,3.0000,"hit",44
117.9776,-1,0,0,0,0,-1.0000,3.0000,"hit",44
117.9993,-1,0,0,0,0,-1.0000,2.0000,"hit",44
118.0188,-1,0,0,0,0,-1.0000,1.0000,"hit",44
118.0373,-1,0,0,0,0,-1.0000,0.0000,"hit",44
118.0575,-1,0,0,0,0,-1.0000,0.0000,"hit",44
118.0771,-1,0,0,0,0,-1.0000,0.0000,"hit",44
118.0988,-1,0,0,0,0,-1.0000,0.0000,"hit",44
118.1192,-1,0,0,0,0,-1.0000,0.0000,"hit",44
118.1371,-1,0,0,0,0,-1.0000,0.0000,"hit",44
118.1556,-1,0,0,0,0,-1.0000,0.0000,"hit",44
118.1771,-1,0,0,0,0,-1.0000,0.0000,"hit",44
118.1961,-1,0,0,0,0,-1.0000,0.0000,"hit",44
118.2151,-1,0,0,0,0,-1.0000,0.0000,"hit",44
118.2340,-1,0,0,0,0,-1.0000,0.0000,"hit",44
118.2547,-1,0,0,0,0,-1.0000,0.0000,"hit",44
118.2747,-1,0,0,0,0,-1.0000,0.0000,"hit",44
118.2931,-1,0,0,0,0,-1.0000,0.0000,"hit",44
118.3127,-1,0,0,0,0,-1.0000,0.0000,"hit",44
118.3322,-1,0,0,0,0,-1.0000,0.0000,"hit",44
118.3529,-1,0,0,0,0,-1.0000,0.0000,"hit",44
118.3730,-1,0,0,0,0,-1.0000,0.0000,"hit",44
118.3915,-1,0,0,0,0,-1.0000,0.0000,"hit",44
118.4117,-1,0,0,0,0,-1.0000,0.0000,"hit",44
118.4322,-1,0,0,1,0,-1.0000,0.0000,,44
118.4520,-1,0,0,1,0,-1.0000,0.0000,,44
118.4721,-1,0,0,1,0,-1.0000,0.0000,,44
118.4914,-1,0,0,1,0,-1.0000,0.0000,,44
118.5123,-1,0,0,1,0,-1.0000,0.0000,,44
118.5320,-1,0,0,1,0,-1.0000,0.0000,,44
118.5522,-1,0,0,1,0,-1.0000,0.0000,,44
118.5719,-1,0,0,1,0,-1.0000,0.0000,,44
118.5915,-1,0,0,1,0,-1.0000,0.0000,,44
118.6114,-1,0,0,1,0,-1.0000,0.0000,,44
118.6332,-1,0,0,1,0,-1.0000,0.0000,,44
118.6527,-1,0,0,1,0,-1.0000,0.0000,,44
118.6717,-1,0,0,1,0,-1.0000,0.0000,,44
118.6902,-1,0,0,1,0,-1.0000,0.0000,,44
118.7104,-1,0,0,1,0,-1.0000,0.0000,,44
118.7320,-1,0,0,1,0,-1.0000,0.0000,,44
118.7524,-1,0,0,1,0,-1.0000,0.0000,,44
118.7720,-1,0,0,1,0,-1.0000,0.0000,,44
118.7903,-1,0,0,1,0,-1.0000,0.0000,"hit",45
118.8099,-1,0,0,1,0,-1.0000,0.0000,"hit",45
118.8324,-1,0,0,1,0,-1.0000,0.0000,"hit",45
118.8522,-1,0,0,1,0,-1.0000,0.0000,"hit",45
118.8717,-1,0,0,1,0,-1.0000,0.0000,"hit",45
118.8918,-1,0,0,0,0,-1.0000,0.0000,"hit",45
118.9131,-1,0,0,0,0,-1.0000,0.0000,"hit",45
118.9335,-1,0,0,0,0,-1.0000,0.0000,"hit",45
118.9547,-1,0,0,0,0,-1.0000,0.0000,"hit",45
118.9752,-1,0,0,0,0,-1.0000,0.0000,"hit",45
118.9963,-1,0,0,0,0,-1.0000,0.0000,"hit",45
119.0148,-1,0,0,0,0,-1.0000,0.0000,"hit",45
119.0357,-1,0,0,0,0,-1.0000,0.0000,"hit",45
119.0574,-1,0,0,0,0,-1.0000,0.0000,"hit",45
119.0787,-1,0,0,0,0,-1.0000,0.0000,"hit",45
119.0981,-1,0,0,0,0,-1.0000,0.0000,"hit",45
119.1188,-1,0,0,0,0,-1.0000,0.0000,"hit",45
119.1387,-1,0,0,0,0,-1.0000,0.0000,"hit",45
119.1610,-1,0,0,0,0,-1.0000,0.0000,"hit",45
119.1807,-1,0,0,0,0,-1.0000,0.0000,"hit",45
119.2012,-1,0,0,1,0,-1.0000,0.0000,,45
119.2223,-1,0,0,1,0,-1.0000,0.0000,,45
119.2451,-1,0,0,1,0,-1.0000,0.0000,,45
119.2638,-1,0,0,1,0,-1.0000,0.0000,,45
119.2846,-1,0,0,1,0,-1.0000,0.0000,,45
119.3062,-1,0,0,0,0,-1.0000,0.0000,"avoided",45
119.3277,-1,0,0,0,0,-1.0000,0.0000,"avoided",45
119.3482,-1,0,0,0,0,-1.0000,0.0000,"avoided",45
119.3698,-1,0,0,0,0,-1.0000,0.0000,"avoided",45
119.3893,-1,0,0,0,0,-1.0000,0.0000,"avoided",45
119.4133,-1,0,0,0,0,-1.0000,0.0000,"avoided",45
119.4336,-1,0,0,0,0,-1.0000,0.0000,"avoided",45
119.4543,-1,0,0,0,0,-1.0000,0.0000,"avoided",45
119.4744,-1,0,0,0,0,-1.0000,0.0000,"avoided",45
119.4938,-1,0,0,0,0,-1.0000,0.0000,"avoided",45
119.5141,-1,0,0,0,0,-1.0000,0.0000,"avoided",45
119.5361,-1,0,0,0,0,-1.0000,0.0000,"avoided",45
119.5550,-1,0,0,0,0,-1.0000,0.0000,"avoided",45
119.5772,-1,0,0,0,0,-1.0000,0.0000,"avoided",45
119.5964,-1,0,0,0,0,-1.0000,0.0000,"avoided",45
119.6163,-1,0,0,0,0,-1.0000,0.0000,"avoided",45
119.6368,-1,0,0,0,0,-1.0000,0.0000,"avoided",45
119.6575,-1,0,0,0,1,-1.0000,1.0000,"avoided",45
119.6785,-1,0,0,0,0,-1.0000,1.0000,"avoided",45
119.6970,-1,0,0,0,0,-1.0000,1.0000,"avoided",46
119.7174,-1,0,0,0,0,-1.0000,1.0000,"avoided",46
119.7366,-1,0,0,0,0,-1.0000,1.0000,"avoided",46
119.7570,-1,0,0,0,0,-1.0000,1.0000,"avoided",46
119.7786,-1,0,0,0,0,-1.0000,1.0000,"avoided",46
119.7980,-1,0,0,0,0,-1.0000,1.0000,"avoided",46
119.8175,-1,0,0,0,0,-1.0000,1.0000,"avoided",46
119.8379,-1,0,0,0,0,-1.0000,1.0000,"avoided",46
119.8578,-1,0,0,0,0,-1.0000,1.0000,"avoided",46
119.8808,-1,0,0,0,0,-1.0000,1.0000,"avoided",47
119.8997,-1,0,0,0,0,-1.0000,1.0000,"avoided",47
119.9199,-1,0,0,0,0,-1.0000,1.0000,"avoided",47
119.9398,-1,0,0,0,0,-1.0000,1.0000,"avoided",47
119.9596,-1,0,0,0,0,-1.0000,1.0000,"avoided",47
119.9811,-1,0,0,0,0,-1.0000,1.0000,"avoided",47
120.0007,-1,0,0,0,0,-1.0000,1.0000,"avoided",47
120.0200,-1,0,0,0,0,-1.0000,1.0000,"avoided",47
120.0389,-1,0,0,0,0,-1.0000,1.0000,"avoided",47
120.0596,-1,0,0,0,0,-1.0000,1.0000,"avoided",47
120.0792,-1,0,0,0,0,-1.0000,1.0000,"avoided",47
120.1010,-1,0,0,0,0,-1.0000,1.0000,"avoided",47
120.1209,-1,0,0,1,0,-1.0000,1.0000,,47
120.1393,-1,0,0,1,0,-1.0000,1.0000,,47
120.1598,-1,0,0,1,0,-1.0000,1.0000,,47
120.1787,-1,0,0,1,0,-1.0000,1.0000,,47
120.2008,-1,0,0,1,0,-1.0000,1.0000,,47
120.2202,-1,0,0,1,0,-1.0000,1.0000,,47
120.2396,-1,0,0,1,0,-1.0000,1.0000,,47
120.2590,-1,0,0,1,0,-1.0000,1.0000,,47
120.2793,-1,0,0,1,0,-1.0000,1.0000,,47
120.2998,-1,0,0,1,0,-1.0000,1.0000,,47
120.3217,-1,0,0,1,0,-1.0000,1.0000,,47
120.3412,-1,0,0,1,0,-1.0000,1.0000,,47
120.3609,-1,0,0,1,0,-1.0000,1.0000,,47
120.3808,-1,0,0,1,0,-1.0000,1.0000,,47
120.4000,-1,0,0,1,0,-1.0000,1.0000,,47
120.4223,-1,0,0,1,0,-1.0000,1.0000,,47
120.4410,-1,0,0,1,0,-1.0000,1.0000,,47
120.4614,-1,0,0,0,0,-1.0000,1.0000,"avoided",47
120.4803,-1,0,0,0,0,-1.0000,1.0000,"avoided",47
120.5012,-1,0,0,0,0,-1.0000,1.0000,"avoided",47
120.5239,-1,0,0,0,0,-1.0000,1.0000,"avoided",47
120.5430,-1,0,0,0,0,-1.0000,1.0000,"avoided",47
120.5628,-1,0,0,0,0,-1.0000,1.0000,"avoided",47
120.5829,-1,0,0,0,0,-1.0000,1.0000,"avoided",47
120.6022,-1,0,0,0,0,-1.0000,1.0000,"avoided",47
120.6229,-1,0,0,0,0,-1.0000,1.0000,"avoided",47
120.6452,-1,0,0,0,0,-1.0000,1.0000,"avoided",47
120.6637,-1,0,0,0,1,-1.0000,1.0000,"avoided",47
120.6842,-1,0,0,0,0,-1.0000,1.0000,"avoided",47
120.7045,-1,0,0,0,0,-1.0000,1.0000,"avoided",47
120.7239,-1,0,0,0,0,-1.0000,1.0000,"avoided",47
120.7446,-1,0,0,0,0,-1.0000,1.0000,"avoided",47
120.7645,-1,0,0,0,0,-1.0000,1.0000,"avoided",47
120.7840,-1,0,0,0,0,-1.0000,1.0000,"avoided",47
120.8030,-1,0,0,0,0,-1.0000,1.0000,"avoided",47
120.8239,-1,0,0,0,0,-1.0000,1.0000,"avoided",47
120.8441,-1,0,0,0,0,-1.0000,1.0000,"avoided",47
120.8636,-1,0,0,0,0,-1.0000,1.0000,"avoided",47
120.8817,-1,0,0,1,0,-1.0000,1.0000,,47
120.9009,-1,0,0,1,0,-1.0000,1.0000,,47
120.9206,-1,0,0,1,0,-1.0000,1.0000,,47
120.9415,-1,0,0,1,0,-1.0000,1.0000,,47
120.9611,-1,0,0,1,0,-1.0000,1.0000,,47
120.9815,-1,0,0,1,0,-1.0000,1.0000,,47
121.0012,-1,0,0,1,0,-1.0000,1.0000,,47
121.0227,-1,0,0,1,0,-1.0000,1.0000,,47
121.0412,-1,0,0,1,1,0.1595,2.0000,,47
121.0605,-1,0,0,1,1,0.1595,4.0000,,47
121.0820,-1,0,0,1,0,0.1595,4.0000,,47
121.1004,-1,0,0,1,0,0.1595,4.0000,,47
121.1219,-1,0,0,0,0,0.1595,4.0000,"avoided",47
121.1407,-1,0,0,0,0,0.1595,4.0000,"avoided",47
121.1631,-1,0,0,0,0,0.1595,4.0000,"avoided",47
121.1840,-1,0,0,0,0,0.1595,4.0000,"avoided",47
121.2034,-1,0,0,0,0,0.1595,4.0000,"avoided",47
121.2238,-1,0,0,0,0,0.1595,4.0000,"avoided",47
121.2446,-1,0,0,0,0,0.1595,4.0000,"avoided",47
121.2642,-1,0,0,0,0,0.1595,4.0000,"avoided",47
121.2837,-1,0,0,0,0,0.1595,4.0000,"avoided",47
121.3043,-1,0,0,0,0,0.1595,4.0000,"avoided",47
121.3239,-1,0,0,0,0,0.1595,4.0000,"avoided",47
121.3468,-1,0,0,0,0,0.1595,4.0000,"avoided",47
121.3649,-1,0,0,0,0,0.1595,4.0000,"avoided",47
121.3872,-1,0,0,0,0,0.1595,4.0000,"avoided",47
121.4063,-1,0,0,0,0,0.1595,4.0000,"avoided",47
121.4254,-1,0,0,0,0,0.1595,4.0000,"avoided",47
121.4453,-1,0,0,0,0,0.1595,4.0000,"avoided",47
121.4674,-1,0,0,0,0,0.1595,4.0000,"avoided",47
121.4818,-1,0,0,0,0,0.1595,4.0000,"avoided",47
121.5128,-1,0,0,0,0,0.1595,4.0000,"avoided",47
121.5326,-1,0,0,0,0,0.1595,4.0000,"avoided",47
121.5555,-1,0,0,0,0,0.1595,4.0000,"avoided",47
121.5745,-1,0,0,0,0,0.1595,4.0000,"avoided",47
121.5934,-1,0,0,0,0,0.1595,4.0000,"avoided",47
121.6138,-1,0,0,0,0,0.1595,4.0000,"avoided",47
121.6333,-1,0,0,0,0,0.1595,4.0000,"avoided",47
121.6537,-1,0,0,0,0,0.1595,4.0000,"avoided",47
121.6757,-1,0,0,0,0,0.1595,3.0000,"avoided",47
121.6941,-1,0,0,0,0,0.1595,3.0000,"avoided",47
121.7150,-1,0,0,0,0,0.1595,3.0000,"avoided",47
121.7334,-1,0,0,0,0,0.1595,3.0000,"avoided",47
121.7546,-1,0,0,0,0,0.1595,3.0000,"avoided",47
121.7739,-1,0,0,0,0,0.1595,3.0000,"avoided",47
121.7921,-1,0,0,0,0,0.1595,3.0000,"avoided",47
121.8125,-1,0,0,0,0,0.1595,3.0000,"avoided",47
121.8324,-1,0,0,0,0,0.1595,3.0000,"avoided",47
121.8540,-1,0,0,0,0,0.1595,3.0000,"avoided",47
121.8719,-1,0,0,0,0,0.1595,3.0000,"avoided",47
121.8922,-1,0,0,0,0,0.1595,3.0000,"avoided",47
121.9124,-1,0,0,0,0,0.1595,3.0000,"avoided",47
121.9334,-1,0,0,0,0,0.1595,3.0000,"avoided",47
121.9509,-1,0,0,0,0,0.1595,3.0000,"avoided",47
121.9706,-1,0,0,0,0,0.1595,3.0000,"avoided",47
121.9908,-1,0,0,0,0,0.1595,3.0000,"avoided",47
122.0097,-1,0,0,0,0,0.1595,3.0000,"avoided",47
122.0321,-1,0,0,0,0,0.1595,3.0000,"avoided",47
122.0498,-1,0,0,0,0,0.1595,2.0000,"avoided",47
122.0694,-1,0,0,0,0,0.1595,0.0000,"avoided",47
122.0911,-1,0,0,0,0,0.1595,0.0000,"avoided",47
122.1110,-1,0,0,0,0,0.1595,0.0000,"avoided",47
122.1318,-1,0,0,0,0,0.1595,0.0000,"avoided",47
122.1487,-1,0,0,0,0,0.1595,0.0000,"avoided",47
122.1699,-1,0,0,0,0,0.1595,0.0000,"avoided",47
122.1894,-1,0,0,0,0,0.1595,0.0000,"avoided",47
122.2106,-1,0,0,0,0,0.1595,0.0000,"avoided",47
122.2292,-1,0,0,0,0,0.1595,0.0000,"avoided",47
122.2483,-1,0,0,0,0,0.1595,0.0000,"avoided",47
122.2704,-1,0,0,0,0,0.1595,0.0000,"avoided",47
122.2901,-1,0,0,0,0,0.1595,0.0000,"avoided",47
122.3120,-1,0,0,0,0,0.1595,0.0000,"avoided",47
122.3297,-1,0,0,0,0,0.1595,0.0000,"avoided",47
122.3491,-1,0,0,0,0,0.1595,0.0000,"avoided",47
122.3694,-1,0,0,0,0,0.1595,0.0000,"avoided",47
122.3897,-1,0,0,0,0,0.1595,0.0000,"avoided",47
122.4106,-1,0,0,0,0,0.1595,0.0000,"avoided",47
122.4298,-1,0,0,0,0,0.1595,0.0000,"avoided",47
122.4497,-1,0,0,0,0,0.1595,0.0000,"avoided",47
122.4691,-1,0,0,0,0,0.1595,0.0000,"avoided",47
122.4893,-1,0,0,0,0,0.1595,0.0000,"avoided",47
122.5112,-1,0,0,0,0,0.1595,0.0000,"avoided",47
122.5293,-1,0,0,0,0,0.1595,0.0000,"avoided",47
122.5486,-1,0,0,0,0,0.1595,0.0000,"avoided",47
122.5690,-1,0,0,0,0,0.1595,0.0000,"avoided",47
122.5898,-1,0,0,0,0,0.1595,0.0000,"avoided",47
122.6106,-1,0,0,0,0,0.1595,0.0000,"avoided",47
122.6290,-1,0,0,0,0,0.1595,0.0000,"avoided",47
122.6490,-1,0,0,0,0,0.1595,0.0000,"avoided",47
122.6687,-1,0,0,0,0,0.1595,0.0000,"avoided",47
122.6885,-1,0,0,0,0,0.1595,0.0000,"avoided",47
122.7110,-1,0,0,0,0,0.1595,0.0000,"avoided",47
122.7287,-1,0,0,0,0,0.1595,0.0000,"avoided",47
122.7483,-1,0,0,0,0,0.1595,0.0000,"avoided",47
122.7686,-1,0,0,0,0,0.1595,0.0000,"avoided",47
122.7899,-1,0,0,0,0,0.1595,0.0000,"avoided",47
122.8096,-1,0,0,0,0,0.1595,0.0000,"avoided",47
122.8280,-1,0,0,0,0,0.1595,0.0000,"avoided",47
122.8480,-1,0,0,0,0,0.1595,0.0000,"avoided",47
122.8680,-1,0,0,0,0,0.1595,0.0000,"avoided",47
122.8884,-1,0,0,0,0,0.1595,0.0000,"avoided",47
122.9106,-1,0,0,0,0,0.1595,0.0000,"avoided",47
122.9293,-1,0,0,0,0,0.1595,0.0000,"avoided",47
122.9476,-1,0,0,0,0,0.1595,0.0000,"avoided",47
122.9675,-1,0,0,0,0,0.1595,0.0000,"avoided",47
122.9893,-1,0,0,0,0,0.1595,0.0000,"avoided",47
123.0078,-1,0,0,0,0,0.1595,0.0000,"avoided",47
123.0276,-1,0,0,0,0,0.1595,0.0000,"avoided",47
123.0463,-1,0,0,0,0,0.1595,0.0000,"avoided",47
123.0673,-1,0,0,0,0,0.1595,0.0000,"avoided",47
123.0879,-1,0,0,0,0,0.1595,0.0000,"avoided",47
123.1076,-1,0,0,0,0,0.1595,0.0000,"avoided",47
123.1268,-1,0,0,0,0,0.1595,0.0000,"avoided",47
123.1472,-1,0,0,0,0,0.1595,0.0000,"avoided",47
123.1671,-1,0,0,0,0,0.1595,0.0000,"avoided",47
123.1896,-1,0,0,0,0,0.1595,0.0000,"avoided",47
123.2091,-1,0,0,0,0,0.1595,0.0000,"avoided",47
123.2290,-1,0,0,0,0,0.1595,0.0000,"avoided",47
123.2484,-1,0,0,0,0,0.1595,0.0000,"avoided",47
123.2683,-1,0,0,0,0,0.1595,0.0000,"avoided",47
123.2882,-1,0,0,0,0,0.1595,0.0000,"avoided",47
123.3100,-1,0,0,0,0,0.1595,0.0000,"avoided",47
123.3294,-1,0,0,0,0,0.1595,0.0000,"avoided",47
123.3493,-1,0,0,0,0,0.1595,0.0000,"avoided",47
123.3696,-1,0,0,0,0,0.1595,0.0000,"avoided",47
123.3893,-1,0,0,0,0,0.1595,0.0000,"avoided",47
123.4100,-1,0,0,1,0,-1.0000,0.0000,,47
123.4298,-1,0,0,1,0,-1.0000,0.0000,,47
123.4491,-1,0,0,1,0,-1.0000,0.0000,,47
123.4699,-1,0,0,1,0,-1.0000,0.0000,,47
123.4900,-1,0,0,1,1,0.0799,1.0000,,47
123.5122,-1,0,0,1,0,0.0799,1.0000,,47
123.5311,-1,0,0,1,0,0.0799,1.0000,,47
123.5511,-1,0,0,1,0,0.0799,1.0000,,47
123.5706,-1,0,0,1,0,0.0799,1.0000,,47
123.5912,-1,0,0,1,0,0.0799,1.0000,,47
123.6107,-1,0,0,1,0,0.0799,1.0000,,47
123.6331,-1,0,0,1,0,0.0799,1.0000,,47
123.6528,-1,0,0,1,0,0.0799,1.0000,,47
123.6733,-1,0,0,1,0,0.0799,1.0000,,47
123.6934,-1,0,0,1,0,0.0799,1.0000,,47
123.7151,-1,0,0,1,0,0.0799,1.0000,,47
123.7354,-1,0,0,1,0,0.0799,1.0000,,47
123.7565,-1,0,0,1,0,0.0799,1.0000,,47
123.7774,-1,0,0,1,0,0.0799,1.0000,"hit",48
123.7964,-1,0,0,1,0,0.0799,1.0000,"hit",48
123.8179,-1,0,0,1,0,0.0799,1.0000,"hit",48
123.8376,-1,0,0,0,0,0.0799,1.0000,"hit",48
123.8583,-1,0,0,0,0,0.0799,1.0000,"hit",48
123.8791,-1,0,0,0,0,0.0799,1.0000,"hit",48
123.9009,-1,0,0,0,0,0.0799,1.0000,"hit",48
123.9228,-1,0,0,0,0,0.0799,1.0000,"hit",48
123.9420,-1,0,0,0,0,0.0799,1.0000,"hit",48
123.9634,-1,0,0,0,0,0.0799,1.0000,"hit",48
123.9839,-1,0,0,0,0,0.0799,1.0000,"hit",48
124.0043,-1,0,0,0,0,0.0799,1.0000,"hit",48
124.0261,-1,0,0,0,0,0.0799,1.0000,"hit",48
124.0460,-1,0,0,0,0,0.0799,1.0000,"hit",48
124.0665,-1,0,0,0,0,0.0799,1.0000,"hit",48
124.0890,-1,0,0,0,0,0.0799,1.0000,"hit",48
124.1088,-1,0,0,0,0,0.0799,1.0000,"hit",48
124.1299,-1,0,0,0,0,0.0799,1.0000,"hit",48
124.1492,-1,0,0,1,0,-1.0000,1.0000,,48
124.1694,-1,0,0,1,0,-1.0000,1.0000,,48
124.1903,-1,0,0,1,0,-1.0000,1.0000,,48
124.2116,-1,0,0,1,0,-1.0000,1.0000,,48
124.2332,-1,0,0,1,0,-1.0000,1.0000,,48
124.2539,-1,0,0,1,0,-1.0000,1.0000,,48
124.2736,-1,0,0,1,0,-1.0000,1.0000,,48
124.2951,-1,0,0,1,0,-1.0000,1.0000,,48
124.3134,-1,0,0,1,0,-1.0000,1.0000,,48
124.3346,-1,0,0,1,0,-1.0000,1.0000,,48
124.3581,-1,0,0,1,0,-1.0000,1.0000,,48
124.3793,-1,0,0,1,0,-1.0000,1.0000,,48
124.3998,-1,0,0,1,0,-1.0000,1.0000,,49
124.4212,-1,0,0,1,0,-1.0000,1.0000,,49
124.4417,-1,0,0,1,0,-1.0000,1.0000,,49
124.4616,-1,0,0,0,0,-1.0000,1.0000,"avoided",49
124.4818,-1,0,0,0,0,-1.0000,1.0000,"avoided",49
124.5024,-1,0,0,0,0,-1.0000,0.0000,"avoided",49
124.5234,-1,0,0,0,0,-1.0000,0.0000,"avoided",49
124.5452,-1,0,0,0,1,-1.0000,1.0000,"avoided",49
124.5663,-1,0,0,0,0,-1.0000,1.0000,"avoided",49
124.5863,-1,0,0,0,0,-1.0000,1.0000,"avoided",49
124.6065,-1,0,0,0,0,-1.0000,1.0000,"avoided",49
124.6258,-1,0,0,0,0,-1.0000,1.0000,"avoided",49
124.6446,-1,0,0,0,0,-1.0000,1.0000,"avoided",49
124.6660,-1,0,0,0,0,-1.0000,1.0000,"avoided",49
124.6863,-1,0,0,0,0,-1.0000,1.0000,"avoided",49
124.7062,-1,0,0,0,0,-1.0000,1.0000,"avoided",49
124.7237,-1,0,0,0,0,-1.0000,1.0000,"avoided",49
124.7470,-1,0,0,0,0,-1.0000,1.0000,"avoided",49
124.7664,-1,0,0,0,0,-1.0000,1.0000,"avoided",49
124.7857,-1,0,0,0,0,-1.0000,1.0000,"avoided",49
124.8044,-1,0,0,0,0,-1.0000,1.0000,"avoided",49
124.8231,-1,0,0,0,0,-1.0000,1.0000,"avoided",49
124.8443,-1,0,0,0,0,-1.0000,1.0000,"avoided",49
124.8640,-1,0,0,0,0,-1.0000,1.0000,"avoided",49
124.8833,-1,0,0,0,0,-1.0000,1.0000,"avoided",49
124.9026,-1,0,0,0,0,-1.0000,1.0000,"avoided",49
124.9220,-1,0,0,0,0,-1.0000,1.0000,"avoided",49
124.9428,-1,0,0,0,0,-1.0000,1.0000,"avoided",49
124.9623,-1,0,0,0,0,-1.0000,1.0000,"avoided",49
124.9815,-1,0,0,0,0,-1.0000,1.0000,"avoided",49
125.0007,-1,0,0,0,0,-1.0000,1.0000,"avoided",49
125.0214,-1,0,0,0,0,-1.0000,1.0000,"avoided",49
125.0405,-1,0,0,1,0,-1.0000,1.0000,,49
125.0606,-1,0,0,1,0,-1.0000,1.0000,,49
125.0784,-1,0,0,1,0,-1.0000,1.0000,,49
125.0992,-1,0,0,1,0,-1.0000,1.0000,,49
125.1191,-1,0,0,1,0,-1.0000,1.0000,,49
125.1385,-1,0,0,1,0,-1.0000,1.0000,,49
125.1570,-1,0,0,1,0,-1.0000,1.0000,,49
125.1764,-1,0,0,1,0,-1.0000,1.0000,,50
125.1973,-1,0,0,1,0,-1.0000,1.0000,,50
125.2187,-1,0,0,1,0,-1.0000,1.0000,,50
125.2379,-1,0,0,1,0,-1.0000,1.0000,,50
125.2565,-1,0,0,1,0,-1.0000,1.0000,,50
125.2777,-1,0,0,1,0,-1.0000,1.0000,,50
125.2978,-1,0,0,1,0,-1.0000,1.0000,,50
125.3179,-1,0,0,1,0,-1.0000,1.0000,,50
125.3373,-1,0,0,1,0,-1.0000,1.0000,,50
125.3562,-1,0,0,1,0,-1.0000,1.0000,,50
125.3777,-1,0,0,1,0,-1.0000,1.0000,,50
125.3969,-1,0,0,1,0,-1.0000,1.0000,,50
125.4193,-1,0,0,1,0,-1.0000,1.0000,,50
125.4382,-1,0,0,1,0,-1.0000,1.0000,,50
125.4567,-1,0,0,1,0,-1.0000,1.0000,,50
125.4767,-1,0,0,1,0,-1.0000,1.0000,,50
125.4956,-1,0,0,1,0,-1.0000,1.0000,,50
125.5160,-1,0,0,1,0,-1.0000,1.0000,,50
125.5351,-1,0,0,1,0,-1.0000,1.0000,,50
125.5547,-1,0,0,1,0,-1.0000,0.0000,,50
125.5744,-1,0,0,1,0,-1.0000,0.0000,,50
125.5937,-1,0,0,1,0,-1.0000,0.0000,,50
125.6130,-1,0,0,1,0,-1.0000,0.0000,,50
125.6323,-1,0,0,1,0,-1.0000,0.0000,,50
125.6526,-1,0,0,1,0,-1.0000,0.0000,,50
125.6725,-1,0,0,1,0,-1.0000,0.0000,,50
125.6919,-1,0,0,1,0,-1.0000,0.0000,,50
125.7107,-1,0,0,1,0,-1.0000,0.0000,,50
125.7303,-1,0,0,1,0,-1.0000,0.0000,,50
125.7503,-1,0,0,1,0,-1.0000,0.0000,,50
125.7701,-1,0,0,1,0,-1.0000,0.0000,,50
125.7885,-1,0,0,1,0,-1.0000,0.0000,,50
125.8111,-1,0,0,1,0,-1.0000,0.0000,,50
125.8301,-1,0,0,1,0,-1.0000,0.0000,,50
125.8503,-1,0,0,0,0,-1.0000,0.0000,"avoided",50
125.8685,-1,0,0,0,0,-1.0000,0.0000,"avoided",50
125.8887,-1,0,0,0,0,-1.0000,0.0000,"avoided",50
125.9084,-1,0,0,0,0,-1.0000,0.0000,"avoided",50
125.9276,-1,0,0,0,0,-1.0000,0.0000,"avoided",50
125.9469,-1,0,0,0,0,-1.0000,0.0000,"avoided",50
125.9660,-1,0,0,0,0,-1.0000,0.0000,"avoided",50
125.9872,-1,0,0,0,0,-1.0000,0.0000,"avoided",50
126.0070,-1,0,0,0,0,-1.0000,0.0000,"avoided",50
126.0252,-1,0,0,0,0,-1.0000,0.0000,"avoided",50
126.0438,-1,0,0,0,0,-1.0000,0.0000,"avoided",50
126.0639,-1,0,0,0,0,-1.0000,0.0000,"avoided",50
126.0823,-1,0,0,0,0,-1.0000,0.0000,"avoided",50
126.1019,-1,0,0,0,0,-1.0000,0.0000,"avoided",50
126.1210,-1,0,0,0,0,-1.0000,0.0000,"avoided",50
126.1404,-1,0,0,0,0,-1.0000,0.0000,"avoided",50
126.1580,-1,0,0,0,0,-1.0000,0.0000,"avoided",50
126.1778,-1,0,0,0,0,-1.0000,0.0000,"avoided",50
126.1977,-1,0,0,0,0,-1.0000,0.0000,"avoided",50
126.2166,-1,0,0,0,0,-1.0000,0.0000,"avoided",50
126.2347,-1,0,0,0,0,-1.0000,0.0000,"avoided",50
126.2543,-1,0,0,0,0,-1.0000,0.0000,"avoided",50
126.2740,-1,0,0,0,0,-1.0000,0.0000,"avoided",50
126.2915,-1,0,0,0,0,-1.0000,0.0000,"avoided",50
126.3114,-1,0,0,0,0,-1.0000,0.0000,"avoided",50
126.3321,-1,0,0,0,1,-1.0000,1.0000,"avoided",50
126.3497,-1,0,0,0,0,-1.0000,1.0000,"avoided",50
126.3685,-1,0,0,0,0,-1.0000,1.0000,"avoided",50
126.3875,-1,0,0,0,0,-1.0000,1.0000,"avoided",50
126.4085,-1,0,0,0,0,-1.0000,1.0000,"avoided",50
126.4279,-1,0,0,0,0,-1.0000,1.0000,"avoided",50
126.4467,-1,0,0,0,0,-1.0000,1.0000,"avoided",50
126.4675,-1,0,0,0,0,-1.0000,1.0000,"avoided",50
126.4874,-1,0,0,0,0,-1.0000,1.0000,"avoided",50
126.5146,-1,0,0,0,0,-1.0000,1.0000,"avoided",50
126.5320,-1,0,0,0,0,-1.0000,1.0000,"avoided",50
126.5536,-1,0,0,0,0,-1.0000,1.0000,"avoided",50
126.5735,-1,0,0,0,0,-1.0000,1.0000,"avoided",50
126.5902,-1,0,0,0,0,-1.0000,1.0000,"avoided",50
126.6099,-1,0,0,0,0,-1.0000,1.0000,"avoided",50
126.6307,-1,0,0,0,0,-1.0000,1.0000,"avoided",50
126.6483,-1,0,0,0,0,-1.0000,1.0000,"avoided",50
126.6682,-1,0,0,0,0,-1.0000,1.0000,"avoided",50
126.6891,-1,0,0,0,0,-1.0000,1.0000,"avoided",50
126.7077,-1,0,0,0,0,-1.0000,1.0000,"avoided",50
126.7270,-1,0,0,0,0,-1.0000,1.0000,"avoided",50
126.7448,-1,0,0,0,0,-1.0000,1.0000,"avoided",50
126.7655,-1,0,0,0,0,-1.0000,1.0000,"avoided",50
126.7850,-1,0,0,0,0,-1.0000,1.0000,"avoided",50
126.8027,-1,0,0,0,0,-1.0000,1.0000,"avoided",50
126.8221,-1,0,0,0,0,-1.0000,1.0000,"avoided",50
126.8422,-1,0,0,0,1,-1.0000,2.0000,"avoided",50
126.8614,-1,0,0,0,1,-1.0000,4.0000,"avoided",50
126.8809,-1,0,0,0,0,-1.0000,4.0000,"avoided",50
126.9017,-1,0,0,0,0,-1.0000,4.0000,"avoided",50
126.9214,-1,0,0,0,0,-1.0000,4.0000,"avoided",50
126.9405,-1,0,0,0,0,-1.0000,4.0000,"avoided",50
126.9592,-1,0,0,0,0,-1.0000,4.0000,"avoided",50
126.9787,-1,0,0,0,0,-1.0000,4.0000,"avoided",50
126.9990,-1,0,0,0,0,-1.0000,4.0000,"avoided",50
127.0188,-1,0,0,0,0,-1.0000,4.0000,"avoided",50
127.0379,-1,0,0,0,0,-1.0000,4.0000,"avoided",50
127.0557,-1,0,0,0,0,-1.0000,4.0000,"avoided",50
127.0763,-1,0,0,0,0,-1.0000,4.0000,"avoided",50
127.0971,-1,0,0,0,0,-1.0000,4.0000,"avoided",50
127.1148,-1,0,0,0,0,-1.0000,4.0000,"avoided",50
127.1347,-1,0,0,0,0,-1.0000,4.0000,"avoided",50
127.1547,-1,0,0,0,0,-1.0000,4.0000,"avoided",50
127.1749,-1,0,0,0,0,-1.0000,4.0000,"avoided",50
127.1940,-1,0,0,0,0,-1.0000,4.0000,"avoided",50
127.2141,-1,0,0,0,0,-1.0000,4.0000,"avoided",50
127.2334,-1,0,0,0,0,-1.0000,4.0000,"avoided",50
127.2536,-1,0,0,0,0,-1.0000,4.0000,"avoided",50
127.2733,-1,0,0,0,0,-1.0000,4.0000,"avoided",50
127.2931,-1,0,0,0,0,-1.0000,4.0000,"avoided",50
127.3112,-1,0,0,0,0,-1.0000,4.0000,"avoided",50
127.3332,-1,0,0,0,0,-1.0000,3.0000,"avoided",50
127.3518,-1,0,0,0,0,-1.0000,3.0000,"avoided",50
127.3718,-1,0,0,0,0,-1.0000,3.0000,"avoided",50
127.3895,-1,0,0,0,0,-1.0000,3.0000,"avoided",50
127.4106,-1,0,0,0,0,-1.0000,3.0000,"avoided",50
127.4304,-1,0,0,0,0,-1.0000,3.0000,"avoided",50
127.4493,-1,0,0,0,0,-1.0000,3.0000,"avoided",50
127.4688,-1,0,0,0,0,-1.0000,3.0000,"avoided",50
127.4883,-1,0,0,0,0,-1.0000,3.0000,"avoided",50
127.5092,-1,0,0,0,0,-1.0000,3.0000,"avoided",50
127.5284,-1,0,0,0,0,-1.0000,3.0000,"avoided",50
127.5465,-1,0,0,0,0,-1.0000,3.0000,"avoided",50
127.5665,-1,0,0,0,0,-1.0000,3.0000,"avoided",50
127.5872,-1,0,0,0,0,-1.0000,3.0000,"avoided",50
127.6067,-1,0,0,0,0,-1.0000,3.0000,"avoided",50
127.6265,-1,0,0,0,0,-1.0000,3.0000,"avoided",50
127.6448,-1,0,0,0,0,-1.0000,3.0000,"avoided",50
127.6657,-1,0,0,0,0,-1.0000,3.0000,"avoided",50
127.6856,-1,0,0,0,0,-1.0000,3.0000,"avoided",50
127.7053,-1,0,0,0,0,-1.0000,3.0000,"avoided",50
127.7235,-1,0,0,0,0,-1.0000,3.0000,"avoided",50
127.7440,-1,0,0,0,0,-1.0000,3.0000,"avoided",50
127.7640,-1,0,0,0,0,-1.0000,3.0000,"avoided",50
127.7832,-1,0,0,0,0,-1.0000,3.0000,"avoided",50
127.8011,-1,0,0,0,0,-1.0000,3.0000,"avoided",50
127.8221,-1,0,0,0,0,-1.0000,3.0000,"avoided",50
127.8425,-1,0,0,0,0,-1.0000,2.0000,"avoided",50
127.8626,-1,0,0,0,0,-1.0000,0.0000,"avoided",50
127.8822,-1,0,0,0,0,-1.0000,0.0000,"avoided",50
127.9012,-1,0,0,0,0,-1.0000,0.0000,"avoided",50
127.9226,-1,0,0,0,0,-1.0000,0.0000,"avoided",50
127.9420,-1,0,0,0,0,-1.0000,0.0000,"avoided",50
127.9624,-1,0,0,0,0,-1.0000,0.0000,"avoided",50
127.9821,-1,0,0,0,0,-1.0000,0.0000,"avoided",50
128.0001,-1,0,0,0,0,-1.0000,0.0000,"avoided",50
128.0207,-1,0,0,0,0,-1.0000,0.0000,"avoided",50
128.0414,-1,0,0,0,0,-1.0000,0.0000,"avoided",50
128.0600,-1,0,0,0,0,-1.0000,0.0000,"avoided",50
128.0777,-1,0,0,0,0,-1.0000,0.0000,"avoided",50
128.0992,-1,0,0,0,0,-1.0000,0.0000,"avoided",50
128.1189,-1,0,0,0,0,-1.0000,0.0000,"avoided",50
128.1390,-1,0,0,0,0,-1.0000,0.0000,"avoided",50
128.1574,-1,0,0,0,0,-1.0000,0.0000,"avoided",50
128.1770,-1,0,0,0,0,-1.0000,0.0000,"avoided",50
128.1987,-1,0,0,0,0,-1.0000,0.0000,"avoided",50
128.2177,-1,0,0,0,0,-1.0000,0.0000,"avoided",50
128.2375,-1,0,0,0,0,-1.0000,0.0000,"avoided",50
128.2555,-1,0,0,0,0,-1.0000,0.0000,"avoided",50
128.2767,-1,0,0,0,0,-1.0000,0.0000,"avoided",50
128.2962,-1,0,0,0,0,-1.0000,0.0000,"avoided",50
128.3159,-1,0,0,0,0,-1.0000,0.0000,"avoided",50
128.3339,-1,0,0,0,0,-1.0000,0.0000,"avoided",50
128.3554,-1,0,0,0,0,-1.0000,0.0000,"avoided",50
128.3752,-1,0,0,0,0,-1.0000,0.0000,"avoided",50
128.3950,-1,0,0,0,0,-1.0000,0.0000,"avoided",50
128.4125,-1,0,0,0,0,-1.0000,0.0000,"avoided",50
128.4329,-1,0,0,0,0,-1.0000,0.0000,"avoided",50
128.4548,-1,0,0,0,0,-1.0000,0.0000,"avoided",50
128.4752,-1,0,0,0,0,-1.0000,0.0000,"avoided",50
128.4944,-1,0,0,0,0,-1.0000,0.0000,"avoided",50
128.5123,-1,0,0,0,0,-1.0000,0.0000,"avoided",50
128.5325,-1,0,0,0,0,-1.0000,0.0000,"avoided",50
128.5535,-1,0,0,0,0,-1.0000,0.0000,"avoided",50
128.5737,-1,0,0,0,0,-1.0000,0.0000,"avoided",50
128.5915,-1,0,0,0,0,-1.0000,0.0000,"avoided",50
128.6109,-1,0,0,0,0,-1.0000,0.0000,"avoided",50
128.6320,-1,0,0,0,0,-1.0000,0.0000,"avoided",50
128.6520,-1,0,0,0,0,-1.0000,0.0000,"avoided",50
128.6718,-1,0,0,0,0,-1.0000,0.0000,"avoided",50
128.6917,-1,0,0,0,0,-1.0000,0.0000,"avoided",50
128.7104,-1,0,0,0,0,-1.0000,0.0000,"avoided",50
128.7315,-1,0,0,0,1,-1.0000,1.0000,"avoided",50
128.7515,-1,0,0,0,1,-1.0000,3.0000,"avoided",50
128.7710,-1,0,0,0,0,-1.0000,3.0000,"avoided",50
128.7895,-1,0,0,0,0,-1.0000,3.0000,"avoided",50
128.8100,-1,0,0,0,0,-1.0000,3.0000,"avoided",50
128.8301,-1,0,0,0,0,-1.0000,3.0000,"avoided",50
128.8498,-1,0,0,0,0,-1.0000,3.0000,"avoided",50
128.8676,-1,0,0,0,0,-1.0000,3.0000,"avoided",50
128.8890,-1,0,0,0,0,-1.0000,3.0000,"avoided",50
128.9085,-1,0,0,0,0,-1.0000,3.0000,"avoided",50
128.9280,-1,0,0,0,0,-1.0000,3.0000,"avoided",50
128.9458,-1,0,0,0,0,-1.0000,3.0000,"avoided",50
128.9658,-1,0,0,0,0,-1.0000,3.0000,"avoided",50
128.9889,-1,0,0,1,0,-1.0000,3.0000,,50
129.0075,-1,0,0,1,0,-1.0000,3.0000,,50
129.0271,-1,0,0,1,0,-1.0000,3.0000,,50
129.0482,-1,0,0,1,0,-1.0000,3.0000,,50
129.0666,-1,0,0,1,0,-1.0000,3.0000,,50
129.0859,-1,0,0,1,0,-1.0000,3.0000,,50
129.1044,-1,0,0,1,0,-1.0000,3.0000,,50
129.1225,-1,0,0,1,0,-1.0000,3.0000,,50
129.1432,-1,0,0,1,0,-1.0000,3.0000,,50
129.1647,-1,0,0,1,0,-1.0000,3.0000,,50
129.1835,-1,0,0,1,0,-1.0000,3.0000,,50
129.2018,-1,0,0,1,0,-1.0000,3.0000,,50
129.2224,-1,0,0,1,0,-1.0000,3.0000,,50
129.2425,-1,0,0,1,0,-1.0000,3.0000,,50
129.2630,-1,0,0,1,0,-1.0000,3.0000,,50
129.2802,-1,0,0,1,0,-1.0000,3.0000,,50
129.3005,-1,0,0,1,0,-1.0000,3.0000,,50
129.3207,-1,0,0,1,0,-1.0000,3.0000,,50
129.3405,-1,0,0,1,0,-1.0000,3.0000,,50
129.3599,-1,0,0,1,0,-1.0000,3.0000,,50
129.3787,-1,0,0,1,0,-1.0000,3.0000,,50
129.4000,-1,0,0,1,0,-1.0000,3.0000,,50
129.4203,-1,0,0,1,0,-1.0000,3.0000,,50
129.4399,-1,0,0,1,0,-1.0000,3.0000,,50
129.4576,-1,0,0,1,0,-1.0000,3.0000,,50
129.4778,-1,0,0,1,0,-1.0000,3.0000,,50
129.4982,-1,0,0,1,0,-1.0000,3.0000,,50
129.5175,-1,0,0,1,0,-1.0000,3.0000,,50
129.5363,-1,0,0,1,0,-1.0000,3.0000,,50
129.5560,-1,0,0,1,0,-1.0000,3.0000,,50
129.5770,-1,0,0,1,0,-1.0000,3.0000,,50
129.5961,-1,0,0,1,1,0.6073,5.0000,,50
129.6161,-1,0,0,1,1,0.6073,6.0000,,50
129.6340,-1,0,0,1,0,0.6073,6.0000,,50
129.6551,-1,0,0,1,0,0.6073,6.0000,,50
129.6750,-1,0,0,1,0,0.6073,6.0000,,50
129.6945,-1,0,0,0,0,0.6073,6.0000,"avoided",50
129.7125,-1,0,0,0,0,0.6073,6.0000,"avoided",50
129.7325,-1,0,0,0,0,0.6073,5.0000,"avoided",50
129.7537,-1,0,0,0,0,0.6073,3.0000,"avoided",50
129.7736,-1,0,0,0,0,0.6073,3.0000,"avoided",50
129.7928,-1,0,0,0,0,0.6073,3.0000,"avoided",50
129.8115,-1,0,0,0,0,0.6073,3.0000,"avoided",50
129.8324,-1,0,0,0,0,0.6073,3.0000,"avoided",50
129.8511,-1,0,0,0,0,0.6073,3.0000,"avoided",50
129.8707,-1,0,0,0,0,0.6073,3.0000,"avoided",50
129.8898,-1,0,0,0,0,0.6073,3.0000,"avoided",50
129.9107,-1,0,0,0,0,0.6073,3.0000,"avoided",50
129.9309,-1,0,0,0,0,0.6073,3.0000,"avoided",50
129.9495,-1,0,0,0,0,0.6073,3.0000,"avoided",50
129.9680,-1,0,0,0,0,0.6073,3.0000,"avoided",50
129.9890,-1,0,0,0,0,0.6073,3.0000,"avoided",50
130.0085,-1,0,0,0,0,0.6073,3.0000,"avoided",50
130.0289,-1,0,0,0,0,0.6073,3.0000,"avoided",50
130.0489,-1,0,0,0,0,0.6073,3.0000,"avoided",50
130.0669,-1,0,0,0,1,0.6073,4.0000,"avoided",50
130.0876,-1,0,0,0,0,0.6073,4.0000,"avoided",50
130.1062,-1,0,0,0,0,0.6073,4.0000,"avoided",50
130.1243,-1,0,0,0,0,0.6073,4.0000,"avoided",50
130.1447,-1,0,0,0,0,0.6073,4.0000,"avoided",50
130.1664,-1,0,0,0,0,0.6073,4.0000,"avoided",50
130.1852,-1,0,0,0,0,0.6073,4.0000,"avoided",50
130.2059,-1,0,0,0,0,0.6073,4.0000,"avoided",50
130.2231,-1,0,0,0,0,0.6073,4.0000,"avoided",50
130.2439,-1,0,0,0,0,0.6073,4.0000,"avoided",50
130.2640,-1,0,0,0,0,0.6073,4.0000,"avoided",50
130.2843,-1,0,0,0,0,0.6073,4.0000,"avoided",50
130.3044,-1,0,0,0,0,0.6073,4.0000,"avoided",50
130.3233,-1,0,0,0,0,0.6073,4.0000,"avoided",50
130.3434,-1,0,0,0,0,0.6073,4.0000,"avoided",50
130.3637,-1,0,0,0,0,0.6073,4.0000,"avoided",50
130.3817,-1,0,0,0,0,0.6073,4.0000,"avoided",50
130.4016,-1,0,0,0,0,0.6073,4.0000,"avoided",50
130.4207,-1,0,0,0,0,0.6073,4.0000,"avoided",50
130.4409,-1,0,0,0,0,0.6073,4.0000,"avoided",50
130.4596,-1,0,0,0,0,0.6073,4.0000,"avoided",50
130.4788,-1,0,0,0,0,0.6073,4.0000,"avoided",50
130.4993,-1,0,0,0,0,0.6073,4.0000,"avoided",50
130.5185,-1,0,0,1,0,-1.0000,4.0000,,50
130.5380,-1,0,0,1,0,-1.0000,4.0000,,50
130.5572,-1,0,0,1,0,-1.0000,4.0000,,50
130.5758,-1,0,0,1,0,-1.0000,4.0000,,50
130.5970,-1,0,0,1,0,-1.0000,2.0000,,50
130.6153,-1,0,0,1,0,-1.0000,2.0000,,50
130.6346,-1,0,0,1,0,-1.0000,1.0000,,50
130.6547,-1,0,0,1,0,-1.0000,1.0000,,50
130.6754,-1,0,0,1,1,0.1568,2.0000,,50
130.6959,-1,0,0,1,0,0.1568,2.0000,,50
130.7167,-1,0,0,1,0,0.1568,2.0000,,50
130.7342,-1,0,0,1,0,0.1568,2.0000,,50
130.7556,-1,0,0,1,0,0.1568,2.0000,,50
130.7782,-1,0,0,1,0,0.1568,2.0000,,50
130.7970,-1,0,0,1,0,0.1568,2.0000,,50
130.8184,-1,0,0,1,0,0.1568,2.0000,,50
130.8395,-1,0,0,1,0,0.1568,2.0000,,50
130.8612,-1,0,0,1,0,0.1568,2.0000,,50
130.8864,-1,0,0,1,0,0.1568,2.0000,,50
130.9066,-1,0,0,1,0,0.1568,2.0000,,50
130.9314,-1,0,0,1,0,0.1568,2.0000,,50
130.9531,-1,0,0,1,0,0.1568,2.0000,,50
130.9751,-1,0,0,1,0,0.1568,2.0000,,50
130.9966,-1,0,0,1,0,0.1568,2.0000,,50
131.0182,-1,0,0,1,0,0.1568,2.0000,"hit",51
131.0405,-1,0,0,1,0,0.1568,2.0000,"hit",51
131.0604,-1,0,0,1,0,0.1568,2.0000,"hit",51
131.0811,-1,0,0,1,0,0.1568,1.0000,"hit",51
131.1026,-1,0,0,1,0,0.1568,1.0000,"hit",51
131.1230,-1,0,0,1,0,0.1568,1.0000,"hit",51
131.1439,-1,0,0,1,0,0.1568,1.0000,"hit",51
131.1647,-1,0,0,1,0,0.1568,1.0000,"hit",51
131.1860,-1,0,0,1,0,0.1568,1.0000,"hit",51
131.2071,-1,0,0,1,0,0.1568,1.0000,"hit",51
131.2262,-1,0,0,1,0,0.1568,1.0000,"hit",51
131.2498,-1,0,0,1,0,0.1568,1.0000,"hit",51
131.2706,-1,0,0,1,0,0.1568,1.0000,"hit",51
131.2917,-1,0,0,0,0,0.1568,1.0000,"hit",51
131.3133,-1,0,0,0,0,0.1568,1.0000,"hit",51
131.3332,-1,0,0,0,0,0.1568,1.0000,"hit",51
131.3548,-1,0,0,0,0,0.1568,1.0000,"hit",51
131.3767,-1,0,0,0,0,0.1568,1.0000,"hit",51
131.3974,-1,0,0,0,0,0.1568,1.0000,"hit",51
131.4194,-1,0,0,0,0,0.1568,1.0000,"hit",51
131.4437,-1,0,0,0,0,0.1568,1.0000,"hit",51
131.4644,-1,0,0,0,0,0.1568,1.0000,"hit",51
131.4845,-1,0,0,0,0,0.1568,1.0000,"hit",51
131.5040,-1,0,0,0,0,0.1568,1.0000,"hit",51
131.5327,-1,0,0,0,0,0.1568,1.0000,"hit",51
131.5553,-1,0,0,0,0,0.1568,1.0000,"hit",51
131.5770,-1,0,0,0,0,0.1568,1.0000,"hit",51
131.5976,-1,0,0,0,0,0.1568,1.0000,"hit",51
131.6172,-1,0,0,1,0,-1.0000,1.0000,,51
131.6391,-1,0,0,1,0,-1.0000,1.0000,,51
131.6585,-1,0,0,1,0,-1.0000,1.0000,,51
131.6794,-1,0,0,1,0,-1.0000,0.0000,,51
131.7003,-1,0,0,1,0,-1.0000,0.0000,,51
131.7201,-1,0,0,1,0,-1.0000,0.0000,,51
131.7409,-1,0,0,1,0,-1.0000,0.0000,,51
131.7612,-1,0,0,1,0,-1.0000,0.0000,,51
131.7814,-1,0,0,1,0,-1.0000,0.0000,,51
131.8017,-1,0,0,1,0,-1.0000,0.0000,,51
131.8223,-1,0,0,1,0,-1.0000,0.0000,,51
131.8444,-1,0,0,1,1,0.2272,1.0000,,51
131.8636,-1,0,0,1,0,0.2272,1.0000,,51
131.8838,-1,0,0,1,0,0.2272,1.0000,,51
131.9052,-1,0,0,1,0,0.2272,1.0000,,51
131.9259,-1,0,0,1,0,0.2272,1.0000,,51
131.9454,-1,0,0,1,0,0.2272,1.0000,,51
131.9661,-1,0,0,1,0,0.2272,1.0000,,51
131.9855,-1,0,0,1,0,0.2272,1.0000,,51
132.0069,-1,0,0,1,0,0.2272,1.0000,,51
132.0269,-1,0,0,1,0,0.2272,1.0000,,51
132.0468,-1,0,0,1,0,0.2272,1.0000,,51
132.0676,-1,0,0,1,0,0.2272,1.0000,,51
132.0893,-1,0,0,1,0,0.2272,1.0000,,51
132.1091,-1,0,0,1,0,0.2272,1.0000,,51
132.1302,-1,0,0,1,0,0.2272,1.0000,,51
132.1510,-1,0,0,1,0,0.2272,1.0000,,51
132.1711,-1,0,0,1,0,0.2272,1.0000,,51
132.1911,-1,0,0,1,0,0.2272,1.0000,,51
132.2116,-1,0,0,1,0,0.2272,1.0000,,51
132.2328,-1,0,0,1,0,0.2272,1.0000,,51
132.2538,-1,0,0,1,0,0.2272,1.0000,,51
132.2756,-1,0,0,1,0,0.2272,1.0000,,51
132.2953,-1,0,0,1,0,0.2272,1.0000,,52
132.3150,-1,0,0,1,0,0.2272,1.0000,,52
132.3357,-1,0,0,1,0,0.2272,1.0000,,52
132.3566,-1,0,0,1,0,0.2272,1.0000,,52
132.3769,-1,0,0,1,0,0.2272,1.0000,,52
132.3967,-1,0,0,1,0,0.2272,1.0000,,52
132.4177,-1,0,0,1,0,0.2272,1.0000,,52
132.4382,-1,0,0,1,0,0.2272,1.0000,,52
132.4579,-1,0,0,1,0,0.2272,1.0000,,52
132.4791,-1,0,0,1,0,0.2272,1.0000,,52
132.4992,-1,0,0,1,0,0.2272,1.0000,,52
132.5206,-1,0,0,1,0,0.2272,1.0000,,52
132.5406,-1,0,0,0,0,0.2272,1.0000,"avoided",52
132.5606,-1,0,0,0,0,0.2272,1.0000,"avoided",52
132.5808,-1,0,0,0,0,0.2272,1.0000,"avoided",52
132.6035,-1,0,0,0,0,0.2272,1.0000,"avoided",52
132.6253,-1,0,0,0,0,0.2272,1.0000,"avoided",52
132.6465,-1,0,0,0,0,0.2272,1.0000,"avoided",52
132.6668,-1,0,0,0,0,0.2272,1.0000,"avoided",52
132.6863,-1,0,0,0,0,0.2272,1.0000,"avoided",52
132.7074,-1,0,0,0,0,0.2272,1.0000,"avoided",52
132.7268,-1,0,0,0,0,0.2272,1.0000,"avoided",52
132.7482,-1,0,0,0,0,0.2272,1.0000,"avoided",52
132.7691,-1,0,0,0,0,0.2272,1.0000,"avoided",52
132.7895,-1,0,0,0,0,0.2272,1.0000,"avoided",52
132.8096,-1,0,0,0,0,0.2272,1.0000,"avoided",52
132.8302,-1,0,0,0,0,0.2272,1.0000,"avoided",52
132.8497,-1,0,0,0,0,0.2272,0.0000,"avoided",52
132.8696,-1,0,0,0,0,0.2272,0.0000,"avoided",52
132.8903,-1,0,0,0,0,0.2272,0.0000,"avoided",52
132.9102,-1,0,0,0,0,0.2272,0.0000,"avoided",52
132.9310,-1,0,0,0,0,0.2272,0.0000,"avoided",52
132.9507,-1,0,0,0,0,0.2272,0.0000,"avoided",52
132.9716,-1,0,0,0,0,0.2272,0.0000,"avoided",52
132.9920,-1,0,0,0,0,0.2272,0.0000,"avoided",52
133.0131,-1,0,0,0,0,0.2272,0.0000,"avoided",52
133.0324,-1,0,0,0,0,0.2272,0.0000,"avoided",52
133.0538,-1,0,0,0,0,0.2272,0.0000,"avoided",52
133.0723,-1,0,0,0,0,0.2272,0.0000,"avoided",52
133.0950,-1,0,0,0,0,0.2272,0.0000,"avoided",52
133.1131,-1,0,0,0,0,0.2272,0.0000,"avoided",52
133.1357,-1,0,0,0,0,0.2272,0.0000,"avoided",52
133.1556,-1,0,0,0,0,0.2272,0.0000,"avoided",52
133.1765,-1,0,0,0,0,0.2272,0.0000,"avoided",52
133.1964,-1,0,0,0,0,0.2272,0.0000,"avoided",52
133.2170,-1,0,0,0,0,0.2272,0.0000,"avoided",52
133.2372,-1,0,0,0,0,0.2272,0.0000,"avoided",52
133.2575,-1,0,0,0,0,0.2272,0.0000,"avoided",52
133.2792,-1,0,0,0,0,0.2272,0.0000,"avoided",52
133.2986,-1,0,0,0,0,0.2272,0.0000,"avoided",52
133.3191,-1,0,0,0,0,0.2272,0.0000,"avoided",52
133.3395,-1,0,0,0,0,0.2272,0.0000,"avoided",52
133.3591,-1,0,0,0,0,0.2272,0.0000,"avoided",52
133.3790,-1,0,0,0,0,0.2272,0.0000,"avoided",52
133.4005,-1,0,0,0,0,0.2272,0.0000,"avoided",52
133.4193,-1,0,0,0,0,0.2272,0.0000,"avoided",52
133.4407,-1,0,0,0,0,0.2272,0.0000,"avoided",52
133.4599,-1,0,0,0,0,0.2272,0.0000,"avoided",52
133.4801,-1,0,0,0,0,0.2272,0.0000,"avoided",52
133.5001,-1,0,0,0,0,0.2272,0.0000,"avoided",52
133.5207,-1,0,0,0,0,0.2272,0.0000,"avoided",52
133.5406,-1,0,0,0,0,0.2272,0.0000,"avoided",52
133.5607,-1,0,0,0,0,0.2272,0.0000,"avoided",52
133.5806,-1,0,0,0,0,0.2272,0.0000,"avoided",52
133.6014,-1,0,0,0,0,0.2272,0.0000,"avoided",52
133.6214,-1,0,0,0,0,0.2272,0.0000,"avoided",52
133.6424,-1,0,0,0,0,0.2272,0.0000,"avoided",52
133.6630,-1,0,0,0,0,0.2272,0.0000,"avoided",52
133.6819,-1,0,0,0,0,0.2272,0.0000,"avoided",52
133.7021,-1,0,0,0,0,0.2272,0.0000,"avoided",52
133.7215,-1,0,0,0,0,0.2272,0.0000,"avoided",52
133.7422,-1,0,0,0,0,0.2272,0.0000,"avoided",52
133.7624,-1,0,0,0,0,0.2272,0.0000,"avoided",52
133.7827,-1,0,0,0,0,0.2272,0.0000,"avoided",52
133.8023,-1,0,0,0,0,0.2272,0.0000,"avoided",52
133.8226,-1,0,0,0,0,0.2272,0.0000,"avoided",52
133.8425,-1,0,0,0,0,0.2272,0.0000,"avoided",52
133.8621,-1,0,0,0,0,0.2272,0.0000,"avoided",52
133.8823,-1,0,0,0,0,0.2272,0.0000,"avoided",52
133.9019,-1,0,0,0,0,0.2272,0.0000,"avoided",52
133.9218,-1,0,0,0,0,0.2272,0.0000,"avoided",52
133.9416,-1,0,0,0,0,0.2272,0.0000,"avoided",52
133.9632,-1,0,0,0,0,0.2272,0.0000,"avoided",52
133.9829,-1,0,0,0,0,0.2272,0.0000,"avoided",52
134.0020,-1,0,0,1,0,-1.0000,0.0000,,52
134.0222,-1,0,0,1,0,-1.0000,0.0000,,52
134.0421,-1,0,0,1,0,-1.0000,0.0000,,52
134.0620,-1,0,0,1,0,-1.0000,0.0000,,52
134.0831,-1,0,0,1,0,-1.0000,0.0000,,52
134.1037,-1,0,0,1,0,-1.0000,0.0000,,52
134.1243,-1,0,0,1,0,-1.0000,0.0000,,52
134.1450,-1,0,0,1,0,-1.0000,0.0000,,52
134.1648,-1,0,0,1,0,-1.0000,0.0000,,52
134.1854,-1,0,0,1,0,-1.0000,0.0000,,52
134.2069,-1,0,0,1,0,-1.0000,0.0000,,52
134.2273,-1,0,0,1,0,-1.0000,0.0000,,52
134.2474,-1,0,0,1,0,-1.0000,0.0000,,52
134.2687,-1,0,0,1,0,-1.0000,0.0000,,52
134.2895,-1,0,0,1,0,-1.0000,0.0000,,52
134.3107,-1,0,0,1,0,-1.0000,0.0000,,52
134.3298,-1,0,0,1,0,-1.0000,0.0000,,52
134.3502,-1,0,0,1,0,-1.0000,0.0000,,52
134.3700,-1,0,0,1,0,-1.0000,0.0000,,52
134.3906,-1,0,0,1,0,-1.0000,0.0000,,52
134.4118,-1,0,0,1,0,-1.0000,0.0000,,52
134.4324,-1,0,0,1,0,-1.0000,0.0000,,53
134.4544,-1,0,0,1,0,-1.0000,0.0000,,53
134.4757,-1,0,0,1,0,-1.0000,0.0000,,53
134.4952,-1,0,0,1,0,-1.0000,0.0000,,53
134.5160,-1,0,0,1,0,-1.0000,0.0000,,53
134.5361,-1,0,0,1,0,-1.0000,0.0000,,53
134.5584,-1,0,0,1,0,-1.0000,0.0000,,53
134.5787,-1,0,0,1,0,-1.0000,0.0000,,53
134.5989,-1,0,0,1,0,-1.0000,0.0000,,53
134.6205,-1,0,0,0,0,-1.0000,0.0000,"avoided",53
134.6413,-1,0,0,0,0,-1.0000,0.0000,"avoided",53
134.6612,-1,0,0,0,0,-1.0000,0.0000,"avoided",53
134.6836,-1,0,0,0,0,-1.0000,0.0000,"avoided",53
134.7041,-1,0,0,0,0,-1.0000,0.0000,"avoided",53
134.7249,-1,0,0,0,0,-1.0000,0.0000,"avoided",53
134.7461,-1,0,0,0,0,-1.0000,0.0000,"avoided",53
134.7664,-1,0,0,0,0,-1.0000,0.0000,"avoided",53
134.7866,-1,0,0,0,0,-1.0000,0.0000,"avoided",53
134.8085,-1,0,0,0,0,-1.0000,0.0000,"avoided",53
134.8281,-1,0,0,1,0,-1.0000,0.0000,,53
134.8488,-1,0,0,1,0,-1.0000,0.0000,,53
134.8690,-1,0,0,1,0,-1.0000,0.0000,,53
134.8896,-1,0,0,1,0,-1.0000,0.0000,,53
134.9099,-1,0,0,1,0,-1.0000,0.0000,,53
134.9311,-1,0,0,1,0,-1.0000,0.0000,,53
134.9520,-1,0,0,1,0,-1.0000,0.0000,,53
134.9739,-1,0,0,1,0,-1.0000,0.0000,,53
134.9930,-1,0,0,1,0,-1.0000,0.0000,,53
135.0111,-1,0,0,1,0,-1.0000,0.0000,,53
135.0348,-1,0,0,1,0,-1.0000,0.0000,,53
135.0555,-1,0,0,1,0,-1.0000,0.0000,,53
135.0746,-1,0,0,1,0,-1.0000,0.0000,,53
135.0959,-1,0,0,1,0,-1.0000,0.0000,,53
135.1163,-1,0,0,1,0,-1.0000,0.0000,,53
135.1361,-1,0,0,1,0,-1.0000,0.0000,,53
135.1593,-1,0,0,1,0,-1.0000,0.0000,,53
135.1785,-1,0,0,1,0,-1.0000,0.0000,,53
135.1999,-1,0,0,1,0,-1.0000,0.0000,,53
135.2210,-1,0,0,1,0,-1.0000,0.0000,,53
135.2416,-1,0,0,1,0,-1.0000,0.0000,,53
135.2628,-1,0,0,1,0,-1.0000,0.0000,,53
135.2831,-1,0,0,1,0,-1.0000,0.0000,,53
135.3022,-1,0,0,1,0,-1.0000,0.0000,,53
135.3239,-1,0,0,1,0,-1.0000,0.0000,,53
135.3447,-1,0,0,0,0,-1.0000,0.0000,"avoided",54
135.3646,-1,0,0,0,0,-1.0000,0.0000,"avoided",54
135.3851,-1,0,0,0,0,-1.0000,0.0000,"avoided",54
135.4084,-1,0,0,0,0,-1.0000,0.0000,"avoided",54
135.4257,-1,0,0,0,0,-1.0000,0.0000,"avoided",54
135.4452,-1,0,0,0,0,-1.0000,0.0000,"avoided",54
135.4673,-1,0,0,0,0,-1.0000,0.0000,"avoided",54
135.4872,-1,0,0,0,0,-1.0000,0.0000,"avoided",54
135.5068,-1,0,0,0,0,-1.0000,0.0000,"avoided",54
135.5277,-1,0,0,0,0,-1.0000,0.0000,"avoided",54
135.5465,-1,0,0,0,0,-1.0000,0.0000,"avoided",54
135.5670,-1,0,0,0,0,-1.0000,0.0000,"avoided",54
135.5878,-1,0,0,0,0,-1.0000,0.0000,"avoided",54
135.6086,-1,0,0,0,0,-1.0000,0.0000,"avoided",54
135.6290,-1,0,0,0,0,-1.0000,0.0000,"avoided",54
135.6490,-1,0,0,0,0,-1.0000,0.0000,"avoided",54
135.6695,-1,0,0,0,0,-1.0000,0.0000,"avoided",54
135.6890,-1,0,0,0,0,-1.0000,0.0000,"avoided",54
135.7102,-1,0,0,0,0,-1.0000,0.0000,"avoided",54
135.7312,-1,0,0,0,0,-1.0000,0.0000,"avoided",54
135.7495,-1,0,0,0,0,-1.0000,0.0000,"avoided",54
135.7698,-1,0,0,0,0,-1.0000,0.0000,"avoided",54
135.7913,-1,0,0,0,0,-1.0000,0.0000,"avoided",54
135.8129,-1,0,0,0,0,-1.0000,0.0000,"avoided",54
135.8326,-1,0,0,0,0,-1.0000,0.0000,"avoided",54
135.8535,-1,0,0,0,0,-1.0000,0.0000,"avoided",54
135.8760,-1,0,0,0,0,-1.0000,0.0000,"avoided",54
135.8974,-1,0,0,0,0,-1.0000,0.0000,"avoided",54
135.9193,-1,0,0,0,0,-1.0000,0.0000,"avoided",54
135.9425,-1,0,0,0,0,-1.0000,0.0000,"avoided",54
135.9629,-1,0,0,0,0,-1.0000,0.0000,"avoided",54
135.9860,-1,0,0,0,0,-1.0000,0.0000,"avoided",54
136.0078,-1,0,0,0,0,-1.0000,0.0000,"avoided",54
136.0293,-1,0,0,0,0,-1.0000,0.0000,"avoided",54
136.0513,-1,0,0,0,0,-1.0000,0.0000,"avoided",54
136.0719,-1,0,0,1,0,-1.0000,0.0000,,54
136.0920,-1,0,0,1,0,-1.0000,0.0000,,54
136.1095,-1,0,0,1,0,-1.0000,0.0000,,54
136.1305,-1,0,0,1,0,-1.0000,0.0000,,54
136.1498,-1,0,0,1,0,-1.0000,0.0000,,54
136.1695,-1,0,0,1,0,-1.0000,0.0000,,54
136.1898,-1,0,0,1,0,-1.0000,0.0000,,54
136.2096,-1,0,0,1,0,-1.0000,0.0000,,54
136.2307,-1,0,0,1,0,-1.0000,0.0000,,54
136.2514,-1,0,0,1,0,-1.0000,0.0000,,54
136.2697,-1,0,0,1,0,-1.0000,0.0000,,54
136.2881,-1,0,0,1,0,-1.0000,0.0000,,54
136.3102,-1,0,0,0,0,-1.0000,0.0000,"avoided",54
136.3295,-1,0,0,0,0,-1.0000,0.0000,"avoided",54
136.3478,-1,0,0,0,0,-1.0000,0.0000,"avoided",54
136.3672,-1,0,0,0,0,-1.0000,0.0000,"avoided",54
136.3873,-1,0,0,0,0,-1.0000,0.0000,"avoided",54
136.4066,-1,0,0,0,0,-1.0000,0.0000,"avoided",54
136.4253,-1,0,0,0,0,-1.0000,0.0000,"avoided",54
136.4452,-1,0,0,0,0,-1.0000,0.0000,"avoided",54
136.4640,-1,0,0,0,0,-1.0000,0.0000,"avoided",54
136.4828,-1,0,0,0,0,-1.0000,0.0000,"avoided",54
136.5018,-1,0,0,0,0,-1.0000,0.0000,"avoided",54
136.5205,-1,0,0,0,0,-1.0000,0.0000,"avoided",54
136.5483,-1,0,0,0,0,-1.0000,0.0000,"avoided",54
136.5680,-1,0,0,0,0,-1.0000,0.0000,"avoided",54
136.5877,-1,0,0,0,1,-1.0000,1.0000,"avoided",54
136.6085,-1,0,0,0,0,-1.0000,1.0000,"avoided",54
136.6288,-1,0,0,0,0,-1.0000,1.0000,"avoided",54
136.6495,-1,0,0,0,0,-1.0000,1.0000,"avoided",54
136.6683,-1,0,0,0,0,-1.0000,1.0000,"avoided",54
136.6899,-1,0,0,0,0,-1.0000,1.0000,"avoided",54
136.7121,-1,0,0,0,0,-1.0000,1.0000,"avoided",54
136.7320,-1,0,0,0,0,-1.0000,1.0000,"avoided",54
136.7512,-1,0,0,0,0,-1.0000,1.0000,"avoided",54
136.7726,-1,0,0,0,0,-1.0000,1.0000,"avoided",54
136.7916,-1,0,0,0,0,-1.0000,1.0000,"avoided",54
136.8117,-1,0,0,0,0,-1.0000,1.0000,"avoided",54
136.8333,-1,0,0,0,0,-1.0000,1.0000,"avoided",54
136.8542,-1,0,0,0,0,-1.0000,1.0000,"avoided",54
136.8743,-1,0,0,0,0,-1.0000,1.0000,"avoided",54
136.8958,-1,0,0,0,0,-1.0000,1.0000,"avoided",54
136.9162,-1,0,0,0,0,-1.0000,1.0000,"avoided",54
136.9343,-1,0,0,0,0,-1.0000,1.0000,"avoided",54
136.9553,-1,0,0,0,0,-1.0000,1.0000,"avoided",54
136.9744,-1,0,0,0,0,-1.0000,1.0000,"avoided",54
136.9934,-1,0,0,0,0,-1.0000,1.0000,"avoided",54
137.0139,-1,0,0,0,0,-1.0000,1.0000,"avoided",54
137.0342,-1,0,0,0,0,-1.0000,1.0000,"avoided",54
137.0548,-1,0,0,0,0,-1.0000,1.0000,"avoided",54
137.0764,-1,0,0,1,0,-1.0000,1.0000,,54
137.0942,-1,0,0,1,0,-1.0000,1.0000,,54
137.1148,-1,0,0,1,0,-1.0000,1.0000,,54
137.1373,-1,0,0,1,0,-1.0000,1.0000,,54
137.1600,-1,0,0,1,0,-1.0000,1.0000,"hit",55
137.1810,-1,0,0,1,0,-1.0000,1.0000,"hit",55
137.2044,-1,0,0,1,0,-1.0000,1.0000,"hit",55
137.2321,-1,0,0,1,0,-1.0000,1.0000,"hit",55
137.2549,-1,0,0,1,0,-1.0000,1.0000,"hit",55
137.2789,-1,0,0,1,0,-1.0000,1.0000,"hit",55
137.3021,-1,0,0,1,1,0.2256,2.0000,"hit",55
137.3228,-1,0,0,1,0,0.2256,2.0000,"hit",55
137.3467,-1,0,0,1,0,0.2256,2.0000,"hit",55
137.3690,-1,0,0,1,0,0.2256,2.0000,"hit",55
137.3914,-1,0,0,1,0,0.2256,2.0000,"hit",55
137.4115,-1,0,0,1,0,0.2256,2.0000,"hit",55
137.4332,-1,0,0,1,0,0.2256,2.0000,"hit",55
137.4540,-1,0,0,1,0,0.2256,2.0000,"hit",55
137.4747,-1,0,0,1,0,0.2256,2.0000,"hit",55
137.4952,-1,0,0,1,0,0.2256,2.0000,"hit",55
137.5151,-1,0,0,1,0,0.2256,2.0000,"hit",55
137.5348,-1,0,0,1,0,0.2256,2.0000,"hit",55
137.5560,-1,0,0,1,0,0.2256,2.0000,"hit",55
137.5765,-1,0,0,1,0,0.2256,2.0000,"hit",55
137.5976,-1,0,0,1,0,0.2256,1.0000,"hit",55
137.6192,-1,0,0,0,0,0.2256,1.0000,"hit",55
137.6391,-1,0,0,0,0,0.2256,1.0000,"hit",55
137.6603,-1,0,0,0,0,0.2256,1.0000,"hit",55
137.6795,-1,0,0,0,0,0.2256,1.0000,"hit",55
137.7010,-1,0,0,0,0,0.2256,1.0000,"hit",55
137.7217,-1,0,0,0,0,0.2256,1.0000,"hit",55
137.7419,-1,0,0,0,0,0.2256,1.0000,"hit",55
137.7617,-1,0,0,0,0,0.2256,1.0000,"hit",55
137.7809,-1,0,0,0,0,0.2256,1.0000,"hit",55
137.7999,-1,0,0,0,0,0.2256,1.0000,"hit",55
137.8205,-1,0,0,0,0,0.2256,1.0000,"hit",55
137.8401,-1,0,0,1,0,-1.0000,1.0000,,55
137.8601,-1,0,0,1,0,-1.0000,1.0000,,55
137.8789,-1,0,0,1,0,-1.0000,1.0000,,55
137.8990,-1,0,0,1,0,-1.0000,1.0000,,55
137.9190,-1,0,0,1,0,-1.0000,1.0000,,55
137.9377,-1,0,0,1,0,-1.0000,1.0000,,55
137.9574,-1,0,0,1,0,-1.0000,1.0000,,55
137.9763,-1,0,0,1,0,-1.0000,1.0000,,55
137.9987,-1,0,0,1,0,-1.0000,1.0000,,55
138.0180,-1,0,0,1,0,-1.0000,1.0000,,55
138.0374,-1,0,0,1,0,-1.0000,1.0000,,55
138.0576,-1,0,0,1,0,-1.0000,1.0000,,55
138.0766,-1,0,0,1,0,-1.0000,1.0000,,55
138.0970,-1,0,0,1,0,-1.0000,1.0000,,55
138.1156,-1,0,0,1,0,-1.0000,1.0000,,55
138.1355,-1,0,0,1,0,-1.0000,1.0000,,55
138.1552,-1,0,0,1,0,-1.0000,1.0000,,55
138.1749,-1,0,0,1,0,-1.0000,1.0000,,55
138.1943,-1,0,0,1,0,-1.0000,1.0000,,55
138.2136,-1,0,0,1,0,-1.0000,1.0000,,55
138.2314,-1,0,0,1,0,-1.0000,1.0000,,55
138.2553,-1,0,0,1,0,-1.0000,1.0000,,55
138.2750,-1,0,0,1,0,-1.0000,1.0000,,55
138.2945,-1,0,0,1,0,-1.0000,1.0000,,55
138.3117,-1,0,0,1,0,-1.0000,0.0000,,55
138.3320,-1,0,0,1,0,-1.0000,0.0000,,55
138.3532,-1,0,0,1,0,-1.0000,0.0000,,55
138.3719,-1,0,0,1,0,-1.0000,0.0000,,55
138.3915,-1,0,0,1,0,-1.0000,0.0000,,55
138.4094,-1,0,0,1,0,-1.0000,0.0000,,55
138.4306,-1,0,0,1,0,-1.0000,0.0000,,55
138.4491,-1,0,0,1,0,-1.0000,0.0000,,55
138.4691,-1,0,0,1,0,-1.0000,0.0000,,55
138.4874,-1,0,0,1,0,-1.0000,0.0000,,55
138.5088,-1,0,0,1,0,-1.0000,0.0000,,55
138.5270,-1,0,0,1,0,-1.0000,0.0000,,55
138.5470,-1,0,0,1,0,-1.0000,0.0000,,55
138.5658,-1,0,0,1,0,-1.0000,0.0000,,55
138.5873,-1,0,0,1,0,-1.0000,0.0000,,55
138.6086,-1,0,0,1,0,-1.0000,0.0000,,55
138.6277,-1,0,0,0,0,-1.0000,0.0000,"avoided",55
138.6553,-1,0,0,0,0,-1.0000,0.0000,"avoided",55
138.6868,-1,0,0,0,0,-1.0000,0.0000,"avoided",55
138.7187,-1,0,0,0,0,-1.0000,0.0000,"avoided",55
138.7431,-1,0,0,0,0,-1.0000,0.0000,"avoided",55
138.7655,-1,0,0,0,0,-1.0000,0.0000,"avoided",55
138.7855,-1,0,0,0,0,-1.0000,0.0000,"avoided",55
138.8063,-1,0,0,0,0,-1.0000,0.0000,"avoided",55
138.8269,-1,0,0,0,0,-1.0000,0.0000,"avoided",55
138.8468,-1,0,0,0,0,-1.0000,0.0000,"avoided",55
138.8671,-1,0,0,0,0,-1.0000,0.0000,"avoided",55
138.8876,-1,0,0,0,0,-1.0000,0.0000,"avoided",55
138.9053,-1,0,0,0,0,-1.0000,0.0000,"avoided",55
138.9268,-1,0,0,0,0,-1.0000,0.0000,"avoided",55
138.9440,-1,0,0,0,0,-1.0000,0.0000,"avoided",55
138.9655,-1,0,0,0,0,-1.0000,0.0000,"avoided",55
138.9845,-1,0,0,0,0,-1.0000,0.0000,"avoided",55
139.0052,-1,0,0,0,0,-1.0000,0.0000,"avoided",55
139.0250,-1,0,0,0,0,-1.0000,0.0000,"avoided",55
139.0441,-1,0,0,0,0,-1.0000,0.0000,"avoided",55
139.0645,-1,0,0,0,0,-1.0000,0.0000,"avoided",55
139.0849,-1,0,0,0,0,-1.0000,0.0000,"avoided",55
139.1039,-1,0,0,0,0,-1.0000,0.0000,"avoided",55
139.1231,-1,0,0,0,0,-1.0000,0.0000,"avoided",55
139.1428,-1,0,0,0,0,-1.0000,0.0000,"avoided",55
139.1651,-1,0,0,0,0,-1.0000,0.0000,"avoided",56
139.1842,-1,0,0,0,0,-1.0000,0.0000,"avoided",56
139.2042,-1,0,0,0,0,-1.0000,0.0000,"avoided",56
139.2243,-1,0,0,0,0,-1.0000,0.0000,"avoided",56
139.2426,-1,0,0,0,0,-1.0000,0.0000,"avoided",56
139.2649,-1,0,0,0,0,-1.0000,0.0000,"avoided",56
139.2855,-1,0,0,0,0,-1.0000,0.0000,"avoided",56
139.3053,-1,0,0,0,0,-1.0000,0.0000,"avoided",56
139.3257,-1,0,0,0,0,-1.0000,0.0000,"avoided",56
139.3464,-1,0,0,0,0,-1.0000,0.0000,"avoided",56
139.3664,-1,0,0,0,0,-1.0000,0.0000,"avoided",56
139.3872,-1,0,0,0,0,-1.0000,0.0000,"avoided",56
139.4082,-1,0,0,0,0,-1.0000,0.0000,"avoided",56
139.4277,-1,0,0,0,0,-1.0000,0.0000,"avoided",56
139.4476,-1,0,0,0,0,-1.0000,0.0000,"avoided",56
139.4673,-1,0,0,0,0,-1.0000,0.0000,"avoided",56
139.4909,-1,0,0,0,0,-1.0000,0.0000,"avoided",56
139.5091,-1,0,0,0,0,-1.0000,0.0000,"avoided",56
139.5303,-1,0,0,0,0,-1.0000,0.0000,"avoided",56
139.5515,-1,0,0,0,0,-1.0000,0.0000,"avoided",56
139.5693,-1,0,0,0,0,-1.0000,0.0000,"avoided",56
139.5889,-1,0,0,0,0,-1.0000,0.0000,"avoided",56
139.6116,-1,0,0,0,0,-1.0000,0.0000,"avoided",56
139.6324,-1,0,0,0,0,-1.0000,0.0000,"avoided",56
139.6532,-1,0,0,0,0,-1.0000,0.0000,"avoided",56
139.6741,-1,0,0,0,0,-1.0000,0.0000,"avoided",56
139.6940,-1,0,0,0,0,-1.0000,0.0000,"avoided",56
139.7138,-1,0,0,0,0,-1.0000,0.0000,"avoided",56
139.7332,-1,0,0,0,0,-1.0000,0.0000,"avoided",56
139.7547,-1,0,0,0,0,-1.0000,0.0000,"avoided",56
139.7743,-1,0,0,0,0,-1.0000,0.0000,"avoided",56
139.7935,-1,0,0,0,0,-1.0000,0.0000,"avoided",56
139.8115,-1,0,0,0,0,-1.0000,0.0000,"avoided",56
139.8322,-1,0,0,0,0,-1.0000,0.0000,"avoided",56
139.8528,-1,0,0,0,1,-1.0000,1.0000,"avoided",56
139.8729,-1,0,0,0,0,-1.0000,1.0000,"avoided",56
139.8913,-1,0,0,0,0,-1.0000,1.0000,"avoided",56
139.9112,-1,0,0,0,0,-1.0000,1.0000,"avoided",56
139.9317,-1,0,0,0,0,-1.0000,1.0000,"avoided",56
139.9521,-1,0,0,1,0,-1.0000,1.0000,,56
139.9726,-1,0,0,1,0,-1.0000,1.0000,,56
139.9898,-1,0,0,1,0,-1.0000,1.0000,,56
140.0121,-1,0,0,1,0,-1.0000,1.0000,,56
140.0314,-1,0,0,1,0,-1.0000,1.0000,,56
140.0512,-1,0,0,1,0,-1.0000,1.0000,,56
140.0718,-1,0,0,1,0,-1.0000,1.0000,,56
140.0895,-1,0,0,1,0,-1.0000,1.0000,,56
140.1114,-1,0,0,1,0,-1.0000,1.0000,,56
140.1289,-1,0,0,1,0,-1.0000,1.0000,,56
140.1827,-1,0,0,1,0,-1.0000,1.0000,,56
140.1986,-1,0,0,1,0,-1.0000,1.0000,,56
140.2520,-1,0,0,1,0,-1.0000,1.0000,,56
140.2684,-1,0,0,1,0,-1.0000,1.0000,,56
140.3236,-1,0,0,1,0,-1.0000,1.0000,,56
140.3435,-1,0,0,1,0,-1.0000,1.0000,,56
140.3647,-1,0,0,1,0,-1.0000,1.0000,,56
140.3856,-1,0,0,1,0,-1.0000,1.0000,,56
140.4057,-1,0,0,1,0,-1.0000,1.0000,,56
140.4268,-1,0,0,1,0,-1.0000,1.0000,,56
140.4457,-1,0,0,1,0,-1.0000,1.0000,,56
140.4674,-1,0,0,1,0,-1.0000,1.0000,,56
140.4903,-1,0,0,1,0,-1.0000,1.0000,,56
140.5107,-1,0,0,1,0,-1.0000,1.0000,,56
140.5319,-1,0,0,1,0,-1.0000,1.0000,,56
140.5524,-1,0,0,1,0,-1.0000,1.0000,,56
140.5726,-1,0,0,1,0,-1.0000,1.0000,,56
140.5923,-1,0,0,1,0,-1.0000,1.0000,,56
140.6123,-1,0,0,1,0,-1.0000,1.0000,,56
140.6350,-1,0,0,1,0,-1.0000,1.0000,,56
140.6596,-1,0,0,1,0,-1.0000,1.0000,,56
140.6801,-1,0,0,1,0,-1.0000,1.0000,,56
140.7020,-1,0,0,1,0,-1.0000,1.0000,,56
140.7227,-1,0,0,1,0,-1.0000,1.0000,,56
140.7452,-1,0,0,1,0,-1.0000,1.0000,,56
140.7653,-1,0,0,1,0,-1.0000,1.0000,,56
140.7853,-1,0,0,1,0,-1.0000,1.0000,,56
140.8068,-1,0,0,1,0,-1.0000,1.0000,,56
140.8290,-1,0,0,1,0,-1.0000,1.0000,,56
140.8504,-1,0,0,1,0,-1.0000,1.0000,,56
140.8716,-1,0,0,1,0,-1.0000,0.0000,,56
140.8918,-1,0,0,1,0,-1.0000,0.0000,,56
140.9123,-1,0,0,1,0,-1.0000,0.0000,,56
140.9350,-1,0,0,1,0,-1.0000,0.0000,,56
140.9552,-1,0,0,1,0,-1.0000,0.0000,,56
140.9726,-1,0,0,1,0,-1.0000,0.0000,,56
140.9940,-1,0,0,1,0,-1.0000,0.0000,,56
141.0126,-1,0,0,1,0,-1.0000,0.0000,,56
141.0339,-1,0,0,1,0,-1.0000,0.0000,,56
141.0553,-1,0,0,1,0,-1.0000,0.0000,,56
141.0732,-1,0,0,1,0,-1.0000,0.0000,,56
141.0941,-1,0,0,1,0,-1.0000,0.0000,,56
141.1133,-1,0,0,1,0,-1.0000,0.0000,,56
141.1358,-1,0,0,1,0,-1.0000,0.0000,,56
141.1555,-1,0,0,1,0,-1.0000,0.0000,,56
141.1754,-1,0,0,1,0,-1.0000,0.0000,,56
141.1972,-1,0,0,1,0,-1.0000,0.0000,,56
141.2170,-1,0,0,1,0,-1.0000,0.0000,,56
141.2360,-1,0,0,1,0,-1.0000,0.0000,,56
141.2567,-1,0,0,0,0,-1.0000,0.0000,"avoided",56
141.2791,-1,0,0,0,0,-1.0000,0.0000,"avoided",56
141.3035,-1,0,0,0,0,-1.0000,0.0000,"avoided",56
141.3239,-1,0,0,0,0,-1.0000,0.0000,"avoided",56
141.3411,-1,0,0,0,0,-1.0000,0.0000,"avoided",56
141.3616,-1,0,0,0,0,-1.0000,0.0000,"avoided",56
141.3816,-1,0,0,0,0,-1.0000,0.0000,"avoided",56
141.4042,-1,0,0,0,0,-1.0000,0.0000,"avoided",56
141.4234,-1,0,0,0,0,-1.0000,0.0000,"avoided",56
141.4456,-1,0,0,0,0,-1.0000,0.0000,"avoided",56
141.4655,-1,0,0,0,0,-1.0000,0.0000,"avoided",56
141.4843,-1,0,0,0,0,-1.0000,0.0000,"avoided",56
141.5040,-1,0,0,0,0,-1.0000,0.0000,"avoided",56
141.5235,-1,0,0,0,0,-1.0000,0.0000,"avoided",56
141.5441,-1,0,0,0,0,-1.0000,0.0000,"avoided",56
141.5715,-1,0,0,0,0,-1.0000,0.0000,"avoided",56
141.5913,-1,0,0,0,0,-1.0000,0.0000,"avoided",56
141.6115,-1,0,0,0,0,-1.0000,0.0000,"avoided",56
141.6326,-1,0,0,0,0,-1.0000,0.0000,"avoided",56
141.6537,-1,0,0,0,0,-1.0000,0.0000,"avoided",56
141.6723,-1,0,0,0,0,-1.0000,0.0000,"avoided",56
141.6930,-1,0,0,0,0,-1.0000,0.0000,"avoided",56
141.7137,-1,0,0,0,0,-1.0000,0.0000,"avoided",56
141.7352,-1,0,0,0,0,-1.0000,0.0000,"avoided",56
141.7569,-1,0,0,0,0,-1.0000,0.0000,"avoided",56
141.7770,-1,0,0,0,0,-1.0000,0.0000,"avoided",56
141.7943,-1,0,0,0,0,-1.0000,0.0000,"avoided",56
141.8151,-1,0,0,0,0,-1.0000,0.0000,"avoided",56
141.8349,-1,0,0,0,0,-1.0000,0.0000,"avoided",56
141.8555,-1,0,0,0,0,-1.0000,0.0000,"avoided",56
141.8770,-1,0,0,0,0,-1.0000,0.0000,"avoided",56
141.8965,-1,0,0,0,0,-1.0000,0.0000,"avoided",56
141.9152,-1,0,0,0,0,-1.0000,0.0000,"avoided",56
141.9356,-1,0,0,0,0,-1.0000,0.0000,"avoided",56
141.9547,-1,0,0,0,0,-1.0000,0.0000,"avoided",56
141.9787,-1,0,0,0,0,-1.0000,0.0000,"avoided",56
141.9986,-1,0,0,0,0,-1.0000,0.0000,"avoided",56
142.0157,-1,0,0,0,0,-1.0000,0.0000,"avoided",56
142.0365,-1,0,0,0,0,-1.0000,0.0000,"avoided",56
142.0569,-1,0,0,0,0,-1.0000,0.0000,"avoided",56
142.0775,-1,0,0,0,0,-1.0000,0.0000,"avoided",56
142.0985,-1,0,0,0,0,-1.0000,0.0000,"avoided",56
142.1166,-1,0,0,0,0,-1.0000,0.0000,"avoided",56
142.1358,-1,0,0,0,0,-1.0000,0.0000,"avoided",56
142.1565,-1,0,0,0,0,-1.0000,0.0000,"avoided",56
142.1781,-1,0,0,0,0,-1.0000,0.0000,"avoided",56
142.1966,-1,0,0,0,0,-1.0000,0.0000,"avoided",56
142.2158,-1,0,0,0,0,-1.0000,0.0000,"avoided",56
142.2361,-1,0,0,0,0,-1.0000,0.0000,"avoided",56
142.2550,-1,0,0,0,0,-1.0000,0.0000,"avoided",56
142.2768,-1,0,0,0,0,-1.0000,0.0000,"avoided",56
142.2972,-1,0,0,0,0,-1.0000,0.0000,"avoided",56
142.3174,-1,0,0,0,0,-1.0000,0.0000,"avoided",56
142.3378,-1,0,0,0,0,-1.0000,0.0000,"avoided",56
142.3584,-1,0,0,0,0,-1.0000,0.0000,"avoided",56
142.3806,-1,0,0,0,0,-1.0000,0.0000,"avoided",56
142.4003,-1,0,0,0,0,-1.0000,0.0000,"avoided",56
142.4224,-1,0,0,1,0,-1.0000,0.0000,,56
142.4401,-1,0,0,1,0,-1.0000,0.0000,,56
142.4605,-1,0,0,1,0,-1.0000,0.0000,,56
142.4784,-1,0,0,1,0,-1.0000,0.0000,,56
142.4998,-1,0,0,1,0,-1.0000,0.0000,,56
142.5217,-1,0,0,1,0,-1.0000,0.0000,,56
142.5412,-1,0,0,1,0,-1.0000,0.0000,,56
142.5610,-1,0,0,1,0,-1.0000,0.0000,,56
142.5813,-1,0,0,1,0,-1.0000,0.0000,,56
142.6012,-1,0,0,1,0,-1.0000,0.0000,,56
142.6228,-1,0,0,1,0,-1.0000,0.0000,,56
142.6425,-1,0,0,1,0,-1.0000,0.0000,,56
142.6607,-1,0,0,1,0,-1.0000,0.0000,,56
142.6813,-1,0,0,1,0,-1.0000,0.0000,,56
142.7016,-1,0,0,1,0,-1.0000,0.0000,,56
142.7219,-1,0,0,1,0,-1.0000,0.0000,,56
142.7442,-1,0,0,1,0,-1.0000,0.0000,,56
142.7618,-1,0,0,1,0,-1.0000,0.0000,,56
142.7838,-1,0,0,1,0,-1.0000,0.0000,,56
142.8040,-1,0,0,1,0,-1.0000,0.0000,,56
142.8237,-1,0,0,1,0,-1.0000,0.0000,,56
142.8456,-1,0,0,1,0,-1.0000,0.0000,,56
142.8654,-1,0,0,1,0,-1.0000,0.0000,,56
142.8835,-1,0,0,1,0,-1.0000,0.0000,,56
142.9031,-1,0,0,1,0,-1.0000,0.0000,,56
142.9242,-1,0,0,1,0,-1.0000,0.0000,,56
142.9454,-1,0,0,1,0,-1.0000,0.0000,,56
142.9671,-1,0,0,1,0,-1.0000,0.0000,,56
142.9862,-1,0,0,1,0,-1.0000,0.0000,,56
143.0052,-1,0,0,1,0,-1.0000,0.0000,,56
143.0268,-1,0,0,1,0,-1.0000,0.0000,,56
143.0467,-1,0,0,1,0,-1.0000,0.0000,,56
143.0670,-1,0,0,1,0,-1.0000,0.0000,,56
143.0882,-1,0,0,1,0,-1.0000,0.0000,,56
143.1065,-1,0,0,1,0,-1.0000,0.0000,,56
143.1262,-1,0,0,1,0,-1.0000,0.0000,,56
143.1462,-1,0,0,1,0,-1.0000,0.0000,,56
143.1680,-1,0,0,1,0,-1.0000,0.0000,,56
143.1890,-1,0,0,1,0,-1.0000,0.0000,,56
143.2077,-1,0,0,1,0,-1.0000,0.0000,,56
143.2268,-1,0,0,1,0,-1.0000,0.0000,,56
143.2470,-1,0,0,1,0,-1.0000,0.0000,,56
143.2691,-1,0,0,1,0,-1.0000,0.0000,,56
143.2908,-1,0,0,1,0,-1.0000,0.0000,,56
143.3101,-1,0,0,1,0,-1.0000,0.0000,,56
143.3290,-1,0,0,1,0,-1.0000,0.0000,,56
143.3495,-1,0,0,1,0,-1.0000,0.0000,,56
143.3704,-1,0,0,1,0,-1.0000,0.0000,,56
143.3897,-1,0,0,1,0,-1.0000,0.0000,,56
143.4113,-1,0,0,1,0,-1.0000,0.0000,,56
143.4284,-1,0,0,1,0,-1.0000,0.0000,,56
143.4494,-1,0,0,1,0,-1.0000,0.0000,,56
143.4691,-1,0,0,1,0,-1.0000,0.0000,,56
143.4897,-1,0,0,1,0,-1.0000,0.0000,,56
143.5119,-1,0,0,1,0,-1.0000,0.0000,,56
143.5289,-1,0,0,1,0,-1.0000,0.0000,,56
143.5496,-1,0,0,1,0,-1.0000,0.0000,,56
143.5744,-1,0,0,1,0,-1.0000,0.0000,,56
143.5890,-1,0,0,1,0,-1.0000,0.0000,,56
143.6106,-1,0,0,1,0,-1.0000,0.0000,,56
143.6317,-1,0,0,1,0,-1.0000,0.0000,,56
143.6485,-1,0,0,1,0,-1.0000,0.0000,,56
143.6687,-1,0,0,1,0,-1.0000,0.0000,,56
143.6900,-1,0,0,1,0,-1.0000,0.0000,,56
143.7108,-1,0,0,1,0,-1.0000,0.0000,,56
143.7312,-1,0,0,1,0,-1.0000,0.0000,,56
143.7505,-1,0,0,1,0,-1.0000,0.0000,,56
143.7699,-1,0,0,1,0,-1.0000,0.0000,,56
143.7903,-1,0,0,1,0,-1.0000,0.0000,,56
143.8112,-1,0,0,1,0,-1.0000,0.0000,,56
143.8322,-1,0,0,1,0,-1.0000,0.0000,,56
143.8521,-1,0,0,1,0,-1.0000,0.0000,,56
143.8716,-1,0,0,1,0,-1.0000,0.0000,,56
143.8915,-1,0,0,1,0,-1.0000,0.0000,,56
143.9113,-1,0,0,1,0,-1.0000,0.0000,,56
143.9317,-1,0,0,1,0,-1.0000,0.0000,,56
143.9542,-1,0,0,1,0,-1.0000,0.0000,,56
143.9720,-1,0,0,1,0,-1.0000,0.0000,,56
143.9922,-1,0,0,1,0,-1.0000,0.0000,,56
144.0125,-1,0,0,1,0,-1.0000,0.0000,,56
144.0335,-1,0,0,1,0,-1.0000,0.0000,,56
144.0549,-1,0,0,1,0,-1.0000,0.0000,,56
144.0729,-1,0,0,1,0,-1.0000,0.0000,,56
144.0928,-1,0,0,1,0,-1.0000,0.0000,,56
144.1128,-1,0,0,1,0,-1.0000,0.0000,,56
144.1334,-1,0,0,1,0,-1.0000,0.0000,,56
144.1552,-1,0,0,1,0,-1.0000,0.0000,,56
144.1754,-1,0,0,1,0,-1.0000,0.0000,,56
144.1945,-1,0,0,1,0,-1.0000,0.0000,,56
144.2142,-1,0,0,1,0,-1.0000,0.0000,,56
144.2341,-1,0,0,1,0,-1.0000,0.0000,,56
144.2552,-1,0,0,1,0,-1.0000,0.0000,,56
144.2768,-1,0,0,1,0,-1.0000,0.0000,,56
144.2947,-1,0,0,1,0,-1.0000,0.0000,,56
144.3153,-1,0,0,1,0,-1.0000,0.0000,,56
144.3352,-1,0,0,1,0,-1.0000,0.0000,,56
144.3561,-1,0,0,1,0,-1.0000,0.0000,,56
144.3783,-1,0,0,1,0,-1.0000,0.0000,,56
144.4005,-1,0,0,1,0,-1.0000,0.0000,,56
144.4189,-1,0,0,1,0,-1.0000,0.0000,,56
144.4382,-1,0,0,1,0,-1.0000,0.0000,,56
144.4598,-1,0,0,1,0,-1.0000,0.0000,,56
144.4781,-1,0,0,1,0,-1.0000,0.0000,,56
144.4995,-1,0,0,1,0,-1.0000,0.0000,,56
144.5201,-1,0,0,1,0,-1.0000,0.0000,,56
144.5399,-1,0,0,1,0,-1.0000,0.0000,,56
144.5593,-1,0,0,1,0,-1.0000,0.0000,,56
144.5798,-1,0,0,1,0,-1.0000,0.0000,,56
144.6001,-1,0,0,1,0,-1.0000,0.0000,,56
144.6225,-1,0,0,1,0,-1.0000,0.0000,,56
144.6431,-1,0,0,1,0,-1.0000,0.0000,,56
144.6606,-1,0,0,1,0,-1.0000,0.0000,,56
144.6809,-1,0,0,1,0,-1.0000,0.0000,,56
144.7009,-1,0,0,1,0,-1.0000,0.0000,,56
144.7218,-1,0,0,1,0,-1.0000,0.0000,,56
144.7420,-1,0,0,1,0,-1.0000,0.0000,,56
144.7606,-1,0,0,1,0,-1.0000,0.0000,,56
144.7824,-1,0,0,1,0,-1.0000,0.0000,,56
144.8012,-1,0,0,1,0,-1.0000,0.0000,,56
144.8214,-1,0,0,1,0,-1.0000,0.0000,,56
144.8431,-1,0,0,1,0,-1.0000,0.0000,,56
144.8612,-1,0,0,1,0,-1.0000,0.0000,,56
144.8819,-1,0,0,1,0,-1.0000,0.0000,,56
144.9019,-1,0,0,1,0,-1.0000,0.0000,,56
144.9230,-1,0,0,1,0,-1.0000,0.0000,,56
144.9446,-1,0,0,1,0,-1.0000,0.0000,,56
144.9645,-1,0,0,1,0,-1.0000,0.0000,,56
144.9828,-1,0,0,1,0,-1.0000,0.0000,,56
145.0043,-1,0,0,1,0,-1.0000,0.0000,,56
145.0255,-1,0,0,1,0,-1.0000,0.0000,,56
145.0443,-1,0,0,1,0,-1.0000,0.0000,,56
145.0667,-1,0,0,1,0,-1.0000,0.0000,,56
145.0846,-1,0,0,1,0,-1.0000,0.0000,,56
145.1040,-1,0,0,1,0,-1.0000,0.0000,,56
145.1242,-1,0,0,1,0,-1.0000,0.0000,,56
145.1445,-1,0,0,1,0,-1.0000,0.0000,,56
145.1656,-1,0,0,1,0,-1.0000,0.0000,,56
145.1863,-1,0,0,1,0,-1.0000,0.0000,,56
145.2047,-1,0,0,1,0,-1.0000,0.0000,,56
145.2247,-1,0,0,1,0,-1.0000,0.0000,,56
145.2455,-1,0,0,1,0,-1.0000,0.0000,,56
145.2662,-1,0,0,1,0,-1.0000,0.0000,,56
145.2874,-1,0,0,1,0,-1.0000,0.0000,,56
145.3080,-1,0,0,1,0,-1.0000,0.0000,,56
145.3268,-1,0,0,1,0,-1.0000,0.0000,,56
145.3468,-1,0,0,1,0,-1.0000,0.0000,,56
145.3674,-1,0,0,1,0,-1.0000,0.0000,,56
145.3882,-1,0,0,1,0,-1.0000,0.0000,,56
145.4119,-1,0,0,1,0,-1.0000,0.0000,,56
145.4319,-1,0,0,1,0,-1.0000,0.0000,,56
145.4542,-1,0,0,1,0,-1.0000,0.0000,,56
145.4719,-1,0,0,1,0,-1.0000,0.0000,,56
145.4921,-1,0,0,1,0,-1.0000,0.0000,,56
145.5129,-1,0,0,1,0,-1.0000,0.0000,,56
145.5344,-1,0,0,1,0,-1.0000,0.0000,,56
145.5550,-1,0,0,1,0,-1.0000,0.0000,,56
145.5753,-1,0,0,1,0,-1.0000,0.0000,,56
145.5938,-1,0,0,1,0,-1.0000,0.0000,,56
145.6138,-1,0,0,1,0,-1.0000,0.0000,,56
145.6347,-1,0,0,1,0,-1.0000,0.0000,,56
145.6555,-1,0,0,1,0,-1.0000,0.0000,,56
145.6759,-1,0,0,1,0,-1.0000,0.0000,,56
145.6978,-1,0,0,1,0,-1.0000,0.0000,,56
145.7158,-1,0,0,1,0,-1.0000,0.0000,,56
145.7362,-1,0,0,1,0,-1.0000,0.0000,,56
145.7568,-1,0,0,1,0,-1.0000,0.0000,,56
145.7772,-1,0,0,1,0,-1.0000,0.0000,,56
145.7993,-1,0,0,1,0,-1.0000,0.0000,,56
145.8162,-1,0,0,1,0,-1.0000,0.0000,,56
145.8372,-1,0,0,1,0,-1.0000,0.0000,,56
145.8571,-1,0,0,1,0,-1.0000,0.0000,,56
145.8774,-1,0,0,1,0,-1.0000,0.0000,,56
145.8994,-1,0,0,1,0,-1.0000,0.0000,,56
145.9191,-1,0,0,1,0,-1.0000,0.0000,,56
145.9377,-1,0,0,1,0,-1.0000,0.0000,,56
145.9585,-1,0,0,1,0,-1.0000,0.0000,,56
145.9791,-1,0,0,1,0,-1.0000,0.0000,,56
145.9999,-1,0,0,1,0,-1.0000,0.0000,,56
146.0217,-1,0,0,1,0,-1.0000,0.0000,,56
146.0392,-1,0,0,1,0,-1.0000,0.0000,,56
146.0594,-1,0,0,1,0,-1.0000,0.0000,,56
146.0801,-1,0,0,1,0,-1.0000,0.0000,,56
146.1007,-1,0,0,1,0,-1.0000,0.0000,,56
146.1236,-1,0,0,1,1,3.7012,1.0000,,56
146.1426,-1,0,0,1,0,3.7012,1.0000,,56
146.1617,-1,0,0,1,0,3.7012,1.0000,,56
146.1820,-1,0,0,1,0,3.7012,1.0000,,56
146.2018,-1,0,0,1,0,3.7012,1.0000,,56
146.2219,-1,0,0,1,0,3.7012,1.0000,,56
146.2445,-1,0,0,1,0,3.7012,1.0000,,56
146.2642,-1,0,0,1,0,3.7012,1.0000,,56
146.2843,-1,0,0,1,0,3.7012,1.0000,,56
146.3031,-1,0,0,1,0,3.7012,1.0000,,56
146.3246,-1,0,0,1,0,3.7012,1.0000,,56
146.3457,-1,0,0,1,0,3.7012,1.0000,,56
146.3672,-1,0,0,1,0,3.7012,1.0000,,56
146.3879,-1,0,0,1,0,3.7012,1.0000,,56
146.4046,-1,0,0,1,0,3.7012,1.0000,,56
146.4267,-1,0,0,1,0,3.7012,1.0000,,56
146.4499,-1,0,0,1,0,3.7012,1.0000,,56
146.4691,-1,0,0,1,0,3.7012,1.0000,,56
146.4891,-1,0,0,1,0,3.7012,1.0000,,56
146.5118,-1,0,0,1,0,3.7012,1.0000,,56
146.5315,-1,0,0,1,0,3.7012,1.0000,,56
146.5504,-1,0,0,1,0,3.7012,1.0000,,56
146.5674,-1,0,0,1,0,3.7012,1.0000,,56
146.5982,-1,0,0,1,0,3.7012,1.0000,,56
146.6188,-1,0,0,1,0,3.7012,1.0000,,56
146.6378,-1,0,0,1,0,3.7012,1.0000,,56
146.6585,-1,0,0,1,0,3.7012,1.0000,,56
146.6792,-1,0,0,1,0,3.7012,1.0000,,56
146.6994,-1,0,0,1,0,3.7012,1.0000,,56
146.7210,-1,0,0,1,0,3.7012,1.0000,,56
146.7397,-1,0,0,1,0,3.7012,1.0000,,56
146.7604,-1,0,0,1,0,3.7012,1.0000,,56
146.7821,-1,0,0,1,0,3.7012,1.0000,,56
146.8010,-1,0,0,1,0,3.7012,1.0000,,56
146.8227,-1,0,0,1,0,3.7012,1.0000,,56
146.8451,-1,0,0,1,0,3.7012,1.0000,,56
146.8624,-1,0,0,1,0,3.7012,1.0000,,56
146.8834,-1,0,0,1,0,3.7012,1.0000,,56
146.9041,-1,0,0,1,0,3.7012,1.0000,,56
146.9237,-1,0,0,1,0,3.7012,1.0000,,56
146.9451,-1,0,0,1,0,3.7012,1.0000,,56
146.9656,-1,0,0,1,0,3.7012,1.0000,,56
146.9855,-1,0,0,1,0,3.7012,1.0000,,56
147.0051,-1,0,0,1,0,3.7012,1.0000,,56
147.0255,-1,0,0,1,0,3.7012,1.0000,,56
147.0452,-1,0,0,1,0,3.7012,1.0000,,56
147.0656,-1,0,0,1,0,3.7012,1.0000,,56
147.0884,-1,0,0,1,0,3.7012,1.0000,,56
147.1058,-1,0,0,1,0,3.7012,1.0000,,56
147.1270,-1,0,0,1,0,3.7012,0.0000,,56
147.1481,-1,0,0,1,0,3.7012,0.0000,,56
147.1685,-1,0,0,1,0,3.7012,0.0000,,56
147.1886,-1,0,0,1,0,3.7012,0.0000,,56
147.2113,-1,0,0,1,0,3.7012,0.0000,,56
147.2318,-1,0,0,1,1,3.7012,1.0000,,56
147.2497,-1,0,0,1,0,3.7012,1.0000,,56
147.2700,-1,0,0,1,0,3.7012,1.0000,,56
147.2921,-1,0,0,1,0,3.7012,1.0000,,56
147.3109,-1,0,0,1,0,3.7012,1.0000,,56
147.3323,-1,0,0,1,0,3.7012,1.0000,,56
147.3530,-1,0,0,1,0,3.7012,1.0000,,56
147.3714,-1,0,0,1,0,3.7012,1.0000,,56
147.3913,-1,0,0,1,0,3.7012,1.0000,,56
147.4115,-1,0,0,1,0,3.7012,1.0000,,56
147.4327,-1,0,0,1,0,3.7012,1.0000,,56
147.4535,-1,0,0,1,0,3.7012,1.0000,,56
147.4730,-1,0,0,1,0,3.7012,1.0000,,56
147.4930,-1,0,0,1,0,3.7012,1.0000,,56
147.5132,-1,0,0,1,0,3.7012,1.0000,,56
147.5338,-1,0,0,1,0,3.7012,1.0000,,56
147.5547,-1,0,0,1,0,3.7012,1.0000,,56
147.5757,-1,0,0,1,0,3.7012,1.0000,,56
147.5943,-1,0,0,1,0,3.7012,1.0000,,56
147.6141,-1,0,0,1,0,3.7012,1.0000,,56
147.6350,-1,0,0,1,0,3.7012,1.0000,,56
147.6557,-1,0,0,1,0,3.7012,1.0000,,56
147.6767,-1,0,0,1,0,3.7012,1.0000,,56
147.6976,-1,0,0,1,0,3.7012,1.0000,,56
147.7161,-1,0,0,1,1,3.7012,2.0000,,56
147.7357,-1,0,0,1,0,3.7012,2.0000,,56
147.7567,-1,0,0,1,0,3.7012,2.0000,,56
147.7770,-1,0,0,1,0,3.7012,2.0000,,56
147.7984,-1,0,0,1,0,3.7012,2.0000,,56
147.8193,-1,0,0,1,0,3.7012,2.0000,,56
147.8372,-1,0,0,1,0,3.7012,2.0000,,56
147.8574,-1,0,0,1,0,3.7012,2.0000,,56
147.8781,-1,0,0,1,0,3.7012,2.0000,,56
147.8996,-1,0,0,1,0,3.7012,2.0000,,56
147.9187,-1,0,0,1,0,3.7012,2.0000,,56
147.9381,-1,0,0,1,0,3.7012,2.0000,,56
147.9594,-1,0,0,1,0,3.7012,2.0000,,56
147.9794,-1,0,0,1,0,3.7012,2.0000,,56
147.9997,-1,0,0,1,0,3.7012,2.0000,,56
148.0223,-1,0,0,1,0,3.7012,2.0000,,56
148.0399,-1,0,0,1,1,3.7012,3.0000,,56
148.0596,-1,0,0,1,0,3.7012,3.0000,,56
148.0796,-1,0,0,1,0,3.7012,3.0000,,56
148.1001,-1,0,0,1,0,3.7012,3.0000,,56
148.1219,-1,0,0,1,0,3.7012,3.0000,,56
148.1403,-1,0,0,1,0,3.7012,3.0000,,56
148.1603,-1,0,0,1,0,3.7012,3.0000,,56
148.1803,-1,0,0,1,0,3.7012,3.0000,,56
148.2003,-1,0,0,1,0,3.7012,3.0000,,56
148.2216,-1,0,0,1,0,3.7012,3.0000,,56
148.2415,-1,0,0,1,0,3.7012,2.0000,,56
148.2612,-1,0,0,1,0,3.7012,2.0000,,56
148.2814,-1,0,0,1,0,3.7012,2.0000,,56
148.3003,-1,0,0,1,0,3.7012,2.0000,,56
148.3218,-1,0,0,1,0,3.7012,2.0000,,56
148.3419,-1,0,0,1,0,3.7012,2.0000,,56
148.3612,-1,0,0,1,0,3.7012,2.0000,,56
148.3826,-1,0,0,1,0,3.7012,2.0000,,56
148.4030,-1,0,0,1,0,3.7012,2.0000,,56
148.4231,-1,0,0,1,0,3.7012,2.0000,,56
148.4453,-1,0,0,1,0,3.7012,2.0000,,56
148.4655,-1,0,0,1,0,3.7012,2.0000,,56
148.4834,-1,0,0,1,0,3.7012,2.0000,,56
148.5074,-1,0,0,1,0,3.7012,2.0000,,56
148.5270,-1,0,0,1,0,3.7012,2.0000,,56
148.5478,-1,0,0,1,0,3.7012,2.0000,,56
148.5687,-1,0,0,1,0,3.7012,2.0000,,56
148.5894,-1,0,0,1,0,3.7012,2.0000,,56
148.6114,-1,0,0,1,0,3.7012,2.0000,,56
148.6325,-1,0,0,1,0,3.7012,2.0000,,56
148.6519,-1,0,0,1,0,3.7012,2.0000,,56
148.6723,-1,0,0,1,0,3.7012,2.0000,,56
148.6928,-1,0,0,1,0,3.7012,2.0000,,56
148.7126,-1,0,0,1,0,3.7012,2.0000,,56
148.7331,-1,0,0,1,0,3.7012,1.0000,,56
148.7549,-1,0,0,1,0,3.7012,1.0000,,56
148.7755,-1,0,0,1,0,3.7012,1.0000,,56
148.7940,-1,0,0,1,1,3.7012,2.0000,,56
148.8145,-1,0,0,1,0,3.7012,2.0000,,56
148.8346,-1,0,0,1,0,3.7012,2.0000,,56
148.8548,-1,0,0,1,0,3.7012,2.0000,,56
148.8763,-1,0,0,1,0,3.7012,2.0000,,56
148.8959,-1,0,0,1,0,3.7012,2.0000,,56
148.9149,-1,0,0,1,0,3.7012,2.0000,,56
148.9356,-1,0,0,1,0,3.7012,2.0000,,56
148.9561,-1,0,0,1,0,3.7012,2.0000,,56
148.9759,-1,0,0,1,0,3.7012,2.0000,,56
148.9968,-1,0,0,1,0,3.7012,2.0000,,56
149.0159,-1,0,0,1,0,3.7012,2.0000,,56
149.0366,-1,0,0,1,0,3.7012,2.0000,,56
149.0571,-1,0,0,1,0,3.7012,1.0000,,56
149.0779,-1,0,0,1,0,3.7012,1.0000,,56
149.0994,-1,0,0,1,0,3.7012,1.0000,,56
149.1187,-1,0,0,1,0,3.7012,1.0000,,56
149.1382,-1,0,0,1,0,3.7012,1.0000,,56
149.1581,-1,0,0,1,0,3.7012,1.0000,,56
149.1791,-1,0,0,1,0,3.7012,1.0000,,56
149.1997,-1,0,0,1,1,3.7012,2.0000,,56
149.2201,-1,0,0,1,0,3.7012,2.0000,,56
149.2416,-1,0,0,1,0,3.7012,2.0000,,56
149.2604,-1,0,0,1,0,3.7012,2.0000,,56
149.2804,-1,0,0,1,0,3.7012,2.0000,,56
149.3010,-1,0,0,1,0,3.7012,2.0000,,56
149.3215,-1,0,0,1,0,3.7012,2.0000,,56
149.3432,-1,0,0,1,0,3.7012,2.0000,,56
149.3643,-1,0,0,1,0,3.7012,2.0000,,56
149.3827,-1,0,0,1,0,3.7012,2.0000,,56
149.4027,-1,0,0,1,0,3.7012,2.0000,,56
149.4230,-1,0,0,1,0,3.7012,2.0000,,56
149.4439,-1,0,0,1,0,3.7012,2.0000,,56
149.4643,-1,0,0,1,0,3.7012,2.0000,,56
149.4848,-1,0,0,1,0,3.7012,2.0000,,56
149.5040,-1,0,0,1,0,3.7012,2.0000,,56
149.5256,-1,0,0,1,0,3.7012,2.0000,,56
149.5462,-1,0,0,1,0,3.7012,2.0000,,56
149.5669,-1,0,0,1,0,3.7012,2.0000,,56
149.5886,-1,0,0,1,0,3.7012,2.0000,,56
149.6099,-1,0,0,1,0,3.7012,2.0000,,56
149.6303,-1,0,0,1,0,3.7012,2.0000,,56
149.6491,-1,0,0,1,0,3.7012,2.0000,,56
149.6692,-1,0,0,1,0,3.7012,2.0000,,56
149.6941,-1,0,0,1,0,3.7012,2.0000,,56
149.7150,-1,0,0,1,0,3.7012,2.0000,,56
149.7334,-1,0,0,1,0,3.7012,2.0000,,56
149.7514,-1,0,0,1,0,3.7012,2.0000,,56
149.7732,-1,0,0,1,0,3.7012,2.0000,,56
149.7924,-1,0,0,1,0,3.7012,2.0000,,56
149.8125,-1,0,0,1,0,3.7012,1.0000,,56
149.8327,-1,0,0,1,0,3.7012,1.0000,,56
149.8545,-1,0,0,1,0,3.7012,1.0000,,56
149.8727,-1,0,0,1,0,3.7012,1.0000,,56
149.8928,-1,0,0,1,0,3.7012,1.0000,,56
149.9129,-1,0,0,1,0,3.7012,1.0000,,56
149.9337,-1,0,0,1,0,3.7012,1.0000,,56
149.9550,-1,0,0,1,0,3.7012,1.0000,,56
149.9753,-1,0,0,1,0,3.7012,1.0000,,56
149.9940,-1,0,0,1,0,3.7012,1.0000,,56
150.0152,-1,0,0,1,0,3.7012,1.0000,,56
150.0361,-1,0,0,1,0,3.7012,1.0000,,56
150.0561,-1,0,0,1,0,3.7012,1.0000,,56
150.0781,-1,0,0,1,0,3.7012,1.0000,,56
150.0990,-1,0,0,1,0,3.7012,1.0000,,56
150.1174,-1,0,0,1,0,3.7012,1.0000,,56
150.1376,-1,0,0,1,0,3.7012,1.0000,,56
150.1584,-1,0,0,1,0,3.7012,1.0000,,56
150.1792,-1,0,0,1,1,3.7012,2.0000,,56
150.2011,-1,0,0,1,0,3.7012,1.0000,,56
150.2209,-1,0,0,1,0,3.7012,1.0000,,56
150.2394,-1,0,0,1,0,3.7012,1.0000,,56
150.2610,-1,0,0,1,0,3.7012,1.0000,,56
150.2818,-1,0,0,1,0,3.7012,1.0000,,56
150.3007,-1,0,0,1,0,3.7012,1.0000,,56
150.3227,-1,0,0,1,0,3.7012,1.0000,,56
150.3440,-1,0,0,1,0,3.7012,1.0000,,56
150.3622,-1,0,0,1,0,3.7012,1.0000,,56
150.3845,-1,0,0,1,0,3.7012,1.0000,,56
150.4048,-1,0,0,1,0,3.7012,1.0000,,56
150.4242,-1,0,0,1,0,3.7012,1.0000,,56
150.4445,-1,0,0,1,0,3.7012,1.0000,,56
150.4674,-1,0,0,1,0,3.7012,1.0000,,56
150.4844,-1,0,0,1,0,3.7012,1.0000,,56
150.5052,-1,0,0,1,0,3.7012,1.0000,,56
150.5257,-1,0,0,1,0,3.7012,1.0000,,56
150.5461,-1,0,0,1,0,3.7012,1.0000,,56
150.5676,-1,0,0,1,0,3.7012,1.0000,,56
150.5892,-1,0,0,1,0,3.7012,1.0000,,56
150.6092,-1,0,0,1,0,3.7012,1.0000,,56
150.6285,-1,0,0,1,0,3.7012,1.0000,,56
150.6483,-1,0,0,1,0,3.7012,1.0000,,56
150.6686,-1,0,0,1,0,3.7012,1.0000,,56
150.6898,-1,0,0,1,0,3.7012,1.0000,,56
150.7108,-1,0,0,1,0,3.7012,1.0000,,56
150.7314,-1,0,0,1,0,3.7012,1.0000,,56
150.7503,-1,0,0,1,0,3.7012,1.0000,,56
150.7706,-1,0,0,1,0,3.7012,1.0000,,56
150.7902,-1,0,0,1,0,3.7012,1.0000,,56
150.8111,-1,0,0,1,0,3.7012,1.0000,,56
150.8329,-1,0,0,1,0,3.7012,1.0000,,56
150.8532,-1,0,0,1,0,3.7012,1.0000,,56
150.8720,-1,0,0,1,0,3.7012,1.0000,,56
150.8928,-1,0,0,1,0,3.7012,1.0000,,56
150.9127,-1,0,0,1,0,3.7012,1.0000,,56
150.9336,-1,0,0,1,0,3.7012,1.0000,,56
150.9553,-1,0,0,1,0,3.7012,1.0000,,56
150.9761,-1,0,0,1,0,3.7012,1.0000,,56
150.9947,-1,0,0,1,0,3.7012,1.0000,,56
151.0150,-1,0,0,1,0,3.7012,1.0000,,56
151.0348,-1,0,0,1,0,3.7012,1.0000,,56
151.0548,-1,0,0,1,0,3.7012,1.0000,,56
151.0770,-1,0,0,1,0,3.7012,1.0000,,56
151.0971,-1,0,0,1,0,3.7012,1.0000,,56
151.1155,-1,0,0,1,0,3.7012,1.0000,,56
151.1364,-1,0,0,1,0,3.7012,1.0000,,56
151.1565,-1,0,0,1,0,3.7012,1.0000,,56
151.1777,-1,0,0,1,0,3.7012,1.0000,,56
151.1999,-1,0,0,1,0,3.7012,0.0000,,56
151.2205,-1,0,0,1,0,3.7012,0.0000,,56
151.2395,-1,0,0,1,1,3.7012,1.0000,,56
151.2605,-1,0,0,1,0,3.7012,1.0000,,56
151.2802,-1,0,0,1,0,3.7012,1.0000,,56
151.3005,-1,0,0,1,0,3.7012,1.0000,,56
151.3216,-1,0,0,1,0,3.7012,1.0000,,56
151.3437,-1,0,0,1,0,3.7012,1.0000,,56
151.3647,-1,0,0,1,0,3.7012,1.0000,,56
151.3832,-1,0,0,1,0,3.7012,1.0000,,56
151.4041,-1,0,0,1,0,3.7012,1.0000,,56
151.4244,-1,0,0,1,0,3.7012,1.0000,,56
151.4451,-1,0,0,1,0,3.7012,1.0000,,56
151.4666,-1,0,0,1,0,3.7012,1.0000,,56
151.4866,-1,0,0,1,0,3.7012,1.0000,,56
151.5067,-1,0,0,1,0,3.7012,1.0000,,56
151.5270,-1,0,0,1,0,3.7012,1.0000,,56
151.5470,-1,0,0,1,0,3.7012,1.0000,,56
151.5675,-1,0,0,1,0,3.7012,1.0000,,56
151.5912,-1,0,0,1,0,3.7012,1.0000,,56
151.6183,-1,0,0,1,0,3.7012,1.0000,,56
151.6373,-1,0,0,1,0,3.7012,1.0000,,56
151.6581,-1,0,0,1,0,3.7012,1.0000,,56
151.6791,-1,0,0,1,0,3.7012,1.0000,,56
151.7001,-1,0,0,1,0,3.7012,1.0000,,56
151.7220,-1,0,0,1,0,3.7012,1.0000,,56
151.7429,-1,0,0,1,0,3.7012,1.0000,,56
151.7618,-1,0,0,1,0,3.7012,1.0000,,56
151.7820,-1,0,0,1,0,3.7012,1.0000,,56
151.8025,-1,0,0,1,0,3.7012,1.0000,,56
151.8233,-1,0,0,1,0,3.7012,1.0000,,56
151.8446,-1,0,0,1,0,3.7012,1.0000,,56
151.8659,-1,0,0,1,0,3.7012,1.0000,,56
151.8874,-1,0,0,1,0,3.7012,1.0000,,56
151.9061,-1,0,0,1,1,3.7012,2.0000,,56
151.9276,-1,0,0,1,0,3.7012,2.0000,,56
151.9487,-1,0,0,1,0,3.7012,2.0000,,56
151.9697,-1,0,0,1,0,3.7012,2.0000,,56
151.9898,-1,0,0,1,0,3.7012,2.0000,,56
152.0110,-1,0,0,1,0,3.7012,2.0000,,56
152.0321,-1,0,0,1,0,3.7012,2.0000,,56
152.0531,-1,0,0,1,0,3.7012,2.0000,,56
152.0721,-1,0,0,1,0,3.7012,2.0000,,56
152.0925,-1,0,0,1,0,3.7012,2.0000,,56
152.1127,-1,0,0,1,0,3.7012,2.0000,,56
152.1333,-1,0,0,1,0,3.7012,2.0000,,56
152.1551,-1,0,0,1,0,3.7012,2.0000,,56
152.1750,-1,0,0,1,0,3.7012,2.0000,,56
152.1933,-1,0,0,1,0,3.7012,2.0000,,56
152.2145,-1,0,0,1,0,3.7012,2.0000,,56
152.2347,-1,0,0,1,1,3.7012,3.0000,,56
152.2557,-1,0,0,1,0,3.7012,2.0000,,56
152.2767,-1,0,0,1,0,3.7012,2.0000,,56
152.2993,-1,0,0,1,0,3.7012,2.0000,,56
152.3194,-1,0,0,1,0,3.7012,2.0000,,56
152.3389,-1,0,0,1,0,3.7012,2.0000,,56
152.3599,-1,0,0,1,0,3.7012,2.0000,,56
152.3801,-1,0,0,1,0,3.7012,2.0000,,56
152.4017,-1,0,0,1,0,3.7012,2.0000,,56
152.4214,-1,0,0,1,0,3.7012,2.0000,,56
152.4432,-1,0,0,1,0,3.7012,2.0000,,56
152.4638,-1,0,0,1,0,3.7012,2.0000,,56
152.4827,-1,0,0,1,0,3.7012,2.0000,,56
152.5032,-1,0,0,1,0,3.7012,2.0000,,56
152.5248,-1,0,0,1,0,3.7012,2.0000,,56
152.5447,-1,0,0,1,0,3.7012,2.0000,,56
152.5658,-1,0,0,1,0,3.7012,2.0000,,56
152.5877,-1,0,0,1,0,3.7012,2.0000,,56
152.6074,-1,0,0,1,0,3.7012,2.0000,,56
152.6277,-1,0,0,1,0,3.7012,2.0000,,56
152.6484,-1,0,0,1,0,3.7012,2.0000,,56
152.6685,-1,0,0,1,0,3.7012,2.0000,,56
152.6889,-1,0,0,1,0,3.7012,2.0000,,56
152.7111,-1,0,0,1,0,3.7012,2.0000,,56
152.7311,-1,0,0,1,0,3.7012,2.0000,,56
152.7497,-1,0,0,1,0,3.7012,2.0000,,56
152.7700,-1,0,0,1,0,3.7012,2.0000,,56
152.7914,-1,0,0,1,0,3.7012,2.0000,,56
152.8125,-1,0,0,1,0,3.7012,2.0000,,56
152.8332,-1,0,0,1,0,3.7012,2.0000,,56
152.8551,-1,0,0,1,0,3.7012,2.0000,,56
152.8769,-1,0,0,1,0,3.7012,2.0000,,56
152.8942,-1,0,0,1,0,3.7012,2.0000,,56
152.9157,-1,0,0,1,0,3.7012,1.0000,,56
152.9355,-1,0,0,1,0,3.7012,1.0000,,56
152.9558,-1,0,0,1,0,3.7012,1.0000,,56
152.9777,-1,0,0,1,0,3.7012,1.0000,,56
152.9991,-1,0,0,1,0,3.7012,1.0000,,56
153.0176,-1,0,0,1,1,3.7012,2.0000,,56
153.0406,-1,0,0,1,0,3.7012,2.0000,,56
153.0584,-1,0,0,1,0,3.7012,2.0000,,56
153.0792,-1,0,0,1,0,3.7012,2.0000,,56
153.0996,-1,0,0,1,0,3.7012,2.0000,,56
153.1223,-1,0,0,1,0,3.7012,2.0000,,56
153.1398,-1,0,0,1,0,3.7012,2.0000,,56
153.1604,-1,0,0,1,0,3.7012,2.0000,,56
153.1810,-1,0,0,1,0,3.7012,2.0000,,56
153.2015,-1,0,0,1,0,3.7012,2.0000,,56
153.2218,-1,0,0,1,0,3.7012,2.0000,,56
153.2444,-1,0,0,1,0,3.7012,1.0000,,56
153.2639,-1,0,0,1,0,3.7012,1.0000,,56
153.2845,-1,0,0,1,0,3.7012,1.0000,,56
153.3030,-1,0,0,1,0,3.7012,1.0000,,56
153.3244,-1,0,0,1,0,3.7012,1.0000,,56
153.3451,-1,0,0,1,0,3.7012,1.0000,,56
153.3681,-1,0,0,1,0,3.7012,1.0000,,56
153.3882,-1,0,0,1,0,3.7012,1.0000,,56
153.4090,-1,0,0,1,0,3.7012,1.0000,,56
153.4288,-1,0,0,1,0,3.7012,1.0000,,56
153.4488,-1,0,0,1,0,3.7012,1.0000,,56
153.4690,-1,0,0,1,0,3.7012,1.0000,,56
153.4899,-1,0,0,1,0,3.7012,1.0000,,56
153.5103,-1,0,0,1,0,3.7012,1.0000,,56
153.5334,-1,0,0,1,0,3.7012,1.0000,,56
153.5503,-1,0,0,1,0,3.7012,1.0000,,56
153.5705,-1,0,0,1,0,3.7012,1.0000,,56
153.5906,-1,0,0,1,0,3.7012,1.0000,,56
153.6131,-1,0,0,1,0,3.7012,1.0000,,56
153.6336,-1,0,0,1,0,3.7012,1.0000,,56
153.6558,-1,0,0,1,0,3.7012,1.0000,,56
153.6739,-1,0,0,1,0,3.7012,1.0000,,56
153.6945,-1,0,0,1,0,3.7012,1.0000,,56
153.7141,-1,0,0,1,0,3.7012,1.0000,,56
153.7340,-1,0,0,1,0,3.7012,1.0000,,56
153.7551,-1,0,0,1,0,3.7012,1.0000,,56
153.7771,-1,0,0,1,0,3.7012,1.0000,,56
153.7963,-1,0,0,1,0,3.7012,1.0000,,56
153.8162,-1,0,0,1,0,3.7012,1.0000,,56
153.8364,-1,0,0,1,0,3.7012,1.0000,,56
153.8569,-1,0,0,1,0,3.7012,1.0000,,56
153.8778,-1,0,0,1,1,3.7012,2.0000,,56
153.8992,-1,0,0,1,0,3.7012,2.0000,,56
153.9192,-1,0,0,1,0,3.7012,2.0000,,56
153.9388,-1,0,0,1,0,3.7012,2.0000,,56
153.9596,-1,0,0,1,0,3.7012,2.0000,,56
153.9792,-1,0,0,1,0,3.7012,2.0000,,56
153.9998,-1,0,0,1,0,3.7012,2.0000,,56
154.0219,-1,0,0,1,0,3.7012,1.0000,,56
154.0412,-1,0,0,1,0,3.7012,1.0000,,56
154.0605,-1,0,0,1,0,3.7012,1.0000,,56
154.0811,-1,0,0,1,0,3.7012,1.0000,,56
154.1017,-1,0,0,1,0,3.7012,1.0000,,56
154.1221,-1,0,0,1,0,3.7012,1.0000,,56
154.1440,-1,0,0,1,0,3.7012,1.0000,,56
154.1639,-1,0,0,1,0,3.7012,1.0000,,56
154.1833,-1,0,0,1,0,3.7012,1.0000,,56
154.2034,-1,0,0,1,0,3.7012,1.0000,,56
154.2239,-1,0,0,1,0,3.7012,1.0000,,56
154.2443,-1,0,0,1,0,3.7012,1.0000,,56
154.2651,-1,0,0,1,0,3.7012,1.0000,,56
154.2862,-1,0,0,1,0,3.7012,1.0000,,56
154.3057,-1,0,0,1,0,3.7012,1.0000,,56
154.3268,-1,0,0,1,0,3.7012,1.0000,,56
154.3475,-1,0,0,1,0,3.7012,1.0000,,56
154.3678,-1,0,0,1,1,3.7012,2.0000,,56
154.3887,-1,0,0,1,0,3.7012,2.0000,,56
154.4096,-1,0,0,1,0,3.7012,2.0000,,56
154.4309,-1,0,0,1,0,3.7012,2.0000,,56
154.4502,-1,0,0,1,0,3.7012,2.0000,,56
154.4710,-1,0,0,1,0,3.7012,2.0000,,56
154.4911,-1,0,0,1,0,3.7012,2.0000,,56
154.5124,-1,0,0,1,0,3.7012,2.0000,,56
154.5332,-1,0,0,1,0,3.7012,2.0000,,56
154.5538,-1,0,0,1,0,3.7012,2.0000,,56
154.5724,-1,0,0,1,0,3.7012,2.0000,,56
154.5926,-1,0,0,1,0,3.7012,2.0000,,56
154.6136,-1,0,0,1,0,3.7012,2.0000,,56
154.6347,-1,0,0,1,0,3.7012,2.0000,,56
154.6579,-1,0,0,1,0,3.7012,2.0000,,56
154.6785,-1,0,0,1,0,3.7012,2.0000,,56
154.6961,-1,0,0,1,0,3.7012,2.0000,,56
154.7158,-1,0,0,1,0,3.7012,2.0000,,56
154.7357,-1,0,0,1,0,3.7012,2.0000,,56
154.7561,-1,0,0,1,0,3.7012,2.0000,,56
154.7769,-1,0,0,1,0,3.7012,2.0000,,56
154.7984,-1,0,0,1,0,3.7012,2.0000,,56
154.8171,-1,0,0,1,0,3.7012,2.0000,,56
154.8378,-1,0,0,1,1,3.7012,3.0000,,56
154.8584,-1,0,0,1,0,3.7012,3.0000,,56
154.8784,-1,0,0,1,0,3.7012,2.0000,,56
154.8993,-1,0,0,1,0,3.7012,2.0000,,56
154.9203,-1,0,0,1,0,3.7012,2.0000,,56
154.9389,-1,0,0,1,0,3.7012,2.0000,,56
154.9594,-1,0,0,1,0,3.7012,2.0000,,56
154.9804,-1,0,0,1,0,3.7012,2.0000,,56
155.0010,-1,0,0,1,0,3.7012,2.0000,,56
155.0211,-1,0,0,1,0,3.7012,2.0000,,56
155.0427,-1,0,0,1,0,3.7012,2.0000,,56
155.0627,-1,0,0,1,0,3.7012,2.0000,,56
155.0822,-1,0,0,1,0,3.7012,2.0000,,56
155.1022,-1,0,0,1,0,3.7012,2.0000,,56
155.1226,-1,0,0,1,0,3.7012,2.0000,,56
155.1439,-1,0,0,1,0,3.7012,2.0000,,56
155.1656,-1,0,0,1,0,3.7012,2.0000,,56
155.1855,-1,0,0,1,0,3.7012,2.0000,,56
155.2048,-1,0,0,1,0,3.7012,2.0000,,56
155.2250,-1,0,0,1,0,3.7012,2.0000,,56
155.2450,-1,0,0,1,0,3.7012,2.0000,,56
155.2667,-1,0,0,1,0,3.7012,2.0000,,56
155.2884,-1,0,0,1,0,3.7012,2.0000,,56
155.3083,-1,0,0,1,0,3.7012,2.0000,,56
155.3292,-1,0,0,1,1,3.7012,3.0000,,56
155.3492,-1,0,0,1,1,3.7012,5.0000,,57
155.3696,-1,0,0,1,0,3.7012,4.0000,,57
155.3909,-1,0,0,1,0,3.7012,4.0000,,57
155.4111,-1,0,0,0,0,3.7012,4.0000,"avoided",57
155.4330,-1,0,0,0,0,3.7012,4.0000,"avoided",57
155.4542,-1,0,0,0,0,3.7012,4.0000,"avoided",57
155.4754,-1,0,0,0,0,3.7012,4.0000,"avoided",57
155.4949,-1,0,0,0,0,3.7012,4.0000,"avoided",57
155.5160,-1,0,0,0,0,3.7012,4.0000,"avoided",57
155.5362,-1,0,0,0,0,3.7012,4.0000,"avoided",57
155.5567,-1,0,0,0,0,3.7012,4.0000,"avoided",57
155.5788,-1,0,0,0,0,3.7012,4.0000,"avoided",57
155.6007,-1,0,0,0,0,3.7012,4.0000,"avoided",57
155.6209,-1,0,0,0,0,3.7012,4.0000,"avoided",57
155.6423,-1,0,0,0,0,3.7012,4.0000,"avoided",57
155.6610,-1,0,0,0,0,3.7012,4.0000,"avoided",57
155.6812,-1,0,0,0,0,3.7012,4.0000,"avoided",57
155.7042,-1,0,0,0,0,3.7012,4.0000,"avoided",57
155.7238,-1,0,0,0,0,3.7012,4.0000,"avoided",57
155.7447,-1,0,0,0,0,3.7012,4.0000,"avoided",57
155.7657,-1,0,0,0,0,3.7012,4.0000,"avoided",57
155.7875,-1,0,0,0,0,3.7012,4.0000,"avoided",57
155.8082,-1,0,0,0,0,3.7012,4.0000,"avoided",57
155.8280,-1,0,0,0,0,3.7012,4.0000,"avoided",57
155.8484,-1,0,0,0,0,3.7012,3.0000,"avoided",57
155.8696,-1,0,0,0,0,3.7012,3.0000,"avoided",57
155.8907,-1,0,0,0,0,3.7012,3.0000,"avoided",57
155.9113,-1,0,0,0,0,3.7012,3.0000,"avoided",57
155.9331,-1,0,0,0,0,3.7012,3.0000,"avoided",57
155.9538,-1,0,0,0,0,3.7012,3.0000,"avoided",57
155.9746,-1,0,0,0,0,3.7012,3.0000,"avoided",57
155.9940,-1,0,0,0,0,3.7012,3.0000,"avoided",57
156.0147,-1,0,0,0,0,3.7012,3.0000,"avoided",57
156.0354,-1,0,0,0,0,3.7012,3.0000,"avoided",57
156.0555,-1,0,0,0,0,3.7012,3.0000,"avoided",57
156.0773,-1,0,0,0,0,3.7012,3.0000,"avoided",57
156.0983,-1,0,0,0,0,3.7012,3.0000,"avoided",57
156.1190,-1,0,0,0,0,3.7012,3.0000,"avoided",57
156.1383,-1,0,0,0,0,3.7012,3.0000,"avoided",57
156.1594,-1,0,0,0,0,3.7012,3.0000,"avoided",57
156.1804,-1,0,0,0,0,3.7012,3.0000,"avoided",57
156.2010,-1,0,0,0,0,3.7012,3.0000,"avoided",57
156.2218,-1,0,0,0,0,3.7012,3.0000,"avoided",57
156.2432,-1,0,0,0,0,3.7012,3.0000,"avoided",57
156.2631,-1,0,0,0,0,3.7012,3.0000,"avoided",57
156.2830,-1,0,0,0,0,3.7012,3.0000,"avoided",57
156.3032,-1,0,0,0,0,3.7012,3.0000,"avoided",57
156.3238,-1,0,0,0,0,3.7012,3.0000,"avoided",57
156.3448,-1,0,0,0,0,3.7012,2.0000,"avoided",57
156.3655,-1,0,0,0,0,3.7012,0.0000,"avoided",57
156.3870,-1,0,0,0,0,3.7012,0.0000,"avoided",57
156.4076,-1,0,0,0,0,3.7012,0.0000,"avoided",57
156.4263,-1,0,0,0,0,3.7012,0.0000,"avoided",57
156.4477,-1,0,0,0,0,3.7012,0.0000,"avoided",57
156.4682,-1,0,0,0,0,3.7012,0.0000,"avoided",57
156.4892,-1,0,0,0,0,3.7012,0.0000,"avoided",57
156.5100,-1,0,0,0,0,3.7012,0.0000,"avoided",57
156.5318,-1,0,0,0,0,3.7012,0.0000,"avoided",57
156.5532,-1,0,0,0,0,3.7012,0.0000,"avoided",57
156.5718,-1,0,0,0,0,3.7012,0.0000,"avoided",57
156.5924,-1,0,0,0,0,3.7012,0.0000,"avoided",57
156.6131,-1,0,0,0,0,3.7012,0.0000,"avoided",57
156.6421,-1,0,0,0,0,3.7012,0.0000,"avoided",57
156.6625,-1,0,0,0,0,3.7012,0.0000,"avoided",57
156.6826,-1,0,0,0,0,3.7012,0.0000,"avoided",57
156.7029,-1,0,0,0,0,3.7012,0.0000,"avoided",57
156.7250,-1,0,0,0,0,3.7012,0.0000,"avoided",57
156.7451,-1,0,0,0,0,3.7012,0.0000,"avoided",57
156.7663,-1,0,0,0,0,3.7012,0.0000,"avoided",57
156.7878,-1,0,0,0,0,3.7012,0.0000,"avoided",57
156.8085,-1,0,0,0,0,3.7012,0.0000,"avoided",57
156.8270,-1,0,0,0,0,3.7012,0.0000,"avoided",57
156.8479,-1,0,0,0,0,3.7012,0.0000,"avoided",57
156.8689,-1,0,0,0,0,3.7012,0.0000,"avoided",57
156.8893,-1,0,0,0,0,3.7012,0.0000,"avoided",57
156.9105,-1,0,0,0,0,3.7012,0.0000,"avoided",57
156.9320,-1,0,0,0,0,3.7012,0.0000,"avoided",57
156.9521,-1,0,0,0,0,3.7012,0.0000,"avoided",57
156.9716,-1,0,0,0,0,3.7012,0.0000,"avoided",57
156.9933,-1,0,0,0,0,3.7012,0.0000,"avoided",57
157.0170,-1,0,0,0,0,3.7012,0.0000,"avoided",57
157.0362,-1,0,0,0,0,3.7012,0.0000,"avoided",57
157.0571,-1,0,0,0,0,3.7012,0.0000,"avoided",57
157.0778,-1,0,0,0,0,3.7012,0.0000,"avoided",57
157.0992,-1,0,0,0,0,3.7012,0.0000,"avoided",57
157.1203,-1,0,0,0,0,3.7012,0.0000,"avoided",57
157.1388,-1,0,0,0,0,3.7012,0.0000,"avoided",57
157.1594,-1,0,0,0,0,3.7012,0.0000,"avoided",57
157.1796,-1,0,0,1,0,-1.0000,0.0000,,57
157.2007,-1,0,0,1,0,-1.0000,0.0000,,57
157.2217,-1,0,0,1,0,-1.0000,0.0000,,57
157.2431,-1,0,0,1,0,-1.0000,0.0000,,57
157.2634,-1,0,0,1,0,-1.0000,0.0000,,57
157.2825,-1,0,0,1,0,-1.0000,0.0000,,57
157.3050,-1,0,0,1,0,-1.0000,0.0000,,57
157.3248,-1,0,0,1,0,-1.0000,0.0000,,57
157.3466,-1,0,0,1,0,-1.0000,0.0000,,57
157.3680,-1,0,0,1,0,-1.0000,0.0000,,57
157.3893,-1,0,0,1,0,-1.0000,0.0000,,57
157.4108,-1,0,0,1,0,-1.0000,0.0000,,57
157.4327,-1,0,0,1,0,-1.0000,0.0000,,57
157.4506,-1,0,0,1,0,-1.0000,0.0000,,57
157.4727,-1,0,0,1,0,-1.0000,0.0000,,57
157.4927,-1,0,0,1,0,-1.0000,0.0000,,57
157.5139,-1,0,0,1,0,-1.0000,0.0000,,57
157.5348,-1,0,0,1,1,0.3553,2.0000,,57
157.5574,-1,0,0,1,1,0.3553,3.0000,,57
157.5788,-1,0,0,1,0,0.3553,3.0000,,57
157.5990,-1,0,0,0,0,0.3553,3.0000,"avoided",57
157.6196,-1,0,0,0,0,0.3553,3.0000,"avoided",57
157.6408,-1,0,0,0,0,0.3553,3.0000,"avoided",57
157.6606,-1,0,0,0,0,0.3553,3.0000,"avoided",57
157.6808,-1,0,0,0,0,0.3553,3.0000,"avoided",57
157.7015,-1,0,0,0,0,0.3553,3.0000,"avoided",57
157.7237,-1,0,0,0,0,0.3553,3.0000,"avoided",57
157.7451,-1,0,0,0,0,0.3553,3.0000,"avoided",57
157.7663,-1,0,0,0,0,0.3553,3.0000,"avoided",57
157.7862,-1,0,0,0,0,0.3553,3.0000,"avoided",57
157.8054,-1,0,0,0,0,0.3553,3.0000,"avoided",57
157.8257,-1,0,0,0,0,0.3553,3.0000,"avoided",57
157.8464,-1,0,0,0,0,0.3553,3.0000,"avoided",57
157.8668,-1,0,0,0,0,0.3553,3.0000,"avoided",57
157.8882,-1,0,0,0,0,0.3553,3.0000,"avoided",57
157.9081,-1,0,0,0,0,0.3553,3.0000,"avoided",57
157.9275,-1,0,0,0,0,0.3553,3.0000,"avoided",57
157.9475,-1,0,0,0,0,0.3553,3.0000,"avoided",57
157.9684,-1,0,0,0,0,0.3553,3.0000,"avoided",57
157.9884,-1,0,0,0,0,0.3553,3.0000,"avoided",57
158.0090,-1,0,0,0,0,0.3553,3.0000,"avoided",57
158.0287,-1,0,0,0,0,0.3553,3.0000,"avoided",57
158.0486,-1,0,0,0,0,0.3553,3.0000,"avoided",57
158.0683,-1,0,0,0,0,0.3553,3.0000,"avoided",57
158.0887,-1,0,0,0,0,0.3553,3.0000,"avoided",57
158.1106,-1,0,0,0,0,0.3553,3.0000,"avoided",57
158.1343,-1,0,0,0,0,0.3553,3.0000,"avoided",57
158.1490,-1,0,0,0,0,0.3553,3.0000,"avoided",57
158.1694,-1,0,0,0,0,0.3553,3.0000,"avoided",57
158.1901,-1,0,0,0,1,0.3553,4.0000,"avoided",57
158.2099,-1,0,0,0,0,0.3553,4.0000,"avoided",57
158.2305,-1,0,0,0,0,0.3553,4.0000,"avoided",57
158.2492,-1,0,0,0,0,0.3553,4.0000,"avoided",57
158.2694,-1,0,0,0,0,0.3553,4.0000,"avoided",57
158.2898,-1,0,0,0,0,0.3553,4.0000,"avoided",57
158.3100,-1,0,0,0,0,0.3553,4.0000,"avoided",57
158.3308,-1,0,0,0,0,0.3553,4.0000,"avoided",57
158.3499,-1,0,0,0,0,0.3553,4.0000,"avoided",57
158.3702,-1,0,0,0,0,0.3553,4.0000,"avoided",57
158.3909,-1,0,0,0,0,0.3553,4.0000,"avoided",57
158.4115,-1,0,0,0,0,0.3553,4.0000,"avoided",57
158.4320,-1,0,0,0,0,0.3553,4.0000,"avoided",57
158.4520,-1,0,0,0,0,0.3553,4.0000,"avoided",57
158.4714,-1,0,0,0,0,0.3553,4.0000,"avoided",57
158.4913,-1,0,0,0,0,0.3553,4.0000,"avoided",57
158.5119,-1,0,0,0,0,0.3553,4.0000,"avoided",57
158.5320,-1,0,0,0,0,0.3553,4.0000,"avoided",57
158.5533,-1,0,0,0,0,0.3553,2.0000,"avoided",57
158.5725,-1,0,0,0,0,0.3553,1.0000,"avoided",57
158.5929,-1,0,0,0,0,0.3553,1.0000,"avoided",57
158.6131,-1,0,0,0,0,0.3553,1.0000,"avoided",57
158.6333,-1,0,0,0,0,0.3553,1.0000,"avoided",57
158.6545,-1,0,0,0,0,0.3553,1.0000,"avoided",57
158.6745,-1,0,0,0,0,0.3553,1.0000,"avoided",57
158.6938,-1,0,0,0,0,0.3553,1.0000,"avoided",57
158.7137,-1,0,0,0,0,0.3553,1.0000,"avoided",57
158.7342,-1,0,0,0,0,0.3553,1.0000,"avoided",57
158.7557,-1,0,0,0,0,0.3553,1.0000,"avoided",57
158.7769,-1,0,0,0,0,0.3553,1.0000,"avoided",57
158.7965,-1,0,0,0,0,0.3553,1.0000,"avoided",57
158.8165,-1,0,0,0,0,0.3553,1.0000,"avoided",57
158.8361,-1,0,0,0,0,0.3553,1.0000,"avoided",57
158.8564,-1,0,0,0,0,0.3553,1.0000,"avoided",57
158.8769,-1,0,0,0,0,0.3553,1.0000,"avoided",57
158.8984,-1,0,0,0,0,0.3553,1.0000,"avoided",57
158.9181,-1,0,0,0,0,0.3553,1.0000,"avoided",57
158.9377,-1,0,0,0,0,0.3553,1.0000,"avoided",57
158.9574,-1,0,0,0,0,0.3553,1.0000,"avoided",57
158.9771,-1,0,0,0,0,0.3553,1.0000,"avoided",57
158.9978,-1,0,0,0,0,0.3553,1.0000,"avoided",57
159.0196,-1,0,0,0,0,0.3553,1.0000,"avoided",57
159.0378,-1,0,0,0,0,0.3553,1.0000,"avoided",57
159.0585,-1,0,0,0,0,0.3553,1.0000,"avoided",57
159.0786,-1,0,0,0,0,0.3553,1.0000,"avoided",57
159.0988,-1,0,0,0,0,0.3553,1.0000,"avoided",57
159.1193,-1,0,0,0,0,0.3553,1.0000,"avoided",57
159.1384,-1,0,0,0,0,0.3553,1.0000,"avoided",57
159.1585,-1,0,0,0,0,0.3553,1.0000,"avoided",57
159.1788,-1,0,0,0,0,0.3553,1.0000,"avoided",57
159.1997,-1,0,0,0,0,0.3553,0.0000,"avoided",57
159.2204,-1,0,0,0,0,0.3553,0.0000,"avoided",57
159.2409,-1,0,0,0,0,0.3553,0.0000,"avoided",57
159.2598,-1,0,0,0,0,0.3553,0.0000,"avoided",57
159.2798,-1,0,0,0,0,0.3553,0.0000,"avoided",57
159.3003,-1,0,0,0,0,0.3553,0.0000,"avoided",57
159.3216,-1,0,0,0,0,0.3553,0.0000,"avoided",57
159.3412,-1,0,0,0,0,0.3553,0.0000,"avoided",57
159.3605,-1,0,0,0,0,0.3553,0.0000,"avoided",57
159.3807,-1,0,0,0,0,0.3553,0.0000,"avoided",57
159.4009,-1,0,0,0,0,0.3553,0.0000,"avoided",57
159.4220,-1,0,0,0,0,0.3553,0.0000,"avoided",57
159.4430,-1,0,0,0,0,0.3553,0.0000,"avoided",57
159.4625,-1,0,0,0,0,0.3553,0.0000,"avoided",57
159.4821,-1,0,0,0,0,0.3553,0.0000,"avoided",57
159.5024,-1,0,0,0,0,0.3553,0.0000,"avoided",57
159.5233,-1,0,0,0,0,0.3553,0.0000,"avoided",57
159.5430,-1,0,0,0,0,0.3553,0.0000,"avoided",57
159.5647,-1,0,0,0,0,0.3553,0.0000,"avoided",57
159.5836,-1,0,0,0,0,0.3553,0.0000,"avoided",57
159.6035,-1,0,0,0,0,0.3553,0.0000,"avoided",57
159.6248,-1,0,0,0,0,0.3553,0.0000,"avoided",57
159.6463,-1,0,0,0,0,0.3553,0.0000,"avoided",57
159.6673,-1,0,0,0,0,0.3553,0.0000,"avoided",57
159.6884,-1,0,0,0,0,0.3553,0.0000,"avoided",57
159.7085,-1,0,0,0,0,0.3553,0.0000,"avoided",57
159.7268,-1,0,0,0,0,0.3553,0.0000,"avoided",57
159.7476,-1,0,0,0,0,0.3553,0.0000,"avoided",57
159.7677,-1,0,0,0,0,0.3553,0.0000,"avoided",57
159.7908,-1,0,0,0,0,0.3553,0.0000,"avoided",57
159.8105,-1,0,0,0,0,0.3553,0.0000,"avoided",57
159.8301,-1,0,0,0,0,0.3553,0.0000,"avoided",57
159.8488,-1,0,0,0,0,0.3553,0.0000,"avoided",57
159.8691,-1,0,0,0,0,0.3553,0.0000,"avoided",57
159.8891,-1,0,0,0,0,0.3553,0.0000,"avoided",57
159.9100,-1,0,0,0,0,0.3553,0.0000,"avoided",57
159.9307,-1,0,0,0,0,0.3553,0.0000,"avoided",57
159.9498,-1,0,0,0,0,0.3553,0.0000,"avoided",57
159.9699,-1,0,0,0,0,0.3553,0.0000,"avoided",57
159.9898,-1,0,0,0,0,0.3553,0.0000,"avoided",57
160.0107,-1,0,0,0,0,0.3553,0.0000,"avoided",57
160.0325,-1,0,0,0,0,0.3553,0.0000,"avoided",57
160.0521,-1,0,0,0,0,0.3553,0.0000,"avoided",57
160.0714,-1,0,0,0,0,0.3553,0.0000,"avoided",57
160.0919,-1,0,0,0,0,0.3553,0.0000,"avoided",57
160.1116,-1,0,0,0,0,0.3553,0.0000,"avoided",57
160.1323,-1,0,0,0,0,0.3553,0.0000,"avoided",57
160.1530,-1,0,0,0,0,0.3553,0.0000,"avoided",57
160.1715,-1,0,0,0,0,0.3553,0.0000,"avoided",57
160.1920,-1,0,0,0,0,0.3553,0.0000,"avoided",57
160.2119,-1,0,0,0,0,0.3553,0.0000,"avoided",57
160.2330,-1,0,0,0,0,0.3553,0.0000,"avoided",57
160.2539,-1,0,0,0,0,0.3553,0.0000,"avoided",57
160.2737,-1,0,0,0,0,0.3553,0.0000,"avoided",57
160.2927,-1,0,0,0,0,0.3553,0.0000,"avoided",57
160.3131,-1,0,0,0,0,0.3553,0.0000,"avoided",57
160.3338,-1,0,0,0,0,0.3553,0.0000,"avoided",57
160.3543,-1,0,0,0,0,0.3553,0.0000,"avoided",57
160.3753,-1,0,0,0,0,0.3553,0.0000,"avoided",57
160.3944,-1,0,0,0,0,0.3553,0.0000,"avoided",57
160.4146,-1,0,0,0,0,0.3553,0.0000,"avoided",57
160.4346,-1,0,0,0,0,0.3553,0.0000,"avoided",57
160.4552,-1,0,0,0,0,0.3553,0.0000,"avoided",57
160.4754,-1,0,0,0,0,0.3553,0.0000,"avoided",57
160.4956,-1,0,0,0,0,0.3553,0.0000,"avoided",57
160.5148,-1,0,0,0,1,0.3553,1.0000,"avoided",57
160.5348,-1,0,0,0,0,0.3553,1.0000,"avoided",57
160.5558,-1,0,0,0,0,0.3553,1.0000,"avoided",57
160.5760,-1,0,0,0,0,0.3553,1.0000,"avoided",57
160.5960,-1,0,0,0,0,0.3553,1.0000,"avoided",57
160.6151,-1,0,0,0,0,0.3553,1.0000,"avoided",57
160.6355,-1,0,0,0,0,0.3553,1.0000,"avoided",57
160.6570,-1,0,0,0,0,0.3553,1.0000,"avoided",57
160.6763,-1,0,0,0,0,0.3553,1.0000,"avoided",57
160.6973,-1,0,0,0,0,0.3553,1.0000,"avoided",57
160.7170,-1,0,0,0,0,0.3553,1.0000,"avoided",57
160.7365,-1,0,0,0,0,0.3553,1.0000,"avoided",57
160.7567,-1,0,0,0,0,0.3553,1.0000,"avoided",57
160.7773,-1,0,0,0,0,0.3553,1.0000,"avoided",57
160.7979,-1,0,0,0,0,0.3553,1.0000,"avoided",57
160.8180,-1,0,0,0,0,0.3553,1.0000,"avoided",57
160.8372,-1,0,0,0,0,0.3553,1.0000,"avoided",57
160.8586,-1,0,0,0,0,0.3553,1.0000,"avoided",57
160.8782,-1,0,0,0,0,0.3553,1.0000,"avoided",57
160.8988,-1,0,0,0,0,0.3553,1.0000,"avoided",57
160.9199,-1,0,0,0,0,0.3553,1.0000,"avoided",57
160.9384,-1,0,0,0,0,0.3553,1.0000,"avoided",58
160.9585,-1,0,0,0,0,0.3553,1.0000,"avoided",58
160.9789,-1,0,0,0,0,0.3553,1.0000,"avoided",58
161.0003,-1,0,0,0,0,0.3553,1.0000,"avoided",58
161.0222,-1,0,0,0,1,0.3553,3.0000,"avoided",58
161.0432,-1,0,0,0,1,0.3553,4.0000,"avoided",58
161.0619,-1,0,0,0,0,0.3553,4.0000,"avoided",58
161.0822,-1,0,0,0,0,0.3553,4.0000,"avoided",58
161.1035,-1,0,0,0,0,0.3553,4.0000,"avoided",58
161.1234,-1,0,0,0,0,0.3553,4.0000,"avoided",58
161.1441,-1,0,0,0,0,0.3553,4.0000,"avoided",58
161.1663,-1,0,0,0,0,0.3553,4.0000,"avoided",58
161.1866,-1,0,0,0,0,0.3553,4.0000,"avoided",58
161.2066,-1,0,0,0,0,0.3553,4.0000,"avoided",58
161.2269,-1,0,0,0,0,0.3553,4.0000,"avoided",58
161.2476,-1,0,0,0,0,0.3553,4.0000,"avoided",58
161.2684,-1,0,0,0,0,0.3553,4.0000,"avoided",58
161.2899,-1,0,0,0,0,0.3553,4.0000,"avoided",58
161.3119,-1,0,0,0,0,0.3553,4.0000,"avoided",58
161.3332,-1,0,0,0,0,0.3553,4.0000,"avoided",58
161.3544,-1,0,0,0,0,0.3553,4.0000,"avoided",58
161.3727,-1,0,0,0,0,0.3553,4.0000,"avoided",58
161.3936,-1,0,0,0,0,0.3553,4.0000,"avoided",58
161.4143,-1,0,0,0,0,0.3553,4.0000,"avoided",58
161.4353,-1,0,0,0,0,0.3553,4.0000,"avoided",58
161.4567,-1,0,0,0,0,0.3553,4.0000,"avoided",58
161.4787,-1,0,0,0,0,0.3553,4.0000,"avoided",58
161.4994,-1,0,0,0,0,0.3553,4.0000,"avoided",58
161.5215,-1,0,0,0,0,0.3553,3.0000,"avoided",58
161.5421,-1,0,0,0,0,0.3553,3.0000,"avoided",58
161.5611,-1,0,0,0,0,0.3553,3.0000,"avoided",58
161.5822,-1,0,0,0,0,0.3553,3.0000,"avoided",58
161.6027,-1,0,0,0,0,0.3553,3.0000,"avoided",58
161.6234,-1,0,0,0,0,0.3553,3.0000,"avoided",58
161.6418,-1,0,0,0,0,0.3553,3.0000,"avoided",58
161.6719,-1,0,0,0,0,0.3553,3.0000,"avoided",58
161.6917,-1,0,0,0,0,0.3553,3.0000,"avoided",58
161.7130,-1,0,0,0,0,0.3553,3.0000,"avoided",58
161.7345,-1,0,0,0,0,0.3553,3.0000,"avoided",58
161.7561,-1,0,0,0,0,0.3553,3.0000,"avoided",58
161.7770,-1,0,0,0,0,0.3553,3.0000,"avoided",58
161.7982,-1,0,0,0,0,0.3553,3.0000,"avoided",58
161.8184,-1,0,0,0,0,0.3553,3.0000,"avoided",58
161.8390,-1,0,0,0,1,0.3553,4.0000,"avoided",58
161.8599,-1,0,0,0,0,0.3553,4.0000,"avoided",58
161.8801,-1,0,0,0,0,0.3553,4.0000,"avoided",58
161.9006,-1,0,0,0,0,0.3553,4.0000,"avoided",58
161.9216,-1,0,0,0,0,0.3553,4.0000,"avoided",58
161.9424,-1,0,0,0,0,0.3553,4.0000,"avoided",58
161.9630,-1,0,0,0,0,0.3553,4.0000,"avoided",58
161.9818,-1,0,0,0,0,0.3553,4.0000,"avoided",58
162.0025,-1,0,0,0,0,0.3553,4.0000,"avoided",58
162.0237,-1,0,0,0,0,0.3553,2.0000,"avoided",58
162.0445,-1,0,0,0,0,0.3553,1.0000,"avoided",58
162.0655,-1,0,0,0,0,0.3553,1.0000,"avoided",58
162.0868,-1,0,0,0,0,0.3553,1.0000,"avoided",58
162.1065,-1,0,0,0,0,0.3553,1.0000,"avoided",58
162.1285,-1,0,0,0,0,0.3553,1.0000,"avoided",58
162.1492,-1,0,0,0,0,0.3553,1.0000,"avoided",58
162.1691,-1,0,0,0,0,0.3553,1.0000,"avoided",58
162.1899,-1,0,0,0,0,0.3553,1.0000,"avoided",58
162.2111,-1,0,0,0,0,0.3553,1.0000,"avoided",58
162.2319,-1,0,0,0,0,0.3553,1.0000,"avoided",58
162.2530,-1,0,0,0,0,0.3553,1.0000,"avoided",58
162.2733,-1,0,0,0,0,0.3553,1.0000,"avoided",58
162.2931,-1,0,0,0,0,0.3553,1.0000,"avoided",58
162.3134,-1,0,0,0,0,0.3553,1.0000,"avoided",58
162.3354,-1,0,0,0,0,0.3553,1.0000,"avoided",58
162.3559,-1,0,0,0,0,0.3553,1.0000,"avoided",58
162.3767,-1,0,0,0,0,0.3553,1.0000,"avoided",58
162.3983,-1,0,0,0,0,0.3553,1.0000,"avoided",58
162.4185,-1,0,0,0,0,0.3553,1.0000,"avoided",58
162.4377,-1,0,0,0,0,0.3553,1.0000,"avoided",58
162.4585,-1,0,0,0,0,0.3553,1.0000,"avoided",58
162.4787,-1,0,0,0,0,0.3553,1.0000,"avoided",58
162.5002,-1,0,0,0,0,0.3553,1.0000,"avoided",58
162.5224,-1,0,0,0,0,0.3553,1.0000,"avoided",58
162.5428,-1,0,0,0,0,0.3553,1.0000,"avoided",58
162.5625,-1,0,0,0,0,0.3553,1.0000,"avoided",58
162.5824,-1,0,0,0,0,0.3553,1.0000,"avoided",58
162.6034,-1,0,0,0,0,0.3553,1.0000,"avoided",58
162.6248,-1,0,0,0,0,0.3553,1.0000,"avoided",58
162.6463,-1,0,0,0,0,0.3553,1.0000,"avoided",58
162.6672,-1,0,0,0,0,0.3553,1.0000,"avoided",58
162.6881,-1,0,0,0,0,0.3553,1.0000,"avoided",58
162.7095,-1,0,0,0,0,0.3553,1.0000,"avoided",58
162.7286,-1,0,0,0,0,0.3553,1.0000,"avoided",58
162.7485,-1,0,0,0,0,0.3553,1.0000,"avoided",58
162.7704,-1,0,0,0,0,0.3553,1.0000,"avoided",58
162.7914,-1,0,0,0,0,0.3553,1.0000,"avoided",58
162.8122,-1,0,0,0,0,0.3553,1.0000,"avoided",58
162.8347,-1,0,0,0,0,0.3553,1.0000,"avoided",58
162.8561,-1,0,0,0,0,0.3553,0.0000,"avoided",58
162.8806,-1,0,0,0,0,0.3553,0.0000,"avoided",58
162.9012,-1,0,0,0,0,0.3553,0.0000,"avoided",58
162.9221,-1,0,0,0,0,0.3553,0.0000,"avoided",58
162.9442,-1,0,0,0,0,0.3553,0.0000,"avoided",58
162.9656,-1,0,0,0,0,0.3553,0.0000,"avoided",58
162.9836,-1,0,0,0,0,0.3553,0.0000,"avoided",58
163.0043,-1,0,0,0,0,0.3553,0.0000,"avoided",58
163.0254,-1,0,0,0,0,0.3553,0.0000,"avoided",58
163.0457,-1,0,0,0,0,0.3553,0.0000,"avoided",58
163.0676,-1,0,0,0,0,0.3553,0.0000,"avoided",58
163.0883,-1,0,0,0,0,0.3553,0.0000,"avoided",58
163.1063,-1,0,0,0,0,0.3553,0.0000,"avoided",58
163.1273,-1,0,0,0,0,0.3553,0.0000,"avoided",58
163.1480,-1,0,0,0,0,0.3553,0.0000,"avoided",58
163.1683,-1,0,0,0,0,0.3553,0.0000,"avoided",58
163.1893,-1,0,0,0,0,0.3553,0.0000,"avoided",58
163.2118,-1,0,0,0,0,0.3553,0.0000,"avoided",58
163.2287,-1,0,0,0,0,0.3553,0.0000,"avoided",58
163.2485,-1,0,0,0,0,0.3553,0.0000,"avoided",58
163.2700,-1,0,0,0,0,0.3553,0.0000,"avoided",58
163.2906,-1,0,0,0,0,0.3553,0.0000,"avoided",58
163.3108,-1,0,0,0,0,0.3553,0.0000,"avoided",58
163.3344,-1,0,0,0,0,0.3553,0.0000,"avoided",58
163.3546,-1,0,0,0,0,0.3553,0.0000,"avoided",58
163.3739,-1,0,0,0,0,0.3553,0.0000,"avoided",58
163.3958,-1,0,0,0,0,0.3553,0.0000,"avoided",58
163.4166,-1,0,0,0,0,0.3553,0.0000,"avoided",58
163.4384,-1,0,0,0,0,0.3553,0.0000,"avoided",58
163.4593,-1,0,0,0,0,0.3553,0.0000,"avoided",58
163.4806,-1,0,0,0,0,0.3553,0.0000,"avoided",58
163.5026,-1,0,0,0,0,0.3553,0.0000,"avoided",58
163.5248,-1,0,0,0,0,0.3553,0.0000,"avoided",58
163.5459,-1,0,0,0,0,0.3553,0.0000,"avoided",58
163.5679,-1,0,0,0,0,0.3553,0.0000,"avoided",58
163.5897,-1,0,0,0,0,0.3553,0.0000,"avoided",58
163.6108,-1,0,0,0,0,0.3553,0.0000,"avoided",58
163.6332,-1,0,0,0,0,0.3553,0.0000,"avoided",58
163.6519,-1,0,0,0,0,0.3553,0.0000,"avoided",58
163.6732,-1,0,0,0,0,0.3553,0.0000,"avoided",58
163.6942,-1,0,0,0,0,0.3553,0.0000,"avoided",58
163.7156,-1,0,0,0,0,0.3553,0.0000,"avoided",58
163.7352,-1,0,0,0,0,0.3553,0.0000,"avoided",58
163.7572,-1,0,0,0,0,0.3553,0.0000,"avoided",58
163.7802,-1,0,0,0,0,0.3553,0.0000,"avoided",58
163.8017,-1,0,0,0,0,0.3553,0.0000,"avoided",58
163.8226,-1,0,0,0,0,0.3553,0.0000,"avoided",58
163.8408,-1,0,0,0,0,0.3553,0.0000,"avoided",58
163.8621,-1,0,0,0,0,0.3553,0.0000,"avoided",58
163.8849,-1,0,0,0,0,0.3553,0.0000,"avoided",58
163.9080,-1,0,0,0,0,0.3553,0.0000,"avoided",58
163.9276,-1,0,0,0,0,0.3553,0.0000,"avoided",58
163.9497,-1,0,0,0,0,0.3553,0.0000,"avoided",58
163.9701,-1,0,0,0,0,0.3553,0.0000,"avoided",58
163.9913,-1,0,0,0,0,0.3553,0.0000,"avoided",58
164.0128,-1,0,0,0,0,0.3553,0.0000,"avoided",58
164.0334,-1,0,0,0,0,0.3553,0.0000,"avoided",58
164.0553,-1,0,0,0,0,0.3553,0.0000,"avoided",58
164.0778,-1,0,0,0,0,0.3553,0.0000,"avoided",58
164.0966,-1,0,0,0,0,0.3553,0.0000,"avoided",58
164.1172,-1,0,0,0,0,0.3553,0.0000,"avoided",58
164.1388,-1,0,0,0,0,0.3553,0.0000,"avoided",58
164.1590,-1,0,0,0,0,0.3553,0.0000,"avoided",58
164.1803,-1,0,0,0,0,0.3553,0.0000,"avoided",58
164.2035,-1,0,0,0,0,0.3553,0.0000,"avoided",58
164.2255,-1,0,0,0,0,0.3553,0.0000,"avoided",58
164.2470,-1,0,0,0,0,0.3553,0.0000,"avoided",58
164.2689,-1,0,0,0,0,0.3553,0.0000,"avoided",58
164.2903,-1,0,0,0,0,0.3553,0.0000,"avoided",58
164.3121,-1,0,0,0,0,0.3553,0.0000,"avoided",58
164.3336,-1,0,0,0,0,0.3553,0.0000,"avoided",58
164.3551,-1,0,0,0,0,0.3553,0.0000,"avoided",58
164.3776,-1,0,0,0,0,0.3553,0.0000,"avoided",58
164.3992,-1,0,0,0,0,0.3553,0.0000,"avoided",58
164.4184,-1,0,0,0,0,0.3553,0.0000,"avoided",58
164.4406,-1,0,0,0,0,0.3553,0.0000,"avoided",58
164.4602,-1,0,0,0,0,0.3553,0.0000,"avoided",58
164.4803,-1,0,0,0,0,0.3553,0.0000,"avoided",58
164.5034,-1,0,0,0,0,0.3553,0.0000,"avoided",58
164.5240,-1,0,0,0,0,0.3553,0.0000,"avoided",58
164.5440,-1,0,0,0,0,0.3553,0.0000,"avoided",58
164.5656,-1,0,0,0,0,0.3553,0.0000,"avoided",58
164.5865,-1,0,0,0,0,0.3553,0.0000,"avoided",58
164.6050,-1,0,0,0,0,0.3553,0.0000,"avoided",58
164.6264,-1,0,0,0,0,0.3553,0.0000,"avoided",58
164.6483,-1,0,0,0,0,0.3553,0.0000,"avoided",58
164.6691,-1,0,0,0,0,0.3553,0.0000,"avoided",58
164.6889,-1,0,0,0,0,0.3553,0.0000,"avoided",58
164.7119,-1,0,0,0,0,0.3553,0.0000,"avoided",58
164.7346,-1,0,0,0,0,0.3553,0.0000,"avoided",58
164.7538,-1,0,0,0,0,0.3553,0.0000,"avoided",58
164.7740,-1,0,0,0,0,0.3553,0.0000,"avoided",58
164.7962,-1,0,0,0,0,0.3553,0.0000,"avoided",58
164.8163,-1,0,0,0,0,0.3553,0.0000,"avoided",58
164.8366,-1,0,0,0,0,0.3553,0.0000,"avoided",58
164.8577,-1,0,0,0,0,0.3553,0.0000,"avoided",58
164.8790,-1,0,0,0,0,0.3553,0.0000,"avoided",58
164.9014,-1,0,0,0,0,0.3553,0.0000,"avoided",58
164.9233,-1,0,0,0,0,0.3553,0.0000,"avoided",58
164.9432,-1,0,0,0,0,0.3553,0.0000,"avoided",58
164.9643,-1,0,0,0,0,0.3553,0.0000,"avoided",58
164.9848,-1,0,0,0,0,0.3553,0.0000,"avoided",58
165.0056,-1,0,0,0,0,0.3553,0.0000,"avoided",58
165.0254,-1,0,0,0,0,0.3553,0.0000,"avoided",58
165.0472,-1,0,0,0,0,0.3553,0.0000,"avoided",58
165.0674,-1,0,0,0,0,0.3553,0.0000,"avoided",58
165.0890,-1,0,0,0,0,0.3553,0.0000,"avoided",58
165.1102,-1,0,0,0,0,0.3553,0.0000,"avoided",58
165.1307,-1,0,0,0,0,0.3553,0.0000,"avoided",58
165.1507,-1,0,0,0,0,0.3553,0.0000,"avoided",58
165.1706,-1,0,0,0,0,0.3553,0.0000,"avoided",58
165.1907,-1,0,0,0,0,0.3553,0.0000,"avoided",58
165.2119,-1,0,0,0,0,0.3553,0.0000,"avoided",58
165.2359,-1,0,0,0,0,0.3553,0.0000,"avoided",58
165.2547,-1,0,0,0,0,0.3553,0.0000,"avoided",58
165.2768,-1,0,0,0,0,0.3553,0.0000,"avoided",58
165.2963,-1,0,0,0,0,0.3553,0.0000,"avoided",58
165.3176,-1,0,0,0,0,0.3553,0.0000,"avoided",58
165.3365,-1,0,0,0,0,0.3553,0.0000,"avoided",58
165.3581,-1,0,0,0,0,0.3553,0.0000,"avoided",58
165.3830,-1,0,0,0,0,0.3553,0.0000,"avoided",58
165.4050,-1,0,0,0,0,0.3553,0.0000,"avoided",58
165.4225,-1,0,0,0,0,0.3553,0.0000,"avoided",58
165.4451,-1,0,0,0,0,0.3553,0.0000,"avoided",58
165.4670,-1,0,0,0,0,0.3553,0.0000,"avoided",58
165.4885,-1,0,0,0,0,0.3553,0.0000,"avoided",58
165.5103,-1,0,0,0,0,0.3553,0.0000,"avoided",58
165.5294,-1,0,0,0,0,0.3553,0.0000,"avoided",58
165.5504,-1,0,0,0,0,0.3553,0.0000,"avoided",58
165.5737,-1,0,0,0,0,0.3553,0.0000,"avoided",58
165.5924,-1,0,0,0,0,0.3553,0.0000,"avoided",58
165.6134,-1,0,0,0,0,0.3553,0.0000,"avoided",58
165.6334,-1,0,0,0,0,0.3553,0.0000,"avoided",58
165.6565,-1,0,0,0,0,0.3553,0.0000,"avoided",58
165.6773,-1,0,0,0,0,0.3553,0.0000,"avoided",58
165.6974,-1,0,0,0,0,0.3553,0.0000,"avoided",58
165.7161,-1,0,0,0,0,0.3553,0.0000,"avoided",58
165.7377,-1,0,0,0,0,0.3553,0.0000,"avoided",58
165.7567,-1,0,0,0,0,0.3553,0.0000,"avoided",58
165.7781,-1,0,0,0,0,0.3553,0.0000,"avoided",58
165.8003,-1,0,0,0,0,0.3553,0.0000,"avoided",58
165.8226,-1,0,0,0,0,0.3553,0.0000,"avoided",58
165.8415,-1,0,0,0,1,0.3553,2.0000,"avoided",58
165.8619,-1,0,0,0,1,0.3553,3.0000,"avoided",58
165.8844,-1,0,0,0,0,0.3553,3.0000,"avoided",58
165.9049,-1,0,0,0,0,0.3553,3.0000,"avoided",58
165.9255,-1,0,0,0,0,0.3553,3.0000,"avoided",58
165.9491,-1,0,0,0,0,0.3553,3.0000,"avoided",58
165.9688,-1,0,0,0,0,0.3553,3.0000,"avoided",58
165.9909,-1,0,0,0,0,0.3553,3.0000,"avoided",58
166.0128,-1,0,0,0,0,0.3553,3.0000,"avoided",58
166.0331,-1,0,0,0,0,0.3553,3.0000,"avoided",58
166.0548,-1,0,0,0,0,0.3553,3.0000,"avoided",58
166.0734,-1,0,0,0,0,0.3553,3.0000,"avoided",58
166.0941,-1,0,0,0,0,0.3553,3.0000,"avoided",58
166.1147,-1,0,0,0,0,0.3553,3.0000,"avoided",58
166.1350,-1,0,0,0,0,0.3553,3.0000,"avoided",58
166.1572,-1,0,0,0,0,0.3553,3.0000,"avoided",58
166.1795,-1,0,0,0,0,0.3553,3.0000,"avoided",58
166.2013,-1,0,0,0,0,0.3553,3.0000,"avoided",58
166.2185,-1,0,0,0,0,0.3553,3.0000,"avoided",58
166.2405,-1,0,0,0,0,0.3553,3.0000,"avoided",58
166.2597,-1,0,0,0,0,0.3553,3.0000,"avoided",58
166.2810,-1,0,0,0,0,0.3553,3.0000,"avoided",58
166.3064,-1,0,0,0,0,0.3553,3.0000,"avoided",58
166.3252,-1,0,0,0,0,0.3553,3.0000,"avoided",58
166.3463,-1,0,0,0,0,0.3553,3.0000,"avoided",58
166.3683,-1,0,0,0,0,0.3553,3.0000,"avoided",58
166.3902,-1,0,0,0,0,0.3553,3.0000,"avoided",58
166.4114,-1,0,0,0,0,0.3553,3.0000,"avoided",58
166.4333,-1,0,0,0,0,0.3553,3.0000,"avoided",58
166.4512,-1,0,0,0,0,0.3553,3.0000,"avoided",58
166.4721,-1,0,0,0,0,0.3553,3.0000,"avoided",58
166.4934,-1,0,0,0,0,0.3553,3.0000,"avoided",58
166.5135,-1,0,0,0,0,0.3553,3.0000,"avoided",58
166.5339,-1,0,0,0,0,0.3553,3.0000,"avoided",58
166.5553,-1,0,0,0,0,0.3553,3.0000,"avoided",58
166.5783,-1,0,0,0,0,0.3553,3.0000,"avoided",58
166.5959,-1,0,0,0,0,0.3553,3.0000,"avoided",58
166.6187,-1,0,0,0,0,0.3553,3.0000,"avoided",58
166.6400,-1,0,0,0,1,0.3553,4.0000,"avoided",58
166.6704,-1,0,0,0,0,0.3553,4.0000,"avoided",58
166.6901,-1,0,0,0,0,0.3553,4.0000,"avoided",58
166.7145,-1,0,0,0,0,0.3553,4.0000,"avoided",58
166.7372,-1,0,0,0,0,0.3553,4.0000,"avoided",58
166.7593,-1,0,0,0,0,0.3553,4.0000,"avoided",58
166.7803,-1,0,0,0,0,0.3553,4.0000,"avoided",58
166.8030,-1,0,0,0,0,0.3553,4.0000,"avoided",58
166.8259,-1,0,0,0,0,0.3553,4.0000,"avoided",58
166.8470,-1,0,0,0,0,0.3553,2.0000,"avoided",58
166.8696,-1,0,0,0,0,0.3553,1.0000,"avoided",58
166.8918,-1,0,0,0,0,0.3553,1.0000,"avoided",58
166.9137,-1,0,0,0,0,0.3553,1.0000,"avoided",58
166.9363,-1,0,0,0,0,0.3553,1.0000,"avoided",58
166.9583,-1,0,0,0,0,0.3553,1.0000,"avoided",58
166.9848,-1,0,0,0,0,0.3553,1.0000,"avoided",58
167.0056,-1,0,0,0,0,0.3553,1.0000,"avoided",58
167.0280,-1,0,0,0,0,0.3553,1.0000,"avoided",59
167.0516,-1,0,0,0,0,0.3553,1.0000,"avoided",59
167.0729,-1,0,0,0,0,0.3553,1.0000,"avoided",59
167.0958,-1,0,0,0,0,0.3553,1.0000,"avoided",59
167.1180,-1,0,0,0,0,0.3553,1.0000,"avoided",59
167.1416,-1,0,0,0,0,0.3553,1.0000,"avoided",59
167.1639,-1,0,0,0,0,0.3553,1.0000,"avoided",59
167.1876,-1,0,0,0,0,0.3553,1.0000,"avoided",59
167.2112,-1,0,0,0,0,0.3553,1.0000,"avoided",59
167.2341,-1,0,0,0,0,0.3553,1.0000,"avoided",59
167.2572,-1,0,0,0,0,0.3553,1.0000,"avoided",59
167.2798,-1,0,0,0,0,0.3553,1.0000,"avoided",59
167.3026,-1,0,0,0,0,0.3553,1.0000,"avoided",59
167.3252,-1,0,0,0,0,0.3553,1.0000,"avoided",59
167.3536,-1,0,0,0,0,0.3553,1.0000,"avoided",59
167.3775,-1,0,0,0,0,0.3553,1.0000,"avoided",59
167.4005,-1,0,0,0,0,0.3553,1.0000,"avoided",59
167.4238,-1,0,0,0,0,0.3553,1.0000,"avoided",59
167.4478,-1,0,0,0,0,0.3553,1.0000,"avoided",59
167.4718,-1,0,0,0,0,0.3553,1.0000,"avoided",59
167.4973,-1,0,0,0,0,0.3553,1.0000,"avoided",59
167.5191,-1,0,0,0,0,0.3553,1.0000,"avoided",59
167.5424,-1,0,0,0,0,0.3553,1.0000,"avoided",59
167.5650,-1,0,0,0,0,0.3553,1.0000,"avoided",59
167.5939,-1,0,0,0,0,0.3553,1.0000,"avoided",59
167.6180,-1,0,0,0,0,0.3553,1.0000,"avoided",59
167.6407,-1,0,0,0,0,0.3553,0.0000,"avoided",59
167.6629,-1,0,0,0,0,0.3553,0.0000,"avoided",59
167.6865,-1,0,0,0,0,0.3553,0.0000,"avoided",59
167.7093,-1,0,0,0,0,0.3553,0.0000,"avoided",59
167.7339,-1,0,0,0,0,0.3553,0.0000,"avoided",59
167.7570,-1,0,0,0,0,0.3553,0.0000,"avoided",59
167.7803,-1,0,0,0,0,0.3553,0.0000,"avoided",59
167.8271,-1,0,0,0,1,0.3553,1.0000,"avoided",59
167.8381,-1,0,0,0,0,0.3553,1.0000,"avoided",59
167.8481,-1,0,0,0,0,0.3553,1.0000,"avoided",59
167.8694,-1,0,0,0,0,0.3553,1.0000,"avoided",59
167.8958,-1,0,0,0,0,0.3553,1.0000,"avoided",59
167.9253,-1,0,0,0,0,0.3553,1.0000,"avoided",59
167.9416,-1,0,0,0,1,0.3553,2.0000,"avoided",59
167.9640,-1,0,0,0,1,0.3553,3.0000,"avoided",59
167.9870,-1,0,0,0,0,0.3553,3.0000,"avoided",59
168.0107,-1,0,0,0,0,0.3553,3.0000,"avoided",59
168.0327,-1,0,0,0,0,0.3553,3.0000,"avoided",59
168.0554,-1,0,0,0,0,0.3553,3.0000,"avoided",59
168.0772,-1,0,0,0,0,0.3553,3.0000,"avoided",59
168.0992,-1,0,0,0,0,0.3553,3.0000,"avoided",59
168.1206,-1,0,0,0,0,0.3553,3.0000,"avoided",59
168.1419,-1,0,0,0,0,0.3553,3.0000,"avoided",59
168.1631,-1,0,0,1,0,-1.0000,3.0000,,59
168.1841,-1,0,0,1,0,-1.0000,3.0000,,59
168.2057,-1,0,0,1,0,-1.0000,3.0000,,59
168.2268,-1,0,0,1,0,-1.0000,3.0000,,59
168.2483,-1,0,0,1,0,-1.0000,3.0000,,59
168.2700,-1,0,0,1,0,-1.0000,3.0000,,59
168.2963,-1,0,0,1,0,-1.0000,3.0000,,59
168.3159,-1,0,0,1,1,0.1528,4.0000,,59
168.3384,-1,0,0,1,0,0.1528,4.0000,,59
168.3605,-1,0,0,1,0,0.1528,4.0000,,59
168.3878,-1,0,0,1,0,0.1528,4.0000,,59
168.4087,-1,0,0,1,0,0.1528,4.0000,,59
168.4315,-1,0,0,1,0,0.1528,4.0000,,59
168.4526,-1,0,0,1,0,0.1528,4.0000,,59
168.4746,-1,0,0,1,0,0.1528,4.0000,,59
168.4984,-1,0,0,1,0,0.1528,4.0000,,59
168.5203,-1,0,0,1,0,0.1528,4.0000,,59
168.5433,-1,0,0,1,0,0.1528,4.0000,,59
168.5659,-1,0,0,1,1,0.1528,6.0000,,59
168.5884,-1,0,0,1,1,0.1528,7.0000,,59
168.6110,-1,0,0,0,0,0.1528,7.0000,"avoided",59
168.6318,-1,0,0,0,0,0.1528,7.0000,"avoided",59
168.6545,-1,0,0,0,0,0.1528,7.0000,"avoided",59
168.6781,-1,0,0,0,0,0.1528,7.0000,"avoided",59
168.7020,-1,0,0,0,0,0.1528,7.0000,"avoided",59
168.7243,-1,0,0,1,0,-1.0000,7.0000,,60
168.7454,-1,0,0,1,0,-1.0000,7.0000,,60
168.7664,-1,0,0,1,0,-1.0000,7.0000,,60
168.7882,-1,0,0,1,0,-1.0000,7.0000,,60
168.8130,-1,0,0,1,0,-1.0000,7.0000,,60
168.8355,-1,0,0,1,1,0.1111,7.0000,,60
168.8575,-1,0,0,1,0,0.1111,7.0000,,60
168.8805,-1,0,0,1,0,0.1111,7.0000,,60
168.9062,-1,0,0,1,0,0.1111,7.0000,,60
168.9284,-1,0,0,1,0,0.1111,7.0000,,60
168.9488,-1,0,0,1,0,0.1111,6.0000,,60
168.9712,-1,0,0,1,0,0.1111,5.0000,,60
168.9935,-1,0,0,1,0,0.1111,5.0000,,60
169.0188,-1,0,0,1,0,0.1111,5.0000,,60
169.0422,-1,0,0,1,0,0.1111,5.0000,,60
169.0629,-1,0,0,1,0,0.1111,5.0000,,60
169.0858,-1,0,0,1,0,0.1111,5.0000,,60
169.1078,-1,0,0,1,0,0.1111,5.0000,,60
169.1309,-1,0,0,1,0,0.1111,5.0000,,60
169.1534,-1,0,0,1,0,0.1111,5.0000,,60
169.1756,-1,0,0,1,0,0.1111,5.0000,,60
169.1974,-1,0,0,1,0,0.1111,5.0000,,60
169.2206,-1,0,0,1,0,0.1111,5.0000,,60
169.2427,-1,0,0,1,0,0.1111,5.0000,,60
169.2646,-1,0,0,1,0,0.1111,5.0000,,60
169.2885,-1,0,0,0,0,0.1111,5.0000,"avoided",60
169.3092,-1,0,0,0,0,0.1111,5.0000,"avoided",60
169.3314,-1,0,0,0,0,0.1111,4.0000,"avoided",60
169.3545,-1,0,0,0,0,0.1111,4.0000,"avoided",60
169.3779,-1,0,0,0,0,0.1111,4.0000,"avoided",60
169.4039,-1,0,0,0,0,0.1111,4.0000,"avoided",60
169.4279,-1,0,0,0,0,0.1111,4.0000,"avoided",60
169.4493,-1,0,0,0,0,0.1111,4.0000,"avoided",60
169.4718,-1,0,0,0,0,0.1111,4.0000,"avoided",60
169.4918,-1,0,0,0,0,0.1111,4.0000,"avoided",60
169.5129,-1,0,0,0,0,0.1111,4.0000,"avoided",60
169.5335,-1,0,0,0,0,0.1111,4.0000,"avoided",60
169.5575,-1,0,0,0,0,0.1111,4.0000,"avoided",60
169.5781,-1,0,0,0,0,0.1111,2.0000,"avoided",60
169.6015,-1,0,0,0,0,0.1111,1.0000,"avoided",60
169.6207,-1,0,0,0,0,0.1111,1.0000,"avoided",60
169.6410,-1,0,0,0,0,0.1111,1.0000,"avoided",60
169.6589,-1,0,0,0,0,0.1111,1.0000,"avoided",60
169.6813,-1,0,0,0,0,0.1111,1.0000,"avoided",60
169.7031,-1,0,0,0,0,0.1111,1.0000,"avoided",60
169.7274,-1,0,0,0,0,0.1111,1.0000,"avoided",60
169.7459,-1,0,0,0,0,0.1111,1.0000,"avoided",60
169.7677,-1,0,0,0,0,0.1111,1.0000,"avoided",60
169.7917,-1,0,0,0,0,0.1111,1.0000,"avoided",60
169.8126,-1,0,0,0,0,0.1111,1.0000,"avoided",60
169.8333,-1,0,0,0,0,0.1111,1.0000,"avoided",60
169.8541,-1,0,0,0,0,0.1111,0.0000,"avoided",60
169.8755,-1,0,0,0,0,0.1111,0.0000,"avoided",60
169.8958,-1,0,0,0,0,0.1111,0.0000,"avoided",60
169.9168,-1,0,0,0,0,0.1111,0.0000,"avoided",60
169.9370,-1,0,0,0,0,0.1111,0.0000,"avoided",60
169.9568,-1,0,0,0,0,0.1111,0.0000,"avoided",60
169.9776,-1,0,0,0,0,0.1111,0.0000,"avoided",60
169.9985,-1,0,0,0,0,0.1111,0.0000,"avoided",60
170.0190,-1,0,0,0,0,0.1111,0.0000,"avoided",60
170.0413,-1,0,0,0,0,0.1111,0.0000,"avoided",60
170.0630,-1,0,0,0,0,0.1111,0.0000,"avoided",60
170.0832,-1,0,0,0,0,0.1111,0.0000,"avoided",60
170.1033,-1,0,0,0,0,0.1111,0.0000,"avoided",60
170.1240,-1,0,0,0,0,0.1111,0.0000,"avoided",60
170.1460,-1,0,0,0,0,0.1111,0.0000,"avoided",60
170.1648,-1,0,0,0,0,0.1111,0.0000,"avoided",60
170.1862,-1,0,0,0,0,0.1111,0.0000,"avoided",60
170.2063,-1,0,0,0,0,0.1111,0.0000,"avoided",60
170.2283,-1,0,0,0,1,0.1111,2.0000,"avoided",60
170.2472,-1,0,0,0,1,0.1111,3.0000,"avoided",60
170.2682,-1,0,0,0,0,0.1111,3.0000,"avoided",60
170.2908,-1,0,0,0,0,0.1111,3.0000,"avoided",60
170.3147,-1,0,0,0,0,0.1111,3.0000,"avoided",60
170.3344,-1,0,0,0,0,0.1111,3.0000,"avoided",60
170.3566,-1,0,0,0,0,0.1111,3.0000,"avoided",60
170.3773,-1,0,0,0,0,0.1111,3.0000,"avoided",60
170.4017,-1,0,0,0,0,0.1111,3.0000,"avoided",60
170.4205,-1,0,0,0,0,0.1111,3.0000,"avoided",60
170.4432,-1,0,0,0,0,0.1111,3.0000,"avoided",60
170.4661,-1,0,0,0,0,0.1111,3.0000,"avoided",60
170.4859,-1,0,0,0,0,0.1111,3.0000,"avoided",60
170.5078,-1,0,0,0,0,0.1111,3.0000,"avoided",60
170.5275,-1,0,0,0,0,0.1111,3.0000,"avoided",60
170.5496,-1,0,0,0,0,0.1111,3.0000,"avoided",60
170.5705,-1,0,0,0,0,0.1111,3.0000,"avoided",60
170.5912,-1,0,0,0,0,0.1111,3.0000,"avoided",60
170.6129,-1,0,0,0,0,0.1111,3.0000,"avoided",60
170.6328,-1,0,0,0,0,0.1111,3.0000,"avoided",60
170.6534,-1,0,0,0,0,0.1111,3.0000,"avoided",60
170.6746,-1,0,0,0,0,0.1111,3.0000,"avoided",60
170.6947,-1,0,0,0,0,0.1111,3.0000,"avoided",60
170.7159,-1,0,0,0,0,0.1111,3.0000,"avoided",60
170.7366,-1,0,0,0,0,0.1111,3.0000,"avoided",60
170.7588,-1,0,0,0,0,0.1111,3.0000,"avoided",60
170.7820,-1,0,0,0,0,0.1111,3.0000,"avoided",60
170.8008,-1,0,0,0,0,0.1111,3.0000,"avoided",60
170.8194,-1,0,0,0,0,0.1111,3.0000,"avoided",60
170.8407,-1,0,0,0,0,0.1111,3.0000,"avoided",60
170.8606,-1,0,0,0,0,0.1111,3.0000,"avoided",60
170.8813,-1,0,0,0,0,0.1111,3.0000,"avoided",60
170.9024,-1,0,0,0,0,0.1111,3.0000,"avoided",60
170.9224,-1,0,0,0,0,0.1111,3.0000,"avoided",60
170.9426,-1,0,0,0,0,0.1111,3.0000,"avoided",60
170.9628,-1,0,0,0,0,0.1111,3.0000,"avoided",60
170.9821,-1,0,0,0,0,0.1111,3.0000,"avoided",60
171.0021,-1,0,0,0,0,0.1111,3.0000,"avoided",60
171.0226,-1,0,0,0,0,0.1111,3.0000,"avoided",60
171.0416,-1,0,0,0,0,0.1111,3.0000,"avoided",60
171.0621,-1,0,0,0,0,0.1111,3.0000,"avoided",60
171.0832,-1,0,0,0,0,0.1111,3.0000,"avoided",60
171.1024,-1,0,0,0,0,0.1111,3.0000,"avoided",60
171.1240,-1,0,0,0,0,0.1111,3.0000,"avoided",60
171.1452,-1,0,0,0,0,0.1111,3.0000,"avoided",60
171.1617,-1,0,0,0,0,0.1111,3.0000,"avoided",60
171.1823,-1,0,0,0,0,0.1111,3.0000,"avoided",60
171.2039,-1,0,0,0,0,0.1111,3.0000,"avoided",60
171.2234,-1,0,0,0,0,0.1111,3.0000,"avoided",60
171.2435,-1,0,0,0,0,0.1111,1.0000,"avoided",60
171.2614,-1,0,0,0,0,0.1111,0.0000,"avoided",60
171.2797,-1,0,0,0,0,0.1111,0.0000,"avoided",60
171.2997,-1,0,0,0,0,0.1111,0.0000,"avoided",60
171.3204,-1,0,0,0,0,0.1111,0.0000,"avoided",60
171.3384,-1,0,0,0,0,0.1111,0.0000,"avoided",60
171.3582,-1,0,0,0,0,0.1111,0.0000,"avoided",60
171.3787,-1,0,0,0,0,0.1111,0.0000,"avoided",60
171.3994,-1,0,0,0,0,0.1111,0.0000,"avoided",60
171.4159,-1,0,0,0,0,0.1111,0.0000,"avoided",60
171.4359,-1,0,0,0,0,0.1111,0.0000,"avoided",60
171.4554,-1,0,0,0,0,0.1111,0.0000,"avoided",60
171.4756,-1,0,0,0,0,0.1111,0.0000,"avoided",60
171.4935,-1,0,0,0,0,0.1111,0.0000,"avoided",60
171.5127,-1,0,0,0,0,0.1111,0.0000,"avoided",60
171.5328,-1,0,0,0,0,0.1111,0.0000,"avoided",60
171.5508,-1,0,0,0,0,0.1111,0.0000,"avoided",60
171.5716,-1,0,0,0,0,0.1111,0.0000,"avoided",60
171.5900,-1,0,0,0,0,0.1111,0.0000,"avoided",60
171.6119,-1,0,0,0,0,0.1111,0.0000,"avoided",60
171.6285,-1,0,0,0,0,0.1111,0.0000,"avoided",60
171.6496,-1,0,0,0,0,0.1111,0.0000,"avoided",60
171.6681,-1,0,0,0,0,0.1111,0.0000,"avoided",60
171.6943,-1,0,0,0,0,0.1111,0.0000,"avoided",60
171.7129,-1,0,0,0,0,0.1111,0.0000,"avoided",60
171.7332,-1,0,0,0,0,0.1111,0.0000,"avoided",60
171.7530,-1,0,0,0,0,0.1111,0.0000,"avoided",60
171.7720,-1,0,0,0,0,0.1111,0.0000,"avoided",60
171.7944,-1,0,0,0,0,0.1111,0.0000,"avoided",60
171.8153,-1,0,0,0,0,0.1111,0.0000,"avoided",60
171.8364,-1,0,0,0,0,0.1111,0.0000,"avoided",60
171.8562,-1,0,0,0,0,0.1111,0.0000,"avoided",60
171.8757,-1,0,0,0,1,0.1111,1.0000,"avoided",60
171.8969,-1,0,0,1,0,-1.0000,1.0000,,60
171.9142,-1,0,0,1,0,-1.0000,1.0000,,60
171.9341,-1,0,0,1,0,-1.0000,1.0000,,60
171.9545,-1,0,0,1,0,-1.0000,1.0000,,60
171.9731,-1,0,0,1,0,-1.0000,1.0000,,60
171.9924,-1,0,0,1,0,-1.0000,1.0000,,60
172.0123,-1,0,0,1,0,-1.0000,1.0000,,60
172.0342,-1,0,0,1,0,-1.0000,1.0000,,60
172.0543,-1,0,0,1,0,-1.0000,1.0000,,60
172.0748,-1,0,0,1,0,-1.0000,1.0000,,60
172.0942,-1,0,0,1,0,-1.0000,1.0000,,60
172.1141,-1,0,0,1,0,-1.0000,1.0000,,60
172.1349,-1,0,0,1,0,-1.0000,1.0000,,60
172.1565,-1,0,0,1,0,-1.0000,1.0000,,60
172.1768,-1,0,0,1,0,-1.0000,1.0000,,60
172.1967,-1,0,0,1,0,-1.0000,1.0000,,60
172.2153,-1,0,0,1,0,-1.0000,1.0000,,60
172.2361,-1,0,0,1,0,-1.0000,1.0000,,60
172.2576,-1,0,0,1,0,-1.0000,1.0000,,60
172.2775,-1,0,0,1,0,-1.0000,1.0000,,60
172.3006,-1,0,0,1,0,-1.0000,1.0000,,60
172.3212,-1,0,0,1,0,-1.0000,1.0000,,60
172.3412,-1,0,0,1,0,-1.0000,1.0000,"hit",61
172.3597,-1,0,0,1,0,-1.0000,1.0000,"hit",61
172.3800,-1,0,0,1,1,0.4831,2.0000,"hit",61
172.4012,-1,0,0,1,0,0.4831,2.0000,"hit",61
172.4225,-1,0,0,0,0,0.4831,2.0000,"hit",61
172.4442,-1,0,0,0,0,0.4831,2.0000,"hit",61
172.4655,-1,0,0,0,0,0.4831,2.0000,"hit",61
172.4865,-1,0,0,0,0,0.4831,2.0000,"hit",61
172.5057,-1,0,0,0,0,0.4831,2.0000,"hit",61
172.5275,-1,0,0,0,0,0.4831,2.0000,"hit",61
172.5477,-1,0,0,0,0,0.4831,2.0000,"hit",61
172.5693,-1,0,0,0,0,0.4831,2.0000,"hit",61
172.5904,-1,0,0,0,0,0.4831,2.0000,"hit",61
172.6117,-1,0,0,0,0,0.4831,2.0000,"hit",61
172.6344,-1,0,0,0,0,0.4831,2.0000,"hit",61
172.6568,-1,0,0,0,0,0.4831,2.0000,"hit",61
172.6767,-1,0,0,0,0,0.4831,2.0000,"hit",61
172.6990,-1,0,0,0,0,0.4831,2.0000,"hit",61
172.7192,-1,0,0,0,0,0.4831,2.0000,"hit",61
172.7410,-1,0,0,0,0,0.4831,2.0000,"hit",61
172.7620,-1,0,0,0,0,0.4831,2.0000,"hit",61
172.7825,-1,0,0,0,0,0.4831,2.0000,"hit",61
172.8039,-1,0,0,0,1,0.4831,3.0000,"hit",61
172.8257,-1,0,0,0,0,0.4831,3.0000,"hit",61
172.8458,-1,0,0,0,0,0.4831,3.0000,"hit",61
172.8674,-1,0,0,0,0,0.4831,3.0000,"hit",61
172.8885,-1,0,0,0,0,0.4831,2.0000,"hit",61
172.9091,-1,0,0,0,0,0.4831,2.0000,"hit",61
172.9302,-1,0,0,0,0,0.4831,2.0000,"hit",61
172.9503,-1,0,0,0,0,0.4831,2.0000,"hit",61
172.9706,-1,0,0,0,0,0.4831,2.0000,"hit",61
172.9915,-1,0,0,0,0,0.4831,2.0000,"hit",61
173.0127,-1,0,0,0,0,0.4831,2.0000,"hit",61
173.0338,-1,0,0,0,0,0.4831,2.0000,"hit",61
173.0554,-1,0,0,0,0,0.4831,2.0000,"hit",61
173.0769,-1,0,0,0,0,0.4831,2.0000,"hit",61
173.0982,-1,0,0,0,0,0.4831,2.0000,"hit",61
173.1193,-1,0,0,0,0,0.4831,2.0000,"hit",61