run_time,current_driver_player_number,driver_changed_this_frame,driver_change_count_total,warning_active,driver_input_this_frame,warning_reaction_time,inputs_per_second,warning_obstacle_result,collision_count_total
0.0000,-1,0,0,0,0,-1.0000,0.0000,,0
0.0413,-1,0,0,0,1,-1.0000,1.0000,,0
0.0705,-1,0,0,0,0,-1.0000,1.0000,,0
0.0815,-1,0,0,0,0,-1.0000,1.0000,,0
0.1055,-1,0,0,0,0,-1.0000,1.0000,,0
0.1330,-1,0,0,0,0,-1.0000,1.0000,,0
0.1597,-1,0,0,0,0,-1.0000,1.0000,,0
0.1871,-1,0,0,0,0,-1.0000,1.0000,,0
0.2142,-1,0,0,0,0,-1.0000,1.0000,,0
0.2414,-1,0,0,0,0,-1.0000,1.0000,,0
0.2682,-1,0,0,0,0,-1.0000,1.0000,,0
0.2961,-1,0,0,0,0,-1.0000,1.0000,,0
0.3230,-1,0,0,0,0,-1.0000,1.0000,,0
0.3502,-1,0,0,0,0,-1.0000,1.0000,,0
0.3777,-1,0,0,0,0,-1.0000,1.0000,,0
0.4059,-1,0,0,0,0,-1.0000,1.0000,,0
0.4364,-1,0,0,0,0,-1.0000,1.0000,,0
0.4657,-1,0,0,0,0,-1.0000,1.0000,,0
0.5156,-1,0,0,0,0,-1.0000,1.0000,,0
0.5275,-1,0,0,0,0,-1.0000,1.0000,,0
0.5507,-1,0,0,0,0,-1.0000,1.0000,,0
0.5777,-1,0,0,0,0,-1.0000,1.0000,,0
0.6050,-1,0,0,0,0,-1.0000,1.0000,,0
0.6319,-1,0,0,0,0,-1.0000,1.0000,,0
0.6585,-1,0,0,0,0,-1.0000,1.0000,,0
0.6855,-1,0,0,0,0,-1.0000,1.0000,,0
0.7127,-1,0,0,0,0,-1.0000,1.0000,,0
0.7391,-1,0,0,0,0,-1.0000,1.0000,,0
0.7679,-1,0,0,0,0,-1.0000,1.0000,,0
0.7952,-1,0,0,0,0,-1.0000,1.0000,,0
0.8221,-1,0,0,0,0,-1.0000,1.0000,,0
0.8492,-1,0,0,0,0,-1.0000,1.0000,,0
0.8759,-1,0,0,0,0,-1.0000,1.0000,,0
0.9034,-1,0,0,0,0,-1.0000,1.0000,,0
0.9307,-1,0,0,0,0,-1.0000,1.0000,,0
0.9578,-1,0,0,0,0,-1.0000,1.0000,,0
0.9840,-1,0,0,0,0,-1.0000,1.0000,,0
1.0355,-1,0,0,0,0,-1.0000,1.0000,,0
1.0458,-1,0,0,0,0,-1.0000,0.0000,,0
1.0710,-1,0,0,0,0,-1.0000,0.0000,,0
1.0988,-1,0,0,0,0,-1.0000,0.0000,,0
1.1258,-1,0,0,0,0,-1.0000,0.0000,,0
1.1525,-1,0,0,0,0,-1.0000,0.0000,,0
1.1803,-1,0,0,0,0,-1.0000,0.0000,,0
1.2079,-1,0,0,0,0,-1.0000,0.0000,,0
1.2352,-1,0,0,0,0,-1.0000,0.0000,,0
1.2621,-1,0,0,0,0,-1.0000,0.0000,,0
1.2901,-1,0,0,0,0,-1.0000,0.0000,,0
1.3180,-1,0,0,0,0,-1.0000,0.0000,,0
1.3448,-1,0,0,0,0,-1.0000,0.0000,,0
1.3727,-1,0,0,0,0,-1.0000,0.0000,,0
1.4004,-1,0,0,0,0,-1.0000,0.0000,,0
1.4275,-1,0,0,0,0,-1.0000,0.0000,,0
1.4565,-1,0,0,0,0,-1.0000,0.0000,,0
1.4833,-1,0,0,0,0,-1.0000,0.0000,,0
1.5114,-1,0,0,0,0,-1.0000,0.0000,,0
1.5637,-1,0,0,0,0,-1.0000,0.0000,,0
1.5757,-1,0,0,0,0,-1.0000,0.0000,,0
1.6013,-1,0,0,0,0,-1.0000,0.0000,,0
1.6296,-1,0,0,0,0,-1.0000,0.0000,,0
1.6568,-1,0,0,0,0,-1.0000,0.0000,,0
1.6837,-1,0,0,0,0,-1.0000,0.0000,,0
1.7139,-1,0,0,0,0,-1.0000,0.0000,,0
1.7430,-1,0,0,0,0,-1.0000,0.0000,,0
1.7720,-1,0,0,0,0,-1.0000,0.0000,,0
1.8013,-1,0,0,0,0,-1.0000,0.0000,,0
1.8315,-1,0,0,0,0,-1.0000,0.0000,,0
1.8602,-1,0,0,0,0,-1.0000,0.0000,,0
1.8905,-1,0,0,0,0,-1.0000,0.0000,,0
1.9196,-1,0,0,0,0,-1.0000,0.0000,,0
1.9490,-1,0,0,0,0,-1.0000,0.0000,,0
1.9807,-1,0,0,0,0,-1.0000,0.0000,,0
2.0096,-1,0,0,0,0,-1.0000,0.0000,,0
2.0640,-1,0,0,0,0,-1.0000,0.0000,,0
2.0977,-1,0,0,0,0,-1.0000,0.0000,,0
2.1100,-1,0,0,0,0,-1.0000,0.0000,,0
2.1366,-1,0,0,0,0,-1.0000,0.0000,,0
2.1673,-1,0,0,0,0,-1.0000,0.0000,,0
2.1965,-1,0,0,0,0,-1.0000,0.0000,,0
2.2274,-1,0,0,0,0,-1.0000,0.0000,,0
2.2578,-1,0,0,0,0,-1.0000,0.0000,,0
2.2883,-1,0,0,0,0,-1.0000,0.0000,,0
2.3173,-1,0,0,0,0,-1.0000,0.0000,,0
2.3474,-1,0,0,0,0,-1.0000,0.0000,,0
2.3782,-1,0,0,0,0,-1.0000,0.0000,,0
2.4071,-1,0,0,0,0,-1.0000,0.0000,,0
2.4406,-1,0,0,0,0,-1.0000,0.0000,,0
2.4676,-1,0,0,0,0,-1.0000,0.0000,,0
2.4972,-1,0,0,0,0,-1.0000,0.0000,,0
2.5246,-1,0,0,0,0,-1.0000,0.0000,,0
2.5547,-1,0,0,0,0,-1.0000,0.0000,,0
2.5844,-1,0,0,0,0,-1.0000,0.0000,,0
2.6374,-1,0,0,0,0,-1.0000,0.0000,,0
2.6506,-1,0,0,0,0,-1.0000,0.0000,,0
2.6738,-1,0,0,0,0,-1.0000,0.0000,,0
2.7026,-1,0,0,0,0,-1.0000,0.0000,,0
2.7315,-1,0,0,0,0,-1.0000,0.0000,,0
2.7600,-1,0,0,0,0,-1.0000,0.0000,,0
2.7893,-1,0,0,0,0,-1.0000,0.0000,,0
2.8176,-1,0,0,0,0,-1.0000,0.0000,,0
2.8478,-1,0,0,0,0,-1.0000,0.0000,,0
2.8773,-1,0,0,0,0,-1.0000,0.0000,,0
2.9076,-1,0,0,0,0,-1.0000,0.0000,,0
2.9357,-1,0,0,0,0,-1.0000,0.0000,,0
2.9673,-1,0,0,0,0,-1.0000,0.0000,,0
2.9944,-1,0,0,0,0,-1.0000,0.0000,,0
3.0241,-1,0,0,0,0,-1.0000,0.0000,,0
3.0533,-1,0,0,0,0,-1.0000,0.0000,,0
3.0824,-1,0,0,0,0,-1.0000,0.0000,,0
3.1113,-1,0,0,0,0,-1.0000,0.0000,,0
3.1656,-1,0,0,0,0,-1.0000,0.0000,,0
3.1794,-1,0,0,0,0,-1.0000,0.0000,,0
3.2070,-1,0,0,0,0,-1.0000,0.0000,,0
3.2387,-1,0,0,0,0,-1.0000,0.0000,,0
3.2682,-1,0,0,0,0,-1.0000,0.0000,,0
3.3004,-1,0,0,0,0,-1.0000,0.0000,,0
3.3313,-1,0,0,0,0,-1.0000,0.0000,,0
3.3623,-1,0,0,0,0,-1.0000,0.0000,,0
3.3927,-1,0,0,0,0,-1.0000,0.0000,,0
3.4233,-1,0,0,0,0,-1.0000,0.0000,,0
3.4542,-1,0,0,0,0,-1.0000,0.0000,,0
3.4846,-1,0,0,0,0,-1.0000,0.0000,,0
3.5147,-1,0,0,0,0,-1.0000,0.0000,,0
3.5471,-1,0,0,0,0,-1.0000,0.0000,,0
3.5755,-1,0,0,0,0,-1.0000,0.0000,,0
3.6143,-1,0,0,0,0,-1.0000,0.0000,,0
3.6695,-1,0,0,0,0,-1.0000,0.0000,,0
3.6822,-1,0,0,0,0,-1.0000,0.0000,,0
3.7098,-1,0,0,0,0,-1.0000,0.0000,,0
3.7386,-1,0,0,0,0,-1.0000,0.0000,,0
3.7696,-1,0,0,0,0,-1.0000,0.0000,,0
3.8021,-1,0,0,0,0,-1.0000,0.0000,,0
3.8319,-1,0,0,0,0,-1.0000,0.0000,,0
3.8681,-1,0,0,0,0,-1.0000,0.0000,,0
3.8970,-1,0,0,0,0,-1.0000,0.0000,,0
3.9276,-1,0,0,0,0,-1.0000,0.0000,,0
3.9567,-1,0,0,0,0,-1.0000,0.0000,,0
4.0103,-1,0,0,0,0,-1.0000,0.0000,,0
4.0223,-1,0,0,0,0,-1.0000,0.0000,,0
4.0470,-1,0,0,0,0,-1.0000,0.0000,,0
4.0754,-1,0,0,0,0,-1.0000,0.0000,,0
4.1062,-1,0,0,0,0,-1.0000,0.0000,,0
4.1364,-1,0,0,0,0,-1.0000,0.0000,,0
4.1884,-1,0,0,0,0,-1.0000,0.0000,,0
4.2010,-1,0,0,0,0,-1.0000,0.0000,,0
4.2253,-1,0,0,0,0,-1.0000,0.0000,,0
4.2539,-1,0,0,0,0,-1.0000,0.0000,,0
4.2813,-1,0,0,0,0,-1.0000,0.0000,,0
4.3100,-1,0,0,0,0,-1.0000,0.0000,,0
4.3381,-1,0,0,0,1,-1.0000,2.0000,,0
4.3661,-1,0,0,0,1,-1.0000,3.0000,,0
4.3935,-1,0,0,0,0,-1.0000,3.0000,,0
4.4223,-1,0,0,0,0,-1.0000,3.0000,,0
4.4504,-1,0,0,0,0,-1.0000,3.0000,,0
4.4786,-1,0,0,0,0,-1.0000,3.0000,,0
4.5064,-1,0,0,0,0,-1.0000,3.0000,,0
4.5344,-1,0,0,0,0,-1.0000,3.0000,,0
4.5618,-1,0,0,0,0,-1.0000,3.0000,,0
4.5890,-1,0,0,0,0,-1.0000,3.0000,,0
4.6161,-1,0,0,0,0,-1.0000,3.0000,,0
4.6669,-1,0,0,0,0,-1.0000,3.0000,,0
4.6988,-1,0,0,0,0,-1.0000,3.0000,,0
4.7092,-1,0,0,0,0,-1.0000,3.0000,,0
4.7331,-1,0,0,0,0,-1.0000,3.0000,,0
4.7592,-1,0,0,0,0,-1.0000,3.0000,,0
4.7865,-1,0,0,0,0,-1.0000,3.0000,,0
4.8130,-1,0,0,0,0,-1.0000,3.0000,,0
4.8397,-1,0,0,0,0,-1.0000,3.0000,,0
4.8674,-1,0,0,0,0,-1.0000,3.0000,,0
4.8942,-1,0,0,0,0,-1.0000,3.0000,,0
4.9216,-1,0,0,0,0,-1.0000,3.0000,,0
4.9484,-1,0,0,0,0,-1.0000,3.0000,,0
4.9753,-1,0,0,0,0,-1.0000,3.0000,,0
5.0017,-1,0,0,0,0,-1.0000,3.0000,,0
5.0295,-1,0,0,0,0,-1.0000,3.0000,,0
5.0560,-1,0,0,0,0,-1.0000,3.0000,,0
5.0839,-1,0,0,0,0,-1.0000,3.0000,,0
5.1107,-1,0,0,0,0,-1.0000,3.0000,,0
5.1374,-1,0,0,0,0,-1.0000,3.0000,,0
5.1644,-1,0,0,0,0,-1.0000,3.0000,,0
5.1912,-1,0,0,0,0,-1.0000,3.0000,,0
5.2411,-1,0,0,0,0,-1.0000,3.0000,,0
5.2512,-1,0,0,0,0,-1.0000,3.0000,,0
5.2762,-1,0,0,0,0,-1.0000,3.0000,,0
5.3043,-1,0,0,0,0,-1.0000,3.0000,,0
5.3311,-1,0,0,0,0,-1.0000,3.0000,,0
5.3578,-1,0,0,0,0,-1.0000,1.0000,,0
5.3839,-1,0,0,0,0,-1.0000,0.0000,,0
5.4105,-1,0,0,0,0,-1.0000,0.0000,,0
5.4367,-1,0,0,0,0,-1.0000,0.0000,,0
5.4635,-1,0,0,0,0,-1.0000,0.0000,,0
5.4902,-1,0,0,0,0,-1.0000,0.0000,,0
5.5159,-1,0,0,0,0,-1.0000,0.0000,,0
5.5437,-1,0,0,0,0,-1.0000,0.0000,,0
5.5699,-1,0,0,0,0,-1.0000,0.0000,,0
5.5965,-1,0,0,0,0,-1.0000,0.0000,,0
5.6234,-1,0,0,0,0,-1.0000,0.0000,,0
5.6501,-1,0,0,0,0,-1.0000,0.0000,,0
5.6771,-1,0,0,0,0,-1.0000,0.0000,,0
5.7033,-1,0,0,0,0,-1.0000,0.0000,,0
5.7535,-1,0,0,0,0,-1.0000,0.0000,,0
5.7636,-1,0,0,0,0,-1.0000,0.0000,,0
5.7888,-1,0,0,0,0,-1.0000,0.0000,,0
5.8150,-1,0,0,0,0,-1.0000,0.0000,,0
5.8430,-1,0,0,0,0,-1.0000,0.0000,,0
5.8696,-1,0,0,0,0,-1.0000,0.0000,,0
5.8987,-1,0,0,0,0,-1.0000,0.0000,,0
5.9256,-1,0,0,0,0,-1.0000,0.0000,,0
5.9521,-1,0,0,0,0,-1.0000,0.0000,,0
5.9798,-1,0,0,0,0,-1.0000,0.0000,,1
6.0074,-1,0,0,0,0,-1.0000,0.0000,,1
6.0346,-1,0,0,0,0,-1.0000,0.0000,,1
6.0618,-1,0,0,0,0,-1.0000,0.0000,,1
6.0901,-1,0,0,0,0,-1.0000,0.0000,,1
6.1174,-1,0,0,0,0,-1.0000,0.0000,,1
6.1446,-1,0,0,0,0,-1.0000,0.0000,,1
6.1960,-1,0,0,0,0,-1.0000,0.0000,,1
6.2067,-1,0,0,0,0,-1.0000,0.0000,,1
6.2558,-1,0,0,0,0,-1.0000,0.0000,,1
6.2673,-1,0,0,0,0,-1.0000,0.0000,,1
6.2901,-1,0,0,0,0,-1.0000,0.0000,,1
6.3187,-1,0,0,0,0,-1.0000,0.0000,,1
6.3465,-1,0,0,0,0,-1.0000,0.0000,,1
6.3727,-1,0,0,0,0,-1.0000,0.0000,,1
6.4017,-1,0,0,0,0,-1.0000,0.0000,,1
6.4309,-1,0,0,0,1,-1.0000,2.0000,,1
6.4584,-1,0,0,0,1,-1.0000,3.0000,,1
6.4853,-1,0,0,0,0,-1.0000,3.0000,,2
6.5157,-1,0,0,0,0,-1.0000,3.0000,,2
6.5493,-1,0,0,0,0,-1.0000,3.0000,,2
6.5788,-1,0,0,0,0,-1.0000,3.0000,,2
6.6073,-1,0,0,0,0,-1.0000,3.0000,,2
6.6369,-1,0,0,0,0,-1.0000,3.0000,,2
6.6633,-1,0,0,0,0,-1.0000,3.0000,,2
6.6902,-1,0,0,0,0,-1.0000,3.0000,,2
6.7166,-1,0,0,0,0,-1.0000,3.0000,,2
6.7660,-1,0,0,0,0,-1.0000,3.0000,,2
6.7765,-1,0,0,0,0,-1.0000,3.0000,,2
6.7992,-1,0,0,0,0,-1.0000,3.0000,,2
6.8255,-1,0,0,0,0,-1.0000,3.0000,,2
6.8526,-1,0,0,0,0,-1.0000,3.0000,,2
6.8795,-1,0,0,0,0,-1.0000,3.0000,,2
6.9085,-1,0,0,0,0,-1.0000,3.0000,,2
6.9353,-1,0,0,0,0,-1.0000,3.0000,,2
6.9623,-1,0,0,0,0,-1.0000,3.0000,,2
6.9910,-1,0,0,0,0,-1.0000,3.0000,,2
7.0407,-1,0,0,0,0,-1.0000,3.0000,,2
7.0514,-1,0,0,0,0,-1.0000,3.0000,,2
7.0753,-1,0,0,0,0,-1.0000,3.0000,,2
7.1025,-1,0,0,0,0,-1.0000,3.0000,,2
7.1292,-1,0,0,0,0,-1.0000,3.0000,,3
7.1567,-1,0,0,0,0,-1.0000,3.0000,,3
7.1838,-1,0,0,0,0,-1.0000,3.0000,,3
7.2111,-1,0,0,0,0,-1.0000,3.0000,,3
7.2609,-1,0,0,0,0,-1.0000,3.0000,,3
7.2919,-1,0,0,0,0,-1.0000,3.0000,,3
7.3028,-1,0,0,0,0,-1.0000,3.0000,,3
7.3266,-1,0,0,0,0,-1.0000,3.0000,,3
7.3549,-1,0,0,0,0,-1.0000,3.0000,,3
7.3814,-1,0,0,0,0,-1.0000,3.0000,,3
7.4084,-1,0,0,0,0,-1.0000,3.0000,,3
7.4347,-1,0,0,0,0,-1.0000,1.0000,,3
7.4625,-1,0,0,0,0,-1.0000,0.0000,,3
7.4892,-1,0,0,0,0,-1.0000,0.0000,,3
7.5155,-1,0,0,0,0,-1.0000,0.0000,,3
7.5427,-1,0,0,0,0,-1.0000,0.0000,,3
7.5697,-1,0,0,0,0,-1.0000,0.0000,,3
7.5954,-1,0,0,0,0,-1.0000,0.0000,,3
7.6235,-1,0,0,0,0,-1.0000,0.0000,,3
7.6510,-1,0,0,0,0,-1.0000,0.0000,,3
7.7020,-1,0,0,0,1,-1.0000,1.0000,,3
7.7143,-1,0,0,0,0,-1.0000,1.0000,,3
7.7390,-1,0,0,0,0,-1.0000,1.0000,,3
7.7667,-1,0,0,0,0,-1.0000,1.0000,,3
7.8164,-1,0,0,0,0,-1.0000,1.0000,,3
7.8285,-1,0,0,0,0,-1.0000,1.0000,,3
7.8514,-1,0,0,0,0,-1.0000,1.0000,,3
7.8792,-1,0,0,0,0,-1.0000,1.0000,,3
7.9046,-1,0,0,0,0,-1.0000,1.0000,,3
7.9344,-1,0,0,0,0,-1.0000,1.0000,,3
7.9600,-1,0,0,0,0,-1.0000,1.0000,,3
7.9871,-1,0,0,0,0,-1.0000,1.0000,,3
8.0127,-1,0,0,0,0,-1.0000,1.0000,,3
8.0391,-1,0,0,0,0,-1.0000,1.0000,,3
8.0658,-1,0,0,0,0,-1.0000,1.0000,,3
8.0929,-1,0,0,0,0,-1.0000,1.0000,,3
8.1181,-1,0,0,0,0,-1.0000,1.0000,,3
8.1463,-1,0,0,0,0,-1.0000,1.0000,,3
8.1709,-1,0,0,0,0,-1.0000,1.0000,,3
8.1980,-1,0,0,0,0,-1.0000,1.0000,,3
8.2238,-1,0,0,0,0,-1.0000,1.0000,,3
8.2499,-1,0,0,0,0,-1.0000,1.0000,,3
8.2766,-1,0,0,0,0,-1.0000,1.0000,,3
8.3259,-1,0,0,0,0,-1.0000,1.0000,,3
8.3361,-1,0,0,0,0,-1.0000,1.0000,,3
8.3614,-1,0,0,0,0,-1.0000,1.0000,,3
8.3865,-1,0,0,0,0,-1.0000,1.0000,,3
8.4126,-1,0,0,0,0,-1.0000,1.0000,,3
8.4388,-1,0,0,0,0,-1.0000,1.0000,,3
8.4651,-1,0,0,0,0,-1.0000,1.0000,,3
8.4908,-1,0,0,0,0,-1.0000,1.0000,,3
8.5399,-1,0,0,0,0,-1.0000,1.0000,,3
8.5498,-1,0,0,0,0,-1.0000,1.0000,,3
8.5725,-1,0,0,0,0,-1.0000,1.0000,,3
8.6026,-1,0,0,0,0,-1.0000,1.0000,,3
8.6285,-1,0,0,0,0,-1.0000,1.0000,,3
8.6546,-1,0,0,0,0,-1.0000,1.0000,,3
8.6801,-1,0,0,0,1,-1.0000,2.0000,,3
8.7061,-1,0,0,0,0,-1.0000,1.0000,,3
8.7542,-1,0,0,0,0,-1.0000,1.0000,,3
8.7652,-1,0,0,0,0,-1.0000,1.0000,,3
8.7868,-1,0,0,0,0,-1.0000,1.0000,,3
8.8332,-1,0,0,0,0,-1.0000,1.0000,,3
8.8430,-1,0,0,0,0,-1.0000,1.0000,,3
8.8658,-1,0,0,0,0,-1.0000,1.0000,,3
8.8913,-1,0,0,0,0,-1.0000,1.0000,,3
8.9141,-1,0,0,0,0,-1.0000,1.0000,,3
8.9478,-1,0,0,0,0,-1.0000,1.0000,,3
8.9736,-1,0,0,0,0,-1.0000,1.0000,,3
8.9994,-1,0,0,0,0,-1.0000,1.0000,,3
9.0239,-1,0,0,0,0,-1.0000,1.0000,,3
9.0494,-1,0,0,0,0,-1.0000,1.0000,,3
9.0733,-1,0,0,0,0,-1.0000,1.0000,,3
9.1008,-1,0,0,0,0,-1.0000,1.0000,,3
9.1261,-1,0,0,0,0,-1.0000,1.0000,,3
9.1495,-1,0,0,0,0,-1.0000,1.0000,,3
9.1781,-1,0,0,0,0,-1.0000,1.0000,,3
9.2033,-1,0,0,0,0,-1.0000,1.0000,,3
9.2272,-1,0,0,0,0,-1.0000,1.0000,,3
9.2547,-1,0,0,0,0,-1.0000,1.0000,,3
9.2802,-1,0,0,0,0,-1.0000,1.0000,,3
9.3039,-1,0,0,0,0,-1.0000,1.0000,,3
9.3544,-1,0,0,0,0,-1.0000,1.0000,,3
9.3831,-1,0,0,0,0,-1.0000,1.0000,,3
9.3926,-1,0,0,0,0,-1.0000,1.0000,,3
9.4156,-1,0,0,0,0,-1.0000,1.0000,,3
9.4385,-1,0,0,0,0,-1.0000,1.0000,,3
9.4677,-1,0,0,0,0,-1.0000,1.0000,,3
9.4930,-1,0,0,0,0,-1.0000,1.0000,,3
9.5161,-1,0,0,0,0,-1.0000,1.0000,,3
9.5431,-1,0,0,0,0,-1.0000,1.0000,,3
9.5711,-1,0,0,0,0,-1.0000,1.0000,,3
9.5950,-1,0,0,0,0,-1.0000,1.0000,,3
9.6221,-1,0,0,0,0,-1.0000,1.0000,,3
9.6477,-1,0,0,0,0,-1.0000,1.0000,,3
9.6706,-1,0,0,0,0,-1.0000,1.0000,,3
9.6997,-1,0,0,0,0,-1.0000,0.0000,,3
9.7245,-1,0,0,0,0,-1.0000,0.0000,,3
9.7472,-1,0,0,0,0,-1.0000,0.0000,,3
9.7760,-1,0,0,0,0,-1.0000,0.0000,,3
9.8008,-1,0,0,0,0,-1.0000,0.0000,,3
9.8265,-1,0,0,0,0,-1.0000,0.0000,,3
9.8743,-1,0,0,0,0,-1.0000,0.0000,,3
9.8848,-1,0,0,0,0,-1.0000,0.0000,,3
9.9065,-1,0,0,0,0,-1.0000,0.0000,,3
9.9319,-1,0,0,0,0,-1.0000,0.0000,,3
9.9573,-1,0,0,0,0,-1.0000,0.0000,,3
9.9818,-1,0,0,0,0,-1.0000,0.0000,,3
10.0327,-1,0,0,0,0,-1.0000,0.0000,,3
10.0428,-1,0,0,0,0,-1.0000,0.0000,,3
10.0639,-1,0,0,0,0,-1.0000,0.0000,,3
10.0896,-1,0,0,0,0,-1.0000,0.0000,,3
10.1162,-1,0,0,0,0,-1.0000,0.0000,,3
10.1394,-1,0,0,0,0,-1.0000,0.0000,,3
10.1674,-1,0,0,0,0,-1.0000,0.0000,,3
10.1927,-1,0,0,0,0,-1.0000,0.0000,,3
10.2165,-1,0,0,0,0,-1.0000,0.0000,,3
10.2446,-1,0,0,0,0,-1.0000,0.0000,,3
10.2696,-1,0,0,0,0,-1.0000,0.0000,,3
10.2932,-1,0,0,0,0,-1.0000,0.0000,,3
10.3224,-1,0,0,0,0,-1.0000,0.0000,,3
10.3464,-1,0,0,0,0,-1.0000,0.0000,,3
10.3954,-1,0,0,0,0,-1.0000,0.0000,,3
10.4048,-1,0,0,0,0,-1.0000,0.0000,,3
10.4285,-1,0,0,0,0,-1.0000,0.0000,,3
10.4538,-1,0,0,0,0,-1.0000,0.0000,,3
10.4799,-1,0,0,0,0,-1.0000,0.0000,,3
10.5053,-1,0,0,0,0,-1.0000,0.0000,,3
10.5274,-1,0,0,0,0,-1.0000,0.0000,,3
10.5566,-1,0,0,0,0,-1.0000,0.0000,,3
10.5813,-1,0,0,0,0,-1.0000,0.0000,,3
10.6055,-1,0,0,0,0,-1.0000,0.0000,,4
10.6331,-1,0,0,0,0,-1.0000,0.0000,,4
10.6575,-1,0,0,0,0,-1.0000,0.0000,,4
10.6810,-1,0,0,0,0,-1.0000,0.0000,,4
10.7095,-1,0,0,0,0,-1.0000,0.0000,,4
10.7340,-1,0,0,0,0,-1.0000,0.0000,,4
10.7596,-1,0,0,0,0,-1.0000,0.0000,,4
10.7844,-1,0,0,0,0,-1.0000,0.0000,,4
10.8112,-1,0,0,0,0,-1.0000,0.0000,,4
10.8574,-1,0,0,0,0,-1.0000,0.0000,,4
10.8875,-1,0,0,0,0,-1.0000,0.0000,,4
10.8967,-1,0,0,0,0,-1.0000,0.0000,,4
10.9196,-1,0,0,0,0,-1.0000,0.0000,,4
10.9448,-1,0,0,0,0,-1.0000,0.0000,,4
10.9705,-1,0,0,0,0,-1.0000,0.0000,,4
10.9959,-1,0,0,0,0,-1.0000,0.0000,,4
11.0253,-1,0,0,0,0,-1.0000,0.0000,,4
11.0491,-1,0,0,0,0,-1.0000,0.0000,,4
11.0801,-1,0,0,0,0,-1.0000,0.0000,,4
11.1049,-1,0,0,0,0,-1.0000,0.0000,,4
11.1290,-1,0,0,0,0,-1.0000,0.0000,,4
11.1571,-1,0,0,0,0,-1.0000,0.0000,,4
11.1830,-1,0,0,0,0,-1.0000,0.0000,,5
11.2090,-1,0,0,0,0,-1.0000,0.0000,,5
11.2350,-1,0,0,0,0,-1.0000,0.0000,,5
11.2601,-1,0,0,0,0,-1.0000,0.0000,,5
11.2836,-1,0,0,0,0,-1.0000,0.0000,,5
11.3128,-1,0,0,0,0,-1.0000,0.0000,,5
11.3379,-1,0,0,0,0,-1.0000,0.0000,,5
11.3619,-1,0,0,0,0,-1.0000,0.0000,,5
11.4125,-1,0,0,0,0,-1.0000,0.0000,,5
11.4227,-1,0,0,0,0,-1.0000,0.0000,,5
11.4449,-1,0,0,0,0,-1.0000,0.0000,,5
11.4726,-1,0,0,0,0,-1.0000,0.0000,,5
11.5032,-1,0,0,0,0,-1.0000,0.0000,,5
11.5286,-1,0,0,0,0,-1.0000,0.0000,,5
11.5540,-1,0,0,0,0,-1.0000,0.0000,,5
11.5799,-1,0,0,0,0,-1.0000,0.0000,,5
11.6049,-1,0,0,0,0,-1.0000,0.0000,,5
11.6287,-1,0,0,0,0,-1.0000,0.0000,,5
11.6563,-1,0,0,0,0,-1.0000,0.0000,,5
11.6809,-1,0,0,0,0,-1.0000,0.0000,,5
11.7047,-1,0,0,0,0,-1.0000,0.0000,,5
11.7336,-1,0,0,0,0,-1.0000,0.0000,,5
11.7577,-1,0,0,0,0,-1.0000,0.0000,,5
11.7822,-1,0,0,0,0,-1.0000,0.0000,,5
11.8096,-1,0,0,0,0,-1.0000,0.0000,,5
11.8347,-1,0,0,0,0,-1.0000,0.0000,,5
11.8597,-1,0,0,0,0,-1.0000,0.0000,,5
11.8838,-1,0,0,0,0,-1.0000,0.0000,,5
11.9332,-1,0,0,0,0,-1.0000,0.0000,,5
11.9428,-1,0,0,0,0,-1.0000,0.0000,,5
11.9661,-1,0,0,0,0,-1.0000,0.0000,,5
11.9911,-1,0,0,0,0,-1.0000,0.0000,,5
12.0159,-1,0,0,0,0,-1.0000,0.0000,,5
12.0452,-1,0,0,0,0,-1.0000,0.0000,,5
12.0696,-1,0,0,0,0,-1.0000,0.0000,,5
12.0933,-1,0,0,0,0,-1.0000,0.0000,,5
12.1205,-1,0,0,0,0,-1.0000,0.0000,,5
12.1456,-1,0,0,0,0,-1.0000,0.0000,,5
12.1709,-1,0,0,0,0,-1.0000,0.0000,,5
12.1940,-1,0,0,0,0,-1.0000,0.0000,,5
12.2226,-1,0,0,0,0,-1.0000,0.0000,,5
12.2470,-1,0,0,0,0,-1.0000,0.0000,,5
12.2703,-1,0,0,0,0,-1.0000,0.0000,,5
12.2973,-1,0,0,0,0,-1.0000,0.0000,,5
12.3230,-1,0,0,0,0,-1.0000,0.0000,,5
12.3480,-1,0,0,0,0,-1.0000,0.0000,,5
12.3716,-1,0,0,0,0,-1.0000,0.0000,,5
12.3999,-1,0,0,0,0,-1.0000,0.0000,,5
12.4454,-1,0,0,0,0,-1.0000,0.0000,,5
12.4551,-1,0,0,0,0,-1.0000,0.0000,,6
12.4796,-1,0,0,0,0,-1.0000,0.0000,,6
12.5247,-1,0,0,0,0,-1.0000,0.0000,,6
12.5343,-1,0,0,0,0,-1.0000,0.0000,,6
12.5571,-1,0,0,0,0,-1.0000,0.0000,,6
12.5823,-1,0,0,0,0,-1.0000,0.0000,,6
12.6100,-1,0,0,0,0,-1.0000,0.0000,,6
12.6359,-1,0,0,0,0,-1.0000,0.0000,,6
12.6587,-1,0,0,0,0,-1.0000,0.0000,,6
12.6865,-1,0,0,0,0,-1.0000,0.0000,,6
12.7355,-1,0,0,0,0,-1.0000,0.0000,,6
12.7467,-1,0,0,0,0,-1.0000,0.0000,,6
12.7685,-1,0,0,0,0,-1.0000,0.0000,,6
12.7914,-1,0,0,0,0,-1.0000,0.0000,,6
12.8201,-1,0,0,0,0,-1.0000,0.0000,,6
12.8448,-1,0,0,0,0,-1.0000,0.0000,,6
12.8706,-1,0,0,0,0,-1.0000,0.0000,,6
12.8937,-1,0,0,0,0,-1.0000,0.0000,,6
12.9216,-1,0,0,0,0,-1.0000,0.0000,,6
12.9673,-1,0,0,0,0,-1.0000,0.0000,,6
12.9772,-1,0,0,0,0,-1.0000,0.0000,,6
13.0002,-1,0,0,0,0,-1.0000,0.0000,,6
13.0247,-1,0,0,0,0,-1.0000,0.0000,,6
13.0515,-1,0,0,0,0,-1.0000,0.0000,,6
13.0784,-1,0,0,0,0,-1.0000,0.0000,,6
13.1034,-1,0,0,0,0,-1.0000,0.0000,,6
13.1267,-1,0,0,0,0,-1.0000,0.0000,,6
13.1552,-1,0,0,0,0,-1.0000,0.0000,,6
13.1806,-1,0,0,0,0,-1.0000,0.0000,,6
13.2042,-1,0,0,0,0,-1.0000,0.0000,,6
13.2332,-1,0,0,0,0,-1.0000,0.0000,,6
13.2585,-1,0,0,0,0,-1.0000,0.0000,,6
13.2812,-1,0,0,0,0,-1.0000,0.0000,,6
13.3089,-1,0,0,0,0,-1.0000,0.0000,,6
13.3336,-1,0,0,0,0,-1.0000,0.0000,,6
13.3585,-1,0,0,0,0,-1.0000,0.0000,,6
13.3820,-1,0,0,0,0,-1.0000,0.0000,,6
13.4080,-1,0,0,0,0,-1.0000,0.0000,,6
13.4337,-1,0,0,0,0,-1.0000,0.0000,,6
13.4784,-1,0,0,0,0,-1.0000,0.0000,,6
13.4880,-1,0,0,0,0,-1.0000,0.0000,,6
13.5108,-1,0,0,0,0,-1.0000,0.0000,,6
13.5360,-1,0,0,0,0,-1.0000,0.0000,,6
13.5580,-1,0,0,0,0,-1.0000,0.0000,,6
13.5827,-1,0,0,0,0,-1.0000,0.0000,,6
13.6076,-1,0,0,0,0,-1.0000,0.0000,,6
13.6387,-1,0,0,0,0,-1.0000,0.0000,,6
13.6657,-1,0,0,0,0,-1.0000,0.0000,,6
13.6905,-1,0,0,0,0,-1.0000,0.0000,,6
13.7155,-1,0,0,0,0,-1.0000,0.0000,,6
13.7390,-1,0,0,0,0,-1.0000,0.0000,,6
13.7663,-1,0,0,0,0,-1.0000,0.0000,,6
13.7909,-1,0,0,0,0,-1.0000,0.0000,,6
13.8129,-1,0,0,0,0,-1.0000,0.0000,,6
13.8397,-1,0,0,0,0,-1.0000,0.0000,,6
13.8658,-1,0,0,0,0,-1.0000,0.0000,,6
13.8899,-1,0,0,0,0,-1.0000,0.0000,,6
13.9150,-1,0,0,0,0,-1.0000,0.0000,,6
13.9382,-1,0,0,0,0,-1.0000,0.0000,,6
13.9861,-1,0,0,0,0,-1.0000,0.0000,,6
13.9950,-1,0,0,0,0,-1.0000,0.0000,,6
14.0182,-1,0,0,0,0,-1.0000,0.0000,,6
14.0431,-1,0,0,0,0,-1.0000,0.0000,,6
14.0693,-1,0,0,0,0,-1.0000,0.0000,,6
14.0932,-1,0,0,0,0,-1.0000,0.0000,,6
14.1184,-1,0,0,0,0,-1.0000,0.0000,,6
14.1438,-1,0,0,0,0,-1.0000,0.0000,,6
14.1679,-1,0,0,0,0,-1.0000,0.0000,,6
14.1910,-1,0,0,0,0,-1.0000,0.0000,,6
14.2180,-1,0,0,0,0,-1.0000,0.0000,,6
14.2429,-1,0,0,0,0,-1.0000,0.0000,,6
14.2683,-1,0,0,0,0,-1.0000,0.0000,,6
14.2922,-1,0,0,0,0,-1.0000,0.0000,,6
14.3171,-1,0,0,0,0,-1.0000,0.0000,,6
14.3432,-1,0,0,0,0,-1.0000,0.0000,,6
14.3671,-1,0,0,0,0,-1.0000,0.0000,,6
14.4128,-1,0,0,0,0,-1.0000,0.0000,,6
14.4224,-1,0,0,0,0,-1.0000,0.0000,,6
14.4450,-1,0,0,0,0,-1.0000,0.0000,,6
14.4906,-1,0,0,0,0,-1.0000,0.0000,,6
14.5010,-1,0,0,0,0,-1.0000,0.0000,,6
14.5231,-1,0,0,0,0,-1.0000,0.0000,,6
14.5475,-1,0,0,0,0,-1.0000,0.0000,,6
14.5715,-1,0,0,0,0,-1.0000,0.0000,,7
14.5969,-1,0,0,0,0,-1.0000,0.0000,,7
14.6227,-1,0,0,0,0,-1.0000,0.0000,,7
14.6471,-1,0,0,0,0,-1.0000,0.0000,,7
14.6722,-1,0,0,0,0,-1.0000,0.0000,,7
14.6962,-1,0,0,0,0,-1.0000,0.0000,,7
14.7213,-1,0,0,0,0,-1.0000,0.0000,,7
14.7466,-1,0,0,0,0,-1.0000,0.0000,,7
14.7708,-1,0,0,0,0,-1.0000,0.0000,,7
14.7957,-1,0,0,0,0,-1.0000,0.0000,,7
14.8431,-1,0,0,0,0,-1.0000,0.0000,,7
14.8522,-1,0,0,0,0,-1.0000,0.0000,,7
14.8731,-1,0,0,0,0,-1.0000,0.0000,,7
14.8979,-1,0,0,0,0,-1.0000,0.0000,,7
14.9227,-1,0,0,0,0,-1.0000,0.0000,,7
14.9472,-1,0,0,0,0,-1.0000,0.0000,,7
14.9937,-1,0,0,0,0,-1.0000,0.0000,,7
15.0033,-1,0,0,0,0,-1.0000,0.0000,,7
15.0251,-1,0,0,0,0,-1.0000,0.0000,,7
15.0497,-1,0,0,0,0,-1.0000,0.0000,,7
15.0752,-1,0,0,0,0,-1.0000,0.0000,,7
15.1000,-1,0,0,0,0,-1.0000,0.0000,,7
15.1246,-1,0,0,0,0,-1.0000,0.0000,,7
15.1501,-1,0,0,0,0,-1.0000,0.0000,,7
15.1748,-1,0,0,0,0,-1.0000,0.0000,,7
15.2007,-1,0,0,0,0,-1.0000,0.0000,,7
15.2264,-1,0,0,0,0,-1.0000,0.0000,,7
15.2504,-1,0,0,0,0,-1.0000,0.0000,,7
15.2758,-1,0,0,0,0,-1.0000,0.0000,,7
15.3006,-1,0,0,0,0,-1.0000,0.0000,,8
15.3249,-1,0,0,0,0,-1.0000,0.0000,,8
15.3486,-1,0,0,0,0,-1.0000,0.0000,,8
15.3732,-1,0,0,0,0,-1.0000,0.0000,,8
15.3989,-1,0,0,0,0,-1.0000,0.0000,,8
15.4239,-1,0,0,0,0,-1.0000,0.0000,,8
15.4485,-1,0,0,0,0,-1.0000,0.0000,,8
15.4941,-1,0,0,0,0,-1.0000,0.0000,,8
15.5033,-1,0,0,0,0,-1.0000,0.0000,,8
15.5256,-1,0,0,0,0,-1.0000,0.0000,,8
15.5498,-1,0,0,0,0,-1.0000,0.0000,,8
15.5757,-1,0,0,0,0,-1.0000,0.0000,,8
15.6015,-1,0,0,0,0,-1.0000,0.0000,,8
15.6259,-1,0,0,0,0,-1.0000,0.0000,,8
15.6513,-1,0,0,0,0,-1.0000,0.0000,,8
15.6759,-1,0,0,0,0,-1.0000,0.0000,,8
15.7009,-1,0,0,0,0,-1.0000,0.0000,,8
15.7262,-1,0,0,0,0,-1.0000,0.0000,,8
15.7514,-1,0,0,0,0,-1.0000,0.0000,,8
15.7779,-1,0,0,0,0,-1.0000,0.0000,,8
15.8029,-1,0,0,0,0,-1.0000,0.0000,,8
15.8284,-1,0,0,0,0,-1.0000,0.0000,,8
15.8532,-1,0,0,0,0,-1.0000,0.0000,,8
15.8780,-1,0,0,0,0,-1.0000,0.0000,,8
15.9025,-1,0,0,0,0,-1.0000,0.0000,,8
15.9273,-1,0,0,0,0,-1.0000,0.0000,,8
15.9533,-1,0,0,0,0,-1.0000,0.0000,,8
15.9989,-1,0,0,0,0,-1.0000,0.0000,,8
16.0088,-1,0,0,0,0,-1.0000,0.0000,,8
16.0307,-1,0,0,0,0,-1.0000,0.0000,,8
16.0570,-1,0,0,0,0,-1.0000,0.0000,,8
16.1037,-1,0,0,0,0,-1.0000,0.0000,,8
16.1145,-1,0,0,0,0,-1.0000,0.0000,,8
16.1359,-1,0,0,0,0,-1.0000,0.0000,,8
16.1595,-1,0,0,0,0,-1.0000,0.0000,,8
16.1837,-1,0,0,0,0,-1.0000,0.0000,,8
16.2097,-1,0,0,0,0,-1.0000,0.0000,,8
16.2340,-1,0,0,0,0,-1.0000,0.0000,,8
16.2575,-1,0,0,0,0,-1.0000,0.0000,,8
16.2811,-1,0,0,0,0,-1.0000,0.0000,,8
16.3053,-1,0,0,0,0,-1.0000,0.0000,,8
16.3293,-1,0,0,0,0,-1.0000,0.0000,,8
16.3534,-1,0,0,0,0,-1.0000,0.0000,,8
16.3782,-1,0,0,0,0,-1.0000,0.0000,,8
16.4021,-1,0,0,0,0,-1.0000,0.0000,,8
16.4269,-1,0,0,0,0,-1.0000,0.0000,,8
16.4507,-1,0,0,0,0,-1.0000,0.0000,,8
16.4751,-1,0,0,0,0,-1.0000,0.0000,,8
16.5199,-1,0,0,0,0,-1.0000,0.0000,,8
16.5294,-1,0,0,0,0,-1.0000,0.0000,,8
16.5501,-1,0,0,0,0,-1.0000,0.0000,,8
16.5741,-1,0,0,0,0,-1.0000,0.0000,,8
16.5979,-1,0,0,0,0,-1.0000,0.0000,,8
16.6226,-1,0,0,0,0,-1.0000,0.0000,,8
16.6467,-1,0,0,0,0,-1.0000,0.0000,,8
16.6702,-1,0,0,0,0,-1.0000,0.0000,,8
16.6937,-1,0,0,0,0,-1.0000,0.0000,,8
16.7178,-1,0,0,0,0,-1.0000,0.0000,,8
16.7421,-1,0,0,0,0,-1.0000,0.0000,,8
16.7670,-1,0,0,0,0,-1.0000,0.0000,,8
16.7903,-1,0,0,0,0,-1.0000,0.0000,,8
16.8141,-1,0,0,0,0,-1.0000,0.0000,,8
16.8388,-1,0,0,0,0,-1.0000,0.0000,,8
16.8625,-1,0,0,0,0,-1.0000,0.0000,,8
16.8872,-1,0,0,0,0,-1.0000,0.0000,,8
16.9118,-1,0,0,0,0,-1.0000,0.0000,,8
16.9369,-1,0,0,0,0,-1.0000,0.0000,,8
16.9595,-1,0,0,0,0,-1.0000,0.0000,,8
16.9839,-1,0,0,0,0,-1.0000,0.0000,,8
17.0334,-1,0,0,0,0,-1.0000,0.0000,,8
17.0444,-1,0,0,0,0,-1.0000,0.0000,,8
17.0669,-1,0,0,0,0,-1.0000,0.0000,,8
17.0934,-1,0,0,0,0,-1.0000,0.0000,,8
17.1178,-1,0,0,0,0,-1.0000,0.0000,,8
17.1433,-1,0,0,0,0,-1.0000,0.0000,,8
17.1691,-1,0,0,0,0,-1.0000,0.0000,,8
17.1935,-1,0,0,0,0,-1.0000,0.0000,,8
17.2191,-1,0,0,0,0,-1.0000,0.0000,,8
17.2472,-1,0,0,0,0,-1.0000,0.0000,,8
17.2713,-1,0,0,0,0,-1.0000,0.0000,,8
17.2974,-1,0,0,0,0,-1.0000,0.0000,,8
17.3226,-1,0,0,0,0,-1.0000,0.0000,,8
17.3478,-1,0,0,0,0,-1.0000,0.0000,,8
17.3732,-1,0,0,0,0,-1.0000,0.0000,,8
17.3987,-1,0,0,0,0,-1.0000,0.0000,,8
17.4240,-1,0,0,0,0,-1.0000,0.0000,,8
17.4499,-1,0,0,0,0,-1.0000,0.0000,,8
17.4752,-1,0,0,0,0,-1.0000,0.0000,,8
17.5011,-1,0,0,0,0,-1.0000,0.0000,,8
17.5482,-1,0,0,0,0,-1.0000,0.0000,,8
17.5776,-1,0,0,0,0,-1.0000,0.0000,,9
17.5903,-1,0,0,0,0,-1.0000,0.0000,,9
17.6110,-1,0,0,0,0,-1.0000,0.0000,,9
17.6376,-1,0,0,0,0,-1.0000,0.0000,,9
17.6634,-1,0,0,0,0,-1.0000,0.0000,,9
17.6895,-1,0,0,0,0,-1.0000,0.0000,,9
17.7149,-1,0,0,0,0,-1.0000,0.0000,,9
17.7410,-1,0,0,0,0,-1.0000,0.0000,,9
17.7668,-1,0,0,0,0,-1.0000,0.0000,,9
17.8140,-1,0,0,0,0,-1.0000,0.0000,,9
17.8252,-1,0,0,0,0,-1.0000,0.0000,,9
17.8472,-1,0,0,0,0,-1.0000,0.0000,,9
17.8734,-1,0,0,0,0,-1.0000,0.0000,,9
17.8992,-1,0,0,0,0,-1.0000,0.0000,,9
17.9247,-1,0,0,0,0,-1.0000,0.0000,,9
17.9499,-1,0,0,0,0,-1.0000,0.0000,,9
17.9761,-1,0,0,0,0,-1.0000,0.0000,,9
18.0021,-1,0,0,0,0,-1.0000,0.0000,,9
18.0494,-1,0,0,0,0,-1.0000,0.0000,,9
18.0597,-1,0,0,0,0,-1.0000,0.0000,,9
18.0824,-1,0,0,0,0,-1.0000,0.0000,,9
18.1084,-1,0,0,0,0,-1.0000,0.0000,,9
18.1345,-1,0,0,0,0,-1.0000,0.0000,,9
18.1603,-1,0,0,0,0,-1.0000,0.0000,,9
18.1858,-1,0,0,0,0,-1.0000,0.0000,,9
18.2337,-1,0,0,0,0,-1.0000,0.0000,,9
18.2446,-1,0,0,0,0,-1.0000,0.0000,,9
18.2689,-1,0,0,0,0,-1.0000,0.0000,,9
18.2936,-1,0,0,0,0,-1.0000,0.0000,,9
18.3192,-1,0,0,0,0,-1.0000,0.0000,,9
18.3447,-1,0,0,0,0,-1.0000,0.0000,,9
18.3698,-1,0,0,0,0,-1.0000,0.0000,,9
18.3962,-1,0,0,0,0,-1.0000,0.0000,,9
18.4214,-1,0,0,0,0,-1.0000,0.0000,,9
18.4481,-1,0,0,0,0,-1.0000,0.0000,,9
18.4729,-1,0,0,0,0,-1.0000,0.0000,,9
18.4986,-1,0,0,0,0,-1.0000,0.0000,,9
18.5245,-1,0,0,0,0,-1.0000,0.0000,,9
18.5703,-1,0,0,0,0,-1.0000,0.0000,,9
18.5808,-1,0,0,0,0,-1.0000,0.0000,,9
18.6035,-1,0,0,0,0,-1.0000,0.0000,,9
18.6328,-1,0,0,0,0,-1.0000,0.0000,,9
18.6580,-1,0,0,0,0,-1.0000,0.0000,,9
18.6829,-1,0,0,0,0,-1.0000,0.0000,,9
18.7090,-1,0,0,0,0,-1.0000,0.0000,,9
18.7348,-1,0,0,0,0,-1.0000,0.0000,,9
18.7593,-1,0,0,0,0,-1.0000,0.0000,,9
18.7848,-1,0,0,0,0,-1.0000,0.0000,,9
18.8104,-1,0,0,0,0,-1.0000,0.0000,,9
18.8350,-1,0,0,0,0,-1.0000,0.0000,,9
18.8606,-1,0,0,0,0,-1.0000,0.0000,,9
18.8868,-1,0,0,0,0,-1.0000,0.0000,,9
18.9119,-1,0,0,0,0,-1.0000,0.0000,,9
18.9373,-1,0,0,0,0,-1.0000,0.0000,,9
18.9626,-1,0,0,0,0,-1.0000,0.0000,,9
18.9884,-1,0,0,0,0,-1.0000,0.0000,,9
19.0137,-1,0,0,0,0,-1.0000,0.0000,,9
19.0610,-1,0,0,0,0,-1.0000,0.0000,,9
19.0895,-1,0,0,0,0,-1.0000,0.0000,,9
19.0993,-1,0,0,0,0,-1.0000,0.0000,,9
19.1232,-1,0,0,0,0,-1.0000,0.0000,,9
19.1482,-1,0,0,0,0,-1.0000,0.0000,,9
19.1746,-1,0,0,0,0,-1.0000,0.0000,,9
19.1999,-1,0,0,0,0,-1.0000,0.0000,,9
19.2253,-1,0,0,0,0,-1.0000,0.0000,,9
19.2725,-1,0,0,0,0,-1.0000,0.0000,,9
19.2832,-1,0,0,0,0,-1.0000,0.0000,,9
19.3062,-1,0,0,0,0,-1.0000,0.0000,,9
19.3319,-1,0,0,0,0,-1.0000,0.0000,,9
19.3583,-1,0,0,0,0,-1.0000,0.0000,,9
19.3838,-1,0,0,0,0,-1.0000,0.0000,,9
19.4096,-1,0,0,0,0,-1.0000,0.0000,,9
19.4365,-1,0,0,0,0,-1.0000,0.0000,,9
19.4638,-1,0,0,0,0,-1.0000,0.0000,,9
19.4892,-1,0,0,0,0,-1.0000,0.0000,,10
19.5148,-1,0,0,0,0,-1.0000,0.0000,,10
19.5399,-1,0,0,0,0,-1.0000,0.0000,,10
19.5662,-1,0,0,0,0,-1.0000,0.0000,,10
19.6137,-1,0,0,0,0,-1.0000,0.0000,,10
19.6238,-1,0,0,0,0,-1.0000,0.0000,,10
19.6476,-1,0,0,0,0,-1.0000,0.0000,,10
19.6958,-1,0,0,0,0,-1.0000,0.0000,,10
19.7059,-1,0,0,0,0,-1.0000,0.0000,,10
19.7284,-1,0,0,0,0,-1.0000,0.0000,,10
19.7559,-1,0,0,0,0,-1.0000,0.0000,,10
19.7814,-1,0,0,0,0,-1.0000,0.0000,,10
19.8078,-1,0,0,0,0,-1.0000,0.0000,,10
19.8340,-1,0,0,0,0,-1.0000,0.0000,,10
19.8597,-1,0,0,0,0,-1.0000,0.0000,,10
19.8847,-1,0,0,0,0,-1.0000,0.0000,,10
19.9116,-1,0,0,0,0,-1.0000,0.0000,,10
19.9368,-1,0,0,0,0,-1.0000,0.0000,,10
19.9624,-1,0,0,0,0,-1.0000,0.0000,,10
19.9888,-1,0,0,0,0,-1.0000,0.0000,,10
20.0149,-1,0,0,0,0,-1.0000,0.0000,,10
20.0402,-1,0,0,0,0,-1.0000,0.0000,,10
20.0667,-1,0,0,0,0,-1.0000,0.0000,,10
20.1142,-1,0,0,0,0,-1.0000,0.0000,,10
20.1240,-1,0,0,0,0,-1.0000,0.0000,,10
20.1475,-1,0,0,0,0,-1.0000,0.0000,,10
20.1742,-1,0,0,0,0,-1.0000,0.0000,,10
20.2011,-1,0,0,0,0,-1.0000,0.0000,,10
20.2269,-1,0,0,0,0,-1.0000,0.0000,,10
20.2539,-1,0,0,0,1,-1.0000,2.0000,,10
20.2804,-1,0,0,0,1,-1.0000,3.0000,,10
20.3077,-1,0,0,0,0,-1.0000,3.0000,,10
20.3336,-1,0,0,0,0,-1.0000,3.0000,,10
20.3597,-1,0,0,0,0,-1.0000,3.0000,,10
20.3849,-1,0,0,0,0,-1.0000,3.0000,,10
20.4125,-1,0,0,0,0,-1.0000,3.0000,,10
20.4370,-1,0,0,0,0,-1.0000,3.0000,,10
20.4641,-1,0,0,0,0,-1.0000,3.0000,,10
20.4909,-1,0,0,0,0,-1.0000,3.0000,,10
20.5154,-1,0,0,0,0,-1.0000,3.0000,,10
20.5420,-1,0,0,0,0,-1.0000,3.0000,,10
20.5689,-1,0,0,0,0,-1.0000,3.0000,,10
20.6168,-1,0,0,0,0,-1.0000,3.0000,,10
20.6269,-1,0,0,0,0,-1.0000,3.0000,,10
20.6498,-1,0,0,0,0,-1.0000,3.0000,,10
20.6777,-1,0,0,0,0,-1.0000,3.0000,,10
20.7029,-1,0,0,0,0,-1.0000,3.0000,,10
20.7289,-1,0,0,0,0,-1.0000,3.0000,,10
20.7555,-1,0,0,0,0,-1.0000,3.0000,,10
20.7808,-1,0,0,0,0,-1.0000,3.0000,,10
20.8070,-1,0,0,0,0,-1.0000,3.0000,,10
20.8338,-1,0,0,0,0,-1.0000,3.0000,,10
20.8597,-1,0,0,0,0,-1.0000,3.0000,,10
20.8857,-1,0,0,0,0,-1.0000,3.0000,,10
20.9124,-1,0,0,0,0,-1.0000,3.0000,,10
20.9600,-1,0,0,0,0,-1.0000,3.0000,,10
20.9695,-1,0,0,0,0,-1.0000,3.0000,,10
20.9934,-1,0,0,0,0,-1.0000,3.0000,,11
21.0202,-1,0,0,0,0,-1.0000,3.0000,,11
21.0457,-1,0,0,0,0,-1.0000,3.0000,,11
21.0726,-1,0,0,0,0,-1.0000,3.0000,,11
21.1220,-1,0,0,0,0,-1.0000,3.0000,,11
21.1528,-1,0,0,0,0,-1.0000,3.0000,,11
21.1621,-1,0,0,0,0,-1.0000,3.0000,,11
21.1871,-1,0,0,0,0,-1.0000,3.0000,,11
21.2138,-1,0,0,0,0,-1.0000,3.0000,,11
21.2405,-1,0,0,0,0,-1.0000,3.0000,,11
21.2676,-1,0,0,0,0,-1.0000,1.0000,,11
21.2945,-1,0,0,0,0,-1.0000,0.0000,,11
21.3231,-1,0,0,0,0,-1.0000,0.0000,,11
21.3715,-1,0,0,0,0,-1.0000,0.0000,,11
21.3817,-1,0,0,0,0,-1.0000,0.0000,,11
21.4061,-1,0,0,0,0,-1.0000,0.0000,,11
21.4335,-1,0,0,0,0,-1.0000,0.0000,,11
21.4601,-1,0,0,0,1,-1.0000,2.0000,,11
21.4878,-1,0,0,0,1,-1.0000,3.0000,,11
21.5148,-1,0,0,0,0,-1.0000,3.0000,,11
21.5416,-1,0,0,0,0,-1.0000,3.0000,,11
21.5906,-1,0,0,0,0,-1.0000,3.0000,,11
21.6221,-1,0,0,0,0,-1.0000,3.0000,,11
21.6318,-1,0,0,0,0,-1.0000,3.0000,,11
21.6550,-1,0,0,0,0,-1.0000,3.0000,,12
21.6811,-1,0,0,0,0,-1.0000,3.0000,,12
21.7072,-1,0,0,0,0,-1.0000,3.0000,,12
21.7351,-1,0,0,0,0,-1.0000,3.0000,,12
21.7610,-1,0,0,0,0,-1.0000,3.0000,,12
21.8086,-1,0,0,0,0,-1.0000,3.0000,,12
21.8186,-1,0,0,0,0,-1.0000,3.0000,,12
21.8423,-1,0,0,0,0,-1.0000,3.0000,,12
21.8680,-1,0,0,0,0,-1.0000,3.0000,,12
21.8937,-1,0,0,0,0,-1.0000,3.0000,,12
21.9200,-1,0,0,0,0,-1.0000,3.0000,,12
21.9447,-1,0,0,0,0,-1.0000,3.0000,,12
21.9705,-1,0,0,0,0,-1.0000,3.0000,,12
21.9959,-1,0,0,0,0,-1.0000,3.0000,,12
22.0224,-1,0,0,0,0,-1.0000,3.0000,,12
22.0475,-1,0,0,0,0,-1.0000,3.0000,,12
22.0730,-1,0,0,0,0,-1.0000,3.0000,,12
22.0990,-1,0,0,0,0,-1.0000,3.0000,,12
22.1470,-1,0,0,0,0,-1.0000,3.0000,,12
22.1571,-1,0,0,0,0,-1.0000,3.0000,,12
22.1810,-1,0,0,0,0,-1.0000,3.0000,,12
22.2061,-1,0,0,0,0,-1.0000,3.0000,,12
22.2321,-1,0,0,0,0,-1.0000,3.0000,,12
22.2578,-1,0,0,0,0,-1.0000,3.0000,,12
22.2830,-1,0,0,0,0,-1.0000,3.0000,,12
22.3096,-1,0,0,0,0,-1.0000,3.0000,,12
22.3359,-1,0,0,0,0,-1.0000,3.0000,,12
22.3611,-1,0,0,0,0,-1.0000,3.0000,,12
22.3872,-1,0,0,0,0,-1.0000,3.0000,,12
22.4124,-1,0,0,0,0,-1.0000,3.0000,,12
22.4381,-1,0,0,0,0,-1.0000,3.0000,,12
22.4639,-1,0,0,0,0,-1.0000,1.0000,,12
22.4897,-1,0,0,0,0,-1.0000,0.0000,,12
22.5158,-1,0,0,0,0,-1.0000,0.0000,,12
22.5415,-1,0,0,0,0,-1.0000,0.0000,,12
22.5679,-1,0,0,0,0,-1.0000,0.0000,,12
22.5929,-1,0,0,0,0,-1.0000,0.0000,,12
22.6415,-1,0,0,0,1,-1.0000,1.0000,,12
22.6709,-1,0,0,0,0,-1.0000,1.0000,,12
22.6817,-1,0,0,0,0,-1.0000,1.0000,,12
22.7044,-1,0,0,0,0,-1.0000,1.0000,,12
22.7307,-1,0,0,0,0,-1.0000,1.0000,,12
22.7569,-1,0,0,0,0,-1.0000,1.0000,,12
22.7824,-1,0,0,0,0,-1.0000,1.0000,,12
22.8084,-1,0,0,0,0,-1.0000,1.0000,,12
22.8559,-1,0,0,0,0,-1.0000,1.0000,,12
22.8666,-1,0,0,0,0,-1.0000,1.0000,,12
22.8900,-1,0,0,0,0,-1.0000,1.0000,,12
22.9163,-1,0,0,0,0,-1.0000,1.0000,,12
22.9420,-1,0,0,0,0,-1.0000,1.0000,,12
22.9680,-1,0,0,0,0,-1.0000,1.0000,,12
22.9933,-1,0,0,0,0,-1.0000,1.0000,,12
23.0186,-1,0,0,0,0,-1.0000,1.0000,,12
23.0446,-1,0,0,0,0,-1.0000,1.0000,,12
23.0706,-1,0,0,0,0,-1.0000,1.0000,,12
23.0953,-1,0,0,0,0,-1.0000,1.0000,,12
23.1224,-1,0,0,0,0,-1.0000,1.0000,,12
23.1476,-1,0,0,0,0,-1.0000,1.0000,,12
23.1952,-1,0,0,0,0,-1.0000,1.0000,,12
23.2056,-1,0,0,0,0,-1.0000,1.0000,,12
23.2282,-1,0,0,0,0,-1.0000,1.0000,,12
23.2541,-1,0,0,0,0,-1.0000,1.0000,,12
23.2809,-1,0,0,0,0,-1.0000,1.0000,,12
23.3059,-1,0,0,0,0,-1.0000,1.0000,,12
23.3319,-1,0,0,0,0,-1.0000,1.0000,,12
23.3598,-1,0,0,0,0,-1.0000,1.0000,,12
23.3854,-1,0,0,0,0,-1.0000,1.0000,,12
23.4113,-1,0,0,0,0,-1.0000,1.0000,,12
23.4362,-1,0,0,0,0,-1.0000,1.0000,,12
23.4616,-1,0,0,0,0,-1.0000,1.0000,,12
23.4871,-1,0,0,0,0,-1.0000,1.0000,,12
23.5130,-1,0,0,0,0,-1.0000,1.0000,,12
23.5388,-1,0,0,0,0,-1.0000,1.0000,,12
23.5634,-1,0,0,0,0,-1.0000,1.0000,,12
23.5908,-1,0,0,0,0,-1.0000,1.0000,,12
23.6160,-1,0,0,0,0,-1.0000,1.0000,,12
23.6400,-1,0,0,0,0,-1.0000,1.0000,,12
23.6948,-1,0,0,0,0,-1.0000,0.0000,,12
23.7241,-1,0,0,0,0,-1.0000,0.0000,,12
23.7336,-1,0,0,0,0,-1.0000,0.0000,,12
23.7575,-1,0,0,0,0,-1.0000,0.0000,,12
23.7842,-1,0,0,0,0,-1.0000,0.0000,,12
23.8091,-1,0,0,0,0,-1.0000,0.0000,,12
23.8355,-1,0,0,0,0,-1.0000,0.0000,,12
23.8607,-1,0,0,0,0,-1.0000,0.0000,,12
23.8872,-1,0,0,0,0,-1.0000,0.0000,,12
23.9137,-1,0,0,0,0,-1.0000,0.0000,,12
23.9387,-1,0,0,0,0,-1.0000,0.0000,,12
23.9652,-1,0,0,0,1,-1.0000,2.0000,,12
23.9909,-1,0,0,0,1,-1.0000,3.0000,,12
24.0169,-1,0,0,0,0,-1.0000,3.0000,,12
24.0422,-1,0,0,0,0,-1.0000,3.0000,,12
24.0690,-1,0,0,0,0,-1.0000,3.0000,,12
24.1156,-1,0,0,0,0,-1.0000,3.0000,,12
24.1256,-1,0,0,0,0,-1.0000,3.0000,,12
24.1493,-1,0,0,0,0,-1.0000,3.0000,,12
24.1762,-1,0,0,0,0,-1.0000,3.0000,,12
24.2022,-1,0,0,0,0,-1.0000,3.0000,,12
24.2503,-1,0,0,0,0,-1.0000,3.0000,,12
24.2609,-1,0,0,0,0,-1.0000,3.0000,,12
24.2860,-1,0,0,0,0,-1.0000,3.0000,,12
24.3134,-1,0,0,0,0,-1.0000,3.0000,,12
24.3398,-1,0,0,0,0,-1.0000,3.0000,,12
24.3669,-1,0,0,0,0,-1.0000,3.0000,,12
24.3945,-1,0,0,0,0,-1.0000,3.0000,,12
24.4211,-1,0,0,0,0,-1.0000,3.0000,,12
24.4478,-1,0,0,0,0,-1.0000,3.0000,,12
24.4742,-1,0,0,0,0,-1.0000,3.0000,,12
24.5012,-1,0,0,0,0,-1.0000,3.0000,,12
24.5501,-1,0,0,0,0,-1.0000,3.0000,,12
24.5607,-1,0,0,0,0,-1.0000,3.0000,,12
24.5842,-1,0,0,0,0,-1.0000,3.0000,,12
24.6092,-1,0,0,0,0,-1.0000,3.0000,,12
24.6361,-1,0,0,0,0,-1.0000,3.0000,,12
24.6614,-1,0,0,0,0,-1.0000,3.0000,,12
24.6895,-1,0,0,0,0,-1.0000,3.0000,,12
24.7143,-1,0,0,0,0,-1.0000,3.0000,,12
24.7624,-1,0,0,0,0,-1.0000,3.0000,,12
24.7720,-1,0,0,0,0,-1.0000,3.0000,,12
24.7955,-1,0,0,0,0,-1.0000,3.0000,,12
24.8216,-1,0,0,0,0,-1.0000,3.0000,,12
24.8478,-1,0,0,0,0,-1.0000,3.0000,,12
24.8729,-1,0,0,0,0,-1.0000,3.0000,,12
24.8985,-1,0,0,0,0,-1.0000,3.0000,,12
24.9249,-1,0,0,0,0,-1.0000,3.0000,,12
24.9728,-1,0,0,0,0,-1.0000,1.0000,,12
24.9821,-1,0,0,0,0,-1.0000,1.0000,,12
25.0055,-1,0,0,0,0,-1.0000,0.0000,,12
25.0314,-1,0,0,0,0,-1.0000,0.0000,,12
25.0569,-1,0,0,0,0,-1.0000,0.0000,,12
25.0836,-1,0,0,0,0,-1.0000,0.0000,,12
25.1079,-1,0,0,0,0,-1.0000,0.0000,,12
25.1336,-1,0,0,0,0,-1.0000,0.0000,,12
25.1591,-1,0,0,0,0,-1.0000,0.0000,,12
25.1835,-1,0,0,0,0,-1.0000,0.0000,,12
25.2108,-1,0,0,0,0,-1.0000,0.0000,,12
25.2358,-1,0,0,0,0,-1.0000,0.0000,,12
25.2818,-1,0,0,0,0,-1.0000,0.0000,,12
25.2909,-1,0,0,0,0,-1.0000,0.0000,,12
25.3140,-1,0,0,0,0,-1.0000,0.0000,,12
25.3391,-1,0,0,0,0,-1.0000,0.0000,,12
25.3645,-1,0,0,0,0,-1.0000,0.0000,,12
25.3908,-1,0,0,0,0,-1.0000,0.0000,,12
25.4165,-1,0,0,0,0,-1.0000,0.0000,,12
25.4425,-1,0,0,0,0,-1.0000,0.0000,,12
25.4683,-1,0,0,0,0,-1.0000,0.0000,,12
25.4932,-1,0,0,0,0,-1.0000,0.0000,,12
25.5190,-1,0,0,0,0,-1.0000,0.0000,,12
25.5447,-1,0,0,0,0,-1.0000,0.0000,,12
25.5690,-1,0,0,0,0,-1.0000,0.0000,,12
25.5963,-1,0,0,0,0,-1.0000,0.0000,,12
25.6216,-1,0,0,0,0,-1.0000,0.0000,,12
25.6464,-1,0,0,0,0,-1.0000,0.0000,,12
25.6724,-1,0,0,0,0,-1.0000,0.0000,,12
25.6990,-1,0,0,0,0,-1.0000,0.0000,,12
25.7237,-1,0,0,0,0,-1.0000,0.0000,,12
25.7495,-1,0,0,0,0,-1.0000,0.0000,,12
25.7978,-1,0,0,0,0,-1.0000,0.0000,,12
25.8092,-1,0,0,0,0,-1.0000,0.0000,,12
25.8330,-1,0,0,0,0,-1.0000,0.0000,,12
25.8619,-1,0,0,0,0,-1.0000,0.0000,,12
25.8902,-1,0,0,0,0,-1.0000,0.0000,,12
25.9193,-1,0,0,0,0,-1.0000,0.0000,,12
25.9479,-1,0,0,0,0,-1.0000,0.0000,,13
25.9764,-1,0,0,0,1,-1.0000,1.0000,,13
26.0309,-1,0,0,0,0,-1.0000,1.0000,,13
26.0428,-1,0,0,0,0,-1.0000,1.0000,,13
26.0683,-1,0,0,0,0,-1.0000,1.0000,,13
26.0971,-1,0,0,0,0,-1.0000,1.0000,,13
26.1245,-1,0,0,0,0,-1.0000,1.0000,,13
26.1536,-1,0,0,0,0,-1.0000,1.0000,,13
26.1826,-1,0,0,0,0,-1.0000,1.0000,,13
26.2109,-1,0,0,0,0,-1.0000,1.0000,,13
26.2387,-1,0,0,0,0,-1.0000,1.0000,,13
26.2682,-1,0,0,0,0,-1.0000,1.0000,,13
26.3218,-1,0,0,0,0,-1.0000,1.0000,,13
26.3323,-1,0,0,0,0,-1.0000,1.0000,,13
26.3570,-1,0,0,0,0,-1.0000,1.0000,,13
26.3856,-1,0,0,0,0,-1.0000,1.0000,,13
26.4382,-1,0,0,0,0,-1.0000,1.0000,,13
26.4505,-1,0,0,0,0,-1.0000,1.0000,,13
26.4766,-1,0,0,0,0,-1.0000,1.0000,,13
26.5053,-1,0,0,0,0,-1.0000,1.0000,,13
26.5349,-1,0,0,0,0,-1.0000,1.0000,,13
26.5641,-1,0,0,0,0,-1.0000,1.0000,,13
26.5928,-1,0,0,0,0,-1.0000,1.0000,,13
26.6455,-1,0,0,0,0,-1.0000,1.0000,,13
26.6558,-1,0,0,0,0,-1.0000,1.0000,,13
26.6826,-1,0,0,0,0,-1.0000,1.0000,,13
26.7115,-1,0,0,0,0,-1.0000,1.0000,,13
26.7401,-1,0,0,0,0,-1.0000,1.0000,,13
26.7696,-1,0,0,0,0,-1.0000,1.0000,,13
26.8238,-1,0,0,0,0,-1.0000,1.0000,,13
26.8344,-1,0,0,0,0,-1.0000,1.0000,,13
26.8601,-1,0,0,0,0,-1.0000,1.0000,,13
26.8898,-1,0,0,0,0,-1.0000,1.0000,,13
26.9177,-1,0,0,0,0,-1.0000,1.0000,,13
26.9453,-1,0,0,0,0,-1.0000,1.0000,,13
26.9731,-1,0,0,0,0,-1.0000,1.0000,,13
27.0004,-1,0,0,0,0,-1.0000,0.0000,,13
27.0265,-1,0,0,0,0,-1.0000,0.0000,,13
27.0772,-1,0,0,0,0,-1.0000,0.0000,,13
27.0872,-1,0,0,0,0,-1.0000,0.0000,,13
27.1091,-1,0,0,0,0,-1.0000,0.0000,,13
27.1343,-1,0,0,0,0,-1.0000,0.0000,,13
27.1582,-1,0,0,0,0,-1.0000,0.0000,,13
27.1836,-1,0,0,0,0,-1.0000,0.0000,,13
27.2080,-1,0,0,0,0,-1.0000,0.0000,,13
27.2334,-1,0,0,0,0,-1.0000,0.0000,,13
27.2782,-1,0,0,0,0,-1.0000,0.0000,,13
27.3064,-1,0,0,0,0,-1.0000,0.0000,,13
27.3152,-1,0,0,0,0,-1.0000,0.0000,,13
27.3383,-1,0,0,0,0,-1.0000,0.0000,,13
27.3631,-1,0,0,0,0,-1.0000,0.0000,,13
27.3889,-1,0,0,0,0,-1.0000,0.0000,,13
27.4127,-1,0,0,0,0,-1.0000,0.0000,,13
27.4370,-1,0,0,0,0,-1.0000,0.0000,,13
27.4636,-1,0,0,0,0,-1.0000,0.0000,,13
27.4885,-1,0,0,0,0,-1.0000,0.0000,,13
27.5133,-1,0,0,0,0,-1.0000,0.0000,,13
27.5386,-1,0,0,0,0,-1.0000,0.0000,,13
27.5635,-1,0,0,0,0,-1.0000,0.0000,,13
27.5893,-1,0,0,0,0,-1.0000,0.0000,,13
27.6141,-1,0,0,0,0,-1.0000,0.0000,,13
27.6386,-1,0,0,0,0,-1.0000,0.0000,,13
27.6862,-1,0,0,0,0,-1.0000,0.0000,,13
27.6955,-1,0,0,0,0,-1.0000,0.0000,,13
27.7190,-1,0,0,0,0,-1.0000,0.0000,,13
27.7445,-1,0,0,0,0,-1.0000,0.0000,,13
27.7690,-1,0,0,0,0,-1.0000,0.0000,,13
27.7943,-1,0,0,0,0,-1.0000,0.0000,,13
27.8415,-1,0,0,0,0,-1.0000,0.0000,,13
27.8528,-1,0,0,0,0,-1.0000,0.0000,,13
27.8741,-1,0,0,0,0,-1.0000,0.0000,,13
27.9002,-1,0,0,0,0,-1.0000,0.0000,,13
27.9256,-1,0,0,0,0,-1.0000,0.0000,,13
27.9503,-1,0,0,0,0,-1.0000,0.0000,,13
27.9758,-1,0,0,0,0,-1.0000,0.0000,,13
28.0006,-1,0,0,0,0,-1.0000,0.0000,,13
28.0248,-1,0,0,0,0,-1.0000,0.0000,,13
28.0497,-1,0,0,0,0,-1.0000,0.0000,,13
28.0962,-1,0,0,0,0,-1.0000,0.0000,,13
28.1067,-1,0,0,0,0,-1.0000,0.0000,,13
28.1280,-1,0,0,0,0,-1.0000,0.0000,,13
28.1534,-1,0,0,0,0,-1.0000,0.0000,,13
28.1793,-1,0,0,0,0,-1.0000,0.0000,,13
28.2041,-1,0,0,0,0,-1.0000,0.0000,,13
28.2294,-1,0,0,0,0,-1.0000,0.0000,,13
28.2543,-1,0,0,0,0,-1.0000,0.0000,,13
28.3019,-1,0,0,0,0,-1.0000,0.0000,,13
28.3309,-1,0,0,0,0,-1.0000,0.0000,,13
28.3402,-1,0,0,0,0,-1.0000,0.0000,,13
28.3643,-1,0,0,0,0,-1.0000,0.0000,,13
28.3900,-1,0,0,0,0,-1.0000,0.0000,,13
28.4148,-1,0,0,0,0,-1.0000,0.0000,,13
28.4402,-1,0,0,0,0,-1.0000,0.0000,,13
28.4663,-1,0,0,0,0,-1.0000,0.0000,,13
28.4919,-1,0,0,0,0,-1.0000,0.0000,,13
28.5188,-1,0,0,0,0,-1.0000,0.0000,,13
28.5430,-1,0,0,0,0,-1.0000,0.0000,,13
28.5684,-1,0,0,0,0,-1.0000,0.0000,,13
28.5936,-1,0,0,0,0,-1.0000,0.0000,,13
28.6194,-1,0,0,0,0,-1.0000,0.0000,,13
28.6447,-1,0,0,0,0,-1.0000,0.0000,,13
28.6724,-1,0,0,0,0,-1.0000,0.0000,,13
28.6985,-1,0,0,0,0,-1.0000,0.0000,,13
28.7246,-1,0,0,0,0,-1.0000,0.0000,,13
28.7494,-1,0,0,0,0,-1.0000,0.0000,,13
28.7752,-1,0,0,0,0,-1.0000,0.0000,,13
28.8007,-1,0,0,0,0,-1.0000,0.0000,,13
28.8253,-1,0,0,0,0,-1.0000,0.0000,,13
28.8717,-1,0,0,0,0,-1.0000,0.0000,,13
28.8838,-1,0,0,0,0,-1.0000,0.0000,,13
28.9281,-1,0,0,0,0,-1.0000,0.0000,,13
28.9378,-1,0,0,0,0,-1.0000,0.0000,,13
28.9611,-1,0,0,0,0,-1.0000,0.0000,,13
28.9873,-1,0,0,0,0,-1.0000,0.0000,,13
29.0125,-1,0,0,0,0,-1.0000,0.0000,,13
29.0386,-1,0,0,0,0,-1.0000,0.0000,,13
29.0634,-1,0,0,0,0,-1.0000,0.0000,,13
29.0892,-1,0,0,0,0,-1.0000,0.0000,,13
29.1356,-1,0,0,0,0,-1.0000,0.0000,,13
29.1465,-1,0,0,0,0,-1.0000,0.0000,,13
29.1689,-1,0,0,0,0,-1.0000,0.0000,,13
29.1939,-1,0,0,0,0,-1.0000,0.0000,,13
29.2191,-1,0,0,0,0,-1.0000,0.0000,,14
29.2448,-1,0,0,0,0,-1.0000,0.0000,,14
29.2697,-1,0,0,0,0,-1.0000,0.0000,,14
29.2959,-1,0,0,0,0,-1.0000,0.0000,,14
29.3428,-1,0,0,0,0,-1.0000,0.0000,,14
29.3717,-1,0,0,0,0,-1.0000,0.0000,,14
29.3830,-1,0,0,0,0,-1.0000,0.0000,,14
29.4055,-1,0,0,0,0,-1.0000,0.0000,,14
29.4310,-1,0,0,0,0,-1.0000,0.0000,,14
29.4581,-1,0,0,0,0,-1.0000,0.0000,,14
29.4827,-1,0,0,0,0,-1.0000,0.0000,,14
29.5084,-1,0,0,0,0,-1.0000,0.0000,,14
29.5358,-1,0,0,0,0,-1.0000,0.0000,,14
29.5604,-1,0,0,0,0,-1.0000,0.0000,,14
29.5865,-1,0,0,0,0,-1.0000,0.0000,,14
29.6131,-1,0,0,0,0,-1.0000,0.0000,,14
29.6375,-1,0,0,0,0,-1.0000,0.0000,,14
29.6631,-1,0,0,0,0,-1.0000,0.0000,,14
29.6889,-1,0,0,0,0,-1.0000,0.0000,,14
29.7152,-1,0,0,0,0,-1.0000,0.0000,,14
29.7637,-1,0,0,0,0,-1.0000,0.0000,,14
29.7740,-1,0,0,0,0,-1.0000,0.0000,,14
29.7968,-1,0,0,0,0,-1.0000,0.0000,,14
29.8226,-1,0,0,0,0,-1.0000,0.0000,,14
29.8488,-1,0,0,0,0,-1.0000,0.0000,,14
29.8950,-1,0,0,0,0,-1.0000,0.0000,,14
29.9056,-1,0,0,0,0,-1.0000,0.0000,,14
29.9280,-1,0,0,0,0,-1.0000,0.0000,,14
29.9537,-1,0,0,0,0,-1.0000,0.0000,,14
29.9798,-1,0,0,0,0,-1.0000,0.0000,,14
30.0043,-1,0,0,0,0,-1.0000,0.0000,,14
30.0304,-1,0,0,0,0,-1.0000,0.0000,,14
30.0559,-1,0,0,0,0,-1.0000,0.0000,,14
30.0819,-1,0,0,0,0,-1.0000,0.0000,,14
30.1093,-1,0,0,0,0,-1.0000,0.0000,,14
30.1380,-1,0,0,0,0,-1.0000,0.0000,,14
30.1652,-1,0,0,0,0,-1.0000,0.0000,,14
30.1930,-1,0,0,0,0,-1.0000,0.0000,,14
30.2205,-1,0,0,0,0,-1.0000,0.0000,,14
30.2485,-1,0,0,0,0,-1.0000,0.0000,,14
30.2739,-1,0,0,0,0,-1.0000,0.0000,,14
30.3029,-1,0,0,0,0,-1.0000,0.0000,,14
30.3292,-1,0,0,0,0,-1.0000,0.0000,,14
30.3612,-1,0,0,0,0,-1.0000,0.0000,,14
30.4113,-1,0,0,0,0,-1.0000,0.0000,,14
30.4326,-1,0,0,0,0,-1.0000,0.0000,,15
30.4535,-1,0,0,0,0,-1.0000,0.0000,,15
30.4748,-1,0,0,0,0,-1.0000,0.0000,,15
30.5030,-1,0,0,0,0,-1.0000,0.0000,,15
30.5301,-1,0,0,0,0,-1.0000,0.0000,,15
30.5578,-1,0,0,0,0,-1.0000,0.0000,,15
30.5862,-1,0,0,0,0,-1.0000,0.0000,,15
30.6354,-1,0,0,0,0,-1.0000,0.0000,,15
30.6505,-1,0,0,0,0,-1.0000,0.0000,,15
30.6701,-1,0,0,0,0,-1.0000,0.0000,,15
30.6971,-1,0,0,0,0,-1.0000,0.0000,,15
30.7251,-1,0,0,0,0,-1.0000,0.0000,,15
30.7519,-1,0,0,0,0,-1.0000,0.0000,,15
30.7794,-1,0,0,0,0,-1.0000,0.0000,,15
30.8066,-1,0,0,0,0,-1.0000,0.0000,,15
30.8575,-1,0,0,0,0,-1.0000,0.0000,,15
30.8696,-1,0,0,0,0,-1.0000,0.0000,,15
30.9151,-1,0,0,0,1,-1.0000,1.0000,,15
30.9270,-1,0,0,0,0,-1.0000,1.0000,,15
30.9522,-1,0,0,0,0,-1.0000,1.0000,,15
30.9759,-1,0,0,0,0,-1.0000,1.0000,,15
31.0028,-1,0,0,0,0,-1.0000,1.0000,,16
31.0287,-1,0,0,0,0,-1.0000,1.0000,,16
31.0771,-1,0,0,0,0,-1.0000,1.0000,,16
31.0892,-1,0,0,0,0,-1.0000,1.0000,,16
31.1122,-1,0,0,0,0,-1.0000,1.0000,,16
31.1375,-1,0,0,0,0,-1.0000,1.0000,,16
31.1636,-1,0,0,0,0,-1.0000,1.0000,,16
31.1906,-1,0,0,0,0,-1.0000,1.0000,,16
31.2165,-1,0,0,0,0,-1.0000,1.0000,,16
31.2414,-1,0,0,0,0,-1.0000,1.0000,,16
31.2890,-1,0,0,0,0,-1.0000,1.0000,,16
31.2995,-1,0,0,0,0,-1.0000,1.0000,,16
31.3210,-1,0,0,0,0,-1.0000,1.0000,,16
31.3469,-1,0,0,0,0,-1.0000,1.0000,,16
31.3736,-1,0,0,0,0,-1.0000,1.0000,,16
31.4200,-1,0,0,0,0,-1.0000,1.0000,,16
31.4303,-1,0,0,0,0,-1.0000,1.0000,,16
31.4537,-1,0,0,0,0,-1.0000,1.0000,,16
31.4802,-1,0,0,0,0,-1.0000,1.0000,,16
31.5058,-1,0,0,0,0,-1.0000,1.0000,,16
31.5319,-1,0,0,0,0,-1.0000,1.0000,,16
31.5584,-1,0,0,0,0,-1.0000,1.0000,,16
31.5842,-1,0,0,0,0,-1.0000,1.0000,,16
31.6096,-1,0,0,0,0,-1.0000,1.0000,,16
31.6352,-1,0,0,0,0,-1.0000,1.0000,,16
31.6599,-1,0,0,0,0,-1.0000,1.0000,,16
31.6855,-1,0,0,0,0,-1.0000,1.0000,,16
31.7120,-1,0,0,0,0,-1.0000,1.0000,,16
31.7365,-1,0,0,0,0,-1.0000,1.0000,,16
31.7619,-1,0,0,0,0,-1.0000,1.0000,,16
31.7861,-1,0,0,0,0,-1.0000,1.0000,,16
31.8108,-1,0,0,0,0,-1.0000,1.0000,,16
31.8348,-1,0,0,0,0,-1.0000,1.0000,,16
31.8603,-1,0,0,0,0,-1.0000,1.0000,,16
31.8846,-1,0,0,0,0,-1.0000,1.0000,,16
31.9302,-1,0,0,0,0,-1.0000,0.0000,,16
31.9398,-1,0,0,0,0,-1.0000,0.0000,,16
31.9609,-1,0,0,0,0,-1.0000,0.0000,,16
31.9861,-1,0,0,0,0,-1.0000,0.0000,,16
32.0117,-1,0,0,0,0,-1.0000,0.0000,,16
32.0357,-1,0,0,0,0,-1.0000,0.0000,,16
32.0604,-1,0,0,0,0,-1.0000,0.0000,,16
32.1056,-1,0,0,0,0,-1.0000,0.0000,,16
32.1153,-1,0,0,0,0,-1.0000,0.0000,,16
32.1368,-1,0,0,0,0,-1.0000,0.0000,,16
32.1615,-1,0,0,0,0,-1.0000,0.0000,,16
32.1879,-1,0,0,0,0,-1.0000,0.0000,,16
32.2114,-1,0,0,0,0,-1.0000,0.0000,,16
32.2370,-1,0,0,0,0,-1.0000,0.0000,,16
32.2625,-1,0,0,0,0,-1.0000,0.0000,,16
32.2872,-1,0,0,0,0,-1.0000,0.0000,,16
32.3124,-1,0,0,0,0,-1.0000,0.0000,,16
32.3374,-1,0,0,0,0,-1.0000,0.0000,,16
32.3625,-1,0,0,0,0,-1.0000,0.0000,,16
32.3884,-1,0,0,0,0,-1.0000,0.0000,,16
32.4349,-1,0,0,0,0,-1.0000,0.0000,,16
32.4447,-1,0,0,0,0,-1.0000,0.0000,,16
32.4675,-1,0,0,0,0,-1.0000,0.0000,,17
32.4926,-1,0,0,0,0,-1.0000,0.0000,,17
32.5160,-1,0,0,0,0,-1.0000,0.0000,,17
32.5452,-1,0,0,0,0,-1.0000,0.0000,,17
32.5702,-1,0,0,0,0,-1.0000,0.0000,,17
32.5951,-1,0,0,0,0,-1.0000,0.0000,,17
32.6228,-1,0,0,0,0,-1.0000,0.0000,,17
32.6475,-1,0,0,0,0,-1.0000,0.0000,,17
32.6718,-1,0,0,0,0,-1.0000,0.0000,,17
32.7225,-1,0,0,0,0,-1.0000,0.0000,,17
32.7328,-1,0,0,0,0,-1.0000,0.0000,,17
32.7551,-1,0,0,0,0,-1.0000,0.0000,,17
32.7803,-1,0,0,0,0,-1.0000,0.0000,,17
32.8034,-1,0,0,0,0,-1.0000,0.0000,,17
32.8319,-1,0,0,0,0,-1.0000,0.0000,,17
32.8567,-1,0,0,0,0,-1.0000,0.0000,,17
32.8818,-1,0,0,0,0,-1.0000,0.0000,,17
32.9288,-1,0,0,0,0,-1.0000,0.0000,,17
32.9580,-1,0,0,0,0,-1.0000,0.0000,,17
32.9681,-1,0,0,0,0,-1.0000,0.0000,,17
32.9916,-1,0,0,0,0,-1.0000,0.0000,,17
33.0194,-1,0,0,0,0,-1.0000,0.0000,,17
33.0469,-1,0,0,0,0,-1.0000,0.0000,,17
33.0741,-1,0,0,0,0,-1.0000,0.0000,,17
33.1030,-1,0,0,0,0,-1.0000,0.0000,,17
33.1319,-1,0,0,0,0,-1.0000,0.0000,,17
33.1603,-1,0,0,0,0,-1.0000,0.0000,,17
33.1900,-1,0,0,0,0,-1.0000,0.0000,,17
33.2183,-1,0,0,0,0,-1.0000,0.0000,,17
33.2473,-1,0,0,0,0,-1.0000,0.0000,,17
33.2766,-1,0,0,0,0,-1.0000,0.0000,,17
33.3051,-1,0,0,0,0,-1.0000,0.0000,,17
33.3579,-1,0,0,0,0,-1.0000,0.0000,,17
33.3686,-1,0,0,0,0,-1.0000,0.0000,,17
33.3936,-1,0,0,0,0,-1.0000,0.0000,,17
33.4226,-1,0,0,0,0,-1.0000,0.0000,,17
33.4505,-1,0,0,0,0,-1.0000,0.0000,,17
33.5025,-1,0,0,0,0,-1.0000,0.0000,,17
33.5134,-1,0,0,0,0,-1.0000,0.0000,,17
33.5626,-1,0,0,0,0,-1.0000,0.0000,,17
33.5741,-1,0,0,0,0,-1.0000,0.0000,,17
33.5986,-1,0,0,0,0,-1.0000,0.0000,,17
33.6281,-1,0,0,0,0,-1.0000,0.0000,,17
33.6558,-1,0,0,0,0,-1.0000,0.0000,,17
33.6886,-1,0,0,0,0,-1.0000,0.0000,,17
33.7161,-1,0,0,0,0,-1.0000,0.0000,,17
33.7698,-1,0,0,0,0,-1.0000,0.0000,,17
33.7807,-1,0,0,0,0,-1.0000,0.0000,,17
33.8059,-1,0,0,0,0,-1.0000,0.0000,,17
33.8351,-1,0,0,0,0,-1.0000,0.0000,,17
33.8643,-1,0,0,0,0,-1.0000,0.0000,,17
33.8930,-1,0,0,0,0,-1.0000,0.0000,,17
33.9219,-1,0,0,0,0,-1.0000,0.0000,,17
33.9513,-1,0,0,0,1,-1.0000,1.0000,,17
34.0054,-1,0,0,0,0,-1.0000,1.0000,,17
34.0162,-1,0,0,0,0,-1.0000,1.0000,,17
34.0429,-1,0,0,0,0,-1.0000,1.0000,,17
34.0723,-1,0,0,0,0,-1.0000,1.0000,,17
34.1017,-1,0,0,0,0,-1.0000,1.0000,,17
34.1308,-1,0,0,0,0,-1.0000,1.0000,,17
34.1851,-1,0,0,0,0,-1.0000,1.0000,,17
34.1953,-1,0,0,0,0,-1.0000,1.0000,,17
34.2228,-1,0,0,0,0,-1.0000,1.0000,,17
34.2513,-1,0,0,0,0,-1.0000,1.0000,,17
34.2810,-1,0,0,0,0,-1.0000,1.0000,,18
34.3106,-1,0,0,0,0,-1.0000,1.0000,,18
34.3392,-1,0,0,0,0,-1.0000,1.0000,,18
34.3938,-1,0,0,0,0,-1.0000,1.0000,,18
34.4050,-1,0,0,0,0,-1.0000,1.0000,,18
34.4311,-1,0,0,0,0,-1.0000,1.0000,,18
34.4603,-1,0,0,0,0,-1.0000,1.0000,,18
34.5140,-1,0,0,0,0,-1.0000,1.0000,,18
34.5250,-1,0,0,0,0,-1.0000,1.0000,,18
34.5506,-1,0,0,0,0,-1.0000,1.0000,,18
34.5804,-1,0,0,0,0,-1.0000,1.0000,,18
34.6097,-1,0,0,0,0,-1.0000,1.0000,,18
34.6392,-1,0,0,0,0,-1.0000,1.0000,,18
34.6684,-1,0,0,0,0,-1.0000,1.0000,,18
34.6975,-1,0,0,0,0,-1.0000,1.0000,,18
34.7264,-1,0,0,0,0,-1.0000,1.0000,,18
34.7555,-1,0,0,0,0,-1.0000,1.0000,,18
34.7844,-1,0,0,0,0,-1.0000,1.0000,,18
34.8142,-1,0,0,0,0,-1.0000,1.0000,,18
34.8436,-1,0,0,0,0,-1.0000,1.0000,,18
34.8719,-1,0,0,0,0,-1.0000,1.0000,,18
34.9018,-1,0,0,0,0,-1.0000,1.0000,,18
34.9313,-1,0,0,0,0,-1.0000,1.0000,,18
34.9608,-1,0,0,0,0,-1.0000,0.0000,,18
35.0150,-1,0,0,0,0,-1.0000,0.0000,,18
35.0259,-1,0,0,0,0,-1.0000,0.0000,,18
35.0527,-1,0,0,0,0,-1.0000,0.0000,,18
35.0818,-1,0,0,0,0,-1.0000,0.0000,,18
35.1121,-1,0,0,0,0,-1.0000,0.0000,,18
35.1415,-1,0,0,0,0,-1.0000,0.0000,,18
35.1702,-1,0,0,0,0,-1.0000,0.0000,,18
35.2257,-1,0,0,0,0,-1.0000,0.0000,,18
35.2359,-1,0,0,0,0,-1.0000,0.0000,,18
35.2618,-1,0,0,0,0,-1.0000,0.0000,,18
35.2906,-1,0,0,0,0,-1.0000,0.0000,,18
35.3163,-1,0,0,0,0,-1.0000,0.0000,,18
35.3424,-1,0,0,0,0,-1.0000,0.0000,,18
35.3685,-1,0,0,0,0,-1.0000,0.0000,,19
35.3936,-1,0,0,0,0,-1.0000,0.0000,,19
35.4428,-1,0,0,0,0,-1.0000,0.0000,,19
35.4526,-1,0,0,0,0,-1.0000,0.0000,,19
35.4759,-1,0,0,0,0,-1.0000,0.0000,,19
35.5234,-1,0,0,0,0,-1.0000,0.0000,,19
35.5332,-1,0,0,0,0,-1.0000,0.0000,,19
35.5562,-1,0,0,0,0,-1.0000,0.0000,,19
35.5817,-1,0,0,0,0,-1.0000,0.0000,,19
35.6075,-1,0,0,0,0,-1.0000,0.0000,,19
35.6341,-1,0,0,0,0,-1.0000,0.0000,,19
35.6590,-1,0,0,0,0,-1.0000,0.0000,,19
35.6826,-1,0,0,0,0,-1.0000,0.0000,,19
35.7123,-1,0,0,0,0,-1.0000,0.0000,,19
35.7370,-1,0,0,0,0,-1.0000,0.0000,,19
35.7609,-1,0,0,0,0,-1.0000,0.0000,,19
35.7889,-1,0,0,0,0,-1.0000,0.0000,,19
35.8140,-1,0,0,0,0,-1.0000,0.0000,,19
35.8621,-1,0,0,0,0,-1.0000,0.0000,,19
35.8718,-1,0,0,0,0,-1.0000,0.0000,,19
35.8941,-1,0,0,0,0,-1.0000,0.0000,,19
35.9209,-1,0,0,0,0,-1.0000,0.0000,,19
35.9459,-1,0,0,0,0,-1.0000,0.0000,,19
35.9714,-1,0,0,0,0,-1.0000,0.0000,,19
35.9951,-1,0,0,0,0,-1.0000,0.0000,,19
36.0447,-1,0,0,0,0,-1.0000,0.0000,,19
36.0545,-1,0,0,0,0,-1.0000,0.0000,,19
36.0774,-1,0,0,0,0,-1.0000,0.0000,,19
36.1034,-1,0,0,0,0,-1.0000,0.0000,,19
36.1261,-1,0,0,0,0,-1.0000,0.0000,,19
36.1540,-1,0,0,0,0,-1.0000,0.0000,,19
36.1795,-1,0,0,0,0,-1.0000,0.0000,,19
36.2046,-1,0,0,0,0,-1.0000,0.0000,,19
36.2294,-1,0,0,0,0,-1.0000,0.0000,,19
36.2561,-1,0,0,0,0,-1.0000,0.0000,,19
36.3029,-1,0,0,0,0,-1.0000,0.0000,,19
36.3130,-1,0,0,0,0,-1.0000,0.0000,,19
36.3374,-1,0,0,0,0,-1.0000,0.0000,,19
36.3607,-1,0,0,0,0,-1.0000,0.0000,,19
36.3884,-1,0,0,0,0,-1.0000,0.0000,,19
36.4132,-1,0,0,0,0,-1.0000,0.0000,,19
36.4379,-1,0,0,0,0,-1.0000,0.0000,,19
36.4628,-1,0,0,0,0,-1.0000,0.0000,,19
36.5124,-1,0,0,0,0,-1.0000,0.0000,,19
36.5420,-1,0,0,0,0,-1.0000,0.0000,,19
36.5515,-1,0,0,0,0,-1.0000,0.0000,,19
36.5743,-1,0,0,0,0,-1.0000,0.0000,,19
36.6007,-1,0,0,0,0,-1.0000,0.0000,,19
36.6258,-1,0,0,0,0,-1.0000,0.0000,,19
36.6491,-1,0,0,0,0,-1.0000,0.0000,,19
36.6777,-1,0,0,0,0,-1.0000,0.0000,,19
36.7024,-1,0,0,0,0,-1.0000,0.0000,,19
36.7268,-1,0,0,0,0,-1.0000,0.0000,,19
36.7558,-1,0,0,0,0,-1.0000,0.0000,,19
36.7800,-1,0,0,0,0,-1.0000,0.0000,,19
36.8043,-1,0,0,0,0,-1.0000,0.0000,,19
36.8319,-1,0,0,0,0,-1.0000,0.0000,,19
36.8574,-1,0,0,0,0,-1.0000,0.0000,,19
36.8822,-1,0,0,0,0,-1.0000,0.0000,,19
36.9299,-1,0,0,0,0,-1.0000,0.0000,,19
36.9392,-1,0,0,0,0,-1.0000,0.0000,,19
36.9621,-1,0,0,0,0,-1.0000,0.0000,,19
36.9885,-1,0,0,0,0,-1.0000,0.0000,,19
37.0134,-1,0,0,0,0,-1.0000,0.0000,,20
37.0601,-1,0,0,0,0,-1.0000,0.0000,,20
37.0692,-1,0,0,0,0,-1.0000,0.0000,,20
37.0932,-1,0,0,0,0,-1.0000,0.0000,,20
37.1401,-1,0,0,0,0,-1.0000,0.0000,,20
37.1490,-1,0,0,0,0,-1.0000,0.0000,,20
37.1728,-1,0,0,0,0,-1.0000,0.0000,,20
37.1977,-1,0,0,0,0,-1.0000,0.0000,,20
37.2232,-1,0,0,0,0,-1.0000,0.0000,,20
37.2485,-1,0,0,0,0,-1.0000,0.0000,,20
37.2734,-1,0,0,0,0,-1.0000,0.0000,,20
37.2987,-1,0,0,0,0,-1.0000,0.0000,,20
37.3234,-1,0,0,0,0,-1.0000,0.0000,,20
37.3487,-1,0,0,0,0,-1.0000,0.0000,,20
37.3740,-1,0,0,0,0,-1.0000,0.0000,,20
37.3990,-1,0,0,0,0,-1.0000,0.0000,,20
37.4248,-1,0,0,0,0,-1.0000,0.0000,,20
37.4501,-1,0,0,0,0,-1.0000,0.0000,,20
37.4744,-1,0,0,0,0,-1.0000,0.0000,,20
37.5002,-1,0,0,0,0,-1.0000,0.0000,,20
37.5246,-1,0,0,0,0,-1.0000,0.0000,,20
37.5712,-1,0,0,0,0,-1.0000,0.0000,,20
37.5810,-1,0,0,0,0,-1.0000,0.0000,,20
37.6033,-1,0,0,0,0,-1.0000,0.0000,,20
37.6296,-1,0,0,0,0,-1.0000,0.0000,,20
37.6566,-1,0,0,0,0,-1.0000,0.0000,,20
37.6820,-1,0,0,0,0,-1.0000,0.0000,,20
37.7064,-1,0,0,0,0,-1.0000,0.0000,,20
37.7333,-1,0,0,0,0,-1.0000,0.0000,,20
37.7586,-1,0,0,0,0,-1.0000,0.0000,,20
37.7833,-1,0,0,0,0,-1.0000,0.0000,,20
37.8098,-1,0,0,0,0,-1.0000,0.0000,,20
37.8343,-1,0,0,0,0,-1.0000,0.0000,,20
37.8591,-1,0,0,0,0,-1.0000,0.0000,,20
37.8841,-1,0,0,0,0,-1.0000,0.0000,,20
37.9092,-1,0,0,0,0,-1.0000,0.0000,,20
37.9559,-1,0,0,0,0,-1.0000,0.0000,,20
37.9649,-1,0,0,0,0,-1.0000,0.0000,,20
37.9882,-1,0,0,0,1,-1.0000,1.0000,,20
38.0134,-1,0,0,0,0,-1.0000,1.0000,,20
38.0379,-1,0,0,0,0,-1.0000,1.0000,,20
38.0866,-1,0,0,0,0,-1.0000,1.0000,,20
38.0954,-1,0,0,0,0,-1.0000,1.0000,,20
38.1203,-1,0,0,0,0,-1.0000,1.0000,,20
38.1452,-1,0,0,0,0,-1.0000,1.0000,,20
38.1711,-1,0,0,0,0,-1.0000,1.0000,,20
38.1960,-1,0,0,0,0,-1.0000,1.0000,,20
38.2214,-1,0,0,0,0,-1.0000,1.0000,,20
38.2463,-1,0,0,0,0,-1.0000,1.0000,,20
38.2711,-1,0,0,0,0,-1.0000,1.0000,,20
38.2955,-1,0,0,0,0,-1.0000,1.0000,,20
38.3218,-1,0,0,0,0,-1.0000,1.0000,,20
38.3671,-1,0,0,0,0,-1.0000,1.0000,,21
38.3782,-1,0,0,0,0,-1.0000,1.0000,,21
38.4005,-1,0,0,0,0,-1.0000,1.0000,,21
38.4259,-1,0,0,0,0,-1.0000,1.0000,,21
38.4510,-1,0,0,0,0,-1.0000,1.0000,,21
38.4763,-1,0,0,0,0,-1.0000,1.0000,,21
38.5009,-1,0,0,0,0,-1.0000,1.0000,,21
38.5259,-1,0,0,0,0,-1.0000,1.0000,,21
38.5716,-1,0,0,0,0,-1.0000,1.0000,,21
38.6013,-1,0,0,0,0,-1.0000,1.0000,,21
38.6106,-1,0,0,0,0,-1.0000,1.0000,,21
38.6340,-1,0,0,0,0,-1.0000,1.0000,,21
38.6594,-1,0,0,0,0,-1.0000,1.0000,,21
38.6824,-1,0,0,0,0,-1.0000,1.0000,,21
38.7152,-1,0,0,0,0,-1.0000,1.0000,,21
38.7380,-1,0,0,0,0,-1.0000,1.0000,,21
38.7680,-1,0,0,0,0,-1.0000,1.0000,,21
38.7934,-1,0,0,0,0,-1.0000,1.0000,,21
38.8170,-1,0,0,0,0,-1.0000,1.0000,,22
38.8444,-1,0,0,0,0,-1.0000,1.0000,,22
38.8691,-1,0,0,0,0,-1.0000,1.0000,,22
38.8947,-1,0,0,0,0,-1.0000,1.0000,,22
38.9189,-1,0,0,0,0,-1.0000,1.0000,,22
38.9459,-1,0,0,0,0,-1.0000,1.0000,,22
38.9918,-1,0,0,0,0,-1.0000,0.0000,,22
39.0023,-1,0,0,0,0,-1.0000,0.0000,,22
39.0258,-1,0,0,0,0,-1.0000,0.0000,,22
39.0493,-1,0,0,0,0,-1.0000,0.0000,,22
39.0767,-1,0,0,0,0,-1.0000,0.0000,,22
39.1237,-1,0,0,0,0,-1.0000,0.0000,,22
39.1343,-1,0,0,0,0,-1.0000,0.0000,,22
39.1572,-1,0,0,0,0,-1.0000,0.0000,,22
39.1825,-1,0,0,0,0,-1.0000,0.0000,,22
39.2068,-1,0,0,0,0,-1.0000,0.0000,,22
39.2344,-1,0,0,0,0,-1.0000,0.0000,,22
39.2606,-1,0,0,0,0,-1.0000,0.0000,,22
39.2843,-1,0,0,0,0,-1.0000,0.0000,,22
39.3120,-1,0,0,0,0,-1.0000,0.0000,,22
39.3372,-1,0,0,0,0,-1.0000,0.0000,,22
39.3609,-1,0,0,0,0,-1.0000,0.0000,,22
39.4119,-1,0,0,0,0,-1.0000,0.0000,,22
39.4222,-1,0,0,0,0,-1.0000,0.0000,,22
39.4437,-1,0,0,0,0,-1.0000,0.0000,,22
39.4689,-1,0,0,0,0,-1.0000,0.0000,,22
39.4948,-1,0,0,0,0,-1.0000,0.0000,,22
39.5211,-1,0,0,0,0,-1.0000,0.0000,,22
39.5466,-1,0,0,0,0,-1.0000,0.0000,,22
39.5734,-1,0,0,0,0,-1.0000,0.0000,,22
39.6004,-1,0,0,0,0,-1.0000,0.0000,,22
39.6469,-1,0,0,0,0,-1.0000,0.0000,,22
39.6568,-1,0,0,0,0,-1.0000,0.0000,,22
39.6806,-1,0,0,0,0,-1.0000,0.0000,,22
39.7064,-1,0,0,0,0,-1.0000,0.0000,,22
39.7323,-1,0,0,0,0,-1.0000,0.0000,,22
39.7585,-1,0,0,0,0,-1.0000,0.0000,,22
39.7852,-1,0,0,0,0,-1.0000,0.0000,,22
39.8111,-1,0,0,0,0,-1.0000,0.0000,,22
39.8365,-1,0,0,0,0,-1.0000,0.0000,,22
39.8622,-1,0,0,0,0,-1.0000,0.0000,,22
39.8890,-1,0,0,0,0,-1.0000,0.0000,,22
39.9144,-1,0,0,0,0,-1.0000,0.0000,,22
39.9392,-1,0,0,0,0,-1.0000,0.0000,,22
39.9651,-1,0,0,0,0,-1.0000,0.0000,,22
39.9913,-1,0,0,0,0,-1.0000,0.0000,,22
40.0391,-1,0,0,0,0,-1.0000,0.0000,,22
40.0490,-1,0,0,0,0,-1.0000,0.0000,,22
40.0723,-1,0,0,0,0,-1.0000,0.0000,,22
40.0991,-1,0,0,0,0,-1.0000,0.0000,,22
40.1251,-1,0,0,0,0,-1.0000,0.0000,,22
40.1737,-1,0,0,0,0,-1.0000,0.0000,,22
40.1835,-1,0,0,0,0,-1.0000,0.0000,,22
40.2073,-1,0,0,0,0,-1.0000,0.0000,,22
40.2335,-1,0,0,0,0,-1.0000,0.0000,,22
40.2592,-1,0,0,0,0,-1.0000,0.0000,,22
40.2857,-1,0,0,0,0,-1.0000,0.0000,,22
40.3120,-1,0,0,0,0,-1.0000,0.0000,,22
40.3379,-1,0,0,0,0,-1.0000,0.0000,,22
40.3643,-1,0,0,0,0,-1.0000,0.0000,,22
40.3904,-1,0,0,0,0,-1.0000,0.0000,,22
40.4158,-1,0,0,0,0,-1.0000,0.0000,,23
40.4424,-1,0,0,0,0,-1.0000,0.0000,,23
40.4682,-1,0,0,0,0,-1.0000,0.0000,,23
40.4940,-1,0,0,0,0,-1.0000,0.0000,,23
40.5215,-1,0,0,0,0,-1.0000,0.0000,,23
40.5470,-1,0,0,0,0,-1.0000,0.0000,,23
40.5733,-1,0,0,0,0,-1.0000,0.0000,,23
40.5994,-1,0,0,0,0,-1.0000,0.0000,,23
40.6263,-1,0,0,0,0,-1.0000,0.0000,,23
40.6746,-1,0,0,0,0,-1.0000,0.0000,,23
40.6850,-1,0,0,0,0,-1.0000,0.0000,,23
40.7085,-1,0,0,0,0,-1.0000,0.0000,,23
40.7352,-1,0,0,0,0,-1.0000,0.0000,,23
40.7607,-1,0,0,0,0,-1.0000,0.0000,,23
40.7883,-1,0,0,0,0,-1.0000,0.0000,,23
40.8150,-1,0,0,0,0,-1.0000,0.0000,,23
40.8407,-1,0,0,0,0,-1.0000,0.0000,,24
40.8671,-1,0,0,0,0,-1.0000,0.0000,,24
40.8935,-1,0,0,0,0,-1.0000,0.0000,,24
40.9188,-1,0,0,0,0,-1.0000,0.0000,,24
40.9457,-1,0,0,0,0,-1.0000,0.0000,,24
40.9711,-1,0,0,0,0,-1.0000,0.0000,,24
40.9968,-1,0,0,0,0,-1.0000,0.0000,,24
41.0233,-1,0,0,0,0,-1.0000,0.0000,,24
41.0481,-1,0,0,0,0,-1.0000,0.0000,,24
41.0741,-1,0,0,0,0,-1.0000,0.0000,,24
41.1004,-1,0,0,0,0,-1.0000,0.0000,,24
41.1266,-1,0,0,0,0,-1.0000,0.0000,,24
41.1735,-1,0,0,0,0,-1.0000,0.0000,,24
41.1835,-1,0,0,0,0,-1.0000,0.0000,,24
41.2067,-1,0,0,0,0,-1.0000,0.0000,,24
41.2329,-1,0,0,0,0,-1.0000,0.0000,,24
41.2577,-1,0,0,0,0,-1.0000,0.0000,,24
41.2834,-1,0,0,0,0,-1.0000,0.0000,,24
41.3088,-1,0,0,0,0,-1.0000,0.0000,,24
41.3338,-1,0,0,0,0,-1.0000,0.0000,,25
41.3587,-1,0,0,0,0,-1.0000,0.0000,,25
41.3834,-1,0,0,0,0,-1.0000,0.0000,,25
41.4088,-1,0,0,0,0,-1.0000,0.0000,,25
41.4345,-1,0,0,0,0,-1.0000,0.0000,,25
41.4598,-1,0,0,0,0,-1.0000,0.0000,,25
41.5059,-1,0,0,0,0,-1.0000,0.0000,,25
41.5160,-1,0,0,0,0,-1.0000,0.0000,,25
41.5378,-1,0,0,0,0,-1.0000,0.0000,,25
41.5631,-1,0,0,0,0,-1.0000,0.0000,,25
41.5881,-1,0,0,0,0,-1.0000,0.0000,,25
41.6135,-1,0,0,0,0,-1.0000,0.0000,,25
41.6388,-1,0,0,0,0,-1.0000,0.0000,,25
41.6848,-1,0,0,0,0,-1.0000,0.0000,,25
41.6948,-1,0,0,0,0,-1.0000,0.0000,,25
41.7172,-1,0,0,0,0,-1.0000,0.0000,,25
41.7416,-1,0,0,0,0,-1.0000,0.0000,,25
41.7678,-1,0,0,0,0,-1.0000,0.0000,,25
41.7919,-1,0,0,0,0,-1.0000,0.0000,,25
41.8167,-1,0,0,0,0,-1.0000,0.0000,,25
41.8427,-1,0,0,0,0,-1.0000,0.0000,,25
41.8673,-1,0,0,0,0,-1.0000,0.0000,,25
41.8918,-1,0,0,0,0,-1.0000,0.0000,,25
41.9160,-1,0,0,0,0,-1.0000,0.0000,,25
41.9399,-1,0,0,0,0,-1.0000,0.0000,,25
41.9636,-1,0,0,0,0,-1.0000,0.0000,,25
41.9883,-1,0,0,0,0,-1.0000,0.0000,,25
42.0131,-1,0,0,0,0,-1.0000,0.0000,,25
42.0363,-1,0,0,0,0,-1.0000,0.0000,,25
42.0606,-1,0,0,0,0,-1.0000,0.0000,,25
42.0843,-1,0,0,0,0,-1.0000,0.0000,,25
42.1092,-1,0,0,0,0,-1.0000,0.0000,,25
42.1336,-1,0,0,0,0,-1.0000,0.0000,,26
42.1576,-1,0,0,0,0,-1.0000,0.0000,,26
42.2019,-1,0,0,0,0,-1.0000,0.0000,,26
42.2116,-1,0,0,0,0,-1.0000,0.0000,,26
42.2331,-1,0,0,0,0,-1.0000,0.0000,,26
42.2574,-1,0,0,0,0,-1.0000,0.0000,,26
42.2817,-1,0,0,0,0,-1.0000,0.0000,,26
42.3053,-1,0,0,0,0,-1.0000,0.0000,,26
42.3310,-1,0,0,0,0,-1.0000,0.0000,,26
42.3756,-1,0,0,0,0,-1.0000,0.0000,,26
42.3860,-1,0,0,0,0,-1.0000,0.0000,,26
42.4078,-1,0,0,0,0,-1.0000,0.0000,,26
42.4324,-1,0,0,0,0,-1.0000,0.0000,,26
42.4569,-1,0,0,0,0,-1.0000,0.0000,,26
42.4821,-1,0,0,0,0,-1.0000,0.0000,,26
42.5060,-1,0,0,0,0,-1.0000,0.0000,,26
42.5309,-1,0,0,0,0,-1.0000,0.0000,,26
42.5564,-1,0,0,0,0,-1.0000,0.0000,,26
42.6015,-1,0,0,0,0,-1.0000,0.0000,,26
42.6115,-1,0,0,0,0,-1.0000,0.0000,,26
42.6340,-1,0,0,0,0,-1.0000,0.0000,,26
42.6584,-1,0,0,0,0,-1.0000,0.0000,,26
42.7031,-1,0,0,0,0,-1.0000,0.0000,,26
42.7130,-1,0,0,0,0,-1.0000,0.0000,,26
42.7344,-1,0,0,0,0,-1.0000,0.0000,,26
42.7581,-1,0,0,0,0,-1.0000,0.0000,,26
42.7818,-1,0,0,0,0,-1.0000,0.0000,,26
42.8054,-1,0,0,0,0,-1.0000,0.0000,,26
42.8300,-1,0,0,0,0,-1.0000,0.0000,,26
42.8534,-1,0,0,0,0,-1.0000,0.0000,,26
42.8781,-1,0,0,0,0,-1.0000,0.0000,,26
42.9022,-1,0,0,0,0,-1.0000,0.0000,,26
42.9251,-1,0,0,0,0,-1.0000,0.0000,,26
42.9499,-1,0,0,0,0,-1.0000,0.0000,,26
42.9727,-1,0,0,0,0,-1.0000,0.0000,,26
42.9975,-1,0,0,0,0,-1.0000,0.0000,,26
43.0211,-1,0,0,0,0,-1.0000,0.0000,,26
43.0446,-1,0,0,0,0,-1.0000,0.0000,,26
43.0683,-1,0,0,0,0,-1.0000,0.0000,,26
43.0935,-1,0,0,0,0,-1.0000,0.0000,,26
43.1168,-1,0,0,0,0,-1.0000,0.0000,,26
43.1405,-1,0,0,0,0,-1.0000,0.0000,,26
43.1653,-1,0,0,0,0,-1.0000,0.0000,,26
43.2090,-1,0,0,0,0,-1.0000,0.0000,,26
43.2359,-1,0,0,0,0,-1.0000,0.0000,,26
43.2456,-1,0,0,0,0,-1.0000,0.0000,,26
43.2676,-1,0,0,0,0,-1.0000,0.0000,,26
43.2920,-1,0,0,0,0,-1.0000,0.0000,,26
43.3148,-1,0,0,0,0,-1.0000,0.0000,,26
43.3386,-1,0,0,0,0,-1.0000,0.0000,,26
43.3627,-1,0,0,0,0,-1.0000,0.0000,,26
43.3877,-1,0,0,0,0,-1.0000,0.0000,,27
43.4137,-1,0,0,0,0,-1.0000,0.0000,,27
43.4582,-1,0,0,0,0,-1.0000,0.0000,,27
43.4681,-1,0,0,0,0,-1.0000,0.0000,,27
43.4909,-1,0,0,0,0,-1.0000,0.0000,,27
43.5157,-1,0,0,0,0,-1.0000,0.0000,,27
43.5404,-1,0,0,0,0,-1.0000,0.0000,,27
43.5652,-1,0,0,0,0,-1.0000,0.0000,,27
43.5904,-1,0,0,0,0,-1.0000,0.0000,,27
43.6150,-1,0,0,0,0,-1.0000,0.0000,,27
43.6393,-1,0,0,0,0,-1.0000,0.0000,,27
43.6650,-1,0,0,0,0,-1.0000,0.0000,,27
43.6900,-1,0,0,0,0,-1.0000,0.0000,,27
43.7384,-1,0,0,0,0,-1.0000,0.0000,,27
43.7474,-1,0,0,0,0,-1.0000,0.0000,,27
43.7691,-1,0,0,0,0,-1.0000,0.0000,,27
43.7932,-1,0,0,0,0,-1.0000,0.0000,,27
43.8167,-1,0,0,0,0,-1.0000,0.0000,,27
43.8396,-1,0,0,0,0,-1.0000,0.0000,,27
43.8647,-1,0,0,0,0,-1.0000,0.0000,,27
43.8885,-1,0,0,0,0,-1.0000,0.0000,,27
43.9121,-1,0,0,0,0,-1.0000,0.0000,,27
43.9368,-1,0,0,0,0,-1.0000,0.0000,,27
43.9605,-1,0,0,0,0,-1.0000,0.0000,,27
43.9843,-1,0,0,0,0,-1.0000,0.0000,,27
44.0086,-1,0,0,0,0,-1.0000,0.0000,,27
44.0319,-1,0,0,0,0,-1.0000,0.0000,,27
44.0558,-1,0,0,0,0,-1.0000,0.0000,,27
44.0801,-1,0,0,0,0,-1.0000,0.0000,,27
44.1039,-1,0,0,0,0,-1.0000,0.0000,,27
44.1272,-1,0,0,0,0,-1.0000,0.0000,,27
44.1510,-1,0,0,0,0,-1.0000,0.0000,,27
44.1759,-1,0,0,0,0,-1.0000,0.0000,,27
44.2006,-1,0,0,0,0,-1.0000,0.0000,,27
44.2447,-1,0,0,0,0,-1.0000,0.0000,,27
44.2547,-1,0,0,0,0,-1.0000,0.0000,,27
44.2741,-1,0,0,0,0,-1.0000,0.0000,,27
44.2976,-1,0,0,0,0,-1.0000,0.0000,,27
44.3229,-1,0,0,0,0,-1.0000,0.0000,,27
44.3471,-1,0,0,0,0,-1.0000,0.0000,,27
44.3704,-1,0,0,0,0,-1.0000,0.0000,,27
44.3935,-1,0,0,0,0,-1.0000,0.0000,,27
44.4165,-1,0,0,0,0,-1.0000,0.0000,,27
44.4410,-1,0,0,0,0,-1.0000,0.0000,,27
44.4646,-1,0,0,0,0,-1.0000,0.0000,,27
44.4890,-1,0,0,0,0,-1.0000,0.0000,,27
44.5122,-1,0,0,0,0,-1.0000,0.0000,,27
44.5362,-1,0,0,0,0,-1.0000,0.0000,,27
44.5591,-1,0,0,0,0,-1.0000,0.0000,,27
44.5828,-1,0,0,0,0,-1.0000,0.0000,,27
44.6057,-1,0,0,0,0,-1.0000,0.0000,,27
44.6297,-1,0,0,0,0,-1.0000,0.0000,,27
44.6531,-1,0,0,0,0,-1.0000,0.0000,,27
44.6778,-1,0,0,0,0,-1.0000,0.0000,,27
44.7223,-1,0,0,0,0,-1.0000,0.0000,,27
44.7480,-1,0,0,0,0,-1.0000,0.0000,,27
44.7568,-1,0,0,0,0,-1.0000,0.0000,,27
44.7790,-1,0,0,0,0,-1.0000,0.0000,,27
44.8024,-1,0,0,0,0,-1.0000,0.0000,,27
44.8260,-1,0,0,0,0,-1.0000,0.0000,,27
44.8494,-1,0,0,0,0,-1.0000,0.0000,,27
44.8736,-1,0,0,0,0,-1.0000,0.0000,,27
44.8963,-1,0,0,0,0,-1.0000,0.0000,,27
44.9212,-1,0,0,0,0,-1.0000,0.0000,,27
44.9451,-1,0,0,0,0,-1.0000,0.0000,,27
44.9702,-1,0,0,0,0,-1.0000,0.0000,,27
44.9928,-1,0,0,0,0,-1.0000,0.0000,,27
45.0164,-1,0,0,0,0,-1.0000,0.0000,,27
45.0402,-1,0,0,0,0,-1.0000,0.0000,,27
45.0631,-1,0,0,0,0,-1.0000,0.0000,,27
45.0869,-1,0,0,0,0,-1.0000,0.0000,,27
45.1108,-1,0,0,0,0,-1.0000,0.0000,,27
45.1561,-1,0,0,0,0,-1.0000,0.0000,,27
45.1657,-1,0,0,0,0,-1.0000,0.0000,,27
45.1867,-1,0,0,0,0,-1.0000,0.0000,,27
45.2111,-1,0,0,0,0,-1.0000,0.0000,,27
45.2348,-1,0,0,0,0,-1.0000,0.0000,,27
45.2783,-1,0,0,0,0,-1.0000,0.0000,,27
45.2881,-1,0,0,0,0,-1.0000,0.0000,,27
45.3090,-1,0,0,0,0,-1.0000,0.0000,,27
45.3335,-1,0,0,0,0,-1.0000,0.0000,,27
45.3580,-1,0,0,0,0,-1.0000,0.0000,,27
45.3820,-1,0,0,0,0,-1.0000,0.0000,,27
45.4060,-1,0,0,0,0,-1.0000,0.0000,,27
45.4292,-1,0,0,0,0,-1.0000,0.0000,,27
45.4540,-1,0,0,0,0,-1.0000,0.0000,,27
45.4783,-1,0,0,0,0,-1.0000,0.0000,,27
45.5025,-1,0,0,0,0,-1.0000,0.0000,,27
45.5264,-1,0,0,0,0,-1.0000,0.0000,,27
45.5506,-1,0,0,0,0,-1.0000,0.0000,,27
45.5751,-1,0,0,0,0,-1.0000,0.0000,,27
45.5990,-1,0,0,0,0,-1.0000,0.0000,,27
45.6246,-1,0,0,0,0,-1.0000,0.0000,,27
45.6483,-1,0,0,0,0,-1.0000,0.0000,,27
45.6724,-1,0,0,0,0,-1.0000,0.0000,,27
45.6967,-1,0,0,0,0,-1.0000,0.0000,,27
45.7210,-1,0,0,0,0,-1.0000,0.0000,,27
45.7458,-1,0,0,0,0,-1.0000,0.0000,,27
45.7900,-1,0,0,0,0,-1.0000,0.0000,,27
45.7997,-1,0,0,0,0,-1.0000,0.0000,,27
45.8210,-1,0,0,0,0,-1.0000,0.0000,,27
45.8448,-1,0,0,0,0,-1.0000,0.0000,,27
45.8699,-1,0,0,0,0,-1.0000,0.0000,,27
45.8941,-1,0,0,0,0,-1.0000,0.0000,,27
45.9185,-1,0,0,0,0,-1.0000,0.0000,,27
45.9419,-1,0,0,0,0,-1.0000,0.0000,,27
45.9682,-1,0,0,0,0,-1.0000,0.0000,,27
45.9921,-1,0,0,0,0,-1.0000,0.0000,,28
46.0157,-1,0,0,0,0,-1.0000,0.0000,,28
46.0421,-1,0,0,0,0,-1.0000,0.0000,,28
46.0663,-1,0,0,0,0,-1.0000,0.0000,,28
46.0908,-1,0,0,0,0,-1.0000,0.0000,,28
46.1141,-1,0,0,0,0,-1.0000,0.0000,,28
46.1391,-1,0,0,0,0,-1.0000,0.0000,,28
46.1632,-1,0,0,0,0,-1.0000,0.0000,,28
46.1861,-1,0,0,0,0,-1.0000,0.0000,,28
46.2094,-1,0,0,0,0,-1.0000,0.0000,,28
46.2539,-1,0,0,0,0,-1.0000,0.0000,,28
46.2813,-1,0,0,0,0,-1.0000,0.0000,,28
46.2904,-1,0,0,0,0,-1.0000,0.0000,,28
46.3125,-1,0,0,0,0,-1.0000,0.0000,,28
46.3368,-1,0,0,0,0,-1.0000,0.0000,,28
46.3611,-1,0,0,0,0,-1.0000,0.0000,,28
46.3854,-1,0,0,0,0,-1.0000,0.0000,,28
46.4094,-1,0,0,0,0,-1.0000,0.0000,,28
46.4337,-1,0,0,0,0,-1.0000,0.0000,,28
46.4775,-1,0,0,0,0,-1.0000,0.0000,,28
46.4861,-1,0,0,0,0,-1.0000,0.0000,,28
46.5066,-1,0,0,0,0,-1.0000,0.0000,,28
46.5294,-1,0,0,0,0,-1.0000,0.0000,,28
46.5534,-1,0,0,0,0,-1.0000,0.0000,,28
46.5776,-1,0,0,0,0,-1.0000,0.0000,,28
46.6007,-1,0,0,0,0,-1.0000,0.0000,,28
46.6241,-1,0,0,0,0,-1.0000,0.0000,,28
46.6479,-1,0,0,0,0,-1.0000,0.0000,,28
46.6710,-1,0,0,0,0,-1.0000,0.0000,,28
46.6950,-1,0,0,0,0,-1.0000,0.0000,,28
46.7203,-1,0,0,0,0,-1.0000,0.0000,,28
46.7473,-1,0,0,0,0,-1.0000,0.0000,,28
46.7715,-1,0,0,0,0,-1.0000,0.0000,,28
46.8139,-1,0,0,0,0,-1.0000,0.0000,,28
46.8236,-1,0,0,0,0,-1.0000,0.0000,,28
46.8461,-1,0,0,0,0,-1.0000,0.0000,,28
46.8685,-1,0,0,0,0,-1.0000,0.0000,,28
46.9117,-1,0,0,0,0,-1.0000,0.0000,,28
46.9207,-1,0,0,0,0,-1.0000,0.0000,,28
46.9421,-1,0,0,0,0,-1.0000,0.0000,,28
46.9656,-1,0,0,0,0,-1.0000,0.0000,,28
46.9897,-1,0,0,0,0,-1.0000,0.0000,,28
47.0128,-1,0,0,0,0,-1.0000,0.0000,,28
47.0376,-1,0,0,0,0,-1.0000,0.0000,,28
47.0611,-1,0,0,0,0,-1.0000,0.0000,,28
47.0848,-1,0,0,0,0,-1.0000,0.0000,,28
47.1081,-1,0,0,0,0,-1.0000,0.0000,,28
47.1313,-1,0,0,0,0,-1.0000,0.0000,,28
47.1556,-1,0,0,0,0,-1.0000,0.0000,,28
47.1792,-1,0,0,0,0,-1.0000,0.0000,,28
47.2025,-1,0,0,0,0,-1.0000,0.0000,,28
47.2262,-1,0,0,0,0,-1.0000,0.0000,,28
47.2503,-1,0,0,0,0,-1.0000,0.0000,,28
47.2731,-1,0,0,0,0,-1.0000,0.0000,,28
47.3164,-1,0,0,0,0,-1.0000,0.0000,,28
47.3260,-1,0,0,0,0,-1.0000,0.0000,,28
47.3482,-1,0,0,0,0,-1.0000,0.0000,,28
47.3730,-1,0,0,0,0,-1.0000,0.0000,,28
47.3980,-1,0,0,0,0,-1.0000,0.0000,,28
47.4239,-1,0,0,0,0,-1.0000,0.0000,,28
47.4484,-1,0,0,0,0,-1.0000,0.0000,,28
47.4736,-1,0,0,0,0,-1.0000,0.0000,,28
47.4993,-1,0,0,0,0,-1.0000,0.0000,,28
47.5249,-1,0,0,0,0,-1.0000,0.0000,,28
47.5506,-1,0,0,0,0,-1.0000,0.0000,,28
47.5785,-1,0,0,0,0,-1.0000,0.0000,,28
47.6046,-1,0,0,0,0,-1.0000,0.0000,,28
47.6327,-1,0,0,0,0,-1.0000,0.0000,,28
47.6605,-1,0,0,0,0,-1.0000,0.0000,,28
47.6886,-1,0,0,0,0,-1.0000,0.0000,,28
47.7163,-1,0,0,0,0,-1.0000,0.0000,,28
47.7450,-1,0,0,0,0,-1.0000,0.0000,,29
47.7975,-1,0,0,0,0,-1.0000,0.0000,,29
47.8300,-1,0,0,0,1,-1.0000,1.0000,,29
47.8408,-1,0,0,0,0,-1.0000,1.0000,,29
47.8661,-1,0,0,0,0,-1.0000,1.0000,,29
47.8936,-1,0,0,0,0,-1.0000,1.0000,,29
47.9233,-1,0,0,0,0,-1.0000,1.0000,,29
47.9508,-1,0,0,0,0,-1.0000,1.0000,,29
48.0030,-1,0,0,0,0,-1.0000,1.0000,,29
48.0140,-1,0,0,0,0,-1.0000,1.0000,,29
48.0394,-1,0,0,0,0,-1.0000,1.0000,,29
48.0672,-1,0,0,0,0,-1.0000,1.0000,,29
48.0951,-1,0,0,0,0,-1.0000,1.0000,,30
48.1250,-1,0,0,0,0,-1.0000,1.0000,,30
48.1523,-1,0,0,0,0,-1.0000,1.0000,,30
48.2045,-1,0,0,0,0,-1.0000,1.0000,,30
48.2151,-1,0,0,0,0,-1.0000,1.0000,,30
48.2399,-1,0,0,0,0,-1.0000,1.0000,,30
48.2683,-1,0,0,0,0,-1.0000,1.0000,,30
48.2962,-1,0,0,0,0,-1.0000,1.0000,,30
48.3244,-1,0,0,0,0,-1.0000,1.0000,,30
48.3756,-1,0,0,0,0,-1.0000,1.0000,,30
48.3866,-1,0,0,0,0,-1.0000,1.0000,,30
48.4120,-1,0,0,0,0,-1.0000,1.0000,,30
48.4397,-1,0,0,0,0,-1.0000,1.0000,,30
48.4680,-1,0,0,0,0,-1.0000,1.0000,,30
48.4960,-1,0,0,0,0,-1.0000,1.0000,,30
48.5241,-1,0,0,0,0,-1.0000,1.0000,,30
48.5517,-1,0,0,0,0,-1.0000,1.0000,,30
48.5798,-1,0,0,0,0,-1.0000,1.0000,,30
48.6077,-1,0,0,0,0,-1.0000,1.0000,,30
48.6362,-1,0,0,0,0,-1.0000,1.0000,,30
48.6640,-1,0,0,0,0,-1.0000,1.0000,,30
48.6923,-1,0,0,0,0,-1.0000,1.0000,,30
48.7175,-1,0,0,0,0,-1.0000,1.0000,,30
48.7537,-1,0,0,0,0,-1.0000,1.0000,,30
48.7824,-1,0,0,0,0,-1.0000,1.0000,,30
48.8343,-1,0,0,0,0,-1.0000,0.0000,,30
48.8665,-1,0,0,0,0,-1.0000,0.0000,,30
48.8768,-1,0,0,0,0,-1.0000,0.0000,,30
48.9019,-1,0,0,0,0,-1.0000,0.0000,,30
48.9291,-1,0,0,0,0,-1.0000,0.0000,,30
48.9580,-1,0,0,0,0,-1.0000,0.0000,,30
48.9850,-1,0,0,0,0,-1.0000,0.0000,,30
49.0130,-1,0,0,0,0,-1.0000,0.0000,,30
49.0410,-1,0,0,0,0,-1.0000,0.0000,,30
49.0690,-1,0,0,0,0,-1.0000,0.0000,,30
49.0970,-1,0,0,0,0,-1.0000,0.0000,,30
49.1247,-1,0,0,0,0,-1.0000,0.0000,,30
49.1523,-1,0,0,0,0,-1.0000,0.0000,,30
49.1819,-1,0,0,0,0,-1.0000,0.0000,,30
49.2107,-1,0,0,0,0,-1.0000,0.0000,,30
49.2382,-1,0,0,0,0,-1.0000,0.0000,,30
49.2675,-1,0,0,0,0,-1.0000,0.0000,,31
49.2959,-1,0,0,0,0,-1.0000,0.0000,,31
49.3242,-1,0,0,0,0,-1.0000,0.0000,,31
49.3526,-1,0,0,0,0,-1.0000,0.0000,,31
49.4051,-1,0,0,0,0,-1.0000,0.0000,,31
49.4161,-1,0,0,0,0,-1.0000,0.0000,,31
49.4665,-1,0,0,0,0,-1.0000,0.0000,,31
49.4774,-1,0,0,0,0,-1.0000,0.0000,,31
49.5021,-1,0,0,0,0,-1.0000,0.0000,,31
49.5298,-1,0,0,0,0,-1.0000,0.0000,,31
49.5576,-1,0,0,0,0,-1.0000,0.0000,,31
49.5862,-1,0,0,0,0,-1.0000,0.0000,,31
49.6138,-1,0,0,0,0,-1.0000,0.0000,,31
49.6424,-1,0,0,0,0,-1.0000,0.0000,,31
49.6704,-1,0,0,0,0,-1.0000,0.0000,,31
49.6980,-1,0,0,0,0,-1.0000,0.0000,,31
49.7266,-1,0,0,0,0,-1.0000,0.0000,,31
49.7549,-1,0,0,0,0,-1.0000,0.0000,,31
49.7829,-1,0,0,0,0,-1.0000,0.0000,,31
49.8119,-1,0,0,0,0,-1.0000,0.0000,,31
49.8397,-1,0,0,0,0,-1.0000,0.0000,,31
49.8684,-1,0,0,0,0,-1.0000,0.0000,,31
49.9209,-1,0,0,0,0,-1.0000,0.0000,,31
49.9314,-1,0,0,0,0,-1.0000,0.0000,,31
49.9571,-1,0,0,0,0,-1.0000,0.0000,,31
49.9854,-1,0,0,0,0,-1.0000,0.0000,,31
50.0140,-1,0,0,0,0,-1.0000,0.0000,,31
50.0429,-1,0,0,0,0,-1.0000,0.0000,,31
50.0704,-1,0,0,0,0,-1.0000,0.0000,,31
50.0993,-1,0,0,0,0,-1.0000,0.0000,,31
50.1269,-1,0,0,0,0,-1.0000,0.0000,,31
50.1554,-1,0,0,0,0,-1.0000,0.0000,,31
50.1831,-1,0,0,0,0,-1.0000,0.0000,,31
50.2110,-1,0,0,0,0,-1.0000,0.0000,,31
50.2389,-1,0,0,0,0,-1.0000,0.0000,,31
50.2686,-1,0,0,0,0,-1.0000,0.0000,,31
50.2965,-1,0,0,0,0,-1.0000,0.0000,,31
50.3250,-1,0,0,0,0,-1.0000,0.0000,,31
50.3542,-1,0,0,0,0,-1.0000,0.0000,,31
50.3825,-1,0,0,0,0,-1.0000,0.0000,,31
50.4362,-1,0,0,0,0,-1.0000,0.0000,,31
50.4466,-1,0,0,0,0,-1.0000,0.0000,,31
50.4724,-1,0,0,0,0,-1.0000,0.0000,,31
50.5028,-1,0,0,0,0,-1.0000,0.0000,,31
50.5308,-1,0,0,0,0,-1.0000,0.0000,,31
50.5588,-1,0,0,0,0,-1.0000,0.0000,,31
50.5873,-1,0,0,0,0,-1.0000,0.0000,,31
50.6153,-1,0,0,0,0,-1.0000,0.0000,,31
50.6445,-1,0,0,0,0,-1.0000,0.0000,,31
50.6730,-1,0,0,0,0,-1.0000,0.0000,,31
50.7012,-1,0,0,0,0,-1.0000,0.0000,,31
50.7301,-1,0,0,0,0,-1.0000,0.0000,,31
50.7826,-1,0,0,0,0,-1.0000,0.0000,,31
50.7957,-1,0,0,0,0,-1.0000,0.0000,,32
50.8191,-1,0,0,0,0,-1.0000,0.0000,,32
50.8479,-1,0,0,0,0,-1.0000,0.0000,,32
50.8767,-1,0,0,0,0,-1.0000,0.0000,,32
50.9063,-1,0,0,0,0,-1.0000,0.0000,,32
50.9598,-1,0,0,0,0,-1.0000,0.0000,,32
50.9927,-1,0,0,0,0,-1.0000,0.0000,,32
51.0036,-1,0,0,0,0,-1.0000,0.0000,,32
51.0300,-1,0,0,0,0,-1.0000,0.0000,,32
51.0588,-1,0,0,0,0,-1.0000,0.0000,,32
51.0881,-1,0,0,0,0,-1.0000,0.0000,,32
51.1160,-1,0,0,0,0,-1.0000,0.0000,,32
51.1459,-1,0,0,0,0,-1.0000,0.0000,,32
51.1751,-1,0,0,0,0,-1.0000,0.0000,,32
51.2031,-1,0,0,0,0,-1.0000,0.0000,,32
51.2323,-1,0,0,0,0,-1.0000,0.0000,,32
51.2613,-1,0,0,0,0,-1.0000,0.0000,,32
51.2907,-1,0,0,0,0,-1.0000,0.0000,,32
51.3185,-1,0,0,0,0,-1.0000,0.0000,,32
51.3469,-1,0,0,0,0,-1.0000,0.0000,,32
51.3740,-1,0,0,0,0,-1.0000,0.0000,,32
51.4017,-1,0,0,0,0,-1.0000,0.0000,,32
51.4522,-1,0,0,0,0,-1.0000,0.0000,,32
51.4824,-1,0,0,0,0,-1.0000,0.0000,,32
51.4910,-1,0,0,0,0,-1.0000,0.0000,,32
51.5161,-1,0,0,0,0,-1.0000,0.0000,,32
51.5421,-1,0,0,0,0,-1.0000,0.0000,,32
51.5684,-1,0,0,0,0,-1.0000,0.0000,,32
51.5936,-1,0,0,0,0,-1.0000,0.0000,,32
51.6191,-1,0,0,0,0,-1.0000,0.0000,,32
51.6449,-1,0,0,0,0,-1.0000,0.0000,,32
51.6702,-1,0,0,0,0,-1.0000,0.0000,,32
51.6938,-1,0,0,0,0,-1.0000,0.0000,,32
51.7186,-1,0,0,0,0,-1.0000,0.0000,,32
51.7436,-1,0,0,0,0,-1.0000,0.0000,,32
51.7682,-1,0,0,0,0,-1.0000,0.0000,,32
51.7938,-1,0,0,0,0,-1.0000,0.0000,,32
51.8188,-1,0,0,0,0,-1.0000,0.0000,,32
51.8448,-1,0,0,0,0,-1.0000,0.0000,,32
51.8691,-1,0,0,0,0,-1.0000,0.0000,,32
51.8935,-1,0,0,0,0,-1.0000,0.0000,,32
51.9182,-1,0,0,0,0,-1.0000,0.0000,,32
51.9433,-1,0,0,0,0,-1.0000,0.0000,,32
51.9683,-1,0,0,0,0,-1.0000,0.0000,,32
52.0153,-1,0,0,0,0,-1.0000,0.0000,,32
52.0250,-1,0,0,0,0,-1.0000,0.0000,,32
52.0475,-1,0,0,0,0,-1.0000,0.0000,,32
52.0722,-1,0,0,0,0,-1.0000,0.0000,,32
52.0969,-1,0,0,0,0,-1.0000,0.0000,,32
52.1227,-1,0,0,0,0,-1.0000,0.0000,,32
52.1471,-1,0,0,0,0,-1.0000,0.0000,,32
52.1718,-1,0,0,0,0,-1.0000,0.0000,,32
52.1972,-1,0,0,0,0,-1.0000,0.0000,,32
52.2222,-1,0,0,0,0,-1.0000,0.0000,,32
52.2470,-1,0,0,0,0,-1.0000,0.0000,,32
52.2725,-1,0,0,0,0,-1.0000,0.0000,,32
52.3195,-1,0,0,0,0,-1.0000,0.0000,,32
52.3303,-1,0,0,0,0,-1.0000,0.0000,,32
52.3526,-1,0,0,0,0,-1.0000,0.0000,,32
52.3774,-1,0,0,0,0,-1.0000,0.0000,,32
52.4025,-1,0,0,0,0,-1.0000,0.0000,,32
52.4271,-1,0,0,0,0,-1.0000,0.0000,,32
52.4530,-1,0,0,0,0,-1.0000,0.0000,,32
52.4796,-1,0,0,0,0,-1.0000,0.0000,,32
52.5250,-1,0,0,0,0,-1.0000,0.0000,,32
52.5346,-1,0,0,0,0,-1.0000,0.0000,,33
52.5581,-1,0,0,0,0,-1.0000,0.0000,,33
52.5830,-1,0,0,0,0,-1.0000,0.0000,,33
52.6082,-1,0,0,0,0,-1.0000,0.0000,,33
52.6345,-1,0,0,0,0,-1.0000,0.0000,,33
52.6593,-1,0,0,0,0,-1.0000,0.0000,,33
52.6851,-1,0,0,0,0,-1.0000,0.0000,,33
52.7328,-1,0,0,0,0,-1.0000,0.0000,,33
52.7431,-1,0,0,0,0,-1.0000,0.0000,,33
52.7646,-1,0,0,0,0,-1.0000,0.0000,,33
52.7901,-1,0,0,0,0,-1.0000,0.0000,,33
52.8155,-1,0,0,0,0,-1.0000,0.0000,,33
52.8412,-1,0,0,0,0,-1.0000,0.0000,,33
52.8668,-1,0,0,0,0,-1.0000,0.0000,,33
52.8924,-1,0,0,0,0,-1.0000,0.0000,,33
52.9174,-1,0,0,0,0,-1.0000,0.0000,,33
52.9426,-1,0,0,0,0,-1.0000,0.0000,,33
52.9687,-1,0,0,0,0,-1.0000,0.0000,,33
52.9945,-1,0,0,0,0,-1.0000,0.0000,,33
53.0421,-1,0,0,0,0,-1.0000,0.0000,,33
53.0517,-1,0,0,0,0,-1.0000,0.0000,,33
53.0746,-1,0,0,0,0,-1.0000,0.0000,,33
53.1004,-1,0,0,0,0,-1.0000,0.0000,,33
53.1258,-1,0,0,0,0,-1.0000,0.0000,,33
53.1512,-1,0,0,0,0,-1.0000,0.0000,,33
53.1769,-1,0,0,0,0,-1.0000,0.0000,,33
53.2031,-1,0,0,0,0,-1.0000,0.0000,,33
53.2284,-1,0,0,0,0,-1.0000,0.0000,,33
53.2548,-1,0,0,0,0,-1.0000,0.0000,,33
53.2802,-1,0,0,0,0,-1.0000,0.0000,,33
53.3069,-1,0,0,0,0,-1.0000,0.0000,,33
53.3320,-1,0,0,0,0,-1.0000,0.0000,,33
53.3589,-1,0,0,0,0,-1.0000,0.0000,,33
53.3843,-1,0,0,0,0,-1.0000,0.0000,,33
53.4091,-1,0,0,0,0,-1.0000,0.0000,,33
53.4352,-1,0,0,0,0,-1.0000,0.0000,,33
53.4607,-1,0,0,0,0,-1.0000,0.0000,,33
53.4850,-1,0,0,0,0,-1.0000,0.0000,,33
53.5113,-1,0,0,0,0,-1.0000,0.0000,,33
53.5576,-1,0,0,0,0,-1.0000,0.0000,,33
53.5678,-1,0,0,0,0,-1.0000,0.0000,,33
53.5910,-1,0,0,0,0,-1.0000,0.0000,,33
53.6166,-1,0,0,0,0,-1.0000,0.0000,,33
53.6417,-1,0,0,0,0,-1.0000,0.0000,,33
53.6669,-1,0,0,0,0,-1.0000,0.0000,,33
53.6929,-1,0,0,0,0,-1.0000,0.0000,,33
53.7173,-1,0,0,0,0,-1.0000,0.0000,,33
53.7471,-1,0,0,0,0,-1.0000,0.0000,,33
53.7732,-1,0,0,0,0,-1.0000,0.0000,,33
53.7991,-1,0,0,0,0,-1.0000,0.0000,,33
53.8254,-1,0,0,0,0,-1.0000,0.0000,,33
53.8517,-1,0,0,0,0,-1.0000,0.0000,,33
53.8787,-1,0,0,0,0,-1.0000,0.0000,,33
53.9036,-1,0,0,0,0,-1.0000,0.0000,,33
53.9293,-1,0,0,0,0,-1.0000,0.0000,,33
53.9758,-1,0,0,0,0,-1.0000,0.0000,,33
53.9859,-1,0,0,0,0,-1.0000,0.0000,,33
54.0096,-1,0,0,0,0,-1.0000,0.0000,,33
54.0357,-1,0,0,0,0,-1.0000,0.0000,,33
54.0824,-1,0,0,0,0,-1.0000,0.0000,,33
54.0925,-1,0,0,0,0,-1.0000,0.0000,,33
54.1160,-1,0,0,0,0,-1.0000,0.0000,,34
54.1424,-1,0,0,0,0,-1.0000,0.0000,,34
54.1905,-1,0,0,0,0,-1.0000,0.0000,,34
54.2002,-1,0,0,0,0,-1.0000,0.0000,,34
54.2225,-1,0,0,0,0,-1.0000,0.0000,,34
54.2478,-1,0,0,0,0,-1.0000,0.0000,,34
54.2738,-1,0,0,0,0,-1.0000,0.0000,,34
54.2997,-1,0,0,0,0,-1.0000,0.0000,,34
54.3254,-1,0,0,0,0,-1.0000,0.0000,,34
54.3514,-1,0,0,0,0,-1.0000,0.0000,,34
54.3765,-1,0,0,0,0,-1.0000,0.0000,,34
54.4025,-1,0,0,0,0,-1.0000,0.0000,,34
54.4290,-1,0,0,0,0,-1.0000,0.0000,,34
54.4549,-1,0,0,0,0,-1.0000,0.0000,,34
54.4808,-1,0,0,0,0,-1.0000,0.0000,,34
54.5065,-1,0,0,0,0,-1.0000,0.0000,,34
54.5312,-1,0,0,0,0,-1.0000,0.0000,,34
54.5574,-1,0,0,0,0,-1.0000,0.0000,,34
54.6043,-1,0,0,0,0,-1.0000,0.0000,,34
54.6143,-1,0,0,0,0,-1.0000,0.0000,,34
54.6371,-1,0,0,0,0,-1.0000,0.0000,,34
54.6636,-1,0,0,0,0,-1.0000,0.0000,,34
54.6893,-1,0,0,0,0,-1.0000,0.0000,,34
54.7143,-1,0,0,0,0,-1.0000,0.0000,,34
54.7397,-1,0,0,0,0,-1.0000,0.0000,,34
54.7646,-1,0,0,0,0,-1.0000,0.0000,,34
54.7908,-1,0,0,0,0,-1.0000,0.0000,,34
54.8163,-1,0,0,0,0,-1.0000,0.0000,,34
54.8415,-1,0,0,0,0,-1.0000,0.0000,,34
54.8685,-1,0,0,0,0,-1.0000,0.0000,,34
54.8930,-1,0,0,0,0,-1.0000,0.0000,,34
54.9187,-1,0,0,0,0,-1.0000,0.0000,,34
54.9440,-1,0,0,0,0,-1.0000,0.0000,,34
54.9689,-1,0,0,0,0,-1.0000,0.0000,,34
54.9943,-1,0,0,0,0,-1.0000,0.0000,,34
55.0194,-1,0,0,0,0,-1.0000,0.0000,,34
55.0449,-1,0,0,0,0,-1.0000,0.0000,,35
55.0700,-1,0,0,0,0,-1.0000,0.0000,,35
55.1168,-1,0,0,0,0,-1.0000,0.0000,,35
55.1268,-1,0,0,0,0,-1.0000,0.0000,,35
55.1505,-1,0,0,0,0,-1.0000,0.0000,,35
55.1758,-1,0,0,0,0,-1.0000,0.0000,,35
55.2012,-1,0,0,0,0,-1.0000,0.0000,,35
55.2269,-1,0,0,0,0,-1.0000,0.0000,,35
55.2517,-1,0,0,0,0,-1.0000,0.0000,,35
55.2774,-1,0,0,0,0,-1.0000,0.0000,,35
55.3034,-1,0,0,0,0,-1.0000,0.0000,,35
55.3288,-1,0,0,0,0,-1.0000,0.0000,,35
55.3541,-1,0,0,0,0,-1.0000,0.0000,,35
55.3799,-1,0,0,0,0,-1.0000,0.0000,,35
55.4264,-1,0,0,0,0,-1.0000,0.0000,,35
55.4366,-1,0,0,0,0,-1.0000,0.0000,,35
55.4615,-1,0,0,0,0,-1.0000,0.0000,,35
55.4862,-1,0,0,0,0,-1.0000,0.0000,,35
55.5109,-1,0,0,0,0,-1.0000,0.0000,,35
55.5361,-1,0,0,0,0,-1.0000,0.0000,,35
55.5610,-1,0,0,0,0,-1.0000,0.0000,,35
55.5865,-1,0,0,0,0,-1.0000,0.0000,,35
55.6340,-1,0,0,0,0,-1.0000,0.0000,,35
55.6444,-1,0,0,0,0,-1.0000,0.0000,,35
55.6653,-1,0,0,0,0,-1.0000,0.0000,,35
55.6904,-1,0,0,0,0,-1.0000,0.0000,,35
55.7146,-1,0,0,0,0,-1.0000,0.0000,,35
55.7406,-1,0,0,0,0,-1.0000,0.0000,,35
55.7649,-1,0,0,0,0,-1.0000,0.0000,,35
55.7905,-1,0,0,0,0,-1.0000,0.0000,,35
55.8161,-1,0,0,0,0,-1.0000,0.0000,,35
55.8403,-1,0,0,0,0,-1.0000,0.0000,,35
55.8656,-1,0,0,0,0,-1.0000,0.0000,,35
55.8915,-1,0,0,0,0,-1.0000,0.0000,,35
55.9164,-1,0,0,0,0,-1.0000,0.0000,,35
55.9409,-1,0,0,0,0,-1.0000,0.0000,,35
55.9656,-1,0,0,0,0,-1.0000,0.0000,,35
55.9909,-1,0,0,0,0,-1.0000,0.0000,,35
56.0138,-1,0,0,0,0,-1.0000,0.0000,,35
56.0381,-1,0,0,0,0,-1.0000,0.0000,,35
56.0614,-1,0,0,0,0,-1.0000,0.0000,,35
56.0861,-1,0,0,0,0,-1.0000,0.0000,,35
56.1104,-1,0,0,0,0,-1.0000,0.0000,,35
56.1560,-1,0,0,0,0,-1.0000,0.0000,,35
56.1659,-1,0,0,0,0,-1.0000,0.0000,,35
56.1852,-1,0,0,0,0,-1.0000,0.0000,,35
56.2099,-1,0,0,0,0,-1.0000,0.0000,,35
56.2543,-1,0,0,0,0,-1.0000,0.0000,,35
56.2638,-1,0,0,0,0,-1.0000,0.0000,,35
56.2855,-1,0,0,0,0,-1.0000,0.0000,,35
56.3095,-1,0,0,0,0,-1.0000,0.0000,,35
56.3340,-1,0,0,0,0,-1.0000,0.0000,,35
56.3577,-1,0,0,0,0,-1.0000,0.0000,,35
56.3820,-1,0,0,0,0,-1.0000,0.0000,,35
56.4051,-1,0,0,0,0,-1.0000,0.0000,,35
56.4295,-1,0,0,0,0,-1.0000,0.0000,,35
56.4536,-1,0,0,0,0,-1.0000,0.0000,,35
56.4802,-1,0,0,0,0,-1.0000,0.0000,,35
56.5029,-1,0,0,0,0,-1.0000,0.0000,,35
56.5271,-1,0,0,0,0,-1.0000,0.0000,,35
56.5509,-1,0,0,0,0,-1.0000,0.0000,,35
56.5745,-1,0,0,0,0,-1.0000,0.0000,,35
56.5985,-1,0,0,0,0,-1.0000,0.0000,,35
56.6221,-1,0,0,0,0,-1.0000,0.0000,,35
56.6675,-1,0,0,0,0,-1.0000,0.0000,,35
56.6781,-1,0,0,0,0,-1.0000,0.0000,,35
56.6987,-1,0,0,0,0,-1.0000,0.0000,,35
56.7225,-1,0,0,0,0,-1.0000,0.0000,,35
56.7463,-1,0,0,0,0,-1.0000,0.0000,,35
56.7703,-1,0,0,0,0,-1.0000,0.0000,,35
56.7924,-1,0,0,0,0,-1.0000,0.0000,,35
56.8179,-1,0,0,0,0,-1.0000,0.0000,,35
56.8434,-1,0,0,0,0,-1.0000,0.0000,,35
56.8677,-1,0,0,0,0,-1.0000,0.0000,,35
56.8917,-1,0,0,0,0,-1.0000,0.0000,,35
56.9154,-1,0,0,0,0,-1.0000,0.0000,,35
56.9373,-1,0,0,0,0,-1.0000,0.0000,,36
56.9614,-1,0,0,0,0,-1.0000,0.0000,,36
56.9882,-1,0,0,0,0,-1.0000,0.0000,,36
57.0122,-1,0,0,0,0,-1.0000,0.0000,,36
57.0358,-1,0,0,0,0,-1.0000,0.0000,,36
57.0599,-1,0,0,0,0,-1.0000,0.0000,,36
57.0825,-1,0,0,0,0,-1.0000,0.0000,,36
57.1289,-1,0,0,0,0,-1.0000,0.0000,,36
57.1574,-1,0,0,0,0,-1.0000,0.0000,,36
57.1680,-1,0,0,0,0,-1.0000,0.0000,,36
57.1887,-1,0,0,0,0,-1.0000,0.0000,,36
57.2132,-1,0,0,0,0,-1.0000,0.0000,,36
57.2371,-1,0,0,0,0,-1.0000,0.0000,,36
57.2591,-1,0,0,0,0,-1.0000,0.0000,,36
57.2837,-1,0,0,0,0,-1.0000,0.0000,,36
57.3109,-1,0,0,0,0,-1.0000,0.0000,,36
57.3343,-1,0,0,0,0,-1.0000,0.0000,,36
57.3588,-1,0,0,0,0,-1.0000,0.0000,,36
57.3823,-1,0,0,0,0,-1.0000,0.0000,,36
57.4062,-1,0,0,0,0,-1.0000,0.0000,,36
57.4295,-1,0,0,0,0,-1.0000,0.0000,,36
57.4537,-1,0,0,0,0,-1.0000,0.0000,,36
57.4778,-1,0,0,0,0,-1.0000,0.0000,,36
57.5026,-1,0,0,0,0,-1.0000,0.0000,,36
57.5460,-1,0,0,0,0,-1.0000,0.0000,,36
57.5544,-1,0,0,0,0,-1.0000,0.0000,,36
57.5763,-1,0,0,0,0,-1.0000,0.0000,,36
57.6001,-1,0,0,0,0,-1.0000,0.0000,,36
57.6232,-1,0,0,0,0,-1.0000,0.0000,,36
57.6468,-1,0,0,0,0,-1.0000,0.0000,,36
57.6909,-1,0,0,0,0,-1.0000,0.0000,,36
57.6999,-1,0,0,0,0,-1.0000,0.0000,,36
57.7221,-1,0,0,0,0,-1.0000,0.0000,,36
57.7459,-1,0,0,0,0,-1.0000,0.0000,,36
57.7690,-1,0,0,0,0,-1.0000,0.0000,,36
57.7932,-1,0,0,0,0,-1.0000,0.0000,,36
57.8166,-1,0,0,0,0,-1.0000,0.0000,,36
57.8424,-1,0,0,0,0,-1.0000,0.0000,,36
57.8674,-1,0,0,0,0,-1.0000,0.0000,,36
57.8921,-1,0,0,0,0,-1.0000,0.0000,,36
57.9169,-1,0,0,0,0,-1.0000,0.0000,,36
57.9413,-1,0,0,0,0,-1.0000,0.0000,,36
57.9676,-1,0,0,0,0,-1.0000,0.0000,,36
57.9937,-1,0,0,0,0,-1.0000,0.0000,,36
58.0206,-1,0,0,0,0,-1.0000,0.0000,,36
58.0480,-1,0,0,0,0,-1.0000,0.0000,,36
58.0765,-1,0,0,0,0,-1.0000,0.0000,,36
58.1037,-1,0,0,0,0,-1.0000,0.0000,,36
58.1324,-1,0,0,0,0,-1.0000,0.0000,,36
58.1602,-1,0,0,0,0,-1.0000,0.0000,,36
58.2094,-1,0,0,0,0,-1.0000,0.0000,,36
58.2214,-1,0,0,0,0,-1.0000,0.0000,,36
58.2449,-1,0,0,0,0,-1.0000,0.0000,,36
58.2711,-1,0,0,0,0,-1.0000,0.0000,,36
58.2982,-1,0,0,0,0,-1.0000,0.0000,,36
58.3243,-1,0,0,0,0,-1.0000,0.0000,,36
58.3497,-1,0,0,0,0,-1.0000,0.0000,,36
58.3764,-1,0,0,0,0,-1.0000,0.0000,,36
58.4254,-1,0,0,0,0,-1.0000,0.0000,,36
58.4374,-1,0,0,0,0,-1.0000,0.0000,,36
58.4600,-1,0,0,0,0,-1.0000,0.0000,,36
58.4868,-1,0,0,0,0,-1.0000,0.0000,,36
58.5140,-1,0,0,0,0,-1.0000,0.0000,,36
58.5403,-1,0,0,0,0,-1.0000,0.0000,,36
58.5694,-1,0,0,0,0,-1.0000,0.0000,,36
58.5951,-1,0,0,0,0,-1.0000,0.0000,,36
58.6456,-1,0,0,0,0,-1.0000,0.0000,,36
58.6560,-1,0,0,0,0,-1.0000,0.0000,,36
58.6790,-1,0,0,0,0,-1.0000,0.0000,,36
58.7289,-1,0,0,0,0,-1.0000,0.0000,,36
58.7397,-1,0,0,0,0,-1.0000,0.0000,,36
58.7685,-1,0,0,0,0,-1.0000,0.0000,,36
58.7950,-1,0,0,0,0,-1.0000,0.0000,,36
58.8235,-1,0,0,0,0,-1.0000,0.0000,,36
58.8733,-1,0,0,0,0,-1.0000,0.0000,,36
58.8845,-1,0,0,0,0,-1.0000,0.0000,,36
58.9083,-1,0,0,0,0,-1.0000,0.0000,,36
58.9363,-1,0,0,0,0,-1.0000,0.0000,,36
58.9636,-1,0,0,0,0,-1.0000,0.0000,,36
58.9903,-1,0,0,0,0,-1.0000,0.0000,,36
59.0164,-1,0,0,0,0,-1.0000,0.0000,,36
59.0430,-1,0,0,0,0,-1.0000,0.0000,,36
59.0700,-1,0,0,0,0,-1.0000,0.0000,,36
59.0964,-1,0,0,0,0,-1.0000,0.0000,,36
59.1232,-1,0,0,0,0,-1.0000,0.0000,,36
59.1501,-1,0,0,0,0,-1.0000,0.0000,,36
59.1773,-1,0,0,0,0,-1.0000,0.0000,,36
59.2029,-1,0,0,0,0,-1.0000,0.0000,,36
59.2520,-1,0,0,0,0,-1.0000,0.0000,,36
59.2827,-1,0,0,0,0,-1.0000,0.0000,,36
59.2928,-1,0,0,0,0,-1.0000,0.0000,,36
59.3176,-1,0,0,0,0,-1.0000,0.0000,,36
59.3450,-1,0,0,0,0,-1.0000,0.0000,,36
59.3711,-1,0,0,0,0,-1.0000,0.0000,,36
59.3992,-1,0,0,0,0,-1.0000,0.0000,,36
59.4259,-1,0,0,0,0,-1.0000,0.0000,,36
59.4537,-1,0,0,0,0,-1.0000,0.0000,,36
59.5053,-1,0,0,0,0,-1.0000,0.0000,,36
59.5155,-1,0,0,0,0,-1.0000,0.0000,,36
59.5401,-1,0,0,0,0,-1.0000,0.0000,,36
59.5684,-1,0,0,0,0,-1.0000,0.0000,,36
59.5966,-1,0,0,0,0,-1.0000,0.0000,,36
59.6250,-1,0,0,0,0,-1.0000,0.0000,,36
59.6517,-1,0,0,0,0,-1.0000,0.0000,,36
59.6800,-1,0,0,0,0,-1.0000,0.0000,,36
59.7076,-1,0,0,0,0,-1.0000,0.0000,,36
59.7591,-1,0,0,0,0,-1.0000,0.0000,,36
59.7692,-1,0,0,0,0,-1.0000,0.0000,,36
59.7944,-1,0,0,0,0,-1.0000,0.0000,,36
59.8222,-1,0,0,0,0,-1.0000,0.0000,,36
59.8488,-1,0,0,0,0,-1.0000,0.0000,,36
59.8746,-1,0,0,0,0,-1.0000,0.0000,,36
59.9010,-1,0,0,0,0,-1.0000,0.0000,,36
59.9473,-1,0,0,0,0,-1.0000,0.0000,,36
59.9576,-1,0,0,0,0,-1.0000,0.0000,,36
59.9786,-1,0,0,0,0,-1.0000,0.0000,,36
60.0036,-1,0,0,0,0,-1.0000,0.0000,,36
60.0273,-1,0,0,0,0,-1.0000,0.0000,,37
60.0523,-1,0,0,0,0,-1.0000,0.0000,,37
60.0775,-1,0,0,0,0,-1.0000,0.0000,,37
60.1020,-1,0,0,0,0,-1.0000,0.0000,,37
60.1479,-1,0,0,0,0,-1.0000,0.0000,,37
60.1574,-1,0,0,0,0,-1.0000,0.0000,,37
60.1793,-1,0,0,0,0,-1.0000,0.0000,,37
60.2036,-1,0,0,0,0,-1.0000,0.0000,,37
60.2281,-1,0,0,0,0,-1.0000,0.0000,,37
60.2741,-1,0,0,0,0,-1.0000,0.0000,,37
60.2832,-1,0,0,0,0,-1.0000,0.0000,,37
60.3049,-1,0,0,0,0,-1.0000,0.0000,,37
60.3296,-1,0,0,0,0,-1.0000,0.0000,,37
60.3531,-1,0,0,0,0,-1.0000,0.0000,,37
60.3783,-1,0,0,0,0,-1.0000,0.0000,,37
60.4029,-1,0,0,0,0,-1.0000,0.0000,,37
60.4276,-1,0,0,0,0,-1.0000,0.0000,,37
60.4532,-1,0,0,0,0,-1.0000,0.0000,,37
60.4772,-1,0,0,0,0,-1.0000,0.0000,,37
60.5015,-1,0,0,0,0,-1.0000,0.0000,,37
60.5262,-1,0,0,0,0,-1.0000,0.0000,,37
60.5717,-1,0,0,0,0,-1.0000,0.0000,,37
60.5803,-1,0,0,0,0,-1.0000,0.0000,,37
60.6030,-1,0,0,0,0,-1.0000,0.0000,,37
60.6272,-1,0,0,0,0,-1.0000,0.0000,,37
60.6525,-1,0,0,0,0,-1.0000,0.0000,,37
60.6779,-1,0,0,0,0,-1.0000,0.0000,,37
60.7017,-1,0,0,0,0,-1.0000,0.0000,,37
60.7261,-1,0,0,0,0,-1.0000,0.0000,,37
60.7508,-1,0,0,0,0,-1.0000,0.0000,,37
60.7964,-1,0,0,0,0,-1.0000,0.0000,,37
60.8056,-1,0,0,0,0,-1.0000,0.0000,,37
60.8283,-1,0,0,0,0,-1.0000,0.0000,,37
60.8534,-1,0,0,0,0,-1.0000,0.0000,,37
60.8777,-1,0,0,0,0,-1.0000,0.0000,,37
60.9029,-1,0,0,0,0,-1.0000,0.0000,,37
60.9267,-1,0,0,0,0,-1.0000,0.0000,,37
60.9512,-1,0,0,0,1,-1.0000,1.0000,,37
60.9768,-1,0,0,0,0,-1.0000,1.0000,,37
61.0011,-1,0,0,0,0,-1.0000,1.0000,,37
61.0256,-1,0,0,0,0,-1.0000,1.0000,,37
61.0503,-1,0,0,0,0,-1.0000,1.0000,,37
61.0751,-1,0,0,0,0,-1.0000,1.0000,,37
61.0994,-1,0,0,0,0,-1.0000,1.0000,,37
61.1246,-1,0,0,0,0,-1.0000,1.0000,,37
61.1495,-1,0,0,0,0,-1.0000,1.0000,,37
61.1729,-1,0,0,0,0,-1.0000,1.0000,,37
61.2190,-1,0,0,0,0,-1.0000,1.0000,,37
61.2274,-1,0,0,0,0,-1.0000,1.0000,,37
61.2498,-1,0,0,0,0,-1.0000,1.0000,,37
61.2752,-1,0,0,0,0,-1.0000,1.0000,,37
61.3215,-1,0,0,0,0,-1.0000,1.0000,,38
61.3332,-1,0,0,0,0,-1.0000,1.0000,,38
61.3516,-1,0,0,0,0,-1.0000,1.0000,,38
61.3758,-1,0,0,0,0,-1.0000,1.0000,,38
61.4223,-1,0,0,0,0,-1.0000,1.0000,,38
61.4308,-1,0,0,0,0,-1.0000,1.0000,,38
61.4518,-1,0,0,0,0,-1.0000,1.0000,,38
61.4771,-1,0,0,0,0,-1.0000,1.0000,,38
61.5015,-1,0,0,0,0,-1.0000,1.0000,,38
61.5256,-1,0,0,0,0,-1.0000,1.0000,,38
61.5504,-1,0,0,0,0,-1.0000,1.0000,,38
61.5753,-1,0,0,0,0,-1.0000,1.0000,,38
61.6000,-1,0,0,0,0,-1.0000,1.0000,,38
61.6457,-1,0,0,0,0,-1.0000,1.0000,,38
61.6546,-1,0,0,0,0,-1.0000,1.0000,,38
61.6773,-1,0,0,0,0,-1.0000,1.0000,,38
61.7021,-1,0,0,0,0,-1.0000,1.0000,,38
61.7280,-1,0,0,0,0,-1.0000,1.0000,,38
61.7533,-1,0,0,0,0,-1.0000,1.0000,,38
61.7784,-1,0,0,0,0,-1.0000,1.0000,,38
61.8240,-1,0,0,0,0,-1.0000,1.0000,,38
61.8331,-1,0,0,0,0,-1.0000,1.0000,,38
61.8558,-1,0,0,0,0,-1.0000,1.0000,,38
61.8811,-1,0,0,0,0,-1.0000,1.0000,,38
61.9062,-1,0,0,0,0,-1.0000,1.0000,,38
61.9310,-1,0,0,0,0,-1.0000,1.0000,,38
61.9568,-1,0,0,0,0,-1.0000,0.0000,,38
61.9811,-1,0,0,0,0,-1.0000,0.0000,,38
62.0061,-1,0,0,0,0,-1.0000,0.0000,,38
62.0313,-1,0,0,0,0,-1.0000,0.0000,,38
62.0564,-1,0,0,0,0,-1.0000,0.0000,,38
62.0808,-1,0,0,0,0,-1.0000,0.0000,,38
62.1058,-1,0,0,0,0,-1.0000,0.0000,,38
62.1320,-1,0,0,0,0,-1.0000,0.0000,,38
62.1565,-1,0,0,0,0,-1.0000,0.0000,,38
62.1813,-1,0,0,0,0,-1.0000,0.0000,,38
62.2066,-1,0,0,0,0,-1.0000,0.0000,,38
62.2313,-1,0,0,0,0,-1.0000,0.0000,,38
62.2778,-1,0,0,0,0,-1.0000,0.0000,,38
62.2874,-1,0,0,0,0,-1.0000,0.0000,,38
62.3292,-1,0,0,0,0,-1.0000,0.0000,,38
62.3380,-1,0,0,0,0,-1.0000,0.0000,,38
62.3618,-1,0,0,0,0,-1.0000,0.0000,,38
62.3867,-1,0,0,0,0,-1.0000,0.0000,,38
62.4117,-1,0,0,0,0,-1.0000,0.0000,,38
62.4362,-1,0,0,0,0,-1.0000,0.0000,,38
62.4613,-1,0,0,0,0,-1.0000,0.0000,,38
62.4854,-1,0,0,0,0,-1.0000,0.0000,,38
62.5103,-1,0,0,0,0,-1.0000,0.0000,,38
62.5353,-1,0,0,0,0,-1.0000,0.0000,,38
62.5591,-1,0,0,0,0,-1.0000,0.0000,,38
62.5840,-1,0,0,0,0,-1.0000,0.0000,,38
62.6091,-1,0,0,0,0,-1.0000,0.0000,,38
62.6343,-1,0,0,0,0,-1.0000,0.0000,,38
62.6583,-1,0,0,0,0,-1.0000,0.0000,,38
62.6832,-1,0,0,0,0,-1.0000,0.0000,,38
62.7082,-1,0,0,0,0,-1.0000,0.0000,,38
62.7339,-1,0,0,0,0,-1.0000,0.0000,,38
62.7591,-1,0,0,0,0,-1.0000,0.0000,,38
62.7839,-1,0,0,0,0,-1.0000,0.0000,,38
62.8112,-1,0,0,0,0,-1.0000,0.0000,,38
62.8576,-1,0,0,0,0,-1.0000,0.0000,,38
62.8690,-1,0,0,0,0,-1.0000,0.0000,,38
62.8915,-1,0,0,0,0,-1.0000,0.0000,,38
62.9161,-1,0,0,0,0,-1.0000,0.0000,,38
62.9417,-1,0,0,0,0,-1.0000,0.0000,,38
62.9677,-1,0,0,0,0,-1.0000,0.0000,,38
62.9931,-1,0,0,0,0,-1.0000,0.0000,,38
63.0184,-1,0,0,0,0,-1.0000,0.0000,,38
63.0415,-1,0,0,0,0,-1.0000,0.0000,,38
63.0691,-1,0,0,0,0,-1.0000,0.0000,,38
63.1152,-1,0,0,0,0,-1.0000,0.0000,,38
63.1263,-1,0,0,0,0,-1.0000,0.0000,,38
63.1485,-1,0,0,0,0,-1.0000,0.0000,,38
63.1735,-1,0,0,0,0,-1.0000,0.0000,,38
63.1991,-1,0,0,0,0,-1.0000,0.0000,,38
63.2244,-1,0,0,0,0,-1.0000,0.0000,,38
63.2504,-1,0,0,0,0,-1.0000,0.0000,,38
63.2748,-1,0,0,0,0,-1.0000,0.0000,,39
63.3007,-1,0,0,0,0,-1.0000,0.0000,,39
63.3258,-1,0,0,0,0,-1.0000,0.0000,,39
63.3728,-1,0,0,0,0,-1.0000,0.0000,,39
63.3834,-1,0,0,0,0,-1.0000,0.0000,,39
63.4054,-1,0,0,0,0,-1.0000,0.0000,,39
63.4323,-1,0,0,0,0,-1.0000,0.0000,,39
63.4576,-1,0,0,0,0,-1.0000,0.0000,,40
63.4827,-1,0,0,0,0,-1.0000,0.0000,,40
63.5296,-1,0,0,0,0,-1.0000,0.0000,,40
63.5404,-1,0,0,0,0,-1.0000,0.0000,,40
63.5632,-1,0,0,0,0,-1.0000,0.0000,,40
63.5904,-1,0,0,0,0,-1.0000,0.0000,,40
63.6155,-1,0,0,0,0,-1.0000,0.0000,,40
63.6405,-1,0,0,0,0,-1.0000,0.0000,,40
63.6671,-1,0,0,0,0,-1.0000,0.0000,,40
63.6922,-1,0,0,0,0,-1.0000,0.0000,,40
63.7176,-1,0,0,0,0,-1.0000,0.0000,,40
63.7430,-1,0,0,0,0,-1.0000,0.0000,,40
63.7735,-1,0,0,0,0,-1.0000,0.0000,,40
63.7990,-1,0,0,0,0,-1.0000,0.0000,,40
63.8264,-1,0,0,0,0,-1.0000,0.0000,,40
63.8727,-1,0,0,0,0,-1.0000,0.0000,,40
63.8837,-1,0,0,0,0,-1.0000,0.0000,,40
63.9052,-1,0,0,0,0,-1.0000,0.0000,,40
63.9532,-1,0,0,0,0,-1.0000,0.0000,,40
63.9638,-1,0,0,0,0,-1.0000,0.0000,,40
63.9859,-1,0,0,0,0,-1.0000,0.0000,,40
64.0125,-1,0,0,0,0,-1.0000,0.0000,,40
64.0391,-1,0,0,0,0,-1.0000,0.0000,,40
64.0656,-1,0,0,0,0,-1.0000,0.0000,,40
64.0931,-1,0,0,0,0,-1.0000,0.0000,,40
64.1192,-1,0,0,0,0,-1.0000,0.0000,,40
64.1462,-1,0,0,0,0,-1.0000,0.0000,,40
64.1714,-1,0,0,0,0,-1.0000,0.0000,,40
64.1966,-1,0,0,0,0,-1.0000,0.0000,,40
64.2228,-1,0,0,0,0,-1.0000,0.0000,,40
64.2478,-1,0,0,0,0,-1.0000,0.0000,,40
64.2736,-1,0,0,0,0,-1.0000,0.0000,,40
64.2991,-1,0,0,0,0,-1.0000,0.0000,,40
64.3243,-1,0,0,0,0,-1.0000,0.0000,,40
64.3707,-1,0,0,0,0,-1.0000,0.0000,,40
64.4008,-1,0,0,0,0,-1.0000,0.0000,,40
64.4112,-1,0,0,0,0,-1.0000,0.0000,,40
64.4322,-1,0,0,0,0,-1.0000,0.0000,,40
64.4580,-1,0,0,0,0,-1.0000,0.0000,,40
64.4830,-1,0,0,0,0,-1.0000,0.0000,,40
64.5085,-1,0,0,0,0,-1.0000,0.0000,,40
64.5337,-1,0,0,0,0,-1.0000,0.0000,,40
64.5800,-1,0,0,0,0,-1.0000,0.0000,,40
64.5909,-1,0,0,0,0,-1.0000,0.0000,,40
64.6133,-1,0,0,0,0,-1.0000,0.0000,,40
64.6382,-1,0,0,0,0,-1.0000,0.0000,,40
64.6628,-1,0,0,0,0,-1.0000,0.0000,,40
64.6888,-1,0,0,0,0,-1.0000,0.0000,,40
64.7138,-1,0,0,0,0,-1.0000,0.0000,,40
64.7391,-1,0,0,0,0,-1.0000,0.0000,,40
64.7645,-1,0,0,0,0,-1.0000,0.0000,,40
64.7903,-1,0,0,0,0,-1.0000,0.0000,,40
64.8154,-1,0,0,0,0,-1.0000,0.0000,,40
64.8416,-1,0,0,0,0,-1.0000,0.0000,,40
64.8665,-1,0,0,0,0,-1.0000,0.0000,,40
64.8933,-1,0,0,0,0,-1.0000,0.0000,,40
64.9393,-1,0,0,0,0,-1.0000,0.0000,,40
64.9489,-1,0,0,0,0,-1.0000,0.0000,,40
64.9718,-1,0,0,0,0,-1.0000,0.0000,,40
64.9981,-1,0,0,0,0,-1.0000,0.0000,,40
65.0232,-1,0,0,0,0,-1.0000,0.0000,,40
65.0486,-1,0,0,0,0,-1.0000,0.0000,,40
65.0736,-1,0,0,0,0,-1.0000,0.0000,,40
65.0988,-1,0,0,0,0,-1.0000,0.0000,,40
65.1241,-1,0,0,0,0,-1.0000,0.0000,,40
65.1488,-1,0,0,0,0,-1.0000,0.0000,,40
65.1742,-1,0,0,0,0,-1.0000,0.0000,,40
65.2203,-1,0,0,0,0,-1.0000,0.0000,,40
65.2295,-1,0,0,0,0,-1.0000,0.0000,,40
65.2530,-1,0,0,0,0,-1.0000,0.0000,,40
65.2769,-1,0,0,0,0,-1.0000,0.0000,,40
65.3008,-1,0,0,0,0,-1.0000,0.0000,,40
65.3248,-1,0,0,0,0,-1.0000,0.0000,,40
65.3481,-1,0,0,0,0,-1.0000,0.0000,,40
65.3729,-1,0,0,0,0,-1.0000,0.0000,,40
65.3972,-1,0,0,0,0,-1.0000,0.0000,,40
65.4441,-1,0,0,0,0,-1.0000,0.0000,,40
65.4546,-1,0,0,0,0,-1.0000,0.0000,,40
65.4766,-1,0,0,0,0,-1.0000,0.0000,,40
65.5023,-1,0,0,0,0,-1.0000,0.0000,,40
65.5268,-1,0,0,0,0,-1.0000,0.0000,,40
65.5522,-1,0,0,0,0,-1.0000,0.0000,,40
65.5773,-1,0,0,0,0,-1.0000,0.0000,,40
65.6028,-1,0,0,0,0,-1.0000,0.0000,,40
65.6276,-1,0,0,0,0,-1.0000,0.0000,,40
65.6528,-1,0,0,0,0,-1.0000,0.0000,,40
65.6772,-1,0,0,0,0,-1.0000,0.0000,,40
65.7032,-1,0,0,0,0,-1.0000,0.0000,,40
65.7274,-1,0,0,0,0,-1.0000,0.0000,,40
65.7523,-1,0,0,0,0,-1.0000,0.0000,,41
65.7793,-1,0,0,0,0,-1.0000,0.0000,,41
65.8033,-1,0,0,0,0,-1.0000,0.0000,,41
65.8513,-1,0,0,0,0,-1.0000,0.0000,,41
65.8620,-1,0,0,0,0,-1.0000,0.0000,,41
65.8845,-1,0,0,0,0,-1.0000,0.0000,,41
65.9114,-1,0,0,0,0,-1.0000,0.0000,,41
65.9582,-1,0,0,0,0,-1.0000,0.0000,,41
65.9686,-1,0,0,0,0,-1.0000,0.0000,,41
65.9909,-1,0,0,0,0,-1.0000,0.0000,,41
66.0163,-1,0,0,0,0,-1.0000,0.0000,,41
66.0627,-1,0,0,0,0,-1.0000,0.0000,,41
66.0723,-1,0,0,0,0,-1.0000,0.0000,,41
66.0951,-1,0,0,0,0,-1.0000,0.0000,,41
66.1209,-1,0,0,0,0,-1.0000,0.0000,,41
66.1456,-1,0,0,0,0,-1.0000,0.0000,,41
66.1709,-1,0,0,0,0,-1.0000,0.0000,,41
66.1955,-1,0,0,0,0,-1.0000,0.0000,,41
66.2204,-1,0,0,0,0,-1.0000,0.0000,,41
66.2465,-1,0,0,0,0,-1.0000,0.0000,,41
66.2714,-1,0,0,0,0,-1.0000,0.0000,,41
66.2981,-1,0,0,0,0,-1.0000,0.0000,,41
66.3233,-1,0,0,0,0,-1.0000,0.0000,,41
66.3484,-1,0,0,0,0,-1.0000,0.0000,,41
66.3733,-1,0,0,0,0,-1.0000,0.0000,,41
66.3982,-1,0,0,0,0,-1.0000,0.0000,,41
66.4234,-1,0,0,0,0,-1.0000,0.0000,,41
66.4690,-1,0,0,0,0,-1.0000,0.0000,,41
66.4791,-1,0,0,0,0,-1.0000,0.0000,,41
66.5027,-1,0,0,0,0,-1.0000,0.0000,,41
66.5280,-1,0,0,0,0,-1.0000,0.0000,,41
66.5526,-1,0,0,0,0,-1.0000,0.0000,,41
66.5783,-1,0,0,0,0,-1.0000,0.0000,,41
66.6036,-1,0,0,0,0,-1.0000,0.0000,,41
66.6286,-1,0,0,0,0,-1.0000,0.0000,,41
66.6740,-1,0,0,0,0,-1.0000,0.0000,,41
66.6843,-1,0,0,0,0,-1.0000,0.0000,,41
66.7059,-1,0,0,0,0,-1.0000,0.0000,,41
66.7309,-1,0,0,0,0,-1.0000,0.0000,,41
66.7564,-1,0,0,0,0,-1.0000,0.0000,,41
66.7810,-1,0,0,0,0,-1.0000,0.0000,,41
66.8060,-1,0,0,0,0,-1.0000,0.0000,,41
66.8305,-1,0,0,0,0,-1.0000,0.0000,,41
66.8565,-1,0,0,0,0,-1.0000,0.0000,,41
66.8813,-1,0,0,0,0,-1.0000,0.0000,,41
66.9055,-1,0,0,0,0,-1.0000,0.0000,,41
66.9318,-1,0,0,0,0,-1.0000,0.0000,,41
66.9791,-1,0,0,0,0,-1.0000,0.0000,,41
66.9888,-1,0,0,0,0,-1.0000,0.0000,,41
67.0119,-1,0,0,0,0,-1.0000,0.0000,,41
67.0376,-1,0,0,0,0,-1.0000,0.0000,,41
67.0614,-1,0,0,0,0,-1.0000,0.0000,,41
67.0870,-1,0,0,0,0,-1.0000,0.0000,,41
67.1116,-1,0,0,0,0,-1.0000,0.0000,,41
67.1356,-1,0,0,0,0,-1.0000,0.0000,,41
67.1596,-1,0,0,0,0,-1.0000,0.0000,,41
67.1847,-1,0,0,0,0,-1.0000,0.0000,,41
67.2071,-1,0,0,0,0,-1.0000,0.0000,,41
67.2352,-1,0,0,0,0,-1.0000,0.0000,,41
67.2595,-1,0,0,0,0,-1.0000,0.0000,,41
67.2830,-1,0,0,0,0,-1.0000,0.0000,,41
67.3061,-1,0,0,0,0,-1.0000,0.0000,,41
67.3331,-1,0,0,0,0,-1.0000,0.0000,,41
67.3582,-1,0,0,0,0,-1.0000,0.0000,,41
67.3837,-1,0,0,0,0,-1.0000,0.0000,,41
67.4055,-1,0,0,0,0,-1.0000,0.0000,,41
67.4322,-1,0,0,0,0,-1.0000,0.0000,,41
67.4798,-1,0,0,0,0,-1.0000,0.0000,,41
67.4907,-1,0,0,0,0,-1.0000,0.0000,,41
67.5133,-1,0,0,0,0,-1.0000,0.0000,,41
67.5377,-1,0,0,0,0,-1.0000,0.0000,,41
67.5621,-1,0,0,0,0,-1.0000,0.0000,,41
67.5844,-1,0,0,0,0,-1.0000,0.0000,,41
67.6117,-1,0,0,0,0,-1.0000,0.0000,,41
67.6361,-1,0,0,0,0,-1.0000,0.0000,,42
67.6596,-1,0,0,0,0,-1.0000,0.0000,,42
67.6845,-1,0,0,0,0,-1.0000,0.0000,,42
67.7351,-1,0,0,0,0,-1.0000,0.0000,,42
67.7475,-1,0,0,0,0,-1.0000,0.0000,,42
67.7663,-1,0,0,0,0,-1.0000,0.0000,,42
67.7927,-1,0,0,0,0,-1.0000,0.0000,,42
67.8176,-1,0,0,0,0,-1.0000,0.0000,,42
67.8412,-1,0,0,0,0,-1.0000,0.0000,,42
67.8670,-1,0,0,0,0,-1.0000,0.0000,,42
67.8932,-1,0,0,0,0,-1.0000,0.0000,,42
67.9192,-1,0,0,0,0,-1.0000,0.0000,,42
67.9444,-1,0,0,0,0,-1.0000,0.0000,,42
67.9928,-1,0,0,0,0,-1.0000,0.0000,,42
68.0036,-1,0,0,0,0,-1.0000,0.0000,,42
68.0261,-1,0,0,0,0,-1.0000,0.0000,,42
68.0507,-1,0,0,0,0,-1.0000,0.0000,,42
68.0738,-1,0,0,0,0,-1.0000,0.0000,,42
68.1017,-1,0,0,0,0,-1.0000,0.0000,,42
68.1260,-1,0,0,0,0,-1.0000,0.0000,,42
68.1515,-1,0,0,0,0,-1.0000,0.0000,,42
68.1743,-1,0,0,0,0,-1.0000,0.0000,,42
68.2032,-1,0,0,0,0,-1.0000,0.0000,,42
68.2288,-1,0,0,0,0,-1.0000,0.0000,,42
68.2534,-1,0,0,0,0,-1.0000,0.0000,,42
68.2798,-1,0,0,0,0,-1.0000,0.0000,,42
68.3035,-1,0,0,0,0,-1.0000,0.0000,,42
68.3267,-1,0,0,0,0,-1.0000,0.0000,,42
68.3493,-1,0,0,0,0,-1.0000,0.0000,,42
68.3742,-1,0,0,0,0,-1.0000,0.0000,,42
68.4013,-1,0,0,0,0,-1.0000,0.0000,,42
68.4250,-1,0,0,0,0,-1.0000,0.0000,,42
68.4497,-1,0,0,0,0,-1.0000,0.0000,,42
68.4950,-1,0,0,0,0,-1.0000,0.0000,,42
68.5046,-1,0,0,0,0,-1.0000,0.0000,,42
68.5263,-1,0,0,0,0,-1.0000,0.0000,,42
68.5478,-1,0,0,0,0,-1.0000,0.0000,,42
68.5729,-1,0,0,0,0,-1.0000,0.0000,,42
68.6003,-1,0,0,0,0,-1.0000,0.0000,,42
68.6240,-1,0,0,0,0,-1.0000,0.0000,,42
68.6486,-1,0,0,0,0,-1.0000,0.0000,,42
68.6705,-1,0,0,0,0,-1.0000,0.0000,,42
68.6938,-1,0,0,0,0,-1.0000,0.0000,,42
68.7217,-1,0,0,0,0,-1.0000,0.0000,,42
68.7458,-1,0,0,0,0,-1.0000,0.0000,,42
68.7718,-1,0,0,0,0,-1.0000,0.0000,,42
68.8002,-1,0,0,0,0,-1.0000,0.0000,,42
68.8269,-1,0,0,0,0,-1.0000,0.0000,,42
68.8509,-1,0,0,0,0,-1.0000,0.0000,,42
68.8740,-1,0,0,0,0,-1.0000,0.0000,,42
68.9006,-1,0,0,0,0,-1.0000,0.0000,,42
68.9250,-1,0,0,0,0,-1.0000,0.0000,,42
68.9504,-1,0,0,0,0,-1.0000,0.0000,,42
68.9963,-1,0,0,0,0,-1.0000,0.0000,,42
69.0061,-1,0,0,0,0,-1.0000,0.0000,,42
69.0276,-1,0,0,0,0,-1.0000,0.0000,,42
69.0522,-1,0,0,0,0,-1.0000,0.0000,,42
69.0797,-1,0,0,0,0,-1.0000,0.0000,,42
69.1062,-1,0,0,0,0,-1.0000,0.0000,,42
69.1276,-1,0,0,0,0,-1.0000,0.0000,,42
69.1763,-1,0,0,0,0,-1.0000,0.0000,,42
69.1854,-1,0,0,0,0,-1.0000,0.0000,,42
69.2084,-1,0,0,0,0,-1.0000,0.0000,,42
69.2335,-1,0,0,0,0,-1.0000,0.0000,,42
69.2588,-1,0,0,0,0,-1.0000,0.0000,,42
69.2833,-1,0,0,0,0,-1.0000,0.0000,,42
69.3063,-1,0,0,0,0,-1.0000,0.0000,,42
69.3337,-1,0,0,0,0,-1.0000,0.0000,,43
69.3583,-1,0,0,0,0,-1.0000,0.0000,,43
69.3839,-1,0,0,0,0,-1.0000,0.0000,,43
69.4072,-1,0,0,0,0,-1.0000,0.0000,,43
69.4349,-1,0,0,0,0,-1.0000,0.0000,,43
69.4600,-1,0,0,0,0,-1.0000,0.0000,,43
69.5083,-1,0,0,0,0,-1.0000,0.0000,,43
69.5177,-1,0,0,0,0,-1.0000,0.0000,,43
69.5411,-1,0,0,0,0,-1.0000,0.0000,,43
69.5887,-1,0,0,0,0,-1.0000,0.0000,,43
69.5989,-1,0,0,0,0,-1.0000,0.0000,,43
69.6202,-1,0,0,0,0,-1.0000,0.0000,,43
69.6456,-1,0,0,0,0,-1.0000,0.0000,,43
69.6713,-1,0,0,0,0,-1.0000,0.0000,,43
69.6944,-1,0,0,0,0,-1.0000,0.0000,,43
69.7217,-1,0,0,0,0,-1.0000,0.0000,,43
69.7470,-1,0,0,0,0,-1.0000,0.0000,,43
69.7714,-1,0,0,0,0,-1.0000,0.0000,,43
69.7949,-1,0,0,0,0,-1.0000,0.0000,,43
69.8219,-1,0,0,0,0,-1.0000,0.0000,,43
69.8467,-1,0,0,0,0,-1.0000,0.0000,,43
69.8715,-1,0,0,0,0,-1.0000,0.0000,,43
69.8954,-1,0,0,0,0,-1.0000,0.0000,,43
69.9232,-1,0,0,0,0,-1.0000,0.0000,,43
69.9481,-1,0,0,0,0,-1.0000,0.0000,,43
69.9712,-1,0,0,0,0,-1.0000,0.0000,,43
70.0208,-1,0,0,0,0,-1.0000,0.0000,,43
70.0302,-1,0,0,0,0,-1.0000,0.0000,,43
70.0553,-1,0,0,0,0,-1.0000,0.0000,,43
70.0801,-1,0,0,0,0,-1.0000,0.0000,,43
70.1050,-1,0,0,0,0,-1.0000,0.0000,,43
70.1282,-1,0,0,0,0,-1.0000,0.0000,,43
70.1572,-1,0,0,0,0,-1.0000,0.0000,,43
70.1816,-1,0,0,0,0,-1.0000,0.0000,,43
70.2046,-1,0,0,0,0,-1.0000,0.0000,,43
70.2288,-1,0,0,0,0,-1.0000,0.0000,,43
70.2574,-1,0,0,0,0,-1.0000,0.0000,,43
70.2818,-1,0,0,0,0,-1.0000,0.0000,,43
70.3043,-1,0,0,0,0,-1.0000,0.0000,,43
70.3322,-1,0,0,0,0,-1.0000,0.0000,,43
70.3575,-1,0,0,0,0,-1.0000,0.0000,,43
70.3829,-1,0,0,0,0,-1.0000,0.0000,,43
70.4062,-1,0,0,0,0,-1.0000,0.0000,,43
70.4338,-1,0,0,0,0,-1.0000,0.0000,,43
70.4582,-1,0,0,0,0,-1.0000,0.0000,,43
70.4835,-1,0,0,0,0,-1.0000,0.0000,,43
70.5304,-1,0,0,0,0,-1.0000,0.0000,,43
70.5396,-1,0,0,0,0,-1.0000,0.0000,,43
70.5628,-1,0,0,0,0,-1.0000,0.0000,,43
70.6104,-1,0,0,0,0,-1.0000,0.0000,,43
70.6197,-1,0,0,0,0,-1.0000,0.0000,,43
70.6420,-1,0,0,0,0,-1.0000,0.0000,,43
70.6673,-1,0,0,0,0,-1.0000,0.0000,,43
70.6913,-1,0,0,0,0,-1.0000,0.0000,,43
70.7156,-1,0,0,0,0,-1.0000,0.0000,,43
70.7393,-1,0,0,0,0,-1.0000,0.0000,,43
70.7677,-1,0,0,0,0,-1.0000,0.0000,,43
70.7927,-1,0,0,0,0,-1.0000,0.0000,,43
70.8151,-1,0,0,0,0,-1.0000,0.0000,,43
70.8430,-1,0,0,0,0,-1.0000,0.0000,,43
70.8682,-1,0,0,0,0,-1.0000,0.0000,,43
70.8926,-1,0,0,0,0,-1.0000,0.0000,,44
70.9166,-1,0,0,0,0,-1.0000,0.0000,,44
70.9435,-1,0,0,0,0,-1.0000,0.0000,,44
70.9687,-1,0,0,0,0,-1.0000,0.0000,,44
71.0155,-1,0,0,0,0,-1.0000,0.0000,,44
71.0450,-1,0,0,0,0,-1.0000,0.0000,,44
71.0537,-1,0,0,0,0,-1.0000,0.0000,,44
71.0765,-1,0,0,0,0,-1.0000,0.0000,,44
71.1028,-1,0,0,0,0,-1.0000,0.0000,,44
71.1275,-1,0,0,0,0,-1.0000,0.0000,,44
71.1523,-1,0,0,0,0,-1.0000,0.0000,,44
71.1799,-1,0,0,0,0,-1.0000,0.0000,,44
71.2037,-1,0,0,0,0,-1.0000,0.0000,,44
71.2321,-1,0,0,0,0,-1.0000,0.0000,,44
71.2628,-1,0,0,0,0,-1.0000,0.0000,,44
71.2851,-1,0,0,0,0,-1.0000,0.0000,,44
71.3125,-1,0,0,0,0,-1.0000,0.0000,,44
71.3372,-1,0,0,0,0,-1.0000,0.0000,,44
71.3621,-1,0,0,0,0,-1.0000,0.0000,,44
71.3897,-1,0,0,0,0,-1.0000,0.0000,,44
71.4155,-1,0,0,0,0,-1.0000,0.0000,,44
71.4395,-1,0,0,0,0,-1.0000,0.0000,,44
71.4658,-1,0,0,0,0,-1.0000,0.0000,,44
71.4907,-1,0,0,0,0,-1.0000,0.0000,,44
71.5160,-1,0,0,0,0,-1.0000,0.0000,,44
71.5623,-1,0,0,0,0,-1.0000,0.0000,,44
71.5721,-1,0,0,0,0,-1.0000,0.0000,,44
71.5938,-1,0,0,0,0,-1.0000,0.0000,,44
71.6192,-1,0,0,0,0,-1.0000,0.0000,,44
71.6451,-1,0,0,0,0,-1.0000,0.0000,,44
71.6695,-1,0,0,0,0,-1.0000,0.0000,,44
71.6951,-1,0,0,0,0,-1.0000,0.0000,,44
71.7202,-1,0,0,0,0,-1.0000,0.0000,,44
71.7453,-1,0,0,0,0,-1.0000,0.0000,,44
71.7699,-1,0,0,0,0,-1.0000,0.0000,,44
71.7946,-1,0,0,0,0,-1.0000,0.0000,,44
71.8415,-1,0,0,0,0,-1.0000,0.0000,,44
71.8505,-1,0,0,0,0,-1.0000,0.0000,,44
71.8730,-1,0,0,0,0,-1.0000,0.0000,,44
71.8989,-1,0,0,0,0,-1.0000,0.0000,,44
71.9245,-1,0,0,0,0,-1.0000,0.0000,,44
71.9484,-1,0,0,0,0,-1.0000,0.0000,,44
71.9736,-1,0,0,0,0,-1.0000,0.0000,,44
71.9988,-1,0,0,0,0,-1.0000,0.0000,,44
72.0236,-1,0,0,0,0,-1.0000,0.0000,,44
72.0700,-1,0,0,0,0,-1.0000,0.0000,,44
72.0805,-1,0,0,0,0,-1.0000,0.0000,,44
72.1024,-1,0,0,0,0,-1.0000,0.0000,,44
72.1270,-1,0,0,0,0,-1.0000,0.0000,,44
72.1511,-1,0,0,0,0,-1.0000,0.0000,,44
72.1766,-1,0,0,0,0,-1.0000,0.0000,,44
72.2032,-1,0,0,0,0,-1.0000,0.0000,,44
72.2486,-1,0,0,0,0,-1.0000,0.0000,,44
72.2576,-1,0,0,0,0,-1.0000,0.0000,,44
72.2800,-1,0,0,0,0,-1.0000,0.0000,,44
72.3052,-1,0,0,0,0,-1.0000,0.0000,,44
72.3299,-1,0,0,0,0,-1.0000,0.0000,,44
72.3541,-1,0,0,0,0,-1.0000,0.0000,,44
72.3796,-1,0,0,0,0,-1.0000,0.0000,,44
72.4039,-1,0,0,0,0,-1.0000,0.0000,,44
72.4494,-1,0,0,0,0,-1.0000,0.0000,,44
72.4587,-1,0,0,0,0,-1.0000,0.0000,,44
72.4819,-1,0,0,0,0,-1.0000,0.0000,,44
72.5070,-1,0,0,0,0,-1.0000,0.0000,,44
72.5317,-1,0,0,0,0,-1.0000,0.0000,,44
72.5784,-1,0,0,0,0,-1.0000,0.0000,,44
72.5874,-1,0,0,0,0,-1.0000,0.0000,,44
72.6078,-1,0,0,0,0,-1.0000,0.0000,,44
72.6325,-1,0,0,0,0,-1.0000,0.0000,,44
72.6575,-1,0,0,0,0,-1.0000,0.0000,,44
72.6814,-1,0,0,0,0,-1.0000,0.0000,,44
72.7054,-1,0,0,0,0,-1.0000,0.0000,,44
72.7304,-1,0,0,0,0,-1.0000,0.0000,,44
72.7557,-1,0,0,0,0,-1.0000,0.0000,,44
72.7796,-1,0,0,0,0,-1.0000,0.0000,,44
72.8039,-1,0,0,0,0,-1.0000,0.0000,,44
72.8288,-1,0,0,0,0,-1.0000,0.0000,,44
72.8529,-1,0,0,0,0,-1.0000,0.0000,,44
72.8781,-1,0,0,0,0,-1.0000,0.0000,,44
72.9030,-1,0,0,0,0,-1.0000,0.0000,,44
72.9270,-1,0,0,0,0,-1.0000,0.0000,,44
72.9512,-1,0,0,0,0,-1.0000,0.0000,,44
72.9759,-1,0,0,0,0,-1.0000,0.0000,,44
73.0016,-1,0,0,0,0,-1.0000,0.0000,,44
73.0254,-1,0,0,0,0,-1.0000,0.0000,,44
73.0507,-1,0,0,0,0,-1.0000,0.0000,,44
73.0963,-1,0,0,0,0,-1.0000,0.0000,,44
73.1065,-1,0,0,0,0,-1.0000,0.0000,,44
73.1280,-1,0,0,0,0,-1.0000,0.0000,,44
73.1528,-1,0,0,0,1,-1.0000,1.0000,,44
73.1773,-1,0,0,0,1,-1.0000,2.0000,,44
73.2026,-1,0,0,0,1,-1.0000,3.0000,,44
73.2264,-1,0,0,0,0,-1.0000,3.0000,,44
73.2514,-1,0,0,0,0,-1.0000,3.0000,,44
73.2792,-1,0,0,0,0,-1.0000,3.0000,,44
73.3025,-1,0,0,0,0,-1.0000,3.0000,,44
73.3270,-1,0,0,0,0,-1.0000,3.0000,,44
73.3521,-1,0,0,0,0,-1.0000,3.0000,,44
73.3766,-1,0,0,0,0,-1.0000,3.0000,,44
73.4022,-1,0,0,0,0,-1.0000,3.0000,,44
73.4262,-1,0,0,0,0,-1.0000,3.0000,,44
73.4509,-1,0,0,0,0,-1.0000,3.0000,,44
73.4751,-1,0,0,0,0,-1.0000,3.0000,,44
73.5220,-1,0,0,0,0,-1.0000,3.0000,,44
73.5312,-1,0,0,0,0,-1.0000,3.0000,,44
73.5528,-1,0,0,0,0,-1.0000,3.0000,,44
73.5986,-1,0,0,0,0,-1.0000,3.0000,,44
73.6080,-1,0,0,0,0,-1.0000,3.0000,,44
73.6298,-1,0,0,0,0,-1.0000,3.0000,,44
73.6549,-1,0,0,0,0,-1.0000,3.0000,,44
73.6797,-1,0,0,0,0,-1.0000,3.0000,,44
73.7249,-1,0,0,0,0,-1.0000,3.0000,,44
73.7343,-1,0,0,0,0,-1.0000,3.0000,,44
73.7568,-1,0,0,0,0,-1.0000,3.0000,,44
73.7783,-1,0,0,0,0,-1.0000,3.0000,,44
73.8123,-1,0,0,0,0,-1.0000,3.0000,,44
73.8338,-1,0,0,0,0,-1.0000,3.0000,,44
73.8553,-1,0,0,0,0,-1.0000,3.0000,,44
73.8765,-1,0,0,0,0,-1.0000,3.0000,,44
73.8969,-1,0,0,0,0,-1.0000,3.0000,,44
73.9362,-1,0,0,0,0,-1.0000,3.0000,,44
73.9457,-1,0,0,0,0,-1.0000,3.0000,,44
73.9637,-1,0,0,0,0,-1.0000,3.0000,,44
73.9848,-1,0,0,0,0,-1.0000,3.0000,,44
74.0061,-1,0,0,0,0,-1.0000,3.0000,,44
74.0280,-1,0,0,0,0,-1.0000,3.0000,,45
74.0476,-1,0,0,0,0,-1.0000,3.0000,,45
74.0695,-1,0,0,0,1,-1.0000,4.0000,,45
74.1108,-1,0,0,0,0,-1.0000,4.0000,,45
74.1351,-1,0,0,0,0,-1.0000,4.0000,,45
74.1454,-1,0,0,0,0,-1.0000,4.0000,,45
74.1625,-1,0,0,0,0,-1.0000,3.0000,,45
74.1840,-1,0,0,0,0,-1.0000,2.0000,,45
74.2055,-1,0,0,0,0,-1.0000,1.0000,,45
74.2256,-1,0,0,0,0,-1.0000,1.0000,,45
74.2474,-1,0,0,0,0,-1.0000,1.0000,,45
74.2693,-1,0,0,0,0,-1.0000,1.0000,,45
74.2931,-1,0,0,0,0,-1.0000,1.0000,,45
74.3157,-1,0,0,0,0,-1.0000,1.0000,,45
74.3570,-1,0,0,0,0,-1.0000,1.0000,,45
74.3670,-1,0,0,0,0,-1.0000,1.0000,,45
74.3825,-1,0,0,0,0,-1.0000,1.0000,,45
74.4040,-1,0,0,0,0,-1.0000,1.0000,,45
74.4253,-1,0,0,0,0,-1.0000,1.0000,,45
74.4473,-1,0,0,0,0,-1.0000,1.0000,,45
74.4700,-1,0,0,0,0,-1.0000,1.0000,,45
74.4928,-1,0,0,0,0,-1.0000,1.0000,,45
74.5149,-1,0,0,0,0,-1.0000,1.0000,,45
74.5364,-1,0,0,0,0,-1.0000,1.0000,,45
74.5576,-1,0,0,0,0,-1.0000,1.0000,,45
74.5790,-1,0,0,0,0,-1.0000,1.0000,,45
74.6194,-1,0,0,0,0,-1.0000,1.0000,,45
74.6298,-1,0,0,0,0,-1.0000,1.0000,,45
74.6467,-1,0,0,0,0,-1.0000,1.0000,,45
74.6689,-1,0,0,0,0,-1.0000,1.0000,,45
74.6909,-1,0,0,0,0,-1.0000,1.0000,,45
74.7122,-1,0,0,0,0,-1.0000,1.0000,,45
74.7336,-1,0,0,0,0,-1.0000,1.0000,,45
74.7561,-1,0,0,0,0,-1.0000,1.0000,,45
74.7955,-1,0,0,0,0,-1.0000,1.0000,,45
74.8052,-1,0,0,0,0,-1.0000,1.0000,,45
74.8234,-1,0,0,0,0,-1.0000,1.0000,,45
74.8448,-1,0,0,0,0,-1.0000,1.0000,,45
74.8668,-1,0,0,0,0,-1.0000,1.0000,,45
74.8882,-1,0,0,0,0,-1.0000,1.0000,,45
74.9095,-1,0,0,0,0,-1.0000,1.0000,,45
74.9297,-1,0,0,0,0,-1.0000,1.0000,,45
74.9517,-1,0,0,0,0,-1.0000,1.0000,,45
74.9736,-1,0,0,0,0,-1.0000,1.0000,,45
74.9946,-1,0,0,0,0,-1.0000,1.0000,,45
75.0150,-1,0,0,0,0,-1.0000,1.0000,,45
75.0367,-1,0,0,0,0,-1.0000,1.0000,,45
75.0588,-1,0,0,0,0,-1.0000,1.0000,,45
75.0802,-1,0,0,0,0,-1.0000,0.0000,,45
75.1196,-1,0,0,0,0,-1.0000,0.0000,,45
75.1292,-1,0,0,0,0,-1.0000,0.0000,,45
75.1470,-1,0,0,0,0,-1.0000,0.0000,,45
75.1683,-1,0,0,0,0,-1.0000,0.0000,,45
75.1908,-1,0,0,0,0,-1.0000,0.0000,,45
75.2309,-1,0,0,0,0,-1.0000,0.0000,,45
75.2405,-1,0,0,0,0,-1.0000,0.0000,,45
75.2593,-1,0,0,0,0,-1.0000,0.0000,,45
75.2813,-1,0,0,0,0,-1.0000,0.0000,,45
75.3051,-1,0,0,0,0,-1.0000,0.0000,,45
75.3292,-1,0,0,0,0,-1.0000,0.0000,,45
75.3496,-1,0,0,0,0,-1.0000,0.0000,,45
75.3717,-1,0,0,0,0,-1.0000,0.0000,,45
75.3936,-1,0,0,0,0,-1.0000,0.0000,,45
75.4162,-1,0,0,0,0,-1.0000,0.0000,,45
75.4370,-1,0,0,0,0,-1.0000,0.0000,,45
75.4596,-1,0,0,0,0,-1.0000,0.0000,,45
75.4815,-1,0,0,0,0,-1.0000,0.0000,,45
75.5036,-1,0,0,0,0,-1.0000,0.0000,,45
75.5271,-1,0,0,0,0,-1.0000,0.0000,,45
75.5479,-1,0,0,0,0,-1.0000,0.0000,,45
75.5695,-1,0,0,0,0,-1.0000,0.0000,,45
75.5922,-1,0,0,0,0,-1.0000,0.0000,,45
75.6296,-1,0,0,0,1,-1.0000,2.0000,,45
75.6409,-1,0,0,0,1,-1.0000,3.0000,,45
75.6576,-1,0,0,0,0,-1.0000,3.0000,,45
75.6797,-1,0,0,0,0,-1.0000,3.0000,,45
75.7021,-1,0,0,0,0,-1.0000,3.0000,,45
75.7240,-1,0,0,0,0,-1.0000,3.0000,,45
75.7469,-1,0,0,0,0,-1.0000,3.0000,,45
75.7689,-1,0,0,0,0,-1.0000,3.0000,,45
75.7897,-1,0,0,0,0,-1.0000,3.0000,,45
75.8117,-1,0,0,0,0,-1.0000,3.0000,,45
75.8351,-1,0,0,0,0,-1.0000,3.0000,,45
75.8567,-1,0,0,0,0,-1.0000,3.0000,,45
75.8785,-1,0,0,0,0,-1.0000,3.0000,,45
75.9002,-1,0,0,0,0,-1.0000,3.0000,,45
75.9222,-1,0,0,0,0,-1.0000,3.0000,,45
75.9405,-1,0,0,0,0,-1.0000,3.0000,,45
75.9650,-1,0,0,0,0,-1.0000,3.0000,,45
75.9856,-1,0,0,0,0,-1.0000,3.0000,,45
76.0073,-1,0,0,0,0,-1.0000,3.0000,,45
76.0286,-1,0,0,0,0,-1.0000,3.0000,,45
76.0517,-1,0,0,0,0,-1.0000,3.0000,,45
76.0725,-1,0,0,0,0,-1.0000,3.0000,,45
76.0945,-1,0,0,0,0,-1.0000,3.0000,,45
76.1372,-1,0,0,0,0,-1.0000,3.0000,,45
76.1487,-1,0,0,0,0,-1.0000,3.0000,,45
76.1631,-1,0,0,0,0,-1.0000,3.0000,,45
76.1863,-1,0,0,0,0,-1.0000,3.0000,,45
76.2078,-1,0,0,0,0,-1.0000,3.0000,,45
76.2267,-1,0,0,0,0,-1.0000,3.0000,,45
76.2484,-1,0,0,0,0,-1.0000,3.0000,,45
76.2696,-1,0,0,0,0,-1.0000,3.0000,,45
76.2915,-1,0,0,0,0,-1.0000,3.0000,,45
76.3129,-1,0,0,0,0,-1.0000,3.0000,,45
76.3342,-1,0,0,0,0,-1.0000,3.0000,,45
76.3582,-1,0,0,0,0,-1.0000,3.0000,,45
76.3791,-1,0,0,0,0,-1.0000,3.0000,,45
76.4009,-1,0,0,0,0,-1.0000,3.0000,,45
76.4227,-1,0,0,0,0,-1.0000,3.0000,,45
76.4442,-1,0,0,0,0,-1.0000,3.0000,,45
76.4660,-1,0,0,0,0,-1.0000,3.0000,,45
76.4875,-1,0,0,0,0,-1.0000,3.0000,,45
76.5090,-1,0,0,0,0,-1.0000,3.0000,,45
76.5308,-1,0,0,0,0,-1.0000,3.0000,,45
76.5518,-1,0,0,0,0,-1.0000,3.0000,,45
76.5734,-1,0,0,0,0,-1.0000,3.0000,,45
76.5951,-1,0,0,0,0,-1.0000,3.0000,,45
76.6345,-1,0,0,0,0,-1.0000,1.0000,,45
76.6432,-1,0,0,0,0,-1.0000,0.0000,,45
76.6617,-1,0,0,0,0,-1.0000,0.0000,,45
76.6827,-1,0,0,0,0,-1.0000,0.0000,,45
76.7048,-1,0,0,0,0,-1.0000,0.0000,,45
76.7452,-1,0,0,0,0,-1.0000,0.0000,,45
76.7551,-1,0,0,0,0,-1.0000,0.0000,,45
76.7708,-1,0,0,0,0,-1.0000,0.0000,,45
76.7913,-1,0,0,0,0,-1.0000,0.0000,,45
76.8136,-1,0,0,0,0,-1.0000,0.0000,,45
76.8359,-1,0,0,0,0,-1.0000,0.0000,,45
76.8573,-1,0,0,0,0,-1.0000,0.0000,,45
76.8793,-1,0,0,0,0,-1.0000,0.0000,,45
76.9008,-1,0,0,0,0,-1.0000,0.0000,,46
76.9232,-1,0,0,0,0,-1.0000,0.0000,,46
76.9633,-1,0,0,0,0,-1.0000,0.0000,,46
76.9732,-1,0,0,0,0,-1.0000,0.0000,,46
76.9904,-1,0,0,0,0,-1.0000,0.0000,,46
77.0125,-1,0,0,0,0,-1.0000,0.0000,,46
77.0345,-1,0,0,0,0,-1.0000,0.0000,,46
77.0562,-1,0,0,0,0,-1.0000,0.0000,,46
77.0786,-1,0,0,0,0,-1.0000,0.0000,,46
77.1007,-1,0,0,0,0,-1.0000,0.0000,,46
77.1416,-1,0,0,0,0,-1.0000,0.0000,,46
77.1507,-1,0,0,0,0,-1.0000,0.0000,,46
77.1688,-1,0,0,0,0,-1.0000,0.0000,,46
77.1904,-1,0,0,0,0,-1.0000,0.0000,,46
77.2128,-1,0,0,0,0,-1.0000,0.0000,,46
77.2344,-1,0,0,0,0,-1.0000,0.0000,,46
77.2561,-1,0,0,0,0,-1.0000,0.0000,,46
77.2779,-1,0,0,0,0,-1.0000,0.0000,,46
77.3000,-1,0,0,0,0,-1.0000,0.0000,,46
77.3211,-1,0,0,0,0,-1.0000,0.0000,,46
77.3431,-1,0,0,0,0,-1.0000,0.0000,,46
77.3653,-1,0,0,0,0,-1.0000,0.0000,,46
77.3878,-1,0,0,0,0,-1.0000,0.0000,,46
77.4098,-1,0,0,0,0,-1.0000,0.0000,,46
77.4317,-1,0,0,0,0,-1.0000,0.0000,,46
77.4534,-1,0,0,0,0,-1.0000,0.0000,,46
77.4750,-1,0,0,0,0,-1.0000,0.0000,,46
77.4970,-1,0,0,0,0,-1.0000,0.0000,,46
77.5185,-1,0,0,0,0,-1.0000,0.0000,,46
77.5396,-1,0,0,0,0,-1.0000,0.0000,,46
77.5605,-1,0,0,0,0,-1.0000,0.0000,,46
77.6020,-1,0,0,0,0,-1.0000,0.0000,,46
77.6267,-1,0,0,0,0,-1.0000,0.0000,,46
77.6357,-1,0,0,0,0,-1.0000,0.0000,,46
77.6534,-1,0,0,0,0,-1.0000,0.0000,,46
77.6755,-1,0,0,0,0,-1.0000,0.0000,,46
77.6978,-1,0,0,0,0,-1.0000,0.0000,,46
77.7197,-1,0,0,0,0,-1.0000,0.0000,,46
77.7415,-1,0,0,0,0,-1.0000,0.0000,,46
77.7627,-1,0,0,0,0,-1.0000,0.0000,,46
77.7846,-1,0,0,0,0,-1.0000,0.0000,,46
77.8058,-1,0,0,0,0,-1.0000,0.0000,,46
77.8274,-1,0,0,0,0,-1.0000,0.0000,,46
77.8490,-1,0,0,0,0,-1.0000,0.0000,,46
77.8692,-1,0,0,0,0,-1.0000,0.0000,,47
77.8912,-1,0,0,0,0,-1.0000,0.0000,,47
77.9139,-1,0,0,0,0,-1.0000,0.0000,,47
77.9357,-1,0,0,0,0,-1.0000,0.0000,,47
77.9576,-1,0,0,0,0,-1.0000,0.0000,,47
77.9796,-1,0,0,0,0,-1.0000,0.0000,,47
78.0201,-1,0,0,0,0,-1.0000,0.0000,,47
78.0299,-1,0,0,0,0,-1.0000,0.0000,,47
78.0477,-1,0,0,0,0,-1.0000,0.0000,,47
78.0687,-1,0,0,0,0,-1.0000,0.0000,,47
78.0919,-1,0,0,0,0,-1.0000,0.0000,,47
78.1136,-1,0,0,0,0,-1.0000,0.0000,,47
78.1547,-1,0,0,0,0,-1.0000,0.0000,,47
78.1635,-1,0,0,0,0,-1.0000,0.0000,,47
78.1813,-1,0,0,0,0,-1.0000,0.0000,,47
78.2214,-1,0,0,0,0,-1.0000,0.0000,,47
78.2306,-1,0,0,0,0,-1.0000,0.0000,,47
78.2486,-1,0,0,0,0,-1.0000,0.0000,,47
78.2697,-1,0,0,0,0,-1.0000,0.0000,,47
78.2913,-1,0,0,0,0,-1.0000,0.0000,,47
78.3137,-1,0,0,0,0,-1.0000,0.0000,,47
78.3355,-1,0,0,0,0,-1.0000,0.0000,,47
78.3578,-1,0,0,0,0,-1.0000,0.0000,,47
78.3800,-1,0,0,0,0,-1.0000,0.0000,,47
78.4026,-1,0,0,0,0,-1.0000,0.0000,,47
78.4245,-1,0,0,0,0,-1.0000,0.0000,,47
78.4467,-1,0,0,0,0,-1.0000,0.0000,,47
78.4683,-1,0,0,0,0,-1.0000,0.0000,,47
78.4898,-1,0,0,0,0,-1.0000,0.0000,,47
78.5120,-1,0,0,0,0,-1.0000,0.0000,,47
78.5333,-1,0,0,0,0,-1.0000,0.0000,,47
78.5559,-1,0,0,0,0,-1.0000,0.0000,,47
78.5769,-1,0,0,0,0,-1.0000,0.0000,,47
78.5985,-1,0,0,0,0,-1.0000,0.0000,,47
78.6205,-1,0,0,0,0,-1.0000,0.0000,,47
78.6599,-1,0,0,0,0,-1.0000,0.0000,,47
78.6700,-1,0,0,0,0,-1.0000,0.0000,,47
78.6870,-1,0,0,0,0,-1.0000,0.0000,,47
78.7086,-1,0,0,0,0,-1.0000,0.0000,,47
78.7297,-1,0,0,0,0,-1.0000,0.0000,,47
78.7510,-1,0,0,0,0,-1.0000,0.0000,,47
78.7721,-1,0,0,0,0,-1.0000,0.0000,,47
78.7934,-1,0,0,0,0,-1.0000,0.0000,,47
78.8299,-1,0,0,0,0,-1.0000,0.0000,,47
78.8657,-1,0,0,0,0,-1.0000,0.0000,,47
78.8751,-1,0,0,0,0,-1.0000,0.0000,,47
78.8886,-1,0,0,0,0,-1.0000,0.0000,,47
78.9395,-1,0,0,0,0,-1.0000,0.0000,,47
78.9591,-1,0,0,0,0,-1.0000,0.0000,,47
78.9784,-1,0,0,0,0,-1.0000,0.0000,,47
79.0068,-1,0,0,0,1,-1.0000,1.0000,,47
79.0270,-1,0,0,0,0,-1.0000,1.0000,,47
79.0459,-1,0,0,0,0,-1.0000,1.0000,,47
79.0636,-1,0,0,0,0,-1.0000,1.0000,,47
79.0924,-1,0,0,0,0,-1.0000,1.0000,,47
79.1113,-1,0,0,0,0,-1.0000,1.0000,,47
79.1309,-1,0,0,0,0,-1.0000,1.0000,,47
79.1664,-1,0,0,0,0,-1.0000,1.0000,,47
79.1754,-1,0,0,0,0,-1.0000,1.0000,,47
79.1930,-1,0,0,0,0,-1.0000,1.0000,,47
79.2121,-1,0,0,0,0,-1.0000,1.0000,,47
79.2325,-1,0,0,0,0,-1.0000,1.0000,,47
79.2516,-1,0,0,0,0,-1.0000,1.0000,,47
79.2712,-1,0,0,0,0,-1.0000,1.0000,,47
79.2900,-1,0,0,0,0,-1.0000,1.0000,,47
79.3102,-1,0,0,0,0,-1.0000,1.0000,,47
79.3293,-1,0,0,0,0,-1.0000,1.0000,,47
79.3488,-1,0,0,0,0,-1.0000,1.0000,,47
79.3681,-1,0,0,0,0,-1.0000,1.0000,,47
79.3940,-1,0,0,0,0,-1.0000,1.0000,,47
79.4134,-1,0,0,0,0,-1.0000,1.0000,,47
79.4342,-1,0,0,0,0,-1.0000,1.0000,,47
79.4525,-1,0,0,0,0,-1.0000,1.0000,,47
79.4970,-1,0,0,0,0,-1.0000,1.0000,,47
79.5064,-1,0,0,0,0,-1.0000,1.0000,,47
79.5225,-1,0,0,0,0,-1.0000,1.0000,,47
79.5429,-1,0,0,0,0,-1.0000,1.0000,,47
79.5604,-1,0,0,0,0,-1.0000,1.0000,,47
79.5973,-1,0,0,0,0,-1.0000,1.0000,,47
79.6172,-1,0,0,0,1,-1.0000,2.0000,,47
79.6376,-1,0,0,0,0,-1.0000,2.0000,,47
79.6750,-1,0,0,0,0,-1.0000,2.0000,,47
79.6978,-1,0,0,0,0,-1.0000,2.0000,,47
79.7071,-1,0,0,0,0,-1.0000,2.0000,,47
79.7229,-1,0,0,0,0,-1.0000,2.0000,,47
79.7439,-1,0,0,0,0,-1.0000,2.0000,,47
79.7636,-1,0,0,0,0,-1.0000,2.0000,,47
79.7890,-1,0,0,0,0,-1.0000,2.0000,,48
79.8088,-1,0,0,0,0,-1.0000,2.0000,,48
79.8290,-1,0,0,0,0,-1.0000,2.0000,,48
79.8491,-1,0,0,0,0,-1.0000,2.0000,,48
79.8696,-1,0,0,0,0,-1.0000,2.0000,,48
79.8900,-1,0,0,0,0,-1.0000,2.0000,,48
79.9285,-1,0,0,0,0,-1.0000,2.0000,,48
79.9387,-1,0,0,0,0,-1.0000,2.0000,,48
79.9548,-1,0,0,0,0,-1.0000,2.0000,,48
79.9752,-1,0,0,0,0,-1.0000,2.0000,,48
79.9965,-1,0,0,0,0,-1.0000,2.0000,,48
80.0161,-1,0,0,0,0,-1.0000,1.0000,,48
80.0364,-1,0,0,0,0,-1.0000,1.0000,,48
80.0569,-1,0,0,0,0,-1.0000,1.0000,,48
80.0784,-1,0,0,0,0,-1.0000,1.0000,,48
80.0986,-1,0,0,0,1,-1.0000,2.0000,,48
80.1207,-1,0,0,0,0,-1.0000,2.0000,,48
80.1417,-1,0,0,0,0,-1.0000,2.0000,,48
80.1899,-1,0,0,0,0,-1.0000,2.0000,,48
80.2001,-1,0,0,0,0,-1.0000,2.0000,,48
80.2165,-1,0,0,0,0,-1.0000,2.0000,,48
80.2392,-1,0,0,0,0,-1.0000,2.0000,,48
80.2621,-1,0,0,0,1,-1.0000,3.0000,,48
80.2849,-1,0,0,0,1,-1.0000,4.0000,,48
80.3082,-1,0,0,0,0,-1.0000,4.0000,,48
80.3306,-1,0,0,0,0,-1.0000,4.0000,,48
80.3541,-1,0,0,0,0,-1.0000,4.0000,,48
80.3766,-1,0,0,0,0,-1.0000,4.0000,,48
80.3998,-1,0,0,0,0,-1.0000,4.0000,,48
80.4223,-1,0,0,0,0,-1.0000,4.0000,,48
80.4463,-1,0,0,0,0,-1.0000,4.0000,,48
80.4707,-1,0,0,0,0,-1.0000,4.0000,,48
80.4931,-1,0,0,0,0,-1.0000,4.0000,,48
80.5158,-1,0,0,0,0,-1.0000,4.0000,,48
80.5372,-1,0,0,0,0,-1.0000,4.0000,,48
80.5596,-1,0,0,0,1,-1.0000,5.0000,,48
80.5831,-1,0,0,0,0,-1.0000,5.0000,,48
80.6040,-1,0,0,0,0,-1.0000,5.0000,,48
80.6256,-1,0,0,0,0,-1.0000,4.0000,,48
80.6470,-1,0,0,0,0,-1.0000,4.0000,,48
80.6871,-1,0,0,0,0,-1.0000,4.0000,,48
80.6971,-1,0,0,0,0,-1.0000,4.0000,,48
80.7136,-1,0,0,0,0,-1.0000,4.0000,,48
80.7346,-1,0,0,0,0,-1.0000,4.0000,,48
80.7741,-1,0,0,0,0,-1.0000,4.0000,,48
80.7842,-1,0,0,0,0,-1.0000,4.0000,,48
80.8001,-1,0,0,0,0,-1.0000,4.0000,,48
80.8216,-1,0,0,0,0,-1.0000,4.0000,,48
80.8426,-1,0,0,0,0,-1.0000,4.0000,,48
80.8637,-1,0,0,0,0,-1.0000,4.0000,,48
80.8846,-1,0,0,0,0,-1.0000,4.0000,,48
80.9050,-1,0,0,0,1,-1.0000,6.0000,,48
80.9266,-1,0,0,0,1,-1.0000,7.0000,,48
80.9476,-1,0,0,0,0,-1.0000,7.0000,,48
80.9653,-1,0,0,0,0,-1.0000,7.0000,,48
80.9944,-1,0,0,0,0,-1.0000,7.0000,,48
81.0152,-1,0,0,0,0,-1.0000,7.0000,,48
81.0364,-1,0,0,0,0,-1.0000,7.0000,,48
81.0576,-1,0,0,0,0,-1.0000,7.0000,,48
81.0784,-1,0,0,0,0,-1.0000,7.0000,,48
81.1005,-1,0,0,0,0,-1.0000,6.0000,,48
81.1217,-1,0,0,0,0,-1.0000,6.0000,,48
81.1422,-1,0,0,0,0,-1.0000,6.0000,,48
81.1634,-1,0,0,0,0,-1.0000,6.0000,,48
81.2030,-1,0,0,0,0,-1.0000,6.0000,,48
81.2133,-1,0,0,0,0,-1.0000,6.0000,,48
81.2270,-1,0,0,0,0,-1.0000,6.0000,,48
81.2480,-1,0,0,0,1,-1.0000,7.0000,,48
81.2696,-1,0,0,0,0,-1.0000,6.0000,,48
81.2907,-1,0,0,0,0,-1.0000,5.0000,,48
81.3146,-1,0,0,0,0,-1.0000,5.0000,,48
81.3367,-1,0,0,0,0,-1.0000,5.0000,,48
81.3605,-1,0,0,0,0,-1.0000,5.0000,,49
81.3816,-1,0,0,0,0,-1.0000,5.0000,,49
81.4193,-1,0,0,0,0,-1.0000,5.0000,,49
81.4305,-1,0,0,0,0,-1.0000,5.0000,,49
81.4454,-1,0,0,0,0,-1.0000,5.0000,,49
81.4670,-1,0,0,0,0,-1.0000,5.0000,,49
81.4905,-1,0,0,0,0,-1.0000,5.0000,,49
81.5102,-1,0,0,0,0,-1.0000,5.0000,,49
81.5303,-1,0,0,0,0,-1.0000,5.0000,,49
81.5510,-1,0,0,0,0,-1.0000,5.0000,,49
81.5708,-1,0,0,0,0,-1.0000,4.0000,,49
81.5921,-1,0,0,0,0,-1.0000,4.0000,,49
81.6135,-1,0,0,0,0,-1.0000,4.0000,,49
81.6331,-1,0,0,0,0,-1.0000,4.0000,,49
81.6530,-1,0,0,0,0,-1.0000,4.0000,,49
81.6737,-1,0,0,0,0,-1.0000,4.0000,,49
81.7114,-1,0,0,0,0,-1.0000,4.0000,,49
81.7222,-1,0,0,0,0,-1.0000,4.0000,,49
81.7374,-1,0,0,0,0,-1.0000,4.0000,,49
81.7582,-1,0,0,0,1,-1.0000,5.0000,,49
81.7788,-1,0,0,0,1,-1.0000,6.0000,,49
81.8003,-1,0,0,0,1,-1.0000,7.0000,,49
81.8381,-1,0,0,0,0,-1.0000,7.0000,,49
81.8479,-1,0,0,0,0,-1.0000,7.0000,,49
81.8638,-1,0,0,0,0,-1.0000,7.0000,,49
81.8843,-1,0,0,0,0,-1.0000,7.0000,,49
81.9054,-1,0,0,0,0,-1.0000,5.0000,,49
81.9266,-1,0,0,0,0,-1.0000,4.0000,,49
81.9476,-1,0,0,0,0,-1.0000,4.0000,,49
81.9686,-1,0,0,0,0,-1.0000,4.0000,,49
81.9899,-1,0,0,0,0,-1.0000,4.0000,,49
82.0097,-1,0,0,0,0,-1.0000,4.0000,,49
82.0307,-1,0,0,0,0,-1.0000,4.0000,,49
82.0515,-1,0,0,0,0,-1.0000,4.0000,,49
82.0722,-1,0,0,0,1,-1.0000,5.0000,,49
82.0941,-1,0,0,0,0,-1.0000,5.0000,,49
82.1148,-1,0,0,0,0,-1.0000,5.0000,,49
82.1372,-1,0,0,0,0,-1.0000,5.0000,,49
82.1579,-1,0,0,0,0,-1.0000,5.0000,,49
82.1788,-1,0,0,0,0,-1.0000,5.0000,,49
82.2175,-1,0,0,0,0,-1.0000,5.0000,,49
82.2274,-1,0,0,0,0,-1.0000,5.0000,,49
82.2426,-1,0,0,0,0,-1.0000,5.0000,,49
82.2641,-1,0,0,0,0,-1.0000,4.0000,,49
82.2843,-1,0,0,0,0,-1.0000,4.0000,,49
82.3060,-1,0,0,0,0,-1.0000,4.0000,,49
82.3268,-1,0,0,0,0,-1.0000,4.0000,,49
82.3471,-1,0,0,0,1,-1.0000,5.0000,,49
82.3672,-1,0,0,0,0,-1.0000,5.0000,,49
82.3876,-1,0,0,0,0,-1.0000,5.0000,,49
82.4074,-1,0,0,0,0,-1.0000,5.0000,,49
82.4294,-1,0,0,0,0,-1.0000,5.0000,,49
82.4499,-1,0,0,0,0,-1.0000,5.0000,,49
82.4703,-1,0,0,0,0,-1.0000,5.0000,,49
82.4901,-1,0,0,0,0,-1.0000,5.0000,,50
82.5127,-1,0,0,0,0,-1.0000,5.0000,,50
82.5386,-1,0,0,0,0,-1.0000,5.0000,,50
82.5597,-1,0,0,0,0,-1.0000,5.0000,,50
82.5816,-1,0,0,0,0,-1.0000,5.0000,,50
82.6030,-1,0,0,0,0,-1.0000,5.0000,,50
82.6241,-1,0,0,0,1,-1.0000,7.0000,,50
82.6450,-1,0,0,0,1,-1.0000,8.0000,,50
82.6850,-1,0,0,0,0,-1.0000,8.0000,,50
82.7092,-1,0,0,0,0,-1.0000,8.0000,,50
82.7186,-1,0,0,0,0,-1.0000,8.0000,,50
82.7354,-1,0,0,0,0,-1.0000,8.0000,,50
82.7563,-1,0,0,0,0,-1.0000,8.0000,,50
82.7778,-1,0,0,0,0,-1.0000,7.0000,,50
82.7982,-1,0,0,0,0,-1.0000,6.0000,,50
82.8191,-1,0,0,0,0,-1.0000,5.0000,,50
82.8399,-1,0,0,0,0,-1.0000,5.0000,,50
82.8609,-1,0,0,0,0,-1.0000,5.0000,,50
82.8821,-1,0,0,0,0,-1.0000,5.0000,,50
82.9035,-1,0,0,0,1,-1.0000,6.0000,,50
82.9246,-1,0,0,0,0,-1.0000,6.0000,,50
82.9452,-1,0,0,0,0,-1.0000,6.0000,,50
82.9655,-1,0,0,0,0,-1.0000,6.0000,,50
82.9862,-1,0,0,0,0,-1.0000,6.0000,,50
83.0069,-1,0,0,0,0,-1.0000,6.0000,,50
83.0270,-1,0,0,0,0,-1.0000,6.0000,,50
83.0482,-1,0,0,0,0,-1.0000,6.0000,,50
83.0697,-1,0,0,0,0,-1.0000,6.0000,,50
83.0908,-1,0,0,0,0,-1.0000,5.0000,,50
83.1121,-1,0,0,0,0,-1.0000,5.0000,,50
83.1320,-1,0,0,0,0,-1.0000,5.0000,,50
83.1521,-1,0,0,0,1,-1.0000,6.0000,,50
83.1727,-1,0,0,0,0,-1.0000,6.0000,,50
83.1933,-1,0,0,0,0,-1.0000,6.0000,,50
83.2321,-1,0,0,0,0,-1.0000,6.0000,,50
83.2423,-1,0,0,0,0,-1.0000,6.0000,,50
83.2583,-1,0,0,0,0,-1.0000,6.0000,,50
83.2795,-1,0,0,0,0,-1.0000,6.0000,,50
83.3006,-1,0,0,0,0,-1.0000,6.0000,,50
83.3207,-1,0,0,0,0,-1.0000,6.0000,,50
83.3409,-1,0,0,0,0,-1.0000,6.0000,,50
83.3616,-1,0,0,0,0,-1.0000,5.0000,,50
83.3820,-1,0,0,0,0,-1.0000,5.0000,,50
83.4030,-1,0,0,0,1,-1.0000,6.0000,,50
83.4245,-1,0,0,0,0,-1.0000,6.0000,,50
83.4442,-1,0,0,0,0,-1.0000,6.0000,,50
83.4639,-1,0,0,0,0,-1.0000,6.0000,,50
83.4848,-1,0,0,0,0,-1.0000,6.0000,,50
83.5050,-1,0,0,0,0,-1.0000,6.0000,,50
83.5273,-1,0,0,0,0,-1.0000,6.0000,,50
83.5486,-1,0,0,0,0,-1.0000,6.0000,,50
83.5692,-1,0,0,0,0,-1.0000,6.0000,,50
83.5893,-1,0,0,0,0,-1.0000,6.0000,,50
83.6097,-1,0,0,0,0,-1.0000,6.0000,,50
83.6297,-1,0,0,0,0,-1.0000,4.0000,,50
83.6504,-1,0,0,0,0,-1.0000,3.0000,,50
83.6709,-1,0,0,0,1,-1.0000,5.0000,,50
83.6925,-1,0,0,0,1,-1.0000,6.0000,,50
83.7124,-1,0,0,0,0,-1.0000,6.0000,,50
83.7516,-1,0,0,0,0,-1.0000,6.0000,,50
83.7619,-1,0,0,0,0,-1.0000,6.0000,,50
83.7770,-1,0,0,0,0,-1.0000,6.0000,,50
83.7983,-1,0,0,0,0,-1.0000,6.0000,,50
83.8194,-1,0,0,0,0,-1.0000,6.0000,,50
83.8424,-1,0,0,0,0,-1.0000,6.0000,,50
83.8616,-1,0,0,0,1,-1.0000,7.0000,,50
83.8822,-1,0,0,0,0,-1.0000,7.0000,,50
83.9032,-1,0,0,0,0,-1.0000,7.0000,,50
83.9435,-1,0,0,0,0,-1.0000,6.0000,,50
83.9543,-1,0,0,0,0,-1.0000,6.0000,,50
83.9703,-1,0,0,0,0,-1.0000,6.0000,,50
83.9929,-1,0,0,0,0,-1.0000,6.0000,,50
84.0157,-1,0,0,0,0,-1.0000,6.0000,,50
84.0386,-1,0,0,0,0,-1.0000,6.0000,,51
84.0615,-1,0,0,0,1,-1.0000,7.0000,,51
84.0846,-1,0,0,0,0,-1.0000,7.0000,,51
84.1084,-1,0,0,0,0,-1.0000,7.0000,,51
84.1519,-1,0,0,0,1,-1.0000,8.0000,,51
84.1627,-1,0,0,0,0,-1.0000,7.0000,,51
84.1811,-1,0,0,0,0,-1.0000,7.0000,,51
84.2045,-1,0,0,0,0,-1.0000,7.0000,,51
84.2271,-1,0,0,0,0,-1.0000,7.0000,,51
84.2701,-1,0,0,0,0,-1.0000,7.0000,,51
84.2805,-1,0,0,0,0,-1.0000,7.0000,,51
84.2956,-1,0,0,0,0,-1.0000,7.0000,,51
84.3163,-1,0,0,0,1,-1.0000,9.0000,,51
84.3545,-1,0,0,0,1,-1.0000,10.0000,,51
84.3641,-1,0,0,0,0,-1.0000,10.0000,,51
84.3808,-1,0,0,0,0,-1.0000,10.0000,,51
84.4019,-1,0,0,0,0,-1.0000,10.0000,,51
84.4226,-1,0,0,0,0,-1.0000,9.0000,,51
84.4428,-1,0,0,0,1,-1.0000,10.0000,,52
84.4623,-1,0,0,0,0,-1.0000,10.0000,,52
84.4837,-1,0,0,0,0,-1.0000,10.0000,,52
84.5040,-1,0,0,0,0,-1.0000,10.0000,,52
84.5249,-1,0,0,0,0,-1.0000,10.0000,,52
84.5629,-1,0,0,0,0,-1.0000,10.0000,,52
84.5735,-1,0,0,0,0,-1.0000,10.0000,,52
84.5895,-1,0,0,0,0,-1.0000,10.0000,,52
84.6101,-1,0,0,0,0,-1.0000,10.0000,,52
84.6302,-1,0,0,0,0,-1.0000,10.0000,,52
84.6502,-1,0,0,0,0,-1.0000,10.0000,,52
84.6701,-1,0,0,0,1,-1.0000,11.0000,,52
84.6907,-1,0,0,0,0,-1.0000,9.0000,,52
84.7115,-1,0,0,0,0,-1.0000,8.0000,,52
84.7316,-1,0,0,0,0,-1.0000,8.0000,,52
84.7690,-1,0,0,0,0,-1.0000,8.0000,,52
84.7784,-1,0,0,0,0,-1.0000,8.0000,,52
84.7930,-1,0,0,0,1,-1.0000,9.0000,,52
84.8129,-1,0,0,0,0,-1.0000,9.0000,,52
84.8344,-1,0,0,0,0,-1.0000,9.0000,,52
84.8541,-1,0,0,0,0,-1.0000,9.0000,,52
84.8742,-1,0,0,0,0,-1.0000,8.0000,,52
84.8935,-1,0,0,0,0,-1.0000,8.0000,,52
84.9137,-1,0,0,0,0,-1.0000,8.0000,,52
84.9346,-1,0,0,0,0,-1.0000,8.0000,,52
84.9548,-1,0,0,0,0,-1.0000,8.0000,,52
84.9739,-1,0,0,0,0,-1.0000,8.0000,,52
84.9934,-1,0,0,0,0,-1.0000,8.0000,,52
85.0140,-1,0,0,0,0,-1.0000,8.0000,,52
85.0351,-1,0,0,0,1,-1.0000,9.0000,,52
85.0546,-1,0,0,0,0,-1.0000,9.0000,,52
85.0741,-1,0,0,0,0,-1.0000,8.0000,,52
85.0934,-1,0,0,0,0,-1.0000,8.0000,,52
85.1130,-1,0,0,0,0,-1.0000,8.0000,,52
85.1345,-1,0,0,0,0,-1.0000,8.0000,,52
85.1546,-1,0,0,0,0,-1.0000,7.0000,,52
85.1924,-1,0,0,0,0,-1.0000,7.0000,,52
85.2025,-1,0,0,0,0,-1.0000,7.0000,,52
85.2171,-1,0,0,0,0,-1.0000,7.0000,,52
85.2377,-1,0,0,0,0,-1.0000,7.0000,,52
85.2751,-1,0,0,0,0,-1.0000,7.0000,,52
85.2850,-1,0,0,0,1,-1.0000,8.0000,,52
85.3007,-1,0,0,0,0,-1.0000,8.0000,,52
85.3210,-1,0,0,0,0,-1.0000,6.0000,,52
85.3410,-1,0,0,0,0,-1.0000,6.0000,,52
85.3607,-1,0,0,0,0,-1.0000,5.0000,,52
85.3816,-1,0,0,0,0,-1.0000,5.0000,,52
85.4007,-1,0,0,0,0,-1.0000,5.0000,,52
85.4202,-1,0,0,0,0,-1.0000,5.0000,,52
85.4414,-1,0,0,0,0,-1.0000,5.0000,,52
85.4596,-1,0,0,0,0,-1.0000,4.0000,,52
85.4799,-1,0,0,0,0,-1.0000,4.0000,,53
85.5008,-1,0,0,0,0,-1.0000,4.0000,,53
85.5196,-1,0,0,0,0,-1.0000,4.0000,,53
85.5394,-1,0,0,0,0,-1.0000,4.0000,,53
85.5599,-1,0,0,0,1,-1.0000,5.0000,,53
85.5808,-1,0,0,0,0,-1.0000,5.0000,,53
85.6247,-1,0,0,0,0,-1.0000,5.0000,,53
85.6345,-1,0,0,0,0,-1.0000,5.0000,,53
85.6508,-1,0,0,0,0,-1.0000,5.0000,,53
85.6712,-1,0,0,0,0,-1.0000,4.0000,,53
85.6908,-1,0,0,0,0,-1.0000,4.0000,,53
85.7115,-1,0,0,0,0,-1.0000,4.0000,,53
85.7315,-1,0,0,0,0,-1.0000,4.0000,,53
85.7515,-1,0,0,0,0,-1.0000,4.0000,,53
85.7887,-1,0,0,0,0,-1.0000,4.0000,,53
85.7986,-1,0,0,0,1,-1.0000,4.0000,,53
85.8141,-1,0,0,0,0,-1.0000,4.0000,,53
85.8346,-1,0,0,0,0,-1.0000,4.0000,,53
85.8557,-1,0,0,0,0,-1.0000,4.0000,,53
85.8752,-1,0,0,0,0,-1.0000,4.0000,,53
85.8956,-1,0,0,0,0,-1.0000,4.0000,,53
85.9149,-1,0,0,0,0,-1.0000,4.0000,,53
85.9360,-1,0,0,0,0,-1.0000,4.0000,,53
85.9566,-1,0,0,0,0,-1.0000,4.0000,,53
85.9770,-1,0,0,0,0,-1.0000,4.0000,,53
85.9974,-1,0,0,0,0,-1.0000,4.0000,,53
86.0155,-1,0,0,0,1,-1.0000,5.0000,,53
86.0355,-1,0,0,0,0,-1.0000,4.0000,,53
86.0568,-1,0,0,0,0,-1.0000,4.0000,,53
86.0749,-1,0,0,0,0,-1.0000,4.0000,,53
86.0939,-1,0,0,0,0,-1.0000,4.0000,,53
86.1124,-1,0,0,0,0,-1.0000,4.0000,,53
86.1334,-1,0,0,0,0,-1.0000,4.0000,,53
86.1515,-1,0,0,0,0,-1.0000,4.0000,,53
86.1705,-1,0,0,0,0,-1.0000,4.0000,,53
86.1898,-1,0,0,0,0,-1.0000,4.0000,,53
86.2070,-1,0,0,0,1,-1.0000,5.0000,,53
86.2254,-1,0,0,0,0,-1.0000,5.0000,,53
86.2452,-1,0,0,0,0,-1.0000,5.0000,,53
86.2638,-1,0,0,0,0,-1.0000,5.0000,,53
86.2990,-1,0,0,0,0,-1.0000,4.0000,,53
86.3096,-1,0,0,0,0,-1.0000,4.0000,,53
86.3233,-1,0,0,0,0,-1.0000,4.0000,,53
86.3426,-1,0,0,0,0,-1.0000,4.0000,,53
86.3605,-1,0,0,0,0,-1.0000,4.0000,,53
86.3788,-1,0,0,0,0,-1.0000,4.0000,,53
86.3979,-1,0,0,0,0,-1.0000,4.0000,,53
86.4168,-1,0,0,0,0,-1.0000,4.0000,,53
86.4346,-1,0,0,0,0,-1.0000,4.0000,,53
86.4534,-1,0,0,0,0,-1.0000,4.0000,,53
86.4722,-1,0,0,0,0,-1.0000,4.0000,,53
86.4903,-1,0,0,0,0,-1.0000,4.0000,,53
86.5091,-1,0,0,0,1,-1.0000,5.0000,,53
86.5275,-1,0,0,0,0,-1.0000,5.0000,,53
86.5456,-1,0,0,0,0,-1.0000,5.0000,,53
86.5644,-1,0,0,0,0,-1.0000,4.0000,,53
86.5826,-1,0,0,0,0,-1.0000,4.0000,,53
86.6019,-1,0,0,0,0,-1.0000,4.0000,,53
86.6207,-1,0,0,0,0,-1.0000,4.0000,,53
86.6389,-1,0,0,0,0,-1.0000,4.0000,,53
86.6568,-1,0,0,0,0,-1.0000,4.0000,,53
86.6759,-1,0,0,0,0,-1.0000,4.0000,,53
86.6947,-1,0,0,0,0,-1.0000,4.0000,,53
86.7121,-1,0,0,0,0,-1.0000,4.0000,,53
86.7307,-1,0,0,0,0,-1.0000,4.0000,,53
86.7495,-1,0,0,0,1,-1.0000,5.0000,,53
86.7667,-1,0,0,0,0,-1.0000,5.0000,,53
86.8025,-1,0,0,0,0,-1.0000,4.0000,,53
86.8126,-1,0,0,0,0,-1.0000,4.0000,,53
86.8249,-1,0,0,0,0,-1.0000,4.0000,,53
86.8594,-1,0,0,0,0,-1.0000,4.0000,,53
86.8683,-1,0,0,0,0,-1.0000,4.0000,,53
86.8830,-1,0,0,0,0,-1.0000,4.0000,,53
86.9015,-1,0,0,0,0,-1.0000,4.0000,,53
86.9213,-1,0,0,0,0,-1.0000,4.0000,,53
86.9403,-1,0,0,0,0,-1.0000,4.0000,,53
86.9596,-1,0,0,0,0,-1.0000,4.0000,,53
86.9776,-1,0,0,0,1,-1.0000,5.0000,,53
86.9965,-1,0,0,0,0,-1.0000,5.0000,,53
87.0157,-1,0,0,0,0,-1.0000,4.0000,,53
87.0333,-1,0,0,0,0,-1.0000,4.0000,,53
87.0689,-1,0,0,0,0,-1.0000,4.0000,,53
87.0777,-1,0,0,0,0,-1.0000,4.0000,,53
87.0932,-1,0,0,0,0,-1.0000,4.0000,,53
87.1119,-1,0,0,0,0,-1.0000,4.0000,,53
87.1316,-1,0,0,0,0,-1.0000,4.0000,,53
87.1499,-1,0,0,0,0,-1.0000,4.0000,,53
87.1675,-1,0,0,0,0,-1.0000,4.0000,,53
87.1877,-1,0,0,0,0,-1.0000,4.0000,,53
87.2060,-1,0,0,0,0,-1.0000,4.0000,,53
87.2242,-1,0,0,0,0,-1.0000,3.0000,,53
87.2438,-1,0,0,0,0,-1.0000,3.0000,,53
87.2618,-1,0,0,0,0,-1.0000,3.0000,,53
87.2801,-1,0,0,0,1,-1.0000,4.0000,,53
87.3163,-1,0,0,0,0,-1.0000,4.0000,,53
87.3254,-1,0,0,0,0,-1.0000,4.0000,,53
87.3396,-1,0,0,0,0,-1.0000,4.0000,,53
87.3587,-1,0,0,0,0,-1.0000,4.0000,,53
87.3770,-1,0,0,0,0,-1.0000,4.0000,,53
87.3959,-1,0,0,0,0,-1.0000,4.0000,,54
87.4151,-1,0,0,0,0,-1.0000,4.0000,,54
87.4341,-1,0,0,0,0,-1.0000,4.0000,,54
87.4550,-1,0,0,0,0,-1.0000,4.0000,,54
87.4909,-1,0,0,0,0,-1.0000,4.0000,,54
87.5002,-1,0,0,0,0,-1.0000,4.0000,,54
87.5152,-1,0,0,0,0,-1.0000,3.0000,,54
87.5354,-1,0,0,0,0,-1.0000,3.0000,,54
87.5555,-1,0,0,0,0,-1.0000,3.0000,,54
87.5754,-1,0,0,0,0,-1.0000,3.0000,,54
87.5956,-1,0,0,0,0,-1.0000,3.0000,,54
87.6154,-1,0,0,0,1,-1.0000,4.0000,,54
87.6352,-1,0,0,0,0,-1.0000,4.0000,,54
87.6557,-1,0,0,0,0,-1.0000,4.0000,,54
87.6753,-1,0,0,0,0,-1.0000,4.0000,,54
87.6941,-1,0,0,0,0,-1.0000,4.0000,,54
87.7138,-1,0,0,0,0,-1.0000,4.0000,,54
87.7372,-1,0,0,0,0,-1.0000,4.0000,,54
87.7550,-1,0,0,0,0,-1.0000,3.0000,,54
87.7751,-1,0,0,0,0,-1.0000,3.0000,,54
87.7940,-1,0,0,0,0,-1.0000,3.0000,,54
87.8314,-1,0,0,0,0,-1.0000,3.0000,,54
87.8413,-1,0,0,0,0,-1.0000,3.0000,,54
87.8573,-1,0,0,0,0,-1.0000,3.0000,,54
87.8767,-1,0,0,0,0,-1.0000,3.0000,,54
87.8963,-1,0,0,0,0,-1.0000,3.0000,,54
87.9163,-1,0,0,0,0,-1.0000,3.0000,,54
87.9362,-1,0,0,0,1,-1.0000,4.0000,,54
87.9563,-1,0,0,0,0,-1.0000,4.0000,,54
87.9759,-1,0,0,0,0,-1.0000,4.0000,,54
87.9960,-1,0,0,0,0,-1.0000,3.0000,,54
88.0141,-1,0,0,0,0,-1.0000,3.0000,,54
88.0345,-1,0,0,0,0,-1.0000,3.0000,,54
88.0547,-1,0,0,0,0,-1.0000,3.0000,,54
88.0750,-1,0,0,0,0,-1.0000,3.0000,,54
88.1114,-1,0,0,0,0,-1.0000,3.0000,,54
88.1202,-1,0,0,0,0,-1.0000,3.0000,,54
88.1367,-1,0,0,0,0,-1.0000,3.0000,,54
88.1576,-1,0,0,0,0,-1.0000,3.0000,,54
88.1771,-1,0,0,0,0,-1.0000,3.0000,,54
88.1974,-1,0,0,0,0,-1.0000,3.0000,,54
88.2167,-1,0,0,0,0,-1.0000,3.0000,,54
88.2358,-1,0,0,0,0,-1.0000,3.0000,,54
88.2564,-1,0,0,0,0,-1.0000,3.0000,,54
88.2754,-1,0,0,0,1,-1.0000,4.0000,,54
88.2960,-1,0,0,0,0,-1.0000,3.0000,,54
88.3322,-1,0,0,0,0,-1.0000,3.0000,,54
88.3414,-1,0,0,0,0,-1.0000,3.0000,,54
88.3579,-1,0,0,0,0,-1.0000,3.0000,,54
88.3782,-1,0,0,0,0,-1.0000,3.0000,,54
88.3967,-1,0,0,0,0,-1.0000,3.0000,,54
88.4168,-1,0,0,0,0,-1.0000,3.0000,,55
88.4363,-1,0,0,0,0,-1.0000,3.0000,,55
88.4569,-1,0,0,0,0,-1.0000,3.0000,,55
88.4765,-1,0,0,0,0,-1.0000,3.0000,,55
88.5131,-1,0,0,0,0,-1.0000,3.0000,,55
88.5229,-1,0,0,0,0,-1.0000,3.0000,,55
88.5363,-1,0,0,0,0,-1.0000,3.0000,,55
88.5565,-1,0,0,0,0,-1.0000,3.0000,,55
88.5768,-1,0,0,0,0,-1.0000,3.0000,,55
88.5970,-1,0,0,0,0,-1.0000,3.0000,,55
88.6173,-1,0,0,0,1,-1.0000,3.0000,,55
88.6372,-1,0,0,0,0,-1.0000,3.0000,,55
88.6574,-1,0,0,0,0,-1.0000,3.0000,,55
88.6785,-1,0,0,0,0,-1.0000,3.0000,,55
88.6972,-1,0,0,0,0,-1.0000,3.0000,,55
88.7167,-1,0,0,0,0,-1.0000,3.0000,,55
88.7365,-1,0,0,0,0,-1.0000,3.0000,,55
88.7566,-1,0,0,0,0,-1.0000,3.0000,,55
88.7764,-1,0,0,0,0,-1.0000,3.0000,,55
88.7962,-1,0,0,0,0,-1.0000,3.0000,,55
88.8331,-1,0,0,0,0,-1.0000,3.0000,,55
88.8450,-1,0,0,0,0,-1.0000,3.0000,,55
88.8586,-1,0,0,0,0,-1.0000,3.0000,,55
88.8787,-1,0,0,0,0,-1.0000,3.0000,,55
88.8987,-1,0,0,0,0,-1.0000,3.0000,,55
88.9187,-1,0,0,0,0,-1.0000,3.0000,,55
88.9389,-1,0,0,0,1,-1.0000,3.0000,,55
88.9584,-1,0,0,0,0,-1.0000,3.0000,,55
88.9795,-1,0,0,0,0,-1.0000,3.0000,,55
88.9994,-1,0,0,0,0,-1.0000,3.0000,,55
89.0189,-1,0,0,0,0,-1.0000,3.0000,,55
89.0391,-1,0,0,0,0,-1.0000,3.0000,,55
89.0583,-1,0,0,0,0,-1.0000,3.0000,,55
89.0793,-1,0,0,0,0,-1.0000,3.0000,,55
89.0998,-1,0,0,0,0,-1.0000,3.0000,,55
89.1193,-1,0,0,0,0,-1.0000,3.0000,,55
89.1394,-1,0,0,0,0,-1.0000,3.0000,,55
89.1590,-1,0,0,0,1,-1.0000,5.0000,,55
89.1802,-1,0,0,0,1,-1.0000,6.0000,,55
89.2002,-1,0,0,0,0,-1.0000,6.0000,,55
89.2203,-1,0,0,0,0,-1.0000,6.0000,,55
89.2405,-1,0,0,0,0,-1.0000,6.0000,,55
89.2601,-1,0,0,0,0,-1.0000,6.0000,,55
89.2802,-1,0,0,0,0,-1.0000,5.0000,,55
89.3011,-1,0,0,0,0,-1.0000,5.0000,,55
89.3387,-1,0,0,0,0,-1.0000,5.0000,,55
89.3495,-1,0,0,0,0,-1.0000,5.0000,,55
89.3633,-1,0,0,0,0,-1.0000,5.0000,,55
89.3842,-1,0,0,0,0,-1.0000,5.0000,,55
89.4047,-1,0,0,0,0,-1.0000,5.0000,,55
89.4257,-1,0,0,0,0,-1.0000,5.0000,,56
89.4476,-1,0,0,0,0,-1.0000,5.0000,,56
89.4683,-1,0,0,0,0,-1.0000,5.0000,,56
89.4896,-1,0,0,0,0,-1.0000,5.0000,,56
89.5278,-1,0,0,0,0,-1.0000,5.0000,,56
89.5383,-1,0,0,0,0,-1.0000,5.0000,,56
89.5532,-1,0,0,0,0,-1.0000,5.0000,,56
89.5740,-1,0,0,0,0,-1.0000,5.0000,,56
89.5946,-1,0,0,0,0,-1.0000,5.0000,,56
89.6168,-1,0,0,0,0,-1.0000,5.0000,,56
89.6382,-1,0,0,0,0,-1.0000,4.0000,,56
89.6587,-1,0,0,0,0,-1.0000,4.0000,,56
89.6803,-1,0,0,0,1,-1.0000,5.0000,,56
89.7006,-1,0,0,0,0,-1.0000,5.0000,,56
89.7197,-1,0,0,0,0,-1.0000,5.0000,,56
89.7408,-1,0,0,0,0,-1.0000,5.0000,,56
89.7611,-1,0,0,0,0,-1.0000,5.0000,,56
89.7819,-1,0,0,0,0,-1.0000,5.0000,,56
89.8032,-1,0,0,0,0,-1.0000,5.0000,,56
89.8424,-1,0,0,0,0,-1.0000,5.0000,,56
89.8526,-1,0,0,0,0,-1.0000,5.0000,,56
89.8685,-1,0,0,0,0,-1.0000,5.0000,,56
89.8886,-1,0,0,0,0,-1.0000,5.0000,,56
89.9090,-1,0,0,0,0,-1.0000,5.0000,,56
89.9474,-1,0,0,0,0,-1.0000,4.0000,,56
89.9579,-1,0,0,0,1,-1.0000,5.0000,,56
89.9727,-1,0,0,0,0,-1.0000,5.0000,,56
89.9938,-1,0,0,0,0,-1.0000,5.0000,,56
90.0148,-1,0,0,0,0,-1.0000,5.0000,,56
90.0362,-1,0,0,0,0,-1.0000,5.0000,,56
90.0567,-1,0,0,0,0,-1.0000,5.0000,,56
90.0767,-1,0,0,0,0,-1.0000,5.0000,,56
90.0974,-1,0,0,0,0,-1.0000,5.0000,,56
90.1178,-1,0,0,0,0,-1.0000,5.0000,,56
90.1385,-1,0,0,0,0,-1.0000,5.0000,,56
90.1595,-1,0,0,0,0,-1.0000,3.0000,,56
90.1806,-1,0,0,0,0,-1.0000,2.0000,,56
90.2019,-1,0,0,0,0,-1.0000,2.0000,,56
90.2217,-1,0,0,0,0,-1.0000,2.0000,,56
90.2417,-1,0,0,0,0,-1.0000,2.0000,,56
90.2628,-1,0,0,0,0,-1.0000,2.0000,,56
90.2838,-1,0,0,0,0,-1.0000,2.0000,,56
90.3039,-1,0,0,0,0,-1.0000,2.0000,,56
90.3422,-1,0,0,0,0,-1.0000,2.0000,,56
90.3525,-1,0,0,0,0,-1.0000,2.0000,,56
90.3674,-1,0,0,0,0,-1.0000,2.0000,,56
90.3881,-1,0,0,0,0,-1.0000,2.0000,,56
90.4087,-1,0,0,0,1,-1.0000,3.0000,,56
90.4292,-1,0,0,0,0,-1.0000,3.0000,,56
90.4493,-1,0,0,0,0,-1.0000,3.0000,,56
90.4699,-1,0,0,0,0,-1.0000,3.0000,,56
90.4894,-1,0,0,0,0,-1.0000,3.0000,,56
90.5103,-1,0,0,0,0,-1.0000,3.0000,,57
90.5304,-1,0,0,0,0,-1.0000,3.0000,,57
90.5507,-1,0,0,0,0,-1.0000,3.0000,,57
90.5888,-1,0,0,0,0,-1.0000,3.0000,,57
90.5992,-1,0,0,0,0,-1.0000,3.0000,,57
90.6130,-1,0,0,0,0,-1.0000,3.0000,,57
90.6416,-1,0,0,0,0,-1.0000,3.0000,,57
90.6621,-1,0,0,0,0,-1.0000,3.0000,,57
90.6820,-1,0,0,0,0,-1.0000,2.0000,,57
90.7031,-1,0,0,0,0,-1.0000,2.0000,,57
90.7242,-1,0,0,0,1,-1.0000,3.0000,,57
90.7444,-1,0,0,0,0,-1.0000,3.0000,,57
90.7640,-1,0,0,0,0,-1.0000,3.0000,,57
90.8030,-1,0,0,0,0,-1.0000,3.0000,,57
90.8139,-1,0,0,0,0,-1.0000,3.0000,,57
90.8442,-1,0,0,0,0,-1.0000,3.0000,,57
90.8535,-1,0,0,0,0,-1.0000,3.0000,,57
90.8696,-1,0,0,0,0,-1.0000,3.0000,,57
90.8901,-1,0,0,0,0,-1.0000,3.0000,,58
90.9094,-1,0,0,0,0,-1.0000,3.0000,,58
90.9292,-1,0,0,0,0,-1.0000,3.0000,,58
90.9501,-1,0,0,0,0,-1.0000,3.0000,,58
90.9705,-1,0,0,0,0,-1.0000,2.0000,,58
91.0087,-1,0,0,0,1,-1.0000,3.0000,,58
91.0199,-1,0,0,0,1,-1.0000,4.0000,,58
91.0359,-1,0,0,0,1,-1.0000,5.0000,,58
91.0559,-1,0,0,0,0,-1.0000,5.0000,,58
91.0753,-1,0,0,0,0,-1.0000,5.0000,,58
91.0957,-1,0,0,0,0,-1.0000,5.0000,,58
91.1161,-1,0,0,0,0,-1.0000,5.0000,,58
91.1370,-1,0,0,0,0,-1.0000,5.0000,,58
91.1583,-1,0,0,0,0,-1.0000,5.0000,,58
91.1783,-1,0,0,0,0,-1.0000,5.0000,,58
91.1986,-1,0,0,0,0,-1.0000,5.0000,,58
91.2195,-1,0,0,0,0,-1.0000,5.0000,,58
91.2395,-1,0,0,0,1,-1.0000,6.0000,,58
91.2601,-1,0,0,0,0,-1.0000,6.0000,,58
91.2811,-1,0,0,0,0,-1.0000,6.0000,,58
91.3023,-1,0,0,0,0,-1.0000,6.0000,,58
91.3227,-1,0,0,0,0,-1.0000,6.0000,,58
91.3604,-1,0,0,0,0,-1.0000,6.0000,,58
91.3711,-1,0,0,0,1,-1.0000,7.0000,,58
91.3858,-1,0,0,0,0,-1.0000,7.0000,,58
91.4247,-1,0,0,0,0,-1.0000,6.0000,,58
91.4347,-1,0,0,0,0,-1.0000,6.0000,,58
91.4500,-1,0,0,0,0,-1.0000,6.0000,,58
91.4711,-1,0,0,0,0,-1.0000,6.0000,,58
91.4916,-1,0,0,0,0,-1.0000,6.0000,,58
91.5134,-1,0,0,0,0,-1.0000,6.0000,,58
91.5351,-1,0,0,0,0,-1.0000,6.0000,,58
91.5550,-1,0,0,0,0,-1.0000,6.0000,,58
91.5747,-1,0,0,0,0,-1.0000,6.0000,,58
91.5955,-1,0,0,0,0,-1.0000,6.0000,,58
91.6351,-1,0,0,0,0,-1.0000,6.0000,,58
91.6454,-1,0,0,0,0,-1.0000,6.0000,,58
91.6599,-1,0,0,0,0,-1.0000,6.0000,,58
91.6825,-1,0,0,0,0,-1.0000,6.0000,,58
91.7028,-1,0,0,0,0,-1.0000,6.0000,,58
91.7248,-1,0,0,0,0,-1.0000,5.0000,,58
91.7457,-1,0,0,0,1,-1.0000,7.0000,,58
91.7664,-1,0,0,0,1,-1.0000,8.0000,,58
91.7862,-1,0,0,0,0,-1.0000,8.0000,,58
91.8063,-1,0,0,0,0,-1.0000,8.0000,,58
91.8275,-1,0,0,0,0,-1.0000,8.0000,,58
91.8664,-1,0,0,0,0,-1.0000,8.0000,,58
91.8764,-1,0,0,0,0,-1.0000,8.0000,,58
91.8924,-1,0,0,0,0,-1.0000,8.0000,,58
91.9131,-1,0,0,0,0,-1.0000,8.0000,,58
91.9335,-1,0,0,0,0,-1.0000,8.0000,,58
91.9549,-1,0,0,0,0,-1.0000,8.0000,,58
91.9753,-1,0,0,0,0,-1.0000,8.0000,,58
91.9963,-1,0,0,0,0,-1.0000,8.0000,,58
92.0186,-1,0,0,0,1,-1.0000,8.0000,,59
92.0582,-1,0,0,0,0,-1.0000,6.0000,,59
92.0695,-1,0,0,0,0,-1.0000,6.0000,,59
92.0859,-1,0,0,0,0,-1.0000,6.0000,,59
92.1075,-1,0,0,0,0,-1.0000,6.0000,,59
92.1289,-1,0,0,0,0,-1.0000,6.0000,,59
92.1503,-1,0,0,0,0,-1.0000,6.0000,,59
92.1759,-1,0,0,0,0,-1.0000,6.0000,,59
92.1982,-1,0,0,0,0,-1.0000,6.0000,,59
92.2181,-1,0,0,0,0,-1.0000,6.0000,,59
92.2403,-1,0,0,0,0,-1.0000,5.0000,,59
92.2824,-1,0,0,0,0,-1.0000,5.0000,,59
92.3010,-1,0,0,0,0,-1.0000,5.0000,,59
92.3193,-1,0,0,0,1,-1.0000,6.0000,,59
92.3382,-1,0,0,0,0,-1.0000,6.0000,,59
92.3725,-1,0,0,0,0,-1.0000,5.0000,,59
92.3917,-1,0,0,0,0,-1.0000,5.0000,,59
92.4084,-1,0,0,0,0,-1.0000,5.0000,,59
92.4259,-1,0,0,0,0,-1.0000,5.0000,,59
92.4445,-1,0,0,0,1,-1.0000,6.0000,,59
92.4633,-1,0,0,0,0,-1.0000,6.0000,,59
92.4839,-1,0,0,0,0,-1.0000,6.0000,,59
92.5059,-1,0,0,0,0,-1.0000,6.0000,,59
92.5257,-1,0,0,0,0,-1.0000,6.0000,,59
92.5458,-1,0,0,0,0,-1.0000,6.0000,,59
92.5665,-1,0,0,0,0,-1.0000,6.0000,,59
92.5879,-1,0,0,0,1,-1.0000,7.0000,,59
92.6091,-1,0,0,0,0,-1.0000,7.0000,,59
92.6305,-1,0,0,0,0,-1.0000,7.0000,,59
92.6502,-1,0,0,0,0,-1.0000,7.0000,,59
92.6723,-1,0,0,0,0,-1.0000,7.0000,,59
92.6933,-1,0,0,0,0,-1.0000,7.0000,,59
92.7129,-1,0,0,0,0,-1.0000,7.0000,,59
92.7346,-1,0,0,0,1,-1.0000,8.0000,,59
92.7546,-1,0,0,0,0,-1.0000,6.0000,,59
92.7760,-1,0,0,0,0,-1.0000,5.0000,,59
92.7970,-1,0,0,0,0,-1.0000,5.0000,,59
92.8182,-1,0,0,0,0,-1.0000,5.0000,,59
92.8386,-1,0,0,0,0,-1.0000,5.0000,,59
92.8802,-1,0,0,0,0,-1.0000,5.0000,,59
92.9035,-1,0,0,0,0,-1.0000,5.0000,,59
92.9176,-1,0,0,0,0,-1.0000,5.0000,,59
92.9308,-1,0,0,0,0,-1.0000,5.0000,,59
92.9488,-1,0,0,0,0,-1.0000,5.0000,,59
92.9701,-1,0,0,0,1,-1.0000,6.0000,,59
92.9912,-1,0,0,0,0,-1.0000,6.0000,,59
93.0124,-1,0,0,0,0,-1.0000,6.0000,,59
93.0324,-1,0,0,0,0,-1.0000,5.0000,,59
93.0536,-1,0,0,0,0,-1.0000,5.0000,,59
93.0736,-1,0,0,0,0,-1.0000,5.0000,,59
93.0939,-1,0,0,0,0,-1.0000,5.0000,,59
93.1148,-1,0,0,0,0,-1.0000,5.0000,,59
93.1365,-1,0,0,0,0,-1.0000,5.0000,,59
93.1569,-1,0,0,0,0,-1.0000,5.0000,,59
93.1787,-1,0,0,0,0,-1.0000,5.0000,,59
93.1963,-1,0,0,0,0,-1.0000,5.0000,,59
93.2167,-1,0,0,0,1,-1.0000,6.0000,,59
93.2389,-1,0,0,0,0,-1.0000,6.0000,,59
93.2581,-1,0,0,0,0,-1.0000,6.0000,,59
93.2772,-1,0,0,0,0,-1.0000,6.0000,,59
93.2952,-1,0,0,0,0,-1.0000,6.0000,,59
93.3186,-1,0,0,0,0,-1.0000,6.0000,,59
93.3381,-1,0,0,0,0,-1.0000,5.0000,,59
93.3556,-1,0,0,0,0,-1.0000,5.0000,,59
93.3933,-1,0,0,0,0,-1.0000,5.0000,,59
93.4044,-1,0,0,0,0,-1.0000,5.0000,,59
93.4182,-1,0,0,0,0,-1.0000,5.0000,,59
93.4383,-1,0,0,0,1,-1.0000,6.0000,,59
93.4596,-1,0,0,0,0,-1.0000,5.0000,,59
93.4807,-1,0,0,0,0,-1.0000,5.0000,,59
93.5004,-1,0,0,0,0,-1.0000,5.0000,,59
93.5191,-1,0,0,0,0,-1.0000,5.0000,,59
93.5399,-1,0,0,0,0,-1.0000,5.0000,,59
93.5600,-1,0,0,0,0,-1.0000,5.0000,,59
93.5812,-1,0,0,0,0,-1.0000,5.0000,,59
93.6018,-1,0,0,0,0,-1.0000,4.0000,,59
93.6204,-1,0,0,0,0,-1.0000,4.0000,,59
93.6408,-1,0,0,0,0,-1.0000,4.0000,,59
93.6612,-1,0,0,0,1,-1.0000,5.0000,,59
93.6818,-1,0,0,0,0,-1.0000,5.0000,,59
93.7021,-1,0,0,0,0,-1.0000,5.0000,,59
93.7251,-1,0,0,0,0,-1.0000,5.0000,,60
93.7453,-1,0,0,0,0,-1.0000,4.0000,,60
93.7642,-1,0,0,0,0,-1.0000,4.0000,,60
93.7844,-1,0,0,0,0,-1.0000,4.0000,,60
93.8050,-1,0,0,0,0,-1.0000,4.0000,,60
93.8256,-1,0,0,0,0,-1.0000,4.0000,,60
93.8471,-1,0,0,0,0,-1.0000,4.0000,,60
93.8681,-1,0,0,0,0,-1.0000,4.0000,,60
93.9054,-1,0,0,0,0,-1.0000,4.0000,,60
93.9289,-1,0,0,0,0,-1.0000,4.0000,,60
93.9387,-1,0,0,0,0,-1.0000,4.0000,,60
93.9545,-1,0,0,0,0,-1.0000,4.0000,,60
93.9746,-1,0,0,0,0,-1.0000,3.0000,,60
93.9952,-1,0,0,0,0,-1.0000,3.0000,,60
94.0156,-1,0,0,0,0,-1.0000,3.0000,,60
94.0376,-1,0,0,0,0,-1.0000,3.0000,,61
94.0591,-1,0,0,0,0,-1.0000,3.0000,,61
94.0786,-1,0,0,0,0,-1.0000,3.0000,,61
94.0986,-1,0,0,0,0,-1.0000,3.0000,,61
94.1189,-1,0,0,0,0,-1.0000,3.0000,,61
94.1584,-1,0,0,0,0,-1.0000,3.0000,,61
94.1681,-1,0,0,0,0,-1.0000,3.0000,,61
94.1826,-1,0,0,0,0,-1.0000,3.0000,,61
94.2029,-1,0,0,0,0,-1.0000,3.0000,,61
94.2243,-1,0,0,0,1,-1.0000,3.0000,,61
94.2443,-1,0,0,0,0,-1.0000,3.0000,,61
94.2642,-1,0,0,0,0,-1.0000,3.0000,,61
94.2850,-1,0,0,0,0,-1.0000,3.0000,,61
94.3053,-1,0,0,0,0,-1.0000,3.0000,,61
94.3257,-1,0,0,0,0,-1.0000,3.0000,,61
94.3643,-1,0,0,0,0,-1.0000,3.0000,,61
94.3741,-1,0,0,0,0,-1.0000,3.0000,,61
94.4068,-1,0,0,0,0,-1.0000,3.0000,,61
94.4163,-1,0,0,0,0,-1.0000,3.0000,,61
94.4318,-1,0,0,0,0,-1.0000,3.0000,,61
94.4523,-1,0,0,0,0,-1.0000,2.0000,,61
94.4727,-1,0,0,0,0,-1.0000,2.0000,,61
94.4937,-1,0,0,0,0,-1.0000,2.0000,,61
94.5144,-1,0,0,0,0,-1.0000,2.0000,,61
94.5358,-1,0,0,0,0,-1.0000,2.0000,,61
94.5731,-1,0,0,0,0,-1.0000,2.0000,,61
94.5836,-1,0,0,0,0,-1.0000,2.0000,,61
94.5989,-1,0,0,0,0,-1.0000,2.0000,,61
94.6192,-1,0,0,0,0,-1.0000,2.0000,,61
94.6392,-1,0,0,0,1,-1.0000,3.0000,,61
94.6610,-1,0,0,0,1,-1.0000,5.0000,,61
94.6821,-1,0,0,0,0,-1.0000,4.0000,,61
94.7035,-1,0,0,0,0,-1.0000,4.0000,,61
94.7241,-1,0,0,0,0,-1.0000,4.0000,,61
94.7454,-1,0,0,0,0,-1.0000,4.0000,,61
94.7833,-1,0,0,0,0,-1.0000,4.0000,,61
94.7938,-1,0,0,0,0,-1.0000,4.0000,,61
94.8089,-1,0,0,0,0,-1.0000,4.0000,,61
94.8300,-1,0,0,0,0,-1.0000,4.0000,,61
94.8505,-1,0,0,0,0,-1.0000,4.0000,,61
94.8716,-1,0,0,0,0,-1.0000,4.0000,,61
94.8929,-1,0,0,0,0,-1.0000,4.0000,,61
94.9311,-1,0,0,0,0,-1.0000,4.0000,,61
94.9413,-1,0,0,0,0,-1.0000,4.0000,,61
94.9578,-1,0,0,0,0,-1.0000,4.0000,,61
94.9787,-1,0,0,0,0,-1.0000,4.0000,,61
94.9984,-1,0,0,0,0,-1.0000,4.0000,,61
95.0186,-1,0,0,0,0,-1.0000,4.0000,,61
95.0398,-1,0,0,0,0,-1.0000,4.0000,,61
95.0606,-1,0,0,0,0,-1.0000,4.0000,,61
95.0812,-1,0,0,0,0,-1.0000,4.0000,,61
95.1026,-1,0,0,0,0,-1.0000,4.0000,,61
95.1237,-1,0,0,0,0,-1.0000,4.0000,,61
95.1435,-1,0,0,0,0,-1.0000,4.0000,,61
95.1638,-1,0,0,0,0,-1.0000,4.0000,,61
95.2027,-1,0,0,0,0,-1.0000,4.0000,,61
95.2131,-1,0,0,0,0,-1.0000,4.0000,,61
95.2282,-1,0,0,0,0,-1.0000,3.0000,,61
95.2499,-1,0,0,0,0,-1.0000,3.0000,,61
95.2709,-1,0,0,0,0,-1.0000,3.0000,,61
95.2919,-1,0,0,0,0,-1.0000,3.0000,,61
95.3133,-1,0,0,0,1,-1.0000,4.0000,,61
95.3342,-1,0,0,0,1,-1.0000,5.0000,,61
95.3542,-1,0,0,0,0,-1.0000,5.0000,,61
95.3746,-1,0,0,0,0,-1.0000,5.0000,,61
95.3951,-1,0,0,0,0,-1.0000,5.0000,,61
95.4334,-1,0,0,0,1,-1.0000,6.0000,,61
95.4436,-1,0,0,0,0,-1.0000,6.0000,,61
95.4594,-1,0,0,0,0,-1.0000,6.0000,,61
95.4804,-1,0,0,0,0,-1.0000,6.0000,,61
95.5019,-1,0,0,0,0,-1.0000,6.0000,,61
95.5219,-1,0,0,0,0,-1.0000,6.0000,,61
95.5411,-1,0,0,0,0,-1.0000,6.0000,,61
95.5619,-1,0,0,0,0,-1.0000,6.0000,,61
95.5820,-1,0,0,0,0,-1.0000,6.0000,,61
95.6028,-1,0,0,0,0,-1.0000,6.0000,,61
95.6238,-1,0,0,0,0,-1.0000,6.0000,,61
95.6439,-1,0,0,0,0,-1.0000,5.0000,,61
95.6705,-1,0,0,0,0,-1.0000,3.0000,,61
95.6914,-1,0,0,0,0,-1.0000,3.0000,,61
95.7110,-1,0,0,0,0,-1.0000,3.0000,,61
95.7299,-1,0,0,0,0,-1.0000,3.0000,,61
95.7510,-1,0,0,0,0,-1.0000,3.0000,,61
95.7715,-1,0,0,0,0,-1.0000,3.0000,,61
95.7917,-1,0,0,0,0,-1.0000,3.0000,,61
95.8293,-1,0,0,0,0,-1.0000,3.0000,,61
95.8393,-1,0,0,0,0,-1.0000,3.0000,,61
95.8548,-1,0,0,0,0,-1.0000,3.0000,,61
95.8752,-1,0,0,0,0,-1.0000,3.0000,,61
95.8951,-1,0,0,0,0,-1.0000,3.0000,,61
95.9326,-1,0,0,0,0,-1.0000,3.0000,,61
95.9427,-1,0,0,0,0,-1.0000,3.0000,,61
95.9585,-1,0,0,0,0,-1.0000,3.0000,,61
95.9793,-1,0,0,0,0,-1.0000,3.0000,,61
96.0008,-1,0,0,0,0,-1.0000,3.0000,,61
96.0386,-1,0,0,0,0,-1.0000,3.0000,,61
96.0491,-1,0,0,0,0,-1.0000,3.0000,,61
96.0636,-1,0,0,0,0,-1.0000,3.0000,,61
96.0845,-1,0,0,0,0,-1.0000,3.0000,,61
96.1051,-1,0,0,0,0,-1.0000,3.0000,,61
96.1257,-1,0,0,0,0,-1.0000,3.0000,,61
96.1470,-1,0,0,0,0,-1.0000,3.0000,,61
96.1682,-1,0,0,0,0,-1.0000,3.0000,,61
96.1886,-1,0,0,0,0,-1.0000,3.0000,,61
96.2079,-1,0,0,0,0,-1.0000,3.0000,,61
96.2280,-1,0,0,0,0,-1.0000,3.0000,,61
96.2489,-1,0,0,0,0,-1.0000,3.0000,,61
96.2699,-1,0,0,0,1,-1.0000,4.0000,,61
96.2912,-1,0,0,0,0,-1.0000,4.0000,,61
96.3110,-1,0,0,0,0,-1.0000,4.0000,,61
96.3303,-1,0,0,0,0,-1.0000,3.0000,,61
96.3508,-1,0,0,0,0,-1.0000,2.0000,,61
96.3709,-1,0,0,0,0,-1.0000,2.0000,,61
96.3914,-1,0,0,0,0,-1.0000,2.0000,,61
96.4130,-1,0,0,0,0,-1.0000,2.0000,,61
96.4496,-1,0,0,0,0,-1.0000,1.0000,,61
96.4591,-1,0,0,0,0,-1.0000,1.0000,,61
96.4740,-1,0,0,0,0,-1.0000,1.0000,,61
96.4949,-1,0,0,0,0,-1.0000,1.0000,,61
96.5154,-1,0,0,0,0,-1.0000,1.0000,,61
96.5361,-1,0,0,0,0,-1.0000,1.0000,,61
96.5574,-1,0,0,0,0,-1.0000,1.0000,,61
96.5777,-1,0,0,0,0,-1.0000,1.0000,,61
96.5981,-1,0,0,0,0,-1.0000,1.0000,,61
96.6182,-1,0,0,0,1,-1.0000,2.0000,,61
96.6389,-1,0,0,0,0,-1.0000,2.0000,,61
96.6582,-1,0,0,0,0,-1.0000,2.0000,,61
96.6802,-1,0,0,0,0,-1.0000,2.0000,,61
96.6999,-1,0,0,0,0,-1.0000,2.0000,,61
96.7205,-1,0,0,0,0,-1.0000,2.0000,,61
96.7400,-1,0,0,0,0,-1.0000,2.0000,,61
96.7601,-1,0,0,0,1,-1.0000,3.0000,,61
96.7813,-1,0,0,0,0,-1.0000,3.0000,,61
96.8027,-1,0,0,0,0,-1.0000,3.0000,,61
96.8226,-1,0,0,0,0,-1.0000,3.0000,,61
96.8428,-1,0,0,0,0,-1.0000,3.0000,,61
96.8622,-1,0,0,0,0,-1.0000,3.0000,,61
96.8820,-1,0,0,0,0,-1.0000,3.0000,,61
96.9031,-1,0,0,0,0,-1.0000,3.0000,,61
96.9224,-1,0,0,0,0,-1.0000,3.0000,,61
96.9595,-1,0,0,0,0,-1.0000,3.0000,,61
96.9689,-1,0,0,0,0,-1.0000,3.0000,,61
96.9848,-1,0,0,0,0,-1.0000,3.0000,,61
97.0057,-1,0,0,0,0,-1.0000,3.0000,,61
97.0259,-1,0,0,0,0,-1.0000,3.0000,,61
97.0644,-1,0,0,0,0,-1.0000,3.0000,,61
97.0738,-1,0,0,0,0,-1.0000,3.0000,,61
97.0904,-1,0,0,0,0,-1.0000,3.0000,,61
97.1109,-1,0,0,0,0,-1.0000,3.0000,,61
97.1309,-1,0,0,0,0,-1.0000,3.0000,,61
97.1512,-1,0,0,0,0,-1.0000,3.0000,,61
97.1707,-1,0,0,0,0,-1.0000,3.0000,,61
97.1914,-1,0,0,0,0,-1.0000,3.0000,,61
97.2123,-1,0,0,0,0,-1.0000,3.0000,,61
97.2326,-1,0,0,0,0,-1.0000,3.0000,,61
97.2693,-1,0,0,0,1,-1.0000,4.0000,,61
97.2785,-1,0,0,0,0,-1.0000,3.0000,,61
97.2938,-1,0,0,0,0,-1.0000,3.0000,,61
97.3141,-1,0,0,0,0,-1.0000,3.0000,,61
97.3347,-1,0,0,0,0,-1.0000,3.0000,,61
97.3552,-1,0,0,0,0,-1.0000,3.0000,,61
97.3749,-1,0,0,0,0,-1.0000,3.0000,,61
97.3954,-1,0,0,0,0,-1.0000,3.0000,,61
97.4144,-1,0,0,0,0,-1.0000,3.0000,,61
97.4354,-1,0,0,0,0,-1.0000,3.0000,,61
97.4721,-1,0,0,0,0,-1.0000,3.0000,,61
97.4813,-1,0,0,0,0,-1.0000,3.0000,,61
97.4972,-1,0,0,0,0,-1.0000,3.0000,,61
97.5173,-1,0,0,0,0,-1.0000,3.0000,,61
97.5371,-1,0,0,0,0,-1.0000,3.0000,,61
97.5575,-1,0,0,0,1,-1.0000,5.0000,,61
97.5783,-1,0,0,0,1,-1.0000,6.0000,,61
97.5984,-1,0,0,0,0,-1.0000,6.0000,,61
97.6180,-1,0,0,0,0,-1.0000,6.0000,,61
97.6383,-1,0,0,0,0,-1.0000,5.0000,,61
97.6578,-1,0,0,0,0,-1.0000,5.0000,,61
97.6782,-1,0,0,0,0,-1.0000,5.0000,,61
97.6994,-1,0,0,0,0,-1.0000,5.0000,,61
97.7195,-1,0,0,0,0,-1.0000,5.0000,,61
97.7394,-1,0,0,0,0,-1.0000,5.0000,,61
97.7596,-1,0,0,0,0,-1.0000,5.0000,,61
97.7817,-1,0,0,0,0,-1.0000,4.0000,,61
97.8028,-1,0,0,0,0,-1.0000,4.0000,,61
97.8225,-1,0,0,0,0,-1.0000,4.0000,,61
97.8427,-1,0,0,0,0,-1.0000,4.0000,,61
97.8627,-1,0,0,0,0,-1.0000,4.0000,,61
97.8818,-1,0,0,0,0,-1.0000,4.0000,,61
97.9027,-1,0,0,0,0,-1.0000,4.0000,,61
97.9249,-1,0,0,0,1,-1.0000,5.0000,,61
97.9458,-1,0,0,0,0,-1.0000,5.0000,,61
97.9832,-1,0,0,0,0,-1.0000,5.0000,,61
97.9929,-1,0,0,0,0,-1.0000,5.0000,,61
98.0093,-1,0,0,0,0,-1.0000,5.0000,,61
98.0301,-1,0,0,0,0,-1.0000,5.0000,,61
98.0496,-1,0,0,0,0,-1.0000,5.0000,,61
98.0695,-1,0,0,0,0,-1.0000,5.0000,,61
98.0913,-1,0,0,0,0,-1.0000,5.0000,,61
98.1104,-1,0,0,0,0,-1.0000,5.0000,,61
98.1304,-1,0,0,0,0,-1.0000,5.0000,,61
98.1508,-1,0,0,0,0,-1.0000,5.0000,,61
98.1695,-1,0,0,0,0,-1.0000,5.0000,,61
98.1905,-1,0,0,0,0,-1.0000,5.0000,,61
98.2107,-1,0,0,0,0,-1.0000,5.0000,,61
98.2305,-1,0,0,0,0,-1.0000,5.0000,,61
98.2508,-1,0,0,0,0,-1.0000,5.0000,,61
98.2879,-1,0,0,0,0,-1.0000,4.0000,,61
98.2983,-1,0,0,0,1,-1.0000,6.0000,,61
98.3145,-1,0,0,0,1,-1.0000,7.0000,,61
98.3347,-1,0,0,0,0,-1.0000,7.0000,,61
98.3550,-1,0,0,0,0,-1.0000,7.0000,,61
98.3754,-1,0,0,0,0,-1.0000,7.0000,,61
98.3948,-1,0,0,0,0,-1.0000,7.0000,,61
98.4143,-1,0,0,0,0,-1.0000,7.0000,,61
98.4345,-1,0,0,0,0,-1.0000,7.0000,,61
98.4559,-1,0,0,0,1,-1.0000,8.0000,,61
98.4926,-1,0,0,0,0,-1.0000,8.0000,,61
98.5019,-1,0,0,0,0,-1.0000,8.0000,,61
98.5177,-1,0,0,0,0,-1.0000,8.0000,,61
98.5377,-1,0,0,0,0,-1.0000,8.0000,,61
98.5580,-1,0,0,0,0,-1.0000,6.0000,,61
98.5788,-1,0,0,0,0,-1.0000,5.0000,,61
98.5984,-1,0,0,0,0,-1.0000,5.0000,,61
98.6171,-1,0,0,0,0,-1.0000,5.0000,,61
98.6363,-1,0,0,0,0,-1.0000,5.0000,,62
98.6577,-1,0,0,0,0,-1.0000,5.0000,,62
98.6938,-1,0,0,0,0,-1.0000,5.0000,,62
98.7035,-1,0,0,0,0,-1.0000,5.0000,,62
98.7200,-1,0,0,0,1,-1.0000,6.0000,,62
98.7400,-1,0,0,0,0,-1.0000,6.0000,,62
98.7596,-1,0,0,0,0,-1.0000,6.0000,,62
98.7791,-1,0,0,0,0,-1.0000,6.0000,,62
98.8002,-1,0,0,0,0,-1.0000,6.0000,,62
98.8211,-1,0,0,0,0,-1.0000,6.0000,,62
98.8400,-1,0,0,0,0,-1.0000,6.0000,,62
98.8602,-1,0,0,0,0,-1.0000,6.0000,,62
98.8814,-1,0,0,0,0,-1.0000,6.0000,,62
98.9085,-1,0,0,0,0,-1.0000,6.0000,,62
98.9326,-1,0,0,0,0,-1.0000,5.0000,,62
98.9566,-1,0,0,0,0,-1.0000,5.0000,,62
99.0000,-1,0,0,0,0,-1.0000,5.0000,,62
99.0133,-1,0,0,0,0,-1.0000,5.0000,,62
99.0301,-1,0,0,0,0,-1.0000,5.0000,,62
99.0538,-1,0,0,0,1,-1.0000,6.0000,,62
99.0787,-1,0,0,0,1,-1.0000,7.0000,,62
99.1020,-1,0,0,0,1,-1.0000,8.0000,,62
99.1249,-1,0,0,0,0,-1.0000,8.0000,,62
99.1510,-1,0,0,0,0,-1.0000,8.0000,,62
99.1726,-1,0,0,0,0,-1.0000,8.0000,,62
99.1951,-1,0,0,0,0,-1.0000,8.0000,,62
99.2147,-1,0,0,0,0,-1.0000,8.0000,,62
99.2353,-1,0,0,0,0,-1.0000,8.0000,,62
99.2541,-1,0,0,0,0,-1.0000,8.0000,,62
99.2743,-1,0,0,0,0,-1.0000,8.0000,,62
99.2948,-1,0,0,0,0,-1.0000,8.0000,,62
99.3172,-1,0,0,0,0,-1.0000,5.0000,,62
99.3372,-1,0,0,0,0,-1.0000,5.0000,,62
99.3568,-1,0,0,0,0,-1.0000,5.0000,,62
99.3776,-1,0,0,0,0,-1.0000,5.0000,,62
99.3963,-1,0,0,0,1,-1.0000,6.0000,,62
99.4167,-1,0,0,0,0,-1.0000,6.0000,,62
99.4395,-1,0,0,0,0,-1.0000,6.0000,,62
99.4600,-1,0,0,0,0,-1.0000,5.0000,,62
99.4971,-1,0,0,0,0,-1.0000,5.0000,,62
99.5202,-1,0,0,0,0,-1.0000,5.0000,,62
99.5302,-1,0,0,0,0,-1.0000,5.0000,,62
99.5472,-1,0,0,0,0,-1.0000,5.0000,,62
99.5669,-1,0,0,0,0,-1.0000,5.0000,,62
99.5875,-1,0,0,0,0,-1.0000,5.0000,,62
99.6076,-1,0,0,0,0,-1.0000,5.0000,,62
99.6274,-1,0,0,0,1,-1.0000,6.0000,,62
99.6477,-1,0,0,0,0,-1.0000,6.0000,,62
99.6693,-1,0,0,0,0,-1.0000,6.0000,,62
99.6886,-1,0,0,0,0,-1.0000,6.0000,,62
99.7079,-1,0,0,0,0,-1.0000,6.0000,,62
99.7284,-1,0,0,0,0,-1.0000,5.0000,,62
99.7481,-1,0,0,0,0,-1.0000,5.0000,,62
99.7692,-1,0,0,0,0,-1.0000,5.0000,,62
99.7897,-1,0,0,0,0,-1.0000,5.0000,,62
99.8096,-1,0,0,0,0,-1.0000,5.0000,,62
99.8303,-1,0,0,0,0,-1.0000,5.0000,,62
99.8494,-1,0,0,0,0,-1.0000,5.0000,,62
99.8704,-1,0,0,0,0,-1.0000,5.0000,,62
99.8912,-1,0,0,0,0,-1.0000,5.0000,,62
99.9110,-1,0,0,0,0,-1.0000,5.0000,,62
99.9315,-1,0,0,0,0,-1.0000,5.0000,,62
99.9521,-1,0,0,0,0,-1.0000,5.0000,,62
99.9722,-1,0,0,0,0,-1.0000,5.0000,,62
100.0105,-1,0,0,0,0,-1.0000,5.0000,,62
100.0202,-1,0,0,0,0,-1.0000,5.0000,,62
100.0360,-1,0,0,0,0,-1.0000,5.0000,,62
100.0558,-1,0,0,0,0,-1.0000,4.0000,,62
100.0765,-1,0,0,0,0,-1.0000,4.0000,,62
100.0961,-1,0,0,0,0,-1.0000,3.0000,,62
100.1159,-1,0,0,0,0,-1.0000,2.0000,,62
100.1548,-1,0,0,0,0,-1.0000,2.0000,,62
100.1633,-1,0,0,0,0,-1.0000,2.0000,,62
100.1799,-1,0,0,0,0,-1.0000,2.0000,,62
100.2004,-1,0,0,0,0,-1.0000,2.0000,,62
100.2205,-1,0,0,0,0,-1.0000,2.0000,,62
100.2392,-1,0,0,0,0,-1.0000,2.0000,,62
100.2586,-1,0,0,0,0,-1.0000,2.0000,,62
100.2785,-1,0,0,0,0,-1.0000,2.0000,,62
100.2998,-1,0,0,0,0,-1.0000,2.0000,,62
100.3189,-1,0,0,0,0,-1.0000,2.0000,,62
100.3399,-1,0,0,0,0,-1.0000,2.0000,,62
100.3585,-1,0,0,0,0,-1.0000,2.0000,,62
100.3798,-1,0,0,0,0,-1.0000,2.0000,,62
100.3993,-1,0,0,0,0,-1.0000,1.0000,,62
100.4186,-1,0,0,0,0,-1.0000,1.0000,,62
100.4389,-1,0,0,0,0,-1.0000,1.0000,,62
100.4580,-1,0,0,0,0,-1.0000,1.0000,,62
100.4789,-1,0,0,0,0,-1.0000,1.0000,,62
100.5150,-1,0,0,0,0,-1.0000,1.0000,,62
100.5246,-1,0,0,0,0,-1.0000,1.0000,,62
100.5406,-1,0,0,0,0,-1.0000,1.0000,,62
100.5611,-1,0,0,0,0,-1.0000,1.0000,,62
100.5804,-1,0,0,0,0,-1.0000,1.0000,,62
100.6010,-1,0,0,0,0,-1.0000,1.0000,,62
100.6210,-1,0,0,0,0,-1.0000,1.0000,,62
100.6416,-1,0,0,0,0,-1.0000,0.0000,,62
100.6586,-1,0,0,0,0,-1.0000,0.0000,,62
100.6872,-1,0,0,0,0,-1.0000,0.0000,,62
100.7068,-1,0,0,0,0,-1.0000,0.0000,,62
100.7269,-1,0,0,0,0,-1.0000,0.0000,,62
100.7467,-1,0,0,0,0,-1.0000,0.0000,,62
100.7671,-1,0,0,0,0,-1.0000,0.0000,,62
100.7875,-1,0,0,0,0,-1.0000,0.0000,,62
100.8074,-1,0,0,0,0,-1.0000,0.0000,,62
100.8270,-1,0,0,0,0,-1.0000,0.0000,,62
100.8463,-1,0,0,0,0,-1.0000,0.0000,,62
100.8674,-1,0,0,0,0,-1.0000,0.0000,,62
100.8877,-1,0,0,0,0,-1.0000,0.0000,,62
100.9070,-1,0,0,0,0,-1.0000,0.0000,,62
100.9273,-1,0,0,0,0,-1.0000,0.0000,,62
100.9470,-1,0,0,0,0,-1.0000,0.0000,,62
100.9676,-1,0,0,0,0,-1.0000,0.0000,,62
100.9866,-1,0,0,0,0,-1.0000,0.0000,,62
101.0234,-1,0,0,0,0,-1.0000,0.0000,,62
101.0328,-1,0,0,0,0,-1.0000,0.0000,,62
101.0474,-1,0,0,0,0,-1.0000,0.0000,,62
101.0687,-1,0,0,0,0,-1.0000,0.0000,,63
101.0888,-1,0,0,0,0,-1.0000,0.0000,,63
101.1082,-1,0,0,0,0,-1.0000,0.0000,,63
101.1285,-1,0,0,0,0,-1.0000,0.0000,,63
101.1654,-1,0,0,0,0,-1.0000,0.0000,,63
101.1743,-1,0,0,0,0,-1.0000,0.0000,,63
101.1908,-1,0,0,0,0,-1.0000,0.0000,,63
101.2110,-1,0,0,0,0,-1.0000,0.0000,,63
101.2308,-1,0,0,0,0,-1.0000,0.0000,,63
101.2511,-1,0,0,0,0,-1.0000,0.0000,,63
101.2699,-1,0,0,0,0,-1.0000,0.0000,,63
101.2907,-1,0,0,0,0,-1.0000,0.0000,,63
101.3107,-1,0,0,0,0,-1.0000,0.0000,,63
101.3305,-1,0,0,0,0,-1.0000,0.0000,,63
101.3507,-1,0,0,0,0,-1.0000,0.0000,,63
101.3701,-1,0,0,0,0,-1.0000,0.0000,,63
101.3908,-1,0,0,0,0,-1.0000,0.0000,,63
101.4106,-1,0,0,0,0,-1.0000,0.0000,,63
101.4306,-1,0,0,0,0,-1.0000,0.0000,,63
101.4498,-1,0,0,0,0,-1.0000,0.0000,,63
101.4689,-1,0,0,0,0,-1.0000,0.0000,,63
101.4901,-1,0,0,0,0,-1.0000,0.0000,,63
101.5261,-1,0,0,0,0,-1.0000,0.0000,,63
101.5389,-1,0,0,0,0,-1.0000,0.0000,,63
101.5687,-1,0,0,0,0,-1.0000,0.0000,,63
101.5776,-1,0,0,0,0,-1.0000,0.0000,,63
101.5937,-1,0,0,0,0,-1.0000,0.0000,,63
101.6140,-1,0,0,0,0,-1.0000,0.0000,,63
101.6350,-1,0,0,0,0,-1.0000,0.0000,,63
101.6547,-1,0,0,0,0,-1.0000,0.0000,,63
101.6748,-1,0,0,0,0,-1.0000,0.0000,,63
101.6946,-1,0,0,0,0,-1.0000,0.0000,,63
101.7141,-1,0,0,0,0,-1.0000,0.0000,,63
101.7358,-1,0,0,0,0,-1.0000,0.0000,,63
101.7549,-1,0,0,0,0,-1.0000,0.0000,,63
101.7745,-1,0,0,0,0,-1.0000,0.0000,,63
101.7942,-1,0,0,0,0,-1.0000,0.0000,,63
101.8137,-1,0,0,0,0,-1.0000,0.0000,,63
101.8346,-1,0,0,0,0,-1.0000,0.0000,,63
101.8540,-1,0,0,0,0,-1.0000,0.0000,,63
101.8741,-1,0,0,0,0,-1.0000,0.0000,,63
101.8954,-1,0,0,0,0,-1.0000,0.0000,,63
101.9137,-1,0,0,0,0,-1.0000,0.0000,,63
101.9349,-1,0,0,0,0,-1.0000,0.0000,,63
101.9544,-1,0,0,0,0,-1.0000,0.0000,,63
101.9739,-1,0,0,0,0,-1.0000,0.0000,,63
102.0110,-1,0,0,0,0,-1.0000,0.0000,,63
102.0342,-1,0,0,0,0,-1.0000,0.0000,,63
102.0434,-1,0,0,0,0,-1.0000,0.0000,,63
102.0583,-1,0,0,0,0,-1.0000,0.0000,,63
102.0787,-1,0,0,0,0,-1.0000,0.0000,,63
102.0984,-1,0,0,0,0,-1.0000,0.0000,,63
102.1176,-1,0,0,0,0,-1.0000,0.0000,,63
102.1369,-1,0,0,0,0,-1.0000,0.0000,,63
102.1567,-1,0,0,0,0,-1.0000,0.0000,,63
102.1775,-1,0,0,0,0,-1.0000,0.0000,,63
102.1966,-1,0,0,0,0,-1.0000,0.0000,,63
102.2162,-1,0,0,0,0,-1.0000,0.0000,,63
102.2360,-1,0,0,0,0,-1.0000,0.0000,,63
102.2573,-1,0,0,0,0,-1.0000,0.0000,,63
102.2763,-1,0,0,0,0,-1.0000,0.0000,,63
102.2962,-1,0,0,0,0,-1.0000,0.0000,,63
102.3161,-1,0,0,0,0,-1.0000,0.0000,,63
102.3356,-1,0,0,0,0,-1.0000,0.0000,,63
102.3570,-1,0,0,0,0,-1.0000,0.0000,,63
102.3762,-1,0,0,0,0,-1.0000,0.0000,,63
102.3965,-1,0,0,0,0,-1.0000,0.0000,,63
102.4322,-1,0,0,0,0,-1.0000,0.0000,,63
102.4410,-1,0,0,0,0,-1.0000,0.0000,,63
102.4569,-1,0,0,0,0,-1.0000,0.0000,,63
102.4781,-1,0,0,0,0,-1.0000,0.0000,,63
102.4985,-1,0,0,0,0,-1.0000,0.0000,,63
102.5184,-1,0,0,0,0,-1.0000,0.0000,,63
102.5552,-1,0,0,0,0,-1.0000,0.0000,,63
102.5643,-1,0,0,0,0,-1.0000,0.0000,,63
102.5816,-1,0,0,0,0,-1.0000,0.0000,,63
102.6027,-1,0,0,0,0,-1.0000,0.0000,,63
102.6223,-1,0,0,0,0,-1.0000,0.0000,,63
102.6427,-1,0,0,0,0,-1.0000,0.0000,,63
102.6623,-1,0,0,0,0,-1.0000,0.0000,,63
102.6808,-1,0,0,0,0,-1.0000,0.0000,,63
102.7015,-1,0,0,0,0,-1.0000,0.0000,,63
102.7222,-1,0,0,0,0,-1.0000,0.0000,,63
102.7411,-1,0,0,0,0,-1.0000,0.0000,,63
102.7616,-1,0,0,0,0,-1.0000,0.0000,,63
102.7829,-1,0,0,0,0,-1.0000,0.0000,,63
102.8050,-1,0,0,0,0,-1.0000,0.0000,,63
102.8481,-1,0,0,0,0,-1.0000,0.0000,,63
102.8586,-1,0,0,0,0,-1.0000,0.0000,,63
102.8750,-1,0,0,0,0,-1.0000,0.0000,,63
102.8970,-1,0,0,0,0,-1.0000,0.0000,,63
102.9203,-1,0,0,0,0,-1.0000,0.0000,,63
102.9416,-1,0,0,0,0,-1.0000,0.0000,,63
102.9626,-1,0,0,0,0,-1.0000,0.0000,,63
102.9834,-1,0,0,0,0,-1.0000,0.0000,,63
103.0045,-1,0,0,0,0,-1.0000,0.0000,,63
103.0256,-1,0,0,0,0,-1.0000,0.0000,,63
103.0633,-1,0,0,0,0,-1.0000,0.0000,,63
103.0734,-1,0,0,0,0,-1.0000,0.0000,,63
103.0903,-1,0,0,0,0,-1.0000,0.0000,,63
103.1124,-1,0,0,0,0,-1.0000,0.0000,,63
103.1332,-1,0,0,0,0,-1.0000,0.0000,,63
103.1539,-1,0,0,0,0,-1.0000,0.0000,,63
103.1740,-1,0,0,0,0,-1.0000,0.0000,,63
103.1955,-1,0,0,0,0,-1.0000,0.0000,,63
103.2161,-1,0,0,0,0,-1.0000,0.0000,,63
103.2365,-1,0,0,0,0,-1.0000,0.0000,,63
103.2574,-1,0,0,0,0,-1.0000,0.0000,,63
103.2784,-1,0,0,0,0,-1.0000,0.0000,,63
103.2978,-1,0,0,0,0,-1.0000,0.0000,,63
103.3188,-1,0,0,0,0,-1.0000,0.0000,,63
103.3391,-1,0,0,0,0,-1.0000,0.0000,,63
103.3601,-1,0,0,0,0,-1.0000,0.0000,,63
103.3811,-1,0,0,0,0,-1.0000,0.0000,,63
103.4014,-1,0,0,0,0,-1.0000,0.0000,,63
103.4210,-1,0,0,0,0,-1.0000,0.0000,,63
103.4412,-1,0,0,0,0,-1.0000,0.0000,,63
103.4613,-1,0,0,0,0,-1.0000,0.0000,,63
103.4817,-1,0,0,0,0,-1.0000,0.0000,,63
103.5022,-1,0,0,0,0,-1.0000,0.0000,,63
103.5222,-1,0,0,0,0,-1.0000,0.0000,,63
103.5429,-1,0,0,0,0,-1.0000,0.0000,,63
103.5825,-1,0,0,0,0,-1.0000,0.0000,,63
103.5946,-1,0,0,0,0,-1.0000,0.0000,,63
103.6076,-1,0,0,0,0,-1.0000,0.0000,,63
103.6286,-1,0,0,0,0,-1.0000,0.0000,,63
103.6497,-1,0,0,0,0,-1.0000,0.0000,,63
103.6891,-1,0,0,0,0,-1.0000,0.0000,,63
103.6991,-1,0,0,0,0,-1.0000,0.0000,,63
103.7150,-1,0,0,0,0,-1.0000,0.0000,,63
103.7370,-1,0,0,0,1,-1.0000,1.0000,,63
103.7574,-1,0,0,0,0,-1.0000,1.0000,,63
103.7789,-1,0,0,0,0,-1.0000,1.0000,,63
103.7997,-1,0,0,0,0,-1.0000,1.0000,,63
103.8202,-1,0,0,0,0,-1.0000,1.0000,,63
103.8408,-1,0,0,0,1,-1.0000,2.0000,,63
103.8618,-1,0,0,0,0,-1.0000,2.0000,,63
103.9002,-1,0,0,0,0,-1.0000,2.0000,,63
103.9097,-1,0,0,0,0,-1.0000,2.0000,,63
103.9256,-1,0,0,0,0,-1.0000,2.0000,,63
103.9465,-1,0,0,0,0,-1.0000,2.0000,,63
103.9672,-1,0,0,0,0,-1.0000,2.0000,,63
103.9872,-1,0,0,0,0,-1.0000,2.0000,,63
104.0076,-1,0,0,0,0,-1.0000,2.0000,,63
104.0276,-1,0,0,0,0,-1.0000,2.0000,,63
104.0481,-1,0,0,0,0,-1.0000,2.0000,,63
104.0859,-1,0,0,0,0,-1.0000,2.0000,,63
104.0952,-1,0,0,0,0,-1.0000,2.0000,,63
104.1109,-1,0,0,0,0,-1.0000,2.0000,,63
104.1310,-1,0,0,0,0,-1.0000,2.0000,,63
104.1510,-1,0,0,0,0,-1.0000,2.0000,,63
104.1713,-1,0,0,0,0,-1.0000,2.0000,,63
104.1916,-1,0,0,0,0,-1.0000,2.0000,,63
104.2117,-1,0,0,0,0,-1.0000,2.0000,,63
104.2316,-1,0,0,0,0,-1.0000,2.0000,,63
104.2521,-1,0,0,0,0,-1.0000,2.0000,,63
104.2720,-1,0,0,0,0,-1.0000,2.0000,,63
104.2924,-1,0,0,0,0,-1.0000,2.0000,,63
104.3126,-1,0,0,0,0,-1.0000,2.0000,,63
104.3322,-1,0,0,0,0,-1.0000,2.0000,,63
104.3530,-1,0,0,0,0,-1.0000,2.0000,,63
104.3739,-1,0,0,0,0,-1.0000,2.0000,,63
104.3944,-1,0,0,0,0,-1.0000,2.0000,,63
104.4161,-1,0,0,0,0,-1.0000,2.0000,,63
104.4360,-1,0,0,0,0,-1.0000,2.0000,,63
104.4564,-1,0,0,0,0,-1.0000,2.0000,,63
104.4771,-1,0,0,0,0,-1.0000,2.0000,,63
104.4977,-1,0,0,0,0,-1.0000,2.0000,,63
104.5361,-1,0,0,0,0,-1.0000,2.0000,,63
104.5465,-1,0,0,0,0,-1.0000,2.0000,,63
104.5613,-1,0,0,0,0,-1.0000,2.0000,,63
104.6004,-1,0,0,0,0,-1.0000,2.0000,,63
104.6100,-1,0,0,0,0,-1.0000,2.0000,,63
104.6261,-1,0,0,0,0,-1.0000,2.0000,,63
104.6473,-1,0,0,0,0,-1.0000,2.0000,,63
104.6674,-1,0,0,0,0,-1.0000,2.0000,,63
104.6879,-1,0,0,0,0,-1.0000,2.0000,,63
104.7084,-1,0,0,0,0,-1.0000,2.0000,,63
104.7288,-1,0,0,0,0,-1.0000,2.0000,,63
104.7493,-1,0,0,0,1,-1.0000,2.0000,,63
104.7706,-1,0,0,0,0,-1.0000,2.0000,,63
104.7907,-1,0,0,0,0,-1.0000,2.0000,,63
104.8110,-1,0,0,0,0,-1.0000,2.0000,,63
104.8322,-1,0,0,0,0,-1.0000,2.0000,,63
104.8520,-1,0,0,0,0,-1.0000,1.0000,,63
104.8725,-1,0,0,0,0,-1.0000,1.0000,,63
104.8933,-1,0,0,0,0,-1.0000,1.0000,,63
104.9139,-1,0,0,0,0,-1.0000,1.0000,,63
104.9342,-1,0,0,0,0,-1.0000,1.0000,,63
104.9543,-1,0,0,0,0,-1.0000,1.0000,,63
104.9762,-1,0,0,0,0,-1.0000,1.0000,,63
104.9954,-1,0,0,0,0,-1.0000,1.0000,,63
105.0159,-1,0,0,0,0,-1.0000,1.0000,,63
105.0372,-1,0,0,0,0,-1.0000,1.0000,,63
105.0574,-1,0,0,0,0,-1.0000,1.0000,,63
105.0776,-1,0,0,0,0,-1.0000,1.0000,,63
105.1172,-1,0,0,0,0,-1.0000,1.0000,,63
105.1274,-1,0,0,0,0,-1.0000,1.0000,,63
105.1414,-1,0,0,0,0,-1.0000,1.0000,,63
105.1621,-1,0,0,0,0,-1.0000,1.0000,,63
105.1823,-1,0,0,0,0,-1.0000,1.0000,,63
105.2035,-1,0,0,0,0,-1.0000,1.0000,,63
105.2253,-1,0,0,0,0,-1.0000,1.0000,,63
105.2456,-1,0,0,0,0,-1.0000,1.0000,,63
105.2669,-1,0,0,0,0,-1.0000,1.0000,,63
105.2869,-1,0,0,0,0,-1.0000,1.0000,,63
105.3071,-1,0,0,0,0,-1.0000,1.0000,,63
105.3278,-1,0,0,0,0,-1.0000,1.0000,,63
105.3489,-1,0,0,0,0,-1.0000,1.0000,,63
105.3694,-1,0,0,0,0,-1.0000,1.0000,,63
105.3905,-1,0,0,0,0,-1.0000,1.0000,,63
105.4115,-1,0,0,0,0,-1.0000,1.0000,,63
105.4310,-1,0,0,0,0,-1.0000,1.0000,,63
105.4533,-1,0,0,0,0,-1.0000,1.0000,,63
105.4734,-1,0,0,0,0,-1.0000,1.0000,,63
105.4945,-1,0,0,0,0,-1.0000,1.0000,,63
105.5158,-1,0,0,0,1,-1.0000,3.0000,,63
105.5376,-1,0,0,0,1,-1.0000,4.0000,,63
105.5578,-1,0,0,0,0,-1.0000,4.0000,,63
105.5787,-1,0,0,0,0,-1.0000,4.0000,,63
105.6154,-1,0,0,0,0,-1.0000,4.0000,,63
105.6260,-1,0,0,0,0,-1.0000,4.0000,,63
105.6402,-1,0,0,0,0,-1.0000,4.0000,,63
105.6624,-1,0,0,0,0,-1.0000,4.0000,,63
105.6812,-1,0,0,0,0,-1.0000,4.0000,,63
105.7112,-1,0,0,0,0,-1.0000,4.0000,,63
105.7325,-1,0,0,0,0,-1.0000,4.0000,,63
105.7542,-1,0,0,0,0,-1.0000,3.0000,,63
105.7935,-1,0,0,0,0,-1.0000,3.0000,,63
105.8037,-1,0,0,0,0,-1.0000,3.0000,,63
105.8196,-1,0,0,0,0,-1.0000,3.0000,,63
105.8420,-1,0,0,0,0,-1.0000,3.0000,,63
105.8636,-1,0,0,0,0,-1.0000,3.0000,,63
105.8861,-1,0,0,0,0,-1.0000,3.0000,,63
105.9083,-1,0,0,0,0,-1.0000,3.0000,,63
105.9285,-1,0,0,0,0,-1.0000,3.0000,,63
105.9502,-1,0,0,0,0,-1.0000,3.0000,,63
105.9704,-1,0,0,0,0,-1.0000,3.0000,,63
106.0126,-1,0,0,0,0,-1.0000,3.0000,,63
106.0244,-1,0,0,0,0,-1.0000,3.0000,,63
106.0408,-1,0,0,0,0,-1.0000,3.0000,,63
106.0641,-1,0,0,0,0,-1.0000,3.0000,,63
106.0914,-1,0,0,0,0,-1.0000,3.0000,,63
106.1330,-1,0,0,0,0,-1.0000,3.0000,,63
106.1434,-1,0,0,0,0,-1.0000,3.0000,,63
106.1609,-1,0,0,0,0,-1.0000,3.0000,,63
106.1817,-1,0,0,0,0,-1.0000,3.0000,,63
106.2028,-1,0,0,0,0,-1.0000,3.0000,,63
106.2251,-1,0,0,0,0,-1.0000,3.0000,,64
106.2463,-1,0,0,0,0,-1.0000,3.0000,,64
106.2678,-1,0,0,0,0,-1.0000,3.0000,,64
106.2891,-1,0,0,0,0,-1.0000,3.0000,,64
106.3099,-1,0,0,0,0,-1.0000,3.0000,,64
106.3311,-1,0,0,0,0,-1.0000,3.0000,,64
106.3540,-1,0,0,0,0,-1.0000,3.0000,,64
106.3746,-1,0,0,0,0,-1.0000,3.0000,,64
106.3958,-1,0,0,0,0,-1.0000,3.0000,,64
106.4325,-1,0,0,0,0,-1.0000,3.0000,,64
106.4418,-1,0,0,0,0,-1.0000,3.0000,,64
106.4581,-1,0,0,0,0,-1.0000,3.0000,,64
106.4784,-1,0,0,0,0,-1.0000,3.0000,,64
106.4986,-1,0,0,0,0,-1.0000,3.0000,,64
106.5190,-1,0,0,0,0,-1.0000,1.0000,,64
106.5393,-1,0,0,0,0,-1.0000,0.0000,,64
106.5598,-1,0,0,0,0,-1.0000,0.0000,,64
106.5798,-1,0,0,0,0,-1.0000,0.0000,,64
106.6012,-1,0,0,0,0,-1.0000,0.0000,,64
106.6380,-1,0,0,0,0,-1.0000,0.0000,,64
106.6470,-1,0,0,0,0,-1.0000,0.0000,,64
106.6629,-1,0,0,0,0,-1.0000,0.0000,,64
106.6833,-1,0,0,0,0,-1.0000,0.0000,,64
106.7033,-1,0,0,0,0,-1.0000,0.0000,,64
106.7236,-1,0,0,0,0,-1.0000,0.0000,,64
106.7443,-1,0,0,0,0,-1.0000,0.0000,,64
106.7648,-1,0,0,0,0,-1.0000,0.0000,,64
106.7834,-1,0,0,0,0,-1.0000,0.0000,,64
106.8026,-1,0,0,0,0,-1.0000,0.0000,,64
106.8242,-1,0,0,0,0,-1.0000,0.0000,,64
106.8436,-1,0,0,0,0,-1.0000,0.0000,,64
106.8626,-1,0,0,0,0,-1.0000,0.0000,,64
106.8823,-1,0,0,0,0,-1.0000,0.0000,,64
106.9010,-1,0,0,0,0,-1.0000,0.0000,,64
106.9225,-1,0,0,0,0,-1.0000,0.0000,,64
106.9417,-1,0,0,0,0,-1.0000,0.0000,,64
106.9616,-1,0,0,0,0,-1.0000,0.0000,,64
106.9811,-1,0,0,0,0,-1.0000,0.0000,,64
107.0026,-1,0,0,0,0,-1.0000,0.0000,,64
107.0398,-1,0,0,0,0,-1.0000,0.0000,,64
107.0495,-1,0,0,0,0,-1.0000,0.0000,,64
107.0647,-1,0,0,0,1,-1.0000,1.0000,,64
107.0854,-1,0,0,0,0,-1.0000,1.0000,,64
107.1048,-1,0,0,0,1,-1.0000,2.0000,,64
107.1412,-1,0,0,0,0,-1.0000,2.0000,,64
107.1498,-1,0,0,0,0,-1.0000,2.0000,,64
107.1659,-1,0,0,0,0,-1.0000,2.0000,,64
107.1857,-1,0,0,0,0,-1.0000,2.0000,,64
107.2047,-1,0,0,0,0,-1.0000,2.0000,,64
107.2245,-1,0,0,0,0,-1.0000,2.0000,,64
107.2442,-1,0,0,0,0,-1.0000,2.0000,,64
107.2631,-1,0,0,0,0,-1.0000,2.0000,,64
107.2828,-1,0,0,0,0,-1.0000,2.0000,,64
107.3003,-1,0,0,0,0,-1.0000,2.0000,,64
107.3203,-1,0,0,0,0,-1.0000,2.0000,,64
107.3402,-1,0,0,0,0,-1.0000,2.0000,,64
107.3592,-1,0,0,0,0,-1.0000,2.0000,,64
107.3790,-1,0,0,0,0,-1.0000,2.0000,,64
107.3987,-1,0,0,0,0,-1.0000,2.0000,,65
107.4172,-1,0,0,0,0,-1.0000,2.0000,,65
107.4546,-1,0,0,0,0,-1.0000,2.0000,,65
107.4646,-1,0,0,0,0,-1.0000,2.0000,,65
107.4794,-1,0,0,0,0,-1.0000,2.0000,,65
107.4995,-1,0,0,0,0,-1.0000,2.0000,,65
107.5194,-1,0,0,0,1,-1.0000,3.0000,,65
107.5390,-1,0,0,0,0,-1.0000,3.0000,,65
107.5596,-1,0,0,0,0,-1.0000,3.0000,,65
107.5793,-1,0,0,0,0,-1.0000,3.0000,,65
107.5987,-1,0,0,0,0,-1.0000,3.0000,,65
107.6194,-1,0,0,0,0,-1.0000,3.0000,,65
107.6560,-1,0,0,0,0,-1.0000,3.0000,,65
107.6649,-1,0,0,0,0,-1.0000,3.0000,,65
107.6804,-1,0,0,0,0,-1.0000,3.0000,,65
107.7010,-1,0,0,0,0,-1.0000,3.0000,,65
107.7214,-1,0,0,0,0,-1.0000,3.0000,,65
107.7414,-1,0,0,0,0,-1.0000,3.0000,,66
107.7610,-1,0,0,0,0,-1.0000,3.0000,,66
107.7807,-1,0,0,0,0,-1.0000,3.0000,,66
107.8017,-1,0,0,0,0,-1.0000,3.0000,,66
107.8209,-1,0,0,0,0,-1.0000,3.0000,,66
107.8584,-1,0,0,0,0,-1.0000,3.0000,,66
107.8680,-1,0,0,0,0,-1.0000,3.0000,,66
107.8835,-1,0,0,0,0,-1.0000,3.0000,,66
107.9031,-1,0,0,0,0,-1.0000,3.0000,,66
107.9240,-1,0,0,0,0,-1.0000,3.0000,,66
107.9436,-1,0,0,0,0,-1.0000,3.0000,,66
107.9630,-1,0,0,0,0,-1.0000,3.0000,,66
107.9833,-1,0,0,0,0,-1.0000,3.0000,,66
108.0026,-1,0,0,0,0,-1.0000,3.0000,,66
108.0244,-1,0,0,0,0,-1.0000,3.0000,,66
108.0627,-1,0,0,0,0,-1.0000,3.0000,,66
108.0723,-1,0,0,0,0,-1.0000,2.0000,,66
108.0887,-1,0,0,0,1,-1.0000,3.0000,,66
108.1090,-1,0,0,0,0,-1.0000,2.0000,,66
108.1299,-1,0,0,0,0,-1.0000,2.0000,,66
108.1671,-1,0,0,0,0,-1.0000,2.0000,,66
108.1768,-1,0,0,0,0,-1.0000,2.0000,,66
108.1928,-1,0,0,0,0,-1.0000,2.0000,,66
108.2134,-1,0,0,0,0,-1.0000,2.0000,,66
108.2337,-1,0,0,0,0,-1.0000,2.0000,,66
108.2542,-1,0,0,0,0,-1.0000,2.0000,,66
108.2745,-1,0,0,0,0,-1.0000,2.0000,,66
108.2934,-1,0,0,0,0,-1.0000,2.0000,,66
108.3138,-1,0,0,0,0,-1.0000,2.0000,,66
108.3353,-1,0,0,0,0,-1.0000,2.0000,,66
108.3553,-1,0,0,0,0,-1.0000,2.0000,,66
108.3761,-1,0,0,0,0,-1.0000,2.0000,,66
108.3977,-1,0,0,0,0,-1.0000,2.0000,,66
108.4162,-1,0,0,0,0,-1.0000,2.0000,,66
108.4373,-1,0,0,0,1,-1.0000,4.0000,,66
108.4583,-1,0,0,0,1,-1.0000,5.0000,,66
108.4789,-1,0,0,0,0,-1.0000,5.0000,,66
108.4993,-1,0,0,0,0,-1.0000,5.0000,,66
108.5195,-1,0,0,0,0,-1.0000,4.0000,,66
108.5398,-1,0,0,0,0,-1.0000,4.0000,,66
108.5594,-1,0,0,0,0,-1.0000,4.0000,,66
108.5803,-1,0,0,0,0,-1.0000,4.0000,,66
108.6007,-1,0,0,0,0,-1.0000,4.0000,,66
108.6211,-1,0,0,0,0,-1.0000,4.0000,,66
108.6413,-1,0,0,0,0,-1.0000,4.0000,,66
108.6791,-1,0,0,0,0,-1.0000,4.0000,,66
108.6893,-1,0,0,0,0,-1.0000,4.0000,,66
108.7051,-1,0,0,0,0,-1.0000,4.0000,,66
108.7252,-1,0,0,0,0,-1.0000,4.0000,,66
108.7464,-1,0,0,0,0,-1.0000,4.0000,,66
108.7671,-1,0,0,0,0,-1.0000,4.0000,,66
108.7871,-1,0,0,0,0,-1.0000,4.0000,,66
108.8075,-1,0,0,0,0,-1.0000,4.0000,,66
108.8278,-1,0,0,0,0,-1.0000,4.0000,,66
108.8474,-1,0,0,0,0,-1.0000,4.0000,,66
108.8863,-1,0,0,0,1,-1.0000,5.0000,,66
108.8963,-1,0,0,0,0,-1.0000,5.0000,,66
108.9126,-1,0,0,0,0,-1.0000,5.0000,,66
108.9324,-1,0,0,0,0,-1.0000,5.0000,,66
108.9522,-1,0,0,0,0,-1.0000,5.0000,,66
108.9724,-1,0,0,0,0,-1.0000,5.0000,,66
108.9926,-1,0,0,0,0,-1.0000,5.0000,,66
109.0131,-1,0,0,0,0,-1.0000,5.0000,,66
109.0337,-1,0,0,0,0,-1.0000,5.0000,,66
109.0551,-1,0,0,0,0,-1.0000,5.0000,,66
109.0749,-1,0,0,0,0,-1.0000,5.0000,,66
109.0951,-1,0,0,0,0,-1.0000,4.0000,,66
109.1147,-1,0,0,0,0,-1.0000,4.0000,,66
109.1349,-1,0,0,0,0,-1.0000,4.0000,,66
109.1551,-1,0,0,0,0,-1.0000,4.0000,,66
109.1924,-1,0,0,0,0,-1.0000,4.0000,,66
109.2017,-1,0,0,0,0,-1.0000,4.0000,,66
109.2178,-1,0,0,0,0,-1.0000,4.0000,,66
109.2383,-1,0,0,0,0,-1.0000,4.0000,,66
109.2580,-1,0,0,0,0,-1.0000,4.0000,,66
109.2793,-1,0,0,0,0,-1.0000,4.0000,,66
109.2991,-1,0,0,0,0,-1.0000,4.0000,,66
109.3197,-1,0,0,0,0,-1.0000,4.0000,,66
109.3395,-1,0,0,0,0,-1.0000,4.0000,,66
109.3588,-1,0,0,0,0,-1.0000,4.0000,,66
109.3801,-1,0,0,0,0,-1.0000,4.0000,,66
109.4001,-1,0,0,0,0,-1.0000,4.0000,,66
109.4213,-1,0,0,0,0,-1.0000,4.0000,,66
109.4415,-1,0,0,0,0,-1.0000,2.0000,,66
109.4614,-1,0,0,0,0,-1.0000,1.0000,,66
109.4990,-1,0,0,0,0,-1.0000,1.0000,,66
109.5079,-1,0,0,0,0,-1.0000,1.0000,,66
109.5247,-1,0,0,0,0,-1.0000,1.0000,,66
109.5453,-1,0,0,0,0,-1.0000,1.0000,,66
109.5657,-1,0,0,0,0,-1.0000,1.0000,,66
109.5856,-1,0,0,0,0,-1.0000,1.0000,,66
109.6058,-1,0,0,0,0,-1.0000,1.0000,,66
109.6249,-1,0,0,0,0,-1.0000,1.0000,,66
109.6460,-1,0,0,0,0,-1.0000,1.0000,,66
109.6660,-1,0,0,0,0,-1.0000,1.0000,,66
109.7032,-1,0,0,0,0,-1.0000,1.0000,,66
109.7123,-1,0,0,0,0,-1.0000,1.0000,,66
109.7282,-1,0,0,0,0,-1.0000,1.0000,,66
109.7480,-1,0,0,0,0,-1.0000,1.0000,,66
109.7684,-1,0,0,0,0,-1.0000,1.0000,,66
109.7895,-1,0,0,0,0,-1.0000,1.0000,,66
109.8097,-1,0,0,0,0,-1.0000,1.0000,,66
109.8296,-1,0,0,0,0,-1.0000,1.0000,,66
109.8495,-1,0,0,0,0,-1.0000,1.0000,,66
109.8692,-1,0,0,0,0,-1.0000,1.0000,,66
109.8904,-1,0,0,0,0,-1.0000,0.0000,,66
109.9106,-1,0,0,0,0,-1.0000,0.0000,,66
109.9306,-1,0,0,0,0,-1.0000,0.0000,,66
109.9504,-1,0,0,0,0,-1.0000,0.0000,,66
109.9695,-1,0,0,0,0,-1.0000,0.0000,,66
109.9910,-1,0,0,0,0,-1.0000,0.0000,,66
110.0111,-1,0,0,0,0,-1.0000,0.0000,,66
110.0309,-1,0,0,0,0,-1.0000,0.0000,,66
110.0507,-1,0,0,0,0,-1.0000,0.0000,,66
110.0699,-1,0,0,0,0,-1.0000,0.0000,,66
110.1084,-1,0,0,0,0,-1.0000,0.0000,,66
110.1187,-1,0,0,0,0,-1.0000,0.0000,,66
110.1356,-1,0,0,0,0,-1.0000,0.0000,,66
110.1558,-1,0,0,0,0,-1.0000,0.0000,,66
110.1761,-1,0,0,0,0,-1.0000,0.0000,,66
110.2137,-1,0,0,0,0,-1.0000,0.0000,,66
110.2231,-1,0,0,0,1,-1.0000,1.0000,,66
110.2379,-1,0,0,0,1,-1.0000,2.0000,,66
110.2576,-1,0,0,0,1,-1.0000,3.0000,,66
110.2790,-1,0,0,0,0,-1.0000,3.0000,,66
110.2995,-1,0,0,0,0,-1.0000,3.0000,,66
110.3197,-1,0,0,0,0,-1.0000,3.0000,,66
110.3398,-1,0,0,0,0,-1.0000,3.0000,,66
110.3591,-1,0,0,0,0,-1.0000,3.0000,,66
110.3802,-1,0,0,0,0,-1.0000,3.0000,,66
110.4015,-1,0,0,0,0,-1.0000,3.0000,,66
110.4217,-1,0,0,0,0,-1.0000,3.0000,,66
110.4425,-1,0,0,0,0,-1.0000,3.0000,,66
110.4622,-1,0,0,0,0,-1.0000,3.0000,,66
110.4810,-1,0,0,0,0,-1.0000,3.0000,,66
110.5024,-1,0,0,0,0,-1.0000,3.0000,,66
110.5224,-1,0,0,0,0,-1.0000,3.0000,,66
110.5416,-1,0,0,0,0,-1.0000,3.0000,,66
110.5618,-1,0,0,0,0,-1.0000,3.0000,,66
110.5812,-1,0,0,0,0,-1.0000,3.0000,,66
110.6017,-1,0,0,0,0,-1.0000,3.0000,,66
110.6214,-1,0,0,0,0,-1.0000,3.0000,,66
110.6409,-1,0,0,0,0,-1.0000,3.0000,,66
110.6605,-1,0,0,0,0,-1.0000,3.0000,,66
110.6798,-1,0,0,0,0,-1.0000,3.0000,,66
110.7228,-1,0,0,0,0,-1.0000,3.0000,,66
110.7314,-1,0,0,0,0,-1.0000,3.0000,,66
110.7475,-1,0,0,0,0,-1.0000,3.0000,,66
110.7677,-1,0,0,0,0,-1.0000,3.0000,,66
110.7883,-1,0,0,0,0,-1.0000,3.0000,,66
110.8071,-1,0,0,0,0,-1.0000,3.0000,,66
110.8271,-1,0,0,0,0,-1.0000,3.0000,,66
110.8466,-1,0,0,0,0,-1.0000,3.0000,,66
110.8671,-1,0,0,0,0,-1.0000,3.0000,,66
110.8872,-1,0,0,0,0,-1.0000,3.0000,,66
110.9067,-1,0,0,0,0,-1.0000,3.0000,,66
110.9259,-1,0,0,0,0,-1.0000,3.0000,,66
110.9631,-1,0,0,0,0,-1.0000,3.0000,,66
110.9721,-1,0,0,0,0,-1.0000,3.0000,,66
110.9882,-1,0,0,0,0,-1.0000,3.0000,,66
111.0075,-1,0,0,0,0,-1.0000,3.0000,,66
111.0274,-1,0,0,0,0,-1.0000,3.0000,,66
111.0469,-1,0,0,0,0,-1.0000,3.0000,,66
111.0674,-1,0,0,0,0,-1.0000,3.0000,,66
111.0869,-1,0,0,0,0,-1.0000,3.0000,,66
111.1065,-1,0,0,0,0,-1.0000,3.0000,,66
111.1256,-1,0,0,0,0,-1.0000,3.0000,,66
111.1469,-1,0,0,0,0,-1.0000,3.0000,,66
111.1667,-1,0,0,0,0,-1.0000,3.0000,,66
111.1870,-1,0,0,0,0,-1.0000,3.0000,,66
111.2239,-1,0,0,0,0,-1.0000,2.0000,,66
111.2335,-1,0,0,0,0,-1.0000,2.0000,,66
111.2473,-1,0,0,0,0,-1.0000,1.0000,,66
111.2677,-1,0,0,0,0,-1.0000,0.0000,,66
111.2877,-1,0,0,0,0,-1.0000,0.0000,,66
111.3080,-1,0,0,0,0,-1.0000,0.0000,,66
111.3277,-1,0,0,0,0,-1.0000,0.0000,,66
111.3473,-1,0,0,0,0,-1.0000,0.0000,,66
111.3847,-1,0,0,0,0,-1.0000,0.0000,,66
111.3945,-1,0,0,0,0,-1.0000,0.0000,,67
111.4106,-1,0,0,0,0,-1.0000,0.0000,,67
111.4309,-1,0,0,0,0,-1.0000,0.0000,,67
111.4509,-1,0,0,0,0,-1.0000,0.0000,,67
111.4721,-1,0,0,0,0,-1.0000,0.0000,,67
111.4938,-1,0,0,0,0,-1.0000,0.0000,,67
111.5145,-1,0,0,0,0,-1.0000,0.0000,,67
111.5348,-1,0,0,0,0,-1.0000,0.0000,,67
111.5547,-1,0,0,0,0,-1.0000,0.0000,,67
111.5916,-1,0,0,0,0,-1.0000,0.0000,,67
111.6014,-1,0,0,0,0,-1.0000,0.0000,,67
111.6166,-1,0,0,0,0,-1.0000,0.0000,,67
111.6368,-1,0,0,0,0,-1.0000,0.0000,,67
111.6573,-1,0,0,0,0,-1.0000,0.0000,,67
111.6781,-1,0,0,0,0,-1.0000,0.0000,,67
111.6985,-1,0,0,0,0,-1.0000,0.0000,,67
111.7350,-1,0,0,0,0,-1.0000,0.0000,,67
111.7442,-1,0,0,0,0,-1.0000,0.0000,,67
111.7591,-1,0,0,0,0,-1.0000,0.0000,,67
111.7797,-1,0,0,0,0,-1.0000,0.0000,,67
111.8001,-1,0,0,0,0,-1.0000,0.0000,,67
111.8198,-1,0,0,0,0,-1.0000,0.0000,,67
111.8397,-1,0,0,0,0,-1.0000,0.0000,,67
111.8598,-1,0,0,0,0,-1.0000,0.0000,,67
111.8796,-1,0,0,0,0,-1.0000,0.0000,,67
111.9009,-1,0,0,0,0,-1.0000,0.0000,,67
111.9209,-1,0,0,0,0,-1.0000,0.0000,,67
111.9412,-1,0,0,0,0,-1.0000,0.0000,,67
111.9606,-1,0,0,0,0,-1.0000,0.0000,,67
111.9996,-1,0,0,0,0,-1.0000,0.0000,,67
112.0103,-1,0,0,0,0,-1.0000,0.0000,,67
112.0256,-1,0,0,0,0,-1.0000,0.0000,,67
112.0464,-1,0,0,0,0,-1.0000,0.0000,,67
112.0669,-1,0,0,0,0,-1.0000,0.0000,,67
112.0863,-1,0,0,0,0,-1.0000,0.0000,,67
112.1066,-1,0,0,0,0,-1.0000,0.0000,,67
112.1274,-1,0,0,0,0,-1.0000,0.0000,,67
112.1482,-1,0,0,0,0,-1.0000,0.0000,,67
112.1694,-1,0,0,0,0,-1.0000,0.0000,,67
112.2080,-1,0,0,0,0,-1.0000,0.0000,,67
112.2314,-1,0,0,0,0,-1.0000,0.0000,,67
112.2416,-1,0,0,0,0,-1.0000,0.0000,,67
112.2571,-1,0,0,0,0,-1.0000,0.0000,,67
112.2773,-1,0,0,0,0,-1.0000,0.0000,,67
112.2971,-1,0,0,0,0,-1.0000,0.0000,,67
112.3178,-1,0,0,0,0,-1.0000,0.0000,,67
112.3383,-1,0,0,0,0,-1.0000,0.0000,,67
112.3587,-1,0,0,0,0,-1.0000,0.0000,,67
112.3792,-1,0,0,0,0,-1.0000,0.0000,,67
112.3991,-1,0,0,0,0,-1.0000,0.0000,,67
112.4192,-1,0,0,0,0,-1.0000,0.0000,,67
112.4405,-1,0,0,0,0,-1.0000,0.0000,,67
112.4619,-1,0,0,0,0,-1.0000,0.0000,,67
112.4825,-1,0,0,0,0,-1.0000,0.0000,,67
112.5027,-1,0,0,0,0,-1.0000,0.0000,,67
112.5224,-1,0,0,0,0,-1.0000,0.0000,,67
112.5427,-1,0,0,0,0,-1.0000,0.0000,,67
112.5631,-1,0,0,0,0,-1.0000,0.0000,,67
112.5837,-1,0,0,0,0,-1.0000,0.0000,,67
112.6042,-1,0,0,0,0,-1.0000,0.0000,,67
112.6244,-1,0,0,0,0,-1.0000,0.0000,,67
112.6450,-1,0,0,0,0,-1.0000,0.0000,,67
112.6659,-1,0,0,0,0,-1.0000,0.0000,,67
112.6855,-1,0,0,0,1,-1.0000,1.0000,,67
112.7062,-1,0,0,0,0,-1.0000,1.0000,,67
112.7273,-1,0,0,0,0,-1.0000,1.0000,,67
112.7653,-1,0,0,0,0,-1.0000,1.0000,,67
112.7753,-1,0,0,0,0,-1.0000,1.0000,,67
112.7914,-1,0,0,0,0,-1.0000,1.0000,,67
112.8300,-1,0,0,0,0,-1.0000,1.0000,,67
112.8398,-1,0,0,0,0,-1.0000,1.0000,,67
112.8554,-1,0,0,0,0,-1.0000,1.0000,,67
112.8756,-1,0,0,0,0,-1.0000,1.0000,,67
112.8964,-1,0,0,0,0,-1.0000,1.0000,,67
112.9170,-1,0,0,0,0,-1.0000,1.0000,,67
112.9378,-1,0,0,0,0,-1.0000,1.0000,,67
112.9588,-1,0,0,0,0,-1.0000,1.0000,,67
112.9793,-1,0,0,0,0,-1.0000,1.0000,,67
112.9999,-1,0,0,0,0,-1.0000,1.0000,,67
113.0377,-1,0,0,0,0,-1.0000,1.0000,,67
113.0476,-1,0,0,0,0,-1.0000,1.0000,,67
113.0641,-1,0,0,0,0,-1.0000,1.0000,,67
113.0851,-1,0,0,0,1,-1.0000,2.0000,,67
113.1059,-1,0,0,0,0,-1.0000,2.0000,,67
113.1273,-1,0,0,0,0,-1.0000,2.0000,,67
113.1475,-1,0,0,0,0,-1.0000,2.0000,,67
113.1679,-1,0,0,0,0,-1.0000,2.0000,,67
113.1883,-1,0,0,0,0,-1.0000,2.0000,,67
113.2086,-1,0,0,0,0,-1.0000,2.0000,,67
113.2312,-1,0,0,0,0,-1.0000,2.0000,,67
113.2698,-1,0,0,0,0,-1.0000,2.0000,,67
113.2803,-1,0,0,0,0,-1.0000,2.0000,,67
113.2948,-1,0,0,0,0,-1.0000,2.0000,,67
113.3155,-1,0,0,0,0,-1.0000,2.0000,,67
113.3370,-1,0,0,0,0,-1.0000,2.0000,,67
113.3567,-1,0,0,0,0,-1.0000,2.0000,,67
113.3771,-1,0,0,0,0,-1.0000,2.0000,,67
113.3970,-1,0,0,0,0,-1.0000,2.0000,,67
113.4175,-1,0,0,0,0,-1.0000,2.0000,,67
113.4567,-1,0,0,0,0,-1.0000,2.0000,,67
113.4664,-1,0,0,0,0,-1.0000,2.0000,,67
113.4821,-1,0,0,0,0,-1.0000,2.0000,,67
113.5032,-1,0,0,0,0,-1.0000,2.0000,,67
113.5236,-1,0,0,0,0,-1.0000,2.0000,,67
113.5445,-1,0,0,0,0,-1.0000,2.0000,,67
113.5645,-1,0,0,0,0,-1.0000,2.0000,,67
113.5853,-1,0,0,0,0,-1.0000,2.0000,,67
113.6058,-1,0,0,0,0,-1.0000,2.0000,,67
113.6269,-1,0,0,0,1,-1.0000,3.0000,,67
113.6476,-1,0,0,0,1,-1.0000,4.0000,,67
113.6683,-1,0,0,0,1,-1.0000,5.0000,,67
113.6886,-1,0,0,0,0,-1.0000,4.0000,,67
113.7085,-1,0,0,0,0,-1.0000,4.0000,,67
113.7291,-1,0,0,0,0,-1.0000,4.0000,,67
113.7499,-1,0,0,0,0,-1.0000,4.0000,,67
113.7888,-1,0,0,0,0,-1.0000,4.0000,,67
113.7986,-1,0,0,0,0,-1.0000,4.0000,,67
113.8148,-1,0,0,0,0,-1.0000,4.0000,,67
113.8356,-1,0,0,0,0,-1.0000,4.0000,,67
113.8576,-1,0,0,0,0,-1.0000,4.0000,,67
113.8780,-1,0,0,0,0,-1.0000,4.0000,,67
113.8989,-1,0,0,0,0,-1.0000,4.0000,,67
113.9187,-1,0,0,0,0,-1.0000,4.0000,,67
113.9397,-1,0,0,0,0,-1.0000,4.0000,,67
113.9611,-1,0,0,0,0,-1.0000,4.0000,,67
113.9816,-1,0,0,0,0,-1.0000,4.0000,,67
114.0029,-1,0,0,0,0,-1.0000,4.0000,,67
114.0227,-1,0,0,0,0,-1.0000,4.0000,,67
114.0433,-1,0,0,0,0,-1.0000,4.0000,,67
114.0631,-1,0,0,0,0,-1.0000,4.0000,,67
114.0838,-1,0,0,0,0,-1.0000,4.0000,,67
114.1049,-1,0,0,0,0,-1.0000,3.0000,,68
114.1251,-1,0,0,0,0,-1.0000,3.0000,,68
114.1455,-1,0,0,0,0,-1.0000,3.0000,,68
114.1668,-1,0,0,0,0,-1.0000,3.0000,,68
114.1870,-1,0,0,0,0,-1.0000,3.0000,,68
114.2079,-1,0,0,0,0,-1.0000,3.0000,,68
114.2286,-1,0,0,0,0,-1.0000,3.0000,,68
114.2498,-1,0,0,0,0,-1.0000,3.0000,,68
114.2893,-1,0,0,0,0,-1.0000,3.0000,,68
114.3133,-1,0,0,0,0,-1.0000,3.0000,,68
114.3237,-1,0,0,0,0,-1.0000,3.0000,,68
114.3392,-1,0,0,0,0,-1.0000,3.0000,,68
114.3602,-1,0,0,0,0,-1.0000,3.0000,,68
114.3807,-1,0,0,0,0,-1.0000,3.0000,,68
114.4028,-1,0,0,0,0,-1.0000,3.0000,,68
114.4227,-1,0,0,0,0,-1.0000,3.0000,,68
114.4436,-1,0,0,0,0,-1.0000,3.0000,,68
114.4645,-1,0,0,0,0,-1.0000,3.0000,,68
114.5028,-1,0,0,0,0,-1.0000,3.0000,,68
114.5128,-1,0,0,0,0,-1.0000,3.0000,,68
114.5274,-1,0,0,0,0,-1.0000,3.0000,,68
114.5480,-1,0,0,0,0,-1.0000,3.0000,,68
114.5697,-1,0,0,0,0,-1.0000,3.0000,,68
114.5906,-1,0,0,0,0,-1.0000,3.0000,,68
114.6103,-1,0,0,0,0,-1.0000,3.0000,,68
114.6308,-1,0,0,0,0,-1.0000,2.0000,,68
114.6512,-1,0,0,0,0,-1.0000,1.0000,,68
114.6718,-1,0,0,0,0,-1.0000,0.0000,,68
114.6930,-1,0,0,0,0,-1.0000,0.0000,,68
114.7144,-1,0,0,0,0,-1.0000,0.0000,,68
114.7347,-1,0,0,0,0,-1.0000,0.0000,,68
114.7546,-1,0,0,0,0,-1.0000,0.0000,,68
114.7752,-1,0,0,0,0,-1.0000,0.0000,,68
114.7958,-1,0,0,0,0,-1.0000,0.0000,,68
114.8349,-1,0,0,0,0,-1.0000,0.0000,,68
114.8450,-1,0,0,0,0,-1.0000,0.0000,,68
114.8603,-1,0,0,0,0,-1.0000,0.0000,,68
114.8813,-1,0,0,0,0,-1.0000,0.0000,,68
114.9030,-1,0,0,0,0,-1.0000,0.0000,,68
114.9241,-1,0,0,0,0,-1.0000,0.0000,,68
114.9425,-1,0,0,0,0,-1.0000,0.0000,,68
114.9629,-1,0,0,0,0,-1.0000,0.0000,,68
114.9824,-1,0,0,0,0,-1.0000,0.0000,,68
115.0022,-1,0,0,0,0,-1.0000,0.0000,,68
115.0228,-1,0,0,0,0,-1.0000,0.0000,,68
115.0409,-1,0,0,0,0,-1.0000,0.0000,,68
115.0607,-1,0,0,0,1,-1.0000,2.0000,,68
115.0805,-1,0,0,0,1,-1.0000,3.0000,,68
115.1005,-1,0,0,0,0,-1.0000,3.0000,,68
115.1189,-1,0,0,0,0,-1.0000,3.0000,,68
115.1384,-1,0,0,0,0,-1.0000,3.0000,,68
115.1586,-1,0,0,0,0,-1.0000,3.0000,,68
115.1789,-1,0,0,0,0,-1.0000,3.0000,,68
115.1977,-1,0,0,0,0,-1.0000,3.0000,,68
115.2170,-1,0,0,0,0,-1.0000,3.0000,,68
115.2367,-1,0,0,0,0,-1.0000,3.0000,,68
115.2568,-1,0,0,0,0,-1.0000,3.0000,,68
115.2758,-1,0,0,0,0,-1.0000,3.0000,,68
115.2961,-1,0,0,0,0,-1.0000,3.0000,,68
115.3327,-1,0,0,0,0,-1.0000,3.0000,,68
115.3553,-1,0,0,0,0,-1.0000,3.0000,,68
115.3650,-1,0,0,0,0,-1.0000,3.0000,,68
115.3800,-1,0,0,0,0,-1.0000,3.0000,,68
115.3993,-1,0,0,0,0,-1.0000,3.0000,,68
115.4178,-1,0,0,0,0,-1.0000,3.0000,,68
115.4368,-1,0,0,0,0,-1.0000,3.0000,,68
115.4567,-1,0,0,0,0,-1.0000,3.0000,,68
115.4769,-1,0,0,0,0,-1.0000,3.0000,,68
115.4953,-1,0,0,0,0,-1.0000,3.0000,,68
115.5136,-1,0,0,0,0,-1.0000,3.0000,,68
115.5334,-1,0,0,0,0,-1.0000,3.0000,,68
115.5521,-1,0,0,0,0,-1.0000,3.0000,,68
115.5714,-1,0,0,0,0,-1.0000,3.0000,,68
115.5913,-1,0,0,0,0,-1.0000,3.0000,,68
115.6107,-1,0,0,0,0,-1.0000,3.0000,,68
115.6288,-1,0,0,0,0,-1.0000,3.0000,,68
115.6488,-1,0,0,0,0,-1.0000,3.0000,,68
115.6681,-1,0,0,0,0,-1.0000,3.0000,,68
115.6879,-1,0,0,0,0,-1.0000,3.0000,,68
115.7065,-1,0,0,0,0,-1.0000,3.0000,,68
115.7247,-1,0,0,0,0,-1.0000,3.0000,,68
115.7517,-1,0,0,0,0,-1.0000,3.0000,,68
115.7888,-1,0,0,0,0,-1.0000,3.0000,,68
115.7982,-1,0,0,0,0,-1.0000,3.0000,,68
115.8334,-1,0,0,0,0,-1.0000,3.0000,,68
115.8421,-1,0,0,0,0,-1.0000,3.0000,,68
115.8590,-1,0,0,0,0,-1.0000,3.0000,,68
115.8800,-1,0,0,0,0,-1.0000,3.0000,,68
115.9004,-1,0,0,0,0,-1.0000,3.0000,,68
115.9217,-1,0,0,0,0,-1.0000,3.0000,,68
115.9427,-1,0,0,0,0,-1.0000,3.0000,,68
115.9629,-1,0,0,0,0,-1.0000,3.0000,,68
116.0003,-1,0,0,0,0,-1.0000,3.0000,,68
116.0102,-1,0,0,0,0,-1.0000,3.0000,,68
116.0261,-1,0,0,0,0,-1.0000,3.0000,,68
116.0469,-1,0,0,0,0,-1.0000,3.0000,,68
116.0683,-1,0,0,0,0,-1.0000,1.0000,,68
116.0888,-1,0,0,0,0,-1.0000,0.0000,,69
116.1080,-1,0,0,0,0,-1.0000,0.0000,,69
116.1291,-1,0,0,0,0,-1.0000,0.0000,,69
116.1496,-1,0,0,0,0,-1.0000,0.0000,,69
116.1705,-1,0,0,0,0,-1.0000,0.0000,,69
116.2095,-1,0,0,0,0,-1.0000,0.0000,,69
116.2198,-1,0,0,0,0,-1.0000,0.0000,,69
116.2350,-1,0,0,0,0,-1.0000,0.0000,,69
116.2562,-1,0,0,0,0,-1.0000,0.0000,,69
116.2763,-1,0,0,0,0,-1.0000,0.0000,,69
116.2987,-1,0,0,0,0,-1.0000,0.0000,,69
116.3365,-1,0,0,0,0,-1.0000,0.0000,,69
116.3454,-1,0,0,0,0,-1.0000,0.0000,,69
116.3609,-1,0,0,0,0,-1.0000,0.0000,,69
116.3822,-1,0,0,0,0,-1.0000,0.0000,,69
116.4026,-1,0,0,0,0,-1.0000,0.0000,,69