run_time,current_driver_player_number,driver_changed_this_frame,driver_change_count_total,curve_active,drift_check_active,drift_check_result,warning_active,warning_obstacle_id,driver_input_this_frame,inputs_per_second,hit_obstacle_id_this_frame,player1_collision_counter,player2_collision_counter,player3_collision_counter,player4_collision_counter,collision_count_total,player1_final_points,player2_final_points,player3_final_points,player4_final_points
134.7934,1,0,0,0,0,0,0,-1,0,0.0000,-1,0,0,0,0,0,0,0,0,0
134.851,1,0,0,0,0,0,0,-1,0,0.0000,-1,0,0,0,0,0,0,0,0,0
134.8788,1,0,0,0,0,0,0,-1,0,0.0000,-1,0,0,0,0,0,0,0,0,0
134.8902,1,0,0,0,0,0,0,-1,0,0.0000,-1,0,0,0,0,0,0,0,0,0
134.9104,1,0,0,0,0,0,0,-1,0,0.0000,-1,0,0,0,0,0,0,0,0,0
134.9348,1,0,0,0,0,0,0,-1,0,0.0000,-1,0,0,0,0,0,0,0,0,0
134.9598,1,0,0,0,0,0,0,-1,0,0.0000,-1,0,0,0,0,0,0,0,0,0
134.9831,1,0,0,0,0,0,0,-1,0,0.0000,-1,0,0,0,0,0,0,0,0,0
135.0252,1,0,0,0,0,0,0,-1,0,0.0000,-1,0,0,0,0,0,0,0,0,0
135.0428,1,0,0,0,0,0,0,-1,0,0.0000,-1,0,0,0,0,0,0,0,0,0
135.0581,1,0,0,0,0,0,0,-1,0,0.0000,-1,0,0,0,0,0,0,0,0,0
135.0785,1,0,0,0,0,0,0,-1,0,0.0000,-1,0,0,0,0,0,0,0,0,0
135.1029,1,0,0,0,0,0,0,-1,0,0.0000,-1,0,0,0,0,0,0,0,0,0
135.1252,1,0,0,0,0,0,0,-1,0,0.0000,-1,0,0,0,0,0,0,0,0,0
135.1481,1,0,0,0,0,0,0,-1,0,0.0000,-1,0,0,0,0,0,0,0,0,0
135.1695,1,0,0,0,0,0,0,-1,0,0.0000,-1,0,0,0,0,0,0,0,0,0
135.191,1,0,0,0,0,0,0,-1,0,0.0000,-1,0,0,0,0,0,0,0,0,0
135.2137,1,0,0,0,0,0,0,-1,0,0.0000,-1,0,0,0,0,0,0,0,0,0
135.2382,1,0,0,0,0,0,0,-1,0,0.0000,-1,0,0,0,0,0,0,0,0,0
135.2648,1,0,0,0,0,0,0,-1,0,0.0000,-1,0,0,0,0,0,0,0,0,0
135.2871,1,0,0,0,0,0,0,-1,0,0.0000,-1,0,0,0,0,0,0,0,0,0
135.308,1,0,0,0,0,0,0,-1,0,0.0000,-1,0,0,0,0,0,0,0,0,0
135.3319,1,0,0,0,0,0,0,-1,0,0.0000,-1,0,0,0,0,0,0,0,0,0
135.3563,1,0,0,0,0,0,0,-1,0,0.0000,-1,0,0,0,0,0,0,0,0,0
135.3794,1,0,0,0,0,0,0,-1,0,0.0000,-1,0,0,0,0,0,0,0,0,0
135.4004,1,0,0,0,0,0,0,-1,0,0.0000,-1,0,0,0,0,0,0,0,0,0
135.4469,1,0,0,0,0,0,0,-1,0,0.0000,-1,0,0,0,0,0,0,0,0,0
135.4606,1,0,0,0,0,0,0,-1,0,0.0000,-1,0,0,0,0,0,0,0,0,0
135.4766,1,0,0,0,0,0,0,-1,0,0.0000,-1,0,0,0,0,0,0,0,0,0
135.5024,1,0,0,0,0,0,0,-1,0,0.0000,-1,0,0,0,0,0,0,0,0,0
135.5264,1,0,0,0,0,0,0,-1,0,0.0000,-1,0,0,0,0,0,0,0,0,0
135.5504,1,0,0,0,0,0,0,-1,0,0.0000,-1,0,0,0,0,0,0,0,0,0
135.5728,1,0,0,0,0,0,0,-1,0,0.0000,-1,0,0,0,0,0,0,0,0,0
135.5961,1,0,0,0,0,0,0,-1,0,0.0000,-1,0,0,0,0,0,0,0,0,0
135.6196,1,0,0,0,0,0,0,-1,0,0.0000,-1,0,0,0,0,0,0,0,0,0
135.6445,1,0,0,0,0,0,0,-1,0,0.0000,-1,0,0,0,0,0,0,0,0,0
135.668,1,0,0,0,0,0,0,-1,0,0.0000,-1,0,0,0,0,0,0,0,0,0
135.6902,1,0,0,0,0,0,0,-1,0,0.0000,-1,0,0,0,0,0,0,0,0,0
135.7156,1,0,0,0,0,0,0,-1,0,0.0000,-1,0,0,0,0,0,0,0,0,0
135.737,1,0,0,0,0,0,0,-1,0,0.0000,-1,0,0,0,0,0,0,0,0,0
135.7587,1,0,0,0,0,0,0,-1,0,0.0000,-1,0,0,0,0,0,0,0,0,0
135.7829,1,0,0,0,0,0,0,-1,0,0.0000,-1,0,0,0,0,0,0,0,0,0
135.8042,1,0,0,0,0,0,0,-1,0,0.0000,-1,0,0,0,0,0,0,0,0,0
135.8276,1,0,0,0,0,0,0,-1,0,0.0000,-1,0,0,0,0,0,0,0,0,0
135.8483,1,0,0,0,0,0,0,-1,0,0.0000,-1,0,0,0,0,0,0,0,0,0
135.8732,1,0,0,0,0,0,0,-1,0,0.0000,-1,0,0,0,0,0,0,0,0,0
135.8942,1,0,0,0,0,0,0,-1,0,0.0000,-1,0,0,0,0,0,0,0,0,0
135.9172,1,0,0,0,0,0,0,-1,0,0.0000,-1,0,0,0,0,0,0,0,0,0
135.9402,1,0,0,0,0,0,0,-1,0,0.0000,-1,0,0,0,0,0,0,0,0,0
135.9634,1,0,0,0,0,0,0,-1,0,0.0000,-1,0,0,0,0,0,0,0,0,0
135.9844,1,0,0,0,0,0,0,-1,0,0.0000,-1,0,0,0,0,0,0,0,0,0
136.0062,1,0,0,0,0,0,0,-1,0,0.0000,-1,0,0,0,0,0,0,0,0,0
136.0289,1,0,0,0,0,0,0,-1,0,0.0000,-1,0,0,0,0,0,0,0,0,0
136.0513,1,0,0,0,0,0,0,-1,0,0.0000,-1,0,0,0,0,0,0,0,0,0
136.0735,1,0,0,0,0,0,0,-1,0,0.0000,-1,0,0,0,0,0,0,0,0,0
136.0949,1,0,0,0,0,0,0,-1,0,0.0000,-1,0,0,0,0,0,0,0,0,0
136.1187,1,0,0,0,0,0,0,-1,0,0.0000,-1,0,0,0,0,0,0,0,0,0
136.1405,1,0,0,0,0,0,0,-1,0,0.0000,-1,0,0,0,0,0,0,0,0,0
136.1626,1,0,0,0,0,0,0,-1,0,0.0000,-1,0,0,0,0,0,0,0,0,0
136.1846,1,0,0,0,0,0,0,-1,0,0.0000,-1,0,0,0,0,0,0,0,0,0
136.2068,1,0,0,0,0,0,0,-1,0,0.0000,-1,0,0,0,0,0,0,0,0,0
136.2295,1,0,0,0,0,0,0,-1,0,0.0000,-1,0,0,0,0,0,0,0,0,0
136.2506,1,0,0,0,0,0,0,-1,0,0.0000,-1,0,0,0,0,0,0,0,0,0
136.2724,1,0,0,0,0,0,0,-1,0,0.0000,-1,0,0,0,0,0,0,0,0,0
136.2935,1,0,0,0,0,0,0,-1,0,0.0000,-1,0,0,0,0,0,0,0,0,0
136.3185,1,0,0,0,0,0,0,-1,0,0.0000,-1,0,0,0,0,0,0,0,0,0
136.3416,1,0,0,0,0,0,0,-1,0,0.0000,-1,0,0,0,0,0,0,0,0,0
136.3629,1,0,0,0,0,0,0,-1,0,0.0000,-1,0,0,0,0,0,0,0,0,0
136.3864,1,0,0,0,0,0,0,-1,0,0.0000,-1,0,0,0,0,0,0,0,0,0
136.4065,1,0,0,0,0,0,0,-1,0,0.0000,-1,0,0,0,0,0,0,0,0,0
136.4282,1,0,0,0,0,0,0,-1,0,0.0000,-1,0,0,0,0,0,0,0,0,0
136.4495,1,0,0,0,0,0,0,-1,0,0.0000,-1,0,0,0,0,0,0,0,0,0
136.4738,1,0,0,0,0,0,0,-1,0,0.0000,-1,0,0,0,0,0,0,0,0,0
136.4963,1,0,0,0,0,0,0,-1,0,0.0000,-1,0,0,0,0,0,0,0,0,0
136.518,1,0,0,0,0,0,0,-1,0,0.0000,-1,0,0,0,0,0,0,0,0,0
136.5408,1,0,0,0,0,0,0,-1,0,0.0000,-1,0,0,0,0,0,0,0,0,0
136.5624,1,0,0,0,0,0,0,-1,0,0.0000,-1,0,0,0,0,0,0,0,0,0
136.5843,1,0,0,0,0,0,0,-1,0,0.0000,-1,0,0,0,0,0,0,0,0,0
136.6073,1,0,0,0,0,0,0,-1,0,0.0000,-1,0,0,0,0,0,0,0,0,0
136.6301,1,0,0,0,0,0,0,-1,0,0.0000,-1,0,0,0,0,0,0,0,0,0
136.6519,1,0,0,0,0,0,0,-1,0,0.0000,-1,0,0,0,0,0,0,0,0,0
136.6738,1,0,0,0,0,0,0,-1,0,0.0000,-1,0,0,0,0,0,0,0,0,0
136.6973,1,0,0,0,0,0,0,-1,0,0.0000,-1,0,0,0,0,0,0,0,0,0
136.7172,1,0,0,0,0,0,0,-1,0,0.0000,-1,0,0,0,0,0,0,0,0,0
136.7427,1,0,0,0,0,0,0,-1,0,0.0000,-1,0,0,0,0,0,0,0,0,0
136.7624,1,0,0,0,0,0,0,-1,0,0.0000,-1,0,0,0,0,0,0,0,0,0
136.7838,1,0,0,0,0,0,0,-1,0,0.0000,-1,0,0,0,0,0,0,0,0,0
136.8073,1,0,0,0,0,0,0,-1,0,0.0000,-1,0,0,0,0,0,0,0,0,0
136.8289,1,0,0,0,0,0,0,-1,0,0.0000,-1,0,0,0,0,0,0,0,0,0
136.8525,1,0,0,0,0,0,0,-1,0,0.0000,-1,0,0,0,0,0,0,0,0,0
136.8932,1,0,0,0,0,0,0,-1,0,0.0000,-1,0,0,0,0,0,0,0,0,0
136.9055,1,0,0,0,0,0,0,-1,0,0.0000,-1,0,0,0,0,0,0,0,0,0
136.9209,1,0,0,0,0,0,0,-1,0,0.0000,-1,0,0,0,0,0,0,0,0,0
136.9438,1,0,0,0,0,0,0,-1,0,0.0000,-1,0,0,0,0,0,0,0,0,0
136.9662,1,0,0,0,0,0,0,-1,0,0.0000,-1,0,0,0,0,0,0,0,0,0
136.9888,1,0,0,0,0,0,0,-1,0,0.0000,-1,0,0,0,0,0,0,0,0,0
137.0109,1,0,0,0,0,0,0,-1,1,1.0000,-1,0,0,0,0,0,0,0,0,0
137.0336,1,0,0,0,0,0,0,-1,0,1.0000,-1,0,0,0,0,0,0,0,0,0
137.0588,1,0,0,0,0,0,0,-1,0,1.0000,-1,0,0,0,0,0,0,0,0,0
137.0993,1,0,0,0,0,0,0,-1,0,1.0000,-1,0,0,0,0,0,0,0,0,0
137.1138,1,0,0,0,0,0,0,-1,0,1.0000,-1,0,0,0,0,0,0,0,0,0
137.129,1,0,0,0,0,0,0,-1,0,1.0000,-1,0,0,0,0,0,0,0,0,0
137.1502,1,0,0,0,0,0,0,-1,0,1.0000,-1,0,0,0,0,0,0,0,0,0
137.1731,1,0,0,0,0,0,0,-1,0,1.0000,-1,0,0,0,0,0,0,0,0,0
137.1959,1,0,0,0,0,0,0,-1,0,1.0000,-1,0,0,0,0,0,0,0,0,0
137.2194,1,0,0,0,0,0,0,-1,0,1.0000,-1,0,0,0,0,0,0,0,0,0
137.2433,1,0,0,0,0,0,0,-1,0,1.0000,-1,0,0,0,0,0,0,0,0,0
137.266,1,0,0,0,0,0,0,-1,0,1.0000,-1,0,0,0,0,0,0,0,0,0
137.2886,1,0,0,0,0,0,0,-1,0,1.0000,-1,0,0,0,0,0,0,0,0,0
137.3116,1,0,0,0,0,0,0,-1,0,1.0000,-1,0,0,0,0,0,0,0,0,0
137.334,1,0,0,0,0,0,0,-1,0,1.0000,-1,0,0,0,0,0,0,0,0,0
137.3559,1,0,0,0,0,0,0,-1,0,1.0000,-1,0,0,0,0,0,0,0,0,0
137.3783,1,0,0,0,0,0,0,-1,0,1.0000,-1,0,0,0,0,0,0,0,0,0
137.4004,1,0,0,0,0,0,0,-1,0,1.0000,-1,0,0,0,0,0,0,0,0,0
137.4236,1,0,0,0,0,0,0,-1,0,1.0000,-1,0,0,0,0,0,0,0,0,0
137.4464,1,0,0,0,0,0,0,-1,0,1.0000,-1,0,0,0,0,0,0,0,0,0
137.4654,1,0,0,0,0,0,0,-1,0,1.0000,-1,0,0,0,0,0,0,0,0,0
137.4894,1,0,0,0,0,0,0,-1,0,1.0000,-1,0,0,0,0,0,0,0,0,0
137.5115,1,0,0,0,0,0,0,-1,0,1.0000,-1,0,0,0,0,0,0,0,0,0
137.5328,1,0,0,0,0,0,0,-1,0,1.0000,-1,0,0,0,0,0,0,0,0,0
137.5571,1,0,0,0,0,0,0,-1,0,1.0000,-1,0,0,0,0,0,0,0,0,0
137.5777,1,0,0,0,0,0,0,-1,0,1.0000,-1,0,0,0,0,0,0,0,0,0
137.6019,1,0,0,0,0,0,0,-1,0,1.0000,-1,0,0,0,0,0,0,0,0,0
137.6227,1,0,0,0,0,0,0,-1,0,1.0000,-1,0,0,0,0,0,0,0,0,0
137.6463,1,0,0,0,0,0,0,-1,0,1.0000,-1,0,0,0,0,0,0,0,0,0
137.6681,1,0,0,0,0,0,0,-1,0,1.0000,-1,0,0,0,0,0,0,0,0,0
137.6895,1,0,0,0,0,0,0,-1,0,1.0000,-1,0,0,0,0,0,0,0,0,0
137.7122,1,0,0,0,0,0,0,-1,0,1.0000,-1,0,0,0,0,0,0,0,0,0
137.735,1,0,0,0,0,0,0,-1,0,1.0000,-1,0,0,0,0,0,0,0,0,0
137.7584,1,0,0,0,0,0,0,-1,0,1.0000,-1,0,0,0,0,0,0,0,0,0
137.7804,1,0,0,0,0,0,0,-1,0,1.0000,-1,0,0,0,0,0,0,0,0,0
137.802,1,0,0,0,0,0,0,-1,0,1.0000,-1,0,0,0,0,0,0,0,0,0
137.8256,1,0,0,0,0,0,0,-1,0,1.0000,-1,0,0,0,0,0,0,0,0,0
137.8469,1,0,0,0,0,0,0,-1,0,1.0000,-1,0,0,0,0,0,0,0,0,0
137.8701,1,0,0,0,0,0,0,-1,0,1.0000,-1,0,0,0,0,0,0,0,0,0
137.8928,1,0,0,0,0,0,0,-1,0,1.0000,-1,0,0,0,0,0,0,0,0,0
137.9149,1,0,0,0,0,0,0,-1,0,1.0000,-1,0,0,0,0,0,0,0,0,0
137.9382,1,0,0,0,0,0,0,-1,0,1.0000,-1,0,0,0,0,0,0,0,0,0
137.9609,1,0,0,0,0,0,0,-1,0,1.0000,-1,0,0,0,0,0,0,0,0,0
137.9838,1,0,0,0,0,0,0,-1,0,1.0000,-1,0,0,0,0,0,0,0,0,0
138.0047,1,0,0,0,0,0,0,-1,0,1.0000,-1,0,0,0,0,0,0,0,0,0
138.0277,1,0,0,0,0,0,0,-1,0,0.0000,-1,0,0,0,0,0,0,0,0,0
138.0524,1,0,0,0,0,0,0,-1,0,0.0000,-1,0,0,0,0,0,0,0,0,0
138.0738,1,0,0,0,0,0,0,-1,0,0.0000,-1,0,0,0,0,0,0,0,0,0
138.0958,1,0,0,0,0,0,0,-1,1,1.0000,-1,0,0,0,0,0,0,0,0,0
138.1196,1,0,0,0,0,0,0,-1,0,1.0000,-1,0,0,0,0,0,0,0,0,0
138.1424,1,0,0,0,0,0,0,-1,0,1.0000,-1,0,0,0,0,0,0,0,0,0
138.166,1,0,0,0,0,0,0,-1,1,2.0000,-1,0,0,0,0,0,0,0,0,0
138.1862,1,0,0,0,0,0,0,-1,0,2.0000,-1,0,0,0,0,0,0,0,0,0
138.2105,1,0,0,0,0,0,0,-1,0,2.0000,-1,0,0,0,0,0,0,0,0,0
138.2351,1,0,0,0,0,0,0,-1,0,2.0000,-1,0,0,0,0,0,0,0,0,0
138.2573,1,0,0,0,0,0,0,-1,0,2.0000,-1,0,0,0,0,0,0,0,0,0
138.2806,1,0,0,0,0,0,0,-1,0,2.0000,-1,0,0,0,0,0,0,0,0,0
138.3041,1,0,0,0,0,0,0,-1,0,2.0000,-1,0,0,0,0,0,0,0,0,0
138.322,1,0,0,0,0,0,0,-1,0,2.0000,-1,0,0,0,0,0,0,0,0,0
138.3485,1,0,0,0,0,0,0,-1,0,2.0000,-1,0,0,0,0,0,0,0,0,0
138.3719,1,0,0,0,0,0,0,-1,0,2.0000,-1,0,0,0,0,0,0,0,0,0
138.3949,1,0,0,0,0,0,0,-1,0,2.0000,-1,0,0,0,0,0,0,0,0,0
138.4164,1,0,0,0,0,0,0,-1,0,2.0000,-1,0,0,0,0,0,0,0,0,0
138.4396,1,0,0,0,0,0,0,-1,0,2.0000,-1,0,0,0,0,0,0,0,0,0
138.4617,1,0,0,0,0,0,0,-1,0,2.0000,-1,0,0,0,0,0,0,0,0,0
138.4841,1,0,0,0,0,0,0,-1,0,2.0000,-1,0,0,0,0,0,0,0,0,0
138.508,1,0,0,0,0,0,0,-1,0,2.0000,-1,0,0,0,0,0,0,0,0,0
138.5292,1,0,0,0,0,0,0,-1,0,2.0000,-1,0,0,0,0,0,0,0,0,0
138.5535,1,0,0,0,0,0,0,-1,0,2.0000,-1,0,0,0,0,0,0,0,0,0
138.577,1,0,0,0,0,0,0,-1,0,2.0000,-1,0,0,0,0,0,0,0,0,0
138.5988,1,0,0,0,0,0,0,-1,1,3.0000,-1,0,0,0,0,0,0,0,0,0
138.6234,1,0,0,0,0,0,0,-1,0,3.0000,-1,0,0,0,0,0,0,0,0,0
138.6457,1,0,0,0,0,0,0,-1,1,4.0000,-1,0,0,0,0,0,0,0,0,0
138.6683,1,0,0,0,0,0,0,-1,0,4.0000,-1,0,0,0,0,0,0,0,0,0
138.6915,1,0,0,0,0,0,0,-1,0,4.0000,-1,0,0,0,0,0,0,0,0,0
138.7148,1,0,0,0,0,0,0,-1,0,4.0000,-1,0,0,0,0,0,0,0,0,0
138.7377,1,0,0,0,0,0,0,-1,0,4.0000,-1,0,0,0,0,0,0,0,0,0
138.7603,1,0,0,0,0,0,0,-1,0,4.0000,-1,0,0,0,0,0,0,0,0,0
138.7835,1,0,0,0,0,0,0,-1,0,4.0000,-1,0,0,0,0,0,0,0,0,0
138.8068,1,0,0,0,0,0,0,-1,0,4.0000,-1,0,0,0,0,0,0,0,0,0
138.8296,1,0,0,0,0,0,0,-1,0,4.0000,-1,0,0,0,0,0,0,0,0,0
138.8517,1,0,0,0,0,0,0,-1,0,4.0000,-1,0,0,0,0,0,0,0,0,0
138.875,1,0,0,0,0,0,0,-1,1,5.0000,-1,0,0,0,0,0,0,0,0,0
138.899,1,0,0,0,0,0,0,-1,0,5.0000,-1,0,0,0,0,0,0,0,0,0
138.9196,1,0,0,0,0,0,0,-1,0,5.0000,-1,0,0,0,0,0,0,0,0,0
138.9632,1,0,0,0,0,0,0,-1,0,5.0000,-1,0,0,0,0,0,0,0,0,0
138.9803,1,0,0,0,0,0,0,-1,0,5.0000,-1,0,0,0,0,0,0,0,0,0
138.9971,1,0,0,0,0,0,0,-1,0,5.0000,-1,0,0,0,0,0,0,0,0,0
139.0153,1,0,0,0,0,0,0,-1,0,5.0000,-1,0,0,0,0,0,0,0,0,0
139.0394,1,0,0,0,0,0,0,-1,0,5.0000,-1,0,0,0,0,0,0,0,0,0
139.061,1,0,0,0,0,0,0,-1,0,5.0000,-1,0,0,0,0,0,0,0,0,0
139.0834,1,0,0,0,0,0,0,-1,1,6.0000,-1,0,0,0,0,0,0,0,0,0
139.1052,1,0,0,0,0,0,0,-1,0,5.0000,-1,0,0,0,0,0,0,0,0,0
139.1273,1,0,0,0,0,0,0,-1,0,5.0000,-1,0,0,0,0,0,0,0,0,0
139.1474,1,0,0,0,0,0,0,-1,0,5.0000,-1,0,0,0,0,0,0,0,0,0
139.1697,1,0,0,0,0,0,0,-1,0,4.0000,-1,0,0,0,0,0,0,0,0,0
139.1923,1,0,0,0,0,0,0,-1,0,4.0000,-1,0,0,0,0,0,0,0,0,0
139.2131,1,0,0,0,0,0,0,-1,0,4.0000,-1,0,0,0,0,0,0,0,0,0
139.235,1,0,0,0,0,0,0,-1,0,4.0000,-1,0,0,0,0,0,0,0,0,0
139.2575,1,0,0,0,0,0,0,-1,0,4.0000,-1,0,0,0,0,0,0,0,0,0
139.2797,1,0,0,0,0,0,0,-1,0,4.0000,-1,0,0,0,0,0,0,0,0,0
139.302,1,0,0,0,0,0,0,-1,0,4.0000,-1,0,0,0,0,0,0,0,0,0
139.324,1,0,0,0,0,0,0,-1,0,4.0000,-1,0,0,0,0,0,0,0,0,0
139.3473,1,0,0,0,0,0,0,-1,0,4.0000,-1,0,0,0,0,0,0,0,0,0
139.3685,1,0,0,0,0,0,0,-1,0,4.0000,-1,0,0,0,0,0,0,0,0,0
139.3913,1,0,0,0,0,0,0,-1,0,4.0000,-1,0,0,0,0,0,0,0,0,0
139.4135,1,0,0,0,0,0,0,-1,0,4.0000,-1,0,0,0,0,0,0,0,0,0
139.4354,1,0,0,0,0,0,0,-1,0,4.0000,-1,0,0,0,0,0,0,0,0,0
139.4587,1,0,0,0,0,0,0,-1,0,4.0000,-1,0,0,0,0,0,0,0,0,0
139.4817,1,0,0,0,0,0,0,-1,0,4.0000,-1,0,0,0,0,0,0,0,0,0
139.5044,1,0,0,0,0,0,0,-1,0,4.0000,-1,0,0,0,0,0,0,0,0,0
139.5267,1,0,0,0,0,0,0,-1,0,4.0000,-1,0,0,0,0,0,0,0,0,0
139.5491,1,0,0,0,0,0,0,-1,0,4.0000,-1,0,0,0,0,0,0,0,0,0
139.5718,1,0,0,0,0,0,0,-1,0,4.0000,-1,0,0,0,0,0,0,0,0,0
139.5945,1,0,0,0,0,0,0,-1,0,4.0000,-1,0,0,0,0,0,0,0,0,0
139.6166,1,0,0,0,0,0,0,-1,0,3.0000,-1,0,0,0,0,0,0,0,0,0
139.6395,1,0,0,0,0,0,0,-1,0,3.0000,-1,0,0,0,0,0,0,0,0,0
139.6622,1,0,0,0,0,0,0,-1,0,2.0000,-1,0,0,0,0,0,0,0,0,0
139.684,1,0,0,0,0,0,0,-1,0,2.0000,-1,0,0,0,0,0,0,0,0,0
139.7069,1,0,0,0,0,0,0,-1,0,2.0000,-1,0,0,0,0,0,0,0,0,0
139.7292,1,0,0,0,0,0,0,-1,0,2.0000,-1,0,0,0,0,0,0,0,0,0
139.7519,1,0,0,0,0,0,0,-1,0,2.0000,-1,0,0,0,0,0,0,0,0,0
139.7941,1,0,0,0,0,0,0,-1,1,3.0000,-1,0,0,0,0,0,0,0,0,0
139.8057,1,0,0,0,0,0,0,-1,0,3.0000,-1,0,0,0,0,0,0,0,0,0
139.8228,1,0,0,0,0,0,0,-1,0,3.0000,-1,0,0,0,0,0,0,0,0,0
139.8459,1,0,0,0,0,0,0,-1,0,3.0000,-1,0,0,0,0,0,0,0,0,0
139.8694,1,0,0,0,0,0,0,-1,0,3.0000,-1,0,0,0,0,0,0,0,0,0
139.892,1,0,0,0,0,0,0,-1,0,2.0000,-1,0,0,0,0,0,0,0,0,0
139.9153,1,0,0,0,0,0,0,-1,0,2.0000,-1,0,0,0,0,0,0,0,0,0
139.9386,1,0,0,0,0,0,0,-1,0,2.0000,-1,0,0,0,0,0,0,0,0,0
139.9618,1,0,0,0,0,0,0,-1,0,2.0000,-1,0,0,0,0,0,0,0,0,0
139.985,1,0,0,0,0,0,0,-1,0,2.0000,-1,0,0,0,0,0,0,0,0,0
140.0081,1,0,0,0,0,0,0,-1,0,2.0000,-1,0,0,0,0,0,0,0,0,0
140.0307,1,0,0,0,0,0,0,-1,0,2.0000,-1,0,0,0,0,0,0,0,0,0
140.0538,1,0,0,0,0,0,0,-1,0,2.0000,-1,0,0,0,0,0,0,0,0,0
140.0762,1,0,0,0,0,0,0,-1,0,2.0000,-1,0,0,0,0,0,0,0,0,0
140.0988,1,0,0,0,0,0,0,-1,0,1.0000,-1,0,0,0,0,0,0,0,0,0
140.1219,1,0,0,0,0,0,0,-1,0,1.0000,-1,0,0,0,0,0,0,0,0,0
140.1454,1,0,0,0,0,0,0,-1,0,1.0000,-1,0,0,0,0,0,0,0,0,0
140.1677,1,0,0,0,0,0,0,-1,0,1.0000,-1,0,0,0,0,0,0,0,0,0
140.1915,1,0,0,0,0,0,0,-1,0,1.0000,-1,0,0,0,0,0,0,0,0,0
140.2148,1,0,0,0,0,0,0,-1,0,1.0000,-1,0,0,0,0,0,0,0,0,0
140.2385,1,0,0,0,0,0,0,-1,0,1.0000,-1,0,0,0,0,0,0,0,0,0
140.2613,1,0,0,0,0,0,0,-1,0,1.0000,-1,0,0,0,0,0,0,0,0,0
140.2839,1,0,0,0,0,0,0,-1,0,1.0000,-1,0,0,0,0,0,0,0,0,0
140.3078,1,0,0,0,0,0,0,-1,0,1.0000,-1,0,0,0,0,0,0,0,0,0
140.3307,1,0,0,0,0,0,0,-1,0,1.0000,-1,0,0,0,0,0,0,0,0,0
140.3551,1,0,0,0,0,0,0,-1,0,1.0000,-1,0,0,0,0,0,0,0,0,0
140.3765,1,0,0,0,0,0,0,-1,0,1.0000,-1,0,0,0,0,0,0,0,0,0
140.4003,1,0,0,0,0,0,0,-1,0,1.0000,-1,0,0,0,0,0,0,0,0,0
140.4237,1,0,0,0,0,0,0,-1,0,1.0000,-1,0,0,0,0,0,0,0,0,0
140.4482,1,0,0,0,0,0,0,-1,0,1.0000,-1,0,0,0,0,0,0,0,0,0
140.4719,1,0,0,0,0,0,0,-1,0,1.0000,-1,0,0,0,0,0,0,0,0,0
140.4946,1,0,0,0,0,0,0,-1,0,1.0000,-1,0,0,0,0,0,0,0,0,0
140.5179,1,0,0,0,0,0,0,-1,0,1.0000,-1,0,0,0,0,0,0,0,0,0
140.5411,1,0,0,0,0,0,0,-1,0,1.0000,-1,0,0,0,0,0,0,0,0,0
140.5642,1,0,0,0,0,0,0,-1,0,1.0000,-1,0,0,0,0,0,0,0,0,0
140.5892,1,0,0,0,0,0,0,-1,1,2.0000,-1,0,0,0,0,0,0,0,0,0
140.6126,1,0,0,0,0,0,0,-1,0,2.0000,-1,0,0,0,0,0,0,0,0,0
140.6348,1,0,0,0,0,0,0,-1,0,2.0000,-1,0,0,0,0,0,0,0,0,0
140.6577,1,0,0,0,0,0,0,-1,0,2.0000,-1,0,0,0,0,0,0,0,0,0
140.6809,1,0,0,0,0,0,0,-1,0,2.0000,-1,0,0,0,0,0,0,0,0,0
140.7033,1,0,0,0,0,0,0,-1,0,2.0000,-1,0,0,0,0,0,0,0,0,0
140.7266,1,0,0,0,0,0,0,-1,0,2.0000,-1,0,0,0,0,0,0,0,0,0
140.7497,1,0,0,0,0,0,0,-1,0,2.0000,-1,0,0,0,0,0,0,0,0,0
140.773,1,0,0,0,0,0,0,-1,0,2.0000,-1,0,0,0,0,0,0,0,0,0
140.7959,1,0,0,0,0,0,0,-1,0,1.0000,-1,0,0,0,0,0,0,0,0,0
140.819,1,0,0,0,0,0,0,-1,0,1.0000,-1,0,0,0,0,0,0,0,0,0
140.8416,1,0,0,0,0,0,0,-1,0,1.0000,-1,0,0,0,0,0,0,0,0,0
140.8651,1,0,0,0,0,0,0,-1,0,1.0000,-1,0,0,0,0,0,0,0,0,0
140.888,1,0,0,0,0,0,0,-1,0,1.0000,-1,0,0,0,0,0,0,0,0,0
140.9111,1,0,0,0,0,0,0,-1,0,1.0000,-1,0,0,0,0,0,0,0,0,0
140.9337,1,0,0,0,0,0,0,-1,0,1.0000,-1,0,0,0,0,0,0,0,0,0
140.9565,1,0,0,0,0,0,0,-1,0,1.0000,-1,0,0,0,0,0,0,0,0,0
140.9793,1,0,0,0,0,0,0,-1,0,1.0000,-1,0,0,0,0,0,0,0,0,0
141.0024,1,0,0,0,0,0,0,-1,0,1.0000,-1,0,0,0,0,0,0,0,0,0
141.0257,1,0,0,0,0,0,0,-1,0,1.0000,-1,0,0,0,0,0,0,0,0,0
141.0491,1,0,0,0,0,0,0,-1,0,1.0000,-1,0,0,0,0,0,0,0,0,0
141.0722,1,0,0,0,0,0,0,-1,0,1.0000,-1,0,0,0,0,0,0,0,0,0
141.0947,1,0,0,0,0,0,0,-1,0,1.0000,-1,0,0,0,0,0,0,0,0,0
141.1181,1,0,0,0,0,0,0,-1,0,1.0000,-1,0,0,0,0,0,0,0,0,0
141.1409,1,0,0,0,0,0,0,-1,0,1.0000,-1,0,0,0,0,0,0,0,0,0
141.1635,1,0,0,0,0,0,0,-1,0,1.0000,-1,0,0,0,0,0,0,0,0,0
141.186,1,0,0,0,0,0,0,-1,0,1.0000,-1,0,0,0,0,0,0,0,0,0
141.2107,1,0,0,0,0,0,0,-1,0,1.0000,-1,0,0,0,0,0,0,0,0,0
141.2334,1,0,0,0,0,0,0,-1,0,1.0000,-1,0,0,0,0,0,0,0,0,0
141.2556,1,0,0,0,0,0,0,-1,0,1.0000,-1,0,0,0,0,0,0,0,0,0
141.2792,1,0,0,0,0,0,0,-1,0,1.0000,-1,0,0,0,0,0,0,0,0,0
141.3013,1,0,0,0,0,0,0,-1,0,1.0000,-1,0,0,0,0,0,0,0,0,0
141.3245,1,0,0,0,0,0,0,-1,0,1.0000,-1,0,0,0,0,0,0,0,0,0
141.3494,1,0,0,0,0,0,0,-1,0,1.0000,-1,0,0,0,0,0,0,0,0,0
141.3715,1,0,0,0,0,0,0,-1,0,1.0000,-1,0,0,0,0,0,0,0,0,0
141.3945,1,0,0,0,0,0,0,-1,0,1.0000,-1,0,0,0,0,0,0,0,0,0
141.4176,1,0,0,0,0,0,0,-1,0,1.0000,-1,0,0,0,0,0,0,0,0,0
141.4405,1,0,0,0,0,0,0,-1,0,1.0000,-1,0,0,0,0,0,0,0,0,0
141.4631,1,0,0,0,0,0,0,-1,0,1.0000,-1,0,0,0,0,0,0,0,0,0
141.4873,1,0,0,0,0,0,0,-1,0,1.0000,-1,0,0,0,0,0,0,0,0,0
141.5097,1,0,0,0,0,0,0,-1,0,1.0000,-1,0,0,0,0,0,0,0,0,0
141.532,1,0,0,0,0,0,0,-1,0,1.0000,-1,0,0,0,0,0,0,0,0,0
141.5551,1,0,0,0,0,0,0,-1,0,1.0000,-1,0,0,0,0,0,0,0,0,0
141.5776,1,0,0,0,0,0,0,-1,0,1.0000,-1,0,0,0,0,0,0,0,0,0
141.601,1,0,0,0,0,0,0,-1,0,0.0000,-1,0,0,0,0,0,0,0,0,0
141.6244,1,0,0,0,0,0,0,-1,0,0.0000,-1,0,0,0,0,0,0,0,0,0
141.6476,1,0,0,0,0,0,0,-1,0,0.0000,-1,0,0,0,0,0,0,0,0,0
141.6718,1,0,0,0,0,0,0,-1,0,0.0000,-1,0,0,0,0,0,0,0,0,0
141.6942,1,0,0,0,0,0,0,-1,0,0.0000,-1,0,0,0,0,0,0,0,0,0
141.7171,1,0,0,0,0,0,0,-1,0,0.0000,-1,0,0,0,0,0,0,0,0,0
141.7404,1,0,0,0,0,0,0,-1,0,0.0000,-1,0,0,0,0,0,0,0,0,0
141.7635,1,0,0,0,0,0,0,-1,0,0.0000,-1,0,0,0,0,0,0,0,0,0
141.7858,1,0,0,0,0,0,0,-1,0,0.0000,-1,0,0,0,0,0,0,0,0,0
141.809,1,0,0,0,0,0,0,-1,0,0.0000,-1,0,0,0,0,0,0,0,0,0
141.8318,1,0,0,0,0,0,1,2,0,0.0000,-1,0,0,0,0,0,0,0,0,0
141.8629,1,0,0,0,0,0,1,2,0,0.0000,-1,0,0,0,0,0,0,0,0,0
141.8766,1,0,0,0,0,0,1,2,0,0.0000,-1,0,0,0,0,0,0,0,0,0
141.9003,1,0,0,0,0,0,1,2,0,0.0000,-1,0,0,0,0,0,0,0,0,0
141.923,1,0,0,0,0,0,1,2,0,0.0000,-1,0,0,0,0,0,0,0,0,0
141.9458,1,0,0,0,0,0,1,2,0,0.0000,-1,0,0,0,0,0,0,0,0,0
141.969,1,0,0,0,0,0,1,2,0,0.0000,-1,0,0,0,0,0,0,0,0,0
141.9915,1,0,0,0,0,0,1,2,0,0.0000,-1,0,0,0,0,0,0,0,0,0
142.0151,1,0,0,0,0,0,1,2,0,0.0000,-1,0,0,0,0,0,0,0,0,0
142.0379,1,0,0,0,0,0,1,2,0,0.0000,-1,0,0,0,0,0,0,0,0,0
142.0611,1,0,0,0,0,0,1,2,0,0.0000,-1,0,0,0,0,0,0,0,0,0
142.0845,1,0,0,0,0,0,1,2,0,0.0000,-1,0,0,0,0,0,0,0,0,0
142.1066,1,0,0,0,0,0,1,2,0,0.0000,-1,0,0,0,0,0,0,0,0,0
142.1295,1,0,0,0,0,0,1,2,0,0.0000,-1,0,0,0,0,0,0,0,0,0
142.152,1,0,0,0,0,0,1,2,0,0.0000,-1,0,0,0,0,0,0,0,0,0
142.1753,1,0,0,0,0,0,1,2,0,0.0000,-1,0,0,0,0,0,0,0,0,0
142.1986,1,0,0,0,0,0,1,2,0,0.0000,-1,0,0,0,0,0,0,0,0,0
142.2212,1,0,0,0,0,0,1,2,0,0.0000,-1,0,0,0,0,0,0,0,0,0
142.2478,1,0,0,0,0,0,1,2,0,0.0000,-1,0,0,0,0,0,0,0,0,0
142.2713,1,0,0,0,0,0,1,2,0,0.0000,-1,0,0,0,0,0,0,0,0,0
142.2962,1,0,0,0,0,0,1,2,0,0.0000,-1,0,0,0,0,0,0,0,0,0
142.3207,1,0,0,0,0,0,1,2,0,0.0000,-1,0,0,0,0,0,0,0,0,0
142.3441,1,0,0,0,0,0,1,2,0,0.0000,-1,0,0,0,0,0,0,0,0,0
142.3685,1,0,0,0,0,0,1,2,0,0.0000,-1,0,0,0,0,0,0,0,0,0
142.3911,1,0,0,0,0,0,1,2,0,0.0000,-1,0,0,0,0,0,0,0,0,0
142.417,1,0,0,0,0,0,1,2,0,0.0000,-1,0,0,0,0,0,0,0,0,0
142.4371,1,0,0,0,0,0,1,2,1,1.0000,-1,0,0,0,0,0,0,0,0,0
142.461,1,0,0,0,0,0,1,2,0,1.0000,-1,0,0,0,0,0,0,0,0,0
142.5043,1,0,0,0,0,0,1,2,0,1.0000,-1,0,0,0,0,0,0,0,0,0
142.5184,1,0,0,0,0,0,1,2,0,1.0000,-1,0,0,0,0,0,0,0,0,0
142.5327,1,0,0,0,0,0,0,-1,0,1.0000,-1,0,0,0,0,0,0,0,0,0
142.5556,1,0,0,0,0,0,0,-1,0,1.0000,-1,0,0,0,0,0,0,0,0,0
142.5785,1,0,0,0,0,0,0,-1,0,1.0000,-1,0,0,0,0,0,0,0,0,0
142.6013,1,0,0,0,0,0,1,1,0,1.0000,-1,0,0,0,0,0,0,0,0,0
142.6243,1,0,0,0,0,0,1,1,0,1.0000,-1,0,0,0,0,0,0,0,0,0
142.6471,1,0,0,0,0,0,1,1,0,1.0000,-1,0,0,0,0,0,0,0,0,0
142.6698,1,0,0,0,0,0,1,1,0,1.0000,-1,0,0,0,0,0,0,0,0,0
142.7131,1,0,0,0,0,0,1,1,1,2.0000,-1,0,0,0,0,0,0,0,0,0
142.7255,1,0,0,0,0,0,0,-1,0,2.0000,1,1,0,0,0,1,0,0,0,0
142.7579,1,0,0,0,0,0,0,-1,0,2.0000,-1,1,0,0,0,1,0,0,0,0
142.7712,1,0,0,0,0,0,0,-1,0,2.0000,-1,1,0,0,0,1,0,0,0,0
142.7876,1,0,0,0,0,0,1,0,0,2.0000,-1,1,0,0,0,1,0,0,0,0
142.8112,1,0,0,0,0,0,1,0,0,2.0000,-1,1,0,0,0,1,0,0,0,0
142.834,1,0,0,0,0,0,1,0,0,2.0000,-1,1,0,0,0,1,0,0,0,0
142.8573,1,0,0,0,0,0,1,0,0,2.0000,-1,1,0,0,0,1,0,0,0,0
142.8804,1,0,0,0,0,0,1,0,0,2.0000,-1,1,0,0,0,1,0,0,0,0
142.9241,1,0,0,0,0,0,1,0,0,2.0000,-1,1,0,0,0,1,0,0,0,0
142.9363,1,0,0,0,0,0,1,0,0,2.0000,-1,1,0,0,0,1,0,0,0,0
142.9523,1,0,0,0,0,0,1,0,0,2.0000,-1,1,0,0,0,1,0,0,0,0
142.9752,1,0,0,0,0,0,1,0,0,2.0000,-1,1,0,0,0,1,0,0,0,0
142.9988,1,0,0,0,0,0,1,0,0,2.0000,-1,1,0,0,0,1,0,0,0,0
143.0215,1,0,0,0,0,0,1,0,0,2.0000,-1,1,0,0,0,1,0,0,0,0
143.045,1,0,0,0,0,0,1,0,0,2.0000,-1,1,0,0,0,1,0,0,0,0
143.0667,1,0,0,0,0,0,1,0,0,2.0000,-1,1,0,0,0,1,0,0,0,0
143.0903,1,0,0,0,0,0,1,0,0,2.0000,-1,1,0,0,0,1,0,0,0,0
143.1127,1,0,0,0,0,0,1,0,0,2.0000,-1,1,0,0,0,1,0,0,0,0
143.136,1,0,0,0,0,0,1,0,0,2.0000,-1,1,0,0,0,1,0,0,0,0
143.1586,1,0,0,0,0,0,1,0,0,2.0000,-1,1,0,0,0,1,0,0,0,0
143.1816,1,0,0,0,0,0,1,0,0,2.0000,-1,1,0,0,0,1,0,0,0,0
143.2046,1,0,0,0,0,0,1,0,1,3.0000,-1,1,0,0,0,1,0,0,0,0
143.2275,1,0,0,0,0,0,0,-1,0,3.0000,-1,1,0,0,0,1,0,0,0,0
143.2512,1,0,0,0,0,0,0,-1,0,3.0000,-1,1,0,0,0,1,0,0,0,0
143.2738,1,0,0,0,0,0,1,2,0,3.0000,-1,1,0,0,0,1,0,0,0,0
143.2969,1,0,0,0,0,0,1,2,0,3.0000,-1,1,0,0,0,1,0,0,0,0
143.3186,1,0,0,0,0,0,1,2,0,3.0000,-1,1,0,0,0,1,0,0,0,0
143.3415,1,0,0,0,0,0,1,2,0,3.0000,-1,1,0,0,0,1,0,0,0,0
143.3646,1,0,0,0,0,0,1,2,0,3.0000,-1,1,0,0,0,1,0,0,0,0
143.3866,1,0,0,0,0,0,1,2,0,3.0000,-1,1,0,0,0,1,0,0,0,0
143.4108,1,0,0,0,0,0,1,2,0,3.0000,-1,1,0,0,0,1,0,0,0,0
143.4331,1,0,0,0,0,0,1,2,1,4.0000,-1,1,0,0,0,1,0,0,0,0
143.4552,1,0,0,0,0,0,1,6,0,3.0000,2,2,0,0,0,2,0,0,0,0
143.4773,1,0,0,0,0,0,1,6,0,3.0000,-1,2,0,0,0,2,0,0,0,0
143.5014,1,0,0,0,0,0,1,6,0,3.0000,-1,2,0,0,0,2,0,0,0,0
143.5245,1,0,0,0,0,0,1,6,0,3.0000,-1,2,0,0,0,2,0,0,0,0
143.5467,1,0,0,0,0,0,1,6,0,3.0000,-1,2,0,0,0,2,0,0,0,0
143.5697,1,0,0,0,0,0,1,6,0,3.0000,-1,2,0,0,0,2,0,0,0,0
143.5915,1,0,0,0,0,0,1,6,0,3.0000,-1,2,0,0,0,2,0,0,0,0
143.6136,1,0,0,0,0,0,1,6,1,4.0000,-1,2,0,0,0,2,0,0,0,0
143.6355,1,0,0,0,0,0,1,6,0,4.0000,-1,2,0,0,0,2,0,0,0,0
143.6579,1,0,0,0,0,0,1,6,0,4.0000,-1,2,0,0,0,2,0,0,0,0
143.6798,1,0,0,0,0,0,1,6,0,4.0000,-1,2,0,0,0,2,0,0,0,0
143.7021,1,0,0,0,0,0,1,6,0,4.0000,-1,2,0,0,0,2,0,0,0,0
143.7247,1,0,0,0,0,0,1,6,0,3.0000,-1,2,0,0,0,2,0,0,0,0
143.7467,1,0,0,0,0,0,1,6,0,3.0000,-1,2,0,0,0,2,0,0,0,0
143.769,1,0,0,0,0,0,1,6,0,3.0000,-1,2,0,0,0,2,0,0,0,0
143.793,1,0,0,0,0,0,1,6,0,3.0000,-1,2,0,0,0,2,0,0,0,0
143.8134,1,0,0,0,0,0,1,6,0,3.0000,-1,2,0,0,0,2,0,0,0,0
143.8353,1,0,0,0,0,0,1,6,0,3.0000,-1,2,0,0,0,2,0,0,0,0
143.8581,1,0,0,0,0,0,1,6,0,3.0000,-1,2,0,0,0,2,0,0,0,0
143.8806,1,0,0,0,0,0,1,6,0,3.0000,-1,2,0,0,0,2,0,0,0,0
143.9029,1,0,0,0,0,0,1,6,0,3.0000,-1,2,0,0,0,2,0,0,0,0
143.9243,1,0,0,0,0,0,1,6,0,3.0000,-1,2,0,0,0,2,0,0,0,0
143.9472,1,0,0,0,0,0,1,6,0,3.0000,-1,2,0,0,0,2,0,0,0,0
143.9689,1,0,0,0,0,0,1,6,0,3.0000,-1,2,0,0,0,2,0,0,0,0
143.9913,1,0,0,0,0,0,1,6,0,3.0000,-1,2,0,0,0,2,0,0,0,0
144.0136,1,0,0,0,0,0,1,6,1,4.0000,-1,2,0,0,0,2,0,0,0,0
144.0353,1,0,0,0,0,0,0,-1,0,4.0000,-1,2,0,0,0,2,0,0,0,0
144.0576,1,0,0,0,0,0,0,-1,0,4.0000,-1,2,0,0,0,2,0,0,0,0
144.08,1,0,0,0,0,0,0,-1,0,4.0000,-1,2,0,0,0,2,0,0,0,0
144.1027,1,0,0,0,0,0,1,0,0,4.0000,6,3,0,0,0,3,0,0,0,0
144.1247,1,0,0,0,0,0,1,0,0,4.0000,-1,3,0,0,0,3,0,0,0,0
144.1472,1,0,0,0,0,0,1,0,0,4.0000,-1,3,0,0,0,3,0,0,0,0
144.1687,1,0,0,0,0,0,1,0,0,4.0000,-1,3,0,0,0,3,0,0,0,0
144.1919,1,0,0,0,0,0,1,0,0,4.0000,-1,3,0,0,0,3,0,0,0,0
144.2133,1,0,0,0,0,0,1,0,0,3.0000,-1,3,0,0,0,3,0,0,0,0
144.2357,1,0,0,0,0,0,1,0,0,3.0000,-1,3,0,0,0,3,0,0,0,0
144.2583,1,0,0,0,0,0,1,0,0,3.0000,-1,3,0,0,0,3,0,0,0,0
144.2803,1,0,0,0,0,0,1,0,0,3.0000,-1,3,0,0,0,3,0,0,0,0
144.3037,1,0,0,0,0,0,1,0,0,3.0000,-1,3,0,0,0,3,0,0,0,0
144.3251,1,0,0,0,0,0,1,0,0,3.0000,-1,3,0,0,0,3,0,0,0,0
144.3778,1,0,0,0,0,0,1,0,0,3.0000,-1,3,0,0,0,3,0,0,0,0
144.3934,1,0,0,0,0,0,1,0,0,3.0000,-1,3,0,0,0,3,0,0,0,0
144.407,1,0,0,0,0,0,1,0,0,3.0000,-1,3,0,0,0,3,0,0,0,0
144.4222,1,0,0,0,0,0,1,0,0,3.0000,-1,3,0,0,0,3,0,0,0,0
144.4445,1,0,0,0,0,0,1,0,0,2.0000,-1,3,0,0,0,3,0,0,0,0
144.4669,1,0,0,0,0,0,1,0,0,2.0000,-1,3,0,0,0,3,0,0,0,0
144.4898,1,0,0,0,0,0,1,0,1,3.0000,-1,3,0,0,0,3,0,0,0,0
144.5121,1,0,0,0,0,0,1,0,0,3.0000,-1,3,0,0,0,3,0,0,0,0
144.5361,1,0,0,0,0,0,1,0,0,3.0000,-1,3,0,0,0,3,0,0,0,0
144.5573,1,0,0,0,0,0,1,0,0,3.0000,-1,3,0,0,0,3,0,0,0,0
144.5797,1,0,0,0,0,0,1,0,0,3.0000,-1,3,0,0,0,3,0,0,0,0
144.604,1,0,0,0,0,0,1,0,0,3.0000,-1,3,0,0,0,3,0,0,0,0
144.6278,1,0,0,0,0,0,1,0,0,2.0000,-1,3,0,0,0,3,0,0,0,0
144.6496,1,0,0,0,0,0,1,0,0,2.0000,-1,3,0,0,0,3,0,0,0,0
144.6723,1,0,0,0,0,0,1,0,0,2.0000,-1,3,0,0,0,3,0,0,0,0
144.6949,1,0,0,0,0,0,0,-1,0,2.0000,0,4,0,0,0,4,0,0,0,0
144.7175,1,0,0,0,0,0,0,-1,0,2.0000,-1,4,0,0,0,4,0,0,0,0
144.7397,1,0,0,0,0,0,0,-1,0,2.0000,-1,4,0,0,0,4,0,0,0,0
144.7843,1,0,0,0,0,0,0,-1,0,2.0000,-1,4,0,0,0,4,0,0,0,0
144.7985,1,0,0,0,0,0,0,-1,0,2.0000,-1,4,0,0,0,4,0,0,0,0
144.8117,1,0,0,0,0,0,0,-1,0,2.0000,-1,4,0,0,0,4,0,0,0,0
144.8345,1,0,0,0,0,0,0,-1,0,2.0000,-1,4,0,0,0,4,0,0,0,0
144.8572,1,0,0,0,0,0,0,-1,0,2.0000,-1,4,0,0,0,4,0,0,0,0
144.8794,1,0,0,1,0,0,0,-1,0,2.0000,-1,4,0,0,0,4,0,0,0,0
144.9016,1,0,0,1,0,0,0,-1,0,2.0000,-1,4,0,0,0,4,0,0,0,0
144.9234,1,0,0,1,0,0,0,-1,0,2.0000,-1,4,0,0,0,4,0,0,0,0
144.9454,1,0,0,1,0,0,0,-1,0,2.0000,-1,4,0,0,0,4,0,0,0,0
144.9871,1,0,0,1,0,0,0,-1,0,2.0000,-1,4,0,0,0,4,0,0,0,0
144.9982,1,0,0,1,0,0,0,-1,0,2.0000,-1,4,0,0,0,4,0,0,0,0
145.0155,1,0,0,1,0,0,0,-1,0,1.0000,-1,4,0,0,0,4,0,0,0,0
145.038,1,0,0,1,0,0,0,-1,1,2.0000,-1,4,0,0,0,4,0,0,0,0
145.0601,1,0,0,1,0,0,0,-1,0,2.0000,-1,4,0,0,0,4,0,0,0,0
145.0825,1,0,0,1,0,0,0,-1,0,2.0000,-1,4,0,0,0,4,0,0,0,0
145.1049,1,0,0,1,0,0,0,-1,0,2.0000,-1,4,0,0,0,4,0,0,0,0
145.1345,1,0,0,1,0,0,0,-1,0,2.0000,-1,4,0,0,0,4,0,0,0,0
145.1583,1,0,0,1,0,0,0,-1,0,2.0000,-1,4,0,0,0,4,0,0,0,0
145.1816,1,0,0,1,0,0,0,-1,0,2.0000,-1,4,0,0,0,4,0,0,0,0
145.2052,1,0,0,1,0,0,1,7,1,3.0000,-1,4,0,0,0,4,0,0,0,0
145.2251,1,0,0,1,0,0,1,7,0,3.0000,-1,4,0,0,0,4,0,0,0,0
145.2462,1,0,0,1,0,0,1,7,0,3.0000,-1,4,0,0,0,4,0,0,0,0
145.2695,1,0,0,1,0,0,1,7,0,3.0000,-1,4,0,0,0,4,0,0,0,0
145.2913,1,0,0,1,0,0,1,7,0,3.0000,-1,4,0,0,0,4,0,0,0,0
145.3125,1,0,0,1,0,0,1,7,0,3.0000,-1,4,0,0,0,4,0,0,0,0
145.3338,1,0,0,1,0,0,1,7,0,3.0000,-1,4,0,0,0,4,0,0,0,0
145.3555,1,0,0,1,0,0,1,7,0,3.0000,-1,4,0,0,0,4,0,0,0,0
145.3784,1,0,0,1,0,0,1,7,0,3.0000,-1,4,0,0,0,4,0,0,0,0
145.3997,1,0,0,1,0,0,1,7,0,3.0000,-1,4,0,0,0,4,0,0,0,0
145.422,1,0,0,1,0,0,1,7,0,3.0000,-1,4,0,0,0,4,0,0,0,0
145.444,1,0,0,1,0,0,1,7,0,3.0000,-1,4,0,0,0,4,0,0,0,0
145.4667,1,0,0,1,0,0,1,7,0,3.0000,-1,4,0,0,0,4,0,0,0,0
145.4886,1,0,0,1,0,0,1,7,0,3.0000,-1,4,0,0,0,4,0,0,0,0
145.5127,1,0,0,1,0,0,1,7,0,2.0000,-1,4,0,0,0,4,0,0,0,0
145.5353,1,0,0,1,0,0,1,7,0,2.0000,-1,4,0,0,0,4,0,0,0,0
145.5572,1,0,0,1,0,0,1,7,0,2.0000,-1,4,0,0,0,4,0,0,0,0
145.5772,1,0,0,1,0,0,0,-1,0,2.0000,7,5,0,0,0,5,0,0,0,0
145.6013,1,0,0,1,0,0,0,-1,0,2.0000,-1,5,0,0,0,5,0,0,0,0
145.6408,1,0,0,1,0,0,0,-1,0,2.0000,-1,5,0,0,0,5,0,0,0,0
145.6541,1,0,0,1,0,0,0,-1,0,2.0000,-1,5,0,0,0,5,0,0,0,0
145.6671,1,0,0,1,0,0,0,-1,0,2.0000,-1,5,0,0,0,5,0,0,0,0
145.6893,1,0,0,1,0,0,0,-1,1,3.0000,-1,5,0,0,0,5,0,0,0,0
145.711,1,0,0,1,0,0,0,-1,0,3.0000,-1,5,0,0,0,5,0,0,0,0
145.7336,1,0,0,1,0,0,0,-1,0,3.0000,-1,5,0,0,0,5,0,0,0,0
145.7559,1,0,0,1,0,0,0,-1,0,3.0000,-1,5,0,0,0,5,0,0,0,0
145.7784,1,0,0,1,0,0,0,-1,0,3.0000,-1,5,0,0,0,5,0,0,0,0
145.8005,1,0,0,1,0,0,0,-1,0,3.0000,-1,5,0,0,0,5,0,0,0,0
145.8217,1,0,0,1,0,0,0,-1,0,3.0000,-1,5,0,0,0,5,0,0,0,0
145.8447,1,0,0,1,0,0,0,-1,0,3.0000,-1,5,0,0,0,5,0,0,0,0
145.8657,1,0,0,1,0,0,0,-1,0,3.0000,-1,5,0,0,0,5,0,0,0,0
145.887,1,0,0,1,0,0,0,-1,0,3.0000,-1,5,0,0,0,5,0,0,0,0
145.912,1,0,0,1,0,0,0,-1,0,3.0000,-1,5,0,0,0,5,0,0,0,0
145.9355,1,0,0,1,0,0,0,-1,0,3.0000,-1,5,0,0,0,5,0,0,0,0
145.9586,1,0,0,1,0,0,0,-1,0,3.0000,-1,5,0,0,0,5,0,0,0,0
145.9793,1,0,0,1,0,0,0,-1,0,3.0000,-1,5,0,0,0,5,0,0,0,0
145.9995,1,0,0,1,0,0,0,-1,0,3.0000,-1,5,0,0,0,5,0,0,0,0
146.0226,1,0,0,1,0,0,0,-1,0,3.0000,-1,5,0,0,0,5,0,0,0,0
146.0649,1,0,0,1,0,0,0,-1,0,2.0000,-1,5,0,0,0,5,0,0,0,0
146.0784,1,0,0,1,0,0,0,-1,0,2.0000,-1,5,0,0,0,5,0,0,0,0
146.093,1,0,0,1,0,0,0,-1,0,2.0000,-1,5,0,0,0,5,0,0,0,0
146.1168,1,0,0,1,0,0,0,-1,0,2.0000,-1,5,0,0,0,5,0,0,0,0
146.139,1,0,0,1,0,0,0,-1,0,2.0000,-1,5,0,0,0,5,0,0,0,0
146.1618,1,0,0,1,0,0,0,-1,0,2.0000,-1,5,0,0,0,5,0,0,0,0
146.1841,1,0,0,1,0,0,0,-1,0,2.0000,-1,5,0,0,0,5,0,0,0,0
146.2074,1,0,0,1,0,0,0,-1,1,2.0000,-1,5,0,0,0,5,0,0,0,0
146.2297,1,0,0,1,0,0,0,-1,0,2.0000,-1,5,0,0,0,5,0,0,0,0
146.252,1,0,0,1,0,0,0,-1,0,2.0000,-1,5,0,0,0,5,0,0,0,0
146.2748,1,0,0,1,0,0,0,-1,0,2.0000,-1,5,0,0,0,5,0,0,0,0
146.2958,1,0,0,1,0,0,0,-1,0,2.0000,-1,5,0,0,0,5,0,0,0,0
146.3181,1,0,0,1,0,0,0,-1,0,2.0000,-1,5,0,0,0,5,0,0,0,0
146.3411,1,0,0,1,0,0,0,-1,0,2.0000,-1,5,0,0,0,5,0,0,0,0
146.3674,1,0,0,1,0,0,0,-1,0,2.0000,-1,5,0,0,0,5,0,0,0,0
146.3903,1,0,0,1,0,0,0,-1,0,2.0000,-1,5,0,0,0,5,0,0,0,0
146.4127,1,0,0,1,0,0,0,-1,0,2.0000,-1,5,0,0,0,5,0,0,0,0
146.4348,1,0,0,1,0,0,0,-1,0,2.0000,-1,5,0,0,0,5,0,0,0,0
146.4565,1,0,0,1,0,0,0,-1,0,2.0000,-1,5,0,0,0,5,0,0,0,0
146.4776,1,0,0,1,0,0,0,-1,0,2.0000,-1,5,0,0,0,5,0,0,0,0
146.4993,1,0,0,1,0,0,0,-1,0,2.0000,-1,5,0,0,0,5,0,0,0,0
146.5208,1,0,0,1,0,0,0,-1,0,2.0000,-1,5,0,0,0,5,0,0,0,0
146.5429,1,0,0,1,0,0,0,-1,0,2.0000,-1,5,0,0,0,5,0,0,0,0
146.5644,1,0,0,1,0,0,0,-1,0,2.0000,-1,5,0,0,0,5,0,0,0,0
146.5872,1,0,0,1,0,0,0,-1,1,3.0000,-1,5,0,0,0,5,0,0,0,0
146.6082,1,0,0,1,0,0,0,-1,0,3.0000,-1,5,0,0,0,5,0,0,0,0
146.629,1,0,0,1,0,0,0,-1,0,3.0000,-1,5,0,0,0,5,0,0,0,0
146.6507,1,0,0,1,0,0,0,-1,0,3.0000,-1,5,0,0,0,5,0,0,0,0
146.6724,1,0,0,1,0,0,0,-1,0,3.0000,-1,5,0,0,0,5,0,0,0,0
146.6941,1,0,0,1,0,0,0,-1,0,2.0000,-1,5,0,0,0,5,0,0,0,0
146.7163,1,0,0,1,0,0,0,-1,0,2.0000,-1,5,0,0,0,5,0,0,0,0
146.7379,1,0,0,1,0,0,0,-1,0,2.0000,-1,5,0,0,0,5,0,0,0,0
146.7587,1,0,0,1,0,0,0,-1,0,2.0000,-1,5,0,0,0,5,0,0,0,0
146.7792,1,0,0,1,0,0,0,-1,0,2.0000,-1,5,0,0,0,5,0,0,0,0
146.8005,1,0,0,1,0,0,0,-1,0,2.0000,-1,5,0,0,0,5,0,0,0,0
146.8216,1,0,0,1,0,0,0,-1,0,2.0000,-1,5,0,0,0,5,0,0,0,0
146.8427,1,0,0,1,0,0,0,-1,0,2.0000,-1,5,0,0,0,5,0,0,0,0
146.864,1,0,0,1,0,0,0,-1,0,2.0000,-1,5,0,0,0,5,0,0,0,0
146.8844,1,0,0,1,0,0,0,-1,0,2.0000,-1,5,0,0,0,5,0,0,0,0
146.9078,1,0,0,1,0,0,0,-1,0,2.0000,-1,5,0,0,0,5,0,0,0,0
146.9281,1,0,0,1,0,0,0,-1,0,2.0000,-1,5,0,0,0,5,0,0,0,0
146.9488,1,0,0,1,0,0,0,-1,0,2.0000,-1,5,0,0,0,5,0,0,0,0
146.9691,1,0,0,1,0,0,0,-1,0,2.0000,-1,5,0,0,0,5,0,0,0,0
146.9898,1,0,0,1,0,0,0,-1,0,2.0000,-1,5,0,0,0,5,0,0,0,0
147.0101,1,0,0,1,0,0,0,-1,0,2.0000,-1,5,0,0,0,5,0,0,0,0
147.0313,1,0,0,1,0,0,0,-1,0,2.0000,-1,5,0,0,0,5,0,0,0,0
147.0525,1,0,0,1,0,0,0,-1,0,2.0000,-1,5,0,0,0,5,0,0,0,0
147.0739,1,0,0,1,0,0,0,-1,0,2.0000,-1,5,0,0,0,5,0,0,0,0
147.0944,1,0,0,1,0,0,0,-1,0,2.0000,-1,5,0,0,0,5,0,0,0,0
147.1167,1,0,0,1,0,0,0,-1,0,2.0000,-1,5,0,0,0,5,0,0,0,0
147.1374,1,0,0,1,0,0,0,-1,0,2.0000,-1,5,0,0,0,5,0,0,0,0
147.1582,1,0,0,1,0,0,0,-1,0,2.0000,-1,5,0,0,0,5,0,0,0,0
147.179,1,0,0,1,0,0,0,-1,0,2.0000,-1,5,0,0,0,5,0,0,0,0
147.1993,1,0,0,1,0,0,0,-1,0,2.0000,-1,5,0,0,0,5,0,0,0,0
147.2207,1,0,0,1,0,0,0,-1,0,1.0000,-1,5,0,0,0,5,0,0,0,0
147.2417,1,0,0,1,0,0,0,-1,1,2.0000,-1,5,0,0,0,5,0,0,0,0
147.2637,1,0,0,1,0,0,0,-1,0,2.0000,-1,5,0,0,0,5,0,0,0,0
147.2849,1,0,0,1,0,0,0,-1,0,2.0000,-1,5,0,0,0,5,0,0,0,0
147.3062,1,0,0,0,0,0,0,-1,0,2.0000,-1,5,0,0,0,5,0,0,0,0
147.3286,1,0,0,0,0,0,0,-1,0,2.0000,-1,5,0,0,0,5,0,0,0,0
147.35,1,0,0,0,0,0,0,-1,0,2.0000,-1,5,0,0,0,5,0,0,0,0
147.3708,1,0,0,0,0,0,0,-1,0,2.0000,-1,5,0,0,0,5,0,0,0,0
147.3911,1,0,0,0,0,0,0,-1,0,2.0000,-1,5,0,0,0,5,0,0,0,0
147.4129,1,0,0,0,0,0,0,-1,0,2.0000,-1,5,0,0,0,5,0,0,0,0
147.4323,1,0,0,0,0,0,0,-1,0,2.0000,-1,5,0,0,0,5,0,0,0,0
147.4534,1,0,0,0,1,0,0,-1,0,2.0000,-1,5,0,0,0,5,0,0,0,0
147.4781,1,0,0,0,1,0,0,-1,0,2.0000,-1,5,0,0,0,5,0,0,0,0
147.4954,1,0,0,0,1,0,0,-1,0,2.0000,-1,5,0,0,0,5,0,0,0,0
147.5367,1,0,0,0,1,0,0,-1,0,2.0000,-1,5,0,0,0,5,0,0,0,0
147.55,1,0,0,0,1,0,0,-1,0,2.0000,-1,5,0,0,0,5,0,0,0,0
147.5656,1,0,0,0,1,0,0,-1,0,2.0000,-1,5,0,0,0,5,0,0,0,0
147.5852,1,0,0,0,1,0,0,-1,0,2.0000,-1,5,0,0,0,5,0,0,0,0
147.6072,1,0,0,0,1,0,0,-1,0,1.0000,-1,5,0,0,0,5,0,0,0,0
147.6287,1,0,0,0,1,0,0,-1,0,1.0000,-1,5,0,0,0,5,0,0,0,0
147.6503,1,0,0,0,1,0,0,-1,0,1.0000,-1,5,0,0,0,5,0,0,0,0
147.6719,1,0,0,0,1,0,0,-1,0,1.0000,-1,5,0,0,0,5,0,0,0,0
147.694,1,0,0,0,1,0,0,-1,0,1.0000,-1,5,0,0,0,5,0,0,0,0
147.7145,1,0,0,0,1,0,0,-1,0,1.0000,-1,5,0,0,0,5,0,0,0,0
147.7547,1,0,0,0,1,0,0,-1,0,1.0000,-1,5,0,0,0,5,0,0,0,0
147.7658,1,0,0,0,1,0,0,-1,0,1.0000,-1,5,0,0,0,5,0,0,0,0
147.7822,1,0,0,0,1,0,0,-1,0,1.0000,-1,5,0,0,0,5,0,0,0,0
147.8042,1,0,0,0,1,0,0,-1,0,1.0000,-1,5,0,0,0,5,0,0,0,0
147.8253,1,0,0,0,1,0,0,-1,0,1.0000,-1,5,0,0,0,5,0,0,0,0
147.8472,1,0,0,0,1,0,0,-1,0,1.0000,-1,5,0,0,0,5,0,0,0,0
147.8686,1,0,0,0,1,0,0,-1,0,1.0000,-1,5,0,0,0,5,0,0,0,0
147.8901,1,0,0,0,1,0,0,-1,0,1.0000,-1,5,0,0,0,5,0,0,0,0
147.9117,1,0,0,0,1,0,0,-1,0,1.0000,-1,5,0,0,0,5,0,0,0,0
147.9326,1,0,0,0,1,0,0,-1,0,1.0000,-1,5,0,0,0,5,0,0,0,0
147.9538,1,0,0,0,1,0,0,-1,0,1.0000,-1,5,0,0,0,5,0,0,0,0
147.9747,1,0,0,0,1,0,0,-1,0,1.0000,-1,5,0,0,0,5,0,0,0,0
147.9965,1,0,0,0,1,0,0,-1,0,1.0000,-1,5,0,0,0,5,0,0,0,0
148.0182,1,0,0,0,1,0,0,-1,0,1.0000,-1,5,0,0,0,5,0,0,0,0
148.0395,1,0,0,0,1,0,0,-1,0,1.0000,-1,5,0,0,0,5,0,0,0,0
148.0612,1,0,0,0,1,0,0,-1,0,1.0000,-1,5,0,0,0,5,0,0,0,0
148.0829,1,0,0,0,1,0,0,-1,0,1.0000,-1,5,0,0,0,5,0,0,0,0
148.1039,1,0,0,0,1,0,0,-1,0,1.0000,-1,5,0,0,0,5,0,0,0,0
148.1251,1,0,0,0,1,0,0,-1,0,1.0000,-1,5,0,0,0,5,0,0,0,0
148.1469,1,0,0,0,1,0,0,-1,0,1.0000,-1,5,0,0,0,5,0,0,0,0
148.168,1,0,0,0,1,0,0,-1,0,1.0000,-1,5,0,0,0,5,0,0,0,0
148.1896,1,0,0,0,1,0,0,-1,0,1.0000,-1,5,0,0,0,5,0,0,0,0
148.2092,1,0,0,0,1,0,0,-1,0,1.0000,-1,5,0,0,0,5,0,0,0,0
148.231,1,0,0,0,1,0,0,-1,0,1.0000,-1,5,0,0,0,5,0,0,0,0
148.2524,1,0,0,0,1,0,0,-1,0,0.0000,-1,5,0,0,0,5,0,0,0,0
148.2728,1,0,0,0,1,0,0,-1,0,0.0000,-1,5,0,0,0,5,0,0,0,0
148.2941,1,0,0,0,1,0,0,-1,0,0.0000,-1,5,0,0,0,5,0,0,0,0
148.3168,1,0,0,0,1,0,0,-1,0,0.0000,-1,5,0,0,0,5,0,0,0,0
148.3385,1,0,0,0,1,0,0,-1,0,0.0000,-1,5,0,0,0,5,0,0,0,0
148.3602,1,0,0,0,1,0,0,-1,0,0.0000,-1,5,0,0,0,5,0,0,0,0
148.3812,1,0,0,0,1,0,0,-1,0,0.0000,-1,5,0,0,0,5,0,0,0,0
148.4016,1,0,0,0,1,0,0,-1,0,0.0000,-1,5,0,0,0,5,0,0,0,0
148.4232,1,0,0,0,1,0,0,-1,0,0.0000,-1,5,0,0,0,5,0,0,0,0
148.4442,1,0,0,0,1,0,0,-1,0,0.0000,-1,5,0,0,0,5,0,0,0,0
148.4657,1,0,0,0,0,0,0,-1,0,0.0000,-1,5,0,0,0,5,0,0,0,0
148.4872,1,0,0,0,0,0,0,-1,0,0.0000,-1,5,0,0,0,5,0,0,0,0
148.5083,1,0,0,0,0,0,1,10,0,0.0000,-1,5,0,0,0,5,0,0,0,0
148.5313,1,0,0,0,0,0,1,10,0,0.0000,-1,5,0,0,0,5,0,0,0,0
148.5511,1,0,0,0,0,0,1,10,0,0.0000,-1,5,0,0,0,5,0,0,0,0
148.5764,1,0,0,0,0,0,1,10,0,0.0000,-1,5,0,0,0,5,0,0,0,0
148.6165,1,0,0,0,0,0,1,10,0,0.0000,-1,5,0,0,0,5,0,0,0,0
148.6275,1,0,0,0,0,0,1,10,0,0.0000,-1,5,0,0,0,5,0,0,0,0
148.6416,1,0,0,0,0,0,1,10,0,0.0000,-1,5,0,0,0,5,0,0,0,0
148.6633,1,0,0,0,0,0,1,10,0,0.0000,-1,5,0,0,0,5,0,0,0,0
148.6849,1,0,0,0,0,0,1,10,0,0.0000,-1,5,0,0,0,5,0,0,0,0
148.7066,1,0,0,0,0,0,1,10,0,0.0000,-1,5,0,0,0,5,0,0,0,0
148.7284,1,0,0,0,0,0,1,10,0,0.0000,-1,5,0,0,0,5,0,0,0,0
148.7496,1,0,0,0,0,0,1,10,0,0.0000,-1,5,0,0,0,5,0,0,0,0
148.7707,1,0,0,0,0,0,1,10,0,0.0000,-1,5,0,0,0,5,0,0,0,0
148.7921,1,0,0,0,0,0,1,10,0,0.0000,-1,5,0,0,0,5,0,0,0,0
148.8134,1,0,0,0,0,0,1,10,0,0.0000,-1,5,0,0,0,5,0,0,0,0
148.8344,1,0,0,0,0,0,1,10,0,0.0000,-1,5,0,0,0,5,0,0,0,0
148.8556,1,0,0,0,0,0,1,10,0,0.0000,-1,5,0,0,0,5,0,0,0,0
148.8772,1,0,0,0,0,0,1,10,0,0.0000,-1,5,0,0,0,5,0,0,0,0
148.8979,1,0,0,0,0,0,1,10,0,0.0000,-1,5,0,0,0,5,0,0,0,0
148.9199,1,0,0,0,0,0,1,10,0,0.0000,-1,5,0,0,0,5,0,0,0,0
148.9412,1,0,0,0,0,0,1,10,0,0.0000,-1,5,0,0,0,5,0,0,0,0
148.9625,1,0,0,0,0,0,1,10,0,0.0000,-1,5,0,0,0,5,0,0,0,0
148.9836,1,0,0,0,0,0,1,10,1,1.0000,-1,5,0,0,0,5,0,0,0,0
149.0052,1,0,0,0,0,0,1,10,0,1.0000,-1,5,0,0,0,5,0,0,0,0
149.0265,1,0,0,0,0,0,1,10,0,1.0000,-1,5,0,0,0,5,0,0,0,0
149.0472,1,0,0,0,0,0,1,10,0,1.0000,-1,5,0,0,0,5,0,0,0,0
149.0686,1,0,0,0,0,0,1,10,0,1.0000,-1,5,0,0,0,5,0,0,0,0
149.0877,1,0,0,0,0,0,1,10,0,1.0000,-1,5,0,0,0,5,0,0,0,0
149.1101,1,0,0,0,0,0,1,10,0,1.0000,-1,5,0,0,0,5,0,0,0,0
149.1311,1,0,0,0,0,0,1,10,0,1.0000,-1,5,0,0,0,5,0,0,0,0
149.1524,1,0,0,0,0,0,1,10,0,1.0000,-1,5,0,0,0,5,0,0,0,0
149.1736,1,0,0,0,0,0,1,10,0,1.0000,-1,5,0,0,0,5,0,0,0,0
149.1953,1,0,0,0,0,0,1,10,0,1.0000,-1,5,0,0,0,5,0,0,0,0
149.2161,1,0,0,0,0,0,1,10,0,1.0000,-1,5,0,0,0,5,0,0,0,0
149.2377,1,0,0,0,0,0,1,10,0,1.0000,-1,5,0,0,0,5,0,0,0,0
149.257,1,0,0,0,0,0,1,10,0,1.0000,-1,5,0,0,0,5,0,0,0,0
149.2797,1,0,0,0,0,0,1,10,0,1.0000,-1,5,0,0,0,5,0,0,0,0
149.2996,1,0,0,0,0,0,0,-1,0,1.0000,10,6,0,0,0,6,0,0,0,0
149.3207,1,0,0,0,0,0,0,-1,0,1.0000,-1,6,0,0,0,6,0,0,0,0
149.3425,1,0,0,0,0,0,0,-1,0,1.0000,-1,6,0,0,0,6,0,0,0,0
149.3634,1,0,0,0,0,0,0,-1,0,1.0000,-1,6,0,0,0,6,0,0,0,0
149.3842,1,0,0,0,0,0,0,-1,0,1.0000,-1,6,0,0,0,6,0,0,0,0
149.4064,1,0,0,0,0,0,0,-1,0,1.0000,-1,6,0,0,0,6,0,0,0,0
149.4284,1,0,0,0,0,0,0,-1,0,1.0000,-1,6,0,0,0,6,0,0,0,0
149.4682,1,0,0,0,0,0,0,-1,0,1.0000,-1,6,0,0,0,6,0,0,0,0
149.4797,1,0,0,0,0,0,0,-1,0,1.0000,-1,6,0,0,0,6,0,0,0,0
149.4946,1,0,0,0,0,0,0,-1,1,2.0000,-1,6,0,0,0,6,0,0,0,0
149.5161,1,0,0,0,0,0,0,-1,0,2.0000,-1,6,0,0,0,6,0,0,0,0
149.5384,1,0,0,0,0,0,0,-1,0,2.0000,-1,6,0,0,0,6,0,0,0,0
149.5606,1,0,0,0,0,0,0,-1,0,2.0000,-1,6,0,0,0,6,0,0,0,0
149.5818,1,0,0,0,0,0,0,-1,0,2.0000,-1,6,0,0,0,6,0,0,0,0
149.6032,1,0,0,0,0,0,0,-1,0,2.0000,-1,6,0,0,0,6,0,0,0,0
149.6252,1,0,0,0,0,0,0,-1,0,2.0000,-1,6,0,0,0,6,0,0,0,0
149.6451,1,0,0,0,0,0,0,-1,0,2.0000,-1,6,0,0,0,6,0,0,0,0
149.6658,1,0,0,0,0,0,0,-1,0,2.0000,-1,6,0,0,0,6,0,0,0,0
149.6874,1,0,0,0,0,0,0,-1,0,2.0000,-1,6,0,0,0,6,0,0,0,0
149.7085,1,0,0,0,0,0,0,-1,0,2.0000,-1,6,0,0,0,6,0,0,0,0
149.7314,1,0,0,0,0,0,0,-1,0,2.0000,-1,6,0,0,0,6,0,0,0,0
149.752,1,0,0,0,0,0,0,-1,0,2.0000,-1,6,0,0,0,6,0,0,0,0
149.7731,1,0,0,0,0,0,0,-1,0,2.0000,-1,6,0,0,0,6,0,0,0,0
149.7952,1,0,0,0,0,0,0,-1,0,2.0000,-1,6,0,0,0,6,0,0,0,0
149.816,1,0,0,0,0,0,0,-1,0,2.0000,-1,6,0,0,0,6,0,0,0,0
149.8382,1,0,0,0,0,0,0,-1,0,2.0000,-1,6,0,0,0,6,0,0,0,0
149.86,1,0,0,0,0,0,0,-1,0,2.0000,-1,6,0,0,0,6,0,0,0,0
149.8808,1,0,0,0,0,0,0,-1,0,2.0000,-1,6,0,0,0,6,0,0,0,0
149.9023,1,0,0,0,0,0,0,-1,0,2.0000,-1,6,0,0,0,6,0,0,0,0
149.9218,1,0,0,0,0,0,0,-1,0,2.0000,-1,6,0,0,0,6,0,0,0,0
149.9441,1,0,0,0,0,0,0,-1,0,2.0000,-1,6,0,0,0,6,0,0,0,0
149.9663,1,0,0,0,0,0,0,-1,0,2.0000,-1,6,0,0,0,6,0,0,0,0
149.9864,1,0,0,0,0,0,0,-1,0,1.0000,-1,6,0,0,0,6,0,0,0,0
150.0074,1,0,0,0,0,0,0,-1,0,1.0000,-1,6,0,0,0,6,0,0,0,0
150.0289,1,0,0,0,0,0,0,-1,0,1.0000,-1,6,0,0,0,6,0,0,0,0
150.0498,1,0,0,0,0,0,0,-1,0,1.0000,-1,6,0,0,0,6,0,0,0,0
150.0708,1,0,0,0,0,0,0,-1,0,1.0000,-1,6,0,0,0,6,0,0,0,0
150.0932,1,0,0,0,0,0,0,-1,0,1.0000,-1,6,0,0,0,6,0,0,0,0
150.1145,1,0,0,0,0,0,0,-1,0,1.0000,-1,6,0,0,0,6,0,0,0,0
150.1353,1,0,0,0,0,0,0,-1,0,1.0000,-1,6,0,0,0,6,0,0,0,0
150.1557,1,0,0,0,0,0,0,-1,0,1.0000,-1,6,0,0,0,6,0,0,0,0
150.1756,1,0,0,0,0,0,0,-1,0,1.0000,-1,6,0,0,0,6,0,0,0,0
150.1964,1,0,0,0,0,0,0,-1,0,1.0000,-1,6,0,0,0,6,0,0,0,0
150.2175,1,0,0,0,0,0,0,-1,0,1.0000,-1,6,0,0,0,6,0,0,0,0
150.2393,1,0,0,0,0,0,0,-1,0,1.0000,-1,6,0,0,0,6,0,0,0,0
150.2597,1,0,0,0,0,0,0,-1,1,2.0000,-1,6,0,0,0,6,0,0,0,0
150.2803,1,0,0,0,0,0,0,-1,0,2.0000,-1,6,0,0,0,6,0,0,0,0
150.3006,1,0,0,0,0,0,0,-1,0,2.0000,-1,6,0,0,0,6,0,0,0,0
150.3207,1,0,0,0,0,0,0,-1,0,2.0000,-1,6,0,0,0,6,0,0,0,0
150.3418,1,0,0,0,0,0,0,-1,0,2.0000,-1,6,0,0,0,6,0,0,0,0
150.3621,1,0,0,0,0,0,0,-1,0,2.0000,-1,6,0,0,0,6,0,0,0,0
150.3831,1,0,0,0,0,0,0,-1,0,2.0000,-1,6,0,0,0,6,0,0,0,0
150.4043,1,0,0,0,0,0,0,-1,0,2.0000,-1,6,0,0,0,6,0,0,0,0
150.4246,1,0,0,0,0,0,0,-1,0,2.0000,-1,6,0,0,0,6,0,0,0,0
150.4441,1,0,0,0,0,0,0,-1,0,2.0000,-1,6,0,0,0,6,0,0,0,0
150.4651,1,0,0,0,0,0,0,-1,0,2.0000,-1,6,0,0,0,6,0,0,0,0
150.4863,1,0,0,0,0,0,0,-1,0,2.0000,-1,6,0,0,0,6,0,0,0,0
150.5057,1,0,0,0,0,0,0,-1,0,1.0000,-1,6,0,0,0,6,0,0,0,0
150.5276,1,0,0,0,0,0,0,-1,0,1.0000,-1,6,0,0,0,6,0,0,0,0
150.5488,1,0,0,0,0,0,0,-1,0,1.0000,-1,6,0,0,0,6,0,0,0,0
150.5693,1,0,0,0,0,0,0,-1,0,1.0000,-1,6,0,0,0,6,0,0,0,0
150.5892,1,0,0,0,0,0,0,-1,0,1.0000,-1,6,0,0,0,6,0,0,0,0
150.6092,1,0,0,0,0,0,0,-1,0,1.0000,-1,6,0,0,0,6,0,0,0,0
150.6302,1,0,0,0,0,0,0,-1,0,1.0000,-1,6,0,0,0,6,0,0,0,0
150.6508,1,0,0,0,0,0,0,-1,0,1.0000,-1,6,0,0,0,6,0,0,0,0
150.6716,1,0,0,0,0,0,0,-1,0,1.0000,-1,6,0,0,0,6,0,0,0,0
150.6932,1,0,0,0,0,0,0,-1,0,1.0000,-1,6,0,0,0,6,0,0,0,0
150.7137,1,0,0,0,0,0,0,-1,0,1.0000,-1,6,0,0,0,6,0,0,0,0
150.7332,1,0,0,0,0,0,0,-1,0,1.0000,-1,6,0,0,0,6,0,0,0,0
150.7534,1,0,0,0,0,0,0,-1,0,1.0000,-1,6,0,0,0,6,0,0,0,0
150.7742,1,0,0,0,0,0,0,-1,0,1.0000,-1,6,0,0,0,6,0,0,0,0
150.7957,1,0,0,0,0,0,0,-1,0,1.0000,-1,6,0,0,0,6,0,0,0,0
150.8167,1,0,0,0,0,0,0,-1,0,1.0000,-1,6,0,0,0,6,0,0,0,0
150.8381,1,0,0,0,0,0,0,-1,0,1.0000,-1,6,0,0,0,6,0,0,0,0
150.8586,1,0,0,0,0,0,0,-1,0,1.0000,-1,6,0,0,0,6,0,0,0,0
150.8785,1,0,0,0,0,0,0,-1,0,1.0000,-1,6,0,0,0,6,0,0,0,0
150.899,1,0,0,0,0,0,0,-1,0,1.0000,-1,6,0,0,0,6,0,0,0,0
150.9209,1,0,0,0,0,0,0,-1,0,1.0000,-1,6,0,0,0,6,0,0,0,0
150.9416,1,0,0,0,0,0,1,14,0,1.0000,-1,6,0,0,0,6,0,0,0,0
150.9612,1,0,0,0,0,0,1,14,0,1.0000,-1,6,0,0,0,6,0,0,0,0
150.9829,1,0,0,0,0,0,1,14,0,1.0000,-1,6,0,0,0,6,0,0,0,0
151.0039,1,0,0,0,0,0,1,14,0,1.0000,-1,6,0,0,0,6,0,0,0,0
151.0246,1,0,0,0,0,0,1,14,0,1.0000,-1,6,0,0,0,6,0,0,0,0
151.0445,1,0,0,0,0,0,1,14,0,1.0000,-1,6,0,0,0,6,0,0,0,0
151.0646,1,0,0,0,0,0,1,14,0,1.0000,-1,6,0,0,0,6,0,0,0,0
151.0857,1,0,0,0,0,0,1,14,0,1.0000,-1,6,0,0,0,6,0,0,0,0
151.106,1,0,0,0,0,0,1,14,0,1.0000,-1,6,0,0,0,6,0,0,0,0
151.146,1,0,0,0,0,0,1,14,0,1.0000,-1,6,0,0,0,6,0,0,0,0
151.1572,1,0,0,0,0,0,1,14,0,1.0000,-1,6,0,0,0,6,0,0,0,0
151.1724,1,0,0,0,0,0,1,14,0,1.0000,-1,6,0,0,0,6,0,0,0,0
151.1932,1,0,0,0,0,0,1,14,0,1.0000,-1,6,0,0,0,6,0,0,0,0
151.2153,1,0,0,0,0,0,1,14,0,1.0000,-1,6,0,0,0,6,0,0,0,0
151.2359,1,0,0,0,0,0,1,14,0,1.0000,-1,6,0,0,0,6,0,0,0,0
151.2556,1,0,0,0,0,0,1,14,0,1.0000,-1,6,0,0,0,6,0,0,0,0
151.2766,1,0,0,0,0,0,1,14,0,0.0000,-1,6,0,0,0,6,0,0,0,0
151.298,1,0,0,0,0,0,1,14,0,0.0000,-1,6,0,0,0,6,0,0,0,0
151.3193,1,0,0,0,0,0,1,14,0,0.0000,-1,6,0,0,0,6,0,0,0,0
151.3592,1,0,0,0,0,0,1,14,0,0.0000,-1,6,0,0,0,6,0,0,0,0
151.3711,1,0,0,0,0,0,1,14,0,0.0000,-1,6,0,0,0,6,0,0,0,0
151.3845,1,0,0,0,0,0,1,14,0,0.0000,-1,6,0,0,0,6,0,0,0,0
151.405,1,0,0,0,0,0,1,14,1,1.0000,-1,6,0,0,0,6,0,0,0,0
151.4269,1,0,0,0,0,0,0,-1,0,1.0000,-1,6,0,0,0,6,0,0,0,0
151.4481,1,0,0,0,0,0,0,-1,0,1.0000,-1,6,0,0,0,6,0,0,0,0
151.4687,1,0,0,0,0,0,0,-1,0,1.0000,-1,6,0,0,0,6,0,0,0,0
151.4884,1,0,0,0,0,0,0,-1,0,1.0000,-1,6,0,0,0,6,0,0,0,0
151.5092,1,0,0,0,0,0,0,-1,0,1.0000,-1,6,0,0,0,6,0,0,0,0
151.5307,1,0,0,0,0,0,0,-1,0,1.0000,-1,6,0,0,0,6,0,0,0,0
151.5699,1,0,0,0,0,0,0,-1,0,1.0000,-1,6,0,0,0,6,0,0,0,0
151.5816,1,0,0,0,0,0,0,-1,0,1.0000,-1,6,0,0,0,6,0,0,0,0
151.5956,1,0,0,0,0,0,0,-1,0,1.0000,-1,6,0,0,0,6,0,0,0,0
151.6162,1,0,0,0,0,0,0,-1,0,1.0000,-1,6,0,0,0,6,0,0,0,0
151.6383,1,0,0,0,0,0,0,-1,0,1.0000,-1,6,0,0,0,6,0,0,0,0
151.6595,1,0,0,0,0,0,0,-1,0,1.0000,-1,6,0,0,0,6,0,0,0,0
151.6798,1,0,0,0,0,0,0,-1,0,1.0000,-1,6,0,0,0,6,0,0,0,0
151.6996,1,0,0,0,0,0,0,-1,0,1.0000,-1,6,0,0,0,6,0,0,0,0
151.7201,1,0,0,0,0,0,0,-1,0,1.0000,-1,6,0,0,0,6,0,0,0,0
151.7413,1,0,0,0,0,0,0,-1,0,1.0000,-1,6,0,0,0,6,0,0,0,0
151.7619,1,0,0,0,0,0,0,-1,0,1.0000,-1,6,0,0,0,6,0,0,0,0
151.7833,1,0,0,0,0,0,0,-1,0,1.0000,-1,6,0,0,0,6,0,0,0,0
151.8052,1,0,0,0,0,0,0,-1,0,1.0000,-1,6,0,0,0,6,0,0,0,0
151.8263,1,0,0,0,0,0,0,-1,0,1.0000,-1,6,0,0,0,6,0,0,0,0
151.8466,1,0,0,0,0,0,0,-1,0,1.0000,-1,6,0,0,0,6,0,0,0,0
151.8654,1,0,0,0,0,0,0,-1,0,1.0000,-1,6,0,0,0,6,0,0,0,0
151.8863,1,0,0,0,0,0,0,-1,0,1.0000,-1,6,0,0,0,6,0,0,0,0
151.907,1,0,0,0,0,0,0,-1,0,1.0000,-1,6,0,0,0,6,0,0,0,0
151.9274,1,0,0,0,0,0,0,-1,0,1.0000,-1,6,0,0,0,6,0,0,0,0
151.949,1,0,0,0,0,0,0,-1,0,1.0000,-1,6,0,0,0,6,0,0,0,0
151.9688,1,0,0,0,0,0,0,-1,0,1.0000,-1,6,0,0,0,6,0,0,0,0
151.9887,1,0,0,0,0,0,0,-1,0,1.0000,-1,6,0,0,0,6,0,0,0,0
152.0091,1,0,0,0,0,0,0,-1,0,1.0000,-1,6,0,0,0,6,0,0,0,0
152.0296,1,0,0,0,0,0,0,-1,0,1.0000,-1,6,0,0,0,6,0,0,0,0
152.0499,1,0,0,0,0,0,0,-1,0,1.0000,-1,6,0,0,0,6,0,0,0,0
152.0706,1,0,0,0,0,0,0,-1,0,1.0000,-1,6,0,0,0,6,0,0,0,0
152.0905,1,0,0,0,0,0,0,-1,0,1.0000,-1,6,0,0,0,6,0,0,0,0
152.1092,1,0,0,0,0,0,0,-1,0,1.0000,-1,6,0,0,0,6,0,0,0,0
152.1294,1,0,0,0,0,0,0,-1,0,1.0000,-1,6,0,0,0,6,0,0,0,0
152.1502,1,0,0,0,0,0,0,-1,0,1.0000,-1,6,0,0,0,6,0,0,0,0
152.1702,1,0,0,0,0,0,0,-1,0,1.0000,-1,6,0,0,0,6,0,0,0,0
152.1917,1,0,0,0,0,0,0,-1,0,1.0000,-1,6,0,0,0,6,0,0,0,0
152.2101,1,0,0,0,0,0,0,-1,0,1.0000,-1,6,0,0,0,6,0,0,0,0
152.231,1,0,0,0,0,0,0,-1,0,1.0000,-1,6,0,0,0,6,0,0,0,0
152.2514,1,0,0,0,0,0,0,-1,0,1.0000,-1,6,0,0,0,6,0,0,0,0
152.2722,1,0,0,0,0,0,0,-1,0,1.0000,-1,6,0,0,0,6,0,0,0,0
152.2931,1,0,0,0,0,0,0,-1,0,1.0000,-1,6,0,0,0,6,0,0,0,0
152.3128,1,0,0,0,0,0,0,-1,0,1.0000,-1,6,0,0,0,6,0,0,0,0
152.3322,1,0,0,0,0,0,0,-1,0,1.0000,-1,6,0,0,0,6,0,0,0,0
152.3534,1,0,0,0,0,0,0,-1,0,1.0000,-1,6,0,0,0,6,0,0,0,0
152.3732,1,0,0,0,0,0,0,-1,0,1.0000,-1,6,0,0,0,6,0,0,0,0
152.3937,1,0,0,0,0,0,0,-1,0,1.0000,-1,6,0,0,0,6,0,0,0,0
152.4152,1,0,0,0,0,0,1,19,0,0.0000,-1,6,0,0,0,6,0,0,0,0
152.4348,1,0,0,0,0,0,1,19,0,0.0000,-1,6,0,0,0,6,0,0,0,0
152.4545,1,0,0,0,0,0,1,19,0,0.0000,-1,6,0,0,0,6,0,0,0,0
152.475,1,0,0,0,0,0,1,19,0,0.0000,-1,6,0,0,0,6,0,0,0,0
152.4952,1,0,0,0,0,0,1,19,0,0.0000,-1,6,0,0,0,6,0,0,0,0
152.5153,1,0,0,0,0,0,1,19,0,0.0000,-1,6,0,0,0,6,0,0,0,0
152.537,1,0,0,0,0,0,1,19,0,0.0000,-1,6,0,0,0,6,0,0,0,0
152.5575,1,0,0,0,0,0,1,19,0,0.0000,-1,6,0,0,0,6,0,0,0,0
152.5949,1,0,0,0,0,0,1,19,0,0.0000,-1,6,0,0,0,6,0,0,0,0
152.6081,1,0,0,0,0,0,1,19,0,0.0000,-1,6,0,0,0,6,0,0,0,0
152.621,1,0,0,0,0,0,1,19,0,0.0000,-1,6,0,0,0,6,0,0,0,0
152.6415,1,0,0,0,0,0,1,19,0,0.0000,-1,6,0,0,0,6,0,0,0,0
152.6626,1,0,0,0,0,0,1,19,0,0.0000,-1,6,0,0,0,6,0,0,0,0
152.683,1,0,0,0,0,0,1,19,0,0.0000,-1,6,0,0,0,6,0,0,0,0
152.7044,1,0,0,0,0,0,1,19,0,0.0000,-1,6,0,0,0,6,0,0,0,0
152.7249,1,0,0,0,0,0,1,19,0,0.0000,-1,6,0,0,0,6,0,0,0,0
152.7435,1,0,0,0,0,0,1,19,0,0.0000,-1,6,0,0,0,6,0,0,0,0
152.7643,1,0,0,0,0,0,1,19,0,0.0000,-1,6,0,0,0,6,0,0,0,0
152.7844,1,0,0,0,0,0,1,19,0,0.0000,-1,6,0,0,0,6,0,0,0,0
152.8058,1,0,0,0,0,0,1,19,1,1.0000,-1,6,0,0,0,6,0,0,0,0
152.8275,1,0,0,0,0,0,0,-1,0,1.0000,-1,6,0,0,0,6,0,0,0,0
152.8473,1,0,0,0,0,0,0,-1,0,1.0000,-1,6,0,0,0,6,0,0,0,0
152.8658,1,0,0,0,0,0,0,-1,0,1.0000,-1,6,0,0,0,6,0,0,0,0
152.8863,1,0,0,0,0,0,0,-1,0,1.0000,-1,6,0,0,0,6,0,0,0,0
152.906,1,0,0,0,0,0,1,18,0,1.0000,-1,6,0,0,0,6,0,0,0,0
152.9281,1,0,0,0,0,0,1,18,0,1.0000,-1,6,0,0,0,6,0,0,0,0
152.9492,1,0,0,0,0,0,1,18,0,1.0000,-1,6,0,0,0,6,0,0,0,0
152.969,1,0,0,0,0,0,1,18,0,1.0000,-1,6,0,0,0,6,0,0,0,0
152.9899,1,0,0,0,0,0,1,18,0,1.0000,-1,6,0,0,0,6,0,0,0,0
153.0096,1,0,0,0,0,0,1,18,0,1.0000,-1,6,0,0,0,6,0,0,0,0
153.0287,1,0,0,0,0,0,1,18,0,1.0000,-1,6,0,0,0,6,0,0,0,0
153.049,1,0,0,0,0,0,1,18,0,1.0000,-1,6,0,0,0,6,0,0,0,0
153.0703,1,0,0,0,0,0,1,18,0,1.0000,-1,6,0,0,0,6,0,0,0,0
153.0896,1,0,0,0,0,0,1,18,0,1.0000,-1,6,0,0,0,6,0,0,0,0
153.1095,1,0,0,0,0,0,1,18,0,1.0000,-1,6,0,0,0,6,0,0,0,0
153.1283,1,0,0,0,0,0,1,18,0,1.0000,-1,6,0,0,0,6,0,0,0,0
153.1488,1,0,0,0,0,0,1,18,0,1.0000,-1,6,0,0,0,6,0,0,0,0
153.1702,1,0,0,0,0,0,1,18,0,1.0000,-1,6,0,0,0,6,0,0,0,0
153.2072,1,0,0,0,0,0,1,18,0,1.0000,-1,6,0,0,0,6,0,0,0,0
153.2184,1,0,0,0,0,0,1,18,0,1.0000,-1,6,0,0,0,6,0,0,0,0
153.2334,1,0,0,0,0,0,1,18,0,1.0000,-1,6,0,0,0,6,0,0,0,0
153.2538,1,0,0,0,0,0,1,18,1,2.0000,-1,6,0,0,0,6,0,0,0,0
153.2731,1,0,0,0,0,0,1,18,1,3.0000,-1,6,0,0,0,6,0,0,0,0
153.294,1,0,0,0,0,0,1,18,0,3.0000,-1,6,0,0,0,6,0,0,0,0
153.315,1,0,0,0,0,0,1,18,0,3.0000,-1,6,0,0,0,6,0,0,0,0
153.3358,1,0,0,0,0,0,1,18,0,3.0000,-1,6,0,0,0,6,0,0,0,0
153.3551,1,0,0,0,0,0,1,18,0,3.0000,-1,6,0,0,0,6,0,0,0,0
153.3745,1,0,0,0,0,0,1,18,0,3.0000,-1,6,0,0,0,6,0,0,0,0
153.394,1,0,0,0,0,0,1,18,0,3.0000,-1,6,0,0,0,6,0,0,0,0
153.4155,1,0,0,0,0,0,1,18,0,3.0000,-1,6,0,0,0,6,0,0,0,0
153.4343,1,0,0,0,0,0,1,18,0,3.0000,-1,6,0,0,0,6,0,0,0,0
153.454,1,0,0,0,0,0,1,18,0,3.0000,-1,6,0,0,0,6,0,0,0,0
153.4735,1,0,0,0,0,0,1,18,0,3.0000,-1,6,0,0,0,6,0,0,0,0
153.493,1,0,0,0,0,0,1,18,0,3.0000,-1,6,0,0,0,6,0,0,0,0
153.5151,1,0,0,0,0,0,1,18,0,3.0000,-1,6,0,0,0,6,0,0,0,0
153.5358,1,0,0,0,0,0,1,18,0,3.0000,-1,6,0,0,0,6,0,0,0,0
153.5542,1,0,0,0,0,0,1,18,0,3.0000,-1,6,0,0,0,6,0,0,0,0
153.5746,1,0,0,0,0,0,1,18,0,3.0000,-1,6,0,0,0,6,0,0,0,0
153.593,1,0,0,0,0,0,1,18,0,3.0000,-1,6,0,0,0,6,0,0,0,0
153.6145,1,0,0,0,0,0,1,18,0,3.0000,-1,6,0,0,0,6,0,0,0,0
153.6344,1,0,0,0,0,0,1,18,0,3.0000,-1,6,0,0,0,6,0,0,0,0
153.6526,1,0,0,0,0,0,0,-1,0,3.0000,18,7,0,0,0,7,0,0,0,0
153.6708,1,0,0,0,0,0,0,-1,0,3.0000,-1,7,0,0,0,7,0,0,0,0
153.6927,1,0,0,0,0,0,0,-1,0,3.0000,-1,7,0,0,0,7,0,0,0,0
153.712,1,0,0,0,0,0,0,-1,0,3.0000,-1,7,0,0,0,7,0,0,0,0
153.7313,1,0,0,0,0,0,0,-1,0,3.0000,-1,7,0,0,0,7,0,0,0,0
153.7494,1,0,0,0,0,0,0,-1,1,4.0000,-1,7,0,0,0,7,0,0,0,0
153.7709,1,0,0,0,0,0,0,-1,0,4.0000,-1,7,0,0,0,7,0,0,0,0
153.7912,1,0,0,0,0,0,0,-1,0,4.0000,-1,7,0,0,0,7,0,0,0,0
153.8271,1,0,0,0,0,0,0,-1,0,3.0000,-1,7,0,0,0,7,0,0,0,0
153.8395,1,0,0,0,0,0,0,-1,0,3.0000,-1,7,0,0,0,7,0,0,0,0
153.8525,1,0,0,0,0,0,0,-1,0,3.0000,-1,7,0,0,0,7,0,0,0,0
153.8724,1,0,0,0,0,0,0,-1,0,3.0000,-1,7,0,0,0,7,0,0,0,0
153.8928,1,0,0,0,0,0,0,-1,0,3.0000,-1,7,0,0,0,7,0,0,0,0
153.9137,1,0,0,0,0,0,1,21,0,3.0000,-1,7,0,0,0,7,0,0,0,0
153.9324,1,0,0,0,0,0,1,21,0,3.0000,-1,7,0,0,0,7,0,0,0,0
153.9536,1,0,0,0,0,0,1,21,0,3.0000,-1,7,0,0,0,7,0,0,0,0
153.9723,1,0,0,0,0,0,1,21,0,3.0000,-1,7,0,0,0,7,0,0,0,0
153.9937,1,0,0,0,0,0,1,21,0,3.0000,-1,7,0,0,0,7,0,0,0,0
154.0139,1,0,0,0,0,0,1,21,0,3.0000,-1,7,0,0,0,7,0,0,0,0
154.0336,1,0,0,0,0,0,1,21,0,3.0000,-1,7,0,0,0,7,0,0,0,0
154.0526,1,0,0,0,0,0,1,21,0,3.0000,-1,7,0,0,0,7,0,0,0,0
154.0712,1,0,0,0,0,0,1,21,0,3.0000,-1,7,0,0,0,7,0,0,0,0
154.0926,1,0,0,0,0,0,1,21,0,3.0000,-1,7,0,0,0,7,0,0,0,0
154.1128,1,0,0,0,0,0,1,21,0,3.0000,-1,7,0,0,0,7,0,0,0,0
154.1338,1,0,0,0,0,0,1,21,1,4.0000,-1,7,0,0,0,7,0,0,0,0
154.1534,1,0,0,0,0,0,1,21,0,4.0000,-1,7,0,0,0,7,0,0,0,0
154.1723,1,0,0,0,0,0,1,21,0,4.0000,-1,7,0,0,0,7,0,0,0,0
154.1949,1,0,0,0,0,0,1,21,0,4.0000,-1,7,0,0,0,7,0,0,0,0
154.2319,1,0,0,0,0,0,1,21,0,4.0000,-1,7,0,0,0,7,0,0,0,0
154.245,1,0,0,0,0,0,1,21,0,4.0000,-1,7,0,0,0,7,0,0,0,0
154.2578,1,0,0,0,0,0,1,21,0,3.0000,-1,7,0,0,0,7,0,0,0,0
154.279,1,0,0,0,0,0,1,21,0,2.0000,-1,7,0,0,0,7,0,0,0,0
154.2993,1,0,0,0,0,0,1,21,0,2.0000,-1,7,0,0,0,7,0,0,0,0
154.3194,1,0,0,0,0,0,1,21,0,2.0000,-1,7,0,0,0,7,0,0,0,0
154.3386,1,0,0,0,0,0,1,21,0,2.0000,-1,7,0,0,0,7,0,0,0,0
154.3606,1,0,0,0,0,0,1,21,0,2.0000,-1,7,0,0,0,7,0,0,0,0
154.3814,1,0,0,0,0,0,1,21,0,2.0000,-1,7,0,0,0,7,0,0,0,0
154.4014,1,0,0,0,0,0,1,21,0,2.0000,-1,7,0,0,0,7,0,0,0,0
154.4197,1,0,0,0,0,0,1,21,0,2.0000,-1,7,0,0,0,7,0,0,0,0
154.4402,1,0,0,0,0,0,1,21,1,3.0000,-1,7,0,0,0,7,0,0,0,0
154.4601,1,0,0,0,0,0,0,-1,0,3.0000,-1,7,0,0,0,7,0,0,0,0
154.4821,1,0,0,0,0,0,0,-1,0,3.0000,-1,7,0,0,0,7,0,0,0,0
154.5011,1,0,0,0,0,0,0,-1,0,3.0000,-1,7,0,0,0,7,0,0,0,0
154.5206,1,0,0,0,0,0,0,-1,0,3.0000,-1,7,0,0,0,7,0,0,0,0
154.5394,1,0,0,0,0,0,0,-1,0,3.0000,-1,7,0,0,0,7,0,0,0,0
154.5596,1,0,0,0,0,0,0,-1,0,3.0000,-1,7,0,0,0,7,0,0,0,0
154.5803,1,0,0,0,0,0,0,-1,0,3.0000,-1,7,0,0,0,7,0,0,0,0
154.6001,1,0,0,0,0,0,0,-1,0,3.0000,-1,7,0,0,0,7,0,0,0,0
154.6195,1,0,0,0,0,0,0,-1,0,3.0000,-1,7,0,0,0,7,0,0,0,0
154.6382,1,0,0,0,0,0,0,-1,0,3.0000,-1,7,0,0,0,7,0,0,0,0
154.6586,1,0,0,0,0,0,0,-1,0,3.0000,-1,7,0,0,0,7,0,0,0,0
154.6785,1,0,0,0,0,0,0,-1,0,3.0000,-1,7,0,0,0,7,0,0,0,0
154.6999,1,0,0,1,0,0,0,-1,0,3.0000,-1,7,0,0,0,7,0,0,0,0
154.7163,1,0,0,1,0,0,0,-1,1,4.0000,-1,7,0,0,0,7,0,0,0,0
154.7372,1,0,0,1,0,0,0,-1,0,4.0000,-1,7,0,0,0,7,0,0,0,0
154.756,1,0,0,1,0,0,0,-1,0,3.0000,-1,7,0,0,0,7,0,0,0,0
154.7755,1,0,0,1,0,0,0,-1,0,3.0000,-1,7,0,0,0,7,0,0,0,0
154.7941,1,0,0,1,0,0,0,-1,0,3.0000,-1,7,0,0,0,7,0,0,0,0
154.8151,1,0,0,1,0,0,0,-1,0,3.0000,-1,7,0,0,0,7,0,0,0,0
154.835,1,0,0,1,0,0,0,-1,0,3.0000,-1,7,0,0,0,7,0,0,0,0
154.8709,1,0,0,1,0,0,0,-1,0,3.0000,-1,7,0,0,0,7,0,0,0,0
154.8834,1,0,0,1,0,0,0,-1,0,3.0000,-1,7,0,0,0,7,0,0,0,0
154.8961,1,0,0,1,0,0,0,-1,0,3.0000,-1,7,0,0,0,7,0,0,0,0
154.9142,1,0,0,1,0,0,0,-1,0,3.0000,-1,7,0,0,0,7,0,0,0,0
154.9335,1,0,0,1,0,0,0,-1,0,3.0000,-1,7,0,0,0,7,0,0,0,0
154.9526,1,0,0,1,0,0,0,-1,0,3.0000,-1,7,0,0,0,7,0,0,0,0
154.9712,1,0,0,1,0,0,0,-1,0,3.0000,-1,7,0,0,0,7,0,0,0,0
154.9932,1,0,0,1,0,0,0,-1,0,3.0000,-1,7,0,0,0,7,0,0,0,0
155.0119,1,0,0,1,0,0,0,-1,1,4.0000,-1,7,0,0,0,7,0,0,0,0
155.032,1,0,0,1,0,0,0,-1,0,4.0000,-1,7,0,0,0,7,0,0,0,0
155.0486,1,0,0,1,0,0,0,-1,0,4.0000,-1,7,0,0,0,7,0,0,0,0
155.0689,1,0,0,1,0,0,0,-1,0,4.0000,-1,7,0,0,0,7,0,0,0,0
155.0892,1,0,0,1,0,0,0,-1,0,4.0000,-1,7,0,0,0,7,0,0,0,0
155.1054,1,0,0,1,0,0,0,-1,0,4.0000,-1,7,0,0,0,7,0,0,0,0
155.1256,1,0,0,1,0,0,0,-1,0,4.0000,-1,7,0,0,0,7,0,0,0,0
155.1462,1,0,0,1,0,0,0,-1,0,3.0000,-1,7,0,0,0,7,0,0,0,0
155.1638,1,0,0,1,0,0,0,-1,0,3.0000,-1,7,0,0,0,7,0,0,0,0
155.182,1,0,0,1,0,0,0,-1,0,3.0000,-1,7,0,0,0,7,0,0,0,0
155.2026,1,0,0,1,0,0,0,-1,0,3.0000,-1,7,0,0,0,7,0,0,0,0
155.2213,1,0,0,1,0,0,0,-1,0,3.0000,-1,7,0,0,0,7,0,0,0,0
155.2411,1,0,0,1,0,0,0,-1,0,3.0000,-1,7,0,0,0,7,0,0,0,0
155.2595,1,0,0,1,0,0,0,-1,0,3.0000,-1,7,0,0,0,7,0,0,0,0
155.2799,1,0,0,1,0,0,0,-1,0,3.0000,-1,7,0,0,0,7,0,0,0,0
155.2997,1,0,0,1,0,0,0,-1,0,3.0000,-1,7,0,0,0,7,0,0,0,0
155.3159,1,0,0,1,0,0,0,-1,0,3.0000,-1,7,0,0,0,7,0,0,0,0
155.336,1,0,0,1,0,0,0,-1,0,3.0000,-1,7,0,0,0,7,0,0,0,0
155.3545,1,0,0,1,0,0,0,-1,0,3.0000,-1,7,0,0,0,7,0,0,0,0
155.3745,1,0,0,1,0,0,0,-1,0,3.0000,-1,7,0,0,0,7,0,0,0,0
155.3923,1,0,0,1,0,0,0,-1,0,3.0000,-1,7,0,0,0,7,0,0,0,0
155.4127,1,0,0,1,1,0,0,-1,0,3.0000,-1,7,0,0,0,7,0,0,0,0
155.4307,1,0,0,1,1,0,0,-1,0,3.0000,-1,7,0,0,0,7,0,0,0,0
155.4489,1,0,0,1,1,0,0,-1,0,2.0000,-1,7,0,0,0,7,0,0,0,0
155.4695,1,0,0,1,1,0,0,-1,0,2.0000,-1,7,0,0,0,7,0,0,0,0
155.4878,1,0,0,1,1,0,0,-1,0,2.0000,-1,7,0,0,0,7,0,0,0,0
155.507,1,0,0,1,1,0,0,-1,0,2.0000,-1,7,0,0,0,7,0,0,0,0
155.5252,1,0,0,1,1,0,0,-1,0,2.0000,-1,7,0,0,0,7,0,0,0,0
155.546,1,0,0,1,1,0,0,-1,0,2.0000,-1,7,0,0,0,7,0,0,0,0
155.5652,1,0,0,1,1,0,0,-1,0,2.0000,-1,7,0,0,0,7,0,0,0,0
155.5839,1,0,0,1,1,0,0,-1,0,2.0000,-1,7,0,0,0,7,0,0,0,0
155.6042,1,0,0,1,1,0,0,-1,0,2.0000,-1,7,0,0,0,7,0,0,0,0
155.6227,1,0,0,1,1,0,0,-1,0,2.0000,-1,7,0,0,0,7,0,0,0,0
155.6422,1,0,0,0,1,0,0,-1,0,2.0000,-1,7,0,0,0,7,0,0,0,0
155.6614,1,0,0,0,1,0,0,-1,0,2.0000,-1,7,0,0,0,7,0,0,0,0
155.6807,1,0,0,0,1,0,0,-1,0,2.0000,-1,7,0,0,0,7,0,0,0,0
155.7184,1,0,0,0,1,0,0,-1,0,1.0000,-1,7,0,0,0,7,0,0,0,0
155.729,1,0,0,0,1,0,0,-1,0,1.0000,-1,7,0,0,0,7,0,0,0,0
155.7432,1,0,0,0,1,0,0,-1,0,1.0000,-1,7,0,0,0,7,0,0,0,0
155.7637,1,0,0,0,1,0,0,-1,0,1.0000,-1,7,0,0,0,7,0,0,0,0
155.7845,1,0,0,0,1,0,0,-1,0,1.0000,-1,7,0,0,0,7,0,0,0,0
155.8053,1,0,0,0,1,0,0,-1,0,1.0000,-1,7,0,0,0,7,0,0,0,0
155.8264,1,0,0,0,1,0,0,-1,0,1.0000,-1,7,0,0,0,7,0,0,0,0
155.8476,1,0,0,0,1,0,0,-1,0,1.0000,-1,7,0,0,0,7,0,0,0,0
155.8688,1,0,0,0,1,0,0,-1,0,1.0000,-1,7,0,0,0,7,0,0,0,0
155.8898,1,0,0,0,1,0,0,-1,0,1.0000,-1,7,0,0,0,7,0,0,0,0
155.9093,1,0,0,0,1,0,0,-1,0,1.0000,-1,7,0,0,0,7,0,0,0,0
155.9304,1,0,0,0,1,0,0,-1,0,1.0000,-1,7,0,0,0,7,0,0,0,0
155.9517,1,0,0,0,1,0,0,-1,0,1.0000,-1,7,0,0,0,7,0,0,0,0
155.9728,1,0,0,0,1,0,0,-1,0,1.0000,-1,7,0,0,0,7,0,0,0,0
155.9938,1,0,0,0,1,0,0,-1,0,1.0000,-1,7,0,0,0,7,0,0,0,0
156.0163,1,0,0,0,1,0,0,-1,0,0.0000,-1,7,0,0,0,7,0,0,0,0
156.0371,1,0,0,0,1,0,0,-1,0,0.0000,-1,7,0,0,0,7,0,0,0,0
156.0573,1,0,0,0,1,0,0,-1,0,0.0000,-1,7,0,0,0,7,0,0,0,0
156.0772,1,0,0,0,1,0,0,-1,0,0.0000,-1,7,0,0,0,7,0,0,0,0
156.0984,1,0,0,0,1,0,0,-1,0,0.0000,-1,7,0,0,0,7,0,0,0,0
156.1189,1,0,0,0,1,0,0,-1,0,0.0000,-1,7,0,0,0,7,0,0,0,0
156.1392,1,0,0,0,1,0,0,-1,0,0.0000,-1,7,0,0,0,7,0,0,0,0
156.1605,1,0,0,0,1,0,0,-1,0,0.0000,-1,7,0,0,0,7,0,0,0,0
156.1812,1,0,0,0,1,0,0,-1,0,0.0000,-1,7,0,0,0,7,0,0,0,0
156.2019,1,0,0,0,1,0,0,-1,0,0.0000,-1,7,0,0,0,7,0,0,0,0
156.2218,2,1,1,0,0,0,0,-1,0,0.0000,-1,7,0,0,0,7,0,0,0,0
156.2691,2,0,1,0,0,0,0,-1,0,0.0000,-1,7,0,0,0,7,0,0,0,0
156.2807,2,0,1,0,0,0,0,-1,0,0.0000,-1,7,0,0,0,7,0,0,0,0
156.2943,2,0,1,0,0,0,0,-1,0,0.0000,-1,7,0,0,0,7,0,0,0,0
156.3156,2,0,1,0,0,0,0,-1,0,0.0000,-1,7,0,0,0,7,0,0,0,0
156.3562,2,0,1,0,0,0,0,-1,0,0.0000,-1,7,0,0,0,7,0,0,0,0
156.3672,2,0,1,0,0,0,0,-1,0,0.0000,23,7,1,0,0,8,0,0,0,0
156.3831,2,0,1,0,0,0,0,-1,0,0.0000,-1,7,1,0,0,8,0,0,0,0
156.4055,2,0,1,0,0,0,0,-1,0,0.0000,-1,7,1,0,0,8,0,0,0,0
156.427,2,0,1,0,0,0,0,-1,0,0.0000,-1,7,1,0,0,8,0,0,0,0
156.4479,2,0,1,0,0,0,0,-1,0,0.0000,-1,7,1,0,0,8,0,0,0,0
156.4701,2,0,1,0,0,0,0,-1,0,0.0000,-1,7,1,0,0,8,0,0,0,0
156.4926,2,0,1,0,0,0,0,-1,0,0.0000,-1,7,1,0,0,8,0,0,0,0
156.514,2,0,1,0,0,0,0,-1,0,0.0000,-1,7,1,0,0,8,0,0,0,0
156.5345,2,0,1,0,0,0,0,-1,0,0.0000,-1,7,1,0,0,8,0,0,0,0
156.5746,2,0,1,0,0,0,0,-1,0,0.0000,-1,7,1,0,0,8,0,0,0,0
156.5864,2,0,1,0,0,0,0,-1,0,0.0000,-1,7,1,0,0,8,0,0,0,0
156.6019,2,0,1,0,0,0,0,-1,0,0.0000,-1,7,1,0,0,8,0,0,0,0
156.6236,2,0,1,0,0,0,0,-1,0,0.0000,-1,7,1,0,0,8,0,0,0,0
156.6456,2,0,1,0,0,0,0,-1,0,0.0000,-1,7,1,0,0,8,0,0,0,0
156.6672,2,0,1,0,0,0,0,-1,0,0.0000,-1,7,1,0,0,8,0,0,0,0
156.6874,2,0,1,0,0,0,0,-1,0,0.0000,-1,7,1,0,0,8,0,0,0,0
156.7097,2,0,1,0,0,0,0,-1,0,0.0000,-1,7,1,0,0,8,0,0,0,0
156.73,2,0,1,0,0,0,1,24,0,0.0000,-1,7,1,0,0,8,0,0,0,0
156.7512,2,0,1,0,0,0,1,24,0,0.0000,-1,7,1,0,0,8,0,0,0,0
156.7919,2,0,1,0,0,0,1,24,0,0.0000,-1,7,1,0,0,8,0,0,0,0
156.803,2,0,1,0,0,0,1,24,0,0.0000,-1,7,1,0,0,8,0,0,0,0
156.8182,2,0,1,0,0,0,1,24,0,0.0000,-1,7,1,0,0,8,0,0,0,0
156.8402,2,0,1,0,0,0,1,24,0,0.0000,-1,7,1,0,0,8,0,0,0,0
156.863,2,0,1,0,0,0,1,24,0,0.0000,-1,7,1,0,0,8,0,0,0,0
156.8856,2,0,1,0,0,0,0,-1,0,0.0000,24,7,2,0,0,9,0,0,0,0
156.9069,2,0,1,0,0,0,0,-1,0,0.0000,-1,7,2,0,0,9,0,0,0,0
156.9295,2,0,1,0,0,0,0,-1,0,0.0000,-1,7,2,0,0,9,0,0,0,0
156.9509,2,0,1,0,0,0,0,-1,0,0.0000,-1,7,2,0,0,9,0,0,0,0
156.9715,2,0,1,0,0,0,0,-1,0,0.0000,-1,7,2,0,0,9,0,0,0,0
157.0112,2,0,1,0,0,0,0,-1,0,0.0000,-1,7,2,0,0,9,0,0,0,0
157.0228,2,0,1,0,0,0,0,-1,0,0.0000,-1,7,2,0,0,9,0,0,0,0
157.0387,2,0,1,0,0,0,0,-1,0,0.0000,-1,7,2,0,0,9,0,0,0,0
157.0606,2,0,1,0,0,0,0,-1,0,0.0000,-1,7,2,0,0,9,0,0,0,0
157.0813,2,0,1,0,0,0,0,-1,0,0.0000,-1,7,2,0,0,9,0,0,0,0
157.1028,2,0,1,0,0,0,0,-1,0,0.0000,-1,7,2,0,0,9,0,0,0,0
157.1245,2,0,1,0,0,0,0,-1,0,0.0000,-1,7,2,0,0,9,0,0,0,0
157.1454,2,0,1,0,0,0,0,-1,0,0.0000,-1,7,2,0,0,9,0,0,0,0
157.1667,2,0,1,0,0,0,1,28,0,0.0000,-1,7,2,0,0,9,0,0,0,0
157.1865,2,0,1,0,0,0,1,28,0,0.0000,-1,7,2,0,0,9,0,0,0,0
157.2276,2,0,1,0,0,0,1,28,0,0.0000,-1,7,2,0,0,9,0,0,0,0
157.2392,2,0,1,0,0,0,1,28,0,0.0000,-1,7,2,0,0,9,0,0,0,0
157.2528,2,0,1,0,0,0,1,28,0,0.0000,-1,7,2,0,0,9,0,0,0,0
157.275,2,0,1,0,0,0,1,28,0,0.0000,-1,7,2,0,0,9,0,0,0,0
157.2974,2,0,1,0,0,0,1,28,0,0.0000,-1,7,2,0,0,9,0,0,0,0
157.3182,2,0,1,0,0,0,1,28,0,0.0000,-1,7,2,0,0,9,0,0,0,0
157.3397,2,0,1,0,0,0,1,28,0,0.0000,-1,7,2,0,0,9,0,0,0,0
157.3615,2,0,1,0,0,0,1,28,0,0.0000,-1,7,2,0,0,9,0,0,0,0
157.3827,2,0,1,0,0,0,1,28,0,0.0000,-1,7,2,0,0,9,0,0,0,0
157.4041,2,0,1,0,0,0,1,28,0,0.0000,-1,7,2,0,0,9,0,0,0,0
157.426,2,0,1,0,0,0,1,28,0,0.0000,-1,7,2,0,0,9,0,0,0,0
157.4474,2,0,1,0,0,0,1,28,0,0.0000,-1,7,2,0,0,9,0,0,0,0
157.4685,2,0,1,0,0,0,1,28,0,0.0000,-1,7,2,0,0,9,0,0,0,0
157.4895,2,0,1,0,0,0,1,28,0,0.0000,-1,7,2,0,0,9,0,0,0,0
157.5109,2,0,1,0,0,0,1,28,0,0.0000,-1,7,2,0,0,9,0,0,0,0
157.5322,2,0,1,0,0,0,1,28,0,0.0000,-1,7,2,0,0,9,0,0,0,0
157.5538,2,0,1,0,0,0,1,28,0,0.0000,-1,7,2,0,0,9,0,0,0,0
157.5747,2,0,1,0,0,0,1,28,0,0.0000,-1,7,2,0,0,9,0,0,0,0
157.5967,2,0,1,0,0,0,1,28,0,0.0000,-1,7,2,0,0,9,0,0,0,0
157.6169,2,0,1,0,0,0,1,28,0,0.0000,-1,7,2,0,0,9,0,0,0,0
157.6394,2,0,1,0,0,0,1,28,0,0.0000,-1,7,2,0,0,9,0,0,0,0
157.6613,2,0,1,0,0,0,1,28,0,0.0000,-1,7,2,0,0,9,0,0,0,0
157.6834,2,0,1,0,0,0,1,28,0,0.0000,-1,7,2,0,0,9,0,0,0,0
157.7047,2,0,1,0,0,0,1,28,0,0.0000,-1,7,2,0,0,9,0,0,0,0
157.7269,2,0,1,0,0,0,1,28,0,0.0000,-1,7,2,0,0,9,0,0,0,0
157.7483,2,0,1,0,0,0,1,28,0,0.0000,-1,7,2,0,0,9,0,0,0,0
157.7684,2,0,1,0,0,0,1,28,0,0.0000,-1,7,2,0,0,9,0,0,0,0
157.7895,2,0,1,0,0,0,1,28,0,0.0000,-1,7,2,0,0,9,0,0,0,0
157.8095,2,0,1,0,0,0,1,28,0,0.0000,-1,7,2,0,0,9,0,0,0,0
157.8306,2,0,1,0,0,0,1,28,0,0.0000,-1,7,2,0,0,9,0,0,0,0
157.8715,2,0,1,0,0,0,1,28,0,0.0000,-1,7,2,0,0,9,0,0,0,0
157.8841,2,0,1,0,0,0,1,28,0,0.0000,-1,7,2,0,0,9,0,0,0,0
157.897,2,0,1,0,0,0,1,28,0,0.0000,-1,7,2,0,0,9,0,0,0,0
157.9181,2,0,1,0,0,0,1,28,0,0.0000,-1,7,2,0,0,9,0,0,0,0
157.9393,2,0,1,0,0,0,1,28,0,0.0000,-1,7,2,0,0,9,0,0,0,0
157.9604,2,0,1,0,0,0,1,28,0,0.0000,-1,7,2,0,0,9,0,0,0,0
157.9814,2,0,1,0,0,0,1,28,0,0.0000,-1,7,2,0,0,9,0,0,0,0
158.0021,2,0,1,0,0,0,1,28,0,0.0000,-1,7,2,0,0,9,0,0,0,0
158.024,2,0,1,0,0,0,1,28,0,0.0000,-1,7,2,0,0,9,0,0,0,0
158.044,2,0,1,0,0,0,1,28,0,0.0000,-1,7,2,0,0,9,0,0,0,0
158.0842,2,0,1,0,0,0,1,28,0,0.0000,-1,7,2,0,0,9,0,0,0,0
158.0947,2,0,1,0,0,0,1,28,0,0.0000,-1,7,2,0,0,9,0,0,0,0
158.1094,2,0,1,0,0,0,1,28,0,0.0000,-1,7,2,0,0,9,0,0,0,0
158.1306,2,0,1,0,0,0,1,28,0,0.0000,-1,7,2,0,0,9,0,0,0,0
158.1516,2,0,1,0,0,0,1,28,0,0.0000,-1,7,2,0,0,9,0,0,0,0
158.1725,2,0,1,0,0,0,1,27,0,0.0000,28,7,3,0,0,10,0,0,0,0
158.1944,2,0,1,0,0,0,1,27,0,0.0000,-1,7,3,0,0,10,0,0,0,0
158.2156,2,0,1,0,0,0,1,27,0,0.0000,-1,7,3,0,0,10,0,0,0,0
158.2375,2,0,1,0,0,0,1,27,0,0.0000,-1,7,3,0,0,10,0,0,0,0
158.2593,2,0,1,0,0,0,1,27,0,0.0000,-1,7,3,0,0,10,0,0,0,0
158.2992,2,0,1,0,0,0,1,27,0,0.0000,-1,7,3,0,0,10,0,0,0,0
158.3101,2,0,1,0,0,0,1,27,0,0.0000,-1,7,3,0,0,10,0,0,0,0
158.326,2,0,1,0,0,0,1,27,0,0.0000,-1,7,3,0,0,10,0,0,0,0
158.3477,2,0,1,0,0,0,1,27,0,0.0000,-1,7,3,0,0,10,0,0,0,0
158.3693,2,0,1,0,0,0,1,27,0,0.0000,-1,7,3,0,0,10,0,0,0,0
158.391,2,0,1,0,0,0,1,27,0,0.0000,-1,7,3,0,0,10,0,0,0,0
158.4119,2,0,1,0,0,0,1,27,0,0.0000,-1,7,3,0,0,10,0,0,0,0
158.4337,2,0,1,0,0,0,1,27,0,0.0000,-1,7,3,0,0,10,0,0,0,0
158.4552,2,0,1,0,0,0,1,27,0,0.0000,-1,7,3,0,0,10,0,0,0,0
158.4772,2,0,1,0,0,0,1,27,0,0.0000,-1,7,3,0,0,10,0,0,0,0
158.4993,2,0,1,0,0,0,1,27,0,0.0000,-1,7,3,0,0,10,0,0,0,0
158.5198,2,0,1,0,0,0,1,27,0,0.0000,-1,7,3,0,0,10,0,0,0,0
158.54,2,0,1,0,0,0,1,27,0,0.0000,-1,7,3,0,0,10,0,0,0,0
158.5616,2,0,1,0,0,0,1,27,0,0.0000,-1,7,3,0,0,10,0,0,0,0
158.5831,2,0,1,0,0,0,1,27,0,0.0000,-1,7,3,0,0,10,0,0,0,0
158.6035,2,0,1,0,0,0,1,27,0,0.0000,-1,7,3,0,0,10,0,0,0,0
158.6247,2,0,1,0,0,0,1,27,0,0.0000,-1,7,3,0,0,10,0,0,0,0
158.6448,2,0,1,0,0,0,1,27,0,0.0000,-1,7,3,0,0,10,0,0,0,0
158.6659,2,0,1,0,0,0,1,27,0,0.0000,-1,7,3,0,0,10,0,0,0,0
158.6883,2,0,1,0,0,0,1,27,0,0.0000,-1,7,3,0,0,10,0,0,0,0
158.7293,2,0,1,0,0,0,1,27,0,0.0000,-1,7,3,0,0,10,0,0,0,0
158.7429,2,0,1,0,0,0,1,27,0,0.0000,-1,7,3,0,0,10,0,0,0,0
158.7556,2,0,1,0,0,0,1,27,0,0.0000,-1,7,3,0,0,10,0,0,0,0
158.7752,2,0,1,0,0,0,1,27,0,0.0000,-1,7,3,0,0,10,0,0,0,0
158.7976,2,0,1,0,0,0,1,27,0,0.0000,-1,7,3,0,0,10,0,0,0,0
158.8188,2,0,1,0,0,0,1,27,0,0.0000,-1,7,3,0,0,10,0,0,0,0
158.8396,2,0,1,0,0,0,1,27,0,0.0000,-1,7,3,0,0,10,0,0,0,0
158.8611,2,0,1,0,0,0,1,27,0,0.0000,-1,7,3,0,0,10,0,0,0,0
158.8826,2,0,1,0,0,0,1,27,0,0.0000,-1,7,3,0,0,10,0,0,0,0
158.9034,2,0,1,0,0,0,1,27,0,0.0000,-1,7,3,0,0,10,0,0,0,0
158.9441,2,0,1,0,0,0,1,27,0,0.0000,-1,7,3,0,0,10,0,0,0,0
158.9556,2,0,1,0,0,0,1,27,0,0.0000,-1,7,3,0,0,10,0,0,0,0
158.9708,2,0,1,0,0,0,1,27,0,0.0000,-1,7,3,0,0,10,0,0,0,0
158.9921,2,0,1,0,0,0,1,27,0,0.0000,-1,7,3,0,0,10,0,0,0,0
159.0141,2,0,1,0,0,0,1,27,0,0.0000,-1,7,3,0,0,10,0,0,0,0
159.035,2,0,1,0,0,0,1,27,0,0.0000,-1,7,3,0,0,10,0,0,0,0
159.0556,2,0,1,0,0,0,1,27,0,0.0000,-1,7,3,0,0,10,0,0,0,0
159.0765,2,0,1,0,0,0,1,27,0,0.0000,-1,7,3,0,0,10,0,0,0,0
159.0972,2,0,1,0,0,0,1,27,0,0.0000,-1,7,3,0,0,10,0,0,0,0
159.1185,2,0,1,0,0,0,1,27,0,0.0000,-1,7,3,0,0,10,0,0,0,0
159.1406,2,0,1,0,0,0,1,27,0,0.0000,-1,7,3,0,0,10,0,0,0,0
159.1605,2,0,1,0,0,0,1,27,0,0.0000,-1,7,3,0,0,10,0,0,0,0
159.1819,2,0,1,0,0,0,1,27,0,0.0000,-1,7,3,0,0,10,0,0,0,0
159.2036,2,0,1,0,0,0,1,27,0,0.0000,-1,7,3,0,0,10,0,0,0,0
159.2244,2,0,1,0,0,0,1,27,0,0.0000,-1,7,3,0,0,10,0,0,0,0
159.2452,2,0,1,0,0,0,1,27,0,0.0000,-1,7,3,0,0,10,0,0,0,0
159.2661,2,0,1,0,0,0,1,27,0,0.0000,-1,7,3,0,0,10,0,0,0,0
159.2871,2,0,1,0,0,0,1,30,0,0.0000,27,7,4,0,0,11,0,0,0,0
159.3078,2,0,1,0,0,0,1,30,0,0.0000,-1,7,4,0,0,11,0,0,0,0
159.3303,2,0,1,0,0,0,1,30,0,0.0000,-1,7,4,0,0,11,0,0,0,0
159.3701,2,0,1,0,0,0,1,30,0,0.0000,-1,7,4,0,0,11,0,0,0,0
159.3815,2,0,1,0,0,0,1,30,0,0.0000,-1,7,4,0,0,11,0,0,0,0
159.3964,2,0,1,0,0,0,1,30,0,0.0000,-1,7,4,0,0,11,0,0,0,0
159.4179,2,0,1,0,0,0,1,30,0,0.0000,-1,7,4,0,0,11,0,0,0,0
159.4396,2,0,1,0,0,0,1,30,0,0.0000,-1,7,4,0,0,11,0,0,0,0
159.4606,2,0,1,0,0,0,1,30,0,0.0000,-1,7,4,0,0,11,0,0,0,0
159.4831,2,0,1,0,0,0,1,30,0,0.0000,-1,7,4,0,0,11,0,0,0,0
159.5036,2,0,1,0,0,0,1,30,0,0.0000,-1,7,4,0,0,11,0,0,0,0
159.525,2,0,1,0,0,0,1,30,0,0.0000,-1,7,4,0,0,11,0,0,0,0
159.5462,2,0,1,0,0,0,1,30,0,0.0000,-1,7,4,0,0,11,0,0,0,0
159.569,2,0,1,0,0,0,1,30,0,0.0000,-1,7,4,0,0,11,0,0,0,0
159.5878,2,0,1,0,0,0,1,30,0,0.0000,-1,7,4,0,0,11,0,0,0,0
159.6091,2,0,1,0,0,0,1,30,0,0.0000,-1,7,4,0,0,11,0,0,0,0
159.6302,2,0,1,0,0,0,1,30,0,0.0000,-1,7,4,0,0,11,0,0,0,0
159.6516,2,0,1,0,0,0,1,30,0,0.0000,-1,7,4,0,0,11,0,0,0,0
159.6736,2,0,1,0,0,0,1,30,0,0.0000,-1,7,4,0,0,11,0,0,0,0
159.6948,2,0,1,0,0,0,1,30,0,0.0000,-1,7,4,0,0,11,0,0,0,0
159.7162,2,0,1,0,0,0,1,30,0,0.0000,-1,7,4,0,0,11,0,0,0,0
159.7381,2,0,1,0,0,0,1,30,0,0.0000,-1,7,4,0,0,11,0,0,0,0
159.7584,2,0,1,0,0,0,1,30,0,0.0000,-1,7,4,0,0,11,0,0,0,0
159.7797,2,0,1,0,0,0,1,30,0,0.0000,-1,7,4,0,0,11,0,0,0,0
159.8018,2,0,1,0,0,0,1,30,0,0.0000,-1,7,4,0,0,11,0,0,0,0
159.8233,2,0,1,0,0,0,1,30,0,0.0000,-1,7,4,0,0,11,0,0,0,0
159.8442,2,0,1,0,0,0,1,30,0,0.0000,-1,7,4,0,0,11,0,0,0,0
159.865,2,0,1,0,0,0,1,30,0,0.0000,-1,7,4,0,0,11,0,0,0,0
159.8869,2,0,1,0,0,0,1,30,0,0.0000,-1,7,4,0,0,11,0,0,0,0
159.9081,2,0,1,0,0,0,1,30,0,0.0000,-1,7,4,0,0,11,0,0,0,0
159.9298,2,0,1,0,0,0,1,30,0,0.0000,-1,7,4,0,0,11,0,0,0,0
159.9514,2,0,1,0,0,0,1,30,0,0.0000,-1,7,4,0,0,11,0,0,0,0
159.9726,2,0,1,0,0,0,1,30,0,0.0000,-1,7,4,0,0,11,0,0,0,0
159.9938,2,0,1,0,0,0,1,30,0,0.0000,-1,7,4,0,0,11,0,0,0,0
160.0158,2,0,1,0,0,0,1,30,0,0.0000,-1,7,4,0,0,11,0,0,0,0
160.0393,2,0,1,0,0,0,1,30,0,0.0000,-1,7,4,0,0,11,0,0,0,0
160.0597,2,0,1,0,0,0,1,30,0,0.0000,-1,7,4,0,0,11,0,0,0,0
160.0804,2,0,1,0,0,0,1,30,0,0.0000,-1,7,4,0,0,11,0,0,0,0
160.1019,2,0,1,0,0,0,1,30,0,0.0000,-1,7,4,0,0,11,0,0,0,0
160.123,2,0,1,0,0,0,1,30,0,0.0000,-1,7,4,0,0,11,0,0,0,0
160.1441,2,0,1,0,0,0,1,30,0,0.0000,-1,7,4,0,0,11,0,0,0,0
160.1653,2,0,1,0,0,0,0,-1,0,0.0000,30,7,5,0,0,12,0,0,0,0
160.1861,2,0,1,0,0,0,0,-1,0,0.0000,-1,7,5,0,0,12,0,0,0,0
160.2068,2,0,1,0,0,0,0,-1,0,0.0000,-1,7,5,0,0,12,0,0,0,0
160.2284,2,0,1,0,0,0,0,-1,0,0.0000,-1,7,5,0,0,12,0,0,0,0
160.2496,2,0,1,0,0,0,0,-1,0,0.0000,-1,7,5,0,0,12,0,0,0,0
160.2713,2,0,1,0,0,0,0,-1,0,0.0000,-1,7,5,0,0,12,0,0,0,0
160.2919,2,0,1,0,0,0,0,-1,0,0.0000,-1,7,5,0,0,12,0,0,0,0
160.3138,2,0,1,0,0,0,0,-1,0,0.0000,-1,7,5,0,0,12,0,0,0,0
160.3331,2,0,1,0,0,0,0,-1,0,0.0000,-1,7,5,0,0,12,0,0,0,0
160.3546,2,0,1,0,0,0,0,-1,0,0.0000,-1,7,5,0,0,12,0,0,0,0
160.3749,2,0,1,0,0,0,0,-1,0,0.0000,-1,7,5,0,0,12,0,0,0,0
160.3957,2,0,1,0,0,0,0,-1,0,0.0000,-1,7,5,0,0,12,0,0,0,0
160.4359,2,0,1,0,0,0,0,-1,0,0.0000,-1,7,5,0,0,12,0,0,0,0
160.4477,2,0,1,0,0,0,0,-1,0,0.0000,-1,7,5,0,0,12,0,0,0,0
160.4623,2,0,1,0,0,0,0,-1,0,0.0000,-1,7,5,0,0,12,0,0,0,0
160.4844,2,0,1,0,0,0,0,-1,0,0.0000,-1,7,5,0,0,12,0,0,0,0
160.5055,2,0,1,0,0,0,0,-1,0,0.0000,-1,7,5,0,0,12,0,0,0,0
160.527,2,0,1,0,0,0,0,-1,0,0.0000,-1,7,5,0,0,12,0,0,0,0
160.5482,2,0,1,0,0,0,0,-1,0,0.0000,-1,7,5,0,0,12,0,0,0,0
160.5695,2,0,1,0,0,0,0,-1,0,0.0000,-1,7,5,0,0,12,0,0,0,0
160.5914,2,0,1,0,0,0,0,-1,0,0.0000,-1,7,5,0,0,12,0,0,0,0
160.6118,2,0,1,0,0,0,0,-1,0,0.0000,-1,7,5,0,0,12,0,0,0,0
160.6346,2,0,1,0,0,0,0,-1,0,0.0000,-1,7,5,0,0,12,0,0,0,0
160.6544,2,0,1,0,0,0,0,-1,0,0.0000,-1,7,5,0,0,12,0,0,0,0
160.6766,2,0,1,0,0,0,0,-1,0,0.0000,-1,7,5,0,0,12,0,0,0,0
160.6969,2,0,1,0,0,0,0,-1,0,0.0000,-1,7,5,0,0,12,0,0,0,0
160.7179,2,0,1,0,0,0,0,-1,0,0.0000,-1,7,5,0,0,12,0,0,0,0
160.739,2,0,1,0,0,0,0,-1,0,0.0000,-1,7,5,0,0,12,0,0,0,0
160.7611,2,0,1,0,0,0,0,-1,0,0.0000,-1,7,5,0,0,12,0,0,0,0
160.7818,2,0,1,0,0,0,0,-1,0,0.0000,-1,7,5,0,0,12,0,0,0,0
160.8033,2,0,1,0,0,0,0,-1,0,0.0000,-1,7,5,0,0,12,0,0,0,0
160.8252,2,0,1,0,0,0,0,-1,0,0.0000,-1,7,5,0,0,12,0,0,0,0
160.8459,2,0,1,0,0,0,0,-1,0,0.0000,-1,7,5,0,0,12,0,0,0,0
160.8656,2,0,1,0,0,0,0,-1,0,0.0000,-1,7,5,0,0,12,0,0,0,0
160.8865,2,0,1,0,0,0,0,-1,0,0.0000,-1,7,5,0,0,12,0,0,0,0
160.9076,2,0,1,0,0,0,0,-1,0,0.0000,-1,7,5,0,0,12,0,0,0,0
160.9294,2,0,1,0,0,0,0,-1,0,0.0000,-1,7,5,0,0,12,0,0,0,0
160.9499,2,0,1,0,0,0,0,-1,0,0.0000,-1,7,5,0,0,12,0,0,0,0
160.9719,2,0,1,0,0,0,0,-1,0,0.0000,-1,7,5,0,0,12,0,0,0,0
160.9935,2,0,1,0,0,0,0,-1,0,0.0000,-1,7,5,0,0,12,0,0,0,0
161.0146,2,0,1,0,0,0,0,-1,0,0.0000,-1,7,5,0,0,12,0,0,0,0
161.035,2,0,1,0,0,0,0,-1,0,0.0000,-1,7,5,0,0,12,0,0,0,0
161.056,2,0,1,0,0,0,0,-1,0,0.0000,-1,7,5,0,0,12,0,0,0,0
161.0774,2,0,1,0,0,0,0,-1,0,0.0000,-1,7,5,0,0,12,0,0,0,0
161.0977,2,0,1,0,0,0,0,-1,0,0.0000,-1,7,5,0,0,12,0,0,0,0
161.1184,2,0,1,0,0,0,0,-1,0,0.0000,-1,7,5,0,0,12,0,0,0,0
161.1402,2,0,1,0,0,0,0,-1,0,0.0000,-1,7,5,0,0,12,0,0,0,0
161.1616,2,0,1,0,0,0,0,-1,0,0.0000,-1,7,5,0,0,12,0,0,0,0
161.1834,2,0,1,0,0,0,0,-1,0,0.0000,-1,7,5,0,0,12,0,0,0,0
161.2032,2,0,1,0,0,0,0,-1,0,0.0000,-1,7,5,0,0,12,0,0,0,0
161.2244,2,0,1,0,0,0,0,-1,0,0.0000,-1,7,5,0,0,12,0,0,0,0
161.2457,2,0,1,0,0,0,0,-1,0,0.0000,-1,7,5,0,0,12,0,0,0,0
161.2655,2,0,1,0,0,0,0,-1,0,0.0000,-1,7,5,0,0,12,0,0,0,0
161.287,2,0,1,0,0,0,0,-1,0,0.0000,-1,7,5,0,0,12,0,0,0,0
161.3073,2,0,1,0,0,0,0,-1,0,0.0000,-1,7,5,0,0,12,0,0,0,0
161.3282,2,0,1,0,0,0,0,-1,0,0.0000,-1,7,5,0,0,12,0,0,0,0
161.3494,2,0,1,0,0,0,0,-1,0,0.0000,-1,7,5,0,0,12,0,0,0,0
161.37,2,0,1,0,0,0,0,-1,0,0.0000,-1,7,5,0,0,12,0,0,0,0
161.3906,2,0,1,0,0,0,0,-1,0,0.0000,-1,7,5,0,0,12,0,0,0,0
161.412,2,0,1,0,0,0,0,-1,0,0.0000,-1,7,5,0,0,12,0,0,0,0
161.4319,2,0,1,0,0,0,0,-1,0,0.0000,-1,7,5,0,0,12,0,0,0,0
161.4539,2,0,1,0,0,0,0,-1,0,0.0000,-1,7,5,0,0,12,0,0,0,0
161.4743,2,0,1,0,0,0,0,-1,0,0.0000,-1,7,5,0,0,12,0,0,0,0
161.4952,2,0,1,0,0,0,0,-1,0,0.0000,-1,7,5,0,0,12,0,0,0,0
161.5169,2,0,1,0,0,0,0,-1,0,0.0000,-1,7,5,0,0,12,0,0,0,0
161.5368,2,0,1,0,0,0,0,-1,0,0.0000,-1,7,5,0,0,12,0,0,0,0
161.5584,2,0,1,0,0,0,0,-1,0,0.0000,-1,7,5,0,0,12,0,0,0,0
161.5785,2,0,1,0,0,0,0,-1,0,0.0000,-1,7,5,0,0,12,0,0,0,0
161.5995,2,0,1,0,0,0,0,-1,0,0.0000,-1,7,5,0,0,12,0,0,0,0
161.6201,2,0,1,0,0,0,0,-1,0,0.0000,-1,7,5,0,0,12,0,0,0,0
161.6411,2,0,1,0,0,0,0,-1,0,0.0000,-1,7,5,0,0,12,0,0,0,0
161.6633,2,0,1,0,0,0,0,-1,0,0.0000,-1,7,5,0,0,12,0,0,0,0
161.6838,2,0,1,0,0,0,0,-1,0,0.0000,-1,7,5,0,0,12,0,0,0,0
161.7059,2,0,1,0,0,0,0,-1,0,0.0000,-1,7,5,0,0,12,0,0,0,0
161.7272,2,0,1,0,0,0,0,-1,0,0.0000,-1,7,5,0,0,12,0,0,0,0
161.7473,2,0,1,0,0,0,0,-1,0,0.0000,-1,7,5,0,0,12,0,0,0,0
161.7687,2,0,1,0,0,0,0,-1,0,0.0000,-1,7,5,0,0,12,0,0,0,0
161.7905,2,0,1,0,0,0,0,-1,0,0.0000,-1,7,5,0,0,12,0,0,0,0
161.811,2,0,1,0,0,0,0,-1,0,0.0000,-1,7,5,0,0,12,0,0,0,0
161.8316,2,0,1,0,0,0,0,-1,0,0.0000,-1,7,5,0,0,12,0,0,0,0
161.8532,2,0,1,0,0,0,0,-1,0,0.0000,-1,7,5,0,0,12,0,0,0,0
161.8734,2,0,1,0,0,0,0,-1,0,0.0000,-1,7,5,0,0,12,0,0,0,0
161.9131,2,0,1,0,0,0,0,-1,0,0.0000,-1,7,5,0,0,12,0,0,0,0
161.924,2,0,1,0,0,0,0,-1,0,0.0000,-1,7,5,0,0,12,0,0,0,0
161.941,2,0,1,0,0,0,0,-1,0,0.0000,-1,7,5,0,0,12,0,0,0,0
161.9631,2,0,1,0,0,0,0,-1,0,0.0000,-1,7,5,0,0,12,0,0,0,0
161.9845,2,0,1,0,0,0,0,-1,0,0.0000,-1,7,5,0,0,12,0,0,0,0
162.0067,2,0,1,0,0,0,0,-1,0,0.0000,-1,7,5,0,0,12,0,0,0,0
162.0273,2,0,1,0,0,0,0,-1,0,0.0000,-1,7,5,0,0,12,0,0,0,0
162.0486,2,0,1,0,0,0,0,-1,0,0.0000,-1,7,5,0,0,12,0,0,0,0
162.0699,2,0,1,0,0,0,0,-1,0,0.0000,-1,7,5,0,0,12,0,0,0,0
162.0905,2,0,1,0,0,0,0,-1,0,0.0000,-1,7,5,0,0,12,0,0,0,0
162.1109,2,0,1,0,0,0,0,-1,0,0.0000,-1,7,5,0,0,12,0,0,0,0
162.1322,2,0,1,0,0,0,0,-1,0,0.0000,-1,7,5,0,0,12,0,0,0,0
162.1537,2,0,1,0,0,0,0,-1,0,0.0000,-1,7,5,0,0,12,0,0,0,0
162.1758,2,0,1,0,0,0,0,-1,0,0.0000,-1,7,5,0,0,12,0,0,0,0
162.1963,2,0,1,0,0,0,0,-1,0,0.0000,-1,7,5,0,0,12,0,0,0,0
162.2176,2,0,1,0,0,0,0,-1,0,0.0000,-1,7,5,0,0,12,0,0,0,0
162.2388,2,0,1,0,0,0,0,-1,0,0.0000,-1,7,5,0,0,12,0,0,0,0
162.2608,2,0,1,0,0,0,0,-1,0,0.0000,-1,7,5,0,0,12,0,0,0,0
162.2808,2,0,1,0,0,0,0,-1,0,0.0000,-1,7,5,0,0,12,0,0,0,0
162.3017,2,0,1,0,0,0,0,-1,0,0.0000,-1,7,5,0,0,12,0,0,0,0
162.3229,2,0,1,0,0,0,0,-1,0,0.0000,-1,7,5,0,0,12,0,0,0,0
162.3449,2,0,1,0,0,0,0,-1,0,0.0000,-1,7,5,0,0,12,0,0,0,0
162.3659,2,0,1,0,0,0,0,-1,0,0.0000,-1,7,5,0,0,12,0,0,0,0
162.3855,2,0,1,0,0,0,0,-1,0,0.0000,-1,7,5,0,0,12,0,0,0,0
162.4067,2,0,1,0,0,0,0,-1,0,0.0000,-1,7,5,0,0,12,0,0,0,0
162.4281,2,0,1,0,0,0,0,-1,0,0.0000,-1,7,5,0,0,12,0,0,0,0
162.4488,2,0,1,0,0,0,0,-1,0,0.0000,-1,7,5,0,0,12,0,0,0,0
162.4709,2,0,1,0,0,0,0,-1,0,0.0000,-1,7,5,0,0,12,0,0,0,0
162.4916,2,0,1,0,0,0,0,-1,0,0.0000,-1,7,5,0,0,12,0,0,0,0
162.5149,2,0,1,0,0,0,0,-1,0,0.0000,-1,7,5,0,0,12,0,0,0,0
162.5348,2,0,1,0,0,0,0,-1,0,0.0000,-1,7,5,0,0,12,0,0,0,0
162.5548,2,0,1,0,0,0,0,-1,0,0.0000,-1,7,5,0,0,12,0,0,0,0
162.5774,2,0,1,0,0,0,0,-1,0,0.0000,-1,7,5,0,0,12,0,0,0,0
162.5981,2,0,1,0,0,0,0,-1,0,0.0000,-1,7,5,0,0,12,0,0,0,0
162.6189,2,0,1,0,0,0,0,-1,0,0.0000,-1,7,5,0,0,12,0,0,0,0
162.6408,2,0,1,0,0,0,0,-1,0,0.0000,-1,7,5,0,0,12,0,0,0,0
162.662,2,0,1,0,0,0,0,-1,0,0.0000,-1,7,5,0,0,12,0,0,0,0
162.683,2,0,1,0,0,0,0,-1,0,0.0000,-1,7,5,0,0,12,0,0,0,0
162.7025,2,0,1,0,0,0,0,-1,0,0.0000,-1,7,5,0,0,12,0,0,0,0
162.7244,2,0,1,0,0,0,0,-1,0,0.0000,-1,7,5,0,0,12,0,0,0,0
162.745,2,0,1,0,0,0,0,-1,0,0.0000,-1,7,5,0,0,12,0,0,0,0
162.7645,2,0,1,0,0,0,0,-1,0,0.0000,-1,7,5,0,0,12,0,0,0,0
162.7863,2,0,1,0,0,0,0,-1,0,0.0000,-1,7,5,0,0,12,0,0,0,0
162.8085,2,0,1,0,0,0,0,-1,0,0.0000,-1,7,5,0,0,12,0,0,0,0
162.828,2,0,1,0,0,0,0,-1,0,0.0000,-1,7,5,0,0,12,0,0,0,0
162.8503,2,0,1,0,0,0,0,-1,0,0.0000,-1,7,5,0,0,12,0,0,0,0
162.87,2,0,1,0,0,0,0,-1,0,0.0000,-1,7,5,0,0,12,0,0,0,0
162.8907,2,0,1,0,0,0,0,-1,0,0.0000,-1,7,5,0,0,12,0,0,0,0
162.9122,2,0,1,0,0,0,0,-1,0,0.0000,-1,7,5,0,0,12,0,0,0,0
162.9308,2,0,1,0,0,0,0,-1,0,0.0000,-1,7,5,0,0,12,0,0,0,0
162.9701,2,0,1,0,0,0,0,-1,0,0.0000,-1,7,5,0,0,12,0,0,0,0
162.9839,2,0,1,0,0,0,1,33,0,0.0000,-1,7,5,0,0,12,0,0,0,0
162.9997,2,0,1,0,0,0,1,33,0,0.0000,-1,7,5,0,0,12,0,0,0,0
163.0215,2,0,1,0,0,0,1,33,0,0.0000,-1,7,5,0,0,12,0,0,0,0
163.0415,2,0,1,0,0,0,1,33,0,0.0000,-1,7,5,0,0,12,0,0,0,0
163.0635,2,0,1,0,0,0,1,33,0,0.0000,-1,7,5,0,0,12,0,0,0,0
163.0832,2,0,1,0,0,0,1,33,0,0.0000,-1,7,5,0,0,12,0,0,0,0
163.1054,2,0,1,0,0,0,1,33,0,0.0000,-1,7,5,0,0,12,0,0,0,0
163.1264,2,0,1,0,0,0,1,33,0,0.0000,-1,7,5,0,0,12,0,0,0,0
163.1465,2,0,1,0,0,0,1,33,0,0.0000,-1,7,5,0,0,12,0,0,0,0
163.1691,2,0,1,0,0,0,1,33,0,0.0000,-1,7,5,0,0,12,0,0,0,0
163.1892,2,0,1,0,0,0,1,33,0,0.0000,-1,7,5,0,0,12,0,0,0,0
163.2092,2,0,1,0,0,0,1,33,0,0.0000,-1,7,5,0,0,12,0,0,0,0
163.2312,2,0,1,0,0,0,1,33,0,0.0000,-1,7,5,0,0,12,0,0,0,0
163.2558,2,0,1,0,0,0,1,33,0,0.0000,-1,7,5,0,0,12,0,0,0,0
163.2781,2,0,1,0,0,0,1,33,0,0.0000,-1,7,5,0,0,12,0,0,0,0
163.2976,2,0,1,0,0,0,1,33,0,0.0000,-1,7,5,0,0,12,0,0,0,0
163.3199,2,0,1,0,0,0,1,33,0,0.0000,-1,7,5,0,0,12,0,0,0,0
163.3415,2,0,1,0,0,0,1,33,0,0.0000,-1,7,5,0,0,12,0,0,0,0
163.3628,2,0,1,0,0,0,1,33,0,0.0000,-1,7,5,0,0,12,0,0,0,0
163.401,2,0,1,0,0,0,1,33,0,0.0000,-1,7,5,0,0,12,0,0,0,0
163.4151,2,0,1,0,0,0,1,33,0,0.0000,-1,7,5,0,0,12,0,0,0,0
163.4298,2,0,1,0,0,0,1,33,0,0.0000,-1,7,5,0,0,12,0,0,0,0
163.4523,2,0,1,0,0,0,1,33,0,0.0000,-1,7,5,0,0,12,0,0,0,0
163.4775,2,0,1,0,0,0,1,33,0,0.0000,-1,7,5,0,0,12,0,0,0,0
163.4988,2,0,1,0,0,0,1,33,0,0.0000,-1,7,5,0,0,12,0,0,0,0
163.5202,2,0,1,0,0,0,1,33,0,0.0000,-1,7,5,0,0,12,0,0,0,0
163.5419,2,0,1,0,0,0,1,33,0,0.0000,-1,7,5,0,0,12,0,0,0,0
163.5639,2,0,1,0,0,0,1,33,0,0.0000,-1,7,5,0,0,12,0,0,0,0
163.5835,2,0,1,0,0,0,1,33,0,0.0000,-1,7,5,0,0,12,0,0,0,0
163.6061,2,0,1,0,0,0,1,33,0,0.0000,-1,7,5,0,0,12,0,0,0,0
163.6268,2,0,1,0,0,0,1,33,0,0.0000,-1,7,5,0,0,12,0,0,0,0
163.6502,2,0,1,0,0,0,1,33,0,0.0000,-1,7,5,0,0,12,0,0,0,0
163.6704,2,0,1,0,0,0,0,-1,0,0.0000,33,7,6,0,0,13,0,0,0,0
163.6924,2,0,1,0,0,0,0,-1,0,0.0000,-1,7,6,0,0,13,0,0,0,0
163.713,2,0,1,0,0,0,0,-1,0,0.0000,-1,7,6,0,0,13,0,0,0,0
163.7354,2,0,1,0,0,0,0,-1,0,0.0000,-1,7,6,0,0,13,0,0,0,0
163.7543,2,0,1,0,0,0,0,-1,0,0.0000,-1,7,6,0,0,13,0,0,0,0
163.776,2,0,1,0,0,0,0,-1,0,0.0000,-1,7,6,0,0,13,0,0,0,0
163.8183,2,0,1,0,0,0,0,-1,0,0.0000,-1,7,6,0,0,13,0,0,0,0
163.8323,2,0,1,0,0,0,0,-1,0,0.0000,-1,7,6,0,0,13,0,0,0,0
163.8475,2,0,1,0,0,0,0,-1,0,0.0000,-1,7,6,0,0,13,0,0,0,0
163.873,2,0,1,0,0,0,0,-1,0,0.0000,-1,7,6,0,0,13,0,0,0,0
163.8952,2,0,1,0,0,0,0,-1,0,0.0000,-1,7,6,0,0,13,0,0,0,0
163.9167,2,0,1,0,0,0,0,-1,0,0.0000,-1,7,6,0,0,13,0,0,0,0
163.937,2,0,1,0,0,0,0,-1,0,0.0000,-1,7,6,0,0,13,0,0,0,0
163.9583,2,0,1,0,0,0,0,-1,0,0.0000,-1,7,6,0,0,13,0,0,0,0
163.9794,2,0,1,0,0,0,0,-1,0,0.0000,-1,7,6,0,0,13,0,0,0,0
164.0193,2,0,1,0,0,0,0,-1,0,0.0000,-1,7,6,0,0,13,0,0,0,0
164.0314,2,0,1,0,0,0,0,-1,0,0.0000,-1,7,6,0,0,13,0,0,0,0
164.0484,2,0,1,0,0,0,0,-1,0,0.0000,-1,7,6,0,0,13,0,0,0,0
164.0713,2,0,1,0,0,0,0,-1,0,0.0000,-1,7,6,0,0,13,0,0,0,0
164.0959,2,0,1,0,0,0,0,-1,0,0.0000,-1,7,6,0,0,13,0,0,0,0
164.1173,2,0,1,0,0,0,0,-1,0,0.0000,-1,7,6,0,0,13,0,0,0,0
164.1419,2,0,1,0,0,0,0,-1,0,0.0000,-1,7,6,0,0,13,0,0,0,0
164.1623,2,0,1,0,0,0,0,-1,0,0.0000,-1,7,6,0,0,13,0,0,0,0
164.1832,2,0,1,0,0,0,0,-1,0,0.0000,-1,7,6,0,0,13,0,0,0,0
164.2095,2,0,1,0,0,0,0,-1,0,0.0000,-1,7,6,0,0,13,0,0,0,0
164.2322,2,0,1,0,0,0,0,-1,0,0.0000,-1,7,6,0,0,13,0,0,0,0
164.2573,2,0,1,0,0,0,0,-1,0,0.0000,-1,7,6,0,0,13,0,0,0,0
164.2792,2,0,1,0,0,0,0,-1,0,0.0000,-1,7,6,0,0,13,0,0,0,0
164.3021,2,0,1,0,0,0,0,-1,0,0.0000,-1,7,6,0,0,13,0,0,0,0
164.3242,2,0,1,0,0,0,0,-1,0,0.0000,-1,7,6,0,0,13,0,0,0,0
164.3476,2,0,1,0,0,0,0,-1,0,0.0000,-1,7,6,0,0,13,0,0,0,0
164.3693,2,0,1,0,0,0,0,-1,0,0.0000,-1,7,6,0,0,13,0,0,0,0
164.3929,2,0,1,0,0,0,0,-1,0,0.0000,-1,7,6,0,0,13,0,0,0,0
164.4136,2,0,1,0,0,0,0,-1,0,0.0000,-1,7,6,0,0,13,0,0,0,0
164.4358,2,0,1,0,0,0,0,-1,0,0.0000,-1,7,6,0,0,13,0,0,0,0
164.4589,2,0,1,0,0,0,0,-1,0,0.0000,-1,7,6,0,0,13,0,0,0,0
164.4801,2,0,1,0,0,0,0,-1,0,0.0000,-1,7,6,0,0,13,0,0,0,0
164.5021,2,0,1,0,0,0,0,-1,0,0.0000,-1,7,6,0,0,13,0,0,0,0
164.53,2,0,1,0,0,0,0,-1,0,0.0000,-1,7,6,0,0,13,0,0,0,0
164.5466,2,0,1,0,0,0,0,-1,0,0.0000,-1,7,6,0,0,13,0,0,0,0
164.5699,2,0,1,0,0,0,0,-1,0,0.0000,-1,7,6,0,0,13,0,0,0,0
164.5918,2,0,1,0,0,0,0,-1,0,0.0000,-1,7,6,0,0,13,0,0,0,0
164.6163,2,0,1,0,0,0,0,-1,0,0.0000,-1,7,6,0,0,13,0,0,0,0
164.6385,2,0,1,0,0,0,0,-1,0,0.0000,-1,7,6,0,0,13,0,0,0,0
164.6608,2,0,1,0,0,0,0,-1,0,0.0000,-1,7,6,0,0,13,0,0,0,0
164.6837,2,0,1,0,0,0,0,-1,0,0.0000,-1,7,6,0,0,13,0,0,0,0
164.7054,2,0,1,0,0,0,0,-1,0,0.0000,-1,7,6,0,0,13,0,0,0,0
164.727,2,0,1,0,0,0,0,-1,0,0.0000,-1,7,6,0,0,13,0,0,0,0
164.7491,2,0,1,0,0,0,0,-1,0,0.0000,-1,7,6,0,0,13,0,0,0,0
164.7705,2,0,1,0,0,0,0,-1,0,0.0000,-1,7,6,0,0,13,0,0,0,0
164.7893,2,0,1,0,0,0,0,-1,0,0.0000,-1,7,6,0,0,13,0,0,0,0
164.813,2,0,1,0,0,0,0,-1,0,0.0000,-1,7,6,0,0,13,0,0,0,0
164.8336,2,0,1,0,0,0,0,-1,0,0.0000,-1,7,6,0,0,13,0,0,0,0
164.8563,2,0,1,0,0,0,0,-1,0,0.0000,-1,7,6,0,0,13,0,0,0,0
164.877,2,0,1,0,0,0,0,-1,0,0.0000,-1,7,6,0,0,13,0,0,0,0
164.8989,2,0,1,0,0,0,0,-1,0,0.0000,-1,7,6,0,0,13,0,0,0,0
164.92,2,0,1,0,0,0,0,-1,0,0.0000,-1,7,6,0,0,13,0,0,0,0
164.9409,2,0,1,0,0,0,0,-1,0,0.0000,-1,7,6,0,0,13,0,0,0,0
164.9628,2,0,1,0,0,0,0,-1,0,0.0000,-1,7,6,0,0,13,0,0,0,0
164.9837,2,0,1,0,0,0,0,-1,0,0.0000,-1,7,6,0,0,13,0,0,0,0
165.0054,2,0,1,0,0,0,0,-1,0,0.0000,-1,7,6,0,0,13,0,0,0,0
165.0252,2,0,1,0,0,0,0,-1,0,0.0000,-1,7,6,0,0,13,0,0,0,0
165.0471,2,0,1,0,0,0,0,-1,0,0.0000,-1,7,6,0,0,13,0,0,0,0
165.0871,2,0,1,0,0,0,0,-1,0,0.0000,-1,7,6,0,0,13,0,0,0,0
165.1027,2,0,1,0,0,0,0,-1,0,0.0000,-1,7,6,0,0,13,0,0,0,0
165.1198,2,0,1,0,0,0,0,-1,0,0.0000,-1,7,6,0,0,13,0,0,0,0
165.1391,2,0,1,0,0,0,0,-1,0,0.0000,-1,7,6,0,0,13,0,0,0,0
165.1618,2,0,1,0,0,0,0,-1,0,0.0000,-1,7,6,0,0,13,0,0,0,0
165.1831,2,0,1,0,0,0,0,-1,0,0.0000,-1,7,6,0,0,13,0,0,0,0
165.2065,2,0,1,0,0,0,0,-1,0,0.0000,-1,7,6,0,0,13,0,0,0,0
165.2266,2,0,1,0,0,0,0,-1,0,0.0000,-1,7,6,0,0,13,0,0,0,0
165.2478,2,0,1,0,0,0,0,-1,0,0.0000,-1,7,6,0,0,13,0,0,0,0
165.2688,2,0,1,0,0,0,0,-1,0,0.0000,-1,7,6,0,0,13,0,0,0,0
165.2908,2,0,1,0,0,0,0,-1,0,0.0000,-1,7,6,0,0,13,0,0,0,0
165.3121,2,0,1,0,0,0,0,-1,0,0.0000,-1,7,6,0,0,13,0,0,0,0
165.3351,2,0,1,0,0,0,0,-1,0,0.0000,-1,7,6,0,0,13,0,0,0,0
165.3548,2,0,1,0,0,0,0,-1,0,0.0000,-1,7,6,0,0,13,0,0,0,0
165.3769,2,0,1,0,0,0,0,-1,0,0.0000,-1,7,6,0,0,13,0,0,0,0
165.3986,2,0,1,0,0,0,0,-1,0,0.0000,-1,7,6,0,0,13,0,0,0,0
165.4221,2,0,1,0,0,0,0,-1,0,0.0000,-1,7,6,0,0,13,0,0,0,0
165.4414,2,0,1,0,0,0,0,-1,0,0.0000,-1,7,6,0,0,13,0,0,0,0
165.4645,2,0,1,0,0,0,0,-1,0,0.0000,-1,7,6,0,0,13,0,0,0,0
165.4867,2,0,1,0,0,0,0,-1,0,0.0000,-1,7,6,0,0,13,0,0,0,0
165.5088,2,0,1,0,0,0,0,-1,0,0.0000,-1,7,6,0,0,13,0,0,0,0
165.5302,2,0,1,0,0,0,0,-1,0,0.0000,-1,7,6,0,0,13,0,0,0,0
165.5514,2,0,1,0,0,0,0,-1,0,0.0000,-1,7,6,0,0,13,0,0,0,0
165.5729,2,0,1,0,0,0,0,-1,0,0.0000,-1,7,6,0,0,13,0,0,0,0
165.5949,2,0,1,0,0,0,0,-1,0,0.0000,-1,7,6,0,0,13,0,0,0,0
165.6146,2,0,1,0,0,0,0,-1,0,0.0000,-1,7,6,0,0,13,0,0,0,0
165.6372,2,0,1,0,0,0,0,-1,0,0.0000,-1,7,6,0,0,13,0,0,0,0
165.659,2,0,1,0,0,0,0,-1,0,0.0000,-1,7,6,0,0,13,0,0,0,0
165.6805,2,0,1,0,0,0,0,-1,0,0.0000,-1,7,6,0,0,13,0,0,0,0
165.7024,2,0,1,0,0,0,0,-1,0,0.0000,-1,7,6,0,0,13,0,0,0,0
165.7247,2,0,1,0,0,0,0,-1,0,0.0000,-1,7,6,0,0,13,0,0,0,0
165.7456,2,0,1,0,0,0,0,-1,0,0.0000,-1,7,6,0,0,13,0,0,0,0
165.7661,2,0,1,0,0,0,0,-1,0,0.0000,-1,7,6,0,0,13,0,0,0,0
165.7885,2,0,1,0,0,0,0,-1,0,0.0000,-1,7,6,0,0,13,0,0,0,0
165.8129,2,0,1,0,0,0,0,-1,0,0.0000,-1,7,6,0,0,13,0,0,0,0
165.8343,2,0,1,0,0,0,0,-1,0,0.0000,-1,7,6,0,0,13,0,0,0,0
165.8548,2,0,1,0,0,0,0,-1,0,0.0000,-1,7,6,0,0,13,0,0,0,0
165.8786,2,0,1,0,0,0,0,-1,0,0.0000,-1,7,6,0,0,13,0,0,0,0
165.9012,2,0,1,0,0,0,0,-1,0,0.0000,-1,7,6,0,0,13,0,0,0,0
165.9215,2,0,1,0,0,0,0,-1,0,0.0000,-1,7,6,0,0,13,0,0,0,0
165.9423,2,0,1,0,0,0,0,-1,0,0.0000,-1,7,6,0,0,13,0,0,0,0
165.9657,2,0,1,0,0,0,0,-1,0,0.0000,-1,7,6,0,0,13,0,0,0,0
165.9886,2,0,1,0,0,0,0,-1,0,0.0000,-1,7,6,0,0,13,0,0,0,0
166.0093,2,0,1,0,0,0,0,-1,0,0.0000,-1,7,6,0,0,13,0,0,0,0
166.0299,2,0,1,0,0,0,0,-1,0,0.0000,-1,7,6,0,0,13,0,0,0,0
166.0535,2,0,1,0,0,0,0,-1,0,0.0000,-1,7,6,0,0,13,0,0,0,0
166.0751,2,0,1,0,0,0,0,-1,0,0.0000,-1,7,6,0,0,13,0,0,0,0
166.0975,2,0,1,0,0,0,0,-1,0,0.0000,-1,7,6,0,0,13,0,0,0,0
166.117,2,0,1,0,0,0,0,-1,0,0.0000,-1,7,6,0,0,13,0,0,0,0
166.14,2,0,1,0,0,0,0,-1,0,0.0000,-1,7,6,0,0,13,0,0,0,0
166.162,2,0,1,0,0,0,0,-1,0,0.0000,-1,7,6,0,0,13,0,0,0,0
166.1847,2,0,1,0,0,0,0,-1,0,0.0000,-1,7,6,0,0,13,0,0,0,0
166.2058,2,0,1,0,0,0,0,-1,0,0.0000,-1,7,6,0,0,13,0,0,0,0
166.2256,2,0,1,0,0,0,0,-1,0,0.0000,-1,7,6,0,0,13,0,0,0,0
166.2501,2,0,1,0,0,0,0,-1,0,0.0000,-1,7,6,0,0,13,0,0,0,0
166.27,2,0,1,0,0,0,0,-1,0,0.0000,-1,7,6,0,0,13,0,0,0,0
166.2929,2,0,1,0,0,0,0,-1,0,0.0000,-1,7,6,0,0,13,0,0,0,0
166.3165,2,0,1,0,0,0,0,-1,0,0.0000,-1,7,6,0,0,13,0,0,0,0
166.3383,2,0,1,0,0,0,0,-1,0,0.0000,-1,7,6,0,0,13,0,0,0,0
166.3593,2,0,1,0,0,0,0,-1,0,0.0000,-1,7,6,0,0,13,0,0,0,0
166.381,2,0,1,0,0,0,0,-1,0,0.0000,-1,7,6,0,0,13,0,0,0,0
166.4036,2,0,1,0,0,0,0,-1,0,0.0000,-1,7,6,0,0,13,0,0,0,0
166.425,2,0,1,0,0,0,0,-1,0,0.0000,-1,7,6,0,0,13,0,0,0,0
166.4465,2,0,1,0,0,0,0,-1,0,0.0000,-1,7,6,0,0,13,0,0,0,0
166.4678,2,0,1,0,0,0,0,-1,0,0.0000,-1,7,6,0,0,13,0,0,0,0
166.4918,2,0,1,0,0,0,0,-1,0,0.0000,-1,7,6,0,0,13,0,0,0,0
166.5108,2,0,1,0,0,0,0,-1,0,0.0000,-1,7,6,0,0,13,0,0,0,0
166.5326,2,0,1,0,0,0,0,-1,0,0.0000,-1,7,6,0,0,13,0,0,0,0
166.5555,2,0,1,0,0,0,0,-1,0,0.0000,-1,7,6,0,0,13,0,0,0,0
166.5751,2,0,1,0,0,0,0,-1,0,0.0000,-1,7,6,0,0,13,0,0,0,0
166.5968,2,0,1,0,0,0,0,-1,0,0.0000,-1,7,6,0,0,13,0,0,0,0
166.6196,2,0,1,0,0,0,0,-1,0,0.0000,-1,7,6,0,0,13,0,0,0,0
166.6436,2,0,1,0,0,0,0,-1,0,0.0000,-1,7,6,0,0,13,0,0,0,0
166.6632,2,0,1,0,0,0,0,-1,0,0.0000,-1,7,6,0,0,13,0,0,0,0
166.6869,2,0,1,0,0,0,0,-1,0,0.0000,-1,7,6,0,0,13,0,0,0,0
166.709,2,0,1,0,0,0,0,-1,0,0.0000,-1,7,6,0,0,13,0,0,0,0
166.731,2,0,1,0,0,0,0,-1,0,0.0000,-1,7,6,0,0,13,0,0,0,0
166.7528,2,0,1,0,0,0,0,-1,0,0.0000,-1,7,6,0,0,13,0,0,0,0
166.7746,2,0,1,0,0,0,0,-1,0,0.0000,-1,7,6,0,0,13,0,0,0,0
166.7945,2,0,1,0,0,0,0,-1,0,0.0000,-1,7,6,0,0,13,0,0,0,0
166.8181,2,0,1,0,0,0,0,-1,0,0.0000,-1,7,6,0,0,13,0,0,0,0
166.8404,2,0,1,0,0,0,0,-1,0,0.0000,-1,7,6,0,0,13,0,0,0,0
166.8625,2,0,1,0,0,0,0,-1,0,0.0000,-1,7,6,0,0,13,0,0,0,0
166.8845,2,0,1,0,0,0,0,-1,0,0.0000,-1,7,6,0,0,13,0,0,0,0
166.9066,2,0,1,0,0,0,0,-1,0,0.0000,-1,7,6,0,0,13,0,0,0,0
166.9264,2,0,1,0,0,0,0,-1,0,0.0000,-1,7,6,0,0,13,0,0,0,0
166.9516,2,0,1,0,0,0,0,-1,0,0.0000,-1,7,6,0,0,13,0,0,0,0
166.9721,2,0,1,0,0,0,0,-1,0,0.0000,-1,7,6,0,0,13,0,0,0,0
166.9942,2,0,1,0,0,0,0,-1,0,0.0000,-1,7,6,0,0,13,0,0,0,0
167.017,2,0,1,0,0,0,0,-1,0,0.0000,-1,7,6,0,0,13,0,0,0,0
167.0372,2,0,1,0,0,0,0,-1,0,0.0000,-1,7,6,0,0,13,0,0,0,0
167.0586,2,0,1,0,0,0,0,-1,0,0.0000,-1,7,6,0,0,13,0,0,0,0
167.0812,2,0,1,0,0,0,0,-1,0,0.0000,-1,7,6,0,0,13,0,0,0,0
167.1032,2,0,1,0,0,0,0,-1,0,0.0000,-1,7,6,0,0,13,0,0,0,0
167.1244,2,0,1,0,0,0,0,-1,0,0.0000,-1,7,6,0,0,13,0,0,0,0
167.1442,2,0,1,0,0,0,0,-1,0,0.0000,-1,7,6,0,0,13,0,0,0,0
167.1691,2,0,1,0,0,0,0,-1,0,0.0000,-1,7,6,0,0,13,0,0,0,0
167.1895,2,0,1,0,0,0,0,-1,0,0.0000,-1,7,6,0,0,13,0,0,0,0
167.2123,2,0,1,0,0,0,0,-1,0,0.0000,-1,7,6,0,0,13,0,0,0,0
167.2341,2,0,1,0,0,0,0,-1,0,0.0000,-1,7,6,0,0,13,0,0,0,0
167.2559,2,0,1,0,0,0,0,-1,0,0.0000,-1,7,6,0,0,13,0,0,0,0
167.2766,2,0,1,0,0,0,0,-1,0,0.0000,-1,7,6,0,0,13,0,0,0,0
167.2987,2,0,1,0,0,0,0,-1,0,0.0000,-1,7,6,0,0,13,0,0,0,0
167.3206,2,0,1,0,0,0,0,-1,0,0.0000,-1,7,6,0,0,13,0,0,0,0
167.3419,2,0,1,0,0,0,0,-1,0,0.0000,-1,7,6,0,0,13,0,0,0,0
167.3643,2,0,1,0,0,0,0,-1,0,0.0000,-1,7,6,0,0,13,0,0,0,0
167.3863,2,0,1,0,0,0,0,-1,0,0.0000,-1,7,6,0,0,13,0,0,0,0
167.4067,2,0,1,0,0,0,0,-1,0,0.0000,-1,7,6,0,0,13,0,0,0,0
167.43,2,0,1,0,0,0,0,-1,0,0.0000,-1,7,6,0,0,13,0,0,0,0
167.4536,2,0,1,0,0,0,0,-1,0,0.0000,-1,7,6,0,0,13,0,0,0,0
167.475,2,0,1,0,0,0,0,-1,0,0.0000,-1,7,6,0,0,13,0,0,0,0
167.4971,2,0,1,0,0,0,0,-1,0,0.0000,-1,7,6,0,0,13,0,0,0,0
167.5177,2,0,1,0,0,0,0,-1,0,0.0000,-1,7,6,0,0,13,0,0,0,0
167.5403,2,0,1,0,0,0,0,-1,0,0.0000,-1,7,6,0,0,13,0,0,0,0
167.5614,2,0,1,0,0,0,0,-1,0,0.0000,-1,7,6,0,0,13,0,0,0,0
167.5832,2,0,1,0,0,0,0,-1,0,0.0000,-1,7,6,0,0,13,0,0,0,0
167.6047,2,0,1,0,0,0,0,-1,1,1.0000,-1,7,6,0,0,13,0,0,0,0
167.6272,2,0,1,0,0,0,0,-1,0,1.0000,-1,7,6,0,0,13,0,0,0,0
167.648,2,0,1,0,0,0,0,-1,0,1.0000,-1,7,6,0,0,13,0,0,0,0
167.6883,2,0,1,0,0,0,0,-1,0,1.0000,-1,7,6,0,0,13,0,0,0,0
167.7017,2,0,1,0,0,0,0,-1,0,1.0000,-1,7,6,0,0,13,0,0,0,0
167.7172,2,0,1,0,0,0,0,-1,0,1.0000,-1,7,6,0,0,13,0,0,0,0
167.7404,2,0,1,0,0,0,0,-1,0,1.0000,-1,7,6,0,0,13,0,0,0,0
167.7632,2,0,1,0,0,0,0,-1,0,1.0000,-1,7,6,0,0,13,0,0,0,0
167.7863,2,0,1,0,0,0,0,-1,0,1.0000,-1,7,6,0,0,13,0,0,0,0
167.8094,2,0,1,0,0,0,0,-1,0,1.0000,-1,7,6,0,0,13,0,0,0,0
167.8293,2,0,1,0,0,0,0,-1,0,1.0000,-1,7,6,0,0,13,0,0,0,0
167.8509,2,0,1,0,0,0,0,-1,0,1.0000,-1,7,6,0,0,13,0,0,0,0
167.8733,2,0,1,0,0,0,0,-1,0,1.0000,-1,7,6,0,0,13,0,0,0,0
167.8949,2,0,1,0,0,0,0,-1,0,1.0000,-1,7,6,0,0,13,0,0,0,0
167.9176,2,0,1,0,0,0,0,-1,0,1.0000,-1,7,6,0,0,13,0,0,0,0
167.9409,2,0,1,0,0,0,0,-1,0,1.0000,-1,7,6,0,0,13,0,0,0,0
167.9643,2,0,1,0,0,0,0,-1,0,1.0000,-1,7,6,0,0,13,0,0,0,0
167.9845,2,0,1,0,0,0,0,-1,0,1.0000,-1,7,6,0,0,13,0,0,0,0
168.0076,2,0,1,0,0,0,0,-1,0,1.0000,-1,7,6,0,0,13,0,0,0,0
168.0287,2,0,1,0,0,0,0,-1,0,1.0000,-1,7,6,0,0,13,0,0,0,0
168.0502,2,0,1,0,0,0,0,-1,0,1.0000,-1,7,6,0,0,13,0,0,0,0
168.0723,2,0,1,0,0,0,0,-1,0,1.0000,-1,7,6,0,0,13,0,0,0,0
168.0925,2,0,1,0,0,0,0,-1,0,1.0000,-1,7,6,0,0,13,0,0,0,0
168.1135,2,0,1,0,0,0,0,-1,0,1.0000,-1,7,6,0,0,13,0,0,0,0
168.1359,2,0,1,0,0,0,0,-1,0,1.0000,-1,7,6,0,0,13,0,0,0,0
168.1584,2,0,1,0,0,0,0,-1,0,1.0000,-1,7,6,0,0,13,0,0,0,0
168.1794,2,0,1,0,0,0,0,-1,0,1.0000,-1,7,6,0,0,13,0,0,0,0
168.2021,2,0,1,0,0,0,0,-1,0,1.0000,-1,7,6,0,0,13,0,0,0,0
168.2246,2,0,1,0,0,0,0,-1,0,1.0000,-1,7,6,0,0,13,0,0,0,0
168.2461,2,0,1,0,0,0,0,-1,0,1.0000,-1,7,6,0,0,13,0,0,0,0
168.2676,2,0,1,0,0,0,0,-1,0,1.0000,-1,7,6,0,0,13,0,0,0,0
168.2903,2,0,1,0,0,0,0,-1,0,1.0000,-1,7,6,0,0,13,0,0,0,0
168.3116,2,0,1,0,0,0,0,-1,0,1.0000,-1,7,6,0,0,13,0,0,0,0
168.334,2,0,1,0,0,0,0,-1,0,1.0000,-1,7,6,0,0,13,0,0,0,0
168.3542,2,0,1,0,0,0,0,-1,0,1.0000,-1,7,6,0,0,13,0,0,0,0
168.3739,2,0,1,0,0,0,0,-1,0,1.0000,-1,7,6,0,0,13,0,0,0,0
168.3977,2,0,1,0,0,0,0,-1,0,1.0000,-1,7,6,0,0,13,0,0,0,0
168.4201,2,0,1,0,0,0,0,-1,0,1.0000,-1,7,6,0,0,13,0,0,0,0
168.4422,2,0,1,0,0,0,0,-1,0,1.0000,-1,7,6,0,0,13,0,0,0,0
168.4632,2,0,1,0,0,0,0,-1,0,1.0000,-1,7,6,0,0,13,0,0,0,0
168.4865,2,0,1,0,0,0,0,-1,0,1.0000,-1,7,6,0,0,13,0,0,0,0
168.5073,2,0,1,0,0,0,0,-1,0,1.0000,-1,7,6,0,0,13,0,0,0,0
168.5307,2,0,1,0,0,0,0,-1,0,1.0000,-1,7,6,0,0,13,0,0,0,0
168.5535,2,0,1,0,0,0,0,-1,0,1.0000,-1,7,6,0,0,13,0,0,0,0
168.5752,2,0,1,0,0,0,0,-1,0,1.0000,-1,7,6,0,0,13,0,0,0,0
168.6011,2,0,1,0,0,0,0,-1,0,1.0000,-1,7,6,0,0,13,0,0,0,0
168.622,2,0,1,0,0,0,0,-1,0,0.0000,-1,7,6,0,0,13,0,0,0,0
168.6436,2,0,1,0,0,0,0,-1,0,0.0000,-1,7,6,0,0,13,0,0,0,0
168.6658,2,0,1,0,0,0,0,-1,0,0.0000,-1,7,6,0,0,13,0,0,0,0
168.6904,2,0,1,0,0,0,0,-1,0,0.0000,-1,7,6,0,0,13,0,0,0,0
168.7116,2,0,1,0,0,0,0,-1,0,0.0000,-1,7,6,0,0,13,0,0,0,0
168.7363,2,0,1,0,0,0,0,-1,0,0.0000,-1,7,6,0,0,13,0,0,0,0
168.7589,2,0,1,0,0,0,0,-1,0,0.0000,-1,7,6,0,0,13,0,0,0,0
168.7807,2,0,1,0,0,0,0,-1,0,0.0000,-1,7,6,0,0,13,0,0,0,0
168.8063,2,0,1,0,0,0,0,-1,0,0.0000,-1,7,6,0,0,13,0,0,0,0
168.8265,2,0,1,0,0,0,0,-1,0,0.0000,-1,7,6,0,0,13,0,0,0,0
168.8469,2,0,1,0,0,0,0,-1,0,0.0000,-1,7,6,0,0,13,0,0,0,0
168.8707,2,0,1,0,0,0,0,-1,0,0.0000,-1,7,6,0,0,13,0,0,0,0
168.8927,2,0,1,0,0,0,0,-1,0,0.0000,-1,7,6,0,0,13,0,0,0,0
168.9167,2,0,1,0,0,0,0,-1,0,0.0000,-1,7,6,0,0,13,0,0,0,0
168.9398,2,0,1,0,0,0,0,-1,0,0.0000,-1,7,6,0,0,13,0,0,0,0
168.9616,2,0,1,0,0,0,0,-1,0,0.0000,-1,7,6,0,0,13,0,0,0,0
168.9828,2,0,1,0,0,0,0,-1,0,0.0000,-1,7,6,0,0,13,0,0,0,0
169.0065,2,0,1,0,0,0,0,-1,0,0.0000,-1,7,6,0,0,13,0,0,0,0
169.0298,2,0,1,0,0,0,0,-1,0,0.0000,-1,7,6,0,0,13,0,0,0,0
169.0502,2,0,1,0,0,0,0,-1,0,0.0000,-1,7,6,0,0,13,0,0,0,0
169.0702,2,0,1,0,0,0,0,-1,0,0.0000,-1,7,6,0,0,13,0,0,0,0
169.0912,2,0,1,0,0,0,0,-1,0,0.0000,-1,7,6,0,0,13,0,0,0,0
169.113,2,0,1,0,0,0,0,-1,0,0.0000,-1,7,6,0,0,13,0,0,0,0
169.1336,2,0,1,0,0,0,0,-1,0,0.0000,-1,7,6,0,0,13,0,0,0,0
169.1559,2,0,1,0,0,0,0,-1,0,0.0000,-1,7,6,0,0,13,0,0,0,0
169.1757,2,0,1,0,0,0,0,-1,0,0.0000,-1,7,6,0,0,13,0,0,0,0
169.1958,2,0,1,0,0,0,0,-1,0,0.0000,-1,7,6,0,0,13,0,0,0,0
169.2187,2,0,1,0,0,0,0,-1,0,0.0000,-1,7,6,0,0,13,0,0,0,0
169.2383,2,0,1,0,0,0,0,-1,0,0.0000,-1,7,6,0,0,13,0,0,0,0
169.2604,2,0,1,0,0,0,0,-1,0,0.0000,-1,7,6,0,0,13,0,0,0,0
169.2806,2,0,1,0,0,0,0,-1,0,0.0000,-1,7,6,0,0,13,0,0,0,0
169.302,2,0,1,0,0,0,0,-1,0,0.0000,-1,7,6,0,0,13,0,0,0,0
169.3229,2,0,1,0,0,0,0,-1,0,0.0000,-1,7,6,0,0,13,0,0,0,0
169.3462,2,0,1,0,0,0,0,-1,0,0.0000,-1,7,6,0,0,13,0,0,0,0
169.3672,2,0,1,0,0,0,0,-1,0,0.0000,-1,7,6,0,0,13,0,0,0,0
169.3885,2,0,1,0,0,0,0,-1,0,0.0000,-1,7,6,0,0,13,0,0,0,0
169.4095,2,0,1,0,0,0,0,-1,0,0.0000,-1,7,6,0,0,13,0,0,0,0
169.4297,2,0,1,0,0,0,0,-1,0,0.0000,-1,7,6,0,0,13,0,0,0,0
169.4515,2,0,1,0,0,0,0,-1,0,0.0000,-1,7,6,0,0,13,0,0,0,0
169.4732,2,0,1,0,0,0,0,-1,0,0.0000,-1,7,6,0,0,13,0,0,0,0
169.4945,2,0,1,0,0,0,0,-1,0,0.0000,-1,7,6,0,0,13,0,0,0,0
169.5166,2,0,1,0,0,0,0,-1,0,0.0000,-1,7,6,0,0,13,0,0,0,0
169.5378,2,0,1,0,0,0,0,-1,0,0.0000,-1,7,6,0,0,13,0,0,0,0
169.5598,2,0,1,0,0,0,0,-1,0,0.0000,-1,7,6,0,0,13,0,0,0,0
169.581,2,0,1,0,0,0,0,-1,0,0.0000,-1,7,6,0,0,13,0,0,0,0
169.6016,2,0,1,0,0,0,0,-1,0,0.0000,-1,7,6,0,0,13,0,0,0,0
169.6227,2,0,1,0,0,0,0,-1,0,0.0000,-1,7,6,0,0,13,0,0,0,0
169.6441,2,0,1,0,0,0,0,-1,0,0.0000,-1,7,6,0,0,13,0,0,0,0
169.6656,2,0,1,0,0,0,0,-1,0,0.0000,-1,7,6,0,0,13,0,0,0,0
169.6871,2,0,1,0,0,0,0,-1,0,0.0000,-1,7,6,0,0,13,0,0,0,0
169.709,2,0,1,0,0,0,0,-1,0,0.0000,-1,7,6,0,0,13,0,0,0,0
169.7302,2,0,1,0,0,0,0,-1,0,0.0000,-1,7,6,0,0,13,0,0,0,0
169.7517,2,0,1,0,0,0,0,-1,0,0.0000,-1,7,6,0,0,13,0,0,0,0
169.7726,2,0,1,0,0,0,0,-1,0,0.0000,-1,7,6,0,0,13,0,0,0,0
169.7953,2,0,1,0,0,0,0,-1,0,0.0000,-1,7,6,0,0,13,0,0,0,0
169.8168,2,0,1,0,0,0,0,-1,0,0.0000,-1,7,6,0,0,13,0,0,0,0
169.8386,2,0,1,0,0,0,0,-1,0,0.0000,-1,7,6,0,0,13,0,0,0,0
169.86,2,0,1,0,0,0,0,-1,0,0.0000,-1,7,6,0,0,13,0,0,0,0
169.8812,2,0,1,0,0,0,0,-1,0,0.0000,-1,7,6,0,0,13,0,0,0,0
169.9034,2,0,1,0,0,0,0,-1,0,0.0000,-1,7,6,0,0,13,0,0,0,0
169.9239,2,0,1,0,0,0,0,-1,0,0.0000,-1,7,6,0,0,13,0,0,0,0
169.945,2,0,1,0,0,0,0,-1,0,0.0000,-1,7,6,0,0,13,0,0,0,0
169.9679,2,0,1,0,0,0,0,-1,0,0.0000,-1,7,6,0,0,13,0,0,0,0
169.9881,2,0,1,0,0,0,0,-1,0,0.0000,-1,7,6,0,0,13,0,0,0,0
170.0104,2,0,1,0,0,0,0,-1,0,0.0000,-1,7,6,0,0,13,0,0,0,0
170.0316,2,0,1,0,0,0,0,-1,0,0.0000,-1,7,6,0,0,13,0,0,0,0
170.0537,2,0,1,0,0,0,0,-1,0,0.0000,-1,7,6,0,0,13,0,0,0,0
170.0746,2,0,1,0,0,0,0,-1,0,0.0000,-1,7,6,0,0,13,0,0,0,0
170.0955,2,0,1,0,0,0,0,-1,0,0.0000,-1,7,6,0,0,13,0,0,0,0
170.1169,2,0,1,0,0,0,0,-1,0,0.0000,-1,7,6,0,0,13,0,0,0,0
170.1395,2,0,1,0,0,0,0,-1,0,0.0000,-1,7,6,0,0,13,0,0,0,0
170.1617,2,0,1,0,0,0,0,-1,0,0.0000,-1,7,6,0,0,13,0,0,0,0
170.1833,2,0,1,0,0,0,0,-1,0,0.0000,-1,7,6,0,0,13,0,0,0,0
170.2048,2,0,1,0,0,0,0,-1,0,0.0000,-1,7,6,0,0,13,0,0,0,0
170.2254,2,0,1,0,0,0,0,-1,0,0.0000,-1,7,6,0,0,13,0,0,0,0
170.2468,2,0,1,0,0,0,0,-1,0,0.0000,-1,7,6,0,0,13,0,0,0,0
170.2682,2,0,1,0,0,0,0,-1,0,0.0000,-1,7,6,0,0,13,0,0,0,0
170.2908,2,0,1,0,0,0,0,-1,0,0.0000,-1,7,6,0,0,13,0,0,0,0
170.3133,2,0,1,0,0,0,0,-1,0,0.0000,-1,7,6,0,0,13,0,0,0,0
170.3348,2,0,1,0,0,0,0,-1,0,0.0000,-1,7,6,0,0,13,0,0,0,0
170.356,2,0,1,0,0,0,0,-1,0,0.0000,-1,7,6,0,0,13,0,0,0,0
170.3766,2,0,1,0,0,0,0,-1,0,0.0000,-1,7,6,0,0,13,0,0,0,0
170.3993,2,0,1,0,0,0,0,-1,0,0.0000,-1,7,6,0,0,13,0,0,0,0
170.4211,2,0,1,0,0,0,0,-1,0,0.0000,-1,7,6,0,0,13,0,0,0,0
170.4421,2,0,1,0,0,0,0,-1,0,0.0000,-1,7,6,0,0,13,0,0,0,0
170.4639,2,0,1,0,0,0,0,-1,0,0.0000,-1,7,6,0,0,13,0,0,0,0
170.485,2,0,1,0,0,0,0,-1,0,0.0000,-1,7,6,0,0,13,0,0,0,0
170.5071,2,0,1,0,0,0,0,-1,0,0.0000,-1,7,6,0,0,13,0,0,0,0
170.5294,2,0,1,0,0,0,0,-1,0,0.0000,-1,7,6,0,0,13,0,0,0,0
170.5518,2,0,1,0,0,0,0,-1,0,0.0000,-1,7,6,0,0,13,0,0,0,0
170.5736,2,0,1,0,0,0,0,-1,0,0.0000,-1,7,6,0,0,13,0,0,0,0
170.5953,2,0,1,0,0,0,0,-1,0,0.0000,-1,7,6,0,0,13,0,0,0,0
170.6175,2,0,1,0,0,0,0,-1,0,0.0000,-1,7,6,0,0,13,0,0,0,0
170.6387,2,0,1,0,0,0,0,-1,0,0.0000,-1,7,6,0,0,13,0,0,0,0
170.6612,2,0,1,0,0,0,0,-1,0,0.0000,-1,7,6,0,0,13,0,0,0,0
170.6827,2,0,1,0,0,0,0,-1,0,0.0000,-1,7,6,0,0,13,0,0,0,0
170.704,2,0,1,0,0,0,0,-1,0,0.0000,-1,7,6,0,0,13,0,0,0,0
170.7268,2,0,1,0,0,0,0,-1,0,0.0000,-1,7,6,0,0,13,0,0,0,0
170.7483,2,0,1,0,0,0,0,-1,0,0.0000,-1,7,6,0,0,13,0,0,0,0
170.7704,2,0,1,0,0,0,0,-1,0,0.0000,-1,7,6,0,0,13,0,0,0,0
170.7922,2,0,1,0,0,0,0,-1,0,0.0000,-1,7,6,0,0,13,0,0,0,0
170.8141,2,0,1,0,0,0,0,-1,0,0.0000,-1,7,6,0,0,13,0,0,0,0
170.8354,2,0,1,0,0,0,0,-1,0,0.0000,-1,7,6,0,0,13,0,0,0,0
170.8578,2,0,1,0,0,0,0,-1,0,0.0000,-1,7,6,0,0,13,0,0,0,0
170.8979,2,0,1,0,0,0,0,-1,0,0.0000,-1,7,6,0,0,13,0,0,0,0
170.908,2,0,1,0,0,0,0,-1,0,0.0000,-1,7,6,0,0,13,0,0,0,0
170.9249,2,0,1,0,0,0,0,-1,0,0.0000,-1,7,6,0,0,13,0,0,0,0
170.9471,2,0,1,0,0,0,0,-1,0,0.0000,-1,7,6,0,0,13,0,0,0,0
170.9692,2,0,1,0,0,0,0,-1,0,0.0000,-1,7,6,0,0,13,0,0,0,0
170.9902,2,0,1,0,0,0,0,-1,0,0.0000,-1,7,6,0,0,13,0,0,0,0
171.0127,2,0,1,0,0,0,0,-1,0,0.0000,-1,7,6,0,0,13,0,0,0,0
171.0333,2,0,1,0,0,0,0,-1,0,0.0000,-1,7,6,0,0,13,0,0,0,0
171.0553,2,0,1,0,0,0,0,-1,0,0.0000,-1,7,6,0,0,13,0,0,0,0
171.078,2,0,1,0,0,0,0,-1,0,0.0000,-1,7,6,0,0,13,0,0,0,0
171.1013,2,0,1,0,0,0,0,-1,0,0.0000,-1,7,6,0,0,13,0,0,0,0
171.1234,2,0,1,0,0,0,0,-1,0,0.0000,-1,7,6,0,0,13,0,0,0,0
171.1458,2,0,1,0,0,0,0,-1,0,0.0000,-1,7,6,0,0,13,0,0,0,0
171.1672,2,0,1,0,0,0,0,-1,0,0.0000,-1,7,6,0,0,13,0,0,0,0
171.19,2,0,1,0,0,0,0,-1,0,0.0000,-1,7,6,0,0,13,0,0,0,0
171.212,2,0,1,0,0,0,0,-1,0,0.0000,-1,7,6,0,0,13,0,0,0,0
171.2352,2,0,1,0,0,0,0,-1,0,0.0000,-1,7,6,0,0,13,0,0,0,0
171.2576,2,0,1,0,0,0,0,-1,0,0.0000,-1,7,6,0,0,13,0,0,0,0
171.2791,2,0,1,0,0,0,0,-1,0,0.0000,-1,7,6,0,0,13,0,0,0,0
171.3004,2,0,1,0,0,0,0,-1,0,0.0000,-1,7,6,0,0,13,0,0,0,0
171.3212,2,0,1,0,0,0,0,-1,0,0.0000,-1,7,6,0,0,13,0,0,0,0
171.343,2,0,1,0,0,0,0,-1,0,0.0000,-1,7,6,0,0,13,0,0,0,0
171.3656,2,0,1,0,0,0,0,-1,0,0.0000,-1,7,6,0,0,13,0,0,0,0
171.3868,2,0,1,0,0,0,0,-1,0,0.0000,-1,7,6,0,0,13,0,0,0,0
171.4084,2,0,1,0,0,0,0,-1,0,0.0000,-1,7,6,0,0,13,0,0,0,0
171.4302,2,0,1,0,0,0,0,-1,0,0.0000,-1,7,6,0,0,13,0,0,0,0
171.4517,2,0,1,0,0,0,0,-1,0,0.0000,-1,7,6,0,0,13,0,0,0,0
171.4735,2,0,1,0,0,0,0,-1,0,0.0000,-1,7,6,0,0,13,0,0,0,0
171.4951,2,0,1,0,0,0,0,-1,0,0.0000,-1,7,6,0,0,13,0,0,0,0
171.5165,2,0,1,0,0,0,0,-1,0,0.0000,-1,7,6,0,0,13,0,0,0,0
171.5385,2,0,1,0,0,0,0,-1,0,0.0000,-1,7,6,0,0,13,0,0,0,0
171.5606,2,0,1,0,0,0,0,-1,0,0.0000,-1,7,6,0,0,13,0,0,0,0
171.5822,2,0,1,0,0,0,0,-1,0,0.0000,-1,7,6,0,0,13,0,0,0,0
171.6038,2,0,1,0,0,0,0,-1,0,0.0000,-1,7,6,0,0,13,0,0,0,0
171.6255,2,0,1,0,0,0,0,-1,0,0.0000,-1,7,6,0,0,13,0,0,0,0
171.6469,2,0,1,0,0,0,0,-1,0,0.0000,-1,7,6,0,0,13,0,0,0,0
171.6686,2,0,1,0,0,0,0,-1,0,0.0000,-1,7,6,0,0,13,0,0,0,0
171.6901,2,0,1,0,0,0,0,-1,0,0.0000,-1,7,6,0,0,13,0,0,0,0
171.712,2,0,1,0,0,0,0,-1,0,0.0000,-1,7,6,0,0,13,0,0,0,0
171.7334,2,0,1,0,0,0,0,-1,0,0.0000,-1,7,6,0,0,13,0,0,0,0
171.7549,2,0,1,0,0,0,0,-1,0,0.0000,-1,7,6,0,0,13,0,0,0,0
171.7765,2,0,1,0,0,0,0,-1,0,0.0000,-1,7,6,0,0,13,0,0,0,0
171.7982,2,0,1,0,0,0,0,-1,0,0.0000,-1,7,6,0,0,13,0,0,0,0
171.8213,2,0,1,0,0,0,0,-1,0,0.0000,-1,7,6,0,0,13,0,0,0,0
171.8426,2,0,1,0,0,0,0,-1,0,0.0000,-1,7,6,0,0,13,0,0,0,0
171.8641,2,0,1,0,0,0,0,-1,0,0.0000,-1,7,6,0,0,13,0,0,0,0
171.8867,2,0,1,0,0,0,0,-1,0,0.0000,-1,7,6,0,0,13,0,0,0,0
171.907,2,0,1,0,0,0,0,-1,0,0.0000,-1,7,6,0,0,13,0,0,0,0
171.929,2,0,1,0,0,0,0,-1,0,0.0000,-1,7,6,0,0,13,0,0,0,0
171.9503,2,0,1,0,0,0,0,-1,0,0.0000,-1,7,6,0,0,13,0,0,0,0
171.9727,2,0,1,0,0,0,0,-1,1,1.0000,-1,7,6,0,0,13,0,0,0,0
171.9944,2,0,1,0,0,0,0,-1,0,1.0000,-1,7,6,0,0,13,0,0,0,0
172.0164,2,0,1,0,0,0,0,-1,0,1.0000,-1,7,6,0,0,13,0,0,0,0
172.038,2,0,1,0,0,0,0,-1,0,1.0000,-1,7,6,0,0,13,0,0,0,0
172.0596,2,0,1,0,0,0,0,-1,0,1.0000,-1,7,6,0,0,13,0,0,0,0
172.0821,2,0,1,0,0,0,0,-1,0,1.0000,-1,7,6,0,0,13,0,0,0,0
172.1039,2,0,1,0,0,0,0,-1,0,1.0000,-1,7,6,0,0,13,0,0,0,0
172.1263,2,0,1,0,0,0,0,-1,0,1.0000,-1,7,6,0,0,13,0,0,0,0
172.1479,2,0,1,0,0,0,0,-1,0,1.0000,-1,7,6,0,0,13,0,0,0,0
172.1695,2,0,1,0,0,0,0,-1,0,1.0000,-1,7,6,0,0,13,0,0,0,0
172.1919,2,0,1,0,0,0,0,-1,0,1.0000,-1,7,6,0,0,13,0,0,0,0
172.2126,2,0,1,0,0,0,0,-1,0,1.0000,-1,7,6,0,0,13,0,0,0,0
172.233,2,0,1,0,0,0,0,-1,0,1.0000,-1,7,6,0,0,13,0,0,0,0
172.2548,2,0,1,0,0,0,0,-1,0,1.0000,-1,7,6,0,0,13,0,0,0,0
172.2812,2,0,1,0,0,0,0,-1,0,1.0000,-1,7,6,0,0,13,0,0,0,0
172.2988,2,0,1,0,0,0,0,-1,0,1.0000,-1,7,6,0,0,13,0,0,0,0
172.3199,2,0,1,0,0,0,0,-1,0,1.0000,-1,7,6,0,0,13,0,0,0,0
172.3425,2,0,1,0,0,0,0,-1,0,1.0000,-1,7,6,0,0,13,0,0,0,0
172.3633,2,0,1,0,0,0,0,-1,0,1.0000,-1,7,6,0,0,13,0,0,0,0
172.4058,2,0,1,0,0,0,0,-1,0,1.0000,-1,7,6,0,0,13,0,0,0,0
172.4163,2,0,1,0,0,0,0,-1,0,1.0000,-1,7,6,0,0,13,0,0,0,0
172.4303,2,0,1,0,0,0,0,-1,0,1.0000,-1,7,6,0,0,13,0,0,0,0
172.4528,2,0,1,0,0,0,0,-1,0,1.0000,-1,7,6,0,0,13,0,0,0,0
172.4749,2,0,1,0,0,0,0,-1,0,1.0000,-1,7,6,0,0,13,0,0,0,0
172.4967,2,0,1,0,0,0,0,-1,0,1.0000,-1,7,6,0,0,13,0,0,0,0
172.5179,2,0,1,0,0,0,0,-1,0,1.0000,-1,7,6,0,0,13,0,0,0,0
172.5397,2,0,1,0,0,0,0,-1,0,1.0000,-1,7,6,0,0,13,0,0,0,0
172.5613,2,0,1,0,0,0,0,-1,0,1.0000,-1,7,6,0,0,13,0,0,0,0
172.5835,2,0,1,0,0,0,0,-1,0,1.0000,-1,7,6,0,0,13,0,0,0,0
172.6051,2,0,1,0,0,0,0,-1,0,1.0000,-1,7,6,0,0,13,0,0,0,0
172.6268,2,0,1,0,0,0,0,-1,0,1.0000,-1,7,6,0,0,13,0,0,0,0
172.6487,2,0,1,0,0,0,0,-1,0,1.0000,-1,7,6,0,0,13,0,0,0,0
172.6708,2,0,1,0,0,0,0,-1,0,1.0000,-1,7,6,0,0,13,0,0,0,0
172.692,2,0,1,0,0,0,0,-1,0,1.0000,-1,7,6,0,0,13,0,0,0,0
172.7137,2,0,1,0,0,0,0,-1,0,1.0000,-1,7,6,0,0,13,0,0,0,0
172.7351,2,0,1,0,0,0,0,-1,0,1.0000,-1,7,6,0,0,13,0,0,0,0
172.7565,2,0,1,0,0,0,0,-1,0,1.0000,-1,7,6,0,0,13,0,0,0,0
172.7783,2,0,1,0,0,0,0,-1,0,1.0000,-1,7,6,0,0,13,0,0,0,0
172.8003,2,0,1,0,0,0,0,-1,0,1.0000,-1,7,6,0,0,13,0,0,0,0
172.8206,2,0,1,0,0,0,0,-1,0,1.0000,-1,7,6,0,0,13,0,0,0,0
172.8427,2,0,1,0,0,0,0,-1,0,1.0000,-1,7,6,0,0,13,0,0,0,0
172.864,2,0,1,0,0,0,0,-1,0,1.0000,-1,7,6,0,0,13,0,0,0,0
172.8853,2,0,1,0,0,0,0,-1,0,1.0000,-1,7,6,0,0,13,0,0,0,0
172.9074,2,0,1,0,0,0,0,-1,0,1.0000,-1,7,6,0,0,13,0,0,0,0
172.9294,2,0,1,0,0,0,0,-1,0,1.0000,-1,7,6,0,0,13,0,0,0,0
172.9512,2,0,1,0,0,0,0,-1,0,1.0000,-1,7,6,0,0,13,0,0,0,0
172.9723,2,0,1,0,0,0,0,-1,0,1.0000,-1,7,6,0,0,13,0,0,0,0
172.9939,2,0,1,0,0,0,0,-1,0,0.0000,-1,7,6,0,0,13,0,0,0,0
173.0161,2,0,1,0,0,0,0,-1,0,0.0000,-1,7,6,0,0,13,0,0,0,0
173.0373,2,0,1,0,0,0,0,-1,0,0.0000,-1,7,6,0,0,13,0,0,0,0
173.0589,2,0,1,0,0,0,0,-1,0,0.0000,-1,7,6,0,0,13,0,0,0,0
173.0802,2,0,1,0,0,0,0,-1,0,0.0000,-1,7,6,0,0,13,0,0,0,0
173.1019,2,0,1,0,0,0,0,-1,0,0.0000,-1,7,6,0,0,13,0,0,0,0
173.1241,2,0,1,0,0,0,0,-1,0,0.0000,-1,7,6,0,0,13,0,0,0,0
173.1451,2,0,1,0,0,0,0,-1,0,0.0000,-1,7,6,0,0,13,0,0,0,0
173.1659,2,0,1,0,0,0,0,-1,0,0.0000,-1,7,6,0,0,13,0,0,0,0
173.1877,2,0,1,0,0,0,0,-1,0,0.0000,-1,7,6,0,0,13,0,0,0,0
173.2089,2,0,1,0,0,0,0,-1,0,0.0000,-1,7,6,0,0,13,0,0,0,0
173.2307,2,0,1,0,0,0,0,-1,0,0.0000,-1,7,6,0,0,13,0,0,0,0
173.253,2,0,1,0,0,0,0,-1,0,0.0000,-1,7,6,0,0,13,0,0,0,0
173.2738,2,0,1,0,0,0,0,-1,0,0.0000,-1,7,6,0,0,13,0,0,0,0
173.2966,2,0,1,0,0,0,0,-1,0,0.0000,-1,7,6,0,0,13,0,0,0,0
173.3178,2,0,1,0,0,0,0,-1,0,0.0000,-1,7,6,0,0,13,0,0,0,0
173.34,2,0,1,0,0,0,0,-1,0,0.0000,-1,7,6,0,0,13,0,0,0,0
173.3618,2,0,1,0,0,0,0,-1,0,0.0000,-1,7,6,0,0,13,0,0,0,0
173.3838,2,0,1,0,0,0,0,-1,0,0.0000,-1,7,6,0,0,13,0,0,0,0
173.4065,2,0,1,0,0,0,0,-1,0,0.0000,-1,7,6,0,0,13,0,0,0,0
173.4276,2,0,1,0,0,0,0,-1,0,0.0000,-1,7,6,0,0,13,0,0,0,0
173.4492,2,0,1,0,0,0,0,-1,0,0.0000,-1,7,6,0,0,13,0,0,0,0
173.4708,2,0,1,0,0,0,0,-1,0,0.0000,-1,7,6,0,0,13,0,0,0,0
173.4922,2,0,1,0,0,0,0,-1,0,0.0000,-1,7,6,0,0,13,0,0,0,0
173.5139,2,0,1,0,0,0,0,-1,0,0.0000,-1,7,6,0,0,13,0,0,0,0
173.5358,2,0,1,0,0,0,0,-1,0,0.0000,-1,7,6,0,0,13,0,0,0,0
173.5577,2,0,1,0,0,0,0,-1,0,0.0000,-1,7,6,0,0,13,0,0,0,0
173.5792,2,0,1,0,0,0,0,-1,0,0.0000,-1,7,6,0,0,13,0,0,0,0
173.6001,2,0,1,0,0,0,0,-1,0,0.0000,-1,7,6,0,0,13,0,0,0,0
173.6224,2,0,1,0,0,0,0,-1,0,0.0000,-1,7,6,0,0,13,0,0,0,0
173.6435,2,0,1,0,0,0,0,-1,0,0.0000,-1,7,6,0,0,13,0,0,0,0
173.6651,2,0,1,0,0,0,0,-1,0,0.0000,-1,7,6,0,0,13,0,0,0,0
173.6859,2,0,1,0,0,0,0,-1,1,1.0000,-1,7,6,0,0,13,0,0,0,0
173.7096,2,0,1,0,0,0,0,-1,0,1.0000,-1,7,6,0,0,13,0,0,0,0
173.7297,2,0,1,0,0,0,0,-1,0,1.0000,-1,7,6,0,0,13,0,0,0,0
173.7521,2,0,1,0,0,0,0,-1,0,1.0000,-1,7,6,0,0,13,0,0,0,0
173.7727,2,0,1,0,0,0,0,-1,0,1.0000,-1,7,6,0,0,13,0,0,0,0
173.7947,2,0,1,0,0,0,0,-1,0,1.0000,-1,7,6,0,0,13,0,0,0,0
173.8165,2,0,1,0,0,0,0,-1,0,1.0000,-1,7,6,0,0,13,0,0,0,0
173.8391,2,0,1,0,0,0,0,-1,0,1.0000,-1,7,6,0,0,13,0,0,0,0
173.8601,2,0,1,0,0,0,0,-1,0,1.0000,-1,7,6,0,0,13,0,0,0,0
173.8818,2,0,1,0,0,0,0,-1,0,1.0000,-1,7,6,0,0,13,0,0,0,0
173.9033,2,0,1,0,0,0,0,-1,0,1.0000,-1,7,6,0,0,13,0,0,0,0
173.9236,2,0,1,0,0,0,0,-1,0,1.0000,-1,7,6,0,0,13,0,0,0,0
173.9443,2,0,1,0,0,0,0,-1,0,1.0000,-1,7,6,0,0,13,0,0,0,0
173.9655,2,0,1,0,0,0,0,-1,0,1.0000,-1,7,6,0,0,13,0,0,0,0
173.9869,2,0,1,0,0,0,0,-1,0,1.0000,-1,7,6,0,0,13,0,0,0,0
174.0085,2,0,1,0,0,0,0,-1,0,1.0000,-1,7,6,0,0,13,0,0,0,0
174.0298,2,0,1,0,0,0,0,-1,0,1.0000,-1,7,6,0,0,13,0,0,0,0
174.0508,2,0,1,0,0,0,0,-1,0,1.0000,-1,7,6,0,0,13,0,0,0,0
174.0728,2,0,1,0,0,0,0,-1,0,1.0000,-1,7,6,0,0,13,0,0,0,0
174.0939,2,0,1,0,0,0,0,-1,0,1.0000,-1,7,6,0,0,13,0,0,0,0
174.1141,2,0,1,0,0,0,0,-1,0,1.0000,-1,7,6,0,0,13,0,0,0,0
174.136,2,0,1,0,0,0,0,-1,0,1.0000,-1,7,6,0,0,13,0,0,0,0
174.1556,2,0,1,0,0,0,0,-1,0,1.0000,-1,7,6,0,0,13,0,0,0,0
174.1768,2,0,1,0,0,0,0,-1,0,1.0000,-1,7,6,0,0,13,0,0,0,0
174.1974,2,0,1,0,0,0,0,-1,0,1.0000,-1,7,6,0,0,13,0,0,0,0
174.2186,2,0,1,0,0,0,0,-1,0,1.0000,-1,7,6,0,0,13,0,0,0,0
174.2401,2,0,1,0,0,0,0,-1,0,1.0000,-1,7,6,0,0,13,0,0,0,0
174.2614,2,0,1,0,0,0,0,-1,0,1.0000,-1,7,6,0,0,13,0,0,0,0
174.2824,2,0,1,0,0,0,0,-1,0,1.0000,-1,7,6,0,0,13,0,0,0,0
174.3037,2,0,1,0,0,0,0,-1,0,1.0000,-1,7,6,0,0,13,0,0,0,0
174.3426,2,0,1,0,0,0,0,-1,0,1.0000,-1,7,6,0,0,13,0,0,0,0
174.3533,2,0,1,0,0,0,0,-1,0,1.0000,-1,7,6,0,0,13,0,0,0,0
174.3697,2,0,1,0,0,0,0,-1,0,1.0000,-1,7,6,0,0,13,0,0,0,0
174.391,2,0,1,0,0,0,0,-1,0,1.0000,-1,7,6,0,0,13,0,0,0,0
174.4128,2,0,1,0,0,0,0,-1,0,1.0000,-1,7,6,0,0,13,0,0,0,0
174.4336,2,0,1,0,0,0,0,-1,0,1.0000,-1,7,6,0,0,13,0,0,0,0
174.4554,2,0,1,0,0,0,0,-1,0,1.0000,-1,7,6,0,0,13,0,0,0,0
174.4768,2,0,1,0,0,0,0,-1,0,1.0000,-1,7,6,0,0,13,0,0,0,0
174.4978,2,0,1,0,0,0,0,-1,0,1.0000,-1,7,6,0,0,13,0,0,0,0
174.5192,2,0,1,0,0,0,0,-1,0,1.0000,-1,7,6,0,0,13,0,0,0,0
174.54,2,0,1,0,0,0,0,-1,0,1.0000,-1,7,6,0,0,13,0,0,0,0
174.5618,2,0,1,0,0,0,1,35,0,1.0000,-1,7,6,0,0,13,0,0,0,0
174.5836,2,0,1,0,0,0,1,35,0,1.0000,-1,7,6,0,0,13,0,0,0,0
174.6049,2,0,1,0,0,0,1,35,0,1.0000,-1,7,6,0,0,13,0,0,0,0
174.6263,2,0,1,0,0,0,1,35,0,1.0000,-1,7,6,0,0,13,0,0,0,0
174.648,2,0,1,0,0,0,1,35,0,1.0000,-1,7,6,0,0,13,0,0,0,0
174.6698,2,0,1,0,0,0,1,35,0,1.0000,-1,7,6,0,0,13,0,0,0,0
174.6905,2,0,1,0,0,0,1,35,0,0.0000,-1,7,6,0,0,13,0,0,0,0
174.7126,2,0,1,0,0,0,1,35,0,0.0000,-1,7,6,0,0,13,0,0,0,0
174.7342,2,0,1,0,0,0,1,35,0,0.0000,-1,7,6,0,0,13,0,0,0,0
174.7546,2,0,1,0,0,0,1,35,0,0.0000,-1,7,6,0,0,13,0,0,0,0
174.7763,2,0,1,0,0,0,1,35,0,0.0000,-1,7,6,0,0,13,0,0,0,0
174.7986,2,0,1,0,0,0,1,35,0,0.0000,-1,7,6,0,0,13,0,0,0,0
174.82,2,0,1,0,0,0,1,35,1,1.0000,-1,7,6,0,0,13,0,0,0,0
174.8419,2,0,1,0,0,0,1,35,0,1.0000,-1,7,6,0,0,13,0,0,0,0
174.8635,2,0,1,0,0,0,0,-1,0,1.0000,-1,7,6,0,0,13,0,0,0,0
174.8852,2,0,1,0,0,0,0,-1,0,1.0000,-1,7,6,0,0,13,0,0,0,0
174.9069,2,0,1,0,0,0,0,-1,0,1.0000,-1,7,6,0,0,13,0,0,0,0
174.9283,2,0,1,0,0,0,0,-1,0,1.0000,-1,7,6,0,0,13,0,0,0,0
174.9499,2,0,1,0,0,0,0,-1,0,1.0000,-1,7,6,0,0,13,0,0,0,0
174.9722,2,0,1,0,0,0,0,-1,0,1.0000,-1,7,6,0,0,13,0,0,0,0
174.9937,2,0,1,0,0,0,1,34,0,1.0000,-1,7,6,0,0,13,0,0,0,0
175.0154,2,0,1,0,0,0,1,34,0,1.0000,-1,7,6,0,0,13,0,0,0,0
175.0372,2,0,1,0,0,0,1,34,0,1.0000,-1,7,6,0,0,13,0,0,0,0
175.059,2,0,1,0,0,0,1,34,0,1.0000,-1,7,6,0,0,13,0,0,0,0
175.0809,2,0,1,0,0,0,1,34,0,1.0000,-1,7,6,0,0,13,0,0,0,0
175.1023,2,0,1,0,0,0,1,34,0,1.0000,-1,7,6,0,0,13,0,0,0,0
175.1244,2,0,1,0,0,0,1,34,0,1.0000,-1,7,6,0,0,13,0,0,0,0
175.1469,2,0,1,0,0,0,1,34,0,1.0000,-1,7,6,0,0,13,0,0,0,0
175.1676,2,0,1,0,0,0,1,34,0,1.0000,-1,7,6,0,0,13,0,0,0,0
175.1891,2,0,1,0,0,0,1,34,0,1.0000,-1,7,6,0,0,13,0,0,0,0
175.2107,2,0,1,0,0,0,1,34,0,1.0000,-1,7,6,0,0,13,0,0,0,0
175.2326,2,0,1,0,0,0,1,34,0,1.0000,-1,7,6,0,0,13,0,0,0,0
175.2549,2,0,1,0,0,0,1,34,0,1.0000,-1,7,6,0,0,13,0,0,0,0
175.2763,2,0,1,0,0,0,1,34,1,2.0000,-1,7,6,0,0,13,0,0,0,0
175.2981,2,0,1,0,0,0,1,34,0,2.0000,-1,7,6,0,0,13,0,0,0,0
175.3203,2,0,1,0,0,0,1,34,0,2.0000,-1,7,6,0,0,13,0,0,0,0
175.3418,2,0,1,0,0,0,1,34,0,2.0000,-1,7,6,0,0,13,0,0,0,0
175.3636,2,0,1,0,0,0,1,34,0,2.0000,-1,7,6,0,0,13,0,0,0,0
175.3861,2,0,1,0,0,0,1,34,0,2.0000,-1,7,6,0,0,13,0,0,0,0
175.4078,2,0,1,0,0,0,1,34,0,2.0000,-1,7,6,0,0,13,0,0,0,0
175.4305,2,0,1,0,0,0,1,34,0,2.0000,-1,7,6,0,0,13,0,0,0,0
175.4515,2,0,1,0,0,0,1,34,0,2.0000,-1,7,6,0,0,13,0,0,0,0
175.4744,2,0,1,0,0,0,1,34,0,2.0000,-1,7,6,0,0,13,0,0,0,0
175.4962,2,0,1,0,0,0,1,34,0,2.0000,-1,7,6,0,0,13,0,0,0,0
175.5185,2,0,1,0,0,0,1,34,0,2.0000,-1,7,6,0,0,13,0,0,0,0
175.5408,2,0,1,0,0,0,1,34,0,2.0000,-1,7,6,0,0,13,0,0,0,0
175.5628,2,0,1,0,0,0,1,34,0,2.0000,-1,7,6,0,0,13,0,0,0,0
175.5855,2,0,1,0,0,0,1,34,0,2.0000,-1,7,6,0,0,13,0,0,0,0
175.6068,2,0,1,0,0,0,1,34,1,3.0000,-1,7,6,0,0,13,0,0,0,0
175.6292,2,0,1,0,0,0,1,34,0,3.0000,-1,7,6,0,0,13,0,0,0,0
175.6508,2,0,1,1,0,0,0,-1,0,3.0000,-1,7,6,0,0,13,0,0,0,0
175.6737,2,0,1,1,0,0,0,-1,0,3.0000,-1,7,6,0,0,13,0,0,0,0
175.695,2,0,1,1,0,0,0,-1,0,3.0000,-1,7,6,0,0,13,0,0,0,0
175.7168,2,0,1,1,0,0,0,-1,0,3.0000,-1,7,6,0,0,13,0,0,0,0
175.7397,2,0,1,1,0,0,0,-1,0,3.0000,-1,7,6,0,0,13,0,0,0,0
175.7618,2,0,1,1,0,0,0,-1,0,3.0000,-1,7,6,0,0,13,0,0,0,0
175.7843,2,0,1,1,0,0,1,36,0,3.0000,-1,7,6,0,0,13,0,0,0,0
175.8061,2,0,1,1,0,0,1,36,0,3.0000,-1,7,6,0,0,13,0,0,0,0
175.8283,2,0,1,1,0,0,1,36,0,2.0000,-1,7,6,0,0,13,0,0,0,0
175.8706,2,0,1,1,0,0,1,36,0,2.0000,-1,7,6,0,0,13,0,0,0,0
175.8818,2,0,1,1,0,0,1,36,0,2.0000,-1,7,6,0,0,13,0,0,0,0
175.8974,2,0,1,1,0,0,1,36,0,2.0000,-1,7,6,0,0,13,0,0,0,0
175.9192,2,0,1,1,0,0,1,36,0,2.0000,-1,7,6,0,0,13,0,0,0,0
175.9411,2,0,1,1,0,0,1,36,0,2.0000,-1,7,6,0,0,13,0,0,0,0
175.9632,2,0,1,1,0,0,1,36,0,2.0000,-1,7,6,0,0,13,0,0,0,0
175.9847,2,0,1,1,0,0,1,36,0,2.0000,-1,7,6,0,0,13,0,0,0,0
176.0062,2,0,1,1,0,0,1,36,0,2.0000,-1,7,6,0,0,13,0,0,0,0
176.0275,2,0,1,1,0,0,1,36,0,2.0000,-1,7,6,0,0,13,0,0,0,0
176.0492,2,0,1,1,0,0,1,36,0,2.0000,-1,7,6,0,0,13,0,0,0,0
176.0706,2,0,1,1,0,0,1,36,0,2.0000,-1,7,6,0,0,13,0,0,0,0
176.0919,2,0,1,1,0,0,1,36,0,2.0000,-1,7,6,0,0,13,0,0,0,0
176.1131,2,0,1,1,0,0,1,36,0,2.0000,-1,7,6,0,0,13,0,0,0,0
176.1345,2,0,1,1,0,0,1,36,0,2.0000,-1,7,6,0,0,13,0,0,0,0
176.1559,2,0,1,1,0,0,1,36,0,2.0000,-1,7,6,0,0,13,0,0,0,0
176.1777,2,0,1,1,0,0,1,36,0,2.0000,-1,7,6,0,0,13,0,0,0,0
176.1992,2,0,1,1,0,0,1,36,0,2.0000,-1,7,6,0,0,13,0,0,0,0
176.2203,2,0,1,1,0,0,1,36,0,2.0000,-1,7,6,0,0,13,0,0,0,0
176.2415,2,0,1,1,0,0,1,36,0,2.0000,-1,7,6,0,0,13,0,0,0,0
176.2637,2,0,1,1,0,0,1,36,0,2.0000,-1,7,6,0,0,13,0,0,0,0
176.3054,2,0,1,1,0,0,1,36,1,2.0000,-1,7,6,0,0,13,0,0,0,0
176.3179,2,0,1,1,0,0,1,39,0,2.0000,-1,7,6,0,0,13,0,0,0,0
176.3315,2,0,1,1,0,0,1,39,0,2.0000,-1,7,6,0,0,13,0,0,0,0
176.3525,2,0,1,1,0,0,1,39,0,2.0000,-1,7,6,0,0,13,0,0,0,0
176.3748,2,0,1,1,0,0,1,39,0,2.0000,-1,7,6,0,0,13,0,0,0,0
176.3956,2,0,1,1,0,0,1,39,0,2.0000,-1,7,6,0,0,13,0,0,0,0
176.4167,2,0,1,1,0,0,1,39,0,2.0000,-1,7,6,0,0,13,0,0,0,0
176.4393,2,0,1,1,0,0,1,39,0,2.0000,-1,7,6,0,0,13,0,0,0,0
176.4618,2,0,1,1,0,0,1,39,0,2.0000,-1,7,6,0,0,13,0,0,0,0
176.4832,2,0,1,1,0,0,1,39,0,2.0000,-1,7,6,0,0,13,0,0,0,0
176.5053,2,0,1,1,0,0,1,39,0,2.0000,-1,7,6,0,0,13,0,0,0,0
176.5262,2,0,1,1,0,0,1,39,0,2.0000,-1,7,6,0,0,13,0,0,0,0
176.5486,2,0,1,1,0,0,1,39,0,2.0000,-1,7,6,0,0,13,0,0,0,0
176.5704,2,0,1,1,0,0,1,39,0,2.0000,-1,7,6,0,0,13,0,0,0,0
176.5919,2,0,1,1,0,0,1,39,0,2.0000,-1,7,6,0,0,13,0,0,0,0
176.6141,2,0,1,1,0,0,1,39,0,1.0000,-1,7,6,0,0,13,0,0,0,0
176.6354,2,0,1,1,0,0,1,39,0,1.0000,-1,7,6,0,0,13,0,0,0,0
176.6581,2,0,1,1,0,0,1,39,0,1.0000,-1,7,6,0,0,13,0,0,0,0
176.6804,2,0,1,1,0,0,1,39,0,1.0000,-1,7,6,0,0,13,0,0,0,0
176.7024,2,0,1,1,0,0,1,39,0,1.0000,-1,7,6,0,0,13,0,0,0,0
176.724,2,0,1,1,0,0,1,39,0,1.0000,-1,7,6,0,0,13,0,0,0,0
176.7461,2,0,1,1,0,0,1,39,0,1.0000,-1,7,6,0,0,13,0,0,0,0
176.7683,2,0,1,1,0,0,1,39,0,1.0000,-1,7,6,0,0,13,0,0,0,0
176.7901,2,0,1,1,0,0,1,39,0,1.0000,-1,7,6,0,0,13,0,0,0,0
176.8126,2,0,1,1,0,0,1,39,0,1.0000,-1,7,6,0,0,13,0,0,0,0
176.8351,2,0,1,1,0,0,1,39,0,1.0000,-1,7,6,0,0,13,0,0,0,0
176.8569,2,0,1,1,0,0,1,39,0,1.0000,-1,7,6,0,0,13,0,0,0,0
176.8798,2,0,1,1,0,0,1,39,0,1.0000,-1,7,6,0,0,13,0,0,0,0
176.9016,2,0,1,1,0,0,1,39,0,1.0000,-1,7,6,0,0,13,0,0,0,0
176.9254,2,0,1,1,0,0,1,39,0,1.0000,-1,7,6,0,0,13,0,0,0,0
176.9472,2,0,1,1,0,0,1,39,1,2.0000,-1,7,6,0,0,13,0,0,0,0
176.97,2,0,1,1,0,0,1,39,0,2.0000,-1,7,6,0,0,13,0,0,0,0
176.992,2,0,1,1,0,0,0,-1,0,2.0000,-1,7,6,0,0,13,0,0,0,0
177.0146,2,0,1,1,0,0,0,-1,0,2.0000,-1,7,6,0,0,13,0,0,0,0
177.0365,2,0,1,1,0,0,0,-1,0,2.0000,-1,7,6,0,0,13,0,0,0,0
177.0592,2,0,1,1,0,0,0,-1,0,2.0000,-1,7,6,0,0,13,0,0,0,0
177.0813,2,0,1,1,0,0,0,-1,0,2.0000,-1,7,6,0,0,13,0,0,0,0
177.1046,2,0,1,1,0,0,0,-1,0,2.0000,-1,7,6,0,0,13,0,0,0,0
177.1272,2,0,1,1,0,0,0,-1,0,2.0000,-1,7,6,0,0,13,0,0,0,0
177.1519,2,0,1,1,0,0,0,-1,0,2.0000,-1,7,6,0,0,13,0,0,0,0
177.1734,2,0,1,1,0,0,0,-1,0,2.0000,-1,7,6,0,0,13,0,0,0,0
177.195,2,0,1,1,0,0,0,-1,0,2.0000,-1,7,6,0,0,13,0,0,0,0
177.2141,2,0,1,1,0,0,0,-1,0,2.0000,-1,7,6,0,0,13,0,0,0,0
177.2359,2,0,1,1,0,0,0,-1,0,2.0000,-1,7,6,0,0,13,0,0,0,0
177.2571,2,0,1,1,0,0,0,-1,0,2.0000,-1,7,6,0,0,13,0,0,0,0
177.2786,2,0,1,1,0,0,0,-1,0,2.0000,-1,7,6,0,0,13,0,0,0,0
177.2997,2,0,1,1,0,0,0,-1,0,2.0000,-1,7,6,0,0,13,0,0,0,0
177.3213,2,0,1,1,0,0,0,-1,0,1.0000,-1,7,6,0,0,13,0,0,0,0
177.3402,2,0,1,0,0,0,0,-1,0,1.0000,-1,7,6,0,0,13,0,0,0,0
177.381,2,0,1,0,0,0,0,-1,0,1.0000,-1,7,6,0,0,13,0,0,0,0
177.3929,2,0,1,0,0,0,0,-1,0,1.0000,-1,7,6,0,0,13,0,0,0,0
177.4078,2,0,1,0,0,0,0,-1,0,1.0000,-1,7,6,0,0,13,0,0,0,0
177.4293,2,0,1,0,0,0,0,-1,0,1.0000,-1,7,6,0,0,13,0,0,0,0
177.4508,2,0,1,0,0,0,0,-1,0,1.0000,-1,7,6,0,0,13,0,0,0,0
177.4729,2,0,1,0,0,0,0,-1,0,1.0000,-1,7,6,0,0,13,0,0,0,0
177.494,2,0,1,0,0,0,0,-1,0,1.0000,-1,7,6,0,0,13,0,0,0,0
177.5151,2,0,1,0,0,0,0,-1,0,1.0000,-1,7,6,0,0,13,0,0,0,0
177.5361,2,0,1,0,0,0,0,-1,0,1.0000,-1,7,6,0,0,13,0,0,0,0
177.5566,2,0,1,0,0,0,0,-1,0,1.0000,-1,7,6,0,0,13,0,0,0,0
177.5965,2,0,1,0,0,0,0,-1,0,1.0000,-1,7,6,0,0,13,0,0,0,0
177.6076,2,0,1,0,0,0,0,-1,0,1.0000,-1,7,6,0,0,13,0,0,0,0
177.6234,2,0,1,0,0,0,0,-1,0,1.0000,-1,7,6,0,0,13,0,0,0,0
177.6439,2,0,1,0,0,0,0,-1,0,1.0000,-1,7,6,0,0,13,0,0,0,0
177.6652,2,0,1,0,0,0,0,-1,0,1.0000,-1,7,6,0,0,13,0,0,0,0
177.6861,2,0,1,0,0,0,0,-1,0,1.0000,-1,7,6,0,0,13,0,0,0,0
177.7069,2,0,1,0,0,0,0,-1,0,1.0000,-1,7,6,0,0,13,0,0,0,0
177.7279,2,0,1,0,0,0,0,-1,0,1.0000,-1,7,6,0,0,13,0,0,0,0
177.7497,2,0,1,0,0,0,0,-1,0,1.0000,-1,7,6,0,0,13,0,0,0,0
177.7707,2,0,1,0,0,0,0,-1,0,1.0000,-1,7,6,0,0,13,0,0,0,0
177.7918,2,0,1,0,0,0,0,-1,0,1.0000,-1,7,6,0,0,13,0,0,0,0
177.8135,2,0,1,0,0,0,0,-1,0,1.0000,-1,7,6,0,0,13,0,0,0,0
177.8349,2,0,1,0,0,0,0,-1,0,1.0000,-1,7,6,0,0,13,0,0,0,0
177.8557,2,0,1,0,0,0,0,-1,1,2.0000,-1,7,6,0,0,13,0,0,0,0
177.8762,2,0,1,0,0,0,0,-1,0,2.0000,-1,7,6,0,0,13,0,0,0,0
177.8976,2,0,1,0,0,0,0,-1,0,2.0000,-1,7,6,0,0,13,0,0,0,0
177.9194,2,0,1,0,0,0,0,-1,0,2.0000,-1,7,6,0,0,13,0,0,0,0
177.9402,2,0,1,0,0,0,0,-1,0,2.0000,-1,7,6,0,0,13,0,0,0,0
177.9616,2,0,1,0,0,0,0,-1,0,1.0000,-1,7,6,0,0,13,0,0,0,0
177.9829,2,0,1,0,0,0,0,-1,0,1.0000,-1,7,6,0,0,13,0,0,0,0
178.0043,2,0,1,0,0,0,0,-1,0,1.0000,-1,7,6,0,0,13,0,0,0,0
178.0259,2,0,1,0,0,0,0,-1,0,1.0000,-1,7,6,0,0,13,0,0,0,0
178.0469,2,0,1,0,0,0,0,-1,0,1.0000,-1,7,6,0,0,13,0,0,0,0
178.0675,2,0,1,0,0,0,0,-1,0,1.0000,-1,7,6,0,0,13,0,0,0,0
178.0894,2,0,1,0,0,0,0,-1,0,1.0000,-1,7,6,0,0,13,0,0,0,0
178.11,2,0,1,0,0,0,0,-1,0,1.0000,-1,7,6,0,0,13,0,0,0,0
178.1316,2,0,1,0,0,0,0,-1,0,1.0000,-1,7,6,0,0,13,0,0,0,0
178.1534,2,0,1,0,0,0,0,-1,0,1.0000,-1,7,6,0,0,13,0,0,0,0
178.175,2,0,1,0,0,0,0,-1,0,1.0000,-1,7,6,0,0,13,0,0,0,0
178.1965,2,0,1,0,0,0,0,-1,0,1.0000,-1,7,6,0,0,13,0,0,0,0
178.2178,2,0,1,0,0,0,0,-1,0,1.0000,-1,7,6,0,0,13,0,0,0,0
178.2401,2,0,1,0,0,0,0,-1,0,1.0000,-1,7,6,0,0,13,0,0,0,0
178.2616,2,0,1,0,0,0,0,-1,0,1.0000,-1,7,6,0,0,13,0,0,0,0
178.2834,2,0,1,0,0,0,0,-1,0,1.0000,-1,7,6,0,0,13,0,0,0,0
178.3049,2,0,1,0,0,0,0,-1,0,1.0000,-1,7,6,0,0,13,0,0,0,0
178.3268,2,0,1,0,0,0,0,-1,0,1.0000,-1,7,6,0,0,13,0,0,0,0
178.3477,2,0,1,0,0,0,0,-1,0,1.0000,-1,7,6,0,0,13,0,0,0,0
178.3695,2,0,1,0,0,0,0,-1,0,1.0000,-1,7,6,0,0,13,0,0,0,0
178.3911,2,0,1,0,0,0,0,-1,0,1.0000,-1,7,6,0,0,13,0,0,0,0
178.4116,2,0,1,0,0,0,0,-1,0,1.0000,-1,7,6,0,0,13,0,0,0,0
178.4325,2,0,1,0,0,0,0,-1,0,1.0000,-1,7,6,0,0,13,0,0,0,0
178.4537,2,0,1,0,0,0,0,-1,0,1.0000,-1,7,6,0,0,13,0,0,0,0
178.4755,2,0,1,0,0,0,0,-1,0,1.0000,-1,7,6,0,0,13,0,0,0,0
178.4971,2,0,1,0,0,0,0,-1,0,1.0000,-1,7,6,0,0,13,0,0,0,0
178.5178,2,0,1,0,0,0,0,-1,0,1.0000,-1,7,6,0,0,13,0,0,0,0
178.5403,2,0,1,0,0,0,0,-1,0,1.0000,-1,7,6,0,0,13,0,0,0,0
178.5613,2,0,1,0,0,0,0,-1,0,1.0000,-1,7,6,0,0,13,0,0,0,0
178.5822,2,0,1,0,0,0,0,-1,0,1.0000,-1,7,6,0,0,13,0,0,0,0
178.6029,2,0,1,0,0,0,0,-1,0,1.0000,-1,7,6,0,0,13,0,0,0,0
178.6241,2,0,1,0,0,0,0,-1,0,1.0000,-1,7,6,0,0,13,0,0,0,0
178.6447,2,0,1,0,0,0,0,-1,0,1.0000,-1,7,6,0,0,13,0,0,0,0
178.6663,2,0,1,0,0,0,0,-1,0,1.0000,-1,7,6,0,0,13,0,0,0,0
178.687,2,0,1,0,0,0,0,-1,0,1.0000,-1,7,6,0,0,13,0,0,0,0
178.7081,2,0,1,0,0,0,0,-1,0,1.0000,-1,7,6,0,0,13,0,0,0,0
178.7292,2,0,1,0,0,0,0,-1,0,1.0000,-1,7,6,0,0,13,0,0,0,0
178.7494,2,0,1,0,0,0,0,-1,0,1.0000,-1,7,6,0,0,13,0,0,0,0
178.771,2,0,1,0,0,0,0,-1,0,1.0000,-1,7,6,0,0,13,0,0,0,0
178.7918,2,0,1,0,0,0,0,-1,0,1.0000,-1,7,6,0,0,13,0,0,0,0
178.8124,2,0,1,0,0,0,0,-1,0,1.0000,-1,7,6,0,0,13,0,0,0,0
178.8335,2,0,1,0,0,0,0,-1,0,1.0000,-1,7,6,0,0,13,0,0,0,0
178.8549,2,0,1,0,0,0,0,-1,0,1.0000,-1,7,6,0,0,13,0,0,0,0
178.876,2,0,1,0,0,0,0,-1,0,0.0000,-1,7,6,0,0,13,0,0,0,0
178.8981,2,0,1,0,0,0,0,-1,0,0.0000,-1,7,6,0,0,13,0,0,0,0
178.9196,2,0,1,0,0,0,0,-1,0,0.0000,-1,7,6,0,0,13,0,0,0,0
178.9407,2,0,1,0,0,0,0,-1,0,0.0000,-1,7,6,0,0,13,0,0,0,0
178.9625,2,0,1,0,0,0,0,-1,0,0.0000,-1,7,6,0,0,13,0,0,0,0
178.9832,2,0,1,0,0,0,0,-1,0,0.0000,-1,7,6,0,0,13,0,0,0,0
179.0046,2,0,1,0,0,0,0,-1,0,0.0000,-1,7,6,0,0,13,0,0,0,0
179.0257,2,0,1,0,0,0,0,-1,0,0.0000,-1,7,6,0,0,13,0,0,0,0
179.0477,2,0,1,0,0,0,0,-1,0,0.0000,-1,7,6,0,0,13,0,0,0,0
179.0873,2,0,1,0,0,0,0,-1,0,0.0000,-1,7,6,0,0,13,0,0,0,0
179.0982,2,0,1,0,0,0,0,-1,0,0.0000,-1,7,6,0,0,13,0,0,0,0
179.1134,2,0,1,0,0,0,0,-1,0,0.0000,-1,7,6,0,0,13,0,0,0,0
179.1352,2,0,1,0,0,0,0,-1,0,0.0000,-1,7,6,0,0,13,0,0,0,0
179.1568,2,0,1,0,0,0,0,-1,0,0.0000,-1,7,6,0,0,13,0,0,0,0
179.1784,2,0,1,0,0,0,1,40,1,1.0000,-1,7,6,0,0,13,0,0,0,0
179.1991,2,0,1,0,0,0,1,40,0,1.0000,-1,7,6,0,0,13,0,0,0,0
179.2202,2,0,1,0,0,0,1,40,0,1.0000,-1,7,6,0,0,13,0,0,0,0
179.242,2,0,1,0,0,0,1,40,0,1.0000,-1,7,6,0,0,13,0,0,0,0
179.2632,2,0,1,0,0,0,1,40,0,1.0000,-1,7,6,0,0,13,0,0,0,0
179.2852,2,0,1,0,0,0,1,40,0,1.0000,-1,7,6,0,0,13,0,0,0,0
179.3075,2,0,1,0,0,0,1,40,0,1.0000,-1,7,6,0,0,13,0,0,0,0
179.3285,2,0,1,0,0,0,1,40,0,1.0000,-1,7,6,0,0,13,0,0,0,0
179.3509,2,0,1,0,0,0,1,40,0,1.0000,-1,7,6,0,0,13,0,0,0,0
179.3726,2,0,1,0,0,0,1,40,0,1.0000,-1,7,6,0,0,13,0,0,0,0
179.3951,2,0,1,0,0,0,1,40,0,1.0000,-1,7,6,0,0,13,0,0,0,0
179.4164,2,0,1,0,0,0,1,40,0,1.0000,-1,7,6,0,0,13,0,0,0,0
179.4375,2,0,1,0,0,0,1,40,0,1.0000,-1,7,6,0,0,13,0,0,0,0
179.4592,2,0,1,0,0,0,1,40,0,1.0000,-1,7,6,0,0,13,0,0,0,0
179.4802,2,0,1,0,0,0,1,40,0,1.0000,-1,7,6,0,0,13,0,0,0,0
179.5014,2,0,1,0,0,0,1,40,0,1.0000,-1,7,6,0,0,13,0,0,0,0
179.5234,2,0,1,0,0,0,1,40,0,1.0000,-1,7,6,0,0,13,0,0,0,0
179.5442,2,0,1,0,0,0,1,40,0,1.0000,-1,7,6,0,0,13,0,0,0,0
179.5657,2,0,1,0,0,0,1,40,0,1.0000,-1,7,6,0,0,13,0,0,0,0
179.5874,2,0,1,0,0,0,1,40,1,2.0000,-1,7,6,0,0,13,0,0,0,0
179.6075,2,0,1,0,0,0,1,40,0,2.0000,-1,7,6,0,0,13,0,0,0,0
179.6293,2,0,1,0,0,0,1,40,0,2.0000,-1,7,6,0,0,13,0,0,0,0
179.6505,2,0,1,0,0,0,1,40,0,2.0000,-1,7,6,0,0,13,0,0,0,0
179.6724,2,0,1,0,0,0,1,40,0,2.0000,-1,7,6,0,0,13,0,0,0,0
179.6935,2,0,1,0,0,0,1,40,0,2.0000,-1,7,6,0,0,13,0,0,0,0
179.734,2,0,1,0,0,0,1,40,0,2.0000,-1,7,6,0,0,13,0,0,0,0
179.7455,2,0,1,0,0,0,1,40,0,2.0000,-1,7,6,0,0,13,0,0,0,0
179.7606,2,0,1,0,0,0,1,40,0,2.0000,-1,7,6,0,0,13,0,0,0,0
179.7827,2,0,1,0,0,0,0,-1,0,2.0000,-1,7,6,0,0,13,0,0,0,0
179.8048,2,0,1,0,0,0,0,-1,0,2.0000,-1,7,6,0,0,13,0,0,0,0
179.8269,2,0,1,0,0,0,0,-1,0,2.0000,-1,7,6,0,0,13,0,0,0,0
179.8484,2,0,1,0,0,0,0,-1,0,2.0000,-1,7,6,0,0,13,0,0,0,0
179.8703,2,0,1,0,0,0,0,-1,0,2.0000,-1,7,6,0,0,13,0,0,0,0
179.8915,2,0,1,0,0,0,0,-1,0,2.0000,-1,7,6,0,0,13,0,0,0,0
179.9138,2,0,1,0,0,0,0,-1,0,2.0000,-1,7,6,0,0,13,0,0,0,0
179.9345,2,0,1,0,0,0,0,-1,0,2.0000,-1,7,6,0,0,13,0,0,0,0
179.9576,2,0,1,0,0,0,0,-1,0,2.0000,-1,7,6,0,0,13,0,0,0,0
179.9786,2,0,1,0,0,0,0,-1,0,2.0000,-1,7,6,0,0,13,0,0,0,0
180.0007,2,0,1,0,0,0,0,-1,0,2.0000,-1,7,6,0,0,13,0,0,0,0
180.0207,2,0,1,0,0,0,0,-1,0,2.0000,-1,7,6,0,0,13,0,0,0,0
180.0424,2,0,1,0,0,0,0,-1,0,2.0000,-1,7,6,0,0,13,0,0,0,0
180.0632,2,0,1,0,0,0,0,-1,0,2.0000,-1,7,6,0,0,13,0,0,0,0
180.0845,2,0,1,0,0,0,0,-1,0,2.0000,-1,7,6,0,0,13,0,0,0,0
180.1064,2,0,1,0,0,0,0,-1,0,2.0000,-1,7,6,0,0,13,0,0,0,0
180.129,2,0,1,0,0,0,0,-1,0,2.0000,-1,7,6,0,0,13,0,0,0,0
180.1679,2,0,1,0,0,0,0,-1,0,2.0000,-1,7,6,0,0,13,0,0,0,0
180.1802,2,0,1,0,0,0,0,-1,0,1.0000,-1,7,6,0,0,13,0,0,0,0
180.196,2,0,1,0,0,0,0,-1,0,1.0000,-1,7,6,0,0,13,0,0,0,0
180.2178,2,0,1,0,0,0,0,-1,0,1.0000,-1,7,6,0,0,13,0,0,0,0
180.2411,2,0,1,0,0,0,0,-1,0,1.0000,-1,7,6,0,0,13,0,0,0,0
180.2618,2,0,1,0,0,0,0,-1,0,1.0000,-1,7,6,0,0,13,0,0,0,0
180.284,2,0,1,0,0,0,0,-1,0,1.0000,-1,7,6,0,0,13,0,0,0,0
180.3057,2,0,1,0,0,0,0,-1,0,1.0000,-1,7,6,0,0,13,0,0,0,0
180.3293,2,0,1,0,0,0,0,-1,1,2.0000,-1,7,6,0,0,13,0,0,0,0
180.3674,2,0,1,0,0,0,0,-1,0,2.0000,-1,7,6,0,0,13,0,0,0,0
180.3799,2,0,1,0,0,0,0,-1,0,2.0000,-1,7,6,0,0,13,0,0,0,0
180.3944,2,0,1,0,0,0,0,-1,0,2.0000,-1,7,6,0,0,13,0,0,0,0
180.4165,2,0,1,0,0,0,0,-1,0,2.0000,-1,7,6,0,0,13,0,0,0,0
180.438,2,0,1,0,0,0,0,-1,0,2.0000,-1,7,6,0,0,13,0,0,0,0
180.4602,2,0,1,0,0,0,1,40,0,2.0000,-1,7,6,0,0,13,0,0,0,0
180.481,2,0,1,0,0,0,1,40,0,2.0000,-1,7,6,0,0,13,0,0,0,0
180.5043,2,0,1,0,0,0,1,40,0,2.0000,-1,7,6,0,0,13,0,0,0,0
180.5256,2,0,1,0,0,0,1,40,0,2.0000,-1,7,6,0,0,13,0,0,0,0
180.5464,2,0,1,0,0,0,1,40,0,2.0000,-1,7,6,0,0,13,0,0,0,0
180.5882,2,0,1,0,0,0,1,40,0,1.0000,-1,7,6,0,0,13,0,0,0,0
180.603,2,0,1,0,0,0,1,40,0,1.0000,-1,7,6,0,0,13,0,0,0,0
180.6183,2,0,1,0,0,0,1,40,0,1.0000,-1,7,6,0,0,13,0,0,0,0
180.6396,2,0,1,0,0,0,0,-1,0,1.0000,40,7,7,0,0,14,0,0,0,0
180.6601,2,0,1,0,0,0,0,-1,0,1.0000,-1,7,7,0,0,14,0,0,0,0
180.6831,2,0,1,0,1,0,1,41,0,1.0000,-1,7,7,0,0,14,0,0,0,0
180.7046,2,0,1,0,1,0,1,41,0,1.0000,-1,7,7,0,0,14,0,0,0,0
180.7265,2,0,1,0,1,0,1,41,0,1.0000,-1,7,7,0,0,14,0,0,0,0
180.7485,2,0,1,0,1,0,1,41,0,1.0000,-1,7,7,0,0,14,0,0,0,0
180.79,2,0,1,0,1,0,1,41,1,2.0000,-1,7,7,0,0,14,0,0,0,0
180.8037,2,0,1,0,1,0,1,41,0,2.0000,-1,7,7,0,0,14,0,0,0,0
180.8185,2,0,1,0,1,0,1,41,0,2.0000,-1,7,7,0,0,14,0,0,0,0
180.8409,2,0,1,0,1,0,1,41,0,2.0000,-1,7,7,0,0,14,0,0,0,0
180.8627,2,0,1,0,1,0,1,41,0,2.0000,-1,7,7,0,0,14,0,0,0,0
180.8845,2,0,1,0,1,0,1,41,0,2.0000,-1,7,7,0,0,14,0,0,0,0
180.9065,2,0,1,0,1,0,1,41,0,2.0000,-1,7,7,0,0,14,0,0,0,0
180.9294,2,0,1,0,1,0,1,41,0,2.0000,-1,7,7,0,0,14,0,0,0,0
180.951,2,0,1,0,1,0,1,41,0,2.0000,-1,7,7,0,0,14,0,0,0,0
180.9728,2,0,1,0,1,0,1,41,0,2.0000,-1,7,7,0,0,14,0,0,0,0
180.995,2,0,1,0,1,0,1,41,0,2.0000,-1,7,7,0,0,14,0,0,0,0
181.0156,2,0,1,0,1,0,1,41,0,2.0000,-1,7,7,0,0,14,0,0,0,0
181.0379,2,0,1,0,1,0,0,-1,0,2.0000,-1,7,7,0,0,14,0,0,0,0
181.062,2,0,1,0,1,0,0,-1,0,2.0000,-1,7,7,0,0,14,0,0,0,0
181.0839,2,0,1,0,1,0,0,-1,0,2.0000,-1,7,7,0,0,14,0,0,0,0
181.1049,2,0,1,0,1,0,0,-1,0,2.0000,-1,7,7,0,0,14,0,0,0,0
181.1263,2,0,1,0,1,0,0,-1,0,2.0000,-1,7,7,0,0,14,0,0,0,0
181.1473,2,0,1,0,1,0,0,-1,0,2.0000,-1,7,7,0,0,14,0,0,0,0
181.1698,2,0,1,0,1,0,0,-1,0,2.0000,-1,7,7,0,0,14,0,0,0,0
181.19,2,0,1,0,1,0,0,-1,0,2.0000,-1,7,7,0,0,14,0,0,0,0
181.2112,2,0,1,0,1,0,0,-1,0,2.0000,-1,7,7,0,0,14,0,0,0,0
181.2333,2,0,1,0,1,0,0,-1,0,2.0000,-1,7,7,0,0,14,0,0,0,0
181.2533,2,0,1,0,1,0,0,-1,0,2.0000,-1,7,7,0,0,14,0,0,0,0
181.2781,2,0,1,0,0,0,0,-1,0,2.0000,-1,7,7,0,0,14,0,0,0,0
181.2981,2,0,1,0,0,0,0,-1,0,2.0000,-1,7,7,0,0,14,0,0,0,0
181.3194,2,0,1,0,0,0,0,-1,0,2.0000,-1,7,7,0,0,14,0,0,0,0
181.3418,2,0,1,0,0,0,1,42,0,1.0000,-1,7,7,0,0,14,0,0,0,0
181.3639,2,0,1,0,0,0,1,42,0,1.0000,-1,7,7,0,0,14,0,0,0,0
181.3852,2,0,1,0,0,0,1,42,0,1.0000,-1,7,7,0,0,14,0,0,0,0
181.4266,2,0,1,0,0,0,1,42,0,1.0000,-1,7,7,0,0,14,0,0,0,0
181.44,2,0,1,0,0,0,1,42,0,1.0000,-1,7,7,0,0,14,0,0,0,0
181.4543,2,0,1,0,0,0,1,42,0,1.0000,-1,7,7,0,0,14,0,0,0,0
181.4751,2,0,1,0,0,0,1,42,0,1.0000,-1,7,7,0,0,14,0,0,0,0
181.4977,2,0,1,0,0,0,1,42,0,1.0000,-1,7,7,0,0,14,0,0,0,0
181.5192,2,0,1,0,0,0,1,42,0,1.0000,-1,7,7,0,0,14,0,0,0,0
181.5411,2,0,1,0,0,0,1,42,0,1.0000,-1,7,7,0,0,14,0,0,0,0
181.5632,2,0,1,0,0,0,1,42,0,1.0000,-1,7,7,0,0,14,0,0,0,0
181.5845,2,0,1,0,0,0,1,42,0,1.0000,-1,7,7,0,0,14,0,0,0,0
181.6072,2,0,1,0,0,0,1,42,1,2.0000,-1,7,7,0,0,14,0,0,0,0
181.6279,2,0,1,0,0,0,1,42,0,2.0000,-1,7,7,0,0,14,0,0,0,0
181.6483,2,0,1,0,0,0,1,42,0,2.0000,-1,7,7,0,0,14,0,0,0,0
181.6699,2,0,1,0,0,0,1,42,0,2.0000,-1,7,7,0,0,14,0,0,0,0
181.6914,2,0,1,0,0,0,1,42,0,2.0000,-1,7,7,0,0,14,0,0,0,0
181.7117,2,0,1,0,0,0,1,42,0,2.0000,-1,7,7,0,0,14,0,0,0,0
181.7326,2,0,1,0,0,0,1,42,0,2.0000,-1,7,7,0,0,14,0,0,0,0
181.7537,2,0,1,0,0,0,1,42,0,2.0000,-1,7,7,0,0,14,0,0,0,0
181.7749,2,0,1,0,0,0,1,42,0,2.0000,-1,7,7,0,0,14,0,0,0,0
181.7969,2,0,1,0,0,0,1,42,0,1.0000,-1,7,7,0,0,14,0,0,0,0
181.818,2,0,1,0,0,0,1,42,0,1.0000,-1,7,7,0,0,14,0,0,0,0
181.8564,2,0,1,0,0,0,1,42,0,1.0000,-1,7,7,0,0,14,0,0,0,0
181.8676,2,0,1,0,0,0,1,42,0,1.0000,-1,7,7,0,0,14,0,0,0,0
181.8849,2,0,1,0,0,0,1,42,0,1.0000,-1,7,7,0,0,14,0,0,0,0
181.9074,2,0,1,0,0,0,1,42,1,2.0000,-1,7,7,0,0,14,0,0,0,0
181.9287,2,0,1,0,0,0,1,42,0,2.0000,-1,7,7,0,0,14,0,0,0,0
181.9497,2,0,1,0,0,0,1,42,0,2.0000,-1,7,7,0,0,14,0,0,0,0
181.9715,2,0,1,0,0,0,1,42,0,2.0000,-1,7,7,0,0,14,0,0,0,0
181.9928,2,0,1,0,0,0,1,42,0,2.0000,-1,7,7,0,0,14,0,0,0,0
182.0128,2,0,1,0,0,0,1,42,0,2.0000,-1,7,7,0,0,14,0,0,0,0
182.0329,2,0,1,0,0,0,1,42,0,2.0000,-1,7,7,0,0,14,0,0,0,0
182.0733,2,0,1,0,0,0,1,43,0,2.0000,42,7,8,0,0,15,0,0,0,0
182.1019,2,0,1,0,0,0,1,43,0,2.0000,-1,7,8,0,0,15,0,0,0,0
182.1137,2,0,1,0,0,0,1,43,0,2.0000,-1,7,8,0,0,15,0,0,0,0
182.1286,2,0,1,0,0,0,1,43,0,2.0000,-1,7,8,0,0,15,0,0,0,0
182.1501,2,0,1,0,0,0,1,43,0,2.0000,-1,7,8,0,0,15,0,0,0,0
182.1722,2,0,1,0,0,0,1,43,0,2.0000,-1,7,8,0,0,15,0,0,0,0
182.193,2,0,1,0,0,0,1,43,0,2.0000,-1,7,8,0,0,15,0,0,0,0
182.2147,2,0,1,0,0,0,1,43,0,2.0000,-1,7,8,0,0,15,0,0,0,0
182.2364,2,0,1,0,0,0,1,43,0,2.0000,-1,7,8,0,0,15,0,0,0,0
182.2759,2,0,1,0,0,0,1,43,0,2.0000,-1,7,8,0,0,15,0,0,0,0
182.2887,2,0,1,0,0,0,1,43,0,2.0000,-1,7,8,0,0,15,0,0,0,0
182.304,2,0,1,0,0,0,1,43,0,2.0000,-1,7,8,0,0,15,0,0,0,0
182.3259,2,0,1,0,0,0,1,43,0,2.0000,-1,7,8,0,0,15,0,0,0,0
182.3492,2,0,1,0,0,0,1,43,0,2.0000,-1,7,8,0,0,15,0,0,0,0
182.3697,2,0,1,0,0,0,1,43,0,2.0000,-1,7,8,0,0,15,0,0,0,0
182.3902,2,0,1,0,0,0,1,43,0,2.0000,-1,7,8,0,0,15,0,0,0,0
182.4121,2,0,1,0,0,0,1,43,0,2.0000,-1,7,8,0,0,15,0,0,0,0
182.4326,2,0,1,0,0,0,1,43,0,2.0000,-1,7,8,0,0,15,0,0,0,0
182.4528,2,0,1,0,0,0,1,43,0,2.0000,-1,7,8,0,0,15,0,0,0,0
182.4757,2,0,1,0,0,0,1,43,0,2.0000,-1,7,8,0,0,15,0,0,0,0
182.4965,2,0,1,0,0,0,1,43,0,2.0000,-1,7,8,0,0,15,0,0,0,0
182.5189,2,0,1,0,0,0,1,43,0,2.0000,-1,7,8,0,0,15,0,0,0,0
182.5404,2,0,1,0,0,0,1,43,0,2.0000,-1,7,8,0,0,15,0,0,0,0
182.5611,2,0,1,0,0,0,1,43,0,2.0000,-1,7,8,0,0,15,0,0,0,0
182.584,2,0,1,0,0,0,1,43,0,2.0000,-1,7,8,0,0,15,0,0,0,0
182.6031,2,0,1,0,0,0,1,43,0,2.0000,-1,7,8,0,0,15,0,0,0,0
182.6241,2,0,1,0,0,0,1,43,0,1.0000,-1,7,8,0,0,15,0,0,0,0
182.6457,2,0,1,0,0,0,1,43,0,1.0000,-1,7,8,0,0,15,0,0,0,0
182.6675,2,0,1,0,0,0,1,43,1,2.0000,-1,7,8,0,0,15,0,0,0,0
182.6874,2,0,1,0,0,0,1,43,0,2.0000,-1,7,8,0,0,15,0,0,0,0
182.7073,2,0,1,0,0,0,1,43,0,2.0000,-1,7,8,0,0,15,0,0,0,0
182.7294,2,0,1,0,0,0,1,43,0,2.0000,-1,7,8,0,0,15,0,0,0,0
182.7505,2,0,1,0,0,0,1,43,0,2.0000,-1,7,8,0,0,15,0,0,0,0
182.7704,2,0,1,0,0,0,1,43,0,2.0000,-1,7,8,0,0,15,0,0,0,0
182.7905,2,0,1,0,0,0,1,43,0,2.0000,-1,7,8,0,0,15,0,0,0,0
182.8124,3,1,2,0,0,0,0,-1,0,2.0000,43,7,8,1,0,16,0,0,0,0
182.8329,3,0,2,0,0,0,0,-1,0,2.0000,-1,7,8,1,0,16,0,0,0,0
182.854,3,0,2,0,0,0,0,-1,0,2.0000,-1,7,8,1,0,16,0,0,0,0
182.8756,3,0,2,0,0,0,0,-1,0,2.0000,-1,7,8,1,0,16,0,0,0,0
182.9165,3,0,2,0,0,0,0,-1,0,1.0000,-1,7,8,1,0,16,0,0,0,0
182.9296,3,0,2,0,0,0,0,-1,0,1.0000,-1,7,8,1,0,16,0,0,0,0
182.9448,3,0,2,0,0,0,0,-1,0,1.0000,-1,7,8,1,0,16,0,0,0,0
182.9666,3,0,2,0,0,0,0,-1,0,1.0000,-1,7,8,1,0,16,0,0,0,0
182.9873,3,0,2,0,0,0,0,-1,0,1.0000,-1,7,8,1,0,16,0,0,0,0
183.0085,3,0,2,0,0,0,0,-1,0,1.0000,-1,7,8,1,0,16,0,0,0,0
183.0305,3,0,2,0,0,0,0,-1,0,1.0000,-1,7,8,1,0,16,0,0,0,0
183.0525,3,0,2,1,0,0,0,-1,0,1.0000,-1,7,8,1,0,16,0,0,0,0
183.0742,3,0,2,1,0,0,0,-1,0,1.0000,-1,7,8,1,0,16,0,0,0,0
183.0937,3,0,2,1,0,0,0,-1,0,1.0000,-1,7,8,1,0,16,0,0,0,0
183.1353,3,0,2,1,0,0,0,-1,0,1.0000,-1,7,8,1,0,16,0,0,0,0
183.1483,3,0,2,1,0,0,0,-1,0,1.0000,-1,7,8,1,0,16,0,0,0,0
183.162,3,0,2,1,0,0,0,-1,0,1.0000,-1,7,8,1,0,16,0,0,0,0
183.1844,3,0,2,1,0,0,0,-1,0,1.0000,-1,7,8,1,0,16,0,0,0,0
183.2061,3,0,2,1,0,0,0,-1,0,1.0000,-1,7,8,1,0,16,0,0,0,0
183.2285,3,0,2,1,0,0,0,-1,0,1.0000,-1,7,8,1,0,16,0,0,0,0
183.2491,3,0,2,1,0,0,0,-1,0,1.0000,-1,7,8,1,0,16,0,0,0,0
183.2696,3,0,2,1,0,0,0,-1,0,1.0000,-1,7,8,1,0,16,0,0,0,0
183.292,3,0,2,1,0,0,0,-1,0,1.0000,-1,7,8,1,0,16,0,0,0,0
183.3121,3,0,2,1,0,0,0,-1,0,1.0000,-1,7,8,1,0,16,0,0,0,0
183.3533,3,0,2,1,0,0,0,-1,0,1.0000,-1,7,8,1,0,16,0,0,0,0
183.3654,3,0,2,1,0,0,0,-1,0,1.0000,-1,7,8,1,0,16,0,0,0,0
183.3805,3,0,2,1,0,0,0,-1,0,1.0000,-1,7,8,1,0,16,0,0,0,0
183.4024,3,0,2,1,0,0,0,-1,0,1.0000,-1,7,8,1,0,16,0,0,0,0
183.4234,3,0,2,1,0,0,0,-1,0,1.0000,-1,7,8,1,0,16,0,0,0,0
183.4446,3,0,2,1,0,0,0,-1,0,1.0000,-1,7,8,1,0,16,0,0,0,0
183.4667,3,0,2,1,0,0,0,-1,0,1.0000,-1,7,8,1,0,16,0,0,0,0
183.4875,3,0,2,0,0,0,0,-1,0,1.0000,-1,7,8,1,0,16,0,0,0,0
183.5103,3,0,2,0,0,0,0,-1,0,1.0000,-1,7,8,1,0,16,0,0,0,0
183.53,3,0,2,0,0,0,0,-1,0,1.0000,-1,7,8,1,0,16,0,0,0,0
183.5716,3,0,2,0,0,0,0,-1,0,1.0000,-1,7,8,1,0,16,0,0,0,0
183.584,3,0,2,0,0,0,0,-1,0,1.0000,-1,7,8,1,0,16,0,0,0,0
183.5981,3,0,2,0,0,0,0,-1,0,1.0000,-1,7,8,1,0,16,0,0,0,0
183.6197,3,0,2,0,0,0,0,-1,0,1.0000,-1,7,8,1,0,16,0,0,0,0
183.6418,3,0,2,0,0,0,0,-1,0,1.0000,-1,7,8,1,0,16,0,0,0,0
183.6626,3,0,2,0,0,0,0,-1,0,1.0000,-1,7,8,1,0,16,0,0,0,0
183.6842,3,0,2,0,0,0,0,-1,0,0.0000,-1,7,8,1,0,16,0,0,0,0
183.7058,3,0,2,0,0,0,0,-1,0,0.0000,-1,7,8,1,0,16,0,0,0,0
183.7272,3,0,2,0,0,0,0,-1,0,0.0000,-1,7,8,1,0,16,0,0,0,0
183.7472,3,0,2,0,0,0,0,-1,0,0.0000,-1,7,8,1,0,16,0,0,0,0
183.7675,3,0,2,0,0,0,0,-1,0,0.0000,-1,7,8,1,0,16,0,0,0,0
183.7884,3,0,2,0,0,0,0,-1,0,0.0000,-1,7,8,1,0,16,0,0,0,0
183.8094,3,0,2,0,0,0,0,-1,0,0.0000,-1,7,8,1,0,16,0,0,0,0
183.8303,3,0,2,0,0,0,0,-1,0,0.0000,-1,7,8,1,0,16,0,0,0,0
183.852,3,0,2,0,0,0,0,-1,0,0.0000,-1,7,8,1,0,16,0,0,0,0
183.8723,3,0,2,0,0,0,0,-1,0,0.0000,-1,7,8,1,0,16,0,0,0,0
183.8935,3,0,2,0,0,0,0,-1,0,0.0000,-1,7,8,1,0,16,0,0,0,0
183.9156,3,0,2,0,0,0,0,-1,0,0.0000,-1,7,8,1,0,16,0,0,0,0
183.9362,3,0,2,0,0,0,0,-1,0,0.0000,-1,7,8,1,0,16,0,0,0,0
183.9575,3,0,2,0,0,0,0,-1,0,0.0000,-1,7,8,1,0,16,0,0,0,0
183.9771,3,0,2,0,0,0,0,-1,0,0.0000,-1,7,8,1,0,16,0,0,0,0
183.9984,3,0,2,0,0,0,0,-1,0,0.0000,-1,7,8,1,0,16,0,0,0,0
184.0196,3,0,2,0,0,0,0,-1,0,0.0000,-1,7,8,1,0,16,0,0,0,0
184.0399,3,0,2,0,0,0,0,-1,0,0.0000,-1,7,8,1,0,16,0,0,0,0
184.0625,3,0,2,0,0,0,0,-1,0,0.0000,-1,7,8,1,0,16,0,0,0,0
184.0817,3,0,2,0,0,0,0,-1,0,0.0000,-1,7,8,1,0,16,0,0,0,0
184.1028,3,0,2,0,0,0,0,-1,0,0.0000,-1,7,8,1,0,16,0,0,0,0
184.1235,3,0,2,0,0,0,0,-1,0,0.0000,-1,7,8,1,0,16,0,0,0,0
184.1451,3,0,2,0,0,0,0,-1,0,0.0000,-1,7,8,1,0,16,0,0,0,0
184.166,3,0,2,0,0,0,0,-1,0,0.0000,-1,7,8,1,0,16,0,0,0,0
184.1855,3,0,2,0,0,0,0,-1,0,0.0000,-1,7,8,1,0,16,0,0,0,0
184.208,3,0,2,0,0,0,0,-1,0,0.0000,-1,7,8,1,0,16,0,0,0,0
184.2295,3,0,2,0,0,0,0,-1,0,0.0000,-1,7,8,1,0,16,0,0,0,0
184.2506,3,0,2,0,0,0,0,-1,0,0.0000,-1,7,8,1,0,16,0,0,0,0
184.2695,3,0,2,0,0,0,0,-1,0,0.0000,-1,7,8,1,0,16,0,0,0,0
184.291,3,0,2,0,0,0,0,-1,0,0.0000,-1,7,8,1,0,16,0,0,0,0
184.3121,3,0,2,0,0,0,0,-1,0,0.0000,-1,7,8,1,0,16,0,0,0,0
184.3306,3,0,2,0,0,0,0,-1,0,0.0000,-1,7,8,1,0,16,0,0,0,0
184.3532,3,0,2,0,0,0,0,-1,0,0.0000,-1,7,8,1,0,16,0,0,0,0
184.3743,3,0,2,0,0,0,0,-1,0,0.0000,-1,7,8,1,0,16,0,0,0,0
184.3959,3,0,2,0,0,0,0,-1,0,0.0000,-1,7,8,1,0,16,0,0,0,0
184.4157,3,0,2,0,0,0,0,-1,0,0.0000,-1,7,8,1,0,16,0,0,0,0
184.4361,3,0,2,0,0,0,0,-1,0,0.0000,-1,7,8,1,0,16,0,0,0,0
184.4571,3,0,2,0,0,0,0,-1,0,0.0000,-1,7,8,1,0,16,0,0,0,0
184.4776,3,0,2,0,0,0,0,-1,0,0.0000,-1,7,8,1,0,16,0,0,0,0
184.4987,3,0,2,0,0,0,0,-1,0,0.0000,-1,7,8,1,0,16,0,0,0,0
184.5179,3,0,2,0,0,0,0,-1,0,0.0000,-1,7,8,1,0,16,0,0,0,0
184.539,3,0,2,0,0,0,0,-1,0,0.0000,-1,7,8,1,0,16,0,0,0,0
184.5598,3,0,2,0,0,0,0,-1,0,0.0000,-1,7,8,1,0,16,0,0,0,0
184.5795,3,0,2,0,0,0,0,-1,0,0.0000,-1,7,8,1,0,16,0,0,0,0
184.601,3,0,2,0,0,0,0,-1,0,0.0000,-1,7,8,1,0,16,0,0,0,0
184.6211,3,0,2,0,0,0,0,-1,0,0.0000,-1,7,8,1,0,16,0,0,0,0
184.64,3,0,2,0,0,0,0,-1,0,0.0000,-1,7,8,1,0,16,0,0,0,0
184.6627,3,0,2,0,0,0,0,-1,0,0.0000,-1,7,8,1,0,16,0,0,0,0
184.6815,3,0,2,0,0,0,0,-1,0,0.0000,-1,7,8,1,0,16,0,0,0,0
184.7035,3,0,2,0,0,0,0,-1,0,0.0000,-1,7,8,1,0,16,0,0,0,0
184.7218,3,0,2,0,0,0,0,-1,0,0.0000,-1,7,8,1,0,16,0,0,0,0
184.7439,3,0,2,0,0,0,0,-1,0,0.0000,-1,7,8,1,0,16,0,0,0,0
184.7635,3,0,2,0,0,0,0,-1,0,0.0000,-1,7,8,1,0,16,0,0,0,0
184.7852,3,0,2,0,0,0,0,-1,0,0.0000,-1,7,8,1,0,16,0,0,0,0
184.8238,3,0,2,0,0,0,0,-1,0,0.0000,-1,7,8,1,0,16,0,0,0,0
184.8369,3,0,2,0,0,0,0,-1,0,0.0000,-1,7,8,1,0,16,0,0,0,0
184.8501,3,0,2,0,0,0,0,-1,0,0.0000,-1,7,8,1,0,16,0,0,0,0
184.8716,3,0,2,0,0,0,0,-1,0,0.0000,-1,7,8,1,0,16,0,0,0,0
184.8932,3,0,2,0,0,0,0,-1,0,0.0000,-1,7,8,1,0,16,0,0,0,0
184.9135,3,0,2,0,0,0,0,-1,0,0.0000,-1,7,8,1,0,16,0,0,0,0
184.9342,3,0,2,0,0,0,0,-1,0,0.0000,-1,7,8,1,0,16,0,0,0,0
184.956,3,0,2,0,0,0,0,-1,0,0.0000,-1,7,8,1,0,16,0,0,0,0
184.9746,3,0,2,0,0,0,0,-1,0,0.0000,-1,7,8,1,0,16,0,0,0,0
184.9951,3,0,2,0,0,0,0,-1,0,0.0000,-1,7,8,1,0,16,0,0,0,0
185.0153,3,0,2,0,0,0,0,-1,0,0.0000,-1,7,8,1,0,16,0,0,0,0
185.0353,3,0,2,0,0,0,0,-1,0,0.0000,-1,7,8,1,0,16,0,0,0,0
185.0554,3,0,2,0,0,0,0,-1,0,0.0000,-1,7,8,1,0,16,0,0,0,0
185.0755,3,0,2,0,0,0,0,-1,0,0.0000,-1,7,8,1,0,16,0,0,0,0
185.0968,3,0,2,0,0,0,0,-1,0,0.0000,-1,7,8,1,0,16,0,0,0,0
185.1182,3,0,2,0,0,0,0,-1,0,0.0000,-1,7,8,1,0,16,0,0,0,0
185.1384,3,0,2,0,0,0,0,-1,0,0.0000,-1,7,8,1,0,16,0,0,0,0
185.1575,3,0,2,0,0,0,0,-1,0,0.0000,-1,7,8,1,0,16,0,0,0,0
185.1771,3,0,2,0,0,0,0,-1,0,0.0000,-1,7,8,1,0,16,0,0,0,0
185.1973,3,0,2,0,0,0,0,-1,0,0.0000,-1,7,8,1,0,16,0,0,0,0
185.2359,3,0,2,0,0,0,0,-1,0,0.0000,-1,7,8,1,0,16,0,0,0,0
185.2485,3,0,2,0,0,0,0,-1,0,0.0000,-1,7,8,1,0,16,0,0,0,0
185.2617,3,0,2,0,0,0,0,-1,0,0.0000,-1,7,8,1,0,16,0,0,0,0
185.2827,3,0,2,0,0,0,0,-1,0,0.0000,-1,7,8,1,0,16,0,0,0,0
185.303,3,0,2,0,0,0,0,-1,0,0.0000,-1,7,8,1,0,16,0,0,0,0
185.3228,3,0,2,0,0,0,0,-1,0,0.0000,-1,7,8,1,0,16,0,0,0,0
185.3423,3,0,2,0,0,0,0,-1,0,0.0000,-1,7,8,1,0,16,0,0,0,0
185.3632,3,0,2,0,0,0,0,-1,0,0.0000,-1,7,8,1,0,16,0,0,0,0
185.3839,3,0,2,0,0,0,0,-1,0,0.0000,-1,7,8,1,0,16,0,0,0,0
185.4046,3,0,2,0,0,0,0,-1,0,0.0000,-1,7,8,1,0,16,0,0,0,0
185.4261,3,0,2,0,0,0,0,-1,0,0.0000,-1,7,8,1,0,16,0,0,0,0
185.446,3,0,2,0,0,0,0,-1,0,0.0000,-1,7,8,1,0,16,0,0,0,0
185.4668,3,0,2,0,0,0,0,-1,0,0.0000,-1,7,8,1,0,16,0,0,0,0
185.4869,3,0,2,0,0,0,0,-1,0,0.0000,-1,7,8,1,0,16,0,0,0,0
185.5069,3,0,2,0,0,0,0,-1,0,0.0000,-1,7,8,1,0,16,0,0,0,0
185.5275,3,0,2,0,0,0,0,-1,0,0.0000,-1,7,8,1,0,16,0,0,0,0
185.5479,3,0,2,0,0,0,0,-1,0,0.0000,-1,7,8,1,0,16,0,0,0,0
185.5681,3,0,2,0,0,0,0,-1,0,0.0000,-1,7,8,1,0,16,0,0,0,0
185.5877,3,0,2,0,0,0,0,-1,0,0.0000,-1,7,8,1,0,16,0,0,0,0
185.6081,3,0,2,0,0,0,0,-1,0,0.0000,-1,7,8,1,0,16,0,0,0,0
185.6289,3,0,2,0,0,0,0,-1,0,0.0000,-1,7,8,1,0,16,0,0,0,0
185.6495,3,0,2,0,0,0,0,-1,0,0.0000,-1,7,8,1,0,16,0,0,0,0
185.6698,3,0,2,0,0,0,0,-1,0,0.0000,-1,7,8,1,0,16,0,0,0,0
185.6898,3,0,2,0,0,0,0,-1,0,0.0000,-1,7,8,1,0,16,0,0,0,0
185.7086,3,0,2,0,0,0,0,-1,0,0.0000,-1,7,8,1,0,16,0,0,0,0
185.7272,3,0,2,0,0,0,0,-1,0,0.0000,-1,7,8,1,0,16,0,0,0,0
185.7496,3,0,2,0,0,0,0,-1,0,0.0000,-1,7,8,1,0,16,0,0,0,0
185.7704,3,0,2,0,0,0,0,-1,0,0.0000,-1,7,8,1,0,16,0,0,0,0
185.7888,3,0,2,0,0,0,0,-1,0,0.0000,-1,7,8,1,0,16,0,0,0,0
185.8081,3,0,2,0,0,0,0,-1,0,0.0000,-1,7,8,1,0,16,0,0,0,0
185.8303,3,0,2,0,0,0,0,-1,0,0.0000,-1,7,8,1,0,16,0,0,0,0
185.8514,3,0,2,0,0,0,0,-1,0,0.0000,-1,7,8,1,0,16,0,0,0,0
185.8727,3,0,2,0,0,0,0,-1,0,0.0000,-1,7,8,1,0,16,0,0,0,0
185.8919,3,0,2,0,0,0,0,-1,0,0.0000,-1,7,8,1,0,16,0,0,0,0
185.9127,3,0,2,0,0,0,0,-1,0,0.0000,-1,7,8,1,0,16,0,0,0,0
185.9307,3,0,2,0,0,0,0,-1,0,0.0000,-1,7,8,1,0,16,0,0,0,0
185.9513,3,0,2,0,0,0,0,-1,0,0.0000,-1,7,8,1,0,16,0,0,0,0
185.9734,3,0,2,0,0,0,0,-1,0,0.0000,-1,7,8,1,0,16,0,0,0,0
185.9937,3,0,2,0,0,0,0,-1,0,0.0000,-1,7,8,1,0,16,0,0,0,0
186.0159,3,0,2,0,0,0,0,-1,0,0.0000,-1,7,8,1,0,16,0,0,0,0
186.0347,3,0,2,0,0,0,0,-1,0,0.0000,-1,7,8,1,0,16,0,0,0,0
186.0537,3,0,2,0,0,0,0,-1,0,0.0000,-1,7,8,1,0,16,0,0,0,0
186.0733,3,0,2,0,0,0,0,-1,0,0.0000,-1,7,8,1,0,16,0,0,0,0
186.0957,3,0,2,0,0,0,0,-1,0,0.0000,-1,7,8,1,0,16,0,0,0,0
186.1159,3,0,2,0,0,0,0,-1,0,0.0000,-1,7,8,1,0,16,0,0,0,0
186.1365,3,0,2,0,0,0,0,-1,0,0.0000,-1,7,8,1,0,16,0,0,0,0
186.1538,3,0,2,0,0,0,0,-1,0,0.0000,-1,7,8,1,0,16,0,0,0,0
186.1748,3,0,2,0,0,0,0,-1,0,0.0000,-1,7,8,1,0,16,0,0,0,0
186.1964,3,0,2,0,0,0,0,-1,0,0.0000,-1,7,8,1,0,16,0,0,0,0
186.2175,3,0,2,0,0,0,0,-1,0,0.0000,-1,7,8,1,0,16,0,0,0,0
186.2375,3,0,2,0,0,0,0,-1,0,0.0000,-1,7,8,1,0,16,0,0,0,0
186.2564,3,0,2,0,0,0,0,-1,0,0.0000,-1,7,8,1,0,16,0,0,0,0
186.2764,3,0,2,0,0,0,0,-1,0,0.0000,-1,7,8,1,0,16,0,0,0,0
186.2981,3,0,2,0,0,0,0,-1,0,0.0000,-1,7,8,1,0,16,0,0,0,0
186.3192,3,0,2,0,0,0,0,-1,0,0.0000,-1,7,8,1,0,16,0,0,0,0
186.3403,3,0,2,0,0,0,0,-1,0,0.0000,-1,7,8,1,0,16,0,0,0,0
186.3598,3,0,2,0,0,0,0,-1,0,0.0000,-1,7,8,1,0,16,0,0,0,0
186.3802,3,0,2,0,0,0,0,-1,0,0.0000,-1,7,8,1,0,16,0,0,0,0
186.3972,3,0,2,0,0,0,0,-1,0,0.0000,-1,7,8,1,0,16,0,0,0,0
186.4203,3,0,2,0,0,0,0,-1,0,0.0000,-1,7,8,1,0,16,0,0,0,0
186.4411,3,0,2,0,0,0,0,-1,0,0.0000,-1,7,8,1,0,16,0,0,0,0
186.4798,3,0,2,0,0,0,0,-1,0,0.0000,-1,7,8,1,0,16,0,0,0,0
186.4937,3,0,2,0,0,0,0,-1,0,0.0000,-1,7,8,1,0,16,0,0,0,0
186.5074,3,0,2,0,0,0,0,-1,0,0.0000,-1,7,8,1,0,16,0,0,0,0
186.5263,3,0,2,0,0,0,0,-1,0,0.0000,-1,7,8,1,0,16,0,0,0,0
186.548,3,0,2,0,0,0,0,-1,0,0.0000,-1,7,8,1,0,16,0,0,0,0
186.567,3,0,2,0,0,0,0,-1,0,0.0000,-1,7,8,1,0,16,0,0,0,0
186.5864,3,0,2,0,0,0,0,-1,0,0.0000,-1,7,8,1,0,16,0,0,0,0
186.608,3,0,2,0,0,0,0,-1,0,0.0000,-1,7,8,1,0,16,0,0,0,0
186.6285,3,0,2,0,0,0,0,-1,0,0.0000,-1,7,8,1,0,16,0,0,0,0
186.6503,3,0,2,0,0,0,0,-1,0,0.0000,-1,7,8,1,0,16,0,0,0,0
186.6877,3,0,2,0,0,0,0,-1,0,0.0000,-1,7,8,1,0,16,0,0,0,0
186.6991,3,0,2,0,0,0,0,-1,0,0.0000,-1,7,8,1,0,16,0,0,0,0
186.7146,3,0,2,0,0,0,0,-1,0,0.0000,-1,7,8,1,0,16,0,0,0,0
186.7362,3,0,2,0,0,0,0,-1,0,0.0000,-1,7,8,1,0,16,0,0,0,0
186.7552,3,0,2,0,0,0,0,-1,0,0.0000,-1,7,8,1,0,16,0,0,0,0
186.7738,3,0,2,0,0,0,0,-1,0,0.0000,-1,7,8,1,0,16,0,0,0,0
186.7946,3,0,2,0,0,0,0,-1,0,0.0000,-1,7,8,1,0,16,0,0,0,0
186.8162,3,0,2,0,0,0,0,-1,0,0.0000,-1,7,8,1,0,16,0,0,0,0
186.8366,3,0,2,0,0,0,0,-1,0,0.0000,-1,7,8,1,0,16,0,0,0,0
186.8553,3,0,2,0,0,0,0,-1,0,0.0000,-1,7,8,1,0,16,0,0,0,0
186.8759,3,0,2,0,0,0,0,-1,0,0.0000,-1,7,8,1,0,16,0,0,0,0
186.8961,3,0,2,0,0,0,0,-1,0,0.0000,-1,7,8,1,0,16,0,0,0,0
186.9155,3,0,2,0,0,0,0,-1,0,0.0000,-1,7,8,1,0,16,0,0,0,0
186.9369,3,0,2,0,0,0,0,-1,0,0.0000,-1,7,8,1,0,16,0,0,0,0
186.9572,3,0,2,0,0,0,0,-1,0,0.0000,-1,7,8,1,0,16,0,0,0,0
186.9758,3,0,2,0,0,0,0,-1,0,0.0000,-1,7,8,1,0,16,0,0,0,0
186.9966,3,0,2,0,0,0,0,-1,0,0.0000,-1,7,8,1,0,16,0,0,0,0
187.0159,3,0,2,0,0,0,0,-1,0,0.0000,-1,7,8,1,0,16,0,0,0,0
187.0365,3,0,2,0,0,0,0,-1,0,0.0000,-1,7,8,1,0,16,0,0,0,0
187.0564,3,0,2,0,0,0,0,-1,0,0.0000,-1,7,8,1,0,16,0,0,0,0
187.0761,3,0,2,0,0,0,0,-1,0,0.0000,-1,7,8,1,0,16,0,0,0,0
187.0963,3,0,2,0,0,0,0,-1,0,0.0000,-1,7,8,1,0,16,0,0,0,0
187.1185,3,0,2,0,0,0,0,-1,0,0.0000,-1,7,8,1,0,16,0,0,0,0
187.138,3,0,2,0,0,0,0,-1,0,0.0000,-1,7,8,1,0,16,0,0,0,0
187.1575,3,0,2,0,0,0,0,-1,0,0.0000,-1,7,8,1,0,16,0,0,0,0
187.1783,3,0,2,0,0,0,0,-1,0,0.0000,-1,7,8,1,0,16,0,0,0,0
187.1993,3,0,2,0,0,0,0,-1,0,0.0000,-1,7,8,1,0,16,0,0,0,0
187.2217,3,0,2,0,0,0,0,-1,0,0.0000,-1,7,8,1,0,16,0,0,0,0
187.2408,3,0,2,0,0,0,0,-1,0,0.0000,-1,7,8,1,0,16,0,0,0,0
187.2624,3,0,2,0,0,0,0,-1,0,0.0000,-1,7,8,1,0,16,0,0,0,0
187.2837,3,0,2,0,0,0,0,-1,0,0.0000,-1,7,8,1,0,16,0,0,0,0
187.3056,3,0,2,0,0,0,0,-1,0,0.0000,-1,7,8,1,0,16,0,0,0,0
187.3261,3,0,2,0,0,0,0,-1,0,0.0000,-1,7,8,1,0,16,0,0,0,0
187.3476,3,0,2,0,0,0,0,-1,0,0.0000,-1,7,8,1,0,16,0,0,0,0
187.3696,3,0,2,0,0,0,0,-1,0,0.0000,-1,7,8,1,0,16,0,0,0,0
187.3914,3,0,2,0,0,0,0,-1,0,0.0000,-1,7,8,1,0,16,0,0,0,0
187.4138,3,0,2,0,0,0,0,-1,0,0.0000,-1,7,8,1,0,16,0,0,0,0
187.4376,3,0,2,0,0,0,0,-1,0,0.0000,-1,7,8,1,0,16,0,0,0,0
187.4603,3,0,2,0,0,0,0,-1,0,0.0000,-1,7,8,1,0,16,0,0,0,0
187.4825,3,0,2,0,0,0,0,-1,0,0.0000,-1,7,8,1,0,16,0,0,0,0
187.5031,3,0,2,0,0,0,0,-1,0,0.0000,-1,7,8,1,0,16,0,0,0,0
187.5246,3,0,2,0,0,0,0,-1,0,0.0000,-1,7,8,1,0,16,0,0,0,0
187.5461,3,0,2,0,0,0,0,-1,0,0.0000,-1,7,8,1,0,16,0,0,0,0
187.569,3,0,2,0,0,0,0,-1,0,0.0000,-1,7,8,1,0,16,0,0,0,0
187.5902,3,0,2,0,0,0,0,-1,0,0.0000,-1,7,8,1,0,16,0,0,0,0
187.6124,3,0,2,0,0,0,0,-1,0,0.0000,-1,7,8,1,0,16,0,0,0,0
187.6341,3,0,2,0,0,0,0,-1,0,0.0000,-1,7,8,1,0,16,0,0,0,0
187.6563,3,0,2,0,0,0,0,-1,0,0.0000,-1,7,8,1,0,16,0,0,0,0
187.6783,3,0,2,0,0,0,0,-1,0,0.0000,-1,7,8,1,0,16,0,0,0,0
187.6998,3,0,2,0,0,0,0,-1,0,0.0000,-1,7,8,1,0,16,0,0,0,0
187.7219,3,0,2,0,0,0,0,-1,0,0.0000,-1,7,8,1,0,16,0,0,0,0
187.7446,3,0,2,0,0,0,0,-1,0,0.0000,-1,7,8,1,0,16,0,0,0,0
187.7675,3,0,2,0,0,0,0,-1,0,0.0000,-1,7,8,1,0,16,0,0,0,0
187.7885,3,0,2,0,0,0,0,-1,0,0.0000,-1,7,8,1,0,16,0,0,0,0
187.8108,3,0,2,0,0,0,0,-1,0,0.0000,-1,7,8,1,0,16,0,0,0,0
187.8327,3,0,2,0,0,0,0,-1,0,0.0000,-1,7,8,1,0,16,0,0,0,0
187.8548,3,0,2,0,0,0,0,-1,0,0.0000,-1,7,8,1,0,16,0,0,0,0
187.8768,3,0,2,0,0,0,0,-1,0,0.0000,-1,7,8,1,0,16,0,0,0,0
187.9001,3,0,2,0,0,0,0,-1,0,0.0000,-1,7,8,1,0,16,0,0,0,0
187.9218,3,0,2,0,0,0,0,-1,0,0.0000,-1,7,8,1,0,16,0,0,0,0
187.9446,3,0,2,0,0,0,0,-1,0,0.0000,-1,7,8,1,0,16,0,0,0,0
187.9668,3,0,2,0,0,0,0,-1,0,0.0000,-1,7,8,1,0,16,0,0,0,0
187.9896,3,0,2,0,0,0,0,-1,0,0.0000,-1,7,8,1,0,16,0,0,0,0
188.0124,3,0,2,0,0,0,0,-1,0,0.0000,-1,7,8,1,0,16,0,0,0,0
188.035,3,0,2,0,0,0,0,-1,0,0.0000,-1,7,8,1,0,16,0,0,0,0
188.0579,3,0,2,0,0,0,0,-1,0,0.0000,-1,7,8,1,0,16,0,0,0,0
188.0816,3,0,2,0,0,0,0,-1,0,0.0000,-1,7,8,1,0,16,0,0,0,0
188.1049,3,0,2,0,0,0,0,-1,0,0.0000,-1,7,8,1,0,16,0,0,0,0
188.1485,3,0,2,0,0,0,0,-1,0,0.0000,-1,7,8,1,0,16,0,0,0,0
188.1599,3,0,2,0,0,0,0,-1,0,0.0000,-1,7,8,1,0,16,0,0,0,0
188.1765,3,0,2,0,0,0,0,-1,0,0.0000,-1,7,8,1,0,16,0,0,0,0
188.2009,3,0,2,0,0,0,0,-1,0,0.0000,-1,7,8,1,0,16,0,0,0,0
188.2246,3,0,2,0,0,0,0,-1,0,0.0000,-1,7,8,1,0,16,0,0,0,0
188.2495,3,0,2,0,0,0,0,-1,0,0.0000,-1,7,8,1,0,16,0,0,0,0
188.2734,3,0,2,0,0,0,0,-1,0,0.0000,-1,7,8,1,0,16,0,0,0,0
188.297,3,0,2,0,0,0,0,-1,0,0.0000,-1,7,8,1,0,16,0,0,0,0
188.3208,3,0,2,0,0,0,0,-1,0,0.0000,-1,7,8,1,0,16,0,0,0,0
188.3442,3,0,2,0,0,0,0,-1,0,0.0000,-1,7,8,1,0,16,0,0,0,0
188.3685,3,0,2,0,0,0,0,-1,0,0.0000,-1,7,8,1,0,16,0,0,0,0
188.393,3,0,2,0,0,0,0,-1,0,0.0000,-1,7,8,1,0,16,0,0,0,0
188.4174,3,0,2,0,0,0,0,-1,0,0.0000,-1,7,8,1,0,16,0,0,0,0
188.4414,3,0,2,0,0,0,0,-1,0,0.0000,-1,7,8,1,0,16,0,0,0,0
188.4661,3,0,2,0,0,0,0,-1,0,0.0000,-1,7,8,1,0,16,0,0,0,0
188.4912,3,0,2,0,0,0,0,-1,0,0.0000,-1,7,8,1,0,16,0,0,0,0
188.5148,3,0,2,0,0,0,0,-1,0,0.0000,-1,7,8,1,0,16,0,0,0,0
188.5393,3,0,2,0,0,0,0,-1,0,0.0000,-1,7,8,1,0,16,0,0,0,0
188.5626,3,0,2,0,0,0,0,-1,0,0.0000,-1,7,8,1,0,16,0,0,0,0
188.5873,3,0,2,0,0,0,0,-1,0,0.0000,-1,7,8,1,0,16,0,0,0,0
188.6114,3,0,2,0,0,0,0,-1,0,0.0000,-1,7,8,1,0,16,0,0,0,0
188.6359,3,0,2,0,0,0,0,-1,0,0.0000,-1,7,8,1,0,16,0,0,0,0
188.6604,3,0,2,0,0,0,0,-1,0,0.0000,-1,7,8,1,0,16,0,0,0,0
188.6846,3,0,2,0,0,0,0,-1,0,0.0000,-1,7,8,1,0,16,0,0,0,0
188.7087,3,0,2,0,0,0,0,-1,0,0.0000,-1,7,8,1,0,16,0,0,0,0
188.7328,3,0,2,0,0,0,0,-1,0,0.0000,-1,7,8,1,0,16,0,0,0,0
188.758,3,0,2,0,0,0,0,-1,0,0.0000,-1,7,8,1,0,16,0,0,0,0
188.7815,3,0,2,0,0,0,0,-1,0,0.0000,-1,7,8,1,0,16,0,0,0,0
188.8058,3,0,2,0,0,0,0,-1,0,0.0000,-1,7,8,1,0,16,0,0,0,0
188.8304,3,0,2,0,0,0,0,-1,0,0.0000,-1,7,8,1,0,16,0,0,0,0
188.8546,3,0,2,0,0,0,0,-1,0,0.0000,-1,7,8,1,0,16,0,0,0,0
188.8792,3,0,2,0,0,0,0,-1,0,0.0000,-1,7,8,1,0,16,0,0,0,0
188.9034,3,0,2,0,0,0,0,-1,0,0.0000,-1,7,8,1,0,16,0,0,0,0
188.9284,3,0,2,0,0,0,0,-1,0,0.0000,-1,7,8,1,0,16,0,0,0,0
188.9519,3,0,2,0,0,0,0,-1,0,0.0000,-1,7,8,1,0,16,0,0,0,0
188.9764,3,0,2,0,0,0,0,-1,0,0.0000,-1,7,8,1,0,16,0,0,0,0
189.0011,3,0,2,0,0,0,0,-1,0,0.0000,-1,7,8,1,0,16,0,0,0,0
189.025,3,0,2,0,0,0,0,-1,0,0.0000,-1,7,8,1,0,16,0,0,0,0
189.0496,3,0,2,0,0,0,0,-1,0,0.0000,-1,7,8,1,0,16,0,0,0,0
189.0749,3,0,2,0,0,0,0,-1,0,0.0000,-1,7,8,1,0,16,0,0,0,0
189.0998,3,0,2,0,0,0,0,-1,0,0.0000,-1,7,8,1,0,16,0,0,0,0
189.1235,3,0,2,0,0,0,0,-1,0,0.0000,-1,7,8,1,0,16,0,0,0,0
189.1476,3,0,2,0,0,0,0,-1,0,0.0000,-1,7,8,1,0,16,0,0,0,0
189.1719,3,0,2,0,0,0,0,-1,0,0.0000,-1,7,8,1,0,16,0,0,0,0
189.196,3,0,2,0,0,0,0,-1,0,0.0000,-1,7,8,1,0,16,0,0,0,0
189.2201,3,0,2,0,0,0,0,-1,0,0.0000,-1,7,8,1,0,16,0,0,0,0
189.2434,3,0,2,0,0,0,0,-1,0,0.0000,-1,7,8,1,0,16,0,0,0,0
189.2676,3,0,2,0,0,0,0,-1,0,0.0000,-1,7,8,1,0,16,0,0,0,0
189.2908,3,0,2,0,0,0,0,-1,0,0.0000,-1,7,8,1,0,16,0,0,0,0
189.3154,3,0,2,0,0,0,0,-1,0,0.0000,-1,7,8,1,0,16,0,0,0,0
189.3398,3,0,2,0,0,0,0,-1,0,0.0000,-1,7,8,1,0,16,0,0,0,0
189.3632,3,0,2,0,0,0,0,-1,0,0.0000,-1,7,8,1,0,16,0,0,0,0
189.3867,3,0,2,0,0,0,0,-1,0,0.0000,-1,7,8,1,0,16,0,0,0,0
189.4105,3,0,2,0,0,0,0,-1,0,0.0000,-1,7,8,1,0,16,0,0,0,0
189.4547,3,0,2,0,0,0,0,-1,0,0.0000,-1,7,8,1,0,16,0,0,0,0
189.4651,3,0,2,0,0,0,0,-1,0,0.0000,-1,7,8,1,0,16,0,0,0,0
189.4856,3,0,2,0,0,0,0,-1,0,0.0000,-1,7,8,1,0,16,0,0,0,0
189.5087,3,0,2,0,0,0,0,-1,0,0.0000,-1,7,8,1,0,16,0,0,0,0
189.5327,3,0,2,0,0,0,0,-1,0,0.0000,-1,7,8,1,0,16,0,0,0,0
189.5564,3,0,2,0,0,0,0,-1,0,0.0000,-1,7,8,1,0,16,0,0,0,0
189.5809,3,0,2,0,0,0,0,-1,0,0.0000,-1,7,8,1,0,16,0,0,0,0
189.6051,3,0,2,0,0,0,0,-1,0,0.0000,-1,7,8,1,0,16,0,0,0,0
189.6291,3,0,2,0,0,0,0,-1,0,0.0000,-1,7,8,1,0,16,0,0,0,0
189.6537,3,0,2,0,0,0,0,-1,0,0.0000,-1,7,8,1,0,16,0,0,0,0
189.6781,3,0,2,0,0,0,0,-1,0,0.0000,-1,7,8,1,0,16,0,0,0,0
189.7019,3,0,2,0,0,0,0,-1,0,0.0000,-1,7,8,1,0,16,0,0,0,0
189.7286,3,0,2,0,0,0,0,-1,0,0.0000,-1,7,8,1,0,16,0,0,0,0
189.7554,3,0,2,0,0,0,0,-1,0,0.0000,-1,7,8,1,0,16,0,0,0,0
189.7783,3,0,2,0,0,0,0,-1,0,0.0000,-1,7,8,1,0,16,0,0,0,0
189.804,3,0,2,0,0,0,0,-1,0,0.0000,-1,7,8,1,0,16,0,0,0,0
189.8271,3,0,2,0,0,0,0,-1,0,0.0000,-1,7,8,1,0,16,0,0,0,0
189.8522,3,0,2,0,0,0,0,-1,0,0.0000,-1,7,8,1,0,16,0,0,0,0
189.8958,3,0,2,0,0,0,0,-1,0,0.0000,-1,7,8,1,0,16,0,0,0,0
189.9075,3,0,2,0,0,0,0,-1,0,0.0000,-1,7,8,1,0,16,0,0,0,0
189.9259,3,0,2,0,0,0,0,-1,0,0.0000,-1,7,8,1,0,16,0,0,0,0
189.95,3,0,2,0,0,0,0,-1,0,0.0000,-1,7,8,1,0,16,0,0,0,0
189.9734,3,0,2,0,0,0,0,-1,0,0.0000,-1,7,8,1,0,16,0,0,0,0
189.9972,3,0,2,0,0,0,0,-1,0,0.0000,-1,7,8,1,0,16,0,0,0,0
190.022,3,0,2,0,0,0,0,-1,0,0.0000,-1,7,8,1,0,16,0,0,0,0
190.0456,3,0,2,0,0,0,0,-1,0,0.0000,-1,7,8,1,0,16,0,0,0,0
190.0697,3,0,2,0,0,0,0,-1,0,0.0000,-1,7,8,1,0,16,0,0,0,0
190.0939,3,0,2,0,0,0,0,-1,0,0.0000,-1,7,8,1,0,16,0,0,0,0
190.1171,3,0,2,0,0,0,0,-1,0,0.0000,-1,7,8,1,0,16,0,0,0,0
190.1413,3,0,2,0,0,0,0,-1,0,0.0000,-1,7,8,1,0,16,0,0,0,0
190.165,3,0,2,0,0,0,0,-1,0,0.0000,-1,7,8,1,0,16,0,0,0,0
190.1889,3,0,2,0,0,0,0,-1,0,0.0000,-1,7,8,1,0,16,0,0,0,0
190.2127,3,0,2,0,0,0,0,-1,0,0.0000,-1,7,8,1,0,16,0,0,0,0
190.2369,3,0,2,0,0,0,0,-1,0,0.0000,-1,7,8,1,0,16,0,0,0,0
190.2615,3,0,2,0,0,0,0,-1,0,0.0000,-1,7,8,1,0,16,0,0,0,0
190.2851,3,0,2,0,0,0,0,-1,0,0.0000,-1,7,8,1,0,16,0,0,0,0
190.3089,3,0,2,0,0,0,0,-1,0,0.0000,-1,7,8,1,0,16,0,0,0,0
190.3323,3,0,2,0,0,0,0,-1,0,0.0000,-1,7,8,1,0,16,0,0,0,0
190.3558,3,0,2,0,0,0,0,-1,0,0.0000,-1,7,8,1,0,16,0,0,0,0
190.3803,3,0,2,0,0,0,0,-1,0,0.0000,-1,7,8,1,0,16,0,0,0,0
190.4044,3,0,2,0,0,0,0,-1,0,0.0000,-1,7,8,1,0,16,0,0,0,0
190.4289,3,0,2,0,0,0,0,-1,0,0.0000,-1,7,8,1,0,16,0,0,0,0
190.4526,3,0,2,0,0,0,0,-1,0,0.0000,-1,7,8,1,0,16,0,0,0,0
190.4763,3,0,2,0,0,0,0,-1,0,0.0000,-1,7,8,1,0,16,0,0,0,0
190.5012,3,0,2,0,0,0,0,-1,0,0.0000,-1,7,8,1,0,16,0,0,0,0
190.5246,3,0,2,0,0,0,0,-1,0,0.0000,-1,7,8,1,0,16,0,0,0,0
190.5489,3,0,2,0,0,0,0,-1,0,0.0000,-1,7,8,1,0,16,0,0,0,0
190.5737,3,0,2,0,0,0,0,-1,0,0.0000,-1,7,8,1,0,16,0,0,0,0
190.5973,3,0,2,0,0,0,0,-1,0,0.0000,-1,7,8,1,0,16,0,0,0,0
190.6216,3,0,2,0,0,0,0,-1,1,1.0000,-1,7,8,1,0,16,0,0,0,0
190.6452,3,0,2,0,0,0,0,-1,0,1.0000,-1,7,8,1,0,16,0,0,0,0
190.6696,3,0,2,0,0,0,0,-1,0,1.0000,-1,7,8,1,0,16,0,0,0,0
190.6929,3,0,2,0,0,0,0,-1,0,1.0000,-1,7,8,1,0,16,0,0,0,0
190.718,3,0,2,0,0,0,0,-1,0,1.0000,-1,7,8,1,0,16,0,0,0,0
190.7415,3,0,2,0,0,0,0,-1,0,1.0000,-1,7,8,1,0,16,0,0,0,0
190.766,3,0,2,0,0,0,0,-1,1,2.0000,-1,7,8,1,0,16,0,0,0,0
190.7891,3,0,2,0,0,0,0,-1,1,3.0000,-1,7,8,1,0,16,0,0,0,0
190.8137,3,0,2,0,0,0,0,-1,0,3.0000,-1,7,8,1,0,16,0,0,0,0
190.8375,3,0,2,0,0,0,0,-1,0,3.0000,-1,7,8,1,0,16,0,0,0,0
190.8615,3,0,2,0,0,0,0,-1,0,3.0000,-1,7,8,1,0,16,0,0,0,0
190.8861,3,0,2,0,0,0,0,-1,0,3.0000,-1,7,8,1,0,16,0,0,0,0
190.9098,3,0,2,0,0,0,0,-1,0,3.0000,-1,7,8,1,0,16,0,0,0,0
190.9336,3,0,2,0,0,0,0,-1,1,4.0000,-1,7,8,1,0,16,0,0,0,0
190.9782,3,0,2,0,0,0,0,-1,0,4.0000,-1,7,8,1,0,16,0,0,0,0
190.9893,3,0,2,0,0,0,0,-1,0,4.0000,-1,7,8,1,0,16,0,0,0,0
191.0071,3,0,2,0,0,0,0,-1,0,4.0000,-1,7,8,1,0,16,0,0,0,0
191.0319,3,0,2,0,0,0,0,-1,0,4.0000,-1,7,8,1,0,16,0,0,0,0
191.0549,3,0,2,0,0,0,0,-1,0,4.0000,-1,7,8,1,0,16,0,0,0,0
191.0793,3,0,2,0,0,0,0,-1,0,4.0000,-1,7,8,1,0,16,0,0,0,0
191.1037,3,0,2,0,0,0,0,-1,0,4.0000,-1,7,8,1,0,16,0,0,0,0
191.1275,3,0,2,0,0,0,0,-1,0,4.0000,-1,7,8,1,0,16,0,0,0,0
191.1516,3,0,2,0,0,0,0,-1,0,4.0000,-1,7,8,1,0,16,0,0,0,0
191.1751,3,0,2,0,0,0,0,-1,0,4.0000,-1,7,8,1,0,16,0,0,0,0
191.1988,3,0,2,0,0,0,0,-1,0,4.0000,-1,7,8,1,0,16,0,0,0,0
191.2228,3,0,2,0,0,0,0,-1,0,4.0000,-1,7,8,1,0,16,0,0,0,0
191.2475,3,0,2,0,0,0,0,-1,0,4.0000,-1,7,8,1,0,16,0,0,0,0
191.2711,3,0,2,0,0,0,0,-1,0,4.0000,-1,7,8,1,0,16,0,0,0,0
191.2965,3,0,2,0,0,0,0,-1,0,4.0000,-1,7,8,1,0,16,0,0,0,0
191.3206,3,0,2,0,0,0,0,-1,0,4.0000,-1,7,8,1,0,16,0,0,0,0
191.3439,3,0,2,0,0,0,0,-1,0,4.0000,-1,7,8,1,0,16,0,0,0,0
191.3681,3,0,2,0,0,0,0,-1,1,5.0000,-1,7,8,1,0,16,0,0,0,0
191.3926,3,0,2,0,0,0,0,-1,0,5.0000,-1,7,8,1,0,16,0,0,0,0
191.4164,3,0,2,0,0,0,0,-1,0,5.0000,-1,7,8,1,0,16,0,0,0,0
191.4404,3,0,2,0,0,0,0,-1,0,5.0000,-1,7,8,1,0,16,0,0,0,0
191.464,3,0,2,0,0,0,0,-1,0,5.0000,-1,7,8,1,0,16,0,0,0,0
191.4886,3,0,2,0,0,0,0,-1,0,5.0000,-1,7,8,1,0,16,0,0,0,0
191.5137,3,0,2,0,0,0,0,-1,0,5.0000,-1,7,8,1,0,16,0,0,0,0
191.5373,3,0,2,0,0,0,0,-1,0,5.0000,-1,7,8,1,0,16,0,0,0,0
191.5611,3,0,2,0,0,0,0,-1,0,5.0000,-1,7,8,1,0,16,0,0,0,0
191.585,3,0,2,0,0,0,0,-1,0,5.0000,-1,7,8,1,0,16,0,0,0,0
191.6084,3,0,2,0,0,0,0,-1,0,5.0000,-1,7,8,1,0,16,0,0,0,0
191.6321,3,0,2,0,0,0,0,-1,0,4.0000,-1,7,8,1,0,16,0,0,0,0
191.6558,3,0,2,0,0,0,0,-1,0,4.0000,-1,7,8,1,0,16,0,0,0,0
191.6806,3,0,2,0,0,0,0,-1,0,4.0000,-1,7,8,1,0,16,0,0,0,0
191.7041,3,0,2,0,0,0,0,-1,0,4.0000,-1,7,8,1,0,16,0,0,0,0
191.7286,3,0,2,0,0,0,0,-1,0,4.0000,-1,7,8,1,0,16,0,0,0,0
191.7517,3,0,2,0,0,0,0,-1,0,4.0000,-1,7,8,1,0,16,0,0,0,0
191.7758,3,0,2,0,0,0,0,-1,0,3.0000,-1,7,8,1,0,16,0,0,0,0
191.8,3,0,2,0,0,0,0,-1,0,2.0000,-1,7,8,1,0,16,0,0,0,0
191.8241,3,0,2,0,0,0,0,-1,0,2.0000,-1,7,8,1,0,16,0,0,0,0
191.8481,3,0,2,0,0,0,0,-1,0,2.0000,-1,7,8,1,0,16,0,0,0,0
191.872,3,0,2,0,0,0,0,-1,0,2.0000,-1,7,8,1,0,16,0,0,0,0
191.8956,3,0,2,0,0,0,0,-1,0,2.0000,-1,7,8,1,0,16,0,0,0,0
191.9201,3,0,2,0,0,0,0,-1,0,2.0000,-1,7,8,1,0,16,0,0,0,0
191.9436,3,0,2,0,0,0,0,-1,0,1.0000,-1,7,8,1,0,16,0,0,0,0
191.9674,3,0,2,0,0,0,0,-1,0,1.0000,-1,7,8,1,0,16,0,0,0,0
191.9914,3,0,2,0,0,0,0,-1,0,1.0000,-1,7,8,1,0,16,0,0,0,0
192.0153,3,0,2,0,0,0,0,-1,0,1.0000,-1,7,8,1,0,16,0,0,0,0
192.0403,3,0,2,0,0,0,0,-1,0,1.0000,-1,7,8,1,0,16,0,0,0,0
192.063,3,0,2,0,0,0,0,-1,0,1.0000,-1,7,8,1,0,16,0,0,0,0
192.0871,3,0,2,0,0,0,0,-1,0,1.0000,-1,7,8,1,0,16,0,0,0,0
192.111,3,0,2,0,0,0,0,-1,0,1.0000,-1,7,8,1,0,16,0,0,0,0
192.1348,3,0,2,0,0,0,0,-1,0,1.0000,-1,7,8,1,0,16,0,0,0,0
192.1595,3,0,2,0,0,0,0,-1,0,1.0000,-1,7,8,1,0,16,0,0,0,0
192.1832,3,0,2,0,0,0,0,-1,0,1.0000,-1,7,8,1,0,16,0,0,0,0
192.2073,3,0,2,0,0,0,0,-1,0,1.0000,-1,7,8,1,0,16,0,0,0,0
192.2303,3,0,2,0,0,0,0,-1,0,1.0000,-1,7,8,1,0,16,0,0,0,0
192.2549,3,0,2,0,0,0,0,-1,0,1.0000,-1,7,8,1,0,16,0,0,0,0
192.2785,3,0,2,0,0,0,0,-1,0,1.0000,-1,7,8,1,0,16,0,0,0,0
192.3028,3,0,2,0,0,0,0,-1,0,1.0000,-1,7,8,1,0,16,0,0,0,0
192.3264,3,0,2,0,0,0,0,-1,0,1.0000,-1,7,8,1,0,16,0,0,0,0
192.3508,3,0,2,0,0,0,0,-1,0,1.0000,-1,7,8,1,0,16,0,0,0,0
192.3742,3,0,2,0,0,0,0,-1,0,0.0000,-1,7,8,1,0,16,0,0,0,0
192.3984,3,0,2,0,0,0,0,-1,0,0.0000,-1,7,8,1,0,16,0,0,0,0
192.4223,3,0,2,0,0,0,0,-1,0,0.0000,-1,7,8,1,0,16,0,0,0,0
192.446,3,0,2,0,0,0,0,-1,0,0.0000,-1,7,8,1,0,16,0,0,0,0
192.4932,3,0,2,0,0,0,0,-1,0,0.0000,-1,7,8,1,0,16,0,0,0,0
192.5053,3,0,2,0,0,0,0,-1,0,0.0000,-1,7,8,1,0,16,0,0,0,0
192.5219,3,0,2,0,0,0,0,-1,0,0.0000,-1,7,8,1,0,16,0,0,0,0
192.5464,3,0,2,0,0,0,0,-1,0,0.0000,-1,7,8,1,0,16,0,0,0,0
192.571,3,0,2,0,0,0,0,-1,0,0.0000,-1,7,8,1,0,16,0,0,0,0
192.5953,3,0,2,0,0,0,0,-1,1,1.0000,-1,7,8,1,0,16,0,0,0,0
192.6184,3,0,2,0,0,0,0,-1,0,1.0000,-1,7,8,1,0,16,0,0,0,0
192.6423,3,0,2,0,0,0,0,-1,0,1.0000,-1,7,8,1,0,16,0,0,0,0
192.6653,3,0,2,0,0,0,0,-1,0,1.0000,-1,7,8,1,0,16,0,0,0,0
192.69,3,0,2,0,0,0,0,-1,0,1.0000,-1,7,8,1,0,16,0,0,0,0
192.7134,3,0,2,0,0,0,0,-1,0,1.0000,-1,7,8,1,0,16,0,0,0,0
192.7374,3,0,2,0,0,0,0,-1,0,1.0000,-1,7,8,1,0,16,0,0,0,0
192.7617,3,0,2,0,0,0,0,-1,0,1.0000,-1,7,8,1,0,16,0,0,0,0
192.7858,3,0,2,0,0,0,0,-1,0,1.0000,-1,7,8,1,0,16,0,0,0,0
192.8094,3,0,2,0,0,0,0,-1,0,1.0000,-1,7,8,1,0,16,0,0,0,0
192.8337,3,0,2,0,0,0,0,-1,0,1.0000,-1,7,8,1,0,16,0,0,0,0
192.8582,3,0,2,0,0,0,0,-1,0,1.0000,-1,7,8,1,0,16,0,0,0,0
192.882,3,0,2,0,0,0,0,-1,0,1.0000,-1,7,8,1,0,16,0,0,0,0
192.9065,3,0,2,0,0,0,0,-1,0,1.0000,-1,7,8,1,0,16,0,0,0,0
192.9305,3,0,2,0,0,0,0,-1,0,1.0000,-1,7,8,1,0,16,0,0,0,0
192.9546,3,0,2,0,0,0,0,-1,0,1.0000,-1,7,8,1,0,16,0,0,0,0
192.9777,3,0,2,0,0,0,0,-1,0,1.0000,-1,7,8,1,0,16,0,0,0,0
193.0021,3,0,2,0,0,0,0,-1,0,1.0000,-1,7,8,1,0,16,0,0,0,0
193.0262,3,0,2,0,0,0,0,-1,0,1.0000,-1,7,8,1,0,16,0,0,0,0
193.0515,3,0,2,0,0,0,0,-1,0,1.0000,-1,7,8,1,0,16,0,0,0,0
193.0747,3,0,2,0,0,0,0,-1,0,1.0000,-1,7,8,1,0,16,0,0,0,0
193.0993,3,0,2,0,0,0,0,-1,0,1.0000,-1,7,8,1,0,16,0,0,0,0
193.1447,3,0,2,0,0,0,0,-1,0,1.0000,-1,7,8,1,0,16,0,0,0,0
193.1556,3,0,2,0,0,0,0,-1,0,1.0000,-1,7,8,1,0,16,0,0,0,0
193.1732,3,0,2,0,0,0,0,-1,0,1.0000,-1,7,8,1,0,16,0,0,0,0
193.197,3,0,2,0,0,0,0,-1,0,1.0000,-1,7,8,1,0,16,0,0,0,0
193.2235,3,0,2,0,0,0,0,-1,0,1.0000,-1,7,8,1,0,16,0,0,0,0
193.2468,3,0,2,0,0,0,0,-1,0,1.0000,-1,7,8,1,0,16,0,0,0,0
193.271,3,0,2,0,0,0,0,-1,0,1.0000,-1,7,8,1,0,16,0,0,0,0
193.2951,3,0,2,0,0,0,0,-1,0,1.0000,-1,7,8,1,0,16,0,0,0,0
193.3201,3,0,2,0,0,0,0,-1,0,1.0000,-1,7,8,1,0,16,0,0,0,0
193.3443,3,0,2,0,0,0,0,-1,0,1.0000,-1,7,8,1,0,16,0,0,0,0
193.3696,3,0,2,0,0,0,0,-1,0,1.0000,-1,7,8,1,0,16,0,0,0,0
193.3942,3,0,2,0,0,0,0,-1,0,1.0000,-1,7,8,1,0,16,0,0,0,0
193.4191,3,0,2,0,0,0,0,-1,0,1.0000,-1,7,8,1,0,16,0,0,0,0
193.4451,3,0,2,0,0,0,0,-1,0,1.0000,-1,7,8,1,0,16,0,0,0,0
193.4698,3,0,2,0,0,0,0,-1,0,1.0000,-1,7,8,1,0,16,0,0,0,0
193.4932,3,0,2,0,0,0,0,-1,0,1.0000,-1,7,8,1,0,16,0,0,0,0
193.5187,3,0,2,0,0,0,0,-1,0,1.0000,-1,7,8,1,0,16,0,0,0,0
193.5428,3,0,2,0,0,0,0,-1,1,2.0000,-1,7,8,1,0,16,0,0,0,0
193.5679,3,0,2,0,0,0,0,-1,0,2.0000,-1,7,8,1,0,16,0,0,0,0
193.5919,3,0,2,0,0,0,0,-1,0,2.0000,-1,7,8,1,0,16,0,0,0,0
193.6172,3,0,2,0,0,0,0,-1,0,1.0000,-1,7,8,1,0,16,0,0,0,0
193.6419,3,0,2,0,0,0,0,-1,0,1.0000,-1,7,8,1,0,16,0,0,0,0
193.6662,3,0,2,0,0,0,0,-1,0,1.0000,-1,7,8,1,0,16,0,0,0,0
193.6908,3,0,2,0,0,0,0,-1,0,1.0000,-1,7,8,1,0,16,0,0,0,0
193.7148,3,0,2,0,0,0,0,-1,0,1.0000,-1,7,8,1,0,16,0,0,0,0
193.7391,3,0,2,0,0,0,0,-1,0,1.0000,-1,7,8,1,0,16,0,0,0,0
193.7639,3,0,2,0,0,0,0,-1,0,1.0000,-1,7,8,1,0,16,0,0,0,0
193.7888,3,0,2,0,0,0,0,-1,0,1.0000,-1,7,8,1,0,16,0,0,0,0
193.8128,3,0,2,0,0,0,0,-1,0,1.0000,-1,7,8,1,0,16,0,0,0,0
193.8377,3,0,2,0,0,0,0,-1,0,1.0000,-1,7,8,1,0,16,0,0,0,0
193.8612,3,0,2,0,0,0,0,-1,0,1.0000,-1,7,8,1,0,16,0,0,0,0
193.8863,3,0,2,0,0,0,1,48,0,1.0000,-1,7,8,1,0,16,0,0,0,0
193.9111,3,0,2,0,0,0,1,48,0,1.0000,-1,7,8,1,0,16,0,0,0,0
193.9357,3,0,2,0,0,0,1,48,0,1.0000,-1,7,8,1,0,16,0,0,0,0
193.9612,3,0,2,0,0,0,1,48,0,1.0000,-1,7,8,1,0,16,0,0,0,0
193.9864,3,0,2,0,0,0,1,48,0,1.0000,-1,7,8,1,0,16,0,0,0,0
194.0313,3,0,2,0,0,0,1,48,0,1.0000,-1,7,8,1,0,16,0,0,0,0
194.0468,3,0,2,0,0,0,1,48,0,1.0000,-1,7,8,1,0,16,0,0,0,0
194.0623,3,0,2,0,0,0,1,48,0,1.0000,-1,7,8,1,0,16,0,0,0,0
194.0874,3,0,2,0,0,0,1,48,0,1.0000,-1,7,8,1,0,16,0,0,0,0
194.1122,3,0,2,0,0,0,1,48,0,1.0000,-1,7,8,1,0,16,0,0,0,0
194.1379,3,0,2,0,0,0,1,48,0,1.0000,-1,7,8,1,0,16,0,0,0,0
194.1618,3,0,2,0,0,0,1,48,0,1.0000,-1,7,8,1,0,16,0,0,0,0
194.1875,3,0,2,0,0,0,1,48,0,1.0000,-1,7,8,1,0,16,0,0,0,0
194.2343,3,0,2,0,0,0,1,48,0,1.0000,-1,7,8,1,0,16,0,0,0,0
194.2467,3,0,2,0,0,0,1,48,0,1.0000,-1,7,8,1,0,16,0,0,0,0
194.2652,3,0,2,0,0,0,1,48,0,1.0000,-1,7,8,1,0,16,0,0,0,0
194.2908,3,0,2,0,0,0,1,48,0,1.0000,-1,7,8,1,0,16,0,0,0,0
194.3161,3,0,2,0,0,0,1,48,1,2.0000,-1,7,8,1,0,16,0,0,0,0
194.3415,3,0,2,0,0,0,1,48,0,2.0000,-1,7,8,1,0,16,0,0,0,0
194.3668,3,0,2,0,0,0,1,48,0,2.0000,-1,7,8,1,0,16,0,0,0,0
194.3944,3,0,2,0,0,0,1,48,0,2.0000,-1,7,8,1,0,16,0,0,0,0
194.439,3,0,2,0,0,0,1,48,0,2.0000,-1,7,8,1,0,16,0,0,0,0
194.4516,3,0,2,0,0,0,1,48,0,2.0000,-1,7,8,1,0,16,0,0,0,0
194.4695,3,0,2,0,0,0,1,48,0,2.0000,-1,7,8,1,0,16,0,0,0,0
194.4942,3,0,2,0,0,0,1,48,0,2.0000,-1,7,8,1,0,16,0,0,0,0
194.5196,3,0,2,0,0,0,1,48,0,2.0000,-1,7,8,1,0,16,0,0,0,0
194.5434,3,0,2,0,0,0,1,48,0,1.0000,-1,7,8,1,0,16,0,0,0,0
194.5688,3,0,2,0,0,0,1,48,0,1.0000,-1,7,8,1,0,16,0,0,0,0
194.5934,3,0,2,0,0,0,1,48,0,1.0000,-1,7,8,1,0,16,0,0,0,0
194.6189,3,0,2,0,0,0,1,48,0,1.0000,-1,7,8,1,0,16,0,0,0,0
194.6437,3,0,2,0,0,0,1,48,0,1.0000,-1,7,8,1,0,16,0,0,0,0
194.6685,3,0,2,0,0,0,1,48,0,1.0000,-1,7,8,1,0,16,0,0,0,0
194.6929,3,0,2,0,0,0,1,48,0,1.0000,-1,7,8,1,0,16,0,0,0,0
194.7189,3,0,2,0,0,0,1,48,0,1.0000,-1,7,8,1,0,16,0,0,0,0
194.7438,3,0,2,0,0,0,1,48,0,1.0000,-1,7,8,1,0,16,0,0,0,0
194.7695,3,0,2,0,0,0,1,48,0,1.0000,-1,7,8,1,0,16,0,0,0,0
194.7942,3,0,2,0,0,0,1,48,0,1.0000,-1,7,8,1,0,16,0,0,0,0
194.8203,3,0,2,0,0,0,1,48,0,1.0000,-1,7,8,1,0,16,0,0,0,0
194.8657,3,0,2,0,0,0,1,48,0,1.0000,-1,7,8,1,0,16,0,0,0,0
194.8797,3,0,2,0,0,0,1,48,1,2.0000,-1,7,8,1,0,16,0,0,0,0
194.8972,3,0,2,0,0,0,1,48,0,2.0000,-1,7,8,1,0,16,0,0,0,0
194.9264,3,0,2,0,0,0,0,-1,0,2.0000,-1,7,8,1,0,16,0,0,0,0
194.9516,3,0,2,0,0,0,0,-1,0,2.0000,48,7,8,2,0,17,0,0,0,0
194.9774,3,0,2,0,0,0,0,-1,0,2.0000,-1,7,8,2,0,17,0,0,0,0
195.004,3,0,2,0,0,0,0,-1,0,2.0000,-1,7,8,2,0,17,0,0,0,0
195.0281,3,0,2,0,0,0,0,-1,0,2.0000,-1,7,8,2,0,17,0,0,0,0
195.0779,3,0,2,0,0,0,0,-1,0,2.0000,-1,7,8,2,0,17,0,0,0,0
195.0969,3,0,2,0,0,0,0,-1,0,2.0000,-1,7,8,2,0,17,0,0,0,0
195.1145,3,0,2,0,0,0,0,-1,0,2.0000,-1,7,8,2,0,17,0,0,0,0
195.134,3,0,2,0,0,0,0,-1,0,2.0000,-1,7,8,2,0,17,0,0,0,0
195.1608,3,0,2,0,0,0,0,-1,0,2.0000,-1,7,8,2,0,17,0,0,0,0
195.1882,3,0,2,0,0,0,0,-1,0,2.0000,-1,7,8,2,0,17,0,0,0,0
195.2114,3,0,2,0,0,0,0,-1,0,2.0000,-1,7,8,2,0,17,0,0,0,0
195.2346,3,0,2,0,0,0,0,-1,0,2.0000,-1,7,8,2,0,17,0,0,0,0
195.2797,3,0,2,0,0,0,0,-1,0,2.0000,-1,7,8,2,0,17,0,0,0,0
195.2957,3,0,2,0,0,0,0,-1,0,2.0000,-1,7,8,2,0,17,0,0,0,0
195.3131,3,0,2,0,0,0,0,-1,0,2.0000,-1,7,8,2,0,17,0,0,0,0
195.3366,3,0,2,0,0,0,0,-1,0,1.0000,-1,7,8,2,0,17,0,0,0,0
195.3613,3,0,2,0,0,0,0,-1,0,1.0000,-1,7,8,2,0,17,0,0,0,0
195.3869,3,0,2,0,0,0,0,-1,0,1.0000,-1,7,8,2,0,17,0,0,0,0
195.4106,3,0,2,0,0,0,0,-1,0,1.0000,-1,7,8,2,0,17,0,0,0,0
195.4385,3,0,2,0,0,0,0,-1,0,1.0000,-1,7,8,2,0,17,0,0,0,0
195.4628,3,0,2,0,0,0,0,-1,0,1.0000,-1,7,8,2,0,17,0,0,0,0
195.4865,3,0,2,0,0,0,0,-1,0,1.0000,-1,7,8,2,0,17,0,0,0,0
195.5076,3,0,2,0,0,0,0,-1,0,1.0000,-1,7,8,2,0,17,0,0,0,0
195.5337,3,0,2,0,0,0,0,-1,0,1.0000,-1,7,8,2,0,17,0,0,0,0
195.5578,3,0,2,0,0,0,0,-1,0,1.0000,-1,7,8,2,0,17,0,0,0,0
195.6074,3,0,2,0,0,0,0,-1,0,1.0000,-1,7,8,2,0,17,0,0,0,0
195.6254,3,0,2,0,0,0,0,-1,0,1.0000,-1,7,8,2,0,17,0,0,0,0
195.6401,3,0,2,0,0,0,0,-1,0,1.0000,-1,7,8,2,0,17,0,0,0,0
195.6567,3,0,2,0,0,0,0,-1,1,2.0000,-1,7,8,2,0,17,0,0,0,0
195.6819,3,0,2,0,0,0,0,-1,0,2.0000,-1,7,8,2,0,17,0,0,0,0
195.7064,3,0,2,0,0,0,0,-1,0,2.0000,-1,7,8,2,0,17,0,0,0,0
195.7318,3,0,2,0,0,0,0,-1,0,2.0000,-1,7,8,2,0,17,0,0,0,0
195.756,3,0,2,0,0,0,0,-1,0,2.0000,-1,7,8,2,0,17,0,0,0,0
195.781,3,0,2,0,0,0,0,-1,0,2.0000,-1,7,8,2,0,17,0,0,0,0
195.8069,3,0,2,0,0,0,0,-1,0,2.0000,-1,7,8,2,0,17,0,0,0,0
195.832,3,0,2,0,0,0,0,-1,0,2.0000,-1,7,8,2,0,17,0,0,0,0
195.8581,3,0,2,0,0,0,0,-1,0,2.0000,-1,7,8,2,0,17,0,0,0,0
195.8821,3,0,2,0,0,0,0,-1,0,1.0000,-1,7,8,2,0,17,0,0,0,0
195.9068,3,0,2,0,0,0,0,-1,0,1.0000,-1,7,8,2,0,17,0,0,0,0
195.9336,3,0,2,0,0,0,0,-1,0,1.0000,-1,7,8,2,0,17,0,0,0,0
195.9586,3,0,2,0,0,0,0,-1,0,1.0000,-1,7,8,2,0,17,0,0,0,0
195.9826,3,0,2,0,0,0,0,-1,0,1.0000,-1,7,8,2,0,17,0,0,0,0
196.0085,3,0,2,0,0,0,0,-1,0,1.0000,-1,7,8,2,0,17,0,0,0,0
196.0333,3,0,2,0,0,0,0,-1,0,1.0000,-1,7,8,2,0,17,0,0,0,0
196.0574,3,0,2,0,0,0,0,-1,0,1.0000,-1,7,8,2,0,17,0,0,0,0
196.0799,3,0,2,0,0,0,0,-1,0,1.0000,-1,7,8,2,0,17,0,0,0,0
196.1044,3,0,2,0,0,0,0,-1,0,1.0000,-1,7,8,2,0,17,0,0,0,0
196.1287,3,0,2,0,0,0,0,-1,0,1.0000,-1,7,8,2,0,17,0,0,0,0
196.1534,3,0,2,0,0,0,0,-1,0,1.0000,-1,7,8,2,0,17,0,0,0,0
196.1783,3,0,2,0,0,0,0,-1,0,1.0000,-1,7,8,2,0,17,0,0,0,0
196.2027,3,0,2,1,0,0,0,-1,0,1.0000,-1,7,8,2,0,17,0,0,0,0
196.2278,3,0,2,1,0,0,0,-1,1,2.0000,-1,7,8,2,0,17,0,0,0,0
196.2527,3,0,2,1,0,0,0,-1,0,2.0000,-1,7,8,2,0,17,0,0,0,0
196.2792,3,0,2,1,0,0,0,-1,0,2.0000,-1,7,8,2,0,17,0,0,0,0
196.3032,3,0,2,1,0,0,0,-1,0,2.0000,-1,7,8,2,0,17,0,0,0,0
196.3502,3,0,2,1,0,0,1,47,0,2.0000,-1,7,8,2,0,17,0,0,0,0
196.3642,3,0,2,1,0,0,1,47,0,2.0000,-1,7,8,2,0,17,0,0,0,0
196.3807,3,0,2,1,0,0,0,-1,0,2.0000,-1,7,8,2,0,17,0,0,0,0
196.406,3,0,2,1,0,0,0,-1,0,2.0000,-1,7,8,2,0,17,0,0,0,0
196.4346,3,0,2,1,0,0,0,-1,0,2.0000,-1,7,8,2,0,17,0,0,0,0
196.4603,3,0,2,1,0,0,0,-1,0,2.0000,-1,7,8,2,0,17,0,0,0,0
196.4837,3,0,2,1,0,0,0,-1,0,2.0000,-1,7,8,2,0,17,0,0,0,0
196.508,3,0,2,1,0,0,0,-1,0,2.0000,-1,7,8,2,0,17,0,0,0,0
196.5322,3,0,2,1,0,0,0,-1,0,2.0000,-1,7,8,2,0,17,0,0,0,0
196.5574,3,0,2,1,0,0,0,-1,0,2.0000,-1,7,8,2,0,17,0,0,0,0
196.5825,3,0,2,1,0,0,0,-1,1,3.0000,-1,7,8,2,0,17,0,0,0,0
196.6084,3,0,2,1,0,0,0,-1,0,3.0000,-1,7,8,2,0,17,0,0,0,0
196.6347,3,0,2,1,0,0,0,-1,0,3.0000,-1,7,8,2,0,17,0,0,0,0
196.6587,3,0,2,1,0,0,0,-1,0,2.0000,-1,7,8,2,0,17,0,0,0,0
196.6833,3,0,2,1,0,0,0,-1,0,2.0000,-1,7,8,2,0,17,0,0,0,0
196.7088,3,0,2,1,0,0,0,-1,0,2.0000,-1,7,8,2,0,17,0,0,0,0
196.7329,3,0,2,1,0,0,0,-1,0,2.0000,-1,7,8,2,0,17,0,0,0,0
196.7578,3,0,2,1,0,0,0,-1,0,2.0000,-1,7,8,2,0,17,0,0,0,0
196.7834,3,0,2,1,0,0,0,-1,0,2.0000,-1,7,8,2,0,17,0,0,0,0
196.8099,3,0,2,1,0,0,0,-1,0,2.0000,-1,7,8,2,0,17,0,0,0,0
196.8353,3,0,2,1,0,0,0,-1,0,2.0000,-1,7,8,2,0,17,0,0,0,0
196.8599,3,0,2,1,0,0,0,-1,0,2.0000,-1,7,8,2,0,17,0,0,0,0
196.8861,3,0,2,1,0,0,0,-1,0,2.0000,-1,7,8,2,0,17,0,0,0,0
196.9107,3,0,2,1,0,0,0,-1,0,2.0000,-1,7,8,2,0,17,0,0,0,0
196.9373,3,0,2,1,0,0,0,-1,0,2.0000,-1,7,8,2,0,17,0,0,0,0
196.9636,3,0,2,1,0,0,0,-1,0,2.0000,-1,7,8,2,0,17,0,0,0,0
196.9876,3,0,2,1,0,0,0,-1,0,2.0000,-1,7,8,2,0,17,0,0,0,0
197.0144,3,0,2,1,0,0,0,-1,0,2.0000,-1,7,8,2,0,17,0,0,0,0
197.0396,3,0,2,1,0,0,0,-1,0,2.0000,-1,7,8,2,0,17,0,0,0,0
197.0654,3,0,2,1,0,0,0,-1,0,2.0000,-1,7,8,2,0,17,0,0,0,0
197.0903,3,0,2,1,0,0,0,-1,0,2.0000,-1,7,8,2,0,17,0,0,0,0
197.1172,3,0,2,1,0,0,0,-1,0,2.0000,-1,7,8,2,0,17,0,0,0,0
197.1428,3,0,2,1,0,0,0,-1,0,2.0000,-1,7,8,2,0,17,0,0,0,0
197.1681,3,0,2,0,0,0,0,-1,0,2.0000,-1,7,8,2,0,17,0,0,0,0
197.1943,3,0,2,0,0,0,0,-1,0,2.0000,-1,7,8,2,0,17,0,0,0,0
197.2224,3,0,2,0,0,0,0,-1,0,2.0000,-1,7,8,2,0,17,0,0,0,0
197.2486,3,0,2,0,0,0,0,-1,0,1.0000,-1,7,8,2,0,17,0,0,0,0
197.2724,3,0,2,0,0,0,0,-1,0,1.0000,-1,7,8,2,0,17,0,0,0,0
197.2956,3,0,2,0,0,0,0,-1,0,1.0000,-1,7,8,2,0,17,0,0,0,0
197.3192,3,0,2,0,0,0,0,-1,0,1.0000,-1,7,8,2,0,17,0,0,0,0
197.3596,3,0,2,0,0,0,0,-1,1,2.0000,-1,7,8,2,0,17,0,0,0,0
197.3723,3,0,2,0,0,0,1,51,0,2.0000,-1,7,8,2,0,17,0,0,0,0
197.3898,3,0,2,0,0,0,1,51,0,2.0000,-1,7,8,2,0,17,0,0,0,0
197.4149,3,0,2,0,0,0,1,51,0,2.0000,-1,7,8,2,0,17,0,0,0,0
197.4375,3,0,2,0,0,0,1,51,0,2.0000,-1,7,8,2,0,17,0,0,0,0
197.4586,3,0,2,0,0,0,1,51,0,2.0000,-1,7,8,2,0,17,0,0,0,0
197.4804,3,0,2,0,0,0,1,51,0,2.0000,-1,7,8,2,0,17,0,0,0,0
197.5009,3,0,2,0,0,0,1,51,0,2.0000,-1,7,8,2,0,17,0,0,0,0
197.5239,3,0,2,0,0,0,1,51,0,2.0000,-1,7,8,2,0,17,0,0,0,0
197.5437,3,0,2,0,0,0,1,51,0,2.0000,-1,7,8,2,0,17,0,0,0,0
197.5658,3,0,2,0,0,0,1,51,0,2.0000,-1,7,8,2,0,17,0,0,0,0
197.5876,3,0,2,0,0,0,1,51,0,1.0000,-1,7,8,2,0,17,0,0,0,0
197.6086,3,0,2,0,0,0,1,51,0,1.0000,-1,7,8,2,0,17,0,0,0,0
197.6299,3,0,2,0,0,0,1,51,0,1.0000,-1,7,8,2,0,17,0,0,0,0
197.6511,3,0,2,0,0,0,1,51,0,1.0000,-1,7,8,2,0,17,0,0,0,0
197.6722,3,0,2,0,0,0,1,51,0,1.0000,-1,7,8,2,0,17,0,0,0,0
197.6956,3,0,2,0,0,0,1,51,0,1.0000,-1,7,8,2,0,17,0,0,0,0
197.7122,3,0,2,0,0,0,1,51,0,1.0000,-1,7,8,2,0,17,0,0,0,0
197.7311,3,0,2,0,0,0,1,51,0,1.0000,-1,7,8,2,0,17,0,0,0,0
197.7544,3,0,2,0,0,0,1,51,1,2.0000,-1,7,8,2,0,17,0,0,0,0
197.7753,3,0,2,0,0,0,1,51,0,2.0000,-1,7,8,2,0,17,0,0,0,0
197.7977,3,0,2,0,0,0,1,51,0,2.0000,-1,7,8,2,0,17,0,0,0,0
197.8203,3,0,2,0,0,0,1,51,0,2.0000,-1,7,8,2,0,17,0,0,0,0
197.8408,3,0,2,0,0,0,1,51,0,2.0000,-1,7,8,2,0,17,0,0,0,0
197.8591,3,0,2,0,0,0,1,51,0,2.0000,-1,7,8,2,0,17,0,0,0,0
197.8814,3,0,2,0,0,0,1,51,0,2.0000,-1,7,8,2,0,17,0,0,0,0
197.8997,3,0,2,0,0,0,1,51,0,2.0000,-1,7,8,2,0,17,0,0,0,0
197.9224,3,0,2,0,0,0,1,51,0,2.0000,-1,7,8,2,0,17,0,0,0,0
197.9432,3,0,2,0,0,0,1,51,0,2.0000,-1,7,8,2,0,17,0,0,0,0
197.9845,3,0,2,0,0,0,1,51,0,2.0000,-1,7,8,2,0,17,0,0,0,0
197.9994,3,0,2,0,0,0,1,51,0,2.0000,-1,7,8,2,0,17,0,0,0,0
198.0134,3,0,2,0,0,0,1,51,0,2.0000,-1,7,8,2,0,17,0,0,0,0
198.0308,3,0,2,0,0,0,1,51,0,2.0000,-1,7,8,2,0,17,0,0,0,0
198.0527,3,0,2,0,0,0,1,51,0,2.0000,-1,7,8,2,0,17,0,0,0,0
198.0738,3,0,2,0,1,0,1,51,0,2.0000,-1,7,8,2,0,17,0,0,0,0
198.0963,3,0,2,0,1,0,1,51,0,2.0000,-1,7,8,2,0,17,0,0,0,0
198.1182,3,0,2,0,1,0,1,51,0,2.0000,-1,7,8,2,0,17,0,0,0,0
198.1385,3,0,2,0,1,0,0,-1,0,2.0000,51,7,8,3,0,18,0,0,0,0
198.158,3,0,2,0,1,0,0,-1,0,2.0000,-1,7,8,3,0,18,0,0,0,0
198.1961,3,0,2,0,1,0,0,-1,1,3.0000,-1,7,8,3,0,18,0,0,0,0
198.2093,3,0,2,0,1,0,0,-1,0,3.0000,-1,7,8,3,0,18,0,0,0,0
198.2256,3,0,2,0,1,0,0,-1,0,3.0000,-1,7,8,3,0,18,0,0,0,0
198.2477,3,0,2,0,1,0,0,-1,0,3.0000,-1,7,8,3,0,18,0,0,0,0
198.2703,3,0,2,0,1,0,0,-1,0,3.0000,-1,7,8,3,0,18,0,0,0,0
198.2893,3,0,2,0,1,0,0,-1,0,3.0000,-1,7,8,3,0,18,0,0,0,0
198.3107,3,0,2,0,1,0,0,-1,0,3.0000,-1,7,8,3,0,18,0,0,0,0
198.3332,3,0,2,0,1,0,0,-1,0,3.0000,-1,7,8,3,0,18,0,0,0,0
198.354,3,0,2,0,1,0,0,-1,0,3.0000,-1,7,8,3,0,18,0,0,0,0
198.3753,3,0,2,0,1,0,0,-1,0,2.0000,-1,7,8,3,0,18,0,0,0,0
198.3956,3,0,2,0,1,0,0,-1,0,2.0000,-1,7,8,3,0,18,0,0,0,0
198.4202,3,0,2,0,1,0,0,-1,0,2.0000,-1,7,8,3,0,18,0,0,0,0
198.4397,3,0,2,0,1,0,0,-1,0,2.0000,-1,7,8,3,0,18,0,0,0,0
198.4596,3,0,2,0,1,0,0,-1,0,2.0000,-1,7,8,3,0,18,0,0,0,0
198.4805,3,0,2,0,1,0,0,-1,0,2.0000,-1,7,8,3,0,18,0,0,0,0
198.5014,3,0,2,0,1,0,0,-1,1,3.0000,-1,7,8,3,0,18,0,0,0,0
198.521,3,0,2,0,1,0,0,-1,0,3.0000,-1,7,8,3,0,18,0,0,0,0
198.5419,3,0,2,0,1,0,0,-1,0,3.0000,-1,7,8,3,0,18,0,0,0,0
198.5654,3,0,2,0,1,0,0,-1,0,3.0000,-1,7,8,3,0,18,0,0,0,0
198.5877,3,0,2,0,1,0,0,-1,0,3.0000,-1,7,8,3,0,18,0,0,0,0
198.6111,3,0,2,0,1,0,0,-1,0,3.0000,-1,7,8,3,0,18,0,0,0,0
198.6315,3,0,2,0,1,0,0,-1,0,3.0000,-1,7,8,3,0,18,0,0,0,0
198.6543,3,0,2,0,1,0,0,-1,0,3.0000,-1,7,8,3,0,18,0,0,0,0
198.6741,3,0,2,0,1,0,0,-1,0,3.0000,-1,7,8,3,0,18,0,0,0,0
198.6966,3,0,2,1,1,0,0,-1,0,3.0000,-1,7,8,3,0,18,0,0,0,0
198.7194,3,0,2,1,1,0,0,-1,0,3.0000,-1,7,8,3,0,18,0,0,0,0
198.741,3,0,2,1,0,0,0,-1,0,3.0000,-1,7,8,3,0,18,0,0,0,0
198.7612,3,0,2,1,0,0,0,-1,0,2.0000,-1,7,8,3,0,18,0,0,0,0
198.7826,3,0,2,1,0,0,0,-1,0,2.0000,-1,7,8,3,0,18,0,0,0,0
198.8046,3,0,2,1,0,0,0,-1,0,2.0000,-1,7,8,3,0,18,0,0,0,0
198.8409,3,0,2,1,0,0,0,-1,0,2.0000,-1,7,8,3,0,18,0,0,0,0
198.8547,3,0,2,1,0,0,0,-1,0,2.0000,-1,7,8,3,0,18,0,0,0,0
198.8702,3,0,2,1,0,0,0,-1,0,2.0000,-1,7,8,3,0,18,0,0,0,0
198.8906,3,0,2,1,0,0,0,-1,0,2.0000,-1,7,8,3,0,18,0,0,0,0
198.9128,3,0,2,1,0,0,0,-1,0,2.0000,-1,7,8,3,0,18,0,0,0,0
198.9323,3,0,2,1,0,0,0,-1,0,2.0000,-1,7,8,3,0,18,0,0,0,0
198.9544,3,0,2,1,0,0,0,-1,0,2.0000,-1,7,8,3,0,18,0,0,0,0
198.9763,3,0,2,1,0,0,0,-1,0,2.0000,-1,7,8,3,0,18,0,0,0,0
198.9994,3,0,2,1,0,0,0,-1,0,2.0000,-1,7,8,3,0,18,0,0,0,0
199.0218,3,0,2,1,0,0,0,-1,0,2.0000,-1,7,8,3,0,18,0,0,0,0
199.0413,3,0,2,1,0,0,0,-1,0,2.0000,-1,7,8,3,0,18,0,0,0,0
199.062,3,0,2,1,0,0,0,-1,0,2.0000,-1,7,8,3,0,18,0,0,0,0
199.0814,3,0,2,1,0,0,0,-1,0,2.0000,-1,7,8,3,0,18,0,0,0,0
199.1001,3,0,2,1,0,0,1,52,0,2.0000,-1,7,8,3,0,18,0,0,0,0
199.123,3,0,2,1,0,0,1,52,0,2.0000,-1,7,8,3,0,18,0,0,0,0
199.1418,3,0,2,1,0,0,1,52,0,2.0000,-1,7,8,3,0,18,0,0,0,0
199.164,3,0,2,1,0,0,1,52,0,2.0000,-1,7,8,3,0,18,0,0,0,0
199.1845,3,0,2,1,0,0,1,52,0,2.0000,-1,7,8,3,0,18,0,0,0,0
199.2055,3,0,2,1,0,0,1,52,0,1.0000,-1,7,8,3,0,18,0,0,0,0
199.2251,3,0,2,1,0,0,1,52,0,1.0000,-1,7,8,3,0,18,0,0,0,0
199.2468,3,0,2,1,0,0,1,52,0,1.0000,-1,7,8,3,0,18,0,0,0,0
199.2664,3,0,2,1,0,0,1,52,0,1.0000,-1,7,8,3,0,18,0,0,0,0
199.2871,3,0,2,1,0,0,1,52,1,2.0000,-1,7,8,3,0,18,0,0,0,0
199.3078,3,0,2,1,0,0,1,52,0,2.0000,-1,7,8,3,0,18,0,0,0,0
199.3276,3,0,2,1,0,0,1,52,0,2.0000,-1,7,8,3,0,18,0,0,0,0
199.3476,3,0,2,1,0,0,1,52,0,2.0000,-1,7,8,3,0,18,0,0,0,0
199.3687,3,0,2,1,0,0,1,52,0,2.0000,-1,7,8,3,0,18,0,0,0,0
199.3893,3,0,2,1,0,0,1,52,0,2.0000,-1,7,8,3,0,18,0,0,0,0
199.4101,3,0,2,1,0,0,1,52,0,2.0000,-1,7,8,3,0,18,0,0,0,0
199.4303,3,0,2,1,0,0,1,52,0,2.0000,-1,7,8,3,0,18,0,0,0,0
199.4509,3,0,2,1,0,0,1,52,0,2.0000,-1,7,8,3,0,18,0,0,0,0
199.4717,3,0,2,1,0,0,0,-1,0,2.0000,52,7,8,4,0,19,0,0,0,0
199.4901,3,0,2,1,1,0,0,-1,0,2.0000,-1,7,8,4,0,19,0,0,0,0
199.512,3,0,2,1,1,0,0,-1,0,1.0000,-1,7,8,4,0,19,0,0,0,0
199.5344,3,0,2,1,1,0,0,-1,0,1.0000,-1,7,8,4,0,19,0,0,0,0
199.5552,3,0,2,1,1,0,0,-1,0,1.0000,-1,7,8,4,0,19,0,0,0,0
199.5751,3,0,2,1,1,0,0,-1,0,1.0000,-1,7,8,4,0,19,0,0,0,0
199.5961,3,0,2,1,1,0,0,-1,0,1.0000,-1,7,8,4,0,19,0,0,0,0
199.6174,3,0,2,1,1,0,0,-1,0,1.0000,-1,7,8,4,0,19,0,0,0,0
199.6378,3,0,2,1,1,0,0,-1,1,2.0000,-1,7,8,4,0,19,0,0,0,0
199.6782,3,0,2,0,1,0,0,-1,0,2.0000,-1,7,8,4,0,19,0,0,0,0
199.6951,3,0,2,0,1,0,0,-1,0,2.0000,-1,7,8,4,0,19,0,0,0,0
199.7101,3,0,2,0,1,0,0,-1,1,3.0000,-1,7,8,4,0,19,0,0,0,0
199.7289,3,0,2,0,1,0,0,-1,0,3.0000,-1,7,8,4,0,19,0,0,0,0
199.7497,3,0,2,0,1,0,0,-1,0,3.0000,-1,7,8,4,0,19,0,0,0,0
199.7721,3,0,2,0,1,0,0,-1,0,3.0000,-1,7,8,4,0,19,0,0,0,0
199.7939,3,0,2,0,1,0,0,-1,0,3.0000,-1,7,8,4,0,19,0,0,0,0
199.8139,3,0,2,0,1,0,0,-1,0,3.0000,-1,7,8,4,0,19,0,0,0,0
199.8358,3,0,2,0,1,0,0,-1,0,3.0000,-1,7,8,4,0,19,0,0,0,0
199.8557,3,0,2,0,1,0,0,-1,0,3.0000,-1,7,8,4,0,19,0,0,0,0
199.8975,3,0,2,0,1,0,0,-1,0,3.0000,-1,7,8,4,0,19,0,0,0,0
199.9122,3,0,2,0,1,0,0,-1,0,3.0000,-1,7,8,4,0,19,0,0,0,0
199.9268,3,0,2,0,1,0,0,-1,0,3.0000,-1,7,8,4,0,19,0,0,0,0
199.9447,3,0,2,0,1,0,0,-1,0,3.0000,-1,7,8,4,0,19,0,0,0,0
199.9652,3,0,2,0,1,0,0,-1,0,3.0000,-1,7,8,4,0,19,0,0,0,0
199.9881,3,0,2,0,1,0,0,-1,0,3.0000,-1,7,8,4,0,19,0,0,0,0
200.0085,3,0,2,0,1,0,0,-1,0,3.0000,-1,7,8,4,0,19,0,0,0,0
200.0286,3,0,2,0,1,0,0,-1,0,3.0000,-1,7,8,4,0,19,0,0,0,0
200.0493,3,0,2,0,1,0,0,-1,0,3.0000,-1,7,8,4,0,19,0,0,0,0
200.071,3,0,2,0,1,0,0,-1,0,3.0000,-1,7,8,4,0,19,0,0,0,0
200.1116,3,0,2,0,1,0,0,-1,0,3.0000,-1,7,8,4,0,19,0,0,0,0
200.1265,3,0,2,0,1,0,0,-1,0,3.0000,-1,7,8,4,0,19,0,0,0,0
200.1411,3,0,2,0,1,0,0,-1,0,3.0000,-1,7,8,4,0,19,0,0,0,0
200.1599,3,0,2,0,1,0,0,-1,0,3.0000,-1,7,8,4,0,19,0,0,0,0
200.1838,3,0,2,0,0,0,0,-1,1,4.0000,-1,7,8,4,0,19,0,0,0,0
200.2041,3,0,2,0,0,0,0,-1,0,4.0000,-1,7,8,4,0,19,0,0,0,0
200.2248,3,0,2,0,0,0,0,-1,0,4.0000,-1,7,8,4,0,19,0,0,0,0
200.2461,3,0,2,0,0,0,0,-1,0,4.0000,-1,7,8,4,0,19,0,0,0,0
200.2674,3,0,2,0,0,0,0,-1,0,4.0000,-1,7,8,4,0,19,0,0,0,0
200.2885,3,0,2,0,0,0,0,-1,0,3.0000,-1,7,8,4,0,19,0,0,0,0
200.329,3,0,2,0,0,0,0,-1,0,3.0000,-1,7,8,4,0,19,0,0,0,0
200.3424,3,0,2,0,0,0,0,-1,0,3.0000,-1,7,8,4,0,19,0,0,0,0
200.3555,3,0,2,0,0,0,0,-1,0,3.0000,-1,7,8,4,0,19,0,0,0,0
200.3739,3,0,2,0,0,0,0,-1,0,3.0000,-1,7,8,4,0,19,0,0,0,0
200.3956,3,0,2,0,0,0,0,-1,0,3.0000,-1,7,8,4,0,19,0,0,0,0
200.4174,3,0,2,0,0,0,0,-1,0,3.0000,-1,7,8,4,0,19,0,0,0,0
200.4391,3,0,2,0,0,0,0,-1,0,3.0000,-1,7,8,4,0,19,0,0,0,0
200.4606,3,0,2,0,0,0,0,-1,0,3.0000,-1,7,8,4,0,19,0,0,0,0
200.481,3,0,2,0,0,0,1,56,0,3.0000,-1,7,8,4,0,19,0,0,0,0
200.5013,3,0,2,0,0,0,1,56,0,3.0000,-1,7,8,4,0,19,0,0,0,0
200.5424,3,0,2,0,0,0,1,56,0,3.0000,-1,7,8,4,0,19,0,0,0,0
200.5555,3,0,2,0,0,0,1,56,0,3.0000,-1,7,8,4,0,19,0,0,0,0
200.5683,3,0,2,0,0,0,1,56,1,4.0000,-1,7,8,4,0,19,0,0,0,0
200.5899,3,0,2,0,0,0,0,-1,0,4.0000,-1,7,8,4,0,19,0,0,0,0
200.6109,3,0,2,0,0,0,0,-1,0,4.0000,-1,7,8,4,0,19,0,0,0,0
200.6334,3,0,2,0,0,0,0,-1,0,4.0000,-1,7,8,4,0,19,0,0,0,0
200.6533,3,0,2,0,0,0,0,-1,0,3.0000,-1,7,8,4,0,19,0,0,0,0
200.6746,3,0,2,0,0,0,0,-1,0,3.0000,-1,7,8,4,0,19,0,0,0,0
200.6962,3,0,2,0,0,0,0,-1,0,3.0000,-1,7,8,4,0,19,0,0,0,0
200.7174,3,0,2,0,0,0,0,-1,0,2.0000,-1,7,8,4,0,19,0,0,0,0
200.7578,3,0,2,0,0,0,0,-1,0,2.0000,-1,7,8,4,0,19,0,0,0,0
200.7705,3,0,2,0,0,0,0,-1,0,2.0000,-1,7,8,4,0,19,0,0,0,0
200.7849,3,0,2,0,0,0,0,-1,0,2.0000,-1,7,8,4,0,19,0,0,0,0
200.807,3,0,2,0,0,0,0,-1,0,2.0000,-1,7,8,4,0,19,0,0,0,0
200.8284,3,0,2,0,0,0,0,-1,0,2.0000,-1,7,8,4,0,19,0,0,0,0
200.8504,3,0,2,0,0,0,0,-1,0,2.0000,-1,7,8,4,0,19,0,0,0,0
200.871,3,0,2,0,0,0,0,-1,0,2.0000,-1,7,8,4,0,19,0,0,0,0
200.8932,3,0,2,0,0,0,0,-1,0,2.0000,-1,7,8,4,0,19,0,0,0,0
200.9134,3,0,2,0,0,0,0,-1,0,2.0000,-1,7,8,4,0,19,0,0,0,0
200.933,3,0,2,0,0,0,0,-1,0,2.0000,-1,7,8,4,0,19,0,0,0,0
200.9552,3,0,2,0,0,0,0,-1,0,2.0000,-1,7,8,4,0,19,0,0,0,0
200.9759,3,0,2,0,0,0,0,-1,0,2.0000,-1,7,8,4,0,19,0,0,0,0
200.9986,3,0,2,0,0,0,0,-1,0,2.0000,-1,7,8,4,0,19,0,0,0,0
201.0192,3,0,2,0,0,0,1,55,0,2.0000,-1,7,8,4,0,19,0,0,0,0
201.0402,3,0,2,0,0,0,1,55,1,3.0000,-1,7,8,4,0,19,0,0,0,0
201.062,3,0,2,0,0,0,1,55,0,3.0000,-1,7,8,4,0,19,0,0,0,0
201.0816,3,0,2,0,0,0,1,55,0,3.0000,-1,7,8,4,0,19,0,0,0,0
201.1027,3,0,2,0,0,0,1,55,0,3.0000,-1,7,8,4,0,19,0,0,0,0
201.1233,3,0,2,0,0,0,1,55,1,4.0000,-1,7,8,4,0,19,0,0,0,0
201.1447,3,0,2,0,0,0,1,55,0,4.0000,-1,7,8,4,0,19,0,0,0,0
201.167,3,0,2,0,0,0,1,55,0,4.0000,-1,7,8,4,0,19,0,0,0,0
201.1865,3,0,2,0,0,0,1,55,0,3.0000,-1,7,8,4,0,19,0,0,0,0
201.2078,3,0,2,0,0,0,1,55,0,3.0000,-1,7,8,4,0,19,0,0,0,0
201.2294,3,0,2,0,0,0,1,55,0,3.0000,-1,7,8,4,0,19,0,0,0,0
201.2511,3,0,2,0,0,0,1,55,0,3.0000,-1,7,8,4,0,19,0,0,0,0
201.2726,3,0,2,0,0,0,1,55,0,3.0000,-1,7,8,4,0,19,0,0,0,0
201.293,3,0,2,0,0,0,1,55,0,3.0000,-1,7,8,4,0,19,0,0,0,0
201.313,3,0,2,0,0,0,1,55,0,3.0000,-1,7,8,4,0,19,0,0,0,0
201.3351,3,0,2,0,0,0,1,55,0,3.0000,-1,7,8,4,0,19,0,0,0,0
201.355,3,0,2,0,0,0,1,55,0,3.0000,-1,7,8,4,0,19,0,0,0,0
201.3775,3,0,2,0,0,0,1,55,0,3.0000,-1,7,8,4,0,19,0,0,0,0
201.3968,3,0,2,0,0,0,1,55,0,3.0000,-1,7,8,4,0,19,0,0,0,0
201.4175,3,0,2,0,0,0,1,55,0,3.0000,-1,7,8,4,0,19,0,0,0,0
201.4392,3,0,2,0,0,0,1,55,0,3.0000,-1,7,8,4,0,19,0,0,0,0
201.4601,3,0,2,0,0,0,1,55,0,3.0000,-1,7,8,4,0,19,0,0,0,0
201.4822,3,0,2,0,0,0,1,55,0,3.0000,-1,7,8,4,0,19,0,0,0,0
201.5008,3,0,2,0,0,0,1,55,0,3.0000,-1,7,8,4,0,19,0,0,0,0
201.5222,3,0,2,0,0,0,1,55,1,4.0000,-1,7,8,4,0,19,0,0,0,0
201.5431,3,0,2,0,0,0,1,55,0,4.0000,-1,7,8,4,0,19,0,0,0,0
201.5641,3,0,2,0,0,0,0,-1,0,4.0000,-1,7,8,4,0,19,0,0,0,0
201.5852,3,0,2,0,0,0,0,-1,0,3.0000,-1,7,8,4,0,19,0,0,0,0
201.6065,3,0,2,0,0,0,1,54,0,3.0000,-1,7,8,4,0,19,0,0,0,0
201.6263,3,0,2,0,0,0,1,54,0,3.0000,-1,7,8,4,0,19,0,0,0,0
201.6479,3,0,2,0,0,0,1,54,0,3.0000,-1,7,8,4,0,19,0,0,0,0
201.668,3,0,2,0,0,0,1,54,0,3.0000,-1,7,8,4,0,19,0,0,0,0
201.6884,3,0,2,0,0,0,1,54,0,3.0000,-1,7,8,4,0,19,0,0,0,0
201.7088,3,0,2,0,0,0,1,54,0,3.0000,-1,7,8,4,0,19,0,0,0,0
201.7318,3,0,2,0,0,0,0,-1,0,3.0000,54,7,8,5,0,20,0,0,0,0
201.7521,3,0,2,0,0,0,0,-1,0,3.0000,-1,7,8,5,0,20,0,0,0,0
201.775,3,0,2,0,0,0,0,-1,0,3.0000,-1,7,8,5,0,20,0,0,0,0
201.8152,3,0,2,0,0,0,0,-1,1,4.0000,-1,7,8,5,0,20,0,0,0,0
201.8329,3,0,2,0,0,0,0,-1,0,4.0000,-1,7,8,5,0,20,0,0,0,0
201.8481,3,0,2,0,0,0,0,-1,0,4.0000,-1,7,8,5,0,20,0,0,0,0
201.864,3,0,2,0,0,0,0,-1,0,4.0000,-1,7,8,5,0,20,0,0,0,0
201.8858,3,0,2,0,0,0,0,-1,0,4.0000,-1,7,8,5,0,20,0,0,0,0
201.9093,3,0,2,0,0,0,0,-1,0,4.0000,-1,7,8,5,0,20,0,0,0,0
201.9298,3,0,2,0,0,0,0,-1,0,4.0000,-1,7,8,5,0,20,0,0,0,0
201.9512,3,0,2,0,0,0,0,-1,0,4.0000,-1,7,8,5,0,20,0,0,0,0
201.9709,3,0,2,0,0,0,0,-1,0,4.0000,-1,7,8,5,0,20,0,0,0,0
201.9905,3,0,2,0,0,0,0,-1,0,4.0000,-1,7,8,5,0,20,0,0,0,0
202.0111,3,0,2,0,0,0,0,-1,0,4.0000,-1,7,8,5,0,20,0,0,0,0
202.032,3,0,2,0,0,0,0,-1,0,4.0000,-1,7,8,5,0,20,0,0,0,0
202.0518,3,0,2,0,0,0,0,-1,0,3.0000,-1,7,8,5,0,20,0,0,0,0
202.0747,3,0,2,0,0,0,0,-1,0,3.0000,-1,7,8,5,0,20,0,0,0,0
202.0944,3,0,2,1,0,0,0,-1,0,3.0000,-1,7,8,5,0,20,0,0,0,0
202.1156,3,0,2,1,0,0,0,-1,0,3.0000,-1,7,8,5,0,20,0,0,0,0
202.1351,3,0,2,1,0,0,0,-1,0,2.0000,-1,7,8,5,0,20,0,0,0,0
202.1569,3,0,2,1,0,0,0,-1,0,2.0000,-1,7,8,5,0,20,0,0,0,0
202.1773,3,0,2,1,0,0,0,-1,0,2.0000,-1,7,8,5,0,20,0,0,0,0
202.1982,3,0,2,1,0,0,0,-1,0,2.0000,-1,7,8,5,0,20,0,0,0,0
202.2379,3,0,2,1,0,0,0,-1,0,2.0000,-1,7,8,5,0,20,0,0,0,0
202.2551,3,0,2,1,0,0,0,-1,0,2.0000,-1,7,8,5,0,20,0,0,0,0
202.2714,3,0,2,1,0,0,1,55,0,2.0000,-1,7,8,5,0,20,0,0,0,0
202.2892,3,0,2,1,0,0,1,55,1,3.0000,-1,7,8,5,0,20,0,0,0,0
202.3119,3,0,2,1,0,0,1,55,0,3.0000,-1,7,8,5,0,20,0,0,0,0
202.334,3,0,2,1,0,0,1,55,0,3.0000,-1,7,8,5,0,20,0,0,0,0
202.3569,3,0,2,1,0,0,1,55,1,4.0000,-1,7,8,5,0,20,0,0,0,0
202.3779,3,0,2,1,0,0,1,55,0,4.0000,-1,7,8,5,0,20,0,0,0,0
202.4005,3,0,2,1,0,0,1,55,0,4.0000,-1,7,8,5,0,20,0,0,0,0
202.4225,3,0,2,1,0,0,1,55,0,4.0000,-1,7,8,5,0,20,0,0,0,0
202.4435,3,0,2,1,0,0,1,59,0,4.0000,55,7,8,6,0,21,0,0,0,0
202.463,3,0,2,1,0,0,1,59,0,4.0000,-1,7,8,6,0,21,0,0,0,0
202.4856,3,0,2,1,0,0,1,59,0,4.0000,-1,7,8,6,0,21,0,0,0,0
202.5068,3,0,2,1,0,0,1,59,0,4.0000,-1,7,8,6,0,21,0,0,0,0
202.5287,3,0,2,1,0,0,1,59,0,3.0000,-1,7,8,6,0,21,0,0,0,0
202.5512,3,0,2,1,0,0,1,59,0,3.0000,-1,7,8,6,0,21,0,0,0,0
202.5699,3,0,2,1,0,0,1,59,0,3.0000,-1,7,8,6,0,21,0,0,0,0
202.5926,3,0,2,1,0,0,1,59,0,3.0000,-1,7,8,6,0,21,0,0,0,0
202.6131,3,0,2,1,0,0,1,59,0,3.0000,-1,7,8,6,0,21,0,0,0,0
202.6549,3,0,2,1,0,0,1,59,0,3.0000,-1,7,8,6,0,21,0,0,0,0
202.6692,3,0,2,1,0,0,1,59,0,3.0000,-1,7,8,6,0,21,0,0,0,0
202.6841,3,0,2,1,0,0,1,59,0,3.0000,-1,7,8,6,0,21,0,0,0,0
202.7061,3,0,2,1,0,0,1,59,0,3.0000,-1,7,8,6,0,21,0,0,0,0
202.7266,3,0,2,1,0,0,1,59,0,3.0000,-1,7,8,6,0,21,0,0,0,0
202.7496,3,0,2,1,0,0,1,59,1,4.0000,-1,7,8,6,0,21,0,0,0,0
202.7712,3,0,2,1,0,0,1,59,0,4.0000,-1,7,8,6,0,21,0,0,0,0
202.7911,3,0,2,1,0,0,1,59,0,4.0000,-1,7,8,6,0,21,0,0,0,0
202.8127,3,0,2,1,0,0,1,59,0,4.0000,-1,7,8,6,0,21,0,0,0,0
202.8535,3,0,2,1,0,0,1,59,0,3.0000,-1,7,8,6,0,21,0,0,0,0
202.8674,3,0,2,1,0,0,1,59,0,3.0000,-1,7,8,6,0,21,0,0,0,0
202.8804,3,0,2,1,0,0,1,59,0,3.0000,-1,7,8,6,0,21,0,0,0,0
202.9033,3,0,2,1,0,0,1,59,0,3.0000,-1,7,8,6,0,21,0,0,0,0
202.9261,3,0,2,1,0,0,1,59,0,3.0000,-1,7,8,6,0,21,0,0,0,0
202.946,3,0,2,1,0,0,1,59,0,3.0000,-1,7,8,6,0,21,0,0,0,0
202.9682,3,0,2,1,0,0,1,59,0,3.0000,-1,7,8,6,0,21,0,0,0,0
202.9888,3,0,2,1,0,0,1,59,0,3.0000,-1,7,8,6,0,21,0,0,0,0
203.0116,3,0,2,1,0,0,1,59,0,3.0000,-1,7,8,6,0,21,0,0,0,0
203.033,3,0,2,1,0,0,1,59,0,3.0000,-1,7,8,6,0,21,0,0,0,0
203.0535,3,0,2,1,0,0,1,59,0,3.0000,-1,7,8,6,0,21,0,0,0,0
203.0752,3,0,2,1,0,0,1,59,0,3.0000,-1,7,8,6,0,21,0,0,0,0
203.0974,3,0,2,1,0,0,1,59,0,3.0000,-1,7,8,6,0,21,0,0,0,0
203.1195,3,0,2,1,0,0,1,59,0,3.0000,-1,7,8,6,0,21,0,0,0,0
203.1427,3,0,2,1,0,0,1,59,0,3.0000,-1,7,8,6,0,21,0,0,0,0
203.1631,3,0,2,1,0,0,1,59,0,3.0000,-1,7,8,6,0,21,0,0,0,0
203.1859,3,0,2,1,0,0,1,59,0,3.0000,-1,7,8,6,0,21,0,0,0,0
203.2071,3,0,2,1,0,0,1,59,0,3.0000,-1,7,8,6,0,21,0,0,0,0
203.2303,3,0,2,1,0,0,1,59,0,3.0000,-1,7,8,6,0,21,0,0,0,0
203.252,3,0,2,1,0,0,1,59,1,4.0000,-1,7,8,6,0,21,0,0,0,0
203.2922,3,0,2,1,0,0,1,59,1,4.0000,-1,7,8,6,0,21,0,0,0,0
203.3047,3,0,2,1,0,0,1,59,0,4.0000,-1,7,8,6,0,21,0,0,0,0
203.319,3,0,2,1,0,0,1,59,0,4.0000,-1,7,8,6,0,21,0,0,0,0
203.3415,3,0,2,1,0,0,1,59,0,4.0000,-1,7,8,6,0,21,0,0,0,0
203.363,3,0,2,1,0,0,1,59,0,3.0000,-1,7,8,6,0,21,0,0,0,0
203.3846,3,0,2,1,0,0,0,-1,1,4.0000,59,7,8,7,0,22,0,0,0,0
203.407,3,0,2,1,0,0,0,-1,0,4.0000,-1,7,8,7,0,22,0,0,0,0
203.4277,3,0,2,1,0,0,0,-1,0,4.0000,-1,7,8,7,0,22,0,0,0,0
203.45,3,0,2,1,0,0,0,-1,0,4.0000,-1,7,8,7,0,22,0,0,0,0
203.4733,3,0,2,1,0,0,0,-1,0,4.0000,-1,7,8,7,0,22,0,0,0,0
203.5128,3,0,2,1,0,0,0,-1,0,4.0000,-1,7,8,7,0,22,0,0,0,0
203.5259,3,0,2,1,0,0,0,-1,0,4.0000,-1,7,8,7,0,22,0,0,0,0
203.5404,3,0,2,1,0,0,0,-1,0,4.0000,-1,7,8,7,0,22,0,0,0,0
203.5632,3,0,2,1,0,0,0,-1,1,5.0000,-1,7,8,7,0,22,0,0,0,0
203.5844,3,0,2,1,0,0,0,-1,0,5.0000,-1,7,8,7,0,22,0,0,0,0
203.6068,3,0,2,1,0,0,0,-1,0,5.0000,-1,7,8,7,0,22,0,0,0,0
203.6287,3,0,2,1,0,0,0,-1,0,5.0000,-1,7,8,7,0,22,0,0,0,0
203.6502,3,0,2,1,0,0,0,-1,0,5.0000,-1,7,8,7,0,22,0,0,0,0
203.6722,3,0,2,1,0,0,0,-1,0,5.0000,-1,7,8,7,0,22,0,0,0,0
203.6937,3,0,2,1,0,0,0,-1,0,5.0000,-1,7,8,7,0,22,0,0,0,0
203.7155,3,0,2,1,0,0,0,-1,0,5.0000,-1,7,8,7,0,22,0,0,0,0
203.7354,3,0,2,1,0,0,0,-1,0,5.0000,-1,7,8,7,0,22,0,0,0,0
203.7581,3,0,2,1,0,0,0,-1,0,4.0000,-1,7,8,7,0,22,0,0,0,0
203.7779,3,0,2,1,0,0,0,-1,1,5.0000,-1,7,8,7,0,22,0,0,0,0
203.7991,3,0,2,1,0,0,0,-1,0,5.0000,-1,7,8,7,0,22,0,0,0,0
203.8204,3,0,2,1,0,0,0,-1,0,5.0000,-1,7,8,7,0,22,0,0,0,0
203.8415,3,0,2,1,0,0,0,-1,0,5.0000,-1,7,8,7,0,22,0,0,0,0
203.8632,3,0,2,1,0,0,0,-1,0,5.0000,-1,7,8,7,0,22,0,0,0,0
203.8843,3,0,2,1,0,0,0,-1,0,5.0000,-1,7,8,7,0,22,0,0,0,0
203.9053,3,0,2,1,0,0,0,-1,1,6.0000,-1,7,8,7,0,22,0,0,0,0
203.9266,3,0,2,1,0,0,0,-1,0,6.0000,-1,7,8,7,0,22,0,0,0,0
203.9474,3,0,2,1,0,0,0,-1,0,6.0000,-1,7,8,7,0,22,0,0,0,0
203.9679,3,0,2,1,0,0,0,-1,0,6.0000,-1,7,8,7,0,22,0,0,0,0
203.989,3,0,2,1,0,0,0,-1,0,6.0000,-1,7,8,7,0,22,0,0,0,0
204.0102,3,0,2,1,0,0,0,-1,0,6.0000,-1,7,8,7,0,22,0,0,0,0
204.0317,3,0,2,1,0,0,0,-1,0,6.0000,-1,7,8,7,0,22,0,0,0,0
204.0544,3,0,2,1,0,0,0,-1,0,6.0000,-1,7,8,7,0,22,0,0,0,0
204.0744,3,0,2,1,0,0,0,-1,1,7.0000,-1,7,8,7,0,22,0,0,0,0
204.0953,3,0,2,1,0,0,0,-1,0,7.0000,-1,7,8,7,0,22,0,0,0,0
204.1159,3,0,2,1,0,0,0,-1,0,7.0000,-1,7,8,7,0,22,0,0,0,0
204.1381,3,0,2,1,0,0,0,-1,0,7.0000,-1,7,8,7,0,22,0,0,0,0
204.1568,3,0,2,1,0,0,0,-1,0,7.0000,-1,7,8,7,0,22,0,0,0,0
204.1795,3,0,2,1,0,0,0,-1,0,7.0000,-1,7,8,7,0,22,0,0,0,0
204.2013,3,0,2,1,0,0,0,-1,0,7.0000,-1,7,8,7,0,22,0,0,0,0
204.2207,3,0,2,1,0,0,0,-1,0,7.0000,-1,7,8,7,0,22,0,0,0,0
204.2402,3,0,2,1,0,0,0,-1,0,7.0000,-1,7,8,7,0,22,0,0,0,0
204.2625,3,0,2,1,0,0,0,-1,0,6.0000,-1,7,8,7,0,22,0,0,0,0
204.2829,3,0,2,1,0,0,0,-1,0,6.0000,-1,7,8,7,0,22,0,0,0,0
204.3033,3,0,2,1,0,0,0,-1,0,5.0000,-1,7,8,7,0,22,0,0,0,0
204.3229,3,0,2,1,0,0,0,-1,0,5.0000,-1,7,8,7,0,22,0,0,0,0
204.3622,3,0,2,1,0,0,0,-1,0,5.0000,-1,7,8,7,0,22,0,0,0,0
204.3752,3,0,2,1,0,0,0,-1,0,5.0000,-1,7,8,7,0,22,0,0,0,0
204.3874,3,0,2,1,0,0,0,-1,0,4.0000,-1,7,8,7,0,22,0,0,0,0
204.4097,3,0,2,1,0,0,0,-1,0,4.0000,-1,7,8,7,0,22,0,0,0,0
204.4287,3,0,2,1,0,0,0,-1,0,4.0000,-1,7,8,7,0,22,0,0,0,0
204.4514,3,0,2,1,0,0,0,-1,0,4.0000,-1,7,8,7,0,22,0,0,0,0
204.4715,3,0,2,1,0,0,0,-1,0,4.0000,-1,7,8,7,0,22,0,0,0,0
204.4926,3,0,2,1,0,0,0,-1,0,4.0000,-1,7,8,7,0,22,0,0,0,0
204.5114,3,0,2,1,0,0,0,-1,0,4.0000,-1,7,8,7,0,22,0,0,0,0
204.5327,3,0,2,1,0,0,0,-1,1,5.0000,-1,7,8,7,0,22,0,0,0,0
204.5534,3,0,2,1,0,0,0,-1,0,5.0000,-1,7,8,7,0,22,0,0,0,0
204.5743,3,0,2,1,0,0,0,-1,0,4.0000,-1,7,8,7,0,22,0,0,0,0
204.5954,3,0,2,1,0,0,0,-1,0,4.0000,-1,7,8,7,0,22,0,0,0,0
204.6165,3,0,2,1,0,0,0,-1,0,4.0000,-1,7,8,7,0,22,0,0,0,0
204.6389,3,0,2,1,0,0,0,-1,0,4.0000,-1,7,8,7,0,22,0,0,0,0
204.6615,3,0,2,1,0,0,0,-1,0,4.0000,-1,7,8,7,0,22,0,0,0,0
204.681,3,0,2,1,0,0,0,-1,0,4.0000,-1,7,8,7,0,22,0,0,0,0
204.704,3,0,2,1,0,0,0,-1,0,4.0000,-1,7,8,7,0,22,0,0,0,0
204.7253,3,0,2,1,0,0,0,-1,0,4.0000,-1,7,8,7,0,22,0,0,0,0
204.7453,3,0,2,1,0,0,0,-1,0,4.0000,-1,7,8,7,0,22,0,0,0,0
204.785,3,0,2,1,0,0,0,-1,0,3.0000,-1,7,8,7,0,22,0,0,0,0
204.8002,3,0,2,1,0,0,0,-1,0,3.0000,-1,7,8,7,0,22,0,0,0,0
204.815,3,0,2,1,0,0,0,-1,0,3.0000,-1,7,8,7,0,22,0,0,0,0
204.832,3,0,2,1,0,0,0,-1,0,3.0000,-1,7,8,7,0,22,0,0,0,0
204.8531,3,0,2,1,0,0,0,-1,0,3.0000,-1,7,8,7,0,22,0,0,0,0
204.8745,3,0,2,1,0,0,0,-1,0,3.0000,-1,7,8,7,0,22,0,0,0,0
204.8955,3,0,2,1,0,0,0,-1,0,3.0000,-1,7,8,7,0,22,0,0,0,0
204.9167,3,0,2,1,0,0,0,-1,0,2.0000,-1,7,8,7,0,22,0,0,0,0
204.9366,3,0,2,1,0,0,0,-1,0,2.0000,-1,7,8,7,0,22,0,0,0,0
204.957,3,0,2,1,0,0,0,-1,0,2.0000,-1,7,8,7,0,22,0,0,0,0
204.9772,3,0,2,1,0,0,0,-1,0,2.0000,-1,7,8,7,0,22,0,0,0,0
204.9978,3,0,2,1,0,0,0,-1,0,2.0000,-1,7,8,7,0,22,0,0,0,0
205.0181,3,0,2,1,0,0,0,-1,0,2.0000,-1,7,8,7,0,22,0,0,0,0
205.0393,3,0,2,1,0,0,0,-1,0,2.0000,-1,7,8,7,0,22,0,0,0,0
205.0602,3,0,2,1,0,0,0,-1,0,2.0000,-1,7,8,7,0,22,0,0,0,0
205.0794,3,0,2,1,0,0,0,-1,0,1.0000,-1,7,8,7,0,22,0,0,0,0
205.0998,3,0,2,1,0,0,0,-1,0,1.0000,-1,7,8,7,0,22,0,0,0,0
205.1215,3,0,2,1,0,0,0,-1,0,1.0000,-1,7,8,7,0,22,0,0,0,0
205.1427,3,0,2,1,0,0,0,-1,0,1.0000,-1,7,8,7,0,22,0,0,0,0
205.1639,3,0,2,1,0,0,0,-1,0,1.0000,-1,7,8,7,0,22,0,0,0,0
205.1859,3,0,2,1,0,0,0,-1,0,1.0000,-1,7,8,7,0,22,0,0,0,0
205.206,3,0,2,1,0,0,0,-1,0,1.0000,-1,7,8,7,0,22,0,0,0,0
205.2269,3,0,2,1,0,0,0,-1,0,1.0000,-1,7,8,7,0,22,0,0,0,0
205.2478,3,0,2,1,0,0,0,-1,0,1.0000,-1,7,8,7,0,22,0,0,0,0
205.2677,3,0,2,1,0,0,0,-1,0,1.0000,-1,7,8,7,0,22,0,0,0,0
205.2884,3,0,2,1,0,0,0,-1,0,1.0000,-1,7,8,7,0,22,0,0,0,0
205.3079,3,0,2,1,0,0,0,-1,0,1.0000,-1,7,8,7,0,22,0,0,0,0
205.3287,3,0,2,1,0,0,0,-1,0,1.0000,-1,7,8,7,0,22,0,0,0,0
205.3494,3,0,2,1,0,0,0,-1,0,1.0000,-1,7,8,7,0,22,0,0,0,0
205.3699,3,0,2,1,0,0,0,-1,0,1.0000,-1,7,8,7,0,22,0,0,0,0
205.3923,3,0,2,1,0,0,0,-1,0,1.0000,-1,7,8,7,0,22,0,0,0,0
205.4136,3,0,2,1,0,0,0,-1,0,1.0000,-1,7,8,7,0,22,0,0,0,0
205.4341,3,0,2,1,0,0,0,-1,0,1.0000,-1,7,8,7,0,22,0,0,0,0
205.4535,3,0,2,1,0,0,0,-1,0,1.0000,-1,7,8,7,0,22,0,0,0,0
205.4742,3,0,2,1,0,0,0,-1,0,1.0000,-1,7,8,7,0,22,0,0,0,0
205.4944,3,0,2,1,0,0,0,-1,0,1.0000,-1,7,8,7,0,22,0,0,0,0
205.516,3,0,2,0,0,0,0,-1,0,1.0000,-1,7,8,7,0,22,0,0,0,0
205.5351,3,0,2,0,0,0,0,-1,1,1.0000,-1,7,8,7,0,22,0,0,0,0
205.5553,3,0,2,0,0,0,0,-1,0,1.0000,-1,7,8,7,0,22,0,0,0,0
205.5761,3,0,2,0,0,0,0,-1,0,1.0000,-1,7,8,7,0,22,0,0,0,0
205.6166,3,0,2,0,0,0,0,-1,0,1.0000,-1,7,8,7,0,22,0,0,0,0
205.6311,3,0,2,0,0,0,0,-1,0,1.0000,-1,7,8,7,0,22,0,0,0,0
205.6452,3,0,2,0,0,0,0,-1,0,1.0000,-1,7,8,7,0,22,0,0,0,0
205.6642,3,0,2,0,0,0,0,-1,0,1.0000,-1,7,8,7,0,22,0,0,0,0
205.686,3,0,2,0,0,0,0,-1,1,2.0000,-1,7,8,7,0,22,0,0,0,0
205.707,3,0,2,0,0,0,0,-1,0,2.0000,-1,7,8,7,0,22,0,0,0,0
205.7271,3,0,2,0,0,0,0,-1,0,2.0000,-1,7,8,7,0,22,0,0,0,0
205.7484,3,0,2,0,0,0,0,-1,0,2.0000,-1,7,8,7,0,22,0,0,0,0
205.7683,3,0,2,0,0,0,0,-1,0,2.0000,-1,7,8,7,0,22,0,0,0,0
205.79,3,0,2,0,0,0,0,-1,0,2.0000,-1,7,8,7,0,22,0,0,0,0
205.8291,3,0,2,0,0,0,0,-1,0,2.0000,-1,7,8,7,0,22,0,0,0,0
205.8429,3,0,2,0,0,0,0,-1,0,2.0000,-1,7,8,7,0,22,0,0,0,0
205.8579,3,0,2,0,0,0,0,-1,0,2.0000,-1,7,8,7,0,22,0,0,0,0
205.8745,3,0,2,0,0,0,0,-1,0,2.0000,-1,7,8,7,0,22,0,0,0,0
205.8959,3,0,2,0,0,0,0,-1,0,2.0000,-1,7,8,7,0,22,0,0,0,0
205.9166,3,0,2,0,0,0,0,-1,0,2.0000,-1,7,8,7,0,22,0,0,0,0
205.9376,3,0,2,0,0,0,0,-1,0,2.0000,-1,7,8,7,0,22,0,0,0,0
205.959,3,0,2,0,0,0,0,-1,0,2.0000,-1,7,8,7,0,22,0,0,0,0
205.9814,3,0,2,0,0,0,0,-1,0,2.0000,-1,7,8,7,0,22,0,0,0,0
206.0013,3,0,2,0,0,0,0,-1,0,2.0000,-1,7,8,7,0,22,0,0,0,0
206.0219,3,0,2,0,0,0,0,-1,0,2.0000,-1,7,8,7,0,22,0,0,0,0
206.0422,3,0,2,0,0,0,0,-1,0,2.0000,-1,7,8,7,0,22,0,0,0,0
206.0642,3,0,2,0,0,0,0,-1,0,2.0000,-1,7,8,7,0,22,0,0,0,0
206.0851,3,0,2,0,0,0,0,-1,0,2.0000,-1,7,8,7,0,22,0,0,0,0
206.1031,3,0,2,0,0,0,0,-1,0,2.0000,-1,7,8,7,0,22,0,0,0,0
206.1266,3,0,2,0,0,0,0,-1,0,2.0000,-1,7,8,7,0,22,0,0,0,0
206.1468,3,0,2,0,0,0,0,-1,0,2.0000,-1,7,8,7,0,22,0,0,0,0
206.1663,3,0,2,0,0,0,0,-1,0,2.0000,-1,7,8,7,0,22,0,0,0,0
206.1857,3,0,2,0,0,0,0,-1,0,2.0000,-1,7,8,7,0,22,0,0,0,0
206.2051,3,0,2,0,0,0,0,-1,0,2.0000,-1,7,8,7,0,22,0,0,0,0
206.2432,3,0,2,0,0,0,0,-1,0,2.0000,-1,7,8,7,0,22,0,0,0,0
206.2567,3,0,2,0,0,0,0,-1,0,2.0000,-1,7,8,7,0,22,0,0,0,0
206.2699,3,0,2,0,0,0,0,-1,0,2.0000,-1,7,8,7,0,22,0,0,0,0
206.2918,3,0,2,0,0,0,0,-1,0,2.0000,-1,7,8,7,0,22,0,0,0,0
206.3124,3,0,2,0,0,0,0,-1,0,2.0000,-1,7,8,7,0,22,0,0,0,0
206.3346,3,0,2,0,0,0,0,-1,0,2.0000,-1,7,8,7,0,22,0,0,0,0
206.355,3,0,2,0,0,0,0,-1,0,2.0000,-1,7,8,7,0,22,0,0,0,0
206.3748,3,0,2,0,0,0,0,-1,0,2.0000,-1,7,8,7,0,22,0,0,0,0
206.3954,3,0,2,0,0,0,0,-1,0,2.0000,-1,7,8,7,0,22,0,0,0,0
206.4171,3,0,2,0,0,0,0,-1,0,2.0000,-1,7,8,7,0,22,0,0,0,0
206.4366,3,0,2,0,0,0,0,-1,0,2.0000,-1,7,8,7,0,22,0,0,0,0
206.4568,3,0,2,0,0,0,0,-1,0,2.0000,-1,7,8,7,0,22,0,0,0,0
206.4765,3,0,2,0,0,0,0,-1,1,3.0000,-1,7,8,7,0,22,0,0,0,0
206.4976,3,0,2,0,0,0,0,-1,0,3.0000,-1,7,8,7,0,22,0,0,0,0
206.5179,3,0,2,0,0,0,0,-1,0,3.0000,-1,7,8,7,0,22,0,0,0,0
206.539,3,0,2,0,0,0,0,-1,0,2.0000,-1,7,8,7,0,22,0,0,0,0
206.5599,3,0,2,0,0,0,0,-1,0,2.0000,-1,7,8,7,0,22,0,0,0,0
206.5806,3,0,2,0,0,0,0,-1,0,2.0000,-1,7,8,7,0,22,0,0,0,0
206.5995,3,0,2,0,0,0,0,-1,0,2.0000,-1,7,8,7,0,22,0,0,0,0
206.6188,3,0,2,0,0,0,0,-1,1,3.0000,-1,7,8,7,0,22,0,0,0,0
206.6567,3,0,2,0,0,0,0,-1,0,3.0000,-1,7,8,7,0,22,0,0,0,0
206.669,3,0,2,0,0,0,0,-1,0,3.0000,-1,7,8,7,0,22,0,0,0,0
206.6823,3,0,2,0,0,0,0,-1,0,3.0000,-1,7,8,7,0,22,0,0,0,0
206.7029,3,0,2,0,0,0,0,-1,0,2.0000,-1,7,8,7,0,22,0,0,0,0
206.7226,3,0,2,0,0,0,0,-1,0,2.0000,-1,7,8,7,0,22,0,0,0,0
206.7429,3,0,2,0,0,0,0,-1,0,2.0000,-1,7,8,7,0,22,0,0,0,0
206.7625,3,0,2,0,0,0,0,-1,0,2.0000,-1,7,8,7,0,22,0,0,0,0
206.7835,3,0,2,0,0,0,1,58,0,2.0000,-1,7,8,7,0,22,0,0,0,0
206.8036,3,0,2,0,0,0,1,58,0,2.0000,-1,7,8,7,0,22,0,0,0,0
206.8234,3,0,2,0,0,0,1,58,0,2.0000,-1,7,8,7,0,22,0,0,0,0
206.8427,3,0,2,0,0,0,1,58,0,2.0000,-1,7,8,7,0,22,0,0,0,0
206.863,3,0,2,0,0,0,1,58,0,2.0000,-1,7,8,7,0,22,0,0,0,0
206.8839,3,0,2,0,0,0,1,58,0,2.0000,-1,7,8,7,0,22,0,0,0,0
206.9041,3,0,2,0,0,0,1,58,0,2.0000,-1,7,8,7,0,22,0,0,0,0
206.9233,3,0,2,0,0,0,1,58,0,2.0000,-1,7,8,7,0,22,0,0,0,0
206.9434,3,0,2,0,0,0,1,58,0,2.0000,-1,7,8,7,0,22,0,0,0,0
206.964,3,0,2,0,0,0,1,58,0,2.0000,-1,7,8,7,0,22,0,0,0,0
206.984,3,0,2,0,0,0,1,58,0,2.0000,-1,7,8,7,0,22,0,0,0,0
207.0042,3,0,2,0,0,0,1,58,1,3.0000,-1,7,8,7,0,22,0,0,0,0
207.0246,3,0,2,0,0,0,1,58,0,3.0000,-1,7,8,7,0,22,0,0,0,0
207.0449,3,0,2,0,0,0,1,58,0,3.0000,-1,7,8,7,0,22,0,0,0,0
207.0636,3,0,2,0,0,0,1,58,0,3.0000,-1,7,8,7,0,22,0,0,0,0
207.0851,2,1,3,0,0,0,0,-1,0,3.0000,58,7,9,7,0,23,0,0,0,0
207.1051,2,0,3,0,0,0,0,-1,0,3.0000,-1,7,9,7,0,23,0,0,0,0
207.1245,2,0,3,0,0,0,0,-1,0,3.0000,-1,7,9,7,0,23,0,0,0,0
207.1465,2,0,3,0,0,0,0,-1,0,3.0000,-1,7,9,7,0,23,0,0,0,0
207.1663,2,0,3,0,0,0,0,-1,0,3.0000,-1,7,9,7,0,23,0,0,0,0
207.1876,2,0,3,0,0,0,0,-1,0,3.0000,-1,7,9,7,0,23,0,0,0,0
207.2082,2,0,3,0,0,0,0,-1,0,3.0000,-1,7,9,7,0,23,0,0,0,0
207.2285,2,0,3,0,0,0,0,-1,0,3.0000,-1,7,9,7,0,23,0,0,0,0
207.2676,2,0,3,0,0,0,0,-1,0,3.0000,-1,7,9,7,0,23,0,0,0,0
207.2795,2,0,3,0,0,0,0,-1,0,3.0000,-1,7,9,7,0,23,0,0,0,0
207.2932,2,0,3,0,0,0,0,-1,0,3.0000,-1,7,9,7,0,23,0,0,0,0
207.3138,2,0,3,0,0,0,0,-1,0,3.0000,-1,7,9,7,0,23,0,0,0,0
207.3338,2,0,3,0,0,0,0,-1,1,4.0000,-1,7,9,7,0,23,0,0,0,0
207.3541,2,0,3,0,0,0,0,-1,0,4.0000,-1,7,9,7,0,23,0,0,0,0
207.3741,2,0,3,0,0,0,0,-1,0,4.0000,-1,7,9,7,0,23,0,0,0,0
207.3949,2,0,3,0,0,0,0,-1,0,4.0000,-1,7,9,7,0,23,0,0,0,0
207.4152,2,0,3,0,0,0,0,-1,0,4.0000,-1,7,9,7,0,23,0,0,0,0
207.4362,2,0,3,0,0,0,0,-1,0,4.0000,-1,7,9,7,0,23,0,0,0,0
207.4568,2,0,3,0,0,0,0,-1,0,4.0000,-1,7,9,7,0,23,0,0,0,0
207.4774,2,0,3,0,0,0,1,63,0,3.0000,-1,7,9,7,0,23,0,0,0,0
207.4964,2,0,3,0,0,0,1,63,0,3.0000,-1,7,9,7,0,23,0,0,0,0
207.5182,2,0,3,0,0,0,1,63,0,3.0000,-1,7,9,7,0,23,0,0,0,0
207.5381,2,0,3,0,0,0,1,63,0,3.0000,-1,7,9,7,0,23,0,0,0,0
207.5573,2,0,3,0,0,0,1,63,0,3.0000,-1,7,9,7,0,23,0,0,0,0
207.5784,2,0,3,0,0,0,1,63,0,3.0000,-1,7,9,7,0,23,0,0,0,0
207.5988,2,0,3,0,0,0,1,63,0,3.0000,-1,7,9,7,0,23,0,0,0,0
207.6183,2,0,3,0,0,0,1,63,0,3.0000,-1,7,9,7,0,23,0,0,0,0
207.6391,2,0,3,0,0,0,1,63,0,2.0000,-1,7,9,7,0,23,0,0,0,0
207.6596,2,0,3,0,0,0,1,63,0,2.0000,-1,7,9,7,0,23,0,0,0,0
207.6805,2,0,3,0,0,0,1,63,0,2.0000,-1,7,9,7,0,23,0,0,0,0
207.701,2,0,3,0,0,0,1,63,0,2.0000,-1,7,9,7,0,23,0,0,0,0
207.7213,2,0,3,0,0,0,1,63,0,2.0000,-1,7,9,7,0,23,0,0,0,0
207.7431,2,0,3,0,0,0,1,63,0,2.0000,-1,7,9,7,0,23,0,0,0,0
207.7635,2,0,3,0,0,0,1,63,0,2.0000,-1,7,9,7,0,23,0,0,0,0
207.7845,2,0,3,0,0,0,1,63,0,2.0000,-1,7,9,7,0,23,0,0,0,0
207.8061,2,0,3,0,0,0,1,63,0,2.0000,-1,7,9,7,0,23,0,0,0,0
207.8267,2,0,3,0,0,0,1,63,0,2.0000,-1,7,9,7,0,23,0,0,0,0
207.8454,2,0,3,0,0,0,1,63,0,2.0000,-1,7,9,7,0,23,0,0,0,0
207.8656,2,0,3,0,0,0,1,63,0,2.0000,-1,7,9,7,0,23,0,0,0,0
207.8864,2,0,3,0,0,0,1,63,0,2.0000,-1,7,9,7,0,23,0,0,0,0
207.9066,2,0,3,0,0,0,1,63,0,2.0000,-1,7,9,7,0,23,0,0,0,0
207.9268,2,0,3,0,0,0,1,63,0,2.0000,-1,7,9,7,0,23,0,0,0,0
207.9464,2,0,3,0,0,0,1,63,0,2.0000,-1,7,9,7,0,23,0,0,0,0
207.9666,2,0,3,0,0,0,1,63,0,2.0000,-1,7,9,7,0,23,0,0,0,0
207.9859,2,0,3,0,0,0,1,63,0,2.0000,-1,7,9,7,0,23,0,0,0,0
208.0065,2,0,3,0,0,0,1,63,0,1.0000,-1,7,9,7,0,23,0,0,0,0
208.0262,2,0,3,0,0,0,1,63,0,1.0000,-1,7,9,7,0,23,0,0,0,0
208.0467,2,0,3,0,0,0,1,63,0,1.0000,-1,7,9,7,0,23,0,0,0,0
208.0661,2,0,3,0,0,0,1,63,0,1.0000,-1,7,9,7,0,23,0,0,0,0
208.0865,2,0,3,0,0,0,1,63,0,1.0000,-1,7,9,7,0,23,0,0,0,0
208.1066,2,0,3,0,0,0,1,63,0,1.0000,-1,7,9,7,0,23,0,0,0,0
208.1259,2,0,3,0,0,0,1,63,0,1.0000,-1,7,9,7,0,23,0,0,0,0
208.1459,2,0,3,0,0,0,1,63,0,1.0000,-1,7,9,7,0,23,0,0,0,0
208.1658,2,0,3,0,0,0,1,63,0,1.0000,-1,7,9,7,0,23,0,0,0,0
208.1852,2,0,3,0,0,0,1,63,0,1.0000,-1,7,9,7,0,23,0,0,0,0
208.2073,2,0,3,0,0,0,1,63,0,1.0000,-1,7,9,7,0,23,0,0,0,0
208.2264,2,0,3,0,0,0,1,63,0,1.0000,-1,7,9,7,0,23,0,0,0,0
208.2468,2,0,3,0,0,0,1,63,0,1.0000,-1,7,9,7,0,23,0,0,0,0
208.2658,2,0,3,0,0,0,1,63,0,1.0000,-1,7,9,7,0,23,0,0,0,0
208.2875,2,0,3,0,0,0,1,63,0,1.0000,-1,7,9,7,0,23,0,0,0,0
208.3073,2,0,3,0,0,0,1,63,0,1.0000,-1,7,9,7,0,23,0,0,0,0
208.3282,2,0,3,0,0,0,1,63,1,2.0000,-1,7,9,7,0,23,0,0,0,0
208.3489,2,0,3,0,0,0,0,-1,0,1.0000,-1,7,9,7,0,23,0,0,0,0
208.3671,2,0,3,0,0,0,0,-1,0,1.0000,-1,7,9,7,0,23,0,0,0,0
208.3868,2,0,3,0,0,0,0,-1,0,1.0000,-1,7,9,7,0,23,0,0,0,0
208.407,2,0,3,0,0,0,0,-1,0,1.0000,-1,7,9,7,0,23,0,0,0,0
208.428,2,0,3,0,0,0,0,-1,0,1.0000,-1,7,9,7,0,23,0,0,0,0
208.4483,2,0,3,0,0,0,0,-1,0,1.0000,-1,7,9,7,0,23,0,0,0,0
208.4865,2,0,3,0,0,0,0,-1,0,1.0000,-1,7,9,7,0,23,0,0,0,0
208.4986,2,0,3,0,0,0,0,-1,0,1.0000,-1,7,9,7,0,23,0,0,0,0
208.5106,2,0,3,0,0,0,1,60,0,1.0000,-1,7,9,7,0,23,0,0,0,0
208.5312,2,0,3,0,0,0,1,60,0,1.0000,-1,7,9,7,0,23,0,0,0,0
208.5522,2,0,3,0,0,0,1,60,0,1.0000,-1,7,9,7,0,23,0,0,0,0
208.5718,2,0,3,0,0,0,1,60,0,1.0000,-1,7,9,7,0,23,0,0,0,0
208.5924,2,0,3,0,0,0,1,60,0,1.0000,-1,7,9,7,0,23,0,0,0,0
208.6128,2,0,3,0,0,0,1,60,0,1.0000,-1,7,9,7,0,23,0,0,0,0
208.6328,2,0,3,0,0,0,1,60,0,1.0000,-1,7,9,7,0,23,0,0,0,0
208.6526,2,0,3,0,0,0,1,60,0,1.0000,-1,7,9,7,0,23,0,0,0,0
208.6733,2,0,3,0,0,0,1,60,0,1.0000,-1,7,9,7,0,23,0,0,0,0
208.694,2,0,3,0,0,0,1,60,1,2.0000,-1,7,9,7,0,23,0,0,0,0
208.7142,2,0,3,0,0,0,1,60,0,2.0000,-1,7,9,7,0,23,0,0,0,0
208.7348,2,0,3,0,0,0,1,60,0,2.0000,-1,7,9,7,0,23,0,0,0,0
208.754,2,0,3,0,0,0,1,60,0,2.0000,-1,7,9,7,0,23,0,0,0,0
208.7745,2,0,3,0,0,0,1,60,0,2.0000,-1,7,9,7,0,23,0,0,0,0
208.7953,2,0,3,0,0,0,1,60,0,2.0000,-1,7,9,7,0,23,0,0,0,0
208.8154,2,0,3,0,0,0,1,60,0,2.0000,-1,7,9,7,0,23,0,0,0,0
208.834,2,0,3,0,0,0,1,60,0,2.0000,-1,7,9,7,0,23,0,0,0,0
208.8546,2,0,3,0,0,0,1,60,0,2.0000,-1,7,9,7,0,23,0,0,0,0
208.8746,2,0,3,0,0,0,1,60,0,2.0000,-1,7,9,7,0,23,0,0,0,0
208.8954,2,0,3,0,0,0,1,60,0,2.0000,-1,7,9,7,0,23,0,0,0,0
208.9158,2,0,3,0,0,0,1,60,0,2.0000,-1,7,9,7,0,23,0,0,0,0
208.9359,2,0,3,0,0,0,1,60,0,2.0000,-1,7,9,7,0,23,0,0,0,0
208.9549,2,0,3,0,0,0,1,60,0,2.0000,-1,7,9,7,0,23,0,0,0,0
208.9754,2,0,3,0,0,0,1,60,0,2.0000,-1,7,9,7,0,23,0,0,0,0
208.9958,2,0,3,0,0,0,1,60,1,3.0000,-1,7,9,7,0,23,0,0,0,0
209.0163,2,0,3,0,0,0,1,62,0,3.0000,-1,7,9,7,0,23,0,0,0,0
209.0369,2,0,3,0,0,0,1,62,0,3.0000,-1,7,9,7,0,23,0,0,0,0
209.0561,2,0,3,0,0,0,1,62,0,3.0000,-1,7,9,7,0,23,0,0,0,0
209.0768,2,0,3,0,0,0,1,62,0,3.0000,-1,7,9,7,0,23,0,0,0,0
209.0973,2,0,3,0,0,0,1,62,0,3.0000,-1,7,9,7,0,23,0,0,0,0
209.1168,2,0,3,0,0,0,1,62,0,3.0000,-1,7,9,7,0,23,0,0,0,0
209.1376,2,0,3,0,0,0,1,62,0,3.0000,-1,7,9,7,0,23,0,0,0,0
209.1583,2,0,3,0,0,0,1,62,0,3.0000,-1,7,9,7,0,23,0,0,0,0
209.1781,2,0,3,0,0,0,1,62,0,3.0000,-1,7,9,7,0,23,0,0,0,0
209.1983,2,0,3,0,0,0,1,62,0,3.0000,-1,7,9,7,0,23,0,0,0,0
209.2237,2,0,3,0,0,0,1,62,0,3.0000,-1,7,9,7,0,23,0,0,0,0
209.2396,2,0,3,0,0,0,1,62,0,3.0000,-1,7,9,7,0,23,0,0,0,0
209.2597,2,0,3,0,0,0,1,62,0,3.0000,-1,7,9,7,0,23,0,0,0,0
209.2978,2,0,3,0,0,0,1,62,0,3.0000,-1,7,9,7,0,23,0,0,0,0
209.3096,2,0,3,0,0,0,1,62,0,3.0000,-1,7,9,7,0,23,0,0,0,0
209.3224,2,0,3,0,0,0,1,62,0,3.0000,-1,7,9,7,0,23,0,0,0,0
209.3431,2,0,3,0,0,0,1,62,0,2.0000,-1,7,9,7,0,23,0,0,0,0
209.3635,2,0,3,0,0,0,1,62,0,2.0000,-1,7,9,7,0,23,0,0,0,0
209.3834,2,0,3,0,0,0,1,62,0,2.0000,-1,7,9,7,0,23,0,0,0,0
209.4027,2,0,3,0,0,0,1,62,0,2.0000,-1,7,9,7,0,23,0,0,0,0
209.423,2,0,3,0,0,0,1,62,0,2.0000,-1,7,9,7,0,23,0,0,0,0
209.4424,2,0,3,0,0,0,1,62,0,2.0000,-1,7,9,7,0,23,0,0,0,0
209.4623,2,0,3,0,0,0,1,62,0,2.0000,-1,7,9,7,0,23,0,0,0,0
209.482,2,0,3,0,0,0,1,62,0,2.0000,-1,7,9,7,0,23,0,0,0,0
209.5024,2,0,3,0,0,0,1,62,0,2.0000,-1,7,9,7,0,23,0,0,0,0
209.5215,2,0,3,0,0,0,1,62,0,2.0000,-1,7,9,7,0,23,0,0,0,0
209.542,2,0,3,0,0,0,1,62,0,2.0000,-1,7,9,7,0,23,0,0,0,0
209.5625,2,0,3,0,0,0,1,62,0,2.0000,-1,7,9,7,0,23,0,0,0,0
209.583,2,0,3,0,0,0,1,62,0,2.0000,-1,7,9,7,0,23,0,0,0,0
209.6017,2,0,3,0,0,0,1,62,0,2.0000,-1,7,9,7,0,23,0,0,0,0
209.6211,2,0,3,0,0,0,1,62,0,2.0000,-1,7,9,7,0,23,0,0,0,0
209.6421,2,0,3,0,0,0,1,62,0,2.0000,-1,7,9,7,0,23,0,0,0,0
209.6625,2,0,3,0,0,0,1,62,0,2.0000,-1,7,9,7,0,23,0,0,0,0
209.6832,2,0,3,0,0,0,1,62,0,2.0000,-1,7,9,7,0,23,0,0,0,0
209.703,2,0,3,0,0,0,1,62,0,1.0000,-1,7,9,7,0,23,0,0,0,0
209.7229,2,0,3,0,0,0,1,62,0,1.0000,-1,7,9,7,0,23,0,0,0,0
209.7439,2,0,3,0,0,0,1,62,0,1.0000,-1,7,9,7,0,23,0,0,0,0
209.765,2,0,3,0,0,0,1,62,0,1.0000,-1,7,9,7,0,23,0,0,0,0
209.7855,2,0,3,0,0,0,1,62,0,1.0000,-1,7,9,7,0,23,0,0,0,0
209.805,2,0,3,0,0,0,1,62,0,1.0000,-1,7,9,7,0,23,0,0,0,0
209.8241,2,0,3,0,0,0,1,62,0,1.0000,-1,7,9,7,0,23,0,0,0,0
209.8449,2,0,3,0,0,0,1,62,0,1.0000,-1,7,9,7,0,23,0,0,0,0
209.8643,2,0,3,0,0,0,1,62,0,1.0000,-1,7,9,7,0,23,0,0,0,0
209.9028,2,0,3,0,0,0,1,62,0,1.0000,-1,7,9,7,0,23,0,0,0,0
209.9157,2,0,3,0,0,0,1,62,0,1.0000,-1,7,9,7,0,23,0,0,0,0
209.9289,2,0,3,0,0,0,1,62,0,1.0000,-1,7,9,7,0,23,0,0,0,0
209.9498,2,0,3,0,0,0,1,62,0,1.0000,-1,7,9,7,0,23,0,0,0,0
209.9693,2,0,3,0,0,0,1,62,0,1.0000,-1,7,9,7,0,23,0,0,0,0
209.9888,2,0,3,0,0,0,1,62,0,1.0000,-1,7,9,7,0,23,0,0,0,0
210.0092,2,0,3,0,0,0,1,62,0,0.0000,-1,7,9,7,0,23,0,0,0,0
210.0294,2,0,3,0,0,0,1,62,0,0.0000,-1,7,9,7,0,23,0,0,0,0
210.05,2,0,3,0,0,0,1,62,1,1.0000,-1,7,9,7,0,23,0,0,0,0
210.0689,2,0,3,0,0,0,1,62,0,1.0000,-1,7,9,7,0,23,0,0,0,0
210.0889,2,0,3,0,0,0,1,62,0,1.0000,-1,7,9,7,0,23,0,0,0,0
210.1088,2,0,3,0,0,0,1,62,0,1.0000,-1,7,9,7,0,23,0,0,0,0
210.1295,2,0,3,0,0,0,1,62,0,1.0000,-1,7,9,7,0,23,0,0,0,0
210.1507,2,0,3,0,0,0,1,62,0,1.0000,-1,7,9,7,0,23,0,0,0,0
210.169,2,0,3,0,0,0,1,62,0,1.0000,-1,7,9,7,0,23,0,0,0,0
210.19,2,0,3,0,0,0,1,62,0,1.0000,-1,7,9,7,0,23,0,0,0,0
210.2087,2,0,3,0,0,0,1,62,0,1.0000,-1,7,9,7,0,23,0,0,0,0
210.2308,2,0,3,0,0,0,1,62,0,1.0000,-1,7,9,7,0,23,0,0,0,0
210.2504,2,0,3,0,0,0,1,62,0,1.0000,-1,7,9,7,0,23,0,0,0,0
210.2717,2,0,3,0,0,0,1,62,0,1.0000,-1,7,9,7,0,23,0,0,0,0
210.2905,2,0,3,0,0,0,1,62,0,1.0000,-1,7,9,7,0,23,0,0,0,0
210.3107,2,0,3,0,0,0,1,62,0,1.0000,-1,7,9,7,0,23,0,0,0,0
210.3306,2,0,3,0,0,0,1,62,0,1.0000,-1,7,9,7,0,23,0,0,0,0
210.3522,2,0,3,0,0,0,1,62,0,1.0000,-1,7,9,7,0,23,0,0,0,0
210.3716,2,0,3,0,0,0,1,62,0,1.0000,-1,7,9,7,0,23,0,0,0,0
210.3915,2,0,3,0,0,0,1,62,0,1.0000,-1,7,9,7,0,23,0,0,0,0
210.4107,2,0,3,0,0,0,1,62,0,1.0000,-1,7,9,7,0,23,0,0,0,0
210.4294,2,0,3,0,0,0,1,62,0,1.0000,-1,7,9,7,0,23,0,0,0,0
210.4505,2,0,3,0,0,0,1,62,0,1.0000,-1,7,9,7,0,23,0,0,0,0
210.4704,2,0,3,0,0,0,1,62,0,1.0000,-1,7,9,7,0,23,0,0,0,0
210.489,2,0,3,0,0,0,1,62,0,1.0000,-1,7,9,7,0,23,0,0,0,0
210.5098,2,0,3,0,0,0,1,62,0,1.0000,-1,7,9,7,0,23,0,0,0,0
210.5304,2,0,3,0,0,0,1,62,0,1.0000,-1,7,9,7,0,23,0,0,0,0
210.5518,2,0,3,0,0,0,1,62,0,1.0000,-1,7,9,7,0,23,0,0,0,0
210.5695,2,0,3,0,0,0,1,62,0,1.0000,-1,7,9,7,0,23,0,0,0,0
210.5916,2,0,3,0,0,0,1,62,0,1.0000,-1,7,9,7,0,23,0,0,0,0
210.6113,2,0,3,0,0,0,1,62,0,1.0000,-1,7,9,7,0,23,0,0,0,0
210.6312,2,0,3,0,0,0,1,62,0,1.0000,-1,7,9,7,0,23,0,0,0,0
210.6501,2,0,3,0,0,0,1,62,0,1.0000,-1,7,9,7,0,23,0,0,0,0
210.6724,2,0,3,0,0,0,1,62,0,1.0000,-1,7,9,7,0,23,0,0,0,0
210.6909,2,0,3,0,0,0,1,62,0,1.0000,-1,7,9,7,0,23,0,0,0,0
210.7312,2,0,3,0,0,0,1,62,0,1.0000,-1,7,9,7,0,23,0,0,0,0
210.7425,2,0,3,0,0,0,1,62,0,1.0000,-1,7,9,7,0,23,0,0,0,0
210.7553,2,0,3,0,0,0,1,62,0,1.0000,-1,7,9,7,0,23,0,0,0,0
210.777,2,0,3,0,0,0,1,62,0,1.0000,-1,7,9,7,0,23,0,0,0,0
210.7984,2,0,3,0,0,0,1,62,0,1.0000,-1,7,9,7,0,23,0,0,0,0
210.8194,2,0,3,0,0,0,1,62,0,1.0000,-1,7,9,7,0,23,0,0,0,0
210.8408,2,0,3,0,0,0,1,62,0,1.0000,-1,7,9,7,0,23,0,0,0,0
210.8604,2,0,3,0,0,0,1,62,0,1.0000,-1,7,9,7,0,23,0,0,0,0
210.8823,2,0,3,0,0,0,1,62,0,1.0000,-1,7,9,7,0,23,0,0,0,0
210.9015,2,0,3,0,0,0,1,62,0,1.0000,-1,7,9,7,0,23,0,0,0,0
210.9401,2,0,3,0,0,0,1,62,0,1.0000,-1,7,9,7,0,23,0,0,0,0
210.9532,2,0,3,0,0,0,1,62,0,1.0000,-1,7,9,7,0,23,0,0,0,0
210.9664,2,0,3,0,0,0,1,62,0,1.0000,-1,7,9,7,0,23,0,0,0,0
210.985,2,0,3,0,0,0,1,62,0,1.0000,-1,7,9,7,0,23,0,0,0,0
211.0061,2,0,3,0,0,0,1,62,0,1.0000,-1,7,9,7,0,23,0,0,0,0
211.0262,2,0,3,0,0,0,1,62,0,1.0000,-1,7,9,7,0,23,0,0,0,0
211.0471,2,0,3,0,0,0,1,62,1,2.0000,-1,7,9,7,0,23,0,0,0,0
211.0683,2,0,3,0,0,0,0,-1,0,1.0000,-1,7,9,7,0,23,0,0,0,0
211.0892,2,0,3,0,0,0,0,-1,0,1.0000,-1,7,9,7,0,23,0,0,0,0
211.1092,2,0,3,0,0,0,0,-1,0,1.0000,-1,7,9,7,0,23,0,0,0,0
211.1305,2,0,3,0,0,0,0,-1,0,1.0000,-1,7,9,7,0,23,0,0,0,0
211.152,2,0,3,0,0,0,0,-1,0,1.0000,60,7,10,7,0,24,0,0,0,0
211.1929,2,0,3,0,0,0,0,-1,0,1.0000,-1,7,10,7,0,24,0,0,0,0
211.2062,2,0,3,0,0,0,0,-1,0,1.0000,-1,7,10,7,0,24,0,0,0,0
211.2194,2,0,3,0,0,0,0,-1,0,1.0000,-1,7,10,7,0,24,0,0,0,0
211.2412,2,0,3,0,0,0,0,-1,0,1.0000,-1,7,10,7,0,24,0,0,0,0
211.263,2,0,3,0,0,0,0,-1,0,1.0000,-1,7,10,7,0,24,0,0,0,0
211.2858,2,0,3,0,0,0,0,-1,0,1.0000,-1,7,10,7,0,24,0,0,0,0
211.3049,2,0,3,0,0,0,0,-1,0,1.0000,-1,7,10,7,0,24,0,0,0,0
211.3249,2,0,3,0,0,0,0,-1,0,1.0000,-1,7,10,7,0,24,0,0,0,0
211.3638,2,0,3,0,0,0,1,64,0,1.0000,-1,7,10,7,0,24,0,0,0,0
211.3788,2,0,3,0,0,0,1,64,0,1.0000,-1,7,10,7,0,24,0,0,0,0
211.3908,2,0,3,0,0,0,1,64,0,1.0000,-1,7,10,7,0,24,0,0,0,0
211.4115,2,0,3,0,0,0,1,64,0,1.0000,-1,7,10,7,0,24,0,0,0,0
211.4324,2,0,3,0,0,0,1,64,0,1.0000,-1,7,10,7,0,24,0,0,0,0
211.4528,2,0,3,0,0,0,1,64,0,1.0000,-1,7,10,7,0,24,0,0,0,0
211.4733,2,0,3,0,0,0,1,64,0,1.0000,-1,7,10,7,0,24,0,0,0,0
211.4944,2,0,3,0,0,0,1,64,0,1.0000,-1,7,10,7,0,24,0,0,0,0
211.517,2,0,3,0,0,0,1,64,0,1.0000,-1,7,10,7,0,24,0,0,0,0
211.5381,2,0,3,0,0,0,1,64,0,1.0000,-1,7,10,7,0,24,0,0,0,0
211.5559,2,0,3,0,0,0,1,64,0,1.0000,-1,7,10,7,0,24,0,0,0,0
211.5774,2,0,3,0,0,0,1,64,0,1.0000,-1,7,10,7,0,24,0,0,0,0
211.5972,2,0,3,0,0,0,1,64,0,1.0000,-1,7,10,7,0,24,0,0,0,0
211.6181,2,0,3,0,0,0,1,64,0,1.0000,-1,7,10,7,0,24,0,0,0,0
211.6384,2,0,3,0,0,0,1,64,0,1.0000,-1,7,10,7,0,24,0,0,0,0
211.6596,2,0,3,0,0,0,1,64,0,1.0000,-1,7,10,7,0,24,0,0,0,0
211.6793,2,0,3,0,0,0,1,64,0,1.0000,-1,7,10,7,0,24,0,0,0,0
211.6984,2,0,3,0,0,0,1,64,0,1.0000,-1,7,10,7,0,24,0,0,0,0
211.7189,2,0,3,0,0,0,1,64,0,1.0000,-1,7,10,7,0,24,0,0,0,0
211.7398,2,0,3,0,0,0,1,64,0,1.0000,-1,7,10,7,0,24,0,0,0,0
211.7612,2,0,3,0,0,0,1,64,0,1.0000,-1,7,10,7,0,24,0,0,0,0
211.7807,2,0,3,0,0,0,1,64,0,1.0000,-1,7,10,7,0,24,0,0,0,0
211.8003,2,0,3,0,0,0,1,64,0,1.0000,-1,7,10,7,0,24,0,0,0,0
211.8206,2,0,3,0,0,0,1,64,0,1.0000,-1,7,10,7,0,24,0,0,0,0
211.8424,2,0,3,0,0,0,1,64,0,1.0000,-1,7,10,7,0,24,0,0,0,0
211.8625,2,0,3,0,0,0,1,64,0,1.0000,-1,7,10,7,0,24,0,0,0,0
211.8838,2,0,3,0,0,0,1,64,0,1.0000,-1,7,10,7,0,24,0,0,0,0
211.9024,2,0,3,0,0,0,1,64,0,1.0000,-1,7,10,7,0,24,0,0,0,0
211.9224,2,0,3,0,0,0,1,64,0,1.0000,-1,7,10,7,0,24,0,0,0,0
211.9434,2,0,3,0,0,0,1,64,0,1.0000,-1,7,10,7,0,24,0,0,0,0
211.9625,2,0,3,0,0,0,1,64,0,1.0000,-1,7,10,7,0,24,0,0,0,0
211.9845,2,0,3,0,0,0,1,64,0,1.0000,-1,7,10,7,0,24,0,0,0,0
212.0031,2,0,3,0,0,0,1,64,0,1.0000,-1,7,10,7,0,24,0,0,0,0
212.0234,2,0,3,0,0,0,1,64,0,1.0000,-1,7,10,7,0,24,0,0,0,0
212.0421,2,0,3,0,0,0,1,64,0,1.0000,-1,7,10,7,0,24,0,0,0,0
212.0625,2,0,3,0,0,0,1,64,0,0.0000,-1,7,10,7,0,24,0,0,0,0
212.0831,2,0,3,0,0,0,1,64,0,0.0000,-1,7,10,7,0,24,0,0,0,0
212.104,2,0,3,0,0,0,1,64,0,0.0000,-1,7,10,7,0,24,0,0,0,0
212.1231,2,0,3,0,0,0,1,64,0,0.0000,-1,7,10,7,0,24,0,0,0,0
212.1429,2,0,3,0,0,0,1,64,0,0.0000,-1,7,10,7,0,24,0,0,0,0
212.1641,2,0,3,0,0,0,1,64,0,0.0000,-1,7,10,7,0,24,0,0,0,0
212.2012,2,0,3,0,0,0,1,64,0,0.0000,-1,7,10,7,0,24,0,0,0,0
212.2128,2,0,3,0,0,0,1,64,0,0.0000,-1,7,10,7,0,24,0,0,0,0
212.2279,2,0,3,0,0,0,1,64,0,0.0000,-1,7,10,7,0,24,0,0,0,0
212.2482,2,0,3,0,0,0,1,64,0,0.0000,-1,7,10,7,0,24,0,0,0,0
212.2686,2,0,3,0,0,0,1,64,0,0.0000,-1,7,10,7,0,24,0,0,0,0
212.2891,2,0,3,0,0,0,1,64,0,0.0000,-1,7,10,7,0,24,0,0,0,0
212.309,2,0,3,0,0,0,1,64,0,0.0000,-1,7,10,7,0,24,0,0,0,0
212.33,2,0,3,0,0,0,1,64,0,0.0000,-1,7,10,7,0,24,0,0,0,0
212.3502,2,0,3,0,0,0,1,64,0,0.0000,-1,7,10,7,0,24,0,0,0,0
212.371,2,0,3,0,0,0,1,64,0,0.0000,-1,7,10,7,0,24,0,0,0,0
212.3904,2,0,3,0,0,0,1,64,0,0.0000,-1,7,10,7,0,24,0,0,0,0
212.4118,2,0,3,0,0,0,1,64,0,0.0000,-1,7,10,7,0,24,0,0,0,0
212.4306,2,0,3,0,0,0,1,64,0,0.0000,-1,7,10,7,0,24,0,0,0,0
212.4515,2,0,3,0,0,0,1,64,0,0.0000,-1,7,10,7,0,24,0,0,0,0
212.4721,2,0,3,0,0,0,1,64,0,0.0000,-1,7,10,7,0,24,0,0,0,0
212.4927,2,0,3,0,0,0,1,64,0,0.0000,-1,7,10,7,0,24,0,0,0,0
212.5114,2,0,3,0,0,0,1,64,0,0.0000,-1,7,10,7,0,24,0,0,0,0
212.5307,2,0,3,0,0,0,1,64,0,0.0000,-1,7,10,7,0,24,0,0,0,0
212.5515,2,0,3,0,0,0,1,64,0,0.0000,-1,7,10,7,0,24,0,0,0,0
212.5718,2,0,3,0,0,0,1,64,0,0.0000,-1,7,10,7,0,24,0,0,0,0
212.5929,2,0,3,0,0,0,1,64,0,0.0000,-1,7,10,7,0,24,0,0,0,0
212.6119,2,0,3,0,0,0,1,64,0,0.0000,-1,7,10,7,0,24,0,0,0,0
212.6331,2,0,3,0,0,0,1,64,0,0.0000,-1,7,10,7,0,24,0,0,0,0
212.6527,2,0,3,0,0,0,1,64,0,0.0000,-1,7,10,7,0,24,0,0,0,0
212.6725,2,0,3,0,0,0,1,64,0,0.0000,-1,7,10,7,0,24,0,0,0,0
212.6939,2,0,3,0,0,0,1,64,0,0.0000,-1,7,10,7,0,24,0,0,0,0
212.7117,2,0,3,0,0,0,1,64,0,0.0000,-1,7,10,7,0,24,0,0,0,0
212.7322,2,0,3,0,0,0,1,64,0,0.0000,-1,7,10,7,0,24,0,0,0,0
212.7522,2,0,3,0,0,0,1,64,0,0.0000,-1,7,10,7,0,24,0,0,0,0
212.7728,2,0,3,0,0,0,1,64,0,0.0000,-1,7,10,7,0,24,0,0,0,0
212.7928,2,0,3,0,0,0,1,64,0,0.0000,-1,7,10,7,0,24,0,0,0,0
212.815,2,0,3,0,0,0,1,64,0,0.0000,-1,7,10,7,0,24,0,0,0,0
212.8357,2,0,3,0,0,0,1,64,0,0.0000,-1,7,10,7,0,24,0,0,0,0
212.855,2,0,3,0,0,0,1,64,0,0.0000,-1,7,10,7,0,24,0,0,0,0
212.8755,2,0,3,0,0,0,1,64,0,0.0000,-1,7,10,7,0,24,0,0,0,0
212.8959,2,0,3,0,0,0,1,64,0,0.0000,-1,7,10,7,0,24,0,0,0,0
212.9162,2,0,3,0,0,0,1,64,0,0.0000,-1,7,10,7,0,24,0,0,0,0
212.9357,2,0,3,0,0,0,1,64,0,0.0000,-1,7,10,7,0,24,0,0,0,0
212.9564,2,0,3,0,0,0,1,64,0,0.0000,-1,7,10,7,0,24,0,0,0,0
212.9757,2,0,3,0,0,0,1,64,0,0.0000,-1,7,10,7,0,24,0,0,0,0
212.9951,2,0,3,0,0,0,1,64,0,0.0000,-1,7,10,7,0,24,0,0,0,0
213.0163,2,0,3,0,0,0,1,64,0,0.0000,-1,7,10,7,0,24,0,0,0,0
213.0345,2,0,3,0,0,0,1,64,0,0.0000,-1,7,10,7,0,24,0,0,0,0
213.0541,2,0,3,0,0,0,1,64,0,0.0000,-1,7,10,7,0,24,0,0,0,0
213.0741,2,0,3,0,0,0,1,64,0,0.0000,-1,7,10,7,0,24,0,0,0,0
213.0961,2,0,3,0,0,0,1,64,0,0.0000,-1,7,10,7,0,24,0,0,0,0
213.117,2,0,3,0,0,0,1,64,0,0.0000,-1,7,10,7,0,24,0,0,0,0
213.1375,2,0,3,0,0,0,1,64,0,0.0000,-1,7,10,7,0,24,0,0,0,0
213.1585,2,0,3,0,0,0,1,64,0,0.0000,-1,7,10,7,0,24,0,0,0,0
213.1788,2,0,3,0,0,0,1,64,0,0.0000,-1,7,10,7,0,24,0,0,0,0
213.1998,2,0,3,0,0,0,1,64,0,0.0000,-1,7,10,7,0,24,0,0,0,0
213.2212,2,0,3,0,0,0,1,64,0,0.0000,-1,7,10,7,0,24,0,0,0,0
213.2417,2,0,3,0,0,0,1,64,0,0.0000,-1,7,10,7,0,24,0,0,0,0
213.2628,2,0,3,0,0,0,1,64,0,0.0000,-1,7,10,7,0,24,0,0,0,0
213.2848,2,0,3,0,0,0,1,64,0,0.0000,-1,7,10,7,0,24,0,0,0,0
213.3062,2,0,3,0,0,0,1,64,0,0.0000,-1,7,10,7,0,24,0,0,0,0
213.3269,2,0,3,0,0,0,1,64,0,0.0000,-1,7,10,7,0,24,0,0,0,0
213.3493,2,0,3,0,0,0,1,64,0,0.0000,-1,7,10,7,0,24,0,0,0,0
213.3693,2,0,3,0,0,0,1,64,0,0.0000,-1,7,10,7,0,24,0,0,0,0
213.3891,2,0,3,0,0,0,1,64,0,0.0000,-1,7,10,7,0,24,0,0,0,0
213.4098,2,0,3,0,0,0,1,64,0,0.0000,-1,7,10,7,0,24,0,0,0,0
213.4307,2,0,3,0,0,0,1,64,0,0.0000,-1,7,10,7,0,24,0,0,0,0
213.4526,2,0,3,0,0,0,1,64,0,0.0000,-1,7,10,7,0,24,0,0,0,0
213.4735,2,0,3,0,0,0,1,64,0,0.0000,-1,7,10,7,0,24,0,0,0,0
213.4944,2,0,3,0,0,0,1,64,0,0.0000,-1,7,10,7,0,24,0,0,0,0
213.5159,2,0,3,0,0,0,1,64,0,0.0000,-1,7,10,7,0,24,0,0,0,0
213.5409,2,0,3,0,0,0,1,64,0,0.0000,-1,7,10,7,0,24,0,0,0,0
213.5597,2,0,3,0,0,0,1,64,0,0.0000,-1,7,10,7,0,24,0,0,0,0
213.5776,2,0,3,0,0,0,1,64,0,0.0000,-1,7,10,7,0,24,0,0,0,0
213.6005,2,0,3,0,0,0,1,64,1,1.0000,-1,7,10,7,0,24,0,0,0,0
213.6403,2,0,3,0,0,0,1,64,0,1.0000,-1,7,10,7,0,24,0,0,0,0
213.6523,2,0,3,0,0,0,0,-1,0,1.0000,-1,7,10,7,0,24,0,0,0,0
213.6647,2,0,3,0,0,0,0,-1,0,1.0000,-1,7,10,7,0,24,0,0,0,0
213.6868,2,0,3,0,0,0,0,-1,0,1.0000,-1,7,10,7,0,24,0,0,0,0
213.7076,2,0,3,0,0,0,0,-1,0,1.0000,-1,7,10,7,0,24,0,0,0,0
213.7287,2,0,3,0,0,0,0,-1,0,1.0000,-1,7,10,7,0,24,0,0,0,0
213.7499,2,0,3,0,0,0,0,-1,0,1.0000,-1,7,10,7,0,24,0,0,0,0
213.7715,2,0,3,0,0,0,0,-1,0,1.0000,-1,7,10,7,0,24,0,0,0,0
213.7937,2,0,3,0,0,0,0,-1,0,1.0000,-1,7,10,7,0,24,0,0,0,0
213.8119,2,0,3,0,0,0,0,-1,0,1.0000,-1,7,10,7,0,24,0,0,0,0
213.8526,2,0,3,0,0,0,0,-1,0,1.0000,-1,7,10,7,0,24,0,0,0,0
213.8649,2,0,3,0,0,0,0,-1,0,1.0000,-1,7,10,7,0,24,0,0,0,0
213.8778,2,0,3,0,0,0,0,-1,0,1.0000,-1,7,10,7,0,24,0,0,0,0
213.8998,2,0,3,0,0,0,0,-1,0,1.0000,-1,7,10,7,0,24,0,0,0,0
213.9206,2,0,3,0,0,0,0,-1,0,1.0000,-1,7,10,7,0,24,0,0,0,0
213.9411,2,0,3,0,0,0,0,-1,0,1.0000,-1,7,10,7,0,24,0,0,0,0
213.9625,2,0,3,0,0,0,0,-1,0,1.0000,-1,7,10,7,0,24,0,0,0,0
213.9827,2,0,3,0,0,0,0,-1,0,1.0000,-1,7,10,7,0,24,0,0,0,0
214.0025,2,0,3,0,0,0,0,-1,0,1.0000,-1,7,10,7,0,24,0,0,0,0
214.0224,2,0,3,0,0,0,0,-1,0,1.0000,-1,7,10,7,0,24,0,0,0,0
214.0419,2,0,3,0,0,0,0,-1,0,1.0000,-1,7,10,7,0,24,0,0,0,0
214.063,2,0,3,0,0,0,0,-1,0,1.0000,-1,7,10,7,0,24,0,0,0,0
214.0837,2,0,3,0,0,0,0,-1,0,1.0000,-1,7,10,7,0,24,0,0,0,0
214.1044,2,0,3,0,0,0,0,-1,0,1.0000,-1,7,10,7,0,24,0,0,0,0
214.1228,2,0,3,0,0,0,0,-1,0,1.0000,-1,7,10,7,0,24,0,0,0,0
214.1454,2,0,3,0,0,0,0,-1,0,1.0000,-1,7,10,7,0,24,0,0,0,0
214.1649,2,0,3,0,0,0,0,-1,0,1.0000,-1,7,10,7,0,24,0,0,0,0
214.1853,2,0,3,0,0,0,0,-1,0,1.0000,-1,7,10,7,0,24,0,0,0,0
214.2055,2,0,3,0,0,0,0,-1,0,1.0000,-1,7,10,7,0,24,0,0,0,0
214.2235,2,0,3,0,0,0,0,-1,0,1.0000,-1,7,10,7,0,24,0,0,0,0
214.2452,2,0,3,0,0,0,0,-1,0,1.0000,-1,7,10,7,0,24,0,0,0,0
214.2668,2,0,3,0,0,0,0,-1,0,1.0000,-1,7,10,7,0,24,0,0,0,0
214.2876,2,0,3,0,0,0,0,-1,0,1.0000,-1,7,10,7,0,24,0,0,0,0
214.3066,2,0,3,0,0,0,0,-1,0,1.0000,-1,7,10,7,0,24,0,0,0,0
214.3277,2,0,3,0,0,0,0,-1,0,1.0000,-1,7,10,7,0,24,0,0,0,0
214.3471,2,0,3,0,0,0,0,-1,0,1.0000,-1,7,10,7,0,24,0,0,0,0
214.3678,2,0,3,0,0,0,0,-1,0,1.0000,-1,7,10,7,0,24,0,0,0,0
214.3885,2,0,3,0,0,0,0,-1,0,1.0000,-1,7,10,7,0,24,0,0,0,0
214.4082,2,0,3,0,0,0,0,-1,0,1.0000,-1,7,10,7,0,24,0,0,0,0
214.43,2,0,3,0,0,0,0,-1,0,1.0000,-1,7,10,7,0,24,0,0,0,0
214.4499,2,0,3,0,0,0,0,-1,0,1.0000,-1,7,10,7,0,24,0,0,0,0
214.4718,2,0,3,0,0,0,0,-1,0,1.0000,-1,7,10,7,0,24,0,0,0,0
214.4905,2,0,3,0,0,0,0,-1,0,1.0000,-1,7,10,7,0,24,0,0,0,0
214.5115,2,0,3,0,0,0,0,-1,0,1.0000,-1,7,10,7,0,24,0,0,0,0
214.5303,2,0,3,0,0,0,0,-1,0,1.0000,-1,7,10,7,0,24,0,0,0,0
214.5532,2,0,3,1,0,0,0,-1,0,1.0000,-1,7,10,7,0,24,0,0,0,0
214.5717,2,0,3,1,0,0,0,-1,0,1.0000,-1,7,10,7,0,24,0,0,0,0
214.5915,2,0,3,1,0,0,0,-1,0,1.0000,-1,7,10,7,0,24,0,0,0,0
214.6134,2,0,3,1,0,0,0,-1,0,0.0000,-1,7,10,7,0,24,0,0,0,0
214.6331,2,0,3,1,0,0,0,-1,0,0.0000,-1,7,10,7,0,24,0,0,0,0
214.6716,2,0,3,1,0,0,0,-1,0,0.0000,-1,7,10,7,0,24,0,0,0,0
214.684,2,0,3,1,0,0,0,-1,0,0.0000,-1,7,10,7,0,24,0,0,0,0
214.6973,2,0,3,1,0,0,0,-1,0,0.0000,-1,7,10,7,0,24,0,0,0,0
214.7189,2,0,3,1,0,0,0,-1,0,0.0000,-1,7,10,7,0,24,0,0,0,0
214.7399,2,0,3,1,0,0,0,-1,0,0.0000,-1,7,10,7,0,24,0,0,0,0
214.7619,2,0,3,1,0,0,0,-1,0,0.0000,-1,7,10,7,0,24,0,0,0,0
214.7814,2,0,3,1,0,0,0,-1,0,0.0000,-1,7,10,7,0,24,0,0,0,0
214.8026,2,0,3,1,0,0,0,-1,0,0.0000,-1,7,10,7,0,24,0,0,0,0
214.8219,2,0,3,1,0,0,0,-1,0,0.0000,-1,7,10,7,0,24,0,0,0,0
214.8431,2,0,3,1,0,0,0,-1,0,0.0000,-1,7,10,7,0,24,0,0,0,0
214.8639,2,0,3,1,0,0,0,-1,0,0.0000,-1,7,10,7,0,24,0,0,0,0
214.8855,2,0,3,1,0,0,0,-1,0,0.0000,-1,7,10,7,0,24,0,0,0,0
214.9058,2,0,3,1,0,0,0,-1,1,1.0000,-1,7,10,7,0,24,0,0,0,0
214.9278,2,0,3,1,0,0,0,-1,0,1.0000,-1,7,10,7,0,24,0,0,0,0
214.9482,2,0,3,1,0,0,0,-1,0,1.0000,-1,7,10,7,0,24,0,0,0,0
214.9672,2,0,3,1,0,0,0,-1,0,1.0000,-1,7,10,7,0,24,0,0,0,0
214.9892,2,0,3,1,0,0,0,-1,0,1.0000,-1,7,10,7,0,24,0,0,0,0
215.0083,2,0,3,1,0,0,0,-1,0,1.0000,-1,7,10,7,0,24,0,0,0,0
215.0295,2,0,3,1,0,0,0,-1,0,1.0000,-1,7,10,7,0,24,0,0,0,0
215.0489,2,0,3,1,0,0,0,-1,0,1.0000,-1,7,10,7,0,24,0,0,0,0
215.0684,2,0,3,1,0,0,0,-1,0,1.0000,-1,7,10,7,0,24,0,0,0,0
215.0896,2,0,3,1,0,0,0,-1,0,1.0000,-1,7,10,7,0,24,0,0,0,0
215.1099,2,0,3,1,0,0,0,-1,0,1.0000,-1,7,10,7,0,24,0,0,0,0
215.1317,2,0,3,1,0,0,0,-1,0,1.0000,-1,7,10,7,0,24,0,0,0,0
215.1508,2,0,3,1,0,0,0,-1,0,1.0000,-1,7,10,7,0,24,0,0,0,0
215.1724,2,0,3,1,0,0,0,-1,0,1.0000,-1,7,10,7,0,24,0,0,0,0
215.1926,2,0,3,1,0,0,0,-1,0,1.0000,-1,7,10,7,0,24,0,0,0,0
215.2114,2,0,3,1,0,0,0,-1,0,1.0000,-1,7,10,7,0,24,0,0,0,0
215.233,2,0,3,1,0,0,0,-1,0,1.0000,-1,7,10,7,0,24,0,0,0,0
215.2526,2,0,3,1,0,0,0,-1,0,1.0000,-1,7,10,7,0,24,0,0,0,0
215.2913,2,0,3,1,0,0,0,-1,0,1.0000,-1,7,10,7,0,24,0,0,0,0
215.3039,2,0,3,1,0,0,0,-1,0,1.0000,-1,7,10,7,0,24,0,0,0,0
215.3176,2,0,3,1,0,0,0,-1,0,1.0000,-1,7,10,7,0,24,0,0,0,0
215.3387,2,0,3,1,0,0,0,-1,0,1.0000,-1,7,10,7,0,24,0,0,0,0
215.3597,2,0,3,1,0,0,0,-1,0,1.0000,-1,7,10,7,0,24,0,0,0,0
215.3801,2,0,3,1,0,0,0,-1,1,2.0000,-1,7,10,7,0,24,0,0,0,0
215.4018,2,0,3,1,0,0,0,-1,0,2.0000,-1,7,10,7,0,24,0,0,0,0
215.4211,2,0,3,1,0,0,0,-1,0,2.0000,-1,7,10,7,0,24,0,0,0,0
215.4428,2,0,3,1,0,0,0,-1,0,2.0000,-1,7,10,7,0,24,0,0,0,0
215.4619,2,0,3,1,0,0,0,-1,0,2.0000,-1,7,10,7,0,24,0,0,0,0
215.4845,2,0,3,1,0,0,0,-1,0,2.0000,-1,7,10,7,0,24,0,0,0,0
215.5028,2,0,3,1,0,0,0,-1,0,2.0000,-1,7,10,7,0,24,0,0,0,0
215.5237,2,0,3,1,0,0,0,-1,0,2.0000,-1,7,10,7,0,24,0,0,0,0
215.5445,2,0,3,1,0,0,0,-1,0,2.0000,-1,7,10,7,0,24,0,0,0,0
215.5649,2,0,3,1,0,0,0,-1,0,2.0000,-1,7,10,7,0,24,0,0,0,0
215.5857,2,0,3,1,0,0,0,-1,0,2.0000,-1,7,10,7,0,24,0,0,0,0
215.6077,2,0,3,1,0,0,0,-1,0,2.0000,-1,7,10,7,0,24,0,0,0,0
215.6291,2,0,3,1,0,0,0,-1,0,2.0000,-1,7,10,7,0,24,0,0,0,0
215.6494,2,0,3,1,0,0,0,-1,0,2.0000,-1,7,10,7,0,24,0,0,0,0
215.6697,2,0,3,1,0,0,0,-1,0,2.0000,-1,7,10,7,0,24,0,0,0,0
215.6898,2,0,3,1,0,0,0,-1,0,2.0000,-1,7,10,7,0,24,0,0,0,0
215.712,2,0,3,1,0,0,0,-1,0,2.0000,-1,7,10,7,0,24,0,0,0,0
215.7329,2,0,3,1,0,0,0,-1,0,2.0000,-1,7,10,7,0,24,0,0,0,0
215.7538,2,0,3,1,0,0,0,-1,0,2.0000,-1,7,10,7,0,24,0,0,0,0
215.7761,2,0,3,1,0,0,0,-1,0,2.0000,-1,7,10,7,0,24,0,0,0,0
215.7976,2,0,3,1,0,0,0,-1,0,2.0000,-1,7,10,7,0,24,0,0,0,0
215.8206,2,0,3,1,0,0,0,-1,0,2.0000,-1,7,10,7,0,24,0,0,0,0
215.8424,2,0,3,1,0,0,0,-1,0,2.0000,-1,7,10,7,0,24,0,0,0,0
215.8639,2,0,3,1,0,0,0,-1,0,2.0000,-1,7,10,7,0,24,0,0,0,0
215.8867,2,0,3,1,0,0,0,-1,0,2.0000,-1,7,10,7,0,24,0,0,0,0
215.9093,2,0,3,1,0,0,0,-1,0,1.0000,-1,7,10,7,0,24,0,0,0,0
215.9319,2,0,3,1,0,0,0,-1,0,1.0000,-1,7,10,7,0,24,0,0,0,0
215.9554,2,0,3,1,0,0,0,-1,0,1.0000,-1,7,10,7,0,24,0,0,0,0
215.9794,2,0,3,1,0,0,0,-1,0,1.0000,-1,7,10,7,0,24,0,0,0,0
216.0036,2,0,3,1,0,0,0,-1,0,1.0000,-1,7,10,7,0,24,0,0,0,0
216.0283,2,0,3,1,0,0,0,-1,0,1.0000,-1,7,10,7,0,24,0,0,0,0
216.0523,2,0,3,1,0,0,0,-1,0,1.0000,-1,7,10,7,0,24,0,0,0,0
216.077,2,0,3,1,0,0,0,-1,0,1.0000,-1,7,10,7,0,24,0,0,0,0
216.1039,2,0,3,0,0,0,0,-1,0,1.0000,-1,7,10,7,0,24,0,0,0,0
216.1511,2,0,3,0,0,0,0,-1,0,1.0000,-1,7,10,7,0,24,0,0,0,0
216.1626,2,0,3,0,0,0,0,-1,0,1.0000,-1,7,10,7,0,24,0,0,0,0
216.1807,2,0,3,0,0,0,0,-1,0,1.0000,-1,7,10,7,0,24,0,0,0,0
216.2061,2,0,3,0,0,0,0,-1,0,1.0000,-1,7,10,7,0,24,0,0,0,0
216.2311,2,0,3,0,0,0,0,-1,0,1.0000,-1,7,10,7,0,24,0,0,0,0
216.2561,2,0,3,0,0,0,0,-1,0,1.0000,-1,7,10,7,0,24,0,0,0,0
216.2804,2,0,3,0,0,0,0,-1,0,1.0000,-1,7,10,7,0,24,0,0,0,0
216.3061,2,0,3,0,0,0,1,67,0,1.0000,-1,7,10,7,0,24,0,0,0,0
216.3531,2,0,3,0,0,0,1,67,0,1.0000,-1,7,10,7,0,24,0,0,0,0
216.3637,2,0,3,0,0,0,1,67,0,1.0000,-1,7,10,7,0,24,0,0,0,0
216.3834,2,0,3,0,0,0,1,67,0,0.0000,-1,7,10,7,0,24,0,0,0,0
216.4083,2,0,3,0,1,0,1,67,0,0.0000,-1,7,10,7,0,24,0,0,0,0
216.4325,2,0,3,0,1,0,1,67,0,0.0000,-1,7,10,7,0,24,0,0,0,0
216.4569,2,0,3,0,1,0,1,67,0,0.0000,-1,7,10,7,0,24,0,0,0,0
216.4819,2,0,3,0,1,0,1,67,0,0.0000,-1,7,10,7,0,24,0,0,0,0
216.507,2,0,3,0,1,0,1,67,0,0.0000,-1,7,10,7,0,24,0,0,0,0
216.5512,2,0,3,0,1,0,1,67,0,0.0000,-1,7,10,7,0,24,0,0,0,0
216.5626,2,0,3,0,1,0,1,67,0,0.0000,-1,7,10,7,0,24,0,0,0,0
216.5814,2,0,3,0,1,0,1,67,0,0.0000,-1,7,10,7,0,24,0,0,0,0
216.6061,2,0,3,0,1,0,1,67,0,0.0000,-1,7,10,7,0,24,0,0,0,0
216.6304,2,0,3,0,1,0,1,67,0,0.0000,-1,7,10,7,0,24,0,0,0,0
216.6538,2,0,3,0,1,0,1,67,0,0.0000,-1,7,10,7,0,24,0,0,0,0
216.6779,2,0,3,0,1,0,1,67,0,0.0000,-1,7,10,7,0,24,0,0,0,0
216.7027,2,0,3,0,1,0,1,67,0,0.0000,-1,7,10,7,0,24,0,0,0,0
216.7268,2,0,3,0,1,0,1,67,0,0.0000,-1,7,10,7,0,24,0,0,0,0
216.7713,2,0,3,0,1,0,1,67,1,1.0000,-1,7,10,7,0,24,0,0,0,0
216.7826,2,0,3,0,1,0,1,67,0,1.0000,-1,7,10,7,0,24,0,0,0,0
216.8001,2,0,3,0,1,0,1,67,0,1.0000,-1,7,10,7,0,24,0,0,0,0
216.8246,2,0,3,0,1,0,1,67,0,1.0000,-1,7,10,7,0,24,0,0,0,0
216.8489,2,0,3,0,1,0,1,67,0,1.0000,-1,7,10,7,0,24,0,0,0,0
216.874,2,0,3,0,1,0,1,67,0,1.0000,-1,7,10,7,0,24,0,0,0,0
216.8974,2,0,3,0,1,0,1,67,0,1.0000,-1,7,10,7,0,24,0,0,0,0
216.9207,2,0,3,0,1,0,1,67,0,1.0000,-1,7,10,7,0,24,0,0,0,0
216.9449,2,0,3,0,1,0,1,67,0,1.0000,-1,7,10,7,0,24,0,0,0,0
216.9881,2,0,3,0,1,0,1,67,0,1.0000,-1,7,10,7,0,24,0,0,0,0
216.9997,2,0,3,0,1,0,1,67,0,1.0000,-1,7,10,7,0,24,0,0,0,0
217.018,2,0,3,0,1,0,1,67,0,1.0000,-1,7,10,7,0,24,0,0,0,0
217.0415,2,0,3,0,1,0,1,67,0,1.0000,-1,7,10,7,0,24,0,0,0,0
217.0652,2,0,3,0,1,0,1,67,0,1.0000,-1,7,10,7,0,24,0,0,0,0
217.0889,2,0,3,0,1,0,1,67,0,1.0000,-1,7,10,7,0,24,0,0,0,0
217.1125,2,0,3,0,1,0,1,67,0,1.0000,-1,7,10,7,0,24,0,0,0,0
217.1365,2,0,3,0,1,0,1,67,0,1.0000,-1,7,10,7,0,24,0,0,0,0
217.1603,2,0,3,0,1,0,1,67,0,1.0000,-1,7,10,7,0,24,0,0,0,0
217.184,2,0,3,0,1,0,1,67,0,1.0000,-1,7,10,7,0,24,0,0,0,0
217.208,2,0,3,0,1,0,1,67,0,1.0000,-1,7,10,7,0,24,0,0,0,0
217.2309,2,0,3,0,1,0,1,67,0,1.0000,-1,7,10,7,0,24,0,0,0,0
217.2548,2,0,3,0,1,0,1,67,0,1.0000,-1,7,10,7,0,24,0,0,0,0
217.2781,2,0,3,0,1,0,1,67,0,1.0000,-1,7,10,7,0,24,0,0,0,0
217.3019,2,0,3,0,1,0,1,67,1,2.0000,-1,7,10,7,0,24,0,0,0,0
217.3262,2,0,3,0,1,0,0,-1,0,2.0000,-1,7,10,7,0,24,0,0,0,0
217.3498,2,0,3,0,1,0,0,-1,0,2.0000,-1,7,10,7,0,24,0,0,0,0
217.3735,2,0,3,0,1,0,0,-1,0,2.0000,-1,7,10,7,0,24,0,0,0,0
217.3976,2,0,3,0,1,0,0,-1,0,2.0000,-1,7,10,7,0,24,0,0,0,0
217.4211,2,0,3,0,0,0,0,-1,0,2.0000,-1,7,10,7,0,24,0,0,0,0
217.4459,2,0,3,0,0,0,0,-1,0,2.0000,-1,7,10,7,0,24,0,0,0,0
217.4703,2,0,3,0,0,0,0,-1,0,2.0000,-1,7,10,7,0,24,0,0,0,0
217.495,2,0,3,0,0,0,0,-1,0,2.0000,-1,7,10,7,0,24,0,0,0,0
217.5197,2,0,3,0,0,0,0,-1,0,2.0000,-1,7,10,7,0,24,0,0,0,0
217.543,2,0,3,0,0,0,0,-1,0,2.0000,-1,7,10,7,0,24,0,0,0,0
217.5674,2,0,3,0,0,0,0,-1,0,2.0000,-1,7,10,7,0,24,0,0,0,0
217.5922,2,0,3,0,0,0,0,-1,0,2.0000,-1,7,10,7,0,24,0,0,0,0
217.6367,2,0,3,0,0,0,0,-1,0,2.0000,-1,7,10,7,0,24,0,0,0,0
217.6486,2,0,3,0,0,0,0,-1,0,2.0000,-1,7,10,7,0,24,0,0,0,0
217.6657,2,0,3,0,0,0,0,-1,0,2.0000,-1,7,10,7,0,24,0,0,0,0
217.6898,2,0,3,0,0,0,0,-1,0,2.0000,-1,7,10,7,0,24,0,0,0,0
217.7133,2,0,3,0,0,0,0,-1,0,2.0000,-1,7,10,7,0,24,0,0,0,0
217.7378,2,0,3,0,0,0,0,-1,0,2.0000,-1,7,10,7,0,24,0,0,0,0
217.7612,2,0,3,0,0,0,0,-1,0,2.0000,-1,7,10,7,0,24,0,0,0,0
217.7848,2,0,3,0,0,0,0,-1,0,1.0000,-1,7,10,7,0,24,0,0,0,0
217.809,2,0,3,0,0,0,0,-1,0,1.0000,-1,7,10,7,0,24,0,0,0,0
217.8323,2,0,3,0,0,0,0,-1,0,1.0000,-1,7,10,7,0,24,0,0,0,0
217.856,2,0,3,0,0,0,0,-1,0,1.0000,-1,7,10,7,0,24,0,0,0,0
217.8802,2,0,3,0,0,0,0,-1,0,1.0000,-1,7,10,7,0,24,0,0,0,0
217.9049,2,0,3,0,0,0,0,-1,0,1.0000,-1,7,10,7,0,24,0,0,0,0
217.9307,2,0,3,0,0,0,0,-1,0,1.0000,-1,7,10,7,0,24,0,0,0,0
217.9541,2,0,3,0,0,0,0,-1,0,1.0000,-1,7,10,7,0,24,0,0,0,0
217.9785,2,0,3,0,0,0,0,-1,1,2.0000,-1,7,10,7,0,24,0,0,0,0
218.0028,2,0,3,0,0,0,0,-1,0,2.0000,-1,7,10,7,0,24,0,0,0,0
218.0264,2,0,3,0,0,0,0,-1,0,2.0000,-1,7,10,7,0,24,0,0,0,0
218.0504,2,0,3,0,0,0,0,-1,0,2.0000,-1,7,10,7,0,24,0,0,0,0
218.0742,2,0,3,0,0,0,0,-1,0,2.0000,-1,7,10,7,0,24,0,0,0,0
218.0978,2,0,3,0,0,0,0,-1,0,2.0000,-1,7,10,7,0,24,0,0,0,0
218.1213,2,0,3,0,0,0,0,-1,0,2.0000,-1,7,10,7,0,24,0,0,0,0
218.1458,2,0,3,0,0,0,0,-1,0,2.0000,-1,7,10,7,0,24,0,0,0,0
218.1693,2,0,3,0,0,0,0,-1,0,2.0000,-1,7,10,7,0,24,0,0,0,0
218.1934,2,0,3,0,0,0,0,-1,0,2.0000,-1,7,10,7,0,24,0,0,0,0
218.2173,2,0,3,0,0,0,0,-1,0,2.0000,-1,7,10,7,0,24,0,0,0,0
218.242,2,0,3,0,0,0,0,-1,0,2.0000,-1,7,10,7,0,24,0,0,0,0
218.2861,2,0,3,0,0,0,0,-1,0,2.0000,-1,7,10,7,0,24,0,0,0,0
218.2974,2,0,3,0,0,0,0,-1,1,3.0000,-1,7,10,7,0,24,0,0,0,0
218.3158,2,0,3,0,0,0,0,-1,0,2.0000,-1,7,10,7,0,24,0,0,0,0
218.3405,2,0,3,0,0,0,0,-1,0,2.0000,-1,7,10,7,0,24,0,0,0,0
218.3639,2,0,3,0,0,0,0,-1,0,2.0000,-1,7,10,7,0,24,0,0,0,0
218.3882,2,0,3,0,0,0,0,-1,0,2.0000,-1,7,10,7,0,24,0,0,0,0
218.4124,2,0,3,0,0,0,0,-1,0,2.0000,-1,7,10,7,0,24,0,0,0,0
218.436,2,0,3,0,0,0,0,-1,0,2.0000,-1,7,10,7,0,24,0,0,0,0
218.4605,2,0,3,0,0,0,0,-1,0,2.0000,-1,7,10,7,0,24,0,0,0,0
218.5054,2,0,3,0,0,0,0,-1,0,2.0000,-1,7,10,7,0,24,0,0,0,0
218.5173,2,0,3,0,0,0,0,-1,0,2.0000,-1,7,10,7,0,24,0,0,0,0
218.5345,2,0,3,0,0,0,0,-1,0,2.0000,-1,7,10,7,0,24,0,0,0,0
218.5589,2,0,3,0,0,0,0,-1,0,2.0000,-1,7,10,7,0,24,0,0,0,0
218.5834,2,0,3,0,0,0,0,-1,0,2.0000,-1,7,10,7,0,24,0,0,0,0
218.6073,2,0,3,0,0,0,0,-1,0,2.0000,-1,7,10,7,0,24,0,0,0,0
218.6317,2,0,3,0,0,0,0,-1,0,2.0000,-1,7,10,7,0,24,0,0,0,0
218.6551,2,0,3,0,0,0,0,-1,0,2.0000,-1,7,10,7,0,24,0,0,0,0
218.6788,2,0,3,0,0,0,0,-1,0,2.0000,-1,7,10,7,0,24,0,0,0,0
218.7233,2,0,3,0,0,0,0,-1,0,2.0000,-1,7,10,7,0,24,0,0,0,0
218.7351,2,0,3,0,0,0,0,-1,0,2.0000,-1,7,10,7,0,24,0,0,0,0
218.7525,2,0,3,0,0,0,0,-1,0,2.0000,-1,7,10,7,0,24,0,0,0,0
218.7763,2,0,3,0,0,0,0,-1,0,2.0000,-1,7,10,7,0,24,0,0,0,0
218.8006,2,0,3,0,0,0,0,-1,0,2.0000,-1,7,10,7,0,24,0,0,0,0
218.8243,2,0,3,0,0,0,0,-1,0,2.0000,-1,7,10,7,0,24,0,0,0,0
218.8491,2,0,3,0,0,0,0,-1,0,2.0000,-1,7,10,7,0,24,0,0,0,0
218.8731,2,0,3,0,0,0,0,-1,0,2.0000,-1,7,10,7,0,24,0,0,0,0
218.8973,2,0,3,0,0,0,0,-1,0,2.0000,-1,7,10,7,0,24,0,0,0,0
218.9208,2,0,3,0,0,0,0,-1,0,2.0000,-1,7,10,7,0,24,0,0,0,0
218.9444,2,0,3,0,0,0,0,-1,0,2.0000,-1,7,10,7,0,24,0,0,0,0
218.9691,2,0,3,0,0,0,0,-1,0,2.0000,-1,7,10,7,0,24,0,0,0,0
218.9933,2,0,3,0,0,0,0,-1,0,1.0000,-1,7,10,7,0,24,0,0,0,0
219.0173,2,0,3,0,0,0,0,-1,0,1.0000,-1,7,10,7,0,24,0,0,0,0
219.0408,2,0,3,0,0,0,0,-1,0,1.0000,-1,7,10,7,0,24,0,0,0,0
219.065,2,0,3,0,0,0,0,-1,0,1.0000,-1,7,10,7,0,24,0,0,0,0
219.0893,2,0,3,0,0,0,0,-1,0,1.0000,-1,7,10,7,0,24,0,0,0,0
219.1137,2,0,3,0,0,0,0,-1,0,1.0000,-1,7,10,7,0,24,0,0,0,0
219.1376,2,0,3,0,0,0,0,-1,1,2.0000,-1,7,10,7,0,24,0,0,0,0
219.1618,2,0,3,0,0,0,0,-1,0,2.0000,-1,7,10,7,0,24,0,0,0,0
219.1856,2,0,3,0,0,0,0,-1,0,2.0000,-1,7,10,7,0,24,0,0,0,0
219.2092,2,0,3,0,0,0,0,-1,0,2.0000,-1,7,10,7,0,24,0,0,0,0
219.2333,2,0,3,0,0,0,0,-1,0,2.0000,-1,7,10,7,0,24,0,0,0,0
219.2572,2,0,3,0,0,0,0,-1,0,2.0000,-1,7,10,7,0,24,0,0,0,0
219.2814,2,0,3,0,0,0,0,-1,0,2.0000,-1,7,10,7,0,24,0,0,0,0
219.3054,2,0,3,0,0,0,0,-1,0,1.0000,-1,7,10,7,0,24,0,0,0,0
219.3295,2,0,3,0,0,0,0,-1,0,1.0000,-1,7,10,7,0,24,0,0,0,0
219.3539,2,0,3,0,0,0,0,-1,0,1.0000,-1,7,10,7,0,24,0,0,0,0
219.3783,2,0,3,0,0,0,0,-1,0,1.0000,-1,7,10,7,0,24,0,0,0,0
219.4024,2,0,3,0,0,0,0,-1,0,1.0000,-1,7,10,7,0,24,0,0,0,0
219.4264,2,0,3,0,0,0,0,-1,0,1.0000,-1,7,10,7,0,24,0,0,0,0
219.4509,2,0,3,0,0,0,0,-1,0,1.0000,-1,7,10,7,0,24,0,0,0,0
219.4749,2,0,3,0,0,0,0,-1,0,1.0000,-1,7,10,7,0,24,0,0,0,0
219.4991,2,0,3,0,0,0,0,-1,0,1.0000,-1,7,10,7,0,24,0,0,0,0
219.523,2,0,3,0,0,0,0,-1,0,1.0000,-1,7,10,7,0,24,0,0,0,0
219.5486,2,0,3,0,0,0,0,-1,0,1.0000,-1,7,10,7,0,24,0,0,0,0
219.5721,2,0,3,0,0,0,0,-1,0,1.0000,-1,7,10,7,0,24,0,0,0,0
219.5964,2,0,3,0,0,0,0,-1,0,1.0000,-1,7,10,7,0,24,0,0,0,0
219.6209,2,0,3,0,0,0,0,-1,0,1.0000,-1,7,10,7,0,24,0,0,0,0
219.6445,2,0,3,0,0,0,0,-1,0,1.0000,-1,7,10,7,0,24,0,0,0,0
219.6697,2,0,3,0,0,0,0,-1,0,1.0000,-1,7,10,7,0,24,0,0,0,0
219.6932,2,0,3,0,0,0,0,-1,0,1.0000,-1,7,10,7,0,24,0,0,0,0
219.7193,2,0,3,0,0,0,0,-1,0,1.0000,-1,7,10,7,0,24,0,0,0,0
219.7443,2,0,3,0,0,0,0,-1,0,1.0000,-1,7,10,7,0,24,0,0,0,0
219.7698,2,0,3,0,0,0,0,-1,0,1.0000,-1,7,10,7,0,24,0,0,0,0
219.8168,2,0,3,0,0,0,0,-1,0,1.0000,-1,7,10,7,0,24,0,0,0,0
219.8306,2,0,3,0,0,0,0,-1,0,1.0000,-1,7,10,7,0,24,0,0,0,0
219.8477,2,0,3,0,0,0,0,-1,0,1.0000,-1,7,10,7,0,24,0,0,0,0
219.8731,2,0,3,0,0,0,0,-1,0,1.0000,-1,7,10,7,0,24,0,0,0,0
219.8989,2,0,3,0,0,0,0,-1,0,1.0000,-1,7,10,7,0,24,0,0,0,0
219.9239,2,0,3,0,0,0,0,-1,0,1.0000,-1,7,10,7,0,24,0,0,0,0
219.9511,2,0,3,0,0,0,0,-1,0,1.0000,-1,7,10,7,0,24,0,0,0,0
219.9745,2,0,3,0,0,0,0,-1,0,1.0000,-1,7,10,7,0,24,0,0,0,0
220.0202,2,0,3,0,0,0,0,-1,0,1.0000,-1,7,10,7,0,24,0,0,0,0
220.0321,2,0,3,0,0,0,0,-1,0,1.0000,-1,7,10,7,0,24,0,0,0,0
220.0493,2,0,3,0,0,0,0,-1,0,1.0000,-1,7,10,7,0,24,0,0,0,0
220.0739,2,0,3,0,0,0,0,-1,0,1.0000,-1,7,10,7,0,24,0,0,0,0
220.0981,2,0,3,0,0,0,0,-1,0,1.0000,-1,7,10,7,0,24,0,0,0,0
220.1228,2,0,3,0,0,0,0,-1,0,1.0000,-1,7,10,7,0,24,0,0,0,0
220.1478,2,0,3,0,0,0,0,-1,1,1.0000,-1,7,10,7,0,24,0,0,0,0
220.1724,2,0,3,0,0,0,0,-1,0,1.0000,-1,7,10,7,0,24,0,0,0,0
220.197,2,0,3,0,0,0,0,-1,0,1.0000,-1,7,10,7,0,24,0,0,0,0
220.2421,2,0,3,0,0,0,0,-1,0,1.0000,-1,7,10,7,0,24,0,0,0,0
220.2531,2,0,3,0,0,0,0,-1,0,1.0000,-1,7,10,7,0,24,0,0,0,0
220.2731,2,0,3,1,0,0,0,-1,0,1.0000,-1,7,10,7,0,24,0,0,0,0
220.2976,2,0,3,1,0,0,0,-1,0,1.0000,-1,7,10,7,0,24,0,0,0,0
220.3224,2,0,3,1,0,0,0,-1,0,1.0000,-1,7,10,7,0,24,0,0,0,0
220.3476,2,0,3,1,0,0,0,-1,0,1.0000,-1,7,10,7,0,24,0,0,0,0
220.3727,2,0,3,1,0,0,0,-1,0,1.0000,-1,7,10,7,0,24,0,0,0,0
220.3975,2,0,3,1,0,0,0,-1,0,1.0000,-1,7,10,7,0,24,0,0,0,0
220.4431,2,0,3,1,0,0,0,-1,0,1.0000,-1,7,10,7,0,24,0,0,0,0
220.4549,2,0,3,1,0,0,0,-1,0,1.0000,-1,7,10,7,0,24,0,0,0,0
220.4745,2,0,3,1,0,0,0,-1,0,1.0000,-1,7,10,7,0,24,0,0,0,0
220.4993,2,0,3,1,0,0,0,-1,0,1.0000,-1,7,10,7,0,24,0,0,0,0
220.5249,2,0,3,1,0,0,0,-1,0,1.0000,-1,7,10,7,0,24,0,0,0,0
220.551,2,0,3,1,0,0,0,-1,0,1.0000,-1,7,10,7,0,24,0,0,0,0
220.5756,2,0,3,1,0,0,0,-1,0,1.0000,-1,7,10,7,0,24,0,0,0,0
220.6017,2,0,3,1,0,0,0,-1,0,1.0000,-1,7,10,7,0,24,0,0,0,0
220.6275,2,0,3,1,0,0,0,-1,0,1.0000,-1,7,10,7,0,24,0,0,0,0
220.653,2,0,3,1,0,0,0,-1,0,1.0000,-1,7,10,7,0,24,0,0,0,0
220.6786,2,0,3,1,0,0,0,-1,0,1.0000,-1,7,10,7,0,24,0,0,0,0
220.7051,2,0,3,1,0,0,1,72,0,1.0000,-1,7,10,7,0,24,0,0,0,0
220.7307,2,0,3,1,0,0,1,72,0,1.0000,-1,7,10,7,0,24,0,0,0,0
220.7551,2,0,3,1,0,0,1,72,0,1.0000,-1,7,10,7,0,24,0,0,0,0
220.7806,2,0,3,1,0,0,1,72,0,1.0000,-1,7,10,7,0,24,0,0,0,0
220.806,2,0,3,1,0,0,1,72,0,1.0000,-1,7,10,7,0,24,0,0,0,0
220.8306,2,0,3,1,0,0,1,72,0,1.0000,-1,7,10,7,0,24,0,0,0,0
220.8555,2,0,3,1,0,0,1,72,0,1.0000,-1,7,10,7,0,24,0,0,0,0
220.8791,2,0,3,1,0,0,1,72,0,1.0000,-1,7,10,7,0,24,0,0,0,0
220.9014,2,0,3,1,0,0,1,72,0,1.0000,-1,7,10,7,0,24,0,0,0,0
220.9241,2,0,3,1,0,0,1,72,0,1.0000,-1,7,10,7,0,24,0,0,0,0
220.9454,2,0,3,1,0,0,1,72,0,1.0000,-1,7,10,7,0,24,0,0,0,0
220.9676,2,0,3,1,0,0,1,72,0,1.0000,-1,7,10,7,0,24,0,0,0,0
220.9897,2,0,3,1,1,0,1,72,0,1.0000,-1,7,10,7,0,24,0,0,0,0
221.011,2,0,3,1,1,0,1,72,0,1.0000,-1,7,10,7,0,24,0,0,0,0
221.0324,2,0,3,1,1,0,1,72,0,1.0000,-1,7,10,7,0,24,0,0,0,0
221.0542,2,0,3,1,1,0,1,72,0,1.0000,-1,7,10,7,0,24,0,0,0,0
221.075,2,0,3,1,1,0,1,72,0,1.0000,-1,7,10,7,0,24,0,0,0,0
221.0972,2,0,3,1,1,0,1,72,0,1.0000,-1,7,10,7,0,24,0,0,0,0
221.1187,2,0,3,1,1,0,1,72,0,1.0000,-1,7,10,7,0,24,0,0,0,0
221.1422,2,0,3,1,1,0,1,72,0,1.0000,-1,7,10,7,0,24,0,0,0,0
221.164,2,0,3,1,1,0,1,72,0,0.0000,-1,7,10,7,0,24,0,0,0,0
221.1844,2,0,3,1,1,0,1,72,0,0.0000,-1,7,10,7,0,24,0,0,0,0
221.2062,2,0,3,1,1,0,1,72,0,0.0000,-1,7,10,7,0,24,0,0,0,0
221.2274,2,0,3,0,1,0,1,72,0,0.0000,-1,7,10,7,0,24,0,0,0,0
221.2659,2,0,3,0,1,0,1,72,0,0.0000,-1,7,10,7,0,24,0,0,0,0
221.2776,2,0,3,0,1,0,1,72,0,0.0000,-1,7,10,7,0,24,0,0,0,0
221.2938,2,0,3,0,1,0,1,72,1,1.0000,-1,7,10,7,0,24,0,0,0,0
221.3154,2,0,3,0,1,0,1,72,0,1.0000,-1,7,10,7,0,24,0,0,0,0
221.3363,2,0,3,0,1,0,1,72,0,1.0000,-1,7,10,7,0,24,0,0,0,0
221.3594,2,0,3,0,1,0,1,72,0,1.0000,-1,7,10,7,0,24,0,0,0,0
221.3803,2,0,3,0,1,0,1,72,0,1.0000,-1,7,10,7,0,24,0,0,0,0
221.4007,2,0,3,0,1,0,1,72,0,1.0000,-1,7,10,7,0,24,0,0,0,0
221.422,2,0,3,0,1,0,1,72,0,1.0000,-1,7,10,7,0,24,0,0,0,0
221.4444,2,0,3,0,1,0,1,72,0,1.0000,-1,7,10,7,0,24,0,0,0,0
221.4852,2,0,3,0,1,0,1,72,0,1.0000,-1,7,10,7,0,24,0,0,0,0
221.4987,2,0,3,0,1,0,1,72,0,1.0000,-1,7,10,7,0,24,0,0,0,0
221.5115,2,0,3,0,1,0,1,72,0,1.0000,-1,7,10,7,0,24,0,0,0,0
221.5321,2,0,3,0,1,0,1,72,0,1.0000,-1,7,10,7,0,24,0,0,0,0
221.5541,2,0,3,0,1,0,1,72,0,1.0000,-1,7,10,7,0,24,0,0,0,0
221.5764,2,0,3,0,1,0,1,72,0,1.0000,-1,7,10,7,0,24,0,0,0,0
221.5966,2,0,3,0,1,0,1,72,0,1.0000,-1,7,10,7,0,24,0,0,0,0
221.6191,2,0,3,0,1,0,1,72,0,1.0000,-1,7,10,7,0,24,0,0,0,0
221.6414,2,0,3,0,1,0,1,72,0,1.0000,-1,7,10,7,0,24,0,0,0,0
221.6633,2,0,3,0,1,0,1,72,0,1.0000,-1,7,10,7,0,24,0,0,0,0
221.7037,2,0,3,0,1,0,1,72,1,2.0000,-1,7,10,7,0,24,0,0,0,0
221.7151,2,0,3,0,1,0,1,72,0,2.0000,-1,7,10,7,0,24,0,0,0,0
221.7298,2,0,3,0,1,0,1,72,0,2.0000,-1,7,10,7,0,24,0,0,0,0
221.7519,2,0,3,0,1,0,1,72,0,2.0000,-1,7,10,7,0,24,0,0,0,0
221.774,2,0,3,0,1,0,1,72,0,2.0000,-1,7,10,7,0,24,0,0,0,0
221.7962,2,0,3,0,1,0,1,72,0,2.0000,-1,7,10,7,0,24,0,0,0,0
221.8178,2,0,3,0,1,0,1,72,0,2.0000,-1,7,10,7,0,24,0,0,0,0
221.8395,2,0,3,0,1,0,1,72,0,2.0000,-1,7,10,7,0,24,0,0,0,0
221.8609,2,0,3,0,1,0,1,72,0,2.0000,-1,7,10,7,0,24,0,0,0,0
221.8817,2,0,3,0,1,0,1,72,0,2.0000,-1,7,10,7,0,24,0,0,0,0
221.9028,2,0,3,0,1,0,1,72,0,2.0000,-1,7,10,7,0,24,0,0,0,0
221.9245,2,0,3,0,1,0,1,72,0,2.0000,-1,7,10,7,0,24,0,0,0,0
221.9451,2,0,3,0,1,0,1,72,0,2.0000,-1,7,10,7,0,24,0,0,0,0
221.9673,2,0,3,0,1,0,0,-1,0,2.0000,72,7,11,7,0,25,0,0,0,0
221.9879,2,0,3,0,1,0,0,-1,0,2.0000,-1,7,11,7,0,25,0,0,0,0
222.0089,2,0,3,0,1,0,0,-1,1,3.0000,-1,7,11,7,0,25,0,0,0,0
222.0309,2,0,3,0,1,0,0,-1,0,3.0000,-1,7,11,7,0,25,0,0,0,0
222.053,2,0,3,0,1,0,0,-1,0,3.0000,-1,7,11,7,0,25,0,0,0,0
222.0742,2,0,3,0,1,0,0,-1,0,3.0000,-1,7,11,7,0,25,0,0,0,0
222.0965,2,0,3,0,0,0,0,-1,0,3.0000,-1,7,11,7,0,25,0,0,0,0
222.1383,2,0,3,0,0,0,0,-1,0,3.0000,-1,7,11,7,0,25,0,0,0,0
222.1508,2,0,3,0,0,0,0,-1,0,3.0000,-1,7,11,7,0,25,0,0,0,0
222.1646,2,0,3,0,0,0,0,-1,0,3.0000,-1,7,11,7,0,25,0,0,0,0
222.1855,2,0,3,0,0,0,0,-1,0,3.0000,-1,7,11,7,0,25,0,0,0,0
222.2074,2,0,3,0,0,0,0,-1,0,3.0000,-1,7,11,7,0,25,0,0,0,0
222.2291,2,0,3,0,0,0,0,-1,0,3.0000,-1,7,11,7,0,25,0,0,0,0
222.2505,2,0,3,0,0,0,0,-1,0,3.0000,-1,7,11,7,0,25,0,0,0,0
222.2718,2,0,3,0,0,0,0,-1,0,3.0000,-1,7,11,7,0,25,0,0,0,0
222.2924,2,0,3,0,0,0,0,-1,0,3.0000,-1,7,11,7,0,25,0,0,0,0
222.3127,2,0,3,0,0,0,0,-1,0,2.0000,-1,7,11,7,0,25,0,0,0,0
222.3517,2,0,3,0,0,0,0,-1,0,2.0000,-1,7,11,7,0,25,0,0,0,0
222.3647,2,0,3,0,0,0,0,-1,0,2.0000,-1,7,11,7,0,25,0,0,0,0
222.3785,2,0,3,0,0,0,0,-1,0,2.0000,-1,7,11,7,0,25,0,0,0,0
222.399,2,0,3,0,0,0,0,-1,1,3.0000,-1,7,11,7,0,25,0,0,0,0
222.4197,2,0,3,0,0,0,0,-1,0,3.0000,-1,7,11,7,0,25,0,0,0,0
222.441,2,0,3,0,0,0,0,-1,0,3.0000,-1,7,11,7,0,25,0,0,0,0
222.4621,2,0,3,0,0,0,0,-1,1,4.0000,-1,7,11,7,0,25,0,0,0,0
222.4835,2,0,3,0,0,0,0,-1,0,4.0000,-1,7,11,7,0,25,0,0,0,0
222.5038,2,0,3,0,0,0,0,-1,0,4.0000,-1,7,11,7,0,25,0,0,0,0
222.523,2,0,3,0,0,0,0,-1,0,4.0000,-1,7,11,7,0,25,0,0,0,0
222.5632,2,0,3,0,0,0,0,-1,0,4.0000,-1,7,11,7,0,25,0,0,0,0
222.5776,2,0,3,0,0,0,0,-1,0,4.0000,-1,7,11,7,0,25,0,0,0,0
222.5894,2,0,3,0,0,0,0,-1,0,4.0000,-1,7,11,7,0,25,0,0,0,0
222.6095,2,0,3,0,0,0,0,-1,0,4.0000,-1,7,11,7,0,25,0,0,0,0
222.6311,2,0,3,0,0,0,0,-1,0,4.0000,-1,7,11,7,0,25,0,0,0,0
222.6516,2,0,3,0,0,0,0,-1,0,4.0000,-1,7,11,7,0,25,0,0,0,0
222.6729,2,0,3,0,0,0,0,-1,0,4.0000,-1,7,11,7,0,25,0,0,0,0
222.6952,2,0,3,0,0,0,0,-1,1,5.0000,-1,7,11,7,0,25,0,0,0,0
222.7154,2,0,3,0,0,0,0,-1,0,4.0000,-1,7,11,7,0,25,0,0,0,0
222.735,2,0,3,0,0,0,0,-1,0,4.0000,-1,7,11,7,0,25,0,0,0,0
222.7738,2,0,3,0,0,0,0,-1,0,4.0000,-1,7,11,7,0,25,0,0,0,0
222.7863,2,0,3,0,0,0,0,-1,0,4.0000,-1,7,11,7,0,25,0,0,0,0
222.7995,2,0,3,0,0,0,0,-1,0,4.0000,-1,7,11,7,0,25,0,0,0,0
222.8201,2,0,3,0,0,0,0,-1,0,4.0000,-1,7,11,7,0,25,0,0,0,0
222.8409,2,0,3,0,0,0,0,-1,0,4.0000,-1,7,11,7,0,25,0,0,0,0
222.8631,2,0,3,0,0,0,0,-1,0,4.0000,-1,7,11,7,0,25,0,0,0,0
222.8839,2,0,3,0,0,0,0,-1,0,4.0000,-1,7,11,7,0,25,0,0,0,0
222.905,2,0,3,0,0,0,0,-1,0,4.0000,-1,7,11,7,0,25,0,0,0,0
222.9244,2,0,3,0,0,0,0,-1,0,4.0000,-1,7,11,7,0,25,0,0,0,0
222.945,2,0,3,0,0,0,0,-1,0,4.0000,-1,7,11,7,0,25,0,0,0,0
222.9652,2,0,3,0,0,0,0,-1,0,4.0000,-1,7,11,7,0,25,0,0,0,0
222.987,2,0,3,0,0,0,0,-1,0,4.0000,-1,7,11,7,0,25,0,0,0,0
223.0084,2,0,3,0,0,0,0,-1,1,5.0000,-1,7,11,7,0,25,0,0,0,0
223.0297,2,0,3,0,0,0,0,-1,0,4.0000,-1,7,11,7,0,25,0,0,0,0
223.0515,2,0,3,0,0,0,0,-1,0,4.0000,-1,7,11,7,0,25,0,0,0,0
223.0714,2,0,3,0,0,0,0,-1,0,4.0000,-1,7,11,7,0,25,0,0,0,0
223.0905,2,0,3,0,0,0,0,-1,0,4.0000,-1,7,11,7,0,25,0,0,0,0
223.1125,2,0,3,0,0,0,0,-1,0,4.0000,-1,7,11,7,0,25,0,0,0,0
223.1327,2,0,3,0,0,0,0,-1,0,4.0000,-1,7,11,7,0,25,0,0,0,0
223.1529,2,0,3,0,0,0,0,-1,0,4.0000,-1,7,11,7,0,25,0,0,0,0
223.1743,2,0,3,0,0,0,0,-1,0,4.0000,-1,7,11,7,0,25,0,0,0,0
223.1964,2,0,3,0,0,0,0,-1,0,4.0000,-1,7,11,7,0,25,0,0,0,0
223.2176,2,0,3,0,0,0,0,-1,0,4.0000,-1,7,11,7,0,25,0,0,0,0
223.2355,2,0,3,1,0,0,0,-1,0,4.0000,-1,7,11,7,0,25,0,0,0,0
223.2555,2,0,3,1,0,0,0,-1,0,4.0000,-1,7,11,7,0,25,0,0,0,0
223.2767,2,0,3,1,0,0,0,-1,1,5.0000,-1,7,11,7,0,25,0,0,0,0
223.297,2,0,3,1,0,0,0,-1,0,5.0000,-1,7,11,7,0,25,0,0,0,0
223.3187,2,0,3,1,0,0,0,-1,0,5.0000,-1,7,11,7,0,25,0,0,0,0
223.3391,2,0,3,1,0,0,0,-1,0,5.0000,-1,7,11,7,0,25,0,0,0,0
223.3578,2,0,3,1,0,0,0,-1,0,5.0000,-1,7,11,7,0,25,0,0,0,0
223.3988,2,0,3,1,0,0,0,-1,0,5.0000,-1,7,11,7,0,25,0,0,0,0
223.412,2,0,3,1,0,0,0,-1,0,4.0000,-1,7,11,7,0,25,0,0,0,0
223.4283,2,0,3,1,0,0,0,-1,0,4.0000,-1,7,11,7,0,25,0,0,0,0
223.45,2,0,3,1,0,0,0,-1,0,4.0000,-1,7,11,7,0,25,0,0,0,0
223.4724,2,0,3,1,0,0,0,-1,0,3.0000,-1,7,11,7,0,25,0,0,0,0
223.4934,2,0,3,1,0,0,0,-1,0,3.0000,-1,7,11,7,0,25,0,0,0,0
223.5156,2,0,3,1,0,0,0,-1,0,3.0000,-1,7,11,7,0,25,0,0,0,0
223.5371,2,0,3,1,0,0,0,-1,0,3.0000,-1,7,11,7,0,25,0,0,0,0
223.5589,2,0,3,1,0,0,0,-1,0,3.0000,-1,7,11,7,0,25,0,0,0,0
223.5816,2,0,3,1,0,0,0,-1,1,4.0000,-1,7,11,7,0,25,0,0,0,0
223.6025,2,0,3,1,0,0,0,-1,0,4.0000,-1,7,11,7,0,25,0,0,0,0
223.6241,2,0,3,1,0,0,0,-1,0,4.0000,-1,7,11,7,0,25,0,0,0,0
223.6472,2,0,3,1,0,0,0,-1,1,5.0000,-1,7,11,7,0,25,0,0,0,0
223.6679,2,0,3,1,0,0,1,73,0,5.0000,-1,7,11,7,0,25,0,0,0,0
223.6912,2,0,3,1,0,0,1,73,0,5.0000,-1,7,11,7,0,25,0,0,0,0
223.713,2,0,3,1,0,0,1,73,0,4.0000,-1,7,11,7,0,25,0,0,0,0
223.7338,2,0,3,1,0,0,1,73,0,4.0000,-1,7,11,7,0,25,0,0,0,0
223.7565,2,0,3,1,0,0,1,73,0,4.0000,-1,7,11,7,0,25,0,0,0,0
223.782,2,0,3,1,0,0,1,73,0,4.0000,-1,7,11,7,0,25,0,0,0,0
223.8198,2,0,3,1,0,0,1,73,0,4.0000,-1,7,11,7,0,25,0,0,0,0
223.8357,2,0,3,1,0,0,1,73,0,4.0000,-1,7,11,7,0,25,0,0,0,0
223.8504,2,0,3,1,0,0,1,73,0,4.0000,-1,7,11,7,0,25,0,0,0,0
223.8683,2,0,3,1,0,0,1,73,0,4.0000,-1,7,11,7,0,25,0,0,0,0
223.8928,2,0,3,1,0,0,1,73,0,4.0000,-1,7,11,7,0,25,0,0,0,0
223.9137,2,0,3,1,0,0,1,73,0,4.0000,-1,7,11,7,0,25,0,0,0,0
223.9367,2,0,3,1,0,0,1,73,0,4.0000,-1,7,11,7,0,25,0,0,0,0
223.9568,2,0,3,1,0,0,1,73,0,4.0000,-1,7,11,7,0,25,0,0,0,0
223.9804,2,0,3,1,0,0,1,73,0,4.0000,-1,7,11,7,0,25,0,0,0,0
224.0008,2,0,3,1,0,0,1,73,1,5.0000,-1,7,11,7,0,25,0,0,0,0
224.0418,2,0,3,1,0,0,1,73,1,5.0000,-1,7,11,7,0,25,0,0,0,0
224.057,2,0,3,1,0,0,1,73,0,5.0000,-1,7,11,7,0,25,0,0,0,0
224.0697,2,0,3,1,0,0,1,73,0,5.0000,-1,7,11,7,0,25,0,0,0,0
224.0901,2,0,3,1,0,0,1,73,0,5.0000,-1,7,11,7,0,25,0,0,0,0
224.1118,2,0,3,1,0,0,1,73,0,5.0000,-1,7,11,7,0,25,0,0,0,0
224.1345,2,0,3,1,0,0,0,-1,0,5.0000,73,7,12,7,0,26,0,0,0,0
224.1556,2,0,3,1,0,0,0,-1,0,5.0000,-1,7,12,7,0,26,0,0,0,0
224.1765,2,0,3,1,0,0,0,-1,0,5.0000,-1,7,12,7,0,26,0,0,0,0
224.199,2,0,3,1,0,0,0,-1,0,5.0000,-1,7,12,7,0,26,0,0,0,0
224.2233,2,0,3,1,0,0,0,-1,0,5.0000,-1,7,12,7,0,26,0,0,0,0
224.2649,2,0,3,1,0,0,0,-1,0,5.0000,-1,7,12,7,0,26,0,0,0,0
224.2845,2,0,3,1,0,0,0,-1,1,5.0000,-1,7,12,7,0,26,0,0,0,0
224.301,2,0,3,1,0,0,0,-1,0,5.0000,-1,7,12,7,0,26,0,0,0,0
224.3185,2,0,3,1,0,0,0,-1,1,6.0000,-1,7,12,7,0,26,0,0,0,0
224.3351,2,0,3,1,0,0,0,-1,0,6.0000,-1,7,12,7,0,26,0,0,0,0
224.3569,2,0,3,1,0,0,0,-1,0,6.0000,-1,7,12,7,0,26,0,0,0,0
224.3792,2,0,3,1,0,0,0,-1,0,6.0000,-1,7,12,7,0,26,0,0,0,0
224.4026,2,0,3,1,0,0,0,-1,0,6.0000,-1,7,12,7,0,26,0,0,0,0
224.4248,2,0,3,1,0,0,0,-1,0,6.0000,-1,7,12,7,0,26,0,0,0,0
224.4457,2,0,3,1,0,0,0,-1,0,6.0000,-1,7,12,7,0,26,0,0,0,0
224.4679,2,0,3,1,0,0,0,-1,0,6.0000,-1,7,12,7,0,26,0,0,0,0
224.4884,2,0,3,1,0,0,0,-1,0,6.0000,-1,7,12,7,0,26,0,0,0,0
224.5097,2,0,3,1,0,0,0,-1,0,6.0000,-1,7,12,7,0,26,0,0,0,0
224.5336,2,0,3,1,0,0,0,-1,0,6.0000,-1,7,12,7,0,26,0,0,0,0
224.5525,2,0,3,1,0,0,0,-1,0,6.0000,-1,7,12,7,0,26,0,0,0,0
224.5748,2,0,3,1,0,0,0,-1,0,6.0000,-1,7,12,7,0,26,0,0,0,0
224.5956,2,0,3,1,0,0,0,-1,1,6.0000,-1,7,12,7,0,26,0,0,0,0
224.6144,2,0,3,1,0,0,0,-1,0,6.0000,-1,7,12,7,0,26,0,0,0,0
224.6377,2,0,3,1,0,0,0,-1,0,6.0000,-1,7,12,7,0,26,0,0,0,0
224.6566,2,0,3,1,0,0,0,-1,0,5.0000,-1,7,12,7,0,26,0,0,0,0
224.6791,2,0,3,1,0,0,0,-1,0,5.0000,-1,7,12,7,0,26,0,0,0,0
224.6992,2,0,3,1,0,0,0,-1,0,5.0000,-1,7,12,7,0,26,0,0,0,0
224.7195,2,0,3,1,0,0,0,-1,0,5.0000,-1,7,12,7,0,26,0,0,0,0
224.7442,2,0,3,1,0,0,0,-1,0,5.0000,-1,7,12,7,0,26,0,0,0,0
224.7643,2,0,3,1,0,0,0,-1,0,5.0000,-1,7,12,7,0,26,0,0,0,0
224.7847,2,0,3,1,0,0,0,-1,0,5.0000,-1,7,12,7,0,26,0,0,0,0
224.8042,2,0,3,1,0,0,0,-1,0,5.0000,-1,7,12,7,0,26,0,0,0,0
224.8252,2,0,3,1,0,0,0,-1,1,6.0000,-1,7,12,7,0,26,0,0,0,0
224.8465,2,0,3,1,0,0,0,-1,0,6.0000,-1,7,12,7,0,26,0,0,0,0
224.8685,2,0,3,1,0,0,0,-1,1,7.0000,-1,7,12,7,0,26,0,0,0,0
224.8877,2,0,3,1,0,0,0,-1,0,7.0000,-1,7,12,7,0,26,0,0,0,0
224.9105,2,0,3,1,0,0,0,-1,0,7.0000,-1,7,12,7,0,26,0,0,0,0
224.9321,2,0,3,1,0,0,0,-1,0,7.0000,-1,7,12,7,0,26,0,0,0,0
224.9526,2,0,3,1,0,0,0,-1,0,7.0000,-1,7,12,7,0,26,0,0,0,0
224.9732,2,0,3,1,0,0,0,-1,0,7.0000,-1,7,12,7,0,26,0,0,0,0
224.9949,2,0,3,1,0,0,0,-1,0,7.0000,-1,7,12,7,0,26,0,0,0,0
225.0135,2,0,3,1,0,0,0,-1,0,6.0000,-1,7,12,7,0,26,0,0,0,0
225.036,2,0,3,1,0,0,0,-1,0,6.0000,-1,7,12,7,0,26,0,0,0,0
225.0539,2,0,3,1,0,0,0,-1,0,5.0000,-1,7,12,7,0,26,0,0,0,0
225.0754,2,0,3,1,0,0,0,-1,0,5.0000,-1,7,12,7,0,26,0,0,0,0
225.0976,2,0,3,1,0,0,0,-1,0,5.0000,-1,7,12,7,0,26,0,0,0,0
225.1194,2,0,3,1,0,0,0,-1,0,5.0000,-1,7,12,7,0,26,0,0,0,0
225.1385,2,0,3,1,0,0,0,-1,1,6.0000,-1,7,12,7,0,26,0,0,0,0
225.1577,2,0,3,1,0,0,0,-1,0,6.0000,-1,7,12,7,0,26,0,0,0,0
225.1788,2,0,3,1,0,0,0,-1,0,6.0000,-1,7,12,7,0,26,0,0,0,0
225.2003,2,0,3,1,0,0,0,-1,0,6.0000,-1,7,12,7,0,26,0,0,0,0
225.2217,2,0,3,1,0,0,0,-1,0,6.0000,-1,7,12,7,0,26,0,0,0,0
225.2409,2,0,3,1,0,0,0,-1,0,6.0000,-1,7,12,7,0,26,0,0,0,0
225.2593,2,0,3,1,0,0,0,-1,0,6.0000,-1,7,12,7,0,26,0,0,0,0
225.2798,2,0,3,1,0,0,0,-1,0,6.0000,-1,7,12,7,0,26,0,0,0,0
225.3003,2,0,3,1,0,0,0,-1,0,5.0000,-1,7,12,7,0,26,0,0,0,0
225.3209,2,0,3,1,0,0,0,-1,0,4.0000,-1,7,12,7,0,26,0,0,0,0
225.3413,2,0,3,1,0,0,0,-1,0,4.0000,-1,7,12,7,0,26,0,0,0,0
225.3634,2,0,3,1,0,0,0,-1,0,4.0000,-1,7,12,7,0,26,0,0,0,0
225.3866,2,0,3,1,0,0,0,-1,0,4.0000,-1,7,12,7,0,26,0,0,0,0
225.4069,2,0,3,1,0,0,0,-1,1,5.0000,-1,7,12,7,0,26,0,0,0,0
225.4253,2,0,3,1,0,0,0,-1,0,5.0000,-1,7,12,7,0,26,0,0,0,0
225.4465,2,0,3,1,0,0,0,-1,0,5.0000,-1,7,12,7,0,26,0,0,0,0
225.4673,2,0,3,1,0,0,0,-1,0,5.0000,-1,7,12,7,0,26,0,0,0,0
225.487,2,0,3,1,0,0,0,-1,0,5.0000,-1,7,12,7,0,26,0,0,0,0
225.5087,2,0,3,1,0,0,0,-1,0,5.0000,-1,7,12,7,0,26,0,0,0,0
225.5316,2,0,3,1,0,0,0,-1,0,5.0000,-1,7,12,7,0,26,0,0,0,0
225.5491,2,0,3,1,0,0,0,-1,0,5.0000,-1,7,12,7,0,26,0,0,0,0
225.5731,2,0,3,1,0,0,0,-1,0,5.0000,-1,7,12,7,0,26,0,0,0,0
225.5898,2,0,3,1,0,0,0,-1,0,5.0000,-1,7,12,7,0,26,0,0,0,0
225.6111,2,0,3,1,0,0,0,-1,1,5.0000,-1,7,12,7,0,26,0,0,0,0
225.6335,2,0,3,1,0,0,0,-1,0,5.0000,-1,7,12,7,0,26,0,0,0,0
225.652,2,0,3,1,0,0,0,-1,0,5.0000,-1,7,12,7,0,26,0,0,0,0
225.6771,2,0,3,1,0,0,0,-1,1,6.0000,-1,7,12,7,0,26,0,0,0,0
225.7153,2,0,3,1,0,0,0,-1,0,6.0000,-1,7,12,7,0,26,0,0,0,0
225.7309,2,0,3,1,0,0,0,-1,0,6.0000,-1,7,12,7,0,26,0,0,0,0
225.7455,2,0,3,1,0,0,0,-1,0,6.0000,-1,7,12,7,0,26,0,0,0,0
225.763,2,0,3,1,0,0,0,-1,0,6.0000,-1,7,12,7,0,26,0,0,0,0
225.7864,2,0,3,1,0,0,0,-1,0,6.0000,-1,7,12,7,0,26,0,0,0,0
225.8076,2,0,3,1,0,0,0,-1,0,6.0000,-1,7,12,7,0,26,0,0,0,0
225.8296,2,0,3,1,0,0,0,-1,0,5.0000,-1,7,12,7,0,26,0,0,0,0
225.8509,2,0,3,1,0,0,0,-1,0,5.0000,-1,7,12,7,0,26,0,0,0,0
225.8686,2,0,3,1,0,0,0,-1,0,4.0000,-1,7,12,7,0,26,0,0,0,0
225.8919,2,0,3,1,0,0,0,-1,0,4.0000,-1,7,12,7,0,26,0,0,0,0
225.9105,2,0,3,1,0,0,0,-1,0,4.0000,-1,7,12,7,0,26,0,0,0,0
225.9317,2,0,3,1,0,0,0,-1,0,4.0000,-1,7,12,7,0,26,0,0,0,0
225.9535,2,0,3,1,0,0,0,-1,0,4.0000,-1,7,12,7,0,26,0,0,0,0
225.9745,2,0,3,1,0,0,0,-1,0,4.0000,-1,7,12,7,0,26,0,0,0,0
225.998,2,0,3,1,0,0,0,-1,0,4.0000,-1,7,12,7,0,26,0,0,0,0
226.0213,2,0,3,1,0,0,0,-1,0,4.0000,-1,7,12,7,0,26,0,0,0,0
226.0421,2,0,3,1,0,0,0,-1,1,5.0000,-1,7,12,7,0,26,0,0,0,0
226.0633,2,0,3,1,0,0,0,-1,0,5.0000,-1,7,12,7,0,26,0,0,0,0
226.0841,2,0,3,1,0,0,0,-1,0,5.0000,-1,7,12,7,0,26,0,0,0,0
226.1043,2,0,3,1,0,0,0,-1,0,5.0000,-1,7,12,7,0,26,0,0,0,0
226.1413,2,0,3,1,0,0,0,-1,0,4.0000,-1,7,12,7,0,26,0,0,0,0
226.1564,2,0,3,1,0,0,0,-1,0,4.0000,-1,7,12,7,0,26,0,0,0,0
226.1733,2,0,3,1,0,0,0,-1,0,4.0000,-1,7,12,7,0,26,0,0,0,0
226.1916,2,0,3,1,0,0,0,-1,0,4.0000,-1,7,12,7,0,26,0,0,0,0
226.2133,2,0,3,1,0,0,0,-1,0,4.0000,-1,7,12,7,0,26,0,0,0,0
226.2334,2,0,3,1,0,0,0,-1,0,4.0000,-1,7,12,7,0,26,0,0,0,0
226.2545,2,0,3,1,0,0,0,-1,1,5.0000,-1,7,12,7,0,26,0,0,0,0
226.2788,2,0,3,1,0,0,0,-1,0,5.0000,-1,7,12,7,0,26,0,0,0,0
226.298,2,0,3,1,0,0,0,-1,0,5.0000,-1,7,12,7,0,26,0,0,0,0
226.3194,2,0,3,1,0,0,0,-1,0,5.0000,-1,7,12,7,0,26,0,0,0,0
226.3446,2,0,3,1,0,0,0,-1,0,5.0000,-1,7,12,7,0,26,0,0,0,0
226.3635,2,0,3,1,0,0,0,-1,0,5.0000,-1,7,12,7,0,26,0,0,0,0
226.3855,2,0,3,1,0,0,0,-1,0,5.0000,-1,7,12,7,0,26,0,0,0,0
226.4068,2,0,3,1,0,0,0,-1,0,5.0000,-1,7,12,7,0,26,0,0,0,0
226.4279,2,0,3,1,0,0,0,-1,0,4.0000,-1,7,12,7,0,26,0,0,0,0
226.4491,2,0,3,1,0,0,0,-1,0,4.0000,-1,7,12,7,0,26,0,0,0,0
226.4698,2,0,3,1,0,0,0,-1,0,4.0000,-1,7,12,7,0,26,0,0,0,0
226.4911,2,0,3,1,0,0,0,-1,0,4.0000,-1,7,12,7,0,26,0,0,0,0
226.5163,2,0,3,1,0,0,0,-1,1,5.0000,-1,7,12,7,0,26,0,0,0,0
226.5347,2,0,3,1,0,0,0,-1,0,5.0000,-1,7,12,7,0,26,0,0,0,0
226.5555,2,0,3,1,0,0,0,-1,0,5.0000,-1,7,12,7,0,26,0,0,0,0
226.575,2,0,3,1,0,0,0,-1,0,5.0000,-1,7,12,7,0,26,0,0,0,0
226.5996,2,0,3,1,0,0,0,-1,0,5.0000,-1,7,12,7,0,26,0,0,0,0
226.6199,2,0,3,1,0,0,1,76,0,4.0000,-1,7,12,7,0,26,0,0,0,0
226.6408,2,0,3,1,0,0,1,76,0,4.0000,-1,7,12,7,0,26,0,0,0,0
226.6608,2,0,3,1,0,0,1,76,0,4.0000,-1,7,12,7,0,26,0,0,0,0
226.6818,2,0,3,1,0,0,1,76,0,3.0000,-1,7,12,7,0,26,0,0,0,0
226.7011,2,0,3,1,0,0,1,76,0,3.0000,-1,7,12,7,0,26,0,0,0,0
226.7224,2,0,3,1,0,0,1,76,0,3.0000,-1,7,12,7,0,26,0,0,0,0
226.746,2,0,3,1,0,0,1,76,0,3.0000,-1,7,12,7,0,26,0,0,0,0
226.7664,2,0,3,1,0,0,1,76,1,4.0000,-1,7,12,7,0,26,0,0,0,0
226.7884,2,0,3,1,0,0,1,76,0,4.0000,-1,7,12,7,0,26,0,0,0,0
226.8108,2,0,3,1,0,0,1,76,0,4.0000,-1,7,12,7,0,26,0,0,0,0
226.8331,2,0,3,1,0,0,1,76,0,4.0000,-1,7,12,7,0,26,0,0,0,0
226.8554,2,0,3,1,0,0,1,76,0,4.0000,-1,7,12,7,0,26,0,0,0,0
226.8764,2,0,3,1,0,0,1,76,0,4.0000,-1,7,12,7,0,26,0,0,0,0
226.899,2,0,3,1,0,0,1,76,0,4.0000,-1,7,12,7,0,26,0,0,0,0
226.9206,2,0,3,1,0,0,1,76,0,4.0000,-1,7,12,7,0,26,0,0,0,0
226.9442,2,0,3,1,0,0,1,76,0,4.0000,-1,7,12,7,0,26,0,0,0,0
226.9652,2,0,3,1,0,0,1,76,0,4.0000,-1,7,12,7,0,26,0,0,0,0
226.9871,2,0,3,1,0,0,1,76,0,4.0000,-1,7,12,7,0,26,0,0,0,0
227.0066,2,0,3,1,0,0,1,76,1,5.0000,-1,7,12,7,0,26,0,0,0,0
227.0297,2,0,3,1,0,0,1,76,0,5.0000,-1,7,12,7,0,26,0,0,0,0
227.0504,2,0,3,1,0,0,1,76,0,4.0000,-1,7,12,7,0,26,0,0,0,0
227.0725,2,0,3,1,0,0,1,76,0,4.0000,-1,7,12,7,0,26,0,0,0,0
227.09,2,0,3,1,0,0,1,76,0,4.0000,-1,7,12,7,0,26,0,0,0,0
227.1133,2,0,3,1,0,0,1,76,0,4.0000,-1,7,12,7,0,26,0,0,0,0
227.1335,2,0,3,1,0,0,1,76,0,4.0000,-1,7,12,7,0,26,0,0,0,0
227.155,2,0,3,1,0,0,1,76,0,4.0000,-1,7,12,7,0,26,0,0,0,0
227.1785,2,0,3,1,0,0,1,76,0,4.0000,-1,7,12,7,0,26,0,0,0,0
227.1981,2,0,3,1,0,0,1,76,0,4.0000,-1,7,12,7,0,26,0,0,0,0
227.2197,2,0,3,1,0,0,1,76,0,4.0000,-1,7,12,7,0,26,0,0,0,0
227.2398,2,0,3,1,0,0,1,76,0,4.0000,-1,7,12,7,0,26,0,0,0,0
227.2613,2,0,3,1,0,0,1,76,1,4.0000,-1,7,12,7,0,26,0,0,0,0
227.2823,2,0,3,1,0,0,1,76,0,4.0000,-1,7,12,7,0,26,0,0,0,0
227.3065,2,0,3,1,0,0,1,76,0,4.0000,-1,7,12,7,0,26,0,0,0,0
227.3236,2,0,3,1,0,0,1,76,0,4.0000,-1,7,12,7,0,26,0,0,0,0
227.3472,2,0,3,1,0,0,1,76,0,4.0000,-1,7,12,7,0,26,0,0,0,0
227.3659,2,0,3,1,0,0,1,76,0,4.0000,-1,7,12,7,0,26,0,0,0,0
227.3888,2,0,3,1,0,0,1,76,0,4.0000,-1,7,12,7,0,26,0,0,0,0
227.4112,2,0,3,1,0,0,1,76,0,4.0000,-1,7,12,7,0,26,0,0,0,0
227.4311,2,0,3,1,0,0,1,76,0,4.0000,-1,7,12,7,0,26,0,0,0,0
227.4535,2,0,3,1,0,0,1,76,0,4.0000,-1,7,12,7,0,26,0,0,0,0
227.474,2,0,3,1,0,0,1,76,0,4.0000,-1,7,12,7,0,26,0,0,0,0
227.4941,2,0,3,1,0,0,1,76,1,5.0000,-1,7,12,7,0,26,0,0,0,0
227.516,2,0,3,1,0,0,1,79,0,5.0000,-1,7,12,7,0,26,0,0,0,0
227.5379,2,0,3,1,0,0,1,79,0,4.0000,-1,7,12,7,0,26,0,0,0,0
227.5608,2,0,3,1,0,0,1,79,0,4.0000,-1,7,12,7,0,26,0,0,0,0
227.5813,2,0,3,1,0,0,1,79,0,4.0000,-1,7,12,7,0,26,0,0,0,0
227.6018,2,0,3,1,0,0,1,79,0,4.0000,-1,7,12,7,0,26,0,0,0,0
227.644,2,0,3,1,0,0,1,79,0,4.0000,-1,7,12,7,0,26,0,0,0,0
227.6571,2,0,3,1,0,0,1,79,0,4.0000,-1,7,12,7,0,26,0,0,0,0
227.6731,2,0,3,1,0,0,1,79,0,4.0000,-1,7,12,7,0,26,0,0,0,0
227.6967,2,0,3,1,0,0,1,79,1,5.0000,-1,7,12,7,0,26,0,0,0,0
227.7193,2,0,3,1,0,0,1,79,0,5.0000,-1,7,12,7,0,26,0,0,0,0
227.7422,2,0,3,1,0,0,1,79,0,5.0000,-1,7,12,7,0,26,0,0,0,0
227.7639,2,0,3,1,0,0,1,79,0,5.0000,-1,7,12,7,0,26,0,0,0,0
227.7872,2,0,3,1,0,0,1,79,0,4.0000,-1,7,12,7,0,26,0,0,0,0
227.8119,2,0,3,1,0,0,1,79,0,4.0000,-1,7,12,7,0,26,0,0,0,0
227.834,2,0,3,1,0,0,1,79,0,4.0000,-1,7,12,7,0,26,0,0,0,0
227.8562,2,0,3,1,0,0,1,79,0,4.0000,-1,7,12,7,0,26,0,0,0,0
227.8788,2,0,3,1,0,0,1,79,0,4.0000,-1,7,12,7,0,26,0,0,0,0
227.9019,2,0,3,1,0,0,1,79,0,4.0000,-1,7,12,7,0,26,0,0,0,0
227.9259,2,0,3,1,0,0,1,79,0,4.0000,-1,7,12,7,0,26,0,0,0,0
227.9475,2,0,3,1,0,0,1,79,0,4.0000,-1,7,12,7,0,26,0,0,0,0
227.9702,2,0,3,1,0,0,1,79,0,4.0000,-1,7,12,7,0,26,0,0,0,0
227.9931,2,0,3,1,0,0,1,79,0,4.0000,-1,7,12,7,0,26,0,0,0,0
228.0169,2,0,3,1,0,0,1,79,0,3.0000,-1,7,12,7,0,26,0,0,0,0
228.0401,2,0,3,1,0,0,1,79,1,4.0000,-1,7,12,7,0,26,0,0,0,0
228.0661,2,0,3,1,0,0,1,79,0,4.0000,-1,7,12,7,0,26,0,0,0,0
228.0883,2,0,3,1,0,0,1,79,0,4.0000,-1,7,12,7,0,26,0,0,0,0
228.1118,2,0,3,1,0,0,1,79,0,4.0000,-1,7,12,7,0,26,0,0,0,0
228.1349,2,0,3,1,0,0,1,79,0,4.0000,-1,7,12,7,0,26,0,0,0,0
228.157,2,0,3,1,0,0,1,79,0,4.0000,-1,7,12,7,0,26,0,0,0,0
228.1783,2,0,3,1,0,0,1,79,0,4.0000,-1,7,12,7,0,26,0,0,0,0
228.1996,2,0,3,1,0,0,1,79,0,4.0000,-1,7,12,7,0,26,0,0,0,0
228.2234,2,0,3,1,0,0,1,79,0,4.0000,-1,7,12,7,0,26,0,0,0,0
228.2458,2,0,3,1,0,0,1,79,0,4.0000,-1,7,12,7,0,26,0,0,0,0
228.2687,2,0,3,1,0,0,1,79,0,3.0000,-1,7,12,7,0,26,0,0,0,0
228.2925,2,0,3,1,0,0,1,79,0,3.0000,-1,7,12,7,0,26,0,0,0,0
228.3112,2,0,3,1,0,0,1,79,1,4.0000,-1,7,12,7,0,26,0,0,0,0
228.3322,2,0,3,1,0,0,1,79,0,4.0000,-1,7,12,7,0,26,0,0,0,0
228.3541,2,0,3,1,0,0,1,79,0,4.0000,-1,7,12,7,0,26,0,0,0,0
228.3776,2,0,3,1,0,0,1,79,0,4.0000,-1,7,12,7,0,26,0,0,0,0
228.3966,2,0,3,1,0,0,1,79,0,4.0000,-1,7,12,7,0,26,0,0,0,0
228.4171,2,0,3,1,0,0,1,79,0,4.0000,-1,7,12,7,0,26,0,0,0,0
228.4379,2,0,3,1,0,0,1,79,0,4.0000,-1,7,12,7,0,26,0,0,0,0
228.4769,2,0,3,1,0,0,1,79,0,4.0000,-1,7,12,7,0,26,0,0,0,0
228.491,2,0,3,1,0,0,1,79,0,4.0000,-1,7,12,7,0,26,0,0,0,0
228.5078,2,0,3,1,0,0,1,79,0,3.0000,-1,7,12,7,0,26,0,0,0,0
228.5249,2,0,3,1,0,0,1,79,0,3.0000,-1,7,12,7,0,26,0,0,0,0
228.5458,2,0,3,1,0,0,1,79,0,3.0000,-1,7,12,7,0,26,0,0,0,0
228.5674,2,0,3,1,0,0,1,79,0,3.0000,-1,7,12,7,0,26,0,0,0,0
228.5883,2,0,3,1,0,0,1,79,1,4.0000,-1,7,12,7,0,26,0,0,0,0
228.6086,2,0,3,1,0,0,1,79,1,5.0000,-1,7,12,7,0,26,0,0,0,0
228.6308,2,0,3,1,0,0,0,-1,0,5.0000,-1,7,12,7,0,26,0,0,0,0
228.6523,2,0,3,1,0,0,0,-1,0,5.0000,-1,7,12,7,0,26,0,0,0,0
228.6911,2,0,3,1,0,0,0,-1,0,5.0000,-1,7,12,7,0,26,0,0,0,0
228.7102,2,0,3,1,0,0,0,-1,0,4.0000,-1,7,12,7,0,26,0,0,0,0
228.7239,2,0,3,1,0,0,0,-1,0,4.0000,-1,7,12,7,0,26,0,0,0,0
228.7393,2,0,3,1,0,0,0,-1,0,4.0000,-1,7,12,7,0,26,0,0,0,0
228.761,2,0,3,1,0,0,0,-1,0,4.0000,-1,7,12,7,0,26,0,0,0,0
228.7829,2,0,3,1,0,0,0,-1,0,4.0000,-1,7,12,7,0,26,0,0,0,0
228.8053,2,0,3,1,0,0,0,-1,0,4.0000,-1,7,12,7,0,26,0,0,0,0
228.8267,2,0,3,1,0,0,0,-1,0,4.0000,-1,7,12,7,0,26,0,0,0,0
228.847,2,0,3,1,0,0,0,-1,0,4.0000,-1,7,12,7,0,26,0,0,0,0
228.8676,2,0,3,1,0,0,0,-1,1,5.0000,-1,7,12,7,0,26,0,0,0,0
228.8885,2,0,3,1,0,0,0,-1,0,5.0000,-1,7,12,7,0,26,0,0,0,0
228.9092,2,0,3,1,0,0,0,-1,0,5.0000,-1,7,12,7,0,26,0,0,0,0
228.9313,2,0,3,1,0,0,0,-1,0,5.0000,-1,7,12,7,0,26,0,0,0,0
228.9521,2,0,3,1,0,0,0,-1,0,5.0000,-1,7,12,7,0,26,0,0,0,0
228.9753,2,0,3,1,0,0,0,-1,0,5.0000,-1,7,12,7,0,26,0,0,0,0
228.9935,2,0,3,1,0,0,0,-1,0,5.0000,-1,7,12,7,0,26,0,0,0,0
229.0165,2,0,3,1,0,0,0,-1,0,5.0000,-1,7,12,7,0,26,0,0,0,0
229.0377,2,0,3,1,0,0,0,-1,0,5.0000,-1,7,12,7,0,26,0,0,0,0
229.0581,2,0,3,1,0,0,0,-1,0,4.0000,-1,7,12,7,0,26,0,0,0,0
229.0797,2,0,3,1,0,0,0,-1,0,4.0000,-1,7,12,7,0,26,0,0,0,0
229.0994,2,0,3,1,0,0,0,-1,1,5.0000,-1,7,12,7,0,26,0,0,0,0
229.1214,2,0,3,1,0,0,0,-1,0,5.0000,-1,7,12,7,0,26,0,0,0,0
229.1417,2,0,3,1,0,0,0,-1,0,5.0000,-1,7,12,7,0,26,0,0,0,0
229.1596,2,0,3,1,0,0,0,-1,0,5.0000,-1,7,12,7,0,26,0,0,0,0
229.1817,2,0,3,1,0,0,0,-1,0,5.0000,-1,7,12,7,0,26,0,0,0,0
229.2021,2,0,3,1,0,0,0,-1,0,5.0000,-1,7,12,7,0,26,0,0,0,0
229.2221,2,0,3,1,0,0,0,-1,0,5.0000,-1,7,12,7,0,26,0,0,0,0
229.242,2,0,3,1,0,0,0,-1,0,5.0000,-1,7,12,7,0,26,0,0,0,0
229.2657,2,0,3,1,0,0,0,-1,0,5.0000,-1,7,12,7,0,26,0,0,0,0
229.2854,2,0,3,1,0,0,0,-1,0,5.0000,-1,7,12,7,0,26,0,0,0,0
229.3028,2,0,3,1,0,0,0,-1,0,5.0000,-1,7,12,7,0,26,0,0,0,0
229.3243,2,0,3,1,0,0,0,-1,0,4.0000,-1,7,12,7,0,26,0,0,0,0
229.3452,2,0,3,1,0,0,0,-1,0,4.0000,-1,7,12,7,0,26,0,0,0,0
229.3665,2,0,3,1,0,0,0,-1,0,4.0000,-1,7,12,7,0,26,0,0,0,0
229.3866,2,0,3,1,0,0,0,-1,0,4.0000,-1,7,12,7,0,26,0,0,0,0
229.4085,2,0,3,1,0,0,0,-1,0,4.0000,-1,7,12,7,0,26,0,0,0,0
229.4302,2,0,3,1,0,0,0,-1,0,4.0000,-1,7,12,7,0,26,0,0,0,0
229.4491,2,0,3,1,0,0,0,-1,0,4.0000,-1,7,12,7,0,26,0,0,0,0
229.4687,2,0,3,1,0,0,0,-1,0,4.0000,-1,7,12,7,0,26,0,0,0,0
229.4898,2,0,3,1,0,0,0,-1,0,4.0000,-1,7,12,7,0,26,0,0,0,0
229.5106,2,0,3,1,0,0,0,-1,0,4.0000,-1,7,12,7,0,26,0,0,0,0
229.5322,2,0,3,1,0,0,0,-1,0,4.0000,-1,7,12,7,0,26,0,0,0,0
229.5522,2,0,3,1,0,0,0,-1,0,4.0000,-1,7,12,7,0,26,0,0,0,0
229.5738,2,0,3,1,0,0,0,-1,0,4.0000,-1,7,12,7,0,26,0,0,0,0
229.5948,2,0,3,1,0,0,0,-1,0,3.0000,-1,7,12,7,0,26,0,0,0,0
229.6147,2,0,3,1,0,0,0,-1,0,2.0000,-1,7,12,7,0,26,0,0,0,0
229.6364,2,0,3,1,0,0,0,-1,0,2.0000,-1,7,12,7,0,26,0,0,0,0
229.6569,2,0,3,1,0,0,1,81,0,2.0000,-1,7,12,7,0,26,0,0,0,0
229.676,2,0,3,1,0,0,1,81,0,2.0000,-1,7,12,7,0,26,0,0,0,0
229.6969,2,0,3,1,0,0,1,81,0,2.0000,-1,7,12,7,0,26,0,0,0,0
229.7187,2,0,3,1,0,0,1,81,0,2.0000,-1,7,12,7,0,26,0,0,0,0
229.7397,2,0,3,1,0,0,1,81,0,2.0000,-1,7,12,7,0,26,0,0,0,0
229.7591,2,0,3,1,0,0,1,81,0,2.0000,-1,7,12,7,0,26,0,0,0,0
229.781,2,0,3,1,0,0,1,81,0,2.0000,-1,7,12,7,0,26,0,0,0,0
229.8019,2,0,3,1,0,0,1,81,0,2.0000,-1,7,12,7,0,26,0,0,0,0
229.8227,2,0,3,1,0,0,1,81,0,2.0000,-1,7,12,7,0,26,0,0,0,0
229.8432,2,0,3,1,0,0,1,81,0,2.0000,-1,7,12,7,0,26,0,0,0,0
229.8642,2,0,3,1,0,0,1,81,0,2.0000,-1,7,12,7,0,26,0,0,0,0
229.886,2,0,3,1,0,0,1,81,0,1.0000,-1,7,12,7,0,26,0,0,0,0
229.9091,2,0,3,1,0,0,1,81,0,1.0000,-1,7,12,7,0,26,0,0,0,0
229.95,2,0,3,1,0,0,1,81,0,1.0000,-1,7,12,7,0,26,0,0,0,0
229.9613,2,0,3,1,0,0,1,81,0,1.0000,-1,7,12,7,0,26,0,0,0,0
229.976,2,0,3,1,0,0,1,81,0,1.0000,-1,7,12,7,0,26,0,0,0,0
229.9964,2,0,3,1,0,0,1,81,0,1.0000,-1,7,12,7,0,26,0,0,0,0
230.0187,2,0,3,1,0,0,1,81,0,1.0000,-1,7,12,7,0,26,0,0,0,0
230.0406,2,0,3,1,0,0,1,81,0,1.0000,-1,7,12,7,0,26,0,0,0,0
230.0621,2,0,3,1,0,0,1,81,0,1.0000,-1,7,12,7,0,26,0,0,0,0
230.0829,2,0,3,1,0,0,1,81,0,1.0000,-1,7,12,7,0,26,0,0,0,0
230.1032,2,0,3,1,0,0,1,81,0,0.0000,-1,7,12,7,0,26,0,0,0,0
230.124,2,0,3,1,0,0,1,81,0,0.0000,-1,7,12,7,0,26,0,0,0,0
230.1458,2,0,3,1,0,0,1,81,0,0.0000,-1,7,12,7,0,26,0,0,0,0
230.1665,2,0,3,1,0,0,1,81,0,0.0000,-1,7,12,7,0,26,0,0,0,0
230.1877,2,0,3,1,0,0,1,81,0,0.0000,-1,7,12,7,0,26,0,0,0,0
230.2085,2,0,3,1,0,0,1,81,0,0.0000,-1,7,12,7,0,26,0,0,0,0
230.2301,2,0,3,1,0,0,1,81,0,0.0000,-1,7,12,7,0,26,0,0,0,0
230.2517,2,0,3,1,0,0,1,81,1,1.0000,-1,7,12,7,0,26,0,0,0,0
230.2741,2,0,3,1,0,0,0,-1,0,1.0000,-1,7,12,7,0,26,0,0,0,0
230.295,2,0,3,1,0,0,0,-1,0,1.0000,-1,7,12,7,0,26,0,0,0,0
230.3156,2,0,3,1,0,0,0,-1,0,1.0000,-1,7,12,7,0,26,0,0,0,0
230.3362,2,0,3,1,0,0,0,-1,0,1.0000,-1,7,12,7,0,26,0,0,0,0
230.3569,2,0,3,1,0,0,0,-1,0,1.0000,-1,7,12,7,0,26,0,0,0,0
230.3775,2,0,3,1,0,0,0,-1,0,1.0000,-1,7,12,7,0,26,0,0,0,0
230.3993,2,0,3,1,0,0,0,-1,0,1.0000,-1,7,12,7,0,26,0,0,0,0
230.4212,2,0,3,1,0,0,0,-1,0,1.0000,-1,7,12,7,0,26,0,0,0,0
230.4427,2,0,3,1,0,0,0,-1,0,1.0000,-1,7,12,7,0,26,0,0,0,0
230.4648,2,0,3,1,0,0,0,-1,0,1.0000,-1,7,12,7,0,26,0,0,0,0
230.4862,2,0,3,1,0,0,0,-1,0,1.0000,-1,7,12,7,0,26,0,0,0,0
230.5066,2,0,3,1,0,0,0,-1,0,1.0000,-1,7,12,7,0,26,0,0,0,0
230.5264,2,0,3,1,0,0,0,-1,0,1.0000,-1,7,12,7,0,26,0,0,0,0
230.5472,2,0,3,1,0,0,0,-1,0,1.0000,-1,7,12,7,0,26,0,0,0,0
230.5675,2,0,3,1,0,0,0,-1,0,1.0000,-1,7,12,7,0,26,0,0,0,0
230.5889,2,0,3,1,0,0,0,-1,0,1.0000,-1,7,12,7,0,26,0,0,0,0
230.6092,2,0,3,1,0,0,0,-1,0,1.0000,-1,7,12,7,0,26,0,0,0,0
230.6304,2,0,3,1,0,0,0,-1,0,1.0000,-1,7,12,7,0,26,0,0,0,0
230.6535,2,0,3,1,0,0,0,-1,0,1.0000,-1,7,12,7,0,26,0,0,0,0
230.6742,2,0,3,1,0,0,0,-1,0,1.0000,-1,7,12,7,0,26,0,0,0,0
230.695,2,0,3,1,0,0,0,-1,0,1.0000,-1,7,12,7,0,26,0,0,0,0
230.7143,2,0,3,1,0,0,0,-1,0,1.0000,-1,7,12,7,0,26,0,0,0,0
230.7349,2,0,3,1,0,0,0,-1,0,1.0000,-1,7,12,7,0,26,0,0,0,0
230.7558,2,0,3,1,0,0,0,-1,1,2.0000,-1,7,12,7,0,26,0,0,0,0
230.7952,2,0,3,1,0,0,0,-1,0,2.0000,-1,7,12,7,0,26,0,0,0,0
230.8084,2,0,3,1,0,0,0,-1,0,2.0000,-1,7,12,7,0,26,0,0,0,0
230.8231,2,0,3,1,0,0,0,-1,0,2.0000,-1,7,12,7,0,26,0,0,0,0
230.8444,2,0,3,1,0,0,0,-1,0,2.0000,-1,7,12,7,0,26,0,0,0,0
230.8654,2,0,3,1,0,0,0,-1,0,2.0000,-1,7,12,7,0,26,0,0,0,0
230.8867,2,0,3,1,0,0,0,-1,0,2.0000,-1,7,12,7,0,26,0,0,0,0
230.9079,2,0,3,1,0,0,0,-1,0,2.0000,-1,7,12,7,0,26,0,0,0,0
230.9296,2,0,3,1,0,0,0,-1,0,2.0000,-1,7,12,7,0,26,0,0,0,0
230.9502,2,0,3,1,0,0,0,-1,0,2.0000,-1,7,12,7,0,26,0,0,0,0
230.9683,2,0,3,1,0,0,0,-1,0,2.0000,-1,7,12,7,0,26,0,0,0,0
230.9911,2,0,3,1,0,0,0,-1,0,2.0000,-1,7,12,7,0,26,0,0,0,0
231.0107,2,0,3,1,0,0,0,-1,0,2.0000,-1,7,12,7,0,26,0,0,0,0
231.0305,2,0,3,1,0,0,0,-1,0,2.0000,-1,7,12,7,0,26,0,0,0,0
231.0519,2,0,3,1,0,0,0,-1,0,2.0000,-1,7,12,7,0,26,0,0,0,0
231.0731,2,0,3,1,0,0,0,-1,0,2.0000,-1,7,12,7,0,26,0,0,0,0
231.0941,2,0,3,1,0,0,0,-1,0,2.0000,-1,7,12,7,0,26,0,0,0,0
231.1149,2,0,3,1,0,0,0,-1,0,2.0000,-1,7,12,7,0,26,0,0,0,0
231.1355,2,0,3,1,0,0,0,-1,0,2.0000,-1,7,12,7,0,26,0,0,0,0
231.1567,2,0,3,1,0,0,0,-1,0,2.0000,-1,7,12,7,0,26,0,0,0,0
231.1753,2,0,3,1,0,0,0,-1,0,2.0000,-1,7,12,7,0,26,0,0,0,0
231.1967,2,0,3,1,0,0,0,-1,0,2.0000,-1,7,12,7,0,26,0,0,0,0
231.2174,2,0,3,1,0,0,0,-1,0,2.0000,-1,7,12,7,0,26,0,0,0,0
231.2391,2,0,3,1,0,0,0,-1,0,2.0000,-1,7,12,7,0,26,0,0,0,0
231.2617,2,0,3,1,0,0,0,-1,0,1.0000,-1,7,12,7,0,26,0,0,0,0
231.2798,2,0,3,1,0,0,0,-1,0,1.0000,-1,7,12,7,0,26,0,0,0,0
231.3008,2,0,3,1,0,0,0,-1,0,1.0000,-1,7,12,7,0,26,0,0,0,0
231.3226,2,0,3,1,0,0,0,-1,0,1.0000,-1,7,12,7,0,26,0,0,0,0
231.3425,2,0,3,1,0,0,0,-1,0,1.0000,-1,7,12,7,0,26,0,0,0,0
231.3645,2,0,3,1,0,0,0,-1,0,1.0000,-1,7,12,7,0,26,0,0,0,0
231.3857,2,0,3,1,0,0,0,-1,0,1.0000,-1,7,12,7,0,26,0,0,0,0
231.4256,2,0,3,1,0,0,0,-1,0,1.0000,-1,7,12,7,0,26,0,0,0,0
231.4377,2,0,3,1,0,0,0,-1,0,1.0000,-1,7,12,7,0,26,0,0,0,0
231.4517,2,0,3,1,0,0,0,-1,0,1.0000,-1,7,12,7,0,26,0,0,0,0
231.4744,2,0,3,1,0,0,0,-1,0,1.0000,-1,7,12,7,0,26,0,0,0,0
231.4952,2,0,3,1,0,0,0,-1,0,1.0000,-1,7,12,7,0,26,0,0,0,0
231.5169,2,0,3,1,0,0,0,-1,0,1.0000,-1,7,12,7,0,26,0,0,0,0
231.5366,2,0,3,1,0,0,0,-1,0,1.0000,-1,7,12,7,0,26,0,0,0,0
231.5579,2,0,3,1,0,0,0,-1,0,1.0000,-1,7,12,7,0,26,0,0,0,0
231.579,2,0,3,1,0,0,0,-1,0,1.0000,-1,7,12,7,0,26,0,0,0,0
231.5997,2,0,3,1,0,0,0,-1,0,1.0000,-1,7,12,7,0,26,0,0,0,0
231.6204,2,0,3,1,0,0,0,-1,0,1.0000,-1,7,12,7,0,26,0,0,0,0
231.642,2,0,3,1,0,0,0,-1,0,1.0000,-1,7,12,7,0,26,0,0,0,0
231.6633,2,0,3,1,0,0,0,-1,0,1.0000,-1,7,12,7,0,26,0,0,0,0
231.6848,2,0,3,1,0,0,0,-1,0,1.0000,-1,7,12,7,0,26,0,0,0,0
231.7061,2,0,3,1,0,0,0,-1,0,1.0000,-1,7,12,7,0,26,0,0,0,0
231.7275,2,0,3,1,0,0,0,-1,0,1.0000,-1,7,12,7,0,26,0,0,0,0
231.7463,2,0,3,1,0,0,0,-1,0,1.0000,-1,7,12,7,0,26,0,0,0,0
231.7679,2,0,3,1,0,0,0,-1,0,0.0000,-1,7,12,7,0,26,0,0,0,0
231.7892,2,0,3,1,0,0,0,-1,0,0.0000,-1,7,12,7,0,26,0,0,0,0
231.8093,2,0,3,1,0,0,0,-1,0,0.0000,-1,7,12,7,0,26,0,0,0,0
231.8316,2,0,3,1,0,0,0,-1,0,0.0000,-1,7,12,7,0,26,0,0,0,0
231.8524,2,0,3,1,0,0,0,-1,0,0.0000,-1,7,12,7,0,26,0,0,0,0
231.8732,2,0,3,1,0,0,0,-1,0,0.0000,-1,7,12,7,0,26,0,0,0,0
231.8945,2,0,3,1,0,0,0,-1,0,0.0000,-1,7,12,7,0,26,0,0,0,0
231.9161,2,0,3,1,0,0,0,-1,0,0.0000,-1,7,12,7,0,26,0,0,0,0
231.9369,2,0,3,1,0,0,0,-1,0,0.0000,-1,7,12,7,0,26,0,0,0,0
231.9586,2,0,3,1,0,0,0,-1,0,0.0000,-1,7,12,7,0,26,0,0,0,0
231.9791,2,0,3,1,0,0,0,-1,0,0.0000,-1,7,12,7,0,26,0,0,0,0
232.001,2,0,3,1,0,0,0,-1,0,0.0000,-1,7,12,7,0,26,0,0,0,0
232.0222,2,0,3,1,0,0,0,-1,0,0.0000,-1,7,12,7,0,26,0,0,0,0
232.0438,2,0,3,1,0,0,0,-1,0,0.0000,-1,7,12,7,0,26,0,0,0,0
232.064,2,0,3,1,0,0,0,-1,0,0.0000,-1,7,12,7,0,26,0,0,0,0
232.0854,2,0,3,1,0,0,0,-1,0,0.0000,-1,7,12,7,0,26,0,0,0,0
232.1069,2,0,3,1,0,0,0,-1,0,0.0000,-1,7,12,7,0,26,0,0,0,0
232.128,2,0,3,1,0,0,0,-1,0,0.0000,-1,7,12,7,0,26,0,0,0,0
232.1494,2,0,3,1,0,0,1,85,0,0.0000,-1,7,12,7,0,26,0,0,0,0
232.1694,2,0,3,1,0,0,1,85,0,0.0000,-1,7,12,7,0,26,0,0,0,0
232.1922,2,0,3,1,0,0,1,85,0,0.0000,-1,7,12,7,0,26,0,0,0,0
232.2116,2,0,3,1,0,0,1,85,0,0.0000,-1,7,12,7,0,26,0,0,0,0
232.2322,2,0,3,1,0,0,1,85,0,0.0000,-1,7,12,7,0,26,0,0,0,0
232.2538,2,0,3,1,0,0,1,85,0,0.0000,-1,7,12,7,0,26,0,0,0,0
232.2757,2,0,3,1,0,0,1,85,0,0.0000,-1,7,12,7,0,26,0,0,0,0
232.297,2,0,3,1,0,0,1,85,0,0.0000,-1,7,12,7,0,26,0,0,0,0
232.3196,2,0,3,1,0,0,1,85,0,0.0000,-1,7,12,7,0,26,0,0,0,0
232.3413,2,0,3,1,0,0,1,85,0,0.0000,-1,7,12,7,0,26,0,0,0,0
232.361,2,0,3,1,0,0,1,85,0,0.0000,-1,7,12,7,0,26,0,0,0,0
232.382,2,0,3,1,0,0,1,85,0,0.0000,-1,7,12,7,0,26,0,0,0,0
232.4026,2,0,3,1,0,0,1,85,0,0.0000,-1,7,12,7,0,26,0,0,0,0
232.4238,2,0,3,1,0,0,1,85,0,0.0000,-1,7,12,7,0,26,0,0,0,0
232.4453,2,0,3,1,0,0,1,85,0,0.0000,-1,7,12,7,0,26,0,0,0,0
232.467,2,0,3,1,0,0,1,85,0,0.0000,-1,7,12,7,0,26,0,0,0,0
232.4897,2,0,3,1,0,0,1,85,0,0.0000,-1,7,12,7,0,26,0,0,0,0
232.5111,2,0,3,1,0,0,1,85,0,0.0000,-1,7,12,7,0,26,0,0,0,0
232.5322,2,0,3,1,0,0,1,85,0,0.0000,-1,7,12,7,0,26,0,0,0,0
232.5532,2,0,3,1,0,0,1,85,0,0.0000,-1,7,12,7,0,26,0,0,0,0
232.5752,2,0,3,1,0,0,1,85,0,0.0000,-1,7,12,7,0,26,0,0,0,0
232.5968,2,0,3,1,0,0,1,85,0,0.0000,-1,7,12,7,0,26,0,0,0,0
232.6185,2,0,3,1,0,0,1,85,0,0.0000,-1,7,12,7,0,26,0,0,0,0
232.6406,2,0,3,1,0,0,1,85,0,0.0000,-1,7,12,7,0,26,0,0,0,0
232.6629,2,0,3,1,0,0,1,85,0,0.0000,-1,7,12,7,0,26,0,0,0,0
232.6841,2,0,3,1,0,0,1,85,0,0.0000,-1,7,12,7,0,26,0,0,0,0
232.7058,2,0,3,1,0,0,1,85,0,0.0000,-1,7,12,7,0,26,0,0,0,0
232.7271,2,0,3,1,0,0,1,85,0,0.0000,-1,7,12,7,0,26,0,0,0,0
232.7489,2,0,3,1,0,0,0,-1,0,0.0000,-1,7,12,7,0,26,0,0,0,0
232.7702,2,0,3,1,0,0,0,-1,0,0.0000,-1,7,12,7,0,26,0,0,0,0
232.792,2,0,3,1,0,0,0,-1,0,0.0000,-1,7,12,7,0,26,0,0,0,0
232.8132,2,0,3,1,0,0,1,84,1,1.0000,-1,7,12,7,0,26,0,0,0,0
232.8346,2,0,3,1,0,0,1,84,0,1.0000,-1,7,12,7,0,26,0,0,0,0
232.8562,2,0,3,1,0,0,1,84,0,1.0000,-1,7,12,7,0,26,0,0,0,0
232.8786,2,0,3,1,0,0,0,-1,0,1.0000,-1,7,12,7,0,26,0,0,0,0
232.9196,2,0,3,1,0,0,0,-1,0,1.0000,-1,7,12,7,0,26,0,0,0,0
232.931,2,0,3,1,0,0,0,-1,0,1.0000,-1,7,12,7,0,26,0,0,0,0
232.9451,2,0,3,1,0,0,0,-1,0,1.0000,-1,7,12,7,0,26,0,0,0,0
232.9677,2,0,3,1,0,0,0,-1,0,1.0000,-1,7,12,7,0,26,0,0,0,0
232.989,2,0,3,1,0,0,1,83,0,1.0000,-1,7,12,7,0,26,0,0,0,0
233.0107,2,0,3,1,0,0,1,83,0,1.0000,-1,7,12,7,0,26,0,0,0,0
233.0328,2,0,3,1,0,0,1,83,0,1.0000,-1,7,12,7,0,26,0,0,0,0
233.0546,2,0,3,1,0,0,1,83,0,1.0000,-1,7,12,7,0,26,0,0,0,0
233.0773,2,0,3,1,0,0,1,83,0,1.0000,-1,7,12,7,0,26,0,0,0,0
233.0979,2,0,3,1,0,0,1,83,0,1.0000,-1,7,12,7,0,26,0,0,0,0
233.1205,2,0,3,1,0,0,1,83,0,1.0000,-1,7,12,7,0,26,0,0,0,0
233.1418,2,0,3,1,0,0,1,83,0,1.0000,-1,7,12,7,0,26,0,0,0,0
233.1649,2,0,3,1,0,0,1,83,0,1.0000,-1,7,12,7,0,26,0,0,0,0
233.1875,2,0,3,1,0,0,1,83,0,1.0000,-1,7,12,7,0,26,0,0,0,0
233.2095,2,0,3,1,0,0,1,83,0,1.0000,-1,7,12,7,0,26,0,0,0,0
233.2318,2,0,3,1,0,0,1,83,0,1.0000,-1,7,12,7,0,26,0,0,0,0
233.2536,2,0,3,1,0,0,1,83,0,1.0000,-1,7,12,7,0,26,0,0,0,0
233.2755,2,0,3,1,0,0,1,83,0,1.0000,-1,7,12,7,0,26,0,0,0,0
233.298,2,0,3,1,0,0,1,83,0,1.0000,-1,7,12,7,0,26,0,0,0,0
233.3194,2,0,3,1,0,0,1,83,0,1.0000,-1,7,12,7,0,26,0,0,0,0
233.3412,2,0,3,1,0,0,1,83,0,1.0000,-1,7,12,7,0,26,0,0,0,0
233.3637,2,0,3,1,0,0,1,83,0,1.0000,-1,7,12,7,0,26,0,0,0,0
233.3853,2,0,3,1,0,0,1,83,0,1.0000,-1,7,12,7,0,26,0,0,0,0
233.406,2,0,3,1,0,0,0,-1,0,1.0000,-1,7,12,7,0,26,0,0,0,0
233.4281,2,0,3,1,0,0,1,85,0,1.0000,-1,7,12,7,0,26,0,0,0,0
233.4497,2,0,3,1,0,0,1,85,0,1.0000,-1,7,12,7,0,26,0,0,0,0
233.4728,2,0,3,1,0,0,1,85,0,1.0000,-1,7,12,7,0,26,0,0,0,0
233.4947,2,0,3,1,0,0,1,85,0,1.0000,-1,7,12,7,0,26,0,0,0,0
233.5168,2,0,3,1,0,0,1,85,0,1.0000,-1,7,12,7,0,26,0,0,0,0
233.5395,2,0,3,1,0,0,1,85,0,1.0000,-1,7,12,7,0,26,0,0,0,0
233.5594,2,0,3,1,0,0,1,85,0,1.0000,-1,7,12,7,0,26,0,0,0,0
233.5811,2,0,3,1,0,0,1,85,0,1.0000,-1,7,12,7,0,26,0,0,0,0
233.602,2,0,3,1,0,0,0,-1,0,1.0000,85,7,13,7,0,27,0,0,0,0
233.625,2,0,3,1,0,0,0,-1,0,1.0000,-1,7,13,7,0,27,0,0,0,0
233.647,2,0,3,1,0,0,0,-1,1,2.0000,-1,7,13,7,0,27,0,0,0,0
233.6676,2,0,3,1,0,0,0,-1,1,3.0000,-1,7,13,7,0,27,0,0,0,0
233.688,2,0,3,1,0,0,0,-1,0,3.0000,-1,7,13,7,0,27,0,0,0,0
233.7105,2,0,3,1,0,0,0,-1,0,3.0000,-1,7,13,7,0,27,0,0,0,0
233.731,2,0,3,1,0,0,0,-1,0,3.0000,-1,7,13,7,0,27,0,0,0,0
233.7731,2,0,3,1,0,0,0,-1,0,3.0000,-1,7,13,7,0,27,0,0,0,0
233.7863,2,0,3,1,0,0,0,-1,0,3.0000,-1,7,13,7,0,27,0,0,0,0
233.8,2,0,3,1,0,0,0,-1,0,3.0000,-1,7,13,7,0,27,0,0,0,0
233.8218,2,0,3,1,0,0,0,-1,0,2.0000,-1,7,13,7,0,27,0,0,0,0
233.8434,2,0,3,1,0,0,0,-1,0,2.0000,-1,7,13,7,0,27,0,0,0,0
233.8654,2,0,3,1,0,0,0,-1,0,2.0000,-1,7,13,7,0,27,0,0,0,0
233.8855,2,0,3,1,0,0,0,-1,0,2.0000,-1,7,13,7,0,27,0,0,0,0
233.9072,2,0,3,1,0,0,0,-1,0,2.0000,-1,7,13,7,0,27,0,0,0,0
233.9284,2,0,3,1,0,0,0,-1,0,2.0000,-1,7,13,7,0,27,0,0,0,0
233.95,2,0,3,1,0,0,0,-1,0,2.0000,-1,7,13,7,0,27,0,0,0,0
233.971,2,0,3,1,0,0,0,-1,0,2.0000,-1,7,13,7,0,27,0,0,0,0
233.9906,2,0,3,1,0,0,0,-1,0,2.0000,-1,7,13,7,0,27,0,0,0,0
234.0119,2,0,3,1,0,0,0,-1,0,2.0000,-1,7,13,7,0,27,0,0,0,0
234.0347,2,0,3,1,0,0,0,-1,0,2.0000,-1,7,13,7,0,27,0,0,0,0
234.0556,2,0,3,1,0,0,0,-1,0,2.0000,-1,7,13,7,0,27,0,0,0,0
234.0773,2,0,3,1,0,0,0,-1,0,2.0000,-1,7,13,7,0,27,0,0,0,0
234.0986,2,0,3,1,0,0,0,-1,0,2.0000,-1,7,13,7,0,27,0,0,0,0
234.1189,2,0,3,1,0,0,0,-1,0,2.0000,-1,7,13,7,0,27,0,0,0,0
234.1394,2,0,3,1,0,0,0,-1,0,2.0000,-1,7,13,7,0,27,0,0,0,0
234.1586,2,0,3,0,0,0,0,-1,0,2.0000,-1,7,13,7,0,27,0,0,0,0
234.1994,2,0,3,0,0,0,0,-1,0,2.0000,-1,7,13,7,0,27,0,0,0,0
234.2135,2,0,3,0,0,0,0,-1,0,2.0000,-1,7,13,7,0,27,0,0,0,0
234.2265,2,0,3,0,0,0,0,-1,1,3.0000,-1,7,13,7,0,27,0,0,0,0
234.2476,2,0,3,0,0,0,0,-1,0,3.0000,-1,7,13,7,0,27,0,0,0,0
234.2695,2,0,3,0,0,0,0,-1,0,3.0000,-1,7,13,7,0,27,0,0,0,0
234.289,2,0,3,0,0,0,1,83,1,4.0000,-1,7,13,7,0,27,0,0,0,0
234.3111,2,0,3,0,0,0,1,83,0,4.0000,-1,7,13,7,0,27,0,0,0,0
234.3329,2,0,3,0,0,0,1,83,0,4.0000,-1,7,13,7,0,27,0,0,0,0
234.3536,2,0,3,0,0,0,1,83,0,4.0000,-1,7,13,7,0,27,0,0,0,0
234.3745,2,0,3,0,0,0,1,83,0,4.0000,-1,7,13,7,0,27,0,0,0,0
234.4146,2,0,3,0,0,0,1,83,0,4.0000,-1,7,13,7,0,27,0,0,0,0
234.4266,2,0,3,0,0,0,1,86,0,4.0000,-1,7,13,7,0,27,0,0,0,0
234.4415,2,0,3,0,0,0,1,86,0,4.0000,-1,7,13,7,0,27,0,0,0,0
234.4641,2,0,3,0,0,0,1,86,0,4.0000,-1,7,13,7,0,27,0,0,0,0
234.4861,2,0,3,0,0,0,1,86,0,4.0000,-1,7,13,7,0,27,0,0,0,0
234.5071,2,0,3,0,0,0,1,86,0,4.0000,-1,7,13,7,0,27,0,0,0,0
234.5287,2,0,3,0,0,0,1,86,0,4.0000,-1,7,13,7,0,27,0,0,0,0
234.5503,2,0,3,0,0,0,1,86,0,4.0000,-1,7,13,7,0,27,0,0,0,0
234.572,2,0,3,0,0,0,1,86,0,4.0000,-1,7,13,7,0,27,0,0,0,0
234.5924,2,0,3,0,0,0,1,86,0,4.0000,-1,7,13,7,0,27,0,0,0,0
234.6126,2,0,3,0,0,0,1,86,0,4.0000,-1,7,13,7,0,27,0,0,0,0
234.6333,2,0,3,0,0,0,1,86,1,5.0000,-1,7,13,7,0,27,0,0,0,0
234.6548,2,0,3,0,0,0,1,86,0,4.0000,-1,7,13,7,0,27,0,0,0,0
234.6764,2,0,3,0,0,0,1,86,0,3.0000,-1,7,13,7,0,27,0,0,0,0
234.6978,2,0,3,0,0,0,1,86,0,3.0000,-1,7,13,7,0,27,0,0,0,0
234.7181,2,0,3,0,0,0,1,86,0,3.0000,-1,7,13,7,0,27,0,0,0,0
234.7402,2,0,3,0,0,0,1,87,0,3.0000,86,7,14,7,0,28,0,0,0,0
234.7617,2,0,3,0,0,0,1,87,0,3.0000,-1,7,14,7,0,28,0,0,0,0
234.7799,2,0,3,0,0,0,1,87,0,3.0000,-1,7,14,7,0,28,0,0,0,0
234.8015,2,0,3,0,0,0,1,87,0,3.0000,-1,7,14,7,0,28,0,0,0,0
234.8433,2,0,3,0,0,0,1,87,0,3.0000,-1,7,14,7,0,28,0,0,0,0
234.856,2,0,3,0,0,0,1,87,0,3.0000,-1,7,14,7,0,28,0,0,0,0
234.8689,2,0,3,0,0,0,1,87,0,3.0000,-1,7,14,7,0,28,0,0,0,0
234.8906,2,0,3,0,0,0,1,87,1,4.0000,-1,7,14,7,0,28,0,0,0,0
234.9143,2,0,3,0,0,0,1,87,0,4.0000,-1,7,14,7,0,28,0,0,0,0
234.9369,2,0,3,0,0,0,1,87,0,4.0000,-1,7,14,7,0,28,0,0,0,0
234.9556,2,0,3,0,0,0,1,87,0,4.0000,-1,7,14,7,0,28,0,0,0,0
234.9778,2,0,3,0,0,0,1,87,0,4.0000,-1,7,14,7,0,28,0,0,0,0
234.9971,2,0,3,0,0,0,1,87,0,4.0000,-1,7,14,7,0,28,0,0,0,0
235.0188,2,0,3,0,0,0,1,87,0,4.0000,-1,7,14,7,0,28,0,0,0,0
235.0403,2,0,3,0,0,0,1,87,0,4.0000,-1,7,14,7,0,28,0,0,0,0
235.0616,2,0,3,0,0,0,1,87,0,4.0000,-1,7,14,7,0,28,0,0,0,0
235.0818,2,0,3,0,0,0,1,87,0,4.0000,-1,7,14,7,0,28,0,0,0,0
235.1029,2,0,3,0,0,0,1,87,0,4.0000,-1,7,14,7,0,28,0,0,0,0
235.124,2,0,3,0,0,0,1,87,0,4.0000,-1,7,14,7,0,28,0,0,0,0
235.1447,2,0,3,0,0,0,1,87,0,4.0000,-1,7,14,7,0,28,0,0,0,0
235.1655,2,0,3,0,0,0,1,87,0,4.0000,-1,7,14,7,0,28,0,0,0,0
235.1857,2,0,3,0,0,0,1,87,0,4.0000,-1,7,14,7,0,28,0,0,0,0
235.2079,2,0,3,0,0,0,1,87,0,4.0000,-1,7,14,7,0,28,0,0,0,0
235.2277,2,0,3,0,0,0,1,87,0,3.0000,-1,7,14,7,0,28,0,0,0,0
235.2486,2,0,3,0,0,0,1,87,0,3.0000,-1,7,14,7,0,28,0,0,0,0
235.2712,2,0,3,0,0,0,1,87,0,3.0000,-1,7,14,7,0,28,0,0,0,0
235.2916,2,0,3,0,0,0,1,87,0,2.0000,-1,7,14,7,0,28,0,0,0,0
235.3101,2,0,3,0,0,0,1,87,0,2.0000,-1,7,14,7,0,28,0,0,0,0
235.3322,2,0,3,0,0,0,1,87,0,2.0000,-1,7,14,7,0,28,0,0,0,0
235.3526,2,0,3,0,0,0,1,87,0,2.0000,-1,7,14,7,0,28,0,0,0,0
235.3717,2,0,3,0,0,0,1,87,1,3.0000,-1,7,14,7,0,28,0,0,0,0
235.3922,2,0,3,0,0,0,1,87,0,3.0000,-1,7,14,7,0,28,0,0,0,0
235.4138,2,0,3,0,0,0,1,87,0,3.0000,-1,7,14,7,0,28,0,0,0,0
235.4339,2,0,3,0,0,0,1,87,1,4.0000,-1,7,14,7,0,28,0,0,0,0
235.4539,2,0,3,0,0,0,1,87,0,4.0000,-1,7,14,7,0,28,0,0,0,0
235.4769,2,0,3,0,0,0,0,-1,0,4.0000,-1,7,14,7,0,28,0,0,0,0
235.499,2,0,3,0,0,0,1,89,0,4.0000,-1,7,14,7,0,28,0,0,0,0
235.5196,2,0,3,0,0,0,1,89,0,4.0000,-1,7,14,7,0,28,0,0,0,0
235.5397,2,0,3,0,0,0,1,89,0,4.0000,-1,7,14,7,0,28,0,0,0,0
235.5593,2,0,3,0,0,0,1,89,0,4.0000,-1,7,14,7,0,28,0,0,0,0
235.5813,2,0,3,0,0,0,1,89,0,4.0000,-1,7,14,7,0,28,0,0,0,0
235.602,2,0,3,0,0,0,1,89,0,4.0000,-1,7,14,7,0,28,0,0,0,0
235.6219,2,0,3,0,0,0,1,89,0,4.0000,-1,7,14,7,0,28,0,0,0,0
235.6427,2,0,3,0,0,0,1,89,0,3.0000,-1,7,14,7,0,28,0,0,0,0
235.6817,2,0,3,0,0,0,1,89,0,3.0000,-1,7,14,7,0,28,0,0,0,0
235.6989,2,0,3,0,0,0,1,89,0,3.0000,-1,7,14,7,0,28,0,0,0,0
235.7131,2,0,3,0,0,0,1,89,0,3.0000,-1,7,14,7,0,28,0,0,0,0
235.7281,2,0,3,0,0,0,1,89,1,4.0000,-1,7,14,7,0,28,0,0,0,0
235.7498,2,0,3,0,0,0,1,89,0,4.0000,-1,7,14,7,0,28,0,0,0,0
235.7697,2,0,3,0,0,0,1,89,0,4.0000,-1,7,14,7,0,28,0,0,0,0
235.7901,2,0,3,0,0,0,1,89,0,4.0000,-1,7,14,7,0,28,0,0,0,0
235.8103,2,0,3,0,0,0,1,89,0,4.0000,-1,7,14,7,0,28,0,0,0,0
235.8286,2,0,3,0,0,0,1,89,0,4.0000,-1,7,14,7,0,28,0,0,0,0
235.8527,2,0,3,0,0,0,1,89,0,4.0000,-1,7,14,7,0,28,0,0,0,0
235.8882,2,0,3,0,0,0,1,89,0,4.0000,-1,7,14,7,0,28,0,0,0,0
235.902,2,0,3,0,0,0,1,89,0,3.0000,-1,7,14,7,0,28,0,0,0,0
235.9161,2,0,3,0,0,0,1,89,0,3.0000,-1,7,14,7,0,28,0,0,0,0
235.9336,2,0,3,0,0,0,1,89,0,3.0000,-1,7,14,7,0,28,0,0,0,0
235.9547,2,0,3,0,0,0,1,89,0,3.0000,-1,7,14,7,0,28,0,0,0,0
235.9764,2,0,3,0,0,0,1,89,0,3.0000,-1,7,14,7,0,28,0,0,0,0
235.9962,2,0,3,0,0,0,1,89,0,3.0000,-1,7,14,7,0,28,0,0,0,0
236.0159,2,0,3,0,0,0,1,89,0,3.0000,-1,7,14,7,0,28,0,0,0,0
236.0343,2,0,3,0,0,0,1,89,0,3.0000,-1,7,14,7,0,28,0,0,0,0
236.0548,2,0,3,0,0,0,1,89,0,3.0000,-1,7,14,7,0,28,0,0,0,0
236.0926,2,0,3,0,0,0,1,89,1,4.0000,-1,7,14,7,0,28,0,0,0,0
236.1046,2,0,3,0,0,0,1,89,0,4.0000,-1,7,14,7,0,28,0,0,0,0
236.1183,2,0,3,0,0,0,0,-1,0,4.0000,-1,7,14,7,0,28,0,0,0,0
236.1393,2,0,3,0,0,0,0,-1,0,4.0000,-1,7,14,7,0,28,0,0,0,0
236.1587,2,0,3,0,0,0,0,-1,0,4.0000,-1,7,14,7,0,28,0,0,0,0
236.1788,2,0,3,0,0,0,0,-1,0,4.0000,-1,7,14,7,0,28,0,0,0,0
236.1995,2,0,3,0,0,0,0,-1,0,4.0000,-1,7,14,7,0,28,0,0,0,0
236.2189,2,0,3,0,0,0,0,-1,0,4.0000,-1,7,14,7,0,28,0,0,0,0
236.2402,2,0,3,0,0,0,0,-1,0,4.0000,-1,7,14,7,0,28,0,0,0,0
236.2583,2,0,3,0,0,0,0,-1,0,4.0000,-1,7,14,7,0,28,0,0,0,0
236.278,2,0,3,0,0,0,0,-1,0,4.0000,-1,7,14,7,0,28,0,0,0,0
236.2975,2,0,3,0,0,0,0,-1,0,4.0000,-1,7,14,7,0,28,0,0,0,0
236.316,2,0,3,0,0,0,0,-1,0,4.0000,-1,7,14,7,0,28,0,0,0,0
236.3355,2,0,3,0,0,0,0,-1,0,4.0000,-1,7,14,7,0,28,0,0,0,0
236.3546,2,0,3,0,0,0,0,-1,0,4.0000,-1,7,14,7,0,28,0,0,0,0
236.3737,2,0,3,0,0,0,0,-1,0,3.0000,-1,7,14,7,0,28,0,0,0,0
236.3955,2,0,3,0,0,0,1,91,0,3.0000,-1,7,14,7,0,28,0,0,0,0
236.4135,2,0,3,0,0,0,1,91,0,3.0000,-1,7,14,7,0,28,0,0,0,0
236.4331,2,0,3,0,0,0,1,91,0,3.0000,-1,7,14,7,0,28,0,0,0,0
236.4547,2,0,3,0,0,0,1,91,0,2.0000,-1,7,14,7,0,28,0,0,0,0
236.4723,2,0,3,0,0,0,1,91,0,2.0000,-1,7,14,7,0,28,0,0,0,0
236.4922,2,0,3,0,0,0,1,91,0,2.0000,-1,7,14,7,0,28,0,0,0,0
236.5115,2,0,3,0,0,0,1,91,0,2.0000,-1,7,14,7,0,28,0,0,0,0
236.532,2,0,3,0,0,0,1,91,0,2.0000,-1,7,14,7,0,28,0,0,0,0
236.5507,2,0,3,0,0,0,1,91,0,2.0000,-1,7,14,7,0,28,0,0,0,0
236.5703,2,0,3,0,0,0,1,91,0,2.0000,-1,7,14,7,0,28,0,0,0,0
236.592,2,0,3,0,0,0,1,91,0,2.0000,-1,7,14,7,0,28,0,0,0,0
236.6088,2,0,3,0,0,0,1,91,0,2.0000,-1,7,14,7,0,28,0,0,0,0
236.6313,2,0,3,0,0,0,1,91,1,3.0000,-1,7,14,7,0,28,0,0,0,0
236.6505,2,0,3,0,0,0,1,91,0,3.0000,-1,7,14,7,0,28,0,0,0,0
236.6693,2,0,3,0,0,0,1,91,0,3.0000,-1,7,14,7,0,28,0,0,0,0
236.6887,2,0,3,0,0,0,1,91,0,3.0000,-1,7,14,7,0,28,0,0,0,0
236.7095,2,0,3,0,0,0,1,91,0,3.0000,-1,7,14,7,0,28,0,0,0,0
236.7277,2,0,3,0,0,0,1,91,0,3.0000,-1,7,14,7,0,28,0,0,0,0
236.7475,2,0,3,0,0,0,1,91,0,2.0000,-1,7,14,7,0,28,0,0,0,0
236.7683,2,0,3,0,0,0,1,91,0,2.0000,-1,7,14,7,0,28,0,0,0,0
236.7874,2,0,3,0,0,0,1,91,0,2.0000,-1,7,14,7,0,28,0,0,0,0
236.8083,2,0,3,0,0,0,1,91,0,2.0000,-1,7,14,7,0,28,0,0,0,0
236.8263,2,0,3,0,0,0,1,91,0,2.0000,-1,7,14,7,0,28,0,0,0,0
236.8445,2,0,3,0,0,0,1,91,0,2.0000,-1,7,14,7,0,28,0,0,0,0
236.8655,2,0,3,0,0,0,1,91,0,2.0000,-1,7,14,7,0,28,0,0,0,0
236.8848,2,0,3,0,0,0,1,91,0,2.0000,-1,7,14,7,0,28,0,0,0,0
236.9047,2,0,3,0,0,0,1,91,0,2.0000,-1,7,14,7,0,28,0,0,0,0
236.925,2,0,3,0,0,0,1,91,0,2.0000,-1,7,14,7,0,28,0,0,0,0
236.9434,2,0,3,0,0,0,1,91,0,2.0000,-1,7,14,7,0,28,0,0,0,0
236.9637,2,0,3,0,0,0,1,91,0,2.0000,-1,7,14,7,0,28,0,0,0,0
236.9832,2,0,3,0,0,0,1,91,0,2.0000,-1,7,14,7,0,28,0,0,0,0
237.0038,2,0,3,0,0,0,1,91,0,2.0000,-1,7,14,7,0,28,0,0,0,0
237.0219,2,0,3,0,0,0,1,91,0,2.0000,-1,7,14,7,0,28,0,0,0,0
237.0423,2,0,3,0,0,0,1,91,0,2.0000,-1,7,14,7,0,28,0,0,0,0
237.0608,2,0,3,0,0,0,1,91,0,2.0000,-1,7,14,7,0,28,0,0,0,0
237.0823,2,0,3,0,0,0,1,91,0,2.0000,-1,7,14,7,0,28,0,0,0,0
237.1004,2,0,3,0,0,0,1,91,0,1.0000,-1,7,14,7,0,28,0,0,0,0
237.1199,2,0,3,0,0,0,1,91,0,1.0000,-1,7,14,7,0,28,0,0,0,0
237.1595,2,0,3,0,0,0,1,91,0,1.0000,-1,7,14,7,0,28,0,0,0,0
237.1734,2,0,3,0,0,0,1,91,0,1.0000,-1,7,14,7,0,28,0,0,0,0
237.1882,2,0,3,0,0,0,1,91,0,1.0000,-1,7,14,7,0,28,0,0,0,0
237.2062,2,0,3,0,0,0,1,91,0,1.0000,-1,7,14,7,0,28,0,0,0,0
237.2292,2,0,3,0,0,0,1,91,0,1.0000,-1,7,14,7,0,28,0,0,0,0
237.2491,2,0,3,0,0,0,1,91,0,1.0000,-1,7,14,7,0,28,0,0,0,0
237.271,2,0,3,0,0,0,1,91,0,1.0000,-1,7,14,7,0,28,0,0,0,0
237.2916,2,0,3,0,0,0,1,91,0,1.0000,-1,7,14,7,0,28,0,0,0,0
237.3111,2,0,3,0,0,0,1,91,1,2.0000,-1,7,14,7,0,28,0,0,0,0
237.3315,2,0,3,0,0,0,1,91,0,2.0000,-1,7,14,7,0,28,0,0,0,0
237.3516,2,0,3,0,0,0,1,91,0,2.0000,-1,7,14,7,0,28,0,0,0,0
237.3729,2,0,3,0,0,0,1,91,0,2.0000,-1,7,14,7,0,28,0,0,0,0
237.3941,2,0,3,0,0,0,1,91,0,2.0000,-1,7,14,7,0,28,0,0,0,0
237.4129,2,0,3,0,0,0,1,91,0,2.0000,-1,7,14,7,0,28,0,0,0,0
237.4333,2,0,3,0,0,0,1,91,0,2.0000,-1,7,14,7,0,28,0,0,0,0
237.4536,2,0,3,0,0,0,1,91,0,2.0000,-1,7,14,7,0,28,0,0,0,0
237.4751,2,0,3,0,0,0,1,91,0,2.0000,-1,7,14,7,0,28,0,0,0,0
237.4963,2,0,3,0,0,0,1,91,0,2.0000,-1,7,14,7,0,28,0,0,0,0
237.5167,2,0,3,0,0,0,1,91,0,2.0000,-1,7,14,7,0,28,0,0,0,0
237.5353,2,0,3,0,0,0,1,91,0,2.0000,-1,7,14,7,0,28,0,0,0,0
237.5566,2,0,3,0,0,0,1,91,0,2.0000,-1,7,14,7,0,28,0,0,0,0
237.5765,2,0,3,0,0,0,1,91,0,2.0000,-1,7,14,7,0,28,0,0,0,0
237.5963,2,0,3,0,0,0,1,91,0,2.0000,-1,7,14,7,0,28,0,0,0,0
237.6162,2,0,3,0,0,0,1,91,0,2.0000,-1,7,14,7,0,28,0,0,0,0
237.6366,2,0,3,0,0,0,1,91,0,1.0000,-1,7,14,7,0,28,0,0,0,0
237.6554,2,0,3,0,0,0,1,91,0,1.0000,-1,7,14,7,0,28,0,0,0,0
237.6745,2,0,3,0,0,0,1,91,0,1.0000,-1,7,14,7,0,28,0,0,0,0
237.6948,2,0,3,0,0,0,1,91,0,1.0000,-1,7,14,7,0,28,0,0,0,0
237.7144,2,0,3,0,0,0,1,91,0,1.0000,-1,7,14,7,0,28,0,0,0,0
237.7335,2,0,3,0,0,0,1,91,0,1.0000,-1,7,14,7,0,28,0,0,0,0
237.7535,2,0,3,0,0,0,1,91,0,1.0000,-1,7,14,7,0,28,0,0,0,0
237.7737,2,0,3,0,0,0,1,91,0,1.0000,-1,7,14,7,0,28,0,0,0,0
237.7912,2,0,3,0,0,0,1,91,0,1.0000,-1,7,14,7,0,28,0,0,0,0
237.8101,2,0,3,0,0,0,1,91,0,1.0000,-1,7,14,7,0,28,0,0,0,0
237.8302,2,0,3,0,0,0,1,91,0,1.0000,-1,7,14,7,0,28,0,0,0,0
237.852,2,0,3,0,0,0,1,91,0,1.0000,-1,7,14,7,0,28,0,0,0,0
237.8713,2,0,3,0,0,0,1,91,0,1.0000,-1,7,14,7,0,28,0,0,0,0
237.892,2,0,3,0,0,0,1,91,0,1.0000,-1,7,14,7,0,28,0,0,0,0
237.9109,2,0,3,0,0,0,1,91,0,1.0000,-1,7,14,7,0,28,0,0,0,0
237.9308,2,0,3,0,0,0,1,91,0,1.0000,-1,7,14,7,0,28,0,0,0,0
237.9508,2,0,3,0,0,0,1,91,0,1.0000,-1,7,14,7,0,28,0,0,0,0
237.9695,2,0,3,0,0,0,1,91,0,1.0000,-1,7,14,7,0,28,0,0,0,0
237.9879,2,0,3,0,0,0,1,91,0,1.0000,-1,7,14,7,0,28,0,0,0,0
238.0092,2,0,3,0,0,0,1,91,0,1.0000,-1,7,14,7,0,28,0,0,0,0
238.0278,2,0,3,0,0,0,1,91,0,1.0000,-1,7,14,7,0,28,0,0,0,0
238.0479,2,0,3,0,0,0,1,91,0,1.0000,-1,7,14,7,0,28,0,0,0,0
238.0694,2,0,3,0,0,0,1,91,0,1.0000,-1,7,14,7,0,28,0,0,0,0
238.0856,2,0,3,0,0,0,1,91,1,2.0000,-1,7,14,7,0,28,0,0,0,0
238.1068,2,0,3,0,0,0,0,-1,0,2.0000,-1,7,14,7,0,28,0,0,0,0
238.1273,2,0,3,0,0,0,0,-1,0,2.0000,-1,7,14,7,0,28,0,0,0,0
238.1465,2,0,3,0,0,0,1,89,0,2.0000,-1,7,14,7,0,28,0,0,0,0
238.1642,2,0,3,0,0,0,1,89,0,2.0000,-1,7,14,7,0,28,0,0,0,0
238.1859,2,0,3,0,0,0,1,89,0,2.0000,-1,7,14,7,0,28,0,0,0,0
238.2047,2,0,3,0,0,0,1,89,0,2.0000,-1,7,14,7,0,28,0,0,0,0
238.2232,2,0,3,0,0,0,1,89,0,2.0000,-1,7,14,7,0,28,0,0,0,0
238.2433,2,0,3,0,0,0,1,89,0,2.0000,-1,7,14,7,0,28,0,0,0,0
238.2636,2,0,3,0,0,0,1,89,0,2.0000,-1,7,14,7,0,28,0,0,0,0
238.2844,2,0,3,0,0,0,1,89,0,2.0000,-1,7,14,7,0,28,0,0,0,0
238.3042,2,0,3,0,0,0,1,89,0,2.0000,-1,7,14,7,0,28,0,0,0,0
238.3234,2,0,3,0,0,0,0,-1,0,1.0000,89,7,15,7,0,29,0,0,0,0
238.3425,2,0,3,0,0,0,0,-1,0,1.0000,-1,7,15,7,0,29,0,0,0,0
238.3633,2,0,3,0,0,0,0,-1,0,1.0000,-1,7,15,7,0,29,0,0,0,0
238.3842,2,0,3,0,0,0,0,-1,0,1.0000,-1,7,15,7,0,29,0,0,0,0
238.4038,2,0,3,0,0,0,0,-1,0,1.0000,-1,7,15,7,0,29,0,0,0,0
238.4415,2,0,3,0,0,0,0,-1,0,1.0000,-1,7,15,7,0,29,0,0,0,0
238.4579,2,0,3,0,0,0,0,-1,0,1.0000,-1,7,15,7,0,29,0,0,0,0
238.4716,2,0,3,0,0,0,0,-1,0,1.0000,-1,7,15,7,0,29,0,0,0,0
238.4859,2,0,3,0,0,0,0,-1,0,1.0000,-1,7,15,7,0,29,0,0,0,0
238.5058,2,0,3,0,0,0,0,-1,0,1.0000,-1,7,15,7,0,29,0,0,0,0
238.5265,2,0,3,0,0,0,0,-1,0,1.0000,-1,7,15,7,0,29,0,0,0,0
238.5454,2,0,3,0,0,0,0,-1,0,1.0000,-1,7,15,7,0,29,0,0,0,0
238.5657,2,0,3,0,0,0,0,-1,0,1.0000,-1,7,15,7,0,29,0,0,0,0
238.5839,2,0,3,0,0,0,0,-1,0,1.0000,-1,7,15,7,0,29,0,0,0,0
238.6022,2,0,3,0,0,0,0,-1,0,1.0000,-1,7,15,7,0,29,0,0,0,0
238.6222,2,0,3,0,0,0,0,-1,0,1.0000,-1,7,15,7,0,29,0,0,0,0
238.6416,2,0,3,0,0,0,1,92,0,1.0000,-1,7,15,7,0,29,0,0,0,0
238.6608,2,0,3,0,0,0,1,92,0,1.0000,-1,7,15,7,0,29,0,0,0,0
238.6812,2,0,3,0,0,0,1,92,0,1.0000,-1,7,15,7,0,29,0,0,0,0
238.6998,2,0,3,0,0,0,1,92,0,1.0000,-1,7,15,7,0,29,0,0,0,0
238.7188,2,0,3,0,0,0,1,92,0,1.0000,-1,7,15,7,0,29,0,0,0,0
238.7385,2,0,3,0,0,0,1,92,1,2.0000,-1,7,15,7,0,29,0,0,0,0
238.7583,2,0,3,0,0,0,1,92,0,2.0000,-1,7,15,7,0,29,0,0,0,0
238.7779,2,0,3,0,0,0,1,92,0,2.0000,-1,7,15,7,0,29,0,0,0,0
238.7981,2,0,3,0,0,0,1,92,1,3.0000,-1,7,15,7,0,29,0,0,0,0
238.8181,2,0,3,0,0,0,1,92,0,3.0000,-1,7,15,7,0,29,0,0,0,0
238.8384,2,0,3,0,0,0,1,92,0,3.0000,-1,7,15,7,0,29,0,0,0,0
238.8583,2,0,3,0,0,0,1,92,0,3.0000,-1,7,15,7,0,29,0,0,0,0
238.8768,2,0,3,0,0,0,1,92,0,3.0000,-1,7,15,7,0,29,0,0,0,0
238.8967,2,0,3,0,0,0,1,92,0,3.0000,-1,7,15,7,0,29,0,0,0,0
238.9176,2,0,3,0,0,0,1,92,0,3.0000,-1,7,15,7,0,29,0,0,0,0
238.9373,2,0,3,0,0,0,1,92,0,3.0000,-1,7,15,7,0,29,0,0,0,0
238.9565,2,0,3,0,0,0,1,92,0,3.0000,-1,7,15,7,0,29,0,0,0,0
238.9758,2,0,3,0,0,0,1,92,0,3.0000,-1,7,15,7,0,29,0,0,0,0
238.9963,2,0,3,0,0,0,0,-1,0,3.0000,-1,7,15,7,0,29,0,0,0,0
239.0163,2,0,3,0,0,0,1,91,0,3.0000,-1,7,15,7,0,29,0,0,0,0
239.0347,2,0,3,0,0,0,1,91,0,3.0000,-1,7,15,7,0,29,0,0,0,0
239.0556,2,0,3,0,0,0,1,91,0,3.0000,-1,7,15,7,0,29,0,0,0,0
239.0937,2,0,3,0,0,0,1,91,0,2.0000,-1,7,15,7,0,29,0,0,0,0
239.1068,2,0,3,0,0,0,1,91,0,2.0000,-1,7,15,7,0,29,0,0,0,0
239.1197,2,0,3,0,0,0,1,91,0,2.0000,-1,7,15,7,0,29,0,0,0,0
239.1387,2,0,3,0,0,0,1,91,0,2.0000,-1,7,15,7,0,29,0,0,0,0
239.1597,2,0,3,0,0,0,1,91,0,2.0000,-1,7,15,7,0,29,0,0,0,0
239.1777,2,0,3,0,0,0,1,91,0,2.0000,-1,7,15,7,0,29,0,0,0,0
239.1972,2,0,3,0,0,0,1,91,0,2.0000,-1,7,15,7,0,29,0,0,0,0
239.2176,2,0,3,0,0,0,1,91,0,2.0000,-1,7,15,7,0,29,0,0,0,0
239.2375,2,0,3,0,0,0,1,91,0,2.0000,-1,7,15,7,0,29,0,0,0,0
239.256,2,0,3,0,0,0,1,91,0,2.0000,-1,7,15,7,0,29,0,0,0,0
239.2932,2,0,3,0,0,0,1,91,0,2.0000,-1,7,15,7,0,29,0,0,0,0
239.3055,2,0,3,0,0,0,1,90,0,2.0000,91,7,16,7,0,30,0,0,0,0
239.3199,2,0,3,0,0,0,1,90,0,2.0000,-1,7,16,7,0,30,0,0,0,0
239.3385,2,0,3,0,0,0,1,90,0,2.0000,-1,7,16,7,0,30,0,0,0,0
239.3569,2,0,3,0,0,0,1,90,0,2.0000,-1,7,16,7,0,30,0,0,0,0
239.3777,2,0,3,0,0,0,1,90,0,2.0000,-1,7,16,7,0,30,0,0,0,0
239.397,2,0,3,0,0,0,1,90,1,3.0000,-1,7,16,7,0,30,0,0,0,0
239.4187,2,0,3,0,0,0,1,90,0,3.0000,-1,7,16,7,0,30,0,0,0,0
239.4388,2,0,3,0,0,0,1,90,0,3.0000,-1,7,16,7,0,30,0,0,0,0
239.458,2,0,3,0,0,0,1,90,0,3.0000,-1,7,16,7,0,30,0,0,0,0
239.4948,2,0,3,0,0,0,1,90,0,3.0000,-1,7,16,7,0,30,0,0,0,0
239.5076,2,0,3,0,0,0,1,90,0,3.0000,-1,7,16,7,0,30,0,0,0,0
239.5204,2,0,3,0,0,0,1,90,0,3.0000,-1,7,16,7,0,30,0,0,0,0
239.5402,2,0,3,0,0,0,1,90,0,3.0000,-1,7,16,7,0,30,0,0,0,0
239.5604,2,0,3,0,0,0,1,90,0,3.0000,-1,7,16,7,0,30,0,0,0,0
239.5807,2,0,3,0,0,0,1,90,0,3.0000,-1,7,16,7,0,30,0,0,0,0
239.6001,2,0,3,0,0,0,1,90,0,3.0000,-1,7,16,7,0,30,0,0,0,0
239.6193,2,0,3,0,0,0,1,90,0,3.0000,-1,7,16,7,0,30,0,0,0,0
239.6399,2,0,3,0,0,0,1,90,0,3.0000,-1,7,16,7,0,30,0,0,0,0
239.6601,2,0,3,0,0,0,1,90,0,3.0000,-1,7,16,7,0,30,0,0,0,0
239.678,2,0,3,0,0,0,1,90,0,3.0000,-1,7,16,7,0,30,0,0,0,0
239.698,2,0,3,0,0,0,1,90,0,3.0000,-1,7,16,7,0,30,0,0,0,0
239.7198,2,0,3,0,0,0,1,90,0,3.0000,-1,7,16,7,0,30,0,0,0,0
239.7398,2,0,3,0,0,0,1,90,0,2.0000,-1,7,16,7,0,30,0,0,0,0
239.7567,2,0,3,0,0,0,1,90,0,2.0000,-1,7,16,7,0,30,0,0,0,0
239.7767,2,0,3,0,0,0,1,90,0,2.0000,-1,7,16,7,0,30,0,0,0,0
239.7969,2,0,3,0,0,0,1,90,0,2.0000,-1,7,16,7,0,30,0,0,0,0
239.8174,2,0,3,0,0,0,1,90,0,1.0000,-1,7,16,7,0,30,0,0,0,0
239.8375,2,0,3,0,0,0,1,90,0,1.0000,-1,7,16,7,0,30,0,0,0,0
239.8568,2,0,3,0,0,0,1,90,0,1.0000,-1,7,16,7,0,30,0,0,0,0
239.8755,2,0,3,0,0,0,1,90,0,1.0000,-1,7,16,7,0,30,0,0,0,0
239.9131,2,0,3,0,0,0,1,90,0,1.0000,-1,7,16,7,0,30,0,0,0,0
239.9258,2,0,3,0,0,0,1,90,0,1.0000,-1,7,16,7,0,30,0,0,0,0
239.9396,2,0,3,0,0,0,1,90,0,1.0000,-1,7,16,7,0,30,0,0,0,0
239.9577,2,0,3,0,0,0,1,90,0,1.0000,-1,7,16,7,0,30,0,0,0,0
239.9788,2,0,3,0,0,0,1,90,0,1.0000,-1,7,16,7,0,30,0,0,0,0
240.0002,2,0,3,0,0,0,1,90,0,1.0000,-1,7,16,7,0,30,0,0,0,0
240.0193,2,0,3,0,0,0,1,90,0,1.0000,-1,7,16,7,0,30,0,0,0,0
240.0395,2,0,3,0,0,0,1,90,0,1.0000,-1,7,16,7,0,30,0,0,0,0
240.058,2,0,3,0,0,0,1,90,0,1.0000,-1,7,16,7,0,30,0,0,0,0
240.0785,2,0,3,0,0,0,1,90,0,1.0000,-1,7,16,7,0,30,0,0,0,0
240.0981,2,0,3,0,0,0,1,90,0,1.0000,-1,7,16,7,0,30,0,0,0,0
240.1179,2,0,3,0,0,0,1,90,0,1.0000,-1,7,16,7,0,30,0,0,0,0
240.1383,2,0,3,0,0,0,1,90,0,1.0000,-1,7,16,7,0,30,0,0,0,0
240.1566,2,0,3,0,0,0,1,90,0,1.0000,-1,7,16,7,0,30,0,0,0,0
240.1769,2,0,3,0,0,0,1,90,0,1.0000,-1,7,16,7,0,30,0,0,0,0
240.1963,2,0,3,0,0,0,1,90,0,1.0000,-1,7,16,7,0,30,0,0,0,0
240.2164,2,0,3,0,0,0,1,90,0,1.0000,-1,7,16,7,0,30,0,0,0,0
240.2352,2,0,3,0,0,0,1,90,0,1.0000,-1,7,16,7,0,30,0,0,0,0
240.2563,2,0,3,0,0,0,1,90,0,1.0000,-1,7,16,7,0,30,0,0,0,0
240.2747,2,0,3,0,0,0,1,90,0,1.0000,-1,7,16,7,0,30,0,0,0,0
240.2939,2,0,3,0,0,0,1,90,0,1.0000,-1,7,16,7,0,30,0,0,0,0
240.3126,2,0,3,0,0,0,1,90,0,1.0000,-1,7,16,7,0,30,0,0,0,0
240.3318,2,0,3,0,0,0,1,90,1,2.0000,-1,7,16,7,0,30,0,0,0,0
240.3524,2,0,3,0,0,0,1,90,0,2.0000,-1,7,16,7,0,30,0,0,0,0
240.3716,2,0,3,0,0,0,1,90,0,2.0000,-1,7,16,7,0,30,0,0,0,0
240.3905,2,0,3,0,0,0,1,90,0,2.0000,-1,7,16,7,0,30,0,0,0,0
240.4097,2,0,3,0,0,0,1,90,0,1.0000,-1,7,16,7,0,30,0,0,0,0
240.4297,2,0,3,0,0,0,1,90,0,1.0000,-1,7,16,7,0,30,0,0,0,0
240.4484,2,0,3,0,0,0,1,90,0,1.0000,-1,7,16,7,0,30,0,0,0,0
240.466,2,0,3,0,0,0,1,90,0,1.0000,-1,7,16,7,0,30,0,0,0,0
240.4859,2,0,3,0,0,0,1,90,0,1.0000,-1,7,16,7,0,30,0,0,0,0
240.5067,2,0,3,0,0,0,1,90,0,1.0000,-1,7,16,7,0,30,0,0,0,0
240.5255,2,0,3,0,0,0,1,90,0,1.0000,-1,7,16,7,0,30,0,0,0,0
240.5434,2,0,3,0,0,0,1,90,0,1.0000,-1,7,16,7,0,30,0,0,0,0
240.5607,2,0,3,0,0,0,1,90,0,1.0000,-1,7,16,7,0,30,0,0,0,0
240.5844,2,0,3,0,0,0,1,90,0,1.0000,-1,7,16,7,0,30,0,0,0,0
240.6021,2,0,3,0,0,0,1,90,0,1.0000,-1,7,16,7,0,30,0,0,0,0
240.6224,2,0,3,0,0,0,1,90,0,1.0000,-1,7,16,7,0,30,0,0,0,0
240.6395,2,0,3,0,0,0,1,90,0,1.0000,-1,7,16,7,0,30,0,0,0,0
240.6615,2,0,3,0,0,0,1,90,0,1.0000,-1,7,16,7,0,30,0,0,0,0
240.6809,2,0,3,0,0,0,1,90,1,2.0000,-1,7,16,7,0,30,0,0,0,0
240.6989,2,0,3,0,0,0,0,-1,0,2.0000,-1,7,16,7,0,30,0,0,0,0
240.7201,2,0,3,0,0,0,1,92,0,2.0000,-1,7,16,7,0,30,0,0,0,0
240.7397,2,0,3,0,0,0,1,92,0,2.0000,-1,7,16,7,0,30,0,0,0,0
240.7583,2,0,3,0,0,0,1,92,0,2.0000,-1,7,16,7,0,30,0,0,0,0
240.7767,2,0,3,0,0,0,1,92,0,2.0000,-1,7,16,7,0,30,0,0,0,0
240.7965,2,0,3,0,0,0,1,92,0,2.0000,-1,7,16,7,0,30,0,0,0,0
240.8158,2,0,3,0,0,0,1,92,0,2.0000,-1,7,16,7,0,30,0,0,0,0
240.8351,2,0,3,0,0,0,1,92,0,2.0000,-1,7,16,7,0,30,0,0,0,0
240.8548,2,0,3,0,0,0,1,92,0,2.0000,-1,7,16,7,0,30,0,0,0,0
240.8743,2,0,3,0,0,0,1,92,0,2.0000,-1,7,16,7,0,30,0,0,0,0
240.8936,2,0,3,0,0,0,1,92,0,2.0000,-1,7,16,7,0,30,0,0,0,0
240.9126,2,0,3,0,0,0,1,92,0,2.0000,-1,7,16,7,0,30,0,0,0,0
240.9299,2,0,3,0,0,0,1,92,0,2.0000,-1,7,16,7,0,30,0,0,0,0
240.9524,2,0,3,0,0,0,1,92,0,2.0000,-1,7,16,7,0,30,0,0,0,0
240.9694,2,0,3,0,0,0,1,92,0,2.0000,-1,7,16,7,0,30,0,0,0,0
240.9901,2,0,3,0,0,0,1,92,0,2.0000,-1,7,16,7,0,30,0,0,0,0
241.007,2,0,3,0,0,0,1,92,0,2.0000,-1,7,16,7,0,30,0,0,0,0
241.0273,2,0,3,0,0,0,1,92,0,2.0000,-1,7,16,7,0,30,0,0,0,0
241.0469,2,0,3,0,0,0,1,92,0,2.0000,-1,7,16,7,0,30,0,0,0,0
241.0656,2,0,3,0,0,0,1,92,0,2.0000,-1,7,16,7,0,30,0,0,0,0
241.0853,2,0,3,0,0,0,1,92,0,2.0000,-1,7,16,7,0,30,0,0,0,0
241.1048,2,0,3,0,0,0,1,92,0,2.0000,-1,7,16,7,0,30,0,0,0,0
241.1251,2,0,3,0,0,0,1,92,0,2.0000,-1,7,16,7,0,30,0,0,0,0
241.1422,2,0,3,0,0,0,1,92,0,2.0000,-1,7,16,7,0,30,0,0,0,0
241.1792,2,0,3,0,0,0,1,92,1,3.0000,-1,7,16,7,0,30,0,0,0,0
241.1914,2,0,3,0,0,0,1,92,0,3.0000,-1,7,16,7,0,30,0,0,0,0
241.2039,2,0,3,0,0,0,1,92,0,3.0000,-1,7,16,7,0,30,0,0,0,0
241.2236,2,0,3,0,0,0,1,92,0,3.0000,-1,7,16,7,0,30,0,0,0,0
241.2434,2,0,3,0,0,0,1,92,0,3.0000,-1,7,16,7,0,30,0,0,0,0
241.2616,2,0,3,0,0,0,1,92,0,3.0000,-1,7,16,7,0,30,0,0,0,0
241.283,2,0,3,0,0,0,1,92,0,3.0000,-1,7,16,7,0,30,0,0,0,0
241.3013,2,0,3,0,0,0,1,92,0,3.0000,-1,7,16,7,0,30,0,0,0,0
241.3194,2,0,3,0,0,0,1,92,0,3.0000,-1,7,16,7,0,30,0,0,0,0
241.3406,2,0,3,0,0,0,1,92,0,2.0000,-1,7,16,7,0,30,0,0,0,0
241.3596,2,0,3,0,0,0,1,92,0,2.0000,-1,7,16,7,0,30,0,0,0,0
241.3967,2,0,3,0,0,0,1,92,0,2.0000,-1,7,16,7,0,30,0,0,0,0
241.4113,2,0,3,0,0,0,1,92,0,2.0000,-1,7,16,7,0,30,0,0,0,0
241.4244,2,0,3,0,0,0,1,92,0,2.0000,-1,7,16,7,0,30,0,0,0,0
241.4401,2,0,3,0,0,0,1,92,0,2.0000,-1,7,16,7,0,30,0,0,0,0
241.4594,2,0,3,0,0,0,1,92,0,2.0000,-1,7,16,7,0,30,0,0,0,0
241.4793,2,0,3,0,0,0,1,92,0,2.0000,-1,7,16,7,0,30,0,0,0,0
241.4979,2,0,3,0,0,0,1,92,0,2.0000,-1,7,16,7,0,30,0,0,0,0
241.5171,2,0,3,0,0,0,1,92,0,2.0000,-1,7,16,7,0,30,0,0,0,0
241.5367,2,0,3,0,0,0,1,92,0,2.0000,-1,7,16,7,0,30,0,0,0,0
241.5576,2,0,3,0,0,0,1,92,0,2.0000,-1,7,16,7,0,30,0,0,0,0
241.5761,2,0,3,0,0,0,1,92,0,2.0000,-1,7,16,7,0,30,0,0,0,0
241.5943,2,0,3,0,0,0,1,92,0,2.0000,-1,7,16,7,0,30,0,0,0,0
241.6161,2,0,3,0,0,0,1,92,0,2.0000,-1,7,16,7,0,30,0,0,0,0
241.6342,2,0,3,0,0,0,1,92,0,2.0000,-1,7,16,7,0,30,0,0,0,0
241.6534,2,0,3,0,0,0,1,92,0,2.0000,-1,7,16,7,0,30,0,0,0,0
241.6727,2,0,3,0,0,0,1,92,0,2.0000,-1,7,16,7,0,30,0,0,0,0
241.6934,2,0,3,0,0,0,1,92,0,1.0000,-1,7,16,7,0,30,0,0,0,0
241.7115,2,0,3,0,0,0,1,92,0,1.0000,-1,7,16,7,0,30,0,0,0,0
241.7305,2,0,3,0,0,0,0,-1,1,2.0000,-1,7,16,7,0,30,0,0,0,0
241.7511,2,0,3,0,0,0,0,-1,0,2.0000,-1,7,16,7,0,30,0,0,0,0
241.7696,2,0,3,0,0,0,1,90,0,2.0000,-1,7,16,7,0,30,0,0,0,0
241.7893,2,0,3,0,0,0,1,90,0,2.0000,-1,7,16,7,0,30,0,0,0,0
241.8078,2,0,3,0,0,0,1,90,0,2.0000,-1,7,16,7,0,30,0,0,0,0
241.8277,2,0,3,0,0,0,1,90,0,2.0000,-1,7,16,7,0,30,0,0,0,0
241.8457,2,0,3,0,0,0,1,90,0,2.0000,-1,7,16,7,0,30,0,0,0,0
241.8649,2,0,3,0,0,0,1,90,0,2.0000,-1,7,16,7,0,30,0,0,0,0
241.8848,2,0,3,0,0,0,1,90,0,2.0000,-1,7,16,7,0,30,0,0,0,0
241.9046,2,0,3,0,0,0,1,90,0,2.0000,-1,7,16,7,0,30,0,0,0,0
241.9242,2,0,3,0,0,0,1,90,0,2.0000,-1,7,16,7,0,30,0,0,0,0
241.9427,1,1,4,0,0,0,1,94,0,2.0000,90,8,16,7,0,31,0,0,0,0
241.9613,1,0,4,0,0,0,1,94,0,2.0000,-1,8,16,7,0,31,0,0,0,0
241.9827,1,0,4,0,0,0,1,94,0,2.0000,-1,8,16,7,0,31,0,0,0,0
242.0023,1,0,4,0,0,0,1,94,0,2.0000,-1,8,16,7,0,31,0,0,0,0
242.0393,1,0,4,0,0,0,1,94,0,2.0000,-1,8,16,7,0,31,0,0,0,0
242.0517,1,0,4,0,0,0,1,94,0,2.0000,-1,8,16,7,0,31,0,0,0,0
242.0654,1,0,4,0,0,0,1,94,0,2.0000,-1,8,16,7,0,31,0,0,0,0
242.0862,1,0,4,0,0,0,1,94,0,2.0000,-1,8,16,7,0,31,0,0,0,0
242.1071,1,0,4,0,0,0,1,94,0,2.0000,-1,8,16,7,0,31,0,0,0,0
242.1275,1,0,4,0,0,0,1,94,0,2.0000,-1,8,16,7,0,31,0,0,0,0
242.1461,1,0,4,0,0,0,1,94,0,2.0000,-1,8,16,7,0,31,0,0,0,0
242.1661,1,0,4,0,0,0,1,94,0,2.0000,-1,8,16,7,0,31,0,0,0,0
242.1857,1,0,4,0,0,0,1,94,1,2.0000,-1,8,16,7,0,31,0,0,0,0
242.206,1,0,4,0,0,0,1,94,0,2.0000,-1,8,16,7,0,31,0,0,0,0
242.225,1,0,4,0,0,0,1,94,0,2.0000,-1,8,16,7,0,31,0,0,0,0
242.2439,1,0,4,0,0,0,1,94,0,2.0000,-1,8,16,7,0,31,0,0,0,0
242.2654,1,0,4,0,0,0,1,94,0,2.0000,-1,8,16,7,0,31,0,0,0,0
242.2849,1,0,4,0,0,0,1,94,0,2.0000,-1,8,16,7,0,31,0,0,0,0
242.3031,1,0,4,0,0,0,1,94,0,2.0000,-1,8,16,7,0,31,0,0,0,0
242.3221,1,0,4,0,0,0,1,94,0,2.0000,-1,8,16,7,0,31,0,0,0,0
242.3428,1,0,4,0,0,0,1,94,0,2.0000,-1,8,16,7,0,31,0,0,0,0
242.3624,1,0,4,0,0,0,1,94,0,2.0000,-1,8,16,7,0,31,0,0,0,0
242.3824,1,0,4,0,0,0,1,94,0,2.0000,-1,8,16,7,0,31,0,0,0,0
242.4018,1,0,4,0,0,0,1,94,0,2.0000,-1,8,16,7,0,31,0,0,0,0
242.4197,1,0,4,0,0,0,1,94,0,2.0000,-1,8,16,7,0,31,0,0,0,0
242.4408,1,0,4,0,0,0,1,94,0,2.0000,-1,8,16,7,0,31,0,0,0,0
242.4614,1,0,4,0,0,0,1,94,0,2.0000,-1,8,16,7,0,31,0,0,0,0
242.4796,1,0,4,0,0,0,1,94,0,2.0000,-1,8,16,7,0,31,0,0,0,0
242.4996,1,0,4,0,0,0,1,94,0,2.0000,-1,8,16,7,0,31,0,0,0,0
242.5205,1,0,4,0,0,0,1,94,0,2.0000,-1,8,16,7,0,31,0,0,0,0
242.5399,1,0,4,0,0,0,1,94,0,2.0000,-1,8,16,7,0,31,0,0,0,0
242.5584,1,0,4,0,0,0,1,94,0,2.0000,-1,8,16,7,0,31,0,0,0,0
242.5794,1,0,4,0,0,0,1,94,0,2.0000,-1,8,16,7,0,31,0,0,0,0
242.5977,1,0,4,0,0,0,1,94,0,2.0000,-1,8,16,7,0,31,0,0,0,0
242.6187,1,0,4,0,0,0,1,94,0,2.0000,-1,8,16,7,0,31,0,0,0,0
242.6391,1,0,4,0,0,0,1,94,0,2.0000,-1,8,16,7,0,31,0,0,0,0
242.6762,1,0,4,0,0,0,1,94,0,2.0000,-1,8,16,7,0,31,0,0,0,0
242.6902,1,0,4,0,0,0,1,94,0,2.0000,-1,8,16,7,0,31,0,0,0,0
242.7039,1,0,4,0,0,0,1,94,0,2.0000,-1,8,16,7,0,31,0,0,0,0
242.721,1,0,4,0,0,0,1,94,0,2.0000,-1,8,16,7,0,31,0,0,0,0
242.7413,1,0,4,0,0,0,1,94,0,1.0000,-1,8,16,7,0,31,0,0,0,0
242.7602,1,0,4,0,0,0,1,94,0,1.0000,-1,8,16,7,0,31,0,0,0,0
242.7801,1,0,4,0,0,0,1,94,0,1.0000,-1,8,16,7,0,31,0,0,0,0
242.7997,1,0,4,0,0,0,1,94,0,1.0000,-1,8,16,7,0,31,0,0,0,0
242.8209,1,0,4,0,0,0,1,94,0,1.0000,-1,8,16,7,0,31,0,0,0,0
242.8401,1,0,4,0,0,0,1,94,0,1.0000,-1,8,16,7,0,31,0,0,0,0
242.8582,1,0,4,0,0,0,1,94,0,1.0000,-1,8,16,7,0,31,0,0,0,0
242.8785,1,0,4,0,0,0,1,94,0,1.0000,-1,8,16,7,0,31,0,0,0,0
242.897,1,0,4,0,0,0,1,94,0,1.0000,-1,8,16,7,0,31,0,0,0,0
242.9156,1,0,4,0,0,0,1,94,0,1.0000,-1,8,16,7,0,31,0,0,0,0
242.9341,1,0,4,0,0,0,1,94,0,1.0000,-1,8,16,7,0,31,0,0,0,0
242.9543,1,0,4,0,0,0,1,94,0,1.0000,-1,8,16,7,0,31,0,0,0,0
242.9745,1,0,4,0,0,0,1,94,0,1.0000,-1,8,16,7,0,31,0,0,0,0
242.9942,1,0,4,0,0,0,1,94,0,1.0000,-1,8,16,7,0,31,0,0,0,0
243.0121,1,0,4,0,0,0,1,94,1,2.0000,-1,8,16,7,0,31,0,0,0,0
243.0318,1,0,4,0,0,0,1,94,0,2.0000,-1,8,16,7,0,31,0,0,0,0
243.0522,1,0,4,0,0,0,1,94,0,2.0000,-1,8,16,7,0,31,0,0,0,0
243.0721,1,0,4,0,0,0,1,94,0,2.0000,-1,8,16,7,0,31,0,0,0,0
243.0904,1,0,4,0,0,0,1,94,0,2.0000,-1,8,16,7,0,31,0,0,0,0
243.1147,1,0,4,0,0,0,1,94,0,2.0000,-1,8,16,7,0,31,0,0,0,0
243.1311,1,0,4,0,0,0,1,94,0,2.0000,-1,8,16,7,0,31,0,0,0,0
243.1505,1,0,4,0,0,0,1,94,0,2.0000,-1,8,16,7,0,31,0,0,0,0
243.1677,1,0,4,0,0,0,1,94,0,2.0000,-1,8,16,7,0,31,0,0,0,0
243.1875,1,0,4,0,0,0,1,94,0,1.0000,-1,8,16,7,0,31,0,0,0,0
243.2087,1,0,4,0,0,0,1,94,0,1.0000,-1,8,16,7,0,31,0,0,0,0
243.228,1,0,4,0,0,0,1,94,0,1.0000,-1,8,16,7,0,31,0,0,0,0
243.2456,1,0,4,0,0,0,1,94,0,1.0000,-1,8,16,7,0,31,0,0,0,0
243.2655,1,0,4,0,0,0,1,94,0,1.0000,-1,8,16,7,0,31,0,0,0,0
243.2847,1,0,4,0,0,0,1,94,0,1.0000,-1,8,16,7,0,31,0,0,0,0
243.3057,1,0,4,0,0,0,1,94,0,1.0000,-1,8,16,7,0,31,0,0,0,0
243.3256,1,0,4,0,0,0,1,94,0,1.0000,-1,8,16,7,0,31,0,0,0,0
243.3439,1,0,4,0,0,0,1,94,0,1.0000,-1,8,16,7,0,31,0,0,0,0
243.3632,1,0,4,0,0,0,1,94,0,1.0000,-1,8,16,7,0,31,0,0,0,0
243.3828,1,0,4,0,0,0,1,94,0,1.0000,-1,8,16,7,0,31,0,0,0,0
243.4021,1,0,4,0,0,0,1,94,0,1.0000,-1,8,16,7,0,31,0,0,0,0
243.4213,1,0,4,0,0,0,1,94,0,1.0000,-1,8,16,7,0,31,0,0,0,0
243.4419,1,0,4,0,0,0,1,94,0,1.0000,-1,8,16,7,0,31,0,0,0,0
243.4603,1,0,4,0,0,0,1,94,0,1.0000,-1,8,16,7,0,31,0,0,0,0
243.4786,1,0,4,0,0,0,1,94,0,1.0000,-1,8,16,7,0,31,0,0,0,0
243.4983,1,0,4,0,0,0,1,94,0,1.0000,-1,8,16,7,0,31,0,0,0,0
243.5195,1,0,4,0,0,0,1,94,0,1.0000,-1,8,16,7,0,31,0,0,0,0
243.5398,1,0,4,0,0,0,1,94,0,1.0000,-1,8,16,7,0,31,0,0,0,0
243.5573,1,0,4,0,0,0,1,94,0,1.0000,-1,8,16,7,0,31,0,0,0,0
243.5772,1,0,4,0,0,0,1,94,0,1.0000,-1,8,16,7,0,31,0,0,0,0
243.5977,1,0,4,0,0,0,1,94,0,1.0000,-1,8,16,7,0,31,0,0,0,0
243.6148,1,0,4,0,0,0,1,94,0,1.0000,-1,8,16,7,0,31,0,0,0,0
243.6351,1,0,4,0,0,0,1,94,0,1.0000,-1,8,16,7,0,31,0,0,0,0
243.6538,1,0,4,0,0,0,1,94,0,1.0000,-1,8,16,7,0,31,0,0,0,0
243.6746,1,0,4,0,0,0,1,94,0,1.0000,-1,8,16,7,0,31,0,0,0,0
243.6935,1,0,4,0,0,0,1,94,0,1.0000,-1,8,16,7,0,31,0,0,0,0
243.7298,1,0,4,0,0,0,1,94,0,1.0000,-1,8,16,7,0,31,0,0,0,0
243.7431,1,0,4,0,0,0,1,94,0,1.0000,-1,8,16,7,0,31,0,0,0,0
243.7567,1,0,4,0,0,0,1,94,0,1.0000,-1,8,16,7,0,31,0,0,0,0
243.7745,1,0,4,0,0,0,1,94,0,1.0000,-1,8,16,7,0,31,0,0,0,0
243.7959,1,0,4,0,0,0,1,94,0,1.0000,-1,8,16,7,0,31,0,0,0,0
243.813,1,0,4,0,0,0,1,94,0,1.0000,-1,8,16,7,0,31,0,0,0,0
243.8325,1,0,4,0,0,0,1,94,0,1.0000,-1,8,16,7,0,31,0,0,0,0
243.8519,1,0,4,0,0,0,1,94,0,1.0000,-1,8,16,7,0,31,0,0,0,0
243.8728,1,0,4,0,0,0,1,94,0,1.0000,-1,8,16,7,0,31,0,0,0,0
243.8917,1,0,4,0,0,0,1,94,1,2.0000,-1,8,16,7,0,31,0,0,0,0
243.9109,1,0,4,0,0,0,1,94,0,2.0000,-1,8,16,7,0,31,0,0,0,0
243.93,1,0,4,0,0,0,1,94,0,2.0000,-1,8,16,7,0,31,0,0,0,0
243.9491,1,0,4,0,0,0,1,94,0,2.0000,-1,8,16,7,0,31,0,0,0,0
243.9682,1,0,4,0,0,0,1,94,0,2.0000,-1,8,16,7,0,31,0,0,0,0
243.988,1,0,4,0,0,0,1,94,0,2.0000,-1,8,16,7,0,31,0,0,0,0
244.0079,1,0,4,0,0,0,1,94,0,2.0000,-1,8,16,7,0,31,0,0,0,0
244.028,1,0,4,0,0,0,1,94,0,1.0000,-1,8,16,7,0,31,0,0,0,0
244.0472,1,0,4,0,0,0,1,94,0,1.0000,-1,8,16,7,0,31,0,0,0,0
244.0663,1,0,4,0,0,0,1,94,0,1.0000,-1,8,16,7,0,31,0,0,0,0
244.0862,1,0,4,0,0,0,1,94,0,1.0000,-1,8,16,7,0,31,0,0,0,0
244.1057,1,0,4,0,0,0,1,94,0,1.0000,-1,8,16,7,0,31,0,0,0,0
244.1251,1,0,4,0,0,0,1,94,0,1.0000,-1,8,16,7,0,31,0,0,0,0
244.1457,1,0,4,0,0,0,1,94,0,1.0000,-1,8,16,7,0,31,0,0,0,0
244.1633,1,0,4,0,0,0,1,94,0,1.0000,-1,8,16,7,0,31,0,0,0,0
244.1836,1,0,4,0,0,0,1,94,0,1.0000,-1,8,16,7,0,31,0,0,0,0
244.2016,1,0,4,0,0,0,1,94,0,1.0000,-1,8,16,7,0,31,0,0,0,0
244.2225,1,0,4,0,0,0,1,94,0,1.0000,-1,8,16,7,0,31,0,0,0,0
244.2424,1,0,4,0,0,0,1,94,0,1.0000,-1,8,16,7,0,31,0,0,0,0
244.261,1,0,4,0,0,0,1,94,0,1.0000,-1,8,16,7,0,31,0,0,0,0
244.28,1,0,4,0,0,0,1,94,0,1.0000,-1,8,16,7,0,31,0,0,0,0
244.2995,1,0,4,0,0,0,1,94,0,1.0000,-1,8,16,7,0,31,0,0,0,0
244.318,1,0,4,0,0,0,1,94,0,1.0000,-1,8,16,7,0,31,0,0,0,0
244.3389,1,0,4,0,0,0,1,94,1,2.0000,-1,8,16,7,0,31,0,0,0,0
244.3755,1,0,4,0,0,0,0,-1,0,2.0000,-1,8,16,7,0,31,0,0,0,0
244.3882,1,0,4,0,0,0,0,-1,0,2.0000,-1,8,16,7,0,31,0,0,0,0
244.401,1,0,4,0,0,0,0,-1,0,2.0000,-1,8,16,7,0,31,0,0,0,0
244.4187,1,0,4,0,0,0,0,-1,0,2.0000,-1,8,16,7,0,31,0,0,0,0
244.4394,1,0,4,0,0,0,0,-1,0,2.0000,-1,8,16,7,0,31,0,0,0,0
244.4587,1,0,4,0,0,0,0,-1,0,2.0000,-1,8,16,7,0,31,0,0,0,0
244.4781,1,0,4,0,0,0,0,-1,0,2.0000,-1,8,16,7,0,31,0,0,0,0
244.4993,1,0,4,0,0,0,0,-1,0,2.0000,-1,8,16,7,0,31,0,0,0,0
244.519,1,0,4,0,0,0,0,-1,0,2.0000,-1,8,16,7,0,31,0,0,0,0
244.5398,1,0,4,0,0,0,0,-1,0,2.0000,-1,8,16,7,0,31,0,0,0,0
244.5615,1,0,4,0,0,0,0,-1,0,2.0000,-1,8,16,7,0,31,0,0,0,0
244.5792,1,0,4,0,0,0,0,-1,0,2.0000,-1,8,16,7,0,31,0,0,0,0
244.5999,1,0,4,0,0,0,0,-1,0,2.0000,-1,8,16,7,0,31,0,0,0,0
244.619,1,0,4,0,0,0,0,-1,0,2.0000,-1,8,16,7,0,31,0,0,0,0
244.6409,1,0,4,0,0,0,0,-1,0,2.0000,-1,8,16,7,0,31,0,0,0,0
244.6591,1,0,4,0,0,0,0,-1,0,2.0000,-1,8,16,7,0,31,0,0,0,0
244.6794,1,0,4,0,0,0,0,-1,0,2.0000,-1,8,16,7,0,31,0,0,0,0
244.6981,1,0,4,0,0,0,0,-1,0,2.0000,-1,8,16,7,0,31,0,0,0,0
244.7186,1,0,4,0,0,0,0,-1,0,2.0000,-1,8,16,7,0,31,0,0,0,0
244.7388,1,0,4,0,0,0,0,-1,0,2.0000,-1,8,16,7,0,31,0,0,0,0
244.7567,1,0,4,0,0,0,0,-1,0,2.0000,-1,8,16,7,0,31,0,0,0,0
244.7957,1,0,4,0,0,0,0,-1,0,2.0000,-1,8,16,7,0,31,0,0,0,0
244.8074,1,0,4,0,0,0,0,-1,0,2.0000,-1,8,16,7,0,31,0,0,0,0
244.819,1,0,4,0,0,0,0,-1,0,2.0000,-1,8,16,7,0,31,0,0,0,0
244.8409,1,0,4,0,0,0,0,-1,0,2.0000,-1,8,16,7,0,31,0,0,0,0
244.8609,1,0,4,0,0,0,0,-1,0,2.0000,-1,8,16,7,0,31,0,0,0,0
244.8815,1,0,4,0,0,0,0,-1,0,2.0000,-1,8,16,7,0,31,0,0,0,0
244.9006,1,0,4,0,0,0,0,-1,0,1.0000,-1,8,16,7,0,31,0,0,0,0
244.9212,1,0,4,0,0,0,0,-1,0,1.0000,-1,8,16,7,0,31,0,0,0,0
244.9408,1,0,4,0,0,0,0,-1,0,1.0000,-1,8,16,7,0,31,0,0,0,0
244.9617,1,0,4,0,0,0,0,-1,0,1.0000,-1,8,16,7,0,31,0,0,0,0
244.9808,1,0,4,0,0,0,0,-1,0,1.0000,-1,8,16,7,0,31,0,0,0,0
244.999,1,0,4,0,0,0,0,-1,0,1.0000,-1,8,16,7,0,31,0,0,0,0
245.0191,1,0,4,0,0,0,0,-1,0,1.0000,-1,8,16,7,0,31,0,0,0,0
245.0405,1,0,4,0,0,0,0,-1,0,1.0000,-1,8,16,7,0,31,0,0,0,0
245.06,1,0,4,0,0,0,0,-1,0,1.0000,-1,8,16,7,0,31,0,0,0,0
245.0787,1,0,4,0,0,0,0,-1,0,1.0000,-1,8,16,7,0,31,0,0,0,0
245.0992,1,0,4,0,0,0,0,-1,0,1.0000,-1,8,16,7,0,31,0,0,0,0
245.1193,1,0,4,0,0,0,0,-1,0,1.0000,-1,8,16,7,0,31,0,0,0,0
245.1394,1,0,4,0,0,0,0,-1,0,1.0000,-1,8,16,7,0,31,0,0,0,0
245.1598,1,0,4,0,0,0,0,-1,0,1.0000,-1,8,16,7,0,31,0,0,0,0
245.1784,1,0,4,0,0,0,0,-1,0,1.0000,-1,8,16,7,0,31,0,0,0,0
245.2004,1,0,4,0,0,0,0,-1,0,1.0000,-1,8,16,7,0,31,0,0,0,0
245.2186,1,0,4,0,0,0,0,-1,0,1.0000,-1,8,16,7,0,31,0,0,0,0
245.2389,1,0,4,0,0,0,0,-1,0,1.0000,-1,8,16,7,0,31,0,0,0,0
245.2584,1,0,4,0,0,0,0,-1,0,1.0000,-1,8,16,7,0,31,0,0,0,0
245.2781,1,0,4,0,0,0,0,-1,0,1.0000,-1,8,16,7,0,31,0,0,0,0
245.2977,1,0,4,0,0,0,0,-1,0,1.0000,-1,8,16,7,0,31,0,0,0,0
245.3184,1,0,4,0,0,0,0,-1,0,1.0000,-1,8,16,7,0,31,0,0,0,0
245.3399,1,0,4,0,0,0,0,-1,0,0.0000,-1,8,16,7,0,31,0,0,0,0
245.3593,1,0,4,0,0,0,0,-1,0,0.0000,-1,8,16,7,0,31,0,0,0,0
245.3772,1,0,4,0,0,0,0,-1,0,0.0000,-1,8,16,7,0,31,0,0,0,0
245.3977,1,0,4,0,0,0,0,-1,0,0.0000,-1,8,16,7,0,31,0,0,0,0
245.4357,1,0,4,0,0,0,0,-1,0,0.0000,-1,8,16,7,0,31,0,0,0,0
245.4473,1,0,4,0,0,0,0,-1,0,0.0000,-1,8,16,7,0,31,0,0,0,0
245.4622,1,0,4,0,0,0,0,-1,0,0.0000,-1,8,16,7,0,31,0,0,0,0
245.4826,1,0,4,0,0,0,0,-1,0,0.0000,-1,8,16,7,0,31,0,0,0,0
245.5025,1,0,4,0,0,0,0,-1,0,0.0000,-1,8,16,7,0,31,0,0,0,0
245.5224,1,0,4,0,0,0,0,-1,0,0.0000,-1,8,16,7,0,31,0,0,0,0
245.5436,1,0,4,0,0,0,0,-1,0,0.0000,-1,8,16,7,0,31,0,0,0,0
245.563,1,0,4,0,0,0,0,-1,0,0.0000,-1,8,16,7,0,31,0,0,0,0
245.5837,1,0,4,0,0,0,0,-1,0,0.0000,-1,8,16,7,0,31,0,0,0,0
245.604,1,0,4,0,0,0,0,-1,0,0.0000,-1,8,16,7,0,31,0,0,0,0
245.6236,1,0,4,0,0,0,0,-1,0,0.0000,-1,8,16,7,0,31,0,0,0,0
245.6439,1,0,4,0,0,0,0,-1,0,0.0000,-1,8,16,7,0,31,0,0,0,0
245.6633,1,0,4,0,0,0,0,-1,0,0.0000,-1,8,16,7,0,31,0,0,0,0
245.684,1,0,4,0,0,0,0,-1,0,0.0000,-1,8,16,7,0,31,0,0,0,0
245.7041,1,0,4,0,0,0,0,-1,0,0.0000,-1,8,16,7,0,31,0,0,0,0
245.7241,1,0,4,0,0,0,0,-1,0,0.0000,-1,8,16,7,0,31,0,0,0,0
245.7427,1,0,4,0,0,0,0,-1,0,0.0000,-1,8,16,7,0,31,0,0,0,0
245.7636,1,0,4,0,0,0,0,-1,0,0.0000,-1,8,16,7,0,31,0,0,0,0
245.7845,1,0,4,0,0,0,0,-1,0,0.0000,-1,8,16,7,0,31,0,0,0,0
245.8035,1,0,4,0,0,0,0,-1,0,0.0000,-1,8,16,7,0,31,0,0,0,0
245.8229,1,0,4,0,0,0,0,-1,0,0.0000,-1,8,16,7,0,31,0,0,0,0
245.8421,1,0,4,0,0,0,0,-1,0,0.0000,-1,8,16,7,0,31,0,0,0,0
245.8622,1,0,4,0,0,0,0,-1,0,0.0000,-1,8,16,7,0,31,0,0,0,0
245.8829,1,0,4,0,0,0,0,-1,0,0.0000,-1,8,16,7,0,31,0,0,0,0
245.9026,1,0,4,0,0,0,0,-1,0,0.0000,-1,8,16,7,0,31,0,0,0,0
245.9228,1,0,4,0,0,0,0,-1,0,0.0000,-1,8,16,7,0,31,0,0,0,0
245.9419,1,0,4,0,0,0,0,-1,0,0.0000,-1,8,16,7,0,31,0,0,0,0
245.9622,1,0,4,0,0,0,0,-1,0,0.0000,-1,8,16,7,0,31,0,0,0,0
245.981,1,0,4,0,0,0,0,-1,0,0.0000,-1,8,16,7,0,31,0,0,0,0
246.0011,1,0,4,0,0,0,0,-1,0,0.0000,-1,8,16,7,0,31,0,0,0,0
246.0223,1,0,4,0,0,0,0,-1,0,0.0000,-1,8,16,7,0,31,0,0,0,0
246.0405,1,0,4,0,0,0,0,-1,0,0.0000,-1,8,16,7,0,31,0,0,0,0
246.0785,1,0,4,0,0,0,0,-1,0,0.0000,-1,8,16,7,0,31,0,0,0,0
246.09,1,0,4,0,0,0,0,-1,0,0.0000,-1,8,16,7,0,31,0,0,0,0
246.1051,1,0,4,0,0,0,0,-1,0,0.0000,-1,8,16,7,0,31,0,0,0,0
246.1259,1,0,4,0,0,0,0,-1,0,0.0000,-1,8,16,7,0,31,0,0,0,0
246.1453,1,0,4,0,0,0,0,-1,0,0.0000,-1,8,16,7,0,31,0,0,0,0
246.1658,1,0,4,0,0,0,0,-1,0,0.0000,-1,8,16,7,0,31,0,0,0,0
246.1861,1,0,4,0,0,0,0,-1,0,0.0000,-1,8,16,7,0,31,0,0,0,0
246.2073,1,0,4,0,0,0,0,-1,0,0.0000,-1,8,16,7,0,31,0,0,0,0
246.2267,1,0,4,0,0,0,0,-1,0,0.0000,-1,8,16,7,0,31,0,0,0,0
246.2469,1,0,4,0,0,0,0,-1,0,0.0000,-1,8,16,7,0,31,0,0,0,0
246.267,1,0,4,0,0,0,0,-1,0,0.0000,-1,8,16,7,0,31,0,0,0,0
246.288,1,0,4,0,0,0,0,-1,0,0.0000,-1,8,16,7,0,31,0,0,0,0
246.3093,1,0,4,0,0,0,0,-1,0,0.0000,-1,8,16,7,0,31,0,0,0,0
246.3283,1,0,4,0,0,0,0,-1,0,0.0000,-1,8,16,7,0,31,0,0,0,0
246.3488,1,0,4,0,0,0,0,-1,0,0.0000,-1,8,16,7,0,31,0,0,0,0
246.3695,1,0,4,0,0,0,0,-1,0,0.0000,-1,8,16,7,0,31,0,0,0,0
246.39,1,0,4,0,0,0,0,-1,0,0.0000,-1,8,16,7,0,31,0,0,0,0
246.4093,1,0,4,0,0,0,0,-1,0,0.0000,-1,8,16,7,0,31,0,0,0,0
246.4314,1,0,4,0,0,0,0,-1,0,0.0000,-1,8,16,7,0,31,0,0,0,0
246.4506,1,0,4,0,0,0,0,-1,0,0.0000,-1,8,16,7,0,31,0,0,0,0
246.4693,1,0,4,0,0,0,0,-1,0,0.0000,-1,8,16,7,0,31,0,0,0,0
246.4902,1,0,4,0,0,0,0,-1,0,0.0000,-1,8,16,7,0,31,0,0,0,0
246.5095,1,0,4,0,0,0,0,-1,0,0.0000,-1,8,16,7,0,31,0,0,0,0
246.529,1,0,4,0,0,0,0,-1,0,0.0000,-1,8,16,7,0,31,0,0,0,0
246.5496,1,0,4,0,0,0,0,-1,0,0.0000,-1,8,16,7,0,31,0,0,0,0
246.5692,1,0,4,0,0,0,0,-1,0,0.0000,-1,8,16,7,0,31,0,0,0,0
246.5891,1,0,4,0,0,0,0,-1,0,0.0000,-1,8,16,7,0,31,0,0,0,0
246.61,1,0,4,0,0,0,0,-1,0,0.0000,-1,8,16,7,0,31,0,0,0,0
246.6312,1,0,4,0,0,0,0,-1,0,0.0000,-1,8,16,7,0,31,0,0,0,0
246.6532,1,0,4,0,0,0,0,-1,0,0.0000,-1,8,16,7,0,31,0,0,0,0
246.6907,1,0,4,0,0,0,0,-1,0,0.0000,-1,8,16,7,0,31,0,0,0,0
246.7047,1,0,4,0,0,0,0,-1,0,0.0000,-1,8,16,7,0,31,0,0,0,0
246.7185,1,0,4,0,0,0,0,-1,0,0.0000,-1,8,16,7,0,31,0,0,0,0
246.7358,1,0,4,0,0,0,1,96,0,0.0000,-1,8,16,7,0,31,0,0,0,0
246.7594,1,0,4,0,0,0,1,96,0,0.0000,-1,8,16,7,0,31,0,0,0,0
246.7777,1,0,4,0,0,0,1,96,0,0.0000,-1,8,16,7,0,31,0,0,0,0
246.7987,1,0,4,0,0,0,1,96,0,0.0000,-1,8,16,7,0,31,0,0,0,0
246.8194,1,0,4,0,0,0,1,96,0,0.0000,-1,8,16,7,0,31,0,0,0,0
246.8394,1,0,4,0,0,0,1,96,0,0.0000,-1,8,16,7,0,31,0,0,0,0
246.8596,1,0,4,0,0,0,1,96,0,0.0000,-1,8,16,7,0,31,0,0,0,0
246.8769,1,0,4,0,0,0,1,96,1,1.0000,-1,8,16,7,0,31,0,0,0,0
246.8963,1,0,4,0,0,0,0,-1,0,1.0000,-1,8,16,7,0,31,0,0,0,0
246.9165,1,0,4,0,0,0,0,-1,0,1.0000,-1,8,16,7,0,31,0,0,0,0
246.9335,1,0,4,0,0,0,0,-1,0,1.0000,-1,8,16,7,0,31,0,0,0,0
246.9549,1,0,4,0,0,0,0,-1,0,1.0000,-1,8,16,7,0,31,0,0,0,0
246.9753,1,0,4,0,0,0,0,-1,0,1.0000,-1,8,16,7,0,31,0,0,0,0
246.9944,1,0,4,0,0,0,0,-1,0,1.0000,-1,8,16,7,0,31,0,0,0,0
247.0129,1,0,4,0,0,0,0,-1,0,1.0000,-1,8,16,7,0,31,0,0,0,0
247.0321,1,0,4,0,0,0,0,-1,0,1.0000,-1,8,16,7,0,31,0,0,0,0
247.0537,1,0,4,0,0,0,0,-1,0,1.0000,-1,8,16,7,0,31,0,0,0,0
247.0728,1,0,4,0,0,0,0,-1,0,1.0000,-1,8,16,7,0,31,0,0,0,0
247.0931,1,0,4,0,0,0,0,-1,0,1.0000,-1,8,16,7,0,31,0,0,0,0
247.1122,1,0,4,0,0,0,0,-1,0,1.0000,-1,8,16,7,0,31,0,0,0,0
247.132,1,0,4,0,0,0,0,-1,0,1.0000,-1,8,16,7,0,31,0,0,0,0
247.149,1,0,4,0,0,0,0,-1,0,1.0000,-1,8,16,7,0,31,0,0,0,0
247.1703,1,0,4,0,0,0,0,-1,0,1.0000,-1,8,16,7,0,31,0,0,0,0
247.1892,1,0,4,0,0,0,0,-1,0,1.0000,-1,8,16,7,0,31,0,0,0,0
247.2076,1,0,4,0,0,0,0,-1,0,1.0000,-1,8,16,7,0,31,0,0,0,0
247.2271,1,0,4,0,0,0,0,-1,0,1.0000,-1,8,16,7,0,31,0,0,0,0
247.2477,1,0,4,0,0,0,0,-1,0,1.0000,-1,8,16,7,0,31,0,0,0,0
247.2662,1,0,4,0,0,0,0,-1,0,1.0000,-1,8,16,7,0,31,0,0,0,0
247.2849,1,0,4,0,0,0,0,-1,0,1.0000,-1,8,16,7,0,31,0,0,0,0
247.3051,1,0,4,0,0,0,0,-1,0,1.0000,-1,8,16,7,0,31,0,0,0,0
247.3226,1,0,4,0,0,0,0,-1,0,1.0000,-1,8,16,7,0,31,0,0,0,0
247.3418,1,0,4,0,0,0,0,-1,0,1.0000,-1,8,16,7,0,31,0,0,0,0
247.3637,1,0,4,0,0,0,0,-1,0,1.0000,-1,8,16,7,0,31,0,0,0,0
247.3829,1,0,4,0,0,0,0,-1,0,1.0000,-1,8,16,7,0,31,0,0,0,0
247.4041,1,0,4,0,0,0,0,-1,0,1.0000,-1,8,16,7,0,31,0,0,0,0
247.4225,1,0,4,0,0,0,0,-1,0,1.0000,-1,8,16,7,0,31,0,0,0,0
247.4424,1,0,4,0,0,0,0,-1,0,1.0000,-1,8,16,7,0,31,0,0,0,0
247.4603,1,0,4,0,0,0,0,-1,0,1.0000,-1,8,16,7,0,31,0,0,0,0
247.4798,1,0,4,0,0,0,0,-1,0,1.0000,-1,8,16,7,0,31,0,0,0,0
247.4992,1,0,4,0,0,0,0,-1,0,1.0000,-1,8,16,7,0,31,0,0,0,0
247.5343,1,0,4,0,0,0,0,-1,0,1.0000,-1,8,16,7,0,31,0,0,0,0
247.5484,1,0,4,0,0,0,0,-1,0,1.0000,-1,8,16,7,0,31,0,0,0,0
247.5627,1,0,4,0,0,0,0,-1,0,1.0000,-1,8,16,7,0,31,0,0,0,0
247.5797,1,0,4,0,0,0,0,-1,0,1.0000,-1,8,16,7,0,31,0,0,0,0
247.5994,1,0,4,0,0,0,0,-1,1,2.0000,-1,8,16,7,0,31,0,0,0,0
247.6184,1,0,4,0,0,0,0,-1,0,2.0000,-1,8,16,7,0,31,0,0,0,0
247.6394,1,0,4,0,0,0,0,-1,0,2.0000,-1,8,16,7,0,31,0,0,0,0
247.6586,1,0,4,0,0,0,0,-1,0,2.0000,-1,8,16,7,0,31,0,0,0,0
247.6785,1,0,4,0,0,0,0,-1,0,2.0000,-1,8,16,7,0,31,0,0,0,0
247.6964,1,0,4,0,0,0,0,-1,0,2.0000,-1,8,16,7,0,31,0,0,0,0
247.7161,1,0,4,0,0,0,0,-1,0,2.0000,-1,8,16,7,0,31,0,0,0,0
247.7347,1,0,4,0,0,0,0,-1,0,2.0000,-1,8,16,7,0,31,0,0,0,0
247.7556,1,0,4,0,0,0,0,-1,0,2.0000,-1,8,16,7,0,31,0,0,0,0
247.7736,1,0,4,0,0,0,0,-1,0,2.0000,-1,8,16,7,0,31,0,0,0,0
247.7938,1,0,4,0,0,0,0,-1,0,2.0000,-1,8,16,7,0,31,0,0,0,0
247.8123,1,0,4,0,0,0,0,-1,0,2.0000,-1,8,16,7,0,31,0,0,0,0
247.8319,1,0,4,0,0,0,0,-1,0,2.0000,-1,8,16,7,0,31,0,0,0,0
247.851,1,0,4,0,0,0,0,-1,0,2.0000,-1,8,16,7,0,31,0,0,0,0
247.8697,1,0,4,0,0,0,0,-1,0,2.0000,-1,8,16,7,0,31,0,0,0,0
247.8907,1,0,4,0,0,0,0,-1,0,1.0000,-1,8,16,7,0,31,0,0,0,0
247.9094,1,0,4,0,0,0,0,-1,0,1.0000,-1,8,16,7,0,31,0,0,0,0
247.9273,1,0,4,0,0,0,0,-1,1,2.0000,-1,8,16,7,0,31,0,0,0,0
247.9467,1,0,4,0,0,0,0,-1,0,2.0000,-1,8,16,7,0,31,0,0,0,0
247.9652,1,0,4,0,0,0,0,-1,0,2.0000,-1,8,16,7,0,31,0,0,0,0
247.984,1,0,4,0,0,0,0,-1,0,2.0000,-1,8,16,7,0,31,0,0,0,0
248.0039,1,0,4,0,0,0,0,-1,0,2.0000,-1,8,16,7,0,31,0,0,0,0
248.0244,1,0,4,0,0,0,0,-1,0,2.0000,-1,8,16,7,0,31,0,0,0,0
248.0414,1,0,4,0,0,0,0,-1,0,2.0000,-1,8,16,7,0,31,0,0,0,0
248.062,1,0,4,0,0,0,0,-1,0,2.0000,-1,8,16,7,0,31,0,0,0,0
248.0801,1,0,4,0,0,0,0,-1,0,2.0000,-1,8,16,7,0,31,0,0,0,0
248.0997,1,0,4,0,0,0,0,-1,0,2.0000,-1,8,16,7,0,31,0,0,0,0
248.119,1,0,4,0,0,0,0,-1,0,2.0000,-1,8,16,7,0,31,0,0,0,0
248.1389,1,0,4,0,0,0,0,-1,0,2.0000,-1,8,16,7,0,31,0,0,0,0
248.1757,1,0,4,0,0,0,0,-1,0,2.0000,-1,8,16,7,0,31,0,0,0,0
248.1926,1,0,4,0,0,0,0,-1,0,2.0000,-1,8,16,7,0,31,0,0,0,0
248.2066,1,0,4,0,0,0,0,-1,0,2.0000,-1,8,16,7,0,31,0,0,0,0
248.2205,1,0,4,0,0,0,0,-1,0,2.0000,-1,8,16,7,0,31,0,0,0,0
248.2393,1,0,4,0,0,0,0,-1,0,2.0000,-1,8,16,7,0,31,0,0,0,0
248.2602,1,0,4,0,0,0,0,-1,0,2.0000,-1,8,16,7,0,31,0,0,0,0
248.2784,1,0,4,0,0,0,0,-1,0,2.0000,-1,8,16,7,0,31,0,0,0,0
248.2999,1,0,4,0,0,0,0,-1,0,2.0000,-1,8,16,7,0,31,0,0,0,0
248.3175,1,0,4,0,0,0,0,-1,1,3.0000,-1,8,16,7,0,31,0,0,0,0
248.3362,1,0,4,0,0,0,0,-1,0,3.0000,-1,8,16,7,0,31,0,0,0,0
248.3558,1,0,4,0,0,0,0,-1,0,3.0000,-1,8,16,7,0,31,0,0,0,0
248.3754,1,0,4,0,0,0,0,-1,0,3.0000,-1,8,16,7,0,31,0,0,0,0
248.3935,1,0,4,0,0,0,0,-1,0,3.0000,-1,8,16,7,0,31,0,0,0,0
248.413,1,0,4,0,0,0,0,-1,0,3.0000,-1,8,16,7,0,31,0,0,0,0
248.4309,1,0,4,0,0,0,0,-1,0,3.0000,-1,8,16,7,0,31,0,0,0,0
248.452,1,0,4,0,0,0,0,-1,0,3.0000,-1,8,16,7,0,31,0,0,0,0
248.4714,1,0,4,0,0,0,0,-1,0,3.0000,-1,8,16,7,0,31,0,0,0,0
248.4919,1,0,4,0,0,0,0,-1,0,3.0000,-1,8,16,7,0,31,0,0,0,0
248.5107,1,0,4,0,0,0,0,-1,0,3.0000,-1,8,16,7,0,31,0,0,0,0
248.5322,1,0,4,0,0,0,0,-1,0,3.0000,-1,8,16,7,0,31,0,0,0,0
248.5502,1,0,4,0,0,0,0,-1,0,3.0000,-1,8,16,7,0,31,0,0,0,0
248.5692,1,0,4,0,0,0,0,-1,0,3.0000,-1,8,16,7,0,31,0,0,0,0
248.6058,1,0,4,0,0,0,0,-1,0,2.0000,-1,8,16,7,0,31,0,0,0,0
248.6189,1,0,4,0,0,0,0,-1,0,2.0000,-1,8,16,7,0,31,0,0,0,0
248.6307,1,0,4,0,0,0,0,-1,0,2.0000,-1,8,16,7,0,31,0,0,0,0
248.6509,1,0,4,0,0,0,0,-1,0,2.0000,-1,8,16,7,0,31,0,0,0,0
248.67,1,0,4,0,0,0,0,-1,0,2.0000,-1,8,16,7,0,31,0,0,0,0
248.6894,1,0,4,0,0,0,0,-1,0,2.0000,-1,8,16,7,0,31,0,0,0,0
248.7093,1,0,4,0,0,0,0,-1,0,2.0000,-1,8,16,7,0,31,0,0,0,0
248.7285,1,0,4,0,0,0,0,-1,0,2.0000,-1,8,16,7,0,31,0,0,0,0
248.7467,1,0,4,0,0,0,0,-1,0,2.0000,-1,8,16,7,0,31,0,0,0,0
248.7667,1,0,4,0,0,0,0,-1,0,2.0000,-1,8,16,7,0,31,0,0,0,0
248.7856,1,0,4,0,0,0,0,-1,0,2.0000,-1,8,16,7,0,31,0,0,0,0
248.8044,1,0,4,0,0,0,0,-1,1,3.0000,-1,8,16,7,0,31,0,0,0,0
248.8232,1,0,4,0,0,0,0,-1,0,3.0000,-1,8,16,7,0,31,0,0,0,0
248.8436,1,0,4,0,0,0,0,-1,0,3.0000,-1,8,16,7,0,31,0,0,0,0
248.8619,1,0,4,0,0,0,0,-1,0,3.0000,-1,8,16,7,0,31,0,0,0,0
248.8794,1,0,4,0,0,0,0,-1,0,3.0000,-1,8,16,7,0,31,0,0,0,0
248.8982,1,0,4,0,0,0,0,-1,0,3.0000,-1,8,16,7,0,31,0,0,0,0
248.9174,1,0,4,0,0,0,0,-1,0,3.0000,-1,8,16,7,0,31,0,0,0,0
248.9393,1,0,4,0,0,0,0,-1,0,2.0000,-1,8,16,7,0,31,0,0,0,0
248.9574,1,0,4,0,0,0,1,97,0,2.0000,-1,8,16,7,0,31,0,0,0,0
248.9763,1,0,4,0,0,0,1,97,0,2.0000,-1,8,16,7,0,31,0,0,0,0
248.996,1,0,4,0,0,0,1,97,0,2.0000,-1,8,16,7,0,31,0,0,0,0
249.0313,1,0,4,0,0,0,1,97,0,2.0000,-1,8,16,7,0,31,0,0,0,0
249.0449,1,0,4,0,0,0,1,97,0,2.0000,-1,8,16,7,0,31,0,0,0,0
249.0586,1,0,4,0,0,0,1,97,0,2.0000,-1,8,16,7,0,31,0,0,0,0
249.0739,1,0,4,0,0,0,0,-1,0,2.0000,97,9,16,7,0,32,0,0,0,0
249.0986,1,0,4,0,0,0,0,-1,0,2.0000,-1,9,16,7,0,32,0,0,0,0
249.1173,1,0,4,0,0,0,0,-1,1,3.0000,-1,9,16,7,0,32,0,0,0,0
249.1364,1,0,4,0,0,0,0,-1,0,3.0000,-1,9,16,7,0,32,0,0,0,0
249.1544,1,0,4,0,0,0,0,-1,0,3.0000,-1,9,16,7,0,32,0,0,0,0
249.1734,1,0,4,0,0,0,0,-1,0,3.0000,-1,9,16,7,0,32,0,0,0,0
249.1956,1,0,4,0,0,0,0,-1,0,3.0000,-1,9,16,7,0,32,0,0,0,0
249.215,1,0,4,0,0,0,0,-1,0,3.0000,-1,9,16,7,0,32,0,0,0,0
249.2502,1,0,4,0,0,0,0,-1,0,3.0000,-1,9,16,7,0,32,0,0,0,0
249.2635,1,0,4,0,0,0,0,-1,0,3.0000,-1,9,16,7,0,32,0,0,0,0
249.2781,1,0,4,0,0,0,0,-1,0,3.0000,-1,9,16,7,0,32,0,0,0,0
249.295,1,0,4,0,0,0,0,-1,0,3.0000,-1,9,16,7,0,32,0,0,0,0
249.3165,1,0,4,0,0,0,0,-1,0,3.0000,-1,9,16,7,0,32,0,0,0,0
249.3339,1,0,4,0,0,0,0,-1,0,2.0000,-1,9,16,7,0,32,0,0,0,0
249.3517,1,0,4,0,0,0,0,-1,0,2.0000,-1,9,16,7,0,32,0,0,0,0
249.3732,1,0,4,0,0,0,0,-1,0,2.0000,-1,9,16,7,0,32,0,0,0,0
249.3906,1,0,4,0,0,0,0,-1,0,2.0000,-1,9,16,7,0,32,0,0,0,0
249.409,1,0,4,0,0,0,0,-1,0,2.0000,-1,9,16,7,0,32,0,0,0,0
249.4282,1,0,4,0,0,0,0,-1,0,2.0000,-1,9,16,7,0,32,0,0,0,0
249.4654,1,0,4,0,0,0,0,-1,0,2.0000,-1,9,16,7,0,32,0,0,0,0
249.4775,1,0,4,0,0,0,0,-1,0,2.0000,-1,9,16,7,0,32,0,0,0,0
249.4899,1,0,4,0,0,0,0,-1,0,2.0000,-1,9,16,7,0,32,0,0,0,0
249.5094,1,0,4,0,0,0,0,-1,0,2.0000,-1,9,16,7,0,32,0,0,0,0
249.5281,1,0,4,0,0,0,0,-1,0,2.0000,-1,9,16,7,0,32,0,0,0,0
249.5485,1,0,4,0,0,0,0,-1,0,2.0000,-1,9,16,7,0,32,0,0,0,0
249.567,1,0,4,0,0,0,0,-1,0,2.0000,-1,9,16,7,0,32,0,0,0,0
249.5851,1,0,4,0,0,0,0,-1,0,2.0000,-1,9,16,7,0,32,0,0,0,0
249.6084,1,0,4,0,0,0,0,-1,0,2.0000,-1,9,16,7,0,32,0,0,0,0
249.6295,1,0,4,0,0,0,0,-1,0,2.0000,-1,9,16,7,0,32,0,0,0,0
249.6482,1,0,4,0,0,0,0,-1,0,2.0000,-1,9,16,7,0,32,0,0,0,0
249.6652,1,0,4,0,0,0,0,-1,0,2.0000,-1,9,16,7,0,32,0,0,0,0
249.6855,1,0,4,0,0,0,0,-1,0,2.0000,-1,9,16,7,0,32,0,0,0,0
249.7063,1,0,4,0,0,0,0,-1,0,2.0000,-1,9,16,7,0,32,0,0,0,0
249.7238,1,0,4,0,0,0,0,-1,0,2.0000,-1,9,16,7,0,32,0,0,0,0
249.7433,1,0,4,0,0,0,0,-1,0,2.0000,-1,9,16,7,0,32,0,0,0,0
249.7612,1,0,4,0,0,0,0,-1,0,2.0000,-1,9,16,7,0,32,0,0,0,0
249.7829,1,0,4,0,0,0,0,-1,0,2.0000,-1,9,16,7,0,32,0,0,0,0
249.8012,1,0,4,0,0,0,0,-1,0,2.0000,-1,9,16,7,0,32,0,0,0,0
249.8186,1,0,4,0,0,0,0,-1,0,1.0000,-1,9,16,7,0,32,0,0,0,0
249.8385,1,0,4,0,0,0,0,-1,0,1.0000,-1,9,16,7,0,32,0,0,0,0
249.8575,1,0,4,0,0,0,0,-1,0,1.0000,-1,9,16,7,0,32,0,0,0,0
249.8755,1,0,4,0,0,0,0,-1,0,1.0000,-1,9,16,7,0,32,0,0,0,0
249.896,1,0,4,0,0,0,0,-1,0,1.0000,-1,9,16,7,0,32,0,0,0,0
249.915,1,0,4,0,0,0,0,-1,0,1.0000,-1,9,16,7,0,32,0,0,0,0
249.9353,1,0,4,0,0,0,0,-1,0,1.0000,-1,9,16,7,0,32,0,0,0,0
249.9509,1,0,4,0,0,0,0,-1,0,1.0000,-1,9,16,7,0,32,0,0,0,0
249.9715,1,0,4,0,0,0,0,-1,0,1.0000,-1,9,16,7,0,32,0,0,0,0
249.9893,1,0,4,0,0,0,0,-1,0,1.0000,-1,9,16,7,0,32,0,0,0,0
250.0063,1,0,4,0,0,0,0,-1,0,1.0000,-1,9,16,7,0,32,0,0,0,0
250.0275,1,0,4,0,0,0,0,-1,0,1.0000,-1,9,16,7,0,32,0,0,0,0
250.0473,1,0,4,0,0,0,0,-1,0,1.0000,-1,9,16,7,0,32,0,0,0,0
250.0634,1,0,4,0,0,0,0,-1,0,1.0000,-1,9,16,7,0,32,0,0,0,0
250.0839,1,0,4,0,0,0,0,-1,0,1.0000,-1,9,16,7,0,32,0,0,0,0
250.1019,1,0,4,0,0,0,0,-1,0,1.0000,-1,9,16,7,0,32,0,0,0,0
250.1206,1,0,4,0,0,0,0,-1,0,0.0000,-1,9,16,7,0,32,0,0,0,0
250.1409,1,0,4,0,0,0,0,-1,0,0.0000,-1,9,16,7,0,32,0,0,0,0
250.1587,1,0,4,0,0,0,0,-1,0,0.0000,-1,9,16,7,0,32,0,0,0,0
250.1756,1,0,4,0,0,0,0,-1,0,0.0000,-1,9,16,7,0,32,0,0,0,0
250.1966,1,0,4,0,0,0,0,-1,0,0.0000,-1,9,16,7,0,32,0,0,0,0
250.2149,1,0,4,0,0,0,0,-1,0,0.0000,-1,9,16,7,0,32,0,0,0,0
250.2326,1,0,4,0,0,0,0,-1,0,0.0000,-1,9,16,7,0,32,0,0,0,0
250.2533,1,0,4,0,0,0,0,-1,0,0.0000,-1,9,16,7,0,32,0,0,0,0
250.2719,1,0,4,0,0,0,0,-1,0,0.0000,-1,9,16,7,0,32,0,0,0,0
250.2872,1,0,4,0,0,0,0,-1,0,0.0000,-1,9,16,7,0,32,0,0,0,0
250.3078,1,0,4,0,0,0,0,-1,1,1.0000,-1,9,16,7,0,32,0,0,0,0
250.3294,1,0,4,0,0,0,0,-1,0,1.0000,-1,9,16,7,0,32,0,0,0,0
250.3465,1,0,4,0,0,0,1,99,0,1.0000,-1,9,16,7,0,32,0,0,0,0
250.3643,1,0,4,0,0,0,1,99,0,1.0000,-1,9,16,7,0,32,0,0,0,0
250.3866,1,0,4,0,0,0,1,99,0,1.0000,-1,9,16,7,0,32,0,0,0,0
250.4058,1,0,4,0,0,0,1,99,0,1.0000,-1,9,16,7,0,32,0,0,0,0
250.4228,1,0,4,0,0,0,1,99,0,1.0000,-1,9,16,7,0,32,0,0,0,0
250.4428,1,0,4,0,0,0,1,99,0,1.0000,-1,9,16,7,0,32,0,0,0,0
250.4636,1,0,4,0,0,0,1,100,0,1.0000,99,10,16,7,0,33,0,0,0,0
250.4816,1,0,4,0,0,0,1,100,0,1.0000,-1,10,16,7,0,33,0,0,0,0
250.4984,1,0,4,0,0,0,1,100,0,1.0000,-1,10,16,7,0,33,0,0,0,0
250.5186,1,0,4,0,0,0,1,100,0,1.0000,-1,10,16,7,0,33,0,0,0,0
250.5417,1,0,4,0,0,0,1,100,0,1.0000,-1,10,16,7,0,33,0,0,0,0
250.5615,1,0,4,0,0,0,1,100,0,1.0000,-1,10,16,7,0,33,0,0,0,0
250.5774,1,0,4,0,0,0,1,100,0,1.0000,-1,10,16,7,0,33,0,0,0,0
250.5981,1,0,4,0,0,0,1,100,0,1.0000,-1,10,16,7,0,33,0,0,0,0
250.6199,1,0,4,0,0,0,1,100,0,1.0000,-1,10,16,7,0,33,0,0,0,0
250.6387,1,0,4,0,0,0,1,100,0,1.0000,-1,10,16,7,0,33,0,0,0,0
250.657,1,0,4,0,0,0,1,100,0,1.0000,-1,10,16,7,0,33,0,0,0,0
250.6763,1,0,4,0,0,0,1,100,0,1.0000,-1,10,16,7,0,33,0,0,0,0
250.7159,1,0,4,0,0,0,1,100,1,2.0000,-1,10,16,7,0,33,0,0,0,0
250.7309,1,0,4,0,0,0,1,100,0,2.0000,-1,10,16,7,0,33,0,0,0,0
250.7442,1,0,4,0,0,0,1,100,1,3.0000,-1,10,16,7,0,33,0,0,0,0
250.7605,1,0,4,0,0,0,1,100,0,3.0000,-1,10,16,7,0,33,0,0,0,0
250.7814,1,0,4,0,0,0,1,100,0,3.0000,-1,10,16,7,0,33,0,0,0,0
250.8003,1,0,4,0,0,0,1,100,1,4.0000,-1,10,16,7,0,33,0,0,0,0
250.819,1,0,4,0,0,0,1,100,0,4.0000,-1,10,16,7,0,33,0,0,0,0
250.8406,1,0,4,0,0,0,1,100,0,4.0000,-1,10,16,7,0,33,0,0,0,0
250.8578,1,0,4,0,0,0,1,100,0,4.0000,-1,10,16,7,0,33,0,0,0,0
250.8781,1,0,4,0,0,0,1,100,0,4.0000,-1,10,16,7,0,33,0,0,0,0
250.916,1,0,4,0,0,0,1,100,0,4.0000,-1,10,16,7,0,33,0,0,0,0
250.929,1,0,4,0,0,0,1,100,0,4.0000,-1,10,16,7,0,33,0,0,0,0
250.9413,1,0,4,0,0,0,1,100,0,4.0000,-1,10,16,7,0,33,0,0,0,0
250.9617,1,0,4,0,0,0,1,100,0,4.0000,-1,10,16,7,0,33,0,0,0,0
250.9825,1,0,4,0,0,0,1,100,0,4.0000,-1,10,16,7,0,33,0,0,0,0
251.0017,1,0,4,0,0,0,1,100,0,4.0000,-1,10,16,7,0,33,0,0,0,0
251.0195,1,0,4,0,0,0,1,100,0,4.0000,-1,10,16,7,0,33,0,0,0,0
251.0403,1,0,4,0,0,0,1,100,0,4.0000,-1,10,16,7,0,33,0,0,0,0
251.0605,1,0,4,0,0,0,1,100,0,4.0000,-1,10,16,7,0,33,0,0,0,0
251.0802,1,0,4,0,0,0,1,100,0,4.0000,-1,10,16,7,0,33,0,0,0,0
251.1164,1,0,4,0,0,0,1,100,0,4.0000,-1,10,16,7,0,33,0,0,0,0
251.1279,1,0,4,0,0,0,1,100,0,4.0000,-1,10,16,7,0,33,0,0,0,0
251.1415,1,0,4,0,0,0,1,100,0,4.0000,-1,10,16,7,0,33,0,0,0,0
251.1607,1,0,4,0,0,0,1,100,0,4.0000,-1,10,16,7,0,33,0,0,0,0
251.1821,1,0,4,0,0,0,1,100,1,5.0000,-1,10,16,7,0,33,0,0,0,0
251.2022,1,0,4,0,0,0,1,100,0,5.0000,-1,10,16,7,0,33,0,0,0,0
251.2223,1,0,4,0,0,0,1,100,1,6.0000,-1,10,16,7,0,33,0,0,0,0
251.2414,1,0,4,0,0,0,1,100,0,6.0000,-1,10,16,7,0,33,0,0,0,0
251.2624,1,0,4,0,0,0,1,100,0,6.0000,-1,10,16,7,0,33,0,0,0,0
251.2817,1,0,4,0,0,0,1,100,0,6.0000,-1,10,16,7,0,33,0,0,0,0
251.3009,1,0,4,0,0,0,1,100,0,6.0000,-1,10,16,7,0,33,0,0,0,0
251.3215,1,0,4,0,0,0,1,101,0,5.0000,100,11,16,7,0,34,0,0,0,0
251.3393,1,0,4,0,0,0,1,101,0,5.0000,-1,11,16,7,0,34,0,0,0,0
251.3605,1,0,4,0,0,0,1,101,0,5.0000,-1,11,16,7,0,34,0,0,0,0
251.3796,1,0,4,0,0,0,1,101,0,5.0000,-1,11,16,7,0,34,0,0,0,0
251.4003,1,0,4,0,0,0,1,101,0,5.0000,-1,11,16,7,0,34,0,0,0,0
251.42,1,0,4,0,0,0,1,101,0,5.0000,-1,11,16,7,0,34,0,0,0,0
251.4408,1,0,4,0,0,0,1,101,0,5.0000,-1,11,16,7,0,34,0,0,0,0
251.4624,1,0,4,0,0,0,1,101,0,5.0000,-1,11,16,7,0,34,0,0,0,0
251.4825,1,0,4,0,0,0,1,101,0,5.0000,-1,11,16,7,0,34,0,0,0,0
251.5188,1,0,4,0,0,0,1,102,0,5.0000,-1,11,16,7,0,34,0,0,0,0
251.5308,1,0,4,0,0,0,1,102,0,5.0000,-1,11,16,7,0,34,0,0,0,0
251.5436,1,0,4,0,0,0,1,102,0,5.0000,-1,11,16,7,0,34,0,0,0,0
251.561,1,0,4,0,0,0,1,102,0,5.0000,-1,11,16,7,0,34,0,0,0,0
251.5816,1,0,4,0,0,0,1,102,0,5.0000,-1,11,16,7,0,34,0,0,0,0
251.6016,1,0,4,0,0,0,1,102,1,6.0000,-1,11,16,7,0,34,0,0,0,0
251.6192,1,0,4,0,0,0,1,102,0,6.0000,-1,11,16,7,0,34,0,0,0,0
251.6396,1,0,4,0,0,0,1,102,0,6.0000,-1,11,16,7,0,34,0,0,0,0
251.6602,1,0,4,0,0,0,1,102,0,6.0000,-1,11,16,7,0,34,0,0,0,0
251.6797,1,0,4,0,0,0,1,102,0,6.0000,-1,11,16,7,0,34,0,0,0,0
251.6968,1,0,4,0,0,0,1,102,0,6.0000,-1,11,16,7,0,34,0,0,0,0
251.7171,1,0,4,0,0,0,1,102,0,5.0000,-1,11,16,7,0,34,0,0,0,0
251.7389,1,0,4,0,0,0,1,102,0,5.0000,-1,11,16,7,0,34,0,0,0,0
251.7581,1,0,4,0,0,0,1,102,0,4.0000,-1,11,16,7,0,34,0,0,0,0
251.7751,1,0,4,0,0,0,1,102,0,4.0000,-1,11,16,7,0,34,0,0,0,0
251.7975,1,0,4,0,0,0,1,102,0,4.0000,-1,11,16,7,0,34,0,0,0,0
251.8151,1,0,4,0,0,0,1,102,0,3.0000,-1,11,16,7,0,34,0,0,0,0
251.8349,1,0,4,0,0,0,1,102,0,3.0000,-1,11,16,7,0,34,0,0,0,0
251.8526,1,0,4,0,0,0,1,102,0,3.0000,-1,11,16,7,0,34,0,0,0,0
251.8739,1,0,4,0,0,0,1,102,0,3.0000,-1,11,16,7,0,34,0,0,0,0
251.8919,1,0,4,0,0,0,1,102,0,3.0000,-1,11,16,7,0,34,0,0,0,0
251.9105,1,0,4,0,0,0,1,102,0,3.0000,-1,11,16,7,0,34,0,0,0,0
251.9476,1,0,4,0,0,0,1,102,0,3.0000,-1,11,16,7,0,34,0,0,0,0
251.9609,1,0,4,0,0,0,1,102,0,3.0000,-1,11,16,7,0,34,0,0,0,0
251.9731,1,0,4,0,0,0,1,102,0,3.0000,-1,11,16,7,0,34,0,0,0,0
251.9933,1,0,4,0,0,0,1,102,0,3.0000,-1,11,16,7,0,34,0,0,0,0
252.0121,1,0,4,0,0,0,1,102,0,3.0000,-1,11,16,7,0,34,0,0,0,0
252.0318,1,0,4,0,0,0,1,102,0,3.0000,-1,11,16,7,0,34,0,0,0,0
252.0518,1,0,4,0,0,0,1,102,0,3.0000,-1,11,16,7,0,34,0,0,0,0
252.0727,1,0,4,0,0,0,1,102,0,3.0000,-1,11,16,7,0,34,0,0,0,0
252.0904,1,0,4,0,0,0,1,102,0,3.0000,-1,11,16,7,0,34,0,0,0,0
252.1087,1,0,4,0,0,0,1,102,0,3.0000,-1,11,16,7,0,34,0,0,0,0
252.1283,1,0,4,0,0,0,1,102,0,3.0000,-1,11,16,7,0,34,0,0,0,0
252.1494,1,0,4,0,0,0,1,102,0,3.0000,-1,11,16,7,0,34,0,0,0,0
252.1672,1,0,4,0,0,0,1,102,0,3.0000,-1,11,16,7,0,34,0,0,0,0
252.1856,1,0,4,0,0,0,1,102,0,2.0000,-1,11,16,7,0,34,0,0,0,0
252.2066,1,0,4,0,0,0,1,102,1,3.0000,-1,11,16,7,0,34,0,0,0,0
252.2248,1,0,4,0,0,0,0,-1,0,2.0000,-1,11,16,7,0,34,0,0,0,0
252.2442,1,0,4,0,0,0,0,-1,0,2.0000,-1,11,16,7,0,34,0,0,0,0
252.263,1,0,4,0,0,0,0,-1,0,2.0000,-1,11,16,7,0,34,0,0,0,0
252.2809,1,0,4,0,0,0,0,-1,0,2.0000,-1,11,16,7,0,34,0,0,0,0
252.3006,1,0,4,0,0,0,0,-1,0,2.0000,-1,11,16,7,0,34,0,0,0,0
252.3171,1,0,4,0,0,0,0,-1,0,2.0000,-1,11,16,7,0,34,0,0,0,0
252.3391,1,0,4,0,0,0,0,-1,0,2.0000,-1,11,16,7,0,34,0,0,0,0
252.3738,1,0,4,0,0,0,0,-1,0,2.0000,-1,11,16,7,0,34,0,0,0,0
252.3876,1,0,4,0,0,0,0,-1,0,2.0000,-1,11,16,7,0,34,0,0,0,0
252.4017,1,0,4,0,0,0,0,-1,0,2.0000,-1,11,16,7,0,34,0,0,0,0
252.4183,1,0,4,0,0,0,0,-1,0,2.0000,-1,11,16,7,0,34,0,0,0,0
252.4381,1,0,4,0,0,0,0,-1,0,2.0000,-1,11,16,7,0,34,0,0,0,0
252.4559,1,0,4,0,0,0,0,-1,1,3.0000,-1,11,16,7,0,34,0,0,0,0
252.474,1,0,4,0,0,0,0,-1,0,3.0000,-1,11,16,7,0,34,0,0,0,0
252.4949,1,0,4,0,0,0,0,-1,0,3.0000,-1,11,16,7,0,34,0,0,0,0
252.5133,1,0,4,0,0,0,0,-1,0,3.0000,-1,11,16,7,0,34,0,0,0,0
252.5308,1,0,4,0,0,0,0,-1,0,3.0000,-1,11,16,7,0,34,0,0,0,0
252.5526,1,0,4,0,0,0,0,-1,0,3.0000,-1,11,16,7,0,34,0,0,0,0
252.5714,1,0,4,0,0,0,0,-1,0,3.0000,-1,11,16,7,0,34,0,0,0,0
252.5899,1,0,4,0,0,0,0,-1,0,3.0000,-1,11,16,7,0,34,0,0,0,0
252.6073,1,0,4,0,0,0,0,-1,0,2.0000,-1,11,16,7,0,34,0,0,0,0
252.628,1,0,4,0,0,0,0,-1,0,2.0000,-1,11,16,7,0,34,0,0,0,0
252.6453,1,0,4,0,0,0,0,-1,0,2.0000,-1,11,16,7,0,34,0,0,0,0
252.663,1,0,4,0,0,0,0,-1,0,2.0000,-1,11,16,7,0,34,0,0,0,0
252.6848,1,0,4,0,0,0,0,-1,0,2.0000,-1,11,16,7,0,34,0,0,0,0
252.7058,1,0,4,0,0,0,0,-1,0,2.0000,-1,11,16,7,0,34,0,0,0,0
252.7223,1,0,4,0,0,0,0,-1,0,2.0000,-1,11,16,7,0,34,0,0,0,0
252.7412,1,0,4,0,0,0,0,-1,0,2.0000,-1,11,16,7,0,34,0,0,0,0
252.7638,1,0,4,0,0,0,0,-1,0,2.0000,-1,11,16,7,0,34,0,0,0,0
252.7811,1,0,4,0,0,0,0,-1,0,2.0000,-1,11,16,7,0,34,0,0,0,0
252.7983,1,0,4,0,0,0,0,-1,0,2.0000,-1,11,16,7,0,34,0,0,0,0
252.8175,1,0,4,0,0,0,0,-1,0,2.0000,-1,11,16,7,0,34,0,0,0,0
252.8381,1,0,4,0,0,0,0,-1,0,2.0000,-1,11,16,7,0,34,0,0,0,0
252.8568,1,0,4,0,0,0,0,-1,0,2.0000,-1,11,16,7,0,34,0,0,0,0
252.8747,1,0,4,0,0,0,0,-1,0,2.0000,-1,11,16,7,0,34,0,0,0,0
252.8965,1,0,4,0,0,0,0,-1,0,2.0000,-1,11,16,7,0,34,0,0,0,0
252.9146,1,0,4,0,0,0,0,-1,0,2.0000,-1,11,16,7,0,34,0,0,0,0
252.9311,1,0,4,0,0,0,0,-1,0,2.0000,-1,11,16,7,0,34,0,0,0,0
252.9523,1,0,4,0,0,0,0,-1,1,3.0000,-1,11,16,7,0,34,0,0,0,0
252.9725,1,0,4,0,0,0,0,-1,0,3.0000,-1,11,16,7,0,34,0,0,0,0
252.9914,1,0,4,1,0,0,1,104,0,3.0000,-1,11,16,7,0,34,0,0,0,0
253.0084,1,0,4,1,0,0,1,104,0,3.0000,-1,11,16,7,0,34,0,0,0,0
253.0299,1,0,4,1,0,0,1,104,0,3.0000,-1,11,16,7,0,34,0,0,0,0
253.0494,1,0,4,1,0,0,1,104,0,3.0000,-1,11,16,7,0,34,0,0,0,0
253.0658,1,0,4,1,0,0,1,104,0,3.0000,-1,11,16,7,0,34,0,0,0,0
253.0864,1,0,4,1,0,0,1,104,0,3.0000,-1,11,16,7,0,34,0,0,0,0
253.1065,1,0,4,1,0,0,1,104,0,3.0000,-1,11,16,7,0,34,0,0,0,0
253.1264,1,0,4,1,0,0,1,104,0,3.0000,-1,11,16,7,0,34,0,0,0,0
253.1433,1,0,4,1,0,0,1,104,0,3.0000,-1,11,16,7,0,34,0,0,0,0
253.1634,1,0,4,1,0,0,0,-1,0,3.0000,104,12,16,7,0,35,0,0,0,0
253.1823,1,0,4,1,0,0,0,-1,1,4.0000,-1,12,16,7,0,35,0,0,0,0
253.2191,1,0,4,1,0,0,0,-1,0,3.0000,-1,12,16,7,0,35,0,0,0,0
253.2328,1,0,4,1,0,0,0,-1,0,3.0000,-1,12,16,7,0,35,0,0,0,0
253.2459,1,0,4,1,0,0,0,-1,0,3.0000,-1,12,16,7,0,35,0,0,0,0
253.2628,1,0,4,1,0,0,0,-1,0,3.0000,-1,12,16,7,0,35,0,0,0,0
253.2823,1,0,4,1,0,0,0,-1,0,3.0000,-1,12,16,7,0,35,0,0,0,0
253.3025,1,0,4,1,0,0,0,-1,0,3.0000,-1,12,16,7,0,35,0,0,0,0
253.3185,1,0,4,1,0,0,0,-1,0,3.0000,-1,12,16,7,0,35,0,0,0,0
253.3408,1,0,4,1,0,0,0,-1,0,3.0000,-1,12,16,7,0,35,0,0,0,0
253.3585,1,0,4,1,0,0,0,-1,0,3.0000,-1,12,16,7,0,35,0,0,0,0
253.3784,1,0,4,1,0,0,0,-1,0,3.0000,-1,12,16,7,0,35,0,0,0,0
253.3956,1,0,4,1,0,0,0,-1,0,3.0000,-1,12,16,7,0,35,0,0,0,0
253.4152,1,0,4,1,0,0,0,-1,1,4.0000,-1,12,16,7,0,35,0,0,0,0
253.4354,1,0,4,1,0,0,0,-1,0,4.0000,-1,12,16,7,0,35,0,0,0,0
253.4558,1,0,4,1,0,0,0,-1,0,4.0000,-1,12,16,7,0,35,0,0,0,0
253.4743,1,0,4,1,0,0,0,-1,0,3.0000,-1,12,16,7,0,35,0,0,0,0
253.4949,1,0,4,1,0,0,0,-1,0,3.0000,-1,12,16,7,0,35,0,0,0,0
253.5132,1,0,4,1,0,0,0,-1,0,3.0000,-1,12,16,7,0,35,0,0,0,0
253.5318,1,0,4,1,0,0,0,-1,0,3.0000,-1,12,16,7,0,35,0,0,0,0
253.5537,1,0,4,1,0,0,0,-1,0,3.0000,-1,12,16,7,0,35,0,0,0,0
253.5721,1,0,4,1,0,0,0,-1,0,3.0000,-1,12,16,7,0,35,0,0,0,0
253.5909,1,0,4,1,0,0,0,-1,0,3.0000,-1,12,16,7,0,35,0,0,0,0
253.6111,1,0,4,1,0,0,0,-1,0,3.0000,-1,12,16,7,0,35,0,0,0,0
253.6483,1,0,4,1,0,0,0,-1,0,3.0000,-1,12,16,7,0,35,0,0,0,0
253.6617,1,0,4,1,0,0,0,-1,1,4.0000,-1,12,16,7,0,35,0,0,0,0
253.6776,1,0,4,1,0,0,0,-1,0,4.0000,-1,12,16,7,0,35,0,0,0,0
253.6955,1,0,4,0,0,0,0,-1,0,4.0000,-1,12,16,7,0,35,0,0,0,0
253.7137,1,0,4,0,0,0,0,-1,0,4.0000,-1,12,16,7,0,35,0,0,0,0
253.7358,1,0,4,0,0,0,0,-1,0,4.0000,-1,12,16,7,0,35,0,0,0,0
253.7545,1,0,4,0,0,0,0,-1,0,4.0000,-1,12,16,7,0,35,0,0,0,0
253.7758,1,0,4,0,0,0,0,-1,0,4.0000,-1,12,16,7,0,35,0,0,0,0
253.7957,1,0,4,0,0,0,0,-1,0,4.0000,-1,12,16,7,0,35,0,0,0,0
253.8134,1,0,4,0,0,0,0,-1,0,4.0000,-1,12,16,7,0,35,0,0,0,0
253.8494,1,0,4,0,0,0,0,-1,0,4.0000,-1,12,16,7,0,35,0,0,0,0
253.8619,1,0,4,0,0,0,0,-1,0,4.0000,-1,12,16,7,0,35,0,0,0,0
253.8759,1,0,4,0,0,0,0,-1,0,4.0000,-1,12,16,7,0,35,0,0,0,0
253.8957,1,0,4,0,0,0,0,-1,1,5.0000,-1,12,16,7,0,35,0,0,0,0
253.9159,1,0,4,0,0,0,0,-1,0,5.0000,-1,12,16,7,0,35,0,0,0,0
253.9349,1,0,4,0,0,0,0,-1,0,5.0000,-1,12,16,7,0,35,0,0,0,0
253.9535,1,0,4,0,0,0,0,-1,0,4.0000,-1,12,16,7,0,35,0,0,0,0
253.9725,1,0,4,0,0,0,0,-1,0,4.0000,-1,12,16,7,0,35,0,0,0,0
253.9925,1,0,4,0,0,0,0,-1,0,4.0000,-1,12,16,7,0,35,0,0,0,0
254.0129,1,0,4,0,0,0,0,-1,0,4.0000,-1,12,16,7,0,35,0,0,0,0
254.0309,1,0,4,0,0,0,0,-1,0,4.0000,-1,12,16,7,0,35,0,0,0,0
254.0507,1,0,4,0,0,0,0,-1,0,4.0000,-1,12,16,7,0,35,0,0,0,0
254.0729,1,0,4,0,0,0,0,-1,0,4.0000,-1,12,16,7,0,35,0,0,0,0
254.0916,1,0,4,0,0,0,0,-1,0,4.0000,-1,12,16,7,0,35,0,0,0,0
254.1122,1,0,4,0,0,0,0,-1,0,4.0000,-1,12,16,7,0,35,0,0,0,0
254.1311,1,0,4,0,0,0,0,-1,0,4.0000,-1,12,16,7,0,35,0,0,0,0
254.1523,1,0,4,0,0,0,0,-1,0,4.0000,-1,12,16,7,0,35,0,0,0,0
254.1728,1,0,4,0,0,0,0,-1,1,5.0000,-1,12,16,7,0,35,0,0,0,0
254.1914,1,0,4,0,0,0,0,-1,0,4.0000,-1,12,16,7,0,35,0,0,0,0
254.2082,1,0,4,0,0,0,0,-1,0,4.0000,-1,12,16,7,0,35,0,0,0,0
254.2309,1,0,4,0,0,0,0,-1,0,4.0000,-1,12,16,7,0,35,0,0,0,0
254.2505,1,0,4,0,1,0,0,-1,0,4.0000,-1,12,16,7,0,35,0,0,0,0
254.2698,1,0,4,0,1,0,0,-1,0,4.0000,-1,12,16,7,0,35,0,0,0,0
254.2865,1,0,4,0,1,0,0,-1,0,4.0000,-1,12,16,7,0,35,0,0,0,0
254.3092,1,0,4,0,1,0,0,-1,0,4.0000,-1,12,16,7,0,35,0,0,0,0
254.3288,1,0,4,0,1,0,0,-1,0,4.0000,-1,12,16,7,0,35,0,0,0,0
254.3481,1,0,4,0,1,0,0,-1,0,4.0000,-1,12,16,7,0,35,0,0,0,0
254.3686,1,0,4,0,1,0,0,-1,0,4.0000,-1,12,16,7,0,35,0,0,0,0
254.3876,1,0,4,0,1,0,0,-1,0,4.0000,-1,12,16,7,0,35,0,0,0,0
254.4086,1,0,4,0,1,0,0,-1,0,4.0000,-1,12,16,7,0,35,0,0,0,0
254.4287,1,0,4,0,1,0,0,-1,0,3.0000,-1,12,16,7,0,35,0,0,0,0
254.4486,1,0,4,0,1,0,0,-1,0,3.0000,-1,12,16,7,0,35,0,0,0,0
254.4668,1,0,4,0,1,0,0,-1,0,3.0000,-1,12,16,7,0,35,0,0,0,0
254.4876,1,0,4,0,1,0,0,-1,0,3.0000,-1,12,16,7,0,35,0,0,0,0
254.5099,1,0,4,0,1,0,0,-1,0,3.0000,-1,12,16,7,0,35,0,0,0,0
254.5294,1,0,4,0,1,0,0,-1,1,4.0000,-1,12,16,7,0,35,0,0,0,0
254.5487,1,0,4,0,1,0,0,-1,0,4.0000,-1,12,16,7,0,35,0,0,0,0
254.5692,1,0,4,0,1,0,0,-1,1,5.0000,-1,12,16,7,0,35,0,0,0,0
254.5876,1,0,4,0,1,0,0,-1,0,5.0000,-1,12,16,7,0,35,0,0,0,0
254.6097,1,0,4,0,1,0,0,-1,0,5.0000,-1,12,16,7,0,35,0,0,0,0
254.6289,1,0,4,0,1,0,0,-1,0,5.0000,-1,12,16,7,0,35,0,0,0,0
254.6505,1,0,4,0,1,0,0,-1,0,5.0000,-1,12,16,7,0,35,0,0,0,0
254.6722,1,0,4,0,1,0,0,-1,0,4.0000,-1,12,16,7,0,35,0,0,0,0
254.6921,1,0,4,0,1,0,0,-1,0,4.0000,-1,12,16,7,0,35,0,0,0,0
254.7125,1,0,4,0,1,0,0,-1,0,4.0000,-1,12,16,7,0,35,0,0,0,0
254.7341,1,0,4,0,1,0,0,-1,0,4.0000,-1,12,16,7,0,35,0,0,0,0
254.7554,1,0,4,0,1,0,0,-1,0,4.0000,-1,12,16,7,0,35,0,0,0,0
254.7776,1,0,4,0,1,0,0,-1,0,4.0000,-1,12,16,7,0,35,0,0,0,0
254.8015,1,0,4,0,1,0,0,-1,0,4.0000,-1,12,16,7,0,35,0,0,0,0
254.8226,1,0,4,0,1,0,0,-1,0,4.0000,-1,12,16,7,0,35,0,0,0,0
254.8437,1,0,4,0,1,0,0,-1,0,4.0000,-1,12,16,7,0,35,0,0,0,0
254.8648,1,0,4,0,1,0,0,-1,0,4.0000,-1,12,16,7,0,35,0,0,0,0
254.888,1,0,4,0,1,0,0,-1,0,4.0000,-1,12,16,7,0,35,0,0,0,0
254.9294,1,0,4,0,1,0,0,-1,0,3.0000,-1,12,16,7,0,35,0,0,0,0
254.9445,1,0,4,0,1,0,0,-1,0,3.0000,-1,12,16,7,0,35,0,0,0,0
254.9605,1,0,4,0,1,0,0,-1,0,3.0000,-1,12,16,7,0,35,0,0,0,0
254.9823,1,0,4,0,1,0,0,-1,1,4.0000,-1,12,16,7,0,35,0,0,0,0
255.0071,1,0,4,0,1,0,0,-1,0,4.0000,-1,12,16,7,0,35,0,0,0,0
255.0302,1,0,4,0,1,0,0,-1,0,4.0000,-1,12,16,7,0,35,0,0,0,0
255.0546,1,0,4,0,1,0,1,108,0,4.0000,-1,12,16,7,0,35,0,0,0,0
255.0787,1,0,4,0,1,0,1,108,1,5.0000,-1,12,16,7,0,35,0,0,0,0
255.1024,1,0,4,0,1,0,1,108,0,5.0000,-1,12,16,7,0,35,0,0,0,0
255.1283,1,0,4,0,1,0,1,108,0,5.0000,-1,12,16,7,0,35,0,0,0,0
255.1506,1,0,4,0,1,0,1,108,0,5.0000,-1,12,16,7,0,35,0,0,0,0
255.1744,1,0,4,0,1,0,1,108,0,4.0000,-1,12,16,7,0,35,0,0,0,0
255.1985,1,0,4,0,1,0,1,108,1,5.0000,-1,12,16,7,0,35,0,0,0,0
255.222,1,0,4,0,1,0,1,108,0,5.0000,-1,12,16,7,0,35,0,0,0,0
255.2466,1,0,4,0,1,0,1,108,0,5.0000,-1,12,16,7,0,35,0,0,0,0
255.272,1,0,4,0,1,0,1,108,0,5.0000,-1,12,16,7,0,35,0,0,0,0
255.2978,1,0,4,0,1,0,1,108,0,5.0000,-1,12,16,7,0,35,0,0,0,0
255.3227,1,0,4,0,1,0,1,108,0,5.0000,-1,12,16,7,0,35,0,0,0,0
255.3675,1,0,4,0,1,0,1,108,0,5.0000,-1,12,16,7,0,35,0,0,0,0
255.3815,1,0,4,0,1,0,1,108,0,5.0000,-1,12,16,7,0,35,0,0,0,0
255.3987,1,0,4,0,1,0,1,108,0,5.0000,-1,12,16,7,0,35,0,0,0,0
255.4234,1,0,4,0,1,0,1,109,1,6.0000,108,13,16,7,0,36,0,0,0,0
255.4493,1,0,4,0,1,0,1,109,0,6.0000,-1,13,16,7,0,36,0,0,0,0
255.4748,1,0,4,0,1,0,1,109,0,6.0000,-1,13,16,7,0,36,0,0,0,0
255.5007,1,0,4,0,1,0,1,109,0,6.0000,-1,13,16,7,0,36,0,0,0,0
255.5251,1,0,4,0,1,0,1,109,0,6.0000,-1,13,16,7,0,36,0,0,0,0
255.569,1,0,4,0,1,0,1,109,0,5.0000,-1,13,16,7,0,36,0,0,0,0
255.5832,1,0,4,0,1,0,1,109,0,4.0000,-1,13,16,7,0,36,0,0,0,0
255.6003,1,0,4,0,1,0,1,109,0,4.0000,-1,13,16,7,0,36,0,0,0,0
255.625,1,0,4,0,1,0,1,109,0,4.0000,-1,13,16,7,0,36,0,0,0,0
255.6514,1,0,4,0,1,0,1,109,0,4.0000,-1,13,16,7,0,36,0,0,0,0
255.6755,1,0,4,0,1,0,1,109,1,5.0000,-1,13,16,7,0,36,0,0,0,0
255.6994,1,0,4,0,1,0,1,109,0,5.0000,-1,13,16,7,0,36,0,0,0,0
255.7242,1,0,4,0,1,0,1,109,0,5.0000,-1,13,16,7,0,36,0,0,0,0
255.7493,1,0,4,0,1,0,1,109,0,5.0000,-1,13,16,7,0,36,0,0,0,0
255.793,1,0,4,0,1,0,1,109,0,5.0000,-1,13,16,7,0,36,0,0,0,0
255.8085,1,0,4,0,1,0,1,109,0,5.0000,-1,13,16,7,0,36,0,0,0,0
255.8242,2,1,5,0,0,1,0,-1,0,5.0000,109,13,17,7,0,37,0,0,0,0
255.8504,2,0,5,0,0,0,0,-1,0,5.0000,-1,13,17,7,0,37,0,0,0,0
255.876,2,0,5,0,0,0,0,-1,0,5.0000,-1,13,17,7,0,37,0,0,0,0
255.8986,2,0,5,0,0,0,0,-1,0,5.0000,-1,13,17,7,0,37,0,0,0,0
255.923,2,0,5,0,0,0,0,-1,0,5.0000,-1,13,17,7,0,37,0,0,0,0
255.9477,2,0,5,0,0,0,0,-1,0,5.0000,-1,13,17,7,0,37,0,0,0,0
255.9734,2,0,5,0,0,0,0,-1,0,5.0000,-1,13,17,7,0,37,0,0,0,0
256.0155,2,0,5,0,0,0,0,-1,0,4.0000,-1,13,17,7,0,37,0,0,0,0
256.0287,2,0,5,0,0,0,0,-1,0,4.0000,-1,13,17,7,0,37,0,0,0,0
256.0454,2,0,5,0,0,0,0,-1,0,4.0000,-1,13,17,7,0,37,0,0,0,0
256.0702,2,0,5,0,0,0,0,-1,0,4.0000,-1,13,17,7,0,37,0,0,0,0
256.0943,2,0,5,0,0,0,1,114,0,3.0000,-1,13,17,7,0,37,0,0,0,0
256.1203,2,0,5,0,0,0,1,114,0,3.0000,-1,13,17,7,0,37,0,0,0,0
256.1436,2,0,5,0,0,0,1,114,0,3.0000,-1,13,17,7,0,37,0,0,0,0
256.1691,2,0,5,0,0,0,1,114,0,3.0000,-1,13,17,7,0,37,0,0,0,0
256.1924,2,0,5,0,0,0,1,114,0,3.0000,-1,13,17,7,0,37,0,0,0,0
256.2149,2,0,5,0,0,0,1,114,0,2.0000,-1,13,17,7,0,37,0,0,0,0
256.24,2,0,5,0,0,0,1,114,0,2.0000,-1,13,17,7,0,37,0,0,0,0
256.2651,2,0,5,0,0,0,1,114,0,2.0000,-1,13,17,7,0,37,0,0,0,0
256.2925,2,0,5,0,0,0,1,114,0,2.0000,-1,13,17,7,0,37,0,0,0,0
256.3131,2,0,5,0,0,0,1,114,0,2.0000,-1,13,17,7,0,37,0,0,0,0
256.337,2,0,5,0,0,0,1,114,0,2.0000,-1,13,17,7,0,37,0,0,0,0
256.362,2,0,5,0,0,0,1,114,0,2.0000,-1,13,17,7,0,37,0,0,0,0
256.3853,2,0,5,0,0,0,1,114,0,2.0000,-1,13,17,7,0,37,0,0,0,0
256.4098,2,0,5,0,0,0,1,114,0,2.0000,-1,13,17,7,0,37,0,0,0,0
256.4533,2,0,5,0,0,0,1,114,0,1.0000,-1,13,17,7,0,37,0,0,0,0
256.468,2,0,5,0,0,0,1,114,0,1.0000,-1,13,17,7,0,37,0,0,0,0
256.4841,2,0,5,0,0,0,1,114,0,1.0000,-1,13,17,7,0,37,0,0,0,0
256.5102,2,0,5,0,0,0,1,114,0,1.0000,-1,13,17,7,0,37,0,0,0,0
256.5342,2,0,5,0,0,0,1,114,0,1.0000,-1,13,17,7,0,37,0,0,0,0
256.559,2,0,5,0,0,0,1,114,0,1.0000,-1,13,17,7,0,37,0,0,0,0
256.5845,2,0,5,0,0,0,1,114,0,1.0000,-1,13,17,7,0,37,0,0,0,0
256.6082,2,0,5,0,0,0,1,114,0,1.0000,-1,13,17,7,0,37,0,0,0,0
256.6335,2,0,5,0,0,0,1,114,0,1.0000,-1,13,17,7,0,37,0,0,0,0
256.6779,2,0,5,0,0,0,1,114,0,0.0000,-1,13,17,7,0,37,0,0,0,0
256.6939,2,0,5,0,0,0,1,114,0,0.0000,-1,13,17,7,0,37,0,0,0,0
256.7101,2,0,5,0,0,0,0,-1,0,0.0000,-1,13,17,7,0,37,0,0,0,0
256.7343,2,0,5,0,0,0,0,-1,0,0.0000,-1,13,17,7,0,37,0,0,0,0
256.7593,2,0,5,0,0,0,1,112,0,0.0000,-1,13,17,7,0,37,0,0,0,0
256.7821,2,0,5,0,0,0,1,112,0,0.0000,-1,13,17,7,0,37,0,0,0,0
256.8072,2,0,5,0,0,0,1,112,0,0.0000,-1,13,17,7,0,37,0,0,0,0
256.8309,2,0,5,0,0,0,1,112,0,0.0000,-1,13,17,7,0,37,0,0,0,0
256.8529,2,0,5,0,0,0,1,112,0,0.0000,-1,13,17,7,0,37,0,0,0,0
256.8777,2,0,5,0,0,0,1,112,0,0.0000,-1,13,17,7,0,37,0,0,0,0
256.9021,2,0,5,0,0,0,1,112,0,0.0000,-1,13,17,7,0,37,0,0,0,0
256.9259,2,0,5,0,0,0,1,112,0,0.0000,-1,13,17,7,0,37,0,0,0,0
256.9496,2,0,5,0,0,0,1,112,0,0.0000,-1,13,17,7,0,37,0,0,0,0
256.9752,2,0,5,0,0,0,1,112,0,0.0000,-1,13,17,7,0,37,0,0,0,0
256.9999,2,0,5,0,0,0,1,112,0,0.0000,-1,13,17,7,0,37,0,0,0,0
257.0219,2,0,5,0,0,0,1,112,0,0.0000,-1,13,17,7,0,37,0,0,0,0
257.0463,2,0,5,0,0,0,1,112,0,0.0000,-1,13,17,7,0,37,0,0,0,0
257.0718,2,0,5,0,0,0,1,112,0,0.0000,-1,13,17,7,0,37,0,0,0,0
257.0935,2,0,5,0,0,0,1,112,0,0.0000,-1,13,17,7,0,37,0,0,0,0
257.1172,2,0,5,0,0,0,1,112,0,0.0000,-1,13,17,7,0,37,0,0,0,0
257.1409,2,0,5,0,0,0,1,112,1,1.0000,-1,13,17,7,0,37,0,0,0,0
257.1653,2,0,5,0,0,0,1,112,0,1.0000,-1,13,17,7,0,37,0,0,0,0
257.1893,2,0,5,0,0,0,1,112,0,1.0000,-1,13,17,7,0,37,0,0,0,0
257.2159,2,0,5,0,0,0,1,112,0,1.0000,-1,13,17,7,0,37,0,0,0,0
257.241,2,0,5,0,0,0,1,112,0,1.0000,-1,13,17,7,0,37,0,0,0,0
257.2678,2,0,5,0,0,0,1,112,0,1.0000,-1,13,17,7,0,37,0,0,0,0
257.2896,2,0,5,0,0,0,1,112,0,1.0000,-1,13,17,7,0,37,0,0,0,0
257.3328,2,0,5,0,0,0,1,112,1,2.0000,-1,13,17,7,0,37,0,0,0,0
257.3473,2,0,5,0,0,0,1,112,0,2.0000,-1,13,17,7,0,37,0,0,0,0
257.3643,2,0,5,0,0,0,0,-1,0,2.0000,-1,13,17,7,0,37,0,0,0,0
257.3889,2,0,5,0,0,0,0,-1,0,2.0000,-1,13,17,7,0,37,0,0,0,0
257.4135,2,0,5,0,0,0,0,-1,0,2.0000,-1,13,17,7,0,37,0,0,0,0
257.438,2,0,5,0,0,0,0,-1,0,2.0000,-1,13,17,7,0,37,0,0,0,0
257.4612,2,0,5,0,0,0,0,-1,0,2.0000,-1,13,17,7,0,37,0,0,0,0
257.4844,2,0,5,0,0,0,0,-1,0,2.0000,-1,13,17,7,0,37,0,0,0,0
257.5093,2,0,5,0,0,0,0,-1,0,2.0000,-1,13,17,7,0,37,0,0,0,0
257.534,2,0,5,0,0,0,0,-1,0,2.0000,-1,13,17,7,0,37,0,0,0,0
257.5592,2,0,5,0,0,0,0,-1,0,2.0000,-1,13,17,7,0,37,0,0,0,0
257.5853,2,0,5,0,0,0,0,-1,0,2.0000,-1,13,17,7,0,37,0,0,0,0
257.6078,2,0,5,0,0,0,0,-1,0,2.0000,-1,13,17,7,0,37,0,0,0,0
257.6328,2,0,5,0,0,0,0,-1,0,2.0000,-1,13,17,7,0,37,0,0,0,0
257.6545,2,0,5,0,0,0,0,-1,0,2.0000,-1,13,17,7,0,37,0,0,0,0
257.679,2,0,5,0,0,0,0,-1,0,2.0000,-1,13,17,7,0,37,0,0,0,0
257.7032,2,0,5,0,0,0,0,-1,0,2.0000,-1,13,17,7,0,37,0,0,0,0
257.7278,2,0,5,0,0,0,0,-1,0,2.0000,-1,13,17,7,0,37,0,0,0,0
257.7736,2,0,5,0,0,0,0,-1,0,2.0000,-1,13,17,7,0,37,0,0,0,0
257.787,2,0,5,0,0,0,0,-1,0,2.0000,-1,13,17,7,0,37,0,0,0,0
257.8052,2,0,5,0,0,0,0,-1,0,2.0000,-1,13,17,7,0,37,0,0,0,0
257.83,2,0,5,0,0,0,0,-1,0,2.0000,-1,13,17,7,0,37,0,0,0,0
257.8549,2,0,5,0,0,0,1,116,1,3.0000,-1,13,17,7,0,37,0,0,0,0
257.8787,2,0,5,0,0,0,1,116,0,3.0000,-1,13,17,7,0,37,0,0,0,0
257.9036,2,0,5,0,0,0,1,116,0,3.0000,-1,13,17,7,0,37,0,0,0,0
257.9286,2,0,5,0,0,0,1,116,0,3.0000,-1,13,17,7,0,37,0,0,0,0
257.9539,2,0,5,0,0,0,1,116,0,3.0000,-1,13,17,7,0,37,0,0,0,0
257.9776,2,0,5,0,0,0,1,116,0,3.0000,-1,13,17,7,0,37,0,0,0,0
258.0043,2,0,5,0,0,0,1,116,0,3.0000,-1,13,17,7,0,37,0,0,0,0
258.0276,2,0,5,0,0,0,1,116,0,3.0000,-1,13,17,7,0,37,0,0,0,0
258.0525,2,0,5,0,0,0,1,116,0,3.0000,-1,13,17,7,0,37,0,0,0,0
258.077,2,0,5,0,0,0,1,116,0,3.0000,-1,13,17,7,0,37,0,0,0,0
258.1014,2,0,5,0,0,0,1,116,0,3.0000,-1,13,17,7,0,37,0,0,0,0
258.1263,2,0,5,0,0,0,1,116,0,3.0000,-1,13,17,7,0,37,0,0,0,0
258.1518,2,0,5,0,0,0,1,116,0,2.0000,-1,13,17,7,0,37,0,0,0,0
258.1965,2,0,5,0,0,0,1,116,0,2.0000,-1,13,17,7,0,37,0,0,0,0
258.2107,2,0,5,0,0,0,1,116,0,2.0000,-1,13,17,7,0,37,0,0,0,0
258.2261,2,0,5,0,0,0,1,116,0,2.0000,-1,13,17,7,0,37,0,0,0,0
258.2548,2,0,5,0,0,0,1,116,0,2.0000,-1,13,17,7,0,37,0,0,0,0
258.2786,2,0,5,0,0,0,1,116,0,2.0000,-1,13,17,7,0,37,0,0,0,0
258.3022,2,0,5,0,0,0,1,116,0,2.0000,-1,13,17,7,0,37,0,0,0,0
258.3257,2,0,5,0,0,0,1,116,0,2.0000,-1,13,17,7,0,37,0,0,0,0
258.3507,2,0,5,0,0,0,1,116,0,1.0000,-1,13,17,7,0,37,0,0,0,0
258.3752,2,0,5,0,0,0,1,116,0,1.0000,-1,13,17,7,0,37,0,0,0,0
258.4178,2,0,5,0,0,0,1,116,0,1.0000,-1,13,17,7,0,37,0,0,0,0
258.4301,2,0,5,0,0,0,1,116,0,1.0000,-1,13,17,7,0,37,0,0,0,0
258.4478,2,0,5,0,0,0,1,116,0,1.0000,-1,13,17,7,0,37,0,0,0,0
258.4738,2,0,5,0,0,0,1,116,1,2.0000,-1,13,17,7,0,37,0,0,0,0
258.5011,2,0,5,0,0,0,1,116,0,2.0000,-1,13,17,7,0,37,0,0,0,0
258.5242,2,0,5,0,0,0,1,116,0,2.0000,-1,13,17,7,0,37,0,0,0,0
258.5483,2,0,5,0,0,0,1,116,0,2.0000,-1,13,17,7,0,37,0,0,0,0
258.5723,2,0,5,0,0,0,1,116,0,2.0000,-1,13,17,7,0,37,0,0,0,0
258.5968,2,0,5,0,0,0,1,116,0,2.0000,-1,13,17,7,0,37,0,0,0,0
258.6227,2,0,5,0,0,0,1,116,1,3.0000,-1,13,17,7,0,37,0,0,0,0
258.6454,2,0,5,0,0,0,1,116,0,3.0000,-1,13,17,7,0,37,0,0,0,0
258.6704,2,0,5,0,0,0,1,116,0,3.0000,-1,13,17,7,0,37,0,0,0,0
258.6956,2,0,5,0,0,0,1,116,0,3.0000,-1,13,17,7,0,37,0,0,0,0
258.7217,2,0,5,0,0,0,1,116,0,3.0000,-1,13,17,7,0,37,0,0,0,0
258.7459,2,0,5,0,0,0,1,116,0,3.0000,-1,13,17,7,0,37,0,0,0,0
258.7713,2,0,5,0,0,0,1,116,0,3.0000,-1,13,17,7,0,37,0,0,0,0
258.7961,2,0,5,0,0,0,1,116,0,3.0000,-1,13,17,7,0,37,0,0,0,0
258.8227,2,0,5,0,0,0,1,116,0,3.0000,-1,13,17,7,0,37,0,0,0,0
258.8488,2,0,5,0,0,0,1,116,0,3.0000,-1,13,17,7,0,37,0,0,0,0
258.8729,2,0,5,0,0,0,1,116,0,2.0000,-1,13,17,7,0,37,0,0,0,0
258.8962,2,0,5,0,0,0,1,116,0,2.0000,-1,13,17,7,0,37,0,0,0,0
258.9221,2,0,5,0,0,0,0,-1,0,2.0000,116,13,18,7,0,38,0,0,0,0
258.9451,2,0,5,0,0,0,0,-1,0,2.0000,-1,13,18,7,0,38,0,0,0,0
258.971,2,0,5,0,0,0,0,-1,0,2.0000,-1,13,18,7,0,38,0,0,0,0
258.9962,2,0,5,0,0,0,0,-1,0,2.0000,-1,13,18,7,0,38,0,0,0,0
259.021,2,0,5,0,0,0,0,-1,0,2.0000,-1,13,18,7,0,38,0,0,0,0
259.0439,2,0,5,0,0,0,0,-1,1,3.0000,-1,13,18,7,0,38,0,0,0,0
259.0913,2,0,5,0,0,0,0,-1,0,3.0000,-1,13,18,7,0,38,0,0,0,0
259.1058,2,0,5,0,0,0,0,-1,0,3.0000,-1,13,18,7,0,38,0,0,0,0
259.1223,2,0,5,0,0,0,0,-1,0,3.0000,-1,13,18,7,0,38,0,0,0,0
259.1477,2,0,5,0,0,0,0,-1,0,3.0000,-1,13,18,7,0,38,0,0,0,0
259.1712,2,0,5,0,0,0,0,-1,1,4.0000,-1,13,18,7,0,38,0,0,0,0
259.1948,2,0,5,0,0,0,0,-1,0,4.0000,-1,13,18,7,0,38,0,0,0,0
259.219,2,0,5,0,0,0,0,-1,0,4.0000,-1,13,18,7,0,38,0,0,0,0
259.2447,2,0,5,0,0,0,1,117,0,4.0000,-1,13,18,7,0,38,0,0,0,0
259.2688,2,0,5,0,0,0,1,117,0,4.0000,-1,13,18,7,0,38,0,0,0,0
259.2918,2,0,5,0,0,0,1,117,0,4.0000,-1,13,18,7,0,38,0,0,0,0
259.3157,2,0,5,0,0,0,1,117,0,4.0000,-1,13,18,7,0,38,0,0,0,0
259.3399,2,0,5,0,0,0,1,117,0,4.0000,-1,13,18,7,0,38,0,0,0,0
259.3639,2,0,5,0,0,0,1,117,0,4.0000,-1,13,18,7,0,38,0,0,0,0
259.3878,2,0,5,0,0,0,1,117,0,4.0000,-1,13,18,7,0,38,0,0,0,0
259.4123,2,0,5,0,0,0,1,117,0,4.0000,-1,13,18,7,0,38,0,0,0,0
259.4362,2,0,5,0,0,0,1,117,0,4.0000,-1,13,18,7,0,38,0,0,0,0
259.4607,2,0,5,0,0,0,1,117,0,4.0000,-1,13,18,7,0,38,0,0,0,0
259.5064,2,0,5,0,0,0,1,117,0,3.0000,-1,13,18,7,0,38,0,0,0,0
259.5177,2,0,5,0,0,0,1,117,1,4.0000,-1,13,18,7,0,38,0,0,0,0
259.5347,2,0,5,0,0,0,1,117,0,4.0000,-1,13,18,7,0,38,0,0,0,0
259.5595,2,0,5,0,0,0,1,117,0,4.0000,-1,13,18,7,0,38,0,0,0,0
259.5844,2,0,5,0,0,0,1,117,0,4.0000,-1,13,18,7,0,38,0,0,0,0
259.6083,2,0,5,0,0,0,1,117,0,4.0000,-1,13,18,7,0,38,0,0,0,0
259.6324,2,0,5,0,0,0,1,117,0,3.0000,-1,13,18,7,0,38,0,0,0,0
259.6567,2,0,5,0,0,0,1,117,0,3.0000,-1,13,18,7,0,38,0,0,0,0
259.6812,2,0,5,0,0,0,1,120,0,3.0000,117,13,19,7,0,39,0,0,0,0
259.7062,2,0,5,0,0,0,1,120,0,3.0000,-1,13,19,7,0,39,0,0,0,0
259.7311,2,0,5,0,0,0,1,120,0,3.0000,-1,13,19,7,0,39,0,0,0,0
259.7549,2,0,5,0,0,0,1,120,0,3.0000,-1,13,19,7,0,39,0,0,0,0
259.7798,2,0,5,0,0,0,1,120,0,3.0000,-1,13,19,7,0,39,0,0,0,0
259.8043,2,0,5,0,0,0,1,120,0,3.0000,-1,13,19,7,0,39,0,0,0,0
259.8289,2,0,5,0,0,0,1,120,1,4.0000,-1,13,19,7,0,39,0,0,0,0
259.8534,2,0,5,0,0,0,1,120,0,4.0000,-1,13,19,7,0,39,0,0,0,0
259.8777,2,0,5,0,0,0,1,120,0,4.0000,-1,13,19,7,0,39,0,0,0,0
259.9026,2,0,5,0,0,0,1,120,0,4.0000,-1,13,19,7,0,39,0,0,0,0
259.9486,2,0,5,0,0,0,1,120,0,4.0000,-1,13,19,7,0,39,0,0,0,0
259.9608,2,0,5,0,0,0,1,120,0,4.0000,-1,13,19,7,0,39,0,0,0,0
259.9788,2,0,5,0,0,0,1,120,0,4.0000,-1,13,19,7,0,39,0,0,0,0
260.0032,2,0,5,0,0,0,1,120,0,4.0000,-1,13,19,7,0,39,0,0,0,0
260.0282,2,0,5,0,0,0,1,120,0,4.0000,-1,13,19,7,0,39,0,0,0,0
260.0537,2,0,5,0,0,0,1,120,0,3.0000,-1,13,19,7,0,39,0,0,0,0
260.0777,2,0,5,0,0,0,1,120,0,3.0000,-1,13,19,7,0,39,0,0,0,0
260.1024,2,0,5,0,0,0,1,120,0,3.0000,-1,13,19,7,0,39,0,0,0,0
260.1267,2,0,5,0,0,0,1,120,0,3.0000,-1,13,19,7,0,39,0,0,0,0
260.1528,2,0,5,0,0,0,1,120,1,4.0000,-1,13,19,7,0,39,0,0,0,0
260.1768,2,0,5,0,0,0,1,120,0,3.0000,-1,13,19,7,0,39,0,0,0,0
260.2017,2,0,5,0,0,0,1,120,0,3.0000,-1,13,19,7,0,39,0,0,0,0
260.2263,2,0,5,0,0,0,1,120,0,3.0000,-1,13,19,7,0,39,0,0,0,0
260.2516,2,0,5,0,0,0,1,120,0,3.0000,-1,13,19,7,0,39,0,0,0,0
260.277,2,0,5,0,0,0,1,120,0,3.0000,-1,13,19,7,0,39,0,0,0,0
260.301,2,0,5,0,0,0,1,120,0,3.0000,-1,13,19,7,0,39,0,0,0,0
260.3251,2,0,5,0,0,0,1,120,0,3.0000,-1,13,19,7,0,39,0,0,0,0
260.3505,2,0,5,0,0,0,1,120,0,3.0000,-1,13,19,7,0,39,0,0,0,0
260.3753,2,0,5,0,0,0,1,120,0,3.0000,-1,13,19,7,0,39,0,0,0,0
260.3993,2,0,5,0,0,0,1,120,0,3.0000,-1,13,19,7,0,39,0,0,0,0
260.4242,2,0,5,0,0,0,1,120,1,4.0000,-1,13,19,7,0,39,0,0,0,0
260.4486,2,0,5,0,0,0,1,120,1,5.0000,-1,13,19,7,0,39,0,0,0,0
260.4735,2,0,5,0,0,0,1,120,0,5.0000,-1,13,19,7,0,39,0,0,0,0
260.4979,2,0,5,0,0,0,0,-1,0,5.0000,-1,13,19,7,0,39,0,0,0,0
260.5219,2,0,5,1,0,0,0,-1,0,4.0000,-1,13,19,7,0,39,0,0,0,0
260.5467,2,0,5,1,0,0,0,-1,0,4.0000,-1,13,19,7,0,39,0,0,0,0
260.5713,2,0,5,1,0,0,0,-1,0,4.0000,-1,13,19,7,0,39,0,0,0,0
260.618,2,0,5,1,0,0,0,-1,0,4.0000,-1,13,19,7,0,39,0,0,0,0
260.6293,2,0,5,1,0,0,0,-1,0,4.0000,120,13,20,7,0,40,0,0,0,0
260.6478,2,0,5,1,0,0,0,-1,0,4.0000,-1,13,20,7,0,40,0,0,0,0
260.673,2,0,5,1,0,0,0,-1,1,5.0000,-1,13,20,7,0,40,0,0,0,0
260.6978,2,0,5,1,0,0,0,-1,0,5.0000,-1,13,20,7,0,40,0,0,0,0
260.7227,2,0,5,1,0,0,0,-1,0,5.0000,-1,13,20,7,0,40,0,0,0,0
260.7479,2,0,5,1,0,0,0,-1,1,6.0000,-1,13,20,7,0,40,0,0,0,0
260.7737,2,0,5,1,0,0,0,-1,0,6.0000,-1,13,20,7,0,40,0,0,0,0
260.8204,2,0,5,0,0,0,0,-1,0,6.0000,-1,13,20,7,0,40,0,0,0,0
260.8324,2,0,5,0,0,0,0,-1,0,5.0000,-1,13,20,7,0,40,0,0,0,0
260.851,2,0,5,0,0,0,0,-1,0,5.0000,-1,13,20,7,0,40,0,0,0,0
260.8764,2,0,5,0,0,0,0,-1,0,5.0000,-1,13,20,7,0,40,0,0,0,0
260.9023,2,0,5,0,0,0,0,-1,0,5.0000,-1,13,20,7,0,40,0,0,0,0
260.9273,2,0,5,0,0,0,0,-1,1,6.0000,-1,13,20,7,0,40,0,0,0,0
260.9524,2,0,5,0,0,0,0,-1,0,6.0000,-1,13,20,7,0,40,0,0,0,0
260.9772,2,0,5,0,0,0,0,-1,0,6.0000,-1,13,20,7,0,40,0,0,0,0
261.0243,2,0,5,0,0,0,0,-1,0,6.0000,-1,13,20,7,0,40,0,0,0,0
261.0363,2,0,5,0,0,0,0,-1,0,6.0000,-1,13,20,7,0,40,0,0,0,0
261.0544,2,0,5,0,0,0,0,-1,0,6.0000,-1,13,20,7,0,40,0,0,0,0
261.08,2,0,5,0,0,0,0,-1,0,6.0000,-1,13,20,7,0,40,0,0,0,0
261.1052,2,0,5,0,0,0,0,-1,0,6.0000,-1,13,20,7,0,40,0,0,0,0
261.1304,2,0,5,0,0,0,0,-1,0,6.0000,-1,13,20,7,0,40,0,0,0,0
261.1559,2,0,5,0,0,0,0,-1,1,6.0000,-1,13,20,7,0,40,0,0,0,0
261.1806,2,0,5,0,0,0,0,-1,0,6.0000,-1,13,20,7,0,40,0,0,0,0
261.2268,2,0,5,0,0,0,0,-1,0,6.0000,-1,13,20,7,0,40,0,0,0,0
261.2389,2,0,5,0,0,0,0,-1,0,6.0000,-1,13,20,7,0,40,0,0,0,0
261.2561,2,0,5,0,1,0,0,-1,0,6.0000,-1,13,20,7,0,40,0,0,0,0
261.2802,2,0,5,0,1,0,0,-1,0,6.0000,-1,13,20,7,0,40,0,0,0,0
261.3049,2,0,5,0,1,0,0,-1,0,6.0000,-1,13,20,7,0,40,0,0,0,0
261.3288,2,0,5,0,1,0,0,-1,0,6.0000,-1,13,20,7,0,40,0,0,0,0
261.3526,2,0,5,0,1,0,0,-1,0,6.0000,-1,13,20,7,0,40,0,0,0,0
261.3759,2,0,5,0,1,0,0,-1,0,6.0000,-1,13,20,7,0,40,0,0,0,0
261.4003,2,0,5,0,1,0,0,-1,0,6.0000,-1,13,20,7,0,40,0,0,0,0
261.424,2,0,5,0,1,0,0,-1,0,6.0000,-1,13,20,7,0,40,0,0,0,0
261.4471,2,0,5,0,1,0,0,-1,0,5.0000,-1,13,20,7,0,40,0,0,0,0
261.4693,2,0,5,0,1,0,0,-1,0,4.0000,-1,13,20,7,0,40,0,0,0,0
261.4918,2,0,5,0,1,0,0,-1,1,5.0000,-1,13,20,7,0,40,0,0,0,0
261.5143,2,0,5,0,1,0,0,-1,0,5.0000,-1,13,20,7,0,40,0,0,0,0
261.5373,2,0,5,0,1,0,0,-1,0,5.0000,-1,13,20,7,0,40,0,0,0,0
261.5584,2,0,5,0,1,0,0,-1,0,5.0000,-1,13,20,7,0,40,0,0,0,0
261.5798,2,0,5,0,1,0,0,-1,0,5.0000,-1,13,20,7,0,40,0,0,0,0
261.6014,2,0,5,0,1,0,0,-1,0,5.0000,-1,13,20,7,0,40,0,0,0,0
261.6234,2,0,5,0,1,0,0,-1,0,5.0000,122,13,21,7,0,41,0,0,0,0
261.6426,2,0,5,0,1,0,0,-1,0,5.0000,-1,13,21,7,0,41,0,0,0,0
261.6641,2,0,5,0,1,0,0,-1,0,5.0000,-1,13,21,7,0,41,0,0,0,0
261.6847,2,0,5,0,1,0,0,-1,0,4.0000,-1,13,21,7,0,41,0,0,0,0
261.7062,2,0,5,0,1,0,0,-1,0,4.0000,-1,13,21,7,0,41,0,0,0,0
261.7292,2,0,5,0,1,0,0,-1,0,4.0000,-1,13,21,7,0,41,0,0,0,0
261.7486,2,0,5,0,1,0,0,-1,0,3.0000,-1,13,21,7,0,41,0,0,0,0
261.7704,2,0,5,0,1,0,0,-1,0,3.0000,-1,13,21,7,0,41,0,0,0,0
261.7887,2,0,5,0,1,0,0,-1,0,3.0000,-1,13,21,7,0,41,0,0,0,0
261.8092,2,0,5,0,1,0,0,-1,0,3.0000,-1,13,21,7,0,41,0,0,0,0
261.8515,2,0,5,0,1,0,0,-1,0,3.0000,-1,13,21,7,0,41,0,0,0,0
261.865,2,0,5,0,1,0,0,-1,0,3.0000,-1,13,21,7,0,41,0,0,0,0
261.8787,2,0,5,0,1,0,0,-1,0,3.0000,-1,13,21,7,0,41,0,0,0,0
261.8972,2,0,5,0,1,0,0,-1,0,3.0000,-1,13,21,7,0,41,0,0,0,0
261.919,2,0,5,0,1,0,0,-1,0,3.0000,-1,13,21,7,0,41,0,0,0,0
261.9398,2,0,5,0,1,0,0,-1,0,2.0000,-1,13,21,7,0,41,0,0,0,0
261.9609,2,0,5,0,1,0,0,-1,0,2.0000,-1,13,21,7,0,41,0,0,0,0
261.98,2,0,5,0,1,0,0,-1,0,2.0000,-1,13,21,7,0,41,0,0,0,0
261.9986,2,0,5,0,1,0,0,-1,0,2.0000,-1,13,21,7,0,41,0,0,0,0
262.0198,2,0,5,0,1,0,0,-1,0,2.0000,-1,13,21,7,0,41,0,0,0,0
262.0429,2,0,5,0,1,0,0,-1,0,2.0000,-1,13,21,7,0,41,0,0,0,0
262.0627,2,0,5,0,1,0,0,-1,0,2.0000,-1,13,21,7,0,41,0,0,0,0
262.0827,2,0,5,0,1,0,0,-1,0,2.0000,-1,13,21,7,0,41,0,0,0,0
262.1036,2,0,5,0,1,0,0,-1,0,2.0000,-1,13,21,7,0,41,0,0,0,0
262.1223,2,0,5,0,1,0,0,-1,0,2.0000,-1,13,21,7,0,41,0,0,0,0
262.1432,2,0,5,0,1,0,0,-1,0,2.0000,-1,13,21,7,0,41,0,0,0,0
262.1652,2,0,5,0,1,0,0,-1,0,1.0000,-1,13,21,7,0,41,0,0,0,0
262.1849,2,0,5,0,1,0,0,-1,0,1.0000,-1,13,21,7,0,41,0,0,0,0
262.2076,2,0,5,0,1,0,0,-1,0,1.0000,-1,13,21,7,0,41,0,0,0,0
262.2264,2,0,5,0,1,0,0,-1,0,1.0000,-1,13,21,7,0,41,0,0,0,0
262.2666,2,0,5,0,1,0,0,-1,1,2.0000,-1,13,21,7,0,41,0,0,0,0
262.2811,2,0,5,0,1,0,0,-1,0,2.0000,-1,13,21,7,0,41,0,0,0,0
262.2965,2,0,5,0,1,0,0,-1,0,2.0000,-1,13,21,7,0,41,0,0,0,0
262.3159,2,0,5,0,1,0,0,-1,0,2.0000,-1,13,21,7,0,41,0,0,0,0
262.3353,2,0,5,0,1,0,0,-1,0,2.0000,-1,13,21,7,0,41,0,0,0,0
262.3561,2,0,5,0,1,0,0,-1,0,2.0000,-1,13,21,7,0,41,0,0,0,0
262.3783,2,0,5,0,1,0,0,-1,0,2.0000,-1,13,21,7,0,41,0,0,0,0
262.3987,2,0,5,0,1,0,0,-1,0,2.0000,-1,13,21,7,0,41,0,0,0,0
262.4209,2,0,5,0,1,0,0,-1,1,3.0000,-1,13,21,7,0,41,0,0,0,0
262.4424,2,0,5,0,1,0,0,-1,0,3.0000,-1,13,21,7,0,41,0,0,0,0
262.4622,2,0,5,0,1,0,0,-1,0,3.0000,-1,13,21,7,0,41,0,0,0,0
262.4839,2,0,5,0,1,0,0,-1,0,3.0000,-1,13,21,7,0,41,0,0,0,0
262.5016,2,0,5,0,0,0,0,-1,0,2.0000,-1,13,21,7,0,41,0,0,0,0
262.5203,2,0,5,0,0,0,1,125,0,2.0000,-1,13,21,7,0,41,0,0,0,0
262.5415,2,0,5,0,0,0,1,125,0,2.0000,-1,13,21,7,0,41,0,0,0,0
262.5632,2,0,5,0,0,0,1,125,0,2.0000,-1,13,21,7,0,41,0,0,0,0
262.5831,2,0,5,0,0,0,1,125,0,2.0000,-1,13,21,7,0,41,0,0,0,0
262.6025,2,0,5,0,0,0,1,125,1,3.0000,-1,13,21,7,0,41,0,0,0,0
262.6225,2,0,5,0,0,0,1,125,0,3.0000,-1,13,21,7,0,41,0,0,0,0
262.6424,2,0,5,0,0,0,1,125,0,3.0000,-1,13,21,7,0,41,0,0,0,0
262.666,2,0,5,0,0,0,1,125,0,3.0000,-1,13,21,7,0,41,0,0,0,0
262.7049,2,0,5,0,0,0,1,125,0,3.0000,-1,13,21,7,0,41,0,0,0,0
262.7204,2,0,5,0,0,0,1,125,0,3.0000,-1,13,21,7,0,41,0,0,0,0
262.7337,2,0,5,0,0,0,1,125,0,3.0000,-1,13,21,7,0,41,0,0,0,0
262.7513,2,0,5,0,0,0,1,125,0,3.0000,-1,13,21,7,0,41,0,0,0,0
262.7751,2,0,5,0,0,0,1,125,0,3.0000,-1,13,21,7,0,41,0,0,0,0
262.7968,2,0,5,0,0,0,1,125,0,3.0000,-1,13,21,7,0,41,0,0,0,0
262.817,2,0,5,0,0,0,1,125,0,3.0000,-1,13,21,7,0,41,0,0,0,0
262.8388,2,0,5,0,0,0,1,125,0,3.0000,-1,13,21,7,0,41,0,0,0,0
262.8577,2,0,5,0,0,0,1,125,0,3.0000,-1,13,21,7,0,41,0,0,0,0
262.8768,2,0,5,0,0,0,1,125,0,3.0000,-1,13,21,7,0,41,0,0,0,0
262.9184,2,0,5,0,0,0,1,125,0,3.0000,-1,13,21,7,0,41,0,0,0,0
262.9324,2,0,5,0,0,0,1,125,0,3.0000,-1,13,21,7,0,41,0,0,0,0
262.9462,2,0,5,0,0,0,1,125,0,3.0000,-1,13,21,7,0,41,0,0,0,0
262.9637,2,0,5,0,0,0,1,125,0,3.0000,-1,13,21,7,0,41,0,0,0,0
262.9866,2,0,5,0,0,0,1,125,1,4.0000,-1,13,21,7,0,41,0,0,0,0
263.008,2,0,5,0,0,0,1,125,0,4.0000,-1,13,21,7,0,41,0,0,0,0
263.0276,2,0,5,0,0,0,1,125,0,4.0000,-1,13,21,7,0,41,0,0,0,0
263.0469,2,0,5,0,0,0,1,123,0,4.0000,125,13,22,7,0,42,0,0,0,0
263.0688,2,0,5,0,0,0,1,123,0,4.0000,-1,13,22,7,0,42,0,0,0,0
263.0888,2,0,5,0,0,0,1,123,0,4.0000,-1,13,22,7,0,42,0,0,0,0
263.1295,2,0,5,0,0,0,1,123,0,4.0000,-1,13,22,7,0,42,0,0,0,0
263.1428,2,0,5,0,0,0,1,123,0,4.0000,-1,13,22,7,0,42,0,0,0,0
263.1559,2,0,5,0,0,0,1,123,0,4.0000,-1,13,22,7,0,42,0,0,0,0
263.1771,2,0,5,0,0,0,1,123,1,5.0000,-1,13,22,7,0,42,0,0,0,0
263.1978,2,0,5,0,0,0,1,123,0,5.0000,-1,13,22,7,0,42,0,0,0,0
263.2195,2,0,5,0,0,0,1,123,0,5.0000,-1,13,22,7,0,42,0,0,0,0
263.2412,2,0,5,0,0,0,1,123,0,5.0000,-1,13,22,7,0,42,0,0,0,0
263.2623,2,0,5,0,0,0,1,123,0,5.0000,-1,13,22,7,0,42,0,0,0,0
263.2841,2,0,5,0,0,0,1,123,0,4.0000,-1,13,22,7,0,42,0,0,0,0
263.3055,2,0,5,0,0,0,1,123,0,4.0000,-1,13,22,7,0,42,0,0,0,0
263.3449,2,0,5,0,0,0,1,123,0,4.0000,-1,13,22,7,0,42,0,0,0,0
263.3575,2,0,5,0,0,0,1,123,0,4.0000,-1,13,22,7,0,42,0,0,0,0
263.3707,2,0,5,0,0,0,1,123,0,4.0000,-1,13,22,7,0,42,0,0,0,0
263.3926,2,0,5,0,0,0,1,123,0,4.0000,-1,13,22,7,0,42,0,0,0,0
263.4134,2,0,5,0,0,0,1,123,0,4.0000,-1,13,22,7,0,42,0,0,0,0
263.435,2,0,5,0,0,0,1,123,0,3.0000,-1,13,22,7,0,42,0,0,0,0
263.4561,2,0,5,0,0,0,1,123,0,3.0000,-1,13,22,7,0,42,0,0,0,0
263.477,2,0,5,0,0,0,1,123,0,3.0000,-1,13,22,7,0,42,0,0,0,0
263.4987,2,0,5,0,0,0,0,-1,0,3.0000,123,13,23,7,0,43,0,0,0,0
263.5197,2,0,5,0,0,0,0,-1,0,3.0000,-1,13,23,7,0,43,0,0,0,0
263.5592,2,0,5,0,0,0,0,-1,0,3.0000,-1,13,23,7,0,43,0,0,0,0
263.5719,2,0,5,0,0,0,0,-1,0,3.0000,-1,13,23,7,0,43,0,0,0,0
263.5859,2,0,5,0,0,0,0,-1,0,3.0000,-1,13,23,7,0,43,0,0,0,0
263.6079,2,0,5,0,0,0,0,-1,0,2.0000,-1,13,23,7,0,43,0,0,0,0
263.6292,2,0,5,0,0,0,0,-1,0,2.0000,-1,13,23,7,0,43,0,0,0,0
263.6505,2,0,5,0,0,0,0,-1,0,2.0000,-1,13,23,7,0,43,0,0,0,0
263.6722,2,0,5,0,0,0,0,-1,0,2.0000,-1,13,23,7,0,43,0,0,0,0
263.6937,2,0,5,0,0,0,0,-1,0,2.0000,-1,13,23,7,0,43,0,0,0,0
263.7148,2,0,5,0,0,0,0,-1,0,2.0000,-1,13,23,7,0,43,0,0,0,0
263.7375,2,0,5,0,0,0,0,-1,1,3.0000,-1,13,23,7,0,43,0,0,0,0
263.7775,2,0,5,0,0,0,0,-1,0,3.0000,-1,13,23,7,0,43,0,0,0,0
263.7914,2,0,5,0,0,0,0,-1,1,4.0000,-1,13,23,7,0,43,0,0,0,0
263.8061,2,0,5,0,0,0,0,-1,0,4.0000,-1,13,23,7,0,43,0,0,0,0
263.8274,2,0,5,0,0,0,0,-1,0,4.0000,-1,13,23,7,0,43,0,0,0,0
263.8498,2,0,5,0,0,0,0,-1,0,4.0000,-1,13,23,7,0,43,0,0,0,0
263.8701,2,0,5,0,0,0,0,-1,0,4.0000,-1,13,23,7,0,43,0,0,0,0
263.8911,2,0,5,0,0,0,0,-1,0,4.0000,-1,13,23,7,0,43,0,0,0,0
263.9142,2,0,5,0,0,0,0,-1,0,4.0000,-1,13,23,7,0,43,0,0,0,0
263.9324,2,0,5,0,0,0,0,-1,0,4.0000,-1,13,23,7,0,43,0,0,0,0
263.956,2,0,5,0,0,0,0,-1,0,4.0000,-1,13,23,7,0,43,0,0,0,0
263.976,2,0,5,0,0,0,0,-1,0,4.0000,-1,13,23,7,0,43,0,0,0,0
263.9954,2,0,5,0,0,0,0,-1,0,3.0000,-1,13,23,7,0,43,0,0,0,0
264.0167,2,0,5,0,0,0,0,-1,0,3.0000,-1,13,23,7,0,43,0,0,0,0
264.0384,2,0,5,0,0,0,0,-1,1,4.0000,-1,13,23,7,0,43,0,0,0,0
264.0602,2,0,5,0,0,0,0,-1,0,4.0000,-1,13,23,7,0,43,0,0,0,0
264.0797,2,0,5,0,0,0,0,-1,0,4.0000,-1,13,23,7,0,43,0,0,0,0
264.1006,2,0,5,0,0,0,0,-1,0,4.0000,-1,13,23,7,0,43,0,0,0,0
264.1201,2,0,5,0,0,0,0,-1,0,4.0000,-1,13,23,7,0,43,0,0,0,0
264.1434,2,0,5,0,0,0,1,126,0,4.0000,-1,13,23,7,0,43,0,0,0,0
264.164,2,0,5,0,0,0,1,126,0,4.0000,-1,13,23,7,0,43,0,0,0,0
264.1849,2,0,5,0,0,0,1,126,1,4.0000,-1,13,23,7,0,43,0,0,0,0
264.206,2,0,5,0,0,0,1,126,0,4.0000,-1,13,23,7,0,43,0,0,0,0
264.2252,2,0,5,0,0,0,1,126,0,4.0000,-1,13,23,7,0,43,0,0,0,0
264.2478,2,0,5,0,0,0,1,126,0,4.0000,-1,13,23,7,0,43,0,0,0,0
264.2687,2,0,5,0,0,0,1,126,1,5.0000,-1,13,23,7,0,43,0,0,0,0
264.2905,2,0,5,0,0,0,1,126,0,5.0000,-1,13,23,7,0,43,0,0,0,0
264.3128,2,0,5,0,0,0,1,126,0,5.0000,-1,13,23,7,0,43,0,0,0,0
264.3322,2,0,5,0,0,0,1,126,0,5.0000,-1,13,23,7,0,43,0,0,0,0
264.3549,2,0,5,0,0,0,1,126,0,5.0000,-1,13,23,7,0,43,0,0,0,0
264.3774,2,0,5,0,0,0,1,126,0,5.0000,-1,13,23,7,0,43,0,0,0,0
264.3977,2,0,5,0,0,0,1,127,0,5.0000,126,13,24,7,0,44,0,0,0,0
264.419,2,0,5,0,0,0,1,127,0,5.0000,-1,13,24,7,0,44,0,0,0,0
264.4407,2,0,5,0,0,0,1,127,0,5.0000,-1,13,24,7,0,44,0,0,0,0
264.4612,2,0,5,0,0,0,1,127,0,5.0000,-1,13,24,7,0,44,0,0,0,0
264.4832,2,0,5,0,0,0,1,127,0,5.0000,-1,13,24,7,0,44,0,0,0,0
264.504,2,0,5,0,0,0,1,127,0,5.0000,-1,13,24,7,0,44,0,0,0,0
264.5261,2,0,5,0,0,0,1,127,0,5.0000,-1,13,24,7,0,44,0,0,0,0
264.547,2,0,5,0,0,0,1,127,0,5.0000,-1,13,24,7,0,44,0,0,0,0
264.5681,2,0,5,0,0,0,1,127,0,5.0000,-1,13,24,7,0,44,0,0,0,0
264.5886,2,0,5,0,0,0,1,127,0,5.0000,-1,13,24,7,0,44,0,0,0,0
264.6307,2,0,5,0,0,0,1,127,0,5.0000,-1,13,24,7,0,44,0,0,0,0
264.6511,2,0,5,0,0,0,1,127,0,5.0000,-1,13,24,7,0,44,0,0,0,0
264.6662,2,0,5,0,0,0,1,127,0,5.0000,-1,13,24,7,0,44,0,0,0,0
264.6806,2,0,5,0,0,0,1,127,0,5.0000,-1,13,24,7,0,44,0,0,0,0
264.7033,2,0,5,0,0,0,1,127,0,5.0000,-1,13,24,7,0,44,0,0,0,0
264.7268,2,0,5,0,0,0,1,127,0,5.0000,-1,13,24,7,0,44,0,0,0,0
264.7484,2,0,5,0,0,0,1,127,1,5.0000,-1,13,24,7,0,44,0,0,0,0
264.7689,2,0,5,0,0,0,1,127,0,5.0000,-1,13,24,7,0,44,0,0,0,0
264.7907,2,0,5,0,0,0,1,127,0,5.0000,-1,13,24,7,0,44,0,0,0,0
264.8336,2,0,5,0,0,0,1,127,0,4.0000,-1,13,24,7,0,44,0,0,0,0
264.8469,1,1,6,0,0,0,0,-1,0,4.0000,127,14,24,7,0,45,0,0,0,0
264.862,1,0,6,0,0,0,0,-1,0,4.0000,-1,14,24,7,0,45,0,0,0,0
264.8803,1,0,6,0,0,0,0,-1,0,4.0000,-1,14,24,7,0,45,0,0,0,0
264.9038,1,0,6,0,0,0,0,-1,0,4.0000,-1,14,24,7,0,45,0,0,0,0
264.9266,1,0,6,0,0,0,0,-1,0,4.0000,-1,14,24,7,0,45,0,0,0,0
264.9472,1,0,6,0,0,0,0,-1,0,4.0000,-1,14,24,7,0,45,0,0,0,0
264.9685,1,0,6,0,0,0,0,-1,0,4.0000,-1,14,24,7,0,45,0,0,0,0
264.9925,1,0,6,0,0,0,0,-1,0,4.0000,-1,14,24,7,0,45,0,0,0,0
265.0333,1,0,6,0,0,0,0,-1,0,4.0000,-1,14,24,7,0,45,0,0,0,0
265.0494,1,0,6,0,0,0,0,-1,0,3.0000,-1,14,24,7,0,45,0,0,0,0
265.0628,1,0,6,0,0,0,0,-1,0,3.0000,-1,14,24,7,0,45,0,0,0,0
265.0802,1,0,6,0,0,0,0,-1,0,3.0000,-1,14,24,7,0,45,0,0,0,0
265.102,1,0,6,0,0,0,0,-1,0,3.0000,-1,14,24,7,0,45,0,0,0,0
265.1233,1,0,6,0,0,0,0,-1,0,3.0000,-1,14,24,7,0,45,0,0,0,0
265.1479,1,0,6,0,0,0,0,-1,0,3.0000,-1,14,24,7,0,45,0,0,0,0
265.168,1,0,6,0,0,0,0,-1,0,3.0000,-1,14,24,7,0,45,0,0,0,0
265.1901,1,0,6,0,0,0,0,-1,0,2.0000,-1,14,24,7,0,45,0,0,0,0
265.2108,1,0,6,0,0,0,0,-1,0,2.0000,-1,14,24,7,0,45,0,0,0,0
265.2509,1,0,6,0,0,0,0,-1,0,2.0000,-1,14,24,7,0,45,0,0,0,0
265.2646,1,0,6,0,0,0,0,-1,1,3.0000,-1,14,24,7,0,45,0,0,0,0
265.2783,1,0,6,0,0,0,0,-1,0,2.0000,-1,14,24,7,0,45,0,0,0,0
265.2988,1,0,6,0,0,0,0,-1,0,2.0000,-1,14,24,7,0,45,0,0,0,0
265.3205,1,0,6,0,0,0,0,-1,0,2.0000,-1,14,24,7,0,45,0,0,0,0
265.3412,1,0,6,0,0,0,0,-1,0,2.0000,-1,14,24,7,0,45,0,0,0,0
265.3629,1,0,6,0,0,0,0,-1,0,2.0000,-1,14,24,7,0,45,0,0,0,0
265.3845,1,0,6,0,0,0,0,-1,0,2.0000,-1,14,24,7,0,45,0,0,0,0
265.4055,1,0,6,0,0,0,1,128,0,2.0000,-1,14,24,7,0,45,0,0,0,0
265.4261,1,0,6,0,0,0,1,128,0,2.0000,-1,14,24,7,0,45,0,0,0,0
265.4484,1,0,6,0,0,0,1,128,0,2.0000,-1,14,24,7,0,45,0,0,0,0
265.4727,1,0,6,0,0,0,1,128,0,2.0000,-1,14,24,7,0,45,0,0,0,0
265.4923,1,0,6,0,0,0,1,128,0,2.0000,-1,14,24,7,0,45,0,0,0,0
265.5117,1,0,6,0,0,0,1,128,0,2.0000,-1,14,24,7,0,45,0,0,0,0
265.5327,1,0,6,0,0,0,0,-1,1,3.0000,128,15,24,7,0,46,0,0,0,0
265.5544,1,0,6,0,0,0,0,-1,0,3.0000,-1,15,24,7,0,46,0,0,0,0
265.5755,1,0,6,0,0,0,0,-1,0,3.0000,-1,15,24,7,0,46,0,0,0,0
265.5979,1,0,6,0,0,0,1,129,0,3.0000,-1,15,24,7,0,46,0,0,0,0
265.6197,1,0,6,0,0,0,1,129,0,3.0000,-1,15,24,7,0,46,0,0,0,0
265.6404,1,0,6,0,0,0,1,129,0,3.0000,-1,15,24,7,0,46,0,0,0,0
265.679,1,0,6,0,0,0,1,129,0,3.0000,-1,15,24,7,0,46,0,0,0,0
265.6924,1,0,6,0,0,0,1,129,0,3.0000,-1,15,24,7,0,46,0,0,0,0
265.7063,1,0,6,0,0,0,1,129,0,3.0000,-1,15,24,7,0,46,0,0,0,0
265.7276,1,0,6,0,0,0,1,129,0,3.0000,-1,15,24,7,0,46,0,0,0,0
265.7511,1,0,6,0,0,0,1,129,0,2.0000,-1,15,24,7,0,46,0,0,0,0
265.7724,1,0,6,0,0,0,1,129,0,2.0000,-1,15,24,7,0,46,0,0,0,0
265.7939,1,0,6,0,0,0,1,129,0,2.0000,-1,15,24,7,0,46,0,0,0,0
265.8155,1,0,6,0,0,0,1,129,0,2.0000,-1,15,24,7,0,46,0,0,0,0
265.8356,1,0,6,0,0,0,1,129,0,2.0000,-1,15,24,7,0,46,0,0,0,0
265.8579,1,0,6,0,0,0,1,129,1,3.0000,-1,15,24,7,0,46,0,0,0,0
265.899,1,0,6,0,0,0,1,129,0,3.0000,-1,15,24,7,0,46,0,0,0,0
265.9132,1,0,6,0,0,0,1,129,0,3.0000,-1,15,24,7,0,46,0,0,0,0
265.9262,1,0,6,0,0,0,1,129,0,3.0000,-1,15,24,7,0,46,0,0,0,0
265.9453,1,0,6,0,0,0,1,129,0,3.0000,-1,15,24,7,0,46,0,0,0,0
265.9674,1,0,6,0,0,0,1,129,0,3.0000,-1,15,24,7,0,46,0,0,0,0
265.9881,1,0,6,0,0,0,1,129,0,3.0000,-1,15,24,7,0,46,0,0,0,0
266.0092,1,0,6,0,0,0,1,129,0,3.0000,-1,15,24,7,0,46,0,0,0,0
266.0306,1,0,6,0,0,0,1,129,0,3.0000,-1,15,24,7,0,46,0,0,0,0
266.0527,1,0,6,0,0,0,1,129,1,4.0000,-1,15,24,7,0,46,0,0,0,0
266.0739,1,0,6,0,0,0,0,-1,0,4.0000,-1,15,24,7,0,46,0,0,0,0
266.0947,1,0,6,0,0,0,0,-1,0,4.0000,-1,15,24,7,0,46,0,0,0,0
266.1151,1,0,6,0,0,0,0,-1,0,4.0000,-1,15,24,7,0,46,0,0,0,0
266.1361,1,0,6,0,0,0,0,-1,0,4.0000,-1,15,24,7,0,46,0,0,0,0
266.1567,1,0,6,0,0,0,0,-1,0,4.0000,-1,15,24,7,0,46,0,0,0,0
266.1774,1,0,6,0,0,0,0,-1,0,4.0000,-1,15,24,7,0,46,0,0,0,0
266.2006,1,0,6,0,0,0,0,-1,0,4.0000,-1,15,24,7,0,46,0,0,0,0
266.2214,1,0,6,0,0,0,0,-1,0,4.0000,-1,15,24,7,0,46,0,0,0,0
266.2419,1,0,6,0,0,0,0,-1,0,4.0000,-1,15,24,7,0,46,0,0,0,0
266.2643,1,0,6,0,0,0,0,-1,0,4.0000,-1,15,24,7,0,46,0,0,0,0
266.2854,1,0,6,0,0,0,0,-1,0,3.0000,-1,15,24,7,0,46,0,0,0,0
266.3052,1,0,6,0,0,0,0,-1,0,3.0000,-1,15,24,7,0,46,0,0,0,0
266.3248,1,0,6,0,0,0,0,-1,0,3.0000,-1,15,24,7,0,46,0,0,0,0
266.3467,1,0,6,0,0,0,0,-1,0,3.0000,-1,15,24,7,0,46,0,0,0,0
266.3663,1,0,6,0,0,0,0,-1,1,4.0000,-1,15,24,7,0,46,0,0,0,0
266.3885,1,0,6,0,0,0,0,-1,0,4.0000,-1,15,24,7,0,46,0,0,0,0
266.4099,1,0,6,0,0,0,0,-1,0,4.0000,-1,15,24,7,0,46,0,0,0,0
266.4341,1,0,6,0,0,0,0,-1,0,4.0000,-1,15,24,7,0,46,0,0,0,0
266.4531,1,0,6,0,0,0,0,-1,0,4.0000,-1,15,24,7,0,46,0,0,0,0
266.4745,1,0,6,0,0,0,0,-1,0,4.0000,-1,15,24,7,0,46,0,0,0,0
266.4966,1,0,6,0,0,0,0,-1,0,4.0000,-1,15,24,7,0,46,0,0,0,0
266.5366,1,0,6,0,0,0,0,-1,0,3.0000,-1,15,24,7,0,46,0,0,0,0
266.551,1,0,6,0,0,0,0,-1,1,4.0000,-1,15,24,7,0,46,0,0,0,0
266.567,1,0,6,0,0,0,0,-1,1,5.0000,-1,15,24,7,0,46,0,0,0,0
266.5861,1,0,6,0,0,0,0,-1,0,5.0000,-1,15,24,7,0,46,0,0,0,0
266.6081,1,0,6,0,0,0,0,-1,0,5.0000,-1,15,24,7,0,46,0,0,0,0
266.6291,1,0,6,0,0,0,0,-1,0,5.0000,-1,15,24,7,0,46,0,0,0,0
266.6523,1,0,6,0,0,0,0,-1,0,5.0000,-1,15,24,7,0,46,0,0,0,0
266.6726,1,0,6,0,0,0,0,-1,0,5.0000,-1,15,24,7,0,46,0,0,0,0
266.6912,1,0,6,0,0,0,0,-1,0,5.0000,-1,15,24,7,0,46,0,0,0,0
266.7134,1,0,6,0,0,0,0,-1,0,5.0000,-1,15,24,7,0,46,0,0,0,0
266.7338,1,0,6,0,0,0,0,-1,0,5.0000,-1,15,24,7,0,46,0,0,0,0
266.755,1,0,6,0,0,0,0,-1,0,5.0000,-1,15,24,7,0,46,0,0,0,0
266.7766,1,0,6,0,0,0,0,-1,0,5.0000,-1,15,24,7,0,46,0,0,0,0
266.7976,1,0,6,0,0,0,0,-1,0,5.0000,-1,15,24,7,0,46,0,0,0,0
266.8171,1,0,6,0,0,0,0,-1,1,6.0000,-1,15,24,7,0,46,0,0,0,0
266.8395,1,0,6,0,0,0,0,-1,0,6.0000,-1,15,24,7,0,46,0,0,0,0
266.8585,1,0,6,0,0,0,0,-1,0,5.0000,-1,15,24,7,0,46,0,0,0,0
266.8803,1,0,6,0,0,0,0,-1,0,5.0000,-1,15,24,7,0,46,0,0,0,0
266.8996,1,0,6,0,0,0,0,-1,0,5.0000,-1,15,24,7,0,46,0,0,0,0
266.9205,1,0,6,0,0,0,0,-1,0,5.0000,-1,15,24,7,0,46,0,0,0,0
266.9421,1,0,6,0,0,0,0,-1,0,5.0000,-1,15,24,7,0,46,0,0,0,0
266.9644,1,0,6,0,0,0,0,-1,0,5.0000,-1,15,24,7,0,46,0,0,0,0
266.9843,1,0,6,0,0,0,0,-1,0,5.0000,-1,15,24,7,0,46,0,0,0,0
267.0045,1,0,6,0,0,0,0,-1,1,6.0000,-1,15,24,7,0,46,0,0,0,0
267.0255,1,0,6,0,0,0,0,-1,0,6.0000,-1,15,24,7,0,46,0,0,0,0
267.0471,1,0,6,0,0,0,0,-1,0,6.0000,-1,15,24,7,0,46,0,0,0,0
267.0662,1,0,6,0,0,0,0,-1,0,5.0000,-1,15,24,7,0,46,0,0,0,0
267.0872,1,0,6,0,0,0,0,-1,0,5.0000,-1,15,24,7,0,46,0,0,0,0
267.1076,1,0,6,0,0,0,0,-1,0,5.0000,-1,15,24,7,0,46,0,0,0,0
267.1287,1,0,6,0,0,0,0,-1,0,5.0000,-1,15,24,7,0,46,0,0,0,0
267.1506,1,0,6,0,0,0,0,-1,0,5.0000,-1,15,24,7,0,46,0,0,0,0
267.1685,1,0,6,0,0,0,0,-1,0,5.0000,-1,15,24,7,0,46,0,0,0,0
267.1895,1,0,6,0,0,0,0,-1,0,5.0000,-1,15,24,7,0,46,0,0,0,0
267.2104,1,0,6,0,0,0,0,-1,0,5.0000,-1,15,24,7,0,46,0,0,0,0
267.2319,1,0,6,0,0,0,0,-1,0,5.0000,-1,15,24,7,0,46,0,0,0,0
267.2527,1,0,6,0,0,0,0,-1,0,5.0000,-1,15,24,7,0,46,0,0,0,0
267.2727,1,0,6,0,0,0,0,-1,1,6.0000,-1,15,24,7,0,46,0,0,0,0
267.293,1,0,6,0,0,0,0,-1,0,6.0000,-1,15,24,7,0,46,0,0,0,0
267.314,1,0,6,0,0,0,0,-1,0,6.0000,-1,15,24,7,0,46,0,0,0,0
267.3343,1,0,6,0,0,0,0,-1,0,6.0000,-1,15,24,7,0,46,0,0,0,0
267.3548,1,0,6,0,0,0,0,-1,0,6.0000,-1,15,24,7,0,46,0,0,0,0
267.3733,1,0,6,0,0,0,0,-1,0,5.0000,-1,15,24,7,0,46,0,0,0,0
267.3959,1,0,6,0,0,0,1,133,0,5.0000,-1,15,24,7,0,46,0,0,0,0
267.415,1,0,6,0,0,0,1,133,0,5.0000,-1,15,24,7,0,46,0,0,0,0
267.4371,1,0,6,0,0,0,1,133,0,5.0000,-1,15,24,7,0,46,0,0,0,0
267.4564,1,0,6,0,0,0,1,133,0,5.0000,-1,15,24,7,0,46,0,0,0,0
267.4778,1,0,6,0,0,0,1,133,0,5.0000,-1,15,24,7,0,46,0,0,0,0
267.4978,1,0,6,0,0,0,1,133,1,6.0000,-1,15,24,7,0,46,0,0,0,0
267.5193,1,0,6,0,0,0,1,133,0,6.0000,-1,15,24,7,0,46,0,0,0,0
267.5413,1,0,6,0,0,0,1,133,0,6.0000,-1,15,24,7,0,46,0,0,0,0
267.5603,1,0,6,0,0,0,1,133,0,5.0000,-1,15,24,7,0,46,0,0,0,0
267.5808,1,0,6,0,0,0,1,133,0,4.0000,-1,15,24,7,0,46,0,0,0,0
267.6022,1,0,6,0,0,0,1,133,0,4.0000,-1,15,24,7,0,46,0,0,0,0
267.6209,1,0,6,0,0,0,1,133,0,4.0000,-1,15,24,7,0,46,0,0,0,0
267.6423,1,0,6,0,0,0,1,133,0,4.0000,-1,15,24,7,0,46,0,0,0,0
267.6622,1,0,6,0,0,0,1,133,0,4.0000,-1,15,24,7,0,46,0,0,0,0
267.6827,1,0,6,0,0,0,1,133,0,4.0000,-1,15,24,7,0,46,0,0,0,0
267.7028,1,0,6,0,0,0,1,133,0,4.0000,-1,15,24,7,0,46,0,0,0,0
267.7229,1,0,6,0,0,0,1,133,0,4.0000,-1,15,24,7,0,46,0,0,0,0
267.7439,1,0,6,0,0,0,1,133,0,4.0000,-1,15,24,7,0,46,0,0,0,0
267.7655,1,0,6,0,0,0,1,133,0,4.0000,-1,15,24,7,0,46,0,0,0,0
267.7845,1,0,6,0,0,0,1,133,0,4.0000,-1,15,24,7,0,46,0,0,0,0
267.8058,1,0,6,0,0,0,0,-1,0,4.0000,133,16,24,7,0,47,0,0,0,0
267.8255,1,0,6,0,0,0,0,-1,0,3.0000,-1,16,24,7,0,47,0,0,0,0
267.8452,1,0,6,0,0,0,0,-1,0,3.0000,-1,16,24,7,0,47,0,0,0,0
267.8683,1,0,6,0,0,0,0,-1,0,3.0000,-1,16,24,7,0,47,0,0,0,0
267.887,1,0,6,0,0,0,0,-1,0,3.0000,-1,16,24,7,0,47,0,0,0,0
267.9093,1,0,6,0,0,0,0,-1,1,4.0000,-1,16,24,7,0,47,0,0,0,0
267.9296,1,0,6,0,0,0,0,-1,0,4.0000,-1,16,24,7,0,47,0,0,0,0
267.9505,1,0,6,0,0,0,0,-1,0,4.0000,-1,16,24,7,0,47,0,0,0,0
267.988,1,0,6,0,0,0,0,-1,0,4.0000,-1,16,24,7,0,47,0,0,0,0
268.0009,1,0,6,0,0,0,0,-1,0,4.0000,-1,16,24,7,0,47,0,0,0,0
268.0143,1,0,6,0,0,0,0,-1,0,3.0000,-1,16,24,7,0,47,0,0,0,0
268.0357,1,0,6,0,0,0,0,-1,0,3.0000,-1,16,24,7,0,47,0,0,0,0
268.0561,1,0,6,0,0,0,0,-1,0,3.0000,-1,16,24,7,0,47,0,0,0,0
268.0782,1,0,6,0,0,0,0,-1,0,3.0000,-1,16,24,7,0,47,0,0,0,0
268.0998,1,0,6,0,0,0,0,-1,0,3.0000,-1,16,24,7,0,47,0,0,0,0
268.1199,1,0,6,0,0,0,0,-1,0,3.0000,-1,16,24,7,0,47,0,0,0,0
268.1408,1,0,6,0,0,0,0,-1,0,3.0000,-1,16,24,7,0,47,0,0,0,0
268.1613,1,0,6,0,0,0,0,-1,0,3.0000,-1,16,24,7,0,47,0,0,0,0
268.1826,1,0,6,0,0,0,0,-1,0,3.0000,-1,16,24,7,0,47,0,0,0,0
268.2035,1,0,6,0,0,0,0,-1,0,3.0000,-1,16,24,7,0,47,0,0,0,0
268.2245,1,0,6,0,0,0,0,-1,0,3.0000,-1,16,24,7,0,47,0,0,0,0
268.2442,1,0,6,0,0,0,0,-1,0,3.0000,-1,16,24,7,0,47,0,0,0,0
268.2652,1,0,6,0,0,0,0,-1,0,3.0000,-1,16,24,7,0,47,0,0,0,0
268.2867,1,0,6,0,0,0,0,-1,0,2.0000,-1,16,24,7,0,47,0,0,0,0
268.3077,1,0,6,0,0,0,0,-1,0,2.0000,-1,16,24,7,0,47,0,0,0,0
268.3297,1,0,6,0,0,0,0,-1,0,2.0000,-1,16,24,7,0,47,0,0,0,0
268.3505,1,0,6,0,0,0,0,-1,0,2.0000,-1,16,24,7,0,47,0,0,0,0
268.3708,1,0,6,0,0,0,0,-1,0,2.0000,-1,16,24,7,0,47,0,0,0,0
268.4104,1,0,6,0,0,0,0,-1,0,2.0000,-1,16,24,7,0,47,0,0,0,0
268.4218,1,0,6,0,0,0,0,-1,0,2.0000,-1,16,24,7,0,47,0,0,0,0
268.4365,1,0,6,0,0,0,0,-1,0,2.0000,-1,16,24,7,0,47,0,0,0,0
268.4579,1,0,6,0,0,0,0,-1,0,2.0000,-1,16,24,7,0,47,0,0,0,0
268.4795,1,0,6,0,0,0,0,-1,0,2.0000,-1,16,24,7,0,47,0,0,0,0
268.5004,1,0,6,0,0,0,0,-1,0,1.0000,-1,16,24,7,0,47,0,0,0,0
268.5218,1,0,6,0,0,0,0,-1,0,1.0000,-1,16,24,7,0,47,0,0,0,0
268.5432,1,0,6,0,0,0,0,-1,0,1.0000,-1,16,24,7,0,47,0,0,0,0
268.5646,1,0,6,0,0,0,0,-1,0,1.0000,-1,16,24,7,0,47,0,0,0,0
268.5861,1,0,6,0,0,0,0,-1,0,1.0000,-1,16,24,7,0,47,0,0,0,0
268.6072,1,0,6,0,0,0,0,-1,0,1.0000,-1,16,24,7,0,47,0,0,0,0
268.6293,1,0,6,0,0,0,0,-1,0,1.0000,-1,16,24,7,0,47,0,0,0,0
268.6487,1,0,6,0,0,0,0,-1,0,1.0000,-1,16,24,7,0,47,0,0,0,0
268.6689,1,0,6,0,0,0,0,-1,0,1.0000,-1,16,24,7,0,47,0,0,0,0
268.6905,1,0,6,0,0,0,0,-1,0,1.0000,-1,16,24,7,0,47,0,0,0,0
268.7118,1,0,6,0,0,0,0,-1,1,2.0000,-1,16,24,7,0,47,0,0,0,0
268.7312,1,0,6,0,0,0,0,-1,0,2.0000,-1,16,24,7,0,47,0,0,0,0
268.7527,1,0,6,0,0,0,0,-1,0,2.0000,-1,16,24,7,0,47,0,0,0,0
268.7748,1,0,6,0,0,0,0,-1,0,2.0000,-1,16,24,7,0,47,0,0,0,0
268.7953,1,0,6,0,0,0,0,-1,0,2.0000,-1,16,24,7,0,47,0,0,0,0
268.8159,1,0,6,0,0,0,0,-1,0,2.0000,-1,16,24,7,0,47,0,0,0,0
268.8363,1,0,6,0,0,0,1,134,0,2.0000,-1,16,24,7,0,47,0,0,0,0
268.8586,1,0,6,0,0,0,1,134,0,2.0000,-1,16,24,7,0,47,0,0,0,0
268.8791,1,0,6,0,0,0,1,134,0,2.0000,-1,16,24,7,0,47,0,0,0,0
268.8989,1,0,6,0,0,0,1,134,0,2.0000,-1,16,24,7,0,47,0,0,0,0
268.9207,1,0,6,0,0,0,1,134,0,1.0000,-1,16,24,7,0,47,0,0,0,0
268.9427,1,0,6,0,0,0,1,134,0,1.0000,-1,16,24,7,0,47,0,0,0,0
268.9633,1,0,6,0,0,0,1,134,0,1.0000,-1,16,24,7,0,47,0,0,0,0
268.9831,1,0,6,0,0,0,1,134,0,1.0000,-1,16,24,7,0,47,0,0,0,0
269.0016,1,0,6,0,0,0,1,134,1,2.0000,-1,16,24,7,0,47,0,0,0,0
269.0243,1,0,6,0,0,0,1,134,0,2.0000,-1,16,24,7,0,47,0,0,0,0
269.0454,1,0,6,0,0,0,1,134,0,2.0000,-1,16,24,7,0,47,0,0,0,0
269.0648,1,0,6,0,0,0,1,134,0,2.0000,-1,16,24,7,0,47,0,0,0,0
269.0855,1,0,6,0,0,0,1,134,0,2.0000,-1,16,24,7,0,47,0,0,0,0
269.1041,1,0,6,0,0,0,1,134,0,2.0000,-1,16,24,7,0,47,0,0,0,0
269.1241,1,0,6,0,0,0,1,134,0,2.0000,-1,16,24,7,0,47,0,0,0,0
269.1451,1,0,6,0,0,0,1,134,0,2.0000,-1,16,24,7,0,47,0,0,0,0
269.167,1,0,6,0,0,0,1,134,0,2.0000,-1,16,24,7,0,47,0,0,0,0
269.1884,1,0,6,0,0,0,1,134,0,2.0000,-1,16,24,7,0,47,0,0,0,0
269.2094,1,0,6,0,0,0,1,134,0,2.0000,-1,16,24,7,0,47,0,0,0,0
269.2291,1,0,6,0,0,0,1,134,0,2.0000,-1,16,24,7,0,47,0,0,0,0
269.25,1,0,6,0,0,0,1,134,0,2.0000,-1,16,24,7,0,47,0,0,0,0
269.2702,1,0,6,0,0,0,1,134,0,2.0000,-1,16,24,7,0,47,0,0,0,0
269.2906,1,0,6,0,0,0,1,134,0,2.0000,-1,16,24,7,0,47,0,0,0,0
269.3102,1,0,6,0,0,0,1,134,0,2.0000,-1,16,24,7,0,47,0,0,0,0
269.3341,1,0,6,0,0,0,1,134,0,2.0000,-1,16,24,7,0,47,0,0,0,0
269.3513,1,0,6,0,0,0,1,134,1,3.0000,-1,16,24,7,0,47,0,0,0,0
269.3693,1,0,6,0,0,0,0,-1,0,3.0000,-1,16,24,7,0,47,0,0,0,0
269.3904,1,0,6,0,0,0,0,-1,0,3.0000,-1,16,24,7,0,47,0,0,0,0
269.4109,1,0,6,0,0,0,0,-1,0,3.0000,-1,16,24,7,0,47,0,0,0,0
269.4504,1,0,6,0,0,0,0,-1,0,3.0000,-1,16,24,7,0,47,0,0,0,0
269.4642,1,0,6,0,0,0,0,-1,0,3.0000,-1,16,24,7,0,47,0,0,0,0
269.4804,1,0,6,0,0,0,0,-1,0,3.0000,-1,16,24,7,0,47,0,0,0,0
269.4984,1,0,6,0,0,0,0,-1,0,3.0000,-1,16,24,7,0,47,0,0,0,0
269.5202,1,0,6,0,0,0,0,-1,0,3.0000,-1,16,24,7,0,47,0,0,0,0
269.5401,1,0,6,0,0,0,0,-1,0,3.0000,-1,16,24,7,0,47,0,0,0,0
269.5604,1,0,6,0,1,0,0,-1,0,3.0000,-1,16,24,7,0,47,0,0,0,0
269.5795,1,0,6,0,1,0,0,-1,0,3.0000,-1,16,24,7,0,47,0,0,0,0
269.6004,1,0,6,0,1,0,0,-1,0,3.0000,-1,16,24,7,0,47,0,0,0,0
269.6187,1,0,6,0,1,0,0,-1,0,3.0000,-1,16,24,7,0,47,0,0,0,0
269.6373,1,0,6,0,1,0,0,-1,1,4.0000,-1,16,24,7,0,47,0,0,0,0
269.6568,1,0,6,0,1,0,0,-1,0,4.0000,-1,16,24,7,0,47,0,0,0,0
269.6757,1,0,6,0,1,0,0,-1,0,4.0000,-1,16,24,7,0,47,0,0,0,0
269.696,1,0,6,0,1,0,0,-1,0,4.0000,-1,16,24,7,0,47,0,0,0,0
269.7147,1,0,6,0,1,0,0,-1,0,3.0000,-1,16,24,7,0,47,0,0,0,0
269.7356,1,0,6,0,1,0,0,-1,0,3.0000,-1,16,24,7,0,47,0,0,0,0
269.7545,1,0,6,0,1,0,0,-1,0,3.0000,-1,16,24,7,0,47,0,0,0,0
269.7741,1,0,6,0,1,0,0,-1,0,3.0000,-1,16,24,7,0,47,0,0,0,0
269.7934,1,0,6,0,1,0,0,-1,0,3.0000,-1,16,24,7,0,47,0,0,0,0
269.8127,1,0,6,0,1,0,0,-1,0,3.0000,-1,16,24,7,0,47,0,0,0,0
269.8328,1,0,6,0,1,0,0,-1,0,3.0000,-1,16,24,7,0,47,0,0,0,0
269.8539,1,0,6,0,1,0,0,-1,0,3.0000,-1,16,24,7,0,47,0,0,0,0
269.8738,1,0,6,0,1,0,0,-1,0,3.0000,-1,16,24,7,0,47,0,0,0,0
269.8931,1,0,6,0,1,0,0,-1,0,3.0000,-1,16,24,7,0,47,0,0,0,0
269.9118,1,0,6,0,1,0,0,-1,0,3.0000,-1,16,24,7,0,47,0,0,0,0
269.9311,1,0,6,0,1,0,0,-1,0,3.0000,-1,16,24,7,0,47,0,0,0,0
269.9524,1,0,6,0,1,0,0,-1,0,3.0000,-1,16,24,7,0,47,0,0,0,0
269.9729,1,0,6,0,1,0,0,-1,0,3.0000,-1,16,24,7,0,47,0,0,0,0
269.9901,1,0,6,0,1,0,0,-1,0,3.0000,-1,16,24,7,0,47,0,0,0,0
270.0103,1,0,6,0,1,0,0,-1,0,2.0000,-1,16,24,7,0,47,0,0,0,0
270.0298,1,0,6,0,1,0,0,-1,0,2.0000,-1,16,24,7,0,47,0,0,0,0
270.0495,1,0,6,0,1,0,0,-1,0,2.0000,-1,16,24,7,0,47,0,0,0,0
270.0693,1,0,6,0,1,0,0,-1,0,2.0000,-1,16,24,7,0,47,0,0,0,0
270.0873,1,0,6,0,1,0,0,-1,0,2.0000,-1,16,24,7,0,47,0,0,0,0
270.1069,1,0,6,0,1,0,0,-1,0,2.0000,-1,16,24,7,0,47,0,0,0,0
270.1261,1,0,6,0,1,0,0,-1,0,2.0000,-1,16,24,7,0,47,0,0,0,0
270.1475,1,0,6,0,0,0,0,-1,0,2.0000,-1,16,24,7,0,47,0,0,0,0
270.1662,1,0,6,0,0,0,0,-1,0,2.0000,-1,16,24,7,0,47,0,0,0,0
270.1831,1,0,6,0,0,0,0,-1,0,2.0000,-1,16,24,7,0,47,0,0,0,0
270.2033,1,0,6,0,0,0,0,-1,0,2.0000,-1,16,24,7,0,47,0,0,0,0
270.2215,1,0,6,0,0,0,0,-1,0,2.0000,-1,16,24,7,0,47,0,0,0,0
270.2428,1,0,6,0,0,0,0,-1,0,2.0000,-1,16,24,7,0,47,0,0,0,0
270.2616,1,0,6,0,0,0,0,-1,0,2.0000,-1,16,24,7,0,47,0,0,0,0
270.2984,1,0,6,0,0,0,0,-1,0,2.0000,-1,16,24,7,0,47,0,0,0,0
270.3174,1,0,6,0,0,0,0,-1,0,2.0000,-1,16,24,7,0,47,0,0,0,0
270.3352,1,0,6,0,0,0,0,-1,0,2.0000,-1,16,24,7,0,47,0,0,0,0
270.3511,1,0,6,0,0,0,0,-1,0,2.0000,-1,16,24,7,0,47,0,0,0,0
270.3663,1,0,6,0,0,0,0,-1,0,1.0000,-1,16,24,7,0,47,0,0,0,0
270.3827,1,0,6,0,0,0,0,-1,1,2.0000,-1,16,24,7,0,47,0,0,0,0
270.3986,1,0,6,0,0,0,0,-1,0,2.0000,-1,16,24,7,0,47,0,0,0,0
270.4193,1,0,6,0,0,0,0,-1,0,2.0000,-1,16,24,7,0,47,0,0,0,0
270.4391,1,0,6,0,0,0,0,-1,0,2.0000,-1,16,24,7,0,47,0,0,0,0
270.4568,1,0,6,0,0,0,0,-1,0,2.0000,-1,16,24,7,0,47,0,0,0,0
270.4769,1,0,6,0,0,0,0,-1,0,2.0000,-1,16,24,7,0,47,0,0,0,0
270.5133,1,0,6,0,0,0,0,-1,0,2.0000,-1,16,24,7,0,47,0,0,0,0
270.5257,1,0,6,0,0,0,0,-1,0,2.0000,-1,16,24,7,0,47,0,0,0,0
270.5381,1,0,6,0,0,0,0,-1,0,2.0000,-1,16,24,7,0,47,0,0,0,0
270.5563,1,0,6,0,0,0,0,-1,0,2.0000,-1,16,24,7,0,47,0,0,0,0
270.5757,1,0,6,0,0,0,0,-1,0,2.0000,-1,16,24,7,0,47,0,0,0,0
270.5964,1,0,6,0,0,0,0,-1,0,2.0000,-1,16,24,7,0,47,0,0,0,0
270.6171,1,0,6,0,0,0,0,-1,0,2.0000,-1,16,24,7,0,47,0,0,0,0
270.6342,1,0,6,0,0,0,0,-1,0,2.0000,-1,16,24,7,0,47,0,0,0,0
270.6546,1,0,6,0,0,0,0,-1,0,1.0000,-1,16,24,7,0,47,0,0,0,0
270.6743,1,0,6,0,0,0,0,-1,1,2.0000,-1,16,24,7,0,47,0,0,0,0
270.6953,1,0,6,0,0,0,0,-1,0,2.0000,-1,16,24,7,0,47,0,0,0,0
270.7308,1,0,6,0,0,0,0,-1,0,2.0000,-1,16,24,7,0,47,0,0,0,0
270.7437,1,0,6,0,0,0,0,-1,0,2.0000,-1,16,24,7,0,47,0,0,0,0
270.7616,1,0,6,0,0,0,0,-1,0,2.0000,-1,16,24,7,0,47,0,0,0,0
270.7766,1,0,6,0,0,0,0,-1,0,2.0000,-1,16,24,7,0,47,0,0,0,0
270.7938,1,0,6,0,0,0,0,-1,0,2.0000,-1,16,24,7,0,47,0,0,0,0
270.8113,1,0,6,0,0,0,0,-1,0,2.0000,-1,16,24,7,0,47,0,0,0,0
270.8316,1,0,6,0,0,0,0,-1,0,2.0000,-1,16,24,7,0,47,0,0,0,0
270.8534,1,0,6,1,0,0,0,-1,0,2.0000,-1,16,24,7,0,47,0,0,0,0
270.8723,1,0,6,1,0,0,0,-1,0,2.0000,-1,16,24,7,0,47,0,0,0,0
270.8908,1,0,6,1,0,0,0,-1,0,2.0000,-1,16,24,7,0,47,0,0,0,0
270.9105,1,0,6,1,0,0,0,-1,0,2.0000,-1,16,24,7,0,47,0,0,0,0
270.9456,1,0,6,1,0,0,0,-1,0,2.0000,-1,16,24,7,0,47,0,0,0,0
270.9586,1,0,6,1,0,0,0,-1,0,2.0000,-1,16,24,7,0,47,0,0,0,0
270.9712,1,0,6,1,0,0,0,-1,0,2.0000,-1,16,24,7,0,47,0,0,0,0
270.9899,1,0,6,1,0,0,0,-1,0,2.0000,-1,16,24,7,0,47,0,0,0,0
271.01,1,0,6,1,0,0,0,-1,0,2.0000,-1,16,24,7,0,47,0,0,0,0
271.0292,1,0,6,1,0,0,0,-1,0,2.0000,-1,16,24,7,0,47,0,0,0,0
271.0502,1,0,6,1,0,0,0,-1,0,2.0000,-1,16,24,7,0,47,0,0,0,0
271.0675,1,0,6,1,0,0,0,-1,0,2.0000,-1,16,24,7,0,47,0,0,0,0
271.0873,1,0,6,1,0,0,0,-1,0,2.0000,-1,16,24,7,0,47,0,0,0,0
271.1079,1,0,6,1,0,0,0,-1,1,3.0000,-1,16,24,7,0,47,0,0,0,0
271.1244,1,0,6,1,0,0,0,-1,0,3.0000,-1,16,24,7,0,47,0,0,0,0
271.1437,1,0,6,1,0,0,0,-1,0,3.0000,-1,16,24,7,0,47,0,0,0,0
271.1641,1,0,6,1,0,0,0,-1,0,3.0000,-1,16,24,7,0,47,0,0,0,0
271.1849,1,0,6,1,0,0,0,-1,0,3.0000,-1,16,24,7,0,47,0,0,0,0
271.2022,1,0,6,1,0,0,0,-1,0,3.0000,-1,16,24,7,0,47,0,0,0,0
271.2201,1,0,6,1,0,0,0,-1,0,3.0000,-1,16,24,7,0,47,0,0,0,0
271.2403,1,0,6,1,0,0,0,-1,0,3.0000,-1,16,24,7,0,47,0,0,0,0
271.2615,1,0,6,1,0,0,0,-1,0,3.0000,-1,16,24,7,0,47,0,0,0,0
271.2787,1,0,6,1,0,0,0,-1,0,3.0000,-1,16,24,7,0,47,0,0,0,0
271.2989,1,0,6,1,0,0,0,-1,0,3.0000,-1,16,24,7,0,47,0,0,0,0
271.3188,1,0,6,1,0,0,0,-1,0,3.0000,-1,16,24,7,0,47,0,0,0,0
271.3359,1,0,6,1,0,0,0,-1,0,3.0000,-1,16,24,7,0,47,0,0,0,0
271.3548,1,0,6,1,0,0,0,-1,0,3.0000,-1,16,24,7,0,47,0,0,0,0
271.3752,1,0,6,1,0,0,0,-1,0,3.0000,-1,16,24,7,0,47,0,0,0,0
271.3969,1,0,6,1,0,0,0,-1,0,2.0000,-1,16,24,7,0,47,0,0,0,0
271.4152,1,0,6,1,0,0,0,-1,0,2.0000,-1,16,24,7,0,47,0,0,0,0
271.4329,1,0,6,1,0,0,0,-1,1,3.0000,-1,16,24,7,0,47,0,0,0,0
271.4528,1,0,6,1,0,0,0,-1,0,3.0000,-1,16,24,7,0,47,0,0,0,0
271.4727,1,0,6,1,0,0,0,-1,0,3.0000,-1,16,24,7,0,47,0,0,0,0
271.4922,1,0,6,1,0,0,0,-1,0,3.0000,-1,16,24,7,0,47,0,0,0,0
271.5092,1,0,6,1,0,0,0,-1,0,3.0000,-1,16,24,7,0,47,0,0,0,0
271.529,1,0,6,1,0,0,0,-1,0,3.0000,-1,16,24,7,0,47,0,0,0,0
271.5481,1,0,6,1,0,0,0,-1,0,3.0000,-1,16,24,7,0,47,0,0,0,0
271.5648,1,0,6,1,1,0,0,-1,0,3.0000,-1,16,24,7,0,47,0,0,0,0
271.5842,1,0,6,1,1,0,0,-1,0,3.0000,-1,16,24,7,0,47,0,0,0,0
271.6052,1,0,6,1,1,0,0,-1,0,3.0000,-1,16,24,7,0,47,0,0,0,0
271.6229,1,0,6,1,1,0,0,-1,0,3.0000,-1,16,24,7,0,47,0,0,0,0
271.6409,1,0,6,1,1,0,0,-1,0,3.0000,-1,16,24,7,0,47,0,0,0,0
271.6616,1,0,6,1,1,0,0,-1,0,3.0000,-1,16,24,7,0,47,0,0,0,0
271.6798,1,0,6,1,1,0,1,140,0,2.0000,-1,16,24,7,0,47,0,0,0,0
271.6963,1,0,6,1,1,0,1,140,0,2.0000,-1,16,24,7,0,47,0,0,0,0
271.7167,1,0,6,1,1,0,1,140,0,2.0000,-1,16,24,7,0,47,0,0,0,0
271.7331,1,0,6,1,1,0,1,140,0,2.0000,-1,16,24,7,0,47,0,0,0,0
271.7518,1,0,6,1,1,0,1,140,0,2.0000,-1,16,24,7,0,47,0,0,0,0
271.7735,1,0,6,1,1,0,1,140,0,2.0000,-1,16,24,7,0,47,0,0,0,0
271.7902,1,0,6,1,1,0,1,140,0,2.0000,-1,16,24,7,0,47,0,0,0,0
271.8077,1,0,6,1,1,0,1,140,0,2.0000,-1,16,24,7,0,47,0,0,0,0
271.8289,1,0,6,1,1,0,1,140,1,3.0000,-1,16,24,7,0,47,0,0,0,0
271.848,1,0,6,1,1,0,1,140,0,3.0000,-1,16,24,7,0,47,0,0,0,0
271.8676,1,0,6,1,1,0,1,140,0,3.0000,-1,16,24,7,0,47,0,0,0,0
271.885,1,0,6,1,1,0,1,140,0,3.0000,-1,16,24,7,0,47,0,0,0,0
271.9053,1,0,6,1,1,0,1,140,0,3.0000,-1,16,24,7,0,47,0,0,0,0
271.924,1,0,6,1,1,0,1,140,0,3.0000,-1,16,24,7,0,47,0,0,0,0
271.9398,1,0,6,1,1,0,1,140,0,3.0000,-1,16,24,7,0,47,0,0,0,0
271.96,1,0,6,1,1,0,1,140,0,3.0000,-1,16,24,7,0,47,0,0,0,0
271.9784,1,0,6,1,1,0,1,140,0,3.0000,-1,16,24,7,0,47,0,0,0,0
271.9964,1,0,6,1,1,0,1,140,0,3.0000,-1,16,24,7,0,47,0,0,0,0
272.0176,1,0,6,1,1,0,1,140,0,3.0000,-1,16,24,7,0,47,0,0,0,0
272.0363,1,0,6,1,1,0,1,140,0,3.0000,-1,16,24,7,0,47,0,0,0,0
272.0543,1,0,6,1,1,0,1,140,0,3.0000,-1,16,24,7,0,47,0,0,0,0
272.0746,1,0,6,1,1,0,1,140,0,3.0000,-1,16,24,7,0,47,0,0,0,0
272.0941,1,0,6,1,1,0,1,140,0,3.0000,-1,16,24,7,0,47,0,0,0,0
272.114,1,0,6,1,1,0,0,-1,0,2.0000,140,17,24,7,0,48,0,0,0,0
272.1341,1,0,6,1,1,0,0,-1,0,2.0000,-1,17,24,7,0,48,0,0,0,0
272.1548,1,0,6,1,0,0,0,-1,0,2.0000,-1,17,24,7,0,48,0,0,0,0
272.1764,1,0,6,1,0,0,0,-1,0,2.0000,-1,17,24,7,0,48,0,0,0,0
272.2206,1,0,6,1,0,0,0,-1,0,2.0000,-1,17,24,7,0,48,0,0,0,0
272.2412,1,0,6,1,0,0,0,-1,0,2.0000,-1,17,24,7,0,48,0,0,0,0
272.2549,1,0,6,1,0,0,0,-1,0,2.0000,-1,17,24,7,0,48,0,0,0,0
272.274,1,0,6,1,0,0,0,-1,1,3.0000,-1,17,24,7,0,48,0,0,0,0
272.2985,1,0,6,1,0,0,0,-1,0,3.0000,-1,17,24,7,0,48,0,0,0,0
272.3225,1,0,6,1,0,0,0,-1,0,3.0000,-1,17,24,7,0,48,0,0,0,0
272.3469,1,0,6,1,0,0,0,-1,0,3.0000,-1,17,24,7,0,48,0,0,0,0
272.3705,1,0,6,1,0,0,0,-1,0,3.0000,-1,17,24,7,0,48,0,0,0,0
272.3956,1,0,6,1,0,0,0,-1,0,3.0000,-1,17,24,7,0,48,0,0,0,0
272.4394,1,0,6,1,0,0,0,-1,0,2.0000,-1,17,24,7,0,48,0,0,0,0
272.4509,1,0,6,1,0,0,0,-1,0,2.0000,-1,17,24,7,0,48,0,0,0,0
272.4681,1,0,6,1,0,0,0,-1,0,2.0000,-1,17,24,7,0,48,0,0,0,0
272.4922,1,0,6,1,0,0,0,-1,0,2.0000,-1,17,24,7,0,48,0,0,0,0
272.5161,1,0,6,1,0,0,0,-1,0,2.0000,-1,17,24,7,0,48,0,0,0,0
272.5403,1,0,6,1,0,0,1,144,0,2.0000,-1,17,24,7,0,48,0,0,0,0
272.5639,1,0,6,1,0,0,1,144,0,2.0000,-1,17,24,7,0,48,0,0,0,0
272.5887,1,0,6,1,0,0,1,144,0,2.0000,-1,17,24,7,0,48,0,0,0,0
272.612,1,0,6,1,0,0,1,144,0,2.0000,-1,17,24,7,0,48,0,0,0,0
272.6362,1,0,6,1,0,0,1,144,1,3.0000,-1,17,24,7,0,48,0,0,0,0
272.6606,1,0,6,1,0,0,1,144,0,3.0000,-1,17,24,7,0,48,0,0,0,0
272.6844,1,0,6,1,0,0,1,144,0,3.0000,-1,17,24,7,0,48,0,0,0,0
272.709,1,0,6,1,0,0,1,144,0,3.0000,-1,17,24,7,0,48,0,0,0,0
272.733,1,0,6,1,0,0,1,144,0,3.0000,-1,17,24,7,0,48,0,0,0,0
272.7563,1,0,6,1,0,0,1,144,0,3.0000,-1,17,24,7,0,48,0,0,0,0
272.7802,1,0,6,1,0,0,1,144,0,3.0000,-1,17,24,7,0,48,0,0,0,0
272.8044,1,0,6,1,0,0,1,144,0,3.0000,-1,17,24,7,0,48,0,0,0,0
272.8283,1,0,6,1,0,0,1,144,0,3.0000,-1,17,24,7,0,48,0,0,0,0
272.8525,1,0,6,1,0,0,1,144,0,2.0000,-1,17,24,7,0,48,0,0,0,0
272.8757,1,0,6,1,0,0,1,144,0,2.0000,-1,17,24,7,0,48,0,0,0,0
272.8992,1,0,6,1,0,0,0,-1,0,2.0000,144,18,24,7,0,49,0,0,0,0
272.9229,1,0,6,1,0,0,0,-1,0,2.0000,-1,18,24,7,0,49,0,0,0,0
272.9465,1,0,6,0,0,0,0,-1,0,2.0000,-1,18,24,7,0,49,0,0,0,0
272.9695,1,0,6,0,0,0,0,-1,1,3.0000,-1,18,24,7,0,49,0,0,0,0
272.9926,1,0,6,0,0,0,0,-1,0,3.0000,-1,18,24,7,0,49,0,0,0,0
273.0162,1,0,6,0,0,0,0,-1,0,3.0000,-1,18,24,7,0,49,0,0,0,0
273.039,1,0,6,0,0,0,0,-1,0,3.0000,-1,18,24,7,0,49,0,0,0,0
273.0817,1,0,6,0,0,0,0,-1,0,3.0000,-1,18,24,7,0,49,0,0,0,0
273.0934,1,0,6,0,0,0,0,-1,0,3.0000,-1,18,24,7,0,49,0,0,0,0
273.1095,1,0,6,0,0,0,0,-1,0,3.0000,-1,18,24,7,0,49,0,0,0,0
273.1329,1,0,6,0,0,0,0,-1,0,3.0000,-1,18,24,7,0,49,0,0,0,0
273.1552,1,0,6,0,0,0,0,-1,0,3.0000,-1,18,24,7,0,49,0,0,0,0
273.1779,1,0,6,0,0,0,0,-1,0,3.0000,-1,18,24,7,0,49,0,0,0,0
273.2007,1,0,6,0,0,0,0,-1,0,3.0000,-1,18,24,7,0,49,0,0,0,0
273.2239,1,0,6,0,0,0,0,-1,0,3.0000,-1,18,24,7,0,49,0,0,0,0
273.2463,1,0,6,0,0,0,0,-1,0,3.0000,-1,18,24,7,0,49,0,0,0,0
273.2691,1,0,6,0,0,0,0,-1,0,3.0000,-1,18,24,7,0,49,0,0,0,0
273.2913,1,0,6,0,0,0,0,-1,0,2.0000,-1,18,24,7,0,49,0,0,0,0
273.3137,1,0,6,0,0,0,0,-1,0,2.0000,-1,18,24,7,0,49,0,0,0,0
273.3368,1,0,6,0,0,0,0,-1,0,2.0000,-1,18,24,7,0,49,0,0,0,0
273.3594,1,0,6,0,0,0,0,-1,0,2.0000,-1,18,24,7,0,49,0,0,0,0
273.3822,1,0,6,0,0,0,0,-1,0,2.0000,-1,18,24,7,0,49,0,0,0,0
273.4055,1,0,6,0,0,0,0,-1,0,2.0000,-1,18,24,7,0,49,0,0,0,0
273.4281,1,0,6,0,0,0,0,-1,0,2.0000,-1,18,24,7,0,49,0,0,0,0
273.451,1,0,6,0,0,0,0,-1,0,2.0000,-1,18,24,7,0,49,0,0,0,0
273.4942,1,0,6,0,0,0,0,-1,1,3.0000,-1,18,24,7,0,49,0,0,0,0
273.5056,1,0,6,0,0,0,0,-1,0,3.0000,-1,18,24,7,0,49,0,0,0,0
273.5223,1,0,6,0,0,0,0,-1,0,3.0000,-1,18,24,7,0,49,0,0,0,0
273.545,1,0,6,0,0,0,0,-1,0,3.0000,-1,18,24,7,0,49,0,0,0,0
273.5684,1,0,6,0,0,0,0,-1,0,3.0000,-1,18,24,7,0,49,0,0,0,0
273.5908,1,0,6,0,0,0,0,-1,0,3.0000,-1,18,24,7,0,49,0,0,0,0
273.6136,1,0,6,0,0,0,0,-1,0,3.0000,-1,18,24,7,0,49,0,0,0,0
273.6366,1,0,6,0,0,0,0,-1,0,2.0000,-1,18,24,7,0,49,0,0,0,0
273.6599,1,0,6,0,0,0,0,-1,0,2.0000,-1,18,24,7,0,49,0,0,0,0
273.682,1,0,6,0,0,0,0,-1,0,2.0000,-1,18,24,7,0,49,0,0,0,0
273.7036,1,0,6,0,0,0,1,143,0,2.0000,-1,18,24,7,0,49,0,0,0,0
273.7272,1,0,6,0,0,0,1,143,0,2.0000,-1,18,24,7,0,49,0,0,0,0
273.7494,1,0,6,0,0,0,1,143,0,2.0000,-1,18,24,7,0,49,0,0,0,0
273.7727,1,0,6,0,0,0,1,143,0,2.0000,-1,18,24,7,0,49,0,0,0,0
273.7954,1,0,6,0,0,0,1,143,0,2.0000,-1,18,24,7,0,49,0,0,0,0
273.8187,1,0,6,0,0,0,1,143,0,2.0000,-1,18,24,7,0,49,0,0,0,0
273.841,1,0,6,0,0,0,1,143,1,3.0000,-1,18,24,7,0,49,0,0,0,0
273.8645,1,0,6,0,0,0,1,143,0,3.0000,-1,18,24,7,0,49,0,0,0,0
273.9096,1,0,6,0,0,0,1,143,0,3.0000,-1,18,24,7,0,49,0,0,0,0
273.926,1,0,6,0,0,0,1,143,0,3.0000,-1,18,24,7,0,49,0,0,0,0
273.9398,1,0,6,0,0,0,1,143,0,3.0000,-1,18,24,7,0,49,0,0,0,0
273.9608,1,0,6,0,0,0,0,-1,0,3.0000,143,19,24,7,0,50,0,0,0,0
273.9845,1,0,6,0,0,0,0,-1,0,2.0000,-1,19,24,7,0,50,0,0,0,0
274.007,1,0,6,0,0,0,0,-1,0,2.0000,-1,19,24,7,0,50,0,0,0,0
274.0309,1,0,6,0,0,0,0,-1,0,2.0000,-1,19,24,7,0,50,0,0,0,0
274.0549,1,0,6,0,0,0,0,-1,0,2.0000,-1,19,24,7,0,50,0,0,0,0
274.0777,1,0,6,0,0,0,0,-1,0,2.0000,-1,19,24,7,0,50,0,0,0,0
274.1219,1,0,6,0,0,0,0,-1,0,2.0000,-1,19,24,7,0,50,0,0,0,0
274.1367,1,0,6,0,0,0,0,-1,0,2.0000,-1,19,24,7,0,50,0,0,0,0
274.1503,1,0,6,0,0,0,0,-1,0,2.0000,-1,19,24,7,0,50,0,0,0,0
274.1741,1,0,6,0,0,0,0,-1,0,2.0000,-1,19,24,7,0,50,0,0,0,0
274.197,1,0,6,0,0,0,0,-1,0,2.0000,-1,19,24,7,0,50,0,0,0,0
274.2204,1,0,6,0,0,0,0,-1,0,2.0000,-1,19,24,7,0,50,0,0,0,0
274.2443,1,0,6,0,0,0,0,-1,1,3.0000,-1,19,24,7,0,50,0,0,0,0
274.2682,1,0,6,0,0,0,0,-1,0,3.0000,-1,19,24,7,0,50,0,0,0,0
274.2899,1,0,6,0,0,0,0,-1,0,3.0000,-1,19,24,7,0,50,0,0,0,0
274.3319,1,0,6,0,0,0,0,-1,0,3.0000,-1,19,24,7,0,50,0,0,0,0
274.3444,1,0,6,0,0,0,0,-1,0,3.0000,-1,19,24,7,0,50,0,0,0,0
274.3601,1,0,6,0,0,0,0,-1,0,3.0000,-1,19,24,7,0,50,0,0,0,0
274.3822,1,0,6,0,0,0,0,-1,0,3.0000,-1,19,24,7,0,50,0,0,0,0
274.4052,1,0,6,0,0,0,0,-1,0,3.0000,-1,19,24,7,0,50,0,0,0,0
274.4282,1,0,6,0,0,0,0,-1,0,3.0000,-1,19,24,7,0,50,0,0,0,0
274.4504,1,0,6,0,0,0,0,-1,0,3.0000,-1,19,24,7,0,50,0,0,0,0
274.4733,1,0,6,0,0,0,0,-1,0,3.0000,-1,19,24,7,0,50,0,0,0,0
274.4956,1,0,6,0,0,0,0,-1,0,2.0000,-1,19,24,7,0,50,0,0,0,0
274.5185,1,0,6,0,0,0,0,-1,1,3.0000,-1,19,24,7,0,50,0,0,0,0
274.5414,1,0,6,0,0,0,0,-1,0,3.0000,-1,19,24,7,0,50,0,0,0,0
274.5642,1,0,6,0,0,0,0,-1,0,3.0000,-1,19,24,7,0,50,0,0,0,0
274.5865,1,0,6,0,0,0,1,147,0,3.0000,-1,19,24,7,0,50,0,0,0,0
274.6089,1,0,6,0,0,0,1,147,0,3.0000,-1,19,24,7,0,50,0,0,0,0
274.6315,1,0,6,0,0,0,1,147,0,3.0000,-1,19,24,7,0,50,0,0,0,0
274.6537,1,0,6,0,0,0,1,147,0,3.0000,-1,19,24,7,0,50,0,0,0,0
274.6771,1,0,6,0,0,0,1,147,0,3.0000,-1,19,24,7,0,50,0,0,0,0
274.6989,1,0,6,0,0,0,1,147,0,3.0000,-1,19,24,7,0,50,0,0,0,0
274.723,1,0,6,0,0,0,1,147,0,3.0000,-1,19,24,7,0,50,0,0,0,0
274.7452,1,0,6,0,0,0,1,147,0,3.0000,-1,19,24,7,0,50,0,0,0,0
274.769,3,1,7,0,0,0,0,-1,0,3.0000,147,19,24,8,0,51,0,0,0,0
274.791,3,0,7,0,0,0,0,-1,0,3.0000,-1,19,24,8,0,51,0,0,0,0
274.8145,3,0,7,0,0,0,0,-1,0,3.0000,-1,19,24,8,0,51,0,0,0,0
274.8373,3,0,7,1,0,0,0,-1,0,3.0000,-1,19,24,8,0,51,0,0,0,0
274.8607,3,0,7,1,0,0,0,-1,0,2.0000,-1,19,24,8,0,51,0,0,0,0
274.8839,3,0,7,1,0,0,0,-1,0,2.0000,-1,19,24,8,0,51,0,0,0,0
274.9073,3,0,7,1,0,0,0,-1,0,2.0000,-1,19,24,8,0,51,0,0,0,0
274.9519,3,0,7,1,0,0,0,-1,0,2.0000,-1,19,24,8,0,51,0,0,0,0
274.9658,3,0,7,1,0,0,1,146,0,2.0000,-1,19,24,8,0,51,0,0,0,0
274.9793,3,0,7,1,0,0,1,146,0,2.0000,-1,19,24,8,0,51,0,0,0,0
275.0031,3,0,7,1,0,0,1,146,0,2.0000,-1,19,24,8,0,51,0,0,0,0
275.0269,3,0,7,1,0,0,1,146,0,2.0000,-1,19,24,8,0,51,0,0,0,0
275.0511,3,0,7,1,0,0,1,146,0,2.0000,-1,19,24,8,0,51,0,0,0,0
275.0741,3,0,7,1,0,0,1,146,0,2.0000,-1,19,24,8,0,51,0,0,0,0
275.0975,3,0,7,1,0,0,1,146,0,2.0000,-1,19,24,8,0,51,0,0,0,0
275.1222,3,0,7,1,0,0,1,146,0,2.0000,-1,19,24,8,0,51,0,0,0,0
275.1657,3,0,7,1,0,0,1,146,0,2.0000,-1,19,24,8,0,51,0,0,0,0
275.1776,3,0,7,1,0,0,1,146,0,2.0000,-1,19,24,8,0,51,0,0,0,0
275.1947,3,0,7,1,0,0,1,146,0,2.0000,-1,19,24,8,0,51,0,0,0,0
275.2184,3,0,7,1,0,0,1,146,0,2.0000,-1,19,24,8,0,51,0,0,0,0
275.2414,3,0,7,1,0,0,1,146,0,2.0000,-1,19,24,8,0,51,0,0,0,0
275.265,3,0,7,1,0,0,0,-1,0,1.0000,146,19,24,9,0,52,0,0,0,0
275.2877,3,0,7,1,0,0,0,-1,0,1.0000,-1,19,24,9,0,52,0,0,0,0
275.3116,3,0,7,1,0,0,0,-1,0,1.0000,-1,19,24,9,0,52,0,0,0,0
275.3347,3,0,7,1,0,0,0,-1,0,1.0000,-1,19,24,9,0,52,0,0,0,0
275.3788,3,0,7,1,0,0,0,-1,0,1.0000,-1,19,24,9,0,52,0,0,0,0
275.3902,3,0,7,1,0,0,0,-1,0,1.0000,-1,19,24,9,0,52,0,0,0,0
275.4073,3,0,7,1,0,0,0,-1,0,1.0000,-1,19,24,9,0,52,0,0,0,0
275.4326,3,0,7,1,0,0,0,-1,0,1.0000,-1,19,24,9,0,52,0,0,0,0
275.4554,3,0,7,1,0,0,0,-1,0,1.0000,-1,19,24,9,0,52,0,0,0,0
275.4761,3,0,7,1,0,0,0,-1,0,1.0000,-1,19,24,9,0,52,0,0,0,0
275.4984,3,0,7,1,0,0,0,-1,0,1.0000,-1,19,24,9,0,52,0,0,0,0
275.5197,3,0,7,1,0,0,0,-1,0,0.0000,-1,19,24,9,0,52,0,0,0,0
275.5414,3,0,7,1,0,0,0,-1,0,0.0000,-1,19,24,9,0,52,0,0,0,0
275.5815,3,0,7,1,0,0,0,-1,0,0.0000,-1,19,24,9,0,52,0,0,0,0
275.5925,3,0,7,1,0,0,0,-1,0,0.0000,-1,19,24,9,0,52,0,0,0,0
275.6077,3,0,7,1,0,0,0,-1,0,0.0000,-1,19,24,9,0,52,0,0,0,0
275.628,3,0,7,1,0,0,0,-1,0,0.0000,-1,19,24,9,0,52,0,0,0,0
275.6487,3,0,7,1,0,0,0,-1,0,0.0000,-1,19,24,9,0,52,0,0,0,0
275.6685,3,0,7,0,0,0,0,-1,0,0.0000,-1,19,24,9,0,52,0,0,0,0
275.688,3,0,7,0,0,0,0,-1,0,0.0000,-1,19,24,9,0,52,0,0,0,0
275.7072,3,0,7,0,0,0,0,-1,0,0.0000,-1,19,24,9,0,52,0,0,0,0
275.7282,3,0,7,0,0,0,0,-1,0,0.0000,-1,19,24,9,0,52,0,0,0,0
275.7488,3,0,7,0,0,0,0,-1,0,0.0000,-1,19,24,9,0,52,0,0,0,0
275.7853,3,0,7,0,0,0,0,-1,0,0.0000,-1,19,24,9,0,52,0,0,0,0
275.8003,3,0,7,0,0,0,0,-1,0,0.0000,-1,19,24,9,0,52,0,0,0,0
275.8137,3,0,7,0,0,0,0,-1,0,0.0000,-1,19,24,9,0,52,0,0,0,0
275.8288,3,0,7,0,0,0,0,-1,0,0.0000,-1,19,24,9,0,52,0,0,0,0
275.8502,3,0,7,0,0,0,0,-1,0,0.0000,-1,19,24,9,0,52,0,0,0,0
275.8706,3,0,7,0,0,0,0,-1,0,0.0000,-1,19,24,9,0,52,0,0,0,0
275.8905,3,0,7,0,0,0,0,-1,0,0.0000,-1,19,24,9,0,52,0,0,0,0
275.9092,3,0,7,0,0,0,0,-1,0,0.0000,-1,19,24,9,0,52,0,0,0,0
275.9318,3,0,7,0,0,0,0,-1,0,0.0000,-1,19,24,9,0,52,0,0,0,0
275.9518,3,0,7,0,0,0,0,-1,0,0.0000,-1,19,24,9,0,52,0,0,0,0
275.9873,3,0,7,0,0,0,0,-1,0,0.0000,-1,19,24,9,0,52,0,0,0,0
276.0007,3,0,7,0,0,0,0,-1,0,0.0000,-1,19,24,9,0,52,0,0,0,0
276.0134,3,0,7,0,0,0,0,-1,0,0.0000,-1,19,24,9,0,52,0,0,0,0
276.0316,3,0,7,0,0,0,0,-1,0,0.0000,-1,19,24,9,0,52,0,0,0,0
276.0521,3,0,7,0,0,0,0,-1,0,0.0000,-1,19,24,9,0,52,0,0,0,0
276.0742,3,0,7,0,0,0,0,-1,0,0.0000,-1,19,24,9,0,52,0,0,0,0
276.0933,3,0,7,0,0,0,0,-1,0,0.0000,-1,19,24,9,0,52,0,0,0,0
276.1117,3,0,7,0,0,0,0,-1,0,0.0000,-1,19,24,9,0,52,0,0,0,0
276.13,3,0,7,0,0,0,0,-1,0,0.0000,-1,19,24,9,0,52,0,0,0,0
276.1503,3,0,7,0,0,0,0,-1,0,0.0000,-1,19,24,9,0,52,0,0,0,0
276.1699,3,0,7,0,0,0,0,-1,1,1.0000,-1,19,24,9,0,52,0,0,0,0
276.1899,3,0,7,0,0,0,0,-1,0,1.0000,-1,19,24,9,0,52,0,0,0,0
276.2076,3,0,7,0,0,0,0,-1,0,1.0000,-1,19,24,9,0,52,0,0,0,0
276.2272,3,0,7,0,0,0,0,-1,0,1.0000,-1,19,24,9,0,52,0,0,0,0
276.2472,3,0,7,0,0,0,0,-1,0,1.0000,-1,19,24,9,0,52,0,0,0,0
276.2635,3,0,7,0,0,0,0,-1,0,1.0000,-1,19,24,9,0,52,0,0,0,0
276.286,3,0,7,0,0,0,0,-1,0,1.0000,-1,19,24,9,0,52,0,0,0,0
276.3048,3,0,7,0,0,0,0,-1,0,1.0000,-1,19,24,9,0,52,0,0,0,0
276.3229,3,0,7,0,0,0,0,-1,0,1.0000,-1,19,24,9,0,52,0,0,0,0
276.3414,3,0,7,0,0,0,0,-1,0,1.0000,-1,19,24,9,0,52,0,0,0,0
276.3612,3,0,7,0,0,0,0,-1,0,1.0000,-1,19,24,9,0,52,0,0,0,0
276.3805,3,0,7,0,0,0,0,-1,0,1.0000,-1,19,24,9,0,52,0,0,0,0
276.4,3,0,7,0,0,0,0,-1,0,1.0000,-1,19,24,9,0,52,0,0,0,0
276.4194,3,0,7,0,0,0,0,-1,0,1.0000,-1,19,24,9,0,52,0,0,0,0
276.4386,3,0,7,0,0,0,0,-1,0,1.0000,-1,19,24,9,0,52,0,0,0,0
276.4586,3,0,7,0,0,0,0,-1,0,1.0000,-1,19,24,9,0,52,0,0,0,0
276.4759,3,0,7,1,0,0,0,-1,0,1.0000,-1,19,24,9,0,52,0,0,0,0
276.497,3,0,7,1,0,0,0,-1,0,1.0000,-1,19,24,9,0,52,0,0,0,0
276.5162,3,0,7,1,0,0,0,-1,0,1.0000,-1,19,24,9,0,52,0,0,0,0
276.5359,3,0,7,1,0,0,0,-1,1,2.0000,-1,19,24,9,0,52,0,0,0,0
276.5543,3,0,7,1,0,0,0,-1,0,2.0000,-1,19,24,9,0,52,0,0,0,0
276.5748,3,0,7,1,0,0,0,-1,0,2.0000,-1,19,24,9,0,52,0,0,0,0
276.5928,3,0,7,1,0,0,0,-1,0,2.0000,-1,19,24,9,0,52,0,0,0,0
276.6296,3,0,7,1,0,0,0,-1,0,2.0000,-1,19,24,9,0,52,0,0,0,0
276.6437,3,0,7,1,0,0,0,-1,1,3.0000,-1,19,24,9,0,52,0,0,0,0
276.6573,3,0,7,1,0,0,0,-1,0,3.0000,-1,19,24,9,0,52,0,0,0,0
276.6733,3,0,7,1,0,0,0,-1,0,3.0000,-1,19,24,9,0,52,0,0,0,0
276.6949,3,0,7,1,0,0,0,-1,0,3.0000,-1,19,24,9,0,52,0,0,0,0
276.714,3,0,7,1,0,0,0,-1,0,3.0000,-1,19,24,9,0,52,0,0,0,0
276.7321,3,0,7,1,0,0,0,-1,0,3.0000,-1,19,24,9,0,52,0,0,0,0
276.7511,3,0,7,1,0,0,0,-1,0,3.0000,-1,19,24,9,0,52,0,0,0,0
276.7719,3,0,7,1,0,0,0,-1,0,3.0000,-1,19,24,9,0,52,0,0,0,0
276.791,3,0,7,1,0,0,0,-1,0,3.0000,-1,19,24,9,0,52,0,0,0,0
276.8094,3,0,7,1,0,0,0,-1,1,4.0000,-1,19,24,9,0,52,0,0,0,0
276.8295,3,0,7,1,0,0,1,149,0,4.0000,-1,19,24,9,0,52,0,0,0,0
276.8494,3,0,7,1,0,0,1,149,0,4.0000,-1,19,24,9,0,52,0,0,0,0
276.8665,3,0,7,1,0,0,1,149,0,4.0000,-1,19,24,9,0,52,0,0,0,0
276.8874,3,0,7,1,0,0,1,149,0,4.0000,-1,19,24,9,0,52,0,0,0,0
276.9079,3,0,7,1,0,0,1,149,0,4.0000,-1,19,24,9,0,52,0,0,0,0
276.928,3,0,7,1,0,0,1,149,0,4.0000,-1,19,24,9,0,52,0,0,0,0
276.9468,3,0,7,1,0,0,1,149,0,4.0000,-1,19,24,9,0,52,0,0,0,0
276.9648,3,0,7,1,0,0,1,149,0,4.0000,-1,19,24,9,0,52,0,0,0,0
276.9861,3,0,7,1,0,0,1,149,0,4.0000,-1,19,24,9,0,52,0,0,0,0
277.007,3,0,7,1,0,0,1,149,0,4.0000,-1,19,24,9,0,52,0,0,0,0
277.0266,3,0,7,1,0,0,1,149,0,4.0000,-1,19,24,9,0,52,0,0,0,0
277.0439,3,0,7,1,0,0,1,149,0,4.0000,-1,19,24,9,0,52,0,0,0,0
277.0635,3,0,7,1,0,0,1,149,0,4.0000,-1,19,24,9,0,52,0,0,0,0
277.0856,3,0,7,1,0,0,0,-1,0,4.0000,149,19,24,10,0,53,0,0,0,0
277.1052,3,0,7,1,0,0,0,-1,0,4.0000,-1,19,24,10,0,53,0,0,0,0
277.1255,3,0,7,1,0,0,0,-1,0,4.0000,-1,19,24,10,0,53,0,0,0,0
277.1438,3,0,7,1,0,0,0,-1,0,4.0000,-1,19,24,10,0,53,0,0,0,0
277.1653,3,0,7,1,0,0,0,-1,0,4.0000,-1,19,24,10,0,53,0,0,0,0
277.1851,3,0,7,1,0,0,0,-1,0,3.0000,-1,19,24,10,0,53,0,0,0,0
277.2052,3,0,7,1,0,0,0,-1,0,3.0000,-1,19,24,10,0,53,0,0,0,0
277.2251,3,0,7,1,0,0,0,-1,0,3.0000,-1,19,24,10,0,53,0,0,0,0
277.2443,3,0,7,1,0,0,0,-1,0,3.0000,-1,19,24,10,0,53,0,0,0,0
277.283,3,0,7,1,0,0,0,-1,1,4.0000,-1,19,24,10,0,53,0,0,0,0
277.2968,3,0,7,1,0,0,0,-1,0,4.0000,-1,19,24,10,0,53,0,0,0,0
277.3087,3,0,7,1,0,0,0,-1,0,4.0000,-1,19,24,10,0,53,0,0,0,0
277.3295,3,0,7,1,0,0,0,-1,0,4.0000,-1,19,24,10,0,53,0,0,0,0
277.3494,3,0,7,1,0,0,0,-1,0,4.0000,-1,19,24,10,0,53,0,0,0,0
277.3697,3,0,7,1,0,0,0,-1,0,4.0000,-1,19,24,10,0,53,0,0,0,0
277.3895,3,0,7,1,0,0,0,-1,0,4.0000,-1,19,24,10,0,53,0,0,0,0
277.4089,3,0,7,1,0,0,0,-1,0,4.0000,-1,19,24,10,0,53,0,0,0,0
277.4309,3,0,7,1,0,0,0,-1,0,4.0000,-1,19,24,10,0,53,0,0,0,0
277.4493,3,0,7,1,0,0,0,-1,0,4.0000,-1,19,24,10,0,53,0,0,0,0
277.4692,3,0,7,1,0,0,0,-1,0,4.0000,-1,19,24,10,0,53,0,0,0,0
277.4874,3,0,7,1,0,0,0,-1,0,4.0000,-1,19,24,10,0,53,0,0,0,0
277.5071,3,0,7,1,0,0,0,-1,0,4.0000,-1,19,24,10,0,53,0,0,0,0
277.5286,3,0,7,1,0,0,0,-1,0,4.0000,-1,19,24,10,0,53,0,0,0,0
277.5492,3,0,7,1,0,0,0,-1,1,4.0000,-1,19,24,10,0,53,0,0,0,0
277.5661,3,0,7,1,0,0,0,-1,0,4.0000,-1,19,24,10,0,53,0,0,0,0
277.587,3,0,7,1,0,0,0,-1,0,4.0000,-1,19,24,10,0,53,0,0,0,0
277.6085,3,0,7,1,0,0,0,-1,0,4.0000,-1,19,24,10,0,53,0,0,0,0
277.6268,3,0,7,1,0,0,0,-1,0,4.0000,-1,19,24,10,0,53,0,0,0,0
277.6459,3,0,7,1,0,0,0,-1,0,3.0000,-1,19,24,10,0,53,0,0,0,0
277.6664,3,0,7,1,0,0,0,-1,0,3.0000,-1,19,24,10,0,53,0,0,0,0
277.686,3,0,7,1,0,0,0,-1,0,3.0000,-1,19,24,10,0,53,0,0,0,0
277.7068,3,0,7,1,0,0,0,-1,0,3.0000,-1,19,24,10,0,53,0,0,0,0
277.7262,3,0,7,1,0,0,0,-1,0,3.0000,-1,19,24,10,0,53,0,0,0,0
277.7469,3,0,7,1,0,0,0,-1,0,3.0000,-1,19,24,10,0,53,0,0,0,0
277.7639,3,0,7,1,0,0,0,-1,0,3.0000,-1,19,24,10,0,53,0,0,0,0
277.786,3,0,7,1,0,0,0,-1,0,3.0000,-1,19,24,10,0,53,0,0,0,0
277.8068,3,0,7,1,0,0,0,-1,0,3.0000,-1,19,24,10,0,53,0,0,0,0
277.8263,3,0,7,1,0,0,0,-1,0,2.0000,-1,19,24,10,0,53,0,0,0,0
277.8462,3,0,7,1,0,0,0,-1,0,2.0000,-1,19,24,10,0,53,0,0,0,0
277.8638,3,0,7,1,0,0,0,-1,0,2.0000,-1,19,24,10,0,53,0,0,0,0
277.8851,3,0,7,1,0,0,0,-1,1,3.0000,-1,19,24,10,0,53,0,0,0,0
277.9052,3,0,7,1,0,0,0,-1,0,3.0000,-1,19,24,10,0,53,0,0,0,0
277.9236,3,0,7,1,0,0,0,-1,0,3.0000,-1,19,24,10,0,53,0,0,0,0
277.9424,3,0,7,1,0,0,0,-1,0,3.0000,-1,19,24,10,0,53,0,0,0,0
277.9635,3,0,7,1,0,0,1,154,0,3.0000,-1,19,24,10,0,53,0,0,0,0
277.9831,3,0,7,1,0,0,1,154,0,3.0000,-1,19,24,10,0,53,0,0,0,0
278.0015,3,0,7,1,0,0,1,154,0,3.0000,-1,19,24,10,0,53,0,0,0,0
278.019,3,0,7,1,0,0,1,154,0,3.0000,-1,19,24,10,0,53,0,0,0,0
278.0413,3,0,7,1,0,0,1,154,0,3.0000,-1,19,24,10,0,53,0,0,0,0
278.0625,3,0,7,1,0,0,1,154,0,3.0000,-1,19,24,10,0,53,0,0,0,0
278.0787,3,0,7,1,0,0,1,154,0,3.0000,-1,19,24,10,0,53,0,0,0,0
278.0983,3,0,7,1,0,0,1,154,1,4.0000,-1,19,24,10,0,53,0,0,0,0
278.1355,3,0,7,1,0,0,1,154,0,4.0000,-1,19,24,10,0,53,0,0,0,0
278.1491,3,0,7,1,0,0,1,154,0,4.0000,-1,19,24,10,0,53,0,0,0,0
278.1623,3,0,7,1,0,0,1,154,0,4.0000,-1,19,24,10,0,53,0,0,0,0
278.182,3,0,7,1,0,0,1,154,0,4.0000,-1,19,24,10,0,53,0,0,0,0
278.201,3,0,7,1,0,0,1,154,0,4.0000,-1,19,24,10,0,53,0,0,0,0
278.2188,3,0,7,1,0,0,1,154,0,4.0000,-1,19,24,10,0,53,0,0,0,0
278.2412,3,0,7,1,0,0,1,154,0,4.0000,-1,19,24,10,0,53,0,0,0,0
278.261,3,0,7,1,0,0,1,154,0,4.0000,-1,19,24,10,0,53,0,0,0,0
278.2792,3,0,7,1,0,0,1,154,0,4.0000,-1,19,24,10,0,53,0,0,0,0
278.2978,3,0,7,1,0,0,1,154,0,3.0000,-1,19,24,10,0,53,0,0,0,0
278.3181,3,0,7,1,0,0,1,154,0,3.0000,-1,19,24,10,0,53,0,0,0,0
278.339,3,0,7,1,0,0,1,154,0,3.0000,-1,19,24,10,0,53,0,0,0,0
278.3578,3,0,7,1,0,0,1,154,0,3.0000,-1,19,24,10,0,53,0,0,0,0
278.3798,3,0,7,1,0,0,1,154,0,3.0000,-1,19,24,10,0,53,0,0,0,0
278.3966,3,0,7,1,0,0,1,154,0,3.0000,-1,19,24,10,0,53,0,0,0,0
278.4179,3,0,7,1,0,0,1,154,0,3.0000,-1,19,24,10,0,53,0,0,0,0
278.4379,3,0,7,1,0,0,1,154,0,3.0000,-1,19,24,10,0,53,0,0,0,0
278.4567,3,0,7,1,0,0,1,154,0,3.0000,-1,19,24,10,0,53,0,0,0,0
278.4751,3,0,7,1,0,0,1,154,0,3.0000,-1,19,24,10,0,53,0,0,0,0
278.4973,3,0,7,1,0,0,1,154,0,3.0000,-1,19,24,10,0,53,0,0,0,0
278.5161,3,0,7,1,0,0,1,154,0,3.0000,-1,19,24,10,0,53,0,0,0,0
278.5359,3,0,7,1,0,0,1,154,0,3.0000,-1,19,24,10,0,53,0,0,0,0
278.5551,3,0,7,1,0,0,1,154,0,2.0000,-1,19,24,10,0,53,0,0,0,0
278.5745,3,0,7,1,0,0,1,154,0,2.0000,-1,19,24,10,0,53,0,0,0,0
278.5954,3,0,7,1,0,0,1,154,0,2.0000,-1,19,24,10,0,53,0,0,0,0
278.6168,3,0,7,1,0,0,1,154,1,3.0000,-1,19,24,10,0,53,0,0,0,0
278.6354,3,0,7,1,0,0,1,154,0,3.0000,-1,19,24,10,0,53,0,0,0,0
278.6544,3,0,7,1,0,0,0,-1,0,3.0000,-1,19,24,10,0,53,0,0,0,0
278.6747,3,0,7,1,0,0,0,-1,0,3.0000,-1,19,24,10,0,53,0,0,0,0
278.6966,3,0,7,1,0,0,0,-1,0,3.0000,-1,19,24,10,0,53,0,0,0,0
278.718,3,0,7,1,0,0,0,-1,0,3.0000,-1,19,24,10,0,53,0,0,0,0
278.7385,3,0,7,1,0,0,0,-1,0,3.0000,-1,19,24,10,0,53,0,0,0,0
278.7549,3,0,7,1,0,0,0,-1,0,3.0000,-1,19,24,10,0,53,0,0,0,0
278.7761,3,0,7,1,0,0,0,-1,0,3.0000,-1,19,24,10,0,53,0,0,0,0
278.7992,3,0,7,1,0,0,0,-1,0,3.0000,-1,19,24,10,0,53,0,0,0,0
278.8189,3,0,7,1,0,0,0,-1,0,3.0000,-1,19,24,10,0,53,0,0,0,0
278.8376,3,0,7,1,0,0,0,-1,0,3.0000,-1,19,24,10,0,53,0,0,0,0
278.859,3,0,7,1,0,0,0,-1,0,3.0000,-1,19,24,10,0,53,0,0,0,0
278.8779,3,0,7,1,0,0,0,-1,0,3.0000,-1,19,24,10,0,53,0,0,0,0
278.8973,3,0,7,1,0,0,0,-1,0,2.0000,-1,19,24,10,0,53,0,0,0,0
278.9202,3,0,7,1,0,0,0,-1,0,2.0000,-1,19,24,10,0,53,0,0,0,0
278.9392,3,0,7,1,0,0,0,-1,0,2.0000,-1,19,24,10,0,53,0,0,0,0
278.9613,3,0,7,1,0,0,0,-1,0,2.0000,-1,19,24,10,0,53,0,0,0,0
278.982,3,0,7,1,0,0,0,-1,1,3.0000,-1,19,24,10,0,53,0,0,0,0
279.0014,3,0,7,1,0,0,0,-1,0,3.0000,-1,19,24,10,0,53,0,0,0,0
279.0226,3,0,7,1,0,0,0,-1,0,3.0000,-1,19,24,10,0,53,0,0,0,0
279.0455,3,0,7,1,0,0,0,-1,0,3.0000,-1,19,24,10,0,53,0,0,0,0
279.0658,3,0,7,1,0,0,0,-1,0,3.0000,-1,19,24,10,0,53,0,0,0,0
279.0855,3,0,7,1,0,0,0,-1,0,3.0000,-1,19,24,10,0,53,0,0,0,0
279.1078,3,0,7,1,0,0,0,-1,0,2.0000,-1,19,24,10,0,53,0,0,0,0
279.1267,3,0,7,1,0,0,0,-1,0,2.0000,-1,19,24,10,0,53,0,0,0,0
279.1463,3,0,7,1,0,0,0,-1,0,2.0000,-1,19,24,10,0,53,0,0,0,0
279.1673,3,0,7,1,0,0,0,-1,0,2.0000,-1,19,24,10,0,53,0,0,0,0
279.1876,3,0,7,1,0,0,0,-1,0,2.0000,-1,19,24,10,0,53,0,0,0,0
279.2103,3,0,7,1,0,0,0,-1,0,2.0000,-1,19,24,10,0,53,0,0,0,0
279.2304,3,0,7,1,0,0,0,-1,0,2.0000,-1,19,24,10,0,53,0,0,0,0
279.2517,3,0,7,1,0,0,0,-1,0,2.0000,-1,19,24,10,0,53,0,0,0,0
279.272,3,0,7,1,0,0,0,-1,0,2.0000,-1,19,24,10,0,53,0,0,0,0
279.2898,3,0,7,1,0,0,0,-1,0,2.0000,-1,19,24,10,0,53,0,0,0,0
279.3109,3,0,7,1,0,0,0,-1,0,2.0000,-1,19,24,10,0,53,0,0,0,0
279.3324,3,0,7,1,0,0,0,-1,0,2.0000,-1,19,24,10,0,53,0,0,0,0
279.3524,3,0,7,1,0,0,0,-1,0,2.0000,-1,19,24,10,0,53,0,0,0,0
279.393,3,0,7,1,0,0,0,-1,0,2.0000,-1,19,24,10,0,53,0,0,0,0
279.4072,3,0,7,1,0,0,0,-1,0,2.0000,-1,19,24,10,0,53,0,0,0,0
279.4218,3,0,7,1,0,0,0,-1,0,2.0000,-1,19,24,10,0,53,0,0,0,0
279.4391,3,0,7,1,0,0,0,-1,1,3.0000,-1,19,24,10,0,53,0,0,0,0
279.4624,3,0,7,1,0,0,0,-1,0,3.0000,-1,19,24,10,0,53,0,0,0,0
279.4821,3,0,7,1,0,0,0,-1,0,3.0000,-1,19,24,10,0,53,0,0,0,0
279.5009,3,0,7,1,1,0,0,-1,1,4.0000,-1,19,24,10,0,53,0,0,0,0
279.5218,3,0,7,0,1,0,0,-1,0,4.0000,-1,19,24,10,0,53,0,0,0,0
279.5392,3,0,7,0,1,0,0,-1,0,4.0000,-1,19,24,10,0,53,0,0,0,0
279.5634,3,0,7,0,1,0,0,-1,0,4.0000,-1,19,24,10,0,53,0,0,0,0
279.5988,3,0,7,0,1,0,0,-1,0,4.0000,-1,19,24,10,0,53,0,0,0,0
279.6158,3,0,7,0,1,0,0,-1,0,4.0000,-1,19,24,10,0,53,0,0,0,0
279.6313,3,0,7,0,1,0,0,-1,0,3.0000,-1,19,24,10,0,53,0,0,0,0
279.6478,3,0,7,0,1,0,0,-1,0,3.0000,-1,19,24,10,0,53,0,0,0,0
279.6667,3,0,7,0,1,0,0,-1,0,3.0000,-1,19,24,10,0,53,0,0,0,0
279.6868,3,0,7,0,1,0,0,-1,0,3.0000,-1,19,24,10,0,53,0,0,0,0
279.7062,3,0,7,0,1,0,0,-1,0,3.0000,-1,19,24,10,0,53,0,0,0,0
279.7246,3,0,7,0,1,0,0,-1,0,3.0000,-1,19,24,10,0,53,0,0,0,0
279.7437,3,0,7,0,1,0,0,-1,0,3.0000,-1,19,24,10,0,53,0,0,0,0
279.7654,3,0,7,0,1,0,0,-1,0,3.0000,-1,19,24,10,0,53,0,0,0,0
279.7862,3,0,7,0,1,0,0,-1,0,3.0000,-1,19,24,10,0,53,0,0,0,0
279.806,3,0,7,0,1,0,0,-1,0,3.0000,-1,19,24,10,0,53,0,0,0,0
279.8263,3,0,7,0,1,0,0,-1,0,3.0000,-1,19,24,10,0,53,0,0,0,0
279.846,3,0,7,0,1,0,0,-1,0,3.0000,-1,19,24,10,0,53,0,0,0,0
279.8649,3,0,7,0,1,0,0,-1,0,3.0000,-1,19,24,10,0,53,0,0,0,0
279.8878,3,0,7,0,1,0,0,-1,0,3.0000,-1,19,24,10,0,53,0,0,0,0
279.9079,3,0,7,0,1,0,0,-1,1,4.0000,-1,19,24,10,0,53,0,0,0,0
279.9261,3,0,7,0,1,0,1,156,0,4.0000,-1,19,24,10,0,53,0,0,0,0
279.9464,3,0,7,0,1,0,1,156,0,4.0000,-1,19,24,10,0,53,0,0,0,0
279.9669,3,0,7,0,1,0,1,156,0,4.0000,-1,19,24,10,0,53,0,0,0,0
279.9878,3,0,7,0,1,0,1,156,1,4.0000,-1,19,24,10,0,53,0,0,0,0
280.0097,3,0,7,0,1,0,1,156,0,4.0000,-1,19,24,10,0,53,0,0,0,0
280.0297,3,0,7,0,1,0,1,156,0,4.0000,-1,19,24,10,0,53,0,0,0,0
280.0513,3,0,7,0,1,0,1,156,0,4.0000,-1,19,24,10,0,53,0,0,0,0
280.0714,3,0,7,0,1,0,1,156,0,4.0000,-1,19,24,10,0,53,0,0,0,0
280.0912,3,0,7,0,1,0,1,156,0,4.0000,-1,19,24,10,0,53,0,0,0,0
280.1112,3,0,7,0,1,0,1,156,0,4.0000,-1,19,24,10,0,53,0,0,0,0
280.1335,3,0,7,0,1,0,1,156,0,4.0000,-1,19,24,10,0,53,0,0,0,0
280.1551,3,0,7,0,1,0,1,156,0,4.0000,-1,19,24,10,0,53,0,0,0,0
280.1757,3,0,7,0,1,0,1,156,0,4.0000,-1,19,24,10,0,53,0,0,0,0
280.1971,3,0,7,0,1,0,1,156,0,4.0000,-1,19,24,10,0,53,0,0,0,0
280.2174,3,0,7,0,1,0,0,-1,0,4.0000,-1,19,24,10,0,53,0,0,0,0
280.2369,3,0,7,0,1,0,0,-1,0,4.0000,-1,19,24,10,0,53,0,0,0,0
280.2577,3,0,7,0,1,0,0,-1,0,4.0000,-1,19,24,10,0,53,0,0,0,0
280.2775,3,0,7,0,1,0,0,-1,0,4.0000,-1,19,24,10,0,53,0,0,0,0
280.2989,3,0,7,0,1,0,0,-1,0,4.0000,-1,19,24,10,0,53,0,0,0,0
280.3202,3,0,7,0,1,0,0,-1,0,4.0000,-1,19,24,10,0,53,0,0,0,0
280.3399,3,0,7,0,1,0,0,-1,0,4.0000,-1,19,24,10,0,53,0,0,0,0
280.3614,3,0,7,0,1,0,0,-1,0,4.0000,-1,19,24,10,0,53,0,0,0,0
280.383,3,0,7,0,1,0,0,-1,0,4.0000,-1,19,24,10,0,53,0,0,0,0
280.4091,3,0,7,0,1,0,0,-1,1,5.0000,-1,19,24,10,0,53,0,0,0,0
280.4269,3,0,7,0,1,0,0,-1,0,5.0000,-1,19,24,10,0,53,0,0,0,0
280.4433,3,0,7,0,1,0,0,-1,0,4.0000,-1,19,24,10,0,53,0,0,0,0
280.4653,3,0,7,0,1,0,0,-1,0,4.0000,-1,19,24,10,0,53,0,0,0,0
280.4864,3,0,7,0,1,0,0,-1,0,4.0000,-1,19,24,10,0,53,0,0,0,0
280.506,3,0,7,0,1,0,0,-1,0,3.0000,-1,19,24,10,0,53,0,0,0,0
280.5301,3,0,7,0,1,0,0,-1,0,3.0000,-1,19,24,10,0,53,0,0,0,0
280.546,3,0,7,0,1,0,0,-1,0,3.0000,-1,19,24,10,0,53,0,0,0,0
280.5682,3,0,7,0,1,0,0,-1,0,3.0000,-1,19,24,10,0,53,0,0,0,0
280.5907,3,0,7,0,1,0,1,159,0,3.0000,-1,19,24,10,0,53,0,0,0,0
280.6288,3,0,7,0,1,0,1,159,0,3.0000,-1,19,24,10,0,53,0,0,0,0
280.6432,3,0,7,0,1,0,1,157,0,3.0000,-1,19,24,10,0,53,0,0,0,0
280.6578,3,0,7,0,1,0,1,157,0,3.0000,-1,19,24,10,0,53,0,0,0,0
280.6776,3,0,7,0,1,0,1,157,0,3.0000,-1,19,24,10,0,53,0,0,0,0
280.6995,3,0,7,0,1,0,1,157,0,3.0000,-1,19,24,10,0,53,0,0,0,0
280.7196,3,0,7,0,1,0,1,157,1,4.0000,-1,19,24,10,0,53,0,0,0,0
280.7426,3,0,7,0,1,0,1,157,0,4.0000,-1,19,24,10,0,53,0,0,0,0
280.763,3,0,7,0,1,0,1,157,1,5.0000,-1,19,24,10,0,53,0,0,0,0
280.7833,3,0,7,0,0,0,1,157,0,5.0000,-1,19,24,10,0,53,0,0,0,0
280.803,3,0,7,0,0,0,0,-1,0,5.0000,-1,19,24,10,0,53,0,0,0,0
280.8441,3,0,7,0,0,0,0,-1,0,5.0000,-1,19,24,10,0,53,0,0,0,0
280.8586,3,0,7,0,0,0,0,-1,0,5.0000,-1,19,24,10,0,53,0,0,0,0
280.872,3,0,7,0,0,0,0,-1,0,5.0000,157,19,24,11,0,54,0,0,0,0
280.8907,3,0,7,0,0,0,0,-1,0,5.0000,-1,19,24,11,0,54,0,0,0,0
280.9131,3,0,7,0,0,0,0,-1,1,5.0000,-1,19,24,11,0,54,0,0,0,0
280.9355,3,0,7,0,0,0,0,-1,0,5.0000,-1,19,24,11,0,54,0,0,0,0
280.9568,3,0,7,0,0,0,0,-1,0,5.0000,-1,19,24,11,0,54,0,0,0,0
280.9787,3,0,7,0,0,0,0,-1,0,5.0000,-1,19,24,11,0,54,0,0,0,0
281.0003,3,0,7,0,0,0,0,-1,0,4.0000,-1,19,24,11,0,54,0,0,0,0
281.0227,3,0,7,0,0,0,0,-1,0,4.0000,-1,19,24,11,0,54,0,0,0,0
281.0664,3,0,7,0,0,0,0,-1,0,4.0000,-1,19,24,11,0,54,0,0,0,0
281.0878,3,0,7,0,0,0,0,-1,0,4.0000,-1,19,24,11,0,54,0,0,0,0
281.1017,3,0,7,0,0,0,0,-1,0,4.0000,-1,19,24,11,0,54,0,0,0,0
281.1199,3,0,7,0,0,0,0,-1,0,4.0000,-1,19,24,11,0,54,0,0,0,0
281.1425,3,0,7,0,0,0,0,-1,0,4.0000,-1,19,24,11,0,54,0,0,0,0
281.1646,3,0,7,0,0,0,0,-1,0,4.0000,-1,19,24,11,0,54,0,0,0,0
281.1873,3,0,7,0,0,0,0,-1,1,5.0000,-1,19,24,11,0,54,0,0,0,0
281.2079,3,0,7,0,0,0,0,-1,0,5.0000,-1,19,24,11,0,54,0,0,0,0
281.2303,3,0,7,0,0,0,0,-1,0,5.0000,-1,19,24,11,0,54,0,0,0,0
281.2501,3,0,7,0,0,0,0,-1,0,5.0000,-1,19,24,11,0,54,0,0,0,0
281.2694,3,0,7,0,0,0,0,-1,1,6.0000,-1,19,24,11,0,54,0,0,0,0
281.2934,3,0,7,0,0,0,0,-1,0,6.0000,-1,19,24,11,0,54,0,0,0,0
281.3152,3,0,7,0,0,0,0,-1,0,6.0000,-1,19,24,11,0,54,0,0,0,0
281.3365,3,0,7,0,0,0,0,-1,0,6.0000,-1,19,24,11,0,54,0,0,0,0
281.3599,3,0,7,0,0,0,0,-1,0,6.0000,-1,19,24,11,0,54,0,0,0,0
281.3824,3,0,7,0,0,0,0,-1,0,6.0000,-1,19,24,11,0,54,0,0,0,0
281.4044,3,0,7,0,0,0,0,-1,0,6.0000,-1,19,24,11,0,54,0,0,0,0
281.4256,3,0,7,0,0,0,0,-1,0,5.0000,-1,19,24,11,0,54,0,0,0,0
281.4473,3,0,7,0,0,0,0,-1,0,5.0000,-1,19,24,11,0,54,0,0,0,0
281.4691,3,0,7,0,0,0,0,-1,0,5.0000,-1,19,24,11,0,54,0,0,0,0
281.4917,3,0,7,0,0,0,0,-1,0,5.0000,-1,19,24,11,0,54,0,0,0,0
281.5147,3,0,7,0,0,0,0,-1,0,5.0000,-1,19,24,11,0,54,0,0,0,0
281.535,3,0,7,0,0,0,0,-1,0,5.0000,-1,19,24,11,0,54,0,0,0,0
281.5559,3,0,7,0,0,0,0,-1,1,6.0000,-1,19,24,11,0,54,0,0,0,0
281.5771,3,0,7,0,0,0,0,-1,0,6.0000,-1,19,24,11,0,54,0,0,0,0
281.5971,3,0,7,0,0,0,0,-1,0,6.0000,-1,19,24,11,0,54,0,0,0,0
281.6174,3,0,7,0,0,0,0,-1,0,6.0000,-1,19,24,11,0,54,0,0,0,0
281.6372,3,0,7,0,0,0,0,-1,0,6.0000,-1,19,24,11,0,54,0,0,0,0
281.6576,3,0,7,0,0,0,0,-1,0,6.0000,-1,19,24,11,0,54,0,0,0,0
281.6821,3,0,7,0,0,0,0,-1,1,7.0000,-1,19,24,11,0,54,0,0,0,0
281.705,3,0,7,0,0,0,0,-1,0,7.0000,-1,19,24,11,0,54,0,0,0,0
281.7224,3,0,7,0,0,0,0,-1,0,6.0000,-1,19,24,11,0,54,0,0,0,0
281.7455,3,0,7,0,0,0,0,-1,0,6.0000,-1,19,24,11,0,54,0,0,0,0
281.7661,3,0,7,0,0,0,0,-1,0,5.0000,-1,19,24,11,0,54,0,0,0,0
281.7842,3,0,7,0,0,0,0,-1,0,5.0000,-1,19,24,11,0,54,0,0,0,0
281.8041,3,0,7,0,0,0,0,-1,0,5.0000,-1,19,24,11,0,54,0,0,0,0
281.8258,3,0,7,0,0,0,0,-1,0,5.0000,-1,19,24,11,0,54,0,0,0,0
281.8455,3,0,7,0,0,0,0,-1,0,5.0000,-1,19,24,11,0,54,0,0,0,0
281.8653,3,0,7,0,0,0,0,-1,0,5.0000,-1,19,24,11,0,54,0,0,0,0
281.9055,3,0,7,0,0,0,0,-1,0,5.0000,-1,19,24,11,0,54,0,0,0,0
281.9193,3,0,7,0,0,0,0,-1,0,4.0000,-1,19,24,11,0,54,0,0,0,0
281.9349,3,0,7,0,0,0,0,-1,0,4.0000,-1,19,24,11,0,54,0,0,0,0
281.9527,3,0,7,0,0,0,0,-1,0,4.0000,-1,19,24,11,0,54,0,0,0,0
281.9752,3,0,7,0,0,0,0,-1,0,4.0000,-1,19,24,11,0,54,0,0,0,0
281.9957,3,0,7,0,0,0,1,162,0,4.0000,-1,19,24,11,0,54,0,0,0,0
282.014,3,0,7,0,0,0,1,162,1,5.0000,-1,19,24,11,0,54,0,0,0,0
282.0353,3,0,7,0,0,0,1,162,0,5.0000,-1,19,24,11,0,54,0,0,0,0
282.0549,3,0,7,0,0,0,1,162,0,5.0000,-1,19,24,11,0,54,0,0,0,0
282.0764,3,0,7,0,0,0,1,162,0,5.0000,-1,19,24,11,0,54,0,0,0,0
282.1151,3,0,7,0,0,0,1,162,0,5.0000,-1,19,24,11,0,54,0,0,0,0
282.1295,3,0,7,0,0,0,1,162,0,5.0000,-1,19,24,11,0,54,0,0,0,0
282.143,3,0,7,0,0,0,1,162,0,5.0000,-1,19,24,11,0,54,0,0,0,0
282.1635,3,0,7,0,0,0,1,162,0,5.0000,-1,19,24,11,0,54,0,0,0,0
282.1839,3,0,7,0,0,0,1,162,0,5.0000,-1,19,24,11,0,54,0,0,0,0
282.2056,3,0,7,0,0,0,1,162,0,4.0000,-1,19,24,11,0,54,0,0,0,0
282.2259,3,0,7,0,0,0,1,162,0,4.0000,-1,19,24,11,0,54,0,0,0,0
282.2448,3,0,7,0,0,0,1,162,0,4.0000,-1,19,24,11,0,54,0,0,0,0
282.267,3,0,7,0,0,0,1,162,0,4.0000,-1,19,24,11,0,54,0,0,0,0
282.2869,3,0,7,0,0,0,1,162,0,3.0000,-1,19,24,11,0,54,0,0,0,0
282.3257,3,0,7,0,0,0,1,162,1,4.0000,-1,19,24,11,0,54,0,0,0,0
282.3375,3,0,7,0,0,0,1,162,0,4.0000,-1,19,24,11,0,54,0,0,0,0
282.3529,3,0,7,0,0,0,1,162,0,4.0000,-1,19,24,11,0,54,0,0,0,0
282.3734,3,0,7,0,0,0,1,162,0,4.0000,-1,19,24,11,0,54,0,0,0,0
282.3945,3,0,7,0,0,0,1,162,0,4.0000,-1,19,24,11,0,54,0,0,0,0
282.4151,3,0,7,0,0,0,1,162,0,4.0000,-1,19,24,11,0,54,0,0,0,0
282.4358,3,0,7,0,0,0,1,162,0,4.0000,-1,19,24,11,0,54,0,0,0,0
282.4565,3,0,7,0,0,0,1,162,0,4.0000,-1,19,24,11,0,54,0,0,0,0
282.477,3,0,7,0,0,0,1,162,0,4.0000,-1,19,24,11,0,54,0,0,0,0
282.4967,3,0,7,0,0,0,1,162,0,4.0000,-1,19,24,11,0,54,0,0,0,0
282.5369,3,0,7,0,0,0,1,162,0,4.0000,-1,19,24,11,0,54,0,0,0,0
282.5483,3,0,7,0,0,0,1,162,0,4.0000,-1,19,24,11,0,54,0,0,0,0
282.5632,3,0,7,0,0,0,1,162,0,3.0000,-1,19,24,11,0,54,0,0,0,0
282.5847,3,0,7,0,0,0,1,162,0,3.0000,-1,19,24,11,0,54,0,0,0,0
282.6068,3,0,7,0,0,0,1,162,0,3.0000,-1,19,24,11,0,54,0,0,0,0
282.6278,3,0,7,0,0,0,1,162,0,3.0000,-1,19,24,11,0,54,0,0,0,0
282.6471,3,0,7,0,0,0,1,162,0,3.0000,-1,19,24,11,0,54,0,0,0,0
282.6686,3,0,7,0,0,0,1,162,0,3.0000,-1,19,24,11,0,54,0,0,0,0
282.6885,3,0,7,0,0,0,1,162,0,2.0000,-1,19,24,11,0,54,0,0,0,0
282.7101,3,0,7,0,0,0,1,162,0,2.0000,-1,19,24,11,0,54,0,0,0,0
282.7488,3,0,7,0,0,0,1,162,0,2.0000,-1,19,24,11,0,54,0,0,0,0
282.7617,3,0,7,0,0,0,1,162,0,2.0000,-1,19,24,11,0,54,0,0,0,0
282.7758,3,0,7,0,0,0,1,162,0,2.0000,-1,19,24,11,0,54,0,0,0,0
282.796,3,0,7,0,0,0,1,162,0,2.0000,-1,19,24,11,0,54,0,0,0,0
282.817,3,0,7,0,0,0,1,162,0,2.0000,-1,19,24,11,0,54,0,0,0,0
282.8375,3,0,7,0,0,0,1,162,0,2.0000,-1,19,24,11,0,54,0,0,0,0
282.8587,3,0,7,0,0,0,1,162,0,2.0000,-1,19,24,11,0,54,0,0,0,0
282.8784,3,0,7,0,0,0,1,162,0,2.0000,-1,19,24,11,0,54,0,0,0,0
282.8975,3,0,7,0,0,0,1,162,0,2.0000,-1,19,24,11,0,54,0,0,0,0
282.92,3,0,7,0,0,0,1,162,0,2.0000,-1,19,24,11,0,54,0,0,0,0
282.9589,3,0,7,0,0,0,1,162,0,2.0000,-1,19,24,11,0,54,0,0,0,0
282.9703,3,0,7,0,0,0,0,-1,0,2.0000,162,19,24,12,0,55,0,0,0,0
282.9851,3,0,7,0,0,0,0,-1,0,2.0000,-1,19,24,12,0,55,0,0,0,0
283.0061,3,0,7,0,0,0,0,-1,0,2.0000,-1,19,24,12,0,55,0,0,0,0
283.0291,3,0,7,0,0,0,1,163,0,1.0000,-1,19,24,12,0,55,0,0,0,0
283.0494,3,0,7,0,0,0,1,163,1,2.0000,-1,19,24,12,0,55,0,0,0,0
283.0709,3,0,7,0,0,0,1,163,0,2.0000,-1,19,24,12,0,55,0,0,0,0
283.0914,3,0,7,0,0,0,0,-1,0,2.0000,-1,19,24,12,0,55,0,0,0,0
283.1118,3,0,7,0,0,0,0,-1,0,2.0000,-1,19,24,12,0,55,0,0,0,0
283.1326,3,0,7,0,0,0,0,-1,0,2.0000,-1,19,24,12,0,55,0,0,0,0
283.1728,3,0,7,0,0,0,0,-1,0,2.0000,-1,19,24,12,0,55,0,0,0,0
283.1865,3,0,7,0,0,0,0,-1,0,2.0000,-1,19,24,12,0,55,0,0,0,0
283.1999,3,0,7,0,0,0,0,-1,0,2.0000,-1,19,24,12,0,55,0,0,0,0
283.2216,3,0,7,0,0,0,0,-1,0,2.0000,-1,19,24,12,0,55,0,0,0,0
283.2427,3,0,7,0,0,0,0,-1,0,2.0000,-1,19,24,12,0,55,0,0,0,0
283.2655,3,0,7,0,0,0,0,-1,0,2.0000,-1,19,24,12,0,55,0,0,0,0
283.286,3,0,7,0,0,0,0,-1,0,2.0000,-1,19,24,12,0,55,0,0,0,0
283.3069,3,0,7,0,0,0,0,-1,0,2.0000,-1,19,24,12,0,55,0,0,0,0
283.3286,3,0,7,0,0,0,0,-1,0,1.0000,-1,19,24,12,0,55,0,0,0,0
283.349,3,0,7,0,0,0,0,-1,0,1.0000,-1,19,24,12,0,55,0,0,0,0
283.3703,3,0,7,0,0,0,0,-1,0,1.0000,-1,19,24,12,0,55,0,0,0,0
283.3918,3,0,7,0,0,0,0,-1,0,1.0000,-1,19,24,12,0,55,0,0,0,0
283.4126,3,0,7,0,0,0,0,-1,0,1.0000,-1,19,24,12,0,55,0,0,0,0
283.4334,3,0,7,0,0,0,0,-1,0,1.0000,-1,19,24,12,0,55,0,0,0,0
283.4576,3,0,7,0,0,0,0,-1,0,1.0000,-1,19,24,12,0,55,0,0,0,0
283.4802,3,0,7,0,0,0,0,-1,0,1.0000,-1,19,24,12,0,55,0,0,0,0
283.5008,3,0,7,0,0,0,0,-1,0,1.0000,-1,19,24,12,0,55,0,0,0,0
283.5221,3,0,7,0,0,0,0,-1,0,1.0000,-1,19,24,12,0,55,0,0,0,0
283.5446,3,0,7,0,0,0,0,-1,1,2.0000,-1,19,24,12,0,55,0,0,0,0
283.5656,3,0,7,0,0,0,0,-1,0,2.0000,-1,19,24,12,0,55,0,0,0,0
283.5874,3,0,7,0,0,0,0,-1,0,2.0000,-1,19,24,12,0,55,0,0,0,0
283.6075,3,0,7,0,0,0,0,-1,0,2.0000,-1,19,24,12,0,55,0,0,0,0
283.6286,3,0,7,0,0,0,0,-1,0,2.0000,-1,19,24,12,0,55,0,0,0,0
283.6503,3,0,7,0,0,0,0,-1,0,2.0000,-1,19,24,12,0,55,0,0,0,0
283.6722,3,0,7,0,0,0,0,-1,0,2.0000,-1,19,24,12,0,55,0,0,0,0
283.6925,3,0,7,0,0,0,0,-1,0,2.0000,-1,19,24,12,0,55,0,0,0,0
283.7102,3,0,7,0,0,0,0,-1,0,2.0000,-1,19,24,12,0,55,0,0,0,0
283.7336,3,0,7,0,0,0,0,-1,0,2.0000,-1,19,24,12,0,55,0,0,0,0
283.7543,3,0,7,0,0,0,0,-1,0,2.0000,-1,19,24,12,0,55,0,0,0,0
283.7729,3,0,7,0,0,0,0,-1,0,2.0000,-1,19,24,12,0,55,0,0,0,0
283.795,3,0,7,0,0,0,0,-1,0,2.0000,-1,19,24,12,0,55,0,0,0,0
283.8148,3,0,7,0,0,0,0,-1,1,3.0000,-1,19,24,12,0,55,0,0,0,0
283.8373,3,0,7,0,0,0,0,-1,0,3.0000,-1,19,24,12,0,55,0,0,0,0
283.8585,3,0,7,0,0,0,0,-1,0,3.0000,-1,19,24,12,0,55,0,0,0,0
283.88,3,0,7,0,0,0,1,163,0,3.0000,-1,19,24,12,0,55,0,0,0,0
283.9012,3,0,7,0,0,0,1,163,0,3.0000,-1,19,24,12,0,55,0,0,0,0
283.9227,3,0,7,0,0,0,1,163,0,3.0000,-1,19,24,12,0,55,0,0,0,0
283.9442,3,0,7,0,0,0,1,163,0,3.0000,-1,19,24,12,0,55,0,0,0,0
283.9645,3,0,7,0,0,0,1,163,0,3.0000,-1,19,24,12,0,55,0,0,0,0
283.9856,3,0,7,0,0,0,1,163,0,3.0000,-1,19,24,12,0,55,0,0,0,0
284.0229,3,0,7,0,0,0,1,163,0,3.0000,-1,19,24,12,0,55,0,0,0,0
284.0388,3,0,7,0,0,0,1,163,0,3.0000,-1,19,24,12,0,55,0,0,0,0
284.0525,3,0,7,0,0,0,0,-1,0,2.0000,163,19,24,13,0,56,0,0,0,0
284.072,3,0,7,0,0,0,0,-1,0,2.0000,-1,19,24,13,0,56,0,0,0,0
284.0954,3,0,7,0,0,0,0,-1,0,2.0000,-1,19,24,13,0,56,0,0,0,0
284.1157,3,0,7,0,0,0,0,-1,1,3.0000,-1,19,24,13,0,56,0,0,0,0
284.1359,3,0,7,0,0,0,0,-1,0,3.0000,-1,19,24,13,0,56,0,0,0,0
284.1578,3,0,7,0,0,0,0,-1,1,4.0000,-1,19,24,13,0,56,0,0,0,0
284.1812,3,0,7,0,0,0,0,-1,0,4.0000,-1,19,24,13,0,56,0,0,0,0
284.2033,3,0,7,0,0,0,0,-1,0,4.0000,-1,19,24,13,0,56,0,0,0,0
284.2415,3,0,7,0,0,0,0,-1,0,4.0000,-1,19,24,13,0,56,0,0,0,0
284.2558,3,0,7,0,0,0,0,-1,0,4.0000,-1,19,24,13,0,56,0,0,0,0
284.2708,3,0,7,0,0,0,0,-1,0,4.0000,-1,19,24,13,0,56,0,0,0,0
284.2928,3,0,7,0,0,0,0,-1,0,4.0000,-1,19,24,13,0,56,0,0,0,0
284.3137,3,0,7,0,0,0,0,-1,0,4.0000,-1,19,24,13,0,56,0,0,0,0
284.3351,3,0,7,0,0,0,0,-1,0,4.0000,-1,19,24,13,0,56,0,0,0,0
284.3555,3,0,7,0,0,0,0,-1,0,4.0000,-1,19,24,13,0,56,0,0,0,0
284.3759,3,0,7,0,0,0,0,-1,0,4.0000,-1,19,24,13,0,56,0,0,0,0
284.3968,3,0,7,0,0,0,0,-1,0,4.0000,-1,19,24,13,0,56,0,0,0,0
284.4181,3,0,7,0,0,0,0,-1,0,4.0000,-1,19,24,13,0,56,0,0,0,0
284.4398,3,0,7,0,0,0,0,-1,0,4.0000,-1,19,24,13,0,56,0,0,0,0
284.4611,3,0,7,0,0,0,0,-1,0,4.0000,-1,19,24,13,0,56,0,0,0,0
284.4822,3,0,7,0,0,0,0,-1,0,4.0000,-1,19,24,13,0,56,0,0,0,0
284.502,3,0,7,0,0,0,0,-1,0,4.0000,-1,19,24,13,0,56,0,0,0,0
284.524,3,0,7,0,0,0,0,-1,0,4.0000,-1,19,24,13,0,56,0,0,0,0
284.545,3,0,7,0,0,0,0,-1,0,3.0000,-1,19,24,13,0,56,0,0,0,0
284.5651,3,0,7,0,0,0,0,-1,0,3.0000,-1,19,24,13,0,56,0,0,0,0
284.5867,3,0,7,0,0,0,0,-1,0,3.0000,-1,19,24,13,0,56,0,0,0,0
284.6066,3,0,7,0,0,0,0,-1,0,3.0000,-1,19,24,13,0,56,0,0,0,0
284.6276,3,0,7,0,0,0,0,-1,0,3.0000,-1,19,24,13,0,56,0,0,0,0
284.6493,3,0,7,0,0,0,0,-1,0,3.0000,-1,19,24,13,0,56,0,0,0,0
284.6696,3,0,7,0,0,0,0,-1,0,3.0000,-1,19,24,13,0,56,0,0,0,0
284.6911,3,0,7,0,0,0,0,-1,1,4.0000,-1,19,24,13,0,56,0,0,0,0
284.7114,3,0,7,0,0,0,0,-1,0,4.0000,-1,19,24,13,0,56,0,0,0,0
284.733,3,0,7,0,0,0,0,-1,0,4.0000,-1,19,24,13,0,56,0,0,0,0
284.7545,3,0,7,0,0,0,1,167,0,4.0000,-1,19,24,13,0,56,0,0,0,0
284.7745,3,0,7,0,0,0,1,167,0,4.0000,-1,19,24,13,0,56,0,0,0,0
284.7962,3,0,7,0,0,0,1,167,0,4.0000,-1,19,24,13,0,56,0,0,0,0
284.8171,3,0,7,0,0,0,1,167,0,3.0000,-1,19,24,13,0,56,0,0,0,0
284.8383,3,0,7,0,0,0,1,167,0,3.0000,-1,19,24,13,0,56,0,0,0,0
284.8588,3,0,7,0,0,0,1,167,0,3.0000,-1,19,24,13,0,56,0,0,0,0
284.8806,3,0,7,0,0,0,1,167,0,3.0000,-1,19,24,13,0,56,0,0,0,0
284.9007,3,0,7,0,0,0,1,167,1,4.0000,-1,19,24,13,0,56,0,0,0,0
284.9229,3,0,7,0,0,0,1,167,0,4.0000,-1,19,24,13,0,56,0,0,0,0
284.9448,3,0,7,0,0,0,1,167,0,4.0000,-1,19,24,13,0,56,0,0,0,0
284.9645,3,0,7,0,0,0,1,167,0,4.0000,-1,19,24,13,0,56,0,0,0,0
284.9875,3,0,7,0,0,0,1,167,0,4.0000,-1,19,24,13,0,56,0,0,0,0
285.0083,3,0,7,0,0,0,1,167,0,4.0000,-1,19,24,13,0,56,0,0,0,0
285.0296,3,0,7,0,0,0,1,167,0,4.0000,-1,19,24,13,0,56,0,0,0,0
285.0504,3,0,7,0,0,0,1,167,0,4.0000,-1,19,24,13,0,56,0,0,0,0
285.0719,3,0,7,0,0,0,1,167,0,4.0000,-1,19,24,13,0,56,0,0,0,0
285.0936,3,0,7,0,0,0,1,167,0,4.0000,-1,19,24,13,0,56,0,0,0,0
285.1148,3,0,7,0,0,0,1,167,0,4.0000,-1,19,24,13,0,56,0,0,0,0
285.1356,3,0,7,0,0,0,1,167,0,3.0000,-1,19,24,13,0,56,0,0,0,0
285.1552,3,0,7,0,0,0,1,167,0,3.0000,-1,19,24,13,0,56,0,0,0,0
285.179,3,0,7,0,0,0,1,167,0,2.0000,-1,19,24,13,0,56,0,0,0,0
285.1994,3,0,7,0,0,0,1,167,0,2.0000,-1,19,24,13,0,56,0,0,0,0
285.2204,3,0,7,0,0,0,1,167,0,2.0000,-1,19,24,13,0,56,0,0,0,0
285.2421,3,0,7,0,0,0,1,167,1,3.0000,-1,19,24,13,0,56,0,0,0,0
285.2627,3,0,7,0,0,0,1,167,0,3.0000,-1,19,24,13,0,56,0,0,0,0
285.3021,3,0,7,0,0,0,1,167,0,3.0000,-1,19,24,13,0,56,0,0,0,0
285.3168,3,0,7,0,0,0,1,167,0,3.0000,-1,19,24,13,0,56,0,0,0,0
285.3322,3,0,7,0,0,0,1,167,0,3.0000,-1,19,24,13,0,56,0,0,0,0
285.354,3,0,7,0,0,0,1,167,0,3.0000,-1,19,24,13,0,56,0,0,0,0
285.3733,3,0,7,0,0,0,1,167,0,3.0000,-1,19,24,13,0,56,0,0,0,0
285.3951,3,0,7,0,0,0,1,167,0,3.0000,-1,19,24,13,0,56,0,0,0,0
285.4153,3,0,7,0,0,0,1,167,0,3.0000,-1,19,24,13,0,56,0,0,0,0
285.4382,3,0,7,0,0,0,1,167,0,3.0000,-1,19,24,13,0,56,0,0,0,0
285.4602,3,0,7,0,0,0,0,-1,0,3.0000,167,19,24,14,0,57,0,0,0,0
285.4839,3,0,7,0,0,0,0,-1,1,4.0000,-1,19,24,14,0,57,0,0,0,0
285.5206,3,0,7,0,0,0,0,-1,0,4.0000,-1,19,24,14,0,57,0,0,0,0
285.5379,3,0,7,0,0,0,0,-1,0,4.0000,-1,19,24,14,0,57,0,0,0,0
285.5533,3,0,7,0,0,0,0,-1,0,4.0000,-1,19,24,14,0,57,0,0,0,0
285.5713,3,0,7,0,0,0,0,-1,0,4.0000,-1,19,24,14,0,57,0,0,0,0
285.5945,3,0,7,0,0,0,0,-1,0,4.0000,-1,19,24,14,0,57,0,0,0,0
285.6133,3,0,7,0,0,0,0,-1,0,4.0000,-1,19,24,14,0,57,0,0,0,0
285.6369,3,0,7,0,0,0,0,-1,1,5.0000,-1,19,24,14,0,57,0,0,0,0
285.6553,3,0,7,0,0,0,0,-1,0,5.0000,-1,19,24,14,0,57,0,0,0,0
285.6776,3,0,7,0,0,0,0,-1,0,5.0000,-1,19,24,14,0,57,0,0,0,0
285.6993,3,0,7,0,0,0,0,-1,0,4.0000,-1,19,24,14,0,57,0,0,0,0
285.7214,3,0,7,0,0,0,0,-1,0,4.0000,-1,19,24,14,0,57,0,0,0,0
285.7433,3,0,7,0,0,0,1,166,0,4.0000,-1,19,24,14,0,57,0,0,0,0
285.7643,3,0,7,0,0,0,1,166,0,4.0000,-1,19,24,14,0,57,0,0,0,0
285.7845,3,0,7,0,0,0,1,166,0,4.0000,-1,19,24,14,0,57,0,0,0,0
285.8048,3,0,7,0,0,0,1,166,0,4.0000,-1,19,24,14,0,57,0,0,0,0
285.8266,3,0,7,0,0,0,1,166,0,4.0000,-1,19,24,14,0,57,0,0,0,0
285.8497,3,0,7,0,0,0,1,166,0,4.0000,-1,19,24,14,0,57,0,0,0,0
285.8696,3,0,7,0,0,0,1,166,0,4.0000,-1,19,24,14,0,57,0,0,0,0
285.8935,3,0,7,0,0,0,1,166,0,4.0000,-1,19,24,14,0,57,0,0,0,0
285.9131,3,0,7,0,0,0,1,166,0,3.0000,-1,19,24,14,0,57,0,0,0,0
285.9513,2,1,8,0,0,0,1,168,0,3.0000,166,19,25,14,0,58,0,0,0,0
285.9699,2,0,8,0,0,0,1,168,0,3.0000,-1,19,25,14,0,58,0,0,0,0
285.9835,2,0,8,0,0,0,1,168,0,3.0000,-1,19,25,14,0,58,0,0,0,0
286.0004,2,0,8,0,0,0,1,168,0,3.0000,-1,19,25,14,0,58,0,0,0,0
286.0252,2,0,8,0,0,0,1,168,0,3.0000,-1,19,25,14,0,58,0,0,0,0
286.0456,2,0,8,0,0,0,1,168,0,3.0000,-1,19,25,14,0,58,0,0,0,0
286.0664,2,0,8,0,0,0,1,168,0,3.0000,-1,19,25,14,0,58,0,0,0,0
286.0877,2,0,8,0,0,0,1,168,0,3.0000,-1,19,25,14,0,58,0,0,0,0
286.1096,2,0,8,0,0,0,1,168,0,3.0000,-1,19,25,14,0,58,0,0,0,0
286.1286,2,0,8,0,0,0,1,168,0,3.0000,-1,19,25,14,0,58,0,0,0,0
286.1656,2,0,8,0,0,0,1,168,0,3.0000,-1,19,25,14,0,58,0,0,0,0
286.1809,2,0,8,0,0,0,1,168,0,3.0000,-1,19,25,14,0,58,0,0,0,0
286.1997,2,0,8,0,0,0,1,168,0,3.0000,-1,19,25,14,0,58,0,0,0,0
286.2143,2,0,8,0,0,0,1,168,0,3.0000,-1,19,25,14,0,58,0,0,0,0
286.2331,2,0,8,0,0,0,1,168,0,3.0000,-1,19,25,14,0,58,0,0,0,0
286.2533,2,0,8,0,0,0,1,168,0,2.0000,-1,19,25,14,0,58,0,0,0,0
286.2741,2,0,8,0,0,0,1,168,0,2.0000,-1,19,25,14,0,58,0,0,0,0
286.2935,2,0,8,0,0,0,1,168,0,2.0000,-1,19,25,14,0,58,0,0,0,0
286.3138,2,0,8,0,0,0,1,168,0,2.0000,-1,19,25,14,0,58,0,0,0,0
286.3333,2,0,8,0,0,0,1,168,0,2.0000,-1,19,25,14,0,58,0,0,0,0
286.3546,2,0,8,0,0,0,1,168,0,2.0000,-1,19,25,14,0,58,0,0,0,0
286.374,2,0,8,0,0,0,1,168,0,2.0000,-1,19,25,14,0,58,0,0,0,0
286.3951,2,0,8,0,0,0,1,168,0,2.0000,-1,19,25,14,0,58,0,0,0,0
286.4155,2,0,8,0,0,0,1,168,0,2.0000,-1,19,25,14,0,58,0,0,0,0
286.4341,2,0,8,0,0,0,1,168,0,2.0000,-1,19,25,14,0,58,0,0,0,0
286.4546,2,0,8,0,0,0,1,168,0,2.0000,-1,19,25,14,0,58,0,0,0,0
286.4735,2,0,8,0,0,0,1,168,0,2.0000,-1,19,25,14,0,58,0,0,0,0
286.4944,2,0,8,0,0,0,1,168,0,1.0000,-1,19,25,14,0,58,0,0,0,0
286.5159,2,0,8,0,0,0,1,168,0,1.0000,-1,19,25,14,0,58,0,0,0,0
286.5361,2,0,8,0,0,0,1,168,0,1.0000,-1,19,25,14,0,58,0,0,0,0
286.5554,2,0,8,0,0,0,1,168,0,1.0000,-1,19,25,14,0,58,0,0,0,0
286.575,2,0,8,0,0,0,1,168,0,1.0000,-1,19,25,14,0,58,0,0,0,0
286.5955,2,0,8,0,0,0,1,168,0,1.0000,-1,19,25,14,0,58,0,0,0,0
286.6163,2,0,8,0,0,0,1,168,0,1.0000,-1,19,25,14,0,58,0,0,0,0
286.6381,2,0,8,0,0,0,1,168,0,0.0000,-1,19,25,14,0,58,0,0,0,0
286.657,2,0,8,0,0,0,1,168,0,0.0000,-1,19,25,14,0,58,0,0,0,0
286.6763,2,0,8,0,0,0,1,168,0,0.0000,-1,19,25,14,0,58,0,0,0,0
286.6963,2,0,8,0,0,0,1,168,0,0.0000,-1,19,25,14,0,58,0,0,0,0
286.7166,2,0,8,0,0,0,1,168,0,0.0000,-1,19,25,14,0,58,0,0,0,0
286.7379,2,0,8,0,0,0,1,168,0,0.0000,-1,19,25,14,0,58,0,0,0,0
286.757,2,0,8,0,0,0,0,-1,0,0.0000,168,19,26,14,0,59,0,0,0,0
286.7781,2,0,8,0,0,0,0,-1,0,0.0000,-1,19,26,14,0,59,0,0,0,0
286.798,2,0,8,0,0,0,0,-1,0,0.0000,-1,19,26,14,0,59,0,0,0,0
286.8194,2,0,8,0,0,0,0,-1,0,0.0000,-1,19,26,14,0,59,0,0,0,0
286.8393,2,0,8,0,0,0,0,-1,0,0.0000,-1,19,26,14,0,59,0,0,0,0
286.8577,2,0,8,0,0,0,0,-1,0,0.0000,-1,19,26,14,0,59,0,0,0,0
286.8789,2,0,8,0,0,0,0,-1,0,0.0000,-1,19,26,14,0,59,0,0,0,0
286.8993,2,0,8,0,0,0,0,-1,0,0.0000,-1,19,26,14,0,59,0,0,0,0
286.9199,2,0,8,0,0,0,0,-1,0,0.0000,-1,19,26,14,0,59,0,0,0,0
286.9404,2,0,8,0,0,0,0,-1,0,0.0000,-1,19,26,14,0,59,0,0,0,0
286.9796,2,0,8,0,0,0,0,-1,0,0.0000,-1,19,26,14,0,59,0,0,0,0
286.9941,2,0,8,0,0,0,0,-1,0,0.0000,-1,19,26,14,0,59,0,0,0,0
287.0094,2,0,8,0,0,0,0,-1,0,0.0000,-1,19,26,14,0,59,0,0,0,0
287.028,2,0,8,0,0,0,0,-1,0,0.0000,-1,19,26,14,0,59,0,0,0,0
287.0483,2,0,8,0,0,0,0,-1,0,0.0000,-1,19,26,14,0,59,0,0,0,0
287.0681,2,0,8,0,0,0,0,-1,0,0.0000,-1,19,26,14,0,59,0,0,0,0
287.089,2,0,8,0,0,0,0,-1,0,0.0000,-1,19,26,14,0,59,0,0,0,0
287.1105,2,0,8,0,0,0,0,-1,0,0.0000,-1,19,26,14,0,59,0,0,0,0
287.1295,2,0,8,0,0,0,0,-1,0,0.0000,-1,19,26,14,0,59,0,0,0,0
287.1514,2,0,8,0,0,0,0,-1,0,0.0000,-1,19,26,14,0,59,0,0,0,0
287.1723,2,0,8,0,0,0,0,-1,0,0.0000,-1,19,26,14,0,59,0,0,0,0
287.1921,2,0,8,0,0,0,0,-1,0,0.0000,-1,19,26,14,0,59,0,0,0,0
287.2102,2,0,8,0,0,0,0,-1,0,0.0000,-1,19,26,14,0,59,0,0,0,0
287.2319,2,0,8,0,0,0,0,-1,0,0.0000,-1,19,26,14,0,59,0,0,0,0
287.2514,2,0,8,0,0,0,0,-1,0,0.0000,-1,19,26,14,0,59,0,0,0,0
287.2702,2,0,8,0,0,0,0,-1,0,0.0000,-1,19,26,14,0,59,0,0,0,0
287.2931,2,0,8,0,0,0,0,-1,0,0.0000,-1,19,26,14,0,59,0,0,0,0
287.3122,2,0,8,0,0,0,0,-1,0,0.0000,-1,19,26,14,0,59,0,0,0,0
287.3322,2,0,8,0,0,0,0,-1,0,0.0000,-1,19,26,14,0,59,0,0,0,0
287.3524,2,0,8,0,0,0,0,-1,0,0.0000,-1,19,26,14,0,59,0,0,0,0
287.3896,2,0,8,0,0,0,0,-1,1,1.0000,-1,19,26,14,0,59,0,0,0,0
287.404,2,0,8,0,0,0,0,-1,0,1.0000,-1,19,26,14,0,59,0,0,0,0
287.4197,2,0,8,0,0,0,0,-1,0,1.0000,-1,19,26,14,0,59,0,0,0,0
287.4372,2,0,8,0,0,0,0,-1,0,1.0000,-1,19,26,14,0,59,0,0,0,0
287.4576,2,0,8,0,0,0,0,-1,0,1.0000,-1,19,26,14,0,59,0,0,0,0
287.4792,2,0,8,0,0,0,0,-1,0,1.0000,-1,19,26,14,0,59,0,0,0,0
287.4998,2,0,8,0,0,0,0,-1,0,1.0000,-1,19,26,14,0,59,0,0,0,0
287.5197,2,0,8,0,0,0,0,-1,1,2.0000,-1,19,26,14,0,59,0,0,0,0
287.5399,2,0,8,0,0,0,0,-1,0,2.0000,-1,19,26,14,0,59,0,0,0,0
287.5612,2,0,8,0,0,0,0,-1,0,2.0000,-1,19,26,14,0,59,0,0,0,0
287.5805,2,0,8,0,0,0,0,-1,0,2.0000,-1,19,26,14,0,59,0,0,0,0
287.6015,2,0,8,0,0,0,0,-1,0,2.0000,-1,19,26,14,0,59,0,0,0,0
287.621,2,0,8,0,0,0,0,-1,0,2.0000,-1,19,26,14,0,59,0,0,0,0
287.6416,2,0,8,0,0,0,0,-1,0,2.0000,-1,19,26,14,0,59,0,0,0,0
287.6598,2,0,8,0,0,0,0,-1,0,2.0000,-1,19,26,14,0,59,0,0,0,0
287.6797,2,0,8,0,0,0,0,-1,0,2.0000,-1,19,26,14,0,59,0,0,0,0
287.699,2,0,8,0,0,0,0,-1,0,2.0000,-1,19,26,14,0,59,0,0,0,0
287.7215,2,0,8,0,0,0,0,-1,0,2.0000,-1,19,26,14,0,59,0,0,0,0
287.7414,2,0,8,0,0,0,0,-1,0,2.0000,-1,19,26,14,0,59,0,0,0,0
287.7602,2,0,8,0,0,0,0,-1,0,2.0000,-1,19,26,14,0,59,0,0,0,0
287.78,2,0,8,0,0,0,0,-1,0,2.0000,-1,19,26,14,0,59,0,0,0,0
287.8167,2,0,8,0,0,0,0,-1,0,2.0000,-1,19,26,14,0,59,0,0,0,0
287.8316,2,0,8,0,0,0,0,-1,0,2.0000,-1,19,26,14,0,59,0,0,0,0
287.846,2,0,8,0,0,0,0,-1,0,2.0000,-1,19,26,14,0,59,0,0,0,0
287.8636,2,0,8,0,0,0,0,-1,0,2.0000,-1,19,26,14,0,59,0,0,0,0
287.8844,2,0,8,0,0,0,0,-1,0,2.0000,-1,19,26,14,0,59,0,0,0,0
287.9042,2,0,8,0,0,0,0,-1,0,2.0000,-1,19,26,14,0,59,0,0,0,0
287.9244,2,0,8,0,0,0,0,-1,0,2.0000,-1,19,26,14,0,59,0,0,0,0
287.9465,2,0,8,0,0,0,0,-1,0,2.0000,-1,19,26,14,0,59,0,0,0,0
287.9645,2,0,8,0,0,0,0,-1,0,2.0000,-1,19,26,14,0,59,0,0,0,0
287.9855,2,0,8,0,0,0,0,-1,0,2.0000,-1,19,26,14,0,59,0,0,0,0
288.0042,2,0,8,0,0,0,0,-1,0,2.0000,-1,19,26,14,0,59,0,0,0,0
288.0255,2,0,8,0,0,0,0,-1,0,2.0000,-1,19,26,14,0,59,0,0,0,0
288.0425,2,0,8,0,0,0,0,-1,0,2.0000,-1,19,26,14,0,59,0,0,0,0
288.0646,2,0,8,0,0,0,0,-1,0,2.0000,-1,19,26,14,0,59,0,0,0,0
288.0857,2,0,8,0,0,0,0,-1,0,2.0000,-1,19,26,14,0,59,0,0,0,0
288.1048,2,0,8,0,0,0,0,-1,0,2.0000,-1,19,26,14,0,59,0,0,0,0
288.1249,2,0,8,0,0,0,0,-1,0,2.0000,-1,19,26,14,0,59,0,0,0,0
288.1446,2,0,8,0,0,0,0,-1,0,2.0000,-1,19,26,14,0,59,0,0,0,0
288.164,2,0,8,0,0,0,0,-1,0,2.0000,-1,19,26,14,0,59,0,0,0,0
288.1855,2,0,8,0,0,0,0,-1,1,3.0000,-1,19,26,14,0,59,0,0,0,0
288.2048,2,0,8,0,0,0,0,-1,0,3.0000,-1,19,26,14,0,59,0,0,0,0
288.2249,2,0,8,0,0,0,0,-1,0,3.0000,-1,19,26,14,0,59,0,0,0,0
288.2445,2,0,8,0,0,0,0,-1,0,3.0000,-1,19,26,14,0,59,0,0,0,0
288.2653,2,0,8,0,0,0,0,-1,0,3.0000,-1,19,26,14,0,59,0,0,0,0
288.2839,2,0,8,0,0,0,0,-1,0,3.0000,-1,19,26,14,0,59,0,0,0,0
288.3053,2,0,8,0,0,0,0,-1,0,3.0000,-1,19,26,14,0,59,0,0,0,0
288.3246,2,0,8,0,0,0,0,-1,0,3.0000,-1,19,26,14,0,59,0,0,0,0
288.3433,2,0,8,0,0,0,0,-1,0,3.0000,-1,19,26,14,0,59,0,0,0,0
288.3633,2,0,8,0,0,0,0,-1,0,3.0000,-1,19,26,14,0,59,0,0,0,0
288.3837,2,0,8,0,0,0,0,-1,0,3.0000,-1,19,26,14,0,59,0,0,0,0
288.4052,2,0,8,0,0,0,0,-1,0,2.0000,-1,19,26,14,0,59,0,0,0,0
288.4423,2,0,8,0,0,0,0,-1,0,2.0000,-1,19,26,14,0,59,0,0,0,0
288.4587,2,0,8,0,0,0,0,-1,0,2.0000,-1,19,26,14,0,59,0,0,0,0
288.4749,2,0,8,0,0,0,0,-1,0,2.0000,-1,19,26,14,0,59,0,0,0,0
288.4906,2,0,8,0,0,0,0,-1,0,2.0000,-1,19,26,14,0,59,0,0,0,0
288.5101,2,0,8,0,0,0,0,-1,0,2.0000,-1,19,26,14,0,59,0,0,0,0
288.5313,2,0,8,0,0,0,0,-1,0,1.0000,-1,19,26,14,0,59,0,0,0,0
288.5496,2,0,8,0,0,0,0,-1,0,1.0000,-1,19,26,14,0,59,0,0,0,0
288.5707,2,0,8,0,0,0,0,-1,0,1.0000,-1,19,26,14,0,59,0,0,0,0
288.5901,2,0,8,0,0,0,0,-1,0,1.0000,-1,19,26,14,0,59,0,0,0,0
288.6117,2,0,8,0,0,0,0,-1,0,1.0000,-1,19,26,14,0,59,0,0,0,0
288.6306,2,0,8,0,0,0,0,-1,0,1.0000,-1,19,26,14,0,59,0,0,0,0
288.6506,2,0,8,0,0,0,0,-1,0,1.0000,-1,19,26,14,0,59,0,0,0,0
288.6716,2,0,8,0,0,0,0,-1,0,1.0000,-1,19,26,14,0,59,0,0,0,0
288.6906,2,0,8,0,0,0,0,-1,0,1.0000,-1,19,26,14,0,59,0,0,0,0
288.7115,2,0,8,0,0,0,0,-1,0,1.0000,-1,19,26,14,0,59,0,0,0,0
288.7317,2,0,8,0,0,0,0,-1,0,1.0000,-1,19,26,14,0,59,0,0,0,0
288.7502,2,0,8,0,0,0,0,-1,0,1.0000,-1,19,26,14,0,59,0,0,0,0
288.7716,2,0,8,0,0,0,0,-1,0,1.0000,-1,19,26,14,0,59,0,0,0,0
288.7922,2,0,8,0,0,0,0,-1,0,1.0000,-1,19,26,14,0,59,0,0,0,0
288.8112,2,0,8,0,0,0,0,-1,0,1.0000,-1,19,26,14,0,59,0,0,0,0
288.8326,2,0,8,0,0,0,0,-1,0,1.0000,-1,19,26,14,0,59,0,0,0,0
288.8525,2,0,8,0,0,0,0,-1,0,1.0000,-1,19,26,14,0,59,0,0,0,0
288.8715,2,0,8,0,0,0,0,-1,0,1.0000,-1,19,26,14,0,59,0,0,0,0
288.8913,2,0,8,0,0,0,0,-1,0,1.0000,-1,19,26,14,0,59,0,0,0,0
288.9126,2,0,8,0,0,0,0,-1,0,1.0000,-1,19,26,14,0,59,0,0,0,0
288.9335,2,0,8,0,0,0,0,-1,0,1.0000,-1,19,26,14,0,59,0,0,0,0
288.9538,2,0,8,0,0,0,0,-1,0,1.0000,-1,19,26,14,0,59,0,0,0,0
288.9727,2,0,8,0,0,0,0,-1,0,1.0000,-1,19,26,14,0,59,0,0,0,0
288.9943,2,0,8,0,0,0,0,-1,0,1.0000,-1,19,26,14,0,59,0,0,0,0
289.013,2,0,8,0,0,0,0,-1,0,1.0000,-1,19,26,14,0,59,0,0,0,0
289.033,2,0,8,0,0,0,0,-1,0,1.0000,-1,19,26,14,0,59,0,0,0,0
289.0534,2,0,8,0,0,0,0,-1,0,1.0000,-1,19,26,14,0,59,0,0,0,0
289.0721,2,0,8,0,0,0,0,-1,0,1.0000,-1,19,26,14,0,59,0,0,0,0
289.0927,2,0,8,0,0,0,0,-1,0,1.0000,-1,19,26,14,0,59,0,0,0,0
289.1129,2,0,8,0,0,0,0,-1,0,1.0000,-1,19,26,14,0,59,0,0,0,0
289.1324,2,0,8,0,0,0,0,-1,0,1.0000,-1,19,26,14,0,59,0,0,0,0
289.1521,2,0,8,0,0,0,0,-1,0,1.0000,-1,19,26,14,0,59,0,0,0,0
289.1722,2,0,8,0,0,0,0,-1,0,1.0000,-1,19,26,14,0,59,0,0,0,0
289.1912,2,0,8,0,0,0,0,-1,0,0.0000,-1,19,26,14,0,59,0,0,0,0
289.2106,2,0,8,0,0,0,0,-1,0,0.0000,-1,19,26,14,0,59,0,0,0,0
289.2283,2,0,8,0,0,0,0,-1,0,0.0000,-1,19,26,14,0,59,0,0,0,0
289.2496,2,0,8,0,0,0,0,-1,0,0.0000,-1,19,26,14,0,59,0,0,0,0
289.2698,2,0,8,0,0,0,0,-1,0,0.0000,-1,19,26,14,0,59,0,0,0,0
289.2903,2,0,8,0,0,0,0,-1,0,0.0000,-1,19,26,14,0,59,0,0,0,0
289.3104,2,0,8,0,0,0,0,-1,0,0.0000,-1,19,26,14,0,59,0,0,0,0
289.3283,2,0,8,0,0,0,0,-1,0,0.0000,-1,19,26,14,0,59,0,0,0,0
289.3485,2,0,8,0,0,0,0,-1,0,0.0000,-1,19,26,14,0,59,0,0,0,0
289.3671,2,0,8,0,0,0,0,-1,0,0.0000,-1,19,26,14,0,59,0,0,0,0
289.3877,2,0,8,0,0,0,0,-1,0,0.0000,-1,19,26,14,0,59,0,0,0,0
289.4077,2,0,8,0,0,0,0,-1,0,0.0000,-1,19,26,14,0,59,0,0,0,0
289.4254,2,0,8,0,0,0,0,-1,0,0.0000,-1,19,26,14,0,59,0,0,0,0
289.4434,2,0,8,0,0,0,0,-1,0,0.0000,-1,19,26,14,0,59,0,0,0,0
289.4653,2,0,8,0,0,0,0,-1,0,0.0000,-1,19,26,14,0,59,0,0,0,0
289.4849,2,0,8,0,0,0,0,-1,0,0.0000,-1,19,26,14,0,59,0,0,0,0
289.501,2,0,8,0,0,0,0,-1,0,0.0000,-1,19,26,14,0,59,0,0,0,0
289.5217,2,0,8,0,0,0,0,-1,0,0.0000,-1,19,26,14,0,59,0,0,0,0
289.5441,2,0,8,0,0,0,0,-1,0,0.0000,-1,19,26,14,0,59,0,0,0,0
289.5626,2,0,8,0,0,0,0,-1,0,0.0000,-1,19,26,14,0,59,0,0,0,0
289.5819,2,0,8,0,0,0,0,-1,0,0.0000,-1,19,26,14,0,59,0,0,0,0
289.6036,2,0,8,0,0,0,0,-1,0,0.0000,-1,19,26,14,0,59,0,0,0,0
289.621,2,0,8,0,0,0,0,-1,0,0.0000,-1,19,26,14,0,59,0,0,0,0
289.6439,2,0,8,0,0,0,0,-1,0,0.0000,-1,19,26,14,0,59,0,0,0,0
289.6608,2,0,8,0,0,0,0,-1,0,0.0000,-1,19,26,14,0,59,0,0,0,0
289.6812,2,0,8,0,0,0,0,-1,0,0.0000,-1,19,26,14,0,59,0,0,0,0
289.719,2,0,8,0,0,0,0,-1,0,0.0000,-1,19,26,14,0,59,0,0,0,0
289.7334,2,0,8,0,0,0,0,-1,0,0.0000,-1,19,26,14,0,59,0,0,0,0
289.75,2,0,8,0,0,0,0,-1,0,0.0000,-1,19,26,14,0,59,0,0,0,0
289.7648,2,0,8,0,0,0,0,-1,0,0.0000,-1,19,26,14,0,59,0,0,0,0
289.785,2,0,8,0,0,0,0,-1,0,0.0000,-1,19,26,14,0,59,0,0,0,0
289.8033,2,0,8,0,0,0,0,-1,0,0.0000,-1,19,26,14,0,59,0,0,0,0
289.8233,2,0,8,0,0,0,0,-1,0,0.0000,-1,19,26,14,0,59,0,0,0,0
289.8441,2,0,8,0,0,0,0,-1,0,0.0000,-1,19,26,14,0,59,0,0,0,0
289.8629,2,0,8,0,0,0,0,-1,0,0.0000,-1,19,26,14,0,59,0,0,0,0
289.8845,2,0,8,0,0,0,0,-1,0,0.0000,-1,19,26,14,0,59,0,0,0,0
289.9206,2,0,8,0,0,0,0,-1,0,0.0000,-1,19,26,14,0,59,0,0,0,0
289.9346,2,0,8,0,0,0,0,-1,0,0.0000,-1,19,26,14,0,59,0,0,0,0
289.9476,2,0,8,0,0,0,0,-1,0,0.0000,-1,19,26,14,0,59,0,0,0,0
289.9637,2,0,8,0,0,0,0,-1,0,0.0000,-1,19,26,14,0,59,0,0,0,0
289.9844,2,0,8,0,0,0,0,-1,0,0.0000,-1,19,26,14,0,59,0,0,0,0
290.0027,2,0,8,0,0,0,0,-1,0,0.0000,-1,19,26,14,0,59,0,0,0,0
290.0226,2,0,8,0,0,0,0,-1,0,0.0000,-1,19,26,14,0,59,0,0,0,0
290.0427,2,0,8,0,0,0,0,-1,0,0.0000,-1,19,26,14,0,59,0,0,0,0
290.0634,2,0,8,0,0,0,0,-1,0,0.0000,-1,19,26,14,0,59,0,0,0,0
290.083,2,0,8,0,0,0,0,-1,0,0.0000,-1,19,26,14,0,59,0,0,0,0
290.1028,2,0,8,0,0,0,0,-1,0,0.0000,-1,19,26,14,0,59,0,0,0,0
290.1407,2,0,8,0,0,0,0,-1,0,0.0000,-1,19,26,14,0,59,0,0,0,0
290.1537,2,0,8,0,0,0,0,-1,0,0.0000,-1,19,26,14,0,59,0,0,0,0
290.1654,2,0,8,0,0,0,0,-1,0,0.0000,-1,19,26,14,0,59,0,0,0,0
290.1855,2,0,8,0,0,0,0,-1,0,0.0000,-1,19,26,14,0,59,0,0,0,0
290.2064,2,0,8,0,0,0,0,-1,0,0.0000,-1,19,26,14,0,59,0,0,0,0
290.2247,2,0,8,0,0,0,0,-1,0,0.0000,-1,19,26,14,0,59,0,0,0,0
290.2449,2,0,8,0,0,0,0,-1,0,0.0000,-1,19,26,14,0,59,0,0,0,0
290.2645,2,0,8,0,0,0,0,-1,0,0.0000,-1,19,26,14,0,59,0,0,0,0
290.2849,2,0,8,0,0,0,0,-1,0,0.0000,-1,19,26,14,0,59,0,0,0,0
290.3039,2,0,8,0,0,0,0,-1,0,0.0000,-1,19,26,14,0,59,0,0,0,0
290.3235,2,0,8,0,0,0,0,-1,0,0.0000,-1,19,26,14,0,59,0,0,0,0
290.3432,2,0,8,0,0,0,0,-1,0,0.0000,-1,19,26,14,0,59,0,0,0,0
290.3637,2,0,8,0,0,0,0,-1,0,0.0000,-1,19,26,14,0,59,0,0,0,0
290.3854,2,0,8,0,0,0,0,-1,0,0.0000,-1,19,26,14,0,59,0,0,0,0
290.402,2,0,8,0,0,0,0,-1,0,0.0000,-1,19,26,14,0,59,0,0,0,0
290.422,2,0,8,0,0,0,0,-1,0,0.0000,-1,19,26,14,0,59,0,0,0,0
290.4427,2,0,8,0,0,0,0,-1,0,0.0000,-1,19,26,14,0,59,0,0,0,0
290.4637,2,0,8,0,0,0,0,-1,0,0.0000,-1,19,26,14,0,59,0,0,0,0
290.4841,2,0,8,0,0,0,0,-1,0,0.0000,-1,19,26,14,0,59,0,0,0,0
290.5016,2,0,8,0,0,0,0,-1,0,0.0000,-1,19,26,14,0,59,0,0,0,0
290.5213,2,0,8,0,0,0,0,-1,0,0.0000,-1,19,26,14,0,59,0,0,0,0
290.5426,2,0,8,0,0,0,0,-1,0,0.0000,-1,19,26,14,0,59,0,0,0,0
290.5656,2,0,8,0,0,0,0,-1,0,0.0000,-1,19,26,14,0,59,0,0,0,0
290.5838,2,0,8,0,0,0,0,-1,0,0.0000,-1,19,26,14,0,59,0,0,0,0
290.6035,2,0,8,0,0,0,0,-1,0,0.0000,-1,19,26,14,0,59,0,0,0,0
290.6241,2,0,8,0,0,0,0,-1,0,0.0000,-1,19,26,14,0,59,0,0,0,0
290.6414,2,0,8,0,0,0,0,-1,0,0.0000,-1,19,26,14,0,59,0,0,0,0
290.6641,2,0,8,0,0,0,0,-1,0,0.0000,-1,19,26,14,0,59,0,0,0,0
290.682,2,0,8,0,0,0,0,-1,0,0.0000,-1,19,26,14,0,59,0,0,0,0
290.7029,2,0,8,0,0,0,0,-1,0,0.0000,-1,19,26,14,0,59,0,0,0,0
290.7215,2,0,8,0,0,0,0,-1,0,0.0000,-1,19,26,14,0,59,0,0,0,0
290.7426,2,0,8,0,0,0,0,-1,0,0.0000,-1,19,26,14,0,59,0,0,0,0
290.7598,2,0,8,0,0,0,0,-1,0,0.0000,-1,19,26,14,0,59,0,0,0,0
290.7795,2,0,8,0,0,0,1,177,0,0.0000,-1,19,26,14,0,59,0,0,0,0
290.8009,2,0,8,0,0,0,1,177,0,0.0000,-1,19,26,14,0,59,0,0,0,0
290.82,2,0,8,0,0,0,1,177,0,0.0000,-1,19,26,14,0,59,0,0,0,0
290.8418,2,0,8,0,0,0,1,177,0,0.0000,-1,19,26,14,0,59,0,0,0,0
290.8586,2,0,8,0,0,0,1,177,0,0.0000,-1,19,26,14,0,59,0,0,0,0
290.8799,2,0,8,0,0,0,1,177,0,0.0000,-1,19,26,14,0,59,0,0,0,0
290.8991,2,0,8,0,0,0,1,177,0,0.0000,-1,19,26,14,0,59,0,0,0,0
290.9204,2,0,8,0,0,0,1,177,0,0.0000,-1,19,26,14,0,59,0,0,0,0
290.9377,2,0,8,0,0,0,1,177,0,0.0000,-1,19,26,14,0,59,0,0,0,0
290.958,2,0,8,0,0,0,1,177,0,0.0000,-1,19,26,14,0,59,0,0,0,0
290.9773,2,0,8,0,0,0,1,177,0,0.0000,-1,19,26,14,0,59,0,0,0,0
290.9986,2,0,8,0,0,0,1,177,0,0.0000,-1,19,26,14,0,59,0,0,0,0
291.0205,2,0,8,0,0,0,1,177,0,0.0000,-1,19,26,14,0,59,0,0,0,0
291.0383,2,0,8,0,0,0,0,-1,0,0.0000,-1,19,26,14,0,59,0,0,0,0
291.0575,2,0,8,0,0,0,0,-1,0,0.0000,-1,19,26,14,0,59,0,0,0,0
291.0774,2,0,8,0,0,0,0,-1,0,0.0000,-1,19,26,14,0,59,0,0,0,0
291.0995,2,0,8,0,0,0,0,-1,0,0.0000,-1,19,26,14,0,59,0,0,0,0
291.1192,2,0,8,0,0,0,1,176,0,0.0000,-1,19,26,14,0,59,0,0,0,0
291.1385,2,0,8,0,0,0,1,176,0,0.0000,-1,19,26,14,0,59,0,0,0,0
291.1776,2,0,8,0,0,0,1,176,0,0.0000,-1,19,26,14,0,59,0,0,0,0
291.1959,2,0,8,0,0,0,1,176,0,0.0000,-1,19,26,14,0,59,0,0,0,0
291.2124,2,0,8,0,0,0,1,176,0,0.0000,-1,19,26,14,0,59,0,0,0,0
291.226,2,0,8,0,0,0,1,176,0,0.0000,-1,19,26,14,0,59,0,0,0,0
291.2429,2,0,8,0,0,0,1,176,0,0.0000,-1,19,26,14,0,59,0,0,0,0
291.2597,2,0,8,0,0,0,1,176,0,0.0000,-1,19,26,14,0,59,0,0,0,0
291.2826,2,0,8,0,0,0,1,176,0,0.0000,-1,19,26,14,0,59,0,0,0,0
291.3008,2,0,8,0,0,0,1,176,0,0.0000,-1,19,26,14,0,59,0,0,0,0
291.3209,2,0,8,0,0,0,0,-1,0,0.0000,176,19,27,14,0,60,0,0,0,0
291.3412,2,0,8,0,0,0,0,-1,0,0.0000,-1,19,27,14,0,60,0,0,0,0
291.3802,2,0,8,0,0,0,0,-1,0,0.0000,-1,19,27,14,0,60,0,0,0,0
291.3938,2,0,8,0,0,0,0,-1,0,0.0000,-1,19,27,14,0,60,0,0,0,0
291.4061,2,0,8,0,0,0,0,-1,0,0.0000,-1,19,27,14,0,60,0,0,0,0
291.4282,2,0,8,0,0,0,0,-1,1,1.0000,-1,19,27,14,0,60,0,0,0,0
291.4491,2,0,8,0,0,0,0,-1,0,1.0000,-1,19,27,14,0,60,0,0,0,0
291.4717,2,0,8,0,0,0,0,-1,0,1.0000,-1,19,27,14,0,60,0,0,0,0
291.4926,2,0,8,0,0,0,0,-1,0,1.0000,-1,19,27,14,0,60,0,0,0,0
291.5126,2,0,8,0,0,0,0,-1,0,1.0000,-1,19,27,14,0,60,0,0,0,0
291.5337,2,0,8,0,0,0,1,179,0,1.0000,-1,19,27,14,0,60,0,0,0,0
291.5535,2,0,8,0,0,0,1,179,0,1.0000,-1,19,27,14,0,60,0,0,0,0
291.5739,2,0,8,0,0,0,1,179,0,1.0000,-1,19,27,14,0,60,0,0,0,0
291.5955,2,0,8,0,0,0,1,179,0,1.0000,-1,19,27,14,0,60,0,0,0,0
291.6156,2,0,8,0,0,0,1,179,0,1.0000,-1,19,27,14,0,60,0,0,0,0
291.6372,2,0,8,0,0,0,1,179,0,1.0000,-1,19,27,14,0,60,0,0,0,0
291.6591,2,0,8,0,0,0,1,179,0,1.0000,-1,19,27,14,0,60,0,0,0,0
291.6778,2,0,8,0,0,0,1,179,0,1.0000,-1,19,27,14,0,60,0,0,0,0
291.6993,2,0,8,0,0,0,1,179,0,1.0000,-1,19,27,14,0,60,0,0,0,0
291.7208,2,0,8,0,0,0,1,179,0,1.0000,-1,19,27,14,0,60,0,0,0,0
291.7423,2,0,8,0,0,0,1,179,0,1.0000,-1,19,27,14,0,60,0,0,0,0
291.7635,2,0,8,0,0,0,1,179,0,1.0000,-1,19,27,14,0,60,0,0,0,0
291.7816,2,0,8,0,0,0,1,179,1,2.0000,-1,19,27,14,0,60,0,0,0,0
291.8028,2,0,8,0,0,0,1,179,0,2.0000,-1,19,27,14,0,60,0,0,0,0
291.8252,2,0,8,0,0,0,1,179,0,2.0000,-1,19,27,14,0,60,0,0,0,0
291.8457,2,0,8,0,0,0,1,179,0,2.0000,-1,19,27,14,0,60,0,0,0,0
291.8667,2,0,8,0,0,0,1,179,0,2.0000,-1,19,27,14,0,60,0,0,0,0
291.8871,2,0,8,0,0,0,1,179,0,2.0000,-1,19,27,14,0,60,0,0,0,0
291.9091,2,0,8,0,0,0,1,179,0,2.0000,-1,19,27,14,0,60,0,0,0,0
291.9317,2,0,8,0,0,0,1,179,0,2.0000,-1,19,27,14,0,60,0,0,0,0
291.9493,2,0,8,0,0,0,1,179,0,2.0000,-1,19,27,14,0,60,0,0,0,0
291.9708,2,0,8,0,0,0,1,179,0,2.0000,-1,19,27,14,0,60,0,0,0,0
291.9917,2,0,8,0,0,0,1,179,0,2.0000,-1,19,27,14,0,60,0,0,0,0
292.0123,2,0,8,0,0,0,1,179,0,2.0000,-1,19,27,14,0,60,0,0,0,0
292.0333,2,0,8,0,0,0,1,179,0,2.0000,-1,19,27,14,0,60,0,0,0,0
292.0545,2,0,8,0,0,0,1,179,0,2.0000,-1,19,27,14,0,60,0,0,0,0
292.0772,2,0,8,0,0,0,1,179,0,2.0000,-1,19,27,14,0,60,0,0,0,0
292.0977,2,0,8,0,0,0,1,179,0,2.0000,-1,19,27,14,0,60,0,0,0,0
292.116,2,0,8,0,0,0,1,179,0,2.0000,-1,19,27,14,0,60,0,0,0,0
292.1373,2,0,8,0,0,0,1,179,0,2.0000,-1,19,27,14,0,60,0,0,0,0
292.1582,2,0,8,0,0,0,1,179,0,2.0000,-1,19,27,14,0,60,0,0,0,0
292.1786,2,0,8,0,0,0,1,179,0,2.0000,-1,19,27,14,0,60,0,0,0,0
292.1996,2,0,8,0,0,0,1,179,0,2.0000,-1,19,27,14,0,60,0,0,0,0
292.2206,2,0,8,0,0,0,1,179,0,2.0000,-1,19,27,14,0,60,0,0,0,0
292.244,2,0,8,0,0,0,1,179,0,2.0000,-1,19,27,14,0,60,0,0,0,0
292.2623,2,0,8,0,0,0,1,179,0,2.0000,-1,19,27,14,0,60,0,0,0,0
292.2815,2,0,8,0,0,0,1,179,1,3.0000,-1,19,27,14,0,60,0,0,0,0
292.3019,2,0,8,0,0,0,0,-1,0,3.0000,-1,19,27,14,0,60,0,0,0,0
292.3259,2,0,8,0,0,0,0,-1,1,4.0000,-1,19,27,14,0,60,0,0,0,0
292.3448,2,0,8,0,0,0,0,-1,0,4.0000,-1,19,27,14,0,60,0,0,0,0
292.3649,2,0,8,0,0,0,0,-1,0,4.0000,-1,19,27,14,0,60,0,0,0,0
292.3873,2,0,8,0,0,0,0,-1,0,4.0000,-1,19,27,14,0,60,0,0,0,0
292.4086,2,0,8,0,0,0,0,-1,0,4.0000,-1,19,27,14,0,60,0,0,0,0
292.4261,2,0,8,0,0,0,0,-1,0,4.0000,-1,19,27,14,0,60,0,0,0,0
292.4475,2,0,8,0,0,0,0,-1,0,3.0000,-1,19,27,14,0,60,0,0,0,0
292.4682,2,0,8,0,0,0,0,-1,0,3.0000,-1,19,27,14,0,60,0,0,0,0
292.4893,2,0,8,0,0,0,0,-1,0,3.0000,-1,19,27,14,0,60,0,0,0,0
292.5103,2,0,8,0,0,0,0,-1,0,3.0000,-1,19,27,14,0,60,0,0,0,0
292.5313,2,0,8,0,0,0,0,-1,0,3.0000,-1,19,27,14,0,60,0,0,0,0
292.5527,2,0,8,0,0,0,0,-1,0,3.0000,-1,19,27,14,0,60,0,0,0,0
292.5738,2,0,8,0,0,0,0,-1,0,3.0000,-1,19,27,14,0,60,0,0,0,0
292.5936,2,0,8,0,0,0,0,-1,0,3.0000,-1,19,27,14,0,60,0,0,0,0
292.6356,2,0,8,0,0,0,0,-1,0,3.0000,-1,19,27,14,0,60,0,0,0,0
292.6488,2,0,8,0,0,0,0,-1,0,3.0000,-1,19,27,14,0,60,0,0,0,0
292.6623,2,0,8,0,0,0,0,-1,0,3.0000,-1,19,27,14,0,60,0,0,0,0
292.6829,2,0,8,0,0,0,0,-1,1,4.0000,-1,19,27,14,0,60,0,0,0,0
292.7042,2,0,8,0,0,0,0,-1,0,4.0000,-1,19,27,14,0,60,0,0,0,0
292.7249,2,0,8,0,0,0,0,-1,0,4.0000,-1,19,27,14,0,60,0,0,0,0
292.7462,2,0,8,0,0,0,0,-1,0,4.0000,-1,19,27,14,0,60,0,0,0,0
292.767,2,0,8,0,0,0,0,-1,0,4.0000,-1,19,27,14,0,60,0,0,0,0
292.7887,2,0,8,0,0,0,0,-1,0,3.0000,-1,19,27,14,0,60,0,0,0,0
292.8098,2,0,8,0,0,0,0,-1,0,3.0000,-1,19,27,14,0,60,0,0,0,0
292.8503,2,0,8,0,0,0,0,-1,0,3.0000,-1,19,27,14,0,60,0,0,0,0
292.8617,2,0,8,0,0,0,0,-1,0,3.0000,-1,19,27,14,0,60,0,0,0,0
292.876,2,0,8,0,0,0,0,-1,0,3.0000,-1,19,27,14,0,60,0,0,0,0
292.8974,2,0,8,0,0,0,0,-1,0,3.0000,-1,19,27,14,0,60,0,0,0,0
292.9193,2,0,8,0,0,0,0,-1,0,3.0000,-1,19,27,14,0,60,0,0,0,0
292.9405,2,0,8,0,0,0,0,-1,0,3.0000,-1,19,27,14,0,60,0,0,0,0
292.9613,2,0,8,0,0,0,0,-1,0,3.0000,-1,19,27,14,0,60,0,0,0,0
292.9813,2,0,8,0,0,0,0,-1,0,3.0000,-1,19,27,14,0,60,0,0,0,0
293.003,2,0,8,0,0,0,0,-1,0,3.0000,-1,19,27,14,0,60,0,0,0,0
293.0244,2,0,8,0,0,0,1,181,0,3.0000,-1,19,27,14,0,60,0,0,0,0
293.0446,2,0,8,0,0,0,1,181,0,3.0000,-1,19,27,14,0,60,0,0,0,0
293.066,2,0,8,0,0,0,1,181,0,3.0000,-1,19,27,14,0,60,0,0,0,0
293.0876,2,0,8,0,0,0,1,181,0,3.0000,-1,19,27,14,0,60,0,0,0,0
293.1102,2,0,8,0,0,0,1,181,0,3.0000,-1,19,27,14,0,60,0,0,0,0
293.1334,2,0,8,0,0,0,1,181,0,3.0000,-1,19,27,14,0,60,0,0,0,0
293.1525,2,0,8,0,0,0,1,181,0,3.0000,-1,19,27,14,0,60,0,0,0,0
293.1723,2,0,8,0,0,0,1,181,0,3.0000,-1,19,27,14,0,60,0,0,0,0
293.1935,2,0,8,0,0,0,1,181,0,3.0000,-1,19,27,14,0,60,0,0,0,0
293.2134,2,0,8,0,0,0,1,181,1,4.0000,-1,19,27,14,0,60,0,0,0,0
293.2352,2,0,8,0,0,0,0,-1,0,4.0000,-1,19,27,14,0,60,0,0,0,0
293.2563,2,0,8,0,0,0,0,-1,0,4.0000,-1,19,27,14,0,60,0,0,0,0
293.277,2,0,8,0,0,0,1,178,0,4.0000,-1,19,27,14,0,60,0,0,0,0
293.2997,2,0,8,0,0,0,1,178,0,3.0000,-1,19,27,14,0,60,0,0,0,0
293.3203,2,0,8,0,0,0,1,178,0,3.0000,-1,19,27,14,0,60,0,0,0,0
293.3401,2,0,8,0,0,0,1,178,0,2.0000,-1,19,27,14,0,60,0,0,0,0
293.3593,2,0,8,0,0,0,1,178,0,2.0000,-1,19,27,14,0,60,0,0,0,0
293.3807,2,0,8,0,0,0,1,178,0,2.0000,-1,19,27,14,0,60,0,0,0,0
293.4027,2,0,8,0,0,0,1,178,0,2.0000,-1,19,27,14,0,60,0,0,0,0
293.4245,2,0,8,0,0,0,0,-1,0,2.0000,178,19,28,14,0,61,0,0,0,0
293.444,2,0,8,0,0,0,0,-1,0,2.0000,-1,19,28,14,0,61,0,0,0,0
293.486,2,0,8,0,0,0,0,-1,1,3.0000,-1,19,28,14,0,61,0,0,0,0
293.5002,2,0,8,0,0,0,0,-1,0,3.0000,-1,19,28,14,0,61,0,0,0,0
293.5147,2,0,8,0,0,0,0,-1,0,3.0000,-1,19,28,14,0,61,0,0,0,0
293.532,2,0,8,0,0,0,0,-1,0,3.0000,-1,19,28,14,0,61,0,0,0,0
293.5546,2,0,8,0,0,0,0,-1,0,3.0000,-1,19,28,14,0,61,0,0,0,0
293.5778,2,0,8,0,0,0,0,-1,0,3.0000,-1,19,28,14,0,61,0,0,0,0
293.5973,2,0,8,0,0,0,0,-1,0,3.0000,-1,19,28,14,0,61,0,0,0,0
293.6193,2,0,8,0,0,0,0,-1,0,3.0000,-1,19,28,14,0,61,0,0,0,0
293.6402,2,0,8,0,0,0,0,-1,0,3.0000,-1,19,28,14,0,61,0,0,0,0
293.6609,2,0,8,0,0,0,0,-1,0,3.0000,-1,19,28,14,0,61,0,0,0,0
293.6814,2,0,8,0,0,0,0,-1,1,4.0000,-1,19,28,14,0,61,0,0,0,0
293.6998,2,0,8,0,0,0,0,-1,0,3.0000,-1,19,28,14,0,61,0,0,0,0
293.7209,2,0,8,0,0,0,0,-1,0,3.0000,-1,19,28,14,0,61,0,0,0,0
293.7438,2,0,8,0,0,0,0,-1,0,3.0000,-1,19,28,14,0,61,0,0,0,0
293.7618,2,0,8,0,0,0,1,185,0,3.0000,-1,19,28,14,0,61,0,0,0,0
293.7824,2,0,8,0,0,0,1,185,0,3.0000,-1,19,28,14,0,61,0,0,0,0
293.8051,2,0,8,0,0,0,1,185,0,3.0000,-1,19,28,14,0,61,0,0,0,0
293.8233,2,0,8,0,0,0,1,185,0,3.0000,-1,19,28,14,0,61,0,0,0,0
293.8443,2,0,8,0,0,0,1,185,0,3.0000,-1,19,28,14,0,61,0,0,0,0
293.867,2,0,8,0,0,0,1,185,0,3.0000,-1,19,28,14,0,61,0,0,0,0
293.884,2,0,8,0,0,0,1,185,0,3.0000,-1,19,28,14,0,61,0,0,0,0
293.9065,2,0,8,0,0,0,1,185,0,3.0000,-1,19,28,14,0,61,0,0,0,0
293.926,2,0,8,0,0,0,1,185,0,3.0000,-1,19,28,14,0,61,0,0,0,0
293.9487,2,0,8,0,0,0,1,185,0,3.0000,-1,19,28,14,0,61,0,0,0,0
293.9674,2,0,8,0,0,0,1,185,0,3.0000,-1,19,28,14,0,61,0,0,0,0
293.9889,2,0,8,0,0,0,1,185,0,3.0000,-1,19,28,14,0,61,0,0,0,0
294.0103,2,0,8,0,0,0,1,185,0,3.0000,-1,19,28,14,0,61,0,0,0,0
294.0319,2,0,8,0,0,0,1,185,0,3.0000,-1,19,28,14,0,61,0,0,0,0
294.0495,2,0,8,0,0,0,1,185,0,3.0000,-1,19,28,14,0,61,0,0,0,0
294.0703,2,0,8,0,0,0,1,185,0,3.0000,-1,19,28,14,0,61,0,0,0,0
294.091,2,0,8,0,0,0,1,185,0,3.0000,-1,19,28,14,0,61,0,0,0,0
294.1125,2,0,8,0,0,0,1,185,0,3.0000,-1,19,28,14,0,61,0,0,0,0
294.1336,2,0,8,0,0,0,1,185,0,3.0000,-1,19,28,14,0,61,0,0,0,0
294.1564,2,0,8,0,0,0,1,185,0,3.0000,-1,19,28,14,0,61,0,0,0,0
294.1768,2,0,8,0,0,0,1,185,0,3.0000,-1,19,28,14,0,61,0,0,0,0
294.1974,2,0,8,0,0,0,1,185,0,3.0000,-1,19,28,14,0,61,0,0,0,0
294.215,2,0,8,0,0,0,1,185,0,2.0000,-1,19,28,14,0,61,0,0,0,0
294.2359,2,0,8,0,0,0,1,185,0,2.0000,-1,19,28,14,0,61,0,0,0,0
294.2571,2,0,8,0,0,0,1,185,0,2.0000,-1,19,28,14,0,61,0,0,0,0
294.2782,2,0,8,0,0,0,1,185,0,2.0000,-1,19,28,14,0,61,0,0,0,0
294.3211,2,0,8,0,0,0,1,185,0,2.0000,-1,19,28,14,0,61,0,0,0,0
294.3395,2,0,8,0,0,0,1,185,0,2.0000,-1,19,28,14,0,61,0,0,0,0
294.3576,2,0,8,0,0,0,1,185,1,3.0000,-1,19,28,14,0,61,0,0,0,0
294.3745,2,0,8,0,0,0,1,185,0,3.0000,-1,19,28,14,0,61,0,0,0,0
294.3886,2,0,8,0,0,0,0,-1,0,3.0000,-1,19,28,14,0,61,0,0,0,0
294.4096,2,0,8,0,0,0,0,-1,0,3.0000,-1,19,28,14,0,61,0,0,0,0
294.4316,2,0,8,0,0,0,0,-1,0,3.0000,-1,19,28,14,0,61,0,0,0,0
294.45,2,0,8,0,0,0,0,-1,0,3.0000,-1,19,28,14,0,61,0,0,0,0
294.4686,2,0,8,0,0,0,0,-1,0,3.0000,-1,19,28,14,0,61,0,0,0,0
294.4919,2,0,8,0,0,0,0,-1,0,2.0000,-1,19,28,14,0,61,0,0,0,0
294.5103,2,0,8,0,0,0,0,-1,0,2.0000,-1,19,28,14,0,61,0,0,0,0
294.5332,2,0,8,0,0,0,0,-1,0,2.0000,-1,19,28,14,0,61,0,0,0,0
294.5549,2,0,8,0,0,0,0,-1,0,2.0000,-1,19,28,14,0,61,0,0,0,0
294.5732,2,0,8,0,0,0,0,-1,0,2.0000,-1,19,28,14,0,61,0,0,0,0
294.5941,2,0,8,0,0,0,0,-1,0,2.0000,-1,19,28,14,0,61,0,0,0,0
294.6148,2,0,8,0,0,0,0,-1,0,2.0000,-1,19,28,14,0,61,0,0,0,0
294.6351,2,0,8,0,0,0,0,-1,0,2.0000,-1,19,28,14,0,61,0,0,0,0
294.6553,2,0,8,0,0,0,0,-1,0,2.0000,-1,19,28,14,0,61,0,0,0,0
294.6763,2,0,8,0,0,0,0,-1,0,2.0000,-1,19,28,14,0,61,0,0,0,0
294.6986,2,0,8,0,0,0,0,-1,0,1.0000,-1,19,28,14,0,61,0,0,0,0
294.7162,2,0,8,0,0,0,0,-1,0,1.0000,-1,19,28,14,0,61,0,0,0,0
294.7381,2,0,8,0,0,0,0,-1,1,2.0000,-1,19,28,14,0,61,0,0,0,0
294.7572,2,0,8,0,0,0,0,-1,0,2.0000,-1,19,28,14,0,61,0,0,0,0
294.7784,2,0,8,0,0,0,0,-1,0,2.0000,-1,19,28,14,0,61,0,0,0,0
294.7983,2,0,8,0,0,0,0,-1,0,2.0000,-1,19,28,14,0,61,0,0,0,0
294.821,2,0,8,0,0,0,0,-1,0,2.0000,-1,19,28,14,0,61,0,0,0,0
294.84,2,0,8,0,0,0,0,-1,0,2.0000,-1,19,28,14,0,61,0,0,0,0
294.8582,2,0,8,0,0,0,0,-1,0,2.0000,-1,19,28,14,0,61,0,0,0,0
294.8798,2,0,8,0,0,0,0,-1,0,2.0000,-1,19,28,14,0,61,0,0,0,0
294.9005,2,0,8,0,0,0,0,-1,0,2.0000,-1,19,28,14,0,61,0,0,0,0
294.9397,2,0,8,0,0,0,0,-1,0,2.0000,-1,19,28,14,0,61,0,0,0,0
294.9522,2,0,8,0,0,0,0,-1,0,2.0000,-1,19,28,14,0,61,0,0,0,0
294.9649,2,0,8,0,0,0,0,-1,0,2.0000,-1,19,28,14,0,61,0,0,0,0
294.9869,2,0,8,0,0,0,0,-1,1,3.0000,-1,19,28,14,0,61,0,0,0,0
295.0069,2,0,8,0,0,0,0,-1,0,3.0000,-1,19,28,14,0,61,0,0,0,0
295.0268,2,0,8,0,0,0,0,-1,0,3.0000,-1,19,28,14,0,61,0,0,0,0
295.0464,2,0,8,0,0,0,0,-1,0,3.0000,-1,19,28,14,0,61,0,0,0,0
295.0672,2,0,8,0,0,0,0,-1,0,3.0000,-1,19,28,14,0,61,0,0,0,0
295.0876,2,0,8,0,0,0,0,-1,0,3.0000,-1,19,28,14,0,61,0,0,0,0
295.1088,2,0,8,0,0,0,0,-1,0,3.0000,-1,19,28,14,0,61,0,0,0,0
295.1292,2,0,8,0,0,0,0,-1,0,3.0000,-1,19,28,14,0,61,0,0,0,0
295.1482,2,0,8,0,0,0,0,-1,0,3.0000,-1,19,28,14,0,61,0,0,0,0
295.1686,2,0,8,0,0,0,0,-1,0,3.0000,-1,19,28,14,0,61,0,0,0,0
295.1891,2,0,8,0,0,0,0,-1,1,4.0000,-1,19,28,14,0,61,0,0,0,0
295.2095,2,0,8,0,0,0,0,-1,0,4.0000,-1,19,28,14,0,61,0,0,0,0
295.2313,2,0,8,0,0,0,0,-1,0,4.0000,-1,19,28,14,0,61,0,0,0,0
295.2516,2,0,8,0,0,0,0,-1,0,4.0000,-1,19,28,14,0,61,0,0,0,0
295.2701,2,0,8,0,0,0,0,-1,0,4.0000,-1,19,28,14,0,61,0,0,0,0
295.2922,2,0,8,0,0,0,0,-1,0,4.0000,-1,19,28,14,0,61,0,0,0,0
295.3113,2,0,8,0,0,0,0,-1,0,4.0000,-1,19,28,14,0,61,0,0,0,0
295.3323,2,0,8,0,0,0,0,-1,0,4.0000,-1,19,28,14,0,61,0,0,0,0
295.3538,2,0,8,0,0,0,0,-1,0,4.0000,-1,19,28,14,0,61,0,0,0,0
295.3712,2,0,8,0,0,0,0,-1,0,3.0000,-1,19,28,14,0,61,0,0,0,0
295.3923,2,0,8,0,0,0,0,-1,0,3.0000,-1,19,28,14,0,61,0,0,0,0
295.4121,2,0,8,0,0,0,0,-1,0,3.0000,-1,19,28,14,0,61,0,0,0,0
295.4318,2,0,8,0,0,0,0,-1,0,3.0000,-1,19,28,14,0,61,0,0,0,0
295.4519,2,0,8,0,0,0,0,-1,0,3.0000,-1,19,28,14,0,61,0,0,0,0
295.4714,2,0,8,0,0,0,1,188,0,3.0000,-1,19,28,14,0,61,0,0,0,0
295.4903,2,0,8,0,0,0,1,188,0,3.0000,-1,19,28,14,0,61,0,0,0,0
295.5128,2,0,8,0,0,0,1,188,0,3.0000,-1,19,28,14,0,61,0,0,0,0
295.5495,2,0,8,0,0,0,1,188,1,4.0000,-1,19,28,14,0,61,0,0,0,0
295.5627,2,0,8,0,0,0,1,188,0,4.0000,-1,19,28,14,0,61,0,0,0,0
295.5766,2,0,8,0,0,0,1,188,0,4.0000,-1,19,28,14,0,61,0,0,0,0
295.5961,2,0,8,0,0,0,1,188,0,4.0000,-1,19,28,14,0,61,0,0,0,0
295.6149,2,0,8,0,0,0,1,188,0,4.0000,-1,19,28,14,0,61,0,0,0,0
295.6368,2,0,8,0,0,0,1,188,0,4.0000,-1,19,28,14,0,61,0,0,0,0
295.6578,2,0,8,0,0,0,1,188,0,4.0000,-1,19,28,14,0,61,0,0,0,0
295.6761,2,0,8,0,0,0,1,188,1,5.0000,-1,19,28,14,0,61,0,0,0,0
295.6984,2,0,8,0,0,0,1,188,0,5.0000,-1,19,28,14,0,61,0,0,0,0
295.7162,2,0,8,0,0,0,1,188,0,5.0000,-1,19,28,14,0,61,0,0,0,0
295.7556,2,0,8,0,0,0,1,188,0,4.0000,-1,19,28,14,0,61,0,0,0,0
295.7696,2,0,8,0,0,0,1,188,0,4.0000,-1,19,28,14,0,61,0,0,0,0
295.783,2,0,8,0,0,0,1,188,0,4.0000,-1,19,28,14,0,61,0,0,0,0
295.8023,2,0,8,0,0,0,1,188,0,4.0000,-1,19,28,14,0,61,0,0,0,0
295.8214,2,0,8,0,0,0,1,188,0,4.0000,-1,19,28,14,0,61,0,0,0,0
295.8423,2,0,8,0,0,0,1,188,0,4.0000,-1,19,28,14,0,61,0,0,0,0
295.8629,2,0,8,0,0,0,1,188,0,4.0000,-1,19,28,14,0,61,0,0,0,0
295.8837,2,0,8,0,0,0,1,188,0,4.0000,-1,19,28,14,0,61,0,0,0,0
295.9034,2,0,8,0,0,0,1,188,0,4.0000,-1,19,28,14,0,61,0,0,0,0
295.9226,2,0,8,0,0,0,1,188,0,4.0000,-1,19,28,14,0,61,0,0,0,0
295.9425,2,0,8,0,0,0,1,188,0,4.0000,-1,19,28,14,0,61,0,0,0,0
295.9649,2,0,8,0,0,0,1,188,0,4.0000,-1,19,28,14,0,61,0,0,0,0
295.9822,2,0,8,0,0,0,1,188,0,4.0000,-1,19,28,14,0,61,0,0,0,0
296.0022,2,0,8,1,0,0,1,188,0,3.0000,-1,19,28,14,0,61,0,0,0,0
296.0219,2,0,8,1,0,0,1,188,0,3.0000,-1,19,28,14,0,61,0,0,0,0
296.043,2,0,8,1,0,0,1,188,1,4.0000,-1,19,28,14,0,61,0,0,0,0
296.0648,2,0,8,1,0,0,1,188,0,4.0000,-1,19,28,14,0,61,0,0,0,0
296.0855,2,0,8,1,0,0,1,188,0,4.0000,-1,19,28,14,0,61,0,0,0,0
296.1031,2,0,8,1,0,0,1,188,0,4.0000,-1,19,28,14,0,61,0,0,0,0
296.1256,2,0,8,1,0,0,1,186,0,4.0000,188,19,29,14,0,62,0,0,0,0
296.1637,2,0,8,1,0,0,1,186,0,4.0000,-1,19,29,14,0,62,0,0,0,0
296.1776,2,0,8,1,0,0,1,186,0,4.0000,-1,19,29,14,0,62,0,0,0,0
296.1896,2,0,8,1,0,0,1,186,0,3.0000,-1,19,29,14,0,62,0,0,0,0
296.2076,2,0,8,1,0,0,1,186,0,3.0000,-1,19,29,14,0,62,0,0,0,0
296.2298,2,0,8,1,0,0,1,186,0,3.0000,-1,19,29,14,0,62,0,0,0,0
296.2514,2,0,8,1,0,0,1,186,0,3.0000,-1,19,29,14,0,62,0,0,0,0
296.2711,2,0,8,1,0,0,1,186,0,3.0000,-1,19,29,14,0,62,0,0,0,0
296.2886,2,0,8,1,0,0,1,186,0,3.0000,-1,19,29,14,0,62,0,0,0,0
296.3086,2,0,8,1,0,0,1,186,0,3.0000,-1,19,29,14,0,62,0,0,0,0
296.3322,2,0,8,1,0,0,1,186,0,3.0000,-1,19,29,14,0,62,0,0,0,0
296.368,2,0,8,1,0,0,1,186,1,4.0000,-1,19,29,14,0,62,0,0,0,0
296.3807,2,0,8,1,0,0,1,186,0,4.0000,-1,19,29,14,0,62,0,0,0,0
296.3943,2,0,8,1,0,0,0,-1,0,4.0000,-1,19,29,14,0,62,0,0,0,0
296.4141,2,0,8,1,0,0,0,-1,0,4.0000,-1,19,29,14,0,62,0,0,0,0
296.4347,2,0,8,1,0,0,0,-1,0,4.0000,-1,19,29,14,0,62,0,0,0,0
296.4546,2,0,8,1,0,0,0,-1,0,4.0000,-1,19,29,14,0,62,0,0,0,0
296.4753,2,0,8,1,0,0,0,-1,0,4.0000,-1,19,29,14,0,62,0,0,0,0
296.4976,2,0,8,1,0,0,0,-1,0,4.0000,-1,19,29,14,0,62,0,0,0,0
296.5172,2,0,8,1,0,0,0,-1,0,4.0000,-1,19,29,14,0,62,0,0,0,0
296.5367,2,0,8,1,0,0,0,-1,0,4.0000,-1,19,29,14,0,62,0,0,0,0
296.5574,2,0,8,1,0,0,0,-1,0,3.0000,-1,19,29,14,0,62,0,0,0,0
296.5764,2,0,8,1,0,0,0,-1,1,4.0000,-1,19,29,14,0,62,0,0,0,0
296.5984,2,0,8,1,0,0,0,-1,0,4.0000,-1,19,29,14,0,62,0,0,0,0
296.6181,2,0,8,1,0,0,0,-1,0,4.0000,-1,19,29,14,0,62,0,0,0,0
296.6377,2,0,8,1,0,0,0,-1,0,4.0000,-1,19,29,14,0,62,0,0,0,0
296.6579,2,0,8,1,0,0,0,-1,0,4.0000,-1,19,29,14,0,62,0,0,0,0
296.6773,2,0,8,1,0,0,0,-1,0,3.0000,-1,19,29,14,0,62,0,0,0,0
296.697,2,0,8,1,0,0,0,-1,0,3.0000,-1,19,29,14,0,62,0,0,0,0
296.7192,2,0,8,1,0,0,0,-1,0,3.0000,-1,19,29,14,0,62,0,0,0,0
296.7394,2,0,8,1,0,0,0,-1,0,3.0000,-1,19,29,14,0,62,0,0,0,0
296.7587,2,0,8,1,0,0,0,-1,0,3.0000,-1,19,29,14,0,62,0,0,0,0
296.7789,2,0,8,1,0,0,0,-1,1,4.0000,-1,19,29,14,0,62,0,0,0,0
296.8013,2,0,8,1,1,0,0,-1,0,4.0000,-1,19,29,14,0,62,0,0,0,0
296.8213,2,0,8,1,1,0,0,-1,0,4.0000,-1,19,29,14,0,62,0,0,0,0
296.8412,2,0,8,1,1,0,0,-1,0,4.0000,-1,19,29,14,0,62,0,0,0,0
296.8622,2,0,8,1,1,0,0,-1,0,4.0000,-1,19,29,14,0,62,0,0,0,0
296.8813,2,0,8,1,1,0,0,-1,0,4.0000,-1,19,29,14,0,62,0,0,0,0
296.9003,2,0,8,1,1,0,0,-1,0,4.0000,-1,19,29,14,0,62,0,0,0,0
296.9211,2,0,8,1,1,0,0,-1,0,4.0000,-1,19,29,14,0,62,0,0,0,0
296.9418,2,0,8,1,1,0,0,-1,0,4.0000,-1,19,29,14,0,62,0,0,0,0
296.9609,2,0,8,1,1,0,0,-1,0,4.0000,-1,19,29,14,0,62,0,0,0,0
296.9803,2,0,8,1,1,0,0,-1,0,4.0000,-1,19,29,14,0,62,0,0,0,0
297.0003,2,0,8,1,1,0,0,-1,1,5.0000,-1,19,29,14,0,62,0,0,0,0
297.0207,2,0,8,1,1,0,0,-1,0,5.0000,-1,19,29,14,0,62,0,0,0,0
297.0417,2,0,8,1,1,0,0,-1,0,5.0000,-1,19,29,14,0,62,0,0,0,0
297.0621,2,0,8,1,1,0,0,-1,0,4.0000,-1,19,29,14,0,62,0,0,0,0
297.0787,2,0,8,1,1,0,0,-1,0,4.0000,-1,19,29,14,0,62,0,0,0,0
297.0998,2,0,8,0,1,0,0,-1,0,4.0000,-1,19,29,14,0,62,0,0,0,0
297.1205,2,0,8,0,1,0,0,-1,1,5.0000,-1,19,29,14,0,62,0,0,0,0
297.1411,2,0,8,0,1,0,0,-1,0,5.0000,-1,19,29,14,0,62,0,0,0,0
297.1605,2,0,8,0,1,0,0,-1,0,5.0000,-1,19,29,14,0,62,0,0,0,0
297.1974,2,0,8,0,1,0,0,-1,0,5.0000,-1,19,29,14,0,62,0,0,0,0
297.2105,2,0,8,0,1,0,0,-1,0,5.0000,-1,19,29,14,0,62,0,0,0,0
297.2234,2,0,8,0,1,0,0,-1,0,5.0000,-1,19,29,14,0,62,0,0,0,0
297.2408,2,0,8,0,1,0,0,-1,0,5.0000,-1,19,29,14,0,62,0,0,0,0
297.2633,2,0,8,0,1,0,0,-1,0,5.0000,-1,19,29,14,0,62,0,0,0,0
297.2842,2,0,8,0,1,0,0,-1,0,5.0000,-1,19,29,14,0,62,0,0,0,0
297.3023,2,0,8,0,1,0,0,-1,0,5.0000,-1,19,29,14,0,62,0,0,0,0
297.3211,2,0,8,0,1,0,0,-1,1,6.0000,-1,19,29,14,0,62,0,0,0,0
297.3438,2,0,8,0,1,0,0,-1,0,6.0000,-1,19,29,14,0,62,0,0,0,0
297.364,2,0,8,0,1,0,0,-1,0,6.0000,-1,19,29,14,0,62,0,0,0,0
297.4004,2,0,8,0,1,0,0,-1,0,5.0000,-1,19,29,14,0,62,0,0,0,0
297.4174,2,0,8,0,1,0,0,-1,0,5.0000,-1,19,29,14,0,62,0,0,0,0
297.4303,2,0,8,0,1,0,0,-1,0,5.0000,-1,19,29,14,0,62,0,0,0,0
297.447,2,0,8,0,1,0,0,-1,0,5.0000,-1,19,29,14,0,62,0,0,0,0
297.4698,2,0,8,0,1,0,0,-1,0,5.0000,-1,19,29,14,0,62,0,0,0,0
297.487,2,0,8,0,1,0,0,-1,0,5.0000,-1,19,29,14,0,62,0,0,0,0
297.5095,2,0,8,0,1,0,0,-1,0,5.0000,-1,19,29,14,0,62,0,0,0,0
297.5293,2,0,8,0,1,0,0,-1,0,5.0000,-1,19,29,14,0,62,0,0,0,0
297.5472,2,0,8,0,1,0,0,-1,0,5.0000,-1,19,29,14,0,62,0,0,0,0
297.5655,2,0,8,0,1,0,0,-1,0,5.0000,-1,19,29,14,0,62,0,0,0,0
297.5857,2,0,8,0,1,0,0,-1,0,4.0000,-1,19,29,14,0,62,0,0,0,0
297.6064,2,0,8,0,1,0,0,-1,1,5.0000,-1,19,29,14,0,62,0,0,0,0
297.6258,2,0,8,0,1,0,0,-1,0,5.0000,-1,19,29,14,0,62,0,0,0,0
297.6437,2,0,8,0,1,0,0,-1,0,5.0000,-1,19,29,14,0,62,0,0,0,0
297.6658,2,0,8,0,1,0,0,-1,0,5.0000,-1,19,29,14,0,62,0,0,0,0
297.6841,2,0,8,0,1,0,0,-1,0,5.0000,-1,19,29,14,0,62,0,0,0,0
297.7036,2,0,8,0,1,0,0,-1,1,6.0000,-1,19,29,14,0,62,0,0,0,0
297.7212,2,0,8,0,1,0,0,-1,0,6.0000,-1,19,29,14,0,62,0,0,0,0
297.7419,2,0,8,0,1,0,0,-1,0,6.0000,-1,19,29,14,0,62,0,0,0,0
297.7625,2,0,8,0,0,0,0,-1,0,6.0000,-1,19,29,14,0,62,0,0,0,0
297.7807,2,0,8,0,0,0,0,-1,0,5.0000,-1,19,29,14,0,62,0,0,0,0
297.8179,2,0,8,0,0,0,0,-1,0,5.0000,-1,19,29,14,0,62,0,0,0,0
297.8292,2,0,8,0,0,0,0,-1,0,5.0000,-1,19,29,14,0,62,0,0,0,0
297.843,2,0,8,0,0,0,0,-1,1,6.0000,-1,19,29,14,0,62,0,0,0,0
297.8626,2,0,8,0,0,0,0,-1,0,6.0000,-1,19,29,14,0,62,0,0,0,0
297.8837,2,0,8,0,0,0,0,-1,0,6.0000,-1,19,29,14,0,62,0,0,0,0
297.9026,2,0,8,0,0,0,0,-1,0,6.0000,-1,19,29,14,0,62,0,0,0,0
297.9226,2,0,8,0,0,0,0,-1,0,6.0000,-1,19,29,14,0,62,0,0,0,0
297.9406,2,0,8,0,0,0,0,-1,0,6.0000,-1,19,29,14,0,62,0,0,0,0
297.9629,2,0,8,0,0,0,1,191,0,6.0000,-1,19,29,14,0,62,0,0,0,0
297.9829,2,0,8,0,0,0,1,191,0,6.0000,-1,19,29,14,0,62,0,0,0,0
297.9993,2,0,8,0,0,0,1,191,0,6.0000,-1,19,29,14,0,62,0,0,0,0
298.019,2,0,8,0,0,0,1,191,0,5.0000,-1,19,29,14,0,62,0,0,0,0
298.0405,2,0,8,0,0,0,1,191,0,5.0000,-1,19,29,14,0,62,0,0,0,0
298.0588,2,0,8,0,0,0,1,191,0,5.0000,-1,19,29,14,0,62,0,0,0,0
298.0765,2,0,8,0,0,0,1,191,0,5.0000,-1,19,29,14,0,62,0,0,0,0
298.0974,2,0,8,0,0,0,1,191,0,5.0000,-1,19,29,14,0,62,0,0,0,0
298.1182,2,0,8,0,0,0,1,191,0,5.0000,-1,19,29,14,0,62,0,0,0,0
298.1383,2,0,8,0,0,0,1,191,0,4.0000,-1,19,29,14,0,62,0,0,0,0
298.1553,2,0,8,0,0,0,1,191,0,4.0000,-1,19,29,14,0,62,0,0,0,0
298.1744,2,0,8,0,0,0,1,191,0,4.0000,-1,19,29,14,0,62,0,0,0,0
298.1973,2,0,8,0,0,0,1,191,0,4.0000,-1,19,29,14,0,62,0,0,0,0
298.2174,2,0,8,0,0,0,1,191,1,5.0000,-1,19,29,14,0,62,0,0,0,0
298.2357,2,0,8,0,0,0,1,191,0,5.0000,-1,19,29,14,0,62,0,0,0,0
298.2547,2,0,8,0,0,0,1,191,0,5.0000,-1,19,29,14,0,62,0,0,0,0
298.2758,2,0,8,0,0,0,1,191,0,5.0000,-1,19,29,14,0,62,0,0,0,0
298.2949,2,0,8,0,0,0,1,191,0,5.0000,-1,19,29,14,0,62,0,0,0,0
298.3142,2,0,8,0,0,0,1,191,0,5.0000,-1,19,29,14,0,62,0,0,0,0
298.3322,2,0,8,0,0,0,1,191,0,4.0000,-1,19,29,14,0,62,0,0,0,0
298.3539,2,0,8,0,0,0,1,191,0,4.0000,-1,19,29,14,0,62,0,0,0,0
298.3725,2,0,8,0,0,0,1,191,0,4.0000,-1,19,29,14,0,62,0,0,0,0
298.3921,2,0,8,0,0,0,1,191,0,4.0000,-1,19,29,14,0,62,0,0,0,0
298.4114,2,0,8,0,0,0,1,191,0,4.0000,-1,19,29,14,0,62,0,0,0,0
298.4299,2,0,8,0,0,0,1,191,0,4.0000,-1,19,29,14,0,62,0,0,0,0
298.452,2,0,8,0,0,0,1,191,0,4.0000,-1,19,29,14,0,62,0,0,0,0
298.4716,2,0,8,0,0,0,1,191,0,4.0000,-1,19,29,14,0,62,0,0,0,0
298.4886,2,0,8,0,0,0,1,191,0,4.0000,-1,19,29,14,0,62,0,0,0,0
298.509,2,0,8,0,0,0,1,191,0,4.0000,-1,19,29,14,0,62,0,0,0,0
298.5313,2,0,8,0,0,0,1,191,0,4.0000,-1,19,29,14,0,62,0,0,0,0
298.5507,2,0,8,0,0,0,1,191,1,5.0000,-1,19,29,14,0,62,0,0,0,0
298.5675,2,0,8,0,0,0,1,191,0,5.0000,-1,19,29,14,0,62,0,0,0,0
298.5889,2,0,8,0,0,0,1,191,0,5.0000,-1,19,29,14,0,62,0,0,0,0
298.6103,2,0,8,0,0,0,1,191,0,4.0000,-1,19,29,14,0,62,0,0,0,0
298.6298,2,0,8,0,0,0,1,191,0,4.0000,-1,19,29,14,0,62,0,0,0,0
298.6653,2,0,8,0,0,0,1,191,0,4.0000,-1,19,29,14,0,62,0,0,0,0
298.6776,2,0,8,0,0,0,1,191,0,4.0000,-1,19,29,14,0,62,0,0,0,0
298.6908,2,0,8,0,0,0,1,191,0,4.0000,-1,19,29,14,0,62,0,0,0,0
298.711,2,0,8,0,0,0,1,191,0,3.0000,-1,19,29,14,0,62,0,0,0,0
298.7322,2,0,8,0,0,0,1,191,0,3.0000,-1,19,29,14,0,62,0,0,0,0
298.754,2,0,8,0,0,0,0,-1,0,3.0000,191,19,30,14,0,63,0,0,0,0
298.7724,2,0,8,0,0,0,0,-1,0,3.0000,-1,19,30,14,0,63,0,0,0,0
298.792,2,0,8,0,0,0,0,-1,0,3.0000,-1,19,30,14,0,63,0,0,0,0
298.8106,2,0,8,0,0,0,0,-1,0,3.0000,-1,19,30,14,0,63,0,0,0,0
298.8324,2,0,8,0,0,0,0,-1,0,3.0000,-1,19,30,14,0,63,0,0,0,0
298.8715,2,0,8,0,0,0,0,-1,0,2.0000,-1,19,30,14,0,63,0,0,0,0
298.8851,2,0,8,0,0,0,0,-1,0,2.0000,-1,19,30,14,0,63,0,0,0,0
298.8996,2,0,8,0,0,0,0,-1,0,2.0000,-1,19,30,14,0,63,0,0,0,0
298.9188,2,0,8,0,0,0,0,-1,0,2.0000,-1,19,30,14,0,63,0,0,0,0
298.9392,2,0,8,0,0,0,0,-1,0,2.0000,-1,19,30,14,0,63,0,0,0,0
298.9582,2,0,8,0,0,0,0,-1,1,3.0000,-1,19,30,14,0,63,0,0,0,0
298.9769,2,0,8,0,0,0,0,-1,0,3.0000,-1,19,30,14,0,63,0,0,0,0
298.9978,2,0,8,0,0,0,0,-1,0,3.0000,-1,19,30,14,0,63,0,0,0,0
299.02,2,0,8,0,0,0,0,-1,0,3.0000,-1,19,30,14,0,63,0,0,0,0
299.0388,2,0,8,0,0,0,0,-1,0,3.0000,-1,19,30,14,0,63,0,0,0,0
299.0761,2,0,8,0,0,0,0,-1,0,3.0000,-1,19,30,14,0,63,0,0,0,0
299.0901,2,0,8,0,0,0,0,-1,0,3.0000,-1,19,30,14,0,63,0,0,0,0
299.1045,2,0,8,0,0,0,0,-1,0,3.0000,-1,19,30,14,0,63,0,0,0,0
299.1202,2,0,8,0,0,0,0,-1,0,3.0000,-1,19,30,14,0,63,0,0,0,0
299.1424,2,0,8,0,0,0,0,-1,0,3.0000,-1,19,30,14,0,63,0,0,0,0
299.1633,2,0,8,0,0,0,0,-1,0,3.0000,-1,19,30,14,0,63,0,0,0,0
299.1808,2,0,8,0,0,0,0,-1,0,3.0000,-1,19,30,14,0,63,0,0,0,0
299.2027,2,0,8,0,0,0,0,-1,0,3.0000,-1,19,30,14,0,63,0,0,0,0
299.2223,2,0,8,0,0,0,0,-1,0,2.0000,-1,19,30,14,0,63,0,0,0,0
299.2437,2,0,8,0,0,0,0,-1,0,2.0000,-1,19,30,14,0,63,0,0,0,0
299.2813,2,0,8,0,0,0,0,-1,1,3.0000,-1,19,30,14,0,63,0,0,0,0
299.2957,2,0,8,0,0,0,1,192,0,3.0000,-1,19,30,14,0,63,0,0,0,0
299.3085,2,0,8,0,0,0,1,193,0,3.0000,-1,19,30,14,0,63,0,0,0,0
299.3282,2,0,8,0,0,0,1,193,0,3.0000,-1,19,30,14,0,63,0,0,0,0
299.3477,2,0,8,0,0,0,1,193,0,3.0000,-1,19,30,14,0,63,0,0,0,0
299.3686,2,0,8,0,0,0,1,193,0,3.0000,-1,19,30,14,0,63,0,0,0,0
299.3904,2,0,8,0,0,0,1,193,0,3.0000,-1,19,30,14,0,63,0,0,0,0
299.4125,2,0,8,0,0,0,1,193,0,3.0000,-1,19,30,14,0,63,0,0,0,0
299.4327,2,0,8,0,0,0,1,193,0,3.0000,-1,19,30,14,0,63,0,0,0,0
299.4571,2,0,8,0,0,0,1,193,0,3.0000,-1,19,30,14,0,63,0,0,0,0
299.4948,2,0,8,0,0,0,1,193,0,3.0000,-1,19,30,14,0,63,0,0,0,0
299.5078,2,0,8,0,0,0,1,193,0,3.0000,-1,19,30,14,0,63,0,0,0,0
299.5221,2,0,8,0,0,0,1,193,0,3.0000,-1,19,30,14,0,63,0,0,0,0
299.5436,2,0,8,0,0,0,1,193,0,3.0000,-1,19,30,14,0,63,0,0,0,0
299.5653,2,0,8,0,0,0,1,192,0,2.0000,193,19,31,14,0,64,0,0,0,0
299.5861,2,0,8,0,0,0,1,192,0,2.0000,-1,19,31,14,0,64,0,0,0,0
299.6071,2,0,8,0,0,0,1,192,0,2.0000,-1,19,31,14,0,64,0,0,0,0
299.6269,2,0,8,0,0,0,1,192,0,2.0000,-1,19,31,14,0,64,0,0,0,0
299.6479,2,0,8,0,0,0,1,192,0,2.0000,-1,19,31,14,0,64,0,0,0,0
299.6673,2,0,8,0,0,0,1,192,0,2.0000,-1,19,31,14,0,64,0,0,0,0
299.708,2,0,8,0,0,0,1,192,0,2.0000,-1,19,31,14,0,64,0,0,0,0
299.721,2,0,8,0,0,0,1,192,0,2.0000,-1,19,31,14,0,64,0,0,0,0
299.7337,2,0,8,0,0,0,1,192,0,2.0000,-1,19,31,14,0,64,0,0,0,0
299.7546,2,0,8,0,0,0,1,192,0,2.0000,-1,19,31,14,0,64,0,0,0,0
299.7758,2,0,8,0,0,0,1,192,0,2.0000,-1,19,31,14,0,64,0,0,0,0
299.8002,2,0,8,0,0,0,1,192,0,2.0000,-1,19,31,14,0,64,0,0,0,0
299.8177,2,0,8,0,0,0,1,192,0,2.0000,-1,19,31,14,0,64,0,0,0,0
299.8398,2,0,8,0,0,0,1,192,0,2.0000,-1,19,31,14,0,64,0,0,0,0
299.8608,2,0,8,0,0,0,1,192,0,2.0000,-1,19,31,14,0,64,0,0,0,0
299.8813,2,0,8,0,0,0,1,192,0,2.0000,-1,19,31,14,0,64,0,0,0,0
299.9221,2,0,8,0,0,0,1,192,0,2.0000,-1,19,31,14,0,64,0,0,0,0
299.9356,2,0,8,0,0,0,1,192,0,2.0000,-1,19,31,14,0,64,0,0,0,0
299.949,2,0,8,0,0,0,1,192,0,2.0000,-1,19,31,14,0,64,0,0,0,0
299.9704,2,0,8,0,0,0,1,192,1,2.0000,-1,19,31,14,0,64,0,0,0,0
299.9919,2,0,8,0,0,0,1,192,0,2.0000,-1,19,31,14,0,64,0,0,0,0
300.0121,2,0,8,0,0,0,1,192,0,2.0000,-1,19,31,14,0,64,0,0,0,0
300.0323,2,0,8,0,0,0,1,192,0,2.0000,-1,19,31,14,0,64,0,0,0,0
300.0535,2,0,8,0,0,0,1,192,0,2.0000,-1,19,31,14,0,64,0,0,0,0
300.0773,2,0,8,0,0,0,1,192,0,2.0000,-1,19,31,14,0,64,0,0,0,0
300.0981,2,0,8,0,0,0,1,192,0,2.0000,-1,19,31,14,0,64,0,0,0,0
300.1357,2,0,8,0,0,0,1,192,0,2.0000,-1,19,31,14,0,64,0,0,0,0
300.1491,2,0,8,0,0,0,1,192,0,2.0000,-1,19,31,14,0,64,0,0,0,0
300.1633,2,0,8,0,0,0,1,192,0,2.0000,-1,19,31,14,0,64,0,0,0,0
300.1838,2,0,8,0,0,0,1,192,0,2.0000,-1,19,31,14,0,64,0,0,0,0
300.2053,2,0,8,0,0,0,0,-1,0,2.0000,192,19,32,14,0,65,0,0,0,0
300.2269,2,0,8,0,0,0,0,-1,0,2.0000,-1,19,32,14,0,65,0,0,0,0
300.2478,2,0,8,0,0,0,0,-1,0,2.0000,-1,19,32,14,0,65,0,0,0,0
300.2688,2,0,8,0,0,0,0,-1,0,2.0000,-1,19,32,14,0,65,0,0,0,0
300.2899,2,0,8,0,0,0,0,-1,0,1.0000,-1,19,32,14,0,65,0,0,0,0
300.3115,2,0,8,0,0,0,0,-1,0,1.0000,-1,19,32,14,0,65,0,0,0,0
300.3539,2,0,8,0,0,0,0,-1,0,1.0000,-1,19,32,14,0,65,0,0,0,0
300.367,2,0,8,0,0,0,0,-1,0,1.0000,-1,19,32,14,0,65,0,0,0,0
300.3808,2,0,8,0,0,0,0,-1,0,1.0000,-1,19,32,14,0,65,0,0,0,0
300.3988,2,0,8,0,0,0,0,-1,1,2.0000,-1,19,32,14,0,65,0,0,0,0
300.4195,2,0,8,0,0,0,0,-1,0,2.0000,-1,19,32,14,0,65,0,0,0,0
300.4416,2,0,8,0,0,0,0,-1,0,2.0000,-1,19,32,14,0,65,0,0,0,0
300.4631,2,0,8,0,0,0,0,-1,0,2.0000,-1,19,32,14,0,65,0,0,0,0
300.4818,2,0,8,0,0,0,0,-1,0,2.0000,-1,19,32,14,0,65,0,0,0,0
300.5027,2,0,8,0,0,0,0,-1,0,2.0000,-1,19,32,14,0,65,0,0,0,0
300.5235,2,0,8,0,0,0,0,-1,0,2.0000,-1,19,32,14,0,65,0,0,0,0
300.5643,2,0,8,0,0,0,0,-1,0,2.0000,-1,19,32,14,0,65,0,0,0,0
300.5775,2,0,8,0,0,0,0,-1,0,2.0000,-1,19,32,14,0,65,0,0,0,0
300.5907,2,0,8,0,0,0,0,-1,0,2.0000,-1,19,32,14,0,65,0,0,0,0
300.6099,2,0,8,0,0,0,0,-1,0,2.0000,-1,19,32,14,0,65,0,0,0,0
300.6317,2,0,8,0,0,0,0,-1,0,2.0000,-1,19,32,14,0,65,0,0,0,0
300.6533,2,0,8,0,0,0,0,-1,0,2.0000,-1,19,32,14,0,65,0,0,0,0
300.6741,2,0,8,0,0,0,0,-1,0,2.0000,-1,19,32,14,0,65,0,0,0,0
300.6956,2,0,8,0,0,0,0,-1,0,2.0000,-1,19,32,14,0,65,0,0,0,0
300.7166,2,0,8,0,0,0,0,-1,0,2.0000,-1,19,32,14,0,65,0,0,0,0
300.737,2,0,8,0,0,0,0,-1,0,2.0000,-1,19,32,14,0,65,0,0,0,0
300.7574,2,0,8,0,0,0,0,-1,0,2.0000,-1,19,32,14,0,65,0,0,0,0
300.7786,2,0,8,0,0,0,0,-1,0,2.0000,-1,19,32,14,0,65,0,0,0,0
300.8002,2,0,8,0,0,0,0,-1,1,3.0000,-1,19,32,14,0,65,0,0,0,0
300.8226,2,0,8,0,0,0,0,-1,0,3.0000,-1,19,32,14,0,65,0,0,0,0
300.8426,2,0,8,0,0,0,0,-1,0,3.0000,-1,19,32,14,0,65,0,0,0,0
300.8609,2,0,8,0,0,0,0,-1,0,3.0000,-1,19,32,14,0,65,0,0,0,0
300.8818,2,0,8,0,0,0,0,-1,0,3.0000,-1,19,32,14,0,65,0,0,0,0
300.9031,2,0,8,0,0,0,0,-1,0,3.0000,-1,19,32,14,0,65,0,0,0,0
300.9251,2,0,8,0,0,0,0,-1,0,3.0000,-1,19,32,14,0,65,0,0,0,0
300.9443,2,0,8,0,0,0,0,-1,0,3.0000,-1,19,32,14,0,65,0,0,0,0
300.9684,2,0,8,0,0,0,0,-1,0,3.0000,-1,19,32,14,0,65,0,0,0,0
300.9874,2,0,8,0,0,0,0,-1,0,2.0000,-1,19,32,14,0,65,0,0,0,0
301.0066,2,0,8,0,0,0,0,-1,0,2.0000,-1,19,32,14,0,65,0,0,0,0
301.0281,2,0,8,0,0,0,0,-1,1,3.0000,-1,19,32,14,0,65,0,0,0,0
301.048,2,0,8,0,0,0,0,-1,0,3.0000,-1,19,32,14,0,65,0,0,0,0
301.0671,2,0,8,0,0,0,0,-1,0,3.0000,-1,19,32,14,0,65,0,0,0,0
301.0885,2,0,8,0,0,0,0,-1,0,3.0000,-1,19,32,14,0,65,0,0,0,0
301.1103,2,0,8,0,0,0,0,-1,0,3.0000,-1,19,32,14,0,65,0,0,0,0
301.1298,2,0,8,0,0,0,0,-1,0,3.0000,-1,19,32,14,0,65,0,0,0,0
301.1502,2,0,8,0,0,0,0,-1,0,3.0000,-1,19,32,14,0,65,0,0,0,0
301.1717,2,0,8,0,0,0,0,-1,0,3.0000,-1,19,32,14,0,65,0,0,0,0
301.1903,2,0,8,0,0,0,0,-1,0,3.0000,-1,19,32,14,0,65,0,0,0,0
301.2116,2,0,8,0,0,0,0,-1,0,3.0000,-1,19,32,14,0,65,0,0,0,0
301.2325,2,0,8,0,0,0,0,-1,0,3.0000,-1,19,32,14,0,65,0,0,0,0
301.252,2,0,8,0,0,0,0,-1,0,3.0000,-1,19,32,14,0,65,0,0,0,0
301.2714,2,0,8,0,0,0,0,-1,0,3.0000,-1,19,32,14,0,65,0,0,0,0
301.2914,2,0,8,0,0,0,0,-1,0,3.0000,-1,19,32,14,0,65,0,0,0,0
301.3122,2,0,8,0,0,0,0,-1,0,3.0000,-1,19,32,14,0,65,0,0,0,0
301.3322,2,0,8,0,0,0,0,-1,0,3.0000,-1,19,32,14,0,65,0,0,0,0
301.354,2,0,8,0,0,0,0,-1,0,3.0000,-1,19,32,14,0,65,0,0,0,0
301.3727,2,0,8,0,0,0,0,-1,0,3.0000,-1,19,32,14,0,65,0,0,0,0
301.3919,2,0,8,0,0,0,0,-1,0,3.0000,-1,19,32,14,0,65,0,0,0,0
301.4127,2,0,8,0,0,0,0,-1,0,2.0000,-1,19,32,14,0,65,0,0,0,0
301.4328,2,0,8,0,0,0,0,-1,0,2.0000,-1,19,32,14,0,65,0,0,0,0
301.4546,2,0,8,0,0,0,0,-1,0,2.0000,-1,19,32,14,0,65,0,0,0,0
301.4761,2,0,8,0,0,0,0,-1,0,2.0000,-1,19,32,14,0,65,0,0,0,0
301.4953,2,0,8,0,0,0,0,-1,0,2.0000,-1,19,32,14,0,65,0,0,0,0
301.5153,2,0,8,0,0,0,0,-1,0,2.0000,-1,19,32,14,0,65,0,0,0,0
301.5361,2,0,8,0,0,0,0,-1,0,2.0000,-1,19,32,14,0,65,0,0,0,0
301.5552,2,0,8,0,0,0,0,-1,0,2.0000,-1,19,32,14,0,65,0,0,0,0
301.5964,2,0,8,0,0,0,0,-1,0,2.0000,-1,19,32,14,0,65,0,0,0,0
301.6127,2,0,8,0,0,0,0,-1,0,2.0000,-1,19,32,14,0,65,0,0,0,0
301.6292,2,0,8,0,0,0,0,-1,0,2.0000,-1,19,32,14,0,65,0,0,0,0
301.6429,2,0,8,0,0,0,0,-1,0,2.0000,-1,19,32,14,0,65,0,0,0,0
301.6655,2,0,8,0,0,0,0,-1,0,2.0000,-1,19,32,14,0,65,0,0,0,0
301.6863,2,0,8,0,0,0,0,-1,0,2.0000,-1,19,32,14,0,65,0,0,0,0
301.7059,2,0,8,0,0,0,0,-1,0,2.0000,-1,19,32,14,0,65,0,0,0,0
301.723,2,0,8,0,0,0,0,-1,0,2.0000,-1,19,32,14,0,65,0,0,0,0
301.7446,2,0,8,0,0,0,0,-1,0,2.0000,-1,19,32,14,0,65,0,0,0,0
301.7656,2,0,8,0,0,0,0,-1,0,2.0000,-1,19,32,14,0,65,0,0,0,0
301.7874,2,0,8,0,0,0,0,-1,0,2.0000,-1,19,32,14,0,65,0,0,0,0
301.8065,2,0,8,0,0,0,0,-1,0,1.0000,-1,19,32,14,0,65,0,0,0,0
301.8257,2,0,8,0,0,0,0,-1,0,1.0000,-1,19,32,14,0,65,0,0,0,0
301.8451,2,0,8,0,0,0,0,-1,0,1.0000,-1,19,32,14,0,65,0,0,0,0
301.8659,2,0,8,0,0,0,0,-1,0,1.0000,-1,19,32,14,0,65,0,0,0,0
301.8871,2,0,8,0,0,0,0,-1,0,1.0000,-1,19,32,14,0,65,0,0,0,0
301.9088,2,0,8,0,0,0,0,-1,0,1.0000,-1,19,32,14,0,65,0,0,0,0
301.928,2,0,8,0,0,0,0,-1,0,1.0000,-1,19,32,14,0,65,0,0,0,0
301.9478,2,0,8,0,0,0,0,-1,0,1.0000,-1,19,32,14,0,65,0,0,0,0
301.967,2,0,8,0,0,0,0,-1,0,1.0000,-1,19,32,14,0,65,0,0,0,0
301.9885,2,0,8,0,0,0,0,-1,0,1.0000,-1,19,32,14,0,65,0,0,0,0
302.0086,2,0,8,0,0,0,0,-1,0,1.0000,-1,19,32,14,0,65,0,0,0,0
302.0283,2,0,8,0,0,0,0,-1,0,0.0000,-1,19,32,14,0,65,0,0,0,0
302.0461,2,0,8,0,0,0,0,-1,0,0.0000,-1,19,32,14,0,65,0,0,0,0
302.0661,2,0,8,0,0,0,0,-1,0,0.0000,-1,19,32,14,0,65,0,0,0,0
302.087,2,0,8,0,0,0,0,-1,0,0.0000,-1,19,32,14,0,65,0,0,0,0
302.1081,2,0,8,0,0,0,0,-1,0,0.0000,-1,19,32,14,0,65,0,0,0,0
302.1271,2,0,8,0,0,0,0,-1,0,0.0000,-1,19,32,14,0,65,0,0,0,0
302.1459,2,0,8,0,0,0,0,-1,0,0.0000,-1,19,32,14,0,65,0,0,0,0
302.1667,2,0,8,0,0,0,0,-1,1,1.0000,-1,19,32,14,0,65,0,0,0,0
302.1881,2,0,8,0,0,0,0,-1,0,1.0000,-1,19,32,14,0,65,0,0,0,0
302.2267,2,0,8,0,0,0,0,-1,0,1.0000,-1,19,32,14,0,65,0,0,0,0
302.24,2,0,8,0,0,0,0,-1,0,1.0000,-1,19,32,14,0,65,0,0,0,0
302.2533,2,0,8,0,0,0,0,-1,0,1.0000,-1,19,32,14,0,65,0,0,0,0
302.2743,2,0,8,0,0,0,1,195,0,1.0000,-1,19,32,14,0,65,0,0,0,0
302.2952,2,0,8,0,0,0,1,195,0,1.0000,-1,19,32,14,0,65,0,0,0,0
302.3172,2,0,8,0,0,0,1,195,0,1.0000,-1,19,32,14,0,65,0,0,0,0
302.336,2,0,8,0,0,0,0,-1,0,1.0000,-1,19,32,14,0,65,0,0,0,0
302.3548,2,0,8,0,0,0,0,-1,0,1.0000,-1,19,32,14,0,65,0,0,0,0
302.3757,2,0,8,0,0,0,0,-1,0,1.0000,-1,19,32,14,0,65,0,0,0,0
302.3977,2,0,8,0,0,0,0,-1,0,1.0000,-1,19,32,14,0,65,0,0,0,0
302.4345,2,0,8,0,0,0,0,-1,0,1.0000,-1,19,32,14,0,65,0,0,0,0
302.4458,2,0,8,0,0,0,0,-1,0,1.0000,-1,19,32,14,0,65,0,0,0,0
302.4602,2,0,8,0,0,0,0,-1,0,1.0000,-1,19,32,14,0,65,0,0,0,0
302.4812,2,0,8,0,0,0,0,-1,0,1.0000,-1,19,32,14,0,65,0,0,0,0
302.5007,2,0,8,0,0,0,0,-1,0,1.0000,-1,19,32,14,0,65,0,0,0,0
302.5199,2,0,8,0,0,0,0,-1,0,1.0000,-1,19,32,14,0,65,0,0,0,0
302.54,2,0,8,0,0,0,0,-1,0,1.0000,-1,19,32,14,0,65,0,0,0,0
302.5612,2,0,8,0,0,0,0,-1,0,1.0000,-1,19,32,14,0,65,0,0,0,0
302.5809,2,0,8,0,0,0,0,-1,0,1.0000,-1,19,32,14,0,65,0,0,0,0
302.6006,2,0,8,0,0,0,0,-1,0,1.0000,-1,19,32,14,0,65,0,0,0,0
302.6198,2,0,8,0,0,0,0,-1,0,1.0000,-1,19,32,14,0,65,0,0,0,0
302.641,2,0,8,0,0,0,0,-1,0,1.0000,-1,19,32,14,0,65,0,0,0,0
302.6606,2,0,8,0,0,0,0,-1,0,1.0000,-1,19,32,14,0,65,0,0,0,0
302.6799,2,0,8,0,0,0,0,-1,0,1.0000,-1,19,32,14,0,65,0,0,0,0
302.7003,2,0,8,0,0,0,0,-1,0,1.0000,-1,19,32,14,0,65,0,0,0,0
302.7202,2,0,8,0,0,0,0,-1,0,1.0000,-1,19,32,14,0,65,0,0,0,0
302.7415,2,0,8,0,0,0,0,-1,0,1.0000,-1,19,32,14,0,65,0,0,0,0
302.7613,2,0,8,0,0,0,0,-1,0,1.0000,-1,19,32,14,0,65,0,0,0,0
302.7804,2,0,8,0,0,0,0,-1,0,1.0000,-1,19,32,14,0,65,0,0,0,0
302.8011,2,0,8,0,0,0,0,-1,0,1.0000,-1,19,32,14,0,65,0,0,0,0
302.8201,2,0,8,0,0,0,0,-1,0,1.0000,-1,19,32,14,0,65,0,0,0,0
302.8419,2,0,8,0,0,0,0,-1,0,1.0000,-1,19,32,14,0,65,0,0,0,0
302.862,2,0,8,0,0,0,0,-1,0,1.0000,-1,19,32,14,0,65,0,0,0,0
302.8809,2,0,8,0,0,0,0,-1,0,1.0000,-1,19,32,14,0,65,0,0,0,0
302.8999,2,0,8,0,0,0,0,-1,0,1.0000,-1,19,32,14,0,65,0,0,0,0
302.9189,2,0,8,0,0,0,0,-1,0,1.0000,-1,19,32,14,0,65,0,0,0,0
302.9405,2,0,8,0,0,0,0,-1,0,1.0000,-1,19,32,14,0,65,0,0,0,0
302.9598,2,0,8,0,0,0,0,-1,0,1.0000,-1,19,32,14,0,65,0,0,0,0
302.9777,2,0,8,0,0,0,0,-1,0,1.0000,-1,19,32,14,0,65,0,0,0,0
302.9969,2,0,8,0,0,0,0,-1,0,1.0000,-1,19,32,14,0,65,0,0,0,0
303.0186,2,0,8,0,0,0,0,-1,0,1.0000,-1,19,32,14,0,65,0,0,0,0
303.0541,2,0,8,0,0,0,0,-1,0,1.0000,-1,19,32,14,0,65,0,0,0,0
303.0684,2,0,8,0,0,0,0,-1,0,1.0000,-1,19,32,14,0,65,0,0,0,0
303.0826,2,0,8,0,0,0,0,-1,0,1.0000,-1,19,32,14,0,65,0,0,0,0
303.1013,2,0,8,0,0,0,0,-1,0,1.0000,-1,19,32,14,0,65,0,0,0,0
303.1208,2,0,8,0,0,0,0,-1,0,1.0000,-1,19,32,14,0,65,0,0,0,0
303.1416,2,0,8,0,0,0,0,-1,0,1.0000,-1,19,32,14,0,65,0,0,0,0
303.1616,2,0,8,0,0,0,0,-1,0,1.0000,-1,19,32,14,0,65,0,0,0,0
303.1826,2,0,8,0,0,0,0,-1,0,0.0000,-1,19,32,14,0,65,0,0,0,0
303.1996,2,0,8,0,0,0,0,-1,0,0.0000,-1,19,32,14,0,65,0,0,0,0
303.2202,2,0,8,0,0,0,0,-1,0,0.0000,-1,19,32,14,0,65,0,0,0,0
303.2419,2,0,8,0,0,0,0,-1,0,0.0000,-1,19,32,14,0,65,0,0,0,0
303.2594,2,0,8,0,0,0,0,-1,0,0.0000,-1,19,32,14,0,65,0,0,0,0
303.2787,2,0,8,0,0,0,0,-1,0,0.0000,-1,19,32,14,0,65,0,0,0,0
303.2993,2,0,8,0,0,0,0,-1,0,0.0000,-1,19,32,14,0,65,0,0,0,0
303.32,2,0,8,0,0,0,0,-1,0,0.0000,-1,19,32,14,0,65,0,0,0,0
303.3389,2,0,8,0,0,0,0,-1,0,0.0000,-1,19,32,14,0,65,0,0,0,0
303.3587,2,0,8,0,0,0,0,-1,0,0.0000,-1,19,32,14,0,65,0,0,0,0
303.3769,2,0,8,0,0,0,0,-1,0,0.0000,-1,19,32,14,0,65,0,0,0,0
303.3984,2,0,8,0,0,0,0,-1,0,0.0000,-1,19,32,14,0,65,0,0,0,0
303.4176,2,0,8,0,0,0,0,-1,0,0.0000,-1,19,32,14,0,65,0,0,0,0
303.438,2,0,8,0,0,0,0,-1,0,0.0000,-1,19,32,14,0,65,0,0,0,0
303.4536,2,0,8,0,0,0,0,-1,0,0.0000,-1,19,32,14,0,65,0,0,0,0
303.4761,2,0,8,0,0,0,0,-1,0,0.0000,-1,19,32,14,0,65,0,0,0,0
303.4965,2,0,8,0,0,0,0,-1,0,0.0000,-1,19,32,14,0,65,0,0,0,0
303.5149,2,0,8,0,0,0,0,-1,0,0.0000,-1,19,32,14,0,65,0,0,0,0
303.5341,2,0,8,0,0,0,0,-1,0,0.0000,-1,19,32,14,0,65,0,0,0,0
303.5531,2,0,8,0,0,0,0,-1,0,0.0000,-1,19,32,14,0,65,0,0,0,0
303.5743,2,0,8,0,0,0,0,-1,0,0.0000,-1,19,32,14,0,65,0,0,0,0
303.5943,2,0,8,0,0,0,0,-1,0,0.0000,-1,19,32,14,0,65,0,0,0,0
303.6099,2,0,8,0,0,0,0,-1,0,0.0000,-1,19,32,14,0,65,0,0,0,0
303.6308,2,0,8,0,0,0,0,-1,0,0.0000,-1,19,32,14,0,65,0,0,0,0
303.6527,2,0,8,0,0,0,0,-1,0,0.0000,-1,19,32,14,0,65,0,0,0,0
303.6719,2,0,8,0,0,0,0,-1,0,0.0000,-1,19,32,14,0,65,0,0,0,0
303.689,2,0,8,0,0,0,0,-1,0,0.0000,-1,19,32,14,0,65,0,0,0,0
303.709,2,0,8,0,0,0,0,-1,0,0.0000,-1,19,32,14,0,65,0,0,0,0
303.7307,2,0,8,0,0,0,0,-1,0,0.0000,-1,19,32,14,0,65,0,0,0,0
303.7507,2,0,8,0,0,0,0,-1,0,0.0000,-1,19,32,14,0,65,0,0,0,0
303.7668,2,0,8,0,0,0,0,-1,0,0.0000,-1,19,32,14,0,65,0,0,0,0
303.7885,2,0,8,0,0,0,0,-1,0,0.0000,-1,19,32,14,0,65,0,0,0,0
303.8096,2,0,8,0,0,0,0,-1,0,0.0000,-1,19,32,14,0,65,0,0,0,0
303.8298,2,0,8,0,0,0,0,-1,0,0.0000,-1,19,32,14,0,65,0,0,0,0
303.8478,2,0,8,0,0,0,0,-1,0,0.0000,-1,19,32,14,0,65,0,0,0,0
303.8685,2,0,8,0,0,0,0,-1,0,0.0000,-1,19,32,14,0,65,0,0,0,0
303.9066,2,0,8,0,0,0,0,-1,0,0.0000,-1,19,32,14,0,65,0,0,0,0
303.9196,2,0,8,0,0,0,0,-1,0,0.0000,-1,19,32,14,0,65,0,0,0,0
303.9325,2,0,8,0,0,0,0,-1,0,0.0000,-1,19,32,14,0,65,0,0,0,0
303.9529,2,0,8,0,0,0,0,-1,0,0.0000,-1,19,32,14,0,65,0,0,0,0
303.9729,2,0,8,0,0,0,0,-1,0,0.0000,-1,19,32,14,0,65,0,0,0,0
303.9918,2,0,8,0,0,0,0,-1,0,0.0000,-1,19,32,14,0,65,0,0,0,0
304.0116,2,0,8,0,0,0,0,-1,0,0.0000,-1,19,32,14,0,65,0,0,0,0
304.0326,2,0,8,0,0,0,0,-1,0,0.0000,-1,19,32,14,0,65,0,0,0,0
304.0537,2,0,8,0,0,0,0,-1,0,0.0000,-1,19,32,14,0,65,0,0,0,0
304.0733,2,0,8,0,0,0,0,-1,0,0.0000,-1,19,32,14,0,65,0,0,0,0
304.109,2,0,8,0,0,0,0,-1,0,0.0000,-1,19,32,14,0,65,0,0,0,0
304.1216,2,0,8,0,0,0,0,-1,0,0.0000,-1,19,32,14,0,65,0,0,0,0
304.1346,2,0,8,0,0,0,0,-1,0,0.0000,-1,19,32,14,0,65,0,0,0,0
304.1541,2,0,8,0,0,0,0,-1,0,0.0000,-1,19,32,14,0,65,0,0,0,0
304.1746,2,0,8,0,0,0,0,-1,0,0.0000,-1,19,32,14,0,65,0,0,0,0
304.1956,2,0,8,0,0,0,0,-1,0,0.0000,-1,19,32,14,0,65,0,0,0,0
304.2154,2,0,8,0,0,0,0,-1,0,0.0000,-1,19,32,14,0,65,0,0,0,0
304.2359,2,0,8,0,0,0,0,-1,0,0.0000,-1,19,32,14,0,65,0,0,0,0
304.256,2,0,8,0,0,0,0,-1,0,0.0000,-1,19,32,14,0,65,0,0,0,0
304.2756,2,0,8,0,0,0,0,-1,0,0.0000,-1,19,32,14,0,65,0,0,0,0
304.2963,2,0,8,0,0,0,0,-1,0,0.0000,-1,19,32,14,0,65,0,0,0,0
304.3167,2,0,8,0,0,0,0,-1,0,0.0000,-1,19,32,14,0,65,0,0,0,0
304.3364,2,0,8,0,0,0,0,-1,0,0.0000,-1,19,32,14,0,65,0,0,0,0
304.357,2,0,8,0,0,0,0,-1,0,0.0000,-1,19,32,14,0,65,0,0,0,0
304.3758,2,0,8,0,0,0,0,-1,0,0.0000,-1,19,32,14,0,65,0,0,0,0
304.3971,2,0,8,0,0,0,0,-1,0,0.0000,-1,19,32,14,0,65,0,0,0,0
304.4171,2,0,8,0,0,0,0,-1,0,0.0000,-1,19,32,14,0,65,0,0,0,0
304.4358,2,0,8,0,0,0,0,-1,0,0.0000,-1,19,32,14,0,65,0,0,0,0
304.4553,2,0,8,0,0,0,0,-1,0,0.0000,-1,19,32,14,0,65,0,0,0,0
304.4765,2,0,8,0,0,0,0,-1,0,0.0000,-1,19,32,14,0,65,0,0,0,0
304.5157,2,0,8,0,0,0,0,-1,0,0.0000,-1,19,32,14,0,65,0,0,0,0
304.5287,2,0,8,0,0,0,0,-1,0,0.0000,-1,19,32,14,0,65,0,0,0,0
304.542,2,0,8,0,0,0,0,-1,0,0.0000,-1,19,32,14,0,65,0,0,0,0
304.563,2,0,8,0,0,0,0,-1,0,0.0000,-1,19,32,14,0,65,0,0,0,0
304.5836,2,0,8,0,0,0,0,-1,0,0.0000,-1,19,32,14,0,65,0,0,0,0
304.6026,2,0,8,0,0,0,0,-1,0,0.0000,-1,19,32,14,0,65,0,0,0,0
304.6217,2,0,8,0,0,0,0,-1,0,0.0000,-1,19,32,14,0,65,0,0,0,0
304.6417,2,0,8,0,0,0,0,-1,0,0.0000,-1,19,32,14,0,65,0,0,0,0
304.6623,2,0,8,0,0,0,0,-1,0,0.0000,-1,19,32,14,0,65,0,0,0,0
304.6826,2,0,8,0,0,0,0,-1,0,0.0000,-1,19,32,14,0,65,0,0,0,0
304.7023,2,0,8,0,0,0,0,-1,0,0.0000,-1,19,32,14,0,65,0,0,0,0
304.7233,2,0,8,0,0,0,0,-1,0,0.0000,-1,19,32,14,0,65,0,0,0,0
304.7436,2,0,8,0,0,0,0,-1,0,0.0000,-1,19,32,14,0,65,0,0,0,0
304.7651,2,0,8,0,0,0,0,-1,0,0.0000,-1,19,32,14,0,65,0,0,0,0
304.7853,2,0,8,0,0,0,0,-1,0,0.0000,-1,19,32,14,0,65,0,0,0,0
304.8056,2,0,8,0,0,0,0,-1,0,0.0000,-1,19,32,14,0,65,0,0,0,0
304.8221,2,0,8,0,0,0,0,-1,0,0.0000,-1,19,32,14,0,65,0,0,0,0
304.8433,2,0,8,0,0,0,0,-1,0,0.0000,-1,19,32,14,0,65,0,0,0,0
304.8633,2,0,8,0,0,0,0,-1,0,0.0000,-1,19,32,14,0,65,0,0,0,0
304.8826,2,0,8,0,0,0,0,-1,0,0.0000,-1,19,32,14,0,65,0,0,0,0
304.9029,2,0,8,0,0,0,0,-1,0,0.0000,-1,19,32,14,0,65,0,0,0,0
304.9212,2,0,8,0,0,0,0,-1,0,0.0000,-1,19,32,14,0,65,0,0,0,0
304.9416,2,0,8,0,0,0,0,-1,0,0.0000,-1,19,32,14,0,65,0,0,0,0
304.9623,2,0,8,0,0,0,0,-1,0,0.0000,-1,19,32,14,0,65,0,0,0,0
304.9815,2,0,8,0,0,0,0,-1,0,0.0000,-1,19,32,14,0,65,0,0,0,0
304.9995,2,0,8,0,0,0,0,-1,0,0.0000,-1,19,32,14,0,65,0,0,0,0
305.0208,2,0,8,0,0,0,0,-1,0,0.0000,-1,19,32,14,0,65,0,0,0,0
305.0423,2,0,8,0,0,0,0,-1,0,0.0000,-1,19,32,14,0,65,0,0,0,0
305.0589,2,0,8,0,0,0,0,-1,0,0.0000,-1,19,32,14,0,65,0,0,0,0
305.0787,2,0,8,0,0,0,0,-1,0,0.0000,-1,19,32,14,0,65,0,0,0,0
305.0986,2,0,8,0,0,0,0,-1,0,0.0000,-1,19,32,14,0,65,0,0,0,0
305.1191,2,0,8,0,0,0,0,-1,0,0.0000,-1,19,32,14,0,65,0,0,0,0
305.1376,2,0,8,1,0,0,0,-1,0,0.0000,-1,19,32,14,0,65,0,0,0,0
305.1552,2,0,8,1,0,0,0,-1,0,0.0000,-1,19,32,14,0,65,0,0,0,0
305.1753,2,0,8,1,0,0,0,-1,0,0.0000,-1,19,32,14,0,65,0,0,0,0
305.1971,2,0,8,1,0,0,0,-1,0,0.0000,-1,19,32,14,0,65,0,0,0,0
305.2157,2,0,8,1,0,0,0,-1,0,0.0000,-1,19,32,14,0,65,0,0,0,0
305.2334,2,0,8,1,0,0,0,-1,0,0.0000,-1,19,32,14,0,65,0,0,0,0
305.2545,2,0,8,1,0,0,0,-1,0,0.0000,-1,19,32,14,0,65,0,0,0,0
305.2764,2,0,8,1,0,0,0,-1,0,0.0000,-1,19,32,14,0,65,0,0,0,0
305.2949,2,0,8,1,0,0,0,-1,0,0.0000,-1,19,32,14,0,65,0,0,0,0
305.3137,2,0,8,1,0,0,0,-1,0,0.0000,-1,19,32,14,0,65,0,0,0,0
305.333,2,0,8,1,0,0,0,-1,0,0.0000,-1,19,32,14,0,65,0,0,0,0
305.3718,2,0,8,1,0,0,0,-1,0,0.0000,-1,19,32,14,0,65,0,0,0,0
305.3846,2,0,8,1,0,0,0,-1,0,0.0000,-1,19,32,14,0,65,0,0,0,0
305.3975,2,0,8,1,0,0,0,-1,0,0.0000,-1,19,32,14,0,65,0,0,0,0
305.4175,2,0,8,1,0,0,0,-1,0,0.0000,-1,19,32,14,0,65,0,0,0,0
305.4374,2,0,8,1,0,0,0,-1,0,0.0000,-1,19,32,14,0,65,0,0,0,0
305.4568,2,0,8,1,0,0,0,-1,0,0.0000,-1,19,32,14,0,65,0,0,0,0
305.4761,2,0,8,1,0,0,0,-1,0,0.0000,-1,19,32,14,0,65,0,0,0,0
305.496,2,0,8,1,0,0,0,-1,0,0.0000,-1,19,32,14,0,65,0,0,0,0
305.5162,2,0,8,1,0,0,0,-1,0,0.0000,-1,19,32,14,0,65,0,0,0,0
305.5346,2,0,8,1,0,0,0,-1,0,0.0000,-1,19,32,14,0,65,0,0,0,0
305.5533,2,0,8,1,0,0,0,-1,0,0.0000,-1,19,32,14,0,65,0,0,0,0
305.5763,2,0,8,1,0,0,0,-1,0,0.0000,-1,19,32,14,0,65,0,0,0,0
305.5952,2,0,8,1,0,0,0,-1,0,0.0000,-1,19,32,14,0,65,0,0,0,0
305.6151,2,0,8,1,0,0,0,-1,0,0.0000,-1,19,32,14,0,65,0,0,0,0
305.6317,2,0,8,1,0,0,0,-1,0,0.0000,-1,19,32,14,0,65,0,0,0,0
305.6543,2,0,8,1,0,0,0,-1,0,0.0000,-1,19,32,14,0,65,0,0,0,0
305.6723,2,0,8,1,0,0,0,-1,0,0.0000,-1,19,32,14,0,65,0,0,0,0
305.6917,2,0,8,1,0,0,0,-1,0,0.0000,-1,19,32,14,0,65,0,0,0,0
305.7101,2,0,8,1,0,0,0,-1,0,0.0000,-1,19,32,14,0,65,0,0,0,0
305.7325,2,0,8,1,0,0,0,-1,0,0.0000,-1,19,32,14,0,65,0,0,0,0
305.7524,2,0,8,1,0,0,0,-1,0,0.0000,-1,19,32,14,0,65,0,0,0,0
305.7718,2,0,8,1,0,0,0,-1,0,0.0000,-1,19,32,14,0,65,0,0,0,0
305.789,2,0,8,1,0,0,0,-1,0,0.0000,-1,19,32,14,0,65,0,0,0,0
305.8088,2,0,8,1,0,0,0,-1,0,0.0000,-1,19,32,14,0,65,0,0,0,0
305.8302,2,0,8,1,0,0,0,-1,0,0.0000,-1,19,32,14,0,65,0,0,0,0
305.8498,2,0,8,1,0,0,0,-1,0,0.0000,-1,19,32,14,0,65,0,0,0,0
305.8687,2,0,8,1,0,0,0,-1,0,0.0000,-1,19,32,14,0,65,0,0,0,0
305.888,2,0,8,1,0,0,0,-1,0,0.0000,-1,19,32,14,0,65,0,0,0,0
305.9086,2,0,8,1,1,0,0,-1,0,0.0000,-1,19,32,14,0,65,0,0,0,0
305.9286,2,0,8,1,1,0,0,-1,0,0.0000,-1,19,32,14,0,65,0,0,0,0
305.9464,2,0,8,1,1,0,0,-1,0,0.0000,-1,19,32,14,0,65,0,0,0,0
305.9655,2,0,8,1,1,0,0,-1,0,0.0000,-1,19,32,14,0,65,0,0,0,0
306.0058,2,0,8,1,1,0,0,-1,0,0.0000,-1,19,32,14,0,65,0,0,0,0
306.0193,2,0,8,1,1,0,0,-1,0,0.0000,-1,19,32,14,0,65,0,0,0,0
306.0308,2,0,8,1,1,0,1,207,0,0.0000,-1,19,32,14,0,65,0,0,0,0
306.0508,2,0,8,1,1,0,1,207,0,0.0000,-1,19,32,14,0,65,0,0,0,0
306.0711,2,0,8,1,1,0,1,207,0,0.0000,-1,19,32,14,0,65,0,0,0,0
306.09,2,0,8,1,1,0,1,207,0,0.0000,-1,19,32,14,0,65,0,0,0,0
306.1089,2,0,8,1,1,0,1,207,0,0.0000,-1,19,32,14,0,65,0,0,0,0
306.1301,2,0,8,1,1,0,1,207,0,0.0000,-1,19,32,14,0,65,0,0,0,0
306.15,2,0,8,1,1,0,1,207,0,0.0000,-1,19,32,14,0,65,0,0,0,0
306.1692,2,0,8,1,1,0,1,207,0,0.0000,-1,19,32,14,0,65,0,0,0,0
306.1879,2,0,8,1,1,0,1,207,0,0.0000,-1,19,32,14,0,65,0,0,0,0
306.2088,2,0,8,1,1,0,1,207,0,0.0000,-1,19,32,14,0,65,0,0,0,0
306.2293,2,0,8,1,1,0,1,207,0,0.0000,-1,19,32,14,0,65,0,0,0,0
306.249,2,0,8,1,1,0,1,207,0,0.0000,-1,19,32,14,0,65,0,0,0,0
306.2704,2,0,8,1,1,0,1,207,0,0.0000,-1,19,32,14,0,65,0,0,0,0
306.2886,2,0,8,1,1,0,1,207,0,0.0000,-1,19,32,14,0,65,0,0,0,0
306.3091,2,0,8,1,1,0,1,207,0,0.0000,-1,19,32,14,0,65,0,0,0,0
306.3282,2,0,8,1,1,0,1,207,0,0.0000,-1,19,32,14,0,65,0,0,0,0
306.3468,2,0,8,1,1,0,1,207,0,0.0000,-1,19,32,14,0,65,0,0,0,0
306.3669,2,0,8,1,1,0,1,207,0,0.0000,-1,19,32,14,0,65,0,0,0,0
306.3862,2,0,8,1,1,0,1,207,0,0.0000,-1,19,32,14,0,65,0,0,0,0
306.4084,2,0,8,1,1,0,1,207,0,0.0000,-1,19,32,14,0,65,0,0,0,0
306.4279,2,0,8,1,1,0,1,207,0,0.0000,-1,19,32,14,0,65,0,0,0,0
306.4487,1,1,9,1,0,1,1,206,1,1.0000,207,20,32,14,0,66,0,0,0,0
306.4699,1,0,9,1,0,0,1,206,0,1.0000,-1,20,32,14,0,66,0,0,0,0
306.4902,1,0,9,1,0,0,0,-1,0,1.0000,-1,20,32,14,0,66,0,0,0,0
306.5099,1,0,9,1,0,0,0,-1,0,1.0000,-1,20,32,14,0,66,0,0,0,0
306.528,1,0,9,1,0,0,0,-1,0,1.0000,-1,20,32,14,0,66,0,0,0,0
306.5482,1,0,9,1,0,0,0,-1,0,1.0000,-1,20,32,14,0,66,0,0,0,0
306.5669,1,0,9,1,0,0,0,-1,0,1.0000,-1,20,32,14,0,66,0,0,0,0
306.5888,1,0,9,1,0,0,0,-1,0,1.0000,-1,20,32,14,0,66,0,0,0,0
306.628,1,0,9,1,0,0,0,-1,0,1.0000,-1,20,32,14,0,66,0,0,0,0
306.6417,1,0,9,1,0,0,0,-1,0,1.0000,-1,20,32,14,0,66,0,0,0,0
306.6542,1,0,9,1,0,0,0,-1,0,1.0000,-1,20,32,14,0,66,0,0,0,0
306.6747,1,0,9,1,0,0,0,-1,0,1.0000,-1,20,32,14,0,66,0,0,0,0
306.6971,1,0,9,1,0,0,0,-1,0,1.0000,-1,20,32,14,0,66,0,0,0,0
306.7195,1,0,9,1,0,0,0,-1,0,1.0000,-1,20,32,14,0,66,0,0,0,0
306.7392,1,0,9,1,0,0,0,-1,0,1.0000,-1,20,32,14,0,66,0,0,0,0
306.7589,1,0,9,1,0,0,0,-1,0,1.0000,-1,20,32,14,0,66,0,0,0,0
306.7785,1,0,9,1,0,0,0,-1,0,1.0000,-1,20,32,14,0,66,0,0,0,0
306.8005,1,0,9,1,0,0,0,-1,0,1.0000,-1,20,32,14,0,66,0,0,0,0
306.8207,1,0,9,1,0,0,0,-1,0,1.0000,-1,20,32,14,0,66,0,0,0,0
306.8403,1,0,9,1,0,0,0,-1,0,1.0000,-1,20,32,14,0,66,0,0,0,0
306.8599,1,0,9,1,0,0,0,-1,0,1.0000,-1,20,32,14,0,66,0,0,0,0
306.8782,1,0,9,1,0,0,0,-1,0,1.0000,-1,20,32,14,0,66,0,0,0,0
306.8993,1,0,9,1,0,0,0,-1,0,1.0000,-1,20,32,14,0,66,0,0,0,0
306.919,1,0,9,1,0,0,0,-1,0,1.0000,-1,20,32,14,0,66,0,0,0,0
306.9391,1,0,9,1,0,0,0,-1,0,1.0000,-1,20,32,14,0,66,0,0,0,0
306.9623,1,0,9,1,0,0,0,-1,0,1.0000,-1,20,32,14,0,66,0,0,0,0
306.9813,1,0,9,1,0,0,0,-1,0,1.0000,-1,20,32,14,0,66,0,0,0,0
307,1,0,9,1,0,0,0,-1,0,1.0000,-1,20,32,14,0,66,0,0,0,0
307.0228,1,0,9,1,0,0,0,-1,0,1.0000,-1,20,32,14,0,66,0,0,0,0
307.0607,1,0,9,1,0,0,0,-1,0,1.0000,-1,20,32,14,0,66,0,0,0,0
307.0764,1,0,9,1,0,0,0,-1,0,1.0000,-1,20,32,14,0,66,0,0,0,0
307.0902,1,0,9,1,0,0,0,-1,0,1.0000,-1,20,32,14,0,66,0,0,0,0
307.1081,1,0,9,1,0,0,0,-1,0,1.0000,-1,20,32,14,0,66,0,0,0,0
307.1293,1,0,9,1,0,0,0,-1,0,1.0000,-1,20,32,14,0,66,0,0,0,0
307.1474,1,0,9,1,0,0,1,209,0,1.0000,-1,20,32,14,0,66,0,0,0,0
307.1665,1,0,9,1,0,0,1,209,0,1.0000,-1,20,32,14,0,66,0,0,0,0
307.1866,1,0,9,1,0,0,1,209,0,1.0000,-1,20,32,14,0,66,0,0,0,0
307.2104,1,0,9,1,0,0,1,209,0,1.0000,-1,20,32,14,0,66,0,0,0,0
307.2304,1,0,9,1,0,0,1,209,0,1.0000,-1,20,32,14,0,66,0,0,0,0
307.2683,1,0,9,1,0,0,1,209,0,1.0000,-1,20,32,14,0,66,0,0,0,0
307.2818,1,0,9,1,0,0,1,209,0,1.0000,-1,20,32,14,0,66,0,0,0,0
307.2951,1,0,9,1,0,0,1,209,0,1.0000,-1,20,32,14,0,66,0,0,0,0
307.3161,1,0,9,1,0,0,1,209,0,1.0000,-1,20,32,14,0,66,0,0,0,0
307.3359,1,0,9,1,0,0,1,209,0,1.0000,-1,20,32,14,0,66,0,0,0,0
307.3554,1,0,9,1,0,0,1,209,0,1.0000,-1,20,32,14,0,66,0,0,0,0
307.377,1,0,9,1,0,0,1,209,0,1.0000,-1,20,32,14,0,66,0,0,0,0
307.3982,1,0,9,1,0,0,1,209,0,1.0000,-1,20,32,14,0,66,0,0,0,0
307.4202,1,0,9,1,0,0,1,209,0,1.0000,-1,20,32,14,0,66,0,0,0,0
307.4365,1,0,9,1,0,0,1,209,0,1.0000,-1,20,32,14,0,66,0,0,0,0
307.4593,1,0,9,1,0,0,1,209,0,0.0000,-1,20,32,14,0,66,0,0,0,0
307.477,1,0,9,1,0,0,1,209,0,0.0000,-1,20,32,14,0,66,0,0,0,0
307.4983,1,0,9,1,0,0,1,209,0,0.0000,-1,20,32,14,0,66,0,0,0,0
307.5203,1,0,9,1,0,0,1,209,0,0.0000,-1,20,32,14,0,66,0,0,0,0
307.5405,1,0,9,1,0,0,1,209,0,0.0000,-1,20,32,14,0,66,0,0,0,0
307.5602,1,0,9,1,0,0,1,209,0,0.0000,-1,20,32,14,0,66,0,0,0,0
307.5784,1,0,9,1,0,0,1,209,0,0.0000,-1,20,32,14,0,66,0,0,0,0
307.5988,1,0,9,1,0,0,1,209,0,0.0000,-1,20,32,14,0,66,0,0,0,0
307.6194,1,0,9,1,0,0,1,209,0,0.0000,-1,20,32,14,0,66,0,0,0,0
307.6407,1,0,9,1,0,0,1,209,0,0.0000,-1,20,32,14,0,66,0,0,0,0
307.6617,1,0,9,1,0,0,1,209,1,1.0000,-1,20,32,14,0,66,0,0,0,0
307.6802,1,0,9,1,0,0,1,209,0,1.0000,-1,20,32,14,0,66,0,0,0,0
307.701,1,0,9,1,0,0,1,209,0,1.0000,-1,20,32,14,0,66,0,0,0,0
307.7197,1,0,9,1,0,0,1,209,0,1.0000,-1,20,32,14,0,66,0,0,0,0
307.7427,1,0,9,1,0,0,1,209,0,1.0000,-1,20,32,14,0,66,0,0,0,0
307.7637,1,0,9,1,0,0,1,209,0,1.0000,-1,20,32,14,0,66,0,0,0,0
307.784,1,0,9,1,0,0,0,-1,0,1.0000,209,21,32,14,0,67,0,0,0,0
307.8029,1,0,9,1,0,0,0,-1,0,1.0000,-1,21,32,14,0,67,0,0,0,0
307.8237,1,0,9,1,0,0,0,-1,0,1.0000,-1,21,32,14,0,67,0,0,0,0
307.8449,1,0,9,1,0,0,0,-1,0,1.0000,-1,21,32,14,0,67,0,0,0,0
307.8839,1,0,9,1,0,0,0,-1,0,1.0000,-1,21,32,14,0,67,0,0,0,0
307.8967,1,0,9,1,0,0,0,-1,0,1.0000,-1,21,32,14,0,67,0,0,0,0
307.9099,1,0,9,1,0,0,0,-1,0,1.0000,-1,21,32,14,0,67,0,0,0,0
307.9326,1,0,9,1,0,0,0,-1,0,1.0000,-1,21,32,14,0,67,0,0,0,0
307.9527,1,0,9,1,0,0,0,-1,0,1.0000,-1,21,32,14,0,67,0,0,0,0
307.9739,1,0,9,1,0,0,0,-1,0,1.0000,-1,21,32,14,0,67,0,0,0,0
307.9922,1,0,9,1,0,0,0,-1,1,2.0000,-1,21,32,14,0,67,0,0,0,0
308.0139,1,0,9,1,0,0,0,-1,0,2.0000,-1,21,32,14,0,67,0,0,0,0
308.034,1,0,9,1,0,0,0,-1,0,2.0000,-1,21,32,14,0,67,0,0,0,0
308.0549,1,0,9,1,0,0,0,-1,0,2.0000,-1,21,32,14,0,67,0,0,0,0
308.0748,1,0,9,1,0,0,0,-1,0,2.0000,-1,21,32,14,0,67,0,0,0,0
308.0945,1,0,9,1,0,0,0,-1,0,2.0000,-1,21,32,14,0,67,0,0,0,0
308.1131,1,0,9,1,0,0,0,-1,0,2.0000,-1,21,32,14,0,67,0,0,0,0
308.1348,1,0,9,1,0,0,0,-1,0,2.0000,-1,21,32,14,0,67,0,0,0,0
308.1562,1,0,9,1,0,0,0,-1,0,2.0000,-1,21,32,14,0,67,0,0,0,0
308.1762,1,0,9,1,0,0,0,-1,0,2.0000,-1,21,32,14,0,67,0,0,0,0
308.1966,1,0,9,1,0,0,0,-1,0,2.0000,-1,21,32,14,0,67,0,0,0,0
308.2159,1,0,9,1,0,0,0,-1,0,2.0000,-1,21,32,14,0,67,0,0,0,0
308.2384,1,0,9,1,0,0,0,-1,0,2.0000,-1,21,32,14,0,67,0,0,0,0
308.2578,1,0,9,1,0,0,0,-1,0,2.0000,-1,21,32,14,0,67,0,0,0,0
308.2789,1,0,9,1,0,0,0,-1,0,2.0000,-1,21,32,14,0,67,0,0,0,0
308.2987,1,0,9,1,0,0,0,-1,0,2.0000,-1,21,32,14,0,67,0,0,0,0
308.3194,1,0,9,1,0,0,0,-1,0,2.0000,-1,21,32,14,0,67,0,0,0,0
308.3405,1,0,9,1,0,0,0,-1,0,2.0000,-1,21,32,14,0,67,0,0,0,0
308.3602,1,0,9,1,0,0,0,-1,0,2.0000,-1,21,32,14,0,67,0,0,0,0
308.3801,1,0,9,1,0,0,0,-1,0,2.0000,-1,21,32,14,0,67,0,0,0,0
308.401,1,0,9,1,0,0,0,-1,0,2.0000,-1,21,32,14,0,67,0,0,0,0
308.4217,1,0,9,1,0,0,0,-1,0,2.0000,-1,21,32,14,0,67,0,0,0,0
308.4431,1,0,9,1,0,0,0,-1,0,2.0000,-1,21,32,14,0,67,0,0,0,0
308.4619,1,0,9,1,0,0,0,-1,0,2.0000,-1,21,32,14,0,67,0,0,0,0
308.4822,1,0,9,1,0,0,0,-1,0,2.0000,-1,21,32,14,0,67,0,0,0,0
308.5025,1,0,9,1,0,0,0,-1,0,2.0000,-1,21,32,14,0,67,0,0,0,0
308.5233,1,0,9,1,0,0,0,-1,0,2.0000,-1,21,32,14,0,67,0,0,0,0
308.5457,1,0,9,1,0,0,0,-1,0,2.0000,-1,21,32,14,0,67,0,0,0,0
308.566,1,0,9,1,0,0,0,-1,0,2.0000,-1,21,32,14,0,67,0,0,0,0
308.5873,1,0,9,1,0,0,0,-1,0,2.0000,-1,21,32,14,0,67,0,0,0,0
308.6092,1,0,9,1,0,0,0,-1,0,2.0000,-1,21,32,14,0,67,0,0,0,0
308.6265,1,0,9,1,0,0,0,-1,0,2.0000,-1,21,32,14,0,67,0,0,0,0
308.6471,1,0,9,1,0,0,0,-1,0,2.0000,-1,21,32,14,0,67,0,0,0,0
308.6681,1,0,9,1,0,0,0,-1,0,1.0000,-1,21,32,14,0,67,0,0,0,0
308.7074,1,0,9,1,0,0,0,-1,0,1.0000,-1,21,32,14,0,67,0,0,0,0
308.7222,1,0,9,1,0,0,0,-1,0,1.0000,-1,21,32,14,0,67,0,0,0,0
308.7385,1,0,9,1,0,0,0,-1,0,1.0000,-1,21,32,14,0,67,0,0,0,0
308.7563,1,0,9,1,0,0,0,-1,0,1.0000,-1,21,32,14,0,67,0,0,0,0
308.7793,1,0,9,1,0,0,0,-1,0,1.0000,-1,21,32,14,0,67,0,0,0,0
308.8004,1,0,9,1,0,0,0,-1,0,1.0000,-1,21,32,14,0,67,0,0,0,0
308.8231,1,0,9,1,0,0,0,-1,0,1.0000,-1,21,32,14,0,67,0,0,0,0
308.8456,1,0,9,1,0,0,0,-1,0,1.0000,-1,21,32,14,0,67,0,0,0,0
308.8683,1,0,9,1,0,0,0,-1,0,1.0000,-1,21,32,14,0,67,0,0,0,0
308.8897,1,0,9,1,0,0,0,-1,0,1.0000,-1,21,32,14,0,67,0,0,0,0
308.912,1,0,9,1,0,0,0,-1,1,2.0000,-1,21,32,14,0,67,0,0,0,0
308.934,1,0,9,1,0,0,0,-1,0,2.0000,-1,21,32,14,0,67,0,0,0,0
308.9568,1,0,9,1,0,0,0,-1,0,2.0000,-1,21,32,14,0,67,0,0,0,0
308.9791,1,0,9,1,0,0,0,-1,0,2.0000,-1,21,32,14,0,67,0,0,0,0
309.0009,1,0,9,1,0,0,0,-1,0,1.0000,-1,21,32,14,0,67,0,0,0,0
309.0237,1,0,9,1,0,0,0,-1,0,1.0000,-1,21,32,14,0,67,0,0,0,0
309.0475,1,0,9,1,0,0,0,-1,0,1.0000,-1,21,32,14,0,67,0,0,0,0
309.0699,1,0,9,1,0,0,0,-1,0,1.0000,-1,21,32,14,0,67,0,0,0,0
309.1137,1,0,9,1,0,0,0,-1,0,1.0000,-1,21,32,14,0,67,0,0,0,0
309.1258,1,0,9,1,0,0,0,-1,0,1.0000,-1,21,32,14,0,67,0,0,0,0
309.1431,1,0,9,1,0,0,0,-1,0,1.0000,-1,21,32,14,0,67,0,0,0,0
309.166,1,0,9,1,0,0,0,-1,0,1.0000,-1,21,32,14,0,67,0,0,0,0
309.1888,1,0,9,1,0,0,0,-1,1,2.0000,-1,21,32,14,0,67,0,0,0,0
309.2136,1,0,9,1,0,0,0,-1,0,2.0000,-1,21,32,14,0,67,0,0,0,0
309.2365,1,0,9,1,0,0,0,-1,0,2.0000,-1,21,32,14,0,67,0,0,0,0
309.2591,1,0,9,1,0,0,0,-1,0,2.0000,-1,21,32,14,0,67,0,0,0,0
309.282,1,0,9,1,0,0,1,212,0,2.0000,-1,21,32,14,0,67,0,0,0,0
309.3054,1,0,9,1,0,0,1,212,0,2.0000,-1,21,32,14,0,67,0,0,0,0
309.327,1,0,9,1,0,0,1,212,0,2.0000,-1,21,32,14,0,67,0,0,0,0
309.3498,1,0,9,1,0,0,1,212,0,2.0000,-1,21,32,14,0,67,0,0,0,0
309.3717,1,0,9,1,0,0,1,212,0,2.0000,-1,21,32,14,0,67,0,0,0,0
309.3933,1,0,9,1,0,0,0,-1,0,2.0000,212,22,32,14,0,68,0,0,0,0
309.4153,1,0,9,1,0,0,0,-1,0,2.0000,-1,22,32,14,0,68,0,0,0,0
309.4363,1,0,9,1,0,0,0,-1,0,2.0000,-1,22,32,14,0,68,0,0,0,0
309.4593,1,0,9,0,0,0,0,-1,0,2.0000,-1,22,32,14,0,68,0,0,0,0
309.4794,1,0,9,0,0,0,0,-1,0,2.0000,-1,22,32,14,0,68,0,0,0,0
309.5006,1,0,9,0,0,0,0,-1,0,2.0000,-1,22,32,14,0,68,0,0,0,0
309.5402,1,0,9,0,0,0,0,-1,0,2.0000,-1,22,32,14,0,68,0,0,0,0
309.5535,1,0,9,0,0,0,0,-1,0,2.0000,-1,22,32,14,0,68,0,0,0,0
309.5677,1,0,9,0,0,0,0,-1,0,2.0000,-1,22,32,14,0,68,0,0,0,0
309.589,1,0,9,0,0,0,0,-1,0,2.0000,-1,22,32,14,0,68,0,0,0,0
309.6114,1,0,9,0,0,0,0,-1,0,2.0000,-1,22,32,14,0,68,0,0,0,0
309.6367,1,0,9,0,0,0,1,215,0,2.0000,-1,22,32,14,0,68,0,0,0,0
309.6582,1,0,9,0,0,0,1,215,0,2.0000,-1,22,32,14,0,68,0,0,0,0
309.6782,1,0,9,0,0,0,1,215,0,2.0000,-1,22,32,14,0,68,0,0,0,0
309.7021,1,0,9,0,0,0,1,215,0,2.0000,-1,22,32,14,0,68,0,0,0,0
309.7406,1,0,9,0,0,0,1,215,0,2.0000,-1,22,32,14,0,68,0,0,0,0
309.7553,1,0,9,0,0,0,1,215,0,2.0000,-1,22,32,14,0,68,0,0,0,0
309.7693,1,0,9,0,0,0,1,215,0,2.0000,-1,22,32,14,0,68,0,0,0,0
309.789,1,0,9,0,0,0,1,215,0,2.0000,-1,22,32,14,0,68,0,0,0,0
309.8108,1,0,9,0,0,0,1,215,0,2.0000,-1,22,32,14,0,68,0,0,0,0
309.8329,1,0,9,0,0,0,1,215,0,2.0000,-1,22,32,14,0,68,0,0,0,0
309.8557,1,0,9,0,0,0,1,215,1,3.0000,-1,22,32,14,0,68,0,0,0,0
309.8744,1,0,9,0,0,0,1,215,0,3.0000,-1,22,32,14,0,68,0,0,0,0
309.8971,1,0,9,0,0,0,1,215,0,3.0000,-1,22,32,14,0,68,0,0,0,0
309.9182,1,0,9,0,0,0,1,215,0,2.0000,-1,22,32,14,0,68,0,0,0,0
309.9368,1,0,9,0,0,0,1,215,0,2.0000,-1,22,32,14,0,68,0,0,0,0
309.9598,1,0,9,0,0,0,1,215,0,2.0000,-1,22,32,14,0,68,0,0,0,0
309.9801,1,0,9,0,0,0,1,215,0,2.0000,-1,22,32,14,0,68,0,0,0,0
310.0013,1,0,9,0,0,0,1,215,0,2.0000,-1,22,32,14,0,68,0,0,0,0
310.0228,1,0,9,0,0,0,1,215,0,2.0000,-1,22,32,14,0,68,0,0,0,0
310.0435,1,0,9,0,0,0,0,-1,0,2.0000,-1,22,32,14,0,68,0,0,0,0
310.0635,1,0,9,0,0,0,0,-1,0,2.0000,-1,22,32,14,0,68,0,0,0,0
310.0854,1,0,9,0,0,0,0,-1,0,2.0000,-1,22,32,14,0,68,0,0,0,0
310.104,1,0,9,0,0,0,0,-1,0,2.0000,-1,22,32,14,0,68,0,0,0,0
310.1272,1,0,9,0,0,0,0,-1,0,2.0000,-1,22,32,14,0,68,0,0,0,0
310.1673,1,0,9,0,0,0,0,-1,0,2.0000,-1,22,32,14,0,68,0,0,0,0
310.1859,1,0,9,0,0,0,0,-1,0,2.0000,-1,22,32,14,0,68,0,0,0,0
310.2011,1,0,9,0,0,0,0,-1,0,1.0000,-1,22,32,14,0,68,0,0,0,0
310.2167,1,0,9,0,0,0,0,-1,0,1.0000,-1,22,32,14,0,68,0,0,0,0
310.2391,1,0,9,0,0,0,0,-1,0,1.0000,-1,22,32,14,0,68,0,0,0,0
310.2582,1,0,9,0,0,0,0,-1,1,2.0000,-1,22,32,14,0,68,0,0,0,0
310.279,1,0,9,0,0,0,0,-1,0,2.0000,-1,22,32,14,0,68,0,0,0,0
310.3007,1,0,9,0,0,0,0,-1,0,2.0000,-1,22,32,14,0,68,0,0,0,0
310.3216,1,0,9,0,0,0,0,-1,0,2.0000,-1,22,32,14,0,68,0,0,0,0
310.3424,1,0,9,0,0,0,0,-1,0,2.0000,-1,22,32,14,0,68,0,0,0,0
310.3629,1,0,9,0,0,0,0,-1,0,2.0000,-1,22,32,14,0,68,0,0,0,0
310.3839,1,0,9,0,0,0,0,-1,0,2.0000,-1,22,32,14,0,68,0,0,0,0
310.4073,1,0,9,0,0,0,0,-1,0,2.0000,-1,22,32,14,0,68,0,0,0,0
310.4254,1,0,9,0,0,0,0,-1,0,2.0000,-1,22,32,14,0,68,0,0,0,0
310.4455,1,0,9,0,0,0,0,-1,0,2.0000,-1,22,32,14,0,68,0,0,0,0
310.4672,1,0,9,0,0,0,0,-1,0,2.0000,-1,22,32,14,0,68,0,0,0,0
310.489,1,0,9,0,0,0,0,-1,0,2.0000,-1,22,32,14,0,68,0,0,0,0
310.5089,1,0,9,0,0,0,0,-1,0,2.0000,-1,22,32,14,0,68,0,0,0,0
310.5284,1,0,9,0,0,0,1,217,0,2.0000,-1,22,32,14,0,68,0,0,0,0
310.5496,1,0,9,0,0,0,1,217,0,2.0000,-1,22,32,14,0,68,0,0,0,0
310.5696,1,0,9,0,0,0,1,217,0,2.0000,-1,22,32,14,0,68,0,0,0,0
310.5933,1,0,9,0,0,0,1,217,0,2.0000,-1,22,32,14,0,68,0,0,0,0
310.6135,1,0,9,0,0,0,1,217,0,2.0000,-1,22,32,14,0,68,0,0,0,0
310.6331,1,0,9,0,0,0,1,217,0,2.0000,-1,22,32,14,0,68,0,0,0,0
310.6543,1,0,9,0,0,0,1,217,0,2.0000,-1,22,32,14,0,68,0,0,0,0
310.6761,1,0,9,0,0,0,1,217,0,2.0000,-1,22,32,14,0,68,0,0,0,0
310.696,1,0,9,0,0,0,0,-1,0,2.0000,-1,22,32,14,0,68,0,0,0,0
310.7162,1,0,9,0,0,0,0,-1,0,2.0000,-1,22,32,14,0,68,0,0,0,0
310.7395,1,0,9,0,0,0,0,-1,1,3.0000,-1,22,32,14,0,68,0,0,0,0
310.7596,1,0,9,0,0,0,0,-1,0,3.0000,-1,22,32,14,0,68,0,0,0,0
310.7811,1,0,9,0,0,0,1,216,0,3.0000,-1,22,32,14,0,68,0,0,0,0
310.8038,1,0,9,0,0,0,1,216,0,3.0000,-1,22,32,14,0,68,0,0,0,0
310.8223,1,0,9,0,0,0,0,-1,0,3.0000,-1,22,32,14,0,68,0,0,0,0
310.8451,1,0,9,0,0,0,0,-1,0,3.0000,-1,22,32,14,0,68,0,0,0,0
310.866,1,0,9,0,0,0,0,-1,0,2.0000,-1,22,32,14,0,68,0,0,0,0
310.8866,1,0,9,0,0,0,0,-1,0,2.0000,-1,22,32,14,0,68,0,0,0,0
310.9083,1,0,9,0,0,0,0,-1,0,2.0000,-1,22,32,14,0,68,0,0,0,0
310.9293,1,0,9,0,0,0,0,-1,0,2.0000,-1,22,32,14,0,68,0,0,0,0
310.9487,1,0,9,0,0,0,0,-1,0,2.0000,-1,22,32,14,0,68,0,0,0,0
310.9695,1,0,9,0,0,0,0,-1,0,2.0000,-1,22,32,14,0,68,0,0,0,0
310.9901,1,0,9,0,0,0,0,-1,0,2.0000,-1,22,32,14,0,68,0,0,0,0
311.011,1,0,9,0,0,0,0,-1,0,2.0000,-1,22,32,14,0,68,0,0,0,0
311.0299,1,0,9,0,0,0,0,-1,0,2.0000,-1,22,32,14,0,68,0,0,0,0
311.0508,1,0,9,0,0,0,0,-1,0,2.0000,-1,22,32,14,0,68,0,0,0,0
311.0687,1,0,9,0,0,0,0,-1,0,2.0000,-1,22,32,14,0,68,0,0,0,0
311.0911,1,0,9,0,0,0,0,-1,0,2.0000,-1,22,32,14,0,68,0,0,0,0
311.1105,1,0,9,0,0,0,0,-1,0,2.0000,-1,22,32,14,0,68,0,0,0,0
311.1312,1,0,9,0,0,0,0,-1,0,2.0000,-1,22,32,14,0,68,0,0,0,0
311.1507,1,0,9,0,0,0,0,-1,0,2.0000,-1,22,32,14,0,68,0,0,0,0
311.1715,1,0,9,0,0,0,0,-1,0,2.0000,-1,22,32,14,0,68,0,0,0,0
311.191,1,0,9,0,0,0,0,-1,1,3.0000,-1,22,32,14,0,68,0,0,0,0
311.2116,1,0,9,0,1,0,0,-1,0,3.0000,-1,22,32,14,0,68,0,0,0,0
311.232,1,0,9,0,1,0,0,-1,0,3.0000,-1,22,32,14,0,68,0,0,0,0
311.2523,1,0,9,0,1,0,0,-1,0,3.0000,-1,22,32,14,0,68,0,0,0,0
311.2721,1,0,9,0,1,0,0,-1,0,2.0000,-1,22,32,14,0,68,0,0,0,0
311.2917,1,0,9,0,1,0,0,-1,0,2.0000,-1,22,32,14,0,68,0,0,0,0
311.3136,1,0,9,0,1,0,0,-1,0,2.0000,-1,22,32,14,0,68,0,0,0,0
311.3348,1,0,9,0,1,0,0,-1,0,2.0000,-1,22,32,14,0,68,0,0,0,0
311.3539,1,0,9,0,1,0,0,-1,0,2.0000,-1,22,32,14,0,68,0,0,0,0
311.3737,1,0,9,0,1,0,0,-1,0,2.0000,-1,22,32,14,0,68,0,0,0,0
311.3929,1,0,9,0,1,0,0,-1,0,2.0000,-1,22,32,14,0,68,0,0,0,0
311.4124,1,0,9,0,1,0,0,-1,0,2.0000,-1,22,32,14,0,68,0,0,0,0
311.4321,1,0,9,0,1,0,0,-1,0,2.0000,-1,22,32,14,0,68,0,0,0,0
311.4535,1,0,9,0,1,0,0,-1,0,2.0000,-1,22,32,14,0,68,0,0,0,0
311.4735,1,0,9,0,1,0,0,-1,0,2.0000,-1,22,32,14,0,68,0,0,0,0
311.4934,1,0,9,0,1,0,0,-1,0,2.0000,-1,22,32,14,0,68,0,0,0,0
311.5121,1,0,9,0,1,0,0,-1,0,2.0000,-1,22,32,14,0,68,0,0,0,0
311.5328,1,0,9,0,1,0,0,-1,0,2.0000,-1,22,32,14,0,68,0,0,0,0
311.5538,1,0,9,0,1,0,0,-1,0,2.0000,-1,22,32,14,0,68,0,0,0,0
311.5758,1,0,9,0,1,0,0,-1,0,2.0000,-1,22,32,14,0,68,0,0,0,0
311.6136,1,0,9,0,1,0,0,-1,0,2.0000,-1,22,32,14,0,68,0,0,0,0
311.6274,1,0,9,0,1,0,0,-1,0,2.0000,-1,22,32,14,0,68,0,0,0,0
311.6419,1,0,9,0,1,0,0,-1,0,2.0000,-1,22,32,14,0,68,0,0,0,0
311.6604,1,0,9,0,1,0,0,-1,0,2.0000,-1,22,32,14,0,68,0,0,0,0
311.6819,1,0,9,0,1,0,0,-1,0,2.0000,-1,22,32,14,0,68,0,0,0,0
311.7019,1,0,9,0,1,0,0,-1,0,2.0000,-1,22,32,14,0,68,0,0,0,0
311.7211,1,0,9,0,1,0,0,-1,0,2.0000,-1,22,32,14,0,68,0,0,0,0
311.7419,1,0,9,0,1,0,0,-1,0,1.0000,-1,22,32,14,0,68,0,0,0,0
311.7617,1,0,9,0,1,0,0,-1,0,1.0000,-1,22,32,14,0,68,0,0,0,0
311.7823,1,0,9,0,1,0,0,-1,0,1.0000,-1,22,32,14,0,68,0,0,0,0
311.8185,1,0,9,0,1,0,0,-1,0,1.0000,-1,22,32,14,0,68,0,0,0,0
311.831,1,0,9,0,0,0,0,-1,0,1.0000,-1,22,32,14,0,68,0,0,0,0
311.8462,1,0,9,0,0,0,0,-1,0,1.0000,-1,22,32,14,0,68,0,0,0,0
311.8644,1,0,9,0,0,0,0,-1,0,1.0000,-1,22,32,14,0,68,0,0,0,0
311.8863,1,0,9,0,0,0,0,-1,0,1.0000,-1,22,32,14,0,68,0,0,0,0
311.9078,1,0,9,0,0,0,0,-1,0,1.0000,-1,22,32,14,0,68,0,0,0,0
311.9284,1,0,9,0,0,0,0,-1,0,1.0000,-1,22,32,14,0,68,0,0,0,0
311.9495,1,0,9,0,0,0,0,-1,0,1.0000,-1,22,32,14,0,68,0,0,0,0
311.968,1,0,9,0,0,0,0,-1,0,1.0000,-1,22,32,14,0,68,0,0,0,0
311.9881,1,0,9,0,0,0,0,-1,0,1.0000,-1,22,32,14,0,68,0,0,0,0
312.0289,1,0,9,0,0,0,0,-1,0,1.0000,-1,22,32,14,0,68,0,0,0,0
312.0419,1,0,9,0,0,0,0,-1,0,1.0000,-1,22,32,14,0,68,0,0,0,0
312.0552,1,0,9,0,0,0,0,-1,0,1.0000,-1,22,32,14,0,68,0,0,0,0
312.0775,1,0,9,0,0,0,0,-1,0,1.0000,-1,22,32,14,0,68,0,0,0,0
312.0987,1,0,9,0,0,0,0,-1,0,1.0000,-1,22,32,14,0,68,0,0,0,0
312.1197,1,0,9,0,0,0,0,-1,0,1.0000,-1,22,32,14,0,68,0,0,0,0
312.1416,1,0,9,0,0,0,0,-1,1,2.0000,-1,22,32,14,0,68,0,0,0,0
312.1628,1,0,9,0,0,0,0,-1,0,2.0000,-1,22,32,14,0,68,0,0,0,0
312.1806,1,0,9,0,0,0,0,-1,0,2.0000,-1,22,32,14,0,68,0,0,0,0
312.2036,1,0,9,0,0,0,0,-1,0,1.0000,-1,22,32,14,0,68,0,0,0,0
312.2233,1,0,9,0,0,0,0,-1,0,1.0000,-1,22,32,14,0,68,0,0,0,0
312.2443,1,0,9,0,0,0,1,219,0,1.0000,-1,22,32,14,0,68,0,0,0,0
312.2643,1,0,9,0,0,0,1,219,0,1.0000,-1,22,32,14,0,68,0,0,0,0
312.2859,1,0,9,0,0,0,1,219,0,1.0000,-1,22,32,14,0,68,0,0,0,0
312.3058,1,0,9,0,0,0,1,219,0,1.0000,-1,22,32,14,0,68,0,0,0,0
312.327,1,0,9,0,0,0,1,219,0,1.0000,-1,22,32,14,0,68,0,0,0,0
312.3488,1,0,9,0,0,0,1,219,0,1.0000,-1,22,32,14,0,68,0,0,0,0
312.3698,1,0,9,0,0,0,1,219,0,1.0000,-1,22,32,14,0,68,0,0,0,0
312.3897,1,0,9,0,0,0,1,219,0,1.0000,-1,22,32,14,0,68,0,0,0,0
312.4112,1,0,9,0,0,0,1,219,1,2.0000,-1,22,32,14,0,68,0,0,0,0
312.432,1,0,9,0,0,0,1,219,0,2.0000,-1,22,32,14,0,68,0,0,0,0
312.4521,1,0,9,0,0,0,1,219,0,2.0000,-1,22,32,14,0,68,0,0,0,0
312.4716,1,0,9,0,0,0,1,219,0,2.0000,-1,22,32,14,0,68,0,0,0,0
312.493,1,0,9,0,0,0,0,-1,0,2.0000,219,23,32,14,0,69,0,0,0,0
312.5136,1,0,9,0,0,0,0,-1,0,2.0000,-1,23,32,14,0,69,0,0,0,0
312.5347,1,0,9,0,0,0,0,-1,0,2.0000,-1,23,32,14,0,69,0,0,0,0
312.558,1,0,9,0,0,0,0,-1,0,2.0000,-1,23,32,14,0,69,0,0,0,0
312.5775,1,0,9,0,0,0,0,-1,0,2.0000,-1,23,32,14,0,69,0,0,0,0
312.5999,1,0,9,0,0,0,0,-1,0,2.0000,-1,23,32,14,0,69,0,0,0,0
312.62,1,0,9,0,0,0,0,-1,0,2.0000,-1,23,32,14,0,69,0,0,0,0
312.66,1,0,9,0,0,0,0,-1,0,2.0000,-1,23,32,14,0,69,0,0,0,0
312.6755,1,0,9,0,0,0,0,-1,0,2.0000,-1,23,32,14,0,69,0,0,0,0
312.6887,1,0,9,0,0,0,0,-1,0,2.0000,-1,23,32,14,0,69,0,0,0,0
312.7076,1,0,9,0,0,0,0,-1,0,2.0000,-1,23,32,14,0,69,0,0,0,0
312.7295,1,0,9,0,0,0,0,-1,0,2.0000,-1,23,32,14,0,69,0,0,0,0
312.7508,1,0,9,0,0,0,0,-1,0,2.0000,-1,23,32,14,0,69,0,0,0,0
312.7716,1,0,9,0,0,0,0,-1,0,2.0000,-1,23,32,14,0,69,0,0,0,0
312.7914,1,0,9,0,0,0,0,-1,0,2.0000,-1,23,32,14,0,69,0,0,0,0
312.8118,1,0,9,0,0,0,0,-1,0,2.0000,-1,23,32,14,0,69,0,0,0,0
312.8331,1,0,9,0,0,0,0,-1,0,2.0000,-1,23,32,14,0,69,0,0,0,0
312.854,1,0,9,0,0,0,0,-1,0,2.0000,-1,23,32,14,0,69,0,0,0,0
312.8761,1,0,9,0,0,0,0,-1,0,2.0000,-1,23,32,14,0,69,0,0,0,0
312.8975,1,0,9,0,0,0,0,-1,0,2.0000,-1,23,32,14,0,69,0,0,0,0
312.9182,1,0,9,0,0,0,0,-1,0,2.0000,-1,23,32,14,0,69,0,0,0,0
312.9382,1,0,9,0,0,0,0,-1,0,2.0000,-1,23,32,14,0,69,0,0,0,0
312.9598,1,0,9,0,0,0,0,-1,0,2.0000,-1,23,32,14,0,69,0,0,0,0
312.9793,1,0,9,0,0,0,0,-1,0,2.0000,-1,23,32,14,0,69,0,0,0,0
312.9997,1,0,9,0,0,0,0,-1,0,2.0000,-1,23,32,14,0,69,0,0,0,0
313.0214,1,0,9,0,0,0,0,-1,0,2.0000,-1,23,32,14,0,69,0,0,0,0
313.0443,1,0,9,0,0,0,0,-1,0,2.0000,-1,23,32,14,0,69,0,0,0,0
313.084,1,0,9,0,0,0,0,-1,0,2.0000,-1,23,32,14,0,69,0,0,0,0
313.1001,1,0,9,0,0,0,0,-1,0,2.0000,-1,23,32,14,0,69,0,0,0,0
313.116,1,0,9,0,0,0,0,-1,0,2.0000,-1,23,32,14,0,69,0,0,0,0
313.135,1,0,9,0,0,0,0,-1,0,2.0000,-1,23,32,14,0,69,0,0,0,0
313.1563,1,0,9,0,0,0,0,-1,0,1.0000,-1,23,32,14,0,69,0,0,0,0
313.1771,1,0,9,0,0,0,0,-1,1,2.0000,-1,23,32,14,0,69,0,0,0,0
313.1983,1,0,9,0,0,0,0,-1,0,2.0000,-1,23,32,14,0,69,0,0,0,0
313.2178,1,0,9,0,0,0,0,-1,0,2.0000,-1,23,32,14,0,69,0,0,0,0
313.2385,1,0,9,0,0,0,0,-1,0,2.0000,-1,23,32,14,0,69,0,0,0,0
313.2588,1,0,9,0,0,0,0,-1,0,2.0000,-1,23,32,14,0,69,0,0,0,0
313.2789,1,0,9,0,0,0,0,-1,0,2.0000,-1,23,32,14,0,69,0,0,0,0
313.3021,1,0,9,0,0,0,0,-1,0,2.0000,-1,23,32,14,0,69,0,0,0,0
313.3213,1,0,9,0,0,0,0,-1,0,2.0000,-1,23,32,14,0,69,0,0,0,0
313.3418,1,0,9,0,0,0,0,-1,0,2.0000,-1,23,32,14,0,69,0,0,0,0
313.3636,1,0,9,0,0,0,0,-1,0,2.0000,-1,23,32,14,0,69,0,0,0,0
313.3846,1,0,9,0,0,0,1,221,0,2.0000,-1,23,32,14,0,69,0,0,0,0
313.4066,1,0,9,0,0,0,1,221,0,2.0000,-1,23,32,14,0,69,0,0,0,0
313.429,1,0,9,0,0,0,1,221,0,1.0000,-1,23,32,14,0,69,0,0,0,0
313.451,1,0,9,0,0,0,0,-1,0,1.0000,-1,23,32,14,0,69,0,0,0,0
313.4707,1,0,9,0,0,0,0,-1,0,1.0000,-1,23,32,14,0,69,0,0,0,0
313.512,1,0,9,0,0,0,0,-1,0,1.0000,-1,23,32,14,0,69,0,0,0,0
313.5305,1,0,9,1,0,0,0,-1,0,1.0000,-1,23,32,14,0,69,0,0,0,0
313.549,1,0,9,1,0,0,0,-1,0,1.0000,-1,23,32,14,0,69,0,0,0,0
313.5653,1,0,9,1,0,0,0,-1,0,1.0000,-1,23,32,14,0,69,0,0,0,0
313.5854,1,0,9,1,0,0,0,-1,0,1.0000,-1,23,32,14,0,69,0,0,0,0
313.6251,1,0,9,1,0,0,0,-1,0,1.0000,-1,23,32,14,0,69,0,0,0,0
313.6472,1,0,9,1,0,0,0,-1,0,1.0000,-1,23,32,14,0,69,0,0,0,0
313.6642,1,0,9,1,0,0,0,-1,0,1.0000,-1,23,32,14,0,69,0,0,0,0
313.6815,1,0,9,1,0,0,0,-1,0,1.0000,-1,23,32,14,0,69,0,0,0,0
313.7214,1,0,9,1,0,0,1,223,1,2.0000,-1,23,32,14,0,69,0,0,0,0
313.7346,1,0,9,1,0,0,1,223,0,2.0000,-1,23,32,14,0,69,0,0,0,0
313.749,1,0,9,1,0,0,1,223,0,2.0000,-1,23,32,14,0,69,0,0,0,0
313.7716,1,0,9,1,0,0,1,223,0,2.0000,-1,23,32,14,0,69,0,0,0,0
313.7953,1,0,9,1,0,0,1,223,0,2.0000,-1,23,32,14,0,69,0,0,0,0
313.8191,1,0,9,1,0,0,1,223,0,2.0000,-1,23,32,14,0,69,0,0,0,0
313.842,1,0,9,1,0,0,1,223,0,2.0000,-1,23,32,14,0,69,0,0,0,0
313.8649,1,0,9,1,0,0,1,223,0,2.0000,-1,23,32,14,0,69,0,0,0,0
313.8871,1,0,9,1,0,0,1,223,0,2.0000,-1,23,32,14,0,69,0,0,0,0
313.9118,1,0,9,1,0,0,1,223,0,2.0000,-1,23,32,14,0,69,0,0,0,0
313.9359,1,0,9,1,0,0,1,223,0,2.0000,-1,23,32,14,0,69,0,0,0,0
313.9576,1,0,9,1,0,0,1,223,0,2.0000,-1,23,32,14,0,69,0,0,0,0
313.9816,1,0,9,1,0,0,1,223,0,2.0000,-1,23,32,14,0,69,0,0,0,0
314.0056,1,0,9,1,0,0,0,-1,0,2.0000,223,24,32,14,0,70,0,0,0,0
314.0321,1,0,9,1,0,0,0,-1,0,2.0000,-1,24,32,14,0,70,0,0,0,0
314.0553,1,0,9,0,0,0,0,-1,0,2.0000,-1,24,32,14,0,70,0,0,0,0
314.0808,1,0,9,0,0,0,1,224,0,2.0000,-1,24,32,14,0,70,0,0,0,0
314.1048,1,0,9,0,0,0,1,224,0,2.0000,-1,24,32,14,0,70,0,0,0,0
314.1477,1,0,9,0,0,0,1,224,0,2.0000,-1,24,32,14,0,70,0,0,0,0
314.1624,1,0,9,0,0,0,1,224,0,2.0000,-1,24,32,14,0,70,0,0,0,0
314.1857,1,0,9,0,0,0,1,224,0,1.0000,-1,24,32,14,0,70,0,0,0,0
314.2045,1,0,9,0,0,0,1,224,0,1.0000,-1,24,32,14,0,70,0,0,0,0
314.2276,1,0,9,0,0,0,1,224,0,1.0000,-1,24,32,14,0,70,0,0,0,0
314.2487,1,0,9,0,1,0,1,224,0,1.0000,-1,24,32,14,0,70,0,0,0,0
314.2763,1,0,9,0,1,0,1,224,0,1.0000,-1,24,32,14,0,70,0,0,0,0
314.2988,1,0,9,0,1,0,1,224,0,1.0000,-1,24,32,14,0,70,0,0,0,0
314.3236,1,0,9,0,1,0,1,224,0,1.0000,-1,24,32,14,0,70,0,0,0,0
314.366,1,0,9,0,1,0,1,224,0,1.0000,-1,24,32,14,0,70,0,0,0,0
314.3821,1,0,9,0,1,0,1,224,0,1.0000,-1,24,32,14,0,70,0,0,0,0
314.3994,1,0,9,0,1,0,1,224,1,2.0000,-1,24,32,14,0,70,0,0,0,0
314.4174,1,0,9,0,1,0,1,224,0,2.0000,-1,24,32,14,0,70,0,0,0,0
314.4386,1,0,9,0,1,0,0,-1,0,2.0000,-1,24,32,14,0,70,0,0,0,0
314.4617,1,0,9,0,1,0,0,-1,0,2.0000,-1,24,32,14,0,70,0,0,0,0
314.4836,1,0,9,0,1,0,0,-1,0,2.0000,-1,24,32,14,0,70,0,0,0,0
314.505,1,0,9,0,1,0,0,-1,0,2.0000,-1,24,32,14,0,70,0,0,0,0
314.5262,1,0,9,0,1,0,0,-1,0,2.0000,-1,24,32,14,0,70,0,0,0,0
314.5668,1,0,9,0,1,0,0,-1,0,2.0000,-1,24,32,14,0,70,0,0,0,0
314.5832,1,0,9,0,1,0,0,-1,0,2.0000,-1,24,32,14,0,70,0,0,0,0
314.5998,1,0,9,0,1,0,0,-1,0,2.0000,-1,24,32,14,0,70,0,0,0,0
314.619,1,0,9,0,1,0,0,-1,0,2.0000,-1,24,32,14,0,70,0,0,0,0
314.6399,1,0,9,0,1,0,0,-1,0,2.0000,-1,24,32,14,0,70,0,0,0,0
314.6614,1,0,9,0,1,0,0,-1,0,2.0000,-1,24,32,14,0,70,0,0,0,0
314.6807,1,0,9,0,1,0,0,-1,0,2.0000,-1,24,32,14,0,70,0,0,0,0
314.7058,1,0,9,0,1,0,0,-1,0,2.0000,-1,24,32,14,0,70,0,0,0,0
314.7234,1,0,9,0,1,0,0,-1,0,1.0000,-1,24,32,14,0,70,0,0,0,0
314.7454,1,0,9,0,1,0,0,-1,0,1.0000,-1,24,32,14,0,70,0,0,0,0
314.7681,1,0,9,0,1,0,0,-1,0,1.0000,-1,24,32,14,0,70,0,0,0,0
314.7883,1,0,9,0,1,0,0,-1,0,1.0000,-1,24,32,14,0,70,0,0,0,0
314.8106,1,0,9,0,1,0,0,-1,1,2.0000,-1,24,32,14,0,70,0,0,0,0
314.8343,1,0,9,0,0,0,0,-1,0,2.0000,-1,24,32,14,0,70,0,0,0,0
314.8541,1,0,9,0,0,0,0,-1,0,2.0000,-1,24,32,14,0,70,0,0,0,0
314.8719,1,0,9,0,0,0,0,-1,0,2.0000,-1,24,32,14,0,70,0,0,0,0
314.8907,1,0,9,0,0,0,0,-1,0,2.0000,-1,24,32,14,0,70,0,0,0,0
314.9094,1,0,9,0,0,0,0,-1,0,2.0000,-1,24,32,14,0,70,0,0,0,0
314.9312,1,0,9,0,0,0,0,-1,0,2.0000,-1,24,32,14,0,70,0,0,0,0
314.9529,1,0,9,0,0,0,0,-1,0,2.0000,-1,24,32,14,0,70,0,0,0,0
314.9904,1,0,9,0,0,0,0,-1,0,2.0000,-1,24,32,14,0,70,0,0,0,0
315.0031,1,0,9,0,0,0,0,-1,0,2.0000,-1,24,32,14,0,70,0,0,0,0
315.018,1,0,9,0,0,0,0,-1,0,2.0000,-1,24,32,14,0,70,0,0,0,0
315.0391,1,0,9,0,0,0,0,-1,0,2.0000,-1,24,32,14,0,70,0,0,0,0
315.0606,1,0,9,0,0,0,0,-1,1,3.0000,-1,24,32,14,0,70,0,0,0,0
315.0781,1,0,9,0,0,0,0,-1,0,3.0000,-1,24,32,14,0,70,0,0,0,0
315.0984,1,0,9,0,0,0,0,-1,0,3.0000,-1,24,32,14,0,70,0,0,0,0
315.1223,1,0,9,0,0,0,0,-1,0,3.0000,-1,24,32,14,0,70,0,0,0,0
315.1433,1,0,9,0,0,0,0,-1,0,3.0000,-1,24,32,14,0,70,0,0,0,0
315.1625,1,0,9,0,0,0,0,-1,0,3.0000,-1,24,32,14,0,70,0,0,0,0
315.1978,1,0,9,0,0,0,0,-1,0,3.0000,-1,24,32,14,0,70,0,0,0,0
315.2102,1,0,9,0,0,0,0,-1,0,3.0000,-1,24,32,14,0,70,0,0,0,0
315.2238,1,0,9,0,0,0,0,-1,0,3.0000,-1,24,32,14,0,70,0,0,0,0
315.2451,1,0,9,0,0,0,0,-1,0,3.0000,-1,24,32,14,0,70,0,0,0,0
315.266,1,0,9,0,0,0,0,-1,0,3.0000,-1,24,32,14,0,70,0,0,0,0
315.2862,1,0,9,0,0,0,0,-1,0,3.0000,-1,24,32,14,0,70,0,0,0,0
315.3063,1,0,9,0,0,0,0,-1,0,3.0000,-1,24,32,14,0,70,0,0,0,0
315.3257,1,0,9,0,0,0,0,-1,0,3.0000,-1,24,32,14,0,70,0,0,0,0
315.3453,1,0,9,0,0,0,0,-1,0,3.0000,-1,24,32,14,0,70,0,0,0,0
315.3669,1,0,9,0,0,0,0,-1,0,3.0000,-1,24,32,14,0,70,0,0,0,0
315.3875,1,0,9,0,0,0,1,228,1,4.0000,-1,24,32,14,0,70,0,0,0,0
315.4066,1,0,9,0,0,0,1,228,0,3.0000,-1,24,32,14,0,70,0,0,0,0
315.4232,1,0,9,0,0,0,1,228,0,3.0000,-1,24,32,14,0,70,0,0,0,0
315.4446,1,0,9,0,0,0,1,228,0,3.0000,-1,24,32,14,0,70,0,0,0,0
315.4666,1,0,9,0,0,0,1,228,0,3.0000,-1,24,32,14,0,70,0,0,0,0
315.4873,1,0,9,0,0,0,1,228,0,3.0000,-1,24,32,14,0,70,0,0,0,0
315.5058,1,0,9,0,0,0,1,228,0,3.0000,-1,24,32,14,0,70,0,0,0,0
315.5233,1,0,9,0,0,0,1,228,0,3.0000,-1,24,32,14,0,70,0,0,0,0
315.5446,1,0,9,0,0,0,1,228,0,3.0000,-1,24,32,14,0,70,0,0,0,0
315.5671,1,0,9,0,0,0,1,228,0,3.0000,-1,24,32,14,0,70,0,0,0,0
315.5861,1,0,9,0,0,0,1,228,0,3.0000,-1,24,32,14,0,70,0,0,0,0
315.6057,1,0,9,0,0,0,1,228,0,3.0000,-1,24,32,14,0,70,0,0,0,0
315.6275,1,0,9,0,0,0,1,228,0,3.0000,-1,24,32,14,0,70,0,0,0,0
315.6451,1,0,9,0,0,0,1,228,0,3.0000,-1,24,32,14,0,70,0,0,0,0
315.6653,1,0,9,0,0,0,1,228,0,3.0000,-1,24,32,14,0,70,0,0,0,0
315.689,1,0,9,0,0,0,1,228,0,3.0000,-1,24,32,14,0,70,0,0,0,0
315.7094,1,0,9,0,0,0,1,228,0,3.0000,-1,24,32,14,0,70,0,0,0,0
315.73,1,0,9,0,0,0,1,228,0,3.0000,-1,24,32,14,0,70,0,0,0,0
315.7472,1,0,9,0,0,0,1,228,0,3.0000,-1,24,32,14,0,70,0,0,0,0
315.7676,1,0,9,0,0,0,1,228,0,3.0000,-1,24,32,14,0,70,0,0,0,0
315.7867,1,0,9,0,0,0,1,228,1,4.0000,-1,24,32,14,0,70,0,0,0,0
315.8102,1,0,9,0,0,0,1,228,0,4.0000,-1,24,32,14,0,70,0,0,0,0
315.8323,1,0,9,0,0,0,1,228,0,3.0000,-1,24,32,14,0,70,0,0,0,0
315.8508,1,0,9,0,0,0,1,228,0,3.0000,-1,24,32,14,0,70,0,0,0,0
315.8711,1,0,9,0,0,0,1,228,0,3.0000,-1,24,32,14,0,70,0,0,0,0
315.8928,1,0,9,0,0,0,1,228,0,3.0000,-1,24,32,14,0,70,0,0,0,0
315.9105,1,0,9,0,0,0,1,228,0,3.0000,-1,24,32,14,0,70,0,0,0,0
315.9326,1,0,9,0,0,0,1,228,0,3.0000,-1,24,32,14,0,70,0,0,0,0
315.9521,1,0,9,0,0,0,1,228,0,3.0000,-1,24,32,14,0,70,0,0,0,0
315.9736,1,0,9,0,0,0,1,228,0,3.0000,-1,24,32,14,0,70,0,0,0,0
316.0118,1,0,9,0,0,0,1,228,0,3.0000,-1,24,32,14,0,70,0,0,0,0
316.027,1,0,9,0,0,0,1,228,0,3.0000,-1,24,32,14,0,70,0,0,0,0
316.0425,1,0,9,0,0,0,1,228,0,3.0000,-1,24,32,14,0,70,0,0,0,0
316.0576,1,0,9,0,0,0,1,228,0,3.0000,-1,24,32,14,0,70,0,0,0,0
316.0786,1,0,9,0,0,0,1,228,0,2.0000,-1,24,32,14,0,70,0,0,0,0
316.0993,1,0,9,0,0,0,1,228,0,2.0000,-1,24,32,14,0,70,0,0,0,0
316.1211,1,0,9,0,0,0,1,228,0,2.0000,-1,24,32,14,0,70,0,0,0,0
316.142,1,0,9,0,0,0,1,228,0,2.0000,-1,24,32,14,0,70,0,0,0,0
316.1603,1,0,9,0,0,0,1,228,1,3.0000,-1,24,32,14,0,70,0,0,0,0
316.179,1,0,9,0,0,0,1,228,0,3.0000,-1,24,32,14,0,70,0,0,0,0
316.2009,1,0,9,0,0,0,0,-1,0,3.0000,228,25,32,14,0,71,0,0,0,0
316.2209,1,0,9,0,0,0,0,-1,0,3.0000,-1,25,32,14,0,71,0,0,0,0
316.2413,1,0,9,0,0,0,0,-1,0,3.0000,-1,25,32,14,0,71,0,0,0,0
316.2624,1,0,9,0,0,0,0,-1,0,3.0000,-1,25,32,14,0,71,0,0,0,0
316.2799,1,0,9,0,0,0,0,-1,0,3.0000,-1,25,32,14,0,71,0,0,0,0
316.3007,1,0,9,0,0,0,0,-1,0,3.0000,-1,25,32,14,0,71,0,0,0,0
316.3227,1,0,9,0,0,0,0,-1,0,3.0000,-1,25,32,14,0,71,0,0,0,0
316.343,1,0,9,0,0,0,0,-1,0,3.0000,-1,25,32,14,0,71,0,0,0,0
316.3625,1,0,9,0,0,0,0,-1,0,3.0000,-1,25,32,14,0,71,0,0,0,0
316.3822,1,0,9,0,0,0,0,-1,0,3.0000,-1,25,32,14,0,71,0,0,0,0
316.4203,1,0,9,0,0,0,1,227,0,2.0000,-1,25,32,14,0,71,0,0,0,0
316.4353,1,0,9,0,0,0,1,227,0,2.0000,-1,25,32,14,0,71,0,0,0,0
316.4488,1,0,9,0,0,0,1,227,1,3.0000,-1,25,32,14,0,71,0,0,0,0
316.4652,1,0,9,0,0,0,1,227,0,3.0000,-1,25,32,14,0,71,0,0,0,0
316.4894,1,0,9,0,0,0,1,227,0,3.0000,-1,25,32,14,0,71,0,0,0,0
316.5107,1,0,9,0,0,0,1,227,0,3.0000,-1,25,32,14,0,71,0,0,0,0
316.5319,1,0,9,0,0,0,1,227,0,3.0000,-1,25,32,14,0,71,0,0,0,0
316.5501,1,0,9,0,0,0,1,227,0,3.0000,-1,25,32,14,0,71,0,0,0,0
316.5728,1,0,9,0,0,0,0,-1,0,3.0000,227,26,32,14,0,72,0,0,0,0
316.593,1,0,9,0,0,0,0,-1,0,3.0000,-1,26,32,14,0,72,0,0,0,0
316.6096,1,0,9,0,0,0,0,-1,0,3.0000,-1,26,32,14,0,72,0,0,0,0
316.6345,1,0,9,0,0,0,0,-1,0,3.0000,-1,26,32,14,0,72,0,0,0,0
316.6543,1,0,9,0,0,0,0,-1,0,3.0000,-1,26,32,14,0,72,0,0,0,0
316.6754,1,0,9,0,0,0,0,-1,0,3.0000,-1,26,32,14,0,72,0,0,0,0
316.6969,1,0,9,0,0,0,0,-1,0,3.0000,-1,26,32,14,0,72,0,0,0,0
316.7143,1,0,9,0,0,0,0,-1,1,4.0000,-1,26,32,14,0,72,0,0,0,0
316.737,1,0,9,0,0,0,0,-1,0,4.0000,-1,26,32,14,0,72,0,0,0,0
316.7574,1,0,9,0,0,0,0,-1,0,4.0000,-1,26,32,14,0,72,0,0,0,0
316.777,1,0,9,0,0,0,0,-1,0,4.0000,-1,26,32,14,0,72,0,0,0,0
316.7978,1,0,9,0,0,0,0,-1,0,3.0000,-1,26,32,14,0,72,0,0,0,0
316.8175,1,0,9,0,0,0,0,-1,0,3.0000,-1,26,32,14,0,72,0,0,0,0
316.8374,1,0,9,0,0,0,0,-1,0,3.0000,-1,26,32,14,0,72,0,0,0,0
316.8549,1,0,9,0,0,0,0,-1,0,3.0000,-1,26,32,14,0,72,0,0,0,0
316.8756,1,0,9,0,0,0,0,-1,0,3.0000,-1,26,32,14,0,72,0,0,0,0
316.8961,1,0,9,0,0,0,0,-1,0,3.0000,-1,26,32,14,0,72,0,0,0,0
316.9151,1,0,9,0,0,0,0,-1,0,3.0000,-1,26,32,14,0,72,0,0,0,0
316.9334,1,0,9,0,0,0,0,-1,0,3.0000,-1,26,32,14,0,72,0,0,0,0
316.9534,1,0,9,0,0,0,0,-1,0,3.0000,-1,26,32,14,0,72,0,0,0,0
316.9738,1,0,9,0,0,0,0,-1,0,3.0000,-1,26,32,14,0,72,0,0,0,0
316.9941,1,0,9,0,0,0,0,-1,0,3.0000,-1,26,32,14,0,72,0,0,0,0
317.0132,1,0,9,0,0,0,0,-1,0,3.0000,-1,26,32,14,0,72,0,0,0,0
317.0327,1,0,9,0,0,0,0,-1,0,3.0000,-1,26,32,14,0,72,0,0,0,0
317.0533,1,0,9,0,0,0,0,-1,0,3.0000,-1,26,32,14,0,72,0,0,0,0
317.0725,1,0,9,0,0,0,0,-1,0,3.0000,-1,26,32,14,0,72,0,0,0,0
317.0914,1,0,9,0,0,0,0,-1,0,3.0000,-1,26,32,14,0,72,0,0,0,0
317.1093,1,0,9,0,0,0,0,-1,0,3.0000,-1,26,32,14,0,72,0,0,0,0
317.1306,1,0,9,0,0,0,0,-1,0,3.0000,-1,26,32,14,0,72,0,0,0,0
317.1503,1,0,9,0,0,0,0,-1,0,3.0000,-1,26,32,14,0,72,0,0,0,0
317.1667,1,0,9,0,0,0,0,-1,0,2.0000,-1,26,32,14,0,72,0,0,0,0
317.188,1,0,9,0,0,0,0,-1,0,2.0000,-1,26,32,14,0,72,0,0,0,0
317.2093,1,0,9,0,0,0,0,-1,1,3.0000,-1,26,32,14,0,72,0,0,0,0
317.2279,1,0,9,0,0,0,1,230,0,3.0000,-1,26,32,14,0,72,0,0,0,0
317.2444,1,0,9,0,0,0,0,-1,0,3.0000,-1,26,32,14,0,72,0,0,0,0
317.2653,1,0,9,0,0,0,0,-1,0,3.0000,-1,26,32,14,0,72,0,0,0,0
317.2868,1,0,9,0,0,0,0,-1,0,3.0000,-1,26,32,14,0,72,0,0,0,0
317.3055,1,0,9,0,0,0,0,-1,0,3.0000,-1,26,32,14,0,72,0,0,0,0
317.3233,1,0,9,0,0,0,0,-1,0,3.0000,-1,26,32,14,0,72,0,0,0,0
317.343,1,0,9,0,0,0,0,-1,0,3.0000,-1,26,32,14,0,72,0,0,0,0
317.3631,1,0,9,0,0,0,0,-1,0,3.0000,-1,26,32,14,0,72,0,0,0,0
317.3822,1,0,9,0,0,0,0,-1,0,3.0000,-1,26,32,14,0,72,0,0,0,0
317.4003,1,0,9,0,0,0,0,-1,0,3.0000,-1,26,32,14,0,72,0,0,0,0
317.4216,1,0,9,0,0,0,0,-1,0,3.0000,-1,26,32,14,0,72,0,0,0,0
317.4416,1,0,9,0,0,0,0,-1,0,3.0000,-1,26,32,14,0,72,0,0,0,0
317.4769,1,0,9,0,0,0,1,232,0,2.0000,-1,26,32,14,0,72,0,0,0,0
317.492,1,0,9,0,0,0,1,232,0,2.0000,-1,26,32,14,0,72,0,0,0,0
317.5062,1,0,9,0,0,0,1,232,0,2.0000,-1,26,32,14,0,72,0,0,0,0
317.5218,1,0,9,0,0,0,1,232,0,2.0000,-1,26,32,14,0,72,0,0,0,0
317.5428,1,0,9,0,0,0,1,232,0,2.0000,-1,26,32,14,0,72,0,0,0,0
317.5619,1,0,9,0,0,0,1,232,0,2.0000,-1,26,32,14,0,72,0,0,0,0
317.5801,1,0,9,0,0,0,1,232,0,2.0000,-1,26,32,14,0,72,0,0,0,0
317.5999,1,0,9,0,0,0,1,232,0,2.0000,-1,26,32,14,0,72,0,0,0,0
317.6206,1,0,9,0,0,0,1,232,1,3.0000,-1,26,32,14,0,72,0,0,0,0
317.6393,1,0,9,0,0,0,1,232,0,3.0000,-1,26,32,14,0,72,0,0,0,0
317.6563,1,0,9,0,0,0,1,232,0,3.0000,-1,26,32,14,0,72,0,0,0,0
317.675,1,0,9,0,0,0,1,232,0,3.0000,-1,26,32,14,0,72,0,0,0,0
317.6963,1,0,9,0,0,0,1,232,0,3.0000,-1,26,32,14,0,72,0,0,0,0
317.7172,1,0,9,0,0,0,1,232,0,2.0000,-1,26,32,14,0,72,0,0,0,0
317.7337,1,0,9,0,0,0,1,232,0,2.0000,-1,26,32,14,0,72,0,0,0,0
317.7551,1,0,9,0,0,0,1,232,0,2.0000,-1,26,32,14,0,72,0,0,0,0
317.7748,1,0,9,0,0,0,1,232,0,2.0000,-1,26,32,14,0,72,0,0,0,0
317.795,1,0,9,0,0,0,1,232,0,2.0000,-1,26,32,14,0,72,0,0,0,0
317.8121,1,0,9,0,0,0,1,232,1,3.0000,-1,26,32,14,0,72,0,0,0,0
317.834,1,0,9,0,0,0,1,232,0,3.0000,-1,26,32,14,0,72,0,0,0,0
317.8544,1,0,9,0,0,0,0,-1,0,3.0000,-1,26,32,14,0,72,0,0,0,0
317.8732,1,0,9,0,0,0,0,-1,0,3.0000,-1,26,32,14,0,72,0,0,0,0
317.9084,1,0,9,0,0,0,0,-1,0,3.0000,-1,26,32,14,0,72,0,0,0,0
317.9231,1,0,9,0,0,0,0,-1,0,3.0000,-1,26,32,14,0,72,0,0,0,0
317.9387,1,0,9,0,0,0,0,-1,0,3.0000,-1,26,32,14,0,72,0,0,0,0
317.954,1,0,9,0,0,0,0,-1,0,3.0000,-1,26,32,14,0,72,0,0,0,0
317.9741,1,0,9,0,0,0,0,-1,0,3.0000,-1,26,32,14,0,72,0,0,0,0
317.9924,1,0,9,0,0,0,0,-1,0,3.0000,-1,26,32,14,0,72,0,0,0,0
318.0117,1,0,9,0,0,0,0,-1,0,3.0000,-1,26,32,14,0,72,0,0,0,0
318.0324,1,0,9,0,0,0,0,-1,0,3.0000,-1,26,32,14,0,72,0,0,0,0
318.0518,1,0,9,0,0,0,0,-1,0,3.0000,-1,26,32,14,0,72,0,0,0,0
318.0725,1,0,9,0,0,0,0,-1,1,4.0000,-1,26,32,14,0,72,0,0,0,0
318.0908,1,0,9,0,0,0,0,-1,0,4.0000,-1,26,32,14,0,72,0,0,0,0
318.1098,1,0,9,0,0,0,0,-1,0,4.0000,-1,26,32,14,0,72,0,0,0,0
318.1311,1,0,9,0,0,0,0,-1,0,4.0000,-1,26,32,14,0,72,0,0,0,0
318.1519,1,0,9,0,0,0,0,-1,0,4.0000,-1,26,32,14,0,72,0,0,0,0
318.169,1,0,9,0,0,0,0,-1,0,4.0000,-1,26,32,14,0,72,0,0,0,0
318.1899,1,0,9,0,0,0,0,-1,0,4.0000,-1,26,32,14,0,72,0,0,0,0
318.2107,1,0,9,0,0,0,0,-1,0,3.0000,-1,26,32,14,0,72,0,0,0,0
318.2322,1,0,9,0,0,0,0,-1,0,3.0000,-1,26,32,14,0,72,0,0,0,0
318.252,1,0,9,0,0,0,0,-1,0,3.0000,-1,26,32,14,0,72,0,0,0,0
318.2726,1,0,9,0,0,0,0,-1,0,3.0000,-1,26,32,14,0,72,0,0,0,0
318.291,1,0,9,0,0,0,0,-1,0,3.0000,-1,26,32,14,0,72,0,0,0,0
318.3111,1,0,9,0,0,0,0,-1,1,4.0000,-1,26,32,14,0,72,0,0,0,0
318.3325,1,0,9,0,0,0,0,-1,0,4.0000,-1,26,32,14,0,72,0,0,0,0
318.3536,1,0,9,0,0,0,0,-1,0,4.0000,-1,26,32,14,0,72,0,0,0,0
318.3733,1,0,9,0,0,0,0,-1,0,4.0000,-1,26,32,14,0,72,0,0,0,0
318.3946,1,0,9,0,0,0,0,-1,0,4.0000,-1,26,32,14,0,72,0,0,0,0
318.4129,1,0,9,0,0,0,0,-1,0,4.0000,-1,26,32,14,0,72,0,0,0,0
318.4333,1,0,9,0,0,0,0,-1,0,4.0000,-1,26,32,14,0,72,0,0,0,0
318.4545,1,0,9,0,0,0,0,-1,0,4.0000,-1,26,32,14,0,72,0,0,0,0
318.4746,1,0,9,0,0,0,0,-1,0,4.0000,-1,26,32,14,0,72,0,0,0,0
318.4935,1,0,9,0,0,0,0,-1,0,4.0000,-1,26,32,14,0,72,0,0,0,0
318.5128,1,0,9,0,0,0,0,-1,0,4.0000,-1,26,32,14,0,72,0,0,0,0
318.5328,1,0,9,0,0,0,0,-1,0,4.0000,-1,26,32,14,0,72,0,0,0,0
318.5558,1,0,9,0,0,0,0,-1,0,4.0000,-1,26,32,14,0,72,0,0,0,0
318.5745,1,0,9,0,0,0,0,-1,0,4.0000,-1,26,32,14,0,72,0,0,0,0
318.5965,1,0,9,0,0,0,0,-1,0,4.0000,-1,26,32,14,0,72,0,0,0,0
318.615,1,0,9,0,0,0,0,-1,0,4.0000,-1,26,32,14,0,72,0,0,0,0
318.6345,1,0,9,0,0,0,0,-1,0,3.0000,-1,26,32,14,0,72,0,0,0,0
318.6555,1,0,9,0,0,0,0,-1,0,3.0000,-1,26,32,14,0,72,0,0,0,0
318.6763,1,0,9,1,0,0,0,-1,0,3.0000,-1,26,32,14,0,72,0,0,0,0
318.696,1,0,9,1,0,0,0,-1,0,3.0000,-1,26,32,14,0,72,0,0,0,0
318.7346,1,0,9,1,0,0,0,-1,0,3.0000,-1,26,32,14,0,72,0,0,0,0
318.7491,1,0,9,1,0,0,0,-1,0,3.0000,-1,26,32,14,0,72,0,0,0,0
318.7639,1,0,9,1,0,0,0,-1,0,3.0000,-1,26,32,14,0,72,0,0,0,0
318.7838,1,0,9,1,0,0,0,-1,1,4.0000,-1,26,32,14,0,72,0,0,0,0
318.8055,1,0,9,1,0,0,0,-1,0,4.0000,-1,26,32,14,0,72,0,0,0,0
318.8242,1,0,9,1,0,0,0,-1,0,3.0000,-1,26,32,14,0,72,0,0,0,0
318.8451,1,0,9,0,0,0,0,-1,0,3.0000,-1,26,32,14,0,72,0,0,0,0
318.8653,1,0,9,0,0,0,1,234,0,3.0000,-1,26,32,14,0,72,0,0,0,0
318.8874,1,0,9,0,0,0,1,234,0,3.0000,-1,26,32,14,0,72,0,0,0,0
318.9066,1,0,9,0,0,0,1,234,0,3.0000,-1,26,32,14,0,72,0,0,0,0
318.9443,1,0,9,0,0,0,1,234,1,4.0000,-1,26,32,14,0,72,0,0,0,0
318.9601,1,0,9,0,0,0,1,234,0,4.0000,-1,26,32,14,0,72,0,0,0,0
318.9771,1,0,9,0,0,0,1,234,0,4.0000,-1,26,32,14,0,72,0,0,0,0
318.9938,1,0,9,0,0,0,0,-1,0,4.0000,-1,26,32,14,0,72,0,0,0,0
319.0123,1,0,9,0,0,0,0,-1,0,4.0000,-1,26,32,14,0,72,0,0,0,0
319.0361,1,0,9,0,0,0,0,-1,0,4.0000,-1,26,32,14,0,72,0,0,0,0
319.0554,1,0,9,0,0,0,0,-1,0,4.0000,-1,26,32,14,0,72,0,0,0,0
319.0773,1,0,9,0,0,0,0,-1,0,3.0000,-1,26,32,14,0,72,0,0,0,0
319.0967,1,0,9,0,0,0,0,-1,0,3.0000,-1,26,32,14,0,72,0,0,0,0
319.1157,1,0,9,0,0,0,0,-1,0,3.0000,-1,26,32,14,0,72,0,0,0,0
319.1533,1,0,9,0,0,0,0,-1,0,3.0000,-1,26,32,14,0,72,0,0,0,0
319.167,1,0,9,0,0,0,1,233,0,3.0000,-1,26,32,14,0,72,0,0,0,0
319.18,1,0,9,0,0,0,1,233,0,3.0000,-1,26,32,14,0,72,0,0,0,0
319.1968,1,0,9,0,0,0,1,233,0,3.0000,-1,26,32,14,0,72,0,0,0,0
319.2185,1,0,9,0,0,0,1,233,0,3.0000,-1,26,32,14,0,72,0,0,0,0
319.2363,1,0,9,0,0,0,1,233,0,3.0000,-1,26,32,14,0,72,0,0,0,0
319.257,1,0,9,0,0,0,1,233,1,4.0000,-1,26,32,14,0,72,0,0,0,0
319.2774,1,0,9,0,0,0,1,233,0,4.0000,-1,26,32,14,0,72,0,0,0,0
319.2976,1,0,9,0,0,0,1,233,0,4.0000,-1,26,32,14,0,72,0,0,0,0
319.316,1,0,9,0,0,0,1,233,0,3.0000,-1,26,32,14,0,72,0,0,0,0
319.3357,1,0,9,0,0,0,1,233,0,3.0000,-1,26,32,14,0,72,0,0,0,0
319.3546,1,0,9,0,0,0,1,233,0,3.0000,-1,26,32,14,0,72,0,0,0,0
319.3767,1,0,9,0,0,0,1,233,0,3.0000,-1,26,32,14,0,72,0,0,0,0
319.3962,1,0,9,0,0,0,1,233,0,3.0000,-1,26,32,14,0,72,0,0,0,0
319.4144,1,0,9,0,1,0,1,233,0,3.0000,-1,26,32,14,0,72,0,0,0,0
319.4335,1,0,9,0,1,0,1,233,0,3.0000,-1,26,32,14,0,72,0,0,0,0
319.4532,3,1,10,0,0,1,0,-1,0,3.0000,233,26,32,15,0,73,0,0,0,0
319.4745,3,0,10,0,0,0,0,-1,0,3.0000,-1,26,32,15,0,73,0,0,0,0
319.495,3,0,10,0,0,0,0,-1,0,3.0000,-1,26,32,15,0,73,0,0,0,0
319.5134,3,0,10,0,0,0,0,-1,0,3.0000,-1,26,32,15,0,73,0,0,0,0
319.5331,3,0,10,0,0,0,0,-1,0,3.0000,-1,26,32,15,0,73,0,0,0,0
319.5741,3,0,10,0,0,0,0,-1,0,3.0000,-1,26,32,15,0,73,0,0,0,0
319.5887,3,0,10,0,0,0,0,-1,0,3.0000,-1,26,32,15,0,73,0,0,0,0
319.6032,3,0,10,0,0,0,0,-1,0,3.0000,-1,26,32,15,0,73,0,0,0,0
319.6201,3,0,10,0,0,0,0,-1,0,3.0000,-1,26,32,15,0,73,0,0,0,0
319.6425,3,0,10,0,0,0,0,-1,0,3.0000,-1,26,32,15,0,73,0,0,0,0
319.6623,3,0,10,0,0,0,0,-1,0,3.0000,-1,26,32,15,0,73,0,0,0,0
319.6837,3,0,10,0,0,0,0,-1,0,3.0000,-1,26,32,15,0,73,0,0,0,0
319.7014,3,0,10,0,0,0,0,-1,0,3.0000,-1,26,32,15,0,73,0,0,0,0
319.7236,3,0,10,0,0,0,0,-1,0,3.0000,-1,26,32,15,0,73,0,0,0,0
319.7426,3,0,10,0,0,0,0,-1,0,3.0000,-1,26,32,15,0,73,0,0,0,0
319.7644,3,0,10,0,0,0,0,-1,0,3.0000,-1,26,32,15,0,73,0,0,0,0
319.7827,3,0,10,0,0,0,0,-1,0,3.0000,-1,26,32,15,0,73,0,0,0,0
319.8028,3,0,10,0,0,0,0,-1,0,2.0000,-1,26,32,15,0,73,0,0,0,0
319.8252,3,0,10,0,0,0,0,-1,0,2.0000,-1,26,32,15,0,73,0,0,0,0
319.8446,3,0,10,0,0,0,0,-1,0,2.0000,-1,26,32,15,0,73,0,0,0,0
319.8664,3,0,10,0,0,0,0,-1,0,2.0000,-1,26,32,15,0,73,0,0,0,0
319.8898,3,0,10,0,0,0,0,-1,0,2.0000,-1,26,32,15,0,73,0,0,0,0
319.9091,3,0,10,0,0,0,0,-1,0,2.0000,-1,26,32,15,0,73,0,0,0,0
319.9313,3,0,10,0,0,0,0,-1,0,2.0000,-1,26,32,15,0,73,0,0,0,0
319.9509,3,0,10,0,0,0,1,236,0,1.0000,-1,26,32,15,0,73,0,0,0,0
319.9738,3,0,10,0,0,0,1,236,0,1.0000,-1,26,32,15,0,73,0,0,0,0
319.9916,3,0,10,0,0,0,1,236,0,1.0000,-1,26,32,15,0,73,0,0,0,0
320.0135,3,0,10,0,0,0,1,236,0,1.0000,-1,26,32,15,0,73,0,0,0,0
320.0326,3,0,10,0,0,0,1,236,0,1.0000,-1,26,32,15,0,73,0,0,0,0
320.0558,3,0,10,0,0,0,1,236,0,1.0000,-1,26,32,15,0,73,0,0,0,0
320.077,3,0,10,0,0,0,1,236,0,1.0000,-1,26,32,15,0,73,0,0,0,0
320.0937,3,0,10,0,0,0,1,236,0,1.0000,-1,26,32,15,0,73,0,0,0,0
320.1148,3,0,10,0,0,0,1,236,0,1.0000,-1,26,32,15,0,73,0,0,0,0
320.1356,3,0,10,0,0,0,1,236,0,1.0000,-1,26,32,15,0,73,0,0,0,0
320.1571,3,0,10,0,0,0,1,236,0,1.0000,-1,26,32,15,0,73,0,0,0,0
320.1777,3,0,10,0,0,0,1,236,0,1.0000,-1,26,32,15,0,73,0,0,0,0
320.2011,3,0,10,0,0,0,1,236,0,1.0000,-1,26,32,15,0,73,0,0,0,0
320.2202,3,0,10,0,0,0,1,236,0,1.0000,-1,26,32,15,0,73,0,0,0,0
320.2386,3,0,10,0,0,0,1,236,0,1.0000,-1,26,32,15,0,73,0,0,0,0
320.2622,3,0,10,0,0,0,1,236,0,0.0000,-1,26,32,15,0,73,0,0,0,0
320.2811,3,0,10,0,0,0,1,236,0,0.0000,-1,26,32,15,0,73,0,0,0,0
320.301,3,0,10,0,0,0,0,-1,0,0.0000,236,26,32,16,0,74,0,0,0,0
320.3222,3,0,10,0,0,0,0,-1,0,0.0000,-1,26,32,16,0,74,0,0,0,0
320.3443,3,0,10,0,0,0,0,-1,0,0.0000,-1,26,32,16,0,74,0,0,0,0
320.3644,3,0,10,0,0,0,0,-1,0,0.0000,-1,26,32,16,0,74,0,0,0,0
320.4043,3,0,10,0,0,0,0,-1,0,0.0000,-1,26,32,16,0,74,0,0,0,0
320.4173,3,0,10,0,0,0,0,-1,0,0.0000,-1,26,32,16,0,74,0,0,0,0
320.4308,3,0,10,0,0,0,0,-1,0,0.0000,-1,26,32,16,0,74,0,0,0,0
320.4536,3,0,10,0,0,0,0,-1,0,0.0000,-1,26,32,16,0,74,0,0,0,0
320.4758,3,0,10,0,0,0,0,-1,0,0.0000,-1,26,32,16,0,74,0,0,0,0
320.4948,3,0,10,0,0,0,1,238,0,0.0000,-1,26,32,16,0,74,0,0,0,0
320.5164,3,0,10,0,0,0,1,238,0,0.0000,-1,26,32,16,0,74,0,0,0,0
320.5376,3,0,10,0,0,0,1,238,0,0.0000,-1,26,32,16,0,74,0,0,0,0
320.5576,3,0,10,0,0,0,1,238,0,0.0000,-1,26,32,16,0,74,0,0,0,0
320.5777,3,0,10,0,0,0,1,238,0,0.0000,-1,26,32,16,0,74,0,0,0,0
320.6004,3,0,10,0,0,0,1,238,0,0.0000,-1,26,32,16,0,74,0,0,0,0
320.6201,3,0,10,0,0,0,1,238,0,0.0000,-1,26,32,16,0,74,0,0,0,0
320.641,3,0,10,0,0,0,1,238,0,0.0000,-1,26,32,16,0,74,0,0,0,0
320.662,3,0,10,0,0,0,1,238,0,0.0000,-1,26,32,16,0,74,0,0,0,0
320.6816,3,0,10,0,0,0,1,238,1,1.0000,-1,26,32,16,0,74,0,0,0,0
320.7036,3,0,10,0,0,0,0,-1,0,1.0000,-1,26,32,16,0,74,0,0,0,0
320.7259,3,0,10,0,0,0,0,-1,0,1.0000,-1,26,32,16,0,74,0,0,0,0
320.7449,3,0,10,0,0,0,0,-1,0,1.0000,-1,26,32,16,0,74,0,0,0,0
320.7678,3,0,10,0,0,0,0,-1,0,1.0000,-1,26,32,16,0,74,0,0,0,0
320.7887,3,0,10,0,0,0,0,-1,0,1.0000,-1,26,32,16,0,74,0,0,0,0
320.8285,3,0,10,0,0,0,0,-1,1,2.0000,-1,26,32,16,0,74,0,0,0,0
320.8416,3,0,10,0,0,0,0,-1,0,2.0000,-1,26,32,16,0,74,0,0,0,0
320.8552,3,0,10,0,0,0,0,-1,0,2.0000,-1,26,32,16,0,74,0,0,0,0
320.8776,3,0,10,0,0,0,0,-1,0,2.0000,-1,26,32,16,0,74,0,0,0,0
320.8988,3,0,10,0,0,0,0,-1,0,2.0000,-1,26,32,16,0,74,0,0,0,0
320.9203,3,0,10,0,0,0,0,-1,1,3.0000,-1,26,32,16,0,74,0,0,0,0
320.9403,3,0,10,0,0,0,0,-1,0,3.0000,-1,26,32,16,0,74,0,0,0,0
320.9592,3,0,10,0,0,0,0,-1,0,3.0000,-1,26,32,16,0,74,0,0,0,0
320.9803,3,0,10,0,0,0,0,-1,0,3.0000,-1,26,32,16,0,74,0,0,0,0
321.0003,3,0,10,0,0,0,0,-1,0,3.0000,-1,26,32,16,0,74,0,0,0,0
321.0424,3,0,10,0,0,0,0,-1,0,3.0000,-1,26,32,16,0,74,0,0,0,0
321.0547,3,0,10,0,0,0,0,-1,0,3.0000,-1,26,32,16,0,74,0,0,0,0
321.067,3,0,10,0,0,0,0,-1,0,3.0000,-1,26,32,16,0,74,0,0,0,0
321.0877,3,0,10,0,0,0,0,-1,0,3.0000,-1,26,32,16,0,74,0,0,0,0
321.1093,3,0,10,0,0,0,0,-1,1,4.0000,-1,26,32,16,0,74,0,0,0,0
321.1302,3,0,10,0,0,0,0,-1,0,4.0000,-1,26,32,16,0,74,0,0,0,0
321.15,3,0,10,0,0,0,0,-1,0,4.0000,-1,26,32,16,0,74,0,0,0,0
321.1702,3,0,10,0,0,0,0,-1,0,4.0000,-1,26,32,16,0,74,0,0,0,0
321.1909,3,0,10,0,0,0,0,-1,0,4.0000,-1,26,32,16,0,74,0,0,0,0
321.2117,3,0,10,0,0,0,0,-1,0,4.0000,-1,26,32,16,0,74,0,0,0,0
321.2505,3,0,10,0,0,0,0,-1,0,4.0000,-1,26,32,16,0,74,0,0,0,0
321.2626,3,0,10,0,0,0,0,-1,0,4.0000,-1,26,32,16,0,74,0,0,0,0
321.2769,3,0,10,0,0,0,0,-1,0,4.0000,-1,26,32,16,0,74,0,0,0,0
321.2979,3,0,10,0,0,0,0,-1,1,5.0000,-1,26,32,16,0,74,0,0,0,0
321.3188,3,0,10,0,0,0,0,-1,0,5.0000,-1,26,32,16,0,74,0,0,0,0
321.337,3,0,10,0,0,0,0,-1,0,5.0000,-1,26,32,16,0,74,0,0,0,0
321.3574,3,0,10,0,0,0,0,-1,0,5.0000,-1,26,32,16,0,74,0,0,0,0
321.3801,3,0,10,0,0,0,0,-1,0,5.0000,-1,26,32,16,0,74,0,0,0,0
321.4025,3,0,10,0,0,0,0,-1,0,5.0000,-1,26,32,16,0,74,0,0,0,0
321.423,3,0,10,0,0,0,0,-1,0,5.0000,-1,26,32,16,0,74,0,0,0,0
321.4603,3,0,10,0,0,0,0,-1,0,5.0000,-1,26,32,16,0,74,0,0,0,0
321.4733,3,0,10,0,0,0,0,-1,0,5.0000,-1,26,32,16,0,74,0,0,0,0
321.4868,3,0,10,0,0,0,0,-1,0,5.0000,-1,26,32,16,0,74,0,0,0,0
321.5083,3,0,10,0,0,0,0,-1,0,5.0000,-1,26,32,16,0,74,0,0,0,0
321.5273,3,0,10,0,0,0,0,-1,0,5.0000,-1,26,32,16,0,74,0,0,0,0
321.5474,3,0,10,0,0,0,0,-1,0,5.0000,-1,26,32,16,0,74,0,0,0,0
321.5698,3,0,10,0,0,0,0,-1,0,5.0000,-1,26,32,16,0,74,0,0,0,0
321.5889,3,0,10,0,0,0,0,-1,0,5.0000,-1,26,32,16,0,74,0,0,0,0
321.6116,3,0,10,0,0,0,0,-1,0,5.0000,-1,26,32,16,0,74,0,0,0,0
321.6295,3,0,10,0,0,0,0,-1,0,5.0000,-1,26,32,16,0,74,0,0,0,0
321.6485,3,0,10,0,0,0,0,-1,0,5.0000,-1,26,32,16,0,74,0,0,0,0
321.6702,3,0,10,0,0,0,1,241,0,5.0000,-1,26,32,16,0,74,0,0,0,0
321.6885,3,0,10,0,0,0,1,241,0,4.0000,-1,26,32,16,0,74,0,0,0,0
321.7115,3,0,10,0,0,0,1,241,0,4.0000,-1,26,32,16,0,74,0,0,0,0
321.7305,3,0,10,0,0,0,1,241,0,4.0000,-1,26,32,16,0,74,0,0,0,0
321.7486,3,0,10,0,0,0,1,241,0,4.0000,-1,26,32,16,0,74,0,0,0,0
321.7697,3,0,10,0,0,0,1,241,0,4.0000,-1,26,32,16,0,74,0,0,0,0
321.7895,3,0,10,0,0,0,1,241,0,4.0000,-1,26,32,16,0,74,0,0,0,0
321.812,3,0,10,0,0,0,1,241,0,4.0000,-1,26,32,16,0,74,0,0,0,0
321.8319,3,0,10,0,0,0,1,241,0,3.0000,-1,26,32,16,0,74,0,0,0,0
321.8698,3,0,10,0,0,0,1,241,0,3.0000,-1,26,32,16,0,74,0,0,0,0
321.8825,3,0,10,0,0,0,1,241,0,3.0000,-1,26,32,16,0,74,0,0,0,0
321.895,3,0,10,0,0,0,1,241,0,3.0000,-1,26,32,16,0,74,0,0,0,0
321.9146,3,0,10,0,0,0,1,241,0,3.0000,-1,26,32,16,0,74,0,0,0,0
321.9363,3,0,10,0,0,0,1,241,0,2.0000,-1,26,32,16,0,74,0,0,0,0
321.9575,3,0,10,0,0,0,1,241,0,2.0000,-1,26,32,16,0,74,0,0,0,0
321.9775,3,0,10,0,0,0,1,241,0,2.0000,-1,26,32,16,0,74,0,0,0,0
322,3,0,10,0,0,0,1,241,0,2.0000,-1,26,32,16,0,74,0,0,0,0
322.0192,3,0,10,0,0,0,1,241,0,2.0000,-1,26,32,16,0,74,0,0,0,0
322.0381,3,0,10,0,0,0,1,241,0,2.0000,-1,26,32,16,0,74,0,0,0,0
322.0576,3,0,10,0,0,0,1,241,1,3.0000,-1,26,32,16,0,74,0,0,0,0
322.079,3,0,10,0,0,0,1,241,0,3.0000,-1,26,32,16,0,74,0,0,0,0
322.1002,3,0,10,0,0,0,0,-1,0,3.0000,-1,26,32,16,0,74,0,0,0,0
322.1231,3,0,10,0,0,0,0,-1,0,2.0000,-1,26,32,16,0,74,0,0,0,0
322.1415,3,0,10,0,0,0,0,-1,0,2.0000,-1,26,32,16,0,74,0,0,0,0
322.1604,3,0,10,0,0,0,0,-1,0,2.0000,-1,26,32,16,0,74,0,0,0,0
322.1805,3,0,10,0,0,0,0,-1,0,2.0000,-1,26,32,16,0,74,0,0,0,0
322.2011,3,0,10,0,0,0,0,-1,0,2.0000,-1,26,32,16,0,74,0,0,0,0
322.2209,3,0,10,0,0,0,0,-1,0,2.0000,-1,26,32,16,0,74,0,0,0,0
322.2465,3,0,10,0,0,0,0,-1,0,2.0000,-1,26,32,16,0,74,0,0,0,0
322.2665,3,0,10,0,0,0,0,-1,0,2.0000,-1,26,32,16,0,74,0,0,0,0
322.2877,3,0,10,0,0,0,0,-1,0,2.0000,-1,26,32,16,0,74,0,0,0,0
322.3077,3,0,10,0,0,0,0,-1,1,2.0000,-1,26,32,16,0,74,0,0,0,0
322.3285,3,0,10,0,0,0,0,-1,0,2.0000,-1,26,32,16,0,74,0,0,0,0
322.3506,3,0,10,0,0,0,0,-1,0,2.0000,-1,26,32,16,0,74,0,0,0,0
322.3723,3,0,10,0,0,0,0,-1,0,2.0000,-1,26,32,16,0,74,0,0,0,0
322.3896,3,0,10,0,0,0,0,-1,0,2.0000,-1,26,32,16,0,74,0,0,0,0
322.4101,3,0,10,0,0,0,0,-1,1,3.0000,-1,26,32,16,0,74,0,0,0,0
322.4334,3,0,10,0,0,0,0,-1,0,3.0000,-1,26,32,16,0,74,0,0,0,0
322.456,3,0,10,0,0,0,0,-1,0,3.0000,-1,26,32,16,0,74,0,0,0,0
322.4746,3,0,10,0,0,0,0,-1,0,3.0000,-1,26,32,16,0,74,0,0,0,0
322.4942,3,0,10,0,0,0,0,-1,0,3.0000,-1,26,32,16,0,74,0,0,0,0
322.515,3,0,10,0,0,0,0,-1,0,3.0000,-1,26,32,16,0,74,0,0,0,0
322.5361,3,0,10,0,0,0,0,-1,0,3.0000,-1,26,32,16,0,74,0,0,0,0
322.5558,3,0,10,0,0,0,0,-1,1,4.0000,-1,26,32,16,0,74,0,0,0,0
322.5781,3,0,10,0,0,0,0,-1,0,4.0000,-1,26,32,16,0,74,0,0,0,0
322.5958,3,0,10,0,0,0,0,-1,0,4.0000,-1,26,32,16,0,74,0,0,0,0
322.6169,3,0,10,0,0,0,0,-1,0,4.0000,-1,26,32,16,0,74,0,0,0,0
322.6377,3,0,10,0,0,0,0,-1,0,4.0000,-1,26,32,16,0,74,0,0,0,0
322.6584,3,0,10,0,0,0,0,-1,0,4.0000,-1,26,32,16,0,74,0,0,0,0
322.6771,3,0,10,0,0,0,0,-1,0,4.0000,-1,26,32,16,0,74,0,0,0,0
322.7014,3,0,10,0,0,0,0,-1,0,4.0000,-1,26,32,16,0,74,0,0,0,0
322.7188,3,0,10,0,0,0,0,-1,0,4.0000,-1,26,32,16,0,74,0,0,0,0
322.7385,3,0,10,0,0,0,0,-1,0,4.0000,-1,26,32,16,0,74,0,0,0,0
322.7601,3,0,10,0,0,0,0,-1,0,4.0000,-1,26,32,16,0,74,0,0,0,0
322.779,3,0,10,0,0,0,0,-1,0,4.0000,-1,26,32,16,0,74,0,0,0,0
322.8004,3,0,10,0,0,0,0,-1,0,4.0000,-1,26,32,16,0,74,0,0,0,0
322.8225,3,0,10,0,0,0,0,-1,0,4.0000,-1,26,32,16,0,74,0,0,0,0
322.8392,3,0,10,0,0,0,0,-1,0,4.0000,-1,26,32,16,0,74,0,0,0,0
322.8616,3,0,10,0,0,0,0,-1,0,4.0000,-1,26,32,16,0,74,0,0,0,0
322.8812,3,0,10,0,0,0,0,-1,0,4.0000,-1,26,32,16,0,74,0,0,0,0
322.901,3,0,10,0,0,0,0,-1,0,4.0000,-1,26,32,16,0,74,0,0,0,0
322.9222,3,0,10,0,0,0,0,-1,1,5.0000,-1,26,32,16,0,74,0,0,0,0
322.9456,3,0,10,0,0,0,0,-1,0,5.0000,-1,26,32,16,0,74,0,0,0,0
322.9653,3,0,10,0,0,0,1,244,0,5.0000,-1,26,32,16,0,74,0,0,0,0
322.9843,3,0,10,0,0,0,1,244,0,5.0000,-1,26,32,16,0,74,0,0,0,0
323.0039,3,0,10,0,0,0,1,244,0,5.0000,-1,26,32,16,0,74,0,0,0,0
323.0251,3,0,10,0,0,0,1,244,0,5.0000,-1,26,32,16,0,74,0,0,0,0
323.0451,3,0,10,0,0,0,1,244,0,5.0000,-1,26,32,16,0,74,0,0,0,0
323.0671,3,0,10,0,0,0,1,244,0,4.0000,-1,26,32,16,0,74,0,0,0,0
323.0868,3,0,10,0,0,0,1,244,0,4.0000,-1,26,32,16,0,74,0,0,0,0
323.1056,3,0,10,0,0,0,1,244,0,4.0000,-1,26,32,16,0,74,0,0,0,0
323.1284,3,0,10,0,0,0,1,244,0,4.0000,-1,26,32,16,0,74,0,0,0,0
323.1486,3,0,10,0,0,0,0,-1,1,5.0000,244,26,32,17,0,75,0,0,0,0
323.1702,3,0,10,0,0,0,0,-1,0,5.0000,-1,26,32,17,0,75,0,0,0,0
323.1893,3,0,10,0,0,0,0,-1,0,5.0000,-1,26,32,17,0,75,0,0,0,0
323.2111,3,0,10,0,0,0,1,242,0,5.0000,-1,26,32,17,0,75,0,0,0,0
323.2304,3,0,10,0,0,0,1,242,0,5.0000,-1,26,32,17,0,75,0,0,0,0
323.2512,3,0,10,0,0,0,1,242,0,5.0000,-1,26,32,17,0,75,0,0,0,0
323.2714,3,0,10,0,0,0,1,242,1,6.0000,-1,26,32,17,0,75,0,0,0,0
323.3115,3,0,10,0,0,0,1,242,0,5.0000,-1,26,32,17,0,75,0,0,0,0
323.3301,3,0,10,0,0,0,1,242,0,5.0000,-1,26,32,17,0,75,0,0,0,0
323.3503,3,0,10,0,0,0,1,242,0,5.0000,-1,26,32,17,0,75,0,0,0,0
323.3637,3,0,10,0,0,0,1,242,0,5.0000,-1,26,32,17,0,75,0,0,0,0
323.3779,3,0,10,0,0,0,1,242,0,5.0000,-1,26,32,17,0,75,0,0,0,0
323.3997,3,0,10,0,0,0,1,242,0,5.0000,-1,26,32,17,0,75,0,0,0,0
323.4219,3,0,10,0,0,0,1,242,0,4.0000,-1,26,32,17,0,75,0,0,0,0
323.4407,3,0,10,0,0,0,1,242,0,4.0000,-1,26,32,17,0,75,0,0,0,0
323.4631,3,0,10,0,0,0,1,242,0,4.0000,-1,26,32,17,0,75,0,0,0,0
323.4826,3,0,10,0,0,0,1,242,0,4.0000,-1,26,32,17,0,75,0,0,0,0
323.5224,3,0,10,0,0,0,1,242,0,4.0000,-1,26,32,17,0,75,0,0,0,0
323.5364,3,0,10,0,0,0,1,242,0,4.0000,-1,26,32,17,0,75,0,0,0,0
323.5493,3,0,10,0,0,0,1,242,0,4.0000,-1,26,32,17,0,75,0,0,0,0
323.5668,3,0,10,0,0,0,1,242,0,3.0000,-1,26,32,17,0,75,0,0,0,0
323.5893,3,0,10,0,0,0,1,242,0,3.0000,-1,26,32,17,0,75,0,0,0,0
323.6115,3,0,10,0,0,0,1,242,0,3.0000,-1,26,32,17,0,75,0,0,0,0
323.6314,3,0,10,0,0,0,1,242,0,3.0000,-1,26,32,17,0,75,0,0,0,0
323.6512,3,0,10,0,0,0,1,242,0,3.0000,-1,26,32,17,0,75,0,0,0,0
323.6714,3,0,10,0,0,0,1,242,0,3.0000,-1,26,32,17,0,75,0,0,0,0
323.6904,3,0,10,0,0,0,1,242,0,3.0000,-1,26,32,17,0,75,0,0,0,0
323.7316,3,0,10,0,0,0,1,242,1,4.0000,-1,26,32,17,0,75,0,0,0,0
323.7456,3,0,10,0,0,0,0,-1,0,4.0000,242,26,32,18,0,76,0,0,0,0
323.7618,3,0,10,0,0,0,0,-1,0,4.0000,-1,26,32,18,0,76,0,0,0,0
323.7762,3,0,10,0,0,0,0,-1,0,4.0000,-1,26,32,18,0,76,0,0,0,0
323.7985,3,0,10,0,0,0,0,-1,0,4.0000,-1,26,32,18,0,76,0,0,0,0
323.8206,3,0,10,0,0,0,0,-1,0,4.0000,-1,26,32,18,0,76,0,0,0,0
323.8419,3,0,10,0,0,0,0,-1,0,4.0000,-1,26,32,18,0,76,0,0,0,0
323.8611,3,0,10,0,0,0,0,-1,0,4.0000,-1,26,32,18,0,76,0,0,0,0
323.8824,3,0,10,0,0,0,0,-1,0,4.0000,-1,26,32,18,0,76,0,0,0,0
323.9028,3,0,10,1,0,0,0,-1,0,4.0000,-1,26,32,18,0,76,0,0,0,0
323.9436,3,0,10,1,0,0,0,-1,0,3.0000,-1,26,32,18,0,76,0,0,0,0
323.9586,3,0,10,1,0,0,0,-1,0,3.0000,-1,26,32,18,0,76,0,0,0,0
323.9738,3,0,10,1,0,0,0,-1,1,4.0000,-1,26,32,18,0,76,0,0,0,0
323.9904,3,0,10,1,0,0,0,-1,1,5.0000,-1,26,32,18,0,76,0,0,0,0
324.0116,3,0,10,1,0,0,0,-1,0,5.0000,-1,26,32,18,0,76,0,0,0,0
324.0322,3,0,10,1,0,0,0,-1,0,5.0000,-1,26,32,18,0,76,0,0,0,0
324.055,3,0,10,1,0,0,0,-1,0,5.0000,-1,26,32,18,0,76,0,0,0,0
324.0764,3,0,10,1,0,0,0,-1,0,5.0000,-1,26,32,18,0,76,0,0,0,0
324.0949,3,0,10,1,0,0,0,-1,0,5.0000,-1,26,32,18,0,76,0,0,0,0
324.1141,3,0,10,1,0,0,0,-1,0,5.0000,-1,26,32,18,0,76,0,0,0,0
324.1556,3,0,10,1,0,0,0,-1,0,4.0000,-1,26,32,18,0,76,0,0,0,0
324.1718,3,0,10,1,0,0,0,-1,0,4.0000,-1,26,32,18,0,76,0,0,0,0
324.186,3,0,10,1,0,0,0,-1,0,4.0000,-1,26,32,18,0,76,0,0,0,0
324.2003,3,0,10,1,0,0,0,-1,1,5.0000,-1,26,32,18,0,76,0,0,0,0
324.2233,3,0,10,1,0,0,0,-1,0,5.0000,-1,26,32,18,0,76,0,0,0,0
324.2435,3,0,10,1,0,0,0,-1,0,5.0000,-1,26,32,18,0,76,0,0,0,0
324.2657,3,0,10,1,0,0,0,-1,0,5.0000,-1,26,32,18,0,76,0,0,0,0
324.287,3,0,10,1,0,0,0,-1,0,4.0000,-1,26,32,18,0,76,0,0,0,0
324.3053,3,0,10,1,0,0,0,-1,0,4.0000,-1,26,32,18,0,76,0,0,0,0
324.328,3,0,10,1,0,0,0,-1,0,4.0000,-1,26,32,18,0,76,0,0,0,0
324.3481,3,0,10,1,0,0,0,-1,0,4.0000,-1,26,32,18,0,76,0,0,0,0
324.3682,3,0,10,1,0,0,0,-1,0,4.0000,-1,26,32,18,0,76,0,0,0,0
324.3888,3,0,10,1,0,0,0,-1,0,4.0000,-1,26,32,18,0,76,0,0,0,0
324.4108,3,0,10,1,0,0,1,247,0,4.0000,-1,26,32,18,0,76,0,0,0,0
324.4338,3,0,10,1,0,0,1,247,1,5.0000,-1,26,32,18,0,76,0,0,0,0
324.4542,3,0,10,1,0,0,1,247,0,5.0000,-1,26,32,18,0,76,0,0,0,0
324.4773,3,0,10,1,0,0,1,247,0,5.0000,-1,26,32,18,0,76,0,0,0,0
324.4965,3,0,10,1,0,0,1,247,0,5.0000,-1,26,32,18,0,76,0,0,0,0
324.5153,3,0,10,1,0,0,1,247,0,5.0000,-1,26,32,18,0,76,0,0,0,0
324.5388,3,0,10,1,0,0,1,247,0,5.0000,-1,26,32,18,0,76,0,0,0,0
324.5576,3,0,10,1,0,0,1,247,0,5.0000,-1,26,32,18,0,76,0,0,0,0
324.5801,3,0,10,1,0,0,1,247,0,5.0000,-1,26,32,18,0,76,0,0,0,0
324.5996,3,0,10,1,0,0,1,247,0,5.0000,-1,26,32,18,0,76,0,0,0,0
324.6221,3,0,10,1,0,0,1,247,0,5.0000,-1,26,32,18,0,76,0,0,0,0
324.6435,3,0,10,1,0,0,1,247,0,5.0000,-1,26,32,18,0,76,0,0,0,0
324.6659,3,0,10,1,0,0,1,247,0,5.0000,-1,26,32,18,0,76,0,0,0,0
324.6846,3,0,10,1,1,0,1,247,0,5.0000,-1,26,32,18,0,76,0,0,0,0
324.7058,3,0,10,1,1,0,1,247,1,6.0000,-1,26,32,18,0,76,0,0,0,0
324.7263,3,0,10,1,1,0,0,-1,0,6.0000,-1,26,32,18,0,76,0,0,0,0
324.7481,3,0,10,1,1,0,0,-1,0,5.0000,-1,26,32,18,0,76,0,0,0,0
324.7893,3,0,10,1,1,0,0,-1,0,5.0000,-1,26,32,18,0,76,0,0,0,0
324.8059,3,0,10,1,1,0,1,245,0,5.0000,247,26,32,19,0,77,0,0,0,0
324.8226,3,0,10,1,1,0,1,245,0,5.0000,-1,26,32,19,0,77,0,0,0,0
324.8393,3,0,10,1,1,0,1,245,0,5.0000,-1,26,32,19,0,77,0,0,0,0
324.8559,3,0,10,0,1,0,1,245,0,5.0000,-1,26,32,19,0,77,0,0,0,0
324.8792,3,0,10,0,1,0,1,245,0,5.0000,-1,26,32,19,0,77,0,0,0,0
324.9017,3,0,10,0,1,0,1,245,0,5.0000,-1,26,32,19,0,77,0,0,0,0
324.9244,3,0,10,0,1,0,1,245,0,5.0000,-1,26,32,19,0,77,0,0,0,0
324.945,3,0,10,0,1,0,1,245,0,5.0000,-1,26,32,19,0,77,0,0,0,0
324.9665,3,0,10,0,1,0,1,245,0,5.0000,-1,26,32,19,0,77,0,0,0,0
325.0059,3,0,10,0,1,0,1,245,0,3.0000,-1,26,32,19,0,77,0,0,0,0
325.0197,3,0,10,0,1,0,1,245,0,3.0000,-1,26,32,19,0,77,0,0,0,0
325.0324,3,0,10,0,1,0,1,245,0,3.0000,-1,26,32,19,0,77,0,0,0,0
325.0541,3,0,10,0,1,0,1,245,0,3.0000,-1,26,32,19,0,77,0,0,0,0
325.0761,3,0,10,0,1,0,1,245,0,3.0000,-1,26,32,19,0,77,0,0,0,0
325.0972,3,0,10,0,1,0,1,245,0,3.0000,-1,26,32,19,0,77,0,0,0,0
325.1163,3,0,10,0,1,0,1,245,0,3.0000,-1,26,32,19,0,77,0,0,0,0
325.1365,3,0,10,0,1,0,1,245,0,3.0000,-1,26,32,19,0,77,0,0,0,0
325.1596,3,0,10,0,1,0,1,245,0,3.0000,-1,26,32,19,0,77,0,0,0,0
325.1801,3,0,10,0,1,0,1,245,0,3.0000,-1,26,32,19,0,77,0,0,0,0
325.1989,3,0,10,0,1,0,1,245,0,3.0000,-1,26,32,19,0,77,0,0,0,0
325.2216,3,0,10,0,1,0,0,-1,0,2.0000,245,26,32,20,0,78,0,0,0,0
325.2412,3,0,10,0,1,0,0,-1,0,2.0000,-1,26,32,20,0,78,0,0,0,0
325.2624,3,0,10,0,1,0,0,-1,0,2.0000,-1,26,32,20,0,78,0,0,0,0
325.281,3,0,10,0,0,0,0,-1,0,2.0000,-1,26,32,20,0,78,0,0,0,0
325.3006,3,0,10,0,0,0,0,-1,0,2.0000,-1,26,32,20,0,78,0,0,0,0
325.3211,3,0,10,0,0,0,0,-1,0,2.0000,-1,26,32,20,0,78,0,0,0,0
325.3446,3,0,10,0,0,0,0,-1,0,2.0000,-1,26,32,20,0,78,0,0,0,0
325.3643,3,0,10,0,0,0,0,-1,0,2.0000,-1,26,32,20,0,78,0,0,0,0
325.3861,3,0,10,0,0,0,0,-1,0,2.0000,-1,26,32,20,0,78,0,0,0,0
325.4229,3,0,10,0,0,0,0,-1,0,2.0000,-1,26,32,20,0,78,0,0,0,0
325.4381,3,0,10,0,0,0,0,-1,0,1.0000,-1,26,32,20,0,78,0,0,0,0
325.452,3,0,10,0,0,0,0,-1,0,1.0000,-1,26,32,20,0,78,0,0,0,0
325.4689,3,0,10,0,0,0,0,-1,0,1.0000,-1,26,32,20,0,78,0,0,0,0
325.4894,3,0,10,0,0,0,0,-1,0,1.0000,-1,26,32,20,0,78,0,0,0,0
325.5095,3,0,10,0,0,0,0,-1,0,1.0000,-1,26,32,20,0,78,0,0,0,0
325.5335,3,0,10,0,0,0,0,-1,0,1.0000,-1,26,32,20,0,78,0,0,0,0
325.5519,3,0,10,0,0,0,0,-1,0,1.0000,-1,26,32,20,0,78,0,0,0,0
325.5715,3,0,10,0,0,0,0,-1,1,2.0000,-1,26,32,20,0,78,0,0,0,0
325.5912,3,0,10,0,0,0,0,-1,0,2.0000,-1,26,32,20,0,78,0,0,0,0
325.6106,3,0,10,0,0,0,0,-1,0,2.0000,-1,26,32,20,0,78,0,0,0,0
325.6319,3,0,10,0,0,0,0,-1,0,2.0000,-1,26,32,20,0,78,0,0,0,0
325.6524,3,0,10,0,0,0,0,-1,0,2.0000,-1,26,32,20,0,78,0,0,0,0
325.6726,3,0,10,0,0,0,0,-1,0,2.0000,-1,26,32,20,0,78,0,0,0,0
325.6918,3,0,10,0,0,0,1,249,0,2.0000,-1,26,32,20,0,78,0,0,0,0
325.7102,3,0,10,0,0,0,1,249,0,1.0000,-1,26,32,20,0,78,0,0,0,0
325.7337,3,0,10,0,0,0,1,249,0,1.0000,-1,26,32,20,0,78,0,0,0,0
325.7522,3,0,10,0,0,0,1,249,0,1.0000,-1,26,32,20,0,78,0,0,0,0
325.7723,3,0,10,0,0,0,1,249,0,1.0000,-1,26,32,20,0,78,0,0,0,0
325.7938,3,0,10,0,0,0,1,249,0,1.0000,-1,26,32,20,0,78,0,0,0,0
325.8316,3,0,10,0,0,0,1,249,0,1.0000,-1,26,32,20,0,78,0,0,0,0
325.8523,3,0,10,0,0,0,1,249,0,1.0000,-1,26,32,20,0,78,0,0,0,0
325.8715,3,0,10,0,0,0,1,249,0,1.0000,-1,26,32,20,0,78,0,0,0,0
325.8867,3,0,10,0,0,0,1,249,0,1.0000,-1,26,32,20,0,78,0,0,0,0
325.9031,3,0,10,0,0,0,1,249,0,1.0000,-1,26,32,20,0,78,0,0,0,0
325.9218,3,0,10,0,0,0,1,249,0,1.0000,-1,26,32,20,0,78,0,0,0,0
325.9438,3,0,10,0,0,0,1,249,0,1.0000,-1,26,32,20,0,78,0,0,0,0
325.9636,3,0,10,0,0,0,1,249,0,1.0000,-1,26,32,20,0,78,0,0,0,0
325.9835,3,0,10,0,0,0,1,249,0,1.0000,-1,26,32,20,0,78,0,0,0,0
326.0011,3,0,10,0,0,0,1,249,0,1.0000,-1,26,32,20,0,78,0,0,0,0
326.0213,3,0,10,0,0,0,1,249,1,2.0000,-1,26,32,20,0,78,0,0,0,0
326.0437,3,0,10,0,0,0,1,249,0,2.0000,-1,26,32,20,0,78,0,0,0,0
326.0638,3,0,10,0,0,0,1,249,0,2.0000,-1,26,32,20,0,78,0,0,0,0
326.084,3,0,10,0,0,0,1,249,0,2.0000,-1,26,32,20,0,78,0,0,0,0
326.102,3,0,10,0,0,0,1,249,0,2.0000,-1,26,32,20,0,78,0,0,0,0
326.1209,3,0,10,0,0,0,1,249,0,2.0000,-1,26,32,20,0,78,0,0,0,0
326.1427,3,0,10,0,0,0,1,249,0,2.0000,-1,26,32,20,0,78,0,0,0,0
326.1623,3,0,10,0,0,0,1,249,0,2.0000,-1,26,32,20,0,78,0,0,0,0
326.1799,3,0,10,0,0,0,1,249,0,2.0000,-1,26,32,20,0,78,0,0,0,0
326.201,3,0,10,0,0,0,1,249,0,2.0000,-1,26,32,20,0,78,0,0,0,0
326.2391,3,0,10,0,0,0,1,249,0,2.0000,-1,26,32,20,0,78,0,0,0,0
326.2537,3,0,10,0,0,0,1,249,0,2.0000,-1,26,32,20,0,78,0,0,0,0
326.2684,3,0,10,0,0,0,1,249,0,2.0000,-1,26,32,20,0,78,0,0,0,0
326.2866,3,0,10,0,0,0,1,249,0,2.0000,-1,26,32,20,0,78,0,0,0,0
326.3069,3,0,10,0,0,0,1,249,1,3.0000,-1,26,32,20,0,78,0,0,0,0
326.3258,3,0,10,0,0,0,1,249,0,3.0000,-1,26,32,20,0,78,0,0,0,0
326.3457,3,0,10,0,0,0,1,249,0,3.0000,-1,26,32,20,0,78,0,0,0,0
326.3659,3,0,10,0,0,0,0,-1,0,3.0000,249,26,32,21,0,79,0,0,0,0
326.3843,3,0,10,0,0,0,0,-1,0,3.0000,-1,26,32,21,0,79,0,0,0,0
326.405,3,0,10,0,0,0,0,-1,0,3.0000,-1,26,32,21,0,79,0,0,0,0
326.4431,3,0,10,0,0,0,0,-1,0,3.0000,-1,26,32,21,0,79,0,0,0,0
326.461,3,0,10,0,0,0,0,-1,0,3.0000,-1,26,32,21,0,79,0,0,0,0
326.4752,3,0,10,0,0,0,0,-1,0,3.0000,-1,26,32,21,0,79,0,0,0,0
326.4887,3,0,10,0,0,0,0,-1,0,3.0000,-1,26,32,21,0,79,0,0,0,0
326.5093,3,0,10,0,0,0,0,-1,0,3.0000,-1,26,32,21,0,79,0,0,0,0
326.53,3,0,10,0,0,0,0,-1,0,3.0000,-1,26,32,21,0,79,0,0,0,0
326.5487,3,0,10,0,0,0,0,-1,0,3.0000,-1,26,32,21,0,79,0,0,0,0
326.5683,3,0,10,0,0,0,0,-1,1,4.0000,-1,26,32,21,0,79,0,0,0,0
326.5873,3,0,10,0,0,0,0,-1,0,3.0000,-1,26,32,21,0,79,0,0,0,0
326.609,3,0,10,0,0,0,0,-1,0,3.0000,-1,26,32,21,0,79,0,0,0,0
326.6444,3,0,10,0,0,0,0,-1,0,3.0000,-1,26,32,21,0,79,0,0,0,0
326.6574,3,0,10,0,0,0,0,-1,0,3.0000,-1,26,32,21,0,79,0,0,0,0
326.67,3,0,10,0,0,0,0,-1,0,3.0000,-1,26,32,21,0,79,0,0,0,0
326.6874,3,0,10,0,0,0,0,-1,0,3.0000,-1,26,32,21,0,79,0,0,0,0
326.7079,3,0,10,0,0,0,0,-1,0,3.0000,-1,26,32,21,0,79,0,0,0,0
326.728,3,0,10,0,0,0,0,-1,0,3.0000,-1,26,32,21,0,79,0,0,0,0
326.7481,3,0,10,0,0,0,0,-1,0,3.0000,-1,26,32,21,0,79,0,0,0,0
326.766,3,0,10,0,0,0,0,-1,0,3.0000,-1,26,32,21,0,79,0,0,0,0
326.7869,3,0,10,0,0,0,0,-1,0,3.0000,-1,26,32,21,0,79,0,0,0,0
326.8075,3,0,10,0,0,0,0,-1,1,4.0000,-1,26,32,21,0,79,0,0,0,0
326.8258,3,0,10,0,0,0,0,-1,0,4.0000,-1,26,32,21,0,79,0,0,0,0
326.843,3,0,10,0,0,0,1,250,0,4.0000,-1,26,32,21,0,79,0,0,0,0
326.864,3,0,10,0,0,0,1,250,0,4.0000,-1,26,32,21,0,79,0,0,0,0
326.8857,3,0,10,0,0,0,1,250,0,4.0000,-1,26,32,21,0,79,0,0,0,0
326.9051,3,0,10,0,0,0,1,250,0,4.0000,-1,26,32,21,0,79,0,0,0,0
326.9232,3,0,10,0,0,0,1,250,0,4.0000,-1,26,32,21,0,79,0,0,0,0
326.9437,3,0,10,0,0,0,1,250,0,4.0000,-1,26,32,21,0,79,0,0,0,0
326.9653,2,1,11,0,0,0,0,-1,1,5.0000,250,26,33,21,0,80,0,0,0,0
326.9833,2,0,11,0,0,0,0,-1,0,5.0000,-1,26,33,21,0,80,0,0,0,0
327.0042,2,0,11,0,0,0,0,-1,0,5.0000,-1,26,33,21,0,80,0,0,0,0
327.024,2,0,11,0,0,0,0,-1,0,4.0000,-1,26,33,21,0,80,0,0,0,0
327.0445,2,0,11,0,0,0,0,-1,0,4.0000,-1,26,33,21,0,80,0,0,0,0
327.084,2,0,11,0,0,0,0,-1,0,4.0000,-1,26,33,21,0,80,0,0,0,0
327.0994,2,0,11,0,0,0,0,-1,0,4.0000,-1,26,33,21,0,80,0,0,0,0
327.113,2,0,11,0,0,0,0,-1,0,4.0000,-1,26,33,21,0,80,0,0,0,0
327.1323,2,0,11,0,0,0,0,-1,0,4.0000,-1,26,33,21,0,80,0,0,0,0
327.153,2,0,11,0,0,0,0,-1,0,4.0000,-1,26,33,21,0,80,0,0,0,0
327.1737,2,0,11,0,0,0,0,-1,0,4.0000,-1,26,33,21,0,80,0,0,0,0
327.192,2,0,11,0,0,0,0,-1,0,4.0000,-1,26,33,21,0,80,0,0,0,0
327.2124,2,0,11,0,0,0,0,-1,0,4.0000,-1,26,33,21,0,80,0,0,0,0
327.2336,2,0,11,0,0,0,0,-1,0,4.0000,-1,26,33,21,0,80,0,0,0,0
327.2534,2,0,11,0,0,0,0,-1,0,4.0000,-1,26,33,21,0,80,0,0,0,0
327.2735,2,0,11,0,0,0,0,-1,0,4.0000,-1,26,33,21,0,80,0,0,0,0
327.2936,2,0,11,0,0,0,0,-1,0,4.0000,-1,26,33,21,0,80,0,0,0,0
327.3123,2,0,11,0,0,0,0,-1,0,3.0000,-1,26,33,21,0,80,0,0,0,0
327.3324,2,0,11,0,0,0,0,-1,0,3.0000,-1,26,33,21,0,80,0,0,0,0
327.3547,2,0,11,0,0,0,1,251,0,3.0000,-1,26,33,21,0,80,0,0,0,0
327.3745,2,0,11,0,0,0,1,251,0,3.0000,-1,26,33,21,0,80,0,0,0,0
327.3954,2,0,11,0,0,0,1,251,1,4.0000,-1,26,33,21,0,80,0,0,0,0
327.4133,2,0,11,0,0,0,0,-1,0,4.0000,-1,26,33,21,0,80,0,0,0,0
327.4347,2,0,11,0,0,0,0,-1,0,4.0000,-1,26,33,21,0,80,0,0,0,0
327.4554,2,0,11,0,0,0,0,-1,0,4.0000,-1,26,33,21,0,80,0,0,0,0
327.477,2,0,11,0,0,0,0,-1,0,4.0000,-1,26,33,21,0,80,0,0,0,0
327.4973,2,0,11,0,0,0,0,-1,0,4.0000,-1,26,33,21,0,80,0,0,0,0
327.5186,2,0,11,0,0,0,0,-1,0,4.0000,-1,26,33,21,0,80,0,0,0,0
327.5352,2,0,11,0,0,0,0,-1,0,4.0000,-1,26,33,21,0,80,0,0,0,0
327.5555,2,0,11,0,0,0,0,-1,0,4.0000,-1,26,33,21,0,80,0,0,0,0
327.5778,2,0,11,0,0,0,0,-1,0,3.0000,-1,26,33,21,0,80,0,0,0,0
327.5967,2,0,11,0,0,0,0,-1,0,3.0000,-1,26,33,21,0,80,0,0,0,0
327.6172,2,0,11,0,0,0,0,-1,0,3.0000,-1,26,33,21,0,80,0,0,0,0
327.6345,2,0,11,0,0,0,0,-1,0,3.0000,-1,26,33,21,0,80,0,0,0,0
327.6542,2,0,11,0,0,0,0,-1,0,3.0000,-1,26,33,21,0,80,0,0,0,0
327.6771,2,0,11,0,0,0,0,-1,0,3.0000,-1,26,33,21,0,80,0,0,0,0
327.6963,2,0,11,0,0,0,0,-1,0,3.0000,-1,26,33,21,0,80,0,0,0,0
327.7161,2,0,11,0,0,0,0,-1,0,3.0000,-1,26,33,21,0,80,0,0,0,0
327.7335,2,0,11,0,0,0,0,-1,0,3.0000,-1,26,33,21,0,80,0,0,0,0
327.7564,2,0,11,0,0,0,0,-1,0,3.0000,-1,26,33,21,0,80,0,0,0,0
327.7759,2,0,11,0,0,0,0,-1,0,3.0000,-1,26,33,21,0,80,0,0,0,0
327.7946,2,0,11,0,0,0,0,-1,0,3.0000,-1,26,33,21,0,80,0,0,0,0
327.811,2,0,11,0,0,0,0,-1,0,2.0000,-1,26,33,21,0,80,0,0,0,0
327.8319,2,0,11,0,0,0,1,252,0,2.0000,-1,26,33,21,0,80,0,0,0,0
327.8532,2,0,11,0,0,0,1,252,0,2.0000,-1,26,33,21,0,80,0,0,0,0
327.8731,2,0,11,0,0,0,1,252,0,2.0000,-1,26,33,21,0,80,0,0,0,0
327.8892,2,0,11,0,0,0,1,252,0,2.0000,-1,26,33,21,0,80,0,0,0,0
327.9277,2,0,11,0,0,0,1,252,0,2.0000,-1,26,33,21,0,80,0,0,0,0
327.9409,2,0,11,0,0,0,1,252,0,2.0000,-1,26,33,21,0,80,0,0,0,0
327.9536,2,0,11,0,0,0,1,252,0,2.0000,-1,26,33,21,0,80,0,0,0,0
327.9733,2,0,11,0,0,0,1,252,0,1.0000,-1,26,33,21,0,80,0,0,0,0
327.9948,2,0,11,0,0,0,1,252,0,1.0000,-1,26,33,21,0,80,0,0,0,0
328.0129,2,0,11,0,0,0,1,252,0,1.0000,-1,26,33,21,0,80,0,0,0,0
328.0317,2,0,11,0,0,0,1,252,0,1.0000,-1,26,33,21,0,80,0,0,0,0
328.0535,2,0,11,0,0,0,1,252,0,1.0000,-1,26,33,21,0,80,0,0,0,0
328.0724,2,0,11,0,0,0,1,252,0,1.0000,-1,26,33,21,0,80,0,0,0,0
328.0898,2,0,11,0,0,0,1,252,0,1.0000,-1,26,33,21,0,80,0,0,0,0
328.1291,2,0,11,0,0,0,1,252,0,1.0000,-1,26,33,21,0,80,0,0,0,0
328.1421,2,0,11,0,0,0,1,252,0,1.0000,-1,26,33,21,0,80,0,0,0,0
328.1555,2,0,11,0,0,0,1,252,1,2.0000,-1,26,33,21,0,80,0,0,0,0
328.1753,2,0,11,0,0,0,1,252,0,2.0000,-1,26,33,21,0,80,0,0,0,0
328.1949,2,0,11,0,0,0,1,252,0,2.0000,-1,26,33,21,0,80,0,0,0,0
328.2147,2,0,11,0,0,0,1,252,0,2.0000,-1,26,33,21,0,80,0,0,0,0
328.2319,2,0,11,0,0,0,1,252,0,2.0000,-1,26,33,21,0,80,0,0,0,0
328.2543,2,0,11,0,0,0,1,252,1,3.0000,-1,26,33,21,0,80,0,0,0,0
328.2726,2,0,11,0,0,0,1,252,0,3.0000,-1,26,33,21,0,80,0,0,0,0
328.2908,2,0,11,0,0,0,0,-1,0,3.0000,-1,26,33,21,0,80,0,0,0,0
328.3094,2,0,11,0,0,0,0,-1,0,3.0000,-1,26,33,21,0,80,0,0,0,0
328.332,2,0,11,0,0,0,0,-1,0,3.0000,-1,26,33,21,0,80,0,0,0,0
328.3512,2,0,11,0,0,0,0,-1,0,3.0000,-1,26,33,21,0,80,0,0,0,0
328.3717,2,0,11,0,0,0,0,-1,0,3.0000,-1,26,33,21,0,80,0,0,0,0
328.3882,2,0,11,0,0,0,0,-1,0,3.0000,-1,26,33,21,0,80,0,0,0,0
328.411,2,0,11,0,0,0,0,-1,0,2.0000,-1,26,33,21,0,80,0,0,0,0
328.4293,2,0,11,0,0,0,0,-1,0,2.0000,-1,26,33,21,0,80,0,0,0,0
328.449,2,0,11,0,0,0,0,-1,0,2.0000,-1,26,33,21,0,80,0,0,0,0
328.4686,2,0,11,0,0,0,0,-1,0,2.0000,-1,26,33,21,0,80,0,0,0,0
328.4883,2,0,11,0,0,0,0,-1,0,2.0000,-1,26,33,21,0,80,0,0,0,0
328.5104,2,0,11,0,0,0,0,-1,0,2.0000,-1,26,33,21,0,80,0,0,0,0
328.5462,2,0,11,0,0,0,0,-1,0,2.0000,-1,26,33,21,0,80,0,0,0,0
328.5585,2,0,11,0,0,0,0,-1,0,2.0000,-1,26,33,21,0,80,0,0,0,0
328.573,2,0,11,0,0,0,0,-1,0,2.0000,-1,26,33,21,0,80,0,0,0,0
328.594,2,0,11,0,0,0,0,-1,0,2.0000,-1,26,33,21,0,80,0,0,0,0
328.6146,2,0,11,0,0,0,0,-1,0,2.0000,-1,26,33,21,0,80,0,0,0,0
328.6331,2,0,11,0,0,0,0,-1,0,2.0000,-1,26,33,21,0,80,0,0,0,0
328.6549,2,0,11,0,0,0,0,-1,0,2.0000,-1,26,33,21,0,80,0,0,0,0
328.674,2,0,11,0,0,0,0,-1,0,2.0000,-1,26,33,21,0,80,0,0,0,0
328.6925,2,0,11,0,0,0,0,-1,0,2.0000,-1,26,33,21,0,80,0,0,0,0
328.7107,2,0,11,0,0,0,0,-1,0,2.0000,-1,26,33,21,0,80,0,0,0,0
328.7308,2,0,11,0,0,0,0,-1,0,2.0000,-1,26,33,21,0,80,0,0,0,0
328.7526,2,0,11,0,0,0,0,-1,0,2.0000,-1,26,33,21,0,80,0,0,0,0
328.7716,2,0,11,0,0,0,0,-1,0,2.0000,-1,26,33,21,0,80,0,0,0,0
328.7906,2,0,11,0,0,0,0,-1,0,2.0000,-1,26,33,21,0,80,0,0,0,0
328.81,2,0,11,0,0,0,0,-1,0,2.0000,-1,26,33,21,0,80,0,0,0,0
328.8314,2,0,11,0,0,0,0,-1,0,2.0000,-1,26,33,21,0,80,0,0,0,0
328.8505,2,0,11,0,0,0,0,-1,0,2.0000,-1,26,33,21,0,80,0,0,0,0
328.8705,2,0,11,0,0,0,0,-1,0,2.0000,-1,26,33,21,0,80,0,0,0,0
328.8885,2,0,11,0,0,0,0,-1,0,2.0000,-1,26,33,21,0,80,0,0,0,0
328.9093,2,0,11,0,0,0,0,-1,0,2.0000,-1,26,33,21,0,80,0,0,0,0
328.9284,2,0,11,0,0,0,0,-1,0,2.0000,-1,26,33,21,0,80,0,0,0,0
328.9673,2,0,11,0,0,0,0,-1,0,2.0000,-1,26,33,21,0,80,0,0,0,0
328.9812,2,0,11,0,0,0,0,-1,0,2.0000,-1,26,33,21,0,80,0,0,0,0
328.9962,2,0,11,0,0,0,0,-1,0,2.0000,-1,26,33,21,0,80,0,0,0,0
329.0106,2,0,11,0,0,0,0,-1,0,2.0000,-1,26,33,21,0,80,0,0,0,0
329.0315,2,0,11,0,0,0,0,-1,0,2.0000,-1,26,33,21,0,80,0,0,0,0
329.0541,2,0,11,0,0,0,0,-1,0,2.0000,-1,26,33,21,0,80,0,0,0,0
329.0732,2,0,11,0,0,0,0,-1,0,2.0000,-1,26,33,21,0,80,0,0,0,0
329.0917,2,0,11,0,0,0,0,-1,0,2.0000,-1,26,33,21,0,80,0,0,0,0
329.111,2,0,11,0,0,0,0,-1,0,2.0000,-1,26,33,21,0,80,0,0,0,0
329.1317,2,0,11,0,0,0,0,-1,0,2.0000,-1,26,33,21,0,80,0,0,0,0
329.153,2,0,11,0,0,0,0,-1,0,2.0000,-1,26,33,21,0,80,0,0,0,0
329.1732,2,0,11,0,0,0,0,-1,0,1.0000,-1,26,33,21,0,80,0,0,0,0
329.1903,2,0,11,0,0,0,0,-1,0,1.0000,-1,26,33,21,0,80,0,0,0,0
329.2109,2,0,11,0,0,0,0,-1,0,1.0000,-1,26,33,21,0,80,0,0,0,0
329.2316,2,0,11,0,0,0,0,-1,0,1.0000,-1,26,33,21,0,80,0,0,0,0
329.2509,2,0,11,0,0,0,0,-1,0,1.0000,-1,26,33,21,0,80,0,0,0,0
329.2689,2,0,11,0,0,0,0,-1,0,0.0000,-1,26,33,21,0,80,0,0,0,0
329.2887,2,0,11,0,0,0,0,-1,0,0.0000,-1,26,33,21,0,80,0,0,0,0
329.3096,2,0,11,0,0,0,0,-1,0,0.0000,-1,26,33,21,0,80,0,0,0,0
329.3293,2,0,11,0,0,0,0,-1,0,0.0000,-1,26,33,21,0,80,0,0,0,0
329.3485,2,0,11,0,0,0,0,-1,0,0.0000,-1,26,33,21,0,80,0,0,0,0
329.3866,2,0,11,0,0,0,0,-1,0,0.0000,-1,26,33,21,0,80,0,0,0,0
329.4042,2,0,11,0,0,0,0,-1,0,0.0000,-1,26,33,21,0,80,0,0,0,0
329.4195,2,0,11,0,0,0,0,-1,0,0.0000,-1,26,33,21,0,80,0,0,0,0
329.4316,2,0,11,0,0,0,0,-1,0,0.0000,-1,26,33,21,0,80,0,0,0,0
329.4546,2,0,11,0,0,0,0,-1,0,0.0000,-1,26,33,21,0,80,0,0,0,0
329.4743,2,0,11,0,0,0,0,-1,0,0.0000,-1,26,33,21,0,80,0,0,0,0
329.494,2,0,11,0,0,0,0,-1,0,0.0000,-1,26,33,21,0,80,0,0,0,0
329.5121,2,0,11,0,0,0,0,-1,0,0.0000,-1,26,33,21,0,80,0,0,0,0
329.5324,2,0,11,0,0,0,0,-1,0,0.0000,-1,26,33,21,0,80,0,0,0,0
329.5544,2,0,11,0,0,0,0,-1,0,0.0000,-1,26,33,21,0,80,0,0,0,0
329.5737,2,0,11,0,0,0,0,-1,0,0.0000,-1,26,33,21,0,80,0,0,0,0
329.5924,2,0,11,0,0,0,0,-1,0,0.0000,-1,26,33,21,0,80,0,0,0,0
329.6114,2,0,11,0,0,0,0,-1,0,0.0000,-1,26,33,21,0,80,0,0,0,0
329.6322,2,0,11,0,0,0,0,-1,0,0.0000,-1,26,33,21,0,80,0,0,0,0
329.6524,2,0,11,0,0,0,0,-1,0,0.0000,-1,26,33,21,0,80,0,0,0,0
329.6721,2,0,11,0,0,0,0,-1,1,1.0000,-1,26,33,21,0,80,0,0,0,0
329.6904,2,0,11,0,0,0,0,-1,0,1.0000,-1,26,33,21,0,80,0,0,0,0
329.7102,2,0,11,0,0,0,0,-1,0,1.0000,-1,26,33,21,0,80,0,0,0,0
329.7316,2,0,11,0,0,0,0,-1,0,1.0000,-1,26,33,21,0,80,0,0,0,0
329.7507,2,0,11,0,0,0,0,-1,0,1.0000,-1,26,33,21,0,80,0,0,0,0
329.7709,2,0,11,0,0,0,0,-1,0,1.0000,-1,26,33,21,0,80,0,0,0,0
329.8099,2,0,11,0,0,0,1,259,0,1.0000,-1,26,33,21,0,80,0,0,0,0
329.8264,2,0,11,0,0,0,1,259,0,1.0000,-1,26,33,21,0,80,0,0,0,0
329.8414,2,0,11,0,0,0,1,259,0,1.0000,-1,26,33,21,0,80,0,0,0,0
329.8549,2,0,11,0,0,0,1,259,0,1.0000,-1,26,33,21,0,80,0,0,0,0
329.8748,2,0,11,0,0,0,1,259,1,2.0000,-1,26,33,21,0,80,0,0,0,0
329.896,2,0,11,0,0,0,1,259,0,2.0000,-1,26,33,21,0,80,0,0,0,0
329.9163,2,0,11,0,0,0,1,259,0,2.0000,-1,26,33,21,0,80,0,0,0,0
329.9335,2,0,11,0,0,0,1,259,0,2.0000,-1,26,33,21,0,80,0,0,0,0
329.9547,2,0,11,0,0,0,1,259,0,2.0000,-1,26,33,21,0,80,0,0,0,0
329.9766,2,0,11,0,0,0,1,259,0,2.0000,-1,26,33,21,0,80,0,0,0,0
329.9963,2,0,11,0,0,0,1,259,0,2.0000,-1,26,33,21,0,80,0,0,0,0
330.0169,2,0,11,0,0,0,1,259,0,2.0000,-1,26,33,21,0,80,0,0,0,0
330.0341,2,0,11,0,0,0,1,259,0,2.0000,-1,26,33,21,0,80,0,0,0,0
330.055,2,0,11,0,0,0,1,259,0,2.0000,-1,26,33,21,0,80,0,0,0,0
330.0754,2,0,11,0,0,0,1,259,0,2.0000,-1,26,33,21,0,80,0,0,0,0
330.0945,2,0,11,0,0,0,1,259,0,2.0000,-1,26,33,21,0,80,0,0,0,0
330.1153,2,0,11,0,0,0,0,-1,0,2.0000,259,26,34,21,0,81,0,0,0,0
330.1327,2,0,11,0,0,0,0,-1,0,2.0000,-1,26,34,21,0,81,0,0,0,0
330.1563,2,0,11,0,0,0,0,-1,0,2.0000,-1,26,34,21,0,81,0,0,0,0
330.1757,2,0,11,1,0,0,0,-1,0,2.0000,-1,26,34,21,0,81,0,0,0,0
330.1962,2,0,11,1,0,0,0,-1,0,2.0000,-1,26,34,21,0,81,0,0,0,0
330.2332,2,0,11,1,0,0,0,-1,1,3.0000,-1,26,34,21,0,81,0,0,0,0
330.252,2,0,11,1,0,0,0,-1,0,3.0000,-1,26,34,21,0,81,0,0,0,0
330.269,2,0,11,1,0,0,0,-1,0,3.0000,-1,26,34,21,0,81,0,0,0,0
330.2831,2,0,11,1,0,0,0,-1,0,3.0000,-1,26,34,21,0,81,0,0,0,0
330.2987,2,0,11,1,0,0,0,-1,0,3.0000,-1,26,34,21,0,81,0,0,0,0
330.321,2,0,11,1,0,0,0,-1,0,3.0000,-1,26,34,21,0,81,0,0,0,0
330.3406,2,0,11,1,0,0,0,-1,0,3.0000,-1,26,34,21,0,81,0,0,0,0
330.3595,2,0,11,1,0,0,0,-1,0,3.0000,-1,26,34,21,0,81,0,0,0,0
330.3773,2,0,11,1,0,0,0,-1,0,3.0000,-1,26,34,21,0,81,0,0,0,0
330.3991,2,0,11,1,0,0,0,-1,1,4.0000,-1,26,34,21,0,81,0,0,0,0
330.4179,2,0,11,1,0,0,0,-1,0,4.0000,-1,26,34,21,0,81,0,0,0,0
330.436,2,0,11,1,0,0,0,-1,0,4.0000,-1,26,34,21,0,81,0,0,0,0
330.4537,2,0,11,1,0,0,0,-1,0,4.0000,-1,26,34,21,0,81,0,0,0,0
330.4771,2,0,11,1,0,0,0,-1,0,4.0000,-1,26,34,21,0,81,0,0,0,0
330.4961,2,0,11,1,0,0,0,-1,0,4.0000,-1,26,34,21,0,81,0,0,0,0
330.5171,2,0,11,1,0,0,0,-1,0,4.0000,-1,26,34,21,0,81,0,0,0,0
330.5352,2,0,11,1,0,0,0,-1,0,4.0000,-1,26,34,21,0,81,0,0,0,0
330.5534,2,0,11,1,0,0,0,-1,0,4.0000,-1,26,34,21,0,81,0,0,0,0
330.5752,2,0,11,1,0,0,0,-1,0,4.0000,-1,26,34,21,0,81,0,0,0,0
330.5938,2,0,11,1,0,0,0,-1,0,4.0000,-1,26,34,21,0,81,0,0,0,0
330.6123,2,0,11,1,0,0,0,-1,0,4.0000,-1,26,34,21,0,81,0,0,0,0
330.6337,2,0,11,1,0,0,0,-1,0,4.0000,-1,26,34,21,0,81,0,0,0,0
330.6557,2,0,11,1,0,0,0,-1,0,4.0000,-1,26,34,21,0,81,0,0,0,0
330.6774,2,0,11,1,0,0,0,-1,0,3.0000,-1,26,34,21,0,81,0,0,0,0
330.6995,2,0,11,1,0,0,0,-1,0,3.0000,-1,26,34,21,0,81,0,0,0,0
330.7225,2,0,11,1,0,0,0,-1,0,3.0000,-1,26,34,21,0,81,0,0,0,0
330.745,2,0,11,0,0,0,0,-1,0,3.0000,-1,26,34,21,0,81,0,0,0,0
330.7656,2,0,11,0,0,0,0,-1,0,3.0000,-1,26,34,21,0,81,0,0,0,0
330.7877,2,0,11,0,0,0,0,-1,0,3.0000,-1,26,34,21,0,81,0,0,0,0
330.8105,2,0,11,0,0,0,0,-1,0,3.0000,-1,26,34,21,0,81,0,0,0,0
330.833,2,0,11,0,0,0,0,-1,0,3.0000,-1,26,34,21,0,81,0,0,0,0
330.871,2,0,11,0,0,0,0,-1,0,3.0000,-1,26,34,21,0,81,0,0,0,0
330.887,2,0,11,0,0,0,0,-1,0,2.0000,-1,26,34,21,0,81,0,0,0,0
330.901,2,0,11,0,0,0,0,-1,0,2.0000,-1,26,34,21,0,81,0,0,0,0
330.919,2,0,11,0,0,0,0,-1,0,2.0000,-1,26,34,21,0,81,0,0,0,0
330.9408,2,0,11,0,0,0,0,-1,0,2.0000,-1,26,34,21,0,81,0,0,0,0
330.9619,2,0,11,0,0,0,0,-1,0,2.0000,-1,26,34,21,0,81,0,0,0,0
330.9819,2,0,11,0,0,0,0,-1,0,2.0000,-1,26,34,21,0,81,0,0,0,0
331.0024,2,0,11,0,0,0,0,-1,0,2.0000,-1,26,34,21,0,81,0,0,0,0
331.0235,2,0,11,0,0,0,0,-1,0,2.0000,-1,26,34,21,0,81,0,0,0,0
331.0445,2,0,11,0,0,0,0,-1,0,2.0000,-1,26,34,21,0,81,0,0,0,0
331.0834,2,0,11,0,0,0,0,-1,1,3.0000,-1,26,34,21,0,81,0,0,0,0
331.0967,2,0,11,0,0,0,0,-1,0,3.0000,-1,26,34,21,0,81,0,0,0,0
331.1095,2,0,11,0,0,0,0,-1,0,3.0000,-1,26,34,21,0,81,0,0,0,0
331.1316,2,0,11,0,0,0,0,-1,0,3.0000,-1,26,34,21,0,81,0,0,0,0
331.1533,2,0,11,0,0,0,0,-1,0,3.0000,-1,26,34,21,0,81,0,0,0,0
331.1737,2,0,11,0,0,0,0,-1,0,3.0000,-1,26,34,21,0,81,0,0,0,0
331.193,2,0,11,0,0,0,0,-1,0,3.0000,-1,26,34,21,0,81,0,0,0,0
331.2131,2,0,11,0,0,0,0,-1,0,3.0000,-1,26,34,21,0,81,0,0,0,0
331.2328,2,0,11,0,0,0,0,-1,0,3.0000,-1,26,34,21,0,81,0,0,0,0
331.2538,2,0,11,0,0,0,0,-1,0,2.0000,-1,26,34,21,0,81,0,0,0,0
331.2747,2,0,11,0,0,0,0,-1,0,2.0000,-1,26,34,21,0,81,0,0,0,0
331.2928,2,0,11,0,0,0,0,-1,0,2.0000,-1,26,34,21,0,81,0,0,0,0
331.3139,2,0,11,0,0,0,0,-1,0,2.0000,-1,26,34,21,0,81,0,0,0,0
331.3337,2,0,11,0,0,0,0,-1,0,2.0000,-1,26,34,21,0,81,0,0,0,0
331.3534,2,0,11,0,1,0,0,-1,1,3.0000,-1,26,34,21,0,81,0,0,0,0
331.3743,2,0,11,0,1,0,0,-1,0,3.0000,-1,26,34,21,0,81,0,0,0,0
331.394,2,0,11,0,1,0,0,-1,0,3.0000,-1,26,34,21,0,81,0,0,0,0
331.4135,2,0,11,0,1,0,0,-1,0,2.0000,-1,26,34,21,0,81,0,0,0,0
331.4337,2,0,11,0,1,0,0,-1,0,2.0000,-1,26,34,21,0,81,0,0,0,0
331.4543,2,0,11,0,1,0,0,-1,0,2.0000,-1,26,34,21,0,81,0,0,0,0
331.4759,2,0,11,0,1,0,0,-1,0,2.0000,-1,26,34,21,0,81,0,0,0,0
331.4938,2,0,11,0,1,0,0,-1,0,2.0000,-1,26,34,21,0,81,0,0,0,0
331.5166,2,0,11,0,1,0,0,-1,0,2.0000,-1,26,34,21,0,81,0,0,0,0
331.5375,2,0,11,0,1,0,0,-1,0,2.0000,-1,26,34,21,0,81,0,0,0,0
331.5572,2,0,11,0,1,0,0,-1,0,2.0000,-1,26,34,21,0,81,0,0,0,0
331.5785,2,0,11,0,1,0,0,-1,1,3.0000,-1,26,34,21,0,81,0,0,0,0
331.5995,2,0,11,0,1,0,0,-1,0,3.0000,-1,26,34,21,0,81,0,0,0,0
331.6201,2,0,11,0,1,0,0,-1,0,3.0000,-1,26,34,21,0,81,0,0,0,0
331.6419,2,0,11,0,1,0,1,261,0,3.0000,-1,26,34,21,0,81,0,0,0,0
331.6605,2,0,11,0,1,0,1,261,0,3.0000,-1,26,34,21,0,81,0,0,0,0
331.6826,2,0,11,0,1,0,1,261,0,3.0000,-1,26,34,21,0,81,0,0,0,0
331.7027,2,0,11,0,1,0,1,261,0,3.0000,-1,26,34,21,0,81,0,0,0,0
331.7233,2,0,11,0,1,0,1,261,0,3.0000,-1,26,34,21,0,81,0,0,0,0
331.7449,2,0,11,0,1,0,1,261,0,3.0000,-1,26,34,21,0,81,0,0,0,0
331.7649,2,0,11,0,1,0,1,261,0,3.0000,-1,26,34,21,0,81,0,0,0,0
331.7862,2,0,11,0,1,0,1,261,0,3.0000,-1,26,34,21,0,81,0,0,0,0
331.8077,2,0,11,0,1,0,1,261,0,3.0000,-1,26,34,21,0,81,0,0,0,0
331.8272,2,0,11,0,1,0,1,261,0,3.0000,-1,26,34,21,0,81,0,0,0,0
331.8491,2,0,11,0,1,0,1,261,0,3.0000,-1,26,34,21,0,81,0,0,0,0
331.8704,2,0,11,0,1,0,1,261,0,3.0000,-1,26,34,21,0,81,0,0,0,0
331.891,2,0,11,0,1,0,1,261,0,3.0000,-1,26,34,21,0,81,0,0,0,0
331.9114,2,0,11,0,1,0,1,261,0,3.0000,-1,26,34,21,0,81,0,0,0,0
331.9324,2,0,11,0,1,0,1,261,0,3.0000,-1,26,34,21,0,81,0,0,0,0
331.9527,2,0,11,0,1,0,1,261,0,3.0000,-1,26,34,21,0,81,0,0,0,0
331.9735,2,0,11,0,1,0,1,261,0,3.0000,-1,26,34,21,0,81,0,0,0,0
331.9955,2,0,11,0,1,0,1,261,0,3.0000,-1,26,34,21,0,81,0,0,0,0
332.0154,2,0,11,0,1,0,1,261,0,3.0000,-1,26,34,21,0,81,0,0,0,0
332.0357,2,0,11,0,1,0,1,261,0,3.0000,-1,26,34,21,0,81,0,0,0,0
332.0575,2,0,11,0,1,0,1,261,0,3.0000,-1,26,34,21,0,81,0,0,0,0
332.0793,2,0,11,0,1,0,1,260,0,3.0000,261,26,35,21,0,82,0,0,0,0
332.1011,2,0,11,0,1,0,1,260,0,2.0000,-1,26,35,21,0,82,0,0,0,0
332.1203,2,0,11,0,1,0,1,260,0,2.0000,-1,26,35,21,0,82,0,0,0,0
332.1425,2,0,11,0,1,0,1,260,0,2.0000,-1,26,35,21,0,82,0,0,0,0
332.1622,2,0,11,0,1,0,1,260,0,2.0000,-1,26,35,21,0,82,0,0,0,0
332.1841,2,0,11,0,1,0,1,260,1,3.0000,-1,26,35,21,0,82,0,0,0,0
332.2071,2,0,11,0,1,0,1,260,0,3.0000,-1,26,35,21,0,82,0,0,0,0
332.2278,2,0,11,0,1,0,1,260,0,3.0000,-1,26,35,21,0,82,0,0,0,0
332.2526,2,0,11,0,1,0,1,260,0,3.0000,-1,26,35,21,0,82,0,0,0,0
332.2719,2,0,11,0,1,0,1,260,0,3.0000,-1,26,35,21,0,82,0,0,0,0
332.2916,2,0,11,0,1,0,1,260,0,3.0000,-1,26,35,21,0,82,0,0,0,0
332.3341,2,0,11,0,1,0,1,260,1,4.0000,-1,26,35,21,0,82,0,0,0,0
332.353,2,0,11,0,1,0,0,-1,0,4.0000,-1,26,35,21,0,82,0,0,0,0
332.3692,2,0,11,0,0,0,0,-1,0,3.0000,-1,26,35,21,0,82,0,0,0,0
332.3842,2,0,11,0,0,0,0,-1,0,3.0000,-1,26,35,21,0,82,0,0,0,0
332.4022,2,0,11,0,0,0,0,-1,0,3.0000,-1,26,35,21,0,82,0,0,0,0
332.4247,2,0,11,0,0,0,0,-1,0,3.0000,262,26,36,21,0,83,0,0,0,0
332.4484,2,0,11,0,0,0,0,-1,0,3.0000,-1,26,36,21,0,83,0,0,0,0
332.4676,2,0,11,0,0,0,0,-1,0,3.0000,-1,26,36,21,0,83,0,0,0,0
332.4892,2,0,11,0,0,0,0,-1,0,3.0000,-1,26,36,21,0,83,0,0,0,0
332.5103,2,0,11,0,0,0,0,-1,0,3.0000,-1,26,36,21,0,83,0,0,0,0
332.5523,2,0,11,0,0,0,0,-1,0,3.0000,-1,26,36,21,0,83,0,0,0,0
332.5659,2,0,11,0,0,0,0,-1,0,3.0000,-1,26,36,21,0,83,0,0,0,0
332.5797,2,0,11,0,0,0,0,-1,0,2.0000,-1,26,36,21,0,83,0,0,0,0
332.6013,2,0,11,0,0,0,0,-1,0,2.0000,-1,26,36,21,0,83,0,0,0,0
332.622,2,0,11,0,0,0,0,-1,0,2.0000,-1,26,36,21,0,83,0,0,0,0
332.644,2,0,11,0,0,0,0,-1,0,2.0000,-1,26,36,21,0,83,0,0,0,0
332.6645,2,0,11,0,0,0,0,-1,0,2.0000,-1,26,36,21,0,83,0,0,0,0
332.6838,2,0,11,0,0,0,0,-1,0,2.0000,-1,26,36,21,0,83,0,0,0,0
332.704,2,0,11,0,0,0,0,-1,0,2.0000,-1,26,36,21,0,83,0,0,0,0
332.7251,2,0,11,0,0,0,0,-1,0,2.0000,-1,26,36,21,0,83,0,0,0,0
332.7462,2,0,11,0,0,0,0,-1,0,2.0000,-1,26,36,21,0,83,0,0,0,0
332.7657,2,0,11,0,0,0,0,-1,0,2.0000,-1,26,36,21,0,83,0,0,0,0
332.7875,2,0,11,0,0,0,0,-1,0,2.0000,-1,26,36,21,0,83,0,0,0,0
332.8078,2,0,11,0,0,0,0,-1,0,2.0000,-1,26,36,21,0,83,0,0,0,0
332.8267,2,0,11,0,0,0,0,-1,0,2.0000,-1,26,36,21,0,83,0,0,0,0
332.8478,2,0,11,0,0,0,0,-1,0,2.0000,-1,26,36,21,0,83,0,0,0,0
332.868,2,0,11,0,0,0,0,-1,0,2.0000,-1,26,36,21,0,83,0,0,0,0
332.8881,2,0,11,0,0,0,0,-1,0,2.0000,-1,26,36,21,0,83,0,0,0,0
332.9098,2,0,11,0,0,0,0,-1,0,2.0000,-1,26,36,21,0,83,0,0,0,0
332.9305,2,0,11,0,0,0,0,-1,0,2.0000,-1,26,36,21,0,83,0,0,0,0
332.9501,2,0,11,0,0,0,0,-1,0,2.0000,-1,26,36,21,0,83,0,0,0,0
332.9708,2,0,11,0,0,0,0,-1,0,2.0000,-1,26,36,21,0,83,0,0,0,0
332.9896,2,0,11,0,0,0,0,-1,0,2.0000,-1,26,36,21,0,83,0,0,0,0
333.0108,2,0,11,0,0,0,0,-1,0,2.0000,-1,26,36,21,0,83,0,0,0,0
333.0326,2,0,11,0,0,0,0,-1,0,2.0000,-1,26,36,21,0,83,0,0,0,0
333.0535,2,0,11,0,0,0,0,-1,0,2.0000,-1,26,36,21,0,83,0,0,0,0
333.073,2,0,11,0,0,0,0,-1,0,2.0000,-1,26,36,21,0,83,0,0,0,0
333.0936,2,0,11,0,0,0,0,-1,0,2.0000,-1,26,36,21,0,83,0,0,0,0
333.1138,2,0,11,0,0,0,0,-1,0,2.0000,-1,26,36,21,0,83,0,0,0,0
333.1343,2,0,11,0,0,0,0,-1,0,2.0000,-1,26,36,21,0,83,0,0,0,0
333.1535,2,0,11,0,0,0,0,-1,0,2.0000,-1,26,36,21,0,83,0,0,0,0
333.1743,2,0,11,0,0,0,0,-1,0,2.0000,-1,26,36,21,0,83,0,0,0,0
333.1935,2,0,11,0,0,0,0,-1,0,1.0000,-1,26,36,21,0,83,0,0,0,0
333.2143,2,0,11,0,0,0,0,-1,0,1.0000,-1,26,36,21,0,83,0,0,0,0
333.2346,2,0,11,0,0,0,0,-1,0,1.0000,-1,26,36,21,0,83,0,0,0,0
333.2531,2,0,11,0,0,0,0,-1,0,1.0000,-1,26,36,21,0,83,0,0,0,0
333.2732,2,0,11,0,0,0,0,-1,0,1.0000,-1,26,36,21,0,83,0,0,0,0
333.2935,2,0,11,0,0,0,0,-1,0,1.0000,-1,26,36,21,0,83,0,0,0,0
333.3143,2,0,11,0,0,0,0,-1,0,1.0000,-1,26,36,21,0,83,0,0,0,0
333.3338,2,0,11,0,0,0,0,-1,0,1.0000,-1,26,36,21,0,83,0,0,0,0
333.3567,2,0,11,0,0,0,0,-1,0,0.0000,-1,26,36,21,0,83,0,0,0,0
333.3937,2,0,11,0,0,0,0,-1,0,0.0000,-1,26,36,21,0,83,0,0,0,0
333.4071,2,0,11,0,0,0,0,-1,0,0.0000,-1,26,36,21,0,83,0,0,0,0
333.4199,2,0,11,0,0,0,0,-1,0,0.0000,-1,26,36,21,0,83,0,0,0,0
333.4401,2,0,11,0,0,0,0,-1,0,0.0000,-1,26,36,21,0,83,0,0,0,0
333.4612,2,0,11,0,0,0,0,-1,0,0.0000,-1,26,36,21,0,83,0,0,0,0
333.4801,2,0,11,1,0,0,0,-1,0,0.0000,-1,26,36,21,0,83,0,0,0,0
333.502,2,0,11,1,0,0,0,-1,0,0.0000,-1,26,36,21,0,83,0,0,0,0
333.5226,2,0,11,1,0,0,0,-1,0,0.0000,-1,26,36,21,0,83,0,0,0,0
333.5432,2,0,11,1,0,0,1,264,0,0.0000,-1,26,36,21,0,83,0,0,0,0
333.5648,2,0,11,1,0,0,1,264,0,0.0000,-1,26,36,21,0,83,0,0,0,0
333.6026,2,0,11,1,0,0,1,264,0,0.0000,-1,26,36,21,0,83,0,0,0,0
333.6154,2,0,11,1,0,0,1,264,0,0.0000,-1,26,36,21,0,83,0,0,0,0
333.6277,2,0,11,1,0,0,1,264,0,0.0000,-1,26,36,21,0,83,0,0,0,0
333.6492,2,0,11,1,0,0,1,264,0,0.0000,-1,26,36,21,0,83,0,0,0,0
333.6699,2,0,11,1,0,0,1,264,0,0.0000,-1,26,36,21,0,83,0,0,0,0
333.6926,2,0,11,1,0,0,1,264,0,0.0000,-1,26,36,21,0,83,0,0,0,0
333.7115,2,0,11,0,0,0,1,264,0,0.0000,-1,26,36,21,0,83,0,0,0,0
333.7308,2,0,11,0,0,0,1,264,0,0.0000,-1,26,36,21,0,83,0,0,0,0
333.752,2,0,11,0,0,0,1,264,0,0.0000,-1,26,36,21,0,83,0,0,0,0
333.7744,2,0,11,0,0,0,1,264,0,0.0000,-1,26,36,21,0,83,0,0,0,0
333.8115,2,0,11,0,0,0,1,264,0,0.0000,-1,26,36,21,0,83,0,0,0,0
333.8235,2,0,11,0,0,0,1,264,0,0.0000,-1,26,36,21,0,83,0,0,0,0
333.8365,2,0,11,0,0,0,1,264,0,0.0000,-1,26,36,21,0,83,0,0,0,0
333.8592,2,0,11,0,0,0,1,264,0,0.0000,-1,26,36,21,0,83,0,0,0,0
333.8813,2,0,11,0,0,0,1,264,0,0.0000,-1,26,36,21,0,83,0,0,0,0
333.9045,2,0,11,0,0,0,1,264,0,0.0000,-1,26,36,21,0,83,0,0,0,0
333.9272,2,0,11,0,0,0,1,264,0,0.0000,-1,26,36,21,0,83,0,0,0,0
333.9504,2,0,11,0,0,0,1,264,0,0.0000,-1,26,36,21,0,83,0,0,0,0
333.9727,2,0,11,0,0,0,1,264,0,0.0000,-1,26,36,21,0,83,0,0,0,0
333.9937,2,0,11,0,0,0,1,264,0,0.0000,-1,26,36,21,0,83,0,0,0,0
334.018,2,0,11,0,0,0,1,264,0,0.0000,-1,26,36,21,0,83,0,0,0,0
334.0393,2,0,11,0,0,0,0,-1,1,1.0000,264,26,37,21,0,84,0,0,0,0
334.0598,2,0,11,0,0,0,0,-1,0,1.0000,-1,26,37,21,0,84,0,0,0,0
334.0814,2,0,11,0,0,0,0,-1,0,1.0000,-1,26,37,21,0,84,0,0,0,0
334.1025,2,0,11,0,0,0,0,-1,0,1.0000,-1,26,37,21,0,84,0,0,0,0
334.1229,2,0,11,0,0,0,0,-1,0,1.0000,-1,26,37,21,0,84,0,0,0,0
334.1443,2,0,11,0,1,0,0,-1,0,1.0000,-1,26,37,21,0,84,0,0,0,0
334.1655,2,0,11,0,1,0,1,265,0,1.0000,-1,26,37,21,0,84,0,0,0,0
334.1872,2,0,11,0,1,0,1,265,0,1.0000,-1,26,37,21,0,84,0,0,0,0
334.2097,2,0,11,0,1,0,1,265,0,1.0000,-1,26,37,21,0,84,0,0,0,0
334.2502,2,0,11,0,1,0,1,265,0,1.0000,-1,26,37,21,0,84,0,0,0,0
334.2626,2,0,11,0,1,0,1,265,0,1.0000,-1,26,37,21,0,84,0,0,0,0
334.276,2,0,11,0,1,0,1,265,1,2.0000,-1,26,37,21,0,84,0,0,0,0
334.2967,2,0,11,0,1,0,1,265,0,2.0000,-1,26,37,21,0,84,0,0,0,0
334.3169,2,0,11,0,1,0,1,265,0,2.0000,-1,26,37,21,0,84,0,0,0,0
334.3365,2,0,11,0,1,0,1,265,0,2.0000,-1,26,37,21,0,84,0,0,0,0
334.3575,2,0,11,0,1,0,0,-1,0,2.0000,265,26,38,21,0,85,0,0,0,0
334.3758,2,0,11,0,1,0,0,-1,0,2.0000,-1,26,38,21,0,85,0,0,0,0
334.3987,2,0,11,0,1,0,0,-1,0,2.0000,-1,26,38,21,0,85,0,0,0,0
334.4189,2,0,11,0,1,0,0,-1,0,2.0000,-1,26,38,21,0,85,0,0,0,0
334.4372,2,0,11,0,1,0,0,-1,0,2.0000,-1,26,38,21,0,85,0,0,0,0
334.459,2,0,11,0,1,0,0,-1,0,2.0000,-1,26,38,21,0,85,0,0,0,0
334.4759,2,0,11,0,1,0,0,-1,0,2.0000,-1,26,38,21,0,85,0,0,0,0
334.4992,2,0,11,0,1,0,0,-1,0,2.0000,-1,26,38,21,0,85,0,0,0,0
334.5189,2,0,11,0,1,0,0,-1,0,2.0000,-1,26,38,21,0,85,0,0,0,0
334.5401,2,0,11,0,1,0,0,-1,0,2.0000,-1,26,38,21,0,85,0,0,0,0
334.5598,2,0,11,0,1,0,0,-1,0,2.0000,-1,26,38,21,0,85,0,0,0,0
334.5797,2,0,11,0,1,0,0,-1,0,2.0000,-1,26,38,21,0,85,0,0,0,0
334.5976,2,0,11,0,1,0,0,-1,0,2.0000,-1,26,38,21,0,85,0,0,0,0
334.6194,2,0,11,0,1,0,0,-1,0,2.0000,-1,26,38,21,0,85,0,0,0,0
334.6388,2,0,11,0,1,0,0,-1,0,2.0000,-1,26,38,21,0,85,0,0,0,0
334.6579,2,0,11,0,1,0,0,-1,0,2.0000,-1,26,38,21,0,85,0,0,0,0
334.676,2,0,11,0,1,0,0,-1,0,2.0000,-1,26,38,21,0,85,0,0,0,0
334.6981,1,1,12,0,0,0,0,-1,0,2.0000,-1,26,38,21,0,85,0,0,0,0
334.7182,1,0,12,0,0,0,0,-1,0,2.0000,-1,26,38,21,0,85,0,0,0,0
334.7374,1,0,12,0,0,0,0,-1,0,2.0000,-1,26,38,21,0,85,0,0,0,0
334.7556,1,0,12,0,0,0,1,266,0,2.0000,-1,26,38,21,0,85,0,0,0,0
334.7751,1,0,12,0,0,0,1,266,0,2.0000,-1,26,38,21,0,85,0,0,0,0
334.7971,1,0,12,0,0,0,1,266,0,2.0000,-1,26,38,21,0,85,0,0,0,0
334.8145,1,0,12,0,0,0,0,-1,0,2.0000,-1,26,38,21,0,85,0,0,0,0
334.8345,1,0,12,0,0,0,0,-1,0,2.0000,-1,26,38,21,0,85,0,0,0,0
334.8726,1,0,12,0,0,0,0,-1,0,2.0000,-1,26,38,21,0,85,0,0,0,0
334.8843,1,0,12,0,0,0,0,-1,0,2.0000,-1,26,38,21,0,85,0,0,0,0
334.8984,1,0,12,0,0,0,0,-1,0,2.0000,-1,26,38,21,0,85,0,0,0,0
334.92,1,0,12,0,0,0,0,-1,0,2.0000,-1,26,38,21,0,85,0,0,0,0
334.9385,1,0,12,0,0,0,0,-1,0,2.0000,-1,26,38,21,0,85,0,0,0,0
334.9579,1,0,12,0,0,0,0,-1,0,2.0000,-1,26,38,21,0,85,0,0,0,0
334.9761,1,0,12,0,0,0,0,-1,0,2.0000,-1,26,38,21,0,85,0,0,0,0
334.9958,1,0,12,0,0,0,0,-1,0,2.0000,-1,26,38,21,0,85,0,0,0,0
335.015,1,0,12,0,0,0,0,-1,0,2.0000,-1,26,38,21,0,85,0,0,0,0
335.0372,1,0,12,0,0,0,0,-1,0,2.0000,-1,26,38,21,0,85,0,0,0,0
335.0538,1,0,12,0,0,0,0,-1,0,1.0000,-1,26,38,21,0,85,0,0,0,0
335.075,1,0,12,0,0,0,0,-1,0,1.0000,-1,26,38,21,0,85,0,0,0,0
335.0927,1,0,12,0,0,0,0,-1,0,1.0000,-1,26,38,21,0,85,0,0,0,0
335.1122,1,0,12,0,0,0,0,-1,0,1.0000,-1,26,38,21,0,85,0,0,0,0
335.1303,1,0,12,0,0,0,0,-1,0,1.0000,-1,26,38,21,0,85,0,0,0,0
335.1509,1,0,12,0,0,0,0,-1,0,1.0000,-1,26,38,21,0,85,0,0,0,0
335.1697,1,0,12,0,0,0,0,-1,0,1.0000,-1,26,38,21,0,85,0,0,0,0
335.188,1,0,12,0,0,0,0,-1,0,1.0000,-1,26,38,21,0,85,0,0,0,0
335.2091,1,0,12,0,0,0,0,-1,0,1.0000,-1,26,38,21,0,85,0,0,0,0
335.2291,1,0,12,0,0,0,0,-1,0,1.0000,-1,26,38,21,0,85,0,0,0,0
335.2477,1,0,12,0,0,0,0,-1,0,1.0000,-1,26,38,21,0,85,0,0,0,0
335.2845,1,0,12,0,0,0,0,-1,0,0.0000,-1,26,38,21,0,85,0,0,0,0
335.2966,1,0,12,0,0,0,0,-1,0,0.0000,-1,26,38,21,0,85,0,0,0,0
335.3091,1,0,12,0,0,0,0,-1,0,0.0000,-1,26,38,21,0,85,0,0,0,0
335.3297,1,0,12,0,0,0,0,-1,0,0.0000,-1,26,38,21,0,85,0,0,0,0
335.3476,1,0,12,0,0,0,0,-1,0,0.0000,-1,26,38,21,0,85,0,0,0,0
335.3672,1,0,12,0,0,0,0,-1,0,0.0000,-1,26,38,21,0,85,0,0,0,0
335.3855,1,0,12,0,0,0,0,-1,0,0.0000,-1,26,38,21,0,85,0,0,0,0
335.4066,1,0,12,0,0,0,0,-1,0,0.0000,-1,26,38,21,0,85,0,0,0,0
335.4267,1,0,12,0,0,0,0,-1,0,0.0000,-1,26,38,21,0,85,0,0,0,0
335.4442,1,0,12,0,0,0,0,-1,0,0.0000,-1,26,38,21,0,85,0,0,0,0
335.463,1,0,12,0,0,0,0,-1,0,0.0000,-1,26,38,21,0,85,0,0,0,0
335.4844,1,0,12,0,0,0,0,-1,0,0.0000,-1,26,38,21,0,85,0,0,0,0
335.5033,1,0,12,0,0,0,0,-1,0,0.0000,-1,26,38,21,0,85,0,0,0,0
335.5207,1,0,12,0,0,0,0,-1,0,0.0000,-1,26,38,21,0,85,0,0,0,0
335.543,1,0,12,0,0,0,0,-1,0,0.0000,-1,26,38,21,0,85,0,0,0,0
335.5619,1,0,12,0,0,0,0,-1,0,0.0000,-1,26,38,21,0,85,0,0,0,0
335.5807,1,0,12,0,0,0,0,-1,0,0.0000,-1,26,38,21,0,85,0,0,0,0
335.5986,1,0,12,0,0,0,0,-1,0,0.0000,-1,26,38,21,0,85,0,0,0,0
335.6208,1,0,12,0,0,0,0,-1,0,0.0000,-1,26,38,21,0,85,0,0,0,0
335.6399,1,0,12,0,0,0,0,-1,0,0.0000,-1,26,38,21,0,85,0,0,0,0
335.6584,1,0,12,0,0,0,0,-1,0,0.0000,-1,26,38,21,0,85,0,0,0,0
335.6766,1,0,12,0,0,0,0,-1,0,0.0000,-1,26,38,21,0,85,0,0,0,0
335.7145,1,0,12,0,0,0,0,-1,0,0.0000,-1,26,38,21,0,85,0,0,0,0
335.7276,1,0,12,0,0,0,0,-1,0,0.0000,-1,26,38,21,0,85,0,0,0,0
335.7417,1,0,12,0,0,0,0,-1,0,0.0000,-1,26,38,21,0,85,0,0,0,0
335.7595,1,0,12,0,0,0,0,-1,0,0.0000,-1,26,38,21,0,85,0,0,0,0
335.7806,1,0,12,0,0,0,0,-1,0,0.0000,-1,26,38,21,0,85,0,0,0,0
335.7986,1,0,12,0,0,0,0,-1,0,0.0000,-1,26,38,21,0,85,0,0,0,0
335.8195,1,0,12,0,0,0,0,-1,0,0.0000,-1,26,38,21,0,85,0,0,0,0
335.8393,1,0,12,0,0,0,0,-1,0,0.0000,-1,26,38,21,0,85,0,0,0,0
335.8588,1,0,12,0,0,0,0,-1,1,1.0000,-1,26,38,21,0,85,0,0,0,0
335.8773,1,0,12,0,0,0,0,-1,0,1.0000,-1,26,38,21,0,85,0,0,0,0
335.9167,1,0,12,0,0,0,0,-1,0,1.0000,-1,26,38,21,0,85,0,0,0,0
335.9296,1,0,12,0,0,0,1,271,0,1.0000,-1,26,38,21,0,85,0,0,0,0
335.943,1,0,12,0,0,0,1,271,0,1.0000,-1,26,38,21,0,85,0,0,0,0
335.9648,1,0,12,0,0,0,1,271,0,1.0000,-1,26,38,21,0,85,0,0,0,0
335.9843,1,0,12,0,0,0,1,271,0,1.0000,-1,26,38,21,0,85,0,0,0,0
336.0049,1,0,12,0,0,0,1,271,0,1.0000,-1,26,38,21,0,85,0,0,0,0
336.0228,1,0,12,0,0,0,1,271,0,1.0000,-1,26,38,21,0,85,0,0,0,0
336.0438,1,0,12,0,0,0,1,271,0,1.0000,-1,26,38,21,0,85,0,0,0,0
336.0662,1,0,12,0,0,0,1,271,0,1.0000,-1,26,38,21,0,85,0,0,0,0
336.0864,1,0,12,0,0,0,1,271,0,1.0000,-1,26,38,21,0,85,0,0,0,0
336.1064,1,0,12,0,0,0,1,271,0,1.0000,-1,26,38,21,0,85,0,0,0,0
336.1237,1,0,12,0,0,0,1,271,0,1.0000,-1,26,38,21,0,85,0,0,0,0
336.1453,1,0,12,0,0,0,1,271,0,1.0000,-1,26,38,21,0,85,0,0,0,0
336.1675,1,0,12,0,0,0,1,271,0,1.0000,-1,26,38,21,0,85,0,0,0,0
336.1854,1,0,12,0,0,0,1,271,0,1.0000,-1,26,38,21,0,85,0,0,0,0
336.2045,1,0,12,0,0,0,1,271,0,1.0000,-1,26,38,21,0,85,0,0,0,0
336.224,1,0,12,0,0,0,0,-1,0,1.0000,-1,26,38,21,0,85,0,0,0,0
336.2446,1,0,12,0,0,0,0,-1,0,1.0000,-1,26,38,21,0,85,0,0,0,0
336.267,1,0,12,0,0,0,0,-1,0,1.0000,-1,26,38,21,0,85,0,0,0,0
336.2869,1,0,12,0,0,0,0,-1,0,1.0000,-1,26,38,21,0,85,0,0,0,0
336.3048,1,0,12,0,0,0,0,-1,0,1.0000,-1,26,38,21,0,85,0,0,0,0
336.3263,1,0,12,0,0,0,0,-1,0,1.0000,-1,26,38,21,0,85,0,0,0,0
336.3454,1,0,12,0,0,0,0,-1,0,1.0000,-1,26,38,21,0,85,0,0,0,0
336.3661,1,0,12,0,0,0,0,-1,0,1.0000,-1,26,38,21,0,85,0,0,0,0
336.3889,1,0,12,0,0,0,0,-1,0,1.0000,-1,26,38,21,0,85,0,0,0,0
336.4061,1,0,12,0,0,0,0,-1,0,1.0000,-1,26,38,21,0,85,0,0,0,0
336.4258,1,0,12,0,0,0,0,-1,0,1.0000,-1,26,38,21,0,85,0,0,0,0
336.4475,1,0,12,0,0,0,0,-1,0,1.0000,-1,26,38,21,0,85,0,0,0,0
336.4679,1,0,12,0,0,0,0,-1,0,1.0000,-1,26,38,21,0,85,0,0,0,0
336.4914,1,0,12,0,0,0,0,-1,0,1.0000,-1,26,38,21,0,85,0,0,0,0
336.5106,1,0,12,0,0,0,0,-1,0,1.0000,-1,26,38,21,0,85,0,0,0,0
336.5296,1,0,12,0,0,0,0,-1,0,1.0000,-1,26,38,21,0,85,0,0,0,0
336.55,1,0,12,0,0,0,0,-1,0,1.0000,-1,26,38,21,0,85,0,0,0,0
336.5705,1,0,12,0,0,0,0,-1,0,1.0000,-1,26,38,21,0,85,0,0,0,0
336.59,1,0,12,0,0,0,0,-1,1,2.0000,-1,26,38,21,0,85,0,0,0,0
336.612,1,0,12,0,0,0,0,-1,0,2.0000,-1,26,38,21,0,85,0,0,0,0
336.6336,1,0,12,0,0,0,0,-1,0,2.0000,-1,26,38,21,0,85,0,0,0,0
336.6539,1,0,12,0,0,0,0,-1,0,2.0000,-1,26,38,21,0,85,0,0,0,0
336.6728,1,0,12,0,0,0,0,-1,0,2.0000,-1,26,38,21,0,85,0,0,0,0
336.6929,1,0,12,0,0,0,0,-1,0,2.0000,-1,26,38,21,0,85,0,0,0,0
336.7321,1,0,12,0,0,0,0,-1,0,2.0000,-1,26,38,21,0,85,0,0,0,0
336.7501,1,0,12,0,0,0,0,-1,0,2.0000,-1,26,38,21,0,85,0,0,0,0
336.7665,1,0,12,0,0,0,0,-1,0,2.0000,-1,26,38,21,0,85,0,0,0,0
336.7831,1,0,12,0,0,0,0,-1,0,2.0000,-1,26,38,21,0,85,0,0,0,0
336.7988,1,0,12,0,0,0,0,-1,0,2.0000,-1,26,38,21,0,85,0,0,0,0
336.8202,1,0,12,0,0,0,0,-1,0,2.0000,-1,26,38,21,0,85,0,0,0,0
336.8408,1,0,12,0,0,0,0,-1,0,2.0000,-1,26,38,21,0,85,0,0,0,0
336.8592,1,0,12,0,0,0,0,-1,0,1.0000,-1,26,38,21,0,85,0,0,0,0
336.8801,1,0,12,0,0,0,0,-1,0,1.0000,-1,26,38,21,0,85,0,0,0,0
336.9011,1,0,12,0,0,0,0,-1,0,1.0000,-1,26,38,21,0,85,0,0,0,0
336.923,1,0,12,0,0,0,0,-1,0,1.0000,-1,26,38,21,0,85,0,0,0,0
336.9429,1,0,12,0,0,0,0,-1,0,1.0000,-1,26,38,21,0,85,0,0,0,0
336.9603,1,0,12,0,0,0,0,-1,0,1.0000,-1,26,38,21,0,85,0,0,0,0
336.9823,1,0,12,0,0,0,0,-1,0,1.0000,-1,26,38,21,0,85,0,0,0,0
337.0005,1,0,12,0,0,0,0,-1,0,1.0000,-1,26,38,21,0,85,0,0,0,0
337.0212,1,0,12,0,0,0,0,-1,0,1.0000,-1,26,38,21,0,85,0,0,0,0
337.0426,1,0,12,0,0,0,0,-1,0,1.0000,-1,26,38,21,0,85,0,0,0,0
337.0611,1,0,12,0,0,0,0,-1,0,1.0000,-1,26,38,21,0,85,0,0,0,0
337.082,1,0,12,0,0,0,0,-1,0,1.0000,-1,26,38,21,0,85,0,0,0,0
337.102,1,0,12,0,0,0,0,-1,0,1.0000,-1,26,38,21,0,85,0,0,0,0
337.122,1,0,12,0,0,0,0,-1,0,1.0000,-1,26,38,21,0,85,0,0,0,0
337.1451,1,0,12,0,0,0,0,-1,0,1.0000,-1,26,38,21,0,85,0,0,0,0
337.1649,1,0,12,0,0,0,0,-1,0,1.0000,-1,26,38,21,0,85,0,0,0,0
337.1823,1,0,12,0,0,0,0,-1,0,1.0000,-1,26,38,21,0,85,0,0,0,0
337.2065,1,0,12,0,0,0,0,-1,0,1.0000,-1,26,38,21,0,85,0,0,0,0
337.2245,1,0,12,0,0,0,0,-1,0,1.0000,-1,26,38,21,0,85,0,0,0,0
337.2448,1,0,12,0,0,0,0,-1,1,2.0000,-1,26,38,21,0,85,0,0,0,0
337.2683,1,0,12,0,0,0,0,-1,0,2.0000,-1,26,38,21,0,85,0,0,0,0
337.2886,1,0,12,0,0,0,0,-1,0,2.0000,-1,26,38,21,0,85,0,0,0,0
337.3079,1,0,12,0,0,0,0,-1,0,2.0000,-1,26,38,21,0,85,0,0,0,0
337.3449,1,0,12,0,0,0,0,-1,0,2.0000,-1,26,38,21,0,85,0,0,0,0
337.3578,1,0,12,0,0,0,0,-1,0,2.0000,-1,26,38,21,0,85,0,0,0,0
337.3704,1,0,12,0,0,0,0,-1,0,2.0000,-1,26,38,21,0,85,0,0,0,0
337.3913,1,0,12,0,0,0,0,-1,0,2.0000,-1,26,38,21,0,85,0,0,0,0
337.4121,1,0,12,0,0,0,0,-1,0,2.0000,-1,26,38,21,0,85,0,0,0,0
337.4332,1,0,12,0,0,0,0,-1,0,2.0000,-1,26,38,21,0,85,0,0,0,0
337.4559,1,0,12,0,0,0,0,-1,0,2.0000,-1,26,38,21,0,85,0,0,0,0
337.4731,1,0,12,0,0,0,0,-1,0,2.0000,-1,26,38,21,0,85,0,0,0,0
337.494,1,0,12,0,0,0,0,-1,0,2.0000,-1,26,38,21,0,85,0,0,0,0
337.5136,1,0,12,0,0,0,0,-1,0,2.0000,-1,26,38,21,0,85,0,0,0,0
337.5332,1,0,12,0,0,0,0,-1,0,2.0000,-1,26,38,21,0,85,0,0,0,0
337.556,1,0,12,0,0,0,0,-1,0,2.0000,-1,26,38,21,0,85,0,0,0,0
337.5763,1,0,12,0,0,0,0,-1,0,2.0000,-1,26,38,21,0,85,0,0,0,0
337.5932,1,0,12,0,0,0,0,-1,0,1.0000,-1,26,38,21,0,85,0,0,0,0
337.6149,1,0,12,0,0,0,0,-1,0,1.0000,-1,26,38,21,0,85,0,0,0,0
337.6339,1,0,12,0,0,0,0,-1,0,1.0000,-1,26,38,21,0,85,0,0,0,0
337.6538,1,0,12,0,0,0,0,-1,0,1.0000,-1,26,38,21,0,85,0,0,0,0
337.6774,1,0,12,0,0,0,0,-1,0,1.0000,-1,26,38,21,0,85,0,0,0,0
337.6931,1,0,12,0,0,0,0,-1,0,1.0000,-1,26,38,21,0,85,0,0,0,0
337.7134,1,0,12,0,0,0,0,-1,0,1.0000,-1,26,38,21,0,85,0,0,0,0
337.7343,1,0,12,0,0,0,0,-1,0,1.0000,-1,26,38,21,0,85,0,0,0,0
337.7543,1,0,12,0,0,0,0,-1,0,1.0000,-1,26,38,21,0,85,0,0,0,0
337.7759,1,0,12,0,0,0,0,-1,0,1.0000,-1,26,38,21,0,85,0,0,0,0
337.7933,1,0,12,0,0,0,0,-1,1,2.0000,-1,26,38,21,0,85,0,0,0,0
337.8123,1,0,12,0,0,0,0,-1,0,2.0000,-1,26,38,21,0,85,0,0,0,0
337.8334,1,0,12,0,0,0,0,-1,0,2.0000,-1,26,38,21,0,85,0,0,0,0
337.8532,1,0,12,0,0,0,0,-1,0,2.0000,-1,26,38,21,0,85,0,0,0,0
337.8734,1,0,12,0,0,0,0,-1,0,2.0000,-1,26,38,21,0,85,0,0,0,0
337.8932,1,0,12,0,0,0,0,-1,0,2.0000,-1,26,38,21,0,85,0,0,0,0
337.9115,1,0,12,0,0,0,0,-1,0,2.0000,-1,26,38,21,0,85,0,0,0,0
337.9317,1,0,12,0,0,0,0,-1,0,2.0000,-1,26,38,21,0,85,0,0,0,0
337.9539,1,0,12,0,0,0,0,-1,0,2.0000,-1,26,38,21,0,85,0,0,0,0
337.9721,1,0,12,0,0,0,0,-1,0,2.0000,-1,26,38,21,0,85,0,0,0,0
337.9905,1,0,12,0,0,0,0,-1,0,2.0000,-1,26,38,21,0,85,0,0,0,0
338.0099,1,0,12,0,0,0,0,-1,0,2.0000,-1,26,38,21,0,85,0,0,0,0
338.0321,1,0,12,0,0,0,0,-1,0,2.0000,-1,26,38,21,0,85,0,0,0,0
338.0526,1,0,12,0,0,0,0,-1,0,2.0000,-1,26,38,21,0,85,0,0,0,0
338.0731,1,0,12,0,0,0,0,-1,0,2.0000,-1,26,38,21,0,85,0,0,0,0
338.0898,1,0,12,0,0,0,0,-1,0,2.0000,-1,26,38,21,0,85,0,0,0,0
338.1106,1,0,12,0,0,0,0,-1,0,2.0000,-1,26,38,21,0,85,0,0,0,0
338.1321,1,0,12,0,0,0,0,-1,0,2.0000,-1,26,38,21,0,85,0,0,0,0
338.153,1,0,12,0,0,0,1,274,0,2.0000,-1,26,38,21,0,85,0,0,0,0
338.1712,1,0,12,0,0,0,1,274,0,2.0000,-1,26,38,21,0,85,0,0,0,0
338.2096,1,0,12,0,0,0,1,274,0,2.0000,-1,26,38,21,0,85,0,0,0,0
338.2233,1,0,12,0,0,0,1,274,0,2.0000,-1,26,38,21,0,85,0,0,0,0
338.2382,1,0,12,0,0,0,1,274,0,2.0000,-1,26,38,21,0,85,0,0,0,0
338.2533,1,0,12,0,0,0,1,274,0,1.0000,-1,26,38,21,0,85,0,0,0,0
338.278,1,0,12,0,0,0,1,274,0,1.0000,-1,26,38,21,0,85,0,0,0,0
338.2946,1,0,12,0,0,0,1,274,0,1.0000,-1,26,38,21,0,85,0,0,0,0
338.3161,1,0,12,0,0,0,1,274,0,1.0000,-1,26,38,21,0,85,0,0,0,0
338.335,1,0,12,0,0,0,1,274,0,1.0000,-1,26,38,21,0,85,0,0,0,0
338.3549,1,0,12,0,0,0,1,274,0,1.0000,-1,26,38,21,0,85,0,0,0,0
338.3763,1,0,12,0,0,0,1,274,0,1.0000,-1,26,38,21,0,85,0,0,0,0
338.3977,1,0,12,0,0,0,1,274,0,1.0000,-1,26,38,21,0,85,0,0,0,0
338.4169,1,0,12,0,0,0,1,274,0,1.0000,-1,26,38,21,0,85,0,0,0,0
338.4375,1,0,12,0,0,0,1,274,0,1.0000,-1,26,38,21,0,85,0,0,0,0
338.4559,1,0,12,0,0,0,1,274,0,1.0000,-1,26,38,21,0,85,0,0,0,0
338.4776,1,0,12,0,0,0,1,274,0,1.0000,-1,26,38,21,0,85,0,0,0,0
338.4981,1,0,12,0,0,0,1,274,0,1.0000,-1,26,38,21,0,85,0,0,0,0
338.5168,1,0,12,0,0,0,1,274,0,1.0000,-1,26,38,21,0,85,0,0,0,0
338.5372,1,0,12,0,0,0,1,274,0,1.0000,-1,26,38,21,0,85,0,0,0,0
338.5588,1,0,12,0,0,0,1,274,0,1.0000,-1,26,38,21,0,85,0,0,0,0
338.5796,1,0,12,0,0,0,1,274,0,1.0000,-1,26,38,21,0,85,0,0,0,0
338.5995,1,0,12,0,0,0,1,274,0,1.0000,-1,26,38,21,0,85,0,0,0,0
338.6206,1,0,12,0,0,0,1,274,0,1.0000,-1,26,38,21,0,85,0,0,0,0
338.6417,1,0,12,0,0,0,1,274,0,1.0000,-1,26,38,21,0,85,0,0,0,0
338.6617,1,0,12,0,0,0,1,274,1,2.0000,-1,26,38,21,0,85,0,0,0,0
338.6814,1,0,12,0,0,0,0,-1,0,2.0000,-1,26,38,21,0,85,0,0,0,0
338.7008,1,0,12,0,0,0,0,-1,0,2.0000,-1,26,38,21,0,85,0,0,0,0
338.723,1,0,12,0,0,0,0,-1,0,2.0000,274,27,38,21,0,86,0,0,0,0
338.7422,1,0,12,0,0,0,0,-1,0,2.0000,-1,27,38,21,0,86,0,0,0,0
338.7617,1,0,12,0,0,0,0,-1,0,2.0000,-1,27,38,21,0,86,0,0,0,0
338.7802,1,0,12,0,0,0,0,-1,0,2.0000,-1,27,38,21,0,86,0,0,0,0
338.8213,1,0,12,0,0,0,0,-1,0,1.0000,-1,27,38,21,0,86,0,0,0,0
338.8383,1,0,12,0,0,0,0,-1,0,1.0000,-1,27,38,21,0,86,0,0,0,0
338.8511,1,0,12,0,0,0,0,-1,0,1.0000,-1,27,38,21,0,86,0,0,0,0
338.8657,1,0,12,0,0,0,0,-1,0,1.0000,-1,27,38,21,0,86,0,0,0,0
338.8879,1,0,12,0,0,0,0,-1,0,1.0000,-1,27,38,21,0,86,0,0,0,0
338.9108,1,0,12,1,0,0,0,-1,0,1.0000,-1,27,38,21,0,86,0,0,0,0
338.9282,1,0,12,1,0,0,0,-1,0,1.0000,-1,27,38,21,0,86,0,0,0,0
338.9485,1,0,12,1,0,0,0,-1,0,1.0000,-1,27,38,21,0,86,0,0,0,0
338.9715,1,0,12,1,0,0,0,-1,0,1.0000,-1,27,38,21,0,86,0,0,0,0
338.9905,1,0,12,1,0,0,0,-1,0,1.0000,-1,27,38,21,0,86,0,0,0,0
339.0307,1,0,12,1,0,0,0,-1,0,1.0000,-1,27,38,21,0,86,0,0,0,0
339.0443,1,0,12,1,0,0,0,-1,0,1.0000,-1,27,38,21,0,86,0,0,0,0
339.0569,1,0,12,1,0,0,0,-1,0,1.0000,-1,27,38,21,0,86,0,0,0,0
339.0753,1,0,12,1,0,0,0,-1,0,1.0000,-1,27,38,21,0,86,0,0,0,0
339.0991,1,0,12,1,0,0,0,-1,0,1.0000,-1,27,38,21,0,86,0,0,0,0
339.1187,1,0,12,1,0,0,0,-1,0,1.0000,-1,27,38,21,0,86,0,0,0,0
339.1394,1,0,12,1,0,0,0,-1,0,1.0000,-1,27,38,21,0,86,0,0,0,0
339.1566,1,0,12,1,0,0,0,-1,0,1.0000,-1,27,38,21,0,86,0,0,0,0
339.1775,1,0,12,1,0,0,0,-1,0,1.0000,-1,27,38,21,0,86,0,0,0,0
339.1989,1,0,12,1,0,0,0,-1,0,1.0000,-1,27,38,21,0,86,0,0,0,0
339.2218,1,0,12,1,0,0,0,-1,0,1.0000,-1,27,38,21,0,86,0,0,0,0
339.2401,1,0,12,1,0,0,0,-1,1,2.0000,-1,27,38,21,0,86,0,0,0,0
339.2596,1,0,12,1,0,0,0,-1,0,2.0000,-1,27,38,21,0,86,0,0,0,0
339.2788,1,0,12,1,0,0,0,-1,0,2.0000,-1,27,38,21,0,86,0,0,0,0
339.3,1,0,12,1,0,0,0,-1,0,2.0000,-1,27,38,21,0,86,0,0,0,0
339.32,1,0,12,1,0,0,0,-1,0,2.0000,-1,27,38,21,0,86,0,0,0,0
339.3406,1,0,12,1,0,0,0,-1,0,2.0000,-1,27,38,21,0,86,0,0,0,0
339.3604,1,0,12,1,0,0,0,-1,0,2.0000,-1,27,38,21,0,86,0,0,0,0
339.3799,1,0,12,1,0,0,0,-1,0,2.0000,-1,27,38,21,0,86,0,0,0,0
339.3995,1,0,12,1,0,0,0,-1,1,3.0000,-1,27,38,21,0,86,0,0,0,0
339.4212,1,0,12,1,0,0,0,-1,0,3.0000,-1,27,38,21,0,86,0,0,0,0
339.4419,1,0,12,1,0,0,0,-1,0,3.0000,-1,27,38,21,0,86,0,0,0,0
339.4611,1,0,12,1,0,0,0,-1,0,3.0000,-1,27,38,21,0,86,0,0,0,0
339.482,1,0,12,1,0,0,0,-1,0,3.0000,-1,27,38,21,0,86,0,0,0,0
339.5033,1,0,12,1,0,0,0,-1,0,3.0000,-1,27,38,21,0,86,0,0,0,0
339.5226,1,0,12,1,0,0,0,-1,0,3.0000,-1,27,38,21,0,86,0,0,0,0
339.5428,1,0,12,0,0,0,0,-1,0,3.0000,-1,27,38,21,0,86,0,0,0,0
339.5652,1,0,12,0,0,0,0,-1,0,3.0000,-1,27,38,21,0,86,0,0,0,0
339.5865,1,0,12,0,1,0,0,-1,0,3.0000,-1,27,38,21,0,86,0,0,0,0
339.606,1,0,12,0,1,0,0,-1,0,3.0000,-1,27,38,21,0,86,0,0,0,0
339.6448,1,0,12,0,1,0,0,-1,0,3.0000,-1,27,38,21,0,86,0,0,0,0
339.6562,1,0,12,0,1,0,0,-1,0,3.0000,-1,27,38,21,0,86,0,0,0,0
339.6684,1,0,12,0,1,0,0,-1,0,2.0000,-1,27,38,21,0,86,0,0,0,0
339.6885,1,0,12,0,1,0,0,-1,0,2.0000,-1,27,38,21,0,86,0,0,0,0
339.7092,1,0,12,0,1,0,0,-1,0,2.0000,-1,27,38,21,0,86,0,0,0,0
339.7304,1,0,12,0,1,0,0,-1,0,2.0000,-1,27,38,21,0,86,0,0,0,0
339.7485,1,0,12,0,1,0,0,-1,0,2.0000,-1,27,38,21,0,86,0,0,0,0
339.7687,1,0,12,0,1,0,0,-1,0,2.0000,-1,27,38,21,0,86,0,0,0,0
339.7887,1,0,12,0,1,0,0,-1,0,2.0000,-1,27,38,21,0,86,0,0,0,0
339.8105,1,0,12,0,1,0,0,-1,0,2.0000,-1,27,38,21,0,86,0,0,0,0
339.8318,1,0,12,0,1,0,0,-1,0,2.0000,-1,27,38,21,0,86,0,0,0,0
339.8491,1,0,12,0,1,0,0,-1,0,2.0000,-1,27,38,21,0,86,0,0,0,0
339.8701,1,0,12,0,1,0,0,-1,1,3.0000,-1,27,38,21,0,86,0,0,0,0
339.8891,1,0,12,0,1,0,0,-1,0,3.0000,-1,27,38,21,0,86,0,0,0,0
339.9097,1,0,12,0,1,0,0,-1,0,3.0000,-1,27,38,21,0,86,0,0,0,0
339.9306,1,0,12,0,1,0,0,-1,0,3.0000,-1,27,38,21,0,86,0,0,0,0
339.9499,1,0,12,0,1,0,0,-1,0,3.0000,-1,27,38,21,0,86,0,0,0,0
339.9705,1,0,12,0,1,0,1,275,0,3.0000,-1,27,38,21,0,86,0,0,0,0
339.9906,1,0,12,0,1,0,1,275,0,3.0000,-1,27,38,21,0,86,0,0,0,0
340.0113,1,0,12,0,1,0,1,275,0,3.0000,-1,27,38,21,0,86,0,0,0,0
340.0324,1,0,12,0,1,0,1,275,0,3.0000,-1,27,38,21,0,86,0,0,0,0
340.0539,1,0,12,0,1,0,1,275,0,3.0000,-1,27,38,21,0,86,0,0,0,0
340.073,1,0,12,0,1,0,1,275,0,3.0000,-1,27,38,21,0,86,0,0,0,0
340.0935,1,0,12,0,1,0,1,275,0,3.0000,-1,27,38,21,0,86,0,0,0,0
340.1136,1,0,12,0,1,0,1,275,0,3.0000,-1,27,38,21,0,86,0,0,0,0
340.1337,1,0,12,0,1,0,1,275,0,3.0000,-1,27,38,21,0,86,0,0,0,0
340.1551,1,0,12,0,1,0,1,275,0,3.0000,-1,27,38,21,0,86,0,0,0,0
340.1738,1,0,12,0,1,0,1,275,0,3.0000,-1,27,38,21,0,86,0,0,0,0
340.1938,1,0,12,0,1,0,1,275,0,3.0000,-1,27,38,21,0,86,0,0,0,0
340.2151,1,0,12,0,1,0,1,275,0,3.0000,-1,27,38,21,0,86,0,0,0,0
340.237,1,0,12,0,1,0,1,275,1,4.0000,-1,27,38,21,0,86,0,0,0,0
340.256,1,0,12,0,1,0,1,275,0,3.0000,-1,27,38,21,0,86,0,0,0,0
340.2785,1,0,12,0,1,0,0,-1,0,3.0000,-1,27,38,21,0,86,0,0,0,0
340.2949,1,0,12,0,1,0,0,-1,0,3.0000,-1,27,38,21,0,86,0,0,0,0
340.314,1,0,12,0,1,0,0,-1,0,3.0000,-1,27,38,21,0,86,0,0,0,0
340.3342,1,0,12,0,1,0,0,-1,0,3.0000,-1,27,38,21,0,86,0,0,0,0
340.3556,1,0,12,0,1,0,0,-1,0,3.0000,-1,27,38,21,0,86,0,0,0,0
340.379,1,0,12,0,1,0,0,-1,0,3.0000,-1,27,38,21,0,86,0,0,0,0
340.3988,1,0,12,0,1,0,0,-1,0,3.0000,-1,27,38,21,0,86,0,0,0,0
340.418,1,0,12,0,1,0,0,-1,0,2.0000,-1,27,38,21,0,86,0,0,0,0
340.4371,1,0,12,0,1,0,0,-1,0,2.0000,-1,27,38,21,0,86,0,0,0,0
340.4579,1,0,12,0,1,0,0,-1,0,2.0000,-1,27,38,21,0,86,0,0,0,0
340.4785,1,0,12,0,1,0,0,-1,0,2.0000,-1,27,38,21,0,86,0,0,0,0
340.5014,1,0,12,0,1,0,0,-1,0,2.0000,-1,27,38,21,0,86,0,0,0,0
340.5213,1,0,12,0,1,0,0,-1,0,2.0000,-1,27,38,21,0,86,0,0,0,0
340.5408,1,0,12,0,1,0,0,-1,0,2.0000,-1,27,38,21,0,86,0,0,0,0
340.5622,1,0,12,0,1,0,0,-1,0,2.0000,-1,27,38,21,0,86,0,0,0,0
340.5812,1,0,12,0,1,0,0,-1,0,2.0000,-1,27,38,21,0,86,0,0,0,0
340.6029,1,0,12,0,1,0,0,-1,0,2.0000,-1,27,38,21,0,86,0,0,0,0
340.624,1,0,12,0,1,0,0,-1,0,2.0000,-1,27,38,21,0,86,0,0,0,0
340.6623,1,0,12,0,1,0,0,-1,0,2.0000,-1,27,38,21,0,86,0,0,0,0
340.678,1,0,12,0,1,0,0,-1,0,2.0000,-1,27,38,21,0,86,0,0,0,0
340.692,1,0,12,0,1,0,0,-1,0,2.0000,-1,27,38,21,0,86,0,0,0,0
340.7101,1,0,12,0,1,0,0,-1,1,3.0000,-1,27,38,21,0,86,0,0,0,0
340.7285,1,0,12,0,1,0,0,-1,0,3.0000,-1,27,38,21,0,86,0,0,0,0
340.7504,1,0,12,0,1,0,0,-1,0,3.0000,-1,27,38,21,0,86,0,0,0,0
340.771,1,0,12,0,1,0,0,-1,0,3.0000,-1,27,38,21,0,86,0,0,0,0
340.7919,1,0,12,0,1,0,0,-1,0,3.0000,-1,27,38,21,0,86,0,0,0,0
340.8122,1,0,12,0,1,0,0,-1,0,3.0000,-1,27,38,21,0,86,0,0,0,0
340.8343,1,0,12,0,1,0,0,-1,0,3.0000,-1,27,38,21,0,86,0,0,0,0
340.8534,1,0,12,0,1,0,0,-1,0,3.0000,-1,27,38,21,0,86,0,0,0,0
340.8744,1,0,12,0,1,0,0,-1,0,2.0000,-1,27,38,21,0,86,0,0,0,0
340.894,1,0,12,0,1,0,0,-1,0,2.0000,-1,27,38,21,0,86,0,0,0,0
340.9146,1,0,12,0,1,0,0,-1,0,2.0000,-1,27,38,21,0,86,0,0,0,0
340.9342,1,0,12,0,1,0,0,-1,0,2.0000,-1,27,38,21,0,86,0,0,0,0
340.9565,1,0,12,0,1,0,0,-1,0,2.0000,-1,27,38,21,0,86,0,0,0,0
340.9742,1,0,12,0,1,0,0,-1,0,2.0000,-1,27,38,21,0,86,0,0,0,0
340.9957,1,0,12,0,1,0,0,-1,0,2.0000,-1,27,38,21,0,86,0,0,0,0
341.0173,1,0,12,0,1,0,0,-1,0,2.0000,-1,27,38,21,0,86,0,0,0,0
341.0352,1,0,12,0,1,0,0,-1,0,2.0000,-1,27,38,21,0,86,0,0,0,0
341.0785,1,0,12,0,1,0,0,-1,0,2.0000,-1,27,38,21,0,86,0,0,0,0
341.0964,1,0,12,0,1,0,0,-1,0,2.0000,-1,27,38,21,0,86,0,0,0,0
341.1116,1,0,12,0,1,0,0,-1,0,2.0000,-1,27,38,21,0,86,0,0,0,0
341.1266,1,0,12,0,1,0,0,-1,0,2.0000,-1,27,38,21,0,86,0,0,0,0
341.1454,1,0,12,0,1,0,0,-1,0,2.0000,-1,27,38,21,0,86,0,0,0,0
341.1662,1,0,12,0,1,0,0,-1,0,2.0000,-1,27,38,21,0,86,0,0,0,0
341.1878,1,0,12,0,1,0,0,-1,0,2.0000,-1,27,38,21,0,86,0,0,0,0
341.2082,1,0,12,0,1,0,0,-1,0,2.0000,-1,27,38,21,0,86,0,0,0,0
341.228,1,0,12,0,1,0,1,280,0,2.0000,-1,27,38,21,0,86,0,0,0,0
341.2482,1,0,12,0,1,0,1,280,0,1.0000,-1,27,38,21,0,86,0,0,0,0
341.2684,1,0,12,0,1,0,1,280,0,1.0000,-1,27,38,21,0,86,0,0,0,0
341.2888,1,0,12,0,1,0,1,280,0,1.0000,-1,27,38,21,0,86,0,0,0,0
341.3094,1,0,12,0,1,0,1,280,0,1.0000,-1,27,38,21,0,86,0,0,0,0
341.3289,1,0,12,0,1,0,1,280,0,1.0000,-1,27,38,21,0,86,0,0,0,0
341.3495,1,0,12,0,1,0,1,280,0,1.0000,-1,27,38,21,0,86,0,0,0,0
341.3692,1,0,12,0,1,0,1,280,0,1.0000,-1,27,38,21,0,86,0,0,0,0
341.3904,1,0,12,0,0,0,1,280,0,1.0000,-1,27,38,21,0,86,0,0,0,0
341.4115,1,0,12,0,0,0,1,280,0,1.0000,-1,27,38,21,0,86,0,0,0,0
341.433,1,0,12,0,0,0,1,280,0,1.0000,-1,27,38,21,0,86,0,0,0,0
341.4544,1,0,12,0,0,0,1,280,0,1.0000,-1,27,38,21,0,86,0,0,0,0
341.4944,1,0,12,0,0,0,1,280,1,2.0000,-1,27,38,21,0,86,0,0,0,0
341.5073,1,0,12,0,0,0,1,280,0,2.0000,-1,27,38,21,0,86,0,0,0,0
341.5209,1,0,12,0,0,0,1,280,0,2.0000,-1,27,38,21,0,86,0,0,0,0
341.5428,1,0,12,0,0,0,1,280,0,2.0000,-1,27,38,21,0,86,0,0,0,0
341.5651,1,0,12,0,0,0,0,-1,0,2.0000,-1,27,38,21,0,86,0,0,0,0
341.586,1,0,12,0,0,0,0,-1,0,2.0000,-1,27,38,21,0,86,0,0,0,0
341.6085,1,0,12,0,0,0,0,-1,0,2.0000,-1,27,38,21,0,86,0,0,0,0
341.6284,1,0,12,0,0,0,0,-1,0,2.0000,-1,27,38,21,0,86,0,0,0,0
341.6486,1,0,12,0,0,0,0,-1,0,2.0000,-1,27,38,21,0,86,0,0,0,0
341.6704,1,0,12,0,0,0,0,-1,0,2.0000,-1,27,38,21,0,86,0,0,0,0
341.7117,1,0,12,0,0,0,0,-1,0,1.0000,-1,27,38,21,0,86,0,0,0,0
341.7245,1,0,12,0,0,0,0,-1,0,1.0000,-1,27,38,21,0,86,0,0,0,0
341.7373,1,0,12,0,0,0,0,-1,0,1.0000,-1,27,38,21,0,86,0,0,0,0
341.7581,1,0,12,0,0,0,0,-1,0,1.0000,-1,27,38,21,0,86,0,0,0,0
341.779,1,0,12,0,0,0,0,-1,0,1.0000,-1,27,38,21,0,86,0,0,0,0
341.8013,1,0,12,0,0,0,0,-1,0,1.0000,-1,27,38,21,0,86,0,0,0,0
341.8208,1,0,12,0,0,0,0,-1,0,1.0000,-1,27,38,21,0,86,0,0,0,0
341.8412,1,0,12,0,0,0,0,-1,0,1.0000,-1,27,38,21,0,86,0,0,0,0
341.8629,1,0,12,0,0,0,0,-1,0,1.0000,-1,27,38,21,0,86,0,0,0,0
341.8837,1,0,12,0,0,0,0,-1,0,1.0000,-1,27,38,21,0,86,0,0,0,0
341.9019,1,0,12,0,0,0,0,-1,0,1.0000,-1,27,38,21,0,86,0,0,0,0
341.9225,1,0,12,0,0,0,0,-1,0,1.0000,-1,27,38,21,0,86,0,0,0,0
341.9427,1,0,12,0,0,0,0,-1,0,1.0000,-1,27,38,21,0,86,0,0,0,0
341.964,1,0,12,0,0,0,0,-1,0,1.0000,-1,27,38,21,0,86,0,0,0,0
341.9835,1,0,12,0,0,0,0,-1,0,1.0000,-1,27,38,21,0,86,0,0,0,0
342.0023,1,0,12,0,0,0,0,-1,0,1.0000,-1,27,38,21,0,86,0,0,0,0
342.0237,1,0,12,0,0,0,0,-1,0,1.0000,-1,27,38,21,0,86,0,0,0,0
342.0441,1,0,12,0,0,0,0,-1,0,1.0000,-1,27,38,21,0,86,0,0,0,0
342.0638,1,0,12,0,0,0,0,-1,0,1.0000,-1,27,38,21,0,86,0,0,0,0
342.085,1,0,12,0,0,0,0,-1,0,1.0000,-1,27,38,21,0,86,0,0,0,0
342.1065,1,0,12,0,0,0,0,-1,0,1.0000,-1,27,38,21,0,86,0,0,0,0
342.1259,1,0,12,0,0,0,0,-1,0,1.0000,-1,27,38,21,0,86,0,0,0,0
342.1473,1,0,12,0,0,0,0,-1,1,2.0000,-1,27,38,21,0,86,0,0,0,0
342.1671,1,0,12,0,0,0,0,-1,0,2.0000,-1,27,38,21,0,86,0,0,0,0
342.1885,1,0,12,0,0,0,0,-1,0,2.0000,-1,27,38,21,0,86,0,0,0,0
342.2087,1,0,12,0,0,0,0,-1,0,2.0000,-1,27,38,21,0,86,0,0,0,0
342.2279,1,0,12,0,0,0,0,-1,0,2.0000,-1,27,38,21,0,86,0,0,0,0
342.2482,1,0,12,0,0,0,0,-1,0,2.0000,-1,27,38,21,0,86,0,0,0,0
342.2701,1,0,12,0,0,0,0,-1,0,2.0000,-1,27,38,21,0,86,0,0,0,0
342.2901,1,0,12,0,0,0,0,-1,0,2.0000,-1,27,38,21,0,86,0,0,0,0
342.3303,1,0,12,0,0,0,0,-1,0,2.0000,-1,27,38,21,0,86,0,0,0,0
342.3438,1,0,12,0,0,0,0,-1,0,2.0000,-1,27,38,21,0,86,0,0,0,0
342.3588,1,0,12,0,0,0,0,-1,0,2.0000,-1,27,38,21,0,86,0,0,0,0
342.3774,1,0,12,0,0,0,0,-1,0,2.0000,-1,27,38,21,0,86,0,0,0,0
342.3984,1,0,12,0,0,0,0,-1,0,2.0000,-1,27,38,21,0,86,0,0,0,0
342.4185,1,0,12,0,0,0,0,-1,0,2.0000,-1,27,38,21,0,86,0,0,0,0
342.439,1,0,12,0,0,0,0,-1,0,2.0000,-1,27,38,21,0,86,0,0,0,0
342.4584,1,0,12,0,0,0,0,-1,0,2.0000,-1,27,38,21,0,86,0,0,0,0
342.4795,1,0,12,0,0,0,0,-1,0,2.0000,-1,27,38,21,0,86,0,0,0,0
342.5,1,0,12,0,0,0,0,-1,0,1.0000,-1,27,38,21,0,86,0,0,0,0
342.5223,1,0,12,0,0,0,0,-1,0,1.0000,-1,27,38,21,0,86,0,0,0,0
342.543,1,0,12,0,0,0,0,-1,0,1.0000,-1,27,38,21,0,86,0,0,0,0
342.5636,1,0,12,0,0,0,0,-1,0,1.0000,-1,27,38,21,0,86,0,0,0,0
342.5842,1,0,12,0,0,0,0,-1,0,1.0000,-1,27,38,21,0,86,0,0,0,0
342.6035,1,0,12,0,0,0,0,-1,0,1.0000,-1,27,38,21,0,86,0,0,0,0
342.6255,1,0,12,0,0,0,0,-1,0,1.0000,-1,27,38,21,0,86,0,0,0,0
342.6468,1,0,12,0,0,0,0,-1,0,1.0000,-1,27,38,21,0,86,0,0,0,0
342.6679,1,0,12,0,0,0,0,-1,0,1.0000,-1,27,38,21,0,86,0,0,0,0
342.6883,1,0,12,0,0,0,0,-1,0,1.0000,-1,27,38,21,0,86,0,0,0,0
342.7072,1,0,12,0,0,0,0,-1,0,1.0000,-1,27,38,21,0,86,0,0,0,0
342.7479,1,0,12,0,0,0,0,-1,0,1.0000,-1,27,38,21,0,86,0,0,0,0
342.7615,1,0,12,0,0,0,0,-1,0,1.0000,-1,27,38,21,0,86,0,0,0,0
342.7745,1,0,12,0,0,0,0,-1,0,1.0000,-1,27,38,21,0,86,0,0,0,0
342.7967,1,0,12,0,0,0,0,-1,0,1.0000,-1,27,38,21,0,86,0,0,0,0
342.8166,1,0,12,0,0,0,0,-1,0,1.0000,-1,27,38,21,0,86,0,0,0,0
342.8374,1,0,12,0,0,0,0,-1,0,1.0000,-1,27,38,21,0,86,0,0,0,0
342.8593,1,0,12,0,0,0,0,-1,0,1.0000,-1,27,38,21,0,86,0,0,0,0
342.8798,1,0,12,0,0,0,0,-1,0,1.0000,-1,27,38,21,0,86,0,0,0,0
342.9003,1,0,12,0,0,0,0,-1,0,1.0000,-1,27,38,21,0,86,0,0,0,0
342.9214,1,0,12,0,0,0,0,-1,0,1.0000,-1,27,38,21,0,86,0,0,0,0
342.9613,1,0,12,0,0,0,0,-1,0,1.0000,-1,27,38,21,0,86,0,0,0,0
342.9729,1,0,12,0,0,0,0,-1,0,1.0000,-1,27,38,21,0,86,0,0,0,0
342.9889,1,0,12,0,0,0,0,-1,0,1.0000,-1,27,38,21,0,86,0,0,0,0
343.0105,1,0,12,0,0,0,0,-1,0,1.0000,-1,27,38,21,0,86,0,0,0,0
343.0319,1,0,12,0,0,0,0,-1,0,1.0000,-1,27,38,21,0,86,0,0,0,0
343.0526,1,0,12,0,0,0,0,-1,0,1.0000,-1,27,38,21,0,86,0,0,0,0
343.0741,1,0,12,0,0,0,0,-1,0,1.0000,-1,27,38,21,0,86,0,0,0,0
343.0965,1,0,12,0,0,0,0,-1,0,1.0000,-1,27,38,21,0,86,0,0,0,0
343.1186,1,0,12,0,0,0,0,-1,0,1.0000,-1,27,38,21,0,86,0,0,0,0
343.1407,1,0,12,0,0,0,0,-1,1,2.0000,-1,27,38,21,0,86,0,0,0,0
343.1613,1,0,12,0,0,0,0,-1,0,1.0000,-1,27,38,21,0,86,0,0,0,0
343.182,1,0,12,0,0,0,0,-1,0,1.0000,-1,27,38,21,0,86,0,0,0,0
343.2034,1,0,12,0,0,0,0,-1,0,1.0000,-1,27,38,21,0,86,0,0,0,0
343.2229,1,0,12,0,0,0,0,-1,0,1.0000,-1,27,38,21,0,86,0,0,0,0
343.2453,1,0,12,0,0,0,0,-1,0,1.0000,-1,27,38,21,0,86,0,0,0,0
343.266,1,0,12,0,0,0,0,-1,0,1.0000,-1,27,38,21,0,86,0,0,0,0
343.2871,1,0,12,0,0,0,1,283,0,1.0000,-1,27,38,21,0,86,0,0,0,0
343.3077,1,0,12,0,0,0,1,283,0,1.0000,-1,27,38,21,0,86,0,0,0,0
343.3294,1,0,12,0,0,0,1,283,0,1.0000,-1,27,38,21,0,86,0,0,0,0
343.3487,1,0,12,0,0,0,1,283,0,1.0000,-1,27,38,21,0,86,0,0,0,0
343.37,1,0,12,0,0,0,1,283,0,1.0000,-1,27,38,21,0,86,0,0,0,0
343.3907,1,0,12,0,0,0,1,283,0,1.0000,-1,27,38,21,0,86,0,0,0,0
343.4135,1,0,12,0,0,0,0,-1,1,2.0000,-1,27,38,21,0,86,0,0,0,0
343.4349,1,0,12,0,0,0,0,-1,0,2.0000,-1,27,38,21,0,86,0,0,0,0
343.4584,1,0,12,0,0,0,0,-1,0,2.0000,-1,27,38,21,0,86,0,0,0,0
343.4796,1,0,12,0,0,0,0,-1,0,2.0000,-1,27,38,21,0,86,0,0,0,0
343.5002,1,0,12,0,0,0,0,-1,0,2.0000,-1,27,38,21,0,86,0,0,0,0
343.5212,1,0,12,0,0,0,0,-1,0,2.0000,-1,27,38,21,0,86,0,0,0,0
343.5425,1,0,12,0,0,0,0,-1,0,2.0000,-1,27,38,21,0,86,0,0,0,0
343.563,1,0,12,0,0,0,0,-1,0,2.0000,-1,27,38,21,0,86,0,0,0,0
343.5832,1,0,12,0,0,0,0,-1,0,2.0000,-1,27,38,21,0,86,0,0,0,0
343.6047,1,0,12,0,0,0,0,-1,0,2.0000,-1,27,38,21,0,86,0,0,0,0
343.6239,1,0,12,0,0,0,0,-1,0,2.0000,-1,27,38,21,0,86,0,0,0,0
343.6482,1,0,12,0,0,0,0,-1,0,2.0000,-1,27,38,21,0,86,0,0,0,0
343.6685,1,0,12,0,0,0,0,-1,0,2.0000,-1,27,38,21,0,86,0,0,0,0
343.6874,1,0,12,0,0,0,0,-1,0,2.0000,-1,27,38,21,0,86,0,0,0,0
343.7086,1,0,12,0,0,0,1,284,0,2.0000,-1,27,38,21,0,86,0,0,0,0
343.7299,1,0,12,0,0,0,1,284,0,2.0000,-1,27,38,21,0,86,0,0,0,0
343.7514,1,0,12,0,0,0,1,284,0,2.0000,-1,27,38,21,0,86,0,0,0,0
343.7717,1,0,12,0,0,0,1,284,0,2.0000,-1,27,38,21,0,86,0,0,0,0
343.7927,1,0,12,0,0,0,1,284,0,2.0000,-1,27,38,21,0,86,0,0,0,0
343.8142,1,0,12,0,0,0,1,284,0,2.0000,-1,27,38,21,0,86,0,0,0,0
343.8335,1,0,12,0,0,0,1,284,0,2.0000,-1,27,38,21,0,86,0,0,0,0
343.8561,1,0,12,0,0,0,1,284,0,2.0000,-1,27,38,21,0,86,0,0,0,0
343.8767,1,0,12,0,0,0,1,284,0,2.0000,-1,27,38,21,0,86,0,0,0,0
343.8972,1,0,12,0,0,0,1,284,0,2.0000,-1,27,38,21,0,86,0,0,0,0
343.9192,1,0,12,0,0,0,1,284,0,2.0000,-1,27,38,21,0,86,0,0,0,0
343.9388,1,0,12,0,0,0,1,284,0,2.0000,-1,27,38,21,0,86,0,0,0,0
343.9583,1,0,12,0,0,0,1,284,0,2.0000,-1,27,38,21,0,86,0,0,0,0
343.9802,1,0,12,0,0,0,1,284,0,2.0000,-1,27,38,21,0,86,0,0,0,0
344.0008,1,0,12,0,0,0,1,284,0,2.0000,-1,27,38,21,0,86,0,0,0,0
344.0202,1,0,12,0,0,0,1,284,0,2.0000,-1,27,38,21,0,86,0,0,0,0
344.0414,1,0,12,0,0,0,1,284,0,2.0000,-1,27,38,21,0,86,0,0,0,0
344.0634,1,0,12,0,0,0,1,284,0,2.0000,-1,27,38,21,0,86,0,0,0,0
344.0835,1,0,12,0,0,0,1,284,0,2.0000,-1,27,38,21,0,86,0,0,0,0
344.1029,1,0,12,0,0,0,1,284,0,2.0000,-1,27,38,21,0,86,0,0,0,0
344.1242,1,0,12,0,0,0,1,284,0,2.0000,-1,27,38,21,0,86,0,0,0,0
344.1496,1,0,12,0,0,0,1,284,0,1.0000,-1,27,38,21,0,86,0,0,0,0
344.1695,1,0,12,0,0,0,1,284,0,1.0000,-1,27,38,21,0,86,0,0,0,0
344.1899,1,0,12,0,0,0,1,284,0,1.0000,-1,27,38,21,0,86,0,0,0,0
344.2291,1,0,12,0,0,0,1,284,0,1.0000,-1,27,38,21,0,86,0,0,0,0
344.2425,1,0,12,0,0,0,1,284,1,2.0000,-1,27,38,21,0,86,0,0,0,0
344.2591,1,0,12,0,0,0,0,-1,0,2.0000,-1,27,38,21,0,86,0,0,0,0
344.2788,1,0,12,0,0,0,0,-1,0,2.0000,-1,27,38,21,0,86,0,0,0,0
344.3006,1,0,12,0,0,0,0,-1,0,2.0000,-1,27,38,21,0,86,0,0,0,0
344.3213,1,0,12,0,0,0,1,282,0,2.0000,-1,27,38,21,0,86,0,0,0,0
344.3405,1,0,12,0,0,0,1,282,0,2.0000,-1,27,38,21,0,86,0,0,0,0
344.3626,1,0,12,0,0,0,1,282,0,2.0000,-1,27,38,21,0,86,0,0,0,0
344.3833,1,0,12,0,0,0,1,282,0,2.0000,-1,27,38,21,0,86,0,0,0,0
344.4047,1,0,12,0,0,0,1,282,0,2.0000,-1,27,38,21,0,86,0,0,0,0
344.427,1,0,12,0,0,0,1,282,0,1.0000,-1,27,38,21,0,86,0,0,0,0
344.4466,1,0,12,0,0,0,0,-1,0,1.0000,-1,27,38,21,0,86,0,0,0,0
344.4676,1,0,12,0,0,0,0,-1,0,1.0000,-1,27,38,21,0,86,0,0,0,0
344.4876,1,0,12,0,0,0,0,-1,0,1.0000,-1,27,38,21,0,86,0,0,0,0
344.5077,1,0,12,0,0,0,0,-1,0,1.0000,-1,27,38,21,0,86,0,0,0,0
344.5298,1,0,12,0,0,0,0,-1,0,1.0000,-1,27,38,21,0,86,0,0,0,0
344.549,1,0,12,0,0,0,0,-1,0,1.0000,-1,27,38,21,0,86,0,0,0,0
344.5726,1,0,12,0,0,0,0,-1,0,1.0000,-1,27,38,21,0,86,0,0,0,0
344.5919,1,0,12,0,0,0,0,-1,0,1.0000,-1,27,38,21,0,86,0,0,0,0
344.6127,1,0,12,0,0,0,0,-1,0,1.0000,-1,27,38,21,0,86,0,0,0,0
344.6549,1,0,12,0,0,0,0,-1,0,1.0000,-1,27,38,21,0,86,0,0,0,0
344.6683,1,0,12,0,0,0,0,-1,0,1.0000,-1,27,38,21,0,86,0,0,0,0
344.6831,1,0,12,0,0,0,0,-1,0,1.0000,-1,27,38,21,0,86,0,0,0,0
344.7023,1,0,12,0,0,0,0,-1,0,1.0000,-1,27,38,21,0,86,0,0,0,0
344.7249,1,0,12,0,0,0,0,-1,0,1.0000,-1,27,38,21,0,86,0,0,0,0
344.7458,1,0,12,0,0,0,0,-1,0,1.0000,-1,27,38,21,0,86,0,0,0,0
344.7669,1,0,12,0,0,0,0,-1,0,1.0000,-1,27,38,21,0,86,0,0,0,0
344.7868,1,0,12,0,0,0,0,-1,0,1.0000,-1,27,38,21,0,86,0,0,0,0
344.8096,1,0,12,0,0,0,0,-1,0,1.0000,-1,27,38,21,0,86,0,0,0,0
344.829,1,0,12,0,0,0,0,-1,0,1.0000,-1,27,38,21,0,86,0,0,0,0
344.8514,1,0,12,0,0,0,0,-1,0,1.0000,-1,27,38,21,0,86,0,0,0,0
344.8709,1,0,12,0,0,0,0,-1,0,1.0000,-1,27,38,21,0,86,0,0,0,0
344.8919,1,0,12,0,0,0,0,-1,0,1.0000,-1,27,38,21,0,86,0,0,0,0
344.9118,1,0,12,0,0,0,0,-1,0,1.0000,-1,27,38,21,0,86,0,0,0,0
344.9341,1,0,12,0,0,0,0,-1,0,1.0000,-1,27,38,21,0,86,0,0,0,0
344.9547,1,0,12,0,0,0,0,-1,0,1.0000,-1,27,38,21,0,86,0,0,0,0
344.9761,1,0,12,0,0,0,0,-1,0,1.0000,-1,27,38,21,0,86,0,0,0,0
344.9961,1,0,12,0,0,0,0,-1,0,1.0000,-1,27,38,21,0,86,0,0,0,0
345.0176,1,0,12,0,0,0,0,-1,0,1.0000,-1,27,38,21,0,86,0,0,0,0
345.0383,1,0,12,0,0,0,0,-1,0,1.0000,-1,27,38,21,0,86,0,0,0,0
345.0575,1,0,12,0,0,0,0,-1,0,1.0000,-1,27,38,21,0,86,0,0,0,0
345.0801,1,0,12,0,0,0,0,-1,0,1.0000,-1,27,38,21,0,86,0,0,0,0
345.1009,1,0,12,0,0,0,0,-1,0,1.0000,-1,27,38,21,0,86,0,0,0,0
345.1211,1,0,12,0,0,0,0,-1,0,1.0000,-1,27,38,21,0,86,0,0,0,0
345.1435,1,0,12,0,0,0,0,-1,0,1.0000,-1,27,38,21,0,86,0,0,0,0
345.1624,1,0,12,0,0,0,0,-1,0,1.0000,-1,27,38,21,0,86,0,0,0,0
345.1832,1,0,12,0,0,0,0,-1,0,1.0000,-1,27,38,21,0,86,0,0,0,0
345.2028,1,0,12,0,0,0,0,-1,0,1.0000,-1,27,38,21,0,86,0,0,0,0
345.2252,1,0,12,0,0,0,0,-1,0,1.0000,-1,27,38,21,0,86,0,0,0,0
345.247,1,0,12,0,0,0,0,-1,0,0.0000,-1,27,38,21,0,86,0,0,0,0
345.2838,1,0,12,0,0,0,0,-1,0,0.0000,-1,27,38,21,0,86,0,0,0,0
345.2974,1,0,12,0,0,0,0,-1,0,0.0000,-1,27,38,21,0,86,0,0,0,0
345.3113,1,0,12,0,0,0,0,-1,0,0.0000,-1,27,38,21,0,86,0,0,0,0
345.3327,1,0,12,0,0,0,0,-1,0,0.0000,-1,27,38,21,0,86,0,0,0,0
345.3547,1,0,12,0,0,0,0,-1,0,0.0000,-1,27,38,21,0,86,0,0,0,0
345.3756,1,0,12,0,0,0,0,-1,0,0.0000,-1,27,38,21,0,86,0,0,0,0
345.3952,1,0,12,0,0,0,0,-1,0,0.0000,-1,27,38,21,0,86,0,0,0,0
345.4158,1,0,12,0,0,0,0,-1,0,0.0000,-1,27,38,21,0,86,0,0,0,0
345.4382,1,0,12,0,0,0,0,-1,0,0.0000,-1,27,38,21,0,86,0,0,0,0
345.4588,1,0,12,0,0,0,0,-1,1,1.0000,-1,27,38,21,0,86,0,0,0,0
345.4782,1,0,12,0,0,0,0,-1,0,1.0000,-1,27,38,21,0,86,0,0,0,0
345.4994,1,0,12,0,0,0,0,-1,0,1.0000,-1,27,38,21,0,86,0,0,0,0
345.5206,1,0,12,0,0,0,0,-1,0,1.0000,-1,27,38,21,0,86,0,0,0,0
345.5383,1,0,12,0,0,0,0,-1,0,1.0000,-1,27,38,21,0,86,0,0,0,0
345.5628,1,0,12,0,0,0,0,-1,0,1.0000,-1,27,38,21,0,86,0,0,0,0
345.5798,1,0,12,0,0,0,0,-1,0,1.0000,-1,27,38,21,0,86,0,0,0,0
345.6028,1,0,12,0,0,0,0,-1,0,1.0000,-1,27,38,21,0,86,0,0,0,0
345.6245,1,0,12,0,0,0,0,-1,0,1.0000,-1,27,38,21,0,86,0,0,0,0
345.6451,1,0,12,0,0,0,0,-1,0,1.0000,-1,27,38,21,0,86,0,0,0,0
345.6672,1,0,12,0,0,0,0,-1,0,1.0000,-1,27,38,21,0,86,0,0,0,0
345.7041,1,0,12,0,0,0,0,-1,0,1.0000,-1,27,38,21,0,86,0,0,0,0
345.7193,1,0,12,0,0,0,0,-1,0,1.0000,-1,27,38,21,0,86,0,0,0,0
345.7326,1,0,12,0,0,0,0,-1,0,1.0000,-1,27,38,21,0,86,0,0,0,0
345.7507,1,0,12,0,0,0,0,-1,0,1.0000,-1,27,38,21,0,86,0,0,0,0
345.7723,1,0,12,0,0,0,0,-1,0,1.0000,-1,27,38,21,0,86,0,0,0,0
345.7934,1,0,12,0,0,0,0,-1,0,1.0000,-1,27,38,21,0,86,0,0,0,0
345.816,1,0,12,0,0,0,0,-1,0,1.0000,-1,27,38,21,0,86,0,0,0,0
345.8386,1,0,12,0,0,0,0,-1,0,1.0000,-1,27,38,21,0,86,0,0,0,0
345.8584,1,0,12,0,0,0,0,-1,0,1.0000,-1,27,38,21,0,86,0,0,0,0
345.8799,1,0,12,0,0,0,0,-1,1,2.0000,-1,27,38,21,0,86,0,0,0,0
345.8988,1,0,12,0,0,0,0,-1,0,2.0000,-1,27,38,21,0,86,0,0,0,0
345.9183,1,0,12,0,0,0,0,-1,0,2.0000,-1,27,38,21,0,86,0,0,0,0
345.9405,1,0,12,0,0,0,0,-1,0,2.0000,-1,27,38,21,0,86,0,0,0,0
345.9601,1,0,12,1,0,0,0,-1,0,2.0000,-1,27,38,21,0,86,0,0,0,0
345.9792,1,0,12,1,0,0,0,-1,0,2.0000,-1,27,38,21,0,86,0,0,0,0
346.0007,1,0,12,1,0,0,0,-1,0,2.0000,-1,27,38,21,0,86,0,0,0,0
346.0216,1,0,12,1,0,0,0,-1,0,2.0000,-1,27,38,21,0,86,0,0,0,0
346.0423,1,0,12,1,0,0,0,-1,0,2.0000,-1,27,38,21,0,86,0,0,0,0
346.0624,1,0,12,1,0,0,0,-1,0,2.0000,-1,27,38,21,0,86,0,0,0,0
346.0796,1,0,12,1,0,0,0,-1,0,2.0000,-1,27,38,21,0,86,0,0,0,0
346.1013,1,0,12,1,0,0,0,-1,0,2.0000,-1,27,38,21,0,86,0,0,0,0
346.1366,1,0,12,1,0,0,0,-1,0,2.0000,-1,27,38,21,0,86,0,0,0,0
346.1495,1,0,12,1,0,0,0,-1,1,3.0000,-1,27,38,21,0,86,0,0,0,0
346.1668,1,0,12,1,0,0,0,-1,0,3.0000,-1,27,38,21,0,86,0,0,0,0
346.1863,1,0,12,1,0,0,0,-1,0,3.0000,-1,27,38,21,0,86,0,0,0,0
346.2024,1,0,12,1,0,0,0,-1,0,3.0000,-1,27,38,21,0,86,0,0,0,0
346.2229,1,0,12,1,0,0,0,-1,0,3.0000,-1,27,38,21,0,86,0,0,0,0
346.2461,1,0,12,1,0,0,0,-1,0,3.0000,-1,27,38,21,0,86,0,0,0,0
346.263,1,0,12,1,0,0,0,-1,0,3.0000,-1,27,38,21,0,86,0,0,0,0
346.2845,1,0,12,1,0,0,0,-1,0,3.0000,-1,27,38,21,0,86,0,0,0,0
346.3033,1,0,12,1,0,0,0,-1,0,3.0000,-1,27,38,21,0,86,0,0,0,0
346.3217,1,0,12,1,0,0,0,-1,0,3.0000,-1,27,38,21,0,86,0,0,0,0
346.3456,1,0,12,1,0,0,0,-1,0,3.0000,-1,27,38,21,0,86,0,0,0,0
346.3637,1,0,12,1,0,0,0,-1,0,3.0000,-1,27,38,21,0,86,0,0,0,0
346.3824,1,0,12,1,0,0,0,-1,0,3.0000,-1,27,38,21,0,86,0,0,0,0
346.4016,1,0,12,1,0,0,0,-1,0,3.0000,-1,27,38,21,0,86,0,0,0,0
346.4219,1,0,12,1,0,0,0,-1,0,3.0000,-1,27,38,21,0,86,0,0,0,0
346.4447,1,0,12,1,0,0,0,-1,0,3.0000,-1,27,38,21,0,86,0,0,0,0
346.4628,1,0,12,1,0,0,0,-1,0,2.0000,-1,27,38,21,0,86,0,0,0,0
346.4823,1,0,12,1,0,0,0,-1,0,2.0000,-1,27,38,21,0,86,0,0,0,0
346.5021,1,0,12,1,0,0,0,-1,0,2.0000,-1,27,38,21,0,86,0,0,0,0
346.5234,1,0,12,1,0,0,0,-1,0,2.0000,-1,27,38,21,0,86,0,0,0,0
346.5594,1,0,12,1,0,0,0,-1,0,2.0000,-1,27,38,21,0,86,0,0,0,0
346.5734,1,0,12,1,0,0,0,-1,0,2.0000,-1,27,38,21,0,86,0,0,0,0
346.5874,1,0,12,1,0,0,0,-1,0,2.0000,-1,27,38,21,0,86,0,0,0,0
346.6049,1,0,12,1,0,0,0,-1,0,2.0000,-1,27,38,21,0,86,0,0,0,0
346.626,1,0,12,1,0,0,0,-1,1,3.0000,-1,27,38,21,0,86,0,0,0,0
346.6454,1,0,12,1,0,0,0,-1,0,3.0000,-1,27,38,21,0,86,0,0,0,0
346.6691,1,0,12,1,0,0,0,-1,0,3.0000,-1,27,38,21,0,86,0,0,0,0
346.689,1,0,12,1,0,0,0,-1,0,3.0000,-1,27,38,21,0,86,0,0,0,0
346.7071,1,0,12,1,0,0,0,-1,0,3.0000,-1,27,38,21,0,86,0,0,0,0
346.7271,1,0,12,1,0,0,0,-1,0,3.0000,-1,27,38,21,0,86,0,0,0,0
346.7466,1,0,12,1,0,0,0,-1,0,3.0000,-1,27,38,21,0,86,0,0,0,0
346.7664,1,0,12,1,0,0,0,-1,0,3.0000,-1,27,38,21,0,86,0,0,0,0
346.7891,1,0,12,1,0,0,0,-1,0,3.0000,-1,27,38,21,0,86,0,0,0,0
346.8066,1,0,12,1,0,0,0,-1,0,3.0000,-1,27,38,21,0,86,0,0,0,0
346.8261,1,0,12,1,0,0,0,-1,0,3.0000,-1,27,38,21,0,86,0,0,0,0
346.8482,1,0,12,1,0,0,0,-1,0,3.0000,-1,27,38,21,0,86,0,0,0,0
346.866,1,0,12,1,0,0,0,-1,0,3.0000,-1,27,38,21,0,86,0,0,0,0
346.8878,1,0,12,1,0,0,0,-1,0,2.0000,-1,27,38,21,0,86,0,0,0,0
346.9079,1,0,12,1,0,0,0,-1,0,2.0000,-1,27,38,21,0,86,0,0,0,0
346.9271,1,0,12,1,0,0,0,-1,0,2.0000,-1,27,38,21,0,86,0,0,0,0
346.9468,1,0,12,1,0,0,0,-1,0,2.0000,-1,27,38,21,0,86,0,0,0,0
346.9662,1,0,12,1,0,0,0,-1,0,2.0000,-1,27,38,21,0,86,0,0,0,0
346.9878,1,0,12,1,0,0,0,-1,0,2.0000,-1,27,38,21,0,86,0,0,0,0
347.005,1,0,12,1,0,0,0,-1,0,2.0000,-1,27,38,21,0,86,0,0,0,0
347.0264,1,0,12,1,0,0,0,-1,0,2.0000,-1,27,38,21,0,86,0,0,0,0
347.045,1,0,12,1,0,0,0,-1,0,2.0000,-1,27,38,21,0,86,0,0,0,0
347.0692,1,0,12,1,0,0,0,-1,0,2.0000,-1,27,38,21,0,86,0,0,0,0
347.0888,1,0,12,1,0,0,0,-1,0,2.0000,-1,27,38,21,0,86,0,0,0,0
347.1065,1,0,12,1,0,0,0,-1,1,3.0000,-1,27,38,21,0,86,0,0,0,0
347.1275,1,0,12,1,0,0,0,-1,0,3.0000,-1,27,38,21,0,86,0,0,0,0
347.1649,1,0,12,1,0,0,0,-1,0,2.0000,-1,27,38,21,0,86,0,0,0,0
347.1789,1,0,12,1,0,0,0,-1,0,2.0000,-1,27,38,21,0,86,0,0,0,0
347.1926,1,0,12,1,0,0,0,-1,0,2.0000,-1,27,38,21,0,86,0,0,0,0
347.2097,1,0,12,1,0,0,0,-1,0,2.0000,-1,27,38,21,0,86,0,0,0,0
347.2334,1,0,12,1,0,0,0,-1,0,2.0000,-1,27,38,21,0,86,0,0,0,0
347.2504,1,0,12,1,0,0,0,-1,0,2.0000,-1,27,38,21,0,86,0,0,0,0
347.2726,1,0,12,1,0,0,0,-1,0,2.0000,-1,27,38,21,0,86,0,0,0,0
347.2903,1,0,12,1,0,0,0,-1,0,2.0000,-1,27,38,21,0,86,0,0,0,0
347.3122,1,0,12,1,0,0,0,-1,0,2.0000,-1,27,38,21,0,86,0,0,0,0
347.3298,1,0,12,1,0,0,0,-1,0,2.0000,-1,27,38,21,0,86,0,0,0,0
347.3531,1,0,12,1,0,0,0,-1,0,2.0000,-1,27,38,21,0,86,0,0,0,0
347.3723,1,0,12,1,0,0,0,-1,0,2.0000,-1,27,38,21,0,86,0,0,0,0
347.3901,1,0,12,1,0,0,0,-1,0,2.0000,-1,27,38,21,0,86,0,0,0,0
347.4134,1,0,12,1,0,0,0,-1,0,2.0000,-1,27,38,21,0,86,0,0,0,0
347.4306,1,0,12,1,0,0,0,-1,1,3.0000,-1,27,38,21,0,86,0,0,0,0
347.4495,1,0,12,1,0,0,0,-1,0,3.0000,-1,27,38,21,0,86,0,0,0,0
347.4698,1,0,12,1,0,0,0,-1,0,3.0000,-1,27,38,21,0,86,0,0,0,0
347.4908,1,0,12,1,0,0,0,-1,0,3.0000,-1,27,38,21,0,86,0,0,0,0
347.5115,1,0,12,1,0,0,0,-1,1,4.0000,-1,27,38,21,0,86,0,0,0,0
347.5289,1,0,12,1,0,0,0,-1,0,4.0000,-1,27,38,21,0,86,0,0,0,0
347.5496,1,0,12,0,0,0,0,-1,0,4.0000,-1,27,38,21,0,86,0,0,0,0
347.5691,1,0,12,0,0,0,0,-1,0,4.0000,-1,27,38,21,0,86,0,0,0,0
347.5909,1,0,12,0,0,0,0,-1,0,4.0000,-1,27,38,21,0,86,0,0,0,0
347.6128,1,0,12,0,0,0,0,-1,0,4.0000,-1,27,38,21,0,86,0,0,0,0
347.632,1,0,12,0,0,0,0,-1,0,3.0000,-1,27,38,21,0,86,0,0,0,0
347.6512,1,0,12,0,0,0,0,-1,0,3.0000,-1,27,38,21,0,86,0,0,0,0
347.6717,1,0,12,0,0,0,0,-1,0,3.0000,-1,27,38,21,0,86,0,0,0,0
347.6918,1,0,12,0,0,0,0,-1,0,3.0000,-1,27,38,21,0,86,0,0,0,0
347.7126,1,0,12,0,0,0,0,-1,0,3.0000,-1,27,38,21,0,86,0,0,0,0
347.7339,1,0,12,0,0,0,0,-1,0,3.0000,-1,27,38,21,0,86,0,0,0,0
347.7509,1,0,12,0,0,0,0,-1,0,3.0000,-1,27,38,21,0,86,0,0,0,0
347.7894,1,0,12,0,0,0,0,-1,0,3.0000,-1,27,38,21,0,86,0,0,0,0
347.8031,1,0,12,0,0,0,0,-1,0,3.0000,-1,27,38,21,0,86,0,0,0,0
347.8178,1,0,12,0,0,0,0,-1,0,3.0000,-1,27,38,21,0,86,0,0,0,0
347.8362,1,0,12,0,0,0,0,-1,0,3.0000,-1,27,38,21,0,86,0,0,0,0
347.8584,1,0,12,0,0,0,0,-1,0,3.0000,-1,27,38,21,0,86,0,0,0,0
347.8786,1,0,12,0,0,0,0,-1,0,3.0000,-1,27,38,21,0,86,0,0,0,0
347.9004,1,0,12,0,0,0,0,-1,0,3.0000,-1,27,38,21,0,86,0,0,0,0
347.919,1,0,12,0,0,0,0,-1,0,3.0000,-1,27,38,21,0,86,0,0,0,0
347.9395,1,0,12,0,0,0,0,-1,1,4.0000,-1,27,38,21,0,86,0,0,0,0
347.9582,1,0,12,0,0,0,0,-1,0,4.0000,-1,27,38,21,0,86,0,0,0,0
347.9974,1,0,12,0,0,0,0,-1,0,4.0000,-1,27,38,21,0,86,0,0,0,0
348.0097,1,0,12,0,0,0,1,286,0,4.0000,-1,27,38,21,0,86,0,0,0,0
348.0237,1,0,12,0,0,0,1,286,0,4.0000,-1,27,38,21,0,86,0,0,0,0
348.0446,1,0,12,0,0,0,1,286,0,4.0000,-1,27,38,21,0,86,0,0,0,0
348.0671,1,0,12,0,0,0,1,286,0,4.0000,-1,27,38,21,0,86,0,0,0,0
348.089,1,0,12,0,0,0,1,286,0,4.0000,-1,27,38,21,0,86,0,0,0,0
348.1106,1,0,12,0,0,0,1,286,0,3.0000,-1,27,38,21,0,86,0,0,0,0
348.1303,1,0,12,0,0,0,0,-1,0,3.0000,286,28,38,21,0,87,0,0,0,0
348.1513,1,0,12,0,0,0,0,-1,0,3.0000,-1,28,38,21,0,87,0,0,0,0
348.1736,1,0,12,0,0,0,0,-1,0,3.0000,-1,28,38,21,0,87,0,0,0,0
348.213,1,0,12,0,0,0,0,-1,0,3.0000,-1,28,38,21,0,87,0,0,0,0
348.2296,1,0,12,0,0,0,0,-1,0,3.0000,-1,28,38,21,0,87,0,0,0,0
348.245,1,0,12,0,0,0,0,-1,0,3.0000,-1,28,38,21,0,87,0,0,0,0
348.2629,1,0,12,0,0,0,0,-1,0,3.0000,-1,28,38,21,0,87,0,0,0,0
348.2862,1,0,12,0,0,0,0,-1,0,3.0000,-1,28,38,21,0,87,0,0,0,0
348.3065,1,0,12,0,0,0,0,-1,0,3.0000,-1,28,38,21,0,87,0,0,0,0
348.3254,1,0,12,0,0,0,0,-1,0,3.0000,-1,28,38,21,0,87,0,0,0,0
348.3472,1,0,12,0,0,0,0,-1,0,3.0000,-1,28,38,21,0,87,0,0,0,0
348.3699,1,0,12,0,0,0,0,-1,0,3.0000,-1,28,38,21,0,87,0,0,0,0
348.3907,1,0,12,0,0,0,0,-1,0,3.0000,-1,28,38,21,0,87,0,0,0,0
348.4312,1,0,12,0,0,0,0,-1,1,3.0000,-1,28,38,21,0,87,0,0,0,0
348.444,1,0,12,0,0,0,0,-1,0,3.0000,-1,28,38,21,0,87,0,0,0,0
348.4605,1,0,12,0,0,0,0,-1,0,3.0000,-1,28,38,21,0,87,0,0,0,0
348.4789,1,0,12,0,0,0,0,-1,0,3.0000,-1,28,38,21,0,87,0,0,0,0
348.501,1,0,12,0,0,0,0,-1,0,3.0000,-1,28,38,21,0,87,0,0,0,0
348.5237,1,0,12,0,0,0,0,-1,1,3.0000,-1,28,38,21,0,87,0,0,0,0
348.5473,1,0,12,0,0,0,0,-1,0,3.0000,-1,28,38,21,0,87,0,0,0,0
348.5691,1,0,12,0,0,0,0,-1,0,3.0000,-1,28,38,21,0,87,0,0,0,0
348.591,1,0,12,0,0,0,0,-1,0,3.0000,-1,28,38,21,0,87,0,0,0,0
348.6099,1,0,12,0,0,0,0,-1,0,3.0000,-1,28,38,21,0,87,0,0,0,0
348.6488,1,0,12,0,0,0,0,-1,0,3.0000,-1,28,38,21,0,87,0,0,0,0
348.6645,1,0,12,0,0,0,0,-1,0,3.0000,-1,28,38,21,0,87,0,0,0,0
348.6809,1,0,12,0,0,0,0,-1,0,3.0000,-1,28,38,21,0,87,0,0,0,0
348.7003,1,0,12,0,0,0,0,-1,0,3.0000,-1,28,38,21,0,87,0,0,0,0
348.7208,1,0,12,0,0,0,0,-1,0,3.0000,-1,28,38,21,0,87,0,0,0,0
348.7426,1,0,12,0,0,0,0,-1,0,3.0000,-1,28,38,21,0,87,0,0,0,0
348.7647,1,0,12,0,0,0,0,-1,0,3.0000,-1,28,38,21,0,87,0,0,0,0
348.7848,1,0,12,0,0,0,0,-1,0,3.0000,-1,28,38,21,0,87,0,0,0,0
348.8059,1,0,12,0,0,0,0,-1,1,4.0000,-1,28,38,21,0,87,0,0,0,0
348.8289,1,0,12,0,0,0,0,-1,0,4.0000,-1,28,38,21,0,87,0,0,0,0
348.8675,1,0,12,0,0,0,0,-1,0,4.0000,-1,28,38,21,0,87,0,0,0,0
348.8819,1,0,12,0,0,0,0,-1,0,4.0000,-1,28,38,21,0,87,0,0,0,0
348.8976,1,0,12,0,0,0,0,-1,0,4.0000,-1,28,38,21,0,87,0,0,0,0
348.9168,1,0,12,0,0,0,0,-1,0,4.0000,-1,28,38,21,0,87,0,0,0,0
348.938,1,0,12,0,0,0,0,-1,0,4.0000,-1,28,38,21,0,87,0,0,0,0
348.9596,1,0,12,0,0,0,0,-1,1,4.0000,-1,28,38,21,0,87,0,0,0,0
348.9816,1,0,12,0,0,0,0,-1,0,4.0000,-1,28,38,21,0,87,0,0,0,0
349.0022,1,0,12,0,0,0,0,-1,0,4.0000,-1,28,38,21,0,87,0,0,0,0
349.0244,1,0,12,0,0,0,1,289,0,4.0000,-1,28,38,21,0,87,0,0,0,0
349.0468,1,0,12,0,0,0,1,289,0,4.0000,-1,28,38,21,0,87,0,0,0,0
349.0679,1,0,12,0,0,0,1,289,0,4.0000,-1,28,38,21,0,87,0,0,0,0
349.0862,1,0,12,0,0,0,1,287,0,4.0000,-1,28,38,21,0,87,0,0,0,0
349.1073,1,0,12,0,0,0,1,287,0,4.0000,-1,28,38,21,0,87,0,0,0,0
349.1279,1,0,12,0,0,0,1,287,0,4.0000,-1,28,38,21,0,87,0,0,0,0
349.15,1,0,12,0,0,0,1,287,0,4.0000,-1,28,38,21,0,87,0,0,0,0
349.17,1,0,12,0,0,0,1,287,0,4.0000,-1,28,38,21,0,87,0,0,0,0
349.1912,1,0,12,0,0,0,1,287,0,4.0000,-1,28,38,21,0,87,0,0,0,0
349.2137,1,0,12,0,0,0,1,289,0,4.0000,-1,28,38,21,0,87,0,0,0,0
349.2342,1,0,12,0,0,0,1,289,0,4.0000,-1,28,38,21,0,87,0,0,0,0
349.2533,1,0,12,0,0,0,1,289,1,5.0000,-1,28,38,21,0,87,0,0,0,0
349.2728,1,0,12,0,0,0,1,289,0,5.0000,-1,28,38,21,0,87,0,0,0,0
349.2928,1,0,12,0,0,0,1,289,0,5.0000,-1,28,38,21,0,87,0,0,0,0
349.3132,1,0,12,0,0,0,1,289,0,5.0000,-1,28,38,21,0,87,0,0,0,0
349.3341,1,0,12,0,0,0,1,289,0,5.0000,-1,28,38,21,0,87,0,0,0,0
349.3553,1,0,12,0,0,0,1,289,0,5.0000,-1,28,38,21,0,87,0,0,0,0
349.3749,1,0,12,0,0,0,1,289,0,5.0000,-1,28,38,21,0,87,0,0,0,0
349.3947,1,0,12,0,0,0,1,289,0,5.0000,-1,28,38,21,0,87,0,0,0,0
349.414,1,0,12,0,0,0,1,289,0,5.0000,-1,28,38,21,0,87,0,0,0,0
349.4341,1,0,12,0,0,0,1,289,0,4.0000,-1,28,38,21,0,87,0,0,0,0
349.4552,1,0,12,0,0,0,1,289,0,4.0000,-1,28,38,21,0,87,0,0,0,0
349.4776,1,0,12,0,0,0,1,289,0,4.0000,-1,28,38,21,0,87,0,0,0,0
349.4963,1,0,12,0,0,0,1,289,0,4.0000,-1,28,38,21,0,87,0,0,0,0