run_time,current_driver_player_number,driver_changed_this_frame,driver_change_count_total,curve_active,drift_check_active,drift_check_result,warning_active,warning_obstacle_id,driver_input_this_frame,inputs_per_second,hit_obstacle_id_this_frame,player1_collision_counter,player2_collision_counter,player3_collision_counter,player4_collision_counter,collision_count_total,player1_final_points,player2_final_points,player3_final_points,player4_final_points
38.77976,1,0,0,0,0,0,0,-1,0,0.0000,-1,0,0,0,0,0,0,0,0,0
38.8324,1,0,0,0,0,0,0,-1,0,0.0000,-1,0,0,0,0,0,0,0,0,0
38.85704,1,0,0,0,0,0,0,-1,0,0.0000,-1,0,0,0,0,0,0,0,0,0
38.86762,1,0,0,0,0,0,0,-1,0,0.0000,-1,0,0,0,0,0,0,0,0,0
38.88453,1,0,0,0,0,0,0,-1,0,0.0000,-1,0,0,0,0,0,0,0,0,0
38.90854,1,0,0,0,0,0,0,-1,0,0.0000,-1,0,0,0,0,0,0,0,0,0
38.93258,1,0,0,0,0,0,0,-1,0,0.0000,-1,0,0,0,0,0,0,0,0,0
38.95629,1,0,0,0,0,0,0,-1,1,1.0000,-1,0,0,0,0,0,0,0,0,0
38.99847,1,0,0,0,0,0,0,-1,0,1.0000,-1,0,0,0,0,0,0,0,0,0
39.01448,1,0,0,0,0,0,0,-1,0,1.0000,-1,0,0,0,0,0,0,0,0,0
39.03487,1,0,0,0,0,0,0,-1,0,1.0000,-1,0,0,0,0,0,0,0,0,0
39.04908,1,0,0,0,0,0,0,-1,0,1.0000,-1,0,0,0,0,0,0,0,0,0
39.07078,1,0,0,0,0,0,0,-1,0,1.0000,-1,0,0,0,0,0,0,0,0,0
39.09539,1,0,0,0,0,0,0,-1,0,1.0000,-1,0,0,0,0,0,0,0,0,0
39.11695,1,0,0,0,0,0,0,-1,0,1.0000,-1,0,0,0,0,0,0,0,0,0
39.13883,1,0,0,0,0,0,0,-1,0,1.0000,-1,0,0,0,0,0,0,0,0,0
39.16102,1,0,0,0,0,0,0,-1,0,1.0000,-1,0,0,0,0,0,0,0,0,0
39.18303,1,0,0,0,0,0,0,-1,0,1.0000,-1,0,0,0,0,0,0,0,0,0
39.20443,1,0,0,0,0,0,0,-1,0,1.0000,-1,0,0,0,0,0,0,0,0,0
39.2262,1,0,0,0,0,0,0,-1,0,1.0000,-1,0,0,0,0,0,0,0,0,0
39.24804,1,0,0,0,0,0,0,-1,0,1.0000,-1,0,0,0,0,0,0,0,0,0
39.27148,1,0,0,0,0,0,0,-1,0,1.0000,-1,0,0,0,0,0,0,0,0,0
39.29403,1,0,0,0,0,0,0,-1,0,1.0000,-1,0,0,0,0,0,0,0,0,0
39.31417,1,0,0,0,0,0,0,-1,0,1.0000,-1,0,0,0,0,0,0,0,0,0
39.33486,1,0,0,0,0,0,0,-1,0,1.0000,-1,0,0,0,0,0,0,0,0,0
39.35699,1,0,0,0,0,0,0,-1,0,1.0000,-1,0,0,0,0,0,0,0,0,0
39.37858,1,0,0,0,0,0,0,-1,0,1.0000,-1,0,0,0,0,0,0,0,0,0
39.40092,1,0,0,0,0,0,0,-1,0,1.0000,-1,0,0,0,0,0,0,0,0,0
39.4226,1,0,0,0,0,0,0,-1,0,1.0000,-1,0,0,0,0,0,0,0,0,0
39.4441,1,0,0,0,0,0,0,-1,0,1.0000,-1,0,0,0,0,0,0,0,0,0
39.46667,1,0,0,0,0,0,0,-1,0,1.0000,-1,0,0,0,0,0,0,0,0,0
39.48848,1,0,0,0,0,0,0,-1,0,1.0000,-1,0,0,0,0,0,0,0,0,0
39.51054,1,0,0,0,0,0,0,-1,0,1.0000,-1,0,0,0,0,0,0,0,0,0
39.53218,1,0,0,0,0,0,0,-1,0,1.0000,-1,0,0,0,0,0,0,0,0,0
39.55454,1,0,0,0,0,0,0,-1,0,1.0000,-1,0,0,0,0,0,0,0,0,0
39.57661,1,0,0,0,0,0,0,-1,0,1.0000,-1,0,0,0,0,0,0,0,0,0
39.5982,1,0,0,0,0,0,0,-1,0,1.0000,-1,0,0,0,0,0,0,0,0,0
39.62051,1,0,0,0,0,0,0,-1,0,1.0000,-1,0,0,0,0,0,0,0,0,0
39.64319,1,0,0,0,0,0,0,-1,0,1.0000,-1,0,0,0,0,0,0,0,0,0
39.66437,1,0,0,0,0,0,0,-1,0,1.0000,-1,0,0,0,0,0,0,0,0,0
39.68645,1,0,0,0,0,0,0,-1,0,1.0000,-1,0,0,0,0,0,0,0,0,0
39.70837,1,0,0,0,0,0,0,-1,0,1.0000,-1,0,0,0,0,0,0,0,0,0
39.73119,1,0,0,0,0,0,0,-1,0,1.0000,-1,0,0,0,0,0,0,0,0,0
39.75254,1,0,0,0,0,0,0,-1,0,1.0000,-1,0,0,0,0,0,0,0,0,0
39.77504,1,0,0,0,0,0,0,-1,0,1.0000,-1,0,0,0,0,0,0,0,0,0
39.79703,1,0,0,0,0,0,0,-1,0,1.0000,-1,0,0,0,0,0,0,0,0,0
39.81935,1,0,0,0,0,0,0,-1,0,1.0000,-1,0,0,0,0,0,0,0,0,0
39.84208,1,0,0,0,0,0,0,-1,0,1.0000,-1,0,0,0,0,0,0,0,0,0
39.86372,1,0,0,0,0,0,0,-1,0,1.0000,-1,0,0,0,0,0,0,0,0,0
39.88594,1,0,0,0,0,0,0,-1,0,1.0000,-1,0,0,0,0,0,0,0,0,0
39.9081,1,0,0,0,0,0,0,-1,0,1.0000,-1,0,0,0,0,0,0,0,0,0
39.93075,1,0,0,0,0,0,0,-1,0,1.0000,-1,0,0,0,0,0,0,0,0,0
39.9531,1,0,0,0,0,0,0,-1,0,1.0000,-1,0,0,0,0,0,0,0,0,0
39.97535,1,0,0,0,0,0,0,-1,0,0.0000,-1,0,0,0,0,0,0,0,0,0
39.99817,1,0,0,0,0,0,0,-1,0,0.0000,-1,0,0,0,0,0,0,0,0,0
40.02041,1,0,0,0,0,0,0,-1,1,1.0000,-1,0,0,0,0,0,0,0,0,0
40.06165,1,0,0,0,0,0,0,-1,0,1.0000,-1,0,0,0,0,0,0,0,0,0
40.07294,1,0,0,0,0,0,0,-1,0,1.0000,-1,0,0,0,0,0,0,0,0,0
40.09065,1,0,0,0,0,0,0,-1,0,1.0000,-1,0,0,0,0,0,0,0,0,0
40.11375,1,0,0,0,0,0,0,-1,0,1.0000,-1,0,0,0,0,0,0,0,0,0
40.13603,1,0,0,0,0,0,0,-1,0,1.0000,-1,0,0,0,0,0,0,0,0,0
40.15869,1,0,0,0,0,0,0,-1,0,1.0000,-1,0,0,0,0,0,0,0,0,0
40.18127,1,0,0,0,0,0,0,-1,0,1.0000,-1,0,0,0,0,0,0,0,0,0
40.2039,1,0,0,0,0,0,0,-1,0,1.0000,-1,0,0,0,0,0,0,0,0,0
40.2272,1,0,0,0,0,0,0,-1,0,1.0000,-1,0,0,0,0,0,0,0,0,0
40.24961,1,0,0,0,0,0,0,-1,0,1.0000,-1,0,0,0,0,0,0,0,0,0
40.27221,1,0,0,0,0,0,0,-1,1,2.0000,-1,0,0,0,0,0,0,0,0,0
40.2947,1,0,0,0,0,0,0,-1,0,2.0000,-1,0,0,0,0,0,0,0,0,0
40.31835,1,0,0,0,0,0,0,-1,0,2.0000,-1,0,0,0,0,0,0,0,0,0
40.34009,1,0,0,0,0,0,0,-1,0,2.0000,-1,0,0,0,0,0,0,0,0,0
40.36329,1,0,0,0,0,0,0,-1,0,2.0000,-1,0,0,0,0,0,0,0,0,0
40.38575,1,0,0,0,0,0,0,-1,0,2.0000,-1,0,0,0,0,0,0,0,0,0
40.40901,1,0,0,0,0,0,0,-1,0,2.0000,-1,0,0,0,0,0,0,0,0,0
40.4311,1,0,0,0,0,0,0,-1,0,2.0000,-1,0,0,0,0,0,0,0,0,0
40.4538,1,0,0,0,0,0,0,-1,0,2.0000,-1,0,0,0,0,0,0,0,0,0
40.47599,1,0,0,0,0,0,0,-1,0,2.0000,-1,0,0,0,0,0,0,0,0,0
40.49868,1,0,0,0,0,0,0,-1,0,2.0000,-1,0,0,0,0,0,0,0,0,0
40.52126,1,0,0,0,0,0,0,-1,0,2.0000,-1,0,0,0,0,0,0,0,0,0
40.54441,1,0,0,0,0,0,0,-1,0,2.0000,-1,0,0,0,0,0,0,0,0,0
40.5661,1,0,0,0,0,0,0,-1,0,2.0000,-1,0,0,0,0,0,0,0,0,0
40.58849,1,0,0,0,0,0,0,-1,0,2.0000,-1,0,0,0,0,0,0,0,0,0
40.61102,1,0,0,0,0,0,0,-1,0,2.0000,-1,0,0,0,0,0,0,0,0,0
40.63402,1,0,0,0,0,0,0,-1,1,3.0000,-1,0,0,0,0,0,0,0,0,0
40.65625,1,0,0,0,0,0,0,-1,0,3.0000,-1,0,0,0,0,0,0,0,0,0
40.67831,1,0,0,0,0,0,0,-1,0,3.0000,-1,0,0,0,0,0,0,0,0,0
40.70115,1,0,0,0,0,0,0,-1,0,3.0000,-1,0,0,0,0,0,0,0,0,0
40.72326,1,0,0,0,0,0,0,-1,0,3.0000,-1,0,0,0,0,0,0,0,0,0
40.74579,1,0,0,0,0,0,0,-1,0,3.0000,-1,0,0,0,0,0,0,0,0,0
40.76825,1,0,0,0,0,0,0,-1,0,3.0000,-1,0,0,0,0,0,0,0,0,0
40.79137,1,0,0,0,0,0,0,-1,0,3.0000,-1,0,0,0,0,0,0,0,0,0
40.81318,1,0,0,0,0,0,0,-1,0,3.0000,-1,0,0,0,0,0,0,0,0,0
40.83574,1,0,0,0,0,0,0,-1,0,3.0000,-1,0,0,0,0,0,0,0,0,0
40.87862,1,0,0,0,0,0,0,-1,0,3.0000,-1,0,0,0,0,0,0,0,0,0
40.89023,1,0,0,0,0,0,0,-1,0,3.0000,-1,0,0,0,0,0,0,0,0,0
40.90649,1,0,0,0,0,0,0,-1,0,3.0000,-1,0,0,0,0,0,0,0,0,0
40.92959,1,0,0,0,0,0,0,-1,0,3.0000,-1,0,0,0,0,0,0,0,0,0
40.95272,1,0,0,0,0,0,0,-1,0,3.0000,-1,0,0,0,0,0,0,0,0,0
40.97541,1,0,0,0,0,0,0,-1,0,3.0000,-1,0,0,0,0,0,0,0,0,0
40.9982,1,0,0,0,0,0,0,-1,0,3.0000,-1,0,0,0,0,0,0,0,0,0
41.02113,1,0,0,0,0,0,0,-1,0,2.0000,-1,0,0,0,0,0,0,0,0,0
41.0439,1,0,0,0,0,0,0,-1,1,3.0000,-1,0,0,0,0,0,0,0,0,0
41.06671,1,0,0,0,0,0,0,-1,0,3.0000,-1,0,0,0,0,0,0,0,0,0
41.08847,1,0,0,0,0,0,0,-1,0,3.0000,-1,0,0,0,0,0,0,0,0,0
41.11128,1,0,0,0,0,0,0,-1,0,3.0000,-1,0,0,0,0,0,0,0,0,0
41.13548,1,0,0,0,0,0,0,-1,0,3.0000,-1,0,0,0,0,0,0,0,0,0
41.16032,1,0,0,0,0,0,0,-1,0,3.0000,-1,0,0,0,0,0,0,0,0,0
41.18079,1,0,0,0,0,0,0,-1,0,3.0000,-1,0,0,0,0,0,0,0,0,0
41.20533,1,0,0,0,0,0,0,-1,0,3.0000,-1,0,0,0,0,0,0,0,0,0
41.22696,1,0,0,0,0,0,0,-1,0,3.0000,-1,0,0,0,0,0,0,0,0,0
41.2491,1,0,0,0,0,0,0,-1,0,3.0000,-1,0,0,0,0,0,0,0,0,0
41.27195,1,0,0,0,0,0,0,-1,0,3.0000,-1,0,0,0,0,0,0,0,0,0
41.2952,1,0,0,0,0,0,0,-1,0,2.0000,-1,0,0,0,0,0,0,0,0,0
41.31846,1,0,0,0,0,0,0,-1,0,2.0000,-1,0,0,0,0,0,0,0,0,0
41.34187,1,0,0,0,0,0,0,-1,0,2.0000,-1,0,0,0,0,0,0,0,0,0
41.36935,1,0,0,0,0,0,0,-1,0,2.0000,-1,0,0,0,0,0,0,0,0,0
41.39109,1,0,0,0,0,0,0,-1,0,2.0000,-1,0,0,0,0,0,0,0,0,0
41.41729,1,0,0,0,0,0,0,-1,0,2.0000,-1,0,0,0,0,0,0,0,0,0
41.43962,1,0,0,0,0,0,0,-1,0,2.0000,-1,0,0,0,0,0,0,0,0,0
41.46418,1,0,0,0,0,0,0,-1,0,2.0000,-1,0,0,0,0,0,0,0,0,0
41.48972,1,0,0,0,0,0,0,-1,0,2.0000,-1,0,0,0,0,0,0,0,0,0
41.51287,1,0,0,0,0,0,0,-1,0,2.0000,-1,0,0,0,0,0,0,0,0,0
41.53516,1,0,0,0,0,0,0,-1,0,2.0000,-1,0,0,0,0,0,0,0,0,0
41.56106,1,0,0,0,0,0,0,-1,0,2.0000,-1,0,0,0,0,0,0,0,0,0
41.58359,1,0,0,0,0,0,0,-1,0,2.0000,-1,0,0,0,0,0,0,0,0,0
41.60986,1,0,0,0,0,0,0,-1,0,2.0000,-1,0,0,0,0,0,0,0,0,0
41.63235,1,0,0,0,0,0,0,-1,0,2.0000,-1,0,0,0,0,0,0,0,0,0
41.65683,1,0,0,0,0,0,0,-1,0,1.0000,-1,0,0,0,0,0,0,0,0,0
41.68078,1,0,0,0,0,0,0,-1,0,1.0000,-1,0,0,0,0,0,0,0,0,0
41.70608,1,0,0,0,0,0,0,-1,0,1.0000,-1,0,0,0,0,0,0,0,0,0
41.72913,1,0,0,0,0,0,0,-1,0,1.0000,-1,0,0,0,0,0,0,0,0,0
41.75219,1,0,0,0,0,0,0,-1,0,1.0000,-1,0,0,0,0,0,0,0,0,0
41.77522,1,0,0,0,0,0,0,-1,0,1.0000,-1,0,0,0,0,0,0,0,0,0
41.7972,1,0,0,0,0,0,0,-1,0,1.0000,-1,0,0,0,0,0,0,0,0,0
41.82014,1,0,0,0,0,0,0,-1,0,1.0000,-1,0,0,0,0,0,0,0,0,0
41.84391,1,0,0,0,0,0,0,-1,0,1.0000,-1,0,0,0,0,0,0,0,0,0
41.86732,1,0,0,0,0,0,0,-1,0,1.0000,-1,0,0,0,0,0,0,0,0,0
41.89135,1,0,0,0,0,0,0,-1,0,1.0000,-1,0,0,0,0,0,0,0,0,0
41.91115,1,0,0,0,0,0,0,-1,0,1.0000,-1,0,0,0,0,0,0,0,0,0
41.9333,1,0,0,0,0,0,0,-1,0,1.0000,-1,0,0,0,0,0,0,0,0,0
41.95754,1,0,0,0,0,0,0,-1,0,1.0000,-1,0,0,0,0,0,0,0,0,0
41.98322,1,0,0,0,0,0,0,-1,0,1.0000,-1,0,0,0,0,0,0,0,0,0
42.00629,1,0,0,0,0,0,0,-1,0,1.0000,-1,0,0,0,0,0,0,0,0,0
42.0305,1,0,0,0,0,0,0,-1,0,1.0000,-1,0,0,0,0,0,0,0,0,0
42.05235,1,0,0,0,0,0,0,-1,0,0.0000,-1,0,0,0,0,0,0,0,0,0
42.07598,1,0,0,0,0,0,0,-1,0,0.0000,-1,0,0,0,0,0,0,0,0,0
42.09933,1,0,0,0,0,0,0,-1,0,0.0000,-1,0,0,0,0,0,0,0,0,0
42.12194,1,0,0,0,0,0,0,-1,0,0.0000,-1,0,0,0,0,0,0,0,0,0
42.14383,1,0,0,0,0,0,0,-1,0,0.0000,-1,0,0,0,0,0,0,0,0,0
42.17048,1,0,0,0,0,0,0,-1,0,0.0000,-1,0,0,0,0,0,0,0,0,0
42.19294,1,0,0,0,0,0,0,-1,0,0.0000,-1,0,0,0,0,0,0,0,0,0
42.21698,1,0,0,0,0,0,0,-1,0,0.0000,-1,0,0,0,0,0,0,0,0,0
42.24082,1,0,0,0,0,0,0,-1,0,0.0000,-1,0,0,0,0,0,0,0,0,0
42.26384,1,0,0,0,0,0,0,-1,0,0.0000,-1,0,0,0,0,0,0,0,0,0
42.28749,1,0,0,0,0,0,0,-1,0,0.0000,-1,0,0,0,0,0,0,0,0,0
42.30897,1,0,0,0,0,0,0,-1,0,0.0000,-1,0,0,0,0,0,0,0,0,0
42.33147,1,0,0,0,0,0,0,-1,0,0.0000,-1,0,0,0,0,0,0,0,0,0
42.35572,1,0,0,0,0,0,0,-1,0,0.0000,-1,0,0,0,0,0,0,0,0,0
42.37611,1,0,0,0,0,0,0,-1,0,0.0000,-1,0,0,0,0,0,0,0,0,0
42.39987,1,0,0,0,0,0,0,-1,0,0.0000,-1,0,0,0,0,0,0,0,0,0
42.42154,1,0,0,0,0,0,0,-1,0,0.0000,-1,0,0,0,0,0,0,0,0,0
42.44825,1,0,0,0,0,0,0,-1,0,0.0000,-1,0,0,0,0,0,0,0,0,0
42.47036,1,0,0,0,0,0,0,-1,0,0.0000,-1,0,0,0,0,0,0,0,0,0
42.49463,1,0,0,0,0,0,0,-1,0,0.0000,-1,0,0,0,0,0,0,0,0,0
42.51776,1,0,0,0,0,0,0,-1,0,0.0000,-1,0,0,0,0,0,0,0,0,0
42.54032,1,0,0,0,0,0,0,-1,0,0.0000,-1,0,0,0,0,0,0,0,0,0
42.56393,1,0,0,0,0,0,0,-1,0,0.0000,-1,0,0,0,0,0,0,0,0,0
42.58603,1,0,0,0,0,0,0,-1,0,0.0000,-1,0,0,0,0,0,0,0,0,0
42.60882,1,0,0,0,0,0,0,-1,0,0.0000,-1,0,0,0,0,0,0,0,0,0
42.63043,1,0,0,0,0,0,0,-1,0,0.0000,-1,0,0,0,0,0,0,0,0,0
42.65421,1,0,0,0,0,0,0,-1,0,0.0000,-1,0,0,0,0,0,0,0,0,0
42.6762,1,0,0,0,0,0,0,-1,0,0.0000,-1,0,0,0,0,0,0,0,0,0
42.70013,1,0,0,0,0,0,0,-1,0,0.0000,-1,0,0,0,0,0,0,0,0,0
42.72263,1,0,0,0,0,0,0,-1,0,0.0000,-1,0,0,0,0,0,0,0,0,0
42.74521,1,0,0,0,0,0,0,-1,0,0.0000,-1,0,0,0,0,0,0,0,0,0
42.76778,1,0,0,0,0,0,0,-1,0,0.0000,-1,0,0,0,0,0,0,0,0,0
42.79103,1,0,0,0,0,0,0,-1,0,0.0000,-1,0,0,0,0,0,0,0,0,0
42.81452,1,0,0,0,0,0,0,-1,0,0.0000,-1,0,0,0,0,0,0,0,0,0
42.83724,1,0,0,0,0,0,0,-1,0,0.0000,-1,0,0,0,0,0,0,0,0,0
42.85995,1,0,0,0,0,0,0,-1,0,0.0000,-1,0,0,0,0,0,0,0,0,0
42.88288,1,0,0,0,0,0,0,-1,0,0.0000,-1,0,0,0,0,0,0,0,0,0
42.90552,1,0,0,0,0,0,0,-1,0,0.0000,-1,0,0,0,0,0,0,0,0,0
42.92806,1,0,0,0,0,0,0,-1,0,0.0000,-1,0,0,0,0,0,0,0,0,0
42.97,1,0,0,0,0,0,0,-1,0,0.0000,-1,0,0,0,0,0,0,0,0,0
42.98123,1,0,0,0,0,0,0,-1,0,0.0000,-1,0,0,0,0,0,0,0,0,0
43.00294,1,0,0,0,0,0,0,-1,0,0.0000,-1,0,0,0,0,0,0,0,0,0
43.0267,1,0,0,0,0,0,0,-1,0,0.0000,-1,0,0,0,0,0,0,0,0,0
43.04885,1,0,0,0,0,0,0,-1,0,0.0000,-1,0,0,0,0,0,0,0,0,0
43.07263,1,0,0,0,0,0,0,-1,0,0.0000,-1,0,0,0,0,0,0,0,0,0
43.09515,1,0,0,0,0,0,0,-1,0,0.0000,-1,0,0,0,0,0,0,0,0,0
43.11847,1,0,0,0,0,0,0,-1,0,0.0000,-1,0,0,0,0,0,0,0,0,0
43.1412,1,0,0,0,0,0,0,-1,0,0.0000,-1,0,0,0,0,0,0,0,0,0
43.16519,1,0,0,0,0,0,0,-1,0,0.0000,-1,0,0,0,0,0,0,0,0,0
43.18664,1,0,0,0,0,0,0,-1,0,0.0000,-1,0,0,0,0,0,0,0,0,0
43.20914,1,0,0,0,0,0,0,-1,0,0.0000,-1,0,0,0,0,0,0,0,0,0
43.23195,1,0,0,0,0,0,0,-1,0,0.0000,-1,0,0,0,0,0,0,0,0,0
43.25521,1,0,0,0,0,0,0,-1,0,0.0000,-1,0,0,0,0,0,0,0,0,0
43.27837,1,0,0,0,0,0,0,-1,0,0.0000,-1,0,0,0,0,0,0,0,0,0
43.30032,1,0,0,0,0,0,0,-1,0,0.0000,-1,0,0,0,0,0,0,0,0,0
43.32333,1,0,0,0,0,0,0,-1,0,0.0000,-1,0,0,0,0,0,0,0,0,0
43.34594,1,0,0,0,0,0,0,-1,0,0.0000,-1,0,0,0,0,0,0,0,0,0
43.36916,1,0,0,0,0,0,0,-1,0,0.0000,-1,0,0,0,0,0,0,0,0,0
43.39384,1,0,0,0,0,0,0,-1,0,0.0000,-1,0,0,0,0,0,0,0,0,0
43.41752,1,0,0,0,0,0,0,-1,0,0.0000,-1,0,0,0,0,0,0,0,0,0
43.43988,1,0,0,0,0,0,0,-1,0,0.0000,-1,0,0,0,0,0,0,0,0,0
43.46377,1,0,0,0,0,0,0,-1,0,0.0000,-1,0,0,0,0,0,0,0,0,0
43.48527,1,0,0,0,0,0,0,-1,0,0.0000,-1,0,0,0,0,0,0,0,0,0
43.50763,1,0,0,0,0,0,0,-1,0,0.0000,-1,0,0,0,0,0,0,0,0,0
43.53008,1,0,0,0,0,0,0,-1,0,0.0000,-1,0,0,0,0,0,0,0,0,0
43.55296,1,0,0,0,0,0,0,-1,0,0.0000,-1,0,0,0,0,0,0,0,0,0
43.59597,1,0,0,0,0,0,0,-1,0,0.0000,-1,0,0,0,0,0,0,0,0,0
43.60789,1,0,0,0,0,0,0,-1,0,0.0000,-1,0,0,0,0,0,0,0,0,0
43.62492,1,0,0,0,0,0,0,-1,0,0.0000,-1,0,0,0,0,0,0,0,0,0
43.64837,1,0,0,0,0,0,0,-1,0,0.0000,-1,0,0,0,0,0,0,0,0,0
43.67071,1,0,0,0,0,0,0,-1,0,0.0000,-1,0,0,0,0,0,0,0,0,0
43.69384,1,0,0,0,0,0,0,-1,0,0.0000,-1,0,0,0,0,0,0,0,0,0
43.71649,1,0,0,0,0,0,0,-1,0,0.0000,-1,0,0,0,0,0,0,0,0,0
43.73926,1,0,0,0,0,0,0,-1,0,0.0000,-1,0,0,0,0,0,0,0,0,0
43.76146,1,0,0,0,0,0,0,-1,0,0.0000,-1,0,0,0,0,0,0,0,0,0
43.78465,1,0,0,0,0,0,0,-1,0,0.0000,-1,0,0,0,0,0,0,0,0,0
43.80744,1,0,0,0,0,0,0,-1,0,0.0000,-1,0,0,0,0,0,0,0,0,0
43.82993,1,0,0,0,0,0,0,-1,0,0.0000,-1,0,0,0,0,0,0,0,0,0
43.85392,1,0,0,0,0,0,0,-1,0,0.0000,-1,0,0,0,0,0,0,0,0,0
43.87698,1,0,0,0,0,0,0,-1,0,0.0000,-1,0,0,0,0,0,0,0,0,0
43.89922,1,0,0,0,0,0,0,-1,0,0.0000,-1,0,0,0,0,0,0,0,0,0
43.92569,1,0,0,0,0,0,0,-1,0,0.0000,-1,0,0,0,0,0,0,0,0,0
43.94851,1,0,0,0,0,0,0,-1,0,0.0000,-1,0,0,0,0,0,0,0,0,0
43.97118,1,0,0,0,0,0,0,-1,0,0.0000,-1,0,0,0,0,0,0,0,0,0
43.99335,1,0,0,0,0,0,0,-1,0,0.0000,-1,0,0,0,0,0,0,0,0,0
44.01593,1,0,0,0,0,0,0,-1,0,0.0000,-1,0,0,0,0,0,0,0,0,0
44.03881,1,0,0,0,0,0,0,-1,0,0.0000,-1,0,0,0,0,0,0,0,0,0
44.06175,1,0,0,0,0,0,0,-1,0,0.0000,-1,0,0,0,0,0,0,0,0,0
44.08433,1,0,0,0,0,0,0,-1,0,0.0000,-1,0,0,0,0,0,0,0,0,0
44.10646,1,0,0,0,0,0,0,-1,0,0.0000,-1,0,0,0,0,0,0,0,0,0
44.12994,1,0,0,0,0,0,0,-1,0,0.0000,-1,0,0,0,0,0,0,0,0,0
44.15191,1,0,0,0,0,0,0,-1,0,0.0000,-1,0,0,0,0,0,0,0,0,0
44.1749,1,0,0,0,0,0,0,-1,0,0.0000,-1,0,0,0,0,0,0,0,0,0
44.20052,1,0,0,0,0,0,0,-1,0,0.0000,-1,0,0,0,0,0,0,0,0,0
44.2237,1,0,0,0,0,0,0,-1,0,0.0000,-1,0,0,0,0,0,0,0,0,0
44.24615,1,0,0,0,0,0,0,-1,0,0.0000,-1,0,0,0,0,0,0,0,0,0
44.26971,1,0,0,0,0,0,0,-1,0,0.0000,-1,0,0,0,0,0,0,0,0,0
44.29321,1,0,0,0,0,0,0,-1,0,0.0000,-1,0,0,0,0,0,0,0,0,0
44.31504,1,0,0,0,0,0,0,-1,0,0.0000,-1,0,0,0,0,0,0,0,0,0
44.33773,1,0,0,0,0,0,0,-1,0,0.0000,-1,0,0,0,0,0,0,0,0,0
44.36163,1,0,0,0,0,0,0,-1,0,0.0000,-1,0,0,0,0,0,0,0,0,0
44.38275,1,0,0,0,0,0,0,-1,0,0.0000,-1,0,0,0,0,0,0,0,0,0
44.42561,1,0,0,0,0,0,0,-1,0,0.0000,-1,0,0,0,0,0,0,0,0,0
44.43774,1,0,0,0,0,0,0,-1,0,0.0000,-1,0,0,0,0,0,0,0,0,0
44.45382,1,0,0,0,0,0,0,-1,0,0.0000,-1,0,0,0,0,0,0,0,0,0
44.47607,1,0,0,0,0,0,0,-1,0,0.0000,-1,0,0,0,0,0,0,0,0,0
44.4981,1,0,0,0,0,0,0,-1,0,0.0000,-1,0,0,0,0,0,0,0,0,0
44.52053,1,0,0,0,0,0,0,-1,0,0.0000,-1,0,0,0,0,0,0,0,0,0
44.5425,1,0,0,0,0,0,0,-1,0,0.0000,-1,0,0,0,0,0,0,0,0,0
44.56578,1,0,0,0,0,0,0,-1,0,0.0000,-1,0,0,0,0,0,0,0,0,0
44.58747,1,0,0,0,0,0,0,-1,0,0.0000,-1,0,0,0,0,0,0,0,0,0
44.61042,1,0,0,0,0,0,0,-1,0,0.0000,-1,0,0,0,0,0,0,0,0,0
44.63192,1,0,0,0,0,0,0,-1,0,0.0000,-1,0,0,0,0,0,0,0,0,0
44.65489,1,0,0,0,0,0,0,-1,0,0.0000,-1,0,0,0,0,0,0,0,0,0
44.67688,1,0,0,0,0,0,0,-1,0,0.0000,-1,0,0,0,0,0,0,0,0,0
44.69977,1,0,0,0,0,0,0,-1,0,0.0000,-1,0,0,0,0,0,0,0,0,0
44.72248,1,0,0,0,0,0,0,-1,0,0.0000,-1,0,0,0,0,0,0,0,0,0
44.74414,1,0,0,0,0,0,0,-1,0,0.0000,-1,0,0,0,0,0,0,0,0,0
44.76708,1,0,0,0,0,0,0,-1,0,0.0000,-1,0,0,0,0,0,0,0,0,0
44.78889,1,0,0,0,0,0,0,-1,0,0.0000,-1,0,0,0,0,0,0,0,0,0
44.83172,1,0,0,0,0,0,0,-1,0,0.0000,-1,0,0,0,0,0,0,0,0,0
44.84365,1,0,0,0,0,0,0,-1,0,0.0000,-1,0,0,0,0,0,0,0,0,0
44.86016,1,0,0,0,0,0,0,-1,0,0.0000,-1,0,0,0,0,0,0,0,0,0
44.88297,1,0,0,0,0,0,0,-1,0,0.0000,-1,0,0,0,0,0,0,0,0,0
44.90582,1,0,0,0,0,0,0,-1,0,0.0000,-1,0,0,0,0,0,0,0,0,0
44.92869,1,0,0,0,0,0,0,-1,0,0.0000,-1,0,0,0,0,0,0,0,0,0
44.9509,1,0,0,0,0,0,0,-1,0,0.0000,-1,0,0,0,0,0,0,0,0,0
44.97377,1,0,0,0,0,0,0,-1,0,0.0000,-1,0,0,0,0,0,0,0,0,0
44.99607,1,0,0,0,0,0,0,-1,0,0.0000,-1,0,0,0,0,0,0,0,0,0
45.03892,1,0,0,0,0,0,0,-1,0,0.0000,-1,0,0,0,0,0,0,0,0,0
45.05188,1,0,0,0,0,0,0,-1,0,0.0000,-1,0,0,0,0,0,0,0,0,0
45.06809,1,0,0,0,0,0,0,-1,0,0.0000,-1,0,0,0,0,0,0,0,0,0
45.09144,1,0,0,0,0,0,0,-1,0,0.0000,-1,0,0,0,0,0,0,0,0,0
45.11412,1,0,0,0,0,0,0,-1,0,0.0000,-1,0,0,0,0,0,0,0,0,0
45.13543,1,0,0,0,0,0,0,-1,0,0.0000,-1,0,0,0,0,0,0,0,0,0
45.15894,1,0,0,0,0,0,0,-1,0,0.0000,-1,0,0,0,0,0,0,0,0,0
45.18039,1,0,0,0,0,0,0,-1,0,0.0000,-1,0,0,0,0,0,0,0,0,0
45.20365,1,0,0,0,0,0,0,-1,0,0.0000,-1,0,0,0,0,0,0,0,0,0
45.22618,1,0,0,0,0,0,0,-1,0,0.0000,-1,0,0,0,0,0,0,0,0,0
45.24849,1,0,0,0,0,0,0,-1,0,0.0000,-1,0,0,0,0,0,0,0,0,0
45.26976,1,0,0,0,0,0,0,-1,0,0.0000,-1,0,0,0,0,0,0,0,0,0
45.29325,1,0,0,0,0,0,0,-1,0,0.0000,-1,0,0,0,0,0,0,0,0,0
45.31434,1,0,0,0,0,0,0,-1,0,0.0000,-1,0,0,0,0,0,0,0,0,0
45.33674,1,0,0,0,0,0,0,-1,0,0.0000,-1,0,0,0,0,0,0,0,0,0
45.36139,1,0,0,0,0,0,0,-1,0,0.0000,-1,0,0,0,0,0,0,0,0,0
45.38305,1,0,0,0,0,0,0,-1,0,0.0000,-1,0,0,0,0,0,0,0,0,0
45.40605,1,0,0,0,0,0,0,-1,0,0.0000,-1,0,0,0,0,0,0,0,0,0
45.42717,1,0,0,0,0,0,0,-1,0,0.0000,-1,0,0,0,0,0,0,0,0,0
45.45055,1,0,0,0,0,0,0,-1,1,1.0000,-1,0,0,0,0,0,0,0,0,0
45.47113,1,0,0,0,0,0,0,-1,0,1.0000,-1,0,0,0,0,0,0,0,0,0
45.49366,1,0,0,0,0,0,1,3,0,1.0000,-1,0,0,0,0,0,0,0,0,0
45.52449,1,0,0,0,0,0,1,3,0,1.0000,-1,0,0,0,0,0,0,0,0,0
45.5398,1,0,0,0,0,0,1,3,0,1.0000,-1,0,0,0,0,0,0,0,0,0
45.56211,1,0,0,0,0,0,1,2,0,1.0000,-1,0,0,0,0,0,0,0,0,0
45.58248,1,0,0,0,0,0,1,2,0,1.0000,-1,0,0,0,0,0,0,0,0,0
45.60445,1,0,0,0,0,0,1,2,0,1.0000,-1,0,0,0,0,0,0,0,0,0
45.62791,1,0,0,0,0,0,1,2,0,1.0000,-1,0,0,0,0,0,0,0,0,0
45.65119,1,0,0,0,0,0,1,2,0,1.0000,-1,0,0,0,0,0,0,0,0,0
45.67302,1,0,0,0,0,0,1,3,0,1.0000,2,1,0,0,0,1,0,0,0,0
45.70802,1,0,0,0,0,0,1,3,0,1.0000,-1,1,0,0,0,1,0,0,0,0
45.72317,1,0,0,0,0,0,1,3,0,1.0000,-1,1,0,0,0,1,0,0,0,0
45.73795,1,0,0,0,0,0,1,3,0,1.0000,-1,1,0,0,0,1,0,0,0,0
45.76102,1,0,0,0,0,0,1,3,0,1.0000,-1,1,0,0,0,1,0,0,0,0
45.78395,1,0,0,0,0,0,1,3,0,1.0000,-1,1,0,0,0,1,0,0,0,0
45.80641,1,0,0,0,0,0,1,3,0,1.0000,-1,1,0,0,0,1,0,0,0,0
45.829,1,0,0,0,0,0,1,3,0,1.0000,-1,1,0,0,0,1,0,0,0,0
45.87221,1,0,0,0,0,0,1,3,0,1.0000,-1,1,0,0,0,1,0,0,0,0
45.88632,1,0,0,0,0,0,1,3,0,1.0000,-1,1,0,0,0,1,0,0,0,0
45.9003,1,0,0,0,0,0,1,3,0,1.0000,-1,1,0,0,0,1,0,0,0,0
45.91949,1,0,0,0,0,0,1,3,0,1.0000,-1,1,0,0,0,1,0,0,0,0
45.94234,1,0,0,0,0,0,1,3,0,1.0000,-1,1,0,0,0,1,0,0,0,0
45.96521,1,0,0,0,0,0,1,3,0,1.0000,-1,1,0,0,0,1,0,0,0,0
45.98631,1,0,0,0,0,0,1,3,0,1.0000,-1,1,0,0,0,1,0,0,0,0
46.00821,1,0,0,0,0,0,1,3,0,1.0000,-1,1,0,0,0,1,0,0,0,0
46.03019,1,0,0,0,0,0,1,3,0,1.0000,-1,1,0,0,0,1,0,0,0,0
46.05274,1,0,0,1,0,0,1,3,0,1.0000,-1,1,0,0,0,1,0,0,0,0
46.07441,1,0,0,1,0,0,1,3,0,1.0000,-1,1,0,0,0,1,0,0,0,0
46.09651,1,0,0,1,0,0,1,3,0,1.0000,-1,1,0,0,0,1,0,0,0,0
46.1184,1,0,0,1,0,0,1,3,0,1.0000,-1,1,0,0,0,1,0,0,0,0
46.14093,1,0,0,1,0,0,1,3,0,1.0000,-1,1,0,0,0,1,0,0,0,0
46.16333,1,0,0,1,0,0,1,3,0,1.0000,-1,1,0,0,0,1,0,0,0,0
46.18551,1,0,0,1,0,0,1,3,0,1.0000,-1,1,0,0,0,1,0,0,0,0
46.208,1,0,0,1,0,0,1,3,0,1.0000,-1,1,0,0,0,1,0,0,0,0
46.23016,1,0,0,1,0,0,1,3,0,1.0000,-1,1,0,0,0,1,0,0,0,0
46.2526,1,0,0,1,0,0,1,3,0,1.0000,-1,1,0,0,0,1,0,0,0,0
46.297,1,0,0,1,0,0,1,3,0,1.0000,-1,1,0,0,0,1,0,0,0,0
46.30936,1,0,0,1,0,0,1,3,0,1.0000,-1,1,0,0,0,1,0,0,0,0
46.32441,1,0,0,1,0,0,1,3,0,1.0000,-1,1,0,0,0,1,0,0,0,0
46.3468,1,0,0,1,0,0,1,3,1,2.0000,-1,1,0,0,0,1,0,0,0,0
46.36957,1,0,0,1,0,0,0,-1,0,2.0000,-1,1,0,0,0,1,0,0,0,0
46.39165,1,0,0,1,0,0,0,-1,0,2.0000,-1,1,0,0,0,1,0,0,0,0
46.41555,1,0,0,1,0,0,0,-1,0,2.0000,-1,1,0,0,0,1,0,0,0,0
46.43778,1,0,0,1,0,0,0,-1,0,2.0000,3,2,0,0,0,2,0,0,0,0
46.46228,1,0,0,1,0,0,0,-1,0,1.0000,-1,2,0,0,0,2,0,0,0,0
46.5015,1,0,0,1,0,0,0,-1,0,1.0000,-1,2,0,0,0,2,0,0,0,0
46.51517,1,0,0,1,0,0,0,-1,0,1.0000,-1,2,0,0,0,2,0,0,0,0
46.52977,1,0,0,1,0,0,0,-1,0,1.0000,-1,2,0,0,0,2,0,0,0,0
46.55243,1,0,0,1,0,0,0,-1,0,1.0000,-1,2,0,0,0,2,0,0,0,0
46.57425,1,0,0,1,0,0,0,-1,0,1.0000,-1,2,0,0,0,2,0,0,0,0
46.59641,1,0,0,1,0,0,0,-1,0,1.0000,-1,2,0,0,0,2,0,0,0,0
46.61857,1,0,0,1,0,0,0,-1,0,1.0000,-1,2,0,0,0,2,0,0,0,0
46.64045,1,0,0,1,0,0,0,-1,0,1.0000,-1,2,0,0,0,2,0,0,0,0
46.66219,1,0,0,1,0,0,0,-1,0,1.0000,-1,2,0,0,0,2,0,0,0,0
46.68458,1,0,0,1,0,0,0,-1,0,1.0000,-1,2,0,0,0,2,0,0,0,0
46.7263,1,0,0,1,0,0,0,-1,0,1.0000,-1,2,0,0,0,2,0,0,0,0
46.73836,1,0,0,1,1,0,0,-1,1,2.0000,-1,2,0,0,0,2,0,0,0,0
46.75636,1,0,0,1,1,0,1,5,0,2.0000,-1,2,0,0,0,2,0,0,0,0
46.77433,1,0,0,1,1,0,1,5,0,2.0000,-1,2,0,0,0,2,0,0,0,0
46.79644,1,0,0,1,1,0,1,5,0,2.0000,-1,2,0,0,0,2,0,0,0,0
46.81853,1,0,0,1,1,0,1,5,0,2.0000,-1,2,0,0,0,2,0,0,0,0
46.84137,1,0,0,1,1,0,1,5,0,2.0000,-1,2,0,0,0,2,0,0,0,0
46.86345,1,0,0,1,1,0,1,5,0,2.0000,-1,2,0,0,0,2,0,0,0,0
46.88586,1,0,0,1,1,0,1,5,0,2.0000,-1,2,0,0,0,2,0,0,0,0
46.90807,1,0,0,1,1,0,1,5,0,2.0000,-1,2,0,0,0,2,0,0,0,0
46.93038,1,0,0,1,1,0,1,5,0,2.0000,-1,2,0,0,0,2,0,0,0,0
46.95255,1,0,0,1,1,0,1,5,0,2.0000,-1,2,0,0,0,2,0,0,0,0
46.97578,1,0,0,1,1,0,1,5,0,2.0000,-1,2,0,0,0,2,0,0,0,0
46.99662,1,0,0,1,1,0,1,5,0,2.0000,-1,2,0,0,0,2,0,0,0,0
47.01899,1,0,0,1,1,0,1,5,1,3.0000,-1,2,0,0,0,2,0,0,0,0
47.03999,1,0,0,1,1,0,1,5,0,3.0000,-1,2,0,0,0,2,0,0,0,0
47.06236,1,0,0,1,1,0,1,5,0,3.0000,-1,2,0,0,0,2,0,0,0,0
47.08418,1,0,0,1,1,0,1,5,0,3.0000,-1,2,0,0,0,2,0,0,0,0
47.10562,1,0,0,1,1,0,1,5,0,3.0000,-1,2,0,0,0,2,0,0,0,0
47.12774,1,0,0,1,1,0,1,5,0,3.0000,-1,2,0,0,0,2,0,0,0,0
47.14945,1,0,0,1,1,0,1,5,0,3.0000,-1,2,0,0,0,2,0,0,0,0
47.17125,1,0,0,1,1,0,0,-1,0,3.0000,5,3,0,0,0,3,0,0,0,0
47.19384,1,0,0,1,1,0,0,-1,0,3.0000,-1,3,0,0,0,3,0,0,0,0
47.21549,1,0,0,1,1,0,0,-1,0,3.0000,-1,3,0,0,0,3,0,0,0,0
47.23706,1,0,0,1,1,0,0,-1,0,3.0000,-1,3,0,0,0,3,0,0,0,0
47.25904,1,0,0,1,1,0,0,-1,0,3.0000,-1,3,0,0,0,3,0,0,0,0
47.28075,1,0,0,1,1,0,0,-1,0,3.0000,-1,3,0,0,0,3,0,0,0,0
47.30328,1,0,0,1,1,0,0,-1,0,3.0000,-1,3,0,0,0,3,0,0,0,0
47.3246,1,0,0,1,1,0,0,-1,0,3.0000,-1,3,0,0,0,3,0,0,0,0
47.36477,1,0,0,1,1,0,0,-1,0,2.0000,-1,3,0,0,0,3,0,0,0,0
47.37605,1,0,0,1,1,0,0,-1,0,2.0000,-1,3,0,0,0,3,0,0,0,0
47.39237,1,0,0,1,0,0,0,-1,0,2.0000,-1,3,0,0,0,3,0,0,0,0
47.41445,1,0,0,1,0,0,1,6,0,2.0000,-1,3,0,0,0,3,0,0,0,0
47.43585,1,0,0,1,0,0,1,6,0,2.0000,-1,3,0,0,0,3,0,0,0,0
47.45714,1,0,0,1,0,0,1,6,1,3.0000,-1,3,0,0,0,3,0,0,0,0
47.47879,1,0,0,1,0,0,1,6,0,3.0000,-1,3,0,0,0,3,0,0,0,0
47.50033,1,0,0,1,0,0,1,6,0,3.0000,-1,3,0,0,0,3,0,0,0,0
47.52282,1,0,0,1,0,0,1,6,0,3.0000,-1,3,0,0,0,3,0,0,0,0
47.54318,1,0,0,1,0,0,1,6,0,3.0000,-1,3,0,0,0,3,0,0,0,0
47.583,1,0,0,1,0,0,1,6,0,3.0000,-1,3,0,0,0,3,0,0,0,0
47.59554,1,0,0,1,0,0,1,6,0,3.0000,-1,3,0,0,0,3,0,0,0,0
47.61111,1,0,0,1,0,0,0,-1,0,3.0000,6,4,0,0,0,4,0,0,0,0
47.63264,1,0,0,1,0,0,0,-1,0,3.0000,-1,4,0,0,0,4,0,0,0,0
47.65362,1,0,0,1,0,0,0,-1,0,3.0000,-1,4,0,0,0,4,0,0,0,0
47.6741,1,0,0,1,0,0,0,-1,0,3.0000,-1,4,0,0,0,4,0,0,0,0
47.6952,1,0,0,1,0,0,0,-1,0,3.0000,-1,4,0,0,0,4,0,0,0,0
47.71586,1,0,0,1,0,0,0,-1,0,3.0000,-1,4,0,0,0,4,0,0,0,0
47.73859,1,0,0,1,0,0,0,-1,0,2.0000,-1,4,0,0,0,4,0,0,0,0
47.76189,1,0,0,1,0,0,0,-1,0,2.0000,-1,4,0,0,0,4,0,0,0,0
47.80079,1,0,0,1,0,0,0,-1,0,2.0000,-1,4,0,0,0,4,0,0,0,0
47.81207,1,0,0,1,0,0,0,-1,0,2.0000,-1,4,0,0,0,4,0,0,0,0
47.82703,1,0,0,1,0,0,0,-1,0,2.0000,-1,4,0,0,0,4,0,0,0,0
47.84875,1,0,0,1,0,0,0,-1,0,2.0000,-1,4,0,0,0,4,0,0,0,0
47.86946,1,0,0,1,0,0,0,-1,0,2.0000,-1,4,0,0,0,4,0,0,0,0
47.89029,1,0,0,0,0,0,0,-1,1,3.0000,-1,4,0,0,0,4,0,0,0,0
47.91056,1,0,0,0,0,0,0,-1,0,3.0000,-1,4,0,0,0,4,0,0,0,0
47.93143,1,0,0,0,0,0,0,-1,0,3.0000,-1,4,0,0,0,4,0,0,0,0
47.95233,1,0,0,0,0,0,0,-1,0,3.0000,-1,4,0,0,0,4,0,0,0,0
47.97327,1,0,0,0,0,0,0,-1,0,3.0000,-1,4,0,0,0,4,0,0,0,0
48.0139,1,0,0,0,0,0,0,-1,0,3.0000,-1,4,0,0,0,4,0,0,0,0
48.02633,1,0,0,0,0,0,0,-1,0,2.0000,-1,4,0,0,0,4,0,0,0,0
48.03969,1,0,0,0,0,0,0,-1,0,2.0000,-1,4,0,0,0,4,0,0,0,0
48.06026,1,0,0,0,0,0,0,-1,0,2.0000,-1,4,0,0,0,4,0,0,0,0
48.082,1,0,0,0,0,0,0,-1,0,2.0000,-1,4,0,0,0,4,0,0,0,0
48.10329,1,0,0,0,0,0,0,-1,0,2.0000,-1,4,0,0,0,4,0,0,0,0
48.12452,1,0,0,0,0,0,0,-1,0,2.0000,-1,4,0,0,0,4,0,0,0,0
48.14375,1,0,0,0,0,0,0,-1,0,2.0000,-1,4,0,0,0,4,0,0,0,0
48.16389,1,0,0,0,0,0,0,-1,0,2.0000,-1,4,0,0,0,4,0,0,0,0
48.18504,1,0,0,0,0,0,0,-1,0,2.0000,-1,4,0,0,0,4,0,0,0,0
48.22491,1,0,0,0,0,0,0,-1,0,2.0000,-1,4,0,0,0,4,0,0,0,0
48.23682,1,0,0,0,0,0,0,-1,0,2.0000,-1,4,0,0,0,4,0,0,0,0
48.25025,1,0,0,0,0,0,0,-1,0,2.0000,-1,4,0,0,0,4,0,0,0,0
48.27103,1,0,0,0,0,0,0,-1,0,2.0000,-1,4,0,0,0,4,0,0,0,0
48.29252,1,0,0,0,0,0,0,-1,0,2.0000,-1,4,0,0,0,4,0,0,0,0
48.31372,1,0,0,0,0,0,0,-1,0,2.0000,-1,4,0,0,0,4,0,0,0,0
48.33442,1,0,0,0,0,0,0,-1,0,2.0000,-1,4,0,0,0,4,0,0,0,0
48.35388,1,0,0,0,0,0,0,-1,1,3.0000,-1,4,0,0,0,4,0,0,0,0
48.37499,1,0,0,0,0,0,0,-1,0,3.0000,-1,4,0,0,0,4,0,0,0,0
48.39602,1,0,0,0,0,0,0,-1,0,3.0000,-1,4,0,0,0,4,0,0,0,0
48.4173,1,0,0,0,0,0,0,-1,0,3.0000,-1,4,0,0,0,4,0,0,0,0
48.43843,1,0,0,0,0,0,0,-1,0,3.0000,-1,4,0,0,0,4,0,0,0,0
48.46018,1,0,0,0,0,0,0,-1,0,2.0000,-1,4,0,0,0,4,0,0,0,0
48.48041,1,0,0,0,0,0,0,-1,0,2.0000,-1,4,0,0,0,4,0,0,0,0
48.50114,1,0,0,0,0,0,0,-1,0,2.0000,-1,4,0,0,0,4,0,0,0,0
48.52161,1,0,0,0,0,0,0,-1,0,2.0000,-1,4,0,0,0,4,0,0,0,0
48.54224,1,0,0,0,0,0,0,-1,0,2.0000,-1,4,0,0,0,4,0,0,0,0
48.56277,1,0,0,0,0,0,0,-1,0,2.0000,-1,4,0,0,0,4,0,0,0,0
48.58401,1,0,0,0,0,0,0,-1,0,2.0000,-1,4,0,0,0,4,0,0,0,0
48.60673,1,0,0,0,0,0,1,8,0,2.0000,-1,4,0,0,0,4,0,0,0,0
48.64565,1,0,0,0,0,0,1,8,0,2.0000,-1,4,0,0,0,4,0,0,0,0
48.65955,1,0,0,0,0,0,1,8,0,2.0000,-1,4,0,0,0,4,0,0,0,0
48.6726,1,0,0,0,0,0,1,8,0,2.0000,-1,4,0,0,0,4,0,0,0,0
48.69311,1,0,0,0,0,0,1,8,0,2.0000,-1,4,0,0,0,4,0,0,0,0
48.71445,1,0,0,0,0,0,1,8,0,2.0000,-1,4,0,0,0,4,0,0,0,0
48.7347,1,0,0,0,0,0,1,8,0,2.0000,-1,4,0,0,0,4,0,0,0,0
48.75471,1,0,0,0,0,0,1,8,0,2.0000,-1,4,0,0,0,4,0,0,0,0
48.77546,1,0,0,0,0,0,1,8,0,2.0000,-1,4,0,0,0,4,0,0,0,0
48.79636,1,0,0,0,0,0,1,8,0,2.0000,-1,4,0,0,0,4,0,0,0,0
48.81717,1,0,0,0,0,0,1,8,0,2.0000,-1,4,0,0,0,4,0,0,0,0
48.85686,1,0,0,0,0,0,1,8,0,2.0000,-1,4,0,0,0,4,0,0,0,0
48.86919,1,0,0,0,0,0,1,8,0,2.0000,-1,4,0,0,0,4,0,0,0,0
48.88228,1,0,0,0,0,0,1,8,0,2.0000,-1,4,0,0,0,4,0,0,0,0
48.90311,1,0,0,0,0,0,1,8,0,1.0000,-1,4,0,0,0,4,0,0,0,0
48.92471,1,0,0,0,0,0,1,8,0,1.0000,-1,4,0,0,0,4,0,0,0,0
48.94616,1,0,0,0,0,0,1,8,0,1.0000,-1,4,0,0,0,4,0,0,0,0
48.96724,1,0,0,0,0,0,1,8,0,1.0000,-1,4,0,0,0,4,0,0,0,0
48.98696,1,0,0,0,0,0,1,8,0,1.0000,-1,4,0,0,0,4,0,0,0,0
49.00774,1,0,0,0,0,0,1,8,0,1.0000,-1,4,0,0,0,4,0,0,0,0
49.02912,1,0,0,0,0,0,1,8,0,1.0000,-1,4,0,0,0,4,0,0,0,0
49.06869,1,0,0,0,0,0,1,8,0,1.0000,-1,4,0,0,0,4,0,0,0,0
49.08176,1,0,0,0,0,0,1,8,0,1.0000,-1,4,0,0,0,4,0,0,0,0
49.09522,1,0,0,0,0,0,0,-1,1,2.0000,-1,4,0,0,0,4,0,0,0,0
49.11541,1,0,0,0,0,0,0,-1,0,2.0000,-1,4,0,0,0,4,0,0,0,0
49.13766,1,0,0,0,0,0,0,-1,0,2.0000,-1,4,0,0,0,4,0,0,0,0
49.15854,1,0,0,0,0,0,0,-1,0,2.0000,-1,4,0,0,0,4,0,0,0,0
49.18014,1,0,0,0,0,0,1,7,0,2.0000,-1,4,0,0,0,4,0,0,0,0
49.19941,1,0,0,0,0,0,1,7,0,2.0000,-1,4,0,0,0,4,0,0,0,0
49.21995,1,0,0,0,0,0,1,7,0,2.0000,-1,4,0,0,0,4,0,0,0,0
49.24081,1,0,0,0,0,0,1,7,0,2.0000,-1,4,0,0,0,4,0,0,0,0
49.26196,1,0,0,0,0,0,1,7,0,2.0000,-1,4,0,0,0,4,0,0,0,0
49.28341,1,0,0,0,0,0,1,7,0,2.0000,-1,4,0,0,0,4,0,0,0,0
49.30457,1,0,0,0,0,0,1,7,0,2.0000,-1,4,0,0,0,4,0,0,0,0
49.32615,1,0,0,0,0,0,0,-1,0,2.0000,7,5,0,0,0,5,0,0,0,0
49.34687,1,0,0,0,0,0,0,-1,0,2.0000,-1,5,0,0,0,5,0,0,0,0
49.36888,1,0,0,0,0,0,0,-1,0,1.0000,-1,5,0,0,0,5,0,0,0,0
49.38984,1,0,0,0,0,0,0,-1,0,1.0000,-1,5,0,0,0,5,0,0,0,0
49.41023,1,0,0,0,0,0,0,-1,0,1.0000,-1,5,0,0,0,5,0,0,0,0
49.43129,1,0,0,0,0,0,0,-1,0,1.0000,-1,5,0,0,0,5,0,0,0,0
49.45264,1,0,0,0,0,0,0,-1,0,1.0000,-1,5,0,0,0,5,0,0,0,0
49.49266,1,0,0,0,0,0,0,-1,0,1.0000,-1,5,0,0,0,5,0,0,0,0
49.50517,1,0,0,0,0,0,0,-1,0,1.0000,-1,5,0,0,0,5,0,0,0,0
49.51794,1,0,0,0,0,0,0,-1,0,1.0000,-1,5,0,0,0,5,0,0,0,0
49.53913,1,0,0,0,0,0,0,-1,0,1.0000,-1,5,0,0,0,5,0,0,0,0
49.56034,1,0,0,0,0,0,0,-1,0,1.0000,-1,5,0,0,0,5,0,0,0,0
49.58143,1,0,0,0,0,0,0,-1,0,1.0000,-1,5,0,0,0,5,0,0,0,0
49.60375,1,0,0,0,0,0,0,-1,0,1.0000,-1,5,0,0,0,5,0,0,0,0
49.62466,1,0,0,0,0,0,0,-1,0,1.0000,-1,5,0,0,0,5,0,0,0,0
49.64566,1,0,0,0,0,0,0,-1,0,1.0000,-1,5,0,0,0,5,0,0,0,0
49.66603,1,0,0,0,0,0,0,-1,0,1.0000,-1,5,0,0,0,5,0,0,0,0
49.68744,1,0,0,0,0,0,0,-1,0,1.0000,-1,5,0,0,0,5,0,0,0,0
49.70835,1,0,0,0,0,0,0,-1,0,1.0000,-1,5,0,0,0,5,0,0,0,0
49.72918,1,0,0,0,0,0,0,-1,0,1.0000,-1,5,0,0,0,5,0,0,0,0
49.7509,1,0,0,0,0,0,0,-1,0,1.0000,-1,5,0,0,0,5,0,0,0,0
49.77177,1,0,0,0,0,0,0,-1,0,1.0000,-1,5,0,0,0,5,0,0,0,0
49.79366,1,0,0,0,0,0,0,-1,0,1.0000,-1,5,0,0,0,5,0,0,0,0
49.81525,1,0,0,0,0,0,0,-1,0,1.0000,-1,5,0,0,0,5,0,0,0,0
49.8363,1,0,0,0,0,0,0,-1,0,1.0000,-1,5,0,0,0,5,0,0,0,0
49.85532,1,0,0,0,0,0,0,-1,0,1.0000,-1,5,0,0,0,5,0,0,0,0
49.87776,1,0,0,0,0,0,0,-1,0,1.0000,-1,5,0,0,0,5,0,0,0,0
49.89936,1,0,0,0,0,0,0,-1,0,1.0000,-1,5,0,0,0,5,0,0,0,0
49.91966,1,0,0,0,0,0,0,-1,0,1.0000,-1,5,0,0,0,5,0,0,0,0
49.94092,1,0,0,0,0,0,0,-1,0,1.0000,-1,5,0,0,0,5,0,0,0,0
49.96204,1,0,0,0,0,0,0,-1,0,1.0000,-1,5,0,0,0,5,0,0,0,0
49.98346,1,0,0,0,0,0,0,-1,0,1.0000,-1,5,0,0,0,5,0,0,0,0
50.00665,1,0,0,0,0,0,0,-1,0,1.0000,-1,5,0,0,0,5,0,0,0,0
50.0264,1,0,0,0,0,0,0,-1,0,1.0000,-1,5,0,0,0,5,0,0,0,0
50.04698,1,0,0,0,0,0,0,-1,0,1.0000,-1,5,0,0,0,5,0,0,0,0
50.06781,1,0,0,0,0,0,0,-1,0,1.0000,-1,5,0,0,0,5,0,0,0,0
50.08878,1,0,0,0,0,0,0,-1,0,1.0000,-1,5,0,0,0,5,0,0,0,0
50.10984,1,0,0,0,0,0,0,-1,0,0.0000,-1,5,0,0,0,5,0,0,0,0
50.13097,1,0,0,0,0,0,0,-1,0,0.0000,-1,5,0,0,0,5,0,0,0,0
50.15201,1,0,0,0,0,0,0,-1,0,0.0000,-1,5,0,0,0,5,0,0,0,0
50.17311,1,0,0,0,0,0,0,-1,0,0.0000,-1,5,0,0,0,5,0,0,0,0
50.19423,1,0,0,0,0,0,0,-1,0,0.0000,-1,5,0,0,0,5,0,0,0,0
50.21628,1,0,0,0,0,0,0,-1,0,0.0000,-1,5,0,0,0,5,0,0,0,0
50.23777,1,0,0,0,0,0,0,-1,0,0.0000,-1,5,0,0,0,5,0,0,0,0
50.25887,1,0,0,0,0,0,0,-1,0,0.0000,-1,5,0,0,0,5,0,0,0,0
50.27868,1,0,0,0,0,0,0,-1,0,0.0000,-1,5,0,0,0,5,0,0,0,0
50.29879,1,0,0,0,0,0,0,-1,0,0.0000,-1,5,0,0,0,5,0,0,0,0
50.33842,1,0,0,0,0,0,0,-1,0,0.0000,-1,5,0,0,0,5,0,0,0,0
50.35038,1,0,0,0,0,0,0,-1,0,0.0000,-1,5,0,0,0,5,0,0,0,0
50.36347,1,0,0,0,0,0,0,-1,0,0.0000,-1,5,0,0,0,5,0,0,0,0
50.38512,1,0,0,0,0,0,0,-1,0,0.0000,-1,5,0,0,0,5,0,0,0,0
50.40598,1,0,0,0,0,0,0,-1,0,0.0000,-1,5,0,0,0,5,0,0,0,0
50.42667,1,0,0,0,0,0,0,-1,0,0.0000,-1,5,0,0,0,5,0,0,0,0
50.44795,1,0,0,0,0,0,0,-1,0,0.0000,-1,5,0,0,0,5,0,0,0,0
50.47021,1,0,0,0,0,0,0,-1,0,0.0000,-1,5,0,0,0,5,0,0,0,0
50.4921,1,0,0,0,0,0,0,-1,0,0.0000,-1,5,0,0,0,5,0,0,0,0
50.51199,1,0,0,0,0,0,0,-1,0,0.0000,-1,5,0,0,0,5,0,0,0,0
50.53273,1,0,0,0,0,0,0,-1,0,0.0000,-1,5,0,0,0,5,0,0,0,0
50.55445,1,0,0,0,0,0,0,-1,0,0.0000,-1,5,0,0,0,5,0,0,0,0
50.57729,1,0,0,0,0,0,0,-1,0,0.0000,-1,5,0,0,0,5,0,0,0,0
50.5957,1,0,0,0,0,0,0,-1,0,0.0000,-1,5,0,0,0,5,0,0,0,0
50.61795,1,0,0,0,0,0,0,-1,0,0.0000,-1,5,0,0,0,5,0,0,0,0
50.63881,1,0,0,0,0,0,0,-1,0,0.0000,-1,5,0,0,0,5,0,0,0,0
50.66196,1,0,0,0,0,0,0,-1,0,0.0000,-1,5,0,0,0,5,0,0,0,0
50.68309,1,0,0,0,0,0,0,-1,0,0.0000,-1,5,0,0,0,5,0,0,0,0
50.70599,1,0,0,0,0,0,0,-1,0,0.0000,-1,5,0,0,0,5,0,0,0,0
50.72522,1,0,0,0,0,0,0,-1,0,0.0000,-1,5,0,0,0,5,0,0,0,0
50.74404,1,0,0,0,0,0,0,-1,0,0.0000,-1,5,0,0,0,5,0,0,0,0
50.76468,1,0,0,0,0,0,0,-1,0,0.0000,-1,5,0,0,0,5,0,0,0,0
50.78427,1,0,0,0,0,0,0,-1,0,0.0000,-1,5,0,0,0,5,0,0,0,0
50.80587,1,0,0,0,0,0,0,-1,0,0.0000,-1,5,0,0,0,5,0,0,0,0
50.82667,1,0,0,0,0,0,0,-1,0,0.0000,-1,5,0,0,0,5,0,0,0,0
50.85095,1,0,0,0,0,0,0,-1,0,0.0000,-1,5,0,0,0,5,0,0,0,0
50.87207,1,0,0,0,0,0,0,-1,0,0.0000,-1,5,0,0,0,5,0,0,0,0
50.89041,1,0,0,0,0,0,0,-1,0,0.0000,-1,5,0,0,0,5,0,0,0,0
50.91016,1,0,0,0,0,0,0,-1,0,0.0000,-1,5,0,0,0,5,0,0,0,0
50.9312,1,0,0,0,0,0,0,-1,0,0.0000,-1,5,0,0,0,5,0,0,0,0
50.95214,1,0,0,0,0,0,0,-1,0,0.0000,-1,5,0,0,0,5,0,0,0,0
50.97208,1,0,0,0,0,0,0,-1,0,0.0000,-1,5,0,0,0,5,0,0,0,0
50.99512,1,0,0,0,0,0,0,-1,0,0.0000,-1,5,0,0,0,5,0,0,0,0
51.01499,1,0,0,0,0,0,0,-1,0,0.0000,-1,5,0,0,0,5,0,0,0,0
51.03351,1,0,0,0,0,0,0,-1,0,0.0000,-1,5,0,0,0,5,0,0,0,0
51.05456,1,0,0,0,0,0,0,-1,0,0.0000,-1,5,0,0,0,5,0,0,0,0
51.07481,1,0,0,0,0,0,0,-1,0,0.0000,-1,5,0,0,0,5,0,0,0,0
51.09486,1,0,0,0,0,0,0,-1,0,0.0000,-1,5,0,0,0,5,0,0,0,0
51.11635,1,0,0,0,0,0,0,-1,0,0.0000,-1,5,0,0,0,5,0,0,0,0
51.13778,1,0,0,0,0,0,0,-1,0,0.0000,-1,5,0,0,0,5,0,0,0,0
51.15927,1,0,0,0,0,0,0,-1,0,0.0000,-1,5,0,0,0,5,0,0,0,0
51.17724,1,0,0,0,0,0,0,-1,0,0.0000,-1,5,0,0,0,5,0,0,0,0
51.19807,1,0,0,0,0,0,0,-1,0,0.0000,-1,5,0,0,0,5,0,0,0,0
51.21807,1,0,0,0,0,0,0,-1,0,0.0000,-1,5,0,0,0,5,0,0,0,0
51.23973,1,0,0,0,0,0,0,-1,0,0.0000,-1,5,0,0,0,5,0,0,0,0
51.26031,1,0,0,0,0,0,0,-1,0,0.0000,-1,5,0,0,0,5,0,0,0,0
51.28196,1,0,0,0,0,0,0,-1,0,0.0000,-1,5,0,0,0,5,0,0,0,0
51.30282,1,0,0,0,0,0,0,-1,0,0.0000,-1,5,0,0,0,5,0,0,0,0
51.3222,1,0,0,0,0,0,0,-1,0,0.0000,-1,5,0,0,0,5,0,0,0,0
51.34233,1,0,0,0,0,0,0,-1,0,0.0000,-1,5,0,0,0,5,0,0,0,0
51.36266,1,0,0,0,0,0,0,-1,0,0.0000,-1,5,0,0,0,5,0,0,0,0
51.38289,1,0,0,0,0,0,0,-1,0,0.0000,-1,5,0,0,0,5,0,0,0,0
51.40352,1,0,0,0,0,0,0,-1,0,0.0000,-1,5,0,0,0,5,0,0,0,0
51.42513,1,0,0,0,0,0,0,-1,0,0.0000,-1,5,0,0,0,5,0,0,0,0
51.44524,1,0,0,0,0,0,0,-1,0,0.0000,-1,5,0,0,0,5,0,0,0,0
51.46484,1,0,0,0,0,0,0,-1,0,0.0000,-1,5,0,0,0,5,0,0,0,0
51.48553,1,0,0,0,0,0,0,-1,0,0.0000,-1,5,0,0,0,5,0,0,0,0
51.50616,1,0,0,0,0,0,0,-1,0,0.0000,-1,5,0,0,0,5,0,0,0,0
51.52746,1,0,0,0,0,0,0,-1,0,0.0000,-1,5,0,0,0,5,0,0,0,0
51.54806,1,0,0,0,0,0,0,-1,0,0.0000,-1,5,0,0,0,5,0,0,0,0
51.56918,1,0,0,0,0,0,0,-1,0,0.0000,-1,5,0,0,0,5,0,0,0,0
51.58954,1,0,0,0,0,0,0,-1,0,0.0000,-1,5,0,0,0,5,0,0,0,0
51.60974,1,0,0,0,0,0,0,-1,0,0.0000,-1,5,0,0,0,5,0,0,0,0
51.62985,1,0,0,0,0,0,0,-1,0,0.0000,-1,5,0,0,0,5,0,0,0,0
51.65086,1,0,0,0,0,0,0,-1,0,0.0000,-1,5,0,0,0,5,0,0,0,0
51.67105,1,0,0,0,0,0,0,-1,0,0.0000,-1,5,0,0,0,5,0,0,0,0
51.69217,1,0,0,0,0,0,0,-1,0,0.0000,-1,5,0,0,0,5,0,0,0,0
51.71351,1,0,0,0,0,0,0,-1,0,0.0000,-1,5,0,0,0,5,0,0,0,0
51.73437,1,0,0,0,0,0,0,-1,0,0.0000,-1,5,0,0,0,5,0,0,0,0
51.75341,1,0,0,0,0,0,0,-1,0,0.0000,-1,5,0,0,0,5,0,0,0,0
51.77544,1,0,0,0,0,0,0,-1,0,0.0000,-1,5,0,0,0,5,0,0,0,0
51.79554,1,0,0,0,0,0,0,-1,0,0.0000,-1,5,0,0,0,5,0,0,0,0
51.81578,1,0,0,0,0,0,0,-1,0,0.0000,-1,5,0,0,0,5,0,0,0,0
51.83785,1,0,0,0,0,0,0,-1,0,0.0000,-1,5,0,0,0,5,0,0,0,0
51.85891,1,0,0,0,0,0,0,-1,0,0.0000,-1,5,0,0,0,5,0,0,0,0
51.87963,1,0,0,0,0,0,0,-1,0,0.0000,-1,5,0,0,0,5,0,0,0,0
51.89974,1,0,0,0,0,0,0,-1,0,0.0000,-1,5,0,0,0,5,0,0,0,0
51.91966,1,0,0,0,0,0,0,-1,0,0.0000,-1,5,0,0,0,5,0,0,0,0
51.94024,1,0,0,0,0,0,0,-1,0,0.0000,-1,5,0,0,0,5,0,0,0,0
51.96053,1,0,0,0,0,0,0,-1,0,0.0000,-1,5,0,0,0,5,0,0,0,0
52.00015,1,0,0,0,0,0,0,-1,0,0.0000,-1,5,0,0,0,5,0,0,0,0
52.01082,1,0,0,0,0,0,0,-1,0,0.0000,-1,5,0,0,0,5,0,0,0,0
52.02571,1,0,0,0,0,0,0,-1,0,0.0000,-1,5,0,0,0,5,0,0,0,0
52.04647,1,0,0,0,0,0,0,-1,0,0.0000,-1,5,0,0,0,5,0,0,0,0
52.06624,1,0,0,0,0,0,0,-1,0,0.0000,-1,5,0,0,0,5,0,0,0,0
52.0858,1,0,0,0,0,0,0,-1,0,0.0000,-1,5,0,0,0,5,0,0,0,0
52.10588,1,0,0,0,0,0,0,-1,0,0.0000,-1,5,0,0,0,5,0,0,0,0
52.12671,1,0,0,0,0,0,0,-1,0,0.0000,-1,5,0,0,0,5,0,0,0,0
52.14676,1,0,0,0,0,0,0,-1,0,0.0000,-1,5,0,0,0,5,0,0,0,0
52.16866,1,0,0,0,0,0,0,-1,0,0.0000,-1,5,0,0,0,5,0,0,0,0
52.18806,1,0,0,0,0,0,0,-1,0,0.0000,-1,5,0,0,0,5,0,0,0,0
52.20745,1,0,0,0,0,0,0,-1,0,0.0000,-1,5,0,0,0,5,0,0,0,0
52.22847,1,0,0,0,0,0,0,-1,0,0.0000,-1,5,0,0,0,5,0,0,0,0
52.24898,1,0,0,0,0,0,0,-1,0,0.0000,-1,5,0,0,0,5,0,0,0,0
52.27,1,0,0,0,0,0,0,-1,0,0.0000,-1,5,0,0,0,5,0,0,0,0
52.2903,1,0,0,0,0,0,0,-1,0,0.0000,-1,5,0,0,0,5,0,0,0,0
52.30922,1,0,0,0,0,0,0,-1,0,0.0000,-1,5,0,0,0,5,0,0,0,0
52.32978,1,0,0,0,0,0,0,-1,0,0.0000,-1,5,0,0,0,5,0,0,0,0
52.35018,1,0,0,0,0,0,0,-1,0,0.0000,-1,5,0,0,0,5,0,0,0,0
52.3704,1,0,0,0,0,0,0,-1,0,0.0000,-1,5,0,0,0,5,0,0,0,0
52.39103,1,0,0,0,0,0,0,-1,0,0.0000,-1,5,0,0,0,5,0,0,0,0
52.41169,1,0,0,0,0,0,0,-1,0,0.0000,-1,5,0,0,0,5,0,0,0,0
52.43039,1,0,0,0,0,0,0,-1,0,0.0000,-1,5,0,0,0,5,0,0,0,0
52.45022,1,0,0,0,0,0,0,-1,0,0.0000,-1,5,0,0,0,5,0,0,0,0
52.47136,1,0,0,0,0,0,0,-1,0,0.0000,-1,5,0,0,0,5,0,0,0,0
52.49223,1,0,0,0,0,0,0,-1,0,0.0000,-1,5,0,0,0,5,0,0,0,0
52.5122,1,0,0,0,0,0,0,-1,0,0.0000,-1,5,0,0,0,5,0,0,0,0
52.53058,1,0,0,0,0,0,0,-1,0,0.0000,-1,5,0,0,0,5,0,0,0,0
52.55107,1,0,0,0,0,0,0,-1,0,0.0000,-1,5,0,0,0,5,0,0,0,0
52.57162,1,0,0,0,0,0,0,-1,0,0.0000,-1,5,0,0,0,5,0,0,0,0
52.61115,1,0,0,0,0,0,0,-1,0,0.0000,-1,5,0,0,0,5,0,0,0,0
52.6216,1,0,0,0,0,0,0,-1,0,0.0000,-1,5,0,0,0,5,0,0,0,0
52.63654,1,0,0,0,0,0,0,-1,0,0.0000,-1,5,0,0,0,5,0,0,0,0
52.65786,1,0,0,0,0,0,0,-1,0,0.0000,-1,5,0,0,0,5,0,0,0,0
52.67784,1,0,0,0,0,0,0,-1,0,0.0000,-1,5,0,0,0,5,0,0,0,0
52.69735,1,0,0,0,0,0,0,-1,0,0.0000,-1,5,0,0,0,5,0,0,0,0
52.71665,1,0,0,0,0,0,0,-1,0,0.0000,-1,5,0,0,0,5,0,0,0,0
52.73736,1,0,0,0,0,0,0,-1,0,0.0000,-1,5,0,0,0,5,0,0,0,0
52.75864,1,0,0,0,0,0,0,-1,0,0.0000,-1,5,0,0,0,5,0,0,0,0
52.77927,1,0,0,0,0,0,0,-1,0,0.0000,-1,5,0,0,0,5,0,0,0,0
52.7978,1,0,0,0,0,0,0,-1,0,0.0000,-1,5,0,0,0,5,0,0,0,0
52.81884,1,0,0,0,0,0,0,-1,0,0.0000,-1,5,0,0,0,5,0,0,0,0
52.83792,1,0,0,0,0,0,0,-1,0,0.0000,-1,5,0,0,0,5,0,0,0,0
52.85865,1,0,0,0,0,0,0,-1,0,0.0000,-1,5,0,0,0,5,0,0,0,0
52.87923,1,0,0,0,0,0,0,-1,0,0.0000,-1,5,0,0,0,5,0,0,0,0
52.89942,1,0,0,0,0,0,0,-1,0,0.0000,-1,5,0,0,0,5,0,0,0,0
52.91807,1,0,0,0,0,0,0,-1,0,0.0000,-1,5,0,0,0,5,0,0,0,0
52.93788,1,0,0,0,0,0,0,-1,0,0.0000,-1,5,0,0,0,5,0,0,0,0
52.95829,1,0,0,0,0,0,0,-1,0,0.0000,-1,5,0,0,0,5,0,0,0,0
52.97947,1,0,0,0,0,0,0,-1,0,0.0000,-1,5,0,0,0,5,0,0,0,0
52.99855,1,0,0,0,0,0,0,-1,0,0.0000,-1,5,0,0,0,5,0,0,0,0
53.01785,1,0,0,0,0,0,0,-1,0,0.0000,-1,5,0,0,0,5,0,0,0,0
53.03777,1,0,0,0,0,0,0,-1,0,0.0000,-1,5,0,0,0,5,0,0,0,0
53.05804,1,0,0,0,0,0,0,-1,0,0.0000,-1,5,0,0,0,5,0,0,0,0
53.07959,1,0,0,0,0,0,0,-1,0,0.0000,-1,5,0,0,0,5,0,0,0,0
53.09948,1,0,0,0,0,0,0,-1,0,0.0000,-1,5,0,0,0,5,0,0,0,0
53.11896,1,0,0,0,0,0,0,-1,0,0.0000,-1,5,0,0,0,5,0,0,0,0
53.13967,1,0,0,0,0,0,0,-1,0,0.0000,-1,5,0,0,0,5,0,0,0,0
53.15859,1,0,0,0,0,0,0,-1,0,0.0000,-1,5,0,0,0,5,0,0,0,0
53.18023,1,0,0,0,0,0,0,-1,0,0.0000,-1,5,0,0,0,5,0,0,0,0
53.20057,1,0,0,0,0,0,0,-1,0,0.0000,-1,5,0,0,0,5,0,0,0,0
53.22066,1,0,0,0,0,0,0,-1,0,0.0000,-1,5,0,0,0,5,0,0,0,0
53.24039,1,0,0,0,0,0,0,-1,0,0.0000,-1,5,0,0,0,5,0,0,0,0
53.2595,1,0,0,0,0,0,0,-1,0,0.0000,-1,5,0,0,0,5,0,0,0,0
53.27969,1,0,0,0,0,0,0,-1,0,0.0000,-1,5,0,0,0,5,0,0,0,0
53.30065,1,0,0,0,0,0,0,-1,0,0.0000,-1,5,0,0,0,5,0,0,0,0
53.32027,1,0,0,0,0,0,0,-1,0,0.0000,-1,5,0,0,0,5,0,0,0,0
53.34064,1,0,0,0,0,0,0,-1,0,0.0000,-1,5,0,0,0,5,0,0,0,0
53.36021,1,0,0,0,0,0,0,-1,0,0.0000,-1,5,0,0,0,5,0,0,0,0
53.3792,1,0,0,0,0,0,0,-1,0,0.0000,-1,5,0,0,0,5,0,0,0,0
53.39981,1,0,0,0,0,0,0,-1,0,0.0000,-1,5,0,0,0,5,0,0,0,0
53.42016,1,0,0,0,0,0,0,-1,0,0.0000,-1,5,0,0,0,5,0,0,0,0
53.43972,1,0,0,0,0,0,0,-1,0,0.0000,-1,5,0,0,0,5,0,0,0,0
53.45987,1,0,0,0,0,0,0,-1,0,0.0000,-1,5,0,0,0,5,0,0,0,0
53.48003,1,0,0,0,0,0,0,-1,0,0.0000,-1,5,0,0,0,5,0,0,0,0
53.49977,1,0,0,0,0,0,0,-1,0,0.0000,-1,5,0,0,0,5,0,0,0,0
53.51983,1,0,0,0,0,0,0,-1,0,0.0000,-1,5,0,0,0,5,0,0,0,0
53.53951,1,0,0,0,0,0,0,-1,0,0.0000,-1,5,0,0,0,5,0,0,0,0
53.55928,1,0,0,0,0,0,0,-1,0,0.0000,-1,5,0,0,0,5,0,0,0,0
53.58041,1,0,0,0,0,0,0,-1,0,0.0000,-1,5,0,0,0,5,0,0,0,0
53.60019,1,0,0,0,0,0,0,-1,0,0.0000,-1,5,0,0,0,5,0,0,0,0
53.62014,1,0,0,0,0,0,0,-1,0,0.0000,-1,5,0,0,0,5,0,0,0,0
53.63971,1,0,0,0,0,0,0,-1,0,0.0000,-1,5,0,0,0,5,0,0,0,0
53.65837,1,0,0,0,0,0,0,-1,0,0.0000,-1,5,0,0,0,5,0,0,0,0
53.67936,1,0,0,0,0,0,0,-1,0,0.0000,-1,5,0,0,0,5,0,0,0,0
53.69973,1,0,0,0,0,0,0,-1,0,0.0000,-1,5,0,0,0,5,0,0,0,0
53.71837,1,0,0,0,0,0,0,-1,0,0.0000,-1,5,0,0,0,5,0,0,0,0
53.73778,1,0,0,0,0,0,0,-1,0,0.0000,-1,5,0,0,0,5,0,0,0,0
53.75802,1,0,0,0,0,0,0,-1,0,0.0000,-1,5,0,0,0,5,0,0,0,0
53.77952,1,0,0,0,0,0,0,-1,0,0.0000,-1,5,0,0,0,5,0,0,0,0
53.79829,1,0,0,0,0,0,0,-1,0,0.0000,-1,5,0,0,0,5,0,0,0,0
53.81806,1,0,0,0,0,0,0,-1,0,0.0000,-1,5,0,0,0,5,0,0,0,0
53.85504,1,0,0,0,0,0,0,-1,0,0.0000,-1,5,0,0,0,5,0,0,0,0
53.86507,1,0,0,0,0,0,0,-1,0,0.0000,-1,5,0,0,0,5,0,0,0,0
53.8807,1,0,0,0,0,0,0,-1,0,0.0000,-1,5,0,0,0,5,0,0,0,0
53.9007,1,0,0,0,0,0,0,-1,0,0.0000,-1,5,0,0,0,5,0,0,0,0
53.92016,1,0,0,0,0,0,0,-1,0,0.0000,-1,5,0,0,0,5,0,0,0,0
53.94037,1,0,0,0,0,0,0,-1,0,0.0000,-1,5,0,0,0,5,0,0,0,0
53.95884,1,0,0,0,0,0,0,-1,0,0.0000,-1,5,0,0,0,5,0,0,0,0
53.97895,1,0,0,0,0,0,0,-1,0,0.0000,-1,5,0,0,0,5,0,0,0,0
54,1,0,0,0,0,0,0,-1,0,0.0000,-1,5,0,0,0,5,0,0,0,0
54.0192,1,0,0,0,0,0,0,-1,0,0.0000,-1,5,0,0,0,5,0,0,0,0
54.03865,1,0,0,0,0,0,0,-1,0,0.0000,-1,5,0,0,0,5,0,0,0,0
54.05809,1,0,0,0,0,0,0,-1,0,0.0000,-1,5,0,0,0,5,0,0,0,0
54.079,1,0,0,0,0,0,0,-1,0,0.0000,-1,5,0,0,0,5,0,0,0,0
54.09874,1,0,0,0,0,0,0,-1,0,0.0000,-1,5,0,0,0,5,0,0,0,0
54.11791,1,0,0,0,0,0,0,-1,0,0.0000,-1,5,0,0,0,5,0,0,0,0
54.13759,1,0,0,0,0,0,0,-1,0,0.0000,-1,5,0,0,0,5,0,0,0,0
54.15823,1,0,0,0,0,0,0,-1,0,0.0000,-1,5,0,0,0,5,0,0,0,0
54.17736,1,0,0,0,0,0,0,-1,0,0.0000,-1,5,0,0,0,5,0,0,0,0
54.19728,1,0,0,0,0,0,0,-1,0,0.0000,-1,5,0,0,0,5,0,0,0,0
54.21659,1,0,0,0,0,0,0,-1,0,0.0000,-1,5,0,0,0,5,0,0,0,0
54.23586,1,0,0,0,0,0,0,-1,0,0.0000,-1,5,0,0,0,5,0,0,0,0
54.27364,1,0,0,0,0,0,0,-1,0,0.0000,-1,5,0,0,0,5,0,0,0,0
54.2848,1,0,0,0,0,0,0,-1,0,0.0000,-1,5,0,0,0,5,0,0,0,0
54.29893,1,0,0,0,0,0,0,-1,0,0.0000,-1,5,0,0,0,5,0,0,0,0
54.31849,1,0,0,0,0,0,0,-1,0,0.0000,-1,5,0,0,0,5,0,0,0,0
54.3373,1,0,0,0,0,0,0,-1,0,0.0000,-1,5,0,0,0,5,0,0,0,0
54.35712,1,0,0,0,0,0,0,-1,0,0.0000,-1,5,0,0,0,5,0,0,0,0
54.37762,1,0,0,0,0,0,0,-1,0,0.0000,-1,5,0,0,0,5,0,0,0,0
54.39624,1,0,0,0,0,0,0,-1,0,0.0000,-1,5,0,0,0,5,0,0,0,0
54.41634,1,0,0,0,0,0,0,-1,0,0.0000,-1,5,0,0,0,5,0,0,0,0
54.435,1,0,0,0,0,0,0,-1,0,0.0000,-1,5,0,0,0,5,0,0,0,0
54.4554,1,0,0,0,0,0,0,-1,0,0.0000,-1,5,0,0,0,5,0,0,0,0
54.49259,1,0,0,0,0,0,0,-1,0,0.0000,-1,5,0,0,0,5,0,0,0,0
54.5029,1,0,0,0,0,0,0,-1,0,0.0000,-1,5,0,0,0,5,0,0,0,0
54.51696,1,0,0,0,0,0,0,-1,0,0.0000,-1,5,0,0,0,5,0,0,0,0
54.53651,1,0,0,0,0,0,0,-1,0,0.0000,-1,5,0,0,0,5,0,0,0,0
54.55696,1,0,0,0,0,0,0,-1,0,0.0000,-1,5,0,0,0,5,0,0,0,0
54.57661,1,0,0,0,0,0,0,-1,0,0.0000,-1,5,0,0,0,5,0,0,0,0
54.59602,1,0,0,0,0,0,0,-1,0,0.0000,-1,5,0,0,0,5,0,0,0,0
54.61523,1,0,0,0,0,0,0,-1,0,0.0000,-1,5,0,0,0,5,0,0,0,0
54.63472,1,0,0,0,0,0,0,-1,0,0.0000,-1,5,0,0,0,5,0,0,0,0
54.65519,1,0,0,1,0,0,0,-1,0,0.0000,-1,5,0,0,0,5,0,0,0,0
54.67447,1,0,0,1,0,0,0,-1,0,0.0000,-1,5,0,0,0,5,0,0,0,0
54.71075,1,0,0,1,0,0,0,-1,0,0.0000,-1,5,0,0,0,5,0,0,0,0
54.72098,1,0,0,1,0,0,0,-1,0,0.0000,-1,5,0,0,0,5,0,0,0,0
54.73669,1,0,0,1,0,0,0,-1,0,0.0000,-1,5,0,0,0,5,0,0,0,0
54.75624,1,0,0,1,0,0,0,-1,0,0.0000,-1,5,0,0,0,5,0,0,0,0
54.77562,1,0,0,1,0,0,0,-1,0,0.0000,-1,5,0,0,0,5,0,0,0,0
54.7953,1,0,0,1,0,0,0,-1,0,0.0000,-1,5,0,0,0,5,0,0,0,0
54.81459,1,0,0,1,0,0,0,-1,0,0.0000,-1,5,0,0,0,5,0,0,0,0
54.8361,1,0,0,1,0,0,0,-1,0,0.0000,-1,5,0,0,0,5,0,0,0,0
54.85465,1,0,0,1,0,0,0,-1,0,0.0000,-1,5,0,0,0,5,0,0,0,0
54.8741,1,0,0,1,0,0,0,-1,0,0.0000,-1,5,0,0,0,5,0,0,0,0
54.89299,1,0,0,1,0,0,0,-1,0,0.0000,-1,5,0,0,0,5,0,0,0,0
54.9137,1,0,0,1,0,0,0,-1,0,0.0000,-1,5,0,0,0,5,0,0,0,0
54.93228,1,0,0,1,0,0,0,-1,0,0.0000,-1,5,0,0,0,5,0,0,0,0
54.95158,1,0,0,1,0,0,0,-1,0,0.0000,-1,5,0,0,0,5,0,0,0,0
54.97071,1,0,0,1,0,0,0,-1,0,0.0000,-1,5,0,0,0,5,0,0,0,0
54.9912,1,0,0,1,0,0,0,-1,0,0.0000,-1,5,0,0,0,5,0,0,0,0
55.01062,1,0,0,1,0,0,0,-1,0,0.0000,-1,5,0,0,0,5,0,0,0,0
55.02983,1,0,0,1,0,0,0,-1,0,0.0000,-1,5,0,0,0,5,0,0,0,0
55.04945,1,0,0,1,0,0,0,-1,0,0.0000,-1,5,0,0,0,5,0,0,0,0
55.06855,1,0,0,1,0,0,0,-1,0,0.0000,-1,5,0,0,0,5,0,0,0,0
55.08858,1,0,0,1,0,0,0,-1,0,0.0000,-1,5,0,0,0,5,0,0,0,0
55.10866,1,0,0,1,0,0,0,-1,0,0.0000,-1,5,0,0,0,5,0,0,0,0
55.12791,1,0,0,1,0,0,0,-1,0,0.0000,-1,5,0,0,0,5,0,0,0,0
55.1473,1,0,0,1,0,0,0,-1,0,0.0000,-1,5,0,0,0,5,0,0,0,0
55.1677,1,0,0,1,0,0,0,-1,0,0.0000,-1,5,0,0,0,5,0,0,0,0
55.18741,1,0,0,1,0,0,0,-1,0,0.0000,-1,5,0,0,0,5,0,0,0,0
55.2083,1,0,0,1,0,0,0,-1,0,0.0000,-1,5,0,0,0,5,0,0,0,0
55.22634,1,0,0,1,0,0,0,-1,0,0.0000,-1,5,0,0,0,5,0,0,0,0
55.24691,1,0,0,1,0,0,0,-1,0,0.0000,-1,5,0,0,0,5,0,0,0,0
55.26573,1,0,0,1,0,0,0,-1,0,0.0000,-1,5,0,0,0,5,0,0,0,0
55.285,1,0,0,1,0,0,0,-1,0,0.0000,-1,5,0,0,0,5,0,0,0,0
55.30416,1,0,0,1,0,0,0,-1,0,0.0000,-1,5,0,0,0,5,0,0,0,0
55.32538,1,0,0,1,0,0,0,-1,0,0.0000,-1,5,0,0,0,5,0,0,0,0
55.34354,1,0,0,0,1,0,0,-1,0,0.0000,-1,5,0,0,0,5,0,0,0,0
55.36358,1,0,0,0,1,0,0,-1,0,0.0000,-1,5,0,0,0,5,0,0,0,0
55.38274,1,0,0,0,1,0,0,-1,0,0.0000,-1,5,0,0,0,5,0,0,0,0
55.40191,1,0,0,0,1,0,0,-1,0,0.0000,-1,5,0,0,0,5,0,0,0,0
55.42324,1,0,0,0,1,0,0,-1,0,0.0000,-1,5,0,0,0,5,0,0,0,0
55.44482,1,0,0,0,1,0,0,-1,0,0.0000,-1,5,0,0,0,5,0,0,0,0
55.46452,1,0,0,0,1,0,0,-1,0,0.0000,-1,5,0,0,0,5,0,0,0,0
55.48153,1,0,0,0,1,0,0,-1,0,0.0000,-1,5,0,0,0,5,0,0,0,0
55.5035,1,0,0,0,1,0,0,-1,0,0.0000,-1,5,0,0,0,5,0,0,0,0
55.52402,1,0,0,0,1,0,0,-1,0,0.0000,-1,5,0,0,0,5,0,0,0,0
55.54232,1,0,0,0,1,0,0,-1,0,0.0000,-1,5,0,0,0,5,0,0,0,0
55.58157,1,0,0,0,1,0,0,-1,0,0.0000,-1,5,0,0,0,5,0,0,0,0
55.59442,1,0,0,0,1,0,0,-1,0,0.0000,-1,5,0,0,0,5,0,0,0,0
55.60703,1,0,0,0,1,0,0,-1,0,0.0000,19,6,0,0,0,6,0,0,0,0
55.62552,1,0,0,0,1,0,0,-1,0,0.0000,-1,6,0,0,0,6,0,0,0,0
55.64764,1,0,0,0,1,0,0,-1,0,0.0000,-1,6,0,0,0,6,0,0,0,0
55.6689,1,0,0,0,1,0,0,-1,0,0.0000,-1,6,0,0,0,6,0,0,0,0
55.68934,1,0,0,0,1,0,0,-1,0,0.0000,-1,6,0,0,0,6,0,0,0,0
55.71131,1,0,0,0,1,0,0,-1,0,0.0000,-1,6,0,0,0,6,0,0,0,0
55.73161,1,0,0,0,1,0,0,-1,0,0.0000,-1,6,0,0,0,6,0,0,0,0
55.7539,1,0,0,0,1,0,0,-1,0,0.0000,-1,6,0,0,0,6,0,0,0,0
55.79406,1,0,0,0,1,0,0,-1,0,0.0000,-1,6,0,0,0,6,0,0,0,0
55.80624,1,0,0,0,1,0,0,-1,0,0.0000,-1,6,0,0,0,6,0,0,0,0
55.81923,1,0,0,0,1,0,0,-1,0,0.0000,-1,6,0,0,0,6,0,0,0,0
55.84089,1,0,0,0,1,0,0,-1,0,0.0000,-1,6,0,0,0,6,0,0,0,0
55.86306,1,0,0,0,1,0,0,-1,0,0.0000,-1,6,0,0,0,6,0,0,0,0
55.88314,1,0,0,0,1,0,0,-1,0,0.0000,-1,6,0,0,0,6,0,0,0,0
55.90534,1,0,0,0,1,0,0,-1,0,0.0000,-1,6,0,0,0,6,0,0,0,0
55.92645,1,0,0,0,1,0,0,-1,0,0.0000,-1,6,0,0,0,6,0,0,0,0
55.94725,1,0,0,0,1,0,0,-1,0,0.0000,-1,6,0,0,0,6,0,0,0,0
55.96804,1,0,0,0,1,0,0,-1,0,0.0000,-1,6,0,0,0,6,0,0,0,0
55.98807,1,0,0,0,1,0,0,-1,0,0.0000,-1,6,0,0,0,6,0,0,0,0
56.0089,1,0,0,0,1,0,0,-1,0,0.0000,-1,6,0,0,0,6,0,0,0,0
56.03035,1,0,0,0,1,0,0,-1,0,0.0000,-1,6,0,0,0,6,0,0,0,0
56.05181,3,1,1,0,0,0,0,-1,0,0.0000,-1,6,0,0,0,6,0,0,0,0
56.08643,3,0,1,0,0,0,1,21,0,0.0000,-1,6,0,0,0,6,0,0,0,0
56.09979,3,0,1,0,0,0,1,21,0,0.0000,-1,6,0,0,0,6,0,0,0,0
56.11303,3,0,1,0,0,0,1,21,0,0.0000,-1,6,0,0,0,6,0,0,0,0
56.13489,3,0,1,0,0,0,1,21,0,0.0000,-1,6,0,0,0,6,0,0,0,0
56.15619,3,0,1,0,0,0,1,21,0,0.0000,-1,6,0,0,0,6,0,0,0,0
56.17733,3,0,1,0,0,0,1,21,0,0.0000,-1,6,0,0,0,6,0,0,0,0
56.21766,3,0,1,0,0,0,1,21,0,0.0000,-1,6,0,0,0,6,0,0,0,0
56.23021,3,0,1,0,0,0,0,-1,0,0.0000,-1,6,0,0,0,6,0,0,0,0
56.24338,3,0,1,0,0,0,0,-1,0,0.0000,-1,6,0,0,0,6,0,0,0,0
56.2658,3,0,1,0,0,0,0,-1,0,0.0000,-1,6,0,0,0,6,0,0,0,0
56.28694,3,0,1,0,0,0,0,-1,0,0.0000,-1,6,0,0,0,6,0,0,0,0
56.30904,3,0,1,0,0,0,0,-1,0,0.0000,-1,6,0,0,0,6,0,0,0,0
56.32976,3,0,1,0,0,0,0,-1,0,0.0000,-1,6,0,0,0,6,0,0,0,0
56.35196,3,0,1,0,0,0,0,-1,0,0.0000,-1,6,0,0,0,6,0,0,0,0
56.37244,3,0,1,0,0,0,0,-1,0,0.0000,-1,6,0,0,0,6,0,0,0,0
56.39376,3,0,1,0,0,0,0,-1,0,0.0000,-1,6,0,0,0,6,0,0,0,0
56.4149,3,0,1,0,0,0,0,-1,0,0.0000,-1,6,0,0,0,6,0,0,0,0
56.43474,3,0,1,0,0,0,0,-1,0,0.0000,-1,6,0,0,0,6,0,0,0,0
56.45522,3,0,1,0,0,0,0,-1,0,0.0000,-1,6,0,0,0,6,0,0,0,0
56.47507,3,0,1,0,0,0,0,-1,0,0.0000,-1,6,0,0,0,6,0,0,0,0
56.49648,3,0,1,0,0,0,0,-1,0,0.0000,-1,6,0,0,0,6,0,0,0,0
56.51788,3,0,1,0,0,0,0,-1,0,0.0000,-1,6,0,0,0,6,0,0,0,0
56.53854,3,0,1,0,0,0,0,-1,0,0.0000,-1,6,0,0,0,6,0,0,0,0
56.5591,3,0,1,0,0,0,0,-1,0,0.0000,-1,6,0,0,0,6,0,0,0,0
56.58013,3,0,1,0,0,0,0,-1,0,0.0000,-1,6,0,0,0,6,0,0,0,0
56.60035,3,0,1,0,0,0,0,-1,0,0.0000,-1,6,0,0,0,6,0,0,0,0
56.62152,3,0,1,0,0,0,0,-1,0,0.0000,-1,6,0,0,0,6,0,0,0,0
56.64028,3,0,1,0,0,0,0,-1,0,0.0000,-1,6,0,0,0,6,0,0,0,0
56.66171,3,0,1,0,0,0,0,-1,0,0.0000,-1,6,0,0,0,6,0,0,0,0
56.68232,3,0,1,0,0,0,0,-1,0,0.0000,-1,6,0,0,0,6,0,0,0,0
56.70812,3,0,1,0,0,0,0,-1,0,0.0000,-1,6,0,0,0,6,0,0,0,0
56.72644,3,0,1,0,0,0,0,-1,0,0.0000,-1,6,0,0,0,6,0,0,0,0
56.7492,3,0,1,0,0,0,0,-1,0,0.0000,-1,6,0,0,0,6,0,0,0,0
56.77073,3,0,1,0,0,0,0,-1,0,0.0000,-1,6,0,0,0,6,0,0,0,0
56.79135,3,0,1,0,0,0,0,-1,0,0.0000,-1,6,0,0,0,6,0,0,0,0
56.81154,3,0,1,0,0,0,0,-1,0,0.0000,-1,6,0,0,0,6,0,0,0,0
56.8516,3,0,1,0,0,0,0,-1,0,0.0000,-1,6,0,0,0,6,0,0,0,0
56.86642,3,0,1,0,0,0,0,-1,0,0.0000,-1,6,0,0,0,6,0,0,0,0
56.88024,3,0,1,0,0,0,0,-1,0,0.0000,-1,6,0,0,0,6,0,0,0,0
56.89643,3,0,1,0,0,0,0,-1,0,0.0000,-1,6,0,0,0,6,0,0,0,0
56.91793,3,0,1,0,0,0,0,-1,0,0.0000,-1,6,0,0,0,6,0,0,0,0
56.93777,3,0,1,0,0,0,0,-1,0,0.0000,-1,6,0,0,0,6,0,0,0,0
56.9594,3,0,1,0,0,0,0,-1,0,0.0000,-1,6,0,0,0,6,0,0,0,0
56.98036,3,0,1,0,0,0,0,-1,0,0.0000,-1,6,0,0,0,6,0,0,0,0
57.00226,3,0,1,0,0,0,0,-1,0,0.0000,-1,6,0,0,0,6,0,0,0,0
57.02119,3,0,1,0,0,0,0,-1,0,0.0000,-1,6,0,0,0,6,0,0,0,0
57.06054,3,0,1,0,0,0,0,-1,0,0.0000,-1,6,0,0,0,6,0,0,0,0
57.07349,3,0,1,0,0,0,0,-1,0,0.0000,-1,6,0,0,0,6,0,0,0,0
57.08524,3,0,1,0,0,0,0,-1,0,0.0000,-1,6,0,0,0,6,0,0,0,0
57.10688,3,0,1,0,0,0,0,-1,0,0.0000,-1,6,0,0,0,6,0,0,0,0
57.12809,3,0,1,0,0,0,0,-1,0,0.0000,-1,6,0,0,0,6,0,0,0,0
57.1485,3,0,1,0,0,0,0,-1,0,0.0000,-1,6,0,0,0,6,0,0,0,0
57.17021,3,0,1,0,0,0,0,-1,0,0.0000,-1,6,0,0,0,6,0,0,0,0
57.19031,3,0,1,0,0,0,0,-1,0,0.0000,-1,6,0,0,0,6,0,0,0,0
57.21075,3,0,1,0,0,0,0,-1,0,0.0000,-1,6,0,0,0,6,0,0,0,0
57.23085,3,0,1,0,0,0,0,-1,0,0.0000,-1,6,0,0,0,6,0,0,0,0
57.27017,3,0,1,0,0,0,0,-1,0,0.0000,-1,6,0,0,0,6,0,0,0,0
57.28256,3,0,1,0,0,0,0,-1,0,0.0000,-1,6,0,0,0,6,0,0,0,0
57.29601,3,0,1,0,0,0,0,-1,0,0.0000,-1,6,0,0,0,6,0,0,0,0
57.31581,3,0,1,0,0,0,0,-1,0,0.0000,-1,6,0,0,0,6,0,0,0,0
57.33691,3,0,1,0,0,0,0,-1,0,0.0000,-1,6,0,0,0,6,0,0,0,0
57.35719,3,0,1,0,0,0,0,-1,0,0.0000,-1,6,0,0,0,6,0,0,0,0
57.3777,3,0,1,0,0,0,0,-1,0,0.0000,-1,6,0,0,0,6,0,0,0,0
57.39823,3,0,1,0,0,0,0,-1,0,0.0000,-1,6,0,0,0,6,0,0,0,0
57.41868,3,0,1,0,0,0,0,-1,0,0.0000,-1,6,0,0,0,6,0,0,0,0
57.43953,3,0,1,0,0,0,0,-1,0,0.0000,-1,6,0,0,0,6,0,0,0,0
57.47797,3,0,1,0,0,0,0,-1,0,0.0000,-1,6,0,0,0,6,0,0,0,0
57.48864,3,0,1,0,0,0,0,-1,0,0.0000,-1,6,0,0,0,6,0,0,0,0
57.50451,3,0,1,0,0,0,0,-1,0,0.0000,-1,6,0,0,0,6,0,0,0,0
57.5264,3,0,1,0,0,0,0,-1,0,0.0000,-1,6,0,0,0,6,0,0,0,0
57.54684,3,0,1,0,0,0,0,-1,0,0.0000,-1,6,0,0,0,6,0,0,0,0
57.56842,3,0,1,0,0,0,0,-1,0,0.0000,-1,6,0,0,0,6,0,0,0,0
57.58842,3,0,1,0,0,0,0,-1,0,0.0000,-1,6,0,0,0,6,0,0,0,0
57.60915,3,0,1,0,0,0,0,-1,0,0.0000,-1,6,0,0,0,6,0,0,0,0
57.6299,3,0,1,0,0,0,0,-1,0,0.0000,-1,6,0,0,0,6,0,0,0,0
57.65036,3,0,1,0,0,0,0,-1,0,0.0000,-1,6,0,0,0,6,0,0,0,0
57.67128,3,0,1,0,0,0,0,-1,0,0.0000,-1,6,0,0,0,6,0,0,0,0
57.69242,3,0,1,0,0,0,0,-1,0,0.0000,-1,6,0,0,0,6,0,0,0,0
57.71285,3,0,1,0,0,0,0,-1,0,0.0000,-1,6,0,0,0,6,0,0,0,0
57.73294,3,0,1,0,0,0,0,-1,0,0.0000,-1,6,0,0,0,6,0,0,0,0
57.75322,3,0,1,0,0,0,0,-1,0,0.0000,-1,6,0,0,0,6,0,0,0,0
57.77459,3,0,1,0,0,0,0,-1,0,0.0000,-1,6,0,0,0,6,0,0,0,0
57.79521,3,0,1,0,0,0,0,-1,0,0.0000,-1,6,0,0,0,6,0,0,0,0
57.81625,3,0,1,0,0,0,0,-1,0,0.0000,-1,6,0,0,0,6,0,0,0,0
57.8368,3,0,1,0,0,0,0,-1,0,0.0000,-1,6,0,0,0,6,0,0,0,0
57.85803,3,0,1,0,0,0,0,-1,0,0.0000,-1,6,0,0,0,6,0,0,0,0
57.87783,3,0,1,0,0,0,0,-1,0,0.0000,-1,6,0,0,0,6,0,0,0,0
57.89856,3,0,1,0,0,0,0,-1,0,0.0000,-1,6,0,0,0,6,0,0,0,0
57.9189,3,0,1,0,0,0,0,-1,0,0.0000,-1,6,0,0,0,6,0,0,0,0
57.93961,3,0,1,0,0,0,0,-1,0,0.0000,-1,6,0,0,0,6,0,0,0,0
57.95987,3,0,1,0,0,0,0,-1,0,0.0000,-1,6,0,0,0,6,0,0,0,0
57.98155,3,0,1,0,0,0,0,-1,0,0.0000,-1,6,0,0,0,6,0,0,0,0
58.00145,3,0,1,0,0,0,0,-1,0,0.0000,-1,6,0,0,0,6,0,0,0,0
58.02247,3,0,1,0,0,0,0,-1,0,0.0000,-1,6,0,0,0,6,0,0,0,0
58.04232,3,0,1,0,0,0,0,-1,0,0.0000,-1,6,0,0,0,6,0,0,0,0
58.06276,3,0,1,0,0,0,0,-1,0,0.0000,-1,6,0,0,0,6,0,0,0,0
58.10226,3,0,1,0,0,0,0,-1,0,0.0000,-1,6,0,0,0,6,0,0,0,0
58.11393,3,0,1,0,0,0,0,-1,0,0.0000,-1,6,0,0,0,6,0,0,0,0
58.12777,3,0,1,0,0,0,0,-1,0,0.0000,-1,6,0,0,0,6,0,0,0,0
58.14904,3,0,1,0,0,0,0,-1,0,0.0000,-1,6,0,0,0,6,0,0,0,0
58.17001,3,0,1,0,0,0,0,-1,0,0.0000,-1,6,0,0,0,6,0,0,0,0
58.19177,3,0,1,0,0,0,1,27,0,0.0000,-1,6,0,0,0,6,0,0,0,0
58.2122,3,0,1,0,0,0,1,27,0,0.0000,-1,6,0,0,0,6,0,0,0,0
58.23299,3,0,1,0,0,0,1,27,0,0.0000,-1,6,0,0,0,6,0,0,0,0
58.25351,3,0,1,0,0,0,1,27,0,0.0000,-1,6,0,0,0,6,0,0,0,0
58.27448,3,0,1,0,0,0,1,27,0,0.0000,-1,6,0,0,0,6,0,0,0,0
58.29528,3,0,1,0,0,0,1,27,0,0.0000,-1,6,0,0,0,6,0,0,0,0
58.3164,3,0,1,0,0,0,1,27,0,0.0000,-1,6,0,0,0,6,0,0,0,0
58.33754,3,0,1,0,0,0,1,27,0,0.0000,-1,6,0,0,0,6,0,0,0,0
58.36109,3,0,1,0,0,0,1,27,0,0.0000,-1,6,0,0,0,6,0,0,0,0
58.38129,3,0,1,0,0,0,1,27,0,0.0000,-1,6,0,0,0,6,0,0,0,0
58.40228,3,0,1,0,0,0,1,27,0,0.0000,-1,6,0,0,0,6,0,0,0,0
58.42241,3,0,1,0,0,0,1,27,0,0.0000,-1,6,0,0,0,6,0,0,0,0
58.443,3,0,1,0,0,0,1,27,0,0.0000,-1,6,0,0,0,6,0,0,0,0
58.46429,3,0,1,0,0,0,1,27,0,0.0000,-1,6,0,0,0,6,0,0,0,0
58.48543,3,0,1,0,0,0,1,27,0,0.0000,-1,6,0,0,0,6,0,0,0,0
58.50579,3,0,1,0,0,0,1,27,0,0.0000,-1,6,0,0,0,6,0,0,0,0
58.52676,3,0,1,0,0,0,1,27,0,0.0000,-1,6,0,0,0,6,0,0,0,0
58.547,3,0,1,0,0,0,1,27,0,0.0000,-1,6,0,0,0,6,0,0,0,0
58.56835,3,0,1,0,0,0,1,27,0,0.0000,-1,6,0,0,0,6,0,0,0,0
58.59041,3,0,1,0,0,0,1,27,0,0.0000,-1,6,0,0,0,6,0,0,0,0
58.61106,3,0,1,0,0,0,1,27,0,0.0000,-1,6,0,0,0,6,0,0,0,0
58.63263,3,0,1,0,0,0,1,27,0,0.0000,-1,6,0,0,0,6,0,0,0,0
58.65306,3,0,1,0,0,0,1,27,0,0.0000,-1,6,0,0,0,6,0,0,0,0
58.67405,3,0,1,0,0,0,1,27,0,0.0000,-1,6,0,0,0,6,0,0,0,0
58.69604,3,0,1,0,0,0,1,27,0,0.0000,-1,6,0,0,0,6,0,0,0,0
58.73543,3,0,1,0,0,0,1,27,0,0.0000,-1,6,0,0,0,6,0,0,0,0
58.7465,3,0,1,0,0,0,1,27,0,0.0000,-1,6,0,0,0,6,0,0,0,0
58.76171,3,0,1,0,0,0,1,27,0,0.0000,-1,6,0,0,0,6,0,0,0,0
58.78315,3,0,1,0,0,0,1,27,0,0.0000,-1,6,0,0,0,6,0,0,0,0
58.80457,3,0,1,0,0,0,1,27,0,0.0000,-1,6,0,0,0,6,0,0,0,0
58.82579,3,0,1,0,0,0,1,27,0,0.0000,-1,6,0,0,0,6,0,0,0,0
58.84778,3,0,1,0,0,0,1,27,0,0.0000,-1,6,0,0,0,6,0,0,0,0
58.86858,3,0,1,0,0,0,1,27,0,0.0000,-1,6,0,0,0,6,0,0,0,0
58.88924,3,0,1,0,0,0,1,27,0,0.0000,-1,6,0,0,0,6,0,0,0,0
58.91087,3,0,1,0,0,0,1,27,0,0.0000,-1,6,0,0,0,6,0,0,0,0
58.93316,3,0,1,0,0,0,1,27,0,0.0000,-1,6,0,0,0,6,0,0,0,0
58.95301,3,0,1,0,0,0,1,27,0,0.0000,-1,6,0,0,0,6,0,0,0,0
58.97622,3,0,1,0,0,0,1,27,0,0.0000,-1,6,0,0,0,6,0,0,0,0
58.99502,3,0,1,0,0,0,1,27,0,0.0000,-1,6,0,0,0,6,0,0,0,0
59.01637,3,0,1,0,0,0,1,27,0,0.0000,-1,6,0,0,0,6,0,0,0,0
59.03764,3,0,1,0,0,0,1,27,0,0.0000,-1,6,0,0,0,6,0,0,0,0
59.05945,3,0,1,0,0,0,1,27,0,0.0000,-1,6,0,0,0,6,0,0,0,0
59.08073,3,0,1,0,0,0,1,27,0,0.0000,-1,6,0,0,0,6,0,0,0,0
59.10093,3,0,1,0,0,0,1,27,0,0.0000,-1,6,0,0,0,6,0,0,0,0
59.12155,3,0,1,0,0,0,1,27,0,0.0000,-1,6,0,0,0,6,0,0,0,0
59.14222,3,0,1,0,0,0,1,27,0,0.0000,-1,6,0,0,0,6,0,0,0,0
59.16324,3,0,1,0,0,0,0,-1,0,0.0000,27,6,0,1,0,7,0,0,0,0
59.18442,3,0,1,0,0,0,0,-1,0,0.0000,-1,6,0,1,0,7,0,0,0,0
59.20562,3,0,1,0,0,0,0,-1,0,0.0000,-1,6,0,1,0,7,0,0,0,0
59.22671,3,0,1,0,0,0,0,-1,0,0.0000,-1,6,0,1,0,7,0,0,0,0
59.24855,3,0,1,0,0,0,0,-1,0,0.0000,-1,6,0,1,0,7,0,0,0,0
59.26945,3,0,1,0,0,0,0,-1,0,0.0000,-1,6,0,1,0,7,0,0,0,0
59.29062,3,0,1,0,0,0,0,-1,0,0.0000,-1,6,0,1,0,7,0,0,0,0
59.31121,3,0,1,0,0,0,0,-1,0,0.0000,-1,6,0,1,0,7,0,0,0,0
59.33215,3,0,1,0,0,0,0,-1,0,0.0000,-1,6,0,1,0,7,0,0,0,0
59.37199,3,0,1,0,0,0,0,-1,0,0.0000,-1,6,0,1,0,7,0,0,0,0
59.38243,3,0,1,0,0,0,0,-1,0,0.0000,-1,6,0,1,0,7,0,0,0,0
59.3982,3,0,1,0,0,0,0,-1,0,0.0000,-1,6,0,1,0,7,0,0,0,0
59.42077,3,0,1,0,0,0,0,-1,0,0.0000,-1,6,0,1,0,7,0,0,0,0
59.44168,3,0,1,0,0,0,0,-1,0,0.0000,-1,6,0,1,0,7,0,0,0,0
59.46263,3,0,1,0,0,0,0,-1,0,0.0000,-1,6,0,1,0,7,0,0,0,0
59.48301,3,0,1,0,0,0,0,-1,0,0.0000,-1,6,0,1,0,7,0,0,0,0
59.50483,3,0,1,0,0,0,0,-1,0,0.0000,-1,6,0,1,0,7,0,0,0,0
59.52642,3,0,1,0,0,0,0,-1,0,0.0000,-1,6,0,1,0,7,0,0,0,0
59.54684,3,0,1,0,0,0,0,-1,0,0.0000,-1,6,0,1,0,7,0,0,0,0
59.56786,3,0,1,0,0,0,0,-1,0,0.0000,-1,6,0,1,0,7,0,0,0,0
59.58837,3,0,1,0,0,0,0,-1,0,0.0000,-1,6,0,1,0,7,0,0,0,0
59.60935,3,0,1,0,0,0,0,-1,0,0.0000,-1,6,0,1,0,7,0,0,0,0
59.63079,3,0,1,0,0,0,0,-1,0,0.0000,-1,6,0,1,0,7,0,0,0,0
59.65141,3,0,1,0,0,0,0,-1,0,0.0000,-1,6,0,1,0,7,0,0,0,0
59.67278,3,0,1,0,0,0,0,-1,0,0.0000,-1,6,0,1,0,7,0,0,0,0
59.69469,3,0,1,0,0,0,0,-1,0,0.0000,-1,6,0,1,0,7,0,0,0,0
59.71573,3,0,1,0,0,0,0,-1,0,0.0000,-1,6,0,1,0,7,0,0,0,0
59.73665,3,0,1,0,0,0,0,-1,1,1.0000,-1,6,0,1,0,7,0,0,0,0
59.75766,3,0,1,0,0,0,0,-1,0,1.0000,-1,6,0,1,0,7,0,0,0,0
59.77797,3,0,1,0,0,0,0,-1,0,1.0000,-1,6,0,1,0,7,0,0,0,0
59.80006,3,0,1,0,0,0,0,-1,0,1.0000,-1,6,0,1,0,7,0,0,0,0
59.81995,3,0,1,0,0,0,0,-1,0,1.0000,-1,6,0,1,0,7,0,0,0,0
59.84083,3,0,1,0,0,0,0,-1,0,1.0000,-1,6,0,1,0,7,0,0,0,0
59.86216,3,0,1,0,0,0,0,-1,0,1.0000,-1,6,0,1,0,7,0,0,0,0
59.88353,3,0,1,0,0,0,0,-1,0,1.0000,-1,6,0,1,0,7,0,0,0,0
59.90551,3,0,1,0,0,0,0,-1,0,1.0000,-1,6,0,1,0,7,0,0,0,0
59.92673,3,0,1,0,0,0,0,-1,0,1.0000,-1,6,0,1,0,7,0,0,0,0
59.94852,3,0,1,0,0,0,0,-1,0,1.0000,-1,6,0,1,0,7,0,0,0,0
59.9701,3,0,1,0,0,0,0,-1,0,1.0000,-1,6,0,1,0,7,0,0,0,0
59.99104,3,0,1,0,0,0,0,-1,0,1.0000,-1,6,0,1,0,7,0,0,0,0
60.01307,3,0,1,0,0,0,0,-1,0,1.0000,-1,6,0,1,0,7,0,0,0,0
60.03384,3,0,1,0,0,0,0,-1,0,1.0000,-1,6,0,1,0,7,0,0,0,0
60.05469,3,0,1,0,0,0,0,-1,0,1.0000,-1,6,0,1,0,7,0,0,0,0
60.07513,3,0,1,0,0,0,0,-1,0,1.0000,-1,6,0,1,0,7,0,0,0,0
60.09694,3,0,1,0,0,0,0,-1,0,1.0000,-1,6,0,1,0,7,0,0,0,0
60.11791,3,0,1,0,0,0,0,-1,0,1.0000,-1,6,0,1,0,7,0,0,0,0
60.13897,3,0,1,0,0,0,0,-1,0,1.0000,-1,6,0,1,0,7,0,0,0,0
60.16043,3,0,1,0,0,0,0,-1,0,1.0000,-1,6,0,1,0,7,0,0,0,0
60.18235,3,0,1,0,0,0,0,-1,0,1.0000,-1,6,0,1,0,7,0,0,0,0
60.20425,3,0,1,0,0,0,0,-1,0,1.0000,-1,6,0,1,0,7,0,0,0,0
60.22555,3,0,1,0,0,0,0,-1,0,1.0000,-1,6,0,1,0,7,0,0,0,0
60.24632,3,0,1,0,0,0,0,-1,0,1.0000,-1,6,0,1,0,7,0,0,0,0
60.26787,3,0,1,0,0,0,0,-1,0,1.0000,-1,6,0,1,0,7,0,0,0,0
60.2885,3,0,1,0,0,0,0,-1,0,1.0000,-1,6,0,1,0,7,0,0,0,0
60.31009,3,0,1,0,0,0,0,-1,0,1.0000,-1,6,0,1,0,7,0,0,0,0
60.33141,3,0,1,0,0,0,0,-1,0,1.0000,-1,6,0,1,0,7,0,0,0,0
60.35296,3,0,1,0,0,0,0,-1,0,1.0000,-1,6,0,1,0,7,0,0,0,0
60.37401,3,0,1,0,0,0,0,-1,0,1.0000,-1,6,0,1,0,7,0,0,0,0
60.39565,3,0,1,0,0,0,0,-1,0,1.0000,-1,6,0,1,0,7,0,0,0,0
60.43468,3,0,1,0,0,0,0,-1,0,1.0000,-1,6,0,1,0,7,0,0,0,0
60.44554,3,0,1,0,0,0,0,-1,0,1.0000,-1,6,0,1,0,7,0,0,0,0
60.46193,3,0,1,0,0,0,0,-1,0,1.0000,-1,6,0,1,0,7,0,0,0,0
60.4833,3,0,1,0,0,0,0,-1,0,1.0000,-1,6,0,1,0,7,0,0,0,0
60.5048,3,0,1,0,0,0,0,-1,0,1.0000,-1,6,0,1,0,7,0,0,0,0
60.52604,3,0,1,0,0,0,0,-1,0,1.0000,-1,6,0,1,0,7,0,0,0,0
60.54739,3,0,1,0,0,0,0,-1,0,1.0000,-1,6,0,1,0,7,0,0,0,0
60.56884,3,0,1,0,0,0,0,-1,0,1.0000,-1,6,0,1,0,7,0,0,0,0
60.58974,3,0,1,0,0,0,0,-1,0,1.0000,-1,6,0,1,0,7,0,0,0,0
60.61198,3,0,1,0,0,0,0,-1,0,1.0000,-1,6,0,1,0,7,0,0,0,0
60.63305,3,0,1,0,0,0,0,-1,0,1.0000,-1,6,0,1,0,7,0,0,0,0
60.65454,3,0,1,0,0,0,0,-1,0,1.0000,-1,6,0,1,0,7,0,0,0,0
60.67601,3,0,1,0,0,0,0,-1,0,1.0000,-1,6,0,1,0,7,0,0,0,0
60.69736,3,0,1,0,0,0,0,-1,0,1.0000,-1,6,0,1,0,7,0,0,0,0
60.71869,3,0,1,0,0,0,0,-1,0,1.0000,-1,6,0,1,0,7,0,0,0,0
60.73986,3,0,1,0,0,0,0,-1,0,0.0000,-1,6,0,1,0,7,0,0,0,0
60.76133,3,0,1,0,0,0,1,30,0,0.0000,-1,6,0,1,0,7,0,0,0,0
60.78341,3,0,1,0,0,0,1,30,0,0.0000,-1,6,0,1,0,7,0,0,0,0
60.80492,3,0,1,0,0,0,1,30,0,0.0000,-1,6,0,1,0,7,0,0,0,0
60.82669,3,0,1,0,0,0,1,30,0,0.0000,-1,6,0,1,0,7,0,0,0,0
60.86678,3,0,1,0,0,0,1,30,0,0.0000,-1,6,0,1,0,7,0,0,0,0
60.87821,3,0,1,0,0,0,1,30,0,0.0000,-1,6,0,1,0,7,0,0,0,0
60.89457,3,0,1,0,0,0,1,30,0,0.0000,-1,6,0,1,0,7,0,0,0,0
60.91607,3,0,1,0,0,0,1,30,0,0.0000,-1,6,0,1,0,7,0,0,0,0
60.93809,3,0,1,0,0,0,1,30,0,0.0000,-1,6,0,1,0,7,0,0,0,0
60.95958,3,0,1,0,0,0,1,30,0,0.0000,-1,6,0,1,0,7,0,0,0,0
60.9811,3,0,1,0,0,0,1,30,0,0.0000,-1,6,0,1,0,7,0,0,0,0
61.00261,3,0,1,0,0,0,1,30,0,0.0000,-1,6,0,1,0,7,0,0,0,0
61.02382,3,0,1,0,0,0,1,30,0,0.0000,-1,6,0,1,0,7,0,0,0,0
61.0456,3,0,1,0,0,0,1,30,0,0.0000,-1,6,0,1,0,7,0,0,0,0
61.08457,3,0,1,0,0,0,1,30,0,0.0000,-1,6,0,1,0,7,0,0,0,0
61.09628,3,0,1,0,0,0,1,30,0,0.0000,-1,6,0,1,0,7,0,0,0,0
61.11286,3,0,1,0,0,0,1,30,0,0.0000,-1,6,0,1,0,7,0,0,0,0
61.13493,3,0,1,0,0,0,1,30,0,0.0000,-1,6,0,1,0,7,0,0,0,0
61.1561,3,0,1,0,0,0,1,30,0,0.0000,-1,6,0,1,0,7,0,0,0,0
61.17697,3,0,1,0,0,0,1,30,0,0.0000,-1,6,0,1,0,7,0,0,0,0
61.19831,3,0,1,0,0,0,1,30,0,0.0000,-1,6,0,1,0,7,0,0,0,0
61.22034,3,0,1,0,0,0,1,30,0,0.0000,-1,6,0,1,0,7,0,0,0,0
61.2412,3,0,1,0,0,0,1,30,0,0.0000,-1,6,0,1,0,7,0,0,0,0
61.26214,3,0,1,0,0,0,1,30,0,0.0000,-1,6,0,1,0,7,0,0,0,0
61.2837,3,0,1,0,0,0,1,30,0,0.0000,-1,6,0,1,0,7,0,0,0,0
61.30525,3,0,1,0,0,0,1,28,0,0.0000,30,6,0,2,0,8,0,0,0,0
61.32684,3,0,1,0,0,0,1,28,0,0.0000,-1,6,0,2,0,8,0,0,0,0
61.34842,3,0,1,0,0,0,1,28,0,0.0000,-1,6,0,2,0,8,0,0,0,0
61.36995,3,0,1,0,0,0,1,28,0,0.0000,-1,6,0,2,0,8,0,0,0,0
61.39186,3,0,1,0,0,0,1,28,0,0.0000,-1,6,0,2,0,8,0,0,0,0
61.4129,3,0,1,0,0,0,1,28,0,0.0000,-1,6,0,2,0,8,0,0,0,0
61.43495,3,0,1,0,0,0,1,28,0,0.0000,-1,6,0,2,0,8,0,0,0,0
61.4564,3,0,1,0,0,0,1,28,0,0.0000,-1,6,0,2,0,8,0,0,0,0
61.47635,3,0,1,0,0,0,0,-1,0,0.0000,-1,6,0,2,0,8,0,0,0,0
61.51628,3,0,1,0,0,0,0,-1,1,1.0000,-1,6,0,2,0,8,0,0,0,0
61.52798,3,0,1,0,0,0,0,-1,0,1.0000,-1,6,0,2,0,8,0,0,0,0
61.5441,3,0,1,0,0,0,0,-1,0,1.0000,-1,6,0,2,0,8,0,0,0,0
61.56604,3,0,1,0,0,0,0,-1,0,1.0000,-1,6,0,2,0,8,0,0,0,0
61.58735,3,0,1,0,0,0,0,-1,0,1.0000,-1,6,0,2,0,8,0,0,0,0
61.60958,3,0,1,0,0,0,0,-1,0,1.0000,-1,6,0,2,0,8,0,0,0,0
61.63104,3,0,1,0,0,0,0,-1,0,1.0000,-1,6,0,2,0,8,0,0,0,0
61.65351,3,0,1,0,0,0,0,-1,0,1.0000,-1,6,0,2,0,8,0,0,0,0
61.67463,3,0,1,0,0,0,0,-1,0,1.0000,-1,6,0,2,0,8,0,0,0,0
61.69608,3,0,1,0,0,0,0,-1,0,1.0000,-1,6,0,2,0,8,0,0,0,0
61.71889,3,0,1,0,0,0,0,-1,0,1.0000,-1,6,0,2,0,8,0,0,0,0
61.74333,3,0,1,0,0,0,0,-1,0,1.0000,-1,6,0,2,0,8,0,0,0,0
61.76209,3,0,1,0,0,0,0,-1,0,1.0000,-1,6,0,2,0,8,0,0,0,0
61.78548,3,0,1,0,0,0,0,-1,0,1.0000,-1,6,0,2,0,8,0,0,0,0
61.80462,3,0,1,0,0,0,0,-1,0,1.0000,-1,6,0,2,0,8,0,0,0,0
61.82735,3,0,1,0,0,0,0,-1,0,1.0000,-1,6,0,2,0,8,0,0,0,0
61.84879,3,0,1,0,0,0,0,-1,0,1.0000,-1,6,0,2,0,8,0,0,0,0
61.87001,3,0,1,0,0,0,0,-1,0,1.0000,-1,6,0,2,0,8,0,0,0,0
61.89258,3,0,1,0,0,0,0,-1,0,1.0000,-1,6,0,2,0,8,0,0,0,0
61.913,3,0,1,0,0,0,0,-1,0,1.0000,-1,6,0,2,0,8,0,0,0,0
61.95394,3,0,1,0,0,0,0,-1,0,1.0000,-1,6,0,2,0,8,0,0,0,0
61.96624,3,0,1,0,0,0,0,-1,0,1.0000,-1,6,0,2,0,8,0,0,0,0
61.98145,3,0,1,0,0,0,0,-1,0,1.0000,-1,6,0,2,0,8,0,0,0,0
62.00487,3,0,1,0,0,0,0,-1,0,1.0000,-1,6,0,2,0,8,0,0,0,0
62.02779,3,0,1,0,0,0,0,-1,0,1.0000,-1,6,0,2,0,8,0,0,0,0
62.04945,3,0,1,0,0,0,0,-1,0,1.0000,-1,6,0,2,0,8,0,0,0,0
62.07166,3,0,1,0,0,0,0,-1,0,1.0000,-1,6,0,2,0,8,0,0,0,0
62.09355,3,0,1,0,0,0,0,-1,0,1.0000,-1,6,0,2,0,8,0,0,0,0
62.11435,3,0,1,0,0,0,0,-1,0,1.0000,-1,6,0,2,0,8,0,0,0,0
62.15398,3,0,1,0,0,0,0,-1,0,1.0000,-1,6,0,2,0,8,0,0,0,0
62.16698,3,0,1,0,0,0,0,-1,0,1.0000,-1,6,0,2,0,8,0,0,0,0
62.18125,3,0,1,0,0,0,0,-1,0,1.0000,-1,6,0,2,0,8,0,0,0,0
62.20386,3,0,1,0,0,0,0,-1,0,1.0000,-1,6,0,2,0,8,0,0,0,0
62.22451,3,0,1,0,0,0,0,-1,0,1.0000,-1,6,0,2,0,8,0,0,0,0
62.24839,3,0,1,0,0,0,0,-1,0,1.0000,-1,6,0,2,0,8,0,0,0,0
62.26847,3,0,1,0,0,0,0,-1,1,2.0000,-1,6,0,2,0,8,0,0,0,0
62.28905,3,0,1,0,0,0,0,-1,0,2.0000,-1,6,0,2,0,8,0,0,0,0
62.31151,3,0,1,0,0,0,0,-1,0,2.0000,-1,6,0,2,0,8,0,0,0,0
62.33281,3,0,1,0,0,0,0,-1,0,2.0000,-1,6,0,2,0,8,0,0,0,0
62.35431,3,0,1,1,0,0,0,-1,0,2.0000,-1,6,0,2,0,8,0,0,0,0
62.37683,3,0,1,1,0,0,0,-1,0,2.0000,-1,6,0,2,0,8,0,0,0,0
62.39667,3,0,1,1,0,0,0,-1,0,2.0000,-1,6,0,2,0,8,0,0,0,0
62.41763,3,0,1,1,0,0,0,-1,0,2.0000,-1,6,0,2,0,8,0,0,0,0
62.43907,3,0,1,1,0,0,0,-1,0,2.0000,-1,6,0,2,0,8,0,0,0,0
62.46182,3,0,1,1,0,0,0,-1,0,2.0000,-1,6,0,2,0,8,0,0,0,0
62.48235,3,0,1,1,0,0,0,-1,0,2.0000,-1,6,0,2,0,8,0,0,0,0
62.50411,3,0,1,1,0,0,0,-1,0,2.0000,-1,6,0,2,0,8,0,0,0,0
62.52409,3,0,1,1,0,0,0,-1,0,1.0000,-1,6,0,2,0,8,0,0,0,0
62.54559,3,0,1,1,0,0,1,31,0,1.0000,-1,6,0,2,0,8,0,0,0,0
62.58432,3,0,1,1,0,0,1,31,0,1.0000,-1,6,0,2,0,8,0,0,0,0
62.59589,3,0,1,1,0,0,1,31,0,1.0000,-1,6,0,2,0,8,0,0,0,0
62.61102,3,0,1,1,0,0,1,31,0,1.0000,-1,6,0,2,0,8,0,0,0,0
62.63261,3,0,1,1,0,0,1,31,0,1.0000,-1,6,0,2,0,8,0,0,0,0
62.65366,3,0,1,1,0,0,1,31,0,1.0000,-1,6,0,2,0,8,0,0,0,0
62.67513,3,0,1,1,0,0,1,31,0,1.0000,-1,6,0,2,0,8,0,0,0,0
62.69611,3,0,1,1,0,0,1,31,0,1.0000,-1,6,0,2,0,8,0,0,0,0
62.71819,3,0,1,1,0,0,1,31,0,1.0000,-1,6,0,2,0,8,0,0,0,0
62.73906,3,0,1,1,0,0,1,31,0,1.0000,-1,6,0,2,0,8,0,0,0,0
62.76088,3,0,1,1,0,0,1,31,0,1.0000,-1,6,0,2,0,8,0,0,0,0
62.78218,3,0,1,1,0,0,1,31,0,1.0000,-1,6,0,2,0,8,0,0,0,0
62.80386,3,0,1,1,0,0,1,31,0,1.0000,-1,6,0,2,0,8,0,0,0,0
62.82516,3,0,1,1,0,0,1,31,0,1.0000,-1,6,0,2,0,8,0,0,0,0
62.84801,3,0,1,1,0,0,1,31,0,1.0000,-1,6,0,2,0,8,0,0,0,0
62.8698,3,0,1,1,0,0,1,31,0,1.0000,-1,6,0,2,0,8,0,0,0,0
62.89175,3,0,1,1,0,0,1,31,0,1.0000,-1,6,0,2,0,8,0,0,0,0
62.91242,3,0,1,1,0,0,1,31,0,1.0000,-1,6,0,2,0,8,0,0,0,0
62.93349,3,0,1,1,0,0,1,31,0,1.0000,-1,6,0,2,0,8,0,0,0,0
62.95615,3,0,1,1,0,0,1,31,0,1.0000,-1,6,0,2,0,8,0,0,0,0
62.97585,3,0,1,1,0,0,1,31,0,1.0000,-1,6,0,2,0,8,0,0,0,0
62.99626,3,0,1,1,0,0,1,31,0,1.0000,-1,6,0,2,0,8,0,0,0,0
63.01839,3,0,1,1,0,0,1,31,0,1.0000,-1,6,0,2,0,8,0,0,0,0
63.03907,3,0,1,1,0,0,1,31,0,1.0000,-1,6,0,2,0,8,0,0,0,0
63.06055,3,0,1,1,0,0,1,31,0,1.0000,-1,6,0,2,0,8,0,0,0,0
63.08223,3,0,1,1,0,0,1,31,0,1.0000,-1,6,0,2,0,8,0,0,0,0
63.10448,3,0,1,1,0,0,1,31,1,2.0000,-1,6,0,2,0,8,0,0,0,0
63.12392,3,0,1,1,0,0,1,31,0,2.0000,-1,6,0,2,0,8,0,0,0,0
63.1446,3,0,1,1,0,0,0,-1,0,2.0000,-1,6,0,2,0,8,0,0,0,0
63.16621,3,0,1,1,0,0,0,-1,0,2.0000,-1,6,0,2,0,8,0,0,0,0
63.18709,3,0,1,1,0,0,0,-1,0,2.0000,-1,6,0,2,0,8,0,0,0,0
63.20805,3,0,1,1,0,0,0,-1,0,2.0000,-1,6,0,2,0,8,0,0,0,0
63.22987,3,0,1,1,0,0,0,-1,0,2.0000,-1,6,0,2,0,8,0,0,0,0
63.25093,3,0,1,1,0,0,0,-1,0,2.0000,-1,6,0,2,0,8,0,0,0,0
63.27274,3,0,1,1,0,0,0,-1,0,1.0000,-1,6,0,2,0,8,0,0,0,0
63.29338,3,0,1,1,0,0,0,-1,0,1.0000,-1,6,0,2,0,8,0,0,0,0
63.31599,3,0,1,1,0,0,0,-1,0,1.0000,-1,6,0,2,0,8,0,0,0,0
63.3381,3,0,1,1,0,0,0,-1,0,1.0000,-1,6,0,2,0,8,0,0,0,0
63.3573,3,0,1,1,0,0,0,-1,0,1.0000,-1,6,0,2,0,8,0,0,0,0
63.3795,3,0,1,1,0,0,0,-1,0,1.0000,-1,6,0,2,0,8,0,0,0,0
63.40109,3,0,1,1,0,0,0,-1,0,1.0000,-1,6,0,2,0,8,0,0,0,0
63.42265,3,0,1,1,0,0,0,-1,0,1.0000,-1,6,0,2,0,8,0,0,0,0
63.44287,3,0,1,1,0,0,0,-1,0,1.0000,-1,6,0,2,0,8,0,0,0,0
63.46442,3,0,1,1,0,0,0,-1,0,1.0000,-1,6,0,2,0,8,0,0,0,0
63.48589,3,0,1,1,0,0,0,-1,0,1.0000,-1,6,0,2,0,8,0,0,0,0
63.50734,3,0,1,1,0,0,0,-1,0,1.0000,-1,6,0,2,0,8,0,0,0,0
63.52847,3,0,1,0,0,0,0,-1,0,1.0000,-1,6,0,2,0,8,0,0,0,0
63.55038,3,0,1,0,0,0,0,-1,0,1.0000,-1,6,0,2,0,8,0,0,0,0
63.5719,3,0,1,0,0,0,0,-1,0,1.0000,-1,6,0,2,0,8,0,0,0,0
63.59447,3,0,1,0,0,0,0,-1,0,1.0000,-1,6,0,2,0,8,0,0,0,0
63.61638,3,0,1,0,0,0,0,-1,0,1.0000,-1,6,0,2,0,8,0,0,0,0
63.65765,3,0,1,0,0,0,0,-1,0,1.0000,-1,6,0,2,0,8,0,0,0,0
63.66951,3,0,1,0,0,0,0,-1,0,1.0000,-1,6,0,2,0,8,0,0,0,0
63.68582,3,0,1,0,0,0,0,-1,0,1.0000,-1,6,0,2,0,8,0,0,0,0
63.7078,3,0,1,0,0,0,0,-1,0,1.0000,-1,6,0,2,0,8,0,0,0,0
63.72939,3,0,1,0,0,0,0,-1,0,1.0000,-1,6,0,2,0,8,0,0,0,0
63.75171,3,0,1,0,0,0,0,-1,0,1.0000,-1,6,0,2,0,8,0,0,0,0
63.77398,3,0,1,0,0,0,0,-1,0,1.0000,-1,6,0,2,0,8,0,0,0,0
63.79581,3,0,1,0,0,0,0,-1,1,2.0000,-1,6,0,2,0,8,0,0,0,0
63.81839,3,0,1,0,0,0,0,-1,0,2.0000,-1,6,0,2,0,8,0,0,0,0
63.8404,3,0,1,0,0,0,0,-1,0,2.0000,-1,6,0,2,0,8,0,0,0,0
63.86206,3,0,1,0,0,0,0,-1,0,2.0000,-1,6,0,2,0,8,0,0,0,0
63.88363,3,0,1,0,0,0,0,-1,0,2.0000,-1,6,0,2,0,8,0,0,0,0
63.90585,3,0,1,0,0,0,0,-1,0,2.0000,-1,6,0,2,0,8,0,0,0,0
63.92767,3,0,1,0,0,0,0,-1,0,2.0000,-1,6,0,2,0,8,0,0,0,0
63.94967,3,0,1,0,0,0,0,-1,0,2.0000,-1,6,0,2,0,8,0,0,0,0
63.9727,3,0,1,0,0,0,0,-1,0,2.0000,-1,6,0,2,0,8,0,0,0,0
63.99488,3,0,1,0,0,0,0,-1,0,2.0000,-1,6,0,2,0,8,0,0,0,0
64.01521,3,0,1,0,0,0,0,-1,0,2.0000,-1,6,0,2,0,8,0,0,0,0
64.03638,3,0,1,0,0,0,0,-1,0,2.0000,-1,6,0,2,0,8,0,0,0,0
64.05888,3,0,1,0,0,0,0,-1,0,2.0000,-1,6,0,2,0,8,0,0,0,0
64.07975,3,0,1,0,0,0,0,-1,0,2.0000,-1,6,0,2,0,8,0,0,0,0
64.0995,3,0,1,0,0,0,0,-1,0,2.0000,-1,6,0,2,0,8,0,0,0,0
64.12446,3,0,1,0,0,0,1,32,0,1.0000,-1,6,0,2,0,8,0,0,0,0
64.14523,3,0,1,0,0,0,1,32,0,1.0000,-1,6,0,2,0,8,0,0,0,0
64.16631,3,0,1,0,0,0,1,32,0,1.0000,-1,6,0,2,0,8,0,0,0,0
64.18733,3,0,1,0,0,0,1,32,0,1.0000,-1,6,0,2,0,8,0,0,0,0
64.21055,3,0,1,0,0,0,1,32,0,1.0000,-1,6,0,2,0,8,0,0,0,0
64.2315,3,0,1,0,0,0,1,32,0,1.0000,-1,6,0,2,0,8,0,0,0,0
64.25392,3,0,1,0,0,0,1,32,0,1.0000,-1,6,0,2,0,8,0,0,0,0
64.27608,3,0,1,0,0,0,1,32,0,1.0000,-1,6,0,2,0,8,0,0,0,0
64.29668,3,0,1,0,0,0,1,32,1,2.0000,-1,6,0,2,0,8,0,0,0,0
64.31831,3,0,1,0,0,0,1,32,0,2.0000,-1,6,0,2,0,8,0,0,0,0
64.3403,3,0,1,0,0,0,1,32,0,2.0000,-1,6,0,2,0,8,0,0,0,0
64.36256,3,0,1,0,0,0,1,32,0,2.0000,-1,6,0,2,0,8,0,0,0,0
64.38333,3,0,1,0,0,0,1,32,0,2.0000,-1,6,0,2,0,8,0,0,0,0
64.4046,3,0,1,0,0,0,1,32,0,2.0000,-1,6,0,2,0,8,0,0,0,0
64.42664,3,0,1,0,0,0,1,32,0,2.0000,-1,6,0,2,0,8,0,0,0,0
64.4477,3,0,1,0,0,0,1,32,1,3.0000,-1,6,0,2,0,8,0,0,0,0
64.46864,3,0,1,0,0,0,1,32,0,3.0000,-1,6,0,2,0,8,0,0,0,0
64.50788,3,0,1,0,0,0,0,-1,0,3.0000,-1,6,0,2,0,8,0,0,0,0
64.52013,3,0,1,0,0,0,0,-1,0,3.0000,-1,6,0,2,0,8,0,0,0,0
64.53585,3,0,1,0,0,0,0,-1,0,3.0000,-1,6,0,2,0,8,0,0,0,0
64.5578,3,0,1,0,0,0,0,-1,0,3.0000,-1,6,0,2,0,8,0,0,0,0
64.58054,3,0,1,0,0,0,0,-1,0,3.0000,-1,6,0,2,0,8,0,0,0,0
64.6007,3,0,1,0,0,0,0,-1,0,3.0000,-1,6,0,2,0,8,0,0,0,0
64.62177,3,0,1,0,0,0,0,-1,0,3.0000,-1,6,0,2,0,8,0,0,0,0
64.64326,3,0,1,0,0,0,0,-1,0,3.0000,-1,6,0,2,0,8,0,0,0,0
64.6646,3,0,1,0,0,0,0,-1,0,3.0000,-1,6,0,2,0,8,0,0,0,0
64.68603,3,0,1,0,0,0,0,-1,0,3.0000,-1,6,0,2,0,8,0,0,0,0
64.7077,3,0,1,0,0,0,0,-1,0,3.0000,-1,6,0,2,0,8,0,0,0,0
64.7294,3,0,1,0,0,0,0,-1,0,3.0000,-1,6,0,2,0,8,0,0,0,0
64.75095,3,0,1,0,0,0,0,-1,0,3.0000,-1,6,0,2,0,8,0,0,0,0
64.77307,3,0,1,0,0,0,0,-1,0,3.0000,-1,6,0,2,0,8,0,0,0,0
64.79434,3,0,1,0,0,0,0,-1,0,3.0000,-1,6,0,2,0,8,0,0,0,0
64.81591,3,0,1,0,0,0,0,-1,0,2.0000,-1,6,0,2,0,8,0,0,0,0
64.83762,3,0,1,0,0,0,0,-1,0,2.0000,-1,6,0,2,0,8,0,0,0,0
64.85938,3,0,1,0,0,0,0,-1,0,2.0000,-1,6,0,2,0,8,0,0,0,0
64.88101,3,0,1,0,0,0,0,-1,0,2.0000,-1,6,0,2,0,8,0,0,0,0
64.90295,3,0,1,0,0,0,0,-1,0,2.0000,-1,6,0,2,0,8,0,0,0,0
64.92416,3,0,1,0,0,0,0,-1,0,2.0000,-1,6,0,2,0,8,0,0,0,0
64.94552,3,0,1,0,0,0,0,-1,1,3.0000,-1,6,0,2,0,8,0,0,0,0
64.96707,3,0,1,0,0,0,0,-1,0,3.0000,-1,6,0,2,0,8,0,0,0,0
64.98883,3,0,1,0,0,0,0,-1,0,3.0000,-1,6,0,2,0,8,0,0,0,0
65.01056,3,0,1,0,0,0,0,-1,0,3.0000,-1,6,0,2,0,8,0,0,0,0
65.03221,3,0,1,0,0,0,0,-1,0,3.0000,-1,6,0,2,0,8,0,0,0,0
65.0541,3,0,1,0,0,0,0,-1,0,3.0000,-1,6,0,2,0,8,0,0,0,0
65.07531,3,0,1,0,0,0,0,-1,0,3.0000,-1,6,0,2,0,8,0,0,0,0
65.09704,3,0,1,0,0,0,0,-1,0,3.0000,-1,6,0,2,0,8,0,0,0,0
65.11868,3,0,1,0,0,0,0,-1,0,3.0000,-1,6,0,2,0,8,0,0,0,0
65.14012,3,0,1,0,0,0,0,-1,0,3.0000,-1,6,0,2,0,8,0,0,0,0
65.16207,3,0,1,0,0,0,0,-1,0,3.0000,-1,6,0,2,0,8,0,0,0,0
65.18374,3,0,1,0,0,0,0,-1,0,3.0000,-1,6,0,2,0,8,0,0,0,0
65.20588,3,0,1,0,0,0,0,-1,0,3.0000,-1,6,0,2,0,8,0,0,0,0
65.22737,3,0,1,0,0,0,0,-1,0,3.0000,-1,6,0,2,0,8,0,0,0,0
65.24907,3,0,1,0,0,0,0,-1,0,3.0000,-1,6,0,2,0,8,0,0,0,0
65.27139,3,0,1,0,0,0,0,-1,0,3.0000,-1,6,0,2,0,8,0,0,0,0
65.29286,3,0,1,0,0,0,0,-1,0,3.0000,-1,6,0,2,0,8,0,0,0,0
65.31463,3,0,1,0,0,0,0,-1,0,2.0000,-1,6,0,2,0,8,0,0,0,0
65.33611,3,0,1,0,0,0,0,-1,0,2.0000,-1,6,0,2,0,8,0,0,0,0
65.35847,3,0,1,0,0,0,0,-1,0,2.0000,-1,6,0,2,0,8,0,0,0,0
65.38055,3,0,1,0,0,0,0,-1,0,2.0000,-1,6,0,2,0,8,0,0,0,0
65.40221,3,0,1,0,0,0,0,-1,0,2.0000,-1,6,0,2,0,8,0,0,0,0
65.42439,3,0,1,0,0,0,0,-1,0,2.0000,-1,6,0,2,0,8,0,0,0,0
65.44572,3,0,1,0,0,0,0,-1,0,2.0000,-1,6,0,2,0,8,0,0,0,0
65.46738,3,0,1,0,0,0,0,-1,0,1.0000,-1,6,0,2,0,8,0,0,0,0
65.48835,3,0,1,0,0,0,0,-1,0,1.0000,-1,6,0,2,0,8,0,0,0,0
65.51013,3,0,1,0,0,0,0,-1,0,1.0000,-1,6,0,2,0,8,0,0,0,0
65.53122,3,0,1,0,0,0,0,-1,0,1.0000,-1,6,0,2,0,8,0,0,0,0
65.55344,3,0,1,0,0,0,0,-1,0,1.0000,-1,6,0,2,0,8,0,0,0,0
65.57468,3,0,1,0,0,0,0,-1,0,1.0000,-1,6,0,2,0,8,0,0,0,0
65.59708,3,0,1,0,0,0,1,33,0,1.0000,-1,6,0,2,0,8,0,0,0,0
65.61755,3,0,1,0,0,0,1,33,0,1.0000,-1,6,0,2,0,8,0,0,0,0
65.63991,3,0,1,0,0,0,1,33,0,1.0000,-1,6,0,2,0,8,0,0,0,0
65.66096,3,0,1,0,0,0,1,33,0,1.0000,-1,6,0,2,0,8,0,0,0,0
65.68307,3,0,1,0,0,0,1,33,0,1.0000,-1,6,0,2,0,8,0,0,0,0
65.70449,3,0,1,0,0,0,1,33,0,1.0000,-1,6,0,2,0,8,0,0,0,0
65.72613,3,0,1,0,0,0,1,33,0,1.0000,-1,6,0,2,0,8,0,0,0,0
65.7478,3,0,1,0,0,0,1,33,0,1.0000,-1,6,0,2,0,8,0,0,0,0
65.77025,3,0,1,0,0,0,1,33,0,1.0000,-1,6,0,2,0,8,0,0,0,0
65.7909,3,0,1,0,0,0,1,33,0,1.0000,-1,6,0,2,0,8,0,0,0,0
65.81194,3,0,1,0,0,0,1,33,0,1.0000,-1,6,0,2,0,8,0,0,0,0
65.83332,3,0,1,0,0,0,1,33,1,2.0000,-1,6,0,2,0,8,0,0,0,0
65.85453,3,0,1,0,0,0,1,33,0,2.0000,-1,6,0,2,0,8,0,0,0,0
65.87528,3,0,1,0,0,0,1,33,0,2.0000,-1,6,0,2,0,8,0,0,0,0
65.89684,3,0,1,0,0,0,1,33,0,2.0000,-1,6,0,2,0,8,0,0,0,0
65.91805,3,0,1,0,0,0,1,33,0,2.0000,-1,6,0,2,0,8,0,0,0,0
65.93916,3,0,1,0,0,0,1,33,0,2.0000,-1,6,0,2,0,8,0,0,0,0
65.96032,3,0,1,0,0,0,1,33,0,1.0000,-1,6,0,2,0,8,0,0,0,0
65.98228,3,0,1,0,0,0,1,33,0,1.0000,-1,6,0,2,0,8,0,0,0,0
66.00372,3,0,1,0,0,0,1,33,0,1.0000,-1,6,0,2,0,8,0,0,0,0
66.02502,3,0,1,0,0,0,1,33,0,1.0000,-1,6,0,2,0,8,0,0,0,0
66.04666,3,0,1,0,0,0,1,33,0,1.0000,-1,6,0,2,0,8,0,0,0,0
66.06755,3,0,1,0,0,0,1,33,0,1.0000,-1,6,0,2,0,8,0,0,0,0
66.08827,3,0,1,0,0,0,1,33,0,1.0000,-1,6,0,2,0,8,0,0,0,0
66.11091,3,0,1,0,0,0,1,33,0,1.0000,-1,6,0,2,0,8,0,0,0,0
66.1311,3,0,1,0,0,0,1,33,0,1.0000,-1,6,0,2,0,8,0,0,0,0
66.15234,3,0,1,0,0,0,1,33,0,1.0000,-1,6,0,2,0,8,0,0,0,0
66.17315,3,0,1,0,0,0,1,33,0,1.0000,-1,6,0,2,0,8,0,0,0,0
66.1942,3,0,1,0,0,0,1,33,0,1.0000,-1,6,0,2,0,8,0,0,0,0
66.21613,3,0,1,0,0,0,1,33,0,1.0000,-1,6,0,2,0,8,0,0,0,0
66.23749,3,0,1,0,0,0,1,33,0,1.0000,-1,6,0,2,0,8,0,0,0,0
66.25914,3,0,1,0,0,0,1,33,1,2.0000,-1,6,0,2,0,8,0,0,0,0
66.28127,3,0,1,0,0,0,0,-1,0,2.0000,-1,6,0,2,0,8,0,0,0,0
66.30318,3,0,1,0,0,0,0,-1,0,2.0000,-1,6,0,2,0,8,0,0,0,0
66.32344,3,0,1,0,0,0,0,-1,0,2.0000,-1,6,0,2,0,8,0,0,0,0
66.34461,3,0,1,0,0,0,0,-1,0,2.0000,-1,6,0,2,0,8,0,0,0,0
66.36596,3,0,1,0,0,0,0,-1,0,2.0000,-1,6,0,2,0,8,0,0,0,0
66.38818,3,0,1,0,0,0,0,-1,0,2.0000,-1,6,0,2,0,8,0,0,0,0
66.40855,3,0,1,0,0,0,0,-1,0,2.0000,-1,6,0,2,0,8,0,0,0,0
66.43002,3,0,1,0,0,0,0,-1,0,2.0000,-1,6,0,2,0,8,0,0,0,0
66.45145,3,0,1,0,0,0,0,-1,0,2.0000,-1,6,0,2,0,8,0,0,0,0
66.47296,3,0,1,0,0,0,0,-1,0,2.0000,-1,6,0,2,0,8,0,0,0,0
66.49418,3,0,1,0,0,0,0,-1,0,2.0000,-1,6,0,2,0,8,0,0,0,0
66.51545,3,0,1,0,0,0,0,-1,0,2.0000,-1,6,0,2,0,8,0,0,0,0
66.5379,3,0,1,0,0,0,0,-1,0,2.0000,-1,6,0,2,0,8,0,0,0,0
66.55959,3,0,1,0,0,0,0,-1,0,2.0000,-1,6,0,2,0,8,0,0,0,0
66.58043,3,0,1,0,0,0,0,-1,0,2.0000,-1,6,0,2,0,8,0,0,0,0
66.60206,3,0,1,0,0,0,0,-1,0,2.0000,-1,6,0,2,0,8,0,0,0,0
66.6254,3,0,1,0,0,0,0,-1,0,2.0000,-1,6,0,2,0,8,0,0,0,0
66.66378,3,0,1,0,0,0,0,-1,0,2.0000,-1,6,0,2,0,8,0,0,0,0
66.67482,3,0,1,0,0,0,0,-1,0,2.0000,-1,6,0,2,0,8,0,0,0,0
66.69081,3,0,1,0,0,0,0,-1,0,2.0000,-1,6,0,2,0,8,0,0,0,0
66.71304,3,0,1,0,0,0,0,-1,0,2.0000,-1,6,0,2,0,8,0,0,0,0
66.73452,3,0,1,0,0,0,0,-1,0,2.0000,-1,6,0,2,0,8,0,0,0,0
66.75536,3,0,1,0,0,0,0,-1,0,2.0000,-1,6,0,2,0,8,0,0,0,0
66.77878,3,0,1,0,0,0,0,-1,0,2.0000,-1,6,0,2,0,8,0,0,0,0
66.79936,3,0,1,0,0,0,0,-1,0,2.0000,-1,6,0,2,0,8,0,0,0,0
66.82043,3,0,1,0,0,0,0,-1,0,2.0000,-1,6,0,2,0,8,0,0,0,0
66.84161,3,0,1,0,0,0,0,-1,0,1.0000,-1,6,0,2,0,8,0,0,0,0
66.8832,3,0,1,0,0,0,0,-1,0,1.0000,-1,6,0,2,0,8,0,0,0,0
66.89386,3,0,1,0,0,0,0,-1,0,1.0000,-1,6,0,2,0,8,0,0,0,0
66.90891,3,0,1,0,0,0,0,-1,0,1.0000,-1,6,0,2,0,8,0,0,0,0
66.93094,3,0,1,0,0,0,0,-1,0,1.0000,-1,6,0,2,0,8,0,0,0,0
66.9523,3,0,1,0,0,0,0,-1,0,1.0000,-1,6,0,2,0,8,0,0,0,0
66.97469,3,0,1,0,0,0,0,-1,0,1.0000,-1,6,0,2,0,8,0,0,0,0
66.99642,3,0,1,0,0,0,0,-1,0,1.0000,-1,6,0,2,0,8,0,0,0,0
67.01804,3,0,1,0,0,0,0,-1,0,1.0000,-1,6,0,2,0,8,0,0,0,0
67.03948,3,0,1,0,0,0,0,-1,0,1.0000,-1,6,0,2,0,8,0,0,0,0
67.06168,3,0,1,0,0,0,0,-1,0,1.0000,-1,6,0,2,0,8,0,0,0,0
67.08308,3,0,1,0,0,0,0,-1,0,1.0000,-1,6,0,2,0,8,0,0,0,0
67.10438,3,0,1,0,0,0,0,-1,0,1.0000,-1,6,0,2,0,8,0,0,0,0
67.12561,3,0,1,0,0,0,0,-1,0,1.0000,-1,6,0,2,0,8,0,0,0,0
67.1473,3,0,1,0,0,0,0,-1,0,1.0000,-1,6,0,2,0,8,0,0,0,0
67.16804,3,0,1,0,0,0,0,-1,0,1.0000,-1,6,0,2,0,8,0,0,0,0
67.18941,3,0,1,0,0,0,0,-1,0,1.0000,-1,6,0,2,0,8,0,0,0,0
67.2113,3,0,1,0,0,0,0,-1,0,1.0000,-1,6,0,2,0,8,0,0,0,0
67.23169,3,0,1,0,0,0,0,-1,0,1.0000,-1,6,0,2,0,8,0,0,0,0
67.25378,3,0,1,0,0,0,0,-1,0,1.0000,-1,6,0,2,0,8,0,0,0,0
67.27479,3,0,1,0,0,0,0,-1,0,0.0000,-1,6,0,2,0,8,0,0,0,0
67.29613,3,0,1,0,0,0,0,-1,0,0.0000,-1,6,0,2,0,8,0,0,0,0
67.3179,3,0,1,0,0,0,0,-1,0,0.0000,-1,6,0,2,0,8,0,0,0,0
67.33932,3,0,1,0,0,0,0,-1,0,0.0000,-1,6,0,2,0,8,0,0,0,0
67.36137,3,0,1,0,0,0,0,-1,0,0.0000,-1,6,0,2,0,8,0,0,0,0
67.38245,3,0,1,0,0,0,0,-1,0,0.0000,-1,6,0,2,0,8,0,0,0,0
67.40452,3,0,1,0,0,0,0,-1,0,0.0000,-1,6,0,2,0,8,0,0,0,0
67.4259,3,0,1,0,0,0,0,-1,0,0.0000,-1,6,0,2,0,8,0,0,0,0
67.44759,3,0,1,0,0,0,0,-1,0,0.0000,-1,6,0,2,0,8,0,0,0,0
67.46929,3,0,1,0,0,0,0,-1,0,0.0000,-1,6,0,2,0,8,0,0,0,0
67.49042,3,0,1,0,0,0,0,-1,0,0.0000,-1,6,0,2,0,8,0,0,0,0
67.51135,3,0,1,0,0,0,0,-1,0,0.0000,-1,6,0,2,0,8,0,0,0,0
67.53299,3,0,1,0,0,0,0,-1,0,0.0000,-1,6,0,2,0,8,0,0,0,0
67.55573,3,0,1,0,0,0,0,-1,0,0.0000,-1,6,0,2,0,8,0,0,0,0
67.57584,3,0,1,0,0,0,0,-1,0,0.0000,-1,6,0,2,0,8,0,0,0,0
67.59708,3,0,1,0,0,0,0,-1,0,0.0000,-1,6,0,2,0,8,0,0,0,0
67.61823,3,0,1,0,0,0,0,-1,0,0.0000,-1,6,0,2,0,8,0,0,0,0
67.63974,3,0,1,0,0,0,0,-1,0,0.0000,-1,6,0,2,0,8,0,0,0,0
67.6614,3,0,1,0,0,0,0,-1,0,0.0000,-1,6,0,2,0,8,0,0,0,0
67.68243,3,0,1,0,0,0,0,-1,0,0.0000,-1,6,0,2,0,8,0,0,0,0
67.70394,3,0,1,0,0,0,0,-1,0,0.0000,-1,6,0,2,0,8,0,0,0,0
67.72546,3,0,1,0,0,0,0,-1,0,0.0000,-1,6,0,2,0,8,0,0,0,0
67.74639,3,0,1,0,0,0,0,-1,0,0.0000,-1,6,0,2,0,8,0,0,0,0
67.76738,3,0,1,0,0,0,0,-1,0,0.0000,-1,6,0,2,0,8,0,0,0,0
67.78851,3,0,1,0,0,0,0,-1,0,0.0000,-1,6,0,2,0,8,0,0,0,0
67.81022,3,0,1,0,0,0,0,-1,0,0.0000,-1,6,0,2,0,8,0,0,0,0
67.83147,3,0,1,0,0,0,0,-1,0,0.0000,-1,6,0,2,0,8,0,0,0,0
67.85268,3,0,1,0,0,0,0,-1,0,0.0000,-1,6,0,2,0,8,0,0,0,0
67.87484,3,0,1,0,0,0,0,-1,0,0.0000,-1,6,0,2,0,8,0,0,0,0
67.89678,3,0,1,0,0,0,0,-1,0,0.0000,-1,6,0,2,0,8,0,0,0,0
67.91757,3,0,1,0,0,0,0,-1,0,0.0000,-1,6,0,2,0,8,0,0,0,0
67.93879,3,0,1,0,0,0,0,-1,0,0.0000,-1,6,0,2,0,8,0,0,0,0
67.9612,3,0,1,0,0,0,0,-1,0,0.0000,-1,6,0,2,0,8,0,0,0,0
67.98182,3,0,1,0,0,0,0,-1,0,0.0000,-1,6,0,2,0,8,0,0,0,0
68.00318,3,0,1,0,0,0,0,-1,0,0.0000,-1,6,0,2,0,8,0,0,0,0
68.02493,3,0,1,0,0,0,0,-1,0,0.0000,-1,6,0,2,0,8,0,0,0,0
68.04613,3,0,1,0,0,0,0,-1,0,0.0000,-1,6,0,2,0,8,0,0,0,0
68.06755,3,0,1,0,0,0,0,-1,0,0.0000,-1,6,0,2,0,8,0,0,0,0
68.08869,3,0,1,0,0,0,0,-1,0,0.0000,-1,6,0,2,0,8,0,0,0,0
68.10995,3,0,1,0,0,0,0,-1,0,0.0000,-1,6,0,2,0,8,0,0,0,0
68.13123,3,0,1,0,0,0,0,-1,0,0.0000,-1,6,0,2,0,8,0,0,0,0
68.15313,3,0,1,0,0,0,0,-1,0,0.0000,-1,6,0,2,0,8,0,0,0,0
68.17417,3,0,1,0,0,0,0,-1,0,0.0000,-1,6,0,2,0,8,0,0,0,0
68.19587,3,0,1,0,0,0,0,-1,0,0.0000,-1,6,0,2,0,8,0,0,0,0
68.21683,3,0,1,0,0,0,0,-1,0,0.0000,-1,6,0,2,0,8,0,0,0,0
68.23898,3,0,1,0,0,0,0,-1,0,0.0000,-1,6,0,2,0,8,0,0,0,0
68.25968,3,0,1,0,0,0,0,-1,0,0.0000,-1,6,0,2,0,8,0,0,0,0
68.28162,3,0,1,0,0,0,0,-1,0,0.0000,-1,6,0,2,0,8,0,0,0,0
68.30281,3,0,1,0,0,0,0,-1,0,0.0000,-1,6,0,2,0,8,0,0,0,0
68.3244,3,0,1,0,0,0,0,-1,0,0.0000,-1,6,0,2,0,8,0,0,0,0
68.34566,3,0,1,0,0,0,0,-1,0,0.0000,-1,6,0,2,0,8,0,0,0,0
68.3849,3,0,1,0,0,0,0,-1,0,0.0000,-1,6,0,2,0,8,0,0,0,0
68.39548,3,0,1,0,0,0,0,-1,0,0.0000,-1,6,0,2,0,8,0,0,0,0
68.41099,3,0,1,0,0,0,0,-1,0,0.0000,-1,6,0,2,0,8,0,0,0,0
68.43301,3,0,1,0,0,0,0,-1,0,0.0000,-1,6,0,2,0,8,0,0,0,0
68.45477,3,0,1,0,0,0,0,-1,0,0.0000,-1,6,0,2,0,8,0,0,0,0
68.47575,3,0,1,0,0,0,0,-1,0,0.0000,-1,6,0,2,0,8,0,0,0,0
68.49728,3,0,1,0,0,0,0,-1,0,0.0000,-1,6,0,2,0,8,0,0,0,0
68.51866,3,0,1,0,0,0,0,-1,0,0.0000,-1,6,0,2,0,8,0,0,0,0
68.53999,3,0,1,0,0,0,0,-1,0,0.0000,-1,6,0,2,0,8,0,0,0,0
68.56177,3,0,1,0,0,0,0,-1,0,0.0000,-1,6,0,2,0,8,0,0,0,0
68.58415,3,0,1,0,0,0,0,-1,0,0.0000,-1,6,0,2,0,8,0,0,0,0
68.60548,3,0,1,0,0,0,0,-1,0,0.0000,-1,6,0,2,0,8,0,0,0,0
68.62665,3,0,1,0,0,0,0,-1,0,0.0000,-1,6,0,2,0,8,0,0,0,0
68.64914,3,0,1,0,0,0,0,-1,0,0.0000,-1,6,0,2,0,8,0,0,0,0
68.67085,3,0,1,0,0,0,0,-1,0,0.0000,-1,6,0,2,0,8,0,0,0,0
68.69213,3,0,1,0,0,0,0,-1,0,0.0000,-1,6,0,2,0,8,0,0,0,0
68.71382,3,0,1,0,0,0,0,-1,0,0.0000,-1,6,0,2,0,8,0,0,0,0
68.73483,3,0,1,0,0,0,0,-1,0,0.0000,-1,6,0,2,0,8,0,0,0,0
68.75614,3,0,1,0,0,0,0,-1,0,0.0000,-1,6,0,2,0,8,0,0,0,0
68.77742,3,0,1,0,0,0,0,-1,0,0.0000,-1,6,0,2,0,8,0,0,0,0
68.79834,3,0,1,0,0,0,0,-1,0,0.0000,-1,6,0,2,0,8,0,0,0,0
68.82008,3,0,1,0,0,0,0,-1,0,0.0000,-1,6,0,2,0,8,0,0,0,0
68.84119,3,0,1,0,0,0,0,-1,0,0.0000,-1,6,0,2,0,8,0,0,0,0
68.86279,3,0,1,0,0,0,0,-1,0,0.0000,-1,6,0,2,0,8,0,0,0,0
68.88398,3,0,1,0,0,0,0,-1,0,0.0000,-1,6,0,2,0,8,0,0,0,0
68.90581,3,0,1,0,0,0,0,-1,0,0.0000,-1,6,0,2,0,8,0,0,0,0
68.92693,3,0,1,0,0,0,0,-1,0,0.0000,-1,6,0,2,0,8,0,0,0,0
68.9482,3,0,1,0,0,0,0,-1,0,0.0000,-1,6,0,2,0,8,0,0,0,0
68.97066,3,0,1,0,0,0,0,-1,0,0.0000,-1,6,0,2,0,8,0,0,0,0
68.99186,3,0,1,0,0,0,0,-1,0,0.0000,-1,6,0,2,0,8,0,0,0,0
69.01296,3,0,1,0,0,0,0,-1,0,0.0000,-1,6,0,2,0,8,0,0,0,0
69.03459,3,0,1,0,0,0,0,-1,0,0.0000,-1,6,0,2,0,8,0,0,0,0
69.05551,3,0,1,0,0,0,0,-1,0,0.0000,-1,6,0,2,0,8,0,0,0,0
69.07674,3,0,1,0,0,0,0,-1,0,0.0000,-1,6,0,2,0,8,0,0,0,0
69.09781,3,0,1,0,0,0,0,-1,0,0.0000,-1,6,0,2,0,8,0,0,0,0
69.11913,3,0,1,0,0,0,0,-1,0,0.0000,-1,6,0,2,0,8,0,0,0,0
69.14064,3,0,1,0,0,0,0,-1,0,0.0000,-1,6,0,2,0,8,0,0,0,0
69.16208,3,0,1,0,0,0,0,-1,0,0.0000,-1,6,0,2,0,8,0,0,0,0
69.18407,3,0,1,0,0,0,0,-1,0,0.0000,-1,6,0,2,0,8,0,0,0,0
69.20546,3,0,1,0,0,0,0,-1,0,0.0000,-1,6,0,2,0,8,0,0,0,0
69.22762,3,0,1,0,0,0,0,-1,0,0.0000,-1,6,0,2,0,8,0,0,0,0
69.24854,3,0,1,0,0,0,0,-1,0,0.0000,-1,6,0,2,0,8,0,0,0,0
69.26991,3,0,1,0,0,0,0,-1,0,0.0000,-1,6,0,2,0,8,0,0,0,0
69.29178,3,0,1,0,0,0,0,-1,0,0.0000,-1,6,0,2,0,8,0,0,0,0
69.31262,3,0,1,0,0,0,0,-1,0,0.0000,-1,6,0,2,0,8,0,0,0,0
69.33399,3,0,1,0,0,0,0,-1,0,0.0000,-1,6,0,2,0,8,0,0,0,0
69.35549,3,0,1,0,0,0,0,-1,0,0.0000,-1,6,0,2,0,8,0,0,0,0
69.37646,3,0,1,0,0,0,0,-1,0,0.0000,-1,6,0,2,0,8,0,0,0,0
69.39732,3,0,1,0,0,0,0,-1,0,0.0000,-1,6,0,2,0,8,0,0,0,0
69.41955,3,0,1,0,0,0,0,-1,0,0.0000,-1,6,0,2,0,8,0,0,0,0
69.44038,3,0,1,0,0,0,0,-1,0,0.0000,-1,6,0,2,0,8,0,0,0,0
69.46221,3,0,1,0,0,0,0,-1,0,0.0000,-1,6,0,2,0,8,0,0,0,0
69.48416,3,0,1,0,0,0,0,-1,0,0.0000,-1,6,0,2,0,8,0,0,0,0
69.50515,3,0,1,0,0,0,0,-1,0,0.0000,-1,6,0,2,0,8,0,0,0,0
69.52684,3,0,1,0,0,0,0,-1,0,0.0000,-1,6,0,2,0,8,0,0,0,0
69.54829,3,0,1,0,0,0,0,-1,0,0.0000,-1,6,0,2,0,8,0,0,0,0
69.56961,3,0,1,0,0,0,0,-1,0,0.0000,-1,6,0,2,0,8,0,0,0,0
69.59115,3,0,1,0,0,0,0,-1,0,0.0000,-1,6,0,2,0,8,0,0,0,0
69.61255,3,0,1,0,0,0,0,-1,0,0.0000,-1,6,0,2,0,8,0,0,0,0
69.63394,3,0,1,0,0,0,0,-1,0,0.0000,-1,6,0,2,0,8,0,0,0,0
69.65497,3,0,1,0,0,0,0,-1,0,0.0000,-1,6,0,2,0,8,0,0,0,0
69.67584,3,0,1,0,0,0,0,-1,0,0.0000,-1,6,0,2,0,8,0,0,0,0
69.69982,3,0,1,0,0,0,0,-1,0,0.0000,-1,6,0,2,0,8,0,0,0,0
69.72034,3,0,1,0,0,0,0,-1,0,0.0000,-1,6,0,2,0,8,0,0,0,0
69.74146,3,0,1,0,0,0,0,-1,0,0.0000,-1,6,0,2,0,8,0,0,0,0
69.76267,3,0,1,0,0,0,0,-1,0,0.0000,-1,6,0,2,0,8,0,0,0,0
69.784,3,0,1,0,0,0,0,-1,0,0.0000,-1,6,0,2,0,8,0,0,0,0
69.80634,3,0,1,0,0,0,0,-1,0,0.0000,-1,6,0,2,0,8,0,0,0,0
69.82672,3,0,1,0,0,0,0,-1,0,0.0000,-1,6,0,2,0,8,0,0,0,0
69.84827,3,0,1,0,0,0,0,-1,0,0.0000,-1,6,0,2,0,8,0,0,0,0
69.86998,3,0,1,0,0,0,0,-1,0,0.0000,-1,6,0,2,0,8,0,0,0,0
69.89093,3,0,1,0,0,0,0,-1,0,0.0000,-1,6,0,2,0,8,0,0,0,0
69.91203,3,0,1,0,0,0,0,-1,0,0.0000,-1,6,0,2,0,8,0,0,0,0
69.93367,3,0,1,0,0,0,0,-1,0,0.0000,-1,6,0,2,0,8,0,0,0,0
69.95477,3,0,1,0,0,0,0,-1,0,0.0000,-1,6,0,2,0,8,0,0,0,0
69.97551,3,0,1,0,0,0,0,-1,0,0.0000,-1,6,0,2,0,8,0,0,0,0
69.99702,3,0,1,0,0,0,0,-1,0,0.0000,-1,6,0,2,0,8,0,0,0,0
70.01836,3,0,1,0,0,0,0,-1,0,0.0000,-1,6,0,2,0,8,0,0,0,0
70.04209,3,0,1,0,0,0,0,-1,0,0.0000,-1,6,0,2,0,8,0,0,0,0
70.06161,3,0,1,0,0,0,0,-1,0,0.0000,-1,6,0,2,0,8,0,0,0,0
70.08294,3,0,1,0,0,0,0,-1,0,0.0000,-1,6,0,2,0,8,0,0,0,0
70.10443,3,0,1,0,0,0,0,-1,0,0.0000,-1,6,0,2,0,8,0,0,0,0
70.12605,3,0,1,0,0,0,0,-1,0,0.0000,-1,6,0,2,0,8,0,0,0,0
70.14743,3,0,1,0,0,0,0,-1,0,0.0000,-1,6,0,2,0,8,0,0,0,0
70.16888,3,0,1,0,0,0,0,-1,0,0.0000,-1,6,0,2,0,8,0,0,0,0
70.19023,3,0,1,0,0,0,0,-1,0,0.0000,-1,6,0,2,0,8,0,0,0,0
70.2124,3,0,1,0,0,0,0,-1,0,0.0000,-1,6,0,2,0,8,0,0,0,0
70.2334,3,0,1,0,0,0,0,-1,0,0.0000,-1,6,0,2,0,8,0,0,0,0
70.25455,3,0,1,0,0,0,0,-1,0,0.0000,-1,6,0,2,0,8,0,0,0,0
70.27638,3,0,1,0,0,0,0,-1,0,0.0000,-1,6,0,2,0,8,0,0,0,0
70.29733,3,0,1,0,0,0,0,-1,0,0.0000,-1,6,0,2,0,8,0,0,0,0
70.31879,3,0,1,0,0,0,0,-1,0,0.0000,-1,6,0,2,0,8,0,0,0,0
70.33999,3,0,1,0,0,0,0,-1,0,0.0000,-1,6,0,2,0,8,0,0,0,0
70.36172,3,0,1,0,0,0,0,-1,0,0.0000,-1,6,0,2,0,8,0,0,0,0
70.38391,3,0,1,0,0,0,0,-1,0,0.0000,-1,6,0,2,0,8,0,0,0,0
70.40546,3,0,1,0,0,0,0,-1,0,0.0000,-1,6,0,2,0,8,0,0,0,0
70.42667,3,0,1,0,0,0,0,-1,0,0.0000,-1,6,0,2,0,8,0,0,0,0
70.44799,3,0,1,0,0,0,0,-1,0,0.0000,-1,6,0,2,0,8,0,0,0,0
70.46956,3,0,1,0,0,0,0,-1,0,0.0000,-1,6,0,2,0,8,0,0,0,0
70.49068,3,0,1,0,0,0,0,-1,0,0.0000,-1,6,0,2,0,8,0,0,0,0
70.51408,3,0,1,0,0,0,0,-1,0,0.0000,-1,6,0,2,0,8,0,0,0,0
70.53642,3,0,1,0,0,0,0,-1,0,0.0000,-1,6,0,2,0,8,0,0,0,0
70.55664,3,0,1,0,0,0,0,-1,0,0.0000,-1,6,0,2,0,8,0,0,0,0
70.578,3,0,1,0,0,0,0,-1,0,0.0000,-1,6,0,2,0,8,0,0,0,0
70.59835,3,0,1,0,0,0,0,-1,0,0.0000,-1,6,0,2,0,8,0,0,0,0
70.61921,3,0,1,0,0,0,0,-1,0,0.0000,-1,6,0,2,0,8,0,0,0,0
70.64078,3,0,1,0,0,0,0,-1,0,0.0000,-1,6,0,2,0,8,0,0,0,0
70.66351,3,0,1,0,0,0,0,-1,0,0.0000,-1,6,0,2,0,8,0,0,0,0
70.68378,3,0,1,0,0,0,0,-1,0,0.0000,-1,6,0,2,0,8,0,0,0,0
70.70596,3,0,1,0,0,0,0,-1,0,0.0000,-1,6,0,2,0,8,0,0,0,0
70.72717,3,0,1,0,0,0,0,-1,0,0.0000,-1,6,0,2,0,8,0,0,0,0
70.74886,3,0,1,0,0,0,0,-1,0,0.0000,-1,6,0,2,0,8,0,0,0,0
70.77001,3,0,1,0,0,0,0,-1,0,0.0000,-1,6,0,2,0,8,0,0,0,0
70.79121,3,0,1,0,0,0,0,-1,0,0.0000,-1,6,0,2,0,8,0,0,0,0
70.81183,3,0,1,0,0,0,0,-1,0,0.0000,-1,6,0,2,0,8,0,0,0,0
70.83315,3,0,1,0,0,0,0,-1,0,0.0000,-1,6,0,2,0,8,0,0,0,0
70.85441,3,0,1,0,0,0,0,-1,0,0.0000,-1,6,0,2,0,8,0,0,0,0
70.87625,3,0,1,0,0,0,0,-1,0,0.0000,-1,6,0,2,0,8,0,0,0,0
70.89693,3,0,1,0,0,0,0,-1,0,0.0000,-1,6,0,2,0,8,0,0,0,0
70.91813,3,0,1,0,0,0,0,-1,0,0.0000,-1,6,0,2,0,8,0,0,0,0
70.93895,3,0,1,0,0,0,0,-1,0,0.0000,-1,6,0,2,0,8,0,0,0,0
70.96078,3,0,1,0,0,0,0,-1,0,0.0000,-1,6,0,2,0,8,0,0,0,0
70.98295,3,0,1,0,0,0,0,-1,0,0.0000,-1,6,0,2,0,8,0,0,0,0
71.00423,3,0,1,0,0,0,0,-1,0,0.0000,-1,6,0,2,0,8,0,0,0,0
71.02611,3,0,1,0,0,0,0,-1,0,0.0000,-1,6,0,2,0,8,0,0,0,0
71.0479,3,0,1,0,0,0,0,-1,0,0.0000,-1,6,0,2,0,8,0,0,0,0
71.0685,3,0,1,0,0,0,0,-1,0,0.0000,-1,6,0,2,0,8,0,0,0,0
71.09028,3,0,1,0,0,0,0,-1,0,0.0000,-1,6,0,2,0,8,0,0,0,0
71.11096,3,0,1,0,0,0,0,-1,0,0.0000,-1,6,0,2,0,8,0,0,0,0
71.13328,3,0,1,0,0,0,0,-1,0,0.0000,-1,6,0,2,0,8,0,0,0,0
71.15337,3,0,1,0,0,0,0,-1,0,0.0000,-1,6,0,2,0,8,0,0,0,0
71.17475,3,0,1,0,0,0,0,-1,0,0.0000,-1,6,0,2,0,8,0,0,0,0
71.19669,3,0,1,0,0,0,0,-1,0,0.0000,-1,6,0,2,0,8,0,0,0,0
71.21858,3,0,1,0,0,0,0,-1,0,0.0000,-1,6,0,2,0,8,0,0,0,0
71.23921,3,0,1,0,0,0,0,-1,0,0.0000,-1,6,0,2,0,8,0,0,0,0
71.26052,3,0,1,0,0,0,0,-1,0,0.0000,-1,6,0,2,0,8,0,0,0,0
71.28177,3,0,1,0,0,0,0,-1,0,0.0000,-1,6,0,2,0,8,0,0,0,0
71.30352,3,0,1,0,0,0,0,-1,0,0.0000,-1,6,0,2,0,8,0,0,0,0
71.32433,3,0,1,0,0,0,0,-1,0,0.0000,-1,6,0,2,0,8,0,0,0,0
71.34586,3,0,1,0,0,0,0,-1,0,0.0000,-1,6,0,2,0,8,0,0,0,0
71.36797,3,0,1,0,0,0,0,-1,0,0.0000,-1,6,0,2,0,8,0,0,0,0
71.38889,3,0,1,0,0,0,0,-1,0,0.0000,-1,6,0,2,0,8,0,0,0,0
71.40987,3,0,1,0,0,0,0,-1,0,0.0000,-1,6,0,2,0,8,0,0,0,0
71.43132,3,0,1,0,0,0,0,-1,0,0.0000,-1,6,0,2,0,8,0,0,0,0
71.4527,3,0,1,0,0,0,0,-1,0,0.0000,-1,6,0,2,0,8,0,0,0,0
71.47439,3,0,1,0,0,0,0,-1,0,0.0000,-1,6,0,2,0,8,0,0,0,0
71.49563,3,0,1,0,0,0,0,-1,0,0.0000,-1,6,0,2,0,8,0,0,0,0
71.51645,3,0,1,0,0,0,0,-1,0,0.0000,-1,6,0,2,0,8,0,0,0,0
71.53877,3,0,1,0,0,0,0,-1,0,0.0000,-1,6,0,2,0,8,0,0,0,0
71.55985,3,0,1,0,0,0,0,-1,0,0.0000,-1,6,0,2,0,8,0,0,0,0
71.58111,3,0,1,0,0,0,0,-1,0,0.0000,-1,6,0,2,0,8,0,0,0,0
71.60273,3,0,1,0,0,0,0,-1,0,0.0000,-1,6,0,2,0,8,0,0,0,0
71.62365,3,0,1,0,0,0,0,-1,0,0.0000,-1,6,0,2,0,8,0,0,0,0
71.64467,3,0,1,0,0,0,0,-1,0,0.0000,-1,6,0,2,0,8,0,0,0,0
71.66603,3,0,1,0,0,0,0,-1,0,0.0000,-1,6,0,2,0,8,0,0,0,0
71.68744,3,0,1,0,0,0,0,-1,0,0.0000,-1,6,0,2,0,8,0,0,0,0
71.70879,3,0,1,0,0,0,0,-1,0,0.0000,-1,6,0,2,0,8,0,0,0,0
71.73023,3,0,1,0,0,0,0,-1,0,0.0000,-1,6,0,2,0,8,0,0,0,0
71.75163,3,0,1,0,0,0,0,-1,0,0.0000,-1,6,0,2,0,8,0,0,0,0
71.77686,3,0,1,0,0,0,0,-1,0,0.0000,-1,6,0,2,0,8,0,0,0,0
71.81599,3,0,1,0,0,0,0,-1,0,0.0000,-1,6,0,2,0,8,0,0,0,0
71.82676,3,0,1,0,0,0,0,-1,0,0.0000,-1,6,0,2,0,8,0,0,0,0
71.84121,3,0,1,0,0,0,0,-1,0,0.0000,-1,6,0,2,0,8,0,0,0,0
71.86345,3,0,1,0,0,0,0,-1,0,0.0000,-1,6,0,2,0,8,0,0,0,0
71.8847,3,0,1,0,0,0,0,-1,0,0.0000,-1,6,0,2,0,8,0,0,0,0
71.90632,3,0,1,0,0,0,0,-1,0,0.0000,-1,6,0,2,0,8,0,0,0,0
71.928,3,0,1,0,0,0,0,-1,0,0.0000,-1,6,0,2,0,8,0,0,0,0
71.94942,3,0,1,0,0,0,0,-1,0,0.0000,-1,6,0,2,0,8,0,0,0,0
71.97089,3,0,1,0,0,0,0,-1,0,0.0000,-1,6,0,2,0,8,0,0,0,0
71.99265,3,0,1,0,0,0,0,-1,0,0.0000,-1,6,0,2,0,8,0,0,0,0
72.01398,3,0,1,0,0,0,0,-1,0,0.0000,-1,6,0,2,0,8,0,0,0,0
72.03481,3,0,1,0,0,0,0,-1,0,0.0000,-1,6,0,2,0,8,0,0,0,0
72.05663,3,0,1,0,0,0,0,-1,0,0.0000,-1,6,0,2,0,8,0,0,0,0
72.07861,3,0,1,0,0,0,0,-1,0,0.0000,-1,6,0,2,0,8,0,0,0,0
72.09995,3,0,1,0,0,0,0,-1,0,0.0000,-1,6,0,2,0,8,0,0,0,0
72.12049,3,0,1,0,0,0,0,-1,0,0.0000,-1,6,0,2,0,8,0,0,0,0
72.14211,3,0,1,0,0,0,0,-1,0,0.0000,-1,6,0,2,0,8,0,0,0,0
72.16361,3,0,1,0,0,0,0,-1,0,0.0000,-1,6,0,2,0,8,0,0,0,0
72.18497,3,0,1,0,0,0,0,-1,0,0.0000,-1,6,0,2,0,8,0,0,0,0
72.20659,3,0,1,0,0,0,0,-1,0,0.0000,-1,6,0,2,0,8,0,0,0,0
72.22799,3,0,1,0,0,0,0,-1,0,0.0000,-1,6,0,2,0,8,0,0,0,0
72.24934,3,0,1,0,0,0,0,-1,0,0.0000,-1,6,0,2,0,8,0,0,0,0
72.27115,3,0,1,0,0,0,0,-1,0,0.0000,-1,6,0,2,0,8,0,0,0,0
72.29242,3,0,1,0,0,0,0,-1,0,0.0000,-1,6,0,2,0,8,0,0,0,0
72.31415,3,0,1,0,0,0,0,-1,0,0.0000,-1,6,0,2,0,8,0,0,0,0
72.33527,3,0,1,0,0,0,0,-1,0,0.0000,-1,6,0,2,0,8,0,0,0,0
72.35654,3,0,1,0,0,0,0,-1,0,0.0000,-1,6,0,2,0,8,0,0,0,0
72.37827,3,0,1,0,0,0,0,-1,0,0.0000,-1,6,0,2,0,8,0,0,0,0
72.39879,3,0,1,0,0,0,0,-1,0,0.0000,-1,6,0,2,0,8,0,0,0,0
72.41992,3,0,1,0,0,0,0,-1,0,0.0000,-1,6,0,2,0,8,0,0,0,0
72.44179,3,0,1,0,0,0,0,-1,0,0.0000,-1,6,0,2,0,8,0,0,0,0
72.4629,3,0,1,0,0,0,0,-1,0,0.0000,-1,6,0,2,0,8,0,0,0,0
72.48454,3,0,1,0,0,0,0,-1,0,0.0000,-1,6,0,2,0,8,0,0,0,0
72.50638,3,0,1,0,0,0,0,-1,0,0.0000,-1,6,0,2,0,8,0,0,0,0
72.52758,3,0,1,0,0,0,0,-1,0,0.0000,-1,6,0,2,0,8,0,0,0,0
72.54856,3,0,1,0,0,0,0,-1,0,0.0000,-1,6,0,2,0,8,0,0,0,0
72.57024,3,0,1,0,0,0,0,-1,0,0.0000,-1,6,0,2,0,8,0,0,0,0
72.59189,3,0,1,0,0,0,0,-1,0,0.0000,-1,6,0,2,0,8,0,0,0,0
72.61267,3,0,1,0,0,0,0,-1,0,0.0000,-1,6,0,2,0,8,0,0,0,0
72.63435,3,0,1,0,0,0,0,-1,0,0.0000,-1,6,0,2,0,8,0,0,0,0
72.65538,3,0,1,0,0,0,0,-1,0,0.0000,-1,6,0,2,0,8,0,0,0,0
72.67699,3,0,1,0,0,0,0,-1,0,0.0000,-1,6,0,2,0,8,0,0,0,0
72.69781,3,0,1,0,0,0,0,-1,0,0.0000,-1,6,0,2,0,8,0,0,0,0
72.71958,3,0,1,0,0,0,0,-1,0,0.0000,-1,6,0,2,0,8,0,0,0,0
72.74095,3,0,1,0,0,0,0,-1,0,0.0000,-1,6,0,2,0,8,0,0,0,0
72.76208,3,0,1,0,0,0,0,-1,0,0.0000,-1,6,0,2,0,8,0,0,0,0
72.78336,3,0,1,0,0,0,0,-1,0,0.0000,-1,6,0,2,0,8,0,0,0,0
72.80581,3,0,1,0,0,0,0,-1,0,0.0000,-1,6,0,2,0,8,0,0,0,0
72.82675,3,0,1,0,0,0,0,-1,0,0.0000,-1,6,0,2,0,8,0,0,0,0
72.84872,3,0,1,0,0,0,0,-1,0,0.0000,-1,6,0,2,0,8,0,0,0,0
72.86964,3,0,1,0,0,0,0,-1,0,0.0000,-1,6,0,2,0,8,0,0,0,0
72.89068,3,0,1,0,0,0,0,-1,0,0.0000,-1,6,0,2,0,8,0,0,0,0
72.91327,3,0,1,0,0,0,0,-1,0,0.0000,-1,6,0,2,0,8,0,0,0,0
72.93414,3,0,1,0,0,0,0,-1,0,0.0000,-1,6,0,2,0,8,0,0,0,0
72.95549,3,0,1,0,0,0,0,-1,0,0.0000,-1,6,0,2,0,8,0,0,0,0
72.97681,3,0,1,0,0,0,0,-1,0,0.0000,-1,6,0,2,0,8,0,0,0,0
72.99844,3,0,1,0,0,0,0,-1,0,0.0000,-1,6,0,2,0,8,0,0,0,0
73.01981,3,0,1,0,0,0,0,-1,0,0.0000,-1,6,0,2,0,8,0,0,0,0
73.04084,3,0,1,0,0,0,0,-1,0,0.0000,-1,6,0,2,0,8,0,0,0,0
73.06216,3,0,1,0,0,0,0,-1,0,0.0000,-1,6,0,2,0,8,0,0,0,0
73.08403,3,0,1,0,0,0,0,-1,0,0.0000,-1,6,0,2,0,8,0,0,0,0
73.10615,3,0,1,0,0,0,0,-1,0,0.0000,-1,6,0,2,0,8,0,0,0,0
73.12661,3,0,1,0,0,0,0,-1,0,0.0000,-1,6,0,2,0,8,0,0,0,0
73.14863,3,0,1,0,0,0,0,-1,0,0.0000,-1,6,0,2,0,8,0,0,0,0
73.17038,3,0,1,0,0,0,0,-1,0,0.0000,-1,6,0,2,0,8,0,0,0,0
73.19102,3,0,1,0,0,0,0,-1,0,0.0000,-1,6,0,2,0,8,0,0,0,0
73.21205,3,0,1,0,0,0,0,-1,0,0.0000,-1,6,0,2,0,8,0,0,0,0
73.2337,3,0,1,0,0,0,0,-1,0,0.0000,-1,6,0,2,0,8,0,0,0,0
73.25584,3,0,1,0,0,0,0,-1,0,0.0000,-1,6,0,2,0,8,0,0,0,0
73.27736,3,0,1,0,0,0,0,-1,0,0.0000,-1,6,0,2,0,8,0,0,0,0
73.29836,3,0,1,0,0,0,0,-1,0,0.0000,-1,6,0,2,0,8,0,0,0,0
73.32011,3,0,1,0,0,0,0,-1,0,0.0000,-1,6,0,2,0,8,0,0,0,0
73.34097,3,0,1,0,0,0,0,-1,0,0.0000,-1,6,0,2,0,8,0,0,0,0
73.36306,3,0,1,0,0,0,0,-1,0,0.0000,-1,6,0,2,0,8,0,0,0,0
73.38451,3,0,1,0,0,0,0,-1,0,0.0000,-1,6,0,2,0,8,0,0,0,0
73.40578,3,0,1,0,0,0,0,-1,0,0.0000,-1,6,0,2,0,8,0,0,0,0
73.42661,3,0,1,0,0,0,0,-1,0,0.0000,-1,6,0,2,0,8,0,0,0,0
73.44825,3,0,1,0,0,0,0,-1,0,0.0000,-1,6,0,2,0,8,0,0,0,0
73.4695,3,0,1,0,0,0,0,-1,0,0.0000,-1,6,0,2,0,8,0,0,0,0
73.49108,3,0,1,0,0,0,0,-1,0,0.0000,-1,6,0,2,0,8,0,0,0,0
73.51198,3,0,1,0,0,0,0,-1,0,0.0000,-1,6,0,2,0,8,0,0,0,0
73.53304,3,0,1,0,0,0,0,-1,0,0.0000,-1,6,0,2,0,8,0,0,0,0
73.55473,3,0,1,0,0,0,0,-1,0,0.0000,-1,6,0,2,0,8,0,0,0,0
73.57581,3,0,1,0,0,0,0,-1,0,0.0000,-1,6,0,2,0,8,0,0,0,0
73.59692,3,0,1,0,0,0,0,-1,0,0.0000,-1,6,0,2,0,8,0,0,0,0
73.61867,3,0,1,0,0,0,0,-1,0,0.0000,-1,6,0,2,0,8,0,0,0,0
73.63986,3,0,1,0,0,0,0,-1,0,0.0000,-1,6,0,2,0,8,0,0,0,0
73.66129,3,0,1,0,0,0,0,-1,0,0.0000,-1,6,0,2,0,8,0,0,0,0
73.68303,3,0,1,0,0,0,0,-1,0,0.0000,-1,6,0,2,0,8,0,0,0,0
73.70453,3,0,1,0,0,0,0,-1,0,0.0000,-1,6,0,2,0,8,0,0,0,0
73.72633,3,0,1,0,0,0,0,-1,0,0.0000,-1,6,0,2,0,8,0,0,0,0
73.7476,3,0,1,0,0,0,0,-1,0,0.0000,-1,6,0,2,0,8,0,0,0,0
73.76926,3,0,1,0,0,0,0,-1,0,0.0000,-1,6,0,2,0,8,0,0,0,0
73.79036,3,0,1,0,0,0,0,-1,0,0.0000,-1,6,0,2,0,8,0,0,0,0
73.81207,3,0,1,0,0,0,0,-1,0,0.0000,-1,6,0,2,0,8,0,0,0,0
73.83401,3,0,1,0,0,0,0,-1,0,0.0000,-1,6,0,2,0,8,0,0,0,0
73.85493,3,0,1,0,0,0,0,-1,0,0.0000,-1,6,0,2,0,8,0,0,0,0
73.87574,3,0,1,0,0,0,0,-1,0,0.0000,-1,6,0,2,0,8,0,0,0,0
73.89706,3,0,1,0,0,0,0,-1,0,0.0000,-1,6,0,2,0,8,0,0,0,0
73.91816,3,0,1,0,0,0,0,-1,0,0.0000,-1,6,0,2,0,8,0,0,0,0
73.93985,3,0,1,0,0,0,0,-1,0,0.0000,-1,6,0,2,0,8,0,0,0,0
73.96143,3,0,1,0,0,0,0,-1,0,0.0000,-1,6,0,2,0,8,0,0,0,0
73.98261,3,0,1,0,0,0,0,-1,0,0.0000,-1,6,0,2,0,8,0,0,0,0
74.00394,3,0,1,0,0,0,0,-1,0,0.0000,-1,6,0,2,0,8,0,0,0,0
74.02518,3,0,1,0,0,0,0,-1,0,0.0000,-1,6,0,2,0,8,0,0,0,0
74.04678,3,0,1,0,0,0,0,-1,0,0.0000,-1,6,0,2,0,8,0,0,0,0
74.06796,3,0,1,0,0,0,0,-1,0,0.0000,-1,6,0,2,0,8,0,0,0,0
74.08884,3,0,1,0,0,0,0,-1,0,0.0000,-1,6,0,2,0,8,0,0,0,0
74.11089,3,0,1,0,0,0,0,-1,0,0.0000,-1,6,0,2,0,8,0,0,0,0
74.13275,3,0,1,0,0,0,0,-1,0,0.0000,-1,6,0,2,0,8,0,0,0,0
74.15321,3,0,1,0,0,0,0,-1,0,0.0000,-1,6,0,2,0,8,0,0,0,0
74.17495,3,0,1,0,0,0,0,-1,0,0.0000,-1,6,0,2,0,8,0,0,0,0
74.19643,3,0,1,0,0,0,0,-1,0,0.0000,-1,6,0,2,0,8,0,0,0,0
74.21813,3,0,1,0,0,0,0,-1,0,0.0000,-1,6,0,2,0,8,0,0,0,0
74.23956,3,0,1,0,0,0,0,-1,0,0.0000,-1,6,0,2,0,8,0,0,0,0
74.26134,3,0,1,0,0,0,0,-1,0,0.0000,-1,6,0,2,0,8,0,0,0,0
74.28329,3,0,1,0,0,0,0,-1,0,0.0000,-1,6,0,2,0,8,0,0,0,0
74.30471,3,0,1,0,0,0,0,-1,0,0.0000,-1,6,0,2,0,8,0,0,0,0
74.32639,3,0,1,0,0,0,0,-1,0,0.0000,-1,6,0,2,0,8,0,0,0,0
74.34795,3,0,1,0,0,0,0,-1,0,0.0000,-1,6,0,2,0,8,0,0,0,0
74.36977,3,0,1,0,0,0,0,-1,0,0.0000,-1,6,0,2,0,8,0,0,0,0
74.39131,3,0,1,0,0,0,0,-1,0,0.0000,-1,6,0,2,0,8,0,0,0,0
74.41208,3,0,1,0,0,0,0,-1,0,0.0000,-1,6,0,2,0,8,0,0,0,0
74.43346,3,0,1,0,0,0,0,-1,0,0.0000,-1,6,0,2,0,8,0,0,0,0
74.4549,3,0,1,0,0,0,0,-1,0,0.0000,-1,6,0,2,0,8,0,0,0,0
74.47601,3,0,1,0,0,0,0,-1,0,0.0000,-1,6,0,2,0,8,0,0,0,0
74.49698,3,0,1,0,0,0,0,-1,0,0.0000,-1,6,0,2,0,8,0,0,0,0
74.51858,3,0,1,0,0,0,0,-1,0,0.0000,-1,6,0,2,0,8,0,0,0,0
74.54044,3,0,1,0,0,0,0,-1,0,0.0000,-1,6,0,2,0,8,0,0,0,0
74.56194,3,0,1,0,0,0,0,-1,0,0.0000,-1,6,0,2,0,8,0,0,0,0
74.58379,3,0,1,0,0,0,0,-1,0,0.0000,-1,6,0,2,0,8,0,0,0,0
74.60501,3,0,1,0,0,0,0,-1,0,0.0000,-1,6,0,2,0,8,0,0,0,0
74.6272,3,0,1,0,0,0,0,-1,0,0.0000,-1,6,0,2,0,8,0,0,0,0
74.64899,3,0,1,0,0,0,0,-1,0,0.0000,-1,6,0,2,0,8,0,0,0,0
74.66967,3,0,1,0,0,0,0,-1,0,0.0000,-1,6,0,2,0,8,0,0,0,0
74.69154,3,0,1,0,0,0,0,-1,0,0.0000,-1,6,0,2,0,8,0,0,0,0
74.71281,3,0,1,0,0,0,0,-1,0,0.0000,-1,6,0,2,0,8,0,0,0,0
74.73452,3,0,1,0,0,0,0,-1,0,0.0000,-1,6,0,2,0,8,0,0,0,0
74.75534,3,0,1,0,0,0,0,-1,0,0.0000,-1,6,0,2,0,8,0,0,0,0
74.77698,3,0,1,0,0,0,0,-1,0,0.0000,-1,6,0,2,0,8,0,0,0,0
74.79813,3,0,1,0,0,0,0,-1,0,0.0000,-1,6,0,2,0,8,0,0,0,0
74.8193,3,0,1,0,0,0,0,-1,0,0.0000,-1,6,0,2,0,8,0,0,0,0
74.84084,3,0,1,0,0,0,0,-1,0,0.0000,-1,6,0,2,0,8,0,0,0,0
74.86304,3,0,1,0,0,0,0,-1,0,0.0000,-1,6,0,2,0,8,0,0,0,0
74.884,3,0,1,0,0,0,0,-1,0,0.0000,-1,6,0,2,0,8,0,0,0,0
74.90609,3,0,1,0,0,0,0,-1,0,0.0000,-1,6,0,2,0,8,0,0,0,0
74.92745,3,0,1,0,0,0,0,-1,0,0.0000,-1,6,0,2,0,8,0,0,0,0
74.94904,3,0,1,0,0,0,0,-1,0,0.0000,-1,6,0,2,0,8,0,0,0,0
74.9707,3,0,1,0,0,0,0,-1,0,0.0000,-1,6,0,2,0,8,0,0,0,0
74.99183,3,0,1,0,0,0,0,-1,0,0.0000,-1,6,0,2,0,8,0,0,0,0
75.0131,3,0,1,0,0,0,0,-1,0,0.0000,-1,6,0,2,0,8,0,0,0,0
75.0344,3,0,1,0,0,0,0,-1,0,0.0000,-1,6,0,2,0,8,0,0,0,0
75.05584,3,0,1,0,0,0,0,-1,0,0.0000,-1,6,0,2,0,8,0,0,0,0
75.07707,3,0,1,0,0,0,0,-1,0,0.0000,-1,6,0,2,0,8,0,0,0,0
75.09837,3,0,1,0,0,0,0,-1,0,0.0000,-1,6,0,2,0,8,0,0,0,0
75.11977,3,0,1,0,0,0,0,-1,0,0.0000,-1,6,0,2,0,8,0,0,0,0
75.14156,3,0,1,0,0,0,0,-1,0,0.0000,-1,6,0,2,0,8,0,0,0,0
75.1634,3,0,1,0,0,0,0,-1,0,0.0000,-1,6,0,2,0,8,0,0,0,0
75.18568,3,0,1,0,0,0,0,-1,0,0.0000,-1,6,0,2,0,8,0,0,0,0
75.20689,3,0,1,0,0,0,0,-1,0,0.0000,-1,6,0,2,0,8,0,0,0,0
75.2475,3,0,1,0,0,0,0,-1,0,0.0000,-1,6,0,2,0,8,0,0,0,0
75.25803,3,0,1,0,0,0,0,-1,0,0.0000,-1,6,0,2,0,8,0,0,0,0
75.27357,3,0,1,0,0,0,0,-1,0,0.0000,-1,6,0,2,0,8,0,0,0,0
75.29591,3,0,1,0,0,0,0,-1,0,0.0000,-1,6,0,2,0,8,0,0,0,0
75.31771,3,0,1,0,0,0,0,-1,0,0.0000,-1,6,0,2,0,8,0,0,0,0
75.33934,3,0,1,0,0,0,0,-1,0,0.0000,-1,6,0,2,0,8,0,0,0,0
75.36171,3,0,1,0,0,0,0,-1,0,0.0000,-1,6,0,2,0,8,0,0,0,0
75.38353,3,0,1,0,0,0,0,-1,0,0.0000,-1,6,0,2,0,8,0,0,0,0
75.40516,3,0,1,0,0,0,0,-1,0,0.0000,-1,6,0,2,0,8,0,0,0,0
75.42685,3,0,1,0,0,0,0,-1,0,0.0000,-1,6,0,2,0,8,0,0,0,0
75.44829,3,0,1,0,0,0,0,-1,0,0.0000,-1,6,0,2,0,8,0,0,0,0
75.4707,3,0,1,0,0,0,0,-1,1,1.0000,-1,6,0,2,0,8,0,0,0,0
75.49175,3,0,1,0,0,0,0,-1,0,1.0000,-1,6,0,2,0,8,0,0,0,0
75.51343,3,0,1,0,0,0,0,-1,0,1.0000,-1,6,0,2,0,8,0,0,0,0
75.53484,3,0,1,0,0,0,0,-1,0,1.0000,-1,6,0,2,0,8,0,0,0,0
75.55608,3,0,1,0,0,0,0,-1,0,1.0000,-1,6,0,2,0,8,0,0,0,0
75.57701,3,0,1,0,0,0,0,-1,0,1.0000,-1,6,0,2,0,8,0,0,0,0
75.59896,3,0,1,0,0,0,0,-1,0,1.0000,-1,6,0,2,0,8,0,0,0,0
75.62031,3,0,1,0,0,0,0,-1,0,1.0000,-1,6,0,2,0,8,0,0,0,0
75.64237,3,0,1,0,0,0,0,-1,0,1.0000,-1,6,0,2,0,8,0,0,0,0
75.66355,3,0,1,0,0,0,0,-1,0,1.0000,-1,6,0,2,0,8,0,0,0,0
75.68521,3,0,1,0,0,0,0,-1,0,1.0000,-1,6,0,2,0,8,0,0,0,0
75.70731,3,0,1,0,0,0,0,-1,0,1.0000,-1,6,0,2,0,8,0,0,0,0
75.73071,3,0,1,0,0,0,0,-1,0,1.0000,-1,6,0,2,0,8,0,0,0,0
75.75345,3,0,1,0,0,0,0,-1,0,1.0000,-1,6,0,2,0,8,0,0,0,0
75.77519,3,0,1,0,0,0,0,-1,0,1.0000,-1,6,0,2,0,8,0,0,0,0
75.79799,3,0,1,0,0,0,0,-1,0,1.0000,-1,6,0,2,0,8,0,0,0,0
75.81979,3,0,1,0,0,0,0,-1,0,1.0000,-1,6,0,2,0,8,0,0,0,0
75.84245,3,0,1,0,0,0,0,-1,0,1.0000,-1,6,0,2,0,8,0,0,0,0
75.86517,3,0,1,0,0,0,0,-1,0,1.0000,-1,6,0,2,0,8,0,0,0,0
75.88658,3,0,1,0,0,0,0,-1,0,1.0000,-1,6,0,2,0,8,0,0,0,0
75.90812,3,0,1,0,0,0,0,-1,0,1.0000,-1,6,0,2,0,8,0,0,0,0
75.92917,3,0,1,0,0,0,0,-1,0,1.0000,-1,6,0,2,0,8,0,0,0,0
75.9511,3,0,1,0,0,0,0,-1,0,1.0000,-1,6,0,2,0,8,0,0,0,0
75.97249,3,0,1,0,0,0,0,-1,0,1.0000,-1,6,0,2,0,8,0,0,0,0
75.99369,3,0,1,0,0,0,0,-1,0,1.0000,-1,6,0,2,0,8,0,0,0,0
76.01521,3,0,1,0,0,0,0,-1,0,1.0000,-1,6,0,2,0,8,0,0,0,0
76.03692,3,0,1,0,0,0,0,-1,0,1.0000,-1,6,0,2,0,8,0,0,0,0
76.05831,3,0,1,0,0,0,0,-1,0,1.0000,-1,6,0,2,0,8,0,0,0,0
76.07979,3,0,1,0,0,0,0,-1,0,1.0000,-1,6,0,2,0,8,0,0,0,0
76.10126,3,0,1,0,0,0,0,-1,0,1.0000,-1,6,0,2,0,8,0,0,0,0
76.12232,3,0,1,0,0,0,0,-1,0,1.0000,-1,6,0,2,0,8,0,0,0,0
76.14337,3,0,1,0,0,0,0,-1,0,1.0000,-1,6,0,2,0,8,0,0,0,0
76.16535,3,0,1,0,0,0,0,-1,0,1.0000,-1,6,0,2,0,8,0,0,0,0
76.18629,3,0,1,0,0,0,0,-1,0,1.0000,-1,6,0,2,0,8,0,0,0,0
76.20815,3,0,1,0,0,0,0,-1,0,1.0000,-1,6,0,2,0,8,0,0,0,0
76.2296,3,0,1,0,0,0,0,-1,0,1.0000,-1,6,0,2,0,8,0,0,0,0
76.25127,3,0,1,0,0,0,0,-1,0,1.0000,-1,6,0,2,0,8,0,0,0,0
76.27276,3,0,1,0,0,0,0,-1,0,1.0000,-1,6,0,2,0,8,0,0,0,0
76.31473,3,0,1,0,0,0,0,-1,0,1.0000,-1,6,0,2,0,8,0,0,0,0
76.32637,3,0,1,0,0,0,0,-1,0,1.0000,-1,6,0,2,0,8,0,0,0,0
76.34125,3,0,1,0,0,0,0,-1,0,1.0000,-1,6,0,2,0,8,0,0,0,0
76.36345,3,0,1,0,0,0,0,-1,0,1.0000,-1,6,0,2,0,8,0,0,0,0
76.38551,3,0,1,0,0,0,0,-1,0,1.0000,-1,6,0,2,0,8,0,0,0,0
76.40781,3,0,1,0,0,0,0,-1,0,1.0000,-1,6,0,2,0,8,0,0,0,0
76.42928,3,0,1,0,0,0,0,-1,0,1.0000,-1,6,0,2,0,8,0,0,0,0
76.45087,3,0,1,0,0,0,0,-1,0,1.0000,-1,6,0,2,0,8,0,0,0,0
76.47247,3,0,1,0,0,0,0,-1,0,0.0000,-1,6,0,2,0,8,0,0,0,0
76.49464,3,0,1,0,0,0,0,-1,0,0.0000,-1,6,0,2,0,8,0,0,0,0
76.51585,3,0,1,0,0,0,0,-1,0,0.0000,-1,6,0,2,0,8,0,0,0,0
76.53762,3,0,1,0,0,0,0,-1,0,0.0000,-1,6,0,2,0,8,0,0,0,0
76.55882,3,0,1,0,0,0,0,-1,0,0.0000,-1,6,0,2,0,8,0,0,0,0
76.58074,3,0,1,0,0,0,0,-1,0,0.0000,-1,6,0,2,0,8,0,0,0,0
76.60188,3,0,1,0,0,0,0,-1,0,0.0000,-1,6,0,2,0,8,0,0,0,0
76.62322,3,0,1,0,0,0,0,-1,0,0.0000,-1,6,0,2,0,8,0,0,0,0
76.64529,3,0,1,0,0,0,0,-1,0,0.0000,-1,6,0,2,0,8,0,0,0,0
76.66673,3,0,1,0,0,0,0,-1,0,0.0000,-1,6,0,2,0,8,0,0,0,0
76.68794,3,0,1,0,0,0,0,-1,0,0.0000,-1,6,0,2,0,8,0,0,0,0
76.71104,3,0,1,0,0,0,0,-1,0,0.0000,-1,6,0,2,0,8,0,0,0,0
76.73107,3,0,1,0,0,0,0,-1,0,0.0000,-1,6,0,2,0,8,0,0,0,0
76.75326,3,0,1,0,0,0,0,-1,1,1.0000,-1,6,0,2,0,8,0,0,0,0
76.77425,3,0,1,0,0,0,0,-1,0,1.0000,-1,6,0,2,0,8,0,0,0,0
76.79597,3,0,1,0,0,0,0,-1,0,1.0000,-1,6,0,2,0,8,0,0,0,0
76.81686,3,0,1,0,0,0,0,-1,0,1.0000,-1,6,0,2,0,8,0,0,0,0
76.83897,3,0,1,0,0,0,0,-1,0,1.0000,-1,6,0,2,0,8,0,0,0,0
76.8605,3,0,1,0,0,0,0,-1,0,1.0000,-1,6,0,2,0,8,0,0,0,0
76.88235,3,0,1,0,0,0,0,-1,0,1.0000,-1,6,0,2,0,8,0,0,0,0
76.90369,3,0,1,0,0,0,0,-1,0,1.0000,-1,6,0,2,0,8,0,0,0,0
76.92567,3,0,1,0,0,0,0,-1,0,1.0000,-1,6,0,2,0,8,0,0,0,0
76.94719,3,0,1,0,0,0,0,-1,0,1.0000,-1,6,0,2,0,8,0,0,0,0
76.96829,3,0,1,0,0,0,0,-1,0,1.0000,-1,6,0,2,0,8,0,0,0,0
76.98972,3,0,1,0,0,0,0,-1,0,1.0000,-1,6,0,2,0,8,0,0,0,0
77.01138,3,0,1,0,0,0,0,-1,0,1.0000,-1,6,0,2,0,8,0,0,0,0
77.0328,3,0,1,0,0,0,0,-1,0,1.0000,-1,6,0,2,0,8,0,0,0,0
77.05559,3,0,1,0,0,0,0,-1,0,1.0000,-1,6,0,2,0,8,0,0,0,0
77.07796,3,0,1,0,0,0,0,-1,0,1.0000,-1,6,0,2,0,8,0,0,0,0
77.09861,3,0,1,0,0,0,0,-1,0,1.0000,-1,6,0,2,0,8,0,0,0,0
77.11963,3,0,1,0,0,0,0,-1,0,1.0000,-1,6,0,2,0,8,0,0,0,0
77.14422,3,0,1,0,0,0,0,-1,0,1.0000,-1,6,0,2,0,8,0,0,0,0
77.16427,3,0,1,0,0,0,0,-1,0,1.0000,-1,6,0,2,0,8,0,0,0,0
77.18585,3,0,1,0,0,0,0,-1,0,1.0000,-1,6,0,2,0,8,0,0,0,0
77.2085,3,0,1,0,0,0,0,-1,0,1.0000,-1,6,0,2,0,8,0,0,0,0
77.23055,3,0,1,0,0,0,0,-1,0,1.0000,-1,6,0,2,0,8,0,0,0,0
77.25191,3,0,1,0,0,0,0,-1,0,1.0000,-1,6,0,2,0,8,0,0,0,0
77.27255,3,0,1,0,0,0,0,-1,0,1.0000,-1,6,0,2,0,8,0,0,0,0
77.29477,3,0,1,0,0,0,0,-1,0,1.0000,-1,6,0,2,0,8,0,0,0,0
77.31616,3,0,1,0,0,0,0,-1,0,1.0000,-1,6,0,2,0,8,0,0,0,0
77.33826,3,0,1,0,0,0,0,-1,0,1.0000,-1,6,0,2,0,8,0,0,0,0
77.36005,3,0,1,0,0,0,0,-1,0,1.0000,-1,6,0,2,0,8,0,0,0,0
77.38139,3,0,1,0,0,0,0,-1,0,1.0000,-1,6,0,2,0,8,0,0,0,0
77.4034,3,0,1,0,0,0,0,-1,0,1.0000,-1,6,0,2,0,8,0,0,0,0
77.42549,3,0,1,0,0,0,0,-1,0,1.0000,-1,6,0,2,0,8,0,0,0,0
77.4463,3,0,1,0,0,0,0,-1,0,1.0000,-1,6,0,2,0,8,0,0,0,0
77.46734,3,0,1,0,0,0,0,-1,0,1.0000,-1,6,0,2,0,8,0,0,0,0
77.48772,3,0,1,0,0,0,0,-1,0,1.0000,-1,6,0,2,0,8,0,0,0,0
77.50886,3,0,1,0,0,0,0,-1,0,1.0000,-1,6,0,2,0,8,0,0,0,0
77.53095,3,0,1,0,0,0,0,-1,0,1.0000,-1,6,0,2,0,8,0,0,0,0
77.5517,3,0,1,0,0,0,0,-1,0,1.0000,-1,6,0,2,0,8,0,0,0,0
77.57301,3,0,1,0,0,0,0,-1,0,1.0000,-1,6,0,2,0,8,0,0,0,0
77.59549,3,0,1,0,0,0,0,-1,0,1.0000,-1,6,0,2,0,8,0,0,0,0
77.61693,3,0,1,0,0,0,0,-1,0,1.0000,-1,6,0,2,0,8,0,0,0,0
77.63885,3,0,1,0,0,0,0,-1,0,1.0000,-1,6,0,2,0,8,0,0,0,0
77.66003,3,0,1,0,0,0,0,-1,0,1.0000,-1,6,0,2,0,8,0,0,0,0
77.68195,3,0,1,0,0,0,0,-1,0,1.0000,-1,6,0,2,0,8,0,0,0,0
77.7039,3,0,1,0,0,0,0,-1,0,1.0000,-1,6,0,2,0,8,0,0,0,0
77.72613,3,0,1,0,0,0,0,-1,0,1.0000,-1,6,0,2,0,8,0,0,0,0
77.7476,3,0,1,0,0,0,0,-1,0,1.0000,-1,6,0,2,0,8,0,0,0,0
77.76954,3,0,1,0,0,0,0,-1,0,0.0000,-1,6,0,2,0,8,0,0,0,0
77.79111,3,0,1,0,0,0,0,-1,0,0.0000,-1,6,0,2,0,8,0,0,0,0
77.81273,3,0,1,0,0,0,0,-1,0,0.0000,-1,6,0,2,0,8,0,0,0,0
77.83456,3,0,1,0,0,0,0,-1,0,0.0000,-1,6,0,2,0,8,0,0,0,0
77.85548,3,0,1,0,0,0,0,-1,0,0.0000,-1,6,0,2,0,8,0,0,0,0
77.87785,3,0,1,0,0,0,0,-1,0,0.0000,-1,6,0,2,0,8,0,0,0,0
77.89869,3,0,1,0,0,0,0,-1,0,0.0000,-1,6,0,2,0,8,0,0,0,0
77.91955,3,0,1,0,0,0,0,-1,0,0.0000,-1,6,0,2,0,8,0,0,0,0
77.94225,3,0,1,0,0,0,0,-1,0,0.0000,-1,6,0,2,0,8,0,0,0,0
77.96519,3,0,1,0,0,0,0,-1,0,0.0000,-1,6,0,2,0,8,0,0,0,0
77.98711,3,0,1,0,0,0,0,-1,0,0.0000,-1,6,0,2,0,8,0,0,0,0
78.00771,3,0,1,0,0,0,0,-1,0,0.0000,-1,6,0,2,0,8,0,0,0,0
78.02943,3,0,1,0,0,0,0,-1,0,0.0000,-1,6,0,2,0,8,0,0,0,0
78.05065,3,0,1,0,0,0,0,-1,0,0.0000,-1,6,0,2,0,8,0,0,0,0
78.07248,3,0,1,0,0,0,0,-1,0,0.0000,-1,6,0,2,0,8,0,0,0,0
78.09473,3,0,1,0,0,0,0,-1,0,0.0000,-1,6,0,2,0,8,0,0,0,0
78.11592,3,0,1,0,0,0,0,-1,0,0.0000,-1,6,0,2,0,8,0,0,0,0
78.13803,3,0,1,0,0,0,0,-1,0,0.0000,-1,6,0,2,0,8,0,0,0,0
78.16016,3,0,1,0,0,0,0,-1,0,0.0000,-1,6,0,2,0,8,0,0,0,0
78.18136,3,0,1,0,0,0,0,-1,0,0.0000,-1,6,0,2,0,8,0,0,0,0
78.20379,3,0,1,0,0,0,0,-1,0,0.0000,-1,6,0,2,0,8,0,0,0,0
78.22459,3,0,1,0,0,0,0,-1,0,0.0000,-1,6,0,2,0,8,0,0,0,0
78.2466,3,0,1,0,0,0,0,-1,0,0.0000,-1,6,0,2,0,8,0,0,0,0
78.26797,3,0,1,0,0,0,0,-1,0,0.0000,-1,6,0,2,0,8,0,0,0,0
78.28924,3,0,1,0,0,0,0,-1,0,0.0000,-1,6,0,2,0,8,0,0,0,0
78.311,3,0,1,0,0,0,0,-1,0,0.0000,-1,6,0,2,0,8,0,0,0,0
78.33225,3,0,1,0,0,0,0,-1,0,0.0000,-1,6,0,2,0,8,0,0,0,0
78.35448,3,0,1,0,0,0,0,-1,0,0.0000,-1,6,0,2,0,8,0,0,0,0
78.37664,3,0,1,0,0,0,0,-1,0,0.0000,-1,6,0,2,0,8,0,0,0,0
78.39672,3,0,1,0,0,0,0,-1,0,0.0000,-1,6,0,2,0,8,0,0,0,0
78.41886,3,0,1,0,0,0,0,-1,0,0.0000,-1,6,0,2,0,8,0,0,0,0
78.44009,3,0,1,0,0,0,0,-1,0,0.0000,-1,6,0,2,0,8,0,0,0,0
78.46204,3,0,1,0,0,0,0,-1,0,0.0000,-1,6,0,2,0,8,0,0,0,0
78.48397,3,0,1,0,0,0,0,-1,0,0.0000,-1,6,0,2,0,8,0,0,0,0
78.50512,3,0,1,0,0,0,0,-1,0,0.0000,-1,6,0,2,0,8,0,0,0,0
78.52673,3,0,1,0,0,0,0,-1,0,0.0000,-1,6,0,2,0,8,0,0,0,0
78.54845,3,0,1,0,0,0,0,-1,0,0.0000,-1,6,0,2,0,8,0,0,0,0
78.57059,3,0,1,0,0,0,0,-1,0,0.0000,-1,6,0,2,0,8,0,0,0,0
78.59212,3,0,1,0,0,0,0,-1,0,0.0000,-1,6,0,2,0,8,0,0,0,0
78.61388,3,0,1,0,0,0,0,-1,0,0.0000,-1,6,0,2,0,8,0,0,0,0
78.63513,3,0,1,0,0,0,0,-1,0,0.0000,-1,6,0,2,0,8,0,0,0,0
78.65668,3,0,1,0,0,0,0,-1,0,0.0000,-1,6,0,2,0,8,0,0,0,0
78.6967,3,0,1,0,0,0,0,-1,0,0.0000,-1,6,0,2,0,8,0,0,0,0
78.70771,3,0,1,0,0,0,0,-1,0,0.0000,-1,6,0,2,0,8,0,0,0,0
78.72408,3,0,1,0,0,0,0,-1,1,1.0000,-1,6,0,2,0,8,0,0,0,0
78.74575,3,0,1,0,0,0,0,-1,0,1.0000,-1,6,0,2,0,8,0,0,0,0
78.76706,3,0,1,0,0,0,0,-1,0,1.0000,-1,6,0,2,0,8,0,0,0,0
78.78876,3,0,1,0,0,0,0,-1,0,1.0000,-1,6,0,2,0,8,0,0,0,0
78.81012,3,0,1,0,0,0,0,-1,0,1.0000,-1,6,0,2,0,8,0,0,0,0
78.8311,3,0,1,0,0,0,0,-1,0,1.0000,-1,6,0,2,0,8,0,0,0,0
78.85238,3,0,1,0,0,0,0,-1,0,1.0000,-1,6,0,2,0,8,0,0,0,0
78.87361,3,0,1,0,0,0,0,-1,0,1.0000,-1,6,0,2,0,8,0,0,0,0
78.8951,3,0,1,0,0,0,0,-1,0,1.0000,-1,6,0,2,0,8,0,0,0,0
78.91589,3,0,1,0,0,0,0,-1,0,1.0000,-1,6,0,2,0,8,0,0,0,0
78.93711,3,0,1,0,0,0,0,-1,0,1.0000,-1,6,0,2,0,8,0,0,0,0
78.9586,3,0,1,0,0,0,0,-1,0,1.0000,-1,6,0,2,0,8,0,0,0,0
78.97941,3,0,1,0,0,0,0,-1,0,1.0000,-1,6,0,2,0,8,0,0,0,0
79.00045,3,0,1,0,0,0,0,-1,0,1.0000,-1,6,0,2,0,8,0,0,0,0
79.02169,3,0,1,0,0,0,0,-1,0,1.0000,-1,6,0,2,0,8,0,0,0,0
79.04245,3,0,1,0,0,0,0,-1,0,1.0000,-1,6,0,2,0,8,0,0,0,0
79.06387,3,0,1,0,0,0,0,-1,0,1.0000,-1,6,0,2,0,8,0,0,0,0
79.08521,3,0,1,0,0,0,0,-1,0,1.0000,-1,6,0,2,0,8,0,0,0,0
79.1064,3,0,1,0,0,0,0,-1,0,1.0000,-1,6,0,2,0,8,0,0,0,0
79.12789,3,0,1,0,0,0,0,-1,0,1.0000,-1,6,0,2,0,8,0,0,0,0
79.1487,3,0,1,0,0,0,0,-1,0,1.0000,-1,6,0,2,0,8,0,0,0,0
79.16965,3,0,1,0,0,0,0,-1,0,1.0000,-1,6,0,2,0,8,0,0,0,0
79.1905,3,0,1,0,0,0,0,-1,0,1.0000,-1,6,0,2,0,8,0,0,0,0
79.21193,3,0,1,0,0,0,0,-1,0,1.0000,-1,6,0,2,0,8,0,0,0,0
79.23292,3,0,1,0,0,0,0,-1,0,1.0000,-1,6,0,2,0,8,0,0,0,0
79.25404,3,0,1,0,0,0,0,-1,0,1.0000,-1,6,0,2,0,8,0,0,0,0
79.27514,3,0,1,0,0,0,0,-1,0,1.0000,-1,6,0,2,0,8,0,0,0,0
79.29681,3,0,1,0,0,0,0,-1,0,1.0000,-1,6,0,2,0,8,0,0,0,0
79.31741,3,0,1,0,0,0,0,-1,0,1.0000,-1,6,0,2,0,8,0,0,0,0
79.33915,3,0,1,0,0,0,0,-1,0,1.0000,-1,6,0,2,0,8,0,0,0,0
79.36063,3,0,1,0,0,0,0,-1,0,1.0000,-1,6,0,2,0,8,0,0,0,0
79.38199,3,0,1,0,0,0,0,-1,0,1.0000,-1,6,0,2,0,8,0,0,0,0
79.40307,3,0,1,0,0,0,0,-1,0,1.0000,-1,6,0,2,0,8,0,0,0,0
79.42361,3,0,1,0,0,0,0,-1,0,1.0000,-1,6,0,2,0,8,0,0,0,0
79.44496,3,0,1,0,0,0,0,-1,0,1.0000,-1,6,0,2,0,8,0,0,0,0
79.46601,3,0,1,0,0,0,0,-1,0,1.0000,-1,6,0,2,0,8,0,0,0,0
79.48708,3,0,1,0,0,0,0,-1,0,1.0000,-1,6,0,2,0,8,0,0,0,0
79.50792,3,0,1,0,0,0,0,-1,0,1.0000,-1,6,0,2,0,8,0,0,0,0
79.5282,3,0,1,0,0,0,0,-1,0,1.0000,-1,6,0,2,0,8,0,0,0,0
79.54945,3,0,1,0,0,0,0,-1,0,1.0000,-1,6,0,2,0,8,0,0,0,0
79.57143,3,0,1,0,0,0,0,-1,0,1.0000,-1,6,0,2,0,8,0,0,0,0
79.59223,3,0,1,0,0,0,0,-1,0,1.0000,-1,6,0,2,0,8,0,0,0,0
79.61388,3,0,1,0,0,0,0,-1,0,1.0000,-1,6,0,2,0,8,0,0,0,0
79.63494,3,0,1,0,0,0,0,-1,0,1.0000,-1,6,0,2,0,8,0,0,0,0
79.65596,3,0,1,0,0,0,0,-1,0,1.0000,-1,6,0,2,0,8,0,0,0,0
79.6766,3,0,1,0,0,0,0,-1,0,1.0000,-1,6,0,2,0,8,0,0,0,0
79.69728,3,0,1,0,0,0,0,-1,0,1.0000,-1,6,0,2,0,8,0,0,0,0
79.71855,3,0,1,0,0,0,0,-1,0,1.0000,-1,6,0,2,0,8,0,0,0,0
79.76013,3,0,1,0,0,0,0,-1,0,0.0000,-1,6,0,2,0,8,0,0,0,0
79.77174,3,0,1,0,0,0,0,-1,0,0.0000,-1,6,0,2,0,8,0,0,0,0
79.78534,3,0,1,0,0,0,0,-1,0,0.0000,-1,6,0,2,0,8,0,0,0,0
79.80645,3,0,1,0,0,0,0,-1,0,0.0000,-1,6,0,2,0,8,0,0,0,0
79.82813,3,0,1,0,0,0,0,-1,0,0.0000,-1,6,0,2,0,8,0,0,0,0
79.84922,3,0,1,0,0,0,0,-1,0,0.0000,-1,6,0,2,0,8,0,0,0,0
79.87042,3,0,1,0,0,0,0,-1,0,0.0000,-1,6,0,2,0,8,0,0,0,0
79.89159,3,0,1,0,0,0,0,-1,0,0.0000,-1,6,0,2,0,8,0,0,0,0
79.91298,3,0,1,0,0,0,0,-1,0,0.0000,-1,6,0,2,0,8,0,0,0,0
79.93423,3,0,1,0,0,0,0,-1,0,0.0000,-1,6,0,2,0,8,0,0,0,0
79.95505,3,0,1,0,0,0,0,-1,0,0.0000,-1,6,0,2,0,8,0,0,0,0
79.97598,3,0,1,0,0,0,0,-1,0,0.0000,-1,6,0,2,0,8,0,0,0,0
79.99778,3,0,1,0,0,0,0,-1,0,0.0000,-1,6,0,2,0,8,0,0,0,0
80.01841,3,0,1,0,0,0,0,-1,0,0.0000,-1,6,0,2,0,8,0,0,0,0
80.03953,3,0,1,0,0,0,0,-1,0,0.0000,-1,6,0,2,0,8,0,0,0,0
80.06088,3,0,1,0,0,0,0,-1,0,0.0000,-1,6,0,2,0,8,0,0,0,0
80.08346,3,0,1,0,0,0,0,-1,0,0.0000,-1,6,0,2,0,8,0,0,0,0
80.10378,3,0,1,0,0,0,0,-1,0,0.0000,-1,6,0,2,0,8,0,0,0,0
80.12544,3,0,1,0,0,0,0,-1,0,0.0000,-1,6,0,2,0,8,0,0,0,0
80.14632,3,0,1,0,0,0,0,-1,0,0.0000,-1,6,0,2,0,8,0,0,0,0
80.16721,3,0,1,0,0,0,0,-1,0,0.0000,-1,6,0,2,0,8,0,0,0,0
80.18793,3,0,1,0,0,0,0,-1,0,0.0000,-1,6,0,2,0,8,0,0,0,0
80.20949,3,0,1,0,0,0,0,-1,0,0.0000,-1,6,0,2,0,8,0,0,0,0
80.23192,3,0,1,0,0,0,0,-1,0,0.0000,-1,6,0,2,0,8,0,0,0,0
80.25413,3,0,1,0,0,0,0,-1,0,0.0000,-1,6,0,2,0,8,0,0,0,0
80.27528,3,0,1,0,0,0,0,-1,0,0.0000,-1,6,0,2,0,8,0,0,0,0
80.29734,3,0,1,0,0,0,0,-1,0,0.0000,-1,6,0,2,0,8,0,0,0,0
80.31763,3,0,1,0,0,0,0,-1,0,0.0000,-1,6,0,2,0,8,0,0,0,0
80.33974,3,0,1,0,0,0,0,-1,0,0.0000,-1,6,0,2,0,8,0,0,0,0
80.36033,3,0,1,0,0,0,0,-1,0,0.0000,-1,6,0,2,0,8,0,0,0,0
80.38209,3,0,1,0,0,0,0,-1,0,0.0000,-1,6,0,2,0,8,0,0,0,0
80.40353,3,0,1,0,0,0,0,-1,0,0.0000,-1,6,0,2,0,8,0,0,0,0
80.42523,3,0,1,0,0,0,0,-1,0,0.0000,-1,6,0,2,0,8,0,0,0,0
80.44701,3,0,1,0,0,0,0,-1,0,0.0000,-1,6,0,2,0,8,0,0,0,0
80.46787,3,0,1,0,0,0,0,-1,0,0.0000,-1,6,0,2,0,8,0,0,0,0
80.48911,3,0,1,0,0,0,0,-1,0,0.0000,-1,6,0,2,0,8,0,0,0,0
80.51064,3,0,1,0,0,0,0,-1,0,0.0000,-1,6,0,2,0,8,0,0,0,0
80.53149,3,0,1,0,0,0,0,-1,0,0.0000,-1,6,0,2,0,8,0,0,0,0
80.55364,3,0,1,0,0,0,0,-1,0,0.0000,-1,6,0,2,0,8,0,0,0,0
80.57484,3,0,1,0,0,0,0,-1,0,0.0000,-1,6,0,2,0,8,0,0,0,0
80.59631,3,0,1,0,0,0,0,-1,0,0.0000,-1,6,0,2,0,8,0,0,0,0
80.61869,3,0,1,0,0,0,0,-1,0,0.0000,-1,6,0,2,0,8,0,0,0,0
80.63934,3,0,1,0,0,0,0,-1,0,0.0000,-1,6,0,2,0,8,0,0,0,0
80.66081,3,0,1,0,0,0,0,-1,0,0.0000,-1,6,0,2,0,8,0,0,0,0
80.68243,3,0,1,0,0,0,0,-1,0,0.0000,-1,6,0,2,0,8,0,0,0,0
80.70403,3,0,1,0,0,0,0,-1,0,0.0000,-1,6,0,2,0,8,0,0,0,0
80.72633,3,0,1,0,0,0,0,-1,0,0.0000,-1,6,0,2,0,8,0,0,0,0
80.74753,3,0,1,0,0,0,0,-1,0,0.0000,-1,6,0,2,0,8,0,0,0,0
80.76901,3,0,1,0,0,0,0,-1,0,0.0000,-1,6,0,2,0,8,0,0,0,0
80.79004,3,0,1,0,0,0,0,-1,0,0.0000,-1,6,0,2,0,8,0,0,0,0
80.83042,3,0,1,0,0,0,0,-1,0,0.0000,-1,6,0,2,0,8,0,0,0,0
80.84104,3,0,1,0,0,0,0,-1,0,0.0000,-1,6,0,2,0,8,0,0,0,0
80.85691,3,0,1,0,0,0,0,-1,0,0.0000,-1,6,0,2,0,8,0,0,0,0
80.87901,3,0,1,0,0,0,0,-1,0,0.0000,-1,6,0,2,0,8,0,0,0,0
80.90041,3,0,1,0,0,0,0,-1,0,0.0000,-1,6,0,2,0,8,0,0,0,0
80.92253,3,0,1,0,0,0,0,-1,0,0.0000,-1,6,0,2,0,8,0,0,0,0
80.9442,3,0,1,0,0,0,0,-1,0,0.0000,-1,6,0,2,0,8,0,0,0,0
80.96523,3,0,1,0,0,0,0,-1,0,0.0000,-1,6,0,2,0,8,0,0,0,0
80.98687,3,0,1,0,0,0,0,-1,0,0.0000,-1,6,0,2,0,8,0,0,0,0
81.0084,3,0,1,0,0,0,0,-1,0,0.0000,-1,6,0,2,0,8,0,0,0,0
81.02992,3,0,1,0,0,0,0,-1,0,0.0000,-1,6,0,2,0,8,0,0,0,0
81.05182,3,0,1,0,0,0,0,-1,0,0.0000,-1,6,0,2,0,8,0,0,0,0
81.07465,3,0,1,0,0,0,0,-1,0,0.0000,-1,6,0,2,0,8,0,0,0,0
81.09661,3,0,1,0,0,0,0,-1,0,0.0000,-1,6,0,2,0,8,0,0,0,0
81.11863,3,0,1,0,0,0,0,-1,0,0.0000,-1,6,0,2,0,8,0,0,0,0
81.14065,3,0,1,0,0,0,0,-1,0,0.0000,-1,6,0,2,0,8,0,0,0,0
81.16207,3,0,1,0,0,0,0,-1,0,0.0000,-1,6,0,2,0,8,0,0,0,0
81.18331,3,0,1,0,0,0,0,-1,0,0.0000,-1,6,0,2,0,8,0,0,0,0
81.20544,3,0,1,0,0,0,0,-1,0,0.0000,-1,6,0,2,0,8,0,0,0,0
81.22729,3,0,1,0,0,0,0,-1,0,0.0000,-1,6,0,2,0,8,0,0,0,0
81.26823,3,0,1,0,0,0,0,-1,1,1.0000,-1,6,0,2,0,8,0,0,0,0
81.27944,3,0,1,0,0,0,0,-1,0,1.0000,-1,6,0,2,0,8,0,0,0,0
81.2946,3,0,1,0,0,0,0,-1,0,1.0000,-1,6,0,2,0,8,0,0,0,0
81.31693,3,0,1,0,0,0,0,-1,0,1.0000,-1,6,0,2,0,8,0,0,0,0
81.33875,3,0,1,0,0,0,0,-1,0,1.0000,-1,6,0,2,0,8,0,0,0,0
81.36113,3,0,1,0,0,0,0,-1,0,1.0000,-1,6,0,2,0,8,0,0,0,0
81.38387,3,0,1,0,0,0,0,-1,0,1.0000,-1,6,0,2,0,8,0,0,0,0
81.40495,3,0,1,0,0,0,0,-1,0,1.0000,-1,6,0,2,0,8,0,0,0,0
81.42642,3,0,1,0,0,0,0,-1,0,1.0000,-1,6,0,2,0,8,0,0,0,0
81.44807,3,0,1,0,0,0,0,-1,0,1.0000,-1,6,0,2,0,8,0,0,0,0
81.48873,3,0,1,0,0,0,0,-1,0,1.0000,-1,6,0,2,0,8,0,0,0,0
81.50063,3,0,1,0,0,0,0,-1,0,1.0000,-1,6,0,2,0,8,0,0,0,0
81.51706,3,0,1,0,0,0,0,-1,0,1.0000,-1,6,0,2,0,8,0,0,0,0
81.53909,3,0,1,0,0,0,0,-1,0,1.0000,-1,6,0,2,0,8,0,0,0,0
81.56057,3,0,1,0,0,0,0,-1,0,1.0000,-1,6,0,2,0,8,0,0,0,0
81.58192,3,0,1,0,0,0,0,-1,0,1.0000,-1,6,0,2,0,8,0,0,0,0
81.60386,3,0,1,0,0,0,0,-1,0,1.0000,-1,6,0,2,0,8,0,0,0,0
81.62545,3,0,1,0,0,0,0,-1,0,1.0000,-1,6,0,2,0,8,0,0,0,0
81.6469,3,0,1,0,0,0,0,-1,0,1.0000,-1,6,0,2,0,8,0,0,0,0
81.66982,3,0,1,0,0,0,0,-1,0,1.0000,-1,6,0,2,0,8,0,0,0,0
81.69131,3,0,1,0,0,0,0,-1,0,1.0000,-1,6,0,2,0,8,0,0,0,0
81.71213,3,0,1,0,0,0,0,-1,0,1.0000,-1,6,0,2,0,8,0,0,0,0
81.73467,3,0,1,0,0,0,0,-1,0,1.0000,-1,6,0,2,0,8,0,0,0,0
81.75662,3,0,1,0,0,0,0,-1,0,1.0000,-1,6,0,2,0,8,0,0,0,0
81.77811,3,0,1,0,0,0,0,-1,0,1.0000,-1,6,0,2,0,8,0,0,0,0
81.80016,3,0,1,0,0,0,0,-1,0,1.0000,-1,6,0,2,0,8,0,0,0,0
81.82186,3,0,1,0,0,0,0,-1,0,1.0000,-1,6,0,2,0,8,0,0,0,0
81.84358,3,0,1,0,0,0,0,-1,0,1.0000,-1,6,0,2,0,8,0,0,0,0
81.86524,3,0,1,0,0,0,0,-1,1,2.0000,-1,6,0,2,0,8,0,0,0,0
81.88713,3,0,1,0,0,0,0,-1,0,2.0000,-1,6,0,2,0,8,0,0,0,0
81.92828,3,0,1,0,0,0,0,-1,0,2.0000,-1,6,0,2,0,8,0,0,0,0
81.94004,3,0,1,0,0,0,0,-1,0,2.0000,-1,6,0,2,0,8,0,0,0,0
81.95539,3,0,1,0,0,0,0,-1,0,2.0000,-1,6,0,2,0,8,0,0,0,0
81.97742,3,0,1,0,0,0,0,-1,0,2.0000,-1,6,0,2,0,8,0,0,0,0
81.99903,3,0,1,0,0,0,0,-1,0,2.0000,-1,6,0,2,0,8,0,0,0,0
82.0203,3,0,1,0,0,0,0,-1,0,2.0000,-1,6,0,2,0,8,0,0,0,0
82.04244,3,0,1,0,0,0,0,-1,0,2.0000,-1,6,0,2,0,8,0,0,0,0
82.06434,3,0,1,0,0,0,0,-1,0,2.0000,-1,6,0,2,0,8,0,0,0,0
82.08594,3,0,1,0,0,0,0,-1,0,2.0000,-1,6,0,2,0,8,0,0,0,0
82.10807,3,0,1,0,0,0,0,-1,0,2.0000,-1,6,0,2,0,8,0,0,0,0
82.12968,3,0,1,0,0,0,0,-1,0,2.0000,-1,6,0,2,0,8,0,0,0,0
82.15172,3,0,1,0,0,0,0,-1,0,2.0000,-1,6,0,2,0,8,0,0,0,0
82.17404,3,0,1,0,0,0,0,-1,0,2.0000,-1,6,0,2,0,8,0,0,0,0
82.19546,3,0,1,0,0,0,0,-1,0,2.0000,-1,6,0,2,0,8,0,0,0,0
82.2175,3,0,1,0,0,0,0,-1,0,2.0000,-1,6,0,2,0,8,0,0,0,0
82.23935,3,0,1,0,0,0,0,-1,0,2.0000,-1,6,0,2,0,8,0,0,0,0
82.26146,3,0,1,0,0,0,0,-1,0,2.0000,-1,6,0,2,0,8,0,0,0,0
82.28336,3,0,1,0,0,0,0,-1,0,1.0000,-1,6,0,2,0,8,0,0,0,0
82.30524,3,0,1,0,0,0,0,-1,0,1.0000,-1,6,0,2,0,8,0,0,0,0
82.32722,3,0,1,0,0,0,0,-1,0,1.0000,-1,6,0,2,0,8,0,0,0,0
82.36854,3,0,1,0,0,0,0,-1,0,1.0000,-1,6,0,2,0,8,0,0,0,0
82.37968,3,0,1,0,0,0,0,-1,0,1.0000,-1,6,0,2,0,8,0,0,0,0
82.39481,3,0,1,0,0,0,0,-1,0,1.0000,-1,6,0,2,0,8,0,0,0,0
82.41753,3,0,1,0,0,0,0,-1,0,1.0000,-1,6,0,2,0,8,0,0,0,0
82.43929,3,0,1,0,0,0,0,-1,0,1.0000,-1,6,0,2,0,8,0,0,0,0
82.46155,3,0,1,0,0,0,0,-1,0,1.0000,-1,6,0,2,0,8,0,0,0,0
82.48353,3,0,1,0,0,0,0,-1,0,1.0000,-1,6,0,2,0,8,0,0,0,0
82.50487,3,0,1,0,0,0,0,-1,0,1.0000,-1,6,0,2,0,8,0,0,0,0
82.52724,3,0,1,0,0,0,0,-1,0,1.0000,-1,6,0,2,0,8,0,0,0,0
82.54884,3,0,1,0,0,0,0,-1,0,1.0000,-1,6,0,2,0,8,0,0,0,0
82.57082,3,0,1,0,0,0,0,-1,0,1.0000,-1,6,0,2,0,8,0,0,0,0
82.59244,3,0,1,0,0,0,0,-1,0,1.0000,-1,6,0,2,0,8,0,0,0,0
82.61497,3,0,1,0,0,0,0,-1,0,1.0000,-1,6,0,2,0,8,0,0,0,0
82.63679,3,0,1,0,0,0,0,-1,0,1.0000,-1,6,0,2,0,8,0,0,0,0
82.65835,3,0,1,0,0,0,0,-1,0,1.0000,-1,6,0,2,0,8,0,0,0,0
82.68006,3,0,1,0,0,0,0,-1,0,1.0000,-1,6,0,2,0,8,0,0,0,0
82.70204,3,0,1,0,0,0,0,-1,0,1.0000,-1,6,0,2,0,8,0,0,0,0
82.72507,3,0,1,0,0,0,0,-1,0,1.0000,-1,6,0,2,0,8,0,0,0,0
82.74662,3,0,1,0,0,0,0,-1,0,1.0000,-1,6,0,2,0,8,0,0,0,0
82.76848,3,0,1,0,0,0,0,-1,0,1.0000,-1,6,0,2,0,8,0,0,0,0
82.79066,3,0,1,0,0,0,0,-1,0,1.0000,-1,6,0,2,0,8,0,0,0,0
82.81275,3,0,1,0,0,0,0,-1,0,1.0000,-1,6,0,2,0,8,0,0,0,0
82.83469,3,0,1,0,0,0,0,-1,0,1.0000,-1,6,0,2,0,8,0,0,0,0
82.85758,3,0,1,0,0,0,0,-1,0,1.0000,-1,6,0,2,0,8,0,0,0,0
82.87772,3,0,1,0,0,0,0,-1,0,0.0000,-1,6,0,2,0,8,0,0,0,0
82.89964,3,0,1,0,0,0,0,-1,0,0.0000,-1,6,0,2,0,8,0,0,0,0
82.92152,3,0,1,0,0,0,0,-1,0,0.0000,-1,6,0,2,0,8,0,0,0,0
82.94308,3,0,1,0,0,0,0,-1,0,0.0000,-1,6,0,2,0,8,0,0,0,0
82.96487,3,0,1,0,0,0,0,-1,0,0.0000,-1,6,0,2,0,8,0,0,0,0
82.98624,3,0,1,0,0,0,0,-1,0,0.0000,-1,6,0,2,0,8,0,0,0,0
83.0082,3,0,1,0,0,0,0,-1,0,0.0000,-1,6,0,2,0,8,0,0,0,0
83.03033,3,0,1,0,0,0,0,-1,0,0.0000,-1,6,0,2,0,8,0,0,0,0
83.05185,3,0,1,0,0,0,0,-1,0,0.0000,-1,6,0,2,0,8,0,0,0,0
83.07399,3,0,1,0,0,0,0,-1,0,0.0000,-1,6,0,2,0,8,0,0,0,0
83.09507,3,0,1,0,0,0,0,-1,0,0.0000,-1,6,0,2,0,8,0,0,0,0
83.11723,3,0,1,0,0,0,0,-1,0,0.0000,-1,6,0,2,0,8,0,0,0,0
83.13894,3,0,1,0,0,0,0,-1,0,0.0000,-1,6,0,2,0,8,0,0,0,0
83.16061,3,0,1,0,0,0,0,-1,0,0.0000,-1,6,0,2,0,8,0,0,0,0
83.18262,3,0,1,0,0,0,0,-1,0,0.0000,-1,6,0,2,0,8,0,0,0,0
83.22234,3,0,1,0,0,0,0,-1,0,0.0000,-1,6,0,2,0,8,0,0,0,0
83.23403,3,0,1,0,0,0,0,-1,0,0.0000,-1,6,0,2,0,8,0,0,0,0
83.24944,3,0,1,0,0,0,0,-1,0,0.0000,-1,6,0,2,0,8,0,0,0,0
83.27126,3,0,1,0,0,0,0,-1,0,0.0000,-1,6,0,2,0,8,0,0,0,0
83.29356,3,0,1,0,0,0,0,-1,0,0.0000,-1,6,0,2,0,8,0,0,0,0
83.31484,3,0,1,0,0,0,0,-1,0,0.0000,-1,6,0,2,0,8,0,0,0,0
83.33645,3,0,1,0,0,0,0,-1,0,0.0000,-1,6,0,2,0,8,0,0,0,0
83.35803,3,0,1,0,0,0,0,-1,0,0.0000,-1,6,0,2,0,8,0,0,0,0
83.37939,3,0,1,0,0,0,0,-1,0,0.0000,-1,6,0,2,0,8,0,0,0,0
83.40129,3,0,1,0,0,0,0,-1,0,0.0000,-1,6,0,2,0,8,0,0,0,0
83.42221,3,0,1,0,0,0,0,-1,0,0.0000,-1,6,0,2,0,8,0,0,0,0
83.44389,3,0,1,0,0,0,0,-1,0,0.0000,-1,6,0,2,0,8,0,0,0,0
83.46497,3,0,1,0,0,0,0,-1,0,0.0000,-1,6,0,2,0,8,0,0,0,0
83.4866,3,0,1,0,0,0,0,-1,0,0.0000,-1,6,0,2,0,8,0,0,0,0
83.50824,3,0,1,0,0,0,0,-1,0,0.0000,-1,6,0,2,0,8,0,0,0,0
83.52952,3,0,1,0,0,0,0,-1,0,0.0000,-1,6,0,2,0,8,0,0,0,0
83.55093,3,0,1,0,0,0,0,-1,0,0.0000,-1,6,0,2,0,8,0,0,0,0
83.57313,3,0,1,0,0,0,0,-1,0,0.0000,-1,6,0,2,0,8,0,0,0,0
83.59452,3,0,1,0,0,0,0,-1,0,0.0000,-1,6,0,2,0,8,0,0,0,0
83.61635,3,0,1,0,0,0,0,-1,1,1.0000,-1,6,0,2,0,8,0,0,0,0
83.63715,3,0,1,0,0,0,0,-1,0,1.0000,-1,6,0,2,0,8,0,0,0,0
83.65897,3,0,1,0,0,0,0,-1,0,1.0000,-1,6,0,2,0,8,0,0,0,0
83.68006,3,0,1,0,0,0,0,-1,0,1.0000,-1,6,0,2,0,8,0,0,0,0
83.70113,3,0,1,0,0,0,0,-1,0,1.0000,-1,6,0,2,0,8,0,0,0,0
83.72276,3,0,1,0,0,0,0,-1,0,1.0000,-1,6,0,2,0,8,0,0,0,0
83.7442,3,0,1,0,0,0,0,-1,0,1.0000,-1,6,0,2,0,8,0,0,0,0
83.76499,3,0,1,0,0,0,0,-1,0,1.0000,-1,6,0,2,0,8,0,0,0,0
83.78634,3,0,1,0,0,0,0,-1,0,1.0000,-1,6,0,2,0,8,0,0,0,0
83.80754,3,0,1,0,0,0,0,-1,0,1.0000,-1,6,0,2,0,8,0,0,0,0
83.82903,3,0,1,0,0,0,0,-1,0,1.0000,-1,6,0,2,0,8,0,0,0,0
83.86962,3,0,1,0,0,0,0,-1,0,1.0000,-1,6,0,2,0,8,0,0,0,0
83.88102,3,0,1,0,0,0,0,-1,0,1.0000,-1,6,0,2,0,8,0,0,0,0
83.89573,3,0,1,0,0,0,0,-1,0,1.0000,-1,6,0,2,0,8,0,0,0,0
83.91793,3,0,1,0,0,0,0,-1,0,1.0000,-1,6,0,2,0,8,0,0,0,0
83.9387,3,0,1,0,0,0,0,-1,0,1.0000,-1,6,0,2,0,8,0,0,0,0
83.96043,3,0,1,0,0,0,0,-1,0,1.0000,-1,6,0,2,0,8,0,0,0,0
83.98263,3,0,1,0,0,0,0,-1,0,1.0000,-1,6,0,2,0,8,0,0,0,0
84.00357,3,0,1,0,0,0,0,-1,0,1.0000,-1,6,0,2,0,8,0,0,0,0
84.02459,3,0,1,0,0,0,0,-1,0,1.0000,-1,6,0,2,0,8,0,0,0,0
84.04631,3,0,1,0,0,0,0,-1,0,1.0000,-1,6,0,2,0,8,0,0,0,0
84.08546,3,0,1,0,0,0,0,-1,0,1.0000,-1,6,0,2,0,8,0,0,0,0
84.09608,3,0,1,0,0,0,0,-1,0,1.0000,-1,6,0,2,0,8,0,0,0,0
84.11217,3,0,1,0,0,0,0,-1,0,1.0000,-1,6,0,2,0,8,0,0,0,0
84.1341,3,0,1,0,0,0,0,-1,0,1.0000,-1,6,0,2,0,8,0,0,0,0
84.15588,3,0,1,0,0,0,0,-1,0,1.0000,-1,6,0,2,0,8,0,0,0,0
84.17714,3,0,1,0,0,0,0,-1,0,1.0000,-1,6,0,2,0,8,0,0,0,0
84.19855,3,0,1,0,0,0,0,-1,0,1.0000,-1,6,0,2,0,8,0,0,0,0
84.22019,3,0,1,0,0,0,0,-1,0,1.0000,-1,6,0,2,0,8,0,0,0,0
84.24191,3,0,1,0,0,0,0,-1,0,1.0000,-1,6,0,2,0,8,0,0,0,0
84.26362,3,0,1,0,0,0,0,-1,0,1.0000,-1,6,0,2,0,8,0,0,0,0
84.28513,3,0,1,0,0,0,0,-1,0,1.0000,-1,6,0,2,0,8,0,0,0,0
84.30717,3,0,1,0,0,0,0,-1,0,1.0000,-1,6,0,2,0,8,0,0,0,0
84.32915,3,0,1,0,0,0,0,-1,0,1.0000,-1,6,0,2,0,8,0,0,0,0
84.35131,3,0,1,0,0,0,0,-1,0,1.0000,-1,6,0,2,0,8,0,0,0,0
84.37276,3,0,1,0,0,0,0,-1,0,1.0000,-1,6,0,2,0,8,0,0,0,0
84.39437,3,0,1,0,0,0,0,-1,0,1.0000,-1,6,0,2,0,8,0,0,0,0
84.41635,3,0,1,0,0,0,0,-1,0,1.0000,-1,6,0,2,0,8,0,0,0,0
84.43797,3,0,1,0,0,0,0,-1,0,1.0000,-1,6,0,2,0,8,0,0,0,0
84.45947,3,0,1,0,0,0,0,-1,0,1.0000,-1,6,0,2,0,8,0,0,0,0
84.48127,3,0,1,0,0,0,0,-1,0,1.0000,-1,6,0,2,0,8,0,0,0,0
84.50368,3,0,1,0,0,0,0,-1,0,1.0000,-1,6,0,2,0,8,0,0,0,0
84.52512,3,0,1,0,0,0,0,-1,0,1.0000,-1,6,0,2,0,8,0,0,0,0
84.54787,3,0,1,0,0,0,0,-1,0,1.0000,-1,6,0,2,0,8,0,0,0,0
84.56824,3,0,1,0,0,0,0,-1,0,1.0000,-1,6,0,2,0,8,0,0,0,0
84.58951,3,0,1,0,0,0,0,-1,0,1.0000,-1,6,0,2,0,8,0,0,0,0
84.61085,3,0,1,0,0,0,0,-1,0,1.0000,-1,6,0,2,0,8,0,0,0,0
84.63273,3,0,1,0,0,0,0,-1,0,0.0000,-1,6,0,2,0,8,0,0,0,0
84.65492,3,0,1,0,0,0,0,-1,1,1.0000,-1,6,0,2,0,8,0,0,0,0
84.67592,3,0,1,0,0,0,0,-1,0,1.0000,-1,6,0,2,0,8,0,0,0,0
84.69752,3,0,1,0,0,0,0,-1,0,1.0000,-1,6,0,2,0,8,0,0,0,0
84.73854,3,0,1,0,0,0,0,-1,0,1.0000,-1,6,0,2,0,8,0,0,0,0
84.74995,3,0,1,0,0,0,0,-1,0,1.0000,-1,6,0,2,0,8,0,0,0,0
84.76369,3,0,1,0,0,0,0,-1,0,1.0000,-1,6,0,2,0,8,0,0,0,0
84.78538,3,0,1,0,0,0,0,-1,0,1.0000,-1,6,0,2,0,8,0,0,0,0
84.80718,3,0,1,0,0,0,0,-1,0,1.0000,-1,6,0,2,0,8,0,0,0,0
84.82883,3,0,1,0,0,0,0,-1,0,1.0000,-1,6,0,2,0,8,0,0,0,0
84.85081,3,0,1,0,0,0,0,-1,0,1.0000,-1,6,0,2,0,8,0,0,0,0
84.87278,3,0,1,0,0,0,0,-1,0,1.0000,-1,6,0,2,0,8,0,0,0,0
84.89394,3,0,1,0,0,0,0,-1,0,1.0000,-1,6,0,2,0,8,0,0,0,0
84.91623,3,0,1,0,0,0,0,-1,0,1.0000,-1,6,0,2,0,8,0,0,0,0
84.96024,3,0,1,0,0,0,0,-1,0,1.0000,-1,6,0,2,0,8,0,0,0,0
84.97194,3,0,1,0,0,0,0,-1,0,1.0000,-1,6,0,2,0,8,0,0,0,0
84.98531,3,0,1,0,0,0,0,-1,0,1.0000,-1,6,0,2,0,8,0,0,0,0
85.00701,3,0,1,0,0,0,0,-1,0,1.0000,-1,6,0,2,0,8,0,0,0,0
85.02843,3,0,1,0,0,0,0,-1,0,1.0000,-1,6,0,2,0,8,0,0,0,0
85.05151,3,0,1,0,0,0,0,-1,0,1.0000,-1,6,0,2,0,8,0,0,0,0
85.07301,3,0,1,0,0,0,0,-1,0,1.0000,-1,6,0,2,0,8,0,0,0,0
85.09533,3,0,1,0,0,0,0,-1,0,1.0000,-1,6,0,2,0,8,0,0,0,0
85.11633,3,0,1,0,0,0,0,-1,0,1.0000,-1,6,0,2,0,8,0,0,0,0
85.13755,3,0,1,0,0,0,0,-1,0,1.0000,-1,6,0,2,0,8,0,0,0,0
85.17886,3,0,1,0,0,0,0,-1,0,1.0000,-1,6,0,2,0,8,0,0,0,0
85.19113,3,0,1,0,0,0,0,-1,0,1.0000,-1,6,0,2,0,8,0,0,0,0
85.20593,3,0,1,0,0,0,0,-1,0,1.0000,-1,6,0,2,0,8,0,0,0,0
85.22741,3,0,1,0,0,0,0,-1,0,1.0000,-1,6,0,2,0,8,0,0,0,0
85.24869,3,0,1,0,0,0,0,-1,0,1.0000,-1,6,0,2,0,8,0,0,0,0
85.27012,3,0,1,0,0,0,0,-1,0,1.0000,-1,6,0,2,0,8,0,0,0,0
85.29137,3,0,1,0,0,0,0,-1,0,1.0000,-1,6,0,2,0,8,0,0,0,0
85.31334,3,0,1,0,0,0,0,-1,0,1.0000,-1,6,0,2,0,8,0,0,0,0
85.33441,3,0,1,0,0,0,0,-1,1,2.0000,-1,6,0,2,0,8,0,0,0,0
85.35459,3,0,1,0,0,0,0,-1,0,2.0000,-1,6,0,2,0,8,0,0,0,0
85.37584,3,0,1,0,0,0,0,-1,0,2.0000,-1,6,0,2,0,8,0,0,0,0
85.39836,3,0,1,0,0,0,0,-1,0,2.0000,-1,6,0,2,0,8,0,0,0,0
85.42047,3,0,1,0,0,0,0,-1,0,2.0000,-1,6,0,2,0,8,0,0,0,0
85.44308,3,0,1,0,0,0,1,38,0,2.0000,-1,6,0,2,0,8,0,0,0,0
85.4649,3,0,1,0,0,0,1,38,0,2.0000,-1,6,0,2,0,8,0,0,0,0
85.48564,3,0,1,0,0,0,1,38,0,2.0000,-1,6,0,2,0,8,0,0,0,0
85.50727,3,0,1,0,0,0,1,38,0,2.0000,-1,6,0,2,0,8,0,0,0,0
85.52867,3,0,1,0,0,0,1,38,0,2.0000,-1,6,0,2,0,8,0,0,0,0
85.55048,3,0,1,0,0,0,1,38,0,2.0000,-1,6,0,2,0,8,0,0,0,0
85.57263,3,0,1,0,0,0,1,38,0,2.0000,-1,6,0,2,0,8,0,0,0,0
85.59319,3,0,1,0,0,0,1,38,0,2.0000,-1,6,0,2,0,8,0,0,0,0
85.61304,3,0,1,0,0,0,1,38,0,2.0000,-1,6,0,2,0,8,0,0,0,0
85.6348,3,0,1,0,0,0,1,38,0,2.0000,-1,6,0,2,0,8,0,0,0,0
85.65612,3,0,1,0,0,0,1,38,0,1.0000,-1,6,0,2,0,8,0,0,0,0
85.6766,3,0,1,0,0,0,1,38,0,1.0000,-1,6,0,2,0,8,0,0,0,0
85.69816,3,0,1,0,0,0,1,38,0,1.0000,-1,6,0,2,0,8,0,0,0,0
85.7208,3,0,1,0,0,0,1,38,0,1.0000,-1,6,0,2,0,8,0,0,0,0
85.74113,3,0,1,0,0,0,1,38,0,1.0000,-1,6,0,2,0,8,0,0,0,0
85.76277,3,0,1,0,0,0,1,38,0,1.0000,-1,6,0,2,0,8,0,0,0,0
85.78455,3,0,1,0,0,0,1,38,0,1.0000,-1,6,0,2,0,8,0,0,0,0
85.80581,3,0,1,0,0,0,1,38,0,1.0000,-1,6,0,2,0,8,0,0,0,0
85.82817,3,0,1,0,0,0,1,38,0,1.0000,-1,6,0,2,0,8,0,0,0,0
85.84956,3,0,1,0,0,0,1,38,0,1.0000,-1,6,0,2,0,8,0,0,0,0
85.87169,3,0,1,0,0,0,1,38,1,2.0000,-1,6,0,2,0,8,0,0,0,0
85.89419,3,0,1,0,0,0,1,38,0,2.0000,-1,6,0,2,0,8,0,0,0,0
85.91511,3,0,1,0,0,0,1,38,0,2.0000,-1,6,0,2,0,8,0,0,0,0
85.93671,3,0,1,0,0,0,1,38,0,2.0000,-1,6,0,2,0,8,0,0,0,0
85.95884,3,0,1,0,0,0,1,38,0,2.0000,-1,6,0,2,0,8,0,0,0,0
85.98087,3,0,1,0,0,0,1,38,0,2.0000,-1,6,0,2,0,8,0,0,0,0
86.00217,3,0,1,0,0,0,1,38,0,2.0000,-1,6,0,2,0,8,0,0,0,0
86.02332,3,0,1,0,0,0,1,38,0,2.0000,-1,6,0,2,0,8,0,0,0,0
86.04546,3,0,1,0,0,0,1,38,0,2.0000,-1,6,0,2,0,8,0,0,0,0
86.06657,3,0,1,0,0,0,1,38,0,2.0000,-1,6,0,2,0,8,0,0,0,0
86.08797,3,0,1,0,0,0,1,38,0,2.0000,-1,6,0,2,0,8,0,0,0,0
86.11011,3,0,1,0,0,0,1,38,0,2.0000,-1,6,0,2,0,8,0,0,0,0
86.13131,3,0,1,0,0,0,1,38,0,2.0000,-1,6,0,2,0,8,0,0,0,0
86.15295,3,0,1,0,0,0,1,38,0,2.0000,-1,6,0,2,0,8,0,0,0,0
86.17474,3,0,1,0,0,0,1,38,0,2.0000,-1,6,0,2,0,8,0,0,0,0
86.19668,3,0,1,0,0,0,1,38,0,2.0000,-1,6,0,2,0,8,0,0,0,0
86.21936,3,0,1,0,0,0,1,38,0,2.0000,-1,6,0,2,0,8,0,0,0,0
86.23994,3,0,1,0,0,0,1,38,0,2.0000,-1,6,0,2,0,8,0,0,0,0
86.26202,3,0,1,0,0,0,1,38,0,2.0000,-1,6,0,2,0,8,0,0,0,0
86.28297,3,0,1,0,0,0,1,38,0,2.0000,-1,6,0,2,0,8,0,0,0,0
86.3047,3,0,1,0,0,0,1,38,0,2.0000,-1,6,0,2,0,8,0,0,0,0
86.32679,3,0,1,0,0,0,1,38,0,2.0000,-1,6,0,2,0,8,0,0,0,0
86.34908,3,0,1,0,0,0,1,38,0,1.0000,-1,6,0,2,0,8,0,0,0,0
86.37065,3,0,1,0,0,0,1,38,1,2.0000,-1,6,0,2,0,8,0,0,0,0
86.39326,3,0,1,0,0,0,1,38,0,2.0000,-1,6,0,2,0,8,0,0,0,0
86.41427,3,0,1,0,0,0,1,38,0,2.0000,-1,6,0,2,0,8,0,0,0,0
86.4362,3,0,1,0,0,0,1,38,0,2.0000,-1,6,0,2,0,8,0,0,0,0
86.47729,3,0,1,0,0,0,1,38,0,2.0000,-1,6,0,2,0,8,0,0,0,0
86.48922,3,0,1,0,0,0,0,-1,0,2.0000,38,6,0,3,0,9,0,0,0,0
86.50542,3,0,1,0,0,0,0,-1,0,2.0000,-1,6,0,3,0,9,0,0,0,0
86.52791,3,0,1,0,0,0,0,-1,0,2.0000,-1,6,0,3,0,9,0,0,0,0
86.54956,3,0,1,0,0,0,0,-1,0,2.0000,-1,6,0,3,0,9,0,0,0,0
86.57182,3,0,1,0,0,0,0,-1,0,2.0000,-1,6,0,3,0,9,0,0,0,0
86.59499,3,0,1,0,0,0,0,-1,0,2.0000,-1,6,0,3,0,9,0,0,0,0
86.61591,3,0,1,0,0,0,0,-1,0,2.0000,-1,6,0,3,0,9,0,0,0,0
86.63799,3,0,1,0,0,0,0,-1,0,2.0000,-1,6,0,3,0,9,0,0,0,0
86.67945,3,0,1,0,0,0,0,-1,0,2.0000,-1,6,0,3,0,9,0,0,0,0
86.69131,3,0,1,0,0,0,0,-1,0,2.0000,-1,6,0,3,0,9,0,0,0,0
86.70726,3,0,1,0,0,0,0,-1,0,2.0000,-1,6,0,3,0,9,0,0,0,0
86.72952,3,0,1,0,0,0,0,-1,0,2.0000,-1,6,0,3,0,9,0,0,0,0
86.75121,3,0,1,0,0,0,0,-1,0,2.0000,-1,6,0,3,0,9,0,0,0,0
86.77258,3,0,1,0,0,0,0,-1,0,2.0000,-1,6,0,3,0,9,0,0,0,0
86.79427,3,0,1,0,0,0,0,-1,0,2.0000,-1,6,0,3,0,9,0,0,0,0
86.81583,3,0,1,0,0,0,0,-1,0,2.0000,-1,6,0,3,0,9,0,0,0,0
86.83776,3,0,1,0,0,0,0,-1,0,2.0000,-1,6,0,3,0,9,0,0,0,0
86.85884,3,0,1,0,0,0,0,-1,0,2.0000,-1,6,0,3,0,9,0,0,0,0
86.88039,3,0,1,0,0,0,0,-1,0,1.0000,-1,6,0,3,0,9,0,0,0,0
86.90206,3,0,1,0,0,0,0,-1,0,1.0000,-1,6,0,3,0,9,0,0,0,0
86.92333,3,0,1,0,0,0,0,-1,0,1.0000,-1,6,0,3,0,9,0,0,0,0
86.94473,3,0,1,0,0,0,0,-1,1,2.0000,-1,6,0,3,0,9,0,0,0,0
86.96646,3,0,1,0,0,0,0,-1,0,2.0000,-1,6,0,3,0,9,0,0,0,0
86.98803,3,0,1,0,0,0,0,-1,0,2.0000,-1,6,0,3,0,9,0,0,0,0
87.00862,3,0,1,0,0,0,0,-1,1,3.0000,-1,6,0,3,0,9,0,0,0,0
87.03018,3,0,1,0,0,0,0,-1,0,3.0000,-1,6,0,3,0,9,0,0,0,0
87.05135,3,0,1,0,0,0,0,-1,0,3.0000,-1,6,0,3,0,9,0,0,0,0
87.07298,3,0,1,0,0,0,0,-1,0,3.0000,-1,6,0,3,0,9,0,0,0,0
87.09477,3,0,1,0,0,0,0,-1,0,3.0000,-1,6,0,3,0,9,0,0,0,0
87.1168,3,0,1,0,0,0,0,-1,0,3.0000,-1,6,0,3,0,9,0,0,0,0
87.13845,3,0,1,0,0,0,0,-1,0,3.0000,-1,6,0,3,0,9,0,0,0,0
87.16006,3,0,1,0,0,0,0,-1,0,3.0000,-1,6,0,3,0,9,0,0,0,0
87.18111,3,0,1,0,0,0,0,-1,0,3.0000,-1,6,0,3,0,9,0,0,0,0
87.20211,3,0,1,0,0,0,0,-1,0,3.0000,-1,6,0,3,0,9,0,0,0,0
87.22279,3,0,1,0,0,0,0,-1,0,3.0000,-1,6,0,3,0,9,0,0,0,0
87.24513,3,0,1,0,0,0,0,-1,0,3.0000,-1,6,0,3,0,9,0,0,0,0
87.26554,3,0,1,0,0,0,0,-1,0,3.0000,-1,6,0,3,0,9,0,0,0,0
87.28717,3,0,1,0,0,0,0,-1,0,3.0000,-1,6,0,3,0,9,0,0,0,0
87.30831,3,0,1,0,0,0,0,-1,0,3.0000,-1,6,0,3,0,9,0,0,0,0
87.32845,3,0,1,0,0,0,0,-1,0,3.0000,-1,6,0,3,0,9,0,0,0,0
87.35048,3,0,1,0,0,0,0,-1,0,3.0000,-1,6,0,3,0,9,0,0,0,0
87.37188,3,0,1,1,0,0,0,-1,1,3.0000,-1,6,0,3,0,9,0,0,0,0
87.39303,3,0,1,1,0,0,0,-1,0,3.0000,-1,6,0,3,0,9,0,0,0,0
87.4137,3,0,1,1,0,0,0,-1,0,3.0000,-1,6,0,3,0,9,0,0,0,0
87.43513,3,0,1,1,0,0,0,-1,0,3.0000,-1,6,0,3,0,9,0,0,0,0
87.45563,3,0,1,1,0,0,0,-1,0,3.0000,-1,6,0,3,0,9,0,0,0,0
87.47752,3,0,1,1,0,0,0,-1,0,3.0000,-1,6,0,3,0,9,0,0,0,0
87.50008,3,0,1,1,0,0,0,-1,0,3.0000,-1,6,0,3,0,9,0,0,0,0
87.54007,3,0,1,1,0,0,0,-1,1,4.0000,-1,6,0,3,0,9,0,0,0,0
87.55257,3,0,1,1,0,0,0,-1,0,4.0000,-1,6,0,3,0,9,0,0,0,0
87.56663,3,0,1,1,0,0,0,-1,0,4.0000,-1,6,0,3,0,9,0,0,0,0
87.58783,3,0,1,1,0,0,0,-1,0,4.0000,-1,6,0,3,0,9,0,0,0,0
87.60891,3,0,1,1,0,0,0,-1,0,4.0000,-1,6,0,3,0,9,0,0,0,0
87.62977,3,0,1,1,0,0,0,-1,0,4.0000,-1,6,0,3,0,9,0,0,0,0
87.65089,3,0,1,1,0,0,0,-1,0,4.0000,-1,6,0,3,0,9,0,0,0,0
87.67234,3,0,1,1,0,0,0,-1,0,4.0000,-1,6,0,3,0,9,0,0,0,0
87.69373,3,0,1,1,0,0,0,-1,0,4.0000,-1,6,0,3,0,9,0,0,0,0
87.71496,3,0,1,1,0,0,0,-1,0,4.0000,-1,6,0,3,0,9,0,0,0,0
87.73586,3,0,1,1,0,0,0,-1,0,4.0000,-1,6,0,3,0,9,0,0,0,0
87.75687,3,0,1,1,0,0,0,-1,0,4.0000,-1,6,0,3,0,9,0,0,0,0
87.7771,3,0,1,1,0,0,0,-1,0,4.0000,-1,6,0,3,0,9,0,0,0,0
87.79921,3,0,1,1,0,0,0,-1,0,4.0000,-1,6,0,3,0,9,0,0,0,0
87.82094,3,0,1,1,0,0,0,-1,0,4.0000,-1,6,0,3,0,9,0,0,0,0
87.84104,3,0,1,1,0,0,0,-1,0,4.0000,-1,6,0,3,0,9,0,0,0,0
87.8618,3,0,1,1,0,0,1,41,1,5.0000,-1,6,0,3,0,9,0,0,0,0
87.8835,3,0,1,1,0,0,1,41,0,5.0000,-1,6,0,3,0,9,0,0,0,0
87.90398,3,0,1,1,0,0,1,41,0,5.0000,-1,6,0,3,0,9,0,0,0,0
87.92461,3,0,1,1,0,0,1,41,0,5.0000,-1,6,0,3,0,9,0,0,0,0
87.9651,3,0,1,1,0,0,1,41,0,4.0000,-1,6,0,3,0,9,0,0,0,0
87.97735,3,0,1,1,0,0,1,41,0,4.0000,-1,6,0,3,0,9,0,0,0,0
87.99139,3,0,1,1,0,0,1,41,0,4.0000,-1,6,0,3,0,9,0,0,0,0
88.01433,3,0,1,1,0,0,1,41,0,3.0000,-1,6,0,3,0,9,0,0,0,0
88.03527,3,0,1,1,0,0,1,41,0,3.0000,-1,6,0,3,0,9,0,0,0,0
88.05589,3,0,1,1,0,0,1,41,0,3.0000,-1,6,0,3,0,9,0,0,0,0
88.07668,3,0,1,0,0,0,1,41,0,3.0000,-1,6,0,3,0,9,0,0,0,0
88.09745,3,0,1,0,0,0,1,41,0,3.0000,-1,6,0,3,0,9,0,0,0,0
88.1192,3,0,1,0,0,0,0,-1,0,3.0000,41,6,0,4,0,10,0,0,0,0
88.14133,3,0,1,0,0,0,0,-1,0,3.0000,-1,6,0,4,0,10,0,0,0,0
88.18023,3,0,1,0,0,0,0,-1,0,3.0000,-1,6,0,4,0,10,0,0,0,0
88.19244,3,0,1,0,0,0,0,-1,0,3.0000,-1,6,0,4,0,10,0,0,0,0
88.20606,3,0,1,0,0,0,0,-1,0,3.0000,-1,6,0,4,0,10,0,0,0,0
88.2284,3,0,1,0,0,0,0,-1,0,3.0000,-1,6,0,4,0,10,0,0,0,0
88.24937,3,0,1,0,0,0,0,-1,0,3.0000,-1,6,0,4,0,10,0,0,0,0
88.27132,3,0,1,0,0,0,0,-1,0,3.0000,-1,6,0,4,0,10,0,0,0,0
88.29161,3,0,1,0,0,0,0,-1,0,3.0000,-1,6,0,4,0,10,0,0,0,0
88.31233,3,0,1,0,0,0,0,-1,0,3.0000,-1,6,0,4,0,10,0,0,0,0
88.33333,3,0,1,0,0,0,0,-1,0,3.0000,-1,6,0,4,0,10,0,0,0,0
88.354,3,0,1,0,0,0,0,-1,0,3.0000,-1,6,0,4,0,10,0,0,0,0
88.37525,3,0,1,0,0,0,0,-1,0,2.0000,-1,6,0,4,0,10,0,0,0,0
88.39574,3,0,1,0,0,0,0,-1,0,2.0000,-1,6,0,4,0,10,0,0,0,0
88.41731,3,0,1,0,0,0,0,-1,0,2.0000,-1,6,0,4,0,10,0,0,0,0
88.43851,3,0,1,0,0,0,0,-1,0,2.0000,-1,6,0,4,0,10,0,0,0,0
88.45867,3,0,1,0,0,0,0,-1,1,3.0000,-1,6,0,4,0,10,0,0,0,0
88.47971,3,0,1,0,0,0,0,-1,0,3.0000,-1,6,0,4,0,10,0,0,0,0
88.49975,3,0,1,0,0,0,0,-1,0,3.0000,-1,6,0,4,0,10,0,0,0,0
88.52043,3,0,1,0,0,0,0,-1,0,3.0000,-1,6,0,4,0,10,0,0,0,0
88.54161,3,0,1,0,0,0,0,-1,0,2.0000,-1,6,0,4,0,10,0,0,0,0
88.56207,3,0,1,0,0,0,0,-1,0,2.0000,-1,6,0,4,0,10,0,0,0,0
88.58396,3,0,1,0,0,0,0,-1,0,2.0000,-1,6,0,4,0,10,0,0,0,0
88.6054,3,0,1,0,0,0,0,-1,0,2.0000,-1,6,0,4,0,10,0,0,0,0
88.62667,3,0,1,0,0,0,0,-1,0,2.0000,-1,6,0,4,0,10,0,0,0,0
88.64656,3,0,1,0,0,0,0,-1,0,2.0000,-1,6,0,4,0,10,0,0,0,0
88.66665,3,0,1,0,0,0,0,-1,0,2.0000,-1,6,0,4,0,10,0,0,0,0
88.68803,3,0,1,0,0,0,0,-1,0,2.0000,-1,6,0,4,0,10,0,0,0,0
88.70908,3,0,1,0,0,0,0,-1,0,2.0000,-1,6,0,4,0,10,0,0,0,0
88.72907,3,0,1,0,0,0,0,-1,0,2.0000,-1,6,0,4,0,10,0,0,0,0
88.75092,3,0,1,0,0,0,0,-1,0,2.0000,-1,6,0,4,0,10,0,0,0,0
88.77277,3,0,1,0,0,0,0,-1,0,2.0000,-1,6,0,4,0,10,0,0,0,0
88.79218,3,0,1,0,0,0,0,-1,0,2.0000,-1,6,0,4,0,10,0,0,0,0
88.81306,3,0,1,0,0,0,0,-1,0,2.0000,-1,6,0,4,0,10,0,0,0,0
88.83298,3,0,1,0,0,0,0,-1,0,2.0000,-1,6,0,4,0,10,0,0,0,0
88.85413,3,0,1,0,0,0,0,-1,0,2.0000,-1,6,0,4,0,10,0,0,0,0
88.87384,3,0,1,0,0,0,0,-1,0,1.0000,-1,6,0,4,0,10,0,0,0,0
88.89478,3,0,1,0,0,0,0,-1,0,1.0000,-1,6,0,4,0,10,0,0,0,0
88.91541,3,0,1,0,0,0,0,-1,0,1.0000,-1,6,0,4,0,10,0,0,0,0
88.93674,3,0,1,0,0,0,0,-1,0,1.0000,-1,6,0,4,0,10,0,0,0,0
88.95619,3,0,1,0,0,0,0,-1,0,1.0000,-1,6,0,4,0,10,0,0,0,0
88.97704,3,0,1,0,0,0,0,-1,0,1.0000,-1,6,0,4,0,10,0,0,0,0
88.99686,3,0,1,0,0,0,0,-1,0,1.0000,-1,6,0,4,0,10,0,0,0,0
89.01704,3,0,1,0,0,0,0,-1,0,1.0000,-1,6,0,4,0,10,0,0,0,0
89.03814,3,0,1,0,0,0,0,-1,0,1.0000,-1,6,0,4,0,10,0,0,0,0
89.05952,3,0,1,0,0,0,0,-1,0,1.0000,-1,6,0,4,0,10,0,0,0,0
89.08044,3,0,1,0,0,0,0,-1,0,1.0000,-1,6,0,4,0,10,0,0,0,0
89.09964,3,0,1,0,0,0,0,-1,0,1.0000,-1,6,0,4,0,10,0,0,0,0
89.11951,3,0,1,0,0,0,0,-1,0,1.0000,-1,6,0,4,0,10,0,0,0,0
89.14044,3,0,1,0,0,0,0,-1,0,1.0000,-1,6,0,4,0,10,0,0,0,0
89.16121,3,0,1,0,0,0,0,-1,1,2.0000,-1,6,0,4,0,10,0,0,0,0
89.18122,3,0,1,0,0,0,1,45,0,2.0000,-1,6,0,4,0,10,0,0,0,0
89.20251,3,0,1,0,0,0,1,45,0,2.0000,-1,6,0,4,0,10,0,0,0,0
89.22289,3,0,1,0,0,0,1,45,1,3.0000,-1,6,0,4,0,10,0,0,0,0
89.24321,3,0,1,0,0,0,1,45,0,3.0000,-1,6,0,4,0,10,0,0,0,0
89.26347,3,0,1,0,0,0,1,45,0,3.0000,-1,6,0,4,0,10,0,0,0,0
89.283,3,0,1,0,0,0,1,45,0,3.0000,-1,6,0,4,0,10,0,0,0,0
89.30458,3,0,1,0,0,0,1,45,0,3.0000,-1,6,0,4,0,10,0,0,0,0
89.32364,3,0,1,0,0,0,1,45,0,3.0000,-1,6,0,4,0,10,0,0,0,0
89.34558,3,0,1,0,0,0,1,45,0,3.0000,-1,6,0,4,0,10,0,0,0,0
89.36578,3,0,1,0,0,0,1,45,1,4.0000,-1,6,0,4,0,10,0,0,0,0
89.38492,3,0,1,0,0,0,1,45,0,4.0000,-1,6,0,4,0,10,0,0,0,0
89.40602,3,0,1,0,0,0,1,45,0,4.0000,-1,6,0,4,0,10,0,0,0,0
89.42665,3,0,1,0,0,0,1,45,0,4.0000,-1,6,0,4,0,10,0,0,0,0
89.44584,3,0,1,0,0,0,1,45,0,4.0000,-1,6,0,4,0,10,0,0,0,0
89.46629,3,0,1,0,0,0,1,45,0,3.0000,-1,6,0,4,0,10,0,0,0,0
89.48577,3,0,1,0,0,0,1,45,0,3.0000,-1,6,0,4,0,10,0,0,0,0
89.50616,3,0,1,0,0,0,1,45,0,3.0000,-1,6,0,4,0,10,0,0,0,0
89.52615,3,0,1,0,0,0,1,45,0,3.0000,-1,6,0,4,0,10,0,0,0,0
89.54768,3,0,1,0,0,0,1,45,0,3.0000,-1,6,0,4,0,10,0,0,0,0
89.5668,3,0,1,0,0,0,1,45,0,3.0000,-1,6,0,4,0,10,0,0,0,0
89.5874,3,0,1,0,0,0,1,45,0,3.0000,-1,6,0,4,0,10,0,0,0,0
89.62488,3,0,1,0,0,0,1,45,0,3.0000,-1,6,0,4,0,10,0,0,0,0
89.63618,3,0,1,0,0,0,1,45,0,3.0000,-1,6,0,4,0,10,0,0,0,0
89.65084,3,0,1,0,0,0,1,45,0,3.0000,-1,6,0,4,0,10,0,0,0,0
89.67178,3,0,1,0,0,0,1,45,0,3.0000,-1,6,0,4,0,10,0,0,0,0
89.69209,3,0,1,0,0,0,1,45,0,3.0000,-1,6,0,4,0,10,0,0,0,0
89.71236,3,0,1,0,0,0,1,45,0,3.0000,-1,6,0,4,0,10,0,0,0,0
89.73297,3,0,1,0,0,0,1,45,0,3.0000,-1,6,0,4,0,10,0,0,0,0
89.75302,3,0,1,0,0,0,1,45,0,3.0000,-1,6,0,4,0,10,0,0,0,0
89.77307,3,0,1,0,0,0,1,45,0,3.0000,-1,6,0,4,0,10,0,0,0,0
89.79265,3,0,1,0,0,0,1,45,0,3.0000,-1,6,0,4,0,10,0,0,0,0
89.81229,3,0,1,0,0,0,1,45,0,3.0000,-1,6,0,4,0,10,0,0,0,0
89.83253,3,0,1,0,0,0,1,45,0,3.0000,-1,6,0,4,0,10,0,0,0,0
89.85255,3,0,1,0,0,0,1,45,0,3.0000,-1,6,0,4,0,10,0,0,0,0
89.87302,3,0,1,0,0,0,1,45,0,3.0000,-1,6,0,4,0,10,0,0,0,0
89.89337,3,0,1,0,0,0,0,-1,0,3.0000,45,6,0,5,0,11,0,0,0,0
89.9124,3,0,1,0,0,0,0,-1,0,3.0000,-1,6,0,5,0,11,0,0,0,0
89.93222,3,0,1,0,0,0,0,-1,0,3.0000,-1,6,0,5,0,11,0,0,0,0
89.95213,3,0,1,0,0,0,0,-1,0,3.0000,-1,6,0,5,0,11,0,0,0,0
89.97335,3,0,1,0,0,0,0,-1,0,3.0000,-1,6,0,5,0,11,0,0,0,0
89.99297,3,0,1,0,0,0,0,-1,0,3.0000,-1,6,0,5,0,11,0,0,0,0
90.03058,3,0,1,0,0,0,0,-1,0,3.0000,-1,6,0,5,0,11,0,0,0,0
90.04327,3,0,1,0,0,0,0,-1,0,3.0000,-1,6,0,5,0,11,0,0,0,0
90.05849,3,0,1,0,0,0,0,-1,0,3.0000,-1,6,0,5,0,11,0,0,0,0
90.07819,3,0,1,0,0,0,0,-1,0,3.0000,-1,6,0,5,0,11,0,0,0,0
90.09789,3,0,1,0,0,0,0,-1,0,3.0000,-1,6,0,5,0,11,0,0,0,0
90.11907,3,0,1,0,0,0,0,-1,0,3.0000,-1,6,0,5,0,11,0,0,0,0
90.13857,3,0,1,0,0,0,0,-1,0,3.0000,-1,6,0,5,0,11,0,0,0,0
90.15958,3,0,1,0,0,0,0,-1,0,3.0000,-1,6,0,5,0,11,0,0,0,0
90.17971,3,0,1,0,0,0,0,-1,0,2.0000,-1,6,0,5,0,11,0,0,0,0
90.19898,3,0,1,0,0,0,0,-1,0,2.0000,-1,6,0,5,0,11,0,0,0,0
90.21932,3,0,1,0,0,0,0,-1,0,2.0000,-1,6,0,5,0,11,0,0,0,0
90.23779,3,0,1,0,0,0,0,-1,0,1.0000,-1,6,0,5,0,11,0,0,0,0
90.25964,3,0,1,0,0,0,0,-1,0,1.0000,-1,6,0,5,0,11,0,0,0,0
90.27982,3,0,1,0,0,0,0,-1,0,1.0000,-1,6,0,5,0,11,0,0,0,0
90.29851,3,0,1,0,0,0,0,-1,1,2.0000,-1,6,0,5,0,11,0,0,0,0
90.31924,3,0,1,0,0,0,0,-1,0,2.0000,-1,6,0,5,0,11,0,0,0,0
90.33878,3,0,1,0,0,0,0,-1,0,2.0000,-1,6,0,5,0,11,0,0,0,0
90.36038,3,0,1,0,0,0,0,-1,0,2.0000,-1,6,0,5,0,11,0,0,0,0
90.38004,3,0,1,0,0,0,1,47,0,1.0000,-1,6,0,5,0,11,0,0,0,0
90.3996,3,0,1,0,0,0,1,47,0,1.0000,-1,6,0,5,0,11,0,0,0,0
90.41999,3,0,1,0,0,0,1,47,0,1.0000,-1,6,0,5,0,11,0,0,0,0
90.44057,3,0,1,0,0,0,1,47,0,1.0000,-1,6,0,5,0,11,0,0,0,0
90.46204,3,0,1,0,0,0,1,47,0,1.0000,-1,6,0,5,0,11,0,0,0,0
90.48402,3,0,1,0,0,0,1,47,1,2.0000,-1,6,0,5,0,11,0,0,0,0
90.50548,3,0,1,0,0,0,1,47,0,2.0000,-1,6,0,5,0,11,0,0,0,0
90.52788,3,0,1,0,0,0,1,47,0,2.0000,-1,6,0,5,0,11,0,0,0,0
90.55011,3,0,1,0,0,0,1,47,0,2.0000,-1,6,0,5,0,11,0,0,0,0
90.57259,3,0,1,0,0,0,1,47,0,2.0000,-1,6,0,5,0,11,0,0,0,0
90.59581,3,0,1,0,0,0,1,46,0,2.0000,47,6,0,6,0,12,0,0,0,0
90.61745,3,0,1,0,0,0,1,46,0,2.0000,-1,6,0,6,0,12,0,0,0,0
90.66168,3,0,1,0,0,0,1,46,0,2.0000,-1,6,0,6,0,12,0,0,0,0
90.67316,3,0,1,0,0,0,1,46,0,2.0000,-1,6,0,6,0,12,0,0,0,0
90.68982,3,0,1,0,0,0,1,46,0,2.0000,-1,6,0,6,0,12,0,0,0,0
90.71467,3,0,1,0,0,0,1,46,0,2.0000,-1,6,0,6,0,12,0,0,0,0
90.73854,3,0,1,0,0,0,1,46,0,2.0000,-1,6,0,6,0,12,0,0,0,0
90.76286,3,0,1,0,0,0,1,46,0,2.0000,-1,6,0,6,0,12,0,0,0,0
90.78718,3,0,1,0,0,0,1,46,0,2.0000,-1,6,0,6,0,12,0,0,0,0
90.81214,3,0,1,0,0,0,1,46,0,2.0000,-1,6,0,6,0,12,0,0,0,0
90.83732,3,0,1,0,0,0,1,46,0,2.0000,-1,6,0,6,0,12,0,0,0,0
90.86131,3,0,1,0,0,0,1,46,0,2.0000,-1,6,0,6,0,12,0,0,0,0
90.88631,3,0,1,0,0,0,1,46,0,2.0000,-1,6,0,6,0,12,0,0,0,0
90.91073,3,0,1,0,0,0,1,46,0,2.0000,-1,6,0,6,0,12,0,0,0,0
90.93572,3,0,1,0,0,0,1,46,0,2.0000,-1,6,0,6,0,12,0,0,0,0
90.96111,3,0,1,0,0,0,1,46,0,2.0000,-1,6,0,6,0,12,0,0,0,0
90.98534,3,0,1,0,0,0,1,46,0,2.0000,-1,6,0,6,0,12,0,0,0,0
91.00996,3,0,1,0,0,0,0,-1,0,2.0000,46,6,0,7,0,13,0,0,0,0
91.03506,3,0,1,0,0,0,0,-1,0,2.0000,-1,6,0,7,0,13,0,0,0,0
91.06019,3,0,1,0,1,0,0,-1,0,2.0000,-1,6,0,7,0,13,0,0,0,0
91.10649,3,0,1,0,1,0,0,-1,0,2.0000,-1,6,0,7,0,13,0,0,0,0
91.11816,3,0,1,0,1,0,0,-1,0,2.0000,-1,6,0,7,0,13,0,0,0,0
91.13743,3,0,1,0,1,0,0,-1,0,2.0000,-1,6,0,7,0,13,0,0,0,0
91.16228,3,0,1,0,1,0,0,-1,0,2.0000,-1,6,0,7,0,13,0,0,0,0
91.18722,3,0,1,0,1,0,0,-1,0,2.0000,-1,6,0,7,0,13,0,0,0,0
91.21272,3,0,1,0,1,0,0,-1,1,3.0000,-1,6,0,7,0,13,0,0,0,0
91.23691,3,0,1,0,1,0,0,-1,0,3.0000,-1,6,0,7,0,13,0,0,0,0
91.26097,3,0,1,0,1,0,0,-1,0,3.0000,-1,6,0,7,0,13,0,0,0,0
91.30679,3,0,1,0,1,0,0,-1,0,2.0000,-1,6,0,7,0,13,0,0,0,0
91.31897,3,0,1,0,1,0,0,-1,0,2.0000,-1,6,0,7,0,13,0,0,0,0
91.33652,3,0,1,0,1,0,0,-1,0,2.0000,-1,6,0,7,0,13,0,0,0,0
91.3611,3,0,1,0,1,0,0,-1,0,2.0000,-1,6,0,7,0,13,0,0,0,0
91.38599,3,0,1,0,1,0,1,51,0,2.0000,-1,6,0,7,0,13,0,0,0,0
91.40945,3,0,1,0,1,0,1,51,0,2.0000,-1,6,0,7,0,13,0,0,0,0
91.43393,3,0,1,0,1,0,1,51,0,2.0000,-1,6,0,7,0,13,0,0,0,0
91.45807,3,0,1,0,1,0,1,51,0,2.0000,-1,6,0,7,0,13,0,0,0,0
91.48245,3,0,1,0,1,0,1,51,0,2.0000,-1,6,0,7,0,13,0,0,0,0
91.50668,3,0,1,0,1,0,1,51,0,1.0000,-1,6,0,7,0,13,0,0,0,0
91.5304,3,0,1,0,1,0,1,51,0,1.0000,-1,6,0,7,0,13,0,0,0,0
91.55521,3,0,1,0,1,0,1,51,0,1.0000,-1,6,0,7,0,13,0,0,0,0
91.57923,3,0,1,0,1,0,1,51,0,1.0000,-1,6,0,7,0,13,0,0,0,0
91.6046,3,0,1,0,1,0,1,51,0,1.0000,-1,6,0,7,0,13,0,0,0,0
91.62859,3,0,1,0,1,0,1,51,0,1.0000,-1,6,0,7,0,13,0,0,0,0
91.65255,3,0,1,0,1,0,1,51,1,2.0000,-1,6,0,7,0,13,0,0,0,0
91.67685,3,0,1,0,1,0,1,51,0,2.0000,-1,6,0,7,0,13,0,0,0,0
91.70056,3,0,1,0,1,0,1,51,0,2.0000,-1,6,0,7,0,13,0,0,0,0
91.72611,3,0,1,0,0,0,1,51,0,2.0000,-1,6,0,7,0,13,0,0,0,0
91.74956,3,0,1,0,0,0,1,51,0,2.0000,-1,6,0,7,0,13,0,0,0,0
91.77406,3,0,1,0,0,0,1,51,0,2.0000,-1,6,0,7,0,13,0,0,0,0
91.80264,3,0,1,0,0,0,1,51,0,2.0000,-1,6,0,7,0,13,0,0,0,0
91.82569,3,0,1,1,0,0,1,51,0,2.0000,-1,6,0,7,0,13,0,0,0,0
91.85004,3,0,1,1,0,0,1,51,0,2.0000,-1,6,0,7,0,13,0,0,0,0
91.87418,3,0,1,1,0,0,1,51,0,2.0000,-1,6,0,7,0,13,0,0,0,0
91.89921,3,0,1,1,0,0,0,-1,0,2.0000,51,6,0,8,0,14,0,0,0,0
91.92312,3,0,1,1,0,0,0,-1,0,2.0000,-1,6,0,8,0,14,0,0,0,0
91.96969,3,0,1,1,0,0,0,-1,0,2.0000,-1,6,0,8,0,14,0,0,0,0
91.98167,3,0,1,1,0,0,0,-1,0,2.0000,-1,6,0,8,0,14,0,0,0,0
91.99987,3,0,1,1,0,0,0,-1,0,2.0000,-1,6,0,8,0,14,0,0,0,0
92.02487,3,0,1,1,0,0,0,-1,0,2.0000,-1,6,0,8,0,14,0,0,0,0
92.05007,3,0,1,1,0,0,0,-1,0,2.0000,-1,6,0,8,0,14,0,0,0,0
92.0739,3,0,1,1,0,0,0,-1,0,2.0000,-1,6,0,8,0,14,0,0,0,0
92.09833,3,0,1,1,0,0,0,-1,0,2.0000,-1,6,0,8,0,14,0,0,0,0
92.12239,3,0,1,1,0,0,0,-1,0,2.0000,-1,6,0,8,0,14,0,0,0,0
92.14739,3,0,1,1,0,0,0,-1,0,2.0000,-1,6,0,8,0,14,0,0,0,0
92.17174,3,0,1,1,0,0,0,-1,0,2.0000,-1,6,0,8,0,14,0,0,0,0
92.19636,3,0,1,1,0,0,0,-1,1,3.0000,-1,6,0,8,0,14,0,0,0,0
92.22005,3,0,1,1,0,0,0,-1,0,2.0000,-1,6,0,8,0,14,0,0,0,0
92.24446,3,0,1,1,0,0,0,-1,0,2.0000,-1,6,0,8,0,14,0,0,0,0
92.26944,3,0,1,1,0,0,0,-1,0,2.0000,-1,6,0,8,0,14,0,0,0,0
92.29408,3,0,1,1,0,0,0,-1,0,2.0000,-1,6,0,8,0,14,0,0,0,0
92.31815,3,0,1,1,0,0,0,-1,0,2.0000,-1,6,0,8,0,14,0,0,0,0
92.34161,3,0,1,1,0,0,0,-1,0,2.0000,-1,6,0,8,0,14,0,0,0,0
92.36665,3,0,1,1,0,0,0,-1,0,2.0000,-1,6,0,8,0,14,0,0,0,0
92.38952,3,0,1,1,0,0,0,-1,0,2.0000,-1,6,0,8,0,14,0,0,0,0
92.41245,3,0,1,0,0,0,0,-1,0,2.0000,-1,6,0,8,0,14,0,0,0,0
92.43507,3,0,1,0,0,0,0,-1,0,2.0000,-1,6,0,8,0,14,0,0,0,0
92.45741,3,0,1,0,0,0,0,-1,0,2.0000,-1,6,0,8,0,14,0,0,0,0
92.48009,3,0,1,0,0,0,0,-1,0,2.0000,-1,6,0,8,0,14,0,0,0,0
92.50243,3,0,1,0,0,0,0,-1,0,2.0000,-1,6,0,8,0,14,0,0,0,0
92.52386,3,0,1,0,0,0,0,-1,0,2.0000,-1,6,0,8,0,14,0,0,0,0
92.54561,3,0,1,0,0,0,0,-1,0,2.0000,-1,6,0,8,0,14,0,0,0,0
92.56684,3,0,1,0,1,0,0,-1,0,2.0000,-1,6,0,8,0,14,0,0,0,0
92.60695,3,0,1,0,1,0,0,-1,0,2.0000,-1,6,0,8,0,14,0,0,0,0
92.61904,3,0,1,0,1,0,0,-1,0,2.0000,-1,6,0,8,0,14,0,0,0,0
92.63274,3,0,1,0,1,0,0,-1,0,2.0000,-1,6,0,8,0,14,0,0,0,0
92.6527,3,0,1,0,1,0,0,-1,0,1.0000,-1,6,0,8,0,14,0,0,0,0
92.67381,3,0,1,0,1,0,0,-1,0,1.0000,-1,6,0,8,0,14,0,0,0,0
92.69323,3,0,1,0,1,0,0,-1,0,1.0000,-1,6,0,8,0,14,0,0,0,0
92.71517,3,0,1,0,1,0,0,-1,0,1.0000,-1,6,0,8,0,14,0,0,0,0
92.73431,3,0,1,0,1,0,0,-1,0,1.0000,-1,6,0,8,0,14,0,0,0,0
92.75455,3,0,1,0,1,0,0,-1,0,1.0000,-1,6,0,8,0,14,0,0,0,0
92.77451,3,0,1,0,1,0,0,-1,0,1.0000,-1,6,0,8,0,14,0,0,0,0
92.81221,3,0,1,0,1,0,0,-1,0,1.0000,-1,6,0,8,0,14,0,0,0,0
92.82391,3,0,1,0,1,0,0,-1,0,1.0000,-1,6,0,8,0,14,0,0,0,0
92.83801,3,0,1,0,1,0,0,-1,0,1.0000,-1,6,0,8,0,14,0,0,0,0
92.85919,3,0,1,0,1,0,0,-1,0,1.0000,-1,6,0,8,0,14,0,0,0,0
92.87981,3,0,1,0,1,0,0,-1,0,1.0000,-1,6,0,8,0,14,0,0,0,0
92.89836,3,0,1,0,1,0,0,-1,0,1.0000,-1,6,0,8,0,14,0,0,0,0
92.91854,3,0,1,0,1,0,0,-1,0,1.0000,-1,6,0,8,0,14,0,0,0,0
92.93816,3,0,1,0,1,0,0,-1,0,1.0000,-1,6,0,8,0,14,0,0,0,0
92.95879,3,0,1,0,1,0,0,-1,0,1.0000,-1,6,0,8,0,14,0,0,0,0
92.97952,3,0,1,0,1,0,0,-1,0,1.0000,-1,6,0,8,0,14,0,0,0,0
93.00004,3,0,1,0,1,0,0,-1,0,1.0000,-1,6,0,8,0,14,0,0,0,0
93.01782,3,0,1,0,1,0,0,-1,0,1.0000,-1,6,0,8,0,14,0,0,0,0
93.03773,3,0,1,0,1,0,0,-1,0,1.0000,-1,6,0,8,0,14,0,0,0,0
93.05891,3,0,1,0,1,0,0,-1,0,1.0000,-1,6,0,8,0,14,0,0,0,0
93.07972,3,0,1,0,1,0,0,-1,0,1.0000,-1,6,0,8,0,14,0,0,0,0
93.09983,3,0,1,0,1,0,0,-1,0,1.0000,-1,6,0,8,0,14,0,0,0,0
93.11863,3,0,1,0,1,0,0,-1,0,1.0000,-1,6,0,8,0,14,0,0,0,0
93.13794,3,0,1,0,1,0,0,-1,0,1.0000,-1,6,0,8,0,14,0,0,0,0
93.1598,3,0,1,0,1,0,0,-1,0,1.0000,-1,6,0,8,0,14,0,0,0,0
93.1798,2,1,2,0,0,0,0,-1,0,1.0000,-1,6,0,8,0,14,0,0,0,0
93.19917,2,0,2,0,0,0,0,-1,0,0.0000,-1,6,0,8,0,14,0,0,0,0
93.21738,2,0,2,0,0,0,0,-1,0,0.0000,-1,6,0,8,0,14,0,0,0,0
93.23892,2,0,2,0,0,0,0,-1,0,0.0000,-1,6,0,8,0,14,0,0,0,0
93.26064,2,0,2,0,0,0,0,-1,0,0.0000,-1,6,0,8,0,14,0,0,0,0
93.27917,2,0,2,0,0,0,0,-1,0,0.0000,-1,6,0,8,0,14,0,0,0,0
93.29959,2,0,2,0,0,0,0,-1,0,0.0000,-1,6,0,8,0,14,0,0,0,0
93.3176,2,0,2,0,0,0,0,-1,0,0.0000,-1,6,0,8,0,14,0,0,0,0
93.33814,2,0,2,0,0,0,0,-1,0,0.0000,-1,6,0,8,0,14,0,0,0,0
93.35973,2,0,2,0,0,0,0,-1,0,0.0000,-1,6,0,8,0,14,0,0,0,0
93.37834,2,0,2,0,0,0,0,-1,0,0.0000,-1,6,0,8,0,14,0,0,0,0
93.39826,2,0,2,0,0,0,0,-1,0,0.0000,-1,6,0,8,0,14,0,0,0,0
93.43564,2,0,2,0,0,0,0,-1,0,0.0000,-1,6,0,8,0,14,0,0,0,0
93.44723,2,0,2,0,0,0,0,-1,0,0.0000,-1,6,0,8,0,14,0,0,0,0
93.46166,2,0,2,0,0,0,0,-1,0,0.0000,-1,6,0,8,0,14,0,0,0,0
93.48118,2,0,2,0,0,0,0,-1,0,0.0000,-1,6,0,8,0,14,0,0,0,0
93.5031,2,0,2,0,0,0,0,-1,0,0.0000,-1,6,0,8,0,14,0,0,0,0
93.52244,2,0,2,0,0,0,0,-1,0,0.0000,-1,6,0,8,0,14,0,0,0,0
93.5426,2,0,2,0,0,0,0,-1,0,0.0000,-1,6,0,8,0,14,0,0,0,0
93.56099,2,0,2,0,0,0,0,-1,0,0.0000,-1,6,0,8,0,14,0,0,0,0
93.58134,2,0,2,1,0,0,0,-1,0,0.0000,-1,6,0,8,0,14,0,0,0,0
93.60288,2,0,2,1,0,0,0,-1,0,0.0000,-1,6,0,8,0,14,0,0,0,0
93.64063,2,0,2,1,0,0,0,-1,0,0.0000,-1,6,0,8,0,14,0,0,0,0
93.65159,2,0,2,1,0,0,0,-1,0,0.0000,-1,6,0,8,0,14,0,0,0,0
93.66708,2,0,2,1,0,0,0,-1,0,0.0000,-1,6,0,8,0,14,0,0,0,0
93.6873,2,0,2,1,0,0,0,-1,0,0.0000,-1,6,0,8,0,14,0,0,0,0
93.70747,2,0,2,1,0,0,0,-1,0,0.0000,-1,6,0,8,0,14,0,0,0,0
93.7269,2,0,2,1,0,0,0,-1,0,0.0000,-1,6,0,8,0,14,0,0,0,0
93.74783,2,0,2,1,0,0,0,-1,0,0.0000,-1,6,0,8,0,14,0,0,0,0
93.76821,2,0,2,1,0,0,0,-1,0,0.0000,-1,6,0,8,0,14,0,0,0,0
93.78886,2,0,2,1,0,0,0,-1,0,0.0000,-1,6,0,8,0,14,0,0,0,0
93.80836,2,0,2,1,0,0,0,-1,0,0.0000,-1,6,0,8,0,14,0,0,0,0
93.82762,2,0,2,1,0,0,0,-1,0,0.0000,-1,6,0,8,0,14,0,0,0,0
93.84824,2,0,2,1,0,0,1,54,0,0.0000,-1,6,0,8,0,14,0,0,0,0
93.86918,2,0,2,1,0,0,1,54,0,0.0000,-1,6,0,8,0,14,0,0,0,0
93.88979,2,0,2,1,0,0,1,54,0,0.0000,-1,6,0,8,0,14,0,0,0,0
93.91083,2,0,2,1,0,0,1,54,0,0.0000,-1,6,0,8,0,14,0,0,0,0
93.9309,2,0,2,1,0,0,1,54,0,0.0000,-1,6,0,8,0,14,0,0,0,0
93.95053,2,0,2,1,0,0,1,54,0,0.0000,-1,6,0,8,0,14,0,0,0,0
93.97173,2,0,2,1,0,0,1,54,0,0.0000,-1,6,0,8,0,14,0,0,0,0
93.99296,2,0,2,1,0,0,1,54,0,0.0000,-1,6,0,8,0,14,0,0,0,0
94.01451,2,0,2,1,0,0,1,54,0,0.0000,-1,6,0,8,0,14,0,0,0,0
94.05154,2,0,2,1,0,0,1,54,0,0.0000,-1,6,0,8,0,14,0,0,0,0
94.06393,2,0,2,1,0,0,1,54,0,0.0000,-1,6,0,8,0,14,0,0,0,0
94.07938,2,0,2,1,0,0,1,54,0,0.0000,-1,6,0,8,0,14,0,0,0,0
94.10019,2,0,2,1,0,0,1,54,0,0.0000,-1,6,0,8,0,14,0,0,0,0
94.12088,2,0,2,1,0,0,1,54,0,0.0000,-1,6,0,8,0,14,0,0,0,0
94.14371,2,0,2,1,0,0,1,54,0,0.0000,-1,6,0,8,0,14,0,0,0,0
94.16269,2,0,2,1,0,0,1,54,0,0.0000,-1,6,0,8,0,14,0,0,0,0
94.18568,2,0,2,1,0,0,1,54,0,0.0000,-1,6,0,8,0,14,0,0,0,0
94.2067,2,0,2,1,0,0,1,54,0,0.0000,-1,6,0,8,0,14,0,0,0,0
94.22758,2,0,2,1,0,0,1,54,0,0.0000,-1,6,0,8,0,14,0,0,0,0
94.26833,2,0,2,1,0,0,1,54,0,0.0000,-1,6,0,8,0,14,0,0,0,0
94.28045,2,0,2,1,0,0,1,54,0,0.0000,-1,6,0,8,0,14,0,0,0,0
94.29501,2,0,2,1,0,0,1,54,0,0.0000,-1,6,0,8,0,14,0,0,0,0
94.31628,2,0,2,1,0,0,1,54,0,0.0000,-1,6,0,8,0,14,0,0,0,0
94.33834,2,0,2,1,0,0,1,54,0,0.0000,-1,6,0,8,0,14,0,0,0,0
94.35973,2,0,2,1,0,0,1,54,0,0.0000,-1,6,0,8,0,14,0,0,0,0
94.3812,2,0,2,0,0,0,1,54,0,0.0000,-1,6,0,8,0,14,0,0,0,0
94.40217,2,0,2,0,0,0,1,54,0,0.0000,-1,6,0,8,0,14,0,0,0,0
94.42369,2,0,2,0,0,0,1,54,0,0.0000,-1,6,0,8,0,14,0,0,0,0
94.44403,2,0,2,0,0,0,1,54,0,0.0000,-1,6,0,8,0,14,0,0,0,0
94.48457,2,0,2,0,0,0,1,54,0,0.0000,-1,6,0,8,0,14,0,0,0,0
94.49748,2,0,2,0,0,0,1,54,0,0.0000,-1,6,0,8,0,14,0,0,0,0
94.50969,2,0,2,0,0,0,1,54,0,0.0000,-1,6,0,8,0,14,0,0,0,0
94.53117,2,0,2,0,0,0,1,54,0,0.0000,-1,6,0,8,0,14,0,0,0,0
94.55252,2,0,2,0,0,0,1,54,0,0.0000,-1,6,0,8,0,14,0,0,0,0
94.57406,2,0,2,0,0,0,1,54,0,0.0000,-1,6,0,8,0,14,0,0,0,0
94.59557,2,0,2,0,0,0,1,54,0,0.0000,-1,6,0,8,0,14,0,0,0,0
94.61828,2,0,2,0,0,0,1,54,0,0.0000,-1,6,0,8,0,14,0,0,0,0
94.63882,2,0,2,0,0,0,1,54,0,0.0000,-1,6,0,8,0,14,0,0,0,0
94.66055,2,0,2,0,0,0,1,54,0,0.0000,-1,6,0,8,0,14,0,0,0,0
94.70075,2,0,2,0,0,0,1,54,0,0.0000,-1,6,0,8,0,14,0,0,0,0
94.7124,2,0,2,0,0,0,1,54,0,0.0000,-1,6,0,8,0,14,0,0,0,0
94.72704,2,0,2,0,0,0,1,54,0,0.0000,-1,6,0,8,0,14,0,0,0,0
94.74902,2,0,2,0,0,0,1,54,0,0.0000,-1,6,0,8,0,14,0,0,0,0
94.77039,2,0,2,0,0,0,1,54,0,0.0000,-1,6,0,8,0,14,0,0,0,0
94.79194,2,0,2,0,0,0,1,54,0,0.0000,-1,6,0,8,0,14,0,0,0,0
94.81274,2,0,2,0,0,0,1,54,0,0.0000,-1,6,0,8,0,14,0,0,0,0
94.83303,2,0,2,0,0,0,1,54,0,0.0000,-1,6,0,8,0,14,0,0,0,0
94.85426,2,0,2,0,0,0,1,54,0,0.0000,-1,6,0,8,0,14,0,0,0,0
94.87531,2,0,2,0,0,0,1,54,0,0.0000,-1,6,0,8,0,14,0,0,0,0
94.89671,2,0,2,0,0,0,1,54,0,0.0000,-1,6,0,8,0,14,0,0,0,0
94.9179,2,0,2,0,0,0,1,54,0,0.0000,-1,6,0,8,0,14,0,0,0,0
94.93939,2,0,2,0,0,0,1,54,0,0.0000,-1,6,0,8,0,14,0,0,0,0
94.96075,2,0,2,0,0,0,1,54,0,0.0000,-1,6,0,8,0,14,0,0,0,0
94.98219,2,0,2,0,0,0,1,54,0,0.0000,-1,6,0,8,0,14,0,0,0,0
95.0024,2,0,2,0,0,0,1,54,0,0.0000,-1,6,0,8,0,14,0,0,0,0
95.02435,2,0,2,0,0,0,1,54,0,0.0000,-1,6,0,8,0,14,0,0,0,0
95.04454,2,0,2,0,0,0,1,55,0,0.0000,54,6,1,8,0,15,0,0,0,0
95.0658,2,0,2,0,0,0,1,55,0,0.0000,-1,6,1,8,0,15,0,0,0,0
95.08843,2,0,2,0,0,0,1,55,0,0.0000,-1,6,1,8,0,15,0,0,0,0
95.12816,2,0,2,0,0,0,1,55,0,0.0000,-1,6,1,8,0,15,0,0,0,0
95.14114,2,0,2,0,0,0,1,55,0,0.0000,-1,6,1,8,0,15,0,0,0,0
95.15379,2,0,2,0,0,0,1,55,0,0.0000,-1,6,1,8,0,15,0,0,0,0
95.17474,2,0,2,0,0,0,1,55,0,0.0000,-1,6,1,8,0,15,0,0,0,0
95.19607,2,0,2,0,0,0,1,55,0,0.0000,-1,6,1,8,0,15,0,0,0,0
95.21722,2,0,2,0,0,0,1,55,0,0.0000,-1,6,1,8,0,15,0,0,0,0
95.23889,2,0,2,0,0,0,1,55,0,0.0000,-1,6,1,8,0,15,0,0,0,0
95.26135,2,0,2,0,0,0,1,55,0,0.0000,-1,6,1,8,0,15,0,0,0,0
95.28146,2,0,2,0,0,0,1,55,0,0.0000,-1,6,1,8,0,15,0,0,0,0
95.3031,2,0,2,0,0,0,1,55,0,0.0000,-1,6,1,8,0,15,0,0,0,0
95.34343,2,0,2,0,0,0,1,55,0,0.0000,-1,6,1,8,0,15,0,0,0,0
95.3553,2,0,2,0,0,0,1,55,0,0.0000,-1,6,1,8,0,15,0,0,0,0
95.37116,2,0,2,0,0,0,1,55,0,0.0000,-1,6,1,8,0,15,0,0,0,0
95.39284,2,0,2,0,0,0,1,55,0,0.0000,-1,6,1,8,0,15,0,0,0,0
95.41438,2,0,2,0,0,0,1,55,0,0.0000,-1,6,1,8,0,15,0,0,0,0
95.43573,2,0,2,0,0,0,1,55,0,0.0000,-1,6,1,8,0,15,0,0,0,0
95.45781,2,0,2,0,0,0,1,55,0,0.0000,-1,6,1,8,0,15,0,0,0,0
95.47898,2,0,2,0,0,0,1,55,0,0.0000,-1,6,1,8,0,15,0,0,0,0
95.5009,2,0,2,0,0,0,1,55,0,0.0000,-1,6,1,8,0,15,0,0,0,0
95.52116,2,0,2,0,0,0,1,55,0,0.0000,-1,6,1,8,0,15,0,0,0,0
95.56372,2,0,2,0,0,0,1,55,0,0.0000,-1,6,1,8,0,15,0,0,0,0
95.57664,2,0,2,0,0,0,1,55,0,0.0000,-1,6,1,8,0,15,0,0,0,0
95.58959,2,0,2,0,0,0,1,55,0,0.0000,-1,6,1,8,0,15,0,0,0,0
95.61236,2,0,2,0,0,0,1,55,0,0.0000,-1,6,1,8,0,15,0,0,0,0
95.63433,2,0,2,0,0,0,1,55,0,0.0000,-1,6,1,8,0,15,0,0,0,0
95.65462,2,0,2,0,0,0,1,55,0,0.0000,-1,6,1,8,0,15,0,0,0,0
95.67554,2,0,2,0,0,0,1,55,0,0.0000,-1,6,1,8,0,15,0,0,0,0
95.69664,2,0,2,0,0,0,1,55,0,0.0000,-1,6,1,8,0,15,0,0,0,0
95.71937,2,0,2,0,0,0,1,55,0,0.0000,-1,6,1,8,0,15,0,0,0,0
95.73974,2,0,2,0,0,0,1,55,0,0.0000,-1,6,1,8,0,15,0,0,0,0
95.77996,2,0,2,0,0,0,0,-1,0,0.0000,-1,6,1,8,0,15,0,0,0,0
95.79134,2,0,2,0,0,0,0,-1,0,0.0000,-1,6,1,8,0,15,0,0,0,0
95.80637,2,0,2,0,0,0,0,-1,0,0.0000,-1,6,1,8,0,15,0,0,0,0
95.82869,2,0,2,0,0,0,0,-1,0,0.0000,-1,6,1,8,0,15,0,0,0,0
95.84984,2,0,2,0,0,0,0,-1,0,0.0000,-1,6,1,8,0,15,0,0,0,0
95.87195,2,0,2,0,0,0,0,-1,0,0.0000,-1,6,1,8,0,15,0,0,0,0
95.89251,2,0,2,0,0,0,0,-1,0,0.0000,-1,6,1,8,0,15,0,0,0,0
95.91499,2,0,2,0,0,0,0,-1,0,0.0000,-1,6,1,8,0,15,0,0,0,0
95.93464,2,0,2,0,0,0,0,-1,0,0.0000,-1,6,1,8,0,15,0,0,0,0
95.95515,2,0,2,0,0,0,0,-1,0,0.0000,-1,6,1,8,0,15,0,0,0,0
95.97643,2,0,2,0,0,0,0,-1,0,0.0000,-1,6,1,8,0,15,0,0,0,0
95.9972,2,0,2,0,0,0,0,-1,0,0.0000,-1,6,1,8,0,15,0,0,0,0
96.01746,2,0,2,0,0,0,0,-1,0,0.0000,-1,6,1,8,0,15,0,0,0,0
96.03883,2,0,2,0,0,0,0,-1,0,0.0000,-1,6,1,8,0,15,0,0,0,0
96.05869,2,0,2,0,0,0,0,-1,0,0.0000,-1,6,1,8,0,15,0,0,0,0
96.07916,2,0,2,0,0,0,0,-1,0,0.0000,-1,6,1,8,0,15,0,0,0,0
96.10104,2,0,2,0,0,0,0,-1,0,0.0000,-1,6,1,8,0,15,0,0,0,0
96.12023,2,0,2,0,0,0,0,-1,0,0.0000,-1,6,1,8,0,15,0,0,0,0
96.14094,2,0,2,0,0,0,0,-1,0,0.0000,-1,6,1,8,0,15,0,0,0,0
96.16125,2,0,2,0,0,0,0,-1,0,0.0000,-1,6,1,8,0,15,0,0,0,0
96.18182,2,0,2,0,0,0,0,-1,0,0.0000,-1,6,1,8,0,15,0,0,0,0
96.20152,2,0,2,0,0,0,0,-1,0,0.0000,-1,6,1,8,0,15,0,0,0,0
96.22231,2,0,2,0,0,0,0,-1,0,0.0000,-1,6,1,8,0,15,0,0,0,0
96.24277,2,0,2,0,0,0,0,-1,0,0.0000,-1,6,1,8,0,15,0,0,0,0
96.26302,2,0,2,0,0,0,0,-1,0,0.0000,-1,6,1,8,0,15,0,0,0,0
96.28315,2,0,2,0,0,0,0,-1,0,0.0000,-1,6,1,8,0,15,0,0,0,0
96.30537,2,0,2,0,0,0,0,-1,0,0.0000,-1,6,1,8,0,15,0,0,0,0
96.32524,2,0,2,0,0,0,0,-1,0,0.0000,-1,6,1,8,0,15,0,0,0,0
96.34496,2,0,2,0,0,0,0,-1,0,0.0000,-1,6,1,8,0,15,0,0,0,0
96.36567,2,0,2,0,0,0,0,-1,0,0.0000,-1,6,1,8,0,15,0,0,0,0
96.3854,2,0,2,0,0,0,0,-1,0,0.0000,-1,6,1,8,0,15,0,0,0,0
96.40661,2,0,2,0,0,0,0,-1,0,0.0000,-1,6,1,8,0,15,0,0,0,0
96.42738,2,0,2,0,0,0,0,-1,0,0.0000,-1,6,1,8,0,15,0,0,0,0
96.44826,2,0,2,0,0,0,0,-1,0,0.0000,-1,6,1,8,0,15,0,0,0,0
96.46817,2,0,2,0,0,0,0,-1,0,0.0000,-1,6,1,8,0,15,0,0,0,0
96.48755,2,0,2,0,0,0,0,-1,0,0.0000,-1,6,1,8,0,15,0,0,0,0
96.50933,2,0,2,0,0,0,0,-1,0,0.0000,-1,6,1,8,0,15,0,0,0,0
96.5294,2,0,2,0,0,0,0,-1,0,0.0000,-1,6,1,8,0,15,0,0,0,0
96.54997,2,0,2,0,0,0,0,-1,0,0.0000,-1,6,1,8,0,15,0,0,0,0
96.5708,2,0,2,0,0,0,0,-1,0,0.0000,-1,6,1,8,0,15,0,0,0,0
96.59045,2,0,2,0,0,0,0,-1,0,0.0000,-1,6,1,8,0,15,0,0,0,0
96.61043,2,0,2,0,0,0,0,-1,0,0.0000,-1,6,1,8,0,15,0,0,0,0
96.63107,2,0,2,0,0,0,0,-1,0,0.0000,-1,6,1,8,0,15,0,0,0,0
96.65118,2,0,2,0,0,0,0,-1,0,0.0000,-1,6,1,8,0,15,0,0,0,0
96.67208,2,0,2,0,0,0,0,-1,0,0.0000,-1,6,1,8,0,15,0,0,0,0
96.69289,2,0,2,0,0,0,0,-1,0,0.0000,-1,6,1,8,0,15,0,0,0,0
96.7131,2,0,2,0,0,0,0,-1,0,0.0000,-1,6,1,8,0,15,0,0,0,0
96.73365,2,0,2,0,0,0,0,-1,0,0.0000,-1,6,1,8,0,15,0,0,0,0
96.75343,2,0,2,0,0,0,0,-1,0,0.0000,-1,6,1,8,0,15,0,0,0,0
96.77551,2,0,2,0,0,0,0,-1,0,0.0000,-1,6,1,8,0,15,0,0,0,0
96.81315,2,0,2,0,0,0,0,-1,0,0.0000,-1,6,1,8,0,15,0,0,0,0
96.82465,2,0,2,0,0,0,0,-1,0,0.0000,-1,6,1,8,0,15,0,0,0,0
96.8396,2,0,2,0,0,0,0,-1,0,0.0000,-1,6,1,8,0,15,0,0,0,0
96.86149,2,0,2,0,0,0,0,-1,0,0.0000,-1,6,1,8,0,15,0,0,0,0
96.88259,2,0,2,0,0,0,0,-1,0,0.0000,-1,6,1,8,0,15,0,0,0,0
96.90313,2,0,2,0,0,0,0,-1,0,0.0000,-1,6,1,8,0,15,0,0,0,0
96.92462,2,0,2,0,0,0,0,-1,0,0.0000,-1,6,1,8,0,15,0,0,0,0
96.94453,2,0,2,0,0,0,0,-1,0,0.0000,-1,6,1,8,0,15,0,0,0,0
96.96496,2,0,2,1,0,0,0,-1,0,0.0000,-1,6,1,8,0,15,0,0,0,0
96.98495,2,0,2,1,0,0,0,-1,0,0.0000,-1,6,1,8,0,15,0,0,0,0
97.02412,2,0,2,1,0,0,0,-1,0,0.0000,-1,6,1,8,0,15,0,0,0,0
97.03567,2,0,2,1,0,0,0,-1,0,0.0000,-1,6,1,8,0,15,0,0,0,0
97.05048,2,0,2,1,0,0,0,-1,0,0.0000,-1,6,1,8,0,15,0,0,0,0
97.0713,2,0,2,1,0,0,0,-1,0,0.0000,-1,6,1,8,0,15,0,0,0,0
97.09249,2,0,2,1,0,0,0,-1,0,0.0000,-1,6,1,8,0,15,0,0,0,0
97.11309,2,0,2,1,0,0,0,-1,0,0.0000,-1,6,1,8,0,15,0,0,0,0
97.13379,2,0,2,1,0,0,0,-1,0,0.0000,-1,6,1,8,0,15,0,0,0,0
97.15443,2,0,2,1,0,0,0,-1,0,0.0000,-1,6,1,8,0,15,0,0,0,0
97.17493,2,0,2,1,0,0,0,-1,0,0.0000,-1,6,1,8,0,15,0,0,0,0
97.19569,2,0,2,1,0,0,0,-1,0,0.0000,-1,6,1,8,0,15,0,0,0,0
97.21719,2,0,2,1,0,0,0,-1,0,0.0000,-1,6,1,8,0,15,0,0,0,0
97.23829,2,0,2,1,0,0,0,-1,0,0.0000,-1,6,1,8,0,15,0,0,0,0
97.25999,2,0,2,1,0,0,0,-1,0,0.0000,-1,6,1,8,0,15,0,0,0,0
97.27981,2,0,2,1,0,0,0,-1,0,0.0000,-1,6,1,8,0,15,0,0,0,0
97.3003,2,0,2,1,0,0,0,-1,0,0.0000,-1,6,1,8,0,15,0,0,0,0
97.32119,2,0,2,1,0,0,0,-1,0,0.0000,-1,6,1,8,0,15,0,0,0,0
97.34183,2,0,2,1,0,0,0,-1,0,0.0000,-1,6,1,8,0,15,0,0,0,0
97.36304,2,0,2,1,0,0,0,-1,0,0.0000,-1,6,1,8,0,15,0,0,0,0
97.38425,2,0,2,1,0,0,0,-1,0,0.0000,-1,6,1,8,0,15,0,0,0,0
97.40521,2,0,2,1,0,0,0,-1,0,0.0000,-1,6,1,8,0,15,0,0,0,0
97.44404,2,0,2,1,0,0,0,-1,0,0.0000,-1,6,1,8,0,15,0,0,0,0
97.45566,2,0,2,1,0,0,0,-1,0,0.0000,-1,6,1,8,0,15,0,0,0,0
97.47092,2,0,2,1,0,0,0,-1,0,0.0000,-1,6,1,8,0,15,0,0,0,0
97.4915,2,0,2,1,0,0,0,-1,0,0.0000,-1,6,1,8,0,15,0,0,0,0
97.51237,2,0,2,1,0,0,0,-1,0,0.0000,-1,6,1,8,0,15,0,0,0,0
97.53282,2,0,2,1,0,0,0,-1,0,0.0000,-1,6,1,8,0,15,0,0,0,0
97.55357,2,0,2,1,0,0,0,-1,0,0.0000,-1,6,1,8,0,15,0,0,0,0
97.5751,2,0,2,1,0,0,0,-1,0,0.0000,-1,6,1,8,0,15,0,0,0,0
97.5959,2,0,2,1,0,0,0,-1,0,0.0000,-1,6,1,8,0,15,0,0,0,0
97.61618,2,0,2,1,0,0,0,-1,0,0.0000,-1,6,1,8,0,15,0,0,0,0
97.63683,2,0,2,1,0,0,0,-1,0,0.0000,-1,6,1,8,0,15,0,0,0,0
97.65688,2,0,2,1,0,0,0,-1,0,0.0000,-1,6,1,8,0,15,0,0,0,0
97.67757,2,0,2,1,0,0,0,-1,0,0.0000,-1,6,1,8,0,15,0,0,0,0
97.69801,2,0,2,1,0,0,0,-1,0,0.0000,-1,6,1,8,0,15,0,0,0,0
97.71857,2,0,2,1,0,0,0,-1,0,0.0000,-1,6,1,8,0,15,0,0,0,0
97.73951,2,0,2,1,0,0,0,-1,0,0.0000,-1,6,1,8,0,15,0,0,0,0
97.76107,2,0,2,1,0,0,0,-1,0,0.0000,-1,6,1,8,0,15,0,0,0,0
97.78134,2,0,2,1,0,0,0,-1,0,0.0000,-1,6,1,8,0,15,0,0,0,0
97.80129,2,0,2,1,0,0,0,-1,0,0.0000,-1,6,1,8,0,15,0,0,0,0
97.82292,2,0,2,1,0,0,0,-1,0,0.0000,-1,6,1,8,0,15,0,0,0,0
97.84317,2,0,2,1,0,0,0,-1,0,0.0000,-1,6,1,8,0,15,0,0,0,0
97.86353,2,0,2,1,0,0,0,-1,0,0.0000,-1,6,1,8,0,15,0,0,0,0
97.88448,2,0,2,1,0,0,0,-1,0,0.0000,-1,6,1,8,0,15,0,0,0,0
97.90488,2,0,2,1,0,0,0,-1,0,0.0000,-1,6,1,8,0,15,0,0,0,0
97.92588,2,0,2,1,0,0,0,-1,0,0.0000,-1,6,1,8,0,15,0,0,0,0
97.94608,2,0,2,1,0,0,0,-1,0,0.0000,-1,6,1,8,0,15,0,0,0,0
97.96762,2,0,2,1,0,0,0,-1,0,0.0000,-1,6,1,8,0,15,0,0,0,0
97.98779,2,0,2,1,0,0,0,-1,0,0.0000,-1,6,1,8,0,15,0,0,0,0
98.00852,2,0,2,1,0,0,0,-1,0,0.0000,-1,6,1,8,0,15,0,0,0,0
98.02893,2,0,2,1,0,0,0,-1,0,0.0000,-1,6,1,8,0,15,0,0,0,0
98.04997,2,0,2,1,0,0,0,-1,0,0.0000,-1,6,1,8,0,15,0,0,0,0
98.07178,2,0,2,1,0,0,0,-1,0,0.0000,-1,6,1,8,0,15,0,0,0,0
98.0938,2,0,2,1,0,0,0,-1,0,0.0000,-1,6,1,8,0,15,0,0,0,0
98.11429,2,0,2,1,0,0,0,-1,0,0.0000,-1,6,1,8,0,15,0,0,0,0
98.13358,2,0,2,1,0,0,0,-1,0,0.0000,-1,6,1,8,0,15,0,0,0,0
98.15459,2,0,2,1,0,0,0,-1,0,0.0000,-1,6,1,8,0,15,0,0,0,0
98.17485,2,0,2,1,0,0,0,-1,0,0.0000,-1,6,1,8,0,15,0,0,0,0
98.19562,2,0,2,1,0,0,0,-1,0,0.0000,-1,6,1,8,0,15,0,0,0,0
98.21564,2,0,2,1,0,0,0,-1,0,0.0000,-1,6,1,8,0,15,0,0,0,0
98.23685,2,0,2,1,0,0,0,-1,0,0.0000,-1,6,1,8,0,15,0,0,0,0
98.276,2,0,2,1,0,0,0,-1,0,0.0000,-1,6,1,8,0,15,0,0,0,0
98.2876,2,0,2,1,0,0,0,-1,0,0.0000,-1,6,1,8,0,15,0,0,0,0
98.30225,2,0,2,1,0,0,0,-1,0,0.0000,-1,6,1,8,0,15,0,0,0,0
98.32339,2,0,2,1,0,0,0,-1,0,0.0000,-1,6,1,8,0,15,0,0,0,0
98.3443,2,0,2,1,0,0,0,-1,0,0.0000,-1,6,1,8,0,15,0,0,0,0
98.36497,2,0,2,1,0,0,0,-1,0,0.0000,-1,6,1,8,0,15,0,0,0,0
98.38573,2,0,2,1,0,0,0,-1,0,0.0000,-1,6,1,8,0,15,0,0,0,0
98.40723,2,0,2,1,0,0,0,-1,0,0.0000,-1,6,1,8,0,15,0,0,0,0
98.42857,2,0,2,1,0,0,0,-1,0,0.0000,-1,6,1,8,0,15,0,0,0,0
98.44944,2,0,2,1,0,0,0,-1,0,0.0000,-1,6,1,8,0,15,0,0,0,0
98.4697,2,0,2,1,0,0,0,-1,0,0.0000,-1,6,1,8,0,15,0,0,0,0
98.4914,2,0,2,1,0,0,0,-1,0,0.0000,-1,6,1,8,0,15,0,0,0,0
98.51096,2,0,2,1,0,0,0,-1,0,0.0000,-1,6,1,8,0,15,0,0,0,0
98.53246,2,0,2,1,0,0,0,-1,0,0.0000,-1,6,1,8,0,15,0,0,0,0
98.55302,2,0,2,1,0,0,0,-1,0,0.0000,-1,6,1,8,0,15,0,0,0,0
98.57471,2,0,2,1,0,0,0,-1,0,0.0000,-1,6,1,8,0,15,0,0,0,0
98.59615,2,0,2,1,0,0,0,-1,0,0.0000,-1,6,1,8,0,15,0,0,0,0
98.61708,2,0,2,1,0,0,0,-1,0,0.0000,-1,6,1,8,0,15,0,0,0,0
98.63829,2,0,2,1,0,0,0,-1,0,0.0000,-1,6,1,8,0,15,0,0,0,0
98.65938,2,0,2,1,0,0,0,-1,0,0.0000,-1,6,1,8,0,15,0,0,0,0
98.67994,2,0,2,1,0,0,0,-1,0,0.0000,-1,6,1,8,0,15,0,0,0,0
98.70143,2,0,2,1,0,0,0,-1,0,0.0000,-1,6,1,8,0,15,0,0,0,0
98.72196,2,0,2,1,0,0,0,-1,0,0.0000,-1,6,1,8,0,15,0,0,0,0
98.74253,2,0,2,1,0,0,0,-1,0,0.0000,-1,6,1,8,0,15,0,0,0,0
98.76492,2,0,2,1,0,0,0,-1,0,0.0000,-1,6,1,8,0,15,0,0,0,0
98.78439,2,0,2,1,0,0,1,60,0,0.0000,-1,6,1,8,0,15,0,0,0,0
98.80569,2,0,2,1,0,0,1,60,0,0.0000,-1,6,1,8,0,15,0,0,0,0
98.82667,2,0,2,1,0,0,1,60,0,0.0000,-1,6,1,8,0,15,0,0,0,0
98.84845,2,0,2,1,0,0,1,60,0,0.0000,-1,6,1,8,0,15,0,0,0,0
98.86827,2,0,2,1,0,0,1,60,0,0.0000,-1,6,1,8,0,15,0,0,0,0
98.88912,2,0,2,1,0,0,1,60,0,0.0000,-1,6,1,8,0,15,0,0,0,0
98.91073,2,0,2,1,0,0,1,60,0,0.0000,-1,6,1,8,0,15,0,0,0,0
98.93142,2,0,2,1,0,0,1,60,0,0.0000,-1,6,1,8,0,15,0,0,0,0
98.95199,2,0,2,1,0,0,1,60,0,0.0000,-1,6,1,8,0,15,0,0,0,0
98.97456,2,0,2,1,0,0,1,60,0,0.0000,-1,6,1,8,0,15,0,0,0,0
98.99573,2,0,2,1,0,0,1,60,0,0.0000,-1,6,1,8,0,15,0,0,0,0
99.01686,2,0,2,1,0,0,1,60,0,0.0000,-1,6,1,8,0,15,0,0,0,0
99.03787,2,0,2,1,0,0,1,60,0,0.0000,-1,6,1,8,0,15,0,0,0,0
99.05873,2,0,2,1,0,0,1,60,0,0.0000,-1,6,1,8,0,15,0,0,0,0
99.08022,2,0,2,1,0,0,1,60,0,0.0000,-1,6,1,8,0,15,0,0,0,0
99.10214,2,0,2,1,0,0,1,60,0,0.0000,-1,6,1,8,0,15,0,0,0,0
99.12309,2,0,2,1,0,0,1,60,0,0.0000,-1,6,1,8,0,15,0,0,0,0
99.1445,2,0,2,1,0,0,1,60,0,0.0000,-1,6,1,8,0,15,0,0,0,0
99.1646,2,0,2,1,0,0,1,60,0,0.0000,-1,6,1,8,0,15,0,0,0,0
99.18561,2,0,2,1,0,0,1,60,0,0.0000,-1,6,1,8,0,15,0,0,0,0
99.20708,2,0,2,1,0,0,1,60,0,0.0000,-1,6,1,8,0,15,0,0,0,0
99.22926,2,0,2,1,0,0,1,60,0,0.0000,-1,6,1,8,0,15,0,0,0,0
99.25035,2,0,2,1,0,0,1,60,0,0.0000,-1,6,1,8,0,15,0,0,0,0
99.27172,2,0,2,1,0,0,1,60,0,0.0000,-1,6,1,8,0,15,0,0,0,0
99.29242,2,0,2,1,0,0,1,60,0,0.0000,-1,6,1,8,0,15,0,0,0,0
99.31371,2,0,2,1,0,0,1,60,0,0.0000,-1,6,1,8,0,15,0,0,0,0
99.33499,2,0,2,1,0,0,1,60,0,0.0000,-1,6,1,8,0,15,0,0,0,0
99.356,2,0,2,1,0,0,1,60,0,0.0000,-1,6,1,8,0,15,0,0,0,0
99.37573,2,0,2,1,0,0,1,60,0,0.0000,-1,6,1,8,0,15,0,0,0,0
99.3967,2,0,2,1,0,0,1,60,0,0.0000,-1,6,1,8,0,15,0,0,0,0
99.41814,2,0,2,1,0,0,1,60,0,0.0000,-1,6,1,8,0,15,0,0,0,0
99.43909,2,0,2,1,0,0,1,60,0,0.0000,-1,6,1,8,0,15,0,0,0,0
99.46034,2,0,2,1,0,0,1,60,0,0.0000,-1,6,1,8,0,15,0,0,0,0
99.48111,2,0,2,1,0,0,1,60,0,0.0000,-1,6,1,8,0,15,0,0,0,0
99.50271,2,0,2,1,0,0,1,60,0,0.0000,-1,6,1,8,0,15,0,0,0,0
99.5233,2,0,2,1,0,0,1,60,0,0.0000,-1,6,1,8,0,15,0,0,0,0
99.54306,2,0,2,1,0,0,1,60,0,0.0000,-1,6,1,8,0,15,0,0,0,0
99.56411,2,0,2,1,0,0,1,60,0,0.0000,-1,6,1,8,0,15,0,0,0,0
99.58526,2,0,2,1,0,0,1,60,0,0.0000,-1,6,1,8,0,15,0,0,0,0
99.60658,2,0,2,1,0,0,1,60,0,0.0000,-1,6,1,8,0,15,0,0,0,0
99.62755,2,0,2,1,0,0,1,60,0,0.0000,-1,6,1,8,0,15,0,0,0,0
99.64816,2,0,2,1,0,0,1,60,0,0.0000,-1,6,1,8,0,15,0,0,0,0
99.67008,2,0,2,1,0,0,1,60,0,0.0000,-1,6,1,8,0,15,0,0,0,0
99.69057,2,0,2,1,0,0,1,60,0,0.0000,-1,6,1,8,0,15,0,0,0,0
99.71138,2,0,2,1,0,0,1,60,0,0.0000,-1,6,1,8,0,15,0,0,0,0
99.75076,2,0,2,1,0,0,1,60,0,0.0000,-1,6,1,8,0,15,0,0,0,0
99.76244,2,0,2,1,0,0,1,60,0,0.0000,-1,6,1,8,0,15,0,0,0,0
99.77675,2,0,2,1,0,0,1,60,0,0.0000,-1,6,1,8,0,15,0,0,0,0
99.79822,2,0,2,1,0,0,1,60,0,0.0000,-1,6,1,8,0,15,0,0,0,0
99.81937,2,0,2,1,0,0,1,60,0,0.0000,-1,6,1,8,0,15,0,0,0,0
99.84104,2,0,2,1,0,0,1,60,0,0.0000,-1,6,1,8,0,15,0,0,0,0
99.86214,2,0,2,1,0,0,1,60,0,0.0000,-1,6,1,8,0,15,0,0,0,0
99.88348,2,0,2,1,0,0,1,60,0,0.0000,-1,6,1,8,0,15,0,0,0,0
99.90475,2,0,2,1,0,0,1,60,0,0.0000,-1,6,1,8,0,15,0,0,0,0
99.92567,2,0,2,1,0,0,1,60,0,0.0000,-1,6,1,8,0,15,0,0,0,0
99.96569,2,0,2,1,0,0,1,60,0,0.0000,-1,6,1,8,0,15,0,0,0,0
99.97711,2,0,2,1,0,0,1,60,0,0.0000,-1,6,1,8,0,15,0,0,0,0
99.9925,2,0,2,1,0,0,1,60,0,0.0000,-1,6,1,8,0,15,0,0,0,0
100.0138,2,0,2,1,0,0,1,60,0,0.0000,-1,6,1,8,0,15,0,0,0,0
100.0348,2,0,2,1,0,0,1,60,0,0.0000,-1,6,1,8,0,15,0,0,0,0
100.0563,2,0,2,1,0,0,1,60,0,0.0000,-1,6,1,8,0,15,0,0,0,0
100.0775,2,0,2,1,0,0,1,60,0,0.0000,-1,6,1,8,0,15,0,0,0,0
100.0987,2,0,2,1,0,0,1,60,0,0.0000,-1,6,1,8,0,15,0,0,0,0
100.1198,2,0,2,1,0,0,1,60,0,0.0000,-1,6,1,8,0,15,0,0,0,0
100.1412,2,0,2,1,0,0,1,60,0,0.0000,-1,6,1,8,0,15,0,0,0,0
100.1622,2,0,2,1,0,0,1,60,0,0.0000,-1,6,1,8,0,15,0,0,0,0
100.1832,2,0,2,1,0,0,1,60,0,0.0000,-1,6,1,8,0,15,0,0,0,0
100.2043,2,0,2,1,0,0,1,60,0,0.0000,-1,6,1,8,0,15,0,0,0,0
100.2254,2,0,2,1,0,0,1,60,0,0.0000,-1,6,1,8,0,15,0,0,0,0
100.2472,2,0,2,1,0,0,1,60,0,0.0000,-1,6,1,8,0,15,0,0,0,0
100.2671,2,0,2,1,0,0,1,60,0,0.0000,-1,6,1,8,0,15,0,0,0,0
100.2876,2,0,2,1,0,0,1,60,0,0.0000,-1,6,1,8,0,15,0,0,0,0
100.3084,2,0,2,1,0,0,1,60,0,0.0000,-1,6,1,8,0,15,0,0,0,0
100.3313,2,0,2,1,0,0,1,60,0,0.0000,-1,6,1,8,0,15,0,0,0,0
100.3514,2,0,2,1,0,0,1,60,0,0.0000,-1,6,1,8,0,15,0,0,0,0
100.373,2,0,2,1,0,0,1,60,0,0.0000,-1,6,1,8,0,15,0,0,0,0
100.3941,2,0,2,1,0,0,1,60,0,0.0000,-1,6,1,8,0,15,0,0,0,0
100.4154,2,0,2,1,0,0,1,60,0,0.0000,-1,6,1,8,0,15,0,0,0,0
100.4366,2,0,2,1,0,0,1,60,0,0.0000,-1,6,1,8,0,15,0,0,0,0
100.4567,2,0,2,1,0,0,1,60,0,0.0000,-1,6,1,8,0,15,0,0,0,0
100.4777,2,0,2,1,0,0,1,60,0,0.0000,-1,6,1,8,0,15,0,0,0,0
100.4986,2,0,2,1,0,0,1,60,0,0.0000,-1,6,1,8,0,15,0,0,0,0
100.5201,2,0,2,1,0,0,1,60,0,0.0000,-1,6,1,8,0,15,0,0,0,0
100.541,2,0,2,1,0,0,1,60,0,0.0000,-1,6,1,8,0,15,0,0,0,0
100.562,2,0,2,1,0,0,1,60,0,0.0000,-1,6,1,8,0,15,0,0,0,0
100.5843,2,0,2,1,0,0,1,60,0,0.0000,-1,6,1,8,0,15,0,0,0,0
100.6064,2,0,2,1,0,0,1,60,0,0.0000,-1,6,1,8,0,15,0,0,0,0
100.6274,2,0,2,1,0,0,1,60,0,0.0000,-1,6,1,8,0,15,0,0,0,0
100.6471,2,0,2,1,0,0,1,60,0,0.0000,-1,6,1,8,0,15,0,0,0,0
100.6687,2,0,2,1,0,0,1,60,0,0.0000,-1,6,1,8,0,15,0,0,0,0
100.689,2,0,2,1,0,0,1,60,0,0.0000,-1,6,1,8,0,15,0,0,0,0
100.7094,2,0,2,1,0,0,1,60,0,0.0000,-1,6,1,8,0,15,0,0,0,0
100.7309,2,0,2,1,0,0,1,60,0,0.0000,-1,6,1,8,0,15,0,0,0,0
100.7514,2,0,2,1,0,0,1,60,0,0.0000,-1,6,1,8,0,15,0,0,0,0
100.773,2,0,2,1,0,0,1,60,0,0.0000,-1,6,1,8,0,15,0,0,0,0
100.7939,2,0,2,1,0,0,1,60,0,0.0000,-1,6,1,8,0,15,0,0,0,0
100.8141,2,0,2,1,0,0,1,60,0,0.0000,-1,6,1,8,0,15,0,0,0,0
100.8354,2,0,2,1,0,0,1,60,1,1.0000,-1,6,1,8,0,15,0,0,0,0
100.856,2,0,2,1,0,0,1,60,0,1.0000,-1,6,1,8,0,15,0,0,0,0
100.8775,2,0,2,1,0,0,1,60,0,1.0000,-1,6,1,8,0,15,0,0,0,0
100.8984,2,0,2,1,0,0,1,60,0,1.0000,-1,6,1,8,0,15,0,0,0,0
100.9195,2,0,2,1,0,0,1,60,0,1.0000,-1,6,1,8,0,15,0,0,0,0
100.9401,2,0,2,1,0,0,1,60,0,1.0000,-1,6,1,8,0,15,0,0,0,0
100.9615,2,0,2,1,0,0,1,60,0,1.0000,-1,6,1,8,0,15,0,0,0,0
100.9825,2,0,2,1,0,0,1,60,0,1.0000,-1,6,1,8,0,15,0,0,0,0
101.0028,2,0,2,1,0,0,1,60,0,1.0000,-1,6,1,8,0,15,0,0,0,0
101.0245,2,0,2,1,0,0,1,60,0,1.0000,-1,6,1,8,0,15,0,0,0,0
101.0454,2,0,2,1,0,0,1,60,0,1.0000,-1,6,1,8,0,15,0,0,0,0
101.0659,2,0,2,1,0,0,1,60,1,2.0000,-1,6,1,8,0,15,0,0,0,0
101.087,2,0,2,1,0,0,1,60,0,2.0000,-1,6,1,8,0,15,0,0,0,0
101.1088,2,0,2,1,0,0,1,60,0,2.0000,-1,6,1,8,0,15,0,0,0,0
101.1299,2,0,2,1,0,0,1,60,0,2.0000,-1,6,1,8,0,15,0,0,0,0
101.1504,2,0,2,1,0,0,1,60,0,2.0000,-1,6,1,8,0,15,0,0,0,0
101.1716,2,0,2,1,0,0,1,60,0,2.0000,-1,6,1,8,0,15,0,0,0,0
101.1922,2,0,2,1,0,0,1,60,0,2.0000,-1,6,1,8,0,15,0,0,0,0
101.2317,2,0,2,1,0,0,1,60,0,2.0000,-1,6,1,8,0,15,0,0,0,0
101.2444,2,0,2,1,0,0,1,60,0,2.0000,-1,6,1,8,0,15,0,0,0,0
101.2583,2,0,2,1,0,0,1,60,0,2.0000,-1,6,1,8,0,15,0,0,0,0
101.2795,2,0,2,1,0,0,1,60,0,2.0000,-1,6,1,8,0,15,0,0,0,0
101.3,2,0,2,1,0,0,1,60,0,2.0000,-1,6,1,8,0,15,0,0,0,0
101.3206,2,0,2,1,0,0,1,60,0,2.0000,-1,6,1,8,0,15,0,0,0,0
101.3421,2,0,2,1,0,0,1,60,0,2.0000,-1,6,1,8,0,15,0,0,0,0
101.3633,2,0,2,1,0,0,1,60,0,2.0000,-1,6,1,8,0,15,0,0,0,0
101.3845,2,0,2,1,0,0,1,60,0,2.0000,-1,6,1,8,0,15,0,0,0,0
101.4055,2,0,2,1,0,0,1,60,0,2.0000,-1,6,1,8,0,15,0,0,0,0
101.4443,2,0,2,1,0,0,1,60,0,2.0000,-1,6,1,8,0,15,0,0,0,0
101.4555,2,0,2,1,0,0,1,60,0,2.0000,-1,6,1,8,0,15,0,0,0,0
101.4716,2,0,2,1,0,0,1,60,0,2.0000,-1,6,1,8,0,15,0,0,0,0
101.4926,2,0,2,1,0,0,1,60,0,2.0000,-1,6,1,8,0,15,0,0,0,0
101.5137,2,0,2,1,0,0,1,60,0,2.0000,-1,6,1,8,0,15,0,0,0,0
101.535,2,0,2,1,0,0,0,-1,0,2.0000,60,6,2,8,0,16,0,0,0,0
101.5558,2,0,2,1,0,0,0,-1,0,2.0000,-1,6,2,8,0,16,0,0,0,0
101.5766,2,0,2,1,0,0,0,-1,0,2.0000,-1,6,2,8,0,16,0,0,0,0
101.598,2,0,2,1,0,0,0,-1,0,2.0000,-1,6,2,8,0,16,0,0,0,0
101.6188,2,0,2,1,0,0,0,-1,0,2.0000,-1,6,2,8,0,16,0,0,0,0
101.6582,2,0,2,1,0,0,0,-1,0,2.0000,-1,6,2,8,0,16,0,0,0,0
101.6698,2,0,2,1,0,0,0,-1,0,2.0000,-1,6,2,8,0,16,0,0,0,0
101.6847,2,0,2,1,0,0,0,-1,0,2.0000,-1,6,2,8,0,16,0,0,0,0
101.7074,2,0,2,1,0,0,0,-1,0,2.0000,-1,6,2,8,0,16,0,0,0,0
101.7288,2,0,2,1,0,0,0,-1,0,2.0000,-1,6,2,8,0,16,0,0,0,0
101.7498,2,0,2,1,0,0,0,-1,0,2.0000,-1,6,2,8,0,16,0,0,0,0
101.7708,2,0,2,1,0,0,0,-1,0,2.0000,-1,6,2,8,0,16,0,0,0,0
101.7918,2,0,2,1,0,0,0,-1,0,2.0000,-1,6,2,8,0,16,0,0,0,0
101.8118,2,0,2,1,0,0,0,-1,0,2.0000,-1,6,2,8,0,16,0,0,0,0
101.8332,2,0,2,1,0,0,0,-1,0,2.0000,-1,6,2,8,0,16,0,0,0,0
101.8542,2,0,2,1,0,0,0,-1,0,1.0000,-1,6,2,8,0,16,0,0,0,0
101.8746,2,0,2,1,0,0,0,-1,0,1.0000,-1,6,2,8,0,16,0,0,0,0
101.896,2,0,2,1,0,0,0,-1,0,1.0000,-1,6,2,8,0,16,0,0,0,0
101.9171,2,0,2,1,0,0,0,-1,0,1.0000,-1,6,2,8,0,16,0,0,0,0
101.9387,2,0,2,1,0,0,0,-1,0,1.0000,-1,6,2,8,0,16,0,0,0,0
101.9597,2,0,2,1,0,0,0,-1,0,1.0000,-1,6,2,8,0,16,0,0,0,0
101.9803,2,0,2,1,0,0,0,-1,0,1.0000,-1,6,2,8,0,16,0,0,0,0
102.0007,2,0,2,1,0,0,0,-1,0,1.0000,-1,6,2,8,0,16,0,0,0,0
102.0208,2,0,2,1,0,0,0,-1,0,1.0000,-1,6,2,8,0,16,0,0,0,0
102.0414,2,0,2,1,0,0,0,-1,0,1.0000,-1,6,2,8,0,16,0,0,0,0
102.0631,2,0,2,1,0,0,0,-1,0,1.0000,-1,6,2,8,0,16,0,0,0,0
102.0839,2,0,2,1,0,0,0,-1,0,0.0000,-1,6,2,8,0,16,0,0,0,0
102.1051,2,0,2,1,0,0,0,-1,0,0.0000,-1,6,2,8,0,16,0,0,0,0
102.1261,2,0,2,1,0,0,0,-1,0,0.0000,-1,6,2,8,0,16,0,0,0,0
102.1467,2,0,2,1,0,0,0,-1,0,0.0000,-1,6,2,8,0,16,0,0,0,0
102.1677,2,0,2,1,0,0,0,-1,0,0.0000,-1,6,2,8,0,16,0,0,0,0
102.1872,2,0,2,1,0,0,0,-1,0,0.0000,-1,6,2,8,0,16,0,0,0,0
102.2085,2,0,2,1,0,0,0,-1,0,0.0000,-1,6,2,8,0,16,0,0,0,0
102.2291,2,0,2,1,0,0,0,-1,0,0.0000,-1,6,2,8,0,16,0,0,0,0
102.2501,2,0,2,1,0,0,0,-1,0,0.0000,-1,6,2,8,0,16,0,0,0,0
102.2711,2,0,2,1,0,0,0,-1,0,0.0000,-1,6,2,8,0,16,0,0,0,0
102.2919,2,0,2,1,0,0,0,-1,0,0.0000,-1,6,2,8,0,16,0,0,0,0
102.3133,2,0,2,1,0,0,0,-1,0,0.0000,-1,6,2,8,0,16,0,0,0,0
102.3329,2,0,2,1,0,0,0,-1,0,0.0000,-1,6,2,8,0,16,0,0,0,0
102.3526,2,0,2,1,0,0,0,-1,0,0.0000,-1,6,2,8,0,16,0,0,0,0
102.3738,2,0,2,1,0,0,0,-1,0,0.0000,-1,6,2,8,0,16,0,0,0,0
102.3945,2,0,2,1,0,0,0,-1,0,0.0000,-1,6,2,8,0,16,0,0,0,0
102.4154,2,0,2,1,0,0,0,-1,0,0.0000,-1,6,2,8,0,16,0,0,0,0
102.4358,2,0,2,0,0,0,0,-1,0,0.0000,-1,6,2,8,0,16,0,0,0,0
102.4552,2,0,2,0,0,0,0,-1,0,0.0000,-1,6,2,8,0,16,0,0,0,0
102.495,2,0,2,0,0,0,0,-1,0,0.0000,-1,6,2,8,0,16,0,0,0,0
102.509,2,0,2,0,0,0,0,-1,0,0.0000,-1,6,2,8,0,16,0,0,0,0
102.5231,2,0,2,0,0,0,0,-1,0,0.0000,-1,6,2,8,0,16,0,0,0,0
102.5405,2,0,2,0,0,0,0,-1,1,1.0000,-1,6,2,8,0,16,0,0,0,0
102.5614,2,0,2,0,0,0,0,-1,0,1.0000,-1,6,2,8,0,16,0,0,0,0
102.5832,2,0,2,0,0,0,0,-1,1,2.0000,-1,6,2,8,0,16,0,0,0,0
102.602,2,0,2,0,0,0,0,-1,0,2.0000,-1,6,2,8,0,16,0,0,0,0
102.6217,2,0,2,0,0,0,0,-1,0,2.0000,-1,6,2,8,0,16,0,0,0,0
102.642,2,0,2,0,0,0,0,-1,0,2.0000,-1,6,2,8,0,16,0,0,0,0
102.663,2,0,2,0,0,0,0,-1,0,2.0000,-1,6,2,8,0,16,0,0,0,0
102.7021,2,0,2,0,0,0,0,-1,0,2.0000,-1,6,2,8,0,16,0,0,0,0
102.7136,2,0,2,0,0,0,0,-1,0,2.0000,-1,6,2,8,0,16,0,0,0,0
102.7275,2,0,2,0,0,0,0,-1,0,2.0000,-1,6,2,8,0,16,0,0,0,0
102.7486,2,0,2,0,0,0,0,-1,0,2.0000,-1,6,2,8,0,16,0,0,0,0
102.7692,2,0,2,0,0,0,0,-1,0,2.0000,-1,6,2,8,0,16,0,0,0,0
102.7889,2,0,2,0,0,0,0,-1,0,2.0000,-1,6,2,8,0,16,0,0,0,0
102.8098,2,0,2,0,0,0,0,-1,0,2.0000,-1,6,2,8,0,16,0,0,0,0
102.8305,2,0,2,0,0,0,0,-1,0,2.0000,-1,6,2,8,0,16,0,0,0,0
102.8504,2,0,2,0,0,0,0,-1,0,2.0000,-1,6,2,8,0,16,0,0,0,0
102.8714,2,0,2,0,0,0,0,-1,0,2.0000,-1,6,2,8,0,16,0,0,0,0
102.9102,2,0,2,0,0,0,0,-1,0,2.0000,-1,6,2,8,0,16,0,0,0,0
102.924,2,0,2,0,0,0,0,-1,0,2.0000,-1,6,2,8,0,16,0,0,0,0
102.9376,2,0,2,0,0,0,0,-1,0,2.0000,-1,6,2,8,0,16,0,0,0,0
102.957,2,0,2,0,0,0,0,-1,0,2.0000,-1,6,2,8,0,16,0,0,0,0
102.9776,2,0,2,0,0,0,0,-1,0,2.0000,-1,6,2,8,0,16,0,0,0,0
102.9988,2,0,2,0,0,0,0,-1,0,2.0000,-1,6,2,8,0,16,0,0,0,0
103.0191,2,0,2,0,0,0,0,-1,0,2.0000,-1,6,2,8,0,16,0,0,0,0
103.0398,2,0,2,0,0,0,0,-1,0,2.0000,-1,6,2,8,0,16,0,0,0,0
103.0596,2,0,2,0,0,0,0,-1,0,2.0000,-1,6,2,8,0,16,0,0,0,0
103.0798,2,0,2,0,0,0,0,-1,0,2.0000,-1,6,2,8,0,16,0,0,0,0
103.1011,2,0,2,0,0,0,0,-1,0,2.0000,-1,6,2,8,0,16,0,0,0,0
103.1196,2,0,2,0,0,0,0,-1,0,2.0000,-1,6,2,8,0,16,0,0,0,0
103.1414,2,0,2,0,0,0,0,-1,0,2.0000,-1,6,2,8,0,16,0,0,0,0
103.1621,2,0,2,0,0,0,0,-1,0,2.0000,-1,6,2,8,0,16,0,0,0,0
103.1822,2,0,2,0,0,0,0,-1,0,2.0000,-1,6,2,8,0,16,0,0,0,0
103.2019,2,0,2,0,0,0,0,-1,0,2.0000,-1,6,2,8,0,16,0,0,0,0
103.2211,2,0,2,0,0,0,0,-1,0,2.0000,-1,6,2,8,0,16,0,0,0,0
103.243,2,0,2,0,0,0,0,-1,0,2.0000,-1,6,2,8,0,16,0,0,0,0
103.262,2,0,2,0,0,0,0,-1,0,2.0000,-1,6,2,8,0,16,0,0,0,0
103.2834,2,0,2,0,0,0,0,-1,0,2.0000,-1,6,2,8,0,16,0,0,0,0
103.302,2,0,2,0,0,0,0,-1,0,2.0000,-1,6,2,8,0,16,0,0,0,0
103.323,2,0,2,0,0,0,0,-1,0,2.0000,-1,6,2,8,0,16,0,0,0,0
103.3419,2,0,2,0,0,0,0,-1,0,2.0000,-1,6,2,8,0,16,0,0,0,0
103.3627,2,0,2,0,0,0,0,-1,0,2.0000,-1,6,2,8,0,16,0,0,0,0
103.3832,2,0,2,0,0,0,0,-1,0,2.0000,-1,6,2,8,0,16,0,0,0,0
103.4038,2,0,2,0,0,0,0,-1,0,2.0000,-1,6,2,8,0,16,0,0,0,0
103.4235,2,0,2,0,0,0,0,-1,0,2.0000,-1,6,2,8,0,16,0,0,0,0
103.4437,2,0,2,0,0,0,0,-1,0,2.0000,-1,6,2,8,0,16,0,0,0,0
103.4637,2,0,2,0,0,0,0,-1,0,2.0000,-1,6,2,8,0,16,0,0,0,0
103.4847,2,0,2,0,0,0,0,-1,0,2.0000,-1,6,2,8,0,16,0,0,0,0
103.5046,2,0,2,0,0,0,0,-1,0,2.0000,-1,6,2,8,0,16,0,0,0,0
103.526,2,0,2,0,0,0,0,-1,0,2.0000,-1,6,2,8,0,16,0,0,0,0
103.5451,2,0,2,0,0,0,0,-1,0,1.0000,-1,6,2,8,0,16,0,0,0,0
103.565,2,0,2,0,0,0,0,-1,0,1.0000,-1,6,2,8,0,16,0,0,0,0
103.5859,2,0,2,0,0,0,0,-1,0,0.0000,-1,6,2,8,0,16,0,0,0,0
103.6064,2,0,2,0,0,0,0,-1,0,0.0000,-1,6,2,8,0,16,0,0,0,0
103.6268,2,0,2,0,0,0,0,-1,0,0.0000,-1,6,2,8,0,16,0,0,0,0
103.6473,2,0,2,0,0,0,0,-1,0,0.0000,-1,6,2,8,0,16,0,0,0,0
103.6668,2,0,2,0,0,0,0,-1,0,0.0000,-1,6,2,8,0,16,0,0,0,0
103.6865,2,0,2,0,0,0,0,-1,0,0.0000,-1,6,2,8,0,16,0,0,0,0
103.7076,2,0,2,0,0,0,0,-1,0,0.0000,-1,6,2,8,0,16,0,0,0,0
103.7279,2,0,2,0,0,0,0,-1,0,0.0000,-1,6,2,8,0,16,0,0,0,0
103.7481,2,0,2,0,0,0,0,-1,0,0.0000,-1,6,2,8,0,16,0,0,0,0
103.769,2,0,2,0,0,0,0,-1,0,0.0000,-1,6,2,8,0,16,0,0,0,0
103.7896,2,0,2,0,0,0,0,-1,0,0.0000,-1,6,2,8,0,16,0,0,0,0
103.8087,2,0,2,0,0,0,0,-1,0,0.0000,-1,6,2,8,0,16,0,0,0,0
103.8294,2,0,2,0,0,0,0,-1,0,0.0000,-1,6,2,8,0,16,0,0,0,0
103.8494,2,0,2,0,0,0,0,-1,0,0.0000,-1,6,2,8,0,16,0,0,0,0
103.8698,2,0,2,0,0,0,0,-1,0,0.0000,-1,6,2,8,0,16,0,0,0,0
103.8891,2,0,2,0,0,0,0,-1,0,0.0000,-1,6,2,8,0,16,0,0,0,0
103.9103,2,0,2,0,0,0,0,-1,0,0.0000,-1,6,2,8,0,16,0,0,0,0
103.9304,2,0,2,0,0,0,0,-1,0,0.0000,-1,6,2,8,0,16,0,0,0,0
103.952,2,0,2,0,0,0,0,-1,0,0.0000,-1,6,2,8,0,16,0,0,0,0
103.9723,2,0,2,0,0,0,0,-1,0,0.0000,-1,6,2,8,0,16,0,0,0,0
103.9929,2,0,2,0,0,0,0,-1,0,0.0000,-1,6,2,8,0,16,0,0,0,0
104.0126,2,0,2,0,0,0,0,-1,1,1.0000,-1,6,2,8,0,16,0,0,0,0
104.0325,2,0,2,0,0,0,0,-1,0,1.0000,-1,6,2,8,0,16,0,0,0,0
104.0528,2,0,2,0,0,0,0,-1,0,1.0000,-1,6,2,8,0,16,0,0,0,0
104.0728,2,0,2,0,0,0,0,-1,0,1.0000,-1,6,2,8,0,16,0,0,0,0
104.093,2,0,2,0,0,0,0,-1,0,1.0000,-1,6,2,8,0,16,0,0,0,0
104.1131,2,0,2,0,0,0,0,-1,0,1.0000,-1,6,2,8,0,16,0,0,0,0
104.1334,2,0,2,0,0,0,0,-1,0,1.0000,-1,6,2,8,0,16,0,0,0,0
104.1538,2,0,2,0,0,0,0,-1,0,1.0000,-1,6,2,8,0,16,0,0,0,0
104.174,2,0,2,0,0,0,0,-1,0,1.0000,-1,6,2,8,0,16,0,0,0,0
104.1951,2,0,2,0,0,0,0,-1,0,1.0000,-1,6,2,8,0,16,0,0,0,0
104.2153,2,0,2,0,0,0,0,-1,0,1.0000,-1,6,2,8,0,16,0,0,0,0
104.2357,2,0,2,0,0,0,0,-1,0,1.0000,-1,6,2,8,0,16,0,0,0,0
104.2572,2,0,2,0,0,0,0,-1,0,1.0000,-1,6,2,8,0,16,0,0,0,0
104.2769,2,0,2,0,0,0,0,-1,0,1.0000,-1,6,2,8,0,16,0,0,0,0
104.2985,2,0,2,0,0,0,0,-1,0,1.0000,-1,6,2,8,0,16,0,0,0,0
104.3189,2,0,2,0,0,0,0,-1,0,1.0000,-1,6,2,8,0,16,0,0,0,0
104.3402,2,0,2,0,0,0,0,-1,0,1.0000,-1,6,2,8,0,16,0,0,0,0
104.3604,2,0,2,0,0,0,0,-1,0,1.0000,-1,6,2,8,0,16,0,0,0,0
104.3807,2,0,2,0,0,0,0,-1,0,1.0000,-1,6,2,8,0,16,0,0,0,0
104.4012,2,0,2,0,0,0,0,-1,0,1.0000,-1,6,2,8,0,16,0,0,0,0
104.4241,2,0,2,0,0,0,0,-1,0,1.0000,-1,6,2,8,0,16,0,0,0,0
104.4418,2,0,2,0,0,0,0,-1,0,1.0000,-1,6,2,8,0,16,0,0,0,0
104.4636,2,0,2,0,0,0,0,-1,0,1.0000,-1,6,2,8,0,16,0,0,0,0
104.4839,2,0,2,0,0,0,0,-1,0,1.0000,-1,6,2,8,0,16,0,0,0,0
104.5064,2,0,2,0,0,0,0,-1,0,1.0000,-1,6,2,8,0,16,0,0,0,0
104.5264,2,0,2,0,0,0,0,-1,0,1.0000,-1,6,2,8,0,16,0,0,0,0
104.5474,2,0,2,0,0,0,0,-1,0,1.0000,-1,6,2,8,0,16,0,0,0,0
104.5673,2,0,2,0,0,0,0,-1,0,1.0000,-1,6,2,8,0,16,0,0,0,0
104.5889,2,0,2,0,0,0,0,-1,0,1.0000,-1,6,2,8,0,16,0,0,0,0
104.6088,2,0,2,0,0,0,0,-1,0,1.0000,-1,6,2,8,0,16,0,0,0,0
104.6296,2,0,2,0,0,0,0,-1,0,1.0000,-1,6,2,8,0,16,0,0,0,0
104.6499,2,0,2,0,0,0,0,-1,0,1.0000,-1,6,2,8,0,16,0,0,0,0
104.6717,2,0,2,0,0,0,0,-1,0,1.0000,-1,6,2,8,0,16,0,0,0,0
104.6923,2,0,2,0,0,0,0,-1,0,1.0000,-1,6,2,8,0,16,0,0,0,0
104.7142,2,0,2,0,0,0,0,-1,0,1.0000,-1,6,2,8,0,16,0,0,0,0
104.7514,2,0,2,0,0,0,0,-1,0,1.0000,-1,6,2,8,0,16,0,0,0,0
104.7637,2,0,2,0,0,0,0,-1,0,1.0000,-1,6,2,8,0,16,0,0,0,0
104.7782,2,0,2,0,0,0,0,-1,1,2.0000,-1,6,2,8,0,16,0,0,0,0
104.7997,2,0,2,0,0,0,0,-1,0,2.0000,-1,6,2,8,0,16,0,0,0,0
104.8209,2,0,2,0,0,0,0,-1,0,2.0000,-1,6,2,8,0,16,0,0,0,0
104.8408,2,0,2,0,0,0,0,-1,0,2.0000,-1,6,2,8,0,16,0,0,0,0
104.8617,2,0,2,0,0,0,0,-1,0,2.0000,-1,6,2,8,0,16,0,0,0,0
104.8827,2,0,2,0,0,0,0,-1,0,2.0000,-1,6,2,8,0,16,0,0,0,0
104.9047,2,0,2,0,0,0,0,-1,0,2.0000,-1,6,2,8,0,16,0,0,0,0
104.9257,2,0,2,0,0,0,0,-1,0,2.0000,-1,6,2,8,0,16,0,0,0,0
104.9466,2,0,2,0,0,0,0,-1,0,2.0000,-1,6,2,8,0,16,0,0,0,0
104.9673,2,0,2,0,0,0,0,-1,0,2.0000,-1,6,2,8,0,16,0,0,0,0
104.9887,2,0,2,0,0,0,0,-1,0,2.0000,-1,6,2,8,0,16,0,0,0,0
105.0088,2,0,2,0,0,0,0,-1,0,2.0000,-1,6,2,8,0,16,0,0,0,0
105.03,2,0,2,0,0,0,0,-1,0,1.0000,-1,6,2,8,0,16,0,0,0,0
105.0501,2,0,2,0,0,0,0,-1,0,1.0000,-1,6,2,8,0,16,0,0,0,0
105.0698,2,0,2,0,0,0,0,-1,0,1.0000,-1,6,2,8,0,16,0,0,0,0
105.0882,2,0,2,0,0,0,0,-1,0,1.0000,-1,6,2,8,0,16,0,0,0,0
105.1088,2,0,2,0,0,0,0,-1,0,1.0000,-1,6,2,8,0,16,0,0,0,0
105.1308,2,0,2,0,0,0,0,-1,0,1.0000,-1,6,2,8,0,16,0,0,0,0
105.1507,2,0,2,0,0,0,0,-1,0,1.0000,-1,6,2,8,0,16,0,0,0,0
105.1702,2,0,2,0,0,0,0,-1,0,1.0000,-1,6,2,8,0,16,0,0,0,0
105.1901,2,0,2,0,0,0,0,-1,0,1.0000,-1,6,2,8,0,16,0,0,0,0
105.2104,2,0,2,0,0,0,0,-1,0,1.0000,-1,6,2,8,0,16,0,0,0,0
105.2307,2,0,2,0,0,0,0,-1,0,1.0000,-1,6,2,8,0,16,0,0,0,0
105.2511,2,0,2,0,0,0,0,-1,0,1.0000,-1,6,2,8,0,16,0,0,0,0
105.2709,2,0,2,0,0,0,0,-1,0,1.0000,-1,6,2,8,0,16,0,0,0,0
105.2906,2,0,2,0,0,0,0,-1,0,1.0000,-1,6,2,8,0,16,0,0,0,0
105.3115,2,0,2,0,0,0,0,-1,0,1.0000,-1,6,2,8,0,16,0,0,0,0
105.3309,2,0,2,0,0,0,0,-1,0,1.0000,-1,6,2,8,0,16,0,0,0,0
105.351,2,0,2,0,0,0,0,-1,0,1.0000,-1,6,2,8,0,16,0,0,0,0
105.3891,2,0,2,0,0,0,0,-1,0,1.0000,-1,6,2,8,0,16,0,0,0,0
105.4018,2,0,2,0,0,0,0,-1,0,1.0000,-1,6,2,8,0,16,0,0,0,0
105.4162,2,0,2,0,0,0,0,-1,0,1.0000,-1,6,2,8,0,16,0,0,0,0
105.436,2,0,2,0,0,0,0,-1,0,1.0000,-1,6,2,8,0,16,0,0,0,0
105.4577,2,0,2,0,0,0,0,-1,0,1.0000,-1,6,2,8,0,16,0,0,0,0
105.4769,2,0,2,0,0,0,0,-1,0,1.0000,-1,6,2,8,0,16,0,0,0,0
105.4978,2,0,2,0,0,0,0,-1,0,1.0000,-1,6,2,8,0,16,0,0,0,0
105.5181,2,0,2,0,0,0,0,-1,1,2.0000,-1,6,2,8,0,16,0,0,0,0
105.5387,2,0,2,0,0,0,0,-1,0,2.0000,-1,6,2,8,0,16,0,0,0,0
105.5574,2,0,2,0,0,0,0,-1,0,2.0000,-1,6,2,8,0,16,0,0,0,0
105.595,2,0,2,0,0,0,0,-1,0,2.0000,-1,6,2,8,0,16,0,0,0,0
105.6079,2,0,2,0,0,0,0,-1,0,2.0000,-1,6,2,8,0,16,0,0,0,0
105.6217,2,0,2,0,0,0,0,-1,0,2.0000,-1,6,2,8,0,16,0,0,0,0
105.6382,2,0,2,0,0,0,0,-1,0,2.0000,-1,6,2,8,0,16,0,0,0,0
105.658,2,0,2,0,0,0,0,-1,0,2.0000,-1,6,2,8,0,16,0,0,0,0
105.6772,2,0,2,0,0,0,0,-1,0,2.0000,-1,6,2,8,0,16,0,0,0,0
105.6978,2,0,2,0,0,0,0,-1,0,2.0000,-1,6,2,8,0,16,0,0,0,0
105.7171,2,0,2,0,0,0,0,-1,0,2.0000,-1,6,2,8,0,16,0,0,0,0
105.7371,2,0,2,0,0,0,0,-1,0,2.0000,-1,6,2,8,0,16,0,0,0,0
105.7574,2,0,2,0,0,0,0,-1,0,2.0000,-1,6,2,8,0,16,0,0,0,0
105.7757,2,0,2,0,0,0,0,-1,0,2.0000,-1,6,2,8,0,16,0,0,0,0
105.796,2,0,2,0,0,0,0,-1,0,1.0000,-1,6,2,8,0,16,0,0,0,0
105.8162,2,0,2,0,0,0,0,-1,0,1.0000,-1,6,2,8,0,16,0,0,0,0
105.8365,2,0,2,0,0,0,0,-1,0,1.0000,-1,6,2,8,0,16,0,0,0,0
105.8563,2,0,2,0,0,0,0,-1,0,1.0000,-1,6,2,8,0,16,0,0,0,0
105.8756,2,0,2,0,0,0,0,-1,0,1.0000,-1,6,2,8,0,16,0,0,0,0
105.8954,2,0,2,0,0,0,0,-1,0,1.0000,-1,6,2,8,0,16,0,0,0,0
105.9155,2,0,2,0,0,0,0,-1,0,1.0000,-1,6,2,8,0,16,0,0,0,0
105.935,2,0,2,0,0,0,0,-1,0,1.0000,-1,6,2,8,0,16,0,0,0,0
105.9562,2,0,2,0,0,0,0,-1,0,1.0000,-1,6,2,8,0,16,0,0,0,0
105.9757,2,0,2,0,0,0,0,-1,0,1.0000,-1,6,2,8,0,16,0,0,0,0
106.0136,2,0,2,0,0,0,0,-1,1,2.0000,-1,6,2,8,0,16,0,0,0,0
106.0256,2,0,2,0,0,0,0,-1,0,2.0000,-1,6,2,8,0,16,0,0,0,0
106.0386,2,0,2,0,0,0,0,-1,0,2.0000,-1,6,2,8,0,16,0,0,0,0
106.0587,2,0,2,0,0,0,0,-1,0,2.0000,-1,6,2,8,0,16,0,0,0,0
106.0786,2,0,2,0,0,0,0,-1,0,2.0000,-1,6,2,8,0,16,0,0,0,0
106.0977,2,0,2,0,0,0,0,-1,0,2.0000,-1,6,2,8,0,16,0,0,0,0
106.1176,2,0,2,0,0,0,0,-1,0,2.0000,-1,6,2,8,0,16,0,0,0,0
106.1385,2,0,2,0,0,0,0,-1,0,2.0000,-1,6,2,8,0,16,0,0,0,0
106.1572,2,0,2,0,0,0,0,-1,0,2.0000,-1,6,2,8,0,16,0,0,0,0
106.1772,2,0,2,0,0,0,0,-1,0,2.0000,-1,6,2,8,0,16,0,0,0,0
106.1979,2,0,2,0,0,0,0,-1,0,2.0000,-1,6,2,8,0,16,0,0,0,0
106.2176,2,0,2,0,0,0,0,-1,0,2.0000,-1,6,2,8,0,16,0,0,0,0
106.2378,2,0,2,0,0,0,0,-1,0,2.0000,-1,6,2,8,0,16,0,0,0,0
106.2575,2,0,2,0,0,0,0,-1,0,2.0000,-1,6,2,8,0,16,0,0,0,0
106.2772,2,0,2,0,0,0,0,-1,0,2.0000,-1,6,2,8,0,16,0,0,0,0
106.2969,2,0,2,0,0,0,0,-1,0,2.0000,-1,6,2,8,0,16,0,0,0,0
106.3172,2,0,2,0,0,0,0,-1,0,2.0000,-1,6,2,8,0,16,0,0,0,0
106.3369,2,0,2,0,0,0,0,-1,0,2.0000,-1,6,2,8,0,16,0,0,0,0
106.3565,2,0,2,0,0,0,0,-1,0,2.0000,-1,6,2,8,0,16,0,0,0,0
106.3757,2,0,2,0,0,0,0,-1,0,2.0000,-1,6,2,8,0,16,0,0,0,0
106.3963,2,0,2,0,0,0,0,-1,0,2.0000,-1,6,2,8,0,16,0,0,0,0
106.4164,2,0,2,0,0,0,0,-1,0,2.0000,-1,6,2,8,0,16,0,0,0,0
106.4356,2,0,2,0,0,0,0,-1,1,3.0000,-1,6,2,8,0,16,0,0,0,0
106.4557,2,0,2,0,0,0,0,-1,0,3.0000,-1,6,2,8,0,16,0,0,0,0
106.4754,2,0,2,0,0,0,0,-1,0,3.0000,-1,6,2,8,0,16,0,0,0,0
106.4953,2,0,2,0,0,0,0,-1,0,3.0000,-1,6,2,8,0,16,0,0,0,0
106.515,2,0,2,0,0,0,0,-1,0,3.0000,-1,6,2,8,0,16,0,0,0,0
106.5339,2,0,2,0,0,0,0,-1,0,2.0000,-1,6,2,8,0,16,0,0,0,0
106.5538,2,0,2,0,0,0,0,-1,0,2.0000,-1,6,2,8,0,16,0,0,0,0
106.5744,2,0,2,0,0,0,0,-1,0,2.0000,-1,6,2,8,0,16,0,0,0,0
106.5937,2,0,2,0,0,0,0,-1,0,2.0000,-1,6,2,8,0,16,0,0,0,0
106.6137,2,0,2,0,0,0,0,-1,0,2.0000,-1,6,2,8,0,16,0,0,0,0
106.6335,2,0,2,0,0,0,0,-1,0,2.0000,-1,6,2,8,0,16,0,0,0,0
106.6531,2,0,2,0,0,0,0,-1,0,2.0000,-1,6,2,8,0,16,0,0,0,0
106.6732,2,0,2,0,0,0,0,-1,0,2.0000,-1,6,2,8,0,16,0,0,0,0
106.6938,2,0,2,0,0,0,0,-1,0,2.0000,-1,6,2,8,0,16,0,0,0,0
106.7132,2,0,2,0,0,0,0,-1,0,2.0000,-1,6,2,8,0,16,0,0,0,0
106.7318,2,0,2,0,0,0,0,-1,0,2.0000,-1,6,2,8,0,16,0,0,0,0
106.7514,2,0,2,0,0,0,0,-1,0,2.0000,-1,6,2,8,0,16,0,0,0,0
106.7719,2,0,2,0,0,0,1,64,0,2.0000,-1,6,2,8,0,16,0,0,0,0
106.7917,2,0,2,0,0,0,1,64,0,2.0000,-1,6,2,8,0,16,0,0,0,0
106.8111,2,0,2,0,0,0,1,64,0,2.0000,-1,6,2,8,0,16,0,0,0,0
106.8299,2,0,2,0,0,0,1,64,0,2.0000,-1,6,2,8,0,16,0,0,0,0
106.8499,2,0,2,0,0,0,1,64,0,2.0000,-1,6,2,8,0,16,0,0,0,0
106.8691,2,0,2,0,0,0,1,64,0,2.0000,-1,6,2,8,0,16,0,0,0,0
106.8887,2,0,2,0,0,0,1,64,0,2.0000,-1,6,2,8,0,16,0,0,0,0
106.9082,2,0,2,0,0,0,1,64,0,2.0000,-1,6,2,8,0,16,0,0,0,0
106.9292,2,0,2,0,0,0,1,64,0,2.0000,-1,6,2,8,0,16,0,0,0,0
106.9489,2,0,2,0,0,0,1,64,0,2.0000,-1,6,2,8,0,16,0,0,0,0
106.9687,2,0,2,0,0,0,1,64,0,2.0000,-1,6,2,8,0,16,0,0,0,0
106.988,2,0,2,0,0,0,1,64,0,2.0000,-1,6,2,8,0,16,0,0,0,0
107.0088,2,0,2,0,0,0,1,64,0,2.0000,-1,6,2,8,0,16,0,0,0,0
107.0282,2,0,2,0,0,0,1,64,0,1.0000,-1,6,2,8,0,16,0,0,0,0
107.0485,2,0,2,0,0,0,1,64,0,1.0000,-1,6,2,8,0,16,0,0,0,0
107.085,2,0,2,0,0,0,1,64,0,1.0000,-1,6,2,8,0,16,0,0,0,0
107.0955,2,0,2,0,0,0,1,64,0,1.0000,-1,6,2,8,0,16,0,0,0,0
107.1101,2,0,2,0,0,0,1,64,0,1.0000,-1,6,2,8,0,16,0,0,0,0
107.1306,2,0,2,0,0,0,1,64,1,2.0000,-1,6,2,8,0,16,0,0,0,0
107.151,2,0,2,0,0,0,1,64,0,2.0000,-1,6,2,8,0,16,0,0,0,0
107.1709,2,0,2,0,0,0,0,-1,0,2.0000,-1,6,2,8,0,16,0,0,0,0
107.1908,2,0,2,0,0,0,0,-1,0,2.0000,-1,6,2,8,0,16,0,0,0,0
107.2109,2,0,2,0,0,0,0,-1,0,2.0000,-1,6,2,8,0,16,0,0,0,0
107.2305,2,0,2,0,0,0,0,-1,0,2.0000,-1,6,2,8,0,16,0,0,0,0
107.2508,2,0,2,0,0,0,0,-1,0,2.0000,-1,6,2,8,0,16,0,0,0,0
107.271,2,0,2,0,0,0,0,-1,0,2.0000,-1,6,2,8,0,16,0,0,0,0
107.2907,2,0,2,0,0,0,0,-1,0,2.0000,-1,6,2,8,0,16,0,0,0,0
107.3106,2,0,2,0,0,0,0,-1,0,2.0000,-1,6,2,8,0,16,0,0,0,0
107.331,2,0,2,0,0,0,0,-1,0,2.0000,-1,6,2,8,0,16,0,0,0,0
107.3513,2,0,2,0,0,0,0,-1,0,2.0000,-1,6,2,8,0,16,0,0,0,0
107.372,2,0,2,0,0,0,0,-1,0,2.0000,-1,6,2,8,0,16,0,0,0,0
107.3917,2,0,2,0,0,0,0,-1,0,2.0000,-1,6,2,8,0,16,0,0,0,0
107.4119,2,0,2,0,0,0,0,-1,0,2.0000,-1,6,2,8,0,16,0,0,0,0
107.4311,2,0,2,0,0,0,0,-1,0,2.0000,-1,6,2,8,0,16,0,0,0,0
107.4509,2,0,2,0,0,0,0,-1,0,1.0000,-1,6,2,8,0,16,0,0,0,0
107.4712,2,0,2,0,0,0,0,-1,0,1.0000,-1,6,2,8,0,16,0,0,0,0
107.4911,2,0,2,0,0,0,0,-1,0,1.0000,-1,6,2,8,0,16,0,0,0,0
107.5121,2,0,2,0,0,0,0,-1,0,1.0000,-1,6,2,8,0,16,0,0,0,0
107.5315,2,0,2,0,0,0,0,-1,0,1.0000,-1,6,2,8,0,16,0,0,0,0
107.5509,2,0,2,0,0,0,0,-1,0,1.0000,-1,6,2,8,0,16,0,0,0,0
107.5714,2,0,2,0,0,0,0,-1,0,1.0000,-1,6,2,8,0,16,0,0,0,0
107.5908,2,0,2,0,0,0,0,-1,0,1.0000,-1,6,2,8,0,16,0,0,0,0
107.6102,2,0,2,0,0,0,0,-1,0,1.0000,-1,6,2,8,0,16,0,0,0,0
107.6298,2,0,2,0,0,0,0,-1,0,1.0000,-1,6,2,8,0,16,0,0,0,0
107.6504,2,0,2,0,0,0,0,-1,0,1.0000,-1,6,2,8,0,16,0,0,0,0
107.6702,2,0,2,0,0,0,0,-1,0,1.0000,-1,6,2,8,0,16,0,0,0,0
107.708,2,0,2,0,0,0,0,-1,0,1.0000,-1,6,2,8,0,16,0,0,0,0
107.7192,2,0,2,0,0,0,0,-1,0,1.0000,-1,6,2,8,0,16,0,0,0,0
107.7332,2,0,2,0,0,0,0,-1,0,1.0000,-1,6,2,8,0,16,0,0,0,0
107.7531,2,0,2,0,0,0,0,-1,0,1.0000,-1,6,2,8,0,16,0,0,0,0
107.7737,2,0,2,0,0,0,0,-1,0,1.0000,-1,6,2,8,0,16,0,0,0,0
107.7935,2,0,2,0,0,0,0,-1,0,1.0000,-1,6,2,8,0,16,0,0,0,0
107.8134,2,0,2,0,0,0,0,-1,0,1.0000,-1,6,2,8,0,16,0,0,0,0
107.8331,2,0,2,0,0,0,0,-1,0,1.0000,-1,6,2,8,0,16,0,0,0,0
107.8545,2,0,2,0,0,0,0,-1,0,1.0000,-1,6,2,8,0,16,0,0,0,0
107.8741,2,0,2,0,0,0,0,-1,1,2.0000,-1,6,2,8,0,16,0,0,0,0
107.8952,2,0,2,0,0,0,0,-1,0,2.0000,-1,6,2,8,0,16,0,0,0,0
107.9154,2,0,2,0,0,0,0,-1,0,2.0000,-1,6,2,8,0,16,0,0,0,0
107.9348,2,0,2,0,0,0,0,-1,0,2.0000,-1,6,2,8,0,16,0,0,0,0
107.9551,2,0,2,0,0,0,0,-1,0,2.0000,-1,6,2,8,0,16,0,0,0,0
107.9744,2,0,2,0,0,0,1,65,0,2.0000,-1,6,2,8,0,16,0,0,0,0
107.994,2,0,2,0,0,0,1,65,0,2.0000,-1,6,2,8,0,16,0,0,0,0
108.0144,2,0,2,0,0,0,1,65,0,2.0000,-1,6,2,8,0,16,0,0,0,0
108.0344,2,0,2,0,0,0,1,65,0,2.0000,-1,6,2,8,0,16,0,0,0,0
108.0533,2,0,2,0,0,0,1,65,0,2.0000,-1,6,2,8,0,16,0,0,0,0
108.0736,2,0,2,0,0,0,1,65,0,2.0000,-1,6,2,8,0,16,0,0,0,0
108.0944,2,0,2,0,0,0,1,65,0,2.0000,-1,6,2,8,0,16,0,0,0,0
108.114,2,0,2,0,0,0,1,65,0,2.0000,-1,6,2,8,0,16,0,0,0,0
108.1349,2,0,2,0,0,0,1,65,0,1.0000,-1,6,2,8,0,16,0,0,0,0
108.1534,2,0,2,0,0,0,1,65,0,1.0000,-1,6,2,8,0,16,0,0,0,0
108.1744,2,0,2,0,0,0,1,65,0,1.0000,-1,6,2,8,0,16,0,0,0,0
108.1947,2,0,2,0,0,0,1,65,0,1.0000,-1,6,2,8,0,16,0,0,0,0
108.2151,2,0,2,0,0,0,1,65,1,2.0000,-1,6,2,8,0,16,0,0,0,0
108.2356,2,0,2,0,0,0,1,65,0,2.0000,-1,6,2,8,0,16,0,0,0,0
108.2539,2,0,2,0,0,0,1,65,0,2.0000,-1,6,2,8,0,16,0,0,0,0
108.274,2,0,2,0,0,0,1,65,0,2.0000,-1,6,2,8,0,16,0,0,0,0
108.2945,2,0,2,0,0,0,1,65,0,2.0000,-1,6,2,8,0,16,0,0,0,0
108.3315,2,0,2,0,0,0,1,65,0,2.0000,-1,6,2,8,0,16,0,0,0,0
108.343,2,0,2,0,0,0,1,65,0,2.0000,-1,6,2,8,0,16,0,0,0,0
108.358,2,0,2,0,0,0,1,65,0,2.0000,-1,6,2,8,0,16,0,0,0,0
108.3788,2,0,2,0,0,0,1,65,0,2.0000,-1,6,2,8,0,16,0,0,0,0
108.3993,2,0,2,0,0,0,1,65,0,2.0000,-1,6,2,8,0,16,0,0,0,0
108.4199,2,0,2,0,0,0,1,65,0,2.0000,-1,6,2,8,0,16,0,0,0,0
108.4411,2,0,2,0,0,0,0,-1,0,2.0000,65,6,3,8,0,17,0,0,0,0
108.4609,2,0,2,0,0,0,0,-1,0,2.0000,-1,6,3,8,0,17,0,0,0,0
108.4822,2,0,2,0,0,0,0,-1,0,2.0000,-1,6,3,8,0,17,0,0,0,0
108.5026,2,0,2,0,0,0,0,-1,0,2.0000,-1,6,3,8,0,17,0,0,0,0
108.5421,2,0,2,0,0,0,0,-1,0,2.0000,-1,6,3,8,0,17,0,0,0,0
108.5545,2,0,2,0,0,0,0,-1,0,2.0000,-1,6,3,8,0,17,0,0,0,0
108.569,2,0,2,0,0,0,0,-1,0,2.0000,-1,6,3,8,0,17,0,0,0,0
108.5907,2,0,2,0,0,0,0,-1,1,3.0000,-1,6,3,8,0,17,0,0,0,0
108.6113,2,0,2,0,0,0,0,-1,0,3.0000,-1,6,3,8,0,17,0,0,0,0
108.6318,2,0,2,0,0,0,0,-1,0,3.0000,-1,6,3,8,0,17,0,0,0,0
108.6525,2,0,2,0,0,0,0,-1,0,3.0000,-1,6,3,8,0,17,0,0,0,0
108.675,2,0,2,0,0,0,0,-1,0,3.0000,-1,6,3,8,0,17,0,0,0,0
108.6969,2,0,2,0,0,0,0,-1,0,3.0000,-1,6,3,8,0,17,0,0,0,0
108.7158,2,0,2,0,0,0,0,-1,0,3.0000,-1,6,3,8,0,17,0,0,0,0
108.7568,2,0,2,0,0,0,0,-1,0,3.0000,-1,6,3,8,0,17,0,0,0,0
108.7681,2,0,2,0,0,0,0,-1,0,3.0000,-1,6,3,8,0,17,0,0,0,0
108.7826,2,0,2,0,0,0,0,-1,0,3.0000,-1,6,3,8,0,17,0,0,0,0
108.8044,2,0,2,0,0,0,0,-1,0,3.0000,-1,6,3,8,0,17,0,0,0,0
108.8248,2,0,2,0,0,0,0,-1,0,3.0000,-1,6,3,8,0,17,0,0,0,0
108.8461,2,0,2,0,0,0,0,-1,0,3.0000,-1,6,3,8,0,17,0,0,0,0
108.8671,2,0,2,0,0,0,0,-1,0,3.0000,-1,6,3,8,0,17,0,0,0,0
108.8877,2,0,2,0,0,0,0,-1,0,2.0000,-1,6,3,8,0,17,0,0,0,0
108.9095,2,0,2,0,0,0,0,-1,0,2.0000,-1,6,3,8,0,17,0,0,0,0
108.9304,2,0,2,0,0,0,0,-1,0,2.0000,-1,6,3,8,0,17,0,0,0,0
108.9509,2,0,2,0,0,0,0,-1,0,2.0000,-1,6,3,8,0,17,0,0,0,0
108.9719,2,0,2,0,0,0,0,-1,0,2.0000,-1,6,3,8,0,17,0,0,0,0
108.9932,2,0,2,0,0,0,0,-1,0,2.0000,-1,6,3,8,0,17,0,0,0,0
109.0133,2,0,2,0,0,0,0,-1,0,2.0000,-1,6,3,8,0,17,0,0,0,0
109.0339,2,0,2,0,0,0,0,-1,0,2.0000,-1,6,3,8,0,17,0,0,0,0
109.0554,2,0,2,0,0,0,0,-1,0,2.0000,-1,6,3,8,0,17,0,0,0,0
109.0776,2,0,2,0,0,0,0,-1,0,2.0000,-1,6,3,8,0,17,0,0,0,0
109.0959,2,0,2,0,0,0,0,-1,0,2.0000,-1,6,3,8,0,17,0,0,0,0
109.1172,2,0,2,0,0,0,0,-1,0,2.0000,-1,6,3,8,0,17,0,0,0,0
109.1403,2,0,2,0,0,0,0,-1,0,2.0000,-1,6,3,8,0,17,0,0,0,0
109.1787,2,0,2,0,0,0,0,-1,0,2.0000,-1,6,3,8,0,17,0,0,0,0
109.1913,2,0,2,0,0,0,0,-1,0,2.0000,-1,6,3,8,0,17,0,0,0,0
109.2055,2,0,2,0,0,0,0,-1,0,2.0000,-1,6,3,8,0,17,0,0,0,0
109.2272,2,0,2,0,0,0,0,-1,0,1.0000,-1,6,3,8,0,17,0,0,0,0
109.248,2,0,2,0,0,0,0,-1,0,1.0000,-1,6,3,8,0,17,0,0,0,0
109.2703,2,0,2,0,0,0,0,-1,0,1.0000,-1,6,3,8,0,17,0,0,0,0
109.2914,2,0,2,0,0,0,0,-1,0,1.0000,-1,6,3,8,0,17,0,0,0,0
109.3111,2,0,2,0,0,0,0,-1,0,1.0000,-1,6,3,8,0,17,0,0,0,0
109.3316,2,0,2,0,0,0,0,-1,0,1.0000,-1,6,3,8,0,17,0,0,0,0
109.3528,2,0,2,0,0,0,0,-1,0,1.0000,-1,6,3,8,0,17,0,0,0,0
109.3739,2,0,2,1,0,0,0,-1,0,1.0000,-1,6,3,8,0,17,0,0,0,0
109.3956,2,0,2,1,0,0,0,-1,0,1.0000,-1,6,3,8,0,17,0,0,0,0
109.4164,2,0,2,1,0,0,0,-1,0,1.0000,-1,6,3,8,0,17,0,0,0,0
109.4381,2,0,2,1,0,0,0,-1,0,1.0000,-1,6,3,8,0,17,0,0,0,0
109.4584,2,0,2,1,0,0,0,-1,0,1.0000,-1,6,3,8,0,17,0,0,0,0
109.4802,2,0,2,1,0,0,0,-1,0,1.0000,-1,6,3,8,0,17,0,0,0,0
109.5005,2,0,2,1,0,0,0,-1,0,1.0000,-1,6,3,8,0,17,0,0,0,0
109.5209,2,0,2,1,0,0,0,-1,0,1.0000,-1,6,3,8,0,17,0,0,0,0
109.5416,2,0,2,1,0,0,0,-1,0,1.0000,-1,6,3,8,0,17,0,0,0,0
109.5629,2,0,2,1,0,0,0,-1,0,1.0000,-1,6,3,8,0,17,0,0,0,0
109.6031,2,0,2,1,0,0,0,-1,0,0.0000,-1,6,3,8,0,17,0,0,0,0
109.6152,2,0,2,1,0,0,0,-1,0,0.0000,-1,6,3,8,0,17,0,0,0,0
109.6295,2,0,2,1,0,0,0,-1,0,0.0000,-1,6,3,8,0,17,0,0,0,0
109.6511,2,0,2,1,0,0,0,-1,0,0.0000,-1,6,3,8,0,17,0,0,0,0
109.6731,2,0,2,1,0,0,0,-1,0,0.0000,-1,6,3,8,0,17,0,0,0,0
109.6938,2,0,2,1,0,0,0,-1,0,0.0000,-1,6,3,8,0,17,0,0,0,0
109.7153,2,0,2,1,0,0,0,-1,0,0.0000,-1,6,3,8,0,17,0,0,0,0
109.7371,2,0,2,1,0,0,0,-1,0,0.0000,-1,6,3,8,0,17,0,0,0,0
109.7577,2,0,2,1,0,0,0,-1,0,0.0000,-1,6,3,8,0,17,0,0,0,0
109.7772,2,0,2,1,0,0,0,-1,0,0.0000,-1,6,3,8,0,17,0,0,0,0
109.7982,2,0,2,1,0,0,1,69,1,1.0000,-1,6,3,8,0,17,0,0,0,0
109.8193,2,0,2,1,0,0,1,69,0,1.0000,-1,6,3,8,0,17,0,0,0,0
109.8408,2,0,2,1,0,0,1,69,0,1.0000,-1,6,3,8,0,17,0,0,0,0
109.8624,2,0,2,1,0,0,1,69,0,1.0000,-1,6,3,8,0,17,0,0,0,0
109.8836,2,0,2,1,0,0,1,69,0,1.0000,-1,6,3,8,0,17,0,0,0,0
109.9042,2,0,2,1,0,0,1,69,0,1.0000,-1,6,3,8,0,17,0,0,0,0
109.9239,2,0,2,1,0,0,1,69,0,1.0000,-1,6,3,8,0,17,0,0,0,0
109.9446,2,0,2,1,0,0,1,69,0,1.0000,-1,6,3,8,0,17,0,0,0,0
109.9653,2,0,2,1,0,0,1,69,0,1.0000,-1,6,3,8,0,17,0,0,0,0
109.9865,2,0,2,1,0,0,1,69,0,1.0000,-1,6,3,8,0,17,0,0,0,0
110.0272,2,0,2,1,0,0,1,69,0,1.0000,-1,6,3,8,0,17,0,0,0,0
110.0387,2,0,2,1,0,0,1,69,0,1.0000,-1,6,3,8,0,17,0,0,0,0
110.0513,2,0,2,1,0,0,1,69,0,1.0000,-1,6,3,8,0,17,0,0,0,0
110.0725,2,0,2,1,0,0,1,69,0,1.0000,-1,6,3,8,0,17,0,0,0,0
110.0954,2,0,2,1,1,0,1,69,0,1.0000,-1,6,3,8,0,17,0,0,0,0
110.1162,2,0,2,1,1,0,1,69,1,2.0000,-1,6,3,8,0,17,0,0,0,0
110.1374,2,0,2,1,1,0,1,69,0,2.0000,-1,6,3,8,0,17,0,0,0,0
110.1591,2,0,2,1,1,0,1,69,0,2.0000,-1,6,3,8,0,17,0,0,0,0
110.1817,2,0,2,0,1,0,1,69,0,2.0000,-1,6,3,8,0,17,0,0,0,0
110.2053,2,0,2,0,1,0,1,69,0,2.0000,-1,6,3,8,0,17,0,0,0,0
110.2508,2,0,2,0,1,0,1,69,0,2.0000,-1,6,3,8,0,17,0,0,0,0
110.2619,2,0,2,0,1,0,1,69,0,2.0000,-1,6,3,8,0,17,0,0,0,0
110.279,2,0,2,0,1,0,1,69,0,2.0000,-1,6,3,8,0,17,0,0,0,0
110.304,2,0,2,0,1,0,1,69,0,2.0000,-1,6,3,8,0,17,0,0,0,0
110.3283,2,0,2,0,1,0,1,69,0,2.0000,-1,6,3,8,0,17,0,0,0,0
110.3531,2,0,2,0,1,0,1,69,0,2.0000,-1,6,3,8,0,17,0,0,0,0
110.3768,2,0,2,0,1,0,1,69,0,2.0000,-1,6,3,8,0,17,0,0,0,0
110.4004,2,0,2,0,1,0,1,69,0,2.0000,-1,6,3,8,0,17,0,0,0,0
110.4239,2,0,2,0,1,0,1,69,0,2.0000,-1,6,3,8,0,17,0,0,0,0
110.448,2,0,2,0,1,0,1,69,0,2.0000,-1,6,3,8,0,17,0,0,0,0
110.4717,2,0,2,0,1,0,1,69,1,3.0000,-1,6,3,8,0,17,0,0,0,0
110.495,2,0,2,0,1,0,0,-1,0,3.0000,69,6,4,8,0,18,0,0,0,0
110.5182,2,0,2,0,1,0,0,-1,0,3.0000,-1,6,4,8,0,18,0,0,0,0
110.5413,2,0,2,0,1,0,0,-1,0,3.0000,-1,6,4,8,0,18,0,0,0,0
110.5653,2,0,2,0,1,0,0,-1,0,3.0000,-1,6,4,8,0,18,0,0,0,0
110.5888,2,0,2,0,1,0,0,-1,0,3.0000,-1,6,4,8,0,18,0,0,0,0
110.6126,2,0,2,0,1,0,0,-1,0,3.0000,-1,6,4,8,0,18,0,0,0,0
110.6362,2,0,2,0,1,0,0,-1,0,3.0000,-1,6,4,8,0,18,0,0,0,0
110.6804,2,0,2,0,0,0,0,-1,0,3.0000,-1,6,4,8,0,18,0,0,0,0
110.6951,2,0,2,0,0,0,0,-1,0,3.0000,-1,6,4,8,0,18,0,0,0,0
110.7092,2,0,2,0,0,0,0,-1,0,3.0000,-1,6,4,8,0,18,0,0,0,0
110.7329,2,0,2,0,0,0,0,-1,0,3.0000,-1,6,4,8,0,18,0,0,0,0
110.7568,2,0,2,0,0,0,0,-1,0,3.0000,-1,6,4,8,0,18,0,0,0,0
110.7811,2,0,2,0,0,0,0,-1,0,3.0000,-1,6,4,8,0,18,0,0,0,0
110.8065,2,0,2,0,0,0,0,-1,0,2.0000,-1,6,4,8,0,18,0,0,0,0
110.8298,2,0,2,0,0,0,0,-1,0,2.0000,-1,6,4,8,0,18,0,0,0,0
110.8542,2,0,2,0,0,0,0,-1,0,2.0000,-1,6,4,8,0,18,0,0,0,0
110.8988,2,0,2,0,0,0,0,-1,0,2.0000,-1,6,4,8,0,18,0,0,0,0
110.9109,2,0,2,0,0,0,0,-1,0,2.0000,-1,6,4,8,0,18,0,0,0,0
110.9292,2,0,2,0,0,0,0,-1,0,2.0000,-1,6,4,8,0,18,0,0,0,0
110.9534,2,0,2,0,0,0,0,-1,0,2.0000,-1,6,4,8,0,18,0,0,0,0
110.9781,2,0,2,0,0,0,1,73,0,2.0000,-1,6,4,8,0,18,0,0,0,0
111.0029,2,0,2,0,0,0,1,73,0,2.0000,-1,6,4,8,0,18,0,0,0,0
111.0271,2,0,2,0,0,0,1,73,0,2.0000,-1,6,4,8,0,18,0,0,0,0
111.0508,2,0,2,0,0,0,1,73,0,2.0000,-1,6,4,8,0,18,0,0,0,0
111.075,2,0,2,0,0,0,1,73,0,2.0000,-1,6,4,8,0,18,0,0,0,0
111.1207,2,0,2,0,0,0,1,73,0,1.0000,-1,6,4,8,0,18,0,0,0,0
111.1324,2,0,2,0,0,0,1,73,0,1.0000,-1,6,4,8,0,18,0,0,0,0
111.1508,2,0,2,0,0,0,1,73,0,1.0000,-1,6,4,8,0,18,0,0,0,0
111.1752,2,0,2,0,0,0,1,73,0,1.0000,-1,6,4,8,0,18,0,0,0,0
111.1998,2,0,2,0,0,0,1,73,0,1.0000,-1,6,4,8,0,18,0,0,0,0
111.2253,2,0,2,0,0,0,1,73,0,1.0000,-1,6,4,8,0,18,0,0,0,0
111.2505,2,0,2,0,0,0,1,73,0,1.0000,-1,6,4,8,0,18,0,0,0,0
111.2745,2,0,2,0,0,0,1,73,0,1.0000,-1,6,4,8,0,18,0,0,0,0
111.2992,2,0,2,0,0,0,1,73,0,1.0000,-1,6,4,8,0,18,0,0,0,0
111.3232,2,0,2,0,0,0,1,73,0,1.0000,-1,6,4,8,0,18,0,0,0,0
111.3479,2,0,2,0,0,0,1,73,0,1.0000,-1,6,4,8,0,18,0,0,0,0
111.3728,2,0,2,0,0,0,1,73,0,1.0000,-1,6,4,8,0,18,0,0,0,0
111.3968,2,0,2,0,0,0,1,73,1,2.0000,-1,6,4,8,0,18,0,0,0,0
111.4204,2,0,2,0,0,0,1,73,0,2.0000,-1,6,4,8,0,18,0,0,0,0
111.4445,2,0,2,0,0,0,1,73,0,2.0000,-1,6,4,8,0,18,0,0,0,0
111.4688,2,0,2,0,0,0,1,73,0,2.0000,-1,6,4,8,0,18,0,0,0,0
111.4931,2,0,2,0,0,0,1,73,0,1.0000,-1,6,4,8,0,18,0,0,0,0
111.5173,2,0,2,0,0,0,1,73,0,1.0000,-1,6,4,8,0,18,0,0,0,0
111.5412,2,0,2,0,0,0,1,73,0,1.0000,-1,6,4,8,0,18,0,0,0,0
111.565,2,0,2,0,0,0,1,73,0,1.0000,-1,6,4,8,0,18,0,0,0,0
111.5891,2,0,2,0,0,0,1,73,0,1.0000,-1,6,4,8,0,18,0,0,0,0
111.6137,2,0,2,0,0,0,1,73,0,1.0000,-1,6,4,8,0,18,0,0,0,0
111.6384,2,0,2,0,0,0,1,73,0,1.0000,-1,6,4,8,0,18,0,0,0,0
111.6625,2,0,2,0,0,0,1,73,0,1.0000,-1,6,4,8,0,18,0,0,0,0
111.6861,2,0,2,0,0,0,1,73,0,1.0000,-1,6,4,8,0,18,0,0,0,0
111.7104,2,0,2,0,0,0,1,73,1,2.0000,-1,6,4,8,0,18,0,0,0,0
111.7344,2,0,2,0,0,0,1,73,0,2.0000,-1,6,4,8,0,18,0,0,0,0
111.7784,2,0,2,0,0,0,1,73,0,2.0000,-1,6,4,8,0,18,0,0,0,0
111.7903,2,0,2,0,0,0,1,73,0,2.0000,-1,6,4,8,0,18,0,0,0,0
111.8077,2,0,2,0,0,0,1,73,0,2.0000,-1,6,4,8,0,18,0,0,0,0
111.8318,2,0,2,0,0,0,1,73,0,2.0000,-1,6,4,8,0,18,0,0,0,0
111.8562,2,0,2,0,0,0,1,73,0,2.0000,-1,6,4,8,0,18,0,0,0,0
111.8805,2,0,2,0,0,0,1,73,0,2.0000,-1,6,4,8,0,18,0,0,0,0
111.9048,2,0,2,0,0,0,1,73,0,2.0000,-1,6,4,8,0,18,0,0,0,0
111.9284,2,0,2,0,0,0,1,73,0,2.0000,-1,6,4,8,0,18,0,0,0,0
111.9519,2,0,2,0,0,0,1,73,0,2.0000,-1,6,4,8,0,18,0,0,0,0
111.9762,2,0,2,0,0,0,0,-1,0,2.0000,73,6,5,8,0,19,0,0,0,0
112.0003,2,0,2,0,0,0,0,-1,0,2.0000,-1,6,5,8,0,19,0,0,0,0
112.0246,2,0,2,0,0,0,0,-1,0,2.0000,-1,6,5,8,0,19,0,0,0,0
112.0493,2,0,2,0,0,0,0,-1,0,2.0000,-1,6,5,8,0,19,0,0,0,0
112.0728,2,0,2,0,0,0,0,-1,0,2.0000,-1,6,5,8,0,19,0,0,0,0
112.0977,2,0,2,0,0,0,0,-1,0,2.0000,-1,6,5,8,0,19,0,0,0,0
112.1217,2,0,2,0,0,0,0,-1,1,3.0000,-1,6,5,8,0,19,0,0,0,0
112.1464,2,0,2,0,0,0,0,-1,0,3.0000,-1,6,5,8,0,19,0,0,0,0
112.171,2,0,2,0,0,0,0,-1,0,3.0000,-1,6,5,8,0,19,0,0,0,0
112.2173,2,0,2,0,0,0,0,-1,0,3.0000,-1,6,5,8,0,19,0,0,0,0
112.2296,2,0,2,0,0,0,0,-1,0,3.0000,-1,6,5,8,0,19,0,0,0,0
112.2456,2,0,2,0,0,0,0,-1,0,3.0000,-1,6,5,8,0,19,0,0,0,0
112.2704,2,0,2,0,0,0,0,-1,0,3.0000,-1,6,5,8,0,19,0,0,0,0
112.2948,2,0,2,0,0,0,0,-1,0,3.0000,-1,6,5,8,0,19,0,0,0,0
112.3188,2,0,2,0,0,0,0,-1,0,3.0000,-1,6,5,8,0,19,0,0,0,0
112.3427,2,0,2,0,0,0,0,-1,0,3.0000,-1,6,5,8,0,19,0,0,0,0
112.3676,2,0,2,0,0,0,0,-1,0,3.0000,-1,6,5,8,0,19,0,0,0,0
112.392,2,0,2,0,0,0,0,-1,0,3.0000,-1,6,5,8,0,19,0,0,0,0
112.4167,2,0,2,0,0,0,0,-1,0,2.0000,-1,6,5,8,0,19,0,0,0,0
112.4407,2,0,2,0,0,0,0,-1,0,2.0000,-1,6,5,8,0,19,0,0,0,0
112.4671,2,0,2,0,0,0,0,-1,0,2.0000,-1,6,5,8,0,19,0,0,0,0
112.4911,2,0,2,0,0,0,0,-1,0,2.0000,-1,6,5,8,0,19,0,0,0,0
112.5159,2,0,2,0,0,0,0,-1,0,2.0000,-1,6,5,8,0,19,0,0,0,0
112.5408,2,0,2,0,0,0,0,-1,0,2.0000,-1,6,5,8,0,19,0,0,0,0
112.5649,2,0,2,0,0,0,0,-1,0,2.0000,-1,6,5,8,0,19,0,0,0,0
112.5895,2,0,2,0,0,0,0,-1,0,2.0000,-1,6,5,8,0,19,0,0,0,0
112.615,2,0,2,0,0,0,0,-1,0,2.0000,-1,6,5,8,0,19,0,0,0,0
112.6396,2,0,2,0,0,0,0,-1,0,2.0000,-1,6,5,8,0,19,0,0,0,0
112.6643,2,0,2,0,0,0,0,-1,0,2.0000,-1,6,5,8,0,19,0,0,0,0
112.6897,2,0,2,0,0,0,0,-1,0,2.0000,-1,6,5,8,0,19,0,0,0,0
112.7154,2,0,2,0,0,0,0,-1,0,1.0000,-1,6,5,8,0,19,0,0,0,0
112.7394,2,0,2,0,0,0,0,-1,0,1.0000,-1,6,5,8,0,19,0,0,0,0
112.7646,2,0,2,0,0,0,0,-1,0,1.0000,-1,6,5,8,0,19,0,0,0,0
112.7894,2,0,2,0,0,0,0,-1,0,1.0000,-1,6,5,8,0,19,0,0,0,0
112.8146,2,0,2,0,0,0,0,-1,0,1.0000,-1,6,5,8,0,19,0,0,0,0
112.8398,2,0,2,0,0,0,0,-1,1,2.0000,-1,6,5,8,0,19,0,0,0,0
112.8851,2,0,2,0,0,0,0,-1,0,2.0000,-1,6,5,8,0,19,0,0,0,0
112.8966,2,0,2,0,0,0,0,-1,0,2.0000,-1,6,5,8,0,19,0,0,0,0
112.9158,2,0,2,0,0,0,0,-1,0,2.0000,-1,6,5,8,0,19,0,0,0,0
112.9402,2,0,2,0,0,0,0,-1,0,2.0000,-1,6,5,8,0,19,0,0,0,0
112.9644,2,0,2,1,0,0,1,72,0,2.0000,-1,6,5,8,0,19,0,0,0,0
112.989,2,0,2,1,0,0,1,72,0,2.0000,-1,6,5,8,0,19,0,0,0,0
113.0135,2,0,2,1,0,0,1,72,0,2.0000,-1,6,5,8,0,19,0,0,0,0
113.0387,2,0,2,1,0,0,1,72,0,2.0000,-1,6,5,8,0,19,0,0,0,0
113.0636,2,0,2,1,0,0,1,72,0,2.0000,-1,6,5,8,0,19,0,0,0,0
113.11,2,0,2,1,0,0,0,-1,0,2.0000,72,6,6,8,0,20,0,0,0,0
113.1233,2,0,2,1,0,0,0,-1,0,1.0000,-1,6,6,8,0,20,0,0,0,0
113.1404,2,0,2,1,0,0,0,-1,0,1.0000,-1,6,6,8,0,20,0,0,0,0
113.1659,2,0,2,1,0,0,0,-1,0,1.0000,-1,6,6,8,0,20,0,0,0,0
113.1924,2,0,2,1,0,0,0,-1,1,2.0000,-1,6,6,8,0,20,0,0,0,0
113.2177,2,0,2,1,0,0,0,-1,0,2.0000,-1,6,6,8,0,20,0,0,0,0
113.2423,2,0,2,1,0,0,0,-1,0,2.0000,-1,6,6,8,0,20,0,0,0,0
113.268,2,0,2,1,0,0,0,-1,0,2.0000,-1,6,6,8,0,20,0,0,0,0
113.3146,2,0,2,1,0,0,0,-1,0,2.0000,-1,6,6,8,0,20,0,0,0,0
113.3268,2,0,2,1,0,0,1,76,0,2.0000,-1,6,6,8,0,20,0,0,0,0
113.345,2,0,2,1,0,0,1,76,0,2.0000,-1,6,6,8,0,20,0,0,0,0
113.3697,2,0,2,1,0,0,1,76,0,2.0000,-1,6,6,8,0,20,0,0,0,0
113.3944,2,0,2,1,0,0,1,76,0,2.0000,-1,6,6,8,0,20,0,0,0,0
113.4182,2,0,2,1,0,0,1,76,0,2.0000,-1,6,6,8,0,20,0,0,0,0
113.4415,2,0,2,1,0,0,1,76,0,2.0000,-1,6,6,8,0,20,0,0,0,0
113.4648,2,0,2,1,0,0,1,76,0,2.0000,-1,6,6,8,0,20,0,0,0,0
113.4863,2,0,2,1,0,0,1,76,0,2.0000,-1,6,6,8,0,20,0,0,0,0
113.5085,2,0,2,1,0,0,1,76,0,2.0000,-1,6,6,8,0,20,0,0,0,0
113.5302,2,0,2,1,0,0,1,76,0,2.0000,-1,6,6,8,0,20,0,0,0,0
113.5509,2,0,2,1,0,0,1,76,0,2.0000,-1,6,6,8,0,20,0,0,0,0
113.5723,2,0,2,1,0,0,1,76,0,2.0000,-1,6,6,8,0,20,0,0,0,0
113.5954,2,0,2,1,0,0,1,76,0,2.0000,-1,6,6,8,0,20,0,0,0,0
113.6163,2,0,2,1,0,0,1,76,0,2.0000,-1,6,6,8,0,20,0,0,0,0
113.6373,2,0,2,1,0,0,1,76,0,2.0000,-1,6,6,8,0,20,0,0,0,0
113.6588,3,1,3,0,0,0,0,-1,0,2.0000,76,6,6,9,0,21,0,0,0,0
113.6786,3,0,3,0,0,0,0,-1,0,2.0000,-1,6,6,9,0,21,0,0,0,0
113.6998,3,0,3,0,0,0,0,-1,0,2.0000,-1,6,6,9,0,21,0,0,0,0
113.7399,3,0,3,0,0,0,1,77,0,2.0000,-1,6,6,9,0,21,0,0,0,0
113.7526,3,0,3,0,0,0,1,77,0,2.0000,-1,6,6,9,0,21,0,0,0,0
113.7654,3,0,3,0,0,0,1,77,0,2.0000,-1,6,6,9,0,21,0,0,0,0
113.7863,3,0,3,0,0,0,1,77,0,2.0000,-1,6,6,9,0,21,0,0,0,0
113.8084,3,0,3,0,0,0,1,77,0,2.0000,-1,6,6,9,0,21,0,0,0,0
113.8288,3,0,3,0,0,0,1,77,0,2.0000,-1,6,6,9,0,21,0,0,0,0
113.8505,3,0,3,0,0,0,1,77,0,1.0000,-1,6,6,9,0,21,0,0,0,0
113.873,3,0,3,0,0,0,1,77,0,1.0000,-1,6,6,9,0,21,0,0,0,0
113.8947,3,0,3,0,0,0,1,77,0,1.0000,-1,6,6,9,0,21,0,0,0,0
113.9162,3,0,3,0,0,0,1,77,0,1.0000,-1,6,6,9,0,21,0,0,0,0
113.9555,3,0,3,0,0,0,1,77,0,1.0000,-1,6,6,9,0,21,0,0,0,0
113.9666,3,0,3,0,0,0,1,77,0,1.0000,-1,6,6,9,0,21,0,0,0,0
113.9831,3,0,3,0,0,0,1,77,0,1.0000,-1,6,6,9,0,21,0,0,0,0
114.0047,3,0,3,0,0,0,1,77,0,1.0000,-1,6,6,9,0,21,0,0,0,0
114.0264,3,0,3,0,0,0,1,77,0,1.0000,-1,6,6,9,0,21,0,0,0,0
114.0483,3,0,3,0,0,0,1,77,0,1.0000,-1,6,6,9,0,21,0,0,0,0
114.0699,3,0,3,0,0,0,1,77,0,1.0000,-1,6,6,9,0,21,0,0,0,0
114.0908,3,0,3,0,0,0,1,77,0,1.0000,-1,6,6,9,0,21,0,0,0,0
114.1125,3,0,3,0,0,0,1,77,0,1.0000,-1,6,6,9,0,21,0,0,0,0
114.1342,3,0,3,0,0,0,1,77,0,1.0000,-1,6,6,9,0,21,0,0,0,0
114.1551,3,0,3,0,0,0,1,77,0,1.0000,-1,6,6,9,0,21,0,0,0,0
114.1762,3,0,3,0,0,0,1,77,0,1.0000,-1,6,6,9,0,21,0,0,0,0
114.1974,3,0,3,0,0,0,1,77,0,0.0000,-1,6,6,9,0,21,0,0,0,0
114.2192,3,0,3,0,0,0,1,77,0,0.0000,-1,6,6,9,0,21,0,0,0,0
114.2408,3,0,3,0,0,0,1,77,0,0.0000,-1,6,6,9,0,21,0,0,0,0
114.2623,3,0,3,0,0,0,1,77,0,0.0000,-1,6,6,9,0,21,0,0,0,0
114.2846,3,0,3,0,0,0,1,77,0,0.0000,-1,6,6,9,0,21,0,0,0,0
114.3061,3,0,3,0,0,0,0,-1,0,0.0000,-1,6,6,9,0,21,0,0,0,0
114.3282,3,0,3,0,0,0,0,-1,0,0.0000,-1,6,6,9,0,21,0,0,0,0
114.3498,3,0,3,0,0,0,0,-1,0,0.0000,-1,6,6,9,0,21,0,0,0,0
114.3901,3,0,3,0,0,0,0,-1,0,0.0000,-1,6,6,9,0,21,0,0,0,0
114.4015,3,0,3,0,0,0,0,-1,1,1.0000,-1,6,6,9,0,21,0,0,0,0
114.4173,3,0,3,0,0,0,0,-1,0,1.0000,-1,6,6,9,0,21,0,0,0,0
114.4387,3,0,3,0,0,0,0,-1,0,1.0000,-1,6,6,9,0,21,0,0,0,0
114.46,3,0,3,0,0,0,0,-1,0,1.0000,-1,6,6,9,0,21,0,0,0,0
114.4818,3,0,3,0,0,0,0,-1,0,1.0000,-1,6,6,9,0,21,0,0,0,0
114.503,3,0,3,0,0,0,0,-1,0,1.0000,-1,6,6,9,0,21,0,0,0,0
114.5228,3,0,3,0,0,0,0,-1,0,1.0000,-1,6,6,9,0,21,0,0,0,0
114.5435,3,0,3,0,0,0,0,-1,0,1.0000,-1,6,6,9,0,21,0,0,0,0
114.5643,3,0,3,0,0,0,1,78,0,1.0000,-1,6,6,9,0,21,0,0,0,0
114.5855,3,0,3,0,0,0,1,78,0,1.0000,-1,6,6,9,0,21,0,0,0,0
114.6061,3,0,3,0,0,0,1,78,0,1.0000,-1,6,6,9,0,21,0,0,0,0
114.6269,3,0,3,0,0,0,1,78,0,1.0000,-1,6,6,9,0,21,0,0,0,0
114.6487,3,0,3,0,0,0,1,78,0,1.0000,-1,6,6,9,0,21,0,0,0,0
114.6694,3,0,3,0,0,0,1,78,0,1.0000,-1,6,6,9,0,21,0,0,0,0
114.6894,3,0,3,0,0,0,1,78,0,1.0000,-1,6,6,9,0,21,0,0,0,0
114.7105,3,0,3,0,0,0,1,78,0,1.0000,-1,6,6,9,0,21,0,0,0,0
114.7314,3,0,3,0,0,0,1,78,0,1.0000,-1,6,6,9,0,21,0,0,0,0
114.752,3,0,3,0,0,0,1,78,0,1.0000,-1,6,6,9,0,21,0,0,0,0
114.7737,3,0,3,0,0,0,1,78,0,1.0000,-1,6,6,9,0,21,0,0,0,0
114.8134,3,0,3,0,0,0,1,78,0,1.0000,-1,6,6,9,0,21,0,0,0,0
114.8244,3,0,3,0,0,0,1,78,0,1.0000,-1,6,6,9,0,21,0,0,0,0
114.8396,3,0,3,0,0,0,1,78,0,1.0000,-1,6,6,9,0,21,0,0,0,0
114.8606,3,0,3,0,0,0,1,78,0,1.0000,-1,6,6,9,0,21,0,0,0,0
114.8835,3,0,3,0,0,0,1,78,0,1.0000,-1,6,6,9,0,21,0,0,0,0
114.9047,3,0,3,0,0,0,1,78,0,1.0000,-1,6,6,9,0,21,0,0,0,0
114.9241,3,0,3,0,0,0,1,78,0,1.0000,-1,6,6,9,0,21,0,0,0,0
114.9448,3,0,3,0,0,0,1,79,1,2.0000,-1,6,6,9,0,21,0,0,0,0
114.9653,3,0,3,1,0,0,1,79,0,2.0000,-1,6,6,9,0,21,0,0,0,0
114.9859,3,0,3,1,0,0,1,79,0,2.0000,-1,6,6,9,0,21,0,0,0,0
115.0262,3,0,3,1,0,0,1,79,0,2.0000,-1,6,6,9,0,21,0,0,0,0
115.0378,3,0,3,1,0,0,1,79,0,2.0000,-1,6,6,9,0,21,0,0,0,0
115.0516,3,0,3,1,0,0,1,79,0,2.0000,78,6,6,10,0,22,0,0,0,0
115.0728,3,0,3,1,0,0,1,79,0,2.0000,-1,6,6,10,0,22,0,0,0,0
115.0955,3,0,3,1,0,0,1,79,0,2.0000,-1,6,6,10,0,22,0,0,0,0
115.1165,3,0,3,1,0,0,1,79,0,2.0000,-1,6,6,10,0,22,0,0,0,0
115.1377,3,0,3,1,0,0,1,79,0,2.0000,-1,6,6,10,0,22,0,0,0,0
115.1592,3,0,3,1,0,0,1,79,0,2.0000,-1,6,6,10,0,22,0,0,0,0
115.1808,3,0,3,1,0,0,1,79,0,2.0000,-1,6,6,10,0,22,0,0,0,0
115.201,3,0,3,1,0,0,1,79,0,2.0000,-1,6,6,10,0,22,0,0,0,0
115.241,3,0,3,1,0,0,1,79,0,2.0000,-1,6,6,10,0,22,0,0,0,0
115.2524,3,0,3,1,0,0,1,79,0,2.0000,-1,6,6,10,0,22,0,0,0,0
115.2668,3,0,3,1,0,0,1,79,0,2.0000,-1,6,6,10,0,22,0,0,0,0
115.2894,3,0,3,1,0,0,1,79,0,2.0000,-1,6,6,10,0,22,0,0,0,0
115.3102,3,0,3,1,0,0,1,79,0,2.0000,-1,6,6,10,0,22,0,0,0,0
115.3318,3,0,3,1,0,0,1,79,0,2.0000,-1,6,6,10,0,22,0,0,0,0
115.3533,3,0,3,1,0,0,1,79,0,2.0000,-1,6,6,10,0,22,0,0,0,0
115.3756,3,0,3,1,0,0,1,79,0,2.0000,-1,6,6,10,0,22,0,0,0,0
115.3962,3,0,3,1,0,0,1,83,0,2.0000,79,6,6,11,0,23,0,0,0,0
115.4188,3,0,3,1,0,0,1,83,0,1.0000,-1,6,6,11,0,23,0,0,0,0
115.4587,3,0,3,1,0,0,1,83,0,1.0000,-1,6,6,11,0,23,0,0,0,0
115.4698,3,0,3,1,0,0,1,83,0,1.0000,-1,6,6,11,0,23,0,0,0,0
115.4854,3,0,3,1,0,0,1,83,0,1.0000,-1,6,6,11,0,23,0,0,0,0
115.5059,3,0,3,1,0,0,1,83,0,1.0000,-1,6,6,11,0,23,0,0,0,0
115.5278,3,0,3,1,0,0,1,83,0,1.0000,-1,6,6,11,0,23,0,0,0,0
115.5499,3,0,3,1,0,0,1,83,0,1.0000,-1,6,6,11,0,23,0,0,0,0
115.5715,3,0,3,1,0,0,1,83,0,1.0000,-1,6,6,11,0,23,0,0,0,0
115.5929,3,0,3,1,0,0,1,83,0,1.0000,-1,6,6,11,0,23,0,0,0,0
115.6137,3,0,3,1,0,0,1,83,1,2.0000,-1,6,6,11,0,23,0,0,0,0
115.6352,3,0,3,1,0,0,1,83,0,2.0000,-1,6,6,11,0,23,0,0,0,0
115.6551,3,0,3,1,0,0,1,83,0,2.0000,-1,6,6,11,0,23,0,0,0,0
115.6766,3,0,3,1,0,0,1,83,0,2.0000,-1,6,6,11,0,23,0,0,0,0
115.6994,3,0,3,1,0,0,1,83,0,2.0000,-1,6,6,11,0,23,0,0,0,0
115.7201,3,0,3,1,0,0,1,83,0,2.0000,-1,6,6,11,0,23,0,0,0,0
115.7415,3,0,3,1,0,0,1,83,0,2.0000,-1,6,6,11,0,23,0,0,0,0
115.7624,3,0,3,1,0,0,1,83,0,2.0000,-1,6,6,11,0,23,0,0,0,0
115.7836,3,0,3,1,0,0,1,83,0,2.0000,-1,6,6,11,0,23,0,0,0,0
115.8052,3,0,3,1,0,0,1,83,0,2.0000,-1,6,6,11,0,23,0,0,0,0
115.8267,3,0,3,1,0,0,1,83,0,2.0000,-1,6,6,11,0,23,0,0,0,0
115.8475,3,0,3,1,0,0,1,83,0,2.0000,-1,6,6,11,0,23,0,0,0,0
115.8857,3,0,3,1,0,0,1,83,0,2.0000,-1,6,6,11,0,23,0,0,0,0
115.8989,3,0,3,1,0,0,1,83,0,2.0000,-1,6,6,11,0,23,0,0,0,0
115.9117,3,0,3,1,0,0,1,83,0,2.0000,-1,6,6,11,0,23,0,0,0,0
115.9328,3,0,3,1,0,0,1,83,0,2.0000,-1,6,6,11,0,23,0,0,0,0
115.9536,3,0,3,1,0,0,1,83,0,1.0000,-1,6,6,11,0,23,0,0,0,0
115.9749,3,0,3,1,0,0,1,83,0,1.0000,-1,6,6,11,0,23,0,0,0,0
115.9963,3,0,3,1,0,0,1,83,0,1.0000,-1,6,6,11,0,23,0,0,0,0
116.017,3,0,3,1,0,0,1,83,0,1.0000,-1,6,6,11,0,23,0,0,0,0
116.038,3,0,3,1,0,0,1,83,0,1.0000,-1,6,6,11,0,23,0,0,0,0
116.06,3,0,3,1,0,0,1,83,0,1.0000,-1,6,6,11,0,23,0,0,0,0
116.0809,3,0,3,1,0,0,1,83,0,1.0000,-1,6,6,11,0,23,0,0,0,0
116.1006,3,0,3,1,0,0,1,83,0,1.0000,-1,6,6,11,0,23,0,0,0,0
116.1213,3,0,3,1,0,0,1,83,0,1.0000,-1,6,6,11,0,23,0,0,0,0
116.1418,3,0,3,1,0,0,1,83,0,1.0000,-1,6,6,11,0,23,0,0,0,0
116.1622,3,0,3,1,0,0,1,83,0,1.0000,-1,6,6,11,0,23,0,0,0,0
116.1836,3,0,3,1,0,0,1,83,0,1.0000,-1,6,6,11,0,23,0,0,0,0
116.2049,3,0,3,1,0,0,1,83,0,1.0000,-1,6,6,11,0,23,0,0,0,0
116.2255,3,0,3,1,0,0,0,-1,0,1.0000,83,6,6,12,0,24,0,0,0,0
116.2469,3,0,3,1,0,0,0,-1,0,1.0000,-1,6,6,12,0,24,0,0,0,0
116.2695,3,0,3,1,0,0,0,-1,0,1.0000,-1,6,6,12,0,24,0,0,0,0
116.3063,3,0,3,1,0,0,0,-1,0,1.0000,-1,6,6,12,0,24,0,0,0,0
116.319,3,0,3,1,0,0,0,-1,0,1.0000,-1,6,6,12,0,24,0,0,0,0
116.3325,3,0,3,1,0,0,0,-1,0,1.0000,-1,6,6,12,0,24,0,0,0,0
116.3536,3,0,3,1,0,0,0,-1,0,1.0000,-1,6,6,12,0,24,0,0,0,0
116.3738,3,0,3,1,0,0,0,-1,0,1.0000,-1,6,6,12,0,24,0,0,0,0
116.3952,3,0,3,1,0,0,0,-1,0,1.0000,-1,6,6,12,0,24,0,0,0,0
116.4158,3,0,3,1,0,0,0,-1,0,1.0000,-1,6,6,12,0,24,0,0,0,0
116.4375,3,0,3,1,0,0,0,-1,0,1.0000,-1,6,6,12,0,24,0,0,0,0
116.4582,3,0,3,1,0,0,0,-1,0,1.0000,-1,6,6,12,0,24,0,0,0,0
116.4803,3,0,3,1,0,0,0,-1,1,2.0000,-1,6,6,12,0,24,0,0,0,0
116.5171,3,0,3,1,0,0,0,-1,0,2.0000,-1,6,6,12,0,24,0,0,0,0
116.5287,3,0,3,1,0,0,0,-1,0,2.0000,-1,6,6,12,0,24,0,0,0,0
116.5436,3,0,3,1,0,0,0,-1,0,2.0000,-1,6,6,12,0,24,0,0,0,0
116.5645,3,0,3,1,0,0,0,-1,0,2.0000,-1,6,6,12,0,24,0,0,0,0
116.5845,3,0,3,1,0,0,0,-1,0,2.0000,-1,6,6,12,0,24,0,0,0,0
116.6059,3,0,3,1,0,0,0,-1,0,2.0000,-1,6,6,12,0,24,0,0,0,0
116.6276,3,0,3,1,0,0,0,-1,0,1.0000,-1,6,6,12,0,24,0,0,0,0
116.6483,3,0,3,1,0,0,0,-1,0,1.0000,-1,6,6,12,0,24,0,0,0,0
116.6692,3,0,3,1,0,0,0,-1,0,1.0000,-1,6,6,12,0,24,0,0,0,0
116.6899,3,0,3,1,0,0,1,81,0,1.0000,-1,6,6,12,0,24,0,0,0,0
116.7126,3,0,3,1,0,0,1,81,0,1.0000,-1,6,6,12,0,24,0,0,0,0
116.732,3,0,3,1,0,0,1,81,0,1.0000,-1,6,6,12,0,24,0,0,0,0
116.7511,3,0,3,1,0,0,1,81,0,1.0000,-1,6,6,12,0,24,0,0,0,0
116.7727,3,0,3,1,0,0,1,81,0,1.0000,-1,6,6,12,0,24,0,0,0,0
116.7949,3,0,3,1,0,0,1,81,0,1.0000,-1,6,6,12,0,24,0,0,0,0
116.8148,3,0,3,1,0,0,1,81,0,1.0000,-1,6,6,12,0,24,0,0,0,0
116.8362,3,0,3,1,0,0,1,81,0,1.0000,-1,6,6,12,0,24,0,0,0,0
116.8561,3,0,3,1,0,0,1,81,0,1.0000,-1,6,6,12,0,24,0,0,0,0
116.8768,3,0,3,1,0,0,1,81,0,1.0000,-1,6,6,12,0,24,0,0,0,0
116.8983,3,0,3,1,0,0,1,81,0,1.0000,-1,6,6,12,0,24,0,0,0,0
116.9176,3,0,3,1,0,0,1,81,0,1.0000,-1,6,6,12,0,24,0,0,0,0
116.94,3,0,3,1,0,0,1,81,0,1.0000,-1,6,6,12,0,24,0,0,0,0
116.9606,3,0,3,1,0,0,1,81,0,1.0000,-1,6,6,12,0,24,0,0,0,0
116.9813,3,0,3,1,0,0,1,81,0,1.0000,-1,6,6,12,0,24,0,0,0,0
117.0018,3,0,3,1,0,0,1,81,0,1.0000,-1,6,6,12,0,24,0,0,0,0
117.0209,3,0,3,1,0,0,1,81,0,1.0000,-1,6,6,12,0,24,0,0,0,0
117.0411,3,0,3,1,0,0,1,81,0,1.0000,-1,6,6,12,0,24,0,0,0,0
117.0628,3,0,3,1,0,0,1,81,0,1.0000,-1,6,6,12,0,24,0,0,0,0
117.0829,3,0,3,1,0,0,1,81,0,1.0000,-1,6,6,12,0,24,0,0,0,0
117.1034,3,0,3,1,0,0,1,81,0,1.0000,-1,6,6,12,0,24,0,0,0,0
117.1225,3,0,3,1,0,0,1,81,0,1.0000,-1,6,6,12,0,24,0,0,0,0
117.1434,3,0,3,1,0,0,1,81,0,1.0000,-1,6,6,12,0,24,0,0,0,0
117.1623,3,0,3,1,0,0,1,81,0,1.0000,-1,6,6,12,0,24,0,0,0,0
117.1839,3,0,3,1,0,0,1,81,0,1.0000,-1,6,6,12,0,24,0,0,0,0
117.206,3,0,3,1,0,0,1,81,0,1.0000,-1,6,6,12,0,24,0,0,0,0
117.2257,3,0,3,1,0,0,1,81,1,2.0000,-1,6,6,12,0,24,0,0,0,0
117.2452,3,0,3,1,0,0,1,81,0,2.0000,-1,6,6,12,0,24,0,0,0,0
117.2661,3,0,3,1,0,0,1,81,0,2.0000,-1,6,6,12,0,24,0,0,0,0
117.285,3,0,3,1,0,0,1,81,0,2.0000,-1,6,6,12,0,24,0,0,0,0
117.3061,3,0,3,1,0,0,1,81,0,2.0000,-1,6,6,12,0,24,0,0,0,0
117.3451,3,0,3,1,0,0,1,81,0,2.0000,-1,6,6,12,0,24,0,0,0,0
117.357,3,0,3,1,0,0,1,81,0,2.0000,-1,6,6,12,0,24,0,0,0,0
117.372,3,0,3,1,0,0,1,81,0,2.0000,-1,6,6,12,0,24,0,0,0,0
117.3933,3,0,3,1,0,0,1,81,0,2.0000,-1,6,6,12,0,24,0,0,0,0
117.4142,3,0,3,1,0,0,1,81,0,2.0000,-1,6,6,12,0,24,0,0,0,0
117.4351,3,0,3,1,0,0,1,81,0,2.0000,-1,6,6,12,0,24,0,0,0,0
117.4555,3,0,3,1,0,0,1,81,0,2.0000,-1,6,6,12,0,24,0,0,0,0
117.4763,3,0,3,1,0,0,1,81,0,2.0000,-1,6,6,12,0,24,0,0,0,0
117.4958,3,0,3,1,0,0,1,81,0,1.0000,-1,6,6,12,0,24,0,0,0,0
117.5173,3,0,3,1,0,0,1,81,0,1.0000,-1,6,6,12,0,24,0,0,0,0
117.5388,3,0,3,1,0,0,1,81,0,1.0000,-1,6,6,12,0,24,0,0,0,0
117.5594,3,0,3,1,0,0,1,81,0,1.0000,-1,6,6,12,0,24,0,0,0,0
117.5792,3,0,3,1,0,0,1,81,0,1.0000,-1,6,6,12,0,24,0,0,0,0
117.5996,3,0,3,1,0,0,1,81,0,1.0000,-1,6,6,12,0,24,0,0,0,0
117.6192,3,0,3,1,0,0,1,81,0,1.0000,-1,6,6,12,0,24,0,0,0,0
117.6395,3,0,3,1,0,0,1,81,0,1.0000,-1,6,6,12,0,24,0,0,0,0
117.661,3,0,3,1,0,0,1,81,0,1.0000,-1,6,6,12,0,24,0,0,0,0
117.6824,3,0,3,1,0,0,1,81,0,1.0000,-1,6,6,12,0,24,0,0,0,0
117.7024,3,0,3,1,0,0,1,81,0,1.0000,-1,6,6,12,0,24,0,0,0,0
117.7229,3,0,3,1,0,0,1,81,0,1.0000,-1,6,6,12,0,24,0,0,0,0
117.7433,3,0,3,1,0,0,1,81,0,1.0000,-1,6,6,12,0,24,0,0,0,0
117.7643,3,0,3,1,0,0,1,81,0,1.0000,-1,6,6,12,0,24,0,0,0,0
117.7845,3,0,3,1,0,0,1,81,0,1.0000,-1,6,6,12,0,24,0,0,0,0
117.8061,3,0,3,1,0,0,1,81,0,1.0000,-1,6,6,12,0,24,0,0,0,0
117.8274,3,0,3,1,0,0,1,81,0,1.0000,-1,6,6,12,0,24,0,0,0,0
117.8478,3,0,3,1,0,0,1,81,1,2.0000,-1,6,6,12,0,24,0,0,0,0
117.8682,3,0,3,1,0,0,1,81,0,2.0000,-1,6,6,12,0,24,0,0,0,0
117.8889,3,0,3,1,0,0,0,-1,0,2.0000,-1,6,6,12,0,24,0,0,0,0
117.9095,3,0,3,1,0,0,0,-1,0,2.0000,-1,6,6,12,0,24,0,0,0,0
117.9294,3,0,3,1,0,0,0,-1,0,2.0000,-1,6,6,12,0,24,0,0,0,0
117.9517,3,0,3,1,0,0,0,-1,0,2.0000,-1,6,6,12,0,24,0,0,0,0
117.972,3,0,3,1,0,0,0,-1,0,2.0000,-1,6,6,12,0,24,0,0,0,0
117.993,3,0,3,1,0,0,0,-1,0,2.0000,81,6,6,13,0,25,0,0,0,0
118.0117,3,0,3,1,0,0,0,-1,0,2.0000,-1,6,6,13,0,25,0,0,0,0
118.0316,3,0,3,1,0,0,0,-1,0,2.0000,-1,6,6,13,0,25,0,0,0,0
118.0526,3,0,3,1,0,0,0,-1,0,2.0000,-1,6,6,13,0,25,0,0,0,0
118.0729,3,0,3,1,0,0,0,-1,0,2.0000,-1,6,6,13,0,25,0,0,0,0
118.0946,3,0,3,1,0,0,0,-1,0,2.0000,-1,6,6,13,0,25,0,0,0,0
118.1155,3,0,3,1,0,0,0,-1,0,2.0000,-1,6,6,13,0,25,0,0,0,0
118.135,3,0,3,1,0,0,0,-1,0,2.0000,-1,6,6,13,0,25,0,0,0,0
118.1731,3,0,3,1,0,0,0,-1,0,2.0000,-1,6,6,13,0,25,0,0,0,0
118.1842,3,0,3,1,0,0,1,84,0,2.0000,-1,6,6,13,0,25,0,0,0,0
118.1982,3,0,3,1,0,0,1,84,0,2.0000,-1,6,6,13,0,25,0,0,0,0
118.2191,3,0,3,1,0,0,1,84,0,2.0000,-1,6,6,13,0,25,0,0,0,0
118.2408,3,0,3,1,0,0,1,84,0,1.0000,-1,6,6,13,0,25,0,0,0,0
118.262,3,0,3,1,0,0,1,84,0,1.0000,-1,6,6,13,0,25,0,0,0,0
118.2836,3,0,3,1,0,0,1,84,0,1.0000,-1,6,6,13,0,25,0,0,0,0
118.3044,3,0,3,1,0,0,1,84,0,1.0000,-1,6,6,13,0,25,0,0,0,0
118.3244,3,0,3,1,0,0,1,84,0,1.0000,-1,6,6,13,0,25,0,0,0,0
118.3444,3,0,3,1,0,0,1,84,0,1.0000,-1,6,6,13,0,25,0,0,0,0
118.3656,3,0,3,1,0,0,1,84,0,1.0000,-1,6,6,13,0,25,0,0,0,0
118.3858,3,0,3,1,0,0,1,84,0,1.0000,-1,6,6,13,0,25,0,0,0,0
118.4065,3,0,3,1,0,0,1,84,0,1.0000,-1,6,6,13,0,25,0,0,0,0
118.4278,3,0,3,1,0,0,1,84,0,1.0000,-1,6,6,13,0,25,0,0,0,0
118.4493,3,0,3,1,0,0,1,84,0,1.0000,-1,6,6,13,0,25,0,0,0,0
118.47,3,0,3,1,0,0,1,84,0,1.0000,-1,6,6,13,0,25,0,0,0,0
118.4899,3,0,3,1,0,0,1,84,0,1.0000,-1,6,6,13,0,25,0,0,0,0
118.5101,3,0,3,1,0,0,1,84,0,1.0000,-1,6,6,13,0,25,0,0,0,0
118.5306,3,0,3,1,0,0,1,84,0,1.0000,-1,6,6,13,0,25,0,0,0,0
118.5517,3,0,3,1,0,0,0,-1,1,2.0000,-1,6,6,13,0,25,0,0,0,0
118.5728,3,0,3,1,0,0,0,-1,0,2.0000,-1,6,6,13,0,25,0,0,0,0
118.5947,3,0,3,1,0,0,0,-1,0,2.0000,-1,6,6,13,0,25,0,0,0,0
118.6167,3,0,3,1,0,0,0,-1,0,2.0000,-1,6,6,13,0,25,0,0,0,0
118.635,3,0,3,1,0,0,0,-1,0,2.0000,-1,6,6,13,0,25,0,0,0,0
118.6554,3,0,3,1,0,0,0,-1,0,2.0000,-1,6,6,13,0,25,0,0,0,0
118.677,3,0,3,1,0,0,0,-1,0,2.0000,-1,6,6,13,0,25,0,0,0,0
118.6982,3,0,3,1,0,0,0,-1,0,2.0000,-1,6,6,13,0,25,0,0,0,0
118.7194,3,0,3,1,0,0,0,-1,0,2.0000,-1,6,6,13,0,25,0,0,0,0
118.7398,3,0,3,1,0,0,0,-1,0,2.0000,-1,6,6,13,0,25,0,0,0,0
118.7613,3,0,3,1,0,0,0,-1,0,2.0000,-1,6,6,13,0,25,0,0,0,0
118.7995,3,0,3,1,0,0,0,-1,0,2.0000,-1,6,6,13,0,25,0,0,0,0
118.811,3,0,3,1,0,0,1,85,0,2.0000,-1,6,6,13,0,25,0,0,0,0
118.8262,3,0,3,1,0,0,1,85,0,2.0000,-1,6,6,13,0,25,0,0,0,0
118.8475,3,0,3,1,0,0,1,85,0,2.0000,-1,6,6,13,0,25,0,0,0,0
118.8669,3,0,3,1,0,0,1,85,0,1.0000,-1,6,6,13,0,25,0,0,0,0
118.8877,3,0,3,1,0,0,1,85,0,1.0000,-1,6,6,13,0,25,0,0,0,0
118.9089,3,0,3,1,0,0,1,85,0,1.0000,-1,6,6,13,0,25,0,0,0,0
118.9301,3,0,3,1,0,0,1,85,0,1.0000,-1,6,6,13,0,25,0,0,0,0
118.9516,3,0,3,1,0,0,1,85,0,1.0000,-1,6,6,13,0,25,0,0,0,0
118.9733,3,0,3,1,0,0,1,85,0,1.0000,-1,6,6,13,0,25,0,0,0,0
118.9951,3,0,3,1,0,0,1,85,0,1.0000,-1,6,6,13,0,25,0,0,0,0
119.0165,3,0,3,1,0,0,1,85,0,1.0000,-1,6,6,13,0,25,0,0,0,0
119.0374,3,0,3,1,0,0,1,85,0,1.0000,-1,6,6,13,0,25,0,0,0,0
119.0582,3,0,3,1,0,0,1,85,0,1.0000,-1,6,6,13,0,25,0,0,0,0
119.0788,3,0,3,1,0,0,1,85,0,1.0000,-1,6,6,13,0,25,0,0,0,0
119.1004,3,0,3,1,0,0,1,85,0,1.0000,-1,6,6,13,0,25,0,0,0,0
119.1208,3,0,3,1,0,0,1,85,0,1.0000,-1,6,6,13,0,25,0,0,0,0
119.1423,3,0,3,1,0,0,1,85,1,2.0000,-1,6,6,13,0,25,0,0,0,0
119.1636,3,0,3,1,0,0,1,85,0,2.0000,-1,6,6,13,0,25,0,0,0,0
119.1851,3,0,3,1,0,0,1,85,0,2.0000,-1,6,6,13,0,25,0,0,0,0
119.2261,3,0,3,1,0,0,1,85,0,2.0000,-1,6,6,13,0,25,0,0,0,0
119.2379,3,0,3,1,0,0,1,85,0,2.0000,-1,6,6,13,0,25,0,0,0,0
119.2525,3,0,3,1,0,0,1,85,0,2.0000,-1,6,6,13,0,25,0,0,0,0
119.273,3,0,3,1,0,0,1,85,0,2.0000,-1,6,6,13,0,25,0,0,0,0
119.2951,3,0,3,1,0,0,1,85,0,2.0000,-1,6,6,13,0,25,0,0,0,0
119.317,3,0,3,1,0,0,1,85,0,2.0000,-1,6,6,13,0,25,0,0,0,0
119.3393,3,0,3,1,0,0,1,85,0,2.0000,-1,6,6,13,0,25,0,0,0,0
119.3601,3,0,3,1,0,0,1,85,0,2.0000,-1,6,6,13,0,25,0,0,0,0
119.3814,3,0,3,1,0,0,1,85,0,2.0000,-1,6,6,13,0,25,0,0,0,0
119.4013,3,0,3,1,0,0,1,85,0,2.0000,-1,6,6,13,0,25,0,0,0,0
119.4224,3,0,3,1,0,0,1,85,0,2.0000,-1,6,6,13,0,25,0,0,0,0
119.4433,3,0,3,1,0,0,1,85,0,2.0000,-1,6,6,13,0,25,0,0,0,0
119.4647,3,0,3,1,0,0,1,85,0,2.0000,-1,6,6,13,0,25,0,0,0,0
119.4857,3,0,3,1,0,0,1,85,0,2.0000,-1,6,6,13,0,25,0,0,0,0
119.507,3,0,3,1,0,0,0,-1,0,2.0000,-1,6,6,13,0,25,0,0,0,0
119.5292,3,0,3,1,0,0,0,-1,1,3.0000,-1,6,6,13,0,25,0,0,0,0
119.5518,3,0,3,1,0,0,0,-1,0,2.0000,-1,6,6,13,0,25,0,0,0,0
119.5721,3,0,3,1,0,0,0,-1,0,2.0000,-1,6,6,13,0,25,0,0,0,0
119.5933,3,0,3,1,0,0,0,-1,0,2.0000,-1,6,6,13,0,25,0,0,0,0
119.6129,3,0,3,1,0,0,0,-1,0,2.0000,-1,6,6,13,0,25,0,0,0,0
119.6335,3,0,3,1,0,0,0,-1,0,2.0000,-1,6,6,13,0,25,0,0,0,0
119.6549,3,0,3,1,0,0,0,-1,0,2.0000,-1,6,6,13,0,25,0,0,0,0
119.6761,3,0,3,1,0,0,0,-1,0,2.0000,-1,6,6,13,0,25,0,0,0,0
119.6974,3,0,3,1,0,0,0,-1,0,2.0000,-1,6,6,13,0,25,0,0,0,0
119.7182,3,0,3,1,0,0,0,-1,0,2.0000,-1,6,6,13,0,25,0,0,0,0
119.7403,3,0,3,1,0,0,0,-1,0,2.0000,-1,6,6,13,0,25,0,0,0,0
119.7614,3,0,3,1,0,0,0,-1,0,2.0000,-1,6,6,13,0,25,0,0,0,0
119.7806,3,0,3,1,0,0,0,-1,0,2.0000,-1,6,6,13,0,25,0,0,0,0
119.8013,3,0,3,1,0,0,0,-1,0,2.0000,-1,6,6,13,0,25,0,0,0,0
119.822,3,0,3,1,0,0,0,-1,0,2.0000,-1,6,6,13,0,25,0,0,0,0
119.8424,3,0,3,1,0,0,0,-1,1,3.0000,-1,6,6,13,0,25,0,0,0,0
119.8635,3,0,3,1,0,0,0,-1,0,3.0000,-1,6,6,13,0,25,0,0,0,0
119.8856,3,0,3,1,0,0,0,-1,0,3.0000,-1,6,6,13,0,25,0,0,0,0
119.9065,3,0,3,1,0,0,0,-1,0,3.0000,-1,6,6,13,0,25,0,0,0,0
119.9275,3,0,3,1,0,0,0,-1,0,3.0000,-1,6,6,13,0,25,0,0,0,0
119.9478,3,0,3,1,0,0,0,-1,0,3.0000,-1,6,6,13,0,25,0,0,0,0
119.9679,3,0,3,1,0,0,0,-1,0,3.0000,-1,6,6,13,0,25,0,0,0,0
119.9893,3,0,3,1,0,0,0,-1,0,3.0000,-1,6,6,13,0,25,0,0,0,0
120.0097,3,0,3,1,0,0,0,-1,0,3.0000,-1,6,6,13,0,25,0,0,0,0
120.0295,3,0,3,1,0,0,0,-1,0,3.0000,-1,6,6,13,0,25,0,0,0,0
120.069,3,0,3,1,0,0,0,-1,0,3.0000,-1,6,6,13,0,25,0,0,0,0
120.0809,3,0,3,1,0,0,0,-1,0,3.0000,-1,6,6,13,0,25,0,0,0,0
120.0955,3,0,3,1,0,0,0,-1,0,3.0000,-1,6,6,13,0,25,0,0,0,0
120.1166,3,0,3,1,0,0,0,-1,0,3.0000,-1,6,6,13,0,25,0,0,0,0
120.1378,3,0,3,1,0,0,0,-1,0,3.0000,-1,6,6,13,0,25,0,0,0,0
120.1586,3,0,3,1,0,0,0,-1,0,2.0000,-1,6,6,13,0,25,0,0,0,0
120.1795,3,0,3,1,0,0,0,-1,0,2.0000,-1,6,6,13,0,25,0,0,0,0
120.1996,3,0,3,1,0,0,0,-1,0,2.0000,-1,6,6,13,0,25,0,0,0,0
120.2206,3,0,3,1,0,0,0,-1,0,2.0000,-1,6,6,13,0,25,0,0,0,0
120.2431,3,0,3,1,0,0,0,-1,0,2.0000,-1,6,6,13,0,25,0,0,0,0
120.2639,3,0,3,1,0,0,0,-1,0,2.0000,-1,6,6,13,0,25,0,0,0,0
120.2853,3,0,3,1,0,0,0,-1,0,2.0000,-1,6,6,13,0,25,0,0,0,0
120.3061,3,0,3,1,0,0,0,-1,0,2.0000,-1,6,6,13,0,25,0,0,0,0
120.3262,3,0,3,1,0,0,0,-1,0,2.0000,-1,6,6,13,0,25,0,0,0,0
120.3479,3,0,3,1,0,0,0,-1,0,2.0000,-1,6,6,13,0,25,0,0,0,0
120.3691,3,0,3,1,0,0,0,-1,0,2.0000,-1,6,6,13,0,25,0,0,0,0
120.3895,3,0,3,1,0,0,0,-1,0,2.0000,-1,6,6,13,0,25,0,0,0,0
120.4106,3,0,3,1,0,0,0,-1,0,2.0000,-1,6,6,13,0,25,0,0,0,0
120.4299,3,0,3,1,0,0,0,-1,0,2.0000,-1,6,6,13,0,25,0,0,0,0
120.4517,3,0,3,1,0,0,0,-1,0,2.0000,-1,6,6,13,0,25,0,0,0,0
120.4733,3,0,3,1,0,0,0,-1,0,2.0000,-1,6,6,13,0,25,0,0,0,0
120.4949,3,0,3,1,0,0,0,-1,0,2.0000,-1,6,6,13,0,25,0,0,0,0
120.5132,3,0,3,1,0,0,0,-1,0,2.0000,-1,6,6,13,0,25,0,0,0,0
120.5338,3,0,3,1,0,0,0,-1,0,1.0000,-1,6,6,13,0,25,0,0,0,0
120.5555,3,0,3,1,0,0,0,-1,1,2.0000,-1,6,6,13,0,25,0,0,0,0
120.5754,3,0,3,1,0,0,0,-1,0,2.0000,-1,6,6,13,0,25,0,0,0,0
120.5974,3,0,3,1,0,0,0,-1,0,2.0000,-1,6,6,13,0,25,0,0,0,0
120.6179,3,0,3,1,0,0,0,-1,0,2.0000,-1,6,6,13,0,25,0,0,0,0
120.6387,3,0,3,1,0,0,0,-1,0,2.0000,-1,6,6,13,0,25,0,0,0,0
120.6595,3,0,3,1,0,0,0,-1,0,2.0000,-1,6,6,13,0,25,0,0,0,0
120.6983,3,0,3,1,0,0,0,-1,0,2.0000,-1,6,6,13,0,25,0,0,0,0
120.7106,3,0,3,1,0,0,0,-1,0,2.0000,-1,6,6,13,0,25,0,0,0,0
120.725,3,0,3,1,0,0,0,-1,0,2.0000,-1,6,6,13,0,25,0,0,0,0
120.7457,3,0,3,1,0,0,0,-1,0,2.0000,-1,6,6,13,0,25,0,0,0,0
120.7671,3,0,3,1,0,0,0,-1,0,2.0000,-1,6,6,13,0,25,0,0,0,0
120.7873,3,0,3,1,0,0,0,-1,0,2.0000,-1,6,6,13,0,25,0,0,0,0
120.8079,3,0,3,1,0,0,0,-1,0,2.0000,-1,6,6,13,0,25,0,0,0,0
120.8293,3,0,3,1,0,0,0,-1,0,2.0000,-1,6,6,13,0,25,0,0,0,0
120.8505,3,0,3,1,0,0,0,-1,0,1.0000,-1,6,6,13,0,25,0,0,0,0
120.8717,3,0,3,1,0,0,0,-1,0,1.0000,-1,6,6,13,0,25,0,0,0,0
120.8926,3,0,3,1,0,0,0,-1,0,1.0000,-1,6,6,13,0,25,0,0,0,0
120.9126,3,0,3,1,0,0,0,-1,0,1.0000,-1,6,6,13,0,25,0,0,0,0
120.9329,3,0,3,1,0,0,0,-1,0,1.0000,-1,6,6,13,0,25,0,0,0,0
120.954,3,0,3,1,0,0,0,-1,0,1.0000,-1,6,6,13,0,25,0,0,0,0
120.9749,3,0,3,1,0,0,1,89,0,1.0000,-1,6,6,13,0,25,0,0,0,0
120.9965,3,0,3,1,0,0,1,89,0,1.0000,-1,6,6,13,0,25,0,0,0,0
121.0172,3,0,3,1,0,0,1,89,0,1.0000,-1,6,6,13,0,25,0,0,0,0
121.0389,3,0,3,1,0,0,1,89,0,1.0000,-1,6,6,13,0,25,0,0,0,0
121.0599,3,0,3,1,0,0,1,89,0,1.0000,-1,6,6,13,0,25,0,0,0,0
121.081,3,0,3,1,0,0,1,89,0,1.0000,-1,6,6,13,0,25,0,0,0,0
121.1029,3,0,3,1,0,0,1,89,0,1.0000,-1,6,6,13,0,25,0,0,0,0
121.1227,3,0,3,1,0,0,1,89,0,1.0000,-1,6,6,13,0,25,0,0,0,0
121.1453,3,0,3,1,0,0,1,89,0,1.0000,-1,6,6,13,0,25,0,0,0,0
121.166,3,0,3,1,0,0,1,89,0,1.0000,-1,6,6,13,0,25,0,0,0,0
121.1865,3,0,3,1,0,0,1,89,0,1.0000,-1,6,6,13,0,25,0,0,0,0
121.2078,3,0,3,1,0,0,1,89,0,1.0000,-1,6,6,13,0,25,0,0,0,0
121.2288,3,0,3,1,0,0,1,89,0,1.0000,-1,6,6,13,0,25,0,0,0,0
121.2501,3,0,3,1,0,0,1,89,0,1.0000,-1,6,6,13,0,25,0,0,0,0
121.2707,3,0,3,1,0,0,1,89,0,1.0000,-1,6,6,13,0,25,0,0,0,0
121.2917,3,0,3,1,0,0,1,89,0,1.0000,-1,6,6,13,0,25,0,0,0,0
121.3131,3,0,3,1,0,0,1,89,0,1.0000,-1,6,6,13,0,25,0,0,0,0
121.3336,3,0,3,1,0,0,1,89,0,1.0000,-1,6,6,13,0,25,0,0,0,0
121.3536,3,0,3,1,0,0,1,89,0,1.0000,-1,6,6,13,0,25,0,0,0,0
121.3749,3,0,3,1,0,0,1,89,0,1.0000,-1,6,6,13,0,25,0,0,0,0
121.3964,3,0,3,1,0,0,1,89,0,1.0000,-1,6,6,13,0,25,0,0,0,0
121.4179,3,0,3,1,0,0,1,89,0,1.0000,-1,6,6,13,0,25,0,0,0,0
121.4393,3,0,3,1,0,0,1,89,0,1.0000,-1,6,6,13,0,25,0,0,0,0
121.4601,3,0,3,1,0,0,1,89,0,1.0000,-1,6,6,13,0,25,0,0,0,0
121.4814,3,0,3,1,0,0,1,89,0,1.0000,-1,6,6,13,0,25,0,0,0,0
121.5024,3,0,3,1,0,0,1,89,0,1.0000,-1,6,6,13,0,25,0,0,0,0
121.5428,3,0,3,1,0,0,1,89,0,1.0000,-1,6,6,13,0,25,0,0,0,0
121.5538,3,0,3,1,0,0,1,89,0,1.0000,-1,6,6,13,0,25,0,0,0,0
121.5688,3,0,3,1,0,0,1,89,0,0.0000,-1,6,6,13,0,25,0,0,0,0
121.5912,3,0,3,1,0,0,1,89,0,0.0000,-1,6,6,13,0,25,0,0,0,0
121.6118,3,0,3,1,0,0,1,89,0,0.0000,-1,6,6,13,0,25,0,0,0,0
121.6334,3,0,3,1,0,0,1,89,0,0.0000,-1,6,6,13,0,25,0,0,0,0
121.6545,3,0,3,1,0,0,1,89,0,0.0000,-1,6,6,13,0,25,0,0,0,0
121.6758,3,0,3,1,0,0,1,89,0,0.0000,-1,6,6,13,0,25,0,0,0,0
121.6975,3,0,3,1,0,0,1,89,0,0.0000,-1,6,6,13,0,25,0,0,0,0
121.7189,3,0,3,1,0,0,1,89,0,0.0000,-1,6,6,13,0,25,0,0,0,0
121.7592,3,0,3,1,0,0,1,89,0,0.0000,-1,6,6,13,0,25,0,0,0,0
121.771,3,0,3,1,0,0,1,89,0,0.0000,-1,6,6,13,0,25,0,0,0,0
121.7858,3,0,3,1,0,0,1,89,0,0.0000,-1,6,6,13,0,25,0,0,0,0
121.8074,3,0,3,1,0,0,1,89,0,0.0000,-1,6,6,13,0,25,0,0,0,0
121.829,3,0,3,1,0,0,1,89,0,0.0000,-1,6,6,13,0,25,0,0,0,0
121.8506,3,0,3,1,0,0,1,89,0,0.0000,-1,6,6,13,0,25,0,0,0,0
121.8719,3,0,3,1,0,0,1,89,0,0.0000,-1,6,6,13,0,25,0,0,0,0
121.8934,3,0,3,1,0,0,1,89,0,0.0000,-1,6,6,13,0,25,0,0,0,0
121.9165,3,0,3,1,0,0,1,89,0,0.0000,-1,6,6,13,0,25,0,0,0,0
121.9396,3,0,3,1,0,0,1,89,0,0.0000,-1,6,6,13,0,25,0,0,0,0
121.9618,3,0,3,1,0,0,1,89,0,0.0000,-1,6,6,13,0,25,0,0,0,0
121.9828,3,0,3,1,0,0,1,89,0,0.0000,-1,6,6,13,0,25,0,0,0,0
122.0053,3,0,3,1,0,0,1,89,0,0.0000,-1,6,6,13,0,25,0,0,0,0
122.0254,3,0,3,1,0,0,1,89,0,0.0000,-1,6,6,13,0,25,0,0,0,0
122.0469,3,0,3,1,0,0,1,89,0,0.0000,-1,6,6,13,0,25,0,0,0,0
122.0685,3,0,3,1,0,0,1,89,0,0.0000,-1,6,6,13,0,25,0,0,0,0
122.09,3,0,3,1,0,0,1,89,1,1.0000,-1,6,6,13,0,25,0,0,0,0
122.1111,3,0,3,1,0,0,1,89,0,1.0000,-1,6,6,13,0,25,0,0,0,0
122.1336,3,0,3,1,0,0,1,89,0,1.0000,-1,6,6,13,0,25,0,0,0,0
122.155,3,0,3,1,0,0,1,89,0,1.0000,-1,6,6,13,0,25,0,0,0,0
122.1754,3,0,3,1,0,0,1,89,0,1.0000,-1,6,6,13,0,25,0,0,0,0
122.1968,3,0,3,1,0,0,1,89,0,1.0000,-1,6,6,13,0,25,0,0,0,0
122.2174,3,0,3,1,0,0,1,89,0,1.0000,-1,6,6,13,0,25,0,0,0,0
122.2403,3,0,3,1,0,0,1,89,0,1.0000,-1,6,6,13,0,25,0,0,0,0
122.2611,3,0,3,1,0,0,1,89,0,1.0000,-1,6,6,13,0,25,0,0,0,0
122.2831,3,0,3,1,0,0,1,89,0,1.0000,-1,6,6,13,0,25,0,0,0,0
122.3029,3,0,3,1,0,0,1,89,0,1.0000,-1,6,6,13,0,25,0,0,0,0
122.3243,3,0,3,1,0,0,1,89,0,1.0000,-1,6,6,13,0,25,0,0,0,0
122.3451,3,0,3,1,0,0,1,89,0,1.0000,-1,6,6,13,0,25,0,0,0,0
122.3686,3,0,3,1,0,0,1,89,0,1.0000,-1,6,6,13,0,25,0,0,0,0
122.3891,3,0,3,1,0,0,1,89,0,1.0000,-1,6,6,13,0,25,0,0,0,0
122.4095,3,0,3,1,0,0,1,89,0,1.0000,-1,6,6,13,0,25,0,0,0,0
122.432,3,0,3,1,0,0,1,89,0,1.0000,-1,6,6,13,0,25,0,0,0,0
122.4523,3,0,3,1,0,0,0,-1,0,1.0000,89,6,6,14,0,26,0,0,0,0
122.4749,3,0,3,1,0,0,0,-1,0,1.0000,-1,6,6,14,0,26,0,0,0,0
122.497,3,0,3,1,0,0,0,-1,0,1.0000,-1,6,6,14,0,26,0,0,0,0
122.5183,3,0,3,1,0,0,0,-1,0,1.0000,-1,6,6,14,0,26,0,0,0,0
122.5414,3,0,3,1,0,0,0,-1,0,1.0000,-1,6,6,14,0,26,0,0,0,0
122.5624,3,0,3,1,0,0,0,-1,1,2.0000,-1,6,6,14,0,26,0,0,0,0
122.584,3,0,3,1,0,0,0,-1,0,2.0000,-1,6,6,14,0,26,0,0,0,0
122.6248,3,0,3,1,0,0,0,-1,0,2.0000,-1,6,6,14,0,26,0,0,0,0
122.6364,3,0,3,1,0,0,0,-1,0,2.0000,-1,6,6,14,0,26,0,0,0,0
122.6528,3,0,3,1,0,0,1,92,0,2.0000,-1,6,6,14,0,26,0,0,0,0
122.6744,3,0,3,1,0,0,1,92,0,2.0000,-1,6,6,14,0,26,0,0,0,0
122.6964,3,0,3,1,0,0,1,92,0,2.0000,-1,6,6,14,0,26,0,0,0,0
122.7186,3,0,3,1,0,0,1,92,0,2.0000,-1,6,6,14,0,26,0,0,0,0
122.7405,3,0,3,1,0,0,1,92,0,2.0000,-1,6,6,14,0,26,0,0,0,0
122.7624,3,0,3,1,0,0,1,92,0,2.0000,-1,6,6,14,0,26,0,0,0,0
122.784,3,0,3,1,0,0,1,92,0,2.0000,-1,6,6,14,0,26,0,0,0,0
122.8061,3,0,3,1,0,0,1,92,0,2.0000,-1,6,6,14,0,26,0,0,0,0
122.827,3,0,3,1,0,0,1,92,0,2.0000,-1,6,6,14,0,26,0,0,0,0
122.8495,3,0,3,1,0,0,1,92,0,2.0000,-1,6,6,14,0,26,0,0,0,0
122.8712,3,0,3,1,0,0,1,92,0,2.0000,-1,6,6,14,0,26,0,0,0,0
122.8938,3,0,3,1,0,0,1,92,1,3.0000,-1,6,6,14,0,26,0,0,0,0
122.9153,3,0,3,1,0,0,1,92,0,3.0000,-1,6,6,14,0,26,0,0,0,0
122.9377,3,0,3,1,0,0,0,-1,0,3.0000,-1,6,6,14,0,26,0,0,0,0
122.96,3,0,3,0,0,0,0,-1,0,3.0000,-1,6,6,14,0,26,0,0,0,0
122.9816,3,0,3,0,0,0,0,-1,0,3.0000,-1,6,6,14,0,26,0,0,0,0
123.0033,3,0,3,0,0,0,0,-1,0,3.0000,-1,6,6,14,0,26,0,0,0,0
123.0252,3,0,3,0,0,0,0,-1,0,3.0000,-1,6,6,14,0,26,0,0,0,0
123.066,3,0,3,0,0,0,0,-1,0,3.0000,-1,6,6,14,0,26,0,0,0,0
123.0777,3,0,3,0,0,0,0,-1,0,3.0000,-1,6,6,14,0,26,0,0,0,0
123.0937,3,0,3,0,0,0,0,-1,0,2.0000,-1,6,6,14,0,26,0,0,0,0
123.1165,3,0,3,0,0,0,0,-1,0,2.0000,-1,6,6,14,0,26,0,0,0,0
123.138,3,0,3,0,0,0,0,-1,0,2.0000,-1,6,6,14,0,26,0,0,0,0
123.16,3,0,3,0,0,0,0,-1,0,2.0000,-1,6,6,14,0,26,0,0,0,0
123.182,3,0,3,0,0,0,0,-1,0,2.0000,-1,6,6,14,0,26,0,0,0,0
123.2037,3,0,3,0,0,0,0,-1,0,2.0000,-1,6,6,14,0,26,0,0,0,0
123.2253,3,0,3,0,0,0,0,-1,0,2.0000,-1,6,6,14,0,26,0,0,0,0
123.2463,3,0,3,0,0,0,0,-1,0,2.0000,-1,6,6,14,0,26,0,0,0,0
123.2691,3,0,3,0,0,0,0,-1,0,2.0000,-1,6,6,14,0,26,0,0,0,0
123.2898,3,0,3,0,0,0,0,-1,0,2.0000,-1,6,6,14,0,26,0,0,0,0
123.3122,3,0,3,0,0,0,0,-1,0,2.0000,-1,6,6,14,0,26,0,0,0,0
123.3333,3,0,3,0,0,0,0,-1,0,2.0000,-1,6,6,14,0,26,0,0,0,0
123.355,3,0,3,0,0,0,0,-1,0,2.0000,-1,6,6,14,0,26,0,0,0,0
123.3749,3,0,3,0,0,0,0,-1,0,2.0000,-1,6,6,14,0,26,0,0,0,0
123.3963,3,0,3,0,0,0,0,-1,0,2.0000,-1,6,6,14,0,26,0,0,0,0
123.4174,3,0,3,0,0,0,0,-1,0,2.0000,-1,6,6,14,0,26,0,0,0,0
123.4392,3,0,3,0,0,0,0,-1,0,2.0000,-1,6,6,14,0,26,0,0,0,0
123.4599,3,0,3,0,0,0,0,-1,0,2.0000,-1,6,6,14,0,26,0,0,0,0
123.4812,3,0,3,0,0,0,0,-1,0,2.0000,-1,6,6,14,0,26,0,0,0,0
123.5011,3,0,3,0,0,0,0,-1,0,2.0000,-1,6,6,14,0,26,0,0,0,0
123.5216,3,0,3,0,0,0,0,-1,0,2.0000,-1,6,6,14,0,26,0,0,0,0
123.5428,3,0,3,0,0,0,0,-1,1,3.0000,-1,6,6,14,0,26,0,0,0,0
123.5636,3,0,3,0,0,0,0,-1,0,2.0000,-1,6,6,14,0,26,0,0,0,0
123.5849,3,0,3,0,0,0,0,-1,0,2.0000,-1,6,6,14,0,26,0,0,0,0
123.6054,3,0,3,0,0,0,0,-1,0,2.0000,-1,6,6,14,0,26,0,0,0,0
123.6261,3,0,3,0,0,0,0,-1,0,2.0000,-1,6,6,14,0,26,0,0,0,0
123.6473,3,0,3,0,0,0,0,-1,0,2.0000,-1,6,6,14,0,26,0,0,0,0
123.6694,3,0,3,0,0,0,0,-1,0,2.0000,-1,6,6,14,0,26,0,0,0,0
123.6888,3,0,3,0,0,0,1,90,0,2.0000,-1,6,6,14,0,26,0,0,0,0
123.7097,3,0,3,0,0,0,1,90,0,2.0000,-1,6,6,14,0,26,0,0,0,0
123.7303,3,0,3,0,0,0,1,90,0,2.0000,-1,6,6,14,0,26,0,0,0,0
123.7514,3,0,3,0,0,0,1,90,0,2.0000,-1,6,6,14,0,26,0,0,0,0
123.7732,3,0,3,0,0,0,1,90,0,2.0000,-1,6,6,14,0,26,0,0,0,0
123.7937,3,0,3,0,0,0,1,90,0,2.0000,-1,6,6,14,0,26,0,0,0,0
123.8132,3,0,3,0,0,0,0,-1,0,2.0000,90,6,6,15,0,27,0,0,0,0
123.8329,3,0,3,0,0,0,0,-1,0,2.0000,-1,6,6,15,0,27,0,0,0,0
123.8533,3,0,3,0,0,0,0,-1,0,2.0000,-1,6,6,15,0,27,0,0,0,0
123.8931,3,0,3,0,0,0,0,-1,0,2.0000,-1,6,6,15,0,27,0,0,0,0
123.9045,3,0,3,0,0,0,0,-1,0,1.0000,-1,6,6,15,0,27,0,0,0,0
123.9186,3,0,3,0,0,0,0,-1,0,1.0000,-1,6,6,15,0,27,0,0,0,0
123.9401,3,0,3,0,0,0,0,-1,0,1.0000,-1,6,6,15,0,27,0,0,0,0
123.961,3,0,3,0,0,0,0,-1,0,1.0000,-1,6,6,15,0,27,0,0,0,0
123.9815,3,0,3,0,0,0,0,-1,0,1.0000,-1,6,6,15,0,27,0,0,0,0
124.0021,3,0,3,0,0,0,0,-1,0,1.0000,-1,6,6,15,0,27,0,0,0,0
124.0228,3,0,3,0,0,0,0,-1,0,1.0000,-1,6,6,15,0,27,0,0,0,0
124.0435,3,0,3,0,0,0,0,-1,0,1.0000,-1,6,6,15,0,27,0,0,0,0
124.0641,3,0,3,0,0,0,0,-1,0,1.0000,-1,6,6,15,0,27,0,0,0,0
124.1033,3,0,3,0,0,0,0,-1,0,1.0000,-1,6,6,15,0,27,0,0,0,0
124.1147,3,0,3,0,0,0,0,-1,0,1.0000,-1,6,6,15,0,27,0,0,0,0
124.1293,3,0,3,0,0,0,0,-1,1,2.0000,-1,6,6,15,0,27,0,0,0,0
124.1505,3,0,3,0,0,0,0,-1,0,2.0000,-1,6,6,15,0,27,0,0,0,0
124.1711,3,0,3,0,0,0,0,-1,0,2.0000,-1,6,6,15,0,27,0,0,0,0
124.1922,3,0,3,0,0,0,0,-1,0,2.0000,-1,6,6,15,0,27,0,0,0,0
124.2134,3,0,3,0,0,0,0,-1,0,2.0000,-1,6,6,15,0,27,0,0,0,0
124.2332,3,0,3,0,0,0,0,-1,0,2.0000,-1,6,6,15,0,27,0,0,0,0
124.2545,3,0,3,0,0,0,0,-1,0,2.0000,-1,6,6,15,0,27,0,0,0,0
124.2742,3,0,3,0,0,0,0,-1,0,2.0000,-1,6,6,15,0,27,0,0,0,0
124.3133,3,0,3,0,0,0,0,-1,1,3.0000,-1,6,6,15,0,27,0,0,0,0
124.3255,3,0,3,0,0,0,0,-1,0,3.0000,-1,6,6,15,0,27,0,0,0,0
124.3394,3,0,3,0,0,0,1,94,0,3.0000,-1,6,6,15,0,27,0,0,0,0
124.361,3,0,3,0,0,0,1,94,0,3.0000,-1,6,6,15,0,27,0,0,0,0
124.381,3,0,3,0,0,0,1,94,0,3.0000,-1,6,6,15,0,27,0,0,0,0
124.4023,3,0,3,0,0,0,1,94,0,3.0000,-1,6,6,15,0,27,0,0,0,0
124.4219,3,0,3,0,0,0,1,94,0,3.0000,-1,6,6,15,0,27,0,0,0,0
124.4426,3,0,3,0,0,0,1,94,0,3.0000,-1,6,6,15,0,27,0,0,0,0
124.4634,3,0,3,0,0,0,1,94,0,3.0000,-1,6,6,15,0,27,0,0,0,0
124.4841,3,0,3,0,0,0,1,94,0,3.0000,-1,6,6,15,0,27,0,0,0,0
124.5241,3,0,3,0,0,0,1,94,0,3.0000,-1,6,6,15,0,27,0,0,0,0
124.5353,3,0,3,0,0,0,1,94,0,3.0000,-1,6,6,15,0,27,0,0,0,0
124.5508,3,0,3,0,0,0,1,94,0,2.0000,-1,6,6,15,0,27,0,0,0,0
124.5713,3,0,3,0,0,0,1,94,0,2.0000,-1,6,6,15,0,27,0,0,0,0
124.5923,3,0,3,0,0,0,1,94,0,2.0000,-1,6,6,15,0,27,0,0,0,0
124.6134,3,0,3,0,0,0,1,94,0,2.0000,-1,6,6,15,0,27,0,0,0,0
124.6345,3,0,3,0,0,0,1,94,0,2.0000,-1,6,6,15,0,27,0,0,0,0
124.6548,3,0,3,0,0,0,1,94,0,2.0000,-1,6,6,15,0,27,0,0,0,0
124.6755,3,0,3,0,0,0,1,94,0,2.0000,-1,6,6,15,0,27,0,0,0,0
124.6965,3,0,3,0,0,0,1,94,0,2.0000,-1,6,6,15,0,27,0,0,0,0
124.7176,3,0,3,0,0,0,1,94,0,2.0000,-1,6,6,15,0,27,0,0,0,0
124.7411,3,0,3,0,0,0,1,94,0,2.0000,-1,6,6,15,0,27,0,0,0,0
124.759,3,0,3,0,0,0,1,94,0,2.0000,-1,6,6,15,0,27,0,0,0,0
124.779,3,0,3,0,0,0,1,94,0,2.0000,-1,6,6,15,0,27,0,0,0,0
124.8008,3,0,3,0,0,0,1,94,0,2.0000,-1,6,6,15,0,27,0,0,0,0
124.8206,3,0,3,0,0,0,1,94,0,2.0000,-1,6,6,15,0,27,0,0,0,0
124.8414,3,0,3,0,0,0,1,94,0,2.0000,-1,6,6,15,0,27,0,0,0,0
124.8632,3,0,3,0,0,0,1,94,0,2.0000,-1,6,6,15,0,27,0,0,0,0
124.8836,3,0,3,0,0,0,1,94,0,2.0000,-1,6,6,15,0,27,0,0,0,0
124.9041,3,0,3,0,0,0,1,94,0,2.0000,-1,6,6,15,0,27,0,0,0,0
124.9246,3,0,3,0,0,0,1,94,0,2.0000,-1,6,6,15,0,27,0,0,0,0
124.9431,3,0,3,0,0,0,1,94,0,2.0000,-1,6,6,15,0,27,0,0,0,0
124.9645,3,0,3,0,0,0,1,94,0,2.0000,-1,6,6,15,0,27,0,0,0,0
124.9847,3,0,3,0,0,0,1,94,0,2.0000,-1,6,6,15,0,27,0,0,0,0
125.0052,3,0,3,0,0,0,1,94,0,2.0000,-1,6,6,15,0,27,0,0,0,0
125.0254,3,0,3,0,0,0,1,94,0,2.0000,-1,6,6,15,0,27,0,0,0,0
125.046,3,0,3,0,0,0,1,94,0,2.0000,-1,6,6,15,0,27,0,0,0,0
125.0659,3,0,3,0,0,0,1,94,0,2.0000,-1,6,6,15,0,27,0,0,0,0
125.0869,3,0,3,0,0,0,1,94,1,3.0000,-1,6,6,15,0,27,0,0,0,0
125.1059,3,0,3,0,0,0,0,-1,0,3.0000,-1,6,6,15,0,27,0,0,0,0
125.1272,3,0,3,0,0,0,0,-1,0,3.0000,-1,6,6,15,0,27,0,0,0,0
125.1463,3,0,3,0,0,0,0,-1,0,2.0000,-1,6,6,15,0,27,0,0,0,0
125.1646,3,0,3,0,0,0,0,-1,0,2.0000,-1,6,6,15,0,27,0,0,0,0
125.1835,3,0,3,0,0,0,0,-1,0,2.0000,-1,6,6,15,0,27,0,0,0,0
125.2035,3,0,3,0,0,0,0,-1,0,2.0000,-1,6,6,15,0,27,0,0,0,0
125.2225,3,0,3,0,0,0,0,-1,0,2.0000,-1,6,6,15,0,27,0,0,0,0
125.2413,3,0,3,0,0,0,0,-1,0,2.0000,-1,6,6,15,0,27,0,0,0,0
125.2607,3,0,3,0,0,0,0,-1,0,2.0000,-1,6,6,15,0,27,0,0,0,0
125.2802,3,0,3,0,0,0,0,-1,0,2.0000,-1,6,6,15,0,27,0,0,0,0
125.2995,3,0,3,0,0,0,0,-1,0,2.0000,-1,6,6,15,0,27,0,0,0,0
125.3191,3,0,3,0,0,0,0,-1,0,1.0000,-1,6,6,15,0,27,0,0,0,0
125.3384,3,0,3,0,0,0,0,-1,0,1.0000,-1,6,6,15,0,27,0,0,0,0
125.3581,3,0,3,0,0,0,0,-1,0,1.0000,-1,6,6,15,0,27,0,0,0,0
125.3763,3,0,3,0,0,0,0,-1,0,1.0000,-1,6,6,15,0,27,0,0,0,0
125.3965,3,0,3,0,0,0,0,-1,0,1.0000,-1,6,6,15,0,27,0,0,0,0
125.4147,3,0,3,0,0,0,0,-1,0,1.0000,-1,6,6,15,0,27,0,0,0,0
125.4344,3,0,3,0,0,0,0,-1,0,1.0000,-1,6,6,15,0,27,0,0,0,0
125.4534,3,0,3,0,0,0,0,-1,0,1.0000,-1,6,6,15,0,27,0,0,0,0
125.4727,3,0,3,0,0,0,0,-1,0,1.0000,-1,6,6,15,0,27,0,0,0,0
125.49,3,0,3,0,0,0,0,-1,0,1.0000,-1,6,6,15,0,27,0,0,0,0
125.5107,3,0,3,0,0,0,0,-1,0,1.0000,-1,6,6,15,0,27,0,0,0,0
125.528,3,0,3,0,0,0,0,-1,0,1.0000,-1,6,6,15,0,27,0,0,0,0
125.5467,3,0,3,0,0,0,0,-1,0,1.0000,-1,6,6,15,0,27,0,0,0,0
125.5673,3,0,3,0,0,0,0,-1,0,1.0000,-1,6,6,15,0,27,0,0,0,0
125.5849,3,0,3,0,0,0,0,-1,0,1.0000,-1,6,6,15,0,27,0,0,0,0
125.6048,3,0,3,0,0,0,0,-1,0,1.0000,-1,6,6,15,0,27,0,0,0,0
125.624,3,0,3,0,0,0,0,-1,0,1.0000,-1,6,6,15,0,27,0,0,0,0
125.643,3,0,3,0,0,0,0,-1,0,1.0000,-1,6,6,15,0,27,0,0,0,0
125.6617,3,0,3,0,0,0,0,-1,0,1.0000,-1,6,6,15,0,27,0,0,0,0
125.6798,3,0,3,0,0,0,0,-1,0,1.0000,-1,6,6,15,0,27,0,0,0,0
125.6989,3,0,3,0,0,0,0,-1,0,1.0000,-1,6,6,15,0,27,0,0,0,0
125.7183,3,0,3,0,0,0,0,-1,0,1.0000,-1,6,6,15,0,27,0,0,0,0
125.7374,3,0,3,0,0,0,0,-1,0,1.0000,-1,6,6,15,0,27,0,0,0,0
125.7574,3,0,3,0,0,0,1,95,0,1.0000,-1,6,6,15,0,27,0,0,0,0
125.7737,3,0,3,0,0,0,1,95,0,1.0000,-1,6,6,15,0,27,0,0,0,0
125.7943,3,0,3,0,0,0,1,95,0,1.0000,-1,6,6,15,0,27,0,0,0,0
125.8142,3,0,3,0,0,0,1,95,0,1.0000,-1,6,6,15,0,27,0,0,0,0
125.8331,3,0,3,0,0,0,1,95,0,1.0000,-1,6,6,15,0,27,0,0,0,0
125.8508,3,0,3,0,0,0,1,95,0,1.0000,-1,6,6,15,0,27,0,0,0,0
125.8704,3,0,3,0,0,0,1,95,0,1.0000,-1,6,6,15,0,27,0,0,0,0
125.8887,3,0,3,0,0,0,1,95,1,2.0000,-1,6,6,15,0,27,0,0,0,0
125.9083,3,0,3,0,0,0,0,-1,0,2.0000,-1,6,6,15,0,27,0,0,0,0
125.9286,3,0,3,0,0,0,0,-1,0,2.0000,-1,6,6,15,0,27,0,0,0,0
125.9475,3,0,3,0,0,0,0,-1,0,2.0000,-1,6,6,15,0,27,0,0,0,0
125.9842,3,0,3,0,0,0,0,-1,0,2.0000,-1,6,6,15,0,27,0,0,0,0
125.9967,3,0,3,0,0,0,0,-1,0,2.0000,-1,6,6,15,0,27,0,0,0,0
126.0083,3,0,3,0,0,0,0,-1,0,2.0000,-1,6,6,15,0,27,0,0,0,0
126.0279,3,0,3,0,0,0,0,-1,0,2.0000,-1,6,6,15,0,27,0,0,0,0
126.0483,3,0,3,0,0,0,0,-1,0,2.0000,-1,6,6,15,0,27,0,0,0,0
126.067,3,0,3,0,0,0,1,96,0,2.0000,-1,6,6,15,0,27,0,0,0,0
126.0864,3,0,3,0,0,0,1,96,0,2.0000,-1,6,6,15,0,27,0,0,0,0
126.1054,3,0,3,0,0,0,1,96,0,1.0000,-1,6,6,15,0,27,0,0,0,0
126.1243,3,0,3,0,0,0,1,96,0,1.0000,-1,6,6,15,0,27,0,0,0,0
126.1428,3,0,3,0,0,0,1,96,0,1.0000,-1,6,6,15,0,27,0,0,0,0
126.1628,3,0,3,0,0,0,1,96,0,1.0000,-1,6,6,15,0,27,0,0,0,0
126.1991,3,0,3,0,0,0,1,96,0,1.0000,-1,6,6,15,0,27,0,0,0,0
126.2098,3,0,3,0,0,0,1,96,0,1.0000,-1,6,6,15,0,27,0,0,0,0
126.224,3,0,3,0,0,0,1,96,0,1.0000,-1,6,6,15,0,27,0,0,0,0
126.2429,3,0,3,0,0,0,1,96,0,1.0000,-1,6,6,15,0,27,0,0,0,0
126.2625,3,0,3,0,0,0,1,96,0,1.0000,-1,6,6,15,0,27,0,0,0,0
126.282,3,0,3,0,0,0,1,96,0,1.0000,-1,6,6,15,0,27,0,0,0,0
126.3011,3,0,3,0,0,0,1,96,0,1.0000,-1,6,6,15,0,27,0,0,0,0
126.3204,3,0,3,0,0,0,1,96,1,2.0000,-1,6,6,15,0,27,0,0,0,0
126.3399,3,0,3,0,0,0,1,96,0,2.0000,-1,6,6,15,0,27,0,0,0,0
126.3597,3,0,3,0,0,0,1,96,0,2.0000,-1,6,6,15,0,27,0,0,0,0
126.3796,3,0,3,0,0,0,1,96,0,2.0000,-1,6,6,15,0,27,0,0,0,0
126.4163,3,0,3,0,0,0,1,96,0,2.0000,-1,6,6,15,0,27,0,0,0,0
126.4273,3,0,3,0,0,0,1,96,0,2.0000,-1,6,6,15,0,27,0,0,0,0
126.4398,3,0,3,0,0,0,1,96,0,2.0000,-1,6,6,15,0,27,0,0,0,0
126.4588,3,0,3,0,0,0,1,96,0,2.0000,-1,6,6,15,0,27,0,0,0,0
126.4783,3,0,3,0,0,0,1,96,0,2.0000,-1,6,6,15,0,27,0,0,0,0
126.4976,3,0,3,0,0,0,1,96,0,2.0000,-1,6,6,15,0,27,0,0,0,0
126.5177,3,0,3,0,0,0,1,96,0,2.0000,-1,6,6,15,0,27,0,0,0,0
126.537,3,0,3,0,0,0,1,96,0,2.0000,-1,6,6,15,0,27,0,0,0,0
126.5557,3,0,3,0,0,0,1,96,0,2.0000,-1,6,6,15,0,27,0,0,0,0
126.5747,3,0,3,0,0,0,1,96,0,2.0000,-1,6,6,15,0,27,0,0,0,0
126.5943,3,0,3,0,0,0,1,96,0,2.0000,-1,6,6,15,0,27,0,0,0,0
126.6128,3,0,3,0,0,0,1,96,0,2.0000,-1,6,6,15,0,27,0,0,0,0
126.6331,3,0,3,0,0,0,1,96,0,2.0000,-1,6,6,15,0,27,0,0,0,0
126.6526,3,0,3,0,0,0,1,96,0,2.0000,-1,6,6,15,0,27,0,0,0,0
126.6709,3,0,3,0,0,0,1,96,0,2.0000,-1,6,6,15,0,27,0,0,0,0
126.6883,3,0,3,0,0,0,1,96,0,2.0000,-1,6,6,15,0,27,0,0,0,0
126.708,3,0,3,0,0,0,1,96,0,2.0000,-1,6,6,15,0,27,0,0,0,0
126.7277,3,0,3,0,0,0,1,96,0,2.0000,-1,6,6,15,0,27,0,0,0,0
126.7476,3,0,3,0,0,0,1,96,0,2.0000,-1,6,6,15,0,27,0,0,0,0
126.7658,3,0,3,0,0,0,1,96,0,2.0000,-1,6,6,15,0,27,0,0,0,0
126.7851,3,0,3,0,0,0,1,96,0,2.0000,-1,6,6,15,0,27,0,0,0,0
126.8044,3,0,3,0,0,0,1,96,0,2.0000,-1,6,6,15,0,27,0,0,0,0
126.8246,3,0,3,0,0,0,1,96,0,2.0000,-1,6,6,15,0,27,0,0,0,0
126.843,3,0,3,0,0,0,1,96,1,3.0000,-1,6,6,15,0,27,0,0,0,0
126.8623,3,0,3,0,0,0,1,96,0,3.0000,-1,6,6,15,0,27,0,0,0,0
126.8819,3,0,3,0,0,0,0,-1,0,3.0000,-1,6,6,15,0,27,0,0,0,0
126.901,3,0,3,0,0,0,0,-1,0,2.0000,-1,6,6,15,0,27,0,0,0,0
126.9194,3,0,3,0,0,0,0,-1,0,2.0000,-1,6,6,15,0,27,0,0,0,0
126.9403,3,0,3,0,0,0,1,98,0,2.0000,-1,6,6,15,0,27,0,0,0,0
126.9591,3,0,3,0,0,0,1,98,0,2.0000,-1,6,6,15,0,27,0,0,0,0
126.9784,3,0,3,0,0,0,1,98,0,2.0000,96,6,6,16,0,28,0,0,0,0
126.9982,3,0,3,0,0,0,1,98,0,2.0000,-1,6,6,16,0,28,0,0,0,0
127.0173,3,0,3,0,0,0,1,98,1,3.0000,-1,6,6,16,0,28,0,0,0,0
127.0521,3,0,3,0,0,0,1,98,0,3.0000,-1,6,6,16,0,28,0,0,0,0
127.0653,3,0,3,0,0,0,1,98,0,3.0000,-1,6,6,16,0,28,0,0,0,0
127.0783,3,0,3,0,0,0,1,98,0,3.0000,-1,6,6,16,0,28,0,0,0,0
127.0969,3,0,3,0,0,0,1,98,0,3.0000,-1,6,6,16,0,28,0,0,0,0
127.117,3,0,3,0,0,0,1,98,0,3.0000,-1,6,6,16,0,28,0,0,0,0
127.1378,3,0,3,0,0,0,1,98,0,3.0000,-1,6,6,16,0,28,0,0,0,0
127.1549,3,0,3,0,0,0,1,98,0,3.0000,-1,6,6,16,0,28,0,0,0,0
127.1741,3,0,3,0,0,0,1,98,0,3.0000,-1,6,6,16,0,28,0,0,0,0
127.193,3,0,3,0,0,0,1,98,0,3.0000,-1,6,6,16,0,28,0,0,0,0
127.2129,3,0,3,0,0,0,1,98,0,3.0000,-1,6,6,16,0,28,0,0,0,0
127.2333,3,0,3,0,0,0,1,98,0,3.0000,-1,6,6,16,0,28,0,0,0,0
127.2519,3,0,3,0,0,0,1,98,0,3.0000,-1,6,6,16,0,28,0,0,0,0
127.2707,2,1,4,0,0,0,0,-1,1,4.0000,98,6,7,16,0,29,0,0,0,0
127.2891,2,0,4,0,0,0,0,-1,0,4.0000,-1,6,7,16,0,29,0,0,0,0
127.3082,2,0,4,0,0,0,0,-1,0,4.0000,-1,6,7,16,0,29,0,0,0,0
127.3285,2,0,4,0,0,0,0,-1,0,3.0000,-1,6,7,16,0,29,0,0,0,0
127.3487,2,0,4,0,0,0,0,-1,0,3.0000,-1,6,7,16,0,29,0,0,0,0
127.3671,2,0,4,0,0,0,0,-1,0,3.0000,-1,6,7,16,0,29,0,0,0,0
127.3871,2,0,4,0,0,0,0,-1,1,4.0000,-1,6,7,16,0,29,0,0,0,0
127.4077,2,0,4,0,0,0,0,-1,0,4.0000,-1,6,7,16,0,29,0,0,0,0
127.4264,2,0,4,0,0,0,0,-1,0,4.0000,-1,6,7,16,0,29,0,0,0,0
127.445,2,0,4,0,0,0,0,-1,0,4.0000,-1,6,7,16,0,29,0,0,0,0
127.4802,2,0,4,0,0,0,0,-1,0,4.0000,-1,6,7,16,0,29,0,0,0,0
127.4934,2,0,4,0,0,0,0,-1,0,4.0000,-1,6,7,16,0,29,0,0,0,0
127.5055,2,0,4,0,0,0,1,101,0,4.0000,-1,6,7,16,0,29,0,0,0,0
127.5251,2,0,4,0,0,0,1,101,0,4.0000,-1,6,7,16,0,29,0,0,0,0
127.5452,2,0,4,0,0,0,1,101,0,4.0000,-1,6,7,16,0,29,0,0,0,0
127.5646,2,0,4,0,0,0,1,101,0,4.0000,-1,6,7,16,0,29,0,0,0,0
127.5824,2,0,4,0,0,0,1,101,0,4.0000,-1,6,7,16,0,29,0,0,0,0
127.6013,2,0,4,0,0,0,1,101,0,4.0000,-1,6,7,16,0,29,0,0,0,0
127.6207,2,0,4,0,0,0,1,101,0,4.0000,-1,6,7,16,0,29,0,0,0,0
127.6404,2,0,4,0,0,0,1,101,0,4.0000,-1,6,7,16,0,29,0,0,0,0
127.6612,2,0,4,0,0,0,1,101,1,5.0000,-1,6,7,16,0,29,0,0,0,0
127.6817,2,0,4,0,0,0,0,-1,0,5.0000,-1,6,7,16,0,29,0,0,0,0
127.7023,2,0,4,0,0,0,0,-1,0,5.0000,-1,6,7,16,0,29,0,0,0,0
127.7226,2,0,4,0,0,0,0,-1,0,5.0000,-1,6,7,16,0,29,0,0,0,0
127.7413,2,0,4,0,0,0,1,100,0,5.0000,-1,6,7,16,0,29,0,0,0,0
127.7621,2,0,4,0,0,0,1,100,0,5.0000,-1,6,7,16,0,29,0,0,0,0
127.7834,2,0,4,0,0,0,1,100,0,5.0000,-1,6,7,16,0,29,0,0,0,0
127.8019,2,0,4,0,0,0,1,100,0,5.0000,-1,6,7,16,0,29,0,0,0,0
127.8217,2,0,4,0,0,0,1,100,0,5.0000,-1,6,7,16,0,29,0,0,0,0
127.8445,2,0,4,0,0,0,1,100,0,4.0000,-1,6,7,16,0,29,0,0,0,0
127.8643,2,0,4,0,0,0,1,100,0,4.0000,-1,6,7,16,0,29,0,0,0,0
127.8849,2,0,4,0,0,0,1,100,0,4.0000,-1,6,7,16,0,29,0,0,0,0
127.9044,2,0,4,0,0,0,1,100,0,4.0000,-1,6,7,16,0,29,0,0,0,0
127.9252,2,0,4,0,0,0,1,100,0,4.0000,-1,6,7,16,0,29,0,0,0,0
127.9453,2,0,4,0,0,0,1,100,0,4.0000,-1,6,7,16,0,29,0,0,0,0
127.9681,2,0,4,0,0,0,1,100,0,4.0000,-1,6,7,16,0,29,0,0,0,0
127.9854,2,0,4,0,0,0,1,99,0,4.0000,100,6,8,16,0,30,0,0,0,0
128.0062,2,0,4,0,0,0,1,99,0,4.0000,-1,6,8,16,0,30,0,0,0,0
128.0279,2,0,4,0,0,0,1,99,0,3.0000,-1,6,8,16,0,30,0,0,0,0
128.0466,2,0,4,0,0,0,1,99,0,3.0000,-1,6,8,16,0,30,0,0,0,0
128.0656,2,0,4,0,0,0,1,99,0,3.0000,-1,6,8,16,0,30,0,0,0,0
128.1019,2,0,4,0,0,0,1,99,0,3.0000,-1,6,8,16,0,30,0,0,0,0
128.1154,2,0,4,0,0,0,1,99,0,3.0000,-1,6,8,16,0,30,0,0,0,0
128.1278,2,0,4,0,0,0,1,99,0,3.0000,-1,6,8,16,0,30,0,0,0,0
128.1482,2,0,4,0,0,0,1,99,0,3.0000,-1,6,8,16,0,30,0,0,0,0
128.1675,2,0,4,0,0,0,1,99,0,3.0000,-1,6,8,16,0,30,0,0,0,0
128.1869,2,0,4,0,0,0,1,99,0,3.0000,-1,6,8,16,0,30,0,0,0,0
128.206,2,0,4,0,0,0,1,99,0,3.0000,-1,6,8,16,0,30,0,0,0,0
128.2251,2,0,4,0,0,0,1,99,0,3.0000,-1,6,8,16,0,30,0,0,0,0
128.2426,2,0,4,0,0,0,1,99,0,3.0000,-1,6,8,16,0,30,0,0,0,0
128.2617,2,0,4,0,0,0,1,99,0,3.0000,-1,6,8,16,0,30,0,0,0,0
128.2812,2,0,4,0,0,0,1,99,0,2.0000,-1,6,8,16,0,30,0,0,0,0
128.3005,2,0,4,0,0,0,1,99,0,2.0000,-1,6,8,16,0,30,0,0,0,0
128.3206,2,0,4,0,0,0,1,99,0,2.0000,-1,6,8,16,0,30,0,0,0,0
128.3385,2,0,4,0,0,0,1,99,0,2.0000,-1,6,8,16,0,30,0,0,0,0
128.3586,2,0,4,0,0,0,1,99,0,2.0000,-1,6,8,16,0,30,0,0,0,0
128.3764,2,0,4,0,0,0,1,99,0,2.0000,-1,6,8,16,0,30,0,0,0,0
128.3978,2,0,4,0,0,0,1,99,0,1.0000,-1,6,8,16,0,30,0,0,0,0
128.4171,2,0,4,0,0,0,1,99,0,1.0000,-1,6,8,16,0,30,0,0,0,0
128.4362,2,0,4,0,0,0,1,99,0,1.0000,-1,6,8,16,0,30,0,0,0,0
128.4559,2,0,4,0,0,0,0,-1,1,2.0000,-1,6,8,16,0,30,0,0,0,0
128.4753,2,0,4,0,0,0,0,-1,1,3.0000,-1,6,8,16,0,30,0,0,0,0
128.4941,2,0,4,0,0,0,0,-1,0,3.0000,-1,6,8,16,0,30,0,0,0,0
128.5145,2,0,4,0,0,0,0,-1,0,3.0000,-1,6,8,16,0,30,0,0,0,0
128.5323,2,0,4,0,0,0,1,103,0,3.0000,-1,6,8,16,0,30,0,0,0,0
128.5517,2,0,4,0,0,0,1,103,0,3.0000,-1,6,8,16,0,30,0,0,0,0
128.5712,2,0,4,0,0,0,1,103,0,3.0000,-1,6,8,16,0,30,0,0,0,0
128.5896,2,0,4,0,0,0,1,103,0,3.0000,-1,6,8,16,0,30,0,0,0,0
128.6096,2,0,4,0,0,0,1,103,0,3.0000,-1,6,8,16,0,30,0,0,0,0
128.6296,2,0,4,0,0,0,1,103,0,3.0000,-1,6,8,16,0,30,0,0,0,0
128.6481,2,0,4,0,0,0,1,103,0,3.0000,-1,6,8,16,0,30,0,0,0,0
128.6667,2,0,4,0,0,0,1,103,0,2.0000,-1,6,8,16,0,30,0,0,0,0
128.6857,2,0,4,0,0,0,1,103,0,2.0000,-1,6,8,16,0,30,0,0,0,0
128.7044,2,0,4,0,0,0,1,103,0,2.0000,-1,6,8,16,0,30,0,0,0,0
128.7245,2,0,4,0,0,0,1,103,0,2.0000,-1,6,8,16,0,30,0,0,0,0
128.7441,2,0,4,0,0,0,1,103,0,2.0000,-1,6,8,16,0,30,0,0,0,0
128.7624,2,0,4,0,0,0,1,103,0,2.0000,-1,6,8,16,0,30,0,0,0,0
128.7819,2,0,4,0,0,0,1,103,0,2.0000,-1,6,8,16,0,30,0,0,0,0
128.8015,2,0,4,0,0,0,1,103,0,2.0000,-1,6,8,16,0,30,0,0,0,0
128.8202,2,0,4,0,0,0,1,103,0,2.0000,-1,6,8,16,0,30,0,0,0,0
128.8385,2,0,4,0,0,0,1,103,0,2.0000,-1,6,8,16,0,30,0,0,0,0
128.8573,2,0,4,0,0,0,1,103,0,2.0000,-1,6,8,16,0,30,0,0,0,0
128.8776,2,0,4,0,0,0,1,103,0,2.0000,-1,6,8,16,0,30,0,0,0,0
128.8963,2,0,4,0,0,0,1,103,0,2.0000,-1,6,8,16,0,30,0,0,0,0
128.9146,2,0,4,0,0,0,1,103,0,2.0000,-1,6,8,16,0,30,0,0,0,0
128.9507,2,0,4,0,0,0,1,103,0,2.0000,-1,6,8,16,0,30,0,0,0,0
128.9615,2,0,4,0,0,0,1,103,0,2.0000,-1,6,8,16,0,30,0,0,0,0
128.9736,2,0,4,0,0,0,1,103,0,2.0000,-1,6,8,16,0,30,0,0,0,0
128.9935,2,0,4,0,0,0,1,103,0,2.0000,-1,6,8,16,0,30,0,0,0,0
129.0125,2,0,4,0,0,0,1,103,1,3.0000,-1,6,8,16,0,30,0,0,0,0
129.0319,2,0,4,0,0,0,1,103,0,3.0000,-1,6,8,16,0,30,0,0,0,0
129.051,2,0,4,0,0,0,1,103,0,3.0000,-1,6,8,16,0,30,0,0,0,0
129.0707,2,0,4,0,0,0,1,103,0,3.0000,-1,6,8,16,0,30,0,0,0,0
129.0889,2,0,4,0,0,0,1,103,0,3.0000,-1,6,8,16,0,30,0,0,0,0
129.1072,2,0,4,0,0,0,1,103,0,3.0000,-1,6,8,16,0,30,0,0,0,0
129.1267,2,0,4,0,0,0,1,103,0,3.0000,-1,6,8,16,0,30,0,0,0,0
129.1623,2,0,4,0,0,0,1,103,0,3.0000,-1,6,8,16,0,30,0,0,0,0
129.174,2,0,4,0,0,0,1,103,0,3.0000,-1,6,8,16,0,30,0,0,0,0
129.1866,2,0,4,0,0,0,1,102,0,3.0000,103,6,9,16,0,31,0,0,0,0
129.2061,2,0,4,0,0,0,1,102,0,3.0000,-1,6,9,16,0,31,0,0,0,0
129.2266,2,0,4,0,0,0,1,102,0,3.0000,-1,6,9,16,0,31,0,0,0,0
129.245,2,0,4,0,0,0,1,102,0,3.0000,-1,6,9,16,0,31,0,0,0,0
129.2646,2,0,4,0,0,0,1,102,0,3.0000,-1,6,9,16,0,31,0,0,0,0
129.2838,2,0,4,0,0,0,1,102,0,3.0000,-1,6,9,16,0,31,0,0,0,0
129.3038,2,0,4,0,0,0,1,102,0,3.0000,-1,6,9,16,0,31,0,0,0,0
129.3228,2,0,4,0,0,0,1,102,0,3.0000,-1,6,9,16,0,31,0,0,0,0
129.3425,2,0,4,0,0,0,1,102,0,3.0000,-1,6,9,16,0,31,0,0,0,0
129.3778,2,0,4,0,0,0,1,102,0,3.0000,-1,6,9,16,0,31,0,0,0,0
129.3887,2,0,4,0,0,0,1,102,0,3.0000,-1,6,9,16,0,31,0,0,0,0
129.4037,2,0,4,0,0,0,1,102,0,3.0000,-1,6,9,16,0,31,0,0,0,0
129.4237,2,0,4,0,0,0,1,102,0,3.0000,-1,6,9,16,0,31,0,0,0,0
129.443,2,0,4,0,0,0,1,102,0,3.0000,-1,6,9,16,0,31,0,0,0,0
129.4623,2,0,4,0,0,0,1,102,0,2.0000,-1,6,9,16,0,31,0,0,0,0
129.4827,2,0,4,0,0,0,1,102,0,1.0000,-1,6,9,16,0,31,0,0,0,0
129.502,2,0,4,0,0,0,1,102,0,1.0000,-1,6,9,16,0,31,0,0,0,0
129.5222,2,0,4,0,0,0,1,102,0,1.0000,-1,6,9,16,0,31,0,0,0,0
129.5391,2,0,4,0,0,0,1,102,0,1.0000,-1,6,9,16,0,31,0,0,0,0
129.5605,2,0,4,0,0,0,1,102,0,1.0000,-1,6,9,16,0,31,0,0,0,0
129.5968,2,0,4,0,0,0,1,102,1,2.0000,-1,6,9,16,0,31,0,0,0,0
129.6084,2,0,4,0,0,0,0,-1,0,2.0000,-1,6,9,16,0,31,0,0,0,0
129.6209,2,0,4,0,0,0,0,-1,0,2.0000,-1,6,9,16,0,31,0,0,0,0
129.6412,2,0,4,0,0,0,0,-1,0,2.0000,-1,6,9,16,0,31,0,0,0,0
129.6597,2,0,4,0,0,0,0,-1,0,2.0000,-1,6,9,16,0,31,0,0,0,0
129.6798,2,0,4,0,0,0,0,-1,0,2.0000,-1,6,9,16,0,31,0,0,0,0
129.6991,2,0,4,0,0,0,0,-1,0,2.0000,-1,6,9,16,0,31,0,0,0,0
129.7196,2,0,4,0,0,0,0,-1,0,2.0000,-1,6,9,16,0,31,0,0,0,0
129.7374,2,0,4,0,0,0,0,-1,0,2.0000,-1,6,9,16,0,31,0,0,0,0
129.7578,2,0,4,0,0,0,0,-1,0,2.0000,-1,6,9,16,0,31,0,0,0,0
129.776,2,0,4,0,0,0,0,-1,0,2.0000,-1,6,9,16,0,31,0,0,0,0
129.7946,2,0,4,0,0,0,0,-1,0,2.0000,-1,6,9,16,0,31,0,0,0,0
129.8162,2,0,4,0,0,0,0,-1,0,2.0000,-1,6,9,16,0,31,0,0,0,0
129.8351,2,0,4,0,0,0,0,-1,0,2.0000,-1,6,9,16,0,31,0,0,0,0
129.8542,2,0,4,0,0,0,0,-1,0,2.0000,-1,6,9,16,0,31,0,0,0,0
129.8716,2,0,4,0,0,0,0,-1,0,2.0000,-1,6,9,16,0,31,0,0,0,0
129.8925,2,0,4,0,0,0,0,-1,0,2.0000,-1,6,9,16,0,31,0,0,0,0
129.9108,2,0,4,0,0,0,0,-1,0,2.0000,-1,6,9,16,0,31,0,0,0,0
129.9294,2,0,4,0,0,0,0,-1,0,2.0000,-1,6,9,16,0,31,0,0,0,0
129.9488,2,0,4,0,0,0,0,-1,0,2.0000,-1,6,9,16,0,31,0,0,0,0
129.9688,2,0,4,0,0,0,0,-1,0,2.0000,-1,6,9,16,0,31,0,0,0,0
129.9868,2,0,4,0,0,0,0,-1,0,2.0000,-1,6,9,16,0,31,0,0,0,0
130.0061,2,0,4,0,0,0,0,-1,0,2.0000,-1,6,9,16,0,31,0,0,0,0
130.0252,2,0,4,0,0,0,0,-1,0,1.0000,-1,6,9,16,0,31,0,0,0,0
130.0456,2,0,4,0,0,0,0,-1,0,1.0000,-1,6,9,16,0,31,0,0,0,0
130.0642,2,0,4,0,0,0,0,-1,0,1.0000,-1,6,9,16,0,31,0,0,0,0
130.0818,2,0,4,0,0,0,0,-1,0,1.0000,-1,6,9,16,0,31,0,0,0,0
130.1024,2,0,4,0,0,0,0,-1,0,1.0000,-1,6,9,16,0,31,0,0,0,0
130.1208,2,0,4,0,0,0,0,-1,0,1.0000,-1,6,9,16,0,31,0,0,0,0
130.1387,2,0,4,0,0,0,0,-1,0,1.0000,-1,6,9,16,0,31,0,0,0,0
130.1581,2,0,4,0,0,0,0,-1,0,1.0000,-1,6,9,16,0,31,0,0,0,0
130.1777,2,0,4,0,0,0,0,-1,0,1.0000,-1,6,9,16,0,31,0,0,0,0
130.1953,2,0,4,0,0,0,0,-1,0,1.0000,-1,6,9,16,0,31,0,0,0,0
130.2145,2,0,4,0,0,0,0,-1,0,1.0000,-1,6,9,16,0,31,0,0,0,0
130.2335,2,0,4,0,0,0,0,-1,0,1.0000,-1,6,9,16,0,31,0,0,0,0
130.2509,2,0,4,0,0,0,0,-1,0,1.0000,-1,6,9,16,0,31,0,0,0,0
130.2717,2,0,4,0,0,0,0,-1,0,1.0000,-1,6,9,16,0,31,0,0,0,0
130.2912,2,0,4,0,0,0,0,-1,0,1.0000,-1,6,9,16,0,31,0,0,0,0
130.3102,2,0,4,0,0,0,0,-1,0,1.0000,-1,6,9,16,0,31,0,0,0,0
130.3256,2,0,4,0,0,0,0,-1,0,1.0000,-1,6,9,16,0,31,0,0,0,0
130.3465,2,0,4,0,0,0,0,-1,0,1.0000,-1,6,9,16,0,31,0,0,0,0
130.3659,2,0,4,0,0,0,0,-1,0,1.0000,-1,6,9,16,0,31,0,0,0,0
130.3818,2,0,4,0,0,0,0,-1,0,1.0000,-1,6,9,16,0,31,0,0,0,0
130.4021,2,0,4,0,0,0,0,-1,0,1.0000,-1,6,9,16,0,31,0,0,0,0
130.4386,2,0,4,0,0,0,0,-1,0,1.0000,-1,6,9,16,0,31,0,0,0,0
130.4497,2,0,4,0,0,0,0,-1,0,1.0000,-1,6,9,16,0,31,0,0,0,0
130.4615,2,0,4,0,0,0,0,-1,0,1.0000,-1,6,9,16,0,31,0,0,0,0
130.4799,2,0,4,0,0,0,0,-1,0,1.0000,-1,6,9,16,0,31,0,0,0,0
130.499,2,0,4,0,0,0,0,-1,0,1.0000,-1,6,9,16,0,31,0,0,0,0
130.5177,2,0,4,0,0,0,0,-1,0,1.0000,-1,6,9,16,0,31,0,0,0,0
130.5367,2,0,4,0,0,0,0,-1,0,1.0000,-1,6,9,16,0,31,0,0,0,0
130.5556,2,0,4,0,0,0,0,-1,0,1.0000,-1,6,9,16,0,31,0,0,0,0
130.5748,2,0,4,0,0,0,0,-1,0,1.0000,-1,6,9,16,0,31,0,0,0,0
130.5935,2,0,4,0,0,0,0,-1,0,1.0000,-1,6,9,16,0,31,0,0,0,0
130.6136,2,0,4,0,0,0,0,-1,0,0.0000,-1,6,9,16,0,31,0,0,0,0
130.6329,2,0,4,0,0,0,0,-1,0,0.0000,-1,6,9,16,0,31,0,0,0,0
130.6515,2,0,4,0,0,0,0,-1,0,0.0000,-1,6,9,16,0,31,0,0,0,0
130.6702,2,0,4,0,0,0,0,-1,0,0.0000,-1,6,9,16,0,31,0,0,0,0
130.6898,2,0,4,0,0,0,0,-1,0,0.0000,-1,6,9,16,0,31,0,0,0,0
130.7094,2,0,4,0,0,0,0,-1,1,1.0000,-1,6,9,16,0,31,0,0,0,0
130.729,2,0,4,0,0,0,0,-1,0,1.0000,-1,6,9,16,0,31,0,0,0,0
130.7486,2,0,4,0,0,0,1,106,0,1.0000,-1,6,9,16,0,31,0,0,0,0
130.7679,2,0,4,0,0,0,1,106,0,1.0000,-1,6,9,16,0,31,0,0,0,0
130.7867,2,0,4,0,0,0,1,105,0,1.0000,-1,6,9,16,0,31,0,0,0,0
130.806,2,0,4,0,0,0,1,105,0,1.0000,-1,6,9,16,0,31,0,0,0,0
130.8256,2,0,4,0,0,0,1,105,0,1.0000,-1,6,9,16,0,31,0,0,0,0
130.8437,2,0,4,0,0,0,1,106,0,1.0000,-1,6,9,16,0,31,0,0,0,0
130.8617,2,0,4,0,0,0,1,106,0,1.0000,-1,6,9,16,0,31,0,0,0,0
130.8828,2,0,4,0,0,0,1,106,0,1.0000,-1,6,9,16,0,31,0,0,0,0
130.902,2,0,4,0,0,0,1,106,0,1.0000,-1,6,9,16,0,31,0,0,0,0
130.9188,2,0,4,0,0,0,1,106,0,1.0000,-1,6,9,16,0,31,0,0,0,0
130.9383,2,0,4,0,0,0,1,106,0,1.0000,-1,6,9,16,0,31,0,0,0,0
130.9599,2,0,4,0,0,0,1,106,0,1.0000,-1,6,9,16,0,31,0,0,0,0
130.9784,2,0,4,0,0,0,1,106,0,1.0000,-1,6,9,16,0,31,0,0,0,0
130.9948,2,0,4,0,0,0,1,106,0,1.0000,-1,6,9,16,0,31,0,0,0,0
131.0158,2,0,4,0,0,0,1,106,1,2.0000,-1,6,9,16,0,31,0,0,0,0
131.0337,2,0,4,0,0,0,1,106,0,2.0000,-1,6,9,16,0,31,0,0,0,0
131.053,2,0,4,0,0,0,1,106,0,2.0000,-1,6,9,16,0,31,0,0,0,0
131.0706,2,0,4,0,0,0,1,106,0,2.0000,-1,6,9,16,0,31,0,0,0,0
131.091,2,0,4,0,0,0,1,106,0,2.0000,-1,6,9,16,0,31,0,0,0,0
131.1093,2,0,4,0,0,0,1,106,0,2.0000,-1,6,9,16,0,31,0,0,0,0
131.1266,2,0,4,0,0,0,1,106,0,2.0000,-1,6,9,16,0,31,0,0,0,0
131.1481,2,0,4,0,0,0,1,106,0,2.0000,-1,6,9,16,0,31,0,0,0,0
131.1655,2,0,4,0,0,0,1,106,0,2.0000,-1,6,9,16,0,31,0,0,0,0
131.1828,2,0,4,0,0,0,1,106,0,2.0000,-1,6,9,16,0,31,0,0,0,0
131.2034,2,0,4,0,0,0,1,106,0,2.0000,-1,6,9,16,0,31,0,0,0,0
131.2216,2,0,4,0,0,0,1,106,0,2.0000,-1,6,9,16,0,31,0,0,0,0
131.2394,2,0,4,0,0,0,1,106,0,2.0000,-1,6,9,16,0,31,0,0,0,0
131.2593,2,0,4,0,0,0,1,106,0,2.0000,-1,6,9,16,0,31,0,0,0,0
131.2769,2,0,4,0,0,0,1,106,0,2.0000,-1,6,9,16,0,31,0,0,0,0
131.2947,2,0,4,0,0,0,1,106,1,3.0000,-1,6,9,16,0,31,0,0,0,0
131.3154,2,0,4,0,0,0,1,106,0,3.0000,-1,6,9,16,0,31,0,0,0,0
131.3326,2,0,4,0,0,0,1,106,0,3.0000,-1,6,9,16,0,31,0,0,0,0
131.3515,2,0,4,0,0,0,1,106,0,3.0000,-1,6,9,16,0,31,0,0,0,0
131.3704,2,0,4,0,0,0,1,106,0,3.0000,-1,6,9,16,0,31,0,0,0,0
131.3882,2,0,4,0,0,0,1,106,0,3.0000,-1,6,9,16,0,31,0,0,0,0
131.4076,2,0,4,0,0,0,1,106,0,3.0000,-1,6,9,16,0,31,0,0,0,0
131.4268,2,0,4,0,0,0,1,106,0,3.0000,-1,6,9,16,0,31,0,0,0,0
131.4459,2,0,4,0,0,0,1,106,0,3.0000,-1,6,9,16,0,31,0,0,0,0
131.4644,2,0,4,0,0,0,1,106,0,3.0000,-1,6,9,16,0,31,0,0,0,0
131.4817,2,0,4,0,0,0,0,-1,0,3.0000,106,6,10,16,0,32,0,0,0,0
131.5017,2,0,4,0,0,0,0,-1,1,4.0000,-1,6,10,16,0,32,0,0,0,0
131.5204,2,0,4,0,0,0,0,-1,0,4.0000,-1,6,10,16,0,32,0,0,0,0
131.5379,2,0,4,0,0,0,0,-1,0,4.0000,-1,6,10,16,0,32,0,0,0,0
131.5584,2,0,4,0,0,0,0,-1,0,4.0000,-1,6,10,16,0,32,0,0,0,0
131.5785,2,0,4,0,0,0,0,-1,0,4.0000,-1,6,10,16,0,32,0,0,0,0
131.5951,2,0,4,0,0,0,0,-1,0,4.0000,-1,6,10,16,0,32,0,0,0,0
131.6161,2,0,4,0,0,0,0,-1,0,4.0000,-1,6,10,16,0,32,0,0,0,0
131.6337,2,0,4,0,0,0,0,-1,0,4.0000,-1,6,10,16,0,32,0,0,0,0
131.6531,2,0,4,0,0,0,0,-1,0,4.0000,-1,6,10,16,0,32,0,0,0,0
131.6876,2,0,4,0,0,0,0,-1,0,4.0000,-1,6,10,16,0,32,0,0,0,0
131.6999,2,0,4,0,0,0,0,-1,0,4.0000,-1,6,10,16,0,32,0,0,0,0
131.7125,2,0,4,0,0,0,0,-1,0,3.0000,-1,6,10,16,0,32,0,0,0,0
131.7318,2,0,4,0,0,0,0,-1,0,3.0000,-1,6,10,16,0,32,0,0,0,0
131.7514,2,0,4,0,0,0,0,-1,0,3.0000,-1,6,10,16,0,32,0,0,0,0
131.7699,2,0,4,0,0,0,0,-1,0,3.0000,-1,6,10,16,0,32,0,0,0,0
131.7889,2,0,4,0,0,0,0,-1,0,3.0000,-1,6,10,16,0,32,0,0,0,0
131.8077,2,0,4,0,0,0,0,-1,0,3.0000,-1,6,10,16,0,32,0,0,0,0
131.8264,2,0,4,0,0,0,0,-1,0,3.0000,-1,6,10,16,0,32,0,0,0,0
131.8466,2,0,4,0,0,0,0,-1,0,3.0000,-1,6,10,16,0,32,0,0,0,0
131.8652,2,0,4,0,0,0,0,-1,0,3.0000,-1,6,10,16,0,32,0,0,0,0
131.9016,2,0,4,0,0,0,0,-1,0,3.0000,-1,6,10,16,0,32,0,0,0,0
131.9138,2,0,4,0,0,0,0,-1,0,3.0000,-1,6,10,16,0,32,0,0,0,0
131.9268,2,0,4,1,0,0,0,-1,0,3.0000,-1,6,10,16,0,32,0,0,0,0
131.9464,2,0,4,1,0,0,0,-1,0,3.0000,-1,6,10,16,0,32,0,0,0,0
131.9654,2,0,4,1,0,0,0,-1,0,3.0000,-1,6,10,16,0,32,0,0,0,0
131.985,2,0,4,1,0,0,0,-1,0,3.0000,-1,6,10,16,0,32,0,0,0,0
132.0031,2,0,4,1,0,0,0,-1,0,3.0000,-1,6,10,16,0,32,0,0,0,0
132.024,2,0,4,1,0,0,0,-1,0,2.0000,-1,6,10,16,0,32,0,0,0,0
132.0428,2,0,4,1,0,0,0,-1,0,2.0000,-1,6,10,16,0,32,0,0,0,0
132.0602,2,0,4,1,0,0,0,-1,0,2.0000,-1,6,10,16,0,32,0,0,0,0
132.0806,2,0,4,1,0,0,0,-1,0,2.0000,-1,6,10,16,0,32,0,0,0,0
132.1165,2,0,4,1,0,0,0,-1,0,2.0000,-1,6,10,16,0,32,0,0,0,0
132.1274,2,0,4,1,0,0,0,-1,0,2.0000,-1,6,10,16,0,32,0,0,0,0
132.1397,2,0,4,1,0,0,0,-1,0,2.0000,-1,6,10,16,0,32,0,0,0,0
132.1585,2,0,4,1,0,0,0,-1,0,2.0000,-1,6,10,16,0,32,0,0,0,0
132.1782,2,0,4,1,0,0,0,-1,0,2.0000,-1,6,10,16,0,32,0,0,0,0
132.197,2,0,4,1,0,0,0,-1,0,2.0000,-1,6,10,16,0,32,0,0,0,0
132.2152,2,0,4,1,0,0,0,-1,0,2.0000,-1,6,10,16,0,32,0,0,0,0
132.2363,2,0,4,1,0,0,0,-1,0,2.0000,-1,6,10,16,0,32,0,0,0,0
132.2543,2,0,4,1,0,0,0,-1,0,2.0000,-1,6,10,16,0,32,0,0,0,0
132.2732,2,0,4,1,0,0,0,-1,0,2.0000,-1,6,10,16,0,32,0,0,0,0
132.2926,2,0,4,1,0,0,0,-1,0,2.0000,-1,6,10,16,0,32,0,0,0,0
132.3285,2,0,4,1,0,0,0,-1,0,1.0000,-1,6,10,16,0,32,0,0,0,0
132.3407,2,0,4,1,0,0,0,-1,1,2.0000,-1,6,10,16,0,32,0,0,0,0
132.3534,2,0,4,1,0,0,0,-1,0,2.0000,-1,6,10,16,0,32,0,0,0,0
132.3726,2,0,4,1,0,0,0,-1,0,2.0000,-1,6,10,16,0,32,0,0,0,0
132.3917,2,0,4,1,0,0,0,-1,0,2.0000,-1,6,10,16,0,32,0,0,0,0
132.4112,2,0,4,1,0,0,0,-1,0,2.0000,-1,6,10,16,0,32,0,0,0,0
132.4308,2,0,4,1,0,0,0,-1,0,2.0000,-1,6,10,16,0,32,0,0,0,0
132.4483,2,0,4,1,0,0,0,-1,0,2.0000,-1,6,10,16,0,32,0,0,0,0
132.4678,2,0,4,1,0,0,0,-1,0,2.0000,-1,6,10,16,0,32,0,0,0,0
132.4865,2,0,4,1,0,0,0,-1,0,2.0000,-1,6,10,16,0,32,0,0,0,0
132.506,2,0,4,1,0,0,0,-1,0,1.0000,-1,6,10,16,0,32,0,0,0,0
132.5246,2,0,4,1,0,0,0,-1,0,1.0000,-1,6,10,16,0,32,0,0,0,0
132.5428,2,0,4,1,0,0,0,-1,0,1.0000,-1,6,10,16,0,32,0,0,0,0
132.5631,2,0,4,1,0,0,0,-1,0,1.0000,-1,6,10,16,0,32,0,0,0,0
132.5817,2,0,4,1,0,0,0,-1,0,1.0000,-1,6,10,16,0,32,0,0,0,0
132.5998,2,0,4,1,0,0,0,-1,0,1.0000,-1,6,10,16,0,32,0,0,0,0
132.618,2,0,4,1,0,0,0,-1,0,1.0000,-1,6,10,16,0,32,0,0,0,0
132.6368,2,0,4,1,0,0,0,-1,0,1.0000,-1,6,10,16,0,32,0,0,0,0
132.6559,2,0,4,1,0,0,0,-1,0,1.0000,-1,6,10,16,0,32,0,0,0,0
132.6741,2,0,4,1,0,0,0,-1,0,1.0000,-1,6,10,16,0,32,0,0,0,0
132.6915,2,0,4,1,1,0,0,-1,0,1.0000,-1,6,10,16,0,32,0,0,0,0
132.7117,2,0,4,1,1,0,0,-1,0,1.0000,-1,6,10,16,0,32,0,0,0,0
132.7291,2,0,4,1,1,0,0,-1,0,1.0000,-1,6,10,16,0,32,0,0,0,0
132.7478,2,0,4,1,1,0,0,-1,0,1.0000,-1,6,10,16,0,32,0,0,0,0
132.7697,2,0,4,1,1,0,0,-1,0,1.0000,-1,6,10,16,0,32,0,0,0,0
132.7877,2,0,4,1,1,0,0,-1,0,1.0000,-1,6,10,16,0,32,0,0,0,0
132.8038,2,0,4,1,1,0,0,-1,0,1.0000,-1,6,10,16,0,32,0,0,0,0
132.8237,2,0,4,1,1,0,0,-1,0,1.0000,-1,6,10,16,0,32,0,0,0,0
132.8413,2,0,4,1,1,0,0,-1,0,1.0000,-1,6,10,16,0,32,0,0,0,0
132.8584,2,0,4,1,1,0,0,-1,0,1.0000,-1,6,10,16,0,32,0,0,0,0
132.8789,2,0,4,1,1,0,0,-1,0,1.0000,-1,6,10,16,0,32,0,0,0,0
132.8984,2,0,4,1,1,0,0,-1,0,1.0000,-1,6,10,16,0,32,0,0,0,0
132.9156,2,0,4,1,1,0,0,-1,0,1.0000,-1,6,10,16,0,32,0,0,0,0
132.9336,2,0,4,1,1,0,0,-1,0,1.0000,-1,6,10,16,0,32,0,0,0,0
132.9521,2,0,4,1,1,0,0,-1,0,1.0000,-1,6,10,16,0,32,0,0,0,0
132.9707,2,0,4,1,1,0,0,-1,0,1.0000,-1,6,10,16,0,32,0,0,0,0
132.9899,2,0,4,1,1,0,0,-1,0,1.0000,-1,6,10,16,0,32,0,0,0,0
133.0086,2,0,4,1,1,0,0,-1,0,1.0000,-1,6,10,16,0,32,0,0,0,0
133.0256,2,0,4,1,1,0,0,-1,0,1.0000,-1,6,10,16,0,32,0,0,0,0
133.0451,2,0,4,1,1,0,0,-1,0,1.0000,-1,6,10,16,0,32,0,0,0,0
133.0647,2,0,4,1,1,0,0,-1,0,1.0000,-1,6,10,16,0,32,0,0,0,0
133.0821,2,0,4,1,1,0,0,-1,0,1.0000,-1,6,10,16,0,32,0,0,0,0
133.0996,2,0,4,1,1,0,0,-1,0,1.0000,-1,6,10,16,0,32,0,0,0,0
133.1186,2,0,4,1,1,0,0,-1,0,1.0000,-1,6,10,16,0,32,0,0,0,0
133.1371,2,0,4,1,1,0,0,-1,0,1.0000,-1,6,10,16,0,32,0,0,0,0
133.1546,2,0,4,1,1,0,0,-1,0,1.0000,-1,6,10,16,0,32,0,0,0,0
133.1732,2,0,4,1,1,0,0,-1,0,1.0000,-1,6,10,16,0,32,0,0,0,0
133.1921,2,0,4,1,1,0,0,-1,0,1.0000,-1,6,10,16,0,32,0,0,0,0
133.2096,2,0,4,1,1,0,0,-1,0,1.0000,-1,6,10,16,0,32,0,0,0,0
133.229,2,0,4,1,1,0,0,-1,0,1.0000,-1,6,10,16,0,32,0,0,0,0
133.2525,2,0,4,1,1,0,0,-1,0,1.0000,-1,6,10,16,0,32,0,0,0,0
133.2684,2,0,4,1,1,0,0,-1,0,1.0000,-1,6,10,16,0,32,0,0,0,0
133.2877,2,0,4,1,1,0,0,-1,0,1.0000,-1,6,10,16,0,32,0,0,0,0
133.3077,2,0,4,1,1,0,0,-1,0,1.0000,-1,6,10,16,0,32,0,0,0,0
133.3272,2,0,4,1,1,0,0,-1,0,1.0000,-1,6,10,16,0,32,0,0,0,0
133.3685,2,0,4,1,1,0,0,-1,0,0.0000,-1,6,10,16,0,32,0,0,0,0
133.381,2,0,4,1,1,0,0,-1,0,0.0000,-1,6,10,16,0,32,0,0,0,0
133.3947,2,0,4,1,1,0,0,-1,0,0.0000,-1,6,10,16,0,32,0,0,0,0
133.4156,2,0,4,1,1,0,1,110,0,0.0000,-1,6,10,16,0,32,0,0,0,0
133.4371,2,0,4,1,1,0,1,110,0,0.0000,-1,6,10,16,0,32,0,0,0,0
133.4589,2,0,4,1,1,0,1,110,0,0.0000,-1,6,10,16,0,32,0,0,0,0
133.4818,2,0,4,1,1,0,1,110,0,0.0000,-1,6,10,16,0,32,0,0,0,0
133.5056,2,0,4,1,1,0,1,110,0,0.0000,-1,6,10,16,0,32,0,0,0,0
133.5281,2,0,4,1,1,0,1,110,0,0.0000,-1,6,10,16,0,32,0,0,0,0
133.5503,2,0,4,1,1,0,1,110,0,0.0000,-1,6,10,16,0,32,0,0,0,0
133.5729,2,0,4,1,1,0,1,110,0,0.0000,-1,6,10,16,0,32,0,0,0,0
133.5959,2,0,4,1,1,0,1,110,0,0.0000,-1,6,10,16,0,32,0,0,0,0
133.6186,2,0,4,1,1,0,1,110,0,0.0000,-1,6,10,16,0,32,0,0,0,0
133.6409,2,0,4,1,1,0,1,110,0,0.0000,-1,6,10,16,0,32,0,0,0,0
133.6648,2,0,4,1,1,0,1,110,0,0.0000,-1,6,10,16,0,32,0,0,0,0
133.6886,2,0,4,1,1,0,1,110,0,0.0000,-1,6,10,16,0,32,0,0,0,0
133.7127,2,0,4,1,1,0,1,110,0,0.0000,-1,6,10,16,0,32,0,0,0,0
133.7369,2,0,4,1,1,0,1,110,0,0.0000,-1,6,10,16,0,32,0,0,0,0
133.7809,2,0,4,1,1,0,1,110,0,0.0000,-1,6,10,16,0,32,0,0,0,0
133.7915,2,0,4,1,1,0,1,110,0,0.0000,-1,6,10,16,0,32,0,0,0,0
133.809,2,0,4,0,1,0,1,110,0,0.0000,-1,6,10,16,0,32,0,0,0,0
133.8326,2,0,4,0,1,0,1,110,0,0.0000,-1,6,10,16,0,32,0,0,0,0
133.8566,2,0,4,0,1,0,1,110,0,0.0000,-1,6,10,16,0,32,0,0,0,0
133.88,2,0,4,0,1,0,1,110,0,0.0000,-1,6,10,16,0,32,0,0,0,0
133.9035,2,0,4,0,1,0,1,110,0,0.0000,-1,6,10,16,0,32,0,0,0,0
133.9273,2,0,4,0,1,0,1,110,1,1.0000,-1,6,10,16,0,32,0,0,0,0
133.951,2,0,4,0,1,0,1,110,0,1.0000,-1,6,10,16,0,32,0,0,0,0
133.9954,2,0,4,0,0,0,0,-1,0,1.0000,-1,6,10,16,0,32,0,0,0,0
134.0091,2,0,4,0,0,0,0,-1,0,1.0000,-1,6,10,16,0,32,0,0,0,0
134.0226,2,0,4,0,0,0,0,-1,0,1.0000,-1,6,10,16,0,32,0,0,0,0
134.0458,2,0,4,0,0,0,0,-1,0,1.0000,-1,6,10,16,0,32,0,0,0,0
134.0688,2,0,4,0,0,0,0,-1,0,1.0000,-1,6,10,16,0,32,0,0,0,0
134.0922,2,0,4,0,0,0,0,-1,0,1.0000,-1,6,10,16,0,32,0,0,0,0
134.1159,2,0,4,0,0,0,0,-1,0,1.0000,-1,6,10,16,0,32,0,0,0,0
134.1397,2,0,4,0,0,0,0,-1,0,1.0000,-1,6,10,16,0,32,0,0,0,0
134.1632,2,0,4,0,0,0,0,-1,0,1.0000,-1,6,10,16,0,32,0,0,0,0
134.2075,2,0,4,0,0,0,0,-1,1,2.0000,-1,6,10,16,0,32,0,0,0,0
134.2201,2,0,4,0,0,0,0,-1,0,2.0000,-1,6,10,16,0,32,0,0,0,0
134.2348,2,0,4,0,0,0,0,-1,0,2.0000,-1,6,10,16,0,32,0,0,0,0
134.2582,2,0,4,0,0,0,0,-1,0,2.0000,-1,6,10,16,0,32,0,0,0,0
134.2819,2,0,4,0,0,0,0,-1,0,2.0000,-1,6,10,16,0,32,0,0,0,0
134.3056,2,0,4,0,0,0,0,-1,0,2.0000,-1,6,10,16,0,32,0,0,0,0
134.3287,2,0,4,0,0,0,0,-1,0,2.0000,-1,6,10,16,0,32,0,0,0,0
134.3526,2,0,4,0,0,0,0,-1,0,2.0000,-1,6,10,16,0,32,0,0,0,0
134.3753,2,0,4,0,0,0,0,-1,0,2.0000,-1,6,10,16,0,32,0,0,0,0
134.3999,2,0,4,0,0,0,0,-1,0,2.0000,-1,6,10,16,0,32,0,0,0,0
134.4224,2,0,4,0,0,0,0,-1,0,2.0000,-1,6,10,16,0,32,0,0,0,0
134.4459,2,0,4,0,0,0,0,-1,0,2.0000,-1,6,10,16,0,32,0,0,0,0
134.4699,2,0,4,0,0,0,0,-1,0,2.0000,-1,6,10,16,0,32,0,0,0,0
134.4939,2,0,4,0,0,0,0,-1,0,2.0000,-1,6,10,16,0,32,0,0,0,0
134.5173,2,0,4,0,0,0,0,-1,0,2.0000,-1,6,10,16,0,32,0,0,0,0
134.5406,2,0,4,0,0,0,0,-1,0,2.0000,-1,6,10,16,0,32,0,0,0,0
134.563,2,0,4,0,0,0,0,-1,0,2.0000,-1,6,10,16,0,32,0,0,0,0
134.5876,2,0,4,0,0,0,0,-1,0,2.0000,-1,6,10,16,0,32,0,0,0,0
134.6302,2,0,4,0,0,0,0,-1,0,2.0000,-1,6,10,16,0,32,0,0,0,0
134.6412,2,0,4,0,0,0,0,-1,0,2.0000,-1,6,10,16,0,32,0,0,0,0
134.6591,2,0,4,0,0,0,0,-1,0,2.0000,-1,6,10,16,0,32,0,0,0,0
134.6828,2,0,4,0,0,0,0,-1,0,2.0000,-1,6,10,16,0,32,0,0,0,0
134.7063,2,0,4,0,0,0,0,-1,0,2.0000,-1,6,10,16,0,32,0,0,0,0
134.7301,2,0,4,0,0,0,0,-1,0,2.0000,-1,6,10,16,0,32,0,0,0,0
134.7523,2,0,4,0,0,0,0,-1,0,2.0000,-1,6,10,16,0,32,0,0,0,0
134.7763,2,0,4,0,0,0,0,-1,0,2.0000,-1,6,10,16,0,32,0,0,0,0
134.7996,2,0,4,0,0,0,0,-1,0,2.0000,-1,6,10,16,0,32,0,0,0,0
134.8429,2,0,4,0,0,0,0,-1,0,2.0000,-1,6,10,16,0,32,0,0,0,0
134.8542,2,0,4,0,0,0,0,-1,0,2.0000,-1,6,10,16,0,32,0,0,0,0
134.872,2,0,4,0,0,0,0,-1,0,2.0000,-1,6,10,16,0,32,0,0,0,0
134.8956,2,0,4,0,0,0,0,-1,0,2.0000,-1,6,10,16,0,32,0,0,0,0
134.9191,2,0,4,0,0,0,0,-1,0,2.0000,-1,6,10,16,0,32,0,0,0,0
134.9419,2,0,4,0,0,0,0,-1,0,1.0000,-1,6,10,16,0,32,0,0,0,0
134.9654,2,0,4,0,0,0,0,-1,0,1.0000,-1,6,10,16,0,32,0,0,0,0
134.9892,2,0,4,0,0,0,0,-1,0,1.0000,-1,6,10,16,0,32,0,0,0,0
135.0118,2,0,4,0,0,0,0,-1,0,1.0000,-1,6,10,16,0,32,0,0,0,0
135.0359,2,0,4,0,0,0,0,-1,0,1.0000,-1,6,10,16,0,32,0,0,0,0
135.0586,2,0,4,0,0,0,0,-1,1,2.0000,-1,6,10,16,0,32,0,0,0,0
135.0819,2,0,4,0,0,0,0,-1,0,2.0000,-1,6,10,16,0,32,0,0,0,0
135.1058,2,0,4,0,0,0,1,114,0,2.0000,-1,6,10,16,0,32,0,0,0,0
135.1293,2,0,4,0,0,0,1,114,0,2.0000,-1,6,10,16,0,32,0,0,0,0
135.1523,2,0,4,0,0,0,1,114,0,2.0000,-1,6,10,16,0,32,0,0,0,0
135.175,2,0,4,0,0,0,1,114,0,2.0000,-1,6,10,16,0,32,0,0,0,0
135.1981,2,0,4,0,0,0,1,114,0,2.0000,-1,6,10,16,0,32,0,0,0,0
135.2213,2,0,4,0,0,0,1,114,0,1.0000,-1,6,10,16,0,32,0,0,0,0
135.2442,2,0,4,0,0,0,1,114,0,1.0000,-1,6,10,16,0,32,0,0,0,0
135.2671,2,0,4,0,0,0,1,114,0,1.0000,-1,6,10,16,0,32,0,0,0,0
135.2919,2,0,4,0,0,0,1,114,0,1.0000,-1,6,10,16,0,32,0,0,0,0
135.316,2,0,4,0,0,0,1,114,0,1.0000,-1,6,10,16,0,32,0,0,0,0
135.3396,2,0,4,0,0,0,1,114,0,1.0000,-1,6,10,16,0,32,0,0,0,0
135.364,2,0,4,0,0,0,1,114,1,2.0000,-1,6,10,16,0,32,0,0,0,0
135.3869,2,0,4,0,0,0,1,114,0,2.0000,-1,6,10,16,0,32,0,0,0,0
135.4104,2,0,4,0,0,0,1,114,0,2.0000,-1,6,10,16,0,32,0,0,0,0
135.4337,2,0,4,0,0,0,1,114,0,2.0000,-1,6,10,16,0,32,0,0,0,0
135.457,2,0,4,0,0,0,1,114,0,2.0000,-1,6,10,16,0,32,0,0,0,0
135.4809,2,0,4,0,0,0,1,114,0,2.0000,-1,6,10,16,0,32,0,0,0,0
135.5044,2,0,4,0,0,0,1,114,0,2.0000,-1,6,10,16,0,32,0,0,0,0
135.5287,2,0,4,0,0,0,1,114,0,2.0000,-1,6,10,16,0,32,0,0,0,0
135.5515,2,0,4,0,0,0,1,114,0,2.0000,-1,6,10,16,0,32,0,0,0,0
135.5744,2,0,4,0,0,0,1,114,0,2.0000,-1,6,10,16,0,32,0,0,0,0
135.5979,2,0,4,0,0,0,1,114,0,2.0000,-1,6,10,16,0,32,0,0,0,0
135.6208,2,0,4,0,0,0,1,114,0,2.0000,-1,6,10,16,0,32,0,0,0,0
135.6438,2,0,4,0,0,0,1,114,0,2.0000,-1,6,10,16,0,32,0,0,0,0
135.6877,2,0,4,0,0,0,1,114,0,2.0000,-1,6,10,16,0,32,0,0,0,0
135.6985,2,0,4,0,0,0,1,114,1,3.0000,-1,6,10,16,0,32,0,0,0,0
135.7169,2,0,4,0,0,0,0,-1,0,3.0000,-1,6,10,16,0,32,0,0,0,0
135.744,2,0,4,0,0,0,0,-1,0,3.0000,-1,6,10,16,0,32,0,0,0,0
135.7675,2,0,4,0,0,0,1,113,0,3.0000,-1,6,10,16,0,32,0,0,0,0
135.7922,2,0,4,0,0,0,1,113,0,3.0000,-1,6,10,16,0,32,0,0,0,0
135.8168,2,0,4,0,0,0,1,113,0,3.0000,-1,6,10,16,0,32,0,0,0,0
135.8413,2,0,4,0,0,0,0,-1,0,3.0000,-1,6,10,16,0,32,0,0,0,0
135.8649,2,0,4,0,0,0,0,-1,0,3.0000,-1,6,10,16,0,32,0,0,0,0
135.8896,2,0,4,0,0,0,0,-1,0,3.0000,-1,6,10,16,0,32,0,0,0,0
135.9124,2,0,4,0,0,0,0,-1,0,3.0000,-1,6,10,16,0,32,0,0,0,0
135.937,2,0,4,0,0,0,0,-1,0,3.0000,-1,6,10,16,0,32,0,0,0,0
135.9611,2,0,4,0,0,0,0,-1,0,3.0000,-1,6,10,16,0,32,0,0,0,0
135.9846,2,0,4,0,0,0,0,-1,0,3.0000,-1,6,10,16,0,32,0,0,0,0
136.0082,2,0,4,0,0,0,0,-1,0,3.0000,-1,6,10,16,0,32,0,0,0,0
136.0318,2,0,4,0,0,0,0,-1,0,3.0000,-1,6,10,16,0,32,0,0,0,0
136.0553,2,0,4,0,0,0,0,-1,0,3.0000,-1,6,10,16,0,32,0,0,0,0
136.0795,2,0,4,0,0,0,0,-1,0,2.0000,-1,6,10,16,0,32,0,0,0,0
136.1032,2,0,4,0,0,0,0,-1,0,2.0000,-1,6,10,16,0,32,0,0,0,0
136.1269,2,0,4,0,0,0,1,118,0,2.0000,-1,6,10,16,0,32,0,0,0,0
136.1508,2,0,4,0,0,0,1,118,0,2.0000,-1,6,10,16,0,32,0,0,0,0
136.174,2,0,4,0,0,0,1,118,0,2.0000,-1,6,10,16,0,32,0,0,0,0
136.1971,2,0,4,0,0,0,1,118,0,2.0000,-1,6,10,16,0,32,0,0,0,0
136.2205,2,0,4,0,0,0,1,118,0,2.0000,-1,6,10,16,0,32,0,0,0,0
136.2448,2,0,4,0,0,0,1,118,0,2.0000,-1,6,10,16,0,32,0,0,0,0
136.2687,2,0,4,0,0,0,1,118,1,3.0000,-1,6,10,16,0,32,0,0,0,0
136.2933,2,0,4,0,0,0,1,118,0,3.0000,-1,6,10,16,0,32,0,0,0,0
136.3385,2,0,4,0,0,0,1,118,0,3.0000,-1,6,10,16,0,32,0,0,0,0
136.3494,2,0,4,0,0,0,1,118,0,3.0000,-1,6,10,16,0,32,0,0,0,0
136.3675,2,0,4,0,0,0,1,118,0,2.0000,-1,6,10,16,0,32,0,0,0,0
136.3915,2,0,4,0,0,0,1,118,0,2.0000,-1,6,10,16,0,32,0,0,0,0
136.4154,2,0,4,0,0,0,1,118,0,2.0000,-1,6,10,16,0,32,0,0,0,0
136.4397,2,0,4,0,0,0,1,118,0,2.0000,-1,6,10,16,0,32,0,0,0,0
136.4636,2,0,4,0,0,0,1,118,0,2.0000,-1,6,10,16,0,32,0,0,0,0
136.4885,2,0,4,0,0,0,1,118,0,2.0000,-1,6,10,16,0,32,0,0,0,0
136.5128,2,0,4,0,0,0,1,118,0,2.0000,-1,6,10,16,0,32,0,0,0,0
136.5364,2,0,4,0,0,0,1,118,0,2.0000,-1,6,10,16,0,32,0,0,0,0
136.5622,2,0,4,0,0,0,1,118,0,2.0000,-1,6,10,16,0,32,0,0,0,0
136.587,2,0,4,0,0,0,1,118,1,3.0000,-1,6,10,16,0,32,0,0,0,0
136.61,2,0,4,0,0,0,1,118,0,3.0000,-1,6,10,16,0,32,0,0,0,0
136.6343,2,0,4,0,0,0,0,-1,0,3.0000,-1,6,10,16,0,32,0,0,0,0
136.658,2,0,4,0,0,0,0,-1,0,3.0000,-1,6,10,16,0,32,0,0,0,0
136.6823,2,0,4,0,0,0,1,117,0,3.0000,-1,6,10,16,0,32,0,0,0,0
136.7065,2,0,4,0,0,0,1,117,0,2.0000,-1,6,10,16,0,32,0,0,0,0
136.7302,2,0,4,0,0,0,1,117,0,2.0000,-1,6,10,16,0,32,0,0,0,0
136.7749,2,0,4,0,0,0,1,117,0,2.0000,-1,6,10,16,0,32,0,0,0,0
136.7865,2,0,4,0,0,0,1,117,0,2.0000,-1,6,10,16,0,32,0,0,0,0
136.8048,2,0,4,0,0,0,1,117,1,3.0000,-1,6,10,16,0,32,0,0,0,0
136.8291,2,0,4,0,0,0,1,117,0,3.0000,-1,6,10,16,0,32,0,0,0,0
136.8528,2,0,4,0,0,0,1,117,0,3.0000,-1,6,10,16,0,32,0,0,0,0
136.8766,2,0,4,0,0,0,1,117,0,3.0000,-1,6,10,16,0,32,0,0,0,0
136.9008,2,0,4,0,0,0,1,117,0,3.0000,-1,6,10,16,0,32,0,0,0,0
136.9248,2,0,4,0,0,0,1,117,0,3.0000,-1,6,10,16,0,32,0,0,0,0
136.9483,2,0,4,0,0,0,1,117,0,3.0000,-1,6,10,16,0,32,0,0,0,0
136.9727,2,0,4,0,0,0,1,117,0,3.0000,-1,6,10,16,0,32,0,0,0,0
136.9963,2,0,4,0,0,0,1,117,0,3.0000,-1,6,10,16,0,32,0,0,0,0
137.0196,2,0,4,0,0,0,1,117,0,3.0000,-1,6,10,16,0,32,0,0,0,0
137.0432,2,0,4,0,0,0,1,117,0,3.0000,-1,6,10,16,0,32,0,0,0,0
137.067,2,0,4,0,0,0,1,117,1,4.0000,-1,6,10,16,0,32,0,0,0,0
137.09,2,0,4,0,0,0,1,117,0,4.0000,-1,6,10,16,0,32,0,0,0,0
137.114,2,0,4,0,0,0,1,117,0,4.0000,-1,6,10,16,0,32,0,0,0,0
137.1377,2,0,4,0,0,0,1,117,0,4.0000,-1,6,10,16,0,32,0,0,0,0
137.1616,2,0,4,0,0,0,1,117,0,4.0000,-1,6,10,16,0,32,0,0,0,0
137.2059,2,0,4,0,0,0,0,-1,0,4.0000,117,6,11,16,0,33,0,0,0,0
137.2189,2,0,4,0,0,0,0,-1,0,4.0000,-1,6,11,16,0,33,0,0,0,0
137.233,2,0,4,0,0,0,0,-1,0,4.0000,-1,6,11,16,0,33,0,0,0,0
137.2573,2,0,4,0,0,0,0,-1,0,4.0000,-1,6,11,16,0,33,0,0,0,0
137.2814,2,0,4,0,0,0,0,-1,1,4.0000,-1,6,11,16,0,33,0,0,0,0
137.3059,2,0,4,0,0,0,0,-1,0,4.0000,-1,6,11,16,0,33,0,0,0,0
137.3301,2,0,4,0,0,0,0,-1,0,4.0000,-1,6,11,16,0,33,0,0,0,0
137.3547,2,0,4,0,0,0,0,-1,0,4.0000,-1,6,11,16,0,33,0,0,0,0
137.3783,2,0,4,0,0,0,0,-1,0,4.0000,-1,6,11,16,0,33,0,0,0,0
137.4229,2,0,4,0,0,0,0,-1,0,4.0000,-1,6,11,16,0,33,0,0,0,0
137.4346,2,0,4,0,0,0,0,-1,0,4.0000,-1,6,11,16,0,33,0,0,0,0
137.4522,2,0,4,0,0,0,0,-1,0,4.0000,-1,6,11,16,0,33,0,0,0,0
137.4769,2,0,4,0,0,0,0,-1,0,4.0000,-1,6,11,16,0,33,0,0,0,0
137.5016,2,0,4,0,0,0,0,-1,0,4.0000,-1,6,11,16,0,33,0,0,0,0
137.5261,2,0,4,0,0,0,0,-1,0,4.0000,-1,6,11,16,0,33,0,0,0,0
137.5503,2,0,4,0,0,0,0,-1,0,4.0000,-1,6,11,16,0,33,0,0,0,0
137.5741,2,0,4,0,0,0,0,-1,0,4.0000,-1,6,11,16,0,33,0,0,0,0
137.5984,2,0,4,0,0,0,0,-1,0,3.0000,-1,6,11,16,0,33,0,0,0,0
137.6233,2,0,4,0,0,0,0,-1,0,3.0000,-1,6,11,16,0,33,0,0,0,0
137.6478,2,0,4,0,0,0,0,-1,0,3.0000,-1,6,11,16,0,33,0,0,0,0
137.6725,2,0,4,0,0,0,0,-1,0,3.0000,-1,6,11,16,0,33,0,0,0,0
137.6969,2,0,4,0,0,0,0,-1,0,3.0000,-1,6,11,16,0,33,0,0,0,0
137.7215,2,0,4,0,0,0,0,-1,0,3.0000,-1,6,11,16,0,33,0,0,0,0
137.7463,2,0,4,0,0,0,0,-1,1,4.0000,-1,6,11,16,0,33,0,0,0,0
137.7715,2,0,4,0,0,0,0,-1,0,4.0000,-1,6,11,16,0,33,0,0,0,0
137.7956,2,0,4,0,0,0,0,-1,0,4.0000,-1,6,11,16,0,33,0,0,0,0
137.8209,2,0,4,0,0,0,0,-1,0,3.0000,-1,6,11,16,0,33,0,0,0,0
137.8674,2,0,4,0,0,0,0,-1,0,3.0000,-1,6,11,16,0,33,0,0,0,0
137.8792,2,0,4,0,0,0,0,-1,0,3.0000,-1,6,11,16,0,33,0,0,0,0
137.897,2,0,4,0,0,0,0,-1,0,3.0000,-1,6,11,16,0,33,0,0,0,0
137.9213,2,0,4,0,0,0,0,-1,0,3.0000,-1,6,11,16,0,33,0,0,0,0
137.9459,2,0,4,0,0,0,0,-1,0,3.0000,-1,6,11,16,0,33,0,0,0,0
137.9712,2,0,4,0,0,0,0,-1,0,3.0000,-1,6,11,16,0,33,0,0,0,0
137.9961,2,0,4,0,0,0,0,-1,0,3.0000,-1,6,11,16,0,33,0,0,0,0
138.0204,2,0,4,0,0,0,0,-1,0,3.0000,-1,6,11,16,0,33,0,0,0,0
138.0444,2,0,4,0,0,0,0,-1,0,3.0000,-1,6,11,16,0,33,0,0,0,0
138.0691,2,0,4,1,0,0,0,-1,0,2.0000,-1,6,11,16,0,33,0,0,0,0
138.0938,2,0,4,1,0,0,0,-1,0,2.0000,-1,6,11,16,0,33,0,0,0,0
138.1184,2,0,4,1,0,0,0,-1,0,2.0000,-1,6,11,16,0,33,0,0,0,0
138.1421,2,0,4,1,0,0,0,-1,0,2.0000,-1,6,11,16,0,33,0,0,0,0
138.1664,2,0,4,1,0,0,0,-1,0,2.0000,-1,6,11,16,0,33,0,0,0,0
138.1904,2,0,4,1,0,0,0,-1,0,2.0000,-1,6,11,16,0,33,0,0,0,0
138.2149,2,0,4,1,0,0,0,-1,0,2.0000,-1,6,11,16,0,33,0,0,0,0
138.2396,2,0,4,1,0,0,0,-1,0,2.0000,-1,6,11,16,0,33,0,0,0,0
138.2635,2,0,4,1,0,0,0,-1,0,2.0000,-1,6,11,16,0,33,0,0,0,0
138.3095,2,0,4,1,0,0,0,-1,1,2.0000,-1,6,11,16,0,33,0,0,0,0
138.3208,2,0,4,1,0,0,0,-1,0,2.0000,-1,6,11,16,0,33,0,0,0,0
138.3396,2,0,4,1,0,0,0,-1,0,2.0000,-1,6,11,16,0,33,0,0,0,0
138.3654,2,0,4,1,0,0,0,-1,0,2.0000,-1,6,11,16,0,33,0,0,0,0
138.3904,2,0,4,1,0,0,0,-1,0,2.0000,-1,6,11,16,0,33,0,0,0,0
138.415,2,0,4,1,0,0,0,-1,0,2.0000,-1,6,11,16,0,33,0,0,0,0
138.4403,2,0,4,1,0,0,0,-1,0,2.0000,-1,6,11,16,0,33,0,0,0,0
138.4645,2,0,4,1,0,0,0,-1,0,2.0000,-1,6,11,16,0,33,0,0,0,0
138.4883,2,0,4,1,0,0,0,-1,0,2.0000,-1,6,11,16,0,33,0,0,0,0
138.5138,2,0,4,1,0,0,0,-1,0,2.0000,-1,6,11,16,0,33,0,0,0,0
138.539,2,0,4,1,0,0,0,-1,1,3.0000,-1,6,11,16,0,33,0,0,0,0
138.5631,2,0,4,1,0,0,0,-1,0,3.0000,-1,6,11,16,0,33,0,0,0,0
138.5873,2,0,4,1,0,0,0,-1,0,3.0000,-1,6,11,16,0,33,0,0,0,0
138.6112,2,0,4,1,0,0,0,-1,0,3.0000,-1,6,11,16,0,33,0,0,0,0
138.6356,2,0,4,1,0,0,0,-1,0,3.0000,-1,6,11,16,0,33,0,0,0,0
138.6597,2,0,4,1,0,0,0,-1,0,3.0000,-1,6,11,16,0,33,0,0,0,0
138.6832,2,0,4,1,0,0,0,-1,0,3.0000,-1,6,11,16,0,33,0,0,0,0
138.7071,2,0,4,1,0,0,0,-1,0,3.0000,-1,6,11,16,0,33,0,0,0,0
138.7298,2,0,4,1,0,0,0,-1,0,3.0000,-1,6,11,16,0,33,0,0,0,0
138.7523,2,0,4,1,0,0,0,-1,0,2.0000,-1,6,11,16,0,33,0,0,0,0
138.7754,2,0,4,1,0,0,0,-1,0,2.0000,-1,6,11,16,0,33,0,0,0,0
138.7981,2,0,4,1,1,0,0,-1,0,2.0000,-1,6,11,16,0,33,0,0,0,0
138.8202,2,0,4,1,1,0,0,-1,0,2.0000,-1,6,11,16,0,33,0,0,0,0
138.8427,2,0,4,1,1,0,0,-1,1,3.0000,-1,6,11,16,0,33,0,0,0,0
138.8654,2,0,4,1,1,0,0,-1,0,3.0000,-1,6,11,16,0,33,0,0,0,0
138.8871,2,0,4,1,1,0,0,-1,0,3.0000,-1,6,11,16,0,33,0,0,0,0
138.9094,2,0,4,1,1,0,0,-1,0,3.0000,-1,6,11,16,0,33,0,0,0,0
138.9311,2,0,4,1,1,0,0,-1,0,3.0000,-1,6,11,16,0,33,0,0,0,0
138.9515,2,0,4,1,1,0,0,-1,0,3.0000,-1,6,11,16,0,33,0,0,0,0
138.9729,2,0,4,1,1,0,0,-1,0,3.0000,-1,6,11,16,0,33,0,0,0,0
138.994,2,0,4,1,1,0,0,-1,0,3.0000,-1,6,11,16,0,33,0,0,0,0
139.0139,2,0,4,1,1,0,0,-1,0,3.0000,-1,6,11,16,0,33,0,0,0,0
139.0341,2,0,4,1,1,0,0,-1,0,3.0000,-1,6,11,16,0,33,0,0,0,0
139.0535,2,0,4,1,1,0,0,-1,0,3.0000,-1,6,11,16,0,33,0,0,0,0
139.0728,2,0,4,1,1,0,0,-1,0,3.0000,-1,6,11,16,0,33,0,0,0,0
139.0928,2,0,4,1,1,0,0,-1,0,3.0000,-1,6,11,16,0,33,0,0,0,0
139.1137,2,0,4,1,1,0,0,-1,0,3.0000,-1,6,11,16,0,33,0,0,0,0
139.1328,2,0,4,1,1,0,0,-1,0,3.0000,-1,6,11,16,0,33,0,0,0,0
139.1535,2,0,4,0,1,0,0,-1,0,3.0000,-1,6,11,16,0,33,0,0,0,0
139.1732,2,0,4,0,1,0,0,-1,0,3.0000,-1,6,11,16,0,33,0,0,0,0
139.1937,2,0,4,0,1,0,0,-1,0,3.0000,-1,6,11,16,0,33,0,0,0,0
139.2141,2,0,4,0,1,0,0,-1,0,3.0000,-1,6,11,16,0,33,0,0,0,0
139.2333,2,0,4,0,1,0,0,-1,0,3.0000,-1,6,11,16,0,33,0,0,0,0
139.2538,2,0,4,0,1,0,0,-1,0,3.0000,-1,6,11,16,0,33,0,0,0,0
139.2728,2,0,4,0,1,0,0,-1,0,3.0000,-1,6,11,16,0,33,0,0,0,0
139.2943,2,0,4,0,1,0,0,-1,0,3.0000,-1,6,11,16,0,33,0,0,0,0
139.3304,2,0,4,0,1,0,0,-1,0,2.0000,-1,6,11,16,0,33,0,0,0,0
139.3406,2,0,4,0,1,0,1,124,0,2.0000,-1,6,11,16,0,33,0,0,0,0
139.3567,2,0,4,0,0,0,1,124,0,2.0000,-1,6,11,16,0,33,0,0,0,0
139.3769,2,0,4,0,0,0,1,124,0,2.0000,-1,6,11,16,0,33,0,0,0,0
139.3973,2,0,4,0,0,0,1,124,0,2.0000,-1,6,11,16,0,33,0,0,0,0
139.4166,2,0,4,0,0,0,1,124,0,2.0000,-1,6,11,16,0,33,0,0,0,0
139.4378,2,0,4,0,0,0,1,124,0,2.0000,-1,6,11,16,0,33,0,0,0,0
139.458,2,0,4,0,0,0,1,124,0,2.0000,-1,6,11,16,0,33,0,0,0,0
139.477,2,0,4,0,0,0,1,124,0,2.0000,-1,6,11,16,0,33,0,0,0,0
139.4971,2,0,4,0,0,0,1,124,0,2.0000,-1,6,11,16,0,33,0,0,0,0
139.5355,2,0,4,0,0,0,1,124,0,2.0000,-1,6,11,16,0,33,0,0,0,0
139.5468,2,0,4,0,0,0,1,124,0,1.0000,-1,6,11,16,0,33,0,0,0,0
139.5614,2,0,4,0,0,0,1,124,0,1.0000,-1,6,11,16,0,33,0,0,0,0
139.582,2,0,4,0,0,0,1,124,0,1.0000,-1,6,11,16,0,33,0,0,0,0
139.6022,2,0,4,0,0,0,1,124,1,2.0000,-1,6,11,16,0,33,0,0,0,0
139.6225,2,0,4,0,0,0,1,124,0,2.0000,-1,6,11,16,0,33,0,0,0,0
139.6428,2,0,4,0,0,0,1,124,0,2.0000,-1,6,11,16,0,33,0,0,0,0
139.6618,2,0,4,0,0,0,0,-1,0,2.0000,124,6,12,16,0,34,0,0,0,0
139.6826,2,0,4,0,0,0,0,-1,0,2.0000,-1,6,12,16,0,34,0,0,0,0
139.7042,2,0,4,0,0,0,0,-1,0,2.0000,-1,6,12,16,0,34,0,0,0,0
139.741,2,0,4,0,0,0,0,-1,0,2.0000,-1,6,12,16,0,34,0,0,0,0
139.753,2,0,4,0,0,0,0,-1,0,2.0000,-1,6,12,16,0,34,0,0,0,0
139.7675,2,0,4,0,0,0,0,-1,0,2.0000,-1,6,12,16,0,34,0,0,0,0
139.7877,2,0,4,0,0,0,0,-1,0,2.0000,-1,6,12,16,0,34,0,0,0,0
139.8085,2,0,4,0,0,0,0,-1,0,2.0000,-1,6,12,16,0,34,0,0,0,0
139.828,2,0,4,0,0,0,0,-1,0,2.0000,-1,6,12,16,0,34,0,0,0,0
139.8497,2,0,4,0,0,0,0,-1,0,1.0000,-1,6,12,16,0,34,0,0,0,0
139.8705,2,0,4,0,0,0,0,-1,0,1.0000,-1,6,12,16,0,34,0,0,0,0
139.8902,2,0,4,0,0,0,0,-1,0,1.0000,-1,6,12,16,0,34,0,0,0,0
139.9105,2,0,4,0,0,0,0,-1,0,1.0000,-1,6,12,16,0,34,0,0,0,0
139.948,2,0,4,0,0,0,0,-1,0,1.0000,-1,6,12,16,0,34,0,0,0,0
139.9589,2,0,4,0,0,0,0,-1,0,1.0000,-1,6,12,16,0,34,0,0,0,0
139.9739,2,0,4,0,0,0,0,-1,0,1.0000,-1,6,12,16,0,34,0,0,0,0
139.9931,2,0,4,0,0,0,0,-1,0,1.0000,-1,6,12,16,0,34,0,0,0,0
140.0145,2,0,4,0,0,0,0,-1,0,1.0000,-1,6,12,16,0,34,0,0,0,0
140.0345,2,0,4,0,0,0,0,-1,0,1.0000,-1,6,12,16,0,34,0,0,0,0
140.0546,2,0,4,0,0,0,0,-1,0,1.0000,-1,6,12,16,0,34,0,0,0,0
140.0746,2,0,4,0,0,0,0,-1,0,1.0000,-1,6,12,16,0,34,0,0,0,0
140.0946,2,0,4,0,0,0,0,-1,0,1.0000,-1,6,12,16,0,34,0,0,0,0
140.1169,2,0,4,0,0,0,0,-1,0,1.0000,-1,6,12,16,0,34,0,0,0,0
140.1369,2,0,4,0,0,0,0,-1,0,1.0000,-1,6,12,16,0,34,0,0,0,0
140.1573,2,0,4,0,0,0,0,-1,0,1.0000,-1,6,12,16,0,34,0,0,0,0
140.1773,2,0,4,0,0,0,0,-1,0,1.0000,-1,6,12,16,0,34,0,0,0,0
140.1982,2,0,4,0,0,0,0,-1,0,1.0000,-1,6,12,16,0,34,0,0,0,0
140.2191,2,0,4,0,0,0,0,-1,0,1.0000,-1,6,12,16,0,34,0,0,0,0
140.2394,2,0,4,0,0,0,0,-1,0,1.0000,-1,6,12,16,0,34,0,0,0,0
140.2599,2,0,4,0,0,0,0,-1,0,1.0000,-1,6,12,16,0,34,0,0,0,0
140.2806,2,0,4,0,0,0,0,-1,0,1.0000,-1,6,12,16,0,34,0,0,0,0
140.3007,2,0,4,0,0,0,0,-1,0,1.0000,-1,6,12,16,0,34,0,0,0,0
140.3209,2,0,4,0,0,0,0,-1,0,1.0000,-1,6,12,16,0,34,0,0,0,0
140.3604,2,0,4,0,0,0,0,-1,0,1.0000,-1,6,12,16,0,34,0,0,0,0
140.3719,2,0,4,0,0,0,0,-1,0,1.0000,-1,6,12,16,0,34,0,0,0,0
140.3864,2,0,4,0,0,0,0,-1,0,1.0000,-1,6,12,16,0,34,0,0,0,0
140.4075,2,0,4,0,0,0,0,-1,0,1.0000,-1,6,12,16,0,34,0,0,0,0
140.429,2,0,4,0,0,0,0,-1,0,1.0000,-1,6,12,16,0,34,0,0,0,0
140.451,2,0,4,0,0,0,0,-1,0,1.0000,-1,6,12,16,0,34,0,0,0,0
140.4716,2,0,4,0,0,0,0,-1,0,1.0000,-1,6,12,16,0,34,0,0,0,0
140.4917,2,0,4,0,0,0,0,-1,0,1.0000,-1,6,12,16,0,34,0,0,0,0
140.5121,2,0,4,0,0,0,0,-1,0,1.0000,-1,6,12,16,0,34,0,0,0,0
140.532,2,0,4,0,0,0,0,-1,0,1.0000,-1,6,12,16,0,34,0,0,0,0
140.5728,2,0,4,0,0,0,0,-1,0,1.0000,-1,6,12,16,0,34,0,0,0,0
140.584,2,0,4,0,0,0,0,-1,0,1.0000,-1,6,12,16,0,34,0,0,0,0
140.5983,2,0,4,0,0,0,0,-1,0,1.0000,-1,6,12,16,0,34,0,0,0,0
140.6168,2,0,4,0,0,0,0,-1,0,0.0000,-1,6,12,16,0,34,0,0,0,0
140.6384,2,0,4,0,0,0,0,-1,0,0.0000,-1,6,12,16,0,34,0,0,0,0
140.6584,2,0,4,0,0,0,0,-1,0,0.0000,-1,6,12,16,0,34,0,0,0,0
140.6801,2,0,4,0,0,0,0,-1,0,0.0000,-1,6,12,16,0,34,0,0,0,0
140.7003,2,0,4,0,0,0,0,-1,0,0.0000,-1,6,12,16,0,34,0,0,0,0
140.7208,2,0,4,0,0,0,0,-1,0,0.0000,-1,6,12,16,0,34,0,0,0,0
140.7411,2,0,4,0,0,0,0,-1,0,0.0000,-1,6,12,16,0,34,0,0,0,0
140.7808,2,0,4,0,0,0,0,-1,0,0.0000,-1,6,12,16,0,34,0,0,0,0
140.7936,2,0,4,0,0,0,0,-1,0,0.0000,-1,6,12,16,0,34,0,0,0,0
140.8067,2,0,4,0,0,0,0,-1,0,0.0000,-1,6,12,16,0,34,0,0,0,0
140.8281,2,0,4,0,0,0,0,-1,0,0.0000,-1,6,12,16,0,34,0,0,0,0
140.8485,2,0,4,0,0,0,0,-1,0,0.0000,-1,6,12,16,0,34,0,0,0,0
140.8689,2,0,4,0,0,0,0,-1,0,0.0000,-1,6,12,16,0,34,0,0,0,0
140.8894,2,0,4,0,0,0,0,-1,0,0.0000,-1,6,12,16,0,34,0,0,0,0
140.9105,2,0,4,0,0,0,0,-1,0,0.0000,-1,6,12,16,0,34,0,0,0,0
140.9326,2,0,4,0,0,0,0,-1,0,0.0000,-1,6,12,16,0,34,0,0,0,0
140.952,2,0,4,0,0,0,0,-1,0,0.0000,-1,6,12,16,0,34,0,0,0,0
140.9735,2,0,4,0,0,0,0,-1,0,0.0000,-1,6,12,16,0,34,0,0,0,0
140.9934,2,0,4,0,0,0,0,-1,0,0.0000,-1,6,12,16,0,34,0,0,0,0
141.0139,2,0,4,0,0,0,0,-1,0,0.0000,-1,6,12,16,0,34,0,0,0,0
141.0341,2,0,4,0,0,0,0,-1,0,0.0000,-1,6,12,16,0,34,0,0,0,0
141.0544,2,0,4,0,0,0,0,-1,0,0.0000,-1,6,12,16,0,34,0,0,0,0
141.0749,2,0,4,0,0,0,0,-1,0,0.0000,-1,6,12,16,0,34,0,0,0,0
141.0961,2,0,4,0,0,0,0,-1,0,0.0000,-1,6,12,16,0,34,0,0,0,0
141.1165,2,0,4,0,0,0,0,-1,0,0.0000,-1,6,12,16,0,34,0,0,0,0
141.1371,2,0,4,0,0,0,0,-1,0,0.0000,-1,6,12,16,0,34,0,0,0,0
141.1586,2,0,4,0,0,0,0,-1,0,0.0000,-1,6,12,16,0,34,0,0,0,0
141.1783,2,0,4,0,0,0,0,-1,0,0.0000,-1,6,12,16,0,34,0,0,0,0
141.1982,2,0,4,0,0,0,0,-1,0,0.0000,-1,6,12,16,0,34,0,0,0,0
141.219,2,0,4,0,0,0,0,-1,0,0.0000,-1,6,12,16,0,34,0,0,0,0
141.24,2,0,4,0,0,0,1,127,0,0.0000,-1,6,12,16,0,34,0,0,0,0
141.2604,2,0,4,0,0,0,1,127,0,0.0000,-1,6,12,16,0,34,0,0,0,0
141.2806,2,0,4,0,0,0,1,127,0,0.0000,-1,6,12,16,0,34,0,0,0,0
141.3015,2,0,4,0,0,0,1,127,0,0.0000,-1,6,12,16,0,34,0,0,0,0
141.3215,2,0,4,0,0,0,1,127,0,0.0000,-1,6,12,16,0,34,0,0,0,0
141.3425,2,0,4,0,0,0,1,127,0,0.0000,-1,6,12,16,0,34,0,0,0,0
141.3637,2,0,4,0,0,0,1,127,0,0.0000,-1,6,12,16,0,34,0,0,0,0
141.3845,2,0,4,0,0,0,1,127,0,0.0000,-1,6,12,16,0,34,0,0,0,0
141.4055,2,0,4,0,0,0,1,127,0,0.0000,-1,6,12,16,0,34,0,0,0,0
141.4257,2,0,4,0,0,0,1,127,0,0.0000,-1,6,12,16,0,34,0,0,0,0
141.4458,2,0,4,0,0,0,1,127,0,0.0000,-1,6,12,16,0,34,0,0,0,0
141.4665,2,0,4,0,0,0,1,127,0,0.0000,-1,6,12,16,0,34,0,0,0,0
141.4871,2,0,4,0,0,0,1,127,0,0.0000,-1,6,12,16,0,34,0,0,0,0
141.5082,2,0,4,0,0,0,1,127,0,0.0000,-1,6,12,16,0,34,0,0,0,0
141.5295,2,0,4,0,0,0,1,127,1,1.0000,-1,6,12,16,0,34,0,0,0,0
141.5509,2,0,4,0,0,0,1,127,0,1.0000,-1,6,12,16,0,34,0,0,0,0
141.5714,2,0,4,0,0,0,0,-1,0,1.0000,-1,6,12,16,0,34,0,0,0,0
141.5936,2,0,4,0,0,0,0,-1,0,1.0000,-1,6,12,16,0,34,0,0,0,0
141.6126,2,0,4,0,0,0,0,-1,0,1.0000,-1,6,12,16,0,34,0,0,0,0
141.634,2,0,4,0,0,0,0,-1,0,1.0000,-1,6,12,16,0,34,0,0,0,0
141.655,1,1,5,0,0,0,0,-1,0,1.0000,125,7,12,16,0,35,0,0,0,0
141.6756,1,0,5,0,0,0,0,-1,0,1.0000,-1,7,12,16,0,35,0,0,0,0
141.6964,1,0,5,0,0,0,0,-1,0,1.0000,-1,7,12,16,0,35,0,0,0,0
141.7182,1,0,5,0,0,0,0,-1,0,1.0000,-1,7,12,16,0,35,0,0,0,0
141.7404,1,0,5,0,0,0,0,-1,0,1.0000,-1,7,12,16,0,35,0,0,0,0
141.7616,1,0,5,0,0,0,0,-1,0,1.0000,-1,7,12,16,0,35,0,0,0,0
141.7827,1,0,5,0,0,0,0,-1,0,1.0000,-1,7,12,16,0,35,0,0,0,0
141.8218,1,0,5,0,0,0,0,-1,0,1.0000,-1,7,12,16,0,35,0,0,0,0
141.8347,1,0,5,0,0,0,0,-1,0,1.0000,-1,7,12,16,0,35,0,0,0,0
141.8493,1,0,5,0,0,0,0,-1,0,1.0000,-1,7,12,16,0,35,0,0,0,0
141.8707,1,0,5,0,0,0,0,-1,0,1.0000,-1,7,12,16,0,35,0,0,0,0
141.8919,1,0,5,0,0,0,0,-1,0,1.0000,-1,7,12,16,0,35,0,0,0,0
141.9128,1,0,5,0,0,0,0,-1,0,1.0000,-1,7,12,16,0,35,0,0,0,0
141.9338,1,0,5,0,0,0,0,-1,0,1.0000,-1,7,12,16,0,35,0,0,0,0
141.9541,1,0,5,0,0,0,0,-1,0,1.0000,-1,7,12,16,0,35,0,0,0,0
141.9755,1,0,5,0,0,0,0,-1,0,1.0000,-1,7,12,16,0,35,0,0,0,0
141.9978,1,0,5,0,0,0,0,-1,0,1.0000,-1,7,12,16,0,35,0,0,0,0
142.0184,1,0,5,0,0,0,0,-1,0,1.0000,-1,7,12,16,0,35,0,0,0,0
142.0395,1,0,5,0,0,0,0,-1,0,1.0000,-1,7,12,16,0,35,0,0,0,0
142.0603,1,0,5,0,0,0,0,-1,1,2.0000,-1,7,12,16,0,35,0,0,0,0
142.081,1,0,5,0,0,0,0,-1,0,2.0000,-1,7,12,16,0,35,0,0,0,0
142.1016,1,0,5,0,0,0,0,-1,0,2.0000,-1,7,12,16,0,35,0,0,0,0
142.1229,1,0,5,0,0,0,0,-1,0,2.0000,-1,7,12,16,0,35,0,0,0,0
142.1447,1,0,5,0,0,0,0,-1,0,2.0000,-1,7,12,16,0,35,0,0,0,0
142.1658,1,0,5,0,0,0,0,-1,0,2.0000,-1,7,12,16,0,35,0,0,0,0
142.1859,1,0,5,0,0,0,0,-1,0,2.0000,-1,7,12,16,0,35,0,0,0,0
142.2067,1,0,5,0,0,0,0,-1,0,2.0000,-1,7,12,16,0,35,0,0,0,0
142.2456,1,0,5,0,0,0,0,-1,0,2.0000,-1,7,12,16,0,35,0,0,0,0
142.2573,1,0,5,0,0,0,0,-1,0,2.0000,-1,7,12,16,0,35,0,0,0,0
142.2722,1,0,5,0,0,0,0,-1,0,2.0000,-1,7,12,16,0,35,0,0,0,0
142.294,1,0,5,0,0,0,0,-1,0,2.0000,-1,7,12,16,0,35,0,0,0,0
142.315,1,0,5,0,0,0,0,-1,1,3.0000,-1,7,12,16,0,35,0,0,0,0
142.3365,1,0,5,0,0,0,0,-1,0,3.0000,-1,7,12,16,0,35,0,0,0,0
142.3571,1,0,5,0,0,0,0,-1,0,3.0000,-1,7,12,16,0,35,0,0,0,0
142.3783,1,0,5,0,0,0,0,-1,0,3.0000,-1,7,12,16,0,35,0,0,0,0
142.3994,1,0,5,0,0,0,1,128,0,3.0000,-1,7,12,16,0,35,0,0,0,0
142.4203,1,0,5,0,0,0,1,128,0,3.0000,-1,7,12,16,0,35,0,0,0,0
142.4412,1,0,5,0,0,0,1,128,0,3.0000,-1,7,12,16,0,35,0,0,0,0
142.4629,1,0,5,0,0,0,1,128,0,3.0000,-1,7,12,16,0,35,0,0,0,0
142.4845,1,0,5,0,0,0,1,128,0,3.0000,-1,7,12,16,0,35,0,0,0,0
142.5069,1,0,5,0,0,0,1,128,1,4.0000,-1,7,12,16,0,35,0,0,0,0
142.5274,1,0,5,0,0,0,1,128,0,4.0000,-1,7,12,16,0,35,0,0,0,0
142.5471,1,0,5,0,0,0,1,128,0,3.0000,-1,7,12,16,0,35,0,0,0,0
142.5685,1,0,5,0,0,0,1,128,0,3.0000,-1,7,12,16,0,35,0,0,0,0
142.5895,1,0,5,0,0,0,1,128,0,3.0000,-1,7,12,16,0,35,0,0,0,0
142.6108,1,0,5,0,0,0,1,128,0,3.0000,-1,7,12,16,0,35,0,0,0,0
142.6305,1,0,5,0,0,0,1,128,0,3.0000,-1,7,12,16,0,35,0,0,0,0
142.6513,1,0,5,0,0,0,1,128,0,3.0000,-1,7,12,16,0,35,0,0,0,0
142.6726,1,0,5,0,0,0,1,128,1,4.0000,-1,7,12,16,0,35,0,0,0,0
142.6925,1,0,5,0,0,0,1,128,0,4.0000,-1,7,12,16,0,35,0,0,0,0
142.7146,1,0,5,0,0,0,1,128,0,4.0000,-1,7,12,16,0,35,0,0,0,0
142.7351,1,0,5,0,0,0,1,128,0,4.0000,-1,7,12,16,0,35,0,0,0,0
142.7566,1,0,5,0,0,0,1,128,0,4.0000,-1,7,12,16,0,35,0,0,0,0
142.7766,1,0,5,0,0,0,1,128,0,4.0000,-1,7,12,16,0,35,0,0,0,0
142.7964,1,0,5,0,0,0,1,128,0,4.0000,-1,7,12,16,0,35,0,0,0,0
142.8205,1,0,5,0,0,0,1,128,0,4.0000,-1,7,12,16,0,35,0,0,0,0
142.8401,1,0,5,0,0,0,1,128,0,4.0000,-1,7,12,16,0,35,0,0,0,0
142.8601,1,0,5,0,0,0,1,128,0,4.0000,-1,7,12,16,0,35,0,0,0,0
142.8786,1,0,5,0,0,0,1,128,0,4.0000,-1,7,12,16,0,35,0,0,0,0
142.8999,1,0,5,0,0,0,1,128,0,4.0000,-1,7,12,16,0,35,0,0,0,0
142.9199,1,0,5,0,0,0,1,128,0,4.0000,-1,7,12,16,0,35,0,0,0,0
142.9418,1,0,5,0,0,0,1,128,0,4.0000,-1,7,12,16,0,35,0,0,0,0
142.963,1,0,5,0,0,0,1,128,0,4.0000,-1,7,12,16,0,35,0,0,0,0
142.984,1,0,5,0,0,0,1,128,0,4.0000,-1,7,12,16,0,35,0,0,0,0
143.0048,1,0,5,0,0,0,1,128,1,5.0000,-1,7,12,16,0,35,0,0,0,0
143.0234,1,0,5,0,0,0,0,-1,0,5.0000,128,8,12,16,0,36,0,0,0,0
143.0441,1,0,5,0,0,0,0,-1,0,5.0000,-1,8,12,16,0,36,0,0,0,0
143.0852,1,0,5,0,0,0,0,-1,0,4.0000,-1,8,12,16,0,36,0,0,0,0
143.0996,1,0,5,0,0,0,0,-1,0,4.0000,-1,8,12,16,0,36,0,0,0,0
143.1128,1,0,5,0,0,0,0,-1,0,4.0000,-1,8,12,16,0,36,0,0,0,0
143.1315,1,0,5,0,0,0,0,-1,0,4.0000,-1,8,12,16,0,36,0,0,0,0
143.1556,1,0,5,0,0,0,0,-1,0,4.0000,-1,8,12,16,0,36,0,0,0,0
143.1744,1,0,5,0,0,0,0,-1,0,4.0000,-1,8,12,16,0,36,0,0,0,0
143.1963,1,0,5,0,0,0,0,-1,0,4.0000,-1,8,12,16,0,36,0,0,0,0
143.2172,1,0,5,0,0,0,0,-1,0,4.0000,-1,8,12,16,0,36,0,0,0,0
143.2383,1,0,5,0,0,0,0,-1,0,4.0000,-1,8,12,16,0,36,0,0,0,0
143.2588,1,0,5,0,0,0,0,-1,0,4.0000,-1,8,12,16,0,36,0,0,0,0
143.297,1,0,5,0,0,0,0,-1,0,4.0000,-1,8,12,16,0,36,0,0,0,0
143.3093,1,0,5,0,0,0,0,-1,0,4.0000,-1,8,12,16,0,36,0,0,0,0
143.323,1,0,5,0,0,0,0,-1,0,3.0000,-1,8,12,16,0,36,0,0,0,0
143.3447,1,0,5,0,0,0,0,-1,0,3.0000,-1,8,12,16,0,36,0,0,0,0
143.3665,1,0,5,0,0,0,0,-1,0,3.0000,-1,8,12,16,0,36,0,0,0,0
143.3868,1,0,5,0,0,0,0,-1,0,3.0000,-1,8,12,16,0,36,0,0,0,0
143.4081,1,0,5,0,0,0,0,-1,0,3.0000,-1,8,12,16,0,36,0,0,0,0
143.4298,1,0,5,0,0,0,0,-1,0,3.0000,-1,8,12,16,0,36,0,0,0,0
143.4506,1,0,5,0,0,0,0,-1,0,3.0000,-1,8,12,16,0,36,0,0,0,0
143.4722,1,0,5,0,0,0,0,-1,0,3.0000,-1,8,12,16,0,36,0,0,0,0
143.4927,1,0,5,0,0,0,0,-1,0,3.0000,-1,8,12,16,0,36,0,0,0,0
143.514,1,0,5,0,0,0,0,-1,0,2.0000,-1,8,12,16,0,36,0,0,0,0
143.5348,1,0,5,0,0,0,0,-1,0,2.0000,-1,8,12,16,0,36,0,0,0,0
143.5556,1,0,5,0,0,0,0,-1,0,2.0000,-1,8,12,16,0,36,0,0,0,0
143.5764,1,0,5,0,0,0,0,-1,0,2.0000,-1,8,12,16,0,36,0,0,0,0
143.5967,1,0,5,0,0,0,0,-1,0,2.0000,-1,8,12,16,0,36,0,0,0,0
143.6185,1,0,5,0,0,0,0,-1,0,2.0000,-1,8,12,16,0,36,0,0,0,0
143.6407,1,0,5,0,0,0,0,-1,0,2.0000,-1,8,12,16,0,36,0,0,0,0
143.6602,1,0,5,0,0,0,0,-1,0,2.0000,-1,8,12,16,0,36,0,0,0,0
143.6799,1,0,5,0,0,0,0,-1,0,1.0000,-1,8,12,16,0,36,0,0,0,0
143.7194,1,0,5,0,0,0,0,-1,0,1.0000,-1,8,12,16,0,36,0,0,0,0
143.7321,1,0,5,0,0,0,0,-1,0,1.0000,-1,8,12,16,0,36,0,0,0,0
143.7449,1,0,5,0,0,0,0,-1,0,1.0000,-1,8,12,16,0,36,0,0,0,0
143.7655,1,0,5,0,0,0,0,-1,0,1.0000,-1,8,12,16,0,36,0,0,0,0
143.7868,1,0,5,0,0,0,0,-1,0,1.0000,-1,8,12,16,0,36,0,0,0,0
143.808,1,0,5,0,0,0,0,-1,0,1.0000,-1,8,12,16,0,36,0,0,0,0
143.8286,1,0,5,0,0,0,0,-1,0,1.0000,-1,8,12,16,0,36,0,0,0,0
143.8499,1,0,5,0,0,0,0,-1,0,1.0000,-1,8,12,16,0,36,0,0,0,0
143.8698,1,0,5,0,0,0,0,-1,0,1.0000,-1,8,12,16,0,36,0,0,0,0
143.891,1,0,5,0,0,0,0,-1,0,1.0000,-1,8,12,16,0,36,0,0,0,0
143.9106,1,0,5,0,0,0,0,-1,0,1.0000,-1,8,12,16,0,36,0,0,0,0
143.9315,1,0,5,0,0,0,0,-1,0,1.0000,-1,8,12,16,0,36,0,0,0,0
143.9518,1,0,5,0,0,0,0,-1,0,1.0000,-1,8,12,16,0,36,0,0,0,0
143.9733,1,0,5,0,0,0,0,-1,0,1.0000,-1,8,12,16,0,36,0,0,0,0
143.993,1,0,5,0,0,0,0,-1,0,1.0000,-1,8,12,16,0,36,0,0,0,0
144.0139,1,0,5,0,0,0,0,-1,0,0.0000,-1,8,12,16,0,36,0,0,0,0
144.0332,1,0,5,0,0,0,0,-1,0,0.0000,-1,8,12,16,0,36,0,0,0,0
144.053,1,0,5,0,0,0,0,-1,0,0.0000,-1,8,12,16,0,36,0,0,0,0
144.074,1,0,5,0,0,0,0,-1,0,0.0000,-1,8,12,16,0,36,0,0,0,0
144.0953,1,0,5,0,0,0,0,-1,0,0.0000,-1,8,12,16,0,36,0,0,0,0
144.1171,1,0,5,0,0,0,0,-1,1,1.0000,-1,8,12,16,0,36,0,0,0,0
144.137,1,0,5,0,0,0,0,-1,0,1.0000,-1,8,12,16,0,36,0,0,0,0
144.1573,1,0,5,0,0,0,0,-1,0,1.0000,-1,8,12,16,0,36,0,0,0,0
144.1774,1,0,5,0,0,0,0,-1,0,1.0000,-1,8,12,16,0,36,0,0,0,0
144.1969,1,0,5,0,0,0,0,-1,0,1.0000,-1,8,12,16,0,36,0,0,0,0
144.2177,1,0,5,0,0,0,0,-1,0,1.0000,-1,8,12,16,0,36,0,0,0,0
144.2396,1,0,5,0,0,0,1,133,0,1.0000,-1,8,12,16,0,36,0,0,0,0
144.259,1,0,5,0,0,0,1,133,0,1.0000,-1,8,12,16,0,36,0,0,0,0
144.279,1,0,5,0,0,0,1,133,0,1.0000,-1,8,12,16,0,36,0,0,0,0
144.3003,1,0,5,0,0,0,1,133,0,1.0000,-1,8,12,16,0,36,0,0,0,0
144.3192,1,0,5,0,0,0,1,133,0,1.0000,-1,8,12,16,0,36,0,0,0,0
144.3401,1,0,5,0,0,0,1,133,0,1.0000,-1,8,12,16,0,36,0,0,0,0
144.3617,1,0,5,0,0,0,1,133,0,1.0000,-1,8,12,16,0,36,0,0,0,0
144.3801,1,0,5,0,0,0,1,133,0,1.0000,-1,8,12,16,0,36,0,0,0,0
144.4017,1,0,5,0,0,0,1,133,0,1.0000,-1,8,12,16,0,36,0,0,0,0
144.422,1,0,5,0,0,0,1,133,0,1.0000,-1,8,12,16,0,36,0,0,0,0
144.4426,1,0,5,0,0,0,1,133,0,1.0000,-1,8,12,16,0,36,0,0,0,0
144.4631,1,0,5,0,0,0,1,133,0,1.0000,-1,8,12,16,0,36,0,0,0,0
144.4832,1,0,5,0,0,0,1,133,0,1.0000,-1,8,12,16,0,36,0,0,0,0
144.5013,1,0,5,0,0,0,1,133,0,1.0000,-1,8,12,16,0,36,0,0,0,0
144.5228,1,0,5,0,0,0,1,133,0,1.0000,-1,8,12,16,0,36,0,0,0,0
144.5417,1,0,5,0,0,0,1,133,0,1.0000,-1,8,12,16,0,36,0,0,0,0
144.5619,1,0,5,0,0,0,1,133,0,1.0000,-1,8,12,16,0,36,0,0,0,0
144.5834,1,0,5,0,0,0,1,133,0,1.0000,-1,8,12,16,0,36,0,0,0,0
144.6034,1,0,5,0,0,0,1,133,0,1.0000,-1,8,12,16,0,36,0,0,0,0
144.6216,1,0,5,0,0,0,1,133,0,1.0000,-1,8,12,16,0,36,0,0,0,0
144.6417,1,0,5,0,0,0,1,133,0,1.0000,-1,8,12,16,0,36,0,0,0,0
144.6625,1,0,5,0,0,0,1,133,0,1.0000,-1,8,12,16,0,36,0,0,0,0
144.6844,1,0,5,0,0,0,1,133,0,1.0000,-1,8,12,16,0,36,0,0,0,0
144.7039,1,0,5,0,0,0,1,133,0,1.0000,-1,8,12,16,0,36,0,0,0,0
144.7424,1,0,5,0,0,0,1,133,0,1.0000,-1,8,12,16,0,36,0,0,0,0
144.7555,1,0,5,0,0,0,1,133,0,1.0000,-1,8,12,16,0,36,0,0,0,0
144.7684,1,0,5,0,0,0,1,133,0,1.0000,-1,8,12,16,0,36,0,0,0,0
144.7891,1,0,5,0,0,0,1,133,0,1.0000,-1,8,12,16,0,36,0,0,0,0
144.8098,1,0,5,0,0,0,1,133,0,1.0000,-1,8,12,16,0,36,0,0,0,0
144.8306,1,0,5,0,0,0,0,-1,0,1.0000,133,9,12,16,0,37,0,0,0,0
144.8511,1,0,5,0,0,0,0,-1,0,1.0000,-1,9,12,16,0,37,0,0,0,0
144.8717,1,0,5,0,0,0,0,-1,0,1.0000,-1,9,12,16,0,37,0,0,0,0
144.8912,1,0,5,0,0,0,0,-1,0,1.0000,-1,9,12,16,0,37,0,0,0,0
144.9114,1,0,5,0,0,0,0,-1,0,1.0000,-1,9,12,16,0,37,0,0,0,0
144.9527,1,0,5,0,0,0,0,-1,0,1.0000,-1,9,12,16,0,37,0,0,0,0
144.9664,1,0,5,0,0,0,0,-1,0,1.0000,-1,9,12,16,0,37,0,0,0,0
144.983,1,0,5,0,0,0,0,-1,0,1.0000,-1,9,12,16,0,37,0,0,0,0
144.9967,1,0,5,0,0,0,0,-1,0,1.0000,-1,9,12,16,0,37,0,0,0,0
145.0184,1,0,5,0,0,0,0,-1,0,1.0000,-1,9,12,16,0,37,0,0,0,0
145.039,1,0,5,0,0,0,0,-1,0,1.0000,-1,9,12,16,0,37,0,0,0,0
145.0596,1,0,5,0,0,0,0,-1,0,1.0000,-1,9,12,16,0,37,0,0,0,0
145.0785,1,0,5,0,0,0,0,-1,0,1.0000,-1,9,12,16,0,37,0,0,0,0
145.0996,1,0,5,0,0,0,0,-1,0,1.0000,-1,9,12,16,0,37,0,0,0,0
145.1196,1,0,5,0,0,0,0,-1,0,0.0000,-1,9,12,16,0,37,0,0,0,0
145.1586,1,0,5,0,0,0,0,-1,0,0.0000,-1,9,12,16,0,37,0,0,0,0
145.1704,1,0,5,0,0,0,0,-1,0,0.0000,-1,9,12,16,0,37,0,0,0,0
145.184,1,0,5,0,0,0,0,-1,0,0.0000,-1,9,12,16,0,37,0,0,0,0
145.2041,1,0,5,0,0,0,0,-1,0,0.0000,-1,9,12,16,0,37,0,0,0,0
145.2242,1,0,5,0,0,0,0,-1,0,0.0000,-1,9,12,16,0,37,0,0,0,0
145.2436,1,0,5,0,0,0,0,-1,0,0.0000,-1,9,12,16,0,37,0,0,0,0
145.2633,1,0,5,0,0,0,0,-1,0,0.0000,-1,9,12,16,0,37,0,0,0,0
145.2842,1,0,5,0,0,0,0,-1,0,0.0000,-1,9,12,16,0,37,0,0,0,0
145.3043,1,0,5,0,0,0,1,135,0,0.0000,-1,9,12,16,0,37,0,0,0,0
145.3236,1,0,5,0,0,0,1,135,0,0.0000,-1,9,12,16,0,37,0,0,0,0
145.3439,1,0,5,0,0,0,1,135,0,0.0000,-1,9,12,16,0,37,0,0,0,0
145.3638,1,0,5,0,0,0,1,135,0,0.0000,-1,9,12,16,0,37,0,0,0,0
145.3848,1,0,5,0,0,0,1,135,0,0.0000,-1,9,12,16,0,37,0,0,0,0
145.4055,1,0,5,0,0,0,1,135,0,0.0000,-1,9,12,16,0,37,0,0,0,0
145.4256,1,0,5,0,0,0,1,135,0,0.0000,-1,9,12,16,0,37,0,0,0,0
145.4446,1,0,5,0,0,0,1,135,0,0.0000,-1,9,12,16,0,37,0,0,0,0
145.4664,1,0,5,0,0,0,1,135,0,0.0000,-1,9,12,16,0,37,0,0,0,0
145.4863,1,0,5,0,0,0,1,135,0,0.0000,-1,9,12,16,0,37,0,0,0,0
145.5062,1,0,5,0,0,0,1,135,0,0.0000,-1,9,12,16,0,37,0,0,0,0
145.5257,1,0,5,0,0,0,1,135,1,1.0000,-1,9,12,16,0,37,0,0,0,0
145.5451,1,0,5,0,0,0,0,-1,0,1.0000,-1,9,12,16,0,37,0,0,0,0
145.5642,1,0,5,0,0,0,0,-1,0,1.0000,-1,9,12,16,0,37,0,0,0,0
145.585,1,0,5,0,0,0,0,-1,0,1.0000,-1,9,12,16,0,37,0,0,0,0
145.6049,1,0,5,0,0,0,0,-1,0,1.0000,-1,9,12,16,0,37,0,0,0,0
145.6239,1,0,5,0,0,0,0,-1,0,1.0000,-1,9,12,16,0,37,0,0,0,0
145.6443,1,0,5,0,0,0,0,-1,0,1.0000,-1,9,12,16,0,37,0,0,0,0
145.6639,1,0,5,0,0,0,0,-1,0,1.0000,-1,9,12,16,0,37,0,0,0,0
145.6834,1,0,5,0,0,0,0,-1,0,1.0000,-1,9,12,16,0,37,0,0,0,0
145.703,1,0,5,0,0,0,0,-1,0,1.0000,-1,9,12,16,0,37,0,0,0,0
145.7224,1,0,5,0,0,0,0,-1,0,1.0000,-1,9,12,16,0,37,0,0,0,0
145.7415,1,0,5,0,0,0,0,-1,0,1.0000,-1,9,12,16,0,37,0,0,0,0
145.7627,1,0,5,0,0,0,0,-1,0,1.0000,-1,9,12,16,0,37,0,0,0,0
145.7803,1,0,5,0,0,0,0,-1,0,1.0000,-1,9,12,16,0,37,0,0,0,0
145.8,1,0,5,0,0,0,0,-1,0,1.0000,-1,9,12,16,0,37,0,0,0,0
145.8188,1,0,5,0,0,0,0,-1,0,1.0000,-1,9,12,16,0,37,0,0,0,0
145.8388,1,0,5,0,0,0,0,-1,0,1.0000,-1,9,12,16,0,37,0,0,0,0
145.8581,1,0,5,0,0,0,0,-1,0,1.0000,-1,9,12,16,0,37,0,0,0,0
145.8775,1,0,5,0,0,0,0,-1,0,1.0000,-1,9,12,16,0,37,0,0,0,0
145.8963,1,0,5,0,0,0,0,-1,0,1.0000,-1,9,12,16,0,37,0,0,0,0
145.915,1,0,5,0,0,0,0,-1,0,1.0000,-1,9,12,16,0,37,0,0,0,0
145.9358,1,0,5,0,0,0,0,-1,0,1.0000,-1,9,12,16,0,37,0,0,0,0
145.9543,1,0,5,0,0,0,0,-1,0,1.0000,-1,9,12,16,0,37,0,0,0,0
145.9731,1,0,5,0,0,0,0,-1,0,1.0000,-1,9,12,16,0,37,0,0,0,0
145.9921,1,0,5,0,0,0,0,-1,0,1.0000,-1,9,12,16,0,37,0,0,0,0
146.0104,1,0,5,0,0,0,0,-1,0,1.0000,-1,9,12,16,0,37,0,0,0,0
146.0303,1,0,5,0,0,0,0,-1,0,1.0000,-1,9,12,16,0,37,0,0,0,0
146.0492,1,0,5,0,0,0,0,-1,0,1.0000,-1,9,12,16,0,37,0,0,0,0
146.07,1,0,5,0,0,0,0,-1,0,1.0000,-1,9,12,16,0,37,0,0,0,0
146.0876,1,0,5,0,0,0,0,-1,0,1.0000,-1,9,12,16,0,37,0,0,0,0
146.1067,1,0,5,0,0,0,0,-1,0,1.0000,-1,9,12,16,0,37,0,0,0,0
146.1267,1,0,5,0,0,0,0,-1,0,1.0000,-1,9,12,16,0,37,0,0,0,0
146.1465,1,0,5,0,0,0,0,-1,0,1.0000,-1,9,12,16,0,37,0,0,0,0
146.1655,1,0,5,0,0,0,0,-1,0,1.0000,-1,9,12,16,0,37,0,0,0,0
146.1845,1,0,5,0,0,0,0,-1,0,1.0000,-1,9,12,16,0,37,0,0,0,0
146.2047,1,0,5,0,0,0,0,-1,0,1.0000,-1,9,12,16,0,37,0,0,0,0
146.2235,1,0,5,0,0,0,0,-1,0,1.0000,-1,9,12,16,0,37,0,0,0,0
146.2411,1,0,5,0,0,0,0,-1,0,1.0000,-1,9,12,16,0,37,0,0,0,0
146.2617,1,0,5,0,0,0,0,-1,0,1.0000,-1,9,12,16,0,37,0,0,0,0
146.2804,1,0,5,0,0,0,0,-1,0,1.0000,-1,9,12,16,0,37,0,0,0,0
146.2991,1,0,5,0,0,0,0,-1,0,1.0000,-1,9,12,16,0,37,0,0,0,0
146.3183,1,0,5,0,0,0,0,-1,0,1.0000,-1,9,12,16,0,37,0,0,0,0
146.3387,1,0,5,0,0,0,0,-1,0,1.0000,-1,9,12,16,0,37,0,0,0,0
146.3568,1,0,5,0,0,0,0,-1,0,1.0000,-1,9,12,16,0,37,0,0,0,0
146.377,1,0,5,0,1,0,0,-1,0,1.0000,-1,9,12,16,0,37,0,0,0,0
146.3962,1,0,5,0,1,0,0,-1,0,1.0000,-1,9,12,16,0,37,0,0,0,0
146.4161,1,0,5,0,1,0,0,-1,0,1.0000,-1,9,12,16,0,37,0,0,0,0
146.4344,1,0,5,1,1,0,0,-1,0,1.0000,-1,9,12,16,0,37,0,0,0,0
146.4539,1,0,5,0,1,0,0,-1,0,1.0000,-1,9,12,16,0,37,0,0,0,0
146.4714,1,0,5,0,1,0,0,-1,0,1.0000,-1,9,12,16,0,37,0,0,0,0
146.4911,1,0,5,0,1,0,0,-1,0,1.0000,-1,9,12,16,0,37,0,0,0,0
146.5096,1,0,5,0,1,0,0,-1,0,1.0000,-1,9,12,16,0,37,0,0,0,0
146.5304,1,0,5,0,1,0,0,-1,0,0.0000,-1,9,12,16,0,37,0,0,0,0
146.5489,1,0,5,0,1,0,0,-1,0,0.0000,-1,9,12,16,0,37,0,0,0,0
146.5647,1,0,5,0,1,0,0,-1,0,0.0000,-1,9,12,16,0,37,0,0,0,0
146.5845,1,0,5,0,1,0,0,-1,0,0.0000,-1,9,12,16,0,37,0,0,0,0
146.6211,1,0,5,0,1,0,0,-1,0,0.0000,-1,9,12,16,0,37,0,0,0,0
146.6328,1,0,5,0,1,0,0,-1,0,0.0000,-1,9,12,16,0,37,0,0,0,0
146.6449,1,0,5,0,1,0,0,-1,0,0.0000,-1,9,12,16,0,37,0,0,0,0
146.664,1,0,5,0,1,0,0,-1,0,0.0000,-1,9,12,16,0,37,0,0,0,0
146.6843,1,0,5,0,1,0,0,-1,0,0.0000,-1,9,12,16,0,37,0,0,0,0
146.7042,1,0,5,0,1,0,1,138,0,0.0000,-1,9,12,16,0,37,0,0,0,0
146.7221,1,0,5,0,1,0,1,138,0,0.0000,-1,9,12,16,0,37,0,0,0,0
146.7414,1,0,5,0,1,0,1,138,0,0.0000,-1,9,12,16,0,37,0,0,0,0
146.7614,1,0,5,0,1,0,1,138,0,0.0000,-1,9,12,16,0,37,0,0,0,0
146.7827,1,0,5,0,1,0,1,138,0,0.0000,-1,9,12,16,0,37,0,0,0,0
146.7997,1,0,5,0,1,0,1,138,0,0.0000,-1,9,12,16,0,37,0,0,0,0
146.8195,1,0,5,0,1,0,1,138,0,0.0000,-1,9,12,16,0,37,0,0,0,0
146.8399,1,0,5,0,1,0,1,138,0,0.0000,-1,9,12,16,0,37,0,0,0,0
146.8596,1,0,5,0,1,0,1,138,0,0.0000,-1,9,12,16,0,37,0,0,0,0
146.8772,1,0,5,0,1,0,1,138,0,0.0000,-1,9,12,16,0,37,0,0,0,0
146.8946,1,0,5,0,1,0,1,138,0,0.0000,-1,9,12,16,0,37,0,0,0,0
146.9147,1,0,5,0,1,0,1,138,0,0.0000,-1,9,12,16,0,37,0,0,0,0
146.9333,1,0,5,0,1,0,1,138,0,0.0000,-1,9,12,16,0,37,0,0,0,0
146.9523,1,0,5,0,1,0,1,138,0,0.0000,-1,9,12,16,0,37,0,0,0,0
146.9701,1,0,5,0,1,0,1,138,0,0.0000,-1,9,12,16,0,37,0,0,0,0
146.9871,1,0,5,0,1,0,0,-1,0,0.0000,138,10,12,16,0,38,0,0,0,0
147.0064,1,0,5,0,1,0,0,-1,0,0.0000,-1,10,12,16,0,38,0,0,0,0
147.0422,1,0,5,0,1,0,0,-1,0,0.0000,-1,10,12,16,0,38,0,0,0,0
147.0535,1,0,5,0,1,0,0,-1,0,0.0000,-1,10,12,16,0,38,0,0,0,0
147.0663,1,0,5,0,1,0,0,-1,0,0.0000,-1,10,12,16,0,38,0,0,0,0
147.0857,1,0,5,0,1,0,0,-1,0,0.0000,-1,10,12,16,0,38,0,0,0,0
147.1047,1,0,5,0,1,0,0,-1,0,0.0000,-1,10,12,16,0,38,0,0,0,0
147.125,1,0,5,0,1,0,0,-1,0,0.0000,-1,10,12,16,0,38,0,0,0,0
147.1434,1,0,5,0,1,0,0,-1,0,0.0000,-1,10,12,16,0,38,0,0,0,0
147.1629,1,0,5,0,1,0,0,-1,0,0.0000,-1,10,12,16,0,38,0,0,0,0
147.1823,1,0,5,0,1,0,0,-1,0,0.0000,-1,10,12,16,0,38,0,0,0,0
147.2013,1,0,5,0,1,0,0,-1,0,0.0000,-1,10,12,16,0,38,0,0,0,0
147.2194,1,0,5,0,1,0,0,-1,0,0.0000,-1,10,12,16,0,38,0,0,0,0
147.2547,1,0,5,0,1,0,0,-1,0,0.0000,-1,10,12,16,0,38,0,0,0,0
147.2661,1,0,5,0,1,0,0,-1,0,0.0000,-1,10,12,16,0,38,0,0,0,0
147.2788,1,0,5,0,1,0,0,-1,0,0.0000,-1,10,12,16,0,38,0,0,0,0
147.2983,1,0,5,0,1,0,0,-1,0,0.0000,-1,10,12,16,0,38,0,0,0,0
147.3177,1,0,5,0,1,0,0,-1,0,0.0000,-1,10,12,16,0,38,0,0,0,0
147.3367,1,0,5,0,1,0,0,-1,0,0.0000,-1,10,12,16,0,38,0,0,0,0
147.3558,1,0,5,0,1,0,0,-1,0,0.0000,-1,10,12,16,0,38,0,0,0,0
147.3753,1,0,5,0,1,0,0,-1,0,0.0000,-1,10,12,16,0,38,0,0,0,0
147.3951,1,0,5,0,1,0,0,-1,0,0.0000,-1,10,12,16,0,38,0,0,0,0
147.4171,1,0,5,0,1,0,0,-1,0,0.0000,-1,10,12,16,0,38,0,0,0,0
147.4386,1,0,5,0,1,0,0,-1,0,0.0000,-1,10,12,16,0,38,0,0,0,0
147.4623,1,0,5,0,1,0,0,-1,0,0.0000,-1,10,12,16,0,38,0,0,0,0
147.486,1,0,5,0,1,0,0,-1,0,0.0000,-1,10,12,16,0,38,0,0,0,0
147.5097,1,0,5,0,1,0,0,-1,0,0.0000,-1,10,12,16,0,38,0,0,0,0
147.5332,1,0,5,0,1,0,0,-1,0,0.0000,-1,10,12,16,0,38,0,0,0,0
147.5564,1,0,5,0,1,0,1,140,0,0.0000,-1,10,12,16,0,38,0,0,0,0
147.5797,1,0,5,0,1,0,1,140,0,0.0000,-1,10,12,16,0,38,0,0,0,0
147.6032,1,0,5,0,1,0,1,140,0,0.0000,-1,10,12,16,0,38,0,0,0,0
147.6274,1,0,5,0,1,0,1,140,0,0.0000,-1,10,12,16,0,38,0,0,0,0
147.6509,1,0,5,0,0,0,1,140,0,0.0000,-1,10,12,16,0,38,0,0,0,0
147.674,1,0,5,0,0,0,0,-1,0,0.0000,-1,10,12,16,0,38,0,0,0,0
147.6969,1,0,5,0,0,0,0,-1,0,0.0000,-1,10,12,16,0,38,0,0,0,0
147.7206,1,0,5,0,0,0,0,-1,0,0.0000,-1,10,12,16,0,38,0,0,0,0
147.7442,1,0,5,0,0,0,0,-1,0,0.0000,-1,10,12,16,0,38,0,0,0,0
147.7689,1,0,5,0,0,0,0,-1,0,0.0000,-1,10,12,16,0,38,0,0,0,0
147.793,1,0,5,0,0,0,0,-1,0,0.0000,-1,10,12,16,0,38,0,0,0,0
147.8174,1,0,5,0,0,0,0,-1,0,0.0000,140,11,12,16,0,39,0,0,0,0
147.8415,1,0,5,0,0,0,0,-1,1,1.0000,-1,11,12,16,0,39,0,0,0,0
147.8652,1,0,5,0,0,0,0,-1,0,1.0000,-1,11,12,16,0,39,0,0,0,0
147.9095,1,0,5,0,0,0,0,-1,0,1.0000,-1,11,12,16,0,39,0,0,0,0
147.9243,1,0,5,0,0,0,0,-1,0,1.0000,-1,11,12,16,0,39,0,0,0,0
147.9387,1,0,5,0,0,0,0,-1,0,1.0000,-1,11,12,16,0,39,0,0,0,0
147.9628,1,0,5,0,0,0,0,-1,0,1.0000,-1,11,12,16,0,39,0,0,0,0
147.9861,1,0,5,0,0,0,0,-1,0,1.0000,-1,11,12,16,0,39,0,0,0,0
148.0088,1,0,5,0,0,0,0,-1,0,1.0000,-1,11,12,16,0,39,0,0,0,0
148.032,1,0,5,0,0,0,0,-1,0,1.0000,-1,11,12,16,0,39,0,0,0,0
148.0547,1,0,5,0,0,0,0,-1,0,1.0000,-1,11,12,16,0,39,0,0,0,0
148.0777,1,0,5,0,0,0,0,-1,0,1.0000,-1,11,12,16,0,39,0,0,0,0
148.1205,1,0,5,0,0,0,0,-1,0,1.0000,-1,11,12,16,0,39,0,0,0,0
148.132,1,0,5,0,0,0,0,-1,0,1.0000,-1,11,12,16,0,39,0,0,0,0
148.1493,1,0,5,0,0,0,0,-1,0,1.0000,-1,11,12,16,0,39,0,0,0,0
148.172,1,0,5,0,0,0,0,-1,0,1.0000,-1,11,12,16,0,39,0,0,0,0
148.1944,1,0,5,0,0,0,0,-1,0,1.0000,-1,11,12,16,0,39,0,0,0,0
148.2176,1,0,5,0,0,0,0,-1,0,1.0000,-1,11,12,16,0,39,0,0,0,0
148.2404,1,0,5,0,0,0,0,-1,0,1.0000,-1,11,12,16,0,39,0,0,0,0
148.2628,1,0,5,0,0,0,0,-1,0,1.0000,-1,11,12,16,0,39,0,0,0,0
148.2856,1,0,5,0,0,0,0,-1,0,1.0000,-1,11,12,16,0,39,0,0,0,0
148.3286,1,0,5,0,0,0,0,-1,0,1.0000,-1,11,12,16,0,39,0,0,0,0
148.3395,1,0,5,0,0,0,0,-1,0,1.0000,-1,11,12,16,0,39,0,0,0,0
148.3549,1,0,5,0,0,0,0,-1,0,1.0000,-1,11,12,16,0,39,0,0,0,0
148.3777,1,0,5,0,0,0,0,-1,0,1.0000,-1,11,12,16,0,39,0,0,0,0
148.4001,1,0,5,0,0,0,0,-1,0,1.0000,-1,11,12,16,0,39,0,0,0,0
148.4227,1,0,5,0,0,0,0,-1,0,1.0000,-1,11,12,16,0,39,0,0,0,0
148.4462,1,0,5,0,0,0,0,-1,0,1.0000,-1,11,12,16,0,39,0,0,0,0
148.4691,1,0,5,0,1,0,0,-1,0,1.0000,-1,11,12,16,0,39,0,0,0,0
148.4917,1,0,5,0,1,0,0,-1,0,1.0000,-1,11,12,16,0,39,0,0,0,0
148.5144,1,0,5,0,1,0,0,-1,0,1.0000,-1,11,12,16,0,39,0,0,0,0
148.5374,1,0,5,0,1,0,0,-1,0,1.0000,-1,11,12,16,0,39,0,0,0,0
148.5599,1,0,5,0,1,0,0,-1,0,1.0000,-1,11,12,16,0,39,0,0,0,0
148.5827,1,0,5,0,1,0,0,-1,0,1.0000,-1,11,12,16,0,39,0,0,0,0
148.6055,1,0,5,0,1,0,0,-1,1,2.0000,-1,11,12,16,0,39,0,0,0,0
148.6281,1,0,5,0,1,0,0,-1,0,2.0000,-1,11,12,16,0,39,0,0,0,0
148.6517,1,0,5,0,1,0,0,-1,0,2.0000,-1,11,12,16,0,39,0,0,0,0
148.6738,1,0,5,0,1,0,0,-1,0,2.0000,-1,11,12,16,0,39,0,0,0,0
148.6956,1,0,5,0,1,0,0,-1,0,2.0000,-1,11,12,16,0,39,0,0,0,0
148.7177,1,0,5,0,1,0,0,-1,0,2.0000,-1,11,12,16,0,39,0,0,0,0
148.7402,1,0,5,0,1,0,0,-1,0,2.0000,-1,11,12,16,0,39,0,0,0,0
148.7625,1,0,5,0,1,0,0,-1,0,2.0000,-1,11,12,16,0,39,0,0,0,0
148.7848,1,0,5,0,1,0,0,-1,0,2.0000,-1,11,12,16,0,39,0,0,0,0
148.8076,1,0,5,0,1,0,0,-1,0,2.0000,-1,11,12,16,0,39,0,0,0,0
148.8294,1,0,5,0,1,0,0,-1,0,2.0000,-1,11,12,16,0,39,0,0,0,0
148.8512,1,0,5,0,1,0,0,-1,0,1.0000,-1,11,12,16,0,39,0,0,0,0
148.8732,1,0,5,0,1,0,0,-1,0,1.0000,-1,11,12,16,0,39,0,0,0,0
148.8945,1,0,5,0,1,0,0,-1,0,1.0000,-1,11,12,16,0,39,0,0,0,0
148.9161,1,0,5,0,1,0,0,-1,0,1.0000,-1,11,12,16,0,39,0,0,0,0
148.938,1,0,5,0,1,0,0,-1,0,1.0000,-1,11,12,16,0,39,0,0,0,0
148.9607,1,0,5,0,1,0,0,-1,0,1.0000,-1,11,12,16,0,39,0,0,0,0
148.9821,1,0,5,0,1,0,0,-1,0,1.0000,-1,11,12,16,0,39,0,0,0,0
149.0039,1,0,5,0,1,0,0,-1,0,1.0000,-1,11,12,16,0,39,0,0,0,0
149.0262,1,0,5,0,0,0,0,-1,0,1.0000,-1,11,12,16,0,39,0,0,0,0
149.0479,1,0,5,0,0,0,0,-1,0,1.0000,-1,11,12,16,0,39,0,0,0,0
149.0699,1,0,5,0,0,0,0,-1,0,1.0000,-1,11,12,16,0,39,0,0,0,0
149.0918,1,0,5,0,0,0,0,-1,0,1.0000,-1,11,12,16,0,39,0,0,0,0
149.1153,1,0,5,0,0,0,0,-1,0,1.0000,-1,11,12,16,0,39,0,0,0,0
149.137,1,0,5,0,0,0,0,-1,0,1.0000,-1,11,12,16,0,39,0,0,0,0
149.1779,1,0,5,0,0,0,0,-1,0,1.0000,-1,11,12,16,0,39,0,0,0,0
149.1895,1,0,5,1,0,0,0,-1,0,1.0000,-1,11,12,16,0,39,0,0,0,0
149.2065,1,0,5,1,0,0,0,-1,0,1.0000,-1,11,12,16,0,39,0,0,0,0
149.2295,1,0,5,1,0,0,0,-1,0,1.0000,-1,11,12,16,0,39,0,0,0,0
149.2518,1,0,5,1,0,0,0,-1,0,1.0000,-1,11,12,16,0,39,0,0,0,0
149.275,1,0,5,1,0,0,0,-1,0,1.0000,-1,11,12,16,0,39,0,0,0,0
149.2977,1,0,5,1,0,0,0,-1,0,1.0000,-1,11,12,16,0,39,0,0,0,0
149.3213,1,0,5,1,0,0,0,-1,0,1.0000,-1,11,12,16,0,39,0,0,0,0
149.3431,1,0,5,1,0,0,0,-1,0,1.0000,-1,11,12,16,0,39,0,0,0,0
149.3858,1,0,5,1,0,0,0,-1,0,1.0000,-1,11,12,16,0,39,0,0,0,0
149.3967,1,0,5,1,0,0,0,-1,0,1.0000,-1,11,12,16,0,39,0,0,0,0
149.4146,1,0,5,1,0,0,0,-1,0,1.0000,-1,11,12,16,0,39,0,0,0,0
149.4377,1,0,5,1,0,0,0,-1,0,1.0000,-1,11,12,16,0,39,0,0,0,0
149.4605,1,0,5,1,0,0,0,-1,0,1.0000,-1,11,12,16,0,39,0,0,0,0
149.4828,1,0,5,1,0,0,1,143,0,1.0000,-1,11,12,16,0,39,0,0,0,0
149.5059,1,0,5,1,0,0,1,143,0,1.0000,-1,11,12,16,0,39,0,0,0,0
149.5288,1,0,5,1,0,0,1,143,0,1.0000,-1,11,12,16,0,39,0,0,0,0
149.5513,1,0,5,1,0,0,1,143,0,1.0000,-1,11,12,16,0,39,0,0,0,0
149.5951,1,0,5,1,0,0,1,143,0,1.0000,-1,11,12,16,0,39,0,0,0,0
149.6061,1,0,5,1,0,0,1,143,0,0.0000,-1,11,12,16,0,39,0,0,0,0
149.6215,1,0,5,1,0,0,1,143,0,0.0000,-1,11,12,16,0,39,0,0,0,0
149.6441,1,0,5,1,0,0,1,143,0,0.0000,-1,11,12,16,0,39,0,0,0,0
149.6671,1,0,5,1,0,0,1,143,0,0.0000,-1,11,12,16,0,39,0,0,0,0
149.6891,1,0,5,1,0,0,1,143,0,0.0000,-1,11,12,16,0,39,0,0,0,0
149.7104,1,0,5,1,0,0,1,143,0,0.0000,-1,11,12,16,0,39,0,0,0,0
149.7318,1,0,5,1,0,0,1,144,0,0.0000,143,12,12,16,0,40,0,0,0,0
149.7512,1,0,5,1,0,0,1,144,0,0.0000,-1,12,12,16,0,40,0,0,0,0
149.7711,1,0,5,1,0,0,1,144,0,0.0000,-1,12,12,16,0,40,0,0,0,0
149.8094,1,0,5,0,0,0,1,144,1,1.0000,-1,12,12,16,0,40,0,0,0,0
149.8211,1,0,5,0,0,0,1,144,0,1.0000,-1,12,12,16,0,40,0,0,0,0
149.8352,1,0,5,0,0,0,0,-1,0,1.0000,-1,12,12,16,0,40,0,0,0,0
149.8553,1,0,5,0,0,0,0,-1,0,1.0000,-1,12,12,16,0,40,0,0,0,0
149.8755,1,0,5,0,0,0,0,-1,0,1.0000,-1,12,12,16,0,40,0,0,0,0
149.8955,1,0,5,0,0,0,0,-1,0,1.0000,-1,12,12,16,0,40,0,0,0,0
149.9164,3,1,6,0,0,0,0,-1,0,1.0000,144,12,12,17,0,41,0,0,0,0
149.9363,3,0,6,0,0,0,0,-1,0,1.0000,-1,12,12,17,0,41,0,0,0,0
149.9566,3,0,6,0,0,0,0,-1,0,1.0000,-1,12,12,17,0,41,0,0,0,0
149.9762,3,0,6,0,0,0,0,-1,0,1.0000,-1,12,12,17,0,41,0,0,0,0
149.995,3,0,6,0,0,0,0,-1,0,1.0000,-1,12,12,17,0,41,0,0,0,0
150.0173,3,0,6,0,0,0,0,-1,0,1.0000,-1,12,12,17,0,41,0,0,0,0
150.0369,3,0,6,0,0,0,0,-1,0,1.0000,-1,12,12,17,0,41,0,0,0,0
150.0565,3,0,6,0,0,0,0,-1,0,1.0000,-1,12,12,17,0,41,0,0,0,0
150.0773,3,0,6,0,0,0,0,-1,0,1.0000,-1,12,12,17,0,41,0,0,0,0
150.094,3,0,6,0,0,0,0,-1,0,1.0000,-1,12,12,17,0,41,0,0,0,0
150.1172,3,0,6,0,0,0,0,-1,0,1.0000,-1,12,12,17,0,41,0,0,0,0
150.1365,3,0,6,0,0,0,0,-1,0,1.0000,-1,12,12,17,0,41,0,0,0,0
150.1541,3,0,6,0,0,0,0,-1,0,1.0000,-1,12,12,17,0,41,0,0,0,0
150.1747,3,0,6,0,0,0,0,-1,0,1.0000,-1,12,12,17,0,41,0,0,0,0
150.1938,3,0,6,0,0,0,0,-1,0,1.0000,-1,12,12,17,0,41,0,0,0,0
150.2307,3,0,6,0,0,0,0,-1,0,1.0000,-1,12,12,17,0,41,0,0,0,0
150.2413,3,0,6,0,0,0,0,-1,0,1.0000,-1,12,12,17,0,41,0,0,0,0
150.2558,3,0,6,0,0,0,0,-1,0,1.0000,-1,12,12,17,0,41,0,0,0,0
150.276,3,0,6,1,0,0,0,-1,0,1.0000,-1,12,12,17,0,41,0,0,0,0
150.2965,3,0,6,1,0,0,0,-1,0,1.0000,-1,12,12,17,0,41,0,0,0,0
150.3155,3,0,6,1,0,0,0,-1,0,1.0000,-1,12,12,17,0,41,0,0,0,0
150.3366,3,0,6,1,0,0,0,-1,0,1.0000,-1,12,12,17,0,41,0,0,0,0
150.3561,3,0,6,1,0,0,0,-1,0,1.0000,-1,12,12,17,0,41,0,0,0,0
150.3762,3,0,6,1,0,0,0,-1,0,1.0000,-1,12,12,17,0,41,0,0,0,0
150.3945,3,0,6,1,0,0,0,-1,0,1.0000,-1,12,12,17,0,41,0,0,0,0
150.4327,3,0,6,1,0,0,0,-1,0,1.0000,-1,12,12,17,0,41,0,0,0,0
150.4438,3,0,6,1,0,0,0,-1,0,1.0000,-1,12,12,17,0,41,0,0,0,0
150.4594,3,0,6,1,0,0,0,-1,0,1.0000,-1,12,12,17,0,41,0,0,0,0
150.4796,3,0,6,1,0,0,0,-1,0,1.0000,-1,12,12,17,0,41,0,0,0,0
150.499,3,0,6,1,0,0,0,-1,0,1.0000,-1,12,12,17,0,41,0,0,0,0
150.5199,3,0,6,1,0,0,0,-1,0,1.0000,-1,12,12,17,0,41,0,0,0,0
150.5389,3,0,6,1,0,0,0,-1,0,1.0000,-1,12,12,17,0,41,0,0,0,0
150.5601,3,0,6,1,0,0,0,-1,0,1.0000,-1,12,12,17,0,41,0,0,0,0
150.5804,3,0,6,1,0,0,0,-1,0,1.0000,-1,12,12,17,0,41,0,0,0,0
150.5995,3,0,6,1,0,0,0,-1,0,1.0000,-1,12,12,17,0,41,0,0,0,0
150.6186,3,0,6,1,0,0,0,-1,0,1.0000,-1,12,12,17,0,41,0,0,0,0
150.6391,3,0,6,1,0,0,0,-1,0,1.0000,-1,12,12,17,0,41,0,0,0,0
150.6579,3,0,6,1,0,0,0,-1,0,1.0000,-1,12,12,17,0,41,0,0,0,0
150.6768,3,0,6,1,0,0,0,-1,0,1.0000,-1,12,12,17,0,41,0,0,0,0
150.6974,3,0,6,1,0,0,0,-1,0,1.0000,-1,12,12,17,0,41,0,0,0,0
150.717,3,0,6,1,0,0,0,-1,0,1.0000,-1,12,12,17,0,41,0,0,0,0
150.7379,3,0,6,1,0,0,0,-1,0,1.0000,-1,12,12,17,0,41,0,0,0,0
150.7557,3,0,6,1,0,0,0,-1,0,1.0000,-1,12,12,17,0,41,0,0,0,0
150.7753,3,0,6,1,0,0,0,-1,0,1.0000,-1,12,12,17,0,41,0,0,0,0
150.7942,3,0,6,1,0,0,0,-1,0,1.0000,-1,12,12,17,0,41,0,0,0,0
150.8154,3,0,6,1,0,0,0,-1,0,0.0000,-1,12,12,17,0,41,0,0,0,0
150.8552,3,0,6,1,0,0,0,-1,0,0.0000,-1,12,12,17,0,41,0,0,0,0
150.8678,3,0,6,1,0,0,0,-1,0,0.0000,-1,12,12,17,0,41,0,0,0,0
150.8837,3,0,6,1,0,0,0,-1,0,0.0000,-1,12,12,17,0,41,0,0,0,0
150.9044,3,0,6,1,0,0,0,-1,0,0.0000,-1,12,12,17,0,41,0,0,0,0
150.9255,3,0,6,1,0,0,0,-1,0,0.0000,-1,12,12,17,0,41,0,0,0,0
150.9462,3,0,6,1,0,0,0,-1,0,0.0000,-1,12,12,17,0,41,0,0,0,0
150.9687,3,0,6,1,0,0,0,-1,0,0.0000,-1,12,12,17,0,41,0,0,0,0
150.9892,3,0,6,1,0,0,0,-1,0,0.0000,-1,12,12,17,0,41,0,0,0,0
151.0102,3,0,6,1,0,0,0,-1,0,0.0000,-1,12,12,17,0,41,0,0,0,0
151.0356,3,0,6,1,0,0,0,-1,0,0.0000,-1,12,12,17,0,41,0,0,0,0
151.054,3,0,6,1,0,0,0,-1,0,0.0000,-1,12,12,17,0,41,0,0,0,0
151.0759,3,0,6,1,0,0,0,-1,0,0.0000,-1,12,12,17,0,41,0,0,0,0
151.0963,3,0,6,1,0,0,0,-1,0,0.0000,-1,12,12,17,0,41,0,0,0,0
151.1157,3,0,6,1,0,0,0,-1,0,0.0000,-1,12,12,17,0,41,0,0,0,0
151.1378,3,0,6,1,0,0,0,-1,0,0.0000,-1,12,12,17,0,41,0,0,0,0
151.1583,3,0,6,1,0,0,0,-1,0,0.0000,-1,12,12,17,0,41,0,0,0,0
151.1784,3,0,6,1,0,0,1,149,0,0.0000,-1,12,12,17,0,41,0,0,0,0
151.1973,3,0,6,1,0,0,1,149,0,0.0000,-1,12,12,17,0,41,0,0,0,0
151.2195,3,0,6,1,0,0,1,149,0,0.0000,-1,12,12,17,0,41,0,0,0,0
151.2387,3,0,6,1,0,0,1,149,0,0.0000,-1,12,12,17,0,41,0,0,0,0
151.2601,3,0,6,1,0,0,1,149,0,0.0000,-1,12,12,17,0,41,0,0,0,0
151.2815,3,0,6,1,0,0,1,149,0,0.0000,-1,12,12,17,0,41,0,0,0,0
151.3037,3,0,6,1,0,0,1,149,0,0.0000,-1,12,12,17,0,41,0,0,0,0
151.3243,3,0,6,1,0,0,1,149,0,0.0000,-1,12,12,17,0,41,0,0,0,0
151.3425,3,0,6,1,0,0,1,149,0,0.0000,-1,12,12,17,0,41,0,0,0,0
151.3649,3,0,6,1,0,0,1,149,0,0.0000,-1,12,12,17,0,41,0,0,0,0
151.3837,3,0,6,1,0,0,1,149,0,0.0000,-1,12,12,17,0,41,0,0,0,0
151.4039,3,0,6,1,0,0,1,149,0,0.0000,-1,12,12,17,0,41,0,0,0,0
151.4231,3,0,6,1,0,0,1,149,0,0.0000,-1,12,12,17,0,41,0,0,0,0
151.4426,3,0,6,1,0,0,1,149,0,0.0000,-1,12,12,17,0,41,0,0,0,0
151.4815,3,0,6,1,0,0,1,149,0,0.0000,-1,12,12,17,0,41,0,0,0,0
151.4977,3,0,6,1,0,0,1,149,0,0.0000,-1,12,12,17,0,41,0,0,0,0
151.5138,3,0,6,1,0,0,1,149,0,0.0000,-1,12,12,17,0,41,0,0,0,0
151.5309,3,0,6,1,0,0,1,149,0,0.0000,-1,12,12,17,0,41,0,0,0,0
151.5514,3,0,6,1,0,0,1,149,0,0.0000,-1,12,12,17,0,41,0,0,0,0
151.571,3,0,6,1,0,0,1,149,0,0.0000,-1,12,12,17,0,41,0,0,0,0
151.5909,3,0,6,1,0,0,1,149,0,0.0000,-1,12,12,17,0,41,0,0,0,0
151.6102,3,0,6,1,0,0,1,149,0,0.0000,-1,12,12,17,0,41,0,0,0,0
151.6298,3,0,6,1,0,0,1,149,1,1.0000,-1,12,12,17,0,41,0,0,0,0
151.6509,3,0,6,1,0,0,1,149,0,1.0000,-1,12,12,17,0,41,0,0,0,0
151.6709,3,0,6,1,0,0,0,-1,0,1.0000,-1,12,12,17,0,41,0,0,0,0
151.6913,3,0,6,1,0,0,0,-1,0,1.0000,149,12,12,18,0,42,0,0,0,0
151.7103,3,0,6,1,0,0,0,-1,0,1.0000,-1,12,12,18,0,42,0,0,0,0
151.7309,3,0,6,1,0,0,0,-1,0,1.0000,-1,12,12,18,0,42,0,0,0,0
151.7528,3,0,6,1,0,0,0,-1,0,1.0000,-1,12,12,18,0,42,0,0,0,0
151.7729,3,0,6,1,0,0,0,-1,0,1.0000,-1,12,12,18,0,42,0,0,0,0
151.7939,3,0,6,1,0,0,0,-1,0,1.0000,-1,12,12,18,0,42,0,0,0,0
151.814,3,0,6,1,0,0,0,-1,0,1.0000,-1,12,12,18,0,42,0,0,0,0
151.8331,3,0,6,1,0,0,0,-1,0,1.0000,-1,12,12,18,0,42,0,0,0,0
151.8544,3,0,6,1,0,0,0,-1,0,1.0000,-1,12,12,18,0,42,0,0,0,0
151.8931,3,0,6,1,0,0,1,150,0,1.0000,-1,12,12,18,0,42,0,0,0,0
151.9076,3,0,6,1,0,0,1,150,0,1.0000,-1,12,12,18,0,42,0,0,0,0
151.9212,3,0,6,1,0,0,1,150,0,1.0000,-1,12,12,18,0,42,0,0,0,0
151.941,3,0,6,1,0,0,1,150,0,1.0000,-1,12,12,18,0,42,0,0,0,0
151.9659,3,0,6,1,0,0,1,150,0,1.0000,-1,12,12,18,0,42,0,0,0,0
151.9837,3,0,6,1,0,0,1,150,0,1.0000,-1,12,12,18,0,42,0,0,0,0
152.006,3,0,6,1,0,0,1,150,0,1.0000,-1,12,12,18,0,42,0,0,0,0
152.027,3,0,6,1,0,0,1,150,0,1.0000,-1,12,12,18,0,42,0,0,0,0
152.0488,3,0,6,1,0,0,1,150,0,1.0000,-1,12,12,18,0,42,0,0,0,0
152.0716,3,0,6,1,0,0,1,150,0,1.0000,-1,12,12,18,0,42,0,0,0,0
152.1157,3,0,6,1,0,0,1,150,0,1.0000,-1,12,12,18,0,42,0,0,0,0
152.1353,3,0,6,1,0,0,1,150,0,1.0000,-1,12,12,18,0,42,0,0,0,0
152.1534,3,0,6,1,0,0,1,150,0,1.0000,-1,12,12,18,0,42,0,0,0,0
152.1722,3,0,6,1,0,0,1,150,0,1.0000,-1,12,12,18,0,42,0,0,0,0
152.1921,3,0,6,1,0,0,1,150,1,2.0000,-1,12,12,18,0,42,0,0,0,0
152.2112,3,0,6,1,0,0,1,150,0,2.0000,-1,12,12,18,0,42,0,0,0,0
152.2313,3,0,6,1,0,0,1,150,0,2.0000,-1,12,12,18,0,42,0,0,0,0
152.2514,3,0,6,1,0,0,1,150,0,2.0000,-1,12,12,18,0,42,0,0,0,0
152.2733,3,0,6,0,0,0,1,150,0,2.0000,-1,12,12,18,0,42,0,0,0,0
152.3092,3,0,6,0,0,0,1,150,0,2.0000,-1,12,12,18,0,42,0,0,0,0
152.3341,3,0,6,0,0,0,0,-1,1,3.0000,-1,12,12,18,0,42,0,0,0,0
152.3558,3,0,6,0,0,0,0,-1,0,3.0000,-1,12,12,18,0,42,0,0,0,0
152.376,3,0,6,0,0,0,0,-1,0,3.0000,-1,12,12,18,0,42,0,0,0,0
152.3995,3,0,6,0,0,0,0,-1,0,3.0000,150,12,12,19,0,43,0,0,0,0
152.4221,3,0,6,0,0,0,0,-1,0,3.0000,-1,12,12,19,0,43,0,0,0,0
152.4433,3,0,6,0,0,0,0,-1,0,3.0000,-1,12,12,19,0,43,0,0,0,0
152.4611,3,0,6,0,0,0,0,-1,0,3.0000,-1,12,12,19,0,43,0,0,0,0
152.4808,3,0,6,0,0,0,0,-1,0,3.0000,-1,12,12,19,0,43,0,0,0,0
152.5195,3,0,6,0,0,0,0,-1,0,3.0000,-1,12,12,19,0,43,0,0,0,0
152.5372,3,0,6,0,0,0,0,-1,0,3.0000,-1,12,12,19,0,43,0,0,0,0
152.5562,3,0,6,0,0,0,0,-1,0,3.0000,-1,12,12,19,0,43,0,0,0,0
152.58,3,0,6,0,0,0,0,-1,0,3.0000,-1,12,12,19,0,43,0,0,0,0
152.5999,3,0,6,0,0,0,0,-1,0,3.0000,-1,12,12,19,0,43,0,0,0,0
152.6184,3,0,6,0,0,0,0,-1,0,3.0000,-1,12,12,19,0,43,0,0,0,0
152.6392,3,0,6,0,0,0,0,-1,0,2.0000,-1,12,12,19,0,43,0,0,0,0
152.6594,3,0,6,0,0,0,0,-1,0,2.0000,-1,12,12,19,0,43,0,0,0,0
152.68,3,0,6,0,0,0,0,-1,0,2.0000,-1,12,12,19,0,43,0,0,0,0
152.7014,3,0,6,0,0,0,0,-1,0,2.0000,-1,12,12,19,0,43,0,0,0,0
152.724,3,0,6,0,0,0,0,-1,0,2.0000,-1,12,12,19,0,43,0,0,0,0
152.7446,3,0,6,0,0,0,0,-1,0,2.0000,-1,12,12,19,0,43,0,0,0,0
152.7663,3,0,6,0,0,0,0,-1,0,2.0000,-1,12,12,19,0,43,0,0,0,0
152.7875,3,0,6,0,0,0,0,-1,0,2.0000,-1,12,12,19,0,43,0,0,0,0
152.808,3,0,6,0,0,0,0,-1,0,2.0000,-1,12,12,19,0,43,0,0,0,0
152.8291,3,0,6,0,0,0,0,-1,0,2.0000,-1,12,12,19,0,43,0,0,0,0
152.8525,3,0,6,0,0,0,0,-1,0,2.0000,-1,12,12,19,0,43,0,0,0,0
152.8732,3,0,6,0,0,0,0,-1,0,2.0000,-1,12,12,19,0,43,0,0,0,0
152.8943,3,0,6,0,0,0,0,-1,0,2.0000,-1,12,12,19,0,43,0,0,0,0
152.9129,3,0,6,0,0,0,0,-1,0,2.0000,-1,12,12,19,0,43,0,0,0,0
152.9347,3,0,6,0,0,0,0,-1,0,2.0000,-1,12,12,19,0,43,0,0,0,0
152.9595,3,0,6,0,0,0,0,-1,0,2.0000,-1,12,12,19,0,43,0,0,0,0
152.9814,3,0,6,0,0,0,0,-1,0,2.0000,-1,12,12,19,0,43,0,0,0,0
153.0025,3,0,6,0,0,0,0,-1,0,2.0000,-1,12,12,19,0,43,0,0,0,0
153.0229,3,0,6,0,0,0,0,-1,0,2.0000,-1,12,12,19,0,43,0,0,0,0
153.0452,3,0,6,0,0,0,0,-1,0,2.0000,-1,12,12,19,0,43,0,0,0,0
153.0656,3,0,6,0,0,0,0,-1,0,2.0000,-1,12,12,19,0,43,0,0,0,0
153.0872,3,0,6,0,0,0,0,-1,0,2.0000,-1,12,12,19,0,43,0,0,0,0
153.1097,3,0,6,0,0,0,0,-1,0,2.0000,-1,12,12,19,0,43,0,0,0,0
153.1346,3,0,6,0,0,0,0,-1,0,2.0000,-1,12,12,19,0,43,0,0,0,0
153.1743,3,0,6,0,0,0,0,-1,1,3.0000,-1,12,12,19,0,43,0,0,0,0
153.1937,3,0,6,0,0,0,0,-1,0,2.0000,-1,12,12,19,0,43,0,0,0,0
153.211,3,0,6,0,0,0,0,-1,0,2.0000,-1,12,12,19,0,43,0,0,0,0
153.2296,3,0,6,0,0,0,0,-1,0,2.0000,-1,12,12,19,0,43,0,0,0,0
153.2493,3,0,6,0,0,0,0,-1,0,2.0000,-1,12,12,19,0,43,0,0,0,0
153.27,3,0,6,0,0,0,0,-1,0,2.0000,-1,12,12,19,0,43,0,0,0,0
153.292,3,0,6,0,0,0,0,-1,0,2.0000,-1,12,12,19,0,43,0,0,0,0
153.3129,3,0,6,0,0,0,0,-1,0,2.0000,-1,12,12,19,0,43,0,0,0,0
153.3351,3,0,6,0,0,0,0,-1,0,1.0000,-1,12,12,19,0,43,0,0,0,0
153.3541,3,0,6,0,0,0,0,-1,0,1.0000,-1,12,12,19,0,43,0,0,0,0
153.3772,3,0,6,0,0,0,1,153,0,1.0000,-1,12,12,19,0,43,0,0,0,0
153.4007,3,0,6,0,0,0,1,153,0,1.0000,-1,12,12,19,0,43,0,0,0,0
153.421,3,0,6,0,0,0,1,153,0,1.0000,-1,12,12,19,0,43,0,0,0,0
153.4442,3,0,6,0,0,0,1,153,0,1.0000,-1,12,12,19,0,43,0,0,0,0
153.4683,3,0,6,0,0,0,1,153,0,1.0000,-1,12,12,19,0,43,0,0,0,0
153.492,3,0,6,0,0,0,1,153,0,1.0000,-1,12,12,19,0,43,0,0,0,0
153.5121,3,0,6,0,0,0,1,153,0,1.0000,-1,12,12,19,0,43,0,0,0,0
153.5323,3,0,6,0,0,0,1,153,0,1.0000,-1,12,12,19,0,43,0,0,0,0
153.5524,3,0,6,0,0,0,1,153,0,1.0000,-1,12,12,19,0,43,0,0,0,0
153.5743,3,0,6,0,0,0,1,153,0,1.0000,-1,12,12,19,0,43,0,0,0,0
153.5942,3,0,6,0,0,0,1,153,0,1.0000,-1,12,12,19,0,43,0,0,0,0
153.6175,3,0,6,0,0,0,1,153,0,1.0000,-1,12,12,19,0,43,0,0,0,0
153.6369,3,0,6,0,0,0,1,153,0,1.0000,-1,12,12,19,0,43,0,0,0,0
153.6596,3,0,6,0,0,0,1,153,0,1.0000,-1,12,12,19,0,43,0,0,0,0
153.6836,3,0,6,0,0,0,1,153,0,1.0000,-1,12,12,19,0,43,0,0,0,0
153.7051,3,0,6,0,0,0,1,153,0,1.0000,-1,12,12,19,0,43,0,0,0,0
153.73,3,0,6,0,0,0,1,153,0,1.0000,-1,12,12,19,0,43,0,0,0,0
153.7517,3,0,6,0,0,0,1,153,0,1.0000,-1,12,12,19,0,43,0,0,0,0
153.7716,3,0,6,0,0,0,1,153,0,1.0000,-1,12,12,19,0,43,0,0,0,0
153.8111,3,0,6,0,0,0,1,153,0,1.0000,-1,12,12,19,0,43,0,0,0,0
153.8311,3,0,6,0,0,0,1,153,0,1.0000,-1,12,12,19,0,43,0,0,0,0
153.8508,3,0,6,0,0,0,1,153,0,1.0000,-1,12,12,19,0,43,0,0,0,0
153.8728,3,0,6,0,0,0,1,153,0,1.0000,-1,12,12,19,0,43,0,0,0,0
153.8923,3,0,6,0,0,0,1,153,0,1.0000,-1,12,12,19,0,43,0,0,0,0
153.9119,3,0,6,0,0,0,1,153,0,1.0000,-1,12,12,19,0,43,0,0,0,0
153.933,3,0,6,0,0,0,1,153,0,1.0000,-1,12,12,19,0,43,0,0,0,0
153.9523,3,0,6,0,0,0,1,153,0,1.0000,-1,12,12,19,0,43,0,0,0,0
153.9742,3,0,6,0,0,0,1,153,1,2.0000,-1,12,12,19,0,43,0,0,0,0
153.9943,3,0,6,0,0,0,1,153,0,2.0000,-1,12,12,19,0,43,0,0,0,0
154.0188,3,0,6,0,0,0,0,-1,0,2.0000,-1,12,12,19,0,43,0,0,0,0
154.0401,3,0,6,0,0,0,0,-1,0,2.0000,153,12,12,20,0,44,0,0,0,0
154.0661,3,0,6,0,0,0,0,-1,0,2.0000,-1,12,12,20,0,44,0,0,0,0
154.0888,3,0,6,0,0,0,1,152,0,2.0000,-1,12,12,20,0,44,0,0,0,0
154.1093,3,0,6,0,0,0,1,152,0,2.0000,-1,12,12,20,0,44,0,0,0,0
154.1302,3,0,6,0,0,0,1,152,0,2.0000,-1,12,12,20,0,44,0,0,0,0
154.1558,3,0,6,0,0,0,1,152,0,2.0000,-1,12,12,20,0,44,0,0,0,0
154.1769,3,0,6,0,0,0,1,152,0,1.0000,-1,12,12,20,0,44,0,0,0,0
154.2067,3,0,6,0,0,0,1,152,0,1.0000,-1,12,12,20,0,44,0,0,0,0
154.2252,3,0,6,0,0,0,1,152,0,1.0000,-1,12,12,20,0,44,0,0,0,0
154.2454,3,0,6,0,0,0,1,152,0,1.0000,-1,12,12,20,0,44,0,0,0,0
154.2679,3,0,6,0,0,0,1,152,0,1.0000,-1,12,12,20,0,44,0,0,0,0
154.2929,3,0,6,0,0,0,1,152,0,1.0000,-1,12,12,20,0,44,0,0,0,0
154.3143,3,0,6,0,0,0,1,152,0,1.0000,-1,12,12,20,0,44,0,0,0,0
154.3329,3,0,6,0,0,0,1,152,0,1.0000,-1,12,12,20,0,44,0,0,0,0
154.3519,3,0,6,0,0,0,0,-1,0,1.0000,152,12,12,21,0,45,0,0,0,0
154.3742,3,0,6,0,0,0,0,-1,0,1.0000,-1,12,12,21,0,45,0,0,0,0
154.3947,3,0,6,0,0,0,0,-1,0,1.0000,-1,12,12,21,0,45,0,0,0,0
154.4183,3,0,6,0,0,0,0,-1,1,2.0000,-1,12,12,21,0,45,0,0,0,0
154.4388,3,0,6,0,0,0,0,-1,0,2.0000,-1,12,12,21,0,45,0,0,0,0
154.4619,3,0,6,0,0,0,0,-1,0,2.0000,-1,12,12,21,0,45,0,0,0,0
154.4831,3,0,6,0,0,0,0,-1,0,2.0000,-1,12,12,21,0,45,0,0,0,0
154.5042,3,0,6,0,0,0,0,-1,0,2.0000,-1,12,12,21,0,45,0,0,0,0
154.5279,3,0,6,0,0,0,0,-1,0,2.0000,-1,12,12,21,0,45,0,0,0,0
154.5482,3,0,6,0,0,0,0,-1,0,2.0000,-1,12,12,21,0,45,0,0,0,0
154.5695,3,0,6,0,0,0,0,-1,0,2.0000,-1,12,12,21,0,45,0,0,0,0
154.5906,3,0,6,0,0,0,0,-1,0,2.0000,-1,12,12,21,0,45,0,0,0,0
154.6122,3,0,6,0,1,0,0,-1,0,2.0000,-1,12,12,21,0,45,0,0,0,0
154.6531,3,0,6,0,1,0,0,-1,1,3.0000,-1,12,12,21,0,45,0,0,0,0
154.6738,3,0,6,0,1,0,0,-1,0,3.0000,-1,12,12,21,0,45,0,0,0,0
154.6945,3,0,6,0,1,0,0,-1,0,3.0000,-1,12,12,21,0,45,0,0,0,0
154.7153,3,0,6,0,1,0,0,-1,0,3.0000,-1,12,12,21,0,45,0,0,0,0
154.7375,3,0,6,0,1,0,1,157,0,3.0000,-1,12,12,21,0,45,0,0,0,0
154.7602,3,0,6,0,1,0,1,157,0,3.0000,-1,12,12,21,0,45,0,0,0,0
154.784,3,0,6,0,1,0,1,157,0,3.0000,-1,12,12,21,0,45,0,0,0,0
154.8042,3,0,6,0,1,0,1,157,0,3.0000,-1,12,12,21,0,45,0,0,0,0
154.8225,3,0,6,0,1,0,1,157,0,3.0000,-1,12,12,21,0,45,0,0,0,0
154.842,3,0,6,0,1,0,1,157,0,3.0000,-1,12,12,21,0,45,0,0,0,0
154.8652,3,0,6,0,1,0,1,157,0,3.0000,-1,12,12,21,0,45,0,0,0,0
154.8897,3,0,6,0,1,0,1,157,0,3.0000,-1,12,12,21,0,45,0,0,0,0
154.9118,3,0,6,0,1,0,1,157,0,3.0000,-1,12,12,21,0,45,0,0,0,0
154.9372,3,0,6,0,1,0,1,157,0,3.0000,-1,12,12,21,0,45,0,0,0,0
154.959,3,0,6,0,1,0,1,157,0,3.0000,-1,12,12,21,0,45,0,0,0,0
154.9828,3,0,6,0,1,0,0,-1,0,2.0000,157,12,12,22,0,46,0,0,0,0
155.0049,3,0,6,0,1,0,0,-1,0,2.0000,-1,12,12,22,0,46,0,0,0,0
155.0278,3,0,6,0,1,0,0,-1,0,2.0000,-1,12,12,22,0,46,0,0,0,0
155.0689,3,0,6,0,1,0,0,-1,1,3.0000,-1,12,12,22,0,46,0,0,0,0
155.0854,3,0,6,0,1,0,0,-1,0,3.0000,-1,12,12,22,0,46,0,0,0,0
155.1069,3,0,6,0,1,0,0,-1,0,3.0000,-1,12,12,22,0,46,0,0,0,0
155.1306,3,0,6,0,1,0,0,-1,0,3.0000,-1,12,12,22,0,46,0,0,0,0
155.1516,3,0,6,0,1,0,0,-1,0,3.0000,-1,12,12,22,0,46,0,0,0,0
155.1765,3,0,6,0,0,0,0,-1,0,3.0000,-1,12,12,22,0,46,0,0,0,0
155.2023,3,0,6,0,0,0,0,-1,0,3.0000,-1,12,12,22,0,46,0,0,0,0
155.2238,3,0,6,0,0,0,0,-1,0,3.0000,-1,12,12,22,0,46,0,0,0,0
155.241,3,0,6,0,0,0,0,-1,0,3.0000,-1,12,12,22,0,46,0,0,0,0
155.2744,3,0,6,0,0,0,0,-1,0,3.0000,-1,12,12,22,0,46,0,0,0,0
155.2907,3,0,6,0,0,0,0,-1,0,3.0000,-1,12,12,22,0,46,0,0,0,0
155.3081,3,0,6,0,0,0,0,-1,0,3.0000,-1,12,12,22,0,46,0,0,0,0
155.3262,3,0,6,0,0,0,0,-1,0,3.0000,-1,12,12,22,0,46,0,0,0,0
155.3487,3,0,6,0,0,0,0,-1,0,3.0000,-1,12,12,22,0,46,0,0,0,0
155.3711,3,0,6,0,0,0,0,-1,0,3.0000,-1,12,12,22,0,46,0,0,0,0
155.3941,3,0,6,0,0,0,0,-1,0,3.0000,-1,12,12,22,0,46,0,0,0,0
155.4154,3,0,6,0,0,0,0,-1,0,3.0000,156,12,12,23,0,47,0,0,0,0
155.4401,3,0,6,0,0,0,0,-1,0,2.0000,-1,12,12,23,0,47,0,0,0,0
155.4608,3,0,6,0,0,0,0,-1,0,2.0000,-1,12,12,23,0,47,0,0,0,0
155.4993,3,0,6,0,0,0,0,-1,0,2.0000,-1,12,12,23,0,47,0,0,0,0
155.5172,3,0,6,0,0,0,0,-1,0,2.0000,-1,12,12,23,0,47,0,0,0,0
155.5316,3,0,6,0,0,0,0,-1,0,2.0000,-1,12,12,23,0,47,0,0,0,0
155.5473,3,0,6,0,0,0,0,-1,0,2.0000,-1,12,12,23,0,47,0,0,0,0
155.5664,3,0,6,0,0,0,0,-1,0,2.0000,-1,12,12,23,0,47,0,0,0,0
155.5868,3,0,6,0,0,0,0,-1,0,2.0000,-1,12,12,23,0,47,0,0,0,0
155.6125,3,0,6,0,0,0,0,-1,0,2.0000,-1,12,12,23,0,47,0,0,0,0
155.6325,3,0,6,0,0,0,0,-1,0,2.0000,-1,12,12,23,0,47,0,0,0,0
155.6489,3,0,6,0,0,0,0,-1,0,2.0000,155,12,12,24,0,48,0,0,0,0
155.6702,3,0,6,0,0,0,0,-1,0,1.0000,-1,12,12,24,0,48,0,0,0,0
155.708,3,0,6,0,0,0,0,-1,0,1.0000,-1,12,12,24,0,48,0,0,0,0
155.7199,3,0,6,0,0,0,0,-1,0,1.0000,-1,12,12,24,0,48,0,0,0,0
155.7341,3,0,6,0,0,0,0,-1,0,1.0000,-1,12,12,24,0,48,0,0,0,0
155.7565,3,0,6,0,0,0,0,-1,0,1.0000,-1,12,12,24,0,48,0,0,0,0
155.7777,3,0,6,0,0,0,0,-1,0,1.0000,-1,12,12,24,0,48,0,0,0,0
155.7997,3,0,6,0,0,0,0,-1,0,1.0000,-1,12,12,24,0,48,0,0,0,0
155.8266,3,0,6,0,0,0,0,-1,1,2.0000,-1,12,12,24,0,48,0,0,0,0
155.8475,3,0,6,0,0,0,0,-1,0,2.0000,-1,12,12,24,0,48,0,0,0,0
155.8689,3,0,6,0,0,0,0,-1,0,2.0000,-1,12,12,24,0,48,0,0,0,0
155.8931,3,0,6,0,0,0,0,-1,0,2.0000,-1,12,12,24,0,48,0,0,0,0
155.9149,3,0,6,0,0,0,0,-1,0,2.0000,-1,12,12,24,0,48,0,0,0,0
155.935,3,0,6,0,0,0,0,-1,0,2.0000,-1,12,12,24,0,48,0,0,0,0
155.9561,3,0,6,0,0,0,0,-1,0,2.0000,-1,12,12,24,0,48,0,0,0,0
155.9771,3,0,6,0,0,0,0,-1,0,2.0000,-1,12,12,24,0,48,0,0,0,0
155.9993,3,0,6,0,0,0,0,-1,0,2.0000,-1,12,12,24,0,48,0,0,0,0
156.0188,3,0,6,0,0,0,0,-1,0,2.0000,-1,12,12,24,0,48,0,0,0,0
156.0414,3,0,6,0,0,0,0,-1,0,2.0000,-1,12,12,24,0,48,0,0,0,0
156.0632,3,0,6,0,0,0,0,-1,0,2.0000,-1,12,12,24,0,48,0,0,0,0
156.0804,3,0,6,0,0,0,0,-1,0,1.0000,-1,12,12,24,0,48,0,0,0,0
156.101,3,0,6,0,0,0,0,-1,0,1.0000,-1,12,12,24,0,48,0,0,0,0
156.1215,3,0,6,0,0,0,0,-1,0,1.0000,-1,12,12,24,0,48,0,0,0,0
156.1416,3,0,6,0,0,0,0,-1,0,1.0000,-1,12,12,24,0,48,0,0,0,0
156.1626,3,0,6,0,0,0,0,-1,0,1.0000,-1,12,12,24,0,48,0,0,0,0
156.1837,3,0,6,0,0,0,0,-1,0,1.0000,-1,12,12,24,0,48,0,0,0,0
156.2043,3,0,6,0,0,0,0,-1,0,1.0000,-1,12,12,24,0,48,0,0,0,0
156.225,3,0,6,0,0,0,0,-1,0,1.0000,-1,12,12,24,0,48,0,0,0,0
156.2491,3,0,6,0,0,0,0,-1,0,1.0000,-1,12,12,24,0,48,0,0,0,0
156.2698,3,0,6,0,0,0,0,-1,0,1.0000,-1,12,12,24,0,48,0,0,0,0
156.2892,3,0,6,0,0,0,0,-1,0,1.0000,-1,12,12,24,0,48,0,0,0,0
156.3092,3,0,6,0,0,0,0,-1,0,1.0000,-1,12,12,24,0,48,0,0,0,0
156.3479,3,0,6,0,0,0,0,-1,0,1.0000,-1,12,12,24,0,48,0,0,0,0
156.3721,3,0,6,0,0,0,0,-1,0,1.0000,-1,12,12,24,0,48,0,0,0,0
156.3936,3,0,6,0,0,0,0,-1,0,1.0000,-1,12,12,24,0,48,0,0,0,0
156.4143,3,0,6,0,0,0,0,-1,0,1.0000,-1,12,12,24,0,48,0,0,0,0
156.4325,3,0,6,0,0,0,0,-1,0,1.0000,-1,12,12,24,0,48,0,0,0,0
156.4506,3,0,6,0,0,0,0,-1,0,1.0000,-1,12,12,24,0,48,0,0,0,0
156.4759,3,0,6,0,0,0,0,-1,0,1.0000,-1,12,12,24,0,48,0,0,0,0
156.4945,3,0,6,0,0,0,0,-1,0,1.0000,-1,12,12,24,0,48,0,0,0,0
156.5146,3,0,6,0,0,0,0,-1,0,1.0000,-1,12,12,24,0,48,0,0,0,0
156.5389,3,0,6,0,0,0,0,-1,0,1.0000,-1,12,12,24,0,48,0,0,0,0
156.5586,3,0,6,0,0,0,0,-1,0,1.0000,-1,12,12,24,0,48,0,0,0,0
156.5807,3,0,6,0,0,0,0,-1,0,1.0000,-1,12,12,24,0,48,0,0,0,0
156.6017,3,0,6,0,0,0,0,-1,0,1.0000,-1,12,12,24,0,48,0,0,0,0
156.6218,3,0,6,0,0,0,0,-1,0,1.0000,-1,12,12,24,0,48,0,0,0,0
156.6417,3,0,6,0,0,0,0,-1,0,1.0000,-1,12,12,24,0,48,0,0,0,0
156.6681,3,0,6,0,0,0,0,-1,0,1.0000,-1,12,12,24,0,48,0,0,0,0
156.6881,3,0,6,0,0,0,0,-1,0,1.0000,-1,12,12,24,0,48,0,0,0,0
156.7078,3,0,6,0,0,0,0,-1,0,1.0000,-1,12,12,24,0,48,0,0,0,0
156.7268,3,0,6,0,0,0,0,-1,0,1.0000,-1,12,12,24,0,48,0,0,0,0
156.7569,3,0,6,0,0,0,0,-1,0,1.0000,-1,12,12,24,0,48,0,0,0,0
156.7715,3,0,6,0,0,0,0,-1,0,1.0000,-1,12,12,24,0,48,0,0,0,0
156.7873,3,0,6,0,0,0,0,-1,0,1.0000,-1,12,12,24,0,48,0,0,0,0
156.8057,3,0,6,0,0,0,0,-1,0,1.0000,-1,12,12,24,0,48,0,0,0,0
156.827,3,0,6,0,0,0,0,-1,0,0.0000,-1,12,12,24,0,48,0,0,0,0
156.8465,3,0,6,0,0,0,0,-1,0,0.0000,-1,12,12,24,0,48,0,0,0,0
156.8672,3,0,6,0,0,0,0,-1,0,0.0000,-1,12,12,24,0,48,0,0,0,0
156.8901,3,0,6,0,0,0,0,-1,0,0.0000,-1,12,12,24,0,48,0,0,0,0
156.9116,3,0,6,0,0,0,0,-1,0,0.0000,-1,12,12,24,0,48,0,0,0,0
156.9316,3,0,6,0,0,0,0,-1,0,0.0000,-1,12,12,24,0,48,0,0,0,0
156.951,3,0,6,0,0,0,0,-1,0,0.0000,-1,12,12,24,0,48,0,0,0,0
156.974,3,0,6,0,0,0,0,-1,0,0.0000,-1,12,12,24,0,48,0,0,0,0
156.9957,3,0,6,0,0,0,0,-1,0,0.0000,-1,12,12,24,0,48,0,0,0,0
157.018,3,0,6,0,0,0,0,-1,0,0.0000,-1,12,12,24,0,48,0,0,0,0
157.04,3,0,6,0,0,0,0,-1,0,0.0000,-1,12,12,24,0,48,0,0,0,0
157.0618,3,0,6,0,0,0,0,-1,0,0.0000,-1,12,12,24,0,48,0,0,0,0
157.0849,3,0,6,0,0,0,0,-1,0,0.0000,-1,12,12,24,0,48,0,0,0,0
157.1082,3,0,6,0,0,0,0,-1,0,0.0000,-1,12,12,24,0,48,0,0,0,0
157.127,3,0,6,0,0,0,0,-1,0,0.0000,-1,12,12,24,0,48,0,0,0,0
157.1457,3,0,6,0,0,0,0,-1,0,0.0000,-1,12,12,24,0,48,0,0,0,0
157.1771,3,0,6,0,0,0,0,-1,0,0.0000,-1,12,12,24,0,48,0,0,0,0
157.1974,3,0,6,0,0,0,0,-1,0,0.0000,-1,12,12,24,0,48,0,0,0,0
157.2185,3,0,6,0,0,0,0,-1,0,0.0000,-1,12,12,24,0,48,0,0,0,0
157.2399,3,0,6,0,0,0,0,-1,0,0.0000,-1,12,12,24,0,48,0,0,0,0
157.2608,3,0,6,0,0,0,0,-1,0,0.0000,-1,12,12,24,0,48,0,0,0,0
157.2832,3,0,6,0,0,0,0,-1,0,0.0000,-1,12,12,24,0,48,0,0,0,0
157.3028,3,0,6,0,0,0,0,-1,0,0.0000,-1,12,12,24,0,48,0,0,0,0
157.3232,3,0,6,0,0,0,0,-1,0,0.0000,-1,12,12,24,0,48,0,0,0,0
157.344,3,0,6,0,0,0,0,-1,0,0.0000,-1,12,12,24,0,48,0,0,0,0
157.3651,3,0,6,0,0,0,0,-1,0,0.0000,-1,12,12,24,0,48,0,0,0,0
157.3865,3,0,6,0,0,0,0,-1,0,0.0000,-1,12,12,24,0,48,0,0,0,0
157.4102,3,0,6,0,0,0,0,-1,0,0.0000,-1,12,12,24,0,48,0,0,0,0
157.4296,3,0,6,0,0,0,0,-1,0,0.0000,-1,12,12,24,0,48,0,0,0,0
157.448,3,0,6,0,0,0,0,-1,0,0.0000,-1,12,12,24,0,48,0,0,0,0
157.4655,3,0,6,0,0,0,0,-1,0,0.0000,-1,12,12,24,0,48,0,0,0,0
157.4868,3,0,6,0,0,0,0,-1,0,0.0000,-1,12,12,24,0,48,0,0,0,0
157.505,3,0,6,0,0,0,0,-1,0,0.0000,-1,12,12,24,0,48,0,0,0,0
157.5228,3,0,6,0,0,0,0,-1,0,0.0000,-1,12,12,24,0,48,0,0,0,0
157.5424,3,0,6,0,0,0,0,-1,0,0.0000,-1,12,12,24,0,48,0,0,0,0
157.5623,3,0,6,0,0,0,0,-1,0,0.0000,-1,12,12,24,0,48,0,0,0,0
157.5825,3,0,6,0,0,0,0,-1,0,0.0000,-1,12,12,24,0,48,0,0,0,0
157.6013,3,0,6,0,0,0,0,-1,0,0.0000,-1,12,12,24,0,48,0,0,0,0
157.6202,3,0,6,0,0,0,0,-1,0,0.0000,-1,12,12,24,0,48,0,0,0,0
157.6402,3,0,6,0,0,0,0,-1,0,0.0000,-1,12,12,24,0,48,0,0,0,0
157.6624,3,0,6,0,0,0,0,-1,0,0.0000,-1,12,12,24,0,48,0,0,0,0
157.6818,3,0,6,0,0,0,0,-1,0,0.0000,-1,12,12,24,0,48,0,0,0,0
157.701,3,0,6,0,0,0,0,-1,0,0.0000,-1,12,12,24,0,48,0,0,0,0
157.7206,3,0,6,0,0,0,0,-1,0,0.0000,-1,12,12,24,0,48,0,0,0,0
157.7424,3,0,6,0,0,0,0,-1,0,0.0000,-1,12,12,24,0,48,0,0,0,0
157.7602,3,0,6,0,0,0,0,-1,0,0.0000,-1,12,12,24,0,48,0,0,0,0
157.7784,3,0,6,0,0,0,0,-1,0,0.0000,-1,12,12,24,0,48,0,0,0,0
157.7971,3,0,6,0,0,0,0,-1,0,0.0000,-1,12,12,24,0,48,0,0,0,0
157.8169,3,0,6,0,0,0,0,-1,0,0.0000,-1,12,12,24,0,48,0,0,0,0
157.8355,3,0,6,0,0,0,0,-1,0,0.0000,-1,12,12,24,0,48,0,0,0,0
157.8558,3,0,6,0,0,0,0,-1,0,0.0000,-1,12,12,24,0,48,0,0,0,0
157.8754,3,0,6,0,0,0,0,-1,0,0.0000,-1,12,12,24,0,48,0,0,0,0
157.8944,3,0,6,0,0,0,0,-1,0,0.0000,-1,12,12,24,0,48,0,0,0,0
157.9136,3,0,6,0,0,0,0,-1,0,0.0000,-1,12,12,24,0,48,0,0,0,0
157.9338,3,0,6,0,0,0,0,-1,0,0.0000,-1,12,12,24,0,48,0,0,0,0
157.9544,3,0,6,0,0,0,0,-1,0,0.0000,-1,12,12,24,0,48,0,0,0,0
157.9738,3,0,6,0,0,0,0,-1,0,0.0000,-1,12,12,24,0,48,0,0,0,0
157.9919,3,0,6,0,0,0,0,-1,0,0.0000,-1,12,12,24,0,48,0,0,0,0
158.0122,3,0,6,0,0,0,0,-1,0,0.0000,-1,12,12,24,0,48,0,0,0,0
158.0305,3,0,6,0,0,0,0,-1,0,0.0000,-1,12,12,24,0,48,0,0,0,0
158.0512,3,0,6,0,0,0,0,-1,0,0.0000,-1,12,12,24,0,48,0,0,0,0
158.0706,3,0,6,0,0,0,0,-1,0,0.0000,-1,12,12,24,0,48,0,0,0,0
158.089,3,0,6,0,0,0,0,-1,0,0.0000,-1,12,12,24,0,48,0,0,0,0
158.1072,3,0,6,0,0,0,0,-1,0,0.0000,-1,12,12,24,0,48,0,0,0,0
158.1274,3,0,6,0,0,0,0,-1,0,0.0000,-1,12,12,24,0,48,0,0,0,0
158.1472,3,0,6,0,0,0,0,-1,0,0.0000,-1,12,12,24,0,48,0,0,0,0
158.1679,3,0,6,0,0,0,0,-1,0,0.0000,-1,12,12,24,0,48,0,0,0,0
158.1861,3,0,6,0,0,0,0,-1,0,0.0000,-1,12,12,24,0,48,0,0,0,0
158.2061,3,0,6,0,0,0,0,-1,0,0.0000,-1,12,12,24,0,48,0,0,0,0
158.2251,3,0,6,0,0,0,0,-1,0,0.0000,-1,12,12,24,0,48,0,0,0,0
158.2636,3,0,6,0,0,0,0,-1,0,0.0000,-1,12,12,24,0,48,0,0,0,0
158.2827,3,0,6,0,0,0,0,-1,0,0.0000,-1,12,12,24,0,48,0,0,0,0
158.3009,3,0,6,0,0,0,0,-1,0,0.0000,-1,12,12,24,0,48,0,0,0,0
158.3206,3,0,6,0,0,0,0,-1,0,0.0000,-1,12,12,24,0,48,0,0,0,0
158.3391,3,0,6,0,0,0,0,-1,0,0.0000,-1,12,12,24,0,48,0,0,0,0
158.3576,3,0,6,0,0,0,0,-1,0,0.0000,-1,12,12,24,0,48,0,0,0,0
158.3749,3,0,6,0,0,0,0,-1,0,0.0000,-1,12,12,24,0,48,0,0,0,0
158.395,3,0,6,0,0,0,0,-1,0,0.0000,-1,12,12,24,0,48,0,0,0,0
158.4133,3,0,6,0,0,0,0,-1,0,0.0000,-1,12,12,24,0,48,0,0,0,0
158.4332,3,0,6,0,0,0,0,-1,0,0.0000,-1,12,12,24,0,48,0,0,0,0
158.4555,3,0,6,0,0,0,0,-1,0,0.0000,-1,12,12,24,0,48,0,0,0,0
158.476,3,0,6,0,0,0,0,-1,0,0.0000,-1,12,12,24,0,48,0,0,0,0
158.4971,3,0,6,0,0,0,0,-1,0,0.0000,-1,12,12,24,0,48,0,0,0,0
158.5165,3,0,6,0,0,0,0,-1,0,0.0000,-1,12,12,24,0,48,0,0,0,0
158.5376,3,0,6,0,0,0,0,-1,0,0.0000,-1,12,12,24,0,48,0,0,0,0
158.5571,3,0,6,0,0,0,0,-1,0,0.0000,-1,12,12,24,0,48,0,0,0,0
158.575,3,0,6,0,0,0,0,-1,0,0.0000,-1,12,12,24,0,48,0,0,0,0
158.5981,3,0,6,0,0,0,0,-1,0,0.0000,-1,12,12,24,0,48,0,0,0,0
158.618,3,0,6,0,0,0,0,-1,0,0.0000,-1,12,12,24,0,48,0,0,0,0
158.6355,3,0,6,0,0,0,0,-1,0,0.0000,-1,12,12,24,0,48,0,0,0,0
158.6532,3,0,6,0,0,0,0,-1,0,0.0000,-1,12,12,24,0,48,0,0,0,0
158.6731,3,0,6,0,0,0,0,-1,0,0.0000,-1,12,12,24,0,48,0,0,0,0
158.6886,3,0,6,0,0,0,0,-1,0,0.0000,-1,12,12,24,0,48,0,0,0,0
158.71,3,0,6,0,0,0,0,-1,1,1.0000,-1,12,12,24,0,48,0,0,0,0
158.7307,3,0,6,0,0,0,0,-1,0,1.0000,-1,12,12,24,0,48,0,0,0,0
158.7509,3,0,6,0,0,0,0,-1,0,1.0000,-1,12,12,24,0,48,0,0,0,0
158.77,3,0,6,0,0,0,0,-1,0,1.0000,-1,12,12,24,0,48,0,0,0,0
158.7898,3,0,6,0,0,0,0,-1,0,1.0000,-1,12,12,24,0,48,0,0,0,0
158.8078,3,0,6,0,0,0,0,-1,0,1.0000,-1,12,12,24,0,48,0,0,0,0
158.8287,3,0,6,0,0,0,0,-1,0,1.0000,-1,12,12,24,0,48,0,0,0,0
158.8468,3,0,6,0,0,0,0,-1,0,1.0000,-1,12,12,24,0,48,0,0,0,0
158.8668,3,0,6,0,0,0,0,-1,0,1.0000,-1,12,12,24,0,48,0,0,0,0
158.8849,3,0,6,0,0,0,0,-1,0,1.0000,-1,12,12,24,0,48,0,0,0,0
158.9056,3,0,6,0,0,0,0,-1,0,1.0000,-1,12,12,24,0,48,0,0,0,0
158.9225,3,0,6,0,0,0,0,-1,0,1.0000,-1,12,12,24,0,48,0,0,0,0
158.9437,3,0,6,0,0,0,0,-1,0,1.0000,-1,12,12,24,0,48,0,0,0,0
158.9648,3,0,6,0,0,0,0,-1,0,1.0000,-1,12,12,24,0,48,0,0,0,0
158.9843,3,0,6,0,0,0,0,-1,0,1.0000,-1,12,12,24,0,48,0,0,0,0
159.0003,3,0,6,0,0,0,0,-1,0,1.0000,-1,12,12,24,0,48,0,0,0,0
159.0223,3,0,6,0,0,0,0,-1,0,1.0000,-1,12,12,24,0,48,0,0,0,0
159.0411,3,0,6,0,0,0,0,-1,0,1.0000,-1,12,12,24,0,48,0,0,0,0
159.0627,3,0,6,0,0,0,0,-1,0,1.0000,-1,12,12,24,0,48,0,0,0,0
159.0792,3,0,6,0,0,0,0,-1,0,1.0000,-1,12,12,24,0,48,0,0,0,0
159.1027,3,0,6,0,0,0,0,-1,0,1.0000,-1,12,12,24,0,48,0,0,0,0
159.1219,3,0,6,0,0,0,0,-1,0,1.0000,-1,12,12,24,0,48,0,0,0,0
159.1416,3,0,6,0,0,0,0,-1,0,1.0000,-1,12,12,24,0,48,0,0,0,0
159.1581,3,0,6,0,0,0,0,-1,0,1.0000,-1,12,12,24,0,48,0,0,0,0
159.1801,3,0,6,0,0,0,0,-1,0,1.0000,-1,12,12,24,0,48,0,0,0,0
159.1983,3,0,6,0,0,0,0,-1,0,1.0000,-1,12,12,24,0,48,0,0,0,0
159.2189,3,0,6,0,0,0,0,-1,0,1.0000,-1,12,12,24,0,48,0,0,0,0
159.2413,3,0,6,0,0,0,0,-1,0,1.0000,-1,12,12,24,0,48,0,0,0,0
159.2597,3,0,6,0,0,0,0,-1,0,1.0000,-1,12,12,24,0,48,0,0,0,0
159.2763,3,0,6,0,0,0,0,-1,0,1.0000,-1,12,12,24,0,48,0,0,0,0
159.2974,3,0,6,0,0,0,0,-1,0,1.0000,-1,12,12,24,0,48,0,0,0,0
159.3194,3,0,6,0,0,0,0,-1,0,1.0000,-1,12,12,24,0,48,0,0,0,0
159.3382,3,0,6,0,0,0,0,-1,0,1.0000,-1,12,12,24,0,48,0,0,0,0
159.3555,3,0,6,0,0,0,0,-1,0,1.0000,-1,12,12,24,0,48,0,0,0,0
159.3752,3,0,6,0,0,0,0,-1,0,1.0000,-1,12,12,24,0,48,0,0,0,0
159.398,3,0,6,0,0,0,0,-1,0,1.0000,-1,12,12,24,0,48,0,0,0,0
159.4179,3,0,6,0,0,0,0,-1,0,1.0000,-1,12,12,24,0,48,0,0,0,0
159.4334,3,0,6,0,0,0,0,-1,0,1.0000,-1,12,12,24,0,48,0,0,0,0
159.4544,3,0,6,0,0,0,0,-1,0,1.0000,-1,12,12,24,0,48,0,0,0,0
159.4754,3,0,6,0,0,0,0,-1,0,1.0000,-1,12,12,24,0,48,0,0,0,0
159.4954,3,0,6,0,0,0,0,-1,0,1.0000,-1,12,12,24,0,48,0,0,0,0
159.5308,3,0,6,0,0,0,0,-1,0,1.0000,-1,12,12,24,0,48,0,0,0,0
159.545,3,0,6,0,0,0,0,-1,0,1.0000,-1,12,12,24,0,48,0,0,0,0
159.5586,3,0,6,0,0,0,0,-1,0,1.0000,-1,12,12,24,0,48,0,0,0,0
159.5731,3,0,6,0,0,0,0,-1,0,1.0000,-1,12,12,24,0,48,0,0,0,0
159.5945,3,0,6,0,0,0,0,-1,0,1.0000,-1,12,12,24,0,48,0,0,0,0
159.613,3,0,6,0,0,0,0,-1,0,1.0000,-1,12,12,24,0,48,0,0,0,0
159.6338,3,0,6,0,0,0,0,-1,0,1.0000,-1,12,12,24,0,48,0,0,0,0
159.6544,3,0,6,0,0,0,0,-1,0,1.0000,-1,12,12,24,0,48,0,0,0,0
159.6751,3,0,6,0,0,0,0,-1,0,1.0000,-1,12,12,24,0,48,0,0,0,0
159.6959,3,0,6,0,0,0,0,-1,1,2.0000,-1,12,12,24,0,48,0,0,0,0
159.7359,3,0,6,0,0,0,0,-1,0,1.0000,-1,12,12,24,0,48,0,0,0,0
159.7481,3,0,6,0,0,0,0,-1,0,1.0000,-1,12,12,24,0,48,0,0,0,0
159.7616,3,0,6,0,0,0,0,-1,0,1.0000,-1,12,12,24,0,48,0,0,0,0
159.7821,3,0,6,0,0,0,0,-1,0,1.0000,-1,12,12,24,0,48,0,0,0,0
159.8014,3,0,6,0,0,0,0,-1,0,1.0000,-1,12,12,24,0,48,0,0,0,0
159.8219,3,0,6,0,0,0,0,-1,0,1.0000,-1,12,12,24,0,48,0,0,0,0
159.8423,3,0,6,0,0,0,0,-1,0,1.0000,-1,12,12,24,0,48,0,0,0,0
159.8631,3,0,6,0,0,0,0,-1,0,1.0000,-1,12,12,24,0,48,0,0,0,0
159.8847,3,0,6,0,0,0,0,-1,0,1.0000,-1,12,12,24,0,48,0,0,0,0
159.9061,3,0,6,0,0,0,0,-1,0,1.0000,-1,12,12,24,0,48,0,0,0,0
159.9246,3,0,6,0,0,0,0,-1,0,1.0000,-1,12,12,24,0,48,0,0,0,0
159.9443,3,0,6,0,0,0,0,-1,0,1.0000,-1,12,12,24,0,48,0,0,0,0
159.9651,3,0,6,0,0,0,0,-1,0,1.0000,-1,12,12,24,0,48,0,0,0,0
159.9853,3,0,6,0,0,0,0,-1,0,1.0000,-1,12,12,24,0,48,0,0,0,0
160.0056,3,0,6,0,0,0,0,-1,0,1.0000,-1,12,12,24,0,48,0,0,0,0
160.0263,3,0,6,0,0,0,0,-1,0,1.0000,-1,12,12,24,0,48,0,0,0,0
160.0459,3,0,6,0,0,0,0,-1,0,1.0000,-1,12,12,24,0,48,0,0,0,0
160.0661,3,0,6,0,0,0,0,-1,0,1.0000,-1,12,12,24,0,48,0,0,0,0
160.0864,3,0,6,0,0,0,0,-1,0,1.0000,-1,12,12,24,0,48,0,0,0,0
160.1068,3,0,6,0,0,0,0,-1,0,1.0000,-1,12,12,24,0,48,0,0,0,0
160.1279,3,0,6,0,0,0,0,-1,0,1.0000,-1,12,12,24,0,48,0,0,0,0
160.1477,3,0,6,0,0,0,0,-1,0,1.0000,-1,12,12,24,0,48,0,0,0,0
160.1667,3,0,6,0,0,0,0,-1,0,1.0000,-1,12,12,24,0,48,0,0,0,0
160.1871,3,0,6,0,0,0,0,-1,0,1.0000,-1,12,12,24,0,48,0,0,0,0
160.2076,3,0,6,0,0,0,0,-1,0,1.0000,-1,12,12,24,0,48,0,0,0,0
160.2296,3,0,6,0,0,0,0,-1,0,1.0000,-1,12,12,24,0,48,0,0,0,0
160.2464,3,0,6,0,0,0,0,-1,0,1.0000,-1,12,12,24,0,48,0,0,0,0
160.2665,3,0,6,0,0,0,0,-1,0,1.0000,-1,12,12,24,0,48,0,0,0,0
160.2864,3,0,6,0,0,0,0,-1,0,1.0000,-1,12,12,24,0,48,0,0,0,0
160.3077,3,0,6,0,0,0,0,-1,0,1.0000,-1,12,12,24,0,48,0,0,0,0
160.3291,3,0,6,0,0,0,0,-1,0,1.0000,-1,12,12,24,0,48,0,0,0,0
160.3479,3,0,6,0,0,0,0,-1,0,1.0000,-1,12,12,24,0,48,0,0,0,0
160.3671,3,0,6,0,0,0,0,-1,0,1.0000,-1,12,12,24,0,48,0,0,0,0
160.3876,3,0,6,0,0,0,0,-1,0,1.0000,-1,12,12,24,0,48,0,0,0,0
160.4079,3,0,6,0,0,0,0,-1,0,1.0000,-1,12,12,24,0,48,0,0,0,0
160.4288,3,0,6,0,0,0,0,-1,0,1.0000,-1,12,12,24,0,48,0,0,0,0
160.4483,3,0,6,0,0,0,0,-1,0,1.0000,-1,12,12,24,0,48,0,0,0,0
160.4668,3,0,6,0,0,0,0,-1,0,1.0000,-1,12,12,24,0,48,0,0,0,0
160.4862,3,0,6,0,0,0,0,-1,0,1.0000,-1,12,12,24,0,48,0,0,0,0
160.5061,3,0,6,0,0,0,0,-1,0,1.0000,-1,12,12,24,0,48,0,0,0,0
160.5282,3,0,6,0,0,0,0,-1,0,1.0000,-1,12,12,24,0,48,0,0,0,0
160.5459,3,0,6,0,0,0,0,-1,0,1.0000,-1,12,12,24,0,48,0,0,0,0
160.5663,3,0,6,0,0,0,0,-1,0,1.0000,-1,12,12,24,0,48,0,0,0,0
160.5864,3,0,6,0,0,0,0,-1,0,1.0000,-1,12,12,24,0,48,0,0,0,0
160.6061,3,0,6,0,0,0,0,-1,0,1.0000,-1,12,12,24,0,48,0,0,0,0
160.6267,3,0,6,0,0,0,0,-1,0,1.0000,-1,12,12,24,0,48,0,0,0,0
160.6451,3,0,6,0,0,0,0,-1,0,1.0000,-1,12,12,24,0,48,0,0,0,0
160.6659,3,0,6,0,0,0,0,-1,0,1.0000,-1,12,12,24,0,48,0,0,0,0
160.6859,3,0,6,0,0,0,0,-1,0,1.0000,-1,12,12,24,0,48,0,0,0,0
160.7061,3,0,6,0,0,0,0,-1,0,0.0000,-1,12,12,24,0,48,0,0,0,0
160.7282,3,0,6,0,0,0,0,-1,0,0.0000,-1,12,12,24,0,48,0,0,0,0
160.7465,3,0,6,0,0,0,0,-1,0,0.0000,-1,12,12,24,0,48,0,0,0,0
160.766,3,0,6,0,0,0,0,-1,0,0.0000,-1,12,12,24,0,48,0,0,0,0
160.7861,3,0,6,0,0,0,0,-1,0,0.0000,-1,12,12,24,0,48,0,0,0,0
160.8061,3,0,6,0,0,0,0,-1,0,0.0000,-1,12,12,24,0,48,0,0,0,0
160.8271,3,0,6,0,0,0,0,-1,0,0.0000,-1,12,12,24,0,48,0,0,0,0
160.8467,3,0,6,0,0,0,0,-1,0,0.0000,-1,12,12,24,0,48,0,0,0,0
160.8661,3,0,6,0,0,0,0,-1,0,0.0000,-1,12,12,24,0,48,0,0,0,0
160.8865,3,0,6,0,0,0,0,-1,0,0.0000,-1,12,12,24,0,48,0,0,0,0
160.9064,3,0,6,0,0,0,0,-1,0,0.0000,-1,12,12,24,0,48,0,0,0,0
160.927,3,0,6,0,0,0,0,-1,0,0.0000,-1,12,12,24,0,48,0,0,0,0
160.9464,3,0,6,0,0,0,0,-1,0,0.0000,-1,12,12,24,0,48,0,0,0,0
160.9662,3,0,6,0,0,0,0,-1,0,0.0000,-1,12,12,24,0,48,0,0,0,0
160.9859,3,0,6,0,0,0,0,-1,0,0.0000,-1,12,12,24,0,48,0,0,0,0
161.0063,3,0,6,0,0,0,0,-1,0,0.0000,-1,12,12,24,0,48,0,0,0,0
161.028,3,0,6,0,0,0,0,-1,0,0.0000,-1,12,12,24,0,48,0,0,0,0
161.0484,3,0,6,0,0,0,0,-1,0,0.0000,-1,12,12,24,0,48,0,0,0,0
161.0677,3,0,6,0,0,0,0,-1,0,0.0000,-1,12,12,24,0,48,0,0,0,0
161.0872,3,0,6,0,0,0,0,-1,0,0.0000,-1,12,12,24,0,48,0,0,0,0
161.1076,3,0,6,0,0,0,0,-1,0,0.0000,-1,12,12,24,0,48,0,0,0,0
161.1294,3,0,6,0,0,0,0,-1,0,0.0000,-1,12,12,24,0,48,0,0,0,0
161.15,3,0,6,0,0,0,0,-1,0,0.0000,-1,12,12,24,0,48,0,0,0,0
161.1705,3,0,6,0,0,0,0,-1,0,0.0000,-1,12,12,24,0,48,0,0,0,0
161.2064,3,0,6,0,0,0,0,-1,0,0.0000,-1,12,12,24,0,48,0,0,0,0
161.2167,3,0,6,0,0,0,0,-1,0,0.0000,-1,12,12,24,0,48,0,0,0,0
161.2324,3,0,6,0,0,0,0,-1,0,0.0000,-1,12,12,24,0,48,0,0,0,0
161.2527,3,0,6,0,0,0,0,-1,0,0.0000,-1,12,12,24,0,48,0,0,0,0
161.2738,3,0,6,0,0,0,0,-1,0,0.0000,-1,12,12,24,0,48,0,0,0,0
161.295,3,0,6,0,0,0,0,-1,0,0.0000,-1,12,12,24,0,48,0,0,0,0
161.3145,3,0,6,0,0,0,0,-1,0,0.0000,-1,12,12,24,0,48,0,0,0,0
161.3333,3,0,6,0,0,0,0,-1,0,0.0000,-1,12,12,24,0,48,0,0,0,0
161.3527,3,0,6,0,0,0,0,-1,0,0.0000,-1,12,12,24,0,48,0,0,0,0
161.3734,3,0,6,0,0,0,0,-1,0,0.0000,-1,12,12,24,0,48,0,0,0,0
161.3956,3,0,6,0,0,0,0,-1,0,0.0000,-1,12,12,24,0,48,0,0,0,0
161.413,3,0,6,0,0,0,0,-1,0,0.0000,-1,12,12,24,0,48,0,0,0,0
161.4336,3,0,6,0,0,0,0,-1,0,0.0000,-1,12,12,24,0,48,0,0,0,0
161.4534,3,0,6,0,0,0,0,-1,0,0.0000,-1,12,12,24,0,48,0,0,0,0
161.4734,3,0,6,0,0,0,0,-1,0,0.0000,-1,12,12,24,0,48,0,0,0,0
161.4953,3,0,6,0,0,0,0,-1,0,0.0000,-1,12,12,24,0,48,0,0,0,0
161.5128,3,0,6,0,0,0,0,-1,0,0.0000,-1,12,12,24,0,48,0,0,0,0
161.534,3,0,6,0,0,0,0,-1,1,1.0000,-1,12,12,24,0,48,0,0,0,0
161.5535,3,0,6,0,0,0,0,-1,0,1.0000,-1,12,12,24,0,48,0,0,0,0
161.5736,3,0,6,0,0,0,0,-1,0,1.0000,-1,12,12,24,0,48,0,0,0,0
161.6106,3,0,6,0,0,0,0,-1,0,1.0000,-1,12,12,24,0,48,0,0,0,0
161.6226,3,0,6,0,0,0,0,-1,0,1.0000,-1,12,12,24,0,48,0,0,0,0
161.6366,3,0,6,0,0,0,0,-1,0,1.0000,-1,12,12,24,0,48,0,0,0,0
161.6563,3,0,6,0,0,0,0,-1,0,1.0000,-1,12,12,24,0,48,0,0,0,0
161.6766,3,0,6,0,0,0,0,-1,0,1.0000,-1,12,12,24,0,48,0,0,0,0
161.698,3,0,6,0,0,0,0,-1,0,1.0000,-1,12,12,24,0,48,0,0,0,0
161.7184,3,0,6,0,0,0,0,-1,0,1.0000,-1,12,12,24,0,48,0,0,0,0
161.7409,3,0,6,0,0,0,0,-1,0,1.0000,-1,12,12,24,0,48,0,0,0,0
161.7615,3,0,6,0,0,0,0,-1,0,1.0000,-1,12,12,24,0,48,0,0,0,0
161.7819,3,0,6,0,0,0,0,-1,0,1.0000,-1,12,12,24,0,48,0,0,0,0
161.803,3,0,6,0,0,0,0,-1,0,1.0000,-1,12,12,24,0,48,0,0,0,0
161.8234,3,0,6,0,0,0,0,-1,0,1.0000,-1,12,12,24,0,48,0,0,0,0
161.8462,3,0,6,0,0,0,0,-1,0,1.0000,-1,12,12,24,0,48,0,0,0,0
161.8652,3,0,6,0,0,0,0,-1,0,1.0000,-1,12,12,24,0,48,0,0,0,0
161.8856,3,0,6,0,0,0,0,-1,0,1.0000,-1,12,12,24,0,48,0,0,0,0
161.9086,3,0,6,0,0,0,0,-1,0,1.0000,-1,12,12,24,0,48,0,0,0,0
161.9321,3,0,6,0,0,0,0,-1,0,1.0000,-1,12,12,24,0,48,0,0,0,0
161.9521,3,0,6,0,0,0,0,-1,0,1.0000,-1,12,12,24,0,48,0,0,0,0
161.971,3,0,6,0,0,0,0,-1,0,1.0000,-1,12,12,24,0,48,0,0,0,0
161.991,3,0,6,0,0,0,0,-1,0,1.0000,-1,12,12,24,0,48,0,0,0,0
162.0325,3,0,6,0,0,0,0,-1,0,1.0000,-1,12,12,24,0,48,0,0,0,0
162.0481,3,0,6,0,0,0,0,-1,0,1.0000,-1,12,12,24,0,48,0,0,0,0
162.0637,3,0,6,0,0,0,0,-1,0,1.0000,-1,12,12,24,0,48,0,0,0,0
162.0779,3,0,6,0,0,0,0,-1,0,1.0000,-1,12,12,24,0,48,0,0,0,0
162.098,3,0,6,0,0,0,0,-1,0,1.0000,-1,12,12,24,0,48,0,0,0,0
162.1183,3,0,6,0,0,0,0,-1,0,1.0000,-1,12,12,24,0,48,0,0,0,0
162.1402,3,0,6,0,0,0,0,-1,0,1.0000,-1,12,12,24,0,48,0,0,0,0
162.1573,3,0,6,0,0,0,0,-1,0,1.0000,-1,12,12,24,0,48,0,0,0,0
162.1767,3,0,6,0,0,0,0,-1,0,1.0000,-1,12,12,24,0,48,0,0,0,0
162.1976,3,0,6,0,0,0,0,-1,0,1.0000,-1,12,12,24,0,48,0,0,0,0
162.2184,3,0,6,0,0,0,0,-1,0,1.0000,-1,12,12,24,0,48,0,0,0,0
162.239,3,0,6,0,0,0,1,172,1,2.0000,-1,12,12,24,0,48,0,0,0,0
162.2561,3,0,6,0,0,0,1,172,0,2.0000,-1,12,12,24,0,48,0,0,0,0
162.2766,3,0,6,0,0,0,1,172,0,2.0000,-1,12,12,24,0,48,0,0,0,0
162.2964,3,0,6,0,0,0,1,172,0,2.0000,-1,12,12,24,0,48,0,0,0,0
162.3183,3,0,6,0,0,0,1,172,0,2.0000,-1,12,12,24,0,48,0,0,0,0
162.3358,3,0,6,0,0,0,1,172,0,2.0000,-1,12,12,24,0,48,0,0,0,0
162.3558,3,0,6,0,0,0,1,172,0,2.0000,-1,12,12,24,0,48,0,0,0,0
162.3763,3,0,6,0,0,0,1,172,0,2.0000,-1,12,12,24,0,48,0,0,0,0
162.396,3,0,6,0,0,0,1,172,0,2.0000,-1,12,12,24,0,48,0,0,0,0
162.4178,2,1,7,0,0,0,1,170,0,2.0000,172,12,13,24,0,49,0,0,0,0
162.4378,2,0,7,0,0,0,1,170,0,2.0000,-1,12,13,24,0,49,0,0,0,0
162.457,2,0,7,0,0,0,1,170,0,2.0000,-1,12,13,24,0,49,0,0,0,0
162.476,2,0,7,1,0,0,1,170,0,2.0000,-1,12,13,24,0,49,0,0,0,0
162.4968,2,0,7,1,0,0,1,170,0,2.0000,-1,12,13,24,0,49,0,0,0,0
162.5181,2,0,7,1,0,0,1,170,0,2.0000,-1,12,13,24,0,49,0,0,0,0
162.5378,2,0,7,1,0,0,1,170,0,1.0000,-1,12,13,24,0,49,0,0,0,0
162.5564,2,0,7,1,0,0,1,170,0,1.0000,-1,12,13,24,0,49,0,0,0,0
162.5765,2,0,7,1,0,0,1,170,0,1.0000,-1,12,13,24,0,49,0,0,0,0
162.5957,2,0,7,1,0,0,1,170,0,1.0000,-1,12,13,24,0,49,0,0,0,0
162.6163,2,0,7,0,0,0,1,170,0,1.0000,-1,12,13,24,0,49,0,0,0,0
162.6362,2,0,7,0,0,0,1,170,0,1.0000,-1,12,13,24,0,49,0,0,0,0
162.6738,2,0,7,0,0,0,1,170,0,1.0000,-1,12,13,24,0,49,0,0,0,0
162.685,2,0,7,0,0,0,1,170,0,1.0000,-1,12,13,24,0,49,0,0,0,0
162.7,2,0,7,0,0,0,1,170,0,1.0000,-1,12,13,24,0,49,0,0,0,0
162.7201,2,0,7,0,0,0,1,170,0,1.0000,-1,12,13,24,0,49,0,0,0,0
162.7394,2,0,7,0,0,0,1,170,0,1.0000,-1,12,13,24,0,49,0,0,0,0
162.7621,2,0,7,0,0,0,1,170,0,1.0000,-1,12,13,24,0,49,0,0,0,0
162.7812,2,0,7,0,0,0,1,170,0,1.0000,-1,12,13,24,0,49,0,0,0,0
162.8006,2,0,7,0,0,0,1,170,0,1.0000,-1,12,13,24,0,49,0,0,0,0
162.8208,2,0,7,0,0,0,1,170,0,1.0000,-1,12,13,24,0,49,0,0,0,0
162.8399,2,0,7,0,0,0,1,170,0,1.0000,-1,12,13,24,0,49,0,0,0,0
162.8618,2,0,7,0,0,0,1,170,0,1.0000,-1,12,13,24,0,49,0,0,0,0
162.881,2,0,7,0,0,0,1,170,0,1.0000,-1,12,13,24,0,49,0,0,0,0
162.9012,2,0,7,0,0,0,1,170,0,1.0000,-1,12,13,24,0,49,0,0,0,0
162.9231,2,0,7,0,0,0,1,170,0,1.0000,-1,12,13,24,0,49,0,0,0,0
162.9403,2,0,7,0,0,0,1,170,0,1.0000,-1,12,13,24,0,49,0,0,0,0
162.9609,2,0,7,0,0,0,0,-1,0,1.0000,170,12,14,24,0,50,0,0,0,0
162.9815,2,0,7,0,0,0,0,-1,0,1.0000,-1,12,14,24,0,50,0,0,0,0
163.0023,2,0,7,0,0,0,0,-1,0,1.0000,-1,12,14,24,0,50,0,0,0,0
163.0216,2,0,7,0,0,0,0,-1,0,1.0000,-1,12,14,24,0,50,0,0,0,0
163.041,2,0,7,0,0,0,0,-1,0,1.0000,-1,12,14,24,0,50,0,0,0,0
163.0809,2,0,7,0,0,0,0,-1,0,1.0000,-1,12,14,24,0,50,0,0,0,0
163.0934,2,0,7,0,0,0,0,-1,0,1.0000,-1,12,14,24,0,50,0,0,0,0
163.1067,2,0,7,0,0,0,0,-1,0,1.0000,-1,12,14,24,0,50,0,0,0,0
163.1285,2,0,7,0,0,0,0,-1,0,1.0000,-1,12,14,24,0,50,0,0,0,0
163.1502,2,0,7,0,0,0,0,-1,0,1.0000,-1,12,14,24,0,50,0,0,0,0
163.1696,2,0,7,0,0,0,0,-1,0,1.0000,-1,12,14,24,0,50,0,0,0,0
163.1889,2,0,7,0,0,0,0,-1,0,1.0000,-1,12,14,24,0,50,0,0,0,0
163.2108,2,0,7,0,0,0,0,-1,0,1.0000,-1,12,14,24,0,50,0,0,0,0
163.2287,2,0,7,0,0,0,0,-1,0,1.0000,-1,12,14,24,0,50,0,0,0,0
163.2507,2,0,7,0,0,0,0,-1,0,0.0000,-1,12,14,24,0,50,0,0,0,0
163.2681,2,0,7,0,0,0,0,-1,0,0.0000,-1,12,14,24,0,50,0,0,0,0
163.2902,2,0,7,0,0,0,0,-1,0,0.0000,-1,12,14,24,0,50,0,0,0,0
163.3061,2,0,7,0,0,0,0,-1,0,0.0000,-1,12,14,24,0,50,0,0,0,0
163.3287,2,0,7,0,0,0,0,-1,0,0.0000,-1,12,14,24,0,50,0,0,0,0
163.3464,2,0,7,0,0,0,0,-1,0,0.0000,-1,12,14,24,0,50,0,0,0,0
163.3678,2,0,7,0,0,0,0,-1,0,0.0000,-1,12,14,24,0,50,0,0,0,0
163.3851,2,0,7,0,0,0,0,-1,0,0.0000,-1,12,14,24,0,50,0,0,0,0
163.4075,2,0,7,0,0,0,0,-1,0,0.0000,-1,12,14,24,0,50,0,0,0,0
163.4276,2,0,7,0,0,0,0,-1,0,0.0000,-1,12,14,24,0,50,0,0,0,0
163.4454,2,0,7,0,0,0,0,-1,0,0.0000,-1,12,14,24,0,50,0,0,0,0
163.4634,2,0,7,0,0,0,0,-1,0,0.0000,-1,12,14,24,0,50,0,0,0,0
163.4857,2,0,7,0,0,0,0,-1,0,0.0000,-1,12,14,24,0,50,0,0,0,0
163.5056,2,0,7,0,0,0,0,-1,0,0.0000,-1,12,14,24,0,50,0,0,0,0
163.5245,2,0,7,0,0,0,0,-1,0,0.0000,-1,12,14,24,0,50,0,0,0,0
163.5424,2,0,7,0,0,0,0,-1,0,0.0000,-1,12,14,24,0,50,0,0,0,0
163.5627,2,0,7,0,0,0,0,-1,0,0.0000,-1,12,14,24,0,50,0,0,0,0
163.5835,2,0,7,0,0,0,0,-1,0,0.0000,-1,12,14,24,0,50,0,0,0,0
163.6041,2,0,7,0,0,0,0,-1,0,0.0000,-1,12,14,24,0,50,0,0,0,0
163.6219,2,0,7,0,0,0,0,-1,0,0.0000,-1,12,14,24,0,50,0,0,0,0
163.6402,2,0,7,0,0,0,0,-1,0,0.0000,-1,12,14,24,0,50,0,0,0,0
163.6633,2,0,7,0,0,0,0,-1,0,0.0000,-1,12,14,24,0,50,0,0,0,0
163.6812,2,0,7,0,0,0,0,-1,0,0.0000,-1,12,14,24,0,50,0,0,0,0
163.7002,2,0,7,0,0,0,1,174,0,0.0000,-1,12,14,24,0,50,0,0,0,0
163.719,2,0,7,0,0,0,1,174,0,0.0000,-1,12,14,24,0,50,0,0,0,0
163.7414,2,0,7,0,0,0,1,174,0,0.0000,-1,12,14,24,0,50,0,0,0,0
163.7611,2,0,7,0,0,0,1,174,0,0.0000,-1,12,14,24,0,50,0,0,0,0
163.7793,2,0,7,0,0,0,1,174,0,0.0000,-1,12,14,24,0,50,0,0,0,0
163.7973,2,0,7,0,0,0,1,174,0,0.0000,-1,12,14,24,0,50,0,0,0,0
163.8168,2,0,7,0,0,0,1,174,0,0.0000,-1,12,14,24,0,50,0,0,0,0
163.8398,2,0,7,0,0,0,1,174,0,0.0000,-1,12,14,24,0,50,0,0,0,0
163.8587,2,0,7,0,0,0,1,174,0,0.0000,-1,12,14,24,0,50,0,0,0,0
163.8752,2,0,7,0,0,0,1,174,0,0.0000,-1,12,14,24,0,50,0,0,0,0
163.8958,2,0,7,0,0,0,1,174,0,0.0000,-1,12,14,24,0,50,0,0,0,0
163.917,2,0,7,0,0,0,1,174,0,0.0000,-1,12,14,24,0,50,0,0,0,0
163.9372,2,0,7,0,0,0,1,174,0,0.0000,-1,12,14,24,0,50,0,0,0,0
163.956,2,0,7,0,0,0,1,174,0,0.0000,-1,12,14,24,0,50,0,0,0,0
163.973,2,0,7,0,0,0,1,174,0,0.0000,-1,12,14,24,0,50,0,0,0,0
163.995,2,0,7,0,0,0,1,174,0,0.0000,-1,12,14,24,0,50,0,0,0,0
164.0132,2,0,7,0,0,0,1,174,0,0.0000,-1,12,14,24,0,50,0,0,0,0
164.0334,2,0,7,0,0,0,0,-1,0,0.0000,174,12,15,24,0,51,0,0,0,0
164.0505,2,0,7,0,0,0,0,-1,0,0.0000,-1,12,15,24,0,51,0,0,0,0
164.0727,2,0,7,0,0,0,0,-1,0,0.0000,-1,12,15,24,0,51,0,0,0,0
164.0914,2,0,7,0,0,0,0,-1,0,0.0000,-1,12,15,24,0,51,0,0,0,0
164.1116,2,0,7,0,0,0,0,-1,0,0.0000,-1,12,15,24,0,51,0,0,0,0
164.1493,2,0,7,0,0,0,0,-1,0,0.0000,-1,12,15,24,0,51,0,0,0,0
164.1604,2,0,7,0,0,0,0,-1,0,0.0000,-1,12,15,24,0,51,0,0,0,0
164.1736,2,0,7,0,0,0,0,-1,0,0.0000,-1,12,15,24,0,51,0,0,0,0
164.1938,2,0,7,0,0,0,0,-1,0,0.0000,-1,12,15,24,0,51,0,0,0,0
164.2139,2,0,7,0,0,0,0,-1,0,0.0000,-1,12,15,24,0,51,0,0,0,0
164.2335,2,0,7,0,0,0,0,-1,0,0.0000,-1,12,15,24,0,51,0,0,0,0
164.2536,2,0,7,0,0,0,0,-1,0,0.0000,-1,12,15,24,0,51,0,0,0,0
164.2726,2,0,7,0,0,0,0,-1,0,0.0000,-1,12,15,24,0,51,0,0,0,0
164.2929,2,0,7,0,0,0,0,-1,0,0.0000,-1,12,15,24,0,51,0,0,0,0
164.3127,2,0,7,0,0,0,0,-1,0,0.0000,-1,12,15,24,0,51,0,0,0,0
164.3503,2,0,7,0,0,0,0,-1,0,0.0000,-1,12,15,24,0,51,0,0,0,0
164.3613,2,0,7,0,0,0,0,-1,0,0.0000,-1,12,15,24,0,51,0,0,0,0
164.3741,2,0,7,0,0,0,0,-1,0,0.0000,-1,12,15,24,0,51,0,0,0,0
164.3943,2,0,7,0,0,0,0,-1,0,0.0000,-1,12,15,24,0,51,0,0,0,0
164.415,2,0,7,0,0,0,0,-1,0,0.0000,-1,12,15,24,0,51,0,0,0,0
164.4359,2,0,7,0,0,0,0,-1,0,0.0000,-1,12,15,24,0,51,0,0,0,0
164.4555,2,0,7,0,0,0,0,-1,0,0.0000,-1,12,15,24,0,51,0,0,0,0
164.4741,2,0,7,0,0,0,0,-1,0,0.0000,-1,12,15,24,0,51,0,0,0,0
164.4941,2,0,7,0,0,0,0,-1,0,0.0000,-1,12,15,24,0,51,0,0,0,0
164.5148,2,0,7,0,0,0,0,-1,0,0.0000,-1,12,15,24,0,51,0,0,0,0
164.5522,2,0,7,0,0,0,0,-1,0,0.0000,-1,12,15,24,0,51,0,0,0,0
164.5632,2,0,7,0,0,0,0,-1,0,0.0000,-1,12,15,24,0,51,0,0,0,0
164.5775,2,0,7,0,0,0,0,-1,0,0.0000,-1,12,15,24,0,51,0,0,0,0
164.5989,2,0,7,0,0,0,0,-1,0,0.0000,-1,12,15,24,0,51,0,0,0,0
164.6178,2,0,7,0,0,0,0,-1,0,0.0000,-1,12,15,24,0,51,0,0,0,0
164.6388,2,0,7,0,0,0,0,-1,0,0.0000,-1,12,15,24,0,51,0,0,0,0
164.6595,2,0,7,0,0,0,0,-1,0,0.0000,-1,12,15,24,0,51,0,0,0,0
164.6784,2,0,7,0,0,0,0,-1,0,0.0000,-1,12,15,24,0,51,0,0,0,0
164.6986,2,0,7,0,0,0,0,-1,0,0.0000,-1,12,15,24,0,51,0,0,0,0
164.7186,2,0,7,0,0,0,0,-1,0,0.0000,-1,12,15,24,0,51,0,0,0,0
164.7408,2,0,7,0,0,0,0,-1,0,0.0000,-1,12,15,24,0,51,0,0,0,0
164.7611,2,0,7,0,0,0,0,-1,0,0.0000,-1,12,15,24,0,51,0,0,0,0
164.7786,2,0,7,0,0,0,0,-1,0,0.0000,-1,12,15,24,0,51,0,0,0,0
164.7993,2,0,7,0,0,0,0,-1,0,0.0000,-1,12,15,24,0,51,0,0,0,0
164.8196,2,0,7,0,0,0,0,-1,0,0.0000,-1,12,15,24,0,51,0,0,0,0
164.839,2,0,7,0,0,0,0,-1,0,0.0000,-1,12,15,24,0,51,0,0,0,0
164.8599,2,0,7,0,0,0,0,-1,0,0.0000,-1,12,15,24,0,51,0,0,0,0
164.8785,2,0,7,0,0,0,0,-1,0,0.0000,-1,12,15,24,0,51,0,0,0,0
164.9001,2,0,7,0,0,0,0,-1,0,0.0000,-1,12,15,24,0,51,0,0,0,0
164.9197,2,0,7,0,0,0,0,-1,0,0.0000,-1,12,15,24,0,51,0,0,0,0
164.9588,2,0,7,0,0,0,0,-1,0,0.0000,-1,12,15,24,0,51,0,0,0,0
164.9705,2,0,7,0,0,0,0,-1,0,0.0000,-1,12,15,24,0,51,0,0,0,0
164.9846,2,0,7,0,0,0,0,-1,0,0.0000,-1,12,15,24,0,51,0,0,0,0
165.0051,2,0,7,0,0,0,0,-1,0,0.0000,-1,12,15,24,0,51,0,0,0,0
165.0248,2,0,7,0,0,0,0,-1,0,0.0000,-1,12,15,24,0,51,0,0,0,0
165.0442,2,0,7,0,0,0,1,176,0,0.0000,-1,12,15,24,0,51,0,0,0,0
165.0657,2,0,7,0,0,0,1,176,0,0.0000,-1,12,15,24,0,51,0,0,0,0
165.0862,2,0,7,0,0,0,1,176,0,0.0000,-1,12,15,24,0,51,0,0,0,0
165.1066,2,0,7,0,0,0,1,176,0,0.0000,-1,12,15,24,0,51,0,0,0,0
165.1279,2,0,7,0,0,0,1,176,0,0.0000,-1,12,15,24,0,51,0,0,0,0
165.1485,2,0,7,0,0,0,1,176,0,0.0000,-1,12,15,24,0,51,0,0,0,0
165.1677,2,0,7,0,0,0,1,176,0,0.0000,-1,12,15,24,0,51,0,0,0,0
165.1877,2,0,7,0,0,0,1,176,0,0.0000,-1,12,15,24,0,51,0,0,0,0
165.2079,2,0,7,0,0,0,1,176,0,0.0000,-1,12,15,24,0,51,0,0,0,0
165.2272,2,0,7,0,0,0,1,176,0,0.0000,-1,12,15,24,0,51,0,0,0,0
165.2484,2,0,7,0,0,0,1,176,0,0.0000,-1,12,15,24,0,51,0,0,0,0
165.2674,2,0,7,0,0,0,1,176,0,0.0000,-1,12,15,24,0,51,0,0,0,0
165.2874,2,0,7,0,0,0,1,176,0,0.0000,-1,12,15,24,0,51,0,0,0,0
165.3079,2,0,7,0,0,0,1,176,0,0.0000,-1,12,15,24,0,51,0,0,0,0
165.3291,2,0,7,0,0,0,1,176,0,0.0000,-1,12,15,24,0,51,0,0,0,0
165.3502,2,0,7,0,0,0,1,176,0,0.0000,-1,12,15,24,0,51,0,0,0,0
165.371,2,0,7,0,0,0,1,176,0,0.0000,-1,12,15,24,0,51,0,0,0,0
165.3903,2,0,7,0,0,0,1,176,0,0.0000,-1,12,15,24,0,51,0,0,0,0
165.4114,2,0,7,0,0,0,1,176,0,0.0000,-1,12,15,24,0,51,0,0,0,0
165.4313,2,0,7,0,0,0,1,176,0,0.0000,-1,12,15,24,0,51,0,0,0,0
165.4525,2,0,7,0,0,0,1,176,0,0.0000,-1,12,15,24,0,51,0,0,0,0
165.473,2,0,7,0,0,0,1,176,0,0.0000,-1,12,15,24,0,51,0,0,0,0
165.4931,2,0,7,0,0,0,1,176,0,0.0000,-1,12,15,24,0,51,0,0,0,0
165.5126,2,0,7,0,0,0,1,176,0,0.0000,-1,12,15,24,0,51,0,0,0,0
165.5328,2,0,7,0,0,0,1,176,0,0.0000,-1,12,15,24,0,51,0,0,0,0
165.5517,2,0,7,0,0,0,1,176,0,0.0000,-1,12,15,24,0,51,0,0,0,0
165.5726,2,0,7,0,0,0,1,176,0,0.0000,-1,12,15,24,0,51,0,0,0,0
165.5936,2,0,7,0,0,0,0,-1,0,0.0000,176,12,16,24,0,52,0,0,0,0
165.613,2,0,7,0,0,0,0,-1,0,0.0000,-1,12,16,24,0,52,0,0,0,0
165.6317,2,0,7,0,0,0,0,-1,0,0.0000,-1,12,16,24,0,52,0,0,0,0
165.6522,2,0,7,0,0,0,0,-1,0,0.0000,-1,12,16,24,0,52,0,0,0,0
165.6725,2,0,7,0,0,0,0,-1,0,0.0000,-1,12,16,24,0,52,0,0,0,0
165.6935,2,0,7,0,0,0,0,-1,0,0.0000,-1,12,16,24,0,52,0,0,0,0
165.715,2,0,7,0,0,0,0,-1,0,0.0000,-1,12,16,24,0,52,0,0,0,0
165.7346,2,0,7,0,0,0,0,-1,0,0.0000,-1,12,16,24,0,52,0,0,0,0
165.7717,2,0,7,0,0,0,0,-1,0,0.0000,-1,12,16,24,0,52,0,0,0,0
165.7841,2,0,7,0,0,0,0,-1,0,0.0000,-1,12,16,24,0,52,0,0,0,0
165.7972,2,0,7,0,0,0,0,-1,0,0.0000,-1,12,16,24,0,52,0,0,0,0
165.8167,2,0,7,0,0,0,0,-1,0,0.0000,-1,12,16,24,0,52,0,0,0,0
165.8376,2,0,7,0,0,0,0,-1,0,0.0000,-1,12,16,24,0,52,0,0,0,0
165.8577,2,0,7,0,0,0,0,-1,0,0.0000,-1,12,16,24,0,52,0,0,0,0
165.8782,2,0,7,0,0,0,0,-1,0,0.0000,-1,12,16,24,0,52,0,0,0,0
165.897,2,0,7,0,0,0,0,-1,0,0.0000,-1,12,16,24,0,52,0,0,0,0
165.917,2,0,7,0,0,0,0,-1,0,0.0000,-1,12,16,24,0,52,0,0,0,0
165.9382,2,0,7,0,0,0,0,-1,0,0.0000,-1,12,16,24,0,52,0,0,0,0
165.9573,2,0,7,0,0,0,0,-1,0,0.0000,-1,12,16,24,0,52,0,0,0,0
165.9783,2,0,7,0,0,0,0,-1,0,0.0000,-1,12,16,24,0,52,0,0,0,0
165.9972,2,0,7,0,0,0,0,-1,0,0.0000,-1,12,16,24,0,52,0,0,0,0
166.0171,2,0,7,0,0,0,0,-1,0,0.0000,-1,12,16,24,0,52,0,0,0,0
166.0381,2,0,7,0,0,0,0,-1,0,0.0000,-1,12,16,24,0,52,0,0,0,0
166.0589,2,0,7,0,0,0,0,-1,0,0.0000,-1,12,16,24,0,52,0,0,0,0
166.0785,2,0,7,0,0,0,0,-1,0,0.0000,-1,12,16,24,0,52,0,0,0,0
166.0971,2,0,7,0,0,0,0,-1,0,0.0000,-1,12,16,24,0,52,0,0,0,0
166.1178,2,0,7,0,0,0,0,-1,0,0.0000,-1,12,16,24,0,52,0,0,0,0
166.1382,2,0,7,0,0,0,0,-1,0,0.0000,-1,12,16,24,0,52,0,0,0,0
166.1579,2,0,7,0,0,0,0,-1,0,0.0000,-1,12,16,24,0,52,0,0,0,0
166.1776,2,0,7,0,0,0,0,-1,0,0.0000,-1,12,16,24,0,52,0,0,0,0
166.196,2,0,7,0,0,0,0,-1,0,0.0000,-1,12,16,24,0,52,0,0,0,0
166.217,2,0,7,0,0,0,0,-1,0,0.0000,-1,12,16,24,0,52,0,0,0,0
166.2391,2,0,7,0,0,0,0,-1,0,0.0000,-1,12,16,24,0,52,0,0,0,0
166.2576,2,0,7,0,0,0,0,-1,0,0.0000,-1,12,16,24,0,52,0,0,0,0
166.2771,2,0,7,0,0,0,0,-1,1,1.0000,-1,12,16,24,0,52,0,0,0,0
166.296,2,0,7,0,0,0,0,-1,0,1.0000,-1,12,16,24,0,52,0,0,0,0
166.3177,2,0,7,0,0,0,0,-1,0,1.0000,-1,12,16,24,0,52,0,0,0,0
166.3369,2,0,7,0,0,0,0,-1,0,1.0000,-1,12,16,24,0,52,0,0,0,0
166.3564,2,0,7,0,0,0,0,-1,0,1.0000,-1,12,16,24,0,52,0,0,0,0
166.3754,2,0,7,0,0,0,0,-1,0,1.0000,-1,12,16,24,0,52,0,0,0,0
166.3956,2,0,7,0,0,0,0,-1,0,1.0000,-1,12,16,24,0,52,0,0,0,0
166.4169,2,0,7,0,0,0,1,181,0,1.0000,-1,12,16,24,0,52,0,0,0,0
166.4368,2,0,7,0,0,0,1,181,0,1.0000,-1,12,16,24,0,52,0,0,0,0
166.4552,2,0,7,0,0,0,1,181,0,1.0000,-1,12,16,24,0,52,0,0,0,0
166.4733,2,0,7,0,0,0,1,181,0,1.0000,-1,12,16,24,0,52,0,0,0,0
166.4957,2,0,7,0,0,0,1,181,0,1.0000,-1,12,16,24,0,52,0,0,0,0
166.5167,2,0,7,0,0,0,1,181,0,1.0000,-1,12,16,24,0,52,0,0,0,0
166.536,2,0,7,0,0,0,1,181,0,1.0000,-1,12,16,24,0,52,0,0,0,0
166.5562,2,0,7,0,0,0,1,181,0,1.0000,-1,12,16,24,0,52,0,0,0,0
166.5733,2,0,7,0,0,0,1,181,0,1.0000,-1,12,16,24,0,52,0,0,0,0
166.596,2,0,7,0,0,0,1,181,0,1.0000,-1,12,16,24,0,52,0,0,0,0
166.6158,2,0,7,0,0,0,1,181,0,1.0000,-1,12,16,24,0,52,0,0,0,0
166.6356,2,0,7,0,0,0,1,181,0,1.0000,-1,12,16,24,0,52,0,0,0,0
166.6572,2,0,7,0,0,0,1,181,0,1.0000,-1,12,16,24,0,52,0,0,0,0
166.6752,2,0,7,0,0,0,1,181,0,1.0000,-1,12,16,24,0,52,0,0,0,0
166.6995,2,0,7,0,0,0,1,181,0,1.0000,-1,12,16,24,0,52,0,0,0,0
166.716,2,0,7,0,0,0,1,181,0,1.0000,-1,12,16,24,0,52,0,0,0,0
166.7363,2,0,7,0,0,0,1,181,0,1.0000,-1,12,16,24,0,52,0,0,0,0
166.7565,2,0,7,0,0,0,1,181,0,1.0000,-1,12,16,24,0,52,0,0,0,0
166.7776,2,0,7,0,0,0,1,181,0,1.0000,-1,12,16,24,0,52,0,0,0,0
166.7979,2,0,7,0,0,0,1,181,0,1.0000,-1,12,16,24,0,52,0,0,0,0
166.8397,2,0,7,0,0,0,1,181,0,1.0000,-1,12,16,24,0,52,0,0,0,0
166.8527,2,0,7,0,0,0,0,-1,0,1.0000,181,12,17,24,0,53,0,0,0,0
166.8681,2,0,7,0,0,0,0,-1,0,1.0000,-1,12,17,24,0,53,0,0,0,0
166.8847,2,0,7,0,0,0,0,-1,0,1.0000,-1,12,17,24,0,53,0,0,0,0
166.9087,2,0,7,0,0,0,0,-1,0,1.0000,-1,12,17,24,0,53,0,0,0,0
166.928,2,0,7,0,0,0,0,-1,0,1.0000,-1,12,17,24,0,53,0,0,0,0
166.9495,2,0,7,0,0,0,0,-1,0,1.0000,-1,12,17,24,0,53,0,0,0,0
166.9695,2,0,7,0,0,0,0,-1,0,1.0000,-1,12,17,24,0,53,0,0,0,0
166.9886,2,0,7,0,0,0,0,-1,0,1.0000,-1,12,17,24,0,53,0,0,0,0
167.0087,2,0,7,0,0,0,0,-1,0,1.0000,-1,12,17,24,0,53,0,0,0,0
167.0482,2,0,7,0,0,0,0,-1,0,1.0000,-1,12,17,24,0,53,0,0,0,0
167.0608,2,0,7,0,0,0,0,-1,1,2.0000,-1,12,17,24,0,53,0,0,0,0
167.0772,2,0,7,0,0,0,0,-1,0,2.0000,-1,12,17,24,0,53,0,0,0,0
167.0948,2,0,7,0,0,0,0,-1,0,2.0000,-1,12,17,24,0,53,0,0,0,0
167.1157,2,0,7,0,0,0,0,-1,0,2.0000,-1,12,17,24,0,53,0,0,0,0
167.136,2,0,7,0,0,0,0,-1,0,2.0000,-1,12,17,24,0,53,0,0,0,0
167.1568,2,0,7,0,0,0,1,179,0,2.0000,-1,12,17,24,0,53,0,0,0,0
167.1755,2,0,7,0,0,0,1,179,0,2.0000,-1,12,17,24,0,53,0,0,0,0
167.1964,2,0,7,0,0,0,1,179,0,2.0000,-1,12,17,24,0,53,0,0,0,0
167.2174,2,0,7,0,0,0,1,179,0,2.0000,-1,12,17,24,0,53,0,0,0,0
167.256,2,0,7,0,0,0,1,179,0,2.0000,-1,12,17,24,0,53,0,0,0,0
167.2678,2,0,7,0,0,0,0,-1,0,2.0000,179,12,18,24,0,54,0,0,0,0
167.2838,2,0,7,0,0,0,0,-1,0,1.0000,-1,12,18,24,0,54,0,0,0,0
167.3042,2,0,7,0,0,0,0,-1,0,1.0000,-1,12,18,24,0,54,0,0,0,0
167.3251,2,0,7,0,0,0,0,-1,0,1.0000,-1,12,18,24,0,54,0,0,0,0
167.345,2,0,7,0,0,0,0,-1,0,1.0000,-1,12,18,24,0,54,0,0,0,0
167.3658,2,0,7,0,0,0,0,-1,0,1.0000,-1,12,18,24,0,54,0,0,0,0
167.386,2,0,7,0,0,0,0,-1,0,1.0000,-1,12,18,24,0,54,0,0,0,0
167.4064,2,0,7,0,0,0,0,-1,0,1.0000,-1,12,18,24,0,54,0,0,0,0
167.4275,2,0,7,0,0,0,0,-1,0,1.0000,-1,12,18,24,0,54,0,0,0,0
167.4648,2,0,7,0,0,0,0,-1,0,1.0000,-1,12,18,24,0,54,0,0,0,0
167.4757,2,0,7,0,0,0,0,-1,0,1.0000,-1,12,18,24,0,54,0,0,0,0
167.4903,2,0,7,0,0,0,0,-1,0,1.0000,-1,12,18,24,0,54,0,0,0,0
167.5103,2,0,7,0,0,0,0,-1,0,1.0000,-1,12,18,24,0,54,0,0,0,0
167.5305,2,0,7,0,0,0,0,-1,0,1.0000,-1,12,18,24,0,54,0,0,0,0
167.55,2,0,7,0,0,0,0,-1,0,1.0000,-1,12,18,24,0,54,0,0,0,0
167.571,2,0,7,0,0,0,0,-1,0,1.0000,-1,12,18,24,0,54,0,0,0,0
167.59,2,0,7,0,0,0,0,-1,0,1.0000,-1,12,18,24,0,54,0,0,0,0
167.6103,2,0,7,0,0,0,0,-1,0,1.0000,-1,12,18,24,0,54,0,0,0,0
167.6294,2,0,7,0,0,0,0,-1,0,1.0000,-1,12,18,24,0,54,0,0,0,0
167.6499,2,0,7,0,0,0,0,-1,0,1.0000,-1,12,18,24,0,54,0,0,0,0
167.6708,2,0,7,0,0,0,0,-1,0,1.0000,-1,12,18,24,0,54,0,0,0,0
167.6901,2,0,7,0,0,0,0,-1,0,1.0000,-1,12,18,24,0,54,0,0,0,0
167.7099,2,0,7,0,0,0,0,-1,0,1.0000,-1,12,18,24,0,54,0,0,0,0
167.7293,2,0,7,0,0,0,0,-1,0,1.0000,-1,12,18,24,0,54,0,0,0,0
167.7509,2,0,7,0,0,0,0,-1,0,1.0000,-1,12,18,24,0,54,0,0,0,0
167.7714,2,0,7,0,0,0,0,-1,0,1.0000,-1,12,18,24,0,54,0,0,0,0
167.7905,2,0,7,1,0,0,0,-1,0,1.0000,-1,12,18,24,0,54,0,0,0,0
167.8103,2,0,7,1,0,0,0,-1,0,1.0000,-1,12,18,24,0,54,0,0,0,0
167.83,2,0,7,1,0,0,0,-1,0,1.0000,-1,12,18,24,0,54,0,0,0,0
167.8679,2,0,7,1,0,0,0,-1,0,1.0000,-1,12,18,24,0,54,0,0,0,0
167.8789,2,0,7,1,0,0,0,-1,0,1.0000,-1,12,18,24,0,54,0,0,0,0
167.8929,2,0,7,1,0,0,0,-1,0,1.0000,-1,12,18,24,0,54,0,0,0,0
167.9132,2,0,7,1,0,0,0,-1,0,1.0000,-1,12,18,24,0,54,0,0,0,0
167.9332,2,0,7,1,0,0,0,-1,0,1.0000,-1,12,18,24,0,54,0,0,0,0
167.9531,2,0,7,1,0,0,0,-1,0,1.0000,-1,12,18,24,0,54,0,0,0,0
167.9726,2,0,7,1,0,0,0,-1,0,1.0000,-1,12,18,24,0,54,0,0,0,0
167.9935,2,0,7,1,0,0,0,-1,0,1.0000,-1,12,18,24,0,54,0,0,0,0
168.0131,2,0,7,1,0,0,0,-1,0,1.0000,-1,12,18,24,0,54,0,0,0,0
168.0329,2,0,7,1,0,0,0,-1,0,1.0000,-1,12,18,24,0,54,0,0,0,0
168.0517,2,0,7,1,0,0,0,-1,0,1.0000,-1,12,18,24,0,54,0,0,0,0
168.0718,2,0,7,1,0,0,0,-1,0,0.0000,-1,12,18,24,0,54,0,0,0,0
168.0924,2,0,7,1,0,0,0,-1,0,0.0000,-1,12,18,24,0,54,0,0,0,0
168.1119,2,0,7,1,0,0,0,-1,0,0.0000,-1,12,18,24,0,54,0,0,0,0
168.1313,2,0,7,1,0,0,0,-1,0,0.0000,-1,12,18,24,0,54,0,0,0,0
168.1506,2,0,7,1,0,0,0,-1,0,0.0000,-1,12,18,24,0,54,0,0,0,0
168.171,2,0,7,1,0,0,0,-1,0,0.0000,-1,12,18,24,0,54,0,0,0,0
168.1906,2,0,7,1,0,0,1,184,0,0.0000,-1,12,18,24,0,54,0,0,0,0
168.2101,2,0,7,1,0,0,1,184,0,0.0000,-1,12,18,24,0,54,0,0,0,0
168.2289,2,0,7,1,0,0,1,184,0,0.0000,-1,12,18,24,0,54,0,0,0,0
168.25,2,0,7,1,0,0,1,184,0,0.0000,-1,12,18,24,0,54,0,0,0,0
168.2701,2,0,7,1,0,0,1,184,0,0.0000,-1,12,18,24,0,54,0,0,0,0
168.2901,2,0,7,1,0,0,1,184,0,0.0000,-1,12,18,24,0,54,0,0,0,0
168.3094,2,0,7,1,0,0,1,184,0,0.0000,-1,12,18,24,0,54,0,0,0,0
168.3286,2,0,7,1,0,0,1,184,0,0.0000,-1,12,18,24,0,54,0,0,0,0
168.3499,2,0,7,1,0,0,1,184,1,1.0000,-1,12,18,24,0,54,0,0,0,0
168.3698,2,0,7,1,0,0,0,-1,0,1.0000,-1,12,18,24,0,54,0,0,0,0
168.3898,2,0,7,1,0,0,0,-1,0,1.0000,-1,12,18,24,0,54,0,0,0,0
168.4101,2,0,7,1,0,0,0,-1,0,1.0000,-1,12,18,24,0,54,0,0,0,0
168.4294,2,0,7,1,0,0,0,-1,0,1.0000,-1,12,18,24,0,54,0,0,0,0
168.4505,2,0,7,1,0,0,0,-1,0,1.0000,-1,12,18,24,0,54,0,0,0,0
168.4717,2,0,7,1,0,0,0,-1,0,1.0000,-1,12,18,24,0,54,0,0,0,0
168.4917,2,0,7,1,0,0,0,-1,0,1.0000,-1,12,18,24,0,54,0,0,0,0
168.5112,2,0,7,1,0,0,0,-1,0,1.0000,-1,12,18,24,0,54,0,0,0,0
168.532,2,0,7,1,0,0,0,-1,0,1.0000,-1,12,18,24,0,54,0,0,0,0
168.5518,2,0,7,1,0,0,0,-1,0,1.0000,-1,12,18,24,0,54,0,0,0,0
168.5729,2,0,7,1,0,0,0,-1,0,1.0000,-1,12,18,24,0,54,0,0,0,0
168.5925,2,0,7,1,1,0,0,-1,0,1.0000,-1,12,18,24,0,54,0,0,0,0
168.6131,2,0,7,1,1,0,0,-1,0,1.0000,-1,12,18,24,0,54,0,0,0,0
168.6334,2,0,7,1,1,0,0,-1,0,1.0000,-1,12,18,24,0,54,0,0,0,0
168.6537,2,0,7,1,1,0,0,-1,0,1.0000,-1,12,18,24,0,54,0,0,0,0
168.6926,2,0,7,1,1,0,0,-1,0,1.0000,-1,12,18,24,0,54,0,0,0,0
168.7052,2,0,7,1,1,0,0,-1,0,1.0000,-1,12,18,24,0,54,0,0,0,0
168.7186,2,0,7,1,1,0,0,-1,0,1.0000,-1,12,18,24,0,54,0,0,0,0
168.739,2,0,7,1,1,0,0,-1,0,1.0000,-1,12,18,24,0,54,0,0,0,0
168.7608,2,0,7,1,1,0,0,-1,0,1.0000,-1,12,18,24,0,54,0,0,0,0
168.7809,2,0,7,1,1,0,0,-1,0,1.0000,-1,12,18,24,0,54,0,0,0,0
168.8013,2,0,7,1,1,0,0,-1,0,1.0000,-1,12,18,24,0,54,0,0,0,0
168.8212,2,0,7,1,1,0,0,-1,0,1.0000,-1,12,18,24,0,54,0,0,0,0
168.8405,2,0,7,1,1,0,0,-1,0,1.0000,-1,12,18,24,0,54,0,0,0,0
168.8618,2,0,7,1,1,0,0,-1,0,1.0000,-1,12,18,24,0,54,0,0,0,0
168.8811,2,0,7,1,1,0,0,-1,0,1.0000,-1,12,18,24,0,54,0,0,0,0
168.9004,2,0,7,1,1,0,0,-1,0,1.0000,-1,12,18,24,0,54,0,0,0,0
168.9202,2,0,7,1,1,0,0,-1,0,1.0000,-1,12,18,24,0,54,0,0,0,0
168.9395,2,0,7,1,1,0,0,-1,0,1.0000,-1,12,18,24,0,54,0,0,0,0
168.9608,2,0,7,1,1,0,0,-1,0,1.0000,-1,12,18,24,0,54,0,0,0,0
168.9786,2,0,7,1,1,0,0,-1,0,1.0000,-1,12,18,24,0,54,0,0,0,0
168.9987,2,0,7,1,1,0,0,-1,0,1.0000,-1,12,18,24,0,54,0,0,0,0
169.0179,2,0,7,1,1,0,0,-1,0,1.0000,-1,12,18,24,0,54,0,0,0,0
169.0388,2,0,7,1,1,0,0,-1,0,1.0000,-1,12,18,24,0,54,0,0,0,0
169.0583,2,0,7,1,1,0,0,-1,0,1.0000,-1,12,18,24,0,54,0,0,0,0
169.0754,2,0,7,1,1,0,0,-1,0,1.0000,-1,12,18,24,0,54,0,0,0,0
169.0952,2,0,7,1,1,0,0,-1,0,1.0000,-1,12,18,24,0,54,0,0,0,0
169.1168,2,0,7,1,1,0,0,-1,0,1.0000,-1,12,18,24,0,54,0,0,0,0
169.1352,2,0,7,1,1,0,0,-1,0,1.0000,-1,12,18,24,0,54,0,0,0,0
169.1548,2,0,7,1,1,0,0,-1,0,1.0000,-1,12,18,24,0,54,0,0,0,0
169.1742,2,0,7,1,1,0,0,-1,0,1.0000,-1,12,18,24,0,54,0,0,0,0
169.1938,2,0,7,1,0,0,0,-1,0,1.0000,-1,12,18,24,0,54,0,0,0,0
169.2117,2,0,7,1,0,0,0,-1,0,1.0000,-1,12,18,24,0,54,0,0,0,0
169.2307,2,0,7,1,0,0,0,-1,0,1.0000,-1,12,18,24,0,54,0,0,0,0
169.25,2,0,7,1,0,0,0,-1,0,1.0000,-1,12,18,24,0,54,0,0,0,0
169.2727,2,0,7,1,0,0,0,-1,0,1.0000,-1,12,18,24,0,54,0,0,0,0
169.2907,2,0,7,1,0,0,0,-1,0,1.0000,-1,12,18,24,0,54,0,0,0,0
169.3268,2,0,7,1,0,0,0,-1,1,2.0000,-1,12,18,24,0,54,0,0,0,0
169.3401,2,0,7,1,0,0,0,-1,0,2.0000,-1,12,18,24,0,54,0,0,0,0
169.353,2,0,7,1,0,0,0,-1,0,1.0000,-1,12,18,24,0,54,0,0,0,0
169.3716,2,0,7,1,0,0,0,-1,0,1.0000,-1,12,18,24,0,54,0,0,0,0
169.3933,2,0,7,1,0,0,0,-1,0,1.0000,-1,12,18,24,0,54,0,0,0,0
169.4143,2,0,7,1,0,0,0,-1,0,1.0000,-1,12,18,24,0,54,0,0,0,0
169.4345,2,0,7,1,0,0,0,-1,0,1.0000,-1,12,18,24,0,54,0,0,0,0
169.4519,2,0,7,1,0,0,0,-1,0,1.0000,-1,12,18,24,0,54,0,0,0,0
169.475,2,0,7,1,0,0,0,-1,0,1.0000,-1,12,18,24,0,54,0,0,0,0
169.4931,2,0,7,1,0,0,0,-1,0,1.0000,-1,12,18,24,0,54,0,0,0,0
169.5129,2,0,7,1,0,0,0,-1,0,1.0000,-1,12,18,24,0,54,0,0,0,0
169.5303,2,0,7,1,0,0,0,-1,0,1.0000,-1,12,18,24,0,54,0,0,0,0
169.5522,2,0,7,1,0,0,0,-1,0,1.0000,-1,12,18,24,0,54,0,0,0,0
169.5722,2,0,7,1,0,0,0,-1,0,1.0000,-1,12,18,24,0,54,0,0,0,0
169.5907,2,0,7,1,0,0,0,-1,0,1.0000,-1,12,18,24,0,54,0,0,0,0
169.6075,2,0,7,1,0,0,0,-1,0,1.0000,-1,12,18,24,0,54,0,0,0,0
169.6301,2,0,7,1,0,0,0,-1,0,1.0000,-1,12,18,24,0,54,0,0,0,0
169.6494,2,0,7,1,0,0,0,-1,0,1.0000,-1,12,18,24,0,54,0,0,0,0
169.6682,2,0,7,1,0,0,0,-1,0,1.0000,-1,12,18,24,0,54,0,0,0,0
169.6866,2,0,7,1,0,0,0,-1,0,1.0000,-1,12,18,24,0,54,0,0,0,0
169.7078,2,0,7,1,0,0,0,-1,0,1.0000,-1,12,18,24,0,54,0,0,0,0
169.7267,2,0,7,1,0,0,0,-1,0,1.0000,-1,12,18,24,0,54,0,0,0,0
169.7462,2,0,7,1,0,0,0,-1,0,1.0000,-1,12,18,24,0,54,0,0,0,0
169.7653,2,0,7,1,0,0,0,-1,0,1.0000,-1,12,18,24,0,54,0,0,0,0
169.7851,2,0,7,1,0,0,0,-1,0,1.0000,-1,12,18,24,0,54,0,0,0,0
169.8055,2,0,7,1,0,0,0,-1,0,1.0000,-1,12,18,24,0,54,0,0,0,0
169.8248,2,0,7,1,0,0,0,-1,0,1.0000,-1,12,18,24,0,54,0,0,0,0
169.8427,2,0,7,1,0,0,0,-1,0,1.0000,-1,12,18,24,0,54,0,0,0,0
169.8628,2,0,7,1,0,0,0,-1,0,1.0000,-1,12,18,24,0,54,0,0,0,0
169.8833,2,0,7,1,0,0,0,-1,0,1.0000,-1,12,18,24,0,54,0,0,0,0
169.9015,2,0,7,1,0,0,0,-1,0,1.0000,-1,12,18,24,0,54,0,0,0,0
169.9197,2,0,7,1,0,0,0,-1,0,1.0000,-1,12,18,24,0,54,0,0,0,0
169.9395,2,0,7,1,0,0,0,-1,0,1.0000,-1,12,18,24,0,54,0,0,0,0
169.9622,2,0,7,1,0,0,0,-1,0,1.0000,-1,12,18,24,0,54,0,0,0,0
169.9823,2,0,7,1,0,0,0,-1,0,1.0000,-1,12,18,24,0,54,0,0,0,0
169.9998,2,0,7,1,0,0,0,-1,0,1.0000,-1,12,18,24,0,54,0,0,0,0
170.0193,2,0,7,1,0,0,0,-1,0,1.0000,-1,12,18,24,0,54,0,0,0,0
170.0419,2,0,7,1,0,0,0,-1,0,1.0000,-1,12,18,24,0,54,0,0,0,0
170.0624,2,0,7,0,0,0,0,-1,0,1.0000,-1,12,18,24,0,54,0,0,0,0
170.0785,2,0,7,0,0,0,0,-1,0,1.0000,-1,12,18,24,0,54,0,0,0,0
170.0987,2,0,7,0,0,0,0,-1,0,1.0000,-1,12,18,24,0,54,0,0,0,0
170.1177,2,0,7,0,0,0,0,-1,0,1.0000,-1,12,18,24,0,54,0,0,0,0
170.1403,2,0,7,0,0,0,0,-1,0,1.0000,-1,12,18,24,0,54,0,0,0,0
170.177,2,0,7,0,0,0,0,-1,0,1.0000,-1,12,18,24,0,54,0,0,0,0
170.1898,2,0,7,0,0,0,0,-1,0,1.0000,-1,12,18,24,0,54,0,0,0,0
170.2039,2,0,7,0,0,0,0,-1,0,1.0000,-1,12,18,24,0,54,0,0,0,0
170.2224,2,0,7,0,0,0,0,-1,0,1.0000,-1,12,18,24,0,54,0,0,0,0
170.243,2,0,7,0,0,0,0,-1,0,1.0000,-1,12,18,24,0,54,0,0,0,0
170.2625,2,0,7,0,0,0,0,-1,0,1.0000,-1,12,18,24,0,54,0,0,0,0
170.2829,2,0,7,0,0,0,0,-1,0,1.0000,-1,12,18,24,0,54,0,0,0,0
170.3011,2,0,7,0,0,0,0,-1,0,1.0000,-1,12,18,24,0,54,0,0,0,0
170.321,2,0,7,0,0,0,0,-1,0,1.0000,-1,12,18,24,0,54,0,0,0,0
170.3405,2,0,7,0,0,0,0,-1,0,0.0000,-1,12,18,24,0,54,0,0,0,0
170.362,2,0,7,0,0,0,0,-1,0,0.0000,-1,12,18,24,0,54,0,0,0,0
170.3806,2,0,7,0,0,0,0,-1,0,0.0000,-1,12,18,24,0,54,0,0,0,0
170.3995,2,0,7,0,0,0,0,-1,0,0.0000,-1,12,18,24,0,54,0,0,0,0
170.42,2,0,7,0,0,0,0,-1,0,0.0000,-1,12,18,24,0,54,0,0,0,0
170.4402,2,0,7,0,0,0,0,-1,0,0.0000,-1,12,18,24,0,54,0,0,0,0
170.4618,2,0,7,0,0,0,0,-1,0,0.0000,-1,12,18,24,0,54,0,0,0,0
170.4825,2,0,7,0,0,0,0,-1,0,0.0000,-1,12,18,24,0,54,0,0,0,0
170.503,2,0,7,0,0,0,0,-1,0,0.0000,-1,12,18,24,0,54,0,0,0,0
170.5234,2,0,7,0,0,0,0,-1,0,0.0000,-1,12,18,24,0,54,0,0,0,0
170.5433,2,0,7,0,0,0,0,-1,0,0.0000,-1,12,18,24,0,54,0,0,0,0
170.565,2,0,7,0,0,0,0,-1,0,0.0000,-1,12,18,24,0,54,0,0,0,0
170.5867,2,0,7,0,0,0,0,-1,0,0.0000,-1,12,18,24,0,54,0,0,0,0
170.6096,2,0,7,0,0,0,0,-1,0,0.0000,-1,12,18,24,0,54,0,0,0,0
170.6317,2,0,7,0,0,0,0,-1,1,1.0000,-1,12,18,24,0,54,0,0,0,0
170.654,2,0,7,0,0,0,0,-1,0,1.0000,-1,12,18,24,0,54,0,0,0,0
170.6756,2,0,7,0,0,0,0,-1,0,1.0000,-1,12,18,24,0,54,0,0,0,0
170.6987,2,0,7,0,0,0,0,-1,0,1.0000,-1,12,18,24,0,54,0,0,0,0
170.7209,2,0,7,0,0,0,0,-1,0,1.0000,-1,12,18,24,0,54,0,0,0,0
170.7435,2,0,7,0,0,0,0,-1,0,1.0000,-1,12,18,24,0,54,0,0,0,0
170.7662,2,0,7,0,0,0,0,-1,0,1.0000,-1,12,18,24,0,54,0,0,0,0
170.7885,2,0,7,0,0,0,0,-1,0,1.0000,-1,12,18,24,0,54,0,0,0,0
170.8112,2,0,7,0,0,0,0,-1,0,1.0000,-1,12,18,24,0,54,0,0,0,0
170.8336,2,0,7,0,0,0,0,-1,0,1.0000,-1,12,18,24,0,54,0,0,0,0
170.8558,2,0,7,0,0,0,0,-1,0,1.0000,-1,12,18,24,0,54,0,0,0,0
170.8781,2,0,7,0,0,0,0,-1,0,1.0000,-1,12,18,24,0,54,0,0,0,0
170.8993,2,0,7,0,0,0,0,-1,0,1.0000,-1,12,18,24,0,54,0,0,0,0
170.9217,2,0,7,0,0,0,0,-1,0,1.0000,-1,12,18,24,0,54,0,0,0,0
170.9434,2,0,7,0,0,0,0,-1,0,1.0000,-1,12,18,24,0,54,0,0,0,0
170.9648,2,0,7,0,0,0,0,-1,1,2.0000,-1,12,18,24,0,54,0,0,0,0
170.986,2,0,7,0,0,0,0,-1,0,2.0000,-1,12,18,24,0,54,0,0,0,0
171.0075,2,0,7,0,0,0,0,-1,0,2.0000,-1,12,18,24,0,54,0,0,0,0
171.0285,2,0,7,0,0,0,0,-1,0,2.0000,-1,12,18,24,0,54,0,0,0,0
171.0492,2,0,7,0,0,0,0,-1,0,2.0000,-1,12,18,24,0,54,0,0,0,0
171.0703,2,0,7,0,0,0,0,-1,0,2.0000,-1,12,18,24,0,54,0,0,0,0
171.0914,2,0,7,0,0,0,0,-1,0,2.0000,-1,12,18,24,0,54,0,0,0,0
171.1117,2,0,7,0,0,0,0,-1,0,2.0000,-1,12,18,24,0,54,0,0,0,0
171.1323,2,0,7,0,0,0,0,-1,0,2.0000,-1,12,18,24,0,54,0,0,0,0
171.1536,2,0,7,0,0,0,0,-1,0,2.0000,-1,12,18,24,0,54,0,0,0,0
171.1748,2,0,7,0,0,0,0,-1,0,2.0000,-1,12,18,24,0,54,0,0,0,0
171.2134,2,0,7,0,0,0,0,-1,0,2.0000,-1,12,18,24,0,54,0,0,0,0
171.2244,2,0,7,0,0,0,0,-1,0,2.0000,-1,12,18,24,0,54,0,0,0,0
171.2392,2,0,7,0,0,0,0,-1,0,2.0000,-1,12,18,24,0,54,0,0,0,0
171.2606,2,0,7,0,0,0,0,-1,0,2.0000,-1,12,18,24,0,54,0,0,0,0
171.2814,2,0,7,0,0,0,0,-1,0,2.0000,-1,12,18,24,0,54,0,0,0,0
171.3028,2,0,7,0,0,0,0,-1,0,2.0000,-1,12,18,24,0,54,0,0,0,0
171.3224,2,0,7,0,0,0,0,-1,0,2.0000,-1,12,18,24,0,54,0,0,0,0
171.3442,2,0,7,0,0,0,0,-1,0,2.0000,-1,12,18,24,0,54,0,0,0,0
171.3653,2,0,7,0,0,0,1,190,0,2.0000,-1,12,18,24,0,54,0,0,0,0
171.3863,2,0,7,0,0,0,1,190,0,2.0000,-1,12,18,24,0,54,0,0,0,0
171.4071,2,0,7,0,0,0,1,190,0,2.0000,-1,12,18,24,0,54,0,0,0,0
171.4278,2,0,7,0,0,0,1,190,0,2.0000,-1,12,18,24,0,54,0,0,0,0
171.449,2,0,7,0,0,0,1,190,0,2.0000,-1,12,18,24,0,54,0,0,0,0
171.4697,2,0,7,0,0,0,1,190,0,2.0000,-1,12,18,24,0,54,0,0,0,0
171.4901,2,0,7,0,0,0,1,190,0,2.0000,-1,12,18,24,0,54,0,0,0,0
171.5108,2,0,7,0,0,0,1,190,0,2.0000,-1,12,18,24,0,54,0,0,0,0
171.5344,2,0,7,0,0,0,1,190,0,2.0000,-1,12,18,24,0,54,0,0,0,0
171.5546,2,0,7,0,0,0,1,190,0,2.0000,-1,12,18,24,0,54,0,0,0,0
171.5751,2,0,7,0,0,0,1,190,0,2.0000,-1,12,18,24,0,54,0,0,0,0
171.5966,2,0,7,0,0,0,1,190,0,2.0000,-1,12,18,24,0,54,0,0,0,0
171.6363,2,0,7,0,0,0,1,189,0,1.0000,190,12,19,24,0,55,0,0,0,0
171.6519,2,0,7,0,0,0,1,189,1,2.0000,-1,12,19,24,0,55,0,0,0,0
171.6655,2,0,7,0,0,0,1,189,0,2.0000,-1,12,19,24,0,55,0,0,0,0
171.6843,2,0,7,0,0,0,1,189,0,2.0000,-1,12,19,24,0,55,0,0,0,0
171.7057,2,0,7,0,0,0,1,189,0,2.0000,-1,12,19,24,0,55,0,0,0,0
171.7262,2,0,7,0,0,0,1,189,0,2.0000,-1,12,19,24,0,55,0,0,0,0
171.7476,2,0,7,0,0,0,1,189,0,2.0000,-1,12,19,24,0,55,0,0,0,0
171.7696,2,0,7,0,0,0,1,189,0,2.0000,-1,12,19,24,0,55,0,0,0,0
171.789,2,0,7,0,0,0,1,189,0,2.0000,-1,12,19,24,0,55,0,0,0,0
171.8093,2,0,7,0,0,0,1,189,0,2.0000,-1,12,19,24,0,55,0,0,0,0
171.849,2,0,7,0,0,0,1,189,0,2.0000,-1,12,19,24,0,55,0,0,0,0
171.8614,2,0,7,0,0,0,0,-1,0,2.0000,189,12,20,24,0,56,0,0,0,0
171.8761,2,0,7,0,0,0,0,-1,0,2.0000,-1,12,20,24,0,56,0,0,0,0
171.8961,2,0,7,0,0,0,0,-1,0,2.0000,-1,12,20,24,0,56,0,0,0,0
171.9177,2,0,7,0,0,0,0,-1,0,2.0000,-1,12,20,24,0,56,0,0,0,0
171.9381,2,0,7,0,0,0,0,-1,0,2.0000,-1,12,20,24,0,56,0,0,0,0
171.9582,2,0,7,0,0,0,0,-1,0,2.0000,-1,12,20,24,0,56,0,0,0,0
171.9787,2,0,7,0,0,0,0,-1,0,1.0000,-1,12,20,24,0,56,0,0,0,0
172.0011,2,0,7,0,0,0,0,-1,0,1.0000,-1,12,20,24,0,56,0,0,0,0
172.0204,2,0,7,0,0,0,1,188,0,1.0000,-1,12,20,24,0,56,0,0,0,0
172.0407,2,0,7,0,0,0,1,188,0,1.0000,-1,12,20,24,0,56,0,0,0,0
172.0613,2,0,7,0,0,0,1,188,0,1.0000,-1,12,20,24,0,56,0,0,0,0
172.0816,2,0,7,0,0,0,1,188,0,1.0000,-1,12,20,24,0,56,0,0,0,0
172.1024,2,0,7,0,0,0,1,188,0,1.0000,-1,12,20,24,0,56,0,0,0,0
172.1221,2,0,7,0,0,0,1,188,0,1.0000,-1,12,20,24,0,56,0,0,0,0
172.143,3,1,8,0,0,0,0,-1,0,1.0000,188,12,20,25,0,57,0,0,0,0
172.1647,3,0,8,0,0,0,0,-1,0,1.0000,-1,12,20,25,0,57,0,0,0,0
172.1854,3,0,8,0,0,0,0,-1,0,1.0000,-1,12,20,25,0,57,0,0,0,0
172.2062,3,0,8,0,0,0,1,191,0,1.0000,-1,12,20,25,0,57,0,0,0,0
172.227,3,0,8,0,0,0,1,191,0,1.0000,-1,12,20,25,0,57,0,0,0,0
172.2667,3,0,8,0,0,0,1,191,0,1.0000,-1,12,20,25,0,57,0,0,0,0
172.2783,3,0,8,0,0,0,1,191,0,1.0000,-1,12,20,25,0,57,0,0,0,0
172.2927,3,0,8,0,0,0,1,191,0,1.0000,-1,12,20,25,0,57,0,0,0,0
172.3137,3,0,8,0,0,0,1,191,0,1.0000,-1,12,20,25,0,57,0,0,0,0
172.3359,3,0,8,0,0,0,1,191,0,1.0000,-1,12,20,25,0,57,0,0,0,0
172.356,3,0,8,0,0,0,1,191,0,1.0000,-1,12,20,25,0,57,0,0,0,0
172.3768,3,0,8,0,0,0,1,191,0,1.0000,-1,12,20,25,0,57,0,0,0,0
172.3985,3,0,8,0,0,0,1,191,0,1.0000,-1,12,20,25,0,57,0,0,0,0
172.42,3,0,8,0,0,0,1,191,0,1.0000,-1,12,20,25,0,57,0,0,0,0
172.4417,3,0,8,0,0,0,1,191,0,1.0000,-1,12,20,25,0,57,0,0,0,0
172.4644,3,0,8,0,0,0,1,191,0,1.0000,-1,12,20,25,0,57,0,0,0,0
172.484,3,0,8,0,0,0,1,191,0,1.0000,-1,12,20,25,0,57,0,0,0,0
172.5056,3,0,8,0,0,0,1,191,0,1.0000,-1,12,20,25,0,57,0,0,0,0
172.5259,3,0,8,0,0,0,1,191,0,1.0000,-1,12,20,25,0,57,0,0,0,0
172.5455,3,0,8,0,0,0,1,191,0,1.0000,-1,12,20,25,0,57,0,0,0,0
172.5683,3,0,8,0,0,0,1,191,0,1.0000,-1,12,20,25,0,57,0,0,0,0
172.5882,3,0,8,0,0,0,0,-1,0,1.0000,-1,12,20,25,0,57,0,0,0,0
172.6099,3,0,8,0,0,0,0,-1,0,1.0000,-1,12,20,25,0,57,0,0,0,0
172.6297,3,0,8,0,0,0,0,-1,0,1.0000,-1,12,20,25,0,57,0,0,0,0
172.6519,3,0,8,0,0,0,0,-1,0,1.0000,-1,12,20,25,0,57,0,0,0,0
172.6722,3,0,8,0,0,0,0,-1,0,0.0000,-1,12,20,25,0,57,0,0,0,0
172.6938,3,0,8,0,0,0,0,-1,0,0.0000,-1,12,20,25,0,57,0,0,0,0
172.7142,3,0,8,0,0,0,1,192,0,0.0000,-1,12,20,25,0,57,0,0,0,0
172.7345,3,0,8,0,0,0,1,192,0,0.0000,-1,12,20,25,0,57,0,0,0,0
172.755,3,0,8,0,0,0,1,192,0,0.0000,-1,12,20,25,0,57,0,0,0,0
172.7763,3,0,8,0,0,0,1,192,0,0.0000,-1,12,20,25,0,57,0,0,0,0
172.7954,3,0,8,0,0,0,1,192,0,0.0000,-1,12,20,25,0,57,0,0,0,0
172.8163,3,0,8,0,0,0,1,192,0,0.0000,-1,12,20,25,0,57,0,0,0,0
172.8377,3,0,8,0,0,0,1,192,0,0.0000,-1,12,20,25,0,57,0,0,0,0
172.8587,3,0,8,0,0,0,1,192,0,0.0000,-1,12,20,25,0,57,0,0,0,0
172.8783,3,0,8,0,0,0,1,192,0,0.0000,-1,12,20,25,0,57,0,0,0,0
172.8988,3,0,8,0,0,0,1,192,0,0.0000,-1,12,20,25,0,57,0,0,0,0
172.9195,3,0,8,0,0,0,1,192,0,0.0000,-1,12,20,25,0,57,0,0,0,0
172.9401,3,0,8,0,0,0,1,192,0,0.0000,-1,12,20,25,0,57,0,0,0,0
172.961,3,0,8,0,0,0,1,192,0,0.0000,-1,12,20,25,0,57,0,0,0,0
172.9789,3,0,8,0,0,0,1,192,0,0.0000,-1,12,20,25,0,57,0,0,0,0
173.0007,3,0,8,0,0,0,1,192,0,0.0000,-1,12,20,25,0,57,0,0,0,0
173.0214,3,0,8,0,0,0,1,192,0,0.0000,-1,12,20,25,0,57,0,0,0,0
173.0432,3,0,8,0,0,0,1,192,0,0.0000,-1,12,20,25,0,57,0,0,0,0
173.0618,3,0,8,0,0,0,1,192,0,0.0000,-1,12,20,25,0,57,0,0,0,0
173.1003,3,0,8,0,0,0,1,192,0,0.0000,-1,12,20,25,0,57,0,0,0,0
173.1125,3,0,8,0,0,0,1,192,0,0.0000,-1,12,20,25,0,57,0,0,0,0
173.1263,3,0,8,0,0,0,0,-1,0,0.0000,192,12,20,26,0,58,0,0,0,0
173.1489,3,0,8,0,0,0,0,-1,0,0.0000,-1,12,20,26,0,58,0,0,0,0
173.1688,3,0,8,0,0,0,0,-1,0,0.0000,-1,12,20,26,0,58,0,0,0,0
173.1892,3,0,8,0,0,0,0,-1,0,0.0000,-1,12,20,26,0,58,0,0,0,0
173.2105,3,0,8,0,0,0,0,-1,0,0.0000,-1,12,20,26,0,58,0,0,0,0
173.2303,3,0,8,0,0,0,0,-1,0,0.0000,-1,12,20,26,0,58,0,0,0,0
173.2529,3,0,8,0,0,0,0,-1,0,0.0000,-1,12,20,26,0,58,0,0,0,0
173.2725,3,0,8,0,0,0,0,-1,0,0.0000,-1,12,20,26,0,58,0,0,0,0
173.3113,3,0,8,0,0,0,0,-1,0,0.0000,-1,12,20,26,0,58,0,0,0,0
173.3243,3,0,8,0,0,0,0,-1,0,0.0000,-1,12,20,26,0,58,0,0,0,0
173.3374,3,0,8,0,0,0,0,-1,0,0.0000,-1,12,20,26,0,58,0,0,0,0
173.358,3,0,8,0,0,0,0,-1,0,0.0000,-1,12,20,26,0,58,0,0,0,0
173.3783,3,0,8,0,0,0,0,-1,0,0.0000,-1,12,20,26,0,58,0,0,0,0
173.3992,3,0,8,0,0,0,0,-1,0,0.0000,-1,12,20,26,0,58,0,0,0,0
173.4202,3,0,8,0,0,0,0,-1,0,0.0000,-1,12,20,26,0,58,0,0,0,0
173.4407,3,0,8,0,0,0,0,-1,0,0.0000,-1,12,20,26,0,58,0,0,0,0
173.4613,3,0,8,0,0,0,0,-1,0,0.0000,-1,12,20,26,0,58,0,0,0,0
173.4808,3,0,8,0,0,0,0,-1,0,0.0000,-1,12,20,26,0,58,0,0,0,0
173.5015,3,0,8,0,0,0,0,-1,0,0.0000,-1,12,20,26,0,58,0,0,0,0
173.5227,3,0,8,0,0,0,0,-1,1,1.0000,-1,12,20,26,0,58,0,0,0,0
173.543,3,0,8,0,0,0,0,-1,0,1.0000,-1,12,20,26,0,58,0,0,0,0
173.5637,3,0,8,0,0,0,0,-1,0,1.0000,-1,12,20,26,0,58,0,0,0,0
173.5845,3,0,8,0,0,0,0,-1,0,1.0000,-1,12,20,26,0,58,0,0,0,0
173.6044,3,0,8,0,0,0,0,-1,0,1.0000,-1,12,20,26,0,58,0,0,0,0
173.6254,3,0,8,0,0,0,0,-1,0,1.0000,-1,12,20,26,0,58,0,0,0,0
173.6454,3,0,8,0,0,0,0,-1,1,2.0000,-1,12,20,26,0,58,0,0,0,0
173.6679,3,0,8,0,0,0,0,-1,0,2.0000,-1,12,20,26,0,58,0,0,0,0
173.6871,3,0,8,0,0,0,0,-1,0,2.0000,-1,12,20,26,0,58,0,0,0,0
173.7079,3,0,8,0,0,0,0,-1,0,2.0000,-1,12,20,26,0,58,0,0,0,0
173.7287,3,0,8,0,0,0,0,-1,0,2.0000,-1,12,20,26,0,58,0,0,0,0
173.7507,3,0,8,0,0,0,0,-1,0,2.0000,-1,12,20,26,0,58,0,0,0,0
173.7715,3,0,8,0,0,0,0,-1,0,2.0000,-1,12,20,26,0,58,0,0,0,0
173.7907,3,0,8,0,0,0,0,-1,0,2.0000,-1,12,20,26,0,58,0,0,0,0
173.812,3,0,8,0,0,0,0,-1,0,2.0000,-1,12,20,26,0,58,0,0,0,0
173.8329,3,0,8,0,0,0,0,-1,0,2.0000,-1,12,20,26,0,58,0,0,0,0
173.8531,3,0,8,0,0,0,0,-1,0,2.0000,-1,12,20,26,0,58,0,0,0,0
173.875,3,0,8,0,0,0,0,-1,0,2.0000,-1,12,20,26,0,58,0,0,0,0
173.8956,3,0,8,0,0,0,0,-1,0,2.0000,-1,12,20,26,0,58,0,0,0,0
173.9167,3,0,8,0,0,0,0,-1,0,2.0000,-1,12,20,26,0,58,0,0,0,0
173.9362,3,0,8,0,0,0,0,-1,0,2.0000,-1,12,20,26,0,58,0,0,0,0
173.9564,3,0,8,0,0,0,0,-1,0,2.0000,-1,12,20,26,0,58,0,0,0,0
173.9794,3,0,8,0,0,0,0,-1,0,2.0000,-1,12,20,26,0,58,0,0,0,0
173.9989,3,0,8,0,0,0,0,-1,0,2.0000,-1,12,20,26,0,58,0,0,0,0
174.0185,3,0,8,0,0,0,1,195,0,2.0000,-1,12,20,26,0,58,0,0,0,0
174.039,3,0,8,0,0,0,1,195,0,2.0000,-1,12,20,26,0,58,0,0,0,0
174.0609,3,0,8,0,0,0,1,195,0,2.0000,-1,12,20,26,0,58,0,0,0,0
174.0837,3,0,8,0,0,0,1,195,0,2.0000,-1,12,20,26,0,58,0,0,0,0
174.1027,3,0,8,0,0,0,1,195,0,2.0000,-1,12,20,26,0,58,0,0,0,0
174.1426,3,0,8,0,0,0,1,195,0,2.0000,-1,12,20,26,0,58,0,0,0,0
174.1548,3,0,8,0,0,0,1,195,0,2.0000,-1,12,20,26,0,58,0,0,0,0
174.1684,3,0,8,0,0,0,1,195,0,2.0000,-1,12,20,26,0,58,0,0,0,0
174.1908,3,0,8,0,0,0,1,195,0,2.0000,-1,12,20,26,0,58,0,0,0,0
174.2109,3,0,8,0,0,0,1,195,0,2.0000,-1,12,20,26,0,58,0,0,0,0
174.233,3,0,8,1,0,0,1,195,0,2.0000,-1,12,20,26,0,58,0,0,0,0
174.2544,3,0,8,1,0,0,1,195,0,2.0000,-1,12,20,26,0,58,0,0,0,0
174.2749,3,0,8,1,0,0,1,195,0,2.0000,-1,12,20,26,0,58,0,0,0,0
174.2953,3,0,8,1,0,0,1,195,0,2.0000,-1,12,20,26,0,58,0,0,0,0
174.317,3,0,8,1,0,0,1,195,0,2.0000,-1,12,20,26,0,58,0,0,0,0
174.3569,3,0,8,1,0,0,1,195,0,2.0000,-1,12,20,26,0,58,0,0,0,0
174.3688,3,0,8,1,0,0,0,-1,0,2.0000,195,12,20,27,0,59,0,0,0,0
174.3843,3,0,8,1,0,0,0,-1,0,2.0000,-1,12,20,27,0,59,0,0,0,0
174.406,3,0,8,1,0,0,0,-1,0,2.0000,-1,12,20,27,0,59,0,0,0,0
174.4276,3,0,8,1,0,0,0,-1,0,2.0000,-1,12,20,27,0,59,0,0,0,0
174.4501,3,0,8,1,0,0,0,-1,0,2.0000,-1,12,20,27,0,59,0,0,0,0
174.4728,3,0,8,1,0,0,0,-1,1,3.0000,-1,12,20,27,0,59,0,0,0,0
174.4946,3,0,8,1,0,0,0,-1,0,3.0000,-1,12,20,27,0,59,0,0,0,0
174.5176,3,0,8,1,0,0,0,-1,0,3.0000,-1,12,20,27,0,59,0,0,0,0
174.561,3,0,8,0,0,0,0,-1,0,2.0000,-1,12,20,27,0,59,0,0,0,0
174.5752,3,0,8,0,0,0,0,-1,0,2.0000,-1,12,20,27,0,59,0,0,0,0
174.59,3,0,8,0,0,0,0,-1,0,2.0000,-1,12,20,27,0,59,0,0,0,0
174.6144,3,0,8,0,0,0,0,-1,0,2.0000,-1,12,20,27,0,59,0,0,0,0
174.6373,3,0,8,0,0,0,0,-1,0,2.0000,-1,12,20,27,0,59,0,0,0,0
174.6616,3,0,8,0,0,0,0,-1,0,1.0000,-1,12,20,27,0,59,0,0,0,0
174.6846,3,0,8,0,0,0,0,-1,0,1.0000,-1,12,20,27,0,59,0,0,0,0
174.7087,3,0,8,0,0,0,0,-1,0,1.0000,-1,12,20,27,0,59,0,0,0,0
174.7317,3,0,8,0,0,0,0,-1,0,1.0000,-1,12,20,27,0,59,0,0,0,0
174.7734,3,0,8,0,0,0,0,-1,0,1.0000,-1,12,20,27,0,59,0,0,0,0
174.7847,3,0,8,0,0,0,0,-1,0,1.0000,-1,12,20,27,0,59,0,0,0,0
174.7988,3,0,8,0,0,0,0,-1,0,1.0000,-1,12,20,27,0,59,0,0,0,0
174.8194,3,0,8,0,0,0,0,-1,0,1.0000,-1,12,20,27,0,59,0,0,0,0
174.8396,3,0,8,0,0,0,0,-1,0,1.0000,-1,12,20,27,0,59,0,0,0,0
174.8594,3,0,8,0,0,0,0,-1,0,1.0000,-1,12,20,27,0,59,0,0,0,0
174.8793,3,0,8,0,0,0,0,-1,0,1.0000,-1,12,20,27,0,59,0,0,0,0
174.8992,3,0,8,0,0,0,0,-1,0,1.0000,-1,12,20,27,0,59,0,0,0,0
174.9199,3,0,8,0,0,0,0,-1,0,1.0000,-1,12,20,27,0,59,0,0,0,0
174.9414,3,0,8,0,0,0,0,-1,0,1.0000,-1,12,20,27,0,59,0,0,0,0
174.978,3,0,8,0,0,0,0,-1,1,2.0000,-1,12,20,27,0,59,0,0,0,0
174.9892,3,0,8,0,0,0,0,-1,0,2.0000,-1,12,20,27,0,59,0,0,0,0
175.0038,3,0,8,0,0,0,0,-1,0,2.0000,-1,12,20,27,0,59,0,0,0,0
175.0238,3,0,8,0,0,0,0,-1,0,2.0000,-1,12,20,27,0,59,0,0,0,0
175.0438,3,0,8,0,0,0,0,-1,0,2.0000,-1,12,20,27,0,59,0,0,0,0
175.0642,3,0,8,0,0,0,0,-1,0,2.0000,-1,12,20,27,0,59,0,0,0,0
175.0848,3,0,8,0,0,0,0,-1,0,2.0000,-1,12,20,27,0,59,0,0,0,0
175.104,3,0,8,0,0,0,0,-1,0,2.0000,-1,12,20,27,0,59,0,0,0,0
175.1238,3,0,8,0,0,0,0,-1,0,2.0000,-1,12,20,27,0,59,0,0,0,0
175.1449,3,0,8,0,0,0,0,-1,0,2.0000,-1,12,20,27,0,59,0,0,0,0
175.1625,3,0,8,0,0,0,0,-1,0,2.0000,-1,12,20,27,0,59,0,0,0,0
175.1835,3,0,8,0,0,0,0,-1,0,2.0000,-1,12,20,27,0,59,0,0,0,0
175.2039,3,0,8,0,0,0,0,-1,0,2.0000,-1,12,20,27,0,59,0,0,0,0
175.2226,3,0,8,0,0,0,0,-1,0,2.0000,-1,12,20,27,0,59,0,0,0,0
175.2402,3,0,8,0,0,0,0,-1,0,2.0000,-1,12,20,27,0,59,0,0,0,0
175.2622,3,0,8,0,0,0,0,-1,0,2.0000,-1,12,20,27,0,59,0,0,0,0
175.2805,3,0,8,0,0,0,0,-1,0,2.0000,-1,12,20,27,0,59,0,0,0,0
175.3002,3,0,8,0,0,0,0,-1,0,2.0000,-1,12,20,27,0,59,0,0,0,0
175.3185,3,0,8,0,0,0,0,-1,0,2.0000,-1,12,20,27,0,59,0,0,0,0
175.3395,3,0,8,0,0,0,0,-1,0,2.0000,-1,12,20,27,0,59,0,0,0,0
175.3586,3,0,8,0,0,0,0,-1,0,2.0000,-1,12,20,27,0,59,0,0,0,0
175.3777,3,0,8,0,0,0,0,-1,0,2.0000,-1,12,20,27,0,59,0,0,0,0
175.3974,3,0,8,0,0,0,0,-1,0,2.0000,-1,12,20,27,0,59,0,0,0,0
175.4196,3,0,8,0,0,0,0,-1,0,2.0000,-1,12,20,27,0,59,0,0,0,0
175.4409,3,0,8,0,0,0,0,-1,0,2.0000,-1,12,20,27,0,59,0,0,0,0
175.4602,3,0,8,0,0,0,0,-1,0,2.0000,-1,12,20,27,0,59,0,0,0,0
175.4789,3,0,8,0,0,0,0,-1,0,1.0000,-1,12,20,27,0,59,0,0,0,0
175.4985,3,0,8,0,0,0,0,-1,0,1.0000,-1,12,20,27,0,59,0,0,0,0
175.519,3,0,8,0,0,0,0,-1,1,2.0000,-1,12,20,27,0,59,0,0,0,0
175.5382,3,0,8,0,0,0,0,-1,0,2.0000,-1,12,20,27,0,59,0,0,0,0
175.5569,3,0,8,0,0,0,0,-1,0,2.0000,-1,12,20,27,0,59,0,0,0,0
175.577,3,0,8,0,0,0,0,-1,0,2.0000,-1,12,20,27,0,59,0,0,0,0
175.6149,3,0,8,0,0,0,0,-1,0,2.0000,-1,12,20,27,0,59,0,0,0,0
175.6272,3,0,8,0,0,0,0,-1,0,2.0000,-1,12,20,27,0,59,0,0,0,0
175.6402,3,0,8,0,0,0,0,-1,0,2.0000,-1,12,20,27,0,59,0,0,0,0
175.6609,3,0,8,0,0,0,0,-1,0,2.0000,-1,12,20,27,0,59,0,0,0,0
175.6804,3,0,8,0,0,0,0,-1,0,2.0000,-1,12,20,27,0,59,0,0,0,0
175.6999,3,0,8,0,0,0,0,-1,0,2.0000,-1,12,20,27,0,59,0,0,0,0
175.7183,3,0,8,0,0,0,0,-1,0,2.0000,-1,12,20,27,0,59,0,0,0,0
175.7407,3,0,8,0,0,0,0,-1,0,2.0000,-1,12,20,27,0,59,0,0,0,0
175.759,3,0,8,0,0,0,0,-1,0,2.0000,-1,12,20,27,0,59,0,0,0,0
175.7782,3,0,8,0,0,0,0,-1,0,2.0000,-1,12,20,27,0,59,0,0,0,0
175.7977,3,0,8,0,0,0,0,-1,0,2.0000,-1,12,20,27,0,59,0,0,0,0
175.819,3,0,8,0,0,0,0,-1,0,2.0000,-1,12,20,27,0,59,0,0,0,0
175.838,3,0,8,0,0,0,0,-1,0,2.0000,-1,12,20,27,0,59,0,0,0,0
175.8572,3,0,8,0,0,0,0,-1,0,2.0000,-1,12,20,27,0,59,0,0,0,0
175.8761,3,0,8,0,0,0,0,-1,0,2.0000,-1,12,20,27,0,59,0,0,0,0
175.8959,3,0,8,0,0,0,0,-1,0,2.0000,-1,12,20,27,0,59,0,0,0,0
175.9169,3,0,8,0,0,0,0,-1,0,2.0000,-1,12,20,27,0,59,0,0,0,0
175.9357,3,0,8,0,0,0,0,-1,0,2.0000,-1,12,20,27,0,59,0,0,0,0
175.9546,3,0,8,0,0,0,0,-1,0,2.0000,-1,12,20,27,0,59,0,0,0,0
175.9737,3,0,8,0,0,0,0,-1,0,2.0000,-1,12,20,27,0,59,0,0,0,0
175.9939,3,0,8,0,0,0,0,-1,0,1.0000,-1,12,20,27,0,59,0,0,0,0
176.0136,3,0,8,0,0,0,0,-1,0,1.0000,-1,12,20,27,0,59,0,0,0,0
176.0324,3,0,8,0,0,0,0,-1,0,1.0000,-1,12,20,27,0,59,0,0,0,0
176.0525,3,0,8,0,0,0,0,-1,0,1.0000,-1,12,20,27,0,59,0,0,0,0
176.0739,3,0,8,0,0,0,0,-1,0,1.0000,-1,12,20,27,0,59,0,0,0,0
176.0935,3,0,8,0,0,0,0,-1,0,1.0000,-1,12,20,27,0,59,0,0,0,0
176.1118,3,0,8,0,0,0,0,-1,0,1.0000,-1,12,20,27,0,59,0,0,0,0
176.1307,3,0,8,0,0,0,0,-1,0,1.0000,-1,12,20,27,0,59,0,0,0,0
176.1509,3,0,8,0,0,0,0,-1,0,1.0000,-1,12,20,27,0,59,0,0,0,0
176.1723,3,0,8,0,0,0,0,-1,0,1.0000,-1,12,20,27,0,59,0,0,0,0
176.1904,3,0,8,0,0,0,0,-1,0,1.0000,-1,12,20,27,0,59,0,0,0,0
176.2113,3,0,8,0,0,0,0,-1,0,1.0000,-1,12,20,27,0,59,0,0,0,0
176.2482,3,0,8,0,0,0,0,-1,0,1.0000,-1,12,20,27,0,59,0,0,0,0
176.2599,3,0,8,0,0,0,0,-1,0,1.0000,-1,12,20,27,0,59,0,0,0,0
176.2738,3,0,8,0,0,0,0,-1,0,1.0000,-1,12,20,27,0,59,0,0,0,0
176.2946,3,0,8,0,0,0,0,-1,0,1.0000,-1,12,20,27,0,59,0,0,0,0
176.3139,3,0,8,0,0,0,0,-1,0,1.0000,-1,12,20,27,0,59,0,0,0,0
176.3341,3,0,8,0,0,0,0,-1,0,1.0000,-1,12,20,27,0,59,0,0,0,0
176.354,3,0,8,0,0,0,0,-1,0,1.0000,-1,12,20,27,0,59,0,0,0,0
176.3736,3,0,8,0,0,0,0,-1,0,1.0000,-1,12,20,27,0,59,0,0,0,0
176.3946,3,0,8,0,0,0,0,-1,0,1.0000,-1,12,20,27,0,59,0,0,0,0
176.4144,3,0,8,0,0,0,0,-1,0,1.0000,-1,12,20,27,0,59,0,0,0,0
176.4522,3,0,8,0,0,0,0,-1,0,1.0000,-1,12,20,27,0,59,0,0,0,0
176.4639,3,0,8,0,0,0,0,-1,0,1.0000,-1,12,20,27,0,59,0,0,0,0
176.4772,3,0,8,0,0,0,0,-1,0,1.0000,-1,12,20,27,0,59,0,0,0,0
176.4981,3,0,8,0,0,0,0,-1,0,1.0000,-1,12,20,27,0,59,0,0,0,0
176.5176,3,0,8,0,0,0,0,-1,0,1.0000,-1,12,20,27,0,59,0,0,0,0
176.5391,3,0,8,0,0,0,0,-1,0,0.0000,-1,12,20,27,0,59,0,0,0,0
176.5584,3,0,8,0,0,0,0,-1,0,0.0000,-1,12,20,27,0,59,0,0,0,0
176.5785,3,0,8,0,0,0,0,-1,0,0.0000,-1,12,20,27,0,59,0,0,0,0
176.5969,3,0,8,0,0,0,0,-1,0,0.0000,-1,12,20,27,0,59,0,0,0,0
176.6176,3,0,8,0,0,0,0,-1,0,0.0000,-1,12,20,27,0,59,0,0,0,0
176.6554,3,0,8,0,0,0,0,-1,1,1.0000,-1,12,20,27,0,59,0,0,0,0
176.6669,3,0,8,0,0,0,0,-1,0,1.0000,-1,12,20,27,0,59,0,0,0,0
176.6798,3,0,8,0,0,0,0,-1,0,1.0000,-1,12,20,27,0,59,0,0,0,0
176.699,3,0,8,0,0,0,0,-1,0,1.0000,-1,12,20,27,0,59,0,0,0,0
176.7174,3,0,8,0,0,0,0,-1,0,1.0000,-1,12,20,27,0,59,0,0,0,0
176.7373,3,0,8,0,0,0,0,-1,0,1.0000,-1,12,20,27,0,59,0,0,0,0
176.7561,3,0,8,0,0,0,0,-1,0,1.0000,-1,12,20,27,0,59,0,0,0,0
176.7746,3,0,8,0,0,0,0,-1,0,1.0000,-1,12,20,27,0,59,0,0,0,0
176.7932,3,0,8,0,0,0,0,-1,0,1.0000,-1,12,20,27,0,59,0,0,0,0
176.8129,3,0,8,0,0,0,0,-1,0,1.0000,-1,12,20,27,0,59,0,0,0,0
176.8329,3,0,8,0,0,0,0,-1,0,1.0000,-1,12,20,27,0,59,0,0,0,0
176.8498,3,0,8,0,0,0,0,-1,0,1.0000,-1,12,20,27,0,59,0,0,0,0
176.8697,3,0,8,0,0,0,0,-1,0,1.0000,-1,12,20,27,0,59,0,0,0,0
176.8882,3,0,8,0,0,0,0,-1,0,1.0000,-1,12,20,27,0,59,0,0,0,0
176.906,3,0,8,0,0,0,0,-1,0,1.0000,-1,12,20,27,0,59,0,0,0,0
176.9256,3,0,8,0,0,0,0,-1,0,1.0000,-1,12,20,27,0,59,0,0,0,0
176.9444,3,0,8,0,0,0,0,-1,0,1.0000,-1,12,20,27,0,59,0,0,0,0
176.9617,3,0,8,0,0,0,0,-1,0,1.0000,-1,12,20,27,0,59,0,0,0,0
176.9816,3,0,8,0,0,0,0,-1,0,1.0000,-1,12,20,27,0,59,0,0,0,0
177.0006,3,0,8,0,0,0,0,-1,0,1.0000,-1,12,20,27,0,59,0,0,0,0
177.0169,3,0,8,0,0,0,0,-1,0,1.0000,-1,12,20,27,0,59,0,0,0,0
177.038,3,0,8,0,0,0,0,-1,0,1.0000,-1,12,20,27,0,59,0,0,0,0
177.0555,3,0,8,0,0,0,0,-1,0,1.0000,-1,12,20,27,0,59,0,0,0,0
177.0724,3,0,8,0,0,0,0,-1,0,1.0000,-1,12,20,27,0,59,0,0,0,0
177.0934,3,0,8,0,0,0,1,202,0,1.0000,-1,12,20,27,0,59,0,0,0,0
177.1112,3,0,8,0,0,0,1,202,0,1.0000,-1,12,20,27,0,59,0,0,0,0
177.1279,3,0,8,0,0,0,1,202,0,1.0000,-1,12,20,27,0,59,0,0,0,0
177.149,3,0,8,0,0,0,1,202,0,1.0000,-1,12,20,27,0,59,0,0,0,0
177.1667,3,0,8,0,0,0,1,202,0,1.0000,-1,12,20,27,0,59,0,0,0,0
177.1839,3,0,8,0,0,0,1,202,1,2.0000,-1,12,20,27,0,59,0,0,0,0
177.2039,3,0,8,0,0,0,0,-1,0,2.0000,-1,12,20,27,0,59,0,0,0,0
177.2239,3,0,8,0,0,0,0,-1,0,2.0000,-1,12,20,27,0,59,0,0,0,0
177.2409,3,0,8,0,0,0,0,-1,0,2.0000,-1,12,20,27,0,59,0,0,0,0
177.2603,3,0,8,0,0,0,1,201,0,2.0000,-1,12,20,27,0,59,0,0,0,0
177.2793,3,0,8,0,0,0,1,201,0,2.0000,-1,12,20,27,0,59,0,0,0,0
177.2953,3,0,8,0,0,0,1,201,0,2.0000,-1,12,20,27,0,59,0,0,0,0
177.3163,3,0,8,0,0,0,1,201,0,2.0000,-1,12,20,27,0,59,0,0,0,0
177.3352,3,0,8,0,0,0,1,201,0,2.0000,-1,12,20,27,0,59,0,0,0,0
177.3537,3,0,8,0,0,0,1,201,0,2.0000,-1,12,20,27,0,59,0,0,0,0
177.373,3,0,8,0,0,0,1,201,0,2.0000,-1,12,20,27,0,59,0,0,0,0
177.3911,3,0,8,0,0,0,1,201,0,2.0000,-1,12,20,27,0,59,0,0,0,0
177.4095,3,0,8,0,0,0,1,201,0,2.0000,-1,12,20,27,0,59,0,0,0,0
177.4302,3,0,8,0,0,0,1,201,0,2.0000,-1,12,20,27,0,59,0,0,0,0
177.4485,3,0,8,0,0,0,1,201,0,2.0000,-1,12,20,27,0,59,0,0,0,0
177.4848,3,0,8,0,0,0,1,201,0,2.0000,-1,12,20,27,0,59,0,0,0,0
177.4989,3,0,8,0,0,0,1,201,0,2.0000,-1,12,20,27,0,59,0,0,0,0
177.5118,3,0,8,0,0,0,1,201,0,2.0000,-1,12,20,27,0,59,0,0,0,0
177.5287,3,0,8,0,0,0,1,201,0,2.0000,-1,12,20,27,0,59,0,0,0,0
177.5471,3,0,8,0,0,0,1,201,0,2.0000,-1,12,20,27,0,59,0,0,0,0
177.5673,3,0,8,0,0,0,1,201,0,2.0000,-1,12,20,27,0,59,0,0,0,0
177.5846,3,0,8,0,0,0,1,201,0,2.0000,-1,12,20,27,0,59,0,0,0,0
177.605,3,0,8,0,0,0,1,201,1,3.0000,-1,12,20,27,0,59,0,0,0,0
177.6241,3,0,8,0,0,0,1,201,0,3.0000,-1,12,20,27,0,59,0,0,0,0
177.6446,3,0,8,0,0,0,1,201,0,3.0000,-1,12,20,27,0,59,0,0,0,0
177.661,3,0,8,0,0,0,1,201,0,2.0000,-1,12,20,27,0,59,0,0,0,0
177.6991,3,0,8,0,0,0,1,201,0,2.0000,-1,12,20,27,0,59,0,0,0,0
177.7108,3,0,8,0,0,0,1,201,0,2.0000,-1,12,20,27,0,59,0,0,0,0
177.7234,3,0,8,0,0,0,1,201,0,2.0000,-1,12,20,27,0,59,0,0,0,0
177.7431,3,0,8,0,0,0,1,201,0,2.0000,-1,12,20,27,0,59,0,0,0,0
177.7608,3,0,8,0,0,0,1,201,0,2.0000,-1,12,20,27,0,59,0,0,0,0
177.7825,3,0,8,0,0,0,1,201,0,2.0000,-1,12,20,27,0,59,0,0,0,0
177.8014,3,0,8,0,0,0,0,-1,0,2.0000,201,12,20,28,0,60,0,0,0,0
177.8224,3,0,8,0,0,0,0,-1,0,2.0000,-1,12,20,28,0,60,0,0,0,0
177.8395,3,0,8,0,0,0,0,-1,0,2.0000,-1,12,20,28,0,60,0,0,0,0
177.862,3,0,8,0,0,0,0,-1,0,2.0000,-1,12,20,28,0,60,0,0,0,0
177.8985,3,0,8,0,0,0,0,-1,0,2.0000,-1,12,20,28,0,60,0,0,0,0
177.9092,3,0,8,0,0,0,0,-1,0,2.0000,-1,12,20,28,0,60,0,0,0,0
177.9245,3,0,8,0,0,0,0,-1,0,2.0000,-1,12,20,28,0,60,0,0,0,0
177.9449,3,0,8,0,0,0,0,-1,0,2.0000,-1,12,20,28,0,60,0,0,0,0
177.965,3,0,8,0,0,0,0,-1,0,2.0000,-1,12,20,28,0,60,0,0,0,0
177.985,3,0,8,0,0,0,0,-1,0,2.0000,-1,12,20,28,0,60,0,0,0,0
178.0061,3,0,8,0,0,0,0,-1,0,2.0000,-1,12,20,28,0,60,0,0,0,0
178.0262,3,0,8,0,0,0,0,-1,0,2.0000,-1,12,20,28,0,60,0,0,0,0
178.045,3,0,8,0,0,0,0,-1,0,2.0000,-1,12,20,28,0,60,0,0,0,0
178.0658,3,0,8,0,0,0,0,-1,0,2.0000,-1,12,20,28,0,60,0,0,0,0
178.0841,3,0,8,0,0,0,0,-1,0,2.0000,-1,12,20,28,0,60,0,0,0,0
178.105,3,0,8,0,0,0,0,-1,0,2.0000,-1,12,20,28,0,60,0,0,0,0
178.1252,3,0,8,0,0,0,0,-1,0,2.0000,-1,12,20,28,0,60,0,0,0,0
178.1438,3,0,8,0,0,0,0,-1,0,2.0000,-1,12,20,28,0,60,0,0,0,0
178.1634,3,0,8,0,0,0,0,-1,0,2.0000,-1,12,20,28,0,60,0,0,0,0
178.1845,3,0,8,0,0,0,0,-1,0,1.0000,-1,12,20,28,0,60,0,0,0,0
178.2046,3,0,8,0,0,0,0,-1,0,1.0000,-1,12,20,28,0,60,0,0,0,0
178.2237,3,0,8,0,0,0,0,-1,0,1.0000,-1,12,20,28,0,60,0,0,0,0
178.2459,3,0,8,0,0,0,0,-1,1,2.0000,-1,12,20,28,0,60,0,0,0,0
178.2645,3,0,8,1,0,0,0,-1,0,2.0000,-1,12,20,28,0,60,0,0,0,0
178.2857,3,0,8,1,0,0,0,-1,0,2.0000,-1,12,20,28,0,60,0,0,0,0
178.3245,3,0,8,1,0,0,0,-1,0,2.0000,-1,12,20,28,0,60,0,0,0,0
178.3371,3,0,8,1,0,0,0,-1,0,2.0000,-1,12,20,28,0,60,0,0,0,0
178.3499,3,0,8,1,0,0,0,-1,0,2.0000,-1,12,20,28,0,60,0,0,0,0
178.3714,3,0,8,1,0,0,0,-1,0,2.0000,-1,12,20,28,0,60,0,0,0,0
178.3923,3,0,8,1,0,0,0,-1,0,2.0000,-1,12,20,28,0,60,0,0,0,0
178.4116,3,0,8,1,0,0,1,205,0,2.0000,-1,12,20,28,0,60,0,0,0,0
178.4305,3,0,8,1,0,0,1,205,0,2.0000,-1,12,20,28,0,60,0,0,0,0
178.4503,3,0,8,1,0,0,1,205,0,2.0000,-1,12,20,28,0,60,0,0,0,0
178.4722,3,0,8,1,0,0,1,205,0,2.0000,-1,12,20,28,0,60,0,0,0,0
178.4916,3,0,8,1,0,0,1,205,0,2.0000,-1,12,20,28,0,60,0,0,0,0
178.511,3,0,8,1,0,0,1,205,0,2.0000,-1,12,20,28,0,60,0,0,0,0
178.5303,3,0,8,1,0,0,1,205,0,2.0000,-1,12,20,28,0,60,0,0,0,0
178.5505,3,0,8,1,0,0,1,205,0,2.0000,-1,12,20,28,0,60,0,0,0,0
178.5726,3,0,8,1,0,0,1,205,0,2.0000,-1,12,20,28,0,60,0,0,0,0
178.5915,3,0,8,1,0,0,1,205,1,3.0000,-1,12,20,28,0,60,0,0,0,0
178.6116,3,0,8,1,0,0,1,205,0,2.0000,-1,12,20,28,0,60,0,0,0,0
178.6316,3,0,8,1,0,0,1,205,0,2.0000,-1,12,20,28,0,60,0,0,0,0
178.6517,3,0,8,1,0,0,1,205,0,2.0000,-1,12,20,28,0,60,0,0,0,0
178.6748,3,0,8,1,0,0,1,205,0,2.0000,-1,12,20,28,0,60,0,0,0,0
178.6943,3,0,8,1,0,0,1,205,0,2.0000,-1,12,20,28,0,60,0,0,0,0
178.7141,3,0,8,1,0,0,1,205,0,2.0000,-1,12,20,28,0,60,0,0,0,0
178.7317,3,0,8,1,0,0,1,205,0,2.0000,-1,12,20,28,0,60,0,0,0,0
178.7531,3,0,8,1,0,0,1,205,0,2.0000,-1,12,20,28,0,60,0,0,0,0
178.7751,3,0,8,1,0,0,1,204,0,2.0000,205,12,20,29,0,61,0,0,0,0
178.7947,3,0,8,1,0,0,1,204,0,2.0000,-1,12,20,29,0,61,0,0,0,0
178.8144,3,0,8,1,0,0,1,204,0,2.0000,-1,12,20,29,0,61,0,0,0,0
178.831,3,0,8,1,0,0,1,204,0,2.0000,-1,12,20,29,0,61,0,0,0,0
178.8532,3,0,8,1,0,0,1,204,0,2.0000,-1,12,20,29,0,61,0,0,0,0
178.8739,3,0,8,1,0,0,1,204,0,2.0000,-1,12,20,29,0,61,0,0,0,0
178.8941,3,0,8,1,0,0,1,204,1,3.0000,-1,12,20,29,0,61,0,0,0,0
178.9119,3,0,8,1,0,0,1,204,0,3.0000,-1,12,20,29,0,61,0,0,0,0
178.9504,3,0,8,1,0,0,1,204,0,3.0000,-1,12,20,29,0,61,0,0,0,0
178.9645,3,0,8,1,1,0,1,203,0,3.0000,204,12,20,30,0,62,0,0,0,0
178.98,3,0,8,1,1,0,1,203,0,3.0000,-1,12,20,30,0,62,0,0,0,0
178.9946,3,0,8,1,1,0,1,203,0,3.0000,-1,12,20,30,0,62,0,0,0,0
179.0167,3,0,8,1,1,0,1,203,0,3.0000,-1,12,20,30,0,62,0,0,0,0
179.0364,3,0,8,1,1,0,1,203,0,3.0000,-1,12,20,30,0,62,0,0,0,0
179.056,3,0,8,0,1,0,1,203,0,3.0000,-1,12,20,30,0,62,0,0,0,0
179.0753,3,0,8,0,1,0,1,203,1,4.0000,-1,12,20,30,0,62,0,0,0,0
179.0976,3,0,8,0,1,0,0,-1,0,4.0000,-1,12,20,30,0,62,0,0,0,0
179.1196,3,0,8,0,1,0,0,-1,0,4.0000,-1,12,20,30,0,62,0,0,0,0
179.1568,3,0,8,0,1,0,0,-1,0,4.0000,-1,12,20,30,0,62,0,0,0,0
179.1706,3,0,8,0,1,0,0,-1,0,4.0000,-1,12,20,30,0,62,0,0,0,0
179.1833,3,0,8,0,1,0,0,-1,0,4.0000,-1,12,20,30,0,62,0,0,0,0
179.2033,3,0,8,0,1,0,0,-1,0,4.0000,-1,12,20,30,0,62,0,0,0,0
179.223,3,0,8,0,1,0,0,-1,0,4.0000,-1,12,20,30,0,62,0,0,0,0
179.2442,3,0,8,0,1,0,0,-1,0,4.0000,-1,12,20,30,0,62,0,0,0,0
179.2637,3,0,8,0,1,0,0,-1,0,3.0000,-1,12,20,30,0,62,0,0,0,0
179.2857,3,0,8,0,1,0,0,-1,0,3.0000,-1,12,20,30,0,62,0,0,0,0
179.3063,3,0,8,0,1,0,0,-1,0,3.0000,-1,12,20,30,0,62,0,0,0,0
179.3251,3,0,8,0,1,0,0,-1,0,3.0000,-1,12,20,30,0,62,0,0,0,0
179.3451,3,0,8,0,1,0,0,-1,0,3.0000,-1,12,20,30,0,62,0,0,0,0
179.366,3,0,8,0,1,0,0,-1,0,3.0000,-1,12,20,30,0,62,0,0,0,0
179.3867,3,0,8,0,1,0,0,-1,0,3.0000,-1,12,20,30,0,62,0,0,0,0
179.4084,3,0,8,0,1,0,0,-1,0,3.0000,-1,12,20,30,0,62,0,0,0,0
179.431,3,0,8,0,1,0,0,-1,1,4.0000,-1,12,20,30,0,62,0,0,0,0
179.4493,3,0,8,0,1,0,0,-1,0,4.0000,-1,12,20,30,0,62,0,0,0,0
179.4716,3,0,8,0,1,0,0,-1,0,4.0000,-1,12,20,30,0,62,0,0,0,0
179.4912,3,0,8,0,1,0,0,-1,0,4.0000,-1,12,20,30,0,62,0,0,0,0
179.5118,3,0,8,0,1,0,0,-1,0,4.0000,-1,12,20,30,0,62,0,0,0,0
179.5337,3,0,8,0,0,0,0,-1,0,4.0000,-1,12,20,30,0,62,0,0,0,0
179.5547,3,0,8,0,0,0,0,-1,0,4.0000,-1,12,20,30,0,62,0,0,0,0
179.5752,3,0,8,0,0,0,0,-1,0,4.0000,-1,12,20,30,0,62,0,0,0,0
179.5988,3,0,8,0,0,0,0,-1,0,3.0000,-1,12,20,30,0,62,0,0,0,0
179.6195,3,0,8,0,0,0,0,-1,0,3.0000,-1,12,20,30,0,62,0,0,0,0
179.6366,3,0,8,0,0,0,0,-1,0,3.0000,-1,12,20,30,0,62,0,0,0,0
179.6577,3,0,8,0,0,0,0,-1,0,3.0000,-1,12,20,30,0,62,0,0,0,0
179.681,3,0,8,0,0,0,0,-1,0,3.0000,-1,12,20,30,0,62,0,0,0,0
179.6985,3,0,8,0,0,0,0,-1,0,3.0000,-1,12,20,30,0,62,0,0,0,0
179.7199,3,0,8,0,0,0,0,-1,0,3.0000,-1,12,20,30,0,62,0,0,0,0
179.7427,3,0,8,0,0,0,0,-1,0,3.0000,-1,12,20,30,0,62,0,0,0,0
179.782,3,0,8,0,0,0,1,208,0,3.0000,-1,12,20,30,0,62,0,0,0,0
179.7946,3,0,8,0,0,0,1,208,0,3.0000,-1,12,20,30,0,62,0,0,0,0
179.8087,3,0,8,0,0,0,1,208,0,3.0000,-1,12,20,30,0,62,0,0,0,0
179.8294,3,0,8,0,0,0,1,208,0,3.0000,-1,12,20,30,0,62,0,0,0,0
179.8515,3,0,8,0,0,0,1,208,0,3.0000,-1,12,20,30,0,62,0,0,0,0
179.8723,3,0,8,0,0,0,1,208,0,3.0000,-1,12,20,30,0,62,0,0,0,0
179.8926,3,0,8,0,0,0,1,208,0,3.0000,-1,12,20,30,0,62,0,0,0,0
179.9131,3,0,8,0,0,0,1,208,0,2.0000,-1,12,20,30,0,62,0,0,0,0
179.9346,3,0,8,0,0,0,1,208,0,2.0000,-1,12,20,30,0,62,0,0,0,0
179.9549,3,0,8,0,0,0,1,208,0,2.0000,-1,12,20,30,0,62,0,0,0,0
179.9758,3,0,8,0,0,0,1,208,0,2.0000,-1,12,20,30,0,62,0,0,0,0
179.998,3,0,8,0,0,0,1,208,0,2.0000,-1,12,20,30,0,62,0,0,0,0
180.0184,3,0,8,0,0,0,1,208,0,2.0000,-1,12,20,30,0,62,0,0,0,0
180.04,3,0,8,0,0,0,1,208,0,2.0000,-1,12,20,30,0,62,0,0,0,0
180.0589,3,0,8,0,0,0,1,208,0,2.0000,-1,12,20,30,0,62,0,0,0,0
180.0798,3,0,8,0,0,0,1,208,0,1.0000,-1,12,20,30,0,62,0,0,0,0
180.1016,3,0,8,0,0,0,1,208,0,1.0000,-1,12,20,30,0,62,0,0,0,0
180.1221,3,0,8,0,0,0,1,208,0,1.0000,-1,12,20,30,0,62,0,0,0,0
180.1429,3,0,8,0,0,0,1,208,0,1.0000,-1,12,20,30,0,62,0,0,0,0
180.1633,3,0,8,0,0,0,1,208,0,1.0000,-1,12,20,30,0,62,0,0,0,0
180.1844,3,0,8,0,0,0,1,208,0,1.0000,-1,12,20,30,0,62,0,0,0,0
180.2043,3,0,8,0,0,0,1,208,1,2.0000,-1,12,20,30,0,62,0,0,0,0
180.2249,3,0,8,0,0,0,1,208,0,2.0000,-1,12,20,30,0,62,0,0,0,0
180.2461,3,0,8,0,0,0,1,208,0,2.0000,-1,12,20,30,0,62,0,0,0,0
180.2661,3,0,8,0,0,0,1,208,0,2.0000,-1,12,20,30,0,62,0,0,0,0
180.2863,3,0,8,0,0,0,1,208,0,2.0000,-1,12,20,30,0,62,0,0,0,0
180.3069,3,0,8,0,0,0,1,208,0,2.0000,-1,12,20,30,0,62,0,0,0,0
180.3277,3,0,8,0,0,0,1,208,0,2.0000,-1,12,20,30,0,62,0,0,0,0
180.3489,3,0,8,0,0,0,1,208,1,3.0000,-1,12,20,30,0,62,0,0,0,0
180.3684,3,0,8,0,0,0,1,206,0,3.0000,208,12,20,31,0,63,0,0,0,0
180.4072,3,0,8,0,0,0,1,206,0,3.0000,-1,12,20,31,0,63,0,0,0,0
180.4198,3,0,8,0,0,0,1,206,0,3.0000,-1,12,20,31,0,63,0,0,0,0
180.4318,3,0,8,0,0,0,1,206,0,2.0000,-1,12,20,31,0,63,0,0,0,0
180.452,3,0,8,0,0,0,1,206,0,2.0000,-1,12,20,31,0,63,0,0,0,0
180.4739,3,0,8,0,0,0,1,206,0,2.0000,-1,12,20,31,0,63,0,0,0,0
180.4937,3,0,8,0,0,0,1,206,0,2.0000,-1,12,20,31,0,63,0,0,0,0
180.5134,3,0,8,0,0,0,1,206,0,2.0000,-1,12,20,31,0,63,0,0,0,0
180.5333,3,0,8,0,0,0,1,206,0,2.0000,-1,12,20,31,0,63,0,0,0,0
180.5546,3,0,8,0,0,0,1,206,0,2.0000,-1,12,20,31,0,63,0,0,0,0
180.5757,3,0,8,0,0,0,1,206,0,2.0000,-1,12,20,31,0,63,0,0,0,0
180.6167,3,0,8,0,0,0,1,206,1,3.0000,-1,12,20,31,0,63,0,0,0,0
180.6284,3,0,8,0,0,0,1,206,0,3.0000,-1,12,20,31,0,63,0,0,0,0
180.6418,3,0,8,0,0,0,1,206,0,3.0000,-1,12,20,31,0,63,0,0,0,0
180.663,3,0,8,0,0,0,1,206,0,3.0000,-1,12,20,31,0,63,0,0,0,0
180.6854,3,0,8,0,0,0,1,206,0,3.0000,-1,12,20,31,0,63,0,0,0,0
180.7059,3,0,8,0,0,0,1,206,0,3.0000,-1,12,20,31,0,63,0,0,0,0
180.7271,3,0,8,0,0,0,1,206,0,3.0000,-1,12,20,31,0,63,0,0,0,0
180.7456,3,0,8,0,0,0,1,206,0,3.0000,-1,12,20,31,0,63,0,0,0,0
180.7663,3,0,8,0,0,0,1,206,0,3.0000,-1,12,20,31,0,63,0,0,0,0
180.7869,3,0,8,0,0,0,1,206,0,3.0000,-1,12,20,31,0,63,0,0,0,0
180.8076,3,0,8,0,0,0,1,206,0,3.0000,-1,12,20,31,0,63,0,0,0,0
180.8291,3,0,8,0,0,0,1,206,0,3.0000,-1,12,20,31,0,63,0,0,0,0
180.8507,3,0,8,0,0,0,1,206,0,3.0000,-1,12,20,31,0,63,0,0,0,0
180.8689,2,1,9,0,0,0,0,-1,1,4.0000,206,12,21,31,0,64,0,0,0,0
180.8893,2,0,9,0,0,0,0,-1,0,4.0000,-1,12,21,31,0,64,0,0,0,0
180.9096,2,0,9,0,0,0,0,-1,0,4.0000,-1,12,21,31,0,64,0,0,0,0
180.9312,2,0,9,0,0,0,0,-1,0,4.0000,-1,12,21,31,0,64,0,0,0,0
180.9529,2,0,9,0,0,0,0,-1,0,4.0000,-1,12,21,31,0,64,0,0,0,0
180.9735,2,0,9,0,0,0,0,-1,0,4.0000,-1,12,21,31,0,64,0,0,0,0
180.9925,2,0,9,0,0,0,0,-1,0,4.0000,-1,12,21,31,0,64,0,0,0,0
181.0316,2,0,9,0,0,0,0,-1,0,4.0000,-1,12,21,31,0,64,0,0,0,0
181.0444,2,0,9,0,0,0,0,-1,0,4.0000,-1,12,21,31,0,64,0,0,0,0
181.0577,2,0,9,0,0,0,0,-1,0,4.0000,-1,12,21,31,0,64,0,0,0,0
181.0779,2,0,9,0,0,0,0,-1,0,4.0000,-1,12,21,31,0,64,0,0,0,0
181.0985,2,0,9,0,0,0,0,-1,0,4.0000,-1,12,21,31,0,64,0,0,0,0
181.1189,2,0,9,0,0,0,0,-1,0,4.0000,-1,12,21,31,0,64,0,0,0,0
181.1404,2,0,9,0,0,0,0,-1,0,4.0000,-1,12,21,31,0,64,0,0,0,0
181.1602,2,0,9,0,0,0,0,-1,0,4.0000,-1,12,21,31,0,64,0,0,0,0
181.1788,2,0,9,0,0,0,0,-1,0,4.0000,-1,12,21,31,0,64,0,0,0,0
181.1999,2,0,9,0,0,0,0,-1,0,4.0000,-1,12,21,31,0,64,0,0,0,0
181.2393,2,0,9,0,0,0,0,-1,0,3.0000,-1,12,21,31,0,64,0,0,0,0
181.2524,2,0,9,0,0,0,0,-1,0,3.0000,-1,12,21,31,0,64,0,0,0,0
181.265,2,0,9,0,0,0,0,-1,0,3.0000,-1,12,21,31,0,64,0,0,0,0
181.2846,2,0,9,0,0,0,0,-1,0,3.0000,-1,12,21,31,0,64,0,0,0,0
181.3055,2,0,9,0,0,0,0,-1,0,3.0000,-1,12,21,31,0,64,0,0,0,0
181.3253,2,0,9,0,0,0,0,-1,0,3.0000,-1,12,21,31,0,64,0,0,0,0
181.3457,2,0,9,0,0,0,0,-1,0,3.0000,-1,12,21,31,0,64,0,0,0,0
181.3663,2,0,9,0,0,0,0,-1,0,2.0000,-1,12,21,31,0,64,0,0,0,0
181.386,2,0,9,0,0,0,0,-1,1,3.0000,-1,12,21,31,0,64,0,0,0,0
181.4075,2,0,9,0,0,0,0,-1,0,3.0000,-1,12,21,31,0,64,0,0,0,0
181.4285,2,0,9,0,0,0,0,-1,0,3.0000,-1,12,21,31,0,64,0,0,0,0
181.4492,2,0,9,0,0,0,0,-1,0,3.0000,-1,12,21,31,0,64,0,0,0,0
181.468,2,0,9,0,0,0,0,-1,0,3.0000,-1,12,21,31,0,64,0,0,0,0
181.4887,2,0,9,0,0,0,1,211,0,3.0000,-1,12,21,31,0,64,0,0,0,0
181.5087,2,0,9,0,0,0,1,211,0,3.0000,-1,12,21,31,0,64,0,0,0,0
181.5293,2,0,9,0,0,0,1,211,0,3.0000,-1,12,21,31,0,64,0,0,0,0
181.5501,2,0,9,0,0,0,1,211,0,3.0000,-1,12,21,31,0,64,0,0,0,0
181.5693,2,0,9,0,0,0,1,211,0,3.0000,-1,12,21,31,0,64,0,0,0,0
181.5904,2,0,9,0,0,0,1,211,0,3.0000,-1,12,21,31,0,64,0,0,0,0
181.6114,2,0,9,0,0,0,1,211,0,3.0000,-1,12,21,31,0,64,0,0,0,0
181.6315,2,0,9,0,0,0,1,211,0,2.0000,-1,12,21,31,0,64,0,0,0,0
181.6527,2,0,9,0,0,0,1,211,0,2.0000,-1,12,21,31,0,64,0,0,0,0
181.6745,2,0,9,0,0,0,1,211,0,2.0000,-1,12,21,31,0,64,0,0,0,0
181.696,2,0,9,0,0,0,1,211,0,2.0000,-1,12,21,31,0,64,0,0,0,0
181.7158,2,0,9,0,0,0,1,211,0,2.0000,-1,12,21,31,0,64,0,0,0,0
181.7355,2,0,9,0,0,0,1,211,1,3.0000,-1,12,21,31,0,64,0,0,0,0
181.7555,2,0,9,0,0,0,1,211,0,3.0000,-1,12,21,31,0,64,0,0,0,0
181.7771,2,0,9,0,0,0,1,211,0,3.0000,-1,12,21,31,0,64,0,0,0,0
181.7979,2,0,9,0,0,0,1,211,0,3.0000,-1,12,21,31,0,64,0,0,0,0
181.8185,2,0,9,0,0,0,1,211,0,3.0000,-1,12,21,31,0,64,0,0,0,0
181.8401,2,0,9,0,0,0,1,211,0,3.0000,-1,12,21,31,0,64,0,0,0,0
181.8612,2,0,9,0,0,0,1,211,0,3.0000,-1,12,21,31,0,64,0,0,0,0
181.88,2,0,9,0,0,0,1,211,0,2.0000,-1,12,21,31,0,64,0,0,0,0
181.9009,2,0,9,0,0,0,1,211,0,2.0000,-1,12,21,31,0,64,0,0,0,0
181.9224,2,0,9,0,0,0,1,210,0,2.0000,211,12,22,31,0,65,0,0,0,0
181.9422,2,0,9,0,0,0,1,210,0,2.0000,-1,12,22,31,0,65,0,0,0,0
181.9652,2,0,9,0,0,0,1,210,0,2.0000,-1,12,22,31,0,65,0,0,0,0
181.9902,2,0,9,0,0,0,1,210,0,2.0000,-1,12,22,31,0,65,0,0,0,0
182.0101,2,0,9,0,0,0,1,210,0,2.0000,-1,12,22,31,0,65,0,0,0,0
182.0324,2,0,9,0,0,0,1,210,0,2.0000,-1,12,22,31,0,65,0,0,0,0
182.0713,2,0,9,0,0,0,1,210,0,2.0000,-1,12,22,31,0,65,0,0,0,0
182.0856,2,0,9,0,0,0,1,210,0,2.0000,-1,12,22,31,0,65,0,0,0,0
182.1018,2,0,9,0,0,0,0,-1,0,2.0000,-1,12,22,31,0,65,0,0,0,0
182.1173,2,0,9,0,0,0,0,-1,0,2.0000,-1,12,22,31,0,65,0,0,0,0
182.1402,2,0,9,0,0,0,0,-1,0,2.0000,-1,12,22,31,0,65,0,0,0,0
182.1605,2,0,9,0,0,0,0,-1,0,2.0000,-1,12,22,31,0,65,0,0,0,0
182.1806,2,0,9,0,0,0,0,-1,0,2.0000,210,12,23,31,0,66,0,0,0,0
182.2016,2,0,9,0,0,0,0,-1,0,2.0000,-1,12,23,31,0,66,0,0,0,0
182.2223,2,0,9,0,0,0,0,-1,0,2.0000,-1,12,23,31,0,66,0,0,0,0
182.2428,2,0,9,0,0,0,0,-1,0,2.0000,-1,12,23,31,0,66,0,0,0,0
182.2837,2,0,9,0,0,0,0,-1,0,2.0000,-1,12,23,31,0,66,0,0,0,0
182.2964,2,0,9,0,0,0,0,-1,0,2.0000,-1,12,23,31,0,66,0,0,0,0
182.309,2,0,9,0,0,0,0,-1,0,2.0000,-1,12,23,31,0,66,0,0,0,0
182.3294,2,0,9,0,0,0,0,-1,0,2.0000,-1,12,23,31,0,66,0,0,0,0
182.3507,2,0,9,0,0,0,0,-1,0,2.0000,-1,12,23,31,0,66,0,0,0,0
182.3715,2,0,9,0,0,0,0,-1,0,2.0000,-1,12,23,31,0,66,0,0,0,0
182.3931,2,0,9,0,0,0,0,-1,0,1.0000,-1,12,23,31,0,66,0,0,0,0
182.4132,2,0,9,0,0,0,0,-1,0,1.0000,-1,12,23,31,0,66,0,0,0,0
182.4339,2,0,9,0,0,0,0,-1,0,1.0000,-1,12,23,31,0,66,0,0,0,0
182.4544,2,0,9,0,0,0,0,-1,0,1.0000,-1,12,23,31,0,66,0,0,0,0
182.4751,2,0,9,0,0,0,0,-1,0,1.0000,-1,12,23,31,0,66,0,0,0,0
182.4962,2,0,9,0,0,0,0,-1,0,1.0000,-1,12,23,31,0,66,0,0,0,0
182.5183,2,0,9,0,0,0,0,-1,0,1.0000,-1,12,23,31,0,66,0,0,0,0
182.5394,2,0,9,0,0,0,0,-1,0,1.0000,-1,12,23,31,0,66,0,0,0,0
182.5585,2,0,9,0,0,0,0,-1,0,1.0000,-1,12,23,31,0,66,0,0,0,0
182.5776,2,0,9,0,0,0,0,-1,0,1.0000,-1,12,23,31,0,66,0,0,0,0
182.5984,2,0,9,0,0,0,0,-1,0,1.0000,-1,12,23,31,0,66,0,0,0,0
182.619,2,0,9,0,0,0,0,-1,0,1.0000,-1,12,23,31,0,66,0,0,0,0
182.6406,2,0,9,0,0,0,0,-1,0,1.0000,-1,12,23,31,0,66,0,0,0,0
182.6586,2,0,9,0,0,0,0,-1,0,1.0000,-1,12,23,31,0,66,0,0,0,0
182.6979,2,0,9,0,0,0,0,-1,0,1.0000,-1,12,23,31,0,66,0,0,0,0
182.7115,2,0,9,0,0,0,0,-1,0,1.0000,-1,12,23,31,0,66,0,0,0,0
182.7258,2,0,9,0,0,0,0,-1,0,1.0000,-1,12,23,31,0,66,0,0,0,0
182.7433,2,0,9,0,0,0,0,-1,0,0.0000,-1,12,23,31,0,66,0,0,0,0
182.7645,2,0,9,0,0,0,0,-1,0,0.0000,-1,12,23,31,0,66,0,0,0,0
182.7844,2,0,9,0,0,0,0,-1,0,0.0000,-1,12,23,31,0,66,0,0,0,0
182.8064,2,0,9,0,0,0,0,-1,0,0.0000,-1,12,23,31,0,66,0,0,0,0
182.8244,2,0,9,0,0,0,0,-1,1,1.0000,-1,12,23,31,0,66,0,0,0,0
182.8441,2,0,9,0,0,0,0,-1,0,1.0000,-1,12,23,31,0,66,0,0,0,0
182.8657,2,0,9,0,0,0,0,-1,0,1.0000,-1,12,23,31,0,66,0,0,0,0
182.885,2,0,9,0,0,0,0,-1,0,1.0000,-1,12,23,31,0,66,0,0,0,0
182.9069,2,0,9,0,0,0,0,-1,0,1.0000,-1,12,23,31,0,66,0,0,0,0
182.9258,2,0,9,0,0,0,0,-1,0,1.0000,-1,12,23,31,0,66,0,0,0,0
182.9487,2,0,9,0,0,0,0,-1,0,1.0000,-1,12,23,31,0,66,0,0,0,0
182.967,2,0,9,0,0,0,0,-1,0,1.0000,-1,12,23,31,0,66,0,0,0,0
182.9872,2,0,9,0,0,0,0,-1,0,1.0000,-1,12,23,31,0,66,0,0,0,0
183.0085,2,0,9,0,0,0,0,-1,0,1.0000,-1,12,23,31,0,66,0,0,0,0
183.03,2,0,9,0,0,0,0,-1,0,1.0000,-1,12,23,31,0,66,0,0,0,0
183.0474,2,0,9,0,0,0,0,-1,0,1.0000,-1,12,23,31,0,66,0,0,0,0
183.0672,2,0,9,0,0,0,0,-1,0,1.0000,-1,12,23,31,0,66,0,0,0,0
183.0884,2,0,9,0,0,0,0,-1,0,1.0000,-1,12,23,31,0,66,0,0,0,0
183.1091,2,0,9,0,0,0,0,-1,0,1.0000,-1,12,23,31,0,66,0,0,0,0
183.1302,2,0,9,0,0,0,0,-1,0,1.0000,-1,12,23,31,0,66,0,0,0,0
183.1504,2,0,9,1,0,0,0,-1,0,1.0000,-1,12,23,31,0,66,0,0,0,0
183.1698,2,0,9,1,0,0,0,-1,0,1.0000,-1,12,23,31,0,66,0,0,0,0
183.1925,2,0,9,1,0,0,0,-1,0,1.0000,-1,12,23,31,0,66,0,0,0,0
183.2097,2,0,9,1,0,0,0,-1,0,1.0000,-1,12,23,31,0,66,0,0,0,0
183.2311,2,0,9,1,0,0,0,-1,0,1.0000,-1,12,23,31,0,66,0,0,0,0
183.2544,2,0,9,1,0,0,0,-1,0,1.0000,-1,12,23,31,0,66,0,0,0,0
183.2703,2,0,9,1,0,0,0,-1,0,1.0000,-1,12,23,31,0,66,0,0,0,0
183.3105,2,0,9,1,0,0,0,-1,0,1.0000,-1,12,23,31,0,66,0,0,0,0
183.3237,2,0,9,1,0,0,0,-1,0,1.0000,-1,12,23,31,0,66,0,0,0,0
183.338,2,0,9,1,0,0,0,-1,0,1.0000,-1,12,23,31,0,66,0,0,0,0
183.3555,2,0,9,1,0,0,0,-1,0,1.0000,-1,12,23,31,0,66,0,0,0,0
183.376,2,0,9,1,0,0,0,-1,0,1.0000,-1,12,23,31,0,66,0,0,0,0
183.3969,2,0,9,1,0,0,0,-1,0,1.0000,-1,12,23,31,0,66,0,0,0,0
183.4178,2,0,9,1,0,0,0,-1,0,1.0000,-1,12,23,31,0,66,0,0,0,0
183.4388,2,0,9,1,0,0,0,-1,0,1.0000,-1,12,23,31,0,66,0,0,0,0
183.4601,2,0,9,1,0,0,0,-1,0,1.0000,-1,12,23,31,0,66,0,0,0,0
183.4785,2,0,9,1,0,0,0,-1,0,1.0000,-1,12,23,31,0,66,0,0,0,0
183.5001,2,0,9,1,0,0,0,-1,0,1.0000,-1,12,23,31,0,66,0,0,0,0
183.521,2,0,9,1,0,0,0,-1,1,2.0000,-1,12,23,31,0,66,0,0,0,0
183.5423,2,0,9,1,0,0,0,-1,0,2.0000,-1,12,23,31,0,66,0,0,0,0
183.5635,2,0,9,1,0,0,0,-1,0,2.0000,-1,12,23,31,0,66,0,0,0,0
183.5844,2,0,9,1,0,0,0,-1,0,2.0000,-1,12,23,31,0,66,0,0,0,0
183.6047,2,0,9,1,0,0,0,-1,0,2.0000,-1,12,23,31,0,66,0,0,0,0
183.6245,2,0,9,1,0,0,0,-1,0,2.0000,-1,12,23,31,0,66,0,0,0,0
183.6447,2,0,9,0,0,0,0,-1,0,2.0000,-1,12,23,31,0,66,0,0,0,0
183.6658,2,0,9,0,0,0,0,-1,0,2.0000,-1,12,23,31,0,66,0,0,0,0
183.6878,2,0,9,0,0,0,0,-1,0,2.0000,-1,12,23,31,0,66,0,0,0,0
183.7263,2,0,9,0,0,0,0,-1,0,2.0000,-1,12,23,31,0,66,0,0,0,0
183.7385,2,0,9,0,0,0,0,-1,0,2.0000,-1,12,23,31,0,66,0,0,0,0
183.7534,2,0,9,0,0,0,0,-1,0,2.0000,-1,12,23,31,0,66,0,0,0,0
183.7743,2,0,9,0,0,0,0,-1,0,2.0000,-1,12,23,31,0,66,0,0,0,0
183.7949,2,0,9,0,0,0,0,-1,0,2.0000,-1,12,23,31,0,66,0,0,0,0
183.8133,2,0,9,0,0,0,0,-1,0,2.0000,-1,12,23,31,0,66,0,0,0,0
183.8322,2,0,9,0,0,0,0,-1,0,1.0000,-1,12,23,31,0,66,0,0,0,0
183.8532,2,0,9,0,0,0,0,-1,0,1.0000,-1,12,23,31,0,66,0,0,0,0
183.8736,2,0,9,0,0,0,0,-1,0,1.0000,-1,12,23,31,0,66,0,0,0,0
183.8933,2,0,9,0,1,0,0,-1,0,1.0000,-1,12,23,31,0,66,0,0,0,0
183.9112,2,0,9,0,1,0,0,-1,0,1.0000,-1,12,23,31,0,66,0,0,0,0
183.9318,2,0,9,0,1,0,0,-1,0,1.0000,-1,12,23,31,0,66,0,0,0,0
183.9518,2,0,9,0,1,0,0,-1,0,1.0000,-1,12,23,31,0,66,0,0,0,0
183.9722,2,0,9,0,1,0,0,-1,0,1.0000,-1,12,23,31,0,66,0,0,0,0
183.9911,2,0,9,0,1,0,0,-1,0,1.0000,-1,12,23,31,0,66,0,0,0,0
184.0114,2,0,9,0,1,0,0,-1,0,1.0000,-1,12,23,31,0,66,0,0,0,0
184.0311,2,0,9,0,1,0,0,-1,0,1.0000,-1,12,23,31,0,66,0,0,0,0
184.0514,2,0,9,0,1,0,0,-1,0,1.0000,-1,12,23,31,0,66,0,0,0,0
184.0731,2,0,9,0,1,0,0,-1,0,1.0000,-1,12,23,31,0,66,0,0,0,0
184.0978,2,0,9,0,1,0,0,-1,0,1.0000,-1,12,23,31,0,66,0,0,0,0
184.1153,2,0,9,0,1,0,0,-1,0,1.0000,-1,12,23,31,0,66,0,0,0,0
184.1328,2,0,9,0,1,0,0,-1,0,1.0000,-1,12,23,31,0,66,0,0,0,0
184.1542,2,0,9,0,1,0,0,-1,0,1.0000,-1,12,23,31,0,66,0,0,0,0
184.1742,2,0,9,0,1,0,0,-1,0,1.0000,-1,12,23,31,0,66,0,0,0,0
184.1949,2,0,9,0,1,0,0,-1,0,1.0000,-1,12,23,31,0,66,0,0,0,0
184.2145,2,0,9,0,1,0,0,-1,0,1.0000,-1,12,23,31,0,66,0,0,0,0
184.2339,2,0,9,0,1,0,0,-1,0,1.0000,-1,12,23,31,0,66,0,0,0,0
184.2544,2,0,9,0,1,0,0,-1,0,1.0000,-1,12,23,31,0,66,0,0,0,0
184.2767,2,0,9,0,1,0,0,-1,0,1.0000,-1,12,23,31,0,66,0,0,0,0
184.2959,2,0,9,0,1,0,0,-1,0,1.0000,-1,12,23,31,0,66,0,0,0,0
184.3169,2,0,9,0,1,0,0,-1,0,1.0000,-1,12,23,31,0,66,0,0,0,0
184.3367,2,0,9,0,1,0,0,-1,0,1.0000,-1,12,23,31,0,66,0,0,0,0
184.3573,2,0,9,0,1,0,0,-1,0,1.0000,-1,12,23,31,0,66,0,0,0,0
184.378,2,0,9,0,1,0,0,-1,0,1.0000,-1,12,23,31,0,66,0,0,0,0
184.3989,2,0,9,0,1,0,0,-1,0,1.0000,-1,12,23,31,0,66,0,0,0,0
184.4191,2,0,9,0,1,0,0,-1,0,1.0000,-1,12,23,31,0,66,0,0,0,0
184.4402,2,0,9,0,1,0,0,-1,0,1.0000,-1,12,23,31,0,66,0,0,0,0
184.459,2,0,9,0,1,0,0,-1,0,1.0000,-1,12,23,31,0,66,0,0,0,0
184.5009,2,0,9,0,0,0,0,-1,0,1.0000,-1,12,23,31,0,66,0,0,0,0
184.5179,2,0,9,0,0,0,0,-1,0,1.0000,-1,12,23,31,0,66,0,0,0,0
184.5396,2,0,9,0,0,0,0,-1,0,0.0000,-1,12,23,31,0,66,0,0,0,0
184.5494,2,0,9,0,0,0,0,-1,0,0.0000,-1,12,23,31,0,66,0,0,0,0
184.5635,2,0,9,0,0,0,0,-1,0,0.0000,-1,12,23,31,0,66,0,0,0,0
184.5832,2,0,9,0,0,0,0,-1,0,0.0000,-1,12,23,31,0,66,0,0,0,0
184.6047,2,0,9,0,0,0,0,-1,0,0.0000,-1,12,23,31,0,66,0,0,0,0
184.6239,2,0,9,0,0,0,0,-1,0,0.0000,-1,12,23,31,0,66,0,0,0,0
184.6441,2,0,9,0,0,0,1,216,0,0.0000,-1,12,23,31,0,66,0,0,0,0
184.6643,2,0,9,0,0,0,1,216,0,0.0000,-1,12,23,31,0,66,0,0,0,0
184.6849,2,0,9,0,0,0,1,216,0,0.0000,-1,12,23,31,0,66,0,0,0,0
184.7055,2,0,9,0,0,0,1,216,0,0.0000,-1,12,23,31,0,66,0,0,0,0
184.7261,2,0,9,0,0,0,1,216,1,1.0000,-1,12,23,31,0,66,0,0,0,0
184.7451,2,0,9,0,0,0,1,216,0,1.0000,-1,12,23,31,0,66,0,0,0,0
184.7643,2,0,9,0,0,0,1,216,0,1.0000,-1,12,23,31,0,66,0,0,0,0
184.7843,2,0,9,0,0,0,1,216,0,1.0000,-1,12,23,31,0,66,0,0,0,0
184.8056,2,0,9,0,0,0,1,216,0,1.0000,-1,12,23,31,0,66,0,0,0,0
184.8268,2,0,9,0,0,0,1,216,0,1.0000,-1,12,23,31,0,66,0,0,0,0
184.845,2,0,9,0,0,0,1,216,0,1.0000,-1,12,23,31,0,66,0,0,0,0
184.8651,2,0,9,0,0,0,1,216,0,1.0000,-1,12,23,31,0,66,0,0,0,0
184.8851,2,0,9,0,0,0,1,216,0,1.0000,-1,12,23,31,0,66,0,0,0,0
184.906,2,0,9,0,0,0,1,216,0,1.0000,-1,12,23,31,0,66,0,0,0,0
184.9253,2,0,9,0,0,0,1,216,0,1.0000,-1,12,23,31,0,66,0,0,0,0
184.9461,2,0,9,0,0,0,1,216,0,1.0000,-1,12,23,31,0,66,0,0,0,0
184.9665,2,0,9,0,0,0,1,216,0,1.0000,-1,12,23,31,0,66,0,0,0,0
184.985,2,0,9,0,0,0,1,216,0,1.0000,-1,12,23,31,0,66,0,0,0,0
185.007,2,0,9,0,0,0,1,216,0,1.0000,-1,12,23,31,0,66,0,0,0,0
185.0259,2,0,9,0,0,0,1,216,0,1.0000,-1,12,23,31,0,66,0,0,0,0
185.0459,2,0,9,0,0,0,1,216,0,1.0000,-1,12,23,31,0,66,0,0,0,0
185.0664,2,0,9,0,0,0,1,216,0,1.0000,-1,12,23,31,0,66,0,0,0,0
185.0844,2,0,9,0,0,0,1,216,0,1.0000,-1,12,23,31,0,66,0,0,0,0
185.106,2,0,9,0,0,0,1,216,0,1.0000,-1,12,23,31,0,66,0,0,0,0
185.1262,2,0,9,0,0,0,1,216,0,1.0000,-1,12,23,31,0,66,0,0,0,0
185.1451,2,0,9,0,0,0,1,216,0,1.0000,-1,12,23,31,0,66,0,0,0,0
185.1657,2,0,9,0,0,0,1,216,1,2.0000,-1,12,23,31,0,66,0,0,0,0
185.2034,2,0,9,0,0,0,1,217,0,2.0000,216,12,24,31,0,67,0,0,0,0
185.2166,2,0,9,0,0,0,1,217,0,2.0000,-1,12,24,31,0,67,0,0,0,0
185.2287,2,0,9,0,0,0,1,217,0,2.0000,-1,12,24,31,0,67,0,0,0,0
185.25,2,0,9,0,0,0,1,217,0,2.0000,-1,12,24,31,0,67,0,0,0,0
185.2702,2,0,9,0,0,0,1,217,0,2.0000,-1,12,24,31,0,67,0,0,0,0
185.2902,2,0,9,0,0,0,1,217,0,2.0000,-1,12,24,31,0,67,0,0,0,0
185.3107,2,0,9,0,0,0,1,217,0,2.0000,-1,12,24,31,0,67,0,0,0,0
185.3308,2,0,9,0,0,0,1,217,0,2.0000,-1,12,24,31,0,67,0,0,0,0
185.3504,2,0,9,0,0,0,1,217,0,2.0000,-1,12,24,31,0,67,0,0,0,0
185.3725,2,0,9,0,0,0,1,217,0,2.0000,-1,12,24,31,0,67,0,0,0,0
185.4099,2,0,9,0,0,0,1,217,0,2.0000,-1,12,24,31,0,67,0,0,0,0
185.422,2,0,9,0,0,0,1,217,0,2.0000,-1,12,24,31,0,67,0,0,0,0
185.4357,2,0,9,0,0,0,1,217,0,2.0000,-1,12,24,31,0,67,0,0,0,0
185.4563,2,0,9,0,0,0,1,217,0,2.0000,-1,12,24,31,0,67,0,0,0,0
185.4761,2,0,9,0,0,0,1,217,0,2.0000,-1,12,24,31,0,67,0,0,0,0
185.4957,2,0,9,0,0,0,1,217,0,2.0000,-1,12,24,31,0,67,0,0,0,0
185.5175,2,0,9,0,0,0,1,217,0,2.0000,-1,12,24,31,0,67,0,0,0,0
185.5371,2,0,9,0,0,0,1,217,0,2.0000,-1,12,24,31,0,67,0,0,0,0
185.5565,2,0,9,0,0,0,1,217,0,2.0000,-1,12,24,31,0,67,0,0,0,0
185.5747,2,0,9,0,0,0,1,217,0,2.0000,-1,12,24,31,0,67,0,0,0,0
185.6134,2,0,9,0,0,0,1,217,0,2.0000,-1,12,24,31,0,67,0,0,0,0
185.6248,2,0,9,0,0,0,0,-1,0,2.0000,217,12,25,31,0,68,0,0,0,0
185.6385,2,0,9,0,0,0,0,-1,0,2.0000,-1,12,25,31,0,68,0,0,0,0
185.6594,2,0,9,0,0,0,0,-1,0,2.0000,-1,12,25,31,0,68,0,0,0,0
185.6787,2,0,9,0,0,0,0,-1,1,3.0000,-1,12,25,31,0,68,0,0,0,0
185.6986,2,0,9,0,0,0,0,-1,0,3.0000,-1,12,25,31,0,68,0,0,0,0
185.7174,2,0,9,0,0,0,0,-1,0,3.0000,-1,12,25,31,0,68,0,0,0,0
185.7376,2,0,9,0,0,0,0,-1,0,2.0000,-1,12,25,31,0,68,0,0,0,0
185.7583,2,0,9,0,0,0,0,-1,0,2.0000,-1,12,25,31,0,68,0,0,0,0
185.7769,2,0,9,0,0,0,0,-1,0,2.0000,-1,12,25,31,0,68,0,0,0,0
185.8154,2,0,9,0,0,0,0,-1,0,2.0000,-1,12,25,31,0,68,0,0,0,0
185.8279,2,0,9,0,0,0,0,-1,0,2.0000,-1,12,25,31,0,68,0,0,0,0
185.8397,2,0,9,0,0,0,0,-1,0,2.0000,-1,12,25,31,0,68,0,0,0,0
185.8587,2,0,9,0,0,0,0,-1,0,2.0000,-1,12,25,31,0,68,0,0,0,0
185.8776,2,0,9,0,0,0,0,-1,0,2.0000,-1,12,25,31,0,68,0,0,0,0
185.8972,2,0,9,0,0,0,0,-1,0,2.0000,-1,12,25,31,0,68,0,0,0,0
185.9175,2,0,9,0,0,0,0,-1,0,2.0000,-1,12,25,31,0,68,0,0,0,0
185.9401,2,0,9,0,0,0,0,-1,0,2.0000,-1,12,25,31,0,68,0,0,0,0
185.9597,2,0,9,0,0,0,0,-1,0,2.0000,-1,12,25,31,0,68,0,0,0,0
185.9792,2,0,9,0,0,0,0,-1,0,2.0000,-1,12,25,31,0,68,0,0,0,0
186.0157,2,0,9,0,0,0,0,-1,0,2.0000,-1,12,25,31,0,68,0,0,0,0
186.0289,2,0,9,0,0,0,0,-1,0,2.0000,-1,12,25,31,0,68,0,0,0,0
186.0414,2,0,9,0,0,0,0,-1,0,2.0000,-1,12,25,31,0,68,0,0,0,0
186.0603,2,0,9,0,0,0,0,-1,0,2.0000,-1,12,25,31,0,68,0,0,0,0
186.0796,2,0,9,0,0,0,0,-1,0,2.0000,-1,12,25,31,0,68,0,0,0,0
186.0984,2,0,9,0,0,0,0,-1,0,2.0000,-1,12,25,31,0,68,0,0,0,0
186.1172,2,0,9,0,0,0,0,-1,0,2.0000,-1,12,25,31,0,68,0,0,0,0
186.139,2,0,9,0,0,0,0,-1,0,2.0000,-1,12,25,31,0,68,0,0,0,0
186.1566,2,0,9,0,0,0,0,-1,0,2.0000,-1,12,25,31,0,68,0,0,0,0
186.1781,2,0,9,0,0,0,0,-1,0,1.0000,-1,12,25,31,0,68,0,0,0,0
186.1957,2,0,9,0,0,0,0,-1,0,1.0000,-1,12,25,31,0,68,0,0,0,0
186.2166,2,0,9,0,0,0,0,-1,0,1.0000,-1,12,25,31,0,68,0,0,0,0
186.2346,2,0,9,0,0,0,0,-1,0,1.0000,-1,12,25,31,0,68,0,0,0,0
186.2552,2,0,9,0,0,0,0,-1,0,1.0000,-1,12,25,31,0,68,0,0,0,0
186.2727,2,0,9,0,0,0,0,-1,0,1.0000,-1,12,25,31,0,68,0,0,0,0
186.2951,2,0,9,0,0,0,0,-1,0,1.0000,-1,12,25,31,0,68,0,0,0,0
186.3139,2,0,9,0,0,0,0,-1,0,1.0000,-1,12,25,31,0,68,0,0,0,0
186.3331,2,0,9,0,0,0,0,-1,0,1.0000,-1,12,25,31,0,68,0,0,0,0
186.3518,2,0,9,0,0,0,0,-1,0,1.0000,-1,12,25,31,0,68,0,0,0,0
186.3731,2,0,9,0,0,0,0,-1,0,1.0000,-1,12,25,31,0,68,0,0,0,0
186.3921,2,0,9,0,0,0,0,-1,0,1.0000,-1,12,25,31,0,68,0,0,0,0
186.4125,2,0,9,0,0,0,0,-1,0,1.0000,-1,12,25,31,0,68,0,0,0,0
186.43,2,0,9,0,0,0,0,-1,0,1.0000,-1,12,25,31,0,68,0,0,0,0
186.4503,2,0,9,0,0,0,0,-1,0,1.0000,-1,12,25,31,0,68,0,0,0,0
186.4703,2,0,9,0,0,0,0,-1,0,1.0000,-1,12,25,31,0,68,0,0,0,0
186.49,2,0,9,0,0,0,0,-1,0,1.0000,-1,12,25,31,0,68,0,0,0,0
186.51,2,0,9,0,0,0,0,-1,0,1.0000,-1,12,25,31,0,68,0,0,0,0
186.528,2,0,9,0,0,0,0,-1,0,1.0000,-1,12,25,31,0,68,0,0,0,0
186.5498,2,0,9,0,0,0,0,-1,0,1.0000,-1,12,25,31,0,68,0,0,0,0
186.5674,2,0,9,0,0,0,0,-1,0,1.0000,-1,12,25,31,0,68,0,0,0,0
186.5854,2,0,9,0,0,0,0,-1,0,1.0000,-1,12,25,31,0,68,0,0,0,0
186.6059,2,0,9,0,0,0,0,-1,0,1.0000,-1,12,25,31,0,68,0,0,0,0
186.6266,2,0,9,0,0,0,0,-1,0,1.0000,-1,12,25,31,0,68,0,0,0,0
186.6447,2,0,9,0,0,0,0,-1,0,1.0000,-1,12,25,31,0,68,0,0,0,0
186.6633,2,0,9,0,0,0,0,-1,0,1.0000,-1,12,25,31,0,68,0,0,0,0
186.6848,2,0,9,0,0,0,0,-1,0,0.0000,-1,12,25,31,0,68,0,0,0,0
186.7042,2,0,9,0,0,0,0,-1,0,0.0000,-1,12,25,31,0,68,0,0,0,0
186.7217,2,0,9,0,0,0,0,-1,0,0.0000,-1,12,25,31,0,68,0,0,0,0
186.7405,2,0,9,0,0,0,0,-1,0,0.0000,-1,12,25,31,0,68,0,0,0,0
186.7625,2,0,9,0,0,0,0,-1,0,0.0000,-1,12,25,31,0,68,0,0,0,0
186.7808,2,0,9,0,0,0,0,-1,0,0.0000,-1,12,25,31,0,68,0,0,0,0
186.8,2,0,9,0,0,0,0,-1,0,0.0000,-1,12,25,31,0,68,0,0,0,0
186.8182,2,0,9,0,0,0,0,-1,0,0.0000,-1,12,25,31,0,68,0,0,0,0
186.8406,2,0,9,0,0,0,0,-1,0,0.0000,-1,12,25,31,0,68,0,0,0,0
186.8761,2,0,9,0,0,0,0,-1,0,0.0000,-1,12,25,31,0,68,0,0,0,0
186.888,2,0,9,0,0,0,0,-1,0,0.0000,-1,12,25,31,0,68,0,0,0,0
186.9013,2,0,9,0,0,0,0,-1,0,0.0000,-1,12,25,31,0,68,0,0,0,0
186.9218,2,0,9,0,0,0,0,-1,0,0.0000,-1,12,25,31,0,68,0,0,0,0
186.9403,2,0,9,0,0,0,0,-1,0,0.0000,-1,12,25,31,0,68,0,0,0,0
186.9619,2,0,9,0,0,0,0,-1,0,0.0000,-1,12,25,31,0,68,0,0,0,0
186.981,2,0,9,0,0,0,0,-1,1,1.0000,-1,12,25,31,0,68,0,0,0,0
187.0012,2,0,9,0,0,0,0,-1,0,1.0000,-1,12,25,31,0,68,0,0,0,0
187.0191,2,0,9,0,0,0,0,-1,0,1.0000,-1,12,25,31,0,68,0,0,0,0
187.0411,2,0,9,0,0,0,0,-1,0,1.0000,-1,12,25,31,0,68,0,0,0,0
187.0595,2,0,9,0,0,0,0,-1,0,1.0000,-1,12,25,31,0,68,0,0,0,0
187.0804,2,0,9,0,0,0,0,-1,0,1.0000,-1,12,25,31,0,68,0,0,0,0
187.0969,2,0,9,0,0,0,0,-1,0,1.0000,-1,12,25,31,0,68,0,0,0,0
187.1192,2,0,9,0,0,0,0,-1,0,1.0000,-1,12,25,31,0,68,0,0,0,0
187.1365,2,0,9,0,0,0,0,-1,0,1.0000,-1,12,25,31,0,68,0,0,0,0
187.1567,2,0,9,0,0,0,0,-1,0,1.0000,-1,12,25,31,0,68,0,0,0,0
187.1747,2,0,9,0,0,0,0,-1,0,1.0000,-1,12,25,31,0,68,0,0,0,0
187.1971,2,0,9,0,0,0,0,-1,0,1.0000,-1,12,25,31,0,68,0,0,0,0
187.2167,2,0,9,0,0,0,0,-1,0,1.0000,-1,12,25,31,0,68,0,0,0,0
187.2367,2,0,9,0,0,0,0,-1,0,1.0000,-1,12,25,31,0,68,0,0,0,0
187.2547,2,0,9,0,0,0,0,-1,0,1.0000,-1,12,25,31,0,68,0,0,0,0
187.2925,2,0,9,0,0,0,0,-1,0,1.0000,-1,12,25,31,0,68,0,0,0,0
187.3052,2,0,9,0,0,0,0,-1,0,1.0000,-1,12,25,31,0,68,0,0,0,0
187.318,2,0,9,0,0,0,0,-1,0,1.0000,-1,12,25,31,0,68,0,0,0,0
187.3394,2,0,9,0,0,0,0,-1,0,1.0000,-1,12,25,31,0,68,0,0,0,0
187.3585,2,0,9,0,0,0,0,-1,0,1.0000,-1,12,25,31,0,68,0,0,0,0
187.3776,2,0,9,0,0,0,0,-1,0,1.0000,-1,12,25,31,0,68,0,0,0,0
187.3967,2,0,9,0,0,0,0,-1,0,1.0000,-1,12,25,31,0,68,0,0,0,0
187.4179,2,0,9,0,0,0,0,-1,0,1.0000,-1,12,25,31,0,68,0,0,0,0
187.4383,2,0,9,0,0,0,0,-1,0,1.0000,-1,12,25,31,0,68,0,0,0,0
187.4585,2,0,9,0,0,0,0,-1,0,1.0000,-1,12,25,31,0,68,0,0,0,0
187.4773,2,0,9,0,0,0,0,-1,0,1.0000,-1,12,25,31,0,68,0,0,0,0
187.4964,2,0,9,0,0,0,0,-1,0,1.0000,-1,12,25,31,0,68,0,0,0,0
187.5183,2,0,9,0,0,0,0,-1,0,1.0000,-1,12,25,31,0,68,0,0,0,0
187.5388,2,0,9,0,0,0,0,-1,0,1.0000,-1,12,25,31,0,68,0,0,0,0
187.5607,2,0,9,0,0,0,0,-1,0,1.0000,-1,12,25,31,0,68,0,0,0,0
187.5791,2,0,9,0,0,0,0,-1,0,1.0000,-1,12,25,31,0,68,0,0,0,0
187.5963,2,0,9,0,0,0,0,-1,0,1.0000,-1,12,25,31,0,68,0,0,0,0
187.6169,2,0,9,0,0,0,0,-1,0,1.0000,-1,12,25,31,0,68,0,0,0,0
187.6375,2,0,9,0,0,0,0,-1,0,1.0000,-1,12,25,31,0,68,0,0,0,0
187.6557,2,0,9,0,0,0,0,-1,0,1.0000,-1,12,25,31,0,68,0,0,0,0
187.675,2,0,9,0,0,0,0,-1,0,1.0000,-1,12,25,31,0,68,0,0,0,0
187.6963,2,0,9,0,0,0,0,-1,0,1.0000,-1,12,25,31,0,68,0,0,0,0
187.7168,2,0,9,0,0,0,0,-1,0,1.0000,-1,12,25,31,0,68,0,0,0,0
187.734,2,0,9,0,0,0,0,-1,0,1.0000,-1,12,25,31,0,68,0,0,0,0
187.7523,2,0,9,0,0,0,0,-1,0,1.0000,-1,12,25,31,0,68,0,0,0,0
187.7724,2,0,9,0,0,0,0,-1,0,1.0000,-1,12,25,31,0,68,0,0,0,0
187.7939,2,0,9,0,0,0,0,-1,0,1.0000,-1,12,25,31,0,68,0,0,0,0
187.8122,2,0,9,0,0,0,0,-1,0,1.0000,-1,12,25,31,0,68,0,0,0,0
187.8327,2,0,9,0,0,0,0,-1,0,1.0000,-1,12,25,31,0,68,0,0,0,0
187.8501,2,0,9,0,0,0,0,-1,0,1.0000,-1,12,25,31,0,68,0,0,0,0
187.8732,2,0,9,0,0,0,0,-1,0,1.0000,-1,12,25,31,0,68,0,0,0,0
187.8909,2,0,9,0,0,0,0,-1,0,1.0000,-1,12,25,31,0,68,0,0,0,0
187.911,2,0,9,0,0,0,0,-1,0,1.0000,-1,12,25,31,0,68,0,0,0,0
187.9289,2,0,9,0,0,0,0,-1,0,1.0000,-1,12,25,31,0,68,0,0,0,0
187.951,2,0,9,0,0,0,0,-1,0,1.0000,-1,12,25,31,0,68,0,0,0,0
187.9695,2,0,9,0,0,0,0,-1,0,1.0000,-1,12,25,31,0,68,0,0,0,0
187.9891,2,0,9,0,0,0,0,-1,0,0.0000,-1,12,25,31,0,68,0,0,0,0
188.008,2,0,9,0,0,0,0,-1,0,0.0000,-1,12,25,31,0,68,0,0,0,0
188.0292,2,0,9,0,0,0,0,-1,0,0.0000,-1,12,25,31,0,68,0,0,0,0
188.0499,2,0,9,0,0,0,0,-1,0,0.0000,-1,12,25,31,0,68,0,0,0,0
188.069,2,0,9,0,0,0,0,-1,0,0.0000,-1,12,25,31,0,68,0,0,0,0
188.0863,2,0,9,0,0,0,0,-1,0,0.0000,-1,12,25,31,0,68,0,0,0,0
188.1063,2,0,9,0,0,0,0,-1,0,0.0000,-1,12,25,31,0,68,0,0,0,0
188.127,2,0,9,0,0,0,0,-1,0,0.0000,-1,12,25,31,0,68,0,0,0,0
188.146,2,0,9,0,0,0,0,-1,0,0.0000,-1,12,25,31,0,68,0,0,0,0
188.1653,2,0,9,0,0,0,0,-1,0,0.0000,-1,12,25,31,0,68,0,0,0,0
188.1842,2,0,9,0,0,0,0,-1,0,0.0000,-1,12,25,31,0,68,0,0,0,0
188.2056,2,0,9,0,0,0,0,-1,0,0.0000,-1,12,25,31,0,68,0,0,0,0
188.2228,2,0,9,0,0,0,0,-1,0,0.0000,-1,12,25,31,0,68,0,0,0,0
188.2449,2,0,9,0,0,0,0,-1,0,0.0000,-1,12,25,31,0,68,0,0,0,0
188.2614,2,0,9,0,0,0,0,-1,0,0.0000,-1,12,25,31,0,68,0,0,0,0
188.2819,2,0,9,0,0,0,0,-1,0,0.0000,-1,12,25,31,0,68,0,0,0,0
188.3034,2,0,9,0,0,0,0,-1,0,0.0000,-1,12,25,31,0,68,0,0,0,0
188.3205,2,0,9,0,0,0,0,-1,0,0.0000,-1,12,25,31,0,68,0,0,0,0
188.36,2,0,9,0,0,0,0,-1,0,0.0000,-1,12,25,31,0,68,0,0,0,0
188.3716,2,0,9,0,0,0,0,-1,0,0.0000,-1,12,25,31,0,68,0,0,0,0
188.385,2,0,9,0,0,0,0,-1,0,0.0000,-1,12,25,31,0,68,0,0,0,0
188.4055,2,0,9,0,0,0,0,-1,0,0.0000,-1,12,25,31,0,68,0,0,0,0
188.4261,2,0,9,0,0,0,0,-1,0,0.0000,-1,12,25,31,0,68,0,0,0,0
188.4453,2,0,9,0,0,0,0,-1,0,0.0000,-1,12,25,31,0,68,0,0,0,0
188.4647,2,0,9,0,0,0,0,-1,0,0.0000,-1,12,25,31,0,68,0,0,0,0
188.484,2,0,9,0,0,0,0,-1,0,0.0000,-1,12,25,31,0,68,0,0,0,0
188.5047,2,0,9,0,0,0,0,-1,0,0.0000,-1,12,25,31,0,68,0,0,0,0
188.5257,2,0,9,0,0,0,0,-1,0,0.0000,-1,12,25,31,0,68,0,0,0,0
188.5452,2,0,9,0,0,0,0,-1,0,0.0000,-1,12,25,31,0,68,0,0,0,0
188.5632,2,0,9,0,0,0,0,-1,0,0.0000,-1,12,25,31,0,68,0,0,0,0
188.5838,2,0,9,0,0,0,0,-1,0,0.0000,-1,12,25,31,0,68,0,0,0,0
188.605,2,0,9,0,0,0,0,-1,0,0.0000,-1,12,25,31,0,68,0,0,0,0
188.6247,2,0,9,0,0,0,0,-1,0,0.0000,-1,12,25,31,0,68,0,0,0,0
188.6446,2,0,9,0,0,0,0,-1,0,0.0000,-1,12,25,31,0,68,0,0,0,0
188.6624,2,0,9,0,0,0,0,-1,0,0.0000,-1,12,25,31,0,68,0,0,0,0
188.683,2,0,9,0,0,0,0,-1,0,0.0000,-1,12,25,31,0,68,0,0,0,0
188.7021,2,0,9,0,0,0,0,-1,0,0.0000,-1,12,25,31,0,68,0,0,0,0
188.7225,2,0,9,0,0,0,0,-1,0,0.0000,-1,12,25,31,0,68,0,0,0,0
188.7404,2,0,9,0,0,0,0,-1,0,0.0000,-1,12,25,31,0,68,0,0,0,0
188.7616,2,0,9,0,0,0,0,-1,0,0.0000,-1,12,25,31,0,68,0,0,0,0
188.7819,2,0,9,0,0,0,0,-1,0,0.0000,-1,12,25,31,0,68,0,0,0,0
188.801,2,0,9,0,0,0,0,-1,0,0.0000,-1,12,25,31,0,68,0,0,0,0
188.8192,2,0,9,0,0,0,0,-1,0,0.0000,-1,12,25,31,0,68,0,0,0,0
188.8394,2,0,9,0,0,0,0,-1,0,0.0000,-1,12,25,31,0,68,0,0,0,0
188.8605,2,0,9,0,0,0,0,-1,0,0.0000,-1,12,25,31,0,68,0,0,0,0
188.8792,2,0,9,0,0,0,0,-1,0,0.0000,-1,12,25,31,0,68,0,0,0,0
188.8982,2,0,9,0,0,0,0,-1,0,0.0000,-1,12,25,31,0,68,0,0,0,0
188.918,2,0,9,0,0,0,0,-1,0,0.0000,-1,12,25,31,0,68,0,0,0,0
188.9388,2,0,9,0,0,0,0,-1,0,0.0000,-1,12,25,31,0,68,0,0,0,0
188.9573,2,0,9,0,0,0,0,-1,0,0.0000,-1,12,25,31,0,68,0,0,0,0
188.9953,2,0,9,0,0,0,0,-1,0,0.0000,-1,12,25,31,0,68,0,0,0,0
189.0069,2,0,9,1,0,0,0,-1,0,0.0000,-1,12,25,31,0,68,0,0,0,0
189.0196,2,0,9,1,0,0,0,-1,0,0.0000,-1,12,25,31,0,68,0,0,0,0
189.0387,2,0,9,1,0,0,0,-1,0,0.0000,-1,12,25,31,0,68,0,0,0,0
189.0599,2,0,9,1,0,0,0,-1,0,0.0000,-1,12,25,31,0,68,0,0,0,0
189.0793,2,0,9,1,0,0,0,-1,0,0.0000,-1,12,25,31,0,68,0,0,0,0
189.0992,2,0,9,1,0,0,0,-1,0,0.0000,-1,12,25,31,0,68,0,0,0,0
189.1179,2,0,9,1,0,0,0,-1,0,0.0000,-1,12,25,31,0,68,0,0,0,0
189.1391,2,0,9,1,0,0,0,-1,0,0.0000,-1,12,25,31,0,68,0,0,0,0
189.1584,2,0,9,1,0,0,0,-1,0,0.0000,-1,12,25,31,0,68,0,0,0,0
189.1941,2,0,9,1,0,0,0,-1,0,0.0000,-1,12,25,31,0,68,0,0,0,0
189.2051,2,0,9,1,0,0,1,225,0,0.0000,-1,12,25,31,0,68,0,0,0,0
189.2181,2,0,9,1,0,0,1,225,0,0.0000,-1,12,25,31,0,68,0,0,0,0
189.2382,2,0,9,1,0,0,1,225,0,0.0000,-1,12,25,31,0,68,0,0,0,0
189.2572,2,0,9,1,0,0,1,225,0,0.0000,-1,12,25,31,0,68,0,0,0,0
189.2775,2,0,9,1,0,0,1,225,0,0.0000,-1,12,25,31,0,68,0,0,0,0
189.296,2,0,9,1,0,0,1,225,0,0.0000,-1,12,25,31,0,68,0,0,0,0
189.317,2,0,9,1,0,0,1,225,0,0.0000,-1,12,25,31,0,68,0,0,0,0
189.3371,2,0,9,1,0,0,1,225,0,0.0000,-1,12,25,31,0,68,0,0,0,0
189.3572,2,0,9,1,0,0,1,225,0,0.0000,-1,12,25,31,0,68,0,0,0,0
189.3771,2,0,9,1,0,0,1,225,0,0.0000,-1,12,25,31,0,68,0,0,0,0
189.3954,2,0,9,1,0,0,1,225,0,0.0000,-1,12,25,31,0,68,0,0,0,0
189.4159,2,0,9,1,0,0,1,225,0,0.0000,-1,12,25,31,0,68,0,0,0,0
189.4366,2,0,9,1,0,0,1,225,0,0.0000,-1,12,25,31,0,68,0,0,0,0
189.4589,2,0,9,1,0,0,1,225,0,0.0000,-1,12,25,31,0,68,0,0,0,0
189.4802,2,0,9,1,0,0,1,225,0,0.0000,-1,12,25,31,0,68,0,0,0,0
189.5037,2,0,9,1,0,0,1,225,0,0.0000,-1,12,25,31,0,68,0,0,0,0
189.5247,2,0,9,0,0,0,1,225,0,0.0000,-1,12,25,31,0,68,0,0,0,0
189.5471,2,0,9,0,0,0,1,225,0,0.0000,-1,12,25,31,0,68,0,0,0,0
189.5681,2,0,9,0,0,0,1,225,0,0.0000,-1,12,25,31,0,68,0,0,0,0
189.5898,2,0,9,0,0,0,1,225,0,0.0000,-1,12,25,31,0,68,0,0,0,0
189.63,2,0,9,0,0,0,1,225,0,0.0000,-1,12,25,31,0,68,0,0,0,0
189.6421,2,0,9,0,1,0,0,-1,0,0.0000,225,12,26,31,0,69,0,0,0,0
189.6566,2,0,9,0,1,0,0,-1,0,0.0000,-1,12,26,31,0,69,0,0,0,0
189.6746,2,0,9,0,1,0,0,-1,0,0.0000,-1,12,26,31,0,69,0,0,0,0
189.6956,2,0,9,0,1,0,0,-1,1,1.0000,-1,12,26,31,0,69,0,0,0,0
189.7155,2,0,9,0,1,0,0,-1,0,1.0000,-1,12,26,31,0,69,0,0,0,0
189.7363,2,0,9,0,1,0,0,-1,0,1.0000,-1,12,26,31,0,69,0,0,0,0
189.7559,2,0,9,0,1,0,0,-1,0,1.0000,-1,12,26,31,0,69,0,0,0,0
189.7777,2,0,9,0,1,0,0,-1,0,1.0000,-1,12,26,31,0,69,0,0,0,0
189.7982,2,0,9,0,1,0,0,-1,0,1.0000,-1,12,26,31,0,69,0,0,0,0
189.8371,2,0,9,0,1,0,0,-1,0,1.0000,-1,12,26,31,0,69,0,0,0,0
189.8489,2,0,9,0,1,0,0,-1,0,1.0000,-1,12,26,31,0,69,0,0,0,0
189.8631,2,0,9,0,1,0,0,-1,0,1.0000,-1,12,26,31,0,69,0,0,0,0
189.8847,2,0,9,0,1,0,0,-1,0,1.0000,-1,12,26,31,0,69,0,0,0,0
189.9056,2,0,9,0,1,0,0,-1,0,1.0000,-1,12,26,31,0,69,0,0,0,0
189.9262,2,0,9,0,1,0,0,-1,0,1.0000,-1,12,26,31,0,69,0,0,0,0
189.9472,2,0,9,0,1,0,0,-1,0,1.0000,-1,12,26,31,0,69,0,0,0,0
189.9688,2,0,9,0,1,0,0,-1,0,1.0000,-1,12,26,31,0,69,0,0,0,0
189.9892,2,0,9,0,1,0,0,-1,0,1.0000,-1,12,26,31,0,69,0,0,0,0
190.0087,2,0,9,0,1,0,0,-1,0,1.0000,-1,12,26,31,0,69,0,0,0,0
190.0309,2,0,9,0,1,0,0,-1,0,1.0000,-1,12,26,31,0,69,0,0,0,0
190.0524,2,0,9,0,1,0,0,-1,0,1.0000,-1,12,26,31,0,69,0,0,0,0
190.0724,2,0,9,0,1,0,0,-1,0,1.0000,-1,12,26,31,0,69,0,0,0,0
190.093,2,0,9,0,1,0,0,-1,0,1.0000,-1,12,26,31,0,69,0,0,0,0
190.114,2,0,9,0,1,0,0,-1,0,1.0000,-1,12,26,31,0,69,0,0,0,0
190.1341,2,0,9,0,1,0,0,-1,0,1.0000,-1,12,26,31,0,69,0,0,0,0
190.1542,2,0,9,0,1,0,0,-1,1,2.0000,-1,12,26,31,0,69,0,0,0,0
190.1764,2,0,9,0,1,0,0,-1,0,2.0000,-1,12,26,31,0,69,0,0,0,0
190.2003,2,0,9,0,1,0,0,-1,0,2.0000,-1,12,26,31,0,69,0,0,0,0
190.2177,3,1,10,0,0,0,0,-1,0,2.0000,-1,12,26,31,0,69,0,0,0,0
190.2385,3,0,10,0,0,0,0,-1,0,2.0000,-1,12,26,31,0,69,0,0,0,0
190.2589,3,0,10,0,0,0,0,-1,0,2.0000,-1,12,26,31,0,69,0,0,0,0
190.2797,3,0,10,0,0,0,0,-1,0,2.0000,-1,12,26,31,0,69,0,0,0,0
190.2995,3,0,10,0,0,0,0,-1,0,2.0000,-1,12,26,31,0,69,0,0,0,0
190.3204,3,0,10,0,0,0,0,-1,0,2.0000,-1,12,26,31,0,69,0,0,0,0
190.3412,3,0,10,0,0,0,0,-1,0,2.0000,-1,12,26,31,0,69,0,0,0,0
190.3617,3,0,10,0,0,0,0,-1,0,2.0000,-1,12,26,31,0,69,0,0,0,0
190.3808,3,0,10,0,0,0,0,-1,0,2.0000,-1,12,26,31,0,69,0,0,0,0
190.401,3,0,10,0,0,0,0,-1,0,2.0000,-1,12,26,31,0,69,0,0,0,0
190.4237,3,0,10,0,0,0,0,-1,0,2.0000,-1,12,26,31,0,69,0,0,0,0
190.4634,3,0,10,0,0,0,0,-1,0,2.0000,-1,12,26,31,0,69,0,0,0,0
190.4765,3,0,10,0,0,0,0,-1,0,2.0000,-1,12,26,31,0,69,0,0,0,0
190.489,3,0,10,0,0,0,0,-1,0,2.0000,-1,12,26,31,0,69,0,0,0,0
190.5092,3,0,10,0,0,0,0,-1,0,2.0000,-1,12,26,31,0,69,0,0,0,0
190.5309,3,0,10,0,0,0,0,-1,0,2.0000,-1,12,26,31,0,69,0,0,0,0
190.5517,3,0,10,0,0,0,0,-1,0,2.0000,-1,12,26,31,0,69,0,0,0,0
190.5712,3,0,10,0,0,0,0,-1,0,2.0000,-1,12,26,31,0,69,0,0,0,0
190.5914,3,0,10,0,0,0,0,-1,0,2.0000,-1,12,26,31,0,69,0,0,0,0
190.6105,3,0,10,0,0,0,0,-1,0,2.0000,-1,12,26,31,0,69,0,0,0,0
190.6311,3,0,10,0,0,0,0,-1,0,2.0000,-1,12,26,31,0,69,0,0,0,0
190.6722,3,0,10,0,0,0,0,-1,0,2.0000,-1,12,26,31,0,69,0,0,0,0
190.6857,3,0,10,0,0,0,0,-1,0,2.0000,-1,12,26,31,0,69,0,0,0,0
190.6988,3,0,10,0,0,0,0,-1,0,1.0000,-1,12,26,31,0,69,0,0,0,0
190.719,3,0,10,0,0,0,0,-1,0,1.0000,-1,12,26,31,0,69,0,0,0,0
190.7399,3,0,10,0,0,0,0,-1,0,1.0000,-1,12,26,31,0,69,0,0,0,0
190.7602,3,0,10,0,0,0,0,-1,0,1.0000,-1,12,26,31,0,69,0,0,0,0
190.7799,3,0,10,0,0,0,0,-1,0,1.0000,-1,12,26,31,0,69,0,0,0,0
190.8006,3,0,10,0,0,0,0,-1,0,1.0000,-1,12,26,31,0,69,0,0,0,0
190.8201,3,0,10,0,0,0,0,-1,0,1.0000,-1,12,26,31,0,69,0,0,0,0
190.8418,3,0,10,0,0,0,0,-1,0,1.0000,-1,12,26,31,0,69,0,0,0,0
190.8624,3,0,10,0,0,0,0,-1,0,1.0000,-1,12,26,31,0,69,0,0,0,0
190.8819,3,0,10,0,0,0,0,-1,0,1.0000,-1,12,26,31,0,69,0,0,0,0
190.9043,3,0,10,0,0,0,0,-1,0,1.0000,-1,12,26,31,0,69,0,0,0,0
190.9227,3,0,10,0,0,0,0,-1,0,1.0000,-1,12,26,31,0,69,0,0,0,0
190.9431,3,0,10,0,0,0,0,-1,0,1.0000,-1,12,26,31,0,69,0,0,0,0
190.9643,3,0,10,0,0,0,0,-1,0,1.0000,-1,12,26,31,0,69,0,0,0,0
190.9846,3,0,10,0,0,0,0,-1,0,1.0000,-1,12,26,31,0,69,0,0,0,0
191.0056,3,0,10,0,0,0,0,-1,0,1.0000,-1,12,26,31,0,69,0,0,0,0
191.0248,3,0,10,0,0,0,0,-1,0,1.0000,-1,12,26,31,0,69,0,0,0,0
191.0484,3,0,10,0,0,0,0,-1,0,1.0000,-1,12,26,31,0,69,0,0,0,0
191.0667,3,0,10,0,0,0,0,-1,0,1.0000,-1,12,26,31,0,69,0,0,0,0
191.0874,3,0,10,0,0,0,0,-1,0,1.0000,-1,12,26,31,0,69,0,0,0,0
191.1087,3,0,10,0,0,0,0,-1,0,1.0000,-1,12,26,31,0,69,0,0,0,0
191.1286,3,0,10,0,0,0,0,-1,0,1.0000,-1,12,26,31,0,69,0,0,0,0
191.1492,3,0,10,0,0,0,0,-1,0,1.0000,-1,12,26,31,0,69,0,0,0,0
191.1695,3,0,10,0,0,0,0,-1,0,0.0000,-1,12,26,31,0,69,0,0,0,0
191.1898,3,0,10,0,0,0,0,-1,0,0.0000,-1,12,26,31,0,69,0,0,0,0
191.2107,3,0,10,0,0,0,0,-1,1,1.0000,-1,12,26,31,0,69,0,0,0,0
191.2322,3,0,10,0,0,0,0,-1,0,1.0000,-1,12,26,31,0,69,0,0,0,0
191.2531,3,0,10,0,0,0,0,-1,0,1.0000,-1,12,26,31,0,69,0,0,0,0
191.2725,3,0,10,0,0,0,0,-1,0,1.0000,-1,12,26,31,0,69,0,0,0,0
191.2924,3,0,10,0,0,0,0,-1,0,1.0000,-1,12,26,31,0,69,0,0,0,0
191.3139,3,0,10,0,0,0,0,-1,0,1.0000,-1,12,26,31,0,69,0,0,0,0
191.3336,3,0,10,0,0,0,0,-1,0,1.0000,-1,12,26,31,0,69,0,0,0,0
191.355,3,0,10,0,0,0,0,-1,0,1.0000,-1,12,26,31,0,69,0,0,0,0
191.3754,3,0,10,0,0,0,0,-1,0,1.0000,-1,12,26,31,0,69,0,0,0,0
191.3961,3,0,10,0,0,0,0,-1,0,1.0000,-1,12,26,31,0,69,0,0,0,0
191.4174,3,0,10,0,0,0,0,-1,0,1.0000,-1,12,26,31,0,69,0,0,0,0
191.4384,3,0,10,0,0,0,0,-1,0,1.0000,-1,12,26,31,0,69,0,0,0,0
191.4601,3,0,10,0,0,0,0,-1,0,1.0000,-1,12,26,31,0,69,0,0,0,0
191.4985,3,0,10,0,0,0,0,-1,0,1.0000,-1,12,26,31,0,69,0,0,0,0
191.5108,3,0,10,0,0,0,0,-1,0,1.0000,-1,12,26,31,0,69,0,0,0,0
191.5243,3,0,10,0,0,0,0,-1,0,1.0000,-1,12,26,31,0,69,0,0,0,0
191.5429,3,0,10,0,0,0,0,-1,0,1.0000,-1,12,26,31,0,69,0,0,0,0
191.564,3,0,10,0,0,0,0,-1,0,1.0000,-1,12,26,31,0,69,0,0,0,0
191.5842,3,0,10,0,0,0,0,-1,0,1.0000,-1,12,26,31,0,69,0,0,0,0
191.6055,3,0,10,0,0,0,0,-1,0,1.0000,-1,12,26,31,0,69,0,0,0,0
191.6252,3,0,10,0,0,0,0,-1,0,1.0000,-1,12,26,31,0,69,0,0,0,0
191.6447,3,0,10,0,0,0,0,-1,0,1.0000,-1,12,26,31,0,69,0,0,0,0
191.6653,3,0,10,0,0,0,0,-1,0,1.0000,-1,12,26,31,0,69,0,0,0,0
191.687,3,0,10,0,0,0,0,-1,0,1.0000,-1,12,26,31,0,69,0,0,0,0
191.7066,3,0,10,0,0,0,0,-1,0,1.0000,-1,12,26,31,0,69,0,0,0,0
191.7262,3,0,10,0,0,0,0,-1,0,1.0000,-1,12,26,31,0,69,0,0,0,0
191.7468,3,0,10,0,0,0,0,-1,0,1.0000,-1,12,26,31,0,69,0,0,0,0
191.7659,3,0,10,0,0,0,0,-1,0,1.0000,-1,12,26,31,0,69,0,0,0,0
191.7873,3,0,10,0,0,0,0,-1,0,1.0000,-1,12,26,31,0,69,0,0,0,0
191.8054,3,0,10,0,0,0,0,-1,0,1.0000,-1,12,26,31,0,69,0,0,0,0
191.8251,3,0,10,0,0,0,0,-1,0,1.0000,-1,12,26,31,0,69,0,0,0,0
191.8452,3,0,10,0,0,0,0,-1,0,1.0000,-1,12,26,31,0,69,0,0,0,0
191.8666,3,0,10,0,0,0,0,-1,1,2.0000,-1,12,26,31,0,69,0,0,0,0
191.8859,3,0,10,0,0,0,0,-1,0,2.0000,-1,12,26,31,0,69,0,0,0,0
191.9073,3,0,10,0,0,0,0,-1,0,2.0000,-1,12,26,31,0,69,0,0,0,0
191.9265,3,0,10,0,0,0,0,-1,0,2.0000,-1,12,26,31,0,69,0,0,0,0
191.9471,3,0,10,0,0,0,0,-1,0,2.0000,-1,12,26,31,0,69,0,0,0,0
191.9675,3,0,10,0,0,0,0,-1,0,2.0000,-1,12,26,31,0,69,0,0,0,0
191.9872,3,0,10,0,0,0,0,-1,0,2.0000,-1,12,26,31,0,69,0,0,0,0
192.0084,3,0,10,0,0,0,0,-1,0,2.0000,-1,12,26,31,0,69,0,0,0,0
192.0287,3,0,10,0,0,0,0,-1,0,2.0000,-1,12,26,31,0,69,0,0,0,0
192.0484,3,0,10,0,0,0,0,-1,0,2.0000,-1,12,26,31,0,69,0,0,0,0
192.0706,3,0,10,0,0,0,0,-1,0,2.0000,-1,12,26,31,0,69,0,0,0,0
192.0899,3,0,10,0,0,0,0,-1,0,2.0000,-1,12,26,31,0,69,0,0,0,0
192.1104,3,0,10,0,0,0,0,-1,0,2.0000,-1,12,26,31,0,69,0,0,0,0
192.1311,3,0,10,0,0,0,0,-1,0,2.0000,-1,12,26,31,0,69,0,0,0,0
192.1518,3,0,10,0,0,0,0,-1,0,2.0000,-1,12,26,31,0,69,0,0,0,0
192.1726,3,0,10,1,0,0,0,-1,0,2.0000,-1,12,26,31,0,69,0,0,0,0
192.1927,3,0,10,1,0,0,0,-1,0,2.0000,-1,12,26,31,0,69,0,0,0,0
192.2135,3,0,10,1,0,0,0,-1,0,1.0000,-1,12,26,31,0,69,0,0,0,0
192.2352,3,0,10,1,0,0,0,-1,0,1.0000,-1,12,26,31,0,69,0,0,0,0
192.2535,3,0,10,1,0,0,0,-1,0,1.0000,-1,12,26,31,0,69,0,0,0,0
192.2755,3,0,10,1,0,0,0,-1,0,1.0000,-1,12,26,31,0,69,0,0,0,0
192.314,3,0,10,1,0,0,0,-1,1,2.0000,-1,12,26,31,0,69,0,0,0,0
192.3256,3,0,10,1,0,0,0,-1,0,2.0000,-1,12,26,31,0,69,0,0,0,0
192.3396,3,0,10,1,0,0,0,-1,0,2.0000,-1,12,26,31,0,69,0,0,0,0
192.3626,3,0,10,1,0,0,0,-1,0,2.0000,-1,12,26,31,0,69,0,0,0,0
192.3825,3,0,10,1,0,0,0,-1,0,2.0000,-1,12,26,31,0,69,0,0,0,0
192.4046,3,0,10,1,0,0,1,230,0,2.0000,-1,12,26,31,0,69,0,0,0,0
192.4231,3,0,10,1,0,0,1,230,0,2.0000,-1,12,26,31,0,69,0,0,0,0
192.4441,3,0,10,1,0,0,1,230,0,2.0000,-1,12,26,31,0,69,0,0,0,0
192.4641,3,0,10,1,0,0,1,230,0,2.0000,-1,12,26,31,0,69,0,0,0,0
192.4852,3,0,10,1,0,0,1,230,0,2.0000,-1,12,26,31,0,69,0,0,0,0
192.5261,3,0,10,1,0,0,1,230,0,2.0000,-1,12,26,31,0,69,0,0,0,0
192.5394,3,0,10,1,0,0,1,230,0,2.0000,-1,12,26,31,0,69,0,0,0,0
192.5538,3,0,10,1,0,0,1,230,0,2.0000,-1,12,26,31,0,69,0,0,0,0
192.576,3,0,10,1,0,0,1,230,0,2.0000,-1,12,26,31,0,69,0,0,0,0
192.5982,3,0,10,1,0,0,1,230,0,2.0000,-1,12,26,31,0,69,0,0,0,0
192.6208,3,0,10,1,0,0,1,231,0,2.0000,230,12,26,32,0,70,0,0,0,0
192.6448,3,0,10,1,0,0,1,231,0,2.0000,-1,12,26,32,0,70,0,0,0,0
192.6672,3,0,10,1,0,0,1,231,0,2.0000,-1,12,26,32,0,70,0,0,0,0
192.6904,3,0,10,1,0,0,1,231,0,2.0000,-1,12,26,32,0,70,0,0,0,0
192.7355,3,0,10,1,0,0,1,231,0,2.0000,-1,12,26,32,0,70,0,0,0,0
192.7472,3,0,10,1,0,0,1,231,0,2.0000,-1,12,26,32,0,70,0,0,0,0
192.7643,3,0,10,1,0,0,1,232,1,3.0000,-1,12,26,32,0,70,0,0,0,0
192.7857,3,0,10,1,0,0,1,232,0,3.0000,-1,12,26,32,0,70,0,0,0,0
192.8083,3,0,10,1,0,0,1,232,0,3.0000,-1,12,26,32,0,70,0,0,0,0
192.8298,3,0,10,1,0,0,1,232,0,3.0000,-1,12,26,32,0,70,0,0,0,0
192.8517,3,0,10,0,0,0,1,232,0,3.0000,-1,12,26,32,0,70,0,0,0,0
192.8745,3,0,10,0,0,0,1,232,0,2.0000,231,12,26,33,0,71,0,0,0,0
192.8958,3,0,10,0,0,0,1,232,0,2.0000,-1,12,26,33,0,71,0,0,0,0
192.9355,3,0,10,0,1,0,1,232,0,2.0000,-1,12,26,33,0,71,0,0,0,0
192.9475,3,0,10,0,1,0,1,232,1,3.0000,-1,12,26,33,0,71,0,0,0,0
192.9614,3,0,10,0,1,0,1,232,0,3.0000,-1,12,26,33,0,71,0,0,0,0
192.982,3,0,10,0,1,0,1,232,0,3.0000,-1,12,26,33,0,71,0,0,0,0
193.0021,3,0,10,0,1,0,1,232,0,3.0000,-1,12,26,33,0,71,0,0,0,0
193.0222,3,0,10,0,1,0,1,232,0,3.0000,-1,12,26,33,0,71,0,0,0,0
193.0433,3,0,10,0,1,0,1,232,0,3.0000,-1,12,26,33,0,71,0,0,0,0
193.0624,3,0,10,0,1,0,0,-1,0,3.0000,232,12,26,34,0,72,0,0,0,0
193.0847,3,0,10,0,1,0,0,-1,0,3.0000,-1,12,26,34,0,72,0,0,0,0
193.1034,3,0,10,0,1,0,0,-1,0,3.0000,-1,12,26,34,0,72,0,0,0,0
193.1407,3,0,10,0,1,0,0,-1,0,3.0000,-1,12,26,34,0,72,0,0,0,0
193.1534,3,0,10,0,1,0,0,-1,0,3.0000,-1,12,26,34,0,72,0,0,0,0
193.1653,3,0,10,0,1,0,0,-1,0,3.0000,-1,12,26,34,0,72,0,0,0,0
193.1858,3,0,10,0,1,0,0,-1,0,3.0000,-1,12,26,34,0,72,0,0,0,0
193.2045,3,0,10,0,1,0,0,-1,0,3.0000,-1,12,26,34,0,72,0,0,0,0
193.2258,3,0,10,0,1,0,0,-1,0,3.0000,-1,12,26,34,0,72,0,0,0,0
193.2443,3,0,10,0,1,0,0,-1,0,3.0000,-1,12,26,34,0,72,0,0,0,0
193.2651,3,0,10,0,1,0,0,-1,0,3.0000,-1,12,26,34,0,72,0,0,0,0
193.2833,3,0,10,0,1,0,0,-1,0,3.0000,-1,12,26,34,0,72,0,0,0,0
193.3024,3,0,10,0,1,0,0,-1,0,3.0000,-1,12,26,34,0,72,0,0,0,0
193.3218,3,0,10,0,1,0,0,-1,0,2.0000,-1,12,26,34,0,72,0,0,0,0
193.3413,3,0,10,0,1,0,0,-1,0,2.0000,-1,12,26,34,0,72,0,0,0,0
193.3618,3,0,10,0,1,0,0,-1,0,2.0000,-1,12,26,34,0,72,0,0,0,0
193.3812,3,0,10,0,1,0,0,-1,0,2.0000,-1,12,26,34,0,72,0,0,0,0
193.4002,3,0,10,0,1,0,0,-1,1,3.0000,-1,12,26,34,0,72,0,0,0,0
193.4214,3,0,10,0,1,0,0,-1,0,3.0000,-1,12,26,34,0,72,0,0,0,0
193.4405,3,0,10,0,1,0,0,-1,0,3.0000,-1,12,26,34,0,72,0,0,0,0
193.4595,3,0,10,0,1,0,0,-1,0,3.0000,-1,12,26,34,0,72,0,0,0,0
193.478,3,0,10,0,1,0,0,-1,0,3.0000,-1,12,26,34,0,72,0,0,0,0
193.4967,3,0,10,0,1,0,0,-1,0,3.0000,-1,12,26,34,0,72,0,0,0,0
193.5175,3,0,10,0,1,0,0,-1,0,3.0000,-1,12,26,34,0,72,0,0,0,0
193.5369,3,0,10,0,1,0,0,-1,0,3.0000,-1,12,26,34,0,72,0,0,0,0
193.5565,3,0,10,0,1,0,0,-1,0,3.0000,-1,12,26,34,0,72,0,0,0,0
193.5767,3,0,10,0,1,0,0,-1,0,3.0000,-1,12,26,34,0,72,0,0,0,0
193.5957,3,0,10,0,1,0,0,-1,0,3.0000,-1,12,26,34,0,72,0,0,0,0
193.6144,3,0,10,0,1,0,0,-1,0,3.0000,-1,12,26,34,0,72,0,0,0,0
193.6346,3,0,10,0,1,0,0,-1,0,3.0000,-1,12,26,34,0,72,0,0,0,0
193.6521,3,0,10,0,1,0,0,-1,0,3.0000,-1,12,26,34,0,72,0,0,0,0
193.6738,3,0,10,0,1,0,0,-1,1,4.0000,-1,12,26,34,0,72,0,0,0,0
193.694,3,0,10,0,1,0,0,-1,0,4.0000,-1,12,26,34,0,72,0,0,0,0
193.7111,3,0,10,0,1,0,0,-1,0,4.0000,-1,12,26,34,0,72,0,0,0,0
193.7309,3,0,10,0,1,0,0,-1,0,4.0000,-1,12,26,34,0,72,0,0,0,0
193.7512,3,0,10,0,1,0,0,-1,0,4.0000,-1,12,26,34,0,72,0,0,0,0
193.7716,3,0,10,0,1,0,0,-1,0,3.0000,-1,12,26,34,0,72,0,0,0,0
193.7913,3,0,10,0,1,0,0,-1,0,3.0000,-1,12,26,34,0,72,0,0,0,0
193.812,3,0,10,0,0,0,0,-1,0,3.0000,-1,12,26,34,0,72,0,0,0,0
193.8304,3,0,10,0,0,0,0,-1,0,3.0000,-1,12,26,34,0,72,0,0,0,0
193.8509,3,0,10,0,0,0,0,-1,0,3.0000,-1,12,26,34,0,72,0,0,0,0
193.8707,3,0,10,0,0,0,0,-1,0,3.0000,-1,12,26,34,0,72,0,0,0,0
193.8899,3,0,10,0,0,0,0,-1,0,3.0000,-1,12,26,34,0,72,0,0,0,0
193.9084,3,0,10,0,0,0,0,-1,0,3.0000,-1,12,26,34,0,72,0,0,0,0
193.9296,3,0,10,0,0,0,0,-1,0,3.0000,-1,12,26,34,0,72,0,0,0,0
193.9487,3,0,10,0,0,0,0,-1,0,2.0000,-1,12,26,34,0,72,0,0,0,0
193.9685,3,0,10,0,0,0,0,-1,0,2.0000,-1,12,26,34,0,72,0,0,0,0
194.0048,3,0,10,0,0,0,0,-1,0,2.0000,-1,12,26,34,0,72,0,0,0,0
194.0192,3,0,10,0,0,0,0,-1,0,2.0000,-1,12,26,34,0,72,0,0,0,0
194.031,3,0,10,0,0,0,0,-1,0,2.0000,-1,12,26,34,0,72,0,0,0,0
194.0492,3,0,10,0,0,0,0,-1,1,3.0000,-1,12,26,34,0,72,0,0,0,0
194.0691,3,0,10,0,0,0,0,-1,0,3.0000,-1,12,26,34,0,72,0,0,0,0
194.0881,3,0,10,0,0,0,0,-1,0,3.0000,-1,12,26,34,0,72,0,0,0,0
194.1076,3,0,10,0,0,0,0,-1,0,3.0000,-1,12,26,34,0,72,0,0,0,0
194.128,3,0,10,0,0,0,0,-1,0,3.0000,-1,12,26,34,0,72,0,0,0,0
194.1468,3,0,10,0,0,0,0,-1,0,3.0000,-1,12,26,34,0,72,0,0,0,0
194.1667,3,0,10,0,0,0,0,-1,0,3.0000,-1,12,26,34,0,72,0,0,0,0
194.1844,3,0,10,0,0,0,0,-1,0,3.0000,-1,12,26,34,0,72,0,0,0,0
194.2229,3,0,10,0,0,0,0,-1,0,3.0000,-1,12,26,34,0,72,0,0,0,0
194.2346,3,0,10,0,0,0,0,-1,0,3.0000,-1,12,26,34,0,72,0,0,0,0
194.2475,3,0,10,0,0,0,0,-1,0,3.0000,-1,12,26,34,0,72,0,0,0,0
194.2674,3,0,10,0,0,0,0,-1,0,3.0000,-1,12,26,34,0,72,0,0,0,0
194.2871,3,0,10,0,0,0,0,-1,0,3.0000,-1,12,26,34,0,72,0,0,0,0
194.3064,3,0,10,0,0,0,0,-1,0,3.0000,-1,12,26,34,0,72,0,0,0,0
194.327,3,0,10,0,0,0,0,-1,0,3.0000,-1,12,26,34,0,72,0,0,0,0
194.3452,3,0,10,0,0,0,0,-1,0,3.0000,-1,12,26,34,0,72,0,0,0,0
194.3653,3,0,10,0,0,0,0,-1,0,3.0000,-1,12,26,34,0,72,0,0,0,0
194.3839,3,0,10,0,0,0,0,-1,0,3.0000,-1,12,26,34,0,72,0,0,0,0
194.4041,3,0,10,0,0,0,0,-1,0,2.0000,-1,12,26,34,0,72,0,0,0,0
194.4413,3,0,10,0,0,0,0,-1,0,2.0000,-1,12,26,34,0,72,0,0,0,0
194.4518,3,0,10,0,0,0,0,-1,0,2.0000,-1,12,26,34,0,72,0,0,0,0
194.4661,3,0,10,0,0,0,0,-1,0,2.0000,-1,12,26,34,0,72,0,0,0,0
194.4869,3,0,10,0,0,0,0,-1,0,2.0000,-1,12,26,34,0,72,0,0,0,0
194.506,3,0,10,0,0,0,0,-1,0,2.0000,-1,12,26,34,0,72,0,0,0,0
194.5271,3,0,10,0,0,0,0,-1,0,2.0000,-1,12,26,34,0,72,0,0,0,0
194.5472,3,0,10,0,0,0,0,-1,0,2.0000,-1,12,26,34,0,72,0,0,0,0
194.567,3,0,10,0,0,0,0,-1,0,2.0000,-1,12,26,34,0,72,0,0,0,0
194.5881,3,0,10,0,0,0,0,-1,0,2.0000,-1,12,26,34,0,72,0,0,0,0
194.6074,3,0,10,0,0,0,0,-1,0,2.0000,-1,12,26,34,0,72,0,0,0,0
194.6457,3,0,10,0,0,0,0,-1,1,3.0000,-1,12,26,34,0,72,0,0,0,0
194.6567,3,0,10,0,0,0,0,-1,0,3.0000,-1,12,26,34,0,72,0,0,0,0
194.6714,3,0,10,0,0,0,0,-1,0,3.0000,-1,12,26,34,0,72,0,0,0,0
194.6918,3,0,10,0,0,0,0,-1,0,2.0000,-1,12,26,34,0,72,0,0,0,0
194.7119,3,0,10,0,0,0,0,-1,0,2.0000,-1,12,26,34,0,72,0,0,0,0
194.7305,3,0,10,0,0,0,0,-1,0,2.0000,-1,12,26,34,0,72,0,0,0,0
194.7507,3,0,10,0,0,0,0,-1,0,2.0000,-1,12,26,34,0,72,0,0,0,0
194.7718,3,0,10,0,0,0,0,-1,0,2.0000,-1,12,26,34,0,72,0,0,0,0
194.7919,3,0,10,0,0,0,0,-1,0,2.0000,-1,12,26,34,0,72,0,0,0,0
194.8118,3,0,10,0,0,0,0,-1,0,2.0000,-1,12,26,34,0,72,0,0,0,0
194.8302,3,0,10,0,0,0,0,-1,0,2.0000,-1,12,26,34,0,72,0,0,0,0
194.851,3,0,10,0,0,0,0,-1,0,2.0000,-1,12,26,34,0,72,0,0,0,0
194.871,3,0,10,0,0,0,0,-1,0,2.0000,-1,12,26,34,0,72,0,0,0,0
194.8898,3,0,10,0,0,0,0,-1,0,2.0000,-1,12,26,34,0,72,0,0,0,0
194.9113,3,0,10,0,0,0,0,-1,0,2.0000,-1,12,26,34,0,72,0,0,0,0
194.9302,3,0,10,0,0,0,0,-1,0,2.0000,-1,12,26,34,0,72,0,0,0,0
194.9503,3,0,10,0,0,0,0,-1,0,2.0000,-1,12,26,34,0,72,0,0,0,0
194.9699,3,0,10,0,0,0,0,-1,0,2.0000,-1,12,26,34,0,72,0,0,0,0
194.9892,3,0,10,0,0,0,0,-1,0,2.0000,-1,12,26,34,0,72,0,0,0,0
195.0081,3,0,10,0,0,0,0,-1,0,2.0000,-1,12,26,34,0,72,0,0,0,0
195.0287,3,0,10,0,0,0,0,-1,0,2.0000,-1,12,26,34,0,72,0,0,0,0
195.0495,3,0,10,0,0,0,0,-1,0,1.0000,-1,12,26,34,0,72,0,0,0,0
195.069,3,0,10,0,0,0,0,-1,0,1.0000,-1,12,26,34,0,72,0,0,0,0
195.0874,3,0,10,0,0,0,0,-1,0,1.0000,-1,12,26,34,0,72,0,0,0,0
195.1077,3,0,10,0,0,0,0,-1,0,1.0000,-1,12,26,34,0,72,0,0,0,0
195.1285,3,0,10,0,0,0,0,-1,0,1.0000,-1,12,26,34,0,72,0,0,0,0
195.1485,3,0,10,0,0,0,0,-1,0,1.0000,-1,12,26,34,0,72,0,0,0,0
195.1666,3,0,10,0,0,0,0,-1,0,1.0000,-1,12,26,34,0,72,0,0,0,0
195.1861,3,0,10,0,0,0,0,-1,0,1.0000,-1,12,26,34,0,72,0,0,0,0
195.207,3,0,10,0,0,0,0,-1,0,1.0000,-1,12,26,34,0,72,0,0,0,0
195.2263,3,0,10,0,0,0,0,-1,0,1.0000,-1,12,26,34,0,72,0,0,0,0
195.2465,3,0,10,0,0,0,0,-1,0,1.0000,-1,12,26,34,0,72,0,0,0,0
195.2837,3,0,10,0,0,0,0,-1,0,1.0000,-1,12,26,34,0,72,0,0,0,0
195.295,3,0,10,0,0,0,0,-1,0,1.0000,-1,12,26,34,0,72,0,0,0,0
195.3075,3,0,10,0,0,0,0,-1,0,1.0000,-1,12,26,34,0,72,0,0,0,0
195.3281,3,0,10,0,0,0,0,-1,0,1.0000,-1,12,26,34,0,72,0,0,0,0
195.348,3,0,10,0,0,0,0,-1,0,1.0000,-1,12,26,34,0,72,0,0,0,0
195.3678,3,0,10,0,0,0,0,-1,0,1.0000,-1,12,26,34,0,72,0,0,0,0
195.3883,3,0,10,0,0,0,0,-1,0,1.0000,-1,12,26,34,0,72,0,0,0,0
195.4093,3,0,10,0,0,0,0,-1,0,1.0000,-1,12,26,34,0,72,0,0,0,0
195.4297,3,0,10,0,0,0,0,-1,0,1.0000,-1,12,26,34,0,72,0,0,0,0
195.4494,3,0,10,0,0,0,0,-1,0,1.0000,-1,12,26,34,0,72,0,0,0,0
195.4864,3,0,10,0,0,0,0,-1,0,1.0000,-1,12,26,34,0,72,0,0,0,0
195.4989,3,0,10,0,0,0,0,-1,1,2.0000,-1,12,26,34,0,72,0,0,0,0
195.5122,3,0,10,0,0,0,0,-1,0,2.0000,-1,12,26,34,0,72,0,0,0,0
195.5333,3,0,10,0,0,0,0,-1,0,2.0000,-1,12,26,34,0,72,0,0,0,0
195.5513,3,0,10,0,0,0,0,-1,0,2.0000,-1,12,26,34,0,72,0,0,0,0
195.5721,3,0,10,0,0,0,0,-1,0,2.0000,-1,12,26,34,0,72,0,0,0,0
195.5933,3,0,10,0,0,0,0,-1,0,2.0000,-1,12,26,34,0,72,0,0,0,0
195.6121,3,0,10,0,0,0,0,-1,0,2.0000,-1,12,26,34,0,72,0,0,0,0
195.6319,3,0,10,0,0,0,0,-1,0,2.0000,-1,12,26,34,0,72,0,0,0,0
195.6522,3,0,10,0,0,0,0,-1,0,1.0000,-1,12,26,34,0,72,0,0,0,0
195.6743,3,0,10,0,0,0,0,-1,0,1.0000,-1,12,26,34,0,72,0,0,0,0
195.6929,3,0,10,0,0,0,0,-1,0,1.0000,-1,12,26,34,0,72,0,0,0,0
195.7112,3,0,10,0,0,0,0,-1,0,1.0000,-1,12,26,34,0,72,0,0,0,0
195.7356,3,0,10,0,0,0,0,-1,0,1.0000,-1,12,26,34,0,72,0,0,0,0
195.7552,3,0,10,0,0,0,0,-1,0,1.0000,-1,12,26,34,0,72,0,0,0,0
195.7765,3,0,10,0,0,0,0,-1,0,1.0000,-1,12,26,34,0,72,0,0,0,0
195.7979,3,0,10,0,0,0,0,-1,0,1.0000,-1,12,26,34,0,72,0,0,0,0
195.8192,3,0,10,0,0,0,0,-1,0,1.0000,-1,12,26,34,0,72,0,0,0,0
195.8396,3,0,10,0,0,0,0,-1,0,1.0000,-1,12,26,34,0,72,0,0,0,0
195.8593,3,0,10,0,0,0,0,-1,0,1.0000,-1,12,26,34,0,72,0,0,0,0
195.8979,3,0,10,0,0,0,0,-1,0,1.0000,-1,12,26,34,0,72,0,0,0,0
195.9103,3,0,10,0,0,0,0,-1,0,1.0000,-1,12,26,34,0,72,0,0,0,0
195.9245,3,0,10,0,0,0,0,-1,0,1.0000,-1,12,26,34,0,72,0,0,0,0
195.944,3,0,10,0,0,0,0,-1,0,1.0000,-1,12,26,34,0,72,0,0,0,0
195.9646,3,0,10,0,0,0,0,-1,0,1.0000,-1,12,26,34,0,72,0,0,0,0
195.9853,3,0,10,0,0,0,0,-1,0,1.0000,-1,12,26,34,0,72,0,0,0,0
196.0067,3,0,10,0,0,0,0,-1,0,1.0000,-1,12,26,34,0,72,0,0,0,0
196.0248,3,0,10,0,0,0,0,-1,0,1.0000,-1,12,26,34,0,72,0,0,0,0
196.0447,3,0,10,0,0,0,0,-1,0,1.0000,-1,12,26,34,0,72,0,0,0,0
196.0656,3,0,10,0,0,0,0,-1,0,1.0000,-1,12,26,34,0,72,0,0,0,0
196.1052,3,0,10,0,0,0,0,-1,0,1.0000,-1,12,26,34,0,72,0,0,0,0
196.116,3,0,10,0,0,0,0,-1,0,1.0000,-1,12,26,34,0,72,0,0,0,0
196.1302,3,0,10,0,0,0,0,-1,0,1.0000,-1,12,26,34,0,72,0,0,0,0
196.1508,3,0,10,0,0,0,0,-1,0,1.0000,-1,12,26,34,0,72,0,0,0,0
196.1716,3,0,10,0,0,0,0,-1,0,1.0000,-1,12,26,34,0,72,0,0,0,0
196.1911,3,0,10,0,0,0,0,-1,0,1.0000,-1,12,26,34,0,72,0,0,0,0
196.2121,3,0,10,0,0,0,0,-1,0,1.0000,-1,12,26,34,0,72,0,0,0,0
196.2318,3,0,10,0,0,0,0,-1,0,1.0000,-1,12,26,34,0,72,0,0,0,0
196.2518,3,0,10,0,0,0,0,-1,0,1.0000,-1,12,26,34,0,72,0,0,0,0
196.273,3,0,10,0,0,0,0,-1,0,1.0000,-1,12,26,34,0,72,0,0,0,0
196.2935,3,0,10,0,0,0,0,-1,0,1.0000,-1,12,26,34,0,72,0,0,0,0
196.3142,3,0,10,0,0,0,0,-1,0,1.0000,-1,12,26,34,0,72,0,0,0,0
196.3335,3,0,10,0,0,0,0,-1,0,1.0000,-1,12,26,34,0,72,0,0,0,0
196.3533,3,0,10,0,0,0,0,-1,0,1.0000,-1,12,26,34,0,72,0,0,0,0
196.3738,3,0,10,0,0,0,0,-1,0,1.0000,-1,12,26,34,0,72,0,0,0,0
196.3953,3,0,10,0,0,0,0,-1,0,1.0000,-1,12,26,34,0,72,0,0,0,0
196.4163,3,0,10,0,0,0,0,-1,0,1.0000,-1,12,26,34,0,72,0,0,0,0
196.4363,3,0,10,0,0,0,0,-1,0,1.0000,-1,12,26,34,0,72,0,0,0,0
196.4571,3,0,10,0,0,0,0,-1,0,1.0000,-1,12,26,34,0,72,0,0,0,0
196.4753,3,0,10,0,0,0,0,-1,0,1.0000,-1,12,26,34,0,72,0,0,0,0
196.5148,3,0,10,0,0,0,0,-1,0,0.0000,-1,12,26,34,0,72,0,0,0,0
196.5262,3,0,10,0,0,0,0,-1,0,0.0000,-1,12,26,34,0,72,0,0,0,0
196.5401,3,0,10,0,0,0,0,-1,0,0.0000,-1,12,26,34,0,72,0,0,0,0
196.5611,3,0,10,0,0,0,0,-1,0,0.0000,-1,12,26,34,0,72,0,0,0,0
196.5813,3,0,10,0,0,0,0,-1,0,0.0000,-1,12,26,34,0,72,0,0,0,0
196.6015,3,0,10,0,0,0,0,-1,0,0.0000,-1,12,26,34,0,72,0,0,0,0
196.6223,3,0,10,0,0,0,0,-1,0,0.0000,-1,12,26,34,0,72,0,0,0,0
196.6413,3,0,10,0,0,0,0,-1,0,0.0000,-1,12,26,34,0,72,0,0,0,0
196.6614,3,0,10,0,0,0,0,-1,0,0.0000,-1,12,26,34,0,72,0,0,0,0
196.6842,3,0,10,0,0,0,0,-1,0,0.0000,-1,12,26,34,0,72,0,0,0,0
196.7052,3,0,10,0,0,0,0,-1,0,0.0000,-1,12,26,34,0,72,0,0,0,0
196.7241,3,0,10,0,0,0,0,-1,0,0.0000,-1,12,26,34,0,72,0,0,0,0
196.7432,3,0,10,0,0,0,0,-1,0,0.0000,-1,12,26,34,0,72,0,0,0,0
196.7634,3,0,10,0,0,0,0,-1,0,0.0000,-1,12,26,34,0,72,0,0,0,0
196.7845,3,0,10,0,0,0,1,241,0,0.0000,-1,12,26,34,0,72,0,0,0,0
196.8041,3,0,10,0,0,0,1,241,0,0.0000,-1,12,26,34,0,72,0,0,0,0
196.8234,3,0,10,0,0,0,1,241,0,0.0000,-1,12,26,34,0,72,0,0,0,0
196.8431,3,0,10,0,0,0,1,241,0,0.0000,-1,12,26,34,0,72,0,0,0,0
196.8628,3,0,10,0,0,0,1,241,0,0.0000,-1,12,26,34,0,72,0,0,0,0
196.883,3,0,10,0,0,0,1,241,0,0.0000,-1,12,26,34,0,72,0,0,0,0
196.9032,3,0,10,0,0,0,1,241,0,0.0000,-1,12,26,34,0,72,0,0,0,0
196.9225,3,0,10,0,0,0,1,241,0,0.0000,-1,12,26,34,0,72,0,0,0,0
196.9415,3,0,10,0,0,0,1,241,0,0.0000,-1,12,26,34,0,72,0,0,0,0
196.9625,3,0,10,0,0,0,1,241,0,0.0000,-1,12,26,34,0,72,0,0,0,0
196.9834,3,0,10,0,0,0,1,241,0,0.0000,-1,12,26,34,0,72,0,0,0,0
197.0036,3,0,10,0,0,0,1,241,0,0.0000,-1,12,26,34,0,72,0,0,0,0
197.0229,3,0,10,0,0,0,1,241,0,0.0000,-1,12,26,34,0,72,0,0,0,0
197.0435,3,0,10,0,0,0,1,241,0,0.0000,-1,12,26,34,0,72,0,0,0,0
197.0623,3,0,10,0,0,0,1,241,0,0.0000,-1,12,26,34,0,72,0,0,0,0
197.0832,3,0,10,0,0,0,1,241,0,0.0000,-1,12,26,34,0,72,0,0,0,0
197.1024,3,0,10,0,0,0,1,241,0,0.0000,-1,12,26,34,0,72,0,0,0,0
197.1231,3,0,10,0,0,0,1,241,0,0.0000,-1,12,26,34,0,72,0,0,0,0
197.1422,3,0,10,0,0,0,1,241,1,1.0000,-1,12,26,34,0,72,0,0,0,0
197.1619,3,0,10,0,0,0,0,-1,0,1.0000,-1,12,26,34,0,72,0,0,0,0
197.1831,3,0,10,0,0,0,0,-1,0,1.0000,-1,12,26,34,0,72,0,0,0,0
197.2025,3,0,10,1,0,0,0,-1,0,1.0000,-1,12,26,34,0,72,0,0,0,0
197.2224,3,0,10,1,0,0,0,-1,0,1.0000,-1,12,26,34,0,72,0,0,0,0
197.2419,3,0,10,1,0,0,0,-1,0,1.0000,-1,12,26,34,0,72,0,0,0,0
197.2621,3,0,10,1,0,0,0,-1,0,1.0000,-1,12,26,34,0,72,0,0,0,0
197.2838,3,0,10,1,0,0,0,-1,0,1.0000,-1,12,26,34,0,72,0,0,0,0
197.3036,3,0,10,1,0,0,0,-1,0,1.0000,-1,12,26,34,0,72,0,0,0,0
197.323,3,0,10,1,0,0,0,-1,0,1.0000,-1,12,26,34,0,72,0,0,0,0
197.3617,3,0,10,1,0,0,0,-1,0,1.0000,-1,12,26,34,0,72,0,0,0,0
197.3744,3,0,10,1,0,0,0,-1,0,1.0000,-1,12,26,34,0,72,0,0,0,0
197.3859,3,0,10,1,0,0,0,-1,0,1.0000,-1,12,26,34,0,72,0,0,0,0
197.4062,3,0,10,1,0,0,0,-1,0,1.0000,-1,12,26,34,0,72,0,0,0,0
197.428,3,0,10,1,0,0,0,-1,0,1.0000,-1,12,26,34,0,72,0,0,0,0
197.448,3,0,10,1,0,0,0,-1,0,1.0000,-1,12,26,34,0,72,0,0,0,0
197.4669,3,0,10,1,0,0,0,-1,0,1.0000,-1,12,26,34,0,72,0,0,0,0
197.4866,3,0,10,1,0,0,0,-1,0,1.0000,-1,12,26,34,0,72,0,0,0,0
197.5075,3,0,10,0,0,0,0,-1,0,1.0000,-1,12,26,34,0,72,0,0,0,0
197.5306,3,0,10,0,0,0,0,-1,0,1.0000,-1,12,26,34,0,72,0,0,0,0
197.5675,3,0,10,0,0,0,0,-1,0,1.0000,-1,12,26,34,0,72,0,0,0,0
197.5794,3,0,10,0,0,0,0,-1,0,1.0000,-1,12,26,34,0,72,0,0,0,0
197.5937,3,0,10,0,0,0,0,-1,1,2.0000,-1,12,26,34,0,72,0,0,0,0
197.6148,3,0,10,0,0,0,0,-1,0,2.0000,-1,12,26,34,0,72,0,0,0,0
197.6351,3,0,10,0,0,0,0,-1,0,2.0000,-1,12,26,34,0,72,0,0,0,0
197.6552,3,0,10,0,0,0,0,-1,0,2.0000,-1,12,26,34,0,72,0,0,0,0
197.6742,3,0,10,0,0,0,0,-1,0,2.0000,-1,12,26,34,0,72,0,0,0,0
197.6965,3,0,10,0,0,0,0,-1,0,2.0000,-1,12,26,34,0,72,0,0,0,0
197.7154,3,0,10,0,0,0,0,-1,0,2.0000,-1,12,26,34,0,72,0,0,0,0
197.7359,3,0,10,0,0,0,0,-1,0,2.0000,-1,12,26,34,0,72,0,0,0,0
197.7748,3,0,10,0,0,0,0,-1,0,2.0000,-1,12,26,34,0,72,0,0,0,0
197.7864,3,0,10,0,0,0,0,-1,0,2.0000,-1,12,26,34,0,72,0,0,0,0
197.7992,3,0,10,0,0,0,0,-1,0,2.0000,-1,12,26,34,0,72,0,0,0,0
197.8191,3,0,10,0,0,0,0,-1,0,2.0000,-1,12,26,34,0,72,0,0,0,0
197.8401,3,0,10,0,0,0,0,-1,0,2.0000,-1,12,26,34,0,72,0,0,0,0
197.8612,3,0,10,0,0,0,0,-1,0,2.0000,-1,12,26,34,0,72,0,0,0,0
197.8807,3,0,10,0,0,0,0,-1,0,2.0000,-1,12,26,34,0,72,0,0,0,0
197.9011,3,0,10,0,0,0,0,-1,0,2.0000,-1,12,26,34,0,72,0,0,0,0
197.922,3,0,10,0,0,0,0,-1,0,2.0000,-1,12,26,34,0,72,0,0,0,0
197.9422,3,0,10,0,1,0,0,-1,0,2.0000,-1,12,26,34,0,72,0,0,0,0
197.9632,3,0,10,0,1,0,0,-1,0,2.0000,-1,12,26,34,0,72,0,0,0,0
197.9848,3,0,10,0,1,0,0,-1,0,2.0000,-1,12,26,34,0,72,0,0,0,0
198.0055,3,0,10,0,1,0,0,-1,0,2.0000,-1,12,26,34,0,72,0,0,0,0
198.025,3,0,10,0,1,0,0,-1,0,2.0000,-1,12,26,34,0,72,0,0,0,0
198.045,3,0,10,0,1,0,0,-1,0,2.0000,-1,12,26,34,0,72,0,0,0,0
198.0657,3,0,10,0,1,0,0,-1,0,2.0000,-1,12,26,34,0,72,0,0,0,0
198.0867,3,0,10,0,1,0,0,-1,0,2.0000,-1,12,26,34,0,72,0,0,0,0
198.1081,3,0,10,0,1,0,0,-1,0,2.0000,-1,12,26,34,0,72,0,0,0,0
198.1292,3,0,10,0,1,0,0,-1,0,2.0000,-1,12,26,34,0,72,0,0,0,0
198.148,3,0,10,0,1,0,0,-1,0,1.0000,-1,12,26,34,0,72,0,0,0,0
198.1675,3,0,10,0,1,0,0,-1,0,1.0000,-1,12,26,34,0,72,0,0,0,0
198.1887,3,0,10,0,1,0,0,-1,1,2.0000,-1,12,26,34,0,72,0,0,0,0
198.2088,3,0,10,0,1,0,0,-1,0,2.0000,-1,12,26,34,0,72,0,0,0,0
198.2301,3,0,10,0,1,0,0,-1,0,2.0000,-1,12,26,34,0,72,0,0,0,0
198.2515,3,0,10,0,1,0,0,-1,0,2.0000,-1,12,26,34,0,72,0,0,0,0
198.2728,3,0,10,0,1,0,0,-1,0,2.0000,-1,12,26,34,0,72,0,0,0,0
198.2913,3,0,10,0,1,0,0,-1,0,2.0000,-1,12,26,34,0,72,0,0,0,0
198.3113,3,0,10,0,1,0,0,-1,0,2.0000,-1,12,26,34,0,72,0,0,0,0
198.3333,3,0,10,0,1,0,0,-1,0,2.0000,-1,12,26,34,0,72,0,0,0,0
198.3523,3,0,10,0,1,0,0,-1,0,2.0000,-1,12,26,34,0,72,0,0,0,0
198.3739,3,0,10,0,1,0,0,-1,0,2.0000,-1,12,26,34,0,72,0,0,0,0
198.395,3,0,10,0,1,0,0,-1,0,2.0000,-1,12,26,34,0,72,0,0,0,0
198.414,3,0,10,0,1,0,0,-1,1,3.0000,-1,12,26,34,0,72,0,0,0,0
198.435,3,0,10,0,1,0,0,-1,0,3.0000,-1,12,26,34,0,72,0,0,0,0
198.454,3,0,10,0,1,0,0,-1,0,3.0000,-1,12,26,34,0,72,0,0,0,0
198.4753,3,0,10,0,1,0,1,243,0,3.0000,-1,12,26,34,0,72,0,0,0,0
198.4964,3,0,10,0,0,0,1,243,0,3.0000,-1,12,26,34,0,72,0,0,0,0
198.5159,3,0,10,0,0,0,1,243,0,3.0000,-1,12,26,34,0,72,0,0,0,0
198.5355,3,0,10,0,0,0,1,243,0,3.0000,-1,12,26,34,0,72,0,0,0,0
198.5563,3,0,10,0,0,0,1,243,0,3.0000,-1,12,26,34,0,72,0,0,0,0
198.596,3,0,10,0,0,0,1,243,0,2.0000,-1,12,26,34,0,72,0,0,0,0
198.6081,3,0,10,0,0,0,1,243,0,2.0000,-1,12,26,34,0,72,0,0,0,0
198.6209,3,0,10,0,0,0,1,243,0,2.0000,-1,12,26,34,0,72,0,0,0,0
198.6409,3,0,10,0,0,0,1,243,0,2.0000,-1,12,26,34,0,72,0,0,0,0
198.6628,3,0,10,0,0,0,1,243,0,2.0000,-1,12,26,34,0,72,0,0,0,0
198.683,3,0,10,0,0,0,1,243,0,2.0000,-1,12,26,34,0,72,0,0,0,0
198.7052,3,0,10,0,0,0,1,243,0,2.0000,-1,12,26,34,0,72,0,0,0,0
198.7236,3,0,10,0,0,0,1,243,0,2.0000,-1,12,26,34,0,72,0,0,0,0
198.7444,3,0,10,0,0,0,1,243,0,2.0000,-1,12,26,34,0,72,0,0,0,0
198.7651,3,0,10,0,0,0,1,243,0,2.0000,-1,12,26,34,0,72,0,0,0,0
198.7857,3,0,10,0,0,0,1,243,0,2.0000,-1,12,26,34,0,72,0,0,0,0
198.8078,3,0,10,0,0,0,1,243,0,2.0000,-1,12,26,34,0,72,0,0,0,0
198.8285,3,0,10,0,0,0,1,243,0,2.0000,-1,12,26,34,0,72,0,0,0,0
198.8499,3,0,10,0,0,0,1,243,0,2.0000,-1,12,26,34,0,72,0,0,0,0
198.8692,3,0,10,0,0,0,1,243,0,2.0000,-1,12,26,34,0,72,0,0,0,0
198.8904,3,0,10,0,0,0,1,243,0,2.0000,-1,12,26,34,0,72,0,0,0,0
198.9104,3,0,10,0,0,0,0,-1,0,2.0000,243,12,26,35,0,73,0,0,0,0
198.9306,3,0,10,0,0,0,0,-1,0,2.0000,-1,12,26,35,0,73,0,0,0,0
198.9507,3,0,10,0,0,0,0,-1,0,2.0000,-1,12,26,35,0,73,0,0,0,0
198.9733,3,0,10,0,0,0,0,-1,0,2.0000,-1,12,26,35,0,73,0,0,0,0
199.0115,3,0,10,0,0,0,0,-1,0,2.0000,-1,12,26,35,0,73,0,0,0,0
199.0241,3,0,10,0,0,0,0,-1,0,2.0000,-1,12,26,35,0,73,0,0,0,0
199.0385,3,0,10,0,0,0,0,-1,0,2.0000,-1,12,26,35,0,73,0,0,0,0
199.0603,3,0,10,0,0,0,0,-1,0,2.0000,-1,12,26,35,0,73,0,0,0,0
199.0811,3,0,10,0,0,0,0,-1,0,2.0000,-1,12,26,35,0,73,0,0,0,0
199.1016,3,0,10,0,0,0,0,-1,0,2.0000,-1,12,26,35,0,73,0,0,0,0
199.1227,3,0,10,0,0,0,0,-1,1,3.0000,-1,12,26,35,0,73,0,0,0,0
199.1434,3,0,10,0,0,0,0,-1,0,3.0000,-1,12,26,35,0,73,0,0,0,0
199.165,3,0,10,0,0,0,0,-1,0,3.0000,-1,12,26,35,0,73,0,0,0,0
199.1859,3,0,10,0,0,0,0,-1,0,3.0000,-1,12,26,35,0,73,0,0,0,0
199.2066,3,0,10,0,0,0,0,-1,0,2.0000,-1,12,26,35,0,73,0,0,0,0
199.2261,3,0,10,0,0,0,0,-1,0,2.0000,-1,12,26,35,0,73,0,0,0,0
199.2466,3,0,10,0,0,0,0,-1,0,2.0000,-1,12,26,35,0,73,0,0,0,0
199.2676,3,0,10,0,0,0,0,-1,0,2.0000,-1,12,26,35,0,73,0,0,0,0
199.2878,3,0,10,0,0,0,0,-1,0,2.0000,-1,12,26,35,0,73,0,0,0,0
199.3083,3,0,10,0,0,0,0,-1,0,2.0000,-1,12,26,35,0,73,0,0,0,0
199.3288,3,0,10,0,0,0,0,-1,0,2.0000,-1,12,26,35,0,73,0,0,0,0
199.3489,3,0,10,0,0,0,0,-1,0,2.0000,-1,12,26,35,0,73,0,0,0,0
199.3691,3,0,10,0,0,0,0,-1,0,2.0000,-1,12,26,35,0,73,0,0,0,0
199.3907,3,0,10,0,0,0,0,-1,0,2.0000,-1,12,26,35,0,73,0,0,0,0
199.4116,3,0,10,0,0,0,0,-1,0,2.0000,-1,12,26,35,0,73,0,0,0,0
199.4314,3,0,10,0,0,0,0,-1,0,1.0000,-1,12,26,35,0,73,0,0,0,0
199.4523,3,0,10,0,0,0,0,-1,1,2.0000,-1,12,26,35,0,73,0,0,0,0
199.4735,3,0,10,0,0,0,0,-1,0,2.0000,-1,12,26,35,0,73,0,0,0,0
199.493,3,0,10,0,0,0,0,-1,0,2.0000,-1,12,26,35,0,73,0,0,0,0
199.5131,3,0,10,0,0,0,0,-1,0,2.0000,-1,12,26,35,0,73,0,0,0,0
199.5335,3,0,10,0,0,0,0,-1,0,2.0000,-1,12,26,35,0,73,0,0,0,0
199.5541,3,0,10,0,0,0,0,-1,0,2.0000,-1,12,26,35,0,73,0,0,0,0
199.5755,3,0,10,0,0,0,0,-1,0,2.0000,-1,12,26,35,0,73,0,0,0,0
199.5953,3,0,10,0,0,0,0,-1,0,2.0000,-1,12,26,35,0,73,0,0,0,0
199.6165,3,0,10,0,0,0,0,-1,0,2.0000,-1,12,26,35,0,73,0,0,0,0
199.6361,3,0,10,0,0,0,0,-1,0,2.0000,-1,12,26,35,0,73,0,0,0,0
199.657,3,0,10,0,0,0,0,-1,0,2.0000,-1,12,26,35,0,73,0,0,0,0
199.6763,3,0,10,0,0,0,0,-1,0,2.0000,-1,12,26,35,0,73,0,0,0,0
199.6979,3,0,10,0,0,0,0,-1,0,2.0000,-1,12,26,35,0,73,0,0,0,0
199.7184,3,0,10,0,0,0,0,-1,0,2.0000,-1,12,26,35,0,73,0,0,0,0
199.7401,3,0,10,0,0,0,0,-1,0,2.0000,-1,12,26,35,0,73,0,0,0,0
199.7582,3,0,10,0,0,0,0,-1,0,2.0000,-1,12,26,35,0,73,0,0,0,0
199.778,3,0,10,0,0,0,0,-1,0,2.0000,-1,12,26,35,0,73,0,0,0,0
199.7983,3,0,10,0,0,0,0,-1,0,2.0000,-1,12,26,35,0,73,0,0,0,0
199.8374,3,0,10,0,0,0,0,-1,0,2.0000,-1,12,26,35,0,73,0,0,0,0
199.849,3,0,10,0,0,0,0,-1,0,2.0000,-1,12,26,35,0,73,0,0,0,0
199.864,3,0,10,0,0,0,0,-1,0,2.0000,-1,12,26,35,0,73,0,0,0,0
199.8843,3,0,10,0,0,0,0,-1,0,2.0000,-1,12,26,35,0,73,0,0,0,0
199.9055,3,0,10,0,0,0,0,-1,1,3.0000,-1,12,26,35,0,73,0,0,0,0
199.9265,3,0,10,0,0,0,0,-1,0,3.0000,-1,12,26,35,0,73,0,0,0,0
199.9459,3,0,10,0,0,0,0,-1,0,3.0000,-1,12,26,35,0,73,0,0,0,0
199.9666,3,0,10,0,0,0,0,-1,0,3.0000,-1,12,26,35,0,73,0,0,0,0
199.9871,3,0,10,0,0,0,0,-1,0,3.0000,-1,12,26,35,0,73,0,0,0,0
200.0077,3,0,10,0,0,0,0,-1,0,3.0000,-1,12,26,35,0,73,0,0,0,0
200.0288,3,0,10,0,0,0,0,-1,0,3.0000,-1,12,26,35,0,73,0,0,0,0
200.0481,3,0,10,0,0,0,0,-1,0,3.0000,-1,12,26,35,0,73,0,0,0,0
200.0688,3,0,10,0,0,0,0,-1,0,3.0000,-1,12,26,35,0,73,0,0,0,0
200.0896,3,0,10,0,0,0,0,-1,0,3.0000,-1,12,26,35,0,73,0,0,0,0
200.1099,3,0,10,0,0,0,0,-1,0,3.0000,-1,12,26,35,0,73,0,0,0,0
200.1313,3,0,10,0,0,0,0,-1,0,2.0000,-1,12,26,35,0,73,0,0,0,0
200.1523,3,0,10,0,0,0,0,-1,0,2.0000,-1,12,26,35,0,73,0,0,0,0
200.1729,3,0,10,0,0,0,0,-1,0,2.0000,-1,12,26,35,0,73,0,0,0,0
200.1939,3,0,10,0,0,0,0,-1,0,2.0000,-1,12,26,35,0,73,0,0,0,0
200.215,3,0,10,0,0,0,0,-1,0,2.0000,-1,12,26,35,0,73,0,0,0,0
200.2549,3,0,10,0,0,0,0,-1,0,2.0000,-1,12,26,35,0,73,0,0,0,0
200.2674,3,0,10,0,0,0,0,-1,0,2.0000,-1,12,26,35,0,73,0,0,0,0
200.2809,3,0,10,0,0,0,0,-1,0,2.0000,-1,12,26,35,0,73,0,0,0,0
200.3018,3,0,10,0,0,0,0,-1,0,2.0000,-1,12,26,35,0,73,0,0,0,0
200.3222,3,0,10,0,0,0,0,-1,0,2.0000,-1,12,26,35,0,73,0,0,0,0
200.3436,3,0,10,0,0,0,0,-1,0,2.0000,-1,12,26,35,0,73,0,0,0,0
200.3655,3,0,10,0,0,0,0,-1,0,2.0000,-1,12,26,35,0,73,0,0,0,0
200.3869,3,0,10,0,0,0,0,-1,0,2.0000,-1,12,26,35,0,73,0,0,0,0
200.408,3,0,10,0,0,0,0,-1,1,3.0000,-1,12,26,35,0,73,0,0,0,0
200.4282,3,0,10,0,0,0,0,-1,0,3.0000,-1,12,26,35,0,73,0,0,0,0
200.4493,3,0,10,0,0,0,0,-1,0,3.0000,-1,12,26,35,0,73,0,0,0,0
200.4703,3,0,10,0,0,0,0,-1,0,2.0000,-1,12,26,35,0,73,0,0,0,0
200.492,3,0,10,0,0,0,0,-1,0,2.0000,-1,12,26,35,0,73,0,0,0,0
200.5138,3,0,10,0,0,0,1,247,0,2.0000,-1,12,26,35,0,73,0,0,0,0
200.5336,3,0,10,0,0,0,1,247,0,2.0000,-1,12,26,35,0,73,0,0,0,0
200.5538,3,0,10,0,0,0,1,247,0,2.0000,-1,12,26,35,0,73,0,0,0,0
200.5752,3,0,10,0,0,0,1,247,0,2.0000,-1,12,26,35,0,73,0,0,0,0
200.5963,3,0,10,0,0,0,1,247,0,2.0000,-1,12,26,35,0,73,0,0,0,0
200.6153,3,0,10,0,0,0,1,247,0,2.0000,-1,12,26,35,0,73,0,0,0,0
200.636,3,0,10,0,0,0,1,247,0,2.0000,-1,12,26,35,0,73,0,0,0,0
200.6754,3,0,10,0,0,0,1,247,0,2.0000,-1,12,26,35,0,73,0,0,0,0
200.6873,3,0,10,0,0,0,1,247,0,2.0000,-1,12,26,35,0,73,0,0,0,0
200.701,3,0,10,0,0,0,1,247,0,2.0000,-1,12,26,35,0,73,0,0,0,0
200.7212,3,0,10,0,0,0,1,247,0,2.0000,-1,12,26,35,0,73,0,0,0,0
200.7425,3,0,10,0,0,0,1,247,0,2.0000,-1,12,26,35,0,73,0,0,0,0
200.7633,3,0,10,0,0,0,1,247,0,2.0000,-1,12,26,35,0,73,0,0,0,0
200.7837,3,0,10,0,0,0,1,247,0,2.0000,-1,12,26,35,0,73,0,0,0,0
200.8059,3,0,10,0,0,0,1,247,1,3.0000,-1,12,26,35,0,73,0,0,0,0
200.8248,3,0,10,0,0,0,1,247,0,3.0000,-1,12,26,35,0,73,0,0,0,0
200.8458,3,0,10,0,0,0,0,-1,0,3.0000,-1,12,26,35,0,73,0,0,0,0
200.8652,3,0,10,0,0,0,0,-1,0,3.0000,-1,12,26,35,0,73,0,0,0,0
200.8864,3,0,10,0,0,0,0,-1,0,3.0000,-1,12,26,35,0,73,0,0,0,0
200.9081,3,0,10,0,0,0,0,-1,0,2.0000,-1,12,26,35,0,73,0,0,0,0
200.9277,3,0,10,0,0,0,0,-1,0,2.0000,-1,12,26,35,0,73,0,0,0,0
200.9465,3,0,10,0,0,0,0,-1,0,2.0000,-1,12,26,35,0,73,0,0,0,0
200.9677,3,0,10,0,0,0,0,-1,0,2.0000,-1,12,26,35,0,73,0,0,0,0
200.9879,3,0,10,0,0,0,1,248,0,2.0000,-1,12,26,35,0,73,0,0,0,0
201.0111,3,0,10,0,0,0,1,248,0,2.0000,-1,12,26,35,0,73,0,0,0,0
201.0307,3,0,10,0,0,0,1,248,0,2.0000,-1,12,26,35,0,73,0,0,0,0
201.0497,3,0,10,0,0,0,1,248,1,3.0000,-1,12,26,35,0,73,0,0,0,0
201.0724,3,0,10,0,0,0,1,248,0,3.0000,-1,12,26,35,0,73,0,0,0,0
201.0911,3,0,10,0,0,0,1,248,0,3.0000,-1,12,26,35,0,73,0,0,0,0
201.1115,3,0,10,0,0,0,1,248,0,3.0000,-1,12,26,35,0,73,0,0,0,0
201.1304,3,0,10,0,0,0,1,248,0,3.0000,-1,12,26,35,0,73,0,0,0,0
201.15,3,0,10,0,0,0,1,248,0,3.0000,-1,12,26,35,0,73,0,0,0,0
201.1685,3,0,10,0,0,0,1,248,0,3.0000,-1,12,26,35,0,73,0,0,0,0
201.1874,3,0,10,0,0,0,1,248,0,3.0000,-1,12,26,35,0,73,0,0,0,0
201.2077,3,0,10,0,0,0,1,248,0,3.0000,-1,12,26,35,0,73,0,0,0,0
201.2308,3,0,10,0,0,0,1,248,0,3.0000,-1,12,26,35,0,73,0,0,0,0
201.2461,3,0,10,0,0,0,1,248,0,3.0000,-1,12,26,35,0,73,0,0,0,0
201.2656,3,0,10,0,0,0,1,248,0,3.0000,-1,12,26,35,0,73,0,0,0,0
201.2863,3,0,10,0,0,0,1,248,0,3.0000,-1,12,26,35,0,73,0,0,0,0
201.3083,3,0,10,0,0,0,1,248,0,3.0000,-1,12,26,35,0,73,0,0,0,0
201.3245,3,0,10,0,0,0,1,248,0,3.0000,-1,12,26,35,0,73,0,0,0,0
201.344,3,0,10,0,0,0,1,248,0,3.0000,-1,12,26,35,0,73,0,0,0,0
201.3644,3,0,10,0,0,0,1,248,0,3.0000,-1,12,26,35,0,73,0,0,0,0
201.3858,3,0,10,0,0,0,1,248,0,3.0000,-1,12,26,35,0,73,0,0,0,0
201.403,3,0,10,0,0,0,1,248,0,3.0000,-1,12,26,35,0,73,0,0,0,0
201.4213,3,0,10,0,0,0,1,248,0,2.0000,-1,12,26,35,0,73,0,0,0,0
201.4413,3,0,10,0,0,0,1,248,0,2.0000,-1,12,26,35,0,73,0,0,0,0
201.4635,3,0,10,0,0,0,1,248,0,2.0000,-1,12,26,35,0,73,0,0,0,0
201.4792,3,0,10,0,0,0,1,248,0,2.0000,-1,12,26,35,0,73,0,0,0,0
201.4985,3,0,10,0,0,0,1,248,0,2.0000,-1,12,26,35,0,73,0,0,0,0
201.5189,3,0,10,0,0,0,1,248,0,2.0000,-1,12,26,35,0,73,0,0,0,0
201.5401,3,0,10,0,0,0,1,248,0,2.0000,-1,12,26,35,0,73,0,0,0,0
201.5565,3,0,10,0,0,0,1,248,0,2.0000,-1,12,26,35,0,73,0,0,0,0
201.5755,1,1,11,1,0,0,0,-1,0,2.0000,248,13,26,35,0,74,0,0,0,0
201.5951,1,0,11,1,0,0,0,-1,0,2.0000,-1,13,26,35,0,74,0,0,0,0
201.6163,1,0,11,1,0,0,0,-1,0,2.0000,-1,13,26,35,0,74,0,0,0,0
201.634,1,0,11,1,0,0,0,-1,0,2.0000,-1,13,26,35,0,74,0,0,0,0
201.6542,1,0,11,1,0,0,0,-1,0,2.0000,-1,13,26,35,0,74,0,0,0,0
201.6743,1,0,11,1,0,0,0,-1,0,2.0000,-1,13,26,35,0,74,0,0,0,0
201.6956,1,0,11,1,0,0,0,-1,0,2.0000,-1,13,26,35,0,74,0,0,0,0
201.731,1,0,11,1,0,0,0,-1,0,2.0000,-1,13,26,35,0,74,0,0,0,0
201.7436,1,0,11,1,0,0,0,-1,0,2.0000,-1,13,26,35,0,74,0,0,0,0
201.7562,1,0,11,1,0,0,0,-1,0,2.0000,-1,13,26,35,0,74,0,0,0,0
201.7749,1,0,11,1,0,0,0,-1,0,2.0000,-1,13,26,35,0,74,0,0,0,0
201.795,1,0,11,1,0,0,0,-1,0,2.0000,-1,13,26,35,0,74,0,0,0,0
201.8156,1,0,11,1,0,0,0,-1,0,1.0000,-1,13,26,35,0,74,0,0,0,0
201.8342,1,0,11,1,0,0,0,-1,0,1.0000,-1,13,26,35,0,74,0,0,0,0
201.8543,1,0,11,1,0,0,0,-1,0,1.0000,-1,13,26,35,0,74,0,0,0,0
201.8739,1,0,11,1,0,0,0,-1,0,1.0000,-1,13,26,35,0,74,0,0,0,0
201.8945,1,0,11,1,0,0,0,-1,0,1.0000,-1,13,26,35,0,74,0,0,0,0
201.9118,1,0,11,1,0,0,0,-1,0,1.0000,-1,13,26,35,0,74,0,0,0,0
201.9318,1,0,11,1,0,0,0,-1,0,1.0000,-1,13,26,35,0,74,0,0,0,0
201.9514,1,0,11,1,0,0,0,-1,0,1.0000,-1,13,26,35,0,74,0,0,0,0
201.9718,1,0,11,1,0,0,0,-1,0,1.0000,-1,13,26,35,0,74,0,0,0,0
201.9914,1,0,11,1,0,0,0,-1,0,1.0000,-1,13,26,35,0,74,0,0,0,0
202.0108,1,0,11,1,0,0,0,-1,0,1.0000,-1,13,26,35,0,74,0,0,0,0
202.0298,1,0,11,1,0,0,0,-1,0,1.0000,-1,13,26,35,0,74,0,0,0,0
202.0507,1,0,11,1,0,0,0,-1,0,0.0000,-1,13,26,35,0,74,0,0,0,0
202.0707,1,0,11,1,0,0,0,-1,0,0.0000,-1,13,26,35,0,74,0,0,0,0
202.0889,1,0,11,1,0,0,0,-1,0,0.0000,-1,13,26,35,0,74,0,0,0,0
202.1091,1,0,11,1,0,0,0,-1,0,0.0000,-1,13,26,35,0,74,0,0,0,0
202.1288,1,0,11,0,0,0,0,-1,0,0.0000,-1,13,26,35,0,74,0,0,0,0
202.1493,1,0,11,0,0,0,0,-1,0,0.0000,-1,13,26,35,0,74,0,0,0,0
202.1677,1,0,11,0,0,0,0,-1,0,0.0000,-1,13,26,35,0,74,0,0,0,0
202.1876,1,0,11,0,0,0,0,-1,0,0.0000,-1,13,26,35,0,74,0,0,0,0
202.2075,1,0,11,0,0,0,0,-1,0,0.0000,-1,13,26,35,0,74,0,0,0,0
202.2283,1,0,11,0,0,0,0,-1,0,0.0000,-1,13,26,35,0,74,0,0,0,0
202.2467,1,0,11,0,0,0,0,-1,0,0.0000,-1,13,26,35,0,74,0,0,0,0
202.2657,1,0,11,0,0,0,0,-1,0,0.0000,-1,13,26,35,0,74,0,0,0,0
202.2855,1,0,11,0,0,0,0,-1,0,0.0000,-1,13,26,35,0,74,0,0,0,0
202.3063,1,0,11,0,0,0,0,-1,0,0.0000,-1,13,26,35,0,74,0,0,0,0
202.3277,1,0,11,0,0,0,0,-1,0,0.0000,-1,13,26,35,0,74,0,0,0,0
202.3462,1,0,11,0,0,0,0,-1,0,0.0000,-1,13,26,35,0,74,0,0,0,0
202.3853,1,0,11,0,0,0,0,-1,0,0.0000,-1,13,26,35,0,74,0,0,0,0
202.3963,1,0,11,0,0,0,0,-1,0,0.0000,-1,13,26,35,0,74,0,0,0,0
202.4103,1,0,11,0,0,0,0,-1,0,0.0000,-1,13,26,35,0,74,0,0,0,0
202.4313,1,0,11,0,0,0,0,-1,0,0.0000,-1,13,26,35,0,74,0,0,0,0
202.4521,1,0,11,0,0,0,0,-1,1,1.0000,-1,13,26,35,0,74,0,0,0,0
202.4733,1,0,11,0,0,0,0,-1,0,1.0000,-1,13,26,35,0,74,0,0,0,0
202.4934,1,0,11,0,0,0,0,-1,0,1.0000,-1,13,26,35,0,74,0,0,0,0
202.5124,1,0,11,0,0,0,0,-1,0,1.0000,-1,13,26,35,0,74,0,0,0,0
202.5326,1,0,11,0,0,0,0,-1,0,1.0000,-1,13,26,35,0,74,0,0,0,0
202.5535,1,0,11,0,0,0,0,-1,0,1.0000,-1,13,26,35,0,74,0,0,0,0
202.5926,1,0,11,0,0,0,0,-1,0,1.0000,-1,13,26,35,0,74,0,0,0,0
202.6039,1,0,11,0,0,0,0,-1,0,1.0000,-1,13,26,35,0,74,0,0,0,0
202.6182,1,0,11,0,0,0,0,-1,0,1.0000,-1,13,26,35,0,74,0,0,0,0
202.6392,1,0,11,0,0,0,0,-1,0,1.0000,-1,13,26,35,0,74,0,0,0,0
202.6585,1,0,11,0,0,0,0,-1,0,1.0000,-1,13,26,35,0,74,0,0,0,0
202.6786,1,0,11,0,0,0,0,-1,0,1.0000,-1,13,26,35,0,74,0,0,0,0
202.6992,1,0,11,0,0,0,0,-1,0,1.0000,-1,13,26,35,0,74,0,0,0,0
202.7202,1,0,11,0,0,0,0,-1,0,1.0000,-1,13,26,35,0,74,0,0,0,0
202.7411,1,0,11,0,0,0,0,-1,0,1.0000,-1,13,26,35,0,74,0,0,0,0
202.7603,1,0,11,0,0,0,0,-1,0,1.0000,-1,13,26,35,0,74,0,0,0,0
202.7801,1,0,11,0,0,0,0,-1,0,1.0000,-1,13,26,35,0,74,0,0,0,0