run_time,current_driver_player_number,driver_changed_this_frame,driver_change_count_total,curve_active,drift_check_active,drift_check_result,warning_active,warning_obstacle_id,driver_input_this_frame,inputs_per_second,hit_obstacle_id_this_frame,player1_collision_counter,player2_collision_counter,player3_collision_counter,player4_collision_counter,collision_count_total,player1_final_points,player2_final_points,player3_final_points,player4_final_points
28.77703,1,0,0,0,0,0,0,-1,0,0.0000,-1,0,0,0,0,0,0,0,0,0
28.82409,1,0,0,0,0,0,0,-1,0,0.0000,-1,0,0,0,0,0,0,0,0,0
28.84967,1,0,0,0,0,0,0,-1,0,0.0000,-1,0,0,0,0,0,0,0,0,0
28.85975,1,0,0,0,0,0,0,-1,0,0.0000,-1,0,0,0,0,0,0,0,0,0
28.87631,1,0,0,0,0,0,0,-1,0,0.0000,-1,0,0,0,0,0,0,0,0,0
28.89895,1,0,0,0,0,0,0,-1,0,0.0000,-1,0,0,0,0,0,0,0,0,0
28.92157,1,0,0,0,0,0,0,-1,0,0.0000,-1,0,0,0,0,0,0,0,0,0
28.94383,1,0,0,0,0,0,0,-1,0,0.0000,-1,0,0,0,0,0,0,0,0,0
28.9867,1,0,0,0,0,0,0,-1,0,0.0000,-1,0,0,0,0,0,0,0,0,0
28.99836,1,0,0,0,0,0,0,-1,0,0.0000,-1,0,0,0,0,0,0,0,0,0
29.01312,1,0,0,0,0,0,0,-1,0,0.0000,-1,0,0,0,0,0,0,0,0,0
29.03608,1,0,0,0,0,0,0,-1,0,0.0000,-1,0,0,0,0,0,0,0,0,0
29.05878,1,0,0,0,0,0,0,-1,0,0.0000,-1,0,0,0,0,0,0,0,0,0
29.08273,1,0,0,0,0,0,0,-1,0,0.0000,-1,0,0,0,0,0,0,0,0,0
29.10411,1,0,0,0,0,0,0,-1,0,0.0000,-1,0,0,0,0,0,0,0,0,0
29.1254,1,0,0,0,0,0,0,-1,0,0.0000,-1,0,0,0,0,0,0,0,0,0
29.14683,1,0,0,0,0,0,0,-1,0,0.0000,-1,0,0,0,0,0,0,0,0,0
29.16913,1,0,0,0,0,0,0,-1,0,0.0000,-1,0,0,0,0,0,0,0,0,0
29.19188,1,0,0,0,0,0,0,-1,0,0.0000,-1,0,0,0,0,0,0,0,0,0
29.21348,1,0,0,0,0,0,0,-1,0,0.0000,-1,0,0,0,0,0,0,0,0,0
29.23559,1,0,0,0,0,0,0,-1,0,0.0000,-1,0,0,0,0,0,0,0,0,0
29.25791,1,0,0,0,0,0,0,-1,0,0.0000,-1,0,0,0,0,0,0,0,0,0
29.2799,1,0,0,0,0,0,0,-1,0,0.0000,-1,0,0,0,0,0,0,0,0,0
29.30183,1,0,0,0,0,0,0,-1,0,0.0000,-1,0,0,0,0,0,0,0,0,0
29.32402,1,0,0,0,0,0,0,-1,0,0.0000,-1,0,0,0,0,0,0,0,0,0
29.34625,1,0,0,0,0,0,0,-1,0,0.0000,-1,0,0,0,0,0,0,0,0,0
29.36822,1,0,0,0,0,0,0,-1,0,0.0000,-1,0,0,0,0,0,0,0,0,0
29.39036,1,0,0,0,0,0,0,-1,0,0.0000,-1,0,0,0,0,0,0,0,0,0
29.41279,1,0,0,0,0,0,0,-1,0,0.0000,-1,0,0,0,0,0,0,0,0,0
29.43468,1,0,0,0,0,0,0,-1,0,0.0000,-1,0,0,0,0,0,0,0,0,0
29.45658,1,0,0,0,0,0,0,-1,0,0.0000,-1,0,0,0,0,0,0,0,0,0
29.47854,1,0,0,0,0,0,0,-1,0,0.0000,-1,0,0,0,0,0,0,0,0,0
29.50173,1,0,0,0,0,0,0,-1,1,1.0000,-1,0,0,0,0,0,0,0,0,0
29.52379,1,0,0,0,0,0,0,-1,0,1.0000,-1,0,0,0,0,0,0,0,0,0
29.54528,1,0,0,0,0,0,0,-1,0,1.0000,-1,0,0,0,0,0,0,0,0,0
29.56755,1,0,0,0,0,0,0,-1,0,1.0000,-1,0,0,0,0,0,0,0,0,0
29.58961,1,0,0,0,0,0,0,-1,0,1.0000,-1,0,0,0,0,0,0,0,0,0
29.61166,1,0,0,0,0,0,0,-1,0,1.0000,-1,0,0,0,0,0,0,0,0,0
29.63401,1,0,0,0,0,0,0,-1,0,1.0000,-1,0,0,0,0,0,0,0,0,0
29.65615,1,0,0,0,0,0,0,-1,0,1.0000,-1,0,0,0,0,0,0,0,0,0
29.67868,1,0,0,0,0,0,0,-1,0,1.0000,-1,0,0,0,0,0,0,0,0,0
29.70061,1,0,0,0,0,0,0,-1,0,1.0000,-1,0,0,0,0,0,0,0,0,0
29.72312,1,0,0,0,0,0,0,-1,0,1.0000,-1,0,0,0,0,0,0,0,0,0
29.74529,1,0,0,0,0,0,0,-1,0,1.0000,-1,0,0,0,0,0,0,0,0,0
29.76781,1,0,0,0,0,0,0,-1,0,1.0000,-1,0,0,0,0,0,0,0,0,0
29.79068,1,0,0,0,0,0,0,-1,0,1.0000,-1,0,0,0,0,0,0,0,0,0
29.81249,1,0,0,0,0,0,0,-1,0,1.0000,-1,0,0,0,0,0,0,0,0,0
29.8344,1,0,0,0,0,0,0,-1,0,1.0000,-1,0,0,0,0,0,0,0,0,0
29.85625,1,0,0,0,0,0,0,-1,0,1.0000,-1,0,0,0,0,0,0,0,0,0
29.87843,1,0,0,0,0,0,0,-1,0,1.0000,-1,0,0,0,0,0,0,0,0,0
29.90077,1,0,0,0,0,0,0,-1,0,1.0000,-1,0,0,0,0,0,0,0,0,0
29.92268,1,0,0,0,0,0,0,-1,0,1.0000,-1,0,0,0,0,0,0,0,0,0
29.94499,1,0,0,0,0,0,0,-1,0,1.0000,-1,0,0,0,0,0,0,0,0,0
29.96715,1,0,0,0,0,0,0,-1,0,1.0000,-1,0,0,0,0,0,0,0,0,0
29.98982,1,0,0,0,0,0,0,-1,0,1.0000,-1,0,0,0,0,0,0,0,0,0
30.01163,1,0,0,0,0,0,0,-1,0,1.0000,-1,0,0,0,0,0,0,0,0,0
30.0339,1,0,0,0,0,0,0,-1,0,1.0000,-1,0,0,0,0,0,0,0,0,0
30.05603,1,0,0,0,0,0,0,-1,0,1.0000,-1,0,0,0,0,0,0,0,0,0
30.07855,1,0,0,0,0,0,0,-1,0,1.0000,-1,0,0,0,0,0,0,0,0,0
30.10118,1,0,0,0,0,0,0,-1,0,1.0000,-1,0,0,0,0,0,0,0,0,0
30.12345,1,0,0,0,0,0,0,-1,0,1.0000,-1,0,0,0,0,0,0,0,0,0
30.14505,1,0,0,0,0,0,0,-1,0,1.0000,-1,0,0,0,0,0,0,0,0,0
30.16701,1,0,0,0,0,0,0,-1,0,1.0000,-1,0,0,0,0,0,0,0,0,0
30.18961,1,0,0,0,0,0,0,-1,0,1.0000,-1,0,0,0,0,0,0,0,0,0
30.21199,1,0,0,0,0,0,0,-1,0,1.0000,-1,0,0,0,0,0,0,0,0,0
30.23388,1,0,0,0,0,0,0,-1,0,1.0000,-1,0,0,0,0,0,0,0,0,0
30.2559,1,0,0,0,0,0,0,-1,0,1.0000,-1,0,0,0,0,0,0,0,0,0
30.27851,1,0,0,0,0,0,0,-1,0,1.0000,-1,0,0,0,0,0,0,0,0,0
30.30084,1,0,0,0,0,0,0,-1,0,1.0000,-1,0,0,0,0,0,0,0,0,0
30.32265,1,0,0,0,0,0,0,-1,0,1.0000,-1,0,0,0,0,0,0,0,0,0
30.34471,1,0,0,0,0,0,0,-1,0,1.0000,-1,0,0,0,0,0,0,0,0,0
30.36754,1,0,0,0,0,0,0,-1,0,1.0000,-1,0,0,0,0,0,0,0,0,0
30.38958,1,0,0,0,0,0,0,-1,0,1.0000,-1,0,0,0,0,0,0,0,0,0
30.41166,1,0,0,0,0,0,0,-1,0,1.0000,-1,0,0,0,0,0,0,0,0,0
30.43406,1,0,0,0,0,0,0,-1,0,1.0000,-1,0,0,0,0,0,0,0,0,0
30.4571,1,0,0,0,0,0,0,-1,0,1.0000,-1,0,0,0,0,0,0,0,0,0
30.47814,1,0,0,0,0,0,0,-1,0,1.0000,-1,0,0,0,0,0,0,0,0,0
30.50056,1,0,0,0,0,0,0,-1,0,1.0000,-1,0,0,0,0,0,0,0,0,0
30.52293,1,0,0,0,0,0,0,-1,0,0.0000,-1,0,0,0,0,0,0,0,0,0
30.54487,1,0,0,0,0,0,0,-1,0,0.0000,-1,0,0,0,0,0,0,0,0,0
30.56725,1,0,0,0,0,0,0,-1,0,0.0000,-1,0,0,0,0,0,0,0,0,0
30.58971,1,0,0,0,0,0,0,-1,0,0.0000,-1,0,0,0,0,0,0,0,0,0
30.61171,1,0,0,0,0,0,0,-1,0,0.0000,-1,0,0,0,0,0,0,0,0,0
30.63403,1,0,0,0,0,0,0,-1,0,0.0000,-1,0,0,0,0,0,0,0,0,0
30.67656,1,0,0,0,0,0,0,-1,0,0.0000,-1,0,0,0,0,0,0,0,0,0
30.68807,1,0,0,0,0,0,0,-1,0,0.0000,-1,0,0,0,0,0,0,0,0,0
30.70312,1,0,0,0,0,0,0,-1,0,0.0000,-1,0,0,0,0,0,0,0,0,0
30.72569,1,0,0,0,0,0,0,-1,0,0.0000,-1,0,0,0,0,0,0,0,0,0
30.7483,1,0,0,0,0,0,0,-1,0,0.0000,-1,0,0,0,0,0,0,0,0,0
30.77035,1,0,0,0,0,0,0,-1,0,0.0000,-1,0,0,0,0,0,0,0,0,0
30.79317,1,0,0,0,0,0,0,-1,0,0.0000,-1,0,0,0,0,0,0,0,0,0
30.81549,1,0,0,0,0,0,0,-1,0,0.0000,-1,0,0,0,0,0,0,0,0,0
30.83832,1,0,0,0,0,0,0,-1,0,0.0000,-1,0,0,0,0,0,0,0,0,0
30.8797,1,0,0,0,0,0,0,-1,0,0.0000,-1,0,0,0,0,0,0,0,0,0
30.89047,1,0,0,0,0,0,0,-1,0,0.0000,-1,0,0,0,0,0,0,0,0,0
30.90849,1,0,0,0,0,0,0,-1,0,0.0000,-1,0,0,0,0,0,0,0,0,0
30.93152,1,0,0,0,0,0,0,-1,0,0.0000,-1,0,0,0,0,0,0,0,0,0
30.95396,1,0,0,0,0,0,0,-1,0,0.0000,-1,0,0,0,0,0,0,0,0,0
30.97672,1,0,0,0,0,0,0,-1,0,0.0000,-1,0,0,0,0,0,0,0,0,0
30.99975,1,0,0,0,0,0,0,-1,0,0.0000,-1,0,0,0,0,0,0,0,0,0
31.02281,1,0,0,0,0,0,0,-1,0,0.0000,-1,0,0,0,0,0,0,0,0,0
31.04622,1,0,0,0,0,0,0,-1,0,0.0000,-1,0,0,0,0,0,0,0,0,0
31.06896,1,0,0,0,0,0,0,-1,0,0.0000,-1,0,0,0,0,0,0,0,0,0
31.09155,1,0,0,0,0,0,0,-1,0,0.0000,-1,0,0,0,0,0,0,0,0,0
31.11358,1,0,0,0,0,0,0,-1,0,0.0000,-1,0,0,0,0,0,0,0,0,0
31.13652,1,0,0,0,0,0,0,-1,0,0.0000,-1,0,0,0,0,0,0,0,0,0
31.15927,1,0,0,0,0,0,0,-1,0,0.0000,-1,0,0,0,0,0,0,0,0,0
31.18245,1,0,0,0,0,0,0,-1,0,0.0000,-1,0,0,0,0,0,0,0,0,0
31.20464,1,0,0,0,0,0,0,-1,0,0.0000,-1,0,0,0,0,0,0,0,0,0
31.22722,1,0,0,0,0,0,0,-1,0,0.0000,-1,0,0,0,0,0,0,0,0,0
31.24999,1,0,0,0,0,0,0,-1,0,0.0000,-1,0,0,0,0,0,0,0,0,0
31.27287,1,0,0,0,0,0,0,-1,0,0.0000,-1,0,0,0,0,0,0,0,0,0
31.29569,1,0,0,0,0,0,0,-1,0,0.0000,-1,0,0,0,0,0,0,0,0,0
31.31929,1,0,0,0,0,0,0,-1,0,0.0000,-1,0,0,0,0,0,0,0,0,0
31.34248,1,0,0,0,0,0,0,-1,0,0.0000,-1,0,0,0,0,0,0,0,0,0
31.36475,1,0,0,0,0,0,0,-1,0,0.0000,-1,0,0,0,0,0,0,0,0,0
31.38804,1,0,0,0,0,0,0,-1,0,0.0000,-1,0,0,0,0,0,0,0,0,0
31.41091,1,0,0,0,0,0,0,-1,0,0.0000,-1,0,0,0,0,0,0,0,0,0
31.43365,1,0,0,0,0,0,0,-1,0,0.0000,-1,0,0,0,0,0,0,0,0,0
31.45638,1,0,0,0,0,0,0,-1,0,0.0000,-1,0,0,0,0,0,0,0,0,0
31.47878,1,0,0,0,0,0,0,-1,0,0.0000,-1,0,0,0,0,0,0,0,0,0
31.50128,1,0,0,0,0,0,0,-1,0,0.0000,-1,0,0,0,0,0,0,0,0,0
31.52418,1,0,0,0,0,0,0,-1,0,0.0000,-1,0,0,0,0,0,0,0,0,0
31.54712,1,0,0,0,0,0,0,-1,0,0.0000,-1,0,0,0,0,0,0,0,0,0
31.57013,1,0,0,0,0,0,0,-1,0,0.0000,-1,0,0,0,0,0,0,0,0,0
31.59209,1,0,0,0,0,0,0,-1,0,0.0000,-1,0,0,0,0,0,0,0,0,0
31.6151,1,0,0,0,0,0,0,-1,0,0.0000,-1,0,0,0,0,0,0,0,0,0
31.63824,1,0,0,0,0,0,0,-1,0,0.0000,-1,0,0,0,0,0,0,0,0,0
31.66214,1,0,0,0,0,0,0,-1,0,0.0000,-1,0,0,0,0,0,0,0,0,0
31.68434,1,0,0,0,0,0,0,-1,0,0.0000,-1,0,0,0,0,0,0,0,0,0
31.7068,1,0,0,0,0,0,0,-1,0,0.0000,-1,0,0,0,0,0,0,0,0,0
31.72986,1,0,0,0,0,0,0,-1,0,0.0000,-1,0,0,0,0,0,0,0,0,0
31.75258,1,0,0,0,0,0,0,-1,0,0.0000,-1,0,0,0,0,0,0,0,0,0
31.77537,1,0,0,0,0,0,0,-1,0,0.0000,-1,0,0,0,0,0,0,0,0,0
31.79836,1,0,0,0,0,0,0,-1,0,0.0000,-1,0,0,0,0,0,0,0,0,0
31.82138,1,0,0,0,0,0,0,-1,0,0.0000,-1,0,0,0,0,0,0,0,0,0
31.84386,1,0,0,0,0,0,0,-1,0,0.0000,-1,0,0,0,0,0,0,0,0,0
31.86645,1,0,0,0,0,0,0,-1,0,0.0000,-1,0,0,0,0,0,0,0,0,0
31.88956,1,0,0,0,0,0,0,-1,0,0.0000,-1,0,0,0,0,0,0,0,0,0
31.91173,1,0,0,0,0,0,0,-1,0,0.0000,-1,0,0,0,0,0,0,0,0,0
31.9346,1,0,0,0,0,0,0,-1,0,0.0000,-1,0,0,0,0,0,0,0,0,0
31.9578,1,0,0,0,0,0,0,-1,0,0.0000,-1,0,0,0,0,0,0,0,0,0
31.98006,1,0,0,0,0,0,0,-1,0,0.0000,-1,0,0,0,0,0,0,0,0,0
32.00367,1,0,0,0,0,0,0,-1,0,0.0000,-1,0,0,0,0,0,0,0,0,0
32.02632,1,0,0,0,0,0,0,-1,0,0.0000,-1,0,0,0,0,0,0,0,0,0
32.04925,1,0,0,0,0,0,0,-1,0,0.0000,-1,0,0,0,0,0,0,0,0,0
32.07202,1,0,0,0,0,0,0,-1,0,0.0000,-1,0,0,0,0,0,0,0,0,0
32.09571,1,0,0,0,0,0,0,-1,0,0.0000,-1,0,0,0,0,0,0,0,0,0
32.11819,1,0,0,0,0,0,0,-1,0,0.0000,-1,0,0,0,0,0,0,0,0,0
32.1412,1,0,0,0,0,0,0,-1,0,0.0000,-1,0,0,0,0,0,0,0,0,0
32.16429,1,0,0,0,0,0,0,-1,0,0.0000,-1,0,0,0,0,0,0,0,0,0
32.18739,1,0,0,0,0,0,0,-1,0,0.0000,-1,0,0,0,0,0,0,0,0,0
32.21006,1,0,0,0,0,0,0,-1,0,0.0000,-1,0,0,0,0,0,0,0,0,0
32.23288,1,0,0,0,0,0,0,-1,0,0.0000,-1,0,0,0,0,0,0,0,0,0
32.25576,1,0,0,0,0,0,0,-1,0,0.0000,-1,0,0,0,0,0,0,0,0,0
32.27875,1,0,0,0,0,0,0,-1,0,0.0000,-1,0,0,0,0,0,0,0,0,0
32.30151,1,0,0,0,0,0,0,-1,0,0.0000,-1,0,0,0,0,0,0,0,0,0
32.32421,1,0,0,0,0,0,0,-1,0,0.0000,-1,0,0,0,0,0,0,0,0,0
32.3483,1,0,0,0,0,0,0,-1,0,0.0000,-1,0,0,0,0,0,0,0,0,0
32.37032,1,0,0,0,0,0,0,-1,0,0.0000,-1,0,0,0,0,0,0,0,0,0
32.39807,1,0,0,0,0,0,0,-1,0,0.0000,-1,0,0,0,0,0,0,0,0,0
32.42376,1,0,0,0,0,0,0,-1,0,0.0000,-1,0,0,0,0,0,0,0,0,0
32.4483,1,0,0,0,0,0,0,-1,0,0.0000,-1,0,0,0,0,0,0,0,0,0
32.47217,1,0,0,0,0,0,0,-1,0,0.0000,-1,0,0,0,0,0,0,0,0,0
32.49633,1,0,0,0,0,0,0,-1,0,0.0000,-1,0,0,0,0,0,0,0,0,0
32.52119,1,0,0,0,0,0,0,-1,0,0.0000,-1,0,0,0,0,0,0,0,0,0
32.54428,1,0,0,0,0,0,0,-1,0,0.0000,-1,0,0,0,0,0,0,0,0,0
32.5685,1,0,0,0,0,0,0,-1,0,0.0000,-1,0,0,0,0,0,0,0,0,0
32.59477,1,0,0,0,0,0,0,-1,0,0.0000,-1,0,0,0,0,0,0,0,0,0
32.61874,1,0,0,0,0,0,0,-1,0,0.0000,-1,0,0,0,0,0,0,0,0,0
32.64388,1,0,0,0,0,0,0,-1,0,0.0000,-1,0,0,0,0,0,0,0,0,0
32.66705,1,0,0,0,0,0,0,-1,0,0.0000,-1,0,0,0,0,0,0,0,0,0
32.69258,1,0,0,0,0,0,0,-1,0,0.0000,-1,0,0,0,0,0,0,0,0,0
32.71691,1,0,0,0,0,0,0,-1,0,0.0000,-1,0,0,0,0,0,0,0,0,0
32.74229,1,0,0,0,0,0,0,-1,0,0.0000,-1,0,0,0,0,0,0,0,0,0
32.76626,1,0,0,0,0,0,0,-1,0,0.0000,-1,0,0,0,0,0,0,0,0,0
32.79073,1,0,0,0,0,0,0,-1,0,0.0000,-1,0,0,0,0,0,0,0,0,0
32.8159,1,0,0,0,0,0,0,-1,0,0.0000,-1,0,0,0,0,0,0,0,0,0
32.83956,1,0,0,0,0,0,0,-1,0,0.0000,-1,0,0,0,0,0,0,0,0,0
32.86495,1,0,0,0,0,0,0,-1,0,0.0000,-1,0,0,0,0,0,0,0,0,0
32.88839,1,0,0,0,0,0,0,-1,0,0.0000,-1,0,0,0,0,0,0,0,0,0
32.91156,1,0,0,0,0,0,0,-1,0,0.0000,-1,0,0,0,0,0,0,0,0,0
32.93328,1,0,0,0,0,0,0,-1,0,0.0000,-1,0,0,0,0,0,0,0,0,0
32.95742,1,0,0,0,0,0,0,-1,0,0.0000,-1,0,0,0,0,0,0,0,0,0
32.98019,1,0,0,0,0,0,0,-1,0,0.0000,-1,0,0,0,0,0,0,0,0,0
33.00309,1,0,0,0,0,0,0,-1,0,0.0000,-1,0,0,0,0,0,0,0,0,0
33.02761,1,0,0,0,0,0,0,-1,0,0.0000,-1,0,0,0,0,0,0,0,0,0
33.04963,1,0,0,0,0,0,0,-1,0,0.0000,-1,0,0,0,0,0,0,0,0,0
33.0731,1,0,0,0,0,0,0,-1,0,0.0000,-1,0,0,0,0,0,0,0,0,0
33.09644,1,0,0,0,0,0,0,-1,0,0.0000,-1,0,0,0,0,0,0,0,0,0
33.11949,1,0,0,0,0,0,0,-1,0,0.0000,-1,0,0,0,0,0,0,0,0,0
33.14391,1,0,0,0,0,0,0,-1,0,0.0000,-1,0,0,0,0,0,0,0,0,0
33.16718,1,0,0,0,0,0,0,-1,0,0.0000,-1,0,0,0,0,0,0,0,0,0
33.19194,1,0,0,0,0,0,0,-1,0,0.0000,-1,0,0,0,0,0,0,0,0,0
33.21524,1,0,0,0,0,0,0,-1,0,0.0000,-1,0,0,0,0,0,0,0,0,0
33.23868,1,0,0,0,0,0,0,-1,0,0.0000,-1,0,0,0,0,0,0,0,0,0
33.2622,1,0,0,0,0,0,0,-1,0,0.0000,-1,0,0,0,0,0,0,0,0,0
33.28747,1,0,0,0,0,0,0,-1,0,0.0000,-1,0,0,0,0,0,0,0,0,0
33.31062,1,0,0,0,0,0,0,-1,0,0.0000,-1,0,0,0,0,0,0,0,0,0
33.33414,1,0,0,0,0,0,0,-1,0,0.0000,-1,0,0,0,0,0,0,0,0,0
33.35718,1,0,0,0,0,0,0,-1,0,0.0000,-1,0,0,0,0,0,0,0,0,0
33.38145,1,0,0,0,0,0,0,-1,0,0.0000,-1,0,0,0,0,0,0,0,0,0
33.40395,1,0,0,0,0,0,0,-1,0,0.0000,-1,0,0,0,0,0,0,0,0,0
33.42686,1,0,0,0,0,0,0,-1,0,0.0000,-1,0,0,0,0,0,0,0,0,0
33.4506,1,0,0,0,0,0,0,-1,0,0.0000,-1,0,0,0,0,0,0,0,0,0
33.47416,1,0,0,0,0,0,0,-1,0,0.0000,-1,0,0,0,0,0,0,0,0,0
33.49836,1,0,0,0,0,0,0,-1,0,0.0000,-1,0,0,0,0,0,0,0,0,0
33.52536,1,0,0,0,0,0,0,-1,0,0.0000,-1,0,0,0,0,0,0,0,0,0
33.54761,1,0,0,0,0,0,0,-1,0,0.0000,-1,0,0,0,0,0,0,0,0,0
33.57517,1,0,0,0,0,0,0,-1,0,0.0000,-1,0,0,0,0,0,0,0,0,0
33.616,1,0,0,0,0,0,0,-1,0,0.0000,-1,0,0,0,0,0,0,0,0,0
33.62924,1,0,0,0,0,0,0,-1,0,0.0000,-1,0,0,0,0,0,0,0,0,0
33.64562,1,0,0,0,0,0,0,-1,0,0.0000,-1,0,0,0,0,0,0,0,0,0
33.66893,1,0,0,0,0,0,0,-1,0,0.0000,-1,0,0,0,0,0,0,0,0,0
33.69184,1,0,0,0,0,0,0,-1,0,0.0000,-1,0,0,0,0,0,0,0,0,0
33.71479,1,0,0,0,0,0,0,-1,0,0.0000,-1,0,0,0,0,0,0,0,0,0
33.73808,1,0,0,0,0,0,0,-1,0,0.0000,-1,0,0,0,0,0,0,0,0,0
33.76266,1,0,0,0,0,0,0,-1,0,0.0000,-1,0,0,0,0,0,0,0,0,0
33.78787,1,0,0,0,0,0,0,-1,0,0.0000,-1,0,0,0,0,0,0,0,0,0
33.81259,1,0,0,0,0,0,0,-1,0,0.0000,-1,0,0,0,0,0,0,0,0,0
33.83603,1,0,0,0,0,0,0,-1,0,0.0000,-1,0,0,0,0,0,0,0,0,0
33.85981,1,0,0,0,0,0,0,-1,0,0.0000,-1,0,0,0,0,0,0,0,0,0
33.88328,1,0,0,0,0,0,0,-1,0,0.0000,-1,0,0,0,0,0,0,0,0,0
33.90634,1,0,0,0,0,0,0,-1,0,0.0000,-1,0,0,0,0,0,0,0,0,0
33.92999,1,0,0,0,0,0,0,-1,0,0.0000,-1,0,0,0,0,0,0,0,0,0
33.9547,1,0,0,0,0,0,0,-1,0,0.0000,-1,0,0,0,0,0,0,0,0,0
33.97617,1,0,0,0,0,0,0,-1,0,0.0000,-1,0,0,0,0,0,0,0,0,0
34.00018,1,0,0,0,0,0,0,-1,0,0.0000,-1,0,0,0,0,0,0,0,0,0
34.0427,1,0,0,0,0,0,0,-1,0,0.0000,-1,0,0,0,0,0,0,0,0,0
34.0543,1,0,0,0,0,0,0,-1,0,0.0000,-1,0,0,0,0,0,0,0,0,0
34.07047,1,0,0,0,0,0,0,-1,0,0.0000,-1,0,0,0,0,0,0,0,0,0
34.09415,1,0,0,0,0,0,0,-1,0,0.0000,-1,0,0,0,0,0,0,0,0,0
34.11733,1,0,0,0,0,0,0,-1,0,0.0000,-1,0,0,0,0,0,0,0,0,0
34.13956,1,0,0,0,0,0,0,-1,0,0.0000,-1,0,0,0,0,0,0,0,0,0
34.16274,1,0,0,0,0,0,0,-1,0,0.0000,-1,0,0,0,0,0,0,0,0,0
34.18612,1,0,0,0,0,0,0,-1,0,0.0000,-1,0,0,0,0,0,0,0,0,0
34.20887,1,0,0,0,0,0,0,-1,0,0.0000,-1,0,0,0,0,0,0,0,0,0
34.2316,1,0,0,0,0,0,0,-1,0,0.0000,-1,0,0,0,0,0,0,0,0,0
34.25465,1,0,0,0,0,0,0,-1,0,0.0000,-1,0,0,0,0,0,0,0,0,0
34.27693,1,0,0,0,0,0,0,-1,0,0.0000,-1,0,0,0,0,0,0,0,0,0
34.30037,1,0,0,0,0,0,0,-1,0,0.0000,-1,0,0,0,0,0,0,0,0,0
34.32277,1,0,0,0,0,0,0,-1,0,0.0000,-1,0,0,0,0,0,0,0,0,0
34.34544,1,0,0,0,0,0,0,-1,0,0.0000,-1,0,0,0,0,0,0,0,0,0
34.37009,1,0,0,0,0,0,0,-1,0,0.0000,-1,0,0,0,0,0,0,0,0,0
34.39201,1,0,0,0,0,0,0,-1,0,0.0000,-1,0,0,0,0,0,0,0,0,0
34.41445,1,0,0,0,0,0,0,-1,0,0.0000,-1,0,0,0,0,0,0,0,0,0
34.43727,1,0,0,0,0,0,0,-1,0,0.0000,-1,0,0,0,0,0,0,0,0,0
34.46014,1,0,0,0,0,0,0,-1,0,0.0000,-1,0,0,0,0,0,0,0,0,0
34.48228,1,0,0,0,0,0,0,-1,0,0.0000,-1,0,0,0,0,0,0,0,0,0
34.50466,1,0,0,0,0,0,0,-1,0,0.0000,-1,0,0,0,0,0,0,0,0,0
34.52747,1,0,0,0,0,0,0,-1,0,0.0000,-1,0,0,0,0,0,0,0,0,0
34.5498,1,0,0,0,0,0,0,-1,0,0.0000,-1,0,0,0,0,0,0,0,0,0
34.57398,1,0,0,0,0,0,0,-1,0,0.0000,-1,0,0,0,0,0,0,0,0,0
34.59586,1,0,0,0,0,0,0,-1,0,0.0000,-1,0,0,0,0,0,0,0,0,0
34.61824,1,0,0,0,0,0,0,-1,0,0.0000,-1,0,0,0,0,0,0,0,0,0
34.64094,1,0,0,0,0,0,1,0,0,0.0000,-1,0,0,0,0,0,0,0,0,0
34.6727,1,0,0,0,0,0,1,0,0,0.0000,-1,0,0,0,0,0,0,0,0,0
34.68671,1,0,0,0,0,0,1,0,0,0.0000,-1,0,0,0,0,0,0,0,0,0
34.70893,1,0,0,0,0,0,1,0,0,0.0000,-1,0,0,0,0,0,0,0,0,0
34.73173,1,0,0,0,0,0,1,0,0,0.0000,-1,0,0,0,0,0,0,0,0,0
34.75436,1,0,0,0,0,0,1,0,0,0.0000,-1,0,0,0,0,0,0,0,0,0
34.77828,1,0,0,0,0,0,1,0,0,0.0000,-1,0,0,0,0,0,0,0,0,0
34.80112,1,0,0,0,0,0,1,0,0,0.0000,-1,0,0,0,0,0,0,0,0,0
34.82408,1,0,0,0,0,0,1,0,0,0.0000,-1,0,0,0,0,0,0,0,0,0
34.84675,1,0,0,0,0,0,1,0,0,0.0000,-1,0,0,0,0,0,0,0,0,0
34.86974,1,0,0,0,0,0,1,0,0,0.0000,-1,0,0,0,0,0,0,0,0,0
34.89215,1,0,0,0,0,0,1,0,0,0.0000,-1,0,0,0,0,0,0,0,0,0
34.91513,1,0,0,0,0,0,1,0,0,0.0000,-1,0,0,0,0,0,0,0,0,0
34.93761,1,0,0,0,0,0,1,0,1,1.0000,-1,0,0,0,0,0,0,0,0,0
34.96066,1,0,0,0,0,0,1,0,0,1.0000,-1,0,0,0,0,0,0,0,0,0
34.98347,1,0,0,0,0,0,1,0,0,1.0000,-1,0,0,0,0,0,0,0,0,0
35.00674,1,0,0,0,0,0,1,0,0,1.0000,-1,0,0,0,0,0,0,0,0,0
35.02885,1,0,0,0,0,0,1,0,0,1.0000,-1,0,0,0,0,0,0,0,0,0
35.05175,1,0,0,0,0,0,1,0,0,1.0000,-1,0,0,0,0,0,0,0,0,0
35.07514,1,0,0,0,0,0,1,0,0,1.0000,-1,0,0,0,0,0,0,0,0,0
35.09785,1,0,0,0,0,0,1,0,0,1.0000,-1,0,0,0,0,0,0,0,0,0
35.12017,1,0,0,0,0,0,1,0,0,1.0000,-1,0,0,0,0,0,0,0,0,0
35.14328,1,0,0,0,0,0,1,0,0,1.0000,-1,0,0,0,0,0,0,0,0,0
35.16601,1,0,0,0,0,0,1,0,0,1.0000,-1,0,0,0,0,0,0,0,0,0
35.19016,1,0,0,0,0,0,1,0,0,1.0000,-1,0,0,0,0,0,0,0,0,0
35.21361,1,0,0,0,0,0,1,0,0,1.0000,-1,0,0,0,0,0,0,0,0,0
35.2354,1,0,0,0,0,0,1,0,0,1.0000,-1,0,0,0,0,0,0,0,0,0
35.25837,1,0,0,0,0,0,1,0,0,1.0000,-1,0,0,0,0,0,0,0,0,0
35.28074,1,0,0,0,0,0,1,0,0,1.0000,-1,0,0,0,0,0,0,0,0,0
35.30418,1,0,0,0,0,0,1,0,0,1.0000,-1,0,0,0,0,0,0,0,0,0
35.3267,1,0,0,0,0,0,1,0,0,1.0000,-1,0,0,0,0,0,0,0,0,0
35.34986,1,0,0,0,0,0,1,0,1,2.0000,-1,0,0,0,0,0,0,0,0,0
35.37421,1,0,0,0,0,0,1,0,0,2.0000,-1,0,0,0,0,0,0,0,0,0
35.39787,1,0,0,0,0,0,0,-1,0,2.0000,-1,0,0,0,0,0,0,0,0,0
35.4204,1,0,0,0,0,0,0,-1,0,2.0000,-1,0,0,0,0,0,0,0,0,0
35.44313,1,0,0,0,0,0,0,-1,0,2.0000,-1,0,0,0,0,0,0,0,0,0
35.46585,1,0,0,0,0,0,0,-1,0,2.0000,-1,0,0,0,0,0,0,0,0,0
35.48812,1,0,0,0,0,0,0,-1,0,2.0000,-1,0,0,0,0,0,0,0,0,0
35.511,1,0,0,0,0,0,0,-1,0,2.0000,-1,0,0,0,0,0,0,0,0,0
35.53389,1,0,0,0,0,0,0,-1,0,2.0000,-1,0,0,0,0,0,0,0,0,0
35.55693,1,0,0,0,0,0,0,-1,0,2.0000,-1,0,0,0,0,0,0,0,0,0
35.579,1,0,0,0,0,0,0,-1,0,2.0000,-1,0,0,0,0,0,0,0,0,0
35.60145,1,0,0,0,0,0,0,-1,0,2.0000,-1,0,0,0,0,0,0,0,0,0
35.62332,1,0,0,0,0,0,0,-1,0,2.0000,-1,0,0,0,0,0,0,0,0,0
35.64537,1,0,0,0,0,0,0,-1,0,2.0000,-1,0,0,0,0,0,0,0,0,0
35.68761,1,0,0,0,0,0,0,-1,0,2.0000,-1,0,0,0,0,0,0,0,0,0
35.69839,1,0,0,0,0,0,0,-1,0,2.0000,-1,0,0,0,0,0,0,0,0,0
35.71361,1,0,0,0,0,0,0,-1,0,2.0000,-1,0,0,0,0,0,0,0,0,0
35.7361,1,0,0,0,0,0,0,-1,0,2.0000,-1,0,0,0,0,0,0,0,0,0
35.75864,1,0,0,0,0,0,0,-1,0,2.0000,-1,0,0,0,0,0,0,0,0,0
35.7807,1,0,0,0,0,0,0,-1,0,2.0000,-1,0,0,0,0,0,0,0,0,0
35.8032,1,0,0,0,0,0,0,-1,0,2.0000,-1,0,0,0,0,0,0,0,0,0
35.82515,1,0,0,0,0,0,0,-1,0,2.0000,-1,0,0,0,0,0,0,0,0,0
35.84743,1,0,0,0,0,0,0,-1,0,2.0000,-1,0,0,0,0,0,0,0,0,0
35.86966,1,0,0,0,0,0,0,-1,0,2.0000,-1,0,0,0,0,0,0,0,0,0
35.89156,1,0,0,0,0,0,0,-1,0,2.0000,-1,0,0,0,0,0,0,0,0,0
35.91405,1,0,0,0,0,0,0,-1,0,2.0000,-1,0,0,0,0,0,0,0,0,0
35.9362,1,0,0,0,0,0,0,-1,0,2.0000,-1,0,0,0,0,0,0,0,0,0
35.95842,1,0,0,0,0,0,0,-1,0,1.0000,-1,0,0,0,0,0,0,0,0,0
35.98046,1,0,0,0,0,0,0,-1,0,1.0000,-1,0,0,0,0,0,0,0,0,0
36.00294,1,0,0,0,0,0,0,-1,0,1.0000,-1,0,0,0,0,0,0,0,0,0
36.02509,1,0,0,0,0,0,0,-1,0,1.0000,-1,0,0,0,0,0,0,0,0,0
36.04738,1,0,0,0,0,0,0,-1,0,1.0000,-1,0,0,0,0,0,0,0,0,0
36.07005,1,0,0,0,0,0,0,-1,0,1.0000,-1,0,0,0,0,0,0,0,0,0
36.09153,1,0,0,0,0,0,0,-1,0,1.0000,-1,0,0,0,0,0,0,0,0,0
36.11443,1,0,0,0,0,0,0,-1,0,1.0000,-1,0,0,0,0,0,0,0,0,0
36.13745,1,0,0,0,0,0,0,-1,0,1.0000,-1,0,0,0,0,0,0,0,0,0
36.16038,1,0,0,0,0,0,0,-1,0,1.0000,-1,0,0,0,0,0,0,0,0,0
36.1825,1,0,0,0,0,0,0,-1,0,1.0000,-1,0,0,0,0,0,0,0,0,0
36.20458,1,0,0,0,0,0,0,-1,0,1.0000,-1,0,0,0,0,0,0,0,0,0
36.22606,1,0,0,0,0,0,0,-1,0,1.0000,-1,0,0,0,0,0,0,0,0,0
36.2485,1,0,0,0,0,0,0,-1,0,1.0000,-1,0,0,0,0,0,0,0,0,0
36.27059,1,0,0,0,0,0,0,-1,0,1.0000,-1,0,0,0,0,0,0,0,0,0
36.31173,1,0,0,0,0,0,0,-1,0,1.0000,-1,0,0,0,0,0,0,0,0,0
36.32296,1,0,0,0,0,0,0,-1,0,1.0000,-1,0,0,0,0,0,0,0,0,0
36.33943,1,0,0,0,0,0,0,-1,0,1.0000,-1,0,0,0,0,0,0,0,0,0
36.36162,1,0,0,0,0,0,0,-1,0,0.0000,-1,0,0,0,0,0,0,0,0,0
36.38382,1,0,0,0,0,0,0,-1,0,0.0000,-1,0,0,0,0,0,0,0,0,0
36.40584,1,0,0,0,0,0,0,-1,0,0.0000,-1,0,0,0,0,0,0,0,0,0
36.4288,1,0,0,0,0,0,0,-1,0,0.0000,-1,0,0,0,0,0,0,0,0,0
36.45114,1,0,0,0,0,0,0,-1,0,0.0000,-1,0,0,0,0,0,0,0,0,0
36.47305,1,0,0,0,0,0,0,-1,0,0.0000,-1,0,0,0,0,0,0,0,0,0
36.49487,1,0,0,0,0,0,0,-1,0,0.0000,-1,0,0,0,0,0,0,0,0,0
36.51701,1,0,0,0,0,0,0,-1,0,0.0000,-1,0,0,0,0,0,0,0,0,0
36.53948,1,0,0,0,0,0,0,-1,0,0.0000,-1,0,0,0,0,0,0,0,0,0
36.56138,1,0,0,0,0,0,0,-1,0,0.0000,-1,0,0,0,0,0,0,0,0,0
36.58397,1,0,0,0,0,0,0,-1,0,0.0000,-1,0,0,0,0,0,0,0,0,0
36.60622,1,0,0,0,0,0,0,-1,0,0.0000,-1,0,0,0,0,0,0,0,0,0
36.62823,1,0,0,0,0,0,0,-1,0,0.0000,-1,0,0,0,0,0,0,0,0,0
36.64972,1,0,0,0,0,0,0,-1,0,0.0000,-1,0,0,0,0,0,0,0,0,0
36.6715,1,0,0,0,0,0,0,-1,0,0.0000,-1,0,0,0,0,0,0,0,0,0
36.69374,1,0,0,0,0,0,0,-1,0,0.0000,-1,0,0,0,0,0,0,0,0,0
36.73417,1,0,0,0,0,0,0,-1,0,0.0000,-1,0,0,0,0,0,0,0,0,0
36.74897,1,0,0,0,0,0,0,-1,0,0.0000,-1,0,0,0,0,0,0,0,0,0
36.76202,1,0,0,0,0,0,0,-1,0,0.0000,-1,0,0,0,0,0,0,0,0,0
36.78709,1,0,0,0,0,0,0,-1,0,0.0000,-1,0,0,0,0,0,0,0,0,0
36.80617,1,0,0,0,0,0,0,-1,0,0.0000,-1,0,0,0,0,0,0,0,0,0
36.82895,1,0,0,0,0,0,0,-1,0,0.0000,-1,0,0,0,0,0,0,0,0,0
36.84996,1,0,0,0,0,0,0,-1,0,0.0000,-1,0,0,0,0,0,0,0,0,0
36.87171,1,0,0,0,0,0,0,-1,0,0.0000,-1,0,0,0,0,0,0,0,0,0
36.89385,1,0,0,0,0,0,0,-1,0,0.0000,-1,0,0,0,0,0,0,0,0,0
36.91442,1,0,0,0,0,0,0,-1,0,0.0000,-1,0,0,0,0,0,0,0,0,0
36.93604,1,0,0,0,0,0,0,-1,0,0.0000,-1,0,0,0,0,0,0,0,0,0
36.95865,1,0,0,0,0,0,0,-1,0,0.0000,-1,0,0,0,0,0,0,0,0,0
36.98009,1,0,0,0,0,0,0,-1,0,0.0000,-1,0,0,0,0,0,0,0,0,0
37.00211,1,0,0,0,0,0,0,-1,0,0.0000,-1,0,0,0,0,0,0,0,0,0
37.02365,1,0,0,0,0,0,0,-1,0,0.0000,-1,0,0,0,0,0,0,0,0,0
37.04557,1,0,0,0,0,0,0,-1,0,0.0000,-1,0,0,0,0,0,0,0,0,0
37.06771,1,0,0,0,0,0,0,-1,0,0.0000,-1,0,0,0,0,0,0,0,0,0
37.08944,1,0,0,0,0,0,0,-1,0,0.0000,-1,0,0,0,0,0,0,0,0,0
37.11139,1,0,0,0,0,0,0,-1,0,0.0000,-1,0,0,0,0,0,0,0,0,0
37.13373,1,0,0,0,0,0,0,-1,0,0.0000,-1,0,0,0,0,0,0,0,0,0
37.15473,1,0,0,0,0,0,0,-1,0,0.0000,-1,0,0,0,0,0,0,0,0,0
37.17784,1,0,0,0,0,0,0,-1,0,0.0000,-1,0,0,0,0,0,0,0,0,0
37.19949,1,0,0,0,0,0,0,-1,0,0.0000,-1,0,0,0,0,0,0,0,0,0
37.22115,1,0,0,0,0,0,0,-1,0,0.0000,-1,0,0,0,0,0,0,0,0,0
37.24308,1,0,0,0,0,0,0,-1,0,0.0000,-1,0,0,0,0,0,0,0,0,0
37.26455,1,0,0,0,0,0,0,-1,0,0.0000,-1,0,0,0,0,0,0,0,0,0
37.28648,1,0,0,0,0,0,0,-1,0,0.0000,-1,0,0,0,0,0,0,0,0,0
37.30832,1,0,0,1,0,0,0,-1,0,0.0000,-1,0,0,0,0,0,0,0,0,0
37.33071,1,0,0,1,0,0,0,-1,0,0.0000,-1,0,0,0,0,0,0,0,0,0
37.35268,1,0,0,1,0,0,0,-1,0,0.0000,-1,0,0,0,0,0,0,0,0,0
37.39281,1,0,0,1,0,0,0,-1,0,0.0000,-1,0,0,0,0,0,0,0,0,0
37.40384,1,0,0,1,0,0,0,-1,0,0.0000,-1,0,0,0,0,0,0,0,0,0
37.42028,1,0,0,1,0,0,0,-1,0,0.0000,-1,0,0,0,0,0,0,0,0,0
37.44258,1,0,0,1,0,0,0,-1,0,0.0000,-1,0,0,0,0,0,0,0,0,0
37.4641,1,0,0,1,0,0,0,-1,0,0.0000,-1,0,0,0,0,0,0,0,0,0
37.48596,1,0,0,1,0,0,0,-1,0,0.0000,-1,0,0,0,0,0,0,0,0,0
37.50857,1,0,0,1,0,0,0,-1,0,0.0000,-1,0,0,0,0,0,0,0,0,0
37.53015,1,0,0,1,0,0,0,-1,0,0.0000,-1,0,0,0,0,0,0,0,0,0
37.5518,1,0,0,1,0,0,0,-1,0,0.0000,-1,0,0,0,0,0,0,0,0,0
37.57375,1,0,0,1,0,0,0,-1,0,0.0000,-1,0,0,0,0,0,0,0,0,0
37.59552,1,0,0,1,0,0,0,-1,0,0.0000,-1,0,0,0,0,0,0,0,0,0
37.61676,1,0,0,1,0,0,0,-1,0,0.0000,-1,0,0,0,0,0,0,0,0,0
37.63846,1,0,0,1,0,0,0,-1,0,0.0000,-1,0,0,0,0,0,0,0,0,0
37.66036,1,0,0,1,0,0,0,-1,0,0.0000,-1,0,0,0,0,0,0,0,0,0
37.68145,1,0,0,1,0,0,0,-1,0,0.0000,-1,0,0,0,0,0,0,0,0,0
37.70435,1,0,0,1,0,0,0,-1,0,0.0000,-1,0,0,0,0,0,0,0,0,0
37.72537,1,0,0,1,0,0,0,-1,0,0.0000,-1,0,0,0,0,0,0,0,0,0
37.74706,1,0,0,1,0,0,0,-1,0,0.0000,-1,0,0,0,0,0,0,0,0,0
37.76944,1,0,0,1,0,0,0,-1,0,0.0000,-1,0,0,0,0,0,0,0,0,0
37.79213,1,0,0,1,0,0,0,-1,1,1.0000,-1,0,0,0,0,0,0,0,0,0
37.81395,1,0,0,1,0,0,0,-1,0,1.0000,-1,0,0,0,0,0,0,0,0,0
37.83497,1,0,0,1,0,0,0,-1,0,1.0000,-1,0,0,0,0,0,0,0,0,0
37.85691,1,0,0,1,0,0,0,-1,0,1.0000,-1,0,0,0,0,0,0,0,0,0
37.87897,1,0,0,1,0,0,0,-1,0,1.0000,-1,0,0,0,0,0,0,0,0,0
37.90076,1,0,0,1,0,0,0,-1,0,1.0000,-1,0,0,0,0,0,0,0,0,0
37.92207,1,0,0,1,0,0,0,-1,0,1.0000,-1,0,0,0,0,0,0,0,0,0
37.9446,1,0,0,1,0,0,0,-1,0,1.0000,-1,0,0,0,0,0,0,0,0,0
37.96619,1,0,0,1,0,0,0,-1,0,1.0000,-1,0,0,0,0,0,0,0,0,0
37.98818,1,0,0,1,0,0,0,-1,0,1.0000,-1,0,0,0,0,0,0,0,0,0
38.01008,1,0,0,1,1,0,0,-1,0,1.0000,-1,0,0,0,0,0,0,0,0,0
38.05038,1,0,0,1,1,0,0,-1,0,1.0000,-1,0,0,0,0,0,0,0,0,0
38.06233,1,0,0,1,1,0,0,-1,0,1.0000,-1,0,0,0,0,0,0,0,0,0
38.07836,1,0,0,1,1,0,0,-1,0,1.0000,-1,0,0,0,0,0,0,0,0,0
38.1004,1,0,0,1,1,0,0,-1,0,1.0000,-1,0,0,0,0,0,0,0,0,0
38.12231,1,0,0,1,1,0,0,-1,0,1.0000,-1,0,0,0,0,0,0,0,0,0
38.14396,1,0,0,1,1,0,0,-1,0,1.0000,-1,0,0,0,0,0,0,0,0,0
38.16555,1,0,0,1,1,0,0,-1,0,1.0000,-1,0,0,0,0,0,0,0,0,0
38.18737,1,0,0,1,1,0,0,-1,0,1.0000,-1,0,0,0,0,0,0,0,0,0
38.20854,1,0,0,1,1,0,0,-1,0,1.0000,-1,0,0,0,0,0,0,0,0,0
38.23057,1,0,0,1,1,0,0,-1,0,1.0000,-1,0,0,0,0,0,0,0,0,0
38.25232,1,0,0,1,1,0,0,-1,0,1.0000,-1,0,0,0,0,0,0,0,0,0
38.27348,1,0,0,1,1,0,0,-1,0,1.0000,-1,0,0,0,0,0,0,0,0,0
38.29426,1,0,0,1,1,0,0,-1,0,1.0000,-1,0,0,0,0,0,0,0,0,0
38.31544,1,0,0,1,1,0,0,-1,0,1.0000,-1,0,0,0,0,0,0,0,0,0
38.33617,1,0,0,1,1,0,0,-1,0,1.0000,-1,0,0,0,0,0,0,0,0,0
38.35728,1,0,0,1,1,0,0,-1,0,1.0000,-1,0,0,0,0,0,0,0,0,0
38.37838,1,0,0,1,1,0,0,-1,0,1.0000,-1,0,0,0,0,0,0,0,0,0
38.39981,1,0,0,1,1,0,0,-1,0,1.0000,-1,0,0,0,0,0,0,0,0,0
38.42125,1,0,0,1,1,0,0,-1,0,1.0000,-1,0,0,0,0,0,0,0,0,0
38.44207,1,0,0,1,1,0,0,-1,0,1.0000,-1,0,0,0,0,0,0,0,0,0
38.48146,1,0,0,1,1,0,0,-1,0,1.0000,-1,0,0,0,0,0,0,0,0,0
38.49268,1,0,0,1,1,0,0,-1,0,1.0000,-1,0,0,0,0,0,0,0,0,0
38.5083,1,0,0,1,1,0,0,-1,0,1.0000,-1,0,0,0,0,0,0,0,0,0
38.53005,1,0,0,1,1,0,0,-1,0,1.0000,-1,0,0,0,0,0,0,0,0,0
38.55109,1,0,0,1,1,0,0,-1,0,1.0000,-1,0,0,0,0,0,0,0,0,0
38.5715,1,0,0,1,1,0,0,-1,0,1.0000,-1,0,0,0,0,0,0,0,0,0
38.59297,1,0,0,1,1,0,0,-1,0,1.0000,-1,0,0,0,0,0,0,0,0,0
38.6136,1,0,0,1,1,0,0,-1,0,1.0000,-1,0,0,0,0,0,0,0,0,0
38.63535,1,0,0,1,1,0,0,-1,0,1.0000,-1,0,0,0,0,0,0,0,0,0
38.65525,1,0,0,1,0,0,0,-1,0,1.0000,-1,0,0,0,0,0,0,0,0,0
38.6767,1,0,0,1,0,0,0,-1,0,1.0000,-1,0,0,0,0,0,0,0,0,0
38.69835,1,0,0,1,0,0,0,-1,0,1.0000,-1,0,0,0,0,0,0,0,0,0
38.71926,1,0,0,1,0,0,0,-1,0,1.0000,-1,0,0,0,0,0,0,0,0,0
38.7407,1,0,0,1,0,0,0,-1,0,1.0000,-1,0,0,0,0,0,0,0,0,0
38.76041,1,0,0,1,0,0,0,-1,0,1.0000,-1,0,0,0,0,0,0,0,0,0
38.78211,1,0,0,1,0,0,0,-1,0,1.0000,-1,0,0,0,0,0,0,0,0,0
38.80326,1,0,0,1,0,0,0,-1,0,0.0000,-1,0,0,0,0,0,0,0,0,0
38.82362,1,0,0,1,0,0,0,-1,0,0.0000,-1,0,0,0,0,0,0,0,0,0
38.8451,1,0,0,1,0,0,0,-1,0,0.0000,-1,0,0,0,0,0,0,0,0,0
38.86623,1,0,0,1,0,0,0,-1,0,0.0000,-1,0,0,0,0,0,0,0,0,0
38.90479,1,0,0,1,0,0,0,-1,0,0.0000,-1,0,0,0,0,0,0,0,0,0
38.91602,1,0,0,1,0,0,0,-1,0,0.0000,-1,0,0,0,0,0,0,0,0,0
38.93174,1,0,0,1,0,0,0,-1,0,0.0000,-1,0,0,0,0,0,0,0,0,0
38.95346,1,0,0,1,0,0,0,-1,0,0.0000,-1,0,0,0,0,0,0,0,0,0
38.97508,1,0,0,1,0,0,0,-1,0,0.0000,-1,0,0,0,0,0,0,0,0,0
38.99622,1,0,0,1,0,0,0,-1,0,0.0000,-1,0,0,0,0,0,0,0,0,0
39.01772,1,0,0,1,0,0,0,-1,0,0.0000,-1,0,0,0,0,0,0,0,0,0
39.03893,1,0,0,1,0,0,0,-1,0,0.0000,-1,0,0,0,0,0,0,0,0,0
39.05992,1,0,0,1,0,0,0,-1,0,0.0000,-1,0,0,0,0,0,0,0,0,0
39.08154,1,0,0,1,0,0,0,-1,0,0.0000,-1,0,0,0,0,0,0,0,0,0
39.10288,1,0,0,0,0,0,0,-1,0,0.0000,-1,0,0,0,0,0,0,0,0,0
39.12419,1,0,0,0,0,0,0,-1,0,0.0000,-1,0,0,0,0,0,0,0,0,0
39.146,1,0,0,0,0,0,0,-1,0,0.0000,-1,0,0,0,0,0,0,0,0,0
39.16673,1,0,0,0,0,0,0,-1,0,0.0000,-1,0,0,0,0,0,0,0,0,0
39.1895,1,0,0,0,0,0,0,-1,0,0.0000,-1,0,0,0,0,0,0,0,0,0
39.21055,1,0,0,0,0,0,0,-1,0,0.0000,-1,0,0,0,0,0,0,0,0,0
39.23174,1,0,0,0,0,0,0,-1,0,0.0000,-1,0,0,0,0,0,0,0,0,0
39.2534,1,0,0,0,0,0,0,-1,0,0.0000,-1,0,0,0,0,0,0,0,0,0
39.27414,1,0,0,0,0,0,0,-1,0,0.0000,-1,0,0,0,0,0,0,0,0,0
39.29524,1,0,0,0,0,0,0,-1,0,0.0000,-1,0,0,0,0,0,0,0,0,0
39.33447,1,0,0,0,0,0,0,-1,1,1.0000,-1,0,0,0,0,0,0,0,0,0
39.34565,1,0,0,0,0,0,0,-1,0,1.0000,-1,0,0,0,0,0,0,0,0,0
39.36033,1,0,0,0,0,0,0,-1,0,1.0000,-1,0,0,0,0,0,0,0,0,0
39.38195,1,0,0,0,0,0,0,-1,0,1.0000,-1,0,0,0,0,0,0,0,0,0
39.40283,1,0,0,0,0,0,0,-1,0,1.0000,-1,0,0,0,0,0,0,0,0,0
39.42368,1,0,0,0,0,0,0,-1,0,1.0000,-1,0,0,0,0,0,0,0,0,0
39.44589,1,0,0,0,0,0,0,-1,0,1.0000,-1,0,0,0,0,0,0,0,0,0
39.46654,1,0,0,0,0,0,1,6,0,1.0000,-1,0,0,0,0,0,0,0,0,0
39.48824,1,0,0,0,0,0,1,6,0,1.0000,-1,0,0,0,0,0,0,0,0,0
39.50898,1,0,0,0,0,0,1,6,0,1.0000,-1,0,0,0,0,0,0,0,0,0
39.54827,1,0,0,0,0,0,1,6,0,1.0000,-1,0,0,0,0,0,0,0,0,0
39.55958,1,0,0,0,0,0,1,6,0,1.0000,-1,0,0,0,0,0,0,0,0,0
39.57442,1,0,0,0,0,0,1,6,0,1.0000,-1,0,0,0,0,0,0,0,0,0
39.59547,1,0,0,0,0,0,1,6,0,1.0000,-1,0,0,0,0,0,0,0,0,0
39.61662,1,0,0,0,0,0,1,6,0,1.0000,-1,0,0,0,0,0,0,0,0,0
39.63776,1,0,0,0,0,0,1,6,0,1.0000,-1,0,0,0,0,0,0,0,0,0
39.65829,1,0,0,0,0,0,1,6,0,1.0000,-1,0,0,0,0,0,0,0,0,0
39.67969,1,0,0,0,0,0,1,6,0,1.0000,-1,0,0,0,0,0,0,0,0,0
39.70111,1,0,0,0,0,0,1,6,0,1.0000,-1,0,0,0,0,0,0,0,0,0
39.72183,1,0,0,0,0,0,1,6,0,1.0000,-1,0,0,0,0,0,0,0,0,0
39.7431,1,0,0,0,0,0,1,6,0,1.0000,-1,0,0,0,0,0,0,0,0,0
39.76399,1,0,0,0,0,0,1,6,0,1.0000,-1,0,0,0,0,0,0,0,0,0
39.78554,1,0,0,0,0,0,1,6,0,1.0000,-1,0,0,0,0,0,0,0,0,0
39.80553,1,0,0,0,0,0,1,6,1,2.0000,-1,0,0,0,0,0,0,0,0,0
39.82706,1,0,0,0,0,0,1,6,0,2.0000,-1,0,0,0,0,0,0,0,0,0
39.84753,1,0,0,0,0,0,1,6,0,2.0000,-1,0,0,0,0,0,0,0,0,0
39.86841,1,0,0,0,0,0,1,6,0,2.0000,-1,0,0,0,0,0,0,0,0,0
39.88947,1,0,0,0,0,0,1,6,0,2.0000,-1,0,0,0,0,0,0,0,0,0
39.91172,1,0,0,0,0,0,1,6,0,2.0000,-1,0,0,0,0,0,0,0,0,0
39.93298,1,0,0,0,0,0,1,6,0,2.0000,-1,0,0,0,0,0,0,0,0,0
39.95334,1,0,0,0,0,0,1,6,0,2.0000,-1,0,0,0,0,0,0,0,0,0
39.97464,1,0,0,0,0,0,1,6,0,2.0000,-1,0,0,0,0,0,0,0,0,0
39.99522,1,0,0,0,0,0,1,6,0,2.0000,-1,0,0,0,0,0,0,0,0,0
40.01496,1,0,0,0,0,0,1,6,0,2.0000,-1,0,0,0,0,0,0,0,0,0
40.03648,1,0,0,0,0,0,1,6,0,2.0000,-1,0,0,0,0,0,0,0,0,0
40.05723,1,0,0,0,0,0,1,6,0,2.0000,-1,0,0,0,0,0,0,0,0,0
40.07853,1,0,0,0,0,0,1,6,1,3.0000,-1,0,0,0,0,0,0,0,0,0
40.09924,1,0,0,0,0,0,1,6,0,3.0000,-1,0,0,0,0,0,0,0,0,0
40.12136,1,0,0,0,0,0,1,6,0,3.0000,-1,0,0,0,0,0,0,0,0,0
40.14248,1,0,0,0,0,0,1,6,0,3.0000,-1,0,0,0,0,0,0,0,0,0
40.16357,1,0,0,0,0,0,1,6,0,3.0000,-1,0,0,0,0,0,0,0,0,0
40.18365,1,0,0,0,0,0,0,-1,0,3.0000,-1,0,0,0,0,0,0,0,0,0
40.20502,1,0,0,0,0,0,0,-1,0,3.0000,-1,0,0,0,0,0,0,0,0,0
40.22595,1,0,0,0,0,0,0,-1,0,3.0000,-1,0,0,0,0,0,0,0,0,0
40.2466,1,0,0,0,0,0,0,-1,0,3.0000,-1,0,0,0,0,0,0,0,0,0
40.26814,1,0,0,0,0,0,0,-1,0,3.0000,-1,0,0,0,0,0,0,0,0,0
40.28945,1,0,0,0,0,0,0,-1,1,4.0000,-1,0,0,0,0,0,0,0,0,0
40.31057,1,0,0,0,0,0,0,-1,0,4.0000,-1,0,0,0,0,0,0,0,0,0
40.33293,1,0,0,0,0,0,0,-1,0,4.0000,-1,0,0,0,0,0,0,0,0,0
40.354,1,0,0,0,0,0,0,-1,0,3.0000,-1,0,0,0,0,0,0,0,0,0
40.39385,1,0,0,0,0,0,0,-1,0,3.0000,-1,0,0,0,0,0,0,0,0,0
40.40448,1,0,0,0,0,0,0,-1,0,3.0000,-1,0,0,0,0,0,0,0,0,0
40.42017,1,0,0,0,0,0,0,-1,0,3.0000,-1,0,0,0,0,0,0,0,0,0
40.4417,1,0,0,0,0,0,0,-1,0,3.0000,-1,0,0,0,0,0,0,0,0,0
40.46238,1,0,0,0,0,0,0,-1,0,3.0000,-1,0,0,0,0,0,0,0,0,0
40.4825,1,0,0,0,0,0,0,-1,0,3.0000,-1,0,0,0,0,0,0,0,0,0
40.50348,1,0,0,0,0,0,0,-1,0,3.0000,-1,0,0,0,0,0,0,0,0,0
40.52422,1,0,0,0,0,0,0,-1,0,3.0000,-1,0,0,0,0,0,0,0,0,0
40.54573,1,0,0,0,0,0,0,-1,0,3.0000,-1,0,0,0,0,0,0,0,0,0
40.56714,1,0,0,0,0,0,0,-1,0,3.0000,-1,0,0,0,0,0,0,0,0,0
40.58848,1,0,0,0,0,0,0,-1,0,3.0000,-1,0,0,0,0,0,0,0,0,0
40.60955,1,0,0,0,0,0,0,-1,0,3.0000,-1,0,0,0,0,0,0,0,0,0
40.63072,1,0,0,0,0,0,0,-1,0,3.0000,-1,0,0,0,0,0,0,0,0,0
40.65101,1,0,0,0,0,0,0,-1,0,3.0000,-1,0,0,0,0,0,0,0,0,0
40.67076,1,0,0,0,0,0,0,-1,0,3.0000,-1,0,0,0,0,0,0,0,0,0
40.69156,1,0,0,0,0,0,0,-1,0,3.0000,-1,0,0,0,0,0,0,0,0,0
40.71282,1,0,0,0,0,0,0,-1,0,3.0000,-1,0,0,0,0,0,0,0,0,0
40.73311,1,0,0,0,0,0,0,-1,0,3.0000,-1,0,0,0,0,0,0,0,0,0
40.75458,1,0,0,0,0,0,0,-1,0,3.0000,-1,0,0,0,0,0,0,0,0,0
40.77681,1,0,0,0,0,0,0,-1,0,3.0000,-1,0,0,0,0,0,0,0,0,0
40.79802,1,0,0,0,0,0,0,-1,1,4.0000,-1,0,0,0,0,0,0,0,0,0
40.81909,1,0,0,0,0,0,0,-1,0,3.0000,-1,0,0,0,0,0,0,0,0,0
40.83856,1,0,0,0,0,0,1,8,0,3.0000,-1,0,0,0,0,0,0,0,0,0
40.85935,1,0,0,0,0,0,1,8,0,3.0000,-1,0,0,0,0,0,0,0,0,0
40.88066,1,0,0,0,0,0,1,8,0,3.0000,-1,0,0,0,0,0,0,0,0,0
40.90155,1,0,0,0,0,0,1,8,0,3.0000,-1,0,0,0,0,0,0,0,0,0
40.92237,1,0,0,0,0,0,1,8,0,3.0000,-1,0,0,0,0,0,0,0,0,0
40.94385,1,0,0,0,0,0,1,8,0,3.0000,-1,0,0,0,0,0,0,0,0,0
40.96692,1,0,0,0,0,0,1,8,0,3.0000,-1,0,0,0,0,0,0,0,0,0
40.98819,1,0,0,0,0,0,1,8,0,3.0000,-1,0,0,0,0,0,0,0,0,0
41.02621,1,0,0,0,0,0,1,8,0,3.0000,-1,0,0,0,0,0,0,0,0,0
41.03716,1,0,0,0,0,0,1,8,0,3.0000,-1,0,0,0,0,0,0,0,0,0
41.05346,1,0,0,0,0,0,1,8,0,3.0000,-1,0,0,0,0,0,0,0,0,0
41.07425,1,0,0,0,0,0,1,8,0,3.0000,-1,0,0,0,0,0,0,0,0,0
41.09559,1,0,0,0,0,0,1,8,0,2.0000,-1,0,0,0,0,0,0,0,0,0
41.11534,1,0,0,0,0,0,1,8,0,2.0000,-1,0,0,0,0,0,0,0,0,0
41.13594,1,0,0,0,0,0,1,8,0,2.0000,-1,0,0,0,0,0,0,0,0,0
41.15724,1,0,0,0,0,0,1,8,0,2.0000,-1,0,0,0,0,0,0,0,0,0
41.17788,1,0,0,0,0,0,1,8,0,2.0000,-1,0,0,0,0,0,0,0,0,0
41.19909,1,0,0,0,0,0,1,8,0,2.0000,-1,0,0,0,0,0,0,0,0,0
41.22068,1,0,0,0,0,0,1,8,0,2.0000,-1,0,0,0,0,0,0,0,0,0
41.24185,1,0,0,0,0,0,1,8,0,2.0000,-1,0,0,0,0,0,0,0,0,0
41.26192,1,0,0,0,0,0,1,8,0,2.0000,-1,0,0,0,0,0,0,0,0,0
41.28175,1,0,0,0,0,0,1,8,0,2.0000,-1,0,0,0,0,0,0,0,0,0
41.30281,1,0,0,0,0,0,1,8,0,1.0000,-1,0,0,0,0,0,0,0,0,0
41.32341,1,0,0,0,0,0,1,8,1,2.0000,-1,0,0,0,0,0,0,0,0,0
41.34479,1,0,0,0,0,0,1,8,0,2.0000,-1,0,0,0,0,0,0,0,0,0
41.3664,1,0,0,0,0,0,1,8,0,2.0000,-1,0,0,0,0,0,0,0,0,0
41.38686,1,0,0,0,0,0,1,8,0,2.0000,-1,0,0,0,0,0,0,0,0,0
41.40755,1,0,0,0,0,0,1,8,0,2.0000,-1,0,0,0,0,0,0,0,0,0
41.42652,1,0,0,0,0,0,1,8,0,2.0000,-1,0,0,0,0,0,0,0,0,0
41.44727,1,0,0,0,0,0,1,8,0,2.0000,-1,0,0,0,0,0,0,0,0,0
41.4684,1,0,0,0,0,0,1,8,0,2.0000,-1,0,0,0,0,0,0,0,0,0
41.48861,1,0,0,0,0,0,1,8,0,2.0000,-1,0,0,0,0,0,0,0,0,0
41.50998,1,0,0,0,0,0,1,8,0,2.0000,-1,0,0,0,0,0,0,0,0,0
41.53131,1,0,0,0,0,0,1,8,0,2.0000,-1,0,0,0,0,0,0,0,0,0
41.55171,1,0,0,0,0,0,1,8,0,2.0000,-1,0,0,0,0,0,0,0,0,0
41.5712,1,0,0,0,0,0,1,8,0,2.0000,-1,0,0,0,0,0,0,0,0,0
41.59225,1,0,0,0,0,0,1,8,0,2.0000,-1,0,0,0,0,0,0,0,0,0
41.61322,1,0,0,0,0,0,1,8,0,2.0000,-1,0,0,0,0,0,0,0,0,0
41.63334,1,0,0,0,0,0,1,8,1,3.0000,-1,0,0,0,0,0,0,0,0,0
41.65489,1,0,0,0,0,0,0,-1,0,3.0000,-1,0,0,0,0,0,0,0,0,0
41.67621,1,0,0,0,0,0,0,-1,0,3.0000,8,1,0,0,0,1,0,0,0,0
41.70131,1,0,0,0,0,0,0,-1,0,3.0000,-1,1,0,0,0,1,0,0,0,0
41.71539,1,0,0,0,0,0,0,-1,0,3.0000,-1,1,0,0,0,1,0,0,0,0
41.7367,1,0,0,0,0,0,0,-1,0,3.0000,-1,1,0,0,0,1,0,0,0,0
41.7578,1,0,0,0,0,0,0,-1,0,3.0000,-1,1,0,0,0,1,0,0,0,0
41.7804,1,0,0,0,0,0,0,-1,0,3.0000,-1,1,0,0,0,1,0,0,0,0
41.80177,1,0,0,0,0,0,0,-1,0,2.0000,-1,1,0,0,0,1,0,0,0,0
41.8226,1,0,0,0,0,0,0,-1,0,2.0000,-1,1,0,0,0,1,0,0,0,0
41.86324,1,0,0,0,0,0,0,-1,0,2.0000,-1,1,0,0,0,1,0,0,0,0
41.87375,1,0,0,0,0,0,0,-1,0,2.0000,-1,1,0,0,0,1,0,0,0,0
41.88895,1,0,0,0,0,0,0,-1,0,2.0000,-1,1,0,0,0,1,0,0,0,0
41.9107,1,0,0,0,0,0,0,-1,0,2.0000,-1,1,0,0,0,1,0,0,0,0
41.93152,1,0,0,0,0,0,0,-1,0,2.0000,-1,1,0,0,0,1,0,0,0,0
41.95212,1,0,0,0,0,0,0,-1,0,2.0000,-1,1,0,0,0,1,0,0,0,0
41.97283,1,0,0,0,0,0,0,-1,0,2.0000,-1,1,0,0,0,1,0,0,0,0
41.99297,1,0,0,0,0,0,0,-1,0,2.0000,-1,1,0,0,0,1,0,0,0,0
42.01399,1,0,0,0,0,0,0,-1,0,2.0000,-1,1,0,0,0,1,0,0,0,0
42.03518,1,0,0,0,0,0,0,-1,0,2.0000,-1,1,0,0,0,1,0,0,0,0
42.07436,1,0,0,0,0,0,0,-1,0,2.0000,-1,1,0,0,0,1,0,0,0,0
42.08478,1,0,0,0,0,0,0,-1,0,2.0000,-1,1,0,0,0,1,0,0,0,0
42.10013,1,0,0,0,0,0,0,-1,0,2.0000,-1,1,0,0,0,1,0,0,0,0
42.12075,1,0,0,0,0,0,0,-1,0,2.0000,-1,1,0,0,0,1,0,0,0,0
42.14294,1,0,0,0,0,0,0,-1,0,2.0000,-1,1,0,0,0,1,0,0,0,0
42.16338,1,0,0,0,0,0,0,-1,0,2.0000,-1,1,0,0,0,1,0,0,0,0
42.18539,1,0,0,0,0,0,0,-1,0,2.0000,-1,1,0,0,0,1,0,0,0,0
42.2048,1,0,0,0,0,0,0,-1,0,2.0000,-1,1,0,0,0,1,0,0,0,0
42.22531,1,0,0,0,0,0,0,-1,0,2.0000,-1,1,0,0,0,1,0,0,0,0
42.24629,1,0,0,0,0,0,0,-1,0,2.0000,-1,1,0,0,0,1,0,0,0,0
42.28597,1,0,0,0,0,0,0,-1,0,2.0000,-1,1,0,0,0,1,0,0,0,0
42.2965,1,0,0,0,0,0,0,-1,0,2.0000,-1,1,0,0,0,1,0,0,0,0
42.31134,1,0,0,0,0,0,0,-1,0,2.0000,-1,1,0,0,0,1,0,0,0,0
42.33228,1,0,0,0,0,0,0,-1,0,1.0000,-1,1,0,0,0,1,0,0,0,0
42.35419,1,0,0,0,0,0,0,-1,0,1.0000,-1,1,0,0,0,1,0,0,0,0
42.37496,1,0,0,0,0,0,0,-1,0,1.0000,-1,1,0,0,0,1,0,0,0,0
42.39565,1,0,0,0,0,0,0,-1,0,1.0000,-1,1,0,0,0,1,0,0,0,0
42.41588,1,0,0,0,0,0,0,-1,0,1.0000,-1,1,0,0,0,1,0,0,0,0
42.43618,1,0,0,0,0,0,0,-1,0,1.0000,-1,1,0,0,0,1,0,0,0,0
42.4568,1,0,0,0,0,0,0,-1,0,1.0000,-1,1,0,0,0,1,0,0,0,0
42.49653,1,0,0,0,0,0,0,-1,0,1.0000,-1,1,0,0,0,1,0,0,0,0
42.50683,1,0,0,0,0,0,1,12,0,1.0000,-1,1,0,0,0,1,0,0,0,0
42.52211,1,0,0,0,0,0,1,12,0,1.0000,-1,1,0,0,0,1,0,0,0,0
42.54334,1,0,0,0,0,0,1,12,0,1.0000,-1,1,0,0,0,1,0,0,0,0
42.56461,1,0,0,0,0,0,1,12,0,1.0000,-1,1,0,0,0,1,0,0,0,0
42.58527,1,0,0,0,0,0,1,12,0,1.0000,-1,1,0,0,0,1,0,0,0,0
42.60545,1,0,0,0,0,0,1,12,0,1.0000,-1,1,0,0,0,1,0,0,0,0
42.62661,1,0,0,0,0,0,1,12,0,1.0000,-1,1,0,0,0,1,0,0,0,0
42.64641,1,0,0,0,0,0,1,12,0,0.0000,-1,1,0,0,0,1,0,0,0,0
42.6679,1,0,0,0,0,0,1,12,0,0.0000,-1,1,0,0,0,1,0,0,0,0
42.68888,1,0,0,0,0,0,1,12,0,0.0000,-1,1,0,0,0,1,0,0,0,0
42.70997,1,0,0,0,0,0,1,12,0,0.0000,-1,1,0,0,0,1,0,0,0,0
42.73117,1,0,0,0,0,0,1,12,0,0.0000,-1,1,0,0,0,1,0,0,0,0
42.75161,1,0,0,0,0,0,1,12,0,0.0000,-1,1,0,0,0,1,0,0,0,0
42.7717,1,0,0,0,0,0,1,12,0,0.0000,-1,1,0,0,0,1,0,0,0,0
42.79246,1,0,0,0,0,0,1,12,0,0.0000,-1,1,0,0,0,1,0,0,0,0
42.81297,1,0,0,0,0,0,1,12,0,0.0000,-1,1,0,0,0,1,0,0,0,0
42.83368,1,0,0,0,0,0,1,12,0,0.0000,-1,1,0,0,0,1,0,0,0,0
42.85521,1,0,0,0,0,0,1,12,0,0.0000,-1,1,0,0,0,1,0,0,0,0
42.87679,1,0,0,0,0,0,1,12,0,0.0000,-1,1,0,0,0,1,0,0,0,0
42.89789,1,0,0,0,0,0,1,12,0,0.0000,-1,1,0,0,0,1,0,0,0,0
42.91788,1,0,0,0,0,0,1,12,0,0.0000,-1,1,0,0,0,1,0,0,0,0
42.93754,1,0,0,0,0,0,1,12,0,0.0000,-1,1,0,0,0,1,0,0,0,0
42.9581,1,0,0,0,0,0,1,12,0,0.0000,-1,1,0,0,0,1,0,0,0,0
42.97911,1,0,0,0,0,0,1,12,0,0.0000,-1,1,0,0,0,1,0,0,0,0
43.00051,1,0,0,0,0,0,1,12,1,1.0000,-1,1,0,0,0,1,0,0,0,0
43.02111,1,0,0,0,0,0,1,12,0,1.0000,-1,1,0,0,0,1,0,0,0,0
43.0428,1,0,0,0,0,0,0,-1,0,1.0000,-1,1,0,0,0,1,0,0,0,0
43.06344,1,0,0,0,0,0,0,-1,0,1.0000,-1,1,0,0,0,1,0,0,0,0
43.08288,1,0,0,0,0,0,0,-1,0,1.0000,-1,1,0,0,0,1,0,0,0,0
43.12271,1,0,0,0,0,0,0,-1,0,1.0000,-1,1,0,0,0,1,0,0,0,0
43.13388,1,0,0,0,0,0,0,-1,0,1.0000,-1,1,0,0,0,1,0,0,0,0
43.14734,1,0,0,0,0,0,0,-1,0,1.0000,-1,1,0,0,0,1,0,0,0,0
43.16887,1,0,0,0,0,0,0,-1,0,1.0000,-1,1,0,0,0,1,0,0,0,0
43.18947,1,0,0,0,0,0,0,-1,0,1.0000,-1,1,0,0,0,1,0,0,0,0
43.21045,1,0,0,0,0,0,0,-1,0,1.0000,-1,1,0,0,0,1,0,0,0,0
43.23175,1,0,0,0,0,0,0,-1,0,1.0000,-1,1,0,0,0,1,0,0,0,0
43.25233,1,0,0,0,0,0,0,-1,0,1.0000,-1,1,0,0,0,1,0,0,0,0
43.27219,1,0,0,0,0,0,0,-1,0,1.0000,-1,1,0,0,0,1,0,0,0,0
43.29152,1,0,0,0,0,0,0,-1,0,1.0000,-1,1,0,0,0,1,0,0,0,0
43.31222,1,0,0,0,0,0,0,-1,0,1.0000,-1,1,0,0,0,1,0,0,0,0
43.33303,1,0,0,0,0,0,0,-1,0,1.0000,-1,1,0,0,0,1,0,0,0,0
43.35367,1,0,0,0,0,0,0,-1,0,1.0000,-1,1,0,0,0,1,0,0,0,0
43.37395,1,0,0,0,0,0,0,-1,0,1.0000,-1,1,0,0,0,1,0,0,0,0
43.39293,1,0,0,0,0,0,0,-1,0,1.0000,-1,1,0,0,0,1,0,0,0,0
43.4133,1,0,0,0,0,0,0,-1,0,1.0000,-1,1,0,0,0,1,0,0,0,0
43.43396,1,0,0,0,0,0,0,-1,0,1.0000,-1,1,0,0,0,1,0,0,0,0
43.45454,1,0,0,0,0,0,0,-1,0,1.0000,-1,1,0,0,0,1,0,0,0,0
43.47522,1,0,0,0,0,0,0,-1,0,1.0000,-1,1,0,0,0,1,0,0,0,0
43.49493,1,0,0,0,0,0,0,-1,0,1.0000,-1,1,0,0,0,1,0,0,0,0
43.51422,1,0,0,0,0,0,0,-1,0,1.0000,-1,1,0,0,0,1,0,0,0,0
43.53394,1,0,0,0,0,0,0,-1,0,1.0000,-1,1,0,0,0,1,0,0,0,0
43.55465,1,0,0,0,0,0,0,-1,0,1.0000,-1,1,0,0,0,1,0,0,0,0
43.57573,1,0,0,0,0,0,0,-1,0,1.0000,-1,1,0,0,0,1,0,0,0,0
43.59537,1,0,0,0,0,0,0,-1,0,1.0000,-1,1,0,0,0,1,0,0,0,0
43.61451,1,0,0,0,0,0,0,-1,0,1.0000,-1,1,0,0,0,1,0,0,0,0
43.63477,1,0,0,0,0,0,0,-1,0,1.0000,-1,1,0,0,0,1,0,0,0,0
43.65586,1,0,0,0,0,0,0,-1,0,1.0000,-1,1,0,0,0,1,0,0,0,0
43.67665,1,0,0,0,0,0,0,-1,0,1.0000,-1,1,0,0,0,1,0,0,0,0
43.69642,1,0,0,0,0,0,0,-1,0,1.0000,-1,1,0,0,0,1,0,0,0,0
43.7153,1,0,0,0,0,0,0,-1,0,1.0000,-1,1,0,0,0,1,0,0,0,0
43.73532,1,0,0,0,0,0,0,-1,0,1.0000,-1,1,0,0,0,1,0,0,0,0
43.75546,1,0,0,0,0,0,0,-1,0,1.0000,-1,1,0,0,0,1,0,0,0,0
43.77655,1,0,0,0,0,0,0,-1,0,1.0000,-1,1,0,0,0,1,0,0,0,0
43.79753,1,0,0,0,0,0,0,-1,0,1.0000,-1,1,0,0,0,1,0,0,0,0
43.81757,1,0,0,0,0,0,0,-1,0,1.0000,-1,1,0,0,0,1,0,0,0,0
43.83689,1,0,0,0,0,0,0,-1,0,1.0000,-1,1,0,0,0,1,0,0,0,0
43.85699,1,0,0,0,0,0,0,-1,0,1.0000,-1,1,0,0,0,1,0,0,0,0
43.87741,1,0,0,0,0,0,0,-1,0,1.0000,-1,1,0,0,0,1,0,0,0,0
43.89767,1,0,0,0,0,0,0,-1,0,1.0000,-1,1,0,0,0,1,0,0,0,0
43.93525,1,0,0,0,0,0,0,-1,0,1.0000,-1,1,0,0,0,1,0,0,0,0
43.94571,1,0,0,0,0,0,0,-1,0,1.0000,-1,1,0,0,0,1,0,0,0,0
43.96046,1,0,0,0,0,0,0,-1,0,1.0000,-1,1,0,0,0,1,0,0,0,0
43.98015,1,0,0,0,0,0,0,-1,0,1.0000,-1,1,0,0,0,1,0,0,0,0
44.00004,1,0,0,0,0,0,0,-1,0,1.0000,-1,1,0,0,0,1,0,0,0,0
44.02091,1,0,0,0,0,0,0,-1,0,0.0000,-1,1,0,0,0,1,0,0,0,0
44.04204,1,0,0,0,0,0,0,-1,0,0.0000,-1,1,0,0,0,1,0,0,0,0
44.06197,1,0,0,0,0,0,0,-1,0,0.0000,-1,1,0,0,0,1,0,0,0,0
44.08072,1,0,0,0,0,0,0,-1,0,0.0000,-1,1,0,0,0,1,0,0,0,0
44.10073,1,0,0,0,0,0,0,-1,0,0.0000,-1,1,0,0,0,1,0,0,0,0
44.12154,1,0,0,0,0,0,0,-1,0,0.0000,-1,1,0,0,0,1,0,0,0,0
44.14216,1,0,0,0,0,0,0,-1,0,0.0000,-1,1,0,0,0,1,0,0,0,0
44.16195,1,0,0,0,0,0,0,-1,0,0.0000,-1,1,0,0,0,1,0,0,0,0
44.18174,1,0,0,0,0,0,0,-1,0,0.0000,-1,1,0,0,0,1,0,0,0,0
44.20185,1,0,0,0,0,0,0,-1,0,0.0000,-1,1,0,0,0,1,0,0,0,0
44.22233,1,0,0,0,0,0,0,-1,0,0.0000,-1,1,0,0,0,1,0,0,0,0
44.24258,1,0,0,0,0,0,0,-1,0,0.0000,-1,1,0,0,0,1,0,0,0,0
44.26363,1,0,0,0,0,0,0,-1,0,0.0000,-1,1,0,0,0,1,0,0,0,0
44.2822,1,0,0,0,0,0,0,-1,0,0.0000,-1,1,0,0,0,1,0,0,0,0
44.30285,1,0,0,0,0,0,0,-1,0,0.0000,-1,1,0,0,0,1,0,0,0,0
44.32296,1,0,0,0,0,0,0,-1,0,0.0000,-1,1,0,0,0,1,0,0,0,0
44.34274,1,0,0,0,0,0,0,-1,0,0.0000,-1,1,0,0,0,1,0,0,0,0
44.3637,1,0,0,0,0,0,0,-1,0,0.0000,-1,1,0,0,0,1,0,0,0,0
44.38437,1,0,0,0,0,0,0,-1,0,0.0000,-1,1,0,0,0,1,0,0,0,0
44.40261,1,0,0,0,0,0,0,-1,0,0.0000,-1,1,0,0,0,1,0,0,0,0
44.42246,1,0,0,0,0,0,0,-1,0,0.0000,-1,1,0,0,0,1,0,0,0,0
44.44314,1,0,0,0,0,0,0,-1,0,0.0000,-1,1,0,0,0,1,0,0,0,0
44.46433,1,0,0,0,0,0,0,-1,0,0.0000,-1,1,0,0,0,1,0,0,0,0
44.4834,1,0,0,0,0,0,0,-1,0,0.0000,-1,1,0,0,0,1,0,0,0,0
44.5032,1,0,0,0,0,0,0,-1,0,0.0000,-1,1,0,0,0,1,0,0,0,0
44.52327,1,0,0,0,0,0,0,-1,0,0.0000,-1,1,0,0,0,1,0,0,0,0
44.54391,1,0,0,0,0,0,0,-1,1,1.0000,-1,1,0,0,0,1,0,0,0,0
44.56446,1,0,0,0,0,0,0,-1,0,1.0000,-1,1,0,0,0,1,0,0,0,0
44.58448,1,0,0,0,0,0,0,-1,0,1.0000,-1,1,0,0,0,1,0,0,0,0
44.60304,1,0,0,0,0,0,0,-1,0,1.0000,-1,1,0,0,0,1,0,0,0,0
44.62305,1,0,0,0,0,0,0,-1,0,1.0000,-1,1,0,0,0,1,0,0,0,0
44.64333,1,0,0,0,0,0,0,-1,0,1.0000,-1,1,0,0,0,1,0,0,0,0
44.66467,1,0,0,0,0,0,0,-1,0,1.0000,-1,1,0,0,0,1,0,0,0,0
44.68441,1,0,0,0,0,0,0,-1,0,1.0000,-1,1,0,0,0,1,0,0,0,0
44.70335,1,0,0,0,0,0,0,-1,0,1.0000,-1,1,0,0,0,1,0,0,0,0
44.72392,1,0,0,0,0,0,0,-1,0,1.0000,-1,1,0,0,0,1,0,0,0,0
44.74353,1,0,0,0,0,0,0,-1,0,1.0000,-1,1,0,0,0,1,0,0,0,0
44.7642,1,0,0,0,0,0,0,-1,0,1.0000,-1,1,0,0,0,1,0,0,0,0
44.78617,1,0,0,0,0,0,0,-1,0,1.0000,-1,1,0,0,0,1,0,0,0,0
44.80424,1,0,0,0,0,0,0,-1,0,1.0000,-1,1,0,0,0,1,0,0,0,0
44.82451,1,0,0,0,0,0,0,-1,0,1.0000,-1,1,0,0,0,1,0,0,0,0
44.84559,1,0,0,0,0,0,0,-1,0,1.0000,-1,1,0,0,0,1,0,0,0,0
44.8664,1,0,0,0,0,0,0,-1,0,1.0000,-1,1,0,0,0,1,0,0,0,0
44.88773,1,0,0,0,0,0,0,-1,0,1.0000,-1,1,0,0,0,1,0,0,0,0
44.90816,1,0,0,0,0,0,0,-1,0,1.0000,-1,1,0,0,0,1,0,0,0,0
44.92643,1,0,0,0,0,0,0,-1,0,1.0000,-1,1,0,0,0,1,0,0,0,0
44.94683,1,0,0,0,0,0,0,-1,0,1.0000,-1,1,0,0,0,1,0,0,0,0
44.96703,1,0,0,0,0,0,0,-1,0,1.0000,-1,1,0,0,0,1,0,0,0,0
44.98761,1,0,0,0,0,0,0,-1,0,1.0000,-1,1,0,0,0,1,0,0,0,0
45.00899,1,0,0,0,0,0,0,-1,0,1.0000,-1,1,0,0,0,1,0,0,0,0
45.02921,1,0,0,0,0,0,1,13,0,1.0000,-1,1,0,0,0,1,0,0,0,0
45.04798,1,0,0,0,0,0,1,13,1,2.0000,-1,1,0,0,0,1,0,0,0,0
45.06831,1,0,0,0,0,0,1,13,0,2.0000,-1,1,0,0,0,1,0,0,0,0
45.08849,1,0,0,0,0,0,1,13,0,2.0000,-1,1,0,0,0,1,0,0,0,0
45.11058,1,0,0,0,0,0,1,13,0,2.0000,-1,1,0,0,0,1,0,0,0,0
45.13123,1,0,0,0,0,0,1,13,0,2.0000,-1,1,0,0,0,1,0,0,0,0
45.15071,1,0,0,0,0,0,1,13,0,2.0000,-1,1,0,0,0,1,0,0,0,0
45.17005,1,0,0,0,0,0,1,13,0,2.0000,-1,1,0,0,0,1,0,0,0,0
45.19104,1,0,0,0,0,0,1,13,0,2.0000,-1,1,0,0,0,1,0,0,0,0
45.21115,1,0,0,0,0,0,1,13,0,2.0000,-1,1,0,0,0,1,0,0,0,0
45.2316,1,0,0,0,0,0,1,13,0,2.0000,-1,1,0,0,0,1,0,0,0,0
45.25314,1,0,0,0,0,0,1,13,0,2.0000,-1,1,0,0,0,1,0,0,0,0
45.27359,1,0,0,0,0,0,1,13,0,2.0000,-1,1,0,0,0,1,0,0,0,0
45.29222,1,0,0,0,0,0,1,13,0,2.0000,-1,1,0,0,0,1,0,0,0,0
45.31287,1,0,0,0,0,0,1,13,0,2.0000,-1,1,0,0,0,1,0,0,0,0
45.33409,1,0,0,0,0,0,1,13,0,2.0000,-1,1,0,0,0,1,0,0,0,0
45.35463,1,0,0,0,0,0,1,13,0,2.0000,-1,1,0,0,0,1,0,0,0,0
45.376,1,0,0,0,0,0,1,13,0,2.0000,-1,1,0,0,0,1,0,0,0,0
45.3959,1,0,0,0,0,0,1,13,0,2.0000,-1,1,0,0,0,1,0,0,0,0
45.41582,1,0,0,0,0,0,1,13,0,2.0000,-1,1,0,0,0,1,0,0,0,0
45.43606,1,0,0,0,0,0,1,13,0,2.0000,-1,1,0,0,0,1,0,0,0,0
45.45716,1,0,0,0,0,0,1,13,0,2.0000,-1,1,0,0,0,1,0,0,0,0
45.47796,1,0,0,0,0,0,1,13,1,3.0000,-1,1,0,0,0,1,0,0,0,0
45.49874,1,0,0,0,0,0,0,-1,0,3.0000,-1,1,0,0,0,1,0,0,0,0
45.52069,1,0,0,0,0,0,0,-1,0,3.0000,-1,1,0,0,0,1,0,0,0,0
45.55811,1,0,0,0,0,0,0,-1,0,2.0000,-1,1,0,0,0,1,0,0,0,0
45.56932,1,0,0,0,0,0,1,16,0,2.0000,-1,1,0,0,0,1,0,0,0,0
45.58334,1,0,0,0,0,0,1,16,0,2.0000,-1,1,0,0,0,1,0,0,0,0
45.60374,1,0,0,0,0,0,1,16,0,2.0000,-1,1,0,0,0,1,0,0,0,0
45.62409,1,0,0,0,0,0,1,16,0,2.0000,-1,1,0,0,0,1,0,0,0,0
45.64478,1,0,0,0,0,0,1,16,0,2.0000,-1,1,0,0,0,1,0,0,0,0
45.66489,1,0,0,0,0,0,1,16,0,2.0000,-1,1,0,0,0,1,0,0,0,0
45.68633,1,0,0,0,0,0,1,16,0,2.0000,-1,1,0,0,0,1,0,0,0,0
45.70636,1,0,0,0,0,0,1,16,0,2.0000,-1,1,0,0,0,1,0,0,0,0
45.72553,1,0,0,0,0,0,1,16,1,3.0000,-1,1,0,0,0,1,0,0,0,0
45.74598,1,0,0,0,0,0,1,16,0,3.0000,-1,1,0,0,0,1,0,0,0,0
45.76712,1,0,0,0,0,0,1,16,0,3.0000,-1,1,0,0,0,1,0,0,0,0
45.78783,1,0,0,0,0,0,1,16,0,3.0000,-1,1,0,0,0,1,0,0,0,0
45.80785,1,0,0,0,0,0,1,16,0,3.0000,-1,1,0,0,0,1,0,0,0,0
45.82659,1,0,0,0,0,0,1,16,0,3.0000,-1,1,0,0,0,1,0,0,0,0
45.84653,1,0,0,0,0,0,1,16,0,3.0000,-1,1,0,0,0,1,0,0,0,0
45.86664,1,0,0,0,0,0,1,16,0,3.0000,-1,1,0,0,0,1,0,0,0,0
45.88721,1,0,0,0,0,0,1,16,0,3.0000,-1,1,0,0,0,1,0,0,0,0
45.90781,1,0,0,0,0,0,1,16,0,3.0000,-1,1,0,0,0,1,0,0,0,0
45.92727,1,0,0,0,0,0,1,16,0,3.0000,-1,1,0,0,0,1,0,0,0,0
45.94731,1,0,0,0,0,0,1,16,0,3.0000,-1,1,0,0,0,1,0,0,0,0
45.96788,1,0,0,0,0,0,1,16,0,3.0000,-1,1,0,0,0,1,0,0,0,0
45.98915,1,0,0,0,0,0,1,16,0,3.0000,-1,1,0,0,0,1,0,0,0,0
46.00992,1,0,0,0,0,0,1,16,0,3.0000,-1,1,0,0,0,1,0,0,0,0
46.02938,1,0,0,0,0,0,1,16,0,3.0000,-1,1,0,0,0,1,0,0,0,0
46.04827,1,0,0,0,0,0,1,16,0,2.0000,-1,1,0,0,0,1,0,0,0,0
46.06805,1,0,0,0,0,0,1,16,0,2.0000,-1,1,0,0,0,1,0,0,0,0
46.08809,1,0,0,0,0,0,1,16,0,2.0000,-1,1,0,0,0,1,0,0,0,0
46.10872,1,0,0,0,0,0,1,16,0,2.0000,-1,1,0,0,0,1,0,0,0,0
46.12881,1,0,0,0,0,0,1,16,0,2.0000,-1,1,0,0,0,1,0,0,0,0
46.14766,1,0,0,0,0,0,1,16,0,2.0000,-1,1,0,0,0,1,0,0,0,0
46.16768,1,0,0,0,0,0,1,16,0,2.0000,-1,1,0,0,0,1,0,0,0,0
46.18837,1,0,0,0,0,0,1,16,0,2.0000,-1,1,0,0,0,1,0,0,0,0
46.20887,1,0,0,0,0,0,1,16,0,2.0000,-1,1,0,0,0,1,0,0,0,0
46.22969,1,0,0,0,0,0,1,16,1,3.0000,-1,1,0,0,0,1,0,0,0,0
46.24999,1,0,0,0,0,0,1,16,0,3.0000,-1,1,0,0,0,1,0,0,0,0
46.26929,1,0,0,0,0,0,1,16,0,3.0000,-1,1,0,0,0,1,0,0,0,0
46.28937,1,0,0,0,0,0,1,16,0,3.0000,-1,1,0,0,0,1,0,0,0,0
46.31026,1,0,0,0,0,0,1,16,0,3.0000,-1,1,0,0,0,1,0,0,0,0
46.33051,1,0,0,0,0,0,1,16,0,3.0000,-1,1,0,0,0,1,0,0,0,0
46.36726,1,0,0,0,0,0,1,16,0,3.0000,-1,1,0,0,0,1,0,0,0,0
46.38011,1,0,0,0,0,0,1,16,0,3.0000,-1,1,0,0,0,1,0,0,0,0
46.39219,1,0,0,0,0,0,1,16,0,3.0000,-1,1,0,0,0,1,0,0,0,0
46.41238,1,0,0,0,0,0,1,16,0,3.0000,-1,1,0,0,0,1,0,0,0,0
46.43307,1,0,0,0,0,0,1,16,0,3.0000,-1,1,0,0,0,1,0,0,0,0
46.45447,1,0,0,0,0,0,1,16,0,3.0000,-1,1,0,0,0,1,0,0,0,0
46.47366,1,0,0,0,0,0,1,16,0,3.0000,-1,1,0,0,0,1,0,0,0,0
46.49258,1,0,0,0,0,0,1,16,0,2.0000,-1,1,0,0,0,1,0,0,0,0
46.51295,1,0,0,0,0,0,1,16,0,2.0000,-1,1,0,0,0,1,0,0,0,0
46.5337,1,0,0,0,0,0,1,16,0,2.0000,-1,1,0,0,0,1,0,0,0,0
46.55394,1,0,0,0,0,0,1,16,1,3.0000,-1,1,0,0,0,1,0,0,0,0
46.57511,1,0,0,0,0,0,0,-1,0,3.0000,-1,1,0,0,0,1,0,0,0,0
46.59411,1,0,0,0,0,0,0,-1,0,3.0000,-1,1,0,0,0,1,0,0,0,0
46.61428,1,0,0,0,0,0,0,-1,0,3.0000,-1,1,0,0,0,1,0,0,0,0
46.6348,1,0,0,0,0,0,0,-1,0,3.0000,-1,1,0,0,0,1,0,0,0,0
46.65537,1,0,0,0,0,0,0,-1,0,3.0000,16,2,0,0,0,2,0,0,0,0
46.67649,1,0,0,0,0,0,0,-1,0,3.0000,-1,2,0,0,0,2,0,0,0,0
46.69627,1,0,0,0,0,0,0,-1,0,3.0000,-1,2,0,0,0,2,0,0,0,0
46.71482,1,0,0,0,0,0,0,-1,0,3.0000,-1,2,0,0,0,2,0,0,0,0
46.73648,1,0,0,0,0,0,0,-1,0,2.0000,-1,2,0,0,0,2,0,0,0,0
46.77527,1,0,0,0,0,0,0,-1,1,3.0000,-1,2,0,0,0,2,0,0,0,0
46.78742,1,0,0,0,0,0,0,-1,0,3.0000,-1,2,0,0,0,2,0,0,0,0
46.79972,1,0,0,0,0,0,0,-1,0,3.0000,-1,2,0,0,0,2,0,0,0,0
46.8202,1,0,0,0,0,0,0,-1,0,3.0000,-1,2,0,0,0,2,0,0,0,0
46.84092,1,0,0,0,0,0,0,-1,0,3.0000,-1,2,0,0,0,2,0,0,0,0
46.86044,1,0,0,0,0,0,0,-1,0,3.0000,-1,2,0,0,0,2,0,0,0,0
46.88086,1,0,0,0,0,0,0,-1,0,3.0000,-1,2,0,0,0,2,0,0,0,0
46.90162,1,0,0,0,0,0,0,-1,0,3.0000,-1,2,0,0,0,2,0,0,0,0
46.92154,1,0,0,0,0,0,0,-1,0,3.0000,-1,2,0,0,0,2,0,0,0,0
46.94241,1,0,0,0,0,0,0,-1,0,3.0000,-1,2,0,0,0,2,0,0,0,0
46.96435,1,0,0,0,0,0,0,-1,0,3.0000,-1,2,0,0,0,2,0,0,0,0
46.98503,1,0,0,0,0,0,0,-1,0,3.0000,-1,2,0,0,0,2,0,0,0,0
47.0044,1,0,0,0,0,0,0,-1,0,3.0000,-1,2,0,0,0,2,0,0,0,0
47.02483,1,0,0,0,0,0,0,-1,0,3.0000,-1,2,0,0,0,2,0,0,0,0
47.04547,1,0,0,0,0,0,1,17,0,3.0000,-1,2,0,0,0,2,0,0,0,0
47.06609,1,0,0,0,0,0,1,17,0,3.0000,-1,2,0,0,0,2,0,0,0,0
47.08665,1,0,0,0,0,0,1,17,0,3.0000,-1,2,0,0,0,2,0,0,0,0
47.10664,1,0,0,0,0,0,1,17,0,3.0000,-1,2,0,0,0,2,0,0,0,0
47.12603,1,0,0,0,0,0,1,17,0,3.0000,-1,2,0,0,0,2,0,0,0,0
47.14641,1,0,0,0,0,0,1,17,0,3.0000,-1,2,0,0,0,2,0,0,0,0
47.18541,1,0,0,0,0,0,1,17,0,3.0000,-1,2,0,0,0,2,0,0,0,0
47.19606,1,0,0,0,0,0,1,17,0,3.0000,-1,2,0,0,0,2,0,0,0,0
47.21133,1,0,0,0,0,0,1,17,0,3.0000,-1,2,0,0,0,2,0,0,0,0
47.23173,1,0,0,0,0,0,1,17,0,2.0000,-1,2,0,0,0,2,0,0,0,0
47.25386,1,0,0,0,0,0,1,17,0,2.0000,-1,2,0,0,0,2,0,0,0,0
47.27364,1,0,0,0,0,0,1,17,0,2.0000,-1,2,0,0,0,2,0,0,0,0
47.2931,1,0,0,0,0,0,1,17,0,2.0000,-1,2,0,0,0,2,0,0,0,0
47.31381,1,0,0,0,0,0,1,17,0,2.0000,-1,2,0,0,0,2,0,0,0,0
47.335,1,0,0,0,0,0,1,17,1,3.0000,-1,2,0,0,0,2,0,0,0,0
47.35548,1,0,0,0,0,0,0,-1,0,3.0000,-1,2,0,0,0,2,0,0,0,0
47.37873,1,0,0,0,0,0,0,-1,0,3.0000,-1,2,0,0,0,2,0,0,0,0
47.3988,1,0,0,0,0,0,0,-1,0,3.0000,-1,2,0,0,0,2,0,0,0,0
47.41878,1,0,0,0,0,0,0,-1,0,3.0000,-1,2,0,0,0,2,0,0,0,0
47.43822,1,0,0,0,0,0,0,-1,0,3.0000,-1,2,0,0,0,2,0,0,0,0
47.4584,1,0,0,0,0,0,0,-1,0,3.0000,-1,2,0,0,0,2,0,0,0,0
47.47956,1,0,0,0,0,0,0,-1,0,3.0000,-1,2,0,0,0,2,0,0,0,0
47.50064,1,0,0,0,0,0,0,-1,0,3.0000,-1,2,0,0,0,2,0,0,0,0
47.52161,1,0,0,0,0,0,0,-1,0,3.0000,-1,2,0,0,0,2,0,0,0,0
47.54198,1,0,0,0,0,0,0,-1,0,3.0000,-1,2,0,0,0,2,0,0,0,0
47.56078,1,0,0,0,0,0,0,-1,0,2.0000,-1,2,0,0,0,2,0,0,0,0
47.59793,1,0,0,0,0,0,0,-1,0,2.0000,-1,2,0,0,0,2,0,0,0,0
47.60971,1,0,0,0,0,0,0,-1,0,2.0000,-1,2,0,0,0,2,0,0,0,0
47.62199,1,0,0,0,0,0,0,-1,0,2.0000,-1,2,0,0,0,2,0,0,0,0
47.64245,1,0,0,0,0,0,0,-1,0,2.0000,-1,2,0,0,0,2,0,0,0,0
47.66215,1,0,0,0,0,0,0,-1,0,2.0000,-1,2,0,0,0,2,0,0,0,0
47.68008,1,0,0,0,0,0,0,-1,0,2.0000,-1,2,0,0,0,2,0,0,0,0
47.70012,1,0,0,0,0,0,0,-1,0,2.0000,-1,2,0,0,0,2,0,0,0,0
47.72044,1,0,0,0,0,0,0,-1,0,2.0000,-1,2,0,0,0,2,0,0,0,0
47.74035,1,0,0,0,0,0,0,-1,0,2.0000,-1,2,0,0,0,2,0,0,0,0
47.75855,1,0,0,0,0,0,0,-1,0,2.0000,-1,2,0,0,0,2,0,0,0,0
47.77784,1,0,0,0,0,0,0,-1,0,1.0000,-1,2,0,0,0,2,0,0,0,0
47.79807,1,0,0,0,0,0,0,-1,0,1.0000,-1,2,0,0,0,2,0,0,0,0
47.818,1,0,0,0,0,0,0,-1,0,1.0000,-1,2,0,0,0,2,0,0,0,0
47.83616,1,0,0,0,0,0,0,-1,0,1.0000,-1,2,0,0,0,2,0,0,0,0
47.85549,1,0,0,0,0,0,0,-1,0,1.0000,-1,2,0,0,0,2,0,0,0,0
47.87569,1,0,0,0,0,0,0,-1,0,1.0000,-1,2,0,0,0,2,0,0,0,0
47.89489,1,0,0,0,0,0,0,-1,0,1.0000,-1,2,0,0,0,2,0,0,0,0
47.91445,1,0,0,0,0,0,0,-1,0,1.0000,-1,2,0,0,0,2,0,0,0,0
47.93301,1,0,0,0,0,0,0,-1,0,1.0000,-1,2,0,0,0,2,0,0,0,0
47.95281,1,0,0,0,0,0,0,-1,0,1.0000,-1,2,0,0,0,2,0,0,0,0
47.97295,1,0,0,0,0,0,0,-1,0,1.0000,-1,2,0,0,0,2,0,0,0,0
47.9918,1,0,0,0,0,0,0,-1,0,1.0000,-1,2,0,0,0,2,0,0,0,0
48.01118,1,0,0,0,0,0,0,-1,0,1.0000,-1,2,0,0,0,2,0,0,0,0
48.03115,1,0,0,0,0,0,0,-1,0,1.0000,-1,2,0,0,0,2,0,0,0,0
48.05087,1,0,0,0,0,0,0,-1,0,1.0000,-1,2,0,0,0,2,0,0,0,0
48.06937,1,0,0,0,0,0,0,-1,0,1.0000,-1,2,0,0,0,2,0,0,0,0
48.08889,1,0,0,0,0,0,0,-1,0,1.0000,-1,2,0,0,0,2,0,0,0,0
48.10898,1,0,0,0,0,0,0,-1,0,1.0000,-1,2,0,0,0,2,0,0,0,0
48.12858,1,0,0,1,0,0,0,-1,0,1.0000,-1,2,0,0,0,2,0,0,0,0
48.14711,1,0,0,1,0,0,0,-1,0,1.0000,-1,2,0,0,0,2,0,0,0,0
48.16676,1,0,0,1,0,0,0,-1,0,1.0000,-1,2,0,0,0,2,0,0,0,0
48.18724,1,0,0,1,0,0,0,-1,0,1.0000,-1,2,0,0,0,2,0,0,0,0
48.20705,1,0,0,1,0,0,0,-1,0,1.0000,-1,2,0,0,0,2,0,0,0,0
48.24318,1,0,0,1,0,0,0,-1,0,1.0000,-1,2,0,0,0,2,0,0,0,0
48.25373,1,0,0,1,0,0,0,-1,0,1.0000,-1,2,0,0,0,2,0,0,0,0
48.26709,1,0,0,1,0,0,0,-1,0,1.0000,-1,2,0,0,0,2,0,0,0,0
48.28635,1,0,0,1,0,0,0,-1,0,1.0000,-1,2,0,0,0,2,0,0,0,0
48.30631,1,0,0,1,0,0,0,-1,0,1.0000,-1,2,0,0,0,2,0,0,0,0
48.32569,1,0,0,1,0,0,0,-1,0,1.0000,-1,2,0,0,0,2,0,0,0,0
48.34576,1,0,0,1,0,0,0,-1,0,0.0000,-1,2,0,0,0,2,0,0,0,0
48.36407,1,0,0,1,0,0,0,-1,0,0.0000,-1,2,0,0,0,2,0,0,0,0
48.38457,1,0,0,1,0,0,0,-1,0,0.0000,-1,2,0,0,0,2,0,0,0,0
48.40586,1,0,0,1,0,0,0,-1,0,0.0000,-1,2,0,0,0,2,0,0,0,0
48.42578,1,0,0,1,0,0,0,-1,0,0.0000,-1,2,0,0,0,2,0,0,0,0
48.44436,1,0,0,1,0,0,0,-1,0,0.0000,-1,2,0,0,0,2,0,0,0,0
48.46462,1,0,0,1,0,0,0,-1,0,0.0000,-1,2,0,0,0,2,0,0,0,0
48.48428,1,0,0,1,0,0,0,-1,0,0.0000,-1,2,0,0,0,2,0,0,0,0
48.50343,1,0,0,1,0,0,0,-1,0,0.0000,-1,2,0,0,0,2,0,0,0,0
48.52264,1,0,0,1,0,0,0,-1,0,0.0000,-1,2,0,0,0,2,0,0,0,0
48.54244,1,0,0,1,0,0,0,-1,0,0.0000,-1,2,0,0,0,2,0,0,0,0
48.56105,1,0,0,1,0,0,0,-1,0,0.0000,-1,2,0,0,0,2,0,0,0,0
48.58056,1,0,0,1,0,0,0,-1,0,0.0000,-1,2,0,0,0,2,0,0,0,0
48.59925,1,0,0,1,0,0,0,-1,0,0.0000,-1,2,0,0,0,2,0,0,0,0
48.61929,1,0,0,1,0,0,0,-1,0,0.0000,-1,2,0,0,0,2,0,0,0,0
48.63853,1,0,0,1,0,0,0,-1,0,0.0000,-1,2,0,0,0,2,0,0,0,0
48.65818,1,0,0,1,0,0,0,-1,0,0.0000,-1,2,0,0,0,2,0,0,0,0
48.67582,1,0,0,1,0,0,0,-1,0,0.0000,-1,2,0,0,0,2,0,0,0,0
48.69668,1,0,0,1,0,0,0,-1,0,0.0000,-1,2,0,0,0,2,0,0,0,0
48.71471,1,0,0,1,0,0,0,-1,0,0.0000,-1,2,0,0,0,2,0,0,0,0
48.73428,1,0,0,0,0,0,0,-1,0,0.0000,-1,2,0,0,0,2,0,0,0,0
48.75304,1,0,0,0,0,0,0,-1,0,0.0000,-1,2,0,0,0,2,0,0,0,0
48.77286,1,0,0,0,0,0,0,-1,0,0.0000,-1,2,0,0,0,2,0,0,0,0
48.79234,1,0,0,0,0,0,0,-1,0,0.0000,-1,2,0,0,0,2,0,0,0,0
48.81059,1,0,0,0,0,0,0,-1,0,0.0000,-1,2,0,0,0,2,0,0,0,0
48.83067,1,0,0,0,0,0,0,-1,0,0.0000,-1,2,0,0,0,2,0,0,0,0
48.84977,1,0,0,0,0,0,0,-1,0,0.0000,-1,2,0,0,0,2,0,0,0,0
48.88624,1,0,0,0,0,0,0,-1,0,0.0000,-1,2,0,0,0,2,0,0,0,0
48.89719,1,0,0,0,1,0,0,-1,0,0.0000,-1,2,0,0,0,2,0,0,0,0
48.91021,1,0,0,0,1,0,0,-1,0,0.0000,-1,2,0,0,0,2,0,0,0,0
48.92915,1,0,0,0,1,0,0,-1,0,0.0000,-1,2,0,0,0,2,0,0,0,0
48.94851,1,0,0,0,1,0,0,-1,0,0.0000,-1,2,0,0,0,2,0,0,0,0
48.96836,1,0,0,0,1,0,0,-1,0,0.0000,-1,2,0,0,0,2,0,0,0,0
48.9871,1,0,0,0,1,0,0,-1,0,0.0000,-1,2,0,0,0,2,0,0,0,0
49.00777,1,0,0,0,1,0,0,-1,0,0.0000,-1,2,0,0,0,2,0,0,0,0
49.02668,1,0,0,0,1,0,0,-1,0,0.0000,-1,2,0,0,0,2,0,0,0,0
49.0466,1,0,0,0,1,0,0,-1,0,0.0000,-1,2,0,0,0,2,0,0,0,0
49.06576,1,0,0,0,1,0,0,-1,1,1.0000,-1,2,0,0,0,2,0,0,0,0
49.08557,1,0,0,0,1,0,1,21,0,1.0000,-1,2,0,0,0,2,0,0,0,0
49.10452,1,0,0,0,1,0,1,21,0,1.0000,-1,2,0,0,0,2,0,0,0,0
49.12584,1,0,0,0,1,0,1,21,0,1.0000,-1,2,0,0,0,2,0,0,0,0
49.14559,1,0,0,0,1,0,1,21,0,1.0000,-1,2,0,0,0,2,0,0,0,0
49.16687,1,0,0,0,1,0,1,21,0,1.0000,-1,2,0,0,0,2,0,0,0,0
49.18877,1,0,0,0,1,0,1,21,0,1.0000,-1,2,0,0,0,2,0,0,0,0
49.20988,1,0,0,0,1,0,0,-1,0,1.0000,-1,2,0,0,0,2,0,0,0,0
49.2311,1,0,0,0,1,0,0,-1,0,1.0000,-1,2,0,0,0,2,0,0,0,0
49.25166,1,0,0,0,1,0,0,-1,0,1.0000,-1,2,0,0,0,2,0,0,0,0
49.27368,1,0,0,0,1,0,0,-1,0,1.0000,-1,2,0,0,0,2,0,0,0,0
49.29355,1,0,0,0,1,0,0,-1,0,1.0000,-1,2,0,0,0,2,0,0,0,0
49.3153,1,0,0,0,1,0,0,-1,0,1.0000,-1,2,0,0,0,2,0,0,0,0
49.33553,1,0,0,0,1,0,0,-1,0,1.0000,-1,2,0,0,0,2,0,0,0,0
49.35657,1,0,0,0,1,0,0,-1,0,1.0000,-1,2,0,0,0,2,0,0,0,0
49.37787,1,0,0,0,1,0,0,-1,0,1.0000,-1,2,0,0,0,2,0,0,0,0
49.39884,1,0,0,0,1,0,0,-1,0,1.0000,-1,2,0,0,0,2,0,0,0,0
49.41912,1,0,0,0,1,0,0,-1,0,1.0000,-1,2,0,0,0,2,0,0,0,0
49.43997,1,0,0,0,1,0,0,-1,0,1.0000,-1,2,0,0,0,2,0,0,0,0
49.46091,1,0,0,0,1,0,0,-1,0,1.0000,-1,2,0,0,0,2,0,0,0,0
49.48248,1,0,0,0,1,0,0,-1,0,1.0000,-1,2,0,0,0,2,0,0,0,0
49.50256,1,0,0,0,0,0,0,-1,0,1.0000,-1,2,0,0,0,2,0,0,0,0
49.5237,1,0,0,0,0,0,0,-1,0,1.0000,-1,2,0,0,0,2,0,0,0,0
49.54505,1,0,0,0,0,0,0,-1,0,1.0000,-1,2,0,0,0,2,0,0,0,0
49.5661,1,0,0,0,0,0,0,-1,0,1.0000,-1,2,0,0,0,2,0,0,0,0
49.58802,1,0,0,0,0,0,0,-1,0,1.0000,-1,2,0,0,0,2,0,0,0,0
49.60849,1,0,0,0,0,0,0,-1,0,1.0000,-1,2,0,0,0,2,0,0,0,0
49.62857,1,0,0,0,0,0,0,-1,0,1.0000,-1,2,0,0,0,2,0,0,0,0
49.64927,1,0,0,0,0,0,0,-1,0,1.0000,-1,2,0,0,0,2,0,0,0,0
49.67033,1,0,0,0,0,0,0,-1,0,1.0000,-1,2,0,0,0,2,0,0,0,0
49.69095,1,0,0,0,0,0,0,-1,0,1.0000,-1,2,0,0,0,2,0,0,0,0
49.73086,1,0,0,0,0,0,0,-1,0,1.0000,-1,2,0,0,0,2,0,0,0,0
49.74163,1,0,0,0,0,0,0,-1,0,1.0000,-1,2,0,0,0,2,0,0,0,0
49.75576,1,0,0,0,0,0,0,-1,0,1.0000,-1,2,0,0,0,2,0,0,0,0
49.77768,1,0,0,0,0,0,0,-1,0,1.0000,-1,2,0,0,0,2,0,0,0,0
49.79851,1,0,0,0,0,0,0,-1,0,1.0000,-1,2,0,0,0,2,0,0,0,0
49.81894,1,0,0,0,0,0,0,-1,0,1.0000,-1,2,0,0,0,2,0,0,0,0
49.84055,1,0,0,0,0,0,0,-1,0,1.0000,-1,2,0,0,0,2,0,0,0,0
49.86074,1,0,0,0,0,0,0,-1,0,1.0000,-1,2,0,0,0,2,0,0,0,0
49.88195,1,0,0,0,0,0,0,-1,0,1.0000,-1,2,0,0,0,2,0,0,0,0
49.9034,1,0,0,0,0,0,0,-1,0,1.0000,-1,2,0,0,0,2,0,0,0,0
49.92383,1,0,0,0,0,0,0,-1,0,1.0000,-1,2,0,0,0,2,0,0,0,0
49.94562,1,0,0,0,0,0,0,-1,0,1.0000,-1,2,0,0,0,2,0,0,0,0
49.96637,1,0,0,0,0,0,0,-1,0,1.0000,-1,2,0,0,0,2,0,0,0,0
49.98721,1,0,0,0,0,0,0,-1,0,1.0000,-1,2,0,0,0,2,0,0,0,0
50.0074,1,0,0,0,0,0,1,24,0,1.0000,-1,2,0,0,0,2,0,0,0,0
50.02853,1,0,0,0,0,0,1,24,0,1.0000,-1,2,0,0,0,2,0,0,0,0
50.04922,1,0,0,0,0,0,1,24,0,1.0000,-1,2,0,0,0,2,0,0,0,0
50.06954,1,0,0,0,0,0,1,24,0,0.0000,-1,2,0,0,0,2,0,0,0,0
50.09082,1,0,0,0,0,0,1,24,0,0.0000,-1,2,0,0,0,2,0,0,0,0
50.11147,1,0,0,0,0,0,1,24,0,0.0000,-1,2,0,0,0,2,0,0,0,0
50.13235,1,0,0,0,0,0,1,24,0,0.0000,-1,2,0,0,0,2,0,0,0,0
50.15368,1,0,0,0,0,0,1,24,0,0.0000,-1,2,0,0,0,2,0,0,0,0
50.17485,1,0,0,0,0,0,1,24,0,0.0000,-1,2,0,0,0,2,0,0,0,0
50.19547,1,0,0,0,0,0,1,24,0,0.0000,-1,2,0,0,0,2,0,0,0,0
50.21741,1,0,0,0,0,0,1,24,0,0.0000,-1,2,0,0,0,2,0,0,0,0
50.23665,1,0,0,0,0,0,1,24,0,0.0000,-1,2,0,0,0,2,0,0,0,0
50.25786,1,0,0,0,0,0,1,24,1,1.0000,-1,2,0,0,0,2,0,0,0,0
50.27928,1,0,0,0,0,0,1,24,0,1.0000,-1,2,0,0,0,2,0,0,0,0
50.30189,1,0,0,0,0,0,1,24,0,1.0000,-1,2,0,0,0,2,0,0,0,0
50.32283,1,0,0,0,0,0,1,24,0,1.0000,-1,2,0,0,0,2,0,0,0,0
50.36208,1,0,0,0,0,0,1,24,0,1.0000,-1,2,0,0,0,2,0,0,0,0
50.37635,1,0,0,0,0,0,1,24,0,1.0000,-1,2,0,0,0,2,0,0,0,0
50.38857,1,0,0,0,0,0,1,24,0,1.0000,-1,2,0,0,0,2,0,0,0,0
50.41058,1,0,0,0,0,0,1,24,0,1.0000,-1,2,0,0,0,2,0,0,0,0
50.43237,1,0,0,0,0,0,1,24,0,1.0000,-1,2,0,0,0,2,0,0,0,0
50.45356,1,0,0,0,0,0,1,22,0,1.0000,24,3,0,0,0,3,0,0,0,0
50.47402,1,0,0,0,0,0,1,22,0,1.0000,-1,3,0,0,0,3,0,0,0,0
50.49454,1,0,0,0,0,0,1,22,0,1.0000,-1,3,0,0,0,3,0,0,0,0
50.5154,1,0,0,0,0,0,1,22,0,1.0000,-1,3,0,0,0,3,0,0,0,0
50.53736,1,0,0,0,0,0,1,22,0,1.0000,-1,3,0,0,0,3,0,0,0,0
50.57794,1,0,0,0,0,0,1,22,0,1.0000,-1,3,0,0,0,3,0,0,0,0
50.58916,1,0,0,0,0,0,1,22,0,1.0000,-1,3,0,0,0,3,0,0,0,0
50.60356,1,0,0,0,0,0,1,22,0,1.0000,-1,3,0,0,0,3,0,0,0,0
50.62502,1,0,0,0,0,0,1,22,0,1.0000,-1,3,0,0,0,3,0,0,0,0
50.64744,1,0,0,0,0,0,1,22,0,1.0000,-1,3,0,0,0,3,0,0,0,0
50.66904,1,0,0,0,0,0,1,22,0,1.0000,-1,3,0,0,0,3,0,0,0,0
50.69072,1,0,0,0,0,0,1,22,0,1.0000,-1,3,0,0,0,3,0,0,0,0
50.71167,1,0,0,0,0,0,1,22,0,1.0000,-1,3,0,0,0,3,0,0,0,0
50.73299,1,0,0,0,0,0,1,22,0,1.0000,-1,3,0,0,0,3,0,0,0,0
50.75462,1,0,0,0,0,0,1,22,0,1.0000,-1,3,0,0,0,3,0,0,0,0
50.77636,1,0,0,0,0,0,1,22,0,1.0000,-1,3,0,0,0,3,0,0,0,0
50.79709,1,0,0,0,0,0,1,22,0,1.0000,-1,3,0,0,0,3,0,0,0,0
50.8186,1,0,0,0,0,0,1,22,0,1.0000,-1,3,0,0,0,3,0,0,0,0
50.84103,1,0,0,0,0,0,1,22,0,1.0000,-1,3,0,0,0,3,0,0,0,0
50.85963,1,0,0,0,0,0,1,22,0,1.0000,-1,3,0,0,0,3,0,0,0,0
50.8824,1,0,0,0,0,0,1,22,0,1.0000,-1,3,0,0,0,3,0,0,0,0
50.90221,1,0,0,0,0,0,1,22,1,2.0000,-1,3,0,0,0,3,0,0,0,0
50.92395,1,0,0,0,0,0,0,-1,0,2.0000,22,4,0,0,0,4,0,0,0,0
50.94447,1,0,0,0,0,0,0,-1,0,2.0000,-1,4,0,0,0,4,0,0,0,0
50.96621,1,0,0,0,0,0,0,-1,0,2.0000,-1,4,0,0,0,4,0,0,0,0
51.00529,1,0,0,0,0,0,0,-1,0,2.0000,-1,4,0,0,0,4,0,0,0,0
51.01685,1,0,0,0,0,0,0,-1,0,2.0000,-1,4,0,0,0,4,0,0,0,0
51.03189,1,0,0,0,0,0,0,-1,0,2.0000,-1,4,0,0,0,4,0,0,0,0
51.05328,1,0,0,0,0,0,0,-1,0,2.0000,-1,4,0,0,0,4,0,0,0,0
51.07417,1,0,0,0,0,0,0,-1,0,2.0000,-1,4,0,0,0,4,0,0,0,0
51.09515,1,0,0,0,0,0,1,23,0,2.0000,-1,4,0,0,0,4,0,0,0,0
51.11616,1,0,0,0,0,0,1,23,0,2.0000,-1,4,0,0,0,4,0,0,0,0
51.13742,1,0,0,0,0,0,1,23,0,2.0000,-1,4,0,0,0,4,0,0,0,0
51.15791,1,0,0,0,0,0,1,23,0,2.0000,-1,4,0,0,0,4,0,0,0,0
51.1798,1,0,0,0,0,0,1,23,0,2.0000,-1,4,0,0,0,4,0,0,0,0
51.22058,1,0,0,0,0,0,1,23,0,2.0000,-1,4,0,0,0,4,0,0,0,0
51.23241,1,0,0,0,0,0,1,23,0,2.0000,-1,4,0,0,0,4,0,0,0,0
51.24607,1,0,0,0,0,0,1,23,0,2.0000,-1,4,0,0,0,4,0,0,0,0
51.26802,1,0,0,0,0,0,1,23,0,1.0000,-1,4,0,0,0,4,0,0,0,0
51.28975,1,0,0,0,0,0,1,23,0,1.0000,-1,4,0,0,0,4,0,0,0,0
51.31123,1,0,0,0,0,0,0,-1,0,1.0000,23,5,0,0,0,5,0,0,0,0
51.33307,1,0,0,0,0,0,0,-1,0,1.0000,-1,5,0,0,0,5,0,0,0,0
51.35553,1,0,0,0,0,0,0,-1,0,1.0000,-1,5,0,0,0,5,0,0,0,0
51.37685,1,0,0,0,0,0,0,-1,0,1.0000,-1,5,0,0,0,5,0,0,0,0
51.39887,1,0,0,0,0,0,0,-1,0,1.0000,-1,5,0,0,0,5,0,0,0,0
51.43871,1,0,0,0,0,0,0,-1,0,1.0000,-1,5,0,0,0,5,0,0,0,0
51.44961,1,0,0,0,0,0,0,-1,0,1.0000,-1,5,0,0,0,5,0,0,0,0
51.46555,1,0,0,0,0,0,0,-1,0,1.0000,-1,5,0,0,0,5,0,0,0,0
51.48764,1,0,0,0,0,0,0,-1,0,1.0000,-1,5,0,0,0,5,0,0,0,0
51.5094,1,0,0,0,0,0,0,-1,0,1.0000,-1,5,0,0,0,5,0,0,0,0
51.53024,1,0,0,0,0,0,0,-1,0,1.0000,-1,5,0,0,0,5,0,0,0,0
51.55188,1,0,0,0,0,0,0,-1,0,1.0000,-1,5,0,0,0,5,0,0,0,0
51.57257,1,0,0,0,0,0,0,-1,0,1.0000,-1,5,0,0,0,5,0,0,0,0
51.59421,1,0,0,0,0,0,0,-1,0,1.0000,-1,5,0,0,0,5,0,0,0,0
51.61545,1,0,0,0,0,0,0,-1,0,1.0000,-1,5,0,0,0,5,0,0,0,0
51.65707,1,0,0,0,0,0,0,-1,0,1.0000,-1,5,0,0,0,5,0,0,0,0
51.6685,1,0,0,0,0,0,0,-1,0,1.0000,-1,5,0,0,0,5,0,0,0,0
51.68358,1,0,0,0,0,0,0,-1,0,1.0000,-1,5,0,0,0,5,0,0,0,0
51.70524,1,0,0,0,0,0,0,-1,0,1.0000,-1,5,0,0,0,5,0,0,0,0
51.72701,1,0,0,0,0,0,0,-1,0,1.0000,-1,5,0,0,0,5,0,0,0,0
51.74841,1,0,0,0,0,0,1,26,0,1.0000,-1,5,0,0,0,5,0,0,0,0
51.76953,1,0,0,0,0,0,1,26,0,1.0000,-1,5,0,0,0,5,0,0,0,0
51.79079,1,0,0,0,0,0,1,26,0,1.0000,-1,5,0,0,0,5,0,0,0,0
51.81207,1,0,0,0,0,0,1,26,0,1.0000,-1,5,0,0,0,5,0,0,0,0
51.8339,1,0,0,0,0,0,1,26,0,1.0000,-1,5,0,0,0,5,0,0,0,0
51.85544,1,0,0,0,0,0,1,26,0,1.0000,-1,5,0,0,0,5,0,0,0,0
51.87696,1,0,0,0,0,0,1,26,0,1.0000,-1,5,0,0,0,5,0,0,0,0
51.89844,1,0,0,0,0,0,1,26,0,1.0000,-1,5,0,0,0,5,0,0,0,0
51.9202,1,0,0,0,0,0,1,26,0,0.0000,-1,5,0,0,0,5,0,0,0,0
51.94177,1,0,0,0,0,0,1,26,0,0.0000,-1,5,0,0,0,5,0,0,0,0
51.96313,1,0,0,0,0,0,1,26,0,0.0000,-1,5,0,0,0,5,0,0,0,0
51.98488,1,0,0,0,0,0,1,26,0,0.0000,-1,5,0,0,0,5,0,0,0,0
52.00657,1,0,0,0,0,0,1,26,0,0.0000,-1,5,0,0,0,5,0,0,0,0
52.02788,1,0,0,0,0,0,1,26,0,0.0000,-1,5,0,0,0,5,0,0,0,0
52.05008,1,0,0,0,0,0,1,26,1,1.0000,-1,5,0,0,0,5,0,0,0,0
52.0898,1,0,0,0,0,0,0,-1,0,1.0000,-1,5,0,0,0,5,0,0,0,0
52.10362,1,0,0,0,0,0,0,-1,0,1.0000,-1,5,0,0,0,5,0,0,0,0
52.11714,1,0,0,0,0,0,0,-1,0,1.0000,-1,5,0,0,0,5,0,0,0,0
52.13902,1,0,0,0,0,0,0,-1,0,1.0000,-1,5,0,0,0,5,0,0,0,0
52.16132,1,0,0,0,0,0,0,-1,0,1.0000,-1,5,0,0,0,5,0,0,0,0
52.18229,1,0,0,0,0,0,0,-1,0,1.0000,-1,5,0,0,0,5,0,0,0,0
52.20419,1,0,0,0,0,0,0,-1,0,1.0000,-1,5,0,0,0,5,0,0,0,0
52.22568,1,0,0,0,0,0,0,-1,0,1.0000,-1,5,0,0,0,5,0,0,0,0
52.24671,1,0,0,0,0,0,0,-1,0,1.0000,-1,5,0,0,0,5,0,0,0,0
52.26844,1,0,0,0,0,0,0,-1,0,1.0000,-1,5,0,0,0,5,0,0,0,0
52.29035,1,0,0,0,0,0,0,-1,0,1.0000,-1,5,0,0,0,5,0,0,0,0
52.31142,1,0,0,0,0,0,1,25,0,1.0000,-1,5,0,0,0,5,0,0,0,0
52.33232,1,0,0,0,0,0,1,25,0,1.0000,-1,5,0,0,0,5,0,0,0,0
52.35283,1,0,0,0,0,0,1,25,0,1.0000,-1,5,0,0,0,5,0,0,0,0
52.37409,1,0,0,0,0,0,1,25,0,1.0000,-1,5,0,0,0,5,0,0,0,0
52.39463,1,0,0,0,0,0,1,25,0,1.0000,-1,5,0,0,0,5,0,0,0,0
52.4157,1,0,0,0,0,0,1,25,0,1.0000,-1,5,0,0,0,5,0,0,0,0
52.43684,1,0,0,0,0,0,1,25,0,1.0000,-1,5,0,0,0,5,0,0,0,0
52.45785,1,0,0,0,0,0,1,25,0,1.0000,-1,5,0,0,0,5,0,0,0,0
52.47939,1,0,0,0,0,0,1,25,0,1.0000,-1,5,0,0,0,5,0,0,0,0
52.51872,1,0,0,0,0,0,1,25,0,1.0000,-1,5,0,0,0,5,0,0,0,0
52.52923,1,0,0,0,0,0,1,25,0,1.0000,-1,5,0,0,0,5,0,0,0,0
52.54501,1,0,0,0,0,0,1,25,0,1.0000,-1,5,0,0,0,5,0,0,0,0
52.567,1,0,0,0,0,0,1,25,0,1.0000,-1,5,0,0,0,5,0,0,0,0
52.58854,1,0,0,0,0,0,1,25,0,1.0000,-1,5,0,0,0,5,0,0,0,0
52.6099,1,0,0,0,0,0,1,25,0,1.0000,-1,5,0,0,0,5,0,0,0,0
52.63163,1,0,0,0,0,0,1,25,1,2.0000,-1,5,0,0,0,5,0,0,0,0
52.6526,1,0,0,0,0,0,1,25,0,2.0000,-1,5,0,0,0,5,0,0,0,0
52.67413,1,0,0,0,0,0,0,-1,0,2.0000,-1,5,0,0,0,5,0,0,0,0
52.69476,1,0,0,0,0,0,0,-1,0,2.0000,-1,5,0,0,0,5,0,0,0,0
52.71586,1,0,0,0,0,0,0,-1,0,2.0000,-1,5,0,0,0,5,0,0,0,0
52.73725,1,0,0,0,0,0,0,-1,0,2.0000,-1,5,0,0,0,5,0,0,0,0
52.7581,1,0,0,0,0,0,0,-1,0,2.0000,-1,5,0,0,0,5,0,0,0,0
52.78032,1,0,0,0,0,0,0,-1,0,2.0000,-1,5,0,0,0,5,0,0,0,0
52.80196,1,0,0,0,0,0,0,-1,0,2.0000,-1,5,0,0,0,5,0,0,0,0
52.82292,1,0,0,0,0,0,0,-1,0,2.0000,-1,5,0,0,0,5,0,0,0,0
52.84441,1,0,0,0,0,0,0,-1,0,2.0000,-1,5,0,0,0,5,0,0,0,0
52.86575,1,0,0,0,0,0,0,-1,0,2.0000,-1,5,0,0,0,5,0,0,0,0
52.88872,1,0,0,0,0,0,0,-1,0,2.0000,-1,5,0,0,0,5,0,0,0,0
52.90824,1,0,0,0,0,0,0,-1,0,2.0000,-1,5,0,0,0,5,0,0,0,0
52.92902,1,0,0,0,0,0,0,-1,0,2.0000,-1,5,0,0,0,5,0,0,0,0
52.95349,1,0,0,0,0,0,0,-1,0,2.0000,-1,5,0,0,0,5,0,0,0,0
52.97058,1,0,0,0,0,0,0,-1,0,2.0000,-1,5,0,0,0,5,0,0,0,0
52.99223,1,0,0,0,0,0,0,-1,0,2.0000,-1,5,0,0,0,5,0,0,0,0
53.01346,1,0,0,0,0,0,0,-1,0,2.0000,-1,5,0,0,0,5,0,0,0,0
53.03446,1,0,0,0,0,0,0,-1,0,2.0000,-1,5,0,0,0,5,0,0,0,0
53.05632,1,0,0,0,0,0,1,29,0,1.0000,-1,5,0,0,0,5,0,0,0,0
53.07819,1,0,0,0,0,0,1,29,0,1.0000,-1,5,0,0,0,5,0,0,0,0
53.09949,1,0,0,0,0,0,1,29,0,1.0000,-1,5,0,0,0,5,0,0,0,0
53.12145,1,0,0,0,0,0,1,29,0,1.0000,-1,5,0,0,0,5,0,0,0,0
53.14304,1,0,0,0,0,0,1,29,0,1.0000,-1,5,0,0,0,5,0,0,0,0
53.16421,1,0,0,0,0,0,1,29,0,1.0000,-1,5,0,0,0,5,0,0,0,0
53.18667,1,0,0,0,0,0,1,29,0,1.0000,-1,5,0,0,0,5,0,0,0,0
53.20819,1,0,0,0,0,0,1,29,1,2.0000,-1,5,0,0,0,5,0,0,0,0
53.22993,1,0,0,0,0,0,1,29,0,2.0000,-1,5,0,0,0,5,0,0,0,0
53.25132,1,0,0,0,0,0,1,29,0,2.0000,-1,5,0,0,0,5,0,0,0,0
53.27348,1,0,0,0,0,0,1,29,0,2.0000,-1,5,0,0,0,5,0,0,0,0
53.29464,1,0,0,0,0,0,0,-1,0,2.0000,-1,5,0,0,0,5,0,0,0,0
53.31592,1,0,0,0,0,0,0,-1,0,2.0000,-1,5,0,0,0,5,0,0,0,0
53.33672,1,0,0,0,0,0,0,-1,0,2.0000,-1,5,0,0,0,5,0,0,0,0
53.35892,1,0,0,0,0,0,0,-1,0,2.0000,-1,5,0,0,0,5,0,0,0,0
53.3802,1,0,0,0,0,0,0,-1,0,2.0000,-1,5,0,0,0,5,0,0,0,0
53.40163,1,0,0,0,0,0,0,-1,0,2.0000,-1,5,0,0,0,5,0,0,0,0
53.42358,1,0,0,0,0,0,0,-1,0,2.0000,-1,5,0,0,0,5,0,0,0,0
53.44545,1,0,0,0,0,0,0,-1,0,2.0000,-1,5,0,0,0,5,0,0,0,0
53.46676,1,0,0,0,0,0,0,-1,0,2.0000,-1,5,0,0,0,5,0,0,0,0
53.4889,1,0,0,0,0,0,0,-1,0,2.0000,-1,5,0,0,0,5,0,0,0,0
53.51001,1,0,0,0,0,0,0,-1,0,2.0000,-1,5,0,0,0,5,0,0,0,0
53.53138,1,0,0,0,0,0,0,-1,0,2.0000,-1,5,0,0,0,5,0,0,0,0
53.55298,1,0,0,0,0,0,0,-1,0,2.0000,-1,5,0,0,0,5,0,0,0,0
53.59319,1,0,0,0,0,0,0,-1,0,2.0000,-1,5,0,0,0,5,0,0,0,0
53.60418,1,0,0,0,0,0,0,-1,0,2.0000,-1,5,0,0,0,5,0,0,0,0
53.62097,1,0,0,0,0,0,0,-1,0,2.0000,-1,5,0,0,0,5,0,0,0,0
53.64238,1,0,0,0,0,0,0,-1,0,1.0000,-1,5,0,0,0,5,0,0,0,0
53.66317,1,0,0,0,0,0,0,-1,0,1.0000,-1,5,0,0,0,5,0,0,0,0
53.6841,1,0,0,0,0,0,0,-1,0,1.0000,-1,5,0,0,0,5,0,0,0,0
53.70499,1,0,0,0,0,0,0,-1,0,1.0000,-1,5,0,0,0,5,0,0,0,0
53.72566,1,0,0,0,0,0,0,-1,0,1.0000,-1,5,0,0,0,5,0,0,0,0
53.74677,1,0,0,0,0,0,0,-1,0,1.0000,-1,5,0,0,0,5,0,0,0,0
53.76783,1,0,0,0,0,0,0,-1,0,1.0000,-1,5,0,0,0,5,0,0,0,0
53.78924,1,0,0,0,0,0,0,-1,0,1.0000,-1,5,0,0,0,5,0,0,0,0
53.81025,1,0,0,0,0,0,0,-1,0,1.0000,-1,5,0,0,0,5,0,0,0,0
53.83163,1,0,0,0,0,0,0,-1,0,1.0000,-1,5,0,0,0,5,0,0,0,0
53.85251,1,0,0,0,0,0,0,-1,0,1.0000,-1,5,0,0,0,5,0,0,0,0
53.87296,1,0,0,0,0,0,0,-1,0,1.0000,-1,5,0,0,0,5,0,0,0,0
53.89391,1,0,0,0,0,0,0,-1,0,1.0000,-1,5,0,0,0,5,0,0,0,0
53.91484,1,0,0,0,0,0,0,-1,0,1.0000,-1,5,0,0,0,5,0,0,0,0
53.93587,1,0,0,0,0,0,0,-1,0,1.0000,-1,5,0,0,0,5,0,0,0,0
53.95791,1,0,0,0,0,0,0,-1,0,1.0000,-1,5,0,0,0,5,0,0,0,0
53.97949,1,0,0,0,0,0,0,-1,0,1.0000,-1,5,0,0,0,5,0,0,0,0
54.0009,1,0,0,0,0,0,0,-1,0,1.0000,-1,5,0,0,0,5,0,0,0,0
54.02194,1,0,0,0,0,0,0,-1,0,1.0000,-1,5,0,0,0,5,0,0,0,0
54.04338,1,0,0,0,0,0,0,-1,0,1.0000,-1,5,0,0,0,5,0,0,0,0
54.06504,1,0,0,0,0,0,0,-1,0,1.0000,-1,5,0,0,0,5,0,0,0,0
54.08593,1,0,0,0,0,0,0,-1,0,1.0000,-1,5,0,0,0,5,0,0,0,0
54.10679,1,0,0,0,0,0,0,-1,0,1.0000,-1,5,0,0,0,5,0,0,0,0
54.12744,1,0,0,0,0,0,0,-1,0,1.0000,-1,5,0,0,0,5,0,0,0,0
54.14833,1,0,0,0,0,0,1,28,0,1.0000,-1,5,0,0,0,5,0,0,0,0
54.17036,1,0,0,0,0,0,1,28,0,1.0000,-1,5,0,0,0,5,0,0,0,0
54.19201,1,0,0,0,0,0,1,28,0,1.0000,-1,5,0,0,0,5,0,0,0,0
54.23292,1,0,0,1,0,0,1,28,0,0.0000,-1,5,0,0,0,5,0,0,0,0
54.24447,1,0,0,1,0,0,1,28,0,0.0000,-1,5,0,0,0,5,0,0,0,0
54.2575,1,0,0,1,0,0,1,28,0,0.0000,-1,5,0,0,0,5,0,0,0,0
54.27997,1,0,0,1,0,0,1,30,0,0.0000,-1,5,0,0,0,5,0,0,0,0
54.30161,1,0,0,1,0,0,1,30,0,0.0000,-1,5,0,0,0,5,0,0,0,0
54.32378,1,0,0,1,0,0,0,-1,0,0.0000,30,6,0,0,0,6,0,0,0,0
54.34517,1,0,0,1,0,0,0,-1,0,0.0000,-1,6,0,0,0,6,0,0,0,0
54.36708,1,0,0,1,0,0,0,-1,0,0.0000,-1,6,0,0,0,6,0,0,0,0
54.38984,1,0,0,1,0,0,0,-1,0,0.0000,-1,6,0,0,0,6,0,0,0,0
54.41175,1,0,0,1,0,0,0,-1,0,0.0000,-1,6,0,0,0,6,0,0,0,0
54.45541,1,0,0,1,0,0,0,-1,0,0.0000,-1,6,0,0,0,6,0,0,0,0
54.4673,1,0,0,1,0,0,0,-1,0,0.0000,-1,6,0,0,0,6,0,0,0,0
54.48164,1,0,0,1,0,0,0,-1,1,1.0000,-1,6,0,0,0,6,0,0,0,0
54.5041,1,0,0,1,0,0,0,-1,0,1.0000,-1,6,0,0,0,6,0,0,0,0
54.52617,1,0,0,1,0,0,0,-1,0,1.0000,-1,6,0,0,0,6,0,0,0,0
54.54877,1,0,0,1,0,0,0,-1,0,1.0000,-1,6,0,0,0,6,0,0,0,0
54.57116,1,0,0,1,0,0,0,-1,0,1.0000,-1,6,0,0,0,6,0,0,0,0
54.59324,1,0,0,1,0,0,0,-1,0,1.0000,-1,6,0,0,0,6,0,0,0,0
54.61485,1,0,0,1,0,0,0,-1,0,1.0000,-1,6,0,0,0,6,0,0,0,0
54.63688,1,0,0,1,0,0,0,-1,0,1.0000,-1,6,0,0,0,6,0,0,0,0
54.65851,1,0,0,1,0,0,0,-1,0,1.0000,-1,6,0,0,0,6,0,0,0,0
54.68038,1,0,0,1,0,0,0,-1,0,1.0000,-1,6,0,0,0,6,0,0,0,0
54.70199,1,0,0,1,0,0,0,-1,0,1.0000,-1,6,0,0,0,6,0,0,0,0
54.72404,1,0,0,1,0,0,0,-1,0,1.0000,-1,6,0,0,0,6,0,0,0,0
54.74663,1,0,0,1,0,0,0,-1,0,1.0000,-1,6,0,0,0,6,0,0,0,0
54.76752,1,0,0,1,0,0,0,-1,0,1.0000,-1,6,0,0,0,6,0,0,0,0
54.78967,1,0,0,1,0,0,0,-1,0,1.0000,-1,6,0,0,0,6,0,0,0,0
54.81146,1,0,0,1,0,0,0,-1,0,1.0000,-1,6,0,0,0,6,0,0,0,0
54.83303,1,0,0,1,0,0,0,-1,0,1.0000,-1,6,0,0,0,6,0,0,0,0
54.85489,1,0,0,1,0,0,0,-1,0,1.0000,-1,6,0,0,0,6,0,0,0,0
54.87627,1,0,0,1,0,0,0,-1,0,1.0000,-1,6,0,0,0,6,0,0,0,0
54.89845,1,0,0,1,0,0,0,-1,0,1.0000,-1,6,0,0,0,6,0,0,0,0
54.92175,1,0,0,1,0,0,0,-1,0,1.0000,-1,6,0,0,0,6,0,0,0,0
54.94286,1,0,0,1,0,0,0,-1,0,1.0000,-1,6,0,0,0,6,0,0,0,0
54.96473,1,0,0,1,1,0,0,-1,0,1.0000,-1,6,0,0,0,6,0,0,0,0
54.98664,1,0,0,1,1,0,0,-1,0,1.0000,-1,6,0,0,0,6,0,0,0,0
55.00929,1,0,0,1,1,0,0,-1,0,1.0000,-1,6,0,0,0,6,0,0,0,0
55.03109,1,0,0,0,1,0,0,-1,0,1.0000,-1,6,0,0,0,6,0,0,0,0
55.05313,1,0,0,0,1,0,0,-1,1,2.0000,-1,6,0,0,0,6,0,0,0,0
55.09341,1,0,0,0,1,0,0,-1,0,2.0000,-1,6,0,0,0,6,0,0,0,0
55.10415,1,0,0,0,1,0,0,-1,0,2.0000,-1,6,0,0,0,6,0,0,0,0
55.12089,1,0,0,0,1,0,0,-1,0,2.0000,-1,6,0,0,0,6,0,0,0,0
55.14279,1,0,0,0,1,0,0,-1,0,2.0000,-1,6,0,0,0,6,0,0,0,0
55.16518,1,0,0,0,1,0,0,-1,0,2.0000,-1,6,0,0,0,6,0,0,0,0
55.18692,1,0,0,0,1,0,0,-1,0,2.0000,-1,6,0,0,0,6,0,0,0,0
55.20782,1,0,0,0,1,0,0,-1,0,2.0000,-1,6,0,0,0,6,0,0,0,0
55.22896,1,0,0,0,1,0,0,-1,0,2.0000,-1,6,0,0,0,6,0,0,0,0
55.24936,1,0,0,0,1,0,0,-1,0,2.0000,-1,6,0,0,0,6,0,0,0,0
55.27068,1,0,0,0,1,0,0,-1,0,2.0000,-1,6,0,0,0,6,0,0,0,0
55.2916,1,0,0,0,1,0,0,-1,0,2.0000,-1,6,0,0,0,6,0,0,0,0
55.31221,1,0,0,0,1,0,0,-1,0,2.0000,-1,6,0,0,0,6,0,0,0,0
55.33348,1,0,0,0,1,0,0,-1,0,2.0000,-1,6,0,0,0,6,0,0,0,0
55.35433,1,0,0,0,1,0,0,-1,0,2.0000,-1,6,0,0,0,6,0,0,0,0
55.37509,1,0,0,0,1,0,0,-1,0,2.0000,-1,6,0,0,0,6,0,0,0,0
55.39672,1,0,0,0,1,0,0,-1,1,3.0000,-1,6,0,0,0,6,0,0,0,0
55.41747,1,0,0,0,1,0,0,-1,0,3.0000,-1,6,0,0,0,6,0,0,0,0
55.4376,1,0,0,0,1,0,1,31,0,3.0000,-1,6,0,0,0,6,0,0,0,0
55.45938,1,0,0,0,1,0,1,31,0,3.0000,-1,6,0,0,0,6,0,0,0,0
55.47919,1,0,0,0,1,0,1,31,0,3.0000,-1,6,0,0,0,6,0,0,0,0
55.50128,1,0,0,0,1,0,1,31,0,2.0000,-1,6,0,0,0,6,0,0,0,0
55.52298,3,1,1,0,0,0,1,31,0,2.0000,-1,6,0,0,0,6,0,0,0,0
55.55874,3,0,1,0,0,0,0,-1,0,2.0000,31,6,0,1,0,7,0,0,0,0
55.5741,3,0,1,0,0,0,0,-1,0,2.0000,-1,6,0,1,0,7,0,0,0,0
55.58766,3,0,1,0,0,0,0,-1,0,2.0000,-1,6,0,1,0,7,0,0,0,0
55.60617,3,0,1,0,0,0,1,36,0,2.0000,-1,6,0,1,0,7,0,0,0,0
55.62906,3,0,1,0,0,0,1,36,0,2.0000,-1,6,0,1,0,7,0,0,0,0
55.64825,3,0,1,0,0,0,1,36,0,2.0000,-1,6,0,1,0,7,0,0,0,0
55.66957,3,0,1,0,0,0,1,36,0,2.0000,-1,6,0,1,0,7,0,0,0,0
55.69167,3,0,1,0,0,0,1,36,0,2.0000,-1,6,0,1,0,7,0,0,0,0
55.73124,3,0,1,0,0,0,1,36,0,2.0000,-1,6,0,1,0,7,0,0,0,0
55.74345,3,0,1,0,0,0,1,36,0,2.0000,-1,6,0,1,0,7,0,0,0,0
55.75707,3,0,1,0,0,0,1,36,0,2.0000,-1,6,0,1,0,7,0,0,0,0
55.77894,3,0,1,0,0,0,1,36,0,2.0000,-1,6,0,1,0,7,0,0,0,0
55.80037,3,0,1,0,0,0,1,36,0,2.0000,-1,6,0,1,0,7,0,0,0,0
55.82185,3,0,1,0,0,0,1,36,0,2.0000,-1,6,0,1,0,7,0,0,0,0
55.84322,3,0,1,0,0,0,1,36,0,2.0000,-1,6,0,1,0,7,0,0,0,0
55.86481,3,0,1,0,0,0,1,36,0,2.0000,-1,6,0,1,0,7,0,0,0,0
55.88545,3,0,1,0,0,0,1,36,0,2.0000,-1,6,0,1,0,7,0,0,0,0
55.90728,3,0,1,0,0,0,1,36,0,2.0000,-1,6,0,1,0,7,0,0,0,0
55.94657,3,0,1,0,0,0,1,36,0,2.0000,-1,6,0,1,0,7,0,0,0,0
55.95732,3,0,1,0,0,0,1,36,0,2.0000,-1,6,0,1,0,7,0,0,0,0
55.97353,3,0,1,0,0,0,1,36,0,2.0000,-1,6,0,1,0,7,0,0,0,0
55.99424,3,0,1,0,0,0,1,36,0,2.0000,-1,6,0,1,0,7,0,0,0,0
56.01599,3,0,1,0,0,0,1,36,0,2.0000,-1,6,0,1,0,7,0,0,0,0
56.03669,3,0,1,0,0,0,1,36,0,2.0000,-1,6,0,1,0,7,0,0,0,0
56.05811,3,0,1,0,0,0,1,36,0,1.0000,-1,6,0,1,0,7,0,0,0,0
56.07969,3,0,1,0,0,0,1,36,0,1.0000,-1,6,0,1,0,7,0,0,0,0
56.10156,3,0,1,0,0,0,1,36,0,1.0000,-1,6,0,1,0,7,0,0,0,0
56.12259,3,0,1,0,0,0,1,36,0,1.0000,-1,6,0,1,0,7,0,0,0,0
56.16264,3,0,1,0,0,0,1,36,0,1.0000,-1,6,0,1,0,7,0,0,0,0
56.1733,3,0,1,0,0,0,1,36,0,1.0000,-1,6,0,1,0,7,0,0,0,0
56.18921,3,0,1,0,0,0,1,36,0,1.0000,-1,6,0,1,0,7,0,0,0,0
56.2108,3,0,1,0,0,0,1,36,0,1.0000,-1,6,0,1,0,7,0,0,0,0
56.23208,3,0,1,0,0,0,1,36,0,1.0000,-1,6,0,1,0,7,0,0,0,0
56.25349,3,0,1,0,0,0,1,36,0,1.0000,-1,6,0,1,0,7,0,0,0,0
56.27468,3,0,1,0,0,0,1,36,0,1.0000,-1,6,0,1,0,7,0,0,0,0
56.29606,3,0,1,0,0,0,1,36,0,1.0000,-1,6,0,1,0,7,0,0,0,0
56.31744,3,0,1,0,0,0,0,-1,0,1.0000,36,6,0,2,0,8,0,0,0,0
56.33834,3,0,1,0,0,0,0,-1,0,1.0000,-1,6,0,2,0,8,0,0,0,0
56.37891,3,0,1,0,0,0,0,-1,0,1.0000,-1,6,0,2,0,8,0,0,0,0
56.3903,3,0,1,0,0,0,0,-1,0,1.0000,-1,6,0,2,0,8,0,0,0,0
56.4051,3,0,1,0,0,0,0,-1,0,0.0000,-1,6,0,2,0,8,0,0,0,0
56.42635,3,0,1,0,0,0,0,-1,0,0.0000,-1,6,0,2,0,8,0,0,0,0
56.44807,3,0,1,0,0,0,0,-1,0,0.0000,-1,6,0,2,0,8,0,0,0,0
56.46976,3,0,1,0,0,0,0,-1,0,0.0000,-1,6,0,2,0,8,0,0,0,0
56.49078,3,0,1,0,0,0,0,-1,0,0.0000,-1,6,0,2,0,8,0,0,0,0
56.51232,3,0,1,0,0,0,0,-1,0,0.0000,-1,6,0,2,0,8,0,0,0,0
56.53344,3,0,1,0,0,0,0,-1,0,0.0000,-1,6,0,2,0,8,0,0,0,0
56.55509,3,0,1,0,0,0,0,-1,0,0.0000,-1,6,0,2,0,8,0,0,0,0
56.59441,3,0,1,0,0,0,0,-1,0,0.0000,-1,6,0,2,0,8,0,0,0,0
56.60582,3,0,1,0,0,0,0,-1,0,0.0000,-1,6,0,2,0,8,0,0,0,0
56.62147,3,0,1,0,0,0,0,-1,0,0.0000,-1,6,0,2,0,8,0,0,0,0
56.64292,3,0,1,0,0,0,0,-1,0,0.0000,-1,6,0,2,0,8,0,0,0,0
56.66443,3,0,1,0,0,0,0,-1,0,0.0000,-1,6,0,2,0,8,0,0,0,0
56.6859,3,0,1,0,0,0,0,-1,0,0.0000,-1,6,0,2,0,8,0,0,0,0
56.70676,3,0,1,0,0,0,0,-1,0,0.0000,-1,6,0,2,0,8,0,0,0,0
56.7281,3,0,1,0,0,0,0,-1,0,0.0000,-1,6,0,2,0,8,0,0,0,0
56.7484,3,0,1,0,0,0,0,-1,0,0.0000,-1,6,0,2,0,8,0,0,0,0
56.76912,3,0,1,0,0,0,0,-1,0,0.0000,-1,6,0,2,0,8,0,0,0,0
56.79115,3,0,1,0,0,0,0,-1,0,0.0000,-1,6,0,2,0,8,0,0,0,0
56.81179,3,0,1,0,0,0,0,-1,0,0.0000,-1,6,0,2,0,8,0,0,0,0
56.83305,3,0,1,0,0,0,0,-1,0,0.0000,-1,6,0,2,0,8,0,0,0,0
56.85415,3,0,1,0,0,0,0,-1,0,0.0000,-1,6,0,2,0,8,0,0,0,0
56.8745,3,0,1,0,0,0,0,-1,0,0.0000,-1,6,0,2,0,8,0,0,0,0
56.89496,3,0,1,0,0,0,0,-1,0,0.0000,-1,6,0,2,0,8,0,0,0,0
56.91668,3,0,1,0,0,0,0,-1,0,0.0000,-1,6,0,2,0,8,0,0,0,0
56.93773,3,0,1,0,0,0,0,-1,0,0.0000,-1,6,0,2,0,8,0,0,0,0
56.95802,3,0,1,0,0,0,0,-1,0,0.0000,-1,6,0,2,0,8,0,0,0,0
56.97944,3,0,1,0,0,0,0,-1,0,0.0000,-1,6,0,2,0,8,0,0,0,0
57.01989,3,0,1,0,0,0,0,-1,0,0.0000,-1,6,0,2,0,8,0,0,0,0
57.03234,3,0,1,0,0,0,0,-1,0,0.0000,-1,6,0,2,0,8,0,0,0,0
57.04573,3,0,1,0,0,0,0,-1,0,0.0000,-1,6,0,2,0,8,0,0,0,0
57.06708,3,0,1,0,0,0,0,-1,0,0.0000,-1,6,0,2,0,8,0,0,0,0
57.0882,3,0,1,0,0,0,0,-1,0,0.0000,-1,6,0,2,0,8,0,0,0,0
57.1091,3,0,1,0,0,0,0,-1,0,0.0000,-1,6,0,2,0,8,0,0,0,0
57.12965,3,0,1,0,0,0,0,-1,0,0.0000,-1,6,0,2,0,8,0,0,0,0
57.14996,3,0,1,0,0,0,0,-1,0,0.0000,-1,6,0,2,0,8,0,0,0,0
57.17185,3,0,1,0,0,0,0,-1,0,0.0000,-1,6,0,2,0,8,0,0,0,0
57.19205,3,0,1,0,0,0,0,-1,0,0.0000,-1,6,0,2,0,8,0,0,0,0
57.2126,3,0,1,0,0,0,0,-1,0,0.0000,-1,6,0,2,0,8,0,0,0,0
57.23333,3,0,1,0,0,0,0,-1,0,0.0000,-1,6,0,2,0,8,0,0,0,0
57.25499,3,0,1,0,0,0,0,-1,0,0.0000,-1,6,0,2,0,8,0,0,0,0
57.27588,3,0,1,0,0,0,0,-1,0,0.0000,-1,6,0,2,0,8,0,0,0,0
57.29671,3,0,1,0,0,0,0,-1,0,0.0000,-1,6,0,2,0,8,0,0,0,0
57.31578,3,0,1,0,0,0,0,-1,0,0.0000,-1,6,0,2,0,8,0,0,0,0
57.33553,3,0,1,0,0,0,0,-1,0,0.0000,-1,6,0,2,0,8,0,0,0,0
57.35658,3,0,1,0,0,0,0,-1,0,0.0000,-1,6,0,2,0,8,0,0,0,0
57.3781,3,0,1,0,0,0,0,-1,0,0.0000,-1,6,0,2,0,8,0,0,0,0
57.40001,3,0,1,0,0,0,0,-1,0,0.0000,-1,6,0,2,0,8,0,0,0,0
57.41969,3,0,1,0,0,0,0,-1,0,0.0000,-1,6,0,2,0,8,0,0,0,0
57.44001,3,0,1,0,0,0,0,-1,0,0.0000,-1,6,0,2,0,8,0,0,0,0
57.46037,3,0,1,0,0,0,0,-1,0,0.0000,-1,6,0,2,0,8,0,0,0,0
57.47992,3,0,1,0,0,0,0,-1,0,0.0000,-1,6,0,2,0,8,0,0,0,0
57.49984,3,0,1,0,0,0,0,-1,0,0.0000,-1,6,0,2,0,8,0,0,0,0
57.52127,3,0,1,0,0,0,0,-1,0,0.0000,-1,6,0,2,0,8,0,0,0,0
57.54047,3,0,1,0,0,0,0,-1,0,0.0000,-1,6,0,2,0,8,0,0,0,0
57.56133,3,0,1,0,0,0,0,-1,0,0.0000,-1,6,0,2,0,8,0,0,0,0
57.58115,3,0,1,0,0,0,0,-1,0,0.0000,-1,6,0,2,0,8,0,0,0,0
57.60133,3,0,1,0,0,0,0,-1,0,0.0000,-1,6,0,2,0,8,0,0,0,0
57.62163,3,0,1,0,0,0,0,-1,0,0.0000,-1,6,0,2,0,8,0,0,0,0
57.64335,3,0,1,0,0,0,0,-1,0,0.0000,-1,6,0,2,0,8,0,0,0,0
57.66217,3,0,1,1,0,0,0,-1,0,0.0000,-1,6,0,2,0,8,0,0,0,0
57.68307,3,0,1,1,0,0,0,-1,0,0.0000,-1,6,0,2,0,8,0,0,0,0
57.7038,3,0,1,1,0,0,0,-1,0,0.0000,-1,6,0,2,0,8,0,0,0,0
57.72386,3,0,1,1,0,0,0,-1,0,0.0000,-1,6,0,2,0,8,0,0,0,0
57.74533,3,0,1,1,0,0,0,-1,0,0.0000,-1,6,0,2,0,8,0,0,0,0
57.76599,3,0,1,1,0,0,0,-1,0,0.0000,-1,6,0,2,0,8,0,0,0,0
57.78693,3,0,1,1,0,0,0,-1,0,0.0000,-1,6,0,2,0,8,0,0,0,0
57.80593,3,0,1,1,0,0,0,-1,0,0.0000,-1,6,0,2,0,8,0,0,0,0
57.84542,3,0,1,1,0,0,0,-1,0,0.0000,-1,6,0,2,0,8,0,0,0,0
57.85746,3,0,1,1,0,0,0,-1,0,0.0000,-1,6,0,2,0,8,0,0,0,0
57.87306,3,0,1,1,0,0,0,-1,0,0.0000,-1,6,0,2,0,8,0,0,0,0
57.89264,3,0,1,1,0,0,0,-1,0,0.0000,-1,6,0,2,0,8,0,0,0,0
57.91368,3,0,1,1,0,0,0,-1,0,0.0000,-1,6,0,2,0,8,0,0,0,0
57.93427,3,0,1,1,0,0,0,-1,0,0.0000,-1,6,0,2,0,8,0,0,0,0
57.9544,3,0,1,1,0,0,0,-1,0,0.0000,-1,6,0,2,0,8,0,0,0,0
57.97491,3,0,1,1,0,0,0,-1,0,0.0000,-1,6,0,2,0,8,0,0,0,0
57.9946,3,0,1,1,0,0,0,-1,0,0.0000,-1,6,0,2,0,8,0,0,0,0
58.01513,3,0,1,1,0,0,0,-1,0,0.0000,-1,6,0,2,0,8,0,0,0,0
58.03579,3,0,1,1,0,0,0,-1,0,0.0000,-1,6,0,2,0,8,0,0,0,0
58.05703,3,0,1,1,0,0,0,-1,0,0.0000,-1,6,0,2,0,8,0,0,0,0
58.07806,3,0,1,0,0,0,0,-1,0,0.0000,-1,6,0,2,0,8,0,0,0,0
58.09907,3,0,1,0,0,0,0,-1,0,0.0000,-1,6,0,2,0,8,0,0,0,0
58.11904,3,0,1,0,0,0,0,-1,0,0.0000,-1,6,0,2,0,8,0,0,0,0
58.13904,3,0,1,0,0,0,0,-1,0,0.0000,-1,6,0,2,0,8,0,0,0,0
58.15914,3,0,1,0,0,0,0,-1,0,0.0000,-1,6,0,2,0,8,0,0,0,0
58.17975,3,0,1,0,0,0,0,-1,0,0.0000,-1,6,0,2,0,8,0,0,0,0
58.20045,3,0,1,0,0,0,0,-1,0,0.0000,-1,6,0,2,0,8,0,0,0,0
58.22212,3,0,1,0,0,0,0,-1,0,0.0000,-1,6,0,2,0,8,0,0,0,0
58.26086,3,0,1,0,0,0,0,-1,0,0.0000,-1,6,0,2,0,8,0,0,0,0
58.27205,3,0,1,0,0,0,0,-1,0,0.0000,-1,6,0,2,0,8,0,0,0,0
58.28751,3,0,1,0,0,0,0,-1,0,0.0000,-1,6,0,2,0,8,0,0,0,0
58.30772,3,0,1,0,0,0,0,-1,0,0.0000,-1,6,0,2,0,8,0,0,0,0
58.32891,3,0,1,0,0,0,0,-1,0,0.0000,-1,6,0,2,0,8,0,0,0,0
58.34897,3,0,1,0,0,0,0,-1,0,0.0000,-1,6,0,2,0,8,0,0,0,0
58.36988,3,0,1,0,0,0,0,-1,1,1.0000,-1,6,0,2,0,8,0,0,0,0
58.39061,3,0,1,0,0,0,1,38,0,1.0000,-1,6,0,2,0,8,0,0,0,0
58.41168,3,0,1,0,1,0,1,38,0,1.0000,-1,6,0,2,0,8,0,0,0,0
58.43079,3,0,1,0,1,0,1,38,0,1.0000,-1,6,0,2,0,8,0,0,0,0
58.45139,3,0,1,0,1,0,1,38,0,1.0000,-1,6,0,2,0,8,0,0,0,0
58.47147,3,0,1,0,1,0,1,38,0,1.0000,-1,6,0,2,0,8,0,0,0,0
58.49312,3,0,1,0,1,0,1,38,0,1.0000,-1,6,0,2,0,8,0,0,0,0
58.51323,3,0,1,0,1,0,1,38,0,1.0000,-1,6,0,2,0,8,0,0,0,0
58.53423,3,0,1,0,1,0,1,38,0,1.0000,-1,6,0,2,0,8,0,0,0,0
58.55595,3,0,1,0,1,0,1,38,0,1.0000,-1,6,0,2,0,8,0,0,0,0
58.57755,3,0,1,0,1,0,1,38,0,1.0000,-1,6,0,2,0,8,0,0,0,0
58.59576,3,0,1,0,1,0,0,-1,0,1.0000,38,6,0,3,0,9,0,0,0,0
58.61533,3,0,1,0,1,0,0,-1,0,1.0000,-1,6,0,3,0,9,0,0,0,0
58.63747,3,0,1,0,1,0,0,-1,0,1.0000,-1,6,0,3,0,9,0,0,0,0
58.67623,3,0,1,0,1,0,0,-1,0,1.0000,-1,6,0,3,0,9,0,0,0,0
58.68784,3,0,1,0,1,0,0,-1,0,1.0000,-1,6,0,3,0,9,0,0,0,0
58.70191,3,0,1,0,1,0,0,-1,0,1.0000,-1,6,0,3,0,9,0,0,0,0
58.72284,3,0,1,0,1,0,0,-1,0,1.0000,-1,6,0,3,0,9,0,0,0,0
58.74448,3,0,1,0,1,0,0,-1,0,1.0000,-1,6,0,3,0,9,0,0,0,0
58.76543,3,0,1,0,1,0,0,-1,0,1.0000,-1,6,0,3,0,9,0,0,0,0
58.78593,3,0,1,0,1,0,0,-1,0,1.0000,-1,6,0,3,0,9,0,0,0,0
58.8064,3,0,1,0,1,0,0,-1,0,1.0000,-1,6,0,3,0,9,0,0,0,0
58.82597,3,0,1,0,1,0,0,-1,0,1.0000,-1,6,0,3,0,9,0,0,0,0
58.84633,3,0,1,0,1,0,0,-1,0,1.0000,-1,6,0,3,0,9,0,0,0,0
58.86675,3,0,1,0,1,0,0,-1,0,1.0000,-1,6,0,3,0,9,0,0,0,0
58.88776,3,0,1,0,1,0,0,-1,0,1.0000,-1,6,0,3,0,9,0,0,0,0
58.90996,3,0,1,0,1,0,0,-1,1,2.0000,-1,6,0,3,0,9,0,0,0,0
58.93093,3,0,1,0,1,0,0,-1,0,2.0000,-1,6,0,3,0,9,0,0,0,0
58.95067,3,0,1,0,1,0,0,-1,0,2.0000,-1,6,0,3,0,9,0,0,0,0
58.97031,3,0,1,0,1,0,0,-1,0,2.0000,-1,6,0,3,0,9,0,0,0,0
58.99074,3,0,1,0,1,0,0,-1,0,2.0000,-1,6,0,3,0,9,0,0,0,0
59.01043,3,0,1,0,1,0,0,-1,0,2.0000,-1,6,0,3,0,9,0,0,0,0
59.03179,3,0,1,0,1,0,0,-1,0,2.0000,-1,6,0,3,0,9,0,0,0,0
59.0522,3,0,1,0,1,0,0,-1,0,2.0000,-1,6,0,3,0,9,0,0,0,0
59.07201,3,0,1,0,1,0,0,-1,0,2.0000,-1,6,0,3,0,9,0,0,0,0
59.0937,3,0,1,0,1,0,0,-1,0,2.0000,-1,6,0,3,0,9,0,0,0,0
59.11324,3,0,1,0,1,0,0,-1,0,2.0000,-1,6,0,3,0,9,0,0,0,0
59.13303,3,0,1,0,1,0,0,-1,0,2.0000,-1,6,0,3,0,9,0,0,0,0
59.15314,3,0,1,0,1,0,0,-1,0,2.0000,-1,6,0,3,0,9,0,0,0,0
59.1757,3,0,1,0,1,0,0,-1,0,2.0000,-1,6,0,3,0,9,0,0,0,0
59.19394,3,0,1,0,1,0,0,-1,0,2.0000,-1,6,0,3,0,9,0,0,0,0
59.21376,3,0,1,0,1,0,0,-1,0,2.0000,-1,6,0,3,0,9,0,0,0,0
59.23474,3,0,1,0,1,0,0,-1,0,2.0000,-1,6,0,3,0,9,0,0,0,0
59.25589,3,0,1,0,1,0,0,-1,0,2.0000,-1,6,0,3,0,9,0,0,0,0
59.27809,3,0,1,0,1,0,0,-1,0,2.0000,-1,6,0,3,0,9,0,0,0,0
59.29772,3,0,1,0,1,0,0,-1,1,3.0000,-1,6,0,3,0,9,0,0,0,0
59.31866,3,0,1,0,0,0,0,-1,0,3.0000,-1,6,0,3,0,9,0,0,0,0
59.33824,3,0,1,0,0,0,0,-1,0,3.0000,-1,6,0,3,0,9,0,0,0,0
59.35891,3,0,1,0,0,0,0,-1,0,3.0000,-1,6,0,3,0,9,0,0,0,0
59.38073,3,0,1,0,0,0,0,-1,0,2.0000,-1,6,0,3,0,9,0,0,0,0
59.40284,3,0,1,0,0,0,0,-1,0,2.0000,-1,6,0,3,0,9,0,0,0,0
59.42554,3,0,1,0,0,0,0,-1,0,2.0000,-1,6,0,3,0,9,0,0,0,0
59.4474,3,0,1,0,0,0,0,-1,0,2.0000,-1,6,0,3,0,9,0,0,0,0
59.47013,3,0,1,0,0,0,0,-1,0,2.0000,-1,6,0,3,0,9,0,0,0,0
59.51343,3,0,1,0,0,0,0,-1,0,2.0000,-1,6,0,3,0,9,0,0,0,0
59.52515,3,0,1,0,0,0,0,-1,0,2.0000,-1,6,0,3,0,9,0,0,0,0
59.54338,3,0,1,0,0,0,0,-1,0,2.0000,-1,6,0,3,0,9,0,0,0,0
59.56761,3,0,1,0,0,0,0,-1,0,2.0000,-1,6,0,3,0,9,0,0,0,0
59.59171,3,0,1,0,0,0,0,-1,0,2.0000,-1,6,0,3,0,9,0,0,0,0
59.61516,3,0,1,0,0,0,0,-1,0,2.0000,-1,6,0,3,0,9,0,0,0,0
59.63926,3,0,1,0,0,0,0,-1,0,2.0000,-1,6,0,3,0,9,0,0,0,0
59.66344,3,0,1,0,0,0,0,-1,0,2.0000,-1,6,0,3,0,9,0,0,0,0
59.68807,3,0,1,0,0,0,0,-1,0,2.0000,-1,6,0,3,0,9,0,0,0,0
59.73478,3,0,1,0,0,0,0,-1,0,2.0000,-1,6,0,3,0,9,0,0,0,0
59.74655,3,0,1,0,0,0,0,-1,0,2.0000,-1,6,0,3,0,9,0,0,0,0
59.76179,3,0,1,0,0,0,0,-1,0,2.0000,-1,6,0,3,0,9,0,0,0,0
59.78669,3,0,1,0,0,0,0,-1,0,2.0000,-1,6,0,3,0,9,0,0,0,0
59.8111,3,0,1,0,0,0,0,-1,0,2.0000,-1,6,0,3,0,9,0,0,0,0
59.83458,3,0,1,0,0,0,0,-1,0,2.0000,-1,6,0,3,0,9,0,0,0,0
59.8583,3,0,1,0,0,0,0,-1,0,2.0000,-1,6,0,3,0,9,0,0,0,0
59.88209,3,0,1,0,0,0,1,42,0,2.0000,-1,6,0,3,0,9,0,0,0,0
59.90729,3,0,1,0,0,0,1,42,0,2.0000,-1,6,0,3,0,9,0,0,0,0
59.93098,3,0,1,0,0,0,1,42,0,1.0000,-1,6,0,3,0,9,0,0,0,0
59.95591,3,0,1,0,0,0,1,42,0,1.0000,-1,6,0,3,0,9,0,0,0,0
59.98006,3,0,1,0,0,0,1,42,0,1.0000,-1,6,0,3,0,9,0,0,0,0
60.00422,3,0,1,0,0,0,1,42,0,1.0000,-1,6,0,3,0,9,0,0,0,0
60.02802,3,0,1,0,0,0,1,42,0,1.0000,-1,6,0,3,0,9,0,0,0,0
60.05218,3,0,1,0,0,0,1,42,0,1.0000,-1,6,0,3,0,9,0,0,0,0
60.0773,3,0,1,0,0,0,1,42,0,1.0000,-1,6,0,3,0,9,0,0,0,0
60.10108,3,0,1,0,0,0,1,42,0,1.0000,-1,6,0,3,0,9,0,0,0,0
60.1254,3,0,1,0,0,0,1,42,0,1.0000,-1,6,0,3,0,9,0,0,0,0
60.17039,3,0,1,0,0,0,1,42,0,1.0000,-1,6,0,3,0,9,0,0,0,0
60.1818,3,0,1,0,0,0,1,42,0,1.0000,-1,6,0,3,0,9,0,0,0,0
60.2,3,0,1,0,0,0,1,42,0,1.0000,-1,6,0,3,0,9,0,0,0,0
60.22406,3,0,1,0,0,0,1,42,0,1.0000,-1,6,0,3,0,9,0,0,0,0
60.24865,3,0,1,0,0,0,1,42,0,1.0000,-1,6,0,3,0,9,0,0,0,0
60.27265,3,0,1,0,0,0,1,42,0,1.0000,-1,6,0,3,0,9,0,0,0,0
60.29634,3,0,1,0,0,0,1,42,0,1.0000,-1,6,0,3,0,9,0,0,0,0
60.32119,3,0,1,0,0,0,1,42,0,0.0000,-1,6,0,3,0,9,0,0,0,0
60.34502,3,0,1,0,0,0,1,42,0,0.0000,-1,6,0,3,0,9,0,0,0,0
60.36841,3,0,1,0,0,0,1,42,0,0.0000,-1,6,0,3,0,9,0,0,0,0
60.39235,3,0,1,0,0,0,1,42,0,0.0000,-1,6,0,3,0,9,0,0,0,0
60.4163,3,0,1,0,0,0,1,42,0,0.0000,-1,6,0,3,0,9,0,0,0,0
60.44029,3,0,1,0,0,0,1,42,0,0.0000,-1,6,0,3,0,9,0,0,0,0
60.46448,3,0,1,0,0,0,1,42,0,0.0000,-1,6,0,3,0,9,0,0,0,0
60.48874,3,0,1,0,0,0,1,42,0,0.0000,-1,6,0,3,0,9,0,0,0,0
60.5127,3,0,1,0,0,0,1,42,0,0.0000,-1,6,0,3,0,9,0,0,0,0
60.53649,3,0,1,0,0,0,1,42,0,0.0000,-1,6,0,3,0,9,0,0,0,0
60.56023,3,0,1,1,0,0,1,42,0,0.0000,-1,6,0,3,0,9,0,0,0,0
60.58522,3,0,1,1,0,0,1,42,0,0.0000,-1,6,0,3,0,9,0,0,0,0
60.60899,3,0,1,1,0,0,0,-1,0,0.0000,42,6,0,4,0,10,0,0,0,0
60.63356,3,0,1,1,0,0,0,-1,0,0.0000,-1,6,0,4,0,10,0,0,0,0
60.65733,3,0,1,1,0,0,0,-1,0,0.0000,-1,6,0,4,0,10,0,0,0,0
60.68142,3,0,1,1,0,0,0,-1,0,0.0000,-1,6,0,4,0,10,0,0,0,0
60.70771,3,0,1,1,0,0,0,-1,0,0.0000,-1,6,0,4,0,10,0,0,0,0
60.73161,3,0,1,1,0,0,1,43,0,0.0000,-1,6,0,4,0,10,0,0,0,0
60.75634,3,0,1,1,0,0,1,43,0,0.0000,-1,6,0,4,0,10,0,0,0,0
60.78,3,0,1,1,0,0,1,43,0,0.0000,-1,6,0,4,0,10,0,0,0,0
60.82555,3,0,1,1,0,0,1,43,0,0.0000,-1,6,0,4,0,10,0,0,0,0
60.83786,3,0,1,1,0,0,0,-1,0,0.0000,-1,6,0,4,0,10,0,0,0,0
60.85547,3,0,1,1,0,0,0,-1,0,0.0000,-1,6,0,4,0,10,0,0,0,0
60.88031,3,0,1,1,0,0,0,-1,0,0.0000,-1,6,0,4,0,10,0,0,0,0
60.9051,3,0,1,1,0,0,0,-1,0,0.0000,-1,6,0,4,0,10,0,0,0,0
60.93094,3,0,1,1,0,0,0,-1,0,0.0000,-1,6,0,4,0,10,0,0,0,0
60.95618,3,0,1,1,0,0,0,-1,1,1.0000,-1,6,0,4,0,10,0,0,0,0
60.98046,3,0,1,1,0,0,0,-1,0,1.0000,-1,6,0,4,0,10,0,0,0,0
61.00531,3,0,1,1,0,0,0,-1,0,1.0000,-1,6,0,4,0,10,0,0,0,0
61.03045,3,0,1,1,0,0,0,-1,0,1.0000,-1,6,0,4,0,10,0,0,0,0
61.05449,3,0,1,1,0,0,0,-1,0,1.0000,-1,6,0,4,0,10,0,0,0,0
61.07856,3,0,1,1,0,0,0,-1,0,1.0000,-1,6,0,4,0,10,0,0,0,0
61.10178,3,0,1,0,0,0,0,-1,0,1.0000,-1,6,0,4,0,10,0,0,0,0
61.12383,3,0,1,0,0,0,0,-1,0,1.0000,-1,6,0,4,0,10,0,0,0,0
61.14683,3,0,1,0,0,0,0,-1,1,2.0000,-1,6,0,4,0,10,0,0,0,0
61.16901,3,0,1,0,0,0,0,-1,0,2.0000,-1,6,0,4,0,10,0,0,0,0
61.19066,3,0,1,0,0,0,0,-1,0,2.0000,-1,6,0,4,0,10,0,0,0,0
61.23211,3,0,1,0,0,0,0,-1,0,2.0000,-1,6,0,4,0,10,0,0,0,0
61.24375,3,0,1,0,1,0,0,-1,0,2.0000,-1,6,0,4,0,10,0,0,0,0
61.25789,3,0,1,0,1,0,0,-1,0,2.0000,-1,6,0,4,0,10,0,0,0,0
61.27767,3,0,1,0,1,0,0,-1,0,2.0000,-1,6,0,4,0,10,0,0,0,0
61.30027,3,0,1,0,1,0,0,-1,0,2.0000,-1,6,0,4,0,10,0,0,0,0
61.32151,3,0,1,0,1,0,0,-1,0,2.0000,-1,6,0,4,0,10,0,0,0,0
61.34066,3,0,1,0,1,0,0,-1,0,2.0000,-1,6,0,4,0,10,0,0,0,0
61.36129,3,0,1,0,1,0,0,-1,0,2.0000,-1,6,0,4,0,10,0,0,0,0
61.38223,3,0,1,0,1,0,0,-1,0,2.0000,-1,6,0,4,0,10,0,0,0,0
61.40081,3,0,1,0,1,0,0,-1,0,2.0000,-1,6,0,4,0,10,0,0,0,0
61.4418,3,0,1,0,1,0,0,-1,0,2.0000,-1,6,0,4,0,10,0,0,0,0
61.45359,3,0,1,0,1,0,0,-1,0,2.0000,-1,6,0,4,0,10,0,0,0,0
61.46736,3,0,1,0,1,0,0,-1,0,2.0000,-1,6,0,4,0,10,0,0,0,0
61.48741,3,0,1,0,1,0,0,-1,0,2.0000,-1,6,0,4,0,10,0,0,0,0
61.50916,3,0,1,0,1,0,0,-1,0,2.0000,-1,6,0,4,0,10,0,0,0,0
61.52937,3,0,1,0,1,0,0,-1,0,2.0000,-1,6,0,4,0,10,0,0,0,0
61.55049,3,0,1,0,1,0,0,-1,0,2.0000,-1,6,0,4,0,10,0,0,0,0
61.57072,3,0,1,0,1,0,0,-1,0,2.0000,-1,6,0,4,0,10,0,0,0,0
61.59149,3,0,1,0,1,0,0,-1,0,2.0000,-1,6,0,4,0,10,0,0,0,0
61.61143,3,0,1,0,1,0,0,-1,0,2.0000,-1,6,0,4,0,10,0,0,0,0
61.63293,3,0,1,0,1,0,0,-1,0,2.0000,-1,6,0,4,0,10,0,0,0,0
61.65432,3,0,1,0,1,0,0,-1,0,2.0000,-1,6,0,4,0,10,0,0,0,0
61.67355,3,0,1,0,1,0,0,-1,0,2.0000,-1,6,0,4,0,10,0,0,0,0
61.69416,3,0,1,0,1,0,0,-1,0,2.0000,-1,6,0,4,0,10,0,0,0,0
61.71376,3,0,1,0,1,0,0,-1,0,2.0000,-1,6,0,4,0,10,0,0,0,0
61.73413,3,0,1,0,1,0,0,-1,0,2.0000,-1,6,0,4,0,10,0,0,0,0
61.75549,3,0,1,0,1,0,0,-1,0,2.0000,-1,6,0,4,0,10,0,0,0,0
61.77539,3,0,1,0,1,0,0,-1,0,2.0000,-1,6,0,4,0,10,0,0,0,0
61.79554,3,0,1,0,1,0,0,-1,0,2.0000,-1,6,0,4,0,10,0,0,0,0
61.81611,3,0,1,0,0,0,0,-1,0,2.0000,-1,6,0,4,0,10,0,0,0,0
61.83574,3,0,1,1,0,0,0,-1,0,2.0000,-1,6,0,4,0,10,0,0,0,0
61.85576,3,0,1,1,0,0,0,-1,0,2.0000,-1,6,0,4,0,10,0,0,0,0
61.87873,3,0,1,1,0,0,0,-1,0,2.0000,-1,6,0,4,0,10,0,0,0,0
61.89867,3,0,1,1,0,0,0,-1,0,2.0000,-1,6,0,4,0,10,0,0,0,0
61.91841,3,0,1,1,0,0,0,-1,0,2.0000,-1,6,0,4,0,10,0,0,0,0
61.93881,3,0,1,1,0,0,0,-1,0,2.0000,-1,6,0,4,0,10,0,0,0,0
61.95841,3,0,1,1,0,0,0,-1,0,1.0000,-1,6,0,4,0,10,0,0,0,0
61.97839,3,0,1,1,0,0,0,-1,0,1.0000,-1,6,0,4,0,10,0,0,0,0
61.99958,3,0,1,1,0,0,0,-1,0,1.0000,-1,6,0,4,0,10,0,0,0,0
62.02156,3,0,1,1,0,0,0,-1,0,1.0000,-1,6,0,4,0,10,0,0,0,0
62.05934,3,0,1,1,0,0,0,-1,0,1.0000,-1,6,0,4,0,10,0,0,0,0
62.07041,3,0,1,1,0,0,0,-1,0,1.0000,-1,6,0,4,0,10,0,0,0,0
62.08649,3,0,1,1,0,0,0,-1,1,2.0000,-1,6,0,4,0,10,0,0,0,0
62.10782,3,0,1,1,0,0,0,-1,0,2.0000,-1,6,0,4,0,10,0,0,0,0
62.1288,3,0,1,1,0,0,0,-1,0,2.0000,-1,6,0,4,0,10,0,0,0,0
62.14927,3,0,1,1,0,0,0,-1,0,1.0000,-1,6,0,4,0,10,0,0,0,0
62.16962,3,0,1,1,0,0,0,-1,0,1.0000,-1,6,0,4,0,10,0,0,0,0
62.19007,3,0,1,1,0,0,0,-1,0,1.0000,-1,6,0,4,0,10,0,0,0,0
62.21133,3,0,1,1,0,0,0,-1,0,1.0000,-1,6,0,4,0,10,0,0,0,0
62.23267,3,0,1,1,0,0,0,-1,0,1.0000,-1,6,0,4,0,10,0,0,0,0
62.25304,3,0,1,1,0,0,0,-1,0,1.0000,-1,6,0,4,0,10,0,0,0,0
62.27414,3,0,1,1,0,0,0,-1,0,1.0000,-1,6,0,4,0,10,0,0,0,0
62.29508,3,0,1,1,0,0,0,-1,0,1.0000,-1,6,0,4,0,10,0,0,0,0
62.31396,3,0,1,1,0,0,0,-1,0,1.0000,-1,6,0,4,0,10,0,0,0,0
62.33681,3,0,1,1,0,0,0,-1,0,1.0000,-1,6,0,4,0,10,0,0,0,0
62.35662,3,0,1,1,0,0,0,-1,0,1.0000,-1,6,0,4,0,10,0,0,0,0
62.37684,3,0,1,1,0,0,0,-1,0,1.0000,-1,6,0,4,0,10,0,0,0,0
62.39819,3,0,1,1,0,0,0,-1,0,1.0000,-1,6,0,4,0,10,0,0,0,0
62.41678,3,0,1,1,0,0,0,-1,0,1.0000,-1,6,0,4,0,10,0,0,0,0
62.43861,3,0,1,0,0,0,0,-1,0,1.0000,-1,6,0,4,0,10,0,0,0,0
62.45844,3,0,1,0,0,0,0,-1,0,1.0000,-1,6,0,4,0,10,0,0,0,0
62.47982,3,0,1,0,0,0,0,-1,0,1.0000,-1,6,0,4,0,10,0,0,0,0
62.50111,3,0,1,0,1,0,0,-1,0,1.0000,-1,6,0,4,0,10,0,0,0,0
62.5207,3,0,1,0,1,0,0,-1,0,1.0000,-1,6,0,4,0,10,0,0,0,0
62.5409,3,0,1,0,1,0,0,-1,0,1.0000,-1,6,0,4,0,10,0,0,0,0
62.56382,3,0,1,0,1,0,0,-1,0,1.0000,-1,6,0,4,0,10,0,0,0,0
62.58287,3,0,1,0,1,0,0,-1,0,1.0000,-1,6,0,4,0,10,0,0,0,0
62.60362,3,0,1,0,1,0,0,-1,0,1.0000,-1,6,0,4,0,10,0,0,0,0
62.62299,3,0,1,0,1,0,0,-1,0,1.0000,-1,6,0,4,0,10,0,0,0,0
62.64532,3,0,1,0,1,0,0,-1,0,1.0000,-1,6,0,4,0,10,0,0,0,0
62.6833,3,0,1,0,1,0,0,-1,0,1.0000,-1,6,0,4,0,10,0,0,0,0
62.69532,3,0,1,0,1,0,0,-1,0,1.0000,-1,6,0,4,0,10,0,0,0,0
62.70938,3,0,1,0,1,0,0,-1,0,1.0000,-1,6,0,4,0,10,0,0,0,0
62.73068,3,0,1,0,1,0,0,-1,0,1.0000,-1,6,0,4,0,10,0,0,0,0
62.75274,3,0,1,0,1,0,0,-1,0,1.0000,-1,6,0,4,0,10,0,0,0,0
62.77295,3,0,1,0,1,0,0,-1,0,1.0000,-1,6,0,4,0,10,0,0,0,0
62.79278,3,0,1,0,1,0,0,-1,0,1.0000,-1,6,0,4,0,10,0,0,0,0
62.81559,3,0,1,0,1,0,0,-1,0,1.0000,-1,6,0,4,0,10,0,0,0,0
62.83587,3,0,1,0,1,0,0,-1,0,1.0000,-1,6,0,4,0,10,0,0,0,0
62.85625,3,0,1,0,1,0,0,-1,1,2.0000,-1,6,0,4,0,10,0,0,0,0
62.89608,3,0,1,0,1,0,0,-1,0,2.0000,-1,6,0,4,0,10,0,0,0,0
62.90863,3,0,1,0,1,0,0,-1,0,2.0000,-1,6,0,4,0,10,0,0,0,0
62.9231,3,0,1,0,1,0,0,-1,0,2.0000,-1,6,0,4,0,10,0,0,0,0
62.94408,3,0,1,0,1,0,0,-1,0,2.0000,-1,6,0,4,0,10,0,0,0,0
62.96525,3,0,1,0,1,0,0,-1,0,2.0000,-1,6,0,4,0,10,0,0,0,0
62.986,3,0,1,0,1,0,0,-1,0,2.0000,-1,6,0,4,0,10,0,0,0,0
63.00617,3,0,1,0,1,0,0,-1,0,2.0000,-1,6,0,4,0,10,0,0,0,0
63.02603,3,0,1,0,1,0,0,-1,0,2.0000,-1,6,0,4,0,10,0,0,0,0
63.04789,3,0,1,0,1,0,0,-1,0,2.0000,-1,6,0,4,0,10,0,0,0,0
63.06806,3,0,1,0,0,0,0,-1,0,2.0000,-1,6,0,4,0,10,0,0,0,0
63.08941,3,0,1,0,0,0,1,47,0,1.0000,-1,6,0,4,0,10,0,0,0,0
63.10945,3,0,1,0,0,0,1,47,1,2.0000,-1,6,0,4,0,10,0,0,0,0
63.13038,3,0,1,0,0,0,1,47,0,2.0000,-1,6,0,4,0,10,0,0,0,0
63.15045,3,0,1,0,0,0,1,47,0,2.0000,-1,6,0,4,0,10,0,0,0,0
63.17228,3,0,1,0,0,0,1,47,0,2.0000,-1,6,0,4,0,10,0,0,0,0
63.19155,3,0,1,0,0,0,1,47,0,2.0000,-1,6,0,4,0,10,0,0,0,0
63.2123,3,0,1,0,0,0,1,47,0,2.0000,-1,6,0,4,0,10,0,0,0,0
63.23315,3,0,1,0,0,0,1,47,0,2.0000,-1,6,0,4,0,10,0,0,0,0
63.25408,3,0,1,0,0,0,1,47,0,2.0000,-1,6,0,4,0,10,0,0,0,0
63.275,3,0,1,0,0,0,1,47,0,2.0000,-1,6,0,4,0,10,0,0,0,0
63.31257,3,0,1,0,0,0,1,47,0,2.0000,-1,6,0,4,0,10,0,0,0,0
63.32575,3,0,1,0,0,0,1,47,0,2.0000,-1,6,0,4,0,10,0,0,0,0
63.33926,3,0,1,0,0,0,0,-1,0,2.0000,-1,6,0,4,0,10,0,0,0,0
63.36008,3,0,1,0,0,0,0,-1,0,2.0000,-1,6,0,4,0,10,0,0,0,0
63.37987,3,0,1,0,0,0,0,-1,0,2.0000,-1,6,0,4,0,10,0,0,0,0
63.40093,3,0,1,0,0,0,0,-1,0,2.0000,-1,6,0,4,0,10,0,0,0,0
63.42253,3,0,1,0,0,0,0,-1,0,2.0000,-1,6,0,4,0,10,0,0,0,0
63.44247,3,0,1,0,0,0,0,-1,0,2.0000,-1,6,0,4,0,10,0,0,0,0
63.46291,3,0,1,0,0,0,0,-1,0,2.0000,-1,6,0,4,0,10,0,0,0,0
63.48441,3,0,1,0,0,0,0,-1,0,2.0000,-1,6,0,4,0,10,0,0,0,0
63.52401,3,0,1,0,0,0,0,-1,1,3.0000,-1,6,0,4,0,10,0,0,0,0
63.53564,3,0,1,0,0,0,0,-1,0,3.0000,-1,6,0,4,0,10,0,0,0,0
63.54819,3,0,1,0,0,0,0,-1,0,3.0000,-1,6,0,4,0,10,0,0,0,0
63.56934,3,0,1,0,0,0,0,-1,0,3.0000,-1,6,0,4,0,10,0,0,0,0
63.59101,3,0,1,0,0,0,0,-1,0,3.0000,-1,6,0,4,0,10,0,0,0,0
63.61106,3,0,1,0,0,0,0,-1,0,3.0000,-1,6,0,4,0,10,0,0,0,0
63.63266,3,0,1,0,0,0,0,-1,0,3.0000,-1,6,0,4,0,10,0,0,0,0
63.65374,3,0,1,0,0,0,0,-1,0,3.0000,-1,6,0,4,0,10,0,0,0,0
63.67393,3,0,1,0,0,0,0,-1,0,3.0000,-1,6,0,4,0,10,0,0,0,0
63.69466,3,0,1,0,0,0,0,-1,0,3.0000,-1,6,0,4,0,10,0,0,0,0
63.71514,3,0,1,0,0,0,0,-1,0,3.0000,-1,6,0,4,0,10,0,0,0,0
63.73571,3,0,1,0,0,0,0,-1,0,3.0000,-1,6,0,4,0,10,0,0,0,0
63.75742,3,0,1,0,0,0,0,-1,0,3.0000,-1,6,0,4,0,10,0,0,0,0
63.7787,3,0,1,0,0,0,0,-1,0,3.0000,-1,6,0,4,0,10,0,0,0,0
63.79947,3,0,1,1,0,0,0,-1,0,3.0000,-1,6,0,4,0,10,0,0,0,0
63.82026,3,0,1,1,0,0,0,-1,0,3.0000,-1,6,0,4,0,10,0,0,0,0
63.84162,3,0,1,1,0,0,0,-1,0,3.0000,-1,6,0,4,0,10,0,0,0,0
63.8614,3,0,1,1,0,0,0,-1,0,2.0000,-1,6,0,4,0,10,0,0,0,0
63.88208,3,0,1,1,0,0,0,-1,0,2.0000,-1,6,0,4,0,10,0,0,0,0
63.90466,3,0,1,1,0,0,0,-1,0,2.0000,-1,6,0,4,0,10,0,0,0,0
63.94204,3,0,1,1,0,0,0,-1,0,2.0000,-1,6,0,4,0,10,0,0,0,0
63.95338,3,0,1,1,0,0,0,-1,0,2.0000,-1,6,0,4,0,10,0,0,0,0
63.96773,3,0,1,1,0,0,0,-1,0,2.0000,-1,6,0,4,0,10,0,0,0,0
63.98915,3,0,1,1,0,0,0,-1,0,2.0000,-1,6,0,4,0,10,0,0,0,0
64.01096,3,0,1,1,0,0,0,-1,0,2.0000,-1,6,0,4,0,10,0,0,0,0
64.03186,3,0,1,1,0,0,1,50,1,3.0000,-1,6,0,4,0,10,0,0,0,0
64.05324,3,0,1,1,0,0,0,-1,0,3.0000,-1,6,0,4,0,10,0,0,0,0
64.0732,3,0,1,1,0,0,0,-1,0,3.0000,-1,6,0,4,0,10,0,0,0,0
64.09436,3,0,1,1,0,0,0,-1,0,3.0000,-1,6,0,4,0,10,0,0,0,0
64.11528,3,0,1,1,0,0,0,-1,0,2.0000,-1,6,0,4,0,10,0,0,0,0
64.13607,3,0,1,1,0,0,0,-1,0,2.0000,-1,6,0,4,0,10,0,0,0,0
64.15688,3,0,1,1,0,0,0,-1,0,2.0000,-1,6,0,4,0,10,0,0,0,0
64.1785,3,0,1,1,0,0,0,-1,0,2.0000,-1,6,0,4,0,10,0,0,0,0
64.19987,3,0,1,0,0,0,0,-1,0,2.0000,-1,6,0,4,0,10,0,0,0,0
64.22029,3,0,1,0,0,0,0,-1,0,2.0000,-1,6,0,4,0,10,0,0,0,0
64.24249,3,0,1,0,0,0,0,-1,0,2.0000,-1,6,0,4,0,10,0,0,0,0
64.26466,3,0,1,0,0,0,0,-1,0,2.0000,-1,6,0,4,0,10,0,0,0,0
64.28381,3,0,1,0,0,0,0,-1,0,2.0000,-1,6,0,4,0,10,0,0,0,0
64.30446,3,0,1,0,0,0,0,-1,0,2.0000,-1,6,0,4,0,10,0,0,0,0
64.32493,3,0,1,0,0,0,0,-1,0,2.0000,-1,6,0,4,0,10,0,0,0,0
64.36627,3,0,1,0,0,0,0,-1,0,2.0000,-1,6,0,4,0,10,0,0,0,0
64.37928,3,0,1,0,0,0,0,-1,0,2.0000,-1,6,0,4,0,10,0,0,0,0
64.39149,3,0,1,0,0,0,0,-1,0,2.0000,-1,6,0,4,0,10,0,0,0,0
64.41295,3,0,1,0,0,0,0,-1,0,2.0000,-1,6,0,4,0,10,0,0,0,0
64.43414,3,0,1,0,0,0,0,-1,0,2.0000,-1,6,0,4,0,10,0,0,0,0
64.4548,3,0,1,0,0,0,0,-1,0,2.0000,-1,6,0,4,0,10,0,0,0,0
64.47675,3,0,1,0,1,0,0,-1,0,2.0000,-1,6,0,4,0,10,0,0,0,0
64.49703,3,0,1,0,1,0,0,-1,0,2.0000,-1,6,0,4,0,10,0,0,0,0
64.51692,3,0,1,0,1,0,1,49,1,3.0000,-1,6,0,4,0,10,0,0,0,0
64.5371,3,0,1,0,1,0,1,49,0,2.0000,-1,6,0,4,0,10,0,0,0,0
64.55869,3,0,1,0,1,0,1,49,0,2.0000,-1,6,0,4,0,10,0,0,0,0
64.57883,3,0,1,0,1,0,1,49,0,2.0000,-1,6,0,4,0,10,0,0,0,0
64.60081,3,0,1,0,1,0,1,49,0,2.0000,-1,6,0,4,0,10,0,0,0,0
64.62116,3,0,1,0,1,0,1,49,0,2.0000,-1,6,0,4,0,10,0,0,0,0
64.6418,3,0,1,0,1,0,1,49,0,2.0000,-1,6,0,4,0,10,0,0,0,0
64.66252,3,0,1,0,1,0,1,49,0,2.0000,-1,6,0,4,0,10,0,0,0,0
64.6828,3,0,1,0,1,0,1,49,0,2.0000,-1,6,0,4,0,10,0,0,0,0
64.70425,3,0,1,0,1,0,1,49,0,2.0000,-1,6,0,4,0,10,0,0,0,0
64.72405,3,0,1,0,1,0,1,49,0,2.0000,-1,6,0,4,0,10,0,0,0,0
64.74588,3,0,1,0,1,0,1,49,0,2.0000,-1,6,0,4,0,10,0,0,0,0
64.78856,3,0,1,0,1,0,1,49,1,3.0000,-1,6,0,4,0,10,0,0,0,0
64.80416,3,0,1,0,1,0,0,-1,0,3.0000,-1,6,0,4,0,10,0,0,0,0
64.8183,3,0,1,0,1,0,0,-1,0,3.0000,-1,6,0,4,0,10,0,0,0,0
64.83551,3,0,1,0,1,0,0,-1,0,3.0000,-1,6,0,4,0,10,0,0,0,0
64.85786,3,0,1,0,1,0,0,-1,0,3.0000,-1,6,0,4,0,10,0,0,0,0
64.87988,3,0,1,0,1,0,0,-1,0,3.0000,-1,6,0,4,0,10,0,0,0,0
64.90043,3,0,1,0,1,0,0,-1,0,3.0000,-1,6,0,4,0,10,0,0,0,0
64.92192,3,0,1,0,1,0,0,-1,0,3.0000,-1,6,0,4,0,10,0,0,0,0
64.94289,3,0,1,0,1,0,0,-1,0,3.0000,-1,6,0,4,0,10,0,0,0,0
64.96547,3,0,1,0,1,0,0,-1,0,3.0000,-1,6,0,4,0,10,0,0,0,0
64.98606,3,0,1,0,1,0,0,-1,0,3.0000,-1,6,0,4,0,10,0,0,0,0
65.00508,3,0,1,0,1,0,0,-1,0,3.0000,-1,6,0,4,0,10,0,0,0,0
65.02676,3,0,1,0,1,0,0,-1,0,3.0000,-1,6,0,4,0,10,0,0,0,0
65.04675,3,0,1,0,1,0,0,-1,0,2.0000,-1,6,0,4,0,10,0,0,0,0
65.06754,3,0,1,0,1,0,0,-1,0,2.0000,-1,6,0,4,0,10,0,0,0,0
65.08891,3,0,1,0,1,0,0,-1,0,2.0000,-1,6,0,4,0,10,0,0,0,0
65.10973,3,0,1,0,1,0,0,-1,0,2.0000,-1,6,0,4,0,10,0,0,0,0
65.12821,3,0,1,0,0,0,0,-1,0,2.0000,-1,6,0,4,0,10,0,0,0,0
65.14946,3,0,1,0,0,0,0,-1,0,2.0000,-1,6,0,4,0,10,0,0,0,0
65.17045,3,0,1,0,0,0,0,-1,0,2.0000,-1,6,0,4,0,10,0,0,0,0
65.20967,3,0,1,0,0,0,0,-1,0,2.0000,-1,6,0,4,0,10,0,0,0,0
65.22231,3,0,1,0,0,0,0,-1,0,2.0000,-1,6,0,4,0,10,0,0,0,0
65.23544,3,0,1,0,0,0,0,-1,0,2.0000,-1,6,0,4,0,10,0,0,0,0
65.25739,3,0,1,0,0,0,0,-1,0,2.0000,-1,6,0,4,0,10,0,0,0,0
65.27859,3,0,1,0,0,0,0,-1,0,2.0000,-1,6,0,4,0,10,0,0,0,0
65.29971,3,0,1,0,0,0,0,-1,0,2.0000,-1,6,0,4,0,10,0,0,0,0
65.32097,3,0,1,0,0,0,0,-1,0,2.0000,-1,6,0,4,0,10,0,0,0,0
65.34293,3,0,1,0,0,0,0,-1,0,2.0000,-1,6,0,4,0,10,0,0,0,0
65.36194,3,0,1,0,0,0,0,-1,0,2.0000,-1,6,0,4,0,10,0,0,0,0
65.38382,3,0,1,0,0,0,0,-1,0,2.0000,-1,6,0,4,0,10,0,0,0,0
65.42187,3,0,1,0,0,0,0,-1,0,2.0000,-1,6,0,4,0,10,0,0,0,0
65.43425,3,0,1,0,0,0,0,-1,0,2.0000,-1,6,0,4,0,10,0,0,0,0
65.44652,3,0,1,0,0,0,0,-1,0,2.0000,-1,6,0,4,0,10,0,0,0,0
65.46786,3,0,1,0,0,0,0,-1,0,2.0000,-1,6,0,4,0,10,0,0,0,0
65.4886,3,0,1,0,0,0,0,-1,0,2.0000,-1,6,0,4,0,10,0,0,0,0
65.5091,3,0,1,0,0,0,0,-1,0,2.0000,-1,6,0,4,0,10,0,0,0,0
65.53046,3,0,1,0,0,0,0,-1,0,1.0000,-1,6,0,4,0,10,0,0,0,0
65.55055,3,0,1,0,0,0,0,-1,1,2.0000,-1,6,0,4,0,10,0,0,0,0
65.56969,3,0,1,0,0,0,0,-1,0,2.0000,-1,6,0,4,0,10,0,0,0,0
65.59147,3,0,1,0,0,0,0,-1,0,2.0000,-1,6,0,4,0,10,0,0,0,0
65.62935,3,0,1,0,0,0,0,-1,0,2.0000,-1,6,0,4,0,10,0,0,0,0
65.64055,3,0,1,0,0,0,0,-1,0,2.0000,-1,6,0,4,0,10,0,0,0,0
65.6545,3,0,1,0,0,0,0,-1,0,2.0000,-1,6,0,4,0,10,0,0,0,0
65.67484,3,0,1,0,0,0,0,-1,0,2.0000,-1,6,0,4,0,10,0,0,0,0
65.69518,3,0,1,0,0,0,0,-1,0,2.0000,-1,6,0,4,0,10,0,0,0,0
65.71494,3,0,1,0,0,0,0,-1,0,2.0000,-1,6,0,4,0,10,0,0,0,0
65.73577,3,0,1,0,0,0,1,54,0,2.0000,-1,6,0,4,0,10,0,0,0,0
65.75726,3,0,1,0,0,0,1,54,0,2.0000,-1,6,0,4,0,10,0,0,0,0
65.77814,3,0,1,0,0,0,1,54,0,2.0000,-1,6,0,4,0,10,0,0,0,0
65.79948,3,0,1,0,0,0,1,54,0,1.0000,-1,6,0,4,0,10,0,0,0,0
65.83607,3,0,1,0,0,0,1,54,0,1.0000,-1,6,0,4,0,10,0,0,0,0
65.84815,3,0,1,0,0,0,1,54,1,2.0000,-1,6,0,4,0,10,0,0,0,0
65.86164,3,0,1,0,0,0,1,54,0,2.0000,-1,6,0,4,0,10,0,0,0,0
65.88156,3,0,1,0,0,0,1,54,0,2.0000,-1,6,0,4,0,10,0,0,0,0
65.90394,3,0,1,0,0,0,1,54,0,2.0000,-1,6,0,4,0,10,0,0,0,0
65.92297,3,0,1,0,0,0,1,54,0,2.0000,-1,6,0,4,0,10,0,0,0,0
65.94266,3,0,1,0,0,0,1,54,0,2.0000,-1,6,0,4,0,10,0,0,0,0
65.96563,3,0,1,0,0,0,1,54,0,2.0000,-1,6,0,4,0,10,0,0,0,0
65.98206,3,0,1,0,0,0,1,54,0,2.0000,-1,6,0,4,0,10,0,0,0,0
66.00289,3,0,1,0,0,0,1,54,0,2.0000,-1,6,0,4,0,10,0,0,0,0
66.02286,3,0,1,0,0,0,1,54,0,2.0000,-1,6,0,4,0,10,0,0,0,0
66.04208,3,0,1,0,0,0,1,54,0,2.0000,-1,6,0,4,0,10,0,0,0,0
66.06245,3,0,1,0,0,0,1,54,0,2.0000,-1,6,0,4,0,10,0,0,0,0
66.08229,3,0,1,0,0,0,1,54,0,2.0000,-1,6,0,4,0,10,0,0,0,0
66.10233,3,0,1,0,0,0,1,54,0,2.0000,-1,6,0,4,0,10,0,0,0,0
66.1216,3,0,1,0,0,0,1,54,0,2.0000,-1,6,0,4,0,10,0,0,0,0
66.14053,3,0,1,0,0,0,1,54,0,2.0000,-1,6,0,4,0,10,0,0,0,0
66.1609,3,0,1,0,0,0,1,54,0,2.0000,-1,6,0,4,0,10,0,0,0,0
66.18113,3,0,1,0,0,0,1,54,0,2.0000,-1,6,0,4,0,10,0,0,0,0
66.20081,3,0,1,0,0,0,1,54,0,2.0000,-1,6,0,4,0,10,0,0,0,0
66.21994,3,0,1,0,0,0,1,54,0,2.0000,-1,6,0,4,0,10,0,0,0,0
66.25777,3,0,1,0,0,0,1,54,0,2.0000,-1,6,0,4,0,10,0,0,0,0
66.26972,3,0,1,0,0,0,1,54,0,2.0000,-1,6,0,4,0,10,0,0,0,0
66.28197,3,0,1,0,0,0,1,54,0,2.0000,-1,6,0,4,0,10,0,0,0,0
66.30156,3,0,1,0,0,0,1,54,1,3.0000,-1,6,0,4,0,10,0,0,0,0
66.32142,3,0,1,0,0,0,1,54,0,3.0000,-1,6,0,4,0,10,0,0,0,0
66.34109,3,0,1,0,0,0,1,54,0,3.0000,-1,6,0,4,0,10,0,0,0,0
66.36202,3,0,1,0,0,0,1,54,0,3.0000,-1,6,0,4,0,10,0,0,0,0
66.38129,3,0,1,0,0,0,1,54,0,3.0000,-1,6,0,4,0,10,0,0,0,0
66.40069,3,0,1,0,0,0,1,54,0,3.0000,-1,6,0,4,0,10,0,0,0,0
66.42031,3,0,1,0,0,0,1,54,0,3.0000,-1,6,0,4,0,10,0,0,0,0
66.43966,3,0,1,0,0,0,1,54,0,3.0000,-1,6,0,4,0,10,0,0,0,0
66.45879,3,0,1,0,0,0,1,54,0,3.0000,-1,6,0,4,0,10,0,0,0,0
66.47961,3,0,1,0,0,0,1,54,0,3.0000,-1,6,0,4,0,10,0,0,0,0
66.49982,3,0,1,0,0,0,1,54,0,3.0000,-1,6,0,4,0,10,0,0,0,0
66.51943,3,0,1,0,0,0,1,54,0,3.0000,-1,6,0,4,0,10,0,0,0,0
66.53893,3,0,1,0,0,0,1,54,0,3.0000,-1,6,0,4,0,10,0,0,0,0
66.55861,3,0,1,0,0,0,1,54,0,2.0000,-1,6,0,4,0,10,0,0,0,0
66.57921,3,0,1,0,0,0,0,-1,0,2.0000,54,6,0,5,0,11,0,0,0,0
66.59927,3,0,1,0,0,0,0,-1,0,2.0000,-1,6,0,5,0,11,0,0,0,0
66.61929,3,0,1,0,0,0,0,-1,0,2.0000,-1,6,0,5,0,11,0,0,0,0
66.63955,3,0,1,0,0,0,0,-1,0,2.0000,-1,6,0,5,0,11,0,0,0,0
66.67715,3,0,1,0,0,0,0,-1,0,2.0000,-1,6,0,5,0,11,0,0,0,0
66.68895,3,0,1,0,0,0,1,57,0,2.0000,-1,6,0,5,0,11,0,0,0,0
66.70163,3,0,1,0,0,0,1,57,0,2.0000,-1,6,0,5,0,11,0,0,0,0
66.72235,3,0,1,0,0,0,1,57,0,2.0000,-1,6,0,5,0,11,0,0,0,0
66.74319,3,0,1,0,0,0,1,57,0,2.0000,-1,6,0,5,0,11,0,0,0,0
66.76504,3,0,1,0,0,0,1,57,0,2.0000,-1,6,0,5,0,11,0,0,0,0
66.78448,3,0,1,0,0,0,1,57,1,3.0000,-1,6,0,5,0,11,0,0,0,0
66.80384,3,0,1,0,0,0,1,57,0,3.0000,-1,6,0,5,0,11,0,0,0,0
66.82478,3,0,1,0,0,0,1,57,0,3.0000,-1,6,0,5,0,11,0,0,0,0
66.84498,3,0,1,0,0,0,1,57,0,3.0000,-1,6,0,5,0,11,0,0,0,0
66.86524,3,0,1,0,0,0,1,57,0,2.0000,-1,6,0,5,0,11,0,0,0,0
66.88448,3,0,1,0,0,0,1,57,0,2.0000,-1,6,0,5,0,11,0,0,0,0
66.90527,3,0,1,0,0,0,1,57,0,2.0000,-1,6,0,5,0,11,0,0,0,0
66.92565,3,0,1,0,0,0,1,57,0,2.0000,-1,6,0,5,0,11,0,0,0,0
66.94566,3,0,1,0,0,0,1,57,0,2.0000,-1,6,0,5,0,11,0,0,0,0
66.96694,3,0,1,0,0,0,1,57,0,2.0000,-1,6,0,5,0,11,0,0,0,0
66.98647,3,0,1,0,0,0,1,57,0,2.0000,-1,6,0,5,0,11,0,0,0,0
67.00502,3,0,1,0,0,0,1,57,0,2.0000,-1,6,0,5,0,11,0,0,0,0
67.02523,3,0,1,0,0,0,1,57,0,2.0000,-1,6,0,5,0,11,0,0,0,0
67.04533,3,0,1,0,0,0,1,57,0,2.0000,-1,6,0,5,0,11,0,0,0,0
67.08303,3,0,1,0,0,0,1,57,0,2.0000,-1,6,0,5,0,11,0,0,0,0
67.09573,3,0,1,0,0,0,1,57,0,2.0000,-1,6,0,5,0,11,0,0,0,0
67.10775,3,0,1,0,0,0,1,57,0,2.0000,-1,6,0,5,0,11,0,0,0,0
67.12797,3,0,1,0,0,0,1,57,0,2.0000,-1,6,0,5,0,11,0,0,0,0
67.14814,3,0,1,0,0,0,1,57,0,2.0000,-1,6,0,5,0,11,0,0,0,0
67.16869,2,1,2,0,0,0,0,-1,0,2.0000,57,6,1,5,0,12,0,0,0,0
67.18919,2,0,2,0,0,0,0,-1,0,2.0000,-1,6,1,5,0,12,0,0,0,0
67.2086,2,0,2,0,0,0,0,-1,0,2.0000,-1,6,1,5,0,12,0,0,0,0
67.22874,2,0,2,0,0,0,0,-1,0,2.0000,-1,6,1,5,0,12,0,0,0,0
67.25,2,0,2,0,0,0,0,-1,0,2.0000,-1,6,1,5,0,12,0,0,0,0
67.28831,2,0,2,0,0,0,0,-1,0,2.0000,-1,6,1,5,0,12,0,0,0,0
67.30148,2,0,2,0,0,0,0,-1,0,2.0000,-1,6,1,5,0,12,0,0,0,0
67.31465,2,0,2,0,0,0,0,-1,0,1.0000,-1,6,1,5,0,12,0,0,0,0
67.3328,2,0,2,0,0,0,0,-1,0,1.0000,-1,6,1,5,0,12,0,0,0,0
67.35281,2,0,2,0,0,0,0,-1,0,1.0000,-1,6,1,5,0,12,0,0,0,0
67.37267,2,0,2,0,0,0,0,-1,0,1.0000,-1,6,1,5,0,12,0,0,0,0
67.39265,2,0,2,0,0,0,0,-1,0,1.0000,-1,6,1,5,0,12,0,0,0,0
67.41302,2,0,2,0,0,0,0,-1,0,1.0000,-1,6,1,5,0,12,0,0,0,0
67.43397,2,0,2,0,0,0,0,-1,0,1.0000,-1,6,1,5,0,12,0,0,0,0
67.45434,2,0,2,0,0,0,0,-1,0,1.0000,-1,6,1,5,0,12,0,0,0,0
67.49387,2,0,2,0,0,0,0,-1,0,1.0000,-1,6,1,5,0,12,0,0,0,0
67.50543,2,0,2,0,0,0,0,-1,0,1.0000,-1,6,1,5,0,12,0,0,0,0
67.52083,2,0,2,0,0,0,0,-1,0,1.0000,-1,6,1,5,0,12,0,0,0,0
67.54232,2,0,2,0,0,0,0,-1,0,1.0000,-1,6,1,5,0,12,0,0,0,0
67.56278,2,0,2,0,0,0,0,-1,0,1.0000,-1,6,1,5,0,12,0,0,0,0
67.5837,2,0,2,0,0,0,0,-1,0,1.0000,-1,6,1,5,0,12,0,0,0,0
67.60422,2,0,2,0,0,0,0,-1,0,1.0000,-1,6,1,5,0,12,0,0,0,0
67.62571,2,0,2,0,0,0,0,-1,0,1.0000,-1,6,1,5,0,12,0,0,0,0
67.64648,2,0,2,0,0,0,0,-1,0,1.0000,-1,6,1,5,0,12,0,0,0,0
67.66741,2,0,2,0,0,0,0,-1,0,1.0000,-1,6,1,5,0,12,0,0,0,0
67.68867,2,0,2,0,0,0,0,-1,0,1.0000,-1,6,1,5,0,12,0,0,0,0
67.70978,2,0,2,0,0,0,0,-1,0,1.0000,-1,6,1,5,0,12,0,0,0,0
67.73071,2,0,2,0,0,0,0,-1,0,1.0000,-1,6,1,5,0,12,0,0,0,0
67.75065,2,0,2,0,0,0,0,-1,0,1.0000,-1,6,1,5,0,12,0,0,0,0
67.77206,2,0,2,0,0,0,0,-1,0,1.0000,-1,6,1,5,0,12,0,0,0,0
67.79225,2,0,2,0,0,0,0,-1,0,0.0000,-1,6,1,5,0,12,0,0,0,0
67.81546,2,0,2,0,0,0,0,-1,0,0.0000,-1,6,1,5,0,12,0,0,0,0
67.83533,2,0,2,0,0,0,0,-1,0,0.0000,-1,6,1,5,0,12,0,0,0,0
67.85609,2,0,2,0,0,0,0,-1,0,0.0000,-1,6,1,5,0,12,0,0,0,0
67.87866,2,0,2,0,0,0,0,-1,0,0.0000,-1,6,1,5,0,12,0,0,0,0
67.91749,2,0,2,0,0,0,0,-1,0,0.0000,-1,6,1,5,0,12,0,0,0,0
67.92976,2,0,2,1,0,0,0,-1,0,0.0000,-1,6,1,5,0,12,0,0,0,0
67.94416,2,0,2,1,0,0,0,-1,0,0.0000,-1,6,1,5,0,12,0,0,0,0
67.96549,2,0,2,1,0,0,0,-1,0,0.0000,-1,6,1,5,0,12,0,0,0,0
67.9871,2,0,2,1,0,0,0,-1,0,0.0000,-1,6,1,5,0,12,0,0,0,0
68.0076,2,0,2,1,0,0,0,-1,0,0.0000,-1,6,1,5,0,12,0,0,0,0
68.02811,2,0,2,1,0,0,0,-1,0,0.0000,-1,6,1,5,0,12,0,0,0,0
68.04918,2,0,2,1,0,0,0,-1,0,0.0000,-1,6,1,5,0,12,0,0,0,0
68.06979,2,0,2,1,0,0,0,-1,0,0.0000,-1,6,1,5,0,12,0,0,0,0
68.09124,2,0,2,1,0,0,0,-1,0,0.0000,-1,6,1,5,0,12,0,0,0,0
68.13091,2,0,2,1,0,0,0,-1,1,1.0000,-1,6,1,5,0,12,0,0,0,0
68.14272,2,0,2,1,0,0,0,-1,0,1.0000,-1,6,1,5,0,12,0,0,0,0
68.15685,2,0,2,1,0,0,0,-1,0,1.0000,-1,6,1,5,0,12,0,0,0,0
68.17883,2,0,2,1,0,0,0,-1,0,1.0000,-1,6,1,5,0,12,0,0,0,0
68.1998,2,0,2,1,0,0,0,-1,0,1.0000,-1,6,1,5,0,12,0,0,0,0
68.22088,2,0,2,1,0,0,0,-1,0,1.0000,-1,6,1,5,0,12,0,0,0,0
68.24155,2,0,2,1,0,0,0,-1,0,1.0000,-1,6,1,5,0,12,0,0,0,0
68.26289,2,0,2,1,0,0,0,-1,0,1.0000,-1,6,1,5,0,12,0,0,0,0
68.28305,2,0,2,1,0,0,0,-1,0,1.0000,-1,6,1,5,0,12,0,0,0,0
68.30481,2,0,2,1,0,0,1,55,0,1.0000,-1,6,1,5,0,12,0,0,0,0
68.32476,2,0,2,1,0,0,1,55,0,1.0000,-1,6,1,5,0,12,0,0,0,0
68.34567,2,0,2,1,0,0,1,55,0,1.0000,-1,6,1,5,0,12,0,0,0,0
68.36744,2,0,2,1,0,0,1,55,0,1.0000,-1,6,1,5,0,12,0,0,0,0
68.38898,2,0,2,1,0,0,1,55,0,1.0000,-1,6,1,5,0,12,0,0,0,0
68.41,2,0,2,1,0,0,1,55,0,1.0000,-1,6,1,5,0,12,0,0,0,0
68.43073,2,0,2,1,0,0,1,55,0,1.0000,-1,6,1,5,0,12,0,0,0,0
68.45074,2,0,2,1,0,0,1,55,0,1.0000,-1,6,1,5,0,12,0,0,0,0
68.47195,2,0,2,1,0,0,1,55,0,1.0000,-1,6,1,5,0,12,0,0,0,0
68.49317,2,0,2,1,0,0,1,55,0,1.0000,-1,6,1,5,0,12,0,0,0,0
68.51469,2,0,2,1,0,0,1,55,0,1.0000,-1,6,1,5,0,12,0,0,0,0
68.53513,2,0,2,1,0,0,1,55,0,1.0000,-1,6,1,5,0,12,0,0,0,0
68.55695,2,0,2,1,0,0,0,-1,0,1.0000,55,6,2,5,0,13,0,0,0,0
68.57887,2,0,2,1,0,0,0,-1,0,1.0000,-1,6,2,5,0,13,0,0,0,0
68.60059,2,0,2,1,0,0,0,-1,0,1.0000,-1,6,2,5,0,13,0,0,0,0
68.62117,2,0,2,1,0,0,0,-1,0,1.0000,-1,6,2,5,0,13,0,0,0,0
68.64245,2,0,2,1,0,0,0,-1,0,1.0000,-1,6,2,5,0,13,0,0,0,0
68.66579,2,0,2,1,0,0,0,-1,0,1.0000,-1,6,2,5,0,13,0,0,0,0
68.68527,2,0,2,1,0,0,0,-1,1,2.0000,-1,6,2,5,0,13,0,0,0,0
68.70792,2,0,2,1,0,0,0,-1,0,2.0000,-1,6,2,5,0,13,0,0,0,0
68.73125,2,0,2,1,0,0,0,-1,0,2.0000,-1,6,2,5,0,13,0,0,0,0
68.77598,2,0,2,0,0,0,0,-1,0,2.0000,-1,6,2,5,0,13,0,0,0,0
68.78809,2,0,2,0,0,0,0,-1,0,2.0000,-1,6,2,5,0,13,0,0,0,0
68.80513,2,0,2,0,0,0,0,-1,0,2.0000,-1,6,2,5,0,13,0,0,0,0
68.83119,2,0,2,0,0,0,0,-1,0,2.0000,-1,6,2,5,0,13,0,0,0,0
68.8568,2,0,2,0,0,0,0,-1,0,2.0000,-1,6,2,5,0,13,0,0,0,0
68.88151,2,0,2,0,0,0,0,-1,0,2.0000,-1,6,2,5,0,13,0,0,0,0
68.90536,2,0,2,0,0,0,0,-1,0,2.0000,-1,6,2,5,0,13,0,0,0,0
68.93036,2,0,2,0,0,0,0,-1,0,2.0000,-1,6,2,5,0,13,0,0,0,0
68.95521,2,0,2,0,0,0,0,-1,0,2.0000,-1,6,2,5,0,13,0,0,0,0
69.00091,2,0,2,0,0,0,0,-1,0,2.0000,-1,6,2,5,0,13,0,0,0,0
69.01244,2,0,2,0,0,0,0,-1,0,2.0000,-1,6,2,5,0,13,0,0,0,0
69.02972,2,0,2,0,0,0,1,59,0,2.0000,-1,6,2,5,0,13,0,0,0,0
69.0547,2,0,2,0,0,0,1,59,0,2.0000,-1,6,2,5,0,13,0,0,0,0
69.07933,2,0,2,0,0,0,1,59,0,2.0000,-1,6,2,5,0,13,0,0,0,0
69.10339,2,0,2,0,0,0,1,59,0,2.0000,-1,6,2,5,0,13,0,0,0,0
69.1273,2,0,2,0,0,0,1,59,0,2.0000,-1,6,2,5,0,13,0,0,0,0
69.15199,2,0,2,0,0,0,1,59,0,1.0000,-1,6,2,5,0,13,0,0,0,0
69.17643,2,0,2,0,0,0,1,59,0,1.0000,-1,6,2,5,0,13,0,0,0,0
69.22134,2,0,2,0,0,0,1,59,1,2.0000,-1,6,2,5,0,13,0,0,0,0
69.23277,2,0,2,0,0,0,1,59,0,2.0000,-1,6,2,5,0,13,0,0,0,0
69.24925,2,0,2,0,0,0,1,59,0,2.0000,-1,6,2,5,0,13,0,0,0,0
69.27382,2,0,2,0,0,0,1,59,0,2.0000,-1,6,2,5,0,13,0,0,0,0
69.29748,2,0,2,0,0,0,1,59,0,2.0000,-1,6,2,5,0,13,0,0,0,0
69.32249,2,0,2,0,0,0,1,59,0,2.0000,-1,6,2,5,0,13,0,0,0,0
69.34583,2,0,2,0,0,0,1,59,0,2.0000,-1,6,2,5,0,13,0,0,0,0
69.36913,2,0,2,0,0,0,1,59,0,2.0000,-1,6,2,5,0,13,0,0,0,0
69.39305,2,0,2,0,0,0,1,59,0,2.0000,-1,6,2,5,0,13,0,0,0,0
69.41692,2,0,2,0,0,0,1,59,0,2.0000,-1,6,2,5,0,13,0,0,0,0
69.44118,2,0,2,0,0,0,1,59,0,2.0000,-1,6,2,5,0,13,0,0,0,0
69.46482,2,0,2,0,0,0,1,59,0,2.0000,-1,6,2,5,0,13,0,0,0,0
69.48891,2,0,2,0,0,0,1,59,0,2.0000,-1,6,2,5,0,13,0,0,0,0
69.51241,2,0,2,0,0,0,1,59,0,2.0000,-1,6,2,5,0,13,0,0,0,0
69.53552,2,0,2,0,0,0,1,59,0,2.0000,-1,6,2,5,0,13,0,0,0,0
69.56087,2,0,2,0,0,0,1,59,0,2.0000,-1,6,2,5,0,13,0,0,0,0
69.58318,2,0,2,0,0,0,1,59,1,3.0000,-1,6,2,5,0,13,0,0,0,0
69.60694,2,0,2,0,0,0,0,-1,0,3.0000,-1,6,2,5,0,13,0,0,0,0
69.63084,2,0,2,0,0,0,0,-1,0,3.0000,-1,6,2,5,0,13,0,0,0,0
69.65442,2,0,2,0,0,0,0,-1,0,3.0000,-1,6,2,5,0,13,0,0,0,0
69.67893,2,0,2,0,0,0,0,-1,0,3.0000,-1,6,2,5,0,13,0,0,0,0
69.70294,2,0,2,0,0,0,0,-1,0,2.0000,-1,6,2,5,0,13,0,0,0,0
69.72725,2,0,2,0,0,0,0,-1,0,2.0000,-1,6,2,5,0,13,0,0,0,0
69.75046,2,0,2,0,0,0,0,-1,1,3.0000,-1,6,2,5,0,13,0,0,0,0
69.7756,2,0,2,0,0,0,0,-1,0,3.0000,-1,6,2,5,0,13,0,0,0,0
69.80175,2,0,2,0,0,0,0,-1,0,3.0000,-1,6,2,5,0,13,0,0,0,0
69.82493,2,0,2,0,0,0,0,-1,0,3.0000,-1,6,2,5,0,13,0,0,0,0
69.87108,2,0,2,0,0,0,0,-1,0,3.0000,-1,6,2,5,0,13,0,0,0,0
69.88238,2,0,2,0,0,0,0,-1,0,3.0000,-1,6,2,5,0,13,0,0,0,0
69.90022,2,0,2,0,0,0,0,-1,0,3.0000,-1,6,2,5,0,13,0,0,0,0
69.92349,2,0,2,0,0,0,0,-1,0,3.0000,-1,6,2,5,0,13,0,0,0,0
69.94737,2,0,2,0,0,0,0,-1,0,3.0000,-1,6,2,5,0,13,0,0,0,0
69.97142,2,0,2,0,0,0,0,-1,0,3.0000,-1,6,2,5,0,13,0,0,0,0
69.99538,2,0,2,0,0,0,0,-1,0,3.0000,-1,6,2,5,0,13,0,0,0,0
70.0206,2,0,2,0,0,0,0,-1,0,3.0000,-1,6,2,5,0,13,0,0,0,0
70.04495,2,0,2,0,0,0,0,-1,0,3.0000,-1,6,2,5,0,13,0,0,0,0
70.06917,2,0,2,0,0,0,0,-1,0,3.0000,-1,6,2,5,0,13,0,0,0,0
70.09255,2,0,2,0,0,0,0,-1,0,3.0000,-1,6,2,5,0,13,0,0,0,0
70.11693,2,0,2,0,0,0,0,-1,0,3.0000,-1,6,2,5,0,13,0,0,0,0
70.14141,2,0,2,0,0,0,0,-1,0,3.0000,-1,6,2,5,0,13,0,0,0,0
70.16544,2,0,2,0,0,0,0,-1,0,3.0000,-1,6,2,5,0,13,0,0,0,0
70.1896,2,0,2,0,0,0,0,-1,0,3.0000,-1,6,2,5,0,13,0,0,0,0
70.21321,2,0,2,0,0,0,0,-1,0,3.0000,-1,6,2,5,0,13,0,0,0,0
70.23705,2,0,2,0,0,0,0,-1,0,2.0000,-1,6,2,5,0,13,0,0,0,0
70.26086,2,0,2,0,0,0,0,-1,0,2.0000,-1,6,2,5,0,13,0,0,0,0
70.28513,2,0,2,0,0,0,0,-1,0,2.0000,-1,6,2,5,0,13,0,0,0,0
70.3099,2,0,2,0,0,0,0,-1,0,2.0000,-1,6,2,5,0,13,0,0,0,0
70.33362,2,0,2,0,0,0,0,-1,0,2.0000,-1,6,2,5,0,13,0,0,0,0
70.35711,2,0,2,0,0,0,0,-1,0,2.0000,-1,6,2,5,0,13,0,0,0,0
70.38171,2,0,2,0,0,0,0,-1,0,2.0000,-1,6,2,5,0,13,0,0,0,0
70.40548,2,0,2,0,0,0,0,-1,0,2.0000,-1,6,2,5,0,13,0,0,0,0
70.43009,2,0,2,0,0,0,0,-1,0,2.0000,-1,6,2,5,0,13,0,0,0,0
70.45441,2,0,2,0,0,0,0,-1,0,2.0000,-1,6,2,5,0,13,0,0,0,0
70.47829,2,0,2,0,0,0,0,-1,0,2.0000,-1,6,2,5,0,13,0,0,0,0
70.52406,2,0,2,0,0,0,0,-1,0,2.0000,-1,6,2,5,0,13,0,0,0,0
70.53574,2,0,2,0,0,0,0,-1,0,2.0000,-1,6,2,5,0,13,0,0,0,0
70.55496,2,0,2,0,0,0,0,-1,0,2.0000,-1,6,2,5,0,13,0,0,0,0
70.57984,2,0,2,0,0,0,0,-1,0,2.0000,-1,6,2,5,0,13,0,0,0,0
70.604,2,0,2,0,0,0,0,-1,0,1.0000,-1,6,2,5,0,13,0,0,0,0
70.62808,2,0,2,0,0,0,0,-1,0,1.0000,-1,6,2,5,0,13,0,0,0,0
70.6525,2,0,2,0,0,0,0,-1,1,2.0000,-1,6,2,5,0,13,0,0,0,0
70.67754,2,0,2,0,0,0,0,-1,0,2.0000,-1,6,2,5,0,13,0,0,0,0
70.70161,2,0,2,0,0,0,0,-1,0,2.0000,-1,6,2,5,0,13,0,0,0,0
70.72542,2,0,2,0,0,0,0,-1,0,2.0000,-1,6,2,5,0,13,0,0,0,0
70.75016,2,0,2,0,0,0,0,-1,0,2.0000,-1,6,2,5,0,13,0,0,0,0
70.77435,2,0,2,0,0,0,0,-1,0,1.0000,-1,6,2,5,0,13,0,0,0,0
70.79929,2,0,2,0,0,0,0,-1,0,1.0000,-1,6,2,5,0,13,0,0,0,0
70.82345,2,0,2,0,0,0,0,-1,0,1.0000,-1,6,2,5,0,13,0,0,0,0
70.84826,2,0,2,0,0,0,0,-1,1,2.0000,-1,6,2,5,0,13,0,0,0,0
70.87309,2,0,2,0,0,0,0,-1,0,2.0000,-1,6,2,5,0,13,0,0,0,0
70.89706,2,0,2,0,0,0,0,-1,0,2.0000,-1,6,2,5,0,13,0,0,0,0
70.9218,2,0,2,0,0,0,0,-1,0,2.0000,-1,6,2,5,0,13,0,0,0,0
70.94612,2,0,2,0,0,0,0,-1,0,2.0000,-1,6,2,5,0,13,0,0,0,0
70.97081,2,0,2,0,0,0,0,-1,0,2.0000,-1,6,2,5,0,13,0,0,0,0
70.99472,2,0,2,0,0,0,0,-1,0,2.0000,-1,6,2,5,0,13,0,0,0,0
71.01907,2,0,2,0,0,0,0,-1,0,2.0000,-1,6,2,5,0,13,0,0,0,0
71.04379,2,0,2,0,0,0,0,-1,0,2.0000,-1,6,2,5,0,13,0,0,0,0
71.06771,2,0,2,1,0,0,0,-1,0,2.0000,-1,6,2,5,0,13,0,0,0,0
71.092,2,0,2,1,0,0,0,-1,0,2.0000,-1,6,2,5,0,13,0,0,0,0
71.11601,2,0,2,1,0,0,0,-1,0,2.0000,-1,6,2,5,0,13,0,0,0,0
71.13961,2,0,2,1,0,0,0,-1,0,2.0000,-1,6,2,5,0,13,0,0,0,0
71.18585,2,0,2,1,0,0,0,-1,0,2.0000,-1,6,2,5,0,13,0,0,0,0
71.19738,2,0,2,1,0,0,0,-1,0,2.0000,-1,6,2,5,0,13,0,0,0,0
71.21501,2,0,2,1,0,0,0,-1,0,2.0000,-1,6,2,5,0,13,0,0,0,0
71.23976,2,0,2,1,0,0,0,-1,0,2.0000,-1,6,2,5,0,13,0,0,0,0
71.26433,2,0,2,1,0,0,0,-1,0,2.0000,-1,6,2,5,0,13,0,0,0,0
71.28847,2,0,2,1,0,0,0,-1,0,2.0000,-1,6,2,5,0,13,0,0,0,0
71.31343,2,0,2,1,0,0,0,-1,0,2.0000,-1,6,2,5,0,13,0,0,0,0
71.33798,2,0,2,1,0,0,0,-1,0,2.0000,-1,6,2,5,0,13,0,0,0,0
71.36302,2,0,2,1,0,0,0,-1,0,2.0000,-1,6,2,5,0,13,0,0,0,0
71.38797,2,0,2,1,0,0,0,-1,0,2.0000,-1,6,2,5,0,13,0,0,0,0
71.41232,2,0,2,1,0,0,1,65,0,2.0000,-1,6,2,5,0,13,0,0,0,0
71.43698,2,0,2,1,0,0,1,65,0,2.0000,-1,6,2,5,0,13,0,0,0,0
71.46113,2,0,2,1,0,0,1,65,0,2.0000,-1,6,2,5,0,13,0,0,0,0
71.48525,2,0,2,1,0,0,1,65,0,2.0000,-1,6,2,5,0,13,0,0,0,0
71.50866,2,0,2,1,0,0,1,65,0,2.0000,-1,6,2,5,0,13,0,0,0,0
71.53101,2,0,2,1,0,0,1,65,0,2.0000,-1,6,2,5,0,13,0,0,0,0
71.5528,2,0,2,1,0,0,1,65,0,2.0000,-1,6,2,5,0,13,0,0,0,0
71.57477,2,0,2,1,0,0,1,65,0,2.0000,-1,6,2,5,0,13,0,0,0,0
71.59531,2,0,2,1,0,0,1,65,1,3.0000,-1,6,2,5,0,13,0,0,0,0
71.61844,2,0,2,1,0,0,1,65,0,3.0000,-1,6,2,5,0,13,0,0,0,0
71.63817,2,0,2,1,0,0,1,63,0,3.0000,-1,6,2,5,0,13,0,0,0,0
71.65897,2,0,2,1,0,0,1,63,0,2.0000,-1,6,2,5,0,13,0,0,0,0
71.6796,2,0,2,0,0,0,1,63,0,2.0000,-1,6,2,5,0,13,0,0,0,0
71.7008,2,0,2,0,0,0,1,63,0,2.0000,-1,6,2,5,0,13,0,0,0,0
71.72265,2,0,2,0,0,0,1,63,0,2.0000,-1,6,2,5,0,13,0,0,0,0
71.74396,2,0,2,0,0,0,1,63,0,2.0000,-1,6,2,5,0,13,0,0,0,0
71.76427,2,0,2,0,0,0,1,63,0,2.0000,-1,6,2,5,0,13,0,0,0,0
71.785,2,0,2,0,0,0,1,63,0,2.0000,-1,6,2,5,0,13,0,0,0,0
71.82439,2,0,2,0,0,0,1,63,1,3.0000,-1,6,2,5,0,13,0,0,0,0
71.83611,2,0,2,0,1,0,1,63,0,3.0000,-1,6,2,5,0,13,0,0,0,0
71.85047,2,0,2,0,1,0,1,63,0,2.0000,-1,6,2,5,0,13,0,0,0,0
71.87204,2,0,2,0,1,0,1,63,0,2.0000,-1,6,2,5,0,13,0,0,0,0
71.89316,2,0,2,0,1,0,1,63,0,2.0000,-1,6,2,5,0,13,0,0,0,0
71.91511,2,0,2,0,1,0,1,63,0,2.0000,-1,6,2,5,0,13,0,0,0,0
71.93636,2,0,2,0,1,0,1,63,0,2.0000,-1,6,2,5,0,13,0,0,0,0
71.95802,2,0,2,0,1,0,1,63,0,2.0000,-1,6,2,5,0,13,0,0,0,0
71.97903,2,0,2,0,1,0,1,63,0,2.0000,-1,6,2,5,0,13,0,0,0,0
72.00108,2,0,2,0,1,0,1,63,0,2.0000,-1,6,2,5,0,13,0,0,0,0
72.04196,2,0,2,0,1,0,1,63,0,2.0000,-1,6,2,5,0,13,0,0,0,0
72.05325,2,0,2,0,1,0,1,63,0,2.0000,-1,6,2,5,0,13,0,0,0,0
72.06843,2,0,2,0,1,0,1,63,0,2.0000,-1,6,2,5,0,13,0,0,0,0
72.08949,2,0,2,0,1,0,1,63,1,3.0000,-1,6,2,5,0,13,0,0,0,0
72.11237,2,0,2,0,1,0,1,63,0,3.0000,-1,6,2,5,0,13,0,0,0,0
72.13361,2,0,2,0,1,0,1,63,0,3.0000,-1,6,2,5,0,13,0,0,0,0
72.15536,2,0,2,0,1,0,1,63,0,3.0000,-1,6,2,5,0,13,0,0,0,0
72.17674,2,0,2,0,1,0,1,63,0,3.0000,-1,6,2,5,0,13,0,0,0,0
72.19804,2,0,2,0,1,0,1,63,0,3.0000,-1,6,2,5,0,13,0,0,0,0
72.21812,2,0,2,0,1,0,1,63,0,3.0000,-1,6,2,5,0,13,0,0,0,0
72.23868,2,0,2,0,1,0,1,63,0,3.0000,-1,6,2,5,0,13,0,0,0,0
72.26037,2,0,2,0,1,0,1,64,0,3.0000,63,6,3,5,0,14,0,0,0,0
72.28104,2,0,2,0,1,0,1,64,1,4.0000,-1,6,3,5,0,14,0,0,0,0
72.30268,2,0,2,0,1,0,1,64,0,4.0000,-1,6,3,5,0,14,0,0,0,0
72.32382,2,0,2,0,1,0,1,64,0,4.0000,-1,6,3,5,0,14,0,0,0,0
72.34542,2,0,2,0,1,0,1,64,0,4.0000,-1,6,3,5,0,14,0,0,0,0
72.36815,2,0,2,0,1,0,1,64,0,4.0000,-1,6,3,5,0,14,0,0,0,0
72.38905,2,0,2,0,1,0,1,64,0,4.0000,-1,6,3,5,0,14,0,0,0,0
72.4119,2,0,2,0,0,0,1,64,0,4.0000,-1,6,3,5,0,14,0,0,0,0
72.43226,2,0,2,0,0,0,0,-1,0,4.0000,-1,6,3,5,0,14,0,0,0,0
72.47163,2,0,2,0,0,0,0,-1,0,4.0000,-1,6,3,5,0,14,0,0,0,0
72.48247,2,0,2,0,0,0,0,-1,0,4.0000,-1,6,3,5,0,14,0,0,0,0
72.49821,2,0,2,0,0,0,0,-1,0,4.0000,-1,6,3,5,0,14,0,0,0,0
72.52048,2,0,2,0,0,0,0,-1,0,4.0000,-1,6,3,5,0,14,0,0,0,0
72.5413,2,0,2,0,0,0,0,-1,1,5.0000,-1,6,3,5,0,14,0,0,0,0
72.56107,2,0,2,0,0,0,0,-1,0,5.0000,-1,6,3,5,0,14,0,0,0,0
72.58223,2,0,2,0,0,0,0,-1,0,5.0000,-1,6,3,5,0,14,0,0,0,0
72.60343,2,0,2,0,0,0,0,-1,0,4.0000,-1,6,3,5,0,14,0,0,0,0
72.62517,2,0,2,0,0,0,0,-1,0,4.0000,-1,6,3,5,0,14,0,0,0,0
72.64619,2,0,2,0,0,0,0,-1,0,4.0000,-1,6,3,5,0,14,0,0,0,0
72.68607,2,0,2,0,0,0,0,-1,0,4.0000,-1,6,3,5,0,14,0,0,0,0
72.69695,2,0,2,0,0,0,0,-1,0,4.0000,-1,6,3,5,0,14,0,0,0,0
72.71198,2,0,2,1,0,0,0,-1,0,4.0000,-1,6,3,5,0,14,0,0,0,0
72.73293,2,0,2,1,0,0,0,-1,0,4.0000,-1,6,3,5,0,14,0,0,0,0
72.75501,2,0,2,1,0,0,0,-1,1,5.0000,-1,6,3,5,0,14,0,0,0,0
72.77602,2,0,2,1,0,0,0,-1,0,5.0000,-1,6,3,5,0,14,0,0,0,0
72.79685,2,0,2,1,0,0,0,-1,0,5.0000,-1,6,3,5,0,14,0,0,0,0
72.81663,2,0,2,1,0,0,0,-1,0,5.0000,-1,6,3,5,0,14,0,0,0,0
72.83774,2,0,2,1,0,0,0,-1,0,4.0000,-1,6,3,5,0,14,0,0,0,0
72.85814,2,0,2,1,0,0,0,-1,0,4.0000,-1,6,3,5,0,14,0,0,0,0
72.89816,2,0,2,1,0,0,0,-1,0,4.0000,-1,6,3,5,0,14,0,0,0,0
72.90965,2,0,2,1,0,0,0,-1,0,4.0000,-1,6,3,5,0,14,0,0,0,0
72.92442,2,0,2,1,0,0,0,-1,0,4.0000,-1,6,3,5,0,14,0,0,0,0
72.94462,2,0,2,1,0,0,0,-1,0,4.0000,-1,6,3,5,0,14,0,0,0,0
72.9659,2,0,2,1,0,0,0,-1,0,4.0000,-1,6,3,5,0,14,0,0,0,0
72.98803,2,0,2,1,0,0,0,-1,0,4.0000,-1,6,3,5,0,14,0,0,0,0
73.00821,2,0,2,1,0,0,0,-1,0,4.0000,-1,6,3,5,0,14,0,0,0,0
73.02741,2,0,2,1,0,0,0,-1,0,4.0000,-1,6,3,5,0,14,0,0,0,0
73.04803,2,0,2,1,0,0,0,-1,0,4.0000,-1,6,3,5,0,14,0,0,0,0
73.06886,2,0,2,1,0,0,0,-1,0,4.0000,-1,6,3,5,0,14,0,0,0,0
73.08991,2,0,2,1,0,0,0,-1,0,3.0000,-1,6,3,5,0,14,0,0,0,0
73.11123,2,0,2,1,0,0,0,-1,0,3.0000,-1,6,3,5,0,14,0,0,0,0
73.1322,2,0,2,1,0,0,0,-1,0,3.0000,-1,6,3,5,0,14,0,0,0,0
73.15236,2,0,2,1,0,0,0,-1,0,3.0000,-1,6,3,5,0,14,0,0,0,0
73.1715,2,0,2,1,0,0,0,-1,0,3.0000,-1,6,3,5,0,14,0,0,0,0
73.1919,2,0,2,1,0,0,0,-1,0,3.0000,-1,6,3,5,0,14,0,0,0,0
73.21508,2,0,2,1,0,0,0,-1,0,3.0000,-1,6,3,5,0,14,0,0,0,0
73.23605,2,0,2,1,0,0,0,-1,0,3.0000,-1,6,3,5,0,14,0,0,0,0
73.25665,2,0,2,1,0,0,0,-1,1,4.0000,-1,6,3,5,0,14,0,0,0,0
73.27727,2,0,2,1,0,0,0,-1,0,4.0000,-1,6,3,5,0,14,0,0,0,0
73.29733,2,0,2,1,0,0,0,-1,0,3.0000,-1,6,3,5,0,14,0,0,0,0
73.31461,2,0,2,1,0,0,0,-1,0,3.0000,-1,6,3,5,0,14,0,0,0,0
73.33504,2,0,2,1,0,0,1,67,0,3.0000,-1,6,3,5,0,14,0,0,0,0
73.35577,2,0,2,1,0,0,1,67,0,3.0000,-1,6,3,5,0,14,0,0,0,0
73.37762,2,0,2,1,0,0,1,67,0,3.0000,-1,6,3,5,0,14,0,0,0,0
73.3962,2,0,2,1,0,0,1,67,0,3.0000,-1,6,3,5,0,14,0,0,0,0
73.41518,2,0,2,1,0,0,1,67,0,3.0000,-1,6,3,5,0,14,0,0,0,0
73.43599,2,0,2,1,0,0,1,67,0,3.0000,-1,6,3,5,0,14,0,0,0,0
73.45681,2,0,2,1,0,0,1,67,0,3.0000,-1,6,3,5,0,14,0,0,0,0
73.47776,2,0,2,1,1,0,1,67,0,3.0000,-1,6,3,5,0,14,0,0,0,0
73.51659,2,0,2,1,1,0,1,67,0,3.0000,-1,6,3,5,0,14,0,0,0,0
73.5285,2,0,2,1,1,0,1,67,0,3.0000,-1,6,3,5,0,14,0,0,0,0
73.5433,2,0,2,1,1,0,1,67,0,2.0000,-1,6,3,5,0,14,0,0,0,0
73.56395,2,0,2,1,1,0,1,67,1,3.0000,-1,6,3,5,0,14,0,0,0,0
73.5836,2,0,2,1,1,0,1,67,0,3.0000,-1,6,3,5,0,14,0,0,0,0
73.60421,2,0,2,1,1,0,1,67,0,3.0000,-1,6,3,5,0,14,0,0,0,0
73.62466,2,0,2,1,1,0,1,67,0,3.0000,-1,6,3,5,0,14,0,0,0,0
73.64486,2,0,2,1,1,0,1,67,0,3.0000,-1,6,3,5,0,14,0,0,0,0
73.66533,2,0,2,1,1,0,1,67,0,3.0000,-1,6,3,5,0,14,0,0,0,0
73.68809,2,0,2,1,1,0,1,67,0,3.0000,-1,6,3,5,0,14,0,0,0,0
73.7077,2,0,2,1,1,0,1,67,0,3.0000,-1,6,3,5,0,14,0,0,0,0
73.72657,2,0,2,1,1,0,1,67,0,3.0000,-1,6,3,5,0,14,0,0,0,0
73.74819,2,0,2,1,1,0,1,67,1,4.0000,-1,6,3,5,0,14,0,0,0,0
73.76839,2,0,2,1,1,0,1,67,0,3.0000,-1,6,3,5,0,14,0,0,0,0
73.78926,2,0,2,1,1,0,1,67,0,3.0000,-1,6,3,5,0,14,0,0,0,0
73.81066,2,0,2,1,1,0,1,67,0,3.0000,-1,6,3,5,0,14,0,0,0,0
73.83083,2,0,2,1,1,0,1,67,0,3.0000,-1,6,3,5,0,14,0,0,0,0
73.85139,2,0,2,1,1,0,1,67,0,3.0000,-1,6,3,5,0,14,0,0,0,0
73.86946,2,0,2,1,1,0,1,67,0,3.0000,-1,6,3,5,0,14,0,0,0,0
73.89127,2,0,2,1,1,0,1,67,0,3.0000,-1,6,3,5,0,14,0,0,0,0
73.91147,2,0,2,1,1,0,1,67,0,3.0000,-1,6,3,5,0,14,0,0,0,0
73.93205,2,0,2,1,1,0,1,67,0,3.0000,-1,6,3,5,0,14,0,0,0,0
73.95178,2,0,2,1,1,0,0,-1,0,3.0000,-1,6,3,5,0,14,0,0,0,0
73.97147,2,0,2,1,1,0,0,-1,0,3.0000,-1,6,3,5,0,14,0,0,0,0
73.99123,2,0,2,1,1,0,0,-1,1,4.0000,-1,6,3,5,0,14,0,0,0,0
74.01284,2,0,2,1,1,0,0,-1,0,4.0000,67,6,4,5,0,15,0,0,0,0
74.03372,2,0,2,1,1,0,0,-1,0,4.0000,-1,6,4,5,0,15,0,0,0,0
74.05353,2,0,2,1,1,0,0,-1,0,4.0000,-1,6,4,5,0,15,0,0,0,0
74.07453,2,0,2,1,1,0,0,-1,0,4.0000,-1,6,4,5,0,15,0,0,0,0
74.09467,2,0,2,1,1,0,0,-1,0,4.0000,-1,6,4,5,0,15,0,0,0,0
74.13472,2,0,2,1,1,0,0,-1,0,4.0000,-1,6,4,5,0,15,0,0,0,0
74.14721,2,0,2,1,0,0,0,-1,0,4.0000,-1,6,4,5,0,15,0,0,0,0
74.16329,2,0,2,1,0,0,0,-1,1,5.0000,-1,6,4,5,0,15,0,0,0,0
74.17982,2,0,2,1,0,0,0,-1,0,5.0000,-1,6,4,5,0,15,0,0,0,0
74.20115,2,0,2,1,0,0,0,-1,0,5.0000,-1,6,4,5,0,15,0,0,0,0
74.22249,2,0,2,1,0,0,0,-1,0,5.0000,-1,6,4,5,0,15,0,0,0,0
74.245,2,0,2,1,0,0,0,-1,0,5.0000,-1,6,4,5,0,15,0,0,0,0
74.26608,2,0,2,1,0,0,0,-1,0,4.0000,-1,6,4,5,0,15,0,0,0,0
74.28558,2,0,2,1,0,0,0,-1,0,4.0000,-1,6,4,5,0,15,0,0,0,0
74.3063,2,0,2,1,0,0,0,-1,0,4.0000,-1,6,4,5,0,15,0,0,0,0
74.34666,2,0,2,1,0,0,0,-1,0,4.0000,-1,6,4,5,0,15,0,0,0,0
74.35923,2,0,2,1,0,0,0,-1,0,4.0000,-1,6,4,5,0,15,0,0,0,0
74.37157,2,0,2,1,0,0,0,-1,0,4.0000,-1,6,4,5,0,15,0,0,0,0
74.39338,2,0,2,1,0,0,0,-1,0,4.0000,-1,6,4,5,0,15,0,0,0,0
74.4145,2,0,2,1,0,0,0,-1,0,4.0000,-1,6,4,5,0,15,0,0,0,0
74.4351,2,0,2,1,0,0,0,-1,0,4.0000,-1,6,4,5,0,15,0,0,0,0
74.45628,2,0,2,1,0,0,0,-1,0,4.0000,-1,6,4,5,0,15,0,0,0,0
74.4783,2,0,2,1,0,0,0,-1,0,4.0000,-1,6,4,5,0,15,0,0,0,0
74.49917,2,0,2,1,0,0,0,-1,0,4.0000,-1,6,4,5,0,15,0,0,0,0
74.51965,2,0,2,1,0,0,0,-1,0,4.0000,-1,6,4,5,0,15,0,0,0,0
74.54076,2,0,2,1,0,0,0,-1,0,4.0000,-1,6,4,5,0,15,0,0,0,0
74.5605,2,0,2,1,0,0,0,-1,0,4.0000,-1,6,4,5,0,15,0,0,0,0
74.58129,2,0,2,1,0,0,0,-1,0,3.0000,-1,6,4,5,0,15,0,0,0,0
74.60263,2,0,2,1,0,0,0,-1,0,3.0000,-1,6,4,5,0,15,0,0,0,0
74.62323,2,0,2,1,0,0,0,-1,0,3.0000,-1,6,4,5,0,15,0,0,0,0
74.6443,2,0,2,1,0,0,0,-1,0,3.0000,-1,6,4,5,0,15,0,0,0,0
74.66521,2,0,2,1,0,0,0,-1,0,3.0000,-1,6,4,5,0,15,0,0,0,0
74.6853,2,0,2,1,0,0,0,-1,0,3.0000,-1,6,4,5,0,15,0,0,0,0
74.70551,2,0,2,1,0,0,0,-1,0,3.0000,-1,6,4,5,0,15,0,0,0,0
74.72572,2,0,2,1,0,0,0,-1,0,3.0000,-1,6,4,5,0,15,0,0,0,0
74.74921,2,0,2,1,0,0,0,-1,0,2.0000,-1,6,4,5,0,15,0,0,0,0
74.76814,2,0,2,1,0,0,0,-1,0,2.0000,-1,6,4,5,0,15,0,0,0,0
74.79048,2,0,2,1,0,0,0,-1,0,2.0000,-1,6,4,5,0,15,0,0,0,0
74.80972,2,0,2,1,0,0,0,-1,0,2.0000,-1,6,4,5,0,15,0,0,0,0
74.82952,2,0,2,1,0,0,0,-1,0,2.0000,-1,6,4,5,0,15,0,0,0,0
74.85027,2,0,2,1,0,0,0,-1,0,2.0000,-1,6,4,5,0,15,0,0,0,0
74.8704,2,0,2,1,0,0,0,-1,0,2.0000,-1,6,4,5,0,15,0,0,0,0
74.89096,2,0,2,1,0,0,0,-1,0,2.0000,-1,6,4,5,0,15,0,0,0,0
74.91223,2,0,2,1,0,0,0,-1,0,2.0000,-1,6,4,5,0,15,0,0,0,0
74.93216,2,0,2,1,0,0,0,-1,0,2.0000,-1,6,4,5,0,15,0,0,0,0
74.95074,2,0,2,1,0,0,0,-1,0,2.0000,-1,6,4,5,0,15,0,0,0,0
74.96999,2,0,2,1,0,0,0,-1,0,2.0000,-1,6,4,5,0,15,0,0,0,0
74.99088,2,0,2,1,0,0,0,-1,0,2.0000,-1,6,4,5,0,15,0,0,0,0
75.01157,2,0,2,1,0,0,0,-1,0,1.0000,-1,6,4,5,0,15,0,0,0,0
75.03275,2,0,2,1,0,0,0,-1,0,1.0000,-1,6,4,5,0,15,0,0,0,0
75.05344,2,0,2,1,0,0,0,-1,0,1.0000,-1,6,4,5,0,15,0,0,0,0
75.07236,2,0,2,1,0,0,0,-1,0,1.0000,-1,6,4,5,0,15,0,0,0,0
75.0932,2,0,2,1,0,0,0,-1,0,1.0000,-1,6,4,5,0,15,0,0,0,0
75.11399,2,0,2,1,0,0,0,-1,0,1.0000,-1,6,4,5,0,15,0,0,0,0
75.13367,2,0,2,1,0,0,0,-1,0,1.0000,-1,6,4,5,0,15,0,0,0,0
75.1721,2,0,2,1,0,0,0,-1,0,0.0000,-1,6,4,5,0,15,0,0,0,0
75.18444,2,0,2,1,0,0,0,-1,0,0.0000,-1,6,4,5,0,15,0,0,0,0
75.19884,2,0,2,1,0,0,0,-1,0,0.0000,-1,6,4,5,0,15,0,0,0,0
75.21973,2,0,2,1,0,0,0,-1,0,0.0000,-1,6,4,5,0,15,0,0,0,0
75.23932,2,0,2,1,0,0,0,-1,0,0.0000,-1,6,4,5,0,15,0,0,0,0
75.25977,2,0,2,1,0,0,0,-1,0,0.0000,-1,6,4,5,0,15,0,0,0,0
75.28067,2,0,2,1,0,0,0,-1,0,0.0000,-1,6,4,5,0,15,0,0,0,0
75.30105,2,0,2,1,0,0,0,-1,0,0.0000,-1,6,4,5,0,15,0,0,0,0
75.32277,2,0,2,1,0,0,0,-1,0,0.0000,-1,6,4,5,0,15,0,0,0,0
75.3428,2,0,2,1,0,0,0,-1,0,0.0000,-1,6,4,5,0,15,0,0,0,0
75.36239,2,0,2,1,0,0,0,-1,0,0.0000,-1,6,4,5,0,15,0,0,0,0
75.38193,2,0,2,1,0,0,0,-1,0,0.0000,-1,6,4,5,0,15,0,0,0,0
75.40242,2,0,2,1,0,0,0,-1,0,0.0000,-1,6,4,5,0,15,0,0,0,0
75.42342,2,0,2,1,0,0,0,-1,0,0.0000,-1,6,4,5,0,15,0,0,0,0
75.44495,2,0,2,1,0,0,0,-1,0,0.0000,-1,6,4,5,0,15,0,0,0,0
75.46581,2,0,2,1,0,0,0,-1,1,1.0000,-1,6,4,5,0,15,0,0,0,0
75.48479,2,0,2,1,0,0,0,-1,0,1.0000,-1,6,4,5,0,15,0,0,0,0
75.50503,2,0,2,1,0,0,0,-1,0,1.0000,-1,6,4,5,0,15,0,0,0,0
75.5252,2,0,2,1,0,0,0,-1,0,1.0000,-1,6,4,5,0,15,0,0,0,0
75.54595,2,0,2,1,0,0,0,-1,0,1.0000,-1,6,4,5,0,15,0,0,0,0
75.56677,2,0,2,1,0,0,0,-1,0,1.0000,-1,6,4,5,0,15,0,0,0,0
75.58907,2,0,2,1,0,0,0,-1,0,1.0000,-1,6,4,5,0,15,0,0,0,0
75.60689,2,0,2,1,0,0,0,-1,0,1.0000,-1,6,4,5,0,15,0,0,0,0
75.62767,2,0,2,1,0,0,0,-1,0,1.0000,-1,6,4,5,0,15,0,0,0,0
75.6477,2,0,2,1,0,0,0,-1,0,1.0000,-1,6,4,5,0,15,0,0,0,0
75.66824,2,0,2,1,0,0,0,-1,1,2.0000,-1,6,4,5,0,15,0,0,0,0
75.68915,2,0,2,1,0,0,0,-1,0,2.0000,-1,6,4,5,0,15,0,0,0,0
75.7096,2,0,2,1,0,0,0,-1,0,2.0000,-1,6,4,5,0,15,0,0,0,0
75.72929,2,0,2,1,0,0,0,-1,0,2.0000,-1,6,4,5,0,15,0,0,0,0
75.74937,2,0,2,1,0,0,0,-1,0,2.0000,-1,6,4,5,0,15,0,0,0,0
75.77156,2,0,2,1,0,0,0,-1,0,2.0000,-1,6,4,5,0,15,0,0,0,0
75.79271,2,0,2,1,0,0,0,-1,0,2.0000,-1,6,4,5,0,15,0,0,0,0
75.81211,2,0,2,1,0,0,0,-1,0,2.0000,-1,6,4,5,0,15,0,0,0,0
75.83418,2,0,2,1,0,0,0,-1,1,3.0000,-1,6,4,5,0,15,0,0,0,0
75.85512,2,0,2,1,0,0,0,-1,0,3.0000,-1,6,4,5,0,15,0,0,0,0
75.87413,2,0,2,1,0,0,0,-1,0,3.0000,-1,6,4,5,0,15,0,0,0,0
75.89414,2,0,2,1,0,0,0,-1,0,3.0000,-1,6,4,5,0,15,0,0,0,0
75.91579,2,0,2,1,0,0,0,-1,0,3.0000,-1,6,4,5,0,15,0,0,0,0
75.93778,2,0,2,1,0,0,0,-1,0,3.0000,-1,6,4,5,0,15,0,0,0,0
75.95644,2,0,2,1,0,0,0,-1,0,3.0000,-1,6,4,5,0,15,0,0,0,0
75.97896,2,0,2,1,0,0,0,-1,0,3.0000,-1,6,4,5,0,15,0,0,0,0
76.00021,2,0,2,1,0,0,0,-1,0,3.0000,-1,6,4,5,0,15,0,0,0,0
76.01984,2,0,2,1,0,0,0,-1,0,3.0000,-1,6,4,5,0,15,0,0,0,0
76.04008,2,0,2,1,0,0,0,-1,0,3.0000,-1,6,4,5,0,15,0,0,0,0
76.06113,2,0,2,1,0,0,0,-1,0,3.0000,-1,6,4,5,0,15,0,0,0,0
76.08201,2,0,2,1,0,0,0,-1,0,3.0000,-1,6,4,5,0,15,0,0,0,0
76.10318,2,0,2,1,0,0,0,-1,0,3.0000,-1,6,4,5,0,15,0,0,0,0
76.12334,2,0,2,1,0,0,0,-1,0,3.0000,-1,6,4,5,0,15,0,0,0,0
76.14554,2,0,2,1,0,0,0,-1,0,3.0000,-1,6,4,5,0,15,0,0,0,0
76.16694,2,0,2,1,0,0,0,-1,0,3.0000,-1,6,4,5,0,15,0,0,0,0
76.18848,2,0,2,1,0,0,0,-1,0,3.0000,-1,6,4,5,0,15,0,0,0,0
76.20682,2,0,2,1,0,0,0,-1,0,3.0000,-1,6,4,5,0,15,0,0,0,0
76.22864,2,0,2,1,0,0,0,-1,0,3.0000,-1,6,4,5,0,15,0,0,0,0
76.25129,2,0,2,1,0,0,0,-1,0,3.0000,-1,6,4,5,0,15,0,0,0,0
76.27055,2,0,2,1,0,0,0,-1,0,3.0000,-1,6,4,5,0,15,0,0,0,0
76.29244,2,0,2,1,0,0,0,-1,0,3.0000,-1,6,4,5,0,15,0,0,0,0
76.31317,2,0,2,1,0,0,0,-1,0,3.0000,-1,6,4,5,0,15,0,0,0,0
76.33453,2,0,2,1,0,0,0,-1,0,3.0000,-1,6,4,5,0,15,0,0,0,0
76.35506,2,0,2,1,0,0,0,-1,0,3.0000,-1,6,4,5,0,15,0,0,0,0
76.37627,2,0,2,1,0,0,0,-1,0,3.0000,-1,6,4,5,0,15,0,0,0,0
76.3982,2,0,2,1,0,0,0,-1,0,3.0000,-1,6,4,5,0,15,0,0,0,0
76.4192,2,0,2,1,0,0,0,-1,0,3.0000,-1,6,4,5,0,15,0,0,0,0
76.4381,2,0,2,1,0,0,0,-1,0,3.0000,-1,6,4,5,0,15,0,0,0,0
76.4588,2,0,2,1,0,0,0,-1,0,3.0000,-1,6,4,5,0,15,0,0,0,0
76.4804,2,0,2,1,0,0,0,-1,0,2.0000,-1,6,4,5,0,15,0,0,0,0
76.50146,2,0,2,1,0,0,0,-1,0,2.0000,-1,6,4,5,0,15,0,0,0,0
76.52225,2,0,2,1,0,0,0,-1,0,2.0000,-1,6,4,5,0,15,0,0,0,0
76.54477,2,0,2,1,0,0,0,-1,0,2.0000,-1,6,4,5,0,15,0,0,0,0
76.5644,2,0,2,1,0,0,0,-1,0,2.0000,-1,6,4,5,0,15,0,0,0,0
76.58424,2,0,2,1,0,0,0,-1,0,2.0000,-1,6,4,5,0,15,0,0,0,0
76.6244,2,0,2,1,0,0,0,-1,0,2.0000,-1,6,4,5,0,15,0,0,0,0
76.6371,2,0,2,1,0,0,0,-1,0,2.0000,-1,6,4,5,0,15,0,0,0,0
76.6506,2,0,2,1,0,0,0,-1,0,2.0000,-1,6,4,5,0,15,0,0,0,0
76.67225,2,0,2,1,0,0,0,-1,0,1.0000,-1,6,4,5,0,15,0,0,0,0
76.6936,2,0,2,1,0,0,0,-1,0,1.0000,-1,6,4,5,0,15,0,0,0,0
76.71499,2,0,2,1,0,0,0,-1,0,1.0000,-1,6,4,5,0,15,0,0,0,0
76.73584,2,0,2,1,0,0,0,-1,0,1.0000,-1,6,4,5,0,15,0,0,0,0
76.7592,2,0,2,1,0,0,0,-1,0,1.0000,-1,6,4,5,0,15,0,0,0,0
76.77981,2,0,2,1,0,0,0,-1,0,1.0000,-1,6,4,5,0,15,0,0,0,0
76.80107,2,0,2,1,0,0,0,-1,0,1.0000,-1,6,4,5,0,15,0,0,0,0
76.82221,2,0,2,1,0,0,0,-1,0,1.0000,-1,6,4,5,0,15,0,0,0,0
76.84464,2,0,2,1,0,0,0,-1,0,0.0000,-1,6,4,5,0,15,0,0,0,0
76.86472,2,0,2,1,0,0,0,-1,0,0.0000,-1,6,4,5,0,15,0,0,0,0
76.88655,2,0,2,1,0,0,0,-1,0,0.0000,-1,6,4,5,0,15,0,0,0,0
76.90691,2,0,2,1,0,0,0,-1,0,0.0000,-1,6,4,5,0,15,0,0,0,0
76.92745,2,0,2,1,0,0,0,-1,0,0.0000,-1,6,4,5,0,15,0,0,0,0
76.94875,2,0,2,1,0,0,0,-1,0,0.0000,-1,6,4,5,0,15,0,0,0,0
76.97069,2,0,2,1,0,0,0,-1,0,0.0000,-1,6,4,5,0,15,0,0,0,0
76.99208,2,0,2,1,0,0,0,-1,0,0.0000,-1,6,4,5,0,15,0,0,0,0
77.01337,2,0,2,1,0,0,0,-1,0,0.0000,-1,6,4,5,0,15,0,0,0,0
77.03409,2,0,2,1,0,0,0,-1,0,0.0000,-1,6,4,5,0,15,0,0,0,0
77.05633,2,0,2,1,0,0,0,-1,0,0.0000,-1,6,4,5,0,15,0,0,0,0
77.07788,2,0,2,1,0,0,0,-1,0,0.0000,-1,6,4,5,0,15,0,0,0,0
77.09951,2,0,2,1,0,0,0,-1,0,0.0000,-1,6,4,5,0,15,0,0,0,0
77.12044,2,0,2,1,0,0,0,-1,0,0.0000,-1,6,4,5,0,15,0,0,0,0
77.14138,2,0,2,1,0,0,0,-1,0,0.0000,-1,6,4,5,0,15,0,0,0,0
77.16296,2,0,2,1,0,0,0,-1,0,0.0000,-1,6,4,5,0,15,0,0,0,0
77.18474,2,0,2,1,0,0,0,-1,0,0.0000,-1,6,4,5,0,15,0,0,0,0
77.20475,2,0,2,1,0,0,0,-1,0,0.0000,-1,6,4,5,0,15,0,0,0,0
77.22677,2,0,2,1,0,0,0,-1,0,0.0000,-1,6,4,5,0,15,0,0,0,0
77.26791,2,0,2,1,0,0,0,-1,0,0.0000,-1,6,4,5,0,15,0,0,0,0
77.28062,2,0,2,1,0,0,0,-1,0,0.0000,-1,6,4,5,0,15,0,0,0,0
77.29387,2,0,2,1,0,0,0,-1,0,0.0000,-1,6,4,5,0,15,0,0,0,0
77.31594,2,0,2,1,0,0,0,-1,0,0.0000,-1,6,4,5,0,15,0,0,0,0
77.33733,2,0,2,1,0,0,0,-1,0,0.0000,-1,6,4,5,0,15,0,0,0,0
77.35859,2,0,2,1,0,0,0,-1,0,0.0000,-1,6,4,5,0,15,0,0,0,0
77.38049,2,0,2,1,0,0,0,-1,0,0.0000,-1,6,4,5,0,15,0,0,0,0
77.40237,2,0,2,1,0,0,0,-1,0,0.0000,-1,6,4,5,0,15,0,0,0,0
77.42396,2,0,2,1,0,0,0,-1,0,0.0000,-1,6,4,5,0,15,0,0,0,0
77.4452,2,0,2,1,0,0,0,-1,0,0.0000,-1,6,4,5,0,15,0,0,0,0
77.46611,2,0,2,1,0,0,0,-1,0,0.0000,-1,6,4,5,0,15,0,0,0,0
77.48808,2,0,2,1,0,0,0,-1,0,0.0000,-1,6,4,5,0,15,0,0,0,0
77.50828,2,0,2,1,0,0,0,-1,0,0.0000,-1,6,4,5,0,15,0,0,0,0
77.52974,2,0,2,1,0,0,0,-1,0,0.0000,-1,6,4,5,0,15,0,0,0,0
77.5515,2,0,2,1,0,0,0,-1,0,0.0000,-1,6,4,5,0,15,0,0,0,0
77.57209,2,0,2,1,0,0,0,-1,0,0.0000,-1,6,4,5,0,15,0,0,0,0
77.59403,2,0,2,1,0,0,0,-1,0,0.0000,-1,6,4,5,0,15,0,0,0,0
77.61452,2,0,2,1,0,0,0,-1,0,0.0000,-1,6,4,5,0,15,0,0,0,0
77.63515,2,0,2,1,0,0,0,-1,0,0.0000,-1,6,4,5,0,15,0,0,0,0
77.65706,2,0,2,1,0,0,0,-1,1,1.0000,-1,6,4,5,0,15,0,0,0,0
77.67691,2,0,2,1,0,0,0,-1,0,1.0000,-1,6,4,5,0,15,0,0,0,0
77.69688,2,0,2,1,0,0,0,-1,0,1.0000,-1,6,4,5,0,15,0,0,0,0
77.71795,2,0,2,1,0,0,0,-1,0,1.0000,-1,6,4,5,0,15,0,0,0,0
77.73791,2,0,2,1,0,0,0,-1,0,1.0000,-1,6,4,5,0,15,0,0,0,0
77.75912,2,0,2,1,0,0,0,-1,0,1.0000,-1,6,4,5,0,15,0,0,0,0
77.77943,2,0,2,1,0,0,0,-1,0,1.0000,-1,6,4,5,0,15,0,0,0,0
77.80064,2,0,2,1,0,0,0,-1,0,1.0000,-1,6,4,5,0,15,0,0,0,0
77.8207,2,0,2,1,0,0,0,-1,0,1.0000,-1,6,4,5,0,15,0,0,0,0
77.84251,2,0,2,1,0,0,0,-1,0,1.0000,-1,6,4,5,0,15,0,0,0,0
77.86353,2,0,2,1,0,0,0,-1,0,1.0000,-1,6,4,5,0,15,0,0,0,0
77.88314,2,0,2,1,0,0,0,-1,1,2.0000,-1,6,4,5,0,15,0,0,0,0
77.90527,2,0,2,1,0,0,0,-1,0,2.0000,-1,6,4,5,0,15,0,0,0,0
77.92474,2,0,2,1,0,0,0,-1,0,2.0000,-1,6,4,5,0,15,0,0,0,0
77.94572,2,0,2,1,0,0,0,-1,0,2.0000,-1,6,4,5,0,15,0,0,0,0
77.96583,2,0,2,1,0,0,0,-1,0,2.0000,-1,6,4,5,0,15,0,0,0,0
77.98528,2,0,2,1,0,0,0,-1,0,2.0000,-1,6,4,5,0,15,0,0,0,0
78.0052,2,0,2,1,0,0,0,-1,0,2.0000,-1,6,4,5,0,15,0,0,0,0
78.02483,2,0,2,1,0,0,0,-1,0,2.0000,-1,6,4,5,0,15,0,0,0,0
78.04486,2,0,2,1,0,0,0,-1,0,2.0000,-1,6,4,5,0,15,0,0,0,0
78.06618,2,0,2,0,0,0,0,-1,0,2.0000,-1,6,4,5,0,15,0,0,0,0
78.10382,2,0,2,0,0,0,0,-1,0,2.0000,-1,6,4,5,0,15,0,0,0,0
78.11606,2,0,2,0,0,0,0,-1,0,2.0000,-1,6,4,5,0,15,0,0,0,0
78.12861,2,0,2,0,0,0,0,-1,0,2.0000,-1,6,4,5,0,15,0,0,0,0
78.14951,2,0,2,0,0,0,0,-1,0,2.0000,-1,6,4,5,0,15,0,0,0,0
78.16999,2,0,2,0,0,0,0,-1,0,2.0000,-1,6,4,5,0,15,0,0,0,0
78.18987,2,0,2,0,0,0,0,-1,0,2.0000,-1,6,4,5,0,15,0,0,0,0
78.21085,2,0,2,0,0,0,0,-1,0,2.0000,-1,6,4,5,0,15,0,0,0,0
78.23135,2,0,2,0,0,0,0,-1,0,2.0000,-1,6,4,5,0,15,0,0,0,0
78.25188,2,0,2,0,0,0,0,-1,0,2.0000,-1,6,4,5,0,15,0,0,0,0
78.27187,2,0,2,0,0,0,0,-1,0,2.0000,-1,6,4,5,0,15,0,0,0,0
78.31012,2,0,2,0,0,0,0,-1,0,2.0000,-1,6,4,5,0,15,0,0,0,0
78.32228,2,0,2,0,0,0,0,-1,1,3.0000,-1,6,4,5,0,15,0,0,0,0
78.33514,2,0,2,0,0,0,0,-1,0,3.0000,-1,6,4,5,0,15,0,0,0,0
78.35593,2,0,2,0,0,0,0,-1,0,3.0000,-1,6,4,5,0,15,0,0,0,0
78.37565,2,0,2,0,0,0,0,-1,0,3.0000,-1,6,4,5,0,15,0,0,0,0
78.39583,2,0,2,0,0,0,0,-1,0,3.0000,-1,6,4,5,0,15,0,0,0,0
78.41648,2,0,2,0,0,0,0,-1,0,3.0000,-1,6,4,5,0,15,0,0,0,0
78.43775,2,0,2,0,0,0,0,-1,0,3.0000,-1,6,4,5,0,15,0,0,0,0
78.45605,2,0,2,0,0,0,0,-1,0,3.0000,-1,6,4,5,0,15,0,0,0,0
78.47739,2,0,2,0,0,0,0,-1,1,4.0000,-1,6,4,5,0,15,0,0,0,0
78.49603,2,0,2,0,0,0,0,-1,0,4.0000,-1,6,4,5,0,15,0,0,0,0
78.51482,2,0,2,0,0,0,0,-1,0,4.0000,-1,6,4,5,0,15,0,0,0,0
78.53526,2,0,2,0,0,0,0,-1,0,4.0000,-1,6,4,5,0,15,0,0,0,0
78.55791,2,0,2,0,0,0,0,-1,0,4.0000,-1,6,4,5,0,15,0,0,0,0
78.57816,2,0,2,0,0,0,0,-1,0,4.0000,-1,6,4,5,0,15,0,0,0,0
78.59667,2,0,2,0,0,0,0,-1,0,4.0000,-1,6,4,5,0,15,0,0,0,0
78.61743,2,0,2,0,0,0,0,-1,0,4.0000,-1,6,4,5,0,15,0,0,0,0
78.63856,2,0,2,0,0,0,0,-1,0,4.0000,-1,6,4,5,0,15,0,0,0,0
78.65845,2,0,2,0,0,0,0,-1,0,3.0000,-1,6,4,5,0,15,0,0,0,0
78.67822,2,0,2,0,0,0,0,-1,0,3.0000,-1,6,4,5,0,15,0,0,0,0
78.69881,2,0,2,0,0,0,0,-1,0,3.0000,-1,6,4,5,0,15,0,0,0,0
78.71779,2,0,2,0,0,0,0,-1,0,3.0000,-1,6,4,5,0,15,0,0,0,0
78.73712,2,0,2,0,0,0,0,-1,0,3.0000,-1,6,4,5,0,15,0,0,0,0
78.75674,2,0,2,0,0,0,0,-1,0,3.0000,-1,6,4,5,0,15,0,0,0,0
78.77698,2,0,2,0,0,0,0,-1,0,3.0000,-1,6,4,5,0,15,0,0,0,0
78.79713,2,0,2,0,0,0,0,-1,0,3.0000,-1,6,4,5,0,15,0,0,0,0
78.81474,2,0,2,0,0,0,0,-1,0,3.0000,-1,6,4,5,0,15,0,0,0,0
78.8343,2,0,2,0,0,0,0,-1,0,3.0000,-1,6,4,5,0,15,0,0,0,0
78.85342,2,0,2,0,0,0,0,-1,0,3.0000,-1,6,4,5,0,15,0,0,0,0
78.87179,2,0,2,0,0,0,0,-1,0,3.0000,-1,6,4,5,0,15,0,0,0,0
78.89011,2,0,2,0,0,0,0,-1,0,2.0000,-1,6,4,5,0,15,0,0,0,0
78.91185,2,0,2,0,0,0,0,-1,0,2.0000,-1,6,4,5,0,15,0,0,0,0
78.92849,2,0,2,0,0,0,0,-1,0,2.0000,-1,6,4,5,0,15,0,0,0,0
78.94721,2,0,2,0,0,0,0,-1,0,2.0000,-1,6,4,5,0,15,0,0,0,0
78.9658,2,0,2,0,0,0,0,-1,0,2.0000,-1,6,4,5,0,15,0,0,0,0
78.98396,2,0,2,0,0,0,0,-1,0,2.0000,-1,6,4,5,0,15,0,0,0,0
79.00328,2,0,2,0,0,0,0,-1,0,2.0000,-1,6,4,5,0,15,0,0,0,0
79.02225,2,0,2,0,0,0,0,-1,0,2.0000,-1,6,4,5,0,15,0,0,0,0
79.04172,2,0,2,0,0,0,0,-1,0,2.0000,-1,6,4,5,0,15,0,0,0,0
79.0603,2,0,2,0,0,0,0,-1,0,2.0000,-1,6,4,5,0,15,0,0,0,0
79.07925,2,0,2,0,0,0,0,-1,0,2.0000,-1,6,4,5,0,15,0,0,0,0
79.09868,2,0,2,0,0,0,0,-1,0,2.0000,-1,6,4,5,0,15,0,0,0,0
79.11671,2,0,2,0,0,0,0,-1,0,2.0000,-1,6,4,5,0,15,0,0,0,0
79.13698,2,0,2,0,0,0,0,-1,0,2.0000,-1,6,4,5,0,15,0,0,0,0
79.15512,2,0,2,0,0,0,0,-1,0,2.0000,-1,6,4,5,0,15,0,0,0,0
79.17388,2,0,2,0,0,0,0,-1,0,2.0000,-1,6,4,5,0,15,0,0,0,0
79.19288,2,0,2,0,0,0,0,-1,0,2.0000,-1,6,4,5,0,15,0,0,0,0
79.21298,2,0,2,0,0,0,0,-1,0,2.0000,-1,6,4,5,0,15,0,0,0,0
79.23205,2,0,2,0,0,0,0,-1,0,2.0000,-1,6,4,5,0,15,0,0,0,0
79.24871,2,0,2,0,0,0,0,-1,0,2.0000,-1,6,4,5,0,15,0,0,0,0
79.26837,2,0,2,0,0,0,1,78,1,3.0000,-1,6,4,5,0,15,0,0,0,0
79.28798,2,0,2,0,0,0,0,-1,0,3.0000,-1,6,4,5,0,15,0,0,0,0
79.30927,2,0,2,0,0,0,0,-1,0,3.0000,-1,6,4,5,0,15,0,0,0,0
79.34444,2,0,2,0,0,0,1,79,0,2.0000,-1,6,4,5,0,15,0,0,0,0
79.35715,2,0,2,0,0,0,1,79,0,2.0000,-1,6,4,5,0,15,0,0,0,0
79.36907,2,0,2,0,0,0,1,79,0,2.0000,-1,6,4,5,0,15,0,0,0,0
79.38699,2,0,2,0,0,0,1,79,0,2.0000,-1,6,4,5,0,15,0,0,0,0
79.40572,2,0,2,0,0,0,1,79,0,2.0000,-1,6,4,5,0,15,0,0,0,0
79.42492,2,0,2,0,0,0,1,79,0,2.0000,-1,6,4,5,0,15,0,0,0,0
79.44469,2,0,2,0,0,0,1,79,0,2.0000,-1,6,4,5,0,15,0,0,0,0
79.46296,2,0,2,0,0,0,1,79,0,2.0000,-1,6,4,5,0,15,0,0,0,0
79.48232,2,0,2,0,0,0,0,-1,0,1.0000,79,6,5,5,0,16,0,0,0,0
79.50216,2,0,2,0,0,0,0,-1,1,2.0000,-1,6,5,5,0,16,0,0,0,0
79.52139,2,0,2,0,0,0,0,-1,0,2.0000,-1,6,5,5,0,16,0,0,0,0
79.55774,2,0,2,0,0,0,0,-1,0,2.0000,-1,6,5,5,0,16,0,0,0,0
79.57281,2,0,2,0,0,0,0,-1,0,2.0000,-1,6,5,5,0,16,0,0,0,0
79.58791,2,0,2,0,0,0,0,-1,0,2.0000,-1,6,5,5,0,16,0,0,0,0
79.60044,2,0,2,0,0,0,0,-1,0,2.0000,-1,6,5,5,0,16,0,0,0,0
79.62064,2,0,2,0,0,0,0,-1,0,2.0000,-1,6,5,5,0,16,0,0,0,0
79.63956,2,0,2,0,0,0,0,-1,0,2.0000,-1,6,5,5,0,16,0,0,0,0
79.65904,2,0,2,0,0,0,0,-1,0,2.0000,-1,6,5,5,0,16,0,0,0,0
79.6785,2,0,2,0,0,0,0,-1,0,2.0000,-1,6,5,5,0,16,0,0,0,0
79.69674,2,0,2,0,0,0,0,-1,0,2.0000,-1,6,5,5,0,16,0,0,0,0
79.716,2,0,2,0,0,0,0,-1,0,2.0000,-1,6,5,5,0,16,0,0,0,0
79.73373,2,0,2,0,0,0,0,-1,0,2.0000,-1,6,5,5,0,16,0,0,0,0
79.77111,2,0,2,0,0,0,0,-1,0,2.0000,-1,6,5,5,0,16,0,0,0,0
79.78304,2,0,2,0,0,0,0,-1,0,2.0000,-1,6,5,5,0,16,0,0,0,0
79.79686,2,0,2,0,0,0,0,-1,0,2.0000,-1,6,5,5,0,16,0,0,0,0
79.8166,2,0,2,0,0,0,0,-1,0,2.0000,-1,6,5,5,0,16,0,0,0,0
79.83505,2,0,2,0,0,0,0,-1,0,2.0000,-1,6,5,5,0,16,0,0,0,0
79.85611,2,0,2,0,0,0,0,-1,0,2.0000,-1,6,5,5,0,16,0,0,0,0
79.87363,2,0,2,0,0,0,0,-1,0,2.0000,-1,6,5,5,0,16,0,0,0,0
79.89169,2,0,2,0,0,0,0,-1,0,2.0000,-1,6,5,5,0,16,0,0,0,0
79.91089,2,0,2,0,0,0,0,-1,0,2.0000,-1,6,5,5,0,16,0,0,0,0
79.93008,2,0,2,0,0,0,0,-1,0,2.0000,-1,6,5,5,0,16,0,0,0,0
79.94813,2,0,2,0,0,0,0,-1,0,2.0000,-1,6,5,5,0,16,0,0,0,0
79.96748,2,0,2,0,0,0,0,-1,0,2.0000,-1,6,5,5,0,16,0,0,0,0
79.98745,2,0,2,0,0,0,0,-1,0,2.0000,-1,6,5,5,0,16,0,0,0,0
80.00513,2,0,2,0,0,0,0,-1,0,2.0000,-1,6,5,5,0,16,0,0,0,0
80.02373,2,0,2,0,0,0,0,-1,0,2.0000,-1,6,5,5,0,16,0,0,0,0
80.04361,2,0,2,0,0,0,0,-1,0,2.0000,-1,6,5,5,0,16,0,0,0,0
80.06187,2,0,2,0,0,0,0,-1,0,2.0000,-1,6,5,5,0,16,0,0,0,0
80.08083,2,0,2,0,0,0,0,-1,0,2.0000,-1,6,5,5,0,16,0,0,0,0
80.1004,2,0,2,0,0,0,0,-1,0,2.0000,-1,6,5,5,0,16,0,0,0,0
80.12046,2,0,2,0,0,0,0,-1,0,2.0000,-1,6,5,5,0,16,0,0,0,0
80.13938,2,0,2,0,0,0,0,-1,0,2.0000,-1,6,5,5,0,16,0,0,0,0
80.15813,2,0,2,0,0,0,0,-1,0,2.0000,-1,6,5,5,0,16,0,0,0,0
80.17894,2,0,2,0,0,0,0,-1,0,2.0000,-1,6,5,5,0,16,0,0,0,0
80.1975,2,0,2,0,0,0,0,-1,0,2.0000,-1,6,5,5,0,16,0,0,0,0
80.21608,2,0,2,0,0,0,0,-1,0,2.0000,-1,6,5,5,0,16,0,0,0,0
80.23513,2,0,2,0,0,0,0,-1,0,2.0000,-1,6,5,5,0,16,0,0,0,0
80.25535,2,0,2,0,0,0,0,-1,0,2.0000,-1,6,5,5,0,16,0,0,0,0
80.27522,2,0,2,0,0,0,0,-1,0,1.0000,-1,6,5,5,0,16,0,0,0,0
80.29388,2,0,2,0,0,0,0,-1,0,1.0000,-1,6,5,5,0,16,0,0,0,0
80.31487,2,0,2,0,0,0,0,-1,0,1.0000,-1,6,5,5,0,16,0,0,0,0
80.33488,2,0,2,0,0,0,0,-1,1,2.0000,-1,6,5,5,0,16,0,0,0,0
80.3536,2,0,2,0,0,0,0,-1,0,2.0000,-1,6,5,5,0,16,0,0,0,0
80.37391,2,0,2,0,0,0,0,-1,0,2.0000,-1,6,5,5,0,16,0,0,0,0
80.41091,2,0,2,0,0,0,0,-1,0,2.0000,-1,6,5,5,0,16,0,0,0,0
80.42383,2,0,2,0,0,0,0,-1,0,2.0000,-1,6,5,5,0,16,0,0,0,0
80.43652,2,0,2,0,0,0,0,-1,0,2.0000,-1,6,5,5,0,16,0,0,0,0
80.45399,2,0,2,0,0,0,0,-1,0,2.0000,-1,6,5,5,0,16,0,0,0,0
80.47356,2,0,2,0,0,0,0,-1,0,2.0000,-1,6,5,5,0,16,0,0,0,0
80.49294,2,0,2,0,0,0,0,-1,0,2.0000,-1,6,5,5,0,16,0,0,0,0
80.51032,2,0,2,0,0,0,0,-1,0,1.0000,-1,6,5,5,0,16,0,0,0,0
80.52843,2,0,2,0,0,0,0,-1,0,1.0000,-1,6,5,5,0,16,0,0,0,0
80.54617,2,0,2,0,0,0,0,-1,0,1.0000,-1,6,5,5,0,16,0,0,0,0
80.56518,2,0,2,0,0,0,0,-1,1,2.0000,-1,6,5,5,0,16,0,0,0,0
80.58482,2,0,2,0,0,0,0,-1,0,2.0000,-1,6,5,5,0,16,0,0,0,0
80.60274,2,0,2,0,0,0,0,-1,0,2.0000,-1,6,5,5,0,16,0,0,0,0
80.62106,2,0,2,0,0,0,0,-1,0,2.0000,-1,6,5,5,0,16,0,0,0,0
80.63878,2,0,2,0,0,0,0,-1,0,2.0000,-1,6,5,5,0,16,0,0,0,0
80.65828,2,0,2,0,0,0,0,-1,0,2.0000,-1,6,5,5,0,16,0,0,0,0
80.67654,2,0,2,0,0,0,0,-1,0,2.0000,-1,6,5,5,0,16,0,0,0,0
80.69412,2,0,2,0,0,0,0,-1,0,2.0000,-1,6,5,5,0,16,0,0,0,0
80.71424,2,0,2,0,0,0,0,-1,0,2.0000,-1,6,5,5,0,16,0,0,0,0
80.73227,2,0,2,0,0,0,0,-1,0,2.0000,-1,6,5,5,0,16,0,0,0,0
80.75098,2,0,2,0,0,0,0,-1,1,3.0000,-1,6,5,5,0,16,0,0,0,0
80.76945,2,0,2,0,0,0,0,-1,0,3.0000,-1,6,5,5,0,16,0,0,0,0
80.78876,2,0,2,0,0,0,0,-1,0,3.0000,-1,6,5,5,0,16,0,0,0,0
80.80715,2,0,2,0,0,0,0,-1,0,3.0000,-1,6,5,5,0,16,0,0,0,0
80.8279,2,0,2,0,0,0,1,82,0,3.0000,-1,6,5,5,0,16,0,0,0,0
80.84488,2,0,2,0,0,0,1,82,0,3.0000,-1,6,5,5,0,16,0,0,0,0
80.86406,2,0,2,0,0,0,1,82,0,3.0000,-1,6,5,5,0,16,0,0,0,0
80.88149,2,0,2,0,0,0,1,82,0,3.0000,-1,6,5,5,0,16,0,0,0,0
80.90057,2,0,2,0,0,0,1,82,1,4.0000,-1,6,5,5,0,16,0,0,0,0
80.91875,2,0,2,0,0,0,1,82,0,4.0000,-1,6,5,5,0,16,0,0,0,0
80.93777,2,0,2,0,0,0,1,82,0,4.0000,-1,6,5,5,0,16,0,0,0,0
80.95676,2,0,2,0,0,0,1,82,0,4.0000,-1,6,5,5,0,16,0,0,0,0
80.97521,2,0,2,0,0,0,1,82,0,4.0000,-1,6,5,5,0,16,0,0,0,0
80.9949,2,0,2,0,0,0,1,82,0,4.0000,-1,6,5,5,0,16,0,0,0,0
81.01358,2,0,2,0,0,0,1,82,0,4.0000,-1,6,5,5,0,16,0,0,0,0
81.03309,2,0,2,0,0,0,1,82,0,4.0000,-1,6,5,5,0,16,0,0,0,0
81.05241,2,0,2,0,0,0,1,82,0,4.0000,-1,6,5,5,0,16,0,0,0,0
81.072,2,0,2,0,0,0,1,82,1,5.0000,-1,6,5,5,0,16,0,0,0,0
81.08839,2,0,2,0,0,0,1,82,0,5.0000,-1,6,5,5,0,16,0,0,0,0
81.10806,2,0,2,0,0,0,1,82,0,5.0000,-1,6,5,5,0,16,0,0,0,0
81.12656,2,0,2,0,0,0,1,82,0,5.0000,-1,6,5,5,0,16,0,0,0,0
81.14709,2,0,2,0,0,0,1,82,0,5.0000,-1,6,5,5,0,16,0,0,0,0
81.16645,2,0,2,0,0,0,1,82,0,5.0000,-1,6,5,5,0,16,0,0,0,0
81.18439,2,0,2,0,0,0,1,82,0,5.0000,-1,6,5,5,0,16,0,0,0,0
81.20232,2,0,2,0,0,0,1,82,1,6.0000,-1,6,5,5,0,16,0,0,0,0
81.24001,2,0,2,0,0,0,1,82,0,6.0000,-1,6,5,5,0,16,0,0,0,0
81.25363,2,0,2,0,0,0,1,82,0,6.0000,-1,6,5,5,0,16,0,0,0,0
81.26585,2,0,2,0,0,0,1,82,0,6.0000,-1,6,5,5,0,16,0,0,0,0
81.28365,2,0,2,0,0,0,0,-1,0,6.0000,-1,6,5,5,0,16,0,0,0,0
81.30248,2,0,2,0,0,0,0,-1,0,6.0000,-1,6,5,5,0,16,0,0,0,0
81.32168,2,0,2,0,0,0,0,-1,0,6.0000,-1,6,5,5,0,16,0,0,0,0
81.34074,2,0,2,0,0,0,0,-1,1,6.0000,-1,6,5,5,0,16,0,0,0,0
81.35961,2,0,2,0,0,0,0,-1,0,6.0000,-1,6,5,5,0,16,0,0,0,0
81.37746,2,0,2,0,0,0,0,-1,0,6.0000,-1,6,5,5,0,16,0,0,0,0
81.39751,2,0,2,0,0,0,0,-1,0,6.0000,-1,6,5,5,0,16,0,0,0,0
81.41623,2,0,2,0,0,0,0,-1,0,6.0000,-1,6,5,5,0,16,0,0,0,0
81.45367,2,0,2,0,0,0,0,-1,0,6.0000,-1,6,5,5,0,16,0,0,0,0
81.46698,2,0,2,0,0,0,0,-1,0,6.0000,-1,6,5,5,0,16,0,0,0,0
81.47981,2,0,2,0,0,0,0,-1,0,6.0000,-1,6,5,5,0,16,0,0,0,0
81.49782,2,0,2,0,0,0,0,-1,0,6.0000,-1,6,5,5,0,16,0,0,0,0
81.5169,2,0,2,0,0,0,0,-1,0,6.0000,-1,6,5,5,0,16,0,0,0,0
81.53593,2,0,2,0,0,0,0,-1,0,6.0000,-1,6,5,5,0,16,0,0,0,0
81.55381,2,0,2,0,0,0,0,-1,0,6.0000,-1,6,5,5,0,16,0,0,0,0
81.57416,2,0,2,0,0,0,0,-1,0,5.0000,-1,6,5,5,0,16,0,0,0,0
81.59336,2,0,2,0,0,0,0,-1,0,5.0000,-1,6,5,5,0,16,0,0,0,0
81.61298,2,0,2,0,0,0,0,-1,0,5.0000,-1,6,5,5,0,16,0,0,0,0
81.6319,2,0,2,0,0,0,0,-1,0,5.0000,-1,6,5,5,0,16,0,0,0,0
81.64986,2,0,2,0,0,0,0,-1,0,5.0000,-1,6,5,5,0,16,0,0,0,0
81.66854,2,0,2,0,0,0,0,-1,0,5.0000,-1,6,5,5,0,16,0,0,0,0
81.68738,2,0,2,0,0,0,0,-1,0,5.0000,-1,6,5,5,0,16,0,0,0,0
81.70791,2,0,2,0,0,0,0,-1,0,5.0000,-1,6,5,5,0,16,0,0,0,0
81.72668,2,0,2,0,0,0,0,-1,0,5.0000,-1,6,5,5,0,16,0,0,0,0
81.74469,2,0,2,0,0,0,0,-1,0,5.0000,-1,6,5,5,0,16,0,0,0,0
81.76595,2,0,2,0,0,0,0,-1,0,4.0000,-1,6,5,5,0,16,0,0,0,0
81.7823,2,0,2,0,0,0,0,-1,0,4.0000,-1,6,5,5,0,16,0,0,0,0
81.80091,2,0,2,0,0,0,0,-1,0,4.0000,-1,6,5,5,0,16,0,0,0,0
81.82068,2,0,2,0,0,0,0,-1,0,4.0000,-1,6,5,5,0,16,0,0,0,0
81.84134,2,0,2,0,0,0,0,-1,0,4.0000,-1,6,5,5,0,16,0,0,0,0
81.85971,2,0,2,0,0,0,0,-1,0,4.0000,-1,6,5,5,0,16,0,0,0,0
81.87693,2,0,2,0,0,0,0,-1,0,4.0000,-1,6,5,5,0,16,0,0,0,0
81.89751,2,0,2,0,0,0,0,-1,0,4.0000,-1,6,5,5,0,16,0,0,0,0
81.91608,2,0,2,0,0,0,0,-1,0,3.0000,-1,6,5,5,0,16,0,0,0,0
81.93338,2,0,2,0,0,0,0,-1,0,3.0000,-1,6,5,5,0,16,0,0,0,0
81.95438,2,0,2,0,0,0,0,-1,0,3.0000,-1,6,5,5,0,16,0,0,0,0
81.97278,2,0,2,0,0,0,0,-1,0,3.0000,-1,6,5,5,0,16,0,0,0,0
81.98837,2,0,2,0,0,0,1,84,0,3.0000,-1,6,5,5,0,16,0,0,0,0
82.01035,2,0,2,0,0,0,1,84,0,3.0000,-1,6,5,5,0,16,0,0,0,0
82.027,2,0,2,0,0,0,1,84,0,3.0000,-1,6,5,5,0,16,0,0,0,0
82.0463,2,0,2,0,0,0,1,84,0,3.0000,-1,6,5,5,0,16,0,0,0,0
82.06774,2,0,2,0,0,0,1,84,0,3.0000,-1,6,5,5,0,16,0,0,0,0
82.08456,2,0,2,0,0,0,1,84,0,2.0000,-1,6,5,5,0,16,0,0,0,0
82.1011,2,0,2,0,0,0,1,84,0,2.0000,-1,6,5,5,0,16,0,0,0,0
82.12082,2,0,2,0,0,0,1,84,0,2.0000,-1,6,5,5,0,16,0,0,0,0
82.14117,2,0,2,0,0,0,1,84,0,2.0000,-1,6,5,5,0,16,0,0,0,0
82.15948,2,0,2,0,0,0,1,84,0,2.0000,-1,6,5,5,0,16,0,0,0,0
82.17709,2,0,2,0,0,0,1,84,1,3.0000,-1,6,5,5,0,16,0,0,0,0
82.19548,2,0,2,0,0,0,1,84,0,3.0000,-1,6,5,5,0,16,0,0,0,0
82.21568,2,0,2,0,0,0,0,-1,0,2.0000,-1,6,5,5,0,16,0,0,0,0
82.23238,2,0,2,0,0,0,0,-1,0,2.0000,-1,6,5,5,0,16,0,0,0,0
82.25139,2,0,2,0,0,0,0,-1,0,2.0000,-1,6,5,5,0,16,0,0,0,0
82.27145,2,0,2,0,0,0,0,-1,0,2.0000,-1,6,5,5,0,16,0,0,0,0
82.28804,2,0,2,0,0,0,0,-1,0,2.0000,-1,6,5,5,0,16,0,0,0,0
82.31024,2,0,2,0,0,0,0,-1,0,2.0000,-1,6,5,5,0,16,0,0,0,0
82.32736,2,0,2,0,0,0,0,-1,0,2.0000,-1,6,5,5,0,16,0,0,0,0
82.34581,2,0,2,0,0,0,0,-1,0,1.0000,-1,6,5,5,0,16,0,0,0,0
82.36452,2,0,2,0,0,0,0,-1,1,2.0000,-1,6,5,5,0,16,0,0,0,0
82.3857,2,0,2,0,0,0,0,-1,0,2.0000,-1,6,5,5,0,16,0,0,0,0
82.40456,2,0,2,0,0,0,0,-1,0,2.0000,-1,6,5,5,0,16,0,0,0,0
82.42162,2,0,2,0,0,0,0,-1,0,2.0000,-1,6,5,5,0,16,0,0,0,0
82.44183,2,0,2,0,0,0,0,-1,0,2.0000,-1,6,5,5,0,16,0,0,0,0
82.45966,2,0,2,0,0,0,0,-1,0,2.0000,-1,6,5,5,0,16,0,0,0,0
82.47643,2,0,2,0,0,0,0,-1,0,2.0000,-1,6,5,5,0,16,0,0,0,0
82.49824,2,0,2,0,0,0,0,-1,0,2.0000,-1,6,5,5,0,16,0,0,0,0
82.51487,2,0,2,0,0,0,0,-1,0,2.0000,-1,6,5,5,0,16,0,0,0,0
82.53228,2,0,2,0,0,0,1,85,0,2.0000,-1,6,5,5,0,16,0,0,0,0
82.55389,2,0,2,0,0,0,1,85,0,2.0000,-1,6,5,5,0,16,0,0,0,0
82.57098,2,0,2,0,0,0,1,85,1,3.0000,-1,6,5,5,0,16,0,0,0,0
82.58738,2,0,2,0,0,0,1,85,0,3.0000,-1,6,5,5,0,16,0,0,0,0
82.60708,2,0,2,0,0,0,1,85,0,3.0000,-1,6,5,5,0,16,0,0,0,0
82.62705,2,0,2,0,0,0,1,85,0,3.0000,-1,6,5,5,0,16,0,0,0,0
82.6492,2,0,2,0,0,0,1,85,0,3.0000,-1,6,5,5,0,16,0,0,0,0
82.6653,2,0,2,0,0,0,1,85,0,3.0000,-1,6,5,5,0,16,0,0,0,0
82.6998,2,0,2,0,0,0,1,85,0,3.0000,-1,6,5,5,0,16,0,0,0,0
82.71288,2,0,2,0,0,0,1,85,0,3.0000,-1,6,5,5,0,16,0,0,0,0
82.72569,2,0,2,0,0,0,1,85,0,3.0000,-1,6,5,5,0,16,0,0,0,0
82.74174,2,0,2,0,0,0,1,85,1,4.0000,-1,6,5,5,0,16,0,0,0,0
82.76083,2,0,2,0,0,0,1,85,0,4.0000,-1,6,5,5,0,16,0,0,0,0
82.77995,2,0,2,0,0,0,1,85,0,4.0000,-1,6,5,5,0,16,0,0,0,0
82.79747,2,0,2,0,0,0,1,85,0,4.0000,-1,6,5,5,0,16,0,0,0,0
82.8191,2,0,2,0,0,0,1,85,0,4.0000,-1,6,5,5,0,16,0,0,0,0
82.8367,2,0,2,0,0,0,1,85,0,4.0000,-1,6,5,5,0,16,0,0,0,0
82.8538,2,0,2,0,0,0,1,85,0,4.0000,-1,6,5,5,0,16,0,0,0,0
82.87476,2,0,2,0,0,0,1,85,0,4.0000,-1,6,5,5,0,16,0,0,0,0
82.8931,2,0,2,0,0,0,1,85,1,5.0000,-1,6,5,5,0,16,0,0,0,0
82.91051,2,0,2,0,0,0,1,85,0,5.0000,-1,6,5,5,0,16,0,0,0,0
82.93103,2,0,2,0,0,0,1,85,0,5.0000,-1,6,5,5,0,16,0,0,0,0
82.94942,2,0,2,0,0,0,1,85,0,5.0000,-1,6,5,5,0,16,0,0,0,0
82.96642,2,0,2,0,0,0,0,-1,0,5.0000,85,6,6,5,0,17,0,0,0,0
82.98594,2,0,2,0,0,0,0,-1,0,5.0000,-1,6,6,5,0,17,0,0,0,0
83.00513,2,0,2,0,0,0,0,-1,0,5.0000,-1,6,6,5,0,17,0,0,0,0
83.02343,2,0,2,0,0,0,0,-1,0,5.0000,-1,6,6,5,0,17,0,0,0,0
83.044,2,0,2,0,0,0,0,-1,0,5.0000,-1,6,6,5,0,17,0,0,0,0
83.06237,2,0,2,0,0,0,0,-1,1,6.0000,-1,6,6,5,0,17,0,0,0,0
83.08111,2,0,2,0,0,0,0,-1,0,6.0000,-1,6,6,5,0,17,0,0,0,0
83.11673,2,0,2,0,0,0,0,-1,0,6.0000,-1,6,6,5,0,17,0,0,0,0
83.13039,2,0,2,0,0,0,0,-1,0,6.0000,-1,6,6,5,0,17,0,0,0,0
83.14299,2,0,2,0,0,0,0,-1,0,6.0000,-1,6,6,5,0,17,0,0,0,0
83.16145,2,0,2,0,0,0,0,-1,0,6.0000,-1,6,6,5,0,17,0,0,0,0
83.1814,2,0,2,0,0,0,0,-1,0,5.0000,-1,6,6,5,0,17,0,0,0,0
83.1993,2,0,2,0,0,0,0,-1,0,5.0000,-1,6,6,5,0,17,0,0,0,0
83.21887,2,0,2,0,0,0,0,-1,1,6.0000,-1,6,6,5,0,17,0,0,0,0
83.23708,2,0,2,0,0,0,0,-1,0,6.0000,-1,6,6,5,0,17,0,0,0,0
83.25595,2,0,2,0,0,0,0,-1,0,6.0000,-1,6,6,5,0,17,0,0,0,0
83.27713,2,0,2,1,0,0,0,-1,0,6.0000,-1,6,6,5,0,17,0,0,0,0
83.29522,2,0,2,1,0,0,0,-1,0,6.0000,-1,6,6,5,0,17,0,0,0,0
83.33009,2,0,2,1,0,0,0,-1,0,6.0000,-1,6,6,5,0,17,0,0,0,0
83.34201,2,0,2,1,0,0,0,-1,0,6.0000,-1,6,6,5,0,17,0,0,0,0
83.35528,2,0,2,1,0,0,0,-1,0,6.0000,-1,6,6,5,0,17,0,0,0,0
83.37383,2,0,2,1,0,0,0,-1,0,5.0000,-1,6,6,5,0,17,0,0,0,0
83.39268,2,0,2,1,0,0,0,-1,0,5.0000,-1,6,6,5,0,17,0,0,0,0
83.41235,2,0,2,1,0,0,0,-1,1,6.0000,-1,6,6,5,0,17,0,0,0,0
83.43034,2,0,2,1,0,0,1,87,0,6.0000,-1,6,6,5,0,17,0,0,0,0
83.45023,2,0,2,1,0,0,1,87,0,6.0000,-1,6,6,5,0,17,0,0,0,0
83.4696,2,0,2,1,0,0,1,87,0,6.0000,-1,6,6,5,0,17,0,0,0,0
83.48752,2,0,2,1,0,0,1,87,0,6.0000,-1,6,6,5,0,17,0,0,0,0
83.50776,2,0,2,1,0,0,1,87,0,6.0000,-1,6,6,5,0,17,0,0,0,0
83.52673,2,0,2,1,0,0,1,87,0,6.0000,-1,6,6,5,0,17,0,0,0,0
83.54549,2,0,2,1,0,0,1,87,0,6.0000,-1,6,6,5,0,17,0,0,0,0
83.56479,2,0,2,1,0,0,1,87,0,6.0000,-1,6,6,5,0,17,0,0,0,0
83.58437,2,0,2,1,0,0,1,87,0,5.0000,-1,6,6,5,0,17,0,0,0,0
83.60384,2,0,2,1,0,0,1,87,0,5.0000,-1,6,6,5,0,17,0,0,0,0
83.62328,2,0,2,1,0,0,1,87,0,5.0000,-1,6,6,5,0,17,0,0,0,0
83.64227,2,0,2,1,0,0,1,87,0,5.0000,-1,6,6,5,0,17,0,0,0,0
83.66196,2,0,2,1,0,0,1,87,0,5.0000,-1,6,6,5,0,17,0,0,0,0
83.68146,2,0,2,1,0,0,1,87,0,5.0000,-1,6,6,5,0,17,0,0,0,0
83.69959,2,0,2,1,0,0,1,87,0,5.0000,-1,6,6,5,0,17,0,0,0,0
83.72118,2,0,2,1,0,0,1,87,0,5.0000,-1,6,6,5,0,17,0,0,0,0
83.73952,2,0,2,1,0,0,1,87,0,5.0000,-1,6,6,5,0,17,0,0,0,0
83.75846,2,0,2,1,0,0,1,87,0,4.0000,-1,6,6,5,0,17,0,0,0,0
83.77641,2,0,2,1,0,0,1,87,0,4.0000,-1,6,6,5,0,17,0,0,0,0
83.79546,2,0,2,1,0,0,1,87,1,5.0000,-1,6,6,5,0,17,0,0,0,0
83.81652,2,0,2,1,0,0,1,87,0,5.0000,-1,6,6,5,0,17,0,0,0,0
83.83375,2,0,2,1,0,0,1,87,0,5.0000,-1,6,6,5,0,17,0,0,0,0
83.85424,2,0,2,1,0,0,1,87,0,5.0000,-1,6,6,5,0,17,0,0,0,0
83.87128,2,0,2,1,0,0,1,87,0,5.0000,-1,6,6,5,0,17,0,0,0,0
83.88992,2,0,2,1,0,0,1,87,0,5.0000,-1,6,6,5,0,17,0,0,0,0
83.90928,2,0,2,1,0,0,1,87,0,4.0000,-1,6,6,5,0,17,0,0,0,0
83.92867,3,1,3,1,0,0,0,-1,0,4.0000,87,6,6,6,0,18,0,0,0,0
83.94767,3,0,3,1,0,0,0,-1,0,4.0000,-1,6,6,6,0,18,0,0,0,0
83.96551,3,0,3,1,0,0,0,-1,0,4.0000,-1,6,6,6,0,18,0,0,0,0
83.98507,3,0,3,1,0,0,1,88,0,4.0000,-1,6,6,6,0,18,0,0,0,0
84.00365,3,0,3,1,0,0,1,88,0,4.0000,-1,6,6,6,0,18,0,0,0,0
84.02324,3,0,3,1,0,0,1,88,0,4.0000,-1,6,6,6,0,18,0,0,0,0
84.04433,3,0,3,1,0,0,1,88,1,5.0000,-1,6,6,6,0,18,0,0,0,0
84.06236,3,0,3,1,0,0,0,-1,0,5.0000,-1,6,6,6,0,18,0,0,0,0
84.0826,3,0,3,1,0,0,0,-1,0,4.0000,-1,6,6,6,0,18,0,0,0,0
84.09958,3,0,3,1,0,0,0,-1,0,4.0000,-1,6,6,6,0,18,0,0,0,0
84.12091,3,0,3,1,0,0,0,-1,0,4.0000,-1,6,6,6,0,18,0,0,0,0
84.14079,3,0,3,1,0,0,0,-1,0,4.0000,-1,6,6,6,0,18,0,0,0,0
84.17602,3,0,3,1,0,0,0,-1,0,4.0000,-1,6,6,6,0,18,0,0,0,0
84.18895,3,0,3,1,0,0,0,-1,0,4.0000,-1,6,6,6,0,18,0,0,0,0
84.20219,3,0,3,1,0,0,0,-1,0,4.0000,-1,6,6,6,0,18,0,0,0,0
84.22117,3,0,3,1,0,0,0,-1,0,3.0000,-1,6,6,6,0,18,0,0,0,0
84.24249,3,0,3,1,0,0,0,-1,0,3.0000,-1,6,6,6,0,18,0,0,0,0
84.26167,3,0,3,1,0,0,0,-1,0,3.0000,-1,6,6,6,0,18,0,0,0,0
84.28114,3,0,3,1,0,0,0,-1,1,4.0000,-1,6,6,6,0,18,0,0,0,0
84.30048,3,0,3,1,0,0,0,-1,0,4.0000,-1,6,6,6,0,18,0,0,0,0
84.32252,3,0,3,1,0,0,0,-1,0,4.0000,-1,6,6,6,0,18,0,0,0,0
84.34303,3,0,3,1,0,0,0,-1,0,4.0000,-1,6,6,6,0,18,0,0,0,0
84.382,3,0,3,1,0,0,0,-1,0,4.0000,-1,6,6,6,0,18,0,0,0,0
84.39363,3,0,3,1,0,0,0,-1,0,4.0000,-1,6,6,6,0,18,0,0,0,0
84.40926,3,0,3,1,0,0,0,-1,0,4.0000,-1,6,6,6,0,18,0,0,0,0
84.43096,3,0,3,1,0,0,0,-1,0,3.0000,-1,6,6,6,0,18,0,0,0,0
84.45272,3,0,3,1,0,0,0,-1,0,3.0000,-1,6,6,6,0,18,0,0,0,0
84.47356,3,0,3,1,0,0,0,-1,0,3.0000,-1,6,6,6,0,18,0,0,0,0
84.49524,3,0,3,1,0,0,0,-1,0,3.0000,-1,6,6,6,0,18,0,0,0,0
84.51767,3,0,3,1,0,0,0,-1,1,4.0000,-1,6,6,6,0,18,0,0,0,0
84.54083,3,0,3,1,0,0,0,-1,0,4.0000,-1,6,6,6,0,18,0,0,0,0
84.56518,3,0,3,1,0,0,0,-1,0,4.0000,-1,6,6,6,0,18,0,0,0,0
84.58822,3,0,3,1,0,0,0,-1,0,4.0000,-1,6,6,6,0,18,0,0,0,0
84.61284,3,0,3,1,0,0,0,-1,0,4.0000,-1,6,6,6,0,18,0,0,0,0
84.6357,3,0,3,1,0,0,0,-1,0,4.0000,-1,6,6,6,0,18,0,0,0,0
84.65988,3,0,3,0,0,0,0,-1,0,4.0000,-1,6,6,6,0,18,0,0,0,0
84.68359,3,0,3,0,0,0,0,-1,0,4.0000,-1,6,6,6,0,18,0,0,0,0
84.70737,3,0,3,0,0,0,0,-1,0,4.0000,-1,6,6,6,0,18,0,0,0,0
84.73227,3,0,3,0,0,0,0,-1,0,4.0000,-1,6,6,6,0,18,0,0,0,0
84.75609,3,0,3,0,0,0,0,-1,1,5.0000,-1,6,6,6,0,18,0,0,0,0
84.78072,3,0,3,0,0,0,0,-1,0,5.0000,-1,6,6,6,0,18,0,0,0,0
84.82416,3,0,3,0,0,0,0,-1,0,4.0000,-1,6,6,6,0,18,0,0,0,0
84.8354,3,0,3,0,0,0,0,-1,0,4.0000,-1,6,6,6,0,18,0,0,0,0
84.85349,3,0,3,0,0,0,0,-1,0,4.0000,-1,6,6,6,0,18,0,0,0,0
84.87722,3,0,3,0,0,0,0,-1,0,4.0000,-1,6,6,6,0,18,0,0,0,0
84.9004,3,0,3,0,0,0,0,-1,0,4.0000,-1,6,6,6,0,18,0,0,0,0
84.92386,3,0,3,0,0,0,0,-1,0,4.0000,-1,6,6,6,0,18,0,0,0,0
84.94675,3,0,3,0,0,0,0,-1,0,4.0000,-1,6,6,6,0,18,0,0,0,0
84.97016,3,0,3,0,0,0,0,-1,0,4.0000,-1,6,6,6,0,18,0,0,0,0
84.99255,3,0,3,0,0,0,0,-1,1,5.0000,-1,6,6,6,0,18,0,0,0,0
85.03552,3,0,3,0,0,0,0,-1,0,5.0000,-1,6,6,6,0,18,0,0,0,0
85.04648,3,0,3,0,0,0,0,-1,0,4.0000,-1,6,6,6,0,18,0,0,0,0
85.06419,3,0,3,0,0,0,0,-1,0,4.0000,-1,6,6,6,0,18,0,0,0,0
85.08711,3,0,3,0,0,0,0,-1,0,4.0000,-1,6,6,6,0,18,0,0,0,0
85.11028,3,0,3,0,0,0,0,-1,0,4.0000,-1,6,6,6,0,18,0,0,0,0
85.13422,3,0,3,0,0,0,0,-1,0,4.0000,-1,6,6,6,0,18,0,0,0,0
85.15667,3,0,3,0,0,0,0,-1,0,4.0000,-1,6,6,6,0,18,0,0,0,0
85.18074,3,0,3,0,0,0,0,-1,0,4.0000,-1,6,6,6,0,18,0,0,0,0
85.20308,3,0,3,0,0,0,0,-1,0,4.0000,-1,6,6,6,0,18,0,0,0,0
85.22533,3,0,3,0,0,0,0,-1,0,4.0000,-1,6,6,6,0,18,0,0,0,0
85.24816,3,0,3,0,0,0,0,-1,0,4.0000,-1,6,6,6,0,18,0,0,0,0
85.27119,3,0,3,0,0,0,0,-1,0,4.0000,-1,6,6,6,0,18,0,0,0,0
85.29384,3,0,3,0,0,0,1,91,0,3.0000,-1,6,6,6,0,18,0,0,0,0
85.31629,3,0,3,0,0,0,1,91,1,4.0000,-1,6,6,6,0,18,0,0,0,0
85.3399,3,0,3,0,0,0,1,91,0,4.0000,-1,6,6,6,0,18,0,0,0,0
85.36202,3,0,3,0,0,0,1,91,0,4.0000,-1,6,6,6,0,18,0,0,0,0
85.38484,3,0,3,0,0,0,1,91,0,4.0000,-1,6,6,6,0,18,0,0,0,0
85.40786,3,0,3,0,0,0,1,91,0,4.0000,-1,6,6,6,0,18,0,0,0,0
85.43217,3,0,3,0,0,0,1,91,0,4.0000,-1,6,6,6,0,18,0,0,0,0
85.45466,3,0,3,0,0,0,1,91,0,4.0000,-1,6,6,6,0,18,0,0,0,0
85.47791,3,0,3,0,0,0,1,91,0,4.0000,-1,6,6,6,0,18,0,0,0,0
85.50066,3,0,3,0,0,0,0,-1,0,4.0000,-1,6,6,6,0,18,0,0,0,0
85.5251,3,0,3,0,0,0,0,-1,1,4.0000,-1,6,6,6,0,18,0,0,0,0
85.54703,3,0,3,0,0,0,0,-1,0,4.0000,-1,6,6,6,0,18,0,0,0,0
85.57069,3,0,3,0,0,0,0,-1,0,4.0000,-1,6,6,6,0,18,0,0,0,0
85.59364,3,0,3,0,0,0,1,92,0,4.0000,-1,6,6,6,0,18,0,0,0,0
85.61753,3,0,3,0,0,0,1,92,0,4.0000,-1,6,6,6,0,18,0,0,0,0
85.66083,3,0,3,0,0,0,1,92,0,4.0000,-1,6,6,6,0,18,0,0,0,0
85.6722,3,0,3,0,0,0,1,92,0,4.0000,-1,6,6,6,0,18,0,0,0,0
85.69002,3,0,3,0,0,0,0,-1,0,4.0000,-1,6,6,6,0,18,0,0,0,0
85.71368,3,0,3,0,0,0,0,-1,0,4.0000,-1,6,6,6,0,18,0,0,0,0
85.737,3,0,3,0,0,0,0,-1,0,4.0000,-1,6,6,6,0,18,0,0,0,0
85.76116,3,0,3,0,0,0,0,-1,0,3.0000,-1,6,6,6,0,18,0,0,0,0
85.78425,3,0,3,0,0,0,0,-1,0,3.0000,-1,6,6,6,0,18,0,0,0,0
85.80947,3,0,3,0,0,0,0,-1,1,4.0000,-1,6,6,6,0,18,0,0,0,0
85.83398,3,0,3,0,0,0,0,-1,0,4.0000,-1,6,6,6,0,18,0,0,0,0
85.87873,3,0,3,0,0,0,0,-1,0,4.0000,-1,6,6,6,0,18,0,0,0,0
85.88943,3,0,3,0,0,0,0,-1,0,4.0000,-1,6,6,6,0,18,0,0,0,0
85.90602,3,0,3,0,0,0,0,-1,0,4.0000,-1,6,6,6,0,18,0,0,0,0
85.93007,3,0,3,0,0,0,0,-1,0,4.0000,-1,6,6,6,0,18,0,0,0,0
85.9534,3,0,3,0,0,0,0,-1,1,5.0000,-1,6,6,6,0,18,0,0,0,0
85.978,3,0,3,0,0,0,0,-1,0,5.0000,-1,6,6,6,0,18,0,0,0,0
86.00133,3,0,3,0,0,0,0,-1,0,4.0000,-1,6,6,6,0,18,0,0,0,0
86.02492,3,0,3,0,0,0,0,-1,0,4.0000,-1,6,6,6,0,18,0,0,0,0
86.04804,3,0,3,0,0,0,0,-1,0,4.0000,-1,6,6,6,0,18,0,0,0,0
86.09172,3,0,3,0,0,0,0,-1,0,4.0000,-1,6,6,6,0,18,0,0,0,0
86.10235,3,0,3,0,0,0,0,-1,0,4.0000,-1,6,6,6,0,18,0,0,0,0
86.12132,3,0,3,0,0,0,0,-1,0,4.0000,-1,6,6,6,0,18,0,0,0,0
86.14477,3,0,3,0,0,0,0,-1,0,4.0000,-1,6,6,6,0,18,0,0,0,0
86.16833,3,0,3,0,0,0,0,-1,0,4.0000,-1,6,6,6,0,18,0,0,0,0
86.19214,3,0,3,0,0,0,0,-1,0,4.0000,-1,6,6,6,0,18,0,0,0,0
86.21582,3,0,3,0,0,0,0,-1,0,4.0000,-1,6,6,6,0,18,0,0,0,0
86.24209,3,0,3,0,0,0,0,-1,0,4.0000,-1,6,6,6,0,18,0,0,0,0
86.26517,3,0,3,0,0,0,0,-1,0,4.0000,-1,6,6,6,0,18,0,0,0,0
86.2897,3,0,3,0,0,0,0,-1,0,4.0000,-1,6,6,6,0,18,0,0,0,0
86.31322,3,0,3,0,0,0,0,-1,1,5.0000,-1,6,6,6,0,18,0,0,0,0
86.33678,3,0,3,0,0,0,0,-1,0,4.0000,-1,6,6,6,0,18,0,0,0,0
86.36078,3,0,3,0,0,0,0,-1,0,4.0000,-1,6,6,6,0,18,0,0,0,0
86.38433,3,0,3,0,0,0,0,-1,0,4.0000,-1,6,6,6,0,18,0,0,0,0
86.40825,3,0,3,0,0,0,0,-1,0,4.0000,-1,6,6,6,0,18,0,0,0,0
86.43224,3,0,3,0,0,0,0,-1,0,4.0000,-1,6,6,6,0,18,0,0,0,0
86.45674,3,0,3,0,0,0,0,-1,0,4.0000,-1,6,6,6,0,18,0,0,0,0
86.47984,3,0,3,0,0,0,0,-1,0,4.0000,-1,6,6,6,0,18,0,0,0,0
86.5032,3,0,3,0,0,0,0,-1,0,4.0000,-1,6,6,6,0,18,0,0,0,0
86.5269,3,0,3,0,0,0,0,-1,0,3.0000,-1,6,6,6,0,18,0,0,0,0
86.55069,3,0,3,0,0,0,0,-1,0,3.0000,-1,6,6,6,0,18,0,0,0,0
86.57492,3,0,3,0,0,0,0,-1,0,3.0000,-1,6,6,6,0,18,0,0,0,0
86.59859,3,0,3,0,0,0,0,-1,1,4.0000,-1,6,6,6,0,18,0,0,0,0
86.62234,3,0,3,0,0,0,0,-1,0,4.0000,-1,6,6,6,0,18,0,0,0,0
86.64635,3,0,3,0,0,0,0,-1,0,4.0000,-1,6,6,6,0,18,0,0,0,0
86.67023,3,0,3,0,0,0,0,-1,0,4.0000,-1,6,6,6,0,18,0,0,0,0
86.69372,3,0,3,0,0,0,0,-1,0,4.0000,-1,6,6,6,0,18,0,0,0,0
86.71751,3,0,3,0,0,0,0,-1,0,4.0000,-1,6,6,6,0,18,0,0,0,0
86.74242,3,0,3,0,0,0,0,-1,0,4.0000,-1,6,6,6,0,18,0,0,0,0
86.76577,3,0,3,0,0,0,0,-1,0,4.0000,-1,6,6,6,0,18,0,0,0,0
86.79044,3,0,3,0,0,0,0,-1,0,4.0000,-1,6,6,6,0,18,0,0,0,0
86.81436,3,0,3,0,0,0,0,-1,0,3.0000,-1,6,6,6,0,18,0,0,0,0
86.83822,3,0,3,0,0,0,0,-1,0,3.0000,-1,6,6,6,0,18,0,0,0,0
86.86221,3,0,3,0,0,0,0,-1,0,3.0000,-1,6,6,6,0,18,0,0,0,0
86.88564,3,0,3,0,0,0,0,-1,0,3.0000,-1,6,6,6,0,18,0,0,0,0
86.90984,3,0,3,0,0,0,0,-1,0,3.0000,-1,6,6,6,0,18,0,0,0,0
86.93392,3,0,3,0,0,0,0,-1,0,3.0000,-1,6,6,6,0,18,0,0,0,0
86.95729,3,0,3,0,0,0,0,-1,0,2.0000,-1,6,6,6,0,18,0,0,0,0
86.98085,3,0,3,0,0,0,0,-1,0,2.0000,-1,6,6,6,0,18,0,0,0,0
87.00421,3,0,3,0,0,0,1,95,0,2.0000,-1,6,6,6,0,18,0,0,0,0
87.02813,3,0,3,0,0,0,1,95,0,2.0000,-1,6,6,6,0,18,0,0,0,0
87.05196,3,0,3,0,0,0,1,95,0,2.0000,-1,6,6,6,0,18,0,0,0,0
87.07555,3,0,3,0,0,0,1,95,0,2.0000,-1,6,6,6,0,18,0,0,0,0
87.09921,3,0,3,0,0,0,1,95,0,2.0000,-1,6,6,6,0,18,0,0,0,0
87.12303,3,0,3,0,0,0,1,95,0,2.0000,-1,6,6,6,0,18,0,0,0,0
87.14656,3,0,3,0,0,0,1,95,0,2.0000,-1,6,6,6,0,18,0,0,0,0
87.17192,3,0,3,0,0,0,1,95,0,2.0000,-1,6,6,6,0,18,0,0,0,0
87.1947,3,0,3,0,0,0,1,95,0,2.0000,-1,6,6,6,0,18,0,0,0,0
87.21923,3,0,3,0,0,0,1,95,0,2.0000,-1,6,6,6,0,18,0,0,0,0
87.2439,3,0,3,0,0,0,1,95,0,2.0000,-1,6,6,6,0,18,0,0,0,0
87.26859,3,0,3,0,0,0,1,95,0,2.0000,-1,6,6,6,0,18,0,0,0,0
87.29255,3,0,3,0,0,0,1,95,0,2.0000,-1,6,6,6,0,18,0,0,0,0
87.31588,3,0,3,0,0,0,1,95,0,1.0000,-1,6,6,6,0,18,0,0,0,0
87.34029,3,0,3,0,0,0,1,95,1,2.0000,-1,6,6,6,0,18,0,0,0,0
87.38548,3,0,3,0,0,0,1,95,0,2.0000,-1,6,6,6,0,18,0,0,0,0
87.39668,3,0,3,0,0,0,0,-1,0,2.0000,-1,6,6,6,0,18,0,0,0,0
87.41444,3,0,3,0,0,0,0,-1,0,2.0000,-1,6,6,6,0,18,0,0,0,0
87.43872,3,0,3,0,0,0,0,-1,0,2.0000,-1,6,6,6,0,18,0,0,0,0
87.46346,3,0,3,0,0,0,0,-1,0,2.0000,-1,6,6,6,0,18,0,0,0,0
87.48808,3,0,3,0,0,0,0,-1,0,2.0000,95,6,6,7,0,19,0,0,0,0
87.5124,3,0,3,0,0,0,0,-1,0,2.0000,-1,6,6,7,0,19,0,0,0,0
87.5363,3,0,3,0,0,0,0,-1,0,2.0000,-1,6,6,7,0,19,0,0,0,0
87.56186,3,0,3,0,0,0,0,-1,0,2.0000,-1,6,6,7,0,19,0,0,0,0
87.60794,3,0,3,0,0,0,0,-1,0,1.0000,-1,6,6,7,0,19,0,0,0,0
87.6192,3,0,3,0,0,0,0,-1,0,1.0000,-1,6,6,7,0,19,0,0,0,0
87.63741,3,0,3,0,0,0,0,-1,0,1.0000,-1,6,6,7,0,19,0,0,0,0
87.66176,3,0,3,0,0,0,0,-1,0,1.0000,-1,6,6,7,0,19,0,0,0,0
87.68633,3,0,3,0,0,0,0,-1,0,1.0000,-1,6,6,7,0,19,0,0,0,0
87.71126,3,0,3,0,0,0,0,-1,0,1.0000,-1,6,6,7,0,19,0,0,0,0
87.73588,3,0,3,0,0,0,0,-1,0,1.0000,-1,6,6,7,0,19,0,0,0,0
87.76077,3,0,3,1,0,0,0,-1,0,1.0000,-1,6,6,7,0,19,0,0,0,0
87.78533,3,0,3,1,0,0,0,-1,0,1.0000,-1,6,6,7,0,19,0,0,0,0
87.8318,3,0,3,1,0,0,0,-1,0,1.0000,-1,6,6,7,0,19,0,0,0,0
87.84388,3,0,3,1,0,0,0,-1,0,1.0000,-1,6,6,7,0,19,0,0,0,0
87.86201,3,0,3,1,0,0,0,-1,0,1.0000,-1,6,6,7,0,19,0,0,0,0
87.89,3,0,3,1,0,0,0,-1,0,1.0000,-1,6,6,7,0,19,0,0,0,0
87.91428,3,0,3,1,0,0,0,-1,0,1.0000,-1,6,6,7,0,19,0,0,0,0
87.9389,3,0,3,1,0,0,0,-1,0,1.0000,-1,6,6,7,0,19,0,0,0,0
87.96398,3,0,3,1,0,0,0,-1,0,1.0000,-1,6,6,7,0,19,0,0,0,0
87.98943,3,0,3,1,0,0,0,-1,0,1.0000,-1,6,6,7,0,19,0,0,0,0
88.01485,3,0,3,1,0,0,0,-1,0,1.0000,-1,6,6,7,0,19,0,0,0,0
88.04025,3,0,3,1,0,0,0,-1,0,1.0000,-1,6,6,7,0,19,0,0,0,0
88.06496,3,0,3,1,0,0,0,-1,1,2.0000,-1,6,6,7,0,19,0,0,0,0
88.09039,3,0,3,1,0,0,0,-1,0,2.0000,-1,6,6,7,0,19,0,0,0,0
88.11452,3,0,3,1,0,0,0,-1,0,2.0000,-1,6,6,7,0,19,0,0,0,0
88.13912,3,0,3,1,0,0,0,-1,0,2.0000,-1,6,6,7,0,19,0,0,0,0
88.16378,3,0,3,1,0,0,0,-1,0,2.0000,-1,6,6,7,0,19,0,0,0,0
88.18874,3,0,3,1,0,0,0,-1,0,2.0000,-1,6,6,7,0,19,0,0,0,0
88.21337,3,0,3,1,0,0,0,-1,0,2.0000,-1,6,6,7,0,19,0,0,0,0
88.23635,3,0,3,1,0,0,0,-1,0,2.0000,-1,6,6,7,0,19,0,0,0,0
88.2605,3,0,3,1,0,0,0,-1,0,2.0000,-1,6,6,7,0,19,0,0,0,0
88.28372,3,0,3,1,0,0,0,-1,0,2.0000,-1,6,6,7,0,19,0,0,0,0
88.30719,3,0,3,1,0,0,0,-1,0,2.0000,-1,6,6,7,0,19,0,0,0,0
88.33007,3,0,3,1,0,0,0,-1,0,2.0000,-1,6,6,7,0,19,0,0,0,0
88.35321,3,0,3,1,0,0,0,-1,0,1.0000,-1,6,6,7,0,19,0,0,0,0
88.37553,3,0,3,1,0,0,0,-1,0,1.0000,-1,6,6,7,0,19,0,0,0,0
88.39895,3,0,3,1,0,0,0,-1,0,1.0000,-1,6,6,7,0,19,0,0,0,0
88.4209,3,0,3,1,0,0,0,-1,0,1.0000,-1,6,6,7,0,19,0,0,0,0
88.4421,3,0,3,1,0,0,0,-1,0,1.0000,-1,6,6,7,0,19,0,0,0,0
88.46423,3,0,3,1,1,0,0,-1,0,1.0000,-1,6,6,7,0,19,0,0,0,0
88.48431,3,0,3,1,1,0,0,-1,0,1.0000,-1,6,6,7,0,19,0,0,0,0
88.5042,3,0,3,1,1,0,0,-1,0,1.0000,-1,6,6,7,0,19,0,0,0,0
88.52609,3,0,3,1,1,0,0,-1,0,1.0000,-1,6,6,7,0,19,0,0,0,0
88.54375,3,0,3,1,1,0,0,-1,0,1.0000,-1,6,6,7,0,19,0,0,0,0
88.56568,3,0,3,1,1,0,0,-1,0,1.0000,-1,6,6,7,0,19,0,0,0,0
88.58529,3,0,3,1,1,0,0,-1,0,1.0000,-1,6,6,7,0,19,0,0,0,0
88.60432,3,0,3,1,1,0,0,-1,0,1.0000,-1,6,6,7,0,19,0,0,0,0
88.62284,3,0,3,1,1,0,1,96,0,1.0000,-1,6,6,7,0,19,0,0,0,0
88.64371,3,0,3,1,1,0,1,96,0,1.0000,-1,6,6,7,0,19,0,0,0,0
88.66389,3,0,3,1,1,0,1,96,0,1.0000,-1,6,6,7,0,19,0,0,0,0
88.68429,3,0,3,1,1,0,1,96,0,1.0000,-1,6,6,7,0,19,0,0,0,0
88.70364,3,0,3,1,1,0,1,96,0,1.0000,-1,6,6,7,0,19,0,0,0,0
88.72211,3,0,3,1,1,0,0,-1,0,1.0000,-1,6,6,7,0,19,0,0,0,0
88.74319,3,0,3,1,1,0,0,-1,0,1.0000,-1,6,6,7,0,19,0,0,0,0
88.76414,3,0,3,1,1,0,0,-1,0,1.0000,-1,6,6,7,0,19,0,0,0,0
88.7831,3,0,3,1,1,0,0,-1,0,1.0000,-1,6,6,7,0,19,0,0,0,0
88.80505,3,0,3,1,1,0,0,-1,1,2.0000,-1,6,6,7,0,19,0,0,0,0
88.82291,3,0,3,1,1,0,0,-1,0,2.0000,-1,6,6,7,0,19,0,0,0,0
88.86382,3,0,3,1,1,0,0,-1,0,2.0000,-1,6,6,7,0,19,0,0,0,0
88.87499,3,0,3,1,1,0,0,-1,0,2.0000,-1,6,6,7,0,19,0,0,0,0
88.89037,3,0,3,1,1,0,0,-1,0,2.0000,-1,6,6,7,0,19,0,0,0,0
88.91125,3,0,3,1,1,0,0,-1,0,2.0000,-1,6,6,7,0,19,0,0,0,0
88.93217,3,0,3,1,1,0,0,-1,1,3.0000,-1,6,6,7,0,19,0,0,0,0
88.95262,3,0,3,1,1,0,1,97,0,3.0000,-1,6,6,7,0,19,0,0,0,0
88.97246,3,0,3,1,1,0,1,97,0,3.0000,-1,6,6,7,0,19,0,0,0,0
88.99287,3,0,3,1,1,0,1,97,0,3.0000,-1,6,6,7,0,19,0,0,0,0
89.01189,3,0,3,1,1,0,1,97,0,3.0000,-1,6,6,7,0,19,0,0,0,0
89.03285,3,0,3,1,0,0,1,97,0,3.0000,-1,6,6,7,0,19,0,0,0,0
89.05387,3,0,3,1,0,0,1,96,0,3.0000,-1,6,6,7,0,19,0,0,0,0
89.07368,3,0,3,1,0,0,0,-1,0,2.0000,-1,6,6,7,0,19,0,0,0,0
89.09383,3,0,3,1,0,0,0,-1,0,2.0000,-1,6,6,7,0,19,0,0,0,0
89.1149,3,0,3,1,0,0,0,-1,0,2.0000,-1,6,6,7,0,19,0,0,0,0
89.13477,3,0,3,1,0,0,0,-1,0,2.0000,97,6,6,8,0,20,0,0,0,0
89.15552,3,0,3,1,0,0,0,-1,0,2.0000,-1,6,6,8,0,20,0,0,0,0
89.17773,3,0,3,1,0,0,0,-1,0,2.0000,-1,6,6,8,0,20,0,0,0,0
89.19802,3,0,3,0,0,0,0,-1,0,2.0000,-1,6,6,8,0,20,0,0,0,0
89.21963,3,0,3,0,0,0,0,-1,0,2.0000,-1,6,6,8,0,20,0,0,0,0
89.23931,3,0,3,0,0,0,0,-1,0,2.0000,-1,6,6,8,0,20,0,0,0,0
89.27754,3,0,3,0,0,0,0,-1,0,2.0000,-1,6,6,8,0,20,0,0,0,0
89.29332,3,0,3,0,0,0,0,-1,1,3.0000,-1,6,6,8,0,20,0,0,0,0
89.30656,3,0,3,0,0,0,0,-1,0,3.0000,-1,6,6,8,0,20,0,0,0,0
89.32388,3,0,3,0,0,0,0,-1,0,3.0000,-1,6,6,8,0,20,0,0,0,0
89.345,3,0,3,0,0,0,0,-1,0,3.0000,-1,6,6,8,0,20,0,0,0,0
89.36906,3,0,3,0,0,0,0,-1,0,3.0000,-1,6,6,8,0,20,0,0,0,0
89.38892,3,0,3,0,0,0,0,-1,1,4.0000,-1,6,6,8,0,20,0,0,0,0
89.40881,3,0,3,0,0,0,0,-1,0,4.0000,-1,6,6,8,0,20,0,0,0,0
89.42999,3,0,3,0,0,0,0,-1,0,4.0000,-1,6,6,8,0,20,0,0,0,0
89.44673,3,0,3,0,0,0,0,-1,0,4.0000,-1,6,6,8,0,20,0,0,0,0
89.48754,3,0,3,0,0,0,0,-1,0,4.0000,-1,6,6,8,0,20,0,0,0,0
89.49966,3,0,3,0,0,0,0,-1,0,4.0000,-1,6,6,8,0,20,0,0,0,0
89.51273,3,0,3,0,0,0,0,-1,0,4.0000,-1,6,6,8,0,20,0,0,0,0
89.53493,3,0,3,0,0,0,0,-1,0,4.0000,-1,6,6,8,0,20,0,0,0,0
89.55495,3,0,3,0,0,0,0,-1,0,4.0000,-1,6,6,8,0,20,0,0,0,0
89.57501,3,0,3,0,0,0,0,-1,0,4.0000,-1,6,6,8,0,20,0,0,0,0
89.59525,3,0,3,0,0,0,0,-1,0,4.0000,-1,6,6,8,0,20,0,0,0,0
89.61707,3,0,3,0,0,0,0,-1,0,4.0000,-1,6,6,8,0,20,0,0,0,0
89.63737,3,0,3,0,0,0,0,-1,0,4.0000,-1,6,6,8,0,20,0,0,0,0
89.65777,3,0,3,0,0,0,0,-1,0,4.0000,-1,6,6,8,0,20,0,0,0,0
89.67859,3,0,3,0,0,0,0,-1,0,4.0000,-1,6,6,8,0,20,0,0,0,0
89.69971,3,0,3,0,0,0,0,-1,0,4.0000,-1,6,6,8,0,20,0,0,0,0
89.71906,3,0,3,0,0,0,0,-1,0,4.0000,-1,6,6,8,0,20,0,0,0,0
89.73871,3,0,3,0,0,0,0,-1,1,5.0000,-1,6,6,8,0,20,0,0,0,0
89.75985,3,0,3,0,0,0,0,-1,0,5.0000,-1,6,6,8,0,20,0,0,0,0
89.78065,3,0,3,0,0,0,0,-1,0,5.0000,-1,6,6,8,0,20,0,0,0,0
89.80179,3,0,3,0,0,0,0,-1,0,5.0000,-1,6,6,8,0,20,0,0,0,0
89.82246,3,0,3,0,0,0,0,-1,0,4.0000,-1,6,6,8,0,20,0,0,0,0
89.84309,3,0,3,0,0,0,0,-1,0,4.0000,-1,6,6,8,0,20,0,0,0,0
89.86396,3,0,3,0,0,0,0,-1,0,4.0000,-1,6,6,8,0,20,0,0,0,0
89.88354,3,0,3,0,0,0,0,-1,0,4.0000,-1,6,6,8,0,20,0,0,0,0
89.90573,3,0,3,0,0,0,0,-1,0,4.0000,-1,6,6,8,0,20,0,0,0,0
89.92756,3,0,3,0,0,0,0,-1,0,4.0000,-1,6,6,8,0,20,0,0,0,0
89.94787,3,0,3,0,0,0,0,-1,0,3.0000,-1,6,6,8,0,20,0,0,0,0
89.96814,3,0,3,0,0,0,0,-1,0,3.0000,-1,6,6,8,0,20,0,0,0,0
89.99014,3,0,3,0,0,0,1,101,0,3.0000,-1,6,6,8,0,20,0,0,0,0
90.01185,3,0,3,0,0,0,1,101,0,3.0000,-1,6,6,8,0,20,0,0,0,0
90.031,3,0,3,0,0,0,1,101,0,3.0000,-1,6,6,8,0,20,0,0,0,0
90.04971,3,0,3,0,0,0,1,101,0,3.0000,-1,6,6,8,0,20,0,0,0,0
90.06918,3,0,3,0,0,0,1,101,0,3.0000,-1,6,6,8,0,20,0,0,0,0
90.09052,3,0,3,0,0,0,1,101,0,3.0000,-1,6,6,8,0,20,0,0,0,0
90.11168,3,0,3,0,0,0,1,101,0,3.0000,-1,6,6,8,0,20,0,0,0,0
90.1336,3,0,3,0,0,0,1,101,0,3.0000,-1,6,6,8,0,20,0,0,0,0
90.1533,3,0,3,0,0,0,1,101,0,3.0000,-1,6,6,8,0,20,0,0,0,0
90.17385,3,0,3,0,0,0,1,101,0,3.0000,-1,6,6,8,0,20,0,0,0,0
90.19485,3,0,3,0,0,0,1,101,0,3.0000,-1,6,6,8,0,20,0,0,0,0
90.21561,3,0,3,0,0,0,1,101,0,3.0000,-1,6,6,8,0,20,0,0,0,0
90.23563,3,0,3,0,0,0,1,101,0,3.0000,-1,6,6,8,0,20,0,0,0,0
90.25626,3,0,3,0,0,0,1,101,0,3.0000,-1,6,6,8,0,20,0,0,0,0
90.27752,3,0,3,0,0,0,1,101,0,3.0000,-1,6,6,8,0,20,0,0,0,0
90.31653,3,0,3,0,0,0,1,101,0,2.0000,-1,6,6,8,0,20,0,0,0,0
90.32797,3,0,3,0,0,0,1,101,0,2.0000,-1,6,6,8,0,20,0,0,0,0
90.3427,3,0,3,0,0,0,1,101,0,2.0000,-1,6,6,8,0,20,0,0,0,0
90.3642,3,0,3,0,0,0,1,101,0,2.0000,-1,6,6,8,0,20,0,0,0,0
90.38453,3,0,3,0,0,0,1,101,0,2.0000,-1,6,6,8,0,20,0,0,0,0
90.4053,3,0,3,0,0,0,1,101,0,1.0000,-1,6,6,8,0,20,0,0,0,0
90.42625,3,0,3,0,0,0,1,101,0,1.0000,-1,6,6,8,0,20,0,0,0,0
90.44644,3,0,3,0,0,0,1,101,0,1.0000,-1,6,6,8,0,20,0,0,0,0
90.4691,3,0,3,0,0,0,1,101,0,1.0000,-1,6,6,8,0,20,0,0,0,0
90.48953,3,0,3,0,0,0,1,101,1,2.0000,-1,6,6,8,0,20,0,0,0,0
90.51041,3,0,3,0,0,0,1,101,0,2.0000,-1,6,6,8,0,20,0,0,0,0
90.53075,3,0,3,0,0,0,1,101,0,2.0000,-1,6,6,8,0,20,0,0,0,0
90.55209,3,0,3,0,0,0,1,101,0,2.0000,-1,6,6,8,0,20,0,0,0,0
90.57265,3,0,3,0,0,0,0,-1,0,2.0000,-1,6,6,8,0,20,0,0,0,0
90.59427,3,0,3,0,0,0,0,-1,0,2.0000,-1,6,6,8,0,20,0,0,0,0
90.61331,3,0,3,0,0,0,0,-1,0,2.0000,-1,6,6,8,0,20,0,0,0,0
90.63522,3,0,3,0,0,0,0,-1,0,2.0000,-1,6,6,8,0,20,0,0,0,0
90.65657,3,0,3,0,0,0,0,-1,0,2.0000,101,6,6,9,0,21,0,0,0,0
90.6766,3,0,3,0,0,0,0,-1,0,2.0000,-1,6,6,9,0,21,0,0,0,0
90.69865,3,0,3,0,0,0,0,-1,0,2.0000,-1,6,6,9,0,21,0,0,0,0
90.73786,3,0,3,0,0,0,0,-1,0,2.0000,-1,6,6,9,0,21,0,0,0,0
90.74974,3,0,3,0,0,0,0,-1,0,1.0000,-1,6,6,9,0,21,0,0,0,0
90.76484,3,0,3,0,0,0,0,-1,0,1.0000,-1,6,6,9,0,21,0,0,0,0
90.78697,3,0,3,0,0,0,0,-1,0,1.0000,-1,6,6,9,0,21,0,0,0,0
90.80821,3,0,3,0,0,0,0,-1,1,2.0000,-1,6,6,9,0,21,0,0,0,0
90.82945,3,0,3,0,0,0,0,-1,0,2.0000,-1,6,6,9,0,21,0,0,0,0
90.85153,3,0,3,0,0,0,0,-1,0,2.0000,-1,6,6,9,0,21,0,0,0,0
90.87262,3,0,3,0,0,0,0,-1,0,2.0000,-1,6,6,9,0,21,0,0,0,0
90.89364,3,0,3,0,0,0,0,-1,0,2.0000,-1,6,6,9,0,21,0,0,0,0
90.91467,3,0,3,0,0,0,0,-1,0,2.0000,-1,6,6,9,0,21,0,0,0,0
90.93453,3,0,3,0,0,0,0,-1,0,2.0000,-1,6,6,9,0,21,0,0,0,0
90.95618,3,0,3,0,0,0,0,-1,0,2.0000,-1,6,6,9,0,21,0,0,0,0
90.97662,3,0,3,0,0,0,0,-1,0,2.0000,-1,6,6,9,0,21,0,0,0,0
90.99763,3,0,3,0,0,0,0,-1,0,2.0000,-1,6,6,9,0,21,0,0,0,0
91.01861,3,0,3,0,0,0,0,-1,0,2.0000,-1,6,6,9,0,21,0,0,0,0
91.0404,3,0,3,0,0,0,0,-1,1,3.0000,-1,6,6,9,0,21,0,0,0,0
91.06126,3,0,3,0,0,0,0,-1,0,3.0000,-1,6,6,9,0,21,0,0,0,0
91.08163,3,0,3,0,0,0,0,-1,0,3.0000,-1,6,6,9,0,21,0,0,0,0
91.10307,3,0,3,0,0,0,0,-1,0,3.0000,-1,6,6,9,0,21,0,0,0,0
91.1241,3,0,3,0,0,0,0,-1,0,3.0000,-1,6,6,9,0,21,0,0,0,0
91.14573,3,0,3,0,0,0,0,-1,0,3.0000,-1,6,6,9,0,21,0,0,0,0
91.16608,3,0,3,0,0,0,0,-1,0,3.0000,-1,6,6,9,0,21,0,0,0,0
91.18767,3,0,3,0,0,0,0,-1,0,3.0000,-1,6,6,9,0,21,0,0,0,0
91.2076,3,0,3,0,0,0,0,-1,0,3.0000,-1,6,6,9,0,21,0,0,0,0
91.22761,3,0,3,0,0,0,0,-1,0,3.0000,-1,6,6,9,0,21,0,0,0,0
91.24829,3,0,3,0,0,0,0,-1,0,3.0000,-1,6,6,9,0,21,0,0,0,0
91.26862,3,0,3,0,0,0,0,-1,0,3.0000,-1,6,6,9,0,21,0,0,0,0
91.2918,3,0,3,0,0,0,0,-1,0,3.0000,-1,6,6,9,0,21,0,0,0,0
91.31262,3,0,3,0,0,0,0,-1,0,3.0000,-1,6,6,9,0,21,0,0,0,0
91.33183,3,0,3,0,0,0,0,-1,0,3.0000,-1,6,6,9,0,21,0,0,0,0
91.37244,3,0,3,0,0,0,0,-1,0,3.0000,-1,6,6,9,0,21,0,0,0,0
91.38478,3,0,3,0,0,0,1,104,0,3.0000,-1,6,6,9,0,21,0,0,0,0
91.39823,3,0,3,0,0,0,1,104,0,3.0000,-1,6,6,9,0,21,0,0,0,0
91.42045,3,0,3,0,0,0,0,-1,1,4.0000,-1,6,6,9,0,21,0,0,0,0
91.44067,3,0,3,0,0,0,0,-1,0,4.0000,-1,6,6,9,0,21,0,0,0,0
91.46107,3,0,3,0,0,0,1,102,0,4.0000,-1,6,6,9,0,21,0,0,0,0
91.48241,3,0,3,0,0,0,1,102,0,4.0000,-1,6,6,9,0,21,0,0,0,0
91.50362,3,0,3,0,0,0,1,102,0,3.0000,-1,6,6,9,0,21,0,0,0,0
91.52496,3,0,3,0,0,0,1,102,0,3.0000,-1,6,6,9,0,21,0,0,0,0
91.54521,3,0,3,0,0,0,1,102,0,3.0000,-1,6,6,9,0,21,0,0,0,0
91.58418,3,0,3,0,0,0,1,102,0,3.0000,-1,6,6,9,0,21,0,0,0,0
91.59557,3,0,3,0,0,0,1,102,0,3.0000,-1,6,6,9,0,21,0,0,0,0
91.61108,3,0,3,0,0,0,1,102,1,4.0000,-1,6,6,9,0,21,0,0,0,0
91.63261,3,0,3,0,0,0,1,102,0,4.0000,-1,6,6,9,0,21,0,0,0,0
91.65313,3,0,3,0,0,0,1,102,0,4.0000,-1,6,6,9,0,21,0,0,0,0
91.67457,3,0,3,0,0,0,1,102,0,4.0000,-1,6,6,9,0,21,0,0,0,0
91.69397,3,0,3,0,0,0,1,102,0,4.0000,-1,6,6,9,0,21,0,0,0,0
91.71463,3,0,3,0,0,0,1,102,0,4.0000,-1,6,6,9,0,21,0,0,0,0
91.73577,3,0,3,0,0,0,1,102,0,4.0000,-1,6,6,9,0,21,0,0,0,0
91.7571,3,0,3,0,0,0,1,102,0,4.0000,-1,6,6,9,0,21,0,0,0,0
91.77785,3,0,3,0,0,0,1,102,0,4.0000,-1,6,6,9,0,21,0,0,0,0
91.79769,3,0,3,0,0,0,1,102,0,4.0000,-1,6,6,9,0,21,0,0,0,0
91.81657,3,0,3,0,0,0,1,102,0,3.0000,-1,6,6,9,0,21,0,0,0,0
91.83695,3,0,3,0,0,0,1,102,0,3.0000,-1,6,6,9,0,21,0,0,0,0
91.85783,3,0,3,0,0,0,1,102,0,3.0000,-1,6,6,9,0,21,0,0,0,0
91.87922,3,0,3,0,0,0,1,102,0,3.0000,-1,6,6,9,0,21,0,0,0,0
91.90044,3,0,3,0,0,0,1,102,1,4.0000,-1,6,6,9,0,21,0,0,0,0
91.92074,3,0,3,0,0,0,1,102,0,4.0000,-1,6,6,9,0,21,0,0,0,0
91.94007,3,0,3,0,0,0,1,102,0,4.0000,-1,6,6,9,0,21,0,0,0,0
91.96206,3,0,3,0,0,0,1,102,0,4.0000,-1,6,6,9,0,21,0,0,0,0
91.99817,3,0,3,0,0,0,1,102,0,4.0000,-1,6,6,9,0,21,0,0,0,0
92.00969,3,0,3,0,0,0,1,102,0,4.0000,-1,6,6,9,0,21,0,0,0,0
92.02379,3,0,3,0,0,0,1,102,0,4.0000,-1,6,6,9,0,21,0,0,0,0
92.04504,3,0,3,0,0,0,1,103,0,3.0000,102,6,6,10,0,22,0,0,0,0
92.0656,3,0,3,0,0,0,1,103,0,3.0000,-1,6,6,10,0,22,0,0,0,0
92.08527,3,0,3,0,0,0,1,103,0,3.0000,-1,6,6,10,0,22,0,0,0,0
92.10601,3,0,3,0,0,0,1,103,0,3.0000,-1,6,6,10,0,22,0,0,0,0
92.1264,3,0,3,0,0,0,1,103,0,3.0000,-1,6,6,10,0,22,0,0,0,0
92.14706,3,0,3,0,0,0,1,103,0,3.0000,-1,6,6,10,0,22,0,0,0,0
92.16819,3,0,3,0,0,0,1,103,0,3.0000,-1,6,6,10,0,22,0,0,0,0
92.2066,3,0,3,0,0,0,1,103,0,3.0000,-1,6,6,10,0,22,0,0,0,0
92.21861,3,0,3,0,0,0,1,103,0,3.0000,-1,6,6,10,0,22,0,0,0,0
92.23344,3,0,3,0,0,0,0,-1,0,3.0000,103,6,6,11,0,23,0,0,0,0
92.25446,3,0,3,0,0,0,0,-1,0,3.0000,-1,6,6,11,0,23,0,0,0,0
92.27826,3,0,3,0,0,0,0,-1,0,3.0000,-1,6,6,11,0,23,0,0,0,0
92.29831,3,0,3,0,0,0,1,107,0,3.0000,-1,6,6,11,0,23,0,0,0,0
92.31739,3,0,3,0,0,0,1,107,0,3.0000,-1,6,6,11,0,23,0,0,0,0
92.3408,3,0,3,0,0,0,1,107,0,3.0000,-1,6,6,11,0,23,0,0,0,0
92.36181,3,0,3,0,0,0,1,107,0,3.0000,-1,6,6,11,0,23,0,0,0,0
92.3805,3,0,3,0,0,0,1,107,0,3.0000,-1,6,6,11,0,23,0,0,0,0
92.4203,3,0,3,0,0,0,1,107,0,3.0000,-1,6,6,11,0,23,0,0,0,0
92.43212,3,0,3,0,0,0,1,107,0,2.0000,-1,6,6,11,0,23,0,0,0,0
92.44537,3,0,3,0,0,0,1,107,0,2.0000,-1,6,6,11,0,23,0,0,0,0
92.4667,3,0,3,0,0,0,1,107,0,2.0000,-1,6,6,11,0,23,0,0,0,0
92.48745,3,0,3,0,0,0,1,107,0,2.0000,-1,6,6,11,0,23,0,0,0,0
92.50753,3,0,3,0,0,0,1,107,0,2.0000,-1,6,6,11,0,23,0,0,0,0
92.52792,3,0,3,0,0,0,1,107,0,2.0000,-1,6,6,11,0,23,0,0,0,0
92.54832,3,0,3,0,0,0,1,107,0,2.0000,-1,6,6,11,0,23,0,0,0,0
92.56944,3,0,3,0,0,0,1,107,0,2.0000,-1,6,6,11,0,23,0,0,0,0
92.58988,3,0,3,0,0,0,1,107,1,3.0000,-1,6,6,11,0,23,0,0,0,0
92.61112,3,0,3,0,0,0,1,107,0,2.0000,-1,6,6,11,0,23,0,0,0,0
92.63177,3,0,3,0,0,0,0,-1,0,2.0000,-1,6,6,11,0,23,0,0,0,0
92.65187,3,0,3,0,0,0,0,-1,0,2.0000,-1,6,6,11,0,23,0,0,0,0
92.67384,3,0,3,0,0,0,0,-1,0,2.0000,-1,6,6,11,0,23,0,0,0,0
92.69165,3,0,3,0,0,0,0,-1,0,2.0000,-1,6,6,11,0,23,0,0,0,0
92.71275,3,0,3,0,0,0,0,-1,0,2.0000,-1,6,6,11,0,23,0,0,0,0
92.73375,3,0,3,0,0,0,0,-1,0,2.0000,-1,6,6,11,0,23,0,0,0,0
92.75448,3,0,3,0,0,0,0,-1,0,2.0000,-1,6,6,11,0,23,0,0,0,0
92.77598,3,0,3,0,0,0,0,-1,0,2.0000,-1,6,6,11,0,23,0,0,0,0
92.79509,3,0,3,0,0,0,0,-1,0,2.0000,-1,6,6,11,0,23,0,0,0,0
92.83489,3,0,3,0,0,0,0,-1,0,2.0000,-1,6,6,11,0,23,0,0,0,0
92.84911,3,0,3,0,0,0,0,-1,0,2.0000,-1,6,6,11,0,23,0,0,0,0
92.86259,3,0,3,0,0,0,0,-1,1,3.0000,-1,6,6,11,0,23,0,0,0,0
92.87994,3,0,3,0,0,0,0,-1,0,3.0000,-1,6,6,11,0,23,0,0,0,0
92.90117,3,0,3,0,0,0,0,-1,0,2.0000,-1,6,6,11,0,23,0,0,0,0
92.92127,3,0,3,0,0,0,0,-1,0,2.0000,-1,6,6,11,0,23,0,0,0,0
92.94249,3,0,3,0,0,0,0,-1,0,2.0000,-1,6,6,11,0,23,0,0,0,0
92.96156,3,0,3,0,0,0,0,-1,0,2.0000,-1,6,6,11,0,23,0,0,0,0
92.98103,3,0,3,0,0,0,0,-1,0,2.0000,-1,6,6,11,0,23,0,0,0,0
93.00131,3,0,3,0,0,0,0,-1,0,2.0000,-1,6,6,11,0,23,0,0,0,0
93.02004,3,0,3,0,0,0,0,-1,0,2.0000,-1,6,6,11,0,23,0,0,0,0
93.03929,3,0,3,0,0,0,0,-1,0,2.0000,-1,6,6,11,0,23,0,0,0,0
93.05907,3,0,3,0,0,0,0,-1,0,2.0000,-1,6,6,11,0,23,0,0,0,0
93.07849,3,0,3,0,0,0,0,-1,0,2.0000,-1,6,6,11,0,23,0,0,0,0
93.09834,3,0,3,0,0,0,0,-1,0,2.0000,-1,6,6,11,0,23,0,0,0,0
93.11638,3,0,3,0,0,0,0,-1,0,2.0000,-1,6,6,11,0,23,0,0,0,0
93.13631,3,0,3,0,0,0,0,-1,0,2.0000,-1,6,6,11,0,23,0,0,0,0
93.15571,3,0,3,0,0,0,0,-1,0,2.0000,-1,6,6,11,0,23,0,0,0,0
93.17427,3,0,3,0,0,0,0,-1,0,2.0000,-1,6,6,11,0,23,0,0,0,0
93.19328,3,0,3,0,0,0,0,-1,0,2.0000,-1,6,6,11,0,23,0,0,0,0
93.21308,3,0,3,0,0,0,0,-1,1,3.0000,-1,6,6,11,0,23,0,0,0,0
93.23193,3,0,3,0,0,0,0,-1,0,3.0000,-1,6,6,11,0,23,0,0,0,0
93.25111,3,0,3,0,0,0,0,-1,0,3.0000,-1,6,6,11,0,23,0,0,0,0
93.27057,3,0,3,0,0,0,0,-1,0,3.0000,-1,6,6,11,0,23,0,0,0,0
93.2906,3,0,3,0,0,0,0,-1,0,3.0000,-1,6,6,11,0,23,0,0,0,0
93.31048,3,0,3,0,0,0,0,-1,0,3.0000,-1,6,6,11,0,23,0,0,0,0
93.32832,3,0,3,0,0,0,0,-1,0,3.0000,-1,6,6,11,0,23,0,0,0,0
93.34712,3,0,3,0,0,0,0,-1,0,3.0000,-1,6,6,11,0,23,0,0,0,0
93.36757,3,0,3,0,0,0,0,-1,0,3.0000,-1,6,6,11,0,23,0,0,0,0
93.38654,3,0,3,0,0,0,0,-1,0,3.0000,-1,6,6,11,0,23,0,0,0,0
93.40613,3,0,3,0,0,0,0,-1,0,3.0000,-1,6,6,11,0,23,0,0,0,0
93.42592,3,0,3,0,0,0,0,-1,0,3.0000,-1,6,6,11,0,23,0,0,0,0
93.46267,3,0,3,0,0,0,0,-1,0,3.0000,-1,6,6,11,0,23,0,0,0,0
93.47502,3,0,3,0,0,0,0,-1,0,3.0000,-1,6,6,11,0,23,0,0,0,0
93.48671,3,0,3,0,0,0,0,-1,0,3.0000,-1,6,6,11,0,23,0,0,0,0
93.50603,3,0,3,0,0,0,0,-1,0,3.0000,-1,6,6,11,0,23,0,0,0,0
93.52598,3,0,3,0,0,0,0,-1,0,3.0000,-1,6,6,11,0,23,0,0,0,0
93.5457,3,0,3,0,0,0,0,-1,0,3.0000,-1,6,6,11,0,23,0,0,0,0
93.56406,3,0,3,0,0,0,0,-1,0,3.0000,-1,6,6,11,0,23,0,0,0,0
93.58346,3,0,3,0,0,0,0,-1,0,3.0000,-1,6,6,11,0,23,0,0,0,0
93.60208,3,0,3,0,0,0,0,-1,0,2.0000,-1,6,6,11,0,23,0,0,0,0
93.62206,3,0,3,0,0,0,0,-1,0,2.0000,-1,6,6,11,0,23,0,0,0,0
93.64003,3,0,3,0,0,0,0,-1,0,2.0000,-1,6,6,11,0,23,0,0,0,0
93.67663,3,0,3,0,0,0,0,-1,0,2.0000,-1,6,6,11,0,23,0,0,0,0
93.68741,3,0,3,0,0,0,0,-1,0,2.0000,-1,6,6,11,0,23,0,0,0,0
93.70135,3,0,3,0,0,0,0,-1,0,2.0000,-1,6,6,11,0,23,0,0,0,0
93.72094,3,0,3,0,0,0,0,-1,0,2.0000,-1,6,6,11,0,23,0,0,0,0
93.74065,3,0,3,0,0,0,0,-1,1,3.0000,-1,6,6,11,0,23,0,0,0,0
93.75983,3,0,3,0,0,0,0,-1,0,3.0000,-1,6,6,11,0,23,0,0,0,0
93.77959,3,0,3,0,0,0,0,-1,0,3.0000,-1,6,6,11,0,23,0,0,0,0
93.7984,3,0,3,0,0,0,0,-1,0,3.0000,-1,6,6,11,0,23,0,0,0,0
93.81707,3,0,3,0,0,0,0,-1,0,3.0000,-1,6,6,11,0,23,0,0,0,0
93.8355,3,0,3,1,0,0,0,-1,0,3.0000,-1,6,6,11,0,23,0,0,0,0
93.855,3,0,3,1,0,0,0,-1,0,3.0000,-1,6,6,11,0,23,0,0,0,0
93.89215,3,0,3,1,0,0,0,-1,0,2.0000,-1,6,6,11,0,23,0,0,0,0
93.90371,3,0,3,1,0,0,0,-1,0,2.0000,-1,6,6,11,0,23,0,0,0,0
93.91609,3,0,3,1,0,0,0,-1,0,2.0000,-1,6,6,11,0,23,0,0,0,0
93.93425,3,0,3,1,0,0,0,-1,0,2.0000,-1,6,6,11,0,23,0,0,0,0
93.95345,3,0,3,1,0,0,0,-1,0,2.0000,-1,6,6,11,0,23,0,0,0,0
93.97244,3,0,3,1,0,0,0,-1,0,2.0000,-1,6,6,11,0,23,0,0,0,0
93.99287,3,0,3,1,0,0,0,-1,0,2.0000,-1,6,6,11,0,23,0,0,0,0
94.01102,3,0,3,1,0,0,0,-1,0,2.0000,-1,6,6,11,0,23,0,0,0,0
94.03253,3,0,3,1,0,0,0,-1,0,2.0000,-1,6,6,11,0,23,0,0,0,0
94.04844,3,0,3,1,0,0,0,-1,0,2.0000,-1,6,6,11,0,23,0,0,0,0
94.06796,3,0,3,1,0,0,0,-1,0,2.0000,-1,6,6,11,0,23,0,0,0,0
94.08868,3,0,3,1,0,0,0,-1,0,2.0000,-1,6,6,11,0,23,0,0,0,0
94.1057,3,0,3,1,0,0,0,-1,0,2.0000,-1,6,6,11,0,23,0,0,0,0
94.12528,3,0,3,1,0,0,0,-1,0,2.0000,-1,6,6,11,0,23,0,0,0,0
94.145,3,0,3,1,0,0,0,-1,0,2.0000,-1,6,6,11,0,23,0,0,0,0
94.16454,3,0,3,1,0,0,0,-1,0,2.0000,-1,6,6,11,0,23,0,0,0,0
94.1822,3,0,3,1,0,0,0,-1,0,2.0000,-1,6,6,11,0,23,0,0,0,0
94.20155,3,0,3,1,0,0,0,-1,0,2.0000,-1,6,6,11,0,23,0,0,0,0
94.2217,3,0,3,1,0,0,0,-1,0,1.0000,-1,6,6,11,0,23,0,0,0,0
94.24142,3,0,3,1,0,0,0,-1,0,1.0000,-1,6,6,11,0,23,0,0,0,0
94.25891,3,0,3,1,0,0,0,-1,1,2.0000,-1,6,6,11,0,23,0,0,0,0
94.27843,3,0,3,1,0,0,0,-1,0,2.0000,-1,6,6,11,0,23,0,0,0,0
94.31513,3,0,3,1,0,0,0,-1,0,2.0000,-1,6,6,11,0,23,0,0,0,0
94.32607,3,0,3,1,0,0,0,-1,0,2.0000,-1,6,6,11,0,23,0,0,0,0
94.33981,3,0,3,1,0,0,0,-1,0,2.0000,-1,6,6,11,0,23,0,0,0,0
94.35943,3,0,3,1,0,0,0,-1,0,2.0000,-1,6,6,11,0,23,0,0,0,0
94.37855,3,0,3,1,0,0,0,-1,0,2.0000,-1,6,6,11,0,23,0,0,0,0
94.39779,3,0,3,1,0,0,0,-1,0,2.0000,-1,6,6,11,0,23,0,0,0,0
94.41704,3,0,3,1,0,0,0,-1,0,2.0000,-1,6,6,11,0,23,0,0,0,0
94.43569,3,0,3,1,0,0,0,-1,0,2.0000,-1,6,6,11,0,23,0,0,0,0
94.45414,3,0,3,1,0,0,0,-1,0,2.0000,-1,6,6,11,0,23,0,0,0,0
94.47414,3,0,3,1,0,0,1,108,0,2.0000,-1,6,6,11,0,23,0,0,0,0
94.49283,3,0,3,1,0,0,1,108,0,2.0000,-1,6,6,11,0,23,0,0,0,0
94.51203,3,0,3,1,0,0,1,108,0,2.0000,-1,6,6,11,0,23,0,0,0,0
94.53027,3,0,3,1,0,0,1,108,0,2.0000,-1,6,6,11,0,23,0,0,0,0
94.5491,3,0,3,1,0,0,1,108,0,2.0000,-1,6,6,11,0,23,0,0,0,0
94.56783,3,0,3,1,1,0,1,108,0,2.0000,-1,6,6,11,0,23,0,0,0,0
94.58808,3,0,3,1,1,0,1,108,0,2.0000,-1,6,6,11,0,23,0,0,0,0
94.6055,3,0,3,1,1,0,1,108,0,2.0000,-1,6,6,11,0,23,0,0,0,0
94.62527,3,0,3,1,1,0,1,108,0,2.0000,-1,6,6,11,0,23,0,0,0,0
94.64408,2,1,4,1,0,1,0,-1,0,2.0000,108,6,7,11,0,24,0,0,0,0
94.6641,2,0,4,1,0,0,0,-1,0,2.0000,-1,6,7,11,0,24,0,0,0,0
94.68196,2,0,4,1,0,0,0,-1,0,2.0000,-1,6,7,11,0,24,0,0,0,0
94.7021,2,0,4,1,0,0,0,-1,0,2.0000,-1,6,7,11,0,24,0,0,0,0
94.73846,2,0,4,1,0,0,0,-1,0,2.0000,-1,6,7,11,0,24,0,0,0,0
94.74963,2,0,4,1,0,0,0,-1,0,1.0000,-1,6,7,11,0,24,0,0,0,0
94.76399,2,0,4,1,0,0,0,-1,0,1.0000,-1,6,7,11,0,24,0,0,0,0
94.7837,2,0,4,1,0,0,0,-1,0,1.0000,-1,6,7,11,0,24,0,0,0,0
94.80334,2,0,4,1,0,0,0,-1,0,1.0000,-1,6,7,11,0,24,0,0,0,0
94.82336,2,0,4,1,0,0,1,110,0,1.0000,-1,6,7,11,0,24,0,0,0,0
94.84282,2,0,4,1,0,0,1,110,0,1.0000,-1,6,7,11,0,24,0,0,0,0
94.86073,2,0,4,1,0,0,1,110,0,1.0000,-1,6,7,11,0,24,0,0,0,0
94.88018,2,0,4,1,0,0,1,110,0,1.0000,-1,6,7,11,0,24,0,0,0,0
94.89946,2,0,4,1,0,0,1,110,0,1.0000,-1,6,7,11,0,24,0,0,0,0
94.91784,2,0,4,1,0,0,1,110,0,1.0000,-1,6,7,11,0,24,0,0,0,0
94.93711,2,0,4,0,0,0,1,110,0,1.0000,-1,6,7,11,0,24,0,0,0,0
94.95667,2,0,4,0,0,0,1,110,0,1.0000,-1,6,7,11,0,24,0,0,0,0
94.97929,2,0,4,0,0,0,1,110,0,1.0000,-1,6,7,11,0,24,0,0,0,0
94.9987,2,0,4,0,0,0,1,110,0,1.0000,-1,6,7,11,0,24,0,0,0,0
95.01892,2,0,4,0,0,0,1,110,0,1.0000,-1,6,7,11,0,24,0,0,0,0
95.03926,2,0,4,0,0,0,1,110,0,1.0000,-1,6,7,11,0,24,0,0,0,0
95.05746,2,0,4,0,0,0,1,110,0,1.0000,-1,6,7,11,0,24,0,0,0,0
95.07971,2,0,4,0,0,0,1,110,0,1.0000,-1,6,7,11,0,24,0,0,0,0
95.10172,2,0,4,0,0,0,1,110,0,1.0000,-1,6,7,11,0,24,0,0,0,0
95.12498,2,0,4,0,0,0,1,110,0,1.0000,-1,6,7,11,0,24,0,0,0,0
95.16964,2,0,4,0,0,0,0,-1,0,1.0000,110,6,8,11,0,25,0,0,0,0
95.18502,2,0,4,0,0,0,0,-1,0,1.0000,-1,6,8,11,0,25,0,0,0,0
95.19989,2,0,4,0,0,0,0,-1,0,1.0000,-1,6,8,11,0,25,0,0,0,0
95.22457,2,0,4,0,0,0,0,-1,0,1.0000,-1,6,8,11,0,25,0,0,0,0
95.24758,2,0,4,0,0,0,0,-1,0,1.0000,-1,6,8,11,0,25,0,0,0,0
95.27166,2,0,4,0,0,0,0,-1,0,0.0000,-1,6,8,11,0,25,0,0,0,0
95.29486,2,0,4,0,0,0,0,-1,0,0.0000,-1,6,8,11,0,25,0,0,0,0
95.3175,2,0,4,0,0,0,0,-1,0,0.0000,-1,6,8,11,0,25,0,0,0,0
95.34138,2,0,4,0,0,0,0,-1,0,0.0000,-1,6,8,11,0,25,0,0,0,0
95.36417,2,0,4,0,0,0,0,-1,0,0.0000,-1,6,8,11,0,25,0,0,0,0
95.38695,2,0,4,0,0,0,0,-1,0,0.0000,-1,6,8,11,0,25,0,0,0,0
95.41068,2,0,4,0,0,0,0,-1,0,0.0000,-1,6,8,11,0,25,0,0,0,0
95.43373,2,0,4,0,0,0,0,-1,0,0.0000,-1,6,8,11,0,25,0,0,0,0
95.45602,2,0,4,0,0,0,0,-1,0,0.0000,-1,6,8,11,0,25,0,0,0,0
95.47813,2,0,4,0,0,0,0,-1,0,0.0000,-1,6,8,11,0,25,0,0,0,0
95.50114,2,0,4,0,0,0,0,-1,0,0.0000,-1,6,8,11,0,25,0,0,0,0
95.52337,2,0,4,0,0,0,0,-1,0,0.0000,-1,6,8,11,0,25,0,0,0,0
95.54624,2,0,4,0,0,0,0,-1,0,0.0000,-1,6,8,11,0,25,0,0,0,0
95.58943,2,0,4,0,0,0,0,-1,0,0.0000,-1,6,8,11,0,25,0,0,0,0
95.60285,2,0,4,0,0,0,0,-1,0,0.0000,-1,6,8,11,0,25,0,0,0,0
95.61584,2,0,4,0,0,0,0,-1,1,1.0000,-1,6,8,11,0,25,0,0,0,0
95.63847,2,0,4,0,0,0,0,-1,0,1.0000,-1,6,8,11,0,25,0,0,0,0
95.66132,2,0,4,0,0,0,0,-1,0,1.0000,-1,6,8,11,0,25,0,0,0,0
95.68354,2,0,4,0,0,0,0,-1,0,1.0000,-1,6,8,11,0,25,0,0,0,0
95.70731,2,0,4,0,0,0,0,-1,0,1.0000,-1,6,8,11,0,25,0,0,0,0
95.72815,2,0,4,0,0,0,0,-1,0,1.0000,-1,6,8,11,0,25,0,0,0,0
95.7504,2,0,4,0,0,0,0,-1,0,1.0000,-1,6,8,11,0,25,0,0,0,0
95.79427,2,0,4,0,0,0,0,-1,0,1.0000,-1,6,8,11,0,25,0,0,0,0
95.8055,2,0,4,0,0,0,0,-1,1,2.0000,-1,6,8,11,0,25,0,0,0,0
95.82252,2,0,4,0,0,0,0,-1,0,2.0000,-1,6,8,11,0,25,0,0,0,0
95.84528,2,0,4,0,0,0,0,-1,0,2.0000,-1,6,8,11,0,25,0,0,0,0
95.86797,2,0,4,0,0,0,0,-1,0,2.0000,-1,6,8,11,0,25,0,0,0,0
95.89082,2,0,4,0,0,0,0,-1,0,2.0000,-1,6,8,11,0,25,0,0,0,0
95.91331,2,0,4,0,0,0,0,-1,0,2.0000,-1,6,8,11,0,25,0,0,0,0
95.93584,2,0,4,0,0,0,0,-1,0,2.0000,-1,6,8,11,0,25,0,0,0,0
95.95863,2,0,4,0,0,0,0,-1,0,2.0000,-1,6,8,11,0,25,0,0,0,0
95.9817,2,0,4,0,0,0,0,-1,0,2.0000,-1,6,8,11,0,25,0,0,0,0
96.00358,2,0,4,0,0,0,0,-1,0,2.0000,-1,6,8,11,0,25,0,0,0,0
96.02449,2,0,4,0,0,0,0,-1,0,2.0000,-1,6,8,11,0,25,0,0,0,0
96.04676,2,0,4,0,0,0,0,-1,0,2.0000,-1,6,8,11,0,25,0,0,0,0
96.06944,2,0,4,0,0,0,0,-1,0,2.0000,-1,6,8,11,0,25,0,0,0,0
96.09121,2,0,4,0,0,0,0,-1,0,2.0000,-1,6,8,11,0,25,0,0,0,0
96.11308,2,0,4,0,0,0,0,-1,0,2.0000,-1,6,8,11,0,25,0,0,0,0
96.13564,2,0,4,0,0,0,0,-1,0,2.0000,-1,6,8,11,0,25,0,0,0,0
96.1574,2,0,4,0,0,0,0,-1,0,2.0000,-1,6,8,11,0,25,0,0,0,0
96.17985,2,0,4,0,0,0,0,-1,0,2.0000,-1,6,8,11,0,25,0,0,0,0
96.22084,2,0,4,0,0,0,0,-1,0,2.0000,-1,6,8,11,0,25,0,0,0,0
96.23294,2,0,4,0,0,0,0,-1,0,2.0000,-1,6,8,11,0,25,0,0,0,0
96.2485,2,0,4,0,0,0,0,-1,0,2.0000,-1,6,8,11,0,25,0,0,0,0
96.27155,2,0,4,0,0,0,0,-1,0,2.0000,-1,6,8,11,0,25,0,0,0,0
96.29417,2,0,4,0,0,0,0,-1,0,2.0000,-1,6,8,11,0,25,0,0,0,0
96.31618,2,0,4,1,0,0,0,-1,0,2.0000,-1,6,8,11,0,25,0,0,0,0
96.33886,2,0,4,1,0,0,0,-1,0,2.0000,-1,6,8,11,0,25,0,0,0,0
96.36176,2,0,4,1,0,0,0,-1,0,2.0000,-1,6,8,11,0,25,0,0,0,0
96.3842,2,0,4,1,0,0,0,-1,0,2.0000,-1,6,8,11,0,25,0,0,0,0
96.42741,2,0,4,1,0,0,0,-1,0,2.0000,-1,6,8,11,0,25,0,0,0,0
96.43816,2,0,4,1,0,0,0,-1,0,2.0000,-1,6,8,11,0,25,0,0,0,0
96.4558,2,0,4,1,0,0,0,-1,0,2.0000,-1,6,8,11,0,25,0,0,0,0
96.47918,2,0,4,1,0,0,0,-1,0,2.0000,-1,6,8,11,0,25,0,0,0,0
96.50201,2,0,4,1,0,0,0,-1,0,2.0000,-1,6,8,11,0,25,0,0,0,0
96.52484,2,0,4,1,0,0,1,112,1,3.0000,-1,6,8,11,0,25,0,0,0,0
96.54814,2,0,4,1,0,0,1,112,0,3.0000,-1,6,8,11,0,25,0,0,0,0
96.57123,2,0,4,1,0,0,1,112,0,3.0000,-1,6,8,11,0,25,0,0,0,0
96.59465,2,0,4,1,0,0,1,112,0,3.0000,-1,6,8,11,0,25,0,0,0,0
96.63933,2,0,4,1,0,0,1,112,0,2.0000,-1,6,8,11,0,25,0,0,0,0
96.65118,2,0,4,1,0,0,1,112,0,2.0000,-1,6,8,11,0,25,0,0,0,0
96.66804,2,0,4,1,0,0,1,112,0,2.0000,-1,6,8,11,0,25,0,0,0,0
96.69212,2,0,4,1,0,0,1,112,0,2.0000,-1,6,8,11,0,25,0,0,0,0
96.71578,2,0,4,1,0,0,1,112,0,2.0000,-1,6,8,11,0,25,0,0,0,0
96.73902,2,0,4,1,0,0,1,112,0,2.0000,-1,6,8,11,0,25,0,0,0,0
96.7618,2,0,4,1,0,0,1,112,0,2.0000,-1,6,8,11,0,25,0,0,0,0
96.78313,2,0,4,0,0,0,0,-1,0,2.0000,112,6,9,11,0,26,0,0,0,0
96.80411,2,0,4,0,0,0,0,-1,0,2.0000,-1,6,9,11,0,26,0,0,0,0
96.84225,2,0,4,0,0,0,0,-1,1,2.0000,-1,6,9,11,0,26,0,0,0,0
96.85461,2,0,4,0,0,0,0,-1,0,2.0000,-1,6,9,11,0,26,0,0,0,0
96.86727,2,0,4,0,0,0,0,-1,0,2.0000,-1,6,9,11,0,26,0,0,0,0
96.88788,2,0,4,0,0,0,0,-1,0,2.0000,-1,6,9,11,0,26,0,0,0,0
96.90804,2,0,4,0,0,0,0,-1,0,2.0000,-1,6,9,11,0,26,0,0,0,0
96.92767,2,0,4,0,0,0,0,-1,0,2.0000,-1,6,9,11,0,26,0,0,0,0
96.94769,2,0,4,0,0,0,0,-1,0,2.0000,-1,6,9,11,0,26,0,0,0,0
96.9674,2,0,4,0,0,0,0,-1,0,2.0000,-1,6,9,11,0,26,0,0,0,0
96.98772,2,0,4,0,0,0,0,-1,0,2.0000,-1,6,9,11,0,26,0,0,0,0
97.00652,2,0,4,0,0,0,0,-1,0,2.0000,-1,6,9,11,0,26,0,0,0,0
97.04355,2,0,4,0,0,0,0,-1,0,2.0000,-1,6,9,11,0,26,0,0,0,0
97.055,2,0,4,0,1,0,0,-1,0,2.0000,-1,6,9,11,0,26,0,0,0,0
97.06649,2,0,4,0,1,0,0,-1,0,2.0000,-1,6,9,11,0,26,0,0,0,0
97.08817,2,0,4,0,1,0,0,-1,0,2.0000,-1,6,9,11,0,26,0,0,0,0
97.10677,2,0,4,0,1,0,0,-1,0,2.0000,-1,6,9,11,0,26,0,0,0,0
97.12703,2,0,4,0,1,0,0,-1,0,2.0000,-1,6,9,11,0,26,0,0,0,0
97.14474,2,0,4,0,1,0,0,-1,0,2.0000,-1,6,9,11,0,26,0,0,0,0
97.16491,2,0,4,0,1,0,0,-1,0,2.0000,-1,6,9,11,0,26,0,0,0,0
97.18579,2,0,4,0,1,0,0,-1,0,2.0000,-1,6,9,11,0,26,0,0,0,0
97.20477,2,0,4,0,1,0,0,-1,0,2.0000,-1,6,9,11,0,26,0,0,0,0
97.22414,2,0,4,0,1,0,0,-1,0,2.0000,-1,6,9,11,0,26,0,0,0,0
97.24332,2,0,4,1,1,0,0,-1,0,2.0000,-1,6,9,11,0,26,0,0,0,0
97.26379,2,0,4,1,1,0,0,-1,0,2.0000,-1,6,9,11,0,26,0,0,0,0
97.28425,2,0,4,0,1,0,0,-1,0,2.0000,-1,6,9,11,0,26,0,0,0,0
97.30148,2,0,4,0,1,0,0,-1,0,2.0000,-1,6,9,11,0,26,0,0,0,0
97.32111,2,0,4,0,1,0,0,-1,0,2.0000,-1,6,9,11,0,26,0,0,0,0
97.3424,2,0,4,0,1,0,0,-1,0,2.0000,-1,6,9,11,0,26,0,0,0,0
97.36086,2,0,4,0,1,0,0,-1,0,2.0000,-1,6,9,11,0,26,0,0,0,0
97.38123,2,0,4,0,1,0,0,-1,0,2.0000,-1,6,9,11,0,26,0,0,0,0
97.39909,2,0,4,0,1,0,0,-1,0,2.0000,-1,6,9,11,0,26,0,0,0,0
97.41997,2,0,4,0,1,0,1,115,1,3.0000,-1,6,9,11,0,26,0,0,0,0
97.43877,2,0,4,0,1,0,1,115,0,3.0000,-1,6,9,11,0,26,0,0,0,0
97.47604,2,0,4,0,1,0,1,115,0,3.0000,-1,6,9,11,0,26,0,0,0,0
97.48714,2,0,4,0,1,0,1,115,0,3.0000,-1,6,9,11,0,26,0,0,0,0
97.50049,2,0,4,0,1,0,1,115,0,3.0000,-1,6,9,11,0,26,0,0,0,0
97.52127,2,0,4,0,1,0,1,115,0,3.0000,-1,6,9,11,0,26,0,0,0,0
97.54134,2,0,4,0,1,0,1,115,0,2.0000,-1,6,9,11,0,26,0,0,0,0
97.56231,2,0,4,0,1,0,1,115,0,2.0000,-1,6,9,11,0,26,0,0,0,0
97.58121,2,0,4,0,1,0,1,115,0,2.0000,-1,6,9,11,0,26,0,0,0,0
97.6013,2,0,4,0,1,0,1,115,0,2.0000,-1,6,9,11,0,26,0,0,0,0
97.62151,2,0,4,0,0,0,1,115,0,2.0000,-1,6,9,11,0,26,0,0,0,0
97.64166,2,0,4,0,0,0,1,115,0,2.0000,-1,6,9,11,0,26,0,0,0,0
97.6776,2,0,4,0,0,0,1,115,0,2.0000,-1,6,9,11,0,26,0,0,0,0
97.68978,2,0,4,0,0,0,1,115,1,3.0000,-1,6,9,11,0,26,0,0,0,0
97.70213,2,0,4,0,0,0,1,115,0,3.0000,-1,6,9,11,0,26,0,0,0,0
97.72063,2,0,4,0,0,0,1,115,0,3.0000,-1,6,9,11,0,26,0,0,0,0
97.74014,2,0,4,0,0,0,1,115,0,3.0000,-1,6,9,11,0,26,0,0,0,0
97.76086,2,0,4,0,0,0,1,115,0,3.0000,-1,6,9,11,0,26,0,0,0,0
97.77942,2,0,4,0,0,0,1,115,0,3.0000,-1,6,9,11,0,26,0,0,0,0
97.79857,2,0,4,0,0,0,1,115,0,3.0000,-1,6,9,11,0,26,0,0,0,0
97.81689,2,0,4,0,0,0,1,115,0,3.0000,-1,6,9,11,0,26,0,0,0,0
97.83738,2,0,4,0,0,0,1,115,0,3.0000,-1,6,9,11,0,26,0,0,0,0
97.85651,2,0,4,0,0,0,1,114,0,2.0000,115,6,10,11,0,27,0,0,0,0
97.87623,2,0,4,0,0,0,1,114,0,2.0000,-1,6,10,11,0,27,0,0,0,0
97.89462,2,0,4,0,0,0,1,114,0,2.0000,-1,6,10,11,0,27,0,0,0,0
97.91557,2,0,4,0,0,0,1,114,0,2.0000,-1,6,10,11,0,27,0,0,0,0
97.93373,2,0,4,0,0,0,1,114,0,2.0000,-1,6,10,11,0,27,0,0,0,0
97.95427,2,0,4,0,0,0,1,114,0,2.0000,-1,6,10,11,0,27,0,0,0,0
97.97324,2,0,4,0,0,0,1,114,0,2.0000,-1,6,10,11,0,27,0,0,0,0
97.99236,2,0,4,0,0,0,1,114,1,3.0000,-1,6,10,11,0,27,0,0,0,0
98.01237,2,0,4,0,0,0,1,114,0,3.0000,-1,6,10,11,0,27,0,0,0,0
98.03381,2,0,4,0,0,0,1,114,0,3.0000,-1,6,10,11,0,27,0,0,0,0
98.05083,2,0,4,0,0,0,1,114,0,3.0000,-1,6,10,11,0,27,0,0,0,0
98.07077,2,0,4,0,0,0,1,114,0,3.0000,-1,6,10,11,0,27,0,0,0,0
98.10648,2,0,4,0,0,0,1,114,0,3.0000,-1,6,10,11,0,27,0,0,0,0
98.12,2,0,4,0,0,0,1,114,0,3.0000,-1,6,10,11,0,27,0,0,0,0
98.13506,2,0,4,0,0,0,1,114,0,3.0000,-1,6,10,11,0,27,0,0,0,0
98.15411,2,0,4,0,0,0,0,-1,0,3.0000,114,6,11,11,0,28,0,0,0,0
98.17425,2,0,4,0,0,0,0,-1,0,3.0000,-1,6,11,11,0,28,0,0,0,0
98.19313,2,0,4,0,0,0,0,-1,0,3.0000,-1,6,11,11,0,28,0,0,0,0
98.21299,2,0,4,0,0,0,0,-1,0,3.0000,-1,6,11,11,0,28,0,0,0,0
98.23207,2,0,4,0,0,0,0,-1,0,3.0000,-1,6,11,11,0,28,0,0,0,0
98.25238,2,0,4,0,0,0,0,-1,0,3.0000,-1,6,11,11,0,28,0,0,0,0
98.27171,2,0,4,0,0,0,0,-1,0,3.0000,-1,6,11,11,0,28,0,0,0,0
98.30824,2,0,4,0,1,0,0,-1,0,3.0000,-1,6,11,11,0,28,0,0,0,0
98.32021,2,0,4,0,1,0,0,-1,0,3.0000,-1,6,11,11,0,28,0,0,0,0
98.33323,2,0,4,0,1,0,0,-1,0,3.0000,-1,6,11,11,0,28,0,0,0,0
98.35387,2,0,4,0,1,0,0,-1,0,3.0000,-1,6,11,11,0,28,0,0,0,0
98.37357,2,0,4,0,1,0,0,-1,0,3.0000,-1,6,11,11,0,28,0,0,0,0
98.39323,2,0,4,0,1,0,0,-1,0,3.0000,-1,6,11,11,0,28,0,0,0,0
98.4127,2,0,4,0,1,0,0,-1,0,3.0000,-1,6,11,11,0,28,0,0,0,0
98.4314,2,0,4,0,1,0,0,-1,0,2.0000,-1,6,11,11,0,28,0,0,0,0
98.45197,2,0,4,0,1,0,0,-1,0,2.0000,-1,6,11,11,0,28,0,0,0,0
98.47123,2,0,4,0,1,0,0,-1,1,3.0000,-1,6,11,11,0,28,0,0,0,0
98.49016,2,0,4,0,1,0,0,-1,0,3.0000,-1,6,11,11,0,28,0,0,0,0
98.52648,2,0,4,0,1,0,0,-1,0,3.0000,-1,6,11,11,0,28,0,0,0,0
98.53787,2,0,4,0,1,0,0,-1,0,3.0000,-1,6,11,11,0,28,0,0,0,0
98.55252,2,0,4,0,1,0,0,-1,0,3.0000,-1,6,11,11,0,28,0,0,0,0
98.57169,2,0,4,0,1,0,0,-1,0,3.0000,-1,6,11,11,0,28,0,0,0,0
98.59145,2,0,4,0,1,0,0,-1,0,3.0000,-1,6,11,11,0,28,0,0,0,0
98.61002,2,0,4,0,1,0,0,-1,0,3.0000,-1,6,11,11,0,28,0,0,0,0
98.63079,2,0,4,0,1,0,0,-1,0,3.0000,-1,6,11,11,0,28,0,0,0,0
98.64984,2,0,4,0,1,0,0,-1,0,3.0000,-1,6,11,11,0,28,0,0,0,0
98.66947,2,0,4,0,1,0,0,-1,0,3.0000,-1,6,11,11,0,28,0,0,0,0
98.68892,2,0,4,0,1,0,0,-1,0,3.0000,-1,6,11,11,0,28,0,0,0,0
98.70897,2,0,4,0,1,0,0,-1,0,2.0000,-1,6,11,11,0,28,0,0,0,0
98.7279,2,0,4,0,1,0,0,-1,1,3.0000,-1,6,11,11,0,28,0,0,0,0
98.74796,2,0,4,0,1,0,0,-1,0,3.0000,-1,6,11,11,0,28,0,0,0,0
98.76755,2,0,4,0,1,0,0,-1,0,3.0000,-1,6,11,11,0,28,0,0,0,0
98.79031,2,0,4,0,1,0,0,-1,0,3.0000,-1,6,11,11,0,28,0,0,0,0
98.80739,2,0,4,0,1,0,0,-1,0,3.0000,-1,6,11,11,0,28,0,0,0,0
98.82739,2,0,4,0,1,0,0,-1,0,3.0000,-1,6,11,11,0,28,0,0,0,0
98.8466,2,0,4,0,1,0,0,-1,0,3.0000,-1,6,11,11,0,28,0,0,0,0
98.86765,2,0,4,0,0,0,0,-1,0,3.0000,-1,6,11,11,0,28,0,0,0,0
98.88676,2,0,4,0,0,0,0,-1,0,3.0000,-1,6,11,11,0,28,0,0,0,0
98.9063,2,0,4,0,0,0,0,-1,0,3.0000,-1,6,11,11,0,28,0,0,0,0
98.92522,2,0,4,0,0,0,0,-1,0,3.0000,-1,6,11,11,0,28,0,0,0,0
98.96471,2,0,4,0,0,0,0,-1,0,3.0000,-1,6,11,11,0,28,0,0,0,0
98.97759,2,0,4,0,0,0,0,-1,0,3.0000,-1,6,11,11,0,28,0,0,0,0
98.99024,2,0,4,0,0,0,0,-1,0,3.0000,-1,6,11,11,0,28,0,0,0,0
99.01059,2,0,4,0,0,0,0,-1,0,2.0000,-1,6,11,11,0,28,0,0,0,0
99.03122,2,0,4,0,0,0,0,-1,0,2.0000,-1,6,11,11,0,28,0,0,0,0
99.05068,2,0,4,0,0,0,0,-1,1,3.0000,-1,6,11,11,0,28,0,0,0,0
99.07014,2,0,4,0,0,0,0,-1,0,3.0000,-1,6,11,11,0,28,0,0,0,0
99.08914,2,0,4,0,0,0,0,-1,0,3.0000,-1,6,11,11,0,28,0,0,0,0
99.11021,2,0,4,0,0,0,0,-1,0,3.0000,-1,6,11,11,0,28,0,0,0,0
99.12874,2,0,4,0,0,0,0,-1,0,3.0000,-1,6,11,11,0,28,0,0,0,0
99.14827,2,0,4,0,0,0,0,-1,0,3.0000,-1,6,11,11,0,28,0,0,0,0
99.16767,2,0,4,0,0,0,0,-1,0,3.0000,-1,6,11,11,0,28,0,0,0,0
99.18919,2,0,4,0,0,0,0,-1,0,3.0000,-1,6,11,11,0,28,0,0,0,0
99.20784,2,0,4,0,0,0,0,-1,0,3.0000,-1,6,11,11,0,28,0,0,0,0
99.22736,2,0,4,0,0,0,0,-1,0,3.0000,-1,6,11,11,0,28,0,0,0,0
99.2467,2,0,4,0,0,0,0,-1,1,4.0000,-1,6,11,11,0,28,0,0,0,0
99.26686,2,0,4,0,0,0,0,-1,0,4.0000,-1,6,11,11,0,28,0,0,0,0
99.28719,2,0,4,0,0,0,0,-1,0,4.0000,-1,6,11,11,0,28,0,0,0,0
99.30798,2,0,4,0,0,0,0,-1,0,4.0000,-1,6,11,11,0,28,0,0,0,0
99.32765,2,0,4,0,0,0,0,-1,0,4.0000,-1,6,11,11,0,28,0,0,0,0
99.34831,2,0,4,0,0,0,0,-1,0,4.0000,-1,6,11,11,0,28,0,0,0,0
99.36787,2,0,4,0,0,0,0,-1,0,4.0000,-1,6,11,11,0,28,0,0,0,0
99.38921,2,0,4,0,0,0,0,-1,0,4.0000,-1,6,11,11,0,28,0,0,0,0
99.40927,2,0,4,0,0,0,0,-1,0,4.0000,-1,6,11,11,0,28,0,0,0,0
99.42826,2,0,4,0,0,0,0,-1,0,4.0000,-1,6,11,11,0,28,0,0,0,0
99.44817,2,0,4,0,0,0,0,-1,0,4.0000,-1,6,11,11,0,28,0,0,0,0
99.46925,2,0,4,0,0,0,0,-1,0,4.0000,-1,6,11,11,0,28,0,0,0,0
99.49047,2,0,4,0,0,0,0,-1,0,3.0000,-1,6,11,11,0,28,0,0,0,0
99.51079,2,0,4,0,0,0,0,-1,0,3.0000,-1,6,11,11,0,28,0,0,0,0
99.53094,2,0,4,0,0,0,0,-1,0,3.0000,-1,6,11,11,0,28,0,0,0,0
99.55186,2,0,4,0,0,0,0,-1,0,3.0000,-1,6,11,11,0,28,0,0,0,0
99.58997,2,0,4,0,0,0,0,-1,0,3.0000,-1,6,11,11,0,28,0,0,0,0
99.60453,2,0,4,0,0,0,0,-1,0,3.0000,-1,6,11,11,0,28,0,0,0,0
99.61971,2,0,4,0,0,0,0,-1,0,3.0000,-1,6,11,11,0,28,0,0,0,0
99.63559,2,0,4,0,0,0,0,-1,0,3.0000,-1,6,11,11,0,28,0,0,0,0
99.65833,2,0,4,0,0,0,0,-1,0,3.0000,-1,6,11,11,0,28,0,0,0,0
99.67936,2,0,4,0,0,0,0,-1,0,3.0000,-1,6,11,11,0,28,0,0,0,0
99.69679,2,0,4,0,0,0,0,-1,0,3.0000,-1,6,11,11,0,28,0,0,0,0
99.71845,2,0,4,0,0,0,0,-1,0,3.0000,-1,6,11,11,0,28,0,0,0,0
99.73814,2,0,4,0,0,0,0,-1,0,2.0000,-1,6,11,11,0,28,0,0,0,0
99.75925,2,0,4,0,0,0,0,-1,0,2.0000,-1,6,11,11,0,28,0,0,0,0
99.79726,2,0,4,0,0,0,0,-1,0,2.0000,-1,6,11,11,0,28,0,0,0,0
99.81038,2,0,4,0,0,0,0,-1,0,2.0000,-1,6,11,11,0,28,0,0,0,0
99.82452,2,0,4,0,0,0,0,-1,0,2.0000,-1,6,11,11,0,28,0,0,0,0
99.84618,2,0,4,0,0,0,0,-1,0,2.0000,-1,6,11,11,0,28,0,0,0,0
99.86745,2,0,4,0,0,0,0,-1,0,2.0000,-1,6,11,11,0,28,0,0,0,0
99.8893,2,0,4,0,0,0,0,-1,0,2.0000,-1,6,11,11,0,28,0,0,0,0
99.90962,2,0,4,0,0,0,0,-1,0,2.0000,-1,6,11,11,0,28,0,0,0,0
99.92913,2,0,4,0,0,0,0,-1,0,2.0000,-1,6,11,11,0,28,0,0,0,0
99.94962,2,0,4,0,0,0,0,-1,0,2.0000,-1,6,11,11,0,28,0,0,0,0
99.96999,2,0,4,0,0,0,0,-1,0,2.0000,-1,6,11,11,0,28,0,0,0,0
99.99084,2,0,4,0,0,0,0,-1,0,2.0000,-1,6,11,11,0,28,0,0,0,0
100.0118,2,0,4,0,0,0,0,-1,0,2.0000,-1,6,11,11,0,28,0,0,0,0
100.0313,2,0,4,0,0,0,0,-1,0,2.0000,-1,6,11,11,0,28,0,0,0,0
100.051,2,0,4,0,0,0,0,-1,0,1.0000,-1,6,11,11,0,28,0,0,0,0
100.0729,2,0,4,0,0,0,0,-1,0,1.0000,-1,6,11,11,0,28,0,0,0,0
100.0919,2,0,4,0,0,0,0,-1,0,1.0000,-1,6,11,11,0,28,0,0,0,0
100.1126,2,0,4,0,0,0,0,-1,0,1.0000,-1,6,11,11,0,28,0,0,0,0
100.1325,2,0,4,0,0,0,0,-1,0,1.0000,-1,6,11,11,0,28,0,0,0,0
100.1532,2,0,4,0,0,0,0,-1,0,1.0000,-1,6,11,11,0,28,0,0,0,0
100.1746,2,0,4,0,0,0,0,-1,0,1.0000,-1,6,11,11,0,28,0,0,0,0
100.1945,2,0,4,0,0,0,0,-1,0,1.0000,-1,6,11,11,0,28,0,0,0,0
100.2151,2,0,4,0,0,0,0,-1,0,1.0000,-1,6,11,11,0,28,0,0,0,0
100.2357,2,0,4,0,0,0,0,-1,0,1.0000,-1,6,11,11,0,28,0,0,0,0
100.2563,2,0,4,0,0,0,0,-1,0,0.0000,-1,6,11,11,0,28,0,0,0,0
100.2768,2,0,4,0,0,0,0,-1,0,0.0000,-1,6,11,11,0,28,0,0,0,0
100.2965,2,0,4,0,0,0,0,-1,0,0.0000,-1,6,11,11,0,28,0,0,0,0
100.3177,2,0,4,0,0,0,0,-1,0,0.0000,-1,6,11,11,0,28,0,0,0,0
100.3388,2,0,4,0,0,0,0,-1,0,0.0000,-1,6,11,11,0,28,0,0,0,0
100.3584,2,0,4,0,0,0,0,-1,0,0.0000,-1,6,11,11,0,28,0,0,0,0
100.3817,2,0,4,0,0,0,0,-1,0,0.0000,-1,6,11,11,0,28,0,0,0,0
100.404,2,0,4,0,0,0,0,-1,0,0.0000,-1,6,11,11,0,28,0,0,0,0
100.4237,2,0,4,0,0,0,0,-1,0,0.0000,-1,6,11,11,0,28,0,0,0,0
100.4445,2,0,4,0,0,0,0,-1,1,1.0000,-1,6,11,11,0,28,0,0,0,0
100.4661,2,0,4,0,0,0,0,-1,0,1.0000,-1,6,11,11,0,28,0,0,0,0
100.4847,2,0,4,0,0,0,0,-1,0,1.0000,-1,6,11,11,0,28,0,0,0,0
100.5063,2,0,4,0,0,0,0,-1,0,1.0000,-1,6,11,11,0,28,0,0,0,0
100.5267,2,0,4,0,0,0,1,121,0,1.0000,-1,6,11,11,0,28,0,0,0,0
100.5476,2,0,4,0,0,0,1,121,0,1.0000,-1,6,11,11,0,28,0,0,0,0
100.5677,2,0,4,0,0,0,1,121,0,1.0000,-1,6,11,11,0,28,0,0,0,0
100.5888,2,0,4,0,0,0,1,121,0,1.0000,-1,6,11,11,0,28,0,0,0,0
100.6076,2,0,4,0,0,0,1,121,0,1.0000,-1,6,11,11,0,28,0,0,0,0
100.6294,2,0,4,0,0,0,1,121,0,1.0000,-1,6,11,11,0,28,0,0,0,0
100.6502,2,0,4,0,0,0,1,121,0,1.0000,-1,6,11,11,0,28,0,0,0,0
100.6695,2,0,4,0,0,0,1,121,0,1.0000,-1,6,11,11,0,28,0,0,0,0
100.6907,2,0,4,0,0,0,1,121,0,1.0000,-1,6,11,11,0,28,0,0,0,0
100.71,2,0,4,0,0,0,1,121,0,1.0000,-1,6,11,11,0,28,0,0,0,0
100.7297,2,0,4,0,0,0,1,121,0,1.0000,-1,6,11,11,0,28,0,0,0,0
100.7512,2,0,4,0,0,0,1,121,0,1.0000,-1,6,11,11,0,28,0,0,0,0
100.77,2,0,4,0,0,0,0,-1,0,1.0000,121,6,12,11,0,29,0,0,0,0
100.7913,2,0,4,0,0,0,0,-1,0,1.0000,-1,6,12,11,0,29,0,0,0,0
100.8324,2,0,4,0,0,0,0,-1,0,1.0000,-1,6,12,11,0,29,0,0,0,0
100.8475,2,0,4,0,0,0,0,-1,0,1.0000,-1,6,12,11,0,29,0,0,0,0
100.8629,2,0,4,0,0,0,0,-1,0,1.0000,-1,6,12,11,0,29,0,0,0,0
100.8803,2,0,4,0,0,0,0,-1,0,1.0000,-1,6,12,11,0,29,0,0,0,0
100.9016,2,0,4,0,0,0,0,-1,0,1.0000,-1,6,12,11,0,29,0,0,0,0
100.9229,2,0,4,0,0,0,0,-1,0,1.0000,-1,6,12,11,0,29,0,0,0,0
100.9429,2,0,4,0,0,0,0,-1,0,1.0000,-1,6,12,11,0,29,0,0,0,0
100.9637,2,0,4,0,0,0,0,-1,0,1.0000,-1,6,12,11,0,29,0,0,0,0
100.9848,2,0,4,0,0,0,0,-1,0,1.0000,-1,6,12,11,0,29,0,0,0,0
101.0036,2,0,4,0,0,0,0,-1,0,1.0000,-1,6,12,11,0,29,0,0,0,0
101.0425,2,0,4,0,0,0,0,-1,0,1.0000,-1,6,12,11,0,29,0,0,0,0
101.0545,2,0,4,0,0,0,0,-1,0,1.0000,-1,6,12,11,0,29,0,0,0,0
101.0679,2,0,4,0,0,0,0,-1,0,1.0000,-1,6,12,11,0,29,0,0,0,0
101.0894,2,0,4,0,0,0,0,-1,0,1.0000,-1,6,12,11,0,29,0,0,0,0
101.1096,2,0,4,0,0,0,0,-1,0,1.0000,-1,6,12,11,0,29,0,0,0,0
101.1293,2,0,4,0,0,0,0,-1,0,1.0000,-1,6,12,11,0,29,0,0,0,0
101.1507,2,0,4,0,0,0,0,-1,0,1.0000,-1,6,12,11,0,29,0,0,0,0
101.171,2,0,4,0,0,0,0,-1,0,1.0000,-1,6,12,11,0,29,0,0,0,0
101.1908,2,0,4,0,0,0,0,-1,0,1.0000,-1,6,12,11,0,29,0,0,0,0
101.2135,2,0,4,0,0,0,0,-1,0,1.0000,-1,6,12,11,0,29,0,0,0,0
101.2512,2,0,4,0,0,0,0,-1,0,1.0000,-1,6,12,11,0,29,0,0,0,0
101.2636,2,0,4,0,0,0,0,-1,0,1.0000,-1,6,12,11,0,29,0,0,0,0
101.2777,2,0,4,0,0,0,0,-1,0,1.0000,-1,6,12,11,0,29,0,0,0,0
101.2989,2,0,4,0,0,0,0,-1,0,1.0000,-1,6,12,11,0,29,0,0,0,0
101.3189,2,0,4,0,0,0,0,-1,0,1.0000,-1,6,12,11,0,29,0,0,0,0
101.3395,2,0,4,0,0,0,0,-1,0,1.0000,-1,6,12,11,0,29,0,0,0,0
101.3597,2,0,4,0,0,0,0,-1,0,1.0000,-1,6,12,11,0,29,0,0,0,0
101.3811,2,0,4,0,0,0,0,-1,0,1.0000,-1,6,12,11,0,29,0,0,0,0
101.4017,2,0,4,0,0,0,0,-1,0,1.0000,-1,6,12,11,0,29,0,0,0,0
101.422,2,0,4,0,0,0,0,-1,0,1.0000,-1,6,12,11,0,29,0,0,0,0
101.4424,2,0,4,0,0,0,0,-1,0,1.0000,-1,6,12,11,0,29,0,0,0,0
101.4635,2,0,4,0,0,0,0,-1,0,0.0000,-1,6,12,11,0,29,0,0,0,0
101.4832,2,0,4,0,0,0,0,-1,0,0.0000,-1,6,12,11,0,29,0,0,0,0
101.5028,2,0,4,0,0,0,0,-1,0,0.0000,-1,6,12,11,0,29,0,0,0,0
101.5245,2,0,4,0,0,0,0,-1,0,0.0000,-1,6,12,11,0,29,0,0,0,0
101.5445,2,0,4,0,0,0,0,-1,0,0.0000,-1,6,12,11,0,29,0,0,0,0
101.5644,2,0,4,0,0,0,0,-1,0,0.0000,-1,6,12,11,0,29,0,0,0,0
101.5851,2,0,4,0,0,0,0,-1,0,0.0000,-1,6,12,11,0,29,0,0,0,0
101.6041,2,0,4,0,0,0,0,-1,0,0.0000,-1,6,12,11,0,29,0,0,0,0
101.6242,2,0,4,0,0,0,0,-1,0,0.0000,-1,6,12,11,0,29,0,0,0,0
101.662,2,0,4,0,0,0,0,-1,0,0.0000,-1,6,12,11,0,29,0,0,0,0
101.6748,2,0,4,0,0,0,0,-1,0,0.0000,-1,6,12,11,0,29,0,0,0,0
101.6866,2,0,4,0,0,0,0,-1,0,0.0000,-1,6,12,11,0,29,0,0,0,0
101.7073,2,0,4,0,0,0,0,-1,0,0.0000,-1,6,12,11,0,29,0,0,0,0
101.7274,2,0,4,0,0,0,0,-1,0,0.0000,-1,6,12,11,0,29,0,0,0,0
101.7478,2,0,4,0,0,0,0,-1,0,0.0000,-1,6,12,11,0,29,0,0,0,0
101.7683,2,0,4,0,0,0,0,-1,0,0.0000,-1,6,12,11,0,29,0,0,0,0
101.7896,2,0,4,0,0,0,0,-1,0,0.0000,-1,6,12,11,0,29,0,0,0,0
101.8108,2,0,4,0,0,0,0,-1,0,0.0000,-1,6,12,11,0,29,0,0,0,0
101.8294,2,0,4,0,0,0,0,-1,0,0.0000,-1,6,12,11,0,29,0,0,0,0
101.8691,2,0,4,0,0,0,0,-1,0,0.0000,-1,6,12,11,0,29,0,0,0,0
101.8828,2,0,4,0,0,0,1,123,0,0.0000,-1,6,12,11,0,29,0,0,0,0
101.8964,2,0,4,0,0,0,1,123,0,0.0000,-1,6,12,11,0,29,0,0,0,0
101.9141,2,0,4,0,0,0,1,123,0,0.0000,-1,6,12,11,0,29,0,0,0,0
101.9346,2,0,4,0,0,0,1,123,0,0.0000,-1,6,12,11,0,29,0,0,0,0
101.9547,2,0,4,0,0,0,1,123,0,0.0000,-1,6,12,11,0,29,0,0,0,0
101.9731,2,0,4,0,0,0,1,123,0,0.0000,-1,6,12,11,0,29,0,0,0,0
101.9926,2,0,4,0,0,0,1,123,0,0.0000,-1,6,12,11,0,29,0,0,0,0
102.0128,2,0,4,0,0,0,1,123,0,0.0000,-1,6,12,11,0,29,0,0,0,0
102.0315,2,0,4,0,0,0,1,123,0,0.0000,-1,6,12,11,0,29,0,0,0,0
102.0685,2,0,4,0,0,0,1,123,0,0.0000,-1,6,12,11,0,29,0,0,0,0
102.0815,2,0,4,0,0,0,1,123,0,0.0000,-1,6,12,11,0,29,0,0,0,0
102.0953,2,0,4,0,0,0,1,123,0,0.0000,-1,6,12,11,0,29,0,0,0,0
102.1131,2,0,4,0,0,0,1,123,0,0.0000,-1,6,12,11,0,29,0,0,0,0
102.1326,2,0,4,0,0,0,1,123,0,0.0000,-1,6,12,11,0,29,0,0,0,0
102.1527,2,0,4,0,0,0,1,123,0,0.0000,-1,6,12,11,0,29,0,0,0,0
102.1721,2,0,4,0,0,0,1,123,1,1.0000,-1,6,12,11,0,29,0,0,0,0
102.1912,2,0,4,0,0,0,1,123,0,1.0000,-1,6,12,11,0,29,0,0,0,0
102.211,2,0,4,0,0,0,1,123,0,1.0000,-1,6,12,11,0,29,0,0,0,0
102.2311,2,0,4,0,0,0,1,123,0,1.0000,-1,6,12,11,0,29,0,0,0,0
102.25,2,0,4,0,0,0,1,123,0,1.0000,-1,6,12,11,0,29,0,0,0,0
102.2694,2,0,4,0,0,0,1,123,0,1.0000,-1,6,12,11,0,29,0,0,0,0
102.2902,2,0,4,0,0,0,1,123,0,1.0000,-1,6,12,11,0,29,0,0,0,0
102.3109,2,0,4,0,0,0,1,123,0,1.0000,-1,6,12,11,0,29,0,0,0,0
102.3317,2,0,4,0,0,0,1,123,0,1.0000,-1,6,12,11,0,29,0,0,0,0
102.3533,2,0,4,0,0,0,0,-1,0,1.0000,-1,6,12,11,0,29,0,0,0,0
102.3739,2,0,4,0,0,0,0,-1,0,1.0000,-1,6,12,11,0,29,0,0,0,0
102.3955,2,0,4,0,0,0,0,-1,0,1.0000,-1,6,12,11,0,29,0,0,0,0
102.415,3,1,5,0,0,0,1,124,1,2.0000,123,6,12,12,0,30,0,0,0,0
102.4363,3,0,5,0,0,0,1,124,0,2.0000,-1,6,12,12,0,30,0,0,0,0
102.4561,3,0,5,0,0,0,1,124,0,2.0000,-1,6,12,12,0,30,0,0,0,0
102.4951,3,0,5,0,0,0,1,124,0,2.0000,-1,6,12,12,0,30,0,0,0,0
102.5074,3,0,5,0,0,0,1,124,0,2.0000,-1,6,12,12,0,30,0,0,0,0
102.5217,3,0,5,0,0,0,1,124,0,2.0000,-1,6,12,12,0,30,0,0,0,0
102.5439,3,0,5,0,0,0,1,124,0,2.0000,-1,6,12,12,0,30,0,0,0,0
102.5648,3,0,5,0,0,0,1,124,0,2.0000,-1,6,12,12,0,30,0,0,0,0
102.5847,3,0,5,0,0,0,1,124,0,2.0000,-1,6,12,12,0,30,0,0,0,0
102.6059,3,0,5,0,0,0,1,124,1,3.0000,-1,6,12,12,0,30,0,0,0,0
102.6264,3,0,5,0,0,0,1,124,0,3.0000,-1,6,12,12,0,30,0,0,0,0
102.6463,3,0,5,0,0,0,1,124,0,3.0000,-1,6,12,12,0,30,0,0,0,0
102.6667,3,0,5,0,0,0,1,124,0,3.0000,-1,6,12,12,0,30,0,0,0,0
102.7051,3,0,5,0,0,0,1,124,0,3.0000,-1,6,12,12,0,30,0,0,0,0
102.7174,3,0,5,0,0,0,1,124,0,3.0000,-1,6,12,12,0,30,0,0,0,0
102.7316,3,0,5,0,0,0,1,124,0,3.0000,-1,6,12,12,0,30,0,0,0,0
102.7524,3,0,5,0,0,0,1,124,0,3.0000,-1,6,12,12,0,30,0,0,0,0
102.7735,3,0,5,0,0,0,1,124,0,3.0000,-1,6,12,12,0,30,0,0,0,0
102.7935,3,0,5,0,0,0,1,124,0,3.0000,-1,6,12,12,0,30,0,0,0,0
102.8139,3,0,5,0,0,0,1,124,0,3.0000,-1,6,12,12,0,30,0,0,0,0
102.8355,3,0,5,0,0,0,1,124,0,3.0000,-1,6,12,12,0,30,0,0,0,0
102.8551,3,0,5,0,0,0,1,124,0,3.0000,-1,6,12,12,0,30,0,0,0,0
102.8766,3,0,5,0,0,0,1,124,0,3.0000,-1,6,12,12,0,30,0,0,0,0
102.8975,3,0,5,0,0,0,1,124,0,3.0000,-1,6,12,12,0,30,0,0,0,0
102.9158,3,0,5,0,0,0,0,-1,0,3.0000,124,6,12,13,0,31,0,0,0,0
102.9376,3,0,5,0,0,0,0,-1,0,3.0000,-1,6,12,13,0,31,0,0,0,0
102.9575,3,0,5,0,0,0,0,-1,1,4.0000,-1,6,12,13,0,31,0,0,0,0
102.9795,3,0,5,0,0,0,0,-1,0,4.0000,-1,6,12,13,0,31,0,0,0,0
102.9992,3,0,5,0,0,0,0,-1,0,4.0000,-1,6,12,13,0,31,0,0,0,0
103.0191,3,0,5,0,0,0,0,-1,0,4.0000,-1,6,12,13,0,31,0,0,0,0
103.0402,3,0,5,0,0,0,0,-1,0,4.0000,-1,6,12,13,0,31,0,0,0,0
103.0592,3,0,5,0,0,0,0,-1,0,4.0000,-1,6,12,13,0,31,0,0,0,0
103.0802,3,0,5,0,0,0,0,-1,0,4.0000,-1,6,12,13,0,31,0,0,0,0
103.1178,3,0,5,0,0,0,0,-1,0,4.0000,-1,6,12,13,0,31,0,0,0,0
103.1294,3,0,5,0,0,0,0,-1,0,4.0000,-1,6,12,13,0,31,0,0,0,0
103.1445,3,0,5,0,0,0,0,-1,0,4.0000,-1,6,12,13,0,31,0,0,0,0
103.165,3,0,5,0,0,0,0,-1,0,4.0000,-1,6,12,13,0,31,0,0,0,0
103.1855,3,0,5,0,0,0,0,-1,0,3.0000,-1,6,12,13,0,31,0,0,0,0
103.2069,3,0,5,0,0,0,0,-1,0,3.0000,-1,6,12,13,0,31,0,0,0,0
103.2266,3,0,5,0,0,0,0,-1,0,3.0000,-1,6,12,13,0,31,0,0,0,0
103.2478,3,0,5,0,0,0,0,-1,0,3.0000,-1,6,12,13,0,31,0,0,0,0
103.2685,3,0,5,0,0,0,0,-1,0,3.0000,-1,6,12,13,0,31,0,0,0,0
103.2889,3,0,5,0,0,0,0,-1,0,3.0000,-1,6,12,13,0,31,0,0,0,0
103.3085,3,0,5,0,0,0,0,-1,0,3.0000,-1,6,12,13,0,31,0,0,0,0
103.3302,3,0,5,0,0,0,0,-1,0,3.0000,-1,6,12,13,0,31,0,0,0,0
103.3505,3,0,5,0,0,0,0,-1,0,3.0000,-1,6,12,13,0,31,0,0,0,0
103.3705,3,0,5,0,0,0,0,-1,0,3.0000,-1,6,12,13,0,31,0,0,0,0
103.3912,3,0,5,0,0,0,0,-1,0,3.0000,-1,6,12,13,0,31,0,0,0,0
103.4128,3,0,5,0,0,0,0,-1,0,3.0000,-1,6,12,13,0,31,0,0,0,0
103.4336,3,0,5,0,0,0,0,-1,1,3.0000,-1,6,12,13,0,31,0,0,0,0
103.4535,3,0,5,0,0,0,0,-1,0,3.0000,-1,6,12,13,0,31,0,0,0,0
103.4733,3,0,5,0,0,0,0,-1,0,3.0000,-1,6,12,13,0,31,0,0,0,0
103.496,3,0,5,0,0,0,0,-1,0,3.0000,-1,6,12,13,0,31,0,0,0,0
103.5146,3,0,5,0,0,0,0,-1,0,3.0000,-1,6,12,13,0,31,0,0,0,0
103.5362,3,0,5,0,0,0,0,-1,0,3.0000,-1,6,12,13,0,31,0,0,0,0
103.5578,3,0,5,0,0,0,0,-1,0,3.0000,-1,6,12,13,0,31,0,0,0,0
103.5776,3,0,5,0,0,0,0,-1,0,3.0000,-1,6,12,13,0,31,0,0,0,0
103.5963,3,0,5,0,0,0,0,-1,0,3.0000,-1,6,12,13,0,31,0,0,0,0
103.6159,3,0,5,0,0,0,0,-1,0,2.0000,-1,6,12,13,0,31,0,0,0,0
103.6341,3,0,5,0,0,0,0,-1,0,2.0000,-1,6,12,13,0,31,0,0,0,0
103.6539,3,0,5,0,0,0,0,-1,0,2.0000,-1,6,12,13,0,31,0,0,0,0
103.6732,3,0,5,0,0,0,1,126,0,2.0000,-1,6,12,13,0,31,0,0,0,0
103.6932,3,0,5,0,0,0,1,126,0,2.0000,-1,6,12,13,0,31,0,0,0,0
103.7118,3,0,5,0,0,0,1,126,0,2.0000,-1,6,12,13,0,31,0,0,0,0
103.7495,3,0,5,0,0,0,1,126,0,2.0000,-1,6,12,13,0,31,0,0,0,0
103.7624,3,0,5,0,0,0,1,126,0,2.0000,-1,6,12,13,0,31,0,0,0,0
103.7754,3,0,5,0,0,0,1,126,0,2.0000,-1,6,12,13,0,31,0,0,0,0
103.7952,3,0,5,0,0,0,1,126,1,3.0000,-1,6,12,13,0,31,0,0,0,0
103.8156,3,0,5,0,0,0,1,126,0,3.0000,-1,6,12,13,0,31,0,0,0,0
103.8351,3,0,5,0,0,0,1,126,0,3.0000,-1,6,12,13,0,31,0,0,0,0
103.8553,3,0,5,0,0,0,1,126,0,3.0000,-1,6,12,13,0,31,0,0,0,0
103.8746,3,0,5,0,0,0,1,126,0,3.0000,-1,6,12,13,0,31,0,0,0,0
103.8942,3,0,5,0,0,0,1,126,0,3.0000,-1,6,12,13,0,31,0,0,0,0
103.9124,3,0,5,0,0,0,1,126,0,3.0000,-1,6,12,13,0,31,0,0,0,0
103.9331,3,0,5,0,0,0,1,126,0,3.0000,-1,6,12,13,0,31,0,0,0,0
103.9519,3,0,5,0,0,0,1,126,0,3.0000,-1,6,12,13,0,31,0,0,0,0
103.9709,3,0,5,0,0,0,1,126,0,2.0000,-1,6,12,13,0,31,0,0,0,0
103.9898,3,0,5,0,0,0,1,126,0,2.0000,-1,6,12,13,0,31,0,0,0,0
104.0109,3,0,5,0,0,0,1,126,1,3.0000,-1,6,12,13,0,31,0,0,0,0
104.0286,3,0,5,0,0,0,1,126,0,3.0000,-1,6,12,13,0,31,0,0,0,0
104.0471,3,0,5,0,0,0,1,126,0,3.0000,-1,6,12,13,0,31,0,0,0,0
104.0679,3,0,5,0,0,0,1,126,0,3.0000,-1,6,12,13,0,31,0,0,0,0
104.0868,3,0,5,0,0,0,1,126,0,3.0000,-1,6,12,13,0,31,0,0,0,0
104.1069,3,0,5,0,0,0,1,126,0,3.0000,-1,6,12,13,0,31,0,0,0,0
104.1269,3,0,5,0,0,0,1,126,0,3.0000,-1,6,12,13,0,31,0,0,0,0
104.1456,3,0,5,0,0,0,1,128,0,3.0000,126,6,12,14,0,32,0,0,0,0
104.1671,3,0,5,0,0,0,1,128,0,3.0000,-1,6,12,14,0,32,0,0,0,0
104.1829,3,0,5,0,0,0,1,128,0,3.0000,-1,6,12,14,0,32,0,0,0,0
104.2023,3,0,5,0,0,0,1,128,0,3.0000,-1,6,12,14,0,32,0,0,0,0
104.2232,3,0,5,0,0,0,1,128,0,3.0000,-1,6,12,14,0,32,0,0,0,0
104.244,3,0,5,0,0,0,1,128,0,3.0000,-1,6,12,14,0,32,0,0,0,0
104.2621,3,0,5,0,0,0,1,128,1,4.0000,-1,6,12,14,0,32,0,0,0,0
104.2809,3,0,5,0,0,0,0,-1,0,4.0000,-1,6,12,14,0,32,0,0,0,0
104.3012,3,0,5,0,0,0,0,-1,0,4.0000,-1,6,12,14,0,32,0,0,0,0
104.3206,3,0,5,0,0,0,0,-1,0,4.0000,-1,6,12,14,0,32,0,0,0,0
104.3395,3,0,5,0,0,0,0,-1,0,4.0000,-1,6,12,14,0,32,0,0,0,0
104.3774,3,0,5,0,0,0,0,-1,0,4.0000,-1,6,12,14,0,32,0,0,0,0
104.391,3,0,5,0,0,0,0,-1,0,4.0000,-1,6,12,14,0,32,0,0,0,0
104.4052,3,0,5,0,0,0,0,-1,0,4.0000,-1,6,12,14,0,32,0,0,0,0
104.424,3,0,5,0,0,0,0,-1,0,4.0000,-1,6,12,14,0,32,0,0,0,0
104.4437,3,0,5,0,0,0,0,-1,0,3.0000,-1,6,12,14,0,32,0,0,0,0
104.4632,3,0,5,0,0,0,0,-1,0,3.0000,-1,6,12,14,0,32,0,0,0,0
104.484,3,0,5,0,0,0,0,-1,0,3.0000,-1,6,12,14,0,32,0,0,0,0
104.5036,3,0,5,0,0,0,0,-1,0,3.0000,-1,6,12,14,0,32,0,0,0,0
104.5225,3,0,5,0,0,0,0,-1,0,3.0000,-1,6,12,14,0,32,0,0,0,0
104.5416,3,0,5,0,0,0,0,-1,0,3.0000,-1,6,12,14,0,32,0,0,0,0
104.5608,3,0,5,0,0,0,0,-1,0,3.0000,-1,6,12,14,0,32,0,0,0,0
104.5803,3,0,5,0,0,0,0,-1,0,3.0000,-1,6,12,14,0,32,0,0,0,0
104.5996,3,0,5,0,0,0,0,-1,0,3.0000,-1,6,12,14,0,32,0,0,0,0
104.6207,3,0,5,0,0,0,0,-1,0,3.0000,-1,6,12,14,0,32,0,0,0,0
104.6407,3,0,5,0,0,0,0,-1,0,3.0000,-1,6,12,14,0,32,0,0,0,0
104.6597,3,0,5,0,0,0,0,-1,0,3.0000,-1,6,12,14,0,32,0,0,0,0
104.679,3,0,5,0,0,0,0,-1,0,3.0000,-1,6,12,14,0,32,0,0,0,0
104.6978,3,0,5,0,0,0,0,-1,0,3.0000,-1,6,12,14,0,32,0,0,0,0
104.7185,3,0,5,0,0,0,0,-1,0,3.0000,-1,6,12,14,0,32,0,0,0,0
104.7369,3,0,5,0,0,0,0,-1,0,3.0000,-1,6,12,14,0,32,0,0,0,0
104.7571,3,0,5,0,0,0,0,-1,0,3.0000,-1,6,12,14,0,32,0,0,0,0
104.7928,3,0,5,0,0,0,0,-1,0,3.0000,-1,6,12,14,0,32,0,0,0,0
104.8057,3,0,5,0,0,0,0,-1,0,2.0000,-1,6,12,14,0,32,0,0,0,0
104.8182,3,0,5,0,0,0,0,-1,0,2.0000,-1,6,12,14,0,32,0,0,0,0
104.8374,3,0,5,0,0,0,0,-1,0,2.0000,-1,6,12,14,0,32,0,0,0,0
104.8587,3,0,5,0,0,0,0,-1,0,2.0000,-1,6,12,14,0,32,0,0,0,0
104.8788,3,0,5,0,0,0,0,-1,0,2.0000,-1,6,12,14,0,32,0,0,0,0
104.8982,3,0,5,0,0,0,0,-1,0,2.0000,-1,6,12,14,0,32,0,0,0,0
104.9168,3,0,5,0,0,0,0,-1,0,2.0000,-1,6,12,14,0,32,0,0,0,0
104.9356,3,0,5,0,0,0,0,-1,0,2.0000,-1,6,12,14,0,32,0,0,0,0
104.956,3,0,5,0,0,0,0,-1,0,2.0000,-1,6,12,14,0,32,0,0,0,0
104.9772,3,0,5,0,0,0,0,-1,0,2.0000,-1,6,12,14,0,32,0,0,0,0
104.9944,3,0,5,0,0,0,0,-1,0,2.0000,-1,6,12,14,0,32,0,0,0,0
105.0141,3,0,5,0,0,0,0,-1,0,1.0000,-1,6,12,14,0,32,0,0,0,0
105.0347,3,0,5,0,0,0,0,-1,0,1.0000,-1,6,12,14,0,32,0,0,0,0
105.0549,3,0,5,0,0,0,0,-1,0,1.0000,-1,6,12,14,0,32,0,0,0,0
105.0747,3,0,5,0,0,0,0,-1,0,1.0000,-1,6,12,14,0,32,0,0,0,0
105.0933,3,0,5,0,0,0,0,-1,0,1.0000,-1,6,12,14,0,32,0,0,0,0
105.1126,3,0,5,0,0,0,0,-1,0,1.0000,-1,6,12,14,0,32,0,0,0,0
105.1322,3,0,5,0,0,0,0,-1,0,1.0000,-1,6,12,14,0,32,0,0,0,0
105.1518,3,0,5,0,0,0,0,-1,0,1.0000,-1,6,12,14,0,32,0,0,0,0
105.1707,3,0,5,0,0,0,0,-1,0,1.0000,-1,6,12,14,0,32,0,0,0,0
105.1906,3,0,5,0,0,0,0,-1,0,1.0000,-1,6,12,14,0,32,0,0,0,0
105.2104,3,0,5,0,0,0,0,-1,0,1.0000,-1,6,12,14,0,32,0,0,0,0
105.2299,3,0,5,0,0,0,0,-1,0,1.0000,-1,6,12,14,0,32,0,0,0,0
105.2487,3,0,5,0,0,0,0,-1,0,1.0000,-1,6,12,14,0,32,0,0,0,0
105.2687,3,0,5,0,0,0,0,-1,0,0.0000,-1,6,12,14,0,32,0,0,0,0
105.2888,3,0,5,0,0,0,0,-1,0,0.0000,-1,6,12,14,0,32,0,0,0,0
105.3086,3,0,5,0,0,0,0,-1,0,0.0000,-1,6,12,14,0,32,0,0,0,0
105.327,3,0,5,0,0,0,0,-1,0,0.0000,-1,6,12,14,0,32,0,0,0,0
105.3475,3,0,5,0,0,0,0,-1,0,0.0000,-1,6,12,14,0,32,0,0,0,0
105.3671,3,0,5,0,0,0,0,-1,0,0.0000,-1,6,12,14,0,32,0,0,0,0
105.3874,3,0,5,0,0,0,0,-1,0,0.0000,-1,6,12,14,0,32,0,0,0,0
105.4054,3,0,5,0,0,0,0,-1,0,0.0000,-1,6,12,14,0,32,0,0,0,0
105.4258,3,0,5,0,0,0,0,-1,0,0.0000,-1,6,12,14,0,32,0,0,0,0
105.446,3,0,5,0,0,0,0,-1,0,0.0000,-1,6,12,14,0,32,0,0,0,0
105.4661,3,0,5,0,0,0,0,-1,0,0.0000,-1,6,12,14,0,32,0,0,0,0
105.4855,3,0,5,0,0,0,0,-1,0,0.0000,-1,6,12,14,0,32,0,0,0,0
105.505,3,0,5,0,0,0,0,-1,0,0.0000,-1,6,12,14,0,32,0,0,0,0
105.5244,3,0,5,0,0,0,0,-1,0,0.0000,-1,6,12,14,0,32,0,0,0,0
105.5439,3,0,5,0,0,0,0,-1,0,0.0000,-1,6,12,14,0,32,0,0,0,0
105.5643,3,0,5,0,0,0,0,-1,0,0.0000,-1,6,12,14,0,32,0,0,0,0
105.5833,3,0,5,0,0,0,0,-1,0,0.0000,-1,6,12,14,0,32,0,0,0,0
105.6028,3,0,5,0,0,0,1,131,0,0.0000,-1,6,12,14,0,32,0,0,0,0
105.6226,3,0,5,0,0,0,1,131,0,0.0000,-1,6,12,14,0,32,0,0,0,0
105.6431,3,0,5,0,0,0,1,131,0,0.0000,-1,6,12,14,0,32,0,0,0,0
105.6613,3,0,5,0,0,0,1,131,0,0.0000,-1,6,12,14,0,32,0,0,0,0
105.681,3,0,5,0,0,0,1,131,0,0.0000,-1,6,12,14,0,32,0,0,0,0
105.7007,3,0,5,0,0,0,1,131,0,0.0000,-1,6,12,14,0,32,0,0,0,0
105.7209,3,0,5,0,0,0,1,131,0,0.0000,-1,6,12,14,0,32,0,0,0,0
105.7399,3,0,5,0,0,0,1,131,0,0.0000,-1,6,12,14,0,32,0,0,0,0
105.7592,3,0,5,0,0,0,1,131,0,0.0000,-1,6,12,14,0,32,0,0,0,0
105.7794,3,0,5,0,0,0,1,131,0,0.0000,-1,6,12,14,0,32,0,0,0,0
105.8002,3,0,5,0,0,0,1,131,0,0.0000,-1,6,12,14,0,32,0,0,0,0
105.8202,3,0,5,0,0,0,1,131,0,0.0000,-1,6,12,14,0,32,0,0,0,0
105.8383,3,0,5,0,0,0,1,131,0,0.0000,-1,6,12,14,0,32,0,0,0,0
105.876,3,0,5,0,0,0,1,131,1,1.0000,-1,6,12,14,0,32,0,0,0,0
105.8871,3,0,5,0,0,0,0,-1,0,1.0000,-1,6,12,14,0,32,0,0,0,0
105.9004,3,0,5,0,0,0,0,-1,0,1.0000,-1,6,12,14,0,32,0,0,0,0
105.9217,3,0,5,0,0,0,0,-1,0,1.0000,-1,6,12,14,0,32,0,0,0,0
105.9417,3,0,5,0,0,0,0,-1,0,1.0000,-1,6,12,14,0,32,0,0,0,0
105.9618,3,0,5,0,0,0,0,-1,0,1.0000,-1,6,12,14,0,32,0,0,0,0
105.982,3,0,5,0,0,0,0,-1,0,1.0000,-1,6,12,14,0,32,0,0,0,0
106.0024,3,0,5,0,0,0,0,-1,0,1.0000,-1,6,12,14,0,32,0,0,0,0
106.0227,3,0,5,0,0,0,0,-1,0,1.0000,-1,6,12,14,0,32,0,0,0,0
106.0449,3,0,5,0,0,0,0,-1,0,1.0000,-1,6,12,14,0,32,0,0,0,0
106.0827,3,0,5,0,0,0,0,-1,0,1.0000,-1,6,12,14,0,32,0,0,0,0
106.0947,3,0,5,0,0,0,0,-1,0,1.0000,-1,6,12,14,0,32,0,0,0,0
106.11,3,0,5,0,0,0,0,-1,0,1.0000,-1,6,12,14,0,32,0,0,0,0
106.1292,3,0,5,0,0,0,0,-1,0,1.0000,-1,6,12,14,0,32,0,0,0,0
106.1497,3,0,5,0,0,0,0,-1,0,1.0000,-1,6,12,14,0,32,0,0,0,0
106.1712,3,0,5,0,0,0,0,-1,0,1.0000,-1,6,12,14,0,32,0,0,0,0
106.1914,3,0,5,0,0,0,0,-1,0,1.0000,-1,6,12,14,0,32,0,0,0,0
106.2127,3,0,5,0,0,0,0,-1,0,1.0000,-1,6,12,14,0,32,0,0,0,0
106.2327,3,0,5,0,0,0,0,-1,0,1.0000,-1,6,12,14,0,32,0,0,0,0
106.2509,3,0,5,0,0,0,0,-1,0,1.0000,-1,6,12,14,0,32,0,0,0,0
106.2709,3,0,5,0,0,0,0,-1,0,1.0000,-1,6,12,14,0,32,0,0,0,0
106.2912,3,0,5,0,0,0,0,-1,0,1.0000,-1,6,12,14,0,32,0,0,0,0
106.3124,3,0,5,0,0,0,0,-1,0,1.0000,-1,6,12,14,0,32,0,0,0,0
106.3311,3,0,5,0,0,0,0,-1,0,1.0000,-1,6,12,14,0,32,0,0,0,0
106.3493,3,0,5,0,0,0,0,-1,0,1.0000,-1,6,12,14,0,32,0,0,0,0
106.371,3,0,5,0,0,0,0,-1,0,1.0000,-1,6,12,14,0,32,0,0,0,0
106.3897,3,0,5,0,0,0,0,-1,0,1.0000,-1,6,12,14,0,32,0,0,0,0
106.4116,3,0,5,0,0,0,0,-1,0,1.0000,-1,6,12,14,0,32,0,0,0,0
106.4293,3,0,5,0,0,0,0,-1,0,1.0000,-1,6,12,14,0,32,0,0,0,0
106.4493,3,0,5,0,0,0,0,-1,0,1.0000,-1,6,12,14,0,32,0,0,0,0
106.4699,3,0,5,0,0,0,0,-1,0,1.0000,-1,6,12,14,0,32,0,0,0,0
106.4907,3,0,5,0,0,0,0,-1,0,1.0000,-1,6,12,14,0,32,0,0,0,0
106.5074,3,0,5,0,0,0,0,-1,0,1.0000,-1,6,12,14,0,32,0,0,0,0
106.5275,3,0,5,0,0,0,0,-1,0,1.0000,-1,6,12,14,0,32,0,0,0,0
106.5488,3,0,5,0,0,0,0,-1,0,1.0000,-1,6,12,14,0,32,0,0,0,0
106.5692,3,0,5,0,0,0,0,-1,0,1.0000,-1,6,12,14,0,32,0,0,0,0
106.5895,3,0,5,0,0,0,0,-1,0,1.0000,-1,6,12,14,0,32,0,0,0,0
106.6095,3,0,5,0,0,0,0,-1,0,1.0000,-1,6,12,14,0,32,0,0,0,0
106.6289,3,0,5,0,0,0,0,-1,0,1.0000,-1,6,12,14,0,32,0,0,0,0
106.6496,3,0,5,0,0,0,0,-1,0,1.0000,-1,6,12,14,0,32,0,0,0,0
106.668,3,0,5,0,0,0,0,-1,0,1.0000,-1,6,12,14,0,32,0,0,0,0
106.6889,3,0,5,0,0,0,0,-1,0,1.0000,-1,6,12,14,0,32,0,0,0,0
106.7068,3,0,5,0,0,0,0,-1,0,1.0000,-1,6,12,14,0,32,0,0,0,0
106.727,3,0,5,0,0,0,0,-1,0,1.0000,-1,6,12,14,0,32,0,0,0,0
106.7467,3,0,5,0,0,0,0,-1,0,1.0000,-1,6,12,14,0,32,0,0,0,0
106.7678,3,0,5,0,0,0,0,-1,0,1.0000,-1,6,12,14,0,32,0,0,0,0
106.7861,3,0,5,0,0,0,0,-1,0,1.0000,-1,6,12,14,0,32,0,0,0,0
106.8065,3,0,5,0,0,0,0,-1,0,1.0000,-1,6,12,14,0,32,0,0,0,0
106.8248,3,0,5,0,0,0,0,-1,0,1.0000,-1,6,12,14,0,32,0,0,0,0
106.8459,3,0,5,0,0,0,0,-1,0,1.0000,-1,6,12,14,0,32,0,0,0,0
106.8671,3,0,5,0,0,0,0,-1,0,1.0000,-1,6,12,14,0,32,0,0,0,0
106.8842,3,0,5,0,0,0,0,-1,0,0.0000,-1,6,12,14,0,32,0,0,0,0
106.9043,3,0,5,0,0,0,0,-1,0,0.0000,-1,6,12,14,0,32,0,0,0,0
106.9435,3,0,5,0,0,0,0,-1,0,0.0000,-1,6,12,14,0,32,0,0,0,0
106.9545,3,0,5,0,0,0,0,-1,0,0.0000,-1,6,12,14,0,32,0,0,0,0
106.9679,3,0,5,0,0,0,0,-1,0,0.0000,-1,6,12,14,0,32,0,0,0,0
106.9886,3,0,5,0,0,0,0,-1,0,0.0000,-1,6,12,14,0,32,0,0,0,0
107.008,3,0,5,0,0,0,0,-1,0,0.0000,-1,6,12,14,0,32,0,0,0,0
107.0275,3,0,5,0,0,0,0,-1,0,0.0000,-1,6,12,14,0,32,0,0,0,0
107.0473,3,0,5,0,0,0,0,-1,0,0.0000,-1,6,12,14,0,32,0,0,0,0
107.068,3,0,5,0,0,0,0,-1,1,1.0000,-1,6,12,14,0,32,0,0,0,0
107.0891,3,0,5,0,0,0,1,133,0,1.0000,-1,6,12,14,0,32,0,0,0,0
107.1094,3,0,5,0,0,0,1,133,0,1.0000,-1,6,12,14,0,32,0,0,0,0
107.1285,3,0,5,0,0,0,1,133,0,1.0000,-1,6,12,14,0,32,0,0,0,0
107.1477,3,0,5,0,0,0,1,133,0,1.0000,-1,6,12,14,0,32,0,0,0,0
107.1689,3,0,5,0,0,0,1,133,0,1.0000,-1,6,12,14,0,32,0,0,0,0
107.1896,3,0,5,0,0,0,1,133,0,1.0000,-1,6,12,14,0,32,0,0,0,0
107.2104,3,0,5,0,0,0,1,133,0,1.0000,-1,6,12,14,0,32,0,0,0,0
107.2308,3,0,5,0,0,0,1,133,0,1.0000,-1,6,12,14,0,32,0,0,0,0
107.2497,3,0,5,0,0,0,1,133,0,1.0000,-1,6,12,14,0,32,0,0,0,0
107.2702,3,0,5,0,0,0,1,133,0,1.0000,-1,6,12,14,0,32,0,0,0,0
107.2908,3,0,5,0,0,0,1,133,0,1.0000,-1,6,12,14,0,32,0,0,0,0
107.3119,3,0,5,0,0,0,1,133,0,1.0000,-1,6,12,14,0,32,0,0,0,0
107.3512,3,0,5,0,0,0,0,-1,0,1.0000,133,6,12,15,0,33,0,0,0,0
107.3649,3,0,5,0,0,0,0,-1,0,1.0000,-1,6,12,15,0,33,0,0,0,0
107.3778,3,0,5,0,0,0,0,-1,0,1.0000,-1,6,12,15,0,33,0,0,0,0
107.3987,3,0,5,0,0,0,0,-1,0,1.0000,-1,6,12,15,0,33,0,0,0,0
107.4184,3,0,5,0,0,0,0,-1,0,1.0000,-1,6,12,15,0,33,0,0,0,0
107.4395,3,0,5,0,0,0,0,-1,0,1.0000,-1,6,12,15,0,33,0,0,0,0
107.4613,3,0,5,0,0,0,0,-1,0,1.0000,-1,6,12,15,0,33,0,0,0,0
107.4811,3,0,5,0,0,0,0,-1,0,1.0000,-1,6,12,15,0,33,0,0,0,0
107.5026,3,0,5,0,0,0,0,-1,0,1.0000,-1,6,12,15,0,33,0,0,0,0
107.523,3,0,5,0,0,0,0,-1,0,1.0000,-1,6,12,15,0,33,0,0,0,0
107.5622,3,0,5,0,0,0,0,-1,0,1.0000,-1,6,12,15,0,33,0,0,0,0
107.5737,3,0,5,0,0,0,0,-1,0,1.0000,-1,6,12,15,0,33,0,0,0,0
107.5883,3,0,5,0,0,0,0,-1,0,1.0000,-1,6,12,15,0,33,0,0,0,0
107.6102,3,0,5,0,0,0,0,-1,1,2.0000,-1,6,12,15,0,33,0,0,0,0
107.6293,3,0,5,0,0,0,0,-1,0,2.0000,-1,6,12,15,0,33,0,0,0,0
107.6495,3,0,5,0,0,0,0,-1,0,2.0000,-1,6,12,15,0,33,0,0,0,0
107.6708,3,0,5,0,0,0,0,-1,0,2.0000,-1,6,12,15,0,33,0,0,0,0
107.6911,3,0,5,0,0,0,0,-1,0,2.0000,-1,6,12,15,0,33,0,0,0,0
107.7118,3,0,5,0,0,0,0,-1,0,2.0000,-1,6,12,15,0,33,0,0,0,0
107.7333,3,0,5,0,0,0,0,-1,0,2.0000,-1,6,12,15,0,33,0,0,0,0
107.7538,3,0,5,0,0,0,0,-1,0,2.0000,-1,6,12,15,0,33,0,0,0,0
107.7723,3,0,5,0,0,0,0,-1,0,2.0000,-1,6,12,15,0,33,0,0,0,0
107.7934,3,0,5,0,0,0,0,-1,0,2.0000,-1,6,12,15,0,33,0,0,0,0
107.8139,3,0,5,0,0,0,0,-1,0,2.0000,-1,6,12,15,0,33,0,0,0,0
107.8336,3,0,5,0,0,0,0,-1,0,2.0000,-1,6,12,15,0,33,0,0,0,0
107.8548,3,0,5,0,0,0,0,-1,0,2.0000,-1,6,12,15,0,33,0,0,0,0
107.8751,3,0,5,0,0,0,0,-1,0,2.0000,-1,6,12,15,0,33,0,0,0,0
107.895,3,0,5,0,0,0,0,-1,0,2.0000,-1,6,12,15,0,33,0,0,0,0
107.9169,3,0,5,0,0,0,0,-1,0,2.0000,-1,6,12,15,0,33,0,0,0,0
107.937,3,0,5,0,0,0,0,-1,0,2.0000,-1,6,12,15,0,33,0,0,0,0
107.9575,3,0,5,0,0,0,0,-1,0,2.0000,-1,6,12,15,0,33,0,0,0,0
107.9781,3,0,5,0,0,0,0,-1,0,2.0000,-1,6,12,15,0,33,0,0,0,0
107.9993,3,0,5,0,0,0,0,-1,0,2.0000,-1,6,12,15,0,33,0,0,0,0
108.0175,3,0,5,0,0,0,0,-1,0,2.0000,-1,6,12,15,0,33,0,0,0,0
108.0383,3,0,5,0,0,0,0,-1,0,2.0000,-1,6,12,15,0,33,0,0,0,0
108.0587,3,0,5,0,0,0,0,-1,0,2.0000,-1,6,12,15,0,33,0,0,0,0
108.0786,3,0,5,0,0,0,0,-1,0,1.0000,-1,6,12,15,0,33,0,0,0,0
108.1012,3,0,5,0,0,0,0,-1,0,1.0000,-1,6,12,15,0,33,0,0,0,0
108.1211,3,0,5,0,0,0,0,-1,0,1.0000,-1,6,12,15,0,33,0,0,0,0
108.1396,3,0,5,0,0,0,0,-1,0,1.0000,-1,6,12,15,0,33,0,0,0,0
108.1598,3,0,5,0,0,0,0,-1,0,1.0000,-1,6,12,15,0,33,0,0,0,0
108.1801,3,0,5,0,0,0,0,-1,0,1.0000,-1,6,12,15,0,33,0,0,0,0
108.201,3,0,5,0,0,0,0,-1,0,1.0000,-1,6,12,15,0,33,0,0,0,0
108.2207,3,0,5,0,0,0,0,-1,0,1.0000,-1,6,12,15,0,33,0,0,0,0
108.2399,3,0,5,0,0,0,0,-1,0,1.0000,-1,6,12,15,0,33,0,0,0,0
108.2587,3,0,5,0,0,0,0,-1,0,1.0000,-1,6,12,15,0,33,0,0,0,0
108.2797,3,0,5,0,0,0,0,-1,0,1.0000,-1,6,12,15,0,33,0,0,0,0
108.3009,3,0,5,0,0,0,0,-1,0,1.0000,-1,6,12,15,0,33,0,0,0,0
108.3202,3,0,5,0,0,0,0,-1,0,1.0000,-1,6,12,15,0,33,0,0,0,0
108.3386,3,0,5,0,0,0,0,-1,0,1.0000,-1,6,12,15,0,33,0,0,0,0
108.3594,3,0,5,0,0,0,0,-1,0,1.0000,-1,6,12,15,0,33,0,0,0,0
108.3974,3,0,5,0,0,0,0,-1,0,1.0000,-1,6,12,15,0,33,0,0,0,0
108.4096,3,0,5,0,0,0,0,-1,0,1.0000,-1,6,12,15,0,33,0,0,0,0
108.4237,3,0,5,0,0,0,0,-1,0,1.0000,-1,6,12,15,0,33,0,0,0,0
108.4444,3,0,5,0,0,0,0,-1,0,1.0000,-1,6,12,15,0,33,0,0,0,0
108.4641,3,0,5,0,0,0,0,-1,0,1.0000,-1,6,12,15,0,33,0,0,0,0
108.4828,3,0,5,0,0,0,0,-1,0,1.0000,-1,6,12,15,0,33,0,0,0,0
108.5029,3,0,5,0,0,0,0,-1,0,1.0000,-1,6,12,15,0,33,0,0,0,0
108.5232,3,0,5,0,0,0,0,-1,0,1.0000,-1,6,12,15,0,33,0,0,0,0
108.5445,3,0,5,0,0,0,0,-1,0,1.0000,-1,6,12,15,0,33,0,0,0,0
108.565,3,0,5,0,0,0,0,-1,0,1.0000,-1,6,12,15,0,33,0,0,0,0
108.584,3,0,5,0,0,0,0,-1,0,1.0000,-1,6,12,15,0,33,0,0,0,0
108.6038,3,0,5,0,0,0,0,-1,0,1.0000,-1,6,12,15,0,33,0,0,0,0
108.6236,3,0,5,0,0,0,0,-1,0,0.0000,-1,6,12,15,0,33,0,0,0,0
108.6443,3,0,5,0,0,0,0,-1,0,0.0000,-1,6,12,15,0,33,0,0,0,0
108.6651,3,0,5,0,0,0,0,-1,0,0.0000,-1,6,12,15,0,33,0,0,0,0
108.6852,3,0,5,0,0,0,0,-1,0,0.0000,-1,6,12,15,0,33,0,0,0,0
108.7053,3,0,5,0,0,0,0,-1,0,0.0000,-1,6,12,15,0,33,0,0,0,0
108.7249,3,0,5,0,0,0,0,-1,1,1.0000,-1,6,12,15,0,33,0,0,0,0
108.7452,3,0,5,0,0,0,0,-1,0,1.0000,-1,6,12,15,0,33,0,0,0,0
108.7668,3,0,5,0,0,0,0,-1,0,1.0000,-1,6,12,15,0,33,0,0,0,0
108.7862,3,0,5,0,0,0,0,-1,0,1.0000,-1,6,12,15,0,33,0,0,0,0
108.8069,3,0,5,0,0,0,0,-1,0,1.0000,-1,6,12,15,0,33,0,0,0,0
108.825,3,0,5,0,0,0,0,-1,0,1.0000,-1,6,12,15,0,33,0,0,0,0
108.8454,3,0,5,0,0,0,0,-1,0,1.0000,-1,6,12,15,0,33,0,0,0,0
108.8671,3,0,5,0,0,0,0,-1,0,1.0000,-1,6,12,15,0,33,0,0,0,0
108.8869,3,0,5,1,0,0,0,-1,0,1.0000,-1,6,12,15,0,33,0,0,0,0
108.9059,3,0,5,1,0,0,0,-1,0,1.0000,-1,6,12,15,0,33,0,0,0,0
108.9252,3,0,5,1,0,0,0,-1,0,1.0000,-1,6,12,15,0,33,0,0,0,0
108.9455,3,0,5,1,0,0,0,-1,0,1.0000,-1,6,12,15,0,33,0,0,0,0
108.9676,3,0,5,1,0,0,0,-1,0,1.0000,-1,6,12,15,0,33,0,0,0,0
109.004,3,0,5,1,0,0,0,-1,0,1.0000,-1,6,12,15,0,33,0,0,0,0
109.0161,3,0,5,1,0,0,0,-1,0,1.0000,-1,6,12,15,0,33,0,0,0,0
109.0291,3,0,5,1,0,0,0,-1,0,1.0000,-1,6,12,15,0,33,0,0,0,0
109.0494,3,0,5,1,0,0,0,-1,0,1.0000,-1,6,12,15,0,33,0,0,0,0
109.0684,3,0,5,1,0,0,0,-1,0,1.0000,-1,6,12,15,0,33,0,0,0,0
109.0882,3,0,5,1,0,0,0,-1,0,1.0000,-1,6,12,15,0,33,0,0,0,0
109.1089,3,0,5,1,0,0,0,-1,0,1.0000,-1,6,12,15,0,33,0,0,0,0
109.1287,3,0,5,1,0,0,0,-1,0,1.0000,-1,6,12,15,0,33,0,0,0,0
109.1488,3,0,5,1,0,0,0,-1,0,1.0000,-1,6,12,15,0,33,0,0,0,0
109.1677,3,0,5,1,0,0,0,-1,0,1.0000,-1,6,12,15,0,33,0,0,0,0
109.1896,3,0,5,1,0,0,0,-1,0,1.0000,-1,6,12,15,0,33,0,0,0,0
109.2084,3,0,5,1,0,0,0,-1,0,1.0000,-1,6,12,15,0,33,0,0,0,0
109.2282,3,0,5,1,0,0,0,-1,0,1.0000,-1,6,12,15,0,33,0,0,0,0
109.2466,3,0,5,1,0,0,0,-1,0,1.0000,-1,6,12,15,0,33,0,0,0,0
109.2681,3,0,5,1,0,0,0,-1,0,1.0000,-1,6,12,15,0,33,0,0,0,0
109.2865,3,0,5,1,0,0,0,-1,0,1.0000,-1,6,12,15,0,33,0,0,0,0
109.3051,3,0,5,1,0,0,0,-1,0,1.0000,-1,6,12,15,0,33,0,0,0,0
109.3245,3,0,5,1,0,0,0,-1,0,1.0000,-1,6,12,15,0,33,0,0,0,0
109.3445,3,0,5,1,0,0,0,-1,0,1.0000,-1,6,12,15,0,33,0,0,0,0
109.3654,3,0,5,1,0,0,0,-1,0,1.0000,-1,6,12,15,0,33,0,0,0,0
109.3834,3,0,5,1,0,0,0,-1,0,1.0000,-1,6,12,15,0,33,0,0,0,0
109.4016,3,0,5,1,0,0,0,-1,0,1.0000,-1,6,12,15,0,33,0,0,0,0
109.4216,3,0,5,1,0,0,0,-1,0,1.0000,-1,6,12,15,0,33,0,0,0,0
109.4415,3,0,5,1,0,0,0,-1,0,1.0000,-1,6,12,15,0,33,0,0,0,0
109.4627,3,0,5,1,0,0,0,-1,0,1.0000,-1,6,12,15,0,33,0,0,0,0
109.4825,3,0,5,1,0,0,0,-1,0,1.0000,-1,6,12,15,0,33,0,0,0,0
109.5021,3,0,5,1,0,0,0,-1,0,1.0000,-1,6,12,15,0,33,0,0,0,0
109.5223,3,0,5,1,1,0,0,-1,0,1.0000,-1,6,12,15,0,33,0,0,0,0
109.5423,3,0,5,1,1,0,0,-1,0,1.0000,-1,6,12,15,0,33,0,0,0,0
109.5612,3,0,5,1,1,0,0,-1,0,1.0000,-1,6,12,15,0,33,0,0,0,0
109.578,3,0,5,1,1,0,0,-1,0,1.0000,-1,6,12,15,0,33,0,0,0,0
109.5991,3,0,5,1,1,0,0,-1,0,1.0000,-1,6,12,15,0,33,0,0,0,0
109.6169,3,0,5,1,1,0,0,-1,0,1.0000,-1,6,12,15,0,33,0,0,0,0
109.6367,3,0,5,1,1,0,0,-1,0,1.0000,-1,6,12,15,0,33,0,0,0,0
109.6544,3,0,5,1,1,0,0,-1,0,1.0000,-1,6,12,15,0,33,0,0,0,0
109.6764,3,0,5,1,1,0,0,-1,0,1.0000,-1,6,12,15,0,33,0,0,0,0
109.6943,3,0,5,1,1,0,0,-1,0,1.0000,-1,6,12,15,0,33,0,0,0,0
109.7128,3,0,5,1,1,0,0,-1,0,1.0000,-1,6,12,15,0,33,0,0,0,0
109.7358,3,0,5,1,1,0,0,-1,0,0.0000,-1,6,12,15,0,33,0,0,0,0
109.7551,3,0,5,1,1,0,0,-1,0,0.0000,-1,6,12,15,0,33,0,0,0,0
109.772,3,0,5,1,1,0,0,-1,0,0.0000,-1,6,12,15,0,33,0,0,0,0
109.791,3,0,5,1,1,0,0,-1,0,0.0000,-1,6,12,15,0,33,0,0,0,0
109.8131,3,0,5,1,1,0,0,-1,0,0.0000,-1,6,12,15,0,33,0,0,0,0
109.8491,3,0,5,1,1,0,0,-1,0,0.0000,-1,6,12,15,0,33,0,0,0,0
109.8617,3,0,5,1,1,0,0,-1,0,0.0000,-1,6,12,15,0,33,0,0,0,0
109.8751,3,0,5,1,1,0,0,-1,1,1.0000,-1,6,12,15,0,33,0,0,0,0
109.894,3,0,5,1,1,0,0,-1,0,1.0000,-1,6,12,15,0,33,0,0,0,0
109.9138,3,0,5,1,1,0,0,-1,0,1.0000,-1,6,12,15,0,33,0,0,0,0
109.9322,3,0,5,1,1,0,0,-1,0,1.0000,-1,6,12,15,0,33,0,0,0,0
109.9525,3,0,5,1,1,0,0,-1,0,1.0000,-1,6,12,15,0,33,0,0,0,0
109.9721,3,0,5,1,1,0,0,-1,0,1.0000,-1,6,12,15,0,33,0,0,0,0
109.9917,3,0,5,1,1,0,0,-1,0,1.0000,-1,6,12,15,0,33,0,0,0,0
110.0104,3,0,5,1,1,0,0,-1,0,1.0000,-1,6,12,15,0,33,0,0,0,0
110.0309,3,0,5,1,1,0,0,-1,0,1.0000,-1,6,12,15,0,33,0,0,0,0
110.0679,3,0,5,1,1,0,0,-1,0,1.0000,-1,6,12,15,0,33,0,0,0,0
110.0797,3,0,5,1,1,0,0,-1,0,1.0000,-1,6,12,15,0,33,0,0,0,0
110.0928,3,0,5,1,1,0,0,-1,0,1.0000,-1,6,12,15,0,33,0,0,0,0
110.1136,3,0,5,1,0,0,0,-1,0,1.0000,-1,6,12,15,0,33,0,0,0,0
110.1328,3,0,5,1,0,0,1,140,0,1.0000,-1,6,12,15,0,33,0,0,0,0
110.1539,3,0,5,1,0,0,1,140,0,1.0000,-1,6,12,15,0,33,0,0,0,0
110.1737,3,0,5,1,0,0,1,140,0,1.0000,-1,6,12,15,0,33,0,0,0,0
110.1943,3,0,5,1,0,0,1,140,0,1.0000,-1,6,12,15,0,33,0,0,0,0
110.2128,3,0,5,1,0,0,1,140,0,1.0000,-1,6,12,15,0,33,0,0,0,0
110.2328,3,0,5,1,0,0,1,140,0,1.0000,-1,6,12,15,0,33,0,0,0,0
110.2712,3,0,5,1,0,0,1,140,0,1.0000,-1,6,12,15,0,33,0,0,0,0
110.2818,3,0,5,1,0,0,0,-1,0,1.0000,140,6,12,16,0,34,0,0,0,0
110.2983,3,0,5,1,0,0,0,-1,0,1.0000,-1,6,12,16,0,34,0,0,0,0
110.3183,3,0,5,1,0,0,0,-1,0,1.0000,-1,6,12,16,0,34,0,0,0,0
110.3385,3,0,5,1,0,0,0,-1,0,1.0000,-1,6,12,16,0,34,0,0,0,0
110.3584,3,0,5,1,0,0,0,-1,0,1.0000,-1,6,12,16,0,34,0,0,0,0
110.3783,3,0,5,1,0,0,0,-1,0,1.0000,-1,6,12,16,0,34,0,0,0,0
110.4003,3,0,5,1,0,0,0,-1,0,1.0000,-1,6,12,16,0,34,0,0,0,0
110.4198,3,0,5,1,0,0,0,-1,0,1.0000,-1,6,12,16,0,34,0,0,0,0
110.44,3,0,5,1,0,0,0,-1,0,1.0000,-1,6,12,16,0,34,0,0,0,0
110.4767,3,0,5,1,0,0,0,-1,1,2.0000,-1,6,12,16,0,34,0,0,0,0
110.4888,3,0,5,1,0,0,0,-1,0,2.0000,-1,6,12,16,0,34,0,0,0,0
110.5014,3,0,5,1,0,0,0,-1,0,2.0000,-1,6,12,16,0,34,0,0,0,0
110.5218,3,0,5,1,0,0,0,-1,0,2.0000,-1,6,12,16,0,34,0,0,0,0
110.5419,3,0,5,1,0,0,0,-1,0,2.0000,-1,6,12,16,0,34,0,0,0,0
110.5622,3,0,5,1,0,0,0,-1,0,2.0000,-1,6,12,16,0,34,0,0,0,0
110.5809,3,0,5,1,0,0,0,-1,0,2.0000,-1,6,12,16,0,34,0,0,0,0
110.6006,3,0,5,1,0,0,0,-1,0,2.0000,-1,6,12,16,0,34,0,0,0,0
110.6216,3,0,5,1,0,0,0,-1,0,2.0000,-1,6,12,16,0,34,0,0,0,0
110.6411,3,0,5,1,0,0,0,-1,0,2.0000,-1,6,12,16,0,34,0,0,0,0
110.6605,3,0,5,0,0,0,0,-1,0,2.0000,-1,6,12,16,0,34,0,0,0,0
110.6816,3,0,5,0,0,0,0,-1,0,2.0000,-1,6,12,16,0,34,0,0,0,0
110.701,3,0,5,0,0,0,0,-1,0,2.0000,-1,6,12,16,0,34,0,0,0,0
110.7219,3,0,5,0,0,0,0,-1,0,2.0000,-1,6,12,16,0,34,0,0,0,0
110.7417,3,0,5,0,0,0,0,-1,0,2.0000,-1,6,12,16,0,34,0,0,0,0
110.7615,3,0,5,0,0,0,0,-1,0,2.0000,-1,6,12,16,0,34,0,0,0,0
110.7815,3,0,5,0,0,0,0,-1,0,2.0000,-1,6,12,16,0,34,0,0,0,0
110.8018,3,0,5,0,0,0,0,-1,0,2.0000,-1,6,12,16,0,34,0,0,0,0
110.8228,3,0,5,0,0,0,0,-1,0,2.0000,-1,6,12,16,0,34,0,0,0,0
110.8427,3,0,5,0,0,0,0,-1,0,2.0000,-1,6,12,16,0,34,0,0,0,0
110.8792,3,0,5,0,0,0,0,-1,1,2.0000,-1,6,12,16,0,34,0,0,0,0
110.8904,3,0,5,0,0,0,0,-1,0,2.0000,-1,6,12,16,0,34,0,0,0,0
110.9048,3,0,5,0,0,0,0,-1,0,2.0000,-1,6,12,16,0,34,0,0,0,0
110.925,3,0,5,0,0,0,0,-1,0,2.0000,-1,6,12,16,0,34,0,0,0,0
110.9454,3,0,5,0,0,0,0,-1,0,2.0000,-1,6,12,16,0,34,0,0,0,0
110.9672,3,0,5,0,0,0,0,-1,0,2.0000,-1,6,12,16,0,34,0,0,0,0
110.9878,3,0,5,0,0,0,0,-1,0,2.0000,-1,6,12,16,0,34,0,0,0,0
111.006,3,0,5,0,0,0,0,-1,0,2.0000,-1,6,12,16,0,34,0,0,0,0
111.0266,3,0,5,0,0,0,0,-1,0,2.0000,-1,6,12,16,0,34,0,0,0,0
111.0469,3,0,5,0,0,0,0,-1,0,2.0000,-1,6,12,16,0,34,0,0,0,0
111.0676,3,0,5,0,0,0,0,-1,0,2.0000,-1,6,12,16,0,34,0,0,0,0
111.089,3,0,5,0,0,0,0,-1,0,2.0000,-1,6,12,16,0,34,0,0,0,0
111.1086,3,0,5,0,0,0,0,-1,0,2.0000,-1,6,12,16,0,34,0,0,0,0
111.1284,3,0,5,0,0,0,0,-1,0,2.0000,-1,6,12,16,0,34,0,0,0,0
111.1479,3,0,5,0,0,0,0,-1,0,2.0000,-1,6,12,16,0,34,0,0,0,0
111.1689,3,0,5,0,0,0,0,-1,0,2.0000,-1,6,12,16,0,34,0,0,0,0
111.1897,3,0,5,0,0,0,0,-1,0,2.0000,-1,6,12,16,0,34,0,0,0,0
111.2106,3,0,5,0,0,0,0,-1,0,2.0000,-1,6,12,16,0,34,0,0,0,0
111.2282,3,0,5,0,0,0,0,-1,0,2.0000,-1,6,12,16,0,34,0,0,0,0
111.2492,3,0,5,0,0,0,0,-1,0,2.0000,-1,6,12,16,0,34,0,0,0,0
111.2695,3,0,5,0,0,0,0,-1,0,2.0000,-1,6,12,16,0,34,0,0,0,0
111.2909,3,0,5,0,0,0,0,-1,0,2.0000,-1,6,12,16,0,34,0,0,0,0
111.3119,3,0,5,0,0,0,0,-1,0,2.0000,-1,6,12,16,0,34,0,0,0,0
111.3293,3,0,5,0,0,0,0,-1,1,3.0000,-1,6,12,16,0,34,0,0,0,0
111.3499,3,0,5,0,0,0,0,-1,0,3.0000,-1,6,12,16,0,34,0,0,0,0
111.3691,3,0,5,0,0,0,0,-1,0,3.0000,-1,6,12,16,0,34,0,0,0,0
111.3905,3,0,5,0,0,0,0,-1,0,3.0000,-1,6,12,16,0,34,0,0,0,0
111.4109,3,0,5,0,0,0,0,-1,0,3.0000,-1,6,12,16,0,34,0,0,0,0
111.4297,3,0,5,0,0,0,0,-1,0,3.0000,-1,6,12,16,0,34,0,0,0,0
111.4495,3,0,5,0,0,0,0,-1,0,3.0000,-1,6,12,16,0,34,0,0,0,0
111.4708,3,0,5,0,0,0,0,-1,0,3.0000,-1,6,12,16,0,34,0,0,0,0
111.4895,3,0,5,0,0,0,0,-1,0,2.0000,-1,6,12,16,0,34,0,0,0,0
111.5101,3,0,5,0,0,0,1,142,0,2.0000,-1,6,12,16,0,34,0,0,0,0
111.5286,3,0,5,0,0,0,1,142,0,2.0000,-1,6,12,16,0,34,0,0,0,0
111.5491,3,0,5,0,0,0,1,142,0,2.0000,-1,6,12,16,0,34,0,0,0,0
111.569,3,0,5,0,0,0,1,142,1,3.0000,-1,6,12,16,0,34,0,0,0,0
111.5895,3,0,5,0,0,0,1,142,0,3.0000,-1,6,12,16,0,34,0,0,0,0
111.611,3,0,5,0,0,0,1,142,0,3.0000,-1,6,12,16,0,34,0,0,0,0
111.6306,3,0,5,0,0,0,1,142,0,3.0000,-1,6,12,16,0,34,0,0,0,0
111.65,3,0,5,0,0,0,0,-1,0,3.0000,-1,6,12,16,0,34,0,0,0,0
111.6891,3,0,5,0,0,0,0,-1,0,3.0000,-1,6,12,16,0,34,0,0,0,0
111.7014,3,0,5,0,0,0,0,-1,0,3.0000,-1,6,12,16,0,34,0,0,0,0
111.7155,3,0,5,0,0,0,0,-1,0,3.0000,-1,6,12,16,0,34,0,0,0,0
111.7339,3,0,5,0,0,0,0,-1,0,3.0000,-1,6,12,16,0,34,0,0,0,0
111.7556,3,0,5,0,0,0,0,-1,0,3.0000,-1,6,12,16,0,34,0,0,0,0
111.7751,3,0,5,0,0,0,0,-1,0,3.0000,-1,6,12,16,0,34,0,0,0,0
111.7949,3,0,5,0,0,0,0,-1,0,3.0000,-1,6,12,16,0,34,0,0,0,0
111.8152,3,0,5,0,0,0,0,-1,0,3.0000,-1,6,12,16,0,34,0,0,0,0
111.8359,3,0,5,0,0,0,0,-1,0,3.0000,-1,6,12,16,0,34,0,0,0,0
111.8561,3,0,5,0,0,0,0,-1,0,3.0000,-1,6,12,16,0,34,0,0,0,0
111.8769,3,0,5,0,0,0,0,-1,0,3.0000,-1,6,12,16,0,34,0,0,0,0
111.8966,3,0,5,0,0,0,0,-1,0,2.0000,-1,6,12,16,0,34,0,0,0,0
111.9165,3,0,5,0,0,0,0,-1,0,2.0000,-1,6,12,16,0,34,0,0,0,0
111.9369,3,0,5,0,0,0,0,-1,1,3.0000,-1,6,12,16,0,34,0,0,0,0
111.9574,3,0,5,0,0,0,0,-1,0,3.0000,-1,6,12,16,0,34,0,0,0,0
111.9794,3,0,5,0,0,0,0,-1,0,3.0000,-1,6,12,16,0,34,0,0,0,0
111.9993,3,0,5,0,0,0,0,-1,0,3.0000,-1,6,12,16,0,34,0,0,0,0
112.0177,3,0,5,0,0,0,0,-1,0,3.0000,-1,6,12,16,0,34,0,0,0,0
112.0379,3,0,5,0,0,0,0,-1,0,3.0000,-1,6,12,16,0,34,0,0,0,0
112.0579,3,0,5,0,0,0,0,-1,0,3.0000,-1,6,12,16,0,34,0,0,0,0
112.0977,3,0,5,0,0,0,0,-1,0,3.0000,-1,6,12,16,0,34,0,0,0,0
112.1098,3,0,5,0,0,0,0,-1,0,3.0000,-1,6,12,16,0,34,0,0,0,0
112.1241,3,0,5,0,0,0,0,-1,0,3.0000,-1,6,12,16,0,34,0,0,0,0
112.1452,3,0,5,0,0,0,0,-1,0,3.0000,-1,6,12,16,0,34,0,0,0,0
112.1655,3,0,5,0,0,0,0,-1,0,3.0000,-1,6,12,16,0,34,0,0,0,0
112.1849,3,0,5,0,0,0,0,-1,0,3.0000,-1,6,12,16,0,34,0,0,0,0
112.2056,3,0,5,0,0,0,0,-1,0,3.0000,-1,6,12,16,0,34,0,0,0,0
112.2251,3,0,5,0,0,0,0,-1,0,3.0000,-1,6,12,16,0,34,0,0,0,0
112.2454,3,0,5,0,0,0,0,-1,0,3.0000,-1,6,12,16,0,34,0,0,0,0
112.2672,3,0,5,0,0,0,0,-1,0,3.0000,-1,6,12,16,0,34,0,0,0,0
112.3038,3,0,5,0,0,0,0,-1,0,3.0000,-1,6,12,16,0,34,0,0,0,0
112.3154,3,0,5,0,0,0,0,-1,0,3.0000,-1,6,12,16,0,34,0,0,0,0
112.3305,3,0,5,0,0,0,0,-1,0,2.0000,-1,6,12,16,0,34,0,0,0,0
112.3502,3,0,5,0,0,0,0,-1,0,2.0000,-1,6,12,16,0,34,0,0,0,0
112.3709,3,0,5,0,0,0,0,-1,0,2.0000,-1,6,12,16,0,34,0,0,0,0
112.39,3,0,5,0,0,0,0,-1,0,2.0000,-1,6,12,16,0,34,0,0,0,0
112.4113,3,0,5,0,0,0,0,-1,0,2.0000,-1,6,12,16,0,34,0,0,0,0
112.4317,3,0,5,0,0,0,0,-1,0,2.0000,-1,6,12,16,0,34,0,0,0,0
112.4516,3,0,5,0,0,0,0,-1,0,2.0000,-1,6,12,16,0,34,0,0,0,0
112.4724,3,0,5,0,0,0,0,-1,0,2.0000,-1,6,12,16,0,34,0,0,0,0
112.4905,3,0,5,0,0,0,0,-1,0,2.0000,-1,6,12,16,0,34,0,0,0,0
112.5117,3,0,5,0,0,0,0,-1,0,2.0000,-1,6,12,16,0,34,0,0,0,0
112.5324,3,0,5,0,0,0,0,-1,0,2.0000,-1,6,12,16,0,34,0,0,0,0
112.5516,3,0,5,0,0,0,0,-1,0,2.0000,-1,6,12,16,0,34,0,0,0,0
112.5719,3,0,5,0,0,0,0,-1,0,1.0000,-1,6,12,16,0,34,0,0,0,0
112.5909,3,0,5,0,0,0,0,-1,0,1.0000,-1,6,12,16,0,34,0,0,0,0
112.6121,3,0,5,0,0,0,0,-1,0,1.0000,-1,6,12,16,0,34,0,0,0,0
112.6336,3,0,5,0,0,0,0,-1,0,1.0000,-1,6,12,16,0,34,0,0,0,0
112.6527,3,0,5,0,0,0,0,-1,0,1.0000,-1,6,12,16,0,34,0,0,0,0
112.6746,3,0,5,0,0,0,0,-1,0,1.0000,-1,6,12,16,0,34,0,0,0,0
112.6935,3,0,5,0,0,0,0,-1,0,1.0000,-1,6,12,16,0,34,0,0,0,0
112.7118,3,0,5,0,0,0,0,-1,0,1.0000,-1,6,12,16,0,34,0,0,0,0
112.7336,3,0,5,0,0,0,0,-1,0,1.0000,-1,6,12,16,0,34,0,0,0,0
112.7521,3,0,5,0,0,0,0,-1,0,1.0000,-1,6,12,16,0,34,0,0,0,0
112.7724,3,0,5,0,0,0,0,-1,0,1.0000,-1,6,12,16,0,34,0,0,0,0
112.7916,3,0,5,0,0,0,0,-1,0,1.0000,-1,6,12,16,0,34,0,0,0,0
112.8118,3,0,5,0,0,0,0,-1,0,1.0000,-1,6,12,16,0,34,0,0,0,0
112.8331,3,0,5,0,0,0,0,-1,0,1.0000,-1,6,12,16,0,34,0,0,0,0
112.8524,3,0,5,0,0,0,0,-1,0,1.0000,-1,6,12,16,0,34,0,0,0,0
112.872,3,0,5,0,0,0,0,-1,0,1.0000,-1,6,12,16,0,34,0,0,0,0
112.8905,3,0,5,0,0,0,0,-1,0,1.0000,-1,6,12,16,0,34,0,0,0,0
112.9138,3,0,5,0,0,0,0,-1,0,1.0000,-1,6,12,16,0,34,0,0,0,0
112.9327,3,0,5,0,0,0,0,-1,0,1.0000,-1,6,12,16,0,34,0,0,0,0
112.9511,3,0,5,0,0,0,0,-1,0,0.0000,-1,6,12,16,0,34,0,0,0,0
112.9702,3,0,5,0,0,0,0,-1,0,0.0000,-1,6,12,16,0,34,0,0,0,0
112.9904,3,0,5,0,0,0,0,-1,0,0.0000,-1,6,12,16,0,34,0,0,0,0
113.0125,3,0,5,0,0,0,0,-1,0,0.0000,-1,6,12,16,0,34,0,0,0,0
113.032,3,0,5,0,0,0,0,-1,0,0.0000,-1,6,12,16,0,34,0,0,0,0
113.051,3,0,5,0,0,0,0,-1,0,0.0000,-1,6,12,16,0,34,0,0,0,0
113.0706,3,0,5,0,0,0,0,-1,0,0.0000,-1,6,12,16,0,34,0,0,0,0
113.0902,3,0,5,0,0,0,0,-1,0,0.0000,-1,6,12,16,0,34,0,0,0,0
113.112,3,0,5,0,0,0,1,144,0,0.0000,-1,6,12,16,0,34,0,0,0,0
113.1307,3,0,5,0,0,0,1,144,0,0.0000,-1,6,12,16,0,34,0,0,0,0
113.1523,3,0,5,0,0,0,1,144,0,0.0000,-1,6,12,16,0,34,0,0,0,0
113.1702,3,0,5,0,0,0,1,144,0,0.0000,-1,6,12,16,0,34,0,0,0,0
113.1905,3,0,5,0,0,0,1,144,0,0.0000,-1,6,12,16,0,34,0,0,0,0
113.2115,3,0,5,0,0,0,1,144,0,0.0000,-1,6,12,16,0,34,0,0,0,0
113.2315,3,0,5,0,0,0,0,-1,1,1.0000,-1,6,12,16,0,34,0,0,0,0
113.2514,3,0,5,0,0,0,0,-1,0,1.0000,-1,6,12,16,0,34,0,0,0,0
113.2696,3,0,5,0,0,0,0,-1,0,1.0000,-1,6,12,16,0,34,0,0,0,0
113.2912,3,0,5,0,0,0,1,146,0,1.0000,-1,6,12,16,0,34,0,0,0,0
113.3107,3,0,5,0,0,0,1,146,0,1.0000,-1,6,12,16,0,34,0,0,0,0
113.3295,3,0,5,0,0,0,1,146,0,1.0000,-1,6,12,16,0,34,0,0,0,0
113.3517,3,0,5,0,0,0,1,145,0,1.0000,-1,6,12,16,0,34,0,0,0,0
113.3698,3,0,5,0,0,0,1,145,0,1.0000,-1,6,12,16,0,34,0,0,0,0
113.3893,3,0,5,0,0,0,1,145,0,1.0000,-1,6,12,16,0,34,0,0,0,0
113.4099,3,0,5,0,0,0,1,145,0,1.0000,-1,6,12,16,0,34,0,0,0,0
113.4306,3,0,5,0,0,0,1,145,0,1.0000,-1,6,12,16,0,34,0,0,0,0
113.4489,3,0,5,0,0,0,1,145,0,1.0000,-1,6,12,16,0,34,0,0,0,0
113.4675,3,0,5,0,0,0,1,145,0,1.0000,-1,6,12,16,0,34,0,0,0,0
113.4892,3,0,5,0,0,0,1,145,0,1.0000,-1,6,12,16,0,34,0,0,0,0
113.5084,3,0,5,0,0,0,1,145,0,1.0000,-1,6,12,16,0,34,0,0,0,0
113.5283,3,0,5,0,0,0,1,145,0,1.0000,-1,6,12,16,0,34,0,0,0,0
113.5474,3,0,5,0,0,0,1,145,0,1.0000,-1,6,12,16,0,34,0,0,0,0
113.5668,3,0,5,0,0,0,1,145,0,1.0000,-1,6,12,16,0,34,0,0,0,0
113.5888,3,0,5,0,0,0,1,145,0,1.0000,-1,6,12,16,0,34,0,0,0,0
113.6073,3,0,5,0,0,0,1,145,0,1.0000,-1,6,12,16,0,34,0,0,0,0
113.6273,3,0,5,0,0,0,1,145,0,1.0000,-1,6,12,16,0,34,0,0,0,0
113.6462,3,0,5,0,0,0,1,145,0,1.0000,-1,6,12,16,0,34,0,0,0,0
113.6671,3,0,5,0,0,0,1,145,0,1.0000,-1,6,12,16,0,34,0,0,0,0
113.6868,3,0,5,0,0,0,1,145,0,1.0000,-1,6,12,16,0,34,0,0,0,0
113.7066,3,0,5,0,0,0,1,145,0,1.0000,-1,6,12,16,0,34,0,0,0,0
113.7262,3,0,5,0,0,0,1,145,0,1.0000,-1,6,12,16,0,34,0,0,0,0
113.7453,3,0,5,0,0,0,1,145,0,1.0000,-1,6,12,16,0,34,0,0,0,0
113.7668,3,0,5,0,0,0,1,145,0,1.0000,-1,6,12,16,0,34,0,0,0,0
113.8028,3,0,5,0,0,0,1,145,0,1.0000,-1,6,12,16,0,34,0,0,0,0
113.8141,3,0,5,0,0,0,1,145,0,1.0000,-1,6,12,16,0,34,0,0,0,0
113.8284,3,0,5,0,0,0,1,145,0,1.0000,-1,6,12,16,0,34,0,0,0,0
113.8483,3,0,5,0,0,0,1,145,0,1.0000,-1,6,12,16,0,34,0,0,0,0
113.868,3,0,5,0,0,0,1,145,1,2.0000,-1,6,12,16,0,34,0,0,0,0
113.8882,3,0,5,0,0,0,0,-1,0,2.0000,-1,6,12,16,0,34,0,0,0,0
113.9088,3,0,5,0,0,0,0,-1,0,2.0000,-1,6,12,16,0,34,0,0,0,0
113.9284,3,0,5,0,0,0,0,-1,0,2.0000,-1,6,12,16,0,34,0,0,0,0
113.948,3,0,5,0,0,0,0,-1,0,2.0000,145,6,12,17,0,35,0,0,0,0
113.9671,3,0,5,0,0,0,0,-1,0,2.0000,-1,6,12,17,0,35,0,0,0,0
114.0048,3,0,5,0,0,0,0,-1,0,2.0000,-1,6,12,17,0,35,0,0,0,0
114.0159,3,0,5,0,0,0,0,-1,0,2.0000,-1,6,12,17,0,35,0,0,0,0
114.0307,3,0,5,0,0,0,0,-1,0,2.0000,-1,6,12,17,0,35,0,0,0,0
114.0513,3,0,5,0,0,0,0,-1,0,2.0000,-1,6,12,17,0,35,0,0,0,0
114.0716,3,0,5,0,0,0,0,-1,0,2.0000,-1,6,12,17,0,35,0,0,0,0
114.0919,3,0,5,0,0,0,0,-1,0,2.0000,-1,6,12,17,0,35,0,0,0,0
114.1109,3,0,5,0,0,0,0,-1,0,2.0000,-1,6,12,17,0,35,0,0,0,0
114.132,3,0,5,0,0,0,0,-1,0,2.0000,-1,6,12,17,0,35,0,0,0,0
114.1518,3,0,5,0,0,0,0,-1,0,2.0000,-1,6,12,17,0,35,0,0,0,0
114.1719,3,0,5,0,0,0,0,-1,0,2.0000,-1,6,12,17,0,35,0,0,0,0
114.1923,3,0,5,0,0,0,0,-1,0,2.0000,-1,6,12,17,0,35,0,0,0,0
114.213,3,0,5,0,0,0,0,-1,0,2.0000,-1,6,12,17,0,35,0,0,0,0
114.2337,3,0,5,0,0,0,0,-1,0,1.0000,-1,6,12,17,0,35,0,0,0,0
114.2531,3,0,5,0,0,0,0,-1,0,1.0000,-1,6,12,17,0,35,0,0,0,0
114.2729,3,0,5,0,0,0,0,-1,0,1.0000,-1,6,12,17,0,35,0,0,0,0
114.2934,3,0,5,0,0,0,0,-1,0,1.0000,-1,6,12,17,0,35,0,0,0,0
114.3125,3,0,5,0,0,0,0,-1,0,1.0000,-1,6,12,17,0,35,0,0,0,0
114.3338,3,0,5,0,0,0,1,149,0,1.0000,-1,6,12,17,0,35,0,0,0,0
114.3542,3,0,5,0,0,0,1,149,0,1.0000,-1,6,12,17,0,35,0,0,0,0
114.374,3,0,5,0,0,0,1,149,0,1.0000,-1,6,12,17,0,35,0,0,0,0
114.3943,3,0,5,1,0,0,1,149,0,1.0000,-1,6,12,17,0,35,0,0,0,0
114.4132,3,0,5,1,0,0,1,149,0,1.0000,-1,6,12,17,0,35,0,0,0,0
114.4348,3,0,5,1,0,0,1,149,0,1.0000,-1,6,12,17,0,35,0,0,0,0
114.4569,3,0,5,1,0,0,1,149,0,1.0000,-1,6,12,17,0,35,0,0,0,0
114.4764,3,0,5,1,0,0,1,149,1,2.0000,-1,6,12,17,0,35,0,0,0,0
114.4959,3,0,5,1,0,0,0,-1,0,2.0000,-1,6,12,17,0,35,0,0,0,0
114.5161,3,0,5,1,0,0,0,-1,0,2.0000,-1,6,12,17,0,35,0,0,0,0
114.5352,3,0,5,1,0,0,0,-1,0,2.0000,-1,6,12,17,0,35,0,0,0,0
114.5565,3,0,5,1,0,0,0,-1,0,2.0000,-1,6,12,17,0,35,0,0,0,0
114.5767,3,0,5,1,0,0,0,-1,0,2.0000,-1,6,12,17,0,35,0,0,0,0
114.6139,3,0,5,1,0,0,0,-1,0,2.0000,-1,6,12,17,0,35,0,0,0,0
114.6259,3,0,5,1,0,0,0,-1,0,2.0000,-1,6,12,17,0,35,0,0,0,0
114.6407,3,0,5,1,0,0,0,-1,0,2.0000,-1,6,12,17,0,35,0,0,0,0
114.6612,3,0,5,1,0,0,0,-1,0,2.0000,-1,6,12,17,0,35,0,0,0,0
114.6816,3,0,5,1,0,0,0,-1,0,2.0000,-1,6,12,17,0,35,0,0,0,0
114.7013,3,0,5,1,0,0,0,-1,0,2.0000,-1,6,12,17,0,35,0,0,0,0
114.7225,3,0,5,1,0,0,0,-1,0,2.0000,-1,6,12,17,0,35,0,0,0,0
114.7428,3,0,5,1,0,0,0,-1,0,2.0000,-1,6,12,17,0,35,0,0,0,0
114.7615,3,0,5,1,0,0,0,-1,0,2.0000,-1,6,12,17,0,35,0,0,0,0
114.7816,3,0,5,1,0,0,0,-1,0,2.0000,-1,6,12,17,0,35,0,0,0,0
114.8184,3,0,5,1,0,0,0,-1,0,2.0000,-1,6,12,17,0,35,0,0,0,0
114.8293,3,0,5,1,0,0,0,-1,0,2.0000,-1,6,12,17,0,35,0,0,0,0
114.8445,3,0,5,1,0,0,0,-1,0,2.0000,-1,6,12,17,0,35,0,0,0,0
114.8646,3,0,5,1,0,0,0,-1,0,2.0000,-1,6,12,17,0,35,0,0,0,0
114.8842,3,0,5,1,0,0,0,-1,0,1.0000,-1,6,12,17,0,35,0,0,0,0
114.9039,3,0,5,1,0,0,0,-1,0,1.0000,-1,6,12,17,0,35,0,0,0,0
114.9228,3,0,5,1,0,0,0,-1,0,1.0000,-1,6,12,17,0,35,0,0,0,0
114.943,3,0,5,1,0,0,0,-1,0,1.0000,-1,6,12,17,0,35,0,0,0,0
114.9636,3,0,5,1,0,0,0,-1,0,1.0000,-1,6,12,17,0,35,0,0,0,0
114.9823,3,0,5,1,0,0,0,-1,0,1.0000,-1,6,12,17,0,35,0,0,0,0
115.0014,3,0,5,1,0,0,0,-1,0,1.0000,-1,6,12,17,0,35,0,0,0,0
115.0225,3,0,5,1,0,0,0,-1,0,1.0000,-1,6,12,17,0,35,0,0,0,0
115.0419,3,0,5,1,0,0,0,-1,1,2.0000,-1,6,12,17,0,35,0,0,0,0
115.0605,3,0,5,1,0,0,0,-1,0,2.0000,-1,6,12,17,0,35,0,0,0,0
115.0803,3,0,5,1,0,0,0,-1,0,2.0000,-1,6,12,17,0,35,0,0,0,0
115.0994,3,0,5,1,1,0,0,-1,0,2.0000,-1,6,12,17,0,35,0,0,0,0
115.1203,3,0,5,1,1,0,0,-1,0,2.0000,-1,6,12,17,0,35,0,0,0,0
115.1394,3,0,5,1,1,0,0,-1,0,2.0000,-1,6,12,17,0,35,0,0,0,0
115.1591,3,0,5,1,1,0,0,-1,0,2.0000,-1,6,12,17,0,35,0,0,0,0
115.1777,3,0,5,1,1,0,0,-1,0,2.0000,-1,6,12,17,0,35,0,0,0,0
115.1983,3,0,5,1,1,0,0,-1,0,2.0000,-1,6,12,17,0,35,0,0,0,0
115.2346,3,0,5,1,1,0,0,-1,0,2.0000,-1,6,12,17,0,35,0,0,0,0
115.2456,3,0,5,1,1,0,0,-1,0,2.0000,-1,6,12,17,0,35,0,0,0,0
115.2579,3,0,5,1,1,0,0,-1,0,2.0000,-1,6,12,17,0,35,0,0,0,0
115.2771,3,0,5,1,1,0,0,-1,0,2.0000,-1,6,12,17,0,35,0,0,0,0
115.2978,3,0,5,1,1,0,0,-1,0,2.0000,-1,6,12,17,0,35,0,0,0,0
115.3172,3,0,5,1,1,0,0,-1,0,2.0000,-1,6,12,17,0,35,0,0,0,0
115.3378,3,0,5,1,1,0,0,-1,0,2.0000,-1,6,12,17,0,35,0,0,0,0
115.3571,3,0,5,1,1,0,0,-1,0,2.0000,-1,6,12,17,0,35,0,0,0,0
115.378,3,0,5,1,1,0,0,-1,0,2.0000,-1,6,12,17,0,35,0,0,0,0
115.3958,3,0,5,1,1,0,0,-1,0,2.0000,-1,6,12,17,0,35,0,0,0,0
115.4167,3,0,5,1,1,0,0,-1,0,2.0000,-1,6,12,17,0,35,0,0,0,0
115.4344,3,0,5,1,1,0,0,-1,0,2.0000,-1,6,12,17,0,35,0,0,0,0
115.455,3,0,5,1,1,0,0,-1,0,2.0000,-1,6,12,17,0,35,0,0,0,0
115.4737,3,0,5,1,1,0,0,-1,0,2.0000,-1,6,12,17,0,35,0,0,0,0
115.492,3,0,5,1,1,0,0,-1,0,1.0000,-1,6,12,17,0,35,0,0,0,0
115.5109,3,0,5,1,1,0,0,-1,0,1.0000,-1,6,12,17,0,35,0,0,0,0
115.5319,3,0,5,1,1,0,0,-1,0,1.0000,-1,6,12,17,0,35,0,0,0,0
115.5497,3,0,5,1,1,0,0,-1,0,1.0000,-1,6,12,17,0,35,0,0,0,0
115.5694,3,0,5,1,1,0,0,-1,0,1.0000,-1,6,12,17,0,35,0,0,0,0
115.5902,3,0,5,1,1,0,0,-1,0,1.0000,-1,6,12,17,0,35,0,0,0,0
115.6073,3,0,5,1,1,0,0,-1,0,1.0000,-1,6,12,17,0,35,0,0,0,0
115.6279,3,0,5,1,1,0,0,-1,0,1.0000,-1,6,12,17,0,35,0,0,0,0
115.6458,3,0,5,1,1,0,0,-1,0,1.0000,-1,6,12,17,0,35,0,0,0,0
115.6663,3,0,5,1,1,0,0,-1,0,1.0000,-1,6,12,17,0,35,0,0,0,0
115.6838,3,0,5,1,1,0,0,-1,0,1.0000,-1,6,12,17,0,35,0,0,0,0
115.7018,3,0,5,1,0,0,0,-1,0,1.0000,-1,6,12,17,0,35,0,0,0,0
115.7239,3,0,5,1,0,0,0,-1,0,1.0000,-1,6,12,17,0,35,0,0,0,0
115.742,3,0,5,1,0,0,0,-1,0,1.0000,-1,6,12,17,0,35,0,0,0,0
115.7614,3,0,5,1,0,0,0,-1,0,1.0000,-1,6,12,17,0,35,0,0,0,0
115.7782,3,0,5,1,0,0,0,-1,1,2.0000,-1,6,12,17,0,35,0,0,0,0
115.8001,3,0,5,1,0,0,0,-1,0,2.0000,-1,6,12,17,0,35,0,0,0,0
115.8186,3,0,5,1,0,0,0,-1,0,2.0000,-1,6,12,17,0,35,0,0,0,0
115.838,3,0,5,1,0,0,0,-1,0,2.0000,-1,6,12,17,0,35,0,0,0,0
115.8741,3,0,5,1,0,0,0,-1,0,2.0000,-1,6,12,17,0,35,0,0,0,0
115.8875,3,0,5,1,0,0,0,-1,0,2.0000,-1,6,12,17,0,35,0,0,0,0
115.9005,3,0,5,1,0,0,0,-1,0,2.0000,-1,6,12,17,0,35,0,0,0,0
115.9196,3,0,5,1,0,0,0,-1,0,2.0000,-1,6,12,17,0,35,0,0,0,0
115.9387,3,0,5,1,0,0,0,-1,0,2.0000,-1,6,12,17,0,35,0,0,0,0
115.9587,3,0,5,1,0,0,0,-1,0,2.0000,-1,6,12,17,0,35,0,0,0,0
115.9776,3,0,5,1,0,0,0,-1,0,2.0000,-1,6,12,17,0,35,0,0,0,0
115.9985,3,0,5,1,0,0,1,150,0,2.0000,-1,6,12,17,0,35,0,0,0,0
116.0169,3,0,5,1,0,0,1,150,0,2.0000,-1,6,12,17,0,35,0,0,0,0
116.036,3,0,5,1,0,0,1,150,0,2.0000,-1,6,12,17,0,35,0,0,0,0
116.0554,3,0,5,1,0,0,1,150,0,1.0000,-1,6,12,17,0,35,0,0,0,0
116.0739,3,0,5,1,0,0,1,150,0,1.0000,-1,6,12,17,0,35,0,0,0,0
116.096,3,0,5,1,0,0,1,150,0,1.0000,-1,6,12,17,0,35,0,0,0,0
116.1121,3,0,5,1,0,0,1,150,0,1.0000,-1,6,12,17,0,35,0,0,0,0
116.1338,3,0,5,1,0,0,1,150,0,1.0000,-1,6,12,17,0,35,0,0,0,0
116.1518,3,0,5,1,0,0,1,150,0,1.0000,-1,6,12,17,0,35,0,0,0,0
116.1713,3,0,5,1,0,0,1,150,0,1.0000,-1,6,12,17,0,35,0,0,0,0
116.1896,3,0,5,1,0,0,1,150,0,1.0000,-1,6,12,17,0,35,0,0,0,0
116.2118,3,0,5,1,0,0,1,150,0,1.0000,-1,6,12,17,0,35,0,0,0,0
116.2298,3,0,5,1,0,0,1,150,0,1.0000,-1,6,12,17,0,35,0,0,0,0
116.2507,3,0,5,1,0,0,1,150,1,2.0000,-1,6,12,17,0,35,0,0,0,0
116.2679,3,0,5,1,0,0,1,150,0,2.0000,-1,6,12,17,0,35,0,0,0,0
116.2906,3,0,5,1,0,0,1,150,0,2.0000,-1,6,12,17,0,35,0,0,0,0
116.3096,3,0,5,1,0,0,1,150,0,2.0000,-1,6,12,17,0,35,0,0,0,0
116.3299,3,0,5,1,0,0,1,150,0,2.0000,-1,6,12,17,0,35,0,0,0,0
116.3477,3,0,5,1,0,0,1,150,0,2.0000,-1,6,12,17,0,35,0,0,0,0
116.369,3,0,5,1,0,0,1,150,0,2.0000,-1,6,12,17,0,35,0,0,0,0
116.388,3,0,5,1,0,0,1,150,0,2.0000,-1,6,12,17,0,35,0,0,0,0
116.4078,3,0,5,1,0,0,1,150,0,2.0000,-1,6,12,17,0,35,0,0,0,0
116.4252,3,0,5,1,0,0,1,150,0,2.0000,-1,6,12,17,0,35,0,0,0,0
116.4466,3,0,5,1,0,0,1,150,0,2.0000,-1,6,12,17,0,35,0,0,0,0
116.4664,3,0,5,1,0,0,1,150,0,2.0000,-1,6,12,17,0,35,0,0,0,0
116.486,3,0,5,1,0,0,1,150,0,2.0000,-1,6,12,17,0,35,0,0,0,0
116.5046,3,0,5,1,0,0,1,150,0,2.0000,-1,6,12,17,0,35,0,0,0,0
116.5241,3,0,5,1,0,0,0,-1,0,2.0000,150,6,12,18,0,36,0,0,0,0
116.5439,3,0,5,1,0,0,0,-1,0,2.0000,-1,6,12,18,0,36,0,0,0,0
116.5633,3,0,5,1,0,0,0,-1,0,2.0000,-1,6,12,18,0,36,0,0,0,0
116.5842,3,0,5,1,0,0,0,-1,0,2.0000,-1,6,12,18,0,36,0,0,0,0
116.6018,3,0,5,1,0,0,0,-1,0,2.0000,-1,6,12,18,0,36,0,0,0,0
116.6238,3,0,5,1,0,0,0,-1,0,2.0000,-1,6,12,18,0,36,0,0,0,0
116.644,3,0,5,1,0,0,0,-1,0,2.0000,-1,6,12,18,0,36,0,0,0,0
116.6634,3,0,5,1,0,0,0,-1,0,2.0000,-1,6,12,18,0,36,0,0,0,0
116.6848,3,0,5,1,0,0,0,-1,0,2.0000,-1,6,12,18,0,36,0,0,0,0
116.7047,3,0,5,1,0,0,0,-1,0,2.0000,-1,6,12,18,0,36,0,0,0,0
116.7426,3,0,5,1,0,0,0,-1,0,2.0000,-1,6,12,18,0,36,0,0,0,0
116.7572,3,0,5,1,0,0,0,-1,1,3.0000,-1,6,12,18,0,36,0,0,0,0
116.7698,3,0,5,1,0,0,0,-1,0,3.0000,-1,6,12,18,0,36,0,0,0,0
116.7882,3,0,5,1,0,0,0,-1,0,2.0000,-1,6,12,18,0,36,0,0,0,0
116.8088,3,0,5,1,0,0,0,-1,0,2.0000,-1,6,12,18,0,36,0,0,0,0
116.8282,3,0,5,1,0,0,0,-1,0,2.0000,-1,6,12,18,0,36,0,0,0,0
116.848,3,0,5,1,0,0,0,-1,0,2.0000,-1,6,12,18,0,36,0,0,0,0
116.868,3,0,5,1,0,0,0,-1,0,2.0000,-1,6,12,18,0,36,0,0,0,0
116.89,3,0,5,1,0,0,0,-1,0,2.0000,-1,6,12,18,0,36,0,0,0,0
116.9113,3,0,5,1,0,0,0,-1,0,2.0000,-1,6,12,18,0,36,0,0,0,0
116.9479,3,0,5,1,0,0,0,-1,0,2.0000,-1,6,12,18,0,36,0,0,0,0
116.961,3,0,5,1,0,0,0,-1,0,2.0000,-1,6,12,18,0,36,0,0,0,0
116.9746,3,0,5,1,0,0,0,-1,0,2.0000,-1,6,12,18,0,36,0,0,0,0
116.9924,3,0,5,1,0,0,0,-1,0,2.0000,-1,6,12,18,0,36,0,0,0,0
117.0134,3,0,5,1,0,0,0,-1,0,2.0000,-1,6,12,18,0,36,0,0,0,0
117.0334,3,0,5,1,0,0,0,-1,0,2.0000,-1,6,12,18,0,36,0,0,0,0
117.0533,3,0,5,1,0,0,0,-1,0,2.0000,-1,6,12,18,0,36,0,0,0,0
117.0723,3,0,5,1,0,0,0,-1,0,2.0000,-1,6,12,18,0,36,0,0,0,0
117.0926,3,0,5,1,0,0,0,-1,0,2.0000,-1,6,12,18,0,36,0,0,0,0
117.1133,3,0,5,1,0,0,0,-1,0,2.0000,-1,6,12,18,0,36,0,0,0,0
117.1352,3,0,5,1,0,0,0,-1,0,2.0000,-1,6,12,18,0,36,0,0,0,0
117.156,3,0,5,1,0,0,0,-1,0,2.0000,-1,6,12,18,0,36,0,0,0,0
117.1775,3,0,5,1,0,0,0,-1,0,2.0000,-1,6,12,18,0,36,0,0,0,0
117.1986,3,0,5,1,0,0,0,-1,0,2.0000,-1,6,12,18,0,36,0,0,0,0
117.2215,3,0,5,1,0,0,0,-1,0,2.0000,-1,6,12,18,0,36,0,0,0,0
117.2436,3,0,5,1,0,0,0,-1,0,2.0000,-1,6,12,18,0,36,0,0,0,0
117.2666,3,0,5,1,0,0,0,-1,0,1.0000,-1,6,12,18,0,36,0,0,0,0
117.2882,3,0,5,1,0,0,0,-1,0,1.0000,-1,6,12,18,0,36,0,0,0,0
117.3107,3,0,5,1,0,0,0,-1,0,1.0000,-1,6,12,18,0,36,0,0,0,0
117.3329,3,0,5,1,0,0,0,-1,0,1.0000,-1,6,12,18,0,36,0,0,0,0
117.3759,3,0,5,1,0,0,0,-1,1,2.0000,-1,6,12,18,0,36,0,0,0,0
117.388,3,0,5,1,0,0,0,-1,0,2.0000,-1,6,12,18,0,36,0,0,0,0
117.4035,3,0,5,1,0,0,0,-1,0,2.0000,-1,6,12,18,0,36,0,0,0,0
117.4263,3,0,5,1,0,0,0,-1,0,2.0000,-1,6,12,18,0,36,0,0,0,0
117.4487,3,0,5,1,0,0,0,-1,0,2.0000,-1,6,12,18,0,36,0,0,0,0
117.4712,3,0,5,1,0,0,0,-1,0,2.0000,-1,6,12,18,0,36,0,0,0,0
117.4933,3,0,5,1,0,0,0,-1,0,2.0000,-1,6,12,18,0,36,0,0,0,0
117.5167,3,0,5,1,0,0,0,-1,0,2.0000,-1,6,12,18,0,36,0,0,0,0
117.5382,3,0,5,1,0,0,0,-1,0,2.0000,-1,6,12,18,0,36,0,0,0,0
117.5799,3,0,5,1,0,0,0,-1,0,2.0000,-1,6,12,18,0,36,0,0,0,0
117.5915,3,0,5,0,0,0,0,-1,0,2.0000,-1,6,12,18,0,36,0,0,0,0
117.6046,3,0,5,0,0,0,0,-1,0,2.0000,-1,6,12,18,0,36,0,0,0,0
117.6259,3,0,5,0,0,0,0,-1,0,2.0000,-1,6,12,18,0,36,0,0,0,0
117.6471,3,0,5,0,0,0,0,-1,0,2.0000,-1,6,12,18,0,36,0,0,0,0
117.6683,3,0,5,0,0,0,0,-1,0,2.0000,-1,6,12,18,0,36,0,0,0,0
117.6891,3,0,5,0,0,0,0,-1,0,2.0000,-1,6,12,18,0,36,0,0,0,0
117.71,3,0,5,0,0,0,0,-1,0,2.0000,-1,6,12,18,0,36,0,0,0,0
117.7303,3,0,5,0,0,0,0,-1,0,2.0000,-1,6,12,18,0,36,0,0,0,0
117.7504,3,0,5,0,0,0,0,-1,0,2.0000,-1,6,12,18,0,36,0,0,0,0
117.7902,3,0,5,0,0,0,0,-1,0,1.0000,-1,6,12,18,0,36,0,0,0,0
117.8015,3,0,5,0,0,0,0,-1,0,1.0000,-1,6,12,18,0,36,0,0,0,0
117.8141,3,0,5,0,0,0,0,-1,0,1.0000,-1,6,12,18,0,36,0,0,0,0
117.835,3,0,5,0,0,0,0,-1,0,1.0000,-1,6,12,18,0,36,0,0,0,0
117.8563,3,0,5,0,0,0,0,-1,0,1.0000,-1,6,12,18,0,36,0,0,0,0
117.8776,3,0,5,0,0,0,0,-1,0,1.0000,-1,6,12,18,0,36,0,0,0,0
117.8977,3,0,5,0,0,0,0,-1,0,1.0000,-1,6,12,18,0,36,0,0,0,0
117.9182,3,0,5,0,0,0,0,-1,0,1.0000,-1,6,12,18,0,36,0,0,0,0
117.938,3,0,5,0,0,0,0,-1,0,1.0000,-1,6,12,18,0,36,0,0,0,0
117.9586,3,0,5,0,0,0,0,-1,0,1.0000,-1,6,12,18,0,36,0,0,0,0
117.9791,3,0,5,0,0,0,0,-1,0,1.0000,-1,6,12,18,0,36,0,0,0,0
118,3,0,5,0,0,0,0,-1,0,1.0000,-1,6,12,18,0,36,0,0,0,0
118.0194,3,0,5,0,0,0,0,-1,0,1.0000,-1,6,12,18,0,36,0,0,0,0
118.0389,3,0,5,0,0,0,0,-1,0,1.0000,-1,6,12,18,0,36,0,0,0,0
118.0596,3,0,5,0,0,0,0,-1,0,1.0000,-1,6,12,18,0,36,0,0,0,0
118.0801,3,0,5,0,0,0,0,-1,0,1.0000,-1,6,12,18,0,36,0,0,0,0
118.101,3,0,5,0,0,0,0,-1,0,1.0000,-1,6,12,18,0,36,0,0,0,0
118.1224,3,0,5,0,0,0,0,-1,1,2.0000,-1,6,12,18,0,36,0,0,0,0
118.1413,3,0,5,0,0,0,0,-1,0,2.0000,-1,6,12,18,0,36,0,0,0,0
118.1621,3,0,5,0,0,0,0,-1,0,2.0000,-1,6,12,18,0,36,0,0,0,0
118.1826,3,0,5,0,0,0,0,-1,0,2.0000,-1,6,12,18,0,36,0,0,0,0
118.203,3,0,5,0,0,0,0,-1,0,2.0000,-1,6,12,18,0,36,0,0,0,0
118.2239,3,0,5,0,0,0,0,-1,0,2.0000,-1,6,12,18,0,36,0,0,0,0
118.2444,3,0,5,0,0,0,0,-1,0,2.0000,-1,6,12,18,0,36,0,0,0,0
118.2644,3,0,5,0,0,0,0,-1,0,2.0000,-1,6,12,18,0,36,0,0,0,0
118.2843,3,0,5,0,0,0,0,-1,0,2.0000,-1,6,12,18,0,36,0,0,0,0
118.3055,3,0,5,0,0,0,0,-1,0,2.0000,-1,6,12,18,0,36,0,0,0,0
118.3252,3,0,5,0,0,0,0,-1,0,2.0000,-1,6,12,18,0,36,0,0,0,0
118.3465,3,0,5,0,0,0,0,-1,0,2.0000,-1,6,12,18,0,36,0,0,0,0
118.3664,3,0,5,0,0,0,0,-1,0,2.0000,-1,6,12,18,0,36,0,0,0,0
118.4056,3,0,5,0,0,0,0,-1,0,1.0000,-1,6,12,18,0,36,0,0,0,0
118.4174,3,0,5,0,0,0,0,-1,0,1.0000,-1,6,12,18,0,36,0,0,0,0
118.4309,3,0,5,0,0,0,0,-1,0,1.0000,-1,6,12,18,0,36,0,0,0,0
118.4519,3,0,5,0,0,0,0,-1,1,2.0000,-1,6,12,18,0,36,0,0,0,0
118.472,3,0,5,0,0,0,0,-1,0,2.0000,-1,6,12,18,0,36,0,0,0,0
118.4929,3,0,5,0,0,0,0,-1,0,2.0000,-1,6,12,18,0,36,0,0,0,0
118.5133,3,0,5,0,0,0,0,-1,0,2.0000,-1,6,12,18,0,36,0,0,0,0
118.5339,3,0,5,0,0,0,0,-1,0,2.0000,-1,6,12,18,0,36,0,0,0,0
118.5538,3,0,5,0,0,0,0,-1,0,2.0000,-1,6,12,18,0,36,0,0,0,0
118.5752,3,0,5,0,0,0,0,-1,0,2.0000,-1,6,12,18,0,36,0,0,0,0
118.5959,3,0,5,0,0,0,0,-1,0,2.0000,-1,6,12,18,0,36,0,0,0,0
118.6158,3,0,5,0,0,0,0,-1,0,2.0000,-1,6,12,18,0,36,0,0,0,0
118.6359,3,0,5,0,0,0,0,-1,0,2.0000,-1,6,12,18,0,36,0,0,0,0
118.6562,3,0,5,0,0,0,0,-1,0,2.0000,-1,6,12,18,0,36,0,0,0,0
118.6769,3,0,5,0,0,0,0,-1,1,3.0000,-1,6,12,18,0,36,0,0,0,0
118.6961,3,0,5,0,0,0,0,-1,0,3.0000,-1,6,12,18,0,36,0,0,0,0
118.7171,3,0,5,0,0,0,0,-1,0,3.0000,-1,6,12,18,0,36,0,0,0,0
118.7369,3,0,5,0,0,0,0,-1,0,3.0000,-1,6,12,18,0,36,0,0,0,0
118.7572,3,0,5,0,0,0,0,-1,0,3.0000,-1,6,12,18,0,36,0,0,0,0
118.7781,3,0,5,0,0,0,0,-1,0,3.0000,-1,6,12,18,0,36,0,0,0,0
118.7988,3,0,5,0,0,0,0,-1,0,3.0000,-1,6,12,18,0,36,0,0,0,0
118.819,3,0,5,0,0,0,0,-1,0,3.0000,-1,6,12,18,0,36,0,0,0,0
118.837,3,0,5,0,0,0,0,-1,0,3.0000,-1,6,12,18,0,36,0,0,0,0
118.8576,3,0,5,0,0,0,0,-1,0,3.0000,-1,6,12,18,0,36,0,0,0,0
118.8784,3,0,5,0,0,0,0,-1,1,4.0000,-1,6,12,18,0,36,0,0,0,0
118.8991,3,0,5,0,0,0,0,-1,0,4.0000,-1,6,12,18,0,36,0,0,0,0
118.9195,3,0,5,0,0,0,0,-1,0,4.0000,-1,6,12,18,0,36,0,0,0,0
118.9387,3,0,5,0,0,0,0,-1,0,4.0000,-1,6,12,18,0,36,0,0,0,0
118.9588,3,0,5,0,0,0,0,-1,0,4.0000,-1,6,12,18,0,36,0,0,0,0
118.9784,3,0,5,0,0,0,0,-1,0,4.0000,-1,6,12,18,0,36,0,0,0,0
118.9984,3,0,5,0,0,0,0,-1,0,4.0000,-1,6,12,18,0,36,0,0,0,0
119.0202,3,0,5,0,0,0,0,-1,0,4.0000,-1,6,12,18,0,36,0,0,0,0
119.0402,3,0,5,0,0,0,0,-1,0,4.0000,-1,6,12,18,0,36,0,0,0,0
119.0594,3,0,5,0,0,0,0,-1,0,4.0000,-1,6,12,18,0,36,0,0,0,0
119.0807,3,0,5,0,0,0,0,-1,0,4.0000,-1,6,12,18,0,36,0,0,0,0
119.1015,3,0,5,0,0,0,0,-1,0,4.0000,-1,6,12,18,0,36,0,0,0,0
119.1213,3,0,5,0,0,0,0,-1,0,4.0000,-1,6,12,18,0,36,0,0,0,0
119.1399,3,0,5,0,0,0,0,-1,0,3.0000,-1,6,12,18,0,36,0,0,0,0
119.1614,3,0,5,0,0,0,0,-1,0,3.0000,-1,6,12,18,0,36,0,0,0,0
119.1828,3,0,5,0,0,0,0,-1,0,3.0000,-1,6,12,18,0,36,0,0,0,0
119.2031,3,0,5,0,0,0,0,-1,0,3.0000,-1,6,12,18,0,36,0,0,0,0
119.2227,3,0,5,0,0,0,0,-1,0,3.0000,-1,6,12,18,0,36,0,0,0,0
119.2416,3,0,5,0,0,0,0,-1,0,3.0000,-1,6,12,18,0,36,0,0,0,0
119.2622,3,0,5,0,0,0,0,-1,0,3.0000,-1,6,12,18,0,36,0,0,0,0
119.2841,3,0,5,0,0,0,0,-1,0,3.0000,-1,6,12,18,0,36,0,0,0,0
119.3028,3,0,5,0,0,0,0,-1,0,3.0000,-1,6,12,18,0,36,0,0,0,0
119.3228,3,0,5,0,0,0,0,-1,0,3.0000,-1,6,12,18,0,36,0,0,0,0
119.3432,3,0,5,0,0,0,0,-1,0,3.0000,-1,6,12,18,0,36,0,0,0,0
119.3642,3,0,5,0,0,0,0,-1,0,3.0000,-1,6,12,18,0,36,0,0,0,0
119.3846,3,0,5,0,0,0,0,-1,0,3.0000,-1,6,12,18,0,36,0,0,0,0
119.4041,3,0,5,0,0,0,0,-1,0,3.0000,-1,6,12,18,0,36,0,0,0,0
119.4248,3,0,5,0,0,0,0,-1,0,3.0000,-1,6,12,18,0,36,0,0,0,0
119.4463,3,0,5,0,0,0,0,-1,1,4.0000,-1,6,12,18,0,36,0,0,0,0
119.4653,3,0,5,0,0,0,0,-1,0,3.0000,-1,6,12,18,0,36,0,0,0,0
119.4853,3,0,5,0,0,0,0,-1,0,3.0000,-1,6,12,18,0,36,0,0,0,0
119.5073,3,0,5,0,0,0,1,157,0,3.0000,-1,6,12,18,0,36,0,0,0,0
119.5262,3,0,5,0,0,0,1,157,0,3.0000,-1,6,12,18,0,36,0,0,0,0
119.5464,3,0,5,0,0,0,1,157,0,3.0000,-1,6,12,18,0,36,0,0,0,0
119.568,3,0,5,0,0,0,1,157,0,3.0000,-1,6,12,18,0,36,0,0,0,0
119.5873,3,0,5,0,0,0,1,157,0,3.0000,-1,6,12,18,0,36,0,0,0,0
119.6275,3,0,5,0,0,0,1,157,0,3.0000,-1,6,12,18,0,36,0,0,0,0
119.6413,3,0,5,0,0,0,1,157,0,3.0000,-1,6,12,18,0,36,0,0,0,0
119.6555,3,0,5,0,0,0,1,157,0,3.0000,-1,6,12,18,0,36,0,0,0,0
119.6754,3,0,5,0,0,0,0,-1,0,3.0000,-1,6,12,18,0,36,0,0,0,0
119.6989,3,0,5,0,0,0,0,-1,0,2.0000,-1,6,12,18,0,36,0,0,0,0
119.7172,3,0,5,0,0,0,0,-1,0,2.0000,-1,6,12,18,0,36,0,0,0,0
119.7386,3,0,5,0,0,0,0,-1,0,2.0000,-1,6,12,18,0,36,0,0,0,0
119.7589,3,0,5,0,0,0,0,-1,0,2.0000,-1,6,12,18,0,36,0,0,0,0
119.7802,3,0,5,0,0,0,0,-1,0,2.0000,-1,6,12,18,0,36,0,0,0,0
119.8009,3,0,5,0,0,0,0,-1,1,3.0000,-1,6,12,18,0,36,0,0,0,0
119.8205,3,0,5,0,0,0,0,-1,0,3.0000,-1,6,12,18,0,36,0,0,0,0
119.8414,3,0,5,0,0,0,0,-1,0,3.0000,-1,6,12,18,0,36,0,0,0,0
119.8623,3,0,5,0,0,0,0,-1,0,3.0000,-1,6,12,18,0,36,0,0,0,0
119.8835,3,0,5,0,0,0,0,-1,0,2.0000,-1,6,12,18,0,36,0,0,0,0
119.9032,3,0,5,0,0,0,0,-1,0,2.0000,-1,6,12,18,0,36,0,0,0,0
119.9237,3,0,5,0,0,0,0,-1,0,2.0000,-1,6,12,18,0,36,0,0,0,0
119.9456,3,0,5,0,0,0,0,-1,0,2.0000,-1,6,12,18,0,36,0,0,0,0
119.966,3,0,5,0,0,0,0,-1,0,2.0000,-1,6,12,18,0,36,0,0,0,0
119.9868,3,0,5,0,0,0,0,-1,0,2.0000,-1,6,12,18,0,36,0,0,0,0
120.0053,3,0,5,0,0,0,0,-1,0,2.0000,-1,6,12,18,0,36,0,0,0,0
120.0444,3,0,5,0,0,0,0,-1,0,2.0000,-1,6,12,18,0,36,0,0,0,0
120.0572,3,0,5,0,0,0,0,-1,0,2.0000,-1,6,12,18,0,36,0,0,0,0
120.0692,3,0,5,0,0,0,0,-1,0,2.0000,-1,6,12,18,0,36,0,0,0,0
120.0903,3,0,5,0,0,0,0,-1,0,2.0000,-1,6,12,18,0,36,0,0,0,0
120.1105,3,0,5,0,0,0,0,-1,0,2.0000,-1,6,12,18,0,36,0,0,0,0
120.1314,3,0,5,0,0,0,0,-1,0,2.0000,-1,6,12,18,0,36,0,0,0,0
120.1522,3,0,5,0,0,0,0,-1,0,2.0000,-1,6,12,18,0,36,0,0,0,0
120.1713,3,0,5,0,0,0,0,-1,0,2.0000,-1,6,12,18,0,36,0,0,0,0
120.1916,3,0,5,0,0,0,0,-1,1,3.0000,-1,6,12,18,0,36,0,0,0,0
120.2127,3,0,5,0,0,0,0,-1,0,3.0000,-1,6,12,18,0,36,0,0,0,0
120.2337,3,0,5,0,0,0,0,-1,0,3.0000,-1,6,12,18,0,36,0,0,0,0
120.2534,3,0,5,0,0,0,0,-1,0,3.0000,-1,6,12,18,0,36,0,0,0,0
120.2738,3,0,5,0,0,0,0,-1,0,3.0000,-1,6,12,18,0,36,0,0,0,0
120.2942,3,0,5,0,0,0,0,-1,0,3.0000,-1,6,12,18,0,36,0,0,0,0
120.3144,3,0,5,0,0,0,0,-1,0,3.0000,-1,6,12,18,0,36,0,0,0,0
120.3353,3,0,5,0,0,0,0,-1,0,3.0000,-1,6,12,18,0,36,0,0,0,0
120.359,3,0,5,0,0,0,0,-1,0,3.0000,-1,6,12,18,0,36,0,0,0,0
120.3784,3,0,5,0,0,0,0,-1,0,3.0000,-1,6,12,18,0,36,0,0,0,0
120.3969,3,0,5,0,0,0,0,-1,0,3.0000,-1,6,12,18,0,36,0,0,0,0
120.4167,3,0,5,0,0,0,0,-1,0,3.0000,-1,6,12,18,0,36,0,0,0,0
120.4369,3,0,5,0,0,0,0,-1,0,3.0000,-1,6,12,18,0,36,0,0,0,0
120.4576,3,0,5,0,0,0,0,-1,0,2.0000,-1,6,12,18,0,36,0,0,0,0
120.4799,3,0,5,0,0,0,0,-1,0,2.0000,-1,6,12,18,0,36,0,0,0,0
120.4988,3,0,5,0,0,0,0,-1,0,2.0000,-1,6,12,18,0,36,0,0,0,0
120.5196,3,0,5,0,0,0,0,-1,0,2.0000,-1,6,12,18,0,36,0,0,0,0
120.5394,3,0,5,0,0,0,0,-1,1,3.0000,-1,6,12,18,0,36,0,0,0,0
120.5589,3,0,5,0,0,0,0,-1,0,3.0000,-1,6,12,18,0,36,0,0,0,0
120.5792,3,0,5,0,0,0,0,-1,0,3.0000,-1,6,12,18,0,36,0,0,0,0
120.601,3,0,5,0,0,0,0,-1,0,3.0000,-1,6,12,18,0,36,0,0,0,0
120.6215,3,0,5,0,0,0,0,-1,0,3.0000,-1,6,12,18,0,36,0,0,0,0
120.6418,3,0,5,0,0,0,0,-1,0,3.0000,-1,6,12,18,0,36,0,0,0,0
120.6633,3,0,5,0,0,0,0,-1,0,3.0000,-1,6,12,18,0,36,0,0,0,0
120.6821,3,0,5,0,0,0,0,-1,0,3.0000,-1,6,12,18,0,36,0,0,0,0
120.7032,3,0,5,0,0,0,0,-1,0,3.0000,-1,6,12,18,0,36,0,0,0,0
120.7237,3,0,5,0,0,0,0,-1,0,3.0000,-1,6,12,18,0,36,0,0,0,0
120.7452,3,0,5,0,0,0,0,-1,0,3.0000,-1,6,12,18,0,36,0,0,0,0
120.7652,3,0,5,0,0,0,0,-1,0,3.0000,-1,6,12,18,0,36,0,0,0,0
120.7854,3,0,5,0,0,0,0,-1,0,3.0000,-1,6,12,18,0,36,0,0,0,0
120.8062,3,0,5,1,0,0,0,-1,0,2.0000,-1,6,12,18,0,36,0,0,0,0
120.8268,3,0,5,1,0,0,0,-1,0,2.0000,-1,6,12,18,0,36,0,0,0,0
120.8676,3,0,5,1,0,0,0,-1,0,2.0000,-1,6,12,18,0,36,0,0,0,0
120.8801,3,0,5,1,0,0,0,-1,0,2.0000,-1,6,12,18,0,36,0,0,0,0
120.8927,3,0,5,1,0,0,0,-1,0,2.0000,-1,6,12,18,0,36,0,0,0,0
120.9143,3,0,5,1,0,0,0,-1,1,3.0000,-1,6,12,18,0,36,0,0,0,0
120.9355,3,0,5,1,0,0,0,-1,0,3.0000,-1,6,12,18,0,36,0,0,0,0
120.9572,3,0,5,1,0,0,0,-1,0,3.0000,-1,6,12,18,0,36,0,0,0,0
120.978,3,0,5,1,0,0,0,-1,0,3.0000,-1,6,12,18,0,36,0,0,0,0
120.9985,3,0,5,1,0,0,0,-1,0,3.0000,-1,6,12,18,0,36,0,0,0,0
121.0203,3,0,5,1,0,0,0,-1,0,3.0000,-1,6,12,18,0,36,0,0,0,0
121.0402,3,0,5,1,0,0,0,-1,0,3.0000,-1,6,12,18,0,36,0,0,0,0
121.0624,3,0,5,1,0,0,0,-1,0,3.0000,-1,6,12,18,0,36,0,0,0,0
121.0829,3,0,5,1,0,0,0,-1,0,3.0000,-1,6,12,18,0,36,0,0,0,0
121.1045,3,0,5,1,0,0,0,-1,0,3.0000,-1,6,12,18,0,36,0,0,0,0
121.1261,3,0,5,1,0,0,0,-1,0,3.0000,-1,6,12,18,0,36,0,0,0,0
121.1481,3,0,5,1,0,0,0,-1,0,3.0000,-1,6,12,18,0,36,0,0,0,0
121.1728,3,0,5,1,0,0,0,-1,0,3.0000,-1,6,12,18,0,36,0,0,0,0
121.1952,3,0,5,1,0,0,0,-1,0,2.0000,-1,6,12,18,0,36,0,0,0,0
121.2184,3,0,5,1,0,0,0,-1,0,2.0000,-1,6,12,18,0,36,0,0,0,0
121.2419,3,0,5,0,0,0,0,-1,0,2.0000,-1,6,12,18,0,36,0,0,0,0
121.2868,3,0,5,0,0,0,0,-1,0,2.0000,-1,6,12,18,0,36,0,0,0,0
121.2993,3,0,5,0,0,0,0,-1,0,2.0000,-1,6,12,18,0,36,0,0,0,0
121.315,3,0,5,0,0,0,0,-1,0,2.0000,-1,6,12,18,0,36,0,0,0,0
121.3383,3,0,5,0,0,0,0,-1,0,2.0000,-1,6,12,18,0,36,0,0,0,0
121.3597,3,0,5,0,0,0,0,-1,0,2.0000,-1,6,12,18,0,36,0,0,0,0
121.3821,3,0,5,0,0,0,0,-1,0,2.0000,-1,6,12,18,0,36,0,0,0,0
121.4032,3,0,5,0,0,0,0,-1,0,2.0000,-1,6,12,18,0,36,0,0,0,0
121.4249,3,0,5,0,0,0,0,-1,0,2.0000,-1,6,12,18,0,36,0,0,0,0
121.4445,3,0,5,0,0,0,0,-1,0,2.0000,-1,6,12,18,0,36,0,0,0,0
121.4821,3,0,5,0,0,0,0,-1,1,3.0000,-1,6,12,18,0,36,0,0,0,0
121.4937,3,0,5,0,0,0,0,-1,0,3.0000,-1,6,12,18,0,36,0,0,0,0
121.5086,3,0,5,0,0,0,0,-1,0,3.0000,-1,6,12,18,0,36,0,0,0,0
121.5289,3,0,5,0,1,0,0,-1,0,3.0000,-1,6,12,18,0,36,0,0,0,0
121.5485,3,0,5,0,1,0,0,-1,0,2.0000,-1,6,12,18,0,36,0,0,0,0
121.5696,3,0,5,0,1,0,0,-1,0,2.0000,-1,6,12,18,0,36,0,0,0,0
121.5891,3,0,5,0,1,0,0,-1,0,2.0000,-1,6,12,18,0,36,0,0,0,0
121.609,3,0,5,0,1,0,0,-1,0,2.0000,-1,6,12,18,0,36,0,0,0,0
121.6287,3,0,5,0,1,0,0,-1,0,2.0000,-1,6,12,18,0,36,0,0,0,0
121.6479,3,0,5,0,1,0,0,-1,0,2.0000,-1,6,12,18,0,36,0,0,0,0
121.686,3,0,5,0,1,0,0,-1,0,2.0000,-1,6,12,18,0,36,0,0,0,0
121.698,3,0,5,0,1,0,0,-1,0,2.0000,-1,6,12,18,0,36,0,0,0,0
121.7113,3,0,5,0,1,0,0,-1,0,2.0000,-1,6,12,18,0,36,0,0,0,0
121.7321,3,0,5,0,1,0,0,-1,0,2.0000,-1,6,12,18,0,36,0,0,0,0
121.7523,3,0,5,0,1,0,0,-1,0,2.0000,-1,6,12,18,0,36,0,0,0,0
121.7711,3,0,5,0,1,0,0,-1,0,2.0000,-1,6,12,18,0,36,0,0,0,0
121.79,3,0,5,0,1,0,0,-1,0,2.0000,-1,6,12,18,0,36,0,0,0,0
121.8112,3,0,5,0,1,0,0,-1,0,2.0000,-1,6,12,18,0,36,0,0,0,0
121.8307,3,0,5,0,1,0,0,-1,0,2.0000,-1,6,12,18,0,36,0,0,0,0
121.849,3,0,5,0,1,0,0,-1,0,2.0000,-1,6,12,18,0,36,0,0,0,0
121.8691,3,0,5,0,1,0,0,-1,0,2.0000,-1,6,12,18,0,36,0,0,0,0
121.8899,3,0,5,0,1,0,0,-1,0,2.0000,-1,6,12,18,0,36,0,0,0,0
121.9091,3,0,5,0,1,0,0,-1,0,2.0000,-1,6,12,18,0,36,0,0,0,0
121.9275,3,0,5,0,1,0,0,-1,0,1.0000,-1,6,12,18,0,36,0,0,0,0
121.9463,3,0,5,0,1,0,0,-1,1,2.0000,-1,6,12,18,0,36,0,0,0,0
121.9672,3,0,5,0,1,0,0,-1,0,2.0000,-1,6,12,18,0,36,0,0,0,0
121.9854,3,0,5,0,1,0,0,-1,0,2.0000,-1,6,12,18,0,36,0,0,0,0
122.0057,3,0,5,0,1,0,0,-1,0,2.0000,-1,6,12,18,0,36,0,0,0,0
122.0248,3,0,5,0,1,0,0,-1,0,2.0000,-1,6,12,18,0,36,0,0,0,0
122.0465,3,0,5,0,1,0,0,-1,0,2.0000,-1,6,12,18,0,36,0,0,0,0
122.0659,3,0,5,0,1,0,0,-1,0,2.0000,-1,6,12,18,0,36,0,0,0,0
122.1012,3,0,5,0,1,0,0,-1,0,2.0000,-1,6,12,18,0,36,0,0,0,0
122.1135,3,0,5,0,1,0,0,-1,0,2.0000,-1,6,12,18,0,36,0,0,0,0
122.1262,3,0,5,0,1,0,0,-1,0,2.0000,-1,6,12,18,0,36,0,0,0,0
122.1448,3,0,5,0,1,0,0,-1,0,2.0000,-1,6,12,18,0,36,0,0,0,0
122.1663,3,0,5,0,1,0,0,-1,0,2.0000,-1,6,12,18,0,36,0,0,0,0
122.1872,3,0,5,0,1,0,0,-1,0,2.0000,-1,6,12,18,0,36,0,0,0,0
122.2053,3,0,5,0,1,0,0,-1,0,2.0000,-1,6,12,18,0,36,0,0,0,0
122.2241,3,0,5,0,1,0,0,-1,0,2.0000,-1,6,12,18,0,36,0,0,0,0
122.2453,3,0,5,0,1,0,0,-1,0,2.0000,-1,6,12,18,0,36,0,0,0,0
122.2643,3,0,5,0,1,0,0,-1,0,2.0000,-1,6,12,18,0,36,0,0,0,0
122.2829,3,0,5,0,1,0,0,-1,0,2.0000,-1,6,12,18,0,36,0,0,0,0
122.3011,3,0,5,0,1,0,0,-1,0,2.0000,-1,6,12,18,0,36,0,0,0,0
122.3221,3,0,5,0,1,0,0,-1,0,2.0000,-1,6,12,18,0,36,0,0,0,0
122.3411,3,0,5,0,1,0,0,-1,0,2.0000,-1,6,12,18,0,36,0,0,0,0
122.3614,3,0,5,0,1,0,0,-1,0,2.0000,-1,6,12,18,0,36,0,0,0,0
122.3792,3,0,5,0,1,0,0,-1,0,2.0000,-1,6,12,18,0,36,0,0,0,0
122.4015,3,0,5,0,1,0,0,-1,0,2.0000,-1,6,12,18,0,36,0,0,0,0
122.4196,3,0,5,0,1,0,0,-1,0,2.0000,-1,6,12,18,0,36,0,0,0,0
122.4399,3,0,5,0,1,0,0,-1,0,2.0000,-1,6,12,18,0,36,0,0,0,0
122.4568,3,0,5,0,1,0,0,-1,0,2.0000,-1,6,12,18,0,36,0,0,0,0
122.4796,3,0,5,0,1,0,0,-1,0,2.0000,-1,6,12,18,0,36,0,0,0,0
122.4988,3,0,5,0,1,0,1,164,1,2.0000,-1,6,12,18,0,36,0,0,0,0
122.5172,3,0,5,0,1,0,0,-1,0,2.0000,-1,6,12,18,0,36,0,0,0,0
122.5356,3,0,5,0,0,1,0,-1,0,2.0000,-1,6,12,18,0,36,0,0,0,0
122.557,3,0,5,0,0,0,0,-1,0,2.0000,-1,6,12,18,0,36,0,0,0,0
122.5767,3,0,5,0,0,0,0,-1,0,2.0000,-1,6,12,18,0,36,0,0,0,0
122.596,3,0,5,0,0,0,0,-1,0,2.0000,-1,6,12,18,0,36,0,0,0,0
122.6145,3,0,5,0,0,0,0,-1,0,2.0000,-1,6,12,18,0,36,0,0,0,0
122.634,3,0,5,0,0,0,0,-1,0,2.0000,-1,6,12,18,0,36,0,0,0,0
122.656,3,0,5,0,0,0,0,-1,0,2.0000,-1,6,12,18,0,36,0,0,0,0
122.6752,3,0,5,0,0,0,0,-1,0,2.0000,-1,6,12,18,0,36,0,0,0,0
122.6929,3,0,5,0,0,0,0,-1,0,2.0000,-1,6,12,18,0,36,0,0,0,0
122.712,3,0,5,0,0,0,0,-1,0,2.0000,-1,6,12,18,0,36,0,0,0,0
122.7519,3,0,5,0,0,0,0,-1,0,2.0000,-1,6,12,18,0,36,0,0,0,0
122.7652,3,0,5,0,0,0,0,-1,0,2.0000,-1,6,12,18,0,36,0,0,0,0
122.7775,3,0,5,0,0,0,0,-1,0,2.0000,-1,6,12,18,0,36,0,0,0,0
122.7976,3,0,5,0,0,0,1,162,0,2.0000,-1,6,12,18,0,36,0,0,0,0
122.8182,3,0,5,0,0,0,1,162,0,2.0000,-1,6,12,18,0,36,0,0,0,0
122.8391,3,0,5,0,0,0,1,162,0,2.0000,-1,6,12,18,0,36,0,0,0,0
122.8572,3,0,5,0,0,0,1,162,0,2.0000,-1,6,12,18,0,36,0,0,0,0
122.8787,3,0,5,0,0,0,1,162,0,2.0000,-1,6,12,18,0,36,0,0,0,0
122.8982,3,0,5,0,0,0,1,162,0,2.0000,-1,6,12,18,0,36,0,0,0,0
122.9194,3,0,5,0,0,0,1,162,0,2.0000,-1,6,12,18,0,36,0,0,0,0
122.9381,3,0,5,0,0,0,1,162,0,2.0000,-1,6,12,18,0,36,0,0,0,0
122.9579,3,0,5,0,0,0,1,162,1,2.0000,-1,6,12,18,0,36,0,0,0,0
122.9777,3,0,5,0,0,0,1,162,0,2.0000,-1,6,12,18,0,36,0,0,0,0
122.9981,3,0,5,0,0,0,1,162,0,2.0000,-1,6,12,18,0,36,0,0,0,0
123.018,3,0,5,0,0,0,1,162,0,2.0000,-1,6,12,18,0,36,0,0,0,0
123.0416,3,0,5,0,0,0,1,162,0,2.0000,-1,6,12,18,0,36,0,0,0,0
123.0603,3,0,5,0,0,0,1,162,0,2.0000,-1,6,12,18,0,36,0,0,0,0
123.0786,3,0,5,0,0,0,1,162,0,2.0000,-1,6,12,18,0,36,0,0,0,0
123.0988,3,0,5,0,0,0,1,162,0,2.0000,-1,6,12,18,0,36,0,0,0,0
123.1177,3,0,5,0,0,0,1,162,0,2.0000,-1,6,12,18,0,36,0,0,0,0
123.1358,3,0,5,0,0,0,0,-1,0,2.0000,-1,6,12,18,0,36,0,0,0,0
123.1764,3,0,5,0,0,0,0,-1,0,2.0000,-1,6,12,18,0,36,0,0,0,0
123.1889,3,0,5,0,0,0,0,-1,0,2.0000,-1,6,12,18,0,36,0,0,0,0
123.2018,3,0,5,0,0,0,0,-1,0,2.0000,-1,6,12,18,0,36,0,0,0,0
123.222,3,0,5,0,0,0,0,-1,0,2.0000,-1,6,12,18,0,36,0,0,0,0
123.2434,3,0,5,0,0,0,0,-1,0,2.0000,-1,6,12,18,0,36,0,0,0,0
123.2625,3,0,5,0,0,0,0,-1,0,2.0000,-1,6,12,18,0,36,0,0,0,0
123.2816,3,0,5,0,0,0,0,-1,1,3.0000,-1,6,12,18,0,36,0,0,0,0
123.3018,3,0,5,0,0,0,0,-1,0,3.0000,-1,6,12,18,0,36,0,0,0,0
123.3204,3,0,5,0,0,0,0,-1,0,3.0000,-1,6,12,18,0,36,0,0,0,0
123.3389,3,0,5,0,0,0,0,-1,0,3.0000,-1,6,12,18,0,36,0,0,0,0
123.3573,3,0,5,0,0,0,0,-1,0,3.0000,-1,6,12,18,0,36,0,0,0,0
123.3761,3,0,5,0,0,0,0,-1,0,3.0000,-1,6,12,18,0,36,0,0,0,0
123.396,3,0,5,0,0,0,0,-1,0,3.0000,-1,6,12,18,0,36,0,0,0,0
123.4148,3,0,5,0,0,0,0,-1,0,3.0000,-1,6,12,18,0,36,0,0,0,0
123.4333,3,0,5,0,0,0,0,-1,0,3.0000,-1,6,12,18,0,36,0,0,0,0
123.4512,3,0,5,0,0,0,0,-1,0,3.0000,-1,6,12,18,0,36,0,0,0,0
123.4691,3,0,5,0,0,0,0,-1,0,3.0000,-1,6,12,18,0,36,0,0,0,0
123.4898,3,0,5,0,0,0,0,-1,0,3.0000,-1,6,12,18,0,36,0,0,0,0
123.5081,3,0,5,0,0,0,0,-1,0,2.0000,-1,6,12,18,0,36,0,0,0,0
123.5277,3,0,5,0,0,0,0,-1,0,2.0000,-1,6,12,18,0,36,0,0,0,0
123.5442,3,0,5,0,0,0,0,-1,0,2.0000,-1,6,12,18,0,36,0,0,0,0
123.5644,3,0,5,0,0,0,0,-1,0,2.0000,-1,6,12,18,0,36,0,0,0,0
123.5813,3,0,5,0,0,0,0,-1,0,2.0000,-1,6,12,18,0,36,0,0,0,0
123.5991,3,0,5,0,0,0,0,-1,0,2.0000,-1,6,12,18,0,36,0,0,0,0
123.6189,3,0,5,0,0,0,0,-1,0,2.0000,-1,6,12,18,0,36,0,0,0,0
123.6365,3,0,5,0,0,0,0,-1,0,2.0000,-1,6,12,18,0,36,0,0,0,0
123.6568,3,0,5,0,0,0,0,-1,1,3.0000,-1,6,12,18,0,36,0,0,0,0
123.6756,3,0,5,0,0,0,0,-1,0,3.0000,-1,6,12,18,0,36,0,0,0,0
123.6927,3,0,5,0,0,0,0,-1,0,3.0000,-1,6,12,18,0,36,0,0,0,0
123.7111,3,0,5,0,0,0,0,-1,0,3.0000,-1,6,12,18,0,36,0,0,0,0
123.7307,3,0,5,0,0,0,0,-1,0,3.0000,-1,6,12,18,0,36,0,0,0,0
123.7465,3,0,5,0,0,0,0,-1,0,3.0000,-1,6,12,18,0,36,0,0,0,0
123.7667,3,0,5,0,0,0,0,-1,0,3.0000,-1,6,12,18,0,36,0,0,0,0
123.7872,3,0,5,0,0,0,0,-1,0,3.0000,-1,6,12,18,0,36,0,0,0,0
123.8029,3,0,5,0,0,0,0,-1,0,3.0000,-1,6,12,18,0,36,0,0,0,0
123.8226,3,0,5,0,0,0,0,-1,0,3.0000,-1,6,12,18,0,36,0,0,0,0
123.8422,3,0,5,0,0,0,0,-1,0,3.0000,-1,6,12,18,0,36,0,0,0,0
123.8595,3,0,5,0,0,0,0,-1,0,3.0000,-1,6,12,18,0,36,0,0,0,0
123.88,3,0,5,0,0,0,0,-1,0,3.0000,-1,6,12,18,0,36,0,0,0,0
123.8977,3,0,5,0,0,0,0,-1,0,3.0000,-1,6,12,18,0,36,0,0,0,0
123.913,3,0,5,0,0,0,0,-1,0,3.0000,-1,6,12,18,0,36,0,0,0,0
123.9322,3,0,5,0,0,0,0,-1,0,3.0000,-1,6,12,18,0,36,0,0,0,0
123.9534,3,0,5,0,0,0,0,-1,1,4.0000,-1,6,12,18,0,36,0,0,0,0
123.9696,3,0,5,0,0,0,1,166,0,3.0000,-1,6,12,18,0,36,0,0,0,0
123.9899,3,0,5,0,0,0,0,-1,0,3.0000,-1,6,12,18,0,36,0,0,0,0
124.0082,3,0,5,0,0,0,0,-1,0,3.0000,-1,6,12,18,0,36,0,0,0,0
124.0268,3,0,5,0,0,0,0,-1,0,3.0000,-1,6,12,18,0,36,0,0,0,0
124.0463,3,0,5,0,0,0,0,-1,0,3.0000,-1,6,12,18,0,36,0,0,0,0
124.0654,3,0,5,0,0,0,0,-1,0,3.0000,-1,6,12,18,0,36,0,0,0,0
124.0821,3,0,5,0,0,0,0,-1,0,3.0000,-1,6,12,18,0,36,0,0,0,0
124.1001,3,0,5,0,0,0,0,-1,0,3.0000,-1,6,12,18,0,36,0,0,0,0
124.1208,3,0,5,0,0,0,0,-1,0,3.0000,-1,6,12,18,0,36,0,0,0,0
124.1377,3,0,5,0,0,0,0,-1,0,3.0000,-1,6,12,18,0,36,0,0,0,0
124.1577,3,0,5,0,0,0,1,165,0,3.0000,-1,6,12,18,0,36,0,0,0,0
124.177,3,0,5,0,0,0,1,165,0,3.0000,-1,6,12,18,0,36,0,0,0,0
124.1946,3,0,5,0,0,0,1,165,0,3.0000,-1,6,12,18,0,36,0,0,0,0
124.2114,3,0,5,0,0,0,1,165,0,3.0000,-1,6,12,18,0,36,0,0,0,0
124.2327,3,0,5,0,0,0,1,165,1,4.0000,-1,6,12,18,0,36,0,0,0,0
124.2508,3,0,5,0,0,0,1,165,0,4.0000,-1,6,12,18,0,36,0,0,0,0
124.2702,3,0,5,0,0,0,1,165,0,4.0000,-1,6,12,18,0,36,0,0,0,0
124.2891,3,0,5,0,0,0,1,165,0,3.0000,-1,6,12,18,0,36,0,0,0,0
124.3073,3,0,5,0,0,0,1,165,0,3.0000,-1,6,12,18,0,36,0,0,0,0
124.3253,3,0,5,0,0,0,1,165,0,3.0000,-1,6,12,18,0,36,0,0,0,0
124.3448,3,0,5,0,0,0,1,165,0,3.0000,-1,6,12,18,0,36,0,0,0,0
124.3639,3,0,5,0,0,0,1,165,0,3.0000,-1,6,12,18,0,36,0,0,0,0
124.3995,3,0,5,0,0,0,1,165,0,3.0000,-1,6,12,18,0,36,0,0,0,0
124.4127,3,0,5,0,0,0,1,165,0,3.0000,-1,6,12,18,0,36,0,0,0,0
124.4271,3,0,5,0,0,0,1,165,0,3.0000,-1,6,12,18,0,36,0,0,0,0
124.4436,3,0,5,0,0,0,1,165,0,3.0000,-1,6,12,18,0,36,0,0,0,0
124.4661,3,0,5,0,0,0,1,165,0,3.0000,-1,6,12,18,0,36,0,0,0,0
124.4861,3,0,5,0,0,0,1,165,0,3.0000,-1,6,12,18,0,36,0,0,0,0
124.5061,3,0,5,0,0,0,1,165,0,3.0000,-1,6,12,18,0,36,0,0,0,0
124.5231,3,0,5,0,0,0,1,165,0,3.0000,-1,6,12,18,0,36,0,0,0,0
124.5461,3,0,5,0,0,0,1,165,0,3.0000,-1,6,12,18,0,36,0,0,0,0
124.5658,3,0,5,0,0,0,1,165,0,3.0000,-1,6,12,18,0,36,0,0,0,0
124.602,3,0,5,0,0,0,1,165,0,3.0000,-1,6,12,18,0,36,0,0,0,0
124.614,3,0,5,0,0,0,1,165,0,3.0000,-1,6,12,18,0,36,0,0,0,0
124.6286,3,0,5,0,0,0,1,165,0,3.0000,-1,6,12,18,0,36,0,0,0,0
124.6446,3,0,5,0,0,0,0,-1,0,3.0000,-1,6,12,18,0,36,0,0,0,0
124.6662,3,0,5,0,0,0,0,-1,0,2.0000,-1,6,12,18,0,36,0,0,0,0
124.689,3,0,5,0,0,0,0,-1,0,2.0000,-1,6,12,18,0,36,0,0,0,0
124.7095,3,0,5,0,0,0,0,-1,0,2.0000,-1,6,12,18,0,36,0,0,0,0
124.7298,3,0,5,0,0,0,0,-1,1,3.0000,-1,6,12,18,0,36,0,0,0,0
124.7472,3,0,5,0,0,0,0,-1,0,3.0000,165,6,12,19,0,37,0,0,0,0
124.769,3,0,5,0,0,0,0,-1,0,3.0000,-1,6,12,19,0,37,0,0,0,0
124.8064,3,0,5,0,0,0,0,-1,0,3.0000,-1,6,12,19,0,37,0,0,0,0
124.8182,3,0,5,0,0,0,0,-1,0,3.0000,-1,6,12,19,0,37,0,0,0,0
124.8319,3,0,5,0,0,0,0,-1,0,3.0000,-1,6,12,19,0,37,0,0,0,0
124.8535,3,0,5,0,0,0,0,-1,0,3.0000,-1,6,12,19,0,37,0,0,0,0
124.8736,3,0,5,0,0,0,0,-1,0,3.0000,-1,6,12,19,0,37,0,0,0,0
124.8946,3,0,5,1,0,0,0,-1,0,3.0000,-1,6,12,19,0,37,0,0,0,0
124.9132,3,0,5,1,0,0,0,-1,0,3.0000,-1,6,12,19,0,37,0,0,0,0
124.9339,3,0,5,1,0,0,0,-1,0,3.0000,-1,6,12,19,0,37,0,0,0,0
124.9529,3,0,5,1,0,0,0,-1,0,3.0000,-1,6,12,19,0,37,0,0,0,0
124.9716,3,0,5,1,0,0,0,-1,0,2.0000,-1,6,12,19,0,37,0,0,0,0
125.009,3,0,5,1,0,0,0,-1,0,2.0000,-1,6,12,19,0,37,0,0,0,0
125.0193,3,0,5,1,0,0,0,-1,0,2.0000,-1,6,12,19,0,37,0,0,0,0
125.0341,3,0,5,1,0,0,0,-1,0,2.0000,-1,6,12,19,0,37,0,0,0,0
125.055,3,0,5,1,0,0,0,-1,0,2.0000,-1,6,12,19,0,37,0,0,0,0
125.0771,3,0,5,1,0,0,0,-1,0,2.0000,-1,6,12,19,0,37,0,0,0,0
125.0962,3,0,5,1,0,0,0,-1,1,3.0000,-1,6,12,19,0,37,0,0,0,0
125.1162,3,0,5,1,0,0,0,-1,0,3.0000,-1,6,12,19,0,37,0,0,0,0
125.1357,3,0,5,1,0,0,0,-1,0,3.0000,-1,6,12,19,0,37,0,0,0,0
125.1553,3,0,5,1,0,0,0,-1,0,3.0000,-1,6,12,19,0,37,0,0,0,0
125.1772,3,0,5,1,0,0,0,-1,0,3.0000,-1,6,12,19,0,37,0,0,0,0
125.1963,3,0,5,1,0,0,0,-1,0,3.0000,-1,6,12,19,0,37,0,0,0,0
125.2158,3,0,5,1,0,0,0,-1,0,3.0000,-1,6,12,19,0,37,0,0,0,0
125.2348,3,0,5,1,0,0,0,-1,0,2.0000,-1,6,12,19,0,37,0,0,0,0
125.2556,3,0,5,1,0,0,0,-1,0,2.0000,-1,6,12,19,0,37,0,0,0,0
125.2751,3,0,5,1,0,0,0,-1,0,2.0000,-1,6,12,19,0,37,0,0,0,0
125.2942,3,0,5,1,0,0,0,-1,0,2.0000,-1,6,12,19,0,37,0,0,0,0
125.3129,3,0,5,1,0,0,0,-1,0,2.0000,-1,6,12,19,0,37,0,0,0,0
125.3344,3,0,5,1,0,0,0,-1,0,2.0000,-1,6,12,19,0,37,0,0,0,0
125.3574,3,0,5,1,0,0,0,-1,0,2.0000,-1,6,12,19,0,37,0,0,0,0
125.3769,3,0,5,1,0,0,0,-1,0,2.0000,-1,6,12,19,0,37,0,0,0,0
125.3963,3,0,5,1,0,0,0,-1,0,2.0000,-1,6,12,19,0,37,0,0,0,0
125.4171,3,0,5,1,0,0,0,-1,1,3.0000,-1,6,12,19,0,37,0,0,0,0
125.4377,3,0,5,1,0,0,0,-1,0,3.0000,-1,6,12,19,0,37,0,0,0,0
125.4583,3,0,5,1,0,0,0,-1,0,3.0000,-1,6,12,19,0,37,0,0,0,0
125.4786,3,0,5,1,0,0,0,-1,0,3.0000,-1,6,12,19,0,37,0,0,0,0
125.4985,3,0,5,1,0,0,0,-1,0,3.0000,-1,6,12,19,0,37,0,0,0,0
125.5167,3,0,5,1,0,0,0,-1,0,3.0000,-1,6,12,19,0,37,0,0,0,0
125.5357,3,0,5,1,0,0,0,-1,0,3.0000,-1,6,12,19,0,37,0,0,0,0
125.5562,3,0,5,1,1,0,0,-1,0,3.0000,-1,6,12,19,0,37,0,0,0,0
125.5768,3,0,5,1,1,0,0,-1,0,3.0000,-1,6,12,19,0,37,0,0,0,0
125.597,3,0,5,1,1,0,0,-1,0,3.0000,-1,6,12,19,0,37,0,0,0,0
125.616,3,0,5,1,1,0,0,-1,0,3.0000,-1,6,12,19,0,37,0,0,0,0
125.6346,3,0,5,1,1,0,0,-1,0,3.0000,-1,6,12,19,0,37,0,0,0,0
125.6552,3,0,5,1,1,0,0,-1,0,3.0000,-1,6,12,19,0,37,0,0,0,0
125.6749,3,0,5,1,1,0,0,-1,0,3.0000,-1,6,12,19,0,37,0,0,0,0
125.6927,3,0,5,1,1,0,1,169,0,3.0000,-1,6,12,19,0,37,0,0,0,0
125.7125,3,0,5,1,1,0,1,169,0,3.0000,-1,6,12,19,0,37,0,0,0,0
125.7359,3,0,5,1,1,0,1,169,1,3.0000,-1,6,12,19,0,37,0,0,0,0
125.7555,3,0,5,1,1,0,1,169,0,3.0000,-1,6,12,19,0,37,0,0,0,0
125.7755,3,0,5,1,1,0,1,169,0,3.0000,-1,6,12,19,0,37,0,0,0,0
125.7927,3,0,5,1,1,0,1,169,0,3.0000,-1,6,12,19,0,37,0,0,0,0
125.8141,3,0,5,1,1,0,1,169,0,3.0000,-1,6,12,19,0,37,0,0,0,0
125.8352,3,0,5,1,1,0,1,169,0,3.0000,-1,6,12,19,0,37,0,0,0,0
125.8566,3,0,5,1,1,0,1,169,0,3.0000,-1,6,12,19,0,37,0,0,0,0
125.8768,3,0,5,1,1,0,1,169,0,3.0000,-1,6,12,19,0,37,0,0,0,0
125.8949,3,0,5,1,1,0,1,169,0,3.0000,-1,6,12,19,0,37,0,0,0,0
125.9161,3,0,5,1,1,0,1,169,0,3.0000,-1,6,12,19,0,37,0,0,0,0
125.9372,2,1,6,1,0,1,0,-1,0,3.0000,169,6,13,19,0,38,0,0,0,0
125.9577,2,0,6,1,0,0,0,-1,0,3.0000,-1,6,13,19,0,38,0,0,0,0
125.9798,2,0,6,1,0,0,0,-1,0,3.0000,-1,6,13,19,0,38,0,0,0,0
125.9978,2,0,6,1,0,0,1,168,0,3.0000,-1,6,13,19,0,38,0,0,0,0
126.0214,2,0,6,1,0,0,1,168,0,3.0000,-1,6,13,19,0,38,0,0,0,0
126.0605,2,0,6,1,0,0,1,168,0,3.0000,-1,6,13,19,0,38,0,0,0,0
126.0744,2,0,6,1,0,0,1,168,0,3.0000,-1,6,13,19,0,38,0,0,0,0
126.0863,2,0,6,1,0,0,1,168,0,3.0000,-1,6,13,19,0,38,0,0,0,0
126.1084,2,0,6,1,0,0,1,168,0,2.0000,-1,6,13,19,0,38,0,0,0,0
126.1312,2,0,6,1,0,0,0,-1,0,2.0000,-1,6,13,19,0,38,0,0,0,0
126.1517,2,0,6,1,0,0,0,-1,0,2.0000,-1,6,13,19,0,38,0,0,0,0
126.1748,2,0,6,1,0,0,0,-1,0,2.0000,-1,6,13,19,0,38,0,0,0,0
126.1942,2,0,6,1,0,0,0,-1,0,2.0000,-1,6,13,19,0,38,0,0,0,0
126.2161,2,0,6,1,0,0,0,-1,0,2.0000,-1,6,13,19,0,38,0,0,0,0
126.2388,2,0,6,1,0,0,0,-1,0,2.0000,-1,6,13,19,0,38,0,0,0,0
126.2807,2,0,6,1,0,0,0,-1,0,2.0000,-1,6,13,19,0,38,0,0,0,0
126.2942,2,0,6,1,0,0,0,-1,0,2.0000,-1,6,13,19,0,38,0,0,0,0
126.3065,2,0,6,1,0,0,0,-1,0,2.0000,-1,6,13,19,0,38,0,0,0,0
126.3273,2,0,6,1,0,0,0,-1,0,2.0000,-1,6,13,19,0,38,0,0,0,0
126.3485,2,0,6,1,0,0,0,-1,0,2.0000,-1,6,13,19,0,38,0,0,0,0
126.3695,2,0,6,1,0,0,0,-1,0,2.0000,-1,6,13,19,0,38,0,0,0,0
126.3907,2,0,6,1,0,0,0,-1,0,2.0000,-1,6,13,19,0,38,0,0,0,0
126.4125,2,0,6,1,0,0,0,-1,0,2.0000,-1,6,13,19,0,38,0,0,0,0
126.4339,2,0,6,1,0,0,0,-1,0,1.0000,-1,6,13,19,0,38,0,0,0,0
126.4534,2,0,6,1,0,0,0,-1,0,1.0000,-1,6,13,19,0,38,0,0,0,0
126.4751,2,0,6,1,0,0,0,-1,0,1.0000,-1,6,13,19,0,38,0,0,0,0
126.4939,2,0,6,1,0,0,0,-1,0,1.0000,-1,6,13,19,0,38,0,0,0,0
126.5144,2,0,6,1,0,0,0,-1,0,1.0000,-1,6,13,19,0,38,0,0,0,0
126.535,2,0,6,1,0,0,0,-1,0,1.0000,-1,6,13,19,0,38,0,0,0,0
126.5563,2,0,6,1,0,0,0,-1,0,1.0000,-1,6,13,19,0,38,0,0,0,0
126.5777,2,0,6,1,0,0,0,-1,0,1.0000,-1,6,13,19,0,38,0,0,0,0
126.5961,2,0,6,1,0,0,0,-1,0,1.0000,-1,6,13,19,0,38,0,0,0,0
126.6175,2,0,6,1,0,0,0,-1,0,1.0000,-1,6,13,19,0,38,0,0,0,0
126.6378,2,0,6,1,0,0,0,-1,0,1.0000,-1,6,13,19,0,38,0,0,0,0
126.6588,2,0,6,1,0,0,0,-1,0,1.0000,-1,6,13,19,0,38,0,0,0,0
126.6787,2,0,6,1,0,0,0,-1,0,1.0000,-1,6,13,19,0,38,0,0,0,0
126.6987,2,0,6,1,0,0,0,-1,0,1.0000,-1,6,13,19,0,38,0,0,0,0
126.719,2,0,6,1,0,0,0,-1,0,1.0000,-1,6,13,19,0,38,0,0,0,0
126.7393,2,0,6,1,0,0,0,-1,0,0.0000,-1,6,13,19,0,38,0,0,0,0
126.7616,2,0,6,1,0,0,0,-1,0,0.0000,-1,6,13,19,0,38,0,0,0,0
126.7829,2,0,6,1,0,0,0,-1,0,0.0000,-1,6,13,19,0,38,0,0,0,0
126.8037,2,0,6,1,0,0,0,-1,0,0.0000,-1,6,13,19,0,38,0,0,0,0
126.8243,2,0,6,1,0,0,0,-1,0,0.0000,-1,6,13,19,0,38,0,0,0,0
126.8455,2,0,6,0,0,0,0,-1,0,0.0000,-1,6,13,19,0,38,0,0,0,0
126.8648,2,0,6,0,0,0,0,-1,0,0.0000,-1,6,13,19,0,38,0,0,0,0
126.9029,2,0,6,0,0,0,0,-1,0,0.0000,-1,6,13,19,0,38,0,0,0,0
126.9142,2,0,6,0,0,0,0,-1,0,0.0000,-1,6,13,19,0,38,0,0,0,0
126.9258,2,0,6,0,0,0,0,-1,0,0.0000,-1,6,13,19,0,38,0,0,0,0
126.948,2,0,6,0,0,0,0,-1,0,0.0000,-1,6,13,19,0,38,0,0,0,0
126.9682,2,0,6,0,0,0,0,-1,0,0.0000,-1,6,13,19,0,38,0,0,0,0
126.9885,2,0,6,0,0,0,1,173,0,0.0000,-1,6,13,19,0,38,0,0,0,0
127.0067,2,0,6,0,0,0,1,173,0,0.0000,-1,6,13,19,0,38,0,0,0,0
127.0271,2,0,6,0,0,0,1,173,0,0.0000,-1,6,13,19,0,38,0,0,0,0
127.0474,2,0,6,0,0,0,1,173,0,0.0000,-1,6,13,19,0,38,0,0,0,0
127.0686,2,0,6,0,0,0,1,173,0,0.0000,-1,6,13,19,0,38,0,0,0,0
127.1054,2,0,6,0,0,0,1,173,0,0.0000,-1,6,13,19,0,38,0,0,0,0
127.1173,2,0,6,0,0,0,1,173,0,0.0000,-1,6,13,19,0,38,0,0,0,0
127.1311,2,0,6,0,0,0,1,173,0,0.0000,-1,6,13,19,0,38,0,0,0,0
127.151,2,0,6,0,0,0,1,173,0,0.0000,-1,6,13,19,0,38,0,0,0,0
127.1715,2,0,6,0,0,0,1,173,1,1.0000,-1,6,13,19,0,38,0,0,0,0
127.192,2,0,6,0,0,0,1,173,0,1.0000,-1,6,13,19,0,38,0,0,0,0
127.2133,2,0,6,0,0,0,0,-1,0,1.0000,-1,6,13,19,0,38,0,0,0,0
127.2346,2,0,6,0,0,0,0,-1,0,1.0000,-1,6,13,19,0,38,0,0,0,0
127.2545,2,0,6,0,0,0,0,-1,0,1.0000,-1,6,13,19,0,38,0,0,0,0
127.2738,2,0,6,0,0,0,0,-1,0,1.0000,-1,6,13,19,0,38,0,0,0,0
127.2942,2,0,6,0,0,0,0,-1,0,1.0000,-1,6,13,19,0,38,0,0,0,0
127.3145,2,0,6,0,0,0,0,-1,0,1.0000,-1,6,13,19,0,38,0,0,0,0
127.3353,2,0,6,0,0,0,0,-1,0,1.0000,-1,6,13,19,0,38,0,0,0,0
127.3575,2,0,6,0,0,0,0,-1,0,1.0000,-1,6,13,19,0,38,0,0,0,0
127.3777,2,0,6,0,0,0,0,-1,0,1.0000,-1,6,13,19,0,38,0,0,0,0
127.3981,2,0,6,0,0,0,0,-1,0,1.0000,-1,6,13,19,0,38,0,0,0,0
127.418,2,0,6,0,0,0,0,-1,1,2.0000,-1,6,13,19,0,38,0,0,0,0
127.4393,2,0,6,0,0,0,0,-1,0,2.0000,173,6,14,19,0,39,0,0,0,0
127.4596,2,0,6,0,0,0,0,-1,1,3.0000,-1,6,14,19,0,39,0,0,0,0
127.4815,2,0,6,0,0,0,0,-1,0,3.0000,-1,6,14,19,0,39,0,0,0,0
127.5219,2,0,6,0,0,0,0,-1,0,3.0000,-1,6,14,19,0,39,0,0,0,0
127.5338,2,0,6,0,0,0,0,-1,0,3.0000,-1,6,14,19,0,39,0,0,0,0
127.5484,2,0,6,0,0,0,0,-1,0,3.0000,-1,6,14,19,0,39,0,0,0,0
127.569,2,0,6,0,0,0,0,-1,0,3.0000,-1,6,14,19,0,39,0,0,0,0
127.5906,2,0,6,0,0,0,0,-1,0,3.0000,-1,6,14,19,0,39,0,0,0,0
127.6126,2,0,6,0,0,0,0,-1,0,3.0000,-1,6,14,19,0,39,0,0,0,0
127.6331,2,0,6,0,0,0,0,-1,0,3.0000,-1,6,14,19,0,39,0,0,0,0
127.6526,2,0,6,0,0,0,0,-1,0,3.0000,-1,6,14,19,0,39,0,0,0,0
127.673,2,0,6,0,0,0,0,-1,0,3.0000,-1,6,14,19,0,39,0,0,0,0
127.6941,2,0,6,0,0,0,0,-1,0,3.0000,-1,6,14,19,0,39,0,0,0,0
127.7147,2,0,6,0,0,0,0,-1,0,3.0000,-1,6,14,19,0,39,0,0,0,0
127.7356,2,0,6,0,0,0,0,-1,0,3.0000,-1,6,14,19,0,39,0,0,0,0
127.7574,2,0,6,0,0,0,0,-1,0,3.0000,-1,6,14,19,0,39,0,0,0,0
127.7782,2,0,6,0,0,0,0,-1,0,3.0000,-1,6,14,19,0,39,0,0,0,0
127.7981,2,0,6,0,0,0,0,-1,1,4.0000,-1,6,14,19,0,39,0,0,0,0
127.8179,2,0,6,0,0,0,0,-1,0,4.0000,-1,6,14,19,0,39,0,0,0,0
127.8392,2,0,6,0,0,0,0,-1,0,4.0000,-1,6,14,19,0,39,0,0,0,0
127.8594,2,0,6,0,0,0,0,-1,0,4.0000,-1,6,14,19,0,39,0,0,0,0
127.8808,2,0,6,0,0,0,0,-1,0,4.0000,-1,6,14,19,0,39,0,0,0,0
127.903,2,0,6,0,0,0,0,-1,0,4.0000,-1,6,14,19,0,39,0,0,0,0
127.9408,2,0,6,0,0,0,0,-1,0,4.0000,-1,6,14,19,0,39,0,0,0,0
127.953,2,0,6,0,0,0,0,-1,0,4.0000,-1,6,14,19,0,39,0,0,0,0
127.9678,2,0,6,0,0,0,0,-1,1,5.0000,-1,6,14,19,0,39,0,0,0,0
127.9884,2,0,6,0,0,0,0,-1,0,5.0000,-1,6,14,19,0,39,0,0,0,0
128.0079,2,0,6,0,0,0,0,-1,0,5.0000,-1,6,14,19,0,39,0,0,0,0
128.0293,2,0,6,0,0,0,0,-1,0,5.0000,-1,6,14,19,0,39,0,0,0,0
128.05,2,0,6,0,0,0,0,-1,0,5.0000,-1,6,14,19,0,39,0,0,0,0
128.0703,2,0,6,0,0,0,0,-1,0,5.0000,-1,6,14,19,0,39,0,0,0,0
128.0905,2,0,6,0,0,0,0,-1,0,5.0000,-1,6,14,19,0,39,0,0,0,0
128.1125,2,0,6,0,0,0,0,-1,0,5.0000,-1,6,14,19,0,39,0,0,0,0
128.1328,2,0,6,0,0,0,0,-1,0,5.0000,-1,6,14,19,0,39,0,0,0,0
128.1515,2,0,6,0,0,0,0,-1,0,5.0000,-1,6,14,19,0,39,0,0,0,0
128.1716,2,0,6,0,0,0,0,-1,0,4.0000,-1,6,14,19,0,39,0,0,0,0
128.1919,2,0,6,0,0,0,0,-1,0,4.0000,-1,6,14,19,0,39,0,0,0,0
128.2127,2,0,6,0,0,0,0,-1,0,4.0000,-1,6,14,19,0,39,0,0,0,0
128.2346,2,0,6,0,0,0,0,-1,0,4.0000,-1,6,14,19,0,39,0,0,0,0
128.2518,2,0,6,0,0,0,0,-1,0,4.0000,-1,6,14,19,0,39,0,0,0,0
128.272,2,0,6,0,0,0,0,-1,0,4.0000,-1,6,14,19,0,39,0,0,0,0
128.2918,2,0,6,0,0,0,0,-1,0,4.0000,-1,6,14,19,0,39,0,0,0,0
128.3117,2,0,6,0,0,0,0,-1,0,4.0000,-1,6,14,19,0,39,0,0,0,0
128.3321,2,0,6,0,0,0,0,-1,0,4.0000,-1,6,14,19,0,39,0,0,0,0
128.3507,2,0,6,0,0,0,0,-1,0,4.0000,-1,6,14,19,0,39,0,0,0,0
128.3707,2,0,6,0,0,0,0,-1,0,4.0000,-1,6,14,19,0,39,0,0,0,0
128.3915,2,0,6,0,0,0,0,-1,0,4.0000,-1,6,14,19,0,39,0,0,0,0
128.4131,2,0,6,0,0,0,0,-1,0,4.0000,-1,6,14,19,0,39,0,0,0,0
128.4334,2,0,6,0,0,0,0,-1,0,3.0000,-1,6,14,19,0,39,0,0,0,0
128.4514,2,0,6,0,0,0,0,-1,0,3.0000,-1,6,14,19,0,39,0,0,0,0
128.4728,2,0,6,0,0,0,0,-1,0,2.0000,-1,6,14,19,0,39,0,0,0,0
128.4918,2,0,6,0,0,0,0,-1,0,2.0000,-1,6,14,19,0,39,0,0,0,0
128.5149,2,0,6,0,0,0,0,-1,0,2.0000,-1,6,14,19,0,39,0,0,0,0
128.533,2,0,6,0,0,0,0,-1,0,2.0000,-1,6,14,19,0,39,0,0,0,0
128.5507,2,0,6,0,0,0,0,-1,0,2.0000,-1,6,14,19,0,39,0,0,0,0
128.5714,2,0,6,0,0,0,0,-1,0,2.0000,-1,6,14,19,0,39,0,0,0,0
128.5911,2,0,6,0,0,0,0,-1,0,2.0000,-1,6,14,19,0,39,0,0,0,0
128.6128,2,0,6,0,0,0,0,-1,0,2.0000,-1,6,14,19,0,39,0,0,0,0
128.6306,2,0,6,0,0,0,0,-1,0,2.0000,-1,6,14,19,0,39,0,0,0,0
128.6502,2,0,6,0,0,0,0,-1,0,2.0000,-1,6,14,19,0,39,0,0,0,0
128.6702,2,0,6,0,0,0,0,-1,0,2.0000,-1,6,14,19,0,39,0,0,0,0
128.6911,2,0,6,0,0,0,0,-1,0,2.0000,-1,6,14,19,0,39,0,0,0,0
128.7121,2,0,6,0,0,0,0,-1,0,2.0000,-1,6,14,19,0,39,0,0,0,0
128.7309,2,0,6,0,0,0,0,-1,0,2.0000,-1,6,14,19,0,39,0,0,0,0
128.7504,2,0,6,0,0,0,0,-1,0,2.0000,-1,6,14,19,0,39,0,0,0,0
128.7698,2,0,6,0,0,0,0,-1,0,2.0000,-1,6,14,19,0,39,0,0,0,0
128.7914,2,0,6,0,0,0,0,-1,0,2.0000,-1,6,14,19,0,39,0,0,0,0
128.8125,2,0,6,0,0,0,0,-1,0,1.0000,-1,6,14,19,0,39,0,0,0,0
128.8306,2,0,6,0,0,0,0,-1,0,1.0000,-1,6,14,19,0,39,0,0,0,0
128.8509,2,0,6,0,0,0,0,-1,0,1.0000,-1,6,14,19,0,39,0,0,0,0
128.8709,2,0,6,0,0,0,0,-1,0,1.0000,-1,6,14,19,0,39,0,0,0,0
128.8904,2,0,6,0,0,0,0,-1,0,1.0000,-1,6,14,19,0,39,0,0,0,0
128.9126,2,0,6,0,0,0,0,-1,0,1.0000,-1,6,14,19,0,39,0,0,0,0
128.9298,2,0,6,0,0,0,0,-1,0,1.0000,-1,6,14,19,0,39,0,0,0,0
128.9502,2,0,6,0,0,0,0,-1,0,1.0000,-1,6,14,19,0,39,0,0,0,0
128.9701,2,0,6,0,0,0,0,-1,0,0.0000,-1,6,14,19,0,39,0,0,0,0
128.9905,2,0,6,0,0,0,0,-1,0,0.0000,-1,6,14,19,0,39,0,0,0,0
129.013,2,0,6,0,0,0,0,-1,0,0.0000,-1,6,14,19,0,39,0,0,0,0
129.03,2,0,6,0,0,0,0,-1,0,0.0000,-1,6,14,19,0,39,0,0,0,0
129.0511,2,0,6,0,0,0,0,-1,0,0.0000,-1,6,14,19,0,39,0,0,0,0
129.0722,2,0,6,0,0,0,0,-1,0,0.0000,-1,6,14,19,0,39,0,0,0,0
129.09,2,0,6,0,0,0,0,-1,0,0.0000,-1,6,14,19,0,39,0,0,0,0
129.111,2,0,6,0,0,0,0,-1,0,0.0000,-1,6,14,19,0,39,0,0,0,0
129.1294,2,0,6,0,0,0,0,-1,0,0.0000,-1,6,14,19,0,39,0,0,0,0
129.1507,2,0,6,0,0,0,0,-1,0,0.0000,-1,6,14,19,0,39,0,0,0,0
129.1699,2,0,6,0,0,0,0,-1,0,0.0000,-1,6,14,19,0,39,0,0,0,0
129.19,2,0,6,0,0,0,0,-1,0,0.0000,-1,6,14,19,0,39,0,0,0,0
129.2115,2,0,6,0,0,0,0,-1,0,0.0000,-1,6,14,19,0,39,0,0,0,0
129.2305,2,0,6,0,0,0,0,-1,0,0.0000,-1,6,14,19,0,39,0,0,0,0
129.2496,2,0,6,0,0,0,0,-1,0,0.0000,-1,6,14,19,0,39,0,0,0,0
129.2695,2,0,6,0,0,0,0,-1,0,0.0000,-1,6,14,19,0,39,0,0,0,0
129.2902,2,0,6,0,0,0,0,-1,0,0.0000,-1,6,14,19,0,39,0,0,0,0
129.3105,2,0,6,0,0,0,0,-1,0,0.0000,-1,6,14,19,0,39,0,0,0,0
129.3303,2,0,6,0,0,0,0,-1,0,0.0000,-1,6,14,19,0,39,0,0,0,0
129.3502,2,0,6,0,0,0,0,-1,0,0.0000,-1,6,14,19,0,39,0,0,0,0
129.37,2,0,6,0,0,0,0,-1,0,0.0000,-1,6,14,19,0,39,0,0,0,0
129.4098,2,0,6,0,0,0,0,-1,0,0.0000,-1,6,14,19,0,39,0,0,0,0
129.4209,2,0,6,0,0,0,0,-1,0,0.0000,-1,6,14,19,0,39,0,0,0,0
129.4361,2,0,6,0,0,0,0,-1,0,0.0000,-1,6,14,19,0,39,0,0,0,0
129.4567,2,0,6,0,0,0,0,-1,0,0.0000,-1,6,14,19,0,39,0,0,0,0
129.4778,2,0,6,0,0,0,0,-1,0,0.0000,-1,6,14,19,0,39,0,0,0,0
129.4978,2,0,6,0,0,0,0,-1,0,0.0000,-1,6,14,19,0,39,0,0,0,0
129.5174,2,0,6,0,0,0,0,-1,0,0.0000,-1,6,14,19,0,39,0,0,0,0
129.5384,2,0,6,0,0,0,0,-1,0,0.0000,-1,6,14,19,0,39,0,0,0,0
129.5581,2,0,6,0,0,0,0,-1,0,0.0000,-1,6,14,19,0,39,0,0,0,0
129.5793,2,0,6,0,0,0,0,-1,0,0.0000,-1,6,14,19,0,39,0,0,0,0
129.6183,2,0,6,0,0,0,0,-1,0,0.0000,-1,6,14,19,0,39,0,0,0,0
129.6292,2,0,6,1,0,0,0,-1,0,0.0000,-1,6,14,19,0,39,0,0,0,0
129.6442,2,0,6,1,0,0,0,-1,0,0.0000,-1,6,14,19,0,39,0,0,0,0
129.6645,2,0,6,1,0,0,0,-1,0,0.0000,-1,6,14,19,0,39,0,0,0,0
129.6839,2,0,6,1,0,0,0,-1,0,0.0000,-1,6,14,19,0,39,0,0,0,0
129.7041,2,0,6,1,0,0,0,-1,0,0.0000,-1,6,14,19,0,39,0,0,0,0
129.7247,2,0,6,1,0,0,0,-1,0,0.0000,-1,6,14,19,0,39,0,0,0,0
129.7458,2,0,6,1,0,0,0,-1,0,0.0000,-1,6,14,19,0,39,0,0,0,0
129.7669,2,0,6,1,0,0,0,-1,1,1.0000,-1,6,14,19,0,39,0,0,0,0
129.7885,2,0,6,1,0,0,0,-1,0,1.0000,-1,6,14,19,0,39,0,0,0,0
129.8246,2,0,6,1,0,0,0,-1,0,1.0000,-1,6,14,19,0,39,0,0,0,0
129.8368,2,0,6,1,0,0,0,-1,0,1.0000,-1,6,14,19,0,39,0,0,0,0
129.8489,2,0,6,1,0,0,0,-1,0,1.0000,-1,6,14,19,0,39,0,0,0,0
129.8696,2,0,6,1,0,0,0,-1,0,1.0000,-1,6,14,19,0,39,0,0,0,0
129.8911,2,0,6,1,0,0,0,-1,0,1.0000,-1,6,14,19,0,39,0,0,0,0
129.9146,2,0,6,1,0,0,0,-1,0,1.0000,-1,6,14,19,0,39,0,0,0,0
129.9323,2,0,6,1,0,0,0,-1,0,1.0000,-1,6,14,19,0,39,0,0,0,0
129.9514,2,0,6,1,0,0,0,-1,0,1.0000,-1,6,14,19,0,39,0,0,0,0
129.9728,2,0,6,1,0,0,0,-1,0,1.0000,-1,6,14,19,0,39,0,0,0,0
129.9924,2,0,6,1,0,0,0,-1,1,2.0000,-1,6,14,19,0,39,0,0,0,0
130.0131,2,0,6,1,0,0,0,-1,0,2.0000,-1,6,14,19,0,39,0,0,0,0
130.035,2,0,6,1,0,0,0,-1,0,2.0000,-1,6,14,19,0,39,0,0,0,0
130.0558,2,0,6,1,0,0,0,-1,0,2.0000,-1,6,14,19,0,39,0,0,0,0
130.075,2,0,6,1,0,0,0,-1,0,2.0000,-1,6,14,19,0,39,0,0,0,0
130.0951,2,0,6,1,0,0,0,-1,0,2.0000,-1,6,14,19,0,39,0,0,0,0
130.1168,2,0,6,1,0,0,0,-1,0,2.0000,-1,6,14,19,0,39,0,0,0,0
130.138,2,0,6,1,0,0,0,-1,0,2.0000,-1,6,14,19,0,39,0,0,0,0
130.1582,2,0,6,1,0,0,0,-1,0,2.0000,-1,6,14,19,0,39,0,0,0,0
130.1805,2,0,6,1,0,0,0,-1,0,2.0000,-1,6,14,19,0,39,0,0,0,0
130.2011,2,0,6,1,0,0,0,-1,0,2.0000,-1,6,14,19,0,39,0,0,0,0
130.2195,2,0,6,1,0,0,0,-1,0,2.0000,-1,6,14,19,0,39,0,0,0,0
130.2402,2,0,6,1,0,0,0,-1,0,2.0000,-1,6,14,19,0,39,0,0,0,0
130.2607,2,0,6,1,0,0,0,-1,0,2.0000,-1,6,14,19,0,39,0,0,0,0
130.2828,2,0,6,1,0,0,0,-1,0,2.0000,-1,6,14,19,0,39,0,0,0,0
130.3023,2,0,6,1,0,0,0,-1,0,2.0000,-1,6,14,19,0,39,0,0,0,0
130.3235,2,0,6,1,0,0,0,-1,0,2.0000,-1,6,14,19,0,39,0,0,0,0
130.3444,2,0,6,1,0,0,0,-1,0,2.0000,-1,6,14,19,0,39,0,0,0,0
130.3624,2,0,6,1,0,0,0,-1,0,2.0000,-1,6,14,19,0,39,0,0,0,0
130.3829,2,0,6,1,0,0,0,-1,0,2.0000,-1,6,14,19,0,39,0,0,0,0
130.4039,2,0,6,1,0,0,0,-1,0,2.0000,-1,6,14,19,0,39,0,0,0,0
130.425,2,0,6,1,0,0,0,-1,0,2.0000,-1,6,14,19,0,39,0,0,0,0
130.4473,2,0,6,1,1,0,0,-1,0,2.0000,-1,6,14,19,0,39,0,0,0,0
130.4677,2,0,6,1,1,0,0,-1,0,2.0000,-1,6,14,19,0,39,0,0,0,0
130.4864,2,0,6,1,1,0,0,-1,0,2.0000,-1,6,14,19,0,39,0,0,0,0
130.5078,2,0,6,1,1,0,0,-1,0,2.0000,-1,6,14,19,0,39,0,0,0,0
130.5291,2,0,6,1,1,0,0,-1,0,2.0000,-1,6,14,19,0,39,0,0,0,0
130.549,2,0,6,1,1,0,0,-1,0,2.0000,-1,6,14,19,0,39,0,0,0,0
130.5706,2,0,6,1,1,0,0,-1,0,2.0000,-1,6,14,19,0,39,0,0,0,0
130.5903,2,0,6,1,1,0,0,-1,0,2.0000,-1,6,14,19,0,39,0,0,0,0
130.6131,2,0,6,1,1,0,0,-1,0,2.0000,-1,6,14,19,0,39,0,0,0,0
130.6326,2,0,6,1,1,0,0,-1,0,2.0000,-1,6,14,19,0,39,0,0,0,0
130.6532,2,0,6,1,1,0,0,-1,0,2.0000,-1,6,14,19,0,39,0,0,0,0
130.673,2,0,6,1,1,0,0,-1,0,2.0000,-1,6,14,19,0,39,0,0,0,0
130.694,2,0,6,1,1,0,0,-1,0,2.0000,-1,6,14,19,0,39,0,0,0,0
130.7165,2,0,6,1,1,0,0,-1,0,2.0000,-1,6,14,19,0,39,0,0,0,0
130.7375,2,0,6,1,1,0,0,-1,0,2.0000,-1,6,14,19,0,39,0,0,0,0
130.7569,2,0,6,1,1,0,0,-1,0,2.0000,-1,6,14,19,0,39,0,0,0,0
130.7756,2,0,6,1,1,0,0,-1,0,1.0000,-1,6,14,19,0,39,0,0,0,0
130.7979,2,0,6,1,1,0,0,-1,0,1.0000,-1,6,14,19,0,39,0,0,0,0
130.8179,2,0,6,1,1,0,0,-1,0,1.0000,-1,6,14,19,0,39,0,0,0,0
130.8386,2,0,6,1,1,0,0,-1,0,1.0000,-1,6,14,19,0,39,0,0,0,0
130.8615,2,0,6,1,1,0,0,-1,0,1.0000,-1,6,14,19,0,39,0,0,0,0
130.8826,2,0,6,1,1,0,0,-1,0,1.0000,-1,6,14,19,0,39,0,0,0,0
130.903,2,0,6,1,1,0,0,-1,0,1.0000,-1,6,14,19,0,39,0,0,0,0
130.9238,2,0,6,1,1,0,0,-1,0,1.0000,-1,6,14,19,0,39,0,0,0,0
130.9414,2,0,6,1,1,0,0,-1,0,1.0000,-1,6,14,19,0,39,0,0,0,0
130.9629,2,0,6,1,1,0,0,-1,0,1.0000,-1,6,14,19,0,39,0,0,0,0
130.9843,2,0,6,1,1,0,0,-1,0,1.0000,-1,6,14,19,0,39,0,0,0,0
131.0052,2,0,6,1,0,0,0,-1,0,0.0000,-1,6,14,19,0,39,0,0,0,0
131.0243,2,0,6,1,0,0,0,-1,0,0.0000,-1,6,14,19,0,39,0,0,0,0
131.0639,2,0,6,1,0,0,0,-1,0,0.0000,-1,6,14,19,0,39,0,0,0,0
131.0767,2,0,6,1,0,0,0,-1,0,0.0000,-1,6,14,19,0,39,0,0,0,0
131.0898,2,0,6,1,0,0,1,178,0,0.0000,-1,6,14,19,0,39,0,0,0,0
131.1115,2,0,6,1,0,0,1,178,0,0.0000,-1,6,14,19,0,39,0,0,0,0
131.1313,2,0,6,1,0,0,1,178,1,1.0000,-1,6,14,19,0,39,0,0,0,0
131.1516,2,0,6,1,0,0,1,178,0,1.0000,-1,6,14,19,0,39,0,0,0,0
131.1701,2,0,6,1,0,0,1,178,0,1.0000,-1,6,14,19,0,39,0,0,0,0
131.1901,2,0,6,1,0,0,1,178,0,1.0000,-1,6,14,19,0,39,0,0,0,0
131.2129,2,0,6,1,0,0,0,-1,0,1.0000,178,6,15,19,0,40,0,0,0,0
131.2328,2,0,6,1,0,0,0,-1,0,1.0000,-1,6,15,19,0,40,0,0,0,0
131.2689,2,0,6,1,0,0,0,-1,0,1.0000,-1,6,15,19,0,40,0,0,0,0
131.2815,2,0,6,1,0,0,0,-1,0,1.0000,-1,6,15,19,0,40,0,0,0,0
131.2954,2,0,6,1,0,0,0,-1,0,1.0000,-1,6,15,19,0,40,0,0,0,0
131.3159,2,0,6,1,0,0,0,-1,0,1.0000,-1,6,15,19,0,40,0,0,0,0
131.3351,2,0,6,1,0,0,0,-1,0,1.0000,-1,6,15,19,0,40,0,0,0,0
131.3571,2,0,6,1,0,0,0,-1,0,1.0000,-1,6,15,19,0,40,0,0,0,0
131.3768,2,0,6,1,0,0,0,-1,0,1.0000,-1,6,15,19,0,40,0,0,0,0
131.3975,2,0,6,1,0,0,0,-1,0,1.0000,-1,6,15,19,0,40,0,0,0,0
131.4158,2,0,6,1,0,0,0,-1,0,1.0000,-1,6,15,19,0,40,0,0,0,0
131.4359,2,0,6,0,0,0,0,-1,0,1.0000,-1,6,15,19,0,40,0,0,0,0
131.4568,2,0,6,0,0,0,0,-1,0,1.0000,-1,6,15,19,0,40,0,0,0,0
131.4777,2,0,6,0,0,0,0,-1,0,1.0000,-1,6,15,19,0,40,0,0,0,0
131.4973,2,0,6,0,0,0,0,-1,0,1.0000,-1,6,15,19,0,40,0,0,0,0
131.5173,2,0,6,0,0,0,0,-1,0,1.0000,-1,6,15,19,0,40,0,0,0,0
131.5351,2,0,6,0,0,0,0,-1,0,1.0000,-1,6,15,19,0,40,0,0,0,0
131.5574,2,0,6,0,0,0,0,-1,1,2.0000,-1,6,15,19,0,40,0,0,0,0
131.5783,2,0,6,0,0,0,0,-1,0,2.0000,-1,6,15,19,0,40,0,0,0,0
131.5969,2,0,6,0,0,0,0,-1,0,2.0000,-1,6,15,19,0,40,0,0,0,0
131.6159,2,0,6,0,0,0,0,-1,0,2.0000,-1,6,15,19,0,40,0,0,0,0
131.6351,2,0,6,0,0,0,0,-1,0,2.0000,-1,6,15,19,0,40,0,0,0,0
131.6561,2,0,6,0,0,0,0,-1,0,2.0000,-1,6,15,19,0,40,0,0,0,0
131.6936,2,0,6,0,0,0,0,-1,0,2.0000,-1,6,15,19,0,40,0,0,0,0
131.7061,2,0,6,0,0,0,0,-1,0,2.0000,-1,6,15,19,0,40,0,0,0,0
131.72,2,0,6,0,0,0,1,182,0,2.0000,-1,6,15,19,0,40,0,0,0,0
131.7402,2,0,6,0,0,0,1,182,0,2.0000,-1,6,15,19,0,40,0,0,0,0
131.7595,2,0,6,0,0,0,1,182,0,2.0000,-1,6,15,19,0,40,0,0,0,0
131.7794,2,0,6,0,0,0,1,182,1,3.0000,-1,6,15,19,0,40,0,0,0,0
131.8017,2,0,6,0,0,0,1,182,0,3.0000,-1,6,15,19,0,40,0,0,0,0
131.8216,2,0,6,0,0,0,1,182,0,3.0000,-1,6,15,19,0,40,0,0,0,0
131.8403,2,0,6,0,0,0,1,182,0,3.0000,-1,6,15,19,0,40,0,0,0,0
131.8602,2,0,6,0,0,0,1,182,0,3.0000,-1,6,15,19,0,40,0,0,0,0
131.8978,2,0,6,0,0,0,1,182,0,3.0000,-1,6,15,19,0,40,0,0,0,0
131.9084,2,0,6,0,0,0,1,182,0,3.0000,-1,6,15,19,0,40,0,0,0,0
131.9237,2,0,6,0,0,0,1,182,0,3.0000,-1,6,15,19,0,40,0,0,0,0
131.9449,2,0,6,0,0,0,1,182,0,3.0000,-1,6,15,19,0,40,0,0,0,0
131.9651,2,0,6,0,0,0,1,182,1,4.0000,-1,6,15,19,0,40,0,0,0,0
131.9839,2,0,6,0,0,0,1,182,0,4.0000,-1,6,15,19,0,40,0,0,0,0
132.0037,2,0,6,0,0,0,1,182,0,4.0000,-1,6,15,19,0,40,0,0,0,0
132.0235,2,0,6,0,0,0,1,182,0,4.0000,-1,6,15,19,0,40,0,0,0,0
132.0447,2,0,6,0,0,0,1,182,0,4.0000,-1,6,15,19,0,40,0,0,0,0
132.0648,2,0,6,0,0,0,1,182,0,4.0000,-1,6,15,19,0,40,0,0,0,0
132.0832,2,0,6,0,0,0,1,182,0,4.0000,-1,6,15,19,0,40,0,0,0,0
132.1022,2,0,6,0,0,0,1,182,0,4.0000,-1,6,15,19,0,40,0,0,0,0
132.1218,2,0,6,0,0,0,1,182,0,4.0000,-1,6,15,19,0,40,0,0,0,0
132.1419,2,0,6,0,0,0,1,182,0,3.0000,-1,6,15,19,0,40,0,0,0,0
132.1617,2,0,6,0,0,0,1,182,0,3.0000,-1,6,15,19,0,40,0,0,0,0
132.1806,2,0,6,0,0,0,1,182,0,3.0000,-1,6,15,19,0,40,0,0,0,0
132.2024,2,0,6,0,0,0,1,182,1,4.0000,-1,6,15,19,0,40,0,0,0,0
132.2216,2,0,6,0,0,0,1,182,0,4.0000,-1,6,15,19,0,40,0,0,0,0
132.2404,2,0,6,0,0,0,1,182,0,4.0000,-1,6,15,19,0,40,0,0,0,0
132.2591,2,0,6,0,0,0,1,182,0,4.0000,-1,6,15,19,0,40,0,0,0,0
132.2803,2,0,6,0,0,0,1,182,0,4.0000,-1,6,15,19,0,40,0,0,0,0
132.3169,2,0,6,0,0,0,1,182,0,4.0000,-1,6,15,19,0,40,0,0,0,0
132.3318,2,0,6,0,0,0,0,-1,0,4.0000,182,6,16,19,0,41,0,0,0,0
132.3468,2,0,6,0,0,0,0,-1,0,4.0000,-1,6,16,19,0,41,0,0,0,0
132.3642,2,0,6,0,0,0,0,-1,0,4.0000,-1,6,16,19,0,41,0,0,0,0
132.3852,2,0,6,0,0,0,0,-1,0,4.0000,-1,6,16,19,0,41,0,0,0,0
132.4038,2,0,6,0,0,0,0,-1,0,4.0000,-1,6,16,19,0,41,0,0,0,0
132.4246,2,0,6,0,0,0,0,-1,0,4.0000,-1,6,16,19,0,41,0,0,0,0
132.4457,2,0,6,0,0,0,0,-1,0,4.0000,-1,6,16,19,0,41,0,0,0,0
132.4651,2,0,6,0,0,0,0,-1,0,4.0000,-1,6,16,19,0,41,0,0,0,0
132.4848,2,0,6,0,0,0,0,-1,0,4.0000,-1,6,16,19,0,41,0,0,0,0
132.5241,2,0,6,0,0,0,0,-1,0,4.0000,-1,6,16,19,0,41,0,0,0,0
132.542,2,0,6,0,0,0,0,-1,0,4.0000,-1,6,16,19,0,41,0,0,0,0
132.5572,2,0,6,0,0,0,0,-1,0,4.0000,-1,6,16,19,0,41,0,0,0,0
132.571,2,0,6,0,0,0,1,180,0,3.0000,-1,6,16,19,0,41,0,0,0,0
132.59,2,0,6,0,0,0,1,180,0,3.0000,-1,6,16,19,0,41,0,0,0,0
132.6097,2,0,6,0,0,0,1,180,0,3.0000,-1,6,16,19,0,41,0,0,0,0
132.6288,2,0,6,0,0,0,1,180,0,3.0000,-1,6,16,19,0,41,0,0,0,0
132.6495,2,0,6,0,0,0,1,180,0,3.0000,-1,6,16,19,0,41,0,0,0,0
132.6689,2,0,6,0,0,0,1,180,0,3.0000,-1,6,16,19,0,41,0,0,0,0
132.6912,2,0,6,0,0,0,1,180,0,3.0000,-1,6,16,19,0,41,0,0,0,0
132.7287,2,0,6,0,0,0,1,180,0,3.0000,-1,6,16,19,0,41,0,0,0,0
132.7433,2,0,6,0,0,0,1,180,0,3.0000,-1,6,16,19,0,41,0,0,0,0
132.758,2,0,6,0,0,0,1,180,0,3.0000,-1,6,16,19,0,41,0,0,0,0
132.7746,2,0,6,0,0,0,1,180,0,3.0000,-1,6,16,19,0,41,0,0,0,0
132.7959,2,0,6,0,0,0,1,180,0,2.0000,-1,6,16,19,0,41,0,0,0,0
132.8148,2,0,6,0,0,0,1,180,1,3.0000,-1,6,16,19,0,41,0,0,0,0
132.8369,2,0,6,0,0,0,1,184,0,3.0000,180,6,17,19,0,42,0,0,0,0
132.8591,2,0,6,0,0,0,1,184,0,3.0000,-1,6,17,19,0,42,0,0,0,0
132.8781,2,0,6,0,0,0,1,184,0,3.0000,-1,6,17,19,0,42,0,0,0,0
132.8988,2,0,6,0,0,0,1,184,0,3.0000,-1,6,17,19,0,42,0,0,0,0
132.936,2,0,6,0,0,0,1,184,0,3.0000,-1,6,17,19,0,42,0,0,0,0
132.9483,2,0,6,0,0,0,1,184,0,3.0000,-1,6,17,19,0,42,0,0,0,0
132.9624,2,0,6,0,0,0,1,184,0,3.0000,-1,6,17,19,0,42,0,0,0,0
132.9835,2,0,6,0,0,0,1,184,0,2.0000,-1,6,17,19,0,42,0,0,0,0
133.0034,2,0,6,0,0,0,1,184,0,2.0000,-1,6,17,19,0,42,0,0,0,0
133.0232,2,0,6,0,0,0,1,184,1,3.0000,-1,6,17,19,0,42,0,0,0,0
133.0451,2,0,6,0,0,0,1,184,0,3.0000,-1,6,17,19,0,42,0,0,0,0
133.0659,2,0,6,0,0,0,1,184,0,3.0000,-1,6,17,19,0,42,0,0,0,0
133.0858,2,0,6,0,0,0,1,184,0,3.0000,-1,6,17,19,0,42,0,0,0,0
133.1058,2,0,6,0,0,0,1,184,0,3.0000,-1,6,17,19,0,42,0,0,0,0
133.1244,2,0,6,0,0,0,1,184,0,3.0000,-1,6,17,19,0,42,0,0,0,0
133.1461,2,0,6,0,0,0,1,184,0,3.0000,-1,6,17,19,0,42,0,0,0,0
133.1667,2,0,6,0,0,0,1,184,0,3.0000,-1,6,17,19,0,42,0,0,0,0
133.1872,2,0,6,0,0,0,1,184,1,4.0000,-1,6,17,19,0,42,0,0,0,0
133.2068,2,0,6,0,0,0,1,184,0,3.0000,-1,6,17,19,0,42,0,0,0,0
133.2277,2,0,6,0,0,0,1,184,0,3.0000,-1,6,17,19,0,42,0,0,0,0
133.2467,2,0,6,0,0,0,1,184,0,3.0000,-1,6,17,19,0,42,0,0,0,0
133.2685,2,0,6,0,0,0,1,184,0,3.0000,-1,6,17,19,0,42,0,0,0,0
133.2892,2,0,6,0,0,0,1,184,0,3.0000,-1,6,17,19,0,42,0,0,0,0
133.3082,2,0,6,0,0,0,1,184,0,3.0000,-1,6,17,19,0,42,0,0,0,0
133.3293,2,0,6,0,0,0,1,184,0,3.0000,-1,6,17,19,0,42,0,0,0,0
133.3469,2,0,6,0,0,0,1,184,0,3.0000,-1,6,17,19,0,42,0,0,0,0
133.3687,2,0,6,0,0,0,0,-1,0,3.0000,184,6,18,19,0,43,0,0,0,0
133.39,2,0,6,0,0,0,0,-1,0,3.0000,-1,6,18,19,0,43,0,0,0,0
133.4102,2,0,6,0,0,0,0,-1,0,3.0000,-1,6,18,19,0,43,0,0,0,0
133.4304,2,0,6,0,0,0,0,-1,1,4.0000,-1,6,18,19,0,43,0,0,0,0
133.4518,2,0,6,0,0,0,0,-1,0,4.0000,-1,6,18,19,0,43,0,0,0,0
133.4699,2,0,6,0,0,0,0,-1,0,4.0000,-1,6,18,19,0,43,0,0,0,0
133.4909,2,0,6,0,0,0,0,-1,0,4.0000,-1,6,18,19,0,43,0,0,0,0
133.5118,2,0,6,0,0,0,0,-1,0,4.0000,-1,6,18,19,0,43,0,0,0,0
133.5493,2,0,6,0,0,0,0,-1,0,4.0000,-1,6,18,19,0,43,0,0,0,0
133.5611,2,0,6,0,0,0,0,-1,0,4.0000,-1,6,18,19,0,43,0,0,0,0
133.5757,2,0,6,0,0,0,0,-1,0,4.0000,-1,6,18,19,0,43,0,0,0,0
133.5961,2,0,6,0,0,0,0,-1,0,4.0000,-1,6,18,19,0,43,0,0,0,0
133.6178,2,0,6,0,0,0,0,-1,0,4.0000,-1,6,18,19,0,43,0,0,0,0
133.6363,2,0,6,0,0,0,0,-1,0,4.0000,-1,6,18,19,0,43,0,0,0,0
133.6566,2,0,6,0,0,0,0,-1,0,4.0000,-1,6,18,19,0,43,0,0,0,0
133.6781,2,0,6,0,0,0,0,-1,0,4.0000,-1,6,18,19,0,43,0,0,0,0
133.6987,2,0,6,0,0,0,0,-1,0,4.0000,-1,6,18,19,0,43,0,0,0,0
133.7182,2,0,6,0,0,0,0,-1,0,4.0000,-1,6,18,19,0,43,0,0,0,0
133.7546,2,0,6,0,0,0,0,-1,0,4.0000,-1,6,18,19,0,43,0,0,0,0
133.7668,2,0,6,0,0,0,0,-1,0,4.0000,-1,6,18,19,0,43,0,0,0,0
133.7804,2,0,6,0,0,0,0,-1,0,4.0000,-1,6,18,19,0,43,0,0,0,0
133.8005,2,0,6,0,0,0,0,-1,0,4.0000,-1,6,18,19,0,43,0,0,0,0
133.8203,2,0,6,0,0,0,0,-1,0,3.0000,-1,6,18,19,0,43,0,0,0,0
133.8404,2,0,6,0,0,0,0,-1,0,3.0000,-1,6,18,19,0,43,0,0,0,0
133.8601,2,0,6,0,0,0,0,-1,0,3.0000,-1,6,18,19,0,43,0,0,0,0
133.879,2,0,6,0,0,0,0,-1,0,3.0000,-1,6,18,19,0,43,0,0,0,0
133.8997,2,0,6,0,0,0,0,-1,0,3.0000,-1,6,18,19,0,43,0,0,0,0
133.9203,2,0,6,0,0,0,0,-1,0,3.0000,-1,6,18,19,0,43,0,0,0,0
133.9397,2,0,6,0,0,0,0,-1,0,3.0000,-1,6,18,19,0,43,0,0,0,0
133.9572,2,0,6,0,0,0,0,-1,0,3.0000,-1,6,18,19,0,43,0,0,0,0
133.9787,2,0,6,0,0,0,0,-1,0,3.0000,-1,6,18,19,0,43,0,0,0,0
133.9982,2,0,6,0,0,0,0,-1,0,3.0000,-1,6,18,19,0,43,0,0,0,0
134.0179,2,0,6,0,0,0,0,-1,0,3.0000,-1,6,18,19,0,43,0,0,0,0
134.0356,2,0,6,0,0,0,0,-1,0,2.0000,-1,6,18,19,0,43,0,0,0,0
134.0576,2,0,6,0,0,0,0,-1,0,2.0000,-1,6,18,19,0,43,0,0,0,0
134.0779,2,0,6,0,0,0,0,-1,0,2.0000,-1,6,18,19,0,43,0,0,0,0
134.0948,2,0,6,0,0,0,0,-1,0,2.0000,-1,6,18,19,0,43,0,0,0,0
134.1155,2,0,6,0,0,0,0,-1,0,2.0000,-1,6,18,19,0,43,0,0,0,0
134.134,2,0,6,0,0,0,0,-1,0,2.0000,-1,6,18,19,0,43,0,0,0,0
134.173,2,0,6,0,0,0,0,-1,0,2.0000,-1,6,18,19,0,43,0,0,0,0
134.1861,2,0,6,0,0,0,0,-1,0,2.0000,-1,6,18,19,0,43,0,0,0,0
134.1991,2,0,6,0,0,0,0,-1,0,1.0000,-1,6,18,19,0,43,0,0,0,0
134.2191,2,0,6,0,0,0,0,-1,0,1.0000,-1,6,18,19,0,43,0,0,0,0
134.2391,2,0,6,0,0,0,0,-1,0,1.0000,-1,6,18,19,0,43,0,0,0,0
134.2574,2,0,6,0,0,0,0,-1,0,1.0000,-1,6,18,19,0,43,0,0,0,0
134.2776,2,0,6,0,0,0,0,-1,0,1.0000,-1,6,18,19,0,43,0,0,0,0
134.2984,2,0,6,0,0,0,0,-1,0,1.0000,-1,6,18,19,0,43,0,0,0,0
134.3174,2,0,6,0,0,0,0,-1,0,1.0000,-1,6,18,19,0,43,0,0,0,0
134.3376,2,0,6,0,0,0,0,-1,0,1.0000,-1,6,18,19,0,43,0,0,0,0
134.3566,2,0,6,0,0,0,0,-1,0,1.0000,-1,6,18,19,0,43,0,0,0,0
134.3772,2,0,6,0,0,0,0,-1,0,1.0000,-1,6,18,19,0,43,0,0,0,0
134.3962,2,0,6,0,0,0,0,-1,0,1.0000,-1,6,18,19,0,43,0,0,0,0
134.4144,2,0,6,0,0,0,0,-1,0,1.0000,-1,6,18,19,0,43,0,0,0,0
134.4338,2,0,6,0,0,0,0,-1,0,0.0000,-1,6,18,19,0,43,0,0,0,0
134.4552,2,0,6,0,0,0,0,-1,0,0.0000,-1,6,18,19,0,43,0,0,0,0
134.4734,2,0,6,0,0,0,0,-1,0,0.0000,-1,6,18,19,0,43,0,0,0,0
134.4922,2,0,6,0,0,0,0,-1,0,0.0000,-1,6,18,19,0,43,0,0,0,0
134.5129,2,0,6,0,0,0,0,-1,0,0.0000,-1,6,18,19,0,43,0,0,0,0
134.533,2,0,6,0,0,0,0,-1,0,0.0000,-1,6,18,19,0,43,0,0,0,0
134.5501,2,0,6,0,0,0,0,-1,0,0.0000,-1,6,18,19,0,43,0,0,0,0
134.568,2,0,6,0,0,0,0,-1,0,0.0000,-1,6,18,19,0,43,0,0,0,0
134.5898,2,0,6,0,0,0,0,-1,0,0.0000,-1,6,18,19,0,43,0,0,0,0
134.6081,2,0,6,0,0,0,0,-1,0,0.0000,-1,6,18,19,0,43,0,0,0,0
134.6275,2,0,6,0,0,0,0,-1,0,0.0000,-1,6,18,19,0,43,0,0,0,0
134.6482,2,0,6,0,0,0,0,-1,0,0.0000,-1,6,18,19,0,43,0,0,0,0
134.6681,2,0,6,0,0,0,0,-1,0,0.0000,-1,6,18,19,0,43,0,0,0,0
134.6872,2,0,6,0,0,0,0,-1,0,0.0000,-1,6,18,19,0,43,0,0,0,0
134.7075,2,0,6,0,0,0,0,-1,0,0.0000,-1,6,18,19,0,43,0,0,0,0
134.7242,2,0,6,0,0,0,0,-1,0,0.0000,-1,6,18,19,0,43,0,0,0,0
134.7457,2,0,6,0,0,0,0,-1,0,0.0000,-1,6,18,19,0,43,0,0,0,0
134.7647,2,0,6,0,0,0,0,-1,0,0.0000,-1,6,18,19,0,43,0,0,0,0
134.7835,2,0,6,0,0,0,0,-1,0,0.0000,-1,6,18,19,0,43,0,0,0,0
134.8013,2,0,6,0,0,0,0,-1,1,1.0000,-1,6,18,19,0,43,0,0,0,0
134.8237,2,0,6,0,0,0,0,-1,0,1.0000,-1,6,18,19,0,43,0,0,0,0
134.8432,2,0,6,0,0,0,0,-1,0,1.0000,-1,6,18,19,0,43,0,0,0,0
134.8591,2,0,6,0,0,0,0,-1,0,1.0000,-1,6,18,19,0,43,0,0,0,0
134.879,2,0,6,0,0,0,0,-1,0,1.0000,-1,6,18,19,0,43,0,0,0,0
134.9014,2,0,6,0,0,0,0,-1,0,1.0000,-1,6,18,19,0,43,0,0,0,0
134.9201,2,0,6,0,0,0,0,-1,0,1.0000,-1,6,18,19,0,43,0,0,0,0
134.9405,2,0,6,0,0,0,0,-1,0,1.0000,-1,6,18,19,0,43,0,0,0,0
134.9575,2,0,6,0,0,0,0,-1,0,1.0000,-1,6,18,19,0,43,0,0,0,0
134.9785,2,0,6,0,0,0,0,-1,0,1.0000,-1,6,18,19,0,43,0,0,0,0
134.9973,2,0,6,0,0,0,0,-1,0,1.0000,-1,6,18,19,0,43,0,0,0,0
135.0187,2,0,6,0,0,0,0,-1,1,2.0000,-1,6,18,19,0,43,0,0,0,0
135.0363,2,0,6,0,0,0,0,-1,0,2.0000,-1,6,18,19,0,43,0,0,0,0
135.0577,2,0,6,0,0,0,0,-1,0,2.0000,-1,6,18,19,0,43,0,0,0,0
135.0763,2,0,6,0,0,0,0,-1,0,2.0000,-1,6,18,19,0,43,0,0,0,0
135.0949,2,0,6,0,0,0,0,-1,0,2.0000,-1,6,18,19,0,43,0,0,0,0
135.1141,2,0,6,0,0,0,0,-1,0,2.0000,-1,6,18,19,0,43,0,0,0,0
135.136,2,0,6,0,0,0,0,-1,0,2.0000,-1,6,18,19,0,43,0,0,0,0
135.1547,2,0,6,0,0,0,0,-1,0,2.0000,-1,6,18,19,0,43,0,0,0,0
135.1737,2,0,6,0,0,0,0,-1,0,2.0000,-1,6,18,19,0,43,0,0,0,0
135.1919,2,0,6,0,0,0,0,-1,0,2.0000,-1,6,18,19,0,43,0,0,0,0
135.213,2,0,6,0,0,0,0,-1,0,2.0000,-1,6,18,19,0,43,0,0,0,0
135.2321,2,0,6,0,0,0,0,-1,0,2.0000,-1,6,18,19,0,43,0,0,0,0
135.2524,2,0,6,0,0,0,0,-1,0,2.0000,-1,6,18,19,0,43,0,0,0,0
135.2718,2,0,6,0,0,0,0,-1,0,2.0000,-1,6,18,19,0,43,0,0,0,0
135.2919,2,0,6,0,0,0,0,-1,0,2.0000,-1,6,18,19,0,43,0,0,0,0
135.3114,2,0,6,0,0,0,0,-1,0,2.0000,-1,6,18,19,0,43,0,0,0,0
135.3306,2,0,6,0,0,0,0,-1,0,2.0000,-1,6,18,19,0,43,0,0,0,0
135.3489,2,0,6,0,0,0,0,-1,0,2.0000,-1,6,18,19,0,43,0,0,0,0
135.3685,2,0,6,0,0,0,0,-1,0,2.0000,-1,6,18,19,0,43,0,0,0,0
135.3894,2,0,6,0,0,0,0,-1,0,2.0000,-1,6,18,19,0,43,0,0,0,0
135.4092,2,0,6,0,0,0,0,-1,0,2.0000,-1,6,18,19,0,43,0,0,0,0
135.4261,2,0,6,0,0,0,0,-1,1,3.0000,-1,6,18,19,0,43,0,0,0,0
135.4476,2,0,6,0,0,0,0,-1,0,3.0000,-1,6,18,19,0,43,0,0,0,0
135.4683,2,0,6,0,0,0,0,-1,0,3.0000,-1,6,18,19,0,43,0,0,0,0
135.489,2,0,6,0,0,0,0,-1,0,3.0000,-1,6,18,19,0,43,0,0,0,0
135.509,2,0,6,1,0,0,1,188,0,3.0000,-1,6,18,19,0,43,0,0,0,0
135.5274,2,0,6,1,0,0,1,188,0,3.0000,-1,6,18,19,0,43,0,0,0,0
135.5476,2,0,6,1,0,0,1,188,0,3.0000,-1,6,18,19,0,43,0,0,0,0
135.5685,2,0,6,1,0,0,1,188,0,3.0000,-1,6,18,19,0,43,0,0,0,0
135.5896,2,0,6,1,0,0,1,188,0,3.0000,-1,6,18,19,0,43,0,0,0,0
135.6132,2,0,6,1,0,0,1,188,1,4.0000,-1,6,18,19,0,43,0,0,0,0
135.6454,2,0,6,1,0,0,1,188,0,4.0000,-1,6,18,19,0,43,0,0,0,0
135.662,2,0,6,1,0,0,1,188,0,4.0000,-1,6,18,19,0,43,0,0,0,0
135.6755,2,0,6,1,0,0,1,188,0,4.0000,-1,6,18,19,0,43,0,0,0,0
135.69,2,0,6,1,0,0,0,-1,0,4.0000,-1,6,18,19,0,43,0,0,0,0
135.7124,2,0,6,1,0,0,0,-1,0,4.0000,-1,6,18,19,0,43,0,0,0,0
135.7319,2,0,6,1,0,0,0,-1,0,4.0000,-1,6,18,19,0,43,0,0,0,0
135.7529,2,0,6,1,0,0,0,-1,0,4.0000,-1,6,18,19,0,43,0,0,0,0
135.7709,2,0,6,1,0,0,0,-1,0,4.0000,-1,6,18,19,0,43,0,0,0,0
135.7908,2,0,6,1,0,0,0,-1,1,5.0000,-1,6,18,19,0,43,0,0,0,0
135.8116,2,0,6,1,0,0,0,-1,0,4.0000,-1,6,18,19,0,43,0,0,0,0
135.831,2,0,6,1,0,0,0,-1,0,4.0000,-1,6,18,19,0,43,0,0,0,0
135.8499,2,0,6,1,0,0,0,-1,0,4.0000,-1,6,18,19,0,43,0,0,0,0
135.8683,2,0,6,1,0,0,0,-1,0,4.0000,-1,6,18,19,0,43,0,0,0,0
135.8898,2,0,6,1,0,0,0,-1,0,4.0000,-1,6,18,19,0,43,0,0,0,0
135.9094,2,0,6,1,0,0,0,-1,0,4.0000,-1,6,18,19,0,43,0,0,0,0
135.9257,2,0,6,1,0,0,0,-1,0,4.0000,-1,6,18,19,0,43,0,0,0,0
135.9477,2,0,6,1,0,0,0,-1,0,4.0000,-1,6,18,19,0,43,0,0,0,0
135.9694,2,0,6,1,0,0,0,-1,0,4.0000,-1,6,18,19,0,43,0,0,0,0
135.9913,2,0,6,1,0,0,0,-1,0,4.0000,-1,6,18,19,0,43,0,0,0,0
136.0135,2,0,6,1,0,0,0,-1,0,4.0000,-1,6,18,19,0,43,0,0,0,0
136.0342,2,0,6,1,0,0,0,-1,0,3.0000,-1,6,18,19,0,43,0,0,0,0
136.0549,2,0,6,0,0,0,0,-1,0,3.0000,-1,6,18,19,0,43,0,0,0,0
136.0777,2,0,6,0,0,0,0,-1,0,3.0000,-1,6,18,19,0,43,0,0,0,0
136.0981,2,0,6,0,0,0,0,-1,0,3.0000,-1,6,18,19,0,43,0,0,0,0
136.1169,2,0,6,0,0,0,0,-1,0,3.0000,-1,6,18,19,0,43,0,0,0,0
136.138,2,0,6,0,0,0,0,-1,0,3.0000,-1,6,18,19,0,43,0,0,0,0
136.1585,2,0,6,0,0,0,0,-1,0,3.0000,-1,6,18,19,0,43,0,0,0,0
136.1799,2,0,6,0,0,0,0,-1,0,3.0000,-1,6,18,19,0,43,0,0,0,0
136.198,2,0,6,0,0,0,0,-1,0,3.0000,-1,6,18,19,0,43,0,0,0,0
136.2168,2,0,6,0,0,0,0,-1,0,3.0000,-1,6,18,19,0,43,0,0,0,0
136.2381,2,0,6,0,0,0,0,-1,0,3.0000,-1,6,18,19,0,43,0,0,0,0
136.2752,2,0,6,0,1,0,0,-1,1,4.0000,-1,6,18,19,0,43,0,0,0,0
136.2902,2,0,6,0,1,0,0,-1,0,4.0000,-1,6,18,19,0,43,0,0,0,0
136.3046,2,0,6,0,1,0,0,-1,0,4.0000,-1,6,18,19,0,43,0,0,0,0
136.3213,2,0,6,0,1,0,0,-1,0,4.0000,-1,6,18,19,0,43,0,0,0,0
136.3416,2,0,6,0,1,0,0,-1,0,4.0000,-1,6,18,19,0,43,0,0,0,0
136.3613,2,0,6,0,1,0,0,-1,0,4.0000,-1,6,18,19,0,43,0,0,0,0
136.3812,2,0,6,0,1,0,0,-1,0,4.0000,-1,6,18,19,0,43,0,0,0,0
136.4038,2,0,6,0,1,0,0,-1,0,4.0000,-1,6,18,19,0,43,0,0,0,0
136.4228,2,0,6,0,1,0,0,-1,0,4.0000,-1,6,18,19,0,43,0,0,0,0
136.4436,2,0,6,0,1,0,0,-1,1,4.0000,-1,6,18,19,0,43,0,0,0,0
136.4631,2,0,6,0,1,0,0,-1,0,4.0000,-1,6,18,19,0,43,0,0,0,0
136.4814,2,0,6,0,1,0,0,-1,0,4.0000,-1,6,18,19,0,43,0,0,0,0
136.502,2,0,6,0,1,0,0,-1,0,4.0000,-1,6,18,19,0,43,0,0,0,0
136.5233,2,0,6,0,1,0,0,-1,0,4.0000,-1,6,18,19,0,43,0,0,0,0
136.544,2,0,6,0,1,0,0,-1,0,4.0000,-1,6,18,19,0,43,0,0,0,0
136.5623,2,0,6,0,1,0,0,-1,0,4.0000,-1,6,18,19,0,43,0,0,0,0
136.5847,2,0,6,0,1,0,0,-1,0,4.0000,-1,6,18,19,0,43,0,0,0,0
136.6029,2,0,6,0,1,0,0,-1,0,4.0000,-1,6,18,19,0,43,0,0,0,0
136.625,2,0,6,0,1,0,0,-1,0,3.0000,-1,6,18,19,0,43,0,0,0,0
136.6448,2,0,6,0,1,0,0,-1,0,3.0000,-1,6,18,19,0,43,0,0,0,0
136.682,2,0,6,0,1,0,0,-1,0,3.0000,-1,6,18,19,0,43,0,0,0,0
136.6947,2,0,6,0,1,0,0,-1,0,3.0000,-1,6,18,19,0,43,0,0,0,0
136.7081,2,0,6,0,1,0,0,-1,0,3.0000,-1,6,18,19,0,43,0,0,0,0
136.7296,2,0,6,0,1,0,0,-1,0,3.0000,-1,6,18,19,0,43,0,0,0,0
136.7501,2,0,6,0,1,0,0,-1,0,3.0000,-1,6,18,19,0,43,0,0,0,0
136.7701,2,0,6,0,1,0,0,-1,0,3.0000,-1,6,18,19,0,43,0,0,0,0
136.7913,2,0,6,0,1,0,0,-1,0,2.0000,-1,6,18,19,0,43,0,0,0,0
136.8117,1,1,7,0,0,0,0,-1,0,2.0000,-1,6,18,19,0,43,0,0,0,0
136.8324,1,0,7,0,0,0,0,-1,0,2.0000,-1,6,18,19,0,43,0,0,0,0
136.8537,1,0,7,0,0,0,0,-1,0,2.0000,-1,6,18,19,0,43,0,0,0,0
136.8938,1,0,7,0,0,0,0,-1,1,3.0000,-1,6,18,19,0,43,0,0,0,0
136.9088,1,0,7,0,0,0,0,-1,0,3.0000,-1,6,18,19,0,43,0,0,0,0
136.9235,1,0,7,0,0,0,0,-1,0,3.0000,-1,6,18,19,0,43,0,0,0,0
136.9386,1,0,7,0,0,0,0,-1,0,3.0000,-1,6,18,19,0,43,0,0,0,0
136.9607,1,0,7,0,0,0,0,-1,0,3.0000,-1,6,18,19,0,43,0,0,0,0
136.981,1,0,7,0,0,0,0,-1,0,3.0000,-1,6,18,19,0,43,0,0,0,0
137.0032,1,0,7,0,0,0,1,190,0,3.0000,-1,6,18,19,0,43,0,0,0,0
137.0248,1,0,7,0,0,0,1,190,0,3.0000,-1,6,18,19,0,43,0,0,0,0
137.0438,1,0,7,0,0,0,1,190,0,3.0000,-1,6,18,19,0,43,0,0,0,0
137.0646,1,0,7,0,0,0,1,190,0,3.0000,-1,6,18,19,0,43,0,0,0,0
137.1031,1,0,7,0,0,0,1,190,0,3.0000,-1,6,18,19,0,43,0,0,0,0
137.1183,1,0,7,0,0,0,1,190,0,3.0000,-1,6,18,19,0,43,0,0,0,0
137.1347,1,0,7,0,0,0,1,190,0,3.0000,-1,6,18,19,0,43,0,0,0,0
137.1484,1,0,7,0,0,0,1,190,0,3.0000,-1,6,18,19,0,43,0,0,0,0
137.17,1,0,7,0,0,0,1,190,0,3.0000,-1,6,18,19,0,43,0,0,0,0
137.1912,1,0,7,0,0,0,1,190,0,3.0000,-1,6,18,19,0,43,0,0,0,0
137.2125,1,0,7,0,0,0,1,190,0,3.0000,-1,6,18,19,0,43,0,0,0,0
137.2326,1,0,7,0,0,0,1,190,0,3.0000,-1,6,18,19,0,43,0,0,0,0
137.252,1,0,7,0,0,0,1,190,0,3.0000,-1,6,18,19,0,43,0,0,0,0
137.2719,1,0,7,0,0,0,1,190,0,3.0000,-1,6,18,19,0,43,0,0,0,0
137.3123,1,0,7,0,0,0,1,190,0,2.0000,-1,6,18,19,0,43,0,0,0,0
137.324,1,0,7,0,0,0,1,190,0,2.0000,-1,6,18,19,0,43,0,0,0,0
137.3367,1,0,7,0,0,0,1,190,0,2.0000,-1,6,18,19,0,43,0,0,0,0
137.3581,1,0,7,0,0,0,1,190,0,2.0000,-1,6,18,19,0,43,0,0,0,0
137.38,1,0,7,0,0,0,1,190,0,2.0000,-1,6,18,19,0,43,0,0,0,0
137.4005,1,0,7,0,0,0,1,190,0,2.0000,-1,6,18,19,0,43,0,0,0,0
137.4212,1,0,7,0,0,0,1,190,0,2.0000,-1,6,18,19,0,43,0,0,0,0
137.4435,1,0,7,0,0,0,1,190,0,2.0000,-1,6,18,19,0,43,0,0,0,0
137.4637,1,0,7,0,0,0,1,190,0,1.0000,-1,6,18,19,0,43,0,0,0,0
137.4827,1,0,7,0,0,0,1,190,0,1.0000,-1,6,18,19,0,43,0,0,0,0
137.5041,1,0,7,0,0,0,1,190,0,1.0000,-1,6,18,19,0,43,0,0,0,0
137.5244,1,0,7,0,0,0,1,190,0,1.0000,-1,6,18,19,0,43,0,0,0,0
137.5445,1,0,7,0,0,0,1,190,0,1.0000,-1,6,18,19,0,43,0,0,0,0
137.564,1,0,7,0,0,0,1,190,0,1.0000,-1,6,18,19,0,43,0,0,0,0
137.5851,1,0,7,0,0,0,0,-1,0,1.0000,190,7,18,19,0,44,0,0,0,0
137.605,1,0,7,0,0,0,0,-1,0,1.0000,-1,7,18,19,0,44,0,0,0,0
137.626,1,0,7,0,0,0,0,-1,0,1.0000,-1,7,18,19,0,44,0,0,0,0
137.6473,1,0,7,0,0,0,0,-1,0,1.0000,-1,7,18,19,0,44,0,0,0,0
137.6678,1,0,7,0,0,0,0,-1,0,1.0000,-1,7,18,19,0,44,0,0,0,0
137.6879,1,0,7,0,0,0,0,-1,1,2.0000,-1,7,18,19,0,44,0,0,0,0
137.7282,1,0,7,0,0,0,0,-1,0,2.0000,-1,7,18,19,0,44,0,0,0,0
137.742,1,0,7,0,0,0,0,-1,0,2.0000,-1,7,18,19,0,44,0,0,0,0
137.7553,1,0,7,0,0,0,0,-1,0,2.0000,-1,7,18,19,0,44,0,0,0,0
137.7745,1,0,7,0,0,0,0,-1,0,2.0000,-1,7,18,19,0,44,0,0,0,0
137.796,1,0,7,0,0,0,0,-1,0,2.0000,-1,7,18,19,0,44,0,0,0,0
137.8168,1,0,7,0,0,0,0,-1,0,2.0000,-1,7,18,19,0,44,0,0,0,0
137.8377,1,0,7,0,0,0,0,-1,0,2.0000,-1,7,18,19,0,44,0,0,0,0
137.858,1,0,7,0,0,0,0,-1,0,2.0000,-1,7,18,19,0,44,0,0,0,0
137.8793,1,0,7,0,0,0,0,-1,0,2.0000,-1,7,18,19,0,44,0,0,0,0
137.9003,1,0,7,0,0,0,0,-1,0,1.0000,-1,7,18,19,0,44,0,0,0,0
137.9211,1,0,7,0,0,0,0,-1,0,1.0000,-1,7,18,19,0,44,0,0,0,0
137.9407,1,0,7,0,0,0,0,-1,0,1.0000,-1,7,18,19,0,44,0,0,0,0
137.9603,1,0,7,0,0,0,0,-1,0,1.0000,-1,7,18,19,0,44,0,0,0,0
137.9817,1,0,7,0,0,0,0,-1,0,1.0000,-1,7,18,19,0,44,0,0,0,0
138.0016,1,0,7,0,0,0,0,-1,0,1.0000,-1,7,18,19,0,44,0,0,0,0
138.0217,1,0,7,0,0,0,0,-1,0,1.0000,-1,7,18,19,0,44,0,0,0,0
138.0416,1,0,7,0,0,0,0,-1,0,1.0000,-1,7,18,19,0,44,0,0,0,0
138.0621,1,0,7,0,0,0,0,-1,0,1.0000,-1,7,18,19,0,44,0,0,0,0
138.0813,1,0,7,0,0,0,0,-1,0,1.0000,-1,7,18,19,0,44,0,0,0,0
138.1023,1,0,7,0,0,0,0,-1,0,1.0000,-1,7,18,19,0,44,0,0,0,0
138.1232,1,0,7,0,0,0,0,-1,0,1.0000,-1,7,18,19,0,44,0,0,0,0
138.1436,1,0,7,0,0,0,0,-1,0,1.0000,-1,7,18,19,0,44,0,0,0,0
138.1644,1,0,7,0,0,0,0,-1,1,2.0000,-1,7,18,19,0,44,0,0,0,0
138.1853,1,0,7,0,0,0,0,-1,0,2.0000,-1,7,18,19,0,44,0,0,0,0
138.2044,1,0,7,0,0,0,0,-1,0,2.0000,-1,7,18,19,0,44,0,0,0,0
138.225,1,0,7,0,0,0,0,-1,0,2.0000,-1,7,18,19,0,44,0,0,0,0
138.2451,1,0,7,0,0,0,0,-1,0,2.0000,-1,7,18,19,0,44,0,0,0,0
138.2648,1,0,7,0,0,0,0,-1,0,2.0000,-1,7,18,19,0,44,0,0,0,0
138.2849,1,0,7,0,0,0,0,-1,0,2.0000,-1,7,18,19,0,44,0,0,0,0
138.3042,1,0,7,0,0,0,0,-1,0,2.0000,-1,7,18,19,0,44,0,0,0,0
138.325,1,0,7,0,0,0,0,-1,0,2.0000,-1,7,18,19,0,44,0,0,0,0
138.345,1,0,7,0,0,0,0,-1,0,2.0000,-1,7,18,19,0,44,0,0,0,0
138.3649,1,0,7,0,0,0,0,-1,0,2.0000,-1,7,18,19,0,44,0,0,0,0
138.3847,1,0,7,0,0,0,0,-1,0,2.0000,-1,7,18,19,0,44,0,0,0,0
138.4059,1,0,7,0,0,0,0,-1,0,2.0000,-1,7,18,19,0,44,0,0,0,0
138.4245,1,0,7,0,0,0,0,-1,0,2.0000,-1,7,18,19,0,44,0,0,0,0
138.4451,1,0,7,0,0,0,0,-1,0,2.0000,-1,7,18,19,0,44,0,0,0,0
138.4658,1,0,7,0,0,0,0,-1,0,2.0000,-1,7,18,19,0,44,0,0,0,0
138.4842,1,0,7,0,0,0,0,-1,0,2.0000,-1,7,18,19,0,44,0,0,0,0
138.5052,1,0,7,0,0,0,0,-1,0,2.0000,-1,7,18,19,0,44,0,0,0,0
138.5253,1,0,7,0,0,0,0,-1,0,2.0000,-1,7,18,19,0,44,0,0,0,0
138.5463,1,0,7,0,0,0,0,-1,0,2.0000,-1,7,18,19,0,44,0,0,0,0
138.5694,1,0,7,0,0,0,0,-1,0,2.0000,-1,7,18,19,0,44,0,0,0,0
138.5895,1,0,7,0,0,0,0,-1,1,3.0000,-1,7,18,19,0,44,0,0,0,0
138.6091,1,0,7,0,0,0,0,-1,0,3.0000,-1,7,18,19,0,44,0,0,0,0
138.6304,1,0,7,0,0,0,0,-1,0,3.0000,-1,7,18,19,0,44,0,0,0,0
138.6504,1,0,7,0,0,0,0,-1,0,3.0000,-1,7,18,19,0,44,0,0,0,0
138.6708,1,0,7,0,0,0,0,-1,0,3.0000,-1,7,18,19,0,44,0,0,0,0
138.6912,1,0,7,0,0,0,0,-1,0,2.0000,-1,7,18,19,0,44,0,0,0,0
138.7127,1,0,7,0,0,0,0,-1,0,2.0000,-1,7,18,19,0,44,0,0,0,0
138.7516,1,0,7,1,0,0,0,-1,0,2.0000,-1,7,18,19,0,44,0,0,0,0
138.7678,1,0,7,1,0,0,0,-1,0,2.0000,-1,7,18,19,0,44,0,0,0,0
138.7827,1,0,7,1,0,0,0,-1,0,2.0000,-1,7,18,19,0,44,0,0,0,0
138.7998,1,0,7,1,0,0,0,-1,0,2.0000,-1,7,18,19,0,44,0,0,0,0
138.8208,1,0,7,1,0,0,0,-1,0,2.0000,-1,7,18,19,0,44,0,0,0,0
138.8416,1,0,7,1,0,0,0,-1,0,2.0000,-1,7,18,19,0,44,0,0,0,0
138.8637,1,0,7,1,0,0,0,-1,0,2.0000,-1,7,18,19,0,44,0,0,0,0
138.8837,1,0,7,1,0,0,0,-1,0,2.0000,-1,7,18,19,0,44,0,0,0,0
138.9038,1,0,7,1,0,0,0,-1,0,2.0000,-1,7,18,19,0,44,0,0,0,0
138.9239,1,0,7,1,0,0,0,-1,0,2.0000,-1,7,18,19,0,44,0,0,0,0
138.9613,1,0,7,1,0,0,0,-1,0,2.0000,-1,7,18,19,0,44,0,0,0,0
138.975,1,0,7,1,0,0,0,-1,0,2.0000,-1,7,18,19,0,44,0,0,0,0
138.988,1,0,7,1,0,0,0,-1,0,2.0000,-1,7,18,19,0,44,0,0,0,0
139.0124,1,0,7,1,0,0,0,-1,0,2.0000,-1,7,18,19,0,44,0,0,0,0
139.0328,1,0,7,1,0,0,0,-1,0,2.0000,-1,7,18,19,0,44,0,0,0,0
139.0534,1,0,7,1,0,0,0,-1,0,2.0000,-1,7,18,19,0,44,0,0,0,0
139.0721,1,0,7,1,0,0,0,-1,0,2.0000,-1,7,18,19,0,44,0,0,0,0
139.0929,1,0,7,1,0,0,0,-1,0,2.0000,-1,7,18,19,0,44,0,0,0,0
139.1154,1,0,7,1,0,0,0,-1,0,2.0000,-1,7,18,19,0,44,0,0,0,0
139.138,1,0,7,1,0,0,0,-1,0,2.0000,-1,7,18,19,0,44,0,0,0,0
139.1825,1,0,7,1,0,0,0,-1,0,1.0000,-1,7,18,19,0,44,0,0,0,0
139.1967,1,0,7,1,0,0,0,-1,0,1.0000,-1,7,18,19,0,44,0,0,0,0
139.2095,1,0,7,1,0,0,0,-1,1,2.0000,-1,7,18,19,0,44,0,0,0,0
139.233,1,0,7,1,0,0,0,-1,0,2.0000,-1,7,18,19,0,44,0,0,0,0
139.2561,1,0,7,1,0,0,0,-1,0,2.0000,-1,7,18,19,0,44,0,0,0,0
139.2787,1,0,7,1,0,0,0,-1,0,2.0000,-1,7,18,19,0,44,0,0,0,0
139.3004,1,0,7,1,0,0,0,-1,0,2.0000,-1,7,18,19,0,44,0,0,0,0
139.3217,1,0,7,1,0,0,0,-1,0,2.0000,-1,7,18,19,0,44,0,0,0,0
139.3436,1,0,7,1,0,0,0,-1,0,2.0000,-1,7,18,19,0,44,0,0,0,0
139.3653,1,0,7,1,0,0,0,-1,0,2.0000,-1,7,18,19,0,44,0,0,0,0
139.3866,1,0,7,1,0,0,0,-1,0,2.0000,-1,7,18,19,0,44,0,0,0,0
139.4074,1,0,7,1,0,0,0,-1,0,2.0000,-1,7,18,19,0,44,0,0,0,0
139.4276,1,0,7,1,0,0,0,-1,0,2.0000,-1,7,18,19,0,44,0,0,0,0
139.4488,1,0,7,1,0,0,0,-1,0,2.0000,-1,7,18,19,0,44,0,0,0,0
139.4692,1,0,7,1,0,0,0,-1,0,2.0000,-1,7,18,19,0,44,0,0,0,0
139.4892,1,0,7,1,1,0,0,-1,0,2.0000,-1,7,18,19,0,44,0,0,0,0
139.51,1,0,7,1,1,0,0,-1,0,2.0000,-1,7,18,19,0,44,0,0,0,0
139.5289,1,0,7,1,1,0,0,-1,0,2.0000,-1,7,18,19,0,44,0,0,0,0
139.5477,1,0,7,1,1,0,0,-1,0,2.0000,-1,7,18,19,0,44,0,0,0,0
139.5673,1,0,7,1,1,0,0,-1,0,2.0000,-1,7,18,19,0,44,0,0,0,0
139.5864,1,0,7,1,1,0,0,-1,0,2.0000,-1,7,18,19,0,44,0,0,0,0
139.606,1,0,7,1,1,0,0,-1,0,1.0000,-1,7,18,19,0,44,0,0,0,0
139.6234,1,0,7,1,1,0,0,-1,0,1.0000,-1,7,18,19,0,44,0,0,0,0
139.6437,1,0,7,1,1,0,0,-1,0,1.0000,-1,7,18,19,0,44,0,0,0,0
139.6627,1,0,7,1,1,0,0,-1,0,1.0000,-1,7,18,19,0,44,0,0,0,0
139.682,1,0,7,1,1,0,0,-1,0,1.0000,-1,7,18,19,0,44,0,0,0,0
139.6999,1,0,7,1,1,0,0,-1,0,1.0000,-1,7,18,19,0,44,0,0,0,0
139.7206,1,0,7,1,1,0,0,-1,0,1.0000,-1,7,18,19,0,44,0,0,0,0
139.7385,1,0,7,1,1,0,0,-1,0,1.0000,-1,7,18,19,0,44,0,0,0,0
139.7577,1,0,7,1,1,0,0,-1,0,1.0000,-1,7,18,19,0,44,0,0,0,0
139.7783,1,0,7,1,1,0,0,-1,0,1.0000,-1,7,18,19,0,44,0,0,0,0
139.7975,1,0,7,1,1,0,0,-1,0,1.0000,-1,7,18,19,0,44,0,0,0,0
139.8172,1,0,7,1,1,0,0,-1,0,1.0000,-1,7,18,19,0,44,0,0,0,0
139.8364,1,0,7,1,1,0,0,-1,0,1.0000,-1,7,18,19,0,44,0,0,0,0
139.8571,1,0,7,1,1,0,0,-1,0,1.0000,-1,7,18,19,0,44,0,0,0,0
139.8756,1,0,7,1,1,0,1,196,1,2.0000,-1,7,18,19,0,44,0,0,0,0
139.894,1,0,7,1,1,0,0,-1,0,2.0000,-1,7,18,19,0,44,0,0,0,0
139.9131,1,0,7,1,1,0,0,-1,0,2.0000,-1,7,18,19,0,44,0,0,0,0
139.9337,1,0,7,1,1,0,0,-1,0,2.0000,-1,7,18,19,0,44,0,0,0,0
139.9532,1,0,7,1,1,0,0,-1,0,2.0000,-1,7,18,19,0,44,0,0,0,0
139.9725,1,0,7,1,1,0,0,-1,0,2.0000,-1,7,18,19,0,44,0,0,0,0
140.0089,1,0,7,1,1,0,1,197,0,2.0000,-1,7,18,19,0,44,0,0,0,0
140.0236,1,0,7,1,1,0,1,197,0,2.0000,-1,7,18,19,0,44,0,0,0,0
140.0377,1,0,7,1,1,0,1,197,0,2.0000,-1,7,18,19,0,44,0,0,0,0
140.0558,1,0,7,1,0,0,1,197,0,2.0000,-1,7,18,19,0,44,0,0,0,0
140.0766,1,0,7,1,0,0,1,196,0,2.0000,-1,7,18,19,0,44,0,0,0,0
140.0944,1,0,7,1,0,0,1,196,0,2.0000,-1,7,18,19,0,44,0,0,0,0
140.1139,1,0,7,1,0,0,1,196,0,2.0000,-1,7,18,19,0,44,0,0,0,0
140.1349,1,0,7,1,0,0,1,196,0,2.0000,-1,7,18,19,0,44,0,0,0,0
140.153,1,0,7,1,0,0,1,196,0,2.0000,-1,7,18,19,0,44,0,0,0,0
140.172,1,0,7,1,0,0,1,196,0,2.0000,-1,7,18,19,0,44,0,0,0,0
140.1939,1,0,7,1,0,0,1,196,0,2.0000,-1,7,18,19,0,44,0,0,0,0
140.229,1,0,7,1,0,0,1,196,0,1.0000,-1,7,18,19,0,44,0,0,0,0
140.242,1,0,7,1,0,0,1,196,0,1.0000,-1,7,18,19,0,44,0,0,0,0
140.2552,1,0,7,1,0,0,1,196,0,1.0000,-1,7,18,19,0,44,0,0,0,0
140.274,1,0,7,1,0,0,1,196,0,1.0000,-1,7,18,19,0,44,0,0,0,0
140.2938,1,0,7,1,0,0,1,196,0,1.0000,-1,7,18,19,0,44,0,0,0,0
140.3136,1,0,7,1,0,0,1,196,0,1.0000,-1,7,18,19,0,44,0,0,0,0
140.3326,1,0,7,1,0,0,1,196,0,1.0000,-1,7,18,19,0,44,0,0,0,0
140.351,1,0,7,1,0,0,1,196,0,1.0000,-1,7,18,19,0,44,0,0,0,0
140.3711,1,0,7,1,0,0,1,196,0,1.0000,-1,7,18,19,0,44,0,0,0,0
140.388,1,0,7,1,0,0,0,-1,0,1.0000,196,8,18,19,0,45,0,0,0,0
140.4087,1,0,7,1,0,0,0,-1,0,1.0000,-1,8,18,19,0,45,0,0,0,0
140.4465,1,0,7,1,0,0,0,-1,0,1.0000,-1,8,18,19,0,45,0,0,0,0
140.4581,1,0,7,1,0,0,0,-1,0,1.0000,-1,8,18,19,0,45,0,0,0,0
140.4697,1,0,7,1,0,0,0,-1,0,1.0000,-1,8,18,19,0,45,0,0,0,0
140.4889,1,0,7,1,0,0,0,-1,0,1.0000,-1,8,18,19,0,45,0,0,0,0
140.5104,1,0,7,1,0,0,0,-1,0,1.0000,-1,8,18,19,0,45,0,0,0,0
140.5292,1,0,7,1,0,0,0,-1,0,1.0000,-1,8,18,19,0,45,0,0,0,0
140.5498,1,0,7,1,0,0,0,-1,0,1.0000,-1,8,18,19,0,45,0,0,0,0
140.5692,1,0,7,1,0,0,0,-1,0,1.0000,-1,8,18,19,0,45,0,0,0,0
140.5888,1,0,7,1,0,0,0,-1,0,1.0000,-1,8,18,19,0,45,0,0,0,0
140.6093,1,0,7,1,0,0,0,-1,0,1.0000,-1,8,18,19,0,45,0,0,0,0
140.6276,1,0,7,1,0,0,0,-1,0,1.0000,-1,8,18,19,0,45,0,0,0,0
140.6474,1,0,7,1,0,0,0,-1,0,1.0000,-1,8,18,19,0,45,0,0,0,0
140.6671,1,0,7,1,0,0,0,-1,0,1.0000,-1,8,18,19,0,45,0,0,0,0
140.6855,1,0,7,1,0,0,0,-1,0,1.0000,-1,8,18,19,0,45,0,0,0,0
140.7055,1,0,7,1,0,0,0,-1,0,1.0000,-1,8,18,19,0,45,0,0,0,0
140.7243,1,0,7,1,0,0,0,-1,0,1.0000,-1,8,18,19,0,45,0,0,0,0
140.7446,1,0,7,1,0,0,0,-1,0,1.0000,-1,8,18,19,0,45,0,0,0,0
140.7632,1,0,7,1,0,0,0,-1,0,1.0000,-1,8,18,19,0,45,0,0,0,0
140.7838,1,0,7,1,0,0,0,-1,0,1.0000,-1,8,18,19,0,45,0,0,0,0
140.8014,1,0,7,1,0,0,0,-1,0,1.0000,-1,8,18,19,0,45,0,0,0,0
140.8223,1,0,7,1,0,0,0,-1,0,1.0000,-1,8,18,19,0,45,0,0,0,0
140.8424,1,0,7,1,0,0,0,-1,0,1.0000,-1,8,18,19,0,45,0,0,0,0
140.8617,1,0,7,1,0,0,0,-1,0,1.0000,-1,8,18,19,0,45,0,0,0,0
140.879,1,0,7,1,0,0,0,-1,0,0.0000,-1,8,18,19,0,45,0,0,0,0
140.8993,1,0,7,0,0,0,0,-1,0,0.0000,-1,8,18,19,0,45,0,0,0,0
140.9196,1,0,7,0,0,0,0,-1,0,0.0000,-1,8,18,19,0,45,0,0,0,0
140.939,1,0,7,0,0,0,0,-1,0,0.0000,-1,8,18,19,0,45,0,0,0,0
140.9579,1,0,7,0,0,0,1,199,0,0.0000,-1,8,18,19,0,45,0,0,0,0
140.9791,1,0,7,0,0,0,1,199,0,0.0000,-1,8,18,19,0,45,0,0,0,0
140.9969,1,0,7,0,0,0,1,199,0,0.0000,-1,8,18,19,0,45,0,0,0,0
141.0184,1,0,7,0,0,0,1,199,0,0.0000,-1,8,18,19,0,45,0,0,0,0
141.0372,1,0,7,0,0,0,1,199,0,0.0000,-1,8,18,19,0,45,0,0,0,0
141.076,1,0,7,0,0,0,1,199,0,0.0000,-1,8,18,19,0,45,0,0,0,0
141.0897,1,0,7,0,0,0,1,199,0,0.0000,-1,8,18,19,0,45,0,0,0,0
141.1023,1,0,7,0,0,0,1,199,0,0.0000,-1,8,18,19,0,45,0,0,0,0
141.1221,1,0,7,0,0,0,1,199,0,0.0000,-1,8,18,19,0,45,0,0,0,0
141.1421,1,0,7,0,0,0,1,199,0,0.0000,-1,8,18,19,0,45,0,0,0,0
141.1637,1,0,7,0,0,0,1,199,0,0.0000,-1,8,18,19,0,45,0,0,0,0
141.1819,1,0,7,0,0,0,1,199,0,0.0000,-1,8,18,19,0,45,0,0,0,0
141.2024,1,0,7,0,0,0,1,199,0,0.0000,-1,8,18,19,0,45,0,0,0,0
141.2236,1,0,7,0,0,0,1,199,0,0.0000,-1,8,18,19,0,45,0,0,0,0
141.2443,1,0,7,0,0,0,1,199,0,0.0000,-1,8,18,19,0,45,0,0,0,0
141.2642,1,0,7,0,0,0,1,199,0,0.0000,-1,8,18,19,0,45,0,0,0,0
141.2826,1,0,7,0,0,0,1,199,1,1.0000,-1,8,18,19,0,45,0,0,0,0
141.3016,1,0,7,0,0,0,1,199,0,1.0000,-1,8,18,19,0,45,0,0,0,0
141.3229,1,0,7,0,0,0,1,199,0,1.0000,-1,8,18,19,0,45,0,0,0,0
141.3428,1,0,7,0,0,0,1,199,0,1.0000,-1,8,18,19,0,45,0,0,0,0
141.3628,1,0,7,0,0,0,1,199,0,1.0000,-1,8,18,19,0,45,0,0,0,0
141.3817,1,0,7,0,0,0,1,199,0,1.0000,-1,8,18,19,0,45,0,0,0,0
141.4025,1,0,7,0,0,0,1,199,0,1.0000,-1,8,18,19,0,45,0,0,0,0
141.424,1,0,7,0,0,0,1,199,0,1.0000,-1,8,18,19,0,45,0,0,0,0
141.4444,1,0,7,0,0,0,1,199,0,1.0000,-1,8,18,19,0,45,0,0,0,0
141.4812,1,0,7,0,0,0,1,199,0,1.0000,-1,8,18,19,0,45,0,0,0,0
141.4934,1,0,7,0,0,0,1,199,0,1.0000,-1,8,18,19,0,45,0,0,0,0
141.507,1,0,7,0,0,0,1,199,0,1.0000,-1,8,18,19,0,45,0,0,0,0
141.5286,1,0,7,0,0,0,1,199,0,1.0000,-1,8,18,19,0,45,0,0,0,0
141.5493,1,0,7,0,0,0,1,199,1,2.0000,-1,8,18,19,0,45,0,0,0,0
141.5708,1,0,7,0,0,0,1,199,0,2.0000,-1,8,18,19,0,45,0,0,0,0
141.5914,1,0,7,0,0,0,0,-1,0,2.0000,-1,8,18,19,0,45,0,0,0,0
141.6124,1,0,7,0,0,0,0,-1,0,2.0000,-1,8,18,19,0,45,0,0,0,0
141.6326,1,0,7,0,0,0,0,-1,0,2.0000,199,9,18,19,0,46,0,0,0,0
141.6503,1,0,7,0,0,0,0,-1,0,2.0000,-1,9,18,19,0,46,0,0,0,0
141.6908,1,0,7,0,0,0,0,-1,0,2.0000,-1,9,18,19,0,46,0,0,0,0
141.7037,1,0,7,0,0,0,0,-1,0,2.0000,-1,9,18,19,0,46,0,0,0,0
141.7204,1,0,7,0,0,0,0,-1,0,2.0000,-1,9,18,19,0,46,0,0,0,0
141.7368,1,0,7,0,0,0,0,-1,0,2.0000,-1,9,18,19,0,46,0,0,0,0
141.7586,1,0,7,0,0,0,0,-1,0,2.0000,-1,9,18,19,0,46,0,0,0,0
141.7798,1,0,7,0,0,0,0,-1,0,2.0000,-1,9,18,19,0,46,0,0,0,0
141.8013,1,0,7,0,0,0,0,-1,0,2.0000,-1,9,18,19,0,46,0,0,0,0
141.8191,1,0,7,0,0,0,0,-1,0,2.0000,-1,9,18,19,0,46,0,0,0,0
141.8398,1,0,7,0,0,0,0,-1,0,2.0000,-1,9,18,19,0,46,0,0,0,0
141.8602,1,0,7,0,0,0,0,-1,0,2.0000,-1,9,18,19,0,46,0,0,0,0
141.9011,1,0,7,0,0,0,0,-1,0,2.0000,-1,9,18,19,0,46,0,0,0,0
141.9144,1,0,7,0,0,0,0,-1,0,2.0000,-1,9,18,19,0,46,0,0,0,0
141.926,1,0,7,0,0,0,0,-1,0,2.0000,-1,9,18,19,0,46,0,0,0,0
141.947,1,0,7,0,0,0,0,-1,0,2.0000,-1,9,18,19,0,46,0,0,0,0
141.9701,1,0,7,0,0,0,0,-1,0,2.0000,-1,9,18,19,0,46,0,0,0,0
141.9921,1,0,7,0,0,0,0,-1,0,2.0000,-1,9,18,19,0,46,0,0,0,0
142.0096,1,0,7,0,0,0,0,-1,1,3.0000,-1,9,18,19,0,46,0,0,0,0
142.0294,1,0,7,0,0,0,0,-1,0,3.0000,-1,9,18,19,0,46,0,0,0,0
142.0504,1,0,7,0,0,0,0,-1,0,3.0000,-1,9,18,19,0,46,0,0,0,0
142.0743,1,0,7,0,0,0,0,-1,0,3.0000,-1,9,18,19,0,46,0,0,0,0
142.0938,1,0,7,0,0,0,0,-1,0,3.0000,-1,9,18,19,0,46,0,0,0,0
142.1153,1,0,7,0,0,0,0,-1,0,3.0000,-1,9,18,19,0,46,0,0,0,0
142.1365,1,0,7,0,0,0,0,-1,0,3.0000,-1,9,18,19,0,46,0,0,0,0
142.1552,1,0,7,0,0,0,0,-1,0,3.0000,-1,9,18,19,0,46,0,0,0,0
142.1758,1,0,7,0,0,0,0,-1,0,3.0000,-1,9,18,19,0,46,0,0,0,0
142.1951,1,0,7,0,0,0,0,-1,0,3.0000,-1,9,18,19,0,46,0,0,0,0
142.2157,1,0,7,0,0,0,0,-1,0,3.0000,-1,9,18,19,0,46,0,0,0,0
142.2366,1,0,7,0,0,0,0,-1,0,3.0000,-1,9,18,19,0,46,0,0,0,0
142.2587,1,0,7,0,0,0,0,-1,0,3.0000,-1,9,18,19,0,46,0,0,0,0
142.277,1,0,7,0,0,0,0,-1,0,3.0000,-1,9,18,19,0,46,0,0,0,0
142.3153,1,0,7,0,0,0,0,-1,0,2.0000,-1,9,18,19,0,46,0,0,0,0
142.3289,1,0,7,0,0,0,0,-1,0,2.0000,-1,9,18,19,0,46,0,0,0,0
142.3425,1,0,7,0,0,0,0,-1,0,2.0000,-1,9,18,19,0,46,0,0,0,0
142.3631,1,0,7,0,0,0,0,-1,1,3.0000,-1,9,18,19,0,46,0,0,0,0
142.3829,1,0,7,0,0,0,0,-1,0,3.0000,-1,9,18,19,0,46,0,0,0,0
142.405,1,0,7,0,0,0,0,-1,0,3.0000,-1,9,18,19,0,46,0,0,0,0
142.4253,1,0,7,0,0,0,0,-1,0,3.0000,-1,9,18,19,0,46,0,0,0,0
142.4475,1,0,7,0,0,0,0,-1,0,3.0000,-1,9,18,19,0,46,0,0,0,0
142.4664,1,0,7,0,0,0,0,-1,0,3.0000,-1,9,18,19,0,46,0,0,0,0
142.4856,1,0,7,0,0,0,0,-1,0,3.0000,-1,9,18,19,0,46,0,0,0,0
142.5055,1,0,7,0,0,0,0,-1,0,3.0000,-1,9,18,19,0,46,0,0,0,0
142.526,1,0,7,0,0,0,0,-1,0,3.0000,-1,9,18,19,0,46,0,0,0,0
142.5488,1,0,7,0,0,0,0,-1,0,3.0000,-1,9,18,19,0,46,0,0,0,0
142.565,1,0,7,0,0,0,0,-1,0,2.0000,-1,9,18,19,0,46,0,0,0,0
142.5843,1,0,7,0,0,0,0,-1,0,2.0000,-1,9,18,19,0,46,0,0,0,0
142.6049,1,0,7,0,0,0,0,-1,0,2.0000,-1,9,18,19,0,46,0,0,0,0
142.6258,1,0,7,0,0,0,0,-1,0,2.0000,-1,9,18,19,0,46,0,0,0,0
142.6481,1,0,7,0,0,0,1,202,0,2.0000,-1,9,18,19,0,46,0,0,0,0
142.6671,1,0,7,0,0,0,1,202,0,2.0000,-1,9,18,19,0,46,0,0,0,0
142.6875,1,0,7,0,0,0,1,202,0,2.0000,-1,9,18,19,0,46,0,0,0,0
142.7059,1,0,7,0,0,0,1,202,0,2.0000,-1,9,18,19,0,46,0,0,0,0
142.7264,1,0,7,0,0,0,1,202,0,2.0000,-1,9,18,19,0,46,0,0,0,0
142.7477,1,0,7,0,0,0,1,202,0,2.0000,-1,9,18,19,0,46,0,0,0,0
142.7686,1,0,7,0,0,0,1,202,1,3.0000,-1,9,18,19,0,46,0,0,0,0
142.7886,1,0,7,0,0,0,1,202,0,3.0000,-1,9,18,19,0,46,0,0,0,0
142.8076,1,0,7,0,0,0,1,202,0,3.0000,-1,9,18,19,0,46,0,0,0,0
142.8257,1,0,7,0,0,0,1,202,0,3.0000,-1,9,18,19,0,46,0,0,0,0
142.8488,1,0,7,0,0,0,1,202,0,3.0000,-1,9,18,19,0,46,0,0,0,0
142.8683,1,0,7,0,0,0,1,202,0,3.0000,-1,9,18,19,0,46,0,0,0,0
142.887,1,0,7,0,0,0,1,202,0,3.0000,-1,9,18,19,0,46,0,0,0,0
142.9079,1,0,7,0,0,0,1,202,0,3.0000,-1,9,18,19,0,46,0,0,0,0
142.9274,1,0,7,0,0,0,1,202,0,3.0000,-1,9,18,19,0,46,0,0,0,0
142.9485,1,0,7,0,0,0,1,202,0,3.0000,-1,9,18,19,0,46,0,0,0,0
142.9694,1,0,7,0,0,0,1,202,0,3.0000,-1,9,18,19,0,46,0,0,0,0
142.987,1,0,7,0,0,0,1,202,0,3.0000,-1,9,18,19,0,46,0,0,0,0
143.0048,1,0,7,0,0,0,1,202,0,3.0000,-1,9,18,19,0,46,0,0,0,0
143.0246,1,0,7,0,0,0,1,202,0,2.0000,-1,9,18,19,0,46,0,0,0,0
143.0484,1,0,7,0,0,0,1,202,0,2.0000,-1,9,18,19,0,46,0,0,0,0
143.0668,1,0,7,0,0,0,1,202,0,2.0000,-1,9,18,19,0,46,0,0,0,0
143.0868,1,0,7,0,0,0,1,202,0,2.0000,-1,9,18,19,0,46,0,0,0,0
143.1033,1,0,7,0,0,0,1,202,0,2.0000,-1,9,18,19,0,46,0,0,0,0
143.1241,1,0,7,0,0,0,1,202,0,2.0000,-1,9,18,19,0,46,0,0,0,0
143.1457,1,0,7,0,0,0,1,202,0,2.0000,-1,9,18,19,0,46,0,0,0,0
143.166,1,0,7,0,0,0,1,202,0,2.0000,-1,9,18,19,0,46,0,0,0,0
143.1839,1,0,7,0,0,0,0,-1,0,2.0000,202,10,18,19,0,47,0,0,0,0
143.2027,1,0,7,0,0,0,0,-1,1,3.0000,-1,10,18,19,0,47,0,0,0,0
143.2256,1,0,7,0,0,0,0,-1,0,3.0000,-1,10,18,19,0,47,0,0,0,0
143.2458,1,0,7,0,0,0,0,-1,0,3.0000,-1,10,18,19,0,47,0,0,0,0
143.2643,1,0,7,0,0,0,0,-1,0,3.0000,-1,10,18,19,0,47,0,0,0,0
143.2844,1,0,7,0,0,0,0,-1,0,3.0000,-1,10,18,19,0,47,0,0,0,0
143.3055,1,0,7,0,0,0,0,-1,0,3.0000,-1,10,18,19,0,47,0,0,0,0
143.3258,1,0,7,0,0,0,0,-1,0,3.0000,-1,10,18,19,0,47,0,0,0,0
143.3643,1,0,7,0,0,0,0,-1,0,2.0000,-1,10,18,19,0,47,0,0,0,0
143.3774,1,0,7,0,0,0,0,-1,0,2.0000,-1,10,18,19,0,47,0,0,0,0
143.3897,1,0,7,0,0,0,0,-1,0,2.0000,-1,10,18,19,0,47,0,0,0,0
143.411,1,0,7,0,0,0,0,-1,0,2.0000,-1,10,18,19,0,47,0,0,0,0
143.4323,1,0,7,0,0,0,0,-1,0,2.0000,-1,10,18,19,0,47,0,0,0,0
143.4511,1,0,7,0,0,0,0,-1,0,2.0000,-1,10,18,19,0,47,0,0,0,0
143.471,1,0,7,0,0,0,0,-1,0,2.0000,-1,10,18,19,0,47,0,0,0,0
143.4912,1,0,7,0,0,0,0,-1,0,2.0000,-1,10,18,19,0,47,0,0,0,0
143.5143,1,0,7,0,0,0,0,-1,0,2.0000,-1,10,18,19,0,47,0,0,0,0
143.5331,1,0,7,0,0,0,0,-1,0,2.0000,-1,10,18,19,0,47,0,0,0,0
143.5538,1,0,7,0,0,0,0,-1,0,2.0000,-1,10,18,19,0,47,0,0,0,0
143.5729,1,0,7,0,0,0,0,-1,0,2.0000,-1,10,18,19,0,47,0,0,0,0
143.5921,1,0,7,0,0,0,0,-1,0,2.0000,-1,10,18,19,0,47,0,0,0,0
143.6134,1,0,7,0,0,0,0,-1,0,2.0000,-1,10,18,19,0,47,0,0,0,0
143.6344,1,0,7,1,0,0,0,-1,0,2.0000,-1,10,18,19,0,47,0,0,0,0
143.6543,1,0,7,1,0,0,0,-1,0,2.0000,-1,10,18,19,0,47,0,0,0,0
143.6741,1,0,7,1,0,0,0,-1,0,2.0000,-1,10,18,19,0,47,0,0,0,0
143.6943,1,0,7,1,0,0,0,-1,0,2.0000,-1,10,18,19,0,47,0,0,0,0
143.7152,1,0,7,1,0,0,0,-1,0,2.0000,-1,10,18,19,0,47,0,0,0,0
143.7353,1,0,7,1,0,0,0,-1,0,2.0000,-1,10,18,19,0,47,0,0,0,0
143.7774,1,0,7,1,0,0,0,-1,0,1.0000,-1,10,18,19,0,47,0,0,0,0
143.7898,1,0,7,1,0,0,0,-1,0,1.0000,-1,10,18,19,0,47,0,0,0,0
143.8026,1,0,7,1,0,0,0,-1,0,1.0000,-1,10,18,19,0,47,0,0,0,0
143.823,1,0,7,1,0,0,0,-1,0,1.0000,-1,10,18,19,0,47,0,0,0,0
143.8461,1,0,7,1,0,0,0,-1,0,1.0000,-1,10,18,19,0,47,0,0,0,0
143.8651,1,0,7,1,0,0,0,-1,0,1.0000,-1,10,18,19,0,47,0,0,0,0
143.8856,1,0,7,1,0,0,0,-1,0,1.0000,-1,10,18,19,0,47,0,0,0,0
143.9073,1,0,7,1,0,0,0,-1,0,1.0000,-1,10,18,19,0,47,0,0,0,0
143.9258,1,0,7,1,0,0,0,-1,0,1.0000,-1,10,18,19,0,47,0,0,0,0
143.9467,1,0,7,1,0,0,0,-1,0,1.0000,-1,10,18,19,0,47,0,0,0,0
143.9874,1,0,7,1,0,0,0,-1,1,2.0000,-1,10,18,19,0,47,0,0,0,0
144.001,1,0,7,1,0,0,0,-1,0,2.0000,-1,10,18,19,0,47,0,0,0,0
144.0128,1,0,7,1,0,0,0,-1,0,2.0000,-1,10,18,19,0,47,0,0,0,0
144.0338,1,0,7,1,0,0,0,-1,0,2.0000,-1,10,18,19,0,47,0,0,0,0
144.0547,1,0,7,1,0,0,0,-1,0,2.0000,-1,10,18,19,0,47,0,0,0,0
144.0748,1,0,7,1,0,0,0,-1,0,2.0000,-1,10,18,19,0,47,0,0,0,0
144.0948,1,0,7,1,0,0,0,-1,0,2.0000,-1,10,18,19,0,47,0,0,0,0
144.1159,1,0,7,1,0,0,0,-1,0,2.0000,-1,10,18,19,0,47,0,0,0,0
144.1354,1,0,7,1,0,0,0,-1,0,2.0000,-1,10,18,19,0,47,0,0,0,0
144.1575,1,0,7,1,0,0,0,-1,0,2.0000,-1,10,18,19,0,47,0,0,0,0
144.1782,1,0,7,1,0,0,0,-1,0,2.0000,-1,10,18,19,0,47,0,0,0,0
144.1988,1,0,7,1,0,0,0,-1,0,2.0000,-1,10,18,19,0,47,0,0,0,0
144.2188,1,0,7,1,0,0,0,-1,0,1.0000,-1,10,18,19,0,47,0,0,0,0
144.238,1,0,7,1,0,0,0,-1,0,1.0000,-1,10,18,19,0,47,0,0,0,0
144.2595,1,0,7,1,0,0,0,-1,0,1.0000,-1,10,18,19,0,47,0,0,0,0
144.2794,1,0,7,1,0,0,0,-1,0,1.0000,-1,10,18,19,0,47,0,0,0,0
144.3019,1,0,7,1,0,0,0,-1,0,1.0000,-1,10,18,19,0,47,0,0,0,0
144.3218,1,0,7,1,0,0,0,-1,0,1.0000,-1,10,18,19,0,47,0,0,0,0
144.3394,1,0,7,1,0,0,0,-1,0,1.0000,-1,10,18,19,0,47,0,0,0,0
144.3609,1,0,7,1,0,0,0,-1,0,1.0000,-1,10,18,19,0,47,0,0,0,0
144.3808,1,0,7,1,0,0,0,-1,0,1.0000,-1,10,18,19,0,47,0,0,0,0
144.4021,1,0,7,1,0,0,0,-1,0,1.0000,-1,10,18,19,0,47,0,0,0,0
144.4223,1,0,7,1,1,0,0,-1,0,1.0000,-1,10,18,19,0,47,0,0,0,0
144.44,1,0,7,1,1,0,0,-1,0,1.0000,-1,10,18,19,0,47,0,0,0,0
144.4614,1,0,7,1,1,0,0,-1,0,1.0000,-1,10,18,19,0,47,0,0,0,0
144.4825,1,0,7,1,1,0,0,-1,0,1.0000,-1,10,18,19,0,47,0,0,0,0
144.5034,1,0,7,1,1,0,0,-1,0,1.0000,-1,10,18,19,0,47,0,0,0,0
144.5234,1,0,7,1,1,0,0,-1,0,1.0000,-1,10,18,19,0,47,0,0,0,0
144.5419,1,0,7,1,1,0,0,-1,0,1.0000,-1,10,18,19,0,47,0,0,0,0
144.5647,1,0,7,1,1,0,0,-1,0,1.0000,-1,10,18,19,0,47,0,0,0,0
144.5831,1,0,7,1,1,0,0,-1,0,1.0000,-1,10,18,19,0,47,0,0,0,0
144.6034,1,0,7,1,1,0,0,-1,0,1.0000,-1,10,18,19,0,47,0,0,0,0
144.6249,1,0,7,1,1,0,0,-1,0,1.0000,-1,10,18,19,0,47,0,0,0,0
144.6459,1,0,7,1,1,0,0,-1,0,1.0000,-1,10,18,19,0,47,0,0,0,0
144.6636,1,0,7,1,1,0,0,-1,0,1.0000,-1,10,18,19,0,47,0,0,0,0
144.6838,1,0,7,1,1,0,0,-1,0,1.0000,-1,10,18,19,0,47,0,0,0,0
144.7034,1,0,7,1,1,0,0,-1,0,1.0000,-1,10,18,19,0,47,0,0,0,0
144.7245,1,0,7,1,1,0,0,-1,0,1.0000,-1,10,18,19,0,47,0,0,0,0
144.7452,1,0,7,1,1,0,0,-1,0,1.0000,-1,10,18,19,0,47,0,0,0,0
144.7643,1,0,7,1,1,0,0,-1,0,1.0000,-1,10,18,19,0,47,0,0,0,0
144.7838,1,0,7,1,1,0,0,-1,0,1.0000,-1,10,18,19,0,47,0,0,0,0
144.8228,1,0,7,1,1,0,0,-1,0,1.0000,-1,10,18,19,0,47,0,0,0,0
144.8343,1,0,7,1,1,0,0,-1,0,1.0000,-1,10,18,19,0,47,0,0,0,0
144.8471,1,0,7,1,1,0,0,-1,0,1.0000,-1,10,18,19,0,47,0,0,0,0
144.8672,1,0,7,1,1,0,0,-1,0,1.0000,-1,10,18,19,0,47,0,0,0,0
144.8884,1,0,7,1,1,0,0,-1,1,2.0000,-1,10,18,19,0,47,0,0,0,0
144.9082,1,0,7,1,1,0,0,-1,0,2.0000,-1,10,18,19,0,47,0,0,0,0
144.9287,1,0,7,1,1,0,0,-1,0,2.0000,-1,10,18,19,0,47,0,0,0,0
144.9491,1,0,7,1,1,0,0,-1,0,2.0000,-1,10,18,19,0,47,0,0,0,0
144.9696,1,0,7,1,1,0,0,-1,0,2.0000,-1,10,18,19,0,47,0,0,0,0
144.9913,1,0,7,1,0,0,0,-1,0,1.0000,-1,10,18,19,0,47,0,0,0,0
145.011,1,0,7,1,0,0,0,-1,0,1.0000,-1,10,18,19,0,47,0,0,0,0
145.0304,1,0,7,1,0,0,0,-1,0,1.0000,-1,10,18,19,0,47,0,0,0,0
145.0508,1,0,7,1,0,0,0,-1,0,1.0000,-1,10,18,19,0,47,0,0,0,0
145.0713,1,0,7,1,0,0,0,-1,0,1.0000,-1,10,18,19,0,47,0,0,0,0
145.0929,1,0,7,1,0,0,0,-1,0,1.0000,-1,10,18,19,0,47,0,0,0,0
145.1133,1,0,7,1,0,0,0,-1,0,1.0000,-1,10,18,19,0,47,0,0,0,0
145.1335,1,0,7,1,0,0,0,-1,0,1.0000,-1,10,18,19,0,47,0,0,0,0
145.1538,1,0,7,1,0,0,0,-1,0,1.0000,-1,10,18,19,0,47,0,0,0,0
145.1741,1,0,7,1,0,0,0,-1,0,1.0000,-1,10,18,19,0,47,0,0,0,0
145.1962,1,0,7,1,0,0,0,-1,0,1.0000,-1,10,18,19,0,47,0,0,0,0
145.2358,1,0,7,1,0,0,0,-1,0,1.0000,-1,10,18,19,0,47,0,0,0,0
145.2481,1,0,7,1,0,0,0,-1,0,1.0000,-1,10,18,19,0,47,0,0,0,0
145.2609,1,0,7,1,0,0,0,-1,0,1.0000,-1,10,18,19,0,47,0,0,0,0
145.2821,1,0,7,1,0,0,0,-1,0,1.0000,-1,10,18,19,0,47,0,0,0,0
145.3033,1,0,7,1,0,0,0,-1,0,1.0000,-1,10,18,19,0,47,0,0,0,0
145.3249,1,0,7,0,0,0,0,-1,0,1.0000,-1,10,18,19,0,47,0,0,0,0
145.3455,1,0,7,0,0,0,0,-1,0,1.0000,-1,10,18,19,0,47,0,0,0,0
145.366,1,0,7,0,0,0,0,-1,0,1.0000,-1,10,18,19,0,47,0,0,0,0
145.3883,1,0,7,0,0,0,0,-1,0,1.0000,-1,10,18,19,0,47,0,0,0,0
145.408,1,0,7,0,0,0,0,-1,0,1.0000,-1,10,18,19,0,47,0,0,0,0
145.4489,1,0,7,0,0,0,0,-1,0,1.0000,-1,10,18,19,0,47,0,0,0,0
145.4614,1,0,7,0,0,0,0,-1,0,1.0000,-1,10,18,19,0,47,0,0,0,0
145.4745,1,0,7,0,0,0,0,-1,0,1.0000,-1,10,18,19,0,47,0,0,0,0
145.495,1,0,7,0,0,0,0,-1,0,1.0000,-1,10,18,19,0,47,0,0,0,0
145.5157,1,0,7,0,0,0,0,-1,0,1.0000,-1,10,18,19,0,47,0,0,0,0
145.537,1,0,7,0,0,0,0,-1,0,1.0000,-1,10,18,19,0,47,0,0,0,0
145.5581,1,0,7,0,0,0,0,-1,0,1.0000,-1,10,18,19,0,47,0,0,0,0
145.58,1,0,7,0,0,0,0,-1,0,1.0000,-1,10,18,19,0,47,0,0,0,0
145.6005,1,0,7,0,0,0,0,-1,0,1.0000,-1,10,18,19,0,47,0,0,0,0
145.6216,1,0,7,0,0,0,0,-1,0,1.0000,-1,10,18,19,0,47,0,0,0,0
145.6609,1,0,7,0,0,0,0,-1,0,1.0000,-1,10,18,19,0,47,0,0,0,0
145.6726,1,0,7,0,0,0,0,-1,0,1.0000,-1,10,18,19,0,47,0,0,0,0
145.6852,1,0,7,0,0,0,0,-1,0,1.0000,-1,10,18,19,0,47,0,0,0,0
145.7068,1,0,7,0,0,0,0,-1,0,1.0000,-1,10,18,19,0,47,0,0,0,0
145.7258,1,0,7,0,0,0,0,-1,0,1.0000,-1,10,18,19,0,47,0,0,0,0
145.7465,1,0,7,0,0,0,0,-1,0,1.0000,-1,10,18,19,0,47,0,0,0,0
145.7675,1,0,7,0,0,0,0,-1,0,1.0000,-1,10,18,19,0,47,0,0,0,0
145.7888,1,0,7,0,0,0,0,-1,0,1.0000,-1,10,18,19,0,47,0,0,0,0
145.8086,1,0,7,0,0,0,0,-1,0,1.0000,-1,10,18,19,0,47,0,0,0,0
145.8297,1,0,7,0,0,0,0,-1,0,1.0000,-1,10,18,19,0,47,0,0,0,0
145.8487,1,0,7,0,0,0,0,-1,0,1.0000,-1,10,18,19,0,47,0,0,0,0
145.8719,1,0,7,0,0,0,1,207,0,1.0000,-1,10,18,19,0,47,0,0,0,0
145.8919,1,0,7,0,0,0,1,207,0,0.0000,-1,10,18,19,0,47,0,0,0,0
145.9128,1,0,7,0,0,0,1,207,0,0.0000,-1,10,18,19,0,47,0,0,0,0
145.9349,1,0,7,0,0,0,1,207,0,0.0000,-1,10,18,19,0,47,0,0,0,0
145.9541,1,0,7,0,0,0,1,207,0,0.0000,-1,10,18,19,0,47,0,0,0,0
145.9742,1,0,7,0,0,0,1,207,0,0.0000,-1,10,18,19,0,47,0,0,0,0
145.9964,1,0,7,0,0,0,1,207,0,0.0000,-1,10,18,19,0,47,0,0,0,0
146.0149,1,0,7,0,0,0,1,207,0,0.0000,-1,10,18,19,0,47,0,0,0,0
146.0362,1,0,7,0,0,0,1,207,0,0.0000,-1,10,18,19,0,47,0,0,0,0
146.0549,1,0,7,0,0,0,1,207,1,1.0000,-1,10,18,19,0,47,0,0,0,0
146.077,1,0,7,0,0,0,1,207,0,1.0000,-1,10,18,19,0,47,0,0,0,0
146.0971,1,0,7,0,0,0,1,207,0,1.0000,-1,10,18,19,0,47,0,0,0,0
146.1159,1,0,7,0,0,0,1,207,0,1.0000,-1,10,18,19,0,47,0,0,0,0
146.1377,1,0,7,0,0,0,1,207,0,1.0000,-1,10,18,19,0,47,0,0,0,0
146.1593,1,0,7,0,0,0,1,207,0,1.0000,-1,10,18,19,0,47,0,0,0,0
146.1792,1,0,7,0,0,0,1,207,0,1.0000,-1,10,18,19,0,47,0,0,0,0
146.1978,1,0,7,0,0,0,1,207,0,1.0000,-1,10,18,19,0,47,0,0,0,0
146.2185,1,0,7,0,0,0,1,207,0,1.0000,-1,10,18,19,0,47,0,0,0,0
146.2388,1,0,7,0,0,0,1,207,0,1.0000,-1,10,18,19,0,47,0,0,0,0
146.2799,1,0,7,0,0,0,1,207,0,1.0000,-1,10,18,19,0,47,0,0,0,0
146.294,1,0,7,0,0,0,1,207,0,1.0000,-1,10,18,19,0,47,0,0,0,0
146.3082,1,0,7,0,0,0,1,207,0,1.0000,-1,10,18,19,0,47,0,0,0,0
146.3267,1,0,7,0,0,0,1,207,0,1.0000,-1,10,18,19,0,47,0,0,0,0
146.3485,1,0,7,0,0,0,1,207,0,1.0000,-1,10,18,19,0,47,0,0,0,0
146.3692,1,0,7,0,0,0,1,207,0,1.0000,-1,10,18,19,0,47,0,0,0,0
146.3908,1,0,7,0,0,0,1,207,0,1.0000,-1,10,18,19,0,47,0,0,0,0
146.4125,1,0,7,0,0,0,1,207,0,1.0000,-1,10,18,19,0,47,0,0,0,0
146.4304,1,0,7,0,0,0,1,207,0,1.0000,-1,10,18,19,0,47,0,0,0,0
146.4511,1,0,7,0,0,0,1,207,0,1.0000,-1,10,18,19,0,47,0,0,0,0
146.472,1,0,7,0,0,0,1,207,0,1.0000,-1,10,18,19,0,47,0,0,0,0
146.4935,1,0,7,0,0,0,1,207,1,2.0000,-1,10,18,19,0,47,0,0,0,0
146.5129,1,0,7,0,0,0,1,207,0,2.0000,-1,10,18,19,0,47,0,0,0,0
146.5352,1,0,7,0,0,0,0,-1,0,2.0000,207,11,18,19,0,48,0,0,0,0
146.5556,1,0,7,0,0,0,0,-1,0,2.0000,-1,11,18,19,0,48,0,0,0,0
146.5753,1,0,7,0,0,0,0,-1,0,2.0000,-1,11,18,19,0,48,0,0,0,0
146.5961,1,0,7,0,0,0,0,-1,0,2.0000,-1,11,18,19,0,48,0,0,0,0
146.6171,1,0,7,0,0,0,0,-1,0,2.0000,-1,11,18,19,0,48,0,0,0,0
146.6383,1,0,7,0,0,0,0,-1,0,2.0000,-1,11,18,19,0,48,0,0,0,0
146.6583,1,0,7,0,0,0,0,-1,0,2.0000,-1,11,18,19,0,48,0,0,0,0
146.6994,1,0,7,0,0,0,0,-1,0,2.0000,-1,11,18,19,0,48,0,0,0,0
146.7123,1,0,7,0,0,0,0,-1,0,2.0000,-1,11,18,19,0,48,0,0,0,0
146.7261,1,0,7,0,0,0,0,-1,0,2.0000,-1,11,18,19,0,48,0,0,0,0
146.7483,1,0,7,0,0,0,0,-1,0,2.0000,-1,11,18,19,0,48,0,0,0,0
146.7699,1,0,7,0,0,0,0,-1,0,2.0000,-1,11,18,19,0,48,0,0,0,0
146.7913,1,0,7,0,0,0,0,-1,0,2.0000,-1,11,18,19,0,48,0,0,0,0
146.8122,1,0,7,0,0,0,0,-1,0,2.0000,-1,11,18,19,0,48,0,0,0,0
146.8335,1,0,7,0,0,0,0,-1,0,2.0000,-1,11,18,19,0,48,0,0,0,0
146.8532,1,0,7,0,0,0,0,-1,0,2.0000,-1,11,18,19,0,48,0,0,0,0
146.8743,1,0,7,0,0,0,0,-1,0,2.0000,-1,11,18,19,0,48,0,0,0,0
146.9145,1,0,7,0,0,0,0,-1,0,2.0000,-1,11,18,19,0,48,0,0,0,0
146.9268,1,0,7,0,0,0,0,-1,0,2.0000,-1,11,18,19,0,48,0,0,0,0
146.9402,1,0,7,0,0,0,0,-1,0,2.0000,-1,11,18,19,0,48,0,0,0,0
146.9611,1,0,7,0,0,0,0,-1,0,2.0000,-1,11,18,19,0,48,0,0,0,0
146.9827,1,0,7,0,0,0,0,-1,0,2.0000,-1,11,18,19,0,48,0,0,0,0
147.0034,1,0,7,0,0,0,0,-1,0,2.0000,-1,11,18,19,0,48,0,0,0,0
147.0245,1,0,7,0,0,0,0,-1,0,2.0000,-1,11,18,19,0,48,0,0,0,0
147.0456,1,0,7,0,0,0,0,-1,0,2.0000,-1,11,18,19,0,48,0,0,0,0
147.0671,1,0,7,0,0,0,0,-1,0,1.0000,-1,11,18,19,0,48,0,0,0,0
147.0878,1,0,7,0,0,0,0,-1,0,1.0000,-1,11,18,19,0,48,0,0,0,0
147.1267,1,0,7,0,0,0,0,-1,0,1.0000,-1,11,18,19,0,48,0,0,0,0
147.139,1,0,7,0,0,0,0,-1,0,1.0000,-1,11,18,19,0,48,0,0,0,0
147.1535,1,0,7,0,0,0,0,-1,0,1.0000,-1,11,18,19,0,48,0,0,0,0
147.1745,1,0,7,0,0,0,0,-1,0,1.0000,-1,11,18,19,0,48,0,0,0,0
147.1953,1,0,7,0,0,0,0,-1,0,1.0000,-1,11,18,19,0,48,0,0,0,0
147.2171,1,0,7,0,0,0,0,-1,0,1.0000,-1,11,18,19,0,48,0,0,0,0
147.2373,1,0,7,0,0,0,0,-1,0,1.0000,-1,11,18,19,0,48,0,0,0,0
147.2585,1,0,7,0,0,0,0,-1,0,1.0000,-1,11,18,19,0,48,0,0,0,0
147.2792,1,0,7,0,0,0,0,-1,0,1.0000,-1,11,18,19,0,48,0,0,0,0
147.3012,1,0,7,0,0,0,0,-1,0,1.0000,-1,11,18,19,0,48,0,0,0,0
147.3203,1,0,7,0,0,0,0,-1,0,1.0000,-1,11,18,19,0,48,0,0,0,0
147.34,1,0,7,0,0,0,0,-1,0,1.0000,-1,11,18,19,0,48,0,0,0,0
147.3591,1,0,7,0,0,0,0,-1,0,1.0000,-1,11,18,19,0,48,0,0,0,0
147.3802,1,0,7,0,0,0,0,-1,0,1.0000,-1,11,18,19,0,48,0,0,0,0
147.4034,1,0,7,0,0,0,0,-1,0,1.0000,-1,11,18,19,0,48,0,0,0,0
147.4228,1,0,7,0,0,0,0,-1,1,2.0000,-1,11,18,19,0,48,0,0,0,0
147.4425,1,0,7,0,0,0,0,-1,0,2.0000,-1,11,18,19,0,48,0,0,0,0
147.4632,1,0,7,0,0,0,0,-1,0,2.0000,-1,11,18,19,0,48,0,0,0,0
147.4831,1,0,7,0,0,0,0,-1,0,2.0000,-1,11,18,19,0,48,0,0,0,0
147.5027,1,0,7,0,0,0,0,-1,0,1.0000,-1,11,18,19,0,48,0,0,0,0
147.5412,1,0,7,0,0,0,0,-1,0,1.0000,-1,11,18,19,0,48,0,0,0,0
147.5539,1,0,7,0,0,0,0,-1,0,1.0000,-1,11,18,19,0,48,0,0,0,0
147.5671,1,0,7,0,0,0,0,-1,0,1.0000,-1,11,18,19,0,48,0,0,0,0
147.5887,1,0,7,0,0,0,0,-1,0,1.0000,-1,11,18,19,0,48,0,0,0,0
147.6097,1,0,7,0,0,0,0,-1,0,1.0000,-1,11,18,19,0,48,0,0,0,0
147.6303,1,0,7,0,0,0,0,-1,0,1.0000,-1,11,18,19,0,48,0,0,0,0
147.6494,1,0,7,0,0,0,0,-1,0,1.0000,-1,11,18,19,0,48,0,0,0,0
147.6702,1,0,7,0,0,0,0,-1,0,1.0000,-1,11,18,19,0,48,0,0,0,0
147.6898,1,0,7,0,0,0,0,-1,0,1.0000,-1,11,18,19,0,48,0,0,0,0
147.7113,1,0,7,0,0,0,0,-1,0,1.0000,-1,11,18,19,0,48,0,0,0,0
147.7337,1,0,7,0,0,0,0,-1,0,1.0000,-1,11,18,19,0,48,0,0,0,0
147.7516,1,0,7,0,0,0,0,-1,0,1.0000,-1,11,18,19,0,48,0,0,0,0
147.7694,1,0,7,0,0,0,0,-1,0,1.0000,-1,11,18,19,0,48,0,0,0,0
147.7921,1,0,7,0,0,0,0,-1,0,1.0000,-1,11,18,19,0,48,0,0,0,0
147.8084,1,0,7,0,0,0,0,-1,0,1.0000,-1,11,18,19,0,48,0,0,0,0
147.83,1,0,7,0,0,0,0,-1,0,1.0000,-1,11,18,19,0,48,0,0,0,0
147.8505,1,0,7,0,0,0,0,-1,0,1.0000,-1,11,18,19,0,48,0,0,0,0
147.8696,1,0,7,0,0,0,0,-1,0,1.0000,-1,11,18,19,0,48,0,0,0,0
147.892,1,0,7,0,0,0,0,-1,0,1.0000,-1,11,18,19,0,48,0,0,0,0
147.9102,1,0,7,0,0,0,0,-1,0,1.0000,-1,11,18,19,0,48,0,0,0,0
147.9303,1,0,7,0,0,0,0,-1,0,1.0000,-1,11,18,19,0,48,0,0,0,0
147.9705,1,0,7,0,0,0,0,-1,0,1.0000,-1,11,18,19,0,48,0,0,0,0
147.9912,1,0,7,0,0,0,0,-1,0,1.0000,-1,11,18,19,0,48,0,0,0,0
148.0061,1,0,7,0,0,0,0,-1,0,1.0000,-1,11,18,19,0,48,0,0,0,0
148.0209,1,0,7,0,0,0,0,-1,0,1.0000,-1,11,18,19,0,48,0,0,0,0
148.0362,1,0,7,0,0,0,0,-1,0,1.0000,-1,11,18,19,0,48,0,0,0,0
148.0587,1,0,7,0,0,0,1,210,0,1.0000,-1,11,18,19,0,48,0,0,0,0
148.0792,1,0,7,0,0,0,1,210,0,1.0000,-1,11,18,19,0,48,0,0,0,0
148.0961,1,0,7,0,0,0,1,210,0,1.0000,-1,11,18,19,0,48,0,0,0,0
148.1161,1,0,7,1,0,0,1,210,0,1.0000,-1,11,18,19,0,48,0,0,0,0
148.1351,1,0,7,1,0,0,1,210,0,1.0000,-1,11,18,19,0,48,0,0,0,0
148.1719,1,0,7,1,0,0,1,210,0,1.0000,-1,11,18,19,0,48,0,0,0,0
148.1848,1,0,7,1,0,0,1,210,0,1.0000,-1,11,18,19,0,48,0,0,0,0
148.197,1,0,7,1,0,0,1,210,0,1.0000,-1,11,18,19,0,48,0,0,0,0
148.2164,1,0,7,1,0,0,1,210,0,1.0000,-1,11,18,19,0,48,0,0,0,0
148.2377,1,0,7,1,0,0,1,210,0,1.0000,-1,11,18,19,0,48,0,0,0,0
148.2589,1,0,7,1,0,0,1,210,0,1.0000,-1,11,18,19,0,48,0,0,0,0
148.2785,1,0,7,1,0,0,1,210,0,1.0000,-1,11,18,19,0,48,0,0,0,0
148.2975,1,0,7,1,0,0,1,210,0,1.0000,-1,11,18,19,0,48,0,0,0,0
148.3162,1,0,7,1,0,0,0,-1,0,1.0000,-1,11,18,19,0,48,0,0,0,0
148.3361,1,0,7,1,0,0,0,-1,0,1.0000,-1,11,18,19,0,48,0,0,0,0
148.3731,1,0,7,1,0,0,0,-1,0,1.0000,-1,11,18,19,0,48,0,0,0,0
148.3849,1,0,7,1,0,0,0,-1,0,1.0000,-1,11,18,19,0,48,0,0,0,0
148.399,1,0,7,1,0,0,0,-1,0,1.0000,-1,11,18,19,0,48,0,0,0,0
148.4186,1,0,7,1,0,0,0,-1,0,1.0000,-1,11,18,19,0,48,0,0,0,0
148.4377,1,0,7,1,0,0,0,-1,0,0.0000,-1,11,18,19,0,48,0,0,0,0
148.4582,1,0,7,1,0,0,0,-1,0,0.0000,-1,11,18,19,0,48,0,0,0,0
148.4788,1,0,7,1,0,0,0,-1,0,0.0000,-1,11,18,19,0,48,0,0,0,0
148.4971,1,0,7,1,0,0,0,-1,0,0.0000,-1,11,18,19,0,48,0,0,0,0
148.516,1,0,7,1,0,0,0,-1,0,0.0000,-1,11,18,19,0,48,0,0,0,0
148.536,1,0,7,1,0,0,0,-1,0,0.0000,-1,11,18,19,0,48,0,0,0,0
148.5568,1,0,7,1,0,0,0,-1,0,0.0000,-1,11,18,19,0,48,0,0,0,0
148.592,1,0,7,1,0,0,0,-1,0,0.0000,-1,11,18,19,0,48,0,0,0,0
148.6044,1,0,7,1,0,0,0,-1,0,0.0000,-1,11,18,19,0,48,0,0,0,0
148.6178,1,0,7,1,0,0,0,-1,0,0.0000,-1,11,18,19,0,48,0,0,0,0
148.6364,1,0,7,1,0,0,0,-1,0,0.0000,-1,11,18,19,0,48,0,0,0,0
148.6565,1,0,7,1,0,0,0,-1,0,0.0000,-1,11,18,19,0,48,0,0,0,0
148.6774,1,0,7,1,0,0,0,-1,0,0.0000,-1,11,18,19,0,48,0,0,0,0
148.6963,1,0,7,1,0,0,0,-1,0,0.0000,-1,11,18,19,0,48,0,0,0,0
148.7163,1,0,7,1,0,0,0,-1,0,0.0000,-1,11,18,19,0,48,0,0,0,0
148.7364,1,0,7,1,0,0,0,-1,0,0.0000,-1,11,18,19,0,48,0,0,0,0
148.7576,1,0,7,0,0,0,0,-1,0,0.0000,-1,11,18,19,0,48,0,0,0,0
148.7769,1,0,7,0,0,0,0,-1,0,0.0000,-1,11,18,19,0,48,0,0,0,0
148.7958,1,0,7,0,0,0,0,-1,0,0.0000,-1,11,18,19,0,48,0,0,0,0
148.8152,1,0,7,0,0,0,0,-1,0,0.0000,-1,11,18,19,0,48,0,0,0,0
148.8359,1,0,7,0,1,0,0,-1,0,0.0000,-1,11,18,19,0,48,0,0,0,0
148.8578,1,0,7,0,1,0,0,-1,0,0.0000,-1,11,18,19,0,48,0,0,0,0
148.8775,1,0,7,0,1,0,0,-1,0,0.0000,-1,11,18,19,0,48,0,0,0,0
148.8964,1,0,7,0,1,0,0,-1,0,0.0000,-1,11,18,19,0,48,0,0,0,0
148.9165,1,0,7,0,1,0,0,-1,0,0.0000,-1,11,18,19,0,48,0,0,0,0
148.9376,1,0,7,0,1,0,0,-1,0,0.0000,-1,11,18,19,0,48,0,0,0,0
148.96,1,0,7,0,1,0,0,-1,0,0.0000,-1,11,18,19,0,48,0,0,0,0
148.9973,1,0,7,0,1,0,0,-1,0,0.0000,-1,11,18,19,0,48,0,0,0,0
149.0102,1,0,7,0,1,0,0,-1,0,0.0000,-1,11,18,19,0,48,0,0,0,0
149.0237,1,0,7,0,1,0,0,-1,0,0.0000,-1,11,18,19,0,48,0,0,0,0
149.0461,1,0,7,0,1,0,0,-1,0,0.0000,-1,11,18,19,0,48,0,0,0,0
149.0647,1,0,7,0,1,0,0,-1,0,0.0000,-1,11,18,19,0,48,0,0,0,0
149.085,1,0,7,0,1,0,0,-1,0,0.0000,-1,11,18,19,0,48,0,0,0,0
149.1067,1,0,7,0,1,0,0,-1,0,0.0000,-1,11,18,19,0,48,0,0,0,0
149.1269,1,0,7,0,1,0,0,-1,0,0.0000,-1,11,18,19,0,48,0,0,0,0
149.147,1,0,7,0,1,0,0,-1,0,0.0000,-1,11,18,19,0,48,0,0,0,0
149.1704,1,0,7,0,1,0,0,-1,1,1.0000,-1,11,18,19,0,48,0,0,0,0
149.1908,1,0,7,0,1,0,0,-1,0,1.0000,-1,11,18,19,0,48,0,0,0,0
149.2088,1,0,7,0,1,0,0,-1,0,1.0000,-1,11,18,19,0,48,0,0,0,0
149.2285,1,0,7,0,1,0,0,-1,0,1.0000,-1,11,18,19,0,48,0,0,0,0
149.2502,1,0,7,0,1,0,0,-1,0,1.0000,-1,11,18,19,0,48,0,0,0,0
149.2721,1,0,7,0,1,0,0,-1,0,1.0000,-1,11,18,19,0,48,0,0,0,0
149.2934,1,0,7,0,1,0,0,-1,0,1.0000,-1,11,18,19,0,48,0,0,0,0
149.3126,1,0,7,0,1,0,0,-1,0,1.0000,-1,11,18,19,0,48,0,0,0,0
149.3342,1,0,7,0,1,0,0,-1,0,1.0000,-1,11,18,19,0,48,0,0,0,0
149.3528,1,0,7,0,1,0,0,-1,0,1.0000,-1,11,18,19,0,48,0,0,0,0
149.3734,1,0,7,0,1,0,0,-1,0,1.0000,-1,11,18,19,0,48,0,0,0,0
149.4129,2,1,8,0,0,0,0,-1,0,1.0000,-1,11,18,19,0,48,0,0,0,0
149.4316,2,0,8,0,0,0,0,-1,0,1.0000,-1,11,18,19,0,48,0,0,0,0
149.4457,2,0,8,0,0,0,0,-1,0,1.0000,-1,11,18,19,0,48,0,0,0,0
149.4593,2,0,8,0,0,0,0,-1,0,1.0000,-1,11,18,19,0,48,0,0,0,0
149.4801,2,0,8,0,0,0,0,-1,0,1.0000,-1,11,18,19,0,48,0,0,0,0
149.5012,2,0,8,0,0,0,0,-1,0,1.0000,-1,11,18,19,0,48,0,0,0,0
149.5199,2,0,8,0,0,0,0,-1,0,1.0000,-1,11,18,19,0,48,0,0,0,0