run_time,current_driver_player_number,driver_changed_this_frame,driver_change_count_total,curve_active,drift_check_active,drift_check_result,warning_active,warning_obstacle_id,driver_input_this_frame,inputs_per_second,hit_obstacle_id_this_frame,player1_collision_counter,player2_collision_counter,player3_collision_counter,player4_collision_counter,collision_count_total
173.7856,1,0,0,0,0,0,0,-1,0,0.0000,-1,0,0,0,0,0
173.8422,1,0,0,0,0,0,0,-1,1,1.0000,-1,0,0,0,0,0
173.8795,1,0,0,0,0,0,0,-1,0,1.0000,-1,0,0,0,0,0
173.8951,1,0,0,0,0,0,0,-1,0,1.0000,-1,0,0,0,0,0
173.9097,1,0,0,0,0,0,0,-1,0,1.0000,-1,0,0,0,0,0
173.9277,1,0,0,0,0,0,0,-1,0,1.0000,-1,0,0,0,0,0
173.9687,1,0,0,0,0,0,0,-1,0,1.0000,-1,0,0,0,0,0
173.9826,1,0,0,0,0,0,0,-1,0,1.0000,-1,0,0,0,0,0
173.9971,1,0,0,0,0,0,0,-1,0,1.0000,-1,0,0,0,0,0
174.0181,1,0,0,0,0,0,0,-1,0,1.0000,-1,0,0,0,0,0
174.0398,1,0,0,0,0,0,0,-1,0,1.0000,-1,0,0,0,0,0
174.0621,1,0,0,0,0,0,0,-1,0,1.0000,-1,0,0,0,0,0
174.0835,1,0,0,0,0,0,0,-1,0,1.0000,-1,0,0,0,0,0
174.1047,1,0,0,0,0,0,0,-1,0,1.0000,-1,0,0,0,0,0
174.1268,1,0,0,0,0,0,0,-1,0,1.0000,-1,0,0,0,0,0
174.1511,1,0,0,0,0,0,0,-1,0,1.0000,-1,0,0,0,0,0
174.1725,1,0,0,0,0,0,0,-1,0,1.0000,-1,0,0,0,0,0
174.1944,1,0,0,0,0,0,0,-1,0,1.0000,-1,0,0,0,0,0
174.2167,1,0,0,0,0,0,0,-1,0,1.0000,-1,0,0,0,0,0
174.2395,1,0,0,0,0,0,0,-1,0,1.0000,-1,0,0,0,0,0
174.2608,1,0,0,0,0,0,0,-1,0,1.0000,-1,0,0,0,0,0
174.2831,1,0,0,0,0,0,0,-1,0,1.0000,-1,0,0,0,0,0
174.3037,1,0,0,0,0,0,0,-1,0,1.0000,-1,0,0,0,0,0
174.3251,1,0,0,0,0,0,0,-1,0,1.0000,-1,0,0,0,0,0
174.346,1,0,0,0,0,0,0,-1,0,1.0000,-1,0,0,0,0,0
174.3674,1,0,0,0,0,0,0,-1,0,1.0000,-1,0,0,0,0,0
174.389,1,0,0,0,0,0,0,-1,0,1.0000,-1,0,0,0,0,0
174.4116,1,0,0,0,0,0,0,-1,0,1.0000,-1,0,0,0,0,0
174.4325,1,0,0,0,0,0,0,-1,0,1.0000,-1,0,0,0,0,0
174.4537,1,0,0,0,0,0,0,-1,0,1.0000,-1,0,0,0,0,0
174.4757,1,0,0,0,0,0,0,-1,0,1.0000,-1,0,0,0,0,0
174.4975,1,0,0,0,0,0,0,-1,0,1.0000,-1,0,0,0,0,0
174.5191,1,0,0,0,0,0,0,-1,0,1.0000,-1,0,0,0,0,0
174.5409,1,0,0,0,0,0,0,-1,0,1.0000,-1,0,0,0,0,0
174.5621,1,0,0,0,0,0,0,-1,0,1.0000,-1,0,0,0,0,0
174.5837,1,0,0,0,0,0,0,-1,0,1.0000,-1,0,0,0,0,0
174.6051,1,0,0,0,0,0,0,-1,0,1.0000,-1,0,0,0,0,0
174.6261,1,0,0,0,0,0,0,-1,0,1.0000,-1,0,0,0,0,0
174.6471,1,0,0,0,0,0,0,-1,0,1.0000,-1,0,0,0,0,0
174.6684,1,0,0,0,0,0,0,-1,0,1.0000,-1,0,0,0,0,0
174.6907,1,0,0,0,0,0,0,-1,0,1.0000,-1,0,0,0,0,0
174.7124,1,0,0,0,0,0,0,-1,0,1.0000,-1,0,0,0,0,0
174.7342,1,0,0,0,0,0,0,-1,0,1.0000,-1,0,0,0,0,0
174.7558,1,0,0,0,0,0,0,-1,0,1.0000,-1,0,0,0,0,0
174.7772,1,0,0,0,0,0,0,-1,0,1.0000,-1,0,0,0,0,0
174.8003,1,0,0,0,0,0,0,-1,0,1.0000,-1,0,0,0,0,0
174.821,1,0,0,0,0,0,0,-1,0,1.0000,-1,0,0,0,0,0
174.843,1,0,0,0,0,0,0,-1,0,0.0000,-1,0,0,0,0,0
174.8646,1,0,0,0,0,0,0,-1,0,0.0000,-1,0,0,0,0,0
174.8871,1,0,0,0,0,0,0,-1,0,0.0000,-1,0,0,0,0,0
174.9086,1,0,0,0,0,0,0,-1,0,0.0000,-1,0,0,0,0,0
174.9302,1,0,0,0,0,0,0,-1,0,0.0000,-1,0,0,0,0,0
174.9523,1,0,0,0,0,0,0,-1,0,0.0000,-1,0,0,0,0,0
174.9736,1,0,0,0,0,0,0,-1,0,0.0000,-1,0,0,0,0,0
174.9966,1,0,0,0,0,0,0,-1,0,0.0000,-1,0,0,0,0,0
175.0179,1,0,0,0,0,0,0,-1,0,0.0000,-1,0,0,0,0,0
175.0395,1,0,0,0,0,0,0,-1,0,0.0000,-1,0,0,0,0,0
175.0607,1,0,0,0,0,0,0,-1,0,0.0000,-1,0,0,0,0,0
175.0822,1,0,0,0,0,0,0,-1,0,0.0000,-1,0,0,0,0,0
175.1041,1,0,0,0,0,0,0,-1,0,0.0000,-1,0,0,0,0,0
175.1254,1,0,0,0,0,0,0,-1,0,0.0000,-1,0,0,0,0,0
175.1476,1,0,0,0,0,0,0,-1,0,0.0000,-1,0,0,0,0,0
175.171,1,0,0,0,0,0,0,-1,0,0.0000,-1,0,0,0,0,0
175.1914,1,0,0,0,0,0,0,-1,0,0.0000,-1,0,0,0,0,0
175.2131,1,0,0,0,0,0,0,-1,0,0.0000,-1,0,0,0,0,0
175.2348,1,0,0,0,0,0,0,-1,0,0.0000,-1,0,0,0,0,0
175.2571,1,0,0,0,0,0,0,-1,0,0.0000,-1,0,0,0,0,0
175.2791,1,0,0,0,0,0,0,-1,0,0.0000,-1,0,0,0,0,0
175.3024,1,0,0,0,0,0,0,-1,0,0.0000,-1,0,0,0,0,0
175.3233,1,0,0,0,0,0,0,-1,0,0.0000,-1,0,0,0,0,0
175.3454,1,0,0,0,0,0,0,-1,0,0.0000,-1,0,0,0,0,0
175.3671,1,0,0,0,0,0,0,-1,0,0.0000,-1,0,0,0,0,0
175.3891,1,0,0,0,0,0,0,-1,0,0.0000,-1,0,0,0,0,0
175.4113,1,0,0,0,0,0,0,-1,0,0.0000,-1,0,0,0,0,0
175.4333,1,0,0,0,0,0,0,-1,0,0.0000,-1,0,0,0,0,0
175.456,1,0,0,0,0,0,0,-1,0,0.0000,-1,0,0,0,0,0
175.478,1,0,0,0,0,0,0,-1,0,0.0000,-1,0,0,0,0,0
175.5002,1,0,0,0,0,0,0,-1,0,0.0000,-1,0,0,0,0,0
175.522,1,0,0,0,0,0,0,-1,0,0.0000,-1,0,0,0,0,0
175.5454,1,0,0,0,0,0,0,-1,0,0.0000,-1,0,0,0,0,0
175.5653,1,0,0,0,0,0,0,-1,0,0.0000,-1,0,0,0,0,0
175.5886,1,0,0,0,0,0,0,-1,0,0.0000,-1,0,0,0,0,0
175.6104,1,0,0,0,0,0,0,-1,0,0.0000,-1,0,0,0,0,0
175.6327,1,0,0,0,0,0,0,-1,0,0.0000,-1,0,0,0,0,0
175.6546,1,0,0,0,0,0,0,-1,0,0.0000,-1,0,0,0,0,0
175.676,1,0,0,0,0,0,0,-1,0,0.0000,-1,0,0,0,0,0
175.7195,1,0,0,0,0,0,0,-1,0,0.0000,-1,0,0,0,0,0
175.7349,1,0,0,0,0,0,0,-1,0,0.0000,-1,0,0,0,0,0
175.7505,1,0,0,0,0,0,0,-1,0,0.0000,-1,0,0,0,0,0
175.7697,1,0,0,0,0,0,0,-1,0,0.0000,-1,0,0,0,0,0
175.7915,1,0,0,0,0,0,0,-1,0,0.0000,-1,0,0,0,0,0
175.8127,1,0,0,0,0,0,0,-1,0,0.0000,-1,0,0,0,0,0
175.8352,1,0,0,0,0,0,0,-1,0,0.0000,-1,0,0,0,0,0
175.8565,1,0,0,0,0,0,0,-1,0,0.0000,-1,0,0,0,0,0
175.8789,1,0,0,0,0,0,0,-1,0,0.0000,-1,0,0,0,0,0
175.9203,1,0,0,0,0,0,0,-1,0,0.0000,-1,0,0,0,0,0
175.9348,1,0,0,0,0,0,0,-1,0,0.0000,-1,0,0,0,0,0
175.9506,1,0,0,0,0,0,0,-1,0,0.0000,-1,0,0,0,0,0
175.9718,1,0,0,0,0,0,0,-1,0,0.0000,-1,0,0,0,0,0
175.9941,1,0,0,0,0,0,0,-1,0,0.0000,-1,0,0,0,0,0
176.0174,1,0,0,0,0,0,0,-1,0,0.0000,-1,0,0,0,0,0
176.0379,1,0,0,0,0,0,0,-1,0,0.0000,-1,0,0,0,0,0
176.0601,1,0,0,0,0,0,0,-1,0,0.0000,-1,0,0,0,0,0
176.0815,1,0,0,0,0,0,0,-1,0,0.0000,-1,0,0,0,0,0
176.1035,1,0,0,0,0,0,0,-1,0,0.0000,-1,0,0,0,0,0
176.1251,1,0,0,0,0,0,0,-1,0,0.0000,-1,0,0,0,0,0
176.1459,1,0,0,0,0,0,0,-1,0,0.0000,-1,0,0,0,0,0
176.1682,1,0,0,0,0,0,0,-1,0,0.0000,-1,0,0,0,0,0
176.19,1,0,0,0,0,0,0,-1,0,0.0000,-1,0,0,0,0,0
176.2133,1,0,0,0,0,0,0,-1,0,0.0000,-1,0,0,0,0,0
176.235,1,0,0,0,0,0,0,-1,0,0.0000,-1,0,0,0,0,0
176.2569,1,0,0,0,0,0,0,-1,0,0.0000,-1,0,0,0,0,0
176.2788,1,0,0,0,0,0,0,-1,0,0.0000,-1,0,0,0,0,0
176.3008,1,0,0,0,0,0,0,-1,0,0.0000,-1,0,0,0,0,0
176.3228,1,0,0,0,0,0,0,-1,0,0.0000,-1,0,0,0,0,0
176.3447,1,0,0,0,0,0,0,-1,0,0.0000,-1,0,0,0,0,0
176.367,1,0,0,0,0,0,0,-1,0,0.0000,-1,0,0,0,0,0
176.3888,1,0,0,0,0,0,0,-1,0,0.0000,-1,0,0,0,0,0
176.411,1,0,0,0,0,0,0,-1,0,0.0000,-1,0,0,0,0,0
176.434,1,0,0,0,0,0,0,-1,0,0.0000,-1,0,0,0,0,0
176.4548,1,0,0,0,0,0,0,-1,0,0.0000,-1,0,0,0,0,0
176.477,1,0,0,0,0,0,0,-1,0,0.0000,-1,0,0,0,0,0
176.4986,1,0,0,0,0,0,0,-1,0,0.0000,-1,0,0,0,0,0
176.5204,1,0,0,0,0,0,0,-1,0,0.0000,-1,0,0,0,0,0
176.5431,1,0,0,0,0,0,0,-1,0,0.0000,-1,0,0,0,0,0
176.5662,1,0,0,0,0,0,0,-1,0,0.0000,-1,0,0,0,0,0
176.5876,1,0,0,0,0,0,0,-1,0,0.0000,-1,0,0,0,0,0
176.6099,1,0,0,0,0,0,0,-1,0,0.0000,-1,0,0,0,0,0
176.6323,1,0,0,0,0,0,0,-1,0,0.0000,-1,0,0,0,0,0
176.6541,1,0,0,0,0,0,0,-1,0,0.0000,-1,0,0,0,0,0
176.6761,1,0,0,0,0,0,0,-1,0,0.0000,-1,0,0,0,0,0
176.6983,1,0,0,0,0,0,0,-1,0,0.0000,-1,0,0,0,0,0
176.7217,1,0,0,0,0,0,0,-1,0,0.0000,-1,0,0,0,0,0
176.7435,1,0,0,0,0,0,0,-1,0,0.0000,-1,0,0,0,0,0
176.7662,1,0,0,0,0,0,0,-1,0,0.0000,-1,0,0,0,0,0
176.7892,1,0,0,0,0,0,0,-1,0,0.0000,-1,0,0,0,0,0
176.8102,1,0,0,0,0,0,0,-1,0,0.0000,-1,0,0,0,0,0
176.832,1,0,0,0,0,0,0,-1,0,0.0000,-1,0,0,0,0,0
176.8544,1,0,0,0,0,0,0,-1,0,0.0000,-1,0,0,0,0,0
176.8773,1,0,0,0,0,0,0,-1,0,0.0000,-1,0,0,0,0,0
176.8999,1,0,0,0,0,0,0,-1,0,0.0000,-1,0,0,0,0,0
176.9205,1,0,0,0,0,0,0,-1,0,0.0000,-1,0,0,0,0,0
176.944,1,0,0,0,0,0,0,-1,0,0.0000,-1,0,0,0,0,0
176.9663,1,0,0,0,0,0,0,-1,0,0.0000,-1,0,0,0,0,0
176.9878,1,0,0,0,0,0,0,-1,0,0.0000,-1,0,0,0,0,0
177.01,1,0,0,0,0,0,0,-1,0,0.0000,-1,0,0,0,0,0
177.0329,1,0,0,0,0,0,0,-1,0,0.0000,-1,0,0,0,0,0
177.0543,1,0,0,0,0,0,0,-1,0,0.0000,-1,0,0,0,0,0
177.0764,1,0,0,0,0,0,0,-1,0,0.0000,-1,0,0,0,0,0
177.0982,1,0,0,0,0,0,0,-1,0,0.0000,-1,0,0,0,0,0
177.1211,1,0,0,0,0,0,0,-1,0,0.0000,-1,0,0,0,0,0
177.1436,1,0,0,0,0,0,0,-1,0,0.0000,-1,0,0,0,0,0
177.165,1,0,0,0,0,0,0,-1,0,0.0000,-1,0,0,0,0,0
177.2085,1,0,0,0,0,0,0,-1,0,0.0000,-1,0,0,0,0,0
177.2234,1,0,0,0,0,0,0,-1,0,0.0000,-1,0,0,0,0,0
177.2391,1,0,0,0,0,0,0,-1,0,0.0000,-1,0,0,0,0,0
177.2571,1,0,0,0,0,0,0,-1,0,0.0000,-1,0,0,0,0,0
177.2792,1,0,0,0,0,0,0,-1,0,0.0000,-1,0,0,0,0,0
177.2998,1,0,0,0,0,0,0,-1,0,0.0000,-1,0,0,0,0,0
177.3215,1,0,0,0,0,0,0,-1,0,0.0000,-1,0,0,0,0,0
177.3436,1,0,0,0,0,0,0,-1,0,0.0000,-1,0,0,0,0,0
177.3654,1,0,0,0,0,0,0,-1,0,0.0000,-1,0,0,0,0,0
177.3874,1,0,0,0,0,0,0,-1,0,0.0000,-1,0,0,0,0,0
177.41,1,0,0,0,0,0,0,-1,0,0.0000,-1,0,0,0,0,0
177.4317,1,0,0,0,0,0,0,-1,0,0.0000,-1,0,0,0,0,0
177.4535,1,0,0,0,0,0,0,-1,0,0.0000,-1,0,0,0,0,0
177.4752,1,0,0,0,0,0,0,-1,0,0.0000,-1,0,0,0,0,0
177.4974,1,0,0,0,0,0,0,-1,0,0.0000,-1,0,0,0,0,0
177.519,1,0,0,0,0,0,0,-1,0,0.0000,-1,0,0,0,0,0
177.5419,1,0,0,0,0,0,0,-1,0,0.0000,-1,0,0,0,0,0
177.5631,1,0,0,0,0,0,0,-1,0,0.0000,-1,0,0,0,0,0
177.5854,1,0,0,0,0,0,0,-1,0,0.0000,-1,0,0,0,0,0
177.6071,1,0,0,0,0,0,0,-1,0,0.0000,-1,0,0,0,0,0
177.6279,1,0,0,0,0,0,0,-1,0,0.0000,-1,0,0,0,0,0
177.65,1,0,0,0,0,0,0,-1,0,0.0000,-1,0,0,0,0,0
177.672,1,0,0,0,0,0,0,-1,0,0.0000,-1,0,0,0,0,0
177.6936,1,0,0,0,0,0,0,-1,0,0.0000,-1,0,0,0,0,0
177.7142,1,0,0,0,0,0,0,-1,0,0.0000,-1,0,0,0,0,0
177.7364,1,0,0,0,0,0,0,-1,0,0.0000,-1,0,0,0,0,0
177.7584,1,0,0,0,0,0,0,-1,0,0.0000,-1,0,0,0,0,0
177.7793,1,0,0,0,0,0,0,-1,0,0.0000,-1,0,0,0,0,0
177.8018,1,0,0,0,0,0,0,-1,0,0.0000,-1,0,0,0,0,0
177.8425,1,0,0,0,0,0,0,-1,0,0.0000,-1,0,0,0,0,0
177.8564,1,0,0,0,0,0,0,-1,0,0.0000,-1,0,0,0,0,0
177.8692,1,0,0,0,0,0,0,-1,0,0.0000,-1,0,0,0,0,0
177.8907,1,0,0,0,0,0,0,-1,0,0.0000,-1,0,0,0,0,0
177.9118,1,0,0,0,0,0,0,-1,0,0.0000,-1,0,0,0,0,0
177.9338,1,0,0,0,0,0,0,-1,0,0.0000,-1,0,0,0,0,0
177.9557,1,0,0,0,0,0,0,-1,0,0.0000,-1,0,0,0,0,0
177.9772,1,0,0,0,0,0,0,-1,0,0.0000,-1,0,0,0,0,0
177.9992,1,0,0,0,0,0,0,-1,0,0.0000,-1,0,0,0,0,0
178.0206,1,0,0,0,0,0,0,-1,0,0.0000,-1,0,0,0,0,0
178.0423,1,0,0,0,0,0,0,-1,0,0.0000,-1,0,0,0,0,0
178.0636,1,0,0,0,0,0,0,-1,0,0.0000,-1,0,0,0,0,0
178.0857,1,0,0,0,0,0,0,-1,0,0.0000,-1,0,0,0,0,0
178.1079,1,0,0,0,0,0,0,-1,0,0.0000,-1,0,0,0,0,0
178.1293,1,0,0,0,0,0,0,-1,0,0.0000,-1,0,0,0,0,0
178.1516,1,0,0,0,0,0,0,-1,0,0.0000,-1,0,0,0,0,0
178.1723,1,0,0,0,0,0,0,-1,0,0.0000,-1,0,0,0,0,0
178.1945,1,0,0,0,0,0,0,-1,0,0.0000,-1,0,0,0,0,0
178.2159,1,0,0,0,0,0,0,-1,0,0.0000,-1,0,0,0,0,0
178.2372,1,0,0,0,0,0,0,-1,0,0.0000,-1,0,0,0,0,0
178.2599,1,0,0,0,0,0,0,-1,0,0.0000,-1,0,0,0,0,0
178.2805,1,0,0,0,0,0,0,-1,0,0.0000,-1,0,0,0,0,0
178.3017,1,0,0,0,0,0,0,-1,0,0.0000,-1,0,0,0,0,0
178.3233,1,0,0,0,0,0,0,-1,0,0.0000,-1,0,0,0,0,0
178.3446,1,0,0,0,0,0,0,-1,0,0.0000,-1,0,0,0,0,0
178.3667,1,0,0,0,0,0,0,-1,0,0.0000,-1,0,0,0,0,0
178.3886,1,0,0,0,0,0,0,-1,0,0.0000,-1,0,0,0,0,0
178.4098,1,0,0,0,0,0,0,-1,0,0.0000,-1,0,0,0,0,0
178.4323,1,0,0,0,0,0,0,-1,0,0.0000,-1,0,0,0,0,0
178.4543,1,0,0,0,0,0,0,-1,0,0.0000,-1,0,0,0,0,0
178.4755,1,0,0,0,0,0,0,-1,0,0.0000,-1,0,0,0,0,0
178.4978,1,0,0,0,0,0,0,-1,0,0.0000,-1,0,0,0,0,0
178.52,1,0,0,0,0,0,0,-1,0,0.0000,-1,0,0,0,0,0
178.5414,1,0,0,0,0,0,0,-1,0,0.0000,-1,0,0,0,0,0
178.5635,1,0,0,0,0,0,0,-1,0,0.0000,-1,0,0,0,0,0
178.5865,1,0,0,0,0,0,0,-1,0,0.0000,-1,0,0,0,0,0
178.608,1,0,0,0,0,0,0,-1,0,0.0000,-1,0,0,0,0,0
178.6305,1,0,0,0,0,0,0,-1,0,0.0000,-1,0,0,0,0,0
178.6518,1,0,0,0,0,0,0,-1,0,0.0000,-1,0,0,0,0,0
178.6734,1,0,0,0,0,0,0,-1,0,0.0000,-1,0,0,0,0,0
178.7149,1,0,0,0,0,0,0,-1,0,0.0000,-1,0,0,0,0,0
178.7287,1,0,0,0,0,0,0,-1,0,0.0000,-1,0,0,0,0,0
178.7436,1,0,0,0,0,0,0,-1,0,0.0000,-1,0,0,0,0,0
178.7654,1,0,0,0,0,0,0,-1,0,0.0000,-1,0,0,0,0,0
178.7873,1,0,0,0,0,0,0,-1,0,0.0000,-1,0,0,0,0,0
178.8095,1,0,0,0,0,0,0,-1,0,0.0000,-1,0,0,0,0,0
178.8323,1,0,0,0,0,0,0,-1,0,0.0000,-1,0,0,0,0,0
178.8538,1,0,0,0,0,0,0,-1,0,0.0000,-1,0,0,0,0,0
178.8754,1,0,0,0,0,0,0,-1,0,0.0000,-1,0,0,0,0,0
178.8978,1,0,0,0,0,0,0,-1,0,0.0000,-1,0,0,0,0,0
178.9194,1,0,0,0,0,0,0,-1,0,0.0000,-1,0,0,0,0,0
178.9418,1,0,0,0,0,0,0,-1,0,0.0000,-1,0,0,0,0,0
178.9634,1,0,0,0,0,0,0,-1,0,0.0000,-1,0,0,0,0,0
178.9852,1,0,0,0,0,0,0,-1,0,0.0000,-1,0,0,0,0,0
179.0076,1,0,0,0,0,0,0,-1,0,0.0000,-1,0,0,0,0,0
179.0298,1,0,0,0,0,0,0,-1,0,0.0000,-1,0,0,0,0,0
179.0507,1,0,0,0,0,0,0,-1,0,0.0000,-1,0,0,0,0,0
179.0726,1,0,0,0,0,0,0,-1,0,0.0000,-1,0,0,0,0,0
179.0938,1,0,0,0,0,0,0,-1,0,0.0000,-1,0,0,0,0,0
179.1162,1,0,0,0,0,0,0,-1,0,0.0000,-1,0,0,0,0,0
179.1373,1,0,0,0,0,0,0,-1,0,0.0000,-1,0,0,0,0,0
179.1584,1,0,0,0,0,0,0,-1,0,0.0000,-1,0,0,0,0,0
179.1803,1,0,0,0,0,0,0,-1,0,0.0000,-1,0,0,0,0,0
179.2027,1,0,0,0,0,0,0,-1,0,0.0000,-1,0,0,0,0,0
179.2474,1,0,0,0,0,0,0,-1,0,0.0000,-1,0,0,0,0,0
179.2616,1,0,0,0,0,0,0,-1,0,0.0000,-1,0,0,0,0,0
179.2765,1,0,0,0,0,0,0,-1,0,0.0000,-1,0,0,0,0,0
179.2966,1,0,0,0,0,0,0,-1,0,0.0000,-1,0,0,0,0,0
179.3194,1,0,0,0,0,0,0,-1,0,0.0000,-1,0,0,0,0,0
179.3402,1,0,0,0,0,0,0,-1,0,0.0000,-1,0,0,0,0,0
179.3623,1,0,0,0,0,0,0,-1,0,0.0000,-1,0,0,0,0,0
179.3848,1,0,0,0,0,0,0,-1,0,0.0000,-1,0,0,0,0,0
179.4059,1,0,0,0,0,0,0,-1,0,0.0000,-1,0,0,0,0,0
179.4274,1,0,0,0,0,0,0,-1,0,0.0000,-1,0,0,0,0,0
179.4507,1,0,0,0,0,0,0,-1,0,0.0000,-1,0,0,0,0,0
179.4725,1,0,0,0,0,0,0,-1,0,0.0000,-1,0,0,0,0,0
179.4935,1,0,0,0,0,0,0,-1,0,0.0000,-1,0,0,0,0,0
179.5163,1,0,0,0,0,0,0,-1,0,0.0000,-1,0,0,0,0,0
179.5394,1,0,0,0,0,0,0,-1,0,0.0000,-1,0,0,0,0,0
179.5608,1,0,0,0,0,0,0,-1,0,0.0000,-1,0,0,0,0,0
179.5836,1,0,0,0,0,0,0,-1,0,0.0000,-1,0,0,0,0,0
179.6247,1,0,0,0,0,0,0,-1,0,0.0000,-1,0,0,0,0,0
179.6392,1,0,0,0,0,0,0,-1,0,0.0000,-1,0,0,0,0,0
179.6542,1,0,0,0,0,0,0,-1,0,0.0000,-1,0,0,0,0,0
179.6749,1,0,0,0,0,0,0,-1,0,0.0000,-1,0,0,0,0,0
179.6974,1,0,0,0,0,0,0,-1,0,0.0000,-1,0,0,0,0,0
179.7188,1,0,0,0,0,0,0,-1,0,0.0000,-1,0,0,0,0,0
179.7611,1,0,0,0,0,0,0,-1,0,0.0000,-1,0,0,0,0,0
179.7862,1,0,0,0,0,0,0,-1,0,0.0000,-1,0,0,0,0,0
179.7991,1,0,0,0,0,0,0,-1,0,0.0000,-1,0,0,0,0,0
179.8122,1,0,0,0,0,0,0,-1,0,0.0000,-1,0,0,0,0,0
179.8342,1,0,0,0,0,0,0,-1,0,0.0000,-1,0,0,0,0,0
179.8559,1,0,0,0,0,0,0,-1,0,0.0000,-1,0,0,0,0,0
179.8773,1,0,0,0,0,0,0,-1,0,0.0000,-1,0,0,0,0,0
179.9011,1,0,0,0,0,0,0,-1,0,0.0000,-1,0,0,0,0,0
179.9417,1,0,0,0,0,0,0,-1,0,0.0000,-1,0,0,0,0,0
179.955,1,0,0,0,0,0,0,-1,0,0.0000,-1,0,0,0,0,0
179.9677,1,0,0,0,0,0,0,-1,0,0.0000,-1,0,0,0,0,0
179.9888,1,0,0,0,0,0,0,-1,0,0.0000,-1,0,0,0,0,0
180.0105,1,0,0,0,0,0,0,-1,0,0.0000,-1,0,0,0,0,0
180.0325,1,0,0,0,0,0,0,-1,0,0.0000,-1,0,0,0,0,0
180.0539,1,0,0,0,0,0,0,-1,0,0.0000,-1,0,0,0,0,0
180.0757,1,0,0,0,0,0,0,-1,0,0.0000,-1,0,0,0,0,0
180.0972,1,0,0,0,0,0,0,-1,0,0.0000,-1,0,0,0,0,0
180.1182,1,0,0,0,0,0,0,-1,0,0.0000,-1,0,0,0,0,0
180.1418,1,0,0,0,0,0,0,-1,0,0.0000,-1,0,0,0,0,0
180.1624,1,0,0,0,0,0,0,-1,0,0.0000,-1,0,0,0,0,0
180.1822,1,0,0,0,0,0,0,-1,0,0.0000,-1,0,0,0,0,0
180.2034,1,0,0,0,0,0,0,-1,0,0.0000,-1,0,0,0,0,0
180.2249,1,0,0,0,0,0,0,-1,0,0.0000,-1,0,0,0,0,0
180.246,1,0,0,0,0,0,0,-1,0,0.0000,-1,0,0,0,0,0
180.2671,1,0,0,0,0,0,0,-1,0,0.0000,-1,0,0,0,0,0
180.2904,1,0,0,0,0,0,0,-1,0,0.0000,-1,0,0,0,0,0
180.331,1,0,0,0,0,0,0,-1,0,0.0000,-1,0,0,0,0,0
180.3441,1,0,0,0,0,0,0,-1,0,0.0000,-1,0,0,0,0,0
180.3588,1,0,0,0,0,0,0,-1,0,0.0000,-1,0,0,0,0,0
180.3784,1,0,0,0,0,0,0,-1,0,0.0000,-1,0,0,0,0,0
180.3993,1,0,0,0,0,0,0,-1,0,0.0000,-1,0,0,0,0,0
180.4218,1,0,0,0,0,0,0,-1,0,0.0000,-1,0,0,0,0,0
180.4427,1,0,0,0,0,0,0,-1,0,0.0000,-1,0,0,0,0,0
180.4645,1,0,0,0,0,0,0,-1,0,0.0000,-1,0,0,0,0,0
180.4862,1,0,0,0,0,0,0,-1,0,0.0000,-1,0,0,0,0,0
180.5268,1,0,0,0,0,0,0,-1,0,0.0000,-1,0,0,0,0,0
180.5542,1,0,0,0,0,0,0,-1,0,0.0000,-1,0,0,0,0,0
180.5677,1,0,0,0,0,0,0,-1,0,0.0000,-1,0,0,0,0,0
180.5819,1,0,0,0,0,0,0,-1,0,0.0000,-1,0,0,0,0,0
180.6019,1,0,0,0,0,0,0,-1,0,0.0000,-1,0,0,0,0,0
180.6241,1,0,0,0,0,0,0,-1,0,0.0000,-1,0,0,0,0,0
180.6448,1,0,0,0,0,0,0,-1,0,0.0000,-1,0,0,0,0,0
180.6662,1,0,0,0,0,0,0,-1,0,0.0000,-1,0,0,0,0,0
180.6875,1,0,0,0,0,0,1,2,0,0.0000,-1,0,0,0,0,0
180.719,1,0,0,0,0,0,1,2,0,0.0000,-1,0,0,0,0,0
180.7337,1,0,0,0,0,0,1,2,0,0.0000,-1,0,0,0,0,0
180.7533,1,0,0,0,0,0,1,2,0,0.0000,-1,0,0,0,0,0
180.7762,1,0,0,0,0,0,1,2,0,0.0000,-1,0,0,0,0,0
180.8191,1,0,0,0,0,0,1,2,0,0.0000,-1,0,0,0,0,0
180.8334,1,0,0,0,0,0,1,2,0,0.0000,-1,0,0,0,0,0
180.8494,1,0,0,0,0,0,1,2,0,0.0000,-1,0,0,0,0,0
180.8686,1,0,0,0,0,0,1,2,0,0.0000,-1,0,0,0,0,0
180.8915,1,0,0,0,0,0,1,2,0,0.0000,-1,0,0,0,0,0
180.9132,1,0,0,0,0,0,1,2,0,0.0000,-1,0,0,0,0,0
180.9348,1,0,0,0,0,0,1,2,0,0.0000,-1,0,0,0,0,0
180.9571,1,0,0,0,0,0,1,2,0,0.0000,-1,0,0,0,0,0
180.9798,1,0,0,0,0,0,1,2,0,0.0000,-1,0,0,0,0,0
181.0024,1,0,0,0,0,0,1,2,0,0.0000,-1,0,0,0,0,0
181.0239,1,0,0,0,0,0,1,2,0,0.0000,-1,0,0,0,0,0
181.0462,1,0,0,0,0,0,1,2,0,0.0000,-1,0,0,0,0,0
181.0682,1,0,0,0,0,0,1,2,0,0.0000,-1,0,0,0,0,0
181.0909,1,0,0,0,0,0,1,2,0,0.0000,-1,0,0,0,0,0
181.1126,1,0,0,0,0,0,1,2,0,0.0000,-1,0,0,0,0,0
181.1352,1,0,0,0,0,0,1,2,0,0.0000,-1,0,0,0,0,0
181.1581,1,0,0,0,0,0,1,2,0,0.0000,-1,0,0,0,0,0
181.1795,1,0,0,0,0,0,1,2,0,0.0000,-1,0,0,0,0,0
181.202,1,0,0,0,0,0,1,2,1,1.0000,-1,0,0,0,0,0
181.2445,1,0,0,0,0,0,1,2,0,1.0000,-1,0,0,0,0,0
181.2594,1,0,0,0,0,0,1,2,0,1.0000,-1,0,0,0,0,0
181.2753,1,0,0,0,0,0,0,-1,0,1.0000,-1,0,0,0,0,0
181.2981,1,0,0,0,0,0,0,-1,0,1.0000,-1,0,0,0,0,0
181.3206,1,0,0,0,0,0,0,-1,0,1.0000,-1,0,0,0,0,0
181.3425,1,0,0,0,0,0,0,-1,0,1.0000,-1,0,0,0,0,0
181.3654,1,0,0,0,0,0,0,-1,0,1.0000,-1,0,0,0,0,0
181.3875,1,0,0,0,0,0,0,-1,0,1.0000,-1,0,0,0,0,0
181.4102,1,0,0,0,0,0,0,-1,0,1.0000,2,1,0,0,0,1
181.4433,1,0,0,0,0,0,0,-1,0,1.0000,-1,1,0,0,0,1
181.4598,1,0,0,0,0,0,0,-1,0,1.0000,-1,1,0,0,0,1
181.4765,1,0,0,0,0,0,1,1,0,1.0000,-1,1,0,0,0,1
181.4988,1,0,0,0,0,0,1,1,0,1.0000,-1,1,0,0,0,1
181.5222,1,0,0,0,0,0,1,1,0,1.0000,-1,1,0,0,0,1
181.5441,1,0,0,0,0,0,1,1,0,1.0000,-1,1,0,0,0,1
181.5654,1,0,0,0,0,0,1,1,0,1.0000,-1,1,0,0,0,1
181.588,1,0,0,0,0,0,1,1,0,1.0000,-1,1,0,0,0,1
181.61,1,0,0,0,0,0,1,1,0,1.0000,-1,1,0,0,0,1
181.6328,1,0,0,0,0,0,1,1,0,1.0000,-1,1,0,0,0,1
181.675,1,0,0,0,0,0,1,1,0,1.0000,-1,1,0,0,0,1
181.6926,1,0,0,0,0,0,1,1,0,1.0000,-1,1,0,0,0,1
181.7136,1,0,0,0,0,0,1,1,0,1.0000,-1,1,0,0,0,1
181.7327,1,0,0,0,0,0,1,1,0,1.0000,-1,1,0,0,0,1
181.7561,1,0,0,0,0,0,1,1,0,1.0000,-1,1,0,0,0,1
181.7726,1,0,0,0,0,0,1,1,0,1.0000,-1,1,0,0,0,1
181.7933,1,0,0,0,0,0,1,1,0,1.0000,-1,1,0,0,0,1
181.8153,1,0,0,0,0,0,1,1,0,1.0000,-1,1,0,0,0,1
181.8363,1,0,0,0,0,0,1,1,0,1.0000,-1,1,0,0,0,1
181.8575,1,0,0,0,0,0,1,1,0,1.0000,-1,1,0,0,0,1
181.8799,1,0,0,0,0,0,1,1,0,1.0000,-1,1,0,0,0,1
181.9073,1,0,0,0,0,0,0,-1,0,1.0000,-1,1,0,0,0,1
181.9214,1,0,0,0,0,0,0,-1,0,1.0000,-1,1,0,0,0,1
181.9437,1,0,0,0,0,0,0,-1,0,1.0000,-1,1,0,0,0,1
181.9649,1,0,0,0,0,0,0,-1,0,1.0000,-1,1,0,0,0,1
181.9869,1,0,0,0,0,0,0,-1,0,1.0000,-1,1,0,0,0,1
182.0074,1,0,0,0,0,0,0,-1,0,1.0000,-1,1,0,0,0,1
182.0299,1,0,0,0,0,0,0,-1,0,1.0000,-1,1,0,0,0,1
182.0505,1,0,0,0,0,0,0,-1,0,1.0000,-1,1,0,0,0,1
182.0708,1,0,0,0,0,0,0,-1,0,1.0000,-1,1,0,0,0,1
182.0934,1,0,0,0,0,0,0,-1,0,1.0000,-1,1,0,0,0,1
182.1135,1,0,0,0,0,0,0,-1,0,1.0000,-1,1,0,0,0,1
182.1355,1,0,0,0,0,0,0,-1,0,1.0000,-1,1,0,0,0,1
182.1562,1,0,0,0,0,0,0,-1,1,2.0000,-1,1,0,0,0,1
182.1774,1,0,0,0,0,0,0,-1,0,2.0000,-1,1,0,0,0,1
182.2004,1,0,0,0,0,0,0,-1,0,2.0000,-1,1,0,0,0,1
182.2218,1,0,0,1,0,0,0,-1,0,1.0000,-1,1,0,0,0,1
182.2427,1,0,0,1,0,0,0,-1,0,1.0000,-1,1,0,0,0,1
182.2663,1,0,0,1,0,0,0,-1,0,1.0000,-1,1,0,0,0,1
182.3057,1,0,0,1,0,0,0,-1,0,1.0000,-1,1,0,0,0,1
182.3207,1,0,0,1,0,0,0,-1,0,1.0000,-1,1,0,0,0,1
182.3352,1,0,0,1,0,0,0,-1,0,1.0000,-1,1,0,0,0,1
182.3552,1,0,0,1,0,0,0,-1,0,1.0000,-1,1,0,0,0,1
182.3757,1,0,0,1,0,0,0,-1,0,1.0000,-1,1,0,0,0,1
182.3977,1,0,0,1,0,0,0,-1,0,1.0000,-1,1,0,0,0,1
182.4199,1,0,0,1,0,0,0,-1,0,1.0000,-1,1,0,0,0,1
182.4414,1,0,0,1,0,0,0,-1,0,1.0000,-1,1,0,0,0,1
182.4613,1,0,0,1,0,0,0,-1,0,1.0000,-1,1,0,0,0,1
182.484,1,0,0,1,0,0,0,-1,0,1.0000,-1,1,0,0,0,1
182.5044,1,0,0,1,0,0,0,-1,0,1.0000,-1,1,0,0,0,1
182.5256,1,0,0,0,0,0,0,-1,0,1.0000,-1,1,0,0,0,1
182.5482,1,0,0,0,0,0,0,-1,0,1.0000,-1,1,0,0,0,1
182.5705,1,0,0,0,0,0,0,-1,0,1.0000,-1,1,0,0,0,1
182.5928,1,0,0,0,0,0,1,3,0,1.0000,-1,1,0,0,0,1
182.6152,1,0,0,0,0,0,1,3,0,1.0000,-1,1,0,0,0,1
182.6383,1,0,0,0,0,0,1,3,0,1.0000,-1,1,0,0,0,1
182.6606,1,0,0,0,0,0,1,3,0,1.0000,-1,1,0,0,0,1
182.6834,1,0,0,0,0,0,1,3,0,1.0000,-1,1,0,0,0,1
182.7067,1,0,0,0,0,0,1,3,0,1.0000,-1,1,0,0,0,1
182.7493,1,0,0,0,0,0,1,3,0,1.0000,-1,1,0,0,0,1
182.7639,1,0,0,0,0,0,1,6,0,1.0000,3,2,0,0,0,2
182.7839,1,0,0,0,0,0,1,6,0,1.0000,-1,2,0,0,0,2
182.7981,1,0,0,0,0,0,1,6,0,1.0000,-1,2,0,0,0,2
182.8197,1,0,0,0,0,0,1,6,0,1.0000,-1,2,0,0,0,2
182.8416,1,0,0,0,0,0,1,6,0,1.0000,-1,2,0,0,0,2
182.8634,1,0,0,0,0,0,1,6,0,1.0000,-1,2,0,0,0,2
182.8857,1,0,0,0,0,0,1,6,0,1.0000,-1,2,0,0,0,2
182.908,1,0,0,0,0,0,1,6,0,1.0000,-1,2,0,0,0,2
182.9494,1,0,0,0,0,0,1,6,0,1.0000,-1,2,0,0,0,2
182.964,1,0,0,0,0,0,1,6,0,1.0000,-1,2,0,0,0,2
182.9803,1,0,0,0,1,0,1,6,0,1.0000,-1,2,0,0,0,2
183.0027,1,0,0,0,1,0,1,6,0,1.0000,-1,2,0,0,0,2
183.0203,1,0,0,0,1,0,1,6,1,2.0000,-1,2,0,0,0,2
183.0428,1,0,0,0,1,0,1,5,0,2.0000,6,3,0,0,0,3
183.0657,1,0,0,0,1,0,1,5,0,2.0000,-1,3,0,0,0,3
183.0878,1,0,0,0,1,0,1,5,0,2.0000,-1,3,0,0,0,3
183.1092,1,0,0,0,1,0,1,5,0,2.0000,-1,3,0,0,0,3
183.1528,1,0,0,0,1,0,1,5,0,2.0000,-1,3,0,0,0,3
183.1686,1,0,0,0,1,0,1,5,0,1.0000,-1,3,0,0,0,3
183.1854,1,0,0,0,1,0,1,5,0,1.0000,-1,3,0,0,0,3
183.2014,1,0,0,0,1,0,1,5,0,1.0000,-1,3,0,0,0,3
183.2231,1,0,0,0,1,0,1,5,0,1.0000,-1,3,0,0,0,3
183.2429,1,0,0,0,1,0,1,5,0,1.0000,-1,3,0,0,0,3
183.2647,1,0,0,0,1,0,1,5,0,1.0000,-1,3,0,0,0,3
183.2866,1,0,0,0,1,0,1,5,0,1.0000,-1,3,0,0,0,3
183.3083,1,0,0,0,1,0,1,5,0,1.0000,-1,3,0,0,0,3
183.3304,1,0,0,0,1,0,1,5,0,1.0000,-1,3,0,0,0,3
183.3699,1,0,0,0,1,0,1,5,0,1.0000,-1,3,0,0,0,3
183.3845,1,0,0,0,1,0,1,5,0,1.0000,-1,3,0,0,0,3
183.3987,1,0,0,0,1,0,1,5,0,1.0000,-1,3,0,0,0,3
183.4204,1,0,0,0,1,0,1,5,0,1.0000,-1,3,0,0,0,3
183.4413,1,0,0,0,1,0,1,5,0,1.0000,-1,3,0,0,0,3
183.4632,1,0,0,0,1,0,0,-1,0,1.0000,5,4,0,0,0,4
183.4849,1,0,0,0,1,0,0,-1,0,1.0000,-1,4,0,0,0,4
183.5061,1,0,0,0,1,0,0,-1,0,1.0000,-1,4,0,0,0,4
183.5264,1,0,0,0,1,0,0,-1,0,1.0000,-1,4,0,0,0,4
183.5476,1,0,0,0,1,0,0,-1,0,1.0000,-1,4,0,0,0,4
183.5869,1,0,0,0,1,0,0,-1,0,1.0000,-1,4,0,0,0,4
183.6003,1,0,0,0,1,0,0,-1,0,1.0000,-1,4,0,0,0,4
183.6147,1,0,0,0,0,0,0,-1,0,1.0000,-1,4,0,0,0,4
183.6355,1,0,0,0,0,0,0,-1,1,2.0000,-1,4,0,0,0,4
183.6547,1,0,0,0,0,0,0,-1,0,2.0000,-1,4,0,0,0,4
183.6758,1,0,0,0,0,0,0,-1,0,2.0000,-1,4,0,0,0,4
183.6979,1,0,0,0,0,0,0,-1,0,2.0000,-1,4,0,0,0,4
183.7184,1,0,0,0,0,0,0,-1,0,2.0000,-1,4,0,0,0,4
183.7407,1,0,0,0,0,0,0,-1,0,2.0000,-1,4,0,0,0,4
183.7613,1,0,0,0,0,0,0,-1,0,2.0000,-1,4,0,0,0,4
183.8019,1,0,0,0,0,0,0,-1,0,2.0000,-1,4,0,0,0,4
183.8153,1,0,0,0,0,0,0,-1,0,2.0000,-1,4,0,0,0,4
183.8296,1,0,0,0,0,0,0,-1,0,2.0000,-1,4,0,0,0,4
183.8526,1,0,0,0,0,0,0,-1,0,2.0000,-1,4,0,0,0,4
183.8743,1,0,0,0,0,0,0,-1,0,2.0000,-1,4,0,0,0,4
183.8955,1,0,0,0,0,0,1,7,0,2.0000,-1,4,0,0,0,4
183.9175,1,0,0,0,0,0,1,7,0,2.0000,-1,4,0,0,0,4
183.9398,1,0,0,0,0,0,1,7,0,2.0000,-1,4,0,0,0,4
183.9622,1,0,0,0,0,0,1,7,0,2.0000,-1,4,0,0,0,4
183.9852,1,0,0,0,0,0,1,7,0,2.0000,-1,4,0,0,0,4
184.0066,1,0,0,0,0,0,1,7,0,2.0000,-1,4,0,0,0,4
184.0288,1,0,0,0,0,0,1,7,0,1.0000,-1,4,0,0,0,4
184.0492,1,0,0,0,0,0,1,7,0,1.0000,-1,4,0,0,0,4
184.0716,1,0,0,0,0,0,1,7,0,1.0000,-1,4,0,0,0,4
184.0934,1,0,0,0,0,0,1,7,0,1.0000,-1,4,0,0,0,4
184.1142,1,0,0,0,0,0,1,7,0,1.0000,-1,4,0,0,0,4
184.1358,1,0,0,0,0,0,1,7,0,1.0000,-1,4,0,0,0,4
184.1579,1,0,0,0,0,0,1,7,0,1.0000,-1,4,0,0,0,4
184.1795,1,0,0,0,0,0,1,7,0,1.0000,-1,4,0,0,0,4
184.2214,1,0,0,0,0,0,1,7,0,1.0000,-1,4,0,0,0,4
184.2363,1,0,0,0,0,0,1,7,0,1.0000,-1,4,0,0,0,4
184.2523,1,0,0,0,0,0,1,7,0,1.0000,-1,4,0,0,0,4
184.2716,1,0,0,0,0,0,1,7,0,1.0000,-1,4,0,0,0,4
184.2936,1,0,0,0,0,0,1,7,0,1.0000,-1,4,0,0,0,4
184.3135,1,0,0,0,0,0,0,-1,0,1.0000,7,5,0,0,0,5
184.3336,1,0,0,0,0,0,0,-1,0,1.0000,-1,5,0,0,0,5
184.3539,1,0,0,0,0,0,0,-1,0,1.0000,-1,5,0,0,0,5
184.3757,1,0,0,0,0,0,0,-1,0,1.0000,-1,5,0,0,0,5
184.3978,1,0,0,0,0,0,0,-1,0,1.0000,-1,5,0,0,0,5
184.4367,1,0,0,0,0,0,0,-1,0,1.0000,-1,5,0,0,0,5
184.4508,1,0,0,0,0,0,0,-1,0,1.0000,-1,5,0,0,0,5
184.4656,1,0,0,0,0,0,0,-1,0,1.0000,-1,5,0,0,0,5
184.4863,1,0,0,0,0,0,0,-1,0,1.0000,-1,5,0,0,0,5
184.509,1,0,0,0,0,0,0,-1,0,1.0000,-1,5,0,0,0,5
184.5295,1,0,0,0,0,0,0,-1,0,1.0000,-1,5,0,0,0,5
184.551,1,0,0,0,0,0,0,-1,0,1.0000,-1,5,0,0,0,5
184.5714,1,0,0,0,0,0,0,-1,0,1.0000,-1,5,0,0,0,5
184.5903,1,0,0,0,0,0,0,-1,0,1.0000,-1,5,0,0,0,5
184.6109,1,0,0,0,0,0,0,-1,0,1.0000,-1,5,0,0,0,5
184.6323,1,0,0,0,0,0,0,-1,0,1.0000,-1,5,0,0,0,5
184.6566,1,0,0,0,0,0,0,-1,0,0.0000,-1,5,0,0,0,5
184.6781,1,0,0,0,0,0,0,-1,0,0.0000,-1,5,0,0,0,5
184.7001,1,0,0,0,0,0,0,-1,0,0.0000,-1,5,0,0,0,5
184.7207,1,0,0,0,0,0,0,-1,0,0.0000,-1,5,0,0,0,5
184.7419,1,0,0,0,0,0,0,-1,0,0.0000,-1,5,0,0,0,5
184.7611,1,0,0,0,0,0,0,-1,0,0.0000,-1,5,0,0,0,5
184.7833,1,0,0,0,0,0,0,-1,1,1.0000,-1,5,0,0,0,5
184.8037,1,0,0,0,0,0,0,-1,0,1.0000,-1,5,0,0,0,5
184.8241,1,0,0,0,0,0,0,-1,0,1.0000,-1,5,0,0,0,5
184.8446,1,0,0,0,0,0,0,-1,0,1.0000,-1,5,0,0,0,5
184.8671,1,0,0,0,0,0,0,-1,0,1.0000,-1,5,0,0,0,5
184.8883,1,0,0,0,0,0,0,-1,0,1.0000,-1,5,0,0,0,5
184.9089,1,0,0,0,0,0,0,-1,0,1.0000,-1,5,0,0,0,5
184.9285,1,0,0,0,0,0,0,-1,0,1.0000,-1,5,0,0,0,5
184.9503,1,0,0,0,0,0,0,-1,0,1.0000,-1,5,0,0,0,5
184.9719,1,0,0,0,0,0,0,-1,0,1.0000,-1,5,0,0,0,5
184.9925,1,0,0,0,0,0,0,-1,0,1.0000,-1,5,0,0,0,5
185.0136,1,0,0,0,0,0,0,-1,0,1.0000,-1,5,0,0,0,5
185.0347,1,0,0,0,0,0,0,-1,0,1.0000,-1,5,0,0,0,5
185.0748,1,0,0,0,0,0,0,-1,0,1.0000,-1,5,0,0,0,5
185.0959,1,0,0,0,0,0,0,-1,0,1.0000,-1,5,0,0,0,5
185.1136,1,0,0,0,0,0,0,-1,0,1.0000,-1,5,0,0,0,5
185.131,1,0,0,0,0,0,0,-1,1,2.0000,-1,5,0,0,0,5
185.1479,1,0,0,0,0,0,0,-1,0,2.0000,-1,5,0,0,0,5
185.1651,1,0,0,0,0,0,0,-1,0,2.0000,-1,5,0,0,0,5
185.1837,1,0,0,0,0,0,0,-1,0,2.0000,-1,5,0,0,0,5
185.2445,1,0,0,0,0,0,0,-1,0,2.0000,-1,5,0,0,0,5
185.2685,1,0,0,0,0,0,1,9,0,2.0000,-1,5,0,0,0,5
185.2823,1,0,0,0,0,0,1,9,0,2.0000,-1,5,0,0,0,5
185.2968,1,0,0,0,0,0,1,9,0,2.0000,-1,5,0,0,0,5
185.3179,1,0,0,0,0,0,1,9,0,2.0000,-1,5,0,0,0,5
185.3379,1,0,0,0,0,0,1,9,0,2.0000,-1,5,0,0,0,5
185.358,1,0,0,0,0,0,1,9,0,2.0000,-1,5,0,0,0,5
185.3787,1,0,0,0,0,0,0,-1,0,2.0000,9,6,0,0,0,6
185.4001,1,0,0,0,0,0,0,-1,0,2.0000,-1,6,0,0,0,6
185.4206,1,0,0,0,0,0,0,-1,0,2.0000,-1,6,0,0,0,6
185.4434,1,0,0,0,0,0,0,-1,0,2.0000,-1,6,0,0,0,6
185.4642,1,0,0,0,0,0,0,-1,0,2.0000,-1,6,0,0,0,6
185.5055,1,0,0,0,0,0,0,-1,0,2.0000,-1,6,0,0,0,6
185.5186,1,0,0,0,0,0,0,-1,0,2.0000,-1,6,0,0,0,6
185.5318,1,0,0,0,0,0,0,-1,0,2.0000,-1,6,0,0,0,6
185.5521,1,0,0,0,0,0,0,-1,0,2.0000,-1,6,0,0,0,6
185.5743,1,0,0,0,0,0,0,-1,0,2.0000,-1,6,0,0,0,6
185.5963,1,0,0,0,0,0,0,-1,0,2.0000,-1,6,0,0,0,6
185.6167,1,0,0,0,0,0,0,-1,0,2.0000,-1,6,0,0,0,6
185.6369,1,0,0,0,0,0,0,-1,0,2.0000,-1,6,0,0,0,6
185.6569,1,0,0,0,0,0,0,-1,0,2.0000,-1,6,0,0,0,6
185.6782,1,0,0,0,0,0,0,-1,0,2.0000,-1,6,0,0,0,6
185.6999,1,0,0,0,0,0,0,-1,0,2.0000,-1,6,0,0,0,6
185.7192,1,0,0,0,0,0,0,-1,0,2.0000,-1,6,0,0,0,6
185.7411,1,0,0,0,0,0,0,-1,0,2.0000,-1,6,0,0,0,6
185.7632,1,0,0,0,0,0,0,-1,0,2.0000,-1,6,0,0,0,6
185.7836,1,0,0,0,0,0,0,-1,0,1.0000,-1,6,0,0,0,6
185.8044,1,0,0,0,0,0,0,-1,0,1.0000,-1,6,0,0,0,6
185.8241,1,0,0,0,0,0,0,-1,0,1.0000,-1,6,0,0,0,6
185.8454,1,0,0,0,0,0,0,-1,0,1.0000,-1,6,0,0,0,6
185.8666,1,0,0,0,0,0,0,-1,0,1.0000,-1,6,0,0,0,6
185.8873,1,0,0,0,0,0,0,-1,0,1.0000,-1,6,0,0,0,6
185.9088,1,0,0,0,0,0,0,-1,0,1.0000,-1,6,0,0,0,6
185.9304,1,0,0,0,0,0,0,-1,0,1.0000,-1,6,0,0,0,6
185.952,1,0,0,0,0,0,0,-1,0,1.0000,-1,6,0,0,0,6
185.9731,1,0,0,0,0,0,0,-1,0,1.0000,-1,6,0,0,0,6
185.994,1,0,0,0,0,0,0,-1,0,1.0000,-1,6,0,0,0,6
186.014,1,0,0,0,0,0,0,-1,0,1.0000,-1,6,0,0,0,6
186.0349,1,0,0,0,0,0,0,-1,0,1.0000,-1,6,0,0,0,6
186.056,1,0,0,0,0,0,0,-1,0,1.0000,-1,6,0,0,0,6
186.0762,1,0,0,0,0,0,0,-1,0,1.0000,-1,6,0,0,0,6
186.0979,1,0,0,0,0,0,0,-1,0,1.0000,-1,6,0,0,0,6
186.1192,1,0,0,0,0,0,0,-1,0,1.0000,-1,6,0,0,0,6
186.1405,1,0,0,0,0,0,0,-1,0,0.0000,-1,6,0,0,0,6
186.1615,1,0,0,0,0,0,0,-1,0,0.0000,-1,6,0,0,0,6
186.1812,1,0,0,0,0,0,0,-1,0,0.0000,-1,6,0,0,0,6
186.2017,1,0,0,0,0,0,0,-1,0,0.0000,-1,6,0,0,0,6
186.2219,1,0,0,0,0,0,0,-1,0,0.0000,-1,6,0,0,0,6
186.2429,1,0,0,0,0,0,0,-1,0,0.0000,-1,6,0,0,0,6
186.2655,1,0,0,0,0,0,0,-1,0,0.0000,-1,6,0,0,0,6
186.2862,1,0,0,0,0,0,0,-1,0,0.0000,-1,6,0,0,0,6
186.3073,1,0,0,0,0,0,0,-1,0,0.0000,-1,6,0,0,0,6
186.344,1,0,0,0,0,0,0,-1,0,0.0000,-1,6,0,0,0,6
186.3567,1,0,0,0,0,0,0,-1,0,0.0000,-1,6,0,0,0,6
186.3694,1,0,0,0,0,0,0,-1,0,0.0000,-1,6,0,0,0,6
186.3891,1,0,0,0,0,0,0,-1,0,0.0000,-1,6,0,0,0,6
186.4101,1,0,0,0,0,0,0,-1,0,0.0000,-1,6,0,0,0,6
186.4314,1,0,0,0,0,0,0,-1,0,0.0000,-1,6,0,0,0,6
186.4515,1,0,0,0,0,0,0,-1,0,0.0000,-1,6,0,0,0,6
186.4728,1,0,0,0,0,0,0,-1,0,0.0000,-1,6,0,0,0,6
186.4923,1,0,0,0,0,0,0,-1,0,0.0000,-1,6,0,0,0,6
186.5113,1,0,0,0,0,0,0,-1,0,0.0000,-1,6,0,0,0,6
186.5324,1,0,0,0,0,0,0,-1,0,0.0000,-1,6,0,0,0,6
186.5527,1,0,0,0,0,0,0,-1,0,0.0000,-1,6,0,0,0,6
186.5738,1,0,0,0,0,0,0,-1,0,0.0000,-1,6,0,0,0,6
186.5951,1,0,0,0,0,0,0,-1,0,0.0000,-1,6,0,0,0,6
186.6131,1,0,0,0,0,0,0,-1,0,0.0000,-1,6,0,0,0,6
186.6331,1,0,0,0,0,0,0,-1,0,0.0000,-1,6,0,0,0,6
186.6538,1,0,0,0,0,0,0,-1,0,0.0000,-1,6,0,0,0,6
186.675,1,0,0,0,0,0,0,-1,0,0.0000,-1,6,0,0,0,6
186.6957,1,0,0,0,0,0,0,-1,0,0.0000,-1,6,0,0,0,6
186.716,1,0,0,0,0,0,0,-1,0,0.0000,-1,6,0,0,0,6
186.7351,1,0,0,0,0,0,0,-1,0,0.0000,-1,6,0,0,0,6
186.756,1,0,0,0,0,0,0,-1,0,0.0000,-1,6,0,0,0,6
186.7755,1,0,0,0,0,0,0,-1,0,0.0000,-1,6,0,0,0,6
186.7964,1,0,0,0,0,0,0,-1,0,0.0000,-1,6,0,0,0,6
186.818,1,0,0,0,0,0,0,-1,0,0.0000,-1,6,0,0,0,6
186.8381,1,0,0,0,0,0,0,-1,0,0.0000,-1,6,0,0,0,6
186.8573,1,0,0,0,0,0,0,-1,0,0.0000,-1,6,0,0,0,6
186.8776,1,0,0,0,0,0,0,-1,0,0.0000,-1,6,0,0,0,6
186.898,1,0,0,0,0,0,0,-1,0,0.0000,-1,6,0,0,0,6
186.9193,1,0,0,0,0,0,0,-1,0,0.0000,-1,6,0,0,0,6
186.9576,1,0,0,0,0,0,0,-1,0,0.0000,-1,6,0,0,0,6
186.9712,1,0,0,0,0,0,0,-1,0,0.0000,-1,6,0,0,0,6
186.9872,1,0,0,0,0,0,0,-1,0,0.0000,-1,6,0,0,0,6
187.0079,1,0,0,0,0,0,0,-1,0,0.0000,-1,6,0,0,0,6
187.0297,1,0,0,0,0,0,0,-1,0,0.0000,-1,6,0,0,0,6
187.05,1,0,0,0,0,0,0,-1,0,0.0000,-1,6,0,0,0,6
187.0701,1,0,0,0,0,0,0,-1,0,0.0000,-1,6,0,0,0,6
187.091,1,0,0,0,0,0,0,-1,0,0.0000,-1,6,0,0,0,6
187.1107,1,0,0,0,0,0,0,-1,0,0.0000,-1,6,0,0,0,6
187.1317,1,0,0,0,0,0,0,-1,0,0.0000,-1,6,0,0,0,6
187.154,1,0,0,0,0,0,0,-1,0,0.0000,-1,6,0,0,0,6
187.1755,1,0,0,0,0,0,0,-1,0,0.0000,-1,6,0,0,0,6
187.1958,1,0,0,0,0,0,0,-1,0,0.0000,-1,6,0,0,0,6
187.2163,1,0,0,0,0,0,0,-1,0,0.0000,-1,6,0,0,0,6
187.2359,1,0,0,0,0,0,0,-1,0,0.0000,-1,6,0,0,0,6
187.2565,1,0,0,0,0,0,0,-1,0,0.0000,-1,6,0,0,0,6
187.2777,1,0,0,0,0,0,0,-1,0,0.0000,-1,6,0,0,0,6
187.2986,1,0,0,0,0,0,0,-1,0,0.0000,-1,6,0,0,0,6
187.3188,1,0,0,0,0,0,0,-1,0,0.0000,-1,6,0,0,0,6
187.34,1,0,0,0,0,0,0,-1,0,0.0000,-1,6,0,0,0,6
187.3605,1,0,0,0,0,0,0,-1,0,0.0000,-1,6,0,0,0,6
187.3783,1,0,0,0,0,0,0,-1,0,0.0000,-1,6,0,0,0,6
187.3995,1,0,0,0,0,0,0,-1,0,0.0000,-1,6,0,0,0,6
187.4205,1,0,0,0,0,0,0,-1,0,0.0000,-1,6,0,0,0,6
187.4406,1,0,0,0,0,0,0,-1,0,0.0000,-1,6,0,0,0,6
187.4618,1,0,0,0,0,0,0,-1,0,0.0000,-1,6,0,0,0,6
187.4818,1,0,0,0,0,0,0,-1,0,0.0000,-1,6,0,0,0,6
187.5009,1,0,0,0,0,0,0,-1,0,0.0000,-1,6,0,0,0,6
187.521,1,0,0,0,0,0,0,-1,0,0.0000,-1,6,0,0,0,6
187.5411,1,0,0,0,0,0,0,-1,0,0.0000,-1,6,0,0,0,6
187.5861,1,0,0,0,0,0,0,-1,0,0.0000,-1,6,0,0,0,6
187.5996,1,0,0,0,0,0,0,-1,0,0.0000,-1,6,0,0,0,6
187.6128,1,0,0,0,0,0,0,-1,0,0.0000,-1,6,0,0,0,6
187.631,1,0,0,0,0,0,0,-1,0,0.0000,-1,6,0,0,0,6
187.6512,1,0,0,0,0,0,0,-1,0,0.0000,-1,6,0,0,0,6
187.6708,1,0,0,0,0,0,0,-1,0,0.0000,-1,6,0,0,0,6
187.6878,1,0,0,0,0,0,0,-1,0,0.0000,-1,6,0,0,0,6
187.7097,1,0,0,0,0,0,0,-1,0,0.0000,-1,6,0,0,0,6
187.7287,1,0,0,0,0,0,0,-1,0,0.0000,-1,6,0,0,0,6
187.7496,1,0,0,0,0,0,0,-1,0,0.0000,-1,6,0,0,0,6
187.7672,1,0,0,0,0,0,0,-1,0,0.0000,-1,6,0,0,0,6
187.7881,1,0,0,0,0,0,0,-1,0,0.0000,-1,6,0,0,0,6
187.808,1,0,0,0,0,0,0,-1,0,0.0000,-1,6,0,0,0,6
187.829,1,0,0,0,0,0,0,-1,0,0.0000,-1,6,0,0,0,6
187.8495,1,0,0,0,0,0,0,-1,0,0.0000,-1,6,0,0,0,6
187.8684,1,0,0,0,0,0,0,-1,0,0.0000,-1,6,0,0,0,6
187.8877,1,0,0,0,0,0,0,-1,0,0.0000,-1,6,0,0,0,6
187.9077,1,0,0,0,0,0,0,-1,0,0.0000,-1,6,0,0,0,6
187.9296,1,0,0,0,0,0,0,-1,0,0.0000,-1,6,0,0,0,6
187.9486,1,0,0,0,0,0,0,-1,0,0.0000,-1,6,0,0,0,6
187.9665,1,0,0,0,0,0,0,-1,0,0.0000,-1,6,0,0,0,6
187.9874,1,0,0,0,0,0,0,-1,0,0.0000,-1,6,0,0,0,6
188.0074,1,0,0,0,0,0,0,-1,0,0.0000,-1,6,0,0,0,6
188.0287,1,0,0,0,0,0,0,-1,0,0.0000,-1,6,0,0,0,6
188.0462,1,0,0,0,0,0,0,-1,0,0.0000,-1,6,0,0,0,6
188.0667,1,0,0,0,0,0,0,-1,0,0.0000,-1,6,0,0,0,6
188.0864,1,0,0,0,0,0,0,-1,0,0.0000,-1,6,0,0,0,6
188.1068,1,0,0,0,0,0,0,-1,0,0.0000,-1,6,0,0,0,6
188.1275,1,0,0,0,0,0,0,-1,0,0.0000,-1,6,0,0,0,6
188.1457,1,0,0,0,0,0,0,-1,0,0.0000,-1,6,0,0,0,6
188.166,1,0,0,0,0,0,0,-1,0,0.0000,-1,6,0,0,0,6
188.1866,1,0,0,0,0,0,0,-1,0,0.0000,-1,6,0,0,0,6
188.2071,1,0,0,0,0,0,0,-1,0,0.0000,-1,6,0,0,0,6
188.2264,1,0,0,0,0,0,0,-1,0,0.0000,-1,6,0,0,0,6
188.2448,1,0,0,0,0,0,0,-1,0,0.0000,-1,6,0,0,0,6
188.2651,1,0,0,0,0,0,0,-1,0,0.0000,-1,6,0,0,0,6
188.2859,1,0,0,0,0,0,0,-1,0,0.0000,-1,6,0,0,0,6
188.3055,1,0,0,0,0,0,0,-1,0,0.0000,-1,6,0,0,0,6
188.3247,1,0,0,0,0,0,0,-1,0,0.0000,-1,6,0,0,0,6
188.3441,1,0,0,0,0,0,0,-1,0,0.0000,-1,6,0,0,0,6
188.3637,1,0,0,0,0,0,0,-1,0,0.0000,-1,6,0,0,0,6
188.385,1,0,0,0,0,0,1,14,0,0.0000,-1,6,0,0,0,6
188.4047,1,0,0,0,0,0,1,14,0,0.0000,-1,6,0,0,0,6
188.4412,1,0,0,0,0,0,1,14,0,0.0000,-1,6,0,0,0,6
188.4542,1,0,0,0,0,0,1,14,0,0.0000,-1,6,0,0,0,6
188.4672,1,0,0,0,0,0,1,14,0,0.0000,-1,6,0,0,0,6
188.4874,1,0,0,0,0,0,1,14,0,0.0000,-1,6,0,0,0,6
188.5079,1,0,0,0,0,0,1,14,0,0.0000,-1,6,0,0,0,6
188.529,1,0,0,0,0,0,1,14,0,0.0000,-1,6,0,0,0,6
188.549,1,0,0,0,0,0,1,14,0,0.0000,-1,6,0,0,0,6
188.5679,1,0,0,0,0,0,1,14,0,0.0000,-1,6,0,0,0,6
188.5882,1,0,0,0,0,0,1,14,0,0.0000,-1,6,0,0,0,6
188.6084,1,0,0,0,0,0,1,14,0,0.0000,-1,6,0,0,0,6
188.6294,1,0,0,0,0,0,1,14,0,0.0000,-1,6,0,0,0,6
188.6497,1,0,0,0,0,0,1,14,0,0.0000,-1,6,0,0,0,6
188.669,1,0,0,0,0,0,1,14,0,0.0000,-1,6,0,0,0,6
188.6881,1,0,0,0,0,0,1,14,0,0.0000,-1,6,0,0,0,6
188.7085,1,0,0,0,0,0,1,14,0,0.0000,-1,6,0,0,0,6
188.7297,1,0,0,0,0,0,1,14,0,0.0000,-1,6,0,0,0,6
188.7498,1,0,0,0,0,0,1,14,0,0.0000,-1,6,0,0,0,6
188.7672,1,0,0,0,0,0,1,14,0,0.0000,-1,6,0,0,0,6
188.7877,1,0,0,0,0,0,1,14,0,0.0000,-1,6,0,0,0,6
188.8083,1,0,0,0,0,0,1,14,0,0.0000,-1,6,0,0,0,6
188.8291,1,0,0,0,0,0,1,14,0,0.0000,-1,6,0,0,0,6
188.8486,1,0,0,0,0,0,1,14,0,0.0000,-1,6,0,0,0,6
188.8683,1,0,0,0,0,0,1,14,0,0.0000,-1,6,0,0,0,6
188.8881,1,0,0,0,0,0,1,14,0,0.0000,-1,6,0,0,0,6
188.9088,1,0,0,0,0,0,1,14,0,0.0000,-1,6,0,0,0,6
188.9298,1,0,0,0,0,0,1,14,0,0.0000,-1,6,0,0,0,6
188.949,1,0,0,0,0,0,1,14,0,0.0000,-1,6,0,0,0,6
188.9683,1,0,0,0,0,0,1,14,0,0.0000,-1,6,0,0,0,6
188.9889,1,0,0,0,0,0,1,14,0,0.0000,-1,6,0,0,0,6
189.0093,1,0,0,0,0,0,1,14,1,1.0000,-1,6,0,0,0,6
189.0309,1,0,0,0,0,0,0,-1,0,1.0000,-1,6,0,0,0,6
189.0514,1,0,0,0,0,0,0,-1,0,1.0000,-1,6,0,0,0,6
189.0704,1,0,0,0,0,0,1,11,0,1.0000,-1,6,0,0,0,6
189.0896,1,0,0,0,0,0,1,11,0,1.0000,-1,6,0,0,0,6
189.1103,1,0,0,0,0,0,1,11,0,1.0000,-1,6,0,0,0,6
189.1306,1,0,0,0,0,0,1,11,0,1.0000,-1,6,0,0,0,6
189.1509,1,0,0,0,0,0,1,11,0,1.0000,-1,6,0,0,0,6
189.1717,1,0,0,0,0,0,1,11,0,1.0000,-1,6,0,0,0,6
189.1919,1,0,0,0,0,0,0,-1,0,1.0000,-1,6,0,0,0,6
189.2101,1,0,0,0,0,0,0,-1,0,1.0000,-1,6,0,0,0,6
189.2303,1,0,0,0,0,0,0,-1,0,1.0000,-1,6,0,0,0,6
189.252,1,0,0,0,0,0,0,-1,0,1.0000,-1,6,0,0,0,6
189.2719,1,0,0,0,0,0,0,-1,0,1.0000,-1,6,0,0,0,6
189.2893,1,0,0,0,0,0,0,-1,0,1.0000,-1,6,0,0,0,6
189.3101,1,0,0,0,0,0,0,-1,0,1.0000,-1,6,0,0,0,6
189.3296,1,0,0,0,0,0,0,-1,0,1.0000,-1,6,0,0,0,6
189.3511,1,0,0,0,0,0,0,-1,0,1.0000,-1,6,0,0,0,6
189.3691,1,0,0,0,0,0,0,-1,0,1.0000,-1,6,0,0,0,6
189.3885,1,0,0,0,0,0,0,-1,0,1.0000,-1,6,0,0,0,6
189.4081,1,0,0,0,0,0,0,-1,0,1.0000,-1,6,0,0,0,6
189.4288,1,0,0,0,0,0,0,-1,0,1.0000,-1,6,0,0,0,6
189.4482,1,0,0,0,0,0,0,-1,0,1.0000,-1,6,0,0,0,6
189.466,1,0,0,0,0,0,0,-1,0,1.0000,-1,6,0,0,0,6
189.4856,1,0,0,0,0,0,0,-1,0,1.0000,-1,6,0,0,0,6
189.5063,1,0,0,0,0,0,0,-1,0,1.0000,-1,6,0,0,0,6
189.5254,1,0,0,0,0,0,0,-1,0,1.0000,-1,6,0,0,0,6
189.5442,1,0,0,0,0,0,0,-1,0,1.0000,-1,6,0,0,0,6
189.563,1,0,0,0,0,0,0,-1,0,1.0000,-1,6,0,0,0,6
189.5839,1,0,0,0,0,0,0,-1,0,1.0000,-1,6,0,0,0,6
189.6038,1,0,0,0,0,0,0,-1,0,1.0000,-1,6,0,0,0,6
189.6225,1,0,0,0,0,0,0,-1,0,1.0000,-1,6,0,0,0,6
189.6408,1,0,0,0,0,0,0,-1,0,1.0000,-1,6,0,0,0,6
189.6615,1,0,0,0,0,0,0,-1,0,1.0000,-1,6,0,0,0,6
189.6819,1,0,0,0,0,0,0,-1,0,1.0000,-1,6,0,0,0,6
189.7184,1,0,0,0,0,0,0,-1,0,1.0000,-1,6,0,0,0,6
189.7314,1,0,0,0,0,0,0,-1,0,1.0000,-1,6,0,0,0,6
189.7453,1,0,0,0,0,0,0,-1,0,1.0000,-1,6,0,0,0,6
189.7614,1,0,0,0,0,0,0,-1,0,1.0000,-1,6,0,0,0,6
189.7812,1,0,0,0,0,0,0,-1,0,1.0000,-1,6,0,0,0,6
189.8004,1,0,0,0,0,0,0,-1,0,1.0000,-1,6,0,0,0,6
189.8198,1,0,0,0,0,0,0,-1,0,1.0000,-1,6,0,0,0,6
189.8393,1,0,0,0,0,0,0,-1,0,1.0000,-1,6,0,0,0,6
189.8598,1,0,0,0,0,0,0,-1,0,1.0000,-1,6,0,0,0,6
189.8783,1,0,0,0,0,0,0,-1,0,1.0000,-1,6,0,0,0,6
189.8975,1,0,0,0,0,0,0,-1,0,1.0000,-1,6,0,0,0,6
189.9339,1,0,0,0,0,0,0,-1,0,1.0000,-1,6,0,0,0,6
189.9466,1,0,0,0,0,0,0,-1,0,1.0000,-1,6,0,0,0,6
189.9595,1,0,0,0,0,0,0,-1,0,1.0000,-1,6,0,0,0,6
189.9801,1,0,0,0,0,0,0,-1,0,1.0000,-1,6,0,0,0,6
189.9987,1,0,0,0,0,0,0,-1,0,1.0000,-1,6,0,0,0,6
190.0176,1,0,0,0,0,0,0,-1,0,0.0000,-1,6,0,0,0,6
190.0387,1,0,0,0,0,0,0,-1,0,0.0000,-1,6,0,0,0,6
190.0579,1,0,0,0,0,0,0,-1,0,0.0000,-1,6,0,0,0,6
190.0768,1,0,0,0,0,0,0,-1,0,0.0000,-1,6,0,0,0,6
190.0966,1,0,0,0,0,0,0,-1,0,0.0000,-1,6,0,0,0,6
190.1176,1,0,0,0,0,0,0,-1,0,0.0000,-1,6,0,0,0,6
190.1547,1,0,0,0,0,0,0,-1,0,0.0000,-1,6,0,0,0,6
190.1684,1,0,0,0,0,0,0,-1,0,0.0000,-1,6,0,0,0,6
190.1813,1,0,0,0,0,0,0,-1,0,0.0000,-1,6,0,0,0,6
190.1995,1,0,0,0,0,0,0,-1,0,0.0000,-1,6,0,0,0,6
190.2178,1,0,0,0,0,0,0,-1,0,0.0000,-1,6,0,0,0,6
190.2385,1,0,0,0,0,0,0,-1,0,0.0000,-1,6,0,0,0,6
190.2588,1,0,0,0,0,0,0,-1,1,1.0000,-1,6,0,0,0,6
190.2774,1,0,0,0,0,0,0,-1,0,1.0000,-1,6,0,0,0,6
190.2962,1,0,0,0,0,0,0,-1,0,1.0000,-1,6,0,0,0,6
190.3171,1,0,0,0,0,0,0,-1,0,1.0000,-1,6,0,0,0,6
190.3368,1,0,0,0,0,0,0,-1,0,1.0000,-1,6,0,0,0,6
190.3558,1,0,0,0,0,0,0,-1,0,1.0000,-1,6,0,0,0,6
190.3752,1,0,0,0,0,0,0,-1,0,1.0000,-1,6,0,0,0,6
190.3953,1,0,0,0,0,0,0,-1,0,1.0000,-1,6,0,0,0,6
190.4161,1,0,0,0,0,0,0,-1,0,1.0000,-1,6,0,0,0,6
190.4351,1,0,0,0,0,0,0,-1,0,1.0000,-1,6,0,0,0,6
190.4552,1,0,0,0,0,0,0,-1,0,1.0000,-1,6,0,0,0,6
190.4745,1,0,0,0,0,0,0,-1,0,1.0000,-1,6,0,0,0,6
190.4955,1,0,0,0,0,0,0,-1,0,1.0000,-1,6,0,0,0,6
190.5152,1,0,0,0,0,0,0,-1,1,2.0000,-1,6,0,0,0,6
190.5343,1,0,0,0,0,0,0,-1,0,2.0000,-1,6,0,0,0,6
190.5524,1,0,0,0,0,0,0,-1,0,2.0000,-1,6,0,0,0,6
190.5728,1,0,0,0,0,0,1,18,0,2.0000,-1,6,0,0,0,6
190.5919,1,0,0,0,0,0,1,18,0,2.0000,-1,6,0,0,0,6
190.6111,1,0,0,0,0,0,1,18,0,2.0000,-1,6,0,0,0,6
190.631,1,0,0,0,0,0,1,18,0,2.0000,-1,6,0,0,0,6
190.6504,1,0,0,0,0,0,1,18,0,2.0000,-1,6,0,0,0,6
190.6705,1,0,0,0,0,0,1,18,0,2.0000,-1,6,0,0,0,6
190.6903,1,0,0,0,0,0,1,18,0,2.0000,-1,6,0,0,0,6
190.7107,1,0,0,0,0,0,1,18,0,2.0000,-1,6,0,0,0,6
190.7284,1,0,0,0,0,0,1,18,0,2.0000,-1,6,0,0,0,6
190.7491,1,0,0,0,0,0,1,18,0,2.0000,-1,6,0,0,0,6
190.7688,1,0,0,0,0,0,1,18,0,2.0000,-1,6,0,0,0,6
190.788,1,0,0,0,0,0,1,18,0,2.0000,-1,6,0,0,0,6
190.8069,1,0,0,0,0,0,1,18,0,2.0000,-1,6,0,0,0,6
190.8272,1,0,0,0,0,0,1,18,0,2.0000,-1,6,0,0,0,6
190.8467,1,0,0,0,0,0,1,18,0,2.0000,-1,6,0,0,0,6
190.8663,1,0,0,0,0,0,1,18,0,2.0000,-1,6,0,0,0,6
190.8851,1,0,0,0,0,0,1,18,0,2.0000,-1,6,0,0,0,6
190.9053,1,0,0,0,0,0,1,18,0,2.0000,-1,6,0,0,0,6
190.9239,1,0,0,0,0,0,1,18,0,2.0000,-1,6,0,0,0,6
190.9441,1,0,0,0,0,0,1,18,0,2.0000,-1,6,0,0,0,6
190.962,1,0,0,0,0,0,1,18,0,2.0000,-1,6,0,0,0,6
190.9814,1,0,0,0,0,0,1,18,0,2.0000,-1,6,0,0,0,6
190.9997,1,0,0,0,0,0,1,18,0,2.0000,-1,6,0,0,0,6
191.0191,1,0,0,0,0,0,0,-1,0,2.0000,18,7,0,0,0,7
191.0397,1,0,0,0,0,0,0,-1,0,2.0000,-1,7,0,0,0,7
191.0577,1,0,0,0,0,0,0,-1,0,2.0000,-1,7,0,0,0,7
191.0774,1,0,0,0,0,0,0,-1,0,2.0000,-1,7,0,0,0,7
191.0964,1,0,0,0,0,0,0,-1,0,2.0000,-1,7,0,0,0,7
191.1172,1,0,0,0,0,0,0,-1,0,2.0000,-1,7,0,0,0,7
191.1362,1,0,0,0,0,0,0,-1,0,2.0000,-1,7,0,0,0,7
191.1554,1,0,0,0,0,0,0,-1,0,2.0000,-1,7,0,0,0,7
191.175,1,0,0,0,0,0,0,-1,0,2.0000,-1,7,0,0,0,7
191.194,1,0,0,0,0,0,0,-1,0,2.0000,-1,7,0,0,0,7
191.2314,1,0,0,0,0,0,0,-1,0,2.0000,-1,7,0,0,0,7
191.244,1,0,0,1,0,0,0,-1,0,2.0000,-1,7,0,0,0,7
191.2588,1,0,0,1,0,0,0,-1,0,1.0000,-1,7,0,0,0,7
191.2746,1,0,0,1,0,0,0,-1,0,1.0000,-1,7,0,0,0,7
191.295,1,0,0,1,0,0,0,-1,0,1.0000,-1,7,0,0,0,7
191.3163,1,0,0,1,0,0,0,-1,0,1.0000,-1,7,0,0,0,7
191.3353,1,0,0,1,0,0,0,-1,0,1.0000,-1,7,0,0,0,7
191.3541,1,0,0,1,0,0,0,-1,0,1.0000,-1,7,0,0,0,7
191.3721,1,0,0,1,0,0,0,-1,0,1.0000,-1,7,0,0,0,7
191.3933,1,0,0,1,0,0,0,-1,0,1.0000,-1,7,0,0,0,7
191.4114,1,0,0,1,0,0,0,-1,0,1.0000,-1,7,0,0,0,7
191.4473,1,0,0,1,0,0,0,-1,0,1.0000,-1,7,0,0,0,7
191.4599,1,0,0,1,0,0,0,-1,0,1.0000,-1,7,0,0,0,7
191.4722,1,0,0,1,0,0,1,21,0,1.0000,-1,7,0,0,0,7
191.492,1,0,0,1,0,0,1,21,0,1.0000,-1,7,0,0,0,7
191.5109,1,0,0,1,0,0,1,21,0,1.0000,-1,7,0,0,0,7
191.5294,1,0,0,1,0,0,1,21,0,0.0000,-1,7,0,0,0,7
191.5497,1,0,0,1,0,0,1,21,0,0.0000,-1,7,0,0,0,7
191.5684,1,0,0,1,0,0,1,21,0,0.0000,-1,7,0,0,0,7
191.5869,1,0,0,1,0,0,1,21,0,0.0000,-1,7,0,0,0,7
191.6056,1,0,0,0,0,0,1,21,0,0.0000,-1,7,0,0,0,7
191.627,1,0,0,0,0,0,1,21,0,0.0000,-1,7,0,0,0,7
191.6625,1,0,0,0,0,0,1,21,1,1.0000,-1,7,0,0,0,7
191.6765,1,0,0,0,0,0,1,21,0,1.0000,-1,7,0,0,0,7
191.69,1,0,0,0,0,0,0,-1,0,1.0000,-1,7,0,0,0,7
191.7066,1,0,0,0,0,0,0,-1,0,1.0000,-1,7,0,0,0,7
191.7261,1,0,0,0,0,0,0,-1,0,1.0000,-1,7,0,0,0,7
191.744,1,0,0,0,0,0,0,-1,0,1.0000,-1,7,0,0,0,7
191.7621,1,0,0,0,0,0,0,-1,0,1.0000,-1,7,0,0,0,7
191.7829,1,0,0,0,0,0,0,-1,0,1.0000,-1,7,0,0,0,7
191.8005,1,0,0,0,0,0,0,-1,0,1.0000,-1,7,0,0,0,7
191.8192,1,0,0,0,0,0,0,-1,0,1.0000,-1,7,0,0,0,7
191.8389,1,0,0,0,0,0,0,-1,0,1.0000,-1,7,0,0,0,7
191.8591,1,0,0,0,0,0,0,-1,0,1.0000,-1,7,0,0,0,7
191.8775,1,0,0,0,0,0,0,-1,0,1.0000,-1,7,0,0,0,7
191.8957,1,0,0,0,0,0,0,-1,0,1.0000,-1,7,0,0,0,7
191.9162,1,0,0,0,0,0,0,-1,0,1.0000,-1,7,0,0,0,7
191.9344,1,0,0,0,0,0,0,-1,0,1.0000,-1,7,0,0,0,7
191.9541,1,0,0,0,0,0,1,19,0,1.0000,-1,7,0,0,0,7
191.972,1,0,0,0,0,0,1,19,0,1.0000,-1,7,0,0,0,7
191.992,1,0,0,0,1,0,1,19,0,1.0000,-1,7,0,0,0,7
192.0105,1,0,0,0,1,0,1,19,0,1.0000,-1,7,0,0,0,7
192.0302,1,0,0,0,1,0,1,19,0,1.0000,-1,7,0,0,0,7
192.05,1,0,0,0,1,0,1,19,0,1.0000,-1,7,0,0,0,7
192.069,1,0,0,0,1,0,1,19,0,1.0000,-1,7,0,0,0,7
192.0881,1,0,0,0,1,0,1,19,0,1.0000,-1,7,0,0,0,7
192.1084,1,0,0,0,1,0,1,19,0,1.0000,-1,7,0,0,0,7
192.1285,1,0,0,0,1,0,1,19,0,1.0000,-1,7,0,0,0,7
192.1483,1,0,0,0,1,0,1,19,0,1.0000,-1,7,0,0,0,7
192.1701,1,0,0,0,1,0,1,19,0,1.0000,-1,7,0,0,0,7
192.189,1,0,0,0,1,0,0,-1,0,1.0000,19,8,0,0,0,8
192.208,1,0,0,0,1,0,0,-1,0,1.0000,-1,8,0,0,0,8
192.2305,1,0,0,0,1,0,0,-1,0,1.0000,-1,8,0,0,0,8
192.249,1,0,0,0,1,0,0,-1,0,1.0000,-1,8,0,0,0,8
192.2703,1,0,0,0,1,0,0,-1,0,1.0000,-1,8,0,0,0,8
192.3093,1,0,0,0,1,0,0,-1,0,1.0000,-1,8,0,0,0,8
192.324,1,0,0,0,1,0,0,-1,0,1.0000,-1,8,0,0,0,8
192.34,1,0,0,0,1,0,0,-1,0,1.0000,-1,8,0,0,0,8
192.3604,1,0,0,0,1,0,0,-1,0,1.0000,-1,8,0,0,0,8
192.3816,1,0,0,0,1,0,0,-1,0,1.0000,-1,8,0,0,0,8
192.4011,1,0,0,0,1,0,0,-1,0,1.0000,-1,8,0,0,0,8
192.4215,1,0,0,0,1,0,0,-1,0,1.0000,-1,8,0,0,0,8
192.4441,1,0,0,0,1,0,1,20,0,1.0000,-1,8,0,0,0,8
192.4631,1,0,0,0,1,0,1,20,1,2.0000,-1,8,0,0,0,8
192.4851,1,0,0,0,1,0,1,20,0,2.0000,-1,8,0,0,0,8
192.5066,1,0,0,0,1,0,0,-1,0,2.0000,-1,8,0,0,0,8
192.527,1,0,0,0,1,0,0,-1,0,2.0000,-1,8,0,0,0,8
192.5477,1,0,0,0,1,0,0,-1,0,2.0000,-1,8,0,0,0,8
192.5686,3,1,1,0,0,0,0,-1,0,2.0000,-1,8,0,0,0,8
192.5993,3,0,1,0,0,0,0,-1,0,2.0000,-1,8,0,0,0,8
192.6143,3,0,1,0,0,0,0,-1,0,2.0000,-1,8,0,0,0,8
192.6322,3,0,1,0,0,0,0,-1,0,2.0000,-1,8,0,0,0,8
192.6529,3,0,1,0,0,0,0,-1,0,2.0000,-1,8,0,0,0,8
192.6739,3,0,1,0,0,0,0,-1,0,1.0000,-1,8,0,0,0,8
192.6949,3,0,1,0,0,0,0,-1,0,1.0000,-1,8,0,0,0,8
192.7341,3,0,1,0,0,0,0,-1,0,1.0000,-1,8,0,0,0,8
192.7481,3,0,1,0,0,0,0,-1,0,1.0000,-1,8,0,0,0,8
192.7626,3,0,1,0,0,0,0,-1,0,1.0000,-1,8,0,0,0,8
192.7813,3,0,1,0,0,0,0,-1,0,1.0000,-1,8,0,0,0,8
192.8017,3,0,1,0,0,0,0,-1,0,1.0000,-1,8,0,0,0,8
192.822,3,0,1,0,0,0,0,-1,0,1.0000,-1,8,0,0,0,8
192.8435,3,0,1,0,0,0,0,-1,0,1.0000,-1,8,0,0,0,8
192.8646,3,0,1,0,0,0,0,-1,0,1.0000,-1,8,0,0,0,8
192.8838,3,0,1,0,0,0,0,-1,0,1.0000,-1,8,0,0,0,8
192.9051,3,0,1,0,0,0,0,-1,0,1.0000,-1,8,0,0,0,8
192.9264,3,0,1,0,0,0,0,-1,0,1.0000,-1,8,0,0,0,8
192.9454,3,0,1,0,0,0,0,-1,0,1.0000,-1,8,0,0,0,8
192.9669,3,0,1,0,0,0,0,-1,0,1.0000,-1,8,0,0,0,8
192.9866,3,0,1,0,0,0,0,-1,0,1.0000,-1,8,0,0,0,8
193.007,3,0,1,0,0,0,0,-1,0,1.0000,-1,8,0,0,0,8
193.0289,3,0,1,0,0,0,0,-1,0,1.0000,-1,8,0,0,0,8
193.0475,3,0,1,0,0,0,0,-1,0,1.0000,-1,8,0,0,0,8
193.0688,3,0,1,0,0,0,0,-1,0,1.0000,-1,8,0,0,0,8
193.0872,3,0,1,0,0,0,0,-1,0,1.0000,-1,8,0,0,0,8
193.1078,3,0,1,0,0,0,0,-1,0,1.0000,-1,8,0,0,0,8
193.1284,3,0,1,0,0,0,0,-1,0,1.0000,-1,8,0,0,0,8
193.1461,3,0,1,0,0,0,0,-1,0,1.0000,-1,8,0,0,0,8
193.167,3,0,1,0,0,0,0,-1,0,1.0000,-1,8,0,0,0,8
193.187,3,0,1,0,0,0,0,-1,0,1.0000,-1,8,0,0,0,8
193.2085,3,0,1,0,0,0,0,-1,0,1.0000,-1,8,0,0,0,8
193.2267,3,0,1,0,0,0,0,-1,0,1.0000,-1,8,0,0,0,8
193.2468,3,0,1,0,0,0,0,-1,0,1.0000,-1,8,0,0,0,8
193.2664,3,0,1,0,0,0,0,-1,0,1.0000,-1,8,0,0,0,8
193.287,3,0,1,0,0,0,1,23,0,1.0000,-1,8,0,0,0,8
193.3075,3,0,1,0,0,0,1,23,0,1.0000,-1,8,0,0,0,8
193.3275,3,0,1,0,0,0,1,23,0,1.0000,-1,8,0,0,0,8
193.3649,3,0,1,0,0,0,1,23,0,1.0000,-1,8,0,0,0,8
193.3781,3,0,1,0,0,0,1,23,0,1.0000,-1,8,0,0,0,8
193.391,3,0,1,0,0,0,1,23,0,1.0000,-1,8,0,0,0,8
193.411,3,0,1,0,0,0,1,23,0,1.0000,-1,8,0,0,0,8
193.4307,3,0,1,0,0,0,1,23,0,1.0000,-1,8,0,0,0,8
193.4523,3,0,1,0,0,0,1,23,0,1.0000,-1,8,0,0,0,8
193.4708,3,0,1,0,0,0,1,23,0,0.0000,-1,8,0,0,0,8
193.4918,3,0,1,0,0,0,1,23,0,0.0000,-1,8,0,0,0,8
193.5112,3,0,1,0,0,0,1,23,0,0.0000,-1,8,0,0,0,8
193.532,3,0,1,0,0,0,1,23,0,0.0000,-1,8,0,0,0,8
193.5713,3,0,1,0,0,0,1,23,0,0.0000,-1,8,0,0,0,8
193.5845,3,0,1,0,0,0,1,23,0,0.0000,-1,8,0,0,0,8
193.5993,3,0,1,0,0,0,1,23,0,0.0000,-1,8,0,0,0,8
193.6199,3,0,1,0,0,0,1,23,0,0.0000,-1,8,0,0,0,8
193.6404,3,0,1,0,0,0,1,23,0,0.0000,-1,8,0,0,0,8
193.6606,3,0,1,0,0,0,1,23,0,0.0000,-1,8,0,0,0,8
193.6814,3,0,1,0,0,0,1,23,0,0.0000,-1,8,0,0,0,8
193.7009,3,0,1,0,0,0,1,23,0,0.0000,-1,8,0,0,0,8
193.7229,3,0,1,0,0,0,1,23,0,0.0000,-1,8,0,0,0,8
193.7425,3,0,1,0,0,0,1,23,0,0.0000,-1,8,0,0,0,8
193.7812,3,0,1,0,0,0,1,23,0,0.0000,-1,8,0,0,0,8
193.795,3,0,1,0,0,0,1,23,0,0.0000,-1,8,0,0,0,8
193.8088,3,0,1,0,0,0,1,23,0,0.0000,-1,8,0,0,0,8
193.8305,3,0,1,0,0,0,1,23,0,0.0000,-1,8,0,0,0,8
193.8502,3,0,1,0,0,0,1,23,0,0.0000,-1,8,0,0,0,8
193.8701,3,0,1,0,0,0,1,23,0,0.0000,-1,8,0,0,0,8
193.8898,3,0,1,0,0,0,1,23,0,0.0000,-1,8,0,0,0,8
193.91,3,0,1,0,0,0,1,23,0,0.0000,-1,8,0,0,0,8
193.9307,3,0,1,0,0,0,1,23,0,0.0000,-1,8,0,0,0,8
193.9517,3,0,1,0,0,0,1,23,0,0.0000,-1,8,0,0,0,8
193.9719,3,0,1,0,0,0,1,23,0,0.0000,-1,8,0,0,0,8
193.9907,3,0,1,0,0,0,0,-1,0,0.0000,23,8,0,1,0,9
194.0114,3,0,1,0,0,0,0,-1,0,0.0000,-1,8,0,1,0,9
194.0314,3,0,1,0,0,0,0,-1,0,0.0000,-1,8,0,1,0,9
194.0518,3,0,1,0,0,0,0,-1,0,0.0000,-1,8,0,1,0,9
194.0725,3,0,1,0,0,0,0,-1,0,0.0000,-1,8,0,1,0,9
194.0935,3,0,1,0,0,0,0,-1,0,0.0000,-1,8,0,1,0,9
194.1138,3,0,1,0,0,0,0,-1,0,0.0000,-1,8,0,1,0,9
194.1331,3,0,1,0,0,0,0,-1,0,0.0000,-1,8,0,1,0,9
194.1545,3,0,1,0,0,0,0,-1,0,0.0000,-1,8,0,1,0,9
194.1922,3,0,1,0,0,0,1,26,0,0.0000,-1,8,0,1,0,9
194.2065,3,0,1,0,0,0,1,26,0,0.0000,-1,8,0,1,0,9
194.2212,3,0,1,0,0,0,1,26,0,0.0000,-1,8,0,1,0,9
194.2388,3,0,1,0,0,0,1,26,0,0.0000,-1,8,0,1,0,9
194.2608,3,0,1,0,0,0,1,26,0,0.0000,-1,8,0,1,0,9
194.2809,3,0,1,0,0,0,1,26,0,0.0000,-1,8,0,1,0,9
194.3007,3,0,1,0,0,0,1,26,0,0.0000,-1,8,0,1,0,9
194.3227,3,0,1,0,0,0,1,26,0,0.0000,-1,8,0,1,0,9
194.3427,3,0,1,0,0,0,1,26,0,0.0000,-1,8,0,1,0,9
194.363,3,0,1,0,0,0,1,26,0,0.0000,-1,8,0,1,0,9
194.3841,3,0,1,0,0,0,1,26,0,0.0000,-1,8,0,1,0,9
194.4044,3,0,1,0,0,0,1,26,0,0.0000,-1,8,0,1,0,9
194.4243,3,0,1,0,0,0,1,26,0,0.0000,-1,8,0,1,0,9
194.4448,3,0,1,0,0,0,1,26,0,0.0000,-1,8,0,1,0,9
194.4654,3,0,1,0,0,0,1,26,0,0.0000,-1,8,0,1,0,9
194.4863,3,0,1,0,0,0,1,26,0,0.0000,-1,8,0,1,0,9
194.5061,3,0,1,0,0,0,1,26,0,0.0000,-1,8,0,1,0,9
194.528,3,0,1,0,0,0,1,26,0,0.0000,-1,8,0,1,0,9
194.5468,3,0,1,0,0,0,1,26,0,0.0000,-1,8,0,1,0,9
194.5675,3,0,1,0,0,0,1,26,0,0.0000,-1,8,0,1,0,9
194.6069,3,0,1,0,0,0,1,26,0,0.0000,-1,8,0,1,0,9
194.6197,3,0,1,0,0,0,1,26,0,0.0000,-1,8,0,1,0,9
194.6322,3,0,1,0,0,0,1,26,0,0.0000,-1,8,0,1,0,9
194.654,3,0,1,0,0,0,1,26,0,0.0000,-1,8,0,1,0,9
194.6743,3,0,1,0,0,0,1,26,0,0.0000,-1,8,0,1,0,9
194.6956,3,0,1,0,0,0,1,26,0,0.0000,-1,8,0,1,0,9
194.7164,3,0,1,0,0,0,1,26,0,0.0000,-1,8,0,1,0,9
194.7354,3,0,1,0,0,0,1,26,0,0.0000,-1,8,0,1,0,9
194.7563,3,0,1,0,0,0,1,26,0,0.0000,-1,8,0,1,0,9
194.7773,3,0,1,0,0,0,1,26,0,0.0000,-1,8,0,1,0,9
194.8166,3,0,1,0,0,0,1,26,0,0.0000,-1,8,0,1,0,9
194.8293,3,0,1,0,0,0,1,26,0,0.0000,-1,8,0,1,0,9
194.8427,3,0,1,0,0,0,1,26,0,0.0000,-1,8,0,1,0,9
194.8641,3,0,1,0,0,0,1,26,0,0.0000,-1,8,0,1,0,9
194.8847,3,0,1,0,0,0,1,26,0,0.0000,-1,8,0,1,0,9
194.9061,3,0,1,0,0,0,1,26,0,0.0000,-1,8,0,1,0,9
194.9254,3,0,1,0,0,0,1,26,0,0.0000,-1,8,0,1,0,9
194.9458,3,0,1,0,0,0,1,26,0,0.0000,-1,8,0,1,0,9
194.9661,3,0,1,0,0,0,1,26,0,0.0000,-1,8,0,1,0,9
194.9867,3,0,1,0,0,0,1,26,0,0.0000,-1,8,0,1,0,9
195.0283,3,0,1,0,0,0,1,26,0,0.0000,-1,8,0,1,0,9
195.0432,3,0,1,0,0,0,1,26,0,0.0000,-1,8,0,1,0,9
195.0609,3,0,1,0,0,0,0,-1,0,0.0000,26,8,0,2,0,10
195.0786,3,0,1,0,0,0,0,-1,0,0.0000,-1,8,0,2,0,10
195.097,3,0,1,0,0,0,0,-1,0,0.0000,-1,8,0,2,0,10
195.1176,3,0,1,0,0,0,0,-1,0,0.0000,-1,8,0,2,0,10
195.1356,3,0,1,0,0,0,0,-1,0,0.0000,-1,8,0,2,0,10
195.1561,3,0,1,0,0,0,0,-1,0,0.0000,-1,8,0,2,0,10
195.1768,3,0,1,0,0,0,0,-1,0,0.0000,-1,8,0,2,0,10
195.1983,3,0,1,0,0,0,0,-1,0,0.0000,-1,8,0,2,0,10
195.2363,3,0,1,0,0,0,0,-1,0,0.0000,-1,8,0,2,0,10
195.2527,3,0,1,0,0,0,0,-1,0,0.0000,-1,8,0,2,0,10
195.2662,3,0,1,0,0,0,0,-1,0,0.0000,-1,8,0,2,0,10
195.2864,3,0,1,0,0,0,0,-1,0,0.0000,-1,8,0,2,0,10
195.3081,3,0,1,0,0,0,0,-1,0,0.0000,-1,8,0,2,0,10
195.3273,3,0,1,0,0,0,0,-1,0,0.0000,-1,8,0,2,0,10
195.3486,3,0,1,0,0,0,0,-1,0,0.0000,-1,8,0,2,0,10
195.3679,3,0,1,0,0,0,0,-1,0,0.0000,-1,8,0,2,0,10
195.3883,3,0,1,0,0,0,0,-1,0,0.0000,-1,8,0,2,0,10
195.4092,3,0,1,0,0,0,0,-1,0,0.0000,-1,8,0,2,0,10
195.4304,3,0,1,0,0,0,0,-1,0,0.0000,-1,8,0,2,0,10
195.4504,3,0,1,0,0,0,0,-1,0,0.0000,-1,8,0,2,0,10
195.4715,3,0,1,0,0,0,0,-1,0,0.0000,-1,8,0,2,0,10
195.4916,3,0,1,0,0,0,0,-1,0,0.0000,-1,8,0,2,0,10
195.5118,3,0,1,0,0,0,0,-1,0,0.0000,-1,8,0,2,0,10
195.5322,3,0,1,0,0,0,0,-1,0,0.0000,-1,8,0,2,0,10
195.5527,3,0,1,0,0,0,0,-1,0,0.0000,-1,8,0,2,0,10
195.5737,3,0,1,0,0,0,0,-1,0,0.0000,-1,8,0,2,0,10
195.5941,3,0,1,0,0,0,0,-1,0,0.0000,-1,8,0,2,0,10
195.6153,3,0,1,0,0,0,0,-1,0,0.0000,-1,8,0,2,0,10
195.635,3,0,1,0,0,0,0,-1,0,0.0000,-1,8,0,2,0,10
195.6561,3,0,1,0,0,0,0,-1,0,0.0000,-1,8,0,2,0,10
195.675,3,0,1,0,0,0,0,-1,0,0.0000,-1,8,0,2,0,10
195.6963,3,0,1,0,0,0,0,-1,0,0.0000,-1,8,0,2,0,10
195.7164,3,0,1,0,0,0,0,-1,0,0.0000,-1,8,0,2,0,10
195.7366,3,0,1,0,0,0,0,-1,0,0.0000,-1,8,0,2,0,10
195.758,3,0,1,0,0,0,0,-1,0,0.0000,-1,8,0,2,0,10
195.7778,3,0,1,0,0,0,0,-1,0,0.0000,-1,8,0,2,0,10
195.799,3,0,1,0,0,0,0,-1,0,0.0000,-1,8,0,2,0,10
195.8194,3,0,1,0,0,0,0,-1,0,0.0000,-1,8,0,2,0,10
195.8585,3,0,1,0,0,0,0,-1,0,0.0000,-1,8,0,2,0,10
195.8722,3,0,1,0,0,0,0,-1,0,0.0000,-1,8,0,2,0,10
195.8858,3,0,1,0,0,0,0,-1,0,0.0000,-1,8,0,2,0,10
195.9072,3,0,1,0,0,0,0,-1,0,0.0000,-1,8,0,2,0,10
195.9263,3,0,1,0,0,0,0,-1,0,0.0000,-1,8,0,2,0,10
195.9463,3,0,1,0,0,0,0,-1,0,0.0000,-1,8,0,2,0,10
195.9677,3,0,1,0,0,0,0,-1,0,0.0000,-1,8,0,2,0,10
195.9868,3,0,1,0,0,0,0,-1,0,0.0000,-1,8,0,2,0,10
196.0082,3,0,1,0,0,0,0,-1,0,0.0000,-1,8,0,2,0,10
196.0284,3,0,1,0,0,0,0,-1,0,0.0000,-1,8,0,2,0,10
196.049,3,0,1,0,0,0,0,-1,0,0.0000,-1,8,0,2,0,10
196.0683,3,0,1,0,0,0,0,-1,0,0.0000,-1,8,0,2,0,10
196.0887,3,0,1,0,0,0,0,-1,0,0.0000,-1,8,0,2,0,10
196.1087,3,0,1,0,0,0,0,-1,0,0.0000,-1,8,0,2,0,10
196.1299,3,0,1,0,0,0,0,-1,0,0.0000,-1,8,0,2,0,10
196.1497,3,0,1,0,0,0,0,-1,0,0.0000,-1,8,0,2,0,10
196.1709,3,0,1,0,0,0,0,-1,0,0.0000,-1,8,0,2,0,10
196.1906,3,0,1,0,0,0,0,-1,0,0.0000,-1,8,0,2,0,10
196.2116,3,0,1,0,0,0,0,-1,0,0.0000,-1,8,0,2,0,10
196.2313,3,0,1,0,0,0,0,-1,0,0.0000,-1,8,0,2,0,10
196.2526,3,0,1,0,0,0,0,-1,0,0.0000,-1,8,0,2,0,10
196.2731,3,0,1,0,0,0,0,-1,0,0.0000,-1,8,0,2,0,10
196.293,3,0,1,0,0,0,0,-1,0,0.0000,-1,8,0,2,0,10
196.313,3,0,1,0,0,0,0,-1,0,0.0000,-1,8,0,2,0,10
196.334,3,0,1,0,0,0,0,-1,0,0.0000,-1,8,0,2,0,10
196.3548,3,0,1,0,0,0,0,-1,0,0.0000,-1,8,0,2,0,10
196.3747,3,0,1,0,0,0,0,-1,0,0.0000,-1,8,0,2,0,10
196.3967,3,0,1,0,0,0,0,-1,0,0.0000,-1,8,0,2,0,10
196.4155,3,0,1,0,0,0,0,-1,0,0.0000,-1,8,0,2,0,10
196.4367,3,0,1,0,0,0,0,-1,0,0.0000,-1,8,0,2,0,10
196.4749,3,0,1,0,0,0,0,-1,0,0.0000,-1,8,0,2,0,10
196.4879,3,0,1,0,0,0,0,-1,0,0.0000,-1,8,0,2,0,10
196.5028,3,0,1,0,0,0,0,-1,0,0.0000,-1,8,0,2,0,10
196.52,3,0,1,0,0,0,0,-1,0,0.0000,-1,8,0,2,0,10
196.5414,3,0,1,0,0,0,0,-1,0,0.0000,-1,8,0,2,0,10
196.5607,3,0,1,0,0,0,0,-1,0,0.0000,-1,8,0,2,0,10
196.5811,3,0,1,0,0,0,0,-1,0,0.0000,-1,8,0,2,0,10
196.6013,3,0,1,0,0,0,0,-1,0,0.0000,-1,8,0,2,0,10
196.6223,3,0,1,0,0,0,0,-1,0,0.0000,-1,8,0,2,0,10
196.6424,3,0,1,0,0,0,0,-1,0,0.0000,-1,8,0,2,0,10
196.6811,3,0,1,0,0,0,0,-1,0,0.0000,-1,8,0,2,0,10
196.6949,3,0,1,0,0,0,0,-1,0,0.0000,-1,8,0,2,0,10
196.7082,3,0,1,0,0,0,0,-1,0,0.0000,-1,8,0,2,0,10
196.7283,3,0,1,0,0,0,0,-1,0,0.0000,-1,8,0,2,0,10
196.7487,3,0,1,0,0,0,0,-1,0,0.0000,-1,8,0,2,0,10
196.7678,3,0,1,0,0,0,0,-1,0,0.0000,-1,8,0,2,0,10
196.7886,3,0,1,0,0,0,0,-1,0,0.0000,-1,8,0,2,0,10
196.8088,3,0,1,0,0,0,0,-1,0,0.0000,-1,8,0,2,0,10
196.8295,3,0,1,0,0,0,0,-1,0,0.0000,-1,8,0,2,0,10
196.8487,3,0,1,0,0,0,0,-1,0,0.0000,-1,8,0,2,0,10
196.8684,3,0,1,0,0,0,0,-1,0,0.0000,-1,8,0,2,0,10
196.889,3,0,1,0,0,0,0,-1,0,0.0000,-1,8,0,2,0,10
196.9095,3,0,1,0,0,0,0,-1,0,0.0000,-1,8,0,2,0,10
196.9308,3,0,1,0,0,0,0,-1,0,0.0000,-1,8,0,2,0,10
196.9512,3,0,1,0,0,0,0,-1,0,0.0000,-1,8,0,2,0,10
196.9715,3,0,1,0,0,0,0,-1,0,0.0000,-1,8,0,2,0,10
196.9896,3,0,1,0,0,0,0,-1,0,0.0000,-1,8,0,2,0,10
197.0104,3,0,1,0,0,0,1,29,0,0.0000,-1,8,0,2,0,10
197.0324,3,0,1,0,0,0,1,29,0,0.0000,-1,8,0,2,0,10
197.0521,3,0,1,0,0,0,1,29,0,0.0000,-1,8,0,2,0,10
197.0727,3,0,1,0,0,0,1,29,0,0.0000,-1,8,0,2,0,10
197.0922,3,0,1,0,0,0,1,29,0,0.0000,-1,8,0,2,0,10
197.1129,3,0,1,0,0,0,1,29,0,0.0000,-1,8,0,2,0,10
197.134,3,0,1,0,0,0,1,29,0,0.0000,-1,8,0,2,0,10
197.1549,3,0,1,0,0,0,1,29,0,0.0000,-1,8,0,2,0,10
197.1764,3,0,1,0,0,0,1,29,0,0.0000,-1,8,0,2,0,10
197.1972,3,0,1,0,0,0,1,29,0,0.0000,-1,8,0,2,0,10
197.2178,3,0,1,0,0,0,1,29,0,0.0000,-1,8,0,2,0,10
197.2372,3,0,1,0,0,0,1,29,0,0.0000,-1,8,0,2,0,10
197.2582,3,0,1,0,0,0,1,29,0,0.0000,-1,8,0,2,0,10
197.2788,3,0,1,0,0,0,1,29,0,0.0000,-1,8,0,2,0,10
197.3006,3,0,1,0,0,0,1,29,0,0.0000,-1,8,0,2,0,10
197.3207,3,0,1,0,0,0,1,29,0,0.0000,-1,8,0,2,0,10
197.3414,3,0,1,0,0,0,1,29,0,0.0000,-1,8,0,2,0,10
197.363,3,0,1,0,0,0,1,29,0,0.0000,-1,8,0,2,0,10
197.3823,3,0,1,0,0,0,1,29,0,0.0000,-1,8,0,2,0,10
197.4024,3,0,1,0,0,0,1,29,0,0.0000,-1,8,0,2,0,10
197.423,3,0,1,0,0,0,1,29,0,0.0000,-1,8,0,2,0,10
197.4442,3,0,1,0,0,0,1,29,0,0.0000,-1,8,0,2,0,10
197.4649,3,0,1,0,0,0,1,29,0,0.0000,-1,8,0,2,0,10
197.486,3,0,1,0,0,0,1,29,0,0.0000,-1,8,0,2,0,10
197.5063,3,0,1,0,0,0,1,29,0,0.0000,-1,8,0,2,0,10
197.5263,3,0,1,0,0,0,1,29,0,0.0000,-1,8,0,2,0,10
197.5478,3,0,1,0,0,0,1,29,0,0.0000,-1,8,0,2,0,10
197.5674,3,0,1,0,0,0,1,29,0,0.0000,-1,8,0,2,0,10
197.589,3,0,1,0,0,0,1,29,0,0.0000,-1,8,0,2,0,10
197.6095,3,0,1,0,0,0,1,29,0,0.0000,-1,8,0,2,0,10
197.6308,3,0,1,0,0,0,1,29,0,0.0000,-1,8,0,2,0,10
197.6513,3,0,1,0,0,0,1,29,0,0.0000,-1,8,0,2,0,10
197.6723,3,0,1,0,0,0,1,29,0,0.0000,-1,8,0,2,0,10
197.6928,3,0,1,0,0,0,1,29,0,0.0000,-1,8,0,2,0,10
197.7136,3,0,1,0,0,0,1,29,0,0.0000,-1,8,0,2,0,10
197.7339,3,0,1,0,0,0,1,29,0,0.0000,-1,8,0,2,0,10
197.7546,3,0,1,0,0,0,1,29,0,0.0000,-1,8,0,2,0,10
197.7757,3,0,1,0,0,0,1,29,0,0.0000,-1,8,0,2,0,10
197.7968,3,0,1,0,0,0,1,29,0,0.0000,-1,8,0,2,0,10
197.8183,3,0,1,0,0,0,1,29,0,0.0000,-1,8,0,2,0,10
197.8404,3,0,1,0,0,0,1,29,0,0.0000,-1,8,0,2,0,10
197.8593,3,0,1,0,0,0,1,29,0,0.0000,-1,8,0,2,0,10
197.88,3,0,1,0,0,0,1,29,0,0.0000,-1,8,0,2,0,10
197.9198,3,0,1,0,0,0,1,29,0,0.0000,-1,8,0,2,0,10
197.9327,3,0,1,0,0,0,1,29,0,0.0000,-1,8,0,2,0,10
197.9463,3,0,1,0,0,0,1,29,0,0.0000,-1,8,0,2,0,10
197.9678,3,0,1,0,0,0,1,29,0,0.0000,-1,8,0,2,0,10
197.9879,3,0,1,0,0,0,1,29,0,0.0000,-1,8,0,2,0,10
198.0095,3,0,1,0,0,0,1,29,1,1.0000,-1,8,0,2,0,10
198.0308,3,0,1,0,0,0,1,29,0,1.0000,-1,8,0,2,0,10
198.0513,3,0,1,0,0,0,1,29,0,1.0000,-1,8,0,2,0,10
198.0735,3,0,1,0,0,0,1,29,0,1.0000,-1,8,0,2,0,10
198.0938,3,0,1,0,0,0,1,29,0,1.0000,-1,8,0,2,0,10
198.1324,3,0,1,0,0,0,1,29,0,1.0000,-1,8,0,2,0,10
198.1456,3,0,1,0,0,0,1,29,0,1.0000,-1,8,0,2,0,10
198.1595,3,0,1,0,0,0,1,29,0,1.0000,-1,8,0,2,0,10
198.1803,3,0,1,0,0,0,1,29,0,1.0000,-1,8,0,2,0,10
198.2013,3,0,1,0,0,0,1,29,0,1.0000,-1,8,0,2,0,10
198.2218,3,0,1,1,0,0,1,33,0,1.0000,29,8,0,3,0,11
198.244,3,0,1,1,0,0,1,33,0,1.0000,-1,8,0,3,0,11
198.264,3,0,1,1,0,0,1,33,0,1.0000,-1,8,0,3,0,11
198.287,3,0,1,1,0,0,1,33,0,1.0000,-1,8,0,3,0,11
198.3066,3,0,1,1,0,0,1,33,0,1.0000,-1,8,0,3,0,11
198.3472,3,0,1,1,0,0,1,33,0,1.0000,-1,8,0,3,0,11
198.3593,3,0,1,1,0,0,1,33,0,1.0000,-1,8,0,3,0,11
198.3738,3,0,1,1,0,0,1,33,0,1.0000,-1,8,0,3,0,11
198.3961,3,0,1,1,0,0,1,33,0,1.0000,-1,8,0,3,0,11
198.4166,3,0,1,1,0,0,1,33,0,1.0000,-1,8,0,3,0,11
198.4373,3,0,1,1,0,0,1,33,0,1.0000,-1,8,0,3,0,11
198.4577,3,0,1,1,0,0,1,33,0,1.0000,-1,8,0,3,0,11
198.4786,3,0,1,1,0,0,1,33,0,1.0000,-1,8,0,3,0,11
198.5,3,0,1,1,0,0,1,33,0,1.0000,-1,8,0,3,0,11
198.5205,3,0,1,1,0,0,1,33,0,1.0000,-1,8,0,3,0,11
198.5425,3,0,1,1,0,0,1,33,0,1.0000,-1,8,0,3,0,11
198.5639,3,0,1,1,0,0,1,33,1,2.0000,-1,8,0,3,0,11
198.5842,3,0,1,1,0,0,1,31,0,2.0000,-1,8,0,3,0,11
198.6058,3,0,1,1,0,0,1,31,0,2.0000,-1,8,0,3,0,11
198.6266,3,0,1,1,0,0,1,31,0,2.0000,-1,8,0,3,0,11
198.6465,3,0,1,1,0,0,1,31,0,2.0000,-1,8,0,3,0,11
198.6679,3,0,1,1,0,0,1,31,0,2.0000,-1,8,0,3,0,11
198.6892,3,0,1,1,0,0,1,31,0,2.0000,-1,8,0,3,0,11
198.7111,3,0,1,1,0,0,1,31,0,2.0000,-1,8,0,3,0,11
198.7321,3,0,1,1,0,0,1,31,0,2.0000,-1,8,0,3,0,11
198.7719,3,0,1,1,0,0,1,31,0,2.0000,-1,8,0,3,0,11
198.785,3,0,1,1,0,0,1,31,0,2.0000,-1,8,0,3,0,11
198.8001,3,0,1,1,0,0,1,31,0,2.0000,-1,8,0,3,0,11
198.8215,3,0,1,1,0,0,1,31,0,2.0000,-1,8,0,3,0,11
198.8454,3,0,1,1,0,0,1,31,0,2.0000,-1,8,0,3,0,11
198.8656,3,0,1,1,0,0,1,31,0,2.0000,-1,8,0,3,0,11
198.887,3,0,1,1,0,0,1,31,0,2.0000,-1,8,0,3,0,11
198.9091,3,0,1,1,0,0,1,31,0,2.0000,-1,8,0,3,0,11
198.9312,3,0,1,1,0,0,1,31,0,2.0000,-1,8,0,3,0,11
198.9533,3,0,1,1,0,0,1,31,0,2.0000,-1,8,0,3,0,11
198.9737,3,0,1,1,0,0,1,31,0,2.0000,-1,8,0,3,0,11
198.9956,3,0,1,1,0,0,1,31,0,2.0000,-1,8,0,3,0,11
199.0182,3,0,1,1,0,0,1,31,0,1.0000,-1,8,0,3,0,11
199.0384,3,0,1,1,0,0,1,31,1,2.0000,-1,8,0,3,0,11
199.06,3,0,1,1,0,0,1,31,0,2.0000,-1,8,0,3,0,11
199.0816,3,0,1,1,0,0,1,31,0,2.0000,-1,8,0,3,0,11
199.102,3,0,1,1,0,0,1,31,0,2.0000,-1,8,0,3,0,11
199.123,3,0,1,1,0,0,1,31,0,2.0000,-1,8,0,3,0,11
199.145,3,0,1,1,0,0,1,31,0,2.0000,-1,8,0,3,0,11
199.165,3,0,1,1,0,0,1,31,0,2.0000,-1,8,0,3,0,11
199.187,3,0,1,1,0,0,1,31,0,2.0000,-1,8,0,3,0,11
199.2086,3,0,1,1,0,0,1,31,0,2.0000,-1,8,0,3,0,11
199.2305,3,0,1,1,0,0,1,31,0,2.0000,-1,8,0,3,0,11
199.2532,3,0,1,1,0,0,1,31,0,2.0000,-1,8,0,3,0,11
199.2724,3,0,1,1,0,0,0,-1,0,2.0000,31,8,0,4,0,12
199.2934,3,0,1,1,0,0,0,-1,0,2.0000,-1,8,0,4,0,12
199.3149,3,0,1,1,0,0,0,-1,0,2.0000,-1,8,0,4,0,12
199.3366,3,0,1,1,0,0,0,-1,0,2.0000,-1,8,0,4,0,12
199.3586,3,0,1,1,0,0,0,-1,0,2.0000,-1,8,0,4,0,12
199.38,3,0,1,1,0,0,0,-1,0,2.0000,-1,8,0,4,0,12
199.4207,3,0,1,1,0,0,0,-1,0,2.0000,-1,8,0,4,0,12
199.4354,3,0,1,1,0,0,0,-1,0,2.0000,-1,8,0,4,0,12
199.451,3,0,1,1,0,0,0,-1,0,2.0000,-1,8,0,4,0,12
199.4698,3,0,1,1,0,0,0,-1,0,2.0000,-1,8,0,4,0,12
199.4906,3,0,1,1,0,0,0,-1,0,2.0000,-1,8,0,4,0,12
199.5116,3,0,1,1,0,0,0,-1,0,2.0000,-1,8,0,4,0,12
199.5333,3,0,1,1,0,0,0,-1,0,2.0000,-1,8,0,4,0,12
199.5541,3,0,1,1,0,0,0,-1,0,2.0000,-1,8,0,4,0,12
199.5765,3,0,1,1,0,0,0,-1,0,1.0000,-1,8,0,4,0,12
199.5979,3,0,1,1,0,0,0,-1,0,1.0000,-1,8,0,4,0,12
199.6378,3,0,1,1,0,0,0,-1,0,1.0000,-1,8,0,4,0,12
199.6509,3,0,1,1,0,0,0,-1,0,1.0000,-1,8,0,4,0,12
199.6648,3,0,1,1,0,0,0,-1,0,1.0000,-1,8,0,4,0,12
199.687,3,0,1,1,0,0,0,-1,0,1.0000,-1,8,0,4,0,12
199.7088,3,0,1,1,1,0,0,-1,0,1.0000,-1,8,0,4,0,12
199.7306,3,0,1,1,1,0,0,-1,0,1.0000,-1,8,0,4,0,12
199.7491,3,0,1,1,1,0,0,-1,1,2.0000,-1,8,0,4,0,12
199.7718,3,0,1,1,1,0,0,-1,0,2.0000,-1,8,0,4,0,12
199.7924,3,0,1,1,1,0,0,-1,0,2.0000,-1,8,0,4,0,12
199.8141,3,0,1,1,1,0,0,-1,0,2.0000,-1,8,0,4,0,12
199.8344,3,0,1,1,1,0,1,32,0,2.0000,-1,8,0,4,0,12
199.8559,3,0,1,1,1,0,1,32,0,2.0000,-1,8,0,4,0,12
199.8778,3,0,1,1,1,0,1,32,0,2.0000,-1,8,0,4,0,12
199.8985,3,0,1,1,1,0,1,32,0,2.0000,-1,8,0,4,0,12
199.9205,3,0,1,1,1,0,1,32,0,2.0000,-1,8,0,4,0,12
199.9425,3,0,1,1,1,0,0,-1,0,2.0000,32,8,0,5,0,13
199.9635,3,0,1,1,1,0,0,-1,0,2.0000,-1,8,0,5,0,13
199.9854,3,0,1,1,1,0,0,-1,0,2.0000,-1,8,0,5,0,13
200.0059,3,0,1,1,1,0,0,-1,0,2.0000,-1,8,0,5,0,13
200.0281,3,0,1,1,1,0,0,-1,0,2.0000,-1,8,0,5,0,13
200.0665,3,0,1,1,1,0,0,-1,0,1.0000,-1,8,0,5,0,13
200.0798,3,0,1,1,1,0,0,-1,0,1.0000,-1,8,0,5,0,13
200.0941,3,0,1,1,1,0,0,-1,0,1.0000,-1,8,0,5,0,13
200.115,3,0,1,1,1,0,0,-1,0,1.0000,-1,8,0,5,0,13
200.1351,3,0,1,1,1,0,0,-1,0,1.0000,-1,8,0,5,0,13
200.1566,3,0,1,1,1,0,0,-1,0,1.0000,-1,8,0,5,0,13
200.1774,3,0,1,1,1,0,0,-1,0,1.0000,-1,8,0,5,0,13
200.1972,3,0,1,1,1,0,0,-1,0,1.0000,-1,8,0,5,0,13
200.2195,3,0,1,1,1,0,0,-1,0,1.0000,-1,8,0,5,0,13
200.24,3,0,1,1,1,0,0,-1,0,1.0000,-1,8,0,5,0,13
200.2601,3,0,1,1,1,0,0,-1,0,1.0000,-1,8,0,5,0,13
200.2823,3,0,1,1,1,0,0,-1,0,1.0000,-1,8,0,5,0,13
200.3032,3,0,1,1,1,0,0,-1,0,1.0000,-1,8,0,5,0,13
200.3237,3,0,1,1,1,0,0,-1,0,1.0000,-1,8,0,5,0,13
200.345,3,0,1,1,1,0,0,-1,0,1.0000,-1,8,0,5,0,13
200.3663,3,0,1,1,1,0,0,-1,0,1.0000,-1,8,0,5,0,13
200.3872,3,0,1,1,0,0,0,-1,0,1.0000,-1,8,0,5,0,13
200.4098,3,0,1,1,0,0,0,-1,0,1.0000,-1,8,0,5,0,13
200.4289,3,0,1,1,0,0,0,-1,0,1.0000,-1,8,0,5,0,13
200.4512,3,0,1,1,0,0,1,34,1,2.0000,-1,8,0,5,0,13
200.4899,3,0,1,1,0,0,1,34,0,2.0000,-1,8,0,5,0,13
200.5037,3,0,1,1,0,0,1,34,0,2.0000,-1,8,0,5,0,13
200.5178,3,0,1,1,0,0,1,34,0,2.0000,-1,8,0,5,0,13
200.5382,3,0,1,1,0,0,1,34,0,2.0000,-1,8,0,5,0,13
200.5585,3,0,1,1,0,0,1,34,0,2.0000,-1,8,0,5,0,13
200.5789,3,0,1,1,0,0,1,34,0,2.0000,-1,8,0,5,0,13
200.5999,3,0,1,1,0,0,1,34,0,2.0000,-1,8,0,5,0,13
200.6212,3,0,1,1,0,0,1,34,0,2.0000,-1,8,0,5,0,13
200.6419,3,0,1,1,0,0,1,34,0,2.0000,-1,8,0,5,0,13
200.6624,3,0,1,1,0,0,1,34,0,2.0000,-1,8,0,5,0,13
200.7022,3,0,1,1,0,0,1,34,0,2.0000,-1,8,0,5,0,13
200.7153,3,0,1,1,0,0,1,34,0,2.0000,-1,8,0,5,0,13
200.7288,3,0,1,1,0,0,1,34,0,2.0000,-1,8,0,5,0,13
200.7501,3,0,1,1,0,0,1,34,0,1.0000,-1,8,0,5,0,13
200.7708,3,0,1,1,0,0,1,34,0,1.0000,-1,8,0,5,0,13
200.7902,3,0,1,1,0,0,1,34,0,1.0000,-1,8,0,5,0,13
200.8107,3,0,1,1,0,0,1,34,0,1.0000,-1,8,0,5,0,13
200.8321,3,0,1,1,0,0,1,34,0,1.0000,-1,8,0,5,0,13
200.8524,3,0,1,1,0,0,1,34,0,1.0000,-1,8,0,5,0,13
200.8731,3,0,1,1,0,0,1,34,0,1.0000,-1,8,0,5,0,13
200.8929,3,0,1,1,0,0,1,34,1,2.0000,-1,8,0,5,0,13
200.913,3,0,1,1,0,0,1,34,0,2.0000,-1,8,0,5,0,13
200.9332,3,0,1,1,0,0,1,34,0,2.0000,-1,8,0,5,0,13
200.9549,3,0,1,1,0,0,1,34,0,2.0000,-1,8,0,5,0,13
200.9752,3,0,1,1,0,0,1,34,0,2.0000,-1,8,0,5,0,13
200.9957,3,0,1,1,0,0,1,34,0,2.0000,-1,8,0,5,0,13
201.0178,3,0,1,1,0,0,1,34,0,2.0000,-1,8,0,5,0,13
201.0371,3,0,1,1,0,0,1,34,0,2.0000,-1,8,0,5,0,13
201.0581,3,0,1,1,0,0,1,34,0,2.0000,-1,8,0,5,0,13
201.078,3,0,1,1,0,0,1,34,0,2.0000,-1,8,0,5,0,13
201.1197,3,0,1,0,0,0,1,34,0,2.0000,-1,8,0,5,0,13
201.1339,3,0,1,0,0,0,1,34,0,2.0000,-1,8,0,5,0,13
201.1483,3,0,1,0,0,0,0,-1,0,2.0000,34,8,0,6,0,14
201.1661,3,0,1,0,0,0,0,-1,0,2.0000,-1,8,0,6,0,14
201.1876,3,0,1,0,0,0,0,-1,0,2.0000,-1,8,0,6,0,14
201.2095,3,0,1,0,0,0,0,-1,0,2.0000,-1,8,0,6,0,14
201.2304,3,0,1,0,0,0,0,-1,0,2.0000,-1,8,0,6,0,14
201.2532,3,0,1,0,0,0,0,-1,0,2.0000,-1,8,0,6,0,14
201.273,3,0,1,0,0,0,0,-1,0,2.0000,-1,8,0,6,0,14
201.295,3,0,1,0,0,0,0,-1,1,3.0000,-1,8,0,6,0,14
201.3348,3,0,1,0,0,0,0,-1,0,3.0000,-1,8,0,6,0,14
201.3489,3,0,1,0,0,0,0,-1,0,3.0000,-1,8,0,6,0,14
201.3646,3,0,1,0,0,0,0,-1,0,3.0000,-1,8,0,6,0,14
201.3833,3,0,1,0,0,0,0,-1,0,3.0000,-1,8,0,6,0,14
201.407,3,0,1,0,0,0,0,-1,0,3.0000,-1,8,0,6,0,14
201.4275,3,0,1,0,0,0,0,-1,0,3.0000,-1,8,0,6,0,14
201.4485,3,0,1,0,0,0,0,-1,0,3.0000,-1,8,0,6,0,14
201.4692,3,0,1,0,0,0,0,-1,0,2.0000,-1,8,0,6,0,14
201.4897,3,0,1,0,0,0,0,-1,0,2.0000,-1,8,0,6,0,14
201.5112,3,0,1,0,0,0,0,-1,0,2.0000,-1,8,0,6,0,14
201.5516,3,0,1,0,0,0,1,37,0,2.0000,-1,8,0,6,0,14
201.5669,3,0,1,0,0,0,1,37,0,2.0000,-1,8,0,6,0,14
201.5817,3,0,1,0,0,0,1,37,0,2.0000,-1,8,0,6,0,14
201.5997,3,0,1,0,0,0,1,37,0,2.0000,-1,8,0,6,0,14
201.6217,3,0,1,0,0,0,1,37,0,2.0000,-1,8,0,6,0,14
201.643,3,0,1,0,0,0,1,37,1,3.0000,-1,8,0,6,0,14
201.6647,3,0,1,0,0,0,1,37,0,3.0000,-1,8,0,6,0,14
201.6864,3,0,1,0,0,0,1,37,0,3.0000,-1,8,0,6,0,14
201.7067,3,0,1,0,0,0,1,37,0,3.0000,-1,8,0,6,0,14
201.7281,3,0,1,0,0,0,1,37,0,3.0000,-1,8,0,6,0,14
201.7491,3,0,1,0,0,0,1,37,0,3.0000,-1,8,0,6,0,14
201.7696,3,0,1,0,0,0,1,37,0,3.0000,-1,8,0,6,0,14
201.7906,3,0,1,0,0,0,1,37,0,3.0000,-1,8,0,6,0,14
201.8129,3,0,1,0,0,0,1,37,0,3.0000,-1,8,0,6,0,14
201.8336,3,0,1,0,0,0,1,37,0,3.0000,-1,8,0,6,0,14
201.8549,3,0,1,0,0,0,1,37,0,3.0000,-1,8,0,6,0,14
201.8763,3,0,1,0,0,0,1,37,0,3.0000,-1,8,0,6,0,14
201.8972,3,0,1,0,0,0,1,37,1,3.0000,-1,8,0,6,0,14
201.9186,3,0,1,0,0,0,1,37,0,3.0000,-1,8,0,6,0,14
201.9397,3,0,1,0,0,0,0,-1,0,3.0000,-1,8,0,6,0,14
201.9604,3,0,1,0,0,0,0,-1,0,3.0000,-1,8,0,6,0,14
201.9806,3,0,1,0,0,0,0,-1,0,3.0000,-1,8,0,6,0,14
202.0011,3,0,1,0,0,0,0,-1,0,3.0000,-1,8,0,6,0,14
202.023,3,0,1,0,0,0,0,-1,0,3.0000,-1,8,0,6,0,14
202.0436,3,0,1,0,0,0,0,-1,0,3.0000,-1,8,0,6,0,14
202.0654,3,0,1,0,0,0,0,-1,0,3.0000,-1,8,0,6,0,14
202.0857,3,0,1,0,0,0,0,-1,0,3.0000,-1,8,0,6,0,14
202.1073,3,0,1,0,0,0,0,-1,0,3.0000,-1,8,0,6,0,14
202.1277,3,0,1,0,0,0,0,-1,0,3.0000,-1,8,0,6,0,14
202.1491,3,0,1,0,0,0,0,-1,0,3.0000,-1,8,0,6,0,14
202.1898,3,0,1,0,0,0,0,-1,1,4.0000,-1,8,0,6,0,14
202.2057,3,0,1,0,0,0,0,-1,0,4.0000,-1,8,0,6,0,14
202.2198,3,0,1,0,0,0,0,-1,0,4.0000,-1,8,0,6,0,14
202.2375,3,0,1,0,0,0,0,-1,0,4.0000,-1,8,0,6,0,14
202.2598,3,0,1,0,0,0,0,-1,0,4.0000,-1,8,0,6,0,14
202.2802,3,0,1,0,0,0,0,-1,0,4.0000,-1,8,0,6,0,14
202.3004,3,0,1,0,0,0,0,-1,0,3.0000,-1,8,0,6,0,14
202.3215,3,0,1,0,0,0,0,-1,0,3.0000,-1,8,0,6,0,14
202.3417,3,0,1,0,0,0,0,-1,0,3.0000,-1,8,0,6,0,14
202.3635,3,0,1,0,0,0,0,-1,0,3.0000,-1,8,0,6,0,14
202.4043,3,0,1,0,0,0,0,-1,0,3.0000,-1,8,0,6,0,14
202.419,3,0,1,0,0,0,0,-1,0,3.0000,-1,8,0,6,0,14
202.4345,3,0,1,0,0,0,0,-1,0,3.0000,-1,8,0,6,0,14
202.4528,3,0,1,0,0,0,0,-1,0,3.0000,-1,8,0,6,0,14
202.4752,3,0,1,0,0,0,0,-1,0,3.0000,-1,8,0,6,0,14
202.4947,3,0,1,0,0,0,0,-1,0,3.0000,-1,8,0,6,0,14
202.5157,3,0,1,0,0,0,0,-1,0,3.0000,-1,8,0,6,0,14
202.5353,3,0,1,0,0,0,0,-1,0,3.0000,-1,8,0,6,0,14
202.5564,3,0,1,0,0,0,0,-1,0,3.0000,-1,8,0,6,0,14
202.5768,3,0,1,0,0,0,0,-1,0,3.0000,-1,8,0,6,0,14
202.6153,3,0,1,0,0,0,0,-1,0,3.0000,-1,8,0,6,0,14
202.6295,3,0,1,0,0,0,0,-1,0,3.0000,-1,8,0,6,0,14
202.6445,3,0,1,0,0,0,0,-1,0,2.0000,-1,8,0,6,0,14
202.6642,3,0,1,0,0,0,0,-1,0,2.0000,-1,8,0,6,0,14
202.6864,3,0,1,0,0,0,0,-1,0,2.0000,-1,8,0,6,0,14
202.7056,3,0,1,0,0,0,0,-1,0,2.0000,-1,8,0,6,0,14
202.726,3,0,1,0,0,0,0,-1,0,2.0000,-1,8,0,6,0,14
202.7452,3,0,1,0,0,0,0,-1,0,2.0000,-1,8,0,6,0,14
202.7667,3,0,1,0,0,0,0,-1,0,2.0000,-1,8,0,6,0,14
202.7867,3,0,1,0,0,0,0,-1,0,2.0000,-1,8,0,6,0,14
202.8077,3,0,1,0,0,0,0,-1,0,2.0000,-1,8,0,6,0,14
202.8295,3,0,1,0,0,0,0,-1,0,2.0000,-1,8,0,6,0,14
202.8492,3,0,1,0,0,0,0,-1,0,2.0000,-1,8,0,6,0,14
202.8679,3,0,1,0,0,0,0,-1,0,2.0000,-1,8,0,6,0,14
202.8892,3,0,1,0,0,0,0,-1,0,2.0000,-1,8,0,6,0,14
202.9096,3,0,1,0,0,0,0,-1,0,1.0000,-1,8,0,6,0,14
202.9301,3,0,1,0,0,0,0,-1,0,1.0000,-1,8,0,6,0,14
202.95,3,0,1,0,0,0,0,-1,1,2.0000,-1,8,0,6,0,14
202.9711,3,0,1,0,0,0,0,-1,0,2.0000,-1,8,0,6,0,14
202.9901,3,0,1,0,0,0,0,-1,0,2.0000,-1,8,0,6,0,14
203.011,3,0,1,0,0,0,0,-1,0,2.0000,-1,8,0,6,0,14
203.031,3,0,1,0,0,0,0,-1,0,2.0000,-1,8,0,6,0,14
203.0522,3,0,1,0,0,0,0,-1,0,2.0000,-1,8,0,6,0,14
203.0734,3,0,1,0,0,0,0,-1,0,2.0000,-1,8,0,6,0,14
203.0926,3,0,1,0,0,0,0,-1,0,2.0000,-1,8,0,6,0,14
203.1125,3,0,1,0,0,0,0,-1,0,2.0000,-1,8,0,6,0,14
203.1336,3,0,1,0,0,0,0,-1,0,2.0000,-1,8,0,6,0,14
203.1533,3,0,1,0,0,0,0,-1,0,2.0000,-1,8,0,6,0,14
203.1743,3,0,1,0,0,0,0,-1,0,2.0000,-1,8,0,6,0,14
203.1948,3,0,1,0,0,0,0,-1,0,1.0000,-1,8,0,6,0,14
203.2147,3,0,1,0,0,0,0,-1,0,1.0000,-1,8,0,6,0,14
203.2352,3,0,1,0,0,0,0,-1,0,1.0000,-1,8,0,6,0,14
203.2558,3,0,1,0,0,0,0,-1,0,1.0000,-1,8,0,6,0,14
203.2762,3,0,1,0,0,0,0,-1,0,1.0000,-1,8,0,6,0,14
203.298,3,0,1,0,0,0,0,-1,0,1.0000,-1,8,0,6,0,14
203.3181,3,0,1,0,0,0,0,-1,0,1.0000,-1,8,0,6,0,14
203.3385,3,0,1,0,0,0,0,-1,0,1.0000,-1,8,0,6,0,14
203.3572,3,0,1,0,0,0,0,-1,0,1.0000,-1,8,0,6,0,14
203.3779,3,0,1,0,0,0,0,-1,0,1.0000,-1,8,0,6,0,14
203.3986,3,0,1,0,0,0,0,-1,0,1.0000,-1,8,0,6,0,14
203.4373,3,0,1,0,0,0,0,-1,0,1.0000,-1,8,0,6,0,14
203.4517,3,0,1,0,0,0,0,-1,0,1.0000,-1,8,0,6,0,14
203.4666,3,0,1,0,0,0,0,-1,0,1.0000,-1,8,0,6,0,14
203.4865,3,0,1,0,0,0,0,-1,0,1.0000,-1,8,0,6,0,14
203.5083,3,0,1,0,0,0,0,-1,0,1.0000,-1,8,0,6,0,14
203.5274,3,0,1,0,0,0,0,-1,0,1.0000,-1,8,0,6,0,14
203.5468,3,0,1,0,0,0,0,-1,0,1.0000,-1,8,0,6,0,14
203.5667,3,0,1,0,0,0,0,-1,0,1.0000,-1,8,0,6,0,14
203.5904,3,0,1,0,0,0,0,-1,0,1.0000,-1,8,0,6,0,14
203.6121,3,0,1,0,0,0,0,-1,0,1.0000,-1,8,0,6,0,14
203.6324,3,0,1,0,0,0,0,-1,0,1.0000,-1,8,0,6,0,14
203.6535,3,0,1,0,0,0,0,-1,0,1.0000,-1,8,0,6,0,14
203.6729,3,0,1,0,0,0,0,-1,0,1.0000,-1,8,0,6,0,14
203.6935,3,0,1,0,0,0,0,-1,0,1.0000,-1,8,0,6,0,14
203.7142,3,0,1,0,0,0,0,-1,0,1.0000,-1,8,0,6,0,14
203.7343,3,0,1,0,0,0,0,-1,0,1.0000,-1,8,0,6,0,14
203.7542,3,0,1,0,0,0,0,-1,0,1.0000,-1,8,0,6,0,14
203.7746,3,0,1,0,0,0,0,-1,0,1.0000,-1,8,0,6,0,14
203.7945,3,0,1,0,0,0,0,-1,0,1.0000,-1,8,0,6,0,14
203.8147,3,0,1,0,0,0,0,-1,0,1.0000,-1,8,0,6,0,14
203.8351,3,0,1,0,0,0,0,-1,0,1.0000,-1,8,0,6,0,14
203.8554,3,0,1,0,0,0,0,-1,0,1.0000,-1,8,0,6,0,14
203.8752,3,0,1,0,0,0,0,-1,0,1.0000,-1,8,0,6,0,14
203.8959,3,0,1,0,0,0,0,-1,0,1.0000,-1,8,0,6,0,14
203.9156,3,0,1,0,0,0,0,-1,0,1.0000,-1,8,0,6,0,14
203.9359,3,0,1,0,0,0,0,-1,0,1.0000,-1,8,0,6,0,14
203.956,3,0,1,1,0,0,0,-1,0,0.0000,-1,8,0,6,0,14
203.9775,3,0,1,1,0,0,0,-1,0,0.0000,-1,8,0,6,0,14
203.9956,3,0,1,1,0,0,0,-1,0,0.0000,-1,8,0,6,0,14
204.0166,3,0,1,1,0,0,0,-1,0,0.0000,-1,8,0,6,0,14
204.0544,3,0,1,1,0,0,0,-1,0,0.0000,-1,8,0,6,0,14
204.0699,3,0,1,1,0,0,0,-1,0,0.0000,-1,8,0,6,0,14
204.0863,3,0,1,1,0,0,0,-1,0,0.0000,-1,8,0,6,0,14
204.1053,3,0,1,1,0,0,0,-1,0,0.0000,-1,8,0,6,0,14
204.1265,3,0,1,0,0,0,0,-1,0,0.0000,-1,8,0,6,0,14
204.1437,3,0,1,0,0,0,0,-1,0,0.0000,-1,8,0,6,0,14
204.1647,3,0,1,0,0,0,0,-1,0,0.0000,-1,8,0,6,0,14
204.1858,3,0,1,0,0,0,0,-1,0,0.0000,-1,8,0,6,0,14
204.2053,3,0,1,0,0,0,0,-1,0,0.0000,-1,8,0,6,0,14
204.2259,3,0,1,0,0,0,0,-1,0,0.0000,-1,8,0,6,0,14
204.2646,3,0,1,0,0,0,0,-1,0,0.0000,-1,8,0,6,0,14
204.2785,3,0,1,0,0,0,0,-1,0,0.0000,-1,8,0,6,0,14
204.2931,3,0,1,0,0,0,0,-1,0,0.0000,-1,8,0,6,0,14
204.31,3,0,1,0,0,0,0,-1,0,0.0000,-1,8,0,6,0,14
204.3309,3,0,1,0,0,0,0,-1,0,0.0000,-1,8,0,6,0,14
204.3519,3,0,1,0,0,0,0,-1,0,0.0000,-1,8,0,6,0,14
204.3725,3,0,1,0,0,0,0,-1,0,0.0000,-1,8,0,6,0,14
204.3917,3,0,1,0,0,0,0,-1,0,0.0000,-1,8,0,6,0,14
204.4106,3,0,1,0,0,0,0,-1,0,0.0000,-1,8,0,6,0,14
204.431,3,0,1,0,0,0,0,-1,0,0.0000,-1,8,0,6,0,14
204.4514,3,0,1,0,0,0,0,-1,0,0.0000,-1,8,0,6,0,14
204.4731,3,0,1,0,0,0,0,-1,0,0.0000,-1,8,0,6,0,14
204.4923,3,0,1,0,0,0,0,-1,0,0.0000,-1,8,0,6,0,14
204.5115,3,0,1,0,0,0,0,-1,0,0.0000,-1,8,0,6,0,14
204.5314,3,0,1,0,0,0,0,-1,0,0.0000,-1,8,0,6,0,14
204.5505,3,0,1,0,0,0,0,-1,0,0.0000,-1,8,0,6,0,14
204.5709,3,0,1,0,0,0,0,-1,0,0.0000,-1,8,0,6,0,14
204.5898,3,0,1,0,0,0,0,-1,0,0.0000,-1,8,0,6,0,14
204.6109,3,0,1,0,0,0,0,-1,0,0.0000,-1,8,0,6,0,14
204.6309,3,0,1,0,1,0,0,-1,0,0.0000,-1,8,0,6,0,14
204.6513,3,0,1,0,1,0,0,-1,0,0.0000,-1,8,0,6,0,14
204.6704,3,0,1,0,1,0,0,-1,0,0.0000,-1,8,0,6,0,14
204.6903,3,0,1,0,1,0,0,-1,0,0.0000,-1,8,0,6,0,14
204.7099,3,0,1,0,1,0,1,43,0,0.0000,-1,8,0,6,0,14
204.7301,3,0,1,0,1,0,1,43,0,0.0000,-1,8,0,6,0,14
204.7509,3,0,1,0,1,0,1,43,0,0.0000,-1,8,0,6,0,14
204.7713,3,0,1,0,1,0,1,43,0,0.0000,-1,8,0,6,0,14
204.7906,3,0,1,0,1,0,1,43,0,0.0000,-1,8,0,6,0,14
204.8101,3,0,1,0,1,0,1,43,0,0.0000,-1,8,0,6,0,14
204.8304,3,0,1,0,1,0,1,43,1,1.0000,-1,8,0,6,0,14
204.85,3,0,1,0,1,0,1,43,0,1.0000,-1,8,0,6,0,14
204.8701,3,0,1,0,1,0,1,44,0,1.0000,-1,8,0,6,0,14
204.8891,3,0,1,0,1,0,1,44,0,1.0000,-1,8,0,6,0,14
204.9089,3,0,1,0,1,0,1,44,1,2.0000,-1,8,0,6,0,14
204.9295,3,0,1,0,1,0,1,44,0,2.0000,-1,8,0,6,0,14
204.9494,3,0,1,0,1,0,1,44,0,2.0000,-1,8,0,6,0,14
204.969,3,0,1,0,1,0,1,44,0,2.0000,-1,8,0,6,0,14
204.9884,3,0,1,0,1,0,1,44,0,2.0000,-1,8,0,6,0,14
205.009,3,0,1,0,1,0,1,44,0,2.0000,43,8,0,7,0,15
205.0293,3,0,1,0,1,0,1,44,0,2.0000,-1,8,0,7,0,15
205.048,3,0,1,0,1,0,1,44,0,2.0000,-1,8,0,7,0,15
205.0697,3,0,1,0,1,0,1,44,0,2.0000,-1,8,0,7,0,15
205.0881,3,0,1,0,1,0,1,44,0,2.0000,-1,8,0,7,0,15
205.127,3,0,1,0,1,0,1,44,0,2.0000,-1,8,0,7,0,15
205.1402,3,0,1,0,1,0,1,44,0,2.0000,-1,8,0,7,0,15
205.1547,3,0,1,0,1,0,1,44,0,2.0000,-1,8,0,7,0,15
205.173,3,0,1,0,1,0,1,44,1,3.0000,-1,8,0,7,0,15
205.1943,3,0,1,0,1,0,1,44,0,3.0000,-1,8,0,7,0,15
205.2144,3,0,1,0,1,0,1,44,0,3.0000,-1,8,0,7,0,15
205.2338,3,0,1,0,1,0,1,44,0,3.0000,-1,8,0,7,0,15
205.2545,3,0,1,0,1,0,1,44,0,3.0000,-1,8,0,7,0,15
205.2755,3,0,1,0,1,0,1,44,0,3.0000,-1,8,0,7,0,15
205.2951,3,0,1,0,1,0,1,44,0,3.0000,-1,8,0,7,0,15
205.3162,3,0,1,0,0,0,1,44,0,3.0000,-1,8,0,7,0,15
205.3359,3,0,1,0,0,0,0,-1,0,3.0000,-1,8,0,7,0,15
205.3553,3,0,1,0,0,0,0,-1,0,3.0000,-1,8,0,7,0,15
205.3755,3,0,1,0,0,0,0,-1,0,3.0000,-1,8,0,7,0,15
205.3976,3,0,1,0,0,0,0,-1,0,3.0000,-1,8,0,7,0,15
205.4179,2,1,2,0,0,0,0,-1,0,3.0000,44,8,1,7,0,16
205.4375,2,0,2,0,0,0,0,-1,0,3.0000,-1,8,1,7,0,16
205.4598,2,0,2,0,0,0,0,-1,0,3.0000,-1,8,1,7,0,16
205.4802,2,0,2,0,0,0,0,-1,0,3.0000,-1,8,1,7,0,16
205.5021,2,0,2,0,0,0,0,-1,0,3.0000,-1,8,1,7,0,16
205.5428,2,0,2,0,0,0,0,-1,0,3.0000,-1,8,1,7,0,16
205.5565,2,0,2,0,0,0,0,-1,0,3.0000,-1,8,1,7,0,16
205.5703,2,0,2,0,0,0,0,-1,0,3.0000,-1,8,1,7,0,16
205.5916,2,0,2,0,0,0,0,-1,0,3.0000,-1,8,1,7,0,16
205.6139,2,0,2,0,0,0,0,-1,0,3.0000,-1,8,1,7,0,16
205.6332,2,0,2,0,0,0,1,46,0,3.0000,-1,8,1,7,0,16
205.6553,2,0,2,0,0,0,1,46,0,3.0000,-1,8,1,7,0,16
205.676,2,0,2,0,0,0,1,46,0,3.0000,-1,8,1,7,0,16
205.6965,2,0,2,0,0,0,1,46,0,3.0000,-1,8,1,7,0,16
205.7176,2,0,2,0,0,0,1,46,0,3.0000,-1,8,1,7,0,16
205.7591,2,0,2,0,0,0,1,46,0,3.0000,-1,8,1,7,0,16
205.7725,2,0,2,0,0,0,1,46,0,3.0000,-1,8,1,7,0,16
205.7894,2,0,2,0,0,0,1,46,0,3.0000,-1,8,1,7,0,16
205.8071,2,0,2,0,0,0,1,46,0,3.0000,-1,8,1,7,0,16
205.8291,2,0,2,0,0,0,1,46,0,3.0000,-1,8,1,7,0,16
205.8505,2,0,2,0,0,0,1,46,0,2.0000,-1,8,1,7,0,16
205.8713,2,0,2,0,0,0,1,46,0,2.0000,-1,8,1,7,0,16
205.894,2,0,2,0,0,0,0,-1,0,2.0000,46,8,2,7,0,17
205.9141,2,0,2,0,0,0,0,-1,0,1.0000,-1,8,2,7,0,17
205.9363,2,0,2,0,0,0,0,-1,0,1.0000,-1,8,2,7,0,17
205.9778,2,0,2,0,0,0,0,-1,0,1.0000,-1,8,2,7,0,17
205.9924,2,0,2,0,0,0,0,-1,0,1.0000,-1,8,2,7,0,17
206.0086,2,0,2,0,0,0,0,-1,0,1.0000,-1,8,2,7,0,17
206.0314,2,0,2,0,0,0,0,-1,0,1.0000,-1,8,2,7,0,17
206.0534,2,0,2,0,0,0,0,-1,0,1.0000,-1,8,2,7,0,17
206.0731,2,0,2,0,0,0,0,-1,0,1.0000,-1,8,2,7,0,17
206.0966,2,0,2,0,0,0,0,-1,0,1.0000,-1,8,2,7,0,17
206.1183,2,0,2,0,0,0,0,-1,0,1.0000,-1,8,2,7,0,17
206.1389,2,0,2,0,0,0,0,-1,0,1.0000,-1,8,2,7,0,17
206.1617,2,0,2,0,0,0,0,-1,0,1.0000,-1,8,2,7,0,17
206.1853,2,0,2,0,0,0,0,-1,0,0.0000,-1,8,2,7,0,17
206.2075,2,0,2,0,0,0,0,-1,0,0.0000,-1,8,2,7,0,17
206.2307,2,0,2,0,0,0,0,-1,0,0.0000,-1,8,2,7,0,17
206.2562,2,0,2,0,0,0,0,-1,0,0.0000,-1,8,2,7,0,17
206.2768,2,0,2,0,0,0,0,-1,0,0.0000,-1,8,2,7,0,17
206.3015,2,0,2,0,0,0,0,-1,0,0.0000,-1,8,2,7,0,17
206.3251,2,0,2,0,0,0,0,-1,0,0.0000,-1,8,2,7,0,17
206.3485,2,0,2,0,0,0,0,-1,0,0.0000,-1,8,2,7,0,17
206.3729,2,0,2,0,0,0,0,-1,0,0.0000,-1,8,2,7,0,17
206.3967,2,0,2,0,0,0,0,-1,0,0.0000,-1,8,2,7,0,17
206.4213,2,0,2,0,0,0,0,-1,1,1.0000,-1,8,2,7,0,17
206.4454,2,0,2,0,0,0,0,-1,0,1.0000,-1,8,2,7,0,17
206.4686,2,0,2,0,0,0,0,-1,0,1.0000,-1,8,2,7,0,17
206.4929,2,0,2,0,0,0,0,-1,0,1.0000,-1,8,2,7,0,17
206.5176,2,0,2,0,0,0,0,-1,0,1.0000,-1,8,2,7,0,17
206.5409,2,0,2,0,0,0,0,-1,0,1.0000,-1,8,2,7,0,17
206.5654,2,0,2,0,0,0,0,-1,0,1.0000,-1,8,2,7,0,17
206.6123,2,0,2,0,0,0,0,-1,0,1.0000,-1,8,2,7,0,17
206.6289,2,0,2,0,0,0,0,-1,0,1.0000,-1,8,2,7,0,17
206.6446,2,0,2,0,0,0,0,-1,0,1.0000,-1,8,2,7,0,17
206.6671,2,0,2,0,0,0,0,-1,0,1.0000,-1,8,2,7,0,17
206.6911,2,0,2,0,0,0,0,-1,0,1.0000,-1,8,2,7,0,17
206.7135,2,0,2,0,0,0,0,-1,0,1.0000,-1,8,2,7,0,17
206.7368,2,0,2,0,0,0,0,-1,1,2.0000,-1,8,2,7,0,17
206.7605,2,0,2,0,0,0,0,-1,0,2.0000,-1,8,2,7,0,17
206.7839,2,0,2,0,0,0,0,-1,0,2.0000,-1,8,2,7,0,17
206.8277,2,0,2,0,0,0,0,-1,0,2.0000,-1,8,2,7,0,17
206.8441,2,0,2,0,0,0,0,-1,0,2.0000,-1,8,2,7,0,17
206.8593,2,0,2,0,0,0,0,-1,0,2.0000,-1,8,2,7,0,17
206.8815,2,0,2,0,0,0,0,-1,0,2.0000,-1,8,2,7,0,17
206.9051,2,0,2,0,0,0,0,-1,0,2.0000,-1,8,2,7,0,17
206.9289,2,0,2,0,0,0,0,-1,0,2.0000,-1,8,2,7,0,17
206.9509,2,0,2,0,0,0,0,-1,0,2.0000,-1,8,2,7,0,17
206.9751,2,0,2,0,0,0,0,-1,0,2.0000,-1,8,2,7,0,17
206.9981,2,0,2,0,0,0,0,-1,0,2.0000,-1,8,2,7,0,17
207.0421,2,0,2,0,0,0,0,-1,0,2.0000,-1,8,2,7,0,17
207.0573,2,0,2,0,0,0,0,-1,0,2.0000,-1,8,2,7,0,17
207.0722,2,0,2,0,0,0,0,-1,0,2.0000,-1,8,2,7,0,17
207.0948,2,0,2,0,0,0,0,-1,0,2.0000,-1,8,2,7,0,17
207.1184,2,0,2,0,0,0,0,-1,0,2.0000,-1,8,2,7,0,17
207.1419,2,0,2,0,0,0,0,-1,0,2.0000,-1,8,2,7,0,17
207.1658,2,0,2,0,0,0,0,-1,0,2.0000,-1,8,2,7,0,17
207.1885,2,0,2,1,0,0,0,-1,0,2.0000,-1,8,2,7,0,17
207.2118,2,0,2,1,0,0,0,-1,0,2.0000,-1,8,2,7,0,17
207.2572,2,0,2,0,0,0,0,-1,0,2.0000,-1,8,2,7,0,17
207.2718,2,0,2,0,0,0,0,-1,0,2.0000,-1,8,2,7,0,17
207.2876,2,0,2,0,0,0,0,-1,0,2.0000,-1,8,2,7,0,17
207.3105,2,0,2,0,0,0,0,-1,0,2.0000,-1,8,2,7,0,17
207.3343,2,0,2,0,0,0,0,-1,0,2.0000,-1,8,2,7,0,17
207.3579,2,0,2,0,0,0,0,-1,0,2.0000,-1,8,2,7,0,17
207.3822,2,0,2,0,0,0,0,-1,0,2.0000,-1,8,2,7,0,17
207.4052,2,0,2,0,0,0,1,50,0,2.0000,-1,8,2,7,0,17
207.4288,2,0,2,0,0,0,1,50,0,1.0000,-1,8,2,7,0,17
207.474,2,0,2,0,0,0,1,50,1,2.0000,-1,8,2,7,0,17
207.4913,2,0,2,0,0,0,1,50,0,2.0000,-1,8,2,7,0,17
207.515,2,0,2,0,0,0,1,50,0,2.0000,-1,8,2,7,0,17
207.5339,2,0,2,0,0,0,1,50,0,2.0000,-1,8,2,7,0,17
207.5611,2,0,2,0,0,0,1,50,0,2.0000,-1,8,2,7,0,17
207.5799,2,0,2,0,0,0,1,50,1,3.0000,-1,8,2,7,0,17
207.6042,2,0,2,0,0,0,1,50,0,3.0000,-1,8,2,7,0,17
207.6275,2,0,2,0,0,0,1,49,0,3.0000,-1,8,2,7,0,17
207.6521,2,0,2,0,0,0,1,49,0,3.0000,-1,8,2,7,0,17
207.676,2,0,2,0,0,0,1,49,0,3.0000,-1,8,2,7,0,17
207.7006,2,0,2,0,0,0,1,49,0,3.0000,-1,8,2,7,0,17
207.7238,2,0,2,0,0,0,0,-1,0,3.0000,49,8,3,7,0,18
207.7476,2,0,2,0,0,0,0,-1,0,2.0000,-1,8,3,7,0,18
207.772,2,0,2,0,0,0,0,-1,0,2.0000,-1,8,3,7,0,18
207.7953,2,0,2,0,0,0,0,-1,0,2.0000,-1,8,3,7,0,18
207.8191,2,0,2,0,0,0,0,-1,0,2.0000,-1,8,3,7,0,18
207.842,2,0,2,0,0,0,0,-1,0,2.0000,-1,8,3,7,0,18
207.8639,2,0,2,0,0,0,0,-1,0,2.0000,-1,8,3,7,0,18
207.9062,2,0,2,0,0,0,0,-1,0,2.0000,-1,8,3,7,0,18
207.9208,2,0,2,0,0,0,0,-1,0,2.0000,-1,8,3,7,0,18
207.9347,2,0,2,0,0,0,0,-1,0,2.0000,-1,8,3,7,0,18
207.954,2,0,2,0,0,0,0,-1,0,2.0000,-1,8,3,7,0,18
207.9749,2,0,2,0,0,0,0,-1,0,2.0000,-1,8,3,7,0,18
207.9966,2,0,2,0,0,0,0,-1,0,2.0000,-1,8,3,7,0,18
208.0164,2,0,2,0,0,0,0,-1,0,2.0000,-1,8,3,7,0,18
208.0402,2,0,2,0,0,0,0,-1,0,2.0000,-1,8,3,7,0,18
208.0548,2,0,2,0,0,0,0,-1,0,2.0000,-1,8,3,7,0,18
208.0753,2,0,2,0,0,0,0,-1,0,2.0000,-1,8,3,7,0,18
208.1137,2,0,2,0,0,0,0,-1,1,3.0000,-1,8,3,7,0,18
208.1282,2,0,2,0,0,0,0,-1,0,3.0000,-1,8,3,7,0,18
208.1417,2,0,2,0,0,0,0,-1,0,3.0000,-1,8,3,7,0,18
208.162,2,0,2,0,0,0,0,-1,0,3.0000,-1,8,3,7,0,18
208.1835,2,0,2,0,0,0,0,-1,0,3.0000,-1,8,3,7,0,18
208.2016,2,0,2,0,0,0,0,-1,0,3.0000,-1,8,3,7,0,18
208.2208,2,0,2,0,0,0,0,-1,0,3.0000,-1,8,3,7,0,18
208.2412,2,0,2,0,0,0,0,-1,0,3.0000,-1,8,3,7,0,18
208.2631,2,0,2,0,0,0,0,-1,0,3.0000,-1,8,3,7,0,18
208.2829,2,0,2,0,0,0,0,-1,0,3.0000,-1,8,3,7,0,18
208.3192,2,0,2,0,0,0,0,-1,0,3.0000,-1,8,3,7,0,18
208.332,2,0,2,0,0,0,0,-1,0,3.0000,-1,8,3,7,0,18
208.3457,2,0,2,0,0,0,0,-1,0,3.0000,-1,8,3,7,0,18
208.3652,2,0,2,0,0,0,0,-1,0,3.0000,-1,8,3,7,0,18
208.3863,2,0,2,0,0,0,0,-1,0,3.0000,-1,8,3,7,0,18
208.4061,2,0,2,0,0,0,0,-1,0,3.0000,-1,8,3,7,0,18
208.4271,2,0,2,0,0,0,0,-1,0,3.0000,-1,8,3,7,0,18
208.4458,2,0,2,0,0,0,0,-1,0,3.0000,-1,8,3,7,0,18
208.4653,2,0,2,0,0,0,0,-1,0,3.0000,-1,8,3,7,0,18
208.485,2,0,2,0,0,0,0,-1,0,2.0000,-1,8,3,7,0,18
208.5062,2,0,2,0,0,0,0,-1,0,2.0000,-1,8,3,7,0,18
208.5269,2,0,2,0,0,0,0,-1,0,2.0000,-1,8,3,7,0,18
208.5462,2,0,2,0,0,0,0,-1,0,2.0000,-1,8,3,7,0,18
208.5661,2,0,2,0,0,0,0,-1,0,2.0000,-1,8,3,7,0,18
208.5848,2,0,2,0,0,0,0,-1,0,1.0000,-1,8,3,7,0,18
208.6059,2,0,2,0,0,0,0,-1,0,1.0000,-1,8,3,7,0,18
208.6266,2,0,2,0,0,0,0,-1,0,1.0000,-1,8,3,7,0,18
208.6451,2,0,2,0,0,0,0,-1,0,1.0000,-1,8,3,7,0,18
208.6641,2,0,2,0,0,0,0,-1,0,1.0000,-1,8,3,7,0,18
208.6842,2,0,2,0,0,0,0,-1,0,1.0000,-1,8,3,7,0,18
208.7046,2,0,2,0,0,0,0,-1,0,1.0000,-1,8,3,7,0,18
208.7242,2,0,2,1,0,0,0,-1,0,1.0000,-1,8,3,7,0,18
208.7431,2,0,2,1,0,0,0,-1,0,1.0000,-1,8,3,7,0,18
208.7637,2,0,2,1,0,0,0,-1,0,1.0000,-1,8,3,7,0,18
208.7835,2,0,2,1,0,0,0,-1,0,1.0000,-1,8,3,7,0,18
208.804,2,0,2,1,0,0,0,-1,1,2.0000,-1,8,3,7,0,18
208.8228,2,0,2,1,0,0,0,-1,0,2.0000,-1,8,3,7,0,18
208.8423,2,0,2,1,0,0,0,-1,0,2.0000,-1,8,3,7,0,18
208.8625,2,0,2,1,0,0,0,-1,0,2.0000,-1,8,3,7,0,18
208.8839,2,0,2,1,0,0,0,-1,0,2.0000,-1,8,3,7,0,18
208.9031,2,0,2,1,0,0,0,-1,0,2.0000,-1,8,3,7,0,18
208.9234,2,0,2,1,0,0,0,-1,0,2.0000,-1,8,3,7,0,18
208.9596,2,0,2,1,0,0,0,-1,0,2.0000,-1,8,3,7,0,18
208.9726,2,0,2,1,0,0,0,-1,0,2.0000,-1,8,3,7,0,18
208.9863,2,0,2,1,0,0,0,-1,0,2.0000,-1,8,3,7,0,18
209.0063,2,0,2,1,0,0,0,-1,0,2.0000,-1,8,3,7,0,18
209.0276,2,0,2,1,0,0,0,-1,0,2.0000,-1,8,3,7,0,18
209.0462,2,0,2,1,0,0,0,-1,0,2.0000,-1,8,3,7,0,18
209.0667,2,0,2,1,0,0,0,-1,0,2.0000,-1,8,3,7,0,18
209.0859,2,0,2,1,0,0,0,-1,0,2.0000,-1,8,3,7,0,18
209.1067,2,0,2,1,0,0,0,-1,0,2.0000,-1,8,3,7,0,18
209.1277,2,0,2,1,0,0,0,-1,0,1.0000,-1,8,3,7,0,18
209.1461,2,0,2,1,0,0,0,-1,0,1.0000,-1,8,3,7,0,18
209.1669,2,0,2,1,0,0,0,-1,0,1.0000,-1,8,3,7,0,18
209.1868,2,0,2,1,0,0,0,-1,0,1.0000,-1,8,3,7,0,18
209.2058,2,0,2,1,0,0,0,-1,0,1.0000,-1,8,3,7,0,18
209.2263,2,0,2,1,0,0,0,-1,0,1.0000,-1,8,3,7,0,18
209.2458,2,0,2,1,0,0,0,-1,0,1.0000,-1,8,3,7,0,18
209.2664,2,0,2,0,0,0,0,-1,0,1.0000,-1,8,3,7,0,18
209.2853,2,0,2,0,0,0,0,-1,0,1.0000,-1,8,3,7,0,18
209.3055,2,0,2,0,0,0,0,-1,1,2.0000,-1,8,3,7,0,18
209.3249,2,0,2,0,0,0,0,-1,0,2.0000,-1,8,3,7,0,18
209.3451,2,0,2,0,0,0,0,-1,0,2.0000,-1,8,3,7,0,18
209.3822,2,0,2,0,0,0,0,-1,0,2.0000,-1,8,3,7,0,18
209.3969,2,0,2,0,0,0,0,-1,0,2.0000,-1,8,3,7,0,18
209.4102,2,0,2,0,0,0,1,52,0,2.0000,-1,8,3,7,0,18
209.4281,2,0,2,0,0,0,1,52,0,2.0000,-1,8,3,7,0,18
209.4484,2,0,2,0,0,0,1,52,0,2.0000,-1,8,3,7,0,18
209.4681,2,0,2,0,0,0,1,52,0,2.0000,-1,8,3,7,0,18
209.4885,2,0,2,0,0,0,1,52,0,2.0000,-1,8,3,7,0,18
209.5085,2,0,2,0,0,0,1,52,0,2.0000,-1,8,3,7,0,18
209.5293,2,0,2,0,0,0,1,52,0,2.0000,-1,8,3,7,0,18
209.5495,2,0,2,0,0,0,1,52,0,2.0000,-1,8,3,7,0,18
209.5883,2,0,2,0,0,0,1,52,1,3.0000,-1,8,3,7,0,18
209.6066,2,0,2,0,0,0,1,52,0,3.0000,-1,8,3,7,0,18
209.6199,2,0,2,0,0,0,0,-1,0,3.0000,-1,8,3,7,0,18
209.6339,2,0,2,0,0,0,0,-1,0,3.0000,-1,8,3,7,0,18
209.6561,2,0,2,0,0,0,0,-1,0,3.0000,-1,8,3,7,0,18
209.6751,2,0,2,0,0,0,0,-1,0,3.0000,-1,8,3,7,0,18
209.6966,2,0,2,0,0,0,0,-1,0,3.0000,-1,8,3,7,0,18
209.7175,2,0,2,0,0,0,0,-1,0,3.0000,-1,8,3,7,0,18
209.7358,2,0,2,0,0,0,0,-1,0,3.0000,-1,8,3,7,0,18
209.7567,2,0,2,0,0,0,0,-1,0,3.0000,-1,8,3,7,0,18
209.7954,2,0,2,0,0,0,0,-1,1,4.0000,-1,8,3,7,0,18
209.8091,2,0,2,0,1,0,1,54,0,3.0000,-1,8,3,7,0,18
209.8244,2,0,2,0,1,0,1,54,0,3.0000,-1,8,3,7,0,18
209.8428,2,0,2,0,1,0,1,54,0,3.0000,-1,8,3,7,0,18
209.864,2,0,2,0,1,0,1,54,0,3.0000,-1,8,3,7,0,18
209.8846,2,0,2,0,1,0,1,54,0,3.0000,-1,8,3,7,0,18
209.9042,2,0,2,0,1,0,1,54,0,3.0000,-1,8,3,7,0,18
209.9255,2,0,2,0,1,0,1,54,0,3.0000,-1,8,3,7,0,18
209.9446,2,0,2,0,1,0,1,54,0,3.0000,-1,8,3,7,0,18
209.9674,2,0,2,0,1,0,1,54,0,3.0000,-1,8,3,7,0,18
210.0059,2,0,2,0,1,0,1,54,0,3.0000,-1,8,3,7,0,18
210.0199,2,0,2,0,1,0,1,54,0,3.0000,-1,8,3,7,0,18
210.0324,2,0,2,0,1,0,1,54,0,3.0000,-1,8,3,7,0,18
210.0543,2,0,2,0,1,0,1,54,0,3.0000,-1,8,3,7,0,18
210.074,2,0,2,0,1,0,1,54,0,3.0000,-1,8,3,7,0,18
210.0953,2,0,2,0,1,0,1,54,0,3.0000,-1,8,3,7,0,18
210.1157,2,0,2,0,1,0,1,54,0,3.0000,-1,8,3,7,0,18
210.1361,2,0,2,0,1,0,1,54,0,3.0000,-1,8,3,7,0,18
210.1556,2,0,2,0,1,0,1,54,0,3.0000,-1,8,3,7,0,18
210.1767,2,0,2,0,1,0,1,54,0,3.0000,-1,8,3,7,0,18
210.2162,2,0,2,0,1,0,1,54,0,3.0000,-1,8,3,7,0,18
210.2299,2,0,2,0,1,0,1,54,0,3.0000,-1,8,3,7,0,18
210.2439,2,0,2,0,1,0,1,54,0,3.0000,-1,8,3,7,0,18
210.2643,2,0,2,0,1,0,1,54,0,3.0000,-1,8,3,7,0,18
210.2861,2,0,2,0,1,0,1,54,0,3.0000,-1,8,3,7,0,18
210.3049,2,0,2,0,1,0,1,54,1,4.0000,-1,8,3,7,0,18
210.3258,2,0,2,0,1,0,0,-1,0,3.0000,-1,8,3,7,0,18
210.3463,2,0,2,0,1,0,0,-1,0,3.0000,-1,8,3,7,0,18
210.3673,2,0,2,0,1,0,0,-1,0,3.0000,-1,8,3,7,0,18
210.3876,2,0,2,0,1,0,0,-1,0,3.0000,-1,8,3,7,0,18
210.4278,2,0,2,0,1,0,0,-1,0,3.0000,-1,8,3,7,0,18
210.4413,2,0,2,0,1,0,0,-1,0,3.0000,-1,8,3,7,0,18
210.4566,2,0,2,0,1,0,0,-1,0,3.0000,-1,8,3,7,0,18
210.4753,2,0,2,0,1,0,0,-1,0,3.0000,-1,8,3,7,0,18
210.4965,2,0,2,0,1,0,0,-1,0,3.0000,-1,8,3,7,0,18
210.5174,2,0,2,0,1,0,0,-1,0,3.0000,-1,8,3,7,0,18
210.5366,2,0,2,1,1,0,0,-1,0,3.0000,-1,8,3,7,0,18
210.5575,2,0,2,1,1,0,0,-1,0,3.0000,-1,8,3,7,0,18
210.5783,2,0,2,1,1,0,0,-1,0,3.0000,-1,8,3,7,0,18
210.5981,2,0,2,1,1,0,0,-1,0,2.0000,-1,8,3,7,0,18
210.6371,2,0,2,1,1,0,0,-1,0,2.0000,-1,8,3,7,0,18
210.6522,2,0,2,1,1,0,0,-1,0,2.0000,-1,8,3,7,0,18
210.6668,2,0,2,1,1,0,0,-1,0,2.0000,-1,8,3,7,0,18
210.685,2,0,2,1,1,0,0,-1,0,2.0000,-1,8,3,7,0,18
210.7052,2,0,2,1,1,0,0,-1,0,2.0000,-1,8,3,7,0,18
210.7246,2,0,2,1,1,0,0,-1,0,2.0000,-1,8,3,7,0,18
210.746,2,0,2,1,1,0,0,-1,0,2.0000,-1,8,3,7,0,18
210.7648,2,0,2,1,1,0,0,-1,0,2.0000,-1,8,3,7,0,18
210.7856,2,0,2,1,1,0,0,-1,0,2.0000,-1,8,3,7,0,18
210.8052,2,0,2,1,1,0,0,-1,0,1.0000,-1,8,3,7,0,18
210.8263,2,0,2,1,1,0,0,-1,0,1.0000,-1,8,3,7,0,18
210.8457,2,0,2,1,1,0,0,-1,0,1.0000,-1,8,3,7,0,18
210.866,2,0,2,1,1,0,0,-1,0,1.0000,-1,8,3,7,0,18
210.886,2,0,2,1,1,0,0,-1,0,1.0000,-1,8,3,7,0,18
210.9074,2,0,2,1,1,0,0,-1,0,1.0000,-1,8,3,7,0,18
210.9276,2,0,2,1,1,0,0,-1,0,1.0000,-1,8,3,7,0,18
210.9476,2,0,2,1,1,0,0,-1,0,1.0000,-1,8,3,7,0,18
210.9685,2,0,2,1,1,0,0,-1,0,1.0000,-1,8,3,7,0,18
210.9898,2,0,2,1,1,0,0,-1,0,1.0000,-1,8,3,7,0,18
211.0094,2,0,2,1,1,0,0,-1,0,1.0000,-1,8,3,7,0,18
211.0299,2,0,2,1,1,0,0,-1,0,1.0000,-1,8,3,7,0,18
211.0501,2,0,2,1,1,0,0,-1,0,1.0000,-1,8,3,7,0,18
211.0711,2,0,2,1,1,0,0,-1,0,1.0000,-1,8,3,7,0,18
211.0895,2,0,2,1,1,0,0,-1,0,1.0000,-1,8,3,7,0,18
211.1111,2,0,2,1,1,0,0,-1,0,1.0000,-1,8,3,7,0,18
211.1311,2,0,2,1,0,0,0,-1,0,1.0000,-1,8,3,7,0,18
211.1519,2,0,2,1,0,0,0,-1,0,1.0000,-1,8,3,7,0,18
211.1729,2,0,2,1,0,0,0,-1,0,1.0000,-1,8,3,7,0,18
211.1931,2,0,2,1,0,0,0,-1,0,1.0000,-1,8,3,7,0,18
211.2131,2,0,2,1,0,0,0,-1,0,1.0000,-1,8,3,7,0,18
211.2553,2,0,2,1,0,0,0,-1,0,1.0000,-1,8,3,7,0,18
211.2715,2,0,2,1,0,0,0,-1,0,1.0000,-1,8,3,7,0,18
211.2865,2,0,2,1,0,0,0,-1,0,1.0000,-1,8,3,7,0,18
211.303,2,0,2,1,0,0,0,-1,0,1.0000,-1,8,3,7,0,18
211.323,2,0,2,1,0,0,0,-1,0,0.0000,-1,8,3,7,0,18
211.3437,2,0,2,1,0,0,0,-1,0,0.0000,-1,8,3,7,0,18
211.3638,2,0,2,1,0,0,0,-1,0,0.0000,-1,8,3,7,0,18
211.383,2,0,2,1,0,0,0,-1,0,0.0000,-1,8,3,7,0,18
211.4029,2,0,2,1,0,0,0,-1,0,0.0000,-1,8,3,7,0,18
211.4235,2,0,2,1,0,0,0,-1,0,0.0000,-1,8,3,7,0,18
211.4633,2,0,2,1,0,0,0,-1,0,0.0000,-1,8,3,7,0,18
211.4776,2,0,2,1,0,0,0,-1,0,0.0000,-1,8,3,7,0,18
211.4919,2,0,2,1,0,0,0,-1,0,0.0000,-1,8,3,7,0,18
211.51,2,0,2,1,0,0,0,-1,0,0.0000,-1,8,3,7,0,18
211.5308,2,0,2,1,0,0,0,-1,0,0.0000,-1,8,3,7,0,18
211.5504,2,0,2,1,0,0,0,-1,0,0.0000,-1,8,3,7,0,18
211.571,2,0,2,1,0,0,0,-1,0,0.0000,-1,8,3,7,0,18
211.5905,2,0,2,1,0,0,0,-1,0,0.0000,-1,8,3,7,0,18
211.6104,2,0,2,1,0,0,0,-1,0,0.0000,-1,8,3,7,0,18
211.6328,2,0,2,1,0,0,0,-1,0,0.0000,-1,8,3,7,0,18
211.6517,2,0,2,1,0,0,0,-1,1,1.0000,-1,8,3,7,0,18
211.6727,2,0,2,1,0,0,0,-1,0,1.0000,-1,8,3,7,0,18
211.6908,2,0,2,1,0,0,0,-1,0,1.0000,-1,8,3,7,0,18
211.711,2,0,2,1,0,0,0,-1,0,1.0000,-1,8,3,7,0,18
211.7313,2,0,2,1,0,0,0,-1,0,1.0000,-1,8,3,7,0,18
211.7518,2,0,2,1,0,0,0,-1,0,1.0000,-1,8,3,7,0,18
211.771,2,0,2,1,0,0,0,-1,0,1.0000,-1,8,3,7,0,18
211.7899,2,0,2,1,0,0,0,-1,0,1.0000,-1,8,3,7,0,18
211.8105,2,0,2,1,0,0,0,-1,0,1.0000,-1,8,3,7,0,18
211.8302,2,0,2,1,0,0,0,-1,0,1.0000,-1,8,3,7,0,18
211.851,2,0,2,1,0,0,0,-1,0,1.0000,-1,8,3,7,0,18
211.87,2,0,2,1,0,0,0,-1,0,1.0000,-1,8,3,7,0,18
211.8895,2,0,2,1,0,0,0,-1,0,1.0000,-1,8,3,7,0,18
211.9091,2,0,2,1,0,0,0,-1,0,1.0000,-1,8,3,7,0,18
211.9299,2,0,2,1,0,0,0,-1,0,1.0000,-1,8,3,7,0,18
211.9502,2,0,2,1,1,0,0,-1,0,1.0000,-1,8,3,7,0,18
211.9697,2,0,2,1,1,0,0,-1,0,1.0000,-1,8,3,7,0,18
211.991,2,0,2,1,1,0,0,-1,0,1.0000,-1,8,3,7,0,18
212.0105,2,0,2,1,1,0,0,-1,0,1.0000,-1,8,3,7,0,18
212.0313,2,0,2,1,1,0,0,-1,0,1.0000,-1,8,3,7,0,18
212.0519,2,0,2,1,1,0,0,-1,0,1.0000,-1,8,3,7,0,18
212.0885,2,0,2,1,1,0,0,-1,0,1.0000,-1,8,3,7,0,18
212.1026,2,0,2,0,1,0,0,-1,0,1.0000,-1,8,3,7,0,18
212.1181,2,0,2,0,1,0,0,-1,0,1.0000,-1,8,3,7,0,18
212.1368,2,0,2,0,1,0,0,-1,0,1.0000,-1,8,3,7,0,18
212.1564,2,0,2,0,1,0,0,-1,0,1.0000,-1,8,3,7,0,18
212.1765,2,0,2,0,1,0,0,-1,0,1.0000,-1,8,3,7,0,18
212.1974,2,0,2,0,1,0,0,-1,0,1.0000,-1,8,3,7,0,18
212.2167,2,0,2,0,1,0,0,-1,0,1.0000,-1,8,3,7,0,18
212.2361,2,0,2,0,1,0,0,-1,0,1.0000,-1,8,3,7,0,18
212.2572,2,0,2,0,1,0,0,-1,0,1.0000,-1,8,3,7,0,18
212.2945,2,0,2,0,1,0,0,-1,1,2.0000,-1,8,3,7,0,18
212.3083,2,0,2,0,1,0,1,56,0,2.0000,-1,8,3,7,0,18
212.3228,2,0,2,0,1,0,1,56,0,2.0000,-1,8,3,7,0,18
212.3419,2,0,2,0,1,0,1,56,0,2.0000,-1,8,3,7,0,18
212.3625,2,0,2,0,1,0,1,56,0,2.0000,-1,8,3,7,0,18
212.3825,2,0,2,0,1,0,1,56,0,2.0000,-1,8,3,7,0,18
212.4018,2,0,2,0,1,0,1,56,0,2.0000,-1,8,3,7,0,18
212.4217,2,0,2,0,1,0,1,56,0,2.0000,-1,8,3,7,0,18
212.4411,2,0,2,0,1,0,1,56,0,2.0000,-1,8,3,7,0,18
212.4612,2,0,2,0,1,0,1,56,0,2.0000,-1,8,3,7,0,18
212.4986,2,0,2,0,1,0,1,56,0,2.0000,-1,8,3,7,0,18
212.511,2,0,2,0,1,0,1,56,0,2.0000,-1,8,3,7,0,18
212.5249,2,0,2,0,1,0,1,56,0,2.0000,-1,8,3,7,0,18
212.543,2,0,2,0,1,0,1,56,0,2.0000,-1,8,3,7,0,18
212.5627,2,0,2,0,1,0,1,56,0,2.0000,-1,8,3,7,0,18
212.583,2,0,2,0,1,0,1,56,0,2.0000,-1,8,3,7,0,18
212.6015,2,0,2,0,1,0,1,56,0,2.0000,-1,8,3,7,0,18
212.6219,2,0,2,0,0,0,1,56,0,2.0000,-1,8,3,7,0,18
212.6416,2,0,2,0,0,0,1,56,0,2.0000,-1,8,3,7,0,18
212.6618,2,0,2,0,0,0,1,56,0,1.0000,-1,8,3,7,0,18
212.6983,2,0,2,0,0,0,1,56,1,2.0000,-1,8,3,7,0,18
212.7112,2,0,2,0,0,0,0,-1,0,2.0000,-1,8,3,7,0,18
212.725,2,0,2,0,0,0,0,-1,0,2.0000,-1,8,3,7,0,18
212.7454,2,0,2,0,0,0,0,-1,0,2.0000,-1,8,3,7,0,18
212.7636,2,0,2,0,0,0,0,-1,0,2.0000,-1,8,3,7,0,18
212.7833,2,0,2,0,0,0,0,-1,0,2.0000,-1,8,3,7,0,18
212.8026,2,0,2,0,0,0,0,-1,0,2.0000,-1,8,3,7,0,18
212.8213,2,0,2,0,0,0,0,-1,0,2.0000,-1,8,3,7,0,18
212.8416,2,0,2,0,0,0,0,-1,0,2.0000,-1,8,3,7,0,18
212.8613,2,0,2,0,0,0,0,-1,0,2.0000,-1,8,3,7,0,18
212.8808,2,0,2,0,0,0,0,-1,0,2.0000,-1,8,3,7,0,18
212.9006,2,0,2,0,0,0,0,-1,0,2.0000,-1,8,3,7,0,18
212.9193,2,0,2,0,0,0,0,-1,0,2.0000,-1,8,3,7,0,18
212.9389,2,0,2,0,0,0,0,-1,0,2.0000,-1,8,3,7,0,18
212.9582,2,0,2,0,0,0,0,-1,0,2.0000,-1,8,3,7,0,18
212.9768,2,0,2,0,0,0,0,-1,0,2.0000,-1,8,3,7,0,18
212.997,2,0,2,0,0,0,0,-1,0,2.0000,-1,8,3,7,0,18
213.0157,2,0,2,0,0,0,0,-1,0,2.0000,-1,8,3,7,0,18
213.036,2,0,2,0,0,0,0,-1,0,2.0000,-1,8,3,7,0,18
213.0545,2,0,2,0,0,0,0,-1,0,2.0000,-1,8,3,7,0,18
213.0745,2,0,2,0,0,0,0,-1,0,2.0000,-1,8,3,7,0,18
213.0939,2,0,2,0,0,0,0,-1,0,2.0000,-1,8,3,7,0,18
213.1302,2,0,2,0,0,0,0,-1,0,2.0000,-1,8,3,7,0,18
213.1446,2,0,2,0,0,0,0,-1,0,2.0000,-1,8,3,7,0,18
213.1585,2,0,2,0,0,0,0,-1,0,2.0000,-1,8,3,7,0,18
213.1749,2,0,2,0,0,0,0,-1,0,2.0000,-1,8,3,7,0,18
213.194,2,0,2,0,0,0,0,-1,0,2.0000,-1,8,3,7,0,18
213.2144,2,0,2,0,0,0,0,-1,0,2.0000,-1,8,3,7,0,18
213.233,2,0,2,0,0,0,0,-1,0,2.0000,-1,8,3,7,0,18
213.2523,2,0,2,0,0,0,0,-1,0,2.0000,-1,8,3,7,0,18
213.2724,2,0,2,0,0,0,0,-1,0,2.0000,-1,8,3,7,0,18
213.2905,2,0,2,0,0,0,0,-1,0,2.0000,-1,8,3,7,0,18
213.3101,2,0,2,0,0,0,0,-1,0,1.0000,-1,8,3,7,0,18
213.3282,2,0,2,0,0,0,0,-1,0,1.0000,-1,8,3,7,0,18
213.348,2,0,2,0,0,0,0,-1,0,1.0000,-1,8,3,7,0,18
213.3679,2,0,2,0,0,0,0,-1,0,1.0000,-1,8,3,7,0,18
213.386,2,0,2,0,0,0,0,-1,0,1.0000,-1,8,3,7,0,18
213.4059,2,0,2,0,0,0,0,-1,0,1.0000,-1,8,3,7,0,18
213.4309,2,0,2,0,0,0,0,-1,0,1.0000,-1,8,3,7,0,18
213.4449,2,0,2,0,0,0,0,-1,0,1.0000,-1,8,3,7,0,18
213.4626,2,0,2,0,0,0,0,-1,1,2.0000,-1,8,3,7,0,18
213.482,2,0,2,0,0,0,0,-1,0,2.0000,-1,8,3,7,0,18
213.5009,2,0,2,0,0,0,0,-1,0,2.0000,-1,8,3,7,0,18
213.5216,2,0,2,0,0,0,0,-1,0,2.0000,-1,8,3,7,0,18
213.557,2,0,2,0,0,0,0,-1,0,2.0000,-1,8,3,7,0,18
213.5696,2,0,2,0,0,0,0,-1,0,2.0000,-1,8,3,7,0,18
213.5837,2,0,2,0,0,0,1,59,0,2.0000,-1,8,3,7,0,18
213.6026,2,0,2,0,0,0,1,59,0,2.0000,-1,8,3,7,0,18
213.6208,2,0,2,0,0,0,1,59,0,2.0000,-1,8,3,7,0,18
213.6409,2,0,2,0,0,0,1,59,0,2.0000,-1,8,3,7,0,18
213.661,2,0,2,0,0,0,1,59,0,2.0000,-1,8,3,7,0,18
213.6808,2,0,2,0,0,0,1,59,0,2.0000,-1,8,3,7,0,18
213.6992,2,0,2,0,0,0,1,59,1,2.0000,-1,8,3,7,0,18
213.7193,2,0,2,0,0,0,0,-1,0,2.0000,-1,8,3,7,0,18
213.7394,2,0,2,0,0,0,0,-1,0,2.0000,-1,8,3,7,0,18
213.7583,2,0,2,0,0,0,0,-1,0,2.0000,-1,8,3,7,0,18
213.7781,2,0,2,0,0,0,0,-1,0,2.0000,-1,8,3,7,0,18
213.7974,2,0,2,0,0,0,0,-1,0,2.0000,-1,8,3,7,0,18
213.8174,2,0,2,0,0,0,0,-1,0,2.0000,-1,8,3,7,0,18
213.8373,2,0,2,0,0,0,0,-1,0,2.0000,-1,8,3,7,0,18
213.8562,2,0,2,0,0,0,0,-1,0,2.0000,-1,8,3,7,0,18
213.8766,2,0,2,0,0,0,0,-1,0,2.0000,-1,8,3,7,0,18
213.8958,2,0,2,0,0,0,0,-1,0,2.0000,-1,8,3,7,0,18
213.9163,2,0,2,0,0,0,0,-1,0,2.0000,-1,8,3,7,0,18
213.9337,2,0,2,0,0,0,0,-1,0,2.0000,-1,8,3,7,0,18
213.9534,2,0,2,0,0,0,0,-1,0,2.0000,-1,8,3,7,0,18
213.9729,2,0,2,0,0,0,0,-1,0,2.0000,-1,8,3,7,0,18
213.9928,2,0,2,0,0,0,0,-1,0,2.0000,-1,8,3,7,0,18
214.0118,2,0,2,0,0,0,0,-1,0,2.0000,-1,8,3,7,0,18
214.0311,2,0,2,0,0,0,0,-1,0,2.0000,-1,8,3,7,0,18
214.0511,2,0,2,0,0,0,0,-1,0,2.0000,-1,8,3,7,0,18
214.0709,2,0,2,0,0,0,0,-1,0,2.0000,-1,8,3,7,0,18
214.0901,2,0,2,0,0,0,0,-1,0,2.0000,-1,8,3,7,0,18
214.1109,2,0,2,0,0,0,0,-1,0,2.0000,-1,8,3,7,0,18
214.1302,2,0,2,0,0,0,0,-1,0,2.0000,-1,8,3,7,0,18
214.1512,2,0,2,0,0,0,0,-1,0,2.0000,-1,8,3,7,0,18
214.1697,2,0,2,0,0,0,0,-1,0,2.0000,-1,8,3,7,0,18
214.191,2,0,2,0,0,0,0,-1,0,2.0000,-1,8,3,7,0,18
214.211,2,0,2,0,0,0,0,-1,0,2.0000,-1,8,3,7,0,18
214.2312,2,0,2,0,0,0,0,-1,0,2.0000,-1,8,3,7,0,18
214.2517,2,0,2,0,0,0,0,-1,0,2.0000,-1,8,3,7,0,18
214.2711,2,0,2,0,0,0,0,-1,0,2.0000,-1,8,3,7,0,18
214.2914,2,0,2,0,0,0,0,-1,0,2.0000,-1,8,3,7,0,18
214.3119,2,0,2,0,0,0,0,-1,0,2.0000,-1,8,3,7,0,18
214.3317,2,0,2,0,0,0,0,-1,0,2.0000,-1,8,3,7,0,18
214.3523,2,0,2,0,0,0,0,-1,0,2.0000,-1,8,3,7,0,18
214.3721,2,0,2,0,0,0,0,-1,0,2.0000,-1,8,3,7,0,18
214.3926,2,0,2,0,0,0,0,-1,0,2.0000,-1,8,3,7,0,18
214.4117,2,0,2,0,0,0,0,-1,0,2.0000,-1,8,3,7,0,18
214.4322,2,0,2,0,0,0,0,-1,0,2.0000,-1,8,3,7,0,18
214.4529,2,0,2,0,0,0,0,-1,0,2.0000,-1,8,3,7,0,18
214.4731,2,0,2,0,0,0,0,-1,1,2.0000,-1,8,3,7,0,18
214.4932,2,0,2,0,0,0,0,-1,0,2.0000,-1,8,3,7,0,18
214.5129,2,0,2,0,0,0,0,-1,0,2.0000,-1,8,3,7,0,18
214.5334,2,0,2,0,0,0,0,-1,0,2.0000,-1,8,3,7,0,18
214.5541,2,0,2,0,0,0,0,-1,0,2.0000,-1,8,3,7,0,18
214.5746,2,0,2,0,0,0,0,-1,0,2.0000,-1,8,3,7,0,18
214.5945,2,0,2,0,0,0,0,-1,0,2.0000,-1,8,3,7,0,18
214.615,2,0,2,0,0,0,0,-1,0,2.0000,-1,8,3,7,0,18
214.636,2,0,2,0,0,0,0,-1,0,2.0000,-1,8,3,7,0,18
214.6552,2,0,2,0,0,0,0,-1,1,3.0000,-1,8,3,7,0,18
214.6761,2,0,2,0,0,0,0,-1,0,3.0000,-1,8,3,7,0,18
214.6979,2,0,2,0,0,0,0,-1,0,3.0000,-1,8,3,7,0,18
214.7189,2,0,2,0,0,0,0,-1,0,2.0000,-1,8,3,7,0,18
214.74,2,0,2,1,0,0,0,-1,0,2.0000,-1,8,3,7,0,18
214.7609,2,0,2,1,0,0,0,-1,0,2.0000,-1,8,3,7,0,18
214.7809,2,0,2,1,0,0,0,-1,0,2.0000,-1,8,3,7,0,18
214.8211,2,0,2,1,0,0,0,-1,0,2.0000,-1,8,3,7,0,18
214.8346,2,0,2,1,0,0,0,-1,0,2.0000,-1,8,3,7,0,18
214.8473,2,0,2,1,0,0,0,-1,0,2.0000,-1,8,3,7,0,18
214.8671,2,0,2,1,0,0,0,-1,0,2.0000,-1,8,3,7,0,18
214.8878,2,0,2,1,0,0,0,-1,0,2.0000,-1,8,3,7,0,18
214.9085,2,0,2,1,0,0,0,-1,1,3.0000,-1,8,3,7,0,18
214.9295,2,0,2,1,0,0,0,-1,0,3.0000,-1,8,3,7,0,18
214.9496,2,0,2,1,0,0,0,-1,0,3.0000,-1,8,3,7,0,18
214.9713,2,0,2,1,0,0,0,-1,0,3.0000,-1,8,3,7,0,18
214.9923,2,0,2,1,0,0,0,-1,0,3.0000,-1,8,3,7,0,18
215.0302,2,0,2,1,0,0,0,-1,0,3.0000,-1,8,3,7,0,18
215.0437,2,0,2,1,0,0,0,-1,0,3.0000,-1,8,3,7,0,18
215.0583,2,0,2,1,0,0,0,-1,0,3.0000,-1,8,3,7,0,18
215.0772,2,0,2,1,0,0,0,-1,0,3.0000,-1,8,3,7,0,18
215.0977,2,0,2,1,0,0,0,-1,0,3.0000,-1,8,3,7,0,18
215.1187,2,0,2,1,0,0,0,-1,0,3.0000,-1,8,3,7,0,18
215.1403,2,0,2,1,0,0,1,61,1,4.0000,-1,8,3,7,0,18
215.1603,2,0,2,1,0,0,1,61,0,4.0000,-1,8,3,7,0,18
215.1815,2,0,2,1,0,0,1,61,0,4.0000,-1,8,3,7,0,18
215.2006,2,0,2,1,0,0,1,61,1,5.0000,-1,8,3,7,0,18
215.2223,2,0,2,1,0,0,1,61,0,5.0000,-1,8,3,7,0,18
215.2427,2,0,2,1,0,0,0,-1,0,5.0000,-1,8,3,7,0,18
215.2654,2,0,2,1,0,0,0,-1,0,5.0000,-1,8,3,7,0,18
215.2867,2,0,2,1,0,0,0,-1,0,5.0000,-1,8,3,7,0,18
215.3076,2,0,2,1,0,0,0,-1,0,5.0000,-1,8,3,7,0,18
215.3281,2,0,2,1,0,0,0,-1,0,5.0000,-1,8,3,7,0,18
215.3483,2,0,2,1,0,0,0,-1,0,5.0000,-1,8,3,7,0,18
215.3706,2,0,2,1,0,0,0,-1,0,5.0000,61,8,4,7,0,19
215.3909,2,0,2,1,0,0,0,-1,0,5.0000,-1,8,4,7,0,19
215.4118,2,0,2,1,0,0,0,-1,0,5.0000,-1,8,4,7,0,19
215.4529,2,0,2,0,0,0,0,-1,0,5.0000,-1,8,4,7,0,19
215.4683,2,0,2,0,1,0,0,-1,0,5.0000,-1,8,4,7,0,19
215.4854,2,0,2,0,1,0,0,-1,0,4.0000,-1,8,4,7,0,19
215.5056,2,0,2,0,1,0,0,-1,0,4.0000,-1,8,4,7,0,19
215.5262,2,0,2,0,1,0,0,-1,0,4.0000,-1,8,4,7,0,19
215.5495,2,0,2,0,1,0,0,-1,0,4.0000,-1,8,4,7,0,19
215.5733,2,0,2,0,1,0,0,-1,0,4.0000,-1,8,4,7,0,19
215.598,2,0,2,0,1,0,0,-1,0,4.0000,-1,8,4,7,0,19
215.622,2,0,2,0,1,0,0,-1,0,4.0000,-1,8,4,7,0,19
215.6676,2,0,2,0,1,0,0,-1,0,3.0000,-1,8,4,7,0,19
215.6821,2,0,2,0,1,0,0,-1,0,3.0000,-1,8,4,7,0,19
215.7002,2,0,2,0,1,0,0,-1,0,3.0000,-1,8,4,7,0,19
215.7248,2,0,2,0,1,0,0,-1,0,3.0000,-1,8,4,7,0,19
215.7484,2,0,2,0,1,0,0,-1,0,3.0000,-1,8,4,7,0,19
215.7724,2,0,2,0,1,0,0,-1,0,3.0000,-1,8,4,7,0,19
215.7959,2,0,2,0,1,0,0,-1,0,3.0000,-1,8,4,7,0,19
215.8199,2,0,2,0,1,0,0,-1,0,3.0000,-1,8,4,7,0,19
215.843,2,0,2,0,1,0,0,-1,0,3.0000,-1,8,4,7,0,19
215.8876,2,0,2,0,1,0,0,-1,0,3.0000,-1,8,4,7,0,19
215.9024,2,0,2,0,1,0,0,-1,0,3.0000,-1,8,4,7,0,19
215.9171,2,0,2,0,1,0,0,-1,0,2.0000,-1,8,4,7,0,19
215.9401,2,0,2,0,1,0,0,-1,0,2.0000,-1,8,4,7,0,19
215.9627,2,0,2,0,1,0,0,-1,0,2.0000,-1,8,4,7,0,19
215.9868,2,0,2,0,1,0,0,-1,0,2.0000,-1,8,4,7,0,19
216.0096,2,0,2,0,1,0,0,-1,0,2.0000,-1,8,4,7,0,19
216.0323,2,0,2,0,1,0,0,-1,0,2.0000,-1,8,4,7,0,19
216.056,2,0,2,0,0,0,0,-1,1,3.0000,-1,8,4,7,0,19
216.0784,2,0,2,0,0,0,0,-1,0,3.0000,-1,8,4,7,0,19
216.1012,2,0,2,0,0,0,0,-1,0,3.0000,-1,8,4,7,0,19
216.1239,2,0,2,0,0,0,0,-1,0,3.0000,-1,8,4,7,0,19
216.1465,2,0,2,0,0,0,0,-1,0,2.0000,-1,8,4,7,0,19
216.1684,2,0,2,0,0,0,0,-1,0,2.0000,-1,8,4,7,0,19
216.1914,2,0,2,0,0,0,0,-1,0,2.0000,-1,8,4,7,0,19
216.2144,2,0,2,0,0,0,0,-1,0,1.0000,-1,8,4,7,0,19
216.2379,2,0,2,0,0,0,0,-1,0,1.0000,-1,8,4,7,0,19
216.2605,2,0,2,0,0,0,0,-1,0,1.0000,-1,8,4,7,0,19
216.3015,2,0,2,0,0,0,0,-1,0,1.0000,-1,8,4,7,0,19
216.3154,2,0,2,0,0,0,0,-1,0,1.0000,-1,8,4,7,0,19
216.3324,2,0,2,0,0,0,0,-1,0,1.0000,-1,8,4,7,0,19
216.3554,2,0,2,0,0,0,0,-1,0,1.0000,-1,8,4,7,0,19
216.378,2,0,2,0,0,0,0,-1,0,1.0000,-1,8,4,7,0,19
216.4,2,0,2,0,0,0,0,-1,0,1.0000,-1,8,4,7,0,19
216.423,2,0,2,0,0,0,0,-1,0,1.0000,-1,8,4,7,0,19
216.4464,2,0,2,0,0,0,0,-1,0,1.0000,-1,8,4,7,0,19
216.4689,2,0,2,0,0,0,0,-1,0,1.0000,-1,8,4,7,0,19
216.5124,2,0,2,0,0,0,0,-1,0,1.0000,-1,8,4,7,0,19
216.528,2,0,2,0,0,0,0,-1,0,1.0000,-1,8,4,7,0,19
216.5424,2,0,2,0,0,0,0,-1,0,1.0000,-1,8,4,7,0,19
216.5648,2,0,2,0,0,0,0,-1,0,1.0000,-1,8,4,7,0,19
216.5876,2,0,2,0,0,0,0,-1,0,1.0000,-1,8,4,7,0,19
216.6099,2,0,2,0,0,0,0,-1,0,1.0000,-1,8,4,7,0,19
216.6329,2,0,2,0,0,0,0,-1,0,1.0000,-1,8,4,7,0,19
216.6548,2,0,2,0,0,0,0,-1,0,1.0000,-1,8,4,7,0,19
216.678,2,0,2,0,0,0,0,-1,0,1.0000,-1,8,4,7,0,19
216.7213,2,0,2,0,0,0,0,-1,0,1.0000,-1,8,4,7,0,19
216.7357,2,0,2,0,0,0,0,-1,0,1.0000,-1,8,4,7,0,19
216.75,2,0,2,0,0,0,0,-1,0,1.0000,-1,8,4,7,0,19
216.773,2,0,2,0,0,0,0,-1,0,1.0000,-1,8,4,7,0,19
216.7954,2,0,2,0,0,0,0,-1,0,1.0000,-1,8,4,7,0,19
216.8183,2,0,2,0,0,0,0,-1,0,1.0000,-1,8,4,7,0,19
216.8412,2,0,2,0,0,0,0,-1,0,1.0000,-1,8,4,7,0,19
216.8647,2,0,2,0,0,0,0,-1,0,1.0000,-1,8,4,7,0,19
216.8877,2,0,2,0,0,0,0,-1,0,1.0000,-1,8,4,7,0,19
216.9118,2,0,2,0,0,0,0,-1,0,1.0000,-1,8,4,7,0,19
216.9333,2,0,2,0,0,0,0,-1,0,1.0000,-1,8,4,7,0,19
216.9574,2,0,2,0,0,0,0,-1,0,1.0000,-1,8,4,7,0,19
216.9807,2,0,2,0,0,0,0,-1,0,1.0000,-1,8,4,7,0,19
217.0052,2,0,2,0,0,0,0,-1,0,1.0000,-1,8,4,7,0,19
217.0294,2,0,2,0,0,0,0,-1,0,1.0000,-1,8,4,7,0,19
217.0528,2,0,2,0,0,0,0,-1,0,1.0000,-1,8,4,7,0,19
217.0769,2,0,2,0,0,0,0,-1,0,0.0000,-1,8,4,7,0,19
217.1005,2,0,2,0,0,0,0,-1,0,0.0000,-1,8,4,7,0,19
217.1238,2,0,2,0,0,0,0,-1,0,0.0000,-1,8,4,7,0,19
217.1478,2,0,2,0,0,0,0,-1,0,0.0000,-1,8,4,7,0,19
217.1726,2,0,2,0,0,0,0,-1,0,0.0000,-1,8,4,7,0,19
217.1961,2,0,2,0,0,0,0,-1,0,0.0000,-1,8,4,7,0,19
217.2209,2,0,2,0,0,0,0,-1,0,0.0000,-1,8,4,7,0,19
217.2443,2,0,2,0,0,0,0,-1,0,0.0000,-1,8,4,7,0,19
217.269,2,0,2,0,0,0,0,-1,0,0.0000,-1,8,4,7,0,19
217.2922,2,0,2,0,0,0,0,-1,0,0.0000,-1,8,4,7,0,19
217.3151,2,0,2,0,0,0,0,-1,0,0.0000,-1,8,4,7,0,19
217.3387,2,0,2,0,0,0,0,-1,1,1.0000,-1,8,4,7,0,19
217.362,2,0,2,0,0,0,0,-1,0,1.0000,-1,8,4,7,0,19
217.3865,2,0,2,0,0,0,0,-1,0,1.0000,-1,8,4,7,0,19
217.41,2,0,2,0,0,0,0,-1,0,1.0000,-1,8,4,7,0,19
217.4329,2,0,2,0,0,0,0,-1,0,1.0000,-1,8,4,7,0,19
217.4557,2,0,2,0,0,0,0,-1,0,1.0000,-1,8,4,7,0,19
217.4793,2,0,2,0,0,0,0,-1,0,1.0000,-1,8,4,7,0,19
217.5028,2,0,2,0,0,0,0,-1,0,1.0000,-1,8,4,7,0,19
217.5263,2,0,2,0,0,0,0,-1,0,1.0000,-1,8,4,7,0,19
217.5502,2,0,2,0,0,0,0,-1,0,1.0000,-1,8,4,7,0,19
217.5737,2,0,2,0,0,0,0,-1,0,1.0000,-1,8,4,7,0,19
217.5979,2,0,2,0,0,0,0,-1,0,1.0000,-1,8,4,7,0,19
217.621,2,0,2,0,0,0,0,-1,0,1.0000,-1,8,4,7,0,19
217.6444,2,0,2,0,0,0,0,-1,0,1.0000,-1,8,4,7,0,19
217.6676,2,0,2,0,0,0,0,-1,0,1.0000,-1,8,4,7,0,19
217.6922,2,0,2,0,0,0,0,-1,0,1.0000,-1,8,4,7,0,19
217.7155,2,0,2,0,0,0,0,-1,0,1.0000,-1,8,4,7,0,19
217.7399,2,0,2,0,0,0,0,-1,0,1.0000,-1,8,4,7,0,19
217.7643,2,0,2,0,0,0,0,-1,0,1.0000,-1,8,4,7,0,19
217.7881,2,0,2,0,0,0,0,-1,0,1.0000,-1,8,4,7,0,19
217.8122,2,0,2,0,0,0,0,-1,0,1.0000,-1,8,4,7,0,19
217.8352,2,0,2,0,0,0,0,-1,0,1.0000,-1,8,4,7,0,19
217.8591,2,0,2,0,0,0,0,-1,0,1.0000,-1,8,4,7,0,19
217.8834,2,0,2,0,0,0,0,-1,0,1.0000,-1,8,4,7,0,19
217.9074,2,0,2,0,0,0,0,-1,0,1.0000,-1,8,4,7,0,19
217.9309,2,0,2,0,0,0,0,-1,0,1.0000,-1,8,4,7,0,19
217.9548,2,0,2,0,0,0,0,-1,0,1.0000,-1,8,4,7,0,19
217.9784,2,0,2,0,0,0,0,-1,0,1.0000,-1,8,4,7,0,19
218.0015,2,0,2,0,0,0,0,-1,0,1.0000,-1,8,4,7,0,19
218.0255,2,0,2,0,0,0,0,-1,0,1.0000,-1,8,4,7,0,19
218.049,2,0,2,0,0,0,0,-1,0,1.0000,-1,8,4,7,0,19
218.0736,2,0,2,0,0,0,0,-1,0,1.0000,-1,8,4,7,0,19
218.0977,2,0,2,1,0,0,0,-1,0,1.0000,-1,8,4,7,0,19
218.1216,2,0,2,1,0,0,0,-1,0,1.0000,-1,8,4,7,0,19
218.1463,2,0,2,1,0,0,0,-1,1,2.0000,-1,8,4,7,0,19
218.168,2,0,2,1,0,0,0,-1,0,2.0000,-1,8,4,7,0,19
218.2193,2,0,2,1,0,0,0,-1,0,2.0000,-1,8,4,7,0,19
218.2357,2,0,2,1,0,0,0,-1,1,3.0000,-1,8,4,7,0,19
218.2558,2,0,2,1,0,0,0,-1,0,3.0000,-1,8,4,7,0,19
218.2741,2,0,2,1,0,0,0,-1,0,3.0000,-1,8,4,7,0,19
218.3003,2,0,2,1,0,0,0,-1,0,3.0000,-1,8,4,7,0,19
218.3203,2,0,2,1,0,0,0,-1,0,3.0000,-1,8,4,7,0,19
218.3446,2,0,2,1,0,0,0,-1,0,2.0000,-1,8,4,7,0,19
218.3694,2,0,2,1,0,0,0,-1,0,2.0000,-1,8,4,7,0,19
218.3939,2,0,2,1,0,0,0,-1,0,2.0000,-1,8,4,7,0,19
218.4189,2,0,2,1,0,0,0,-1,0,2.0000,-1,8,4,7,0,19
218.4426,2,0,2,1,0,0,0,-1,0,2.0000,-1,8,4,7,0,19
218.4666,2,0,2,1,0,0,0,-1,0,2.0000,-1,8,4,7,0,19
218.4908,2,0,2,1,0,0,0,-1,0,2.0000,-1,8,4,7,0,19
218.5153,2,0,2,1,0,0,0,-1,0,2.0000,-1,8,4,7,0,19
218.5403,2,0,2,1,0,0,0,-1,0,2.0000,-1,8,4,7,0,19
218.5632,2,0,2,1,0,0,0,-1,0,2.0000,-1,8,4,7,0,19
218.585,2,0,2,1,0,0,0,-1,0,2.0000,-1,8,4,7,0,19
218.607,2,0,2,1,0,0,0,-1,0,2.0000,-1,8,4,7,0,19
218.6279,2,0,2,1,0,0,0,-1,0,2.0000,-1,8,4,7,0,19
218.6474,2,0,2,1,0,0,0,-1,0,2.0000,-1,8,4,7,0,19
218.6688,2,0,2,1,0,0,0,-1,0,2.0000,-1,8,4,7,0,19
218.6893,2,0,2,1,0,0,0,-1,1,3.0000,-1,8,4,7,0,19
218.709,2,0,2,1,0,0,0,-1,0,3.0000,-1,8,4,7,0,19
218.7305,2,0,2,1,0,0,0,-1,0,3.0000,-1,8,4,7,0,19
218.7527,2,0,2,1,0,0,0,-1,0,3.0000,-1,8,4,7,0,19
218.7727,2,0,2,0,1,0,1,68,0,3.0000,-1,8,4,7,0,19
218.7924,2,0,2,0,1,0,1,68,0,3.0000,-1,8,4,7,0,19
218.8299,2,0,2,0,1,0,1,68,0,3.0000,-1,8,4,7,0,19
218.8432,2,0,2,0,1,0,1,68,0,3.0000,-1,8,4,7,0,19
218.8569,2,0,2,0,1,0,1,68,0,3.0000,-1,8,4,7,0,19
218.8773,2,0,2,0,1,0,1,68,0,3.0000,-1,8,4,7,0,19
218.8978,2,0,2,0,1,0,1,68,0,3.0000,-1,8,4,7,0,19
218.9196,2,0,2,0,1,0,1,68,0,3.0000,-1,8,4,7,0,19
218.9394,2,0,2,0,1,0,1,68,0,3.0000,-1,8,4,7,0,19
218.9589,2,0,2,0,1,0,1,68,0,3.0000,-1,8,4,7,0,19
218.9787,2,0,2,0,1,0,1,68,0,3.0000,-1,8,4,7,0,19
219.0004,2,0,2,0,1,0,1,68,0,3.0000,-1,8,4,7,0,19
219.0376,2,0,2,0,1,0,1,68,0,3.0000,-1,8,4,7,0,19
219.0516,2,0,2,0,1,0,1,68,0,3.0000,-1,8,4,7,0,19
219.066,2,0,2,0,1,0,1,68,0,3.0000,-1,8,4,7,0,19
219.0867,2,0,2,0,1,0,1,68,0,3.0000,-1,8,4,7,0,19
219.1082,2,0,2,0,1,0,1,68,0,3.0000,-1,8,4,7,0,19
219.1287,2,0,2,0,1,0,1,68,0,3.0000,-1,8,4,7,0,19
219.148,2,0,2,0,1,0,1,68,0,2.0000,-1,8,4,7,0,19
219.1695,2,0,2,0,1,0,1,68,0,2.0000,-1,8,4,7,0,19
219.1898,2,0,2,0,1,0,1,68,0,2.0000,-1,8,4,7,0,19
219.2106,2,0,2,0,1,0,1,68,0,2.0000,-1,8,4,7,0,19
219.232,2,0,2,0,1,0,1,68,0,2.0000,-1,8,4,7,0,19
219.2545,2,0,2,0,1,0,1,68,0,1.0000,-1,8,4,7,0,19
219.275,2,0,2,0,1,0,1,68,0,1.0000,-1,8,4,7,0,19
219.2965,2,0,2,0,1,0,1,68,0,1.0000,-1,8,4,7,0,19
219.3179,2,0,2,0,1,0,1,68,0,1.0000,-1,8,4,7,0,19
219.337,2,0,2,0,0,0,1,68,0,1.0000,-1,8,4,7,0,19
219.3586,2,0,2,0,0,0,0,-1,0,1.0000,-1,8,4,7,0,19
219.3781,2,0,2,0,0,0,0,-1,0,1.0000,-1,8,4,7,0,19
219.399,2,0,2,0,0,0,0,-1,0,1.0000,-1,8,4,7,0,19
219.4208,3,1,3,0,0,0,0,-1,0,1.0000,68,8,4,8,0,20
219.459,3,0,3,0,0,0,0,-1,0,1.0000,-1,8,4,8,0,20
219.4739,3,0,3,0,0,0,0,-1,0,1.0000,-1,8,4,8,0,20
219.4879,3,0,3,0,0,0,0,-1,0,1.0000,-1,8,4,8,0,20
219.509,3,0,3,0,0,0,0,-1,0,1.0000,-1,8,4,8,0,20
219.5299,3,0,3,0,0,0,0,-1,0,1.0000,-1,8,4,8,0,20
219.5511,3,0,3,0,0,0,0,-1,0,1.0000,-1,8,4,8,0,20
219.569,3,0,3,0,0,0,0,-1,0,1.0000,-1,8,4,8,0,20
219.5898,3,0,3,0,0,0,0,-1,0,1.0000,-1,8,4,8,0,20
219.6102,3,0,3,0,0,0,0,-1,0,1.0000,-1,8,4,8,0,20
219.631,3,0,3,0,0,0,0,-1,0,1.0000,-1,8,4,8,0,20
219.6716,3,0,3,0,0,0,0,-1,0,1.0000,-1,8,4,8,0,20
219.6867,3,0,3,0,0,0,0,-1,0,1.0000,-1,8,4,8,0,20
219.7005,3,0,3,0,0,0,0,-1,0,0.0000,-1,8,4,8,0,20
219.7171,3,0,3,0,0,0,0,-1,0,0.0000,-1,8,4,8,0,20
219.7376,3,0,3,0,0,0,0,-1,0,0.0000,-1,8,4,8,0,20
219.7573,3,0,3,0,0,0,0,-1,0,0.0000,-1,8,4,8,0,20
219.7777,3,0,3,0,0,0,0,-1,0,0.0000,-1,8,4,8,0,20
219.7993,3,0,3,0,0,0,1,69,0,0.0000,-1,8,4,8,0,20
219.8206,3,0,3,0,0,0,1,69,0,0.0000,-1,8,4,8,0,20
219.8425,3,0,3,0,0,0,1,69,0,0.0000,-1,8,4,8,0,20
219.8811,3,0,3,0,0,0,1,69,0,0.0000,-1,8,4,8,0,20
219.8945,3,0,3,0,0,0,1,69,0,0.0000,-1,8,4,8,0,20
219.9075,3,0,3,0,0,0,1,69,0,0.0000,-1,8,4,8,0,20
219.9282,3,0,3,0,0,0,1,69,0,0.0000,-1,8,4,8,0,20
219.9485,3,0,3,0,0,0,1,69,0,0.0000,-1,8,4,8,0,20
219.9687,3,0,3,0,0,0,1,69,0,0.0000,-1,8,4,8,0,20
219.9901,3,0,3,0,0,0,1,69,0,0.0000,-1,8,4,8,0,20
220.0105,3,0,3,0,0,0,1,69,0,0.0000,-1,8,4,8,0,20
220.0313,3,0,3,1,0,0,1,69,0,0.0000,-1,8,4,8,0,20
220.0527,3,0,3,1,0,0,1,69,0,0.0000,-1,8,4,8,0,20
220.0927,3,0,3,1,0,0,1,69,0,0.0000,-1,8,4,8,0,20
220.1077,3,0,3,1,0,0,1,69,0,0.0000,-1,8,4,8,0,20
220.121,3,0,3,1,0,0,1,69,0,0.0000,-1,8,4,8,0,20
220.1389,3,0,3,1,0,0,1,69,0,0.0000,-1,8,4,8,0,20
220.1583,3,0,3,1,0,0,1,69,0,0.0000,-1,8,4,8,0,20
220.1799,3,0,3,1,0,0,1,69,0,0.0000,-1,8,4,8,0,20
220.1999,3,0,3,1,0,0,1,69,0,0.0000,-1,8,4,8,0,20
220.2216,3,0,3,1,0,0,1,69,0,0.0000,-1,8,4,8,0,20
220.2429,3,0,3,1,0,0,1,69,0,0.0000,-1,8,4,8,0,20
220.2646,3,0,3,1,0,0,1,69,0,0.0000,-1,8,4,8,0,20
220.3017,3,0,3,1,0,0,1,69,0,0.0000,-1,8,4,8,0,20
220.3155,3,0,3,1,0,0,1,69,0,0.0000,-1,8,4,8,0,20
220.3277,3,0,3,1,0,0,1,69,0,0.0000,-1,8,4,8,0,20
220.3477,3,0,3,1,0,0,1,69,0,0.0000,-1,8,4,8,0,20
220.3677,3,0,3,1,0,0,1,69,0,0.0000,-1,8,4,8,0,20
220.3888,3,0,3,1,0,0,1,69,0,0.0000,-1,8,4,8,0,20
220.4096,3,0,3,1,0,0,1,69,0,0.0000,-1,8,4,8,0,20
220.4304,3,0,3,1,0,0,1,69,0,0.0000,-1,8,4,8,0,20
220.4528,3,0,3,1,0,0,1,69,0,0.0000,-1,8,4,8,0,20
220.4715,3,0,3,1,0,0,1,69,0,0.0000,-1,8,4,8,0,20
220.4907,3,0,3,1,0,0,1,69,0,0.0000,-1,8,4,8,0,20
220.5115,3,0,3,1,0,0,1,69,0,0.0000,-1,8,4,8,0,20
220.532,3,0,3,1,0,0,1,69,0,0.0000,-1,8,4,8,0,20
220.5523,3,0,3,1,0,0,1,69,0,0.0000,-1,8,4,8,0,20
220.574,3,0,3,1,0,0,0,-1,1,1.0000,69,8,4,9,0,21
220.5946,3,0,3,1,0,0,0,-1,0,1.0000,-1,8,4,9,0,21
220.6133,3,0,3,1,0,0,0,-1,0,1.0000,-1,8,4,9,0,21
220.6346,3,0,3,1,0,0,0,-1,0,1.0000,-1,8,4,9,0,21
220.6547,3,0,3,1,0,0,0,-1,0,1.0000,-1,8,4,9,0,21
220.6762,3,0,3,1,0,0,0,-1,0,1.0000,-1,8,4,9,0,21
220.716,3,0,3,1,0,0,0,-1,0,1.0000,-1,8,4,9,0,21
220.7297,3,0,3,1,0,0,0,-1,0,1.0000,-1,8,4,9,0,21
220.7433,3,0,3,1,0,0,1,73,0,1.0000,-1,8,4,9,0,21
220.7626,3,0,3,1,0,0,1,73,0,1.0000,-1,8,4,9,0,21
220.783,3,0,3,1,0,0,1,73,0,1.0000,-1,8,4,9,0,21
220.8021,3,0,3,1,0,0,1,73,0,1.0000,-1,8,4,9,0,21
220.8228,3,0,3,1,0,0,1,73,0,1.0000,-1,8,4,9,0,21
220.8446,3,0,3,1,0,0,1,73,0,1.0000,-1,8,4,9,0,21
220.8651,3,0,3,1,0,0,1,73,0,1.0000,-1,8,4,9,0,21
220.8859,3,0,3,1,0,0,1,73,0,1.0000,-1,8,4,9,0,21
220.9072,3,0,3,1,0,0,1,73,0,1.0000,-1,8,4,9,0,21
220.9276,3,0,3,1,0,0,1,73,0,1.0000,-1,8,4,9,0,21
220.9469,3,0,3,1,0,0,1,73,0,1.0000,-1,8,4,9,0,21
220.9674,3,0,3,1,0,0,1,73,1,2.0000,-1,8,4,9,0,21
220.9886,3,0,3,1,0,0,1,73,0,2.0000,-1,8,4,9,0,21
221.009,3,0,3,1,0,0,0,-1,0,2.0000,-1,8,4,9,0,21
221.03,3,0,3,1,0,0,0,-1,0,2.0000,-1,8,4,9,0,21
221.0519,3,0,3,1,0,0,0,-1,0,2.0000,-1,8,4,9,0,21
221.0719,3,0,3,1,0,0,0,-1,0,2.0000,-1,8,4,9,0,21
221.0927,3,0,3,1,0,0,0,-1,0,2.0000,-1,8,4,9,0,21
221.1317,3,0,3,1,0,0,0,-1,0,2.0000,-1,8,4,9,0,21
221.145,3,0,3,1,0,0,0,-1,0,2.0000,-1,8,4,9,0,21
221.1592,3,0,3,1,0,0,0,-1,0,2.0000,-1,8,4,9,0,21
221.1789,3,0,3,1,0,0,0,-1,0,2.0000,-1,8,4,9,0,21
221.1987,3,0,3,1,0,0,0,-1,0,2.0000,-1,8,4,9,0,21
221.2201,3,0,3,1,0,0,0,-1,0,2.0000,-1,8,4,9,0,21
221.2413,3,0,3,1,0,0,0,-1,0,2.0000,-1,8,4,9,0,21
221.2616,3,0,3,1,0,0,0,-1,0,2.0000,-1,8,4,9,0,21
221.2828,3,0,3,1,0,0,0,-1,0,2.0000,-1,8,4,9,0,21
221.3026,3,0,3,1,0,0,0,-1,0,2.0000,-1,8,4,9,0,21
221.3233,3,0,3,1,0,0,0,-1,0,2.0000,-1,8,4,9,0,21
221.3427,3,0,3,1,0,0,0,-1,0,2.0000,-1,8,4,9,0,21
221.3639,3,0,3,1,0,0,0,-1,0,2.0000,-1,8,4,9,0,21
221.3855,3,0,3,1,0,0,0,-1,0,2.0000,-1,8,4,9,0,21
221.4061,3,0,3,1,0,0,0,-1,0,2.0000,-1,8,4,9,0,21
221.4271,3,0,3,1,0,0,0,-1,0,2.0000,-1,8,4,9,0,21
221.4467,3,0,3,1,0,0,0,-1,0,2.0000,-1,8,4,9,0,21
221.4673,3,0,3,1,0,0,0,-1,0,2.0000,-1,8,4,9,0,21
221.4868,3,0,3,1,0,0,0,-1,0,2.0000,-1,8,4,9,0,21
221.5087,3,0,3,1,0,0,0,-1,0,2.0000,-1,8,4,9,0,21
221.5299,3,0,3,1,0,0,0,-1,0,2.0000,-1,8,4,9,0,21
221.5504,3,0,3,1,0,0,0,-1,0,2.0000,-1,8,4,9,0,21
221.5706,3,0,3,1,0,0,0,-1,0,2.0000,-1,8,4,9,0,21
221.59,3,0,3,1,0,0,0,-1,0,1.0000,-1,8,4,9,0,21
221.6094,3,0,3,1,0,0,0,-1,0,1.0000,-1,8,4,9,0,21
221.6304,3,0,3,1,0,0,0,-1,0,1.0000,-1,8,4,9,0,21
221.6514,3,0,3,1,0,0,0,-1,0,1.0000,-1,8,4,9,0,21
221.6725,3,0,3,1,0,0,0,-1,0,1.0000,-1,8,4,9,0,21
221.6918,3,0,3,1,0,0,0,-1,0,1.0000,-1,8,4,9,0,21
221.7112,3,0,3,1,0,0,0,-1,0,1.0000,-1,8,4,9,0,21
221.7316,3,0,3,1,0,0,0,-1,0,1.0000,-1,8,4,9,0,21
221.7521,3,0,3,1,0,0,0,-1,0,1.0000,-1,8,4,9,0,21
221.773,3,0,3,1,0,0,0,-1,0,1.0000,-1,8,4,9,0,21
221.793,3,0,3,1,0,0,1,71,0,1.0000,-1,8,4,9,0,21
221.8135,3,0,3,1,0,0,1,71,0,1.0000,-1,8,4,9,0,21
221.8328,3,0,3,1,0,0,1,71,0,1.0000,-1,8,4,9,0,21
221.8527,3,0,3,1,0,0,1,71,0,1.0000,-1,8,4,9,0,21
221.8758,3,0,3,1,0,0,1,71,0,1.0000,-1,8,4,9,0,21
221.8962,3,0,3,1,0,0,0,-1,0,1.0000,-1,8,4,9,0,21
221.9153,3,0,3,1,0,0,0,-1,0,1.0000,-1,8,4,9,0,21
221.9349,3,0,3,1,0,0,0,-1,0,1.0000,-1,8,4,9,0,21
221.9554,3,0,3,1,0,0,0,-1,0,1.0000,-1,8,4,9,0,21
221.9749,3,0,3,1,0,0,0,-1,0,0.0000,-1,8,4,9,0,21
221.9966,3,0,3,1,0,0,0,-1,0,0.0000,-1,8,4,9,0,21
222.0176,3,0,3,1,0,0,0,-1,0,0.0000,-1,8,4,9,0,21
222.0374,3,0,3,1,0,0,0,-1,0,0.0000,-1,8,4,9,0,21
222.0572,3,0,3,1,0,0,0,-1,0,0.0000,-1,8,4,9,0,21
222.0784,3,0,3,1,0,0,0,-1,0,0.0000,-1,8,4,9,0,21
222.0986,3,0,3,1,0,0,0,-1,0,0.0000,-1,8,4,9,0,21
222.1195,3,0,3,1,0,0,0,-1,0,0.0000,-1,8,4,9,0,21
222.1413,3,0,3,1,0,0,0,-1,0,0.0000,-1,8,4,9,0,21
222.1605,3,0,3,1,0,0,0,-1,0,0.0000,-1,8,4,9,0,21
222.18,3,0,3,1,0,0,0,-1,0,0.0000,-1,8,4,9,0,21
222.2,3,0,3,1,1,0,0,-1,0,0.0000,-1,8,4,9,0,21
222.2209,3,0,3,1,1,0,0,-1,0,0.0000,-1,8,4,9,0,21
222.242,3,0,3,1,1,0,1,74,0,0.0000,-1,8,4,9,0,21
222.2609,3,0,3,1,1,0,1,74,0,0.0000,-1,8,4,9,0,21
222.2803,3,0,3,1,1,0,1,74,0,0.0000,-1,8,4,9,0,21
222.3006,3,0,3,1,1,0,1,74,0,0.0000,-1,8,4,9,0,21
222.3195,3,0,3,1,1,0,1,74,0,0.0000,-1,8,4,9,0,21
222.3405,3,0,3,1,1,0,1,74,0,0.0000,-1,8,4,9,0,21
222.3598,3,0,3,1,1,0,1,74,0,0.0000,-1,8,4,9,0,21
222.3797,3,0,3,1,1,0,1,74,0,0.0000,-1,8,4,9,0,21
222.3982,3,0,3,1,1,0,1,74,0,0.0000,-1,8,4,9,0,21
222.4196,3,0,3,1,1,0,1,74,0,0.0000,-1,8,4,9,0,21
222.4399,3,0,3,1,1,0,1,74,0,0.0000,-1,8,4,9,0,21
222.4587,3,0,3,1,1,0,1,74,0,0.0000,-1,8,4,9,0,21
222.4787,3,0,3,1,1,0,1,74,1,1.0000,-1,8,4,9,0,21
222.4996,3,0,3,1,1,0,1,74,0,1.0000,-1,8,4,9,0,21
222.5203,3,0,3,1,1,0,0,-1,0,1.0000,-1,8,4,9,0,21
222.5418,3,0,3,1,1,0,1,71,0,1.0000,-1,8,4,9,0,21
222.5618,3,0,3,1,1,0,1,71,0,1.0000,-1,8,4,9,0,21
222.5804,3,0,3,1,1,0,1,71,0,1.0000,-1,8,4,9,0,21
222.6008,3,0,3,1,1,0,1,71,0,1.0000,-1,8,4,9,0,21
222.6214,3,0,3,1,1,0,1,71,0,1.0000,-1,8,4,9,0,21
222.6418,3,0,3,1,1,0,1,71,0,1.0000,-1,8,4,9,0,21
222.6634,3,0,3,1,1,0,1,75,0,1.0000,-1,8,4,9,0,21
222.6837,3,0,3,1,1,0,1,75,0,1.0000,-1,8,4,9,0,21
222.7027,3,0,3,1,1,0,1,75,0,1.0000,-1,8,4,9,0,21
222.7231,3,0,3,1,1,0,1,75,0,1.0000,-1,8,4,9,0,21
222.7444,3,0,3,1,1,0,1,75,0,1.0000,-1,8,4,9,0,21
222.7848,3,0,3,1,1,0,1,75,0,1.0000,-1,8,4,9,0,21
222.7982,3,0,3,1,1,0,1,75,0,1.0000,-1,8,4,9,0,21
222.8121,3,0,3,1,1,0,1,75,0,1.0000,-1,8,4,9,0,21
222.832,3,0,3,1,1,0,1,75,0,1.0000,-1,8,4,9,0,21
222.8526,3,0,3,1,1,0,1,75,1,2.0000,-1,8,4,9,0,21
222.874,3,0,3,1,1,0,1,75,0,2.0000,-1,8,4,9,0,21
222.8939,3,0,3,1,0,0,1,75,0,2.0000,-1,8,4,9,0,21
222.9151,3,0,3,1,0,0,0,-1,0,2.0000,-1,8,4,9,0,21
222.9371,3,0,3,1,0,0,0,-1,0,2.0000,-1,8,4,9,0,21
222.9563,3,0,3,1,0,0,0,-1,0,2.0000,-1,8,4,9,0,21
222.996,3,0,3,1,0,0,0,-1,0,2.0000,-1,8,4,9,0,21
223.0096,3,0,3,1,0,0,0,-1,0,2.0000,-1,8,4,9,0,21
223.023,3,0,3,1,0,0,0,-1,0,2.0000,-1,8,4,9,0,21
223.0418,3,0,3,1,0,0,0,-1,0,2.0000,-1,8,4,9,0,21
223.064,3,0,3,1,0,0,0,-1,0,2.0000,-1,8,4,9,0,21
223.0843,3,0,3,1,0,0,0,-1,0,2.0000,-1,8,4,9,0,21
223.1052,3,0,3,1,0,0,0,-1,0,2.0000,-1,8,4,9,0,21
223.1244,3,0,3,1,0,0,0,-1,0,2.0000,-1,8,4,9,0,21
223.1426,3,0,3,1,0,0,0,-1,0,2.0000,-1,8,4,9,0,21
223.1631,3,0,3,1,0,0,0,-1,0,2.0000,-1,8,4,9,0,21
223.1847,3,0,3,1,0,0,0,-1,0,2.0000,-1,8,4,9,0,21
223.2045,3,0,3,1,0,0,0,-1,0,2.0000,-1,8,4,9,0,21
223.2235,3,0,3,1,0,0,0,-1,0,2.0000,-1,8,4,9,0,21
223.243,3,0,3,1,0,0,0,-1,0,2.0000,-1,8,4,9,0,21
223.2642,3,0,3,1,0,0,0,-1,0,2.0000,-1,8,4,9,0,21
223.2862,3,0,3,1,0,0,0,-1,0,2.0000,-1,8,4,9,0,21
223.3073,3,0,3,1,0,0,0,-1,0,2.0000,-1,8,4,9,0,21
223.3257,3,0,3,1,0,0,0,-1,0,2.0000,-1,8,4,9,0,21
223.3468,3,0,3,1,0,0,0,-1,0,2.0000,-1,8,4,9,0,21
223.3677,3,0,3,1,0,0,0,-1,0,2.0000,-1,8,4,9,0,21
223.3884,3,0,3,1,0,0,0,-1,0,2.0000,-1,8,4,9,0,21
223.4103,3,0,3,1,0,0,0,-1,0,2.0000,-1,8,4,9,0,21
223.4334,3,0,3,1,0,0,0,-1,0,2.0000,-1,8,4,9,0,21
223.4536,3,0,3,1,0,0,0,-1,0,2.0000,-1,8,4,9,0,21
223.4734,3,0,3,1,0,0,0,-1,0,2.0000,-1,8,4,9,0,21
223.4931,3,0,3,1,0,0,0,-1,0,1.0000,-1,8,4,9,0,21
223.5144,3,0,3,1,0,0,0,-1,0,1.0000,-1,8,4,9,0,21
223.5352,3,0,3,1,0,0,0,-1,0,1.0000,-1,8,4,9,0,21
223.5553,3,0,3,1,0,0,0,-1,0,1.0000,-1,8,4,9,0,21
223.5768,3,0,3,1,0,0,0,-1,0,1.0000,-1,8,4,9,0,21
223.5988,3,0,3,1,0,0,0,-1,0,1.0000,-1,8,4,9,0,21
223.6215,3,0,3,1,0,0,0,-1,1,2.0000,-1,8,4,9,0,21
223.6425,3,0,3,1,0,0,0,-1,0,2.0000,-1,8,4,9,0,21
223.6614,3,0,3,1,0,0,0,-1,0,2.0000,-1,8,4,9,0,21
223.6824,3,0,3,1,0,0,0,-1,0,2.0000,-1,8,4,9,0,21
223.7028,3,0,3,1,0,0,0,-1,0,2.0000,-1,8,4,9,0,21
223.7236,3,0,3,1,0,0,0,-1,0,2.0000,-1,8,4,9,0,21
223.7459,3,0,3,1,0,0,0,-1,0,2.0000,-1,8,4,9,0,21
223.7669,3,0,3,1,0,0,0,-1,0,2.0000,-1,8,4,9,0,21
223.7877,3,0,3,1,0,0,0,-1,0,2.0000,-1,8,4,9,0,21
223.8101,3,0,3,1,0,0,0,-1,0,2.0000,-1,8,4,9,0,21
223.8321,3,0,3,1,0,0,0,-1,0,2.0000,-1,8,4,9,0,21
223.8532,3,0,3,1,0,0,0,-1,0,1.0000,-1,8,4,9,0,21
223.8723,3,0,3,1,0,0,0,-1,0,1.0000,-1,8,4,9,0,21
223.8938,3,0,3,1,0,0,0,-1,0,1.0000,-1,8,4,9,0,21
223.9158,3,0,3,1,0,0,0,-1,0,1.0000,-1,8,4,9,0,21
223.9375,3,0,3,1,0,0,0,-1,0,1.0000,-1,8,4,9,0,21
223.9596,3,0,3,1,0,0,0,-1,0,1.0000,-1,8,4,9,0,21
223.9795,3,0,3,1,0,0,0,-1,0,1.0000,-1,8,4,9,0,21
224.0026,3,0,3,1,0,0,0,-1,0,1.0000,-1,8,4,9,0,21
224.0418,3,0,3,1,0,0,0,-1,0,1.0000,-1,8,4,9,0,21
224.0551,3,0,3,1,0,0,0,-1,0,1.0000,-1,8,4,9,0,21
224.0682,3,0,3,1,0,0,0,-1,0,1.0000,-1,8,4,9,0,21
224.0876,3,0,3,1,0,0,0,-1,0,1.0000,-1,8,4,9,0,21
224.1089,3,0,3,1,0,0,0,-1,0,1.0000,-1,8,4,9,0,21
224.1297,3,0,3,1,0,0,0,-1,0,1.0000,-1,8,4,9,0,21
224.1497,3,0,3,1,0,0,0,-1,0,1.0000,-1,8,4,9,0,21
224.1706,3,0,3,1,0,0,0,-1,0,1.0000,-1,8,4,9,0,21
224.1913,3,0,3,1,0,0,0,-1,0,1.0000,-1,8,4,9,0,21
224.213,3,0,3,1,0,0,0,-1,0,1.0000,-1,8,4,9,0,21
224.2526,3,0,3,1,0,0,0,-1,0,1.0000,-1,8,4,9,0,21
224.2658,3,0,3,1,0,0,0,-1,0,1.0000,-1,8,4,9,0,21
224.2796,3,0,3,1,0,0,0,-1,0,1.0000,-1,8,4,9,0,21
224.2988,3,0,3,1,0,0,0,-1,0,1.0000,-1,8,4,9,0,21
224.32,3,0,3,1,0,0,0,-1,0,1.0000,-1,8,4,9,0,21
224.3412,3,0,3,1,0,0,0,-1,0,1.0000,-1,8,4,9,0,21
224.362,3,0,3,1,0,0,0,-1,0,1.0000,-1,8,4,9,0,21
224.3821,3,0,3,1,0,0,0,-1,0,1.0000,-1,8,4,9,0,21
224.4047,3,0,3,1,0,0,0,-1,0,1.0000,-1,8,4,9,0,21
224.4242,3,0,3,1,0,0,0,-1,0,1.0000,-1,8,4,9,0,21
224.4455,3,0,3,1,0,0,0,-1,0,1.0000,-1,8,4,9,0,21
224.466,3,0,3,1,0,0,0,-1,0,1.0000,-1,8,4,9,0,21
224.4868,3,0,3,1,0,0,0,-1,0,1.0000,-1,8,4,9,0,21
224.5082,3,0,3,1,0,0,0,-1,0,1.0000,-1,8,4,9,0,21
224.5285,3,0,3,1,0,0,0,-1,0,1.0000,-1,8,4,9,0,21
224.5502,3,0,3,1,0,0,0,-1,0,1.0000,-1,8,4,9,0,21
224.5708,3,0,3,1,0,0,0,-1,0,1.0000,-1,8,4,9,0,21
224.591,3,0,3,1,0,0,0,-1,0,1.0000,-1,8,4,9,0,21
224.6124,3,0,3,1,0,0,0,-1,0,1.0000,-1,8,4,9,0,21
224.6327,3,0,3,1,0,0,0,-1,0,0.0000,-1,8,4,9,0,21
224.6541,3,0,3,1,0,0,0,-1,0,0.0000,-1,8,4,9,0,21
224.6745,3,0,3,1,0,0,0,-1,0,0.0000,-1,8,4,9,0,21
224.6955,3,0,3,1,0,0,0,-1,0,0.0000,-1,8,4,9,0,21
224.7166,3,0,3,1,0,0,0,-1,0,0.0000,-1,8,4,9,0,21
224.7368,3,0,3,1,0,0,0,-1,0,0.0000,-1,8,4,9,0,21
224.7565,3,0,3,1,0,0,0,-1,0,0.0000,-1,8,4,9,0,21
224.7777,3,0,3,1,0,0,0,-1,0,0.0000,-1,8,4,9,0,21
224.7994,3,0,3,1,0,0,0,-1,0,0.0000,-1,8,4,9,0,21
224.8201,3,0,3,1,0,0,0,-1,0,0.0000,-1,8,4,9,0,21
224.8413,3,0,3,1,0,0,0,-1,0,0.0000,-1,8,4,9,0,21
224.8617,3,0,3,1,0,0,0,-1,0,0.0000,-1,8,4,9,0,21
224.8833,3,0,3,1,0,0,0,-1,0,0.0000,-1,8,4,9,0,21
224.905,3,0,3,1,0,0,0,-1,0,0.0000,-1,8,4,9,0,21
224.9244,3,0,3,1,0,0,0,-1,0,0.0000,-1,8,4,9,0,21
224.9461,3,0,3,1,0,0,0,-1,0,0.0000,-1,8,4,9,0,21
224.967,3,0,3,1,0,0,0,-1,0,0.0000,-1,8,4,9,0,21
224.9879,3,0,3,1,0,0,0,-1,0,0.0000,-1,8,4,9,0,21
225.0094,3,0,3,1,0,0,0,-1,0,0.0000,-1,8,4,9,0,21
225.0296,3,0,3,1,0,0,0,-1,0,0.0000,-1,8,4,9,0,21
225.0508,3,0,3,1,0,0,0,-1,0,0.0000,-1,8,4,9,0,21
225.0711,3,0,3,1,0,0,0,-1,0,0.0000,-1,8,4,9,0,21
225.0921,3,0,3,1,0,0,0,-1,0,0.0000,-1,8,4,9,0,21
225.1121,3,0,3,1,0,0,0,-1,0,0.0000,-1,8,4,9,0,21
225.1337,3,0,3,1,0,0,0,-1,0,0.0000,-1,8,4,9,0,21
225.1548,3,0,3,1,0,0,0,-1,0,0.0000,-1,8,4,9,0,21
225.1756,3,0,3,1,0,0,0,-1,0,0.0000,-1,8,4,9,0,21
225.1965,3,0,3,1,0,0,0,-1,0,0.0000,-1,8,4,9,0,21
225.217,3,0,3,1,0,0,0,-1,0,0.0000,-1,8,4,9,0,21
225.2396,3,0,3,1,0,0,0,-1,0,0.0000,-1,8,4,9,0,21
225.2601,3,0,3,1,0,0,0,-1,0,0.0000,-1,8,4,9,0,21
225.2792,3,0,3,1,0,0,0,-1,0,0.0000,-1,8,4,9,0,21
225.3,3,0,3,1,0,0,0,-1,0,0.0000,-1,8,4,9,0,21
225.3223,3,0,3,1,0,0,0,-1,0,0.0000,-1,8,4,9,0,21
225.3425,3,0,3,1,0,0,0,-1,0,0.0000,-1,8,4,9,0,21
225.3642,3,0,3,1,0,0,0,-1,0,0.0000,-1,8,4,9,0,21
225.3836,3,0,3,1,0,0,0,-1,0,0.0000,-1,8,4,9,0,21
225.4047,3,0,3,1,0,0,0,-1,0,0.0000,-1,8,4,9,0,21
225.424,3,0,3,1,0,0,0,-1,0,0.0000,-1,8,4,9,0,21
225.4453,3,0,3,1,0,0,0,-1,0,0.0000,-1,8,4,9,0,21
225.4648,3,0,3,1,0,0,0,-1,0,0.0000,-1,8,4,9,0,21
225.5052,3,0,3,1,0,0,0,-1,0,0.0000,-1,8,4,9,0,21
225.5202,3,0,3,1,0,0,0,-1,0,0.0000,-1,8,4,9,0,21
225.5364,3,0,3,1,0,0,0,-1,0,0.0000,-1,8,4,9,0,21
225.554,3,0,3,1,0,0,0,-1,0,0.0000,-1,8,4,9,0,21
225.5745,3,0,3,1,0,0,0,-1,0,0.0000,-1,8,4,9,0,21
225.5933,3,0,3,1,0,0,0,-1,0,0.0000,-1,8,4,9,0,21
225.613,3,0,3,0,0,0,0,-1,0,0.0000,-1,8,4,9,0,21
225.6335,3,0,3,0,0,0,0,-1,0,0.0000,-1,8,4,9,0,21
225.6538,3,0,3,0,0,0,0,-1,0,0.0000,-1,8,4,9,0,21
225.674,3,0,3,0,0,0,0,-1,0,0.0000,-1,8,4,9,0,21
225.7107,3,0,3,0,0,0,0,-1,0,0.0000,-1,8,4,9,0,21
225.7233,3,0,3,0,0,0,0,-1,0,0.0000,-1,8,4,9,0,21
225.7386,3,0,3,0,0,0,0,-1,0,0.0000,-1,8,4,9,0,21
225.7584,3,0,3,0,0,0,0,-1,0,0.0000,-1,8,4,9,0,21
225.7775,3,0,3,0,0,0,0,-1,0,0.0000,-1,8,4,9,0,21
225.7977,3,0,3,0,0,0,0,-1,0,0.0000,-1,8,4,9,0,21
225.8172,3,0,3,0,0,0,0,-1,0,0.0000,-1,8,4,9,0,21
225.8375,3,0,3,0,0,0,0,-1,0,0.0000,-1,8,4,9,0,21
225.8569,3,0,3,0,0,0,0,-1,0,0.0000,-1,8,4,9,0,21
225.8775,3,0,3,0,0,0,0,-1,0,0.0000,-1,8,4,9,0,21
225.8968,3,0,3,0,0,0,0,-1,0,0.0000,-1,8,4,9,0,21
225.9152,3,0,3,0,0,0,0,-1,0,0.0000,-1,8,4,9,0,21
225.9353,3,0,3,0,0,0,0,-1,0,0.0000,-1,8,4,9,0,21
225.9556,3,0,3,0,0,0,0,-1,0,0.0000,-1,8,4,9,0,21
225.976,3,0,3,0,0,0,0,-1,0,0.0000,-1,8,4,9,0,21
225.9943,3,0,3,0,0,0,0,-1,0,0.0000,-1,8,4,9,0,21
226.0148,3,0,3,0,0,0,0,-1,0,0.0000,-1,8,4,9,0,21
226.0344,3,0,3,0,0,0,0,-1,0,0.0000,-1,8,4,9,0,21
226.0528,3,0,3,0,0,0,0,-1,0,0.0000,-1,8,4,9,0,21
226.0732,3,0,3,0,0,0,0,-1,0,0.0000,-1,8,4,9,0,21
226.0924,3,0,3,0,0,0,0,-1,0,0.0000,-1,8,4,9,0,21
226.1117,3,0,3,0,0,0,0,-1,0,0.0000,-1,8,4,9,0,21
226.1315,3,0,3,0,0,0,0,-1,0,0.0000,-1,8,4,9,0,21
226.1515,3,0,3,0,0,0,0,-1,0,0.0000,-1,8,4,9,0,21
226.1712,3,0,3,0,0,0,0,-1,0,0.0000,-1,8,4,9,0,21
226.1896,3,0,3,0,0,0,0,-1,0,0.0000,-1,8,4,9,0,21
226.2105,3,0,3,0,0,0,0,-1,0,0.0000,-1,8,4,9,0,21
226.2291,3,0,3,0,0,0,1,78,0,0.0000,-1,8,4,9,0,21
226.2489,3,0,3,0,0,0,0,-1,0,0.0000,-1,8,4,9,0,21
226.2678,3,0,3,0,0,0,0,-1,0,0.0000,-1,8,4,9,0,21
226.2867,3,0,3,0,0,0,0,-1,0,0.0000,-1,8,4,9,0,21
226.3068,3,0,3,0,0,0,0,-1,0,0.0000,-1,8,4,9,0,21
226.326,3,0,3,0,0,0,0,-1,0,0.0000,-1,8,4,9,0,21
226.3452,3,0,3,0,0,0,0,-1,0,0.0000,-1,8,4,9,0,21
226.3654,3,0,3,0,0,0,0,-1,0,0.0000,-1,8,4,9,0,21
226.384,3,0,3,0,0,0,0,-1,0,0.0000,-1,8,4,9,0,21
226.4036,3,0,3,0,0,0,0,-1,0,0.0000,-1,8,4,9,0,21
226.423,3,0,3,0,0,0,0,-1,0,0.0000,-1,8,4,9,0,21
226.4432,3,0,3,0,0,0,0,-1,0,0.0000,-1,8,4,9,0,21
226.4627,3,0,3,0,0,0,0,-1,0,0.0000,-1,8,4,9,0,21
226.4826,3,0,3,0,0,0,0,-1,0,0.0000,-1,8,4,9,0,21
226.502,3,0,3,0,0,0,0,-1,0,0.0000,-1,8,4,9,0,21
226.5212,3,0,3,0,0,0,0,-1,0,0.0000,-1,8,4,9,0,21
226.5423,3,0,3,0,0,0,0,-1,0,0.0000,-1,8,4,9,0,21
226.5622,3,0,3,0,0,0,0,-1,0,0.0000,-1,8,4,9,0,21
226.5803,3,0,3,0,0,0,0,-1,0,0.0000,-1,8,4,9,0,21
226.5995,3,0,3,0,0,0,0,-1,0,0.0000,-1,8,4,9,0,21
226.6187,3,0,3,0,0,0,0,-1,0,0.0000,-1,8,4,9,0,21
226.6383,3,0,3,0,0,0,0,-1,0,0.0000,-1,8,4,9,0,21
226.6578,3,0,3,0,0,0,0,-1,0,0.0000,-1,8,4,9,0,21
226.6779,3,0,3,0,0,0,0,-1,0,0.0000,-1,8,4,9,0,21
226.6963,3,0,3,0,0,0,0,-1,0,0.0000,-1,8,4,9,0,21
226.7149,3,0,3,0,0,0,0,-1,0,0.0000,-1,8,4,9,0,21
226.7345,3,0,3,0,0,0,0,-1,0,0.0000,-1,8,4,9,0,21
226.7515,3,0,3,0,0,0,0,-1,0,0.0000,-1,8,4,9,0,21
226.771,3,0,3,0,0,0,0,-1,0,0.0000,-1,8,4,9,0,21
226.7898,3,0,3,0,0,0,0,-1,0,0.0000,-1,8,4,9,0,21
226.8082,3,0,3,0,0,0,0,-1,0,0.0000,-1,8,4,9,0,21
226.827,3,0,3,0,0,0,0,-1,0,0.0000,-1,8,4,9,0,21
226.8456,3,0,3,0,0,0,0,-1,0,0.0000,-1,8,4,9,0,21
226.8633,3,0,3,0,0,0,0,-1,0,0.0000,-1,8,4,9,0,21
226.8819,3,0,3,0,0,0,0,-1,0,0.0000,-1,8,4,9,0,21
226.9004,3,0,3,0,0,0,0,-1,0,0.0000,-1,8,4,9,0,21
226.9194,3,0,3,0,0,0,0,-1,1,1.0000,-1,8,4,9,0,21
226.9382,3,0,3,0,0,0,0,-1,0,1.0000,-1,8,4,9,0,21
226.9567,3,0,3,0,0,0,0,-1,0,1.0000,-1,8,4,9,0,21
226.9752,3,0,3,0,0,0,0,-1,0,1.0000,-1,8,4,9,0,21
226.9947,3,0,3,0,0,0,0,-1,0,1.0000,-1,8,4,9,0,21
227.0139,3,0,3,0,0,0,0,-1,0,1.0000,-1,8,4,9,0,21
227.0337,3,0,3,0,0,0,0,-1,0,1.0000,-1,8,4,9,0,21
227.0513,3,0,3,0,0,0,1,81,0,1.0000,-1,8,4,9,0,21
227.0701,3,0,3,0,0,0,1,81,0,1.0000,-1,8,4,9,0,21
227.089,3,0,3,0,0,0,1,81,0,1.0000,-1,8,4,9,0,21
227.1075,3,0,3,0,0,0,1,81,0,1.0000,-1,8,4,9,0,21
227.1277,3,0,3,0,0,0,1,81,0,1.0000,-1,8,4,9,0,21
227.1458,3,0,3,0,0,0,1,81,0,1.0000,-1,8,4,9,0,21
227.1829,3,0,3,0,0,0,1,81,0,1.0000,-1,8,4,9,0,21
227.1967,3,0,3,0,0,0,1,81,0,1.0000,-1,8,4,9,0,21
227.2108,3,0,3,0,0,0,1,81,0,1.0000,-1,8,4,9,0,21
227.227,3,0,3,0,0,0,1,81,0,1.0000,-1,8,4,9,0,21
227.2466,3,0,3,0,0,0,1,81,0,1.0000,-1,8,4,9,0,21
227.2652,3,0,3,0,0,0,1,81,0,1.0000,-1,8,4,9,0,21
227.282,3,0,3,0,0,0,1,81,0,1.0000,-1,8,4,9,0,21
227.3011,3,0,3,0,0,0,1,81,0,1.0000,-1,8,4,9,0,21
227.3205,3,0,3,0,0,0,1,81,0,1.0000,-1,8,4,9,0,21
227.3416,3,0,3,0,0,0,1,81,0,1.0000,-1,8,4,9,0,21
227.3579,3,0,3,0,0,0,1,81,0,1.0000,-1,8,4,9,0,21
227.3776,3,0,3,0,0,0,1,81,0,1.0000,-1,8,4,9,0,21
227.396,3,0,3,0,0,0,1,81,0,1.0000,-1,8,4,9,0,21
227.4137,3,0,3,0,0,0,1,81,0,1.0000,-1,8,4,9,0,21
227.4328,3,0,3,0,0,0,1,81,0,1.0000,-1,8,4,9,0,21
227.4511,3,0,3,0,0,0,1,81,0,1.0000,-1,8,4,9,0,21
227.4693,3,0,3,0,0,0,1,81,0,1.0000,-1,8,4,9,0,21
227.4893,3,0,3,0,0,0,1,81,0,1.0000,-1,8,4,9,0,21
227.5084,3,0,3,0,0,0,1,81,0,1.0000,-1,8,4,9,0,21
227.526,3,0,3,0,0,0,1,81,0,1.0000,-1,8,4,9,0,21
227.545,3,0,3,0,0,0,0,-1,0,1.0000,81,8,4,10,0,22
227.5624,3,0,3,0,0,0,0,-1,0,1.0000,-1,8,4,10,0,22
227.5984,3,0,3,0,0,0,0,-1,0,1.0000,-1,8,4,10,0,22
227.6112,3,0,3,0,0,0,0,-1,0,1.0000,-1,8,4,10,0,22
227.6266,3,0,3,0,0,0,0,-1,0,1.0000,-1,8,4,10,0,22
227.6423,3,0,3,0,0,0,0,-1,0,1.0000,-1,8,4,10,0,22
227.6631,3,0,3,0,0,0,0,-1,0,1.0000,-1,8,4,10,0,22
227.6799,3,0,3,0,0,0,0,-1,0,1.0000,-1,8,4,10,0,22
227.699,3,0,3,0,0,0,0,-1,1,2.0000,-1,8,4,10,0,22
227.7189,3,0,3,0,0,0,0,-1,0,2.0000,-1,8,4,10,0,22
227.7367,3,0,3,0,0,0,0,-1,0,2.0000,-1,8,4,10,0,22
227.7545,3,0,3,0,0,0,0,-1,0,2.0000,-1,8,4,10,0,22
227.7743,3,0,3,0,0,0,0,-1,0,2.0000,-1,8,4,10,0,22
227.8091,3,0,3,0,0,0,0,-1,0,2.0000,-1,8,4,10,0,22
227.8225,3,0,3,0,0,0,0,-1,0,2.0000,-1,8,4,10,0,22
227.8362,3,0,3,0,0,0,0,-1,0,2.0000,-1,8,4,10,0,22
227.8517,3,0,3,0,0,0,0,-1,0,2.0000,-1,8,4,10,0,22
227.869,3,0,3,0,0,0,0,-1,0,2.0000,-1,8,4,10,0,22
227.8886,3,0,3,0,0,0,0,-1,0,2.0000,-1,8,4,10,0,22
227.9069,3,0,3,0,0,0,0,-1,0,2.0000,-1,8,4,10,0,22
227.9252,3,0,3,0,0,0,0,-1,0,1.0000,-1,8,4,10,0,22
227.9445,3,0,3,0,0,0,0,-1,0,1.0000,-1,8,4,10,0,22
227.9617,3,0,3,0,0,0,0,-1,0,1.0000,-1,8,4,10,0,22
227.9817,3,0,3,0,0,0,0,-1,0,1.0000,-1,8,4,10,0,22
227.9998,3,0,3,0,0,0,0,-1,0,1.0000,-1,8,4,10,0,22
228.0176,3,0,3,0,0,0,0,-1,0,1.0000,-1,8,4,10,0,22
228.0377,3,0,3,0,0,0,0,-1,0,1.0000,-1,8,4,10,0,22
228.0553,3,0,3,0,0,0,0,-1,0,1.0000,-1,8,4,10,0,22
228.0728,3,0,3,0,0,0,0,-1,0,1.0000,-1,8,4,10,0,22
228.0919,3,0,3,0,0,0,0,-1,0,1.0000,-1,8,4,10,0,22
228.1099,3,0,3,0,0,0,0,-1,0,1.0000,-1,8,4,10,0,22
228.1293,3,0,3,0,0,0,0,-1,0,1.0000,-1,8,4,10,0,22
228.1469,3,0,3,0,0,0,0,-1,0,1.0000,-1,8,4,10,0,22
228.1651,3,0,3,0,0,0,0,-1,0,1.0000,-1,8,4,10,0,22
228.1847,3,0,3,0,0,0,0,-1,0,1.0000,-1,8,4,10,0,22
228.203,3,0,3,0,0,0,0,-1,0,1.0000,-1,8,4,10,0,22
228.2215,3,0,3,0,0,0,0,-1,0,1.0000,-1,8,4,10,0,22
228.2394,3,0,3,0,0,0,0,-1,0,1.0000,-1,8,4,10,0,22
228.2587,3,0,3,0,0,0,0,-1,0,1.0000,-1,8,4,10,0,22
228.2777,3,0,3,0,0,0,0,-1,0,1.0000,-1,8,4,10,0,22
228.297,3,0,3,0,0,0,0,-1,0,1.0000,-1,8,4,10,0,22
228.3146,3,0,3,0,0,0,0,-1,0,1.0000,-1,8,4,10,0,22
228.3329,3,0,3,0,0,0,0,-1,0,1.0000,-1,8,4,10,0,22
228.3528,3,0,3,0,0,0,0,-1,0,1.0000,-1,8,4,10,0,22
228.3719,3,0,3,0,0,0,0,-1,0,1.0000,-1,8,4,10,0,22
228.3908,3,0,3,0,0,0,0,-1,1,2.0000,-1,8,4,10,0,22
228.4251,3,0,3,0,0,0,0,-1,0,2.0000,-1,8,4,10,0,22
228.4379,3,0,3,0,0,0,0,-1,0,2.0000,-1,8,4,10,0,22
228.4508,3,0,3,0,0,0,0,-1,0,2.0000,-1,8,4,10,0,22
228.4726,3,0,3,0,0,0,0,-1,0,2.0000,-1,8,4,10,0,22
228.491,3,0,3,0,0,0,0,-1,0,2.0000,-1,8,4,10,0,22
228.5107,3,0,3,0,0,0,0,-1,0,2.0000,-1,8,4,10,0,22
228.5289,3,0,3,0,0,0,0,-1,0,2.0000,-1,8,4,10,0,22
228.5491,3,0,3,0,0,0,0,-1,0,2.0000,-1,8,4,10,0,22
228.5682,3,0,3,0,0,0,0,-1,0,2.0000,-1,8,4,10,0,22
228.5894,3,0,3,0,0,0,0,-1,0,2.0000,-1,8,4,10,0,22
228.6075,3,0,3,0,0,0,0,-1,0,2.0000,-1,8,4,10,0,22
228.6265,3,0,3,0,0,0,0,-1,0,2.0000,-1,8,4,10,0,22
228.6461,3,0,3,0,0,0,0,-1,0,2.0000,-1,8,4,10,0,22
228.6652,3,0,3,0,0,0,0,-1,0,2.0000,-1,8,4,10,0,22
228.6847,3,0,3,0,0,0,0,-1,0,2.0000,-1,8,4,10,0,22
228.7046,3,0,3,0,0,0,0,-1,0,1.0000,-1,8,4,10,0,22
228.7237,3,0,3,0,0,0,0,-1,0,1.0000,-1,8,4,10,0,22
228.743,3,0,3,0,0,0,0,-1,0,1.0000,-1,8,4,10,0,22
228.762,3,0,3,0,0,0,0,-1,0,1.0000,-1,8,4,10,0,22
228.7813,3,0,3,0,0,0,0,-1,0,1.0000,-1,8,4,10,0,22
228.8011,3,0,3,0,0,0,0,-1,0,1.0000,-1,8,4,10,0,22
228.8189,3,0,3,0,0,0,0,-1,0,1.0000,-1,8,4,10,0,22
228.8551,3,0,3,0,0,0,0,-1,0,1.0000,-1,8,4,10,0,22
228.8675,3,0,3,0,0,0,0,-1,0,1.0000,-1,8,4,10,0,22
228.8803,3,0,3,0,0,0,0,-1,0,1.0000,-1,8,4,10,0,22
228.8996,3,0,3,0,0,0,0,-1,0,1.0000,-1,8,4,10,0,22
228.9197,3,0,3,0,0,0,0,-1,0,1.0000,-1,8,4,10,0,22
228.9381,3,0,3,0,0,0,0,-1,0,1.0000,-1,8,4,10,0,22
228.9563,3,0,3,0,0,0,0,-1,0,1.0000,-1,8,4,10,0,22
228.9765,3,0,3,0,0,0,0,-1,0,1.0000,-1,8,4,10,0,22
228.9961,3,0,3,0,0,0,0,-1,0,1.0000,-1,8,4,10,0,22
229.0149,3,0,3,0,0,0,0,-1,0,1.0000,-1,8,4,10,0,22
229.0337,3,0,3,0,0,0,0,-1,0,1.0000,-1,8,4,10,0,22
229.0531,3,0,3,0,0,0,0,-1,0,1.0000,-1,8,4,10,0,22
229.0728,3,0,3,0,0,0,0,-1,0,1.0000,-1,8,4,10,0,22
229.0904,3,0,3,0,0,0,0,-1,0,1.0000,-1,8,4,10,0,22
229.1085,3,0,3,0,0,0,0,-1,0,1.0000,-1,8,4,10,0,22
229.1273,3,0,3,0,0,0,0,-1,0,1.0000,-1,8,4,10,0,22
229.1452,3,0,3,0,0,0,0,-1,0,1.0000,-1,8,4,10,0,22
229.1642,3,0,3,0,0,0,0,-1,0,1.0000,-1,8,4,10,0,22
229.1819,3,0,3,0,0,0,0,-1,0,1.0000,-1,8,4,10,0,22
229.1999,3,0,3,0,0,0,0,-1,0,1.0000,-1,8,4,10,0,22
229.2182,3,0,3,0,0,0,0,-1,0,1.0000,-1,8,4,10,0,22
229.2366,3,0,3,0,0,0,0,-1,0,1.0000,-1,8,4,10,0,22
229.2549,3,0,3,0,0,0,0,-1,0,1.0000,-1,8,4,10,0,22
229.2741,3,0,3,0,0,0,0,-1,0,1.0000,-1,8,4,10,0,22
229.2916,3,0,3,0,0,0,0,-1,0,1.0000,-1,8,4,10,0,22
229.31,3,0,3,0,0,0,0,-1,0,1.0000,-1,8,4,10,0,22
229.3281,3,0,3,0,0,0,0,-1,0,1.0000,-1,8,4,10,0,22
229.3465,3,0,3,0,0,0,0,-1,0,1.0000,-1,8,4,10,0,22
229.3666,3,0,3,0,0,0,0,-1,0,1.0000,-1,8,4,10,0,22
229.3874,3,0,3,0,0,0,0,-1,0,1.0000,-1,8,4,10,0,22
229.4057,3,0,3,0,0,0,0,-1,0,0.0000,-1,8,4,10,0,22
229.4227,3,0,3,0,0,0,0,-1,0,0.0000,-1,8,4,10,0,22
229.4399,3,0,3,0,0,0,0,-1,0,0.0000,-1,8,4,10,0,22
229.4604,3,0,3,0,0,0,0,-1,0,0.0000,-1,8,4,10,0,22
229.4775,3,0,3,0,0,0,0,-1,0,0.0000,-1,8,4,10,0,22
229.4946,3,0,3,0,0,0,0,-1,0,0.0000,-1,8,4,10,0,22
229.5132,3,0,3,0,0,0,0,-1,0,0.0000,-1,8,4,10,0,22
229.5314,3,0,3,0,0,0,0,-1,0,0.0000,-1,8,4,10,0,22
229.55,3,0,3,0,0,0,0,-1,0,0.0000,-1,8,4,10,0,22
229.5682,3,0,3,0,0,0,0,-1,0,0.0000,-1,8,4,10,0,22
229.5849,3,0,3,0,0,0,0,-1,0,0.0000,-1,8,4,10,0,22
229.6038,3,0,3,0,0,0,0,-1,0,0.0000,-1,8,4,10,0,22
229.6227,3,0,3,0,0,0,0,-1,0,0.0000,-1,8,4,10,0,22
229.6396,3,0,3,0,0,0,0,-1,0,0.0000,-1,8,4,10,0,22
229.659,3,0,3,0,0,0,0,-1,0,0.0000,-1,8,4,10,0,22
229.6777,3,0,3,0,0,0,0,-1,0,0.0000,-1,8,4,10,0,22
229.6944,3,0,3,0,0,0,0,-1,0,0.0000,-1,8,4,10,0,22
229.7146,3,0,3,0,0,0,0,-1,0,0.0000,-1,8,4,10,0,22
229.7319,3,0,3,0,0,0,0,-1,0,0.0000,-1,8,4,10,0,22
229.7492,3,0,3,0,0,0,0,-1,0,0.0000,-1,8,4,10,0,22
229.7702,3,0,3,0,0,0,0,-1,0,0.0000,-1,8,4,10,0,22
229.7866,3,0,3,0,0,0,0,-1,0,0.0000,-1,8,4,10,0,22
229.8073,3,0,3,0,0,0,0,-1,0,0.0000,-1,8,4,10,0,22
229.825,3,0,3,0,0,0,0,-1,0,0.0000,-1,8,4,10,0,22
229.841,3,0,3,0,0,0,0,-1,0,0.0000,-1,8,4,10,0,22
229.8603,3,0,3,0,0,0,0,-1,0,0.0000,-1,8,4,10,0,22
229.8806,3,0,3,0,0,0,0,-1,0,0.0000,-1,8,4,10,0,22
229.8972,3,0,3,0,0,0,0,-1,0,0.0000,-1,8,4,10,0,22
229.9174,3,0,3,0,0,0,0,-1,0,0.0000,-1,8,4,10,0,22
229.9345,3,0,3,0,0,0,0,-1,1,1.0000,-1,8,4,10,0,22
229.9523,3,0,3,0,0,0,0,-1,0,1.0000,-1,8,4,10,0,22
229.9723,3,0,3,0,0,0,0,-1,0,1.0000,-1,8,4,10,0,22
229.9893,3,0,3,0,0,0,0,-1,0,1.0000,-1,8,4,10,0,22
230.0071,3,0,3,0,0,0,0,-1,0,1.0000,-1,8,4,10,0,22
230.0269,3,0,3,0,0,0,0,-1,0,1.0000,-1,8,4,10,0,22
230.0447,3,0,3,0,0,0,0,-1,0,1.0000,-1,8,4,10,0,22
230.0626,3,0,3,0,0,0,0,-1,0,1.0000,-1,8,4,10,0,22
230.0836,3,0,3,0,0,0,0,-1,0,1.0000,-1,8,4,10,0,22
230.1012,3,0,3,0,0,0,0,-1,0,1.0000,-1,8,4,10,0,22
230.1191,3,0,3,0,0,0,0,-1,0,1.0000,-1,8,4,10,0,22
230.1374,3,0,3,0,0,0,0,-1,0,1.0000,-1,8,4,10,0,22
230.157,3,0,3,0,0,0,0,-1,0,1.0000,-1,8,4,10,0,22
230.1745,3,0,3,0,0,0,0,-1,0,1.0000,-1,8,4,10,0,22
230.1953,3,0,3,0,0,0,0,-1,0,1.0000,-1,8,4,10,0,22
230.213,3,0,3,0,0,0,0,-1,0,1.0000,-1,8,4,10,0,22
230.2302,3,0,3,0,0,0,0,-1,0,1.0000,-1,8,4,10,0,22
230.2504,3,0,3,0,0,0,0,-1,0,1.0000,-1,8,4,10,0,22
230.267,3,0,3,0,0,0,0,-1,0,1.0000,-1,8,4,10,0,22
230.3008,3,0,3,0,0,0,0,-1,0,1.0000,-1,8,4,10,0,22
230.3148,3,0,3,0,0,0,0,-1,0,1.0000,-1,8,4,10,0,22
230.3282,3,0,3,0,0,0,0,-1,0,1.0000,-1,8,4,10,0,22
230.3448,3,0,3,0,0,0,0,-1,0,1.0000,-1,8,4,10,0,22
230.364,3,0,3,0,0,0,0,-1,0,1.0000,-1,8,4,10,0,22
230.382,3,0,3,0,0,0,0,-1,0,1.0000,-1,8,4,10,0,22
230.4004,3,0,3,0,0,0,0,-1,0,1.0000,-1,8,4,10,0,22
230.4179,3,0,3,0,0,0,0,-1,0,1.0000,-1,8,4,10,0,22
230.4362,3,0,3,0,0,0,0,-1,0,1.0000,-1,8,4,10,0,22
230.4555,3,0,3,0,0,0,0,-1,0,1.0000,-1,8,4,10,0,22
230.4724,3,0,3,0,0,0,0,-1,0,1.0000,-1,8,4,10,0,22
230.4904,3,0,3,0,0,0,0,-1,0,1.0000,-1,8,4,10,0,22
230.5076,3,0,3,0,0,0,0,-1,0,1.0000,-1,8,4,10,0,22
230.5273,3,0,3,0,0,0,0,-1,0,1.0000,-1,8,4,10,0,22
230.5464,3,0,3,0,0,0,0,-1,0,1.0000,-1,8,4,10,0,22
230.5626,3,0,3,0,0,0,0,-1,0,1.0000,-1,8,4,10,0,22
230.582,3,0,3,0,0,0,0,-1,0,1.0000,-1,8,4,10,0,22
230.6004,3,0,3,0,0,0,0,-1,0,1.0000,-1,8,4,10,0,22
230.617,3,0,3,0,0,0,0,-1,0,1.0000,-1,8,4,10,0,22
230.6378,3,0,3,0,0,0,0,-1,0,1.0000,-1,8,4,10,0,22
230.6557,3,0,3,0,0,0,0,-1,0,1.0000,-1,8,4,10,0,22
230.673,3,0,3,0,0,0,0,-1,0,1.0000,-1,8,4,10,0,22
230.6904,3,0,3,0,0,0,0,-1,0,1.0000,-1,8,4,10,0,22
230.7079,3,0,3,0,0,0,0,-1,0,1.0000,-1,8,4,10,0,22
230.7269,3,0,3,0,0,0,0,-1,0,1.0000,-1,8,4,10,0,22
230.7442,3,0,3,0,0,0,0,-1,0,1.0000,-1,8,4,10,0,22
230.7617,3,0,3,0,0,0,0,-1,0,1.0000,-1,8,4,10,0,22
230.7813,3,0,3,0,0,0,0,-1,0,1.0000,-1,8,4,10,0,22
230.7984,3,0,3,0,0,0,0,-1,0,1.0000,-1,8,4,10,0,22
230.8169,3,0,3,0,0,0,0,-1,0,1.0000,-1,8,4,10,0,22
230.8355,3,0,3,0,0,0,0,-1,0,1.0000,-1,8,4,10,0,22
230.8543,3,0,3,0,0,0,0,-1,1,2.0000,-1,8,4,10,0,22
230.8734,3,0,3,0,0,0,0,-1,0,2.0000,-1,8,4,10,0,22
230.8896,3,0,3,0,0,0,0,-1,0,2.0000,-1,8,4,10,0,22
230.9091,3,0,3,0,0,0,0,-1,0,2.0000,-1,8,4,10,0,22
230.9267,3,0,3,0,0,0,0,-1,0,2.0000,-1,8,4,10,0,22
230.945,3,0,3,0,0,0,0,-1,0,1.0000,-1,8,4,10,0,22
230.963,3,0,3,0,0,0,0,-1,0,1.0000,-1,8,4,10,0,22
230.9847,3,0,3,0,0,0,0,-1,0,1.0000,-1,8,4,10,0,22
231.0009,3,0,3,0,0,0,0,-1,0,1.0000,-1,8,4,10,0,22
231.0215,3,0,3,0,0,0,0,-1,0,1.0000,-1,8,4,10,0,22
231.038,3,0,3,0,0,0,0,-1,0,1.0000,-1,8,4,10,0,22
231.0565,3,0,3,0,0,0,0,-1,0,1.0000,-1,8,4,10,0,22
231.0736,3,0,3,0,0,0,0,-1,0,1.0000,-1,8,4,10,0,22
231.1094,3,0,3,0,0,0,0,-1,0,1.0000,-1,8,4,10,0,22
231.1217,3,0,3,0,0,0,0,-1,0,1.0000,-1,8,4,10,0,22
231.1358,3,0,3,0,0,0,0,-1,0,1.0000,-1,8,4,10,0,22
231.1553,3,0,3,0,0,0,0,-1,0,1.0000,-1,8,4,10,0,22
231.1723,3,0,3,0,0,0,0,-1,0,1.0000,-1,8,4,10,0,22
231.1912,3,0,3,0,0,0,0,-1,0,1.0000,-1,8,4,10,0,22
231.2097,3,0,3,0,0,0,0,-1,0,1.0000,-1,8,4,10,0,22
231.2284,3,0,3,0,0,0,0,-1,0,1.0000,-1,8,4,10,0,22
231.2449,3,0,3,0,0,0,0,-1,0,1.0000,-1,8,4,10,0,22
231.2627,3,0,3,0,0,0,0,-1,0,1.0000,-1,8,4,10,0,22
231.2838,3,0,3,0,0,0,0,-1,0,1.0000,-1,8,4,10,0,22
231.3006,3,0,3,0,0,0,0,-1,0,1.0000,-1,8,4,10,0,22
231.3182,3,0,3,0,0,0,0,-1,0,1.0000,-1,8,4,10,0,22
231.3373,3,0,3,0,0,0,0,-1,0,1.0000,-1,8,4,10,0,22
231.3549,3,0,3,0,0,0,0,-1,0,1.0000,-1,8,4,10,0,22
231.3717,3,0,3,0,0,0,0,-1,0,1.0000,-1,8,4,10,0,22
231.3897,3,0,3,0,0,0,0,-1,0,1.0000,-1,8,4,10,0,22
231.4081,3,0,3,0,0,0,0,-1,0,1.0000,-1,8,4,10,0,22
231.4275,3,0,3,0,0,0,0,-1,0,1.0000,-1,8,4,10,0,22
231.4442,3,0,3,0,0,0,0,-1,0,1.0000,-1,8,4,10,0,22
231.4616,3,0,3,0,0,0,0,-1,0,1.0000,-1,8,4,10,0,22
231.4809,3,0,3,0,0,0,0,-1,0,1.0000,-1,8,4,10,0,22
231.4996,3,0,3,0,0,0,0,-1,0,1.0000,-1,8,4,10,0,22
231.5159,3,0,3,0,0,0,0,-1,0,1.0000,-1,8,4,10,0,22
231.5355,3,0,3,0,0,0,0,-1,0,1.0000,-1,8,4,10,0,22
231.5528,3,0,3,0,0,0,0,-1,0,1.0000,-1,8,4,10,0,22
231.5726,3,0,3,0,0,0,0,-1,0,1.0000,-1,8,4,10,0,22
231.5901,3,0,3,0,0,0,0,-1,0,1.0000,-1,8,4,10,0,22
231.6085,3,0,3,0,0,0,0,-1,0,1.0000,-1,8,4,10,0,22
231.6271,3,0,3,0,0,0,0,-1,0,1.0000,-1,8,4,10,0,22
231.6456,3,0,3,0,0,0,0,-1,0,1.0000,-1,8,4,10,0,22
231.6624,3,0,3,0,0,0,0,-1,0,1.0000,-1,8,4,10,0,22
231.6816,3,0,3,0,0,0,0,-1,0,1.0000,-1,8,4,10,0,22
231.6997,3,0,3,0,0,0,0,-1,0,1.0000,-1,8,4,10,0,22
231.7328,3,0,3,0,0,0,0,-1,0,1.0000,-1,8,4,10,0,22
231.744,3,0,3,0,0,0,0,-1,0,1.0000,-1,8,4,10,0,22
231.7573,3,0,3,0,0,0,0,-1,0,1.0000,-1,8,4,10,0,22
231.7761,3,0,3,0,0,0,0,-1,0,1.0000,-1,8,4,10,0,22
231.7948,3,0,3,0,0,0,0,-1,0,1.0000,-1,8,4,10,0,22
231.8142,3,0,3,0,0,0,0,-1,0,1.0000,-1,8,4,10,0,22
231.8322,3,0,3,0,0,0,0,-1,0,1.0000,-1,8,4,10,0,22
231.8489,3,0,3,0,0,0,0,-1,0,1.0000,-1,8,4,10,0,22
231.8679,3,0,3,0,0,0,0,-1,0,0.0000,-1,8,4,10,0,22
231.8858,3,0,3,1,0,0,0,-1,0,0.0000,-1,8,4,10,0,22
231.9042,3,0,3,1,0,0,0,-1,0,0.0000,-1,8,4,10,0,22
231.9378,3,0,3,1,0,0,0,-1,0,0.0000,-1,8,4,10,0,22
231.9496,3,0,3,1,0,0,0,-1,0,0.0000,-1,8,4,10,0,22
231.9631,3,0,3,1,0,0,0,-1,0,0.0000,-1,8,4,10,0,22
231.9814,3,0,3,1,0,0,0,-1,0,0.0000,-1,8,4,10,0,22
231.998,3,0,3,1,0,0,0,-1,0,0.0000,-1,8,4,10,0,22
232.0164,3,0,3,1,0,0,0,-1,0,0.0000,-1,8,4,10,0,22
232.0339,3,0,3,1,0,0,0,-1,0,0.0000,-1,8,4,10,0,22
232.0527,3,0,3,1,0,0,0,-1,0,0.0000,-1,8,4,10,0,22
232.0702,3,0,3,1,0,0,0,-1,0,0.0000,-1,8,4,10,0,22
232.0892,3,0,3,1,0,0,0,-1,0,0.0000,-1,8,4,10,0,22
232.1062,3,0,3,1,0,0,0,-1,0,0.0000,-1,8,4,10,0,22
232.1261,3,0,3,1,0,0,0,-1,0,0.0000,-1,8,4,10,0,22
232.1442,3,0,3,1,0,0,0,-1,0,0.0000,-1,8,4,10,0,22
232.1612,3,0,3,1,0,0,0,-1,0,0.0000,-1,8,4,10,0,22
232.1809,3,0,3,1,0,0,0,-1,0,0.0000,-1,8,4,10,0,22
232.1985,3,0,3,1,0,0,0,-1,0,0.0000,-1,8,4,10,0,22
232.2163,3,0,3,1,0,0,0,-1,0,0.0000,-1,8,4,10,0,22
232.2345,3,0,3,1,0,0,0,-1,0,0.0000,-1,8,4,10,0,22
232.2526,3,0,3,1,0,0,0,-1,0,0.0000,-1,8,4,10,0,22
232.2709,3,0,3,1,0,0,0,-1,0,0.0000,-1,8,4,10,0,22
232.2893,3,0,3,1,0,0,0,-1,0,0.0000,-1,8,4,10,0,22
232.3072,3,0,3,1,0,0,0,-1,0,0.0000,-1,8,4,10,0,22
232.3259,3,0,3,1,0,0,0,-1,0,0.0000,-1,8,4,10,0,22
232.3446,3,0,3,1,0,0,0,-1,0,0.0000,-1,8,4,10,0,22
232.3615,3,0,3,1,0,0,0,-1,0,0.0000,-1,8,4,10,0,22
232.3814,3,0,3,1,0,0,0,-1,0,0.0000,-1,8,4,10,0,22
232.3993,3,0,3,1,0,0,0,-1,0,0.0000,-1,8,4,10,0,22
232.4173,3,0,3,1,0,0,0,-1,0,0.0000,-1,8,4,10,0,22
232.4367,3,0,3,1,0,0,0,-1,0,0.0000,-1,8,4,10,0,22
232.4539,3,0,3,1,0,0,0,-1,0,0.0000,-1,8,4,10,0,22
232.4715,3,0,3,1,0,0,0,-1,0,0.0000,-1,8,4,10,0,22
232.4905,3,0,3,1,0,0,0,-1,0,0.0000,-1,8,4,10,0,22
232.5094,3,0,3,1,0,0,0,-1,0,0.0000,-1,8,4,10,0,22
232.5264,3,0,3,1,1,0,0,-1,0,0.0000,-1,8,4,10,0,22
232.5453,3,0,3,1,1,0,0,-1,0,0.0000,-1,8,4,10,0,22
232.5622,3,0,3,1,1,0,0,-1,1,1.0000,-1,8,4,10,0,22
232.5813,3,0,3,1,1,0,1,91,0,1.0000,-1,8,4,10,0,22
232.6,3,0,3,1,1,0,1,91,0,1.0000,-1,8,4,10,0,22
232.6182,3,0,3,1,1,0,1,91,0,1.0000,-1,8,4,10,0,22
232.6372,3,0,3,1,1,0,1,91,0,1.0000,-1,8,4,10,0,22
232.6558,3,0,3,1,1,0,1,91,0,1.0000,-1,8,4,10,0,22
232.6737,3,0,3,1,1,0,1,91,0,1.0000,-1,8,4,10,0,22
232.6931,3,0,3,1,1,0,1,91,0,1.0000,-1,8,4,10,0,22
232.7112,3,0,3,1,1,0,1,91,0,1.0000,-1,8,4,10,0,22
232.7293,3,0,3,1,1,0,1,91,0,1.0000,-1,8,4,10,0,22
232.7489,3,0,3,1,1,0,1,91,0,1.0000,-1,8,4,10,0,22
232.7668,3,0,3,1,1,0,1,91,0,1.0000,-1,8,4,10,0,22
232.7853,3,0,3,1,1,0,1,91,0,1.0000,-1,8,4,10,0,22
232.8049,3,0,3,1,1,0,1,91,0,1.0000,-1,8,4,10,0,22
232.8233,3,0,3,1,1,0,1,91,0,1.0000,-1,8,4,10,0,22
232.8419,3,0,3,1,1,0,1,91,0,1.0000,-1,8,4,10,0,22
232.8616,3,0,3,1,1,0,1,91,0,1.0000,-1,8,4,10,0,22
232.8793,3,0,3,1,1,0,1,91,0,1.0000,-1,8,4,10,0,22
232.899,3,0,3,1,1,0,1,91,0,1.0000,-1,8,4,10,0,22
232.9184,3,0,3,1,1,0,1,91,0,1.0000,-1,8,4,10,0,22
232.9396,3,0,3,1,1,0,1,91,0,1.0000,-1,8,4,10,0,22
232.9596,3,0,3,1,1,0,1,91,0,1.0000,-1,8,4,10,0,22
232.9793,3,0,3,1,1,0,1,91,0,1.0000,-1,8,4,10,0,22
233.0001,3,0,3,1,1,0,1,91,0,1.0000,-1,8,4,10,0,22
233.0194,3,0,3,1,1,0,1,91,0,1.0000,-1,8,4,10,0,22
233.0419,3,0,3,1,1,0,1,92,0,1.0000,91,8,4,11,0,23
233.0627,3,0,3,1,1,0,1,92,0,1.0000,-1,8,4,11,0,23
233.0841,3,0,3,1,1,0,1,92,0,1.0000,-1,8,4,11,0,23
233.1058,3,0,3,1,1,0,1,92,0,1.0000,-1,8,4,11,0,23
233.1302,3,0,3,1,1,0,1,92,0,1.0000,-1,8,4,11,0,23
233.171,3,0,3,1,1,0,1,92,0,1.0000,-1,8,4,11,0,23
233.1863,3,0,3,1,1,0,1,92,0,1.0000,-1,8,4,11,0,23
233.201,3,0,3,1,1,0,1,92,0,1.0000,-1,8,4,11,0,23
233.2234,3,0,3,1,1,0,1,92,1,2.0000,-1,8,4,11,0,23
233.2464,3,0,3,1,1,0,1,92,1,3.0000,-1,8,4,11,0,23
233.2697,3,0,3,0,1,0,0,-1,0,3.0000,92,8,4,12,0,24
233.2947,3,0,3,0,1,0,0,-1,0,3.0000,-1,8,4,12,0,24
233.3174,3,0,3,0,1,0,0,-1,0,3.0000,-1,8,4,12,0,24
233.3418,3,0,3,0,1,0,0,-1,0,3.0000,-1,8,4,12,0,24
233.3882,3,0,3,0,1,0,0,-1,0,3.0000,-1,8,4,12,0,24
233.4027,3,0,3,0,1,0,0,-1,0,3.0000,-1,8,4,12,0,24
233.4178,3,0,3,0,1,0,0,-1,0,3.0000,-1,8,4,12,0,24
233.441,3,0,3,0,1,0,0,-1,0,3.0000,-1,8,4,12,0,24
233.4646,3,0,3,0,1,0,0,-1,0,3.0000,-1,8,4,12,0,24
233.488,3,0,3,0,1,0,0,-1,0,3.0000,-1,8,4,12,0,24
233.5108,3,0,3,0,1,0,0,-1,0,3.0000,-1,8,4,12,0,24
233.5336,3,0,3,0,0,0,0,-1,0,3.0000,-1,8,4,12,0,24
233.5562,3,0,3,0,0,0,0,-1,0,3.0000,-1,8,4,12,0,24
233.5986,3,0,3,0,0,0,0,-1,0,2.0000,-1,8,4,12,0,24
233.612,3,0,3,0,0,0,0,-1,0,2.0000,-1,8,4,12,0,24
233.6265,3,0,3,0,0,0,0,-1,0,2.0000,-1,8,4,12,0,24
233.6482,3,0,3,0,0,0,0,-1,0,2.0000,-1,8,4,12,0,24
233.6702,3,0,3,0,0,0,0,-1,0,2.0000,-1,8,4,12,0,24
233.6923,3,0,3,0,0,0,0,-1,0,2.0000,-1,8,4,12,0,24
233.7148,3,0,3,0,0,0,0,-1,0,2.0000,-1,8,4,12,0,24
233.7372,3,0,3,0,0,0,0,-1,0,2.0000,-1,8,4,12,0,24
233.7597,3,0,3,0,0,0,0,-1,0,2.0000,-1,8,4,12,0,24
233.8022,3,0,3,0,0,0,0,-1,0,2.0000,-1,8,4,12,0,24
233.818,3,0,3,0,0,0,0,-1,0,2.0000,-1,8,4,12,0,24
233.8319,3,0,3,0,0,0,0,-1,0,2.0000,-1,8,4,12,0,24
233.8558,3,0,3,0,0,0,0,-1,0,2.0000,-1,8,4,12,0,24
233.879,3,0,3,0,0,0,0,-1,0,2.0000,-1,8,4,12,0,24
233.9025,3,0,3,0,0,0,0,-1,1,3.0000,-1,8,4,12,0,24
233.9239,3,0,3,0,0,0,0,-1,0,3.0000,-1,8,4,12,0,24
233.947,3,0,3,0,0,0,0,-1,0,3.0000,-1,8,4,12,0,24
233.9696,3,0,3,0,0,0,0,-1,0,3.0000,-1,8,4,12,0,24
234.0135,3,0,3,0,0,0,0,-1,0,3.0000,-1,8,4,12,0,24
234.0272,3,0,3,0,0,0,1,95,0,3.0000,-1,8,4,12,0,24
234.0429,3,0,3,0,0,0,1,95,0,3.0000,-1,8,4,12,0,24
234.0652,3,0,3,0,0,0,1,95,0,3.0000,-1,8,4,12,0,24
234.0887,3,0,3,0,0,0,1,95,0,3.0000,-1,8,4,12,0,24
234.1117,3,0,3,0,0,0,1,95,0,3.0000,-1,8,4,12,0,24
234.1351,3,0,3,0,0,0,1,95,0,3.0000,-1,8,4,12,0,24
234.1615,3,0,3,0,0,0,1,95,0,3.0000,-1,8,4,12,0,24
234.1847,3,0,3,0,0,0,1,95,0,3.0000,-1,8,4,12,0,24
234.2295,3,0,3,0,0,0,1,95,0,2.0000,-1,8,4,12,0,24
234.2432,3,0,3,0,0,0,1,95,0,2.0000,-1,8,4,12,0,24
234.2596,3,0,3,0,0,0,1,95,0,1.0000,-1,8,4,12,0,24
234.2831,3,0,3,0,0,0,1,95,0,1.0000,-1,8,4,12,0,24
234.3061,3,0,3,0,0,0,1,95,0,1.0000,-1,8,4,12,0,24
234.3285,3,0,3,0,0,0,1,95,0,1.0000,-1,8,4,12,0,24
234.3525,3,0,3,0,0,0,1,95,0,1.0000,-1,8,4,12,0,24
234.3757,3,0,3,0,0,0,1,95,0,1.0000,-1,8,4,12,0,24
234.3987,3,0,3,0,0,0,1,95,0,1.0000,-1,8,4,12,0,24
234.4213,3,0,3,0,0,0,1,95,0,1.0000,-1,8,4,12,0,24
234.4444,3,0,3,0,0,0,1,95,0,1.0000,-1,8,4,12,0,24
234.4673,3,0,3,0,0,0,1,95,0,1.0000,-1,8,4,12,0,24
234.4899,3,0,3,0,0,0,1,95,0,1.0000,-1,8,4,12,0,24
234.5129,3,0,3,0,0,0,1,95,0,1.0000,-1,8,4,12,0,24
234.5374,3,0,3,0,0,0,1,95,0,1.0000,-1,8,4,12,0,24
234.5597,3,0,3,0,0,0,1,95,0,1.0000,-1,8,4,12,0,24
234.5832,3,0,3,0,0,0,1,95,0,1.0000,-1,8,4,12,0,24
234.6058,3,0,3,0,0,0,1,95,0,1.0000,-1,8,4,12,0,24
234.6293,3,0,3,0,0,0,0,-1,0,1.0000,95,8,4,13,0,25
234.6526,3,0,3,0,0,0,0,-1,0,1.0000,-1,8,4,13,0,25
234.6756,3,0,3,0,0,0,0,-1,0,1.0000,-1,8,4,13,0,25
234.699,3,0,3,0,0,0,0,-1,0,1.0000,-1,8,4,13,0,25
234.7225,3,0,3,0,0,0,0,-1,0,1.0000,-1,8,4,13,0,25
234.7451,3,0,3,0,0,0,0,-1,0,1.0000,-1,8,4,13,0,25
234.7697,3,0,3,0,0,0,0,-1,0,1.0000,-1,8,4,13,0,25
234.7941,3,0,3,0,0,0,0,-1,0,1.0000,-1,8,4,13,0,25
234.8171,3,0,3,0,0,0,0,-1,0,1.0000,-1,8,4,13,0,25
234.8636,3,0,3,0,0,0,0,-1,0,1.0000,-1,8,4,13,0,25
234.8764,3,0,3,0,0,0,0,-1,0,1.0000,-1,8,4,13,0,25
234.8917,3,0,3,0,0,0,0,-1,0,1.0000,-1,8,4,13,0,25
234.917,3,0,3,0,0,0,0,-1,0,0.0000,-1,8,4,13,0,25
234.9377,3,0,3,0,0,0,0,-1,0,0.0000,-1,8,4,13,0,25
234.9621,3,0,3,0,0,0,0,-1,0,0.0000,-1,8,4,13,0,25
234.9838,3,0,3,0,0,0,0,-1,0,0.0000,-1,8,4,13,0,25
235.0069,3,0,3,0,0,0,0,-1,0,0.0000,-1,8,4,13,0,25
235.0284,3,0,3,0,0,0,0,-1,0,0.0000,-1,8,4,13,0,25
235.0519,3,0,3,0,0,0,0,-1,0,0.0000,-1,8,4,13,0,25
235.0755,3,0,3,0,0,0,0,-1,0,0.0000,-1,8,4,13,0,25
235.0984,3,0,3,0,0,0,0,-1,0,0.0000,-1,8,4,13,0,25
235.1214,3,0,3,0,0,0,0,-1,1,1.0000,-1,8,4,13,0,25
235.1442,3,0,3,0,0,0,0,-1,0,1.0000,-1,8,4,13,0,25
235.1673,3,0,3,0,0,0,0,-1,0,1.0000,-1,8,4,13,0,25
235.1913,3,0,3,0,0,0,0,-1,0,1.0000,-1,8,4,13,0,25
235.2148,3,0,3,0,0,0,1,99,0,1.0000,-1,8,4,13,0,25
235.2374,3,0,3,0,0,0,1,99,0,1.0000,-1,8,4,13,0,25
235.2612,3,0,3,0,0,0,1,99,0,1.0000,-1,8,4,13,0,25
235.2852,3,0,3,0,0,0,1,99,0,1.0000,-1,8,4,13,0,25
235.3083,3,0,3,0,0,0,1,99,0,1.0000,-1,8,4,13,0,25
235.3315,3,0,3,0,0,0,1,99,0,1.0000,-1,8,4,13,0,25
235.355,3,0,3,0,0,0,1,99,0,1.0000,-1,8,4,13,0,25
235.3778,3,0,3,0,0,0,1,99,0,1.0000,-1,8,4,13,0,25
235.4018,3,0,3,0,0,0,1,99,0,1.0000,-1,8,4,13,0,25
235.4252,3,0,3,0,0,0,1,99,0,1.0000,-1,8,4,13,0,25
235.4496,3,0,3,0,0,0,1,99,0,1.0000,-1,8,4,13,0,25
235.4947,3,0,3,0,0,0,1,99,0,1.0000,-1,8,4,13,0,25
235.512,3,0,3,0,0,0,1,99,0,1.0000,-1,8,4,13,0,25
235.5288,3,0,3,0,0,0,1,99,0,1.0000,-1,8,4,13,0,25
235.553,3,0,3,0,0,0,1,99,0,1.0000,-1,8,4,13,0,25
235.5758,3,0,3,0,0,0,0,-1,0,1.0000,99,8,4,14,0,26
235.5985,3,0,3,0,0,0,0,-1,0,1.0000,-1,8,4,14,0,26
235.6206,3,0,3,0,0,0,0,-1,0,1.0000,-1,8,4,14,0,26
235.6447,3,0,3,0,0,0,0,-1,0,1.0000,-1,8,4,14,0,26
235.6692,3,0,3,0,0,0,0,-1,0,1.0000,-1,8,4,14,0,26
235.7117,3,0,3,0,0,0,0,-1,0,1.0000,-1,8,4,14,0,26
235.7251,3,0,3,0,0,0,0,-1,0,1.0000,-1,8,4,14,0,26
235.7432,3,0,3,0,0,0,0,-1,0,1.0000,-1,8,4,14,0,26
235.7666,3,0,3,0,0,0,0,-1,1,2.0000,-1,8,4,14,0,26
235.7899,3,0,3,0,0,0,0,-1,0,2.0000,-1,8,4,14,0,26
235.8125,3,0,3,0,0,0,0,-1,0,2.0000,-1,8,4,14,0,26
235.8353,3,0,3,0,0,0,0,-1,0,2.0000,-1,8,4,14,0,26
235.8588,3,0,3,0,0,0,0,-1,0,2.0000,-1,8,4,14,0,26
235.883,3,0,3,0,0,0,0,-1,0,2.0000,-1,8,4,14,0,26
235.9059,3,0,3,0,0,0,0,-1,0,2.0000,-1,8,4,14,0,26
235.9296,3,0,3,0,0,0,0,-1,0,2.0000,-1,8,4,14,0,26
235.9539,3,0,3,0,0,0,0,-1,0,2.0000,-1,8,4,14,0,26
235.9773,3,0,3,0,0,0,0,-1,0,2.0000,-1,8,4,14,0,26
236.0005,3,0,3,0,0,0,0,-1,0,2.0000,-1,8,4,14,0,26
236.0243,3,0,3,0,0,0,0,-1,0,2.0000,-1,8,4,14,0,26
236.0477,3,0,3,0,0,0,0,-1,0,2.0000,-1,8,4,14,0,26
236.072,3,0,3,0,0,0,0,-1,0,2.0000,-1,8,4,14,0,26
236.0957,3,0,3,0,0,0,0,-1,0,2.0000,-1,8,4,14,0,26
236.12,3,0,3,0,0,0,0,-1,0,2.0000,-1,8,4,14,0,26
236.1434,3,0,3,0,0,0,0,-1,0,1.0000,-1,8,4,14,0,26
236.166,3,0,3,0,0,0,0,-1,0,1.0000,-1,8,4,14,0,26
236.1895,3,0,3,0,0,0,0,-1,0,1.0000,-1,8,4,14,0,26
236.2148,3,0,3,0,0,0,0,-1,0,1.0000,-1,8,4,14,0,26
236.2381,3,0,3,0,0,0,0,-1,0,1.0000,-1,8,4,14,0,26
236.2626,3,0,3,0,0,0,0,-1,0,1.0000,-1,8,4,14,0,26
236.2865,3,0,3,0,0,0,0,-1,0,1.0000,-1,8,4,14,0,26
236.3094,3,0,3,0,0,0,0,-1,0,1.0000,-1,8,4,14,0,26
236.354,3,0,3,0,0,0,0,-1,0,1.0000,-1,8,4,14,0,26
236.3672,3,0,3,0,0,0,0,-1,0,1.0000,-1,8,4,14,0,26
236.3849,3,0,3,0,0,0,0,-1,0,1.0000,-1,8,4,14,0,26
236.409,3,0,3,0,0,0,0,-1,0,1.0000,-1,8,4,14,0,26
236.435,3,0,3,1,0,0,0,-1,0,1.0000,-1,8,4,14,0,26
236.4586,3,0,3,1,0,0,0,-1,0,1.0000,-1,8,4,14,0,26
236.4828,3,0,3,1,0,0,0,-1,0,1.0000,-1,8,4,14,0,26
236.506,3,0,3,1,0,0,0,-1,0,1.0000,-1,8,4,14,0,26
236.5296,3,0,3,1,0,0,0,-1,0,1.0000,-1,8,4,14,0,26
236.5743,3,0,3,1,0,0,0,-1,0,1.0000,-1,8,4,14,0,26
236.5881,3,0,3,1,0,0,0,-1,0,1.0000,-1,8,4,14,0,26
236.6038,3,0,3,1,0,0,0,-1,0,1.0000,-1,8,4,14,0,26
236.6283,3,0,3,1,0,0,0,-1,0,1.0000,-1,8,4,14,0,26
236.652,3,0,3,1,0,0,0,-1,0,1.0000,-1,8,4,14,0,26
236.6757,3,0,3,1,0,0,0,-1,0,1.0000,-1,8,4,14,0,26
236.6991,3,0,3,1,0,0,0,-1,0,1.0000,-1,8,4,14,0,26
236.7233,3,0,3,1,0,0,0,-1,0,1.0000,-1,8,4,14,0,26
236.7465,3,0,3,1,0,0,0,-1,0,1.0000,-1,8,4,14,0,26
236.7697,3,0,3,1,0,0,0,-1,0,0.0000,-1,8,4,14,0,26
236.7932,3,0,3,1,0,0,0,-1,0,0.0000,-1,8,4,14,0,26
236.8173,3,0,3,1,0,0,0,-1,0,0.0000,-1,8,4,14,0,26
236.8416,3,0,3,1,0,0,0,-1,0,0.0000,-1,8,4,14,0,26
236.8652,3,0,3,1,0,0,0,-1,0,0.0000,-1,8,4,14,0,26
236.8876,3,0,3,1,0,0,0,-1,0,0.0000,-1,8,4,14,0,26
236.9115,3,0,3,1,0,0,0,-1,0,0.0000,-1,8,4,14,0,26
236.9333,3,0,3,1,0,0,0,-1,0,0.0000,-1,8,4,14,0,26
236.957,3,0,3,1,0,0,0,-1,0,0.0000,-1,8,4,14,0,26
237.0017,3,0,3,1,0,0,0,-1,0,0.0000,-1,8,4,14,0,26
237.0143,3,0,3,1,0,0,0,-1,0,0.0000,-1,8,4,14,0,26
237.0295,3,0,3,1,0,0,0,-1,0,0.0000,-1,8,4,14,0,26
237.0508,3,0,3,1,0,0,0,-1,0,0.0000,-1,8,4,14,0,26
237.0726,3,0,3,1,0,0,0,-1,0,0.0000,-1,8,4,14,0,26
237.0932,3,0,3,1,0,0,0,-1,0,0.0000,-1,8,4,14,0,26
237.1139,3,0,3,1,1,0,0,-1,0,0.0000,-1,8,4,14,0,26
237.1343,3,0,3,1,1,0,0,-1,0,0.0000,-1,8,4,14,0,26
237.1557,3,0,3,1,1,0,0,-1,0,0.0000,-1,8,4,14,0,26
237.1756,3,0,3,1,1,0,0,-1,0,0.0000,-1,8,4,14,0,26
237.1967,3,0,3,1,1,0,0,-1,0,0.0000,-1,8,4,14,0,26
237.216,3,0,3,1,1,0,0,-1,0,0.0000,-1,8,4,14,0,26
237.2346,3,0,3,1,1,0,0,-1,0,0.0000,-1,8,4,14,0,26
237.2547,3,0,3,1,1,0,0,-1,0,0.0000,-1,8,4,14,0,26
237.2736,3,0,3,1,1,0,0,-1,0,0.0000,-1,8,4,14,0,26
237.2933,3,0,3,1,1,0,0,-1,0,0.0000,-1,8,4,14,0,26
237.3115,3,0,3,1,1,0,0,-1,0,0.0000,-1,8,4,14,0,26
237.3309,3,0,3,1,1,0,0,-1,0,0.0000,-1,8,4,14,0,26
237.351,3,0,3,1,1,0,0,-1,0,0.0000,-1,8,4,14,0,26
237.3692,3,0,3,1,1,0,0,-1,0,0.0000,-1,8,4,14,0,26
237.3887,3,0,3,1,1,0,0,-1,0,0.0000,-1,8,4,14,0,26
237.4077,3,0,3,1,1,0,0,-1,0,0.0000,-1,8,4,14,0,26
237.4279,3,0,3,1,1,0,0,-1,0,0.0000,-1,8,4,14,0,26
237.4453,3,0,3,1,1,0,0,-1,0,0.0000,-1,8,4,14,0,26
237.4647,3,0,3,1,1,0,0,-1,0,0.0000,-1,8,4,14,0,26
237.4851,3,0,3,1,1,0,0,-1,0,0.0000,-1,8,4,14,0,26
237.5045,3,0,3,1,1,0,0,-1,0,0.0000,-1,8,4,14,0,26
237.5227,3,0,3,1,1,0,0,-1,0,0.0000,-1,8,4,14,0,26
237.5419,3,0,3,1,1,0,0,-1,0,0.0000,-1,8,4,14,0,26
237.5614,3,0,3,1,1,0,0,-1,0,0.0000,-1,8,4,14,0,26
237.5807,3,0,3,1,1,0,0,-1,0,0.0000,-1,8,4,14,0,26
237.6006,3,0,3,1,1,0,0,-1,0,0.0000,-1,8,4,14,0,26
237.6183,3,0,3,1,1,0,0,-1,0,0.0000,-1,8,4,14,0,26
237.6381,3,0,3,1,1,0,1,100,0,0.0000,-1,8,4,14,0,26
237.6571,3,0,3,1,1,0,1,100,0,0.0000,-1,8,4,14,0,26
237.6765,3,0,3,1,1,0,1,100,0,0.0000,-1,8,4,14,0,26
237.6951,1,1,4,1,0,0,1,100,0,0.0000,-1,8,4,14,0,26
237.7151,1,0,4,1,0,0,1,100,0,0.0000,-1,8,4,14,0,26
237.7342,1,0,4,1,0,0,1,100,0,0.0000,-1,8,4,14,0,26
237.7527,1,0,4,1,0,0,1,100,0,0.0000,-1,8,4,14,0,26
237.7742,1,0,4,1,0,0,1,100,0,0.0000,-1,8,4,14,0,26
237.7929,1,0,4,1,0,0,1,100,0,0.0000,-1,8,4,14,0,26
237.812,1,0,4,1,0,0,1,100,0,0.0000,-1,8,4,14,0,26
237.8482,1,0,4,1,0,0,1,100,0,0.0000,-1,8,4,14,0,26
237.8605,1,0,4,1,0,0,1,100,0,0.0000,-1,8,4,14,0,26
237.8752,1,0,4,1,0,0,1,100,0,0.0000,-1,8,4,14,0,26
237.8943,1,0,4,1,0,0,1,100,0,0.0000,-1,8,4,14,0,26
237.9129,1,0,4,1,0,0,1,100,0,0.0000,-1,8,4,14,0,26
237.9329,1,0,4,1,0,0,1,100,0,0.0000,-1,8,4,14,0,26
237.9521,1,0,4,1,0,0,0,-1,0,0.0000,100,9,4,14,0,27
237.9718,1,0,4,1,0,0,0,-1,0,0.0000,-1,9,4,14,0,27
237.9914,1,0,4,1,0,0,0,-1,0,0.0000,-1,9,4,14,0,27
238.0092,1,0,4,0,0,0,0,-1,0,0.0000,-1,9,4,14,0,27
238.0297,1,0,4,0,0,0,0,-1,0,0.0000,-1,9,4,14,0,27
238.0679,1,0,4,0,0,0,0,-1,0,0.0000,-1,9,4,14,0,27
238.0814,1,0,4,0,0,0,0,-1,0,0.0000,-1,9,4,14,0,27
238.0948,1,0,4,0,0,0,0,-1,0,0.0000,-1,9,4,14,0,27
238.1138,1,0,4,0,0,0,0,-1,0,0.0000,-1,9,4,14,0,27
238.1346,1,0,4,0,0,0,0,-1,0,0.0000,-1,9,4,14,0,27
238.1527,1,0,4,0,0,0,0,-1,0,0.0000,-1,9,4,14,0,27
238.1737,1,0,4,0,0,0,0,-1,0,0.0000,-1,9,4,14,0,27
238.1927,1,0,4,0,0,0,0,-1,0,0.0000,-1,9,4,14,0,27
238.2121,1,0,4,0,0,0,0,-1,0,0.0000,-1,9,4,14,0,27
238.2324,1,0,4,0,0,0,0,-1,0,0.0000,-1,9,4,14,0,27
238.2529,1,0,4,0,0,0,0,-1,0,0.0000,-1,9,4,14,0,27
238.2735,1,0,4,0,0,0,0,-1,0,0.0000,-1,9,4,14,0,27
238.2933,1,0,4,0,0,0,0,-1,0,0.0000,-1,9,4,14,0,27
238.3122,1,0,4,0,0,0,0,-1,0,0.0000,-1,9,4,14,0,27
238.3329,1,0,4,0,0,0,0,-1,0,0.0000,-1,9,4,14,0,27
238.3527,1,0,4,0,0,0,0,-1,0,0.0000,-1,9,4,14,0,27
238.373,1,0,4,0,0,0,0,-1,0,0.0000,-1,9,4,14,0,27
238.3933,1,0,4,0,0,0,0,-1,0,0.0000,-1,9,4,14,0,27
238.4124,1,0,4,0,0,0,0,-1,0,0.0000,-1,9,4,14,0,27
238.4322,1,0,4,0,0,0,0,-1,0,0.0000,-1,9,4,14,0,27
238.453,1,0,4,0,0,0,0,-1,0,0.0000,-1,9,4,14,0,27
238.4735,1,0,4,0,0,0,0,-1,0,0.0000,-1,9,4,14,0,27
238.4924,1,0,4,0,0,0,0,-1,0,0.0000,-1,9,4,14,0,27
238.5127,1,0,4,0,0,0,0,-1,0,0.0000,-1,9,4,14,0,27
238.5323,1,0,4,0,0,0,0,-1,0,0.0000,-1,9,4,14,0,27
238.5535,1,0,4,0,0,0,0,-1,0,0.0000,-1,9,4,14,0,27
238.573,1,0,4,0,0,0,0,-1,0,0.0000,-1,9,4,14,0,27
238.5925,1,0,4,0,0,0,0,-1,0,0.0000,-1,9,4,14,0,27
238.6126,1,0,4,0,0,0,0,-1,0,0.0000,-1,9,4,14,0,27
238.6327,1,0,4,0,0,0,0,-1,0,0.0000,-1,9,4,14,0,27
238.6536,1,0,4,0,0,0,0,-1,0,0.0000,-1,9,4,14,0,27
238.673,1,0,4,0,0,0,0,-1,0,0.0000,-1,9,4,14,0,27
238.692,1,0,4,0,0,0,0,-1,0,0.0000,-1,9,4,14,0,27
238.7123,1,0,4,0,0,0,0,-1,0,0.0000,-1,9,4,14,0,27
238.7328,1,0,4,0,0,0,0,-1,0,0.0000,-1,9,4,14,0,27
238.7533,1,0,4,0,0,0,0,-1,0,0.0000,-1,9,4,14,0,27
238.7728,1,0,4,0,0,0,0,-1,0,0.0000,-1,9,4,14,0,27
238.7941,1,0,4,0,0,0,0,-1,0,0.0000,-1,9,4,14,0,27
238.8115,1,0,4,0,0,0,0,-1,0,0.0000,-1,9,4,14,0,27
238.8319,1,0,4,0,0,0,0,-1,0,0.0000,-1,9,4,14,0,27
238.8527,1,0,4,0,0,0,0,-1,0,0.0000,-1,9,4,14,0,27
238.889,1,0,4,0,0,0,0,-1,0,0.0000,-1,9,4,14,0,27
238.9031,1,0,4,0,0,0,0,-1,0,0.0000,-1,9,4,14,0,27
238.9179,1,0,4,0,0,0,0,-1,0,0.0000,-1,9,4,14,0,27
238.9348,1,0,4,0,0,0,0,-1,0,0.0000,-1,9,4,14,0,27
238.9547,1,0,4,0,0,0,0,-1,0,0.0000,-1,9,4,14,0,27
238.9735,1,0,4,0,0,0,0,-1,0,0.0000,-1,9,4,14,0,27
238.9952,1,0,4,0,0,0,0,-1,0,0.0000,-1,9,4,14,0,27
239.0145,1,0,4,0,0,0,0,-1,0,0.0000,-1,9,4,14,0,27
239.0335,1,0,4,0,0,0,0,-1,0,0.0000,-1,9,4,14,0,27
239.0531,1,0,4,0,0,0,0,-1,0,0.0000,-1,9,4,14,0,27
239.0921,1,0,4,0,0,0,0,-1,0,0.0000,-1,9,4,14,0,27
239.1061,1,0,4,0,0,0,0,-1,0,0.0000,-1,9,4,14,0,27
239.1235,1,0,4,0,0,0,0,-1,0,0.0000,-1,9,4,14,0,27
239.1384,1,0,4,0,0,0,0,-1,0,0.0000,-1,9,4,14,0,27
239.1586,1,0,4,0,0,0,0,-1,1,1.0000,-1,9,4,14,0,27
239.1779,1,0,4,0,0,0,0,-1,0,1.0000,-1,9,4,14,0,27
239.1994,1,0,4,0,0,0,0,-1,0,1.0000,-1,9,4,14,0,27
239.2184,1,0,4,0,0,0,1,103,0,1.0000,-1,9,4,14,0,27
239.2382,1,0,4,0,0,0,1,103,0,1.0000,-1,9,4,14,0,27
239.2581,1,0,4,0,0,0,1,103,0,1.0000,-1,9,4,14,0,27
239.298,1,0,4,0,0,0,1,103,0,1.0000,-1,9,4,14,0,27
239.3142,1,0,4,0,0,0,1,103,0,1.0000,-1,9,4,14,0,27
239.3281,1,0,4,0,0,0,1,103,0,1.0000,-1,9,4,14,0,27
239.3438,1,0,4,0,0,0,1,103,0,1.0000,-1,9,4,14,0,27
239.3648,1,0,4,0,0,0,1,103,0,1.0000,-1,9,4,14,0,27
239.3863,1,0,4,0,0,0,1,103,0,1.0000,-1,9,4,14,0,27
239.4062,1,0,4,0,0,0,1,103,0,1.0000,-1,9,4,14,0,27
239.4269,1,0,4,0,0,0,1,103,0,1.0000,-1,9,4,14,0,27
239.4473,1,0,4,0,0,0,1,104,0,1.0000,-1,9,4,14,0,27
239.4677,1,0,4,0,0,0,1,104,0,1.0000,-1,9,4,14,0,27
239.4879,1,0,4,0,0,0,1,104,0,1.0000,-1,9,4,14,0,27
239.5092,1,0,4,0,0,0,1,104,0,1.0000,-1,9,4,14,0,27
239.529,1,0,4,0,0,0,1,104,0,1.0000,-1,9,4,14,0,27
239.5488,1,0,4,0,0,0,1,104,0,1.0000,-1,9,4,14,0,27
239.5696,1,0,4,0,0,0,0,-1,0,1.0000,104,10,4,14,0,28
239.5903,1,0,4,0,0,0,0,-1,0,1.0000,-1,10,4,14,0,28
239.6101,1,0,4,0,0,0,0,-1,0,1.0000,-1,10,4,14,0,28
239.6331,1,0,4,0,0,0,0,-1,0,1.0000,-1,10,4,14,0,28
239.6521,1,0,4,0,0,0,0,-1,0,1.0000,-1,10,4,14,0,28
239.6729,1,0,4,0,0,0,0,-1,0,1.0000,-1,10,4,14,0,28
239.7126,1,0,4,0,0,0,0,-1,1,2.0000,-1,10,4,14,0,28
239.7265,1,0,4,0,0,0,0,-1,0,2.0000,-1,10,4,14,0,28
239.7409,1,0,4,0,0,0,0,-1,0,2.0000,-1,10,4,14,0,28
239.7611,1,0,4,0,0,0,0,-1,0,2.0000,-1,10,4,14,0,28
239.7806,1,0,4,0,0,0,0,-1,0,2.0000,-1,10,4,14,0,28
239.8009,1,0,4,0,0,0,0,-1,0,2.0000,-1,10,4,14,0,28
239.8218,1,0,4,0,0,0,0,-1,0,2.0000,-1,10,4,14,0,28
239.8426,1,0,4,0,0,0,0,-1,0,2.0000,-1,10,4,14,0,28
239.8642,1,0,4,0,0,0,0,-1,0,2.0000,-1,10,4,14,0,28
239.8844,1,0,4,0,0,0,0,-1,0,2.0000,-1,10,4,14,0,28
239.9043,1,0,4,0,0,0,0,-1,0,2.0000,-1,10,4,14,0,28
239.9248,1,0,4,0,0,0,0,-1,0,2.0000,-1,10,4,14,0,28
239.9451,1,0,4,0,0,0,0,-1,0,2.0000,-1,10,4,14,0,28
239.965,1,0,4,0,0,0,0,-1,0,2.0000,-1,10,4,14,0,28
239.9858,1,0,4,0,0,0,0,-1,0,2.0000,-1,10,4,14,0,28
240.0055,1,0,4,0,0,0,0,-1,0,2.0000,-1,10,4,14,0,28
240.0262,1,0,4,0,0,0,0,-1,0,2.0000,-1,10,4,14,0,28
240.0458,1,0,4,0,0,0,1,106,0,2.0000,-1,10,4,14,0,28
240.0662,1,0,4,0,0,0,1,106,0,2.0000,-1,10,4,14,0,28
240.0874,1,0,4,0,0,0,1,106,0,2.0000,-1,10,4,14,0,28
240.1078,1,0,4,0,0,0,1,106,0,2.0000,-1,10,4,14,0,28
240.1282,1,0,4,0,0,0,1,106,0,2.0000,-1,10,4,14,0,28
240.1494,1,0,4,0,0,0,1,106,0,2.0000,-1,10,4,14,0,28
240.1705,1,0,4,0,0,0,1,106,0,1.0000,-1,10,4,14,0,28
240.1901,1,0,4,0,0,0,1,106,1,2.0000,-1,10,4,14,0,28
240.2112,1,0,4,0,0,0,0,-1,0,2.0000,-1,10,4,14,0,28
240.2315,1,0,4,0,0,0,0,-1,0,2.0000,-1,10,4,14,0,28
240.2517,1,0,4,0,0,0,0,-1,0,2.0000,-1,10,4,14,0,28
240.2733,1,0,4,0,0,0,0,-1,0,2.0000,-1,10,4,14,0,28
240.2939,1,0,4,0,0,0,0,-1,0,2.0000,-1,10,4,14,0,28
240.3138,1,0,4,0,0,0,0,-1,0,2.0000,-1,10,4,14,0,28
240.3356,1,0,4,0,0,0,0,-1,0,2.0000,-1,10,4,14,0,28
240.355,1,0,4,0,0,0,0,-1,0,2.0000,-1,10,4,14,0,28
240.3752,1,0,4,0,0,0,0,-1,0,2.0000,-1,10,4,14,0,28
240.3958,1,0,4,0,0,0,0,-1,0,2.0000,-1,10,4,14,0,28
240.4154,1,0,4,0,0,0,0,-1,0,2.0000,-1,10,4,14,0,28
240.4348,1,0,4,0,0,0,0,-1,0,2.0000,-1,10,4,14,0,28
240.4543,1,0,4,0,0,0,0,-1,0,2.0000,-1,10,4,14,0,28
240.474,1,0,4,0,0,0,0,-1,0,2.0000,-1,10,4,14,0,28
240.4949,1,0,4,0,0,0,0,-1,0,2.0000,-1,10,4,14,0,28
240.5343,1,0,4,0,0,0,0,-1,0,2.0000,-1,10,4,14,0,28
240.5485,1,0,4,0,0,0,0,-1,0,2.0000,-1,10,4,14,0,28
240.5646,1,0,4,0,0,0,0,-1,0,2.0000,-1,10,4,14,0,28
240.5802,1,0,4,0,0,0,0,-1,0,2.0000,-1,10,4,14,0,28
240.6006,1,0,4,0,0,0,0,-1,0,2.0000,-1,10,4,14,0,28
240.6205,1,0,4,0,0,0,0,-1,0,2.0000,-1,10,4,14,0,28
240.6394,1,0,4,0,0,0,0,-1,0,2.0000,-1,10,4,14,0,28
240.6581,1,0,4,0,0,0,0,-1,0,2.0000,-1,10,4,14,0,28
240.6781,1,0,4,0,0,0,0,-1,1,3.0000,-1,10,4,14,0,28
240.6988,1,0,4,0,0,0,0,-1,0,3.0000,-1,10,4,14,0,28
240.7351,1,0,4,0,0,0,0,-1,0,2.0000,-1,10,4,14,0,28
240.7493,1,0,4,0,0,0,0,-1,0,2.0000,-1,10,4,14,0,28
240.7641,1,0,4,0,0,0,0,-1,0,2.0000,-1,10,4,14,0,28
240.7815,1,0,4,0,0,0,0,-1,0,2.0000,-1,10,4,14,0,28
240.8014,1,0,4,0,0,0,0,-1,0,2.0000,-1,10,4,14,0,28
240.822,1,0,4,0,0,0,0,-1,0,2.0000,-1,10,4,14,0,28
240.8422,1,0,4,0,0,0,0,-1,0,2.0000,-1,10,4,14,0,28
240.8614,1,0,4,0,0,0,0,-1,0,2.0000,-1,10,4,14,0,28
240.8799,1,0,4,0,0,0,0,-1,0,2.0000,-1,10,4,14,0,28
240.8998,1,0,4,0,0,0,0,-1,0,2.0000,-1,10,4,14,0,28
240.9198,1,0,4,0,0,0,0,-1,0,2.0000,-1,10,4,14,0,28
240.9404,1,0,4,0,0,0,0,-1,0,2.0000,-1,10,4,14,0,28
240.9584,1,0,4,0,0,0,0,-1,0,2.0000,-1,10,4,14,0,28
240.9782,1,0,4,0,0,0,0,-1,0,2.0000,-1,10,4,14,0,28
240.9981,1,0,4,0,0,0,0,-1,0,2.0000,-1,10,4,14,0,28
241.0189,1,0,4,0,0,0,0,-1,1,3.0000,-1,10,4,14,0,28
241.0365,1,0,4,0,0,0,0,-1,0,3.0000,-1,10,4,14,0,28
241.0564,1,0,4,0,0,0,0,-1,0,3.0000,-1,10,4,14,0,28
241.0761,1,0,4,0,0,0,0,-1,0,3.0000,-1,10,4,14,0,28
241.0962,1,0,4,0,0,0,1,107,0,3.0000,-1,10,4,14,0,28
241.1154,1,0,4,0,0,0,1,107,0,3.0000,-1,10,4,14,0,28
241.1348,1,0,4,0,0,0,1,107,0,3.0000,-1,10,4,14,0,28
241.1547,1,0,4,0,0,0,1,107,0,3.0000,-1,10,4,14,0,28
241.1761,1,0,4,0,0,0,1,107,0,3.0000,-1,10,4,14,0,28
241.1949,1,0,4,0,0,0,1,107,0,2.0000,-1,10,4,14,0,28
241.2158,1,0,4,0,0,0,1,107,0,2.0000,-1,10,4,14,0,28
241.2345,1,0,4,0,0,0,1,107,0,2.0000,-1,10,4,14,0,28
241.2561,1,0,4,0,0,0,1,107,0,2.0000,-1,10,4,14,0,28
241.2757,1,0,4,0,0,0,1,107,0,2.0000,-1,10,4,14,0,28
241.2959,1,0,4,0,0,0,1,107,0,2.0000,-1,10,4,14,0,28
241.3167,1,0,4,0,0,0,1,107,0,2.0000,-1,10,4,14,0,28
241.3366,1,0,4,0,0,0,0,-1,0,2.0000,107,11,4,14,0,29
241.3576,1,0,4,0,0,0,0,-1,0,2.0000,-1,11,4,14,0,29
241.3773,1,0,4,0,0,0,0,-1,0,2.0000,-1,11,4,14,0,29
241.398,1,0,4,0,0,0,0,-1,0,2.0000,-1,11,4,14,0,29
241.4187,1,0,4,0,0,0,0,-1,0,2.0000,-1,11,4,14,0,29
241.4399,1,0,4,0,0,0,0,-1,0,2.0000,-1,11,4,14,0,29
241.4591,1,0,4,0,0,0,0,-1,0,2.0000,-1,11,4,14,0,29
241.4793,1,0,4,0,0,0,0,-1,0,2.0000,-1,11,4,14,0,29
241.4995,1,0,4,0,0,0,0,-1,0,2.0000,-1,11,4,14,0,29
241.5199,1,0,4,0,0,0,0,-1,0,2.0000,-1,11,4,14,0,29
241.5581,1,0,4,0,0,0,0,-1,0,2.0000,-1,11,4,14,0,29
241.572,1,0,4,0,0,0,0,-1,0,2.0000,-1,11,4,14,0,29
241.586,1,0,4,0,0,0,0,-1,0,2.0000,-1,11,4,14,0,29
241.6047,1,0,4,0,0,0,0,-1,0,2.0000,-1,11,4,14,0,29
241.6249,1,0,4,0,0,0,0,-1,0,2.0000,-1,11,4,14,0,29
241.6452,1,0,4,0,0,0,0,-1,0,2.0000,-1,11,4,14,0,29
241.6661,1,0,4,0,0,0,0,-1,0,2.0000,-1,11,4,14,0,29
241.6873,1,0,4,0,0,0,0,-1,0,1.0000,-1,11,4,14,0,29
241.707,1,0,4,0,0,0,0,-1,0,1.0000,-1,11,4,14,0,29
241.7276,1,0,4,0,0,0,0,-1,0,1.0000,-1,11,4,14,0,29
241.7459,1,0,4,0,0,0,0,-1,0,1.0000,-1,11,4,14,0,29
241.7673,1,0,4,0,0,0,0,-1,0,1.0000,-1,11,4,14,0,29
241.7871,1,0,4,0,0,0,0,-1,0,1.0000,-1,11,4,14,0,29
241.807,1,0,4,0,0,0,0,-1,0,1.0000,-1,11,4,14,0,29
241.8286,1,0,4,0,0,0,0,-1,0,1.0000,-1,11,4,14,0,29
241.8468,1,0,4,0,0,0,0,-1,0,1.0000,-1,11,4,14,0,29
241.8679,1,0,4,0,0,0,0,-1,0,1.0000,-1,11,4,14,0,29
241.8873,1,0,4,0,0,0,0,-1,0,1.0000,-1,11,4,14,0,29
241.9066,1,0,4,0,0,0,0,-1,0,1.0000,-1,11,4,14,0,29
241.9261,1,0,4,0,0,0,0,-1,0,1.0000,-1,11,4,14,0,29
241.9449,1,0,4,0,0,0,0,-1,0,1.0000,-1,11,4,14,0,29
241.9821,1,0,4,0,0,0,0,-1,0,1.0000,-1,11,4,14,0,29
241.9949,1,0,4,0,0,0,0,-1,0,1.0000,-1,11,4,14,0,29
242.0067,1,0,4,0,0,0,0,-1,0,1.0000,-1,11,4,14,0,29
242.0271,1,0,4,0,0,0,0,-1,0,0.0000,-1,11,4,14,0,29
242.0522,1,0,4,0,0,0,0,-1,0,0.0000,-1,11,4,14,0,29
242.0661,1,0,4,0,0,0,0,-1,0,0.0000,-1,11,4,14,0,29
242.0842,1,0,4,0,0,0,0,-1,0,0.0000,-1,11,4,14,0,29
242.1028,1,0,4,0,0,0,0,-1,0,0.0000,-1,11,4,14,0,29
242.1228,1,0,4,0,0,0,0,-1,0,0.0000,-1,11,4,14,0,29
242.1427,1,0,4,0,0,0,0,-1,0,0.0000,-1,11,4,14,0,29
242.1615,1,0,4,0,0,0,0,-1,0,0.0000,-1,11,4,14,0,29
242.1984,1,0,4,0,0,0,0,-1,0,0.0000,-1,11,4,14,0,29
242.2116,1,0,4,0,0,0,0,-1,0,0.0000,-1,11,4,14,0,29
242.225,1,0,4,0,0,0,0,-1,0,0.0000,-1,11,4,14,0,29
242.2422,1,0,4,0,0,0,0,-1,0,0.0000,-1,11,4,14,0,29
242.2603,1,0,4,0,0,0,0,-1,0,0.0000,-1,11,4,14,0,29
242.279,1,0,4,0,0,0,0,-1,0,0.0000,-1,11,4,14,0,29
242.2983,1,0,4,0,0,0,0,-1,0,0.0000,-1,11,4,14,0,29
242.3174,1,0,4,0,0,0,0,-1,0,0.0000,-1,11,4,14,0,29
242.3358,1,0,4,0,0,0,0,-1,0,0.0000,-1,11,4,14,0,29
242.3556,1,0,4,0,0,0,0,-1,0,0.0000,-1,11,4,14,0,29
242.3748,1,0,4,0,0,0,0,-1,0,0.0000,-1,11,4,14,0,29
242.4114,1,0,4,0,0,0,0,-1,0,0.0000,-1,11,4,14,0,29
242.4267,1,0,4,0,1,0,1,110,1,1.0000,-1,11,4,14,0,29
242.441,1,0,4,0,1,0,1,110,0,1.0000,-1,11,4,14,0,29
242.4562,1,0,4,0,1,0,1,110,0,1.0000,-1,11,4,14,0,29
242.4749,1,0,4,0,1,0,1,109,0,1.0000,-1,11,4,14,0,29
242.4943,1,0,4,0,1,0,1,109,0,1.0000,-1,11,4,14,0,29
242.513,1,0,4,0,1,0,1,109,0,1.0000,-1,11,4,14,0,29
242.532,1,0,4,0,1,0,1,109,0,1.0000,-1,11,4,14,0,29
242.5514,1,0,4,0,1,0,1,109,0,1.0000,-1,11,4,14,0,29
242.5714,1,0,4,0,1,0,1,109,0,1.0000,-1,11,4,14,0,29
242.5896,1,0,4,0,1,0,0,-1,0,1.0000,109,12,4,14,0,30
242.6093,1,0,4,0,1,0,0,-1,0,1.0000,-1,12,4,14,0,30
242.6284,1,0,4,0,1,0,0,-1,0,1.0000,-1,12,4,14,0,30
242.6469,1,0,4,0,1,0,0,-1,0,1.0000,-1,12,4,14,0,30
242.6666,1,0,4,0,1,0,0,-1,0,1.0000,-1,12,4,14,0,30
242.6863,1,0,4,0,1,0,0,-1,0,1.0000,-1,12,4,14,0,30
242.7067,1,0,4,0,1,0,0,-1,0,1.0000,-1,12,4,14,0,30
242.7251,1,0,4,0,1,0,0,-1,0,1.0000,-1,12,4,14,0,30
242.745,1,0,4,0,1,0,0,-1,0,1.0000,-1,12,4,14,0,30
242.7634,1,0,4,0,1,0,0,-1,0,1.0000,-1,12,4,14,0,30
242.7829,1,0,4,0,1,0,0,-1,0,1.0000,-1,12,4,14,0,30
242.8011,1,0,4,0,1,0,0,-1,0,1.0000,-1,12,4,14,0,30
242.8389,1,0,4,1,1,0,0,-1,0,1.0000,-1,12,4,14,0,30
242.8545,1,0,4,1,1,0,0,-1,0,1.0000,-1,12,4,14,0,30
242.868,1,0,4,1,1,0,0,-1,0,1.0000,-1,12,4,14,0,30
242.8825,1,0,4,1,1,0,0,-1,0,1.0000,-1,12,4,14,0,30
242.9025,1,0,4,1,1,0,0,-1,0,1.0000,-1,12,4,14,0,30
242.922,1,0,4,1,1,0,0,-1,0,1.0000,-1,12,4,14,0,30
242.9415,1,0,4,1,1,0,0,-1,0,1.0000,-1,12,4,14,0,30
242.9601,1,0,4,1,1,0,0,-1,0,1.0000,-1,12,4,14,0,30
242.9782,1,0,4,1,1,0,0,-1,0,1.0000,-1,12,4,14,0,30
242.9973,1,0,4,1,1,0,0,-1,0,1.0000,-1,12,4,14,0,30
243.0178,1,0,4,1,1,0,0,-1,0,1.0000,-1,12,4,14,0,30
243.0525,1,0,4,1,1,0,0,-1,0,1.0000,-1,12,4,14,0,30
243.0659,1,0,4,1,1,0,0,-1,0,1.0000,-1,12,4,14,0,30
243.0794,1,0,4,1,1,0,0,-1,0,1.0000,-1,12,4,14,0,30
243.096,1,0,4,1,1,0,0,-1,0,1.0000,-1,12,4,14,0,30
243.1133,1,0,4,1,1,0,0,-1,0,1.0000,-1,12,4,14,0,30
243.1328,1,0,4,1,1,0,0,-1,0,1.0000,-1,12,4,14,0,30
243.1523,1,0,4,1,1,0,0,-1,0,1.0000,-1,12,4,14,0,30
243.1736,1,0,4,1,1,0,0,-1,0,1.0000,-1,12,4,14,0,30
243.1896,1,0,4,1,1,0,0,-1,0,1.0000,-1,12,4,14,0,30
243.2086,1,0,4,1,1,0,0,-1,0,1.0000,-1,12,4,14,0,30
243.2287,1,0,4,1,1,0,0,-1,0,1.0000,-1,12,4,14,0,30
243.2459,1,0,4,1,1,0,0,-1,0,1.0000,-1,12,4,14,0,30
243.2641,1,0,4,1,1,0,0,-1,0,1.0000,-1,12,4,14,0,30
243.2841,1,0,4,1,1,0,0,-1,0,1.0000,-1,12,4,14,0,30
243.3013,1,0,4,1,1,0,0,-1,0,1.0000,-1,12,4,14,0,30
243.319,1,0,4,1,1,0,0,-1,0,1.0000,-1,12,4,14,0,30
243.3376,1,0,4,1,1,0,0,-1,0,1.0000,-1,12,4,14,0,30
243.3558,1,0,4,1,1,0,0,-1,0,1.0000,-1,12,4,14,0,30
243.3734,1,0,4,1,1,0,0,-1,0,1.0000,-1,12,4,14,0,30
243.3934,1,0,4,1,1,0,1,114,0,1.0000,-1,12,4,14,0,30
243.4112,1,0,4,1,1,0,1,114,0,1.0000,-1,12,4,14,0,30
243.4271,1,0,4,1,1,0,1,114,0,0.0000,-1,12,4,14,0,30
243.4473,1,0,4,1,1,0,1,114,0,0.0000,-1,12,4,14,0,30
243.4639,1,0,4,1,1,0,1,114,0,0.0000,-1,12,4,14,0,30
243.4821,1,0,4,1,1,0,1,114,0,0.0000,-1,12,4,14,0,30
243.5004,1,0,4,1,1,0,1,114,0,0.0000,-1,12,4,14,0,30
243.5172,1,0,4,1,1,0,1,114,0,0.0000,-1,12,4,14,0,30
243.5367,1,0,4,1,1,0,1,114,0,0.0000,-1,12,4,14,0,30
243.5546,1,0,4,1,1,0,1,114,0,0.0000,-1,12,4,14,0,30
243.5737,1,0,4,1,1,0,1,114,0,0.0000,-1,12,4,14,0,30
243.5904,1,0,4,1,1,0,1,113,0,0.0000,114,13,4,14,0,31
243.6087,1,0,4,1,1,0,1,113,0,0.0000,-1,13,4,14,0,31
243.6275,1,0,4,1,1,0,1,113,0,0.0000,-1,13,4,14,0,31
243.6449,1,0,4,1,1,0,1,113,0,0.0000,-1,13,4,14,0,31
243.6631,1,0,4,1,1,0,1,113,0,0.0000,-1,13,4,14,0,31
243.6989,1,0,4,1,0,0,1,113,0,0.0000,-1,13,4,14,0,31
243.7142,1,0,4,1,0,0,1,113,0,0.0000,-1,13,4,14,0,31
243.7291,1,0,4,1,0,0,1,113,0,0.0000,-1,13,4,14,0,31
243.7461,1,0,4,1,0,0,1,113,0,0.0000,-1,13,4,14,0,31
243.7677,1,0,4,1,0,0,1,113,0,0.0000,-1,13,4,14,0,31
243.7867,1,0,4,1,0,0,1,113,0,0.0000,-1,13,4,14,0,31
243.8088,1,0,4,1,0,0,1,113,0,0.0000,-1,13,4,14,0,31
243.8312,1,0,4,1,0,0,0,-1,0,0.0000,113,14,4,14,0,32
243.8524,1,0,4,1,0,0,0,-1,0,0.0000,-1,14,4,14,0,32
243.8744,1,0,4,1,0,0,0,-1,0,0.0000,-1,14,4,14,0,32
243.9159,1,0,4,1,0,0,0,-1,0,0.0000,-1,14,4,14,0,32
243.9291,1,0,4,1,0,0,0,-1,0,0.0000,-1,14,4,14,0,32
243.9449,1,0,4,1,0,0,0,-1,0,0.0000,-1,14,4,14,0,32
243.9682,1,0,4,1,0,0,0,-1,0,0.0000,-1,14,4,14,0,32
243.9923,1,0,4,1,0,0,0,-1,0,0.0000,-1,14,4,14,0,32
244.0148,1,0,4,1,0,0,0,-1,0,0.0000,-1,14,4,14,0,32
244.0382,1,0,4,1,0,0,0,-1,0,0.0000,-1,14,4,14,0,32
244.0612,1,0,4,1,0,0,0,-1,0,0.0000,-1,14,4,14,0,32
244.0845,1,0,4,1,0,0,0,-1,0,0.0000,-1,14,4,14,0,32
244.1079,1,0,4,1,0,0,0,-1,0,0.0000,-1,14,4,14,0,32
244.1308,1,0,4,1,0,0,0,-1,0,0.0000,-1,14,4,14,0,32
244.1535,1,0,4,1,0,0,0,-1,0,0.0000,-1,14,4,14,0,32
244.1765,1,0,4,1,0,0,0,-1,0,0.0000,-1,14,4,14,0,32
244.2001,1,0,4,1,0,0,0,-1,0,0.0000,-1,14,4,14,0,32
244.2221,1,0,4,1,0,0,0,-1,0,0.0000,-1,14,4,14,0,32
244.2452,1,0,4,1,0,0,0,-1,0,0.0000,-1,14,4,14,0,32
244.2684,1,0,4,1,0,0,0,-1,0,0.0000,-1,14,4,14,0,32
244.2892,1,0,4,1,0,0,0,-1,0,0.0000,-1,14,4,14,0,32
244.3113,1,0,4,1,0,0,0,-1,0,0.0000,-1,14,4,14,0,32
244.3327,1,0,4,1,0,0,0,-1,0,0.0000,-1,14,4,14,0,32
244.3563,1,0,4,0,0,0,0,-1,0,0.0000,-1,14,4,14,0,32
244.378,1,0,4,0,0,0,0,-1,0,0.0000,-1,14,4,14,0,32
244.4002,1,0,4,0,0,0,0,-1,0,0.0000,-1,14,4,14,0,32
244.4212,1,0,4,0,1,0,0,-1,0,0.0000,-1,14,4,14,0,32
244.4447,1,0,4,0,1,0,0,-1,0,0.0000,-1,14,4,14,0,32
244.4659,1,0,4,0,1,0,0,-1,0,0.0000,-1,14,4,14,0,32
244.4877,1,0,4,0,1,0,1,116,0,0.0000,-1,14,4,14,0,32
244.5106,1,0,4,0,1,0,1,116,0,0.0000,-1,14,4,14,0,32
244.5538,1,0,4,0,1,0,1,116,0,0.0000,-1,14,4,14,0,32
244.567,1,0,4,0,1,0,1,116,0,0.0000,-1,14,4,14,0,32
244.5838,1,0,4,0,1,0,1,116,0,0.0000,-1,14,4,14,0,32
244.6032,1,0,4,0,1,0,1,116,0,0.0000,-1,14,4,14,0,32
244.6237,1,0,4,0,1,0,1,116,0,0.0000,-1,14,4,14,0,32
244.6457,1,0,4,0,1,0,1,116,0,0.0000,-1,14,4,14,0,32
244.6675,1,0,4,0,1,0,1,116,0,0.0000,-1,14,4,14,0,32
244.6897,1,0,4,0,1,0,1,116,0,0.0000,-1,14,4,14,0,32
244.7122,1,0,4,0,1,0,1,116,0,0.0000,-1,14,4,14,0,32
244.733,1,0,4,0,1,0,1,116,0,0.0000,-1,14,4,14,0,32
244.7547,1,0,4,0,1,0,1,116,0,0.0000,-1,14,4,14,0,32
244.777,1,0,4,0,1,0,1,116,0,0.0000,-1,14,4,14,0,32
244.7984,1,0,4,0,1,0,1,116,0,0.0000,-1,14,4,14,0,32
244.8211,1,0,4,0,1,0,1,116,0,0.0000,-1,14,4,14,0,32
244.8429,1,0,4,0,1,0,1,116,0,0.0000,-1,14,4,14,0,32
244.8637,1,0,4,0,1,0,1,116,0,0.0000,-1,14,4,14,0,32
244.8865,1,0,4,0,1,0,1,116,0,0.0000,-1,14,4,14,0,32
244.9084,1,0,4,0,1,0,1,116,0,0.0000,-1,14,4,14,0,32
244.929,1,0,4,0,1,0,1,116,0,0.0000,-1,14,4,14,0,32
244.951,1,0,4,0,1,0,1,116,0,0.0000,-1,14,4,14,0,32
244.9734,1,0,4,0,1,0,1,116,0,0.0000,-1,14,4,14,0,32
244.9934,2,1,5,0,0,0,1,116,0,0.0000,-1,14,4,14,0,32
245.0153,2,0,5,0,0,0,1,116,0,0.0000,-1,14,4,14,0,32
245.0367,2,0,5,0,0,0,1,116,0,0.0000,-1,14,4,14,0,32
245.0574,2,0,5,0,0,0,1,116,0,0.0000,-1,14,4,14,0,32
245.0789,2,0,5,0,0,0,1,116,0,0.0000,-1,14,4,14,0,32
245.0997,2,0,5,0,0,0,1,116,0,0.0000,-1,14,4,14,0,32
245.1215,2,0,5,0,0,0,0,-1,0,0.0000,116,14,5,14,0,33
245.1438,2,0,5,0,0,0,0,-1,0,0.0000,-1,14,5,14,0,33
245.186,2,0,5,0,0,0,0,-1,0,0.0000,-1,14,5,14,0,33
245.2005,2,0,5,0,0,0,0,-1,0,0.0000,-1,14,5,14,0,33
245.2175,2,0,5,0,0,0,0,-1,0,0.0000,-1,14,5,14,0,33
245.236,2,0,5,0,0,0,0,-1,0,0.0000,-1,14,5,14,0,33
245.259,2,0,5,0,0,0,0,-1,0,0.0000,-1,14,5,14,0,33
245.2791,2,0,5,0,0,0,0,-1,0,0.0000,-1,14,5,14,0,33
245.3002,2,0,5,0,0,0,0,-1,0,0.0000,-1,14,5,14,0,33
245.3227,2,0,5,0,0,0,0,-1,0,0.0000,-1,14,5,14,0,33
245.345,2,0,5,0,0,0,1,115,0,0.0000,-1,14,5,14,0,33
245.3882,2,0,5,0,0,0,1,115,0,0.0000,-1,14,5,14,0,33
245.4017,2,0,5,1,0,0,1,115,0,0.0000,-1,14,5,14,0,33
245.4177,2,0,5,1,0,0,1,115,0,0.0000,-1,14,5,14,0,33
245.4371,2,0,5,0,0,0,1,115,0,0.0000,-1,14,5,14,0,33
245.4601,2,0,5,0,0,0,1,115,0,0.0000,-1,14,5,14,0,33
245.4823,2,0,5,0,0,0,1,115,0,0.0000,-1,14,5,14,0,33
245.5052,2,0,5,0,0,0,1,115,0,0.0000,-1,14,5,14,0,33
245.5282,2,0,5,0,0,0,1,115,0,0.0000,-1,14,5,14,0,33
245.5508,2,0,5,0,0,0,1,115,0,0.0000,-1,14,5,14,0,33
245.594,2,0,5,0,0,0,1,115,0,0.0000,-1,14,5,14,0,33
245.6088,2,0,5,0,0,0,0,-1,0,0.0000,115,14,6,14,0,34
245.6252,2,0,5,0,0,0,0,-1,0,0.0000,-1,14,6,14,0,34
245.6485,2,0,5,0,0,0,0,-1,0,0.0000,-1,14,6,14,0,34
245.6713,2,0,5,0,0,0,0,-1,0,0.0000,-1,14,6,14,0,34
245.6956,2,0,5,0,0,0,0,-1,0,0.0000,-1,14,6,14,0,34
245.7171,2,0,5,0,0,0,0,-1,1,1.0000,-1,14,6,14,0,34
245.7409,2,0,5,0,0,0,0,-1,0,1.0000,-1,14,6,14,0,34
245.7634,2,0,5,0,0,0,0,-1,0,1.0000,-1,14,6,14,0,34
245.8059,2,0,5,0,0,0,0,-1,0,1.0000,-1,14,6,14,0,34
245.8205,2,0,5,0,0,0,0,-1,1,2.0000,-1,14,6,14,0,34
245.8362,2,0,5,0,0,0,0,-1,0,2.0000,-1,14,6,14,0,34
245.8599,2,0,5,0,0,0,0,-1,0,2.0000,-1,14,6,14,0,34
245.882,2,0,5,0,0,0,0,-1,0,2.0000,-1,14,6,14,0,34
245.9032,2,0,5,0,0,0,0,-1,0,2.0000,-1,14,6,14,0,34
245.9252,2,0,5,0,0,0,0,-1,0,2.0000,-1,14,6,14,0,34
245.9458,2,0,5,0,0,0,0,-1,0,2.0000,-1,14,6,14,0,34
245.9668,2,0,5,0,0,0,0,-1,0,2.0000,-1,14,6,14,0,34
245.987,2,0,5,0,0,0,0,-1,0,2.0000,-1,14,6,14,0,34
246.0069,2,0,5,0,0,0,0,-1,0,2.0000,-1,14,6,14,0,34
246.0268,2,0,5,0,0,0,0,-1,0,2.0000,-1,14,6,14,0,34
246.0465,2,0,5,0,0,0,0,-1,0,2.0000,-1,14,6,14,0,34
246.0671,2,0,5,0,0,0,0,-1,0,2.0000,-1,14,6,14,0,34
246.0854,2,0,5,0,0,0,1,118,0,2.0000,-1,14,6,14,0,34
246.1056,2,0,5,0,0,0,1,118,0,2.0000,-1,14,6,14,0,34
246.1243,2,0,5,0,0,0,1,118,0,2.0000,-1,14,6,14,0,34
246.1446,2,0,5,0,0,0,1,118,0,2.0000,-1,14,6,14,0,34
246.1657,2,0,5,0,1,0,1,118,0,2.0000,-1,14,6,14,0,34
246.1844,2,0,5,0,1,0,1,118,0,2.0000,-1,14,6,14,0,34
246.2209,2,0,5,0,1,0,1,118,0,2.0000,-1,14,6,14,0,34
246.2337,2,0,5,0,1,0,1,118,0,2.0000,-1,14,6,14,0,34
246.2469,2,0,5,0,1,0,1,118,0,2.0000,-1,14,6,14,0,34
246.2669,2,0,5,0,1,0,1,118,0,2.0000,-1,14,6,14,0,34
246.2868,2,0,5,0,1,0,1,118,0,2.0000,-1,14,6,14,0,34
246.3062,2,0,5,0,1,0,1,118,0,2.0000,-1,14,6,14,0,34
246.3253,2,0,5,0,1,0,1,118,0,2.0000,-1,14,6,14,0,34
246.3453,2,0,5,0,1,0,1,118,0,2.0000,-1,14,6,14,0,34
246.3654,2,0,5,0,1,0,1,118,0,2.0000,-1,14,6,14,0,34
246.3839,2,0,5,0,1,0,1,118,0,2.0000,-1,14,6,14,0,34
246.4037,2,0,5,0,1,0,1,118,0,2.0000,-1,14,6,14,0,34
246.4408,2,0,5,0,1,0,1,118,0,2.0000,-1,14,6,14,0,34
246.4532,2,0,5,0,1,0,1,118,0,2.0000,-1,14,6,14,0,34
246.4665,2,0,5,0,1,0,1,118,0,2.0000,-1,14,6,14,0,34
246.4862,2,0,5,0,1,0,1,118,0,2.0000,-1,14,6,14,0,34
246.5063,2,0,5,0,1,0,1,118,0,2.0000,-1,14,6,14,0,34
246.5274,2,0,5,1,1,0,1,118,0,2.0000,-1,14,6,14,0,34
246.5433,2,0,5,1,1,0,1,118,1,3.0000,-1,14,6,14,0,34
246.5621,2,0,5,1,1,0,1,118,0,3.0000,-1,14,6,14,0,34
246.583,2,0,5,1,1,0,0,-1,0,3.0000,-1,14,6,14,0,34
246.601,2,0,5,1,1,0,0,-1,0,3.0000,-1,14,6,14,0,34
246.6211,2,0,5,1,1,0,0,-1,0,3.0000,-1,14,6,14,0,34
246.6566,2,0,5,1,1,0,0,-1,0,3.0000,118,14,7,14,0,35
246.6717,2,0,5,1,1,0,0,-1,0,3.0000,-1,14,7,14,0,35
246.6856,2,0,5,1,1,0,0,-1,0,3.0000,-1,14,7,14,0,35
246.7042,2,0,5,1,1,0,1,119,0,3.0000,-1,14,7,14,0,35
246.7238,2,0,5,1,0,0,1,119,0,2.0000,-1,14,7,14,0,35
246.744,2,0,5,1,0,0,1,119,0,2.0000,-1,14,7,14,0,35
246.7621,2,0,5,1,0,0,1,119,0,2.0000,-1,14,7,14,0,35
246.7839,2,0,5,1,0,0,1,119,0,2.0000,-1,14,7,14,0,35
246.8021,2,0,5,0,0,0,1,119,0,2.0000,-1,14,7,14,0,35
246.8214,2,0,5,0,0,0,1,119,0,1.0000,-1,14,7,14,0,35
246.8597,2,0,5,0,0,0,1,119,0,1.0000,-1,14,7,14,0,35
246.8722,2,0,5,0,0,0,1,119,0,1.0000,-1,14,7,14,0,35
246.8868,2,0,5,0,0,0,1,119,0,1.0000,-1,14,7,14,0,35
246.9052,2,0,5,0,0,0,1,119,0,1.0000,-1,14,7,14,0,35
246.9234,2,0,5,0,0,0,1,119,0,1.0000,-1,14,7,14,0,35
246.9436,2,0,5,0,0,0,1,119,0,1.0000,-1,14,7,14,0,35
246.9626,2,0,5,0,0,0,1,119,0,1.0000,-1,14,7,14,0,35
246.9822,2,0,5,0,0,0,1,119,0,1.0000,-1,14,7,14,0,35
247.0023,2,0,5,0,0,0,1,119,0,1.0000,-1,14,7,14,0,35
247.0217,2,0,5,0,0,0,1,119,0,1.0000,-1,14,7,14,0,35
247.0585,2,0,5,0,0,0,1,119,1,2.0000,-1,14,7,14,0,35
247.071,2,0,5,0,0,0,1,119,0,2.0000,-1,14,7,14,0,35
247.0862,2,0,5,0,0,0,1,119,0,2.0000,-1,14,7,14,0,35
247.1074,2,0,5,0,0,0,1,119,0,2.0000,-1,14,7,14,0,35
247.1254,2,0,5,0,0,0,1,119,0,2.0000,-1,14,7,14,0,35
247.1449,2,0,5,0,0,0,1,119,0,2.0000,-1,14,7,14,0,35
247.1645,2,0,5,0,0,0,1,119,0,2.0000,-1,14,7,14,0,35
247.1851,2,0,5,0,0,0,1,119,0,2.0000,-1,14,7,14,0,35
247.2054,2,0,5,0,0,0,1,119,0,2.0000,-1,14,7,14,0,35
247.2234,2,0,5,0,0,0,1,119,0,2.0000,-1,14,7,14,0,35
247.2437,2,0,5,0,0,0,0,-1,0,2.0000,119,14,8,14,0,36
247.2625,2,0,5,0,0,0,0,-1,1,3.0000,-1,14,8,14,0,36
247.2843,2,0,5,0,0,0,0,-1,0,3.0000,-1,14,8,14,0,36
247.304,2,0,5,0,0,0,0,-1,0,3.0000,-1,14,8,14,0,36
247.3216,2,0,5,0,0,0,0,-1,0,3.0000,-1,14,8,14,0,36
247.3407,2,0,5,0,0,0,0,-1,0,3.0000,-1,14,8,14,0,36
247.3615,2,0,5,0,0,0,0,-1,0,3.0000,-1,14,8,14,0,36
247.3792,2,0,5,0,0,0,0,-1,0,3.0000,-1,14,8,14,0,36
247.3985,2,0,5,0,0,0,0,-1,0,3.0000,-1,14,8,14,0,36
247.4178,2,0,5,0,0,0,0,-1,0,3.0000,-1,14,8,14,0,36
247.4369,2,0,5,0,1,0,0,-1,0,3.0000,-1,14,8,14,0,36
247.4724,2,0,5,0,1,0,0,-1,0,3.0000,-1,14,8,14,0,36
247.4855,2,0,5,0,1,0,0,-1,0,3.0000,-1,14,8,14,0,36
247.4984,2,0,5,0,1,0,0,-1,0,3.0000,-1,14,8,14,0,36
247.5191,2,0,5,0,1,0,0,-1,0,3.0000,-1,14,8,14,0,36
247.5365,2,0,5,0,1,0,0,-1,0,3.0000,-1,14,8,14,0,36
247.5545,2,0,5,0,1,0,0,-1,0,2.0000,-1,14,8,14,0,36
247.573,2,0,5,0,1,0,0,-1,0,2.0000,-1,14,8,14,0,36
247.5932,2,0,5,0,1,0,0,-1,0,2.0000,-1,14,8,14,0,36
247.6127,2,0,5,0,1,0,0,-1,0,2.0000,-1,14,8,14,0,36
247.6308,2,0,5,0,1,0,0,-1,0,2.0000,-1,14,8,14,0,36
247.6502,2,0,5,0,1,0,0,-1,0,2.0000,-1,14,8,14,0,36
247.6689,2,0,5,0,1,0,0,-1,0,2.0000,-1,14,8,14,0,36
247.6884,2,0,5,0,1,0,0,-1,0,2.0000,-1,14,8,14,0,36
247.7062,2,0,5,0,1,0,0,-1,0,2.0000,-1,14,8,14,0,36
247.726,2,0,5,0,1,0,0,-1,0,2.0000,-1,14,8,14,0,36
247.7444,2,0,5,0,1,0,0,-1,0,2.0000,-1,14,8,14,0,36
247.764,2,0,5,0,1,0,0,-1,0,2.0000,-1,14,8,14,0,36
247.784,2,0,5,0,1,0,0,-1,0,2.0000,-1,14,8,14,0,36
247.8017,2,0,5,0,1,0,0,-1,0,2.0000,-1,14,8,14,0,36
247.8212,2,0,5,0,1,0,0,-1,0,2.0000,-1,14,8,14,0,36
247.8399,2,0,5,0,1,0,0,-1,0,2.0000,-1,14,8,14,0,36
247.8587,2,0,5,0,1,0,0,-1,0,2.0000,-1,14,8,14,0,36
247.8779,2,0,5,0,1,0,0,-1,0,2.0000,-1,14,8,14,0,36
247.8959,2,0,5,0,1,0,0,-1,0,2.0000,-1,14,8,14,0,36
247.9153,2,0,5,0,1,0,0,-1,0,2.0000,-1,14,8,14,0,36
247.935,2,0,5,0,1,0,0,-1,0,2.0000,-1,14,8,14,0,36
247.9537,2,0,5,0,1,0,0,-1,0,2.0000,-1,14,8,14,0,36
247.9719,2,0,5,0,1,0,0,-1,0,2.0000,-1,14,8,14,0,36
247.9905,2,0,5,0,1,0,0,-1,0,2.0000,-1,14,8,14,0,36
248.0106,2,0,5,0,1,0,0,-1,0,2.0000,-1,14,8,14,0,36
248.0293,2,0,5,0,1,0,0,-1,0,2.0000,-1,14,8,14,0,36
248.0473,2,0,5,0,1,0,0,-1,0,2.0000,-1,14,8,14,0,36
248.067,2,0,5,0,1,0,0,-1,0,1.0000,-1,14,8,14,0,36
248.0853,2,0,5,0,1,0,0,-1,0,1.0000,-1,14,8,14,0,36
248.1064,2,0,5,0,1,0,0,-1,0,1.0000,-1,14,8,14,0,36
248.1236,2,0,5,0,1,0,0,-1,0,1.0000,-1,14,8,14,0,36
248.1437,2,0,5,0,1,0,0,-1,0,1.0000,-1,14,8,14,0,36
248.1621,2,0,5,0,1,0,0,-1,0,1.0000,-1,14,8,14,0,36
248.1825,2,0,5,0,1,0,0,-1,1,2.0000,-1,14,8,14,0,36
248.2012,2,0,5,0,1,0,0,-1,0,2.0000,-1,14,8,14,0,36
248.2204,2,0,5,0,1,0,0,-1,0,2.0000,-1,14,8,14,0,36
248.2405,2,0,5,0,0,0,0,-1,0,2.0000,-1,14,8,14,0,36
248.262,2,0,5,0,0,0,0,-1,0,2.0000,-1,14,8,14,0,36
248.2796,2,0,5,0,0,0,0,-1,0,1.0000,-1,14,8,14,0,36
248.3152,2,0,5,0,0,0,0,-1,0,1.0000,-1,14,8,14,0,36
248.3296,2,0,5,0,0,0,0,-1,0,1.0000,-1,14,8,14,0,36
248.3439,2,0,5,0,0,0,0,-1,0,1.0000,-1,14,8,14,0,36
248.3613,2,0,5,0,0,0,0,-1,0,1.0000,-1,14,8,14,0,36
248.3803,2,0,5,0,0,0,0,-1,0,1.0000,-1,14,8,14,0,36
248.4005,2,0,5,0,0,0,0,-1,0,1.0000,-1,14,8,14,0,36
248.4199,2,0,5,0,0,0,0,-1,0,1.0000,-1,14,8,14,0,36
248.4412,2,0,5,0,0,0,0,-1,0,1.0000,-1,14,8,14,0,36
248.461,2,0,5,0,0,0,0,-1,0,1.0000,-1,14,8,14,0,36
248.4807,2,0,5,0,0,0,0,-1,0,1.0000,-1,14,8,14,0,36
248.5025,2,0,5,0,0,0,0,-1,0,1.0000,-1,14,8,14,0,36
248.52,2,0,5,0,0,0,0,-1,0,1.0000,-1,14,8,14,0,36
248.5422,2,0,5,0,0,0,0,-1,0,1.0000,-1,14,8,14,0,36
248.5625,2,0,5,0,0,0,0,-1,0,1.0000,-1,14,8,14,0,36
248.581,2,0,5,0,0,0,0,-1,0,1.0000,-1,14,8,14,0,36
248.6011,2,0,5,0,0,0,0,-1,0,1.0000,-1,14,8,14,0,36
248.6214,2,0,5,0,0,0,0,-1,0,1.0000,-1,14,8,14,0,36
248.6418,2,0,5,0,0,0,0,-1,0,1.0000,-1,14,8,14,0,36
248.6639,2,0,5,0,0,0,0,-1,0,1.0000,-1,14,8,14,0,36
248.6817,2,0,5,0,0,0,0,-1,0,1.0000,-1,14,8,14,0,36
248.7024,2,0,5,0,0,0,0,-1,0,1.0000,-1,14,8,14,0,36
248.7215,2,0,5,0,0,0,0,-1,0,1.0000,-1,14,8,14,0,36
248.7415,2,0,5,0,0,0,0,-1,0,1.0000,-1,14,8,14,0,36
248.7618,2,0,5,0,0,0,0,-1,0,1.0000,-1,14,8,14,0,36
248.7808,2,0,5,0,0,0,0,-1,0,1.0000,-1,14,8,14,0,36
248.8013,2,0,5,0,0,0,0,-1,0,1.0000,-1,14,8,14,0,36
248.8213,2,0,5,0,0,0,1,122,0,1.0000,-1,14,8,14,0,36
248.8417,2,0,5,0,0,0,1,122,0,1.0000,-1,14,8,14,0,36
248.8617,2,0,5,0,0,0,1,122,0,1.0000,-1,14,8,14,0,36
248.8802,2,0,5,0,0,0,1,122,0,1.0000,-1,14,8,14,0,36
248.9007,2,0,5,0,0,0,1,122,0,1.0000,-1,14,8,14,0,36
248.9208,2,0,5,0,0,0,1,122,1,2.0000,-1,14,8,14,0,36
248.9413,2,0,5,0,0,0,1,122,0,2.0000,-1,14,8,14,0,36
248.9628,2,0,5,0,0,0,1,122,0,2.0000,-1,14,8,14,0,36
248.9803,2,0,5,0,0,0,1,122,0,2.0000,-1,14,8,14,0,36
248.9999,2,0,5,0,0,0,1,122,0,2.0000,-1,14,8,14,0,36
249.02,1,1,6,0,0,0,0,-1,1,3.0000,122,15,8,14,0,37
249.0416,1,0,6,0,0,0,0,-1,0,3.0000,-1,15,8,14,0,37
249.0595,1,0,6,0,0,0,0,-1,0,3.0000,-1,15,8,14,0,37
249.0804,1,0,6,0,0,0,0,-1,0,3.0000,-1,15,8,14,0,37
249.1011,1,0,6,0,0,0,0,-1,0,3.0000,-1,15,8,14,0,37
249.14,1,0,6,0,0,0,0,-1,0,3.0000,-1,15,8,14,0,37
249.1534,1,0,6,0,0,0,0,-1,0,3.0000,-1,15,8,14,0,37
249.1677,1,0,6,0,0,0,0,-1,0,3.0000,-1,15,8,14,0,37
249.187,1,0,6,0,0,0,0,-1,0,2.0000,-1,15,8,14,0,37
249.2066,1,0,6,0,0,0,0,-1,0,2.0000,-1,15,8,14,0,37
249.2263,1,0,6,0,0,0,0,-1,0,2.0000,-1,15,8,14,0,37
249.246,1,0,6,0,0,0,0,-1,0,2.0000,-1,15,8,14,0,37
249.2662,1,0,6,0,0,0,0,-1,0,2.0000,-1,15,8,14,0,37
249.2875,1,0,6,0,0,0,0,-1,0,2.0000,-1,15,8,14,0,37
249.3096,1,0,6,0,0,0,0,-1,0,2.0000,-1,15,8,14,0,37
249.3477,1,0,6,0,0,0,0,-1,0,2.0000,-1,15,8,14,0,37
249.3618,1,0,6,0,0,0,0,-1,0,2.0000,-1,15,8,14,0,37
249.3764,1,0,6,0,0,0,0,-1,0,2.0000,-1,15,8,14,0,37
249.3952,1,0,6,0,0,0,0,-1,0,2.0000,-1,15,8,14,0,37
249.4142,1,0,6,0,0,0,0,-1,0,2.0000,-1,15,8,14,0,37
249.4341,1,0,6,0,0,0,0,-1,0,2.0000,-1,15,8,14,0,37
249.4549,1,0,6,0,0,0,0,-1,0,2.0000,-1,15,8,14,0,37
249.4755,1,0,6,0,0,0,0,-1,0,2.0000,-1,15,8,14,0,37
249.4957,1,0,6,0,0,0,0,-1,0,2.0000,-1,15,8,14,0,37
249.5152,1,0,6,0,0,0,0,-1,1,3.0000,-1,15,8,14,0,37
249.554,1,0,6,0,0,0,0,-1,0,3.0000,-1,15,8,14,0,37
249.568,1,0,6,0,0,0,0,-1,0,3.0000,-1,15,8,14,0,37
249.5831,1,0,6,0,0,0,0,-1,0,3.0000,-1,15,8,14,0,37
249.6009,1,0,6,0,0,0,0,-1,0,3.0000,-1,15,8,14,0,37
249.6221,1,0,6,0,0,0,0,-1,0,3.0000,-1,15,8,14,0,37
249.6413,1,0,6,0,0,0,0,-1,0,3.0000,-1,15,8,14,0,37
249.6616,1,0,6,0,0,0,0,-1,0,3.0000,-1,15,8,14,0,37
249.6823,1,0,6,0,0,0,0,-1,0,3.0000,-1,15,8,14,0,37
249.7007,1,0,6,0,0,0,0,-1,0,3.0000,-1,15,8,14,0,37
249.7218,1,0,6,0,0,0,0,-1,0,3.0000,-1,15,8,14,0,37
249.7618,1,0,6,0,0,0,0,-1,0,3.0000,-1,15,8,14,0,37
249.776,1,0,6,0,0,0,0,-1,0,3.0000,-1,15,8,14,0,37
249.7887,1,0,6,0,0,0,0,-1,0,3.0000,-1,15,8,14,0,37
249.8081,1,0,6,0,0,0,0,-1,0,3.0000,-1,15,8,14,0,37
249.8287,1,0,6,0,0,0,0,-1,1,4.0000,-1,15,8,14,0,37
249.8491,1,0,6,0,0,0,1,124,0,4.0000,-1,15,8,14,0,37
249.8683,1,0,6,0,0,0,1,124,0,4.0000,-1,15,8,14,0,37
249.8883,1,0,6,0,0,0,1,124,0,4.0000,-1,15,8,14,0,37
249.9082,1,0,6,0,0,0,1,124,0,4.0000,-1,15,8,14,0,37
249.9294,1,0,6,0,0,0,1,124,0,3.0000,-1,15,8,14,0,37
249.948,1,0,6,0,0,0,1,124,0,3.0000,-1,15,8,14,0,37
249.9677,1,0,6,0,0,0,1,124,0,3.0000,-1,15,8,14,0,37
249.9886,1,0,6,0,0,0,1,124,0,3.0000,-1,15,8,14,0,37
250.0098,1,0,6,0,0,0,1,124,0,3.0000,-1,15,8,14,0,37
250.0308,1,0,6,0,0,0,1,124,1,3.0000,-1,15,8,14,0,37
250.0508,1,0,6,0,0,0,1,124,0,3.0000,-1,15,8,14,0,37
250.0711,1,0,6,0,0,0,1,124,0,3.0000,-1,15,8,14,0,37
250.0903,1,0,6,0,0,0,1,124,0,3.0000,-1,15,8,14,0,37
250.112,1,0,6,0,0,0,1,124,0,3.0000,-1,15,8,14,0,37
250.1329,1,0,6,0,0,0,1,124,0,3.0000,-1,15,8,14,0,37
250.1728,1,0,6,0,0,0,1,124,1,4.0000,-1,15,8,14,0,37
250.1869,1,0,6,0,0,0,1,124,0,4.0000,-1,15,8,14,0,37
250.2011,1,0,6,0,0,0,1,124,0,4.0000,-1,15,8,14,0,37
250.2204,1,0,6,0,0,0,1,124,0,4.0000,-1,15,8,14,0,37
250.2413,1,0,6,0,0,0,1,124,0,4.0000,-1,15,8,14,0,37
250.262,1,0,6,0,0,0,1,124,0,4.0000,-1,15,8,14,0,37
250.2819,1,0,6,0,0,0,1,124,0,4.0000,-1,15,8,14,0,37
250.3018,1,0,6,0,0,0,1,124,0,4.0000,-1,15,8,14,0,37
250.3224,1,0,6,0,0,0,1,124,0,4.0000,-1,15,8,14,0,37
250.3445,1,0,6,0,0,0,1,124,0,4.0000,-1,15,8,14,0,37
250.3638,1,0,6,0,0,0,1,124,0,4.0000,-1,15,8,14,0,37
250.3845,1,0,6,0,0,0,0,-1,1,5.0000,124,16,8,14,0,38
250.4058,1,0,6,0,0,0,0,-1,0,5.0000,-1,16,8,14,0,38
250.4247,1,0,6,0,0,0,0,-1,0,5.0000,-1,16,8,14,0,38
250.4465,1,0,6,0,0,0,0,-1,0,5.0000,-1,16,8,14,0,38
250.4672,1,0,6,0,0,0,0,-1,0,5.0000,-1,16,8,14,0,38
250.4883,1,0,6,0,0,0,0,-1,0,5.0000,-1,16,8,14,0,38
250.5089,1,0,6,0,0,0,0,-1,0,5.0000,-1,16,8,14,0,38
250.5296,1,0,6,0,0,0,0,-1,0,4.0000,-1,16,8,14,0,38
250.5501,1,0,6,0,0,0,0,-1,0,4.0000,-1,16,8,14,0,38
250.5894,1,0,6,0,0,0,1,127,0,4.0000,-1,16,8,14,0,38
250.605,1,0,6,0,0,0,1,127,1,5.0000,-1,16,8,14,0,38
250.6199,1,0,6,0,0,0,1,127,0,5.0000,-1,16,8,14,0,38
250.637,1,0,6,0,0,0,1,127,0,5.0000,-1,16,8,14,0,38
250.657,1,0,6,0,0,0,1,127,0,5.0000,-1,16,8,14,0,38
250.6786,1,0,6,0,0,0,1,127,0,5.0000,-1,16,8,14,0,38
250.6996,1,0,6,0,0,0,1,127,0,5.0000,-1,16,8,14,0,38
250.7203,1,0,6,0,0,0,1,127,0,5.0000,-1,16,8,14,0,38
250.7413,1,0,6,0,0,0,1,127,0,5.0000,-1,16,8,14,0,38
250.7627,1,0,6,0,0,0,1,127,0,5.0000,-1,16,8,14,0,38
250.7834,1,0,6,0,0,0,1,127,0,5.0000,-1,16,8,14,0,38
250.8018,1,0,6,0,0,0,1,127,0,5.0000,-1,16,8,14,0,38
250.8235,1,0,6,0,0,0,1,127,0,5.0000,-1,16,8,14,0,38
250.844,1,0,6,0,0,0,1,127,1,5.0000,-1,16,8,14,0,38
250.8654,1,0,6,0,0,0,1,127,0,5.0000,-1,16,8,14,0,38
250.8855,1,0,6,0,0,0,1,127,0,5.0000,-1,16,8,14,0,38
250.9065,1,0,6,0,0,0,1,127,0,5.0000,-1,16,8,14,0,38
250.9262,1,0,6,0,0,0,1,127,0,5.0000,-1,16,8,14,0,38
250.9467,1,0,6,0,0,0,1,127,0,5.0000,-1,16,8,14,0,38
250.968,1,0,6,0,0,0,1,127,0,5.0000,-1,16,8,14,0,38
251.0092,1,0,6,0,0,0,1,127,0,5.0000,-1,16,8,14,0,38
251.0253,1,0,6,0,0,0,1,127,0,5.0000,-1,16,8,14,0,38
251.0421,1,0,6,0,0,0,1,127,0,4.0000,-1,16,8,14,0,38
251.0585,1,0,6,0,0,0,1,127,1,5.0000,-1,16,8,14,0,38
251.0766,1,0,6,0,0,0,1,127,0,5.0000,-1,16,8,14,0,38
251.0995,1,0,6,0,0,0,1,127,0,5.0000,-1,16,8,14,0,38
251.1186,1,0,6,0,0,0,1,127,0,5.0000,-1,16,8,14,0,38
251.1391,1,0,6,0,0,0,1,127,0,5.0000,-1,16,8,14,0,38
251.1581,1,0,6,0,0,0,1,127,0,5.0000,-1,16,8,14,0,38
251.1804,1,0,6,0,0,0,1,127,0,4.0000,-1,16,8,14,0,38
251.2194,1,0,6,0,0,0,1,127,0,4.0000,-1,16,8,14,0,38
251.2321,1,0,6,0,0,0,1,127,0,4.0000,-1,16,8,14,0,38
251.2463,1,0,6,0,0,0,1,127,0,4.0000,-1,16,8,14,0,38
251.266,1,0,6,0,0,0,1,127,1,5.0000,-1,16,8,14,0,38
251.2868,1,0,6,0,0,0,1,127,0,5.0000,-1,16,8,14,0,38
251.3078,1,0,6,0,0,0,1,127,0,5.0000,-1,16,8,14,0,38
251.3271,1,0,6,0,0,0,1,127,0,5.0000,-1,16,8,14,0,38
251.3492,1,0,6,0,0,0,1,127,0,5.0000,-1,16,8,14,0,38
251.3689,1,0,6,0,0,0,1,127,0,5.0000,-1,16,8,14,0,38
251.3896,1,0,6,0,0,0,1,127,0,4.0000,-1,16,8,14,0,38
251.4096,1,0,6,0,0,0,1,127,0,4.0000,-1,16,8,14,0,38
251.4297,1,0,6,0,0,0,1,127,1,5.0000,-1,16,8,14,0,38
251.4509,1,0,6,0,0,0,0,-1,0,5.0000,127,17,8,14,0,39
251.4692,1,0,6,0,0,0,0,-1,0,5.0000,-1,17,8,14,0,39
251.4901,1,0,6,0,0,0,0,-1,0,5.0000,-1,17,8,14,0,39
251.5101,1,0,6,0,0,0,0,-1,0,5.0000,-1,17,8,14,0,39
251.5303,1,0,6,0,0,0,0,-1,0,5.0000,-1,17,8,14,0,39
251.5519,1,0,6,0,0,0,0,-1,0,5.0000,-1,17,8,14,0,39
251.5702,1,0,6,0,0,0,0,-1,0,5.0000,-1,17,8,14,0,39
251.5913,1,0,6,0,0,0,0,-1,0,5.0000,-1,17,8,14,0,39
251.6304,1,0,6,0,0,0,0,-1,0,4.0000,-1,17,8,14,0,39
251.6435,1,0,6,0,0,0,0,-1,0,4.0000,-1,17,8,14,0,39
251.6571,1,0,6,0,0,0,0,-1,0,4.0000,-1,17,8,14,0,39
251.6762,1,0,6,0,0,0,0,-1,0,4.0000,-1,17,8,14,0,39
251.6976,1,0,6,0,0,0,0,-1,1,5.0000,-1,17,8,14,0,39
251.7189,1,0,6,0,0,0,0,-1,0,5.0000,-1,17,8,14,0,39
251.7373,1,0,6,0,0,0,0,-1,0,5.0000,-1,17,8,14,0,39
251.7579,1,0,6,0,0,0,0,-1,0,5.0000,-1,17,8,14,0,39
251.7773,1,0,6,0,0,0,0,-1,0,5.0000,-1,17,8,14,0,39
251.7985,1,0,6,0,0,0,0,-1,0,5.0000,-1,17,8,14,0,39
251.8184,1,0,6,0,0,0,0,-1,0,5.0000,-1,17,8,14,0,39
251.84,1,0,6,0,0,0,0,-1,0,5.0000,-1,17,8,14,0,39
251.8598,1,0,6,0,0,0,1,128,0,4.0000,-1,17,8,14,0,39
251.8797,1,0,6,0,0,0,1,128,0,4.0000,-1,17,8,14,0,39
251.8995,1,0,6,0,0,0,1,128,0,4.0000,-1,17,8,14,0,39
251.92,1,0,6,0,0,0,1,128,0,4.0000,-1,17,8,14,0,39
251.9399,1,0,6,0,0,0,1,128,0,4.0000,-1,17,8,14,0,39
251.9606,1,0,6,0,0,0,1,128,0,4.0000,-1,17,8,14,0,39
251.98,1,0,6,0,0,0,1,128,1,5.0000,-1,17,8,14,0,39
252.0008,1,0,6,0,0,0,0,-1,0,5.0000,128,18,8,14,0,40
252.0397,1,0,6,0,0,0,0,-1,0,5.0000,-1,18,8,14,0,40
252.0536,1,0,6,0,0,0,0,-1,0,5.0000,-1,18,8,14,0,40
252.0678,1,0,6,0,0,0,0,-1,0,4.0000,-1,18,8,14,0,40
252.0859,1,0,6,0,0,0,0,-1,0,4.0000,-1,18,8,14,0,40
252.107,1,0,6,0,0,0,0,-1,0,4.0000,-1,18,8,14,0,40
252.1269,1,0,6,0,0,0,0,-1,0,4.0000,-1,18,8,14,0,40
252.1462,1,0,6,0,0,0,0,-1,0,4.0000,-1,18,8,14,0,40
252.167,1,0,6,0,0,0,1,131,0,4.0000,-1,18,8,14,0,40
252.1872,1,0,6,0,0,0,1,131,0,4.0000,-1,18,8,14,0,40
252.207,1,0,6,0,0,0,1,131,0,4.0000,-1,18,8,14,0,40
252.2456,1,0,6,0,0,0,1,131,0,4.0000,-1,18,8,14,0,40
252.2602,1,0,6,0,0,0,1,131,1,5.0000,-1,18,8,14,0,40
252.2746,1,0,6,0,0,0,1,131,0,4.0000,-1,18,8,14,0,40
252.2935,1,0,6,0,0,0,1,131,0,4.0000,-1,18,8,14,0,40
252.3129,1,0,6,0,0,0,1,131,0,4.0000,-1,18,8,14,0,40
252.3334,1,0,6,0,0,0,1,131,0,4.0000,-1,18,8,14,0,40
252.3537,1,0,6,0,0,0,1,131,0,4.0000,-1,18,8,14,0,40
252.374,1,0,6,0,0,0,1,131,0,4.0000,-1,18,8,14,0,40
252.3944,1,0,6,0,0,0,1,131,0,4.0000,-1,18,8,14,0,40
252.4146,1,0,6,0,0,0,1,131,0,4.0000,-1,18,8,14,0,40
252.4342,1,0,6,0,0,0,1,131,0,3.0000,-1,18,8,14,0,40
252.4543,1,0,6,0,0,0,1,131,0,3.0000,-1,18,8,14,0,40
252.4759,1,0,6,0,0,0,1,131,0,3.0000,-1,18,8,14,0,40
252.4947,1,0,6,0,0,0,1,131,0,3.0000,-1,18,8,14,0,40
252.5136,1,0,6,0,0,0,1,131,0,3.0000,-1,18,8,14,0,40
252.5343,1,0,6,0,0,0,1,131,0,3.0000,-1,18,8,14,0,40
252.5546,1,0,6,0,0,0,1,131,1,4.0000,-1,18,8,14,0,40
252.5752,1,0,6,0,0,0,1,131,0,4.0000,-1,18,8,14,0,40
252.5932,1,0,6,0,0,0,1,131,0,4.0000,-1,18,8,14,0,40
252.6131,1,0,6,0,0,0,1,131,0,4.0000,-1,18,8,14,0,40
252.632,1,0,6,0,0,0,1,131,0,4.0000,-1,18,8,14,0,40
252.6693,1,0,6,0,0,0,1,131,1,5.0000,-1,18,8,14,0,40
252.6854,1,0,6,0,0,0,0,-1,0,5.0000,-1,18,8,14,0,40
252.6986,1,0,6,0,0,0,0,-1,0,4.0000,-1,18,8,14,0,40
252.7137,1,0,6,0,0,0,0,-1,0,4.0000,-1,18,8,14,0,40
252.7341,1,0,6,0,0,0,0,-1,0,4.0000,-1,18,8,14,0,40
252.7524,1,0,6,0,0,0,0,-1,0,4.0000,-1,18,8,14,0,40
252.774,1,0,6,0,0,0,0,-1,0,4.0000,-1,18,8,14,0,40
252.7942,1,0,6,0,0,0,0,-1,0,4.0000,-1,18,8,14,0,40
252.8156,1,0,6,0,0,0,0,-1,0,4.0000,-1,18,8,14,0,40
252.8347,1,0,6,0,0,0,0,-1,0,4.0000,-1,18,8,14,0,40
252.8732,1,0,6,0,0,0,0,-1,1,5.0000,-1,18,8,14,0,40
252.8879,1,0,6,0,0,0,0,-1,0,5.0000,-1,18,8,14,0,40
252.9016,1,0,6,0,0,0,0,-1,0,5.0000,-1,18,8,14,0,40
252.9205,1,0,6,0,0,0,0,-1,0,5.0000,-1,18,8,14,0,40
252.9407,1,0,6,0,0,0,0,-1,0,5.0000,-1,18,8,14,0,40
252.9608,1,0,6,0,0,0,0,-1,0,5.0000,-1,18,8,14,0,40
252.9801,1,0,6,0,0,0,0,-1,0,4.0000,-1,18,8,14,0,40
253.0009,1,0,6,0,0,0,0,-1,0,4.0000,-1,18,8,14,0,40
253.0215,1,0,6,0,0,0,0,-1,0,4.0000,-1,18,8,14,0,40
253.0415,1,0,6,0,0,0,0,-1,0,4.0000,-1,18,8,14,0,40
253.0603,1,0,6,0,0,0,0,-1,0,4.0000,-1,18,8,14,0,40
253.0799,1,0,6,0,0,0,0,-1,0,4.0000,-1,18,8,14,0,40
253.1016,1,0,6,0,0,0,0,-1,0,4.0000,-1,18,8,14,0,40
253.1209,1,0,6,0,0,0,0,-1,0,4.0000,-1,18,8,14,0,40
253.141,1,0,6,0,0,0,0,-1,0,4.0000,-1,18,8,14,0,40
253.1604,1,0,6,0,0,0,0,-1,0,4.0000,-1,18,8,14,0,40
253.1794,1,0,6,0,0,0,0,-1,0,4.0000,-1,18,8,14,0,40
253.1999,1,0,6,0,0,0,0,-1,0,4.0000,-1,18,8,14,0,40
253.2198,1,0,6,0,0,0,0,-1,0,4.0000,-1,18,8,14,0,40
253.2417,1,0,6,0,0,0,0,-1,0,4.0000,-1,18,8,14,0,40
253.2594,1,0,6,0,0,0,0,-1,0,4.0000,-1,18,8,14,0,40
253.2798,1,0,6,0,0,0,0,-1,0,3.0000,-1,18,8,14,0,40
253.2998,1,0,6,0,0,0,0,-1,0,3.0000,-1,18,8,14,0,40
253.3205,1,0,6,0,0,0,0,-1,0,3.0000,-1,18,8,14,0,40
253.3396,1,0,6,0,0,0,0,-1,1,4.0000,-1,18,8,14,0,40
253.3594,1,0,6,0,0,0,0,-1,0,4.0000,-1,18,8,14,0,40
253.3796,1,0,6,0,0,0,0,-1,0,4.0000,-1,18,8,14,0,40
253.4001,1,0,6,0,0,0,0,-1,0,4.0000,-1,18,8,14,0,40
253.4198,1,0,6,0,0,0,0,-1,0,4.0000,-1,18,8,14,0,40
253.4406,1,0,6,0,0,0,0,-1,0,4.0000,-1,18,8,14,0,40
253.459,1,0,6,0,0,0,0,-1,0,4.0000,-1,18,8,14,0,40
253.4984,1,0,6,0,0,0,0,-1,0,4.0000,-1,18,8,14,0,40
253.5123,1,0,6,0,0,0,0,-1,0,4.0000,-1,18,8,14,0,40
253.5262,1,0,6,0,0,0,1,133,0,4.0000,-1,18,8,14,0,40
253.5435,1,0,6,0,0,0,1,133,0,4.0000,-1,18,8,14,0,40
253.565,1,0,6,0,0,0,1,133,0,3.0000,-1,18,8,14,0,40
253.5857,1,0,6,0,0,0,1,133,0,3.0000,-1,18,8,14,0,40
253.6056,1,0,6,0,0,0,1,133,0,3.0000,-1,18,8,14,0,40
253.626,1,0,6,0,0,0,1,133,0,3.0000,-1,18,8,14,0,40
253.644,1,0,6,0,0,0,1,133,0,3.0000,-1,18,8,14,0,40
253.6665,1,0,6,0,0,0,1,133,0,3.0000,-1,18,8,14,0,40
253.6868,1,0,6,0,0,0,1,133,0,2.0000,-1,18,8,14,0,40
253.7058,1,0,6,0,0,0,1,133,0,2.0000,-1,18,8,14,0,40
253.7263,1,0,6,0,0,0,1,133,0,2.0000,-1,18,8,14,0,40
253.7466,1,0,6,0,0,0,1,133,0,2.0000,-1,18,8,14,0,40
253.7678,1,0,6,0,0,0,1,133,0,2.0000,-1,18,8,14,0,40
253.7891,1,0,6,0,0,0,1,133,0,2.0000,-1,18,8,14,0,40
253.8092,1,0,6,0,0,0,1,133,0,2.0000,-1,18,8,14,0,40
253.8292,1,0,6,0,0,0,1,133,0,2.0000,-1,18,8,14,0,40
253.8486,1,0,6,0,0,0,1,133,0,2.0000,-1,18,8,14,0,40
253.8684,1,0,6,0,0,0,1,133,1,3.0000,-1,18,8,14,0,40
253.8859,1,0,6,0,0,0,1,133,0,2.0000,-1,18,8,14,0,40
253.9067,1,0,6,0,0,0,1,133,0,2.0000,-1,18,8,14,0,40
253.9269,1,0,6,0,0,0,1,133,0,2.0000,-1,18,8,14,0,40
253.9487,1,0,6,0,0,0,1,133,0,2.0000,-1,18,8,14,0,40
253.9702,1,0,6,0,0,0,1,133,0,2.0000,-1,18,8,14,0,40
253.9917,1,0,6,0,0,0,1,133,0,2.0000,-1,18,8,14,0,40
254.0137,1,0,6,0,0,0,1,133,0,2.0000,-1,18,8,14,0,40
254.0351,1,0,6,0,0,0,1,133,0,2.0000,-1,18,8,14,0,40
254.056,1,0,6,0,0,0,1,133,0,2.0000,-1,18,8,14,0,40
254.0776,1,0,6,0,0,0,1,133,0,2.0000,-1,18,8,14,0,40
254.0984,1,0,6,0,0,0,1,133,0,2.0000,-1,18,8,14,0,40
254.1211,1,0,6,0,0,0,1,133,0,2.0000,-1,18,8,14,0,40
254.1427,1,0,6,0,0,0,1,133,0,2.0000,-1,18,8,14,0,40
254.1644,1,0,6,0,0,0,1,133,0,2.0000,-1,18,8,14,0,40
254.1833,1,0,6,0,0,0,1,133,1,3.0000,-1,18,8,14,0,40
254.2045,1,0,6,0,0,0,0,-1,0,3.0000,133,19,8,14,0,41
254.2278,1,0,6,0,0,0,0,-1,0,3.0000,-1,19,8,14,0,41
254.247,1,0,6,0,0,0,0,-1,0,3.0000,-1,19,8,14,0,41
254.2669,1,0,6,0,0,0,0,-1,0,3.0000,-1,19,8,14,0,41
254.2861,1,0,6,0,0,0,0,-1,0,3.0000,-1,19,8,14,0,41
254.3177,1,0,6,0,0,0,0,-1,0,3.0000,-1,19,8,14,0,41
254.3326,1,0,6,0,0,0,0,-1,0,3.0000,-1,19,8,14,0,41
254.3507,1,0,6,0,0,0,0,-1,0,2.0000,-1,19,8,14,0,41
254.3698,1,0,6,0,0,0,0,-1,0,2.0000,-1,19,8,14,0,41
254.3904,1,0,6,0,0,0,0,-1,0,2.0000,-1,19,8,14,0,41
254.4123,1,0,6,0,0,0,0,-1,0,2.0000,-1,19,8,14,0,41
254.4315,1,0,6,0,0,0,0,-1,0,2.0000,-1,19,8,14,0,41
254.4508,1,0,6,0,0,0,0,-1,0,2.0000,-1,19,8,14,0,41
254.4721,1,0,6,0,0,0,0,-1,0,2.0000,-1,19,8,14,0,41
254.4963,1,0,6,0,0,0,0,-1,0,2.0000,-1,19,8,14,0,41
254.5285,1,0,6,0,0,0,0,-1,0,2.0000,-1,19,8,14,0,41
254.5491,1,0,6,0,0,0,0,-1,0,2.0000,-1,19,8,14,0,41
254.5649,1,0,6,0,0,0,0,-1,0,2.0000,-1,19,8,14,0,41
254.5813,1,0,6,0,0,0,0,-1,1,3.0000,-1,19,8,14,0,41
254.5997,1,0,6,0,0,0,0,-1,0,3.0000,-1,19,8,14,0,41
254.6184,1,0,6,0,0,0,0,-1,0,3.0000,-1,19,8,14,0,41
254.6389,1,0,6,0,0,0,0,-1,0,3.0000,-1,19,8,14,0,41
254.6592,1,0,6,0,0,0,0,-1,0,3.0000,-1,19,8,14,0,41
254.6773,1,0,6,0,0,0,0,-1,0,3.0000,-1,19,8,14,0,41
254.6971,1,0,6,0,0,0,0,-1,0,3.0000,-1,19,8,14,0,41
254.7152,1,0,6,0,0,0,0,-1,0,3.0000,-1,19,8,14,0,41
254.7367,1,0,6,0,0,0,0,-1,0,3.0000,-1,19,8,14,0,41
254.7576,1,0,6,0,0,0,0,-1,0,3.0000,-1,19,8,14,0,41
254.7808,1,0,6,0,0,0,0,-1,1,4.0000,-1,19,8,14,0,41
254.8021,1,0,6,0,0,0,0,-1,0,4.0000,-1,19,8,14,0,41
254.8233,1,0,6,0,0,0,0,-1,0,4.0000,-1,19,8,14,0,41
254.8451,1,0,6,0,0,0,0,-1,0,4.0000,-1,19,8,14,0,41
254.8665,1,0,6,0,0,0,0,-1,0,4.0000,-1,19,8,14,0,41
254.8876,1,0,6,0,0,0,0,-1,0,3.0000,-1,19,8,14,0,41
254.9095,1,0,6,0,0,0,0,-1,0,3.0000,-1,19,8,14,0,41
254.9304,1,0,6,0,0,0,0,-1,0,3.0000,-1,19,8,14,0,41
254.9505,1,0,6,0,0,0,0,-1,0,3.0000,-1,19,8,14,0,41
254.9707,1,0,6,0,0,0,0,-1,0,3.0000,-1,19,8,14,0,41
254.989,1,0,6,0,0,0,0,-1,0,3.0000,-1,19,8,14,0,41
255.0113,1,0,6,0,0,0,0,-1,0,3.0000,-1,19,8,14,0,41
255.0327,1,0,6,0,0,0,0,-1,0,3.0000,-1,19,8,14,0,41
255.053,1,0,6,0,0,0,0,-1,0,3.0000,-1,19,8,14,0,41
255.0715,1,0,6,0,0,0,0,-1,0,3.0000,-1,19,8,14,0,41
255.0902,1,0,6,0,0,0,0,-1,0,3.0000,-1,19,8,14,0,41
255.1103,1,0,6,0,0,0,0,-1,0,3.0000,-1,19,8,14,0,41
255.138,1,0,6,0,0,0,0,-1,0,3.0000,-1,19,8,14,0,41
255.1532,1,0,6,0,0,0,0,-1,0,3.0000,-1,19,8,14,0,41
255.1695,1,0,6,0,0,0,0,-1,1,4.0000,-1,19,8,14,0,41
255.1864,1,0,6,0,0,0,0,-1,0,3.0000,-1,19,8,14,0,41
255.2066,1,0,6,0,0,0,0,-1,0,3.0000,-1,19,8,14,0,41
255.2265,1,0,6,0,0,0,1,135,0,3.0000,-1,19,8,14,0,41
255.2484,1,0,6,0,0,0,1,135,0,3.0000,-1,19,8,14,0,41
255.2697,1,0,6,0,0,0,1,135,0,3.0000,-1,19,8,14,0,41
255.2915,1,0,6,0,0,0,1,135,0,3.0000,-1,19,8,14,0,41
255.312,1,0,6,0,0,0,1,135,0,3.0000,-1,19,8,14,0,41
255.3319,1,0,6,0,0,0,1,135,0,3.0000,-1,19,8,14,0,41
255.352,1,0,6,0,0,0,1,135,0,3.0000,-1,19,8,14,0,41
255.373,1,0,6,0,0,0,1,135,0,3.0000,-1,19,8,14,0,41
255.3936,1,0,6,0,0,0,1,135,0,3.0000,-1,19,8,14,0,41
255.4121,1,0,6,0,0,0,1,135,1,4.0000,-1,19,8,14,0,41
255.43,1,0,6,0,0,0,1,135,0,4.0000,-1,19,8,14,0,41
255.4501,1,0,6,0,0,0,1,135,0,4.0000,-1,19,8,14,0,41
255.4714,1,0,6,0,0,0,1,135,0,4.0000,-1,19,8,14,0,41
255.4917,1,0,6,0,0,0,1,135,0,4.0000,-1,19,8,14,0,41
255.5128,1,0,6,0,0,0,1,135,0,4.0000,-1,19,8,14,0,41
255.5327,1,0,6,0,0,0,1,135,0,4.0000,-1,19,8,14,0,41
255.5493,1,0,6,0,0,0,1,135,0,4.0000,-1,19,8,14,0,41
255.5668,1,0,6,0,0,0,1,135,0,4.0000,-1,19,8,14,0,41
255.5845,1,0,6,0,0,0,1,135,0,3.0000,-1,19,8,14,0,41
255.6046,1,0,6,0,0,0,1,135,0,3.0000,-1,19,8,14,0,41
255.6255,1,0,6,0,0,0,1,135,0,3.0000,-1,19,8,14,0,41
255.6514,1,0,6,0,0,0,1,135,0,3.0000,-1,19,8,14,0,41
255.6725,1,0,6,0,0,0,1,135,0,3.0000,-1,19,8,14,0,41
255.6915,1,0,6,0,0,0,1,135,0,3.0000,-1,19,8,14,0,41
255.7128,1,0,6,0,0,0,1,135,0,3.0000,-1,19,8,14,0,41
255.7343,1,0,6,0,0,0,1,135,0,3.0000,-1,19,8,14,0,41
255.7589,1,0,6,0,0,0,1,135,0,3.0000,-1,19,8,14,0,41
255.7747,1,0,6,0,0,0,0,-1,0,3.0000,135,20,8,14,0,42
255.7959,1,0,6,0,0,0,0,-1,0,2.0000,-1,20,8,14,0,42
255.8145,1,0,6,0,0,0,0,-1,0,2.0000,-1,20,8,14,0,42
255.833,1,0,6,0,0,0,0,-1,1,3.0000,-1,20,8,14,0,42
255.8515,1,0,6,0,0,0,0,-1,0,3.0000,-1,20,8,14,0,42
255.871,1,0,6,0,0,0,0,-1,0,3.0000,-1,20,8,14,0,42
255.8897,1,0,6,0,0,0,0,-1,0,3.0000,-1,20,8,14,0,42
255.9093,1,0,6,0,0,0,0,-1,0,3.0000,-1,20,8,14,0,42
255.9281,1,0,6,0,0,0,0,-1,0,3.0000,-1,20,8,14,0,42
255.9493,1,0,6,0,0,0,0,-1,0,3.0000,-1,20,8,14,0,42
255.9831,1,0,6,0,0,0,0,-1,0,3.0000,-1,20,8,14,0,42
256.0045,1,0,6,0,0,0,0,-1,0,3.0000,-1,20,8,14,0,42
256.0241,1,0,6,0,0,0,0,-1,0,3.0000,-1,20,8,14,0,42
256.0435,1,0,6,0,0,0,0,-1,0,3.0000,-1,20,8,14,0,42
256.0628,1,0,6,0,0,0,0,-1,0,3.0000,-1,20,8,14,0,42
256.0799,1,0,6,0,0,0,0,-1,0,3.0000,-1,20,8,14,0,42
256.0956,1,0,6,0,0,0,0,-1,0,3.0000,-1,20,8,14,0,42
256.1132,1,0,6,0,0,0,0,-1,0,3.0000,-1,20,8,14,0,42
256.1355,1,0,6,0,0,0,0,-1,0,3.0000,-1,20,8,14,0,42
256.1577,1,0,6,0,0,0,0,-1,0,3.0000,-1,20,8,14,0,42
256.1802,1,0,6,0,0,0,0,-1,0,2.0000,-1,20,8,14,0,42
256.2027,1,0,6,0,0,0,0,-1,0,2.0000,-1,20,8,14,0,42
256.2227,1,0,6,0,0,0,0,-1,0,2.0000,-1,20,8,14,0,42
256.2429,1,0,6,0,0,0,0,-1,0,2.0000,-1,20,8,14,0,42
256.264,1,0,6,0,0,0,0,-1,0,2.0000,-1,20,8,14,0,42
256.2849,1,0,6,0,0,0,0,-1,1,3.0000,-1,20,8,14,0,42
256.3052,1,0,6,0,0,0,0,-1,0,3.0000,-1,20,8,14,0,42
256.3266,1,0,6,0,0,0,0,-1,0,3.0000,-1,20,8,14,0,42
256.3473,1,0,6,0,0,0,0,-1,0,3.0000,-1,20,8,14,0,42
256.3658,1,0,6,0,0,0,0,-1,0,3.0000,-1,20,8,14,0,42
256.3915,1,0,6,0,0,0,0,-1,0,3.0000,-1,20,8,14,0,42
256.4059,1,0,6,0,0,0,0,-1,0,3.0000,-1,20,8,14,0,42
256.4237,1,0,6,0,0,0,0,-1,0,2.0000,-1,20,8,14,0,42
256.4426,1,0,6,0,0,0,0,-1,0,2.0000,-1,20,8,14,0,42
256.4616,1,0,6,0,0,0,0,-1,0,2.0000,-1,20,8,14,0,42
256.4807,1,0,6,0,0,0,0,-1,0,2.0000,-1,20,8,14,0,42
256.5019,1,0,6,0,0,0,0,-1,0,2.0000,-1,20,8,14,0,42
256.5227,1,0,6,0,0,0,0,-1,1,3.0000,-1,20,8,14,0,42
256.5442,1,0,6,0,0,0,0,-1,0,3.0000,-1,20,8,14,0,42
256.5644,1,0,6,0,0,0,0,-1,0,3.0000,-1,20,8,14,0,42
256.5869,1,0,6,0,0,0,0,-1,0,3.0000,-1,20,8,14,0,42
256.6087,1,0,6,0,0,0,0,-1,0,3.0000,-1,20,8,14,0,42
256.6295,1,0,6,0,0,0,0,-1,0,3.0000,-1,20,8,14,0,42
256.6471,1,0,6,0,0,0,0,-1,0,3.0000,-1,20,8,14,0,42
256.665,1,0,6,0,0,0,0,-1,0,3.0000,-1,20,8,14,0,42
256.6827,1,0,6,0,0,0,0,-1,0,3.0000,-1,20,8,14,0,42
256.7036,1,0,6,0,0,0,0,-1,0,3.0000,-1,20,8,14,0,42
256.7242,1,0,6,0,0,0,0,-1,0,3.0000,-1,20,8,14,0,42
256.7468,1,0,6,0,0,0,1,138,0,3.0000,-1,20,8,14,0,42
256.7713,1,0,6,0,0,0,1,138,1,4.0000,-1,20,8,14,0,42
256.7918,1,0,6,0,0,0,1,138,0,4.0000,-1,20,8,14,0,42
256.8188,1,0,6,0,0,0,1,138,0,4.0000,-1,20,8,14,0,42
256.8348,1,0,6,0,0,0,1,138,0,3.0000,-1,20,8,14,0,42
256.8523,1,0,6,0,0,0,1,138,0,3.0000,-1,20,8,14,0,42
256.8715,1,0,6,0,0,0,1,138,0,3.0000,-1,20,8,14,0,42
256.8908,1,0,6,0,0,0,1,138,0,3.0000,-1,20,8,14,0,42
256.9116,1,0,6,0,0,0,1,138,0,3.0000,-1,20,8,14,0,42
256.9324,1,0,6,0,0,0,1,138,0,3.0000,-1,20,8,14,0,42
256.9536,1,0,6,0,0,0,1,138,0,3.0000,-1,20,8,14,0,42
256.978,1,0,6,0,0,0,1,138,0,3.0000,-1,20,8,14,0,42
256.9991,1,0,6,0,0,0,1,138,0,3.0000,-1,20,8,14,0,42
257.0255,1,0,6,0,0,0,1,138,0,3.0000,-1,20,8,14,0,42
257.0438,1,0,6,0,0,0,1,138,0,3.0000,-1,20,8,14,0,42
257.0601,1,0,6,0,0,0,1,138,0,3.0000,-1,20,8,14,0,42
257.0769,1,0,6,0,0,0,1,138,0,3.0000,-1,20,8,14,0,42
257.093,1,0,6,0,0,0,1,138,0,3.0000,-1,20,8,14,0,42
257.113,1,0,6,0,0,0,1,138,1,4.0000,-1,20,8,14,0,42
257.1337,1,0,6,0,0,0,1,138,0,4.0000,-1,20,8,14,0,42
257.1542,1,0,6,0,0,0,1,138,0,4.0000,-1,20,8,14,0,42
257.1779,1,0,6,0,0,0,1,138,0,4.0000,-1,20,8,14,0,42
257.2019,1,0,6,0,0,0,1,138,0,4.0000,-1,20,8,14,0,42
257.2303,1,0,6,0,0,0,1,138,0,4.0000,-1,20,8,14,0,42
257.2471,1,0,6,0,0,0,1,138,0,4.0000,-1,20,8,14,0,42
257.2668,1,0,6,0,0,0,1,138,0,4.0000,-1,20,8,14,0,42
257.2874,1,0,6,0,0,0,1,138,0,3.0000,-1,20,8,14,0,42
257.3102,1,0,6,0,0,0,1,138,0,3.0000,-1,20,8,14,0,42
257.3331,1,0,6,0,0,0,1,138,0,3.0000,-1,20,8,14,0,42
257.355,1,0,6,0,0,0,0,-1,1,4.0000,138,21,8,14,0,43
257.3769,1,0,6,0,0,0,0,-1,0,4.0000,-1,21,8,14,0,43
257.3937,1,0,6,0,0,0,0,-1,0,4.0000,-1,21,8,14,0,43
257.4099,1,0,6,0,0,0,0,-1,0,4.0000,-1,21,8,14,0,43
257.4434,1,0,6,0,0,0,0,-1,0,4.0000,-1,21,8,14,0,43
257.4601,1,0,6,0,0,0,0,-1,0,4.0000,-1,21,8,14,0,43
257.4767,1,0,6,0,0,0,0,-1,0,4.0000,-1,21,8,14,0,43
257.494,1,0,6,0,0,0,0,-1,0,4.0000,-1,21,8,14,0,43
257.5145,1,0,6,0,0,0,0,-1,0,4.0000,-1,21,8,14,0,43
257.5343,1,0,6,0,0,0,0,-1,0,3.0000,-1,21,8,14,0,43
257.5565,1,0,6,0,0,0,0,-1,0,3.0000,-1,21,8,14,0,43
257.5775,1,0,6,0,0,0,0,-1,0,3.0000,-1,21,8,14,0,43
257.5977,1,0,6,0,0,0,0,-1,0,3.0000,-1,21,8,14,0,43
257.6188,1,0,6,0,0,0,0,-1,1,4.0000,-1,21,8,14,0,43
257.6393,1,0,6,0,0,0,0,-1,0,4.0000,-1,21,8,14,0,43
257.6586,1,0,6,0,0,0,0,-1,0,4.0000,-1,21,8,14,0,43
257.6745,1,0,6,0,0,0,0,-1,0,4.0000,-1,21,8,14,0,43
257.6918,1,0,6,0,0,0,0,-1,0,4.0000,-1,21,8,14,0,43
257.7094,1,0,6,0,0,0,0,-1,0,4.0000,-1,21,8,14,0,43
257.7299,1,0,6,0,0,0,0,-1,0,4.0000,-1,21,8,14,0,43
257.7519,1,0,6,0,0,0,0,-1,0,4.0000,-1,21,8,14,0,43
257.7727,1,0,6,0,0,0,0,-1,0,3.0000,-1,21,8,14,0,43
257.7944,1,0,6,0,0,0,0,-1,0,3.0000,-1,21,8,14,0,43
257.8169,1,0,6,0,0,0,0,-1,0,3.0000,-1,21,8,14,0,43
257.8385,1,0,6,0,0,0,0,-1,0,3.0000,-1,21,8,14,0,43
257.8599,1,0,6,0,0,0,0,-1,0,3.0000,-1,21,8,14,0,43
257.8815,1,0,6,0,0,0,0,-1,0,3.0000,-1,21,8,14,0,43
257.9041,1,0,6,0,0,0,0,-1,0,3.0000,-1,21,8,14,0,43
257.925,1,0,6,0,0,0,0,-1,0,3.0000,-1,21,8,14,0,43
257.9465,1,0,6,0,0,0,0,-1,1,4.0000,-1,21,8,14,0,43
257.9679,1,0,6,0,0,0,0,-1,0,4.0000,-1,21,8,14,0,43
257.99,1,0,6,0,0,0,0,-1,0,4.0000,-1,21,8,14,0,43
258.0118,1,0,6,0,0,0,0,-1,0,4.0000,-1,21,8,14,0,43
258.0328,1,0,6,0,0,0,0,-1,0,4.0000,-1,21,8,14,0,43
258.0545,1,0,6,0,0,0,0,-1,0,4.0000,-1,21,8,14,0,43
258.0731,1,0,6,0,0,0,0,-1,0,4.0000,-1,21,8,14,0,43
258.0958,1,0,6,0,0,0,0,-1,0,4.0000,-1,21,8,14,0,43
258.1194,1,0,6,0,0,0,0,-1,0,3.0000,-1,21,8,14,0,43
258.1403,1,0,6,0,0,0,0,-1,0,3.0000,-1,21,8,14,0,43
258.162,1,0,6,0,0,0,0,-1,0,3.0000,-1,21,8,14,0,43
258.179,1,0,6,0,0,0,0,-1,1,4.0000,-1,21,8,14,0,43
258.1945,1,0,6,0,0,0,0,-1,0,4.0000,-1,21,8,14,0,43
258.2123,1,0,6,0,0,0,0,-1,0,4.0000,-1,21,8,14,0,43
258.233,1,0,6,0,0,0,0,-1,0,4.0000,-1,21,8,14,0,43
258.2543,1,0,6,0,0,0,0,-1,0,4.0000,-1,21,8,14,0,43
258.2771,1,0,6,0,0,0,0,-1,0,4.0000,-1,21,8,14,0,43
258.3061,1,0,6,0,0,0,0,-1,0,4.0000,-1,21,8,14,0,43
258.3251,1,0,6,0,0,0,0,-1,0,4.0000,-1,21,8,14,0,43
258.3442,1,0,6,0,0,0,0,-1,0,4.0000,-1,21,8,14,0,43
258.364,1,0,6,0,0,0,0,-1,0,3.0000,-1,21,8,14,0,43
258.3852,1,0,6,0,0,0,0,-1,1,4.0000,-1,21,8,14,0,43
258.4063,1,0,6,0,0,0,0,-1,0,4.0000,-1,21,8,14,0,43
258.4282,1,0,6,0,0,0,0,-1,0,4.0000,-1,21,8,14,0,43
258.4468,1,0,6,0,0,0,1,142,0,4.0000,-1,21,8,14,0,43
258.4668,1,0,6,0,0,0,1,142,0,4.0000,-1,21,8,14,0,43
258.4886,1,0,6,0,0,0,1,142,0,4.0000,-1,21,8,14,0,43
258.5088,1,0,6,0,0,0,1,142,0,4.0000,-1,21,8,14,0,43
258.5299,1,0,6,0,0,0,1,142,0,4.0000,-1,21,8,14,0,43
258.5503,1,0,6,0,0,0,1,142,0,4.0000,-1,21,8,14,0,43
258.57,1,0,6,0,0,0,1,141,0,4.0000,-1,21,8,14,0,43
258.5898,1,0,6,0,0,0,1,141,0,4.0000,-1,21,8,14,0,43
258.6088,1,0,6,0,0,0,1,141,0,4.0000,-1,21,8,14,0,43
258.6294,1,0,6,0,0,0,1,141,0,3.0000,-1,21,8,14,0,43
258.6522,1,0,6,0,0,0,1,141,1,4.0000,-1,21,8,14,0,43
258.6725,1,0,6,0,0,0,1,141,0,4.0000,-1,21,8,14,0,43
258.6904,1,0,6,0,0,0,1,141,0,4.0000,-1,21,8,14,0,43
258.7142,1,0,6,0,0,0,1,141,0,4.0000,-1,21,8,14,0,43
258.7335,1,0,6,0,0,0,1,141,0,4.0000,-1,21,8,14,0,43
258.7531,1,0,6,0,0,0,1,141,0,4.0000,-1,21,8,14,0,43
258.7736,1,0,6,0,0,0,1,141,0,4.0000,-1,21,8,14,0,43
258.791,1,0,6,0,0,0,1,141,0,4.0000,-1,21,8,14,0,43
258.8091,1,0,6,0,0,0,1,141,0,4.0000,-1,21,8,14,0,43
258.826,1,0,6,0,0,0,1,141,0,4.0000,-1,21,8,14,0,43
258.8434,1,0,6,0,0,0,1,141,0,4.0000,-1,21,8,14,0,43
258.8644,1,0,6,0,0,0,1,141,0,4.0000,-1,21,8,14,0,43
258.8847,1,0,6,0,0,0,1,141,0,4.0000,-1,21,8,14,0,43
258.9056,1,0,6,0,0,0,1,141,0,4.0000,-1,21,8,14,0,43
258.9393,1,0,6,0,0,0,0,-1,0,4.0000,141,22,8,14,0,44
258.9569,1,0,6,0,0,0,0,-1,0,3.0000,-1,22,8,14,0,44
258.9739,1,0,6,0,0,0,0,-1,0,3.0000,-1,22,8,14,0,44
258.9921,1,0,6,0,0,0,0,-1,0,3.0000,-1,22,8,14,0,44
259.0101,1,0,6,0,0,0,0,-1,0,3.0000,-1,22,8,14,0,44
259.0303,1,0,6,0,0,0,0,-1,0,3.0000,-1,22,8,14,0,44
259.0505,1,0,6,0,0,0,0,-1,0,3.0000,-1,22,8,14,0,44
259.0724,1,0,6,0,0,0,0,-1,0,3.0000,-1,22,8,14,0,44
259.0943,1,0,6,0,0,0,0,-1,0,3.0000,-1,22,8,14,0,44
259.1148,1,0,6,0,0,0,0,-1,1,4.0000,-1,22,8,14,0,44
259.146,1,0,6,0,0,0,0,-1,0,4.0000,-1,22,8,14,0,44
259.1609,1,0,6,0,0,0,0,-1,0,4.0000,-1,22,8,14,0,44
259.1759,1,0,6,0,0,0,0,-1,0,4.0000,-1,22,8,14,0,44
259.1919,1,0,6,0,0,0,0,-1,0,3.0000,-1,22,8,14,0,44
259.2109,1,0,6,0,0,0,0,-1,0,3.0000,-1,22,8,14,0,44
259.2325,1,0,6,0,0,0,0,-1,0,3.0000,-1,22,8,14,0,44
259.2553,1,0,6,0,0,0,0,-1,0,3.0000,-1,22,8,14,0,44
259.2762,1,0,6,0,0,0,0,-1,0,3.0000,-1,22,8,14,0,44
259.2982,1,0,6,0,0,0,0,-1,1,4.0000,-1,22,8,14,0,44
259.3201,1,0,6,0,0,0,0,-1,0,4.0000,-1,22,8,14,0,44
259.343,1,0,6,0,0,0,0,-1,0,4.0000,-1,22,8,14,0,44
259.3648,1,0,6,0,0,0,0,-1,0,4.0000,-1,22,8,14,0,44
259.3859,1,0,6,0,0,0,0,-1,0,3.0000,-1,22,8,14,0,44
259.4081,1,0,6,0,0,0,0,-1,0,3.0000,-1,22,8,14,0,44
259.4287,1,0,6,0,0,0,0,-1,0,3.0000,-1,22,8,14,0,44
259.4509,1,0,6,0,0,0,0,-1,0,3.0000,-1,22,8,14,0,44
259.4718,1,0,6,0,0,0,0,-1,1,4.0000,-1,22,8,14,0,44
259.4919,1,0,6,0,0,0,0,-1,0,4.0000,-1,22,8,14,0,44
259.5114,1,0,6,0,0,0,0,-1,0,4.0000,-1,22,8,14,0,44
259.5318,1,0,6,0,0,0,0,-1,0,4.0000,-1,22,8,14,0,44
259.5583,1,0,6,1,0,0,1,143,0,4.0000,-1,22,8,14,0,44
259.5771,1,0,6,1,0,0,1,143,0,4.0000,-1,22,8,14,0,44
259.5974,1,0,6,1,0,0,1,143,0,4.0000,-1,22,8,14,0,44
259.6221,1,0,6,1,0,0,1,143,0,4.0000,-1,22,8,14,0,44
259.6418,1,0,6,1,0,0,1,143,0,4.0000,-1,22,8,14,0,44
259.6609,1,0,6,1,0,0,1,143,1,4.0000,-1,22,8,14,0,44
259.6797,1,0,6,1,0,0,1,143,0,4.0000,-1,22,8,14,0,44
259.6955,1,0,6,1,0,0,0,-1,0,4.0000,-1,22,8,14,0,44
259.7153,1,0,6,1,0,0,0,-1,0,4.0000,-1,22,8,14,0,44
259.7362,1,0,6,1,0,0,0,-1,0,4.0000,-1,22,8,14,0,44
259.7686,1,0,6,1,0,0,0,-1,0,4.0000,-1,22,8,14,0,44
259.7864,1,0,6,1,0,0,0,-1,0,4.0000,-1,22,8,14,0,44
259.8017,1,0,6,1,0,0,0,-1,0,4.0000,-1,22,8,14,0,44
259.8193,1,0,6,1,0,0,0,-1,0,4.0000,-1,22,8,14,0,44
259.8367,1,0,6,1,0,0,0,-1,0,4.0000,-1,22,8,14,0,44
259.8569,1,0,6,1,0,0,0,-1,0,4.0000,-1,22,8,14,0,44
259.8788,1,0,6,1,0,0,0,-1,1,5.0000,-1,22,8,14,0,44
259.8973,1,0,6,1,0,0,0,-1,0,5.0000,-1,22,8,14,0,44
259.9164,1,0,6,1,0,0,0,-1,0,5.0000,-1,22,8,14,0,44
259.9338,1,0,6,1,0,0,0,-1,0,5.0000,-1,22,8,14,0,44
259.9542,1,0,6,1,0,0,0,-1,0,5.0000,-1,22,8,14,0,44
259.9739,1,0,6,1,0,0,0,-1,0,5.0000,-1,22,8,14,0,44
259.9948,1,0,6,1,0,0,0,-1,0,5.0000,-1,22,8,14,0,44
260.0175,1,0,6,1,0,0,0,-1,0,5.0000,-1,22,8,14,0,44
260.0393,1,0,6,1,0,0,0,-1,0,5.0000,-1,22,8,14,0,44
260.0576,1,0,6,1,0,0,0,-1,0,5.0000,-1,22,8,14,0,44
260.0771,1,0,6,1,0,0,0,-1,0,5.0000,-1,22,8,14,0,44
260.0979,1,0,6,1,0,0,0,-1,0,5.0000,-1,22,8,14,0,44
260.1194,1,0,6,1,0,0,0,-1,1,5.0000,-1,22,8,14,0,44
260.1407,1,0,6,1,0,0,0,-1,0,5.0000,-1,22,8,14,0,44
260.1632,1,0,6,1,0,0,0,-1,0,5.0000,-1,22,8,14,0,44
260.1825,1,0,6,1,0,0,0,-1,0,5.0000,-1,22,8,14,0,44
260.2026,1,0,6,1,0,0,0,-1,0,5.0000,-1,22,8,14,0,44
260.2237,1,0,6,1,0,0,0,-1,0,5.0000,-1,22,8,14,0,44
260.2441,1,0,6,1,0,0,0,-1,0,5.0000,-1,22,8,14,0,44
260.268,1,0,6,0,0,0,0,-1,0,5.0000,-1,22,8,14,0,44
260.2836,1,0,6,0,0,0,0,-1,0,5.0000,-1,22,8,14,0,44
260.2991,1,0,6,0,0,0,0,-1,1,5.0000,-1,22,8,14,0,44
260.3131,1,0,6,0,0,0,0,-1,0,5.0000,-1,22,8,14,0,44
260.3345,1,0,6,0,1,0,0,-1,0,5.0000,-1,22,8,14,0,44
260.3546,1,0,6,0,1,0,0,-1,0,5.0000,-1,22,8,14,0,44
260.3763,1,0,6,0,1,0,1,144,0,5.0000,-1,22,8,14,0,44
260.4095,1,0,6,0,1,0,1,144,0,5.0000,-1,22,8,14,0,44
260.431,1,0,6,0,1,0,1,144,0,5.0000,-1,22,8,14,0,44
260.4509,1,0,6,0,1,0,1,144,0,5.0000,-1,22,8,14,0,44
260.4721,1,0,6,0,1,0,1,144,0,4.0000,-1,22,8,14,0,44
260.4928,1,0,6,0,1,0,0,-1,0,4.0000,-1,22,8,14,0,44
260.5119,1,0,6,0,1,0,0,-1,0,4.0000,-1,22,8,14,0,44
260.5322,1,0,6,0,1,0,0,-1,0,4.0000,-1,22,8,14,0,44
260.554,1,0,6,0,1,0,0,-1,0,4.0000,-1,22,8,14,0,44
260.5752,1,0,6,0,1,0,0,-1,0,4.0000,-1,22,8,14,0,44
260.5955,1,0,6,0,1,0,0,-1,0,4.0000,-1,22,8,14,0,44
260.6111,1,0,6,0,1,0,0,-1,0,4.0000,-1,22,8,14,0,44
260.6297,1,0,6,0,1,0,0,-1,0,4.0000,-1,22,8,14,0,44
260.6467,1,0,6,0,1,0,0,-1,0,4.0000,-1,22,8,14,0,44
260.6661,1,0,6,0,1,0,0,-1,0,3.0000,-1,22,8,14,0,44
260.6847,1,0,6,0,1,0,0,-1,0,3.0000,-1,22,8,14,0,44
260.7046,1,0,6,0,1,0,0,-1,0,3.0000,-1,22,8,14,0,44
260.7249,1,0,6,0,1,0,0,-1,0,3.0000,-1,22,8,14,0,44
260.7465,1,0,6,0,1,0,0,-1,0,3.0000,-1,22,8,14,0,44
260.7695,1,0,6,0,1,0,0,-1,1,4.0000,-1,22,8,14,0,44
260.791,1,0,6,0,1,0,0,-1,0,4.0000,-1,22,8,14,0,44
260.8117,1,0,6,0,1,0,0,-1,0,4.0000,-1,22,8,14,0,44
260.8368,1,0,6,0,1,0,0,-1,0,4.0000,-1,22,8,14,0,44
260.8516,1,0,6,0,1,0,0,-1,0,4.0000,-1,22,8,14,0,44
260.8678,1,0,6,0,1,0,0,-1,0,4.0000,-1,22,8,14,0,44
260.8842,1,0,6,0,1,0,0,-1,0,3.0000,-1,22,8,14,0,44
260.907,1,0,6,0,1,0,0,-1,0,3.0000,-1,22,8,14,0,44
260.9272,1,0,6,0,1,0,0,-1,0,3.0000,-1,22,8,14,0,44
260.9494,1,0,6,0,1,0,0,-1,0,3.0000,-1,22,8,14,0,44
260.97,1,0,6,0,1,0,0,-1,0,3.0000,-1,22,8,14,0,44
260.9926,1,0,6,0,1,0,0,-1,0,3.0000,-1,22,8,14,0,44
261.0154,1,0,6,0,0,0,0,-1,0,3.0000,-1,22,8,14,0,44
261.0388,1,0,6,0,0,0,0,-1,0,3.0000,-1,22,8,14,0,44
261.0573,1,0,6,0,0,0,0,-1,0,3.0000,-1,22,8,14,0,44
261.0774,1,0,6,0,0,0,0,-1,0,3.0000,-1,22,8,14,0,44
261.0973,1,0,6,0,0,0,0,-1,0,3.0000,-1,22,8,14,0,44
261.1183,1,0,6,0,0,0,0,-1,0,3.0000,-1,22,8,14,0,44
261.1385,1,0,6,0,0,0,0,-1,0,2.0000,-1,22,8,14,0,44
261.1593,1,0,6,0,0,0,0,-1,1,3.0000,-1,22,8,14,0,44
261.1792,1,0,6,0,0,0,0,-1,0,3.0000,-1,22,8,14,0,44
261.1951,1,0,6,0,0,0,0,-1,0,3.0000,-1,22,8,14,0,44
261.2144,1,0,6,0,0,0,0,-1,0,3.0000,-1,22,8,14,0,44
261.2314,1,0,6,0,0,0,0,-1,0,3.0000,-1,22,8,14,0,44
261.2624,1,0,6,0,0,0,0,-1,0,3.0000,-1,22,8,14,0,44
261.2758,1,0,6,0,0,0,0,-1,0,3.0000,-1,22,8,14,0,44
261.2893,1,0,6,0,0,0,0,-1,1,4.0000,-1,22,8,14,0,44
261.3096,1,0,6,0,0,0,0,-1,0,3.0000,-1,22,8,14,0,44
261.3324,1,0,6,0,0,0,0,-1,0,3.0000,-1,22,8,14,0,44
261.3549,1,0,6,0,0,0,1,148,0,3.0000,-1,22,8,14,0,44
261.3776,1,0,6,0,0,0,1,148,0,3.0000,-1,22,8,14,0,44
261.4004,1,0,6,0,0,0,1,148,0,3.0000,-1,22,8,14,0,44
261.422,1,0,6,0,0,0,1,148,0,3.0000,-1,22,8,14,0,44
261.4385,1,0,6,0,0,0,1,148,0,3.0000,-1,22,8,14,0,44
261.4667,1,0,6,0,0,0,1,148,0,3.0000,-1,22,8,14,0,44
261.4808,1,0,6,0,0,0,1,148,0,3.0000,-1,22,8,14,0,44
261.4963,1,0,6,0,0,0,1,148,0,3.0000,-1,22,8,14,0,44
261.5112,1,0,6,0,0,0,1,148,0,3.0000,-1,22,8,14,0,44
261.5339,1,0,6,0,0,0,1,148,0,3.0000,-1,22,8,14,0,44
261.5551,1,0,6,0,0,0,1,148,0,3.0000,-1,22,8,14,0,44
261.5762,1,0,6,0,0,0,1,148,0,3.0000,-1,22,8,14,0,44
261.5974,1,0,6,0,0,0,1,148,0,3.0000,-1,22,8,14,0,44
261.6173,1,0,6,0,0,0,1,148,0,3.0000,-1,22,8,14,0,44
261.6402,1,0,6,0,0,0,1,148,0,3.0000,-1,22,8,14,0,44
261.6631,1,0,6,0,0,0,1,148,0,3.0000,-1,22,8,14,0,44
261.6826,1,0,6,0,0,0,1,148,0,3.0000,-1,22,8,14,0,44
261.7016,1,0,6,0,0,0,1,148,0,3.0000,-1,22,8,14,0,44
261.724,1,0,6,0,0,0,1,148,0,3.0000,-1,22,8,14,0,44
261.7448,1,0,6,0,0,0,1,148,0,3.0000,-1,22,8,14,0,44
261.7659,1,0,6,0,0,0,1,148,0,3.0000,-1,22,8,14,0,44
261.7867,1,0,6,0,0,0,1,148,0,2.0000,-1,22,8,14,0,44
261.807,1,0,6,0,0,0,1,148,0,2.0000,-1,22,8,14,0,44
261.8287,1,0,6,0,0,0,1,148,0,2.0000,-1,22,8,14,0,44
261.844,1,0,6,0,0,0,1,148,0,2.0000,-1,22,8,14,0,44
261.8749,1,0,6,0,0,0,1,148,0,2.0000,-1,22,8,14,0,44
261.8914,1,0,6,0,0,0,1,148,0,2.0000,-1,22,8,14,0,44
261.9128,1,0,6,0,0,0,1,148,0,2.0000,-1,22,8,14,0,44
261.9306,1,0,6,0,0,0,1,147,0,2.0000,148,23,8,14,0,45
261.9536,1,0,6,0,0,0,1,147,0,2.0000,-1,23,8,14,0,45
261.9753,1,0,6,0,0,0,1,147,0,2.0000,-1,23,8,14,0,45
261.9973,1,0,6,0,0,0,1,147,0,2.0000,-1,23,8,14,0,45
262.018,1,0,6,0,0,0,1,147,0,2.0000,-1,23,8,14,0,45
262.0387,1,0,6,0,0,0,1,147,0,2.0000,-1,23,8,14,0,45
262.0582,1,0,6,0,0,0,1,147,0,2.0000,-1,23,8,14,0,45
262.0855,1,0,6,0,0,0,1,147,0,2.0000,-1,23,8,14,0,45
262.1017,1,0,6,0,0,0,1,147,0,2.0000,-1,23,8,14,0,45
262.1168,1,0,6,0,0,0,1,147,0,2.0000,-1,23,8,14,0,45
262.1323,1,0,6,0,0,0,1,147,0,2.0000,-1,23,8,14,0,45
262.1556,1,0,6,0,0,0,1,147,1,3.0000,-1,23,8,14,0,45
262.1755,1,0,6,0,0,0,1,147,0,2.0000,-1,23,8,14,0,45
262.1963,1,0,6,0,0,0,1,147,0,2.0000,-1,23,8,14,0,45
262.2142,1,0,6,0,0,0,1,147,0,2.0000,-1,23,8,14,0,45
262.2331,1,0,6,0,0,0,1,147,0,2.0000,-1,23,8,14,0,45
262.2556,1,0,6,0,0,0,1,147,0,2.0000,-1,23,8,14,0,45
262.2773,1,0,6,0,0,0,1,147,0,2.0000,-1,23,8,14,0,45
262.312,1,0,6,0,0,0,1,147,0,1.0000,-1,23,8,14,0,45
262.3319,2,1,7,0,0,0,0,-1,0,1.0000,147,23,9,14,0,46
262.3543,2,0,7,0,0,0,0,-1,0,1.0000,-1,23,9,14,0,46
262.3721,2,0,7,0,0,0,0,-1,0,1.0000,-1,23,9,14,0,46
262.3882,2,0,7,0,0,0,0,-1,0,1.0000,-1,23,9,14,0,46
262.4064,2,0,7,0,0,0,0,-1,0,1.0000,-1,23,9,14,0,46
262.4278,2,0,7,0,0,0,0,-1,0,1.0000,-1,23,9,14,0,46
262.4509,2,0,7,0,0,0,0,-1,0,1.0000,-1,23,9,14,0,46
262.4725,2,0,7,0,0,0,0,-1,0,1.0000,-1,23,9,14,0,46
262.4951,2,0,7,0,0,0,0,-1,0,1.0000,-1,23,9,14,0,46
262.5215,2,0,7,0,0,0,0,-1,0,1.0000,-1,23,9,14,0,46
262.5398,2,0,7,0,0,0,0,-1,0,1.0000,-1,23,9,14,0,46
262.5552,2,0,7,0,0,0,0,-1,0,1.0000,-1,23,9,14,0,46
262.571,2,0,7,0,0,0,0,-1,0,1.0000,-1,23,9,14,0,46
262.59,2,0,7,0,0,0,0,-1,0,1.0000,-1,23,9,14,0,46
262.6124,2,0,7,0,0,0,0,-1,0,1.0000,-1,23,9,14,0,46
262.6346,2,0,7,0,0,0,0,-1,0,1.0000,-1,23,9,14,0,46
262.6569,2,0,7,0,0,0,0,-1,0,1.0000,-1,23,9,14,0,46
262.6791,2,0,7,0,0,0,0,-1,0,1.0000,-1,23,9,14,0,46
262.7014,2,0,7,0,0,0,0,-1,0,1.0000,-1,23,9,14,0,46
262.7233,2,0,7,0,0,0,0,-1,0,1.0000,-1,23,9,14,0,46
262.7452,2,0,7,0,0,0,0,-1,0,1.0000,-1,23,9,14,0,46
262.7664,2,0,7,0,0,0,0,-1,0,1.0000,-1,23,9,14,0,46
262.7871,2,0,7,0,0,0,0,-1,0,1.0000,-1,23,9,14,0,46
262.8054,2,0,7,0,0,0,0,-1,0,1.0000,-1,23,9,14,0,46
262.8227,2,0,7,0,0,0,0,-1,0,1.0000,-1,23,9,14,0,46
262.8406,2,0,7,0,0,0,0,-1,0,1.0000,-1,23,9,14,0,46
262.8576,2,0,7,0,0,0,0,-1,0,1.0000,-1,23,9,14,0,46
262.8766,2,0,7,0,0,0,0,-1,0,1.0000,-1,23,9,14,0,46
262.8982,2,0,7,0,0,0,0,-1,0,1.0000,-1,23,9,14,0,46
262.9196,2,0,7,0,0,0,0,-1,0,1.0000,-1,23,9,14,0,46
262.9385,2,0,7,0,0,0,0,-1,0,1.0000,-1,23,9,14,0,46
262.9582,2,0,7,0,0,0,0,-1,0,1.0000,-1,23,9,14,0,46
262.9808,2,0,7,0,0,0,0,-1,0,1.0000,-1,23,9,14,0,46
263.001,2,0,7,0,0,0,0,-1,0,1.0000,-1,23,9,14,0,46
263.0218,2,0,7,0,0,0,0,-1,0,1.0000,-1,23,9,14,0,46
263.0434,2,0,7,0,0,0,0,-1,0,1.0000,-1,23,9,14,0,46
263.065,2,0,7,0,0,0,0,-1,0,1.0000,-1,23,9,14,0,46
263.0849,2,0,7,0,0,0,0,-1,0,1.0000,-1,23,9,14,0,46
263.1032,2,0,7,0,0,0,0,-1,1,2.0000,-1,23,9,14,0,46
263.1236,2,0,7,0,0,0,0,-1,0,2.0000,-1,23,9,14,0,46
263.1437,2,0,7,0,0,0,0,-1,0,2.0000,-1,23,9,14,0,46
263.1649,2,0,7,0,0,0,0,-1,0,1.0000,-1,23,9,14,0,46
263.187,2,0,7,0,0,0,1,150,0,1.0000,-1,23,9,14,0,46
263.2088,2,0,7,0,0,0,1,150,0,1.0000,-1,23,9,14,0,46
263.2272,2,0,7,0,0,0,1,150,0,1.0000,-1,23,9,14,0,46
263.2443,2,0,7,0,0,0,1,150,0,1.0000,-1,23,9,14,0,46
263.2648,2,0,7,0,0,0,1,150,0,1.0000,-1,23,9,14,0,46
263.2867,2,0,7,0,0,0,1,150,0,1.0000,-1,23,9,14,0,46
263.3083,2,0,7,0,0,0,0,-1,1,2.0000,150,23,10,14,0,47
263.3295,2,0,7,0,0,0,0,-1,0,2.0000,-1,23,10,14,0,47
263.3687,2,0,7,0,0,0,0,-1,0,2.0000,-1,23,10,14,0,47
263.3839,2,0,7,0,0,0,0,-1,0,2.0000,-1,23,10,14,0,47
263.4024,2,0,7,0,0,0,0,-1,0,2.0000,-1,23,10,14,0,47
263.4202,2,0,7,0,0,0,0,-1,0,2.0000,-1,23,10,14,0,47
263.442,2,0,7,0,0,0,0,-1,0,2.0000,-1,23,10,14,0,47
263.4613,2,0,7,0,0,0,0,-1,0,2.0000,-1,23,10,14,0,47
263.4804,2,0,7,0,0,0,0,-1,0,2.0000,-1,23,10,14,0,47
263.502,2,0,7,0,0,0,0,-1,0,2.0000,-1,23,10,14,0,47
263.5251,2,0,7,0,0,0,0,-1,0,2.0000,-1,23,10,14,0,47
263.5455,2,0,7,0,0,0,0,-1,0,2.0000,-1,23,10,14,0,47
263.5823,2,0,7,0,0,0,0,-1,0,2.0000,-1,23,10,14,0,47
263.5977,2,0,7,0,0,0,0,-1,0,2.0000,-1,23,10,14,0,47
263.6125,2,0,7,0,0,0,0,-1,0,2.0000,-1,23,10,14,0,47
263.6345,2,0,7,0,0,0,0,-1,0,2.0000,-1,23,10,14,0,47
263.6572,2,0,7,0,0,0,0,-1,0,2.0000,-1,23,10,14,0,47
263.6781,2,0,7,0,0,0,0,-1,0,2.0000,-1,23,10,14,0,47
263.6993,2,0,7,0,0,0,0,-1,0,2.0000,-1,23,10,14,0,47
263.7224,2,0,7,0,0,0,0,-1,0,2.0000,-1,23,10,14,0,47
263.7427,2,0,7,0,0,0,0,-1,0,2.0000,-1,23,10,14,0,47
263.7647,2,0,7,0,0,0,0,-1,0,2.0000,-1,23,10,14,0,47
263.8026,2,0,7,0,0,0,0,-1,0,2.0000,-1,23,10,14,0,47
263.8179,2,0,7,0,0,0,0,-1,0,2.0000,-1,23,10,14,0,47
263.8344,2,0,7,0,0,0,1,149,0,2.0000,-1,23,10,14,0,47
263.8542,2,0,7,0,0,0,1,149,0,2.0000,-1,23,10,14,0,47
263.8766,2,0,7,0,0,0,1,149,0,2.0000,-1,23,10,14,0,47
263.8972,2,0,7,0,0,0,1,149,0,2.0000,-1,23,10,14,0,47
263.92,2,0,7,0,0,0,1,149,0,2.0000,-1,23,10,14,0,47
263.9412,2,0,7,0,0,0,1,149,0,2.0000,-1,23,10,14,0,47
263.9633,2,0,7,0,0,0,0,-1,0,2.0000,149,23,11,14,0,48
263.9836,2,0,7,0,0,0,0,-1,0,2.0000,-1,23,11,14,0,48
264.0246,2,0,7,0,0,0,0,-1,0,2.0000,-1,23,11,14,0,48
264.0392,2,0,7,0,0,0,0,-1,0,2.0000,-1,23,11,14,0,48
264.0524,2,0,7,0,0,0,0,-1,0,2.0000,-1,23,11,14,0,48
264.0736,2,0,7,0,0,0,0,-1,0,2.0000,-1,23,11,14,0,48
264.0948,2,0,7,0,0,0,0,-1,0,2.0000,-1,23,11,14,0,48
264.1142,2,0,7,0,0,0,0,-1,0,1.0000,-1,23,11,14,0,48
264.1343,2,0,7,0,0,0,0,-1,0,1.0000,-1,23,11,14,0,48
264.1546,2,0,7,0,0,0,0,-1,0,1.0000,-1,23,11,14,0,48
264.1757,2,0,7,0,0,0,0,-1,0,1.0000,-1,23,11,14,0,48
264.1961,2,0,7,0,0,0,0,-1,0,1.0000,-1,23,11,14,0,48
264.2165,2,0,7,0,0,0,0,-1,0,1.0000,-1,23,11,14,0,48
264.2332,2,0,7,0,0,0,0,-1,0,1.0000,-1,23,11,14,0,48
264.2534,2,0,7,0,0,0,0,-1,0,1.0000,-1,23,11,14,0,48
264.2738,2,0,7,0,0,0,0,-1,0,1.0000,-1,23,11,14,0,48
264.2969,2,0,7,0,0,0,0,-1,0,1.0000,-1,23,11,14,0,48
264.3179,2,0,7,0,0,0,0,-1,0,0.0000,-1,23,11,14,0,48
264.3391,2,0,7,0,0,0,0,-1,0,0.0000,-1,23,11,14,0,48
264.3617,2,0,7,0,0,0,0,-1,0,0.0000,-1,23,11,14,0,48
264.3824,2,0,7,0,0,0,0,-1,0,0.0000,-1,23,11,14,0,48
264.4005,2,0,7,0,0,0,0,-1,0,0.0000,-1,23,11,14,0,48
264.4331,2,0,7,0,0,0,0,-1,0,0.0000,-1,23,11,14,0,48
264.4505,2,0,7,0,0,0,0,-1,0,0.0000,-1,23,11,14,0,48
264.4671,2,0,7,0,0,0,0,-1,0,0.0000,-1,23,11,14,0,48
264.4858,2,0,7,0,0,0,0,-1,0,0.0000,-1,23,11,14,0,48
264.5053,2,0,7,0,0,0,0,-1,0,0.0000,-1,23,11,14,0,48
264.5227,2,0,7,0,0,0,0,-1,0,0.0000,-1,23,11,14,0,48
264.5414,2,0,7,0,0,0,0,-1,0,0.0000,-1,23,11,14,0,48
264.5643,2,0,7,0,0,0,0,-1,0,0.0000,-1,23,11,14,0,48
264.5857,2,0,7,0,0,0,0,-1,0,0.0000,-1,23,11,14,0,48
264.6039,2,0,7,0,0,0,0,-1,0,0.0000,-1,23,11,14,0,48
264.624,2,0,7,0,0,0,0,-1,0,0.0000,-1,23,11,14,0,48
264.645,2,0,7,0,0,0,0,-1,0,0.0000,-1,23,11,14,0,48
264.6669,2,0,7,0,0,0,0,-1,0,0.0000,-1,23,11,14,0,48
264.6873,2,0,7,0,0,0,0,-1,0,0.0000,-1,23,11,14,0,48
264.7065,2,0,7,0,0,0,0,-1,0,0.0000,-1,23,11,14,0,48
264.7289,2,0,7,0,0,0,0,-1,0,0.0000,-1,23,11,14,0,48
264.7514,2,0,7,0,0,0,0,-1,0,0.0000,-1,23,11,14,0,48
264.7733,2,0,7,0,0,0,0,-1,0,0.0000,-1,23,11,14,0,48
264.7937,2,0,7,0,0,0,0,-1,0,0.0000,-1,23,11,14,0,48
264.813,2,0,7,0,0,0,0,-1,0,0.0000,-1,23,11,14,0,48
264.8332,2,0,7,0,0,0,0,-1,0,0.0000,-1,23,11,14,0,48
264.855,2,0,7,0,0,0,0,-1,0,0.0000,-1,23,11,14,0,48
264.8768,2,0,7,0,0,0,0,-1,0,0.0000,-1,23,11,14,0,48
264.8999,2,0,7,0,0,0,0,-1,0,0.0000,-1,23,11,14,0,48
264.9224,2,0,7,0,0,0,0,-1,0,0.0000,-1,23,11,14,0,48
264.9432,2,0,7,0,0,0,0,-1,0,0.0000,-1,23,11,14,0,48
264.9664,2,0,7,0,0,0,0,-1,0,0.0000,-1,23,11,14,0,48
264.9825,2,0,7,0,0,0,0,-1,0,0.0000,-1,23,11,14,0,48
265.0025,2,0,7,0,0,0,0,-1,0,0.0000,-1,23,11,14,0,48
265.0244,2,0,7,0,0,0,0,-1,0,0.0000,-1,23,11,14,0,48
265.0516,2,0,7,0,0,0,0,-1,0,0.0000,-1,23,11,14,0,48
265.0654,2,0,7,0,0,0,0,-1,0,0.0000,-1,23,11,14,0,48
265.0816,2,0,7,0,0,0,0,-1,0,0.0000,-1,23,11,14,0,48
265.0981,2,0,7,0,0,0,0,-1,0,0.0000,-1,23,11,14,0,48
265.1205,2,0,7,0,0,0,0,-1,0,0.0000,-1,23,11,14,0,48
265.1404,2,0,7,0,0,0,0,-1,0,0.0000,-1,23,11,14,0,48
265.1603,2,0,7,0,0,0,0,-1,0,0.0000,-1,23,11,14,0,48
265.181,2,0,7,0,0,0,0,-1,1,1.0000,-1,23,11,14,0,48
265.2025,2,0,7,0,0,0,0,-1,0,1.0000,-1,23,11,14,0,48
265.2236,2,0,7,0,0,0,0,-1,0,1.0000,-1,23,11,14,0,48
265.2435,2,0,7,0,0,0,0,-1,0,1.0000,-1,23,11,14,0,48
265.2791,2,0,7,0,0,0,0,-1,0,1.0000,-1,23,11,14,0,48
265.2954,2,0,7,0,0,0,0,-1,0,1.0000,-1,23,11,14,0,48
265.3121,2,0,7,0,0,0,0,-1,0,1.0000,-1,23,11,14,0,48
265.3282,2,0,7,0,0,0,0,-1,0,1.0000,-1,23,11,14,0,48
265.3452,2,0,7,0,0,0,0,-1,0,1.0000,-1,23,11,14,0,48
265.3669,2,0,7,0,0,0,0,-1,0,1.0000,-1,23,11,14,0,48
265.3878,2,0,7,0,0,0,0,-1,0,1.0000,-1,23,11,14,0,48
265.4087,2,0,7,0,0,0,0,-1,0,1.0000,-1,23,11,14,0,48
265.4287,2,0,7,0,0,0,0,-1,0,1.0000,-1,23,11,14,0,48
265.4504,2,0,7,0,0,0,0,-1,0,1.0000,-1,23,11,14,0,48
265.4691,2,0,7,0,0,0,0,-1,0,1.0000,-1,23,11,14,0,48
265.4884,2,0,7,0,0,0,0,-1,0,1.0000,-1,23,11,14,0,48
265.5068,2,0,7,0,0,0,0,-1,0,1.0000,-1,23,11,14,0,48
265.524,2,0,7,0,0,0,0,-1,0,1.0000,-1,23,11,14,0,48
265.5438,2,0,7,0,0,0,0,-1,0,1.0000,-1,23,11,14,0,48
265.5647,2,0,7,0,0,0,0,-1,0,1.0000,-1,23,11,14,0,48
265.5854,2,0,7,1,0,0,0,-1,0,1.0000,-1,23,11,14,0,48
265.6099,2,0,7,1,0,0,0,-1,0,1.0000,-1,23,11,14,0,48
265.6306,2,0,7,1,0,0,0,-1,0,1.0000,-1,23,11,14,0,48
265.6516,2,0,7,1,0,0,0,-1,0,1.0000,-1,23,11,14,0,48
265.6778,2,0,7,1,0,0,0,-1,0,1.0000,-1,23,11,14,0,48
265.6919,2,0,7,1,0,0,0,-1,0,1.0000,-1,23,11,14,0,48
265.7069,2,0,7,1,0,0,0,-1,0,1.0000,-1,23,11,14,0,48
265.7234,2,0,7,1,0,0,0,-1,0,1.0000,-1,23,11,14,0,48
265.7472,2,0,7,1,0,0,0,-1,0,1.0000,-1,23,11,14,0,48
265.7665,2,0,7,1,0,0,0,-1,0,1.0000,-1,23,11,14,0,48
265.7888,2,0,7,1,0,0,0,-1,0,1.0000,-1,23,11,14,0,48
265.809,2,0,7,1,0,0,0,-1,0,1.0000,-1,23,11,14,0,48
265.8298,2,0,7,1,0,0,0,-1,0,1.0000,-1,23,11,14,0,48
265.8527,2,0,7,1,0,0,0,-1,1,2.0000,-1,23,11,14,0,48
265.8789,2,0,7,1,0,0,0,-1,0,2.0000,-1,23,11,14,0,48
265.8933,2,0,7,1,0,0,0,-1,0,2.0000,-1,23,11,14,0,48
265.9092,2,0,7,1,0,0,0,-1,0,2.0000,-1,23,11,14,0,48
265.928,2,0,7,1,0,0,0,-1,0,2.0000,-1,23,11,14,0,48
265.945,2,0,7,1,0,0,0,-1,0,2.0000,-1,23,11,14,0,48
265.9665,2,0,7,1,0,0,0,-1,0,2.0000,-1,23,11,14,0,48
265.9883,2,0,7,1,0,0,0,-1,0,2.0000,-1,23,11,14,0,48
266.0073,2,0,7,1,0,0,0,-1,0,2.0000,-1,23,11,14,0,48
266.026,2,0,7,1,0,0,0,-1,0,2.0000,-1,23,11,14,0,48
266.0446,2,0,7,1,0,0,0,-1,0,2.0000,-1,23,11,14,0,48
266.065,2,0,7,1,0,0,0,-1,0,2.0000,-1,23,11,14,0,48
266.0856,2,0,7,1,0,0,0,-1,0,2.0000,-1,23,11,14,0,48
266.1087,2,0,7,1,0,0,0,-1,0,2.0000,-1,23,11,14,0,48
266.1277,2,0,7,1,0,0,0,-1,0,2.0000,-1,23,11,14,0,48
266.1472,2,0,7,1,0,0,0,-1,0,2.0000,-1,23,11,14,0,48
266.1662,2,0,7,1,0,0,0,-1,0,2.0000,-1,23,11,14,0,48
266.1871,2,0,7,1,0,0,0,-1,0,1.0000,-1,23,11,14,0,48
266.2075,2,0,7,1,0,0,0,-1,0,1.0000,-1,23,11,14,0,48
266.2264,2,0,7,1,0,0,0,-1,0,1.0000,-1,23,11,14,0,48
266.2443,2,0,7,1,0,0,0,-1,0,1.0000,-1,23,11,14,0,48
266.2651,2,0,7,1,0,0,0,-1,0,1.0000,-1,23,11,14,0,48
266.2855,2,0,7,1,0,0,0,-1,0,1.0000,-1,23,11,14,0,48
266.3064,2,0,7,1,0,0,0,-1,0,1.0000,-1,23,11,14,0,48
266.3284,2,0,7,1,0,0,0,-1,0,1.0000,-1,23,11,14,0,48
266.3494,2,0,7,1,0,0,0,-1,0,1.0000,-1,23,11,14,0,48
266.3696,2,0,7,1,0,0,0,-1,0,1.0000,-1,23,11,14,0,48
266.3899,2,0,7,1,0,0,0,-1,0,1.0000,-1,23,11,14,0,48
266.4102,2,0,7,1,0,0,0,-1,0,1.0000,-1,23,11,14,0,48
266.4289,2,0,7,1,0,0,0,-1,0,1.0000,-1,23,11,14,0,48
266.4485,2,0,7,1,0,0,0,-1,0,1.0000,-1,23,11,14,0,48
266.4661,2,0,7,1,0,0,0,-1,0,1.0000,-1,23,11,14,0,48
266.4838,2,0,7,1,0,0,0,-1,0,1.0000,-1,23,11,14,0,48
266.5075,2,0,7,1,0,0,0,-1,0,1.0000,-1,23,11,14,0,48
266.5374,2,0,7,1,0,0,0,-1,0,1.0000,-1,23,11,14,0,48
266.55,2,0,7,1,0,0,1,157,0,1.0000,-1,23,11,14,0,48
266.5656,2,0,7,1,0,0,1,157,0,1.0000,-1,23,11,14,0,48
266.5836,2,0,7,1,0,0,1,157,0,1.0000,-1,23,11,14,0,48
266.604,2,0,7,1,0,0,1,157,0,1.0000,-1,23,11,14,0,48
266.6238,2,0,7,1,0,0,1,157,0,1.0000,-1,23,11,14,0,48
266.6444,2,0,7,1,0,0,1,157,0,1.0000,-1,23,11,14,0,48
266.6649,2,0,7,1,0,0,1,157,0,1.0000,-1,23,11,14,0,48
266.6863,2,0,7,1,0,0,1,157,0,1.0000,-1,23,11,14,0,48
266.7055,2,0,7,1,0,0,1,157,0,1.0000,-1,23,11,14,0,48
266.7233,2,0,7,1,0,0,1,157,0,1.0000,-1,23,11,14,0,48
266.7425,2,0,7,1,0,0,1,157,0,1.0000,-1,23,11,14,0,48
266.7649,2,0,7,1,0,0,1,157,0,1.0000,-1,23,11,14,0,48
266.7918,2,0,7,1,0,0,1,157,0,1.0000,-1,23,11,14,0,48
266.8151,2,0,7,1,0,0,1,157,0,1.0000,-1,23,11,14,0,48
266.8351,2,0,7,1,0,0,1,157,0,1.0000,-1,23,11,14,0,48
266.8538,2,0,7,1,0,0,1,157,0,0.0000,-1,23,11,14,0,48
266.8758,2,0,7,1,0,0,1,157,0,0.0000,-1,23,11,14,0,48
266.8977,2,0,7,1,0,0,1,157,0,0.0000,-1,23,11,14,0,48
266.9189,2,0,7,1,0,0,1,157,0,0.0000,-1,23,11,14,0,48
266.9382,2,0,7,1,0,0,1,157,0,0.0000,-1,23,11,14,0,48
266.9657,2,0,7,1,0,0,1,157,1,1.0000,-1,23,11,14,0,48
266.9857,2,0,7,1,0,0,1,157,0,1.0000,-1,23,11,14,0,48
267.0025,2,0,7,1,0,0,1,157,0,1.0000,-1,23,11,14,0,48
267.0236,2,0,7,1,0,0,1,157,0,1.0000,-1,23,11,14,0,48
267.0444,2,0,7,1,0,0,1,157,0,1.0000,-1,23,11,14,0,48
267.0621,2,0,7,1,0,0,1,157,0,1.0000,-1,23,11,14,0,48
267.0829,2,0,7,1,0,0,1,157,0,1.0000,-1,23,11,14,0,48
267.1049,2,0,7,1,0,0,1,157,0,1.0000,-1,23,11,14,0,48
267.1244,2,0,7,1,0,0,1,157,0,1.0000,-1,23,11,14,0,48
267.1443,2,0,7,1,0,0,1,157,0,1.0000,-1,23,11,14,0,48
267.1657,2,0,7,1,0,0,1,157,0,1.0000,-1,23,11,14,0,48
267.1872,2,0,7,1,0,0,1,157,0,1.0000,-1,23,11,14,0,48
267.2093,2,0,7,1,0,0,1,157,0,1.0000,-1,23,11,14,0,48
267.2303,2,0,7,1,0,0,1,157,0,1.0000,-1,23,11,14,0,48
267.2484,2,0,7,1,0,0,1,157,0,1.0000,-1,23,11,14,0,48
267.2655,2,0,7,1,0,0,1,157,0,1.0000,-1,23,11,14,0,48
267.2838,2,0,7,1,0,0,1,157,0,1.0000,-1,23,11,14,0,48
267.3052,2,0,7,1,0,0,1,157,0,1.0000,-1,23,11,14,0,48
267.3267,2,0,7,1,0,0,1,157,0,1.0000,-1,23,11,14,0,48
267.3501,2,0,7,1,0,0,0,-1,0,1.0000,157,23,12,14,0,49
267.373,2,0,7,1,0,0,0,-1,0,1.0000,-1,23,12,14,0,49
267.394,2,0,7,1,0,0,0,-1,1,2.0000,-1,23,12,14,0,49
267.4145,2,0,7,1,0,0,0,-1,0,2.0000,-1,23,12,14,0,49
267.4355,2,0,7,1,0,0,0,-1,0,2.0000,-1,23,12,14,0,49
267.4569,2,0,7,1,0,0,0,-1,0,2.0000,-1,23,12,14,0,49
267.4779,2,0,7,1,0,0,0,-1,0,2.0000,-1,23,12,14,0,49
267.4992,2,0,7,1,0,0,0,-1,0,2.0000,-1,23,12,14,0,49
267.5185,2,0,7,1,0,0,0,-1,0,2.0000,-1,23,12,14,0,49
267.5377,2,0,7,1,0,0,0,-1,0,2.0000,-1,23,12,14,0,49
267.5586,2,0,7,1,0,0,0,-1,0,2.0000,-1,23,12,14,0,49
267.5828,2,0,7,1,0,0,0,-1,0,2.0000,-1,23,12,14,0,49
267.5986,2,0,7,1,0,0,0,-1,0,2.0000,-1,23,12,14,0,49
267.6135,2,0,7,1,0,0,0,-1,0,2.0000,-1,23,12,14,0,49
267.6301,2,0,7,1,0,0,0,-1,0,2.0000,-1,23,12,14,0,49
267.6508,2,0,7,1,0,0,0,-1,0,2.0000,-1,23,12,14,0,49
267.6716,2,0,7,1,0,0,0,-1,0,2.0000,-1,23,12,14,0,49
267.6917,2,0,7,1,0,0,0,-1,0,2.0000,-1,23,12,14,0,49
267.7137,2,0,7,1,0,0,0,-1,0,2.0000,-1,23,12,14,0,49
267.7346,2,0,7,1,0,0,0,-1,0,2.0000,-1,23,12,14,0,49
267.7578,2,0,7,1,0,0,0,-1,0,2.0000,-1,23,12,14,0,49
267.7795,2,0,7,1,0,0,0,-1,0,2.0000,-1,23,12,14,0,49
267.8011,2,0,7,1,0,0,0,-1,0,2.0000,-1,23,12,14,0,49
267.8212,2,0,7,1,0,0,0,-1,0,2.0000,-1,23,12,14,0,49
267.8398,2,0,7,1,0,0,0,-1,0,2.0000,-1,23,12,14,0,49
267.8549,2,0,7,1,0,0,0,-1,0,2.0000,-1,23,12,14,0,49
267.8724,2,0,7,1,0,0,0,-1,0,2.0000,-1,23,12,14,0,49
267.8897,2,0,7,1,0,0,0,-1,0,2.0000,-1,23,12,14,0,49
267.9091,2,0,7,1,0,0,0,-1,0,2.0000,-1,23,12,14,0,49
267.9272,2,0,7,1,0,0,0,-1,0,2.0000,-1,23,12,14,0,49
267.948,2,0,7,1,0,0,0,-1,0,2.0000,-1,23,12,14,0,49
267.9684,2,0,7,1,0,0,0,-1,0,1.0000,-1,23,12,14,0,49
267.9876,2,0,7,1,0,0,0,-1,0,1.0000,-1,23,12,14,0,49
268.0059,2,0,7,1,0,0,0,-1,0,1.0000,-1,23,12,14,0,49
268.0284,2,0,7,1,0,0,0,-1,0,1.0000,-1,23,12,14,0,49
268.0516,2,0,7,1,0,0,0,-1,0,1.0000,-1,23,12,14,0,49
268.0765,2,0,7,1,0,0,0,-1,0,1.0000,-1,23,12,14,0,49
268.0983,2,0,7,1,0,0,0,-1,0,1.0000,-1,23,12,14,0,49
268.1193,2,0,7,1,0,0,0,-1,0,1.0000,-1,23,12,14,0,49
268.1415,2,0,7,1,0,0,0,-1,0,1.0000,-1,23,12,14,0,49
268.1645,2,0,7,1,0,0,0,-1,0,1.0000,-1,23,12,14,0,49
268.1861,2,0,7,1,0,0,0,-1,0,1.0000,-1,23,12,14,0,49
268.2078,2,0,7,1,0,0,0,-1,0,1.0000,-1,23,12,14,0,49
268.2321,2,0,7,1,0,0,0,-1,0,1.0000,-1,23,12,14,0,49
268.2493,2,0,7,1,0,0,0,-1,0,1.0000,-1,23,12,14,0,49
268.2672,2,0,7,1,0,0,0,-1,0,1.0000,-1,23,12,14,0,49
268.2895,2,0,7,1,0,0,0,-1,0,1.0000,-1,23,12,14,0,49
268.3109,2,0,7,1,0,0,0,-1,0,1.0000,-1,23,12,14,0,49
268.3306,2,0,7,1,0,0,0,-1,0,1.0000,-1,23,12,14,0,49
268.3516,2,0,7,1,0,0,1,158,1,2.0000,-1,23,12,14,0,49
268.3726,2,0,7,1,0,0,1,158,0,2.0000,-1,23,12,14,0,49
268.3905,2,0,7,1,0,0,0,-1,0,2.0000,-1,23,12,14,0,49
268.4113,2,0,7,1,0,0,0,-1,0,1.0000,-1,23,12,14,0,49
268.4389,2,0,7,1,0,0,0,-1,0,1.0000,-1,23,12,14,0,49
268.453,2,0,7,1,0,0,0,-1,0,1.0000,-1,23,12,14,0,49
268.4694,2,0,7,1,0,0,0,-1,0,1.0000,-1,23,12,14,0,49
268.4868,2,0,7,1,0,0,0,-1,0,1.0000,-1,23,12,14,0,49
268.5074,2,0,7,1,0,0,0,-1,0,1.0000,-1,23,12,14,0,49
268.5289,2,0,7,1,0,0,0,-1,0,1.0000,-1,23,12,14,0,49
268.5483,2,0,7,1,0,0,0,-1,0,1.0000,-1,23,12,14,0,49
268.5665,2,0,7,1,0,0,0,-1,0,1.0000,-1,23,12,14,0,49
268.5869,2,0,7,1,0,0,0,-1,0,1.0000,-1,23,12,14,0,49
268.6078,2,0,7,1,0,0,0,-1,0,1.0000,-1,23,12,14,0,49
268.6284,2,0,7,1,0,0,0,-1,0,1.0000,-1,23,12,14,0,49
268.6495,2,0,7,1,0,0,0,-1,0,1.0000,-1,23,12,14,0,49
268.674,2,0,7,1,0,0,0,-1,0,1.0000,-1,23,12,14,0,49
268.6957,2,0,7,1,0,0,0,-1,0,1.0000,-1,23,12,14,0,49
268.717,2,0,7,1,0,0,0,-1,0,1.0000,-1,23,12,14,0,49
268.7364,2,0,7,1,0,0,0,-1,0,1.0000,-1,23,12,14,0,49
268.7615,2,0,7,1,0,0,0,-1,0,1.0000,-1,23,12,14,0,49
268.7831,2,0,7,1,0,0,0,-1,0,1.0000,-1,23,12,14,0,49
268.8036,2,0,7,1,0,0,0,-1,0,1.0000,-1,23,12,14,0,49
268.8257,2,0,7,1,0,0,0,-1,0,1.0000,-1,23,12,14,0,49
268.8465,2,0,7,1,0,0,0,-1,0,1.0000,-1,23,12,14,0,49
268.8674,2,0,7,1,0,0,0,-1,0,1.0000,-1,23,12,14,0,49
268.8886,2,0,7,1,0,0,0,-1,0,1.0000,-1,23,12,14,0,49
268.9101,2,0,7,1,0,0,0,-1,0,1.0000,-1,23,12,14,0,49
268.93,2,0,7,1,0,0,0,-1,0,1.0000,-1,23,12,14,0,49
268.9508,2,0,7,1,0,0,0,-1,0,1.0000,-1,23,12,14,0,49
268.9725,2,0,7,1,0,0,0,-1,0,1.0000,-1,23,12,14,0,49
268.9932,2,0,7,1,0,0,0,-1,0,1.0000,-1,23,12,14,0,49
269.0141,2,0,7,1,0,0,0,-1,0,1.0000,-1,23,12,14,0,49
269.0371,2,0,7,1,0,0,0,-1,0,1.0000,-1,23,12,14,0,49
269.0581,2,0,7,1,0,0,0,-1,0,1.0000,-1,23,12,14,0,49
269.0801,2,0,7,1,0,0,0,-1,0,1.0000,-1,23,12,14,0,49
269.1033,2,0,7,1,0,0,0,-1,0,1.0000,-1,23,12,14,0,49
269.1224,2,0,7,1,0,0,0,-1,0,1.0000,-1,23,12,14,0,49
269.1412,2,0,7,1,0,0,0,-1,0,1.0000,-1,23,12,14,0,49
269.1628,2,0,7,1,0,0,0,-1,1,2.0000,-1,23,12,14,0,49
269.1842,2,0,7,1,0,0,0,-1,0,2.0000,-1,23,12,14,0,49
269.2056,2,0,7,1,0,0,0,-1,0,2.0000,-1,23,12,14,0,49
269.2278,2,0,7,1,0,0,0,-1,0,2.0000,-1,23,12,14,0,49
269.2485,2,0,7,1,0,0,1,158,0,2.0000,-1,23,12,14,0,49
269.2652,2,0,7,1,0,0,1,158,0,2.0000,-1,23,12,14,0,49
269.3003,2,0,7,1,0,0,1,158,0,2.0000,-1,23,12,14,0,49
269.3188,2,0,7,1,0,0,1,158,0,2.0000,-1,23,12,14,0,49
269.3371,2,0,7,1,0,0,1,158,0,2.0000,-1,23,12,14,0,49
269.358,2,0,7,1,0,0,1,158,0,1.0000,-1,23,12,14,0,49
269.3801,2,0,7,1,0,0,1,158,0,1.0000,-1,23,12,14,0,49
269.4032,2,0,7,1,0,0,1,158,0,1.0000,-1,23,12,14,0,49
269.424,2,0,7,1,0,0,1,158,0,1.0000,-1,23,12,14,0,49
269.4453,2,0,7,1,0,0,1,158,0,1.0000,-1,23,12,14,0,49
269.4671,2,0,7,1,0,0,1,159,0,1.0000,158,23,13,14,0,50
269.4924,2,0,7,1,0,0,1,159,0,1.0000,-1,23,13,14,0,50
269.5132,2,0,7,1,0,0,1,159,0,1.0000,-1,23,13,14,0,50
269.5323,2,0,7,1,0,0,1,159,0,1.0000,-1,23,13,14,0,50
269.5542,2,0,7,1,0,0,1,159,0,1.0000,-1,23,13,14,0,50
269.578,2,0,7,1,0,0,1,159,0,1.0000,-1,23,13,14,0,50
269.5958,2,0,7,1,0,0,1,159,0,1.0000,-1,23,13,14,0,50
269.6137,2,0,7,1,0,0,1,159,0,1.0000,-1,23,13,14,0,50
269.634,2,0,7,1,0,0,1,159,0,1.0000,-1,23,13,14,0,50
269.6557,2,0,7,1,0,0,1,159,0,1.0000,-1,23,13,14,0,50
269.6785,2,0,7,1,0,0,1,159,0,1.0000,-1,23,13,14,0,50
269.7066,2,0,7,1,0,0,1,159,0,1.0000,-1,23,13,14,0,50
269.7259,2,0,7,1,0,0,1,159,1,2.0000,-1,23,13,14,0,50
269.7448,2,0,7,1,0,0,1,159,0,2.0000,-1,23,13,14,0,50
269.7655,2,0,7,1,0,0,1,159,0,2.0000,-1,23,13,14,0,50
269.7874,2,0,7,1,0,0,1,159,0,2.0000,-1,23,13,14,0,50
269.8094,2,0,7,1,0,0,1,159,0,2.0000,-1,23,13,14,0,50
269.8307,2,0,7,1,0,0,1,159,0,2.0000,-1,23,13,14,0,50
269.8507,2,0,7,1,0,0,1,159,0,2.0000,-1,23,13,14,0,50
269.8706,2,0,7,1,0,0,1,159,0,2.0000,-1,23,13,14,0,50
269.8918,2,0,7,1,0,0,1,159,0,2.0000,-1,23,13,14,0,50
269.913,2,0,7,1,0,0,1,159,0,2.0000,-1,23,13,14,0,50
269.9343,2,0,7,1,0,0,1,159,0,2.0000,-1,23,13,14,0,50
269.9554,2,0,7,1,0,0,1,159,0,2.0000,-1,23,13,14,0,50
269.9777,2,0,7,1,0,0,1,159,0,2.0000,-1,23,13,14,0,50
269.9993,2,0,7,1,0,0,1,159,0,2.0000,-1,23,13,14,0,50
270.0183,2,0,7,1,0,0,1,159,1,3.0000,-1,23,13,14,0,50
270.0412,2,0,7,1,0,0,1,159,0,3.0000,-1,23,13,14,0,50
270.0641,2,0,7,1,0,0,0,-1,0,3.0000,-1,23,13,14,0,50
270.0822,2,0,7,1,0,0,0,-1,0,3.0000,-1,23,13,14,0,50
270.1044,2,0,7,1,0,0,0,-1,0,3.0000,-1,23,13,14,0,50
270.128,2,0,7,1,0,0,0,-1,0,3.0000,-1,23,13,14,0,50
270.147,2,0,7,1,0,0,0,-1,0,3.0000,-1,23,13,14,0,50
270.1689,2,0,7,1,0,0,0,-1,0,2.0000,-1,23,13,14,0,50
270.189,2,0,7,1,0,0,0,-1,0,2.0000,-1,23,13,14,0,50
270.2104,2,0,7,1,0,0,0,-1,0,2.0000,-1,23,13,14,0,50
270.2314,2,0,7,1,0,0,0,-1,0,2.0000,-1,23,13,14,0,50
270.2514,2,0,7,1,0,0,0,-1,0,2.0000,-1,23,13,14,0,50
270.2731,2,0,7,1,0,0,0,-1,0,2.0000,-1,23,13,14,0,50
270.2945,2,0,7,1,0,0,0,-1,0,2.0000,-1,23,13,14,0,50
270.3158,2,0,7,1,0,0,0,-1,0,2.0000,-1,23,13,14,0,50
270.3331,2,0,7,1,0,0,0,-1,0,2.0000,-1,23,13,14,0,50
270.3546,2,0,7,1,0,0,0,-1,0,2.0000,-1,23,13,14,0,50
270.3753,2,0,7,1,0,0,0,-1,0,2.0000,-1,23,13,14,0,50
270.3968,2,0,7,1,0,0,0,-1,0,2.0000,-1,23,13,14,0,50
270.42,2,0,7,1,0,0,0,-1,0,2.0000,-1,23,13,14,0,50
270.4423,2,0,7,1,0,0,0,-1,0,2.0000,-1,23,13,14,0,50
270.4637,2,0,7,1,0,0,0,-1,0,2.0000,-1,23,13,14,0,50
270.4862,2,0,7,1,0,0,0,-1,0,2.0000,-1,23,13,14,0,50
270.5086,2,0,7,1,0,0,0,-1,0,2.0000,-1,23,13,14,0,50
270.5306,2,0,7,1,0,0,0,-1,0,2.0000,-1,23,13,14,0,50
270.5537,2,0,7,1,0,0,0,-1,0,2.0000,-1,23,13,14,0,50
270.5757,2,0,7,1,0,0,0,-1,0,2.0000,-1,23,13,14,0,50
270.5954,2,0,7,1,0,0,0,-1,0,2.0000,-1,23,13,14,0,50
270.6182,2,0,7,1,0,0,0,-1,0,2.0000,-1,23,13,14,0,50
270.6419,2,0,7,1,0,0,0,-1,0,2.0000,-1,23,13,14,0,50
270.6657,2,0,7,1,0,0,0,-1,0,2.0000,-1,23,13,14,0,50
270.6886,2,0,7,1,0,0,0,-1,0,2.0000,-1,23,13,14,0,50
270.708,2,0,7,1,0,0,0,-1,0,2.0000,-1,23,13,14,0,50
270.7268,2,0,7,1,0,0,0,-1,0,1.0000,-1,23,13,14,0,50
270.7493,2,0,7,1,0,0,0,-1,0,1.0000,-1,23,13,14,0,50
270.7832,2,0,7,1,0,0,0,-1,0,1.0000,-1,23,13,14,0,50
270.8006,2,0,7,1,0,0,0,-1,0,1.0000,-1,23,13,14,0,50
270.8193,2,0,7,1,0,0,0,-1,0,1.0000,-1,23,13,14,0,50
270.839,2,0,7,1,0,0,0,-1,0,1.0000,-1,23,13,14,0,50
270.8605,2,0,7,1,0,0,0,-1,0,1.0000,-1,23,13,14,0,50
270.8832,2,0,7,1,0,0,0,-1,0,1.0000,-1,23,13,14,0,50
270.9048,2,0,7,1,0,0,0,-1,0,1.0000,-1,23,13,14,0,50
270.9245,2,0,7,1,0,0,0,-1,1,2.0000,-1,23,13,14,0,50
270.9442,2,0,7,1,0,0,0,-1,0,2.0000,-1,23,13,14,0,50
270.9673,2,0,7,1,0,0,0,-1,0,2.0000,-1,23,13,14,0,50
270.9902,2,0,7,1,0,0,0,-1,0,2.0000,-1,23,13,14,0,50
271.0123,2,0,7,1,0,0,0,-1,0,2.0000,-1,23,13,14,0,50
271.0354,2,0,7,1,0,0,0,-1,0,1.0000,-1,23,13,14,0,50
271.0578,2,0,7,1,0,0,0,-1,0,1.0000,-1,23,13,14,0,50
271.0835,2,0,7,1,0,0,0,-1,0,1.0000,-1,23,13,14,0,50
271.1085,2,0,7,1,0,0,0,-1,0,1.0000,-1,23,13,14,0,50
271.1285,2,0,7,1,0,0,0,-1,0,1.0000,-1,23,13,14,0,50
271.1501,2,0,7,1,0,0,0,-1,0,1.0000,-1,23,13,14,0,50
271.1715,2,0,7,1,0,0,0,-1,0,1.0000,-1,23,13,14,0,50
271.2079,2,0,7,1,0,0,0,-1,0,1.0000,-1,23,13,14,0,50
271.2224,2,0,7,1,0,0,0,-1,0,1.0000,-1,23,13,14,0,50
271.2378,2,0,7,1,0,0,0,-1,0,1.0000,-1,23,13,14,0,50
271.2584,2,0,7,1,0,0,0,-1,0,1.0000,-1,23,13,14,0,50
271.2817,2,0,7,1,0,0,0,-1,0,1.0000,-1,23,13,14,0,50
271.3044,2,0,7,1,0,0,0,-1,0,1.0000,-1,23,13,14,0,50
271.326,2,0,7,1,0,0,0,-1,0,1.0000,-1,23,13,14,0,50
271.3496,2,0,7,1,0,0,0,-1,0,1.0000,-1,23,13,14,0,50
271.3727,2,0,7,1,0,0,0,-1,1,2.0000,-1,23,13,14,0,50
271.3943,2,0,7,1,0,0,0,-1,0,2.0000,-1,23,13,14,0,50
271.4167,2,0,7,1,0,0,0,-1,0,2.0000,-1,23,13,14,0,50
271.439,2,0,7,1,0,0,0,-1,0,2.0000,-1,23,13,14,0,50
271.461,2,0,7,1,0,0,0,-1,0,2.0000,-1,23,13,14,0,50
271.4827,2,0,7,1,0,0,0,-1,0,2.0000,-1,23,13,14,0,50
271.5028,2,0,7,1,0,0,0,-1,0,2.0000,-1,23,13,14,0,50
271.5227,2,0,7,1,0,0,0,-1,0,2.0000,-1,23,13,14,0,50
271.5448,2,0,7,1,0,0,0,-1,0,2.0000,-1,23,13,14,0,50
271.5667,2,0,7,1,0,0,0,-1,0,2.0000,-1,23,13,14,0,50
271.5882,2,0,7,1,0,0,0,-1,0,2.0000,-1,23,13,14,0,50
271.6096,2,0,7,1,0,0,0,-1,0,2.0000,-1,23,13,14,0,50
271.6308,2,0,7,1,0,0,0,-1,0,2.0000,-1,23,13,14,0,50
271.6529,2,0,7,1,0,0,0,-1,0,2.0000,-1,23,13,14,0,50
271.6763,2,0,7,1,0,0,0,-1,0,2.0000,-1,23,13,14,0,50
271.6982,2,0,7,1,0,0,0,-1,0,2.0000,-1,23,13,14,0,50
271.7221,2,0,7,1,0,0,0,-1,0,2.0000,-1,23,13,14,0,50
271.7461,2,0,7,1,0,0,0,-1,0,2.0000,-1,23,13,14,0,50
271.7679,2,0,7,1,0,0,0,-1,0,2.0000,-1,23,13,14,0,50
271.7891,2,0,7,1,0,0,0,-1,0,2.0000,-1,23,13,14,0,50
271.816,2,0,7,1,0,0,0,-1,0,2.0000,-1,23,13,14,0,50
271.8328,2,0,7,1,0,0,0,-1,0,2.0000,-1,23,13,14,0,50
271.8516,2,0,7,1,0,0,0,-1,0,2.0000,-1,23,13,14,0,50
271.8712,2,0,7,0,0,0,0,-1,0,2.0000,-1,23,13,14,0,50
271.8942,2,0,7,0,0,0,0,-1,0,2.0000,-1,23,13,14,0,50
271.9141,2,0,7,0,0,0,0,-1,0,2.0000,-1,23,13,14,0,50
271.9342,2,0,7,0,0,0,0,-1,0,1.0000,-1,23,13,14,0,50
271.9528,2,0,7,0,0,0,0,-1,0,1.0000,-1,23,13,14,0,50
271.973,2,0,7,0,0,0,0,-1,0,1.0000,-1,23,13,14,0,50
271.9944,2,0,7,0,0,0,0,-1,0,1.0000,-1,23,13,14,0,50
272.0276,2,0,7,0,0,0,0,-1,0,1.0000,-1,23,13,14,0,50
272.0417,2,0,7,0,0,0,0,-1,0,1.0000,-1,23,13,14,0,50
272.0571,2,0,7,0,0,0,0,-1,0,1.0000,-1,23,13,14,0,50
272.0742,2,0,7,0,0,0,0,-1,0,1.0000,-1,23,13,14,0,50
272.0964,2,0,7,0,0,0,0,-1,0,1.0000,-1,23,13,14,0,50
272.1172,2,0,7,0,0,0,0,-1,0,1.0000,-1,23,13,14,0,50
272.1391,2,0,7,0,0,0,1,163,0,1.0000,-1,23,13,14,0,50
272.1593,2,0,7,0,0,0,1,163,0,1.0000,-1,23,13,14,0,50
272.1802,2,0,7,0,0,0,1,163,0,1.0000,-1,23,13,14,0,50
272.1982,2,0,7,0,0,0,1,163,0,1.0000,-1,23,13,14,0,50
272.2176,2,0,7,0,0,0,1,163,0,1.0000,-1,23,13,14,0,50
272.2401,2,0,7,0,0,0,1,163,0,1.0000,-1,23,13,14,0,50
272.2617,2,0,7,0,0,0,1,163,0,1.0000,-1,23,13,14,0,50
272.2815,2,0,7,0,0,0,1,163,0,1.0000,-1,23,13,14,0,50
272.3017,2,0,7,0,0,0,1,163,0,1.0000,-1,23,13,14,0,50
272.3216,2,0,7,0,0,0,1,163,0,1.0000,-1,23,13,14,0,50
272.3401,2,0,7,0,0,0,1,163,0,1.0000,-1,23,13,14,0,50
272.3595,2,0,7,0,0,0,1,163,0,1.0000,-1,23,13,14,0,50
272.3797,2,0,7,0,0,0,1,163,0,0.0000,-1,23,13,14,0,50
272.401,2,0,7,0,0,0,1,163,0,0.0000,-1,23,13,14,0,50
272.44,2,0,7,0,0,0,1,163,0,0.0000,-1,23,13,14,0,50
272.4593,2,0,7,0,0,0,1,163,0,0.0000,-1,23,13,14,0,50
272.4747,2,0,7,0,0,0,1,163,0,0.0000,-1,23,13,14,0,50
272.4915,2,0,7,0,0,0,1,163,0,0.0000,-1,23,13,14,0,50
272.5098,2,0,7,0,0,0,1,163,0,0.0000,-1,23,13,14,0,50
272.5307,2,0,7,0,0,0,1,163,0,0.0000,-1,23,13,14,0,50
272.5519,2,0,7,0,0,0,1,163,0,0.0000,-1,23,13,14,0,50
272.5746,2,0,7,0,0,0,1,163,0,0.0000,-1,23,13,14,0,50
272.5957,2,0,7,0,0,0,1,163,0,0.0000,-1,23,13,14,0,50
272.6171,2,0,7,0,0,0,1,163,0,0.0000,-1,23,13,14,0,50
272.6479,2,0,7,0,0,0,1,163,0,0.0000,-1,23,13,14,0,50
272.6647,2,0,7,0,0,0,1,163,0,0.0000,-1,23,13,14,0,50
272.6827,2,0,7,0,0,0,1,163,0,0.0000,-1,23,13,14,0,50
272.7028,2,0,7,0,0,0,1,163,0,0.0000,-1,23,13,14,0,50
272.7237,2,0,7,0,0,0,1,163,0,0.0000,-1,23,13,14,0,50
272.7443,2,0,7,0,0,0,1,163,0,0.0000,-1,23,13,14,0,50
272.7669,2,0,7,0,0,0,1,163,0,0.0000,-1,23,13,14,0,50
272.7877,2,0,7,0,0,0,1,163,0,0.0000,-1,23,13,14,0,50
272.8103,2,0,7,0,0,0,1,163,0,0.0000,-1,23,13,14,0,50
272.8319,2,0,7,0,0,0,1,163,0,0.0000,-1,23,13,14,0,50
272.8536,2,0,7,0,0,0,1,163,0,0.0000,-1,23,13,14,0,50
272.8753,2,0,7,0,0,0,1,163,0,0.0000,-1,23,13,14,0,50
272.8966,2,0,7,0,0,0,1,163,0,0.0000,-1,23,13,14,0,50
272.9173,2,0,7,0,0,0,1,163,0,0.0000,-1,23,13,14,0,50
272.9363,2,0,7,0,0,0,1,163,0,0.0000,-1,23,13,14,0,50
272.9579,2,0,7,0,0,0,1,163,0,0.0000,-1,23,13,14,0,50
272.9778,2,0,7,0,0,0,1,163,0,0.0000,-1,23,13,14,0,50
272.9957,2,0,7,0,0,0,1,163,0,0.0000,-1,23,13,14,0,50
273.0133,2,0,7,0,0,0,1,163,0,0.0000,-1,23,13,14,0,50
273.0348,2,0,7,0,0,0,1,163,0,0.0000,-1,23,13,14,0,50
273.0661,2,0,7,0,0,0,1,163,0,0.0000,-1,23,13,14,0,50
273.0842,2,0,7,0,0,0,1,163,0,0.0000,-1,23,13,14,0,50
273.1021,2,0,7,0,0,0,1,163,0,0.0000,-1,23,13,14,0,50
273.1193,2,0,7,0,0,0,1,163,0,0.0000,-1,23,13,14,0,50
273.1347,2,0,7,0,0,0,1,163,0,0.0000,-1,23,13,14,0,50
273.1537,2,0,7,0,0,0,1,163,0,0.0000,-1,23,13,14,0,50
273.1749,2,0,7,0,0,0,1,163,0,0.0000,-1,23,13,14,0,50
273.194,2,0,7,0,0,0,1,163,0,0.0000,-1,23,13,14,0,50
273.214,2,0,7,0,0,0,1,163,0,0.0000,-1,23,13,14,0,50
273.2348,2,0,7,0,0,0,1,163,0,0.0000,-1,23,13,14,0,50
273.2557,2,0,7,0,0,0,1,163,0,0.0000,-1,23,13,14,0,50
273.2787,2,0,7,0,0,0,1,163,0,0.0000,-1,23,13,14,0,50
273.2999,2,0,7,0,0,0,1,163,0,0.0000,-1,23,13,14,0,50
273.3215,2,0,7,0,0,0,1,163,0,0.0000,-1,23,13,14,0,50
273.3447,2,0,7,0,0,0,1,163,0,0.0000,-1,23,13,14,0,50
273.3666,2,0,7,0,0,0,1,163,0,0.0000,-1,23,13,14,0,50
273.3911,2,0,7,0,0,0,1,163,0,0.0000,-1,23,13,14,0,50
273.4126,2,0,7,0,0,0,1,163,0,0.0000,-1,23,13,14,0,50
273.4327,2,0,7,0,0,0,0,-1,0,0.0000,163,23,14,14,0,51
273.4558,2,0,7,0,0,0,0,-1,0,0.0000,-1,23,14,14,0,51
273.4808,2,0,7,0,0,0,0,-1,0,0.0000,-1,23,14,14,0,51
273.4948,2,0,7,0,0,0,0,-1,0,0.0000,-1,23,14,14,0,51
273.5075,2,0,7,0,0,0,0,-1,0,0.0000,-1,23,14,14,0,51
273.5308,2,0,7,0,0,0,0,-1,0,0.0000,-1,23,14,14,0,51
273.5516,2,0,7,0,0,0,0,-1,0,0.0000,-1,23,14,14,0,51
273.571,2,0,7,0,0,0,0,-1,0,0.0000,-1,23,14,14,0,51
273.5915,2,0,7,0,0,0,0,-1,0,0.0000,-1,23,14,14,0,51
273.6119,2,0,7,0,0,0,0,-1,0,0.0000,-1,23,14,14,0,51
273.6335,2,0,7,0,0,0,0,-1,0,0.0000,-1,23,14,14,0,51
273.6544,2,0,7,0,0,0,0,-1,0,0.0000,-1,23,14,14,0,51
273.6729,2,0,7,0,0,0,0,-1,0,0.0000,-1,23,14,14,0,51
273.6942,2,0,7,0,0,0,0,-1,0,0.0000,-1,23,14,14,0,51
273.7134,2,0,7,0,0,0,0,-1,0,0.0000,-1,23,14,14,0,51
273.7328,2,0,7,0,0,0,0,-1,0,0.0000,-1,23,14,14,0,51
273.7519,2,0,7,0,0,0,0,-1,0,0.0000,-1,23,14,14,0,51
273.7717,2,0,7,0,0,0,0,-1,0,0.0000,-1,23,14,14,0,51
273.7915,2,0,7,0,0,0,0,-1,0,0.0000,-1,23,14,14,0,51
273.8134,2,0,7,0,0,0,0,-1,0,0.0000,-1,23,14,14,0,51
273.8343,2,0,7,0,0,0,0,-1,0,0.0000,-1,23,14,14,0,51
273.8567,2,0,7,0,0,0,0,-1,0,0.0000,-1,23,14,14,0,51
273.879,2,0,7,0,0,0,0,-1,0,0.0000,-1,23,14,14,0,51
273.9117,2,0,7,0,0,0,0,-1,0,0.0000,-1,23,14,14,0,51
273.9327,2,0,7,0,0,0,0,-1,0,0.0000,-1,23,14,14,0,51
273.9528,2,0,7,0,0,0,0,-1,0,0.0000,-1,23,14,14,0,51
273.9751,2,0,7,0,0,0,0,-1,0,0.0000,-1,23,14,14,0,51
273.9965,2,0,7,0,0,0,0,-1,0,0.0000,-1,23,14,14,0,51
274.0148,2,0,7,0,0,0,0,-1,0,0.0000,-1,23,14,14,0,51
274.0323,2,0,7,0,0,0,0,-1,0,0.0000,-1,23,14,14,0,51
274.0505,2,0,7,0,0,0,0,-1,0,0.0000,-1,23,14,14,0,51
274.0713,2,0,7,0,0,0,0,-1,0,0.0000,-1,23,14,14,0,51
274.0898,2,0,7,0,0,0,0,-1,0,0.0000,-1,23,14,14,0,51
274.1116,2,0,7,0,0,0,0,-1,0,0.0000,-1,23,14,14,0,51
274.1344,2,0,7,0,0,0,0,-1,0,0.0000,-1,23,14,14,0,51
274.157,2,0,7,0,0,0,0,-1,0,0.0000,-1,23,14,14,0,51
274.1791,2,0,7,0,0,0,0,-1,0,0.0000,-1,23,14,14,0,51
274.2016,2,0,7,0,0,0,0,-1,0,0.0000,-1,23,14,14,0,51
274.2265,2,0,7,0,0,0,0,-1,1,1.0000,-1,23,14,14,0,51
274.2493,2,0,7,0,0,0,0,-1,0,1.0000,-1,23,14,14,0,51
274.2663,2,0,7,0,0,0,0,-1,0,1.0000,-1,23,14,14,0,51
274.2829,2,0,7,0,0,0,1,164,0,1.0000,-1,23,14,14,0,51
274.3,2,0,7,0,0,0,1,164,0,1.0000,-1,23,14,14,0,51
274.335,2,0,7,0,0,0,1,164,0,1.0000,-1,23,14,14,0,51
274.3537,2,0,7,0,0,0,1,164,0,1.0000,-1,23,14,14,0,51
274.3698,2,0,7,0,0,0,1,164,0,1.0000,-1,23,14,14,0,51
274.387,2,0,7,0,0,0,1,164,0,1.0000,-1,23,14,14,0,51
274.406,2,0,7,0,0,0,1,164,0,1.0000,-1,23,14,14,0,51
274.4261,2,0,7,0,0,0,1,164,0,1.0000,-1,23,14,14,0,51
274.4469,2,0,7,0,0,0,1,164,0,1.0000,-1,23,14,14,0,51
274.4671,2,0,7,0,0,0,1,164,0,1.0000,-1,23,14,14,0,51
274.4898,2,0,7,0,0,0,1,164,0,1.0000,-1,23,14,14,0,51
274.5114,2,0,7,0,0,0,1,164,1,2.0000,-1,23,14,14,0,51
274.5348,2,0,7,0,0,0,1,164,0,2.0000,-1,23,14,14,0,51
274.5595,2,0,7,0,0,0,0,-1,0,2.0000,-1,23,14,14,0,51
274.5829,2,0,7,0,0,0,0,-1,0,2.0000,-1,23,14,14,0,51
274.6063,2,0,7,0,0,0,0,-1,0,2.0000,-1,23,14,14,0,51
274.6223,2,0,7,0,0,0,0,-1,0,2.0000,-1,23,14,14,0,51
274.6385,2,0,7,0,0,0,0,-1,0,2.0000,-1,23,14,14,0,51
274.6566,2,0,7,0,0,0,0,-1,0,2.0000,-1,23,14,14,0,51
274.678,2,0,7,0,0,0,0,-1,0,2.0000,-1,23,14,14,0,51
274.6993,2,0,7,0,0,0,0,-1,0,2.0000,-1,23,14,14,0,51
274.722,2,0,7,0,0,0,0,-1,0,2.0000,-1,23,14,14,0,51
274.7576,2,0,7,0,0,0,0,-1,1,3.0000,-1,23,14,14,0,51
274.7791,2,0,7,0,0,0,0,-1,0,3.0000,-1,23,14,14,0,51
274.7999,2,0,7,0,0,0,0,-1,0,3.0000,-1,23,14,14,0,51
274.8194,2,0,7,0,0,0,0,-1,0,3.0000,-1,23,14,14,0,51
274.8414,2,0,7,0,0,0,0,-1,0,3.0000,-1,23,14,14,0,51
274.8633,2,0,7,0,0,0,0,-1,0,3.0000,-1,23,14,14,0,51
274.8834,2,0,7,0,0,0,0,-1,0,3.0000,-1,23,14,14,0,51
274.9027,2,0,7,0,0,0,0,-1,0,3.0000,-1,23,14,14,0,51
274.9225,2,0,7,0,0,0,0,-1,0,3.0000,-1,23,14,14,0,51
274.943,2,0,7,0,0,0,0,-1,0,3.0000,-1,23,14,14,0,51
274.9624,2,0,7,0,0,0,0,-1,0,3.0000,-1,23,14,14,0,51
274.9833,2,0,7,0,0,0,0,-1,0,3.0000,-1,23,14,14,0,51
275.0013,2,0,7,0,0,0,0,-1,0,3.0000,-1,23,14,14,0,51
275.0195,2,0,7,0,0,0,0,-1,0,3.0000,-1,23,14,14,0,51
275.0345,2,0,7,0,0,0,0,-1,0,3.0000,-1,23,14,14,0,51
275.0518,2,0,7,0,0,0,0,-1,0,3.0000,-1,23,14,14,0,51
275.075,2,0,7,0,0,0,0,-1,1,4.0000,-1,23,14,14,0,51
275.0966,2,0,7,0,0,0,0,-1,0,4.0000,-1,23,14,14,0,51
275.1182,2,0,7,0,0,0,0,-1,0,4.0000,-1,23,14,14,0,51
275.1382,2,0,7,0,0,0,0,-1,0,4.0000,-1,23,14,14,0,51
275.1593,2,0,7,0,0,0,0,-1,0,4.0000,-1,23,14,14,0,51
275.1765,2,0,7,0,0,0,0,-1,0,4.0000,-1,23,14,14,0,51
275.1951,2,0,7,0,0,0,0,-1,0,4.0000,-1,23,14,14,0,51
275.2129,2,0,7,0,0,0,0,-1,0,4.0000,-1,23,14,14,0,51
275.2334,2,0,7,0,0,0,0,-1,0,3.0000,-1,23,14,14,0,51
275.2543,2,0,7,0,0,0,0,-1,0,3.0000,-1,23,14,14,0,51
275.2756,2,0,7,0,0,0,0,-1,0,3.0000,-1,23,14,14,0,51
275.2995,2,0,7,0,0,0,0,-1,0,3.0000,-1,23,14,14,0,51
275.3217,2,0,7,0,0,0,0,-1,0,3.0000,-1,23,14,14,0,51
275.3438,2,0,7,0,0,0,0,-1,0,3.0000,-1,23,14,14,0,51
275.3648,2,0,7,0,0,0,0,-1,0,3.0000,-1,23,14,14,0,51
275.3859,2,0,7,0,0,0,0,-1,0,3.0000,-1,23,14,14,0,51
275.4071,2,0,7,0,0,0,0,-1,0,3.0000,-1,23,14,14,0,51
275.4273,2,0,7,0,0,0,0,-1,0,3.0000,-1,23,14,14,0,51
275.4485,2,0,7,0,0,0,0,-1,0,3.0000,-1,23,14,14,0,51
275.469,2,0,7,0,0,0,0,-1,0,3.0000,-1,23,14,14,0,51
275.4897,2,0,7,0,0,0,0,-1,0,3.0000,-1,23,14,14,0,51
275.5111,2,0,7,0,0,0,0,-1,0,3.0000,-1,23,14,14,0,51
275.5348,2,0,7,0,0,0,0,-1,0,2.0000,-1,23,14,14,0,51
275.5531,2,0,7,0,0,0,0,-1,0,2.0000,-1,23,14,14,0,51
275.5803,2,0,7,0,0,0,0,-1,0,2.0000,-1,23,14,14,0,51
275.595,2,0,7,0,0,0,0,-1,0,2.0000,-1,23,14,14,0,51
275.6093,2,0,7,0,0,0,0,-1,0,2.0000,-1,23,14,14,0,51
275.6286,2,0,7,0,0,0,0,-1,0,2.0000,-1,23,14,14,0,51
275.6496,2,0,7,0,0,0,0,-1,0,2.0000,-1,23,14,14,0,51
275.6714,2,0,7,0,0,0,0,-1,0,2.0000,-1,23,14,14,0,51
275.6927,2,0,7,0,0,0,0,-1,0,2.0000,-1,23,14,14,0,51
275.7146,2,0,7,0,0,0,0,-1,0,2.0000,-1,23,14,14,0,51
275.736,2,0,7,0,0,0,0,-1,0,2.0000,-1,23,14,14,0,51
275.7582,2,0,7,0,0,0,0,-1,0,1.0000,-1,23,14,14,0,51
275.7769,2,0,7,0,0,0,0,-1,0,1.0000,-1,23,14,14,0,51
275.7931,2,0,7,0,0,0,0,-1,0,1.0000,-1,23,14,14,0,51
275.8123,2,0,7,0,0,0,0,-1,0,1.0000,-1,23,14,14,0,51
275.8327,2,0,7,0,0,0,0,-1,0,1.0000,-1,23,14,14,0,51
275.8547,2,0,7,0,0,0,0,-1,0,1.0000,-1,23,14,14,0,51
275.8749,2,0,7,0,0,0,0,-1,0,1.0000,-1,23,14,14,0,51
275.8963,2,0,7,0,0,0,0,-1,0,1.0000,-1,23,14,14,0,51
275.9186,2,0,7,0,0,0,0,-1,0,1.0000,-1,23,14,14,0,51
275.94,2,0,7,0,0,0,0,-1,0,1.0000,-1,23,14,14,0,51
275.9603,2,0,7,0,0,0,0,-1,0,1.0000,-1,23,14,14,0,51
275.9807,2,0,7,0,0,0,0,-1,0,1.0000,-1,23,14,14,0,51
275.9994,2,0,7,0,0,0,0,-1,0,1.0000,-1,23,14,14,0,51
276.0168,2,0,7,0,0,0,0,-1,0,1.0000,-1,23,14,14,0,51
276.0341,2,0,7,0,0,0,0,-1,0,1.0000,-1,23,14,14,0,51
276.0555,2,0,7,0,0,0,0,-1,0,1.0000,-1,23,14,14,0,51
276.0749,2,0,7,0,0,0,0,-1,0,1.0000,-1,23,14,14,0,51
276.0952,2,0,7,0,0,0,0,-1,0,0.0000,-1,23,14,14,0,51
276.1153,2,0,7,0,0,0,0,-1,0,0.0000,-1,23,14,14,0,51
276.1369,2,0,7,0,0,0,0,-1,0,0.0000,-1,23,14,14,0,51
276.1577,2,0,7,0,0,0,0,-1,0,0.0000,-1,23,14,14,0,51
276.1783,2,0,7,0,0,0,0,-1,0,0.0000,-1,23,14,14,0,51
276.2001,2,0,7,0,0,0,0,-1,0,0.0000,-1,23,14,14,0,51
276.2226,2,0,7,0,0,0,0,-1,0,0.0000,-1,23,14,14,0,51
276.2438,2,0,7,0,0,0,0,-1,0,0.0000,-1,23,14,14,0,51
276.2646,2,0,7,0,0,0,0,-1,0,0.0000,-1,23,14,14,0,51
276.2859,2,0,7,0,0,0,0,-1,0,0.0000,-1,23,14,14,0,51
276.304,2,0,7,0,0,0,0,-1,0,0.0000,-1,23,14,14,0,51
276.322,2,0,7,0,0,0,0,-1,0,0.0000,-1,23,14,14,0,51
276.3403,2,0,7,0,0,0,0,-1,0,0.0000,-1,23,14,14,0,51
276.3582,2,0,7,0,0,0,0,-1,0,0.0000,-1,23,14,14,0,51
276.3772,2,0,7,0,0,0,0,-1,0,0.0000,-1,23,14,14,0,51
276.3993,2,0,7,0,0,0,0,-1,0,0.0000,-1,23,14,14,0,51
276.421,2,0,7,0,0,0,0,-1,0,0.0000,-1,23,14,14,0,51
276.4422,2,0,7,0,0,0,0,-1,0,0.0000,-1,23,14,14,0,51
276.4647,2,0,7,0,0,0,0,-1,0,0.0000,-1,23,14,14,0,51
276.4851,2,0,7,0,0,0,0,-1,0,0.0000,-1,23,14,14,0,51
276.5059,2,0,7,0,0,0,0,-1,0,0.0000,-1,23,14,14,0,51
276.5279,2,0,7,0,0,0,0,-1,0,0.0000,-1,23,14,14,0,51
276.5498,2,0,7,0,0,0,0,-1,0,0.0000,-1,23,14,14,0,51
276.5706,2,0,7,0,0,0,0,-1,0,0.0000,-1,23,14,14,0,51
276.592,2,0,7,0,0,0,0,-1,0,0.0000,-1,23,14,14,0,51
276.6139,2,0,7,0,0,0,0,-1,1,1.0000,-1,23,14,14,0,51
276.6407,2,0,7,0,0,0,0,-1,0,1.0000,-1,23,14,14,0,51
276.6584,2,0,7,0,0,0,0,-1,0,1.0000,-1,23,14,14,0,51
276.6739,2,0,7,0,0,0,0,-1,0,1.0000,-1,23,14,14,0,51
276.6917,2,0,7,0,0,0,0,-1,0,1.0000,-1,23,14,14,0,51
276.7101,2,0,7,0,0,0,0,-1,0,1.0000,-1,23,14,14,0,51
276.7308,2,0,7,0,0,0,0,-1,0,1.0000,-1,23,14,14,0,51
276.7523,2,0,7,0,0,0,0,-1,0,1.0000,-1,23,14,14,0,51
276.7756,2,0,7,0,0,0,0,-1,0,1.0000,-1,23,14,14,0,51
276.7969,2,0,7,0,0,0,0,-1,0,1.0000,-1,23,14,14,0,51
276.8154,2,0,7,0,0,0,0,-1,0,1.0000,-1,23,14,14,0,51
276.834,2,0,7,0,0,0,0,-1,0,1.0000,-1,23,14,14,0,51
276.8524,2,0,7,0,0,0,0,-1,0,1.0000,-1,23,14,14,0,51
276.8734,2,0,7,0,0,0,0,-1,0,1.0000,-1,23,14,14,0,51
276.8927,2,0,7,0,0,0,0,-1,0,1.0000,-1,23,14,14,0,51
276.9154,2,0,7,0,0,0,0,-1,0,1.0000,-1,23,14,14,0,51
276.9345,2,0,7,0,0,0,0,-1,0,1.0000,-1,23,14,14,0,51
276.9693,2,0,7,0,0,0,0,-1,0,1.0000,-1,23,14,14,0,51
276.998,2,0,7,0,0,0,0,-1,1,2.0000,-1,23,14,14,0,51
277.0265,2,0,7,0,0,0,0,-1,0,2.0000,-1,23,14,14,0,51
277.0573,2,0,7,0,0,0,0,-1,0,2.0000,-1,23,14,14,0,51
277.0758,2,0,7,0,0,0,0,-1,0,2.0000,-1,23,14,14,0,51
277.0907,2,0,7,0,0,0,0,-1,0,2.0000,-1,23,14,14,0,51
277.1154,2,0,7,0,0,0,1,168,0,2.0000,-1,23,14,14,0,51
277.1367,2,0,7,0,0,0,1,168,0,2.0000,-1,23,14,14,0,51
277.1586,2,0,7,0,0,0,1,168,0,2.0000,-1,23,14,14,0,51
277.1804,2,0,7,0,0,0,1,168,0,2.0000,-1,23,14,14,0,51
277.2027,2,0,7,0,0,0,1,168,0,2.0000,-1,23,14,14,0,51
277.2264,2,0,7,0,0,0,1,168,0,2.0000,-1,23,14,14,0,51
277.2701,2,0,7,0,0,0,1,168,0,2.0000,-1,23,14,14,0,51
277.2849,2,0,7,0,0,0,1,168,0,2.0000,-1,23,14,14,0,51
277.3004,2,0,7,0,0,0,1,168,0,2.0000,-1,23,14,14,0,51
277.3234,2,0,7,0,0,0,1,168,0,2.0000,-1,23,14,14,0,51
277.3464,2,0,7,0,0,0,1,168,0,2.0000,-1,23,14,14,0,51
277.3675,2,0,7,0,0,0,1,168,0,2.0000,-1,23,14,14,0,51
277.3897,2,0,7,0,0,0,1,168,1,3.0000,-1,23,14,14,0,51
277.4103,2,0,7,0,0,0,1,168,0,3.0000,-1,23,14,14,0,51
277.4319,2,0,7,0,0,0,0,-1,0,3.0000,-1,23,14,14,0,51
277.4519,2,0,7,0,0,0,0,-1,0,3.0000,-1,23,14,14,0,51
277.4743,2,0,7,0,0,0,0,-1,0,3.0000,-1,23,14,14,0,51
277.4984,2,0,7,0,0,0,0,-1,0,3.0000,-1,23,14,14,0,51
277.5217,2,0,7,0,0,0,0,-1,0,3.0000,-1,23,14,14,0,51
277.5436,2,0,7,0,0,0,0,-1,0,3.0000,-1,23,14,14,0,51
277.5656,2,0,7,0,0,0,0,-1,0,3.0000,-1,23,14,14,0,51
277.5875,2,0,7,0,0,0,0,-1,0,3.0000,-1,23,14,14,0,51
277.6114,2,0,7,0,0,0,0,-1,0,3.0000,-1,23,14,14,0,51
277.6333,2,0,7,0,0,0,0,-1,0,2.0000,-1,23,14,14,0,51
277.6559,2,0,7,0,0,0,0,-1,0,2.0000,-1,23,14,14,0,51
277.6791,2,0,7,0,0,0,0,-1,0,2.0000,-1,23,14,14,0,51
277.696,2,0,7,0,0,0,0,-1,0,2.0000,-1,23,14,14,0,51
277.7139,2,0,7,0,0,0,0,-1,0,2.0000,-1,23,14,14,0,51
277.7324,2,0,7,0,0,0,0,-1,0,2.0000,-1,23,14,14,0,51
277.7541,2,0,7,0,0,0,0,-1,0,2.0000,-1,23,14,14,0,51
277.7747,2,0,7,0,0,0,0,-1,0,2.0000,-1,23,14,14,0,51
277.7968,2,0,7,0,0,0,0,-1,0,2.0000,-1,23,14,14,0,51
277.8194,2,0,7,0,0,0,0,-1,0,2.0000,-1,23,14,14,0,51
277.8399,2,0,7,0,0,0,0,-1,0,2.0000,-1,23,14,14,0,51
277.8608,2,0,7,0,0,0,0,-1,0,2.0000,-1,23,14,14,0,51
277.8824,2,0,7,0,0,0,0,-1,0,2.0000,-1,23,14,14,0,51
277.9027,2,0,7,0,0,0,0,-1,0,2.0000,-1,23,14,14,0,51
277.9255,2,0,7,0,0,0,0,-1,0,2.0000,-1,23,14,14,0,51
277.9467,2,0,7,0,0,0,0,-1,0,2.0000,-1,23,14,14,0,51
277.968,2,0,7,0,0,0,0,-1,0,2.0000,-1,23,14,14,0,51
277.9899,2,0,7,0,0,0,0,-1,0,2.0000,-1,23,14,14,0,51
278.0122,2,0,7,0,0,0,0,-1,0,1.0000,-1,23,14,14,0,51
278.0284,2,0,7,0,0,0,0,-1,0,1.0000,-1,23,14,14,0,51
278.047,2,0,7,0,0,0,0,-1,0,1.0000,-1,23,14,14,0,51
278.0821,2,0,7,0,0,0,0,-1,0,1.0000,-1,23,14,14,0,51
278.1,2,0,7,0,0,0,0,-1,0,1.0000,-1,23,14,14,0,51
278.1198,2,0,7,0,0,0,0,-1,0,1.0000,-1,23,14,14,0,51
278.134,2,0,7,0,0,0,0,-1,0,1.0000,-1,23,14,14,0,51
278.1561,2,0,7,0,0,0,0,-1,1,2.0000,-1,23,14,14,0,51
278.1784,2,0,7,0,0,0,0,-1,0,2.0000,-1,23,14,14,0,51
278.1993,2,0,7,0,0,0,0,-1,0,2.0000,-1,23,14,14,0,51
278.2222,2,0,7,0,0,0,0,-1,0,2.0000,-1,23,14,14,0,51
278.2458,2,0,7,0,0,0,0,-1,0,2.0000,-1,23,14,14,0,51
278.269,2,0,7,0,0,0,0,-1,0,2.0000,-1,23,14,14,0,51
278.2903,2,0,7,0,0,0,0,-1,0,2.0000,-1,23,14,14,0,51
278.3117,2,0,7,0,0,0,0,-1,0,2.0000,-1,23,14,14,0,51
278.3325,2,0,7,0,0,0,0,-1,0,2.0000,-1,23,14,14,0,51
278.3551,2,0,7,0,0,0,0,-1,0,2.0000,-1,23,14,14,0,51
278.3784,2,0,7,0,0,0,0,-1,0,2.0000,-1,23,14,14,0,51
278.3982,2,0,7,0,0,0,0,-1,0,1.0000,-1,23,14,14,0,51
278.4218,2,0,7,0,0,0,0,-1,0,1.0000,-1,23,14,14,0,51
278.4438,2,0,7,0,0,0,0,-1,0,1.0000,-1,23,14,14,0,51
278.4657,2,0,7,0,0,0,0,-1,0,1.0000,-1,23,14,14,0,51
278.4876,2,0,7,0,0,0,0,-1,0,1.0000,-1,23,14,14,0,51
278.5123,2,0,7,0,0,0,0,-1,0,1.0000,-1,23,14,14,0,51
278.5308,2,0,7,0,0,0,0,-1,0,1.0000,-1,23,14,14,0,51
278.5503,2,0,7,0,0,0,0,-1,0,1.0000,-1,23,14,14,0,51
278.5671,2,0,7,0,0,0,0,-1,0,1.0000,-1,23,14,14,0,51
278.5868,2,0,7,0,0,0,0,-1,0,1.0000,-1,23,14,14,0,51
278.6067,2,0,7,0,0,0,0,-1,0,1.0000,-1,23,14,14,0,51
278.6303,2,0,7,0,0,0,0,-1,0,1.0000,-1,23,14,14,0,51
278.6515,2,0,7,0,0,0,0,-1,0,1.0000,-1,23,14,14,0,51
278.6726,2,0,7,0,0,0,0,-1,0,1.0000,-1,23,14,14,0,51
278.6975,2,0,7,0,0,0,0,-1,0,1.0000,-1,23,14,14,0,51
278.7205,2,0,7,0,0,0,0,-1,0,1.0000,-1,23,14,14,0,51
278.7419,2,0,7,0,0,0,0,-1,0,1.0000,-1,23,14,14,0,51
278.7598,2,0,7,0,0,0,0,-1,0,1.0000,-1,23,14,14,0,51
278.7803,2,0,7,0,0,0,0,-1,0,1.0000,-1,23,14,14,0,51
278.8025,2,0,7,0,0,0,0,-1,0,1.0000,-1,23,14,14,0,51
278.8252,2,0,7,0,0,0,0,-1,0,1.0000,-1,23,14,14,0,51
278.8472,2,0,7,0,0,0,0,-1,0,1.0000,-1,23,14,14,0,51
278.8684,2,0,7,0,0,0,0,-1,0,1.0000,-1,23,14,14,0,51
278.8894,2,0,7,0,0,0,0,-1,0,1.0000,-1,23,14,14,0,51
278.9111,2,0,7,0,0,0,0,-1,0,1.0000,-1,23,14,14,0,51
278.9323,2,0,7,0,0,0,0,-1,0,1.0000,-1,23,14,14,0,51
278.9543,2,0,7,0,0,0,0,-1,0,1.0000,-1,23,14,14,0,51
278.9773,2,0,7,0,0,0,0,-1,0,1.0000,-1,23,14,14,0,51
278.9985,2,0,7,0,0,0,0,-1,0,1.0000,-1,23,14,14,0,51
279.0201,2,0,7,0,0,0,0,-1,0,1.0000,-1,23,14,14,0,51
279.0422,2,0,7,0,0,0,0,-1,0,1.0000,-1,23,14,14,0,51
279.0614,2,0,7,0,0,0,0,-1,0,1.0000,-1,23,14,14,0,51
279.0834,2,0,7,0,0,0,0,-1,0,1.0000,-1,23,14,14,0,51
279.1058,2,0,7,0,0,0,0,-1,0,1.0000,-1,23,14,14,0,51
279.1263,2,0,7,0,0,0,0,-1,0,1.0000,-1,23,14,14,0,51
279.1534,2,0,7,0,0,0,0,-1,0,1.0000,-1,23,14,14,0,51
279.1729,2,0,7,0,0,0,0,-1,0,0.0000,-1,23,14,14,0,51
279.1956,2,0,7,0,0,0,0,-1,0,0.0000,-1,23,14,14,0,51
279.2168,2,0,7,0,0,0,0,-1,0,0.0000,-1,23,14,14,0,51
279.236,2,0,7,0,0,0,0,-1,0,0.0000,-1,23,14,14,0,51
279.2581,2,0,7,0,0,0,0,-1,1,1.0000,-1,23,14,14,0,51
279.2797,2,0,7,0,0,0,0,-1,0,1.0000,-1,23,14,14,0,51
279.3007,2,0,7,0,0,0,0,-1,0,1.0000,-1,23,14,14,0,51
279.3232,2,0,7,0,0,0,0,-1,0,1.0000,-1,23,14,14,0,51
279.3431,2,0,7,0,0,0,0,-1,0,1.0000,-1,23,14,14,0,51
279.364,2,0,7,0,0,0,0,-1,0,1.0000,-1,23,14,14,0,51
279.3845,2,0,7,0,0,0,1,169,0,1.0000,-1,23,14,14,0,51
279.407,2,0,7,0,0,0,1,169,0,1.0000,-1,23,14,14,0,51
279.4292,2,0,7,0,0,0,1,169,0,1.0000,-1,23,14,14,0,51
279.4505,2,0,7,0,0,0,1,169,0,1.0000,-1,23,14,14,0,51
279.4725,2,0,7,0,0,0,1,169,0,1.0000,-1,23,14,14,0,51
279.4944,2,0,7,0,0,0,1,169,0,1.0000,-1,23,14,14,0,51
279.5177,2,0,7,0,0,0,0,-1,0,1.0000,169,23,15,14,0,52
279.5421,2,0,7,0,0,0,0,-1,0,1.0000,-1,23,15,14,0,52
279.5603,2,0,7,1,0,0,0,-1,0,1.0000,-1,23,15,14,0,52
279.5895,2,0,7,1,0,0,0,-1,0,1.0000,-1,23,15,14,0,52
279.6061,2,0,7,1,0,0,0,-1,0,1.0000,-1,23,15,14,0,52
279.6232,2,0,7,1,0,0,0,-1,0,1.0000,-1,23,15,14,0,52
279.639,2,0,7,1,0,0,0,-1,0,1.0000,-1,23,15,14,0,52
279.6575,2,0,7,1,0,0,0,-1,0,1.0000,-1,23,15,14,0,52
279.6805,2,0,7,1,0,0,0,-1,0,1.0000,-1,23,15,14,0,52
279.7006,2,0,7,1,0,0,0,-1,0,1.0000,-1,23,15,14,0,52
279.7206,2,0,7,1,0,0,0,-1,0,1.0000,-1,23,15,14,0,52
279.7429,2,0,7,1,0,0,0,-1,0,1.0000,-1,23,15,14,0,52
279.7632,2,0,7,1,0,0,0,-1,0,1.0000,-1,23,15,14,0,52
279.8017,2,0,7,1,0,0,0,-1,0,1.0000,-1,23,15,14,0,52
279.8149,2,0,7,1,0,0,0,-1,0,1.0000,-1,23,15,14,0,52
279.8285,2,0,7,1,0,0,0,-1,0,1.0000,-1,23,15,14,0,52
279.8493,2,0,7,1,0,0,0,-1,0,1.0000,-1,23,15,14,0,52
279.8698,2,0,7,1,0,0,0,-1,0,1.0000,-1,23,15,14,0,52
279.8903,2,0,7,1,0,0,0,-1,0,1.0000,-1,23,15,14,0,52
279.9108,2,0,7,1,0,0,0,-1,0,1.0000,-1,23,15,14,0,52
279.9338,2,0,7,1,0,0,0,-1,0,1.0000,-1,23,15,14,0,52
279.9531,2,0,7,1,0,0,0,-1,0,1.0000,-1,23,15,14,0,52
279.9773,2,0,7,1,0,0,0,-1,0,1.0000,-1,23,15,14,0,52
280.0135,2,0,7,1,0,0,0,-1,0,1.0000,-1,23,15,14,0,52
280.027,2,0,7,1,0,0,0,-1,0,1.0000,-1,23,15,14,0,52
280.0415,2,0,7,1,0,0,0,-1,0,1.0000,-1,23,15,14,0,52
280.0606,2,0,7,1,0,0,0,-1,0,1.0000,-1,23,15,14,0,52
280.0829,2,0,7,1,0,0,0,-1,0,1.0000,-1,23,15,14,0,52
280.1037,2,0,7,1,0,0,0,-1,0,1.0000,-1,23,15,14,0,52
280.1232,2,0,7,1,0,0,0,-1,0,1.0000,-1,23,15,14,0,52
280.1459,2,0,7,1,0,0,0,-1,0,1.0000,-1,23,15,14,0,52
280.1685,2,0,7,1,0,0,0,-1,0,1.0000,-1,23,15,14,0,52
280.1894,2,0,7,1,0,0,0,-1,0,1.0000,-1,23,15,14,0,52
280.2279,2,0,7,1,0,0,0,-1,0,1.0000,-1,23,15,14,0,52
280.2417,2,0,7,1,0,0,0,-1,0,1.0000,-1,23,15,14,0,52
280.2569,2,0,7,1,0,0,0,-1,0,1.0000,-1,23,15,14,0,52
280.2795,2,0,7,1,0,0,0,-1,0,0.0000,-1,23,15,14,0,52
280.3031,2,0,7,1,0,0,0,-1,0,0.0000,-1,23,15,14,0,52
280.3236,2,0,7,1,0,0,0,-1,0,0.0000,-1,23,15,14,0,52
280.3473,2,0,7,1,0,0,0,-1,0,0.0000,-1,23,15,14,0,52
280.3692,2,0,7,1,0,0,0,-1,0,0.0000,-1,23,15,14,0,52
280.3934,2,0,7,1,0,0,0,-1,0,0.0000,-1,23,15,14,0,52
280.4149,2,0,7,1,0,0,0,-1,0,0.0000,-1,23,15,14,0,52
280.4351,2,0,7,1,0,0,0,-1,0,0.0000,-1,23,15,14,0,52
280.458,2,0,7,1,0,0,0,-1,0,0.0000,-1,23,15,14,0,52
280.4791,2,0,7,1,0,0,0,-1,0,0.0000,-1,23,15,14,0,52
280.504,2,0,7,1,0,0,0,-1,0,0.0000,-1,23,15,14,0,52
280.5265,2,0,7,1,0,0,0,-1,0,0.0000,-1,23,15,14,0,52
280.5515,2,0,7,1,0,0,0,-1,0,0.0000,-1,23,15,14,0,52
280.5712,2,0,7,1,0,0,0,-1,0,0.0000,-1,23,15,14,0,52
280.5931,2,0,7,1,0,0,0,-1,0,0.0000,-1,23,15,14,0,52
280.6156,2,0,7,1,0,0,0,-1,0,0.0000,-1,23,15,14,0,52
280.6389,2,0,7,1,0,0,0,-1,0,0.0000,-1,23,15,14,0,52
280.6604,2,0,7,1,0,0,0,-1,0,0.0000,-1,23,15,14,0,52
280.6839,2,0,7,1,0,0,0,-1,0,0.0000,-1,23,15,14,0,52
280.7065,2,0,7,1,0,0,0,-1,0,0.0000,-1,23,15,14,0,52
280.7283,2,0,7,1,0,0,0,-1,0,0.0000,-1,23,15,14,0,52
280.7514,2,0,7,1,0,0,0,-1,0,0.0000,-1,23,15,14,0,52
280.7743,2,0,7,1,0,0,0,-1,0,0.0000,-1,23,15,14,0,52
280.7974,2,0,7,1,0,0,0,-1,0,0.0000,-1,23,15,14,0,52
280.8213,2,0,7,1,0,0,0,-1,0,0.0000,-1,23,15,14,0,52
280.8423,2,0,7,1,0,0,0,-1,0,0.0000,-1,23,15,14,0,52
280.8656,2,0,7,1,0,0,0,-1,0,0.0000,-1,23,15,14,0,52
280.887,2,0,7,1,0,0,0,-1,0,0.0000,-1,23,15,14,0,52
280.9073,2,0,7,1,0,0,0,-1,0,0.0000,-1,23,15,14,0,52
280.9293,2,0,7,1,0,0,0,-1,0,0.0000,-1,23,15,14,0,52
280.9502,2,0,7,1,0,0,0,-1,0,0.0000,-1,23,15,14,0,52
280.971,2,0,7,1,0,0,0,-1,0,0.0000,-1,23,15,14,0,52
280.9941,2,0,7,1,0,0,0,-1,1,1.0000,-1,23,15,14,0,52
281.0149,2,0,7,1,0,0,0,-1,0,1.0000,-1,23,15,14,0,52
281.0355,2,0,7,1,0,0,0,-1,1,2.0000,-1,23,15,14,0,52
281.0571,2,0,7,1,0,0,0,-1,0,2.0000,-1,23,15,14,0,52
281.0787,2,0,7,1,0,0,1,172,0,2.0000,-1,23,15,14,0,52
281.0989,2,0,7,1,0,0,1,172,0,2.0000,-1,23,15,14,0,52
281.1216,2,0,7,1,0,0,1,172,0,2.0000,-1,23,15,14,0,52
281.1453,2,0,7,1,0,0,1,172,0,2.0000,-1,23,15,14,0,52
281.1635,2,0,7,1,0,0,1,172,0,2.0000,-1,23,15,14,0,52
281.1828,2,0,7,1,0,0,1,172,0,2.0000,-1,23,15,14,0,52
281.2082,2,0,7,0,0,0,1,172,0,2.0000,-1,23,15,14,0,52
281.2298,2,0,7,0,0,0,1,172,0,2.0000,-1,23,15,14,0,52
281.2538,2,0,7,0,0,0,1,172,0,2.0000,-1,23,15,14,0,52
281.2696,2,0,7,0,0,0,1,172,0,2.0000,-1,23,15,14,0,52
281.2864,2,0,7,0,0,0,1,172,0,2.0000,-1,23,15,14,0,52
281.306,2,0,7,0,0,0,1,172,0,2.0000,-1,23,15,14,0,52
281.3249,2,0,7,0,0,0,1,172,0,2.0000,-1,23,15,14,0,52
281.3483,2,0,7,0,0,0,1,172,0,2.0000,-1,23,15,14,0,52
281.3689,2,0,7,0,0,0,1,172,0,2.0000,-1,23,15,14,0,52
281.3923,2,0,7,0,0,0,1,172,0,2.0000,-1,23,15,14,0,52
281.4147,2,0,7,0,0,0,1,172,0,2.0000,-1,23,15,14,0,52
281.4352,2,0,7,0,0,0,1,172,0,2.0000,-1,23,15,14,0,52
281.4583,2,0,7,0,0,0,1,172,0,2.0000,-1,23,15,14,0,52
281.4781,2,0,7,0,0,0,1,172,0,2.0000,-1,23,15,14,0,52
281.499,2,0,7,0,0,0,1,172,0,2.0000,-1,23,15,14,0,52
281.5192,2,0,7,0,0,0,1,172,0,2.0000,-1,23,15,14,0,52
281.5394,2,0,7,0,0,0,1,172,0,2.0000,-1,23,15,14,0,52
281.5594,2,0,7,0,0,0,1,172,0,2.0000,-1,23,15,14,0,52
281.5792,2,0,7,0,0,0,1,172,0,2.0000,-1,23,15,14,0,52
281.6,2,0,7,0,0,0,1,172,0,2.0000,-1,23,15,14,0,52
281.6219,2,0,7,0,0,0,1,172,0,2.0000,-1,23,15,14,0,52
281.6413,2,0,7,0,0,0,1,172,0,2.0000,-1,23,15,14,0,52
281.6688,2,0,7,0,0,0,1,172,0,2.0000,-1,23,15,14,0,52
281.6885,2,0,7,0,0,0,1,172,0,2.0000,-1,23,15,14,0,52
281.7094,2,0,7,0,0,0,1,172,0,2.0000,-1,23,15,14,0,52
281.728,2,0,7,0,0,0,1,172,0,2.0000,-1,23,15,14,0,52
281.7441,2,0,7,0,0,0,1,172,0,2.0000,-1,23,15,14,0,52
281.7636,2,0,7,0,0,0,1,172,0,2.0000,-1,23,15,14,0,52
281.7818,2,0,7,0,0,0,1,172,0,2.0000,-1,23,15,14,0,52
281.8017,2,0,7,0,0,0,1,172,0,2.0000,-1,23,15,14,0,52
281.8229,2,0,7,0,0,0,1,172,0,2.0000,-1,23,15,14,0,52
281.8427,2,0,7,0,0,0,1,172,0,2.0000,-1,23,15,14,0,52
281.8729,2,0,7,0,0,0,1,172,0,2.0000,-1,23,15,14,0,52
281.8881,2,0,7,0,0,0,1,172,0,2.0000,-1,23,15,14,0,52
281.904,2,0,7,0,0,0,1,172,1,3.0000,-1,23,15,14,0,52
281.92,2,0,7,0,0,0,1,172,0,3.0000,-1,23,15,14,0,52
281.9384,2,0,7,0,0,0,0,-1,0,3.0000,-1,23,15,14,0,52
281.9591,2,0,7,0,0,0,0,-1,0,3.0000,-1,23,15,14,0,52
281.978,2,0,7,0,0,0,0,-1,0,3.0000,-1,23,15,14,0,52
281.9999,2,0,7,0,0,0,0,-1,0,2.0000,-1,23,15,14,0,52
282.02,2,0,7,0,0,0,0,-1,0,2.0000,-1,23,15,14,0,52
282.0394,2,0,7,0,0,0,0,-1,0,1.0000,-1,23,15,14,0,52
282.0589,2,0,7,0,0,0,0,-1,0,1.0000,-1,23,15,14,0,52
282.0791,2,0,7,0,0,0,0,-1,0,1.0000,-1,23,15,14,0,52
282.1008,2,0,7,0,0,0,0,-1,0,1.0000,-1,23,15,14,0,52
282.1242,2,0,7,0,0,0,0,-1,0,1.0000,-1,23,15,14,0,52
282.1457,2,0,7,0,0,0,0,-1,0,1.0000,-1,23,15,14,0,52
282.1685,2,0,7,0,0,0,0,-1,0,1.0000,-1,23,15,14,0,52
282.1898,2,0,7,0,0,0,0,-1,0,1.0000,-1,23,15,14,0,52
282.2116,2,0,7,0,0,0,0,-1,0,1.0000,-1,23,15,14,0,52
282.2318,2,0,7,0,0,0,0,-1,0,1.0000,-1,23,15,14,0,52
282.2516,2,0,7,0,0,0,0,-1,0,1.0000,-1,23,15,14,0,52
282.2706,2,0,7,0,0,0,0,-1,0,1.0000,-1,23,15,14,0,52
282.2914,2,0,7,0,0,0,0,-1,0,1.0000,-1,23,15,14,0,52
282.3122,2,0,7,0,0,0,0,-1,0,1.0000,-1,23,15,14,0,52
282.3336,2,0,7,0,0,0,0,-1,0,1.0000,-1,23,15,14,0,52
282.3542,2,0,7,0,0,0,0,-1,0,1.0000,-1,23,15,14,0,52
282.375,2,0,7,0,0,0,0,-1,0,1.0000,-1,23,15,14,0,52
282.3976,2,0,7,0,0,0,0,-1,0,1.0000,-1,23,15,14,0,52
282.4202,2,0,7,0,0,0,0,-1,0,1.0000,-1,23,15,14,0,52
282.4419,2,0,7,0,0,0,0,-1,0,1.0000,-1,23,15,14,0,52
282.4621,2,0,7,0,0,0,0,-1,0,1.0000,-1,23,15,14,0,52
282.4854,2,0,7,0,0,0,0,-1,0,1.0000,-1,23,15,14,0,52
282.5052,2,0,7,0,0,0,0,-1,0,1.0000,-1,23,15,14,0,52
282.5271,2,0,7,0,0,0,0,-1,0,1.0000,-1,23,15,14,0,52
282.5456,2,0,7,0,0,0,0,-1,0,1.0000,-1,23,15,14,0,52
282.5677,2,0,7,0,0,0,0,-1,0,1.0000,-1,23,15,14,0,52
282.5884,2,0,7,0,0,0,0,-1,0,1.0000,-1,23,15,14,0,52
282.6092,2,0,7,0,0,0,0,-1,0,1.0000,-1,23,15,14,0,52
282.6281,2,0,7,0,0,0,0,-1,0,1.0000,-1,23,15,14,0,52
282.6477,2,0,7,0,0,0,0,-1,0,1.0000,-1,23,15,14,0,52
282.6685,2,0,7,0,0,0,0,-1,0,1.0000,-1,23,15,14,0,52
282.6888,2,0,7,0,0,0,0,-1,0,1.0000,-1,23,15,14,0,52
282.7146,2,0,7,0,0,0,0,-1,0,1.0000,-1,23,15,14,0,52
282.7299,2,0,7,0,0,0,0,-1,0,1.0000,-1,23,15,14,0,52
282.7455,2,0,7,0,0,0,0,-1,0,1.0000,-1,23,15,14,0,52
282.7621,2,0,7,0,0,0,0,-1,0,1.0000,-1,23,15,14,0,52
282.7822,2,0,7,0,0,0,0,-1,0,1.0000,-1,23,15,14,0,52
282.8016,2,0,7,0,0,0,0,-1,0,1.0000,-1,23,15,14,0,52
282.823,2,0,7,0,0,0,0,-1,0,1.0000,-1,23,15,14,0,52
282.8429,2,0,7,0,0,0,0,-1,0,1.0000,-1,23,15,14,0,52
282.8624,2,0,7,0,0,0,0,-1,0,1.0000,-1,23,15,14,0,52
282.8824,2,0,7,0,0,0,0,-1,0,1.0000,-1,23,15,14,0,52
282.9009,2,0,7,0,0,0,0,-1,0,1.0000,-1,23,15,14,0,52
282.9374,2,0,7,0,0,0,0,-1,0,0.0000,-1,23,15,14,0,52
282.9522,2,0,7,0,0,0,0,-1,0,0.0000,-1,23,15,14,0,52
282.9688,2,0,7,0,0,0,0,-1,0,0.0000,-1,23,15,14,0,52
282.9853,2,0,7,0,0,0,0,-1,0,0.0000,-1,23,15,14,0,52
283.0063,2,0,7,0,0,0,0,-1,0,0.0000,-1,23,15,14,0,52
283.0264,2,0,7,0,0,0,0,-1,0,0.0000,-1,23,15,14,0,52
283.0461,2,0,7,0,0,0,0,-1,0,0.0000,-1,23,15,14,0,52
283.0661,2,0,7,0,0,0,0,-1,0,0.0000,-1,23,15,14,0,52
283.0857,2,0,7,0,0,0,0,-1,0,0.0000,-1,23,15,14,0,52
283.1071,2,0,7,0,0,0,0,-1,0,0.0000,-1,23,15,14,0,52
283.1282,2,0,7,0,0,0,0,-1,1,1.0000,-1,23,15,14,0,52
283.1525,2,0,7,0,0,0,0,-1,0,1.0000,-1,23,15,14,0,52
283.174,2,0,7,0,0,0,0,-1,0,1.0000,-1,23,15,14,0,52
283.1952,2,0,7,0,0,0,0,-1,0,1.0000,-1,23,15,14,0,52
283.2155,2,0,7,0,0,0,0,-1,0,1.0000,-1,23,15,14,0,52
283.2355,2,0,7,0,0,0,0,-1,0,1.0000,-1,23,15,14,0,52
283.2566,2,0,7,0,0,0,0,-1,0,1.0000,-1,23,15,14,0,52
283.2784,2,0,7,0,0,0,0,-1,0,1.0000,-1,23,15,14,0,52
283.2987,2,0,7,0,0,0,0,-1,0,1.0000,-1,23,15,14,0,52
283.3201,2,0,7,0,0,0,0,-1,0,1.0000,-1,23,15,14,0,52
283.3451,2,0,7,0,0,0,0,-1,0,1.0000,-1,23,15,14,0,52
283.3599,2,0,7,0,0,0,0,-1,0,1.0000,-1,23,15,14,0,52
283.3755,2,0,7,0,0,0,0,-1,0,1.0000,-1,23,15,14,0,52
283.3959,2,0,7,0,0,0,0,-1,0,1.0000,-1,23,15,14,0,52
283.4141,2,0,7,0,0,0,0,-1,0,1.0000,-1,23,15,14,0,52
283.4334,2,0,7,0,0,0,0,-1,0,1.0000,-1,23,15,14,0,52
283.4547,2,0,7,0,0,0,0,-1,0,1.0000,-1,23,15,14,0,52
283.4757,2,0,7,0,0,0,0,-1,0,1.0000,-1,23,15,14,0,52
283.4954,2,0,7,0,0,0,0,-1,0,1.0000,-1,23,15,14,0,52
283.5169,2,0,7,0,0,0,0,-1,0,1.0000,-1,23,15,14,0,52
283.5371,2,0,7,0,0,0,0,-1,0,1.0000,-1,23,15,14,0,52
283.5577,2,0,7,0,0,0,0,-1,0,1.0000,-1,23,15,14,0,52
283.5776,2,0,7,0,0,0,0,-1,0,1.0000,-1,23,15,14,0,52
283.5979,2,0,7,0,0,0,0,-1,0,1.0000,-1,23,15,14,0,52
283.6187,2,0,7,0,0,0,0,-1,0,1.0000,-1,23,15,14,0,52
283.639,2,0,7,0,0,0,0,-1,0,1.0000,-1,23,15,14,0,52
283.6588,2,0,7,0,0,0,0,-1,0,1.0000,-1,23,15,14,0,52
283.6784,2,0,7,0,0,0,0,-1,0,1.0000,-1,23,15,14,0,52
283.699,2,0,7,0,0,0,0,-1,0,1.0000,-1,23,15,14,0,52
283.7198,2,0,7,0,0,0,0,-1,0,1.0000,-1,23,15,14,0,52
283.738,2,0,7,0,0,0,0,-1,0,1.0000,-1,23,15,14,0,52
283.7552,2,0,7,0,0,0,0,-1,0,1.0000,-1,23,15,14,0,52
283.7704,2,0,7,0,0,0,0,-1,0,1.0000,-1,23,15,14,0,52
283.7868,2,0,7,0,0,0,0,-1,0,1.0000,-1,23,15,14,0,52
283.8033,2,0,7,0,0,0,0,-1,0,1.0000,-1,23,15,14,0,52
283.8214,2,0,7,0,0,0,0,-1,0,1.0000,-1,23,15,14,0,52
283.8411,2,0,7,0,0,0,0,-1,0,1.0000,-1,23,15,14,0,52
283.8614,2,0,7,0,0,0,0,-1,1,2.0000,-1,23,15,14,0,52
283.8817,2,0,7,0,0,0,0,-1,0,2.0000,-1,23,15,14,0,52
283.9009,2,0,7,0,0,0,0,-1,0,2.0000,-1,23,15,14,0,52
283.9235,2,0,7,0,0,0,0,-1,0,2.0000,-1,23,15,14,0,52
283.9432,2,0,7,0,0,0,0,-1,0,2.0000,-1,23,15,14,0,52
283.9719,2,0,7,0,0,0,0,-1,0,2.0000,-1,23,15,14,0,52
283.9911,2,0,7,0,0,0,0,-1,0,2.0000,-1,23,15,14,0,52
284.0074,2,0,7,0,0,0,0,-1,0,2.0000,-1,23,15,14,0,52
284.0238,2,0,7,0,0,0,0,-1,0,2.0000,-1,23,15,14,0,52
284.0427,2,0,7,0,0,0,0,-1,0,2.0000,-1,23,15,14,0,52
284.0622,2,0,7,0,0,0,0,-1,0,2.0000,-1,23,15,14,0,52
284.0825,2,0,7,0,0,0,0,-1,0,2.0000,-1,23,15,14,0,52
284.1031,2,0,7,0,0,0,0,-1,0,2.0000,-1,23,15,14,0,52
284.126,2,0,7,0,0,0,0,-1,0,2.0000,-1,23,15,14,0,52
284.1465,2,0,7,0,0,0,0,-1,0,1.0000,-1,23,15,14,0,52
284.1717,2,0,7,0,0,0,0,-1,0,1.0000,-1,23,15,14,0,52
284.1852,2,0,7,0,0,0,0,-1,0,1.0000,-1,23,15,14,0,52
284.2008,2,0,7,0,0,0,0,-1,0,1.0000,-1,23,15,14,0,52
284.2167,2,0,7,0,0,0,0,-1,0,1.0000,-1,23,15,14,0,52
284.2371,2,0,7,0,0,0,0,-1,0,1.0000,-1,23,15,14,0,52
284.2556,2,0,7,0,0,0,0,-1,1,2.0000,-1,23,15,14,0,52
284.2747,2,0,7,0,0,0,0,-1,0,2.0000,-1,23,15,14,0,52
284.2953,2,0,7,0,0,0,0,-1,0,2.0000,-1,23,15,14,0,52
284.3157,2,0,7,0,0,0,0,-1,0,2.0000,-1,23,15,14,0,52
284.3342,2,0,7,0,0,0,0,-1,0,2.0000,-1,23,15,14,0,52
284.3535,2,0,7,0,0,0,0,-1,0,2.0000,-1,23,15,14,0,52
284.3732,2,0,7,0,0,0,0,-1,0,2.0000,-1,23,15,14,0,52
284.3943,2,0,7,0,0,0,0,-1,0,2.0000,-1,23,15,14,0,52
284.4147,2,0,7,0,0,0,0,-1,0,2.0000,-1,23,15,14,0,52
284.4353,2,0,7,0,0,0,0,-1,0,2.0000,-1,23,15,14,0,52
284.4554,2,0,7,0,0,0,0,-1,0,2.0000,-1,23,15,14,0,52
284.4771,2,0,7,0,0,0,0,-1,1,3.0000,-1,23,15,14,0,52
284.4982,2,0,7,0,0,0,0,-1,0,3.0000,-1,23,15,14,0,52
284.5207,2,0,7,0,0,0,0,-1,0,3.0000,-1,23,15,14,0,52
284.5424,2,0,7,0,0,0,0,-1,0,3.0000,-1,23,15,14,0,52
284.5607,2,0,7,0,0,0,0,-1,0,3.0000,-1,23,15,14,0,52
284.5797,2,0,7,0,0,0,0,-1,0,3.0000,-1,23,15,14,0,52
284.5946,2,0,7,0,0,0,0,-1,0,3.0000,-1,23,15,14,0,52
284.6133,2,0,7,0,0,0,0,-1,0,3.0000,-1,23,15,14,0,52
284.6325,2,0,7,0,0,0,0,-1,0,3.0000,-1,23,15,14,0,52
284.6519,2,0,7,0,0,0,0,-1,0,3.0000,-1,23,15,14,0,52
284.6735,2,0,7,0,0,0,0,-1,0,3.0000,-1,23,15,14,0,52
284.694,2,0,7,0,0,0,0,-1,0,3.0000,-1,23,15,14,0,52
284.7153,2,0,7,0,0,0,1,179,1,4.0000,-1,23,15,14,0,52
284.7368,2,0,7,0,0,0,1,179,0,4.0000,-1,23,15,14,0,52
284.7576,2,0,7,0,0,0,1,179,0,4.0000,-1,23,15,14,0,52
284.7786,2,0,7,0,0,0,1,179,0,4.0000,-1,23,15,14,0,52
284.7995,2,0,7,0,0,0,1,179,0,4.0000,-1,23,15,14,0,52
284.8195,2,0,7,0,0,0,1,179,0,4.0000,-1,23,15,14,0,52
284.8403,2,0,7,0,0,0,1,179,0,4.0000,-1,23,15,14,0,52
284.8609,2,0,7,0,0,0,1,179,0,4.0000,-1,23,15,14,0,52
284.8784,2,0,7,0,0,0,1,179,0,3.0000,-1,23,15,14,0,52
284.895,2,0,7,0,0,0,1,179,0,3.0000,-1,23,15,14,0,52
284.9143,2,0,7,0,0,0,1,179,0,3.0000,-1,23,15,14,0,52
284.9355,2,0,7,0,0,0,1,179,0,3.0000,-1,23,15,14,0,52
284.9568,2,0,7,0,0,0,1,179,0,3.0000,-1,23,15,14,0,52
284.9787,2,0,7,0,0,0,1,179,1,4.0000,-1,23,15,14,0,52
284.9999,2,0,7,0,0,0,1,179,0,4.0000,-1,23,15,14,0,52
285.0203,2,0,7,0,0,0,0,-1,0,4.0000,-1,23,15,14,0,52
285.0412,2,0,7,0,0,0,0,-1,0,4.0000,-1,23,15,14,0,52
285.0615,2,0,7,0,0,0,0,-1,0,4.0000,-1,23,15,14,0,52
285.0832,2,0,7,0,0,0,0,-1,0,4.0000,-1,23,15,14,0,52
285.1042,2,0,7,0,0,0,0,-1,0,4.0000,-1,23,15,14,0,52
285.1245,2,0,7,0,0,0,0,-1,0,4.0000,-1,23,15,14,0,52
285.1449,2,0,7,0,0,0,0,-1,0,4.0000,-1,23,15,14,0,52
285.1664,2,0,7,0,0,0,0,-1,0,4.0000,-1,23,15,14,0,52
285.186,2,0,7,0,0,0,0,-1,0,4.0000,-1,23,15,14,0,52
285.2067,2,0,7,0,0,0,0,-1,0,4.0000,-1,23,15,14,0,52
285.2261,2,0,7,0,0,0,0,-1,0,4.0000,-1,23,15,14,0,52
285.2471,2,0,7,0,0,0,1,178,0,4.0000,-1,23,15,14,0,52
285.2679,2,0,7,0,0,0,1,178,0,3.0000,-1,23,15,14,0,52
285.2861,2,0,7,0,0,0,1,178,0,3.0000,-1,23,15,14,0,52
285.3049,2,0,7,0,0,0,1,178,0,3.0000,-1,23,15,14,0,52
285.3251,2,0,7,0,0,0,1,178,0,3.0000,-1,23,15,14,0,52
285.3421,2,0,7,0,0,0,1,178,0,3.0000,-1,23,15,14,0,52
285.3589,2,0,7,0,0,0,1,178,0,3.0000,-1,23,15,14,0,52
285.3735,2,0,7,0,0,0,1,178,0,3.0000,-1,23,15,14,0,52
285.396,2,0,7,0,0,0,1,178,0,3.0000,-1,23,15,14,0,52
285.4323,2,0,7,0,0,0,1,178,0,3.0000,-1,23,15,14,0,52
285.4524,2,0,7,0,0,0,1,178,0,3.0000,-1,23,15,14,0,52
285.4689,2,0,7,0,0,0,1,178,0,3.0000,-1,23,15,14,0,52
285.4886,2,0,7,0,0,0,1,178,0,2.0000,-1,23,15,14,0,52
285.5059,2,0,7,0,0,0,1,178,0,2.0000,-1,23,15,14,0,52
285.5241,2,0,7,0,0,0,1,178,0,2.0000,-1,23,15,14,0,52
285.5424,2,0,7,0,0,0,1,178,0,2.0000,-1,23,15,14,0,52
285.5631,2,0,7,0,0,0,1,178,0,2.0000,-1,23,15,14,0,52
285.5823,2,0,7,0,0,0,1,178,0,2.0000,-1,23,15,14,0,52
285.6018,2,0,7,0,0,0,1,178,0,2.0000,-1,23,15,14,0,52
285.6376,2,0,7,0,0,0,1,178,0,2.0000,-1,23,15,14,0,52
285.6519,2,0,7,0,0,0,1,178,1,3.0000,-1,23,15,14,0,52
285.6688,2,0,7,0,0,0,1,178,0,3.0000,-1,23,15,14,0,52
285.6875,2,0,7,0,0,0,0,-1,0,3.0000,-1,23,15,14,0,52
285.7073,2,0,7,0,0,0,0,-1,1,4.0000,-1,23,15,14,0,52
285.7268,2,0,7,0,0,0,0,-1,0,3.0000,-1,23,15,14,0,52
285.7454,2,0,7,0,0,0,1,182,0,3.0000,-1,23,15,14,0,52
285.7655,2,0,7,0,0,0,1,182,0,3.0000,-1,23,15,14,0,52
285.7852,2,0,7,0,0,0,1,182,0,3.0000,-1,23,15,14,0,52
285.8062,2,0,7,0,0,0,1,179,0,3.0000,-1,23,15,14,0,52
285.8298,2,0,7,0,0,0,1,179,0,3.0000,-1,23,15,14,0,52
285.8505,2,0,7,0,0,0,1,179,0,3.0000,-1,23,15,14,0,52
285.8735,2,0,7,0,0,0,1,182,0,3.0000,-1,23,15,14,0,52
285.8937,2,0,7,0,0,0,1,182,0,3.0000,-1,23,15,14,0,52
285.9137,2,0,7,0,0,0,1,182,0,3.0000,-1,23,15,14,0,52
285.9352,2,0,7,0,0,0,1,182,0,3.0000,-1,23,15,14,0,52
285.9566,2,0,7,0,0,0,1,182,0,3.0000,-1,23,15,14,0,52
285.9773,2,0,7,0,0,0,1,182,0,3.0000,-1,23,15,14,0,52
285.9987,2,0,7,0,0,0,1,182,0,2.0000,-1,23,15,14,0,52
286.0205,2,0,7,0,0,0,1,182,0,2.0000,-1,23,15,14,0,52
286.0417,2,0,7,0,0,0,1,182,0,2.0000,-1,23,15,14,0,52
286.0589,2,0,7,0,0,0,1,182,0,2.0000,-1,23,15,14,0,52
286.0755,2,0,7,0,0,0,1,182,0,2.0000,-1,23,15,14,0,52
286.0951,2,0,7,0,0,0,1,182,0,2.0000,-1,23,15,14,0,52
286.1136,2,0,7,0,0,0,1,182,0,2.0000,-1,23,15,14,0,52
286.134,2,0,7,0,0,0,1,182,0,2.0000,-1,23,15,14,0,52
286.1545,2,0,7,0,0,0,1,182,1,3.0000,-1,23,15,14,0,52
286.1763,2,0,7,0,0,0,1,182,0,3.0000,-1,23,15,14,0,52
286.1942,2,0,7,0,0,0,1,182,0,3.0000,-1,23,15,14,0,52
286.2127,2,0,7,0,0,0,1,182,0,3.0000,-1,23,15,14,0,52
286.2308,2,0,7,0,0,0,1,182,0,3.0000,-1,23,15,14,0,52
286.2504,2,0,7,0,0,0,1,182,0,3.0000,-1,23,15,14,0,52
286.2686,2,0,7,0,0,0,1,182,0,3.0000,-1,23,15,14,0,52
286.2861,2,0,7,0,0,0,1,182,0,3.0000,-1,23,15,14,0,52
286.3027,2,0,7,0,0,0,1,182,0,3.0000,-1,23,15,14,0,52
286.3203,2,0,7,0,0,0,1,182,0,3.0000,-1,23,15,14,0,52
286.3382,2,0,7,0,0,0,1,182,0,3.0000,-1,23,15,14,0,52
286.3541,2,0,7,0,0,0,1,182,0,3.0000,-1,23,15,14,0,52
286.3741,2,0,7,0,0,0,1,182,0,3.0000,-1,23,15,14,0,52
286.3936,2,0,7,0,0,0,1,182,0,3.0000,-1,23,15,14,0,52
286.4133,2,0,7,0,0,0,1,182,0,3.0000,-1,23,15,14,0,52
286.4323,2,0,7,0,0,0,1,182,0,3.0000,-1,23,15,14,0,52
286.4632,2,0,7,0,0,0,1,182,0,3.0000,-1,23,15,14,0,52
286.4803,2,0,7,0,0,0,1,182,0,3.0000,-1,23,15,14,0,52
286.4957,2,0,7,0,0,0,1,182,0,3.0000,-1,23,15,14,0,52
286.5097,2,0,7,0,0,0,1,182,0,3.0000,-1,23,15,14,0,52
286.5272,2,0,7,0,0,0,1,182,0,3.0000,-1,23,15,14,0,52
286.5465,2,0,7,0,0,0,1,182,0,3.0000,-1,23,15,14,0,52
286.566,2,0,7,0,0,0,1,182,0,3.0000,-1,23,15,14,0,52
286.5838,2,0,7,0,0,0,1,182,0,3.0000,-1,23,15,14,0,52
286.602,2,0,7,0,0,0,1,182,0,3.0000,-1,23,15,14,0,52
286.6188,2,0,7,0,0,0,1,182,1,4.0000,-1,23,15,14,0,52
286.6408,2,0,7,0,0,0,1,182,0,4.0000,-1,23,15,14,0,52
286.6611,2,0,7,0,0,0,0,-1,0,3.0000,-1,23,15,14,0,52
286.6797,2,0,7,0,0,0,0,-1,0,3.0000,-1,23,15,14,0,52
286.6991,2,0,7,0,0,0,1,178,0,3.0000,-1,23,15,14,0,52
286.7188,2,0,7,0,0,0,1,178,0,2.0000,-1,23,15,14,0,52
286.7404,2,0,7,0,0,0,1,178,0,2.0000,-1,23,15,14,0,52
286.7646,2,0,7,0,0,0,0,-1,0,2.0000,-1,23,15,14,0,52
286.7857,2,0,7,0,0,0,0,-1,0,2.0000,-1,23,15,14,0,52
286.8032,2,0,7,0,0,0,0,-1,0,2.0000,-1,23,15,14,0,52
286.8231,2,0,7,0,0,0,0,-1,0,2.0000,-1,23,15,14,0,52
286.8451,2,0,7,0,0,0,0,-1,0,2.0000,-1,23,15,14,0,52
286.8663,2,0,7,0,0,0,0,-1,1,3.0000,-1,23,15,14,0,52
286.8817,2,0,7,0,0,0,0,-1,0,3.0000,-1,23,15,14,0,52
286.896,2,0,7,0,0,0,0,-1,0,3.0000,-1,23,15,14,0,52
286.9125,2,0,7,0,0,0,0,-1,0,3.0000,-1,23,15,14,0,52
286.935,2,0,7,0,0,0,0,-1,0,3.0000,-1,23,15,14,0,52
286.9552,2,0,7,0,0,0,0,-1,0,3.0000,-1,23,15,14,0,52
286.9772,2,0,7,0,0,0,0,-1,0,3.0000,-1,23,15,14,0,52
286.999,2,0,7,0,0,0,0,-1,0,3.0000,-1,23,15,14,0,52
287.0206,2,0,7,0,0,0,0,-1,0,3.0000,-1,23,15,14,0,52
287.0424,2,0,7,0,0,0,0,-1,0,3.0000,-1,23,15,14,0,52
287.0625,2,0,7,0,0,0,0,-1,0,3.0000,-1,23,15,14,0,52
287.0859,2,0,7,0,0,0,0,-1,0,3.0000,-1,23,15,14,0,52
287.0998,2,0,7,0,0,0,0,-1,0,3.0000,-1,23,15,14,0,52
287.1143,2,0,7,0,0,0,0,-1,0,3.0000,-1,23,15,14,0,52
287.132,2,0,7,0,0,0,0,-1,0,3.0000,-1,23,15,14,0,52
287.1512,2,0,7,0,0,0,0,-1,0,3.0000,-1,23,15,14,0,52
287.1721,2,0,7,0,0,0,0,-1,0,2.0000,-1,23,15,14,0,52
287.1902,2,0,7,0,0,0,0,-1,0,2.0000,-1,23,15,14,0,52
287.2111,2,0,7,0,0,0,0,-1,0,2.0000,-1,23,15,14,0,52
287.2324,2,0,7,0,0,0,0,-1,0,2.0000,-1,23,15,14,0,52
287.2537,2,0,7,0,0,0,0,-1,0,2.0000,-1,23,15,14,0,52
287.2742,2,0,7,0,0,0,0,-1,0,2.0000,-1,23,15,14,0,52
287.2942,2,0,7,0,0,0,0,-1,0,2.0000,-1,23,15,14,0,52
287.3127,2,0,7,0,0,0,0,-1,1,3.0000,-1,23,15,14,0,52
287.3319,2,0,7,0,0,0,0,-1,0,3.0000,-1,23,15,14,0,52
287.3487,2,0,7,0,0,0,0,-1,0,3.0000,-1,23,15,14,0,52
287.3667,2,0,7,0,0,0,0,-1,0,3.0000,-1,23,15,14,0,52
287.3829,2,0,7,0,0,0,0,-1,0,3.0000,-1,23,15,14,0,52
287.4025,2,0,7,0,0,0,0,-1,0,3.0000,-1,23,15,14,0,52
287.4237,2,0,7,0,0,0,0,-1,0,3.0000,-1,23,15,14,0,52
287.446,2,0,7,0,0,0,0,-1,0,3.0000,-1,23,15,14,0,52
287.4671,2,0,7,0,0,0,0,-1,0,3.0000,-1,23,15,14,0,52
287.4871,2,0,7,0,0,0,0,-1,0,3.0000,-1,23,15,14,0,52
287.5105,2,0,7,0,0,0,0,-1,0,3.0000,-1,23,15,14,0,52
287.5247,2,0,7,0,0,0,0,-1,0,3.0000,-1,23,15,14,0,52
287.5398,2,0,7,0,0,0,0,-1,0,3.0000,-1,23,15,14,0,52
287.5548,2,0,7,0,0,0,0,-1,0,3.0000,-1,23,15,14,0,52
287.5746,2,0,7,0,0,0,0,-1,0,3.0000,-1,23,15,14,0,52
287.594,2,0,7,0,0,0,0,-1,0,3.0000,-1,23,15,14,0,52
287.6166,2,0,7,0,0,0,0,-1,0,3.0000,-1,23,15,14,0,52
287.6383,2,0,7,0,0,0,0,-1,0,2.0000,-1,23,15,14,0,52
287.6591,2,0,7,0,0,0,0,-1,0,2.0000,-1,23,15,14,0,52
287.679,2,0,7,0,0,0,0,-1,0,2.0000,-1,23,15,14,0,52
287.6987,2,0,7,0,0,0,0,-1,0,2.0000,-1,23,15,14,0,52
287.7182,2,0,7,0,0,0,0,-1,0,2.0000,-1,23,15,14,0,52
287.7346,2,0,7,0,0,0,0,-1,0,2.0000,-1,23,15,14,0,52
287.7513,2,0,7,0,0,0,0,-1,0,2.0000,-1,23,15,14,0,52
287.7673,2,0,7,0,0,0,0,-1,0,2.0000,-1,23,15,14,0,52
287.7838,2,0,7,0,0,0,0,-1,0,2.0000,-1,23,15,14,0,52
287.8011,2,0,7,0,0,0,0,-1,0,2.0000,-1,23,15,14,0,52
287.8174,2,0,7,0,0,0,0,-1,0,2.0000,-1,23,15,14,0,52
287.8362,2,0,7,0,0,0,0,-1,0,2.0000,-1,23,15,14,0,52
287.8561,2,0,7,0,0,0,0,-1,0,2.0000,-1,23,15,14,0,52
287.8759,2,0,7,0,0,0,0,-1,0,1.0000,-1,23,15,14,0,52
287.8953,2,0,7,0,0,0,0,-1,0,1.0000,-1,23,15,14,0,52
287.9156,2,0,7,0,0,0,0,-1,0,1.0000,-1,23,15,14,0,52
287.9353,2,0,7,0,0,0,0,-1,0,1.0000,-1,23,15,14,0,52
287.9553,2,0,7,0,0,0,0,-1,0,1.0000,-1,23,15,14,0,52
287.976,2,0,7,0,0,0,0,-1,0,1.0000,-1,23,15,14,0,52
287.9961,2,0,7,0,0,0,0,-1,0,1.0000,-1,23,15,14,0,52
288.0167,2,0,7,0,0,0,0,-1,0,1.0000,-1,23,15,14,0,52
288.0375,2,0,7,0,0,0,0,-1,0,1.0000,-1,23,15,14,0,52
288.0583,2,0,7,0,0,0,0,-1,0,1.0000,-1,23,15,14,0,52
288.0774,2,0,7,0,0,0,0,-1,0,1.0000,-1,23,15,14,0,52
288.0981,2,0,7,0,0,0,0,-1,0,1.0000,-1,23,15,14,0,52
288.1166,2,0,7,0,0,0,0,-1,0,1.0000,-1,23,15,14,0,52
288.1362,2,0,7,0,0,0,0,-1,0,1.0000,-1,23,15,14,0,52
288.1549,2,0,7,0,0,0,0,-1,0,1.0000,-1,23,15,14,0,52
288.1746,2,0,7,0,0,0,0,-1,0,1.0000,-1,23,15,14,0,52
288.1935,2,0,7,0,0,0,0,-1,0,1.0000,-1,23,15,14,0,52
288.2124,2,0,7,0,0,0,0,-1,0,1.0000,-1,23,15,14,0,52
288.2257,2,0,7,0,0,0,0,-1,0,1.0000,-1,23,15,14,0,52
288.2395,2,0,7,0,0,0,0,-1,0,1.0000,-1,23,15,14,0,52
288.2597,2,0,7,0,0,0,0,-1,0,1.0000,-1,23,15,14,0,52
288.2769,2,0,7,0,0,0,0,-1,0,1.0000,-1,23,15,14,0,52
288.2978,2,0,7,0,0,0,0,-1,0,1.0000,-1,23,15,14,0,52
288.3181,2,0,7,0,0,0,0,-1,0,0.0000,-1,23,15,14,0,52
288.3499,2,0,7,0,0,0,0,-1,0,0.0000,-1,23,15,14,0,52
288.3648,2,0,7,0,0,0,0,-1,0,0.0000,-1,23,15,14,0,52
288.3804,2,0,7,0,0,0,0,-1,0,0.0000,-1,23,15,14,0,52
288.3957,2,0,7,0,0,0,0,-1,0,0.0000,-1,23,15,14,0,52
288.4164,2,0,7,0,0,0,0,-1,0,0.0000,-1,23,15,14,0,52
288.4349,2,0,7,0,0,0,0,-1,0,0.0000,-1,23,15,14,0,52
288.4544,2,0,7,0,0,0,0,-1,0,0.0000,-1,23,15,14,0,52
288.477,2,0,7,0,0,0,0,-1,0,0.0000,-1,23,15,14,0,52
288.4977,2,0,7,0,0,0,0,-1,0,0.0000,-1,23,15,14,0,52
288.5181,2,0,7,0,0,0,0,-1,0,0.0000,-1,23,15,14,0,52
288.5401,2,0,7,0,0,0,0,-1,0,0.0000,-1,23,15,14,0,52
288.5645,2,0,7,0,0,0,0,-1,0,0.0000,-1,23,15,14,0,52
288.5796,2,0,7,0,0,0,0,-1,0,0.0000,-1,23,15,14,0,52
288.5964,3,1,8,0,0,0,1,184,0,0.0000,180,23,15,15,0,53
288.6194,3,0,8,0,0,0,1,184,0,0.0000,-1,23,15,15,0,53
288.638,3,0,8,0,0,0,1,184,0,0.0000,-1,23,15,15,0,53
288.6577,3,0,8,0,0,0,1,184,0,0.0000,-1,23,15,15,0,53
288.6757,3,0,8,0,0,0,1,184,0,0.0000,-1,23,15,15,0,53
288.6917,3,0,8,0,0,0,1,184,0,0.0000,-1,23,15,15,0,53
288.7082,3,0,8,0,0,0,1,184,0,0.0000,-1,23,15,15,0,53
288.7302,3,0,8,0,0,0,1,184,0,0.0000,-1,23,15,15,0,53
288.7503,3,0,8,0,0,0,1,184,0,0.0000,-1,23,15,15,0,53
288.7844,3,0,8,0,0,0,1,184,0,0.0000,-1,23,15,15,0,53
288.8065,3,0,8,0,0,0,1,184,0,0.0000,-1,23,15,15,0,53
288.8235,3,0,8,0,0,0,1,184,0,0.0000,-1,23,15,15,0,53
288.843,3,0,8,0,0,0,1,184,0,0.0000,-1,23,15,15,0,53
288.8658,3,0,8,0,0,0,1,184,0,0.0000,-1,23,15,15,0,53
288.8867,3,0,8,0,0,0,1,184,0,0.0000,-1,23,15,15,0,53
288.907,3,0,8,0,0,0,1,184,0,0.0000,-1,23,15,15,0,53
288.9261,3,0,8,0,0,0,1,184,0,0.0000,-1,23,15,15,0,53
288.9473,3,0,8,0,0,0,1,184,0,0.0000,-1,23,15,15,0,53
288.9687,3,0,8,0,0,0,1,184,0,0.0000,-1,23,15,15,0,53
288.9957,3,0,8,0,0,0,1,184,0,0.0000,-1,23,15,15,0,53
289.0102,3,0,8,0,0,0,1,184,0,0.0000,-1,23,15,15,0,53
289.0253,3,0,8,0,0,0,1,184,0,0.0000,-1,23,15,15,0,53
289.0457,3,0,8,0,0,0,1,184,0,0.0000,-1,23,15,15,0,53
289.0652,3,0,8,0,0,0,1,184,0,0.0000,-1,23,15,15,0,53
289.0841,3,0,8,0,0,0,1,184,0,0.0000,-1,23,15,15,0,53
289.1034,3,0,8,0,0,0,1,184,0,0.0000,-1,23,15,15,0,53
289.1214,3,0,8,0,0,0,1,184,0,0.0000,-1,23,15,15,0,53
289.1434,3,0,8,0,0,0,1,184,0,0.0000,-1,23,15,15,0,53
289.1638,3,0,8,0,0,0,1,184,0,0.0000,-1,23,15,15,0,53
289.184,3,0,8,0,0,0,1,184,0,0.0000,-1,23,15,15,0,53
289.2045,3,0,8,0,0,0,1,184,0,0.0000,-1,23,15,15,0,53
289.2242,3,0,8,0,0,0,1,184,0,0.0000,-1,23,15,15,0,53
289.2444,3,0,8,0,0,0,1,184,0,0.0000,-1,23,15,15,0,53
289.2658,3,0,8,0,0,0,1,184,0,0.0000,-1,23,15,15,0,53
289.2854,3,0,8,0,0,0,1,184,0,0.0000,-1,23,15,15,0,53
289.306,3,0,8,0,0,0,1,184,0,0.0000,-1,23,15,15,0,53
289.3279,3,0,8,0,0,0,1,184,0,0.0000,-1,23,15,15,0,53
289.3476,3,0,8,0,0,0,1,184,0,0.0000,-1,23,15,15,0,53
289.3687,3,0,8,0,0,0,0,-1,0,0.0000,184,23,15,16,0,54
289.3941,3,0,8,0,0,0,0,-1,0,0.0000,-1,23,15,16,0,54
289.4195,3,0,8,0,0,0,0,-1,0,0.0000,-1,23,15,16,0,54
289.4328,3,0,8,0,0,0,0,-1,0,0.0000,-1,23,15,16,0,54
289.4477,3,0,8,0,0,0,0,-1,0,0.0000,-1,23,15,16,0,54
289.4648,3,0,8,0,0,0,0,-1,0,0.0000,-1,23,15,16,0,54
289.4882,3,0,8,0,0,0,0,-1,0,0.0000,-1,23,15,16,0,54
289.5074,3,0,8,0,0,0,0,-1,0,0.0000,-1,23,15,16,0,54
289.528,3,0,8,0,0,0,0,-1,0,0.0000,-1,23,15,16,0,54
289.5576,3,0,8,0,0,0,0,-1,0,0.0000,-1,23,15,16,0,54
289.5789,3,0,8,0,0,0,0,-1,0,0.0000,-1,23,15,16,0,54
289.5996,3,0,8,0,0,0,0,-1,0,0.0000,-1,23,15,16,0,54
289.6234,3,0,8,0,0,0,0,-1,0,0.0000,-1,23,15,16,0,54
289.6417,3,0,8,0,0,0,0,-1,0,0.0000,-1,23,15,16,0,54
289.6589,3,0,8,0,0,0,0,-1,0,0.0000,-1,23,15,16,0,54
289.6753,3,0,8,0,0,0,0,-1,0,0.0000,-1,23,15,16,0,54
289.6955,3,0,8,0,0,0,0,-1,0,0.0000,-1,23,15,16,0,54
289.7157,3,0,8,0,0,0,0,-1,0,0.0000,-1,23,15,16,0,54
289.7363,3,0,8,0,0,0,0,-1,0,0.0000,-1,23,15,16,0,54
289.7566,3,0,8,0,0,0,0,-1,0,0.0000,-1,23,15,16,0,54
289.7783,3,0,8,0,0,0,0,-1,0,0.0000,-1,23,15,16,0,54
289.7998,3,0,8,0,0,0,0,-1,0,0.0000,-1,23,15,16,0,54
289.8219,3,0,8,0,0,0,0,-1,0,0.0000,-1,23,15,16,0,54
289.8463,3,0,8,0,0,0,0,-1,1,1.0000,-1,23,15,16,0,54
289.8639,3,0,8,0,0,0,0,-1,0,1.0000,-1,23,15,16,0,54
289.8808,3,0,8,0,0,0,0,-1,0,1.0000,-1,23,15,16,0,54
289.8998,3,0,8,0,0,0,0,-1,0,1.0000,-1,23,15,16,0,54
289.9188,3,0,8,1,0,0,0,-1,0,1.0000,-1,23,15,16,0,54
289.9404,3,0,8,1,0,0,0,-1,0,1.0000,-1,23,15,16,0,54
289.9619,3,0,8,1,0,0,0,-1,0,1.0000,-1,23,15,16,0,54
289.9853,3,0,8,1,0,0,0,-1,0,1.0000,-1,23,15,16,0,54
290.0073,3,0,8,1,0,0,0,-1,0,1.0000,-1,23,15,16,0,54
290.028,3,0,8,1,0,0,0,-1,0,1.0000,-1,23,15,16,0,54
290.0546,3,0,8,1,0,0,0,-1,0,1.0000,-1,23,15,16,0,54
290.0733,3,0,8,1,0,0,0,-1,0,1.0000,-1,23,15,16,0,54
290.0924,3,0,8,1,0,0,0,-1,0,1.0000,-1,23,15,16,0,54
290.1133,3,0,8,1,0,0,0,-1,0,1.0000,-1,23,15,16,0,54
290.1354,3,0,8,1,0,0,0,-1,0,1.0000,-1,23,15,16,0,54
290.1557,3,0,8,1,0,0,0,-1,0,1.0000,-1,23,15,16,0,54
290.1775,3,0,8,1,0,0,0,-1,0,1.0000,-1,23,15,16,0,54
290.1966,3,0,8,1,0,0,0,-1,0,1.0000,-1,23,15,16,0,54
290.2191,3,0,8,1,0,0,0,-1,0,1.0000,-1,23,15,16,0,54
290.2395,3,0,8,1,0,0,0,-1,0,1.0000,-1,23,15,16,0,54
290.2562,3,0,8,1,0,0,0,-1,0,1.0000,-1,23,15,16,0,54
290.2743,3,0,8,1,0,0,0,-1,0,1.0000,-1,23,15,16,0,54
290.2967,3,0,8,1,0,0,0,-1,0,1.0000,-1,23,15,16,0,54
290.3165,3,0,8,1,0,0,0,-1,0,1.0000,-1,23,15,16,0,54
290.3377,3,0,8,1,0,0,0,-1,0,1.0000,-1,23,15,16,0,54
290.3593,3,0,8,1,0,0,0,-1,0,1.0000,-1,23,15,16,0,54
290.3796,3,0,8,1,0,0,0,-1,0,1.0000,-1,23,15,16,0,54
290.4005,3,0,8,1,0,0,0,-1,0,1.0000,-1,23,15,16,0,54
290.4229,3,0,8,1,0,0,0,-1,0,1.0000,-1,23,15,16,0,54
290.4421,3,0,8,1,0,0,0,-1,0,1.0000,-1,23,15,16,0,54
290.4641,3,0,8,1,0,0,0,-1,0,1.0000,-1,23,15,16,0,54
290.4841,3,0,8,1,0,0,0,-1,0,1.0000,-1,23,15,16,0,54
290.5043,3,0,8,1,0,0,0,-1,0,1.0000,-1,23,15,16,0,54
290.5243,3,0,8,1,0,0,0,-1,0,1.0000,-1,23,15,16,0,54
290.5453,3,0,8,1,0,0,0,-1,0,1.0000,-1,23,15,16,0,54
290.5661,3,0,8,1,0,0,0,-1,0,1.0000,-1,23,15,16,0,54
290.588,3,0,8,1,0,0,0,-1,1,2.0000,-1,23,15,16,0,54
290.6085,3,0,8,1,0,0,1,186,0,2.0000,-1,23,15,16,0,54
290.6291,3,0,8,1,0,0,1,186,0,2.0000,-1,23,15,16,0,54
290.6519,3,0,8,1,0,0,1,186,0,2.0000,-1,23,15,16,0,54
290.6722,3,0,8,1,0,0,1,186,0,2.0000,-1,23,15,16,0,54
290.6914,3,0,8,1,0,0,1,186,0,2.0000,-1,23,15,16,0,54
290.7142,3,0,8,1,0,0,1,186,0,2.0000,-1,23,15,16,0,54
290.7362,3,0,8,1,0,0,1,186,0,2.0000,-1,23,15,16,0,54
290.758,3,0,8,1,0,0,1,186,0,2.0000,-1,23,15,16,0,54
290.7757,3,0,8,1,0,0,1,186,0,2.0000,-1,23,15,16,0,54
290.7957,3,0,8,1,0,0,1,186,0,2.0000,-1,23,15,16,0,54
290.8168,3,0,8,1,0,0,1,186,0,2.0000,-1,23,15,16,0,54
290.8382,3,0,8,1,0,0,1,186,0,2.0000,-1,23,15,16,0,54
290.8593,3,0,8,1,0,0,1,186,0,1.0000,-1,23,15,16,0,54
290.8863,3,0,8,1,0,0,1,186,0,1.0000,-1,23,15,16,0,54
290.9054,3,0,8,0,0,0,1,186,0,1.0000,-1,23,15,16,0,54
290.923,3,0,8,0,0,0,0,-1,0,1.0000,186,23,15,17,0,55
290.9464,3,0,8,0,0,0,0,-1,0,1.0000,-1,23,15,17,0,55
290.9678,3,0,8,0,0,0,0,-1,0,1.0000,-1,23,15,17,0,55
290.9891,3,0,8,0,0,0,0,-1,0,1.0000,-1,23,15,17,0,55
291.0089,3,0,8,0,0,0,0,-1,0,1.0000,-1,23,15,17,0,55
291.0253,3,0,8,0,0,0,0,-1,0,1.0000,-1,23,15,17,0,55
291.0416,3,0,8,0,0,0,0,-1,0,1.0000,-1,23,15,17,0,55
291.057,3,0,8,0,0,0,0,-1,0,1.0000,-1,23,15,17,0,55
291.0761,3,0,8,0,0,0,0,-1,0,1.0000,-1,23,15,17,0,55
291.1132,3,0,8,0,0,0,0,-1,0,1.0000,-1,23,15,17,0,55
291.1274,3,0,8,0,0,0,0,-1,1,2.0000,-1,23,15,17,0,55
291.1436,3,0,8,0,0,0,0,-1,0,2.0000,-1,23,15,17,0,55
291.1629,3,0,8,0,0,0,0,-1,0,2.0000,-1,23,15,17,0,55
291.1822,3,0,8,0,0,0,0,-1,0,2.0000,-1,23,15,17,0,55
291.2009,3,0,8,0,0,0,0,-1,0,2.0000,-1,23,15,17,0,55
291.2227,3,0,8,0,0,0,0,-1,1,3.0000,-1,23,15,17,0,55
291.2404,3,0,8,0,0,0,0,-1,0,3.0000,-1,23,15,17,0,55
291.2604,3,0,8,0,0,0,0,-1,0,3.0000,-1,23,15,17,0,55
291.2783,3,0,8,0,0,0,0,-1,0,3.0000,-1,23,15,17,0,55
291.2995,3,0,8,0,0,0,0,-1,0,3.0000,-1,23,15,17,0,55
291.3206,3,0,8,0,0,0,0,-1,0,3.0000,-1,23,15,17,0,55
291.3403,3,0,8,0,0,0,0,-1,0,3.0000,-1,23,15,17,0,55
291.3612,3,0,8,0,0,0,0,-1,0,3.0000,-1,23,15,17,0,55
291.3799,3,0,8,0,0,0,0,-1,0,3.0000,-1,23,15,17,0,55
291.4004,3,0,8,0,0,0,0,-1,0,3.0000,-1,23,15,17,0,55
291.423,3,0,8,0,0,0,0,-1,0,3.0000,-1,23,15,17,0,55
291.442,3,0,8,0,0,0,0,-1,0,3.0000,-1,23,15,17,0,55
291.4631,3,0,8,0,0,0,0,-1,0,3.0000,-1,23,15,17,0,55
291.4831,3,0,8,0,0,0,0,-1,0,3.0000,-1,23,15,17,0,55
291.5157,3,0,8,0,0,0,0,-1,0,3.0000,-1,23,15,17,0,55
291.5298,3,0,8,0,0,0,0,-1,0,3.0000,-1,23,15,17,0,55
291.5447,3,0,8,0,0,0,0,-1,0,3.0000,-1,23,15,17,0,55
291.565,3,0,8,0,0,0,0,-1,0,3.0000,-1,23,15,17,0,55
291.5836,3,0,8,0,0,0,0,-1,0,3.0000,-1,23,15,17,0,55
291.6053,3,0,8,0,0,0,0,-1,0,2.0000,-1,23,15,17,0,55
291.6273,3,0,8,0,0,0,0,-1,0,2.0000,-1,23,15,17,0,55
291.6459,3,0,8,0,0,0,0,-1,0,2.0000,-1,23,15,17,0,55
291.6659,3,0,8,0,0,0,0,-1,0,2.0000,-1,23,15,17,0,55
291.687,3,0,8,0,0,0,0,-1,0,2.0000,-1,23,15,17,0,55
291.7081,3,0,8,0,0,0,0,-1,0,2.0000,-1,23,15,17,0,55
291.7296,3,0,8,0,0,0,0,-1,0,2.0000,-1,23,15,17,0,55
291.7505,3,0,8,0,0,0,0,-1,0,2.0000,-1,23,15,17,0,55
291.773,3,0,8,0,0,0,0,-1,0,2.0000,-1,23,15,17,0,55
291.7961,3,0,8,0,0,0,0,-1,0,2.0000,-1,23,15,17,0,55
291.8172,3,0,8,0,0,0,0,-1,0,2.0000,-1,23,15,17,0,55
291.8375,3,0,8,0,0,0,0,-1,0,2.0000,-1,23,15,17,0,55
291.857,3,0,8,0,0,0,0,-1,0,2.0000,-1,23,15,17,0,55
291.877,3,0,8,0,0,0,0,-1,0,2.0000,-1,23,15,17,0,55
291.8993,3,0,8,0,0,0,0,-1,0,2.0000,-1,23,15,17,0,55
291.9201,3,0,8,0,0,0,0,-1,0,2.0000,-1,23,15,17,0,55
291.9432,3,0,8,0,0,0,0,-1,0,2.0000,-1,23,15,17,0,55
291.9643,3,0,8,0,0,0,0,-1,0,2.0000,-1,23,15,17,0,55
291.9846,3,0,8,0,0,0,0,-1,0,2.0000,-1,23,15,17,0,55
292.0047,3,0,8,0,0,0,0,-1,0,2.0000,-1,23,15,17,0,55
292.0242,3,0,8,0,0,0,0,-1,0,2.0000,-1,23,15,17,0,55
292.045,3,0,8,0,0,0,0,-1,0,2.0000,-1,23,15,17,0,55
292.0664,3,0,8,0,0,0,0,-1,0,2.0000,-1,23,15,17,0,55
292.0878,3,0,8,0,0,0,0,-1,0,2.0000,-1,23,15,17,0,55
292.1085,3,0,8,0,0,0,0,-1,0,2.0000,-1,23,15,17,0,55
292.1289,3,0,8,0,0,0,0,-1,0,1.0000,-1,23,15,17,0,55
292.1497,3,0,8,0,0,0,0,-1,0,1.0000,-1,23,15,17,0,55
292.1658,3,0,8,0,0,0,0,-1,0,1.0000,-1,23,15,17,0,55
292.1834,3,0,8,0,0,0,0,-1,0,1.0000,-1,23,15,17,0,55
292.2014,3,0,8,0,0,0,0,-1,0,1.0000,-1,23,15,17,0,55
292.2233,3,0,8,0,0,0,0,-1,0,0.0000,-1,23,15,17,0,55
292.2442,3,0,8,0,0,0,0,-1,0,0.0000,-1,23,15,17,0,55
292.2698,3,0,8,0,0,0,0,-1,0,0.0000,-1,23,15,17,0,55
292.2906,3,0,8,0,0,0,0,-1,0,0.0000,-1,23,15,17,0,55
292.311,3,0,8,0,0,0,0,-1,0,0.0000,-1,23,15,17,0,55
292.3358,3,0,8,0,0,0,0,-1,0,0.0000,-1,23,15,17,0,55
292.3526,3,0,8,0,0,0,0,-1,0,0.0000,-1,23,15,17,0,55
292.3732,3,0,8,0,0,0,0,-1,0,0.0000,-1,23,15,17,0,55
292.3953,3,0,8,0,0,0,0,-1,0,0.0000,-1,23,15,17,0,55
292.4171,3,0,8,0,0,0,0,-1,0,0.0000,-1,23,15,17,0,55
292.4373,3,0,8,0,0,0,0,-1,0,0.0000,-1,23,15,17,0,55
292.4592,3,0,8,0,0,0,0,-1,0,0.0000,-1,23,15,17,0,55
292.4792,3,0,8,0,0,0,0,-1,0,0.0000,-1,23,15,17,0,55
292.497,3,0,8,0,0,0,1,189,0,0.0000,-1,23,15,17,0,55
292.5136,3,0,8,0,0,0,1,189,0,0.0000,-1,23,15,17,0,55
292.5321,3,0,8,0,0,0,1,189,0,0.0000,-1,23,15,17,0,55
292.5516,3,0,8,0,0,0,1,189,0,0.0000,-1,23,15,17,0,55
292.5698,3,0,8,0,0,0,1,189,0,0.0000,-1,23,15,17,0,55
292.5908,3,0,8,0,0,0,1,189,0,0.0000,-1,23,15,17,0,55
292.6118,3,0,8,0,0,0,1,189,0,0.0000,-1,23,15,17,0,55
292.634,3,0,8,0,0,0,1,189,0,0.0000,-1,23,15,17,0,55
292.6547,3,0,8,0,0,0,1,189,0,0.0000,-1,23,15,17,0,55
292.6766,3,0,8,0,0,0,1,189,0,0.0000,-1,23,15,17,0,55
292.6977,3,0,8,0,0,0,1,189,0,0.0000,-1,23,15,17,0,55
292.7195,3,0,8,0,0,0,1,189,0,0.0000,-1,23,15,17,0,55
292.7423,3,0,8,0,0,0,1,189,0,0.0000,-1,23,15,17,0,55
292.7657,3,0,8,0,0,0,1,189,1,1.0000,-1,23,15,17,0,55
292.7817,3,0,8,0,0,0,1,189,0,1.0000,-1,23,15,17,0,55
292.7988,3,0,8,0,0,0,0,-1,0,1.0000,-1,23,15,17,0,55
292.8175,3,0,8,0,0,0,0,-1,0,1.0000,-1,23,15,17,0,55
292.8387,3,0,8,0,0,0,0,-1,0,1.0000,-1,23,15,17,0,55
292.8597,3,0,8,0,0,0,0,-1,0,1.0000,-1,23,15,17,0,55
292.8834,3,0,8,0,0,0,0,-1,0,1.0000,-1,23,15,17,0,55
292.9083,3,0,8,0,0,0,0,-1,0,1.0000,-1,23,15,17,0,55
292.93,3,0,8,0,0,0,0,-1,0,1.0000,-1,23,15,17,0,55
292.9503,3,0,8,0,0,0,0,-1,0,1.0000,-1,23,15,17,0,55
292.9729,3,0,8,0,0,0,0,-1,0,1.0000,-1,23,15,17,0,55
292.9932,3,0,8,0,0,0,0,-1,0,1.0000,-1,23,15,17,0,55
293.0146,3,0,8,0,0,0,0,-1,0,1.0000,-1,23,15,17,0,55
293.0365,3,0,8,0,0,0,0,-1,0,1.0000,-1,23,15,17,0,55
293.0583,3,0,8,0,0,0,0,-1,0,1.0000,-1,23,15,17,0,55
293.0795,3,0,8,0,0,0,0,-1,0,1.0000,-1,23,15,17,0,55
293.1014,3,0,8,0,0,0,0,-1,0,1.0000,-1,23,15,17,0,55
293.1234,3,0,8,0,0,0,1,190,0,1.0000,-1,23,15,17,0,55
293.1451,3,0,8,0,0,0,1,190,0,1.0000,-1,23,15,17,0,55
293.1715,3,0,8,0,0,0,1,190,0,1.0000,-1,23,15,17,0,55
293.1891,3,0,8,0,0,0,1,190,0,1.0000,-1,23,15,17,0,55
293.2096,3,0,8,0,0,0,1,190,0,1.0000,-1,23,15,17,0,55
293.2278,3,0,8,0,0,0,1,190,0,1.0000,-1,23,15,17,0,55
293.248,3,0,8,0,0,0,1,190,0,1.0000,-1,23,15,17,0,55
293.2669,3,0,8,0,0,0,1,190,1,2.0000,-1,23,15,17,0,55
293.2886,3,0,8,0,0,0,1,190,0,2.0000,-1,23,15,17,0,55
293.3105,3,0,8,0,0,0,1,190,0,2.0000,-1,23,15,17,0,55
293.3325,3,0,8,0,0,0,1,190,0,2.0000,-1,23,15,17,0,55
293.355,3,0,8,0,0,0,1,190,0,2.0000,-1,23,15,17,0,55
293.3762,3,0,8,0,1,0,1,190,0,2.0000,-1,23,15,17,0,55
293.3986,3,0,8,0,1,0,1,190,0,2.0000,-1,23,15,17,0,55
293.4209,3,0,8,0,1,0,1,190,0,2.0000,-1,23,15,17,0,55
293.4431,3,0,8,0,1,0,1,190,0,2.0000,-1,23,15,17,0,55
293.4662,3,0,8,0,1,0,1,190,0,2.0000,-1,23,15,17,0,55
293.4875,3,0,8,0,1,0,1,190,0,2.0000,-1,23,15,17,0,55
293.5055,3,0,8,0,1,0,1,190,0,2.0000,-1,23,15,17,0,55
293.5265,3,0,8,0,1,0,1,190,0,2.0000,-1,23,15,17,0,55
293.5488,3,0,8,0,1,0,1,190,0,2.0000,-1,23,15,17,0,55
293.5711,3,0,8,0,1,0,1,190,0,2.0000,-1,23,15,17,0,55
293.5917,3,0,8,0,1,0,1,190,0,2.0000,-1,23,15,17,0,55
293.6146,3,0,8,0,1,0,1,190,1,3.0000,-1,23,15,17,0,55
293.6388,3,0,8,0,1,0,1,190,0,3.0000,-1,23,15,17,0,55
293.6613,3,0,8,0,1,0,1,195,0,3.0000,-1,23,15,17,0,55
293.6844,3,0,8,0,1,0,1,195,0,3.0000,190,23,15,18,0,56
293.7069,3,0,8,0,1,0,1,195,0,3.0000,-1,23,15,18,0,56
293.7276,3,0,8,0,1,0,1,195,0,3.0000,-1,23,15,18,0,56
293.7469,3,0,8,0,1,0,1,195,0,3.0000,-1,23,15,18,0,56
293.7667,3,0,8,0,1,0,1,195,0,2.0000,-1,23,15,18,0,56
293.7884,3,0,8,0,1,0,1,195,0,2.0000,-1,23,15,18,0,56
293.8196,3,0,8,0,1,0,1,195,0,2.0000,-1,23,15,18,0,56
293.8344,3,0,8,0,1,0,1,195,0,2.0000,-1,23,15,18,0,56
293.851,3,0,8,0,1,0,1,195,0,2.0000,-1,23,15,18,0,56
293.8691,3,0,8,0,1,0,1,195,0,2.0000,-1,23,15,18,0,56
293.8903,3,0,8,0,1,0,1,195,0,2.0000,-1,23,15,18,0,56
293.9131,3,0,8,0,1,0,1,195,0,2.0000,-1,23,15,18,0,56
293.9365,3,0,8,0,1,0,1,195,0,2.0000,-1,23,15,18,0,56
293.958,3,0,8,0,1,0,1,195,0,2.0000,-1,23,15,18,0,56
293.9807,3,0,8,0,1,0,1,195,0,2.0000,-1,23,15,18,0,56
294.0052,3,0,8,0,1,0,1,195,0,2.0000,-1,23,15,18,0,56
294.0344,3,0,8,0,1,0,1,195,0,2.0000,-1,23,15,18,0,56
294.0513,3,0,8,0,1,0,1,195,0,2.0000,-1,23,15,18,0,56
294.0688,3,0,8,0,1,0,1,195,0,2.0000,-1,23,15,18,0,56
294.0882,3,0,8,0,1,0,1,195,1,3.0000,-1,23,15,18,0,56
294.1059,3,0,8,0,1,0,1,195,0,3.0000,-1,23,15,18,0,56
294.1242,3,0,8,0,1,0,1,195,0,3.0000,-1,23,15,18,0,56
294.1448,3,0,8,0,1,0,1,195,0,3.0000,-1,23,15,18,0,56
294.1674,3,0,8,0,1,0,1,195,0,3.0000,-1,23,15,18,0,56
294.1858,3,0,8,0,1,0,1,195,0,3.0000,-1,23,15,18,0,56
294.2072,3,0,8,0,1,0,1,195,0,3.0000,-1,23,15,18,0,56
294.2481,3,0,8,0,1,0,1,195,0,3.0000,-1,23,15,18,0,56
294.2683,3,0,8,0,1,0,1,195,0,2.0000,-1,23,15,18,0,56
294.2878,3,0,8,0,1,0,1,195,0,2.0000,-1,23,15,18,0,56
294.3071,3,0,8,0,1,0,1,195,0,2.0000,-1,23,15,18,0,56
294.3254,3,0,8,0,1,0,1,195,0,2.0000,-1,23,15,18,0,56
294.345,3,0,8,0,1,0,1,195,0,2.0000,-1,23,15,18,0,56
294.3639,3,0,8,0,1,0,1,195,0,2.0000,-1,23,15,18,0,56
294.3854,3,0,8,0,1,0,1,195,0,2.0000,-1,23,15,18,0,56
294.4088,3,0,8,0,1,0,1,195,0,2.0000,-1,23,15,18,0,56
294.4312,3,0,8,0,1,0,1,195,0,2.0000,-1,23,15,18,0,56
294.4514,3,0,8,0,1,0,1,195,0,2.0000,-1,23,15,18,0,56
294.473,3,0,8,0,1,0,1,195,0,2.0000,-1,23,15,18,0,56
294.4947,3,0,8,0,1,0,1,195,0,2.0000,-1,23,15,18,0,56
294.5139,3,0,8,0,1,0,1,195,0,2.0000,-1,23,15,18,0,56
294.5333,3,0,8,0,1,0,1,195,0,2.0000,-1,23,15,18,0,56
294.5539,3,0,8,0,1,0,1,195,0,2.0000,-1,23,15,18,0,56
294.5762,3,0,8,0,1,0,1,195,0,2.0000,-1,23,15,18,0,56
294.5978,3,0,8,0,1,0,1,195,0,2.0000,-1,23,15,18,0,56
294.6173,3,0,8,0,1,0,1,195,0,1.0000,-1,23,15,18,0,56
294.6433,3,0,8,0,1,0,1,195,0,1.0000,-1,23,15,18,0,56
294.6588,3,0,8,0,1,0,1,195,0,1.0000,-1,23,15,18,0,56
294.673,3,0,8,0,1,0,1,195,0,1.0000,-1,23,15,18,0,56
294.6902,3,0,8,0,1,0,1,195,0,1.0000,-1,23,15,18,0,56
294.7106,3,0,8,0,1,0,1,195,0,1.0000,-1,23,15,18,0,56
294.7297,3,0,8,0,1,0,0,-1,0,1.0000,195,23,15,19,0,57
294.754,3,0,8,0,1,0,0,-1,0,1.0000,-1,23,15,19,0,57
294.7754,3,0,8,0,1,0,0,-1,0,1.0000,-1,23,15,19,0,57
294.7949,3,0,8,0,1,0,0,-1,0,1.0000,-1,23,15,19,0,57
294.8127,3,0,8,0,1,0,0,-1,0,1.0000,-1,23,15,19,0,57
294.8314,3,0,8,0,1,0,0,-1,0,1.0000,-1,23,15,19,0,57
294.8685,3,0,8,0,1,0,0,-1,0,1.0000,-1,23,15,19,0,57
294.8893,3,0,8,0,1,0,0,-1,0,1.0000,-1,23,15,19,0,57
294.9083,3,0,8,0,1,0,0,-1,0,1.0000,-1,23,15,19,0,57
294.9312,3,0,8,0,1,0,0,-1,0,1.0000,-1,23,15,19,0,57
294.9525,3,0,8,0,1,0,0,-1,0,1.0000,-1,23,15,19,0,57
294.9678,3,0,8,0,1,0,0,-1,0,1.0000,-1,23,15,19,0,57
294.9848,3,0,8,0,1,0,0,-1,0,1.0000,-1,23,15,19,0,57
295.0089,3,0,8,0,1,0,0,-1,0,1.0000,-1,23,15,19,0,57
295.0326,3,0,8,0,1,0,0,-1,0,1.0000,-1,23,15,19,0,57
295.0577,3,0,8,0,1,0,0,-1,0,1.0000,-1,23,15,19,0,57
295.0752,3,0,8,0,1,0,0,-1,0,1.0000,-1,23,15,19,0,57
295.0919,3,0,8,0,1,0,0,-1,0,0.0000,-1,23,15,19,0,57
295.1096,3,0,8,0,1,0,0,-1,0,0.0000,-1,23,15,19,0,57
295.1299,3,0,8,0,1,0,0,-1,0,0.0000,-1,23,15,19,0,57
295.1534,3,0,8,0,1,0,0,-1,0,0.0000,-1,23,15,19,0,57
295.1764,3,0,8,0,1,0,0,-1,0,0.0000,-1,23,15,19,0,57
295.1996,3,0,8,0,0,0,0,-1,0,0.0000,-1,23,15,19,0,57
295.2211,3,0,8,0,0,0,0,-1,0,0.0000,-1,23,15,19,0,57
295.2443,3,0,8,0,0,0,0,-1,0,0.0000,-1,23,15,19,0,57
295.2681,3,0,8,0,0,0,0,-1,0,0.0000,-1,23,15,19,0,57
295.282,3,0,8,0,0,0,0,-1,0,0.0000,-1,23,15,19,0,57
295.2984,3,0,8,0,0,0,0,-1,0,0.0000,-1,23,15,19,0,57
295.313,3,0,8,0,0,0,0,-1,0,0.0000,-1,23,15,19,0,57
295.3362,3,0,8,0,0,0,0,-1,0,0.0000,-1,23,15,19,0,57
295.357,3,0,8,0,0,0,0,-1,0,0.0000,-1,23,15,19,0,57
295.3781,3,0,8,0,0,0,0,-1,0,0.0000,-1,23,15,19,0,57
295.3992,3,0,8,0,0,0,0,-1,0,0.0000,-1,23,15,19,0,57
295.4201,3,0,8,0,0,0,0,-1,0,0.0000,-1,23,15,19,0,57
295.4426,3,0,8,0,0,0,0,-1,0,0.0000,-1,23,15,19,0,57
295.4637,3,0,8,0,0,0,0,-1,0,0.0000,-1,23,15,19,0,57
295.4845,3,0,8,0,0,0,0,-1,0,0.0000,-1,23,15,19,0,57
295.501,3,0,8,0,0,0,0,-1,0,0.0000,-1,23,15,19,0,57
295.5186,3,0,8,0,0,0,0,-1,0,0.0000,-1,23,15,19,0,57
295.5365,3,0,8,0,0,0,0,-1,0,0.0000,-1,23,15,19,0,57
295.5573,3,0,8,0,0,0,0,-1,0,0.0000,-1,23,15,19,0,57
295.5772,3,0,8,0,0,0,0,-1,0,0.0000,-1,23,15,19,0,57
295.5996,3,0,8,0,0,0,0,-1,0,0.0000,-1,23,15,19,0,57
295.6217,3,0,8,0,0,0,0,-1,0,0.0000,-1,23,15,19,0,57
295.6435,3,0,8,0,0,0,0,-1,0,0.0000,-1,23,15,19,0,57
295.6655,3,0,8,0,0,0,0,-1,0,0.0000,-1,23,15,19,0,57
295.6865,3,0,8,0,0,0,0,-1,0,0.0000,-1,23,15,19,0,57
295.707,3,0,8,0,0,0,0,-1,0,0.0000,-1,23,15,19,0,57
295.7299,3,0,8,0,0,0,0,-1,1,1.0000,-1,23,15,19,0,57
295.751,3,0,8,0,0,0,0,-1,0,1.0000,-1,23,15,19,0,57
295.7729,3,0,8,0,0,0,0,-1,0,1.0000,-1,23,15,19,0,57
295.7913,3,0,8,0,0,0,0,-1,0,1.0000,-1,23,15,19,0,57
295.8139,3,0,8,0,0,0,0,-1,0,1.0000,-1,23,15,19,0,57
295.8337,3,0,8,0,0,0,0,-1,0,1.0000,-1,23,15,19,0,57
295.8546,3,0,8,0,0,0,0,-1,0,1.0000,-1,23,15,19,0,57
295.8757,3,0,8,0,0,0,0,-1,0,1.0000,-1,23,15,19,0,57
295.896,3,0,8,0,0,0,0,-1,0,1.0000,-1,23,15,19,0,57
295.9147,3,0,8,0,0,0,0,-1,0,1.0000,-1,23,15,19,0,57
295.9323,3,0,8,0,0,0,0,-1,0,1.0000,-1,23,15,19,0,57
295.9531,3,0,8,0,0,0,0,-1,0,1.0000,-1,23,15,19,0,57
295.9738,3,0,8,0,0,0,0,-1,0,1.0000,-1,23,15,19,0,57
295.9957,3,0,8,0,0,0,0,-1,0,1.0000,-1,23,15,19,0,57
296.0179,3,0,8,0,0,0,0,-1,0,1.0000,-1,23,15,19,0,57
296.0417,3,0,8,0,0,0,0,-1,0,1.0000,-1,23,15,19,0,57
296.0641,3,0,8,0,0,0,0,-1,0,1.0000,-1,23,15,19,0,57
296.0853,3,0,8,0,0,0,0,-1,0,1.0000,-1,23,15,19,0,57
296.1059,3,0,8,0,0,0,0,-1,0,1.0000,-1,23,15,19,0,57
296.1255,3,0,8,0,0,0,0,-1,0,1.0000,-1,23,15,19,0,57
296.1454,3,0,8,0,0,0,0,-1,0,1.0000,-1,23,15,19,0,57
296.1657,3,0,8,0,0,0,0,-1,0,1.0000,-1,23,15,19,0,57
296.1875,3,0,8,0,0,0,0,-1,0,1.0000,-1,23,15,19,0,57
296.2089,3,0,8,0,0,0,0,-1,0,1.0000,-1,23,15,19,0,57
296.2289,3,0,8,0,0,0,0,-1,0,1.0000,-1,23,15,19,0,57
296.2498,3,0,8,0,0,0,0,-1,0,1.0000,-1,23,15,19,0,57
296.2729,3,0,8,0,0,0,0,-1,0,1.0000,-1,23,15,19,0,57
296.2943,3,0,8,0,0,0,0,-1,0,1.0000,-1,23,15,19,0,57
296.3191,3,0,8,0,0,0,0,-1,0,1.0000,-1,23,15,19,0,57
296.3385,3,0,8,0,0,0,0,-1,1,2.0000,-1,23,15,19,0,57
296.3584,3,0,8,0,0,0,0,-1,0,2.0000,-1,23,15,19,0,57
296.3765,3,0,8,0,0,0,0,-1,0,2.0000,-1,23,15,19,0,57
296.401,3,0,8,0,0,0,0,-1,0,2.0000,-1,23,15,19,0,57
296.4224,3,0,8,0,0,0,0,-1,0,2.0000,-1,23,15,19,0,57
296.4389,3,0,8,0,0,0,0,-1,0,2.0000,-1,23,15,19,0,57
296.4539,3,0,8,0,0,0,0,-1,0,2.0000,-1,23,15,19,0,57
296.4706,3,0,8,0,0,0,0,-1,0,2.0000,-1,23,15,19,0,57
296.4941,3,0,8,0,0,0,0,-1,0,2.0000,-1,23,15,19,0,57
296.5147,3,0,8,0,0,0,0,-1,0,2.0000,-1,23,15,19,0,57
296.5486,3,0,8,0,0,0,0,-1,0,2.0000,-1,23,15,19,0,57
296.5662,3,0,8,0,0,0,0,-1,0,2.0000,-1,23,15,19,0,57
296.5826,3,0,8,0,0,0,0,-1,0,2.0000,-1,23,15,19,0,57
296.5993,3,0,8,0,0,0,0,-1,0,2.0000,-1,23,15,19,0,57
296.6148,3,0,8,0,0,0,0,-1,0,2.0000,-1,23,15,19,0,57
296.6356,3,0,8,0,0,0,0,-1,0,2.0000,-1,23,15,19,0,57
296.6569,3,0,8,0,0,0,0,-1,0,2.0000,-1,23,15,19,0,57
296.6778,3,0,8,0,0,0,0,-1,0,2.0000,-1,23,15,19,0,57
296.699,3,0,8,0,0,0,0,-1,0,2.0000,-1,23,15,19,0,57
296.719,3,0,8,0,0,0,0,-1,1,3.0000,-1,23,15,19,0,57
296.7391,3,0,8,0,0,0,0,-1,0,2.0000,-1,23,15,19,0,57
296.7579,3,0,8,0,0,0,0,-1,0,2.0000,-1,23,15,19,0,57
296.7773,3,0,8,0,0,0,0,-1,0,2.0000,-1,23,15,19,0,57
296.7962,3,0,8,0,0,0,0,-1,0,2.0000,-1,23,15,19,0,57
296.8175,3,0,8,0,0,0,0,-1,0,2.0000,-1,23,15,19,0,57
296.8379,3,0,8,0,0,0,0,-1,0,2.0000,-1,23,15,19,0,57
296.8584,3,0,8,0,0,0,0,-1,0,2.0000,-1,23,15,19,0,57
296.8805,3,0,8,0,0,0,0,-1,0,2.0000,-1,23,15,19,0,57
296.9028,3,0,8,0,0,0,0,-1,0,2.0000,-1,23,15,19,0,57
296.9225,3,0,8,0,0,0,0,-1,0,2.0000,-1,23,15,19,0,57
296.944,3,0,8,0,0,0,0,-1,0,2.0000,-1,23,15,19,0,57
296.9658,3,0,8,0,0,0,0,-1,0,2.0000,-1,23,15,19,0,57
296.9872,3,0,8,0,0,0,0,-1,0,2.0000,-1,23,15,19,0,57
297.0075,3,0,8,0,0,0,0,-1,0,2.0000,-1,23,15,19,0,57
297.0277,3,0,8,0,0,0,0,-1,0,2.0000,-1,23,15,19,0,57
297.05,3,0,8,0,0,0,0,-1,0,2.0000,-1,23,15,19,0,57
297.0704,3,0,8,0,0,0,0,-1,0,2.0000,-1,23,15,19,0,57
297.0912,3,0,8,0,0,0,0,-1,0,2.0000,-1,23,15,19,0,57
297.1122,3,0,8,0,0,0,0,-1,0,2.0000,-1,23,15,19,0,57
297.1328,3,0,8,0,0,0,0,-1,0,2.0000,-1,23,15,19,0,57
297.1542,3,0,8,0,0,0,0,-1,0,2.0000,-1,23,15,19,0,57
297.1749,3,0,8,0,0,0,0,-1,0,2.0000,-1,23,15,19,0,57
297.193,3,0,8,0,0,0,0,-1,0,2.0000,-1,23,15,19,0,57
297.2103,3,0,8,0,0,0,0,-1,0,2.0000,-1,23,15,19,0,57
297.2298,3,0,8,0,0,0,0,-1,0,2.0000,-1,23,15,19,0,57
297.2499,3,0,8,0,0,0,0,-1,0,2.0000,-1,23,15,19,0,57
297.2708,3,0,8,0,0,0,1,198,0,2.0000,-1,23,15,19,0,57
297.2917,3,0,8,0,0,0,1,198,0,2.0000,-1,23,15,19,0,57
297.3125,3,0,8,0,0,0,1,198,0,2.0000,-1,23,15,19,0,57
297.3335,3,0,8,0,0,0,1,198,0,2.0000,-1,23,15,19,0,57
297.3544,3,0,8,0,0,0,1,198,0,1.0000,-1,23,15,19,0,57
297.3763,3,0,8,0,0,0,1,198,0,1.0000,-1,23,15,19,0,57
297.3969,3,0,8,0,0,0,1,198,0,1.0000,-1,23,15,19,0,57
297.42,3,0,8,0,0,0,1,198,0,1.0000,-1,23,15,19,0,57
297.4418,3,0,8,0,0,0,1,198,0,1.0000,-1,23,15,19,0,57
297.4618,3,0,8,0,0,0,1,198,0,1.0000,-1,23,15,19,0,57
297.4792,3,0,8,0,0,0,1,198,0,1.0000,-1,23,15,19,0,57
297.4965,3,0,8,0,0,0,1,198,0,1.0000,-1,23,15,19,0,57
297.5164,3,0,8,0,0,0,1,198,0,1.0000,-1,23,15,19,0,57
297.5384,3,0,8,0,0,0,1,198,0,1.0000,-1,23,15,19,0,57
297.5585,3,0,8,0,0,0,1,198,0,1.0000,-1,23,15,19,0,57
297.5787,3,0,8,0,0,0,1,198,0,1.0000,-1,23,15,19,0,57
297.6001,3,0,8,0,0,0,1,198,0,1.0000,-1,23,15,19,0,57
297.6224,3,0,8,0,0,0,1,198,0,1.0000,-1,23,15,19,0,57
297.6434,3,0,8,0,0,0,1,198,0,1.0000,-1,23,15,19,0,57
297.6635,3,0,8,0,0,0,1,198,0,1.0000,-1,23,15,19,0,57
297.6838,3,0,8,0,0,0,1,198,0,1.0000,-1,23,15,19,0,57
297.704,3,0,8,0,0,0,1,198,0,1.0000,-1,23,15,19,0,57
297.724,3,0,8,0,0,0,1,198,0,0.0000,-1,23,15,19,0,57
297.7453,3,0,8,0,0,0,1,198,0,0.0000,-1,23,15,19,0,57
297.7647,3,0,8,0,0,0,1,198,0,0.0000,-1,23,15,19,0,57
297.7879,3,0,8,0,0,0,1,198,0,0.0000,-1,23,15,19,0,57
297.8086,3,0,8,0,0,0,1,198,0,0.0000,-1,23,15,19,0,57
297.8242,3,0,8,0,0,0,1,198,0,0.0000,-1,23,15,19,0,57
297.8394,3,0,8,0,0,0,1,198,0,0.0000,-1,23,15,19,0,57
297.8567,3,0,8,0,0,0,1,198,0,0.0000,-1,23,15,19,0,57
297.8766,3,0,8,0,0,0,1,198,0,0.0000,-1,23,15,19,0,57
297.8961,3,0,8,0,0,0,1,198,0,0.0000,-1,23,15,19,0,57
297.9185,3,0,8,0,0,0,1,198,0,0.0000,-1,23,15,19,0,57
297.9386,3,0,8,0,0,0,1,198,0,0.0000,-1,23,15,19,0,57
297.9582,3,0,8,0,0,0,1,198,0,0.0000,-1,23,15,19,0,57
297.9926,3,0,8,0,0,0,1,198,0,0.0000,-1,23,15,19,0,57
298.0149,3,0,8,0,0,0,1,198,0,0.0000,-1,23,15,19,0,57
298.036,3,0,8,0,0,0,1,198,0,0.0000,-1,23,15,19,0,57
298.0568,3,0,8,0,0,0,1,198,0,0.0000,-1,23,15,19,0,57
298.0759,3,0,8,0,0,0,1,198,0,0.0000,-1,23,15,19,0,57
298.0959,3,0,8,0,0,0,1,198,0,0.0000,-1,23,15,19,0,57
298.1173,3,0,8,0,0,0,1,198,0,0.0000,-1,23,15,19,0,57
298.1371,3,0,8,0,0,0,1,198,1,1.0000,-1,23,15,19,0,57
298.1581,3,0,8,0,0,0,0,-1,0,1.0000,-1,23,15,19,0,57
298.179,3,0,8,0,0,0,0,-1,0,1.0000,-1,23,15,19,0,57
298.1996,3,0,8,0,0,0,0,-1,0,1.0000,-1,23,15,19,0,57
298.2196,3,0,8,0,0,0,0,-1,0,1.0000,-1,23,15,19,0,57
298.2413,3,0,8,0,0,0,0,-1,0,1.0000,-1,23,15,19,0,57
298.2632,3,0,8,0,0,0,0,-1,0,1.0000,-1,23,15,19,0,57
298.2809,3,0,8,0,0,0,0,-1,0,1.0000,-1,23,15,19,0,57
298.3003,3,0,8,0,0,0,0,-1,0,1.0000,-1,23,15,19,0,57
298.321,3,0,8,0,0,0,0,-1,0,1.0000,-1,23,15,19,0,57
298.3423,3,0,8,0,0,0,0,-1,0,1.0000,-1,23,15,19,0,57
298.3608,3,0,8,0,0,0,0,-1,0,1.0000,-1,23,15,19,0,57
298.3806,3,0,8,0,0,0,0,-1,0,1.0000,-1,23,15,19,0,57
298.4014,3,0,8,0,0,0,0,-1,0,1.0000,-1,23,15,19,0,57
298.4225,3,0,8,0,0,0,0,-1,0,1.0000,-1,23,15,19,0,57
298.4444,3,0,8,0,0,0,0,-1,0,1.0000,-1,23,15,19,0,57
298.4645,3,0,8,0,0,0,0,-1,0,1.0000,-1,23,15,19,0,57
298.485,3,0,8,0,0,0,0,-1,0,1.0000,-1,23,15,19,0,57
298.5109,3,0,8,0,0,0,0,-1,0,1.0000,-1,23,15,19,0,57
298.5307,3,0,8,0,0,0,0,-1,0,1.0000,-1,23,15,19,0,57
298.5524,3,0,8,0,0,0,0,-1,0,1.0000,-1,23,15,19,0,57
298.5711,3,0,8,0,0,0,0,-1,0,1.0000,-1,23,15,19,0,57
298.5912,3,0,8,0,0,0,0,-1,0,1.0000,-1,23,15,19,0,57
298.6111,3,0,8,0,0,0,0,-1,0,1.0000,-1,23,15,19,0,57
298.6309,3,0,8,0,0,0,0,-1,0,1.0000,-1,23,15,19,0,57
298.6532,3,0,8,0,0,0,0,-1,0,1.0000,-1,23,15,19,0,57
298.6739,3,0,8,0,0,0,0,-1,0,1.0000,-1,23,15,19,0,57
298.6942,3,0,8,0,0,0,0,-1,0,1.0000,-1,23,15,19,0,57
298.7128,3,0,8,0,0,0,0,-1,0,1.0000,-1,23,15,19,0,57
298.7349,3,0,8,0,0,0,0,-1,0,1.0000,-1,23,15,19,0,57
298.7559,3,0,8,0,0,0,0,-1,0,1.0000,-1,23,15,19,0,57
298.777,3,0,8,0,0,0,0,-1,0,1.0000,-1,23,15,19,0,57
298.7988,3,0,8,0,0,0,0,-1,0,1.0000,-1,23,15,19,0,57
298.8242,3,0,8,0,0,0,0,-1,0,1.0000,-1,23,15,19,0,57
298.8426,3,0,8,0,0,0,0,-1,0,1.0000,-1,23,15,19,0,57
298.8623,3,0,8,0,0,0,0,-1,0,1.0000,-1,23,15,19,0,57
298.8803,3,0,8,0,0,0,0,-1,1,2.0000,-1,23,15,19,0,57
298.8972,3,0,8,0,0,0,0,-1,0,2.0000,-1,23,15,19,0,57
298.9147,3,0,8,0,0,0,0,-1,0,2.0000,-1,23,15,19,0,57
298.9367,3,0,8,0,0,0,0,-1,0,2.0000,-1,23,15,19,0,57
298.9596,3,0,8,0,0,0,0,-1,0,2.0000,-1,23,15,19,0,57
298.9795,3,0,8,0,0,0,0,-1,0,2.0000,-1,23,15,19,0,57
298.9992,3,0,8,0,0,0,0,-1,0,2.0000,-1,23,15,19,0,57
299.0188,3,0,8,0,0,0,0,-1,0,2.0000,-1,23,15,19,0,57
299.037,3,0,8,0,0,0,0,-1,0,2.0000,-1,23,15,19,0,57
299.0562,3,0,8,0,0,0,0,-1,0,2.0000,-1,23,15,19,0,57
299.0762,3,0,8,0,0,0,0,-1,0,2.0000,-1,23,15,19,0,57
299.0958,3,0,8,0,0,0,1,200,0,2.0000,-1,23,15,19,0,57
299.1168,3,0,8,0,0,0,1,200,0,2.0000,-1,23,15,19,0,57
299.1399,3,0,8,0,0,0,1,200,0,1.0000,-1,23,15,19,0,57
299.1629,3,0,8,0,0,0,1,200,0,1.0000,-1,23,15,19,0,57
299.1888,3,0,8,0,0,0,1,200,0,1.0000,-1,23,15,19,0,57
299.2091,3,0,8,0,0,0,1,200,0,1.0000,-1,23,15,19,0,57
299.2335,3,0,8,0,0,0,1,200,0,1.0000,-1,23,15,19,0,57
299.2475,3,0,8,0,0,0,1,200,0,1.0000,-1,23,15,19,0,57
299.2623,3,0,8,0,0,0,1,200,0,1.0000,-1,23,15,19,0,57
299.2799,3,0,8,0,0,0,1,200,0,1.0000,-1,23,15,19,0,57
299.3026,3,0,8,0,0,0,1,200,0,1.0000,-1,23,15,19,0,57
299.3235,3,0,8,0,0,0,1,200,0,1.0000,-1,23,15,19,0,57
299.3442,3,0,8,0,0,0,1,200,0,1.0000,-1,23,15,19,0,57
299.3659,3,0,8,0,0,0,1,200,0,1.0000,-1,23,15,19,0,57
299.387,3,0,8,0,0,0,1,200,0,1.0000,-1,23,15,19,0,57
299.4082,3,0,8,0,0,0,1,200,0,1.0000,-1,23,15,19,0,57
299.4306,3,0,8,0,0,0,1,200,0,1.0000,-1,23,15,19,0,57
299.4518,3,0,8,0,0,0,1,200,0,1.0000,-1,23,15,19,0,57
299.4734,3,0,8,0,0,0,1,200,0,1.0000,-1,23,15,19,0,57
299.494,3,0,8,0,0,0,1,200,0,1.0000,-1,23,15,19,0,57
299.5147,3,0,8,0,0,0,1,200,0,1.0000,-1,23,15,19,0,57
299.5348,3,0,8,0,0,0,1,200,1,2.0000,-1,23,15,19,0,57
299.5567,3,0,8,0,0,0,0,-1,0,2.0000,-1,23,15,19,0,57
299.5794,3,0,8,0,0,0,0,-1,0,2.0000,-1,23,15,19,0,57
299.6009,3,0,8,0,0,0,0,-1,0,2.0000,-1,23,15,19,0,57
299.6235,3,0,8,0,0,0,0,-1,0,2.0000,-1,23,15,19,0,57
299.6446,3,0,8,0,0,0,0,-1,0,2.0000,-1,23,15,19,0,57
299.6663,3,0,8,0,0,0,0,-1,0,2.0000,-1,23,15,19,0,57
299.6845,3,0,8,0,0,0,0,-1,0,2.0000,-1,23,15,19,0,57
299.7025,3,0,8,0,0,0,0,-1,0,2.0000,-1,23,15,19,0,57
299.7226,3,0,8,0,0,0,0,-1,0,2.0000,-1,23,15,19,0,57
299.7423,3,0,8,0,0,0,0,-1,0,2.0000,-1,23,15,19,0,57
299.7612,3,0,8,0,0,0,0,-1,0,2.0000,-1,23,15,19,0,57
299.7787,3,0,8,0,0,0,0,-1,0,2.0000,-1,23,15,19,0,57
299.7939,3,0,8,0,0,0,0,-1,0,2.0000,-1,23,15,19,0,57
299.8152,3,0,8,0,0,0,0,-1,0,2.0000,-1,23,15,19,0,57
299.8373,3,0,8,0,0,0,0,-1,0,2.0000,-1,23,15,19,0,57
299.8565,3,0,8,0,0,0,0,-1,0,2.0000,-1,23,15,19,0,57
299.8767,3,0,8,0,0,0,0,-1,0,2.0000,-1,23,15,19,0,57
299.8965,3,0,8,0,0,0,0,-1,0,1.0000,-1,23,15,19,0,57
299.9165,3,0,8,0,0,0,0,-1,0,1.0000,-1,23,15,19,0,57
299.9376,3,0,8,0,0,0,0,-1,0,1.0000,-1,23,15,19,0,57
299.9577,3,0,8,0,0,0,0,-1,0,1.0000,-1,23,15,19,0,57
299.98,3,0,8,0,0,0,0,-1,0,1.0000,-1,23,15,19,0,57
300.0013,3,0,8,0,0,0,0,-1,0,1.0000,-1,23,15,19,0,57
300.0226,3,0,8,0,0,0,0,-1,0,1.0000,-1,23,15,19,0,57
300.0444,3,0,8,0,0,0,0,-1,0,1.0000,-1,23,15,19,0,57
300.0651,3,0,8,0,0,0,0,-1,0,1.0000,-1,23,15,19,0,57
300.086,3,0,8,0,0,0,0,-1,0,1.0000,-1,23,15,19,0,57
300.1093,3,0,8,0,0,0,0,-1,0,1.0000,-1,23,15,19,0,57
300.1303,3,0,8,0,0,0,0,-1,0,1.0000,-1,23,15,19,0,57
300.1522,3,0,8,0,0,0,0,-1,0,1.0000,-1,23,15,19,0,57
300.1733,3,0,8,0,0,0,0,-1,0,1.0000,-1,23,15,19,0,57
300.1955,3,0,8,0,0,0,0,-1,0,1.0000,-1,23,15,19,0,57
300.2175,3,0,8,0,0,0,0,-1,0,1.0000,-1,23,15,19,0,57
300.2391,3,0,8,0,0,0,0,-1,0,1.0000,-1,23,15,19,0,57
300.2599,3,0,8,0,0,0,0,-1,0,1.0000,-1,23,15,19,0,57
300.2803,3,0,8,0,0,0,0,-1,0,1.0000,-1,23,15,19,0,57
300.3023,3,0,8,0,0,0,0,-1,0,1.0000,-1,23,15,19,0,57
300.3221,3,0,8,0,0,0,0,-1,0,1.0000,-1,23,15,19,0,57
300.3433,3,0,8,0,0,0,0,-1,0,1.0000,-1,23,15,19,0,57
300.3655,3,0,8,0,0,0,0,-1,0,1.0000,-1,23,15,19,0,57
300.3863,3,0,8,0,0,0,0,-1,0,1.0000,-1,23,15,19,0,57
300.4073,3,0,8,0,0,0,0,-1,0,1.0000,-1,23,15,19,0,57
300.4284,3,0,8,0,0,0,0,-1,0,1.0000,-1,23,15,19,0,57
300.4499,3,0,8,0,0,0,0,-1,0,1.0000,-1,23,15,19,0,57
300.4653,3,0,8,0,0,0,0,-1,0,1.0000,-1,23,15,19,0,57
300.4811,3,0,8,0,0,0,0,-1,0,1.0000,-1,23,15,19,0,57
300.4968,3,0,8,0,0,0,0,-1,0,1.0000,-1,23,15,19,0,57
300.5195,3,0,8,0,0,0,0,-1,1,2.0000,-1,23,15,19,0,57
300.5415,3,0,8,0,0,0,0,-1,0,1.0000,-1,23,15,19,0,57
300.571,3,0,8,0,0,0,1,202,0,1.0000,-1,23,15,19,0,57
300.5925,3,0,8,0,0,0,1,202,0,1.0000,-1,23,15,19,0,57
300.6133,3,0,8,0,0,0,1,202,0,1.0000,-1,23,15,19,0,57
300.635,3,0,8,0,0,0,1,200,0,1.0000,-1,23,15,19,0,57
300.6574,3,0,8,0,0,0,1,200,0,1.0000,-1,23,15,19,0,57
300.6792,3,0,8,0,0,0,1,200,0,1.0000,-1,23,15,19,0,57
300.7023,3,0,8,0,0,0,1,202,1,2.0000,-1,23,15,19,0,57
300.7289,3,0,8,0,0,0,1,202,0,2.0000,-1,23,15,19,0,57
300.7463,3,0,8,0,0,0,1,202,0,2.0000,-1,23,15,19,0,57
300.7642,3,0,8,0,0,0,1,202,0,2.0000,-1,23,15,19,0,57
300.7842,3,0,8,0,0,0,1,202,0,2.0000,-1,23,15,19,0,57
300.8054,3,0,8,0,0,0,1,202,0,2.0000,-1,23,15,19,0,57
300.8263,3,0,8,0,0,0,1,202,0,2.0000,-1,23,15,19,0,57
300.8464,3,0,8,0,0,0,1,202,0,2.0000,-1,23,15,19,0,57
300.8679,3,0,8,0,0,0,1,202,0,2.0000,-1,23,15,19,0,57
300.8908,3,0,8,0,0,0,1,202,0,2.0000,-1,23,15,19,0,57
300.9113,3,0,8,0,0,0,1,202,0,2.0000,-1,23,15,19,0,57
300.9312,3,0,8,1,0,0,1,202,0,2.0000,-1,23,15,19,0,57
300.9533,3,0,8,1,0,0,1,202,0,2.0000,-1,23,15,19,0,57
300.9749,3,0,8,1,0,0,1,202,0,2.0000,-1,23,15,19,0,57
300.9955,3,0,8,1,0,0,1,202,0,2.0000,-1,23,15,19,0,57
301.0121,3,0,8,1,0,0,1,202,0,2.0000,-1,23,15,19,0,57
301.0311,3,0,8,1,0,0,1,202,0,2.0000,-1,23,15,19,0,57
301.0519,3,0,8,1,0,0,1,202,0,2.0000,-1,23,15,19,0,57
301.0733,3,0,8,1,0,0,1,202,0,2.0000,-1,23,15,19,0,57
301.0921,3,0,8,1,0,0,1,202,0,2.0000,-1,23,15,19,0,57
301.1103,3,0,8,1,0,0,0,-1,1,3.0000,202,23,15,20,0,58
301.1339,3,0,8,1,0,0,0,-1,0,3.0000,-1,23,15,20,0,58
301.1631,3,0,8,1,0,0,0,-1,0,3.0000,-1,23,15,20,0,58
301.181,3,0,8,1,0,0,0,-1,0,3.0000,-1,23,15,20,0,58
301.1983,3,0,8,1,0,0,0,-1,0,3.0000,-1,23,15,20,0,58
301.2139,3,0,8,1,0,0,0,-1,0,3.0000,-1,23,15,20,0,58
301.2323,3,0,8,1,0,0,0,-1,0,3.0000,-1,23,15,20,0,58
301.2545,3,0,8,1,0,0,0,-1,0,3.0000,-1,23,15,20,0,58
301.2757,3,0,8,1,0,0,0,-1,0,3.0000,-1,23,15,20,0,58
301.2946,3,0,8,1,0,0,0,-1,0,3.0000,-1,23,15,20,0,58
301.3145,3,0,8,1,0,0,0,-1,0,3.0000,-1,23,15,20,0,58
301.3337,3,0,8,1,0,0,0,-1,0,3.0000,-1,23,15,20,0,58
301.3708,3,0,8,1,0,0,0,-1,0,3.0000,-1,23,15,20,0,58
301.3865,3,0,8,1,0,0,0,-1,0,3.0000,-1,23,15,20,0,58
301.4041,3,0,8,1,0,0,0,-1,0,3.0000,-1,23,15,20,0,58
301.4231,3,0,8,1,0,0,0,-1,0,3.0000,-1,23,15,20,0,58
301.4415,3,0,8,1,0,0,0,-1,0,3.0000,-1,23,15,20,0,58
301.4595,3,0,8,1,0,0,0,-1,0,3.0000,-1,23,15,20,0,58
301.4789,3,0,8,1,0,0,0,-1,0,3.0000,-1,23,15,20,0,58
301.5,3,0,8,1,0,0,0,-1,0,3.0000,-1,23,15,20,0,58
301.5207,3,0,8,1,0,0,0,-1,0,2.0000,-1,23,15,20,0,58
301.5411,3,0,8,1,0,0,0,-1,0,2.0000,-1,23,15,20,0,58
301.5601,3,0,8,1,0,0,0,-1,0,2.0000,-1,23,15,20,0,58
301.5786,3,0,8,1,0,0,0,-1,0,2.0000,-1,23,15,20,0,58
301.597,3,0,8,1,0,0,0,-1,0,2.0000,-1,23,15,20,0,58
301.6186,3,0,8,1,0,0,0,-1,0,2.0000,-1,23,15,20,0,58
301.6397,3,0,8,1,0,0,0,-1,0,2.0000,-1,23,15,20,0,58
301.6609,3,0,8,1,0,0,0,-1,0,2.0000,-1,23,15,20,0,58
301.6819,3,0,8,1,0,0,0,-1,0,2.0000,-1,23,15,20,0,58
301.7001,3,0,8,1,0,0,0,-1,0,2.0000,-1,23,15,20,0,58
301.719,3,0,8,1,0,0,0,-1,0,1.0000,-1,23,15,20,0,58
301.7344,3,0,8,1,0,0,0,-1,0,1.0000,-1,23,15,20,0,58
301.758,3,0,8,1,0,0,0,-1,0,1.0000,-1,23,15,20,0,58
301.7795,3,0,8,1,0,0,0,-1,0,1.0000,-1,23,15,20,0,58
301.8009,3,0,8,1,0,0,0,-1,0,1.0000,-1,23,15,20,0,58
301.8263,3,0,8,1,0,0,0,-1,0,1.0000,-1,23,15,20,0,58
301.8472,3,0,8,1,0,0,0,-1,1,2.0000,-1,23,15,20,0,58
301.8707,3,0,8,1,0,0,0,-1,0,2.0000,-1,23,15,20,0,58
301.8925,3,0,8,1,0,0,0,-1,0,2.0000,-1,23,15,20,0,58
301.9118,3,0,8,1,0,0,0,-1,0,2.0000,-1,23,15,20,0,58
301.9307,3,0,8,1,0,0,0,-1,0,2.0000,-1,23,15,20,0,58
301.9515,3,0,8,0,0,0,0,-1,0,2.0000,-1,23,15,20,0,58
301.9727,3,0,8,0,0,0,0,-1,0,2.0000,-1,23,15,20,0,58
302.0006,3,0,8,0,0,0,0,-1,0,2.0000,-1,23,15,20,0,58
302.0197,3,0,8,0,0,0,0,-1,0,2.0000,-1,23,15,20,0,58
302.041,3,0,8,0,0,0,1,204,0,2.0000,-1,23,15,20,0,58
302.0608,3,0,8,0,0,0,1,204,0,2.0000,-1,23,15,20,0,58
302.0806,3,0,8,0,0,0,1,204,0,2.0000,-1,23,15,20,0,58
302.1038,3,0,8,0,0,0,1,204,0,2.0000,-1,23,15,20,0,58
302.125,3,0,8,0,0,0,1,204,0,1.0000,-1,23,15,20,0,58
302.1432,3,0,8,0,0,0,1,204,0,1.0000,-1,23,15,20,0,58
302.1603,3,0,8,0,0,0,1,204,0,1.0000,-1,23,15,20,0,58
302.1791,3,0,8,0,0,0,1,204,0,1.0000,-1,23,15,20,0,58
302.1979,3,0,8,0,0,0,1,204,0,1.0000,-1,23,15,20,0,58
302.2172,3,0,8,0,0,0,1,204,0,1.0000,-1,23,15,20,0,58
302.2367,3,0,8,0,0,0,1,204,0,1.0000,-1,23,15,20,0,58
302.2583,3,0,8,0,0,0,1,204,0,1.0000,-1,23,15,20,0,58
302.2798,3,0,8,0,0,0,1,204,0,1.0000,-1,23,15,20,0,58
302.3018,3,0,8,0,0,0,1,204,0,1.0000,-1,23,15,20,0,58
302.3245,3,0,8,0,0,0,1,204,0,1.0000,-1,23,15,20,0,58
302.3465,3,0,8,0,0,0,1,204,0,1.0000,-1,23,15,20,0,58
302.3702,3,0,8,0,0,0,1,204,0,1.0000,-1,23,15,20,0,58
302.391,3,0,8,0,0,0,1,204,0,1.0000,-1,23,15,20,0,58
302.4177,3,0,8,0,0,0,1,204,0,1.0000,-1,23,15,20,0,58
302.4384,3,0,8,0,0,0,1,204,0,1.0000,-1,23,15,20,0,58
302.4571,3,0,8,0,0,0,1,204,0,1.0000,-1,23,15,20,0,58
302.4745,3,0,8,0,0,0,1,204,0,1.0000,-1,23,15,20,0,58
302.4934,3,0,8,0,0,0,1,204,0,1.0000,-1,23,15,20,0,58
302.5139,3,0,8,0,0,0,1,204,0,1.0000,-1,23,15,20,0,58
302.5373,3,0,8,0,0,0,1,204,0,1.0000,-1,23,15,20,0,58
302.559,3,0,8,0,0,0,1,204,0,1.0000,-1,23,15,20,0,58
302.5804,3,0,8,0,0,0,1,204,0,1.0000,-1,23,15,20,0,58
302.6032,3,0,8,0,0,0,1,204,0,1.0000,-1,23,15,20,0,58
302.6255,3,0,8,0,0,0,1,204,0,1.0000,-1,23,15,20,0,58
302.6443,3,0,8,0,0,0,1,204,0,1.0000,-1,23,15,20,0,58
302.6623,3,0,8,0,0,0,1,204,0,1.0000,-1,23,15,20,0,58
302.6833,3,0,8,0,0,0,1,204,0,1.0000,-1,23,15,20,0,58
302.7075,3,0,8,0,0,0,1,204,0,1.0000,-1,23,15,20,0,58
302.7303,3,0,8,0,0,0,1,204,0,1.0000,-1,23,15,20,0,58
302.7514,3,0,8,0,0,0,1,204,1,2.0000,-1,23,15,20,0,58
302.7725,3,0,8,0,0,0,0,-1,0,2.0000,-1,23,15,20,0,58
302.7899,3,0,8,0,0,0,0,-1,0,2.0000,-1,23,15,20,0,58
302.8107,3,0,8,0,0,0,1,203,0,2.0000,-1,23,15,20,0,58
302.8313,3,0,8,0,0,0,1,203,0,2.0000,-1,23,15,20,0,58
302.8547,3,0,8,0,0,0,1,203,0,1.0000,-1,23,15,20,0,58
302.8767,3,0,8,0,0,0,0,-1,0,1.0000,-1,23,15,20,0,58
302.8982,3,0,8,0,0,0,0,-1,0,1.0000,-1,23,15,20,0,58
302.9196,3,0,8,0,0,0,0,-1,0,1.0000,-1,23,15,20,0,58
302.9399,3,0,8,0,0,0,0,-1,0,1.0000,-1,23,15,20,0,58
302.9593,3,0,8,0,0,0,0,-1,0,1.0000,-1,23,15,20,0,58
302.9795,3,0,8,0,0,0,0,-1,0,1.0000,-1,23,15,20,0,58
303.0008,3,0,8,0,0,0,0,-1,0,1.0000,-1,23,15,20,0,58
303.024,3,0,8,0,0,0,0,-1,0,1.0000,-1,23,15,20,0,58
303.0467,3,0,8,0,0,0,0,-1,0,1.0000,-1,23,15,20,0,58
303.0694,3,0,8,0,0,0,0,-1,0,1.0000,-1,23,15,20,0,58
303.0896,3,0,8,0,0,0,0,-1,0,1.0000,-1,23,15,20,0,58
303.1101,3,0,8,0,0,0,0,-1,0,1.0000,-1,23,15,20,0,58
303.1315,3,0,8,0,0,0,0,-1,0,1.0000,-1,23,15,20,0,58
303.1537,3,0,8,0,0,0,0,-1,0,1.0000,-1,23,15,20,0,58
303.176,3,0,8,0,0,0,0,-1,0,1.0000,-1,23,15,20,0,58
303.1979,3,0,8,0,0,0,0,-1,1,2.0000,-1,23,15,20,0,58
303.2186,3,0,8,0,0,0,0,-1,0,2.0000,-1,23,15,20,0,58
303.2386,3,0,8,0,0,0,0,-1,0,2.0000,-1,23,15,20,0,58
303.2588,3,0,8,0,0,0,0,-1,0,2.0000,-1,23,15,20,0,58
303.2792,3,0,8,0,0,0,0,-1,0,2.0000,-1,23,15,20,0,58
303.2996,3,0,8,0,0,0,0,-1,0,2.0000,-1,23,15,20,0,58
303.3216,3,0,8,0,0,0,0,-1,0,2.0000,-1,23,15,20,0,58
303.3483,3,0,8,0,0,0,0,-1,0,2.0000,-1,23,15,20,0,58
303.3693,3,0,8,0,0,0,0,-1,0,2.0000,-1,23,15,20,0,58
303.3896,3,0,8,0,0,0,0,-1,0,2.0000,-1,23,15,20,0,58
303.4091,3,0,8,0,0,0,0,-1,0,2.0000,-1,23,15,20,0,58
303.4297,3,0,8,0,0,0,0,-1,0,2.0000,-1,23,15,20,0,58
303.4519,3,0,8,0,0,0,0,-1,0,2.0000,-1,23,15,20,0,58
303.4786,3,0,8,0,0,0,0,-1,0,2.0000,-1,23,15,20,0,58
303.4987,3,0,8,0,0,0,0,-1,0,2.0000,-1,23,15,20,0,58
303.5185,3,0,8,0,0,0,0,-1,0,2.0000,-1,23,15,20,0,58
303.5398,3,0,8,0,0,0,0,-1,0,2.0000,-1,23,15,20,0,58
303.5623,3,0,8,0,0,0,0,-1,1,3.0000,-1,23,15,20,0,58
303.5832,3,0,8,0,0,0,0,-1,0,3.0000,-1,23,15,20,0,58
303.6041,3,0,8,0,0,0,0,-1,0,3.0000,-1,23,15,20,0,58
303.6245,3,0,8,0,0,0,0,-1,0,3.0000,-1,23,15,20,0,58
303.6459,3,0,8,0,0,0,0,-1,0,3.0000,-1,23,15,20,0,58
303.6674,3,0,8,0,0,0,0,-1,0,3.0000,-1,23,15,20,0,58
303.6923,3,0,8,0,0,0,0,-1,0,3.0000,-1,23,15,20,0,58
303.7073,3,0,8,0,0,0,0,-1,0,3.0000,-1,23,15,20,0,58
303.7228,3,0,8,0,0,0,0,-1,0,3.0000,-1,23,15,20,0,58
303.7402,3,0,8,0,0,0,0,-1,0,3.0000,-1,23,15,20,0,58
303.761,3,0,8,0,0,0,0,-1,0,2.0000,-1,23,15,20,0,58
303.781,3,0,8,0,0,0,0,-1,0,2.0000,-1,23,15,20,0,58
303.8011,3,0,8,0,0,0,0,-1,0,2.0000,-1,23,15,20,0,58
303.8232,3,0,8,0,0,0,1,207,0,2.0000,-1,23,15,20,0,58
303.8421,3,0,8,0,0,0,1,207,0,2.0000,-1,23,15,20,0,58
303.8621,3,0,8,0,0,0,1,207,0,2.0000,-1,23,15,20,0,58
303.8842,3,0,8,0,0,0,1,207,0,2.0000,-1,23,15,20,0,58
303.9201,3,0,8,0,0,0,1,207,0,2.0000,-1,23,15,20,0,58
303.9347,3,0,8,0,0,0,1,207,0,2.0000,-1,23,15,20,0,58
303.9489,3,0,8,0,0,0,1,207,0,2.0000,-1,23,15,20,0,58
303.9662,3,0,8,0,0,0,1,207,0,2.0000,-1,23,15,20,0,58
303.9879,3,0,8,0,0,0,1,207,0,2.0000,-1,23,15,20,0,58
304.0096,3,0,8,0,0,0,1,207,0,2.0000,-1,23,15,20,0,58
304.028,3,0,8,0,0,0,1,207,1,3.0000,-1,23,15,20,0,58
304.0482,3,0,8,0,0,0,1,207,0,3.0000,-1,23,15,20,0,58
304.0684,3,0,8,0,0,0,1,207,0,3.0000,-1,23,15,20,0,58
304.09,3,0,8,0,0,0,1,207,0,3.0000,-1,23,15,20,0,58
304.1122,3,0,8,0,0,0,1,207,0,3.0000,-1,23,15,20,0,58
304.1324,3,0,8,0,0,0,1,207,0,3.0000,-1,23,15,20,0,58
304.152,3,0,8,0,0,0,1,207,0,3.0000,-1,23,15,20,0,58
304.173,3,0,8,0,0,0,1,207,0,3.0000,-1,23,15,20,0,58
304.192,3,0,8,0,0,0,1,207,0,3.0000,-1,23,15,20,0,58
304.2122,3,0,8,0,0,0,1,207,0,2.0000,-1,23,15,20,0,58
304.2321,3,0,8,0,0,0,1,207,0,2.0000,-1,23,15,20,0,58
304.2519,3,0,8,0,0,0,1,207,1,3.0000,-1,23,15,20,0,58
304.2745,3,0,8,0,0,0,1,207,0,3.0000,-1,23,15,20,0,58
304.2966,3,0,8,0,0,0,0,-1,0,3.0000,-1,23,15,20,0,58
304.3192,3,0,8,0,0,0,0,-1,0,3.0000,-1,23,15,20,0,58
304.3384,3,0,8,0,0,0,0,-1,0,3.0000,-1,23,15,20,0,58
304.3601,3,0,8,0,0,0,0,-1,0,3.0000,-1,23,15,20,0,58
304.3825,3,0,8,0,0,0,0,-1,0,3.0000,207,23,15,21,0,59
304.407,3,0,8,0,0,0,0,-1,0,3.0000,-1,23,15,21,0,59
304.4293,3,0,8,0,0,0,0,-1,0,3.0000,-1,23,15,21,0,59
304.4515,3,0,8,0,0,0,0,-1,0,3.0000,-1,23,15,21,0,59
304.4737,3,0,8,0,0,0,0,-1,0,3.0000,-1,23,15,21,0,59
304.4972,3,0,8,0,0,0,0,-1,1,4.0000,-1,23,15,21,0,59
304.5251,3,0,8,0,0,0,0,-1,0,4.0000,-1,23,15,21,0,59
304.5441,3,0,8,0,0,0,0,-1,0,4.0000,-1,23,15,21,0,59
304.5638,3,0,8,0,0,0,0,-1,0,3.0000,-1,23,15,21,0,59
304.5848,3,0,8,0,0,0,0,-1,0,3.0000,-1,23,15,21,0,59
304.6064,3,0,8,0,0,0,0,-1,0,3.0000,-1,23,15,21,0,59
304.6252,3,0,8,0,0,0,0,-1,0,3.0000,-1,23,15,21,0,59
304.6449,3,0,8,0,0,0,0,-1,0,3.0000,-1,23,15,21,0,59
304.666,3,0,8,0,0,0,0,-1,0,3.0000,-1,23,15,21,0,59
304.6877,3,0,8,0,0,0,0,-1,0,3.0000,-1,23,15,21,0,59
304.7102,3,0,8,0,0,0,0,-1,0,3.0000,-1,23,15,21,0,59
304.7332,3,0,8,0,0,0,0,-1,0,3.0000,-1,23,15,21,0,59
304.7542,3,0,8,0,0,0,0,-1,0,3.0000,-1,23,15,21,0,59
304.7756,3,0,8,0,0,0,0,-1,0,3.0000,-1,23,15,21,0,59
304.7971,3,0,8,0,0,0,0,-1,0,3.0000,-1,23,15,21,0,59
304.8185,3,0,8,0,0,0,0,-1,0,3.0000,-1,23,15,21,0,59
304.8368,3,0,8,0,0,0,0,-1,0,3.0000,-1,23,15,21,0,59
304.8533,3,0,8,0,0,0,0,-1,0,3.0000,-1,23,15,21,0,59
304.873,3,0,8,0,0,0,0,-1,0,3.0000,-1,23,15,21,0,59
304.8935,3,0,8,0,0,0,0,-1,0,3.0000,-1,23,15,21,0,59
304.9145,3,0,8,0,0,0,0,-1,0,3.0000,-1,23,15,21,0,59
304.9471,3,0,8,0,0,0,0,-1,1,4.0000,-1,23,15,21,0,59
304.9651,3,0,8,0,0,0,0,-1,0,4.0000,-1,23,15,21,0,59
304.9814,3,0,8,0,0,0,0,-1,0,4.0000,-1,23,15,21,0,59
304.9994,3,0,8,0,0,0,0,-1,0,4.0000,-1,23,15,21,0,59
305.0154,3,0,8,0,0,0,0,-1,0,4.0000,-1,23,15,21,0,59
305.036,3,0,8,0,0,0,0,-1,0,3.0000,-1,23,15,21,0,59
305.0576,3,0,8,0,0,0,0,-1,0,3.0000,-1,23,15,21,0,59
305.0777,3,0,8,0,0,0,0,-1,0,3.0000,-1,23,15,21,0,59
305.0992,3,0,8,0,0,0,0,-1,0,3.0000,-1,23,15,21,0,59
305.1214,3,0,8,0,0,0,0,-1,0,3.0000,-1,23,15,21,0,59
305.1432,3,0,8,0,0,0,0,-1,0,3.0000,-1,23,15,21,0,59
305.1628,3,0,8,0,0,0,0,-1,0,3.0000,-1,23,15,21,0,59
305.1843,3,0,8,0,0,0,0,-1,0,3.0000,-1,23,15,21,0,59
305.205,3,0,8,0,0,0,0,-1,0,3.0000,-1,23,15,21,0,59
305.224,3,0,8,0,0,0,0,-1,0,3.0000,-1,23,15,21,0,59
305.2408,3,0,8,0,0,0,0,-1,0,3.0000,-1,23,15,21,0,59
305.2636,3,0,8,0,0,0,0,-1,0,2.0000,-1,23,15,21,0,59
305.2844,3,0,8,0,0,0,0,-1,0,2.0000,-1,23,15,21,0,59
305.3064,3,0,8,0,0,0,0,-1,0,2.0000,-1,23,15,21,0,59
305.3281,3,0,8,0,0,0,0,-1,0,2.0000,-1,23,15,21,0,59
305.3564,3,0,8,0,0,0,0,-1,0,2.0000,-1,23,15,21,0,59
305.3766,3,0,8,0,0,0,0,-1,0,2.0000,-1,23,15,21,0,59
305.3926,3,0,8,0,0,0,0,-1,0,2.0000,-1,23,15,21,0,59
305.4091,3,0,8,0,0,0,0,-1,0,2.0000,-1,23,15,21,0,59
305.4261,3,0,8,0,0,0,0,-1,0,2.0000,-1,23,15,21,0,59
305.442,3,0,8,0,0,0,0,-1,0,2.0000,-1,23,15,21,0,59
305.4632,3,0,8,0,0,0,0,-1,0,2.0000,-1,23,15,21,0,59
305.4827,3,0,8,0,0,0,0,-1,0,2.0000,-1,23,15,21,0,59
305.5027,3,0,8,0,0,0,0,-1,0,1.0000,-1,23,15,21,0,59
305.5223,3,0,8,0,0,0,0,-1,0,1.0000,-1,23,15,21,0,59
305.5428,3,0,8,0,0,0,0,-1,0,1.0000,-1,23,15,21,0,59
305.5626,3,0,8,0,0,0,0,-1,0,1.0000,-1,23,15,21,0,59
305.5838,3,0,8,0,0,0,0,-1,0,1.0000,-1,23,15,21,0,59
305.605,3,0,8,0,0,0,0,-1,0,1.0000,-1,23,15,21,0,59
305.6256,3,0,8,0,0,0,0,-1,0,1.0000,-1,23,15,21,0,59
305.6466,3,0,8,0,0,0,0,-1,0,1.0000,-1,23,15,21,0,59
305.6678,3,0,8,0,0,0,0,-1,0,1.0000,-1,23,15,21,0,59
305.6891,3,0,8,0,0,0,0,-1,0,1.0000,-1,23,15,21,0,59
305.7103,3,0,8,0,0,0,0,-1,0,1.0000,-1,23,15,21,0,59
305.7308,3,0,8,0,0,0,0,-1,0,1.0000,-1,23,15,21,0,59
305.7518,3,0,8,0,0,0,0,-1,0,1.0000,-1,23,15,21,0,59
305.7715,3,0,8,0,0,0,0,-1,0,1.0000,-1,23,15,21,0,59
305.7908,3,0,8,0,0,0,0,-1,0,1.0000,-1,23,15,21,0,59
305.811,3,0,8,0,0,0,0,-1,0,1.0000,-1,23,15,21,0,59
305.8289,3,0,8,0,0,0,0,-1,0,1.0000,-1,23,15,21,0,59
305.8471,3,0,8,0,0,0,0,-1,0,1.0000,-1,23,15,21,0,59
305.8649,3,0,8,0,0,0,0,-1,0,1.0000,-1,23,15,21,0,59
305.8859,3,0,8,0,0,0,0,-1,0,1.0000,-1,23,15,21,0,59
305.906,3,0,8,0,0,0,0,-1,0,1.0000,-1,23,15,21,0,59
305.9231,3,0,8,0,0,0,0,-1,0,1.0000,-1,23,15,21,0,59
305.9413,3,0,8,0,0,0,0,-1,0,1.0000,-1,23,15,21,0,59
305.9599,3,0,8,0,0,0,0,-1,0,0.0000,-1,23,15,21,0,59
305.9777,3,0,8,0,0,0,0,-1,0,0.0000,-1,23,15,21,0,59
305.9994,3,0,8,0,0,0,0,-1,0,0.0000,-1,23,15,21,0,59
306.0192,3,0,8,0,0,0,0,-1,1,1.0000,-1,23,15,21,0,59
306.0394,3,0,8,0,0,0,0,-1,0,1.0000,-1,23,15,21,0,59
306.0611,3,0,8,0,0,0,0,-1,0,1.0000,-1,23,15,21,0,59
306.0821,3,0,8,0,0,0,0,-1,0,1.0000,-1,23,15,21,0,59
306.103,3,0,8,0,0,0,0,-1,0,1.0000,-1,23,15,21,0,59
306.129,3,0,8,0,0,0,0,-1,0,1.0000,-1,23,15,21,0,59
306.1455,3,0,8,0,0,0,0,-1,0,1.0000,-1,23,15,21,0,59
306.1639,3,0,8,0,0,0,0,-1,0,1.0000,-1,23,15,21,0,59
306.1933,3,0,8,0,0,0,0,-1,0,1.0000,-1,23,15,21,0,59
306.2074,3,0,8,0,0,0,0,-1,0,1.0000,-1,23,15,21,0,59
306.2234,3,0,8,0,0,0,0,-1,0,1.0000,-1,23,15,21,0,59
306.2402,3,0,8,0,0,0,0,-1,0,1.0000,-1,23,15,21,0,59
306.2591,3,0,8,0,0,0,0,-1,0,1.0000,-1,23,15,21,0,59
306.2807,3,0,8,0,0,0,0,-1,0,1.0000,-1,23,15,21,0,59
306.2998,3,0,8,0,0,0,0,-1,0,1.0000,-1,23,15,21,0,59
306.3197,3,0,8,0,0,0,0,-1,0,1.0000,-1,23,15,21,0,59
306.339,3,0,8,0,0,0,0,-1,0,1.0000,-1,23,15,21,0,59
306.3586,3,0,8,0,0,0,0,-1,0,1.0000,-1,23,15,21,0,59
306.379,3,0,8,0,0,0,0,-1,0,1.0000,-1,23,15,21,0,59
306.3993,3,0,8,0,0,0,0,-1,0,1.0000,-1,23,15,21,0,59
306.4187,3,0,8,0,0,0,0,-1,0,1.0000,-1,23,15,21,0,59
306.4385,3,0,8,0,0,0,0,-1,0,1.0000,-1,23,15,21,0,59
306.4587,3,0,8,0,0,0,0,-1,0,1.0000,-1,23,15,21,0,59
306.4782,3,0,8,0,0,0,0,-1,0,1.0000,-1,23,15,21,0,59
306.4976,3,0,8,0,0,0,0,-1,0,1.0000,-1,23,15,21,0,59
306.5189,3,0,8,0,0,0,0,-1,0,1.0000,-1,23,15,21,0,59
306.5401,3,0,8,0,0,0,0,-1,0,1.0000,-1,23,15,21,0,59
306.562,3,0,8,0,0,0,0,-1,0,1.0000,-1,23,15,21,0,59
306.5828,3,0,8,0,0,0,0,-1,0,1.0000,-1,23,15,21,0,59
306.6031,3,0,8,0,0,0,0,-1,0,1.0000,-1,23,15,21,0,59
306.623,3,0,8,0,0,0,1,209,0,1.0000,-1,23,15,21,0,59
306.6429,3,0,8,0,0,0,1,209,0,1.0000,-1,23,15,21,0,59
306.6633,3,0,8,0,0,0,1,209,0,1.0000,-1,23,15,21,0,59
306.6841,3,0,8,0,0,0,1,209,0,1.0000,-1,23,15,21,0,59
306.704,3,0,8,0,0,0,1,209,0,1.0000,-1,23,15,21,0,59
306.7254,3,0,8,0,0,0,1,209,0,1.0000,-1,23,15,21,0,59
306.7455,3,0,8,0,0,0,1,209,0,1.0000,-1,23,15,21,0,59
306.768,3,0,8,0,0,0,1,209,0,1.0000,-1,23,15,21,0,59
306.7891,3,0,8,0,0,0,1,209,1,2.0000,-1,23,15,21,0,59
306.8099,3,0,8,0,0,0,0,-1,0,2.0000,-1,23,15,21,0,59
306.83,3,0,8,0,0,0,0,-1,0,2.0000,-1,23,15,21,0,59
306.8484,3,0,8,0,0,0,0,-1,0,2.0000,-1,23,15,21,0,59
306.8684,3,0,8,0,0,0,0,-1,0,2.0000,-1,23,15,21,0,59
306.8888,3,0,8,0,0,0,0,-1,0,2.0000,-1,23,15,21,0,59
306.9093,3,0,8,0,0,0,0,-1,0,2.0000,-1,23,15,21,0,59
306.9315,3,0,8,0,0,0,1,208,0,2.0000,-1,23,15,21,0,59
306.9539,3,0,8,0,0,0,1,208,0,2.0000,-1,23,15,21,0,59
306.974,3,0,8,0,0,0,1,208,0,2.0000,-1,23,15,21,0,59
306.9943,3,0,8,0,0,0,1,208,0,2.0000,-1,23,15,21,0,59
307.0145,3,0,8,0,0,0,1,208,0,2.0000,-1,23,15,21,0,59
307.0357,3,0,8,0,0,0,1,208,0,1.0000,-1,23,15,21,0,59
307.0566,3,0,8,0,0,0,1,208,0,1.0000,-1,23,15,21,0,59
307.0781,3,0,8,0,0,0,1,208,0,1.0000,-1,23,15,21,0,59
307.0984,3,0,8,0,0,0,1,208,0,1.0000,-1,23,15,21,0,59
307.1195,3,0,8,0,0,0,1,208,0,1.0000,-1,23,15,21,0,59
307.1412,3,0,8,0,0,0,1,208,0,1.0000,-1,23,15,21,0,59
307.1615,3,0,8,0,0,0,1,208,0,1.0000,-1,23,15,21,0,59
307.1842,3,0,8,0,0,0,1,208,0,1.0000,-1,23,15,21,0,59
307.2066,3,0,8,0,0,0,1,208,0,1.0000,-1,23,15,21,0,59
307.229,3,0,8,0,0,0,1,208,0,1.0000,-1,23,15,21,0,59
307.248,3,0,8,0,0,0,1,208,0,1.0000,-1,23,15,21,0,59
307.2697,3,0,8,0,0,0,1,208,0,1.0000,-1,23,15,21,0,59
307.2915,3,0,8,0,0,0,1,208,0,1.0000,-1,23,15,21,0,59
307.3104,3,0,8,0,0,0,1,208,0,1.0000,-1,23,15,21,0,59
307.3308,3,0,8,0,0,0,1,208,0,1.0000,-1,23,15,21,0,59
307.3527,3,0,8,0,0,0,1,208,1,2.0000,-1,23,15,21,0,59
307.3748,3,0,8,0,0,0,1,208,0,2.0000,-1,23,15,21,0,59
307.397,3,0,8,0,0,0,1,208,0,2.0000,-1,23,15,21,0,59
307.4174,3,0,8,0,0,0,1,208,0,2.0000,-1,23,15,21,0,59
307.4398,3,0,8,0,0,0,1,208,0,2.0000,-1,23,15,21,0,59
307.4609,3,0,8,0,0,0,1,208,0,2.0000,-1,23,15,21,0,59
307.4834,3,0,8,0,0,0,1,208,0,2.0000,-1,23,15,21,0,59
307.5067,3,0,8,0,0,0,1,208,0,2.0000,-1,23,15,21,0,59
307.5293,3,0,8,0,0,0,1,208,0,2.0000,-1,23,15,21,0,59
307.5495,3,0,8,0,0,0,1,208,0,2.0000,-1,23,15,21,0,59
307.5699,3,0,8,0,0,0,1,208,0,2.0000,-1,23,15,21,0,59
307.5912,3,0,8,0,0,0,1,208,0,2.0000,-1,23,15,21,0,59
307.6125,3,0,8,0,0,0,1,208,0,2.0000,-1,23,15,21,0,59
307.6341,3,0,8,0,0,0,1,208,0,2.0000,-1,23,15,21,0,59
307.6582,3,0,8,0,0,0,1,208,0,2.0000,-1,23,15,21,0,59
307.6729,3,0,8,0,0,0,1,208,0,2.0000,-1,23,15,21,0,59
307.693,3,0,8,0,0,0,1,208,1,3.0000,-1,23,15,21,0,59
307.7112,3,0,8,0,0,0,0,-1,0,3.0000,-1,23,15,21,0,59
307.7295,3,0,8,0,0,0,0,-1,0,3.0000,-1,23,15,21,0,59
307.752,3,0,8,0,0,0,0,-1,0,3.0000,-1,23,15,21,0,59
307.7736,3,0,8,0,0,0,0,-1,0,3.0000,-1,23,15,21,0,59
307.7958,3,0,8,0,0,0,0,-1,0,2.0000,-1,23,15,21,0,59
307.8205,3,0,8,0,0,0,0,-1,0,2.0000,-1,23,15,21,0,59
307.8439,3,0,8,0,0,0,0,-1,0,2.0000,-1,23,15,21,0,59
307.8691,3,0,8,0,0,0,0,-1,0,2.0000,-1,23,15,21,0,59
307.8869,3,0,8,0,0,0,0,-1,0,2.0000,-1,23,15,21,0,59
307.9057,3,0,8,0,0,0,0,-1,0,2.0000,-1,23,15,21,0,59
307.9226,3,0,8,0,0,0,0,-1,0,2.0000,-1,23,15,21,0,59
307.9431,3,0,8,0,0,0,0,-1,0,2.0000,-1,23,15,21,0,59
307.9634,3,0,8,0,0,0,0,-1,0,2.0000,-1,23,15,21,0,59
307.9838,3,0,8,0,0,0,0,-1,0,2.0000,-1,23,15,21,0,59
308.0064,3,0,8,0,0,0,0,-1,0,2.0000,-1,23,15,21,0,59
308.028,3,0,8,0,0,0,0,-1,0,2.0000,-1,23,15,21,0,59
308.0472,3,0,8,0,0,0,0,-1,0,2.0000,-1,23,15,21,0,59
308.0669,3,0,8,0,0,0,0,-1,0,2.0000,-1,23,15,21,0,59
308.0881,3,0,8,0,0,0,0,-1,0,2.0000,-1,23,15,21,0,59
308.1103,3,0,8,0,0,0,0,-1,0,2.0000,-1,23,15,21,0,59
308.1303,3,0,8,0,0,0,0,-1,0,2.0000,-1,23,15,21,0,59
308.1512,3,0,8,0,0,0,0,-1,0,2.0000,-1,23,15,21,0,59
308.1713,3,0,8,0,0,0,0,-1,0,2.0000,-1,23,15,21,0,59
308.1934,3,0,8,0,0,0,0,-1,0,2.0000,-1,23,15,21,0,59
308.213,3,0,8,0,0,0,0,-1,0,2.0000,-1,23,15,21,0,59
308.2322,3,0,8,0,0,0,0,-1,0,2.0000,-1,23,15,21,0,59
308.25,3,0,8,0,0,0,0,-1,0,2.0000,-1,23,15,21,0,59
308.267,3,0,8,0,0,0,0,-1,0,2.0000,-1,23,15,21,0,59
308.2846,3,0,8,0,0,0,0,-1,0,2.0000,-1,23,15,21,0,59
308.3028,3,0,8,0,0,0,0,-1,0,2.0000,-1,23,15,21,0,59
308.3235,3,0,8,0,0,0,0,-1,0,2.0000,-1,23,15,21,0,59
308.343,3,0,8,0,0,0,0,-1,0,2.0000,-1,23,15,21,0,59
308.365,3,0,8,0,0,0,0,-1,0,1.0000,-1,23,15,21,0,59
308.3849,3,0,8,0,0,0,0,-1,0,1.0000,-1,23,15,21,0,59
308.4013,3,0,8,0,0,0,0,-1,0,1.0000,-1,23,15,21,0,59
308.4202,3,0,8,0,0,0,0,-1,0,1.0000,-1,23,15,21,0,59
308.4413,3,0,8,0,0,0,0,-1,0,1.0000,-1,23,15,21,0,59
308.4625,3,0,8,0,0,0,0,-1,0,1.0000,-1,23,15,21,0,59
308.4864,3,0,8,0,0,0,0,-1,0,1.0000,-1,23,15,21,0,59
308.5077,3,0,8,0,0,0,0,-1,0,1.0000,-1,23,15,21,0,59
308.5295,3,0,8,0,0,0,0,-1,0,1.0000,-1,23,15,21,0,59
308.5521,3,0,8,0,0,0,0,-1,0,1.0000,-1,23,15,21,0,59
308.5732,3,0,8,0,0,0,0,-1,0,1.0000,-1,23,15,21,0,59
308.5933,3,0,8,0,0,0,0,-1,0,1.0000,-1,23,15,21,0,59
308.6151,3,0,8,0,0,0,0,-1,0,1.0000,-1,23,15,21,0,59
308.6368,3,0,8,0,0,0,0,-1,0,1.0000,-1,23,15,21,0,59
308.6579,3,0,8,0,0,0,0,-1,0,1.0000,-1,23,15,21,0,59
308.678,3,0,8,0,0,0,0,-1,0,1.0000,-1,23,15,21,0,59
308.7038,3,0,8,0,0,0,0,-1,0,0.0000,-1,23,15,21,0,59
308.7194,3,0,8,0,0,0,0,-1,0,0.0000,-1,23,15,21,0,59
308.7342,3,0,8,0,0,0,0,-1,0,0.0000,-1,23,15,21,0,59
308.7523,3,0,8,0,0,0,0,-1,0,0.0000,-1,23,15,21,0,59
308.7712,3,0,8,0,0,0,0,-1,0,0.0000,-1,23,15,21,0,59
308.7911,3,0,8,0,0,0,0,-1,0,0.0000,-1,23,15,21,0,59
308.8109,3,0,8,0,0,0,0,-1,0,0.0000,-1,23,15,21,0,59
308.8305,3,0,8,0,0,0,0,-1,0,0.0000,-1,23,15,21,0,59
308.8524,3,0,8,0,0,0,0,-1,0,0.0000,-1,23,15,21,0,59
308.8752,3,0,8,0,0,0,0,-1,0,0.0000,-1,23,15,21,0,59
308.8974,3,0,8,0,0,0,0,-1,0,0.0000,-1,23,15,21,0,59
308.9246,3,0,8,0,0,0,0,-1,0,0.0000,-1,23,15,21,0,59
308.9425,3,0,8,0,0,0,0,-1,1,1.0000,-1,23,15,21,0,59
308.9577,3,0,8,0,0,0,0,-1,0,1.0000,-1,23,15,21,0,59
308.9746,3,0,8,0,0,0,0,-1,0,1.0000,-1,23,15,21,0,59
308.9943,3,0,8,0,0,0,0,-1,0,1.0000,-1,23,15,21,0,59
309.0146,3,0,8,0,0,0,0,-1,0,1.0000,-1,23,15,21,0,59
309.0363,3,0,8,0,0,0,0,-1,0,1.0000,-1,23,15,21,0,59
309.0565,3,0,8,0,0,0,0,-1,0,1.0000,-1,23,15,21,0,59
309.0786,3,0,8,0,0,0,0,-1,0,1.0000,-1,23,15,21,0,59
309.0997,3,0,8,0,0,0,0,-1,0,1.0000,-1,23,15,21,0,59
309.1212,3,0,8,0,0,0,0,-1,0,1.0000,-1,23,15,21,0,59
309.1415,3,0,8,0,0,0,0,-1,0,1.0000,-1,23,15,21,0,59
309.1573,3,0,8,0,0,0,0,-1,0,1.0000,-1,23,15,21,0,59
309.1736,3,0,8,0,0,0,0,-1,0,1.0000,-1,23,15,21,0,59
309.1939,3,0,8,0,0,0,0,-1,0,1.0000,-1,23,15,21,0,59
309.2125,3,0,8,0,0,0,0,-1,0,1.0000,-1,23,15,21,0,59
309.2339,3,0,8,0,0,0,0,-1,0,1.0000,-1,23,15,21,0,59
309.2542,3,0,8,0,0,0,0,-1,0,1.0000,-1,23,15,21,0,59
309.2741,3,0,8,0,0,0,0,-1,0,1.0000,-1,23,15,21,0,59
309.2949,3,0,8,0,0,0,0,-1,0,1.0000,-1,23,15,21,0,59
309.3149,3,0,8,0,0,0,0,-1,0,1.0000,-1,23,15,21,0,59
309.3354,3,0,8,0,0,0,0,-1,0,1.0000,-1,23,15,21,0,59
309.3565,3,0,8,0,0,0,0,-1,0,1.0000,-1,23,15,21,0,59
309.3779,3,0,8,0,0,0,0,-1,0,1.0000,-1,23,15,21,0,59
309.3982,3,0,8,0,0,0,0,-1,0,1.0000,-1,23,15,21,0,59
309.4206,3,0,8,0,0,0,0,-1,0,1.0000,-1,23,15,21,0,59
309.443,3,0,8,0,0,0,0,-1,0,1.0000,-1,23,15,21,0,59
309.4633,3,0,8,0,0,0,0,-1,0,1.0000,-1,23,15,21,0,59
309.485,3,0,8,0,0,0,0,-1,0,1.0000,-1,23,15,21,0,59
309.5058,3,0,8,0,0,0,0,-1,0,1.0000,-1,23,15,21,0,59
309.5264,3,0,8,0,0,0,0,-1,0,1.0000,-1,23,15,21,0,59
309.5506,3,0,8,0,0,0,0,-1,0,1.0000,-1,23,15,21,0,59
309.564,3,0,8,0,0,0,0,-1,0,1.0000,-1,23,15,21,0,59
309.5796,3,0,8,0,0,0,0,-1,0,1.0000,-1,23,15,21,0,59
309.5976,3,0,8,0,0,0,0,-1,0,1.0000,-1,23,15,21,0,59
309.618,3,0,8,0,0,0,0,-1,0,1.0000,-1,23,15,21,0,59
309.6382,3,0,8,0,0,0,0,-1,0,1.0000,-1,23,15,21,0,59
309.6583,3,0,8,0,0,0,0,-1,0,1.0000,-1,23,15,21,0,59
309.6785,3,0,8,0,0,0,0,-1,0,1.0000,-1,23,15,21,0,59
309.7009,3,0,8,0,0,0,0,-1,0,1.0000,-1,23,15,21,0,59
309.722,3,0,8,0,0,0,0,-1,0,1.0000,-1,23,15,21,0,59
309.7437,3,0,8,0,0,0,0,-1,0,1.0000,-1,23,15,21,0,59
309.7649,3,0,8,0,0,0,0,-1,0,1.0000,-1,23,15,21,0,59
309.7866,3,0,8,0,0,0,0,-1,0,1.0000,-1,23,15,21,0,59
309.8084,3,0,8,0,0,0,0,-1,0,1.0000,-1,23,15,21,0,59
309.8286,3,0,8,0,0,0,0,-1,0,1.0000,-1,23,15,21,0,59
309.8479,3,0,8,0,0,0,0,-1,0,1.0000,-1,23,15,21,0,59
309.8683,3,0,8,0,0,0,0,-1,0,1.0000,-1,23,15,21,0,59
309.8886,3,0,8,0,0,0,0,-1,0,1.0000,-1,23,15,21,0,59
309.9093,3,0,8,0,0,0,0,-1,0,1.0000,-1,23,15,21,0,59
309.9282,3,0,8,0,0,0,0,-1,0,1.0000,-1,23,15,21,0,59
309.9468,3,0,8,0,0,0,0,-1,0,0.0000,-1,23,15,21,0,59
309.9666,3,0,8,0,0,0,0,-1,0,0.0000,-1,23,15,21,0,59
309.9878,3,0,8,0,0,0,0,-1,0,0.0000,-1,23,15,21,0,59
310.0087,3,0,8,0,0,0,0,-1,0,0.0000,-1,23,15,21,0,59
310.0283,3,0,8,0,0,0,0,-1,0,0.0000,-1,23,15,21,0,59
310.0456,3,0,8,0,0,0,0,-1,0,0.0000,-1,23,15,21,0,59
310.062,3,0,8,0,0,0,0,-1,0,0.0000,-1,23,15,21,0,59
310.0777,3,0,8,0,0,0,0,-1,0,0.0000,-1,23,15,21,0,59
310.0966,3,0,8,0,0,0,0,-1,0,0.0000,-1,23,15,21,0,59
310.1172,3,0,8,0,0,0,0,-1,0,0.0000,-1,23,15,21,0,59
310.14,3,0,8,0,0,0,0,-1,0,0.0000,-1,23,15,21,0,59
310.1624,3,0,8,0,0,0,0,-1,1,1.0000,-1,23,15,21,0,59
310.1866,3,0,8,0,0,0,0,-1,0,1.0000,-1,23,15,21,0,59
310.2069,3,0,8,0,0,0,0,-1,0,1.0000,-1,23,15,21,0,59
310.2296,3,0,8,0,0,0,0,-1,0,1.0000,-1,23,15,21,0,59
310.2495,3,0,8,0,0,0,0,-1,0,1.0000,-1,23,15,21,0,59
310.2708,3,0,8,0,0,0,0,-1,0,1.0000,-1,23,15,21,0,59
310.2915,3,0,8,0,0,0,0,-1,0,1.0000,-1,23,15,21,0,59
310.312,3,0,8,0,0,0,0,-1,0,1.0000,-1,23,15,21,0,59
310.3329,3,0,8,0,0,0,0,-1,0,1.0000,-1,23,15,21,0,59
310.3544,3,0,8,0,0,0,0,-1,0,1.0000,-1,23,15,21,0,59
310.375,3,0,8,0,0,0,0,-1,0,1.0000,-1,23,15,21,0,59
310.3961,3,0,8,0,0,0,0,-1,0,1.0000,-1,23,15,21,0,59
310.4163,3,0,8,0,0,0,0,-1,0,1.0000,-1,23,15,21,0,59
310.4369,3,0,8,0,0,0,0,-1,0,1.0000,-1,23,15,21,0,59
310.4579,3,0,8,0,0,0,1,213,1,2.0000,-1,23,15,21,0,59
310.4797,3,0,8,0,0,0,1,213,0,2.0000,-1,23,15,21,0,59
310.5031,3,0,8,0,0,0,1,213,0,2.0000,-1,23,15,21,0,59
310.5217,3,0,8,0,0,0,1,213,0,2.0000,-1,23,15,21,0,59
310.5432,3,0,8,0,0,0,1,213,0,2.0000,-1,23,15,21,0,59
310.5651,3,0,8,0,0,0,1,213,0,2.0000,-1,23,15,21,0,59
310.5874,3,0,8,0,0,0,1,213,0,2.0000,-1,23,15,21,0,59
310.6133,3,0,8,0,0,0,1,213,0,2.0000,-1,23,15,21,0,59
310.6276,3,0,8,0,0,0,1,213,0,2.0000,-1,23,15,21,0,59
310.6436,3,0,8,0,0,0,1,213,0,2.0000,-1,23,15,21,0,59
310.6649,3,0,8,0,0,0,1,213,1,3.0000,-1,23,15,21,0,59
310.687,3,0,8,0,0,0,1,213,0,3.0000,-1,23,15,21,0,59
310.7074,3,0,8,0,0,0,1,213,0,3.0000,-1,23,15,21,0,59
310.7307,3,0,8,0,0,0,1,213,0,3.0000,-1,23,15,21,0,59
310.7511,3,0,8,0,0,0,1,213,0,3.0000,-1,23,15,21,0,59
310.7733,3,0,8,0,0,0,1,213,0,3.0000,-1,23,15,21,0,59
310.7954,3,0,8,0,0,0,1,213,0,3.0000,-1,23,15,21,0,59
310.8171,3,0,8,0,0,0,1,213,0,3.0000,-1,23,15,21,0,59
310.8391,3,0,8,0,0,0,1,213,0,3.0000,-1,23,15,21,0,59
310.86,3,0,8,0,0,0,1,213,0,3.0000,-1,23,15,21,0,59
310.8818,3,0,8,0,0,0,1,213,0,3.0000,-1,23,15,21,0,59
310.9038,3,0,8,0,0,0,1,213,0,3.0000,-1,23,15,21,0,59
310.9228,3,0,8,0,0,0,1,213,0,3.0000,-1,23,15,21,0,59
310.9427,3,0,8,0,0,0,1,213,0,3.0000,-1,23,15,21,0,59
310.9621,3,0,8,0,0,0,1,213,0,3.0000,-1,23,15,21,0,59
310.9803,3,0,8,0,0,0,1,213,0,3.0000,-1,23,15,21,0,59
311,3,0,8,0,0,0,1,213,0,3.0000,-1,23,15,21,0,59
311.019,3,0,8,0,0,0,1,213,0,3.0000,-1,23,15,21,0,59
311.0432,3,0,8,0,0,0,1,213,0,3.0000,-1,23,15,21,0,59
311.067,3,0,8,0,0,0,1,213,0,3.0000,-1,23,15,21,0,59
311.0893,3,0,8,0,0,0,1,213,0,3.0000,-1,23,15,21,0,59
311.1101,3,0,8,0,0,0,1,213,0,3.0000,-1,23,15,21,0,59
311.1301,3,0,8,0,0,0,1,213,0,3.0000,-1,23,15,21,0,59
311.149,3,0,8,0,0,0,1,213,0,3.0000,-1,23,15,21,0,59
311.1682,3,0,8,0,0,0,1,213,0,2.0000,-1,23,15,21,0,59
311.1901,3,0,8,0,0,0,1,213,0,2.0000,-1,23,15,21,0,59
311.2115,3,0,8,0,0,0,1,213,0,2.0000,-1,23,15,21,0,59
311.2381,3,0,8,0,0,0,1,213,1,3.0000,-1,23,15,21,0,59
311.259,3,0,8,0,0,0,0,-1,0,3.0000,-1,23,15,21,0,59
311.2788,3,0,8,0,0,0,0,-1,0,3.0000,-1,23,15,21,0,59
311.3011,3,0,8,0,0,0,0,-1,0,3.0000,-1,23,15,21,0,59
311.3234,3,0,8,0,0,0,1,209,0,3.0000,-1,23,15,21,0,59
311.3417,3,0,8,0,0,0,1,209,0,3.0000,-1,23,15,21,0,59
311.3613,3,0,8,0,0,0,1,209,0,3.0000,-1,23,15,21,0,59
311.382,3,0,8,0,0,0,0,-1,0,3.0000,-1,23,15,21,0,59
311.404,3,0,8,0,0,0,0,-1,0,3.0000,-1,23,15,21,0,59
311.4231,3,0,8,0,0,0,0,-1,0,3.0000,-1,23,15,21,0,59
311.444,3,0,8,0,0,0,0,-1,0,3.0000,-1,23,15,21,0,59
311.4647,3,0,8,0,0,0,0,-1,0,2.0000,-1,23,15,21,0,59
311.4861,3,0,8,0,0,0,0,-1,0,2.0000,-1,23,15,21,0,59
311.506,3,0,8,0,0,0,0,-1,0,2.0000,-1,23,15,21,0,59
311.5248,3,0,8,0,0,0,0,-1,0,2.0000,-1,23,15,21,0,59
311.5469,3,0,8,0,0,0,0,-1,0,2.0000,-1,23,15,21,0,59
311.5677,3,0,8,0,0,0,0,-1,0,2.0000,-1,23,15,21,0,59
311.59,3,0,8,0,0,0,0,-1,0,2.0000,-1,23,15,21,0,59
311.6102,3,0,8,0,0,0,0,-1,0,2.0000,-1,23,15,21,0,59
311.6291,3,0,8,0,0,0,0,-1,0,2.0000,-1,23,15,21,0,59
311.6563,3,0,8,0,0,0,0,-1,0,2.0000,-1,23,15,21,0,59
311.6727,3,0,8,0,0,0,0,-1,0,1.0000,-1,23,15,21,0,59
311.6873,3,0,8,0,0,0,0,-1,0,1.0000,-1,23,15,21,0,59
311.7025,3,0,8,0,0,0,0,-1,0,1.0000,-1,23,15,21,0,59
311.7209,3,0,8,0,0,0,0,-1,0,1.0000,-1,23,15,21,0,59
311.7408,3,0,8,0,0,0,0,-1,0,1.0000,-1,23,15,21,0,59
311.7587,3,0,8,0,0,0,0,-1,0,1.0000,-1,23,15,21,0,59
311.7787,3,0,8,0,0,0,0,-1,0,1.0000,-1,23,15,21,0,59
311.8007,3,0,8,0,0,0,0,-1,1,2.0000,-1,23,15,21,0,59
311.8233,3,0,8,0,0,0,0,-1,0,2.0000,-1,23,15,21,0,59
311.8438,3,0,8,0,0,0,0,-1,0,2.0000,-1,23,15,21,0,59
311.8651,3,0,8,0,0,0,0,-1,0,2.0000,-1,23,15,21,0,59
311.8859,3,0,8,0,0,0,0,-1,0,2.0000,-1,23,15,21,0,59
311.9058,3,0,8,0,0,0,0,-1,0,2.0000,-1,23,15,21,0,59
311.9247,3,0,8,0,0,0,0,-1,0,2.0000,-1,23,15,21,0,59
311.9456,3,0,8,0,0,0,0,-1,0,2.0000,-1,23,15,21,0,59
311.9657,3,0,8,0,0,0,0,-1,0,2.0000,-1,23,15,21,0,59
311.9861,3,0,8,0,0,0,0,-1,0,2.0000,-1,23,15,21,0,59
312.0082,3,0,8,0,0,0,0,-1,0,2.0000,-1,23,15,21,0,59
312.0285,3,0,8,0,0,0,0,-1,0,2.0000,-1,23,15,21,0,59
312.0501,3,0,8,0,0,0,0,-1,0,2.0000,-1,23,15,21,0,59
312.0736,3,0,8,0,0,0,0,-1,0,2.0000,-1,23,15,21,0,59
312.088,3,0,8,0,0,0,0,-1,0,2.0000,-1,23,15,21,0,59
312.1027,3,0,8,0,0,0,0,-1,0,2.0000,-1,23,15,21,0,59
312.121,3,0,8,0,0,0,0,-1,0,2.0000,-1,23,15,21,0,59
312.1397,3,0,8,0,0,0,0,-1,0,2.0000,-1,23,15,21,0,59
312.1571,3,0,8,0,0,0,0,-1,0,2.0000,-1,23,15,21,0,59
312.1799,3,0,8,0,0,0,0,-1,0,2.0000,-1,23,15,21,0,59
312.2007,3,0,8,0,0,0,0,-1,0,2.0000,-1,23,15,21,0,59
312.2229,3,0,8,0,0,0,0,-1,0,2.0000,-1,23,15,21,0,59
312.2446,3,0,8,0,0,0,0,-1,0,1.0000,-1,23,15,21,0,59
312.2653,3,0,8,0,0,0,0,-1,0,1.0000,-1,23,15,21,0,59
312.2864,3,0,8,0,0,0,0,-1,0,1.0000,-1,23,15,21,0,59
312.3098,3,0,8,0,0,0,0,-1,0,1.0000,-1,23,15,21,0,59
312.3305,3,0,8,0,0,0,0,-1,1,2.0000,-1,23,15,21,0,59
312.351,3,0,8,0,0,0,0,-1,0,2.0000,-1,23,15,21,0,59
312.3715,3,0,8,0,0,0,0,-1,0,2.0000,-1,23,15,21,0,59
312.3907,3,0,8,0,0,0,0,-1,0,2.0000,-1,23,15,21,0,59
312.4117,3,0,8,0,0,0,1,213,0,2.0000,-1,23,15,21,0,59
312.4321,3,0,8,0,0,0,1,213,0,2.0000,-1,23,15,21,0,59
312.4529,3,0,8,0,0,0,1,213,0,2.0000,-1,23,15,21,0,59
312.4729,3,0,8,0,0,0,1,213,0,2.0000,-1,23,15,21,0,59
312.4928,3,0,8,0,0,0,1,213,0,2.0000,-1,23,15,21,0,59
312.5139,3,0,8,0,0,0,1,213,0,2.0000,-1,23,15,21,0,59
312.5349,3,0,8,0,0,0,1,213,0,2.0000,-1,23,15,21,0,59
312.5547,3,0,8,0,0,0,1,213,0,2.0000,-1,23,15,21,0,59
312.5726,3,0,8,0,0,0,1,213,0,2.0000,-1,23,15,21,0,59
312.5912,3,0,8,0,0,0,1,213,0,2.0000,-1,23,15,21,0,59
312.6109,3,0,8,0,0,0,1,213,0,2.0000,-1,23,15,21,0,59
312.6299,3,0,8,0,0,0,1,213,0,2.0000,-1,23,15,21,0,59
312.6505,3,0,8,0,0,0,1,213,0,2.0000,-1,23,15,21,0,59
312.6721,3,0,8,0,0,0,1,213,0,2.0000,-1,23,15,21,0,59
312.693,3,0,8,0,0,0,1,213,0,2.0000,-1,23,15,21,0,59
312.7144,3,0,8,0,0,0,1,213,0,2.0000,-1,23,15,21,0,59
312.7346,3,0,8,0,0,0,1,213,0,2.0000,-1,23,15,21,0,59
312.7562,3,0,8,0,0,0,1,213,0,2.0000,-1,23,15,21,0,59
312.7769,3,0,8,0,0,0,1,213,0,2.0000,-1,23,15,21,0,59
312.7996,3,0,8,0,0,0,1,213,0,2.0000,-1,23,15,21,0,59
312.8208,3,0,8,0,0,0,1,213,0,1.0000,-1,23,15,21,0,59
312.8419,3,0,8,0,0,0,1,213,0,1.0000,-1,23,15,21,0,59
312.8635,3,0,8,0,0,0,1,213,0,1.0000,-1,23,15,21,0,59
312.8837,3,0,8,0,0,0,1,213,0,1.0000,-1,23,15,21,0,59
312.9029,3,0,8,0,0,0,1,213,0,1.0000,-1,23,15,21,0,59
312.9239,3,0,8,0,0,0,1,213,0,1.0000,-1,23,15,21,0,59
312.9437,3,0,8,0,0,0,1,213,0,1.0000,-1,23,15,21,0,59
312.9637,3,0,8,0,0,0,1,213,0,1.0000,-1,23,15,21,0,59
312.9844,3,0,8,0,0,0,1,213,0,1.0000,-1,23,15,21,0,59
313.0057,3,0,8,0,0,0,1,213,0,1.0000,-1,23,15,21,0,59
313.0264,3,0,8,0,0,0,1,213,0,1.0000,-1,23,15,21,0,59
313.0473,3,0,8,0,0,0,1,213,0,1.0000,-1,23,15,21,0,59
313.0688,3,0,8,0,0,0,1,213,0,1.0000,-1,23,15,21,0,59
313.0898,3,0,8,0,0,0,1,213,0,1.0000,-1,23,15,21,0,59
313.1106,3,0,8,0,0,0,1,213,0,1.0000,-1,23,15,21,0,59
313.134,3,0,8,0,0,0,1,213,0,1.0000,-1,23,15,21,0,59
313.1483,3,0,8,0,0,0,1,213,0,1.0000,-1,23,15,21,0,59
313.1643,3,0,8,0,0,0,1,213,0,1.0000,-1,23,15,21,0,59
313.1832,3,0,8,0,0,0,1,213,0,1.0000,-1,23,15,21,0,59
313.2041,3,0,8,0,0,0,1,213,0,1.0000,-1,23,15,21,0,59
313.2242,3,0,8,0,0,0,1,213,0,1.0000,-1,23,15,21,0,59
313.2448,3,0,8,0,0,0,1,213,0,1.0000,-1,23,15,21,0,59
313.2663,3,0,8,0,0,0,1,213,0,1.0000,-1,23,15,21,0,59
313.2865,3,0,8,0,0,0,1,213,0,1.0000,-1,23,15,21,0,59
313.3104,3,0,8,0,0,0,1,213,0,1.0000,-1,23,15,21,0,59
313.3325,3,0,8,0,0,0,1,213,0,0.0000,-1,23,15,21,0,59
313.3541,3,0,8,0,0,0,1,213,0,0.0000,-1,23,15,21,0,59
313.3772,3,0,8,0,0,0,1,213,0,0.0000,-1,23,15,21,0,59
313.3952,3,0,8,0,0,0,1,213,1,1.0000,-1,23,15,21,0,59
313.4174,3,0,8,0,0,0,0,-1,0,1.0000,-1,23,15,21,0,59
313.4398,3,0,8,0,0,0,0,-1,0,1.0000,-1,23,15,21,0,59
313.4613,3,0,8,0,0,0,1,211,0,1.0000,-1,23,15,21,0,59
313.4803,3,0,8,0,0,0,1,211,0,1.0000,-1,23,15,21,0,59
313.4986,3,0,8,0,0,0,1,211,0,1.0000,-1,23,15,21,0,59
313.5167,3,0,8,0,0,0,1,211,0,1.0000,-1,23,15,21,0,59
313.5376,3,0,8,0,0,0,1,211,0,1.0000,-1,23,15,21,0,59
313.5678,3,0,8,0,0,0,1,211,0,1.0000,-1,23,15,21,0,59
313.5831,3,0,8,0,0,0,1,211,0,1.0000,-1,23,15,21,0,59
313.5998,3,0,8,0,0,0,1,211,0,1.0000,-1,23,15,21,0,59
313.6188,3,0,8,0,0,0,1,211,0,1.0000,-1,23,15,21,0,59
313.6407,3,0,8,0,0,0,1,211,0,1.0000,-1,23,15,21,0,59
313.662,3,0,8,0,0,0,1,211,0,1.0000,-1,23,15,21,0,59
313.6831,3,0,8,0,0,0,1,211,1,2.0000,-1,23,15,21,0,59
313.7039,3,0,8,0,0,0,1,211,0,2.0000,-1,23,15,21,0,59
313.7253,3,0,8,0,0,0,1,211,0,2.0000,-1,23,15,21,0,59
313.7473,3,0,8,0,0,0,1,211,0,2.0000,-1,23,15,21,0,59
313.7687,3,0,8,0,0,0,1,211,0,2.0000,-1,23,15,21,0,59
313.7898,3,0,8,0,0,0,1,211,0,2.0000,-1,23,15,21,0,59
313.8108,3,0,8,0,0,0,1,211,0,2.0000,-1,23,15,21,0,59
313.8284,3,0,8,0,0,0,1,211,0,2.0000,-1,23,15,21,0,59
313.846,3,0,8,0,0,0,1,211,0,2.0000,-1,23,15,21,0,59
313.8646,3,0,8,0,0,0,1,211,0,2.0000,-1,23,15,21,0,59
313.8851,3,0,8,0,0,0,1,211,0,2.0000,-1,23,15,21,0,59
313.9041,3,0,8,0,0,0,1,211,0,2.0000,-1,23,15,21,0,59
313.9256,3,0,8,0,0,0,1,211,0,2.0000,-1,23,15,21,0,59
313.9478,3,0,8,0,0,0,1,211,0,2.0000,-1,23,15,21,0,59
313.9688,3,0,8,0,0,0,1,211,0,2.0000,-1,23,15,21,0,59
313.9901,3,0,8,0,0,0,1,211,0,2.0000,-1,23,15,21,0,59
314.0112,3,0,8,0,0,0,1,211,0,2.0000,-1,23,15,21,0,59
314.0309,3,0,8,0,0,0,1,211,0,2.0000,-1,23,15,21,0,59
314.0503,3,0,8,0,0,0,1,211,0,2.0000,-1,23,15,21,0,59
314.0675,3,0,8,0,0,0,1,211,0,2.0000,-1,23,15,21,0,59
314.0869,3,0,8,0,0,0,1,211,0,2.0000,-1,23,15,21,0,59
314.1057,3,0,8,0,0,0,1,211,0,2.0000,-1,23,15,21,0,59
314.1254,3,0,8,0,0,0,1,211,0,2.0000,-1,23,15,21,0,59
314.1449,3,0,8,0,0,0,1,211,0,2.0000,-1,23,15,21,0,59
314.1667,3,0,8,0,0,0,1,211,0,2.0000,-1,23,15,21,0,59
314.1895,3,0,8,0,0,0,1,211,0,2.0000,-1,23,15,21,0,59
314.2115,3,0,8,0,0,0,1,211,1,3.0000,-1,23,15,21,0,59
314.2321,3,0,8,0,0,0,0,-1,0,3.0000,-1,23,15,21,0,59
314.2526,3,0,8,0,0,0,0,-1,0,3.0000,-1,23,15,21,0,59
314.2726,3,0,8,0,0,0,1,213,0,3.0000,-1,23,15,21,0,59
314.2932,3,0,8,0,0,0,1,213,0,3.0000,-1,23,15,21,0,59
314.3145,3,0,8,0,0,0,1,213,0,3.0000,-1,23,15,21,0,59
314.3347,3,0,8,0,0,0,0,-1,0,3.0000,-1,23,15,21,0,59
314.3576,3,0,8,0,0,0,0,-1,0,3.0000,-1,23,15,21,0,59
314.3792,3,0,8,0,0,0,0,-1,0,3.0000,-1,23,15,21,0,59
314.4038,3,0,8,0,0,0,0,-1,0,2.0000,-1,23,15,21,0,59
314.4234,3,0,8,0,0,0,0,-1,0,2.0000,-1,23,15,21,0,59
314.4437,3,0,8,0,0,0,0,-1,0,2.0000,-1,23,15,21,0,59
314.4661,3,0,8,0,0,0,0,-1,0,2.0000,-1,23,15,21,0,59
314.4883,3,0,8,0,0,0,0,-1,0,2.0000,-1,23,15,21,0,59
314.5086,3,0,8,0,0,0,0,-1,0,2.0000,-1,23,15,21,0,59
314.5295,3,0,8,0,0,0,0,-1,0,2.0000,-1,23,15,21,0,59
314.5483,3,0,8,0,0,0,0,-1,0,2.0000,-1,23,15,21,0,59
314.567,3,0,8,0,0,0,0,-1,0,2.0000,-1,23,15,21,0,59
314.5867,3,0,8,0,0,0,0,-1,0,2.0000,-1,23,15,21,0,59
314.6072,3,0,8,0,0,0,0,-1,0,2.0000,-1,23,15,21,0,59
314.6264,3,0,8,0,0,0,0,-1,0,2.0000,-1,23,15,21,0,59
314.647,3,0,8,0,0,0,0,-1,0,2.0000,-1,23,15,21,0,59
314.6693,3,0,8,0,0,0,0,-1,0,2.0000,-1,23,15,21,0,59
314.6901,3,0,8,0,0,0,0,-1,0,1.0000,-1,23,15,21,0,59
314.7111,3,0,8,0,0,0,0,-1,0,1.0000,-1,23,15,21,0,59
314.7335,3,0,8,0,0,0,0,-1,0,1.0000,-1,23,15,21,0,59
314.7545,3,0,8,0,0,0,0,-1,0,1.0000,-1,23,15,21,0,59
314.7755,3,0,8,0,0,0,0,-1,0,1.0000,-1,23,15,21,0,59
314.7959,3,0,8,0,0,0,0,-1,0,1.0000,-1,23,15,21,0,59
314.8176,3,0,8,0,0,0,0,-1,0,1.0000,-1,23,15,21,0,59
314.8392,3,0,8,0,0,0,0,-1,0,1.0000,-1,23,15,21,0,59
314.8541,3,0,8,0,0,0,0,-1,0,1.0000,-1,23,15,21,0,59
314.8699,3,0,8,0,0,0,0,-1,0,1.0000,-1,23,15,21,0,59
314.8876,3,0,8,0,0,0,0,-1,0,1.0000,-1,23,15,21,0,59
314.9082,3,0,8,0,0,0,0,-1,0,1.0000,-1,23,15,21,0,59
314.9289,3,0,8,0,0,0,0,-1,0,1.0000,-1,23,15,21,0,59
314.9477,3,0,8,0,0,0,0,-1,0,1.0000,-1,23,15,21,0,59
314.9687,3,0,8,0,0,0,0,-1,0,1.0000,-1,23,15,21,0,59
314.9901,3,0,8,0,0,0,0,-1,0,1.0000,-1,23,15,21,0,59
315.0126,3,0,8,0,0,0,0,-1,0,1.0000,-1,23,15,21,0,59
315.0331,3,0,8,0,0,0,0,-1,0,1.0000,-1,23,15,21,0,59
315.0565,3,0,8,0,0,0,0,-1,0,1.0000,-1,23,15,21,0,59
315.079,3,0,8,0,0,0,0,-1,0,1.0000,-1,23,15,21,0,59
315.0995,3,0,8,0,0,0,0,-1,0,1.0000,-1,23,15,21,0,59
315.1208,3,0,8,0,0,0,0,-1,0,1.0000,-1,23,15,21,0,59
315.1426,3,0,8,0,0,0,0,-1,0,1.0000,-1,23,15,21,0,59
315.1633,3,0,8,0,0,0,0,-1,0,1.0000,-1,23,15,21,0,59
315.1817,3,0,8,0,0,0,0,-1,0,1.0000,-1,23,15,21,0,59
315.2021,3,0,8,0,0,0,0,-1,0,1.0000,-1,23,15,21,0,59
315.2247,3,0,8,0,0,0,0,-1,0,0.0000,-1,23,15,21,0,59
315.244,3,0,8,0,0,0,0,-1,0,0.0000,-1,23,15,21,0,59
315.2621,3,0,8,0,0,0,0,-1,0,0.0000,-1,23,15,21,0,59
315.2782,3,0,8,0,0,0,0,-1,0,0.0000,-1,23,15,21,0,59
315.2939,3,0,8,0,0,0,0,-1,0,0.0000,-1,23,15,21,0,59
315.3138,3,0,8,0,0,0,0,-1,0,0.0000,-1,23,15,21,0,59
315.3336,3,0,8,0,0,0,0,-1,0,0.0000,-1,23,15,21,0,59
315.3551,3,0,8,0,0,0,0,-1,0,0.0000,-1,23,15,21,0,59
315.3769,3,0,8,0,0,0,0,-1,0,0.0000,-1,23,15,21,0,59
315.3976,3,0,8,0,0,0,0,-1,0,0.0000,-1,23,15,21,0,59
315.4184,3,0,8,0,0,0,0,-1,0,0.0000,-1,23,15,21,0,59
315.4423,3,0,8,0,0,0,0,-1,0,0.0000,-1,23,15,21,0,59
315.469,3,0,8,0,0,0,0,-1,0,0.0000,-1,23,15,21,0,59
315.4889,3,0,8,0,0,0,0,-1,0,0.0000,-1,23,15,21,0,59
315.5093,3,0,8,0,0,0,0,-1,0,0.0000,-1,23,15,21,0,59
315.5304,3,0,8,0,0,0,0,-1,0,0.0000,-1,23,15,21,0,59
315.5509,3,0,8,0,0,0,0,-1,0,0.0000,-1,23,15,21,0,59
315.5725,3,0,8,0,0,0,0,-1,0,0.0000,-1,23,15,21,0,59
315.589,3,0,8,0,0,0,0,-1,0,0.0000,-1,23,15,21,0,59
315.6076,3,0,8,0,0,0,0,-1,0,0.0000,-1,23,15,21,0,59
315.6268,3,0,8,0,0,0,0,-1,0,0.0000,-1,23,15,21,0,59
315.6469,3,0,8,0,0,0,0,-1,0,0.0000,-1,23,15,21,0,59
315.6782,3,0,8,0,0,0,0,-1,0,0.0000,-1,23,15,21,0,59
315.6953,3,0,8,0,0,0,0,-1,0,0.0000,-1,23,15,21,0,59
315.713,3,0,8,0,0,0,0,-1,0,0.0000,-1,23,15,21,0,59
315.7303,3,0,8,0,0,0,0,-1,0,0.0000,-1,23,15,21,0,59
315.7493,3,0,8,0,0,0,0,-1,0,0.0000,-1,23,15,21,0,59
315.7684,3,0,8,0,0,0,0,-1,0,0.0000,-1,23,15,21,0,59
315.7871,3,0,8,0,0,0,0,-1,0,0.0000,-1,23,15,21,0,59
315.8073,3,0,8,0,0,0,0,-1,0,0.0000,-1,23,15,21,0,59
315.8281,3,0,8,0,0,0,0,-1,0,0.0000,-1,23,15,21,0,59
315.8476,3,0,8,0,0,0,0,-1,0,0.0000,-1,23,15,21,0,59
315.8684,3,0,8,0,0,0,0,-1,0,0.0000,-1,23,15,21,0,59
315.888,3,0,8,0,0,0,0,-1,0,0.0000,-1,23,15,21,0,59
315.9095,3,0,8,0,0,0,0,-1,0,0.0000,-1,23,15,21,0,59
315.9307,3,0,8,0,0,0,0,-1,0,0.0000,-1,23,15,21,0,59
315.9513,3,0,8,0,0,0,0,-1,0,0.0000,-1,23,15,21,0,59
315.9732,3,0,8,0,0,0,0,-1,0,0.0000,-1,23,15,21,0,59
315.9915,3,0,8,0,0,0,0,-1,1,1.0000,-1,23,15,21,0,59
316.0131,3,0,8,0,0,0,1,217,0,1.0000,-1,23,15,21,0,59
316.0327,3,0,8,0,0,0,1,217,0,1.0000,-1,23,15,21,0,59
316.0508,3,0,8,0,0,0,1,217,0,1.0000,-1,23,15,21,0,59
316.0768,3,0,8,0,0,0,1,217,0,1.0000,-1,23,15,21,0,59
316.093,3,0,8,0,0,0,1,217,0,1.0000,-1,23,15,21,0,59
316.112,3,0,8,0,0,0,1,217,0,1.0000,-1,23,15,21,0,59
316.1309,3,0,8,0,0,0,1,217,0,1.0000,-1,23,15,21,0,59
316.1481,3,0,8,0,0,0,1,217,0,1.0000,-1,23,15,21,0,59
316.1664,3,0,8,0,0,0,1,217,0,1.0000,-1,23,15,21,0,59
316.1856,3,0,8,0,0,0,1,217,0,1.0000,-1,23,15,21,0,59
316.203,3,0,8,0,0,0,1,217,0,1.0000,-1,23,15,21,0,59
316.2194,3,0,8,0,0,0,1,217,0,1.0000,-1,23,15,21,0,59
316.2398,3,0,8,0,0,0,1,217,0,1.0000,-1,23,15,21,0,59
316.2598,3,0,8,0,0,0,1,217,0,1.0000,-1,23,15,21,0,59
316.2804,3,0,8,0,0,0,1,217,0,1.0000,-1,23,15,21,0,59
316.301,3,0,8,0,0,0,1,217,0,1.0000,-1,23,15,21,0,59
316.3218,3,0,8,0,0,0,1,217,0,1.0000,-1,23,15,21,0,59
316.3434,3,0,8,0,0,0,0,-1,0,1.0000,-1,23,15,21,0,59
316.3632,3,0,8,0,0,0,0,-1,0,1.0000,-1,23,15,21,0,59
316.3861,3,0,8,0,0,0,0,-1,0,1.0000,-1,23,15,21,0,59
316.408,3,0,8,0,0,0,0,-1,0,1.0000,-1,23,15,21,0,59
316.4294,3,0,8,0,0,0,0,-1,0,1.0000,-1,23,15,21,0,59
316.4501,3,0,8,0,0,0,0,-1,0,1.0000,-1,23,15,21,0,59
316.4705,3,0,8,0,0,0,0,-1,1,2.0000,-1,23,15,21,0,59
316.4923,3,0,8,0,0,0,0,-1,0,2.0000,-1,23,15,21,0,59
316.5116,3,0,8,0,0,0,0,-1,0,2.0000,-1,23,15,21,0,59
316.5307,3,0,8,0,0,0,0,-1,0,2.0000,-1,23,15,21,0,59
316.5469,3,0,8,0,0,0,0,-1,0,2.0000,-1,23,15,21,0,59
316.5635,3,0,8,0,0,0,0,-1,0,2.0000,-1,23,15,21,0,59
316.5803,3,0,8,0,0,0,0,-1,0,2.0000,-1,23,15,21,0,59
316.5991,3,0,8,0,0,0,0,-1,0,2.0000,-1,23,15,21,0,59
316.62,3,0,8,0,0,0,0,-1,0,2.0000,-1,23,15,21,0,59
316.6407,3,0,8,0,0,0,0,-1,0,2.0000,-1,23,15,21,0,59
316.6625,3,0,8,0,0,0,0,-1,0,2.0000,-1,23,15,21,0,59
316.6839,3,0,8,0,0,0,0,-1,0,2.0000,-1,23,15,21,0,59
316.7065,3,0,8,0,0,0,0,-1,0,2.0000,-1,23,15,21,0,59
316.7276,3,0,8,0,0,0,0,-1,0,2.0000,-1,23,15,21,0,59
316.7481,3,0,8,0,0,0,0,-1,0,2.0000,-1,23,15,21,0,59
316.7675,3,0,8,0,0,0,0,-1,0,2.0000,-1,23,15,21,0,59
316.7876,3,0,8,0,0,0,0,-1,0,2.0000,-1,23,15,21,0,59
316.8094,3,0,8,0,0,0,0,-1,0,2.0000,-1,23,15,21,0,59
316.831,3,0,8,0,0,0,0,-1,0,2.0000,-1,23,15,21,0,59
316.8515,3,0,8,0,0,0,0,-1,0,2.0000,-1,23,15,21,0,59
316.8673,3,0,8,0,0,0,0,-1,0,2.0000,-1,23,15,21,0,59
316.8878,3,0,8,0,0,0,0,-1,0,2.0000,-1,23,15,21,0,59
316.9179,3,0,8,0,0,0,0,-1,0,2.0000,-1,23,15,21,0,59
316.932,3,0,8,0,0,0,0,-1,0,2.0000,-1,23,15,21,0,59
316.9471,3,0,8,0,0,0,0,-1,0,2.0000,-1,23,15,21,0,59
316.9651,3,0,8,0,0,0,0,-1,0,2.0000,-1,23,15,21,0,59
316.9863,3,0,8,0,0,0,0,-1,0,2.0000,-1,23,15,21,0,59
317.0055,3,0,8,0,0,0,0,-1,0,1.0000,-1,23,15,21,0,59
317.0258,3,0,8,0,0,0,1,217,0,1.0000,-1,23,15,21,0,59
317.0435,3,0,8,0,0,0,1,217,0,1.0000,-1,23,15,21,0,59
317.064,3,0,8,0,0,0,1,217,0,1.0000,-1,23,15,21,0,59
317.0842,3,0,8,0,0,0,1,217,0,1.0000,-1,23,15,21,0,59
317.1046,3,0,8,0,0,0,1,217,0,1.0000,-1,23,15,21,0,59
317.1244,3,0,8,0,0,0,1,217,0,1.0000,-1,23,15,21,0,59
317.1459,3,0,8,0,0,0,1,217,0,1.0000,-1,23,15,21,0,59
317.1661,3,0,8,0,0,0,1,217,0,1.0000,-1,23,15,21,0,59
317.1869,3,0,8,0,0,0,1,217,0,1.0000,-1,23,15,21,0,59
317.2072,3,0,8,0,0,0,0,-1,0,1.0000,217,23,15,22,0,60
317.2325,3,0,8,0,0,0,0,-1,0,1.0000,-1,23,15,22,0,60
317.2534,3,0,8,0,0,0,0,-1,1,2.0000,-1,23,15,22,0,60
317.2744,3,0,8,0,0,0,0,-1,0,2.0000,-1,23,15,22,0,60
317.2975,3,0,8,0,0,0,0,-1,0,2.0000,-1,23,15,22,0,60
317.3185,3,0,8,0,0,0,0,-1,0,2.0000,-1,23,15,22,0,60
317.3472,3,0,8,0,0,0,0,-1,0,2.0000,-1,23,15,22,0,60
317.3657,3,0,8,0,0,0,0,-1,0,2.0000,-1,23,15,22,0,60
317.3809,3,0,8,0,0,0,0,-1,0,2.0000,-1,23,15,22,0,60
317.3991,3,0,8,0,0,0,0,-1,0,2.0000,-1,23,15,22,0,60
317.4184,3,0,8,0,0,0,0,-1,0,2.0000,-1,23,15,22,0,60
317.4383,3,0,8,0,0,0,0,-1,0,2.0000,-1,23,15,22,0,60
317.4557,3,0,8,0,0,0,0,-1,0,2.0000,-1,23,15,22,0,60
317.4739,3,0,8,0,0,0,1,219,0,1.0000,-1,23,15,22,0,60
317.4939,3,0,8,0,0,0,1,219,0,1.0000,-1,23,15,22,0,60
317.5123,3,0,8,0,0,0,1,219,0,1.0000,-1,23,15,22,0,60
317.5347,3,0,8,0,0,0,1,219,1,2.0000,-1,23,15,22,0,60
317.569,3,0,8,0,0,0,1,219,0,2.0000,-1,23,15,22,0,60
317.5878,3,0,8,0,0,0,1,219,0,2.0000,-1,23,15,22,0,60
317.606,3,0,8,0,0,0,1,219,0,2.0000,-1,23,15,22,0,60
317.6236,3,0,8,0,0,0,1,219,0,2.0000,-1,23,15,22,0,60
317.6429,3,0,8,0,0,0,1,219,0,2.0000,-1,23,15,22,0,60
317.6652,3,0,8,0,0,0,1,219,0,2.0000,-1,23,15,22,0,60
317.6865,3,0,8,0,0,0,1,219,0,2.0000,-1,23,15,22,0,60
317.7069,3,0,8,0,0,0,1,219,0,2.0000,-1,23,15,22,0,60
317.727,3,0,8,0,0,0,1,219,0,2.0000,-1,23,15,22,0,60
317.7464,3,0,8,0,0,0,1,219,0,2.0000,-1,23,15,22,0,60
317.7632,3,0,8,0,0,0,1,219,0,2.0000,-1,23,15,22,0,60
317.7806,3,0,8,0,0,0,1,219,0,2.0000,-1,23,15,22,0,60
317.7997,3,0,8,0,0,0,1,219,0,2.0000,-1,23,15,22,0,60
317.8175,3,0,8,0,0,0,1,219,0,2.0000,-1,23,15,22,0,60
317.8381,3,0,8,0,0,0,1,219,0,2.0000,-1,23,15,22,0,60
317.8593,3,0,8,0,0,0,1,219,0,2.0000,-1,23,15,22,0,60
317.8799,3,0,8,0,0,0,1,219,0,2.0000,-1,23,15,22,0,60
317.9001,3,0,8,0,0,0,1,219,0,2.0000,-1,23,15,22,0,60
317.9237,3,0,8,0,0,0,1,219,0,2.0000,-1,23,15,22,0,60
317.9465,3,0,8,0,0,0,1,219,0,2.0000,-1,23,15,22,0,60
317.9669,3,0,8,0,0,0,1,219,1,3.0000,-1,23,15,22,0,60
317.9885,3,0,8,0,0,0,0,-1,0,3.0000,-1,23,15,22,0,60
318.0097,3,0,8,0,0,0,0,-1,0,3.0000,-1,23,15,22,0,60
318.0301,3,0,8,0,0,0,0,-1,0,3.0000,-1,23,15,22,0,60
318.0522,2,1,9,0,0,0,0,-1,0,3.0000,218,23,16,22,0,61
318.0742,2,0,9,0,0,0,0,-1,0,3.0000,-1,23,16,22,0,61
318.0876,2,0,9,0,0,0,0,-1,0,3.0000,-1,23,16,22,0,61
318.1016,2,0,9,0,0,0,0,-1,0,3.0000,-1,23,16,22,0,61
318.1227,2,0,9,0,0,0,0,-1,0,3.0000,-1,23,16,22,0,61
318.1448,2,0,9,0,0,0,0,-1,0,3.0000,-1,23,16,22,0,61
318.1656,2,0,9,0,0,0,0,-1,0,3.0000,-1,23,16,22,0,61
318.2014,2,0,9,0,0,0,0,-1,0,3.0000,-1,23,16,22,0,61
318.2246,2,0,9,0,0,0,0,-1,0,3.0000,-1,23,16,22,0,61
318.24,2,0,9,0,0,0,0,-1,0,3.0000,-1,23,16,22,0,61
318.2548,2,0,9,0,0,0,0,-1,0,2.0000,-1,23,16,22,0,61
318.2711,2,0,9,0,0,0,0,-1,0,2.0000,-1,23,16,22,0,61
318.2903,2,0,9,0,0,0,0,-1,0,2.0000,-1,23,16,22,0,61
318.3127,2,0,9,0,0,0,0,-1,0,2.0000,-1,23,16,22,0,61
318.3328,2,0,9,0,0,0,0,-1,0,2.0000,-1,23,16,22,0,61
318.3534,2,0,9,0,0,0,0,-1,0,2.0000,-1,23,16,22,0,61
318.3733,2,0,9,0,0,0,0,-1,0,2.0000,-1,23,16,22,0,61
318.4095,2,0,9,0,0,0,0,-1,0,2.0000,-1,23,16,22,0,61
318.4264,2,0,9,0,0,0,0,-1,0,2.0000,-1,23,16,22,0,61
318.4449,2,0,9,0,0,0,0,-1,0,2.0000,-1,23,16,22,0,61
318.4619,2,0,9,0,0,0,0,-1,0,2.0000,-1,23,16,22,0,61
318.4776,2,0,9,0,0,0,0,-1,0,2.0000,-1,23,16,22,0,61
318.4978,2,0,9,0,0,0,0,-1,0,2.0000,-1,23,16,22,0,61
318.5165,2,0,9,0,0,0,0,-1,0,2.0000,-1,23,16,22,0,61
318.5344,2,0,9,0,0,0,0,-1,0,2.0000,-1,23,16,22,0,61
318.5594,2,0,9,0,0,0,0,-1,0,1.0000,-1,23,16,22,0,61
318.5811,2,0,9,0,0,0,0,-1,0,1.0000,-1,23,16,22,0,61
318.6125,2,0,9,0,0,0,1,221,0,1.0000,-1,23,16,22,0,61
318.6277,2,0,9,0,0,0,1,221,0,1.0000,-1,23,16,22,0,61
318.6451,2,0,9,0,0,0,1,221,0,1.0000,-1,23,16,22,0,61
318.6639,2,0,9,0,0,0,1,221,0,1.0000,-1,23,16,22,0,61
318.6846,2,0,9,0,0,0,1,221,0,1.0000,-1,23,16,22,0,61
318.705,2,0,9,0,0,0,1,221,0,1.0000,-1,23,16,22,0,61
318.7259,2,0,9,0,0,0,1,221,0,1.0000,-1,23,16,22,0,61
318.7455,2,0,9,0,0,0,1,221,0,1.0000,-1,23,16,22,0,61
318.7673,2,0,9,0,0,0,1,221,0,1.0000,-1,23,16,22,0,61
318.787,2,0,9,0,0,0,1,221,0,1.0000,-1,23,16,22,0,61
318.8076,2,0,9,0,0,0,1,221,0,1.0000,-1,23,16,22,0,61
318.8286,2,0,9,0,0,0,1,221,0,1.0000,-1,23,16,22,0,61
318.8496,2,0,9,0,0,0,1,221,0,1.0000,-1,23,16,22,0,61
318.8709,2,0,9,0,0,0,1,221,0,1.0000,-1,23,16,22,0,61
318.8931,2,0,9,0,0,0,1,221,0,1.0000,-1,23,16,22,0,61
318.9132,2,0,9,0,0,0,1,221,0,1.0000,-1,23,16,22,0,61
318.9339,2,0,9,0,0,0,1,221,0,1.0000,-1,23,16,22,0,61
318.9546,2,0,9,0,0,0,1,221,0,1.0000,-1,23,16,22,0,61
318.9746,2,0,9,0,0,0,1,221,0,0.0000,-1,23,16,22,0,61
318.9947,2,0,9,0,0,0,1,221,0,0.0000,-1,23,16,22,0,61
319.0157,2,0,9,0,0,0,1,221,0,0.0000,-1,23,16,22,0,61
319.037,2,0,9,0,0,0,1,221,1,1.0000,-1,23,16,22,0,61
319.0575,2,0,9,0,0,0,1,221,0,1.0000,-1,23,16,22,0,61
319.0796,2,0,9,0,0,0,1,221,1,2.0000,-1,23,16,22,0,61
319.1,2,0,9,0,0,0,1,221,0,2.0000,-1,23,16,22,0,61
319.1232,2,0,9,0,0,0,0,-1,0,2.0000,-1,23,16,22,0,61
319.1382,2,0,9,0,0,0,0,-1,0,2.0000,-1,23,16,22,0,61
319.153,2,0,9,0,0,0,0,-1,0,2.0000,-1,23,16,22,0,61
319.1735,2,0,9,0,0,0,0,-1,0,2.0000,-1,23,16,22,0,61
319.1948,2,0,9,0,0,0,0,-1,0,2.0000,-1,23,16,22,0,61
319.2282,2,0,9,0,0,0,0,-1,0,2.0000,-1,23,16,22,0,61
319.2469,2,0,9,0,0,0,0,-1,0,2.0000,-1,23,16,22,0,61
319.2663,2,0,9,0,0,0,0,-1,0,2.0000,-1,23,16,22,0,61
319.2868,2,0,9,0,0,0,0,-1,0,2.0000,-1,23,16,22,0,61
319.3053,2,0,9,0,0,0,0,-1,0,2.0000,-1,23,16,22,0,61
319.3246,2,0,9,0,0,0,0,-1,0,2.0000,-1,23,16,22,0,61
319.3445,2,0,9,0,0,0,0,-1,1,3.0000,-1,23,16,22,0,61
319.366,2,0,9,0,0,0,0,-1,0,3.0000,-1,23,16,22,0,61
319.3858,2,0,9,0,0,0,0,-1,0,3.0000,-1,23,16,22,0,61
319.4077,2,0,9,0,0,0,0,-1,0,3.0000,-1,23,16,22,0,61
319.4229,2,0,9,0,0,0,0,-1,0,3.0000,-1,23,16,22,0,61
319.4394,2,0,9,0,0,0,0,-1,0,3.0000,-1,23,16,22,0,61
319.4561,2,0,9,0,0,0,0,-1,0,3.0000,-1,23,16,22,0,61
319.4737,2,0,9,0,0,0,0,-1,0,3.0000,-1,23,16,22,0,61
319.4939,2,0,9,0,0,0,0,-1,0,3.0000,-1,23,16,22,0,61
319.5195,2,0,9,0,0,0,0,-1,0,3.0000,-1,23,16,22,0,61
319.5438,2,0,9,0,0,0,0,-1,0,3.0000,-1,23,16,22,0,61
319.5651,2,0,9,0,0,0,0,-1,0,3.0000,-1,23,16,22,0,61
319.5806,2,0,9,0,0,0,0,-1,0,3.0000,-1,23,16,22,0,61
319.5957,2,0,9,0,0,0,0,-1,0,3.0000,-1,23,16,22,0,61
319.6096,2,0,9,0,0,0,0,-1,0,3.0000,-1,23,16,22,0,61
319.6463,2,0,9,0,0,0,0,-1,0,3.0000,-1,23,16,22,0,61
319.6632,2,0,9,0,0,0,0,-1,0,3.0000,-1,23,16,22,0,61
319.681,2,0,9,0,0,0,0,-1,0,3.0000,-1,23,16,22,0,61
319.6971,2,0,9,0,0,0,0,-1,0,3.0000,-1,23,16,22,0,61
319.7124,2,0,9,0,0,0,0,-1,0,3.0000,-1,23,16,22,0,61
319.7296,2,0,9,0,0,0,0,-1,0,3.0000,-1,23,16,22,0,61
319.7451,2,0,9,0,0,0,0,-1,0,3.0000,-1,23,16,22,0,61
319.7671,2,0,9,0,0,0,0,-1,0,3.0000,-1,23,16,22,0,61
319.7869,2,0,9,0,0,0,0,-1,0,3.0000,-1,23,16,22,0,61
319.8062,2,0,9,0,0,0,0,-1,0,3.0000,-1,23,16,22,0,61
319.8269,2,0,9,0,0,0,0,-1,0,3.0000,-1,23,16,22,0,61
319.8477,2,0,9,0,0,0,0,-1,0,3.0000,-1,23,16,22,0,61
319.8682,2,0,9,0,0,0,0,-1,0,3.0000,-1,23,16,22,0,61
319.8904,2,0,9,0,0,0,0,-1,1,4.0000,-1,23,16,22,0,61
319.9114,2,0,9,0,0,0,0,-1,0,4.0000,-1,23,16,22,0,61
319.9314,2,0,9,0,0,0,0,-1,0,4.0000,-1,23,16,22,0,61
319.9521,2,0,9,1,0,0,0,-1,0,4.0000,-1,23,16,22,0,61
319.9752,2,0,9,1,0,0,0,-1,0,4.0000,-1,23,16,22,0,61
319.9938,2,0,9,1,0,0,0,-1,0,4.0000,-1,23,16,22,0,61
320.0136,2,0,9,1,0,0,0,-1,0,4.0000,-1,23,16,22,0,61
320.0337,2,0,9,1,0,0,0,-1,0,4.0000,-1,23,16,22,0,61
320.0599,2,0,9,1,0,0,0,-1,0,3.0000,-1,23,16,22,0,61
320.0737,2,0,9,1,0,0,0,-1,0,3.0000,-1,23,16,22,0,61
320.0879,2,0,9,1,0,0,0,-1,0,2.0000,-1,23,16,22,0,61
320.1069,2,0,9,1,0,0,0,-1,0,2.0000,-1,23,16,22,0,61
320.1288,2,0,9,1,0,0,0,-1,0,2.0000,-1,23,16,22,0,61
320.1488,2,0,9,1,0,0,0,-1,0,2.0000,-1,23,16,22,0,61
320.1678,2,0,9,1,0,0,0,-1,0,2.0000,-1,23,16,22,0,61
320.187,2,0,9,1,0,0,0,-1,0,2.0000,-1,23,16,22,0,61
320.2071,2,0,9,1,0,0,0,-1,0,2.0000,-1,23,16,22,0,61
320.2271,2,0,9,1,0,0,0,-1,0,2.0000,-1,23,16,22,0,61
320.2472,2,0,9,1,0,0,0,-1,0,2.0000,-1,23,16,22,0,61
320.267,2,0,9,1,0,0,0,-1,0,2.0000,-1,23,16,22,0,61
320.2867,2,0,9,1,0,0,0,-1,0,2.0000,-1,23,16,22,0,61
320.3083,2,0,9,1,0,0,0,-1,0,2.0000,-1,23,16,22,0,61
320.3289,2,0,9,1,0,0,0,-1,0,2.0000,-1,23,16,22,0,61
320.3473,2,0,9,1,0,0,0,-1,0,1.0000,-1,23,16,22,0,61
320.3669,2,0,9,1,0,0,0,-1,0,1.0000,-1,23,16,22,0,61
320.3875,2,0,9,1,0,0,0,-1,0,1.0000,-1,23,16,22,0,61
320.407,2,0,9,1,0,0,0,-1,0,1.0000,-1,23,16,22,0,61
320.4297,2,0,9,1,0,0,0,-1,0,1.0000,-1,23,16,22,0,61
320.4517,2,0,9,1,0,0,0,-1,0,1.0000,-1,23,16,22,0,61
320.4733,2,0,9,1,0,0,0,-1,0,1.0000,-1,23,16,22,0,61
320.4932,2,0,9,1,0,0,0,-1,0,1.0000,-1,23,16,22,0,61
320.5152,2,0,9,1,0,0,0,-1,0,1.0000,-1,23,16,22,0,61
320.53,2,0,9,1,0,0,0,-1,0,1.0000,-1,23,16,22,0,61
320.5509,2,0,9,1,0,0,0,-1,0,1.0000,-1,23,16,22,0,61
320.5712,2,0,9,1,0,0,0,-1,0,1.0000,-1,23,16,22,0,61
320.5925,2,0,9,1,0,0,0,-1,0,1.0000,-1,23,16,22,0,61
320.6131,2,0,9,1,0,0,0,-1,0,1.0000,-1,23,16,22,0,61
320.6333,2,0,9,1,0,0,0,-1,0,1.0000,-1,23,16,22,0,61
320.6557,2,0,9,1,0,0,0,-1,0,1.0000,-1,23,16,22,0,61
320.675,2,0,9,1,0,0,0,-1,0,1.0000,-1,23,16,22,0,61
320.6956,2,0,9,1,0,0,0,-1,0,1.0000,-1,23,16,22,0,61
320.7149,2,0,9,1,0,0,0,-1,0,1.0000,-1,23,16,22,0,61
320.7373,2,0,9,1,0,0,0,-1,0,1.0000,-1,23,16,22,0,61
320.7598,2,0,9,1,0,0,0,-1,0,1.0000,-1,23,16,22,0,61
320.7821,2,0,9,1,0,0,0,-1,0,1.0000,-1,23,16,22,0,61
320.8082,2,0,9,1,0,0,0,-1,0,1.0000,-1,23,16,22,0,61
320.8376,2,0,9,1,0,0,0,-1,0,1.0000,-1,23,16,22,0,61
320.8609,2,0,9,1,0,0,0,-1,0,1.0000,-1,23,16,22,0,61
320.8893,2,0,9,1,0,0,0,-1,0,1.0000,-1,23,16,22,0,61
320.9056,2,0,9,1,0,0,0,-1,0,0.0000,-1,23,16,22,0,61
320.9205,2,0,9,1,0,0,0,-1,0,0.0000,-1,23,16,22,0,61
320.9383,2,0,9,1,0,0,0,-1,0,0.0000,-1,23,16,22,0,61
320.9643,2,0,9,0,0,0,0,-1,0,0.0000,-1,23,16,22,0,61
320.9921,2,0,9,0,0,0,0,-1,0,0.0000,-1,23,16,22,0,61
321.0152,2,0,9,0,0,0,0,-1,1,1.0000,-1,23,16,22,0,61
321.0364,2,0,9,0,0,0,0,-1,0,1.0000,-1,23,16,22,0,61
321.0585,2,0,9,0,0,0,0,-1,0,1.0000,-1,23,16,22,0,61
321.0808,2,0,9,0,0,0,0,-1,0,1.0000,-1,23,16,22,0,61
321.1077,2,0,9,0,0,0,0,-1,0,1.0000,-1,23,16,22,0,61
321.1217,2,0,9,0,0,0,0,-1,0,1.0000,-1,23,16,22,0,61
321.138,2,0,9,0,0,0,0,-1,0,1.0000,-1,23,16,22,0,61
321.1562,2,0,9,0,0,0,0,-1,0,1.0000,-1,23,16,22,0,61
321.1784,2,0,9,0,0,0,0,-1,0,1.0000,-1,23,16,22,0,61
321.2,2,0,9,0,0,0,0,-1,0,1.0000,-1,23,16,22,0,61
321.2235,2,0,9,0,0,0,0,-1,0,1.0000,-1,23,16,22,0,61
321.2464,2,0,9,0,0,0,0,-1,0,1.0000,-1,23,16,22,0,61
321.2696,2,0,9,0,0,0,0,-1,0,1.0000,-1,23,16,22,0,61
321.2911,2,0,9,0,0,0,0,-1,0,1.0000,-1,23,16,22,0,61
321.3152,2,0,9,0,0,0,0,-1,0,1.0000,-1,23,16,22,0,61
321.3301,2,0,9,0,0,0,0,-1,0,1.0000,-1,23,16,22,0,61
321.3469,2,0,9,0,0,0,0,-1,0,1.0000,-1,23,16,22,0,61
321.3636,2,0,9,0,0,0,0,-1,0,1.0000,-1,23,16,22,0,61
321.3823,2,0,9,0,0,0,0,-1,0,1.0000,-1,23,16,22,0,61
321.4065,2,0,9,0,0,0,0,-1,0,1.0000,-1,23,16,22,0,61
321.4275,2,0,9,0,0,0,0,-1,0,1.0000,-1,23,16,22,0,61
321.45,2,0,9,0,0,0,0,-1,1,2.0000,-1,23,16,22,0,61
321.4708,2,0,9,0,0,0,0,-1,0,2.0000,-1,23,16,22,0,61
321.4934,2,0,9,0,0,0,0,-1,0,2.0000,-1,23,16,22,0,61
321.5181,2,0,9,0,0,0,0,-1,0,2.0000,-1,23,16,22,0,61
321.5408,2,0,9,0,0,0,0,-1,0,2.0000,-1,23,16,22,0,61
321.5628,2,0,9,0,0,0,0,-1,0,2.0000,-1,23,16,22,0,61
321.5844,2,0,9,0,0,0,0,-1,0,2.0000,-1,23,16,22,0,61
321.605,2,0,9,0,0,0,0,-1,0,2.0000,-1,23,16,22,0,61
321.6258,2,0,9,0,0,0,0,-1,0,2.0000,-1,23,16,22,0,61
321.6447,2,0,9,0,0,0,0,-1,0,2.0000,-1,23,16,22,0,61
321.6639,2,0,9,0,0,0,0,-1,0,2.0000,-1,23,16,22,0,61
321.6811,2,0,9,0,0,0,0,-1,0,2.0000,-1,23,16,22,0,61
321.6988,2,0,9,0,0,0,0,-1,0,2.0000,-1,23,16,22,0,61
321.7162,2,0,9,0,0,0,0,-1,0,2.0000,-1,23,16,22,0,61
321.7349,2,0,9,0,0,0,0,-1,0,2.0000,-1,23,16,22,0,61
321.7549,2,0,9,0,0,0,0,-1,0,2.0000,-1,23,16,22,0,61
321.7736,2,0,9,0,0,0,0,-1,0,2.0000,-1,23,16,22,0,61
321.7926,2,0,9,0,0,0,0,-1,0,2.0000,-1,23,16,22,0,61
321.8132,2,0,9,0,0,0,0,-1,0,2.0000,-1,23,16,22,0,61
321.8342,2,0,9,0,0,0,1,226,0,2.0000,-1,23,16,22,0,61
321.856,2,0,9,0,0,0,1,226,0,2.0000,-1,23,16,22,0,61
321.8774,2,0,9,0,0,0,1,226,0,2.0000,-1,23,16,22,0,61
321.8994,2,0,9,0,0,0,1,226,0,2.0000,-1,23,16,22,0,61
321.9208,2,0,9,0,0,0,1,226,0,2.0000,-1,23,16,22,0,61
321.943,2,0,9,0,0,0,1,226,0,2.0000,-1,23,16,22,0,61
321.9649,2,0,9,0,0,0,1,226,0,2.0000,-1,23,16,22,0,61
321.986,2,0,9,0,0,0,1,226,0,2.0000,-1,23,16,22,0,61
322.0043,2,0,9,0,0,0,1,226,0,2.0000,-1,23,16,22,0,61
322.0249,2,0,9,0,0,0,1,226,0,1.0000,-1,23,16,22,0,61
322.0458,2,0,9,0,0,0,1,226,0,1.0000,-1,23,16,22,0,61
322.0667,2,0,9,0,0,0,1,226,0,1.0000,-1,23,16,22,0,61
322.0887,2,0,9,0,0,0,1,226,0,1.0000,-1,23,16,22,0,61
322.1109,2,0,9,0,0,0,1,226,0,1.0000,-1,23,16,22,0,61
322.1362,2,0,9,0,0,0,1,226,0,1.0000,-1,23,16,22,0,61
322.1505,2,0,9,0,0,0,1,226,0,1.0000,-1,23,16,22,0,61
322.167,2,0,9,0,0,0,1,226,0,1.0000,-1,23,16,22,0,61
322.1864,2,0,9,0,0,0,1,226,0,1.0000,-1,23,16,22,0,61
322.207,2,0,9,0,0,0,1,226,0,1.0000,-1,23,16,22,0,61
322.2283,2,0,9,0,0,0,1,226,0,1.0000,-1,23,16,22,0,61
322.2513,2,0,9,0,0,0,1,226,0,1.0000,-1,23,16,22,0,61
322.2734,2,0,9,0,0,0,1,226,1,2.0000,-1,23,16,22,0,61
322.294,2,0,9,0,0,0,1,226,0,2.0000,-1,23,16,22,0,61
322.3143,2,0,9,0,0,0,0,-1,0,2.0000,-1,23,16,22,0,61
322.344,2,0,9,0,0,0,0,-1,0,2.0000,-1,23,16,22,0,61
322.3607,2,0,9,0,0,0,0,-1,0,2.0000,-1,23,16,22,0,61
322.3768,2,0,9,0,0,0,0,-1,0,2.0000,-1,23,16,22,0,61
322.394,2,0,9,0,0,0,0,-1,0,2.0000,-1,23,16,22,0,61
322.4123,2,0,9,0,0,0,0,-1,0,2.0000,-1,23,16,22,0,61
322.4345,2,0,9,0,0,0,0,-1,0,2.0000,-1,23,16,22,0,61
322.4528,2,0,9,0,0,0,1,228,0,1.0000,-1,23,16,22,0,61
322.4732,2,0,9,0,0,0,1,228,0,1.0000,-1,23,16,22,0,61
322.4953,2,0,9,0,0,0,1,228,0,1.0000,-1,23,16,22,0,61
322.517,2,0,9,0,0,0,1,228,0,1.0000,-1,23,16,22,0,61
322.5386,2,0,9,0,0,0,1,228,0,1.0000,-1,23,16,22,0,61
322.5607,2,0,9,0,0,0,1,228,0,1.0000,-1,23,16,22,0,61
322.5841,2,0,9,0,0,0,1,228,0,1.0000,-1,23,16,22,0,61
322.6074,2,0,9,0,0,0,1,228,0,1.0000,-1,23,16,22,0,61
322.6293,2,0,9,0,0,0,1,228,0,1.0000,-1,23,16,22,0,61
322.6513,2,0,9,0,0,0,1,228,0,1.0000,-1,23,16,22,0,61
322.6752,2,0,9,0,0,0,1,228,0,1.0000,-1,23,16,22,0,61
322.6969,2,0,9,0,0,0,1,228,0,1.0000,-1,23,16,22,0,61
322.7155,2,0,9,0,0,0,1,228,0,1.0000,-1,23,16,22,0,61
322.736,2,0,9,0,0,0,1,228,0,1.0000,-1,23,16,22,0,61
322.7571,2,0,9,0,0,0,1,228,0,1.0000,-1,23,16,22,0,61
322.7796,2,0,9,0,0,0,1,228,1,2.0000,-1,23,16,22,0,61
322.8018,2,0,9,0,0,0,1,228,0,2.0000,-1,23,16,22,0,61
322.8251,2,0,9,0,0,0,1,228,0,2.0000,-1,23,16,22,0,61
322.8413,2,0,9,0,0,0,1,228,0,2.0000,-1,23,16,22,0,61
322.8605,2,0,9,0,0,0,1,228,0,2.0000,-1,23,16,22,0,61
322.8818,2,0,9,0,0,0,1,228,0,2.0000,-1,23,16,22,0,61
322.9078,2,0,9,0,0,0,1,228,0,2.0000,-1,23,16,22,0,61
322.9304,2,0,9,0,0,0,1,228,0,2.0000,-1,23,16,22,0,61
322.9524,2,0,9,0,0,0,1,228,0,2.0000,-1,23,16,22,0,61
322.9791,2,0,9,0,0,0,1,228,0,2.0000,-1,23,16,22,0,61
322.9955,2,0,9,0,0,0,1,228,0,2.0000,-1,23,16,22,0,61
323.0111,2,0,9,0,0,0,1,228,0,2.0000,-1,23,16,22,0,61
323.0291,2,0,9,0,0,0,1,228,0,2.0000,-1,23,16,22,0,61
323.0484,2,0,9,0,0,0,1,228,0,2.0000,-1,23,16,22,0,61
323.0685,2,0,9,0,0,0,1,228,0,2.0000,-1,23,16,22,0,61
323.0929,2,0,9,0,0,0,1,228,0,2.0000,-1,23,16,22,0,61
323.1136,2,0,9,0,0,0,1,228,0,2.0000,-1,23,16,22,0,61
323.1344,2,0,9,0,0,0,1,228,0,2.0000,-1,23,16,22,0,61
323.1564,2,0,9,0,0,0,1,228,0,2.0000,-1,23,16,22,0,61
323.179,2,0,9,0,0,0,1,228,1,3.0000,-1,23,16,22,0,61
323.1995,2,0,9,0,0,0,1,228,0,3.0000,-1,23,16,22,0,61
323.224,2,0,9,0,0,0,1,228,0,3.0000,-1,23,16,22,0,61
323.2475,2,0,9,0,0,0,1,228,1,4.0000,-1,23,16,22,0,61
323.2683,2,0,9,0,0,0,1,228,0,4.0000,-1,23,16,22,0,61
323.2903,2,0,9,0,0,0,1,228,0,3.0000,-1,23,16,22,0,61
323.3119,2,0,9,0,0,0,1,228,0,3.0000,-1,23,16,22,0,61
323.3335,2,0,9,0,0,0,1,228,0,3.0000,-1,23,16,22,0,61
323.3546,2,0,9,0,0,0,1,228,0,3.0000,-1,23,16,22,0,61
323.3775,2,0,9,0,0,0,1,228,0,3.0000,-1,23,16,22,0,61
323.3991,2,0,9,0,0,0,1,228,0,3.0000,-1,23,16,22,0,61
323.422,2,0,9,0,0,0,1,228,0,3.0000,-1,23,16,22,0,61
323.4438,2,0,9,0,0,0,0,-1,0,3.0000,228,23,17,22,0,62
323.4649,2,0,9,0,0,0,0,-1,0,3.0000,-1,23,17,22,0,62
323.4841,2,0,9,0,0,0,0,-1,0,3.0000,-1,23,17,22,0,62
323.5051,2,0,9,0,0,0,0,-1,0,3.0000,-1,23,17,22,0,62
323.5265,2,0,9,0,0,0,0,-1,0,3.0000,-1,23,17,22,0,62
323.549,2,0,9,0,0,0,0,-1,0,3.0000,-1,23,17,22,0,62
323.571,2,0,9,0,0,0,0,-1,0,3.0000,-1,23,17,22,0,62
323.5937,2,0,9,0,0,0,0,-1,0,3.0000,-1,23,17,22,0,62
323.6222,2,0,9,0,0,0,0,-1,0,3.0000,-1,23,17,22,0,62
323.6409,2,0,9,0,0,0,0,-1,0,3.0000,-1,23,17,22,0,62
323.6578,2,0,9,0,0,0,0,-1,0,3.0000,-1,23,17,22,0,62
323.6725,2,0,9,0,0,0,0,-1,0,3.0000,-1,23,17,22,0,62
323.6925,2,0,9,0,0,0,0,-1,0,3.0000,-1,23,17,22,0,62
323.7153,2,0,9,0,0,0,0,-1,0,3.0000,-1,23,17,22,0,62
323.7361,2,0,9,0,0,0,0,-1,0,3.0000,-1,23,17,22,0,62
323.7561,2,0,9,0,0,0,0,-1,0,3.0000,-1,23,17,22,0,62
323.7777,2,0,9,0,0,0,0,-1,0,3.0000,-1,23,17,22,0,62
323.7996,2,0,9,0,0,0,0,-1,0,2.0000,-1,23,17,22,0,62
323.8203,2,0,9,0,0,0,0,-1,0,2.0000,-1,23,17,22,0,62
323.8403,2,0,9,0,0,0,0,-1,0,2.0000,-1,23,17,22,0,62
323.8604,2,0,9,0,0,0,0,-1,0,2.0000,-1,23,17,22,0,62
323.881,2,0,9,0,0,0,0,-1,0,2.0000,-1,23,17,22,0,62
323.9019,2,0,9,0,0,0,0,-1,0,2.0000,-1,23,17,22,0,62
323.9234,2,0,9,0,0,0,0,-1,0,2.0000,-1,23,17,22,0,62
323.9442,2,0,9,0,0,0,0,-1,0,2.0000,-1,23,17,22,0,62
323.9659,2,0,9,0,0,0,0,-1,0,2.0000,-1,23,17,22,0,62
323.9878,2,0,9,0,0,0,0,-1,0,2.0000,-1,23,17,22,0,62
324.0075,2,0,9,0,0,0,0,-1,0,2.0000,-1,23,17,22,0,62
324.0281,2,0,9,0,0,0,1,232,0,2.0000,-1,23,17,22,0,62
324.0499,2,0,9,0,0,0,1,232,0,2.0000,-1,23,17,22,0,62
324.0726,2,0,9,0,0,0,1,232,0,2.0000,-1,23,17,22,0,62
324.0949,2,0,9,0,0,0,1,232,0,2.0000,-1,23,17,22,0,62
324.1186,2,0,9,0,0,0,1,232,0,2.0000,-1,23,17,22,0,62
324.1425,2,0,9,0,0,0,1,232,1,3.0000,-1,23,17,22,0,62
324.1653,2,0,9,0,0,0,1,232,0,3.0000,-1,23,17,22,0,62
324.1886,2,0,9,0,0,0,1,232,0,2.0000,-1,23,17,22,0,62
324.211,2,0,9,0,0,0,1,232,0,2.0000,-1,23,17,22,0,62
324.2339,2,0,9,0,0,0,1,232,0,2.0000,-1,23,17,22,0,62
324.2542,2,0,9,0,0,0,1,232,0,1.0000,-1,23,17,22,0,62
324.2708,2,0,9,0,0,0,1,232,0,1.0000,-1,23,17,22,0,62
324.2886,2,0,9,0,0,0,1,232,0,1.0000,-1,23,17,22,0,62
324.3085,2,0,9,0,0,0,1,232,0,1.0000,-1,23,17,22,0,62
324.3292,2,0,9,0,0,0,1,232,0,1.0000,-1,23,17,22,0,62
324.3498,2,0,9,0,0,0,1,232,0,1.0000,-1,23,17,22,0,62
324.3729,2,0,9,0,0,0,1,232,0,1.0000,-1,23,17,22,0,62
324.3965,2,0,9,0,0,0,1,232,0,1.0000,-1,23,17,22,0,62
324.4211,2,0,9,0,0,0,1,232,0,1.0000,-1,23,17,22,0,62
324.4468,2,0,9,0,0,0,1,232,1,2.0000,-1,23,17,22,0,62
324.468,2,0,9,0,0,0,1,232,0,2.0000,-1,23,17,22,0,62
324.4885,2,0,9,0,0,0,0,-1,0,2.0000,-1,23,17,22,0,62
324.5068,2,0,9,0,0,0,0,-1,0,2.0000,-1,23,17,22,0,62
324.524,2,0,9,0,0,0,0,-1,0,2.0000,-1,23,17,22,0,62
324.5442,2,0,9,0,0,0,0,-1,0,2.0000,-1,23,17,22,0,62
324.5663,2,0,9,0,0,0,0,-1,0,2.0000,-1,23,17,22,0,62
324.5881,2,0,9,0,0,0,0,-1,0,2.0000,-1,23,17,22,0,62
324.609,2,0,9,0,0,0,0,-1,0,2.0000,-1,23,17,22,0,62
324.629,2,0,9,0,0,0,0,-1,0,2.0000,-1,23,17,22,0,62
324.646,2,0,9,0,0,0,0,-1,0,2.0000,-1,23,17,22,0,62
324.6626,2,0,9,0,0,0,0,-1,0,2.0000,-1,23,17,22,0,62
324.6817,2,0,9,0,0,0,0,-1,1,3.0000,-1,23,17,22,0,62
324.703,2,0,9,0,0,0,0,-1,0,3.0000,-1,23,17,22,0,62
324.7239,2,0,9,0,0,0,0,-1,0,3.0000,-1,23,17,22,0,62
324.7517,2,0,9,0,0,0,0,-1,0,3.0000,-1,23,17,22,0,62
324.7735,2,0,9,0,0,0,0,-1,0,3.0000,-1,23,17,22,0,62
324.7939,2,0,9,0,0,0,0,-1,0,3.0000,-1,23,17,22,0,62
324.811,2,0,9,0,0,0,0,-1,0,3.0000,-1,23,17,22,0,62
324.8298,2,0,9,0,0,0,0,-1,0,3.0000,-1,23,17,22,0,62
324.8617,2,0,9,0,0,0,0,-1,0,3.0000,-1,23,17,22,0,62
324.8794,2,0,9,0,0,0,0,-1,0,3.0000,-1,23,17,22,0,62
324.8999,2,0,9,0,0,0,0,-1,0,3.0000,-1,23,17,22,0,62
324.9191,2,0,9,0,0,0,0,-1,0,3.0000,-1,23,17,22,0,62
324.9382,2,0,9,0,0,0,0,-1,0,3.0000,-1,23,17,22,0,62
324.959,2,0,9,0,0,0,0,-1,0,3.0000,-1,23,17,22,0,62
324.9797,2,0,9,0,0,0,0,-1,0,3.0000,-1,23,17,22,0,62
325.0015,2,0,9,0,0,0,0,-1,0,3.0000,-1,23,17,22,0,62
325.0239,2,0,9,0,0,0,0,-1,0,3.0000,-1,23,17,22,0,62
325.0444,2,0,9,0,0,0,0,-1,0,3.0000,-1,23,17,22,0,62
325.0646,2,0,9,0,0,0,0,-1,1,4.0000,-1,23,17,22,0,62
325.0851,2,0,9,0,0,0,0,-1,0,4.0000,-1,23,17,22,0,62
325.1058,2,0,9,0,0,0,0,-1,0,4.0000,-1,23,17,22,0,62
325.1245,2,0,9,0,0,0,0,-1,0,4.0000,-1,23,17,22,0,62
325.1439,2,0,9,0,0,0,0,-1,0,3.0000,-1,23,17,22,0,62
325.1645,2,0,9,0,0,0,0,-1,0,3.0000,-1,23,17,22,0,62
325.1866,2,0,9,0,0,0,0,-1,0,3.0000,-1,23,17,22,0,62
325.2084,2,0,9,0,0,0,0,-1,0,3.0000,-1,23,17,22,0,62
325.2301,2,0,9,0,0,0,0,-1,0,3.0000,-1,23,17,22,0,62
325.2514,2,0,9,0,0,0,0,-1,0,3.0000,-1,23,17,22,0,62
325.2693,2,0,9,1,0,0,0,-1,0,3.0000,-1,23,17,22,0,62
325.2914,2,0,9,1,0,0,0,-1,0,3.0000,-1,23,17,22,0,62
325.3128,2,0,9,1,0,0,0,-1,0,3.0000,-1,23,17,22,0,62
325.3332,2,0,9,1,0,0,0,-1,0,3.0000,-1,23,17,22,0,62
325.354,2,0,9,1,0,0,0,-1,0,3.0000,-1,23,17,22,0,62
325.3742,2,0,9,1,0,0,0,-1,0,3.0000,-1,23,17,22,0,62
325.396,2,0,9,1,0,0,0,-1,0,3.0000,-1,23,17,22,0,62
325.4183,2,0,9,1,0,0,0,-1,0,3.0000,-1,23,17,22,0,62
325.4396,2,0,9,1,0,0,0,-1,0,3.0000,-1,23,17,22,0,62
325.4617,2,0,9,1,0,0,0,-1,0,2.0000,-1,23,17,22,0,62
325.4873,2,0,9,1,0,0,0,-1,1,3.0000,-1,23,17,22,0,62
325.5036,2,0,9,1,0,0,0,-1,0,3.0000,-1,23,17,22,0,62
325.5216,2,0,9,1,0,0,0,-1,0,3.0000,-1,23,17,22,0,62
325.5409,2,0,9,1,0,0,0,-1,0,3.0000,-1,23,17,22,0,62
325.5593,2,0,9,1,0,0,0,-1,0,3.0000,-1,23,17,22,0,62
325.579,2,0,9,1,0,0,0,-1,0,3.0000,-1,23,17,22,0,62
325.5992,2,0,9,1,0,0,0,-1,0,3.0000,-1,23,17,22,0,62
325.6196,2,0,9,1,0,0,0,-1,0,3.0000,-1,23,17,22,0,62
325.6377,2,0,9,1,0,0,0,-1,0,3.0000,-1,23,17,22,0,62
325.6594,2,0,9,1,0,0,0,-1,0,3.0000,-1,23,17,22,0,62
325.6805,2,0,9,1,0,0,0,-1,0,3.0000,-1,23,17,22,0,62
325.7162,2,0,9,1,0,0,0,-1,0,2.0000,-1,23,17,22,0,62
325.7346,2,0,9,1,0,0,0,-1,0,2.0000,-1,23,17,22,0,62
325.756,2,0,9,1,0,0,0,-1,0,2.0000,-1,23,17,22,0,62
325.7779,2,0,9,1,0,0,0,-1,0,2.0000,-1,23,17,22,0,62
325.799,2,0,9,1,0,0,0,-1,0,2.0000,-1,23,17,22,0,62
325.8216,2,0,9,1,0,0,0,-1,0,2.0000,-1,23,17,22,0,62
325.8452,2,0,9,1,0,0,0,-1,0,2.0000,-1,23,17,22,0,62
325.8665,2,0,9,1,0,0,0,-1,0,2.0000,-1,23,17,22,0,62
325.8871,2,0,9,1,0,0,0,-1,0,2.0000,-1,23,17,22,0,62
325.9092,2,0,9,1,0,0,0,-1,0,2.0000,-1,23,17,22,0,62
325.9262,2,0,9,1,0,0,0,-1,0,2.0000,-1,23,17,22,0,62
325.9436,2,0,9,1,0,0,0,-1,0,2.0000,-1,23,17,22,0,62
325.9651,2,0,9,1,0,0,0,-1,0,2.0000,-1,23,17,22,0,62
325.9866,2,0,9,1,1,0,0,-1,0,2.0000,-1,23,17,22,0,62
326.0079,2,0,9,1,1,0,0,-1,0,2.0000,-1,23,17,22,0,62
326.0304,2,0,9,1,1,0,0,-1,0,2.0000,-1,23,17,22,0,62
326.0514,2,0,9,1,1,0,0,-1,0,2.0000,-1,23,17,22,0,62
326.073,2,0,9,0,1,0,0,-1,0,1.0000,-1,23,17,22,0,62
326.0957,2,0,9,0,1,0,0,-1,0,1.0000,-1,23,17,22,0,62
326.1341,2,0,9,0,1,0,0,-1,0,1.0000,-1,23,17,22,0,62
326.1467,2,0,9,0,1,0,0,-1,0,1.0000,-1,23,17,22,0,62
326.1607,2,0,9,0,1,0,0,-1,0,1.0000,-1,23,17,22,0,62
326.1774,2,0,9,0,1,0,0,-1,0,1.0000,-1,23,17,22,0,62
326.1996,2,0,9,0,1,0,0,-1,0,1.0000,-1,23,17,22,0,62
326.2173,2,0,9,0,1,0,0,-1,0,1.0000,-1,23,17,22,0,62
326.2361,2,0,9,0,1,0,0,-1,0,1.0000,-1,23,17,22,0,62
326.2538,2,0,9,0,1,0,0,-1,0,1.0000,-1,23,17,22,0,62
326.2745,2,0,9,0,1,0,0,-1,0,1.0000,-1,23,17,22,0,62
326.293,2,0,9,0,1,0,0,-1,0,1.0000,-1,23,17,22,0,62
326.3124,2,0,9,0,1,0,0,-1,0,1.0000,-1,23,17,22,0,62
326.3312,2,0,9,0,1,0,0,-1,1,2.0000,-1,23,17,22,0,62
326.3508,2,0,9,0,1,0,0,-1,0,2.0000,-1,23,17,22,0,62
326.3703,2,0,9,0,1,0,0,-1,0,2.0000,-1,23,17,22,0,62
326.3895,2,0,9,0,1,0,0,-1,1,3.0000,-1,23,17,22,0,62
326.4082,2,0,9,0,1,0,0,-1,0,3.0000,-1,23,17,22,0,62
326.4289,2,0,9,0,1,0,0,-1,0,3.0000,-1,23,17,22,0,62
326.4475,2,0,9,0,1,0,0,-1,0,3.0000,-1,23,17,22,0,62
326.4668,2,0,9,0,1,0,0,-1,0,3.0000,-1,23,17,22,0,62
326.4857,2,0,9,0,1,0,0,-1,0,3.0000,-1,23,17,22,0,62
326.506,2,0,9,0,1,0,0,-1,0,2.0000,-1,23,17,22,0,62
326.5257,2,0,9,0,1,0,0,-1,0,2.0000,-1,23,17,22,0,62
326.5456,2,0,9,0,1,0,0,-1,0,2.0000,-1,23,17,22,0,62
326.5666,2,0,9,0,1,0,0,-1,0,2.0000,-1,23,17,22,0,62
326.5851,2,0,9,0,1,0,0,-1,0,2.0000,-1,23,17,22,0,62
326.6042,2,0,9,0,1,0,0,-1,0,2.0000,-1,23,17,22,0,62
326.6239,2,0,9,0,1,0,0,-1,0,2.0000,-1,23,17,22,0,62
326.6437,2,0,9,0,1,0,0,-1,0,2.0000,-1,23,17,22,0,62
326.6622,2,0,9,0,1,0,1,238,0,2.0000,-1,23,17,22,0,62
326.6818,2,0,9,0,1,0,1,238,0,2.0000,-1,23,17,22,0,62
326.7022,2,0,9,0,1,0,1,238,0,2.0000,-1,23,17,22,0,62
326.7221,2,0,9,0,1,0,1,238,0,2.0000,-1,23,17,22,0,62
326.7419,2,0,9,0,1,0,1,238,0,2.0000,-1,23,17,22,0,62
326.7653,2,0,9,0,0,0,1,238,0,2.0000,-1,23,17,22,0,62
326.7888,2,0,9,0,0,0,1,238,0,2.0000,-1,23,17,22,0,62
326.808,2,0,9,0,0,0,1,238,0,2.0000,-1,23,17,22,0,62
326.8289,2,0,9,0,0,0,1,238,1,3.0000,-1,23,17,22,0,62
326.8485,2,0,9,0,0,0,1,238,0,3.0000,-1,23,17,22,0,62
326.8674,2,0,9,0,0,0,1,238,0,3.0000,-1,23,17,22,0,62
326.8855,2,0,9,0,0,0,1,238,0,3.0000,-1,23,17,22,0,62
326.9046,2,0,9,0,0,0,1,238,0,3.0000,-1,23,17,22,0,62
326.924,2,0,9,0,0,0,1,238,0,3.0000,-1,23,17,22,0,62
326.9453,2,0,9,0,0,0,1,238,0,3.0000,-1,23,17,22,0,62
326.9706,2,0,9,0,0,0,1,238,0,3.0000,-1,23,17,22,0,62
326.9861,2,0,9,0,0,0,1,238,0,3.0000,-1,23,17,22,0,62
327.0037,2,0,9,0,0,0,1,238,0,3.0000,-1,23,17,22,0,62
327.0206,2,0,9,0,0,0,1,238,0,3.0000,-1,23,17,22,0,62
327.0361,2,0,9,0,0,0,1,238,0,3.0000,-1,23,17,22,0,62
327.0551,2,0,9,0,0,0,1,238,0,3.0000,-1,23,17,22,0,62
327.075,2,0,9,0,0,0,1,238,0,3.0000,-1,23,17,22,0,62
327.0935,2,0,9,0,0,0,1,238,0,3.0000,-1,23,17,22,0,62
327.112,2,0,9,0,0,0,0,-1,0,3.0000,238,23,18,22,0,63
327.1323,2,0,9,0,0,0,0,-1,0,3.0000,-1,23,18,22,0,63
327.1492,2,0,9,0,0,0,0,-1,0,3.0000,-1,23,18,22,0,63
327.1891,2,0,9,0,0,0,0,-1,0,3.0000,-1,23,18,22,0,63
327.2061,2,0,9,0,0,0,0,-1,0,3.0000,-1,23,18,22,0,63
327.2231,2,0,9,0,0,0,1,236,0,3.0000,-1,23,18,22,0,63
327.2403,2,0,9,0,0,0,1,236,0,3.0000,-1,23,18,22,0,63
327.2578,2,0,9,0,0,0,1,236,0,3.0000,-1,23,18,22,0,63
327.2756,2,0,9,0,0,0,1,236,0,3.0000,-1,23,18,22,0,63
327.2949,2,0,9,0,0,0,1,236,0,3.0000,-1,23,18,22,0,63
327.3136,2,0,9,0,0,0,1,236,0,3.0000,-1,23,18,22,0,63
327.3332,2,0,9,0,0,0,1,236,0,2.0000,-1,23,18,22,0,63
327.3528,2,0,9,0,0,0,1,236,0,2.0000,-1,23,18,22,0,63
327.3715,2,0,9,0,0,0,1,236,0,2.0000,-1,23,18,22,0,63
327.3958,2,0,9,0,0,0,1,236,0,1.0000,-1,23,18,22,0,63
327.4182,2,0,9,0,0,0,1,236,0,1.0000,-1,23,18,22,0,63
327.4389,2,0,9,0,0,0,1,236,0,1.0000,-1,23,18,22,0,63
327.46,2,0,9,0,0,0,1,236,0,1.0000,-1,23,18,22,0,63
327.4795,2,0,9,0,0,0,1,236,0,1.0000,-1,23,18,22,0,63
327.4985,2,0,9,0,0,0,1,236,0,1.0000,-1,23,18,22,0,63
327.5194,2,0,9,0,0,0,1,236,0,1.0000,-1,23,18,22,0,63
327.5395,2,0,9,0,0,0,1,236,0,1.0000,-1,23,18,22,0,63
327.5597,2,0,9,0,0,0,1,236,0,1.0000,-1,23,18,22,0,63
327.5843,2,0,9,0,0,0,1,236,0,1.0000,-1,23,18,22,0,63
327.6003,2,0,9,0,0,0,1,236,0,1.0000,-1,23,18,22,0,63
327.6189,2,0,9,0,0,0,1,236,0,1.0000,-1,23,18,22,0,63
327.6345,2,0,9,0,0,0,1,236,0,1.0000,-1,23,18,22,0,63
327.653,2,0,9,0,0,0,1,236,0,1.0000,-1,23,18,22,0,63
327.6729,2,0,9,0,0,0,1,236,0,1.0000,-1,23,18,22,0,63
327.6956,2,0,9,0,0,0,1,236,1,2.0000,-1,23,18,22,0,63
327.717,2,0,9,0,0,0,1,236,0,2.0000,-1,23,18,22,0,63
327.7371,2,0,9,0,0,0,1,236,0,2.0000,-1,23,18,22,0,63
327.7575,2,0,9,0,0,0,1,236,0,2.0000,-1,23,18,22,0,63
327.7784,2,0,9,0,0,0,1,236,0,2.0000,-1,23,18,22,0,63
327.7985,2,0,9,0,0,0,1,236,0,2.0000,-1,23,18,22,0,63
327.8189,2,0,9,0,0,0,1,236,0,2.0000,-1,23,18,22,0,63
327.8405,2,0,9,0,0,0,1,236,0,1.0000,-1,23,18,22,0,63
327.8606,2,0,9,0,0,0,1,236,0,1.0000,-1,23,18,22,0,63
327.8755,2,0,9,0,0,0,1,236,0,1.0000,-1,23,18,22,0,63
327.8928,2,0,9,0,0,0,1,236,0,1.0000,-1,23,18,22,0,63
327.9144,2,0,9,0,0,0,1,236,0,1.0000,-1,23,18,22,0,63
327.9334,2,0,9,0,0,0,1,236,0,1.0000,-1,23,18,22,0,63
327.956,2,0,9,0,0,0,1,236,0,1.0000,-1,23,18,22,0,63
327.976,2,0,9,0,0,0,1,236,0,1.0000,-1,23,18,22,0,63
327.9973,2,0,9,0,0,0,1,236,0,1.0000,-1,23,18,22,0,63
328.0164,2,0,9,0,0,0,0,-1,1,2.0000,236,23,19,22,0,64
328.0385,2,0,9,0,0,0,0,-1,0,2.0000,-1,23,19,22,0,64
328.0583,2,0,9,0,0,0,0,-1,0,2.0000,-1,23,19,22,0,64
328.0791,2,0,9,0,0,0,0,-1,0,2.0000,-1,23,19,22,0,64
328.0987,2,0,9,0,0,0,0,-1,0,2.0000,-1,23,19,22,0,64
328.1196,2,0,9,0,0,0,0,-1,0,2.0000,-1,23,19,22,0,64
328.1394,2,0,9,0,0,0,0,-1,0,2.0000,-1,23,19,22,0,64
328.1588,2,0,9,0,0,0,0,-1,0,2.0000,-1,23,19,22,0,64
328.1772,2,0,9,0,0,0,0,-1,0,2.0000,-1,23,19,22,0,64
328.1985,2,0,9,0,0,0,0,-1,0,2.0000,-1,23,19,22,0,64
328.2208,2,0,9,0,0,0,0,-1,1,3.0000,-1,23,19,22,0,64
328.2386,2,0,9,0,0,0,0,-1,0,3.0000,-1,23,19,22,0,64
328.2534,2,0,9,0,0,0,0,-1,0,3.0000,-1,23,19,22,0,64
328.271,2,0,9,0,0,0,0,-1,0,3.0000,-1,23,19,22,0,64
328.2886,2,0,9,0,0,0,1,241,0,3.0000,-1,23,19,22,0,64
328.3054,2,0,9,0,0,0,1,241,0,3.0000,-1,23,19,22,0,64
328.3254,2,0,9,0,0,0,1,241,0,3.0000,-1,23,19,22,0,64
328.3452,2,0,9,0,0,0,1,241,0,3.0000,-1,23,19,22,0,64
328.3651,2,0,9,0,0,0,1,241,0,3.0000,-1,23,19,22,0,64
328.3878,2,0,9,0,0,0,1,241,1,4.0000,-1,23,19,22,0,64
328.4077,2,0,9,0,0,0,1,241,0,4.0000,-1,23,19,22,0,64
328.4398,2,0,9,0,0,0,1,241,0,4.0000,-1,23,19,22,0,64
328.4605,2,0,9,0,0,0,1,241,0,4.0000,-1,23,19,22,0,64
328.4817,2,0,9,0,0,0,1,241,0,4.0000,-1,23,19,22,0,64
328.5009,2,0,9,0,0,0,1,241,0,4.0000,-1,23,19,22,0,64
328.5193,2,0,9,0,0,0,1,241,0,4.0000,-1,23,19,22,0,64
328.5363,2,0,9,0,0,0,0,-1,0,4.0000,241,23,20,22,0,65
328.5597,2,0,9,0,0,0,0,-1,0,4.0000,-1,23,20,22,0,65
328.5787,2,0,9,0,0,0,0,-1,0,4.0000,-1,23,20,22,0,65
328.5988,2,0,9,0,0,0,0,-1,0,4.0000,-1,23,20,22,0,65
328.6189,2,0,9,0,0,0,0,-1,0,4.0000,-1,23,20,22,0,65
328.6476,2,0,9,0,0,0,0,-1,0,4.0000,-1,23,20,22,0,65
328.662,2,0,9,0,0,0,0,-1,0,4.0000,-1,23,20,22,0,65
328.6822,2,0,9,0,0,0,0,-1,0,4.0000,-1,23,20,22,0,65
328.7006,2,0,9,0,0,0,0,-1,0,3.0000,-1,23,20,22,0,65
328.726,2,0,9,0,0,0,0,-1,1,4.0000,-1,23,20,22,0,65
328.7492,2,0,9,0,0,0,0,-1,0,4.0000,-1,23,20,22,0,65
328.7665,2,0,9,0,0,0,0,-1,0,4.0000,-1,23,20,22,0,65
328.7833,2,0,9,0,0,0,0,-1,0,4.0000,-1,23,20,22,0,65
328.8013,2,0,9,0,0,0,0,-1,0,4.0000,-1,23,20,22,0,65
328.821,2,0,9,0,0,0,0,-1,1,5.0000,-1,23,20,22,0,65
328.8529,2,0,9,0,0,0,0,-1,0,5.0000,-1,23,20,22,0,65
328.8673,2,0,9,0,0,0,0,-1,0,5.0000,-1,23,20,22,0,65
328.8866,2,0,9,0,0,0,0,-1,0,5.0000,-1,23,20,22,0,65
328.908,2,0,9,0,0,0,0,-1,1,6.0000,-1,23,20,22,0,65
328.927,2,0,9,0,0,0,0,-1,0,6.0000,-1,23,20,22,0,65
328.9473,2,0,9,0,0,0,1,240,0,6.0000,-1,23,20,22,0,65
328.968,2,0,9,0,0,0,1,240,0,6.0000,-1,23,20,22,0,65
328.9876,2,0,9,0,0,0,1,240,0,6.0000,-1,23,20,22,0,65
329.0073,2,0,9,0,0,0,1,240,0,6.0000,-1,23,20,22,0,65
329.029,2,0,9,0,0,0,1,240,0,5.0000,-1,23,20,22,0,65
329.0478,2,0,9,0,0,0,1,240,0,5.0000,-1,23,20,22,0,65
329.0635,2,0,9,0,0,0,1,240,0,5.0000,-1,23,20,22,0,65
329.0827,2,0,9,0,0,0,1,240,0,5.0000,-1,23,20,22,0,65
329.1036,2,0,9,0,0,0,1,240,0,5.0000,-1,23,20,22,0,65
329.1239,2,0,9,0,0,0,1,240,0,5.0000,-1,23,20,22,0,65
329.1432,2,0,9,0,0,0,1,240,0,5.0000,-1,23,20,22,0,65
329.1657,2,0,9,0,0,0,1,240,0,5.0000,-1,23,20,22,0,65
329.1855,2,0,9,0,0,0,1,240,0,5.0000,-1,23,20,22,0,65
329.2064,2,0,9,0,0,0,1,240,0,5.0000,-1,23,20,22,0,65
329.229,2,0,9,0,0,0,1,240,0,4.0000,-1,23,20,22,0,65
329.2555,2,0,9,0,0,0,1,240,0,4.0000,-1,23,20,22,0,65
329.2766,2,0,9,0,0,0,1,240,0,4.0000,-1,23,20,22,0,65
329.2956,2,0,9,0,0,0,1,240,0,4.0000,-1,23,20,22,0,65
329.3146,2,0,9,0,0,0,1,240,0,4.0000,-1,23,20,22,0,65
329.3351,2,0,9,0,0,0,1,240,0,4.0000,-1,23,20,22,0,65
329.3554,2,0,9,0,0,0,1,240,0,4.0000,-1,23,20,22,0,65
329.3761,2,0,9,0,0,0,1,240,0,4.0000,-1,23,20,22,0,65
329.3976,2,0,9,0,0,0,1,240,0,3.0000,-1,23,20,22,0,65
329.4193,2,0,9,0,0,0,1,240,0,3.0000,-1,23,20,22,0,65
329.436,2,0,9,0,0,0,1,240,0,3.0000,-1,23,20,22,0,65
329.4531,2,0,9,0,0,0,1,240,0,3.0000,-1,23,20,22,0,65
329.4726,2,0,9,0,0,0,1,240,0,3.0000,-1,23,20,22,0,65
329.4918,2,0,9,0,0,0,1,240,0,3.0000,-1,23,20,22,0,65
329.5096,2,0,9,0,0,0,1,240,0,3.0000,-1,23,20,22,0,65
329.5303,2,0,9,0,0,0,1,240,0,3.0000,-1,23,20,22,0,65
329.5491,2,0,9,0,0,0,1,240,1,4.0000,-1,23,20,22,0,65
329.5691,2,0,9,0,0,0,0,-1,0,4.0000,-1,23,20,22,0,65
329.5909,2,0,9,0,0,0,0,-1,0,4.0000,-1,23,20,22,0,65
329.6119,2,0,9,0,0,0,0,-1,0,4.0000,-1,23,20,22,0,65
329.6333,2,0,9,0,0,0,0,-1,0,4.0000,-1,23,20,22,0,65
329.6539,2,0,9,0,0,0,0,-1,0,4.0000,-1,23,20,22,0,65
329.6751,2,0,9,0,0,0,0,-1,0,4.0000,-1,23,20,22,0,65
329.698,2,0,9,0,0,0,0,-1,0,4.0000,-1,23,20,22,0,65
329.7192,2,0,9,0,0,0,0,-1,0,4.0000,-1,23,20,22,0,65
329.7415,2,0,9,0,0,0,0,-1,0,3.0000,-1,23,20,22,0,65
329.7635,2,0,9,0,0,0,0,-1,0,3.0000,-1,23,20,22,0,65
329.7801,2,0,9,0,0,0,0,-1,0,3.0000,-1,23,20,22,0,65
329.7959,2,0,9,0,0,0,0,-1,0,3.0000,-1,23,20,22,0,65
329.8139,2,0,9,0,0,0,0,-1,0,3.0000,-1,23,20,22,0,65
329.8344,2,0,9,0,0,0,0,-1,0,2.0000,-1,23,20,22,0,65
329.8552,2,0,9,0,0,0,0,-1,0,2.0000,-1,23,20,22,0,65
329.8906,2,0,9,0,0,0,0,-1,0,2.0000,-1,23,20,22,0,65
329.9111,2,0,9,0,0,0,0,-1,0,1.0000,-1,23,20,22,0,65
329.9286,2,0,9,0,0,0,0,-1,0,1.0000,-1,23,20,22,0,65
329.9441,2,0,9,0,0,0,0,-1,0,1.0000,-1,23,20,22,0,65
329.9613,2,0,9,0,0,0,0,-1,0,1.0000,-1,23,20,22,0,65
329.9791,2,0,9,0,0,0,0,-1,0,1.0000,-1,23,20,22,0,65
330.0012,2,0,9,0,0,0,0,-1,0,1.0000,-1,23,20,22,0,65
330.0234,2,0,9,0,0,0,0,-1,0,1.0000,-1,23,20,22,0,65
330.0443,2,0,9,0,0,0,0,-1,0,1.0000,-1,23,20,22,0,65
330.07,2,0,9,0,0,0,0,-1,0,1.0000,-1,23,20,22,0,65
330.0966,2,0,9,0,0,0,0,-1,0,1.0000,-1,23,20,22,0,65
330.1104,2,0,9,0,0,0,0,-1,0,1.0000,-1,23,20,22,0,65
330.126,2,0,9,0,0,0,0,-1,0,1.0000,-1,23,20,22,0,65
330.1442,2,0,9,0,0,0,0,-1,0,1.0000,-1,23,20,22,0,65
330.1643,2,0,9,0,0,0,0,-1,0,1.0000,-1,23,20,22,0,65
330.1835,2,0,9,0,0,0,0,-1,0,1.0000,-1,23,20,22,0,65
330.205,2,0,9,0,0,0,0,-1,0,1.0000,-1,23,20,22,0,65
330.2261,2,0,9,0,0,0,0,-1,0,1.0000,-1,23,20,22,0,65
330.248,2,0,9,0,0,0,0,-1,0,1.0000,-1,23,20,22,0,65
330.2682,2,0,9,0,0,0,0,-1,0,1.0000,-1,23,20,22,0,65
330.2885,2,0,9,0,0,0,0,-1,0,1.0000,-1,23,20,22,0,65
330.3219,2,0,9,0,0,0,0,-1,0,1.0000,-1,23,20,22,0,65
330.3398,2,0,9,0,0,0,0,-1,0,1.0000,-1,23,20,22,0,65
330.3571,2,0,9,0,0,0,0,-1,0,1.0000,-1,23,20,22,0,65
330.3772,2,0,9,0,0,0,0,-1,0,1.0000,-1,23,20,22,0,65
330.398,2,0,9,0,0,0,0,-1,0,1.0000,-1,23,20,22,0,65
330.4203,2,0,9,0,0,0,0,-1,0,1.0000,-1,23,20,22,0,65
330.4443,2,0,9,0,0,0,0,-1,0,1.0000,-1,23,20,22,0,65
330.4661,2,0,9,0,0,0,0,-1,0,1.0000,-1,23,20,22,0,65
330.4875,2,0,9,0,0,0,0,-1,0,1.0000,-1,23,20,22,0,65
330.507,2,0,9,0,0,0,0,-1,0,1.0000,-1,23,20,22,0,65
330.5261,2,0,9,0,0,0,0,-1,0,1.0000,-1,23,20,22,0,65
330.548,2,0,9,0,0,0,0,-1,0,1.0000,-1,23,20,22,0,65
330.5676,2,0,9,0,0,0,0,-1,0,0.0000,-1,23,20,22,0,65
330.5894,2,0,9,0,0,0,0,-1,0,0.0000,-1,23,20,22,0,65
330.6114,2,0,9,0,0,0,0,-1,1,1.0000,-1,23,20,22,0,65
330.6299,2,0,9,0,0,0,0,-1,0,1.0000,-1,23,20,22,0,65
330.6496,2,0,9,0,0,0,0,-1,0,1.0000,-1,23,20,22,0,65
330.6694,2,0,9,0,0,0,0,-1,0,1.0000,-1,23,20,22,0,65
330.6906,2,0,9,0,0,0,0,-1,0,1.0000,-1,23,20,22,0,65
330.7133,2,0,9,0,0,0,0,-1,0,1.0000,-1,23,20,22,0,65
330.7355,2,0,9,0,0,0,0,-1,0,1.0000,-1,23,20,22,0,65
330.7499,2,0,9,0,0,0,0,-1,0,1.0000,-1,23,20,22,0,65
330.7664,2,0,9,0,0,0,0,-1,0,1.0000,-1,23,20,22,0,65
330.7876,2,0,9,0,0,0,0,-1,0,1.0000,-1,23,20,22,0,65
330.8088,2,0,9,0,0,0,0,-1,0,1.0000,-1,23,20,22,0,65
330.8293,2,0,9,0,0,0,0,-1,0,1.0000,-1,23,20,22,0,65
330.8512,2,0,9,0,0,0,0,-1,0,1.0000,-1,23,20,22,0,65
330.875,2,0,9,0,0,0,0,-1,0,1.0000,-1,23,20,22,0,65
330.8973,2,0,9,0,0,0,0,-1,0,1.0000,-1,23,20,22,0,65
330.9199,2,0,9,0,0,0,0,-1,0,1.0000,-1,23,20,22,0,65
330.9456,2,0,9,0,0,0,0,-1,0,1.0000,-1,23,20,22,0,65
330.9635,2,0,9,0,0,0,0,-1,0,1.0000,-1,23,20,22,0,65
330.9803,2,0,9,0,0,0,0,-1,0,1.0000,-1,23,20,22,0,65
330.9977,2,0,9,0,0,0,0,-1,0,1.0000,-1,23,20,22,0,65
331.015,2,0,9,0,0,0,0,-1,0,1.0000,-1,23,20,22,0,65
331.0359,2,0,9,0,0,0,0,-1,0,1.0000,-1,23,20,22,0,65
331.0575,2,0,9,0,0,0,0,-1,0,1.0000,-1,23,20,22,0,65
331.0766,2,0,9,0,0,0,0,-1,0,1.0000,-1,23,20,22,0,65
331.094,2,0,9,0,0,0,0,-1,0,1.0000,-1,23,20,22,0,65
331.1122,2,0,9,0,0,0,0,-1,0,1.0000,-1,23,20,22,0,65
331.1339,2,0,9,0,0,0,0,-1,0,1.0000,-1,23,20,22,0,65
331.1543,2,0,9,0,0,0,0,-1,0,1.0000,-1,23,20,22,0,65
331.176,2,0,9,0,0,0,0,-1,0,1.0000,-1,23,20,22,0,65
331.1983,2,0,9,0,0,0,0,-1,0,1.0000,-1,23,20,22,0,65
331.2184,2,0,9,0,0,0,0,-1,0,1.0000,-1,23,20,22,0,65
331.241,2,0,9,0,0,0,0,-1,0,1.0000,-1,23,20,22,0,65
331.2635,2,0,9,0,0,0,0,-1,0,1.0000,-1,23,20,22,0,65
331.2842,2,0,9,0,0,0,0,-1,0,1.0000,-1,23,20,22,0,65
331.3005,2,0,9,0,0,0,0,-1,0,1.0000,-1,23,20,22,0,65
331.3182,2,0,9,0,0,0,0,-1,0,1.0000,-1,23,20,22,0,65
331.3345,2,0,9,0,0,0,0,-1,0,1.0000,-1,23,20,22,0,65
331.3552,2,0,9,0,0,0,0,-1,0,1.0000,-1,23,20,22,0,65
331.3754,2,0,9,0,0,0,0,-1,0,1.0000,-1,23,20,22,0,65
331.401,2,0,9,0,0,0,0,-1,0,1.0000,-1,23,20,22,0,65
331.4246,2,0,9,0,0,0,0,-1,0,1.0000,-1,23,20,22,0,65
331.4457,2,0,9,0,0,0,0,-1,0,1.0000,-1,23,20,22,0,65
331.4677,2,0,9,0,0,0,0,-1,0,1.0000,-1,23,20,22,0,65
331.4891,2,0,9,0,0,0,0,-1,0,1.0000,-1,23,20,22,0,65
331.51,2,0,9,0,0,0,0,-1,0,1.0000,-1,23,20,22,0,65
331.5308,2,0,9,0,0,0,0,-1,0,1.0000,-1,23,20,22,0,65
331.5499,2,0,9,0,0,0,0,-1,0,1.0000,-1,23,20,22,0,65
331.5766,2,0,9,0,0,0,0,-1,0,1.0000,-1,23,20,22,0,65
331.5922,2,0,9,0,0,0,0,-1,0,1.0000,-1,23,20,22,0,65
331.6098,2,0,9,0,0,0,0,-1,0,1.0000,-1,23,20,22,0,65
331.6303,2,0,9,0,0,0,0,-1,0,0.0000,-1,23,20,22,0,65
331.6505,2,0,9,0,0,0,0,-1,0,0.0000,-1,23,20,22,0,65
331.6712,2,0,9,0,0,0,0,-1,0,0.0000,-1,23,20,22,0,65
331.691,2,0,9,0,0,0,0,-1,0,0.0000,-1,23,20,22,0,65
331.7136,2,0,9,0,0,0,0,-1,0,0.0000,-1,23,20,22,0,65
331.7358,2,0,9,0,0,0,0,-1,0,0.0000,-1,23,20,22,0,65
331.7565,2,0,9,0,0,0,0,-1,0,0.0000,-1,23,20,22,0,65
331.7789,2,0,9,0,0,0,0,-1,0,0.0000,-1,23,20,22,0,65
331.7993,2,0,9,0,0,0,0,-1,0,0.0000,-1,23,20,22,0,65
331.82,2,0,9,0,0,0,0,-1,0,0.0000,-1,23,20,22,0,65
331.838,2,0,9,0,0,0,0,-1,0,0.0000,-1,23,20,22,0,65
331.8553,2,0,9,0,0,0,0,-1,0,0.0000,-1,23,20,22,0,65
331.8735,2,0,9,0,0,0,0,-1,0,0.0000,-1,23,20,22,0,65
331.8931,2,0,9,0,0,0,0,-1,0,0.0000,-1,23,20,22,0,65
331.9131,2,0,9,0,0,0,0,-1,0,0.0000,-1,23,20,22,0,65
331.932,2,0,9,0,0,0,0,-1,0,0.0000,-1,23,20,22,0,65
331.9521,2,0,9,0,0,0,0,-1,0,0.0000,-1,23,20,22,0,65
331.9743,2,0,9,0,0,0,0,-1,0,0.0000,-1,23,20,22,0,65
331.9953,2,0,9,0,0,0,0,-1,0,0.0000,-1,23,20,22,0,65
332.0175,2,0,9,0,0,0,0,-1,0,0.0000,-1,23,20,22,0,65
332.0374,2,0,9,0,0,0,0,-1,0,0.0000,-1,23,20,22,0,65
332.0592,2,0,9,0,0,0,0,-1,0,0.0000,-1,23,20,22,0,65
332.0797,2,0,9,0,0,0,0,-1,0,0.0000,-1,23,20,22,0,65
332.1009,2,0,9,0,0,0,0,-1,0,0.0000,-1,23,20,22,0,65
332.1227,2,0,9,0,0,0,0,-1,0,0.0000,-1,23,20,22,0,65
332.1425,2,0,9,0,0,0,0,-1,0,0.0000,-1,23,20,22,0,65
332.1604,2,0,9,0,0,0,0,-1,0,0.0000,-1,23,20,22,0,65
332.1828,2,0,9,0,0,0,0,-1,0,0.0000,-1,23,20,22,0,65
332.2068,2,0,9,0,0,0,0,-1,0,0.0000,-1,23,20,22,0,65
332.2223,2,0,9,0,0,0,0,-1,0,0.0000,-1,23,20,22,0,65
332.2386,2,0,9,0,0,0,0,-1,0,0.0000,-1,23,20,22,0,65
332.2555,2,0,9,0,0,0,0,-1,0,0.0000,-1,23,20,22,0,65
332.2723,2,0,9,0,0,0,0,-1,0,0.0000,-1,23,20,22,0,65
332.2923,2,0,9,0,0,0,0,-1,0,0.0000,-1,23,20,22,0,65
332.3143,2,0,9,0,0,0,0,-1,0,0.0000,-1,23,20,22,0,65
332.3354,2,0,9,0,0,0,0,-1,0,0.0000,-1,23,20,22,0,65
332.354,2,0,9,0,0,0,0,-1,0,0.0000,-1,23,20,22,0,65
332.3734,2,0,9,0,0,0,0,-1,0,0.0000,-1,23,20,22,0,65
332.3935,2,0,9,0,0,0,0,-1,0,0.0000,-1,23,20,22,0,65
332.4137,2,0,9,0,0,0,0,-1,0,0.0000,-1,23,20,22,0,65
332.4359,2,0,9,0,0,0,0,-1,0,0.0000,-1,23,20,22,0,65
332.4574,2,0,9,0,0,0,0,-1,0,0.0000,-1,23,20,22,0,65
332.48,2,0,9,0,0,0,0,-1,1,1.0000,-1,23,20,22,0,65
332.5023,2,0,9,0,0,0,0,-1,0,1.0000,-1,23,20,22,0,65
332.523,2,0,9,0,0,0,0,-1,0,1.0000,-1,23,20,22,0,65
332.5421,2,0,9,0,0,0,0,-1,0,1.0000,-1,23,20,22,0,65
332.563,2,0,9,0,0,0,0,-1,0,1.0000,-1,23,20,22,0,65
332.5835,2,0,9,0,0,0,0,-1,0,1.0000,-1,23,20,22,0,65
332.602,2,0,9,0,0,0,0,-1,0,1.0000,-1,23,20,22,0,65
332.623,2,0,9,0,0,0,1,247,0,1.0000,-1,23,20,22,0,65
332.6451,2,0,9,0,0,0,1,247,0,1.0000,-1,23,20,22,0,65
332.6673,2,0,9,0,0,0,1,247,0,1.0000,-1,23,20,22,0,65
332.6889,2,0,9,0,0,0,1,247,0,1.0000,-1,23,20,22,0,65
332.7083,2,0,9,0,0,0,1,247,0,1.0000,-1,23,20,22,0,65
332.7277,2,0,9,0,0,0,1,247,0,1.0000,-1,23,20,22,0,65
332.7516,2,0,9,0,0,0,1,247,0,1.0000,-1,23,20,22,0,65
332.7718,2,0,9,0,0,0,1,247,0,1.0000,-1,23,20,22,0,65
332.7912,2,0,9,0,0,0,1,247,0,1.0000,-1,23,20,22,0,65
332.8116,2,0,9,0,0,0,1,247,0,1.0000,-1,23,20,22,0,65
332.8371,2,0,9,0,0,0,1,247,0,1.0000,-1,23,20,22,0,65
332.8515,2,0,9,0,0,0,1,247,0,1.0000,-1,23,20,22,0,65
332.8686,2,0,9,0,0,0,1,247,0,1.0000,-1,23,20,22,0,65
332.8854,2,0,9,0,0,0,1,247,1,2.0000,-1,23,20,22,0,65
332.9034,2,0,9,0,0,0,1,247,0,2.0000,-1,23,20,22,0,65
332.9265,2,0,9,0,0,0,1,247,0,2.0000,-1,23,20,22,0,65
332.9477,2,0,9,0,0,0,1,247,0,2.0000,-1,23,20,22,0,65
332.9704,2,0,9,0,0,0,1,247,0,2.0000,-1,23,20,22,0,65
332.9965,2,0,9,0,0,0,1,247,0,2.0000,-1,23,20,22,0,65
333.0184,2,0,9,0,0,0,1,247,0,2.0000,-1,23,20,22,0,65
333.0385,2,0,9,0,0,0,1,247,0,2.0000,-1,23,20,22,0,65
333.0592,2,0,9,0,0,0,1,247,0,2.0000,-1,23,20,22,0,65
333.0801,2,0,9,0,0,0,1,247,0,2.0000,-1,23,20,22,0,65
333.1017,2,0,9,0,0,0,1,247,0,2.0000,-1,23,20,22,0,65
333.123,2,0,9,0,0,0,1,247,0,2.0000,-1,23,20,22,0,65
333.1441,2,0,9,0,0,0,1,247,0,2.0000,-1,23,20,22,0,65
333.1662,2,0,9,0,0,0,1,247,0,2.0000,-1,23,20,22,0,65
333.1865,2,0,9,0,0,0,1,247,0,2.0000,-1,23,20,22,0,65
333.2072,2,0,9,0,0,0,1,247,0,2.0000,-1,23,20,22,0,65
333.2299,2,0,9,0,0,0,1,247,0,2.0000,-1,23,20,22,0,65
333.2491,2,0,9,0,0,0,1,247,0,2.0000,-1,23,20,22,0,65
333.2662,2,0,9,0,0,0,1,247,0,2.0000,-1,23,20,22,0,65
333.286,2,0,9,0,0,0,1,247,0,2.0000,-1,23,20,22,0,65
333.3045,2,0,9,0,0,0,1,247,0,2.0000,-1,23,20,22,0,65
333.3257,2,0,9,0,0,0,1,247,0,2.0000,-1,23,20,22,0,65
333.3484,2,0,9,0,0,0,1,247,0,2.0000,-1,23,20,22,0,65
333.3696,2,0,9,0,0,0,1,247,0,2.0000,-1,23,20,22,0,65
333.3911,2,0,9,0,0,0,1,247,0,2.0000,-1,23,20,22,0,65
333.4129,2,0,9,0,0,0,1,247,0,2.0000,-1,23,20,22,0,65
333.434,2,0,9,0,0,0,1,247,0,2.0000,-1,23,20,22,0,65
333.4608,2,0,9,0,0,0,1,247,0,2.0000,-1,23,20,22,0,65
333.4786,2,0,9,0,0,0,1,247,0,2.0000,-1,23,20,22,0,65
333.4955,2,0,9,0,0,0,1,247,1,2.0000,-1,23,20,22,0,65
333.5142,2,0,9,0,0,0,1,247,0,2.0000,-1,23,20,22,0,65
333.5344,2,0,9,0,0,0,1,247,0,2.0000,-1,23,20,22,0,65
333.5541,2,0,9,0,0,0,1,247,0,2.0000,-1,23,20,22,0,65
333.5735,2,0,9,0,0,0,1,247,0,2.0000,-1,23,20,22,0,65
333.5933,2,0,9,0,0,0,0,-1,0,2.0000,-1,23,20,22,0,65
333.6131,2,0,9,0,0,0,1,248,0,2.0000,247,23,21,22,0,66
333.6378,2,0,9,0,0,0,1,248,0,2.0000,-1,23,21,22,0,66
333.6666,2,0,9,0,0,0,1,248,0,2.0000,-1,23,21,22,0,66
333.685,2,0,9,0,0,0,1,248,0,2.0000,-1,23,21,22,0,66
333.703,2,0,9,0,0,0,1,248,0,2.0000,-1,23,21,22,0,66
333.7213,2,0,9,0,0,0,1,248,0,2.0000,-1,23,21,22,0,66
333.7417,2,0,9,0,0,0,1,248,0,2.0000,-1,23,21,22,0,66
333.7607,2,0,9,0,0,0,1,248,0,2.0000,-1,23,21,22,0,66
333.7813,2,0,9,0,0,0,1,248,0,2.0000,-1,23,21,22,0,66
333.8027,2,0,9,0,0,0,1,248,0,2.0000,-1,23,21,22,0,66
333.8235,2,0,9,0,0,0,1,248,1,3.0000,-1,23,21,22,0,66
333.8448,2,0,9,0,0,0,1,248,0,3.0000,-1,23,21,22,0,66
333.8676,2,0,9,0,0,0,1,248,0,3.0000,-1,23,21,22,0,66
333.8943,2,0,9,0,0,0,1,248,0,2.0000,-1,23,21,22,0,66
333.9151,2,0,9,0,0,0,1,248,0,2.0000,-1,23,21,22,0,66
333.9367,2,0,9,0,0,0,1,248,0,2.0000,-1,23,21,22,0,66
333.9579,2,0,9,0,0,0,1,248,0,2.0000,-1,23,21,22,0,66
333.9803,2,0,9,0,0,0,1,248,0,2.0000,-1,23,21,22,0,66
334.0029,2,0,9,0,0,0,0,-1,0,2.0000,248,23,22,22,0,67
334.0255,2,0,9,0,0,0,0,-1,0,2.0000,-1,23,22,22,0,67
334.0428,2,0,9,0,0,0,0,-1,0,2.0000,-1,23,22,22,0,67
334.0602,2,0,9,0,0,0,0,-1,1,3.0000,-1,23,22,22,0,67
334.0944,2,0,9,0,0,0,0,-1,0,3.0000,-1,23,22,22,0,67
334.1163,2,0,9,0,0,0,0,-1,0,3.0000,-1,23,22,22,0,67
334.136,2,0,9,0,0,0,0,-1,0,3.0000,-1,23,22,22,0,67
334.1569,2,0,9,0,0,0,0,-1,0,3.0000,-1,23,22,22,0,67
334.1786,2,0,9,0,0,0,0,-1,0,3.0000,-1,23,22,22,0,67
334.1984,2,0,9,0,0,0,0,-1,0,3.0000,-1,23,22,22,0,67
334.2201,2,0,9,0,0,0,0,-1,1,4.0000,-1,23,22,22,0,67
334.2437,2,0,9,0,0,0,0,-1,0,4.0000,-1,23,22,22,0,67
334.2645,2,0,9,0,0,0,0,-1,0,4.0000,-1,23,22,22,0,67
334.2901,2,0,9,0,0,0,0,-1,0,4.0000,-1,23,22,22,0,67
334.3059,2,0,9,0,0,0,0,-1,0,4.0000,-1,23,22,22,0,67
334.3235,2,0,9,0,0,0,0,-1,0,4.0000,-1,23,22,22,0,67
334.3446,2,0,9,0,0,0,0,-1,0,4.0000,-1,23,22,22,0,67
334.364,2,0,9,0,0,0,0,-1,0,4.0000,-1,23,22,22,0,67
334.3849,2,0,9,0,0,0,0,-1,1,5.0000,-1,23,22,22,0,67
334.4074,2,0,9,0,0,0,0,-1,0,5.0000,-1,23,22,22,0,67
334.4298,2,0,9,0,0,0,0,-1,0,5.0000,-1,23,22,22,0,67
334.4535,2,0,9,0,0,0,0,-1,0,5.0000,-1,23,22,22,0,67
334.4774,2,0,9,0,0,0,0,-1,0,5.0000,-1,23,22,22,0,67
334.4989,2,0,9,0,0,0,0,-1,0,4.0000,-1,23,22,22,0,67
334.5201,2,0,9,0,0,0,0,-1,0,4.0000,-1,23,22,22,0,67
334.5417,2,0,9,0,0,0,0,-1,0,4.0000,-1,23,22,22,0,67
334.5579,2,0,9,0,0,0,0,-1,0,4.0000,-1,23,22,22,0,67
334.5724,2,0,9,0,0,0,0,-1,0,4.0000,-1,23,22,22,0,67
334.588,2,0,9,0,0,0,0,-1,0,4.0000,-1,23,22,22,0,67
334.6104,2,0,9,0,0,0,0,-1,0,4.0000,-1,23,22,22,0,67
334.633,2,0,9,0,0,0,0,-1,0,4.0000,-1,23,22,22,0,67
334.6537,2,0,9,0,0,0,0,-1,0,4.0000,-1,23,22,22,0,67
334.6777,2,0,9,0,0,0,0,-1,0,4.0000,-1,23,22,22,0,67
334.7012,2,0,9,0,0,0,0,-1,1,5.0000,-1,23,22,22,0,67
334.7254,2,0,9,0,0,0,0,-1,0,5.0000,-1,23,22,22,0,67
334.7443,2,0,9,0,0,0,0,-1,0,5.0000,-1,23,22,22,0,67
334.7652,2,0,9,0,0,0,0,-1,0,5.0000,-1,23,22,22,0,67
334.788,2,0,9,0,0,0,0,-1,0,5.0000,-1,23,22,22,0,67
334.8092,2,0,9,1,0,0,0,-1,1,6.0000,-1,23,22,22,0,67
334.8298,2,0,9,1,0,0,0,-1,0,5.0000,-1,23,22,22,0,67
334.8525,2,0,9,1,0,0,0,-1,0,5.0000,-1,23,22,22,0,67
334.8734,2,0,9,1,0,0,0,-1,0,5.0000,-1,23,22,22,0,67
334.8911,2,0,9,1,0,0,0,-1,0,5.0000,-1,23,22,22,0,67
334.9184,2,0,9,1,0,0,0,-1,0,5.0000,-1,23,22,22,0,67
334.9313,2,0,9,1,0,0,0,-1,0,5.0000,-1,23,22,22,0,67
334.9457,2,0,9,1,0,0,0,-1,0,5.0000,-1,23,22,22,0,67
334.9679,2,0,9,1,0,0,0,-1,1,6.0000,-1,23,22,22,0,67
334.9875,2,0,9,1,0,0,0,-1,0,6.0000,-1,23,22,22,0,67
335.009,2,0,9,1,0,0,0,-1,0,6.0000,-1,23,22,22,0,67
335.0302,2,0,9,1,0,0,0,-1,0,6.0000,-1,23,22,22,0,67
335.0539,2,0,9,1,0,0,1,250,0,6.0000,-1,23,22,22,0,67
335.0768,2,0,9,1,0,0,1,250,0,5.0000,-1,23,22,22,0,67
335.0998,2,0,9,1,0,0,1,250,0,5.0000,-1,23,22,22,0,67
335.1232,2,0,9,1,0,0,1,250,0,5.0000,-1,23,22,22,0,67
335.1454,2,0,9,1,0,0,1,250,0,5.0000,-1,23,22,22,0,67
335.1679,2,0,9,1,0,0,1,250,0,5.0000,-1,23,22,22,0,67
335.1893,2,0,9,1,0,0,1,250,0,5.0000,-1,23,22,22,0,67
335.2119,2,0,9,1,0,0,1,250,0,5.0000,-1,23,22,22,0,67
335.2337,2,0,9,1,0,0,1,250,0,4.0000,-1,23,22,22,0,67
335.2549,2,0,9,1,0,0,1,250,0,4.0000,-1,23,22,22,0,67
335.274,2,0,9,1,0,0,1,250,0,4.0000,-1,23,22,22,0,67
335.2947,2,0,9,1,0,0,1,250,0,4.0000,-1,23,22,22,0,67
335.3184,2,0,9,1,0,0,1,250,0,4.0000,-1,23,22,22,0,67
335.3401,2,0,9,1,0,0,1,250,1,5.0000,-1,23,22,22,0,67
335.3633,1,1,10,1,0,0,0,-1,0,5.0000,250,24,22,22,0,68
335.3875,1,0,10,1,0,0,0,-1,0,4.0000,-1,24,22,22,0,68
335.4067,1,0,10,1,0,0,0,-1,0,4.0000,-1,24,22,22,0,68
335.4274,1,0,10,1,0,0,1,253,0,4.0000,-1,24,22,22,0,68
335.451,1,0,10,0,0,0,1,253,0,4.0000,-1,24,22,22,0,68
335.4703,1,0,10,0,0,0,1,253,0,4.0000,-1,24,22,22,0,68
335.4896,1,0,10,0,0,0,1,253,0,4.0000,-1,24,22,22,0,68
335.5143,1,0,10,0,0,0,1,253,0,4.0000,-1,24,22,22,0,68
335.5357,1,0,10,0,0,0,1,253,0,4.0000,-1,24,22,22,0,68
335.5632,1,0,10,0,0,0,1,253,0,4.0000,-1,24,22,22,0,68
335.5859,1,0,10,0,0,0,1,253,0,4.0000,-1,24,22,22,0,68
335.6042,1,0,10,0,0,0,1,253,1,5.0000,-1,24,22,22,0,68
335.6202,1,0,10,0,0,0,1,253,0,5.0000,-1,24,22,22,0,68
335.6399,1,0,10,0,0,0,0,-1,0,5.0000,-1,24,22,22,0,68
335.6576,1,0,10,0,0,0,0,-1,0,5.0000,-1,24,22,22,0,68
335.679,1,0,10,0,0,0,0,-1,0,5.0000,-1,24,22,22,0,68
335.7006,1,0,10,0,0,0,0,-1,0,5.0000,-1,24,22,22,0,68
335.7245,1,0,10,0,0,0,0,-1,0,4.0000,-1,24,22,22,0,68
335.7474,1,0,10,0,0,0,0,-1,0,4.0000,-1,24,22,22,0,68
335.7709,1,0,10,0,0,0,0,-1,0,4.0000,-1,24,22,22,0,68
335.7925,1,0,10,0,0,0,0,-1,0,4.0000,-1,24,22,22,0,68
335.814,1,0,10,0,0,0,0,-1,0,3.0000,-1,24,22,22,0,68
335.8366,1,0,10,0,0,0,0,-1,0,3.0000,-1,24,22,22,0,68
335.8579,1,0,10,0,0,0,0,-1,0,3.0000,-1,24,22,22,0,68
335.8806,1,0,10,0,0,0,0,-1,0,3.0000,-1,24,22,22,0,68
335.9033,1,0,10,0,0,0,0,-1,0,3.0000,-1,24,22,22,0,68
335.9262,1,0,10,0,0,0,0,-1,0,3.0000,-1,24,22,22,0,68
335.946,1,0,10,0,0,0,0,-1,0,3.0000,-1,24,22,22,0,68
335.9685,1,0,10,0,0,0,0,-1,0,2.0000,-1,24,22,22,0,68
335.9934,1,0,10,0,0,0,0,-1,0,2.0000,-1,24,22,22,0,68
336.0126,1,0,10,0,0,0,0,-1,0,2.0000,-1,24,22,22,0,68
336.0316,1,0,10,0,0,0,0,-1,0,2.0000,-1,24,22,22,0,68
336.0505,1,0,10,0,0,0,0,-1,0,2.0000,-1,24,22,22,0,68
336.0674,1,0,10,0,0,0,0,-1,0,2.0000,-1,24,22,22,0,68
336.0862,1,0,10,0,0,0,0,-1,0,2.0000,-1,24,22,22,0,68
336.1061,1,0,10,0,0,0,0,-1,0,2.0000,-1,24,22,22,0,68
336.1251,1,0,10,0,0,0,0,-1,0,2.0000,-1,24,22,22,0,68
336.1431,1,0,10,0,0,0,0,-1,0,2.0000,-1,24,22,22,0,68
336.1632,1,0,10,0,0,0,0,-1,0,2.0000,-1,24,22,22,0,68
336.185,1,0,10,0,0,0,0,-1,0,2.0000,-1,24,22,22,0,68
336.2213,1,0,10,0,0,0,0,-1,0,2.0000,-1,24,22,22,0,68
336.2389,1,0,10,0,0,0,0,-1,0,2.0000,-1,24,22,22,0,68
336.2545,1,0,10,0,0,0,0,-1,0,2.0000,-1,24,22,22,0,68
336.2723,1,0,10,0,0,0,0,-1,0,2.0000,-1,24,22,22,0,68
336.2912,1,0,10,0,0,0,0,-1,0,2.0000,-1,24,22,22,0,68
336.3118,1,0,10,0,0,0,0,-1,1,3.0000,-1,24,22,22,0,68
336.3334,1,0,10,0,0,0,0,-1,0,3.0000,-1,24,22,22,0,68
336.3544,1,0,10,0,0,0,0,-1,0,2.0000,-1,24,22,22,0,68
336.3787,1,0,10,0,0,0,0,-1,0,2.0000,-1,24,22,22,0,68
336.401,1,0,10,0,0,0,0,-1,1,3.0000,-1,24,22,22,0,68
336.4254,1,0,10,0,0,0,0,-1,0,3.0000,-1,24,22,22,0,68
336.4466,1,0,10,0,0,0,0,-1,0,3.0000,-1,24,22,22,0,68
336.4633,1,0,10,0,0,0,0,-1,0,3.0000,-1,24,22,22,0,68
336.4815,1,0,10,0,0,0,1,252,0,3.0000,-1,24,22,22,0,68
336.5023,1,0,10,0,0,0,1,252,0,3.0000,-1,24,22,22,0,68
336.5234,1,0,10,0,0,0,1,252,0,3.0000,-1,24,22,22,0,68
336.5456,1,0,10,0,0,0,0,-1,0,3.0000,-1,24,22,22,0,68
336.5696,1,0,10,0,0,0,0,-1,0,3.0000,-1,24,22,22,0,68
336.5932,1,0,10,0,0,0,0,-1,0,3.0000,-1,24,22,22,0,68
336.6143,1,0,10,0,0,0,0,-1,0,2.0000,-1,24,22,22,0,68
336.6401,1,0,10,0,0,0,0,-1,0,2.0000,-1,24,22,22,0,68
336.6572,1,0,10,0,0,0,0,-1,0,2.0000,-1,24,22,22,0,68
336.6742,1,0,10,0,0,0,0,-1,0,2.0000,-1,24,22,22,0,68
336.6943,1,0,10,0,0,0,0,-1,1,3.0000,-1,24,22,22,0,68
336.7144,1,0,10,0,0,0,0,-1,0,3.0000,-1,24,22,22,0,68
336.7347,1,0,10,0,0,0,0,-1,0,3.0000,-1,24,22,22,0,68
336.7547,1,0,10,0,0,0,0,-1,0,3.0000,-1,24,22,22,0,68
336.7733,1,0,10,0,0,0,0,-1,0,3.0000,-1,24,22,22,0,68
336.7939,1,0,10,0,0,0,0,-1,0,3.0000,-1,24,22,22,0,68
336.8185,1,0,10,0,0,0,0,-1,0,3.0000,-1,24,22,22,0,68
336.8509,1,0,10,0,0,0,0,-1,0,3.0000,-1,24,22,22,0,68
336.8657,1,0,10,0,0,0,0,-1,0,3.0000,-1,24,22,22,0,68
336.8806,1,0,10,0,0,0,0,-1,0,3.0000,-1,24,22,22,0,68
336.8987,1,0,10,0,0,0,0,-1,0,3.0000,-1,24,22,22,0,68
336.922,1,0,10,0,0,0,0,-1,0,3.0000,-1,24,22,22,0,68
336.9452,1,0,10,0,0,0,0,-1,0,3.0000,-1,24,22,22,0,68
336.9679,1,0,10,0,0,0,0,-1,0,3.0000,-1,24,22,22,0,68
336.9894,1,0,10,0,0,0,0,-1,0,3.0000,-1,24,22,22,0,68
337.0099,1,0,10,0,0,0,0,-1,0,3.0000,-1,24,22,22,0,68
337.0296,1,0,10,0,0,0,0,-1,0,3.0000,-1,24,22,22,0,68
337.0501,1,0,10,0,0,0,0,-1,0,3.0000,-1,24,22,22,0,68
337.0708,1,0,10,0,0,0,0,-1,0,3.0000,-1,24,22,22,0,68
337.0901,1,0,10,0,0,0,0,-1,1,4.0000,-1,24,22,22,0,68
337.1106,1,0,10,0,0,0,0,-1,0,4.0000,-1,24,22,22,0,68
337.131,1,0,10,0,0,0,1,256,0,4.0000,-1,24,22,22,0,68
337.1517,1,0,10,0,0,0,1,256,0,4.0000,-1,24,22,22,0,68
337.174,1,0,10,0,0,0,1,256,0,4.0000,-1,24,22,22,0,68
337.1948,1,0,10,0,0,0,1,256,0,4.0000,-1,24,22,22,0,68
337.2165,1,0,10,0,0,0,1,256,0,4.0000,-1,24,22,22,0,68
337.2383,1,0,10,0,0,0,1,256,0,4.0000,-1,24,22,22,0,68
337.2757,1,0,10,0,0,0,1,256,1,5.0000,-1,24,22,22,0,68
337.2935,1,0,10,0,0,0,1,256,0,5.0000,-1,24,22,22,0,68
337.3136,1,0,10,0,0,0,1,256,0,4.0000,-1,24,22,22,0,68
337.3343,1,0,10,0,0,0,1,256,0,4.0000,-1,24,22,22,0,68
337.3519,1,0,10,0,0,0,1,256,0,4.0000,-1,24,22,22,0,68
337.3725,1,0,10,0,0,0,1,256,0,4.0000,-1,24,22,22,0,68
337.3939,1,0,10,0,0,0,1,256,0,4.0000,-1,24,22,22,0,68
337.4177,1,0,10,0,0,0,1,256,0,3.0000,-1,24,22,22,0,68
337.4405,1,0,10,0,0,0,1,256,0,3.0000,-1,24,22,22,0,68
337.4709,1,0,10,0,0,0,1,256,0,3.0000,-1,24,22,22,0,68
337.4879,1,0,10,0,0,0,1,256,0,3.0000,-1,24,22,22,0,68
337.5038,1,0,10,0,0,0,1,256,0,3.0000,-1,24,22,22,0,68
337.5238,1,0,10,0,0,0,0,-1,0,3.0000,256,25,22,22,0,69
337.5458,1,0,10,0,0,0,0,-1,0,3.0000,-1,25,22,22,0,69
337.5644,1,0,10,0,0,0,0,-1,0,3.0000,-1,25,22,22,0,69
337.5864,1,0,10,0,0,0,0,-1,0,3.0000,-1,25,22,22,0,69
337.6053,1,0,10,0,0,0,0,-1,0,3.0000,-1,25,22,22,0,69
337.6269,1,0,10,0,0,0,0,-1,0,3.0000,-1,25,22,22,0,69
337.6499,1,0,10,0,0,0,0,-1,0,3.0000,-1,25,22,22,0,69
337.6859,1,0,10,0,0,0,0,-1,0,3.0000,-1,25,22,22,0,69
337.7089,1,0,10,0,0,0,0,-1,0,2.0000,-1,25,22,22,0,69
337.7261,1,0,10,0,0,0,0,-1,0,2.0000,-1,25,22,22,0,69
337.7432,1,0,10,0,0,0,0,-1,0,2.0000,-1,25,22,22,0,69
337.7612,1,0,10,0,0,0,0,-1,0,2.0000,-1,25,22,22,0,69
337.7787,1,0,10,0,0,0,0,-1,0,2.0000,-1,25,22,22,0,69
337.8014,1,0,10,0,0,0,0,-1,0,2.0000,-1,25,22,22,0,69
337.8205,1,0,10,0,0,0,0,-1,0,2.0000,-1,25,22,22,0,69
337.8423,1,0,10,0,0,0,0,-1,0,2.0000,-1,25,22,22,0,69
337.8622,1,0,10,0,0,0,0,-1,0,2.0000,-1,25,22,22,0,69
337.8809,1,0,10,0,0,0,0,-1,0,2.0000,-1,25,22,22,0,69
337.9015,1,0,10,0,0,0,0,-1,0,2.0000,-1,25,22,22,0,69
337.924,1,0,10,0,0,0,0,-1,0,2.0000,-1,25,22,22,0,69
337.9455,1,0,10,0,0,0,0,-1,0,2.0000,-1,25,22,22,0,69
337.9665,1,0,10,0,0,0,0,-1,1,3.0000,-1,25,22,22,0,69
337.9884,1,0,10,0,0,0,0,-1,0,3.0000,-1,25,22,22,0,69
338.0118,1,0,10,0,0,0,0,-1,0,3.0000,-1,25,22,22,0,69
338.0342,1,0,10,0,0,0,1,257,0,3.0000,-1,25,22,22,0,69
338.0572,1,0,10,0,0,0,1,257,0,3.0000,-1,25,22,22,0,69
338.0796,1,0,10,0,0,0,1,257,0,3.0000,-1,25,22,22,0,69
338.1057,1,0,10,0,0,0,1,257,0,2.0000,-1,25,22,22,0,69
338.1225,1,0,10,0,0,0,1,257,0,2.0000,-1,25,22,22,0,69
338.1407,1,0,10,0,0,0,1,259,0,2.0000,257,26,22,22,0,70
338.1606,1,0,10,0,0,0,1,259,0,2.0000,-1,26,22,22,0,70
338.1781,1,0,10,0,0,0,1,259,0,2.0000,-1,26,22,22,0,70
338.199,1,0,10,0,0,0,1,259,0,2.0000,-1,26,22,22,0,70
338.2259,1,0,10,0,0,0,1,259,0,2.0000,-1,26,22,22,0,70
338.2486,1,0,10,0,0,0,1,259,0,2.0000,-1,26,22,22,0,70
338.2695,1,0,10,0,0,0,1,259,0,2.0000,-1,26,22,22,0,70
338.2922,1,0,10,0,0,0,1,259,0,1.0000,-1,26,22,22,0,70
338.3247,1,0,10,0,0,0,1,259,0,1.0000,-1,26,22,22,0,70
338.3446,1,0,10,0,0,0,1,259,0,1.0000,-1,26,22,22,0,70
338.3658,1,0,10,0,0,0,1,259,0,1.0000,-1,26,22,22,0,70
338.3856,1,0,10,0,0,0,1,259,0,1.0000,-1,26,22,22,0,70
338.4073,1,0,10,0,0,0,1,259,0,1.0000,-1,26,22,22,0,70
338.4296,1,0,10,0,0,0,1,259,0,1.0000,-1,26,22,22,0,70
338.4536,1,0,10,0,0,0,1,259,0,1.0000,-1,26,22,22,0,70
338.4771,1,0,10,0,0,0,1,259,0,1.0000,-1,26,22,22,0,70
338.4986,1,0,10,0,0,0,1,259,1,2.0000,-1,26,22,22,0,70
338.5201,1,0,10,0,0,0,1,259,0,2.0000,-1,26,22,22,0,70
338.544,1,0,10,0,0,0,1,259,0,2.0000,-1,26,22,22,0,70
338.5633,1,0,10,0,0,0,1,259,0,2.0000,-1,26,22,22,0,70
338.5799,1,0,10,0,0,0,1,259,0,2.0000,-1,26,22,22,0,70
338.5942,1,0,10,0,0,0,1,259,0,2.0000,-1,26,22,22,0,70
338.6148,1,0,10,0,0,0,1,259,0,2.0000,-1,26,22,22,0,70
338.6381,1,0,10,0,0,0,1,259,0,2.0000,-1,26,22,22,0,70
338.6613,1,0,10,0,0,0,1,259,1,3.0000,-1,26,22,22,0,70
338.6837,1,0,10,0,0,0,0,-1,0,3.0000,-1,26,22,22,0,70
338.7078,1,0,10,0,0,0,0,-1,0,3.0000,-1,26,22,22,0,70
338.7318,1,0,10,0,0,0,0,-1,0,3.0000,-1,26,22,22,0,70
338.756,1,0,10,0,0,0,0,-1,0,3.0000,-1,26,22,22,0,70
338.7786,1,0,10,0,0,0,0,-1,0,3.0000,259,27,22,22,0,71
338.8023,1,0,10,0,0,0,0,-1,0,3.0000,-1,27,22,22,0,71
338.8253,1,0,10,0,0,0,0,-1,0,3.0000,-1,27,22,22,0,71
338.8473,1,0,10,0,0,0,0,-1,0,3.0000,-1,27,22,22,0,71
338.8698,1,0,10,0,0,0,0,-1,0,3.0000,-1,27,22,22,0,71
338.8858,1,0,10,0,0,0,0,-1,0,3.0000,-1,27,22,22,0,71
338.9022,1,0,10,0,0,0,0,-1,0,3.0000,-1,27,22,22,0,71
338.9216,1,0,10,0,0,0,0,-1,0,3.0000,-1,27,22,22,0,71
338.9586,1,0,10,0,0,0,0,-1,0,3.0000,-1,27,22,22,0,71
338.9737,1,0,10,0,0,0,0,-1,0,2.0000,-1,27,22,22,0,71
338.9909,1,0,10,0,0,0,0,-1,0,2.0000,-1,27,22,22,0,71
339.0113,1,0,10,0,0,0,0,-1,0,2.0000,-1,27,22,22,0,71
339.0305,1,0,10,0,0,0,0,-1,0,2.0000,-1,27,22,22,0,71
339.05,1,0,10,0,0,0,0,-1,0,2.0000,-1,27,22,22,0,71
339.0693,1,0,10,0,0,0,0,-1,0,2.0000,-1,27,22,22,0,71
339.0882,1,0,10,0,0,0,0,-1,0,2.0000,-1,27,22,22,0,71
339.111,1,0,10,0,0,0,0,-1,0,2.0000,-1,27,22,22,0,71
339.1337,1,0,10,0,0,0,0,-1,0,2.0000,-1,27,22,22,0,71
339.1547,1,0,10,0,0,0,0,-1,0,2.0000,-1,27,22,22,0,71
339.1769,1,0,10,0,0,0,0,-1,0,2.0000,-1,27,22,22,0,71
339.2008,1,0,10,0,0,0,0,-1,0,2.0000,-1,27,22,22,0,71
339.223,1,0,10,0,0,0,0,-1,0,2.0000,-1,27,22,22,0,71
339.2419,1,0,10,0,0,0,0,-1,0,2.0000,-1,27,22,22,0,71
339.2599,1,0,10,0,0,0,0,-1,1,3.0000,-1,27,22,22,0,71
339.276,1,0,10,0,0,0,0,-1,0,3.0000,-1,27,22,22,0,71
339.2933,1,0,10,0,0,0,0,-1,0,3.0000,-1,27,22,22,0,71
339.3159,1,0,10,0,0,0,0,-1,0,3.0000,-1,27,22,22,0,71
339.3374,1,0,10,0,0,0,0,-1,0,3.0000,-1,27,22,22,0,71
339.3589,1,0,10,0,0,0,0,-1,0,3.0000,-1,27,22,22,0,71
339.3823,1,0,10,0,0,0,0,-1,0,3.0000,-1,27,22,22,0,71
339.404,1,0,10,0,0,0,0,-1,0,3.0000,-1,27,22,22,0,71
339.4254,1,0,10,0,0,0,0,-1,0,3.0000,-1,27,22,22,0,71
339.4478,1,0,10,0,0,0,0,-1,0,3.0000,-1,27,22,22,0,71
339.4688,1,0,10,0,0,0,0,-1,0,3.0000,-1,27,22,22,0,71
339.4879,1,0,10,0,0,0,0,-1,0,3.0000,-1,27,22,22,0,71
339.509,1,0,10,0,0,0,0,-1,0,2.0000,-1,27,22,22,0,71
339.5307,1,0,10,0,0,0,0,-1,0,2.0000,-1,27,22,22,0,71
339.5514,1,0,10,0,0,0,0,-1,0,2.0000,-1,27,22,22,0,71
339.5745,1,0,10,0,0,0,0,-1,0,2.0000,-1,27,22,22,0,71
339.5908,1,0,10,0,0,0,0,-1,0,2.0000,-1,27,22,22,0,71
339.6092,1,0,10,0,0,0,0,-1,0,2.0000,-1,27,22,22,0,71
339.6294,1,0,10,0,0,0,0,-1,0,2.0000,-1,27,22,22,0,71
339.6548,1,0,10,0,0,0,0,-1,0,2.0000,-1,27,22,22,0,71
339.6767,1,0,10,0,0,0,0,-1,0,1.0000,-1,27,22,22,0,71
339.6958,1,0,10,0,0,0,0,-1,0,1.0000,-1,27,22,22,0,71
339.7144,1,0,10,0,0,0,0,-1,0,1.0000,-1,27,22,22,0,71
339.7335,1,0,10,0,0,0,0,-1,0,1.0000,-1,27,22,22,0,71
339.7509,1,0,10,0,0,0,0,-1,0,1.0000,-1,27,22,22,0,71
339.7688,1,0,10,0,0,0,0,-1,0,1.0000,-1,27,22,22,0,71
339.8012,1,0,10,0,0,0,0,-1,0,1.0000,-1,27,22,22,0,71
339.815,1,0,10,0,0,0,0,-1,0,1.0000,-1,27,22,22,0,71
339.83,1,0,10,0,0,0,0,-1,0,1.0000,-1,27,22,22,0,71
339.8464,1,0,10,0,0,0,0,-1,0,1.0000,-1,27,22,22,0,71
339.8642,1,0,10,0,0,0,0,-1,0,1.0000,-1,27,22,22,0,71
339.8831,1,0,10,0,0,0,0,-1,0,1.0000,-1,27,22,22,0,71
339.9024,1,0,10,0,0,0,0,-1,0,1.0000,-1,27,22,22,0,71
339.9229,1,0,10,0,0,0,0,-1,0,1.0000,-1,27,22,22,0,71
339.9412,1,0,10,0,0,0,0,-1,0,1.0000,-1,27,22,22,0,71
339.9594,1,0,10,0,0,0,0,-1,0,1.0000,-1,27,22,22,0,71
339.9795,1,0,10,0,0,0,0,-1,0,1.0000,-1,27,22,22,0,71
340.0141,1,0,10,0,0,0,0,-1,0,1.0000,-1,27,22,22,0,71
340.0305,1,0,10,0,0,0,0,-1,0,1.0000,-1,27,22,22,0,71
340.0453,1,0,10,0,0,0,0,-1,0,1.0000,-1,27,22,22,0,71
340.0599,1,0,10,0,0,0,0,-1,0,1.0000,-1,27,22,22,0,71
340.0777,1,0,10,0,0,0,0,-1,0,1.0000,-1,27,22,22,0,71
340.0978,1,0,10,0,0,0,0,-1,0,1.0000,-1,27,22,22,0,71
340.1168,1,0,10,0,0,0,0,-1,0,1.0000,-1,27,22,22,0,71
340.1352,1,0,10,0,0,0,0,-1,0,1.0000,-1,27,22,22,0,71
340.1546,1,0,10,0,0,0,0,-1,0,1.0000,-1,27,22,22,0,71
340.1735,1,0,10,0,0,0,0,-1,0,1.0000,-1,27,22,22,0,71
340.1928,1,0,10,0,0,0,0,-1,0,1.0000,-1,27,22,22,0,71
340.2136,1,0,10,0,0,0,0,-1,0,1.0000,-1,27,22,22,0,71
340.2346,1,0,10,0,0,0,0,-1,0,1.0000,-1,27,22,22,0,71
340.2568,1,0,10,0,0,0,0,-1,0,1.0000,-1,27,22,22,0,71
340.278,1,0,10,0,0,0,0,-1,0,0.0000,-1,27,22,22,0,71
340.2964,1,0,10,0,0,0,0,-1,0,0.0000,-1,27,22,22,0,71
340.3159,1,0,10,0,0,0,1,262,0,0.0000,-1,27,22,22,0,71
340.3342,1,0,10,0,0,0,1,262,0,0.0000,-1,27,22,22,0,71
340.3533,1,0,10,0,0,0,1,262,0,0.0000,-1,27,22,22,0,71
340.3739,1,0,10,0,0,0,1,262,0,0.0000,-1,27,22,22,0,71
340.3969,1,0,10,0,0,0,1,262,0,0.0000,-1,27,22,22,0,71
340.4182,1,0,10,0,0,0,1,262,0,0.0000,-1,27,22,22,0,71
340.4411,1,0,10,0,0,0,1,262,0,0.0000,-1,27,22,22,0,71
340.4615,1,0,10,0,0,0,1,262,0,0.0000,-1,27,22,22,0,71
340.4751,1,0,10,0,0,0,1,262,0,0.0000,-1,27,22,22,0,71
340.4917,1,0,10,0,0,0,1,262,0,0.0000,-1,27,22,22,0,71
340.5117,1,0,10,0,0,0,1,262,0,0.0000,-1,27,22,22,0,71
340.5334,1,0,10,0,0,0,1,262,0,0.0000,-1,27,22,22,0,71
340.554,1,0,10,0,0,0,1,262,0,0.0000,-1,27,22,22,0,71
340.5763,1,0,10,0,0,0,1,262,0,0.0000,-1,27,22,22,0,71
340.5984,1,0,10,0,0,0,1,262,0,0.0000,-1,27,22,22,0,71
340.6196,1,0,10,1,0,0,1,262,1,1.0000,-1,27,22,22,0,71
340.6424,1,0,10,1,0,0,1,262,0,1.0000,-1,27,22,22,0,71
340.6591,1,0,10,1,0,0,1,262,0,1.0000,-1,27,22,22,0,71
340.6739,1,0,10,1,0,0,1,262,0,1.0000,-1,27,22,22,0,71
340.6933,1,0,10,1,0,0,1,262,0,1.0000,-1,27,22,22,0,71
340.7124,1,0,10,1,0,0,1,262,0,1.0000,-1,27,22,22,0,71
340.7314,1,0,10,1,0,0,1,262,0,1.0000,-1,27,22,22,0,71
340.7522,1,0,10,1,0,0,1,262,0,1.0000,-1,27,22,22,0,71
340.7753,1,0,10,1,0,0,1,262,0,1.0000,-1,27,22,22,0,71
340.7981,1,0,10,1,0,0,1,262,0,1.0000,-1,27,22,22,0,71
340.8189,1,0,10,1,0,0,1,262,1,2.0000,-1,27,22,22,0,71
340.8435,1,0,10,1,0,0,1,262,0,2.0000,-1,27,22,22,0,71
340.8568,1,0,10,1,0,0,1,262,0,2.0000,-1,27,22,22,0,71
340.8722,1,0,10,1,0,0,1,262,0,2.0000,-1,27,22,22,0,71
340.8894,1,0,10,1,0,0,1,262,0,2.0000,-1,27,22,22,0,71
340.9103,1,0,10,1,0,0,1,262,0,2.0000,-1,27,22,22,0,71
340.9311,1,0,10,1,0,0,1,262,0,2.0000,-1,27,22,22,0,71
340.9525,1,0,10,1,0,0,1,262,0,2.0000,-1,27,22,22,0,71
340.9741,1,0,10,1,0,0,1,262,0,2.0000,-1,27,22,22,0,71
340.9966,1,0,10,1,0,0,0,-1,0,2.0000,262,28,22,22,0,72
341.0203,1,0,10,1,0,0,0,-1,0,2.0000,-1,28,22,22,0,72
341.0458,1,0,10,1,0,0,0,-1,0,2.0000,-1,28,22,22,0,72
341.0628,1,0,10,1,0,0,0,-1,0,2.0000,-1,28,22,22,0,72
341.0816,1,0,10,1,0,0,0,-1,0,2.0000,-1,28,22,22,0,72
341.0989,1,0,10,1,0,0,0,-1,0,2.0000,-1,28,22,22,0,72
341.1145,1,0,10,1,0,0,0,-1,0,2.0000,-1,28,22,22,0,72
341.1328,1,0,10,1,0,0,0,-1,0,2.0000,-1,28,22,22,0,72
341.1536,1,0,10,1,0,0,0,-1,0,2.0000,-1,28,22,22,0,72
341.1729,1,0,10,1,0,0,0,-1,0,2.0000,-1,28,22,22,0,72
341.1931,1,0,10,1,0,0,0,-1,0,2.0000,-1,28,22,22,0,72
341.2146,1,0,10,1,0,0,0,-1,0,2.0000,-1,28,22,22,0,72
341.2363,1,0,10,1,0,0,1,265,0,2.0000,-1,28,22,22,0,72
341.2682,1,0,10,1,0,0,1,265,0,2.0000,-1,28,22,22,0,72
341.2869,1,0,10,1,0,0,1,265,0,2.0000,-1,28,22,22,0,72
341.3048,1,0,10,1,0,0,1,265,0,2.0000,-1,28,22,22,0,72
341.3232,1,0,10,1,0,0,1,265,0,2.0000,-1,28,22,22,0,72
341.3426,1,0,10,1,0,0,1,265,0,2.0000,-1,28,22,22,0,72
341.3658,1,0,10,1,0,0,1,265,0,2.0000,-1,28,22,22,0,72
341.3878,1,0,10,1,0,0,1,265,0,2.0000,-1,28,22,22,0,72
341.4115,1,0,10,1,0,0,1,265,1,3.0000,-1,28,22,22,0,72
341.4319,1,0,10,1,1,0,1,265,0,3.0000,-1,28,22,22,0,72
341.4538,1,0,10,1,1,0,1,265,0,3.0000,-1,28,22,22,0,72
341.4751,1,0,10,1,1,0,1,265,0,3.0000,-1,28,22,22,0,72
341.4964,1,0,10,1,1,0,1,265,0,3.0000,-1,28,22,22,0,72
341.5173,1,0,10,1,1,0,1,265,0,3.0000,-1,28,22,22,0,72
341.5388,1,0,10,1,1,0,1,265,0,3.0000,-1,28,22,22,0,72
341.5585,1,0,10,1,1,0,1,265,0,3.0000,-1,28,22,22,0,72
341.5779,1,0,10,1,1,0,1,265,0,3.0000,-1,28,22,22,0,72
341.5998,1,0,10,0,1,0,1,265,0,3.0000,-1,28,22,22,0,72
341.6211,1,0,10,0,1,0,1,265,0,2.0000,-1,28,22,22,0,72
341.6409,1,0,10,0,1,0,1,265,0,2.0000,-1,28,22,22,0,72
341.6612,1,0,10,0,1,0,1,265,0,2.0000,-1,28,22,22,0,72
341.6887,1,0,10,0,1,0,1,265,1,3.0000,-1,28,22,22,0,72
341.7048,1,0,10,0,1,0,0,-1,0,3.0000,-1,28,22,22,0,72
341.7245,1,0,10,0,1,0,0,-1,0,3.0000,-1,28,22,22,0,72
341.7448,1,0,10,0,1,0,0,-1,0,3.0000,-1,28,22,22,0,72
341.7655,1,0,10,0,1,0,1,264,0,3.0000,-1,28,22,22,0,72
341.7846,1,0,10,0,1,0,1,264,0,3.0000,-1,28,22,22,0,72
341.803,1,0,10,0,1,0,1,264,0,3.0000,-1,28,22,22,0,72
341.8213,1,0,10,0,1,0,1,264,0,2.0000,-1,28,22,22,0,72
341.8435,1,0,10,0,1,0,1,264,0,2.0000,-1,28,22,22,0,72
341.8633,1,0,10,0,1,0,1,264,0,2.0000,-1,28,22,22,0,72
341.8971,1,0,10,0,1,0,1,264,0,2.0000,-1,28,22,22,0,72
341.9125,1,0,10,0,1,0,1,264,0,2.0000,-1,28,22,22,0,72
341.9297,1,0,10,0,1,0,1,264,0,2.0000,-1,28,22,22,0,72
341.9469,1,0,10,0,1,0,0,-1,0,2.0000,264,29,22,22,0,73
341.9711,1,0,10,0,1,0,0,-1,0,2.0000,-1,29,22,22,0,73
341.9922,1,0,10,0,1,0,0,-1,0,2.0000,-1,29,22,22,0,73
342.0129,1,0,10,0,1,0,0,-1,0,2.0000,-1,29,22,22,0,73
342.0359,1,0,10,0,1,0,0,-1,0,2.0000,-1,29,22,22,0,73
342.0579,1,0,10,0,1,0,0,-1,0,2.0000,-1,29,22,22,0,73
342.0795,1,0,10,0,1,0,0,-1,0,2.0000,-1,29,22,22,0,73
342.1154,1,0,10,0,1,0,0,-1,0,2.0000,-1,29,22,22,0,73
342.1334,1,0,10,0,1,0,0,-1,0,2.0000,-1,29,22,22,0,73
342.1504,1,0,10,0,1,0,0,-1,0,2.0000,-1,29,22,22,0,73
342.169,1,0,10,0,1,0,0,-1,0,2.0000,-1,29,22,22,0,73
342.1862,1,0,10,0,1,0,0,-1,0,2.0000,-1,29,22,22,0,73
342.2043,1,0,10,0,1,0,0,-1,0,2.0000,-1,29,22,22,0,73
342.2246,1,0,10,0,1,0,0,-1,0,2.0000,-1,29,22,22,0,73
342.2467,1,0,10,0,1,0,0,-1,0,2.0000,-1,29,22,22,0,73
342.2676,1,0,10,0,1,0,0,-1,1,3.0000,-1,29,22,22,0,73
342.2869,1,0,10,0,1,0,0,-1,1,4.0000,-1,29,22,22,0,73
342.3273,1,0,10,0,0,0,0,-1,0,4.0000,-1,29,22,22,0,73
342.3445,1,0,10,0,0,0,0,-1,0,4.0000,-1,29,22,22,0,73
342.3593,1,0,10,0,0,0,0,-1,0,4.0000,-1,29,22,22,0,73
342.3738,1,0,10,0,0,0,1,269,0,4.0000,-1,29,22,22,0,73
342.3985,1,0,10,0,0,0,1,269,0,4.0000,-1,29,22,22,0,73
342.4196,1,0,10,0,0,0,1,269,0,3.0000,-1,29,22,22,0,73
342.4411,1,0,10,0,0,0,1,269,0,3.0000,-1,29,22,22,0,73
342.4635,1,0,10,0,0,0,1,269,0,3.0000,-1,29,22,22,0,73
342.485,1,0,10,0,0,0,1,269,0,3.0000,-1,29,22,22,0,73
342.5071,1,0,10,0,0,0,1,269,0,3.0000,-1,29,22,22,0,73
342.54,1,0,10,0,0,0,1,269,0,3.0000,-1,29,22,22,0,73
342.5558,1,0,10,0,0,0,1,269,0,3.0000,-1,29,22,22,0,73
342.5702,1,0,10,0,0,0,1,269,0,3.0000,-1,29,22,22,0,73
342.5883,1,0,10,0,0,0,1,269,0,3.0000,-1,29,22,22,0,73
342.6082,1,0,10,0,0,0,1,269,0,3.0000,-1,29,22,22,0,73
342.6289,1,0,10,0,0,0,1,269,0,3.0000,-1,29,22,22,0,73
342.6506,1,0,10,0,0,0,1,269,0,3.0000,-1,29,22,22,0,73
342.6707,1,0,10,0,0,0,1,269,0,3.0000,-1,29,22,22,0,73
342.6926,1,0,10,0,0,0,1,269,0,2.0000,-1,29,22,22,0,73
342.7119,1,0,10,0,0,0,1,269,0,2.0000,-1,29,22,22,0,73
342.7507,1,0,10,0,0,0,1,269,0,2.0000,-1,29,22,22,0,73