run_time,current_driver_player_number,driver_changed_this_frame,driver_change_count_total,curve_active,drift_check_active,drift_check_result,warning_active,warning_obstacle_id,driver_input_this_frame,inputs_per_second,hit_obstacle_id_this_frame,player1_collision_counter,player2_collision_counter,player3_collision_counter,player4_collision_counter,collision_count_total,player1_final_points,player2_final_points,player3_final_points,player4_final_points
29.77443,1,0,0,0,0,0,0,-1,0,0.0000,-1,0,0,0,0,0,0,0,0,0
29.82842,1,0,0,0,0,0,0,-1,1,1.0000,-1,0,0,0,0,0,0,0,0,0
29.85217,1,0,0,0,0,0,0,-1,0,1.0000,-1,0,0,0,0,0,0,0,0,0
29.87006,1,0,0,0,0,0,0,-1,0,1.0000,-1,0,0,0,0,0,0,0,0,0
29.89067,1,0,0,0,0,0,0,-1,0,1.0000,-1,0,0,0,0,0,0,0,0,0
29.93752,1,0,0,0,0,0,0,-1,0,1.0000,-1,0,0,0,0,0,0,0,0,0
29.95341,1,0,0,0,0,0,0,-1,0,1.0000,-1,0,0,0,0,0,0,0,0,0
29.96879,1,0,0,0,0,0,0,-1,0,1.0000,-1,0,0,0,0,0,0,0,0,0
29.99185,1,0,0,0,0,0,0,-1,0,1.0000,-1,0,0,0,0,0,0,0,0,0
30.01582,1,0,0,0,0,0,0,-1,0,1.0000,-1,0,0,0,0,0,0,0,0,0
30.04447,1,0,0,0,0,0,0,-1,0,1.0000,-1,0,0,0,0,0,0,0,0,0
30.06313,1,0,0,0,0,0,0,-1,0,1.0000,-1,0,0,0,0,0,0,0,0,0
30.08312,1,0,0,0,0,0,0,-1,0,1.0000,-1,0,0,0,0,0,0,0,0,0
30.10512,1,0,0,0,0,0,0,-1,0,1.0000,-1,0,0,0,0,0,0,0,0,0
30.12901,1,0,0,0,0,0,0,-1,0,1.0000,-1,0,0,0,0,0,0,0,0,0
30.15262,1,0,0,0,0,0,0,-1,0,1.0000,-1,0,0,0,0,0,0,0,0,0
30.17441,1,0,0,0,0,0,0,-1,0,1.0000,-1,0,0,0,0,0,0,0,0,0
30.19832,1,0,0,0,0,0,0,-1,0,1.0000,-1,0,0,0,0,0,0,0,0,0
30.2213,1,0,0,0,0,0,0,-1,0,1.0000,-1,0,0,0,0,0,0,0,0,0
30.24352,1,0,0,0,0,0,0,-1,0,1.0000,-1,0,0,0,0,0,0,0,0,0
30.266,1,0,0,0,0,0,0,-1,0,1.0000,-1,0,0,0,0,0,0,0,0,0
30.28774,1,0,0,0,0,0,0,-1,0,1.0000,-1,0,0,0,0,0,0,0,0,0
30.31229,1,0,0,0,0,0,0,-1,0,1.0000,-1,0,0,0,0,0,0,0,0,0
30.33517,1,0,0,0,0,0,0,-1,0,1.0000,-1,0,0,0,0,0,0,0,0,0
30.35866,1,0,0,0,0,0,0,-1,0,1.0000,-1,0,0,0,0,0,0,0,0,0
30.38057,1,0,0,0,0,0,0,-1,0,1.0000,-1,0,0,0,0,0,0,0,0,0
30.40429,1,0,0,0,0,0,0,-1,0,1.0000,-1,0,0,0,0,0,0,0,0,0
30.42805,1,0,0,0,0,0,0,-1,0,1.0000,-1,0,0,0,0,0,0,0,0,0
30.45207,1,0,0,0,0,0,0,-1,0,1.0000,-1,0,0,0,0,0,0,0,0,0
30.47501,1,0,0,0,0,0,0,-1,0,1.0000,-1,0,0,0,0,0,0,0,0,0
30.49673,1,0,0,0,0,0,0,-1,0,1.0000,-1,0,0,0,0,0,0,0,0,0
30.51989,1,0,0,0,0,0,0,-1,0,1.0000,-1,0,0,0,0,0,0,0,0,0
30.54175,1,0,0,0,0,0,0,-1,0,1.0000,-1,0,0,0,0,0,0,0,0,0
30.56528,1,0,0,0,0,0,0,-1,0,1.0000,-1,0,0,0,0,0,0,0,0,0
30.58758,1,0,0,0,0,0,0,-1,0,1.0000,-1,0,0,0,0,0,0,0,0,0
30.611,1,0,0,0,0,0,0,-1,0,1.0000,-1,0,0,0,0,0,0,0,0,0
30.63509,1,0,0,0,0,0,0,-1,0,1.0000,-1,0,0,0,0,0,0,0,0,0
30.65799,1,0,0,0,0,0,0,-1,0,1.0000,-1,0,0,0,0,0,0,0,0,0
30.68016,1,0,0,0,0,0,0,-1,0,1.0000,-1,0,0,0,0,0,0,0,0,0
30.70408,1,0,0,0,0,0,0,-1,0,1.0000,-1,0,0,0,0,0,0,0,0,0
30.72709,1,0,0,0,0,0,0,-1,0,1.0000,-1,0,0,0,0,0,0,0,0,0
30.75012,1,0,0,0,0,0,0,-1,0,1.0000,-1,0,0,0,0,0,0,0,0,0
30.77381,1,0,0,0,0,0,0,-1,0,1.0000,-1,0,0,0,0,0,0,0,0,0
30.79638,1,0,0,0,0,0,0,-1,0,1.0000,-1,0,0,0,0,0,0,0,0,0
30.81926,1,0,0,0,0,0,0,-1,0,1.0000,-1,0,0,0,0,0,0,0,0,0
30.84239,1,0,0,0,0,0,0,-1,0,0.0000,-1,0,0,0,0,0,0,0,0,0
30.86506,1,0,0,0,0,0,0,-1,0,0.0000,-1,0,0,0,0,0,0,0,0,0
30.88753,1,0,0,0,0,0,0,-1,0,0.0000,-1,0,0,0,0,0,0,0,0,0
30.91015,1,0,0,0,0,0,0,-1,0,0.0000,-1,0,0,0,0,0,0,0,0,0
30.93262,1,0,0,0,0,0,0,-1,0,0.0000,-1,0,0,0,0,0,0,0,0,0
30.9568,1,0,0,0,0,0,0,-1,0,0.0000,-1,0,0,0,0,0,0,0,0,0
30.97881,1,0,0,0,0,0,0,-1,0,0.0000,-1,0,0,0,0,0,0,0,0,0
31.00077,1,0,0,0,0,0,0,-1,0,0.0000,-1,0,0,0,0,0,0,0,0,0
31.02472,1,0,0,0,0,0,0,-1,0,0.0000,-1,0,0,0,0,0,0,0,0,0
31.05023,1,0,0,0,0,0,0,-1,0,0.0000,-1,0,0,0,0,0,0,0,0,0
31.07316,1,0,0,0,0,0,0,-1,0,0.0000,-1,0,0,0,0,0,0,0,0,0
31.09642,1,0,0,0,0,0,0,-1,0,0.0000,-1,0,0,0,0,0,0,0,0,0
31.11919,1,0,0,0,0,0,0,-1,0,0.0000,-1,0,0,0,0,0,0,0,0,0
31.14228,1,0,0,0,0,0,0,-1,0,0.0000,-1,0,0,0,0,0,0,0,0,0
31.16672,1,0,0,0,0,0,0,-1,0,0.0000,-1,0,0,0,0,0,0,0,0,0
31.18981,1,0,0,0,0,0,0,-1,0,0.0000,-1,0,0,0,0,0,0,0,0,0
31.21685,1,0,0,0,0,0,0,-1,0,0.0000,-1,0,0,0,0,0,0,0,0,0
31.24017,1,0,0,0,0,0,0,-1,0,0.0000,-1,0,0,0,0,0,0,0,0,0
31.26254,1,0,0,0,0,0,0,-1,0,0.0000,-1,0,0,0,0,0,0,0,0,0
31.28938,1,0,0,0,0,0,0,-1,0,0.0000,-1,0,0,0,0,0,0,0,0,0
31.31549,1,0,0,0,0,0,0,-1,0,0.0000,-1,0,0,0,0,0,0,0,0,0
31.33887,1,0,0,0,0,0,0,-1,0,0.0000,-1,0,0,0,0,0,0,0,0,0
31.36164,1,0,0,0,0,0,0,-1,0,0.0000,-1,0,0,0,0,0,0,0,0,0
31.38674,1,0,0,0,0,0,0,-1,0,0.0000,-1,0,0,0,0,0,0,0,0,0
31.41036,1,0,0,0,0,0,0,-1,0,0.0000,-1,0,0,0,0,0,0,0,0,0
31.43388,1,0,0,0,0,0,0,-1,0,0.0000,-1,0,0,0,0,0,0,0,0,0
31.45689,1,0,0,0,0,0,0,-1,0,0.0000,-1,0,0,0,0,0,0,0,0,0
31.47861,1,0,0,0,0,0,0,-1,0,0.0000,-1,0,0,0,0,0,0,0,0,0
31.5022,1,0,0,0,0,0,0,-1,0,0.0000,-1,0,0,0,0,0,0,0,0,0
31.52543,1,0,0,0,0,0,0,-1,0,0.0000,-1,0,0,0,0,0,0,0,0,0
31.54945,1,0,0,0,0,0,0,-1,0,0.0000,-1,0,0,0,0,0,0,0,0,0
31.57621,1,0,0,0,0,0,0,-1,0,0.0000,-1,0,0,0,0,0,0,0,0,0
31.59836,1,0,0,0,0,0,0,-1,0,0.0000,-1,0,0,0,0,0,0,0,0,0
31.62317,1,0,0,0,0,0,0,-1,0,0.0000,-1,0,0,0,0,0,0,0,0,0
31.6464,1,0,0,0,0,0,0,-1,0,0.0000,-1,0,0,0,0,0,0,0,0,0
31.67207,1,0,0,0,0,0,0,-1,0,0.0000,-1,0,0,0,0,0,0,0,0,0
31.69275,1,0,0,0,0,0,0,-1,0,0.0000,-1,0,0,0,0,0,0,0,0,0
31.7141,1,0,0,0,0,0,0,-1,0,0.0000,-1,0,0,0,0,0,0,0,0,0
31.73818,1,0,0,0,0,0,0,-1,0,0.0000,-1,0,0,0,0,0,0,0,0,0
31.76256,1,0,0,0,0,0,0,-1,0,0.0000,-1,0,0,0,0,0,0,0,0,0
31.79021,1,0,0,0,0,0,0,-1,0,0.0000,-1,0,0,0,0,0,0,0,0,0
31.8112,1,0,0,0,0,0,0,-1,0,0.0000,-1,0,0,0,0,0,0,0,0,0
31.83473,1,0,0,0,0,0,0,-1,0,0.0000,-1,0,0,0,0,0,0,0,0,0
31.86021,1,0,0,0,0,0,0,-1,0,0.0000,-1,0,0,0,0,0,0,0,0,0
31.88131,1,0,0,0,0,0,0,-1,0,0.0000,-1,0,0,0,0,0,0,0,0,0
31.90645,1,0,0,0,0,0,0,-1,0,0.0000,-1,0,0,0,0,0,0,0,0,0
31.92837,1,0,0,0,0,0,0,-1,0,0.0000,-1,0,0,0,0,0,0,0,0,0
31.95316,1,0,0,0,0,0,0,-1,0,0.0000,-1,0,0,0,0,0,0,0,0,0
31.97488,1,0,0,0,0,0,0,-1,0,0.0000,-1,0,0,0,0,0,0,0,0,0
31.99869,1,0,0,0,0,0,0,-1,0,0.0000,-1,0,0,0,0,0,0,0,0,0
32.04414,1,0,0,0,0,0,0,-1,0,0.0000,-1,0,0,0,0,0,0,0,0,0
32.06231,1,0,0,0,0,0,0,-1,0,0.0000,-1,0,0,0,0,0,0,0,0,0
32.07759,1,0,0,0,0,0,0,-1,0,0.0000,-1,0,0,0,0,0,0,0,0,0
32.09774,1,0,0,0,0,0,0,-1,0,0.0000,-1,0,0,0,0,0,0,0,0,0
32.1224,1,0,0,0,0,0,0,-1,0,0.0000,-1,0,0,0,0,0,0,0,0,0
32.14545,1,0,0,0,0,0,0,-1,0,0.0000,-1,0,0,0,0,0,0,0,0,0
32.16918,1,0,0,0,0,0,0,-1,0,0.0000,-1,0,0,0,0,0,0,0,0,0
32.19293,1,0,0,0,0,0,0,-1,0,0.0000,-1,0,0,0,0,0,0,0,0,0
32.21646,1,0,0,0,0,0,0,-1,0,0.0000,-1,0,0,0,0,0,0,0,0,0
32.24078,1,0,0,0,0,0,0,-1,0,0.0000,-1,0,0,0,0,0,0,0,0,0
32.26387,1,0,0,0,0,0,0,-1,0,0.0000,-1,0,0,0,0,0,0,0,0,0
32.28951,1,0,0,0,0,0,0,-1,0,0.0000,-1,0,0,0,0,0,0,0,0,0
32.30937,1,0,0,0,0,0,0,-1,0,0.0000,-1,0,0,0,0,0,0,0,0,0
32.33402,1,0,0,0,0,0,0,-1,0,0.0000,-1,0,0,0,0,0,0,0,0,0
32.35697,1,0,0,0,0,0,0,-1,0,0.0000,-1,0,0,0,0,0,0,0,0,0
32.38218,1,0,0,0,0,0,0,-1,0,0.0000,-1,0,0,0,0,0,0,0,0,0
32.4049,1,0,0,0,0,0,0,-1,0,0.0000,-1,0,0,0,0,0,0,0,0,0
32.42921,1,0,0,0,0,0,0,-1,0,0.0000,-1,0,0,0,0,0,0,0,0,0
32.47459,1,0,0,0,0,0,0,-1,0,0.0000,-1,0,0,0,0,0,0,0,0,0
32.49509,1,0,0,0,0,0,0,-1,0,0.0000,-1,0,0,0,0,0,0,0,0,0
32.5105,1,0,0,0,0,0,0,-1,0,0.0000,-1,0,0,0,0,0,0,0,0,0
32.52777,1,0,0,0,0,0,0,-1,0,0.0000,-1,0,0,0,0,0,0,0,0,0
32.55379,1,0,0,0,0,0,0,-1,0,0.0000,-1,0,0,0,0,0,0,0,0,0
32.57592,1,0,0,0,0,0,0,-1,0,0.0000,-1,0,0,0,0,0,0,0,0,0
32.59982,1,0,0,0,0,0,0,-1,0,0.0000,-1,0,0,0,0,0,0,0,0,0
32.62245,1,0,0,0,0,0,0,-1,0,0.0000,-1,0,0,0,0,0,0,0,0,0
32.64556,1,0,0,0,0,0,0,-1,0,0.0000,-1,0,0,0,0,0,0,0,0,0
32.66942,1,0,0,0,0,0,0,-1,0,0.0000,-1,0,0,0,0,0,0,0,0,0
32.69138,1,0,0,0,0,0,0,-1,0,0.0000,-1,0,0,0,0,0,0,0,0,0
32.71422,1,0,0,0,0,0,0,-1,0,0.0000,-1,0,0,0,0,0,0,0,0,0
32.73712,1,0,0,0,0,0,0,-1,0,0.0000,-1,0,0,0,0,0,0,0,0,0
32.76148,1,0,0,0,0,0,0,-1,0,0.0000,-1,0,0,0,0,0,0,0,0,0
32.78352,1,0,0,0,0,0,0,-1,0,0.0000,-1,0,0,0,0,0,0,0,0,0
32.80693,1,0,0,0,0,0,0,-1,0,0.0000,-1,0,0,0,0,0,0,0,0,0
32.83073,1,0,0,0,0,0,0,-1,0,0.0000,-1,0,0,0,0,0,0,0,0,0
32.85321,1,0,0,0,0,0,0,-1,0,0.0000,-1,0,0,0,0,0,0,0,0,0
32.87669,1,0,0,0,0,0,0,-1,0,0.0000,-1,0,0,0,0,0,0,0,0,0
32.90084,1,0,0,0,0,0,0,-1,0,0.0000,-1,0,0,0,0,0,0,0,0,0
32.92334,1,0,0,0,0,0,0,-1,0,0.0000,-1,0,0,0,0,0,0,0,0,0
32.94585,1,0,0,0,0,0,0,-1,0,0.0000,-1,0,0,0,0,0,0,0,0,0
32.96931,1,0,0,0,0,0,0,-1,0,0.0000,-1,0,0,0,0,0,0,0,0,0
32.99337,1,0,0,0,0,0,0,-1,0,0.0000,-1,0,0,0,0,0,0,0,0,0
33.01647,1,0,0,0,0,0,0,-1,0,0.0000,-1,0,0,0,0,0,0,0,0,0
33.03991,1,0,0,0,0,0,0,-1,0,0.0000,-1,0,0,0,0,0,0,0,0,0
33.06406,1,0,0,0,0,0,0,-1,0,0.0000,-1,0,0,0,0,0,0,0,0,0
33.088,1,0,0,0,0,0,0,-1,0,0.0000,-1,0,0,0,0,0,0,0,0,0
33.1097,1,0,0,0,0,0,0,-1,0,0.0000,-1,0,0,0,0,0,0,0,0,0
33.13369,1,0,0,0,0,0,0,-1,0,0.0000,-1,0,0,0,0,0,0,0,0,0
33.15617,1,0,0,0,0,0,0,-1,0,0.0000,-1,0,0,0,0,0,0,0,0,0
33.17979,1,0,0,0,0,0,0,-1,0,0.0000,-1,0,0,0,0,0,0,0,0,0
33.20347,1,0,0,0,0,0,0,-1,0,0.0000,-1,0,0,0,0,0,0,0,0,0
33.22541,1,0,0,0,0,0,0,-1,0,0.0000,-1,0,0,0,0,0,0,0,0,0
33.2474,1,0,0,0,0,0,0,-1,0,0.0000,-1,0,0,0,0,0,0,0,0,0
33.27234,1,0,0,0,0,0,0,-1,0,0.0000,-1,0,0,0,0,0,0,0,0,0
33.29686,1,0,0,0,0,0,0,-1,0,0.0000,-1,0,0,0,0,0,0,0,0,0
33.31823,1,0,0,0,0,0,0,-1,0,0.0000,-1,0,0,0,0,0,0,0,0,0
33.34056,1,0,0,0,0,0,0,-1,0,0.0000,-1,0,0,0,0,0,0,0,0,0
33.36427,1,0,0,0,0,0,0,-1,0,0.0000,-1,0,0,0,0,0,0,0,0,0
33.38522,1,0,0,0,0,0,0,-1,0,0.0000,-1,0,0,0,0,0,0,0,0,0
33.4111,1,0,0,0,0,0,0,-1,0,0.0000,-1,0,0,0,0,0,0,0,0,0
33.43518,1,0,0,0,0,0,0,-1,0,0.0000,-1,0,0,0,0,0,0,0,0,0
33.45582,1,0,0,0,0,0,0,-1,0,0.0000,-1,0,0,0,0,0,0,0,0,0
33.47655,1,0,0,0,0,0,0,-1,0,0.0000,-1,0,0,0,0,0,0,0,0,0
33.50233,1,0,0,0,0,0,0,-1,0,0.0000,-1,0,0,0,0,0,0,0,0,0
33.52508,1,0,0,0,0,0,0,-1,0,0.0000,-1,0,0,0,0,0,0,0,0,0
33.54907,1,0,0,0,0,0,0,-1,0,0.0000,-1,0,0,0,0,0,0,0,0,0
33.5714,1,0,0,0,0,0,0,-1,0,0.0000,-1,0,0,0,0,0,0,0,0,0
33.59494,1,0,0,0,0,0,0,-1,0,0.0000,-1,0,0,0,0,0,0,0,0,0
33.61717,1,0,0,0,0,0,0,-1,0,0.0000,-1,0,0,0,0,0,0,0,0,0
33.64094,1,0,0,0,0,0,0,-1,0,0.0000,-1,0,0,0,0,0,0,0,0,0
33.66288,1,0,0,0,0,0,0,-1,0,0.0000,-1,0,0,0,0,0,0,0,0,0
33.68773,1,0,0,0,0,0,0,-1,0,0.0000,-1,0,0,0,0,0,0,0,0,0
33.70941,1,0,0,0,0,0,0,-1,0,0.0000,-1,0,0,0,0,0,0,0,0,0
33.7296,1,0,0,0,0,0,0,-1,0,0.0000,-1,0,0,0,0,0,0,0,0,0
33.75309,1,0,0,0,0,0,0,-1,0,0.0000,-1,0,0,0,0,0,0,0,0,0
33.77711,1,0,0,0,0,0,0,-1,0,0.0000,-1,0,0,0,0,0,0,0,0,0
33.80164,1,0,0,0,0,0,0,-1,0,0.0000,-1,0,0,0,0,0,0,0,0,0
33.82803,1,0,0,0,0,0,0,-1,0,0.0000,-1,0,0,0,0,0,0,0,0,0
33.8454,1,0,0,0,0,0,0,-1,0,0.0000,-1,0,0,0,0,0,0,0,0,0
33.86738,1,0,0,0,0,0,0,-1,0,0.0000,-1,0,0,0,0,0,0,0,0,0
33.89013,1,0,0,0,0,0,0,-1,0,0.0000,-1,0,0,0,0,0,0,0,0,0
33.93416,1,0,0,0,0,0,0,-1,0,0.0000,-1,0,0,0,0,0,0,0,0,0
33.95092,1,0,0,0,0,0,0,-1,0,0.0000,-1,0,0,0,0,0,0,0,0,0
33.96787,1,0,0,0,0,0,0,-1,0,0.0000,-1,0,0,0,0,0,0,0,0,0
33.98653,1,0,0,0,0,0,0,-1,0,0.0000,-1,0,0,0,0,0,0,0,0,0
34.00985,1,0,0,0,0,0,0,-1,0,0.0000,-1,0,0,0,0,0,0,0,0,0
34.03352,1,0,0,0,0,0,0,-1,0,0.0000,-1,0,0,0,0,0,0,0,0,0
34.05528,1,0,0,0,0,0,0,-1,0,0.0000,-1,0,0,0,0,0,0,0,0,0
34.07787,1,0,0,0,0,0,0,-1,0,0.0000,-1,0,0,0,0,0,0,0,0,0
34.1005,1,0,0,0,0,0,0,-1,0,0.0000,-1,0,0,0,0,0,0,0,0,0
34.12296,1,0,0,0,0,0,0,-1,0,0.0000,-1,0,0,0,0,0,0,0,0,0
34.14745,1,0,0,0,0,0,0,-1,0,0.0000,-1,0,0,0,0,0,0,0,0,0
34.168,1,0,0,0,0,0,0,-1,0,0.0000,-1,0,0,0,0,0,0,0,0,0
34.19225,1,0,0,0,0,0,0,-1,0,0.0000,-1,0,0,0,0,0,0,0,0,0
34.21454,1,0,0,0,0,0,0,-1,0,0.0000,-1,0,0,0,0,0,0,0,0,0
34.23742,1,0,0,0,0,0,0,-1,0,0.0000,-1,0,0,0,0,0,0,0,0,0
34.26051,1,0,0,0,0,0,0,-1,0,0.0000,-1,0,0,0,0,0,0,0,0,0
34.28461,1,0,0,0,0,0,0,-1,0,0.0000,-1,0,0,0,0,0,0,0,0,0
34.30677,1,0,0,0,0,0,0,-1,0,0.0000,-1,0,0,0,0,0,0,0,0,0
34.32946,1,0,0,0,0,0,0,-1,0,0.0000,-1,0,0,0,0,0,0,0,0,0
34.35129,1,0,0,0,0,0,0,-1,0,0.0000,-1,0,0,0,0,0,0,0,0,0
34.37465,1,0,0,0,0,0,0,-1,0,0.0000,-1,0,0,0,0,0,0,0,0,0
34.39607,1,0,0,0,0,0,0,-1,0,0.0000,-1,0,0,0,0,0,0,0,0,0
34.42069,1,0,0,0,0,0,0,-1,0,0.0000,-1,0,0,0,0,0,0,0,0,0
34.44051,1,0,0,0,0,0,0,-1,0,0.0000,-1,0,0,0,0,0,0,0,0,0
34.46403,1,0,0,0,0,0,0,-1,0,0.0000,-1,0,0,0,0,0,0,0,0,0
34.48765,1,0,0,0,0,0,0,-1,0,0.0000,-1,0,0,0,0,0,0,0,0,0
34.50929,1,0,0,0,0,0,0,-1,0,0.0000,-1,0,0,0,0,0,0,0,0,0
34.53344,1,0,0,0,0,0,1,0,0,0.0000,-1,0,0,0,0,0,0,0,0,0
34.57576,1,0,0,0,0,0,1,0,0,0.0000,-1,0,0,0,0,0,0,0,0,0
34.58696,1,0,0,0,0,0,1,0,0,0.0000,-1,0,0,0,0,0,0,0,0,0
34.60333,1,0,0,0,0,0,1,0,0,0.0000,-1,0,0,0,0,0,0,0,0,0
34.62738,1,0,0,0,0,0,1,0,0,0.0000,-1,0,0,0,0,0,0,0,0,0
34.65132,1,0,0,0,0,0,1,0,0,0.0000,-1,0,0,0,0,0,0,0,0,0
34.67399,1,0,0,0,0,0,1,0,0,0.0000,-1,0,0,0,0,0,0,0,0,0
34.69777,1,0,0,0,0,0,1,0,0,0.0000,-1,0,0,0,0,0,0,0,0,0
34.72147,1,0,0,0,0,0,1,0,0,0.0000,-1,0,0,0,0,0,0,0,0,0
34.76474,1,0,0,0,0,0,0,-1,1,1.0000,-1,0,0,0,0,0,0,0,0,0
34.78322,1,0,0,0,0,0,0,-1,0,1.0000,-1,0,0,0,0,0,0,0,0,0
34.7986,1,0,0,0,0,0,0,-1,0,1.0000,-1,0,0,0,0,0,0,0,0,0
34.81644,1,0,0,0,0,0,0,-1,0,1.0000,-1,0,0,0,0,0,0,0,0,0
34.8379,1,0,0,0,0,0,0,-1,0,1.0000,-1,0,0,0,0,0,0,0,0,0
34.86425,1,0,0,0,0,0,0,-1,0,1.0000,-1,0,0,0,0,0,0,0,0,0
34.88702,1,0,0,0,0,0,0,-1,0,1.0000,-1,0,0,0,0,0,0,0,0,0
34.90914,1,0,0,0,0,0,0,-1,0,1.0000,-1,0,0,0,0,0,0,0,0,0
34.93314,1,0,0,0,0,0,0,-1,0,1.0000,-1,0,0,0,0,0,0,0,0,0
34.9561,1,0,0,0,0,0,0,-1,0,1.0000,-1,0,0,0,0,0,0,0,0,0
34.9786,1,0,0,0,0,0,0,-1,0,1.0000,-1,0,0,0,0,0,0,0,0,0
35.0016,1,0,0,0,0,0,0,-1,0,1.0000,-1,0,0,0,0,0,0,0,0,0
35.02455,1,0,0,0,0,0,0,-1,0,1.0000,-1,0,0,0,0,0,0,0,0,0
35.04578,1,0,0,0,0,0,0,-1,0,1.0000,-1,0,0,0,0,0,0,0,0,0
35.07082,1,0,0,0,0,0,0,-1,0,1.0000,-1,0,0,0,0,0,0,0,0,0
35.09489,1,0,0,0,0,0,0,-1,0,1.0000,-1,0,0,0,0,0,0,0,0,0
35.11747,1,0,0,0,0,0,0,-1,0,1.0000,-1,0,0,0,0,0,0,0,0,0
35.13976,1,0,0,0,0,0,0,-1,0,1.0000,-1,0,0,0,0,0,0,0,0,0
35.16444,1,0,0,0,0,0,0,-1,0,1.0000,-1,0,0,0,0,0,0,0,0,0
35.18704,1,0,0,0,0,0,0,-1,0,1.0000,-1,0,0,0,0,0,0,0,0,0
35.21037,1,0,0,0,0,0,0,-1,0,1.0000,-1,0,0,0,0,0,0,0,0,0
35.23241,1,0,0,0,0,0,0,-1,0,1.0000,-1,0,0,0,0,0,0,0,0,0
35.25549,1,0,0,0,0,0,0,-1,0,1.0000,-1,0,0,0,0,0,0,0,0,0
35.27974,1,0,0,0,0,0,0,-1,0,1.0000,-1,0,0,0,0,0,0,0,0,0
35.30157,1,0,0,0,0,0,0,-1,0,1.0000,-1,0,0,0,0,0,0,0,0,0
35.32547,1,0,0,0,0,0,0,-1,0,1.0000,-1,0,0,0,0,0,0,0,0,0
35.34872,1,0,0,0,0,0,0,-1,0,1.0000,-1,0,0,0,0,0,0,0,0,0
35.37116,1,0,0,0,0,0,0,-1,0,1.0000,-1,0,0,0,0,0,0,0,0,0
35.39475,1,0,0,0,0,0,0,-1,0,1.0000,-1,0,0,0,0,0,0,0,0,0
35.4181,1,0,0,0,0,0,0,-1,0,1.0000,-1,0,0,0,0,0,0,0,0,0
35.4423,1,0,0,0,0,0,0,-1,0,1.0000,-1,0,0,0,0,0,0,0,0,0
35.46585,1,0,0,0,0,0,0,-1,0,1.0000,-1,0,0,0,0,0,0,0,0,0
35.48804,1,0,0,0,0,0,0,-1,0,1.0000,-1,0,0,0,0,0,0,0,0,0
35.51043,1,0,0,0,0,0,0,-1,0,1.0000,-1,0,0,0,0,0,0,0,0,0
35.53349,1,0,0,0,0,0,0,-1,0,1.0000,-1,0,0,0,0,0,0,0,0,0
35.55619,1,0,0,0,0,0,0,-1,0,1.0000,-1,0,0,0,0,0,0,0,0,0
35.5794,1,0,0,0,0,0,0,-1,0,1.0000,-1,0,0,0,0,0,0,0,0,0
35.60165,1,0,0,0,0,0,1,3,0,1.0000,-1,0,0,0,0,0,0,0,0,0
35.62522,1,0,0,0,0,0,1,3,0,1.0000,-1,0,0,0,0,0,0,0,0,0
35.64827,1,0,0,0,0,0,1,3,0,1.0000,-1,0,0,0,0,0,0,0,0,0
35.67323,1,0,0,0,0,0,1,3,0,1.0000,-1,0,0,0,0,0,0,0,0,0
35.69368,1,0,0,0,0,0,1,3,0,1.0000,-1,0,0,0,0,0,0,0,0,0
35.71869,1,0,0,0,0,0,1,3,0,1.0000,-1,0,0,0,0,0,0,0,0,0
35.74261,1,0,0,0,0,0,1,3,0,1.0000,-1,0,0,0,0,0,0,0,0,0
35.76414,1,0,0,0,0,0,1,3,0,1.0000,-1,0,0,0,0,0,0,0,0,0
35.80845,1,0,0,0,0,0,1,3,0,0.0000,-1,0,0,0,0,0,0,0,0,0
35.82677,1,0,0,0,0,0,1,3,0,0.0000,-1,0,0,0,0,0,0,0,0,0
35.84416,1,0,0,0,0,0,1,3,0,0.0000,-1,0,0,0,0,0,0,0,0,0
35.86106,1,0,0,0,0,0,1,3,0,0.0000,-1,0,0,0,0,0,0,0,0,0
35.88728,1,0,0,0,0,0,1,3,0,0.0000,-1,0,0,0,0,0,0,0,0,0
35.91065,1,0,0,0,0,0,1,3,0,0.0000,-1,0,0,0,0,0,0,0,0,0
35.93287,1,0,0,0,0,0,1,3,0,0.0000,-1,0,0,0,0,0,0,0,0,0
35.95564,1,0,0,0,0,0,1,3,0,0.0000,-1,0,0,0,0,0,0,0,0,0
35.97824,1,0,0,0,0,0,1,3,0,0.0000,-1,0,0,0,0,0,0,0,0,0
36.00095,1,0,0,0,0,0,1,3,0,0.0000,-1,0,0,0,0,0,0,0,0,0
36.02422,1,0,0,0,0,0,1,3,0,0.0000,-1,0,0,0,0,0,0,0,0,0
36.0478,1,0,0,0,0,0,1,3,0,0.0000,-1,0,0,0,0,0,0,0,0,0
36.07039,1,0,0,0,0,0,1,3,0,0.0000,-1,0,0,0,0,0,0,0,0,0
36.09439,1,0,0,0,0,0,1,3,0,0.0000,-1,0,0,0,0,0,0,0,0,0
36.11629,1,0,0,0,0,0,1,3,0,0.0000,-1,0,0,0,0,0,0,0,0,0
36.14035,1,0,0,0,0,0,1,3,0,0.0000,-1,0,0,0,0,0,0,0,0,0
36.16364,1,0,0,0,0,0,1,3,0,0.0000,-1,0,0,0,0,0,0,0,0,0
36.1861,1,0,0,0,0,0,1,3,0,0.0000,-1,0,0,0,0,0,0,0,0,0
36.20882,1,0,0,0,0,0,1,3,0,0.0000,-1,0,0,0,0,0,0,0,0,0
36.23065,1,0,0,0,0,0,1,3,0,0.0000,-1,0,0,0,0,0,0,0,0,0
36.25517,1,0,0,0,0,0,1,3,0,0.0000,-1,0,0,0,0,0,0,0,0,0
36.27815,1,0,0,0,0,0,1,3,0,0.0000,-1,0,0,0,0,0,0,0,0,0
36.29911,1,0,0,0,0,0,1,3,0,0.0000,-1,0,0,0,0,0,0,0,0,0
36.3227,1,0,0,0,0,0,1,3,0,0.0000,-1,0,0,0,0,0,0,0,0,0
36.34595,1,0,0,0,0,0,1,3,0,0.0000,-1,0,0,0,0,0,0,0,0,0
36.36971,1,0,0,0,0,0,1,3,0,0.0000,-1,0,0,0,0,0,0,0,0,0
36.39202,1,0,0,0,0,0,0,-1,1,1.0000,-1,0,0,0,0,0,0,0,0,0
36.41494,1,0,0,0,0,0,1,1,0,1.0000,-1,0,0,0,0,0,0,0,0,0
36.43776,1,0,0,0,0,0,1,1,0,1.0000,-1,0,0,0,0,0,0,0,0,0
36.46074,1,0,0,0,0,0,1,1,0,1.0000,-1,0,0,0,0,0,0,0,0,0
36.48298,1,0,0,0,0,0,1,1,0,1.0000,-1,0,0,0,0,0,0,0,0,0
36.50776,1,0,0,0,0,0,1,1,0,1.0000,-1,0,0,0,0,0,0,0,0,0
36.52863,1,0,0,0,0,0,1,1,0,1.0000,-1,0,0,0,0,0,0,0,0,0
36.55225,1,0,0,0,0,0,0,-1,0,1.0000,-1,0,0,0,0,0,0,0,0,0
36.57295,1,0,0,0,0,0,0,-1,0,1.0000,-1,0,0,0,0,0,0,0,0,0
36.59378,1,0,0,0,0,0,0,-1,0,1.0000,-1,0,0,0,0,0,0,0,0,0
36.61758,1,0,0,0,0,0,0,-1,0,1.0000,-1,0,0,0,0,0,0,0,0,0
36.64236,1,0,0,0,0,0,0,-1,0,1.0000,-1,0,0,0,0,0,0,0,0,0
36.6641,1,0,0,1,0,0,0,-1,0,1.0000,-1,0,0,0,0,0,0,0,0,0
36.70889,1,0,0,1,0,0,0,-1,0,1.0000,-1,0,0,0,0,0,0,0,0,0
36.72089,1,0,0,1,0,0,0,-1,0,1.0000,-1,0,0,0,0,0,0,0,0,0
36.73813,1,0,0,1,0,0,0,-1,0,1.0000,-1,0,0,0,0,0,0,0,0,0
36.76206,1,0,0,1,0,0,0,-1,0,1.0000,-1,0,0,0,0,0,0,0,0,0
36.78508,1,0,0,1,0,0,0,-1,0,1.0000,-1,0,0,0,0,0,0,0,0,0
36.80791,1,0,0,1,0,0,0,-1,0,1.0000,-1,0,0,0,0,0,0,0,0,0
36.84829,1,0,0,1,0,0,0,-1,0,1.0000,-1,0,0,0,0,0,0,0,0,0
36.86433,1,0,0,1,0,0,0,-1,0,1.0000,-1,0,0,0,0,0,0,0,0,0
36.8792,1,0,0,1,0,0,0,-1,0,1.0000,-1,0,0,0,0,0,0,0,0,0
36.90087,1,0,0,1,0,0,0,-1,0,1.0000,-1,0,0,0,0,0,0,0,0,0
36.92357,1,0,0,1,0,0,0,-1,0,1.0000,-1,0,0,0,0,0,0,0,0,0
36.9461,1,0,0,1,0,0,0,-1,0,1.0000,-1,0,0,0,0,0,0,0,0,0
36.96976,1,0,0,1,0,0,0,-1,0,1.0000,-1,0,0,0,0,0,0,0,0,0
36.99146,1,0,0,1,0,0,0,-1,0,1.0000,-1,0,0,0,0,0,0,0,0,0
37.01242,1,0,0,1,0,0,0,-1,0,1.0000,-1,0,0,0,0,0,0,0,0,0
37.03482,1,0,0,1,0,0,0,-1,0,1.0000,-1,0,0,0,0,0,0,0,0,0
37.05778,1,0,0,1,0,0,0,-1,0,1.0000,-1,0,0,0,0,0,0,0,0,0
37.0797,1,0,0,1,0,0,0,-1,0,1.0000,-1,0,0,0,0,0,0,0,0,0
37.10358,1,0,0,1,0,0,0,-1,0,1.0000,-1,0,0,0,0,0,0,0,0,0
37.12505,1,0,0,1,0,0,0,-1,0,1.0000,-1,0,0,0,0,0,0,0,0,0
37.14755,1,0,0,1,0,0,0,-1,0,1.0000,-1,0,0,0,0,0,0,0,0,0
37.17019,1,0,0,1,0,0,0,-1,0,1.0000,-1,0,0,0,0,0,0,0,0,0
37.19299,1,0,0,1,0,0,0,-1,0,1.0000,-1,0,0,0,0,0,0,0,0,0
37.21384,1,0,0,1,0,0,0,-1,0,1.0000,-1,0,0,0,0,0,0,0,0,0
37.23759,1,0,0,1,0,0,0,-1,0,1.0000,-1,0,0,0,0,0,0,0,0,0
37.25997,1,0,0,1,0,0,0,-1,0,1.0000,-1,0,0,0,0,0,0,0,0,0
37.28225,1,0,0,1,0,0,0,-1,0,1.0000,-1,0,0,0,0,0,0,0,0,0
37.30588,1,0,0,1,0,0,0,-1,0,1.0000,-1,0,0,0,0,0,0,0,0,0
37.32977,1,0,0,1,0,0,0,-1,0,1.0000,-1,0,0,0,0,0,0,0,0,0
37.35184,1,0,0,1,0,0,0,-1,0,1.0000,-1,0,0,0,0,0,0,0,0,0
37.3748,1,0,0,1,0,0,1,6,0,1.0000,-1,0,0,0,0,0,0,0,0,0
37.39684,1,0,0,1,0,0,1,6,0,0.0000,-1,0,0,0,0,0,0,0,0,0
37.41642,1,0,0,1,1,0,1,5,1,1.0000,-1,0,0,0,0,0,0,0,0,0
37.45903,1,0,0,1,1,0,1,5,0,1.0000,-1,0,0,0,0,0,0,0,0,0
37.47219,1,0,0,1,1,0,1,5,0,1.0000,-1,0,0,0,0,0,0,0,0,0
37.4892,1,0,0,1,1,0,1,5,0,1.0000,-1,0,0,0,0,0,0,0,0,0
37.51656,1,0,0,1,1,0,1,5,0,1.0000,-1,0,0,0,0,0,0,0,0,0
37.53664,1,0,0,1,1,0,1,5,0,1.0000,-1,0,0,0,0,0,0,0,0,0
37.56057,1,0,0,1,1,0,1,5,0,1.0000,-1,0,0,0,0,0,0,0,0,0
37.58221,1,0,0,1,1,0,1,5,0,1.0000,-1,0,0,0,0,0,0,0,0,0
37.60394,1,0,0,1,1,0,0,-1,0,1.0000,5,1,0,0,0,1,0,0,0,0
37.63227,1,0,0,1,1,0,0,-1,0,1.0000,-1,1,0,0,0,1,0,0,0,0
37.67003,1,0,0,1,1,0,0,-1,0,1.0000,-1,1,0,0,0,1,0,0,0,0
37.684,1,0,0,1,1,0,0,-1,0,1.0000,-1,1,0,0,0,1,0,0,0,0
37.69872,1,0,0,1,1,0,0,-1,0,1.0000,-1,1,0,0,0,1,0,0,0,0
37.71923,1,0,0,1,1,0,0,-1,0,1.0000,-1,1,0,0,0,1,0,0,0,0
37.74313,1,0,0,1,1,0,0,-1,0,1.0000,-1,1,0,0,0,1,0,0,0,0
37.76532,1,0,0,1,1,0,0,-1,0,1.0000,-1,1,0,0,0,1,0,0,0,0
37.7892,1,0,0,1,1,0,0,-1,0,1.0000,-1,1,0,0,0,1,0,0,0,0
37.81017,1,0,0,0,1,0,0,-1,0,1.0000,-1,1,0,0,0,1,0,0,0,0
37.83221,1,0,0,0,1,0,0,-1,0,1.0000,-1,1,0,0,0,1,0,0,0,0
37.85523,1,0,0,0,1,0,0,-1,0,1.0000,-1,1,0,0,0,1,0,0,0,0
37.89721,1,0,0,0,1,0,0,-1,0,1.0000,-1,1,0,0,0,1,0,0,0,0
37.91999,1,0,0,0,1,0,0,-1,0,1.0000,-1,1,0,0,0,1,0,0,0,0
37.93464,1,0,0,0,1,0,0,-1,0,1.0000,-1,1,0,0,0,1,0,0,0,0
37.9487,1,0,0,0,1,0,0,-1,0,1.0000,-1,1,0,0,0,1,0,0,0,0
37.97073,1,0,0,0,1,0,0,-1,0,1.0000,-1,1,0,0,0,1,0,0,0,0
37.99461,1,0,0,0,1,0,0,-1,0,1.0000,-1,1,0,0,0,1,0,0,0,0
38.01474,1,0,0,0,0,0,0,-1,0,1.0000,-1,1,0,0,0,1,0,0,0,0
38.04527,1,0,0,0,0,0,1,7,0,1.0000,-1,1,0,0,0,1,0,0,0,0
38.06435,1,0,0,0,0,0,1,7,0,1.0000,-1,1,0,0,0,1,0,0,0,0
38.10098,1,0,0,0,0,0,0,-1,0,1.0000,-1,1,0,0,0,1,0,0,0,0
38.12096,1,0,0,0,0,0,0,-1,0,1.0000,-1,1,0,0,0,1,0,0,0,0
38.13839,1,0,0,0,0,0,0,-1,0,1.0000,-1,1,0,0,0,1,0,0,0,0
38.15542,1,0,0,0,0,0,0,-1,0,1.0000,-1,1,0,0,0,1,0,0,0,0
38.17375,1,0,0,0,0,0,0,-1,0,1.0000,-1,1,0,0,0,1,0,0,0,0
38.1971,1,0,0,0,0,0,0,-1,0,1.0000,-1,1,0,0,0,1,0,0,0,0
38.21779,1,0,0,0,0,0,0,-1,0,1.0000,-1,1,0,0,0,1,0,0,0,0
38.23999,1,0,0,0,0,0,0,-1,0,1.0000,-1,1,0,0,0,1,0,0,0,0
38.26099,1,0,0,0,0,0,0,-1,0,1.0000,-1,1,0,0,0,1,0,0,0,0
38.28479,1,0,0,0,0,0,0,-1,0,1.0000,-1,1,0,0,0,1,0,0,0,0
38.32647,1,0,0,0,0,0,0,-1,0,1.0000,-1,1,0,0,0,1,0,0,0,0
38.34509,1,0,0,0,0,0,0,-1,0,1.0000,-1,1,0,0,0,1,0,0,0,0
38.36103,1,0,0,0,0,0,0,-1,0,1.0000,-1,1,0,0,0,1,0,0,0,0
38.37804,1,0,0,0,0,0,0,-1,0,1.0000,-1,1,0,0,0,1,0,0,0,0
38.39734,1,0,0,0,0,0,0,-1,0,1.0000,-1,1,0,0,0,1,0,0,0,0
38.4219,1,0,0,0,0,0,0,-1,0,0.0000,-1,1,0,0,0,1,0,0,0,0
38.44098,1,0,0,0,0,0,0,-1,0,0.0000,-1,1,0,0,0,1,0,0,0,0
38.46245,1,0,0,0,0,0,0,-1,0,0.0000,-1,1,0,0,0,1,0,0,0,0
38.4837,1,0,0,0,0,0,0,-1,0,0.0000,-1,1,0,0,0,1,0,0,0,0
38.50517,1,0,0,0,0,0,0,-1,0,0.0000,-1,1,0,0,0,1,0,0,0,0
38.54773,1,0,0,0,0,0,0,-1,0,0.0000,-1,1,0,0,0,1,0,0,0,0
38.56491,1,0,0,0,0,0,0,-1,0,0.0000,-1,1,0,0,0,1,0,0,0,0
38.58171,1,0,0,0,0,0,0,-1,0,0.0000,-1,1,0,0,0,1,0,0,0,0
38.59906,1,0,0,0,0,0,0,-1,0,0.0000,-1,1,0,0,0,1,0,0,0,0
38.61631,1,0,0,0,0,0,0,-1,0,0.0000,-1,1,0,0,0,1,0,0,0,0
38.63984,1,0,0,0,0,0,0,-1,0,0.0000,-1,1,0,0,0,1,0,0,0,0
38.66128,1,0,0,0,0,0,0,-1,0,0.0000,-1,1,0,0,0,1,0,0,0,0
38.68295,1,0,0,0,0,0,0,-1,0,0.0000,-1,1,0,0,0,1,0,0,0,0
38.70443,1,0,0,0,0,0,0,-1,0,0.0000,-1,1,0,0,0,1,0,0,0,0
38.72681,1,0,0,0,0,0,0,-1,0,0.0000,-1,1,0,0,0,1,0,0,0,0
38.74928,1,0,0,0,0,0,0,-1,0,0.0000,-1,1,0,0,0,1,0,0,0,0
38.77101,1,0,0,0,0,0,0,-1,0,0.0000,-1,1,0,0,0,1,0,0,0,0
38.79235,1,0,0,0,0,0,0,-1,0,0.0000,-1,1,0,0,0,1,0,0,0,0
38.81272,1,0,0,0,0,0,0,-1,0,0.0000,-1,1,0,0,0,1,0,0,0,0
38.83552,1,0,0,0,0,0,0,-1,0,0.0000,-1,1,0,0,0,1,0,0,0,0
38.8577,1,0,0,0,0,0,0,-1,0,0.0000,-1,1,0,0,0,1,0,0,0,0
38.87971,1,0,0,0,0,0,0,-1,0,0.0000,-1,1,0,0,0,1,0,0,0,0
38.89836,1,0,0,0,0,0,0,-1,0,0.0000,-1,1,0,0,0,1,0,0,0,0
38.92027,1,0,0,0,0,0,0,-1,0,0.0000,-1,1,0,0,0,1,0,0,0,0
38.94257,1,0,0,0,0,0,0,-1,0,0.0000,-1,1,0,0,0,1,0,0,0,0
38.96373,1,0,0,0,0,0,0,-1,0,0.0000,-1,1,0,0,0,1,0,0,0,0
38.98537,1,0,0,0,0,0,0,-1,0,0.0000,-1,1,0,0,0,1,0,0,0,0
39.00661,1,0,0,0,0,0,0,-1,0,0.0000,-1,1,0,0,0,1,0,0,0,0
39.0274,1,0,0,0,0,0,0,-1,0,0.0000,-1,1,0,0,0,1,0,0,0,0
39.04874,1,0,0,0,0,0,0,-1,0,0.0000,-1,1,0,0,0,1,0,0,0,0
39.07094,1,0,0,0,0,0,0,-1,0,0.0000,-1,1,0,0,0,1,0,0,0,0
39.0924,1,0,0,0,0,0,0,-1,0,0.0000,-1,1,0,0,0,1,0,0,0,0
39.11499,1,0,0,0,0,0,0,-1,0,0.0000,-1,1,0,0,0,1,0,0,0,0
39.1368,1,0,0,0,0,0,0,-1,0,0.0000,-1,1,0,0,0,1,0,0,0,0
39.15811,1,0,0,0,0,0,0,-1,0,0.0000,-1,1,0,0,0,1,0,0,0,0
39.19995,1,0,0,0,0,0,0,-1,0,0.0000,-1,1,0,0,0,1,0,0,0,0
39.21953,1,0,0,0,0,0,0,-1,0,0.0000,-1,1,0,0,0,1,0,0,0,0
39.23511,1,0,0,0,0,0,0,-1,0,0.0000,-1,1,0,0,0,1,0,0,0,0
39.25019,1,0,0,0,0,0,0,-1,0,0.0000,-1,1,0,0,0,1,0,0,0,0
39.26884,1,0,0,0,0,0,0,-1,0,0.0000,-1,1,0,0,0,1,0,0,0,0
39.29103,1,0,0,0,0,0,0,-1,0,0.0000,-1,1,0,0,0,1,0,0,0,0
39.31408,1,0,0,0,0,0,0,-1,0,0.0000,-1,1,0,0,0,1,0,0,0,0
39.33586,1,0,0,0,0,0,0,-1,0,0.0000,-1,1,0,0,0,1,0,0,0,0
39.35851,1,0,0,0,0,0,0,-1,0,0.0000,-1,1,0,0,0,1,0,0,0,0
39.39822,1,0,0,0,0,0,0,-1,0,0.0000,-1,1,0,0,0,1,0,0,0,0
39.41343,1,0,0,0,0,0,0,-1,0,0.0000,-1,1,0,0,0,1,0,0,0,0
39.43249,1,0,0,0,0,0,0,-1,0,0.0000,-1,1,0,0,0,1,0,0,0,0
39.44667,1,0,0,0,0,0,0,-1,0,0.0000,-1,1,0,0,0,1,0,0,0,0
39.46746,1,0,0,0,0,0,0,-1,0,0.0000,-1,1,0,0,0,1,0,0,0,0
39.48994,1,0,0,0,0,0,0,-1,0,0.0000,-1,1,0,0,0,1,0,0,0,0
39.51263,1,0,0,0,0,0,0,-1,0,0.0000,-1,1,0,0,0,1,0,0,0,0
39.53439,1,0,0,0,0,0,0,-1,0,0.0000,-1,1,0,0,0,1,0,0,0,0
39.55334,1,0,0,0,0,0,0,-1,0,0.0000,-1,1,0,0,0,1,0,0,0,0
39.57485,1,0,0,0,0,0,0,-1,0,0.0000,-1,1,0,0,0,1,0,0,0,0
39.61665,1,0,0,0,0,0,1,9,0,0.0000,-1,1,0,0,0,1,0,0,0,0
39.63473,1,0,0,0,0,0,1,9,0,0.0000,-1,1,0,0,0,1,0,0,0,0
39.64932,1,0,0,0,0,0,1,9,0,0.0000,-1,1,0,0,0,1,0,0,0,0
39.66451,1,0,0,0,0,0,1,9,0,0.0000,-1,1,0,0,0,1,0,0,0,0
39.68692,1,0,0,0,0,0,1,9,0,0.0000,-1,1,0,0,0,1,0,0,0,0
39.70933,1,0,0,0,0,0,1,9,0,0.0000,-1,1,0,0,0,1,0,0,0,0
39.72921,1,0,0,0,0,0,1,9,0,0.0000,-1,1,0,0,0,1,0,0,0,0
39.74987,1,0,0,0,0,0,1,9,0,0.0000,-1,1,0,0,0,1,0,0,0,0
39.77282,1,0,0,0,0,0,1,9,0,0.0000,-1,1,0,0,0,1,0,0,0,0
39.79458,1,0,0,0,0,0,1,9,0,0.0000,-1,1,0,0,0,1,0,0,0,0
39.8176,1,0,0,0,0,0,1,9,0,0.0000,-1,1,0,0,0,1,0,0,0,0
39.83731,1,0,0,0,0,0,1,9,0,0.0000,-1,1,0,0,0,1,0,0,0,0
39.85995,1,0,0,0,0,0,1,9,0,0.0000,-1,1,0,0,0,1,0,0,0,0
39.88243,1,0,0,0,0,0,1,9,0,0.0000,-1,1,0,0,0,1,0,0,0,0
39.90425,1,0,0,0,0,0,1,9,0,0.0000,-1,1,0,0,0,1,0,0,0,0
39.92711,1,0,0,0,0,0,1,9,0,0.0000,-1,1,0,0,0,1,0,0,0,0
39.9486,1,0,0,0,0,0,1,9,0,0.0000,-1,1,0,0,0,1,0,0,0,0
39.97079,1,0,0,0,0,0,1,9,0,0.0000,-1,1,0,0,0,1,0,0,0,0
39.99266,1,0,0,0,0,0,1,9,0,0.0000,-1,1,0,0,0,1,0,0,0,0
40.01413,1,0,0,0,0,0,1,9,0,0.0000,-1,1,0,0,0,1,0,0,0,0
40.03657,1,0,0,0,0,0,1,9,0,0.0000,-1,1,0,0,0,1,0,0,0,0
40.0595,1,0,0,0,0,0,1,9,0,0.0000,-1,1,0,0,0,1,0,0,0,0
40.08002,1,0,0,0,0,0,1,9,0,0.0000,-1,1,0,0,0,1,0,0,0,0
40.10182,1,0,0,0,0,0,1,9,1,1.0000,-1,1,0,0,0,1,0,0,0,0
40.12417,1,0,0,0,0,0,1,9,0,1.0000,-1,1,0,0,0,1,0,0,0,0
40.14476,1,0,0,0,0,0,1,9,0,1.0000,-1,1,0,0,0,1,0,0,0,0
40.168,1,0,0,0,0,0,1,9,0,1.0000,-1,1,0,0,0,1,0,0,0,0
40.18769,1,0,0,0,0,0,1,9,0,1.0000,-1,1,0,0,0,1,0,0,0,0
40.20943,1,0,0,0,0,0,1,9,0,1.0000,-1,1,0,0,0,1,0,0,0,0
40.23095,1,0,0,0,0,0,1,9,0,1.0000,-1,1,0,0,0,1,0,0,0,0
40.25253,1,0,0,0,0,0,1,9,0,1.0000,-1,1,0,0,0,1,0,0,0,0
40.27604,1,0,0,0,0,0,0,-1,0,1.0000,-1,1,0,0,0,1,0,0,0,0
40.2961,1,0,0,0,0,0,1,8,0,1.0000,-1,1,0,0,0,1,0,0,0,0
40.31817,1,0,0,0,0,0,1,8,0,1.0000,-1,1,0,0,0,1,0,0,0,0
40.33891,1,0,0,0,0,0,1,8,0,1.0000,-1,1,0,0,0,1,0,0,0,0
40.36123,1,0,0,0,0,0,1,10,0,1.0000,-1,1,0,0,0,1,0,0,0,0
40.38271,1,0,0,0,0,0,1,10,0,1.0000,-1,1,0,0,0,1,0,0,0,0
40.4059,1,0,0,0,0,0,1,10,0,1.0000,-1,1,0,0,0,1,0,0,0,0
40.42659,1,0,0,0,0,0,1,10,0,1.0000,-1,1,0,0,0,1,0,0,0,0
40.44743,1,0,0,0,0,0,1,10,0,1.0000,-1,1,0,0,0,1,0,0,0,0
40.4696,1,0,0,0,0,0,1,10,0,1.0000,-1,1,0,0,0,1,0,0,0,0
40.49337,1,0,0,0,0,0,1,10,0,1.0000,-1,1,0,0,0,1,0,0,0,0
40.51372,1,0,0,0,0,0,1,10,0,1.0000,-1,1,0,0,0,1,0,0,0,0
40.53684,1,0,0,0,0,0,1,10,0,1.0000,-1,1,0,0,0,1,0,0,0,0
40.55779,1,0,0,0,0,0,1,10,0,1.0000,-1,1,0,0,0,1,0,0,0,0
40.57931,1,0,0,0,0,0,1,10,0,1.0000,-1,1,0,0,0,1,0,0,0,0
40.59897,1,0,0,0,0,0,1,10,0,1.0000,-1,1,0,0,0,1,0,0,0,0
40.62,1,0,0,0,0,0,1,10,0,1.0000,-1,1,0,0,0,1,0,0,0,0
40.641,1,0,0,0,0,0,1,10,0,1.0000,-1,1,0,0,0,1,0,0,0,0
40.6628,1,0,0,0,0,0,1,10,0,1.0000,-1,1,0,0,0,1,0,0,0,0
40.70384,1,0,0,0,0,0,1,10,0,1.0000,-1,1,0,0,0,1,0,0,0,0
40.72135,1,0,0,0,0,0,1,10,0,1.0000,-1,1,0,0,0,1,0,0,0,0
40.73835,1,0,0,0,0,0,1,10,0,1.0000,-1,1,0,0,0,1,0,0,0,0
40.75328,1,0,0,0,0,0,1,10,0,1.0000,-1,1,0,0,0,1,0,0,0,0
40.77224,1,0,0,0,0,0,1,10,0,1.0000,-1,1,0,0,0,1,0,0,0,0
40.79316,1,0,0,0,0,0,1,10,0,1.0000,-1,1,0,0,0,1,0,0,0,0
40.81658,1,0,0,0,0,0,1,10,0,1.0000,-1,1,0,0,0,1,0,0,0,0
40.83748,1,0,0,0,0,0,1,10,0,1.0000,-1,1,0,0,0,1,0,0,0,0
40.85996,1,0,0,0,0,0,1,10,0,1.0000,-1,1,0,0,0,1,0,0,0,0
40.88104,1,0,0,0,0,0,0,-1,0,1.0000,10,2,0,0,0,2,0,0,0,0
40.90637,1,0,0,0,0,0,0,-1,0,1.0000,-1,2,0,0,0,2,0,0,0,0
40.92322,1,0,0,0,0,0,0,-1,0,1.0000,-1,2,0,0,0,2,0,0,0,0
40.94244,1,0,0,0,0,0,0,-1,0,1.0000,-1,2,0,0,0,2,0,0,0,0
40.96424,1,0,0,0,0,0,0,-1,0,1.0000,-1,2,0,0,0,2,0,0,0,0
40.98588,1,0,0,0,0,0,0,-1,0,1.0000,-1,2,0,0,0,2,0,0,0,0
41.00767,1,0,0,0,0,0,0,-1,0,1.0000,-1,2,0,0,0,2,0,0,0,0
41.02907,1,0,0,0,0,0,0,-1,0,1.0000,-1,2,0,0,0,2,0,0,0,0
41.05027,1,0,0,0,0,0,0,-1,0,1.0000,-1,2,0,0,0,2,0,0,0,0
41.07063,1,0,0,0,0,0,0,-1,0,1.0000,-1,2,0,0,0,2,0,0,0,0
41.09257,1,0,0,0,0,0,0,-1,0,1.0000,-1,2,0,0,0,2,0,0,0,0
41.13333,1,0,0,0,0,0,0,-1,0,0.0000,-1,2,0,0,0,2,0,0,0,0
41.15195,1,0,0,0,0,0,0,-1,0,0.0000,-1,2,0,0,0,2,0,0,0,0
41.16682,1,0,0,0,0,0,1,12,0,0.0000,-1,2,0,0,0,2,0,0,0,0
41.18208,1,0,0,0,0,0,1,12,0,0.0000,-1,2,0,0,0,2,0,0,0,0
41.2023,1,0,0,0,0,0,1,12,0,0.0000,-1,2,0,0,0,2,0,0,0,0
41.22485,1,0,0,0,0,0,1,12,0,0.0000,-1,2,0,0,0,2,0,0,0,0
41.24744,1,0,0,0,0,0,1,12,0,0.0000,-1,2,0,0,0,2,0,0,0,0
41.26804,1,0,0,0,0,0,1,12,0,0.0000,-1,2,0,0,0,2,0,0,0,0
41.29005,1,0,0,0,0,0,1,12,0,0.0000,-1,2,0,0,0,2,0,0,0,0
41.3123,1,0,0,0,0,0,1,12,0,0.0000,-1,2,0,0,0,2,0,0,0,0
41.35291,1,0,0,0,0,0,1,12,0,0.0000,-1,2,0,0,0,2,0,0,0,0
41.37091,1,0,0,0,0,0,1,12,0,0.0000,-1,2,0,0,0,2,0,0,0,0
41.3877,1,0,0,0,0,0,1,12,0,0.0000,-1,2,0,0,0,2,0,0,0,0
41.40404,1,0,0,0,0,0,1,12,0,0.0000,-1,2,0,0,0,2,0,0,0,0
41.42232,1,0,0,0,0,0,1,12,0,0.0000,-1,2,0,0,0,2,0,0,0,0
41.44493,1,0,0,0,0,0,1,12,0,0.0000,-1,2,0,0,0,2,0,0,0,0
41.46968,1,0,0,0,0,0,1,12,0,0.0000,-1,2,0,0,0,2,0,0,0,0
41.49061,1,0,0,0,0,0,1,12,0,0.0000,-1,2,0,0,0,2,0,0,0,0
41.51252,1,0,0,0,0,0,1,12,0,0.0000,-1,2,0,0,0,2,0,0,0,0
41.53165,1,0,0,0,0,0,1,12,0,0.0000,-1,2,0,0,0,2,0,0,0,0
41.55452,1,0,0,0,0,0,1,12,0,0.0000,-1,2,0,0,0,2,0,0,0,0
41.57555,1,0,0,0,0,0,1,12,0,0.0000,-1,2,0,0,0,2,0,0,0,0
41.59732,1,0,0,0,0,0,1,12,0,0.0000,-1,2,0,0,0,2,0,0,0,0
41.61799,1,0,0,0,0,0,1,12,0,0.0000,-1,2,0,0,0,2,0,0,0,0
41.6398,1,0,0,0,0,0,1,12,0,0.0000,-1,2,0,0,0,2,0,0,0,0
41.6622,1,0,0,0,0,0,1,12,0,0.0000,-1,2,0,0,0,2,0,0,0,0
41.68396,1,0,0,0,0,0,1,12,1,1.0000,-1,2,0,0,0,2,0,0,0,0
41.70581,1,0,0,0,0,0,1,12,0,1.0000,-1,2,0,0,0,2,0,0,0,0
41.72627,1,0,0,0,0,0,0,-1,0,1.0000,-1,2,0,0,0,2,0,0,0,0
41.74944,1,0,0,0,0,0,1,11,0,1.0000,-1,2,0,0,0,2,0,0,0,0
41.77111,1,0,0,0,0,0,1,11,0,1.0000,-1,2,0,0,0,2,0,0,0,0
41.79193,1,0,0,0,0,0,1,11,0,1.0000,-1,2,0,0,0,2,0,0,0,0
41.81397,1,0,0,0,0,0,1,11,0,1.0000,-1,2,0,0,0,2,0,0,0,0
41.83434,1,0,0,0,0,0,1,11,0,1.0000,-1,2,0,0,0,2,0,0,0,0
41.8557,1,0,0,0,0,0,1,11,0,1.0000,-1,2,0,0,0,2,0,0,0,0
41.87537,1,0,0,0,0,0,1,11,0,1.0000,-1,2,0,0,0,2,0,0,0,0
41.89664,1,0,0,0,0,0,1,11,0,1.0000,-1,2,0,0,0,2,0,0,0,0
41.9177,1,0,0,0,0,0,1,11,0,1.0000,-1,2,0,0,0,2,0,0,0,0
41.93922,1,0,0,0,0,0,1,11,0,1.0000,-1,2,0,0,0,2,0,0,0,0
41.96064,1,0,0,0,0,0,1,11,0,1.0000,-1,2,0,0,0,2,0,0,0,0
41.98207,1,0,0,0,0,0,1,11,0,1.0000,-1,2,0,0,0,2,0,0,0,0
42.00315,1,0,0,0,0,0,1,11,0,1.0000,-1,2,0,0,0,2,0,0,0,0
42.02445,1,0,0,0,0,0,1,11,0,1.0000,-1,2,0,0,0,2,0,0,0,0
42.04795,1,0,0,0,0,0,1,11,0,1.0000,-1,2,0,0,0,2,0,0,0,0
42.06758,1,0,0,0,0,0,1,11,0,1.0000,-1,2,0,0,0,2,0,0,0,0
42.08908,1,0,0,0,0,0,1,11,1,2.0000,-1,2,0,0,0,2,0,0,0,0
42.10708,1,0,0,0,0,0,0,-1,0,2.0000,11,3,0,0,0,3,0,0,0,0
42.12825,1,0,0,0,0,0,0,-1,0,2.0000,-1,3,0,0,0,3,0,0,0,0
42.1494,1,0,0,0,0,0,0,-1,0,2.0000,-1,3,0,0,0,3,0,0,0,0
42.19106,1,0,0,0,0,0,0,-1,0,2.0000,-1,3,0,0,0,3,0,0,0,0
42.20982,1,0,0,0,0,0,0,-1,0,2.0000,-1,3,0,0,0,3,0,0,0,0
42.22655,1,0,0,0,0,0,0,-1,0,2.0000,-1,3,0,0,0,3,0,0,0,0
42.24458,1,0,0,0,0,0,0,-1,0,2.0000,-1,3,0,0,0,3,0,0,0,0
42.26276,1,0,0,0,0,0,0,-1,0,2.0000,-1,3,0,0,0,3,0,0,0,0
42.28043,1,0,0,0,0,0,0,-1,0,2.0000,-1,3,0,0,0,3,0,0,0,0
42.30111,1,0,0,0,0,0,0,-1,0,2.0000,-1,3,0,0,0,3,0,0,0,0
42.32368,1,0,0,0,0,0,0,-1,0,2.0000,-1,3,0,0,0,3,0,0,0,0
42.34159,1,0,0,0,0,0,1,16,0,2.0000,-1,3,0,0,0,3,0,0,0,0
42.36244,1,0,0,0,0,0,1,16,0,2.0000,-1,3,0,0,0,3,0,0,0,0
42.38383,1,0,0,0,0,0,1,16,0,2.0000,-1,3,0,0,0,3,0,0,0,0
42.40664,1,0,0,0,0,0,1,16,0,2.0000,-1,3,0,0,0,3,0,0,0,0
42.42648,1,0,0,0,0,0,1,16,0,2.0000,-1,3,0,0,0,3,0,0,0,0
42.44812,1,0,0,0,0,0,1,16,0,2.0000,-1,3,0,0,0,3,0,0,0,0
42.46779,1,0,0,0,0,0,1,16,0,2.0000,-1,3,0,0,0,3,0,0,0,0
42.49063,1,0,0,0,0,0,1,16,0,2.0000,-1,3,0,0,0,3,0,0,0,0
42.51143,1,0,0,0,0,0,1,16,0,2.0000,-1,3,0,0,0,3,0,0,0,0
42.53138,1,0,0,0,0,0,1,16,1,3.0000,-1,3,0,0,0,3,0,0,0,0
42.55389,1,0,0,0,0,0,1,16,0,3.0000,-1,3,0,0,0,3,0,0,0,0
42.57457,1,0,0,0,0,0,0,-1,0,3.0000,-1,3,0,0,0,3,0,0,0,0
42.59238,1,0,0,0,0,0,0,-1,0,3.0000,-1,3,0,0,0,3,0,0,0,0
42.61433,1,0,0,0,0,0,0,-1,0,3.0000,-1,3,0,0,0,3,0,0,0,0
42.63494,1,0,0,0,0,0,0,-1,0,3.0000,-1,3,0,0,0,3,0,0,0,0
42.65689,1,0,0,0,0,0,0,-1,0,3.0000,-1,3,0,0,0,3,0,0,0,0
42.67877,1,0,0,0,0,0,0,-1,0,3.0000,-1,3,0,0,0,3,0,0,0,0
42.69926,1,0,0,0,0,0,0,-1,0,2.0000,-1,3,0,0,0,3,0,0,0,0
42.71893,1,0,0,0,0,0,0,-1,0,2.0000,-1,3,0,0,0,3,0,0,0,0
42.74131,1,0,0,0,0,0,0,-1,0,2.0000,-1,3,0,0,0,3,0,0,0,0
42.76015,1,0,0,0,0,0,0,-1,0,2.0000,-1,3,0,0,0,3,0,0,0,0
42.78191,1,0,0,0,0,0,0,-1,0,2.0000,-1,3,0,0,0,3,0,0,0,0
42.80193,1,0,0,0,0,0,0,-1,0,2.0000,-1,3,0,0,0,3,0,0,0,0
42.82302,1,0,0,0,0,0,0,-1,0,2.0000,-1,3,0,0,0,3,0,0,0,0
42.84695,1,0,0,0,0,0,0,-1,0,2.0000,-1,3,0,0,0,3,0,0,0,0
42.86809,1,0,0,0,0,0,0,-1,0,2.0000,-1,3,0,0,0,3,0,0,0,0
42.88985,1,0,0,0,0,0,0,-1,0,2.0000,-1,3,0,0,0,3,0,0,0,0
42.90984,1,0,0,0,0,0,0,-1,0,2.0000,-1,3,0,0,0,3,0,0,0,0
42.93031,1,0,0,0,0,0,0,-1,0,2.0000,-1,3,0,0,0,3,0,0,0,0
42.95104,1,0,0,0,0,0,0,-1,0,2.0000,-1,3,0,0,0,3,0,0,0,0
42.97009,1,0,0,0,0,0,0,-1,0,2.0000,-1,3,0,0,0,3,0,0,0,0
42.99059,1,0,0,0,0,0,0,-1,0,2.0000,-1,3,0,0,0,3,0,0,0,0
43.03235,1,0,0,0,0,0,0,-1,0,2.0000,-1,3,0,0,0,3,0,0,0,0
43.04664,1,0,0,0,0,0,0,-1,0,2.0000,-1,3,0,0,0,3,0,0,0,0
43.06134,1,0,0,0,0,0,0,-1,0,2.0000,-1,3,0,0,0,3,0,0,0,0
43.07936,1,0,0,0,0,0,0,-1,0,2.0000,-1,3,0,0,0,3,0,0,0,0
43.1003,1,0,0,0,0,0,0,-1,0,1.0000,-1,3,0,0,0,3,0,0,0,0
43.1241,1,0,0,0,0,0,0,-1,0,1.0000,-1,3,0,0,0,3,0,0,0,0
43.14365,1,0,0,0,0,0,0,-1,0,1.0000,-1,3,0,0,0,3,0,0,0,0
43.16489,1,0,0,0,0,0,0,-1,0,1.0000,-1,3,0,0,0,3,0,0,0,0
43.18425,1,0,0,0,0,0,0,-1,0,1.0000,-1,3,0,0,0,3,0,0,0,0
43.20267,1,0,0,0,0,0,0,-1,0,1.0000,-1,3,0,0,0,3,0,0,0,0
43.22466,1,0,0,0,0,0,0,-1,0,1.0000,-1,3,0,0,0,3,0,0,0,0
43.2466,1,0,0,0,0,0,0,-1,0,1.0000,-1,3,0,0,0,3,0,0,0,0
43.26491,1,0,0,0,0,0,0,-1,0,1.0000,-1,3,0,0,0,3,0,0,0,0
43.28775,1,0,0,0,0,0,0,-1,0,1.0000,-1,3,0,0,0,3,0,0,0,0
43.3075,1,0,0,0,0,0,0,-1,0,1.0000,-1,3,0,0,0,3,0,0,0,0
43.32746,1,0,0,0,0,0,0,-1,0,1.0000,-1,3,0,0,0,3,0,0,0,0
43.34612,1,0,0,0,0,0,0,-1,0,1.0000,-1,3,0,0,0,3,0,0,0,0
43.36911,1,0,0,0,0,0,0,-1,0,1.0000,-1,3,0,0,0,3,0,0,0,0
43.38887,1,0,0,0,0,0,0,-1,0,1.0000,-1,3,0,0,0,3,0,0,0,0
43.40981,1,0,0,0,0,0,0,-1,0,1.0000,-1,3,0,0,0,3,0,0,0,0
43.44845,1,0,0,0,0,0,0,-1,0,1.0000,-1,3,0,0,0,3,0,0,0,0
43.4648,1,0,0,0,0,0,0,-1,0,1.0000,-1,3,0,0,0,3,0,0,0,0
43.48282,1,0,0,0,0,0,0,-1,0,1.0000,-1,3,0,0,0,3,0,0,0,0
43.49974,1,0,0,0,0,0,0,-1,0,1.0000,-1,3,0,0,0,3,0,0,0,0
43.51682,1,0,0,0,0,0,0,-1,0,1.0000,-1,3,0,0,0,3,0,0,0,0
43.53573,1,0,0,0,0,0,0,-1,0,0.0000,-1,3,0,0,0,3,0,0,0,0
43.55602,1,0,0,0,0,0,0,-1,0,0.0000,-1,3,0,0,0,3,0,0,0,0
43.57891,1,0,0,0,0,0,0,-1,0,0.0000,-1,3,0,0,0,3,0,0,0,0
43.59969,1,0,0,0,0,0,0,-1,0,0.0000,-1,3,0,0,0,3,0,0,0,0
43.61672,1,0,0,0,0,0,0,-1,0,0.0000,-1,3,0,0,0,3,0,0,0,0
43.64036,1,0,0,0,0,0,0,-1,0,0.0000,-1,3,0,0,0,3,0,0,0,0
43.6572,1,0,0,0,0,0,0,-1,0,0.0000,-1,3,0,0,0,3,0,0,0,0
43.67841,1,0,0,0,0,0,0,-1,0,0.0000,-1,3,0,0,0,3,0,0,0,0
43.70097,1,0,0,0,0,0,0,-1,0,0.0000,-1,3,0,0,0,3,0,0,0,0
43.72007,1,0,0,0,0,0,0,-1,0,0.0000,-1,3,0,0,0,3,0,0,0,0
43.74092,1,0,0,0,0,0,0,-1,0,0.0000,-1,3,0,0,0,3,0,0,0,0
43.75878,1,0,0,0,0,0,0,-1,0,0.0000,-1,3,0,0,0,3,0,0,0,0
43.78064,1,0,0,0,0,0,0,-1,0,0.0000,-1,3,0,0,0,3,0,0,0,0
43.8017,1,0,0,0,0,0,0,-1,0,0.0000,-1,3,0,0,0,3,0,0,0,0
43.82259,1,0,0,0,0,0,0,-1,0,0.0000,-1,3,0,0,0,3,0,0,0,0
43.84312,1,0,0,0,0,0,0,-1,1,1.0000,-1,3,0,0,0,3,0,0,0,0
43.86407,1,0,0,0,0,0,0,-1,0,1.0000,-1,3,0,0,0,3,0,0,0,0
43.88187,1,0,0,0,0,0,0,-1,0,1.0000,-1,3,0,0,0,3,0,0,0,0
43.90335,1,0,0,0,0,0,0,-1,0,1.0000,-1,3,0,0,0,3,0,0,0,0
43.92209,1,0,0,0,0,0,0,-1,0,1.0000,-1,3,0,0,0,3,0,0,0,0
43.94656,1,0,0,0,0,0,0,-1,0,1.0000,-1,3,0,0,0,3,0,0,0,0
43.96513,1,0,0,0,0,0,0,-1,0,1.0000,-1,3,0,0,0,3,0,0,0,0
43.9841,1,0,0,0,0,0,0,-1,0,1.0000,-1,3,0,0,0,3,0,0,0,0
44.00584,1,0,0,1,0,0,0,-1,0,1.0000,-1,3,0,0,0,3,0,0,0,0
44.02432,1,0,0,1,0,0,0,-1,0,1.0000,-1,3,0,0,0,3,0,0,0,0
44.06494,1,0,0,1,0,0,0,-1,0,1.0000,-1,3,0,0,0,3,0,0,0,0
44.0825,1,0,0,1,0,0,0,-1,0,1.0000,-1,3,0,0,0,3,0,0,0,0
44.09754,1,0,0,1,0,0,0,-1,0,1.0000,-1,3,0,0,0,3,0,0,0,0
44.1102,1,0,0,1,0,0,0,-1,0,1.0000,-1,3,0,0,0,3,0,0,0,0
44.13213,1,0,0,1,0,0,0,-1,0,1.0000,-1,3,0,0,0,3,0,0,0,0
44.15366,1,0,0,1,0,0,0,-1,0,1.0000,-1,3,0,0,0,3,0,0,0,0
44.176,1,0,0,1,0,0,0,-1,0,1.0000,-1,3,0,0,0,3,0,0,0,0
44.19486,1,0,0,1,0,0,0,-1,0,1.0000,-1,3,0,0,0,3,0,0,0,0
44.21326,1,0,0,1,0,0,0,-1,0,1.0000,-1,3,0,0,0,3,0,0,0,0
44.23282,1,0,0,1,0,0,0,-1,0,1.0000,-1,3,0,0,0,3,0,0,0,0
44.25477,1,0,0,1,0,0,0,-1,0,1.0000,-1,3,0,0,0,3,0,0,0,0
44.27586,1,0,0,1,0,0,0,-1,0,1.0000,-1,3,0,0,0,3,0,0,0,0
44.29639,1,0,0,1,0,0,0,-1,0,1.0000,-1,3,0,0,0,3,0,0,0,0
44.3147,1,0,0,1,0,0,0,-1,0,1.0000,-1,3,0,0,0,3,0,0,0,0
44.33429,1,0,0,1,0,0,0,-1,0,1.0000,-1,3,0,0,0,3,0,0,0,0
44.35551,1,0,0,1,0,0,0,-1,0,1.0000,-1,3,0,0,0,3,0,0,0,0
44.37666,1,0,0,1,0,0,0,-1,0,1.0000,-1,3,0,0,0,3,0,0,0,0
44.39658,1,0,0,1,0,0,0,-1,0,1.0000,-1,3,0,0,0,3,0,0,0,0
44.41407,1,0,0,1,0,0,0,-1,0,1.0000,-1,3,0,0,0,3,0,0,0,0
44.43484,1,0,0,1,0,0,0,-1,0,1.0000,-1,3,0,0,0,3,0,0,0,0
44.45616,1,0,0,1,0,0,0,-1,0,1.0000,-1,3,0,0,0,3,0,0,0,0
44.47651,1,0,0,1,0,0,0,-1,0,1.0000,-1,3,0,0,0,3,0,0,0,0
44.49589,1,0,0,1,0,0,0,-1,0,1.0000,-1,3,0,0,0,3,0,0,0,0
44.51623,1,0,0,1,0,0,0,-1,0,1.0000,-1,3,0,0,0,3,0,0,0,0
44.53421,1,0,0,1,0,0,0,-1,0,1.0000,-1,3,0,0,0,3,0,0,0,0
44.55696,1,0,0,1,0,0,0,-1,0,1.0000,-1,3,0,0,0,3,0,0,0,0
44.57719,1,0,0,1,0,0,0,-1,0,1.0000,-1,3,0,0,0,3,0,0,0,0
44.59854,1,0,0,1,0,0,0,-1,0,1.0000,-1,3,0,0,0,3,0,0,0,0
44.61623,1,0,0,1,0,0,0,-1,0,1.0000,-1,3,0,0,0,3,0,0,0,0
44.63657,1,0,0,1,0,0,0,-1,0,1.0000,-1,3,0,0,0,3,0,0,0,0
44.65688,1,0,0,1,0,0,0,-1,0,1.0000,-1,3,0,0,0,3,0,0,0,0
44.67826,1,0,0,1,0,0,0,-1,0,1.0000,-1,3,0,0,0,3,0,0,0,0
44.69953,1,0,0,0,0,0,0,-1,0,1.0000,-1,3,0,0,0,3,0,0,0,0
44.71882,1,0,0,0,0,0,0,-1,0,1.0000,-1,3,0,0,0,3,0,0,0,0
44.73652,1,0,0,0,1,0,0,-1,0,1.0000,-1,3,0,0,0,3,0,0,0,0
44.75746,1,0,0,0,1,0,0,-1,0,1.0000,-1,3,0,0,0,3,0,0,0,0
44.77988,1,0,0,0,1,0,0,-1,0,1.0000,-1,3,0,0,0,3,0,0,0,0
44.79879,1,0,0,0,1,0,0,-1,0,1.0000,-1,3,0,0,0,3,0,0,0,0
44.81882,1,0,0,0,1,0,0,-1,0,1.0000,-1,3,0,0,0,3,0,0,0,0
44.83678,1,0,0,0,1,0,0,-1,0,1.0000,-1,3,0,0,0,3,0,0,0,0
44.87811,1,0,0,0,1,0,0,-1,0,0.0000,-1,3,0,0,0,3,0,0,0,0
44.89937,1,0,0,0,1,0,0,-1,0,0.0000,-1,3,0,0,0,3,0,0,0,0
44.91625,1,0,0,0,1,0,0,-1,0,0.0000,-1,3,0,0,0,3,0,0,0,0
44.93097,1,0,0,0,1,0,0,-1,0,0.0000,-1,3,0,0,0,3,0,0,0,0
44.94724,1,0,0,0,1,0,0,-1,0,0.0000,-1,3,0,0,0,3,0,0,0,0
44.97084,1,0,0,0,1,0,0,-1,0,0.0000,-1,3,0,0,0,3,0,0,0,0
44.99034,1,0,0,0,1,0,0,-1,0,0.0000,-1,3,0,0,0,3,0,0,0,0
45.01114,1,0,0,0,1,0,0,-1,0,0.0000,-1,3,0,0,0,3,0,0,0,0
45.03199,1,0,0,0,1,0,0,-1,0,0.0000,-1,3,0,0,0,3,0,0,0,0
45.05226,1,0,0,0,1,0,0,-1,0,0.0000,-1,3,0,0,0,3,0,0,0,0
45.07123,1,0,0,0,1,0,0,-1,0,0.0000,-1,3,0,0,0,3,0,0,0,0
45.09245,1,0,0,0,1,0,0,-1,0,0.0000,-1,3,0,0,0,3,0,0,0,0
45.11512,1,0,0,0,1,0,0,-1,0,0.0000,-1,3,0,0,0,3,0,0,0,0
45.13593,1,0,0,0,1,0,0,-1,0,0.0000,-1,3,0,0,0,3,0,0,0,0
45.15559,1,0,0,0,1,0,0,-1,0,0.0000,-1,3,0,0,0,3,0,0,0,0
45.17606,1,0,0,0,1,0,0,-1,0,0.0000,-1,3,0,0,0,3,0,0,0,0
45.19859,1,0,0,0,1,0,0,-1,0,0.0000,-1,3,0,0,0,3,0,0,0,0
45.21974,1,0,0,0,1,0,0,-1,0,0.0000,-1,3,0,0,0,3,0,0,0,0
45.24047,1,0,0,0,1,0,0,-1,0,0.0000,-1,3,0,0,0,3,0,0,0,0
45.26028,1,0,0,0,1,0,0,-1,0,0.0000,-1,3,0,0,0,3,0,0,0,0
45.28263,1,0,0,0,1,0,0,-1,0,0.0000,-1,3,0,0,0,3,0,0,0,0
45.3039,1,0,0,0,0,0,0,-1,0,0.0000,-1,3,0,0,0,3,0,0,0,0
45.32637,1,0,0,0,0,0,0,-1,0,0.0000,-1,3,0,0,0,3,0,0,0,0
45.34401,1,0,0,0,0,0,0,-1,0,0.0000,-1,3,0,0,0,3,0,0,0,0
45.36644,1,0,0,0,0,0,0,-1,0,0.0000,-1,3,0,0,0,3,0,0,0,0
45.38778,1,0,0,0,0,0,0,-1,0,0.0000,-1,3,0,0,0,3,0,0,0,0
45.40756,1,0,0,0,0,0,0,-1,0,0.0000,-1,3,0,0,0,3,0,0,0,0
45.42799,1,0,0,0,0,0,0,-1,0,0.0000,-1,3,0,0,0,3,0,0,0,0
45.45036,1,0,0,0,0,0,0,-1,0,0.0000,-1,3,0,0,0,3,0,0,0,0
45.47259,1,0,0,0,0,0,0,-1,0,0.0000,-1,3,0,0,0,3,0,0,0,0
45.51405,1,0,0,0,0,0,0,-1,0,0.0000,-1,3,0,0,0,3,0,0,0,0
45.53233,1,0,0,0,0,0,0,-1,0,0.0000,-1,3,0,0,0,3,0,0,0,0
45.55059,1,0,0,0,0,0,0,-1,0,0.0000,-1,3,0,0,0,3,0,0,0,0
45.56771,1,0,0,0,0,0,0,-1,0,0.0000,-1,3,0,0,0,3,0,0,0,0
45.5865,1,0,0,0,0,0,0,-1,0,0.0000,-1,3,0,0,0,3,0,0,0,0
45.60792,1,0,0,0,0,0,0,-1,0,0.0000,-1,3,0,0,0,3,0,0,0,0
45.63095,1,0,0,0,0,0,0,-1,0,0.0000,-1,3,0,0,0,3,0,0,0,0
45.64949,1,0,0,0,0,0,0,-1,0,0.0000,-1,3,0,0,0,3,0,0,0,0
45.67225,1,0,0,0,0,0,0,-1,0,0.0000,-1,3,0,0,0,3,0,0,0,0
45.69449,1,0,0,0,0,0,0,-1,0,0.0000,-1,3,0,0,0,3,0,0,0,0
45.71352,1,0,0,0,0,0,0,-1,0,0.0000,-1,3,0,0,0,3,0,0,0,0
45.73734,1,0,0,0,0,0,0,-1,0,0.0000,-1,3,0,0,0,3,0,0,0,0
45.75915,1,0,0,0,0,0,0,-1,0,0.0000,-1,3,0,0,0,3,0,0,0,0
45.7812,1,0,0,0,0,0,0,-1,0,0.0000,-1,3,0,0,0,3,0,0,0,0
45.80312,1,0,0,0,0,0,0,-1,0,0.0000,-1,3,0,0,0,3,0,0,0,0
45.82575,1,0,0,0,0,0,0,-1,0,0.0000,-1,3,0,0,0,3,0,0,0,0
45.8474,1,0,0,0,0,0,0,-1,1,1.0000,-1,3,0,0,0,3,0,0,0,0
45.87113,1,0,0,0,0,0,0,-1,0,1.0000,-1,3,0,0,0,3,0,0,0,0
45.89101,1,0,0,0,0,0,0,-1,0,1.0000,-1,3,0,0,0,3,0,0,0,0
45.91167,1,0,0,0,0,0,0,-1,0,1.0000,-1,3,0,0,0,3,0,0,0,0
45.9524,1,0,0,0,0,0,0,-1,0,1.0000,-1,3,0,0,0,3,0,0,0,0
45.96859,1,0,0,0,0,0,0,-1,0,1.0000,-1,3,0,0,0,3,0,0,0,0
45.98355,1,0,0,0,0,0,0,-1,0,1.0000,-1,3,0,0,0,3,0,0,0,0
46.00294,1,0,0,0,0,0,0,-1,0,1.0000,-1,3,0,0,0,3,0,0,0,0
46.02337,1,0,0,0,0,0,0,-1,0,1.0000,-1,3,0,0,0,3,0,0,0,0
46.04473,1,0,0,0,0,0,0,-1,0,1.0000,-1,3,0,0,0,3,0,0,0,0
46.06744,1,0,0,0,0,0,0,-1,0,1.0000,-1,3,0,0,0,3,0,0,0,0
46.08804,1,0,0,0,0,0,1,21,0,1.0000,-1,3,0,0,0,3,0,0,0,0
46.10743,1,0,0,0,0,0,1,21,0,1.0000,-1,3,0,0,0,3,0,0,0,0
46.12996,1,0,0,0,0,0,1,21,0,1.0000,-1,3,0,0,0,3,0,0,0,0
46.16974,1,0,0,0,0,0,1,21,0,1.0000,-1,3,0,0,0,3,0,0,0,0
46.1836,1,0,0,0,0,0,1,21,0,1.0000,-1,3,0,0,0,3,0,0,0,0
46.19972,1,0,0,0,0,0,1,21,0,1.0000,-1,3,0,0,0,3,0,0,0,0
46.22045,1,0,0,0,0,0,1,21,0,1.0000,-1,3,0,0,0,3,0,0,0,0
46.24044,1,0,0,0,0,0,1,21,0,1.0000,-1,3,0,0,0,3,0,0,0,0
46.26382,1,0,0,0,0,0,1,21,0,1.0000,-1,3,0,0,0,3,0,0,0,0
46.28519,1,0,0,0,0,0,1,21,0,1.0000,-1,3,0,0,0,3,0,0,0,0
46.30552,1,0,0,0,0,0,1,21,0,1.0000,-1,3,0,0,0,3,0,0,0,0
46.3268,1,0,0,0,0,0,1,21,0,1.0000,-1,3,0,0,0,3,0,0,0,0
46.3483,1,0,0,0,0,0,1,21,0,1.0000,-1,3,0,0,0,3,0,0,0,0
46.37027,1,0,0,0,0,0,1,21,0,1.0000,-1,3,0,0,0,3,0,0,0,0
46.39161,1,0,0,0,0,0,1,21,0,1.0000,-1,3,0,0,0,3,0,0,0,0
46.41342,1,0,0,0,0,0,1,21,0,1.0000,-1,3,0,0,0,3,0,0,0,0
46.43552,1,0,0,0,0,0,1,21,0,1.0000,-1,3,0,0,0,3,0,0,0,0
46.45749,1,0,0,0,0,0,1,21,0,1.0000,-1,3,0,0,0,3,0,0,0,0
46.47873,1,0,0,0,0,0,1,21,0,1.0000,-1,3,0,0,0,3,0,0,0,0
46.5005,1,0,0,0,0,0,1,21,0,1.0000,-1,3,0,0,0,3,0,0,0,0
46.52242,1,0,0,0,0,0,1,21,0,1.0000,-1,3,0,0,0,3,0,0,0,0
46.54321,1,0,0,0,0,0,1,21,1,2.0000,-1,3,0,0,0,3,0,0,0,0
46.56629,1,0,0,0,0,0,1,21,0,2.0000,-1,3,0,0,0,3,0,0,0,0
46.60553,1,0,0,0,0,0,0,-1,0,2.0000,21,4,0,0,0,4,0,0,0,0
46.63091,1,0,0,0,0,0,0,-1,0,2.0000,-1,4,0,0,0,4,0,0,0,0
46.64459,1,0,0,0,0,0,0,-1,0,2.0000,-1,4,0,0,0,4,0,0,0,0
46.66006,1,0,0,0,0,0,0,-1,0,2.0000,-1,4,0,0,0,4,0,0,0,0
46.6813,1,0,0,0,0,0,0,-1,0,2.0000,-1,4,0,0,0,4,0,0,0,0
46.70336,1,0,0,0,0,0,0,-1,0,2.0000,-1,4,0,0,0,4,0,0,0,0
46.72625,1,0,0,0,0,0,0,-1,0,2.0000,-1,4,0,0,0,4,0,0,0,0
46.74754,1,0,0,0,0,0,0,-1,0,2.0000,-1,4,0,0,0,4,0,0,0,0
46.77069,1,0,0,0,0,0,0,-1,0,2.0000,-1,4,0,0,0,4,0,0,0,0
46.81158,1,0,0,0,0,0,0,-1,0,2.0000,-1,4,0,0,0,4,0,0,0,0
46.82928,1,0,0,0,0,0,0,-1,0,2.0000,-1,4,0,0,0,4,0,0,0,0
46.8444,1,0,0,0,0,0,0,-1,0,2.0000,-1,4,0,0,0,4,0,0,0,0
46.85896,1,0,0,0,0,0,0,-1,0,1.0000,-1,4,0,0,0,4,0,0,0,0
46.88236,1,0,0,0,0,0,0,-1,0,1.0000,-1,4,0,0,0,4,0,0,0,0
46.9054,1,0,0,0,0,0,0,-1,0,1.0000,-1,4,0,0,0,4,0,0,0,0
46.92485,1,0,0,0,0,0,0,-1,0,1.0000,-1,4,0,0,0,4,0,0,0,0
46.94651,1,0,0,0,0,0,0,-1,0,1.0000,-1,4,0,0,0,4,0,0,0,0
46.97006,1,0,0,0,0,0,0,-1,0,1.0000,-1,4,0,0,0,4,0,0,0,0
46.991,1,0,0,0,0,0,0,-1,0,1.0000,-1,4,0,0,0,4,0,0,0,0
47.03226,1,0,0,0,0,0,0,-1,0,1.0000,-1,4,0,0,0,4,0,0,0,0
47.04604,1,0,0,0,0,0,0,-1,0,1.0000,-1,4,0,0,0,4,0,0,0,0
47.0589,1,0,0,0,0,0,0,-1,0,1.0000,-1,4,0,0,0,4,0,0,0,0
47.08313,1,0,0,0,0,0,0,-1,0,1.0000,-1,4,0,0,0,4,0,0,0,0
47.10481,1,0,0,0,0,0,0,-1,0,1.0000,-1,4,0,0,0,4,0,0,0,0
47.1264,1,0,0,0,0,0,0,-1,0,1.0000,-1,4,0,0,0,4,0,0,0,0
47.14727,1,0,0,0,0,0,0,-1,0,1.0000,-1,4,0,0,0,4,0,0,0,0
47.16913,1,0,0,0,0,0,0,-1,0,1.0000,-1,4,0,0,0,4,0,0,0,0
47.19085,1,0,0,0,0,0,0,-1,0,1.0000,-1,4,0,0,0,4,0,0,0,0
47.2125,1,0,0,0,0,0,0,-1,0,1.0000,-1,4,0,0,0,4,0,0,0,0
47.2337,1,0,0,0,0,0,0,-1,0,1.0000,-1,4,0,0,0,4,0,0,0,0
47.25661,1,0,0,0,0,0,0,-1,0,1.0000,-1,4,0,0,0,4,0,0,0,0
47.27756,1,0,0,0,0,0,0,-1,0,1.0000,-1,4,0,0,0,4,0,0,0,0
47.29922,1,0,0,0,0,0,0,-1,0,1.0000,-1,4,0,0,0,4,0,0,0,0
47.32127,1,0,0,0,0,0,0,-1,0,1.0000,-1,4,0,0,0,4,0,0,0,0
47.34125,1,0,0,0,0,0,0,-1,0,1.0000,-1,4,0,0,0,4,0,0,0,0
47.36257,1,0,0,0,0,0,0,-1,0,1.0000,-1,4,0,0,0,4,0,0,0,0
47.38396,1,0,0,0,0,0,0,-1,0,1.0000,-1,4,0,0,0,4,0,0,0,0
47.40598,1,0,0,0,0,0,0,-1,0,1.0000,-1,4,0,0,0,4,0,0,0,0
47.42659,1,0,0,0,0,0,0,-1,0,1.0000,-1,4,0,0,0,4,0,0,0,0
47.47078,1,0,0,0,0,0,0,-1,0,1.0000,-1,4,0,0,0,4,0,0,0,0
47.49047,1,0,0,0,0,0,0,-1,0,1.0000,-1,4,0,0,0,4,0,0,0,0
47.50917,1,0,0,0,0,0,0,-1,0,1.0000,-1,4,0,0,0,4,0,0,0,0
47.52612,1,0,0,0,0,0,0,-1,0,1.0000,-1,4,0,0,0,4,0,0,0,0
47.54225,1,0,0,0,0,0,0,-1,0,1.0000,-1,4,0,0,0,4,0,0,0,0
47.5609,1,0,0,0,0,0,0,-1,0,0.0000,-1,4,0,0,0,4,0,0,0,0
47.58451,1,0,0,0,0,0,0,-1,0,0.0000,-1,4,0,0,0,4,0,0,0,0
47.60647,1,0,0,0,0,0,0,-1,0,0.0000,-1,4,0,0,0,4,0,0,0,0
47.62847,1,0,0,0,0,0,0,-1,0,0.0000,-1,4,0,0,0,4,0,0,0,0
47.64763,1,0,0,0,0,0,0,-1,0,0.0000,-1,4,0,0,0,4,0,0,0,0
47.66963,1,0,0,0,0,0,0,-1,0,0.0000,-1,4,0,0,0,4,0,0,0,0
47.69208,1,0,0,0,0,0,0,-1,0,0.0000,-1,4,0,0,0,4,0,0,0,0
47.71434,1,0,0,0,0,0,0,-1,0,0.0000,-1,4,0,0,0,4,0,0,0,0
47.73568,1,0,0,0,0,0,0,-1,0,0.0000,-1,4,0,0,0,4,0,0,0,0
47.75679,1,0,0,0,0,0,0,-1,0,0.0000,-1,4,0,0,0,4,0,0,0,0
47.77899,1,0,0,0,0,0,0,-1,0,0.0000,-1,4,0,0,0,4,0,0,0,0
47.79915,1,0,0,0,0,0,0,-1,0,0.0000,-1,4,0,0,0,4,0,0,0,0
47.82176,1,0,0,0,0,0,0,-1,0,0.0000,-1,4,0,0,0,4,0,0,0,0
47.84339,1,0,0,0,0,0,0,-1,0,0.0000,-1,4,0,0,0,4,0,0,0,0
47.86416,1,0,0,0,0,0,0,-1,0,0.0000,-1,4,0,0,0,4,0,0,0,0
47.88501,1,0,0,0,0,0,0,-1,0,0.0000,-1,4,0,0,0,4,0,0,0,0
47.90688,1,0,0,0,0,0,0,-1,0,0.0000,-1,4,0,0,0,4,0,0,0,0
47.92933,1,0,0,0,0,0,0,-1,0,0.0000,-1,4,0,0,0,4,0,0,0,0
47.94811,1,0,0,0,0,0,0,-1,0,0.0000,-1,4,0,0,0,4,0,0,0,0
47.97178,1,0,0,0,0,0,0,-1,0,0.0000,-1,4,0,0,0,4,0,0,0,0
47.99339,1,0,0,0,0,0,0,-1,0,0.0000,-1,4,0,0,0,4,0,0,0,0
48.01405,1,0,0,0,0,0,0,-1,0,0.0000,-1,4,0,0,0,4,0,0,0,0
48.03672,1,0,0,0,0,0,0,-1,0,0.0000,-1,4,0,0,0,4,0,0,0,0
48.05835,1,0,0,0,0,0,0,-1,0,0.0000,-1,4,0,0,0,4,0,0,0,0
48.10036,1,0,0,0,0,0,0,-1,0,0.0000,-1,4,0,0,0,4,0,0,0,0
48.11559,1,0,0,0,0,0,0,-1,0,0.0000,-1,4,0,0,0,4,0,0,0,0
48.13121,1,0,0,0,0,0,0,-1,0,0.0000,-1,4,0,0,0,4,0,0,0,0
48.15137,1,0,0,0,0,0,0,-1,0,0.0000,-1,4,0,0,0,4,0,0,0,0
48.17243,1,0,0,0,0,0,0,-1,0,0.0000,-1,4,0,0,0,4,0,0,0,0
48.19546,1,0,0,0,0,0,0,-1,0,0.0000,-1,4,0,0,0,4,0,0,0,0
48.21523,1,0,0,0,0,0,0,-1,0,0.0000,-1,4,0,0,0,4,0,0,0,0
48.23703,1,0,0,0,0,0,0,-1,0,0.0000,-1,4,0,0,0,4,0,0,0,0
48.26003,1,0,0,0,0,0,0,-1,0,0.0000,-1,4,0,0,0,4,0,0,0,0
48.28247,1,0,0,0,0,0,0,-1,0,0.0000,-1,4,0,0,0,4,0,0,0,0
48.30458,1,0,0,0,0,0,0,-1,1,1.0000,-1,4,0,0,0,4,0,0,0,0
48.3264,1,0,0,0,0,0,0,-1,0,1.0000,-1,4,0,0,0,4,0,0,0,0
48.34892,1,0,0,0,0,0,0,-1,0,1.0000,-1,4,0,0,0,4,0,0,0,0
48.36919,1,0,0,0,0,0,0,-1,0,1.0000,-1,4,0,0,0,4,0,0,0,0
48.3912,1,0,0,0,0,0,0,-1,0,1.0000,-1,4,0,0,0,4,0,0,0,0
48.41389,1,0,0,0,0,0,0,-1,0,1.0000,-1,4,0,0,0,4,0,0,0,0
48.43696,1,0,0,0,0,0,1,24,0,1.0000,-1,4,0,0,0,4,0,0,0,0
48.4593,1,0,0,0,0,0,1,24,0,1.0000,-1,4,0,0,0,4,0,0,0,0
48.48005,1,0,0,0,0,0,1,24,0,1.0000,-1,4,0,0,0,4,0,0,0,0
48.50244,1,0,0,0,0,0,0,-1,0,1.0000,-1,4,0,0,0,4,0,0,0,0
48.52442,1,0,0,0,0,0,0,-1,0,1.0000,-1,4,0,0,0,4,0,0,0,0
48.5468,1,0,0,0,0,0,0,-1,0,1.0000,-1,4,0,0,0,4,0,0,0,0
48.57,1,0,0,0,0,0,0,-1,0,1.0000,-1,4,0,0,0,4,0,0,0,0
48.59183,1,0,0,0,0,0,0,-1,0,1.0000,-1,4,0,0,0,4,0,0,0,0
48.61466,1,0,0,0,0,0,0,-1,0,1.0000,-1,4,0,0,0,4,0,0,0,0
48.63699,1,0,0,0,0,0,0,-1,0,1.0000,-1,4,0,0,0,4,0,0,0,0
48.65886,1,0,0,0,0,0,0,-1,0,1.0000,-1,4,0,0,0,4,0,0,0,0
48.68162,1,0,0,0,0,0,0,-1,0,1.0000,-1,4,0,0,0,4,0,0,0,0
48.70252,1,0,0,0,0,0,0,-1,0,1.0000,-1,4,0,0,0,4,0,0,0,0
48.7251,1,0,0,0,0,0,0,-1,0,1.0000,-1,4,0,0,0,4,0,0,0,0
48.7472,1,0,0,0,0,0,0,-1,0,1.0000,-1,4,0,0,0,4,0,0,0,0
48.76971,1,0,0,0,0,0,0,-1,0,1.0000,-1,4,0,0,0,4,0,0,0,0
48.79195,1,0,0,0,0,0,0,-1,0,1.0000,-1,4,0,0,0,4,0,0,0,0
48.81433,1,0,0,0,0,0,0,-1,0,1.0000,-1,4,0,0,0,4,0,0,0,0
48.83497,1,0,0,1,0,0,0,-1,0,1.0000,-1,4,0,0,0,4,0,0,0,0
48.85829,1,0,0,1,0,0,0,-1,0,1.0000,-1,4,0,0,0,4,0,0,0,0
48.87988,1,0,0,1,0,0,0,-1,0,1.0000,-1,4,0,0,0,4,0,0,0,0
48.90415,1,0,0,1,0,0,0,-1,0,1.0000,-1,4,0,0,0,4,0,0,0,0
48.94458,1,0,0,1,0,0,0,-1,0,1.0000,-1,4,0,0,0,4,0,0,0,0
48.95982,1,0,0,1,0,0,0,-1,0,1.0000,-1,4,0,0,0,4,0,0,0,0
48.97361,1,0,0,1,0,0,0,-1,0,1.0000,-1,4,0,0,0,4,0,0,0,0
48.99369,1,0,0,1,0,0,0,-1,0,1.0000,-1,4,0,0,0,4,0,0,0,0
49.01819,1,0,0,1,0,0,0,-1,0,1.0000,-1,4,0,0,0,4,0,0,0,0
49.041,1,0,0,1,0,0,0,-1,0,1.0000,-1,4,0,0,0,4,0,0,0,0
49.06339,1,0,0,1,0,0,0,-1,0,1.0000,-1,4,0,0,0,4,0,0,0,0
49.08429,1,0,0,1,0,0,0,-1,0,1.0000,-1,4,0,0,0,4,0,0,0,0
49.10871,1,0,0,1,0,0,0,-1,0,1.0000,-1,4,0,0,0,4,0,0,0,0
49.12912,1,0,0,1,0,0,0,-1,0,1.0000,-1,4,0,0,0,4,0,0,0,0
49.15179,1,0,0,1,0,0,0,-1,0,1.0000,-1,4,0,0,0,4,0,0,0,0
49.17472,1,0,0,1,0,0,0,-1,0,1.0000,-1,4,0,0,0,4,0,0,0,0
49.19717,1,0,0,1,0,0,0,-1,0,1.0000,-1,4,0,0,0,4,0,0,0,0
49.21793,1,0,0,1,0,0,0,-1,0,1.0000,-1,4,0,0,0,4,0,0,0,0
49.24164,1,0,0,1,0,0,0,-1,0,1.0000,-1,4,0,0,0,4,0,0,0,0
49.26431,1,0,0,1,0,0,0,-1,0,1.0000,-1,4,0,0,0,4,0,0,0,0
49.28598,1,0,0,1,0,0,0,-1,0,1.0000,-1,4,0,0,0,4,0,0,0,0
49.30891,1,0,0,1,0,0,0,-1,0,0.0000,-1,4,0,0,0,4,0,0,0,0
49.33054,1,0,0,1,0,0,0,-1,0,0.0000,-1,4,0,0,0,4,0,0,0,0
49.35194,1,0,0,1,0,0,0,-1,0,0.0000,-1,4,0,0,0,4,0,0,0,0
49.37463,1,0,0,1,0,0,0,-1,0,0.0000,-1,4,0,0,0,4,0,0,0,0
49.39614,1,0,0,1,0,0,0,-1,0,0.0000,-1,4,0,0,0,4,0,0,0,0
49.41788,1,0,0,1,0,0,0,-1,0,0.0000,-1,4,0,0,0,4,0,0,0,0
49.44024,1,0,0,1,0,0,0,-1,0,0.0000,-1,4,0,0,0,4,0,0,0,0
49.46291,1,0,0,1,0,0,1,27,0,0.0000,-1,4,0,0,0,4,0,0,0,0
49.4847,1,0,0,1,0,0,1,27,1,1.0000,-1,4,0,0,0,4,0,0,0,0
49.5098,1,0,0,1,0,0,0,-1,0,1.0000,-1,4,0,0,0,4,0,0,0,0
49.5316,1,0,0,1,0,0,0,-1,0,1.0000,-1,4,0,0,0,4,0,0,0,0
49.5518,1,0,0,1,1,0,0,-1,0,1.0000,-1,4,0,0,0,4,0,0,0,0
49.57521,1,0,0,1,1,0,0,-1,0,1.0000,-1,4,0,0,0,4,0,0,0,0
49.59741,1,0,0,1,1,0,0,-1,0,1.0000,-1,4,0,0,0,4,0,0,0,0
49.61724,1,0,0,1,1,0,0,-1,0,1.0000,-1,4,0,0,0,4,0,0,0,0
49.64228,1,0,0,1,1,0,0,-1,0,1.0000,-1,4,0,0,0,4,0,0,0,0
49.66296,1,0,0,0,1,0,0,-1,0,1.0000,-1,4,0,0,0,4,0,0,0,0
49.68403,1,0,0,0,1,0,0,-1,0,1.0000,-1,4,0,0,0,4,0,0,0,0
49.70636,1,0,0,0,1,0,0,-1,0,1.0000,-1,4,0,0,0,4,0,0,0,0
49.73061,1,0,0,0,1,0,0,-1,0,1.0000,-1,4,0,0,0,4,0,0,0,0
49.76956,1,0,0,0,1,0,0,-1,0,1.0000,-1,4,0,0,0,4,0,0,0,0
49.7867,1,0,0,0,1,0,0,-1,0,1.0000,-1,4,0,0,0,4,0,0,0,0
49.80292,1,0,0,0,1,0,0,-1,0,1.0000,-1,4,0,0,0,4,0,0,0,0
49.82,1,0,0,0,1,0,0,-1,0,1.0000,-1,4,0,0,0,4,0,0,0,0
49.8432,1,0,0,0,1,0,0,-1,0,1.0000,-1,4,0,0,0,4,0,0,0,0
49.86425,1,0,0,0,1,0,0,-1,0,1.0000,-1,4,0,0,0,4,0,0,0,0
49.88558,1,0,0,0,1,0,0,-1,0,1.0000,-1,4,0,0,0,4,0,0,0,0
49.90648,1,0,0,0,1,0,0,-1,0,1.0000,-1,4,0,0,0,4,0,0,0,0
49.92765,1,0,0,0,1,0,0,-1,0,1.0000,-1,4,0,0,0,4,0,0,0,0
49.94891,1,0,0,0,1,0,0,-1,0,1.0000,-1,4,0,0,0,4,0,0,0,0
49.97239,1,0,0,0,1,0,0,-1,0,1.0000,-1,4,0,0,0,4,0,0,0,0
49.99226,1,0,0,0,1,0,0,-1,0,1.0000,-1,4,0,0,0,4,0,0,0,0
50.01429,1,0,0,0,1,0,0,-1,0,1.0000,-1,4,0,0,0,4,0,0,0,0
50.03618,1,0,0,0,1,0,0,-1,0,1.0000,-1,4,0,0,0,4,0,0,0,0
50.05782,1,0,0,0,1,0,0,-1,0,1.0000,-1,4,0,0,0,4,0,0,0,0
50.08013,1,0,0,0,1,0,0,-1,0,1.0000,-1,4,0,0,0,4,0,0,0,0
50.10095,1,0,0,0,0,0,0,-1,0,1.0000,-1,4,0,0,0,4,0,0,0,0
50.12261,1,0,0,0,0,0,0,-1,0,1.0000,-1,4,0,0,0,4,0,0,0,0
50.1433,1,0,0,0,0,0,0,-1,0,1.0000,-1,4,0,0,0,4,0,0,0,0
50.16636,1,0,0,0,0,0,0,-1,0,1.0000,-1,4,0,0,0,4,0,0,0,0
50.20672,1,0,0,0,0,0,0,-1,1,2.0000,-1,4,0,0,0,4,0,0,0,0
50.22585,1,0,0,0,0,0,0,-1,0,2.0000,-1,4,0,0,0,4,0,0,0,0
50.2415,1,0,0,0,0,0,0,-1,0,2.0000,-1,4,0,0,0,4,0,0,0,0
50.25815,1,0,0,0,0,0,0,-1,0,2.0000,-1,4,0,0,0,4,0,0,0,0
50.28161,1,0,0,0,0,0,0,-1,0,2.0000,-1,4,0,0,0,4,0,0,0,0
50.30353,1,0,0,0,0,0,0,-1,0,2.0000,-1,4,0,0,0,4,0,0,0,0
50.32729,1,0,0,0,0,0,0,-1,0,2.0000,-1,4,0,0,0,4,0,0,0,0
50.34851,1,0,0,0,0,0,0,-1,0,2.0000,-1,4,0,0,0,4,0,0,0,0
50.37158,1,0,0,0,0,0,0,-1,0,2.0000,-1,4,0,0,0,4,0,0,0,0
50.41449,1,0,0,0,0,0,0,-1,0,2.0000,-1,4,0,0,0,4,0,0,0,0
50.43485,1,0,0,0,0,0,0,-1,0,2.0000,-1,4,0,0,0,4,0,0,0,0
50.45184,1,0,0,0,0,0,0,-1,0,2.0000,-1,4,0,0,0,4,0,0,0,0
50.46768,1,0,0,0,0,0,0,-1,0,2.0000,-1,4,0,0,0,4,0,0,0,0
50.48613,1,0,0,0,0,0,0,-1,0,1.0000,-1,4,0,0,0,4,0,0,0,0
50.51088,1,0,0,0,0,0,0,-1,0,1.0000,-1,4,0,0,0,4,0,0,0,0
50.53145,1,0,0,0,0,0,0,-1,0,1.0000,-1,4,0,0,0,4,0,0,0,0
50.55623,1,0,0,0,0,0,0,-1,0,1.0000,-1,4,0,0,0,4,0,0,0,0
50.57698,1,0,0,0,0,0,0,-1,0,1.0000,-1,4,0,0,0,4,0,0,0,0
50.62101,1,0,0,0,0,0,0,-1,0,1.0000,-1,4,0,0,0,4,0,0,0,0
50.63832,1,0,0,0,0,0,0,-1,0,1.0000,-1,4,0,0,0,4,0,0,0,0
50.65414,1,0,0,0,0,0,0,-1,0,1.0000,-1,4,0,0,0,4,0,0,0,0
50.67309,1,0,0,0,0,0,0,-1,0,1.0000,-1,4,0,0,0,4,0,0,0,0
50.69588,1,0,0,0,0,0,0,-1,0,1.0000,-1,4,0,0,0,4,0,0,0,0
50.7164,1,0,0,0,0,0,0,-1,0,1.0000,-1,4,0,0,0,4,0,0,0,0
50.73779,1,0,0,0,0,0,0,-1,0,1.0000,-1,4,0,0,0,4,0,0,0,0
50.75859,1,0,0,0,0,0,0,-1,0,1.0000,-1,4,0,0,0,4,0,0,0,0
50.78262,1,0,0,0,0,0,0,-1,0,1.0000,-1,4,0,0,0,4,0,0,0,0
50.80386,1,0,0,0,0,0,0,-1,0,1.0000,-1,4,0,0,0,4,0,0,0,0
50.8261,1,0,0,0,0,0,0,-1,0,1.0000,-1,4,0,0,0,4,0,0,0,0
50.84817,1,0,0,0,0,0,0,-1,0,1.0000,-1,4,0,0,0,4,0,0,0,0
50.86919,1,0,0,0,0,0,0,-1,0,1.0000,-1,4,0,0,0,4,0,0,0,0
50.89278,1,0,0,0,0,0,0,-1,0,1.0000,-1,4,0,0,0,4,0,0,0,0
50.91317,1,0,0,0,0,0,0,-1,0,1.0000,-1,4,0,0,0,4,0,0,0,0
50.9358,1,0,0,0,0,0,0,-1,0,1.0000,-1,4,0,0,0,4,0,0,0,0
50.95666,1,0,0,0,0,0,0,-1,0,1.0000,-1,4,0,0,0,4,0,0,0,0
50.9773,1,0,0,0,0,0,0,-1,0,1.0000,-1,4,0,0,0,4,0,0,0,0
50.99954,1,0,0,0,0,0,0,-1,1,2.0000,-1,4,0,0,0,4,0,0,0,0
51.02155,1,0,0,0,0,0,0,-1,0,2.0000,-1,4,0,0,0,4,0,0,0,0
51.04204,1,0,0,0,0,0,0,-1,0,2.0000,-1,4,0,0,0,4,0,0,0,0
51.06433,1,0,0,0,0,0,0,-1,0,2.0000,-1,4,0,0,0,4,0,0,0,0
51.08592,1,0,0,0,0,0,0,-1,0,2.0000,-1,4,0,0,0,4,0,0,0,0
51.10632,1,0,0,0,0,0,0,-1,0,2.0000,-1,4,0,0,0,4,0,0,0,0
51.12808,1,0,0,0,0,0,0,-1,0,2.0000,-1,4,0,0,0,4,0,0,0,0
51.1489,1,0,0,0,0,0,0,-1,0,2.0000,-1,4,0,0,0,4,0,0,0,0
51.17022,1,0,0,0,0,0,0,-1,0,2.0000,-1,4,0,0,0,4,0,0,0,0
51.19156,1,0,0,0,0,0,0,-1,0,2.0000,-1,4,0,0,0,4,0,0,0,0
51.21384,1,0,0,0,0,0,0,-1,0,1.0000,-1,4,0,0,0,4,0,0,0,0
51.23503,1,0,0,0,0,0,0,-1,0,1.0000,-1,4,0,0,0,4,0,0,0,0
51.25873,1,0,0,0,0,0,0,-1,0,1.0000,-1,4,0,0,0,4,0,0,0,0
51.27892,1,0,0,0,0,0,0,-1,0,1.0000,-1,4,0,0,0,4,0,0,0,0
51.3011,1,0,0,0,0,0,0,-1,0,1.0000,-1,4,0,0,0,4,0,0,0,0
51.31987,1,0,0,0,0,0,0,-1,0,1.0000,-1,4,0,0,0,4,0,0,0,0
51.34089,1,0,0,0,0,0,0,-1,0,1.0000,-1,4,0,0,0,4,0,0,0,0
51.36137,1,0,0,0,0,0,0,-1,0,1.0000,-1,4,0,0,0,4,0,0,0,0
51.38327,1,0,0,0,0,0,0,-1,0,1.0000,-1,4,0,0,0,4,0,0,0,0
51.40408,1,0,0,0,0,0,0,-1,0,1.0000,-1,4,0,0,0,4,0,0,0,0
51.42673,1,0,0,0,0,0,0,-1,0,1.0000,-1,4,0,0,0,4,0,0,0,0
51.46751,1,0,0,0,0,0,0,-1,0,1.0000,-1,4,0,0,0,4,0,0,0,0
51.48304,1,0,0,0,0,0,0,-1,0,1.0000,-1,4,0,0,0,4,0,0,0,0
51.49866,1,0,0,0,0,0,0,-1,0,1.0000,-1,4,0,0,0,4,0,0,0,0
51.5163,1,0,0,0,0,0,0,-1,0,1.0000,-1,4,0,0,0,4,0,0,0,0
51.53867,1,0,0,0,0,0,0,-1,0,1.0000,-1,4,0,0,0,4,0,0,0,0
51.55991,1,0,0,0,0,0,0,-1,0,1.0000,-1,4,0,0,0,4,0,0,0,0
51.58141,1,0,0,0,0,0,0,-1,0,1.0000,-1,4,0,0,0,4,0,0,0,0
51.60269,1,0,0,0,0,0,0,-1,0,1.0000,-1,4,0,0,0,4,0,0,0,0
51.625,1,0,0,0,0,0,0,-1,0,1.0000,-1,4,0,0,0,4,0,0,0,0
51.64576,1,0,0,0,0,0,0,-1,0,1.0000,-1,4,0,0,0,4,0,0,0,0
51.66783,1,0,0,0,0,0,0,-1,0,1.0000,-1,4,0,0,0,4,0,0,0,0
51.68906,1,0,0,0,0,0,0,-1,0,1.0000,-1,4,0,0,0,4,0,0,0,0
51.70931,1,0,0,0,0,0,0,-1,0,1.0000,-1,4,0,0,0,4,0,0,0,0
51.73217,1,0,0,0,0,0,0,-1,0,1.0000,-1,4,0,0,0,4,0,0,0,0
51.75378,1,0,0,0,0,0,0,-1,0,1.0000,-1,4,0,0,0,4,0,0,0,0
51.77377,1,0,0,0,0,0,0,-1,0,1.0000,-1,4,0,0,0,4,0,0,0,0
51.79532,1,0,0,0,0,0,0,-1,0,1.0000,-1,4,0,0,0,4,0,0,0,0
51.81557,1,0,0,0,0,0,0,-1,0,1.0000,-1,4,0,0,0,4,0,0,0,0
51.83745,1,0,0,0,0,0,0,-1,0,1.0000,-1,4,0,0,0,4,0,0,0,0
51.85954,1,0,0,0,0,0,0,-1,0,1.0000,-1,4,0,0,0,4,0,0,0,0
51.88075,1,0,0,0,0,0,0,-1,0,1.0000,-1,4,0,0,0,4,0,0,0,0
51.90266,1,0,0,0,0,0,0,-1,0,1.0000,-1,4,0,0,0,4,0,0,0,0
51.92368,1,0,0,0,0,0,0,-1,0,1.0000,-1,4,0,0,0,4,0,0,0,0
51.94361,1,0,0,0,0,0,0,-1,0,1.0000,-1,4,0,0,0,4,0,0,0,0
51.96571,1,0,0,0,0,0,0,-1,0,1.0000,-1,4,0,0,0,4,0,0,0,0
51.98743,1,0,0,0,0,0,0,-1,1,2.0000,-1,4,0,0,0,4,0,0,0,0
52.00923,1,0,0,0,0,0,0,-1,0,1.0000,-1,4,0,0,0,4,0,0,0,0
52.02922,1,0,0,0,0,0,0,-1,0,1.0000,-1,4,0,0,0,4,0,0,0,0
52.05097,1,0,0,0,0,0,0,-1,0,1.0000,-1,4,0,0,0,4,0,0,0,0
52.07217,1,0,0,0,0,0,0,-1,0,1.0000,-1,4,0,0,0,4,0,0,0,0
52.0939,1,0,0,0,0,0,0,-1,0,1.0000,-1,4,0,0,0,4,0,0,0,0
52.11564,1,0,0,0,0,0,0,-1,0,1.0000,-1,4,0,0,0,4,0,0,0,0
52.13668,1,0,0,0,0,0,0,-1,0,1.0000,-1,4,0,0,0,4,0,0,0,0
52.15828,1,0,0,0,0,0,0,-1,0,1.0000,-1,4,0,0,0,4,0,0,0,0
52.17854,1,0,0,1,0,0,0,-1,0,1.0000,-1,4,0,0,0,4,0,0,0,0
52.19968,1,0,0,1,0,0,0,-1,0,1.0000,-1,4,0,0,0,4,0,0,0,0
52.22363,1,0,0,1,0,0,0,-1,0,1.0000,-1,4,0,0,0,4,0,0,0,0
52.24372,1,0,0,1,0,0,0,-1,0,1.0000,-1,4,0,0,0,4,0,0,0,0
52.26484,1,0,0,1,0,0,0,-1,0,1.0000,-1,4,0,0,0,4,0,0,0,0
52.28832,1,0,0,1,0,0,0,-1,0,1.0000,-1,4,0,0,0,4,0,0,0,0
52.32834,1,0,0,1,0,0,0,-1,0,1.0000,-1,4,0,0,0,4,0,0,0,0
52.34218,1,0,0,1,0,0,0,-1,0,1.0000,-1,4,0,0,0,4,0,0,0,0
52.35596,1,0,0,1,0,0,0,-1,0,1.0000,-1,4,0,0,0,4,0,0,0,0
52.37957,1,0,0,1,0,0,0,-1,0,1.0000,-1,4,0,0,0,4,0,0,0,0
52.40163,1,0,0,1,0,0,0,-1,0,1.0000,-1,4,0,0,0,4,0,0,0,0
52.42474,1,0,0,1,0,0,0,-1,0,1.0000,-1,4,0,0,0,4,0,0,0,0
52.44577,1,0,0,1,0,0,0,-1,1,2.0000,-1,4,0,0,0,4,0,0,0,0
52.467,1,0,0,1,0,0,0,-1,0,2.0000,-1,4,0,0,0,4,0,0,0,0
52.48872,1,0,0,1,0,0,1,34,0,2.0000,-1,4,0,0,0,4,0,0,0,0
52.51035,1,0,0,1,0,0,1,34,0,2.0000,-1,4,0,0,0,4,0,0,0,0
52.53168,1,0,0,1,0,0,1,34,0,2.0000,-1,4,0,0,0,4,0,0,0,0
52.55473,1,0,0,1,0,0,1,34,0,2.0000,-1,4,0,0,0,4,0,0,0,0
52.57681,1,0,0,1,0,0,1,34,0,2.0000,-1,4,0,0,0,4,0,0,0,0
52.59805,1,0,0,1,0,0,1,34,0,2.0000,-1,4,0,0,0,4,0,0,0,0
52.61922,1,0,0,1,0,0,1,34,0,2.0000,-1,4,0,0,0,4,0,0,0,0
52.64216,1,0,0,1,0,0,1,34,0,2.0000,-1,4,0,0,0,4,0,0,0,0
52.66402,1,0,0,1,0,0,1,34,0,2.0000,-1,4,0,0,0,4,0,0,0,0
52.68785,1,0,0,1,0,0,1,34,0,2.0000,-1,4,0,0,0,4,0,0,0,0
52.70888,1,0,0,1,0,0,1,34,1,3.0000,-1,4,0,0,0,4,0,0,0,0
52.72853,1,0,0,1,0,0,0,-1,0,3.0000,-1,4,0,0,0,4,0,0,0,0
52.75216,1,0,0,1,0,0,0,-1,0,3.0000,-1,4,0,0,0,4,0,0,0,0
52.77339,1,0,0,1,0,0,0,-1,0,3.0000,-1,4,0,0,0,4,0,0,0,0
52.79435,2,1,1,1,0,0,0,-1,0,3.0000,34,4,1,0,0,5,0,0,0,0
52.83665,2,0,1,0,0,0,0,-1,0,3.0000,-1,4,1,0,0,5,0,0,0,0
52.84943,2,0,1,0,0,0,0,-1,0,3.0000,-1,4,1,0,0,5,0,0,0,0
52.86255,2,0,1,0,0,0,0,-1,0,3.0000,-1,4,1,0,0,5,0,0,0,0
52.88805,2,0,1,0,0,0,0,-1,0,3.0000,-1,4,1,0,0,5,0,0,0,0
52.91107,2,0,1,0,0,0,0,-1,0,3.0000,-1,4,1,0,0,5,0,0,0,0
52.95281,2,0,1,0,0,0,0,-1,0,3.0000,-1,4,1,0,0,5,0,0,0,0
52.96894,2,0,1,0,0,0,0,-1,0,3.0000,-1,4,1,0,0,5,0,0,0,0
52.98552,2,0,1,0,0,0,0,-1,0,3.0000,-1,4,1,0,0,5,0,0,0,0
53.00232,2,0,1,0,0,0,0,-1,0,2.0000,-1,4,1,0,0,5,0,0,0,0
53.02459,2,0,1,0,0,0,0,-1,0,2.0000,-1,4,1,0,0,5,0,0,0,0
53.04622,2,0,1,0,0,0,0,-1,0,2.0000,-1,4,1,0,0,5,0,0,0,0
53.06697,2,0,1,0,0,0,0,-1,0,2.0000,-1,4,1,0,0,5,0,0,0,0
53.08884,2,0,1,0,0,0,0,-1,0,2.0000,-1,4,1,0,0,5,0,0,0,0
53.10969,2,0,1,0,0,0,0,-1,0,2.0000,-1,4,1,0,0,5,0,0,0,0
53.12894,2,0,1,0,0,0,0,-1,0,2.0000,-1,4,1,0,0,5,0,0,0,0
53.15154,2,0,1,0,0,0,0,-1,0,2.0000,-1,4,1,0,0,5,0,0,0,0
53.1724,2,0,1,0,0,0,0,-1,0,2.0000,-1,4,1,0,0,5,0,0,0,0
53.19009,2,0,1,0,0,0,0,-1,0,2.0000,-1,4,1,0,0,5,0,0,0,0
53.21328,2,0,1,0,0,0,0,-1,0,2.0000,-1,4,1,0,0,5,0,0,0,0
53.23526,2,0,1,0,0,0,0,-1,0,2.0000,-1,4,1,0,0,5,0,0,0,0
53.25542,2,0,1,0,0,0,0,-1,0,2.0000,-1,4,1,0,0,5,0,0,0,0
53.27747,2,0,1,0,0,0,0,-1,0,2.0000,-1,4,1,0,0,5,0,0,0,0
53.29481,2,0,1,0,0,0,0,-1,0,2.0000,-1,4,1,0,0,5,0,0,0,0
53.31882,2,0,1,0,0,0,0,-1,0,2.0000,-1,4,1,0,0,5,0,0,0,0
53.33685,2,0,1,0,0,0,0,-1,0,2.0000,-1,4,1,0,0,5,0,0,0,0
53.35951,2,0,1,0,0,0,0,-1,0,2.0000,-1,4,1,0,0,5,0,0,0,0
53.38083,2,0,1,0,0,0,0,-1,0,2.0000,-1,4,1,0,0,5,0,0,0,0
53.40301,2,0,1,0,0,0,0,-1,0,2.0000,-1,4,1,0,0,5,0,0,0,0
53.42262,2,0,1,0,0,0,0,-1,0,2.0000,-1,4,1,0,0,5,0,0,0,0
53.44382,2,0,1,0,0,0,0,-1,0,2.0000,-1,4,1,0,0,5,0,0,0,0
53.46365,2,0,1,0,0,0,0,-1,0,1.0000,-1,4,1,0,0,5,0,0,0,0
53.48584,2,0,1,0,0,0,0,-1,0,1.0000,-1,4,1,0,0,5,0,0,0,0
53.50486,2,0,1,0,0,0,0,-1,0,1.0000,-1,4,1,0,0,5,0,0,0,0
53.52585,2,0,1,0,0,0,0,-1,0,1.0000,-1,4,1,0,0,5,0,0,0,0
53.54642,2,0,1,0,0,0,0,-1,0,1.0000,-1,4,1,0,0,5,0,0,0,0
53.56795,2,0,1,0,0,0,0,-1,0,1.0000,-1,4,1,0,0,5,0,0,0,0
53.58874,2,0,1,0,0,0,0,-1,0,1.0000,-1,4,1,0,0,5,0,0,0,0
53.60946,2,0,1,0,0,0,0,-1,0,1.0000,-1,4,1,0,0,5,0,0,0,0
53.63129,2,0,1,0,0,0,0,-1,0,1.0000,-1,4,1,0,0,5,0,0,0,0
53.64858,2,0,1,0,0,0,0,-1,0,1.0000,-1,4,1,0,0,5,0,0,0,0
53.671,2,0,1,0,0,0,0,-1,0,1.0000,-1,4,1,0,0,5,0,0,0,0
53.69051,2,0,1,0,0,0,0,-1,0,1.0000,-1,4,1,0,0,5,0,0,0,0
53.71237,2,0,1,0,0,0,0,-1,0,0.0000,-1,4,1,0,0,5,0,0,0,0
53.73368,2,0,1,0,0,0,0,-1,0,0.0000,-1,4,1,0,0,5,0,0,0,0
53.75491,2,0,1,0,0,0,0,-1,0,0.0000,-1,4,1,0,0,5,0,0,0,0
53.77554,2,0,1,0,0,0,0,-1,0,0.0000,-1,4,1,0,0,5,0,0,0,0
53.79364,2,0,1,0,0,0,0,-1,0,0.0000,-1,4,1,0,0,5,0,0,0,0
53.81546,2,0,1,0,0,0,0,-1,0,0.0000,-1,4,1,0,0,5,0,0,0,0
53.83698,2,0,1,0,0,0,0,-1,1,1.0000,-1,4,1,0,0,5,0,0,0,0
53.8559,2,0,1,0,0,0,0,-1,0,1.0000,-1,4,1,0,0,5,0,0,0,0
53.87855,2,0,1,0,0,0,0,-1,0,1.0000,-1,4,1,0,0,5,0,0,0,0
53.90124,2,0,1,0,0,0,0,-1,0,1.0000,-1,4,1,0,0,5,0,0,0,0
53.92283,2,0,1,0,0,0,0,-1,0,1.0000,-1,4,1,0,0,5,0,0,0,0
53.94356,2,0,1,0,0,0,0,-1,0,1.0000,-1,4,1,0,0,5,0,0,0,0
53.96617,2,0,1,0,0,0,0,-1,0,1.0000,-1,4,1,0,0,5,0,0,0,0
53.98917,2,0,1,0,0,0,0,-1,0,1.0000,-1,4,1,0,0,5,0,0,0,0
54.01093,2,0,1,0,0,0,1,37,0,1.0000,-1,4,1,0,0,5,0,0,0,0
54.03274,2,0,1,0,0,0,1,37,0,1.0000,-1,4,1,0,0,5,0,0,0,0
54.05564,2,0,1,0,0,0,1,37,0,1.0000,-1,4,1,0,0,5,0,0,0,0
54.07855,2,0,1,0,0,0,1,37,0,1.0000,-1,4,1,0,0,5,0,0,0,0
54.10337,2,0,1,0,0,0,1,37,0,1.0000,-1,4,1,0,0,5,0,0,0,0
54.12718,2,0,1,0,0,0,1,37,0,1.0000,-1,4,1,0,0,5,0,0,0,0
54.15289,2,0,1,0,0,0,1,37,0,1.0000,-1,4,1,0,0,5,0,0,0,0
54.17696,2,0,1,0,0,0,1,37,0,1.0000,-1,4,1,0,0,5,0,0,0,0
54.20187,2,0,1,0,0,0,1,37,0,1.0000,-1,4,1,0,0,5,0,0,0,0
54.22556,2,0,1,0,0,0,1,37,0,1.0000,-1,4,1,0,0,5,0,0,0,0
54.25061,2,0,1,0,0,0,1,37,0,1.0000,-1,4,1,0,0,5,0,0,0,0
54.27622,2,0,1,0,0,0,1,37,0,1.0000,-1,4,1,0,0,5,0,0,0,0
54.3012,2,0,1,0,0,0,1,37,0,1.0000,-1,4,1,0,0,5,0,0,0,0
54.32593,2,0,1,0,0,0,1,37,0,1.0000,-1,4,1,0,0,5,0,0,0,0
54.35347,2,0,1,0,0,0,1,37,0,1.0000,-1,4,1,0,0,5,0,0,0,0
54.37759,2,0,1,0,0,0,1,37,0,1.0000,-1,4,1,0,0,5,0,0,0,0
54.4248,2,0,1,0,0,0,0,-1,0,1.0000,37,4,2,0,0,6,0,0,0,0
54.44292,2,0,1,0,0,0,0,-1,0,1.0000,-1,4,2,0,0,6,0,0,0,0
54.45784,2,0,1,0,0,0,0,-1,0,1.0000,-1,4,2,0,0,6,0,0,0,0
54.4818,2,0,1,0,0,0,0,-1,0,1.0000,-1,4,2,0,0,6,0,0,0,0
54.50616,2,0,1,0,0,0,0,-1,0,1.0000,-1,4,2,0,0,6,0,0,0,0
54.53179,2,0,1,0,0,0,0,-1,0,1.0000,-1,4,2,0,0,6,0,0,0,0
54.55493,2,0,1,0,0,0,0,-1,0,1.0000,-1,4,2,0,0,6,0,0,0,0
54.58085,2,0,1,0,0,0,0,-1,0,1.0000,-1,4,2,0,0,6,0,0,0,0
54.62796,2,0,1,0,0,0,0,-1,0,1.0000,-1,4,2,0,0,6,0,0,0,0
54.64092,2,0,1,0,0,0,0,-1,0,1.0000,-1,4,2,0,0,6,0,0,0,0
54.65863,2,0,1,0,0,0,0,-1,0,1.0000,-1,4,2,0,0,6,0,0,0,0
54.68435,2,0,1,1,0,0,0,-1,0,1.0000,-1,4,2,0,0,6,0,0,0,0
54.70932,2,0,1,1,0,0,0,-1,0,1.0000,-1,4,2,0,0,6,0,0,0,0
54.73416,2,0,1,1,0,0,1,35,0,1.0000,-1,4,2,0,0,6,0,0,0,0
54.75905,2,0,1,1,0,0,1,35,0,1.0000,-1,4,2,0,0,6,0,0,0,0
54.78433,2,0,1,1,0,0,1,35,0,1.0000,-1,4,2,0,0,6,0,0,0,0
54.83192,2,0,1,1,0,0,1,35,0,1.0000,-1,4,2,0,0,6,0,0,0,0
54.8434,2,0,1,1,0,0,1,35,0,0.0000,-1,4,2,0,0,6,0,0,0,0
54.86173,2,0,1,1,0,0,0,-1,0,0.0000,35,4,3,0,0,7,0,0,0,0
54.88695,2,0,1,1,0,0,0,-1,0,0.0000,-1,4,3,0,0,7,0,0,0,0
54.91356,2,0,1,1,0,0,0,-1,0,0.0000,-1,4,3,0,0,7,0,0,0,0
54.93896,2,0,1,1,0,0,0,-1,0,0.0000,-1,4,3,0,0,7,0,0,0,0
54.96321,2,0,1,0,0,0,0,-1,0,0.0000,-1,4,3,0,0,7,0,0,0,0
54.98988,2,0,1,0,0,0,0,-1,0,0.0000,-1,4,3,0,0,7,0,0,0,0
55.03564,2,0,1,0,0,0,0,-1,0,0.0000,-1,4,3,0,0,7,0,0,0,0
55.04781,2,0,1,0,0,0,0,-1,0,0.0000,-1,4,3,0,0,7,0,0,0,0
55.06733,2,0,1,0,0,0,0,-1,0,0.0000,-1,4,3,0,0,7,0,0,0,0
55.09199,2,0,1,0,0,0,0,-1,0,0.0000,-1,4,3,0,0,7,0,0,0,0
55.11679,2,0,1,0,0,0,0,-1,0,0.0000,-1,4,3,0,0,7,0,0,0,0
55.14199,2,0,1,0,0,0,0,-1,0,0.0000,-1,4,3,0,0,7,0,0,0,0
55.16595,2,0,1,0,0,0,0,-1,0,0.0000,-1,4,3,0,0,7,0,0,0,0
55.18904,2,0,1,0,0,0,0,-1,0,0.0000,-1,4,3,0,0,7,0,0,0,0
55.21185,2,0,1,0,0,0,0,-1,0,0.0000,-1,4,3,0,0,7,0,0,0,0
55.23329,2,0,1,0,0,0,0,-1,0,0.0000,-1,4,3,0,0,7,0,0,0,0
55.25626,2,0,1,0,0,0,0,-1,0,0.0000,-1,4,3,0,0,7,0,0,0,0
55.27913,2,0,1,0,0,0,0,-1,0,0.0000,-1,4,3,0,0,7,0,0,0,0
55.30006,2,0,1,0,0,0,0,-1,0,0.0000,-1,4,3,0,0,7,0,0,0,0
55.31988,2,0,1,0,0,0,0,-1,0,0.0000,-1,4,3,0,0,7,0,0,0,0
55.33916,2,0,1,0,0,0,0,-1,0,0.0000,-1,4,3,0,0,7,0,0,0,0
55.35833,2,0,1,0,0,0,0,-1,0,0.0000,-1,4,3,0,0,7,0,0,0,0
55.37999,2,0,1,0,0,0,0,-1,0,0.0000,-1,4,3,0,0,7,0,0,0,0
55.40158,2,0,1,0,0,0,1,40,0,0.0000,-1,4,3,0,0,7,0,0,0,0
55.42312,2,0,1,0,0,0,1,40,0,0.0000,-1,4,3,0,0,7,0,0,0,0
55.46204,2,0,1,0,0,0,1,40,0,0.0000,-1,4,3,0,0,7,0,0,0,0
55.4766,2,0,1,0,0,0,1,40,0,0.0000,-1,4,3,0,0,7,0,0,0,0
55.48886,2,0,1,0,0,0,1,40,0,0.0000,-1,4,3,0,0,7,0,0,0,0
55.51006,2,0,1,0,0,0,1,40,0,0.0000,-1,4,3,0,0,7,0,0,0,0
55.53208,2,0,1,0,0,0,1,40,0,0.0000,-1,4,3,0,0,7,0,0,0,0
55.55201,2,0,1,0,0,0,1,40,0,0.0000,-1,4,3,0,0,7,0,0,0,0
55.57085,2,0,1,0,0,0,1,40,0,0.0000,-1,4,3,0,0,7,0,0,0,0
55.59181,2,0,1,0,0,0,1,40,0,0.0000,-1,4,3,0,0,7,0,0,0,0
55.61259,2,0,1,0,0,0,1,40,0,0.0000,-1,4,3,0,0,7,0,0,0,0
55.63474,2,0,1,0,0,0,1,40,0,0.0000,-1,4,3,0,0,7,0,0,0,0
55.6576,2,0,1,0,0,0,1,40,0,0.0000,-1,4,3,0,0,7,0,0,0,0
55.67777,2,0,1,1,0,0,1,40,0,0.0000,-1,4,3,0,0,7,0,0,0,0
55.69907,2,0,1,1,0,0,1,40,0,0.0000,-1,4,3,0,0,7,0,0,0,0
55.71991,2,0,1,1,0,0,1,40,0,0.0000,-1,4,3,0,0,7,0,0,0,0
55.74086,2,0,1,1,0,0,0,-1,0,0.0000,40,4,4,0,0,8,0,0,0,0
55.7618,2,0,1,1,0,0,0,-1,0,0.0000,-1,4,4,0,0,8,0,0,0,0
55.78199,2,0,1,1,0,0,0,-1,0,0.0000,-1,4,4,0,0,8,0,0,0,0
55.80281,2,0,1,1,0,0,0,-1,0,0.0000,-1,4,4,0,0,8,0,0,0,0
55.82393,2,0,1,1,0,0,0,-1,0,0.0000,-1,4,4,0,0,8,0,0,0,0
55.84639,2,0,1,1,0,0,0,-1,0,0.0000,-1,4,4,0,0,8,0,0,0,0
55.88739,2,0,1,1,0,0,0,-1,0,0.0000,-1,4,4,0,0,8,0,0,0,0
55.90345,2,0,1,1,0,0,0,-1,0,0.0000,-1,4,4,0,0,8,0,0,0,0
55.92064,2,0,1,1,0,0,0,-1,1,1.0000,-1,4,4,0,0,8,0,0,0,0
55.93515,2,0,1,1,0,0,0,-1,0,1.0000,-1,4,4,0,0,8,0,0,0,0
55.95758,2,0,1,1,0,0,0,-1,0,1.0000,-1,4,4,0,0,8,0,0,0,0
55.97846,2,0,1,1,0,0,0,-1,0,1.0000,-1,4,4,0,0,8,0,0,0,0
56.00164,2,0,1,1,0,0,0,-1,0,1.0000,-1,4,4,0,0,8,0,0,0,0
56.02335,2,0,1,1,0,0,0,-1,1,2.0000,-1,4,4,0,0,8,0,0,0,0
56.04397,2,0,1,1,0,0,0,-1,0,2.0000,-1,4,4,0,0,8,0,0,0,0
56.0656,2,0,1,1,0,0,0,-1,0,2.0000,-1,4,4,0,0,8,0,0,0,0
56.10674,2,0,1,0,0,0,0,-1,0,2.0000,-1,4,4,0,0,8,0,0,0,0
56.1273,2,0,1,0,0,0,0,-1,0,2.0000,-1,4,4,0,0,8,0,0,0,0
56.14449,2,0,1,0,0,0,0,-1,0,2.0000,-1,4,4,0,0,8,0,0,0,0
56.16133,2,0,1,0,0,0,0,-1,0,2.0000,-1,4,4,0,0,8,0,0,0,0
56.17724,2,0,1,0,0,0,0,-1,0,2.0000,-1,4,4,0,0,8,0,0,0,0
56.19977,2,0,1,0,0,0,0,-1,0,2.0000,-1,4,4,0,0,8,0,0,0,0
56.22188,2,0,1,0,0,0,0,-1,0,2.0000,-1,4,4,0,0,8,0,0,0,0
56.24211,2,0,1,0,0,0,0,-1,0,2.0000,-1,4,4,0,0,8,0,0,0,0
56.264,2,0,1,0,0,0,0,-1,0,2.0000,-1,4,4,0,0,8,0,0,0,0
56.28481,2,0,1,0,0,0,0,-1,0,2.0000,-1,4,4,0,0,8,0,0,0,0
56.32512,2,0,1,0,0,0,0,-1,1,3.0000,-1,4,4,0,0,8,0,0,0,0
56.3448,2,0,1,0,0,0,0,-1,0,3.0000,-1,4,4,0,0,8,0,0,0,0
56.36183,2,0,1,0,0,0,0,-1,0,3.0000,-1,4,4,0,0,8,0,0,0,0
56.37744,2,0,1,0,0,0,0,-1,0,3.0000,-1,4,4,0,0,8,0,0,0,0
56.39761,2,0,1,0,0,0,0,-1,0,3.0000,-1,4,4,0,0,8,0,0,0,0
56.42014,2,0,1,0,0,0,0,-1,0,3.0000,-1,4,4,0,0,8,0,0,0,0
56.44058,2,0,1,0,0,0,0,-1,0,3.0000,-1,4,4,0,0,8,0,0,0,0
56.46286,2,0,1,0,0,0,0,-1,0,3.0000,-1,4,4,0,0,8,0,0,0,0
56.48344,2,0,1,0,0,0,0,-1,0,3.0000,-1,4,4,0,0,8,0,0,0,0
56.50468,2,0,1,0,0,0,0,-1,0,3.0000,-1,4,4,0,0,8,0,0,0,0
56.52744,2,0,1,0,0,0,0,-1,0,3.0000,-1,4,4,0,0,8,0,0,0,0
56.5486,2,0,1,0,0,0,0,-1,0,3.0000,-1,4,4,0,0,8,0,0,0,0
56.56892,2,0,1,0,0,0,0,-1,0,3.0000,-1,4,4,0,0,8,0,0,0,0
56.59445,2,0,1,0,0,0,0,-1,0,3.0000,-1,4,4,0,0,8,0,0,0,0
56.61263,2,0,1,0,0,0,0,-1,0,3.0000,-1,4,4,0,0,8,0,0,0,0
56.63504,2,0,1,0,0,0,0,-1,0,3.0000,-1,4,4,0,0,8,0,0,0,0
56.65799,2,0,1,0,0,0,0,-1,0,3.0000,-1,4,4,0,0,8,0,0,0,0
56.67888,2,0,1,0,0,0,0,-1,0,3.0000,-1,4,4,0,0,8,0,0,0,0
56.70185,2,0,1,0,0,0,0,-1,0,3.0000,-1,4,4,0,0,8,0,0,0,0
56.72252,2,0,1,0,0,0,0,-1,0,3.0000,-1,4,4,0,0,8,0,0,0,0
56.74214,2,0,1,0,0,0,0,-1,0,3.0000,-1,4,4,0,0,8,0,0,0,0
56.7654,2,0,1,0,0,0,0,-1,0,3.0000,-1,4,4,0,0,8,0,0,0,0
56.78676,2,0,1,0,0,0,0,-1,0,3.0000,-1,4,4,0,0,8,0,0,0,0
56.80872,2,0,1,0,0,0,0,-1,0,3.0000,-1,4,4,0,0,8,0,0,0,0
56.83043,2,0,1,0,0,0,0,-1,0,3.0000,-1,4,4,0,0,8,0,0,0,0
56.8508,2,0,1,0,0,0,0,-1,0,3.0000,-1,4,4,0,0,8,0,0,0,0
56.8716,2,0,1,0,0,0,0,-1,0,3.0000,-1,4,4,0,0,8,0,0,0,0
56.89243,2,0,1,0,0,0,0,-1,0,3.0000,-1,4,4,0,0,8,0,0,0,0
56.91626,2,0,1,0,0,0,0,-1,0,3.0000,-1,4,4,0,0,8,0,0,0,0
56.93638,2,0,1,0,0,0,0,-1,0,2.0000,-1,4,4,0,0,8,0,0,0,0
56.95928,2,0,1,0,0,0,0,-1,0,2.0000,-1,4,4,0,0,8,0,0,0,0
56.97738,2,0,1,0,0,0,0,-1,0,2.0000,-1,4,4,0,0,8,0,0,0,0
57.00055,2,0,1,0,0,0,0,-1,0,2.0000,-1,4,4,0,0,8,0,0,0,0
57.02219,2,0,1,0,0,0,0,-1,0,2.0000,-1,4,4,0,0,8,0,0,0,0
57.04348,2,0,1,0,0,0,0,-1,0,1.0000,-1,4,4,0,0,8,0,0,0,0
57.06474,2,0,1,0,0,0,0,-1,0,1.0000,-1,4,4,0,0,8,0,0,0,0
57.08641,2,0,1,0,0,0,0,-1,0,1.0000,-1,4,4,0,0,8,0,0,0,0
57.10599,2,0,1,1,0,0,0,-1,0,1.0000,-1,4,4,0,0,8,0,0,0,0
57.12709,2,0,1,1,0,0,0,-1,0,1.0000,-1,4,4,0,0,8,0,0,0,0
57.14962,2,0,1,1,0,0,0,-1,0,1.0000,-1,4,4,0,0,8,0,0,0,0
57.19094,2,0,1,1,0,0,0,-1,0,1.0000,-1,4,4,0,0,8,0,0,0,0
57.21077,2,0,1,1,0,0,0,-1,0,1.0000,-1,4,4,0,0,8,0,0,0,0
57.23065,2,0,1,1,0,0,1,42,0,1.0000,-1,4,4,0,0,8,0,0,0,0
57.2499,2,0,1,1,0,0,1,42,0,1.0000,-1,4,4,0,0,8,0,0,0,0
57.26657,2,0,1,1,0,0,1,42,0,1.0000,-1,4,4,0,0,8,0,0,0,0
57.28176,2,0,1,1,0,0,1,42,0,1.0000,-1,4,4,0,0,8,0,0,0,0
57.30603,2,0,1,1,0,0,1,42,0,1.0000,-1,4,4,0,0,8,0,0,0,0
57.32695,2,0,1,1,0,0,1,42,0,0.0000,-1,4,4,0,0,8,0,0,0,0
57.34883,2,0,1,1,0,0,1,42,0,0.0000,-1,4,4,0,0,8,0,0,0,0
57.37088,2,0,1,1,0,0,1,42,0,0.0000,-1,4,4,0,0,8,0,0,0,0
57.41586,2,0,1,1,0,0,1,42,0,0.0000,-1,4,4,0,0,8,0,0,0,0
57.4345,2,0,1,1,0,0,1,42,0,0.0000,-1,4,4,0,0,8,0,0,0,0
57.45144,2,0,1,1,0,0,1,42,0,0.0000,-1,4,4,0,0,8,0,0,0,0
57.469,2,0,1,0,0,0,1,42,0,0.0000,-1,4,4,0,0,8,0,0,0,0
57.48505,2,0,1,0,0,0,0,-1,0,0.0000,42,4,5,0,0,9,0,0,0,0
57.50788,2,0,1,0,0,0,0,-1,0,0.0000,-1,4,5,0,0,9,0,0,0,0
57.53139,2,0,1,0,0,0,0,-1,0,0.0000,-1,4,5,0,0,9,0,0,0,0
57.5532,2,0,1,0,0,0,0,-1,0,0.0000,-1,4,5,0,0,9,0,0,0,0
57.57338,2,0,1,0,0,0,0,-1,0,0.0000,-1,4,5,0,0,9,0,0,0,0
57.61601,2,0,1,0,0,0,0,-1,0,0.0000,-1,4,5,0,0,9,0,0,0,0
57.63731,2,0,1,0,0,0,0,-1,0,0.0000,-1,4,5,0,0,9,0,0,0,0
57.65884,2,0,1,0,0,0,0,-1,1,1.0000,-1,4,5,0,0,9,0,0,0,0
57.67478,2,0,1,0,0,0,0,-1,0,1.0000,-1,4,5,0,0,9,0,0,0,0
57.69066,2,0,1,0,0,0,0,-1,0,1.0000,-1,4,5,0,0,9,0,0,0,0
57.71157,2,0,1,0,0,0,0,-1,0,1.0000,-1,4,5,0,0,9,0,0,0,0
57.73261,2,0,1,0,0,0,0,-1,0,1.0000,-1,4,5,0,0,9,0,0,0,0
57.75539,2,0,1,0,0,0,0,-1,0,1.0000,-1,4,5,0,0,9,0,0,0,0
57.77816,2,0,1,0,0,0,0,-1,0,1.0000,-1,4,5,0,0,9,0,0,0,0
57.79698,2,0,1,0,0,0,0,-1,0,1.0000,-1,4,5,0,0,9,0,0,0,0
57.81944,2,0,1,0,0,0,0,-1,0,1.0000,-1,4,5,0,0,9,0,0,0,0
57.84125,2,0,1,0,0,0,0,-1,0,1.0000,-1,4,5,0,0,9,0,0,0,0
57.86106,2,0,1,0,0,0,0,-1,0,1.0000,-1,4,5,0,0,9,0,0,0,0
57.88315,2,0,1,0,1,0,0,-1,0,1.0000,-1,4,5,0,0,9,0,0,0,0
57.90476,2,0,1,0,1,0,0,-1,0,1.0000,-1,4,5,0,0,9,0,0,0,0
57.92579,2,0,1,0,1,0,0,-1,0,1.0000,-1,4,5,0,0,9,0,0,0,0
57.94637,2,0,1,0,1,0,0,-1,0,1.0000,-1,4,5,0,0,9,0,0,0,0
57.96746,2,0,1,0,1,0,0,-1,0,1.0000,-1,4,5,0,0,9,0,0,0,0
57.99138,2,0,1,0,1,0,0,-1,0,1.0000,-1,4,5,0,0,9,0,0,0,0
58.01146,2,0,1,0,1,0,0,-1,0,1.0000,-1,4,5,0,0,9,0,0,0,0
58.03255,2,0,1,0,1,0,0,-1,0,1.0000,-1,4,5,0,0,9,0,0,0,0
58.05358,2,0,1,0,1,0,0,-1,0,1.0000,-1,4,5,0,0,9,0,0,0,0
58.07354,2,0,1,0,1,0,0,-1,0,1.0000,-1,4,5,0,0,9,0,0,0,0
58.09396,2,0,1,0,1,0,0,-1,0,1.0000,-1,4,5,0,0,9,0,0,0,0
58.11755,2,0,1,0,1,0,0,-1,0,1.0000,-1,4,5,0,0,9,0,0,0,0
58.13691,2,0,1,0,1,0,0,-1,0,1.0000,-1,4,5,0,0,9,0,0,0,0
58.15942,2,0,1,0,1,0,0,-1,0,1.0000,-1,4,5,0,0,9,0,0,0,0
58.18003,2,0,1,0,1,0,0,-1,0,1.0000,-1,4,5,0,0,9,0,0,0,0
58.20025,2,0,1,0,1,0,0,-1,0,1.0000,-1,4,5,0,0,9,0,0,0,0
58.24111,2,0,1,0,1,0,0,-1,0,1.0000,-1,4,5,0,0,9,0,0,0,0
58.25755,2,0,1,0,1,0,0,-1,0,1.0000,-1,4,5,0,0,9,0,0,0,0
58.27214,2,0,1,0,1,0,0,-1,0,1.0000,-1,4,5,0,0,9,0,0,0,0
58.29067,2,0,1,0,1,0,0,-1,0,1.0000,-1,4,5,0,0,9,0,0,0,0
58.31373,2,0,1,0,1,0,0,-1,0,1.0000,-1,4,5,0,0,9,0,0,0,0
58.33478,2,0,1,0,1,0,0,-1,0,1.0000,-1,4,5,0,0,9,0,0,0,0
58.35602,2,0,1,0,1,0,0,-1,0,1.0000,-1,4,5,0,0,9,0,0,0,0
58.37602,2,0,1,0,1,0,0,-1,0,1.0000,-1,4,5,0,0,9,0,0,0,0
58.39598,2,0,1,0,1,0,0,-1,0,1.0000,-1,4,5,0,0,9,0,0,0,0
58.41838,2,0,1,0,1,0,0,-1,0,1.0000,-1,4,5,0,0,9,0,0,0,0
58.43789,2,0,1,0,0,0,0,-1,0,1.0000,-1,4,5,0,0,9,0,0,0,0
58.45748,2,0,1,0,0,0,0,-1,0,1.0000,-1,4,5,0,0,9,0,0,0,0
58.48169,2,0,1,0,0,0,0,-1,0,1.0000,-1,4,5,0,0,9,0,0,0,0
58.5016,2,0,1,0,0,0,0,-1,0,1.0000,-1,4,5,0,0,9,0,0,0,0
58.52253,2,0,1,0,0,0,0,-1,0,1.0000,-1,4,5,0,0,9,0,0,0,0
58.5434,2,0,1,0,0,0,0,-1,0,1.0000,-1,4,5,0,0,9,0,0,0,0
58.56379,2,0,1,0,0,0,0,-1,0,1.0000,-1,4,5,0,0,9,0,0,0,0
58.58635,2,0,1,0,0,0,0,-1,0,1.0000,-1,4,5,0,0,9,0,0,0,0
58.60594,2,0,1,0,0,0,0,-1,0,1.0000,-1,4,5,0,0,9,0,0,0,0
58.62416,2,0,1,0,0,0,0,-1,0,1.0000,-1,4,5,0,0,9,0,0,0,0
58.6641,2,0,1,0,0,0,0,-1,0,0.0000,-1,4,5,0,0,9,0,0,0,0
58.68173,2,0,1,0,0,0,0,-1,0,0.0000,-1,4,5,0,0,9,0,0,0,0
58.69762,2,0,1,0,0,0,0,-1,0,0.0000,-1,4,5,0,0,9,0,0,0,0
58.71393,2,0,1,0,0,0,0,-1,0,0.0000,-1,4,5,0,0,9,0,0,0,0
58.73364,2,0,1,0,0,0,0,-1,0,0.0000,-1,4,5,0,0,9,0,0,0,0
58.75218,2,0,1,0,0,0,0,-1,0,0.0000,-1,4,5,0,0,9,0,0,0,0
58.77073,2,0,1,0,0,0,0,-1,0,0.0000,-1,4,5,0,0,9,0,0,0,0
58.79265,2,0,1,0,0,0,0,-1,0,0.0000,-1,4,5,0,0,9,0,0,0,0
58.81474,2,0,1,0,0,0,0,-1,1,1.0000,-1,4,5,0,0,9,0,0,0,0
58.83477,2,0,1,0,0,0,0,-1,0,1.0000,-1,4,5,0,0,9,0,0,0,0
58.87534,2,0,1,0,0,0,0,-1,0,1.0000,-1,4,5,0,0,9,0,0,0,0
58.88906,2,0,1,0,0,0,0,-1,0,1.0000,-1,4,5,0,0,9,0,0,0,0
58.903,2,0,1,0,0,0,0,-1,0,1.0000,-1,4,5,0,0,9,0,0,0,0
58.92358,2,0,1,0,0,0,0,-1,0,1.0000,-1,4,5,0,0,9,0,0,0,0
58.94585,2,0,1,0,0,0,0,-1,0,1.0000,-1,4,5,0,0,9,0,0,0,0
58.9656,2,0,1,0,0,0,0,-1,0,1.0000,-1,4,5,0,0,9,0,0,0,0
58.9852,2,0,1,0,0,0,0,-1,0,1.0000,-1,4,5,0,0,9,0,0,0,0
59.0068,2,0,1,0,0,0,0,-1,0,1.0000,-1,4,5,0,0,9,0,0,0,0
59.02739,2,0,1,0,0,0,0,-1,0,1.0000,-1,4,5,0,0,9,0,0,0,0
59.0461,2,0,1,0,0,0,0,-1,0,1.0000,-1,4,5,0,0,9,0,0,0,0
59.08681,2,0,1,0,0,0,0,-1,0,1.0000,-1,4,5,0,0,9,0,0,0,0
59.10231,2,0,1,0,0,0,0,-1,0,1.0000,-1,4,5,0,0,9,0,0,0,0
59.11777,2,0,1,0,0,0,0,-1,0,1.0000,-1,4,5,0,0,9,0,0,0,0
59.13372,2,0,1,0,0,0,0,-1,0,1.0000,-1,4,5,0,0,9,0,0,0,0
59.15498,2,0,1,0,0,0,0,-1,0,1.0000,-1,4,5,0,0,9,0,0,0,0
59.17455,2,0,1,0,0,0,0,-1,0,1.0000,-1,4,5,0,0,9,0,0,0,0
59.19571,2,0,1,0,0,0,0,-1,0,1.0000,-1,4,5,0,0,9,0,0,0,0
59.21409,2,0,1,0,0,0,0,-1,0,1.0000,-1,4,5,0,0,9,0,0,0,0
59.23518,2,0,1,0,0,0,0,-1,0,1.0000,-1,4,5,0,0,9,0,0,0,0
59.25533,2,0,1,0,0,0,0,-1,0,1.0000,-1,4,5,0,0,9,0,0,0,0
59.27683,2,0,1,0,0,0,0,-1,0,1.0000,-1,4,5,0,0,9,0,0,0,0
59.2958,2,0,1,0,0,0,0,-1,0,1.0000,-1,4,5,0,0,9,0,0,0,0
59.31643,2,0,1,0,0,0,0,-1,0,1.0000,-1,4,5,0,0,9,0,0,0,0
59.33579,2,0,1,0,0,0,0,-1,0,1.0000,-1,4,5,0,0,9,0,0,0,0
59.35907,2,0,1,0,0,0,0,-1,0,1.0000,-1,4,5,0,0,9,0,0,0,0
59.3787,2,0,1,0,0,0,0,-1,0,1.0000,-1,4,5,0,0,9,0,0,0,0
59.39882,2,0,1,0,0,0,0,-1,0,1.0000,-1,4,5,0,0,9,0,0,0,0
59.41876,2,0,1,0,0,0,0,-1,0,1.0000,-1,4,5,0,0,9,0,0,0,0
59.44032,2,0,1,0,0,0,0,-1,0,1.0000,-1,4,5,0,0,9,0,0,0,0
59.45899,2,0,1,0,0,0,0,-1,0,1.0000,-1,4,5,0,0,9,0,0,0,0
59.48034,2,0,1,0,0,0,0,-1,0,1.0000,-1,4,5,0,0,9,0,0,0,0
59.50118,2,0,1,0,0,0,0,-1,0,1.0000,-1,4,5,0,0,9,0,0,0,0
59.52231,2,0,1,0,0,0,0,-1,0,1.0000,-1,4,5,0,0,9,0,0,0,0
59.54285,2,0,1,0,0,0,0,-1,0,1.0000,-1,4,5,0,0,9,0,0,0,0
59.56501,2,0,1,0,0,0,0,-1,0,1.0000,-1,4,5,0,0,9,0,0,0,0
59.58311,2,0,1,0,0,0,0,-1,0,1.0000,-1,4,5,0,0,9,0,0,0,0
59.60546,2,0,1,0,0,0,0,-1,0,1.0000,-1,4,5,0,0,9,0,0,0,0
59.62529,2,0,1,0,0,0,0,-1,0,1.0000,-1,4,5,0,0,9,0,0,0,0
59.64711,2,0,1,0,0,0,0,-1,0,1.0000,-1,4,5,0,0,9,0,0,0,0
59.66891,2,0,1,0,0,0,0,-1,0,1.0000,-1,4,5,0,0,9,0,0,0,0
59.68888,2,0,1,0,0,0,0,-1,0,1.0000,-1,4,5,0,0,9,0,0,0,0
59.70951,2,0,1,0,0,0,0,-1,0,1.0000,-1,4,5,0,0,9,0,0,0,0
59.73182,2,0,1,0,0,0,0,-1,0,1.0000,-1,4,5,0,0,9,0,0,0,0
59.75116,2,0,1,0,0,0,0,-1,0,1.0000,-1,4,5,0,0,9,0,0,0,0
59.77264,2,0,1,0,0,0,0,-1,0,1.0000,-1,4,5,0,0,9,0,0,0,0
59.79414,2,0,1,0,0,0,0,-1,0,1.0000,-1,4,5,0,0,9,0,0,0,0
59.81385,2,0,1,0,0,0,0,-1,0,1.0000,-1,4,5,0,0,9,0,0,0,0
59.83491,2,0,1,0,0,0,0,-1,0,0.0000,-1,4,5,0,0,9,0,0,0,0
59.85364,2,0,1,0,0,0,0,-1,0,0.0000,-1,4,5,0,0,9,0,0,0,0
59.87717,2,0,1,0,0,0,0,-1,0,0.0000,-1,4,5,0,0,9,0,0,0,0
59.89932,2,0,1,0,0,0,0,-1,0,0.0000,-1,4,5,0,0,9,0,0,0,0
59.91868,2,0,1,0,0,0,0,-1,0,0.0000,-1,4,5,0,0,9,0,0,0,0
59.94028,2,0,1,0,0,0,0,-1,0,0.0000,-1,4,5,0,0,9,0,0,0,0
59.96122,2,0,1,0,0,0,0,-1,0,0.0000,-1,4,5,0,0,9,0,0,0,0
59.98149,2,0,1,0,0,0,0,-1,0,0.0000,-1,4,5,0,0,9,0,0,0,0
60.00269,2,0,1,0,0,0,0,-1,0,0.0000,-1,4,5,0,0,9,0,0,0,0
60.02492,2,0,1,0,0,0,0,-1,0,0.0000,-1,4,5,0,0,9,0,0,0,0
60.04724,2,0,1,0,0,0,0,-1,1,1.0000,-1,4,5,0,0,9,0,0,0,0
60.06684,2,0,1,0,0,0,0,-1,0,1.0000,-1,4,5,0,0,9,0,0,0,0
60.08609,2,0,1,1,0,0,0,-1,0,1.0000,-1,4,5,0,0,9,0,0,0,0
60.1086,2,0,1,1,0,0,0,-1,0,1.0000,-1,4,5,0,0,9,0,0,0,0
60.13001,2,0,1,1,0,0,0,-1,0,1.0000,-1,4,5,0,0,9,0,0,0,0
60.15115,2,0,1,1,0,0,0,-1,0,1.0000,-1,4,5,0,0,9,0,0,0,0
60.17175,2,0,1,1,0,0,0,-1,0,1.0000,-1,4,5,0,0,9,0,0,0,0
60.19418,2,0,1,1,0,0,0,-1,0,1.0000,-1,4,5,0,0,9,0,0,0,0
60.21495,2,0,1,1,0,0,1,47,0,1.0000,-1,4,5,0,0,9,0,0,0,0
60.23596,2,0,1,1,0,0,1,47,0,1.0000,-1,4,5,0,0,9,0,0,0,0
60.25826,2,0,1,1,0,0,1,47,0,1.0000,-1,4,5,0,0,9,0,0,0,0
60.27882,2,0,1,1,0,0,1,47,1,2.0000,-1,4,5,0,0,9,0,0,0,0
60.30053,2,0,1,1,0,0,1,47,0,2.0000,-1,4,5,0,0,9,0,0,0,0
60.34118,2,0,1,1,0,0,1,47,0,2.0000,-1,4,5,0,0,9,0,0,0,0
60.35916,2,0,1,1,0,0,1,47,0,2.0000,-1,4,5,0,0,9,0,0,0,0
60.37376,2,0,1,1,0,0,1,47,0,2.0000,-1,4,5,0,0,9,0,0,0,0
60.39079,2,0,1,1,0,0,1,47,0,2.0000,-1,4,5,0,0,9,0,0,0,0
60.41512,2,0,1,1,0,0,1,47,0,2.0000,-1,4,5,0,0,9,0,0,0,0
60.43562,2,0,1,1,0,0,1,48,0,2.0000,47,4,6,0,0,10,0,0,0,0
60.45594,2,0,1,1,0,0,1,48,0,2.0000,-1,4,6,0,0,10,0,0,0,0
60.4794,2,0,1,1,0,0,1,48,0,2.0000,-1,4,6,0,0,10,0,0,0,0
60.4992,2,0,1,0,0,0,1,48,1,3.0000,-1,4,6,0,0,10,0,0,0,0
60.52073,2,0,1,0,0,0,1,48,0,3.0000,-1,4,6,0,0,10,0,0,0,0
60.56185,2,0,1,0,0,0,1,48,0,3.0000,-1,4,6,0,0,10,0,0,0,0
60.58644,2,0,1,0,0,0,1,48,0,3.0000,-1,4,6,0,0,10,0,0,0,0
60.59956,2,0,1,0,0,0,1,48,0,3.0000,-1,4,6,0,0,10,0,0,0,0
60.61421,2,0,1,0,0,0,1,48,0,3.0000,-1,4,6,0,0,10,0,0,0,0
60.63542,2,0,1,0,0,0,1,48,0,3.0000,-1,4,6,0,0,10,0,0,0,0
60.66049,2,0,1,0,0,0,1,48,0,3.0000,-1,4,6,0,0,10,0,0,0,0
60.6827,2,0,1,0,0,0,1,48,0,3.0000,-1,4,6,0,0,10,0,0,0,0
60.70671,2,0,1,0,0,0,1,48,0,3.0000,-1,4,6,0,0,10,0,0,0,0
60.73017,2,0,1,0,0,0,1,48,0,3.0000,-1,4,6,0,0,10,0,0,0,0
60.75422,2,0,1,0,0,0,1,48,0,3.0000,-1,4,6,0,0,10,0,0,0,0
60.77697,2,0,1,0,0,0,1,48,0,3.0000,-1,4,6,0,0,10,0,0,0,0
60.80336,2,0,1,0,0,0,1,48,0,3.0000,-1,4,6,0,0,10,0,0,0,0
60.83126,2,0,1,0,0,0,0,-1,0,3.0000,48,4,7,0,0,11,0,0,0,0
60.85329,2,0,1,0,0,0,0,-1,0,3.0000,-1,4,7,0,0,11,0,0,0,0
60.87818,2,0,1,0,0,0,0,-1,0,3.0000,-1,4,7,0,0,11,0,0,0,0
60.90409,2,0,1,0,1,0,0,-1,0,3.0000,-1,4,7,0,0,11,0,0,0,0
60.92932,2,0,1,0,1,0,0,-1,0,3.0000,-1,4,7,0,0,11,0,0,0,0
60.95582,2,0,1,0,1,0,0,-1,0,3.0000,-1,4,7,0,0,11,0,0,0,0
61.00409,2,0,1,0,1,0,0,-1,0,3.0000,-1,4,7,0,0,11,0,0,0,0
61.02542,2,0,1,0,1,0,0,-1,0,3.0000,-1,4,7,0,0,11,0,0,0,0
61.04345,2,0,1,0,1,0,0,-1,0,3.0000,-1,4,7,0,0,11,0,0,0,0
61.05968,2,0,1,0,1,0,0,-1,0,2.0000,-1,4,7,0,0,11,0,0,0,0
61.0839,2,0,1,0,1,0,0,-1,0,2.0000,-1,4,7,0,0,11,0,0,0,0
61.10677,2,0,1,0,1,0,0,-1,0,2.0000,-1,4,7,0,0,11,0,0,0,0
61.13336,2,0,1,0,1,0,0,-1,0,2.0000,-1,4,7,0,0,11,0,0,0,0
61.1578,2,0,1,0,1,0,0,-1,0,2.0000,-1,4,7,0,0,11,0,0,0,0
61.20459,2,0,1,0,1,0,0,-1,0,2.0000,-1,4,7,0,0,11,0,0,0,0
61.22113,2,0,1,0,1,0,0,-1,0,2.0000,-1,4,7,0,0,11,0,0,0,0
61.23593,2,0,1,0,1,0,0,-1,0,2.0000,-1,4,7,0,0,11,0,0,0,0
61.26073,2,0,1,0,1,0,0,-1,0,2.0000,-1,4,7,0,0,11,0,0,0,0
61.28606,2,0,1,0,1,0,0,-1,0,1.0000,-1,4,7,0,0,11,0,0,0,0
61.3107,2,0,1,0,1,0,0,-1,0,1.0000,-1,4,7,0,0,11,0,0,0,0
61.33558,2,0,1,0,1,0,0,-1,0,1.0000,-1,4,7,0,0,11,0,0,0,0
61.35986,2,0,1,0,1,0,0,-1,0,1.0000,-1,4,7,0,0,11,0,0,0,0
61.4061,2,0,1,0,1,0,0,-1,0,1.0000,-1,4,7,0,0,11,0,0,0,0
61.41904,2,0,1,0,1,0,0,-1,0,1.0000,-1,4,7,0,0,11,0,0,0,0
61.43657,2,0,1,0,1,0,0,-1,0,1.0000,-1,4,7,0,0,11,0,0,0,0
61.46138,2,0,1,0,1,0,0,-1,0,1.0000,-1,4,7,0,0,11,0,0,0,0
61.48671,2,0,1,0,1,0,0,-1,0,1.0000,-1,4,7,0,0,11,0,0,0,0
61.51134,2,0,1,0,1,0,0,-1,0,0.0000,-1,4,7,0,0,11,0,0,0,0
61.53676,2,0,1,0,1,0,0,-1,0,0.0000,-1,4,7,0,0,11,0,0,0,0
61.56075,2,0,1,0,1,0,0,-1,0,0.0000,-1,4,7,0,0,11,0,0,0,0
61.58524,2,0,1,0,1,0,0,-1,0,0.0000,-1,4,7,0,0,11,0,0,0,0
61.60967,2,0,1,0,0,0,0,-1,0,0.0000,-1,4,7,0,0,11,0,0,0,0
61.63594,2,0,1,0,0,0,0,-1,0,0.0000,-1,4,7,0,0,11,0,0,0,0
61.66285,2,0,1,0,0,0,0,-1,0,0.0000,-1,4,7,0,0,11,0,0,0,0
61.68596,2,0,1,0,0,0,0,-1,0,0.0000,-1,4,7,0,0,11,0,0,0,0
61.70803,2,0,1,0,0,0,0,-1,0,0.0000,-1,4,7,0,0,11,0,0,0,0
61.73308,2,0,1,0,0,0,0,-1,0,0.0000,-1,4,7,0,0,11,0,0,0,0
61.75962,2,0,1,0,0,0,0,-1,0,0.0000,-1,4,7,0,0,11,0,0,0,0
61.78527,2,0,1,0,0,0,0,-1,0,0.0000,-1,4,7,0,0,11,0,0,0,0
61.83148,2,0,1,0,0,0,0,-1,0,0.0000,-1,4,7,0,0,11,0,0,0,0
61.85008,2,0,1,0,0,0,0,-1,0,0.0000,-1,4,7,0,0,11,0,0,0,0
61.86824,2,0,1,0,0,0,0,-1,0,0.0000,-1,4,7,0,0,11,0,0,0,0
61.88784,2,0,1,0,0,0,0,-1,0,0.0000,-1,4,7,0,0,11,0,0,0,0
61.91395,2,0,1,0,0,0,0,-1,0,0.0000,-1,4,7,0,0,11,0,0,0,0
61.94007,1,1,2,0,0,0,0,-1,0,0.0000,50,5,7,0,0,12,0,0,0,0
61.96546,1,0,2,0,0,0,0,-1,1,1.0000,-1,5,7,0,0,12,0,0,0,0
61.99145,1,0,2,0,0,0,0,-1,0,1.0000,-1,5,7,0,0,12,0,0,0,0
62.03749,1,0,2,0,0,0,0,-1,0,1.0000,-1,5,7,0,0,12,0,0,0,0
62.05343,1,0,2,0,0,0,0,-1,0,1.0000,-1,5,7,0,0,12,0,0,0,0
62.06898,1,0,2,0,0,0,0,-1,0,1.0000,-1,5,7,0,0,12,0,0,0,0
62.09589,1,0,2,0,0,0,0,-1,0,1.0000,-1,5,7,0,0,12,0,0,0,0
62.12142,1,0,2,0,0,0,1,52,0,1.0000,-1,5,7,0,0,12,0,0,0,0
62.14834,1,0,2,0,0,0,1,52,0,1.0000,-1,5,7,0,0,12,0,0,0,0
62.17336,1,0,2,0,0,0,1,52,0,1.0000,-1,5,7,0,0,12,0,0,0,0
62.19891,1,0,2,0,0,0,1,52,0,1.0000,-1,5,7,0,0,12,0,0,0,0
62.24696,1,0,2,0,0,0,1,52,0,1.0000,-1,5,7,0,0,12,0,0,0,0
62.26299,1,0,2,0,0,0,1,52,0,1.0000,-1,5,7,0,0,12,0,0,0,0
62.27909,1,0,2,0,0,0,1,52,0,1.0000,-1,5,7,0,0,12,0,0,0,0
62.3037,1,0,2,0,0,0,1,52,0,1.0000,-1,5,7,0,0,12,0,0,0,0
62.32792,1,0,2,0,0,0,1,52,0,1.0000,-1,5,7,0,0,12,0,0,0,0
62.35356,1,0,2,1,0,0,1,52,0,1.0000,-1,5,7,0,0,12,0,0,0,0
62.38011,1,0,2,1,0,0,1,52,0,1.0000,-1,5,7,0,0,12,0,0,0,0
62.40545,1,0,2,1,0,0,1,52,0,1.0000,-1,5,7,0,0,12,0,0,0,0
62.4529,1,0,2,1,0,0,1,52,0,1.0000,-1,5,7,0,0,12,0,0,0,0
62.46582,1,0,2,1,0,0,0,-1,0,1.0000,52,6,7,0,0,13,0,0,0,0
62.48491,1,0,2,1,0,0,0,-1,0,1.0000,-1,6,7,0,0,13,0,0,0,0
62.51116,1,0,2,1,0,0,0,-1,0,1.0000,-1,6,7,0,0,13,0,0,0,0
62.53661,1,0,2,1,0,0,0,-1,0,1.0000,-1,6,7,0,0,13,0,0,0,0
62.56285,1,0,2,1,0,0,0,-1,0,1.0000,-1,6,7,0,0,13,0,0,0,0
62.58938,1,0,2,1,0,0,0,-1,0,1.0000,-1,6,7,0,0,13,0,0,0,0
62.61586,1,0,2,1,0,0,0,-1,0,1.0000,-1,6,7,0,0,13,0,0,0,0
62.66496,1,0,2,1,0,0,0,-1,0,1.0000,-1,6,7,0,0,13,0,0,0,0
62.67743,1,0,2,1,0,0,0,-1,0,1.0000,-1,6,7,0,0,13,0,0,0,0
62.69561,1,0,2,1,0,0,0,-1,0,1.0000,-1,6,7,0,0,13,0,0,0,0
62.72339,1,0,2,1,0,0,0,-1,0,1.0000,-1,6,7,0,0,13,0,0,0,0
62.74896,1,0,2,1,0,0,0,-1,0,1.0000,-1,6,7,0,0,13,0,0,0,0
62.7738,1,0,2,1,0,0,0,-1,0,1.0000,-1,6,7,0,0,13,0,0,0,0
62.79731,1,0,2,1,0,0,0,-1,0,1.0000,-1,6,7,0,0,13,0,0,0,0
62.82048,1,0,2,1,0,0,0,-1,0,1.0000,-1,6,7,0,0,13,0,0,0,0
62.84304,1,0,2,1,0,0,0,-1,0,1.0000,-1,6,7,0,0,13,0,0,0,0
62.8648,1,0,2,0,0,0,0,-1,0,1.0000,-1,6,7,0,0,13,0,0,0,0
62.88647,1,0,2,0,0,0,0,-1,0,1.0000,-1,6,7,0,0,13,0,0,0,0
62.90935,1,0,2,0,0,0,0,-1,0,1.0000,-1,6,7,0,0,13,0,0,0,0
62.931,1,0,2,0,0,0,0,-1,0,1.0000,-1,6,7,0,0,13,0,0,0,0
62.9547,1,0,2,0,0,0,0,-1,0,1.0000,-1,6,7,0,0,13,0,0,0,0
62.97345,1,0,2,0,0,0,0,-1,0,0.0000,-1,6,7,0,0,13,0,0,0,0
62.99617,1,0,2,0,0,0,0,-1,0,0.0000,-1,6,7,0,0,13,0,0,0,0
63.01905,1,0,2,0,0,0,0,-1,1,1.0000,-1,6,7,0,0,13,0,0,0,0
63.04052,1,0,2,0,0,0,0,-1,0,1.0000,-1,6,7,0,0,13,0,0,0,0
63.08119,1,0,2,0,0,0,1,55,0,1.0000,-1,6,7,0,0,13,0,0,0,0
63.09959,1,0,2,0,0,0,1,55,0,1.0000,-1,6,7,0,0,13,0,0,0,0
63.11371,1,0,2,0,0,0,1,55,0,1.0000,-1,6,7,0,0,13,0,0,0,0
63.13026,1,0,2,0,0,0,1,55,0,1.0000,-1,6,7,0,0,13,0,0,0,0
63.15213,1,0,2,0,0,0,1,55,1,2.0000,-1,6,7,0,0,13,0,0,0,0
63.17479,1,0,2,0,0,0,1,55,0,2.0000,-1,6,7,0,0,13,0,0,0,0
63.19633,1,0,2,0,0,0,1,55,0,2.0000,-1,6,7,0,0,13,0,0,0,0
63.21811,1,0,2,0,0,0,1,55,0,2.0000,-1,6,7,0,0,13,0,0,0,0
63.24042,1,0,2,0,0,0,1,55,0,2.0000,-1,6,7,0,0,13,0,0,0,0
63.26229,1,0,2,0,0,0,1,55,0,2.0000,-1,6,7,0,0,13,0,0,0,0
63.30482,1,0,2,0,0,0,1,55,0,2.0000,-1,6,7,0,0,13,0,0,0,0
63.32484,1,0,2,0,0,0,1,55,0,2.0000,-1,6,7,0,0,13,0,0,0,0
63.34094,1,0,2,0,0,0,1,55,0,2.0000,-1,6,7,0,0,13,0,0,0,0
63.35789,1,0,2,0,0,0,1,55,0,2.0000,-1,6,7,0,0,13,0,0,0,0
63.37499,1,0,2,0,0,0,1,55,0,2.0000,-1,6,7,0,0,13,0,0,0,0
63.39802,1,0,2,0,0,0,1,55,0,2.0000,-1,6,7,0,0,13,0,0,0,0
63.42017,1,0,2,0,0,0,1,55,0,2.0000,-1,6,7,0,0,13,0,0,0,0
63.4433,1,0,2,0,0,0,1,55,0,2.0000,-1,6,7,0,0,13,0,0,0,0
63.46302,1,0,2,0,0,0,1,55,0,2.0000,-1,6,7,0,0,13,0,0,0,0
63.48447,1,0,2,0,0,0,1,55,0,2.0000,-1,6,7,0,0,13,0,0,0,0
63.50591,1,0,2,0,0,0,1,55,0,2.0000,-1,6,7,0,0,13,0,0,0,0
63.5288,1,0,2,0,0,0,1,55,0,2.0000,-1,6,7,0,0,13,0,0,0,0
63.55068,1,0,2,0,0,0,1,55,0,2.0000,-1,6,7,0,0,13,0,0,0,0
63.57458,1,0,2,0,0,0,1,55,0,2.0000,-1,6,7,0,0,13,0,0,0,0
63.59417,1,0,2,0,0,0,1,55,0,2.0000,-1,6,7,0,0,13,0,0,0,0
63.61472,1,0,2,0,0,0,1,55,0,2.0000,-1,6,7,0,0,13,0,0,0,0
63.63581,1,0,2,0,0,0,1,55,0,2.0000,-1,6,7,0,0,13,0,0,0,0
63.65981,1,0,2,0,0,0,1,55,0,2.0000,-1,6,7,0,0,13,0,0,0,0
63.68179,1,0,2,0,0,0,1,55,0,2.0000,-1,6,7,0,0,13,0,0,0,0
63.72518,1,0,2,0,0,0,1,55,0,2.0000,-1,6,7,0,0,13,0,0,0,0
63.74472,1,0,2,0,0,0,1,55,0,2.0000,-1,6,7,0,0,13,0,0,0,0
63.76229,1,0,2,0,0,0,1,53,0,2.0000,55,7,7,0,0,14,0,0,0,0
63.78289,1,0,2,0,0,0,1,53,0,2.0000,-1,7,7,0,0,14,0,0,0,0
63.79975,1,0,2,0,0,0,1,53,0,2.0000,-1,7,7,0,0,14,0,0,0,0
63.81497,1,0,2,0,0,0,1,53,0,2.0000,-1,7,7,0,0,14,0,0,0,0
63.83804,1,0,2,0,0,0,1,53,0,2.0000,-1,7,7,0,0,14,0,0,0,0
63.86008,1,0,2,0,0,0,1,53,0,2.0000,-1,7,7,0,0,14,0,0,0,0
63.88305,1,0,2,1,0,0,1,53,0,2.0000,-1,7,7,0,0,14,0,0,0,0
63.92562,1,0,2,1,0,0,1,53,1,3.0000,-1,7,7,0,0,14,0,0,0,0
63.94488,1,0,2,1,0,0,1,53,0,3.0000,-1,7,7,0,0,14,0,0,0,0
63.96166,1,0,2,1,0,0,1,53,0,3.0000,-1,7,7,0,0,14,0,0,0,0
63.97858,1,0,2,1,0,0,1,53,0,3.0000,-1,7,7,0,0,14,0,0,0,0
63.99473,1,0,2,1,0,0,1,53,0,3.0000,-1,7,7,0,0,14,0,0,0,0
64.01662,1,0,2,1,0,0,1,53,0,3.0000,-1,7,7,0,0,14,0,0,0,0
64.04054,1,0,2,1,0,0,1,53,0,2.0000,-1,7,7,0,0,14,0,0,0,0
64.06071,1,0,2,1,0,0,0,-1,0,2.0000,53,8,7,0,0,15,0,0,0,0
64.08246,1,0,2,1,0,0,0,-1,0,2.0000,-1,8,7,0,0,15,0,0,0,0
64.10435,1,0,2,1,0,0,0,-1,0,2.0000,-1,8,7,0,0,15,0,0,0,0
64.14777,1,0,2,1,0,0,0,-1,0,2.0000,-1,8,7,0,0,15,0,0,0,0
64.16941,1,0,2,1,0,0,0,-1,0,1.0000,-1,8,7,0,0,15,0,0,0,0
64.19174,1,0,2,1,0,0,0,-1,0,1.0000,-1,8,7,0,0,15,0,0,0,0
64.20506,1,0,2,1,0,0,0,-1,0,1.0000,-1,8,7,0,0,15,0,0,0,0
64.21985,1,0,2,1,0,0,0,-1,0,1.0000,-1,8,7,0,0,15,0,0,0,0
64.23957,1,0,2,1,0,0,0,-1,1,2.0000,-1,8,7,0,0,15,0,0,0,0
64.26103,1,0,2,1,0,0,0,-1,0,2.0000,-1,8,7,0,0,15,0,0,0,0
64.28285,1,0,2,1,0,0,0,-1,0,2.0000,-1,8,7,0,0,15,0,0,0,0
64.30403,1,0,2,1,0,0,0,-1,0,2.0000,-1,8,7,0,0,15,0,0,0,0
64.32484,1,0,2,1,0,0,0,-1,0,2.0000,-1,8,7,0,0,15,0,0,0,0
64.36769,1,0,2,1,0,0,0,-1,0,2.0000,-1,8,7,0,0,15,0,0,0,0
64.38823,1,0,2,1,0,0,0,-1,0,2.0000,-1,8,7,0,0,15,0,0,0,0
64.40633,1,0,2,1,0,0,0,-1,0,2.0000,-1,8,7,0,0,15,0,0,0,0
64.42336,1,0,2,1,0,0,0,-1,0,2.0000,-1,8,7,0,0,15,0,0,0,0
64.44073,1,0,2,1,0,0,0,-1,0,2.0000,-1,8,7,0,0,15,0,0,0,0
64.45802,1,0,2,1,0,0,0,-1,0,2.0000,-1,8,7,0,0,15,0,0,0,0
64.48069,1,0,2,1,0,0,0,-1,1,3.0000,-1,8,7,0,0,15,0,0,0,0
64.50183,1,0,2,1,0,0,0,-1,0,3.0000,-1,8,7,0,0,15,0,0,0,0
64.52234,1,0,2,1,0,0,0,-1,0,3.0000,-1,8,7,0,0,15,0,0,0,0
64.54315,1,0,2,1,0,0,0,-1,0,3.0000,-1,8,7,0,0,15,0,0,0,0
64.58131,1,0,2,1,0,0,0,-1,0,3.0000,-1,8,7,0,0,15,0,0,0,0
64.59998,1,0,2,1,0,0,0,-1,0,3.0000,-1,8,7,0,0,15,0,0,0,0
64.61517,1,0,2,1,0,0,0,-1,0,3.0000,-1,8,7,0,0,15,0,0,0,0
64.63272,1,0,2,1,1,0,0,-1,0,3.0000,-1,8,7,0,0,15,0,0,0,0
64.65302,1,0,2,1,1,0,0,-1,0,3.0000,-1,8,7,0,0,15,0,0,0,0
64.67673,1,0,2,1,1,0,0,-1,0,3.0000,-1,8,7,0,0,15,0,0,0,0
64.69393,1,0,2,1,1,0,0,-1,0,3.0000,-1,8,7,0,0,15,0,0,0,0
64.71548,1,0,2,1,1,0,0,-1,0,3.0000,-1,8,7,0,0,15,0,0,0,0
64.74254,1,0,2,1,1,0,0,-1,0,3.0000,-1,8,7,0,0,15,0,0,0,0
64.76088,1,0,2,1,1,0,0,-1,0,3.0000,-1,8,7,0,0,15,0,0,0,0
64.78397,1,0,2,1,1,0,0,-1,0,3.0000,-1,8,7,0,0,15,0,0,0,0
64.80421,1,0,2,1,1,0,0,-1,0,3.0000,-1,8,7,0,0,15,0,0,0,0
64.82447,1,0,2,1,1,0,0,-1,0,3.0000,-1,8,7,0,0,15,0,0,0,0
64.84679,1,0,2,1,1,0,0,-1,0,3.0000,-1,8,7,0,0,15,0,0,0,0
64.86903,1,0,2,1,1,0,0,-1,0,3.0000,-1,8,7,0,0,15,0,0,0,0
64.88984,1,0,2,1,1,0,0,-1,0,3.0000,-1,8,7,0,0,15,0,0,0,0
64.91195,1,0,2,1,1,0,0,-1,0,3.0000,-1,8,7,0,0,15,0,0,0,0
64.93243,1,0,2,1,1,0,0,-1,0,2.0000,-1,8,7,0,0,15,0,0,0,0
64.95281,1,0,2,1,1,0,0,-1,0,2.0000,-1,8,7,0,0,15,0,0,0,0
64.977,1,0,2,1,1,0,0,-1,0,2.0000,-1,8,7,0,0,15,0,0,0,0
64.99326,1,0,2,1,1,0,0,-1,0,2.0000,-1,8,7,0,0,15,0,0,0,0
65.01811,1,0,2,1,1,0,0,-1,0,2.0000,-1,8,7,0,0,15,0,0,0,0
65.03694,1,0,2,1,1,0,0,-1,0,2.0000,-1,8,7,0,0,15,0,0,0,0
65.05806,1,0,2,1,1,0,0,-1,0,2.0000,-1,8,7,0,0,15,0,0,0,0
65.08062,1,0,2,1,1,0,0,-1,0,2.0000,-1,8,7,0,0,15,0,0,0,0
65.10226,1,0,2,1,1,0,0,-1,0,2.0000,-1,8,7,0,0,15,0,0,0,0
65.12144,1,0,2,1,1,0,0,-1,0,2.0000,-1,8,7,0,0,15,0,0,0,0
65.14518,1,0,2,1,1,0,0,-1,1,3.0000,-1,8,7,0,0,15,0,0,0,0
65.16513,1,0,2,1,1,0,0,-1,0,3.0000,-1,8,7,0,0,15,0,0,0,0
65.1828,1,0,2,1,1,0,0,-1,0,3.0000,-1,8,7,0,0,15,0,0,0,0
65.22343,1,0,2,1,1,0,0,-1,0,3.0000,-1,8,7,0,0,15,0,0,0,0
65.23836,1,0,2,1,1,0,0,-1,0,3.0000,-1,8,7,0,0,15,0,0,0,0
65.25451,1,0,2,1,1,0,0,-1,0,2.0000,-1,8,7,0,0,15,0,0,0,0
65.27044,1,0,2,1,1,0,0,-1,0,2.0000,-1,8,7,0,0,15,0,0,0,0
65.29105,1,0,2,1,1,0,0,-1,0,2.0000,-1,8,7,0,0,15,0,0,0,0
65.3129,1,0,2,1,1,0,0,-1,0,2.0000,-1,8,7,0,0,15,0,0,0,0
65.33656,1,0,2,1,1,0,0,-1,0,2.0000,-1,8,7,0,0,15,0,0,0,0
65.35613,1,0,2,1,1,0,0,-1,0,2.0000,-1,8,7,0,0,15,0,0,0,0
65.37826,1,0,2,1,1,0,0,-1,0,2.0000,-1,8,7,0,0,15,0,0,0,0
65.39849,1,0,2,1,1,0,0,-1,0,2.0000,-1,8,7,0,0,15,0,0,0,0
65.4197,1,0,2,1,1,0,0,-1,0,2.0000,-1,8,7,0,0,15,0,0,0,0
65.43893,1,0,2,1,1,0,0,-1,0,2.0000,-1,8,7,0,0,15,0,0,0,0
65.46048,1,0,2,1,1,0,0,-1,0,2.0000,-1,8,7,0,0,15,0,0,0,0
65.48123,1,0,2,1,1,0,0,-1,0,1.0000,-1,8,7,0,0,15,0,0,0,0
65.50296,1,0,2,1,1,0,0,-1,0,1.0000,-1,8,7,0,0,15,0,0,0,0
65.52479,1,0,2,1,1,0,0,-1,0,1.0000,-1,8,7,0,0,15,0,0,0,0
65.54642,1,0,2,1,1,0,0,-1,0,1.0000,-1,8,7,0,0,15,0,0,0,0
65.56758,1,0,2,1,1,0,0,-1,0,1.0000,-1,8,7,0,0,15,0,0,0,0
65.58853,1,0,2,1,1,0,0,-1,0,1.0000,-1,8,7,0,0,15,0,0,0,0
65.60889,1,0,2,1,1,0,0,-1,0,1.0000,-1,8,7,0,0,15,0,0,0,0
65.62778,1,0,2,1,1,0,0,-1,0,1.0000,-1,8,7,0,0,15,0,0,0,0
65.65051,1,0,2,1,1,0,0,-1,0,1.0000,-1,8,7,0,0,15,0,0,0,0
65.6721,1,0,2,1,1,0,0,-1,0,1.0000,-1,8,7,0,0,15,0,0,0,0
65.69299,1,0,2,1,1,0,0,-1,0,1.0000,-1,8,7,0,0,15,0,0,0,0
65.71421,1,0,2,1,1,0,0,-1,0,1.0000,-1,8,7,0,0,15,0,0,0,0
65.73634,1,0,2,1,1,0,0,-1,0,1.0000,-1,8,7,0,0,15,0,0,0,0
65.75984,1,0,2,1,1,0,0,-1,1,2.0000,-1,8,7,0,0,15,0,0,0,0
65.78146,1,0,2,1,1,0,0,-1,0,2.0000,-1,8,7,0,0,15,0,0,0,0
65.80326,1,0,2,1,1,0,0,-1,0,2.0000,-1,8,7,0,0,15,0,0,0,0
65.82396,1,0,2,1,1,0,0,-1,0,2.0000,-1,8,7,0,0,15,0,0,0,0
65.86407,1,0,2,1,1,0,0,-1,0,2.0000,-1,8,7,0,0,15,0,0,0,0
65.88078,1,0,2,1,1,0,0,-1,0,2.0000,-1,8,7,0,0,15,0,0,0,0
65.89731,1,0,2,1,1,0,0,-1,0,2.0000,-1,8,7,0,0,15,0,0,0,0
65.91328,1,0,2,1,1,0,0,-1,0,2.0000,-1,8,7,0,0,15,0,0,0,0
65.93664,1,0,2,1,1,0,0,-1,0,2.0000,-1,8,7,0,0,15,0,0,0,0
65.95835,1,0,2,1,1,0,0,-1,0,2.0000,-1,8,7,0,0,15,0,0,0,0
65.98112,1,0,2,1,1,0,0,-1,0,2.0000,-1,8,7,0,0,15,0,0,0,0
66.00296,1,0,2,1,1,0,0,-1,0,2.0000,-1,8,7,0,0,15,0,0,0,0
66.02388,1,0,2,1,1,0,0,-1,0,2.0000,-1,8,7,0,0,15,0,0,0,0
66.04444,1,0,2,1,1,0,0,-1,0,2.0000,-1,8,7,0,0,15,0,0,0,0
66.06614,1,0,2,1,1,0,0,-1,0,2.0000,-1,8,7,0,0,15,0,0,0,0
66.08562,1,0,2,1,1,0,0,-1,0,2.0000,-1,8,7,0,0,15,0,0,0,0
66.10732,1,0,2,1,1,0,0,-1,0,2.0000,-1,8,7,0,0,15,0,0,0,0
66.12989,1,0,2,1,1,0,0,-1,1,3.0000,-1,8,7,0,0,15,0,0,0,0
66.15107,1,0,2,1,1,0,0,-1,0,2.0000,-1,8,7,0,0,15,0,0,0,0
66.1723,1,0,2,1,1,0,0,-1,0,2.0000,-1,8,7,0,0,15,0,0,0,0
66.19411,1,0,2,1,1,0,0,-1,0,2.0000,-1,8,7,0,0,15,0,0,0,0
66.21532,1,0,2,1,1,0,0,-1,0,2.0000,-1,8,7,0,0,15,0,0,0,0
66.23873,1,0,2,1,1,0,0,-1,0,2.0000,-1,8,7,0,0,15,0,0,0,0
66.25932,1,0,2,1,1,0,0,-1,0,2.0000,-1,8,7,0,0,15,0,0,0,0
66.28155,1,0,2,1,1,0,0,-1,0,2.0000,-1,8,7,0,0,15,0,0,0,0
66.3044,1,0,2,1,1,0,0,-1,0,2.0000,-1,8,7,0,0,15,0,0,0,0
66.32587,1,0,2,1,1,0,0,-1,0,2.0000,-1,8,7,0,0,15,0,0,0,0
66.34712,1,0,2,1,1,0,0,-1,0,2.0000,-1,8,7,0,0,15,0,0,0,0
66.36896,1,0,2,1,0,0,0,-1,0,2.0000,-1,8,7,0,0,15,0,0,0,0
66.39142,1,0,2,1,0,0,0,-1,0,2.0000,-1,8,7,0,0,15,0,0,0,0
66.41032,1,0,2,1,0,0,0,-1,0,2.0000,-1,8,7,0,0,15,0,0,0,0
66.43242,1,0,2,1,0,0,0,-1,0,2.0000,-1,8,7,0,0,15,0,0,0,0
66.45285,1,0,2,1,0,0,0,-1,0,2.0000,-1,8,7,0,0,15,0,0,0,0
66.49549,1,0,2,1,0,0,0,-1,0,2.0000,-1,8,7,0,0,15,0,0,0,0
66.51728,1,0,2,1,0,0,0,-1,0,2.0000,-1,8,7,0,0,15,0,0,0,0
66.53372,1,0,2,1,0,0,0,-1,0,2.0000,-1,8,7,0,0,15,0,0,0,0
66.54976,1,0,2,1,0,0,0,-1,0,2.0000,-1,8,7,0,0,15,0,0,0,0
66.56786,1,0,2,1,0,0,0,-1,0,2.0000,-1,8,7,0,0,15,0,0,0,0
66.59108,1,0,2,1,0,0,0,-1,0,2.0000,-1,8,7,0,0,15,0,0,0,0
66.61154,1,0,2,1,0,0,0,-1,0,2.0000,-1,8,7,0,0,15,0,0,0,0
66.63429,1,0,2,1,0,0,0,-1,0,2.0000,-1,8,7,0,0,15,0,0,0,0
66.65729,1,0,2,1,0,0,0,-1,0,2.0000,-1,8,7,0,0,15,0,0,0,0
66.69698,1,0,2,1,0,0,0,-1,0,2.0000,-1,8,7,0,0,15,0,0,0,0
66.71172,1,0,2,1,0,0,0,-1,0,2.0000,-1,8,7,0,0,15,0,0,0,0
66.72652,1,0,2,1,0,0,0,-1,0,2.0000,-1,8,7,0,0,15,0,0,0,0
66.74778,1,0,2,1,0,0,0,-1,0,2.0000,-1,8,7,0,0,15,0,0,0,0
66.77016,1,0,2,1,0,0,0,-1,0,1.0000,-1,8,7,0,0,15,0,0,0,0
66.79091,1,0,2,1,0,0,0,-1,0,1.0000,-1,8,7,0,0,15,0,0,0,0
66.81398,1,0,2,1,0,0,0,-1,0,1.0000,-1,8,7,0,0,15,0,0,0,0
66.83455,1,0,2,1,0,0,0,-1,0,1.0000,-1,8,7,0,0,15,0,0,0,0
66.85757,1,0,2,1,0,0,0,-1,0,1.0000,-1,8,7,0,0,15,0,0,0,0
66.87768,1,0,2,1,0,0,0,-1,0,1.0000,-1,8,7,0,0,15,0,0,0,0
66.90008,1,0,2,1,0,0,0,-1,0,1.0000,-1,8,7,0,0,15,0,0,0,0
66.92193,1,0,2,1,0,0,0,-1,0,1.0000,-1,8,7,0,0,15,0,0,0,0
66.94238,1,0,2,1,0,0,0,-1,0,1.0000,-1,8,7,0,0,15,0,0,0,0
66.96581,1,0,2,1,0,0,0,-1,0,1.0000,-1,8,7,0,0,15,0,0,0,0
66.98841,1,0,2,1,0,0,0,-1,1,2.0000,-1,8,7,0,0,15,0,0,0,0
67.00951,1,0,2,1,0,0,0,-1,0,2.0000,-1,8,7,0,0,15,0,0,0,0
67.03288,1,0,2,1,0,0,0,-1,0,2.0000,-1,8,7,0,0,15,0,0,0,0
67.05384,1,0,2,1,0,0,0,-1,0,2.0000,-1,8,7,0,0,15,0,0,0,0
67.07531,1,0,2,1,0,0,0,-1,1,3.0000,-1,8,7,0,0,15,0,0,0,0
67.09914,1,0,2,1,0,0,0,-1,0,3.0000,-1,8,7,0,0,15,0,0,0,0
67.12017,1,0,2,1,0,0,0,-1,0,3.0000,-1,8,7,0,0,15,0,0,0,0
67.14124,1,0,2,1,0,0,0,-1,0,2.0000,-1,8,7,0,0,15,0,0,0,0
67.16481,1,0,2,1,0,0,0,-1,0,2.0000,-1,8,7,0,0,15,0,0,0,0
67.18581,1,0,2,1,0,0,0,-1,0,2.0000,-1,8,7,0,0,15,0,0,0,0
67.20752,1,0,2,1,0,0,0,-1,0,2.0000,-1,8,7,0,0,15,0,0,0,0
67.23,1,0,2,1,0,0,0,-1,0,2.0000,-1,8,7,0,0,15,0,0,0,0
67.25282,1,0,2,1,0,0,0,-1,0,2.0000,-1,8,7,0,0,15,0,0,0,0
67.27608,1,0,2,1,0,0,0,-1,0,2.0000,-1,8,7,0,0,15,0,0,0,0
67.2958,1,0,2,1,0,0,0,-1,0,2.0000,-1,8,7,0,0,15,0,0,0,0
67.31941,1,0,2,1,0,0,0,-1,1,3.0000,-1,8,7,0,0,15,0,0,0,0
67.341,1,0,2,1,0,0,0,-1,0,3.0000,-1,8,7,0,0,15,0,0,0,0
67.36152,1,0,2,1,0,0,0,-1,0,3.0000,-1,8,7,0,0,15,0,0,0,0
67.38387,1,0,2,1,0,0,0,-1,0,3.0000,-1,8,7,0,0,15,0,0,0,0
67.40752,1,0,2,1,0,0,0,-1,0,3.0000,-1,8,7,0,0,15,0,0,0,0
67.42763,1,0,2,1,0,0,0,-1,0,3.0000,-1,8,7,0,0,15,0,0,0,0
67.44962,1,0,2,1,0,0,0,-1,0,3.0000,-1,8,7,0,0,15,0,0,0,0
67.4718,1,0,2,1,0,0,0,-1,0,3.0000,-1,8,7,0,0,15,0,0,0,0
67.49484,1,0,2,1,0,0,0,-1,0,3.0000,-1,8,7,0,0,15,0,0,0,0
67.51578,1,0,2,1,0,0,1,62,0,3.0000,-1,8,7,0,0,15,0,0,0,0
67.53812,1,0,2,1,0,0,1,62,0,3.0000,-1,8,7,0,0,15,0,0,0,0
67.56059,1,0,2,1,0,0,1,62,0,3.0000,-1,8,7,0,0,15,0,0,0,0
67.58295,1,0,2,1,0,0,1,62,0,3.0000,-1,8,7,0,0,15,0,0,0,0
67.60452,1,0,2,1,0,0,1,62,0,3.0000,-1,8,7,0,0,15,0,0,0,0
67.62748,1,0,2,1,0,0,1,62,0,3.0000,-1,8,7,0,0,15,0,0,0,0
67.64931,1,0,2,1,0,0,1,62,1,4.0000,-1,8,7,0,0,15,0,0,0,0
67.67268,1,0,2,1,0,0,1,62,0,4.0000,-1,8,7,0,0,15,0,0,0,0
67.69433,1,0,2,1,0,0,1,62,0,4.0000,-1,8,7,0,0,15,0,0,0,0
67.71599,1,0,2,1,0,0,1,62,0,4.0000,-1,8,7,0,0,15,0,0,0,0
67.73843,1,0,2,1,0,0,1,62,0,4.0000,-1,8,7,0,0,15,0,0,0,0
67.75978,1,0,2,1,0,0,1,62,0,4.0000,-1,8,7,0,0,15,0,0,0,0
67.78392,1,0,2,1,0,0,1,62,0,4.0000,-1,8,7,0,0,15,0,0,0,0
67.8049,1,0,2,1,0,0,1,62,0,4.0000,-1,8,7,0,0,15,0,0,0,0
67.8271,1,0,2,1,0,0,1,62,0,4.0000,-1,8,7,0,0,15,0,0,0,0
67.84901,1,0,2,1,0,0,1,62,0,4.0000,-1,8,7,0,0,15,0,0,0,0
67.86999,1,0,2,1,0,0,1,62,0,4.0000,-1,8,7,0,0,15,0,0,0,0
67.89242,1,0,2,1,0,0,1,62,0,4.0000,-1,8,7,0,0,15,0,0,0,0
67.91553,1,0,2,1,0,0,1,62,0,4.0000,-1,8,7,0,0,15,0,0,0,0
67.93777,1,0,2,1,0,0,1,62,0,4.0000,-1,8,7,0,0,15,0,0,0,0
67.95765,1,0,2,1,0,0,1,62,0,4.0000,-1,8,7,0,0,15,0,0,0,0
67.98027,1,0,2,1,0,0,1,62,1,5.0000,-1,8,7,0,0,15,0,0,0,0
68.00037,1,0,2,1,0,0,0,-1,0,4.0000,-1,8,7,0,0,15,0,0,0,0
68.0228,1,0,2,1,0,0,0,-1,0,4.0000,-1,8,7,0,0,15,0,0,0,0
68.04543,1,0,2,1,0,0,0,-1,0,4.0000,-1,8,7,0,0,15,0,0,0,0
68.06545,1,0,2,1,0,0,0,-1,0,4.0000,-1,8,7,0,0,15,0,0,0,0
68.08813,1,0,2,1,0,0,0,-1,0,3.0000,-1,8,7,0,0,15,0,0,0,0
68.10853,1,0,2,1,0,0,0,-1,0,3.0000,-1,8,7,0,0,15,0,0,0,0
68.13042,1,0,2,1,0,0,0,-1,0,3.0000,-1,8,7,0,0,15,0,0,0,0
68.15163,1,0,2,0,0,0,0,-1,0,3.0000,-1,8,7,0,0,15,0,0,0,0
68.19212,1,0,2,0,0,0,0,-1,0,3.0000,-1,8,7,0,0,15,0,0,0,0
68.20699,1,0,2,0,0,0,0,-1,0,3.0000,-1,8,7,0,0,15,0,0,0,0
68.22086,1,0,2,0,0,0,0,-1,0,3.0000,-1,8,7,0,0,15,0,0,0,0
68.24013,1,0,2,0,0,0,0,-1,0,3.0000,-1,8,7,0,0,15,0,0,0,0
68.26297,1,0,2,0,0,0,1,63,0,3.0000,-1,8,7,0,0,15,0,0,0,0
68.28542,1,0,2,0,0,0,1,63,0,3.0000,-1,8,7,0,0,15,0,0,0,0
68.30551,1,0,2,0,0,0,1,63,0,3.0000,-1,8,7,0,0,15,0,0,0,0
68.32645,1,0,2,0,0,0,1,63,0,2.0000,-1,8,7,0,0,15,0,0,0,0
68.34833,1,0,2,0,0,0,1,63,0,2.0000,-1,8,7,0,0,15,0,0,0,0
68.37064,1,0,2,0,0,0,1,63,0,2.0000,-1,8,7,0,0,15,0,0,0,0
68.41122,1,0,2,0,0,0,1,63,0,2.0000,-1,8,7,0,0,15,0,0,0,0
68.42706,1,0,2,0,0,0,1,63,0,2.0000,-1,8,7,0,0,15,0,0,0,0
68.44246,1,0,2,0,0,0,1,63,0,2.0000,-1,8,7,0,0,15,0,0,0,0
68.46169,1,0,2,0,0,0,1,63,0,2.0000,-1,8,7,0,0,15,0,0,0,0
68.48403,1,0,2,0,0,0,1,63,0,2.0000,-1,8,7,0,0,15,0,0,0,0
68.50464,1,0,2,0,0,0,1,63,0,2.0000,-1,8,7,0,0,15,0,0,0,0
68.52576,1,0,2,0,0,0,1,63,1,3.0000,-1,8,7,0,0,15,0,0,0,0
68.54789,1,0,2,0,0,0,1,63,0,3.0000,-1,8,7,0,0,15,0,0,0,0
68.56815,1,0,2,0,0,0,1,63,0,3.0000,-1,8,7,0,0,15,0,0,0,0
68.59026,1,0,2,0,0,0,1,63,0,3.0000,-1,8,7,0,0,15,0,0,0,0
68.61189,1,0,2,0,0,0,1,63,0,3.0000,-1,8,7,0,0,15,0,0,0,0
68.63218,1,0,2,0,0,0,1,63,0,3.0000,-1,8,7,0,0,15,0,0,0,0
68.65462,1,0,2,0,0,0,1,63,0,2.0000,-1,8,7,0,0,15,0,0,0,0
68.67597,1,0,2,0,0,0,1,63,0,2.0000,-1,8,7,0,0,15,0,0,0,0
68.69638,1,0,2,0,0,0,1,63,0,2.0000,-1,8,7,0,0,15,0,0,0,0
68.71824,1,0,2,0,0,0,1,63,0,2.0000,-1,8,7,0,0,15,0,0,0,0
68.73807,1,0,2,0,0,0,1,63,0,2.0000,-1,8,7,0,0,15,0,0,0,0
68.75925,1,0,2,0,0,0,1,63,0,2.0000,-1,8,7,0,0,15,0,0,0,0
68.78143,1,0,2,0,0,0,1,63,0,2.0000,-1,8,7,0,0,15,0,0,0,0
68.80338,1,0,2,0,0,0,1,63,0,2.0000,-1,8,7,0,0,15,0,0,0,0
68.84408,1,0,2,0,0,0,1,64,0,2.0000,-1,8,7,0,0,15,0,0,0,0
68.85989,1,0,2,0,0,0,1,64,0,2.0000,-1,8,7,0,0,15,0,0,0,0
68.87602,1,0,2,0,0,0,1,64,0,2.0000,63,9,7,0,0,16,0,0,0,0
68.89552,1,0,2,0,0,0,1,64,0,2.0000,-1,9,7,0,0,16,0,0,0,0
68.91493,1,0,2,0,0,0,1,64,0,2.0000,-1,9,7,0,0,16,0,0,0,0
68.93515,1,0,2,0,0,0,1,64,0,2.0000,-1,9,7,0,0,16,0,0,0,0
68.95595,1,0,2,0,0,0,1,64,1,3.0000,-1,9,7,0,0,16,0,0,0,0
68.97509,1,0,2,0,0,0,1,64,0,3.0000,-1,9,7,0,0,16,0,0,0,0
68.99699,1,0,2,0,0,0,1,64,0,2.0000,-1,9,7,0,0,16,0,0,0,0
69.0157,1,0,2,0,0,0,1,64,0,2.0000,-1,9,7,0,0,16,0,0,0,0
69.05457,1,0,2,0,0,0,1,64,1,3.0000,-1,9,7,0,0,16,0,0,0,0
69.0735,1,0,2,0,0,0,1,64,0,3.0000,-1,9,7,0,0,16,0,0,0,0
69.08968,1,0,2,0,0,0,1,64,0,3.0000,-1,9,7,0,0,16,0,0,0,0
69.10553,1,0,2,0,0,0,1,64,0,3.0000,-1,9,7,0,0,16,0,0,0,0
69.12163,1,0,2,0,0,0,1,64,0,3.0000,-1,9,7,0,0,16,0,0,0,0
69.14367,1,0,2,0,0,0,1,64,0,3.0000,-1,9,7,0,0,16,0,0,0,0
69.16319,1,0,2,0,0,0,1,64,0,3.0000,-1,9,7,0,0,16,0,0,0,0
69.18363,1,0,2,0,0,0,1,64,0,3.0000,-1,9,7,0,0,16,0,0,0,0
69.20375,1,0,2,0,0,0,1,64,0,3.0000,-1,9,7,0,0,16,0,0,0,0
69.22453,1,0,2,0,0,0,1,64,0,3.0000,-1,9,7,0,0,16,0,0,0,0
69.26164,1,0,2,0,0,0,0,-1,0,3.0000,64,10,7,0,0,17,0,0,0,0
69.28188,1,0,2,0,0,0,0,-1,0,3.0000,-1,10,7,0,0,17,0,0,0,0
69.29768,1,0,2,0,0,0,0,-1,0,3.0000,-1,10,7,0,0,17,0,0,0,0
69.31346,1,0,2,0,0,0,0,-1,0,3.0000,-1,10,7,0,0,17,0,0,0,0
69.33074,1,0,2,0,0,0,0,-1,0,3.0000,-1,10,7,0,0,17,0,0,0,0
69.35363,1,0,2,0,0,0,0,-1,0,3.0000,-1,10,7,0,0,17,0,0,0,0
69.37187,1,0,2,0,0,0,0,-1,0,3.0000,-1,10,7,0,0,17,0,0,0,0
69.39125,1,0,2,0,0,0,0,-1,0,3.0000,-1,10,7,0,0,17,0,0,0,0
69.4129,1,0,2,0,0,0,0,-1,0,3.0000,-1,10,7,0,0,17,0,0,0,0
69.43114,1,0,2,0,0,0,0,-1,0,3.0000,-1,10,7,0,0,17,0,0,0,0
69.47185,1,0,2,0,0,0,0,-1,0,3.0000,-1,10,7,0,0,17,0,0,0,0
69.49036,1,0,2,0,0,0,1,65,0,3.0000,-1,10,7,0,0,17,0,0,0,0
69.50537,1,0,2,0,0,0,1,65,0,3.0000,-1,10,7,0,0,17,0,0,0,0
69.51979,1,0,2,0,0,0,1,65,0,3.0000,-1,10,7,0,0,17,0,0,0,0
69.53786,1,0,2,0,0,0,1,65,0,2.0000,-1,10,7,0,0,17,0,0,0,0
69.5602,1,0,2,0,0,0,1,65,0,2.0000,-1,10,7,0,0,17,0,0,0,0
69.58113,1,0,2,0,0,0,1,65,0,2.0000,-1,10,7,0,0,17,0,0,0,0
69.60031,1,0,2,0,0,0,1,65,0,2.0000,-1,10,7,0,0,17,0,0,0,0
69.61836,1,0,2,0,0,0,1,65,0,2.0000,-1,10,7,0,0,17,0,0,0,0
69.63984,1,0,2,0,0,0,1,65,0,2.0000,-1,10,7,0,0,17,0,0,0,0
69.68153,1,0,2,0,0,0,1,65,0,2.0000,-1,10,7,0,0,17,0,0,0,0
69.70291,1,0,2,0,0,0,1,65,0,2.0000,-1,10,7,0,0,17,0,0,0,0
69.72026,1,0,2,0,0,0,1,65,0,2.0000,-1,10,7,0,0,17,0,0,0,0
69.73598,1,0,2,0,0,0,1,65,0,2.0000,-1,10,7,0,0,17,0,0,0,0
69.75054,1,0,2,0,0,0,1,65,0,2.0000,-1,10,7,0,0,17,0,0,0,0
69.7749,1,0,2,0,0,0,1,65,0,2.0000,-1,10,7,0,0,17,0,0,0,0
69.7961,1,0,2,0,0,0,1,65,0,2.0000,-1,10,7,0,0,17,0,0,0,0
69.81522,1,0,2,0,0,0,0,-1,0,2.0000,65,11,7,0,0,18,0,0,0,0
69.83452,1,0,2,0,0,0,0,-1,0,2.0000,-1,11,7,0,0,18,0,0,0,0
69.85339,1,0,2,0,0,0,0,-1,0,2.0000,-1,11,7,0,0,18,0,0,0,0
69.89368,1,0,2,0,0,0,0,-1,0,2.0000,-1,11,7,0,0,18,0,0,0,0
69.91338,1,0,2,0,0,0,0,-1,0,2.0000,-1,11,7,0,0,18,0,0,0,0
69.93094,1,0,2,0,0,0,1,66,0,2.0000,-1,11,7,0,0,18,0,0,0,0
69.9463,1,0,2,0,0,0,1,66,0,2.0000,-1,11,7,0,0,18,0,0,0,0
69.96098,1,0,2,0,0,0,1,66,0,1.0000,-1,11,7,0,0,18,0,0,0,0
69.98335,1,0,2,0,0,0,1,66,0,1.0000,-1,11,7,0,0,18,0,0,0,0
70.00404,1,0,2,0,0,0,1,66,0,1.0000,-1,11,7,0,0,18,0,0,0,0
70.02409,1,0,2,0,0,0,1,66,0,1.0000,-1,11,7,0,0,18,0,0,0,0
70.04559,1,0,2,0,0,0,1,66,0,1.0000,-1,11,7,0,0,18,0,0,0,0
70.06506,1,0,2,0,0,0,0,-1,0,0.0000,-1,11,7,0,0,18,0,0,0,0
70.1048,1,0,2,0,0,0,0,-1,0,0.0000,-1,11,7,0,0,18,0,0,0,0
70.1255,1,0,2,0,0,0,0,-1,0,0.0000,-1,11,7,0,0,18,0,0,0,0
70.14026,1,0,2,0,0,0,0,-1,1,1.0000,-1,11,7,0,0,18,0,0,0,0
70.15472,1,0,2,0,0,0,0,-1,0,1.0000,-1,11,7,0,0,18,0,0,0,0
70.17324,1,0,2,0,0,0,0,-1,0,1.0000,-1,11,7,0,0,18,0,0,0,0
70.19488,1,0,2,0,0,0,0,-1,0,1.0000,-1,11,7,0,0,18,0,0,0,0
70.21329,1,0,2,0,0,0,0,-1,0,1.0000,-1,11,7,0,0,18,0,0,0,0
70.23495,1,0,2,0,0,0,0,-1,0,1.0000,-1,11,7,0,0,18,0,0,0,0
70.2542,1,0,2,0,0,0,0,-1,0,1.0000,-1,11,7,0,0,18,0,0,0,0
70.2766,1,0,2,0,0,0,0,-1,0,1.0000,-1,11,7,0,0,18,0,0,0,0
70.3134,1,0,2,0,0,0,0,-1,0,1.0000,-1,11,7,0,0,18,0,0,0,0
70.33093,1,0,2,0,0,0,0,-1,0,1.0000,-1,11,7,0,0,18,0,0,0,0
70.34637,1,0,2,0,0,0,0,-1,0,1.0000,-1,11,7,0,0,18,0,0,0,0
70.36085,1,0,2,0,0,0,0,-1,0,1.0000,-1,11,7,0,0,18,0,0,0,0
70.37729,1,0,2,0,0,0,0,-1,0,1.0000,-1,11,7,0,0,18,0,0,0,0
70.40035,1,0,2,0,0,0,0,-1,0,1.0000,-1,11,7,0,0,18,0,0,0,0
70.41953,1,0,2,0,0,0,0,-1,0,1.0000,-1,11,7,0,0,18,0,0,0,0
70.44088,1,0,2,0,0,0,0,-1,0,1.0000,-1,11,7,0,0,18,0,0,0,0
70.46021,1,0,2,0,0,0,0,-1,0,1.0000,-1,11,7,0,0,18,0,0,0,0
70.47884,1,0,2,0,0,0,0,-1,1,2.0000,-1,11,7,0,0,18,0,0,0,0
70.49934,1,0,2,0,0,0,0,-1,0,2.0000,-1,11,7,0,0,18,0,0,0,0
70.5182,1,0,2,0,0,0,0,-1,0,2.0000,-1,11,7,0,0,18,0,0,0,0
70.53999,1,0,2,0,0,0,0,-1,0,2.0000,-1,11,7,0,0,18,0,0,0,0
70.55878,1,0,2,0,0,0,0,-1,0,2.0000,-1,11,7,0,0,18,0,0,0,0
70.57904,1,0,2,0,0,0,0,-1,0,2.0000,-1,11,7,0,0,18,0,0,0,0
70.59893,1,0,2,0,0,0,0,-1,0,2.0000,-1,11,7,0,0,18,0,0,0,0
70.61899,1,0,2,0,0,0,0,-1,0,2.0000,-1,11,7,0,0,18,0,0,0,0
70.64012,1,0,2,0,0,0,0,-1,0,2.0000,-1,11,7,0,0,18,0,0,0,0
70.65888,1,0,2,0,0,0,0,-1,0,2.0000,-1,11,7,0,0,18,0,0,0,0
70.6778,1,0,2,0,0,0,0,-1,0,2.0000,-1,11,7,0,0,18,0,0,0,0
70.69763,1,0,2,0,0,0,0,-1,0,2.0000,-1,11,7,0,0,18,0,0,0,0
70.7168,1,0,2,0,0,0,0,-1,0,2.0000,-1,11,7,0,0,18,0,0,0,0
70.73624,1,0,2,0,0,0,0,-1,1,3.0000,-1,11,7,0,0,18,0,0,0,0
70.75659,1,0,2,0,0,0,0,-1,0,3.0000,-1,11,7,0,0,18,0,0,0,0
70.7765,1,0,2,0,0,0,0,-1,0,3.0000,-1,11,7,0,0,18,0,0,0,0
70.7973,1,0,2,0,0,0,0,-1,0,3.0000,-1,11,7,0,0,18,0,0,0,0
70.8187,1,0,2,0,0,0,0,-1,0,3.0000,-1,11,7,0,0,18,0,0,0,0
70.84008,1,0,2,0,0,0,0,-1,0,3.0000,-1,11,7,0,0,18,0,0,0,0
70.85967,1,0,2,0,0,0,0,-1,0,3.0000,-1,11,7,0,0,18,0,0,0,0
70.88079,1,0,2,0,0,0,0,-1,0,3.0000,-1,11,7,0,0,18,0,0,0,0
70.90108,1,0,2,0,0,0,0,-1,0,3.0000,-1,11,7,0,0,18,0,0,0,0
70.9225,1,0,2,0,0,0,1,70,0,3.0000,-1,11,7,0,0,18,0,0,0,0
70.94263,1,0,2,0,0,0,1,70,0,3.0000,-1,11,7,0,0,18,0,0,0,0
70.96215,1,0,2,0,0,0,1,70,0,3.0000,-1,11,7,0,0,18,0,0,0,0
70.98257,1,0,2,0,0,0,1,70,0,3.0000,-1,11,7,0,0,18,0,0,0,0
71.00473,1,0,2,0,0,0,1,70,0,3.0000,-1,11,7,0,0,18,0,0,0,0
71.02448,1,0,2,0,0,0,1,70,0,3.0000,-1,11,7,0,0,18,0,0,0,0
71.04489,1,0,2,0,0,0,1,70,0,3.0000,-1,11,7,0,0,18,0,0,0,0
71.06622,1,0,2,0,0,0,1,70,0,3.0000,-1,11,7,0,0,18,0,0,0,0
71.08747,1,0,2,0,0,0,1,70,0,3.0000,-1,11,7,0,0,18,0,0,0,0
71.10738,1,0,2,0,0,0,1,70,1,4.0000,-1,11,7,0,0,18,0,0,0,0
71.12935,1,0,2,0,0,0,0,-1,0,4.0000,-1,11,7,0,0,18,0,0,0,0
71.14663,1,0,2,0,0,0,0,-1,0,3.0000,-1,11,7,0,0,18,0,0,0,0
71.1661,1,0,2,0,0,0,0,-1,0,3.0000,-1,11,7,0,0,18,0,0,0,0
71.18563,1,0,2,0,0,0,0,-1,0,3.0000,-1,11,7,0,0,18,0,0,0,0
71.20541,1,0,2,0,0,0,0,-1,0,3.0000,-1,11,7,0,0,18,0,0,0,0
71.22668,1,0,2,0,0,0,0,-1,0,3.0000,-1,11,7,0,0,18,0,0,0,0
71.24774,1,0,2,0,0,0,0,-1,0,3.0000,-1,11,7,0,0,18,0,0,0,0
71.26723,1,0,2,0,0,0,0,-1,0,3.0000,-1,11,7,0,0,18,0,0,0,0
71.28676,1,0,2,0,0,0,0,-1,0,3.0000,-1,11,7,0,0,18,0,0,0,0
71.30482,1,0,2,0,0,0,0,-1,0,3.0000,-1,11,7,0,0,18,0,0,0,0
71.32554,1,0,2,0,0,0,0,-1,0,3.0000,-1,11,7,0,0,18,0,0,0,0
71.36395,1,0,2,0,0,0,0,-1,0,3.0000,-1,11,7,0,0,18,0,0,0,0
71.3802,1,0,2,0,0,0,0,-1,0,3.0000,-1,11,7,0,0,18,0,0,0,0
71.39613,1,0,2,0,0,0,0,-1,0,3.0000,-1,11,7,0,0,18,0,0,0,0
71.41142,1,0,2,0,0,0,0,-1,0,3.0000,-1,11,7,0,0,18,0,0,0,0
71.43192,1,0,2,0,0,0,0,-1,1,4.0000,-1,11,7,0,0,18,0,0,0,0
71.45216,1,0,2,0,0,0,0,-1,0,4.0000,-1,11,7,0,0,18,0,0,0,0
71.47182,1,0,2,0,0,0,0,-1,0,4.0000,-1,11,7,0,0,18,0,0,0,0
71.49179,1,0,2,0,0,0,0,-1,0,3.0000,-1,11,7,0,0,18,0,0,0,0
71.51173,1,0,2,0,0,0,0,-1,0,3.0000,-1,11,7,0,0,18,0,0,0,0
71.53241,1,0,2,0,0,0,0,-1,0,3.0000,-1,11,7,0,0,18,0,0,0,0
71.55187,1,0,2,0,0,0,0,-1,0,3.0000,-1,11,7,0,0,18,0,0,0,0
71.5712,1,0,2,0,0,0,0,-1,0,3.0000,-1,11,7,0,0,18,0,0,0,0
71.59135,1,0,2,0,0,0,0,-1,0,3.0000,-1,11,7,0,0,18,0,0,0,0
71.60983,1,0,2,0,0,0,0,-1,0,3.0000,-1,11,7,0,0,18,0,0,0,0
71.62967,1,0,2,0,0,0,0,-1,0,3.0000,-1,11,7,0,0,18,0,0,0,0
71.64784,1,0,2,0,0,0,0,-1,0,3.0000,-1,11,7,0,0,18,0,0,0,0
71.66683,1,0,2,0,0,0,0,-1,0,3.0000,-1,11,7,0,0,18,0,0,0,0
71.68971,1,0,2,0,0,0,0,-1,0,3.0000,-1,11,7,0,0,18,0,0,0,0
71.70854,1,0,2,0,0,0,0,-1,0,3.0000,-1,11,7,0,0,18,0,0,0,0
71.72916,1,0,2,0,0,0,0,-1,0,3.0000,-1,11,7,0,0,18,0,0,0,0
71.74615,1,0,2,0,0,0,0,-1,0,2.0000,-1,11,7,0,0,18,0,0,0,0
71.76692,1,0,2,0,0,0,0,-1,0,2.0000,-1,11,7,0,0,18,0,0,0,0
71.78823,1,0,2,0,0,0,0,-1,0,2.0000,-1,11,7,0,0,18,0,0,0,0
71.80614,1,0,2,0,0,0,0,-1,0,2.0000,-1,11,7,0,0,18,0,0,0,0
71.8261,1,0,2,0,0,0,0,-1,0,2.0000,-1,11,7,0,0,18,0,0,0,0
71.84675,1,0,2,0,0,0,0,-1,0,2.0000,-1,11,7,0,0,18,0,0,0,0
71.8674,1,0,2,0,0,0,0,-1,0,2.0000,-1,11,7,0,0,18,0,0,0,0
71.88869,1,0,2,0,0,0,0,-1,0,2.0000,-1,11,7,0,0,18,0,0,0,0
71.90839,1,0,2,0,0,0,0,-1,0,2.0000,-1,11,7,0,0,18,0,0,0,0
71.92396,1,0,2,0,0,0,0,-1,0,2.0000,-1,11,7,0,0,18,0,0,0,0
71.9457,1,0,2,0,0,0,0,-1,0,2.0000,-1,11,7,0,0,18,0,0,0,0
71.9662,1,0,2,0,0,0,0,-1,0,2.0000,-1,11,7,0,0,18,0,0,0,0
72.00356,1,0,2,0,0,0,0,-1,0,2.0000,-1,11,7,0,0,18,0,0,0,0
72.02193,1,0,2,0,0,0,0,-1,0,2.0000,-1,11,7,0,0,18,0,0,0,0
72.03973,1,0,2,0,0,0,0,-1,0,2.0000,-1,11,7,0,0,18,0,0,0,0
72.05606,1,0,2,0,0,0,0,-1,0,2.0000,-1,11,7,0,0,18,0,0,0,0
72.07146,1,0,2,0,0,0,0,-1,0,2.0000,-1,11,7,0,0,18,0,0,0,0
72.08724,1,0,2,0,0,0,0,-1,0,2.0000,-1,11,7,0,0,18,0,0,0,0
72.1073,1,0,2,0,0,0,0,-1,0,2.0000,-1,11,7,0,0,18,0,0,0,0
72.12785,1,0,2,0,0,0,0,-1,0,1.0000,-1,11,7,0,0,18,0,0,0,0
72.14663,1,0,2,0,0,0,0,-1,0,1.0000,-1,11,7,0,0,18,0,0,0,0
72.16794,1,0,2,0,0,0,0,-1,0,1.0000,-1,11,7,0,0,18,0,0,0,0
72.18768,1,0,2,0,0,0,0,-1,0,1.0000,-1,11,7,0,0,18,0,0,0,0
72.20663,1,0,2,0,0,0,0,-1,0,1.0000,-1,11,7,0,0,18,0,0,0,0
72.22337,1,0,2,0,0,0,0,-1,0,1.0000,-1,11,7,0,0,18,0,0,0,0
72.24415,1,0,2,0,0,0,0,-1,0,1.0000,-1,11,7,0,0,18,0,0,0,0
72.26696,1,0,2,0,0,0,0,-1,0,1.0000,-1,11,7,0,0,18,0,0,0,0
72.28587,1,0,2,0,0,0,0,-1,0,1.0000,-1,11,7,0,0,18,0,0,0,0
72.30273,1,0,2,0,0,0,0,-1,0,1.0000,-1,11,7,0,0,18,0,0,0,0
72.32455,1,0,2,0,0,0,0,-1,0,1.0000,-1,11,7,0,0,18,0,0,0,0
72.34498,1,0,2,0,0,0,0,-1,0,1.0000,-1,11,7,0,0,18,0,0,0,0
72.36655,1,0,2,0,0,0,0,-1,0,1.0000,-1,11,7,0,0,18,0,0,0,0
72.38507,1,0,2,0,0,0,0,-1,0,1.0000,-1,11,7,0,0,18,0,0,0,0
72.40565,1,0,2,0,0,0,0,-1,0,1.0000,-1,11,7,0,0,18,0,0,0,0
72.42299,1,0,2,0,0,0,0,-1,0,1.0000,-1,11,7,0,0,18,0,0,0,0
72.44447,1,0,2,0,0,0,0,-1,0,0.0000,-1,11,7,0,0,18,0,0,0,0
72.46584,1,0,2,0,0,0,1,72,0,0.0000,-1,11,7,0,0,18,0,0,0,0
72.48533,1,0,2,0,0,0,1,72,0,0.0000,-1,11,7,0,0,18,0,0,0,0
72.50226,1,0,2,0,0,0,1,72,0,0.0000,-1,11,7,0,0,18,0,0,0,0
72.52242,1,0,2,0,0,0,1,72,0,0.0000,-1,11,7,0,0,18,0,0,0,0
72.54388,1,0,2,0,0,0,1,72,0,0.0000,-1,11,7,0,0,18,0,0,0,0
72.56431,1,0,2,0,0,0,1,72,0,0.0000,-1,11,7,0,0,18,0,0,0,0
72.58199,1,0,2,0,0,0,1,72,1,1.0000,-1,11,7,0,0,18,0,0,0,0
72.60168,1,0,2,0,0,0,0,-1,0,1.0000,-1,11,7,0,0,18,0,0,0,0
72.64227,1,0,2,0,0,0,0,-1,0,1.0000,-1,11,7,0,0,18,0,0,0,0
72.6615,1,0,2,0,0,0,0,-1,0,1.0000,-1,11,7,0,0,18,0,0,0,0
72.67791,1,0,2,0,0,0,0,-1,0,1.0000,-1,11,7,0,0,18,0,0,0,0
72.69254,1,0,2,0,0,0,0,-1,0,1.0000,-1,11,7,0,0,18,0,0,0,0
72.71146,1,0,2,0,0,0,0,-1,0,1.0000,-1,11,7,0,0,18,0,0,0,0
72.73145,1,0,2,0,0,0,0,-1,0,1.0000,-1,11,7,0,0,18,0,0,0,0
72.7513,1,0,2,0,0,0,0,-1,0,1.0000,-1,11,7,0,0,18,0,0,0,0
72.76942,1,0,2,0,0,0,0,-1,0,1.0000,-1,11,7,0,0,18,0,0,0,0
72.79086,1,0,2,0,0,0,0,-1,0,1.0000,-1,11,7,0,0,18,0,0,0,0
72.80995,1,0,2,0,0,0,0,-1,0,1.0000,-1,11,7,0,0,18,0,0,0,0
72.83023,1,0,2,0,0,0,0,-1,0,1.0000,-1,11,7,0,0,18,0,0,0,0
72.84658,1,0,2,0,0,0,0,-1,0,1.0000,-1,11,7,0,0,18,0,0,0,0
72.86814,1,0,2,0,0,0,0,-1,0,1.0000,-1,11,7,0,0,18,0,0,0,0
72.88998,1,0,2,0,0,0,0,-1,0,1.0000,-1,11,7,0,0,18,0,0,0,0
72.90904,1,0,2,0,0,0,0,-1,0,1.0000,-1,11,7,0,0,18,0,0,0,0
72.92982,1,0,2,0,0,0,0,-1,0,1.0000,-1,11,7,0,0,18,0,0,0,0
72.94784,1,0,2,0,0,0,0,-1,0,1.0000,-1,11,7,0,0,18,0,0,0,0
72.96697,1,0,2,0,0,0,0,-1,1,2.0000,-1,11,7,0,0,18,0,0,0,0
72.98966,1,0,2,0,0,0,0,-1,0,2.0000,-1,11,7,0,0,18,0,0,0,0
73.00792,1,0,2,0,0,0,0,-1,0,2.0000,-1,11,7,0,0,18,0,0,0,0
73.02932,1,0,2,0,0,0,0,-1,0,2.0000,-1,11,7,0,0,18,0,0,0,0
73.04805,1,0,2,0,0,0,0,-1,0,2.0000,-1,11,7,0,0,18,0,0,0,0
73.06724,1,0,2,0,0,0,0,-1,0,2.0000,-1,11,7,0,0,18,0,0,0,0
73.08855,1,0,2,0,0,0,0,-1,0,2.0000,-1,11,7,0,0,18,0,0,0,0
73.10948,1,0,2,0,0,0,0,-1,0,2.0000,-1,11,7,0,0,18,0,0,0,0
73.12864,1,0,2,0,0,0,0,-1,0,2.0000,-1,11,7,0,0,18,0,0,0,0
73.14619,1,0,2,0,0,0,0,-1,0,2.0000,-1,11,7,0,0,18,0,0,0,0
73.16656,1,0,2,0,0,0,0,-1,0,2.0000,-1,11,7,0,0,18,0,0,0,0
73.18578,1,0,2,0,0,0,0,-1,0,2.0000,-1,11,7,0,0,18,0,0,0,0
73.20148,1,0,2,0,0,0,0,-1,0,2.0000,-1,11,7,0,0,18,0,0,0,0
73.22173,1,0,2,0,0,0,0,-1,0,2.0000,-1,11,7,0,0,18,0,0,0,0
73.24407,1,0,2,0,0,0,0,-1,0,2.0000,-1,11,7,0,0,18,0,0,0,0
73.26157,1,0,2,0,0,0,0,-1,0,2.0000,-1,11,7,0,0,18,0,0,0,0
73.27972,1,0,2,0,0,0,0,-1,0,2.0000,-1,11,7,0,0,18,0,0,0,0
73.30206,1,0,2,0,0,0,0,-1,0,2.0000,-1,11,7,0,0,18,0,0,0,0
73.32023,1,0,2,0,0,0,0,-1,0,2.0000,-1,11,7,0,0,18,0,0,0,0
73.33968,1,0,2,0,0,0,0,-1,0,2.0000,-1,11,7,0,0,18,0,0,0,0
73.35678,1,0,2,0,0,0,0,-1,0,2.0000,-1,11,7,0,0,18,0,0,0,0
73.3788,1,0,2,0,0,0,0,-1,0,2.0000,-1,11,7,0,0,18,0,0,0,0
73.39763,1,0,2,0,0,0,0,-1,0,2.0000,-1,11,7,0,0,18,0,0,0,0
73.41746,1,0,2,0,0,0,0,-1,0,2.0000,-1,11,7,0,0,18,0,0,0,0
73.43433,1,0,2,0,0,0,0,-1,0,2.0000,-1,11,7,0,0,18,0,0,0,0
73.45535,1,0,2,0,0,0,0,-1,0,2.0000,-1,11,7,0,0,18,0,0,0,0
73.49139,1,0,2,0,0,0,0,-1,0,2.0000,-1,11,7,0,0,18,0,0,0,0
73.50629,1,0,2,0,0,0,0,-1,0,2.0000,-1,11,7,0,0,18,0,0,0,0
73.51933,1,0,2,0,0,0,0,-1,0,2.0000,-1,11,7,0,0,18,0,0,0,0
73.53365,1,0,2,0,0,0,0,-1,0,2.0000,-1,11,7,0,0,18,0,0,0,0
73.55649,1,0,2,0,0,0,0,-1,0,2.0000,-1,11,7,0,0,18,0,0,0,0
73.57516,1,0,2,0,0,0,0,-1,0,2.0000,-1,11,7,0,0,18,0,0,0,0
73.59377,1,0,2,0,0,0,0,-1,0,1.0000,-1,11,7,0,0,18,0,0,0,0
73.61238,1,0,2,0,0,0,0,-1,0,1.0000,-1,11,7,0,0,18,0,0,0,0
73.63158,1,0,2,0,0,0,0,-1,1,2.0000,-1,11,7,0,0,18,0,0,0,0
73.65178,1,0,2,0,0,0,0,-1,0,2.0000,-1,11,7,0,0,18,0,0,0,0
73.66867,1,0,2,0,0,0,0,-1,0,2.0000,-1,11,7,0,0,18,0,0,0,0
73.68945,1,0,2,0,0,0,0,-1,0,2.0000,-1,11,7,0,0,18,0,0,0,0
73.71153,1,0,2,0,0,0,0,-1,0,2.0000,-1,11,7,0,0,18,0,0,0,0
73.73031,1,0,2,0,0,0,0,-1,0,2.0000,-1,11,7,0,0,18,0,0,0,0
73.7467,1,0,2,0,0,0,0,-1,0,2.0000,-1,11,7,0,0,18,0,0,0,0
73.7683,1,0,2,0,0,0,0,-1,0,2.0000,-1,11,7,0,0,18,0,0,0,0
73.78923,1,0,2,0,0,0,0,-1,0,2.0000,-1,11,7,0,0,18,0,0,0,0
73.80805,1,0,2,0,0,0,0,-1,0,2.0000,-1,11,7,0,0,18,0,0,0,0
73.82814,1,0,2,0,0,0,0,-1,0,2.0000,-1,11,7,0,0,18,0,0,0,0
73.84666,1,0,2,0,0,0,0,-1,0,2.0000,-1,11,7,0,0,18,0,0,0,0
73.86551,1,0,2,0,0,0,0,-1,0,2.0000,-1,11,7,0,0,18,0,0,0,0
73.88652,1,0,2,0,0,0,0,-1,0,2.0000,-1,11,7,0,0,18,0,0,0,0
73.92233,1,0,2,0,0,0,0,-1,0,2.0000,-1,11,7,0,0,18,0,0,0,0
73.93888,1,0,2,0,0,0,0,-1,0,2.0000,-1,11,7,0,0,18,0,0,0,0
73.95375,1,0,2,1,0,0,1,74,0,2.0000,-1,11,7,0,0,18,0,0,0,0
73.97106,1,0,2,1,0,0,1,74,0,1.0000,-1,11,7,0,0,18,0,0,0,0
73.98777,1,0,2,1,0,0,1,74,0,1.0000,-1,11,7,0,0,18,0,0,0,0
74.00803,1,0,2,1,0,0,1,74,0,1.0000,-1,11,7,0,0,18,0,0,0,0
74.02731,1,0,2,1,0,0,1,74,0,1.0000,-1,11,7,0,0,18,0,0,0,0
74.04463,1,0,2,1,0,0,1,74,0,1.0000,-1,11,7,0,0,18,0,0,0,0
74.06568,1,0,2,0,0,0,1,74,0,1.0000,-1,11,7,0,0,18,0,0,0,0
74.08691,1,0,2,0,0,0,1,74,0,1.0000,-1,11,7,0,0,18,0,0,0,0
74.12324,1,0,2,0,0,0,1,74,0,1.0000,-1,11,7,0,0,18,0,0,0,0
74.14088,1,0,2,0,0,0,1,74,0,1.0000,-1,11,7,0,0,18,0,0,0,0
74.15789,1,0,2,0,0,0,1,74,0,1.0000,-1,11,7,0,0,18,0,0,0,0
74.17255,1,0,2,0,0,0,1,74,0,1.0000,-1,11,7,0,0,18,0,0,0,0
74.19017,1,0,2,0,0,0,1,74,1,2.0000,-1,11,7,0,0,18,0,0,0,0
74.21056,1,0,2,0,0,0,1,74,0,2.0000,-1,11,7,0,0,18,0,0,0,0
74.22897,1,0,2,0,0,0,1,74,0,2.0000,-1,11,7,0,0,18,0,0,0,0
74.2511,1,0,2,0,0,0,1,74,0,2.0000,-1,11,7,0,0,18,0,0,0,0
74.26877,1,0,2,0,0,0,1,74,0,2.0000,-1,11,7,0,0,18,0,0,0,0
74.29076,1,0,2,0,0,0,1,74,0,2.0000,-1,11,7,0,0,18,0,0,0,0
74.3112,1,0,2,0,0,0,1,74,0,2.0000,-1,11,7,0,0,18,0,0,0,0
74.33008,1,0,2,0,0,0,1,74,0,2.0000,-1,11,7,0,0,18,0,0,0,0
74.35039,1,0,2,0,0,0,0,-1,1,3.0000,74,12,7,0,0,19,0,0,0,0
74.36987,1,0,2,0,0,0,0,-1,0,3.0000,-1,12,7,0,0,19,0,0,0,0
74.39076,1,0,2,0,0,0,0,-1,0,3.0000,-1,12,7,0,0,19,0,0,0,0
74.41134,1,0,2,0,0,0,0,-1,0,3.0000,-1,12,7,0,0,19,0,0,0,0
74.43061,1,0,2,0,0,0,0,-1,0,3.0000,-1,12,7,0,0,19,0,0,0,0
74.45087,1,0,2,0,0,0,0,-1,0,3.0000,-1,12,7,0,0,19,0,0,0,0
74.46789,1,0,2,0,0,0,0,-1,0,3.0000,-1,12,7,0,0,19,0,0,0,0
74.49107,1,0,2,0,0,0,0,-1,0,3.0000,-1,12,7,0,0,19,0,0,0,0
74.52802,1,0,2,0,0,0,0,-1,0,3.0000,-1,12,7,0,0,19,0,0,0,0
74.54677,1,0,2,0,0,0,0,-1,0,3.0000,-1,12,7,0,0,19,0,0,0,0
74.56322,1,0,2,0,0,0,0,-1,0,3.0000,-1,12,7,0,0,19,0,0,0,0
74.57973,1,0,2,0,0,0,0,-1,0,3.0000,-1,12,7,0,0,19,0,0,0,0
74.59605,1,0,2,0,0,0,0,-1,0,3.0000,-1,12,7,0,0,19,0,0,0,0
74.61465,1,0,2,0,0,0,0,-1,0,3.0000,-1,12,7,0,0,19,0,0,0,0
74.6321,1,0,2,0,0,0,0,-1,0,2.0000,-1,12,7,0,0,19,0,0,0,0
74.65488,1,0,2,0,1,0,0,-1,0,2.0000,-1,12,7,0,0,19,0,0,0,0
74.67451,1,0,2,0,1,0,0,-1,0,2.0000,-1,12,7,0,0,19,0,0,0,0
74.69411,1,0,2,0,1,0,0,-1,0,2.0000,-1,12,7,0,0,19,0,0,0,0
74.71121,1,0,2,0,1,0,0,-1,0,2.0000,-1,12,7,0,0,19,0,0,0,0
74.73454,1,0,2,0,1,0,0,-1,0,2.0000,-1,12,7,0,0,19,0,0,0,0
74.75457,1,0,2,0,1,0,0,-1,0,2.0000,-1,12,7,0,0,19,0,0,0,0
74.77337,1,0,2,0,1,0,0,-1,0,2.0000,-1,12,7,0,0,19,0,0,0,0
74.79276,1,0,2,0,1,0,0,-1,0,2.0000,-1,12,7,0,0,19,0,0,0,0
74.81087,1,0,2,0,1,0,0,-1,0,2.0000,-1,12,7,0,0,19,0,0,0,0
74.83278,1,0,2,0,1,0,0,-1,0,2.0000,-1,12,7,0,0,19,0,0,0,0
74.85289,1,0,2,0,1,0,0,-1,0,2.0000,-1,12,7,0,0,19,0,0,0,0
74.87305,1,0,2,0,1,0,0,-1,0,2.0000,-1,12,7,0,0,19,0,0,0,0
74.89056,1,0,2,0,1,0,0,-1,0,2.0000,-1,12,7,0,0,19,0,0,0,0
74.9127,1,0,2,0,1,0,0,-1,0,2.0000,-1,12,7,0,0,19,0,0,0,0
74.93233,1,0,2,0,1,0,0,-1,0,2.0000,-1,12,7,0,0,19,0,0,0,0
74.95013,1,0,2,0,1,0,0,-1,0,2.0000,-1,12,7,0,0,19,0,0,0,0
74.97258,1,0,2,0,1,0,0,-1,0,2.0000,-1,12,7,0,0,19,0,0,0,0
74.99012,1,0,2,0,1,0,0,-1,0,2.0000,-1,12,7,0,0,19,0,0,0,0
75.01397,1,0,2,0,1,0,0,-1,0,2.0000,-1,12,7,0,0,19,0,0,0,0
75.03488,1,0,2,0,1,0,0,-1,0,2.0000,-1,12,7,0,0,19,0,0,0,0
75.05484,1,0,2,0,1,0,0,-1,0,2.0000,-1,12,7,0,0,19,0,0,0,0
75.07715,1,0,2,0,1,0,0,-1,0,2.0000,-1,12,7,0,0,19,0,0,0,0
75.09777,1,0,2,0,1,0,0,-1,0,2.0000,-1,12,7,0,0,19,0,0,0,0
75.11739,1,0,2,0,1,0,0,-1,0,2.0000,-1,12,7,0,0,19,0,0,0,0
75.16158,1,0,2,0,1,0,0,-1,0,2.0000,-1,12,7,0,0,19,0,0,0,0
75.17944,1,0,2,0,1,0,0,-1,0,2.0000,-1,12,7,0,0,19,0,0,0,0
75.19292,1,0,2,0,1,0,0,-1,0,1.0000,-1,12,7,0,0,19,0,0,0,0
75.21263,1,0,2,0,1,0,0,-1,0,1.0000,-1,12,7,0,0,19,0,0,0,0
75.23699,1,0,2,0,1,0,0,-1,0,1.0000,-1,12,7,0,0,19,0,0,0,0
75.26056,1,0,2,0,1,0,1,77,0,1.0000,-1,12,7,0,0,19,0,0,0,0
75.28249,1,0,2,0,1,0,1,77,0,1.0000,-1,12,7,0,0,19,0,0,0,0
75.30618,1,0,2,0,1,0,1,77,0,1.0000,-1,12,7,0,0,19,0,0,0,0
75.33089,1,0,2,0,1,0,1,77,0,1.0000,-1,12,7,0,0,19,0,0,0,0
75.35239,1,0,2,0,1,0,1,77,0,0.0000,-1,12,7,0,0,19,0,0,0,0
75.37836,1,0,2,0,1,0,1,77,0,0.0000,-1,12,7,0,0,19,0,0,0,0
75.40168,1,0,2,0,1,0,1,77,0,0.0000,-1,12,7,0,0,19,0,0,0,0
75.42699,1,0,2,0,1,0,1,77,0,0.0000,-1,12,7,0,0,19,0,0,0,0
75.45135,1,0,2,0,1,0,1,77,0,0.0000,-1,12,7,0,0,19,0,0,0,0
75.47667,1,0,2,0,1,0,1,77,0,0.0000,-1,12,7,0,0,19,0,0,0,0
75.50246,1,0,2,0,1,0,1,77,0,0.0000,-1,12,7,0,0,19,0,0,0,0
75.52647,1,0,2,0,1,0,1,77,0,0.0000,-1,12,7,0,0,19,0,0,0,0
75.55198,1,0,2,0,1,0,1,77,0,0.0000,-1,12,7,0,0,19,0,0,0,0
75.59879,1,0,2,0,1,0,1,77,0,0.0000,-1,12,7,0,0,19,0,0,0,0
75.61308,1,0,2,0,1,0,1,77,0,0.0000,-1,12,7,0,0,19,0,0,0,0
75.62834,1,0,2,0,1,0,1,77,1,1.0000,-1,12,7,0,0,19,0,0,0,0
75.65326,3,1,3,0,0,0,1,77,0,1.0000,-1,12,7,0,0,19,0,0,0,0
75.67945,3,0,3,0,0,0,0,-1,1,2.0000,-1,12,7,0,0,19,0,0,0,0
75.70424,3,0,3,0,0,0,0,-1,0,2.0000,-1,12,7,0,0,19,0,0,0,0
75.72718,3,0,3,0,0,0,0,-1,0,2.0000,-1,12,7,0,0,19,0,0,0,0
75.75117,3,0,3,0,0,0,0,-1,0,2.0000,-1,12,7,0,0,19,0,0,0,0
75.77509,3,0,3,0,0,0,0,-1,0,2.0000,-1,12,7,0,0,19,0,0,0,0
75.82146,3,0,3,0,0,0,0,-1,0,2.0000,-1,12,7,0,0,19,0,0,0,0
75.83512,3,0,3,0,0,0,0,-1,0,2.0000,-1,12,7,0,0,19,0,0,0,0
75.85158,3,0,3,0,0,0,0,-1,0,2.0000,77,12,7,1,0,20,0,0,0,0
75.87744,3,0,3,0,0,0,0,-1,0,2.0000,-1,12,7,1,0,20,0,0,0,0
75.90195,3,0,3,0,0,0,0,-1,1,3.0000,-1,12,7,1,0,20,0,0,0,0
75.92623,3,0,3,0,0,0,0,-1,0,3.0000,-1,12,7,1,0,20,0,0,0,0
75.95228,3,0,3,0,0,0,0,-1,0,3.0000,-1,12,7,1,0,20,0,0,0,0
75.97736,3,0,3,0,0,0,0,-1,0,3.0000,-1,12,7,1,0,20,0,0,0,0
76.02136,3,0,3,0,0,0,0,-1,0,3.0000,-1,12,7,1,0,20,0,0,0,0
76.03517,3,0,3,0,0,0,0,-1,0,3.0000,-1,12,7,1,0,20,0,0,0,0
76.05141,3,0,3,0,0,0,0,-1,0,3.0000,-1,12,7,1,0,20,0,0,0,0
76.07761,3,0,3,0,0,0,0,-1,0,3.0000,-1,12,7,1,0,20,0,0,0,0
76.10231,3,0,3,0,0,0,0,-1,0,3.0000,-1,12,7,1,0,20,0,0,0,0
76.12673,3,0,3,0,0,0,0,-1,0,3.0000,-1,12,7,1,0,20,0,0,0,0
76.15215,3,0,3,0,0,0,0,-1,0,3.0000,-1,12,7,1,0,20,0,0,0,0
76.17618,3,0,3,0,0,0,0,-1,1,4.0000,-1,12,7,1,0,20,0,0,0,0
76.20252,3,0,3,0,0,0,0,-1,0,4.0000,-1,12,7,1,0,20,0,0,0,0
76.22594,3,0,3,0,0,0,0,-1,0,4.0000,-1,12,7,1,0,20,0,0,0,0
76.2483,3,0,3,0,0,0,0,-1,0,4.0000,-1,12,7,1,0,20,0,0,0,0
76.27353,3,0,3,0,0,0,0,-1,0,4.0000,-1,12,7,1,0,20,0,0,0,0
76.29742,3,0,3,0,0,0,0,-1,0,4.0000,-1,12,7,1,0,20,0,0,0,0
76.32257,3,0,3,0,0,0,0,-1,0,4.0000,-1,12,7,1,0,20,0,0,0,0
76.34627,3,0,3,0,0,0,0,-1,0,4.0000,-1,12,7,1,0,20,0,0,0,0
76.37049,3,0,3,0,0,0,0,-1,0,4.0000,-1,12,7,1,0,20,0,0,0,0
76.39423,3,0,3,0,0,0,0,-1,0,4.0000,-1,12,7,1,0,20,0,0,0,0
76.4201,3,0,3,0,0,0,0,-1,0,4.0000,-1,12,7,1,0,20,0,0,0,0
76.46384,3,0,3,0,0,0,0,-1,0,4.0000,-1,12,7,1,0,20,0,0,0,0
76.47686,3,0,3,0,0,0,0,-1,0,4.0000,-1,12,7,1,0,20,0,0,0,0
76.49368,3,0,3,0,0,0,0,-1,0,4.0000,-1,12,7,1,0,20,0,0,0,0
76.5185,3,0,3,0,0,0,0,-1,0,4.0000,-1,12,7,1,0,20,0,0,0,0
76.54446,3,0,3,0,0,0,0,-1,0,4.0000,-1,12,7,1,0,20,0,0,0,0
76.56815,3,0,3,0,0,0,0,-1,0,4.0000,-1,12,7,1,0,20,0,0,0,0
76.59246,3,0,3,0,0,0,0,-1,0,4.0000,-1,12,7,1,0,20,0,0,0,0
76.61636,3,0,3,0,0,0,0,-1,0,4.0000,-1,12,7,1,0,20,0,0,0,0
76.64055,3,0,3,0,0,0,0,-1,0,3.0000,-1,12,7,1,0,20,0,0,0,0
76.66578,3,0,3,0,0,0,0,-1,0,3.0000,-1,12,7,1,0,20,0,0,0,0
76.68998,3,0,3,0,0,0,0,-1,0,2.0000,-1,12,7,1,0,20,0,0,0,0
76.71498,3,0,3,0,0,0,0,-1,0,2.0000,-1,12,7,1,0,20,0,0,0,0
76.73901,3,0,3,0,0,0,0,-1,0,2.0000,-1,12,7,1,0,20,0,0,0,0
76.76212,3,0,3,0,0,0,0,-1,0,2.0000,-1,12,7,1,0,20,0,0,0,0
76.78761,3,0,3,0,0,0,0,-1,0,2.0000,-1,12,7,1,0,20,0,0,0,0
76.81111,3,0,3,0,0,0,0,-1,0,2.0000,-1,12,7,1,0,20,0,0,0,0
76.8368,3,0,3,0,0,0,0,-1,0,2.0000,-1,12,7,1,0,20,0,0,0,0
76.86025,3,0,3,0,0,0,0,-1,0,2.0000,-1,12,7,1,0,20,0,0,0,0
76.90623,3,0,3,0,0,0,0,-1,0,1.0000,-1,12,7,1,0,20,0,0,0,0
76.91912,3,0,3,0,0,0,0,-1,0,1.0000,-1,12,7,1,0,20,0,0,0,0
76.93623,3,0,3,0,0,0,0,-1,0,1.0000,-1,12,7,1,0,20,0,0,0,0
76.96079,3,0,3,0,0,0,0,-1,0,1.0000,-1,12,7,1,0,20,0,0,0,0
76.98502,3,0,3,0,0,0,0,-1,0,1.0000,-1,12,7,1,0,20,0,0,0,0
77.00948,3,0,3,0,0,0,0,-1,0,1.0000,-1,12,7,1,0,20,0,0,0,0
77.03519,3,0,3,0,0,0,0,-1,0,1.0000,-1,12,7,1,0,20,0,0,0,0
77.05943,3,0,3,0,0,0,0,-1,0,1.0000,-1,12,7,1,0,20,0,0,0,0
77.08447,3,0,3,0,0,0,0,-1,0,1.0000,-1,12,7,1,0,20,0,0,0,0
77.13116,3,0,3,0,0,0,0,-1,0,1.0000,-1,12,7,1,0,20,0,0,0,0
77.14365,3,0,3,0,0,0,0,-1,0,1.0000,-1,12,7,1,0,20,0,0,0,0
77.16111,3,0,3,0,0,0,1,84,0,1.0000,-1,12,7,1,0,20,0,0,0,0
77.18631,3,0,3,0,0,0,1,84,0,0.0000,-1,12,7,1,0,20,0,0,0,0
77.21104,3,0,3,0,0,0,1,84,0,0.0000,-1,12,7,1,0,20,0,0,0,0
77.23695,3,0,3,0,0,0,1,84,0,0.0000,-1,12,7,1,0,20,0,0,0,0
77.26128,3,0,3,0,0,0,1,84,0,0.0000,-1,12,7,1,0,20,0,0,0,0
77.28582,3,0,3,0,0,0,1,84,0,0.0000,-1,12,7,1,0,20,0,0,0,0
77.31023,3,0,3,0,0,0,1,84,0,0.0000,-1,12,7,1,0,20,0,0,0,0
77.3354,3,0,3,0,0,0,1,84,0,0.0000,-1,12,7,1,0,20,0,0,0,0
77.35983,3,0,3,0,0,0,1,84,0,0.0000,-1,12,7,1,0,20,0,0,0,0
77.3863,3,0,3,0,0,0,1,84,0,0.0000,-1,12,7,1,0,20,0,0,0,0
77.40778,3,0,3,0,0,0,1,84,0,0.0000,-1,12,7,1,0,20,0,0,0,0
77.43504,3,0,3,0,0,0,1,84,0,0.0000,-1,12,7,1,0,20,0,0,0,0
77.46007,3,0,3,0,0,0,1,84,0,0.0000,-1,12,7,1,0,20,0,0,0,0
77.48492,3,0,3,0,0,0,1,84,0,0.0000,-1,12,7,1,0,20,0,0,0,0
77.50858,3,0,3,0,0,0,1,84,0,0.0000,-1,12,7,1,0,20,0,0,0,0
77.53292,3,0,3,0,0,0,1,84,0,0.0000,-1,12,7,1,0,20,0,0,0,0
77.55705,3,0,3,0,0,0,1,84,0,0.0000,-1,12,7,1,0,20,0,0,0,0
77.5799,3,0,3,0,0,0,1,84,0,0.0000,-1,12,7,1,0,20,0,0,0,0
77.60672,3,0,3,0,0,0,1,84,0,0.0000,-1,12,7,1,0,20,0,0,0,0
77.63113,3,0,3,0,0,0,1,84,0,0.0000,-1,12,7,1,0,20,0,0,0,0
77.65466,3,0,3,0,0,0,1,84,0,0.0000,-1,12,7,1,0,20,0,0,0,0
77.67818,3,0,3,0,0,0,1,84,1,1.0000,-1,12,7,1,0,20,0,0,0,0
77.70345,3,0,3,0,0,0,1,84,0,1.0000,-1,12,7,1,0,20,0,0,0,0
77.72836,3,0,3,0,0,0,1,84,0,1.0000,-1,12,7,1,0,20,0,0,0,0
77.75198,3,0,3,0,0,0,1,84,0,1.0000,-1,12,7,1,0,20,0,0,0,0
77.77755,3,0,3,0,0,0,1,84,0,1.0000,-1,12,7,1,0,20,0,0,0,0
77.8009,3,0,3,0,0,0,1,84,0,1.0000,-1,12,7,1,0,20,0,0,0,0
77.82526,3,0,3,0,0,0,0,-1,0,1.0000,84,12,7,2,0,21,0,0,0,0
77.85116,3,0,3,0,0,0,0,-1,0,1.0000,-1,12,7,2,0,21,0,0,0,0
77.87411,3,0,3,0,0,0,0,-1,0,1.0000,-1,12,7,2,0,21,0,0,0,0
77.90049,3,0,3,0,0,0,0,-1,0,1.0000,-1,12,7,2,0,21,0,0,0,0
77.92403,3,0,3,0,0,0,0,-1,0,1.0000,-1,12,7,2,0,21,0,0,0,0
77.94764,3,0,3,0,0,0,0,-1,0,1.0000,-1,12,7,2,0,21,0,0,0,0
77.99483,3,0,3,0,0,0,0,-1,0,1.0000,-1,12,7,2,0,21,0,0,0,0
78.01143,3,0,3,0,0,0,0,-1,0,1.0000,-1,12,7,2,0,21,0,0,0,0
78.02625,3,0,3,0,0,0,0,-1,0,1.0000,-1,12,7,2,0,21,0,0,0,0
78.05108,3,0,3,0,0,0,0,-1,0,1.0000,-1,12,7,2,0,21,0,0,0,0
78.07513,3,0,3,0,0,0,0,-1,0,1.0000,-1,12,7,2,0,21,0,0,0,0
78.10001,3,0,3,0,0,0,0,-1,0,1.0000,-1,12,7,2,0,21,0,0,0,0
78.12505,3,0,3,0,0,0,0,-1,0,1.0000,-1,12,7,2,0,21,0,0,0,0
78.14912,3,0,3,0,0,0,0,-1,0,1.0000,-1,12,7,2,0,21,0,0,0,0
78.17385,3,0,3,0,0,0,0,-1,0,1.0000,-1,12,7,2,0,21,0,0,0,0
78.19923,3,0,3,0,0,0,0,-1,0,1.0000,-1,12,7,2,0,21,0,0,0,0
78.22469,3,0,3,0,0,0,0,-1,0,1.0000,-1,12,7,2,0,21,0,0,0,0
78.24862,3,0,3,0,0,0,0,-1,0,1.0000,-1,12,7,2,0,21,0,0,0,0
78.27477,3,0,3,0,0,0,0,-1,0,1.0000,-1,12,7,2,0,21,0,0,0,0
78.29972,3,0,3,0,0,0,0,-1,0,1.0000,-1,12,7,2,0,21,0,0,0,0
78.32552,3,0,3,0,0,0,0,-1,0,1.0000,-1,12,7,2,0,21,0,0,0,0
78.35076,3,0,3,0,0,0,0,-1,0,1.0000,-1,12,7,2,0,21,0,0,0,0
78.39638,3,0,3,0,0,0,0,-1,0,1.0000,-1,12,7,2,0,21,0,0,0,0
78.40982,3,0,3,0,0,0,0,-1,0,1.0000,-1,12,7,2,0,21,0,0,0,0
78.42738,3,0,3,0,0,0,0,-1,0,1.0000,-1,12,7,2,0,21,0,0,0,0
78.4527,3,0,3,0,0,0,0,-1,0,1.0000,-1,12,7,2,0,21,0,0,0,0
78.47832,3,0,3,0,0,0,0,-1,0,1.0000,-1,12,7,2,0,21,0,0,0,0
78.5036,3,0,3,0,0,0,0,-1,0,1.0000,-1,12,7,2,0,21,0,0,0,0
78.52901,3,0,3,0,0,0,0,-1,0,1.0000,-1,12,7,2,0,21,0,0,0,0
78.55643,3,0,3,0,0,0,0,-1,0,1.0000,-1,12,7,2,0,21,0,0,0,0
78.60295,3,0,3,0,0,0,0,-1,0,1.0000,-1,12,7,2,0,21,0,0,0,0
78.6177,3,0,3,0,0,0,0,-1,0,1.0000,-1,12,7,2,0,21,0,0,0,0
78.63554,3,0,3,0,0,0,0,-1,0,1.0000,-1,12,7,2,0,21,0,0,0,0
78.66157,3,0,3,0,0,0,0,-1,0,1.0000,-1,12,7,2,0,21,0,0,0,0
78.6869,3,0,3,1,0,0,0,-1,0,0.0000,-1,12,7,2,0,21,0,0,0,0
78.71457,3,0,3,1,0,0,0,-1,0,0.0000,-1,12,7,2,0,21,0,0,0,0
78.74021,3,0,3,1,0,0,0,-1,0,0.0000,-1,12,7,2,0,21,0,0,0,0
78.76515,3,0,3,1,0,0,0,-1,0,0.0000,-1,12,7,2,0,21,0,0,0,0
78.81158,3,0,3,1,0,0,0,-1,0,0.0000,-1,12,7,2,0,21,0,0,0,0
78.82626,3,0,3,1,0,0,0,-1,0,0.0000,-1,12,7,2,0,21,0,0,0,0
78.84309,3,0,3,1,0,0,0,-1,1,1.0000,-1,12,7,2,0,21,0,0,0,0
78.86903,3,0,3,1,0,0,0,-1,0,1.0000,-1,12,7,2,0,21,0,0,0,0
78.89413,3,0,3,1,0,0,0,-1,0,1.0000,-1,12,7,2,0,21,0,0,0,0
78.92012,3,0,3,1,0,0,0,-1,0,1.0000,-1,12,7,2,0,21,0,0,0,0
78.94564,3,0,3,1,0,0,0,-1,0,1.0000,-1,12,7,2,0,21,0,0,0,0
78.97088,3,0,3,1,0,0,0,-1,0,1.0000,-1,12,7,2,0,21,0,0,0,0
78.99497,3,0,3,1,0,0,0,-1,0,1.0000,-1,12,7,2,0,21,0,0,0,0
79.02172,3,0,3,1,0,0,0,-1,0,1.0000,-1,12,7,2,0,21,0,0,0,0
79.04571,3,0,3,1,0,0,0,-1,0,1.0000,-1,12,7,2,0,21,0,0,0,0
79.07092,3,0,3,1,0,0,0,-1,0,1.0000,-1,12,7,2,0,21,0,0,0,0
79.0959,3,0,3,1,0,0,0,-1,0,1.0000,-1,12,7,2,0,21,0,0,0,0
79.12171,3,0,3,1,0,0,0,-1,0,1.0000,-1,12,7,2,0,21,0,0,0,0
79.14622,3,0,3,1,0,0,0,-1,0,1.0000,-1,12,7,2,0,21,0,0,0,0
79.17177,3,0,3,1,0,0,0,-1,0,1.0000,-1,12,7,2,0,21,0,0,0,0
79.19548,3,0,3,1,0,0,0,-1,0,1.0000,-1,12,7,2,0,21,0,0,0,0
79.22033,3,0,3,1,0,0,0,-1,0,1.0000,-1,12,7,2,0,21,0,0,0,0
79.24419,3,0,3,1,0,0,0,-1,0,1.0000,-1,12,7,2,0,21,0,0,0,0
79.26822,3,0,3,1,0,0,0,-1,0,1.0000,-1,12,7,2,0,21,0,0,0,0
79.29085,3,0,3,1,0,0,0,-1,0,1.0000,-1,12,7,2,0,21,0,0,0,0
79.3155,3,0,3,1,0,0,0,-1,0,1.0000,-1,12,7,2,0,21,0,0,0,0
79.33607,3,0,3,1,0,0,0,-1,0,1.0000,-1,12,7,2,0,21,0,0,0,0
79.35878,3,0,3,1,0,0,0,-1,0,1.0000,-1,12,7,2,0,21,0,0,0,0
79.38379,3,0,3,1,0,0,0,-1,0,1.0000,-1,12,7,2,0,21,0,0,0,0
79.40369,3,0,3,1,0,0,0,-1,0,1.0000,-1,12,7,2,0,21,0,0,0,0
79.42485,3,0,3,1,0,0,0,-1,0,1.0000,-1,12,7,2,0,21,0,0,0,0
79.44746,3,0,3,1,0,0,0,-1,0,1.0000,-1,12,7,2,0,21,0,0,0,0
79.46812,3,0,3,1,1,0,0,-1,0,1.0000,-1,12,7,2,0,21,0,0,0,0
79.48951,3,0,3,1,1,0,0,-1,0,1.0000,-1,12,7,2,0,21,0,0,0,0
79.51069,3,0,3,1,1,0,0,-1,0,1.0000,-1,12,7,2,0,21,0,0,0,0
79.53107,3,0,3,1,1,0,0,-1,0,1.0000,-1,12,7,2,0,21,0,0,0,0
79.55117,3,0,3,1,1,0,0,-1,0,1.0000,-1,12,7,2,0,21,0,0,0,0
79.56926,3,0,3,1,1,0,0,-1,0,1.0000,-1,12,7,2,0,21,0,0,0,0
79.58879,3,0,3,1,1,0,0,-1,0,1.0000,-1,12,7,2,0,21,0,0,0,0
79.61198,3,0,3,1,1,0,0,-1,0,1.0000,-1,12,7,2,0,21,0,0,0,0
79.63241,3,0,3,1,1,0,0,-1,0,1.0000,-1,12,7,2,0,21,0,0,0,0
79.65218,3,0,3,1,1,0,0,-1,0,1.0000,-1,12,7,2,0,21,0,0,0,0
79.67264,3,0,3,1,1,0,0,-1,0,1.0000,-1,12,7,2,0,21,0,0,0,0
79.69059,3,0,3,1,1,0,0,-1,0,1.0000,-1,12,7,2,0,21,0,0,0,0
79.7121,3,0,3,1,1,0,1,88,0,1.0000,-1,12,7,2,0,21,0,0,0,0
79.73475,3,0,3,1,1,0,1,88,0,1.0000,-1,12,7,2,0,21,0,0,0,0
79.75757,3,0,3,1,1,0,1,88,0,1.0000,-1,12,7,2,0,21,0,0,0,0
79.77758,3,0,3,1,1,0,1,88,0,1.0000,-1,12,7,2,0,21,0,0,0,0
79.79753,3,0,3,1,1,0,1,88,0,1.0000,-1,12,7,2,0,21,0,0,0,0
79.81813,3,0,3,1,1,0,1,88,0,1.0000,-1,12,7,2,0,21,0,0,0,0
79.83692,3,0,3,1,1,0,1,88,0,1.0000,-1,12,7,2,0,21,0,0,0,0
79.85917,3,0,3,1,1,0,1,88,0,0.0000,-1,12,7,2,0,21,0,0,0,0
79.88026,3,0,3,1,1,0,1,88,0,0.0000,-1,12,7,2,0,21,0,0,0,0
79.90115,3,0,3,1,1,0,1,88,0,0.0000,-1,12,7,2,0,21,0,0,0,0
79.92183,3,0,3,1,1,0,1,88,0,0.0000,-1,12,7,2,0,21,0,0,0,0
79.94256,3,0,3,1,1,0,1,88,0,0.0000,-1,12,7,2,0,21,0,0,0,0
79.96352,3,0,3,1,1,0,1,88,1,1.0000,-1,12,7,2,0,21,0,0,0,0
79.98176,3,0,3,1,1,0,0,-1,0,1.0000,-1,12,7,2,0,21,0,0,0,0
80.00381,3,0,3,1,1,0,0,-1,0,1.0000,-1,12,7,2,0,21,0,0,0,0
80.04533,3,0,3,1,0,0,0,-1,0,1.0000,88,12,7,3,0,22,0,0,0,0
80.06727,3,0,3,1,0,0,0,-1,0,1.0000,-1,12,7,3,0,22,0,0,0,0
80.08035,3,0,3,1,0,0,0,-1,0,1.0000,-1,12,7,3,0,22,0,0,0,0
80.09527,3,0,3,1,0,0,0,-1,0,1.0000,-1,12,7,3,0,22,0,0,0,0
80.11707,3,0,3,1,0,0,0,-1,0,1.0000,-1,12,7,3,0,22,0,0,0,0
80.14253,3,0,3,1,0,0,0,-1,0,1.0000,-1,12,7,3,0,22,0,0,0,0
80.16087,3,0,3,1,0,0,0,-1,0,1.0000,-1,12,7,3,0,22,0,0,0,0
80.18287,3,0,3,1,0,0,0,-1,0,1.0000,-1,12,7,3,0,22,0,0,0,0
80.2059,3,0,3,1,0,0,0,-1,0,1.0000,-1,12,7,3,0,22,0,0,0,0
80.24779,3,0,3,1,0,0,0,-1,0,1.0000,-1,12,7,3,0,22,0,0,0,0
80.26697,3,0,3,1,0,0,0,-1,0,1.0000,-1,12,7,3,0,22,0,0,0,0
80.2832,3,0,3,0,0,0,0,-1,0,1.0000,86,12,7,4,0,23,0,0,0,0
80.30292,3,0,3,0,0,0,0,-1,0,1.0000,-1,12,7,4,0,23,0,0,0,0
80.31988,3,0,3,0,0,0,0,-1,0,1.0000,-1,12,7,4,0,23,0,0,0,0
80.34183,3,0,3,0,0,0,0,-1,0,1.0000,-1,12,7,4,0,23,0,0,0,0
80.36332,3,0,3,0,0,0,0,-1,0,1.0000,-1,12,7,4,0,23,0,0,0,0
80.38424,3,0,3,0,0,0,0,-1,0,1.0000,-1,12,7,4,0,23,0,0,0,0
80.40649,3,0,3,0,0,0,0,-1,0,1.0000,-1,12,7,4,0,23,0,0,0,0
80.44903,3,0,3,0,0,0,0,-1,0,1.0000,-1,12,7,4,0,23,0,0,0,0
80.46666,3,0,3,0,0,0,0,-1,0,1.0000,-1,12,7,4,0,23,0,0,0,0
80.48185,3,0,3,0,0,0,0,-1,0,1.0000,-1,12,7,4,0,23,0,0,0,0
80.49997,3,0,3,0,0,0,0,-1,0,1.0000,-1,12,7,4,0,23,0,0,0,0
80.51766,3,0,3,0,0,0,0,-1,0,1.0000,-1,12,7,4,0,23,0,0,0,0
80.54328,3,0,3,0,0,0,0,-1,0,1.0000,-1,12,7,4,0,23,0,0,0,0
80.5642,3,0,3,0,0,0,0,-1,0,1.0000,-1,12,7,4,0,23,0,0,0,0
80.58379,3,0,3,0,0,0,0,-1,0,1.0000,-1,12,7,4,0,23,0,0,0,0
80.60583,3,0,3,0,0,0,0,-1,0,1.0000,-1,12,7,4,0,23,0,0,0,0
80.6297,3,0,3,0,0,0,0,-1,0,1.0000,-1,12,7,4,0,23,0,0,0,0
80.66916,3,0,3,0,0,0,0,-1,0,1.0000,-1,12,7,4,0,23,0,0,0,0
80.68773,3,0,3,0,0,0,0,-1,0,1.0000,-1,12,7,4,0,23,0,0,0,0
80.7039,3,0,3,0,0,0,0,-1,0,1.0000,-1,12,7,4,0,23,0,0,0,0
80.71829,3,0,3,0,0,0,0,-1,0,1.0000,-1,12,7,4,0,23,0,0,0,0
80.73852,3,0,3,0,0,0,0,-1,0,1.0000,-1,12,7,4,0,23,0,0,0,0
80.75979,3,0,3,0,0,0,0,-1,0,1.0000,-1,12,7,4,0,23,0,0,0,0
80.78217,3,0,3,0,0,0,0,-1,0,1.0000,-1,12,7,4,0,23,0,0,0,0
80.80467,3,0,3,0,0,0,0,-1,0,1.0000,-1,12,7,4,0,23,0,0,0,0
80.82475,3,0,3,0,0,0,0,-1,0,1.0000,-1,12,7,4,0,23,0,0,0,0
80.84597,3,0,3,0,0,0,0,-1,0,1.0000,-1,12,7,4,0,23,0,0,0,0
80.86704,3,0,3,0,0,0,0,-1,0,1.0000,-1,12,7,4,0,23,0,0,0,0
80.88673,3,0,3,0,0,0,0,-1,0,1.0000,-1,12,7,4,0,23,0,0,0,0
80.90974,3,0,3,0,0,0,0,-1,0,1.0000,-1,12,7,4,0,23,0,0,0,0
80.93128,3,0,3,0,0,0,0,-1,0,1.0000,-1,12,7,4,0,23,0,0,0,0
80.952,3,0,3,0,0,0,0,-1,0,1.0000,-1,12,7,4,0,23,0,0,0,0
80.97425,3,0,3,0,0,0,0,-1,0,0.0000,-1,12,7,4,0,23,0,0,0,0
80.9949,3,0,3,0,0,0,0,-1,0,0.0000,-1,12,7,4,0,23,0,0,0,0
81.01518,3,0,3,0,0,0,0,-1,0,0.0000,-1,12,7,4,0,23,0,0,0,0
81.03864,3,0,3,0,0,0,0,-1,0,0.0000,-1,12,7,4,0,23,0,0,0,0
81.05691,3,0,3,0,0,0,0,-1,0,0.0000,-1,12,7,4,0,23,0,0,0,0
81.09925,3,0,3,0,0,0,0,-1,0,0.0000,-1,12,7,4,0,23,0,0,0,0
81.11461,3,0,3,0,0,0,0,-1,0,0.0000,-1,12,7,4,0,23,0,0,0,0
81.12862,3,0,3,0,0,0,0,-1,0,0.0000,-1,12,7,4,0,23,0,0,0,0
81.1486,3,0,3,0,0,0,0,-1,0,0.0000,-1,12,7,4,0,23,0,0,0,0
81.16936,3,0,3,0,0,0,0,-1,0,0.0000,-1,12,7,4,0,23,0,0,0,0
81.19273,3,0,3,0,0,0,0,-1,0,0.0000,-1,12,7,4,0,23,0,0,0,0
81.21297,3,0,3,0,0,0,0,-1,0,0.0000,-1,12,7,4,0,23,0,0,0,0
81.2338,3,0,3,0,0,0,0,-1,0,0.0000,-1,12,7,4,0,23,0,0,0,0
81.25423,3,0,3,0,0,0,0,-1,0,0.0000,-1,12,7,4,0,23,0,0,0,0
81.27612,3,0,3,0,0,0,0,-1,0,0.0000,-1,12,7,4,0,23,0,0,0,0
81.3161,3,0,3,0,0,0,0,-1,0,0.0000,-1,12,7,4,0,23,0,0,0,0
81.33554,3,0,3,0,0,0,0,-1,0,0.0000,-1,12,7,4,0,23,0,0,0,0
81.35299,3,0,3,0,0,0,0,-1,0,0.0000,-1,12,7,4,0,23,0,0,0,0
81.37087,3,0,3,0,0,0,0,-1,0,0.0000,-1,12,7,4,0,23,0,0,0,0
81.388,3,0,3,0,0,0,0,-1,0,0.0000,-1,12,7,4,0,23,0,0,0,0
81.40963,3,0,3,0,0,0,0,-1,0,0.0000,-1,12,7,4,0,23,0,0,0,0
81.42927,3,0,3,0,0,0,0,-1,1,1.0000,-1,12,7,4,0,23,0,0,0,0
81.44923,3,0,3,0,0,0,0,-1,0,1.0000,-1,12,7,4,0,23,0,0,0,0
81.4696,3,0,3,0,0,0,0,-1,0,1.0000,-1,12,7,4,0,23,0,0,0,0
81.49232,3,0,3,0,0,0,0,-1,0,1.0000,-1,12,7,4,0,23,0,0,0,0
81.53223,3,0,3,0,0,0,0,-1,0,1.0000,-1,12,7,4,0,23,0,0,0,0
81.55135,3,0,3,0,0,0,0,-1,0,1.0000,-1,12,7,4,0,23,0,0,0,0
81.56632,3,0,3,0,0,0,0,-1,0,1.0000,-1,12,7,4,0,23,0,0,0,0
81.5808,3,0,3,0,0,0,0,-1,0,1.0000,-1,12,7,4,0,23,0,0,0,0
81.60419,3,0,3,0,0,0,0,-1,0,1.0000,-1,12,7,4,0,23,0,0,0,0
81.62421,3,0,3,0,0,0,0,-1,0,1.0000,-1,12,7,4,0,23,0,0,0,0
81.6466,3,0,3,0,0,0,0,-1,0,1.0000,-1,12,7,4,0,23,0,0,0,0
81.66661,3,0,3,0,0,0,0,-1,0,1.0000,-1,12,7,4,0,23,0,0,0,0
81.68462,3,0,3,0,0,0,0,-1,0,1.0000,-1,12,7,4,0,23,0,0,0,0
81.70873,3,0,3,0,0,0,0,-1,0,1.0000,-1,12,7,4,0,23,0,0,0,0
81.72985,3,0,3,0,0,0,0,-1,0,1.0000,-1,12,7,4,0,23,0,0,0,0
81.75163,3,0,3,0,0,0,0,-1,0,1.0000,-1,12,7,4,0,23,0,0,0,0
81.77135,3,0,3,0,0,0,0,-1,0,1.0000,-1,12,7,4,0,23,0,0,0,0
81.79359,3,0,3,0,0,0,0,-1,0,1.0000,-1,12,7,4,0,23,0,0,0,0
81.81482,3,0,3,0,0,0,0,-1,0,1.0000,-1,12,7,4,0,23,0,0,0,0
81.83593,3,0,3,0,0,0,0,-1,0,1.0000,-1,12,7,4,0,23,0,0,0,0
81.85751,3,0,3,0,0,0,0,-1,0,1.0000,-1,12,7,4,0,23,0,0,0,0
81.87877,3,0,3,0,0,0,0,-1,0,1.0000,-1,12,7,4,0,23,0,0,0,0
81.90028,3,0,3,0,0,0,0,-1,0,1.0000,-1,12,7,4,0,23,0,0,0,0
81.92105,3,0,3,0,0,0,0,-1,0,1.0000,-1,12,7,4,0,23,0,0,0,0
81.94162,3,0,3,0,0,0,0,-1,1,2.0000,-1,12,7,4,0,23,0,0,0,0
81.96326,3,0,3,0,0,0,0,-1,0,2.0000,-1,12,7,4,0,23,0,0,0,0
81.98635,3,0,3,0,0,0,0,-1,0,2.0000,-1,12,7,4,0,23,0,0,0,0
82.00562,3,0,3,0,0,0,0,-1,0,2.0000,-1,12,7,4,0,23,0,0,0,0
82.02642,3,0,3,0,0,0,0,-1,0,2.0000,-1,12,7,4,0,23,0,0,0,0
82.05005,3,0,3,0,0,0,0,-1,0,2.0000,-1,12,7,4,0,23,0,0,0,0
82.07043,3,0,3,0,0,0,0,-1,0,2.0000,-1,12,7,4,0,23,0,0,0,0
82.09279,3,0,3,0,0,0,0,-1,0,2.0000,-1,12,7,4,0,23,0,0,0,0
82.11328,3,0,3,0,0,0,0,-1,0,2.0000,-1,12,7,4,0,23,0,0,0,0
82.13428,3,0,3,0,0,0,0,-1,0,2.0000,-1,12,7,4,0,23,0,0,0,0
82.15525,3,0,3,0,0,0,0,-1,0,2.0000,-1,12,7,4,0,23,0,0,0,0
82.17713,3,0,3,0,0,0,0,-1,0,2.0000,-1,12,7,4,0,23,0,0,0,0
82.19761,3,0,3,0,0,0,0,-1,0,2.0000,-1,12,7,4,0,23,0,0,0,0
82.21788,3,0,3,0,0,0,0,-1,0,2.0000,-1,12,7,4,0,23,0,0,0,0
82.23893,3,0,3,0,0,0,0,-1,0,2.0000,-1,12,7,4,0,23,0,0,0,0
82.26038,3,0,3,0,0,0,0,-1,0,2.0000,-1,12,7,4,0,23,0,0,0,0
82.28114,3,0,3,0,0,0,1,92,0,2.0000,-1,12,7,4,0,23,0,0,0,0
82.30436,3,0,3,0,0,0,1,92,0,2.0000,-1,12,7,4,0,23,0,0,0,0
82.32656,3,0,3,0,0,0,1,92,0,2.0000,-1,12,7,4,0,23,0,0,0,0
82.34838,3,0,3,0,0,0,1,92,0,2.0000,-1,12,7,4,0,23,0,0,0,0
82.37035,3,0,3,0,0,0,1,92,0,2.0000,-1,12,7,4,0,23,0,0,0,0
82.39177,3,0,3,0,0,0,1,92,0,2.0000,-1,12,7,4,0,23,0,0,0,0
82.41392,3,0,3,0,0,0,1,92,0,2.0000,-1,12,7,4,0,23,0,0,0,0
82.43449,3,0,3,0,0,0,1,92,0,1.0000,-1,12,7,4,0,23,0,0,0,0
82.4576,3,0,3,0,0,0,1,92,0,1.0000,-1,12,7,4,0,23,0,0,0,0
82.4781,3,0,3,0,0,0,1,92,0,1.0000,-1,12,7,4,0,23,0,0,0,0
82.49999,3,0,3,0,0,0,1,92,0,1.0000,-1,12,7,4,0,23,0,0,0,0
82.5212,3,0,3,0,0,0,1,92,0,1.0000,-1,12,7,4,0,23,0,0,0,0
82.54115,3,0,3,0,0,0,1,92,0,1.0000,-1,12,7,4,0,23,0,0,0,0
82.56454,3,0,3,0,0,0,1,92,0,1.0000,-1,12,7,4,0,23,0,0,0,0
82.58573,3,0,3,0,0,0,0,-1,1,2.0000,-1,12,7,4,0,23,0,0,0,0
82.60602,3,0,3,0,0,0,0,-1,1,3.0000,-1,12,7,4,0,23,0,0,0,0
82.62806,3,0,3,0,0,0,0,-1,0,3.0000,-1,12,7,4,0,23,0,0,0,0
82.64981,3,0,3,0,0,0,0,-1,0,3.0000,-1,12,7,4,0,23,0,0,0,0
82.67059,3,0,3,0,0,0,0,-1,0,3.0000,-1,12,7,4,0,23,0,0,0,0
82.69456,3,0,3,0,0,0,0,-1,0,3.0000,-1,12,7,4,0,23,0,0,0,0
82.71626,3,0,3,0,0,0,0,-1,0,3.0000,-1,12,7,4,0,23,0,0,0,0
82.73698,3,0,3,0,0,0,0,-1,0,3.0000,-1,12,7,4,0,23,0,0,0,0
82.75743,3,0,3,0,0,0,0,-1,0,3.0000,-1,12,7,4,0,23,0,0,0,0
82.77785,3,0,3,0,0,0,0,-1,0,3.0000,-1,12,7,4,0,23,0,0,0,0
82.80067,3,0,3,0,0,0,0,-1,0,3.0000,-1,12,7,4,0,23,0,0,0,0
82.8213,3,0,3,0,0,0,0,-1,0,3.0000,-1,12,7,4,0,23,0,0,0,0
82.84144,3,0,3,0,0,0,0,-1,0,3.0000,-1,12,7,4,0,23,0,0,0,0
82.86272,3,0,3,0,0,0,0,-1,0,3.0000,-1,12,7,4,0,23,0,0,0,0
82.882,3,0,3,0,0,0,0,-1,0,3.0000,-1,12,7,4,0,23,0,0,0,0
82.90366,3,0,3,0,0,0,0,-1,0,3.0000,-1,12,7,4,0,23,0,0,0,0
82.92485,3,0,3,0,0,0,0,-1,0,3.0000,-1,12,7,4,0,23,0,0,0,0
82.94574,3,0,3,0,0,0,0,-1,0,2.0000,-1,12,7,4,0,23,0,0,0,0
82.96618,3,0,3,0,0,0,0,-1,0,2.0000,-1,12,7,4,0,23,0,0,0,0
82.98711,3,0,3,0,0,0,0,-1,0,2.0000,-1,12,7,4,0,23,0,0,0,0
83.0266,3,0,3,0,0,0,0,-1,0,2.0000,-1,12,7,4,0,23,0,0,0,0
83.04156,3,0,3,0,0,0,0,-1,0,2.0000,-1,12,7,4,0,23,0,0,0,0
83.05689,3,0,3,0,0,0,0,-1,0,2.0000,-1,12,7,4,0,23,0,0,0,0
83.0748,3,0,3,0,0,0,0,-1,0,2.0000,-1,12,7,4,0,23,0,0,0,0
83.09827,3,0,3,0,0,0,0,-1,0,2.0000,-1,12,7,4,0,23,0,0,0,0
83.1171,3,0,3,0,0,0,0,-1,0,2.0000,-1,12,7,4,0,23,0,0,0,0
83.13872,3,0,3,0,0,0,0,-1,0,2.0000,-1,12,7,4,0,23,0,0,0,0
83.15959,3,0,3,0,0,0,0,-1,0,2.0000,-1,12,7,4,0,23,0,0,0,0
83.17952,3,0,3,0,0,0,0,-1,0,2.0000,-1,12,7,4,0,23,0,0,0,0
83.20051,3,0,3,0,0,0,0,-1,0,2.0000,-1,12,7,4,0,23,0,0,0,0
83.22131,3,0,3,0,0,0,0,-1,0,2.0000,-1,12,7,4,0,23,0,0,0,0
83.23872,3,0,3,0,0,0,0,-1,0,2.0000,-1,12,7,4,0,23,0,0,0,0
83.26285,3,0,3,0,0,0,0,-1,0,2.0000,-1,12,7,4,0,23,0,0,0,0
83.28481,3,0,3,0,0,0,0,-1,0,2.0000,-1,12,7,4,0,23,0,0,0,0
83.30414,3,0,3,0,0,0,0,-1,0,2.0000,-1,12,7,4,0,23,0,0,0,0
83.32486,3,0,3,0,0,0,0,-1,0,2.0000,-1,12,7,4,0,23,0,0,0,0
83.34577,3,0,3,0,0,0,0,-1,0,2.0000,-1,12,7,4,0,23,0,0,0,0
83.36758,3,0,3,0,0,0,0,-1,1,3.0000,-1,12,7,4,0,23,0,0,0,0
83.3866,3,0,3,0,0,0,0,-1,0,3.0000,-1,12,7,4,0,23,0,0,0,0
83.40752,3,0,3,0,0,0,0,-1,0,3.0000,-1,12,7,4,0,23,0,0,0,0
83.42809,3,0,3,0,0,0,0,-1,0,3.0000,-1,12,7,4,0,23,0,0,0,0
83.44882,3,0,3,0,0,0,0,-1,0,3.0000,-1,12,7,4,0,23,0,0,0,0
83.47083,3,0,3,0,0,0,0,-1,0,3.0000,-1,12,7,4,0,23,0,0,0,0
83.49223,3,0,3,0,0,0,0,-1,0,3.0000,-1,12,7,4,0,23,0,0,0,0
83.51331,3,0,3,0,0,0,0,-1,0,3.0000,-1,12,7,4,0,23,0,0,0,0
83.53352,3,0,3,0,0,0,0,-1,0,3.0000,-1,12,7,4,0,23,0,0,0,0
83.55441,3,0,3,0,0,0,0,-1,0,3.0000,-1,12,7,4,0,23,0,0,0,0
83.57274,3,0,3,0,0,0,0,-1,0,3.0000,-1,12,7,4,0,23,0,0,0,0
83.59551,3,0,3,0,0,0,0,-1,0,2.0000,-1,12,7,4,0,23,0,0,0,0
83.61584,3,0,3,0,0,0,0,-1,0,1.0000,-1,12,7,4,0,23,0,0,0,0
83.63882,3,0,3,0,0,0,0,-1,0,1.0000,-1,12,7,4,0,23,0,0,0,0
83.6579,3,0,3,0,0,0,0,-1,0,1.0000,-1,12,7,4,0,23,0,0,0,0
83.67798,3,0,3,0,0,0,0,-1,0,1.0000,-1,12,7,4,0,23,0,0,0,0
83.70016,3,0,3,0,0,0,0,-1,0,1.0000,-1,12,7,4,0,23,0,0,0,0
83.72089,3,0,3,0,0,0,0,-1,0,1.0000,-1,12,7,4,0,23,0,0,0,0
83.74203,3,0,3,0,0,0,0,-1,0,1.0000,-1,12,7,4,0,23,0,0,0,0
83.76124,3,0,3,0,0,0,0,-1,0,1.0000,-1,12,7,4,0,23,0,0,0,0
83.78342,3,0,3,0,0,0,0,-1,0,1.0000,-1,12,7,4,0,23,0,0,0,0
83.8051,3,0,3,0,0,0,0,-1,0,1.0000,-1,12,7,4,0,23,0,0,0,0
83.82582,3,0,3,0,0,0,0,-1,0,1.0000,-1,12,7,4,0,23,0,0,0,0
83.84684,3,0,3,0,0,0,0,-1,0,1.0000,-1,12,7,4,0,23,0,0,0,0
83.86769,3,0,3,0,0,0,0,-1,0,1.0000,-1,12,7,4,0,23,0,0,0,0
83.88827,3,0,3,0,0,0,0,-1,0,1.0000,-1,12,7,4,0,23,0,0,0,0
83.90855,3,0,3,0,0,0,0,-1,0,1.0000,-1,12,7,4,0,23,0,0,0,0
83.93003,3,0,3,0,0,0,0,-1,0,1.0000,-1,12,7,4,0,23,0,0,0,0
83.95007,3,0,3,0,0,0,0,-1,0,1.0000,-1,12,7,4,0,23,0,0,0,0
83.9704,3,0,3,0,0,0,0,-1,0,1.0000,-1,12,7,4,0,23,0,0,0,0
83.99327,3,0,3,0,0,0,0,-1,0,1.0000,-1,12,7,4,0,23,0,0,0,0
84.01302,3,0,3,0,0,0,0,-1,0,1.0000,-1,12,7,4,0,23,0,0,0,0
84.03339,3,0,3,0,0,0,0,-1,0,1.0000,-1,12,7,4,0,23,0,0,0,0
84.05382,3,0,3,0,0,0,0,-1,0,1.0000,-1,12,7,4,0,23,0,0,0,0
84.07371,3,0,3,0,0,0,0,-1,0,1.0000,-1,12,7,4,0,23,0,0,0,0
84.09141,3,0,3,0,0,0,0,-1,0,1.0000,-1,12,7,4,0,23,0,0,0,0
84.11357,3,0,3,0,0,0,0,-1,0,1.0000,-1,12,7,4,0,23,0,0,0,0
84.13251,3,0,3,0,0,0,0,-1,0,1.0000,-1,12,7,4,0,23,0,0,0,0
84.152,3,0,3,0,0,0,0,-1,0,1.0000,-1,12,7,4,0,23,0,0,0,0
84.17211,3,0,3,0,0,0,0,-1,0,1.0000,-1,12,7,4,0,23,0,0,0,0
84.19164,3,0,3,0,0,0,0,-1,0,1.0000,-1,12,7,4,0,23,0,0,0,0
84.21154,3,0,3,0,0,0,0,-1,0,1.0000,-1,12,7,4,0,23,0,0,0,0
84.23157,3,0,3,0,0,0,0,-1,0,1.0000,-1,12,7,4,0,23,0,0,0,0
84.25078,3,0,3,0,0,0,0,-1,0,1.0000,-1,12,7,4,0,23,0,0,0,0
84.26996,3,0,3,0,0,0,0,-1,0,1.0000,-1,12,7,4,0,23,0,0,0,0
84.29007,3,0,3,0,0,0,0,-1,0,1.0000,-1,12,7,4,0,23,0,0,0,0
84.31284,3,0,3,0,0,0,0,-1,0,1.0000,-1,12,7,4,0,23,0,0,0,0
84.33042,3,0,3,0,0,0,0,-1,0,1.0000,-1,12,7,4,0,23,0,0,0,0
84.35208,3,0,3,0,0,0,0,-1,0,1.0000,-1,12,7,4,0,23,0,0,0,0
84.36938,3,0,3,0,0,0,0,-1,0,0.0000,-1,12,7,4,0,23,0,0,0,0
84.39127,3,0,3,0,0,0,0,-1,0,0.0000,-1,12,7,4,0,23,0,0,0,0
84.41263,3,0,3,0,0,0,0,-1,0,0.0000,-1,12,7,4,0,23,0,0,0,0
84.43219,3,0,3,0,0,0,0,-1,0,0.0000,-1,12,7,4,0,23,0,0,0,0
84.45332,3,0,3,0,0,0,0,-1,0,0.0000,-1,12,7,4,0,23,0,0,0,0
84.49146,3,0,3,0,0,0,0,-1,0,0.0000,-1,12,7,4,0,23,0,0,0,0
84.50751,3,0,3,0,0,0,0,-1,0,0.0000,-1,12,7,4,0,23,0,0,0,0
84.52184,3,0,3,0,0,0,0,-1,0,0.0000,-1,12,7,4,0,23,0,0,0,0
84.53625,3,0,3,0,0,0,0,-1,0,0.0000,-1,12,7,4,0,23,0,0,0,0
84.55811,3,0,3,0,0,0,0,-1,0,0.0000,-1,12,7,4,0,23,0,0,0,0
84.5795,3,0,3,0,0,0,0,-1,0,0.0000,-1,12,7,4,0,23,0,0,0,0
84.5984,3,0,3,0,0,0,0,-1,0,0.0000,-1,12,7,4,0,23,0,0,0,0
84.61734,3,0,3,0,0,0,0,-1,0,0.0000,-1,12,7,4,0,23,0,0,0,0
84.63727,3,0,3,0,0,0,0,-1,0,0.0000,-1,12,7,4,0,23,0,0,0,0
84.6591,3,0,3,0,0,0,0,-1,0,0.0000,-1,12,7,4,0,23,0,0,0,0
84.6783,3,0,3,0,0,0,0,-1,0,0.0000,-1,12,7,4,0,23,0,0,0,0
84.69698,3,0,3,0,0,0,0,-1,0,0.0000,-1,12,7,4,0,23,0,0,0,0
84.71715,3,0,3,0,0,0,0,-1,0,0.0000,-1,12,7,4,0,23,0,0,0,0
84.73878,3,0,3,0,0,0,0,-1,0,0.0000,-1,12,7,4,0,23,0,0,0,0
84.75871,3,0,3,0,0,0,0,-1,0,0.0000,-1,12,7,4,0,23,0,0,0,0
84.77819,3,0,3,0,0,0,0,-1,0,0.0000,-1,12,7,4,0,23,0,0,0,0
84.79698,3,0,3,0,0,0,0,-1,0,0.0000,-1,12,7,4,0,23,0,0,0,0
84.81911,3,0,3,0,0,0,0,-1,0,0.0000,-1,12,7,4,0,23,0,0,0,0
84.83665,3,0,3,0,0,0,0,-1,0,0.0000,-1,12,7,4,0,23,0,0,0,0
84.85904,3,0,3,0,0,0,0,-1,0,0.0000,-1,12,7,4,0,23,0,0,0,0
84.87785,3,0,3,0,0,0,0,-1,0,0.0000,-1,12,7,4,0,23,0,0,0,0
84.8991,3,0,3,0,0,0,0,-1,0,0.0000,-1,12,7,4,0,23,0,0,0,0
84.91849,3,0,3,1,0,0,0,-1,0,0.0000,-1,12,7,4,0,23,0,0,0,0
84.93915,3,0,3,1,0,0,0,-1,0,0.0000,-1,12,7,4,0,23,0,0,0,0
84.95822,3,0,3,1,0,0,0,-1,0,0.0000,-1,12,7,4,0,23,0,0,0,0
84.97845,3,0,3,1,0,0,0,-1,0,0.0000,-1,12,7,4,0,23,0,0,0,0
84.99564,3,0,3,1,0,0,0,-1,0,0.0000,-1,12,7,4,0,23,0,0,0,0
85.01547,3,0,3,1,0,0,0,-1,0,0.0000,-1,12,7,4,0,23,0,0,0,0
85.03726,3,0,3,1,0,0,0,-1,0,0.0000,-1,12,7,4,0,23,0,0,0,0
85.05596,3,0,3,1,0,0,0,-1,0,0.0000,-1,12,7,4,0,23,0,0,0,0
85.07883,3,0,3,1,0,0,0,-1,0,0.0000,-1,12,7,4,0,23,0,0,0,0
85.11526,3,0,3,1,0,0,0,-1,0,0.0000,-1,12,7,4,0,23,0,0,0,0
85.13274,3,0,3,1,0,0,0,-1,0,0.0000,-1,12,7,4,0,23,0,0,0,0
85.14804,3,0,3,1,0,0,0,-1,0,0.0000,-1,12,7,4,0,23,0,0,0,0
85.16263,3,0,3,1,0,0,0,-1,0,0.0000,-1,12,7,4,0,23,0,0,0,0
85.18017,3,0,3,1,0,0,0,-1,0,0.0000,-1,12,7,4,0,23,0,0,0,0
85.20333,3,0,3,1,0,0,0,-1,0,0.0000,-1,12,7,4,0,23,0,0,0,0
85.22537,3,0,3,1,0,0,0,-1,0,0.0000,-1,12,7,4,0,23,0,0,0,0
85.24134,3,0,3,1,0,0,0,-1,0,0.0000,-1,12,7,4,0,23,0,0,0,0
85.26167,3,0,3,1,0,0,0,-1,0,0.0000,-1,12,7,4,0,23,0,0,0,0
85.28271,3,0,3,1,0,0,0,-1,1,1.0000,-1,12,7,4,0,23,0,0,0,0
85.30257,3,0,3,1,0,0,0,-1,0,1.0000,-1,12,7,4,0,23,0,0,0,0
85.32456,3,0,3,1,0,0,0,-1,0,1.0000,-1,12,7,4,0,23,0,0,0,0
85.34528,3,0,3,1,0,0,0,-1,0,1.0000,-1,12,7,4,0,23,0,0,0,0
85.36648,3,0,3,1,0,0,0,-1,0,1.0000,-1,12,7,4,0,23,0,0,0,0
85.38522,3,0,3,1,0,0,0,-1,0,1.0000,-1,12,7,4,0,23,0,0,0,0
85.40703,3,0,3,1,0,0,0,-1,0,1.0000,-1,12,7,4,0,23,0,0,0,0
85.42429,3,0,3,1,0,0,0,-1,0,1.0000,-1,12,7,4,0,23,0,0,0,0
85.44733,3,0,3,1,0,0,0,-1,0,1.0000,-1,12,7,4,0,23,0,0,0,0
85.46524,3,0,3,1,0,0,0,-1,0,1.0000,-1,12,7,4,0,23,0,0,0,0
85.48374,3,0,3,1,0,0,0,-1,0,1.0000,-1,12,7,4,0,23,0,0,0,0
85.50472,3,0,3,1,0,0,0,-1,0,1.0000,-1,12,7,4,0,23,0,0,0,0
85.52248,3,0,3,1,0,0,0,-1,0,1.0000,-1,12,7,4,0,23,0,0,0,0
85.54408,3,0,3,1,0,0,0,-1,0,1.0000,-1,12,7,4,0,23,0,0,0,0
85.56274,3,0,3,1,0,0,0,-1,0,1.0000,-1,12,7,4,0,23,0,0,0,0
85.58239,3,0,3,1,0,0,0,-1,0,1.0000,-1,12,7,4,0,23,0,0,0,0
85.60033,3,0,3,1,0,0,0,-1,1,2.0000,-1,12,7,4,0,23,0,0,0,0
85.6201,3,0,3,1,0,0,0,-1,0,2.0000,-1,12,7,4,0,23,0,0,0,0
85.6423,3,0,3,1,0,0,0,-1,0,2.0000,-1,12,7,4,0,23,0,0,0,0
85.66193,3,0,3,1,1,0,0,-1,0,2.0000,-1,12,7,4,0,23,0,0,0,0
85.68091,3,0,3,1,1,0,0,-1,1,3.0000,-1,12,7,4,0,23,0,0,0,0
85.70077,3,0,3,1,1,0,0,-1,0,3.0000,-1,12,7,4,0,23,0,0,0,0
85.71922,3,0,3,1,1,0,0,-1,0,3.0000,-1,12,7,4,0,23,0,0,0,0
85.7392,3,0,3,1,1,0,0,-1,0,3.0000,-1,12,7,4,0,23,0,0,0,0
85.75883,3,0,3,1,1,0,0,-1,0,3.0000,-1,12,7,4,0,23,0,0,0,0
85.77744,3,0,3,1,1,0,0,-1,0,3.0000,-1,12,7,4,0,23,0,0,0,0
85.79837,3,0,3,1,1,0,0,-1,0,3.0000,-1,12,7,4,0,23,0,0,0,0
85.81674,3,0,3,1,1,0,0,-1,0,3.0000,-1,12,7,4,0,23,0,0,0,0
85.83588,3,0,3,1,1,0,0,-1,0,3.0000,-1,12,7,4,0,23,0,0,0,0
85.85934,3,0,3,1,1,0,0,-1,0,3.0000,-1,12,7,4,0,23,0,0,0,0
85.87779,3,0,3,1,1,0,0,-1,0,3.0000,-1,12,7,4,0,23,0,0,0,0
85.89798,3,0,3,1,1,0,0,-1,0,3.0000,-1,12,7,4,0,23,0,0,0,0
85.91916,3,0,3,1,1,0,0,-1,0,3.0000,-1,12,7,4,0,23,0,0,0,0
85.95735,3,0,3,1,1,0,0,-1,0,3.0000,-1,12,7,4,0,23,0,0,0,0
85.97527,3,0,3,1,1,0,1,100,0,3.0000,-1,12,7,4,0,23,0,0,0,0
85.99204,3,0,3,1,1,0,1,100,0,3.0000,-1,12,7,4,0,23,0,0,0,0
86.01112,3,0,3,1,1,0,1,100,0,3.0000,-1,12,7,4,0,23,0,0,0,0
86.02811,3,0,3,1,1,0,1,100,0,3.0000,-1,12,7,4,0,23,0,0,0,0
86.05479,3,0,3,1,1,0,1,100,0,3.0000,-1,12,7,4,0,23,0,0,0,0
86.07897,3,0,3,1,1,0,1,100,0,3.0000,-1,12,7,4,0,23,0,0,0,0
86.10258,3,0,3,1,1,0,1,100,0,3.0000,-1,12,7,4,0,23,0,0,0,0
86.12656,3,0,3,1,1,0,1,100,0,3.0000,-1,12,7,4,0,23,0,0,0,0
86.17431,3,0,3,1,1,0,1,99,0,3.0000,100,12,7,5,0,24,0,0,0,0
86.19674,3,0,3,1,1,0,1,99,0,3.0000,-1,12,7,5,0,24,0,0,0,0
86.21213,3,0,3,1,1,0,1,99,0,3.0000,-1,12,7,5,0,24,0,0,0,0
86.22627,3,0,3,1,1,0,1,99,1,4.0000,-1,12,7,5,0,24,0,0,0,0
86.25018,2,1,4,1,0,0,1,99,0,4.0000,-1,12,7,5,0,24,0,0,0,0
86.27435,2,0,4,1,0,0,1,99,0,4.0000,-1,12,7,5,0,24,0,0,0,0
86.29885,2,0,4,1,0,0,1,99,0,3.0000,-1,12,7,5,0,24,0,0,0,0
86.32136,2,0,4,1,0,0,1,99,0,3.0000,-1,12,7,5,0,24,0,0,0,0
86.34606,2,0,4,1,0,0,1,99,0,3.0000,-1,12,7,5,0,24,0,0,0,0
86.39092,2,0,4,1,0,0,1,99,0,3.0000,-1,12,7,5,0,24,0,0,0,0
86.40644,2,0,4,0,0,0,0,-1,0,3.0000,99,12,8,5,0,25,0,0,0,0
86.4235,2,0,4,0,0,0,0,-1,0,3.0000,-1,12,8,5,0,25,0,0,0,0
86.44112,2,0,4,0,0,0,0,-1,0,3.0000,-1,12,8,5,0,25,0,0,0,0
86.46468,2,0,4,0,0,0,0,-1,0,3.0000,-1,12,8,5,0,25,0,0,0,0
86.48819,2,0,4,0,0,0,0,-1,0,3.0000,-1,12,8,5,0,25,0,0,0,0
86.51101,2,0,4,0,0,0,0,-1,0,3.0000,-1,12,8,5,0,25,0,0,0,0
86.53397,2,0,4,0,0,0,0,-1,0,3.0000,-1,12,8,5,0,25,0,0,0,0
86.55477,2,0,4,0,0,0,0,-1,0,3.0000,-1,12,8,5,0,25,0,0,0,0
86.60062,2,0,4,0,0,0,0,-1,0,2.0000,-1,12,8,5,0,25,0,0,0,0
86.61491,2,0,4,0,0,0,0,-1,0,2.0000,-1,12,8,5,0,25,0,0,0,0
86.6284,2,0,4,0,0,0,0,-1,0,2.0000,-1,12,8,5,0,25,0,0,0,0
86.65364,2,0,4,0,0,0,0,-1,0,2.0000,-1,12,8,5,0,25,0,0,0,0
86.67667,2,0,4,0,0,0,0,-1,0,2.0000,-1,12,8,5,0,25,0,0,0,0
86.70072,2,0,4,0,0,0,0,-1,0,1.0000,-1,12,8,5,0,25,0,0,0,0
86.72219,2,0,4,0,0,0,0,-1,0,1.0000,-1,12,8,5,0,25,0,0,0,0
86.7458,2,0,4,0,0,0,1,101,0,1.0000,-1,12,8,5,0,25,0,0,0,0
86.76828,2,0,4,0,0,0,1,101,0,1.0000,-1,12,8,5,0,25,0,0,0,0
86.81055,2,0,4,0,0,0,1,101,0,1.0000,-1,12,8,5,0,25,0,0,0,0
86.82663,2,0,4,0,0,0,1,101,0,1.0000,-1,12,8,5,0,25,0,0,0,0
86.84255,2,0,4,0,0,0,1,101,0,1.0000,-1,12,8,5,0,25,0,0,0,0
86.86344,2,0,4,0,0,0,1,101,0,1.0000,-1,12,8,5,0,25,0,0,0,0
86.88865,2,0,4,0,0,0,1,101,0,1.0000,-1,12,8,5,0,25,0,0,0,0
86.91164,2,0,4,0,0,0,1,101,0,1.0000,-1,12,8,5,0,25,0,0,0,0
86.93523,2,0,4,0,0,0,1,101,0,1.0000,-1,12,8,5,0,25,0,0,0,0
86.95747,2,0,4,0,0,0,1,101,0,1.0000,-1,12,8,5,0,25,0,0,0,0
86.98044,2,0,4,0,0,0,1,101,0,1.0000,-1,12,8,5,0,25,0,0,0,0
87.00445,2,0,4,0,0,0,1,101,0,1.0000,-1,12,8,5,0,25,0,0,0,0
87.02827,2,0,4,0,0,0,1,101,0,1.0000,-1,12,8,5,0,25,0,0,0,0
87.05165,2,0,4,0,0,0,1,101,0,1.0000,-1,12,8,5,0,25,0,0,0,0
87.07447,2,0,4,0,0,0,1,101,0,1.0000,-1,12,8,5,0,25,0,0,0,0
87.09797,2,0,4,0,0,0,1,101,0,1.0000,-1,12,8,5,0,25,0,0,0,0
87.12006,2,0,4,0,0,0,1,101,0,1.0000,-1,12,8,5,0,25,0,0,0,0
87.14135,2,0,4,0,0,0,1,101,1,2.0000,-1,12,8,5,0,25,0,0,0,0
87.16476,2,0,4,0,0,0,1,101,0,2.0000,-1,12,8,5,0,25,0,0,0,0
87.18813,2,0,4,0,0,0,1,101,1,3.0000,-1,12,8,5,0,25,0,0,0,0
87.23272,2,0,4,0,0,0,1,101,0,2.0000,-1,12,8,5,0,25,0,0,0,0
87.25228,2,0,4,0,0,0,1,101,0,2.0000,-1,12,8,5,0,25,0,0,0,0
87.27148,2,0,4,0,0,0,1,101,0,2.0000,-1,12,8,5,0,25,0,0,0,0
87.29137,2,0,4,0,0,0,1,101,0,2.0000,-1,12,8,5,0,25,0,0,0,0
87.30841,2,0,4,0,0,0,1,101,0,2.0000,-1,12,8,5,0,25,0,0,0,0
87.33325,2,0,4,0,0,0,1,101,0,2.0000,-1,12,8,5,0,25,0,0,0,0
87.35619,2,0,4,0,0,0,1,101,0,2.0000,-1,12,8,5,0,25,0,0,0,0
87.37906,2,0,4,0,0,0,1,101,0,2.0000,-1,12,8,5,0,25,0,0,0,0
87.40274,2,0,4,0,0,0,0,-1,0,2.0000,101,12,9,5,0,26,0,0,0,0
87.44621,2,0,4,0,0,0,0,-1,0,2.0000,-1,12,9,5,0,26,0,0,0,0
87.46161,2,0,4,1,0,0,0,-1,0,2.0000,-1,12,9,5,0,26,0,0,0,0
87.47772,2,0,4,1,0,0,0,-1,0,2.0000,-1,12,9,5,0,26,0,0,0,0
87.49805,2,0,4,1,0,0,0,-1,0,2.0000,-1,12,9,5,0,26,0,0,0,0
87.52379,2,0,4,1,0,0,0,-1,0,2.0000,-1,12,9,5,0,26,0,0,0,0
87.5463,2,0,4,1,0,0,0,-1,0,2.0000,-1,12,9,5,0,26,0,0,0,0
87.57089,2,0,4,1,0,0,0,-1,0,2.0000,-1,12,9,5,0,26,0,0,0,0
87.59527,2,0,4,1,0,0,0,-1,0,2.0000,-1,12,9,5,0,26,0,0,0,0
87.6181,2,0,4,1,0,0,0,-1,0,2.0000,-1,12,9,5,0,26,0,0,0,0
87.66376,2,0,4,1,0,0,0,-1,0,2.0000,-1,12,9,5,0,26,0,0,0,0
87.67788,2,0,4,1,0,0,0,-1,0,2.0000,-1,12,9,5,0,26,0,0,0,0
87.69286,2,0,4,1,0,0,0,-1,0,2.0000,-1,12,9,5,0,26,0,0,0,0
87.71768,2,0,4,1,0,0,0,-1,0,2.0000,-1,12,9,5,0,26,0,0,0,0
87.74167,2,0,4,1,0,0,0,-1,0,2.0000,-1,12,9,5,0,26,0,0,0,0
87.76659,2,0,4,1,0,0,0,-1,0,2.0000,-1,12,9,5,0,26,0,0,0,0
87.7907,2,0,4,1,0,0,0,-1,0,2.0000,-1,12,9,5,0,26,0,0,0,0
87.81364,2,0,4,0,0,0,0,-1,0,2.0000,-1,12,9,5,0,26,0,0,0,0
87.83774,2,0,4,0,0,0,0,-1,0,2.0000,-1,12,9,5,0,26,0,0,0,0
87.88351,2,0,4,0,0,0,0,-1,0,2.0000,-1,12,9,5,0,26,0,0,0,0
87.89802,2,0,4,0,0,0,0,-1,0,2.0000,-1,12,9,5,0,26,0,0,0,0
87.91331,2,0,4,0,0,0,0,-1,0,2.0000,-1,12,9,5,0,26,0,0,0,0
87.9373,2,0,4,0,0,0,0,-1,0,2.0000,-1,12,9,5,0,26,0,0,0,0
87.96211,2,0,4,0,0,0,0,-1,0,2.0000,-1,12,9,5,0,26,0,0,0,0
87.98544,2,0,4,0,0,0,0,-1,0,2.0000,-1,12,9,5,0,26,0,0,0,0
88.00774,2,0,4,0,0,0,0,-1,0,2.0000,-1,12,9,5,0,26,0,0,0,0
88.03146,2,0,4,0,0,0,0,-1,0,2.0000,-1,12,9,5,0,26,0,0,0,0
88.05367,2,0,4,0,0,0,0,-1,0,2.0000,-1,12,9,5,0,26,0,0,0,0
88.07486,2,0,4,0,0,0,0,-1,0,2.0000,-1,12,9,5,0,26,0,0,0,0
88.09361,2,0,4,0,0,0,0,-1,0,2.0000,-1,12,9,5,0,26,0,0,0,0
88.1127,2,0,4,0,0,0,0,-1,0,2.0000,-1,12,9,5,0,26,0,0,0,0
88.13544,2,0,4,0,0,0,0,-1,0,2.0000,-1,12,9,5,0,26,0,0,0,0
88.15677,2,0,4,0,0,0,0,-1,0,1.0000,-1,12,9,5,0,26,0,0,0,0
88.17475,2,0,4,0,0,0,1,105,0,1.0000,-1,12,9,5,0,26,0,0,0,0
88.19568,2,0,4,0,0,0,1,105,0,0.0000,-1,12,9,5,0,26,0,0,0,0
88.21414,2,0,4,0,0,0,1,105,0,0.0000,-1,12,9,5,0,26,0,0,0,0
88.23492,2,0,4,0,1,0,1,105,0,0.0000,-1,12,9,5,0,26,0,0,0,0
88.25705,2,0,4,0,1,0,1,105,0,0.0000,-1,12,9,5,0,26,0,0,0,0
88.29443,2,0,4,0,1,0,1,105,0,0.0000,-1,12,9,5,0,26,0,0,0,0
88.30735,2,0,4,0,1,0,1,105,0,0.0000,-1,12,9,5,0,26,0,0,0,0
88.322,2,0,4,0,1,0,1,105,0,0.0000,-1,12,9,5,0,26,0,0,0,0
88.34332,2,0,4,0,1,0,1,105,0,0.0000,-1,12,9,5,0,26,0,0,0,0
88.36504,2,0,4,0,1,0,1,105,0,0.0000,-1,12,9,5,0,26,0,0,0,0
88.38496,2,0,4,0,1,0,1,105,1,1.0000,-1,12,9,5,0,26,0,0,0,0
88.40285,2,0,4,0,1,0,0,-1,0,1.0000,-1,12,9,5,0,26,0,0,0,0
88.42276,2,0,4,0,1,0,0,-1,0,1.0000,-1,12,9,5,0,26,0,0,0,0
88.44476,2,0,4,0,1,0,0,-1,0,1.0000,-1,12,9,5,0,26,0,0,0,0
88.46647,2,0,4,0,1,0,0,-1,0,1.0000,-1,12,9,5,0,26,0,0,0,0
88.48692,2,0,4,0,1,0,0,-1,0,1.0000,-1,12,9,5,0,26,0,0,0,0
88.50459,2,0,4,0,1,0,0,-1,0,1.0000,-1,12,9,5,0,26,0,0,0,0
88.52535,2,0,4,0,1,0,0,-1,0,1.0000,-1,12,9,5,0,26,0,0,0,0
88.54569,2,0,4,0,1,0,0,-1,0,1.0000,-1,12,9,5,0,26,0,0,0,0
88.56724,2,0,4,0,1,0,0,-1,0,1.0000,-1,12,9,5,0,26,0,0,0,0
88.58675,2,0,4,0,1,0,0,-1,0,1.0000,-1,12,9,5,0,26,0,0,0,0
88.60726,2,0,4,1,1,0,0,-1,0,1.0000,-1,12,9,5,0,26,0,0,0,0
88.6258,2,0,4,1,1,0,0,-1,0,1.0000,-1,12,9,5,0,26,0,0,0,0
88.64689,2,0,4,1,1,0,0,-1,0,1.0000,-1,12,9,5,0,26,0,0,0,0
88.66946,2,0,4,1,1,0,0,-1,0,1.0000,-1,12,9,5,0,26,0,0,0,0
88.70894,2,0,4,1,1,0,0,-1,0,1.0000,-1,12,9,5,0,26,0,0,0,0
88.72629,2,0,4,1,1,0,0,-1,0,1.0000,-1,12,9,5,0,26,0,0,0,0
88.74112,2,0,4,1,1,0,0,-1,0,1.0000,-1,12,9,5,0,26,0,0,0,0
88.75615,2,0,4,1,1,0,0,-1,0,1.0000,-1,12,9,5,0,26,0,0,0,0
88.77757,2,0,4,1,1,0,0,-1,0,1.0000,-1,12,9,5,0,26,0,0,0,0
88.79846,2,0,4,1,0,0,0,-1,0,1.0000,-1,12,9,5,0,26,0,0,0,0
88.81895,2,0,4,1,0,0,0,-1,1,2.0000,-1,12,9,5,0,26,0,0,0,0
88.83823,2,0,4,1,0,0,1,104,0,2.0000,-1,12,9,5,0,26,0,0,0,0
88.86027,2,0,4,1,0,0,1,104,0,2.0000,-1,12,9,5,0,26,0,0,0,0
88.87903,2,0,4,1,0,0,1,104,0,2.0000,-1,12,9,5,0,26,0,0,0,0
88.92014,2,0,4,1,0,0,1,104,0,2.0000,-1,12,9,5,0,26,0,0,0,0
88.93362,2,0,4,1,0,0,1,104,0,2.0000,-1,12,9,5,0,26,0,0,0,0
88.94758,2,0,4,1,0,0,1,104,0,2.0000,-1,12,9,5,0,26,0,0,0,0
88.97081,2,0,4,1,0,0,1,104,0,2.0000,-1,12,9,5,0,26,0,0,0,0
88.9902,2,0,4,1,0,0,1,104,0,2.0000,-1,12,9,5,0,26,0,0,0,0
89.01281,2,0,4,1,0,0,1,104,1,3.0000,-1,12,9,5,0,26,0,0,0,0
89.03053,2,0,4,1,0,0,1,104,0,3.0000,-1,12,9,5,0,26,0,0,0,0
89.05338,2,0,4,1,0,0,1,104,0,3.0000,-1,12,9,5,0,26,0,0,0,0
89.07266,2,0,4,1,0,0,1,104,0,3.0000,-1,12,9,5,0,26,0,0,0,0
89.09328,2,0,4,1,0,0,1,104,0,3.0000,-1,12,9,5,0,26,0,0,0,0
89.11407,2,0,4,1,0,0,1,104,0,3.0000,-1,12,9,5,0,26,0,0,0,0
89.13332,2,0,4,1,0,0,1,104,0,3.0000,-1,12,9,5,0,26,0,0,0,0
89.15471,2,0,4,1,0,0,1,104,0,3.0000,-1,12,9,5,0,26,0,0,0,0
89.17463,2,0,4,1,0,0,1,104,0,3.0000,-1,12,9,5,0,26,0,0,0,0
89.19428,2,0,4,1,0,0,1,104,0,3.0000,-1,12,9,5,0,26,0,0,0,0
89.21448,2,0,4,1,0,0,1,104,0,3.0000,-1,12,9,5,0,26,0,0,0,0
89.23306,2,0,4,1,0,0,1,104,0,3.0000,-1,12,9,5,0,26,0,0,0,0
89.2541,2,0,4,1,0,0,1,104,0,3.0000,-1,12,9,5,0,26,0,0,0,0
89.30109,2,0,4,1,0,0,1,104,0,3.0000,-1,12,9,5,0,26,0,0,0,0
89.31748,2,0,4,1,0,0,1,104,0,3.0000,-1,12,9,5,0,26,0,0,0,0
89.32796,2,0,4,1,0,0,1,104,0,3.0000,-1,12,9,5,0,26,0,0,0,0
89.34398,2,0,4,1,0,0,1,104,0,3.0000,-1,12,9,5,0,26,0,0,0,0
89.36585,2,0,4,1,0,0,1,104,0,3.0000,-1,12,9,5,0,26,0,0,0,0
89.38673,2,0,4,1,0,0,0,-1,0,2.0000,104,12,10,5,0,27,0,0,0,0
89.40673,2,0,4,1,0,0,0,-1,0,2.0000,-1,12,10,5,0,27,0,0,0,0
89.42606,2,0,4,1,0,0,0,-1,0,2.0000,-1,12,10,5,0,27,0,0,0,0
89.44598,2,0,4,1,0,0,0,-1,0,2.0000,-1,12,10,5,0,27,0,0,0,0
89.46767,2,0,4,1,0,0,0,-1,0,2.0000,-1,12,10,5,0,27,0,0,0,0
89.48969,2,0,4,1,0,0,0,-1,0,2.0000,-1,12,10,5,0,27,0,0,0,0
89.50821,2,0,4,1,1,0,0,-1,0,2.0000,-1,12,10,5,0,27,0,0,0,0
89.54648,2,0,4,1,1,0,0,-1,0,2.0000,-1,12,10,5,0,27,0,0,0,0
89.56441,2,0,4,1,1,0,0,-1,0,2.0000,-1,12,10,5,0,27,0,0,0,0
89.57844,2,0,4,1,1,0,0,-1,0,2.0000,-1,12,10,5,0,27,0,0,0,0
89.59234,2,0,4,1,1,0,0,-1,0,2.0000,-1,12,10,5,0,27,0,0,0,0
89.61171,2,0,4,1,1,0,0,-1,0,2.0000,-1,12,10,5,0,27,0,0,0,0
89.63279,2,0,4,1,1,0,0,-1,0,2.0000,-1,12,10,5,0,27,0,0,0,0
89.65407,2,0,4,1,1,0,0,-1,0,2.0000,-1,12,10,5,0,27,0,0,0,0
89.67411,2,0,4,1,1,0,0,-1,0,2.0000,-1,12,10,5,0,27,0,0,0,0
89.69196,2,0,4,1,1,0,0,-1,0,2.0000,-1,12,10,5,0,27,0,0,0,0
89.71239,2,0,4,1,1,0,0,-1,0,2.0000,-1,12,10,5,0,27,0,0,0,0
89.73129,2,0,4,1,1,0,0,-1,0,2.0000,-1,12,10,5,0,27,0,0,0,0
89.7525,2,0,4,1,1,0,0,-1,0,2.0000,-1,12,10,5,0,27,0,0,0,0
89.77007,2,0,4,1,1,0,0,-1,0,2.0000,-1,12,10,5,0,27,0,0,0,0
89.79014,2,0,4,1,1,0,0,-1,0,2.0000,-1,12,10,5,0,27,0,0,0,0
89.81249,2,0,4,1,1,0,0,-1,0,2.0000,-1,12,10,5,0,27,0,0,0,0
89.83199,2,0,4,1,1,0,0,-1,0,1.0000,-1,12,10,5,0,27,0,0,0,0
89.85114,2,0,4,1,1,0,0,-1,0,1.0000,-1,12,10,5,0,27,0,0,0,0
89.87225,2,0,4,1,1,0,0,-1,0,1.0000,-1,12,10,5,0,27,0,0,0,0
89.89198,2,0,4,1,1,0,0,-1,0,1.0000,-1,12,10,5,0,27,0,0,0,0
89.91485,2,0,4,1,1,0,0,-1,0,1.0000,-1,12,10,5,0,27,0,0,0,0
89.95318,2,0,4,1,1,0,0,-1,0,1.0000,-1,12,10,5,0,27,0,0,0,0
89.96836,2,0,4,1,1,0,0,-1,0,1.0000,-1,12,10,5,0,27,0,0,0,0
89.98172,2,0,4,1,1,0,0,-1,0,1.0000,-1,12,10,5,0,27,0,0,0,0
90.00008,2,0,4,1,1,0,0,-1,0,1.0000,-1,12,10,5,0,27,0,0,0,0
90.02288,2,0,4,1,1,0,0,-1,0,0.0000,-1,12,10,5,0,27,0,0,0,0
90.04211,2,0,4,1,1,0,0,-1,0,0.0000,-1,12,10,5,0,27,0,0,0,0
90.062,2,0,4,1,1,0,0,-1,0,0.0000,-1,12,10,5,0,27,0,0,0,0
90.08072,2,0,4,1,0,0,0,-1,0,0.0000,-1,12,10,5,0,27,0,0,0,0
90.10041,2,0,4,1,0,0,0,-1,0,0.0000,-1,12,10,5,0,27,0,0,0,0
90.12467,2,0,4,1,0,0,0,-1,0,0.0000,-1,12,10,5,0,27,0,0,0,0
90.1619,2,0,4,1,0,0,0,-1,0,0.0000,-1,12,10,5,0,27,0,0,0,0
90.17813,2,0,4,1,0,0,0,-1,0,0.0000,-1,12,10,5,0,27,0,0,0,0
90.19157,2,0,4,1,0,0,0,-1,0,0.0000,-1,12,10,5,0,27,0,0,0,0
90.21047,2,0,4,1,0,0,0,-1,0,0.0000,-1,12,10,5,0,27,0,0,0,0
90.23196,2,0,4,1,0,0,0,-1,0,0.0000,-1,12,10,5,0,27,0,0,0,0
90.2524,2,0,4,1,0,0,0,-1,0,0.0000,-1,12,10,5,0,27,0,0,0,0
90.27014,2,0,4,1,0,0,0,-1,0,0.0000,-1,12,10,5,0,27,0,0,0,0
90.29169,2,0,4,1,0,0,0,-1,0,0.0000,-1,12,10,5,0,27,0,0,0,0
90.3138,2,0,4,1,0,0,0,-1,0,0.0000,-1,12,10,5,0,27,0,0,0,0
90.33549,2,0,4,0,0,0,0,-1,0,0.0000,-1,12,10,5,0,27,0,0,0,0
90.37353,2,0,4,0,0,0,0,-1,0,0.0000,-1,12,10,5,0,27,0,0,0,0
90.39053,2,0,4,0,0,0,0,-1,0,0.0000,-1,12,10,5,0,27,0,0,0,0
90.40698,2,0,4,0,0,0,0,-1,0,0.0000,-1,12,10,5,0,27,0,0,0,0
90.42351,2,0,4,0,0,0,0,-1,0,0.0000,-1,12,10,5,0,27,0,0,0,0
90.44423,2,0,4,0,0,0,0,-1,0,0.0000,-1,12,10,5,0,27,0,0,0,0
90.46336,2,0,4,0,0,0,0,-1,0,0.0000,-1,12,10,5,0,27,0,0,0,0
90.4821,2,0,4,0,0,0,0,-1,0,0.0000,-1,12,10,5,0,27,0,0,0,0
90.50282,2,0,4,0,0,0,0,-1,0,0.0000,-1,12,10,5,0,27,0,0,0,0
90.52538,2,0,4,0,0,0,0,-1,0,0.0000,-1,12,10,5,0,27,0,0,0,0
90.54559,2,0,4,0,0,0,0,-1,0,0.0000,-1,12,10,5,0,27,0,0,0,0
90.58403,2,0,4,0,0,0,0,-1,0,0.0000,-1,12,10,5,0,27,0,0,0,0
90.60328,2,0,4,0,0,0,0,-1,0,0.0000,-1,12,10,5,0,27,0,0,0,0
90.61953,2,0,4,0,0,0,0,-1,0,0.0000,-1,12,10,5,0,27,0,0,0,0
90.63465,2,0,4,0,0,0,0,-1,0,0.0000,-1,12,10,5,0,27,0,0,0,0
90.65624,2,0,4,0,0,0,0,-1,0,0.0000,-1,12,10,5,0,27,0,0,0,0
90.67606,2,0,4,0,0,0,0,-1,0,0.0000,-1,12,10,5,0,27,0,0,0,0
90.69396,2,0,4,0,0,0,0,-1,0,0.0000,-1,12,10,5,0,27,0,0,0,0
90.71486,2,0,4,0,0,0,0,-1,0,0.0000,-1,12,10,5,0,27,0,0,0,0
90.73598,2,0,4,0,0,0,0,-1,0,0.0000,-1,12,10,5,0,27,0,0,0,0
90.75856,2,0,4,0,0,0,0,-1,0,0.0000,-1,12,10,5,0,27,0,0,0,0
90.78084,2,0,4,0,0,0,0,-1,0,0.0000,-1,12,10,5,0,27,0,0,0,0
90.8009,2,0,4,0,0,0,0,-1,1,1.0000,-1,12,10,5,0,27,0,0,0,0
90.82189,2,0,4,0,0,0,0,-1,0,1.0000,-1,12,10,5,0,27,0,0,0,0
90.84566,2,0,4,0,0,0,0,-1,0,1.0000,-1,12,10,5,0,27,0,0,0,0
90.86318,2,0,4,0,0,0,0,-1,0,1.0000,-1,12,10,5,0,27,0,0,0,0
90.88261,2,0,4,0,0,0,0,-1,0,1.0000,-1,12,10,5,0,27,0,0,0,0
90.90474,2,0,4,0,0,0,0,-1,0,1.0000,-1,12,10,5,0,27,0,0,0,0
90.92596,2,0,4,0,0,0,0,-1,0,1.0000,-1,12,10,5,0,27,0,0,0,0
90.94737,2,0,4,0,0,0,0,-1,0,1.0000,-1,12,10,5,0,27,0,0,0,0
90.96895,2,0,4,0,0,0,0,-1,0,1.0000,-1,12,10,5,0,27,0,0,0,0
90.98824,2,0,4,0,0,0,0,-1,0,1.0000,-1,12,10,5,0,27,0,0,0,0
91.01231,2,0,4,0,0,0,0,-1,0,1.0000,-1,12,10,5,0,27,0,0,0,0
91.0334,2,0,4,0,0,0,0,-1,0,1.0000,-1,12,10,5,0,27,0,0,0,0
91.05287,2,0,4,0,0,0,0,-1,0,1.0000,-1,12,10,5,0,27,0,0,0,0
91.07667,2,0,4,0,0,0,0,-1,0,1.0000,-1,12,10,5,0,27,0,0,0,0
91.09557,2,0,4,0,0,0,0,-1,0,1.0000,-1,12,10,5,0,27,0,0,0,0
91.11553,2,0,4,0,0,0,0,-1,0,1.0000,-1,12,10,5,0,27,0,0,0,0
91.13785,2,0,4,0,0,0,0,-1,0,1.0000,-1,12,10,5,0,27,0,0,0,0
91.15887,2,0,4,0,0,0,0,-1,0,1.0000,-1,12,10,5,0,27,0,0,0,0
91.18176,2,0,4,0,0,0,0,-1,0,1.0000,-1,12,10,5,0,27,0,0,0,0
91.20478,2,0,4,0,0,0,0,-1,1,2.0000,-1,12,10,5,0,27,0,0,0,0
91.22543,2,0,4,0,0,0,0,-1,0,2.0000,-1,12,10,5,0,27,0,0,0,0
91.24986,2,0,4,0,0,0,0,-1,0,2.0000,-1,12,10,5,0,27,0,0,0,0
91.27122,2,0,4,0,0,0,0,-1,0,2.0000,-1,12,10,5,0,27,0,0,0,0
91.29351,2,0,4,0,0,0,0,-1,0,2.0000,-1,12,10,5,0,27,0,0,0,0
91.31636,2,0,4,0,0,0,0,-1,0,2.0000,-1,12,10,5,0,27,0,0,0,0
91.33846,2,0,4,0,0,0,0,-1,0,2.0000,-1,12,10,5,0,27,0,0,0,0
91.35865,2,0,4,0,0,0,0,-1,0,2.0000,-1,12,10,5,0,27,0,0,0,0
91.38162,2,0,4,0,0,0,0,-1,1,3.0000,-1,12,10,5,0,27,0,0,0,0
91.40353,2,0,4,0,0,0,0,-1,0,3.0000,-1,12,10,5,0,27,0,0,0,0
91.42771,2,0,4,0,0,0,0,-1,0,3.0000,-1,12,10,5,0,27,0,0,0,0
91.44805,2,0,4,0,0,0,0,-1,0,3.0000,-1,12,10,5,0,27,0,0,0,0
91.46835,2,0,4,0,0,0,0,-1,0,3.0000,-1,12,10,5,0,27,0,0,0,0
91.49107,2,0,4,0,0,0,0,-1,0,3.0000,-1,12,10,5,0,27,0,0,0,0
91.51295,2,0,4,0,0,0,0,-1,0,3.0000,-1,12,10,5,0,27,0,0,0,0
91.53394,2,0,4,0,0,0,0,-1,0,3.0000,-1,12,10,5,0,27,0,0,0,0
91.55614,2,0,4,0,0,0,0,-1,0,3.0000,-1,12,10,5,0,27,0,0,0,0
91.5805,2,0,4,0,0,0,0,-1,0,3.0000,-1,12,10,5,0,27,0,0,0,0
91.59927,2,0,4,0,0,0,0,-1,0,3.0000,-1,12,10,5,0,27,0,0,0,0
91.61875,2,0,4,0,0,0,0,-1,0,3.0000,-1,12,10,5,0,27,0,0,0,0
91.64091,2,0,4,0,0,0,0,-1,0,3.0000,-1,12,10,5,0,27,0,0,0,0
91.6637,2,0,4,0,0,0,1,111,0,3.0000,-1,12,10,5,0,27,0,0,0,0
91.68491,2,0,4,0,0,0,1,111,0,3.0000,-1,12,10,5,0,27,0,0,0,0
91.70655,2,0,4,0,0,0,1,111,0,3.0000,-1,12,10,5,0,27,0,0,0,0
91.72446,2,0,4,0,0,0,1,111,0,3.0000,-1,12,10,5,0,27,0,0,0,0
91.74876,2,0,4,0,0,0,1,111,0,3.0000,-1,12,10,5,0,27,0,0,0,0
91.77081,2,0,4,0,0,0,1,111,0,3.0000,-1,12,10,5,0,27,0,0,0,0
91.79427,2,0,4,0,0,0,1,111,0,3.0000,-1,12,10,5,0,27,0,0,0,0
91.81512,2,0,4,0,0,0,1,111,0,2.0000,-1,12,10,5,0,27,0,0,0,0
91.83665,2,0,4,0,0,0,1,111,0,2.0000,-1,12,10,5,0,27,0,0,0,0
91.8772,2,0,4,0,0,0,1,111,0,2.0000,-1,12,10,5,0,27,0,0,0,0
91.89404,2,0,4,0,0,0,1,111,0,2.0000,-1,12,10,5,0,27,0,0,0,0
91.91027,2,0,4,0,0,0,1,110,1,3.0000,111,12,11,5,0,28,0,0,0,0
91.92644,2,0,4,0,0,0,1,110,0,3.0000,-1,12,11,5,0,28,0,0,0,0
91.94859,2,0,4,0,0,0,1,110,0,3.0000,-1,12,11,5,0,28,0,0,0,0
91.97163,2,0,4,0,0,0,1,110,0,3.0000,-1,12,11,5,0,28,0,0,0,0
91.99362,2,0,4,0,0,0,1,110,0,3.0000,-1,12,11,5,0,28,0,0,0,0
92.01591,2,0,4,0,0,0,1,110,0,3.0000,-1,12,11,5,0,28,0,0,0,0
92.03738,2,0,4,0,0,0,1,110,0,3.0000,-1,12,11,5,0,28,0,0,0,0
92.07896,2,0,4,0,0,0,1,110,0,3.0000,-1,12,11,5,0,28,0,0,0,0
92.09571,2,0,4,0,0,0,1,110,0,3.0000,-1,12,11,5,0,28,0,0,0,0
92.11205,2,0,4,0,0,0,1,110,0,3.0000,-1,12,11,5,0,28,0,0,0,0
92.12989,2,0,4,0,0,0,1,110,0,3.0000,-1,12,11,5,0,28,0,0,0,0
92.15314,2,0,4,0,0,0,1,110,0,3.0000,-1,12,11,5,0,28,0,0,0,0
92.17361,2,0,4,0,0,0,1,110,0,3.0000,-1,12,11,5,0,28,0,0,0,0
92.19469,2,0,4,0,0,0,1,110,0,3.0000,-1,12,11,5,0,28,0,0,0,0
92.21632,2,0,4,0,0,0,1,110,0,2.0000,-1,12,11,5,0,28,0,0,0,0
92.23709,2,0,4,0,0,0,1,110,0,2.0000,-1,12,11,5,0,28,0,0,0,0
92.25926,2,0,4,0,0,0,1,110,0,2.0000,-1,12,11,5,0,28,0,0,0,0
92.28156,2,0,4,0,0,0,1,110,0,2.0000,-1,12,11,5,0,28,0,0,0,0
92.30215,2,0,4,0,0,0,1,110,0,2.0000,-1,12,11,5,0,28,0,0,0,0
92.32339,2,0,4,0,0,0,1,110,0,2.0000,-1,12,11,5,0,28,0,0,0,0
92.34628,2,0,4,0,0,0,1,110,0,2.0000,-1,12,11,5,0,28,0,0,0,0
92.36639,2,0,4,0,0,0,1,110,0,2.0000,-1,12,11,5,0,28,0,0,0,0
92.38863,2,0,4,0,0,0,1,110,0,1.0000,-1,12,11,5,0,28,0,0,0,0
92.40903,2,0,4,0,0,0,1,110,0,1.0000,-1,12,11,5,0,28,0,0,0,0
92.43073,2,0,4,0,0,0,1,110,0,1.0000,-1,12,11,5,0,28,0,0,0,0
92.45238,2,0,4,0,0,0,0,-1,0,1.0000,110,12,12,5,0,29,0,0,0,0
92.47427,2,0,4,0,0,0,0,-1,0,1.0000,-1,12,12,5,0,29,0,0,0,0
92.49444,2,0,4,0,0,0,0,-1,1,2.0000,-1,12,12,5,0,29,0,0,0,0
92.51689,2,0,4,0,0,0,0,-1,0,2.0000,-1,12,12,5,0,29,0,0,0,0
92.53687,2,0,4,0,0,0,0,-1,0,2.0000,-1,12,12,5,0,29,0,0,0,0
92.55928,2,0,4,0,0,0,0,-1,0,2.0000,-1,12,12,5,0,29,0,0,0,0
92.57945,2,0,4,0,0,0,0,-1,0,2.0000,-1,12,12,5,0,29,0,0,0,0
92.60263,2,0,4,0,0,0,0,-1,0,2.0000,-1,12,12,5,0,29,0,0,0,0
92.62425,2,0,4,0,0,0,0,-1,0,2.0000,-1,12,12,5,0,29,0,0,0,0
92.64651,2,0,4,0,0,0,0,-1,0,2.0000,-1,12,12,5,0,29,0,0,0,0
92.66852,2,0,4,0,0,0,0,-1,0,2.0000,-1,12,12,5,0,29,0,0,0,0
92.70828,2,0,4,0,0,0,0,-1,0,2.0000,-1,12,12,5,0,29,0,0,0,0
92.72675,2,0,4,0,0,0,0,-1,0,2.0000,-1,12,12,5,0,29,0,0,0,0
92.7435,2,0,4,0,0,0,0,-1,0,2.0000,-1,12,12,5,0,29,0,0,0,0
92.76145,2,0,4,0,0,0,0,-1,0,2.0000,-1,12,12,5,0,29,0,0,0,0
92.78112,2,0,4,0,0,0,0,-1,0,2.0000,-1,12,12,5,0,29,0,0,0,0
92.80472,2,0,4,0,0,0,0,-1,0,2.0000,-1,12,12,5,0,29,0,0,0,0
92.82687,2,0,4,0,0,0,0,-1,0,2.0000,-1,12,12,5,0,29,0,0,0,0
92.84862,2,0,4,0,0,0,0,-1,0,2.0000,-1,12,12,5,0,29,0,0,0,0
92.87086,2,0,4,0,0,0,0,-1,0,2.0000,-1,12,12,5,0,29,0,0,0,0
92.91177,2,0,4,0,0,0,0,-1,0,1.0000,-1,12,12,5,0,29,0,0,0,0
92.92795,2,0,4,0,0,0,0,-1,0,1.0000,-1,12,12,5,0,29,0,0,0,0
92.9444,2,0,4,0,0,0,0,-1,0,1.0000,-1,12,12,5,0,29,0,0,0,0
92.96386,2,0,4,0,0,0,0,-1,0,1.0000,-1,12,12,5,0,29,0,0,0,0
92.98529,2,0,4,0,0,0,1,113,0,1.0000,-1,12,12,5,0,29,0,0,0,0
93.00549,2,0,4,0,0,0,1,113,0,1.0000,-1,12,12,5,0,29,0,0,0,0
93.02777,2,0,4,0,0,0,1,113,0,1.0000,-1,12,12,5,0,29,0,0,0,0
93.05032,2,0,4,0,0,0,1,113,0,1.0000,-1,12,12,5,0,29,0,0,0,0
93.07129,2,0,4,0,0,0,1,113,0,1.0000,-1,12,12,5,0,29,0,0,0,0
93.09518,2,0,4,0,0,0,1,113,0,1.0000,-1,12,12,5,0,29,0,0,0,0
93.1168,2,0,4,0,0,0,1,113,0,1.0000,-1,12,12,5,0,29,0,0,0,0
93.13822,2,0,4,0,0,0,1,113,0,1.0000,-1,12,12,5,0,29,0,0,0,0
93.16019,2,0,4,0,0,0,1,113,0,1.0000,-1,12,12,5,0,29,0,0,0,0
93.18181,2,0,4,0,0,0,1,113,0,1.0000,-1,12,12,5,0,29,0,0,0,0
93.20457,2,0,4,0,0,0,1,113,0,1.0000,-1,12,12,5,0,29,0,0,0,0
93.22604,2,0,4,0,0,0,1,113,0,1.0000,-1,12,12,5,0,29,0,0,0,0
93.24907,2,0,4,0,0,0,1,113,0,1.0000,-1,12,12,5,0,29,0,0,0,0
93.27137,2,0,4,0,0,0,1,113,0,1.0000,-1,12,12,5,0,29,0,0,0,0
93.29459,2,0,4,0,0,0,1,113,0,1.0000,-1,12,12,5,0,29,0,0,0,0
93.31648,2,0,4,0,0,0,1,113,0,1.0000,-1,12,12,5,0,29,0,0,0,0
93.33858,2,0,4,0,0,0,1,113,1,2.0000,-1,12,12,5,0,29,0,0,0,0
93.35961,2,0,4,0,0,0,0,-1,0,2.0000,-1,12,12,5,0,29,0,0,0,0
93.38177,2,0,4,0,0,0,0,-1,0,2.0000,-1,12,12,5,0,29,0,0,0,0
93.4054,2,0,4,0,0,0,0,-1,0,2.0000,-1,12,12,5,0,29,0,0,0,0
93.42708,2,0,4,0,0,0,1,115,0,2.0000,-1,12,12,5,0,29,0,0,0,0
93.45071,2,0,4,0,0,0,1,115,0,2.0000,-1,12,12,5,0,29,0,0,0,0
93.47057,2,0,4,0,0,0,1,115,0,2.0000,-1,12,12,5,0,29,0,0,0,0
93.49325,2,0,4,0,0,0,0,-1,1,3.0000,-1,12,12,5,0,29,0,0,0,0
93.53512,2,0,4,0,0,0,0,-1,0,2.0000,-1,12,12,5,0,29,0,0,0,0
93.55133,2,0,4,0,0,0,0,-1,0,2.0000,-1,12,12,5,0,29,0,0,0,0
93.56733,2,0,4,0,0,0,0,-1,0,2.0000,-1,12,12,5,0,29,0,0,0,0
93.58477,2,0,4,0,0,0,0,-1,0,2.0000,-1,12,12,5,0,29,0,0,0,0
93.60664,2,0,4,0,0,0,0,-1,0,2.0000,-1,12,12,5,0,29,0,0,0,0
93.62849,2,0,4,0,0,0,0,-1,0,2.0000,-1,12,12,5,0,29,0,0,0,0
93.65028,2,0,4,0,0,0,0,-1,0,2.0000,-1,12,12,5,0,29,0,0,0,0
93.67216,2,0,4,0,0,0,0,-1,0,2.0000,-1,12,12,5,0,29,0,0,0,0
93.69101,2,0,4,0,0,0,0,-1,0,2.0000,-1,12,12,5,0,29,0,0,0,0
93.70866,2,0,4,0,0,0,0,-1,0,2.0000,-1,12,12,5,0,29,0,0,0,0
93.72993,2,0,4,0,0,0,0,-1,0,2.0000,-1,12,12,5,0,29,0,0,0,0
93.74958,2,0,4,0,0,0,0,-1,0,2.0000,-1,12,12,5,0,29,0,0,0,0
93.77117,2,0,4,0,0,0,0,-1,0,2.0000,-1,12,12,5,0,29,0,0,0,0
93.79396,2,0,4,0,0,0,0,-1,0,2.0000,-1,12,12,5,0,29,0,0,0,0
93.81629,2,0,4,0,0,0,0,-1,0,2.0000,-1,12,12,5,0,29,0,0,0,0
93.83759,2,0,4,0,0,0,0,-1,0,2.0000,-1,12,12,5,0,29,0,0,0,0
93.86122,2,0,4,0,0,0,0,-1,0,2.0000,-1,12,12,5,0,29,0,0,0,0
93.88152,2,0,4,0,0,0,0,-1,0,2.0000,-1,12,12,5,0,29,0,0,0,0
93.9032,2,0,4,0,0,0,0,-1,0,2.0000,-1,12,12,5,0,29,0,0,0,0
93.92501,2,0,4,0,0,0,0,-1,0,2.0000,-1,12,12,5,0,29,0,0,0,0
93.9626,2,0,4,0,0,0,0,-1,0,2.0000,-1,12,12,5,0,29,0,0,0,0
93.9796,2,0,4,0,0,0,0,-1,1,3.0000,-1,12,12,5,0,29,0,0,0,0
93.9929,2,0,4,0,0,0,0,-1,0,3.0000,-1,12,12,5,0,29,0,0,0,0
94.01156,2,0,4,0,0,0,0,-1,0,3.0000,-1,12,12,5,0,29,0,0,0,0
94.03273,2,0,4,0,0,0,0,-1,0,3.0000,-1,12,12,5,0,29,0,0,0,0
94.05527,2,0,4,0,0,0,0,-1,0,3.0000,-1,12,12,5,0,29,0,0,0,0
94.0772,2,0,4,0,0,0,0,-1,0,3.0000,-1,12,12,5,0,29,0,0,0,0
94.09623,2,0,4,0,0,0,0,-1,0,3.0000,-1,12,12,5,0,29,0,0,0,0
94.11691,2,0,4,0,0,0,0,-1,0,3.0000,-1,12,12,5,0,29,0,0,0,0
94.13895,2,0,4,0,0,0,0,-1,0,3.0000,-1,12,12,5,0,29,0,0,0,0
94.15949,2,0,4,0,0,0,0,-1,0,3.0000,-1,12,12,5,0,29,0,0,0,0
94.17941,2,0,4,0,0,0,0,-1,0,3.0000,-1,12,12,5,0,29,0,0,0,0
94.20013,2,0,4,0,0,0,0,-1,0,3.0000,-1,12,12,5,0,29,0,0,0,0
94.2203,2,0,4,0,0,0,0,-1,0,3.0000,-1,12,12,5,0,29,0,0,0,0
94.24111,2,0,4,0,0,0,0,-1,0,3.0000,-1,12,12,5,0,29,0,0,0,0
94.26151,2,0,4,0,0,0,0,-1,0,3.0000,-1,12,12,5,0,29,0,0,0,0
94.28453,2,0,4,0,0,0,0,-1,0,3.0000,-1,12,12,5,0,29,0,0,0,0
94.30804,2,0,4,0,0,0,0,-1,0,3.0000,-1,12,12,5,0,29,0,0,0,0
94.32796,2,0,4,0,0,0,0,-1,0,3.0000,-1,12,12,5,0,29,0,0,0,0
94.35057,2,0,4,0,0,0,0,-1,0,2.0000,-1,12,12,5,0,29,0,0,0,0
94.37204,2,0,4,0,0,0,0,-1,0,2.0000,-1,12,12,5,0,29,0,0,0,0
94.39459,2,0,4,0,0,0,0,-1,0,2.0000,-1,12,12,5,0,29,0,0,0,0
94.41512,2,0,4,0,0,0,0,-1,0,2.0000,-1,12,12,5,0,29,0,0,0,0
94.43655,2,0,4,0,0,0,0,-1,0,2.0000,-1,12,12,5,0,29,0,0,0,0
94.45697,2,0,4,0,0,0,0,-1,0,2.0000,-1,12,12,5,0,29,0,0,0,0
94.47819,2,0,4,0,0,0,0,-1,0,2.0000,-1,12,12,5,0,29,0,0,0,0
94.49828,2,0,4,0,0,0,0,-1,0,1.0000,-1,12,12,5,0,29,0,0,0,0
94.51994,2,0,4,0,0,0,0,-1,0,1.0000,-1,12,12,5,0,29,0,0,0,0
94.54169,2,0,4,0,0,0,0,-1,0,1.0000,-1,12,12,5,0,29,0,0,0,0
94.56093,2,0,4,0,0,0,0,-1,0,1.0000,-1,12,12,5,0,29,0,0,0,0
94.58173,2,0,4,0,0,0,0,-1,0,1.0000,-1,12,12,5,0,29,0,0,0,0
94.60426,2,0,4,0,0,0,0,-1,0,1.0000,-1,12,12,5,0,29,0,0,0,0
94.62541,2,0,4,0,0,0,0,-1,0,1.0000,-1,12,12,5,0,29,0,0,0,0
94.6463,2,0,4,0,0,0,0,-1,0,1.0000,-1,12,12,5,0,29,0,0,0,0
94.66685,2,0,4,0,0,0,0,-1,0,1.0000,-1,12,12,5,0,29,0,0,0,0
94.68869,2,0,4,0,0,0,0,-1,0,1.0000,-1,12,12,5,0,29,0,0,0,0
94.70909,2,0,4,0,0,0,0,-1,0,1.0000,-1,12,12,5,0,29,0,0,0,0
94.72966,2,0,4,0,0,0,0,-1,0,1.0000,-1,12,12,5,0,29,0,0,0,0
94.75368,2,0,4,0,0,0,0,-1,0,1.0000,-1,12,12,5,0,29,0,0,0,0
94.77123,2,0,4,0,0,0,0,-1,0,1.0000,-1,12,12,5,0,29,0,0,0,0
94.81353,2,0,4,0,0,0,0,-1,0,1.0000,-1,12,12,5,0,29,0,0,0,0
94.83186,2,0,4,0,0,0,0,-1,0,1.0000,-1,12,12,5,0,29,0,0,0,0
94.84938,2,0,4,0,0,0,0,-1,0,1.0000,-1,12,12,5,0,29,0,0,0,0
94.8653,2,0,4,0,0,0,0,-1,0,1.0000,-1,12,12,5,0,29,0,0,0,0
94.88377,2,0,4,0,0,0,0,-1,0,1.0000,-1,12,12,5,0,29,0,0,0,0
94.90498,2,0,4,0,0,0,0,-1,0,1.0000,-1,12,12,5,0,29,0,0,0,0
94.92601,2,0,4,0,0,0,0,-1,0,1.0000,-1,12,12,5,0,29,0,0,0,0
94.94775,2,0,4,0,0,0,0,-1,0,1.0000,-1,12,12,5,0,29,0,0,0,0
94.96923,2,0,4,0,0,0,0,-1,0,1.0000,-1,12,12,5,0,29,0,0,0,0
94.99039,2,0,4,0,0,0,0,-1,0,0.0000,-1,12,12,5,0,29,0,0,0,0
95.03064,2,0,4,0,0,0,0,-1,0,0.0000,-1,12,12,5,0,29,0,0,0,0
95.04787,2,0,4,0,0,0,0,-1,0,0.0000,-1,12,12,5,0,29,0,0,0,0
95.06229,2,0,4,0,0,0,0,-1,0,0.0000,-1,12,12,5,0,29,0,0,0,0
95.08029,2,0,4,0,0,0,0,-1,0,0.0000,-1,12,12,5,0,29,0,0,0,0
95.10224,2,0,4,0,0,0,0,-1,0,0.0000,-1,12,12,5,0,29,0,0,0,0
95.12403,2,0,4,0,0,0,0,-1,0,0.0000,-1,12,12,5,0,29,0,0,0,0
95.1449,2,0,4,0,0,0,0,-1,0,0.0000,-1,12,12,5,0,29,0,0,0,0
95.16514,2,0,4,0,0,0,0,-1,0,0.0000,-1,12,12,5,0,29,0,0,0,0
95.18599,2,0,4,0,0,0,0,-1,0,0.0000,-1,12,12,5,0,29,0,0,0,0
95.20644,2,0,4,0,0,0,0,-1,0,0.0000,-1,12,12,5,0,29,0,0,0,0
95.24781,2,0,4,0,0,0,0,-1,0,0.0000,-1,12,12,5,0,29,0,0,0,0
95.2659,2,0,4,0,0,0,0,-1,0,0.0000,-1,12,12,5,0,29,0,0,0,0
95.28345,2,0,4,0,0,0,0,-1,0,0.0000,-1,12,12,5,0,29,0,0,0,0
95.30074,2,0,4,0,0,0,0,-1,0,0.0000,-1,12,12,5,0,29,0,0,0,0
95.3189,2,0,4,0,0,0,0,-1,0,0.0000,-1,12,12,5,0,29,0,0,0,0
95.3387,2,0,4,0,0,0,0,-1,0,0.0000,-1,12,12,5,0,29,0,0,0,0
95.35835,2,0,4,0,0,0,0,-1,0,0.0000,-1,12,12,5,0,29,0,0,0,0
95.37843,2,0,4,0,0,0,0,-1,0,0.0000,-1,12,12,5,0,29,0,0,0,0
95.39661,2,0,4,0,0,0,0,-1,0,0.0000,-1,12,12,5,0,29,0,0,0,0
95.41859,2,0,4,0,0,0,0,-1,0,0.0000,-1,12,12,5,0,29,0,0,0,0
95.4564,2,0,4,0,0,0,0,-1,0,0.0000,-1,12,12,5,0,29,0,0,0,0
95.47025,2,0,4,0,0,0,0,-1,0,0.0000,-1,12,12,5,0,29,0,0,0,0
95.48518,2,0,4,0,0,0,0,-1,0,0.0000,-1,12,12,5,0,29,0,0,0,0
95.50303,2,0,4,0,0,0,0,-1,0,0.0000,-1,12,12,5,0,29,0,0,0,0
95.52504,2,0,4,0,0,0,0,-1,0,0.0000,-1,12,12,5,0,29,0,0,0,0
95.54598,2,0,4,0,0,0,0,-1,0,0.0000,-1,12,12,5,0,29,0,0,0,0
95.56496,2,0,4,0,0,0,0,-1,0,0.0000,-1,12,12,5,0,29,0,0,0,0
95.58511,2,0,4,0,0,0,0,-1,0,0.0000,-1,12,12,5,0,29,0,0,0,0
95.60516,2,0,4,0,0,0,0,-1,0,0.0000,-1,12,12,5,0,29,0,0,0,0
95.6251,2,0,4,0,0,0,0,-1,0,0.0000,-1,12,12,5,0,29,0,0,0,0
95.64619,2,0,4,0,0,0,0,-1,0,0.0000,-1,12,12,5,0,29,0,0,0,0
95.66362,2,0,4,0,0,0,0,-1,0,0.0000,-1,12,12,5,0,29,0,0,0,0
95.68575,2,0,4,0,0,0,0,-1,0,0.0000,-1,12,12,5,0,29,0,0,0,0
95.70464,2,0,4,0,0,0,0,-1,0,0.0000,-1,12,12,5,0,29,0,0,0,0
95.72559,2,0,4,0,0,0,0,-1,0,0.0000,-1,12,12,5,0,29,0,0,0,0
95.74599,2,0,4,0,0,0,0,-1,0,0.0000,-1,12,12,5,0,29,0,0,0,0
95.76776,2,0,4,0,0,0,0,-1,0,0.0000,-1,12,12,5,0,29,0,0,0,0
95.78754,2,0,4,0,0,0,0,-1,0,0.0000,-1,12,12,5,0,29,0,0,0,0
95.8076,2,0,4,0,0,0,0,-1,0,0.0000,-1,12,12,5,0,29,0,0,0,0
95.82727,2,0,4,0,0,0,0,-1,0,0.0000,-1,12,12,5,0,29,0,0,0,0
95.8483,2,0,4,0,0,0,0,-1,0,0.0000,-1,12,12,5,0,29,0,0,0,0
95.86542,2,0,4,0,0,0,0,-1,0,0.0000,-1,12,12,5,0,29,0,0,0,0
95.88803,2,0,4,0,0,0,0,-1,0,0.0000,-1,12,12,5,0,29,0,0,0,0
95.9078,2,0,4,0,0,0,0,-1,0,0.0000,-1,12,12,5,0,29,0,0,0,0
95.92861,2,0,4,0,0,0,0,-1,0,0.0000,-1,12,12,5,0,29,0,0,0,0
95.94614,2,0,4,0,0,0,0,-1,0,0.0000,-1,12,12,5,0,29,0,0,0,0
95.96732,2,0,4,0,0,0,0,-1,0,0.0000,-1,12,12,5,0,29,0,0,0,0
95.98574,2,0,4,0,0,0,0,-1,0,0.0000,-1,12,12,5,0,29,0,0,0,0
96.00851,2,0,4,0,0,0,1,121,0,0.0000,-1,12,12,5,0,29,0,0,0,0
96.02765,2,0,4,0,0,0,1,121,0,0.0000,-1,12,12,5,0,29,0,0,0,0
96.04716,2,0,4,0,0,0,1,121,0,0.0000,-1,12,12,5,0,29,0,0,0,0
96.06953,2,0,4,0,0,0,1,121,0,0.0000,-1,12,12,5,0,29,0,0,0,0
96.0893,2,0,4,0,0,0,1,121,0,0.0000,-1,12,12,5,0,29,0,0,0,0
96.10938,2,0,4,0,0,0,1,121,0,0.0000,-1,12,12,5,0,29,0,0,0,0
96.12833,2,0,4,0,0,0,1,121,0,0.0000,-1,12,12,5,0,29,0,0,0,0
96.14913,2,0,4,0,0,0,1,121,0,0.0000,-1,12,12,5,0,29,0,0,0,0
96.17023,2,0,4,0,0,0,1,121,0,0.0000,-1,12,12,5,0,29,0,0,0,0
96.19159,2,0,4,0,0,0,1,121,0,0.0000,-1,12,12,5,0,29,0,0,0,0
96.21234,2,0,4,0,0,0,1,121,0,0.0000,-1,12,12,5,0,29,0,0,0,0
96.23228,2,0,4,0,0,0,1,121,0,0.0000,-1,12,12,5,0,29,0,0,0,0
96.27254,2,0,4,0,0,0,1,121,0,0.0000,-1,12,12,5,0,29,0,0,0,0
96.29193,2,0,4,0,0,0,1,121,0,0.0000,-1,12,12,5,0,29,0,0,0,0
96.30595,2,0,4,0,0,0,1,121,0,0.0000,-1,12,12,5,0,29,0,0,0,0
96.32121,2,0,4,0,0,0,1,121,0,0.0000,-1,12,12,5,0,29,0,0,0,0
96.33902,2,0,4,0,0,0,1,121,0,0.0000,-1,12,12,5,0,29,0,0,0,0
96.3623,2,0,4,0,0,0,1,121,0,0.0000,-1,12,12,5,0,29,0,0,0,0
96.38088,2,0,4,0,0,0,1,121,0,0.0000,-1,12,12,5,0,29,0,0,0,0
96.40314,2,0,4,0,0,0,1,121,0,0.0000,-1,12,12,5,0,29,0,0,0,0
96.42078,2,0,4,0,0,0,1,121,0,0.0000,-1,12,12,5,0,29,0,0,0,0
96.4413,2,0,4,0,0,0,1,121,0,0.0000,-1,12,12,5,0,29,0,0,0,0
96.48165,1,1,5,0,0,0,0,-1,0,0.0000,121,13,12,5,0,30,0,0,0,0
96.50206,1,0,5,0,0,0,0,-1,0,0.0000,-1,13,12,5,0,30,0,0,0,0
96.51952,1,0,5,0,0,0,0,-1,0,0.0000,-1,13,12,5,0,30,0,0,0,0
96.53564,1,0,5,0,0,0,0,-1,0,0.0000,-1,13,12,5,0,30,0,0,0,0
96.55209,1,0,5,0,0,0,0,-1,0,0.0000,-1,13,12,5,0,30,0,0,0,0
96.57315,1,0,5,0,0,0,0,-1,0,0.0000,-1,13,12,5,0,30,0,0,0,0
96.59353,1,0,5,0,0,0,0,-1,0,0.0000,-1,13,12,5,0,30,0,0,0,0
96.6136,1,0,5,0,0,0,0,-1,0,0.0000,-1,13,12,5,0,30,0,0,0,0
96.63148,1,0,5,0,0,0,0,-1,0,0.0000,-1,13,12,5,0,30,0,0,0,0
96.65425,1,0,5,0,0,0,0,-1,0,0.0000,-1,13,12,5,0,30,0,0,0,0
96.69261,1,0,5,0,0,0,0,-1,0,0.0000,-1,13,12,5,0,30,0,0,0,0
96.71172,1,0,5,0,0,0,0,-1,0,0.0000,-1,13,12,5,0,30,0,0,0,0
96.72789,1,0,5,0,0,0,0,-1,0,0.0000,-1,13,12,5,0,30,0,0,0,0
96.74257,1,0,5,0,0,0,0,-1,0,0.0000,-1,13,12,5,0,30,0,0,0,0
96.75764,1,0,5,0,0,0,0,-1,0,0.0000,-1,13,12,5,0,30,0,0,0,0
96.78033,1,0,5,0,0,0,0,-1,0,0.0000,-1,13,12,5,0,30,0,0,0,0
96.80218,1,0,5,0,0,0,0,-1,0,0.0000,-1,13,12,5,0,30,0,0,0,0
96.81995,1,0,5,0,0,0,0,-1,0,0.0000,-1,13,12,5,0,30,0,0,0,0
96.83986,1,0,5,0,0,0,0,-1,0,0.0000,-1,13,12,5,0,30,0,0,0,0
96.86091,1,0,5,0,0,0,0,-1,0,0.0000,-1,13,12,5,0,30,0,0,0,0
96.88184,1,0,5,0,0,0,0,-1,0,0.0000,-1,13,12,5,0,30,0,0,0,0
96.90326,1,0,5,0,0,0,0,-1,0,0.0000,-1,13,12,5,0,30,0,0,0,0
96.92372,1,0,5,0,0,0,0,-1,0,0.0000,-1,13,12,5,0,30,0,0,0,0
96.94336,1,0,5,0,0,0,0,-1,0,0.0000,-1,13,12,5,0,30,0,0,0,0
96.96211,1,0,5,0,0,0,0,-1,0,0.0000,-1,13,12,5,0,30,0,0,0,0
96.98386,1,0,5,0,0,0,0,-1,0,0.0000,-1,13,12,5,0,30,0,0,0,0
97.00346,1,0,5,0,0,0,0,-1,0,0.0000,-1,13,12,5,0,30,0,0,0,0
97.02423,1,0,5,0,0,0,0,-1,0,0.0000,-1,13,12,5,0,30,0,0,0,0
97.04636,1,0,5,0,0,0,0,-1,0,0.0000,-1,13,12,5,0,30,0,0,0,0
97.06548,1,0,5,0,0,0,0,-1,0,0.0000,-1,13,12,5,0,30,0,0,0,0
97.08438,1,0,5,0,0,0,0,-1,0,0.0000,-1,13,12,5,0,30,0,0,0,0
97.10671,1,0,5,0,0,0,0,-1,0,0.0000,-1,13,12,5,0,30,0,0,0,0
97.12505,1,0,5,0,0,0,0,-1,0,0.0000,-1,13,12,5,0,30,0,0,0,0
97.14743,1,0,5,0,0,0,0,-1,0,0.0000,-1,13,12,5,0,30,0,0,0,0
97.16965,1,0,5,0,0,0,0,-1,1,1.0000,-1,13,12,5,0,30,0,0,0,0
97.18671,1,0,5,0,0,0,0,-1,0,1.0000,-1,13,12,5,0,30,0,0,0,0
97.20801,1,0,5,0,0,0,0,-1,0,1.0000,-1,13,12,5,0,30,0,0,0,0
97.2278,1,0,5,0,0,0,0,-1,0,1.0000,-1,13,12,5,0,30,0,0,0,0
97.24802,1,0,5,0,0,0,0,-1,0,1.0000,-1,13,12,5,0,30,0,0,0,0
97.27015,1,0,5,0,0,0,0,-1,0,1.0000,-1,13,12,5,0,30,0,0,0,0
97.29111,1,0,5,0,0,0,0,-1,0,1.0000,-1,13,12,5,0,30,0,0,0,0
97.30904,1,0,5,0,0,0,0,-1,0,1.0000,-1,13,12,5,0,30,0,0,0,0
97.32833,1,0,5,0,0,0,0,-1,0,1.0000,-1,13,12,5,0,30,0,0,0,0
97.34876,1,0,5,0,0,0,0,-1,0,1.0000,-1,13,12,5,0,30,0,0,0,0
97.36979,1,0,5,0,0,0,0,-1,0,1.0000,-1,13,12,5,0,30,0,0,0,0
97.39143,1,0,5,0,0,0,0,-1,0,1.0000,-1,13,12,5,0,30,0,0,0,0
97.4137,1,0,5,0,0,0,0,-1,0,1.0000,-1,13,12,5,0,30,0,0,0,0
97.43074,1,0,5,0,0,0,0,-1,0,1.0000,-1,13,12,5,0,30,0,0,0,0
97.45065,1,0,5,0,0,0,0,-1,0,1.0000,-1,13,12,5,0,30,0,0,0,0
97.47143,1,0,5,0,0,0,0,-1,0,1.0000,-1,13,12,5,0,30,0,0,0,0
97.49226,1,0,5,0,0,0,1,122,0,1.0000,-1,13,12,5,0,30,0,0,0,0
97.51457,1,0,5,0,0,0,1,122,0,1.0000,-1,13,12,5,0,30,0,0,0,0
97.53476,1,0,5,0,0,0,1,122,0,1.0000,-1,13,12,5,0,30,0,0,0,0
97.55177,1,0,5,0,0,0,1,122,0,1.0000,-1,13,12,5,0,30,0,0,0,0
97.57378,1,0,5,0,0,0,1,122,0,1.0000,-1,13,12,5,0,30,0,0,0,0
97.59262,1,0,5,0,0,0,1,122,0,1.0000,-1,13,12,5,0,30,0,0,0,0
97.61349,1,0,5,0,0,0,1,122,0,1.0000,-1,13,12,5,0,30,0,0,0,0
97.6367,1,0,5,0,0,0,1,122,0,1.0000,-1,13,12,5,0,30,0,0,0,0
97.65844,1,0,5,0,0,0,1,122,0,1.0000,-1,13,12,5,0,30,0,0,0,0
97.68166,1,0,5,0,0,0,1,122,0,1.0000,-1,13,12,5,0,30,0,0,0,0
97.70341,1,0,5,0,0,0,1,122,1,2.0000,-1,13,12,5,0,30,0,0,0,0
97.72195,1,0,5,0,0,0,0,-1,0,2.0000,-1,13,12,5,0,30,0,0,0,0
97.74406,1,0,5,0,0,0,0,-1,0,2.0000,-1,13,12,5,0,30,0,0,0,0
97.76572,1,0,5,0,0,0,0,-1,0,2.0000,-1,13,12,5,0,30,0,0,0,0
97.78576,1,0,5,0,0,0,0,-1,0,2.0000,-1,13,12,5,0,30,0,0,0,0
97.80886,1,0,5,0,0,0,0,-1,0,2.0000,-1,13,12,5,0,30,0,0,0,0
97.83366,1,0,5,0,0,0,0,-1,0,2.0000,-1,13,12,5,0,30,0,0,0,0
97.85558,1,0,5,0,0,0,1,124,0,2.0000,-1,13,12,5,0,30,0,0,0,0
97.87523,1,0,5,0,0,0,1,124,0,2.0000,-1,13,12,5,0,30,0,0,0,0
97.89305,1,0,5,0,0,0,1,124,0,2.0000,-1,13,12,5,0,30,0,0,0,0
97.93742,1,0,5,0,0,0,0,-1,0,2.0000,-1,13,12,5,0,30,0,0,0,0
97.95442,1,0,5,0,0,0,0,-1,0,2.0000,-1,13,12,5,0,30,0,0,0,0
97.96987,1,0,5,0,0,0,0,-1,0,2.0000,-1,13,12,5,0,30,0,0,0,0
97.98465,1,0,5,0,0,0,0,-1,0,2.0000,-1,13,12,5,0,30,0,0,0,0
98.005,1,0,5,0,0,0,0,-1,0,2.0000,-1,13,12,5,0,30,0,0,0,0
98.02657,1,0,5,0,0,0,0,-1,0,2.0000,-1,13,12,5,0,30,0,0,0,0
98.049,1,0,5,0,0,0,0,-1,0,2.0000,-1,13,12,5,0,30,0,0,0,0
98.07102,1,0,5,0,0,0,0,-1,0,2.0000,-1,13,12,5,0,30,0,0,0,0
98.09252,1,0,5,0,0,0,0,-1,0,2.0000,-1,13,12,5,0,30,0,0,0,0
98.11188,1,0,5,0,0,0,0,-1,0,2.0000,-1,13,12,5,0,30,0,0,0,0
98.13292,1,0,5,0,0,0,0,-1,0,2.0000,-1,13,12,5,0,30,0,0,0,0
98.15228,1,0,5,0,0,0,0,-1,0,2.0000,-1,13,12,5,0,30,0,0,0,0
98.17582,1,0,5,0,0,0,0,-1,0,1.0000,-1,13,12,5,0,30,0,0,0,0
98.19614,1,0,5,0,0,0,0,-1,0,1.0000,-1,13,12,5,0,30,0,0,0,0
98.21697,1,0,5,0,0,0,0,-1,0,1.0000,-1,13,12,5,0,30,0,0,0,0
98.23852,1,0,5,0,0,0,0,-1,0,1.0000,-1,13,12,5,0,30,0,0,0,0
98.25974,1,0,5,0,0,0,0,-1,0,1.0000,-1,13,12,5,0,30,0,0,0,0
98.282,1,0,5,0,0,0,0,-1,0,1.0000,-1,13,12,5,0,30,0,0,0,0
98.30396,1,0,5,0,0,0,0,-1,0,1.0000,-1,13,12,5,0,30,0,0,0,0
98.32465,1,0,5,0,0,0,0,-1,0,1.0000,-1,13,12,5,0,30,0,0,0,0
98.34413,1,0,5,0,0,0,0,-1,0,1.0000,-1,13,12,5,0,30,0,0,0,0
98.36423,1,0,5,0,0,0,0,-1,0,1.0000,-1,13,12,5,0,30,0,0,0,0
98.38511,1,0,5,0,0,0,0,-1,0,1.0000,-1,13,12,5,0,30,0,0,0,0
98.40802,1,0,5,0,0,0,0,-1,0,1.0000,-1,13,12,5,0,30,0,0,0,0
98.42957,1,0,5,0,0,0,0,-1,0,1.0000,-1,13,12,5,0,30,0,0,0,0
98.44946,1,0,5,0,0,0,0,-1,0,1.0000,-1,13,12,5,0,30,0,0,0,0
98.47158,1,0,5,0,0,0,0,-1,0,1.0000,-1,13,12,5,0,30,0,0,0,0
98.49326,1,0,5,0,0,0,0,-1,0,1.0000,-1,13,12,5,0,30,0,0,0,0
98.51403,1,0,5,0,0,0,0,-1,0,1.0000,-1,13,12,5,0,30,0,0,0,0
98.53562,1,0,5,0,0,0,0,-1,0,1.0000,-1,13,12,5,0,30,0,0,0,0
98.57336,1,0,5,0,0,0,0,-1,0,1.0000,-1,13,12,5,0,30,0,0,0,0
98.59186,1,0,5,0,0,0,0,-1,0,1.0000,-1,13,12,5,0,30,0,0,0,0
98.6068,1,0,5,0,0,0,0,-1,0,1.0000,-1,13,12,5,0,30,0,0,0,0
98.62182,1,0,5,0,0,0,0,-1,0,1.0000,-1,13,12,5,0,30,0,0,0,0
98.64478,1,0,5,0,0,0,0,-1,0,1.0000,-1,13,12,5,0,30,0,0,0,0
98.6665,1,0,5,0,0,0,0,-1,0,1.0000,-1,13,12,5,0,30,0,0,0,0
98.68771,1,0,5,0,0,0,0,-1,0,1.0000,-1,13,12,5,0,30,0,0,0,0
98.70966,1,0,5,0,0,0,0,-1,0,0.0000,-1,13,12,5,0,30,0,0,0,0
98.73072,1,0,5,0,0,0,0,-1,0,0.0000,-1,13,12,5,0,30,0,0,0,0
98.75268,1,0,5,0,0,0,0,-1,0,0.0000,-1,13,12,5,0,30,0,0,0,0
98.77326,1,0,5,0,0,0,0,-1,0,0.0000,-1,13,12,5,0,30,0,0,0,0
98.79472,1,0,5,0,0,0,0,-1,0,0.0000,-1,13,12,5,0,30,0,0,0,0
98.8163,1,0,5,0,0,0,0,-1,0,0.0000,-1,13,12,5,0,30,0,0,0,0
98.8378,1,0,5,0,0,0,0,-1,0,0.0000,-1,13,12,5,0,30,0,0,0,0
98.85982,1,0,5,0,0,0,0,-1,0,0.0000,-1,13,12,5,0,30,0,0,0,0
98.88129,1,0,5,0,0,0,0,-1,0,0.0000,-1,13,12,5,0,30,0,0,0,0
98.90438,1,0,5,0,0,0,0,-1,0,0.0000,-1,13,12,5,0,30,0,0,0,0
98.92668,1,0,5,0,0,0,0,-1,0,0.0000,-1,13,12,5,0,30,0,0,0,0
98.94837,1,0,5,0,0,0,0,-1,0,0.0000,-1,13,12,5,0,30,0,0,0,0
98.96925,1,0,5,0,0,0,0,-1,0,0.0000,-1,13,12,5,0,30,0,0,0,0
98.98866,1,0,5,0,0,0,0,-1,0,0.0000,-1,13,12,5,0,30,0,0,0,0
99.0103,1,0,5,0,0,0,0,-1,0,0.0000,-1,13,12,5,0,30,0,0,0,0
99.03133,1,0,5,0,0,0,0,-1,0,0.0000,-1,13,12,5,0,30,0,0,0,0
99.05194,1,0,5,0,0,0,0,-1,0,0.0000,-1,13,12,5,0,30,0,0,0,0
99.07409,1,0,5,0,0,0,0,-1,0,0.0000,-1,13,12,5,0,30,0,0,0,0
99.09596,1,0,5,0,0,0,0,-1,0,0.0000,-1,13,12,5,0,30,0,0,0,0
99.11613,1,0,5,0,0,0,0,-1,0,0.0000,-1,13,12,5,0,30,0,0,0,0
99.1385,1,0,5,0,0,0,0,-1,0,0.0000,-1,13,12,5,0,30,0,0,0,0
99.16067,1,0,5,0,0,0,0,-1,0,0.0000,-1,13,12,5,0,30,0,0,0,0
99.18124,1,0,5,0,0,0,0,-1,0,0.0000,-1,13,12,5,0,30,0,0,0,0
99.20314,1,0,5,0,0,0,0,-1,0,0.0000,-1,13,12,5,0,30,0,0,0,0
99.22689,1,0,5,0,0,0,0,-1,0,0.0000,-1,13,12,5,0,30,0,0,0,0
99.24774,1,0,5,0,0,0,0,-1,0,0.0000,-1,13,12,5,0,30,0,0,0,0
99.27127,1,0,5,0,0,0,0,-1,0,0.0000,-1,13,12,5,0,30,0,0,0,0
99.29246,1,0,5,0,0,0,0,-1,0,0.0000,-1,13,12,5,0,30,0,0,0,0
99.31185,1,0,5,0,0,0,0,-1,0,0.0000,-1,13,12,5,0,30,0,0,0,0
99.33241,1,0,5,0,0,0,0,-1,0,0.0000,-1,13,12,5,0,30,0,0,0,0
99.35459,1,0,5,0,0,0,0,-1,0,0.0000,-1,13,12,5,0,30,0,0,0,0
99.37548,1,0,5,0,0,0,0,-1,0,0.0000,-1,13,12,5,0,30,0,0,0,0
99.39552,1,0,5,0,0,0,0,-1,0,0.0000,-1,13,12,5,0,30,0,0,0,0
99.43866,1,0,5,0,0,0,0,-1,1,1.0000,-1,13,12,5,0,30,0,0,0,0
99.45685,1,0,5,0,0,0,0,-1,0,1.0000,-1,13,12,5,0,30,0,0,0,0
99.47292,1,0,5,0,0,0,0,-1,0,1.0000,-1,13,12,5,0,30,0,0,0,0
99.4878,1,0,5,0,0,0,0,-1,0,1.0000,-1,13,12,5,0,30,0,0,0,0
99.50435,1,0,5,0,0,0,1,125,0,1.0000,-1,13,12,5,0,30,0,0,0,0
99.52783,1,0,5,0,0,0,1,125,0,1.0000,-1,13,12,5,0,30,0,0,0,0
99.5491,1,0,5,0,0,0,1,125,0,1.0000,-1,13,12,5,0,30,0,0,0,0
99.56854,1,0,5,0,0,0,1,125,0,1.0000,-1,13,12,5,0,30,0,0,0,0
99.59278,1,0,5,0,0,0,1,125,0,1.0000,-1,13,12,5,0,30,0,0,0,0
99.61075,1,0,5,0,0,0,1,125,0,1.0000,-1,13,12,5,0,30,0,0,0,0
99.63223,1,0,5,0,0,0,1,125,1,2.0000,-1,13,12,5,0,30,0,0,0,0
99.65337,1,0,5,0,0,0,1,125,0,2.0000,-1,13,12,5,0,30,0,0,0,0
99.67399,1,0,5,0,0,0,1,125,0,2.0000,-1,13,12,5,0,30,0,0,0,0
99.69549,1,0,5,0,0,0,0,-1,0,2.0000,125,14,12,5,0,31,0,0,0,0
99.71732,1,0,5,0,0,0,0,-1,1,3.0000,-1,14,12,5,0,31,0,0,0,0
99.73759,1,0,5,0,0,0,0,-1,0,3.0000,-1,14,12,5,0,31,0,0,0,0
99.76067,1,0,5,0,0,0,0,-1,0,3.0000,-1,14,12,5,0,31,0,0,0,0
99.78088,1,0,5,0,0,0,0,-1,0,3.0000,-1,14,12,5,0,31,0,0,0,0
99.80234,1,0,5,0,0,0,0,-1,0,3.0000,-1,14,12,5,0,31,0,0,0,0
99.82468,1,0,5,0,0,0,0,-1,0,3.0000,-1,14,12,5,0,31,0,0,0,0
99.86307,1,0,5,0,0,0,0,-1,0,3.0000,-1,14,12,5,0,31,0,0,0,0
99.8828,1,0,5,0,0,0,0,-1,0,3.0000,-1,14,12,5,0,31,0,0,0,0
99.90051,1,0,5,0,0,0,0,-1,0,3.0000,-1,14,12,5,0,31,0,0,0,0
99.91812,1,0,5,0,0,0,0,-1,0,3.0000,-1,14,12,5,0,31,0,0,0,0
99.93543,1,0,5,0,0,0,0,-1,0,3.0000,-1,14,12,5,0,31,0,0,0,0
99.95287,1,0,5,0,0,0,0,-1,0,3.0000,-1,14,12,5,0,31,0,0,0,0
99.97148,1,0,5,0,0,0,0,-1,0,3.0000,-1,14,12,5,0,31,0,0,0,0
99.99232,1,0,5,0,0,0,1,128,0,3.0000,-1,14,12,5,0,31,0,0,0,0
100.0145,1,0,5,0,0,0,1,128,0,3.0000,-1,14,12,5,0,31,0,0,0,0
100.0357,1,0,5,0,0,0,1,128,0,3.0000,-1,14,12,5,0,31,0,0,0,0
100.0571,1,0,5,0,0,0,1,128,0,3.0000,-1,14,12,5,0,31,0,0,0,0
100.0769,1,0,5,0,0,0,1,128,0,3.0000,-1,14,12,5,0,31,0,0,0,0
100.0948,1,0,5,0,0,0,1,128,1,4.0000,-1,14,12,5,0,31,0,0,0,0
100.1157,1,0,5,0,0,0,1,128,0,4.0000,-1,14,12,5,0,31,0,0,0,0
100.1365,1,0,5,0,0,0,0,-1,0,4.0000,-1,14,12,5,0,31,0,0,0,0
100.1574,1,0,5,0,0,0,0,-1,0,4.0000,-1,14,12,5,0,31,0,0,0,0
100.1808,1,0,5,0,0,0,0,-1,0,4.0000,-1,14,12,5,0,31,0,0,0,0
100.2016,1,0,5,0,0,0,0,-1,0,4.0000,-1,14,12,5,0,31,0,0,0,0
100.2204,1,0,5,0,0,0,1,130,0,4.0000,-1,14,12,5,0,31,0,0,0,0
100.2428,1,0,5,0,0,0,1,130,0,4.0000,-1,14,12,5,0,31,0,0,0,0
100.2602,1,0,5,0,0,0,1,130,0,4.0000,-1,14,12,5,0,31,0,0,0,0
100.2837,1,0,5,0,0,0,1,130,0,4.0000,-1,14,12,5,0,31,0,0,0,0
100.3034,1,0,5,0,0,0,1,130,0,4.0000,-1,14,12,5,0,31,0,0,0,0
100.3247,1,0,5,0,0,0,1,130,0,4.0000,-1,14,12,5,0,31,0,0,0,0
100.3464,1,0,5,0,0,0,1,130,0,4.0000,-1,14,12,5,0,31,0,0,0,0
100.3671,1,0,5,0,0,0,1,130,0,4.0000,-1,14,12,5,0,31,0,0,0,0
100.3872,1,0,5,0,0,0,1,130,0,4.0000,-1,14,12,5,0,31,0,0,0,0
100.4059,1,0,5,0,0,0,1,130,0,4.0000,-1,14,12,5,0,31,0,0,0,0
100.4272,1,0,5,0,0,0,1,130,0,4.0000,-1,14,12,5,0,31,0,0,0,0
100.4487,1,0,5,0,0,0,1,130,0,3.0000,-1,14,12,5,0,31,0,0,0,0
100.4905,1,0,5,1,0,0,1,130,0,3.0000,-1,14,12,5,0,31,0,0,0,0
100.5077,1,0,5,1,0,0,1,130,0,3.0000,-1,14,12,5,0,31,0,0,0,0
100.5229,1,0,5,1,0,0,1,130,1,4.0000,-1,14,12,5,0,31,0,0,0,0
100.5404,1,0,5,1,0,0,1,130,0,4.0000,-1,14,12,5,0,31,0,0,0,0
100.5573,1,0,5,1,0,0,1,130,0,4.0000,-1,14,12,5,0,31,0,0,0,0
100.5805,1,0,5,1,0,0,1,130,0,4.0000,-1,14,12,5,0,31,0,0,0,0
100.5999,1,0,5,1,0,0,1,130,0,4.0000,-1,14,12,5,0,31,0,0,0,0
100.6214,1,0,5,1,0,0,1,130,0,4.0000,-1,14,12,5,0,31,0,0,0,0
100.6422,1,0,5,1,0,0,1,130,0,3.0000,-1,14,12,5,0,31,0,0,0,0
100.662,1,0,5,1,0,0,1,130,0,3.0000,-1,14,12,5,0,31,0,0,0,0
100.703,1,0,5,1,0,0,1,130,0,3.0000,-1,14,12,5,0,31,0,0,0,0
100.7208,1,0,5,1,0,0,1,130,0,2.0000,-1,14,12,5,0,31,0,0,0,0
100.7366,1,0,5,1,0,0,1,130,0,2.0000,-1,14,12,5,0,31,0,0,0,0
100.7522,1,0,5,1,0,0,1,130,0,2.0000,-1,14,12,5,0,31,0,0,0,0
100.769,1,0,5,1,0,0,1,130,0,2.0000,-1,14,12,5,0,31,0,0,0,0
100.7932,1,0,5,1,0,0,1,130,0,2.0000,-1,14,12,5,0,31,0,0,0,0
100.8124,1,0,5,1,0,0,1,129,0,2.0000,130,15,12,5,0,32,0,0,0,0
100.8338,1,0,5,1,0,0,1,129,0,2.0000,-1,15,12,5,0,32,0,0,0,0
100.8543,1,0,5,1,0,0,1,129,0,2.0000,-1,15,12,5,0,32,0,0,0,0
100.8771,1,0,5,0,0,0,1,129,0,2.0000,-1,15,12,5,0,32,0,0,0,0
100.9143,1,0,5,0,0,0,1,129,1,3.0000,-1,15,12,5,0,32,0,0,0,0
100.9337,1,0,5,0,0,0,1,129,0,3.0000,-1,15,12,5,0,32,0,0,0,0
100.9501,1,0,5,0,0,0,0,-1,0,3.0000,-1,15,12,5,0,32,0,0,0,0
100.9652,1,0,5,0,0,0,0,-1,0,3.0000,-1,15,12,5,0,32,0,0,0,0
100.9854,1,0,5,0,0,0,0,-1,0,3.0000,-1,15,12,5,0,32,0,0,0,0
101.0064,1,0,5,0,0,0,0,-1,0,3.0000,-1,15,12,5,0,32,0,0,0,0
101.026,1,0,5,0,0,0,0,-1,0,3.0000,-1,15,12,5,0,32,0,0,0,0
101.0481,1,0,5,0,0,0,0,-1,0,3.0000,-1,15,12,5,0,32,0,0,0,0
101.0688,1,0,5,0,0,0,0,-1,0,3.0000,-1,15,12,5,0,32,0,0,0,0
101.0906,1,0,5,0,0,0,0,-1,0,3.0000,-1,15,12,5,0,32,0,0,0,0
101.1319,1,0,5,0,0,0,0,-1,0,2.0000,-1,15,12,5,0,32,0,0,0,0
101.1494,1,0,5,0,0,0,0,-1,0,2.0000,-1,15,12,5,0,32,0,0,0,0
101.1645,1,0,5,0,0,0,0,-1,0,2.0000,-1,15,12,5,0,32,0,0,0,0
101.1795,1,0,5,0,0,0,0,-1,0,2.0000,-1,15,12,5,0,32,0,0,0,0
101.2014,1,0,5,0,0,0,0,-1,0,2.0000,-1,15,12,5,0,32,0,0,0,0
101.2229,1,0,5,0,0,0,0,-1,1,3.0000,-1,15,12,5,0,32,0,0,0,0
101.2429,1,0,5,0,1,0,0,-1,0,3.0000,-1,15,12,5,0,32,0,0,0,0
101.2646,1,0,5,0,1,0,0,-1,0,3.0000,-1,15,12,5,0,32,0,0,0,0
101.2817,1,0,5,0,1,0,0,-1,0,3.0000,-1,15,12,5,0,32,0,0,0,0
101.3023,1,0,5,0,1,0,0,-1,0,3.0000,-1,15,12,5,0,32,0,0,0,0
101.343,1,0,5,0,1,0,0,-1,0,3.0000,-1,15,12,5,0,32,0,0,0,0
101.3599,1,0,5,0,1,0,0,-1,0,3.0000,-1,15,12,5,0,32,0,0,0,0
101.3736,1,0,5,0,1,0,0,-1,0,3.0000,-1,15,12,5,0,32,0,0,0,0
101.3894,1,0,5,0,1,0,0,-1,0,3.0000,-1,15,12,5,0,32,0,0,0,0
101.4125,1,0,5,0,1,0,0,-1,0,3.0000,-1,15,12,5,0,32,0,0,0,0
101.4326,1,0,5,0,1,0,0,-1,0,3.0000,-1,15,12,5,0,32,0,0,0,0
101.4517,1,0,5,0,1,0,0,-1,0,3.0000,-1,15,12,5,0,32,0,0,0,0
101.472,1,0,5,0,1,0,0,-1,0,3.0000,-1,15,12,5,0,32,0,0,0,0
101.4903,1,0,5,0,1,0,0,-1,0,3.0000,-1,15,12,5,0,32,0,0,0,0
101.5136,1,0,5,0,1,0,0,-1,0,3.0000,-1,15,12,5,0,32,0,0,0,0
101.5336,1,0,5,0,1,0,0,-1,0,2.0000,-1,15,12,5,0,32,0,0,0,0
101.5535,1,0,5,0,1,0,0,-1,0,2.0000,-1,15,12,5,0,32,0,0,0,0
101.5744,1,0,5,0,1,0,0,-1,0,2.0000,-1,15,12,5,0,32,0,0,0,0
101.5919,1,0,5,0,1,0,0,-1,1,3.0000,-1,15,12,5,0,32,0,0,0,0
101.6132,1,0,5,0,1,0,0,-1,0,3.0000,-1,15,12,5,0,32,0,0,0,0
101.6347,1,0,5,0,1,0,0,-1,0,3.0000,-1,15,12,5,0,32,0,0,0,0
101.6548,1,0,5,0,1,0,0,-1,0,3.0000,-1,15,12,5,0,32,0,0,0,0
101.6759,1,0,5,0,1,0,0,-1,0,3.0000,-1,15,12,5,0,32,0,0,0,0
101.693,1,0,5,0,1,0,0,-1,0,3.0000,-1,15,12,5,0,32,0,0,0,0
101.7154,1,0,5,0,1,0,0,-1,0,3.0000,-1,15,12,5,0,32,0,0,0,0
101.7361,1,0,5,0,1,0,0,-1,0,3.0000,-1,15,12,5,0,32,0,0,0,0
101.7565,1,0,5,0,1,0,0,-1,0,3.0000,-1,15,12,5,0,32,0,0,0,0
101.7787,1,0,5,0,1,0,0,-1,0,3.0000,-1,15,12,5,0,32,0,0,0,0
101.7985,1,0,5,0,1,0,0,-1,0,3.0000,-1,15,12,5,0,32,0,0,0,0
101.8161,1,0,5,0,1,0,0,-1,0,3.0000,-1,15,12,5,0,32,0,0,0,0
101.8378,1,0,5,0,1,0,0,-1,1,4.0000,-1,15,12,5,0,32,0,0,0,0
101.8577,1,0,5,0,1,0,1,131,0,4.0000,-1,15,12,5,0,32,0,0,0,0
101.8796,1,0,5,0,1,0,1,131,0,4.0000,-1,15,12,5,0,32,0,0,0,0
101.9007,1,0,5,0,1,0,1,131,0,4.0000,-1,15,12,5,0,32,0,0,0,0
101.9208,1,0,5,0,1,0,1,131,1,4.0000,-1,15,12,5,0,32,0,0,0,0
101.9445,1,0,5,0,1,0,1,131,0,4.0000,-1,15,12,5,0,32,0,0,0,0
101.9633,1,0,5,0,1,0,1,131,0,4.0000,-1,15,12,5,0,32,0,0,0,0
101.9832,1,0,5,0,1,0,1,131,0,4.0000,-1,15,12,5,0,32,0,0,0,0
102.0052,1,0,5,0,1,0,1,131,0,4.0000,-1,15,12,5,0,32,0,0,0,0
102.0244,1,0,5,0,1,0,1,131,0,4.0000,-1,15,12,5,0,32,0,0,0,0
102.0464,1,0,5,0,1,0,1,131,0,4.0000,-1,15,12,5,0,32,0,0,0,0
102.0685,1,0,5,0,0,0,1,131,0,4.0000,-1,15,12,5,0,32,0,0,0,0
102.0881,1,0,5,0,0,0,0,-1,0,4.0000,-1,15,12,5,0,32,0,0,0,0
102.1089,1,0,5,0,0,0,0,-1,1,5.0000,-1,15,12,5,0,32,0,0,0,0
102.1302,1,0,5,0,0,0,0,-1,0,5.0000,-1,15,12,5,0,32,0,0,0,0
102.1698,1,0,5,0,0,0,0,-1,0,5.0000,-1,15,12,5,0,32,0,0,0,0
102.1903,1,0,5,0,0,0,1,133,0,5.0000,131,16,12,5,0,33,0,0,0,0
102.2113,1,0,5,0,0,0,1,133,1,6.0000,-1,16,12,5,0,33,0,0,0,0
102.2297,1,0,5,0,0,0,1,133,0,5.0000,-1,16,12,5,0,33,0,0,0,0
102.2459,1,0,5,0,0,0,1,133,0,5.0000,-1,16,12,5,0,33,0,0,0,0
102.2616,1,0,5,0,0,0,1,133,0,5.0000,-1,16,12,5,0,33,0,0,0,0
102.281,1,0,5,0,0,0,1,133,0,5.0000,-1,16,12,5,0,33,0,0,0,0
102.305,1,0,5,0,0,0,1,133,0,5.0000,-1,16,12,5,0,33,0,0,0,0
102.3263,1,0,5,0,0,0,1,133,0,5.0000,-1,16,12,5,0,33,0,0,0,0
102.3485,1,0,5,0,0,0,1,133,0,5.0000,-1,16,12,5,0,33,0,0,0,0
102.3849,1,0,5,0,0,0,1,133,0,5.0000,-1,16,12,5,0,33,0,0,0,0
102.4049,1,0,5,0,0,0,1,133,0,5.0000,-1,16,12,5,0,33,0,0,0,0
102.4211,1,0,5,0,0,0,1,133,0,5.0000,-1,16,12,5,0,33,0,0,0,0
102.4386,1,0,5,0,0,0,1,133,0,5.0000,-1,16,12,5,0,33,0,0,0,0
102.4542,1,0,5,0,0,0,1,133,0,5.0000,-1,16,12,5,0,33,0,0,0,0
102.4777,1,0,5,0,0,0,1,133,0,5.0000,-1,16,12,5,0,33,0,0,0,0
102.4988,1,0,5,0,0,0,1,133,0,5.0000,-1,16,12,5,0,33,0,0,0,0
102.5193,1,0,5,0,0,0,1,133,0,5.0000,-1,16,12,5,0,33,0,0,0,0
102.5423,1,0,5,0,0,0,1,133,0,5.0000,-1,16,12,5,0,33,0,0,0,0
102.5608,1,0,5,0,0,0,0,-1,0,5.0000,133,17,12,5,0,34,0,0,0,0
102.6039,1,0,5,0,0,0,0,-1,0,4.0000,-1,17,12,5,0,34,0,0,0,0
102.6237,1,0,5,0,0,0,0,-1,0,4.0000,-1,17,12,5,0,34,0,0,0,0
102.6421,1,0,5,0,0,0,0,-1,0,4.0000,-1,17,12,5,0,34,0,0,0,0
102.6574,1,0,5,0,0,0,0,-1,0,4.0000,-1,17,12,5,0,34,0,0,0,0
102.6715,1,0,5,0,0,0,0,-1,0,4.0000,-1,17,12,5,0,34,0,0,0,0
102.693,1,0,5,0,0,0,0,-1,0,4.0000,-1,17,12,5,0,34,0,0,0,0
102.7153,1,0,5,0,0,0,0,-1,0,4.0000,-1,17,12,5,0,34,0,0,0,0
102.7368,1,0,5,0,0,0,0,-1,0,4.0000,-1,17,12,5,0,34,0,0,0,0
102.7602,1,0,5,0,0,0,0,-1,1,5.0000,-1,17,12,5,0,34,0,0,0,0
102.7826,1,0,5,0,0,0,0,-1,0,5.0000,-1,17,12,5,0,34,0,0,0,0
102.8213,1,0,5,0,0,0,0,-1,0,5.0000,-1,17,12,5,0,34,0,0,0,0
102.8376,1,0,5,0,0,0,0,-1,0,5.0000,-1,17,12,5,0,34,0,0,0,0
102.8508,1,0,5,0,0,0,0,-1,0,4.0000,-1,17,12,5,0,34,0,0,0,0
102.8706,1,0,5,0,0,0,0,-1,0,4.0000,-1,17,12,5,0,34,0,0,0,0
102.8927,1,0,5,0,0,0,0,-1,0,4.0000,-1,17,12,5,0,34,0,0,0,0
102.911,1,0,5,0,0,0,0,-1,0,4.0000,-1,17,12,5,0,34,0,0,0,0
102.9322,1,0,5,0,0,0,0,-1,0,3.0000,-1,17,12,5,0,34,0,0,0,0
102.9521,1,0,5,0,0,0,0,-1,0,3.0000,-1,17,12,5,0,34,0,0,0,0
102.9737,1,0,5,0,0,0,0,-1,0,3.0000,-1,17,12,5,0,34,0,0,0,0
102.9948,1,0,5,0,0,0,0,-1,0,3.0000,-1,17,12,5,0,34,0,0,0,0
103.0168,1,0,5,0,0,0,0,-1,0,3.0000,-1,17,12,5,0,34,0,0,0,0
103.0382,1,0,5,0,0,0,0,-1,0,3.0000,-1,17,12,5,0,34,0,0,0,0
103.0601,1,0,5,0,0,0,0,-1,0,3.0000,-1,17,12,5,0,34,0,0,0,0
103.0812,1,0,5,0,0,0,0,-1,0,3.0000,-1,17,12,5,0,34,0,0,0,0
103.1043,1,0,5,0,0,0,0,-1,0,3.0000,-1,17,12,5,0,34,0,0,0,0
103.126,1,0,5,0,0,0,0,-1,0,2.0000,-1,17,12,5,0,34,0,0,0,0
103.1446,1,0,5,0,0,0,0,-1,1,3.0000,-1,17,12,5,0,34,0,0,0,0
103.1665,1,0,5,0,0,0,0,-1,0,3.0000,-1,17,12,5,0,34,0,0,0,0
103.1845,1,0,5,0,0,0,0,-1,0,3.0000,-1,17,12,5,0,34,0,0,0,0
103.2069,1,0,5,0,0,0,0,-1,0,3.0000,-1,17,12,5,0,34,0,0,0,0
103.2476,1,0,5,0,0,0,0,-1,0,2.0000,-1,17,12,5,0,34,0,0,0,0
103.2668,1,0,5,0,0,0,0,-1,0,2.0000,-1,17,12,5,0,34,0,0,0,0
103.2851,1,0,5,0,0,0,0,-1,0,2.0000,-1,17,12,5,0,34,0,0,0,0
103.3031,1,0,5,0,0,0,0,-1,0,2.0000,-1,17,12,5,0,34,0,0,0,0
103.3199,1,0,5,0,0,0,0,-1,0,2.0000,-1,17,12,5,0,34,0,0,0,0
103.3353,1,0,5,0,0,0,0,-1,0,2.0000,-1,17,12,5,0,34,0,0,0,0
103.3601,1,0,5,0,0,0,0,-1,0,2.0000,-1,17,12,5,0,34,0,0,0,0
103.3786,1,0,5,0,0,0,0,-1,0,2.0000,-1,17,12,5,0,34,0,0,0,0
103.401,1,0,5,0,0,0,0,-1,0,2.0000,-1,17,12,5,0,34,0,0,0,0
103.4196,1,0,5,0,0,0,0,-1,0,2.0000,-1,17,12,5,0,34,0,0,0,0
103.4407,1,0,5,0,0,0,0,-1,0,2.0000,-1,17,12,5,0,34,0,0,0,0
103.4618,1,0,5,0,0,0,0,-1,0,2.0000,-1,17,12,5,0,34,0,0,0,0
103.4814,1,0,5,0,0,0,0,-1,0,2.0000,-1,17,12,5,0,34,0,0,0,0
103.5031,1,0,5,0,0,0,0,-1,0,2.0000,-1,17,12,5,0,34,0,0,0,0
103.5257,1,0,5,0,0,0,0,-1,0,2.0000,-1,17,12,5,0,34,0,0,0,0
103.5444,1,0,5,0,0,0,0,-1,0,2.0000,-1,17,12,5,0,34,0,0,0,0
103.5651,1,0,5,0,0,0,0,-1,0,2.0000,-1,17,12,5,0,34,0,0,0,0
103.5878,1,0,5,0,0,0,0,-1,0,2.0000,-1,17,12,5,0,34,0,0,0,0
103.6063,1,0,5,0,0,0,0,-1,0,2.0000,-1,17,12,5,0,34,0,0,0,0
103.6267,1,0,5,0,0,0,0,-1,0,2.0000,-1,17,12,5,0,34,0,0,0,0
103.6478,1,0,5,0,0,0,0,-1,0,2.0000,-1,17,12,5,0,34,0,0,0,0
103.6695,1,0,5,0,0,0,0,-1,0,2.0000,-1,17,12,5,0,34,0,0,0,0
103.6896,1,0,5,0,0,0,0,-1,0,2.0000,-1,17,12,5,0,34,0,0,0,0
103.7099,1,0,5,0,0,0,0,-1,0,2.0000,-1,17,12,5,0,34,0,0,0,0
103.7292,1,0,5,0,0,0,1,135,0,2.0000,-1,17,12,5,0,34,0,0,0,0
103.749,1,0,5,0,0,0,1,135,0,2.0000,-1,17,12,5,0,34,0,0,0,0
103.7699,1,0,5,0,0,0,1,135,0,1.0000,-1,17,12,5,0,34,0,0,0,0
103.7933,1,0,5,0,0,0,1,135,0,1.0000,-1,17,12,5,0,34,0,0,0,0
103.8124,1,0,5,0,0,0,1,135,1,2.0000,-1,17,12,5,0,34,0,0,0,0
103.835,1,0,5,0,0,0,0,-1,0,2.0000,-1,17,12,5,0,34,0,0,0,0
103.8571,1,0,5,0,0,0,0,-1,0,2.0000,-1,17,12,5,0,34,0,0,0,0
103.8766,1,0,5,0,0,0,0,-1,0,2.0000,-1,17,12,5,0,34,0,0,0,0
103.8976,1,0,5,0,0,0,0,-1,0,2.0000,-1,17,12,5,0,34,0,0,0,0
103.9166,1,0,5,0,0,0,0,-1,0,2.0000,-1,17,12,5,0,34,0,0,0,0
103.9386,1,0,5,0,0,0,0,-1,0,2.0000,-1,17,12,5,0,34,0,0,0,0
103.9604,1,0,5,0,0,0,0,-1,0,2.0000,-1,17,12,5,0,34,0,0,0,0
103.9808,1,0,5,0,0,0,0,-1,0,2.0000,-1,17,12,5,0,34,0,0,0,0
104.0032,1,0,5,0,0,0,0,-1,0,2.0000,-1,17,12,5,0,34,0,0,0,0
104.0238,1,0,5,0,0,0,0,-1,0,2.0000,-1,17,12,5,0,34,0,0,0,0
104.0441,1,0,5,0,0,0,0,-1,0,2.0000,-1,17,12,5,0,34,0,0,0,0
104.0819,1,0,5,0,0,0,0,-1,0,2.0000,-1,17,12,5,0,34,0,0,0,0
104.1007,1,0,5,0,0,0,0,-1,0,2.0000,-1,17,12,5,0,34,0,0,0,0
104.1175,1,0,5,0,0,0,0,-1,0,2.0000,-1,17,12,5,0,34,0,0,0,0
104.131,1,0,5,0,0,0,0,-1,0,2.0000,-1,17,12,5,0,34,0,0,0,0
104.1494,1,0,5,0,0,0,0,-1,0,1.0000,-1,17,12,5,0,34,0,0,0,0
104.1713,1,0,5,0,0,0,0,-1,0,1.0000,-1,17,12,5,0,34,0,0,0,0
104.1922,1,0,5,0,0,0,0,-1,1,2.0000,-1,17,12,5,0,34,0,0,0,0
104.2134,1,0,5,0,0,0,0,-1,0,2.0000,-1,17,12,5,0,34,0,0,0,0
104.2355,1,0,5,0,0,0,0,-1,0,2.0000,-1,17,12,5,0,34,0,0,0,0
104.2582,1,0,5,0,0,0,0,-1,0,2.0000,-1,17,12,5,0,34,0,0,0,0
104.2783,1,0,5,0,0,0,0,-1,0,2.0000,-1,17,12,5,0,34,0,0,0,0
104.2987,1,0,5,0,0,0,0,-1,0,2.0000,-1,17,12,5,0,34,0,0,0,0
104.3177,1,0,5,0,0,0,0,-1,0,2.0000,-1,17,12,5,0,34,0,0,0,0
104.3382,1,0,5,0,0,0,0,-1,0,2.0000,-1,17,12,5,0,34,0,0,0,0
104.3585,1,0,5,0,0,0,0,-1,0,2.0000,-1,17,12,5,0,34,0,0,0,0
104.3802,1,0,5,0,0,0,0,-1,0,2.0000,-1,17,12,5,0,34,0,0,0,0
104.4017,1,0,5,0,0,0,0,-1,0,2.0000,-1,17,12,5,0,34,0,0,0,0
104.4254,1,0,5,0,0,0,0,-1,0,2.0000,-1,17,12,5,0,34,0,0,0,0
104.4439,1,0,5,0,0,0,0,-1,0,2.0000,-1,17,12,5,0,34,0,0,0,0
104.4618,1,0,5,0,0,0,0,-1,0,2.0000,-1,17,12,5,0,34,0,0,0,0
104.4823,1,0,5,0,0,0,0,-1,0,2.0000,-1,17,12,5,0,34,0,0,0,0
104.5045,1,0,5,0,0,0,0,-1,0,2.0000,-1,17,12,5,0,34,0,0,0,0
104.5244,1,0,5,0,0,0,0,-1,0,2.0000,-1,17,12,5,0,34,0,0,0,0
104.5462,1,0,5,0,0,0,0,-1,0,2.0000,-1,17,12,5,0,34,0,0,0,0
104.5677,1,0,5,0,0,0,0,-1,0,2.0000,-1,17,12,5,0,34,0,0,0,0
104.5891,1,0,5,0,0,0,0,-1,0,2.0000,-1,17,12,5,0,34,0,0,0,0
104.609,1,0,5,0,0,0,0,-1,0,2.0000,-1,17,12,5,0,34,0,0,0,0
104.6273,1,0,5,0,0,0,0,-1,0,2.0000,-1,17,12,5,0,34,0,0,0,0
104.6493,1,0,5,0,0,0,0,-1,1,3.0000,-1,17,12,5,0,34,0,0,0,0
104.6704,1,0,5,0,0,0,0,-1,0,3.0000,-1,17,12,5,0,34,0,0,0,0
104.6909,1,0,5,0,0,0,0,-1,0,3.0000,-1,17,12,5,0,34,0,0,0,0
104.713,1,0,5,0,0,0,0,-1,0,3.0000,-1,17,12,5,0,34,0,0,0,0
104.7337,1,0,5,0,0,0,0,-1,0,3.0000,-1,17,12,5,0,34,0,0,0,0
104.7554,1,0,5,0,0,0,0,-1,0,3.0000,-1,17,12,5,0,34,0,0,0,0
104.7765,1,0,5,0,0,0,0,-1,0,3.0000,-1,17,12,5,0,34,0,0,0,0
104.7952,1,0,5,0,0,0,0,-1,0,3.0000,-1,17,12,5,0,34,0,0,0,0
104.8149,1,0,5,0,0,0,0,-1,0,2.0000,-1,17,12,5,0,34,0,0,0,0
104.836,1,0,5,0,0,0,0,-1,0,2.0000,-1,17,12,5,0,34,0,0,0,0
104.8611,1,0,5,0,0,0,0,-1,0,2.0000,-1,17,12,5,0,34,0,0,0,0
104.8801,1,0,5,0,0,0,0,-1,0,2.0000,-1,17,12,5,0,34,0,0,0,0
104.9004,1,0,5,0,0,0,0,-1,1,3.0000,-1,17,12,5,0,34,0,0,0,0
104.9226,1,0,5,0,0,0,0,-1,0,3.0000,-1,17,12,5,0,34,0,0,0,0
104.9422,1,0,5,0,0,0,0,-1,1,4.0000,-1,17,12,5,0,34,0,0,0,0
104.9611,1,0,5,0,0,0,0,-1,0,4.0000,-1,17,12,5,0,34,0,0,0,0
104.982,1,0,5,0,0,0,0,-1,0,4.0000,-1,17,12,5,0,34,0,0,0,0
105.0017,1,0,5,0,0,0,0,-1,0,4.0000,-1,17,12,5,0,34,0,0,0,0
105.0237,1,0,5,0,0,0,0,-1,0,4.0000,-1,17,12,5,0,34,0,0,0,0
105.0434,1,0,5,0,0,0,0,-1,0,4.0000,-1,17,12,5,0,34,0,0,0,0
105.0606,1,0,5,0,0,0,0,-1,0,4.0000,-1,17,12,5,0,34,0,0,0,0
105.0814,1,0,5,0,0,0,0,-1,0,4.0000,-1,17,12,5,0,34,0,0,0,0
105.122,1,0,5,0,0,0,0,-1,0,4.0000,-1,17,12,5,0,34,0,0,0,0
105.1411,1,0,5,0,0,0,0,-1,0,4.0000,-1,17,12,5,0,34,0,0,0,0
105.1582,1,0,5,0,0,0,0,-1,0,4.0000,-1,17,12,5,0,34,0,0,0,0
105.1716,1,0,5,0,0,0,0,-1,0,4.0000,-1,17,12,5,0,34,0,0,0,0
105.1897,1,0,5,0,0,0,0,-1,0,4.0000,-1,17,12,5,0,34,0,0,0,0
105.2108,1,0,5,0,0,0,0,-1,0,3.0000,-1,17,12,5,0,34,0,0,0,0
105.2291,1,0,5,0,0,0,0,-1,0,3.0000,-1,17,12,5,0,34,0,0,0,0
105.2494,1,0,5,0,0,0,0,-1,0,3.0000,-1,17,12,5,0,34,0,0,0,0
105.2703,1,0,5,0,0,0,0,-1,0,3.0000,-1,17,12,5,0,34,0,0,0,0
105.2916,1,0,5,0,0,0,0,-1,0,3.0000,-1,17,12,5,0,34,0,0,0,0
105.3116,1,0,5,0,0,0,0,-1,0,3.0000,-1,17,12,5,0,34,0,0,0,0
105.3341,1,0,5,0,0,0,0,-1,0,3.0000,-1,17,12,5,0,34,0,0,0,0
105.3519,1,0,5,0,0,0,0,-1,0,3.0000,-1,17,12,5,0,34,0,0,0,0
105.3715,1,0,5,0,0,0,0,-1,0,3.0000,-1,17,12,5,0,34,0,0,0,0
105.3912,1,0,5,0,0,0,0,-1,0,3.0000,-1,17,12,5,0,34,0,0,0,0
105.4137,1,0,5,0,0,0,0,-1,0,3.0000,-1,17,12,5,0,34,0,0,0,0
105.433,1,0,5,0,0,0,0,-1,0,3.0000,-1,17,12,5,0,34,0,0,0,0
105.4548,1,0,5,0,0,0,0,-1,0,3.0000,-1,17,12,5,0,34,0,0,0,0
105.472,1,0,5,0,0,0,0,-1,0,3.0000,-1,17,12,5,0,34,0,0,0,0
105.4935,1,0,5,0,0,0,0,-1,0,3.0000,-1,17,12,5,0,34,0,0,0,0
105.5334,1,0,5,0,0,0,0,-1,0,3.0000,-1,17,12,5,0,34,0,0,0,0
105.5478,1,0,5,0,0,0,0,-1,0,3.0000,-1,17,12,5,0,34,0,0,0,0
105.5608,1,0,5,0,0,0,0,-1,0,3.0000,-1,17,12,5,0,34,0,0,0,0
105.5784,1,0,5,0,0,0,0,-1,0,3.0000,-1,17,12,5,0,34,0,0,0,0
105.6001,1,0,5,0,0,0,0,-1,0,3.0000,-1,17,12,5,0,34,0,0,0,0
105.6231,1,0,5,0,0,0,0,-1,0,3.0000,-1,17,12,5,0,34,0,0,0,0
105.6432,1,0,5,0,0,0,0,-1,0,3.0000,-1,17,12,5,0,34,0,0,0,0
105.6621,1,0,5,0,0,0,0,-1,0,2.0000,-1,17,12,5,0,34,0,0,0,0
105.682,1,0,5,0,0,0,0,-1,0,2.0000,-1,17,12,5,0,34,0,0,0,0
105.7031,1,0,5,0,0,0,0,-1,0,2.0000,-1,17,12,5,0,34,0,0,0,0
105.7436,1,0,5,0,0,0,0,-1,0,2.0000,-1,17,12,5,0,34,0,0,0,0
105.7593,1,0,5,0,0,0,0,-1,0,2.0000,-1,17,12,5,0,34,0,0,0,0
105.7715,1,0,5,0,0,0,0,-1,0,2.0000,-1,17,12,5,0,34,0,0,0,0
105.7914,1,0,5,0,0,0,0,-1,0,2.0000,-1,17,12,5,0,34,0,0,0,0
105.8112,1,0,5,0,0,0,0,-1,0,2.0000,-1,17,12,5,0,34,0,0,0,0
105.8332,1,0,5,0,0,0,0,-1,0,2.0000,-1,17,12,5,0,34,0,0,0,0
105.8512,1,0,5,0,0,0,0,-1,0,2.0000,-1,17,12,5,0,34,0,0,0,0
105.869,1,0,5,0,0,0,0,-1,1,3.0000,-1,17,12,5,0,34,0,0,0,0
105.8901,1,0,5,0,0,0,0,-1,0,3.0000,-1,17,12,5,0,34,0,0,0,0
105.9134,1,0,5,0,0,0,0,-1,0,2.0000,-1,17,12,5,0,34,0,0,0,0
105.9325,1,0,5,0,0,0,0,-1,0,2.0000,-1,17,12,5,0,34,0,0,0,0
105.9536,1,0,5,0,0,0,0,-1,0,1.0000,-1,17,12,5,0,34,0,0,0,0
105.9719,1,0,5,0,0,0,0,-1,0,1.0000,-1,17,12,5,0,34,0,0,0,0
105.9925,1,0,5,0,0,0,0,-1,0,1.0000,-1,17,12,5,0,34,0,0,0,0
106.014,1,0,5,0,0,0,0,-1,0,1.0000,-1,17,12,5,0,34,0,0,0,0
106.0345,1,0,5,0,0,0,0,-1,0,1.0000,-1,17,12,5,0,34,0,0,0,0
106.0557,1,0,5,0,0,0,0,-1,0,1.0000,-1,17,12,5,0,34,0,0,0,0
106.0749,1,0,5,0,0,0,0,-1,0,1.0000,-1,17,12,5,0,34,0,0,0,0
106.0933,1,0,5,0,0,0,0,-1,0,1.0000,-1,17,12,5,0,34,0,0,0,0
106.1143,1,0,5,0,0,0,0,-1,0,1.0000,-1,17,12,5,0,34,0,0,0,0
106.135,1,0,5,1,0,0,0,-1,0,1.0000,-1,17,12,5,0,34,0,0,0,0
106.157,1,0,5,1,0,0,0,-1,0,1.0000,-1,17,12,5,0,34,0,0,0,0
106.1787,1,0,5,1,0,0,0,-1,0,1.0000,-1,17,12,5,0,34,0,0,0,0
106.1991,1,0,5,1,0,0,0,-1,0,1.0000,-1,17,12,5,0,34,0,0,0,0
106.2156,1,0,5,1,0,0,0,-1,0,1.0000,-1,17,12,5,0,34,0,0,0,0
106.2372,1,0,5,1,0,0,0,-1,0,1.0000,-1,17,12,5,0,34,0,0,0,0
106.2577,1,0,5,1,0,0,0,-1,0,1.0000,-1,17,12,5,0,34,0,0,0,0
106.2794,1,0,5,1,0,0,0,-1,0,1.0000,-1,17,12,5,0,34,0,0,0,0
106.2995,1,0,5,1,0,0,0,-1,0,1.0000,-1,17,12,5,0,34,0,0,0,0
106.3215,1,0,5,1,0,0,0,-1,0,1.0000,-1,17,12,5,0,34,0,0,0,0
106.3593,1,0,5,1,0,0,0,-1,0,1.0000,-1,17,12,5,0,34,0,0,0,0
106.3765,1,0,5,1,0,0,0,-1,0,1.0000,-1,17,12,5,0,34,0,0,0,0
106.3944,1,0,5,1,0,0,0,-1,0,1.0000,-1,17,12,5,0,34,0,0,0,0
106.4118,1,0,5,1,0,0,0,-1,0,1.0000,-1,17,12,5,0,34,0,0,0,0
106.4292,1,0,5,1,0,0,0,-1,0,1.0000,-1,17,12,5,0,34,0,0,0,0
106.4483,1,0,5,1,0,0,0,-1,0,1.0000,-1,17,12,5,0,34,0,0,0,0
106.4679,1,0,5,1,0,0,0,-1,0,1.0000,-1,17,12,5,0,34,0,0,0,0
106.487,1,0,5,1,0,0,0,-1,0,1.0000,-1,17,12,5,0,34,0,0,0,0
106.5082,1,0,5,1,0,0,0,-1,0,1.0000,-1,17,12,5,0,34,0,0,0,0
106.5268,1,0,5,1,0,0,0,-1,0,1.0000,-1,17,12,5,0,34,0,0,0,0
106.5489,1,0,5,1,0,0,0,-1,1,2.0000,-1,17,12,5,0,34,0,0,0,0
106.569,1,0,5,1,0,0,0,-1,0,2.0000,-1,17,12,5,0,34,0,0,0,0
106.5889,1,0,5,1,0,0,0,-1,0,2.0000,-1,17,12,5,0,34,0,0,0,0
106.6103,1,0,5,1,0,0,0,-1,0,2.0000,-1,17,12,5,0,34,0,0,0,0
106.63,1,0,5,1,0,0,0,-1,0,2.0000,-1,17,12,5,0,34,0,0,0,0
106.6483,1,0,5,1,0,0,0,-1,0,2.0000,-1,17,12,5,0,34,0,0,0,0
106.6717,1,0,5,1,0,0,0,-1,0,2.0000,-1,17,12,5,0,34,0,0,0,0
106.6918,1,0,5,1,0,0,0,-1,0,2.0000,-1,17,12,5,0,34,0,0,0,0
106.7132,1,0,5,1,0,0,0,-1,0,2.0000,-1,17,12,5,0,34,0,0,0,0
106.7332,1,0,5,1,0,0,0,-1,1,3.0000,-1,17,12,5,0,34,0,0,0,0
106.7703,1,0,5,1,0,0,0,-1,0,3.0000,-1,17,12,5,0,34,0,0,0,0
106.7888,1,0,5,1,0,0,0,-1,0,3.0000,-1,17,12,5,0,34,0,0,0,0
106.8116,1,0,5,1,0,0,0,-1,0,3.0000,-1,17,12,5,0,34,0,0,0,0
106.8271,1,0,5,1,1,0,0,-1,0,3.0000,-1,17,12,5,0,34,0,0,0,0
106.8435,1,0,5,1,1,0,0,-1,0,3.0000,-1,17,12,5,0,34,0,0,0,0
106.8602,1,0,5,1,1,0,0,-1,0,3.0000,-1,17,12,5,0,34,0,0,0,0
106.8835,1,0,5,1,1,0,0,-1,0,2.0000,-1,17,12,5,0,34,0,0,0,0
106.9025,1,0,5,1,1,0,0,-1,0,2.0000,-1,17,12,5,0,34,0,0,0,0
106.9243,1,0,5,1,1,0,0,-1,0,2.0000,-1,17,12,5,0,34,0,0,0,0
106.9461,1,0,5,1,1,0,0,-1,0,2.0000,-1,17,12,5,0,34,0,0,0,0
106.9844,1,0,5,1,1,0,0,-1,0,2.0000,-1,17,12,5,0,34,0,0,0,0
107.0023,1,0,5,1,1,0,0,-1,0,2.0000,-1,17,12,5,0,34,0,0,0,0
107.0203,1,0,5,1,1,0,0,-1,0,2.0000,-1,17,12,5,0,34,0,0,0,0
107.0384,1,0,5,1,1,0,0,-1,0,2.0000,-1,17,12,5,0,34,0,0,0,0
107.0537,1,0,5,1,1,0,0,-1,0,2.0000,-1,17,12,5,0,34,0,0,0,0
107.0764,1,0,5,1,1,0,0,-1,0,2.0000,-1,17,12,5,0,34,0,0,0,0
107.0979,1,0,5,1,1,0,0,-1,0,2.0000,-1,17,12,5,0,34,0,0,0,0
107.1156,1,0,5,1,1,0,0,-1,0,2.0000,-1,17,12,5,0,34,0,0,0,0
107.1362,1,0,5,1,1,0,0,-1,0,2.0000,-1,17,12,5,0,34,0,0,0,0
107.1591,1,0,5,1,1,0,0,-1,0,2.0000,-1,17,12,5,0,34,0,0,0,0
107.1994,1,0,5,1,1,0,0,-1,1,3.0000,-1,17,12,5,0,34,0,0,0,0
107.218,1,0,5,1,1,0,0,-1,0,3.0000,-1,17,12,5,0,34,0,0,0,0
107.2329,1,0,5,1,1,0,0,-1,0,3.0000,-1,17,12,5,0,34,0,0,0,0
107.2484,1,0,5,1,1,0,0,-1,0,3.0000,-1,17,12,5,0,34,0,0,0,0
107.2701,1,0,5,1,1,0,0,-1,0,3.0000,-1,17,12,5,0,34,0,0,0,0
107.2879,1,0,5,1,1,0,0,-1,0,3.0000,-1,17,12,5,0,34,0,0,0,0
107.3104,1,0,5,1,1,0,0,-1,0,3.0000,-1,17,12,5,0,34,0,0,0,0
107.3313,1,0,5,1,1,0,0,-1,0,3.0000,-1,17,12,5,0,34,0,0,0,0
107.3494,1,0,5,1,1,0,0,-1,0,3.0000,-1,17,12,5,0,34,0,0,0,0
107.3705,1,0,5,1,1,0,0,-1,0,3.0000,-1,17,12,5,0,34,0,0,0,0
107.3928,1,0,5,1,1,0,0,-1,0,3.0000,-1,17,12,5,0,34,0,0,0,0
107.4134,1,0,5,1,1,0,0,-1,0,3.0000,-1,17,12,5,0,34,0,0,0,0
107.4334,1,0,5,1,1,0,0,-1,1,4.0000,-1,17,12,5,0,34,0,0,0,0
107.4552,1,0,5,1,1,0,0,-1,0,4.0000,-1,17,12,5,0,34,0,0,0,0
107.4755,1,0,5,1,1,0,0,-1,1,5.0000,-1,17,12,5,0,34,0,0,0,0
107.4944,1,0,5,1,1,0,0,-1,0,5.0000,-1,17,12,5,0,34,0,0,0,0
107.5156,1,0,5,1,1,0,0,-1,0,5.0000,-1,17,12,5,0,34,0,0,0,0
107.5378,1,0,5,1,1,0,0,-1,0,5.0000,-1,17,12,5,0,34,0,0,0,0
107.5566,1,0,5,1,1,0,0,-1,0,4.0000,-1,17,12,5,0,34,0,0,0,0
107.578,1,0,5,1,0,0,0,-1,0,4.0000,-1,17,12,5,0,34,0,0,0,0
107.5989,1,0,5,1,0,0,0,-1,0,4.0000,-1,17,12,5,0,34,0,0,0,0
107.6196,1,0,5,1,0,0,0,-1,0,4.0000,-1,17,12,5,0,34,0,0,0,0
107.6377,1,0,5,1,0,0,0,-1,0,4.0000,-1,17,12,5,0,34,0,0,0,0
107.6589,1,0,5,1,0,0,0,-1,0,4.0000,-1,17,12,5,0,34,0,0,0,0
107.6808,1,0,5,1,0,0,0,-1,0,4.0000,-1,17,12,5,0,34,0,0,0,0
107.7011,1,0,5,1,0,0,0,-1,0,4.0000,-1,17,12,5,0,34,0,0,0,0
107.7216,1,0,5,1,0,0,0,-1,0,4.0000,-1,17,12,5,0,34,0,0,0,0
107.7438,1,0,5,1,0,0,0,-1,0,3.0000,-1,17,12,5,0,34,0,0,0,0
107.7639,1,0,5,1,0,0,0,-1,1,4.0000,-1,17,12,5,0,34,0,0,0,0
107.7842,1,0,5,1,0,0,0,-1,0,4.0000,-1,17,12,5,0,34,0,0,0,0
107.824,1,0,5,1,0,0,0,-1,0,4.0000,-1,17,12,5,0,34,0,0,0,0
107.8426,1,0,5,1,0,0,0,-1,0,4.0000,-1,17,12,5,0,34,0,0,0,0
107.8603,1,0,5,1,0,0,0,-1,0,4.0000,-1,17,12,5,0,34,0,0,0,0
107.8773,1,0,5,1,0,0,0,-1,0,4.0000,-1,17,12,5,0,34,0,0,0,0
107.8912,1,0,5,1,0,0,0,-1,0,4.0000,-1,17,12,5,0,34,0,0,0,0
107.9129,1,0,5,1,0,0,0,-1,0,4.0000,-1,17,12,5,0,34,0,0,0,0
107.9337,1,0,5,1,0,0,0,-1,0,4.0000,-1,17,12,5,0,34,0,0,0,0
107.9539,1,0,5,1,0,0,0,-1,0,4.0000,-1,17,12,5,0,34,0,0,0,0
107.9744,1,0,5,1,0,0,0,-1,0,4.0000,-1,17,12,5,0,34,0,0,0,0
107.9912,1,0,5,1,0,0,0,-1,0,4.0000,-1,17,12,5,0,34,0,0,0,0
108.0127,1,0,5,1,0,0,0,-1,0,4.0000,-1,17,12,5,0,34,0,0,0,0
108.0357,1,0,5,1,0,0,0,-1,0,4.0000,-1,17,12,5,0,34,0,0,0,0
108.0559,1,0,5,1,0,0,0,-1,0,4.0000,-1,17,12,5,0,34,0,0,0,0
108.0771,1,0,5,1,0,0,0,-1,0,4.0000,-1,17,12,5,0,34,0,0,0,0
108.0981,1,0,5,1,0,0,0,-1,0,4.0000,-1,17,12,5,0,34,0,0,0,0
108.1157,1,0,5,1,0,0,0,-1,0,4.0000,-1,17,12,5,0,34,0,0,0,0
108.1364,1,0,5,1,0,0,0,-1,0,4.0000,-1,17,12,5,0,34,0,0,0,0
108.1578,1,0,5,1,0,0,0,-1,0,4.0000,-1,17,12,5,0,34,0,0,0,0
108.1792,1,0,5,1,0,0,0,-1,0,4.0000,-1,17,12,5,0,34,0,0,0,0
108.1993,1,0,5,1,0,0,0,-1,0,4.0000,-1,17,12,5,0,34,0,0,0,0
108.2377,1,0,5,1,0,0,0,-1,0,3.0000,-1,17,12,5,0,34,0,0,0,0
108.2556,1,0,5,1,0,0,0,-1,0,3.0000,-1,17,12,5,0,34,0,0,0,0
108.2753,1,0,5,0,0,0,0,-1,0,3.0000,-1,17,12,5,0,34,0,0,0,0
108.2901,1,0,5,0,0,0,0,-1,0,3.0000,-1,17,12,5,0,34,0,0,0,0
108.3036,1,0,5,0,0,0,0,-1,0,3.0000,-1,17,12,5,0,34,0,0,0,0
108.3253,1,0,5,0,0,0,0,-1,0,3.0000,-1,17,12,5,0,34,0,0,0,0
108.3469,1,0,5,0,0,0,0,-1,0,3.0000,-1,17,12,5,0,34,0,0,0,0
108.3679,1,0,5,0,0,0,0,-1,0,3.0000,-1,17,12,5,0,34,0,0,0,0
108.3885,1,0,5,0,0,0,0,-1,0,3.0000,-1,17,12,5,0,34,0,0,0,0
108.4108,1,0,5,0,0,0,0,-1,0,3.0000,-1,17,12,5,0,34,0,0,0,0
108.4477,1,0,5,0,0,0,0,-1,0,2.0000,-1,17,12,5,0,34,0,0,0,0
108.4663,1,0,5,0,0,0,0,-1,0,2.0000,-1,17,12,5,0,34,0,0,0,0
108.4823,1,0,5,0,0,0,0,-1,0,1.0000,-1,17,12,5,0,34,0,0,0,0
108.5006,1,0,5,0,0,0,0,-1,0,1.0000,-1,17,12,5,0,34,0,0,0,0
108.5162,1,0,5,0,0,0,0,-1,0,1.0000,-1,17,12,5,0,34,0,0,0,0
108.535,1,0,5,0,0,0,0,-1,0,1.0000,-1,17,12,5,0,34,0,0,0,0
108.5566,1,0,5,0,0,0,0,-1,0,1.0000,-1,17,12,5,0,34,0,0,0,0
108.5772,1,0,5,0,0,0,0,-1,0,1.0000,-1,17,12,5,0,34,0,0,0,0
108.5986,1,0,5,0,0,0,0,-1,0,1.0000,-1,17,12,5,0,34,0,0,0,0
108.6188,1,0,5,0,0,0,0,-1,0,1.0000,-1,17,12,5,0,34,0,0,0,0
108.6386,1,0,5,0,0,0,0,-1,0,1.0000,-1,17,12,5,0,34,0,0,0,0
108.6584,1,0,5,0,0,0,0,-1,0,1.0000,-1,17,12,5,0,34,0,0,0,0
108.6795,1,0,5,0,0,0,0,-1,1,2.0000,-1,17,12,5,0,34,0,0,0,0
108.7001,1,0,5,0,0,0,0,-1,0,2.0000,-1,17,12,5,0,34,0,0,0,0
108.7208,1,0,5,0,0,0,0,-1,0,2.0000,-1,17,12,5,0,34,0,0,0,0
108.7406,1,0,5,0,0,0,0,-1,0,2.0000,-1,17,12,5,0,34,0,0,0,0
108.763,1,0,5,0,0,0,0,-1,0,2.0000,-1,17,12,5,0,34,0,0,0,0
108.7817,1,0,5,0,0,0,0,-1,0,1.0000,-1,17,12,5,0,34,0,0,0,0
108.8046,1,0,5,0,0,0,0,-1,0,1.0000,-1,17,12,5,0,34,0,0,0,0
108.8249,1,0,5,0,0,0,0,-1,0,1.0000,-1,17,12,5,0,34,0,0,0,0
108.8429,1,0,5,0,0,0,0,-1,0,1.0000,-1,17,12,5,0,34,0,0,0,0
108.8652,1,0,5,0,0,0,0,-1,0,1.0000,-1,17,12,5,0,34,0,0,0,0
108.885,1,0,5,0,0,0,0,-1,0,1.0000,-1,17,12,5,0,34,0,0,0,0
108.9048,1,0,5,0,0,0,0,-1,0,1.0000,-1,17,12,5,0,34,0,0,0,0
108.9267,1,0,5,0,0,0,0,-1,0,1.0000,-1,17,12,5,0,34,0,0,0,0
108.9472,1,0,5,0,0,0,0,-1,0,1.0000,-1,17,12,5,0,34,0,0,0,0
108.9685,1,0,5,0,0,0,0,-1,0,1.0000,-1,17,12,5,0,34,0,0,0,0
108.9888,1,0,5,0,0,0,0,-1,0,1.0000,-1,17,12,5,0,34,0,0,0,0
109.011,1,0,5,0,0,0,0,-1,0,1.0000,-1,17,12,5,0,34,0,0,0,0
109.0324,1,0,5,0,0,0,0,-1,0,1.0000,-1,17,12,5,0,34,0,0,0,0
109.0532,1,0,5,0,0,0,0,-1,0,1.0000,-1,17,12,5,0,34,0,0,0,0
109.0758,1,0,5,0,0,0,0,-1,0,1.0000,-1,17,12,5,0,34,0,0,0,0
109.0967,1,0,5,0,0,0,0,-1,0,1.0000,-1,17,12,5,0,34,0,0,0,0
109.122,1,0,5,0,0,0,0,-1,0,1.0000,-1,17,12,5,0,34,0,0,0,0
109.1417,1,0,5,0,0,0,0,-1,0,1.0000,-1,17,12,5,0,34,0,0,0,0
109.1656,1,0,5,0,0,0,0,-1,0,1.0000,-1,17,12,5,0,34,0,0,0,0
109.1872,1,0,5,0,0,0,0,-1,0,1.0000,-1,17,12,5,0,34,0,0,0,0
109.2108,1,0,5,0,0,0,0,-1,0,1.0000,-1,17,12,5,0,34,0,0,0,0
109.2368,1,0,5,0,0,0,0,-1,0,1.0000,-1,17,12,5,0,34,0,0,0,0
109.2626,1,0,5,0,0,0,0,-1,0,1.0000,-1,17,12,5,0,34,0,0,0,0
109.2843,1,0,5,0,0,0,0,-1,0,1.0000,-1,17,12,5,0,34,0,0,0,0
109.3075,1,0,5,0,0,0,0,-1,0,1.0000,-1,17,12,5,0,34,0,0,0,0
109.3325,1,0,5,0,0,0,0,-1,0,1.0000,-1,17,12,5,0,34,0,0,0,0
109.3565,1,0,5,0,0,0,0,-1,0,1.0000,-1,17,12,5,0,34,0,0,0,0
109.3788,1,0,5,0,0,0,0,-1,0,1.0000,-1,17,12,5,0,34,0,0,0,0
109.4005,1,0,5,0,0,0,0,-1,0,1.0000,-1,17,12,5,0,34,0,0,0,0
109.4252,1,0,5,0,0,0,0,-1,0,1.0000,-1,17,12,5,0,34,0,0,0,0
109.4467,1,0,5,0,0,0,0,-1,0,1.0000,-1,17,12,5,0,34,0,0,0,0
109.4925,1,0,5,0,0,0,0,-1,0,1.0000,-1,17,12,5,0,34,0,0,0,0
109.5092,1,0,5,0,0,0,1,148,0,1.0000,-1,17,12,5,0,34,0,0,0,0
109.5257,1,0,5,0,0,0,1,148,0,1.0000,-1,17,12,5,0,34,0,0,0,0
109.541,1,0,5,0,0,0,1,148,0,1.0000,-1,17,12,5,0,34,0,0,0,0
109.5651,1,0,5,0,0,0,1,148,0,1.0000,-1,17,12,5,0,34,0,0,0,0
109.5865,1,0,5,0,0,0,1,148,0,1.0000,-1,17,12,5,0,34,0,0,0,0
109.6085,1,0,5,0,0,0,1,148,0,1.0000,-1,17,12,5,0,34,0,0,0,0
109.6313,1,0,5,0,0,0,1,148,0,1.0000,-1,17,12,5,0,34,0,0,0,0
109.6518,1,0,5,0,0,0,1,148,0,1.0000,-1,17,12,5,0,34,0,0,0,0
109.6938,1,0,5,0,0,0,1,148,0,0.0000,-1,17,12,5,0,34,0,0,0,0
109.7121,1,0,5,0,0,0,1,147,0,0.0000,148,18,12,5,0,35,0,0,0,0
109.7305,1,0,5,0,0,0,1,147,0,0.0000,-1,18,12,5,0,35,0,0,0,0
109.754,1,0,5,0,0,0,1,147,0,0.0000,-1,18,12,5,0,35,0,0,0,0
109.7697,1,0,5,0,0,0,1,147,0,0.0000,-1,18,12,5,0,35,0,0,0,0
109.7877,1,0,5,0,0,0,1,147,0,0.0000,-1,18,12,5,0,35,0,0,0,0
109.8128,1,0,5,0,0,0,1,147,0,0.0000,-1,18,12,5,0,35,0,0,0,0
109.8347,1,0,5,0,0,0,1,147,0,0.0000,-1,18,12,5,0,35,0,0,0,0
109.8574,1,0,5,0,0,0,1,147,0,0.0000,-1,18,12,5,0,35,0,0,0,0
109.898,1,0,5,0,0,0,1,147,0,0.0000,-1,18,12,5,0,35,0,0,0,0
109.915,1,0,5,0,0,0,1,147,0,0.0000,-1,18,12,5,0,35,0,0,0,0
109.9303,1,0,5,0,0,0,1,147,0,0.0000,-1,18,12,5,0,35,0,0,0,0
109.9491,1,0,5,0,0,0,1,147,0,0.0000,-1,18,12,5,0,35,0,0,0,0
109.9734,1,0,5,0,0,0,1,147,0,0.0000,-1,18,12,5,0,35,0,0,0,0
109.9955,1,0,5,0,0,0,1,147,0,0.0000,-1,18,12,5,0,35,0,0,0,0
110.0158,1,0,5,0,0,0,1,147,0,0.0000,-1,18,12,5,0,35,0,0,0,0
110.0396,1,0,5,0,0,0,1,147,0,0.0000,-1,18,12,5,0,35,0,0,0,0
110.0608,1,0,5,0,0,0,1,147,0,0.0000,-1,18,12,5,0,35,0,0,0,0
110.0849,2,1,6,0,0,0,0,-1,0,0.0000,147,18,13,5,0,36,0,0,0,0
110.1061,2,0,6,0,0,0,0,-1,0,0.0000,-1,18,13,5,0,36,0,0,0,0
110.1277,2,0,6,0,0,0,0,-1,0,0.0000,-1,18,13,5,0,36,0,0,0,0
110.1519,2,0,6,0,0,0,0,-1,1,1.0000,-1,18,13,5,0,36,0,0,0,0
110.1733,2,0,6,0,0,0,0,-1,0,1.0000,-1,18,13,5,0,36,0,0,0,0
110.1947,2,0,6,0,0,0,0,-1,0,1.0000,-1,18,13,5,0,36,0,0,0,0
110.2168,2,0,6,0,0,0,0,-1,0,1.0000,-1,18,13,5,0,36,0,0,0,0
110.24,2,0,6,0,0,0,0,-1,0,1.0000,-1,18,13,5,0,36,0,0,0,0
110.2617,2,0,6,0,0,0,0,-1,0,1.0000,-1,18,13,5,0,36,0,0,0,0
110.3066,2,0,6,0,0,0,0,-1,0,1.0000,-1,18,13,5,0,36,0,0,0,0
110.3262,2,0,6,0,0,0,0,-1,0,1.0000,-1,18,13,5,0,36,0,0,0,0
110.3428,2,0,6,0,0,0,0,-1,0,1.0000,-1,18,13,5,0,36,0,0,0,0
110.3593,2,0,6,0,0,0,0,-1,0,1.0000,-1,18,13,5,0,36,0,0,0,0
110.379,2,0,6,0,0,0,0,-1,0,1.0000,-1,18,13,5,0,36,0,0,0,0
110.4018,2,0,6,0,0,0,0,-1,0,1.0000,-1,18,13,5,0,36,0,0,0,0
110.4257,2,0,6,0,0,0,0,-1,0,1.0000,-1,18,13,5,0,36,0,0,0,0
110.4463,2,0,6,0,0,0,0,-1,0,1.0000,-1,18,13,5,0,36,0,0,0,0
110.4679,2,0,6,0,0,0,0,-1,0,1.0000,-1,18,13,5,0,36,0,0,0,0
110.4911,2,0,6,0,0,0,0,-1,0,1.0000,-1,18,13,5,0,36,0,0,0,0
110.5121,2,0,6,0,0,0,0,-1,0,1.0000,-1,18,13,5,0,36,0,0,0,0
110.5335,2,0,6,0,0,0,0,-1,0,1.0000,-1,18,13,5,0,36,0,0,0,0
110.5552,2,0,6,0,0,0,0,-1,0,1.0000,-1,18,13,5,0,36,0,0,0,0
110.5788,2,0,6,0,0,0,0,-1,0,1.0000,-1,18,13,5,0,36,0,0,0,0
110.6005,2,0,6,0,0,0,0,-1,0,1.0000,-1,18,13,5,0,36,0,0,0,0
110.623,2,0,6,0,0,0,0,-1,0,1.0000,-1,18,13,5,0,36,0,0,0,0
110.644,2,0,6,0,0,0,0,-1,0,1.0000,-1,18,13,5,0,36,0,0,0,0
110.6663,2,0,6,0,0,0,0,-1,0,1.0000,-1,18,13,5,0,36,0,0,0,0
110.6886,2,0,6,0,0,0,0,-1,0,1.0000,-1,18,13,5,0,36,0,0,0,0
110.7093,2,0,6,0,0,0,0,-1,0,1.0000,-1,18,13,5,0,36,0,0,0,0
110.7325,2,0,6,0,0,0,0,-1,0,1.0000,-1,18,13,5,0,36,0,0,0,0
110.7547,2,0,6,0,0,0,0,-1,0,1.0000,-1,18,13,5,0,36,0,0,0,0
110.7774,2,0,6,0,0,0,0,-1,0,1.0000,-1,18,13,5,0,36,0,0,0,0
110.7996,2,0,6,0,0,0,0,-1,0,1.0000,-1,18,13,5,0,36,0,0,0,0
110.8216,2,0,6,0,0,0,0,-1,0,1.0000,-1,18,13,5,0,36,0,0,0,0
110.8424,2,0,6,0,0,0,0,-1,0,1.0000,-1,18,13,5,0,36,0,0,0,0
110.8644,2,0,6,0,0,0,0,-1,0,1.0000,-1,18,13,5,0,36,0,0,0,0
110.8864,2,0,6,0,0,0,0,-1,0,1.0000,-1,18,13,5,0,36,0,0,0,0
110.9068,2,0,6,0,0,0,0,-1,0,1.0000,-1,18,13,5,0,36,0,0,0,0
110.9488,2,0,6,0,0,0,0,-1,0,1.0000,-1,18,13,5,0,36,0,0,0,0
110.9632,2,0,6,0,0,0,0,-1,0,1.0000,-1,18,13,5,0,36,0,0,0,0
110.9814,2,0,6,0,0,0,0,-1,0,1.0000,-1,18,13,5,0,36,0,0,0,0
110.9996,2,0,6,0,0,0,0,-1,0,1.0000,-1,18,13,5,0,36,0,0,0,0
111.02,2,0,6,0,0,0,0,-1,0,1.0000,-1,18,13,5,0,36,0,0,0,0
111.0436,2,0,6,0,0,0,0,-1,0,1.0000,-1,18,13,5,0,36,0,0,0,0
111.0651,2,0,6,0,0,0,0,-1,0,1.0000,-1,18,13,5,0,36,0,0,0,0
111.0868,2,0,6,0,0,0,0,-1,0,1.0000,-1,18,13,5,0,36,0,0,0,0
111.1076,2,0,6,0,0,0,0,-1,0,1.0000,-1,18,13,5,0,36,0,0,0,0
111.1293,2,0,6,0,0,0,0,-1,0,1.0000,-1,18,13,5,0,36,0,0,0,0
111.1504,2,0,6,0,0,0,0,-1,0,1.0000,-1,18,13,5,0,36,0,0,0,0
111.173,2,0,6,0,0,0,0,-1,0,0.0000,-1,18,13,5,0,36,0,0,0,0
111.1943,2,0,6,0,0,0,0,-1,0,0.0000,-1,18,13,5,0,36,0,0,0,0
111.2175,2,0,6,0,0,0,0,-1,0,0.0000,-1,18,13,5,0,36,0,0,0,0
111.2368,2,0,6,0,0,0,0,-1,0,0.0000,-1,18,13,5,0,36,0,0,0,0
111.2591,2,0,6,0,0,0,0,-1,0,0.0000,-1,18,13,5,0,36,0,0,0,0
111.2796,2,0,6,0,0,0,0,-1,0,0.0000,-1,18,13,5,0,36,0,0,0,0
111.3015,2,0,6,0,0,0,0,-1,0,0.0000,-1,18,13,5,0,36,0,0,0,0
111.3287,2,0,6,0,0,0,0,-1,0,0.0000,-1,18,13,5,0,36,0,0,0,0
111.372,2,0,6,0,0,0,0,-1,0,0.0000,-1,18,13,5,0,36,0,0,0,0
111.3926,2,0,6,0,0,0,0,-1,0,0.0000,-1,18,13,5,0,36,0,0,0,0
111.4116,2,0,6,0,0,0,0,-1,0,0.0000,-1,18,13,5,0,36,0,0,0,0
111.4265,2,0,6,0,0,0,0,-1,0,0.0000,-1,18,13,5,0,36,0,0,0,0
111.4449,2,0,6,0,0,0,0,-1,0,0.0000,-1,18,13,5,0,36,0,0,0,0
111.4681,2,0,6,0,0,0,0,-1,0,0.0000,-1,18,13,5,0,36,0,0,0,0
111.4914,2,0,6,0,0,0,0,-1,0,0.0000,-1,18,13,5,0,36,0,0,0,0
111.5145,2,0,6,0,0,0,0,-1,0,0.0000,-1,18,13,5,0,36,0,0,0,0
111.5347,2,0,6,0,0,0,0,-1,0,0.0000,-1,18,13,5,0,36,0,0,0,0
111.5753,2,0,6,0,0,0,0,-1,0,0.0000,-1,18,13,5,0,36,0,0,0,0
111.5908,2,0,6,0,0,0,1,149,0,0.0000,-1,18,13,5,0,36,0,0,0,0
111.6059,2,0,6,0,0,0,1,149,0,0.0000,-1,18,13,5,0,36,0,0,0,0
111.6259,2,0,6,0,0,0,1,149,0,0.0000,-1,18,13,5,0,36,0,0,0,0
111.6471,2,0,6,0,0,0,1,149,0,0.0000,-1,18,13,5,0,36,0,0,0,0
111.6672,2,0,6,0,0,0,1,149,0,0.0000,-1,18,13,5,0,36,0,0,0,0
111.6891,2,0,6,0,0,0,1,149,0,0.0000,-1,18,13,5,0,36,0,0,0,0
111.7106,2,0,6,0,0,0,0,-1,0,0.0000,-1,18,13,5,0,36,0,0,0,0
111.7318,2,0,6,0,0,0,0,-1,0,0.0000,-1,18,13,5,0,36,0,0,0,0
111.7537,2,0,6,0,0,0,0,-1,0,0.0000,-1,18,13,5,0,36,0,0,0,0
111.7742,2,0,6,0,0,0,0,-1,0,0.0000,-1,18,13,5,0,36,0,0,0,0
111.7943,2,0,6,0,0,0,0,-1,0,0.0000,-1,18,13,5,0,36,0,0,0,0
111.8164,2,0,6,0,0,0,0,-1,0,0.0000,-1,18,13,5,0,36,0,0,0,0
111.8384,2,0,6,0,0,0,0,-1,0,0.0000,-1,18,13,5,0,36,0,0,0,0
111.8587,2,0,6,0,0,0,0,-1,0,0.0000,-1,18,13,5,0,36,0,0,0,0
111.8805,2,0,6,0,0,0,0,-1,0,0.0000,-1,18,13,5,0,36,0,0,0,0
111.9014,2,0,6,0,0,0,0,-1,0,0.0000,-1,18,13,5,0,36,0,0,0,0
111.9223,2,0,6,0,0,0,0,-1,0,0.0000,-1,18,13,5,0,36,0,0,0,0
111.9432,2,0,6,0,0,0,0,-1,0,0.0000,-1,18,13,5,0,36,0,0,0,0
111.9642,2,0,6,0,0,0,0,-1,0,0.0000,-1,18,13,5,0,36,0,0,0,0
111.9849,2,0,6,0,0,0,0,-1,0,0.0000,-1,18,13,5,0,36,0,0,0,0
112.0056,2,0,6,0,0,0,0,-1,0,0.0000,-1,18,13,5,0,36,0,0,0,0
112.0268,2,0,6,0,0,0,0,-1,0,0.0000,-1,18,13,5,0,36,0,0,0,0
112.0474,2,0,6,0,0,0,0,-1,0,0.0000,-1,18,13,5,0,36,0,0,0,0
112.0697,2,0,6,0,0,0,0,-1,0,0.0000,-1,18,13,5,0,36,0,0,0,0
112.0901,2,0,6,0,0,0,1,152,0,0.0000,-1,18,13,5,0,36,0,0,0,0
112.1107,2,0,6,0,0,0,1,152,0,0.0000,-1,18,13,5,0,36,0,0,0,0
112.1318,2,0,6,0,0,0,1,152,0,0.0000,-1,18,13,5,0,36,0,0,0,0
112.1519,2,0,6,0,0,0,1,152,0,0.0000,-1,18,13,5,0,36,0,0,0,0
112.1741,2,0,6,0,0,0,1,152,0,0.0000,-1,18,13,5,0,36,0,0,0,0
112.1957,2,0,6,0,0,0,1,152,0,0.0000,-1,18,13,5,0,36,0,0,0,0
112.2159,2,0,6,0,0,0,1,152,0,0.0000,-1,18,13,5,0,36,0,0,0,0
112.2376,2,0,6,0,0,0,1,152,0,0.0000,-1,18,13,5,0,36,0,0,0,0
112.258,2,0,6,0,0,0,1,152,0,0.0000,-1,18,13,5,0,36,0,0,0,0
112.2806,2,0,6,0,0,0,1,152,0,0.0000,-1,18,13,5,0,36,0,0,0,0
112.3019,2,0,6,0,0,0,1,152,0,0.0000,-1,18,13,5,0,36,0,0,0,0
112.322,2,0,6,0,0,0,1,152,0,0.0000,-1,18,13,5,0,36,0,0,0,0
112.3427,2,0,6,0,0,0,1,152,0,0.0000,-1,18,13,5,0,36,0,0,0,0
112.3626,2,0,6,0,0,0,1,152,0,0.0000,-1,18,13,5,0,36,0,0,0,0
112.3845,2,0,6,0,0,0,1,152,0,0.0000,-1,18,13,5,0,36,0,0,0,0
112.4086,2,0,6,0,0,0,1,152,0,0.0000,-1,18,13,5,0,36,0,0,0,0
112.4304,2,0,6,0,0,0,1,152,0,0.0000,-1,18,13,5,0,36,0,0,0,0
112.4494,2,0,6,0,0,0,0,-1,0,0.0000,-1,18,13,5,0,36,0,0,0,0
112.4709,2,0,6,0,0,0,0,-1,0,0.0000,-1,18,13,5,0,36,0,0,0,0
112.4916,2,0,6,0,0,0,0,-1,0,0.0000,-1,18,13,5,0,36,0,0,0,0
112.5144,2,0,6,0,0,0,0,-1,0,0.0000,-1,18,13,5,0,36,0,0,0,0
112.5351,2,0,6,0,0,0,0,-1,0,0.0000,-1,18,13,5,0,36,0,0,0,0
112.5551,2,0,6,0,0,0,0,-1,0,0.0000,-1,18,13,5,0,36,0,0,0,0
112.585,2,0,6,0,0,0,0,-1,0,0.0000,-1,18,13,5,0,36,0,0,0,0
112.6193,2,0,6,0,0,0,0,-1,0,0.0000,-1,18,13,5,0,36,0,0,0,0
112.6328,2,0,6,0,0,0,0,-1,0,0.0000,-1,18,13,5,0,36,0,0,0,0
112.6469,2,0,6,0,0,0,0,-1,0,0.0000,-1,18,13,5,0,36,0,0,0,0
112.6701,2,0,6,0,0,0,0,-1,0,0.0000,-1,18,13,5,0,36,0,0,0,0
112.6941,2,0,6,0,0,0,0,-1,0,0.0000,-1,18,13,5,0,36,0,0,0,0
112.713,2,0,6,0,0,0,0,-1,0,0.0000,-1,18,13,5,0,36,0,0,0,0
112.7364,2,0,6,0,0,0,0,-1,0,0.0000,-1,18,13,5,0,36,0,0,0,0
112.755,2,0,6,0,0,0,0,-1,0,0.0000,-1,18,13,5,0,36,0,0,0,0
112.7781,2,0,6,0,0,0,0,-1,0,0.0000,-1,18,13,5,0,36,0,0,0,0
112.7989,2,0,6,0,0,0,0,-1,0,0.0000,-1,18,13,5,0,36,0,0,0,0
112.8406,2,0,6,0,0,0,0,-1,0,0.0000,-1,18,13,5,0,36,0,0,0,0
112.8577,2,0,6,0,0,0,0,-1,0,0.0000,-1,18,13,5,0,36,0,0,0,0
112.8718,2,0,6,0,0,0,0,-1,0,0.0000,-1,18,13,5,0,36,0,0,0,0
112.8907,2,0,6,0,0,0,0,-1,0,0.0000,-1,18,13,5,0,36,0,0,0,0
112.9147,2,0,6,0,0,0,0,-1,0,0.0000,-1,18,13,5,0,36,0,0,0,0
112.9365,2,0,6,1,0,0,0,-1,0,0.0000,-1,18,13,5,0,36,0,0,0,0
112.9566,2,0,6,1,0,0,0,-1,0,0.0000,-1,18,13,5,0,36,0,0,0,0
112.9791,2,0,6,1,0,0,0,-1,0,0.0000,-1,18,13,5,0,36,0,0,0,0
113.0008,2,0,6,1,0,0,0,-1,0,0.0000,-1,18,13,5,0,36,0,0,0,0
113.0432,2,0,6,1,0,0,0,-1,0,0.0000,-1,18,13,5,0,36,0,0,0,0
113.0651,2,0,6,1,0,0,0,-1,0,0.0000,-1,18,13,5,0,36,0,0,0,0
113.0826,2,0,6,1,0,0,0,-1,0,0.0000,-1,18,13,5,0,36,0,0,0,0
113.0985,2,0,6,1,0,0,0,-1,0,0.0000,-1,18,13,5,0,36,0,0,0,0
113.1147,2,0,6,1,0,0,0,-1,0,0.0000,-1,18,13,5,0,36,0,0,0,0
113.1397,2,0,6,1,0,0,0,-1,0,0.0000,-1,18,13,5,0,36,0,0,0,0
113.1622,2,0,6,1,0,0,0,-1,0,0.0000,-1,18,13,5,0,36,0,0,0,0
113.185,2,0,6,1,0,0,0,-1,0,0.0000,-1,18,13,5,0,36,0,0,0,0
113.2076,2,0,6,1,0,0,0,-1,0,0.0000,-1,18,13,5,0,36,0,0,0,0
113.231,2,0,6,1,0,0,0,-1,0,0.0000,-1,18,13,5,0,36,0,0,0,0
113.2536,2,0,6,1,0,0,0,-1,0,0.0000,-1,18,13,5,0,36,0,0,0,0
113.2776,2,0,6,1,0,0,0,-1,0,0.0000,-1,18,13,5,0,36,0,0,0,0
113.3017,2,0,6,1,0,0,0,-1,0,0.0000,-1,18,13,5,0,36,0,0,0,0
113.3252,2,0,6,0,0,0,0,-1,0,0.0000,-1,18,13,5,0,36,0,0,0,0
113.3494,2,0,6,0,0,0,0,-1,0,0.0000,-1,18,13,5,0,36,0,0,0,0
113.3733,2,0,6,0,0,0,0,-1,0,0.0000,-1,18,13,5,0,36,0,0,0,0
113.3986,2,0,6,0,0,0,0,-1,0,0.0000,-1,18,13,5,0,36,0,0,0,0
113.4202,2,0,6,0,0,0,0,-1,0,0.0000,-1,18,13,5,0,36,0,0,0,0
113.4631,2,0,6,0,0,0,0,-1,0,0.0000,-1,18,13,5,0,36,0,0,0,0
113.4823,2,0,6,0,0,0,0,-1,0,0.0000,-1,18,13,5,0,36,0,0,0,0
113.4994,2,0,6,0,0,0,0,-1,0,0.0000,-1,18,13,5,0,36,0,0,0,0
113.5132,2,0,6,0,0,0,0,-1,0,0.0000,-1,18,13,5,0,36,0,0,0,0
113.5357,2,0,6,0,0,0,0,-1,0,0.0000,-1,18,13,5,0,36,0,0,0,0
113.5572,2,0,6,0,0,0,0,-1,0,0.0000,-1,18,13,5,0,36,0,0,0,0
113.5758,2,0,6,0,0,0,0,-1,0,0.0000,-1,18,13,5,0,36,0,0,0,0
113.5974,2,0,6,0,0,0,0,-1,0,0.0000,-1,18,13,5,0,36,0,0,0,0
113.6181,2,0,6,0,0,0,0,-1,0,0.0000,-1,18,13,5,0,36,0,0,0,0
113.6386,2,0,6,0,0,0,0,-1,0,0.0000,-1,18,13,5,0,36,0,0,0,0
113.6789,2,0,6,0,0,0,0,-1,0,0.0000,-1,18,13,5,0,36,0,0,0,0
113.6936,2,0,6,0,0,0,1,155,0,0.0000,-1,18,13,5,0,36,0,0,0,0
113.7074,2,0,6,0,0,0,1,155,0,0.0000,-1,18,13,5,0,36,0,0,0,0
113.7288,2,0,6,0,0,0,1,155,0,0.0000,-1,18,13,5,0,36,0,0,0,0
113.748,2,0,6,0,0,0,1,155,0,0.0000,-1,18,13,5,0,36,0,0,0,0
113.7698,2,0,6,0,0,0,1,155,0,0.0000,-1,18,13,5,0,36,0,0,0,0
113.7898,2,0,6,0,0,0,1,155,0,0.0000,-1,18,13,5,0,36,0,0,0,0
113.8105,2,0,6,0,0,0,1,155,0,0.0000,-1,18,13,5,0,36,0,0,0,0
113.8318,2,0,6,0,0,0,1,155,0,0.0000,-1,18,13,5,0,36,0,0,0,0
113.8498,2,0,6,0,0,0,1,155,0,0.0000,-1,18,13,5,0,36,0,0,0,0
113.8755,2,0,6,0,0,0,1,155,0,0.0000,-1,18,13,5,0,36,0,0,0,0
113.8951,2,0,6,0,0,0,1,155,0,0.0000,-1,18,13,5,0,36,0,0,0,0
113.9151,2,0,6,0,0,0,1,155,0,0.0000,-1,18,13,5,0,36,0,0,0,0
113.9369,2,0,6,0,0,0,1,155,0,0.0000,-1,18,13,5,0,36,0,0,0,0
113.9584,2,0,6,0,0,0,1,155,0,0.0000,-1,18,13,5,0,36,0,0,0,0
113.9791,2,0,6,0,0,0,1,155,0,0.0000,-1,18,13,5,0,36,0,0,0,0
114.0013,2,0,6,0,0,0,1,155,0,0.0000,-1,18,13,5,0,36,0,0,0,0
114.0218,2,0,6,0,0,0,1,155,0,0.0000,-1,18,13,5,0,36,0,0,0,0
114.0417,2,0,6,0,0,0,1,155,0,0.0000,-1,18,13,5,0,36,0,0,0,0
114.061,2,0,6,0,0,0,1,155,0,0.0000,-1,18,13,5,0,36,0,0,0,0
114.0839,2,0,6,0,0,0,1,155,0,0.0000,-1,18,13,5,0,36,0,0,0,0
114.1047,2,0,6,0,0,0,0,-1,0,0.0000,155,18,14,5,0,37,0,0,0,0
114.1295,2,0,6,0,0,0,0,-1,0,0.0000,-1,18,14,5,0,37,0,0,0,0
114.1506,2,0,6,0,0,0,0,-1,0,0.0000,-1,18,14,5,0,37,0,0,0,0
114.1685,2,0,6,0,0,0,0,-1,0,0.0000,-1,18,14,5,0,37,0,0,0,0
114.1904,2,0,6,0,0,0,0,-1,0,0.0000,-1,18,14,5,0,37,0,0,0,0
114.2105,2,0,6,0,0,0,0,-1,0,0.0000,-1,18,14,5,0,37,0,0,0,0
114.2335,2,0,6,0,0,0,0,-1,0,0.0000,-1,18,14,5,0,37,0,0,0,0
114.2539,2,0,6,0,0,0,0,-1,0,0.0000,-1,18,14,5,0,37,0,0,0,0
114.2726,2,0,6,0,0,0,0,-1,0,0.0000,-1,18,14,5,0,37,0,0,0,0
114.3136,2,0,6,0,0,0,0,-1,0,0.0000,-1,18,14,5,0,37,0,0,0,0
114.3334,2,0,6,0,0,0,0,-1,0,0.0000,-1,18,14,5,0,37,0,0,0,0
114.3504,2,0,6,0,0,0,0,-1,0,0.0000,-1,18,14,5,0,37,0,0,0,0
114.3684,2,0,6,0,0,0,0,-1,0,0.0000,-1,18,14,5,0,37,0,0,0,0
114.3852,2,0,6,0,0,0,0,-1,0,0.0000,-1,18,14,5,0,37,0,0,0,0
114.4027,2,0,6,0,0,0,0,-1,0,0.0000,-1,18,14,5,0,37,0,0,0,0
114.4258,2,0,6,0,0,0,0,-1,0,0.0000,-1,18,14,5,0,37,0,0,0,0
114.4466,2,0,6,0,0,0,0,-1,0,0.0000,-1,18,14,5,0,37,0,0,0,0
114.4669,2,0,6,0,0,0,0,-1,0,0.0000,-1,18,14,5,0,37,0,0,0,0
114.4893,2,0,6,0,0,0,0,-1,0,0.0000,-1,18,14,5,0,37,0,0,0,0
114.5083,2,0,6,0,0,0,0,-1,0,0.0000,-1,18,14,5,0,37,0,0,0,0
114.5276,2,0,6,0,0,0,0,-1,0,0.0000,-1,18,14,5,0,37,0,0,0,0
114.5484,2,0,6,0,0,0,0,-1,0,0.0000,-1,18,14,5,0,37,0,0,0,0
114.5693,2,0,6,0,0,0,0,-1,0,0.0000,-1,18,14,5,0,37,0,0,0,0
114.5935,2,0,6,0,0,0,0,-1,0,0.0000,-1,18,14,5,0,37,0,0,0,0
114.6135,2,0,6,0,0,0,0,-1,0,0.0000,-1,18,14,5,0,37,0,0,0,0
114.6352,2,0,6,0,0,0,0,-1,0,0.0000,-1,18,14,5,0,37,0,0,0,0
114.6563,2,0,6,0,0,0,0,-1,0,0.0000,-1,18,14,5,0,37,0,0,0,0
114.6764,2,0,6,0,0,0,0,-1,0,0.0000,-1,18,14,5,0,37,0,0,0,0
114.6945,2,0,6,0,0,0,0,-1,0,0.0000,-1,18,14,5,0,37,0,0,0,0
114.7168,2,0,6,0,0,0,0,-1,0,0.0000,-1,18,14,5,0,37,0,0,0,0
114.7365,2,0,6,0,0,0,0,-1,0,0.0000,-1,18,14,5,0,37,0,0,0,0
114.7596,2,0,6,0,0,0,0,-1,0,0.0000,-1,18,14,5,0,37,0,0,0,0
114.7782,2,0,6,0,0,0,0,-1,0,0.0000,-1,18,14,5,0,37,0,0,0,0
114.8009,2,0,6,0,0,0,0,-1,0,0.0000,-1,18,14,5,0,37,0,0,0,0
114.8215,2,0,6,0,0,0,0,-1,0,0.0000,-1,18,14,5,0,37,0,0,0,0
114.8409,2,0,6,0,0,0,0,-1,0,0.0000,-1,18,14,5,0,37,0,0,0,0
114.8617,2,0,6,0,0,0,0,-1,0,0.0000,-1,18,14,5,0,37,0,0,0,0
114.8812,2,0,6,0,0,0,0,-1,0,0.0000,-1,18,14,5,0,37,0,0,0,0
114.9039,2,0,6,0,0,0,0,-1,0,0.0000,-1,18,14,5,0,37,0,0,0,0
114.9253,2,0,6,0,0,0,0,-1,0,0.0000,-1,18,14,5,0,37,0,0,0,0
114.9465,2,0,6,0,0,0,1,160,0,0.0000,-1,18,14,5,0,37,0,0,0,0
114.9671,2,0,6,0,0,0,1,160,0,0.0000,-1,18,14,5,0,37,0,0,0,0
114.9872,2,0,6,0,0,0,1,160,0,0.0000,-1,18,14,5,0,37,0,0,0,0
115.0049,2,0,6,0,0,0,1,160,0,0.0000,-1,18,14,5,0,37,0,0,0,0
115.027,2,0,6,0,0,0,1,160,0,0.0000,-1,18,14,5,0,37,0,0,0,0
115.0478,2,0,6,0,0,0,1,160,1,1.0000,-1,18,14,5,0,37,0,0,0,0
115.0708,2,0,6,0,0,0,1,160,0,1.0000,-1,18,14,5,0,37,0,0,0,0
115.092,2,0,6,0,0,0,0,-1,0,1.0000,-1,18,14,5,0,37,0,0,0,0
115.112,2,0,6,0,0,0,0,-1,0,1.0000,-1,18,14,5,0,37,0,0,0,0
115.1325,2,0,6,0,0,0,0,-1,0,1.0000,-1,18,14,5,0,37,0,0,0,0
115.1543,2,0,6,0,0,0,0,-1,0,1.0000,-1,18,14,5,0,37,0,0,0,0
115.1732,2,0,6,0,0,0,0,-1,0,1.0000,-1,18,14,5,0,37,0,0,0,0
115.1938,2,0,6,0,0,0,0,-1,0,1.0000,-1,18,14,5,0,37,0,0,0,0
115.2143,2,0,6,0,0,0,0,-1,0,1.0000,-1,18,14,5,0,37,0,0,0,0
115.2374,2,0,6,0,0,0,0,-1,0,1.0000,-1,18,14,5,0,37,0,0,0,0
115.2571,2,0,6,0,0,0,0,-1,0,1.0000,-1,18,14,5,0,37,0,0,0,0
115.278,2,0,6,0,0,0,0,-1,0,1.0000,-1,18,14,5,0,37,0,0,0,0
115.298,2,0,6,0,0,0,0,-1,0,1.0000,-1,18,14,5,0,37,0,0,0,0
115.3192,2,0,6,0,0,0,0,-1,0,1.0000,-1,18,14,5,0,37,0,0,0,0
115.3367,2,0,6,0,0,0,0,-1,0,1.0000,-1,18,14,5,0,37,0,0,0,0
115.3577,2,0,6,0,0,0,0,-1,0,1.0000,-1,18,14,5,0,37,0,0,0,0
115.3772,2,0,6,0,0,0,0,-1,0,1.0000,-1,18,14,5,0,37,0,0,0,0
115.394,2,0,6,0,0,0,0,-1,0,1.0000,-1,18,14,5,0,37,0,0,0,0
115.4155,2,0,6,0,0,0,0,-1,0,1.0000,-1,18,14,5,0,37,0,0,0,0
115.434,2,0,6,0,0,0,1,159,0,1.0000,-1,18,14,5,0,37,0,0,0,0
115.4528,2,0,6,0,0,0,1,159,0,1.0000,-1,18,14,5,0,37,0,0,0,0
115.4742,2,0,6,0,0,0,1,159,0,1.0000,-1,18,14,5,0,37,0,0,0,0
115.4917,2,0,6,0,0,0,1,159,0,1.0000,-1,18,14,5,0,37,0,0,0,0
115.5129,2,0,6,0,0,0,1,159,1,2.0000,-1,18,14,5,0,37,0,0,0,0
115.5329,2,0,6,0,0,0,1,159,0,2.0000,-1,18,14,5,0,37,0,0,0,0
115.5695,2,0,6,0,0,0,1,159,0,2.0000,-1,18,14,5,0,37,0,0,0,0
115.5873,2,0,6,0,0,0,1,159,0,2.0000,-1,18,14,5,0,37,0,0,0,0
115.609,2,0,6,0,0,0,1,159,0,2.0000,-1,18,14,5,0,37,0,0,0,0
115.6215,2,0,6,0,0,0,1,159,0,2.0000,-1,18,14,5,0,37,0,0,0,0
115.6349,2,0,6,0,0,0,1,159,0,2.0000,-1,18,14,5,0,37,0,0,0,0
115.6566,2,0,6,0,0,0,1,159,0,2.0000,-1,18,14,5,0,37,0,0,0,0
115.6764,2,0,6,0,0,0,1,159,0,2.0000,-1,18,14,5,0,37,0,0,0,0
115.694,2,0,6,0,0,0,1,159,0,2.0000,-1,18,14,5,0,37,0,0,0,0
115.7148,2,0,6,0,0,0,1,159,0,2.0000,-1,18,14,5,0,37,0,0,0,0
115.7347,2,0,6,0,0,0,1,159,0,2.0000,-1,18,14,5,0,37,0,0,0,0
115.771,2,0,6,0,0,0,1,159,0,2.0000,-1,18,14,5,0,37,0,0,0,0
115.788,2,0,6,0,0,0,1,159,0,2.0000,-1,18,14,5,0,37,0,0,0,0
115.8034,2,0,6,0,0,0,1,159,0,2.0000,-1,18,14,5,0,37,0,0,0,0
115.8192,2,0,6,0,0,0,1,159,0,2.0000,-1,18,14,5,0,37,0,0,0,0
115.8339,2,0,6,0,0,0,1,159,0,2.0000,-1,18,14,5,0,37,0,0,0,0
115.8565,2,0,6,0,0,0,1,159,0,2.0000,-1,18,14,5,0,37,0,0,0,0
115.8743,2,0,6,0,0,0,1,159,0,2.0000,-1,18,14,5,0,37,0,0,0,0
115.8931,2,0,6,0,0,0,0,-1,0,2.0000,159,18,15,5,0,38,0,0,0,0
115.9119,2,0,6,0,0,0,0,-1,0,2.0000,-1,18,15,5,0,38,0,0,0,0
115.9343,2,0,6,0,0,0,0,-1,0,2.0000,-1,18,15,5,0,38,0,0,0,0
115.9557,2,0,6,0,0,0,0,-1,0,2.0000,-1,18,15,5,0,38,0,0,0,0
115.992,2,0,6,0,0,0,0,-1,0,2.0000,-1,18,15,5,0,38,0,0,0,0
116.0125,2,0,6,0,0,0,0,-1,0,2.0000,-1,18,15,5,0,38,0,0,0,0
116.03,2,0,6,0,0,0,0,-1,0,2.0000,-1,18,15,5,0,38,0,0,0,0
116.0478,2,0,6,0,0,0,0,-1,0,1.0000,-1,18,15,5,0,38,0,0,0,0
116.0649,2,0,6,0,0,0,0,-1,0,1.0000,-1,18,15,5,0,38,0,0,0,0
116.0804,2,0,6,0,0,0,0,-1,0,1.0000,-1,18,15,5,0,38,0,0,0,0
116.098,2,0,6,0,0,0,0,-1,0,1.0000,-1,18,15,5,0,38,0,0,0,0
116.1153,2,0,6,0,0,0,0,-1,0,1.0000,-1,18,15,5,0,38,0,0,0,0
116.1354,2,0,6,0,0,0,0,-1,0,1.0000,-1,18,15,5,0,38,0,0,0,0
116.1572,2,0,6,0,0,0,0,-1,0,1.0000,-1,18,15,5,0,38,0,0,0,0
116.1758,2,0,6,0,0,0,0,-1,0,1.0000,-1,18,15,5,0,38,0,0,0,0
116.1928,2,0,6,0,0,0,0,-1,0,1.0000,-1,18,15,5,0,38,0,0,0,0
116.2139,2,0,6,0,0,0,0,-1,0,1.0000,-1,18,15,5,0,38,0,0,0,0
116.2362,2,0,6,0,0,0,0,-1,0,1.0000,-1,18,15,5,0,38,0,0,0,0
116.2561,2,0,6,0,0,0,0,-1,0,1.0000,-1,18,15,5,0,38,0,0,0,0
116.2775,2,0,6,0,0,0,0,-1,0,1.0000,-1,18,15,5,0,38,0,0,0,0
116.2948,2,0,6,0,0,0,0,-1,0,1.0000,-1,18,15,5,0,38,0,0,0,0
116.3145,2,0,6,0,0,0,0,-1,0,1.0000,-1,18,15,5,0,38,0,0,0,0
116.3345,2,0,6,0,0,0,0,-1,0,1.0000,-1,18,15,5,0,38,0,0,0,0
116.3562,2,0,6,0,0,0,0,-1,0,1.0000,-1,18,15,5,0,38,0,0,0,0
116.3754,2,0,6,0,0,0,0,-1,0,1.0000,-1,18,15,5,0,38,0,0,0,0
116.3918,2,0,6,0,0,0,0,-1,0,1.0000,-1,18,15,5,0,38,0,0,0,0
116.4142,2,0,6,0,0,0,0,-1,0,1.0000,-1,18,15,5,0,38,0,0,0,0
116.435,2,0,6,0,0,0,0,-1,0,1.0000,-1,18,15,5,0,38,0,0,0,0
116.4554,2,0,6,0,0,0,0,-1,0,1.0000,-1,18,15,5,0,38,0,0,0,0
116.4759,2,0,6,0,0,0,1,163,0,1.0000,-1,18,15,5,0,38,0,0,0,0
116.4944,2,0,6,0,0,0,1,163,0,1.0000,-1,18,15,5,0,38,0,0,0,0
116.5143,2,0,6,0,0,0,1,163,0,0.0000,-1,18,15,5,0,38,0,0,0,0
116.536,2,0,6,0,0,0,1,163,1,1.0000,-1,18,15,5,0,38,0,0,0,0
116.5582,2,0,6,0,0,0,0,-1,0,1.0000,-1,18,15,5,0,38,0,0,0,0
116.5784,2,0,6,0,0,0,0,-1,0,1.0000,-1,18,15,5,0,38,0,0,0,0
116.5993,2,0,6,0,0,0,0,-1,0,1.0000,-1,18,15,5,0,38,0,0,0,0
116.6171,2,0,6,0,0,0,0,-1,0,1.0000,-1,18,15,5,0,38,0,0,0,0
116.6382,2,0,6,0,0,0,0,-1,0,1.0000,-1,18,15,5,0,38,0,0,0,0
116.659,2,0,6,0,0,0,0,-1,0,1.0000,-1,18,15,5,0,38,0,0,0,0
116.6812,2,0,6,0,0,0,0,-1,0,1.0000,-1,18,15,5,0,38,0,0,0,0
116.7005,2,0,6,0,0,0,0,-1,0,1.0000,-1,18,15,5,0,38,0,0,0,0
116.7222,2,0,6,0,0,0,0,-1,0,1.0000,-1,18,15,5,0,38,0,0,0,0
116.7432,2,0,6,0,0,0,0,-1,0,1.0000,-1,18,15,5,0,38,0,0,0,0
116.7615,2,0,6,0,0,0,0,-1,0,1.0000,-1,18,15,5,0,38,0,0,0,0
116.7823,2,0,6,0,0,0,0,-1,0,1.0000,-1,18,15,5,0,38,0,0,0,0
116.8018,2,0,6,0,0,0,0,-1,0,1.0000,-1,18,15,5,0,38,0,0,0,0
116.8255,2,0,6,0,0,0,0,-1,0,1.0000,-1,18,15,5,0,38,0,0,0,0
116.8459,2,0,6,0,0,0,0,-1,0,1.0000,-1,18,15,5,0,38,0,0,0,0
116.8657,2,0,6,0,0,0,0,-1,0,1.0000,-1,18,15,5,0,38,0,0,0,0
116.8875,2,0,6,0,0,0,0,-1,0,1.0000,-1,18,15,5,0,38,0,0,0,0
116.9057,2,0,6,0,0,0,0,-1,0,1.0000,-1,18,15,5,0,38,0,0,0,0
116.9281,2,0,6,0,0,0,0,-1,0,1.0000,-1,18,15,5,0,38,0,0,0,0
116.9485,2,0,6,1,0,0,0,-1,0,1.0000,-1,18,15,5,0,38,0,0,0,0
116.9704,2,0,6,1,0,0,0,-1,0,1.0000,-1,18,15,5,0,38,0,0,0,0
116.9908,2,0,6,1,0,0,0,-1,0,1.0000,-1,18,15,5,0,38,0,0,0,0
117.0298,2,0,6,1,0,0,0,-1,0,1.0000,-1,18,15,5,0,38,0,0,0,0
117.0479,2,0,6,1,0,0,0,-1,0,1.0000,-1,18,15,5,0,38,0,0,0,0
117.0721,2,0,6,0,0,0,0,-1,0,1.0000,-1,18,15,5,0,38,0,0,0,0
117.0875,2,0,6,0,0,0,0,-1,0,1.0000,-1,18,15,5,0,38,0,0,0,0
117.1004,2,0,6,0,0,0,0,-1,0,1.0000,-1,18,15,5,0,38,0,0,0,0
117.1207,2,0,6,0,0,0,0,-1,0,1.0000,-1,18,15,5,0,38,0,0,0,0
117.1419,2,0,6,0,0,0,0,-1,0,1.0000,-1,18,15,5,0,38,0,0,0,0
117.1645,2,0,6,0,0,0,0,-1,0,1.0000,-1,18,15,5,0,38,0,0,0,0
117.1813,2,0,6,0,0,0,0,-1,0,1.0000,-1,18,15,5,0,38,0,0,0,0
117.2038,2,0,6,0,0,0,0,-1,0,1.0000,-1,18,15,5,0,38,0,0,0,0
117.2445,2,0,6,0,0,0,0,-1,0,1.0000,-1,18,15,5,0,38,0,0,0,0
117.2604,2,0,6,0,0,0,0,-1,0,1.0000,-1,18,15,5,0,38,0,0,0,0
117.2768,2,0,6,0,0,0,0,-1,0,1.0000,-1,18,15,5,0,38,0,0,0,0
117.2936,2,0,6,0,0,0,0,-1,0,1.0000,-1,18,15,5,0,38,0,0,0,0
117.315,2,0,6,0,0,0,0,-1,0,1.0000,-1,18,15,5,0,38,0,0,0,0
117.3371,2,0,6,0,0,0,0,-1,0,1.0000,-1,18,15,5,0,38,0,0,0,0
117.357,2,0,6,0,0,0,0,-1,0,1.0000,-1,18,15,5,0,38,0,0,0,0
117.3785,2,0,6,0,0,0,0,-1,0,1.0000,-1,18,15,5,0,38,0,0,0,0
117.3989,2,0,6,0,0,0,0,-1,0,1.0000,-1,18,15,5,0,38,0,0,0,0
117.4193,2,0,6,0,0,0,0,-1,0,1.0000,-1,18,15,5,0,38,0,0,0,0
117.4405,2,0,6,0,0,0,0,-1,0,1.0000,-1,18,15,5,0,38,0,0,0,0
117.4597,2,0,6,0,0,0,0,-1,0,1.0000,-1,18,15,5,0,38,0,0,0,0
117.4811,2,0,6,0,0,0,0,-1,1,2.0000,-1,18,15,5,0,38,0,0,0,0
117.5034,2,0,6,0,0,0,0,-1,0,2.0000,-1,18,15,5,0,38,0,0,0,0
117.5245,2,0,6,0,0,0,0,-1,0,2.0000,-1,18,15,5,0,38,0,0,0,0
117.5459,2,0,6,0,0,0,0,-1,0,1.0000,-1,18,15,5,0,38,0,0,0,0
117.5666,2,0,6,0,0,0,0,-1,0,1.0000,-1,18,15,5,0,38,0,0,0,0
117.586,2,0,6,0,0,0,0,-1,0,1.0000,-1,18,15,5,0,38,0,0,0,0
117.6069,2,0,6,0,0,0,0,-1,0,1.0000,-1,18,15,5,0,38,0,0,0,0
117.6263,2,0,6,0,0,0,0,-1,0,1.0000,-1,18,15,5,0,38,0,0,0,0
117.6681,2,0,6,0,0,0,0,-1,0,1.0000,-1,18,15,5,0,38,0,0,0,0
117.6845,2,0,6,0,1,0,0,-1,0,1.0000,-1,18,15,5,0,38,0,0,0,0
117.7012,2,0,6,0,1,0,0,-1,0,1.0000,-1,18,15,5,0,38,0,0,0,0
117.7186,2,0,6,0,1,0,0,-1,0,1.0000,-1,18,15,5,0,38,0,0,0,0
117.7364,2,0,6,0,1,0,0,-1,1,2.0000,-1,18,15,5,0,38,0,0,0,0
117.7576,2,0,6,0,1,0,0,-1,0,2.0000,-1,18,15,5,0,38,0,0,0,0
117.7808,2,0,6,0,1,0,0,-1,0,2.0000,-1,18,15,5,0,38,0,0,0,0
117.8011,2,0,6,0,1,0,0,-1,0,2.0000,-1,18,15,5,0,38,0,0,0,0
117.8188,2,0,6,0,1,0,0,-1,0,2.0000,-1,18,15,5,0,38,0,0,0,0
117.843,2,0,6,0,1,0,0,-1,0,2.0000,-1,18,15,5,0,38,0,0,0,0
117.8606,2,0,6,0,1,0,0,-1,0,2.0000,-1,18,15,5,0,38,0,0,0,0
117.8813,2,0,6,0,1,0,0,-1,0,2.0000,-1,18,15,5,0,38,0,0,0,0
117.9048,2,0,6,0,1,0,0,-1,0,2.0000,-1,18,15,5,0,38,0,0,0,0
117.9252,2,0,6,0,1,0,0,-1,0,2.0000,-1,18,15,5,0,38,0,0,0,0
117.946,2,0,6,0,1,0,0,-1,0,2.0000,-1,18,15,5,0,38,0,0,0,0
117.9672,2,0,6,0,1,0,0,-1,0,2.0000,-1,18,15,5,0,38,0,0,0,0
117.9844,2,0,6,0,1,0,0,-1,0,2.0000,-1,18,15,5,0,38,0,0,0,0
118.0059,2,0,6,0,1,0,0,-1,0,2.0000,-1,18,15,5,0,38,0,0,0,0
118.0274,2,0,6,0,1,0,0,-1,0,2.0000,-1,18,15,5,0,38,0,0,0,0
118.0487,2,0,6,0,1,0,0,-1,0,2.0000,-1,18,15,5,0,38,0,0,0,0
118.0717,2,0,6,0,1,0,0,-1,0,2.0000,-1,18,15,5,0,38,0,0,0,0
118.0932,2,0,6,0,1,0,0,-1,0,2.0000,-1,18,15,5,0,38,0,0,0,0
118.111,2,0,6,0,1,0,0,-1,0,2.0000,-1,18,15,5,0,38,0,0,0,0
118.1341,2,0,6,0,1,0,0,-1,0,2.0000,-1,18,15,5,0,38,0,0,0,0
118.1534,2,0,6,0,1,0,0,-1,0,2.0000,-1,18,15,5,0,38,0,0,0,0
118.1744,2,0,6,0,1,0,0,-1,0,2.0000,-1,18,15,5,0,38,0,0,0,0
118.1951,2,0,6,0,1,0,0,-1,0,2.0000,-1,18,15,5,0,38,0,0,0,0
118.2175,2,0,6,0,1,0,0,-1,0,2.0000,-1,18,15,5,0,38,0,0,0,0
118.2383,2,0,6,0,1,0,0,-1,0,2.0000,-1,18,15,5,0,38,0,0,0,0
118.2588,2,0,6,0,0,0,1,165,0,2.0000,-1,18,15,5,0,38,0,0,0,0
118.3013,2,0,6,0,0,0,1,165,0,2.0000,-1,18,15,5,0,38,0,0,0,0
118.3175,2,0,6,0,0,0,1,165,0,2.0000,-1,18,15,5,0,38,0,0,0,0
118.3322,2,0,6,0,0,0,1,165,1,3.0000,-1,18,15,5,0,38,0,0,0,0
118.3493,2,0,6,0,0,0,1,165,0,3.0000,-1,18,15,5,0,38,0,0,0,0
118.3727,2,0,6,0,0,0,1,165,0,3.0000,-1,18,15,5,0,38,0,0,0,0
118.3929,2,0,6,0,0,0,1,165,0,3.0000,-1,18,15,5,0,38,0,0,0,0
118.4157,2,0,6,0,0,0,1,165,0,3.0000,-1,18,15,5,0,38,0,0,0,0
118.4392,2,0,6,0,0,0,1,165,0,3.0000,-1,18,15,5,0,38,0,0,0,0
118.4596,2,0,6,0,0,0,1,165,0,3.0000,-1,18,15,5,0,38,0,0,0,0
118.5021,2,0,6,0,0,0,1,165,0,2.0000,-1,18,15,5,0,38,0,0,0,0
118.5214,2,0,6,0,0,0,0,-1,1,3.0000,165,18,16,5,0,39,0,0,0,0
118.5454,2,0,6,0,0,0,0,-1,0,3.0000,-1,18,16,5,0,39,0,0,0,0
118.5595,2,0,6,0,0,0,0,-1,0,3.0000,-1,18,16,5,0,39,0,0,0,0
118.5729,2,0,6,0,0,0,0,-1,0,3.0000,-1,18,16,5,0,39,0,0,0,0
118.5934,2,0,6,0,0,0,0,-1,0,3.0000,-1,18,16,5,0,39,0,0,0,0
118.6166,2,0,6,0,0,0,0,-1,0,3.0000,-1,18,16,5,0,39,0,0,0,0
118.638,2,0,6,0,0,0,0,-1,0,3.0000,-1,18,16,5,0,39,0,0,0,0
118.6609,2,0,6,0,0,0,0,-1,0,3.0000,-1,18,16,5,0,39,0,0,0,0
118.7036,2,0,6,0,0,0,0,-1,0,3.0000,-1,18,16,5,0,39,0,0,0,0
118.7253,2,0,6,0,0,0,0,-1,0,3.0000,-1,18,16,5,0,39,0,0,0,0
118.7407,2,0,6,0,0,0,0,-1,0,2.0000,-1,18,16,5,0,39,0,0,0,0
118.7571,2,0,6,0,0,0,0,-1,0,2.0000,-1,18,16,5,0,39,0,0,0,0
118.7762,2,0,6,0,0,0,0,-1,0,2.0000,-1,18,16,5,0,39,0,0,0,0
118.7962,2,0,6,0,0,0,0,-1,0,2.0000,-1,18,16,5,0,39,0,0,0,0
118.8178,2,0,6,0,0,0,0,-1,0,2.0000,-1,18,16,5,0,39,0,0,0,0
118.8385,2,0,6,0,0,0,0,-1,0,2.0000,-1,18,16,5,0,39,0,0,0,0
118.8598,2,0,6,0,0,0,0,-1,0,2.0000,-1,18,16,5,0,39,0,0,0,0
118.8806,2,0,6,0,0,0,0,-1,0,2.0000,-1,18,16,5,0,39,0,0,0,0
118.9016,2,0,6,0,0,0,0,-1,0,2.0000,-1,18,16,5,0,39,0,0,0,0
118.9229,2,0,6,0,0,0,0,-1,0,2.0000,-1,18,16,5,0,39,0,0,0,0
118.9445,2,0,6,0,0,0,0,-1,0,2.0000,-1,18,16,5,0,39,0,0,0,0
118.9656,2,0,6,0,0,0,0,-1,0,2.0000,-1,18,16,5,0,39,0,0,0,0
118.9843,2,0,6,0,0,0,0,-1,0,2.0000,-1,18,16,5,0,39,0,0,0,0
119.0068,2,0,6,0,0,0,0,-1,0,2.0000,-1,18,16,5,0,39,0,0,0,0
119.0298,2,0,6,0,0,0,0,-1,0,2.0000,-1,18,16,5,0,39,0,0,0,0
119.0501,2,0,6,0,0,0,0,-1,0,2.0000,-1,18,16,5,0,39,0,0,0,0
119.0708,2,0,6,0,0,0,0,-1,1,3.0000,-1,18,16,5,0,39,0,0,0,0
119.0907,2,0,6,0,0,0,0,-1,0,3.0000,-1,18,16,5,0,39,0,0,0,0
119.1304,2,0,6,0,0,0,0,-1,0,3.0000,-1,18,16,5,0,39,0,0,0,0
119.1457,2,0,6,0,0,0,0,-1,0,3.0000,-1,18,16,5,0,39,0,0,0,0
119.1601,2,0,6,0,0,0,0,-1,0,3.0000,-1,18,16,5,0,39,0,0,0,0
119.1779,2,0,6,0,0,0,0,-1,0,3.0000,-1,18,16,5,0,39,0,0,0,0
119.1995,2,0,6,0,0,0,0,-1,0,3.0000,-1,18,16,5,0,39,0,0,0,0
119.2216,2,0,6,0,0,0,0,-1,0,3.0000,-1,18,16,5,0,39,0,0,0,0
119.2411,2,0,6,0,0,0,0,-1,1,4.0000,-1,18,16,5,0,39,0,0,0,0
119.2623,2,0,6,0,0,0,0,-1,0,4.0000,-1,18,16,5,0,39,0,0,0,0
119.2831,2,0,6,0,0,0,0,-1,0,4.0000,-1,18,16,5,0,39,0,0,0,0
119.3059,2,0,6,0,0,0,0,-1,0,4.0000,-1,18,16,5,0,39,0,0,0,0
119.3275,2,0,6,0,0,0,0,-1,0,4.0000,-1,18,16,5,0,39,0,0,0,0
119.3497,2,0,6,0,0,0,0,-1,0,3.0000,-1,18,16,5,0,39,0,0,0,0
119.3687,2,0,6,0,0,0,1,168,0,3.0000,-1,18,16,5,0,39,0,0,0,0
119.3923,2,0,6,0,0,0,1,168,0,3.0000,-1,18,16,5,0,39,0,0,0,0
119.4112,2,0,6,0,0,0,1,168,0,3.0000,-1,18,16,5,0,39,0,0,0,0
119.4321,2,0,6,0,0,0,1,168,0,3.0000,-1,18,16,5,0,39,0,0,0,0
119.4534,2,0,6,0,0,0,1,168,0,3.0000,-1,18,16,5,0,39,0,0,0,0
119.4732,2,0,6,0,0,0,1,168,0,3.0000,-1,18,16,5,0,39,0,0,0,0
119.4943,2,0,6,0,0,0,1,168,0,3.0000,-1,18,16,5,0,39,0,0,0,0
119.5154,2,0,6,0,0,0,1,168,0,3.0000,-1,18,16,5,0,39,0,0,0,0
119.5367,2,0,6,0,0,0,1,168,0,2.0000,-1,18,16,5,0,39,0,0,0,0
119.5596,2,0,6,0,0,0,1,168,0,2.0000,-1,18,16,5,0,39,0,0,0,0
119.581,2,0,6,0,0,0,1,168,0,2.0000,-1,18,16,5,0,39,0,0,0,0
119.5998,2,0,6,0,0,0,1,168,0,2.0000,-1,18,16,5,0,39,0,0,0,0
119.6201,2,0,6,0,0,0,1,168,0,2.0000,-1,18,16,5,0,39,0,0,0,0
119.6419,2,0,6,0,0,0,1,168,0,2.0000,-1,18,16,5,0,39,0,0,0,0
119.662,2,0,6,0,0,0,1,168,0,2.0000,-1,18,16,5,0,39,0,0,0,0
119.684,2,0,6,0,0,0,1,168,1,3.0000,-1,18,16,5,0,39,0,0,0,0
119.7044,2,0,6,0,0,0,1,168,0,3.0000,-1,18,16,5,0,39,0,0,0,0
119.7274,2,0,6,0,0,0,1,168,0,3.0000,-1,18,16,5,0,39,0,0,0,0
119.7478,2,0,6,0,0,0,1,168,0,3.0000,-1,18,16,5,0,39,0,0,0,0
119.7668,2,0,6,0,0,0,1,168,0,3.0000,-1,18,16,5,0,39,0,0,0,0
119.7911,2,0,6,0,0,0,1,167,0,3.0000,-1,18,16,5,0,39,0,0,0,0
119.8106,2,0,6,0,0,0,1,167,0,3.0000,-1,18,16,5,0,39,0,0,0,0
119.8295,2,0,6,0,0,0,1,167,0,3.0000,-1,18,16,5,0,39,0,0,0,0
119.8517,2,0,6,0,0,0,1,167,0,3.0000,-1,18,16,5,0,39,0,0,0,0
119.8741,2,0,6,0,0,0,1,167,0,3.0000,-1,18,16,5,0,39,0,0,0,0
119.896,2,0,6,0,0,0,1,167,0,3.0000,-1,18,16,5,0,39,0,0,0,0
119.9163,2,0,6,0,0,0,1,167,0,3.0000,-1,18,16,5,0,39,0,0,0,0
119.9368,2,0,6,0,0,0,1,167,0,3.0000,-1,18,16,5,0,39,0,0,0,0
119.9793,2,0,6,0,0,0,1,167,0,3.0000,-1,18,16,5,0,39,0,0,0,0
119.997,2,0,6,0,0,0,1,167,0,3.0000,-1,18,16,5,0,39,0,0,0,0
120.0172,2,0,6,0,0,0,1,167,0,3.0000,-1,18,16,5,0,39,0,0,0,0
120.0312,2,0,6,0,0,0,1,167,0,3.0000,-1,18,16,5,0,39,0,0,0,0
120.0468,2,0,6,0,0,0,1,167,0,3.0000,-1,18,16,5,0,39,0,0,0,0
120.0706,2,0,6,0,0,0,1,167,0,3.0000,-1,18,16,5,0,39,0,0,0,0
120.094,2,0,6,0,0,0,1,167,0,2.0000,-1,18,16,5,0,39,0,0,0,0
120.1122,2,0,6,0,0,0,1,167,0,2.0000,-1,18,16,5,0,39,0,0,0,0
120.1324,2,0,6,0,0,0,1,167,0,2.0000,-1,18,16,5,0,39,0,0,0,0
120.1538,2,0,6,0,0,0,1,167,0,2.0000,-1,18,16,5,0,39,0,0,0,0
120.1942,2,0,6,0,0,0,1,167,0,2.0000,-1,18,16,5,0,39,0,0,0,0
120.2123,2,0,6,0,0,0,1,167,0,2.0000,-1,18,16,5,0,39,0,0,0,0
120.2305,2,0,6,0,0,0,1,167,0,2.0000,-1,18,16,5,0,39,0,0,0,0
120.2491,2,0,6,0,0,0,1,167,0,1.0000,-1,18,16,5,0,39,0,0,0,0
120.2689,2,0,6,0,0,0,1,167,1,2.0000,-1,18,16,5,0,39,0,0,0,0
120.2864,2,0,6,0,0,0,1,167,0,2.0000,-1,18,16,5,0,39,0,0,0,0
120.3072,2,0,6,0,0,0,1,167,0,2.0000,-1,18,16,5,0,39,0,0,0,0
120.3296,2,0,6,0,0,0,1,167,0,2.0000,-1,18,16,5,0,39,0,0,0,0
120.3504,2,0,6,0,0,0,1,169,0,2.0000,167,18,17,5,0,40,0,0,0,0
120.3717,2,0,6,0,0,0,1,169,0,2.0000,-1,18,17,5,0,40,0,0,0,0
120.4136,2,0,6,0,0,0,1,169,0,2.0000,-1,18,17,5,0,40,0,0,0,0
120.4328,2,0,6,0,0,0,1,169,0,2.0000,-1,18,17,5,0,40,0,0,0,0
120.4502,2,0,6,0,0,0,1,169,0,2.0000,-1,18,17,5,0,40,0,0,0,0
120.4685,2,0,6,0,0,0,1,169,0,2.0000,-1,18,17,5,0,40,0,0,0,0
120.4838,2,0,6,0,0,0,1,169,0,2.0000,-1,18,17,5,0,40,0,0,0,0
120.5033,2,0,6,0,0,0,1,169,0,2.0000,-1,18,17,5,0,40,0,0,0,0
120.5274,2,0,6,0,0,0,1,169,0,2.0000,-1,18,17,5,0,40,0,0,0,0
120.5481,2,0,6,0,0,0,1,169,0,2.0000,-1,18,17,5,0,40,0,0,0,0
120.5709,2,0,6,0,0,0,1,169,0,2.0000,-1,18,17,5,0,40,0,0,0,0
120.593,2,0,6,0,0,0,1,169,0,2.0000,-1,18,17,5,0,40,0,0,0,0
120.6143,2,0,6,0,0,0,0,-1,0,2.0000,169,18,18,5,0,41,0,0,0,0
120.635,2,0,6,0,0,0,0,-1,0,2.0000,-1,18,18,5,0,41,0,0,0,0
120.656,2,0,6,0,0,0,0,-1,0,2.0000,-1,18,18,5,0,41,0,0,0,0
120.6751,2,0,6,0,0,0,0,-1,0,2.0000,-1,18,18,5,0,41,0,0,0,0
120.6969,2,0,6,0,0,0,0,-1,0,1.0000,-1,18,18,5,0,41,0,0,0,0
120.7208,2,0,6,0,0,0,0,-1,0,1.0000,-1,18,18,5,0,41,0,0,0,0
120.7401,2,0,6,0,0,0,0,-1,0,1.0000,-1,18,18,5,0,41,0,0,0,0
120.7614,2,0,6,0,0,0,0,-1,0,1.0000,-1,18,18,5,0,41,0,0,0,0
120.7835,2,0,6,0,0,0,0,-1,0,1.0000,-1,18,18,5,0,41,0,0,0,0
120.8036,2,0,6,0,0,0,0,-1,0,1.0000,-1,18,18,5,0,41,0,0,0,0
120.8471,2,0,6,0,0,0,0,-1,0,1.0000,-1,18,18,5,0,41,0,0,0,0
120.8678,2,0,6,0,0,0,0,-1,0,1.0000,-1,18,18,5,0,41,0,0,0,0
120.8856,2,0,6,0,0,0,0,-1,0,1.0000,-1,18,18,5,0,41,0,0,0,0
120.901,2,0,6,0,0,0,0,-1,0,1.0000,-1,18,18,5,0,41,0,0,0,0
120.9163,2,0,6,0,0,0,0,-1,0,1.0000,-1,18,18,5,0,41,0,0,0,0
120.9366,2,0,6,0,0,0,0,-1,0,1.0000,-1,18,18,5,0,41,0,0,0,0
120.9613,2,0,6,0,0,0,0,-1,0,1.0000,-1,18,18,5,0,41,0,0,0,0
120.9806,2,0,6,0,0,0,0,-1,0,1.0000,-1,18,18,5,0,41,0,0,0,0
121.0002,2,0,6,0,0,0,0,-1,0,1.0000,-1,18,18,5,0,41,0,0,0,0
121.0218,2,0,6,0,0,0,0,-1,0,1.0000,-1,18,18,5,0,41,0,0,0,0
121.0429,2,0,6,0,0,0,0,-1,0,1.0000,-1,18,18,5,0,41,0,0,0,0
121.063,2,0,6,0,0,0,0,-1,0,1.0000,-1,18,18,5,0,41,0,0,0,0
121.0858,2,0,6,0,0,0,0,-1,0,1.0000,-1,18,18,5,0,41,0,0,0,0
121.1061,2,0,6,0,0,0,0,-1,0,1.0000,-1,18,18,5,0,41,0,0,0,0
121.1283,2,0,6,0,0,0,0,-1,0,1.0000,-1,18,18,5,0,41,0,0,0,0
121.152,2,0,6,0,0,0,0,-1,0,1.0000,-1,18,18,5,0,41,0,0,0,0
121.1715,2,0,6,0,0,0,0,-1,0,1.0000,-1,18,18,5,0,41,0,0,0,0
121.1937,2,0,6,0,0,0,0,-1,0,1.0000,-1,18,18,5,0,41,0,0,0,0
121.2165,2,0,6,0,0,0,0,-1,0,1.0000,-1,18,18,5,0,41,0,0,0,0
121.2373,2,0,6,0,0,0,0,-1,0,1.0000,-1,18,18,5,0,41,0,0,0,0
121.2582,2,0,6,0,0,0,0,-1,0,1.0000,-1,18,18,5,0,41,0,0,0,0
121.2786,2,0,6,0,0,0,0,-1,0,0.0000,-1,18,18,5,0,41,0,0,0,0
121.3005,2,0,6,0,0,0,1,170,0,0.0000,-1,18,18,5,0,41,0,0,0,0
121.3214,2,0,6,0,0,0,1,170,0,0.0000,-1,18,18,5,0,41,0,0,0,0
121.3424,2,0,6,0,0,0,1,170,0,0.0000,-1,18,18,5,0,41,0,0,0,0
121.3649,2,0,6,0,0,0,1,170,0,0.0000,-1,18,18,5,0,41,0,0,0,0
121.3858,2,0,6,0,0,0,1,170,0,0.0000,-1,18,18,5,0,41,0,0,0,0
121.4076,2,0,6,0,0,0,1,170,0,0.0000,-1,18,18,5,0,41,0,0,0,0
121.4302,2,0,6,0,0,0,1,170,0,0.0000,-1,18,18,5,0,41,0,0,0,0
121.4506,2,0,6,0,0,0,1,170,0,0.0000,-1,18,18,5,0,41,0,0,0,0
121.4733,2,0,6,0,0,0,1,170,0,0.0000,-1,18,18,5,0,41,0,0,0,0
121.4964,2,0,6,0,0,0,1,170,0,0.0000,-1,18,18,5,0,41,0,0,0,0
121.5148,2,0,6,0,0,0,1,170,0,0.0000,-1,18,18,5,0,41,0,0,0,0
121.537,2,0,6,0,0,0,1,170,0,0.0000,-1,18,18,5,0,41,0,0,0,0
121.5605,2,0,6,0,0,0,1,170,0,0.0000,-1,18,18,5,0,41,0,0,0,0
121.5818,2,0,6,0,0,0,1,170,0,0.0000,-1,18,18,5,0,41,0,0,0,0
121.6015,2,0,6,0,0,0,1,170,1,1.0000,-1,18,18,5,0,41,0,0,0,0
121.6227,2,0,6,0,0,0,0,-1,0,1.0000,-1,18,18,5,0,41,0,0,0,0
121.6444,2,0,6,0,0,0,0,-1,0,1.0000,-1,18,18,5,0,41,0,0,0,0
121.6664,2,0,6,0,0,0,0,-1,0,1.0000,-1,18,18,5,0,41,0,0,0,0
121.7087,2,0,6,0,0,0,0,-1,0,1.0000,-1,18,18,5,0,41,0,0,0,0
121.7272,3,1,7,0,0,0,0,-1,0,1.0000,170,18,18,6,0,42,0,0,0,0
121.7462,3,0,7,0,0,0,0,-1,0,1.0000,-1,18,18,6,0,42,0,0,0,0
121.7627,3,0,7,0,0,0,0,-1,0,1.0000,-1,18,18,6,0,42,0,0,0,0
121.7811,3,0,7,1,0,0,0,-1,0,1.0000,-1,18,18,6,0,42,0,0,0,0
121.8023,3,0,7,1,0,0,0,-1,0,1.0000,-1,18,18,6,0,42,0,0,0,0
121.8231,3,0,7,1,0,0,0,-1,0,1.0000,-1,18,18,6,0,42,0,0,0,0
121.8455,3,0,7,1,0,0,0,-1,0,1.0000,-1,18,18,6,0,42,0,0,0,0
121.8666,3,0,7,1,0,0,0,-1,0,1.0000,-1,18,18,6,0,42,0,0,0,0
121.9077,3,0,7,1,0,0,0,-1,0,1.0000,-1,18,18,6,0,42,0,0,0,0
121.9257,3,0,7,1,0,0,0,-1,0,1.0000,-1,18,18,6,0,42,0,0,0,0
121.9407,3,0,7,1,0,0,0,-1,0,1.0000,-1,18,18,6,0,42,0,0,0,0
121.9562,3,0,7,1,0,0,0,-1,0,1.0000,-1,18,18,6,0,42,0,0,0,0
121.9762,3,0,7,1,0,0,0,-1,0,1.0000,-1,18,18,6,0,42,0,0,0,0
121.9974,3,0,7,1,0,0,0,-1,0,1.0000,-1,18,18,6,0,42,0,0,0,0
122.0186,3,0,7,1,0,0,0,-1,0,1.0000,-1,18,18,6,0,42,0,0,0,0
122.0417,3,0,7,1,0,0,0,-1,0,1.0000,-1,18,18,6,0,42,0,0,0,0
122.0611,3,0,7,1,0,0,0,-1,0,1.0000,-1,18,18,6,0,42,0,0,0,0
122.0815,3,0,7,1,0,0,0,-1,0,1.0000,-1,18,18,6,0,42,0,0,0,0
122.1026,3,0,7,1,0,0,0,-1,0,1.0000,-1,18,18,6,0,42,0,0,0,0
122.1259,3,0,7,1,0,0,0,-1,0,1.0000,-1,18,18,6,0,42,0,0,0,0
122.1491,3,0,7,1,0,0,0,-1,0,1.0000,-1,18,18,6,0,42,0,0,0,0
122.1698,3,0,7,1,0,0,0,-1,0,1.0000,-1,18,18,6,0,42,0,0,0,0
122.189,3,0,7,1,0,0,0,-1,0,1.0000,-1,18,18,6,0,42,0,0,0,0
122.2096,3,0,7,1,0,0,0,-1,0,1.0000,-1,18,18,6,0,42,0,0,0,0
122.2306,3,0,7,1,0,0,0,-1,0,1.0000,-1,18,18,6,0,42,0,0,0,0
122.2524,3,0,7,1,0,0,0,-1,0,1.0000,-1,18,18,6,0,42,0,0,0,0
122.2738,3,0,7,1,0,0,0,-1,1,2.0000,-1,18,18,6,0,42,0,0,0,0
122.2951,3,0,7,1,0,0,0,-1,0,2.0000,-1,18,18,6,0,42,0,0,0,0
122.3163,3,0,7,1,0,0,0,-1,0,2.0000,-1,18,18,6,0,42,0,0,0,0
122.3376,3,0,7,1,0,0,0,-1,0,2.0000,-1,18,18,6,0,42,0,0,0,0
122.3598,3,0,7,1,0,0,0,-1,0,2.0000,-1,18,18,6,0,42,0,0,0,0
122.3815,3,0,7,1,0,0,0,-1,0,2.0000,-1,18,18,6,0,42,0,0,0,0
122.401,3,0,7,1,0,0,0,-1,0,2.0000,-1,18,18,6,0,42,0,0,0,0
122.4238,3,0,7,1,0,0,0,-1,0,2.0000,-1,18,18,6,0,42,0,0,0,0
122.4428,3,0,7,1,0,0,0,-1,0,2.0000,-1,18,18,6,0,42,0,0,0,0
122.4636,3,0,7,1,0,0,0,-1,0,2.0000,-1,18,18,6,0,42,0,0,0,0
122.4843,3,0,7,1,0,0,0,-1,0,2.0000,-1,18,18,6,0,42,0,0,0,0
122.5057,3,0,7,1,0,0,0,-1,0,2.0000,-1,18,18,6,0,42,0,0,0,0
122.5286,3,0,7,1,0,0,0,-1,0,2.0000,-1,18,18,6,0,42,0,0,0,0
122.5505,3,0,7,1,0,0,0,-1,0,2.0000,-1,18,18,6,0,42,0,0,0,0
122.5708,3,0,7,1,0,0,0,-1,0,2.0000,-1,18,18,6,0,42,0,0,0,0
122.5924,3,0,7,1,0,0,0,-1,0,2.0000,-1,18,18,6,0,42,0,0,0,0
122.6155,3,0,7,1,0,0,0,-1,0,1.0000,-1,18,18,6,0,42,0,0,0,0
122.6339,3,0,7,1,0,0,0,-1,0,1.0000,-1,18,18,6,0,42,0,0,0,0
122.6551,3,0,7,1,0,0,0,-1,0,1.0000,-1,18,18,6,0,42,0,0,0,0
122.6763,3,0,7,1,0,0,0,-1,0,1.0000,-1,18,18,6,0,42,0,0,0,0
122.6988,3,0,7,1,0,0,0,-1,0,1.0000,-1,18,18,6,0,42,0,0,0,0
122.72,3,0,7,1,0,0,0,-1,0,1.0000,-1,18,18,6,0,42,0,0,0,0
122.7407,3,0,7,1,0,0,0,-1,0,1.0000,-1,18,18,6,0,42,0,0,0,0
122.7612,3,0,7,1,0,0,0,-1,0,1.0000,-1,18,18,6,0,42,0,0,0,0
122.7836,3,0,7,1,0,0,0,-1,0,1.0000,-1,18,18,6,0,42,0,0,0,0
122.8051,3,0,7,1,0,0,0,-1,0,1.0000,-1,18,18,6,0,42,0,0,0,0
122.8264,3,0,7,1,0,0,1,173,0,1.0000,-1,18,18,6,0,42,0,0,0,0
122.8488,3,0,7,1,0,0,1,173,0,1.0000,-1,18,18,6,0,42,0,0,0,0
122.8709,3,0,7,1,0,0,0,-1,0,1.0000,-1,18,18,6,0,42,0,0,0,0
122.8893,3,0,7,1,0,0,0,-1,0,1.0000,-1,18,18,6,0,42,0,0,0,0
122.9115,3,0,7,1,0,0,0,-1,0,1.0000,-1,18,18,6,0,42,0,0,0,0
122.9337,3,0,7,1,0,0,0,-1,0,1.0000,-1,18,18,6,0,42,0,0,0,0
122.9747,3,0,7,1,0,0,0,-1,0,1.0000,-1,18,18,6,0,42,0,0,0,0
122.9971,3,0,7,1,0,0,0,-1,0,1.0000,-1,18,18,6,0,42,0,0,0,0
123.0105,3,0,7,1,0,0,0,-1,0,1.0000,-1,18,18,6,0,42,0,0,0,0
123.0249,3,0,7,1,0,0,0,-1,0,1.0000,-1,18,18,6,0,42,0,0,0,0
123.0495,3,0,7,1,0,0,0,-1,0,1.0000,-1,18,18,6,0,42,0,0,0,0
123.0712,3,0,7,1,0,0,0,-1,1,2.0000,-1,18,18,6,0,42,0,0,0,0
123.0917,3,0,7,1,0,0,0,-1,0,2.0000,-1,18,18,6,0,42,0,0,0,0
123.1116,3,0,7,1,0,0,0,-1,0,2.0000,-1,18,18,6,0,42,0,0,0,0
123.1338,3,0,7,1,0,0,0,-1,0,2.0000,-1,18,18,6,0,42,0,0,0,0
123.1766,3,0,7,1,0,0,0,-1,0,2.0000,-1,18,18,6,0,42,0,0,0,0
123.1964,3,0,7,1,0,0,0,-1,0,2.0000,-1,18,18,6,0,42,0,0,0,0
123.2149,3,0,7,1,0,0,0,-1,0,2.0000,-1,18,18,6,0,42,0,0,0,0
123.2345,3,0,7,1,0,0,0,-1,0,2.0000,-1,18,18,6,0,42,0,0,0,0
123.2503,3,0,7,1,0,0,0,-1,0,2.0000,-1,18,18,6,0,42,0,0,0,0
123.2718,3,0,7,1,0,0,0,-1,0,2.0000,-1,18,18,6,0,42,0,0,0,0
123.2932,3,0,7,1,0,0,0,-1,0,1.0000,-1,18,18,6,0,42,0,0,0,0
123.3146,3,0,7,1,0,0,0,-1,0,1.0000,-1,18,18,6,0,42,0,0,0,0
123.3361,3,0,7,1,0,0,0,-1,0,1.0000,-1,18,18,6,0,42,0,0,0,0
123.3755,3,0,7,1,0,0,0,-1,0,1.0000,-1,18,18,6,0,42,0,0,0,0
123.3902,3,0,7,1,0,0,0,-1,0,1.0000,-1,18,18,6,0,42,0,0,0,0
123.4046,3,0,7,1,0,0,0,-1,0,1.0000,-1,18,18,6,0,42,0,0,0,0
123.4241,3,0,7,1,0,0,0,-1,0,1.0000,-1,18,18,6,0,42,0,0,0,0
123.45,3,0,7,1,0,0,0,-1,0,1.0000,-1,18,18,6,0,42,0,0,0,0
123.4698,3,0,7,1,0,0,0,-1,0,1.0000,-1,18,18,6,0,42,0,0,0,0
123.491,3,0,7,1,0,0,0,-1,0,1.0000,-1,18,18,6,0,42,0,0,0,0
123.5125,3,0,7,1,0,0,0,-1,0,1.0000,-1,18,18,6,0,42,0,0,0,0
123.5334,3,0,7,1,0,0,0,-1,0,1.0000,-1,18,18,6,0,42,0,0,0,0
123.5541,3,0,7,1,0,0,0,-1,0,1.0000,-1,18,18,6,0,42,0,0,0,0
123.5743,3,0,7,1,0,0,0,-1,0,1.0000,-1,18,18,6,0,42,0,0,0,0
123.5934,3,0,7,1,0,0,0,-1,0,1.0000,-1,18,18,6,0,42,0,0,0,0
123.6153,3,0,7,1,0,0,0,-1,0,1.0000,-1,18,18,6,0,42,0,0,0,0
123.6381,3,0,7,0,0,0,0,-1,0,1.0000,-1,18,18,6,0,42,0,0,0,0
123.6586,3,0,7,0,0,0,0,-1,0,1.0000,-1,18,18,6,0,42,0,0,0,0
123.6811,3,0,7,0,0,0,0,-1,0,1.0000,-1,18,18,6,0,42,0,0,0,0
123.702,3,0,7,0,0,0,0,-1,0,1.0000,-1,18,18,6,0,42,0,0,0,0
123.7226,3,0,7,0,0,0,0,-1,0,1.0000,-1,18,18,6,0,42,0,0,0,0
123.7445,3,0,7,0,0,0,0,-1,0,1.0000,-1,18,18,6,0,42,0,0,0,0
123.763,3,0,7,0,0,0,1,178,0,1.0000,-1,18,18,6,0,42,0,0,0,0
123.8037,3,0,7,0,0,0,1,178,0,1.0000,-1,18,18,6,0,42,0,0,0,0
123.8253,3,0,7,0,0,0,1,178,0,1.0000,-1,18,18,6,0,42,0,0,0,0
123.8397,3,0,7,0,0,0,1,178,1,2.0000,-1,18,18,6,0,42,0,0,0,0
123.855,3,0,7,0,0,0,0,-1,0,2.0000,-1,18,18,6,0,42,0,0,0,0
123.8733,3,0,7,0,0,0,0,-1,0,2.0000,-1,18,18,6,0,42,0,0,0,0
123.8979,3,0,7,0,0,0,0,-1,0,2.0000,-1,18,18,6,0,42,0,0,0,0
123.9161,3,0,7,0,0,0,0,-1,0,2.0000,-1,18,18,6,0,42,0,0,0,0
123.9388,3,0,7,0,0,0,0,-1,0,2.0000,-1,18,18,6,0,42,0,0,0,0
123.9594,3,0,7,0,0,0,0,-1,0,2.0000,-1,18,18,6,0,42,0,0,0,0
123.9822,3,0,7,0,0,0,0,-1,0,2.0000,-1,18,18,6,0,42,0,0,0,0
124.0226,3,0,7,0,0,0,0,-1,0,2.0000,-1,18,18,6,0,42,0,0,0,0
124.0377,3,0,7,0,0,0,0,-1,0,2.0000,-1,18,18,6,0,42,0,0,0,0
124.0526,3,0,7,0,0,0,0,-1,0,2.0000,-1,18,18,6,0,42,0,0,0,0
124.0695,3,0,7,0,0,0,0,-1,0,2.0000,-1,18,18,6,0,42,0,0,0,0
124.0941,3,0,7,0,0,0,0,-1,1,2.0000,-1,18,18,6,0,42,0,0,0,0
124.1142,3,0,7,0,0,0,0,-1,0,2.0000,-1,18,18,6,0,42,0,0,0,0
124.1348,3,0,7,0,0,0,0,-1,0,2.0000,-1,18,18,6,0,42,0,0,0,0
124.1555,3,0,7,0,0,0,0,-1,0,2.0000,-1,18,18,6,0,42,0,0,0,0
124.1764,3,0,7,0,0,0,0,-1,0,2.0000,-1,18,18,6,0,42,0,0,0,0
124.1972,3,0,7,0,0,0,0,-1,0,2.0000,-1,18,18,6,0,42,0,0,0,0
124.2174,3,0,7,0,0,0,0,-1,0,2.0000,-1,18,18,6,0,42,0,0,0,0
124.2364,3,0,7,0,0,0,0,-1,0,2.0000,-1,18,18,6,0,42,0,0,0,0
124.2589,3,0,7,0,0,0,0,-1,0,2.0000,-1,18,18,6,0,42,0,0,0,0
124.2807,3,0,7,0,0,0,0,-1,0,2.0000,-1,18,18,6,0,42,0,0,0,0
124.3017,3,0,7,0,0,0,0,-1,0,2.0000,-1,18,18,6,0,42,0,0,0,0
124.3219,3,0,7,0,0,0,0,-1,0,2.0000,-1,18,18,6,0,42,0,0,0,0
124.3418,3,0,7,0,0,0,0,-1,0,2.0000,-1,18,18,6,0,42,0,0,0,0
124.36,3,0,7,0,0,0,0,-1,0,2.0000,-1,18,18,6,0,42,0,0,0,0
124.3817,3,0,7,0,0,0,0,-1,0,2.0000,-1,18,18,6,0,42,0,0,0,0
124.4033,3,0,7,0,0,0,0,-1,0,2.0000,-1,18,18,6,0,42,0,0,0,0
124.423,3,0,7,0,0,0,0,-1,0,2.0000,-1,18,18,6,0,42,0,0,0,0
124.4428,3,0,7,0,0,0,0,-1,0,2.0000,-1,18,18,6,0,42,0,0,0,0
124.464,3,0,7,0,0,0,0,-1,0,2.0000,-1,18,18,6,0,42,0,0,0,0
124.4818,3,0,7,0,0,0,0,-1,0,2.0000,-1,18,18,6,0,42,0,0,0,0
124.5038,3,0,7,0,0,0,0,-1,0,2.0000,-1,18,18,6,0,42,0,0,0,0
124.5257,3,0,7,0,0,0,0,-1,0,2.0000,-1,18,18,6,0,42,0,0,0,0
124.5439,3,0,7,0,0,0,0,-1,0,2.0000,-1,18,18,6,0,42,0,0,0,0
124.566,3,0,7,0,0,0,0,-1,0,2.0000,-1,18,18,6,0,42,0,0,0,0
124.5861,3,0,7,0,0,0,0,-1,0,2.0000,-1,18,18,6,0,42,0,0,0,0
124.6056,3,0,7,0,0,0,0,-1,0,2.0000,-1,18,18,6,0,42,0,0,0,0
124.6446,3,0,7,0,0,0,0,-1,0,2.0000,-1,18,18,6,0,42,0,0,0,0
124.6623,3,0,7,0,0,0,0,-1,0,2.0000,-1,18,18,6,0,42,0,0,0,0
124.6782,3,0,7,0,0,0,0,-1,0,2.0000,-1,18,18,6,0,42,0,0,0,0
124.6925,3,0,7,0,0,0,0,-1,0,2.0000,-1,18,18,6,0,42,0,0,0,0
124.7155,3,0,7,0,0,0,0,-1,0,2.0000,-1,18,18,6,0,42,0,0,0,0
124.7358,3,0,7,0,0,0,0,-1,0,2.0000,-1,18,18,6,0,42,0,0,0,0
124.7555,3,0,7,0,0,0,1,179,0,2.0000,-1,18,18,6,0,42,0,0,0,0
124.775,3,0,7,0,0,0,1,179,0,2.0000,-1,18,18,6,0,42,0,0,0,0
124.7972,3,0,7,0,0,0,1,179,0,2.0000,-1,18,18,6,0,42,0,0,0,0
124.8161,3,0,7,0,0,0,1,179,0,2.0000,-1,18,18,6,0,42,0,0,0,0
124.8375,3,0,7,0,0,0,1,179,0,2.0000,-1,18,18,6,0,42,0,0,0,0
124.8588,3,0,7,0,0,0,1,179,0,1.0000,-1,18,18,6,0,42,0,0,0,0
124.8787,3,0,7,0,0,0,1,179,0,1.0000,-1,18,18,6,0,42,0,0,0,0
124.9013,3,0,7,0,0,0,1,179,0,1.0000,-1,18,18,6,0,42,0,0,0,0
124.9213,3,0,7,0,0,0,1,179,0,1.0000,-1,18,18,6,0,42,0,0,0,0
124.9396,3,0,7,0,0,0,1,179,0,1.0000,-1,18,18,6,0,42,0,0,0,0
124.9605,3,0,7,0,0,0,1,179,0,1.0000,-1,18,18,6,0,42,0,0,0,0
124.9814,3,0,7,0,0,0,1,179,0,1.0000,-1,18,18,6,0,42,0,0,0,0
125.0032,3,0,7,0,0,0,1,179,0,1.0000,-1,18,18,6,0,42,0,0,0,0
125.0221,3,0,7,0,0,0,1,179,0,1.0000,-1,18,18,6,0,42,0,0,0,0
125.0444,3,0,7,0,0,0,1,179,0,1.0000,-1,18,18,6,0,42,0,0,0,0
125.0637,3,0,7,0,0,0,1,179,0,1.0000,-1,18,18,6,0,42,0,0,0,0
125.083,3,0,7,0,0,0,1,179,0,1.0000,-1,18,18,6,0,42,0,0,0,0
125.1032,3,0,7,0,0,0,1,179,0,0.0000,-1,18,18,6,0,42,0,0,0,0
125.1246,3,0,7,0,0,0,1,179,0,0.0000,-1,18,18,6,0,42,0,0,0,0
125.1447,3,0,7,0,0,0,1,179,1,1.0000,-1,18,18,6,0,42,0,0,0,0
125.1652,3,0,7,0,0,0,0,-1,0,1.0000,-1,18,18,6,0,42,0,0,0,0
125.1837,3,0,7,0,0,0,0,-1,0,1.0000,179,18,18,7,0,43,0,0,0,0
125.2049,3,0,7,0,0,0,0,-1,0,1.0000,-1,18,18,7,0,43,0,0,0,0
125.226,3,0,7,0,0,0,0,-1,0,1.0000,-1,18,18,7,0,43,0,0,0,0
125.2677,3,0,7,0,0,0,0,-1,0,1.0000,-1,18,18,7,0,43,0,0,0,0
125.283,3,0,7,0,0,0,0,-1,0,1.0000,-1,18,18,7,0,43,0,0,0,0
125.2995,3,0,7,0,0,0,0,-1,0,1.0000,-1,18,18,7,0,43,0,0,0,0
125.3165,3,0,7,0,0,0,0,-1,0,1.0000,-1,18,18,7,0,43,0,0,0,0
125.3431,3,0,7,0,0,0,0,-1,0,1.0000,-1,18,18,7,0,43,0,0,0,0
125.3634,3,0,7,0,0,0,0,-1,0,1.0000,-1,18,18,7,0,43,0,0,0,0
125.3833,3,0,7,0,0,0,0,-1,0,1.0000,-1,18,18,7,0,43,0,0,0,0
125.4048,3,0,7,0,0,0,0,-1,0,1.0000,-1,18,18,7,0,43,0,0,0,0
125.4258,3,0,7,0,0,0,0,-1,0,1.0000,-1,18,18,7,0,43,0,0,0,0
125.4473,3,0,7,0,0,0,0,-1,0,1.0000,-1,18,18,7,0,43,0,0,0,0
125.4695,3,0,7,0,0,0,0,-1,0,1.0000,-1,18,18,7,0,43,0,0,0,0
125.4901,3,0,7,0,0,0,0,-1,0,1.0000,-1,18,18,7,0,43,0,0,0,0
125.5105,3,0,7,0,0,0,0,-1,0,1.0000,-1,18,18,7,0,43,0,0,0,0
125.5322,3,0,7,0,0,0,0,-1,0,1.0000,-1,18,18,7,0,43,0,0,0,0
125.5495,3,0,7,0,0,0,0,-1,0,1.0000,-1,18,18,7,0,43,0,0,0,0
125.5714,3,0,7,0,0,0,0,-1,0,1.0000,-1,18,18,7,0,43,0,0,0,0
125.5917,3,0,7,0,0,0,0,-1,0,1.0000,-1,18,18,7,0,43,0,0,0,0
125.613,3,0,7,0,0,0,0,-1,0,1.0000,-1,18,18,7,0,43,0,0,0,0
125.6352,3,0,7,0,0,0,0,-1,0,1.0000,-1,18,18,7,0,43,0,0,0,0
125.6562,3,0,7,0,0,0,0,-1,0,1.0000,-1,18,18,7,0,43,0,0,0,0
125.6758,3,0,7,0,0,0,0,-1,0,1.0000,-1,18,18,7,0,43,0,0,0,0
125.6967,3,0,7,0,0,0,0,-1,0,1.0000,-1,18,18,7,0,43,0,0,0,0
125.7153,3,0,7,0,0,0,0,-1,0,1.0000,-1,18,18,7,0,43,0,0,0,0
125.7371,3,0,7,0,0,0,0,-1,0,1.0000,-1,18,18,7,0,43,0,0,0,0
125.7592,3,0,7,0,0,0,0,-1,0,1.0000,-1,18,18,7,0,43,0,0,0,0
125.7805,3,0,7,0,0,0,0,-1,0,1.0000,-1,18,18,7,0,43,0,0,0,0
125.8007,3,0,7,0,0,0,0,-1,0,1.0000,-1,18,18,7,0,43,0,0,0,0
125.8233,3,0,7,0,0,0,0,-1,0,1.0000,-1,18,18,7,0,43,0,0,0,0
125.8429,3,0,7,0,0,0,0,-1,0,1.0000,-1,18,18,7,0,43,0,0,0,0
125.8623,3,0,7,0,0,0,0,-1,0,1.0000,-1,18,18,7,0,43,0,0,0,0
125.9028,3,0,7,0,0,0,0,-1,0,1.0000,-1,18,18,7,0,43,0,0,0,0
125.9206,3,0,7,0,0,0,0,-1,0,1.0000,-1,18,18,7,0,43,0,0,0,0
125.9386,3,0,7,0,0,0,0,-1,0,1.0000,-1,18,18,7,0,43,0,0,0,0
125.9603,3,0,7,0,0,0,0,-1,0,1.0000,-1,18,18,7,0,43,0,0,0,0
125.9763,3,0,7,0,0,0,0,-1,0,1.0000,-1,18,18,7,0,43,0,0,0,0
125.9898,3,0,7,0,0,0,0,-1,0,1.0000,-1,18,18,7,0,43,0,0,0,0
126.0141,3,0,7,0,0,0,0,-1,0,1.0000,-1,18,18,7,0,43,0,0,0,0
126.0337,3,0,7,0,0,0,0,-1,0,1.0000,-1,18,18,7,0,43,0,0,0,0
126.0548,3,0,7,0,0,0,0,-1,0,1.0000,-1,18,18,7,0,43,0,0,0,0
126.0754,3,0,7,0,0,0,0,-1,0,1.0000,-1,18,18,7,0,43,0,0,0,0
126.1142,3,0,7,0,0,0,0,-1,0,1.0000,-1,18,18,7,0,43,0,0,0,0
126.1323,3,0,7,0,0,0,0,-1,0,1.0000,-1,18,18,7,0,43,0,0,0,0
126.1495,3,0,7,0,0,0,0,-1,0,0.0000,-1,18,18,7,0,43,0,0,0,0
126.1665,3,0,7,0,0,0,0,-1,0,0.0000,-1,18,18,7,0,43,0,0,0,0
126.186,3,0,7,0,0,0,0,-1,0,0.0000,-1,18,18,7,0,43,0,0,0,0
126.2039,3,0,7,0,0,0,0,-1,0,0.0000,-1,18,18,7,0,43,0,0,0,0
126.2257,3,0,7,0,0,0,0,-1,0,0.0000,-1,18,18,7,0,43,0,0,0,0
126.2466,3,0,7,0,0,0,0,-1,0,0.0000,-1,18,18,7,0,43,0,0,0,0
126.2649,3,0,7,0,0,0,0,-1,0,0.0000,-1,18,18,7,0,43,0,0,0,0
126.2889,3,0,7,0,0,0,0,-1,0,0.0000,-1,18,18,7,0,43,0,0,0,0
126.3071,3,0,7,0,0,0,0,-1,0,0.0000,-1,18,18,7,0,43,0,0,0,0
126.328,3,0,7,0,0,0,0,-1,0,0.0000,-1,18,18,7,0,43,0,0,0,0
126.3487,3,0,7,0,0,0,0,-1,0,0.0000,-1,18,18,7,0,43,0,0,0,0
126.3706,3,0,7,0,0,0,0,-1,1,1.0000,-1,18,18,7,0,43,0,0,0,0
126.3917,3,0,7,0,0,0,0,-1,0,1.0000,-1,18,18,7,0,43,0,0,0,0
126.4124,3,0,7,0,0,0,0,-1,0,1.0000,-1,18,18,7,0,43,0,0,0,0
126.4321,3,0,7,0,0,0,0,-1,0,1.0000,-1,18,18,7,0,43,0,0,0,0
126.4543,3,0,7,0,0,0,0,-1,0,1.0000,-1,18,18,7,0,43,0,0,0,0
126.4723,3,0,7,0,0,0,0,-1,0,1.0000,-1,18,18,7,0,43,0,0,0,0
126.4941,3,0,7,0,0,0,0,-1,0,1.0000,-1,18,18,7,0,43,0,0,0,0
126.5135,3,0,7,0,0,0,0,-1,0,1.0000,-1,18,18,7,0,43,0,0,0,0
126.5353,3,0,7,0,0,0,0,-1,0,1.0000,-1,18,18,7,0,43,0,0,0,0
126.5566,3,0,7,0,0,0,0,-1,0,1.0000,-1,18,18,7,0,43,0,0,0,0
126.5774,3,0,7,0,0,0,0,-1,0,1.0000,-1,18,18,7,0,43,0,0,0,0
126.5969,3,0,7,0,0,0,0,-1,0,1.0000,-1,18,18,7,0,43,0,0,0,0
126.6156,3,0,7,0,0,0,0,-1,0,1.0000,-1,18,18,7,0,43,0,0,0,0
126.6371,3,0,7,0,0,0,0,-1,0,1.0000,-1,18,18,7,0,43,0,0,0,0
126.6584,3,0,7,0,0,0,0,-1,0,1.0000,-1,18,18,7,0,43,0,0,0,0
126.678,3,0,7,0,0,0,0,-1,0,1.0000,-1,18,18,7,0,43,0,0,0,0
126.698,3,0,7,0,0,0,0,-1,0,1.0000,-1,18,18,7,0,43,0,0,0,0
126.7188,3,0,7,0,0,0,0,-1,0,1.0000,-1,18,18,7,0,43,0,0,0,0
126.7374,3,0,7,0,0,0,0,-1,0,1.0000,-1,18,18,7,0,43,0,0,0,0
126.7588,3,0,7,0,0,0,0,-1,0,1.0000,-1,18,18,7,0,43,0,0,0,0
126.7805,3,0,7,0,0,0,0,-1,0,1.0000,-1,18,18,7,0,43,0,0,0,0
126.7999,3,0,7,0,0,0,0,-1,0,1.0000,-1,18,18,7,0,43,0,0,0,0
126.8213,3,0,7,0,0,0,0,-1,0,1.0000,-1,18,18,7,0,43,0,0,0,0
126.8389,3,0,7,0,0,0,0,-1,0,1.0000,-1,18,18,7,0,43,0,0,0,0
126.8589,3,0,7,0,0,0,0,-1,0,1.0000,-1,18,18,7,0,43,0,0,0,0
126.8815,3,0,7,0,0,0,0,-1,0,1.0000,-1,18,18,7,0,43,0,0,0,0
126.8999,3,0,7,0,0,0,0,-1,0,1.0000,-1,18,18,7,0,43,0,0,0,0
126.9403,3,0,7,0,0,0,0,-1,0,1.0000,-1,18,18,7,0,43,0,0,0,0
126.9591,3,0,7,0,0,0,0,-1,0,1.0000,-1,18,18,7,0,43,0,0,0,0
126.9746,3,0,7,0,0,0,1,183,0,1.0000,-1,18,18,7,0,43,0,0,0,0
126.989,3,0,7,0,0,0,1,183,0,1.0000,-1,18,18,7,0,43,0,0,0,0
127.0074,3,0,7,0,0,0,1,183,0,1.0000,-1,18,18,7,0,43,0,0,0,0
127.0283,3,0,7,0,0,0,1,183,0,1.0000,-1,18,18,7,0,43,0,0,0,0
127.0464,3,0,7,0,0,0,1,183,0,1.0000,-1,18,18,7,0,43,0,0,0,0
127.0699,3,0,7,0,0,0,1,183,0,1.0000,-1,18,18,7,0,43,0,0,0,0
127.0898,3,0,7,0,0,0,1,183,0,1.0000,-1,18,18,7,0,43,0,0,0,0
127.1121,3,0,7,0,0,0,1,183,0,1.0000,-1,18,18,7,0,43,0,0,0,0
127.1323,3,0,7,0,0,0,1,183,0,1.0000,-1,18,18,7,0,43,0,0,0,0
127.15,3,0,7,0,0,0,1,183,0,1.0000,-1,18,18,7,0,43,0,0,0,0
127.1711,3,0,7,0,0,0,1,183,0,1.0000,-1,18,18,7,0,43,0,0,0,0
127.1919,3,0,7,0,0,0,1,183,0,1.0000,-1,18,18,7,0,43,0,0,0,0
127.214,3,0,7,0,0,0,0,-1,1,2.0000,-1,18,18,7,0,43,0,0,0,0
127.2342,3,0,7,0,0,0,0,-1,0,2.0000,-1,18,18,7,0,43,0,0,0,0
127.2559,3,0,7,0,0,0,0,-1,0,2.0000,-1,18,18,7,0,43,0,0,0,0
127.2761,3,0,7,0,0,0,0,-1,0,2.0000,-1,18,18,7,0,43,0,0,0,0
127.2945,3,0,7,0,0,0,0,-1,0,2.0000,-1,18,18,7,0,43,0,0,0,0
127.3145,3,0,7,0,0,0,0,-1,0,2.0000,-1,18,18,7,0,43,0,0,0,0
127.3367,3,0,7,0,0,0,0,-1,0,2.0000,-1,18,18,7,0,43,0,0,0,0
127.3596,3,0,7,0,0,0,0,-1,0,2.0000,-1,18,18,7,0,43,0,0,0,0
127.3792,3,0,7,0,0,0,0,-1,0,1.0000,-1,18,18,7,0,43,0,0,0,0
127.4005,3,0,7,0,0,0,0,-1,1,2.0000,-1,18,18,7,0,43,0,0,0,0
127.421,3,0,7,0,0,0,0,-1,0,2.0000,-1,18,18,7,0,43,0,0,0,0
127.4394,3,0,7,0,0,0,0,-1,0,2.0000,-1,18,18,7,0,43,0,0,0,0
127.464,3,0,7,0,0,0,0,-1,0,2.0000,-1,18,18,7,0,43,0,0,0,0
127.4818,3,0,7,0,0,0,0,-1,0,2.0000,-1,18,18,7,0,43,0,0,0,0
127.5036,3,0,7,0,0,0,0,-1,0,2.0000,-1,18,18,7,0,43,0,0,0,0
127.5247,3,0,7,0,0,0,0,-1,0,2.0000,-1,18,18,7,0,43,0,0,0,0
127.564,3,0,7,0,0,0,0,-1,0,2.0000,-1,18,18,7,0,43,0,0,0,0
127.5835,3,0,7,0,0,0,0,-1,0,2.0000,-1,18,18,7,0,43,0,0,0,0
127.599,3,0,7,0,0,0,0,-1,0,2.0000,-1,18,18,7,0,43,0,0,0,0
127.6125,3,0,7,1,0,0,0,-1,0,2.0000,-1,18,18,7,0,43,0,0,0,0
127.6351,3,0,7,1,0,0,0,-1,0,2.0000,-1,18,18,7,0,43,0,0,0,0
127.654,3,0,7,1,0,0,0,-1,0,2.0000,-1,18,18,7,0,43,0,0,0,0
127.6773,3,0,7,1,0,0,0,-1,0,2.0000,-1,18,18,7,0,43,0,0,0,0
127.6978,3,0,7,1,0,0,0,-1,0,2.0000,-1,18,18,7,0,43,0,0,0,0
127.7158,3,0,7,1,0,0,0,-1,0,2.0000,-1,18,18,7,0,43,0,0,0,0
127.7376,3,0,7,1,0,0,0,-1,0,2.0000,-1,18,18,7,0,43,0,0,0,0
127.7774,3,0,7,1,0,0,0,-1,1,3.0000,-1,18,18,7,0,43,0,0,0,0
127.7934,3,0,7,1,0,0,0,-1,0,3.0000,-1,18,18,7,0,43,0,0,0,0
127.8093,3,0,7,1,0,0,0,-1,0,3.0000,-1,18,18,7,0,43,0,0,0,0
127.8269,3,0,7,1,0,0,0,-1,0,3.0000,-1,18,18,7,0,43,0,0,0,0
127.8476,3,0,7,1,0,0,0,-1,0,3.0000,-1,18,18,7,0,43,0,0,0,0
127.8685,3,0,7,1,0,0,0,-1,0,3.0000,-1,18,18,7,0,43,0,0,0,0
127.8884,3,0,7,1,0,0,0,-1,0,3.0000,-1,18,18,7,0,43,0,0,0,0
127.9117,3,0,7,1,0,0,0,-1,0,3.0000,-1,18,18,7,0,43,0,0,0,0
127.9324,3,0,7,1,0,0,0,-1,0,3.0000,-1,18,18,7,0,43,0,0,0,0
127.951,3,0,7,1,0,0,0,-1,0,3.0000,-1,18,18,7,0,43,0,0,0,0
127.9712,3,0,7,1,0,0,0,-1,0,3.0000,-1,18,18,7,0,43,0,0,0,0
127.993,3,0,7,1,0,0,0,-1,0,3.0000,-1,18,18,7,0,43,0,0,0,0
128.0149,3,0,7,1,0,0,0,-1,0,3.0000,-1,18,18,7,0,43,0,0,0,0
128.0357,3,0,7,1,0,0,0,-1,0,3.0000,-1,18,18,7,0,43,0,0,0,0
128.0566,3,0,7,1,0,0,0,-1,0,3.0000,-1,18,18,7,0,43,0,0,0,0
128.0772,3,0,7,1,0,0,0,-1,0,3.0000,-1,18,18,7,0,43,0,0,0,0
128.1004,3,0,7,1,0,0,0,-1,0,3.0000,-1,18,18,7,0,43,0,0,0,0
128.1206,3,0,7,1,0,0,0,-1,0,3.0000,-1,18,18,7,0,43,0,0,0,0
128.1466,3,0,7,1,0,0,0,-1,0,3.0000,-1,18,18,7,0,43,0,0,0,0
128.1703,3,0,7,1,0,0,0,-1,0,3.0000,-1,18,18,7,0,43,0,0,0,0
128.1908,3,0,7,1,0,0,0,-1,0,3.0000,-1,18,18,7,0,43,0,0,0,0
128.2168,3,0,7,0,0,0,0,-1,0,2.0000,-1,18,18,7,0,43,0,0,0,0
128.2397,3,0,7,0,0,0,0,-1,0,2.0000,-1,18,18,7,0,43,0,0,0,0
128.2626,3,0,7,0,0,0,0,-1,0,2.0000,-1,18,18,7,0,43,0,0,0,0
128.2863,3,0,7,0,0,0,0,-1,0,2.0000,-1,18,18,7,0,43,0,0,0,0
128.3058,3,0,7,0,0,0,0,-1,0,2.0000,-1,18,18,7,0,43,0,0,0,0
128.3277,3,0,7,0,0,0,0,-1,0,2.0000,-1,18,18,7,0,43,0,0,0,0
128.3499,3,0,7,0,1,0,0,-1,0,2.0000,-1,18,18,7,0,43,0,0,0,0
128.3696,3,0,7,0,1,0,0,-1,0,2.0000,-1,18,18,7,0,43,0,0,0,0
128.392,3,0,7,0,1,0,0,-1,0,2.0000,-1,18,18,7,0,43,0,0,0,0
128.4334,3,0,7,0,1,0,0,-1,0,1.0000,-1,18,18,7,0,43,0,0,0,0
128.4517,3,0,7,0,1,0,0,-1,0,1.0000,-1,18,18,7,0,43,0,0,0,0
128.4684,3,0,7,0,1,0,0,-1,0,1.0000,-1,18,18,7,0,43,0,0,0,0
128.4852,3,0,7,0,1,0,0,-1,0,1.0000,-1,18,18,7,0,43,0,0,0,0
128.5041,3,0,7,0,1,0,0,-1,0,1.0000,-1,18,18,7,0,43,0,0,0,0
128.5268,3,0,7,0,1,0,0,-1,0,1.0000,-1,18,18,7,0,43,0,0,0,0
128.5476,3,0,7,0,1,0,0,-1,0,1.0000,-1,18,18,7,0,43,0,0,0,0
128.5693,3,0,7,0,1,0,0,-1,0,1.0000,-1,18,18,7,0,43,0,0,0,0
128.5885,3,0,7,0,1,0,1,185,0,1.0000,-1,18,18,7,0,43,0,0,0,0
128.6119,3,0,7,0,1,0,1,185,0,1.0000,-1,18,18,7,0,43,0,0,0,0
128.632,3,0,7,0,1,0,1,185,0,1.0000,-1,18,18,7,0,43,0,0,0,0
128.6534,3,0,7,0,1,0,1,185,0,1.0000,-1,18,18,7,0,43,0,0,0,0
128.6748,3,0,7,0,1,0,1,185,1,2.0000,-1,18,18,7,0,43,0,0,0,0
128.6949,3,0,7,0,1,0,0,-1,0,2.0000,-1,18,18,7,0,43,0,0,0,0
128.7162,3,0,7,0,1,0,0,-1,0,2.0000,-1,18,18,7,0,43,0,0,0,0
128.7381,3,0,7,0,1,0,0,-1,0,2.0000,-1,18,18,7,0,43,0,0,0,0
128.7594,3,0,7,0,1,0,0,-1,0,2.0000,-1,18,18,7,0,43,0,0,0,0
128.7832,3,0,7,0,1,0,0,-1,0,1.0000,-1,18,18,7,0,43,0,0,0,0
128.803,3,0,7,0,1,0,0,-1,0,1.0000,-1,18,18,7,0,43,0,0,0,0
128.8227,3,0,7,0,1,0,0,-1,0,1.0000,-1,18,18,7,0,43,0,0,0,0
128.8454,3,0,7,0,1,0,0,-1,0,1.0000,-1,18,18,7,0,43,0,0,0,0
128.8671,3,0,7,0,1,0,0,-1,0,1.0000,-1,18,18,7,0,43,0,0,0,0
128.8885,3,0,7,0,1,0,0,-1,0,1.0000,-1,18,18,7,0,43,0,0,0,0
128.9099,3,0,7,0,1,0,0,-1,0,1.0000,-1,18,18,7,0,43,0,0,0,0
128.9298,3,0,7,0,0,0,0,-1,0,1.0000,-1,18,18,7,0,43,0,0,0,0
128.9536,3,0,7,0,0,0,0,-1,0,1.0000,-1,18,18,7,0,43,0,0,0,0
128.9711,3,0,7,0,0,0,0,-1,0,1.0000,-1,18,18,7,0,43,0,0,0,0
128.9946,3,0,7,0,0,0,0,-1,0,1.0000,-1,18,18,7,0,43,0,0,0,0
129.0157,3,0,7,0,0,0,0,-1,0,1.0000,-1,18,18,7,0,43,0,0,0,0
129.037,3,0,7,0,0,0,0,-1,0,1.0000,-1,18,18,7,0,43,0,0,0,0
129.0788,3,0,7,0,0,0,0,-1,0,1.0000,-1,18,18,7,0,43,0,0,0,0
129.0973,3,0,7,0,0,0,0,-1,0,1.0000,-1,18,18,7,0,43,0,0,0,0
129.117,3,0,7,0,0,0,0,-1,0,1.0000,-1,18,18,7,0,43,0,0,0,0
129.1332,3,0,7,0,0,0,0,-1,0,1.0000,-1,18,18,7,0,43,0,0,0,0
129.1512,3,0,7,0,0,0,1,186,0,1.0000,185,18,18,8,0,44,0,0,0,0
129.1714,3,0,7,0,0,0,1,186,0,1.0000,-1,18,18,8,0,44,0,0,0,0
129.1947,3,0,7,0,0,0,1,186,0,1.0000,-1,18,18,8,0,44,0,0,0,0
129.217,3,0,7,0,0,0,1,186,0,1.0000,-1,18,18,8,0,44,0,0,0,0
129.2407,3,0,7,0,0,0,1,186,0,1.0000,-1,18,18,8,0,44,0,0,0,0
129.2844,3,0,7,0,0,0,1,186,0,1.0000,-1,18,18,8,0,44,0,0,0,0
129.3044,3,0,7,0,0,0,1,186,0,1.0000,-1,18,18,8,0,44,0,0,0,0
129.3214,3,0,7,0,0,0,1,186,0,1.0000,-1,18,18,8,0,44,0,0,0,0
129.3382,3,0,7,0,0,0,1,186,0,1.0000,-1,18,18,8,0,44,0,0,0,0
129.3536,3,0,7,0,0,0,1,186,0,1.0000,-1,18,18,8,0,44,0,0,0,0
129.3748,3,0,7,0,0,0,1,186,0,1.0000,-1,18,18,8,0,44,0,0,0,0
129.3991,3,0,7,0,0,0,1,186,0,1.0000,-1,18,18,8,0,44,0,0,0,0
129.4202,3,0,7,0,0,0,0,-1,0,1.0000,186,18,18,9,0,45,0,0,0,0
129.4402,3,0,7,0,0,0,0,-1,0,1.0000,-1,18,18,9,0,45,0,0,0,0
129.4653,3,0,7,0,0,0,0,-1,0,1.0000,-1,18,18,9,0,45,0,0,0,0
129.4847,3,0,7,0,0,0,0,-1,0,1.0000,-1,18,18,9,0,45,0,0,0,0
129.5051,3,0,7,0,0,0,0,-1,0,1.0000,-1,18,18,9,0,45,0,0,0,0
129.5285,3,0,7,0,0,0,0,-1,0,1.0000,-1,18,18,9,0,45,0,0,0,0
129.5494,3,0,7,0,0,0,0,-1,0,1.0000,-1,18,18,9,0,45,0,0,0,0
129.5704,3,0,7,0,0,0,0,-1,0,1.0000,-1,18,18,9,0,45,0,0,0,0
129.5937,3,0,7,0,0,0,0,-1,1,2.0000,-1,18,18,9,0,45,0,0,0,0
129.6114,3,0,7,0,0,0,0,-1,0,2.0000,-1,18,18,9,0,45,0,0,0,0
129.6342,3,0,7,0,0,0,0,-1,0,2.0000,-1,18,18,9,0,45,0,0,0,0
129.655,3,0,7,0,0,0,0,-1,0,2.0000,-1,18,18,9,0,45,0,0,0,0
129.6762,3,0,7,0,0,0,0,-1,0,1.0000,-1,18,18,9,0,45,0,0,0,0
129.6989,3,0,7,0,0,0,0,-1,0,1.0000,-1,18,18,9,0,45,0,0,0,0
129.7186,3,0,7,0,0,0,1,188,0,1.0000,-1,18,18,9,0,45,0,0,0,0
129.7392,3,0,7,0,0,0,1,188,0,1.0000,-1,18,18,9,0,45,0,0,0,0
129.7626,3,0,7,0,0,0,1,188,1,2.0000,-1,18,18,9,0,45,0,0,0,0
129.7828,3,0,7,0,0,0,1,188,0,2.0000,-1,18,18,9,0,45,0,0,0,0
129.8055,3,0,7,0,0,0,1,188,0,2.0000,-1,18,18,9,0,45,0,0,0,0
129.8267,3,0,7,0,0,0,1,188,0,2.0000,-1,18,18,9,0,45,0,0,0,0
129.8457,3,0,7,0,0,0,1,188,0,2.0000,-1,18,18,9,0,45,0,0,0,0
129.8692,3,0,7,0,0,0,1,188,0,2.0000,-1,18,18,9,0,45,0,0,0,0
129.8911,3,0,7,0,0,0,1,188,0,2.0000,-1,18,18,9,0,45,0,0,0,0
129.9129,3,0,7,0,0,0,1,188,0,2.0000,-1,18,18,9,0,45,0,0,0,0
129.9337,3,0,7,0,0,0,1,188,0,2.0000,-1,18,18,9,0,45,0,0,0,0
129.954,3,0,7,0,0,0,1,188,1,3.0000,-1,18,18,9,0,45,0,0,0,0
129.9746,3,0,7,0,0,0,1,188,0,3.0000,-1,18,18,9,0,45,0,0,0,0
129.9957,3,0,7,0,0,0,1,188,0,3.0000,-1,18,18,9,0,45,0,0,0,0
130.0188,3,0,7,0,0,0,1,188,0,3.0000,-1,18,18,9,0,45,0,0,0,0
130.0382,3,0,7,0,0,0,1,188,0,3.0000,-1,18,18,9,0,45,0,0,0,0
130.0611,3,0,7,0,0,0,1,188,0,3.0000,-1,18,18,9,0,45,0,0,0,0
130.0817,3,0,7,0,0,0,1,188,0,3.0000,-1,18,18,9,0,45,0,0,0,0
130.1021,3,0,7,0,0,0,1,188,0,3.0000,-1,18,18,9,0,45,0,0,0,0
130.1242,3,0,7,0,0,0,1,188,0,3.0000,-1,18,18,9,0,45,0,0,0,0
130.1441,3,0,7,0,0,0,1,188,0,3.0000,-1,18,18,9,0,45,0,0,0,0
130.1663,3,0,7,0,0,0,1,188,1,4.0000,-1,18,18,9,0,45,0,0,0,0
130.1872,3,0,7,0,0,0,1,188,0,4.0000,-1,18,18,9,0,45,0,0,0,0
130.2092,3,0,7,0,0,0,1,188,0,4.0000,-1,18,18,9,0,45,0,0,0,0
130.2288,3,0,7,0,0,0,1,188,0,4.0000,-1,18,18,9,0,45,0,0,0,0
130.2511,3,0,7,0,0,0,1,188,0,4.0000,-1,18,18,9,0,45,0,0,0,0
130.2691,3,0,7,0,0,0,1,190,0,4.0000,188,18,18,10,0,46,0,0,0,0
130.295,3,0,7,0,0,0,1,190,0,4.0000,-1,18,18,10,0,46,0,0,0,0
130.3148,3,0,7,0,0,0,1,190,0,4.0000,-1,18,18,10,0,46,0,0,0,0
130.3569,3,0,7,0,0,0,1,190,0,4.0000,-1,18,18,10,0,46,0,0,0,0
130.3737,3,0,7,0,0,0,1,190,0,4.0000,-1,18,18,10,0,46,0,0,0,0
130.3886,3,0,7,0,0,0,1,190,0,4.0000,-1,18,18,10,0,46,0,0,0,0
130.4067,3,0,7,0,0,0,1,190,0,4.0000,-1,18,18,10,0,46,0,0,0,0
130.4295,3,0,7,0,0,0,1,190,0,4.0000,-1,18,18,10,0,46,0,0,0,0
130.4496,3,0,7,0,0,0,1,190,0,4.0000,-1,18,18,10,0,46,0,0,0,0
130.471,3,0,7,0,0,0,1,190,0,4.0000,-1,18,18,10,0,46,0,0,0,0
130.4951,3,0,7,0,0,0,1,190,0,4.0000,-1,18,18,10,0,46,0,0,0,0
130.5159,3,0,7,0,0,0,1,190,0,4.0000,-1,18,18,10,0,46,0,0,0,0
130.5592,3,0,7,0,0,0,1,190,0,4.0000,-1,18,18,10,0,46,0,0,0,0
130.5779,3,0,7,0,0,0,1,190,1,5.0000,-1,18,18,10,0,46,0,0,0,0
130.5949,3,0,7,0,0,0,1,190,0,4.0000,-1,18,18,10,0,46,0,0,0,0
130.6105,3,0,7,0,0,0,0,-1,0,4.0000,-1,18,18,10,0,46,0,0,0,0
130.6277,3,0,7,0,0,0,0,-1,0,4.0000,-1,18,18,10,0,46,0,0,0,0
130.6508,3,0,7,0,0,0,0,-1,0,4.0000,-1,18,18,10,0,46,0,0,0,0
130.6698,3,0,7,0,0,0,0,-1,0,4.0000,-1,18,18,10,0,46,0,0,0,0
130.6924,3,0,7,0,0,0,0,-1,0,4.0000,-1,18,18,10,0,46,0,0,0,0
130.716,3,0,7,0,0,0,0,-1,0,4.0000,-1,18,18,10,0,46,0,0,0,0
130.738,3,0,7,0,0,0,0,-1,0,4.0000,-1,18,18,10,0,46,0,0,0,0
130.779,1,1,8,0,0,0,0,-1,1,4.0000,190,19,18,10,0,47,0,0,0,0
130.8007,1,0,8,0,0,0,0,-1,0,4.0000,-1,19,18,10,0,47,0,0,0,0
130.8174,1,0,8,0,0,0,0,-1,0,4.0000,-1,19,18,10,0,47,0,0,0,0
130.8323,1,0,8,1,0,0,0,-1,0,4.0000,-1,19,18,10,0,47,0,0,0,0
130.8491,1,0,8,1,0,0,0,-1,0,4.0000,-1,19,18,10,0,47,0,0,0,0
130.8737,1,0,8,1,0,0,0,-1,0,4.0000,-1,19,18,10,0,47,0,0,0,0
130.8965,1,0,8,1,0,0,0,-1,0,4.0000,-1,19,18,10,0,47,0,0,0,0
130.9165,1,0,8,1,0,0,0,-1,0,4.0000,-1,19,18,10,0,47,0,0,0,0
130.94,1,0,8,1,0,0,0,-1,0,4.0000,-1,19,18,10,0,47,0,0,0,0
130.9805,1,0,8,1,0,0,0,-1,0,3.0000,-1,19,18,10,0,47,0,0,0,0
130.9997,1,0,8,1,0,0,0,-1,0,3.0000,-1,19,18,10,0,47,0,0,0,0
131.0186,1,0,8,1,0,0,0,-1,0,3.0000,-1,19,18,10,0,47,0,0,0,0
131.0376,1,0,8,1,0,0,0,-1,0,3.0000,-1,19,18,10,0,47,0,0,0,0
131.0565,1,0,8,1,0,0,0,-1,0,3.0000,-1,19,18,10,0,47,0,0,0,0
131.0744,1,0,8,1,0,0,0,-1,0,3.0000,-1,19,18,10,0,47,0,0,0,0
131.0944,1,0,8,1,0,0,0,-1,0,3.0000,-1,19,18,10,0,47,0,0,0,0
131.1195,1,0,8,1,0,0,0,-1,0,3.0000,-1,19,18,10,0,47,0,0,0,0
131.1385,1,0,8,1,0,0,0,-1,0,3.0000,-1,19,18,10,0,47,0,0,0,0
131.1602,1,0,8,1,0,0,0,-1,0,3.0000,-1,19,18,10,0,47,0,0,0,0
131.1838,1,0,8,1,0,0,0,-1,0,2.0000,-1,19,18,10,0,47,0,0,0,0
131.2054,1,0,8,1,0,0,0,-1,0,2.0000,-1,19,18,10,0,47,0,0,0,0
131.2259,1,0,8,1,0,0,0,-1,0,2.0000,-1,19,18,10,0,47,0,0,0,0
131.2492,1,0,8,1,0,0,0,-1,0,2.0000,-1,19,18,10,0,47,0,0,0,0
131.2713,1,0,8,1,0,0,0,-1,0,2.0000,-1,19,18,10,0,47,0,0,0,0
131.2945,1,0,8,1,0,0,0,-1,0,2.0000,-1,19,18,10,0,47,0,0,0,0
131.3179,1,0,8,1,0,0,0,-1,0,2.0000,-1,19,18,10,0,47,0,0,0,0
131.3429,1,0,8,1,0,0,0,-1,0,2.0000,-1,19,18,10,0,47,0,0,0,0
131.3674,1,0,8,1,0,0,0,-1,0,2.0000,-1,19,18,10,0,47,0,0,0,0
131.3893,1,0,8,1,0,0,0,-1,0,2.0000,-1,19,18,10,0,47,0,0,0,0
131.4139,1,0,8,1,0,0,0,-1,0,2.0000,-1,19,18,10,0,47,0,0,0,0
131.438,1,0,8,1,0,0,0,-1,0,2.0000,-1,19,18,10,0,47,0,0,0,0
131.4605,1,0,8,1,0,0,0,-1,0,2.0000,-1,19,18,10,0,47,0,0,0,0
131.4838,1,0,8,1,0,0,0,-1,0,2.0000,-1,19,18,10,0,47,0,0,0,0
131.5039,1,0,8,1,0,0,0,-1,0,2.0000,-1,19,18,10,0,47,0,0,0,0
131.5275,1,0,8,1,0,0,0,-1,0,2.0000,-1,19,18,10,0,47,0,0,0,0
131.5485,1,0,8,1,0,0,0,-1,0,2.0000,-1,19,18,10,0,47,0,0,0,0
131.5693,1,0,8,1,0,0,0,-1,0,2.0000,-1,19,18,10,0,47,0,0,0,0
131.5929,1,0,8,1,0,0,0,-1,0,1.0000,-1,19,18,10,0,47,0,0,0,0
131.6128,1,0,8,1,0,0,0,-1,0,1.0000,-1,19,18,10,0,47,0,0,0,0
131.6319,1,0,8,1,0,0,0,-1,0,1.0000,-1,19,18,10,0,47,0,0,0,0
131.6538,1,0,8,1,0,0,0,-1,0,1.0000,-1,19,18,10,0,47,0,0,0,0
131.6733,1,0,8,1,0,0,0,-1,0,1.0000,-1,19,18,10,0,47,0,0,0,0
131.6924,1,0,8,1,0,0,0,-1,0,1.0000,-1,19,18,10,0,47,0,0,0,0
131.7172,1,0,8,1,0,0,0,-1,0,1.0000,-1,19,18,10,0,47,0,0,0,0
131.735,1,0,8,1,0,0,0,-1,0,1.0000,-1,19,18,10,0,47,0,0,0,0
131.7553,1,0,8,1,0,0,0,-1,0,1.0000,-1,19,18,10,0,47,0,0,0,0
131.7758,1,0,8,1,0,0,0,-1,0,1.0000,-1,19,18,10,0,47,0,0,0,0
131.7948,1,0,8,1,0,0,0,-1,0,0.0000,-1,19,18,10,0,47,0,0,0,0
131.8136,1,0,8,1,0,0,0,-1,0,0.0000,-1,19,18,10,0,47,0,0,0,0
131.8353,1,0,8,1,0,0,0,-1,0,0.0000,-1,19,18,10,0,47,0,0,0,0
131.8566,1,0,8,1,0,0,0,-1,0,0.0000,-1,19,18,10,0,47,0,0,0,0
131.8761,1,0,8,1,0,0,0,-1,0,0.0000,-1,19,18,10,0,47,0,0,0,0
131.8952,1,0,8,1,0,0,0,-1,0,0.0000,-1,19,18,10,0,47,0,0,0,0
131.9146,1,0,8,1,0,0,0,-1,0,0.0000,-1,19,18,10,0,47,0,0,0,0
131.9355,1,0,8,0,0,0,0,-1,0,0.0000,-1,19,18,10,0,47,0,0,0,0
131.9571,1,0,8,0,0,0,0,-1,0,0.0000,-1,19,18,10,0,47,0,0,0,0
131.9776,1,0,8,0,0,0,0,-1,1,1.0000,-1,19,18,10,0,47,0,0,0,0
132.0168,1,0,8,0,0,0,0,-1,0,1.0000,-1,19,18,10,0,47,0,0,0,0
132.033,1,0,8,0,0,0,1,192,0,1.0000,-1,19,18,10,0,47,0,0,0,0
132.0489,1,0,8,0,0,0,1,192,0,1.0000,-1,19,18,10,0,47,0,0,0,0
132.064,1,0,8,0,0,0,1,192,0,1.0000,-1,19,18,10,0,47,0,0,0,0
132.0846,1,0,8,0,0,0,1,192,0,1.0000,-1,19,18,10,0,47,0,0,0,0
132.1033,1,0,8,0,0,0,1,192,0,1.0000,-1,19,18,10,0,47,0,0,0,0
132.1242,1,0,8,0,0,0,1,192,0,1.0000,-1,19,18,10,0,47,0,0,0,0
132.1468,1,0,8,0,0,0,1,192,0,1.0000,-1,19,18,10,0,47,0,0,0,0
132.1658,1,0,8,0,0,0,1,192,0,1.0000,-1,19,18,10,0,47,0,0,0,0
132.1878,1,0,8,0,0,0,1,192,0,1.0000,-1,19,18,10,0,47,0,0,0,0
132.2083,1,0,8,0,0,0,1,192,0,1.0000,-1,19,18,10,0,47,0,0,0,0
132.2285,1,0,8,0,0,0,1,192,0,1.0000,-1,19,18,10,0,47,0,0,0,0
132.2475,1,0,8,0,0,0,1,192,0,1.0000,-1,19,18,10,0,47,0,0,0,0
132.2693,1,0,8,0,0,0,1,192,0,1.0000,-1,19,18,10,0,47,0,0,0,0
132.2916,1,0,8,0,0,0,1,192,0,1.0000,-1,19,18,10,0,47,0,0,0,0
132.3118,1,0,8,0,0,0,1,192,1,2.0000,-1,19,18,10,0,47,0,0,0,0
132.3314,1,0,8,0,0,0,1,192,0,2.0000,-1,19,18,10,0,47,0,0,0,0
132.3524,1,0,8,0,0,0,1,192,0,2.0000,-1,19,18,10,0,47,0,0,0,0
132.372,1,0,8,0,0,0,1,192,0,2.0000,-1,19,18,10,0,47,0,0,0,0
132.3902,1,0,8,0,0,0,1,193,0,2.0000,192,20,18,10,0,48,0,0,0,0
132.4125,1,0,8,0,0,0,1,193,0,2.0000,-1,20,18,10,0,48,0,0,0,0
132.434,1,0,8,0,0,0,1,193,0,2.0000,-1,20,18,10,0,48,0,0,0,0
132.4544,1,0,8,0,0,0,1,193,0,2.0000,-1,20,18,10,0,48,0,0,0,0
132.4748,1,0,8,0,0,0,1,193,0,2.0000,-1,20,18,10,0,48,0,0,0,0
132.4937,1,0,8,0,0,0,1,193,0,2.0000,-1,20,18,10,0,48,0,0,0,0
132.5133,1,0,8,0,0,0,1,193,0,2.0000,-1,20,18,10,0,48,0,0,0,0
132.5351,1,0,8,0,0,0,1,193,0,2.0000,-1,20,18,10,0,48,0,0,0,0
132.5564,1,0,8,0,0,0,1,193,0,2.0000,-1,20,18,10,0,48,0,0,0,0
132.5768,1,0,8,0,0,0,1,193,0,2.0000,-1,20,18,10,0,48,0,0,0,0
132.5966,1,0,8,0,0,0,1,193,0,2.0000,-1,20,18,10,0,48,0,0,0,0
132.634,1,0,8,0,0,0,1,193,0,2.0000,-1,20,18,10,0,48,0,0,0,0
132.6504,1,0,8,0,0,0,0,-1,1,3.0000,193,21,18,10,0,49,0,0,0,0
132.6698,1,0,8,0,0,0,0,-1,0,3.0000,-1,21,18,10,0,49,0,0,0,0
132.6858,1,0,8,0,0,0,0,-1,0,3.0000,-1,21,18,10,0,49,0,0,0,0
132.7028,1,0,8,0,0,0,0,-1,0,3.0000,-1,21,18,10,0,49,0,0,0,0
132.7256,1,0,8,0,0,0,0,-1,0,3.0000,-1,21,18,10,0,49,0,0,0,0
132.7458,1,0,8,0,0,0,0,-1,0,3.0000,-1,21,18,10,0,49,0,0,0,0
132.7652,1,0,8,0,0,0,0,-1,0,3.0000,-1,21,18,10,0,49,0,0,0,0
132.7864,1,0,8,0,0,0,0,-1,0,3.0000,-1,21,18,10,0,49,0,0,0,0
132.8064,1,0,8,0,0,0,0,-1,0,3.0000,-1,21,18,10,0,49,0,0,0,0
132.8454,1,0,8,0,0,0,0,-1,0,3.0000,-1,21,18,10,0,49,0,0,0,0
132.862,1,0,8,0,0,0,0,-1,0,3.0000,-1,21,18,10,0,49,0,0,0,0
132.878,1,0,8,0,0,0,0,-1,0,3.0000,-1,21,18,10,0,49,0,0,0,0
132.8922,1,0,8,0,0,0,0,-1,0,3.0000,-1,21,18,10,0,49,0,0,0,0
132.9136,1,0,8,0,0,0,0,-1,0,3.0000,-1,21,18,10,0,49,0,0,0,0
132.943,1,0,8,0,0,0,0,-1,0,3.0000,-1,21,18,10,0,49,0,0,0,0
132.9587,1,0,8,0,0,0,0,-1,0,3.0000,-1,21,18,10,0,49,0,0,0,0
132.9749,1,0,8,0,0,0,0,-1,0,3.0000,-1,21,18,10,0,49,0,0,0,0
132.9958,1,0,8,0,0,0,0,-1,0,2.0000,-1,21,18,10,0,49,0,0,0,0
133.0155,1,0,8,0,0,0,0,-1,0,2.0000,-1,21,18,10,0,49,0,0,0,0
133.055,1,0,8,0,0,0,0,-1,0,2.0000,-1,21,18,10,0,49,0,0,0,0
133.0713,1,0,8,0,0,0,0,-1,0,2.0000,-1,21,18,10,0,49,0,0,0,0
133.0882,1,0,8,0,0,0,0,-1,0,2.0000,-1,21,18,10,0,49,0,0,0,0
133.1016,1,0,8,0,0,0,0,-1,0,2.0000,-1,21,18,10,0,49,0,0,0,0
133.1259,1,0,8,0,0,0,0,-1,0,2.0000,-1,21,18,10,0,49,0,0,0,0
133.1474,1,0,8,0,0,0,0,-1,0,2.0000,-1,21,18,10,0,49,0,0,0,0
133.1664,1,0,8,0,0,0,0,-1,0,2.0000,-1,21,18,10,0,49,0,0,0,0
133.1871,1,0,8,0,0,0,0,-1,0,2.0000,-1,21,18,10,0,49,0,0,0,0
133.2082,1,0,8,0,0,0,0,-1,0,2.0000,-1,21,18,10,0,49,0,0,0,0
133.2266,1,0,8,0,0,0,0,-1,0,2.0000,-1,21,18,10,0,49,0,0,0,0
133.27,1,0,8,0,0,0,0,-1,0,2.0000,-1,21,18,10,0,49,0,0,0,0
133.288,1,0,8,0,0,0,0,-1,0,2.0000,-1,21,18,10,0,49,0,0,0,0
133.303,1,0,8,0,0,0,0,-1,0,2.0000,-1,21,18,10,0,49,0,0,0,0
133.3171,1,0,8,0,0,0,0,-1,0,1.0000,-1,21,18,10,0,49,0,0,0,0
133.3361,1,0,8,0,0,0,0,-1,0,1.0000,-1,21,18,10,0,49,0,0,0,0
133.359,1,0,8,0,0,0,0,-1,0,1.0000,-1,21,18,10,0,49,0,0,0,0
133.38,1,0,8,0,0,0,0,-1,0,1.0000,-1,21,18,10,0,49,0,0,0,0
133.4009,1,0,8,0,0,0,0,-1,0,1.0000,-1,21,18,10,0,49,0,0,0,0
133.4223,1,0,8,0,0,0,0,-1,0,1.0000,-1,21,18,10,0,49,0,0,0,0
133.4425,1,0,8,0,0,0,0,-1,0,1.0000,-1,21,18,10,0,49,0,0,0,0
133.4829,1,0,8,0,0,0,0,-1,0,1.0000,-1,21,18,10,0,49,0,0,0,0
133.5013,1,0,8,0,0,0,0,-1,0,1.0000,-1,21,18,10,0,49,0,0,0,0
133.5181,1,0,8,0,0,0,0,-1,0,1.0000,-1,21,18,10,0,49,0,0,0,0
133.5319,1,0,8,0,0,0,0,-1,0,1.0000,-1,21,18,10,0,49,0,0,0,0
133.5488,1,0,8,0,0,0,0,-1,0,1.0000,-1,21,18,10,0,49,0,0,0,0
133.5712,1,0,8,0,0,0,0,-1,0,1.0000,-1,21,18,10,0,49,0,0,0,0
133.5923,1,0,8,0,0,0,1,195,0,1.0000,-1,21,18,10,0,49,0,0,0,0
133.6145,1,0,8,0,0,0,1,195,0,1.0000,-1,21,18,10,0,49,0,0,0,0
133.6357,1,0,8,0,0,0,1,195,0,1.0000,-1,21,18,10,0,49,0,0,0,0
133.6558,1,0,8,0,0,0,1,195,1,1.0000,-1,21,18,10,0,49,0,0,0,0
133.6966,1,0,8,0,0,0,1,195,0,1.0000,-1,21,18,10,0,49,0,0,0,0
133.7156,1,0,8,0,0,0,1,195,0,1.0000,-1,21,18,10,0,49,0,0,0,0
133.7329,1,0,8,0,0,0,1,195,0,1.0000,-1,21,18,10,0,49,0,0,0,0
133.7492,1,0,8,0,0,0,1,195,0,1.0000,-1,21,18,10,0,49,0,0,0,0
133.7676,1,0,8,0,0,0,1,195,0,1.0000,-1,21,18,10,0,49,0,0,0,0
133.7872,1,0,8,0,0,0,1,195,0,1.0000,-1,21,18,10,0,49,0,0,0,0
133.8082,1,0,8,0,0,0,1,195,0,1.0000,-1,21,18,10,0,49,0,0,0,0
133.8292,1,0,8,0,0,0,0,-1,0,1.0000,195,22,18,10,0,50,0,0,0,0
133.8516,1,0,8,0,0,0,0,-1,0,1.0000,-1,22,18,10,0,50,0,0,0,0
133.8735,1,0,8,0,0,0,0,-1,0,1.0000,-1,22,18,10,0,50,0,0,0,0
133.9142,1,0,8,0,0,0,0,-1,0,1.0000,-1,22,18,10,0,50,0,0,0,0
133.9323,1,0,8,0,0,0,0,-1,0,1.0000,-1,22,18,10,0,50,0,0,0,0
133.9484,1,0,8,0,0,0,0,-1,0,1.0000,-1,22,18,10,0,50,0,0,0,0
133.9659,1,0,8,0,0,0,0,-1,0,1.0000,-1,22,18,10,0,50,0,0,0,0
133.9825,1,0,8,0,0,0,0,-1,0,1.0000,-1,22,18,10,0,50,0,0,0,0
134.0063,1,0,8,0,0,0,0,-1,0,1.0000,-1,22,18,10,0,50,0,0,0,0
134.0266,1,0,8,0,0,0,0,-1,0,1.0000,-1,22,18,10,0,50,0,0,0,0
134.0492,1,0,8,0,0,0,0,-1,0,1.0000,-1,22,18,10,0,50,0,0,0,0
134.0712,1,0,8,0,0,0,0,-1,0,1.0000,-1,22,18,10,0,50,0,0,0,0
134.0909,1,0,8,0,0,0,0,-1,0,1.0000,-1,22,18,10,0,50,0,0,0,0
134.1116,1,0,8,0,0,0,0,-1,0,1.0000,-1,22,18,10,0,50,0,0,0,0
134.1321,1,0,8,0,0,0,0,-1,0,1.0000,-1,22,18,10,0,50,0,0,0,0
134.1533,1,0,8,0,0,0,0,-1,0,1.0000,-1,22,18,10,0,50,0,0,0,0
134.1733,1,0,8,0,0,0,0,-1,0,1.0000,-1,22,18,10,0,50,0,0,0,0
134.1966,1,0,8,0,0,0,0,-1,0,1.0000,-1,22,18,10,0,50,0,0,0,0
134.2174,1,0,8,0,0,0,0,-1,0,1.0000,-1,22,18,10,0,50,0,0,0,0
134.2379,1,0,8,0,0,0,0,-1,0,1.0000,-1,22,18,10,0,50,0,0,0,0
134.2598,1,0,8,0,0,0,0,-1,0,1.0000,-1,22,18,10,0,50,0,0,0,0
134.2845,1,0,8,0,0,0,0,-1,0,1.0000,-1,22,18,10,0,50,0,0,0,0
134.3061,1,0,8,0,0,0,0,-1,0,1.0000,-1,22,18,10,0,50,0,0,0,0
134.3469,1,0,8,0,0,0,0,-1,0,1.0000,-1,22,18,10,0,50,0,0,0,0
134.3642,1,0,8,0,0,0,0,-1,0,1.0000,-1,22,18,10,0,50,0,0,0,0
134.3808,1,0,8,0,0,0,0,-1,0,1.0000,-1,22,18,10,0,50,0,0,0,0
134.3965,1,0,8,0,0,0,0,-1,0,1.0000,-1,22,18,10,0,50,0,0,0,0
134.4152,1,0,8,0,0,0,0,-1,0,1.0000,-1,22,18,10,0,50,0,0,0,0
134.4394,1,0,8,0,0,0,0,-1,1,2.0000,-1,22,18,10,0,50,0,0,0,0
134.4601,1,0,8,0,0,0,0,-1,0,2.0000,-1,22,18,10,0,50,0,0,0,0
134.4821,1,0,8,0,0,0,0,-1,0,2.0000,-1,22,18,10,0,50,0,0,0,0
134.5009,1,0,8,0,0,0,0,-1,0,2.0000,-1,22,18,10,0,50,0,0,0,0
134.5217,1,0,8,0,0,0,0,-1,0,2.0000,-1,22,18,10,0,50,0,0,0,0
134.5621,1,0,8,0,0,0,0,-1,0,2.0000,-1,22,18,10,0,50,0,0,0,0
134.5796,1,0,8,0,0,0,0,-1,0,2.0000,-1,22,18,10,0,50,0,0,0,0
134.5951,1,0,8,0,0,0,0,-1,0,2.0000,-1,22,18,10,0,50,0,0,0,0
134.6107,1,0,8,0,0,0,0,-1,0,2.0000,-1,22,18,10,0,50,0,0,0,0
134.6322,1,0,8,0,0,0,0,-1,0,2.0000,-1,22,18,10,0,50,0,0,0,0
134.6524,1,0,8,0,0,0,0,-1,0,2.0000,-1,22,18,10,0,50,0,0,0,0
134.6759,1,0,8,0,0,0,0,-1,0,1.0000,-1,22,18,10,0,50,0,0,0,0
134.695,1,0,8,0,0,0,0,-1,0,1.0000,-1,22,18,10,0,50,0,0,0,0
134.717,1,0,8,0,0,0,0,-1,0,1.0000,-1,22,18,10,0,50,0,0,0,0
134.7382,1,0,8,0,0,0,0,-1,0,1.0000,-1,22,18,10,0,50,0,0,0,0
134.7612,1,0,8,0,0,0,0,-1,0,1.0000,-1,22,18,10,0,50,0,0,0,0
134.781,1,0,8,0,0,0,0,-1,0,1.0000,-1,22,18,10,0,50,0,0,0,0
134.8016,1,0,8,0,0,0,0,-1,0,1.0000,-1,22,18,10,0,50,0,0,0,0
134.8214,1,0,8,0,0,0,0,-1,0,1.0000,-1,22,18,10,0,50,0,0,0,0
134.8448,1,0,8,0,0,0,0,-1,0,1.0000,-1,22,18,10,0,50,0,0,0,0
134.8641,1,0,8,0,0,0,0,-1,1,2.0000,-1,22,18,10,0,50,0,0,0,0
134.8857,1,0,8,0,0,0,0,-1,0,2.0000,-1,22,18,10,0,50,0,0,0,0
134.9079,1,0,8,0,0,0,0,-1,0,2.0000,-1,22,18,10,0,50,0,0,0,0
134.9289,1,0,8,0,0,0,0,-1,0,2.0000,-1,22,18,10,0,50,0,0,0,0
134.9486,1,0,8,0,0,0,0,-1,0,2.0000,-1,22,18,10,0,50,0,0,0,0
134.9921,1,0,8,0,0,0,0,-1,0,2.0000,-1,22,18,10,0,50,0,0,0,0
135.0098,1,0,8,0,0,0,0,-1,0,2.0000,-1,22,18,10,0,50,0,0,0,0
135.0271,1,0,8,0,0,0,0,-1,0,2.0000,-1,22,18,10,0,50,0,0,0,0
135.0431,1,0,8,0,0,0,0,-1,0,2.0000,-1,22,18,10,0,50,0,0,0,0
135.0592,1,0,8,0,0,0,0,-1,0,2.0000,-1,22,18,10,0,50,0,0,0,0
135.0821,1,0,8,0,0,0,0,-1,0,2.0000,-1,22,18,10,0,50,0,0,0,0
135.1044,1,0,8,0,0,0,0,-1,0,2.0000,-1,22,18,10,0,50,0,0,0,0
135.1257,1,0,8,0,0,0,0,-1,0,2.0000,-1,22,18,10,0,50,0,0,0,0
135.1457,1,0,8,0,0,0,0,-1,0,2.0000,-1,22,18,10,0,50,0,0,0,0
135.1664,1,0,8,0,0,0,0,-1,0,2.0000,-1,22,18,10,0,50,0,0,0,0
135.1877,1,0,8,0,0,0,0,-1,0,2.0000,-1,22,18,10,0,50,0,0,0,0
135.2089,1,0,8,0,0,0,0,-1,0,2.0000,-1,22,18,10,0,50,0,0,0,0
135.2295,1,0,8,0,0,0,0,-1,0,2.0000,-1,22,18,10,0,50,0,0,0,0
135.2506,1,0,8,0,0,0,0,-1,0,2.0000,-1,22,18,10,0,50,0,0,0,0
135.2731,1,0,8,0,0,0,0,-1,0,2.0000,-1,22,18,10,0,50,0,0,0,0
135.295,1,0,8,0,0,0,0,-1,0,2.0000,-1,22,18,10,0,50,0,0,0,0
135.3156,1,0,8,0,0,0,0,-1,0,2.0000,-1,22,18,10,0,50,0,0,0,0
135.3379,1,0,8,0,0,0,0,-1,0,2.0000,-1,22,18,10,0,50,0,0,0,0
135.3589,1,0,8,0,0,0,0,-1,0,2.0000,-1,22,18,10,0,50,0,0,0,0
135.38,1,0,8,0,0,0,0,-1,0,2.0000,-1,22,18,10,0,50,0,0,0,0
135.4014,1,0,8,0,0,0,0,-1,0,2.0000,-1,22,18,10,0,50,0,0,0,0
135.4218,1,0,8,0,0,0,0,-1,0,2.0000,-1,22,18,10,0,50,0,0,0,0
135.4415,1,0,8,0,0,0,0,-1,0,1.0000,-1,22,18,10,0,50,0,0,0,0
135.4637,1,0,8,0,0,0,0,-1,0,1.0000,-1,22,18,10,0,50,0,0,0,0
135.4851,1,0,8,0,0,0,0,-1,0,1.0000,-1,22,18,10,0,50,0,0,0,0
135.5063,1,0,8,0,0,0,0,-1,0,1.0000,-1,22,18,10,0,50,0,0,0,0
135.5268,1,0,8,0,0,0,0,-1,0,1.0000,-1,22,18,10,0,50,0,0,0,0
135.5477,1,0,8,0,0,0,0,-1,0,1.0000,-1,22,18,10,0,50,0,0,0,0
135.5707,1,0,8,0,0,0,0,-1,0,1.0000,-1,22,18,10,0,50,0,0,0,0
135.5915,1,0,8,0,0,0,0,-1,0,1.0000,-1,22,18,10,0,50,0,0,0,0
135.6308,1,0,8,0,0,0,1,202,0,1.0000,-1,22,18,10,0,50,0,0,0,0
135.6477,1,0,8,0,0,0,1,202,0,1.0000,-1,22,18,10,0,50,0,0,0,0
135.6637,1,0,8,0,0,0,1,202,0,1.0000,-1,22,18,10,0,50,0,0,0,0
135.679,1,0,8,0,0,0,1,202,0,1.0000,-1,22,18,10,0,50,0,0,0,0
135.7035,1,0,8,0,0,0,1,202,0,1.0000,-1,22,18,10,0,50,0,0,0,0
135.7221,1,0,8,0,0,0,1,202,0,1.0000,-1,22,18,10,0,50,0,0,0,0
135.7438,1,0,8,0,0,0,1,202,0,1.0000,-1,22,18,10,0,50,0,0,0,0
135.7634,1,0,8,0,0,0,1,202,0,1.0000,-1,22,18,10,0,50,0,0,0,0
135.7849,1,0,8,0,0,0,1,202,0,1.0000,-1,22,18,10,0,50,0,0,0,0
135.8055,1,0,8,0,0,0,1,202,0,1.0000,-1,22,18,10,0,50,0,0,0,0
135.8276,1,0,8,0,0,0,1,202,0,1.0000,-1,22,18,10,0,50,0,0,0,0
135.8495,1,0,8,0,0,0,1,202,0,1.0000,-1,22,18,10,0,50,0,0,0,0
135.8708,1,0,8,0,0,0,1,202,0,0.0000,-1,22,18,10,0,50,0,0,0,0
135.8929,1,0,8,0,0,0,1,202,0,0.0000,-1,22,18,10,0,50,0,0,0,0
135.9144,1,0,8,0,0,0,1,202,0,0.0000,-1,22,18,10,0,50,0,0,0,0
135.9333,1,0,8,0,0,0,1,202,0,0.0000,-1,22,18,10,0,50,0,0,0,0
135.9539,1,0,8,0,0,0,1,202,1,1.0000,-1,22,18,10,0,50,0,0,0,0
135.9754,1,0,8,0,0,0,1,202,0,1.0000,-1,22,18,10,0,50,0,0,0,0
135.9964,1,0,8,0,0,0,1,202,0,1.0000,-1,22,18,10,0,50,0,0,0,0
136.0176,1,0,8,0,0,0,1,202,0,1.0000,-1,22,18,10,0,50,0,0,0,0
136.0394,1,0,8,0,0,0,1,202,0,1.0000,-1,22,18,10,0,50,0,0,0,0
136.0609,1,0,8,0,0,0,1,202,0,1.0000,-1,22,18,10,0,50,0,0,0,0
136.0829,1,0,8,0,0,0,1,202,0,1.0000,-1,22,18,10,0,50,0,0,0,0
136.1047,1,0,8,0,0,0,1,202,0,1.0000,-1,22,18,10,0,50,0,0,0,0
136.126,1,0,8,0,0,0,1,202,0,1.0000,-1,22,18,10,0,50,0,0,0,0
136.1472,1,0,8,0,0,0,1,202,0,1.0000,-1,22,18,10,0,50,0,0,0,0
136.1672,1,0,8,0,0,0,1,201,0,1.0000,202,23,18,10,0,51,0,0,0,0
136.1867,1,0,8,0,0,0,1,201,0,1.0000,-1,23,18,10,0,51,0,0,0,0
136.2079,1,0,8,0,0,0,1,201,0,1.0000,-1,23,18,10,0,51,0,0,0,0
136.2303,1,0,8,1,0,0,1,201,0,1.0000,-1,23,18,10,0,51,0,0,0,0
136.2713,1,0,8,1,0,0,1,201,0,1.0000,-1,23,18,10,0,51,0,0,0,0
136.2899,1,0,8,1,0,0,1,201,0,1.0000,-1,23,18,10,0,51,0,0,0,0
136.3074,1,0,8,1,0,0,1,201,0,1.0000,-1,23,18,10,0,51,0,0,0,0
136.3231,1,0,8,1,0,0,1,201,0,1.0000,-1,23,18,10,0,51,0,0,0,0
136.3387,1,0,8,1,0,0,1,201,0,1.0000,-1,23,18,10,0,51,0,0,0,0
136.3611,1,0,8,1,0,0,1,201,0,1.0000,-1,23,18,10,0,51,0,0,0,0
136.3833,1,0,8,0,0,0,1,201,0,1.0000,-1,23,18,10,0,51,0,0,0,0
136.4042,1,0,8,0,0,0,1,201,0,1.0000,-1,23,18,10,0,51,0,0,0,0
136.4265,1,0,8,0,0,0,1,201,0,1.0000,-1,23,18,10,0,51,0,0,0,0
136.4493,1,0,8,0,0,0,1,201,1,2.0000,-1,23,18,10,0,51,0,0,0,0
136.4888,1,0,8,0,0,0,1,201,0,2.0000,-1,23,18,10,0,51,0,0,0,0
136.5048,1,0,8,0,0,0,0,-1,0,2.0000,-1,23,18,10,0,51,0,0,0,0
136.5199,1,0,8,0,0,0,0,-1,0,2.0000,-1,23,18,10,0,51,0,0,0,0
136.5366,1,0,8,0,0,0,0,-1,0,2.0000,-1,23,18,10,0,51,0,0,0,0
136.5612,1,0,8,0,0,0,0,-1,0,2.0000,-1,23,18,10,0,51,0,0,0,0
136.5825,1,0,8,0,0,0,0,-1,0,2.0000,201,24,18,10,0,52,0,0,0,0
136.6029,1,0,8,0,0,0,0,-1,0,2.0000,-1,24,18,10,0,52,0,0,0,0
136.6246,1,0,8,0,0,0,0,-1,0,2.0000,-1,24,18,10,0,52,0,0,0,0
136.6442,1,0,8,0,0,0,0,-1,0,2.0000,-1,24,18,10,0,52,0,0,0,0
136.6665,1,0,8,0,0,0,0,-1,0,2.0000,-1,24,18,10,0,52,0,0,0,0
136.7097,1,0,8,0,0,0,0,-1,0,2.0000,-1,24,18,10,0,52,0,0,0,0
136.7277,1,0,8,0,0,0,0,-1,0,2.0000,-1,24,18,10,0,52,0,0,0,0
136.745,1,0,8,0,0,0,0,-1,0,2.0000,-1,24,18,10,0,52,0,0,0,0
136.7639,1,0,8,0,0,0,0,-1,0,2.0000,-1,24,18,10,0,52,0,0,0,0
136.7804,1,0,8,0,0,0,0,-1,0,2.0000,-1,24,18,10,0,52,0,0,0,0
136.8005,1,0,8,0,0,0,0,-1,0,2.0000,-1,24,18,10,0,52,0,0,0,0
136.8242,1,0,8,0,0,0,0,-1,0,2.0000,-1,24,18,10,0,52,0,0,0,0
136.8431,1,0,8,0,0,0,0,-1,0,2.0000,-1,24,18,10,0,52,0,0,0,0
136.8659,1,0,8,0,0,0,0,-1,0,2.0000,-1,24,18,10,0,52,0,0,0,0
136.8874,1,0,8,0,0,0,0,-1,0,2.0000,-1,24,18,10,0,52,0,0,0,0
136.9095,1,0,8,0,0,0,0,-1,0,2.0000,-1,24,18,10,0,52,0,0,0,0
136.9302,1,0,8,0,0,0,0,-1,0,2.0000,-1,24,18,10,0,52,0,0,0,0
136.9528,1,0,8,0,1,0,0,-1,0,2.0000,-1,24,18,10,0,52,0,0,0,0
136.974,1,0,8,0,1,0,0,-1,0,1.0000,-1,24,18,10,0,52,0,0,0,0
136.9953,1,0,8,0,1,0,0,-1,0,1.0000,-1,24,18,10,0,52,0,0,0,0
137.0178,1,0,8,0,1,0,0,-1,0,1.0000,-1,24,18,10,0,52,0,0,0,0
137.039,1,0,8,0,1,0,0,-1,0,1.0000,-1,24,18,10,0,52,0,0,0,0
137.0601,1,0,8,0,1,0,0,-1,0,1.0000,-1,24,18,10,0,52,0,0,0,0
137.0844,1,0,8,0,1,0,0,-1,0,1.0000,-1,24,18,10,0,52,0,0,0,0
137.105,1,0,8,0,1,0,0,-1,0,1.0000,-1,24,18,10,0,52,0,0,0,0
137.1272,1,0,8,0,1,0,0,-1,0,1.0000,-1,24,18,10,0,52,0,0,0,0
137.1502,1,0,8,0,1,0,1,203,0,1.0000,-1,24,18,10,0,52,0,0,0,0
137.1702,1,0,8,0,1,0,1,203,0,1.0000,-1,24,18,10,0,52,0,0,0,0
137.1896,1,0,8,0,1,0,1,203,0,1.0000,-1,24,18,10,0,52,0,0,0,0
137.2117,1,0,8,0,1,0,1,203,0,1.0000,-1,24,18,10,0,52,0,0,0,0
137.2317,1,0,8,0,1,0,1,203,0,1.0000,-1,24,18,10,0,52,0,0,0,0
137.2545,1,0,8,0,1,0,1,203,0,1.0000,-1,24,18,10,0,52,0,0,0,0
137.2769,1,0,8,0,1,0,1,203,0,1.0000,-1,24,18,10,0,52,0,0,0,0
137.2976,1,0,8,0,1,0,1,203,0,1.0000,-1,24,18,10,0,52,0,0,0,0
137.3187,1,0,8,0,1,0,1,203,0,1.0000,-1,24,18,10,0,52,0,0,0,0
137.3414,1,0,8,0,1,0,1,203,0,1.0000,-1,24,18,10,0,52,0,0,0,0
137.3634,1,0,8,0,1,0,1,203,0,1.0000,-1,24,18,10,0,52,0,0,0,0
137.3848,1,0,8,0,1,0,1,203,1,2.0000,-1,24,18,10,0,52,0,0,0,0
137.4078,1,0,8,0,1,0,0,-1,0,2.0000,-1,24,18,10,0,52,0,0,0,0
137.4288,1,0,8,0,1,0,0,-1,0,2.0000,-1,24,18,10,0,52,0,0,0,0
137.4507,1,0,8,0,1,0,0,-1,0,1.0000,-1,24,18,10,0,52,0,0,0,0
137.472,1,0,8,0,1,0,0,-1,0,1.0000,-1,24,18,10,0,52,0,0,0,0
137.4942,1,0,8,0,1,0,0,-1,0,1.0000,-1,24,18,10,0,52,0,0,0,0
137.5164,1,0,8,0,0,0,0,-1,0,1.0000,-1,24,18,10,0,52,0,0,0,0
137.5396,1,0,8,0,0,0,0,-1,0,1.0000,-1,24,18,10,0,52,0,0,0,0
137.5786,1,0,8,0,0,0,0,-1,0,1.0000,-1,24,18,10,0,52,0,0,0,0
137.5947,1,0,8,0,0,0,0,-1,0,1.0000,203,25,18,10,0,53,0,0,0,0
137.6124,1,0,8,0,0,0,0,-1,0,1.0000,-1,25,18,10,0,53,0,0,0,0
137.6279,1,0,8,0,0,0,0,-1,0,1.0000,-1,25,18,10,0,53,0,0,0,0
137.6507,1,0,8,0,0,0,0,-1,0,1.0000,-1,25,18,10,0,53,0,0,0,0
137.6736,1,0,8,0,0,0,0,-1,0,1.0000,-1,25,18,10,0,53,0,0,0,0
137.6959,1,0,8,0,0,0,0,-1,0,1.0000,-1,25,18,10,0,53,0,0,0,0
137.717,1,0,8,0,0,0,0,-1,0,1.0000,-1,25,18,10,0,53,0,0,0,0
137.7387,1,0,8,0,0,0,0,-1,0,1.0000,-1,25,18,10,0,53,0,0,0,0
137.7616,1,0,8,0,0,0,0,-1,0,1.0000,-1,25,18,10,0,53,0,0,0,0
137.8027,1,0,8,0,0,0,0,-1,1,2.0000,-1,25,18,10,0,53,0,0,0,0
137.8212,1,0,8,0,0,0,0,-1,0,2.0000,-1,25,18,10,0,53,0,0,0,0
137.8367,1,0,8,0,0,0,0,-1,0,2.0000,-1,25,18,10,0,53,0,0,0,0
137.854,1,0,8,0,0,0,0,-1,0,2.0000,-1,25,18,10,0,53,0,0,0,0
137.8737,1,0,8,0,0,0,0,-1,0,2.0000,-1,25,18,10,0,53,0,0,0,0
137.8962,1,0,8,0,0,0,0,-1,0,2.0000,-1,25,18,10,0,53,0,0,0,0
137.9183,1,0,8,0,0,0,0,-1,0,2.0000,-1,25,18,10,0,53,0,0,0,0
137.9394,1,0,8,0,0,0,0,-1,0,2.0000,-1,25,18,10,0,53,0,0,0,0
137.9621,1,0,8,0,0,0,0,-1,0,2.0000,-1,25,18,10,0,53,0,0,0,0
138.0041,1,0,8,0,0,0,0,-1,0,2.0000,-1,25,18,10,0,53,0,0,0,0
138.0236,1,0,8,0,0,0,0,-1,0,2.0000,-1,25,18,10,0,53,0,0,0,0
138.0424,1,0,8,0,0,0,0,-1,0,2.0000,-1,25,18,10,0,53,0,0,0,0
138.0621,1,0,8,0,0,0,0,-1,0,2.0000,-1,25,18,10,0,53,0,0,0,0
138.0788,1,0,8,0,0,0,0,-1,0,2.0000,-1,25,18,10,0,53,0,0,0,0
138.0952,1,0,8,0,0,0,0,-1,0,2.0000,-1,25,18,10,0,53,0,0,0,0
138.1195,1,0,8,0,0,0,0,-1,0,2.0000,-1,25,18,10,0,53,0,0,0,0
138.1393,1,0,8,0,0,0,0,-1,0,2.0000,-1,25,18,10,0,53,0,0,0,0
138.1604,1,0,8,0,0,0,0,-1,0,2.0000,-1,25,18,10,0,53,0,0,0,0
138.1843,1,0,8,0,0,0,0,-1,0,2.0000,-1,25,18,10,0,53,0,0,0,0
138.2046,1,0,8,0,0,0,0,-1,0,2.0000,-1,25,18,10,0,53,0,0,0,0
138.2272,1,0,8,0,0,0,0,-1,0,2.0000,-1,25,18,10,0,53,0,0,0,0
138.2489,1,0,8,0,0,0,0,-1,0,2.0000,-1,25,18,10,0,53,0,0,0,0
138.2704,1,0,8,0,0,0,0,-1,0,2.0000,-1,25,18,10,0,53,0,0,0,0
138.2909,1,0,8,0,0,0,0,-1,0,2.0000,-1,25,18,10,0,53,0,0,0,0
138.3129,1,0,8,0,0,0,0,-1,0,2.0000,-1,25,18,10,0,53,0,0,0,0
138.3318,1,0,8,0,0,0,0,-1,0,2.0000,-1,25,18,10,0,53,0,0,0,0
138.3558,1,0,8,0,0,0,0,-1,0,2.0000,-1,25,18,10,0,53,0,0,0,0
138.3778,1,0,8,0,0,0,0,-1,0,2.0000,-1,25,18,10,0,53,0,0,0,0
138.3983,1,0,8,0,0,0,0,-1,0,1.0000,-1,25,18,10,0,53,0,0,0,0
138.4197,1,0,8,0,0,0,0,-1,0,1.0000,-1,25,18,10,0,53,0,0,0,0
138.4396,1,0,8,0,0,0,0,-1,0,1.0000,-1,25,18,10,0,53,0,0,0,0
138.4632,1,0,8,0,0,0,0,-1,0,1.0000,-1,25,18,10,0,53,0,0,0,0
138.483,1,0,8,0,0,0,0,-1,0,1.0000,-1,25,18,10,0,53,0,0,0,0
138.5046,1,0,8,0,0,0,0,-1,0,1.0000,-1,25,18,10,0,53,0,0,0,0
138.5264,1,0,8,0,0,0,0,-1,0,1.0000,-1,25,18,10,0,53,0,0,0,0
138.5481,1,0,8,0,0,0,0,-1,0,1.0000,-1,25,18,10,0,53,0,0,0,0
138.5689,1,0,8,0,0,0,1,206,0,1.0000,-1,25,18,10,0,53,0,0,0,0
138.5889,1,0,8,0,0,0,1,206,0,1.0000,-1,25,18,10,0,53,0,0,0,0
138.6128,1,0,8,0,0,0,1,206,1,2.0000,-1,25,18,10,0,53,0,0,0,0
138.6335,1,0,8,0,0,0,1,206,0,2.0000,-1,25,18,10,0,53,0,0,0,0
138.6537,1,0,8,0,0,0,1,206,0,2.0000,-1,25,18,10,0,53,0,0,0,0
138.6764,1,0,8,0,0,0,1,206,0,2.0000,-1,25,18,10,0,53,0,0,0,0
138.6971,1,0,8,0,0,0,1,206,0,2.0000,-1,25,18,10,0,53,0,0,0,0
138.7167,1,0,8,0,0,0,1,206,0,2.0000,-1,25,18,10,0,53,0,0,0,0
138.7386,1,0,8,0,0,0,1,206,0,2.0000,-1,25,18,10,0,53,0,0,0,0
138.7619,1,0,8,0,0,0,1,206,0,2.0000,-1,25,18,10,0,53,0,0,0,0
138.783,1,0,8,0,0,0,1,206,0,2.0000,-1,25,18,10,0,53,0,0,0,0
138.8056,1,0,8,0,0,0,1,206,0,1.0000,-1,25,18,10,0,53,0,0,0,0
138.8269,1,0,8,0,0,0,1,206,0,1.0000,-1,25,18,10,0,53,0,0,0,0
138.8675,1,0,8,0,0,0,1,206,0,1.0000,-1,25,18,10,0,53,0,0,0,0
138.8826,1,0,8,0,0,0,1,206,0,1.0000,-1,25,18,10,0,53,0,0,0,0
138.8979,1,0,8,0,0,0,1,206,0,1.0000,-1,25,18,10,0,53,0,0,0,0
138.9176,1,0,8,0,0,0,1,206,0,1.0000,-1,25,18,10,0,53,0,0,0,0
138.9406,1,0,8,0,0,0,1,206,0,1.0000,-1,25,18,10,0,53,0,0,0,0
138.963,1,0,8,0,0,0,1,206,0,1.0000,-1,25,18,10,0,53,0,0,0,0
138.9828,1,0,8,0,0,0,1,206,0,1.0000,-1,25,18,10,0,53,0,0,0,0
139.0056,1,0,8,0,0,0,1,206,0,1.0000,-1,25,18,10,0,53,0,0,0,0
139.0263,1,0,8,0,0,0,1,206,0,1.0000,-1,25,18,10,0,53,0,0,0,0
139.0494,1,0,8,0,0,0,1,206,0,1.0000,-1,25,18,10,0,53,0,0,0,0
139.09,1,0,8,0,0,0,0,-1,1,2.0000,-1,25,18,10,0,53,0,0,0,0
139.1054,1,0,8,0,0,0,0,-1,0,2.0000,-1,25,18,10,0,53,0,0,0,0
139.1214,1,0,8,0,0,0,0,-1,0,2.0000,-1,25,18,10,0,53,0,0,0,0
139.1397,1,0,8,0,0,0,0,-1,0,2.0000,-1,25,18,10,0,53,0,0,0,0
139.166,1,0,8,0,0,0,0,-1,0,2.0000,-1,25,18,10,0,53,0,0,0,0
139.1852,1,0,8,0,0,0,0,-1,0,2.0000,-1,25,18,10,0,53,0,0,0,0
139.2073,1,0,8,0,0,0,0,-1,0,2.0000,206,26,18,10,0,54,0,0,0,0
139.2271,1,0,8,0,0,0,0,-1,0,2.0000,-1,26,18,10,0,54,0,0,0,0
139.2508,1,0,8,0,0,0,0,-1,0,2.0000,-1,26,18,10,0,54,0,0,0,0
139.2952,1,0,8,0,0,0,1,208,0,2.0000,-1,26,18,10,0,54,0,0,0,0
139.3117,1,0,8,0,0,0,1,208,0,2.0000,-1,26,18,10,0,54,0,0,0,0
139.3307,1,0,8,0,0,0,1,208,0,2.0000,-1,26,18,10,0,54,0,0,0,0
139.3456,1,0,8,0,0,0,1,208,0,2.0000,-1,26,18,10,0,54,0,0,0,0
139.3651,1,0,8,0,0,0,1,208,0,2.0000,-1,26,18,10,0,54,0,0,0,0
139.3917,1,0,8,0,0,0,1,208,0,2.0000,-1,26,18,10,0,54,0,0,0,0
139.4126,1,0,8,0,0,0,1,208,0,2.0000,-1,26,18,10,0,54,0,0,0,0
139.4346,1,0,8,0,0,0,1,208,0,2.0000,-1,26,18,10,0,54,0,0,0,0
139.4567,1,0,8,0,0,0,1,208,0,2.0000,-1,26,18,10,0,54,0,0,0,0
139.498,1,0,8,0,0,0,1,208,0,2.0000,-1,26,18,10,0,54,0,0,0,0
139.5138,1,0,8,0,0,0,1,208,0,2.0000,-1,26,18,10,0,54,0,0,0,0
139.5288,1,0,8,0,0,0,1,208,0,2.0000,-1,26,18,10,0,54,0,0,0,0
139.5497,1,0,8,0,0,0,1,208,0,2.0000,-1,26,18,10,0,54,0,0,0,0
139.5724,1,0,8,0,0,0,1,208,0,2.0000,-1,26,18,10,0,54,0,0,0,0
139.5937,1,0,8,0,0,0,1,208,0,2.0000,-1,26,18,10,0,54,0,0,0,0
139.6162,1,0,8,0,0,0,1,208,0,1.0000,-1,26,18,10,0,54,0,0,0,0
139.6391,1,0,8,0,0,0,1,208,0,1.0000,-1,26,18,10,0,54,0,0,0,0
139.661,1,0,8,0,0,0,1,208,0,1.0000,-1,26,18,10,0,54,0,0,0,0
139.7039,1,0,8,0,0,0,1,208,0,1.0000,-1,26,18,10,0,54,0,0,0,0
139.7236,1,0,8,0,0,0,1,208,0,1.0000,-1,26,18,10,0,54,0,0,0,0
139.7412,3,1,9,0,0,0,0,-1,0,1.0000,208,26,18,11,0,55,0,0,0,0
139.7596,3,0,9,0,0,0,0,-1,0,1.0000,-1,26,18,11,0,55,0,0,0,0
139.7759,3,0,9,0,0,0,0,-1,0,1.0000,-1,26,18,11,0,55,0,0,0,0
139.7995,3,0,9,0,0,0,0,-1,0,1.0000,-1,26,18,11,0,55,0,0,0,0
139.8215,3,0,9,0,0,0,0,-1,0,1.0000,-1,26,18,11,0,55,0,0,0,0
139.8439,3,0,9,0,0,0,0,-1,0,1.0000,-1,26,18,11,0,55,0,0,0,0
139.8656,3,0,9,0,0,0,0,-1,0,1.0000,-1,26,18,11,0,55,0,0,0,0
139.9057,3,0,9,0,0,0,0,-1,0,1.0000,-1,26,18,11,0,55,0,0,0,0
139.9263,3,0,9,0,0,0,0,-1,0,1.0000,-1,26,18,11,0,55,0,0,0,0
139.9473,3,0,9,0,0,0,0,-1,0,1.0000,-1,26,18,11,0,55,0,0,0,0
139.9648,3,0,9,0,0,0,0,-1,0,1.0000,-1,26,18,11,0,55,0,0,0,0
139.9811,3,0,9,0,0,0,1,209,0,1.0000,-1,26,18,11,0,55,0,0,0,0
139.9964,3,0,9,0,0,0,1,209,0,1.0000,-1,26,18,11,0,55,0,0,0,0
140.0181,3,0,9,0,0,0,1,209,0,1.0000,-1,26,18,11,0,55,0,0,0,0
140.0424,3,0,9,0,0,0,1,209,0,1.0000,-1,26,18,11,0,55,0,0,0,0
140.0631,3,0,9,0,0,0,1,209,0,1.0000,-1,26,18,11,0,55,0,0,0,0
140.0866,3,0,9,0,0,0,1,209,0,1.0000,-1,26,18,11,0,55,0,0,0,0
140.129,3,0,9,0,0,0,1,209,0,0.0000,-1,26,18,11,0,55,0,0,0,0
140.1475,3,0,9,0,0,0,1,209,0,0.0000,-1,26,18,11,0,55,0,0,0,0
140.1625,3,0,9,0,0,0,1,209,0,0.0000,-1,26,18,11,0,55,0,0,0,0
140.1772,3,0,9,0,0,0,1,209,0,0.0000,-1,26,18,11,0,55,0,0,0,0
140.2012,3,0,9,0,0,0,1,209,0,0.0000,-1,26,18,11,0,55,0,0,0,0
140.2216,3,0,9,0,0,0,1,209,0,0.0000,-1,26,18,11,0,55,0,0,0,0
140.2431,3,0,9,0,0,0,1,209,0,0.0000,-1,26,18,11,0,55,0,0,0,0
140.2648,3,0,9,0,0,0,1,209,0,0.0000,-1,26,18,11,0,55,0,0,0,0
140.2867,3,0,9,0,0,0,1,209,0,0.0000,-1,26,18,11,0,55,0,0,0,0
140.3093,3,0,9,0,0,0,1,209,0,0.0000,-1,26,18,11,0,55,0,0,0,0
140.3322,3,0,9,0,0,0,1,209,0,0.0000,-1,26,18,11,0,55,0,0,0,0
140.3517,3,0,9,0,0,0,1,209,0,0.0000,-1,26,18,11,0,55,0,0,0,0
140.3722,3,0,9,0,0,0,1,209,0,0.0000,-1,26,18,11,0,55,0,0,0,0
140.3941,3,0,9,0,0,0,1,209,0,0.0000,-1,26,18,11,0,55,0,0,0,0
140.4147,3,0,9,0,0,0,1,209,0,0.0000,-1,26,18,11,0,55,0,0,0,0
140.4334,3,0,9,0,0,0,1,209,0,0.0000,-1,26,18,11,0,55,0,0,0,0
140.4543,3,0,9,0,0,0,1,209,0,0.0000,-1,26,18,11,0,55,0,0,0,0
140.4757,3,0,9,0,0,0,1,209,0,0.0000,-1,26,18,11,0,55,0,0,0,0
140.4974,3,0,9,0,0,0,1,209,0,0.0000,-1,26,18,11,0,55,0,0,0,0
140.5378,3,0,9,0,0,0,1,209,0,0.0000,-1,26,18,11,0,55,0,0,0,0
140.5581,3,0,9,0,0,0,1,209,0,0.0000,-1,26,18,11,0,55,0,0,0,0
140.5767,3,0,9,0,0,0,1,209,0,0.0000,-1,26,18,11,0,55,0,0,0,0
140.5954,3,0,9,0,0,0,1,209,1,1.0000,-1,26,18,11,0,55,0,0,0,0
140.612,3,0,9,1,0,0,0,-1,0,1.0000,209,26,18,12,0,56,0,0,0,0
140.6298,3,0,9,1,0,0,0,-1,0,1.0000,-1,26,18,12,0,56,0,0,0,0
140.6456,3,0,9,1,0,0,0,-1,0,1.0000,-1,26,18,12,0,56,0,0,0,0
140.6667,3,0,9,1,0,0,0,-1,1,2.0000,-1,26,18,12,0,56,0,0,0,0
140.6888,3,0,9,1,0,0,0,-1,0,2.0000,-1,26,18,12,0,56,0,0,0,0
140.7107,3,0,9,1,0,0,0,-1,0,2.0000,-1,26,18,12,0,56,0,0,0,0
140.7492,3,0,9,1,0,0,0,-1,0,2.0000,-1,26,18,12,0,56,0,0,0,0
140.7701,3,0,9,1,0,0,0,-1,0,2.0000,-1,26,18,12,0,56,0,0,0,0
140.7849,3,0,9,1,0,0,0,-1,0,2.0000,-1,26,18,12,0,56,0,0,0,0
140.8006,3,0,9,1,0,0,0,-1,0,2.0000,-1,26,18,12,0,56,0,0,0,0
140.8221,3,0,9,0,0,0,0,-1,0,2.0000,-1,26,18,12,0,56,0,0,0,0
140.8381,3,0,9,0,0,0,0,-1,0,2.0000,-1,26,18,12,0,56,0,0,0,0
140.8599,3,0,9,0,0,0,0,-1,0,2.0000,-1,26,18,12,0,56,0,0,0,0
140.8804,3,0,9,0,0,0,0,-1,0,2.0000,-1,26,18,12,0,56,0,0,0,0
140.8985,3,0,9,0,0,0,0,-1,0,2.0000,-1,26,18,12,0,56,0,0,0,0
140.9205,3,0,9,0,0,0,0,-1,0,2.0000,-1,26,18,12,0,56,0,0,0,0
140.9602,3,0,9,0,0,0,0,-1,0,2.0000,-1,26,18,12,0,56,0,0,0,0
140.9799,3,0,9,0,0,0,0,-1,0,2.0000,-1,26,18,12,0,56,0,0,0,0
140.9967,3,0,9,0,0,0,1,210,0,2.0000,-1,26,18,12,0,56,0,0,0,0
141.0148,3,0,9,0,0,0,1,210,0,2.0000,-1,26,18,12,0,56,0,0,0,0
141.0318,3,0,9,0,0,0,1,210,0,2.0000,-1,26,18,12,0,56,0,0,0,0
141.0497,3,0,9,0,0,0,1,210,0,2.0000,-1,26,18,12,0,56,0,0,0,0
141.0703,3,0,9,0,0,0,1,210,0,2.0000,-1,26,18,12,0,56,0,0,0,0
141.0867,3,0,9,0,0,0,1,210,0,2.0000,-1,26,18,12,0,56,0,0,0,0
141.1102,3,0,9,0,0,0,1,210,0,2.0000,-1,26,18,12,0,56,0,0,0,0
141.1301,3,0,9,0,0,0,1,210,0,2.0000,-1,26,18,12,0,56,0,0,0,0
141.1504,3,0,9,0,0,0,1,210,0,2.0000,-1,26,18,12,0,56,0,0,0,0
141.1728,3,0,9,0,0,0,1,210,0,2.0000,-1,26,18,12,0,56,0,0,0,0
141.1935,3,0,9,0,0,0,1,210,1,3.0000,-1,26,18,12,0,56,0,0,0,0
141.2157,3,0,9,0,0,0,1,210,0,3.0000,-1,26,18,12,0,56,0,0,0,0
141.2389,3,0,9,0,0,0,1,210,0,3.0000,-1,26,18,12,0,56,0,0,0,0
141.2594,3,0,9,0,0,0,1,210,0,3.0000,-1,26,18,12,0,56,0,0,0,0
141.2796,3,0,9,0,0,0,1,210,0,3.0000,-1,26,18,12,0,56,0,0,0,0
141.3011,3,0,9,0,0,0,0,-1,0,3.0000,210,26,18,13,0,57,0,0,0,0
141.3234,3,0,9,0,0,0,0,-1,0,3.0000,-1,26,18,13,0,57,0,0,0,0
141.3429,3,0,9,0,0,0,0,-1,0,3.0000,-1,26,18,13,0,57,0,0,0,0
141.3661,3,0,9,0,0,0,0,-1,0,3.0000,-1,26,18,13,0,57,0,0,0,0
141.3873,3,0,9,0,0,0,0,-1,1,4.0000,-1,26,18,13,0,57,0,0,0,0
141.409,3,0,9,0,0,0,0,-1,0,4.0000,-1,26,18,13,0,57,0,0,0,0
141.4299,3,0,9,0,0,0,0,-1,0,4.0000,-1,26,18,13,0,57,0,0,0,0
141.4513,3,0,9,0,0,0,0,-1,0,4.0000,-1,26,18,13,0,57,0,0,0,0
141.4736,3,0,9,0,0,0,0,-1,0,4.0000,-1,26,18,13,0,57,0,0,0,0
141.4953,3,0,9,0,0,0,0,-1,0,4.0000,-1,26,18,13,0,57,0,0,0,0
141.5218,3,0,9,0,0,0,0,-1,0,4.0000,-1,26,18,13,0,57,0,0,0,0
141.5427,3,0,9,0,0,0,0,-1,0,4.0000,-1,26,18,13,0,57,0,0,0,0
141.5613,3,0,9,0,0,0,0,-1,0,4.0000,-1,26,18,13,0,57,0,0,0,0
141.5833,3,0,9,0,0,0,0,-1,0,4.0000,-1,26,18,13,0,57,0,0,0,0
141.6052,3,0,9,0,0,0,0,-1,0,3.0000,-1,26,18,13,0,57,0,0,0,0
141.6279,3,0,9,0,0,0,0,-1,0,3.0000,-1,26,18,13,0,57,0,0,0,0
141.6505,3,0,9,0,0,0,0,-1,0,3.0000,-1,26,18,13,0,57,0,0,0,0
141.6708,3,0,9,0,0,0,0,-1,0,2.0000,-1,26,18,13,0,57,0,0,0,0
141.6939,3,0,9,0,0,0,0,-1,0,2.0000,-1,26,18,13,0,57,0,0,0,0
141.7148,3,0,9,0,0,0,0,-1,0,2.0000,-1,26,18,13,0,57,0,0,0,0
141.7369,3,0,9,0,0,0,0,-1,0,2.0000,-1,26,18,13,0,57,0,0,0,0
141.7581,3,0,9,0,0,0,0,-1,0,2.0000,-1,26,18,13,0,57,0,0,0,0
141.7776,3,0,9,0,0,0,0,-1,0,2.0000,-1,26,18,13,0,57,0,0,0,0
141.7991,3,0,9,0,0,0,0,-1,0,2.0000,-1,26,18,13,0,57,0,0,0,0
141.8198,3,0,9,0,0,0,0,-1,0,2.0000,-1,26,18,13,0,57,0,0,0,0
141.8414,3,0,9,0,0,0,0,-1,0,2.0000,-1,26,18,13,0,57,0,0,0,0
141.8636,3,0,9,0,0,0,0,-1,0,2.0000,-1,26,18,13,0,57,0,0,0,0
141.8844,3,0,9,0,0,0,0,-1,0,2.0000,-1,26,18,13,0,57,0,0,0,0
141.9056,3,0,9,0,0,0,0,-1,0,2.0000,-1,26,18,13,0,57,0,0,0,0
141.9276,3,0,9,0,0,0,0,-1,0,2.0000,-1,26,18,13,0,57,0,0,0,0
141.9487,3,0,9,0,0,0,0,-1,0,2.0000,-1,26,18,13,0,57,0,0,0,0
141.9711,3,0,9,0,0,0,0,-1,0,2.0000,-1,26,18,13,0,57,0,0,0,0