run_time,current_driver_player_number,driver_changed_this_frame,driver_change_count_total,curve_active,drift_check_active,drift_check_result,warning_active,warning_obstacle_id,driver_input_this_frame,inputs_per_second,hit_obstacle_id_this_frame,player1_collision_counter,player2_collision_counter,player3_collision_counter,player4_collision_counter,collision_count_total,player1_final_points,player2_final_points,player3_final_points,player4_final_points
55.78502,1,0,0,0,0,0,0,-1,0,0.0000,-1,0,0,0,0,0,0,0,0,0
55.8388,1,0,0,0,0,0,0,-1,0,0.0000,-1,0,0,0,0,0,0,0,0,0
55.8642,1,0,0,0,0,0,0,-1,0,0.0000,-1,0,0,0,0,0,0,0,0,0
55.87457,1,0,0,0,0,0,0,-1,0,0.0000,-1,0,0,0,0,0,0,0,0,0
55.89398,1,0,0,0,0,0,0,-1,0,0.0000,-1,0,0,0,0,0,0,0,0,0
55.91969,1,0,0,0,0,0,0,-1,0,0.0000,-1,0,0,0,0,0,0,0,0,0
55.94414,1,0,0,0,0,0,0,-1,0,0.0000,-1,0,0,0,0,0,0,0,0,0
55.97568,1,0,0,0,0,0,0,-1,0,0.0000,-1,0,0,0,0,0,0,0,0,0
55.994,1,0,0,0,0,0,0,-1,0,0.0000,-1,0,0,0,0,0,0,0,0,0
56.01409,1,0,0,0,0,0,0,-1,1,1.0000,-1,0,0,0,0,0,0,0,0,0
56.04023,1,0,0,0,0,0,0,-1,0,1.0000,-1,0,0,0,0,0,0,0,0,0
56.06194,1,0,0,0,0,0,0,-1,0,1.0000,-1,0,0,0,0,0,0,0,0,0
56.08583,1,0,0,0,0,0,0,-1,0,1.0000,-1,0,0,0,0,0,0,0,0,0
56.1092,1,0,0,0,0,0,0,-1,0,1.0000,-1,0,0,0,0,0,0,0,0,0
56.13258,1,0,0,0,0,0,0,-1,0,1.0000,-1,0,0,0,0,0,0,0,0,0
56.15435,1,0,0,0,0,0,0,-1,0,1.0000,-1,0,0,0,0,0,0,0,0,0
56.17638,1,0,0,0,0,0,0,-1,0,1.0000,-1,0,0,0,0,0,0,0,0,0
56.2002,1,0,0,0,0,0,0,-1,0,1.0000,-1,0,0,0,0,0,0,0,0,0
56.22334,1,0,0,0,0,0,0,-1,0,1.0000,-1,0,0,0,0,0,0,0,0,0
56.24632,1,0,0,0,0,0,0,-1,0,1.0000,-1,0,0,0,0,0,0,0,0,0
56.26915,1,0,0,0,0,0,0,-1,0,1.0000,-1,0,0,0,0,0,0,0,0,0
56.29139,1,0,0,0,0,0,0,-1,0,1.0000,-1,0,0,0,0,0,0,0,0,0
56.31396,1,0,0,0,0,0,0,-1,0,1.0000,-1,0,0,0,0,0,0,0,0,0
56.33797,1,0,0,0,0,0,0,-1,0,1.0000,-1,0,0,0,0,0,0,0,0,0
56.35897,1,0,0,0,0,0,0,-1,0,1.0000,-1,0,0,0,0,0,0,0,0,0
56.38117,1,0,0,0,0,0,0,-1,0,1.0000,-1,0,0,0,0,0,0,0,0,0
56.40369,1,0,0,0,0,0,0,-1,0,1.0000,-1,0,0,0,0,0,0,0,0,0
56.42627,1,0,0,0,0,0,0,-1,0,1.0000,-1,0,0,0,0,0,0,0,0,0
56.44958,1,0,0,0,0,0,0,-1,0,1.0000,-1,0,0,0,0,0,0,0,0,0
56.47239,1,0,0,0,0,0,0,-1,0,1.0000,-1,0,0,0,0,0,0,0,0,0
56.49578,1,0,0,0,0,0,0,-1,0,1.0000,-1,0,0,0,0,0,0,0,0,0
56.51787,1,0,0,0,0,0,0,-1,0,1.0000,-1,0,0,0,0,0,0,0,0,0
56.53958,1,0,0,0,0,0,0,-1,0,1.0000,-1,0,0,0,0,0,0,0,0,0
56.56506,1,0,0,0,0,0,0,-1,0,1.0000,-1,0,0,0,0,0,0,0,0,0
56.58649,1,0,0,0,0,0,0,-1,0,1.0000,-1,0,0,0,0,0,0,0,0,0
56.60932,1,0,0,0,0,0,0,-1,0,1.0000,-1,0,0,0,0,0,0,0,0,0
56.6311,1,0,0,0,0,0,0,-1,0,1.0000,-1,0,0,0,0,0,0,0,0,0
56.65542,1,0,0,0,0,0,0,-1,0,1.0000,-1,0,0,0,0,0,0,0,0,0
56.69983,1,0,0,0,0,0,0,-1,0,1.0000,-1,0,0,0,0,0,0,0,0,0
56.7138,1,0,0,0,0,0,0,-1,0,1.0000,-1,0,0,0,0,0,0,0,0,0
56.72894,1,0,0,0,0,0,0,-1,0,1.0000,-1,0,0,0,0,0,0,0,0,0
56.75328,1,0,0,0,0,0,0,-1,0,1.0000,-1,0,0,0,0,0,0,0,0,0
56.77701,1,0,0,0,0,0,0,-1,0,1.0000,-1,0,0,0,0,0,0,0,0,0
56.80192,1,0,0,0,0,0,0,-1,0,1.0000,-1,0,0,0,0,0,0,0,0,0
56.82504,1,0,0,0,0,0,0,-1,0,1.0000,-1,0,0,0,0,0,0,0,0,0
56.84694,1,0,0,0,0,0,0,-1,0,1.0000,-1,0,0,0,0,0,0,0,0,0
56.86819,1,0,0,0,0,0,0,-1,0,1.0000,-1,0,0,0,0,0,0,0,0,0
56.89162,1,0,0,0,0,0,0,-1,0,1.0000,-1,0,0,0,0,0,0,0,0,0
56.91502,1,0,0,0,0,0,0,-1,0,1.0000,-1,0,0,0,0,0,0,0,0,0
56.93799,1,0,0,0,0,0,0,-1,0,1.0000,-1,0,0,0,0,0,0,0,0,0
56.96104,1,0,0,0,0,0,0,-1,0,1.0000,-1,0,0,0,0,0,0,0,0,0
56.98489,1,0,0,0,0,0,0,-1,0,1.0000,-1,0,0,0,0,0,0,0,0,0
57.00686,1,0,0,0,0,0,0,-1,0,1.0000,-1,0,0,0,0,0,0,0,0,0
57.0295,1,0,0,0,0,0,0,-1,0,0.0000,-1,0,0,0,0,0,0,0,0,0
57.05278,1,0,0,0,0,0,0,-1,0,0.0000,-1,0,0,0,0,0,0,0,0,0
57.07788,1,0,0,0,0,0,0,-1,0,0.0000,-1,0,0,0,0,0,0,0,0,0
57.09853,1,0,0,0,0,0,0,-1,0,0.0000,-1,0,0,0,0,0,0,0,0,0
57.12135,1,0,0,0,0,0,0,-1,0,0.0000,-1,0,0,0,0,0,0,0,0,0
57.14465,1,0,0,0,0,0,0,-1,0,0.0000,-1,0,0,0,0,0,0,0,0,0
57.16746,1,0,0,0,0,0,0,-1,0,0.0000,-1,0,0,0,0,0,0,0,0,0
57.19168,1,0,0,0,0,0,0,-1,0,0.0000,-1,0,0,0,0,0,0,0,0,0
57.21451,1,0,0,0,0,0,0,-1,0,0.0000,-1,0,0,0,0,0,0,0,0,0
57.2364,1,0,0,0,0,0,0,-1,0,0.0000,-1,0,0,0,0,0,0,0,0,0
57.2603,1,0,0,0,0,0,0,-1,0,0.0000,-1,0,0,0,0,0,0,0,0,0
57.28427,1,0,0,0,0,0,0,-1,0,0.0000,-1,0,0,0,0,0,0,0,0,0
57.30636,1,0,0,0,0,0,0,-1,0,0.0000,-1,0,0,0,0,0,0,0,0,0
57.33041,1,0,0,0,0,0,0,-1,0,0.0000,-1,0,0,0,0,0,0,0,0,0
57.35256,1,0,0,0,0,0,0,-1,0,0.0000,-1,0,0,0,0,0,0,0,0,0
57.37657,1,0,0,0,0,0,0,-1,0,0.0000,-1,0,0,0,0,0,0,0,0,0
57.40057,1,0,0,0,0,0,0,-1,0,0.0000,-1,0,0,0,0,0,0,0,0,0
57.42242,1,0,0,0,0,0,0,-1,0,0.0000,-1,0,0,0,0,0,0,0,0,0
57.44603,1,0,0,0,0,0,0,-1,0,0.0000,-1,0,0,0,0,0,0,0,0,0
57.46841,1,0,0,0,0,0,0,-1,0,0.0000,-1,0,0,0,0,0,0,0,0,0
57.49311,1,0,0,0,0,0,0,-1,0,0.0000,-1,0,0,0,0,0,0,0,0,0
57.51661,1,0,0,0,0,0,0,-1,0,0.0000,-1,0,0,0,0,0,0,0,0,0
57.5381,1,0,0,0,0,0,0,-1,0,0.0000,-1,0,0,0,0,0,0,0,0,0
57.56198,1,0,0,0,0,0,0,-1,0,0.0000,-1,0,0,0,0,0,0,0,0,0
57.5869,1,0,0,0,0,0,0,-1,0,0.0000,-1,0,0,0,0,0,0,0,0,0
57.61008,1,0,0,0,0,0,0,-1,0,0.0000,-1,0,0,0,0,0,0,0,0,0
57.63484,1,0,0,0,0,0,0,-1,0,0.0000,-1,0,0,0,0,0,0,0,0,0
57.65653,1,0,0,0,0,0,0,-1,0,0.0000,-1,0,0,0,0,0,0,0,0,0
57.68037,1,0,0,0,0,0,0,-1,0,0.0000,-1,0,0,0,0,0,0,0,0,0
57.70285,1,0,0,0,0,0,0,-1,0,0.0000,-1,0,0,0,0,0,0,0,0,0
57.72664,1,0,0,0,0,0,0,-1,0,0.0000,-1,0,0,0,0,0,0,0,0,0
57.75167,1,0,0,0,0,0,0,-1,0,0.0000,-1,0,0,0,0,0,0,0,0,0
57.77254,1,0,0,0,0,0,0,-1,0,0.0000,-1,0,0,0,0,0,0,0,0,0
57.79642,1,0,0,0,0,0,0,-1,0,0.0000,-1,0,0,0,0,0,0,0,0,0
57.81922,1,0,0,0,0,0,0,-1,0,0.0000,-1,0,0,0,0,0,0,0,0,0
57.84714,1,0,0,0,0,0,0,-1,0,0.0000,-1,0,0,0,0,0,0,0,0,0
57.86588,1,0,0,0,0,0,0,-1,0,0.0000,-1,0,0,0,0,0,0,0,0,0
57.88976,1,0,0,0,0,0,0,-1,0,0.0000,-1,0,0,0,0,0,0,0,0,0
57.91499,1,0,0,0,0,0,0,-1,0,0.0000,-1,0,0,0,0,0,0,0,0,0
57.96374,1,0,0,0,0,0,0,-1,0,0.0000,-1,0,0,0,0,0,0,0,0,0
57.9835,1,0,0,0,0,0,0,-1,0,0.0000,-1,0,0,0,0,0,0,0,0,0
58.00528,1,0,0,0,0,0,0,-1,0,0.0000,-1,0,0,0,0,0,0,0,0,0
58.02702,1,0,0,0,0,0,0,-1,0,0.0000,-1,0,0,0,0,0,0,0,0,0
58.05268,1,0,0,0,0,0,0,-1,0,0.0000,-1,0,0,0,0,0,0,0,0,0
58.07632,1,0,0,0,0,0,0,-1,0,0.0000,-1,0,0,0,0,0,0,0,0,0
58.10104,1,0,0,0,0,0,0,-1,0,0.0000,-1,0,0,0,0,0,0,0,0,0
58.12629,1,0,0,0,0,0,0,-1,0,0.0000,-1,0,0,0,0,0,0,0,0,0
58.14986,1,0,0,0,0,0,0,-1,0,0.0000,-1,0,0,0,0,0,0,0,0,0
58.17416,1,0,0,0,0,0,0,-1,0,0.0000,-1,0,0,0,0,0,0,0,0,0
58.19893,1,0,0,0,0,0,0,-1,0,0.0000,-1,0,0,0,0,0,0,0,0,0
58.22429,1,0,0,0,0,0,0,-1,0,0.0000,-1,0,0,0,0,0,0,0,0,0
58.24752,1,0,0,0,0,0,0,-1,0,0.0000,-1,0,0,0,0,0,0,0,0,0
58.27227,1,0,0,0,0,0,0,-1,0,0.0000,-1,0,0,0,0,0,0,0,0,0
58.29638,1,0,0,0,0,0,0,-1,0,0.0000,-1,0,0,0,0,0,0,0,0,0
58.31931,1,0,0,0,0,0,0,-1,0,0.0000,-1,0,0,0,0,0,0,0,0,0
58.34538,1,0,0,0,0,0,0,-1,0,0.0000,-1,0,0,0,0,0,0,0,0,0
58.37043,1,0,0,0,0,0,0,-1,0,0.0000,-1,0,0,0,0,0,0,0,0,0
58.39437,1,0,0,0,0,0,0,-1,0,0.0000,-1,0,0,0,0,0,0,0,0,0
58.41729,1,0,0,0,0,0,0,-1,0,0.0000,-1,0,0,0,0,0,0,0,0,0
58.4407,1,0,0,0,0,0,0,-1,0,0.0000,-1,0,0,0,0,0,0,0,0,0
58.46783,1,0,0,0,0,0,0,-1,0,0.0000,-1,0,0,0,0,0,0,0,0,0
58.48864,1,0,0,0,0,0,0,-1,0,0.0000,-1,0,0,0,0,0,0,0,0,0
58.51182,1,0,0,0,0,0,0,-1,0,0.0000,-1,0,0,0,0,0,0,0,0,0
58.53773,1,0,0,0,0,0,0,-1,0,0.0000,-1,0,0,0,0,0,0,0,0,0
58.56411,1,0,0,0,0,0,0,-1,0,0.0000,-1,0,0,0,0,0,0,0,0,0
58.58824,1,0,0,0,0,0,0,-1,0,0.0000,-1,0,0,0,0,0,0,0,0,0
58.61242,1,0,0,0,0,0,0,-1,0,0.0000,-1,0,0,0,0,0,0,0,0,0
58.638,1,0,0,0,0,0,0,-1,0,0.0000,-1,0,0,0,0,0,0,0,0,0
58.66105,1,0,0,0,0,0,0,-1,0,0.0000,-1,0,0,0,0,0,0,0,0,0
58.68583,1,0,0,0,0,0,0,-1,0,0.0000,-1,0,0,0,0,0,0,0,0,0
58.70813,1,0,0,0,0,0,0,-1,0,0.0000,-1,0,0,0,0,0,0,0,0,0
58.73368,1,0,0,0,0,0,0,-1,0,0.0000,-1,0,0,0,0,0,0,0,0,0
58.75777,1,0,0,0,0,0,0,-1,0,0.0000,-1,0,0,0,0,0,0,0,0,0
58.77977,1,0,0,0,0,0,0,-1,0,0.0000,-1,0,0,0,0,0,0,0,0,0
58.82619,1,0,0,0,0,0,0,-1,0,0.0000,-1,0,0,0,0,0,0,0,0,0
58.83992,1,0,0,0,0,0,0,-1,0,0.0000,-1,0,0,0,0,0,0,0,0,0
58.85675,1,0,0,0,0,0,0,-1,0,0.0000,-1,0,0,0,0,0,0,0,0,0
58.88293,1,0,0,0,0,0,0,-1,0,0.0000,-1,0,0,0,0,0,0,0,0,0
58.90721,1,0,0,0,0,0,0,-1,0,0.0000,-1,0,0,0,0,0,0,0,0,0
58.9328,1,0,0,0,0,0,0,-1,0,0.0000,-1,0,0,0,0,0,0,0,0,0
58.9559,1,0,0,0,0,0,0,-1,0,0.0000,-1,0,0,0,0,0,0,0,0,0
58.98277,1,0,0,0,0,0,0,-1,0,0.0000,-1,0,0,0,0,0,0,0,0,0
59.00808,1,0,0,0,0,0,0,-1,0,0.0000,-1,0,0,0,0,0,0,0,0,0
59.03373,1,0,0,0,0,0,0,-1,0,0.0000,-1,0,0,0,0,0,0,0,0,0
59.0545,1,0,0,0,0,0,0,-1,0,0.0000,-1,0,0,0,0,0,0,0,0,0
59.07975,1,0,0,0,0,0,0,-1,0,0.0000,-1,0,0,0,0,0,0,0,0,0
59.10376,1,0,0,0,0,0,0,-1,0,0.0000,-1,0,0,0,0,0,0,0,0,0
59.12991,1,0,0,0,0,0,0,-1,0,0.0000,-1,0,0,0,0,0,0,0,0,0
59.15593,1,0,0,0,0,0,0,-1,0,0.0000,-1,0,0,0,0,0,0,0,0,0
59.18324,1,0,0,0,0,0,0,-1,0,0.0000,-1,0,0,0,0,0,0,0,0,0
59.20657,1,0,0,0,0,0,0,-1,0,0.0000,-1,0,0,0,0,0,0,0,0,0
59.23165,1,0,0,0,0,0,0,-1,0,0.0000,-1,0,0,0,0,0,0,0,0,0
59.25523,1,0,0,0,0,0,0,-1,0,0.0000,-1,0,0,0,0,0,0,0,0,0
59.28254,1,0,0,0,0,0,0,-1,0,0.0000,-1,0,0,0,0,0,0,0,0,0
59.30678,1,0,0,0,0,0,0,-1,0,0.0000,-1,0,0,0,0,0,0,0,0,0
59.32917,1,0,0,0,0,0,0,-1,0,0.0000,-1,0,0,0,0,0,0,0,0,0
59.35445,1,0,0,0,0,0,0,-1,0,0.0000,-1,0,0,0,0,0,0,0,0,0
59.38,1,0,0,0,0,0,0,-1,0,0.0000,-1,0,0,0,0,0,0,0,0,0
59.40528,1,0,0,0,0,0,0,-1,0,0.0000,-1,0,0,0,0,0,0,0,0,0
59.42723,1,0,0,0,0,0,0,-1,0,0.0000,-1,0,0,0,0,0,0,0,0,0
59.4525,1,0,0,0,0,0,0,-1,0,0.0000,-1,0,0,0,0,0,0,0,0,0
59.4778,1,0,0,0,0,0,0,-1,0,0.0000,-1,0,0,0,0,0,0,0,0,0
59.50246,1,0,0,0,0,0,0,-1,0,0.0000,-1,0,0,0,0,0,0,0,0,0
59.52588,1,0,0,0,0,0,0,-1,0,0.0000,-1,0,0,0,0,0,0,0,0,0
59.55323,1,0,0,0,0,0,0,-1,0,0.0000,-1,0,0,0,0,0,0,0,0,0
59.57699,1,0,0,0,0,0,0,-1,0,0.0000,-1,0,0,0,0,0,0,0,0,0
59.6001,1,0,0,0,0,0,0,-1,1,1.0000,-1,0,0,0,0,0,0,0,0,0
59.62362,1,0,0,0,0,0,0,-1,0,1.0000,-1,0,0,0,0,0,0,0,0,0
59.64998,1,0,0,0,0,0,0,-1,0,1.0000,-1,0,0,0,0,0,0,0,0,0
59.67634,1,0,0,0,0,0,0,-1,0,1.0000,-1,0,0,0,0,0,0,0,0,0
59.70134,1,0,0,0,0,0,0,-1,0,1.0000,-1,0,0,0,0,0,0,0,0,0
59.72772,1,0,0,0,0,0,0,-1,0,1.0000,-1,0,0,0,0,0,0,0,0,0
59.75035,1,0,0,0,0,0,0,-1,0,1.0000,-1,0,0,0,0,0,0,0,0,0
59.7752,1,0,0,0,0,0,0,-1,0,1.0000,-1,0,0,0,0,0,0,0,0,0
59.79958,1,0,0,0,0,0,0,-1,0,1.0000,-1,0,0,0,0,0,0,0,0,0
59.82563,1,0,0,0,0,0,0,-1,0,1.0000,-1,0,0,0,0,0,0,0,0,0
59.87132,1,0,0,0,0,0,0,-1,0,1.0000,-1,0,0,0,0,0,0,0,0,0
59.88473,1,0,0,0,0,0,0,-1,0,1.0000,-1,0,0,0,0,0,0,0,0,0
59.90205,1,0,0,0,0,0,0,-1,0,1.0000,-1,0,0,0,0,0,0,0,0,0
59.92779,1,0,0,0,0,0,0,-1,0,1.0000,-1,0,0,0,0,0,0,0,0,0
59.95013,1,0,0,0,0,0,0,-1,0,1.0000,-1,0,0,0,0,0,0,0,0,0
59.97636,1,0,0,0,0,0,0,-1,0,1.0000,-1,0,0,0,0,0,0,0,0,0
59.99902,1,0,0,0,0,0,0,-1,0,1.0000,-1,0,0,0,0,0,0,0,0,0
60.02295,1,0,0,0,0,0,0,-1,0,1.0000,-1,0,0,0,0,0,0,0,0,0
60.04683,1,0,0,0,0,0,0,-1,0,1.0000,-1,0,0,0,0,0,0,0,0,0
60.07101,1,0,0,0,0,0,0,-1,0,1.0000,-1,0,0,0,0,0,0,0,0,0
60.09499,1,0,0,0,0,0,0,-1,0,1.0000,-1,0,0,0,0,0,0,0,0,0
60.11915,1,0,0,0,0,0,0,-1,0,1.0000,-1,0,0,0,0,0,0,0,0,0
60.14412,1,0,0,0,0,0,0,-1,0,1.0000,-1,0,0,0,0,0,0,0,0,0
60.17094,1,0,0,0,0,0,0,-1,0,1.0000,-1,0,0,0,0,0,0,0,0,0
60.19305,1,0,0,0,0,0,0,-1,0,1.0000,-1,0,0,0,0,0,0,0,0,0
60.21616,1,0,0,0,0,0,0,-1,0,1.0000,-1,0,0,0,0,0,0,0,0,0
60.23959,1,0,0,0,0,0,0,-1,0,1.0000,-1,0,0,0,0,0,0,0,0,0
60.26113,1,0,0,0,0,0,0,-1,0,1.0000,-1,0,0,0,0,0,0,0,0,0
60.2842,1,0,0,0,0,0,0,-1,0,1.0000,-1,0,0,0,0,0,0,0,0,0
60.30809,1,0,0,0,0,0,0,-1,0,1.0000,-1,0,0,0,0,0,0,0,0,0
60.33301,1,0,0,0,0,0,0,-1,0,1.0000,-1,0,0,0,0,0,0,0,0,0
60.35673,1,0,0,0,0,0,0,-1,0,1.0000,-1,0,0,0,0,0,0,0,0,0
60.38025,1,0,0,0,0,0,0,-1,0,1.0000,-1,0,0,0,0,0,0,0,0,0
60.40461,1,0,0,0,0,0,0,-1,0,1.0000,-1,0,0,0,0,0,0,0,0,0
60.42765,1,0,0,0,0,0,0,-1,0,1.0000,-1,0,0,0,0,0,0,0,0,0
60.44953,1,0,0,0,0,0,0,-1,0,1.0000,-1,0,0,0,0,0,0,0,0,0
60.47461,1,0,0,0,0,0,0,-1,0,1.0000,-1,0,0,0,0,0,0,0,0,0
60.49839,1,0,0,0,0,0,0,-1,0,1.0000,-1,0,0,0,0,0,0,0,0,0
60.52052,1,0,0,0,0,0,0,-1,0,1.0000,-1,0,0,0,0,0,0,0,0,0
60.54383,1,0,0,0,0,0,0,-1,0,1.0000,-1,0,0,0,0,0,0,0,0,0
60.56725,1,0,0,0,0,0,0,-1,0,1.0000,-1,0,0,0,0,0,0,0,0,0
60.59052,1,0,0,0,0,0,0,-1,0,1.0000,-1,0,0,0,0,0,0,0,0,0
60.61208,1,0,0,0,0,0,0,-1,0,0.0000,-1,0,0,0,0,0,0,0,0,0
60.63772,1,0,0,0,0,0,0,-1,0,0.0000,-1,0,0,0,0,0,0,0,0,0
60.65948,1,0,0,0,0,0,0,-1,0,0.0000,-1,0,0,0,0,0,0,0,0,0
60.68306,1,0,0,0,0,0,0,-1,0,0.0000,-1,0,0,0,0,0,0,0,0,0
60.72624,1,0,0,0,0,0,0,-1,0,0.0000,-1,0,0,0,0,0,0,0,0,0
60.7408,1,0,0,0,0,0,0,-1,0,0.0000,-1,0,0,0,0,0,0,0,0,0
60.75671,1,0,0,0,0,0,0,-1,0,0.0000,-1,0,0,0,0,0,0,0,0,0
60.78136,1,0,0,0,0,0,0,-1,0,0.0000,-1,0,0,0,0,0,0,0,0,0
60.8061,1,0,0,0,0,0,0,-1,0,0.0000,-1,0,0,0,0,0,0,0,0,0
60.82885,1,0,0,0,0,0,0,-1,0,0.0000,-1,0,0,0,0,0,0,0,0,0
60.85276,1,0,0,0,0,0,0,-1,0,0.0000,-1,0,0,0,0,0,0,0,0,0
60.87539,1,0,0,0,0,0,0,-1,0,0.0000,-1,0,0,0,0,0,0,0,0,0
60.89858,1,0,0,0,0,0,0,-1,0,0.0000,-1,0,0,0,0,0,0,0,0,0
60.92191,1,0,0,0,0,0,0,-1,0,0.0000,-1,0,0,0,0,0,0,0,0,0
60.94571,1,0,0,0,0,0,0,-1,0,0.0000,-1,0,0,0,0,0,0,0,0,0
60.9674,1,0,0,0,0,0,0,-1,0,0.0000,-1,0,0,0,0,0,0,0,0,0
60.99007,1,0,0,0,0,0,0,-1,0,0.0000,-1,0,0,0,0,0,0,0,0,0
61.01257,1,0,0,0,0,0,0,-1,0,0.0000,-1,0,0,0,0,0,0,0,0,0
61.0366,1,0,0,0,0,0,0,-1,0,0.0000,-1,0,0,0,0,0,0,0,0,0
61.06021,1,0,0,0,0,0,0,-1,0,0.0000,-1,0,0,0,0,0,0,0,0,0
61.0853,1,0,0,0,0,0,0,-1,0,0.0000,-1,0,0,0,0,0,0,0,0,0
61.1059,1,0,0,0,0,0,0,-1,0,0.0000,-1,0,0,0,0,0,0,0,0,0
61.12879,1,0,0,0,0,0,0,-1,0,0.0000,-1,0,0,0,0,0,0,0,0,0
61.15067,1,0,0,0,0,0,0,-1,0,0.0000,-1,0,0,0,0,0,0,0,0,0
61.17476,1,0,0,0,0,0,0,-1,0,0.0000,-1,0,0,0,0,0,0,0,0,0
61.19923,1,0,0,0,0,0,0,-1,0,0.0000,-1,0,0,0,0,0,0,0,0,0
61.2215,1,0,0,0,0,0,0,-1,0,0.0000,-1,0,0,0,0,0,0,0,0,0
61.24295,1,0,0,0,0,0,0,-1,0,0.0000,-1,0,0,0,0,0,0,0,0,0
61.2668,1,0,0,0,0,0,0,-1,0,0.0000,-1,0,0,0,0,0,0,0,0,0
61.29101,1,0,0,0,0,0,0,-1,0,0.0000,-1,0,0,0,0,0,0,0,0,0
61.31257,1,0,0,0,0,0,0,-1,0,0.0000,-1,0,0,0,0,0,0,0,0,0
61.35712,1,0,0,0,0,0,0,-1,0,0.0000,-1,0,0,0,0,0,0,0,0,0
61.3709,1,0,0,0,0,0,0,-1,0,0.0000,-1,0,0,0,0,0,0,0,0,0
61.38634,1,0,0,0,0,0,0,-1,0,0.0000,-1,0,0,0,0,0,0,0,0,0
61.41056,1,0,0,0,0,0,0,-1,0,0.0000,-1,0,0,0,0,0,0,0,0,0
61.43493,1,0,0,0,0,0,0,-1,0,0.0000,-1,0,0,0,0,0,0,0,0,0
61.45827,1,0,0,0,0,0,0,-1,0,0.0000,-1,0,0,0,0,0,0,0,0,0
61.47799,1,0,0,0,0,0,0,-1,0,0.0000,-1,0,0,0,0,0,0,0,0,0
61.50299,1,0,0,0,0,0,0,-1,0,0.0000,-1,0,0,0,0,0,0,0,0,0
61.528,1,0,0,0,0,0,0,-1,0,0.0000,-1,0,0,0,0,0,0,0,0,0
61.54849,1,0,0,0,0,0,0,-1,0,0.0000,-1,0,0,0,0,0,0,0,0,0
61.57444,1,0,0,0,0,0,0,-1,0,0.0000,-1,0,0,0,0,0,0,0,0,0
61.59603,1,0,0,0,0,0,0,-1,0,0.0000,-1,0,0,0,0,0,0,0,0,0
61.6187,1,0,0,0,0,0,0,-1,0,0.0000,-1,0,0,0,0,0,0,0,0,0
61.64158,1,0,0,0,0,0,0,-1,0,0.0000,-1,0,0,0,0,0,0,0,0,0
61.66558,1,0,0,0,0,0,0,-1,0,0.0000,-1,0,0,0,0,0,0,0,0,0
61.68946,1,0,0,0,0,0,0,-1,0,0.0000,-1,0,0,0,0,0,0,0,0,0
61.71209,1,0,0,0,0,0,0,-1,0,0.0000,-1,0,0,0,0,0,0,0,0,0
61.73508,1,0,0,0,0,0,0,-1,0,0.0000,-1,0,0,0,0,0,0,0,0,0
61.77663,1,0,0,0,0,0,0,-1,0,0.0000,-1,0,0,0,0,0,0,0,0,0
61.7901,1,0,0,0,0,0,0,-1,0,0.0000,-1,0,0,0,0,0,0,0,0,0
61.80654,1,0,0,0,0,0,0,-1,0,0.0000,-1,0,0,0,0,0,0,0,0,0
61.83168,1,0,0,0,0,0,0,-1,0,0.0000,-1,0,0,0,0,0,0,0,0,0
61.85299,1,0,0,0,0,0,0,-1,0,0.0000,-1,0,0,0,0,0,0,0,0,0
61.87782,1,0,0,0,0,0,0,-1,0,0.0000,-1,0,0,0,0,0,0,0,0,0
61.89994,1,0,0,0,0,0,0,-1,0,0.0000,-1,0,0,0,0,0,0,0,0,0
61.92319,1,0,0,0,0,0,0,-1,0,0.0000,-1,0,0,0,0,0,0,0,0,0
61.94703,1,0,0,0,0,0,0,-1,0,0.0000,-1,0,0,0,0,0,0,0,0,0
61.96838,1,0,0,0,0,0,0,-1,0,0.0000,-1,0,0,0,0,0,0,0,0,0
61.99249,1,0,0,0,0,0,0,-1,0,0.0000,-1,0,0,0,0,0,0,0,0,0
62.01349,1,0,0,0,0,0,0,-1,0,0.0000,-1,0,0,0,0,0,0,0,0,0
62.03718,1,0,0,0,0,0,0,-1,0,0.0000,-1,0,0,0,0,0,0,0,0,0
62.05922,1,0,0,0,0,0,0,-1,0,0.0000,-1,0,0,0,0,0,0,0,0,0
62.08377,1,0,0,0,0,0,0,-1,0,0.0000,-1,0,0,0,0,0,0,0,0,0
62.10745,1,0,0,0,0,0,0,-1,0,0.0000,-1,0,0,0,0,0,0,0,0,0
62.12938,1,0,0,0,0,0,0,-1,0,0.0000,-1,0,0,0,0,0,0,0,0,0
62.15205,1,0,0,0,0,0,0,-1,0,0.0000,-1,0,0,0,0,0,0,0,0,0
62.17622,1,0,0,0,0,0,0,-1,0,0.0000,-1,0,0,0,0,0,0,0,0,0
62.19942,1,0,0,0,0,0,0,-1,0,0.0000,-1,0,0,0,0,0,0,0,0,0
62.2224,1,0,0,0,0,0,0,-1,0,0.0000,-1,0,0,0,0,0,0,0,0,0
62.24651,1,0,0,0,0,0,0,-1,0,0.0000,-1,0,0,0,0,0,0,0,0,0
62.26984,1,0,0,0,0,0,0,-1,0,0.0000,-1,0,0,0,0,0,0,0,0,0
62.29122,1,0,0,0,0,0,0,-1,0,0.0000,-1,0,0,0,0,0,0,0,0,0
62.31449,1,0,0,0,0,0,0,-1,0,0.0000,-1,0,0,0,0,0,0,0,0,0
62.33702,1,0,0,0,0,0,0,-1,0,0.0000,-1,0,0,0,0,0,0,0,0,0
62.36026,1,0,0,0,0,0,0,-1,0,0.0000,-1,0,0,0,0,0,0,0,0,0
62.38176,1,0,0,0,0,0,0,-1,0,0.0000,-1,0,0,0,0,0,0,0,0,0
62.4049,1,0,0,0,0,0,0,-1,0,0.0000,-1,0,0,0,0,0,0,0,0,0
62.42756,1,0,0,0,0,0,0,-1,0,0.0000,-1,0,0,0,0,0,0,0,0,0
62.45004,1,0,0,0,0,0,0,-1,0,0.0000,-1,0,0,0,0,0,0,0,0,0
62.47326,1,0,0,0,0,0,0,-1,0,0.0000,-1,0,0,0,0,0,0,0,0,0
62.49648,1,0,0,0,0,0,0,-1,0,0.0000,-1,0,0,0,0,0,0,0,0,0
62.51922,1,0,0,0,0,0,0,-1,0,0.0000,-1,0,0,0,0,0,0,0,0,0
62.54074,1,0,0,0,0,0,0,-1,0,0.0000,-1,0,0,0,0,0,0,0,0,0
62.56427,1,0,0,0,0,0,0,-1,0,0.0000,-1,0,0,0,0,0,0,0,0,0
62.58866,1,0,0,0,0,0,0,-1,0,0.0000,-1,0,0,0,0,0,0,0,0,0
62.60987,1,0,0,0,0,0,0,-1,0,0.0000,-1,0,0,0,0,0,0,0,0,0
62.63338,1,0,0,0,0,0,0,-1,0,0.0000,-1,0,0,0,0,0,0,0,0,0
62.65674,1,0,0,0,0,0,0,-1,0,0.0000,-1,0,0,0,0,0,0,0,0,0
62.67908,1,0,0,0,0,0,0,-1,0,0.0000,-1,0,0,0,0,0,0,0,0,0
62.70012,1,0,0,0,0,0,0,-1,0,0.0000,-1,0,0,0,0,0,0,0,0,0
62.72826,1,0,0,0,0,0,0,-1,0,0.0000,-1,0,0,0,0,0,0,0,0,0
62.74873,1,0,0,0,0,0,0,-1,0,0.0000,-1,0,0,0,0,0,0,0,0,0
62.77205,1,0,0,0,0,0,0,-1,0,0.0000,-1,0,0,0,0,0,0,0,0,0
62.79433,1,0,0,0,0,0,0,-1,0,0.0000,-1,0,0,0,0,0,0,0,0,0
62.81683,1,0,0,0,0,0,0,-1,0,0.0000,-1,0,0,0,0,0,0,0,0,0
62.83848,1,0,0,0,0,0,0,-1,0,0.0000,-1,0,0,0,0,0,0,0,0,0
62.86251,1,0,0,0,0,0,0,-1,0,0.0000,-1,0,0,0,0,0,0,0,0,0
62.88388,1,0,0,0,0,0,0,-1,0,0.0000,-1,0,0,0,0,0,0,0,0,0
62.90705,1,0,0,0,0,0,0,-1,0,0.0000,-1,0,0,0,0,0,0,0,0,0
62.93028,1,0,0,0,0,0,0,-1,0,0.0000,-1,0,0,0,0,0,0,0,0,0
62.95358,1,0,0,0,0,0,0,-1,0,0.0000,-1,0,0,0,0,0,0,0,0,0
62.97554,1,0,0,0,0,0,0,-1,0,0.0000,-1,0,0,0,0,0,0,0,0,0
62.99705,1,0,0,0,0,0,0,-1,0,0.0000,-1,0,0,0,0,0,0,0,0,0
63.02073,1,0,0,0,0,0,0,-1,0,0.0000,-1,0,0,0,0,0,0,0,0,0
63.04302,1,0,0,0,0,0,0,-1,0,0.0000,-1,0,0,0,0,0,0,0,0,0
63.06635,1,0,0,0,0,0,1,3,0,0.0000,-1,0,0,0,0,0,0,0,0,0
63.12235,1,0,0,0,0,0,1,3,0,0.0000,-1,0,0,0,0,0,0,0,0,0
63.13559,1,0,0,0,0,0,1,3,0,0.0000,-1,0,0,0,0,0,0,0,0,0
63.14996,1,0,0,0,0,0,1,3,0,0.0000,-1,0,0,0,0,0,0,0,0,0
63.17474,1,0,0,0,0,0,1,3,0,0.0000,-1,0,0,0,0,0,0,0,0,0
63.19761,1,0,0,0,0,0,1,3,0,0.0000,-1,0,0,0,0,0,0,0,0,0
63.24399,1,0,0,0,0,0,1,3,1,1.0000,-1,0,0,0,0,0,0,0,0,0
63.25985,1,0,0,0,0,0,1,3,0,1.0000,-1,0,0,0,0,0,0,0,0,0
63.27445,1,0,0,0,0,0,0,-1,0,1.0000,-1,0,0,0,0,0,0,0,0,0
63.29846,1,0,0,0,0,0,0,-1,0,1.0000,-1,0,0,0,0,0,0,0,0,0
63.3213,1,0,0,0,0,0,0,-1,0,1.0000,-1,0,0,0,0,0,0,0,0,0
63.34501,1,0,0,0,0,0,1,0,0,1.0000,-1,0,0,0,0,0,0,0,0,0
63.36689,1,0,0,0,0,0,1,0,0,1.0000,-1,0,0,0,0,0,0,0,0,0
63.39024,1,0,0,0,0,0,1,0,0,1.0000,-1,0,0,0,0,0,0,0,0,0
63.41519,1,0,0,0,0,0,1,0,0,1.0000,-1,0,0,0,0,0,0,0,0,0
63.43716,1,0,0,0,0,0,1,0,0,1.0000,-1,0,0,0,0,0,0,0,0,0
63.45953,1,0,0,0,0,0,1,0,0,1.0000,-1,0,0,0,0,0,0,0,0,0
63.48264,1,0,0,0,0,0,1,0,0,1.0000,-1,0,0,0,0,0,0,0,0,0
63.50714,1,0,0,0,0,0,1,0,0,1.0000,-1,0,0,0,0,0,0,0,0,0
63.52998,1,0,0,0,0,0,1,0,0,1.0000,-1,0,0,0,0,0,0,0,0,0
63.55394,1,0,0,0,0,0,1,0,0,1.0000,-1,0,0,0,0,0,0,0,0,0
63.57623,1,0,0,0,0,0,1,0,0,1.0000,-1,0,0,0,0,0,0,0,0,0
63.60075,1,0,0,0,0,0,1,0,0,1.0000,-1,0,0,0,0,0,0,0,0,0
63.62324,1,0,0,0,0,0,1,0,0,1.0000,-1,0,0,0,0,0,0,0,0,0
63.66762,1,0,0,0,0,0,1,0,0,1.0000,-1,0,0,0,0,0,0,0,0,0
63.68153,1,0,0,0,0,0,1,0,0,1.0000,-1,0,0,0,0,0,0,0,0,0
63.69719,1,0,0,0,0,0,1,0,1,2.0000,-1,0,0,0,0,0,0,0,0,0
63.72185,1,0,0,0,0,0,1,0,0,2.0000,-1,0,0,0,0,0,0,0,0,0
63.74839,1,0,0,0,0,0,1,0,0,2.0000,-1,0,0,0,0,0,0,0,0,0
63.77119,1,0,0,0,0,0,1,0,0,2.0000,-1,0,0,0,0,0,0,0,0,0
63.79203,1,0,0,0,0,0,1,0,0,2.0000,-1,0,0,0,0,0,0,0,0,0
63.81736,1,0,0,0,0,0,1,0,0,2.0000,-1,0,0,0,0,0,0,0,0,0
63.84057,1,0,0,0,0,0,1,0,0,2.0000,-1,0,0,0,0,0,0,0,0,0
63.86369,1,0,0,0,0,0,1,0,0,2.0000,-1,0,0,0,0,0,0,0,0,0
63.8884,1,0,0,0,0,0,1,0,0,2.0000,-1,0,0,0,0,0,0,0,0,0
63.91142,1,0,0,0,0,0,1,0,0,2.0000,-1,0,0,0,0,0,0,0,0,0
63.93419,1,0,0,0,0,0,1,0,0,2.0000,-1,0,0,0,0,0,0,0,0,0
63.95869,1,0,0,0,0,0,1,0,1,3.0000,-1,0,0,0,0,0,0,0,0,0
63.98074,1,0,0,0,0,0,1,0,0,3.0000,-1,0,0,0,0,0,0,0,0,0
64.00426,1,0,0,0,0,0,1,0,0,3.0000,-1,0,0,0,0,0,0,0,0,0
64.02764,1,0,0,0,0,0,1,0,0,3.0000,-1,0,0,0,0,0,0,0,0,0
64.05104,1,0,0,0,0,0,1,0,0,3.0000,-1,0,0,0,0,0,0,0,0,0
64.0748,1,0,0,0,0,0,1,0,0,3.0000,-1,0,0,0,0,0,0,0,0,0
64.09789,1,0,0,0,0,0,1,0,0,3.0000,-1,0,0,0,0,0,0,0,0,0
64.12107,1,0,0,0,0,0,1,0,1,4.0000,-1,0,0,0,0,0,0,0,0,0
64.14777,1,0,0,0,0,0,1,0,0,4.0000,-1,0,0,0,0,0,0,0,0,0
64.16972,1,0,0,0,0,0,1,0,0,4.0000,-1,0,0,0,0,0,0,0,0,0
64.19214,1,0,0,0,0,0,1,0,0,4.0000,-1,0,0,0,0,0,0,0,0,0
64.2169,1,0,0,0,0,0,1,0,0,4.0000,-1,0,0,0,0,0,0,0,0,0
64.24033,1,0,0,0,0,0,1,0,0,4.0000,-1,0,0,0,0,0,0,0,0,0
64.26378,1,0,0,0,0,0,1,0,0,3.0000,-1,0,0,0,0,0,0,0,0,0
64.28576,1,0,0,0,0,0,1,0,0,3.0000,-1,0,0,0,0,0,0,0,0,0
64.30891,1,0,0,0,0,0,1,0,0,3.0000,-1,0,0,0,0,0,0,0,0,0
64.33341,1,0,0,0,0,0,0,-1,0,3.0000,0,1,0,0,0,1,0,0,0,0
64.38953,1,0,0,0,0,0,0,-1,0,3.0000,-1,1,0,0,0,1,0,0,0,0
64.4026,1,0,0,0,0,0,0,-1,0,3.0000,-1,1,0,0,0,1,0,0,0,0
64.41862,1,0,0,0,0,0,0,-1,0,3.0000,-1,1,0,0,0,1,0,0,0,0
64.44345,1,0,0,0,0,0,0,-1,0,3.0000,-1,1,0,0,0,1,0,0,0,0
64.4693,1,0,0,0,0,0,0,-1,0,3.0000,-1,1,0,0,0,1,0,0,0,0
64.51385,1,0,0,0,0,0,0,-1,0,3.0000,-1,1,0,0,0,1,0,0,0,0
64.52785,1,0,0,0,0,0,0,-1,0,3.0000,-1,1,0,0,0,1,0,0,0,0
64.54256,1,0,0,0,0,0,0,-1,0,3.0000,-1,1,0,0,0,1,0,0,0,0
64.56757,1,0,0,0,0,0,0,-1,0,3.0000,-1,1,0,0,0,1,0,0,0,0
64.58985,1,0,0,0,0,0,0,-1,0,3.0000,-1,1,0,0,0,1,0,0,0,0
64.61536,1,0,0,0,0,0,0,-1,0,3.0000,-1,1,0,0,0,1,0,0,0,0
64.6401,1,0,0,0,0,0,0,-1,0,3.0000,-1,1,0,0,0,1,0,0,0,0
64.66102,1,0,0,0,0,0,0,-1,0,3.0000,-1,1,0,0,0,1,0,0,0,0
64.68516,1,0,0,0,0,0,0,-1,0,3.0000,-1,1,0,0,0,1,0,0,0,0
64.70911,1,0,0,0,0,0,0,-1,0,2.0000,-1,1,0,0,0,1,0,0,0,0
64.73316,1,0,0,0,0,0,0,-1,0,2.0000,-1,1,0,0,0,1,0,0,0,0
64.75476,1,0,0,0,0,0,0,-1,0,2.0000,-1,1,0,0,0,1,0,0,0,0
64.77884,1,0,0,0,0,0,0,-1,0,2.0000,-1,1,0,0,0,1,0,0,0,0
64.80086,1,0,0,0,0,0,0,-1,0,2.0000,-1,1,0,0,0,1,0,0,0,0
64.82346,1,0,0,0,0,0,0,-1,0,2.0000,-1,1,0,0,0,1,0,0,0,0
64.8502,1,0,0,0,0,0,0,-1,0,2.0000,-1,1,0,0,0,1,0,0,0,0
64.8727,1,0,0,0,0,0,0,-1,0,2.0000,-1,1,0,0,0,1,0,0,0,0
64.89475,1,0,0,0,0,0,0,-1,0,2.0000,-1,1,0,0,0,1,0,0,0,0
64.91721,1,0,0,0,0,0,0,-1,0,2.0000,-1,1,0,0,0,1,0,0,0,0
64.94122,1,0,0,0,0,0,0,-1,0,2.0000,-1,1,0,0,0,1,0,0,0,0
64.96461,1,0,0,0,0,0,0,-1,0,1.0000,-1,1,0,0,0,1,0,0,0,0
64.98842,1,0,0,0,0,0,0,-1,0,1.0000,-1,1,0,0,0,1,0,0,0,0
65.01097,1,0,0,0,0,0,0,-1,0,1.0000,-1,1,0,0,0,1,0,0,0,0
65.03294,1,0,0,0,0,0,0,-1,0,1.0000,-1,1,0,0,0,1,0,0,0,0
65.05532,1,0,0,0,0,0,0,-1,0,1.0000,-1,1,0,0,0,1,0,0,0,0
65.0809,1,0,0,0,0,0,0,-1,0,1.0000,-1,1,0,0,0,1,0,0,0,0
65.10027,1,0,0,0,0,0,0,-1,0,1.0000,-1,1,0,0,0,1,0,0,0,0
65.14397,1,0,0,0,0,0,0,-1,0,0.0000,-1,1,0,0,0,1,0,0,0,0
65.16141,1,0,0,0,0,0,0,-1,0,0.0000,-1,1,0,0,0,1,0,0,0,0
65.18069,1,0,0,0,0,0,0,-1,0,0.0000,-1,1,0,0,0,1,0,0,0,0
65.19836,1,0,0,0,0,0,0,-1,0,0.0000,-1,1,0,0,0,1,0,0,0,0
65.22161,1,0,0,0,0,0,0,-1,0,0.0000,-1,1,0,0,0,1,0,0,0,0
65.24329,1,0,0,0,0,0,0,-1,0,0.0000,-1,1,0,0,0,1,0,0,0,0
65.26611,1,0,0,0,0,0,0,-1,0,0.0000,-1,1,0,0,0,1,0,0,0,0
65.28855,1,0,0,0,0,0,0,-1,0,0.0000,-1,1,0,0,0,1,0,0,0,0
65.31195,1,0,0,0,0,0,0,-1,0,0.0000,-1,1,0,0,0,1,0,0,0,0
65.33487,1,0,0,0,0,0,0,-1,0,0.0000,-1,1,0,0,0,1,0,0,0,0
65.35904,1,0,0,0,0,0,0,-1,0,0.0000,-1,1,0,0,0,1,0,0,0,0
65.3801,1,0,0,0,0,0,0,-1,0,0.0000,-1,1,0,0,0,1,0,0,0,0
65.40369,1,0,0,0,0,0,0,-1,0,0.0000,-1,1,0,0,0,1,0,0,0,0
65.42601,1,0,0,0,0,0,0,-1,0,0.0000,-1,1,0,0,0,1,0,0,0,0
65.44894,1,0,0,0,0,0,0,-1,0,0.0000,-1,1,0,0,0,1,0,0,0,0
65.47015,1,0,0,0,0,0,0,-1,0,0.0000,-1,1,0,0,0,1,0,0,0,0
65.49335,1,0,0,0,0,0,0,-1,0,0.0000,-1,1,0,0,0,1,0,0,0,0
65.51418,1,0,0,0,0,0,0,-1,0,0.0000,-1,1,0,0,0,1,0,0,0,0
65.55396,1,0,0,0,0,0,0,-1,0,0.0000,-1,1,0,0,0,1,0,0,0,0
65.56628,1,0,0,0,0,0,0,-1,0,0.0000,-1,1,0,0,0,1,0,0,0,0
65.58741,1,0,0,0,0,0,0,-1,0,0.0000,-1,1,0,0,0,1,0,0,0,0
65.60683,1,0,0,0,0,0,0,-1,0,0.0000,-1,1,0,0,0,1,0,0,0,0
65.63191,1,0,0,0,0,0,0,-1,0,0.0000,-1,1,0,0,0,1,0,0,0,0
65.65586,1,0,0,1,0,0,0,-1,0,0.0000,-1,1,0,0,0,1,0,0,0,0
65.68357,1,0,0,1,0,0,0,-1,0,0.0000,-1,1,0,0,0,1,0,0,0,0
65.70448,1,0,0,1,0,0,0,-1,0,0.0000,-1,1,0,0,0,1,0,0,0,0
65.72762,1,0,0,1,0,0,0,-1,0,0.0000,-1,1,0,0,0,1,0,0,0,0
65.77055,1,0,0,1,0,0,0,-1,1,1.0000,-1,1,0,0,0,1,0,0,0,0
65.78717,1,0,0,1,0,0,1,4,0,1.0000,-1,1,0,0,0,1,0,0,0,0
65.80418,1,0,0,1,0,0,1,4,0,1.0000,-1,1,0,0,0,1,0,0,0,0
65.82249,1,0,0,1,0,0,1,4,0,1.0000,-1,1,0,0,0,1,0,0,0,0
65.84666,1,0,0,1,0,0,1,4,0,1.0000,-1,1,0,0,0,1,0,0,0,0
65.86999,1,0,0,1,0,0,1,4,0,1.0000,-1,1,0,0,0,1,0,0,0,0
65.89259,1,0,0,1,0,0,1,4,0,1.0000,-1,1,0,0,0,1,0,0,0,0
65.91399,1,0,0,1,0,0,1,4,0,1.0000,-1,1,0,0,0,1,0,0,0,0
65.93604,1,0,0,1,0,0,1,4,0,1.0000,-1,1,0,0,0,1,0,0,0,0
65.9594,1,0,0,1,0,0,1,4,0,1.0000,-1,1,0,0,0,1,0,0,0,0
65.98064,1,0,0,1,0,0,0,-1,0,1.0000,4,2,0,0,0,2,0,0,0,0
66.00729,1,0,0,1,0,0,0,-1,0,1.0000,-1,2,0,0,0,2,0,0,0,0
66.02467,1,0,0,1,0,0,0,-1,0,1.0000,-1,2,0,0,0,2,0,0,0,0
66.04688,1,0,0,1,0,0,0,-1,0,1.0000,-1,2,0,0,0,2,0,0,0,0
66.07092,1,0,0,1,0,0,0,-1,0,1.0000,-1,2,0,0,0,2,0,0,0,0
66.094,1,0,0,1,0,0,0,-1,0,1.0000,-1,2,0,0,0,2,0,0,0,0
66.11517,1,0,0,1,0,0,0,-1,0,1.0000,-1,2,0,0,0,2,0,0,0,0
66.13875,1,0,0,1,0,0,0,-1,0,1.0000,-1,2,0,0,0,2,0,0,0,0
66.1824,1,0,0,1,0,0,0,-1,0,1.0000,-1,2,0,0,0,2,0,0,0,0
66.20161,1,0,0,1,0,0,1,7,0,1.0000,-1,2,0,0,0,2,0,0,0,0
66.21853,1,0,0,1,0,0,1,7,0,1.0000,-1,2,0,0,0,2,0,0,0,0
66.23466,1,0,0,1,0,0,1,7,0,1.0000,-1,2,0,0,0,2,0,0,0,0
66.25989,1,0,0,1,0,0,1,7,0,1.0000,-1,2,0,0,0,2,0,0,0,0
66.28038,1,0,0,1,0,0,1,7,0,1.0000,-1,2,0,0,0,2,0,0,0,0
66.30576,1,0,0,1,0,0,1,7,0,1.0000,-1,2,0,0,0,2,0,0,0,0
66.32845,1,0,0,1,0,0,1,7,0,1.0000,-1,2,0,0,0,2,0,0,0,0
66.35036,1,0,0,1,0,0,1,7,1,2.0000,-1,2,0,0,0,2,0,0,0,0
66.37518,1,0,0,1,1,0,1,7,0,2.0000,-1,2,0,0,0,2,0,0,0,0
66.40513,1,0,0,1,1,0,1,7,0,2.0000,-1,2,0,0,0,2,0,0,0,0
66.42488,1,0,0,1,1,0,1,7,0,2.0000,-1,2,0,0,0,2,0,0,0,0
66.44207,1,0,0,1,1,0,0,-1,0,2.0000,-1,2,0,0,0,2,0,0,0,0
66.46844,1,0,0,1,1,0,0,-1,0,2.0000,-1,2,0,0,0,2,0,0,0,0
66.50318,1,0,0,1,1,0,1,6,0,2.0000,-1,2,0,0,0,2,0,0,0,0
66.51752,1,0,0,1,1,0,1,6,0,2.0000,-1,2,0,0,0,2,0,0,0,0
66.53441,1,0,0,1,1,0,1,6,0,2.0000,-1,2,0,0,0,2,0,0,0,0
66.56535,1,0,0,1,1,0,1,6,0,2.0000,-1,2,0,0,0,2,0,0,0,0
66.58752,1,0,0,1,1,0,1,6,0,2.0000,-1,2,0,0,0,2,0,0,0,0
66.61551,1,0,0,1,1,0,1,6,0,2.0000,-1,2,0,0,0,2,0,0,0,0
66.64621,1,0,0,1,1,0,1,6,0,2.0000,-1,2,0,0,0,2,0,0,0,0
66.67086,1,0,0,1,1,0,0,-1,0,2.0000,6,3,0,0,0,3,0,0,0,0
66.69357,1,0,0,1,1,0,0,-1,0,2.0000,-1,3,0,0,0,3,0,0,0,0
66.7111,1,0,0,1,1,0,0,-1,1,3.0000,-1,3,0,0,0,3,0,0,0,0
66.73586,1,0,0,1,1,0,0,-1,0,3.0000,-1,3,0,0,0,3,0,0,0,0
66.76247,1,0,0,1,1,0,0,-1,0,3.0000,-1,3,0,0,0,3,0,0,0,0
66.78375,1,0,0,1,1,0,0,-1,0,2.0000,-1,3,0,0,0,3,0,0,0,0
66.82869,1,0,0,1,1,0,0,-1,0,2.0000,-1,3,0,0,0,3,0,0,0,0
66.8484,1,0,0,1,1,0,0,-1,0,2.0000,-1,3,0,0,0,3,0,0,0,0
66.86478,1,0,0,1,1,0,0,-1,0,2.0000,-1,3,0,0,0,3,0,0,0,0
66.88367,1,0,0,1,1,0,0,-1,0,2.0000,-1,3,0,0,0,3,0,0,0,0
66.90179,1,0,0,1,1,0,0,-1,0,2.0000,-1,3,0,0,0,3,0,0,0,0
66.92522,1,0,0,1,1,0,0,-1,0,2.0000,-1,3,0,0,0,3,0,0,0,0
66.94814,1,0,0,1,1,0,0,-1,0,2.0000,-1,3,0,0,0,3,0,0,0,0
66.97359,1,0,0,1,1,0,0,-1,0,2.0000,-1,3,0,0,0,3,0,0,0,0
66.9954,1,0,0,1,1,0,0,-1,0,2.0000,-1,3,0,0,0,3,0,0,0,0
67.03928,1,0,0,1,1,0,0,-1,0,2.0000,-1,3,0,0,0,3,0,0,0,0
67.05788,1,0,0,1,1,0,0,-1,0,2.0000,-1,3,0,0,0,3,0,0,0,0
67.0742,1,0,0,1,1,0,0,-1,0,2.0000,-1,3,0,0,0,3,0,0,0,0
67.09168,1,0,0,1,1,0,0,-1,0,2.0000,-1,3,0,0,0,3,0,0,0,0
67.11198,1,0,0,1,1,0,0,-1,0,2.0000,-1,3,0,0,0,3,0,0,0,0
67.13577,1,0,0,1,1,0,0,-1,0,2.0000,-1,3,0,0,0,3,0,0,0,0
67.15623,1,0,0,1,1,0,0,-1,0,2.0000,-1,3,0,0,0,3,0,0,0,0
67.17883,1,0,0,1,1,0,0,-1,1,3.0000,-1,3,0,0,0,3,0,0,0,0
67.20206,1,0,0,1,1,0,0,-1,0,3.0000,-1,3,0,0,0,3,0,0,0,0
67.24582,1,0,0,1,1,0,0,-1,0,3.0000,-1,3,0,0,0,3,0,0,0,0
67.2606,1,0,0,1,1,0,0,-1,0,3.0000,-1,3,0,0,0,3,0,0,0,0
67.27538,1,0,0,1,0,0,0,-1,0,3.0000,-1,3,0,0,0,3,0,0,0,0
67.30074,1,0,0,1,0,0,0,-1,0,3.0000,-1,3,0,0,0,3,0,0,0,0
67.31894,1,0,0,1,0,0,0,-1,0,3.0000,-1,3,0,0,0,3,0,0,0,0
67.34373,1,0,0,1,0,0,0,-1,0,3.0000,7,4,0,0,0,4,0,0,0,0
67.37091,1,0,0,1,0,0,0,-1,0,2.0000,-1,4,0,0,0,4,0,0,0,0
67.39088,1,0,0,1,0,0,0,-1,0,2.0000,-1,4,0,0,0,4,0,0,0,0
67.41238,1,0,0,1,0,0,0,-1,0,2.0000,-1,4,0,0,0,4,0,0,0,0
67.45795,1,0,0,1,0,0,0,-1,0,2.0000,-1,4,0,0,0,4,0,0,0,0
67.47382,1,0,0,1,0,0,0,-1,0,2.0000,-1,4,0,0,0,4,0,0,0,0
67.4902,1,0,0,1,0,0,0,-1,0,2.0000,-1,4,0,0,0,4,0,0,0,0
67.51077,1,0,0,1,0,0,0,-1,0,2.0000,-1,4,0,0,0,4,0,0,0,0
67.53555,1,0,0,0,0,0,0,-1,0,2.0000,-1,4,0,0,0,4,0,0,0,0
67.55848,1,0,0,0,0,0,0,-1,0,2.0000,-1,4,0,0,0,4,0,0,0,0
67.58302,1,0,0,0,0,0,0,-1,0,2.0000,-1,4,0,0,0,4,0,0,0,0
67.60252,1,0,0,0,0,0,0,-1,0,2.0000,-1,4,0,0,0,4,0,0,0,0
67.6254,1,0,0,0,0,0,0,-1,0,2.0000,-1,4,0,0,0,4,0,0,0,0
67.66873,1,0,0,0,0,0,0,-1,0,2.0000,-1,4,0,0,0,4,0,0,0,0
67.69072,1,0,0,0,0,0,0,-1,0,2.0000,-1,4,0,0,0,4,0,0,0,0
67.7103,1,0,0,0,0,0,0,-1,0,2.0000,-1,4,0,0,0,4,0,0,0,0
67.73116,1,0,0,0,0,0,0,-1,0,1.0000,-1,4,0,0,0,4,0,0,0,0
67.74732,1,0,0,0,0,0,0,-1,0,1.0000,-1,4,0,0,0,4,0,0,0,0
67.76653,1,0,0,0,0,0,0,-1,0,1.0000,-1,4,0,0,0,4,0,0,0,0
67.79431,1,0,0,0,0,0,0,-1,1,2.0000,-1,4,0,0,0,4,0,0,0,0
67.81516,1,0,0,0,0,0,0,-1,0,2.0000,-1,4,0,0,0,4,0,0,0,0
67.8393,1,0,0,0,0,0,0,-1,0,2.0000,-1,4,0,0,0,4,0,0,0,0
67.86201,1,0,0,0,0,0,0,-1,0,2.0000,-1,4,0,0,0,4,0,0,0,0
67.88907,1,0,0,0,0,0,0,-1,0,2.0000,-1,4,0,0,0,4,0,0,0,0
67.90936,1,0,0,0,0,0,0,-1,0,2.0000,-1,4,0,0,0,4,0,0,0,0
67.93523,1,0,0,0,0,0,0,-1,0,2.0000,-1,4,0,0,0,4,0,0,0,0
67.96547,1,0,0,0,0,0,0,-1,1,3.0000,-1,4,0,0,0,4,0,0,0,0
67.9911,1,0,0,0,0,0,0,-1,0,3.0000,-1,4,0,0,0,4,0,0,0,0
68.02141,1,0,0,0,0,0,0,-1,1,4.0000,-1,4,0,0,0,4,0,0,0,0
68.04671,1,0,0,0,0,0,0,-1,0,4.0000,-1,4,0,0,0,4,0,0,0,0
68.09277,1,0,0,0,0,0,0,-1,0,4.0000,-1,4,0,0,0,4,0,0,0,0
68.10853,1,0,0,0,0,0,0,-1,0,4.0000,-1,4,0,0,0,4,0,0,0,0
68.12928,1,0,0,0,0,0,0,-1,0,4.0000,-1,4,0,0,0,4,0,0,0,0
68.15536,1,0,0,0,0,0,0,-1,0,4.0000,-1,4,0,0,0,4,0,0,0,0
68.18172,1,0,0,0,0,0,0,-1,0,3.0000,-1,4,0,0,0,4,0,0,0,0
68.2077,1,0,0,0,0,0,0,-1,0,3.0000,-1,4,0,0,0,4,0,0,0,0
68.23695,1,0,0,0,0,0,0,-1,0,3.0000,-1,4,0,0,0,4,0,0,0,0
68.26085,1,0,0,0,0,0,0,-1,0,3.0000,-1,4,0,0,0,4,0,0,0,0
68.28625,1,0,0,0,0,0,1,8,0,3.0000,-1,4,0,0,0,4,0,0,0,0
68.31286,1,0,0,0,0,0,1,8,0,3.0000,-1,4,0,0,0,4,0,0,0,0
68.33885,1,0,0,0,0,0,1,8,0,3.0000,-1,4,0,0,0,4,0,0,0,0
68.36337,1,0,0,0,0,0,1,8,0,3.0000,-1,4,0,0,0,4,0,0,0,0
68.39634,1,0,0,0,0,0,1,8,0,3.0000,-1,4,0,0,0,4,0,0,0,0
68.42276,1,0,0,0,0,0,1,8,0,3.0000,-1,4,0,0,0,4,0,0,0,0
68.45011,1,0,0,0,0,0,1,8,0,3.0000,-1,4,0,0,0,4,0,0,0,0
68.4752,1,0,0,0,0,0,1,8,0,3.0000,-1,4,0,0,0,4,0,0,0,0
68.50032,1,0,0,0,0,0,1,8,0,3.0000,-1,4,0,0,0,4,0,0,0,0
68.52598,1,0,0,0,0,0,1,8,0,3.0000,-1,4,0,0,0,4,0,0,0,0
68.55119,1,0,0,0,0,0,1,8,0,3.0000,-1,4,0,0,0,4,0,0,0,0
68.57429,1,0,0,0,0,0,1,8,0,3.0000,-1,4,0,0,0,4,0,0,0,0
68.59763,1,0,0,0,0,0,1,8,0,3.0000,-1,4,0,0,0,4,0,0,0,0
68.62235,1,0,0,0,0,0,1,8,0,3.0000,-1,4,0,0,0,4,0,0,0,0
68.64577,1,0,0,0,0,0,1,8,0,3.0000,-1,4,0,0,0,4,0,0,0,0
68.67035,1,0,0,0,0,0,1,8,0,3.0000,-1,4,0,0,0,4,0,0,0,0
68.69414,1,0,0,0,0,0,1,8,0,3.0000,-1,4,0,0,0,4,0,0,0,0
68.7404,1,0,0,0,0,0,1,8,0,3.0000,-1,4,0,0,0,4,0,0,0,0
68.75764,1,0,0,0,0,0,1,8,0,3.0000,-1,4,0,0,0,4,0,0,0,0
68.77409,1,0,0,0,0,0,1,8,0,3.0000,-1,4,0,0,0,4,0,0,0,0
68.79869,1,0,0,0,0,0,1,8,0,2.0000,-1,4,0,0,0,4,0,0,0,0
68.82261,1,0,0,0,0,0,1,8,0,2.0000,-1,4,0,0,0,4,0,0,0,0
68.84618,1,0,0,0,0,0,1,8,0,2.0000,-1,4,0,0,0,4,0,0,0,0
68.87009,1,0,0,0,0,0,1,8,0,2.0000,-1,4,0,0,0,4,0,0,0,0
68.89561,1,0,0,0,0,0,1,8,0,2.0000,-1,4,0,0,0,4,0,0,0,0
68.93889,1,0,0,0,0,0,1,8,0,2.0000,-1,4,0,0,0,4,0,0,0,0
68.96662,1,0,0,0,0,0,1,8,0,1.0000,-1,4,0,0,0,4,0,0,0,0
68.98296,1,0,0,0,0,0,1,8,0,1.0000,-1,4,0,0,0,4,0,0,0,0
69.00253,1,0,0,0,0,0,1,8,0,1.0000,-1,4,0,0,0,4,0,0,0,0
69.02554,1,0,0,0,0,0,1,8,0,0.0000,-1,4,0,0,0,4,0,0,0,0
69.04591,1,0,0,0,0,0,1,8,0,0.0000,-1,4,0,0,0,4,0,0,0,0
69.07412,1,0,0,0,0,0,1,8,0,0.0000,-1,4,0,0,0,4,0,0,0,0
69.09756,1,0,0,0,0,0,1,8,1,1.0000,-1,4,0,0,0,4,0,0,0,0
69.12143,1,0,0,0,0,0,0,-1,0,1.0000,-1,4,0,0,0,4,0,0,0,0
69.14366,1,0,0,0,0,0,0,-1,0,1.0000,-1,4,0,0,0,4,0,0,0,0
69.16344,1,0,0,0,0,0,0,-1,0,1.0000,-1,4,0,0,0,4,0,0,0,0
69.18822,1,0,0,0,0,0,0,-1,0,1.0000,-1,4,0,0,0,4,0,0,0,0
69.21179,1,0,0,0,0,0,0,-1,0,1.0000,-1,4,0,0,0,4,0,0,0,0
69.23215,1,0,0,0,0,0,0,-1,0,1.0000,-1,4,0,0,0,4,0,0,0,0
69.2564,1,0,0,0,0,0,0,-1,0,1.0000,-1,4,0,0,0,4,0,0,0,0
69.27846,1,0,0,0,0,0,0,-1,0,1.0000,-1,4,0,0,0,4,0,0,0,0
69.30274,1,0,0,0,0,0,0,-1,1,2.0000,-1,4,0,0,0,4,0,0,0,0
69.32443,1,0,0,0,0,0,0,-1,0,2.0000,-1,4,0,0,0,4,0,0,0,0
69.34274,1,0,0,0,0,0,0,-1,0,2.0000,-1,4,0,0,0,4,0,0,0,0
69.36796,1,0,0,0,0,0,0,-1,0,2.0000,-1,4,0,0,0,4,0,0,0,0
69.39288,1,0,0,0,0,0,0,-1,0,2.0000,-1,4,0,0,0,4,0,0,0,0
69.41528,1,0,0,0,0,0,0,-1,0,2.0000,-1,4,0,0,0,4,0,0,0,0
69.43874,1,0,0,0,0,0,0,-1,0,2.0000,-1,4,0,0,0,4,0,0,0,0
69.46611,1,0,0,0,0,0,0,-1,0,2.0000,-1,4,0,0,0,4,0,0,0,0
69.49123,1,0,0,0,0,0,0,-1,0,2.0000,-1,4,0,0,0,4,0,0,0,0
69.50858,1,0,0,0,0,0,0,-1,0,2.0000,-1,4,0,0,0,4,0,0,0,0
69.55399,1,0,0,0,0,0,0,-1,0,2.0000,-1,4,0,0,0,4,0,0,0,0
69.56898,1,0,0,0,0,0,0,-1,0,2.0000,-1,4,0,0,0,4,0,0,0,0
69.58452,1,0,0,0,0,0,0,-1,0,2.0000,-1,4,0,0,0,4,0,0,0,0
69.60632,1,0,0,0,0,0,0,-1,0,2.0000,-1,4,0,0,0,4,0,0,0,0
69.62821,1,0,0,0,0,0,0,-1,0,2.0000,-1,4,0,0,0,4,0,0,0,0
69.6506,1,0,0,0,0,0,0,-1,0,2.0000,-1,4,0,0,0,4,0,0,0,0
69.67384,1,0,0,0,0,0,0,-1,0,2.0000,-1,4,0,0,0,4,0,0,0,0
69.6969,1,0,0,0,0,0,0,-1,0,2.0000,-1,4,0,0,0,4,0,0,0,0
69.72141,1,0,0,0,0,0,0,-1,0,2.0000,-1,4,0,0,0,4,0,0,0,0
69.74557,1,0,0,0,0,0,0,-1,0,2.0000,-1,4,0,0,0,4,0,0,0,0
69.7675,1,0,0,0,0,0,0,-1,0,2.0000,-1,4,0,0,0,4,0,0,0,0
69.7899,1,0,0,0,0,0,0,-1,0,2.0000,-1,4,0,0,0,4,0,0,0,0
69.81241,1,0,0,0,0,0,0,-1,0,2.0000,-1,4,0,0,0,4,0,0,0,0
69.83974,1,0,0,0,0,0,0,-1,0,2.0000,-1,4,0,0,0,4,0,0,0,0
69.8609,1,0,0,0,0,0,0,-1,0,2.0000,-1,4,0,0,0,4,0,0,0,0
69.88498,1,0,0,0,0,0,0,-1,0,2.0000,-1,4,0,0,0,4,0,0,0,0
69.90701,1,0,0,0,0,0,0,-1,0,2.0000,-1,4,0,0,0,4,0,0,0,0
69.92937,1,0,0,0,0,0,0,-1,0,2.0000,-1,4,0,0,0,4,0,0,0,0
69.95032,1,0,0,0,0,0,0,-1,0,2.0000,-1,4,0,0,0,4,0,0,0,0
69.97099,1,0,0,0,0,0,0,-1,0,2.0000,-1,4,0,0,0,4,0,0,0,0
69.99636,1,0,0,0,0,0,0,-1,0,2.0000,-1,4,0,0,0,4,0,0,0,0
70.01948,1,0,0,0,0,0,0,-1,0,2.0000,-1,4,0,0,0,4,0,0,0,0
70.03884,1,0,0,0,0,0,0,-1,0,2.0000,-1,4,0,0,0,4,0,0,0,0
70.06136,1,0,0,0,0,0,0,-1,0,2.0000,-1,4,0,0,0,4,0,0,0,0
70.08588,1,0,0,0,0,0,0,-1,0,2.0000,-1,4,0,0,0,4,0,0,0,0
70.10882,1,0,0,0,0,0,0,-1,0,1.0000,-1,4,0,0,0,4,0,0,0,0
70.12807,1,0,0,0,0,0,0,-1,0,1.0000,-1,4,0,0,0,4,0,0,0,0
70.1506,1,0,0,0,0,0,0,-1,0,1.0000,-1,4,0,0,0,4,0,0,0,0
70.17281,1,0,0,0,0,0,0,-1,0,1.0000,-1,4,0,0,0,4,0,0,0,0
70.19244,1,0,0,0,0,0,0,-1,0,1.0000,-1,4,0,0,0,4,0,0,0,0
70.21542,1,0,0,0,0,0,0,-1,0,1.0000,-1,4,0,0,0,4,0,0,0,0
70.23637,1,0,0,0,0,0,0,-1,0,1.0000,-1,4,0,0,0,4,0,0,0,0
70.25732,1,0,0,0,0,0,0,-1,0,1.0000,-1,4,0,0,0,4,0,0,0,0
70.27972,1,0,0,0,0,0,1,11,0,1.0000,-1,4,0,0,0,4,0,0,0,0
70.30093,1,0,0,0,0,0,1,11,0,1.0000,-1,4,0,0,0,4,0,0,0,0
70.32459,1,0,0,0,0,0,1,11,0,0.0000,-1,4,0,0,0,4,0,0,0,0
70.3471,1,0,0,0,0,0,1,11,0,0.0000,-1,4,0,0,0,4,0,0,0,0
70.36867,1,0,0,0,0,0,1,11,0,0.0000,-1,4,0,0,0,4,0,0,0,0
70.41217,1,0,0,0,0,0,1,11,0,0.0000,-1,4,0,0,0,4,0,0,0,0
70.43105,1,0,0,0,0,0,1,11,0,0.0000,-1,4,0,0,0,4,0,0,0,0
70.44806,1,0,0,0,0,0,1,11,0,0.0000,-1,4,0,0,0,4,0,0,0,0
70.4631,1,0,0,0,0,0,1,11,0,0.0000,-1,4,0,0,0,4,0,0,0,0
70.48579,1,0,0,0,0,0,1,11,0,0.0000,-1,4,0,0,0,4,0,0,0,0
70.50957,1,0,0,0,0,0,1,11,0,0.0000,-1,4,0,0,0,4,0,0,0,0
70.53017,1,0,0,0,0,0,1,11,0,0.0000,-1,4,0,0,0,4,0,0,0,0
70.5518,1,0,0,0,0,0,1,11,0,0.0000,-1,4,0,0,0,4,0,0,0,0
70.57459,1,0,0,0,0,0,1,11,0,0.0000,-1,4,0,0,0,4,0,0,0,0
70.6179,1,0,0,0,0,0,1,11,0,0.0000,-1,4,0,0,0,4,0,0,0,0
70.63362,1,0,0,0,0,0,1,11,0,0.0000,-1,4,0,0,0,4,0,0,0,0
70.64972,1,0,0,0,0,0,1,11,0,0.0000,-1,4,0,0,0,4,0,0,0,0
70.66566,1,0,0,0,0,0,1,11,1,1.0000,-1,4,0,0,0,4,0,0,0,0
70.68768,1,0,0,0,0,0,1,11,0,1.0000,-1,4,0,0,0,4,0,0,0,0
70.71126,1,0,0,0,0,0,1,11,0,1.0000,-1,4,0,0,0,4,0,0,0,0
70.7311,1,0,0,0,0,0,1,11,0,1.0000,-1,4,0,0,0,4,0,0,0,0
70.75303,1,0,0,0,0,0,1,11,0,1.0000,-1,4,0,0,0,4,0,0,0,0
70.77579,1,0,0,0,0,0,1,11,0,1.0000,-1,4,0,0,0,4,0,0,0,0
70.79671,1,0,0,0,0,0,1,11,0,1.0000,-1,4,0,0,0,4,0,0,0,0
70.81876,1,0,0,0,0,0,1,11,0,1.0000,-1,4,0,0,0,4,0,0,0,0
70.83982,1,0,0,0,0,0,1,11,0,1.0000,-1,4,0,0,0,4,0,0,0,0
70.86253,1,0,0,0,0,0,1,11,0,1.0000,-1,4,0,0,0,4,0,0,0,0
70.88084,1,0,0,0,0,0,1,11,0,1.0000,-1,4,0,0,0,4,0,0,0,0
70.90244,1,0,0,0,0,0,1,11,1,2.0000,-1,4,0,0,0,4,0,0,0,0
70.92361,1,0,0,0,0,0,0,-1,0,2.0000,-1,4,0,0,0,4,0,0,0,0
70.94482,1,0,0,0,0,0,0,-1,0,2.0000,-1,4,0,0,0,4,0,0,0,0
70.97248,1,0,0,0,0,0,0,-1,0,2.0000,-1,4,0,0,0,4,0,0,0,0
70.99442,1,0,0,0,0,0,0,-1,0,2.0000,-1,4,0,0,0,4,0,0,0,0
71.01417,1,0,0,0,0,0,0,-1,0,2.0000,-1,4,0,0,0,4,0,0,0,0
71.0373,1,0,0,0,0,0,0,-1,0,2.0000,-1,4,0,0,0,4,0,0,0,0
71.06109,1,0,0,0,0,0,0,-1,0,2.0000,-1,4,0,0,0,4,0,0,0,0
71.08604,1,0,0,0,0,0,0,-1,0,2.0000,11,5,0,0,0,5,0,0,0,0
71.10776,1,0,0,0,0,0,0,-1,1,3.0000,-1,5,0,0,0,5,0,0,0,0
71.13046,1,0,0,0,0,0,0,-1,0,3.0000,-1,5,0,0,0,5,0,0,0,0
71.15399,1,0,0,0,0,0,0,-1,0,3.0000,-1,5,0,0,0,5,0,0,0,0
71.17807,1,0,0,0,0,0,0,-1,0,3.0000,-1,5,0,0,0,5,0,0,0,0
71.20034,1,0,0,0,0,0,0,-1,0,3.0000,-1,5,0,0,0,5,0,0,0,0
71.24422,1,0,0,0,0,0,0,-1,0,3.0000,-1,5,0,0,0,5,0,0,0,0
71.26034,1,0,0,0,0,0,0,-1,0,3.0000,-1,5,0,0,0,5,0,0,0,0
71.27613,1,0,0,0,0,0,0,-1,1,4.0000,-1,5,0,0,0,5,0,0,0,0
71.29594,1,0,0,0,0,0,0,-1,0,4.0000,-1,5,0,0,0,5,0,0,0,0
71.31911,1,0,0,0,0,0,0,-1,0,4.0000,-1,5,0,0,0,5,0,0,0,0
71.34236,1,0,0,0,0,0,0,-1,0,4.0000,-1,5,0,0,0,5,0,0,0,0
71.36349,1,0,0,0,0,0,0,-1,0,4.0000,-1,5,0,0,0,5,0,0,0,0
71.38634,1,0,0,0,0,0,0,-1,0,4.0000,-1,5,0,0,0,5,0,0,0,0
71.40781,1,0,0,0,0,0,0,-1,0,4.0000,-1,5,0,0,0,5,0,0,0,0
71.4325,1,0,0,0,0,0,0,-1,0,4.0000,-1,5,0,0,0,5,0,0,0,0
71.45329,1,0,0,0,0,0,0,-1,0,4.0000,-1,5,0,0,0,5,0,0,0,0
71.47499,1,0,0,0,0,0,0,-1,0,4.0000,-1,5,0,0,0,5,0,0,0,0
71.49908,1,0,0,0,0,0,0,-1,1,5.0000,-1,5,0,0,0,5,0,0,0,0
71.51842,1,0,0,0,0,0,0,-1,0,5.0000,-1,5,0,0,0,5,0,0,0,0
71.54247,1,0,0,0,0,0,0,-1,0,5.0000,-1,5,0,0,0,5,0,0,0,0
71.5656,1,0,0,0,0,0,0,-1,0,5.0000,-1,5,0,0,0,5,0,0,0,0
71.5876,1,0,0,0,0,0,0,-1,0,5.0000,-1,5,0,0,0,5,0,0,0,0
71.61218,1,0,0,0,0,0,0,-1,0,5.0000,-1,5,0,0,0,5,0,0,0,0
71.63306,1,0,0,0,0,0,0,-1,0,5.0000,-1,5,0,0,0,5,0,0,0,0
71.65565,1,0,0,0,0,0,0,-1,0,5.0000,-1,5,0,0,0,5,0,0,0,0
71.679,1,0,0,0,0,0,0,-1,0,4.0000,-1,5,0,0,0,5,0,0,0,0
71.70196,1,0,0,0,0,0,0,-1,0,4.0000,-1,5,0,0,0,5,0,0,0,0
71.72393,1,0,0,0,0,0,0,-1,0,4.0000,-1,5,0,0,0,5,0,0,0,0
71.74516,1,0,0,0,0,0,1,14,0,4.0000,-1,5,0,0,0,5,0,0,0,0
71.76852,1,0,0,0,0,0,1,14,0,4.0000,-1,5,0,0,0,5,0,0,0,0
71.78961,1,0,0,0,0,0,1,14,0,4.0000,-1,5,0,0,0,5,0,0,0,0
71.81138,1,0,0,0,0,0,1,14,0,4.0000,-1,5,0,0,0,5,0,0,0,0
71.83624,1,0,0,0,0,0,1,14,0,4.0000,-1,5,0,0,0,5,0,0,0,0
71.85677,1,0,0,0,0,0,1,14,0,4.0000,-1,5,0,0,0,5,0,0,0,0
71.87887,1,0,0,0,0,0,1,14,0,4.0000,-1,5,0,0,0,5,0,0,0,0
71.90138,1,0,0,0,0,0,1,14,0,4.0000,-1,5,0,0,0,5,0,0,0,0
71.92503,1,0,0,0,0,0,1,14,0,3.0000,-1,5,0,0,0,5,0,0,0,0
71.94597,1,0,0,0,0,0,1,14,0,3.0000,-1,5,0,0,0,5,0,0,0,0
71.97009,1,0,0,0,0,0,1,14,0,3.0000,-1,5,0,0,0,5,0,0,0,0
71.99034,1,0,0,0,0,0,1,14,1,4.0000,-1,5,0,0,0,5,0,0,0,0
72.01595,1,0,0,0,0,0,1,14,0,4.0000,-1,5,0,0,0,5,0,0,0,0
72.03744,1,0,0,0,0,0,1,14,0,4.0000,-1,5,0,0,0,5,0,0,0,0
72.06089,1,0,0,0,0,0,1,14,0,4.0000,-1,5,0,0,0,5,0,0,0,0
72.08607,1,0,0,0,0,0,1,14,0,4.0000,-1,5,0,0,0,5,0,0,0,0
72.10856,1,0,0,0,0,0,1,14,0,3.0000,-1,5,0,0,0,5,0,0,0,0
72.1311,1,0,0,0,0,0,1,14,0,3.0000,-1,5,0,0,0,5,0,0,0,0
72.15491,1,0,0,0,0,0,0,-1,0,3.0000,-1,5,0,0,0,5,0,0,0,0
72.17707,1,0,0,0,0,0,0,-1,1,4.0000,-1,5,0,0,0,5,0,0,0,0
72.19658,1,0,0,0,0,0,0,-1,0,4.0000,-1,5,0,0,0,5,0,0,0,0
72.21873,1,0,0,0,0,0,0,-1,0,4.0000,-1,5,0,0,0,5,0,0,0,0
72.24306,1,0,0,0,0,0,0,-1,0,4.0000,-1,5,0,0,0,5,0,0,0,0
72.26682,1,0,0,0,0,0,0,-1,0,4.0000,-1,5,0,0,0,5,0,0,0,0
72.2877,1,0,0,0,0,0,0,-1,0,3.0000,-1,5,0,0,0,5,0,0,0,0
72.3094,1,0,0,0,0,0,0,-1,0,3.0000,-1,5,0,0,0,5,0,0,0,0
72.33301,1,0,0,0,0,0,0,-1,0,3.0000,-1,5,0,0,0,5,0,0,0,0
72.35358,1,0,0,0,0,0,0,-1,0,3.0000,-1,5,0,0,0,5,0,0,0,0
72.37578,1,0,0,0,0,0,0,-1,0,3.0000,-1,5,0,0,0,5,0,0,0,0
72.39838,1,0,0,0,0,0,0,-1,0,3.0000,-1,5,0,0,0,5,0,0,0,0
72.4195,1,0,0,0,0,0,0,-1,0,3.0000,-1,5,0,0,0,5,0,0,0,0
72.44123,1,0,0,0,0,0,0,-1,1,4.0000,-1,5,0,0,0,5,0,0,0,0
72.46426,1,0,0,0,0,0,0,-1,0,4.0000,-1,5,0,0,0,5,0,0,0,0
72.50447,1,0,0,0,0,0,0,-1,0,3.0000,-1,5,0,0,0,5,0,0,0,0
72.52102,1,0,0,0,0,0,0,-1,0,3.0000,-1,5,0,0,0,5,0,0,0,0
72.5379,1,0,0,0,0,0,0,-1,0,3.0000,-1,5,0,0,0,5,0,0,0,0
72.55649,1,0,0,0,0,0,0,-1,0,3.0000,-1,5,0,0,0,5,0,0,0,0
72.57807,1,0,0,0,0,0,0,-1,0,3.0000,-1,5,0,0,0,5,0,0,0,0
72.60069,1,0,0,0,0,0,0,-1,0,3.0000,-1,5,0,0,0,5,0,0,0,0
72.62396,1,0,0,0,0,0,0,-1,0,3.0000,-1,5,0,0,0,5,0,0,0,0
72.64548,1,0,0,0,0,0,0,-1,0,3.0000,-1,5,0,0,0,5,0,0,0,0
72.66676,1,0,0,0,0,0,0,-1,0,3.0000,-1,5,0,0,0,5,0,0,0,0
72.68938,1,0,0,0,0,0,0,-1,0,3.0000,-1,5,0,0,0,5,0,0,0,0
72.71197,1,0,0,0,0,0,0,-1,0,3.0000,-1,5,0,0,0,5,0,0,0,0
72.73285,1,0,0,0,0,0,0,-1,0,3.0000,-1,5,0,0,0,5,0,0,0,0
72.75611,1,0,0,0,0,0,0,-1,0,3.0000,-1,5,0,0,0,5,0,0,0,0
72.77859,1,0,0,0,0,0,0,-1,0,3.0000,-1,5,0,0,0,5,0,0,0,0
72.8006,1,0,0,0,0,0,0,-1,0,3.0000,-1,5,0,0,0,5,0,0,0,0
72.82237,1,0,0,0,0,0,1,16,0,3.0000,-1,5,0,0,0,5,0,0,0,0
72.84499,1,0,0,0,0,0,1,16,0,3.0000,-1,5,0,0,0,5,0,0,0,0
72.86787,1,0,0,0,0,0,1,16,0,3.0000,-1,5,0,0,0,5,0,0,0,0
72.88903,1,0,0,0,0,0,1,16,0,3.0000,-1,5,0,0,0,5,0,0,0,0
72.91066,1,0,0,0,0,0,1,16,0,3.0000,-1,5,0,0,0,5,0,0,0,0
72.9329,1,0,0,0,0,0,1,16,0,3.0000,-1,5,0,0,0,5,0,0,0,0
72.95563,1,0,0,0,0,0,1,16,0,3.0000,-1,5,0,0,0,5,0,0,0,0
72.97832,1,0,0,0,0,0,1,16,0,3.0000,-1,5,0,0,0,5,0,0,0,0
72.99941,1,0,0,0,0,0,1,16,0,2.0000,-1,5,0,0,0,5,0,0,0,0
73.02449,1,0,0,0,0,0,1,16,0,2.0000,-1,5,0,0,0,5,0,0,0,0
73.04394,1,0,0,0,0,0,1,16,0,2.0000,-1,5,0,0,0,5,0,0,0,0
73.06519,1,0,0,0,0,0,1,16,0,2.0000,-1,5,0,0,0,5,0,0,0,0
73.0865,1,0,0,0,0,0,1,16,0,2.0000,-1,5,0,0,0,5,0,0,0,0
73.1087,1,0,0,0,0,0,1,16,0,2.0000,-1,5,0,0,0,5,0,0,0,0
73.13097,1,0,0,0,0,0,1,16,0,2.0000,-1,5,0,0,0,5,0,0,0,0
73.15192,1,0,0,0,0,0,1,16,0,2.0000,-1,5,0,0,0,5,0,0,0,0
73.17317,1,0,0,0,0,0,1,16,0,2.0000,-1,5,0,0,0,5,0,0,0,0
73.19917,1,0,0,0,0,0,1,16,0,1.0000,-1,5,0,0,0,5,0,0,0,0
73.22007,1,0,0,0,0,0,1,16,0,1.0000,-1,5,0,0,0,5,0,0,0,0
73.23976,1,0,0,0,0,0,1,16,0,1.0000,-1,5,0,0,0,5,0,0,0,0
73.2613,1,0,0,0,0,0,1,16,0,1.0000,-1,5,0,0,0,5,0,0,0,0
73.28068,1,0,0,0,0,0,1,16,0,1.0000,-1,5,0,0,0,5,0,0,0,0
73.30189,1,0,0,0,0,0,1,16,0,1.0000,-1,5,0,0,0,5,0,0,0,0
73.32314,1,0,0,0,0,0,1,16,0,1.0000,-1,5,0,0,0,5,0,0,0,0
73.34716,1,0,0,0,0,0,1,16,0,1.0000,-1,5,0,0,0,5,0,0,0,0
73.36505,1,0,0,0,0,0,1,16,0,1.0000,-1,5,0,0,0,5,0,0,0,0
73.38778,1,0,0,0,0,0,1,16,0,1.0000,-1,5,0,0,0,5,0,0,0,0
73.40811,1,0,0,0,0,0,1,16,0,1.0000,-1,5,0,0,0,5,0,0,0,0
73.43015,1,0,0,0,0,0,1,16,0,1.0000,-1,5,0,0,0,5,0,0,0,0
73.4542,1,0,0,0,0,0,1,16,1,1.0000,-1,5,0,0,0,5,0,0,0,0
73.47432,1,0,0,0,0,0,0,-1,0,1.0000,-1,5,0,0,0,5,0,0,0,0
73.4957,1,0,0,0,0,0,0,-1,0,1.0000,-1,5,0,0,0,5,0,0,0,0
73.5158,1,0,0,0,0,0,0,-1,0,1.0000,-1,5,0,0,0,5,0,0,0,0
73.55425,1,0,0,0,0,0,0,-1,0,1.0000,-1,5,0,0,0,5,0,0,0,0
73.56992,1,0,0,0,0,0,1,12,0,1.0000,-1,5,0,0,0,5,0,0,0,0
73.5862,1,0,0,0,0,0,1,12,0,1.0000,-1,5,0,0,0,5,0,0,0,0
73.60701,1,0,0,0,0,0,1,12,0,1.0000,-1,5,0,0,0,5,0,0,0,0
73.62965,1,0,0,0,0,0,0,-1,0,1.0000,-1,5,0,0,0,5,0,0,0,0
73.64863,1,0,0,0,0,0,0,-1,0,1.0000,-1,5,0,0,0,5,0,0,0,0
73.66981,1,0,0,0,0,0,0,-1,0,1.0000,-1,5,0,0,0,5,0,0,0,0
73.69247,1,0,0,0,0,0,0,-1,0,1.0000,-1,5,0,0,0,5,0,0,0,0
73.71281,1,0,0,0,0,0,0,-1,0,1.0000,-1,5,0,0,0,5,0,0,0,0
73.73402,1,0,0,0,0,0,0,-1,0,1.0000,-1,5,0,0,0,5,0,0,0,0
73.77313,1,0,0,0,0,0,0,-1,0,1.0000,-1,5,0,0,0,5,0,0,0,0
73.7852,1,0,0,0,0,0,0,-1,0,1.0000,-1,5,0,0,0,5,0,0,0,0
73.79971,1,0,0,0,0,0,0,-1,0,1.0000,-1,5,0,0,0,5,0,0,0,0
73.82263,1,0,0,0,0,0,0,-1,0,1.0000,-1,5,0,0,0,5,0,0,0,0
73.84503,1,0,0,0,0,0,0,-1,0,1.0000,-1,5,0,0,0,5,0,0,0,0
73.86669,1,0,0,0,0,0,0,-1,0,1.0000,-1,5,0,0,0,5,0,0,0,0
73.88703,1,0,0,0,0,0,0,-1,0,1.0000,-1,5,0,0,0,5,0,0,0,0
73.90725,1,0,0,0,0,0,0,-1,0,1.0000,-1,5,0,0,0,5,0,0,0,0
73.9285,1,0,0,0,0,0,0,-1,0,1.0000,-1,5,0,0,0,5,0,0,0,0
73.95094,1,0,0,0,0,0,0,-1,0,1.0000,-1,5,0,0,0,5,0,0,0,0
73.9923,1,0,0,0,0,0,0,-1,0,1.0000,-1,5,0,0,0,5,0,0,0,0
74.00747,1,0,0,0,0,0,0,-1,0,1.0000,-1,5,0,0,0,5,0,0,0,0
74.02134,1,0,0,0,0,0,0,-1,0,1.0000,-1,5,0,0,0,5,0,0,0,0
74.03749,1,0,0,0,0,0,0,-1,0,1.0000,-1,5,0,0,0,5,0,0,0,0
74.064,1,0,0,0,0,0,0,-1,0,1.0000,-1,5,0,0,0,5,0,0,0,0
74.08345,1,0,0,0,0,0,0,-1,0,1.0000,-1,5,0,0,0,5,0,0,0,0
74.10339,1,0,0,0,0,0,0,-1,1,2.0000,-1,5,0,0,0,5,0,0,0,0
74.12434,1,0,0,0,0,0,0,-1,0,2.0000,-1,5,0,0,0,5,0,0,0,0
74.14359,1,0,0,0,0,0,0,-1,0,2.0000,-1,5,0,0,0,5,0,0,0,0
74.16479,1,0,0,0,0,0,0,-1,0,2.0000,-1,5,0,0,0,5,0,0,0,0
74.20419,1,0,0,0,0,0,0,-1,0,2.0000,-1,5,0,0,0,5,0,0,0,0
74.22059,1,0,0,0,0,0,0,-1,0,2.0000,-1,5,0,0,0,5,0,0,0,0
74.23513,1,0,0,0,0,0,0,-1,0,2.0000,-1,5,0,0,0,5,0,0,0,0
74.24956,1,0,0,0,0,0,0,-1,0,2.0000,-1,5,0,0,0,5,0,0,0,0
74.27229,1,0,0,0,0,0,0,-1,0,2.0000,-1,5,0,0,0,5,0,0,0,0
74.29736,1,0,0,0,0,0,0,-1,0,2.0000,-1,5,0,0,0,5,0,0,0,0
74.31675,1,0,0,0,0,0,0,-1,0,2.0000,-1,5,0,0,0,5,0,0,0,0
74.33743,1,0,0,0,0,0,0,-1,0,2.0000,-1,5,0,0,0,5,0,0,0,0
74.35706,1,0,0,0,0,0,0,-1,0,2.0000,-1,5,0,0,0,5,0,0,0,0
74.37563,1,0,0,0,0,0,0,-1,0,2.0000,-1,5,0,0,0,5,0,0,0,0
74.39745,1,0,0,0,0,0,0,-1,0,2.0000,-1,5,0,0,0,5,0,0,0,0
74.4178,1,0,0,0,0,0,0,-1,0,2.0000,-1,5,0,0,0,5,0,0,0,0
74.43921,1,0,0,0,0,0,0,-1,0,2.0000,-1,5,0,0,0,5,0,0,0,0
74.46261,1,0,0,0,0,0,0,-1,0,1.0000,-1,5,0,0,0,5,0,0,0,0
74.48296,1,0,0,0,0,0,0,-1,0,1.0000,-1,5,0,0,0,5,0,0,0,0
74.50274,1,0,0,0,0,0,0,-1,0,1.0000,-1,5,0,0,0,5,0,0,0,0
74.52568,1,0,0,0,0,0,0,-1,0,1.0000,-1,5,0,0,0,5,0,0,0,0
74.54458,1,0,0,0,0,0,0,-1,0,1.0000,-1,5,0,0,0,5,0,0,0,0
74.56342,1,0,0,0,0,0,0,-1,0,1.0000,-1,5,0,0,0,5,0,0,0,0
74.58687,1,0,0,0,0,0,0,-1,0,1.0000,-1,5,0,0,0,5,0,0,0,0
74.60574,1,0,0,0,0,0,0,-1,0,1.0000,-1,5,0,0,0,5,0,0,0,0
74.6285,1,0,0,0,0,0,0,-1,0,1.0000,-1,5,0,0,0,5,0,0,0,0
74.65105,1,0,0,0,0,0,0,-1,0,1.0000,-1,5,0,0,0,5,0,0,0,0
74.67055,1,0,0,0,0,0,0,-1,0,1.0000,-1,5,0,0,0,5,0,0,0,0
74.69143,1,0,0,0,0,0,0,-1,0,1.0000,-1,5,0,0,0,5,0,0,0,0
74.70898,1,0,0,0,0,0,0,-1,0,1.0000,-1,5,0,0,0,5,0,0,0,0
74.72987,1,0,0,0,0,0,0,-1,0,1.0000,-1,5,0,0,0,5,0,0,0,0
74.75205,1,0,0,0,0,0,0,-1,0,1.0000,-1,5,0,0,0,5,0,0,0,0
74.7729,1,0,0,0,0,0,0,-1,0,1.0000,-1,5,0,0,0,5,0,0,0,0
74.79378,1,0,0,0,0,0,0,-1,0,1.0000,-1,5,0,0,0,5,0,0,0,0
74.81447,1,0,0,0,0,0,0,-1,0,1.0000,-1,5,0,0,0,5,0,0,0,0
74.83599,1,0,0,0,0,0,0,-1,0,1.0000,-1,5,0,0,0,5,0,0,0,0
74.85374,1,0,0,0,0,0,0,-1,0,1.0000,-1,5,0,0,0,5,0,0,0,0
74.87537,1,0,0,0,0,0,0,-1,0,1.0000,-1,5,0,0,0,5,0,0,0,0
74.89541,1,0,0,0,0,0,0,-1,0,1.0000,-1,5,0,0,0,5,0,0,0,0
74.91673,1,0,0,0,0,0,0,-1,0,1.0000,-1,5,0,0,0,5,0,0,0,0
74.9369,1,0,0,0,0,0,0,-1,0,1.0000,-1,5,0,0,0,5,0,0,0,0
74.95698,1,0,0,0,0,0,0,-1,0,1.0000,-1,5,0,0,0,5,0,0,0,0
74.97786,1,0,0,0,0,0,0,-1,0,1.0000,-1,5,0,0,0,5,0,0,0,0
74.99796,1,0,0,0,0,0,0,-1,0,1.0000,-1,5,0,0,0,5,0,0,0,0
75.01675,1,0,0,0,0,0,0,-1,0,1.0000,-1,5,0,0,0,5,0,0,0,0
75.03908,1,0,0,0,0,0,0,-1,0,1.0000,-1,5,0,0,0,5,0,0,0,0
75.0583,1,0,0,0,0,0,0,-1,0,1.0000,-1,5,0,0,0,5,0,0,0,0
75.08044,1,0,0,0,0,0,0,-1,0,1.0000,-1,5,0,0,0,5,0,0,0,0
75.09929,1,0,0,0,0,0,0,-1,0,1.0000,-1,5,0,0,0,5,0,0,0,0
75.11929,1,0,0,0,0,0,0,-1,0,0.0000,-1,5,0,0,0,5,0,0,0,0
75.14074,1,0,0,0,0,0,0,-1,0,0.0000,-1,5,0,0,0,5,0,0,0,0
75.16156,1,0,0,0,0,0,0,-1,1,1.0000,-1,5,0,0,0,5,0,0,0,0
75.18256,1,0,0,0,0,0,0,-1,0,1.0000,-1,5,0,0,0,5,0,0,0,0
75.20348,1,0,0,0,0,0,0,-1,0,1.0000,-1,5,0,0,0,5,0,0,0,0
75.22353,1,0,0,0,0,0,0,-1,0,1.0000,-1,5,0,0,0,5,0,0,0,0
75.2431,1,0,0,0,0,0,0,-1,0,1.0000,-1,5,0,0,0,5,0,0,0,0
75.26296,1,0,0,0,0,0,0,-1,0,1.0000,-1,5,0,0,0,5,0,0,0,0
75.28355,1,0,0,0,0,0,0,-1,0,1.0000,-1,5,0,0,0,5,0,0,0,0
75.30613,1,0,0,0,0,0,0,-1,0,1.0000,-1,5,0,0,0,5,0,0,0,0
75.32542,1,0,0,0,0,0,0,-1,0,1.0000,-1,5,0,0,0,5,0,0,0,0
75.3471,1,0,0,0,0,0,0,-1,0,1.0000,-1,5,0,0,0,5,0,0,0,0
75.36678,1,0,0,0,0,0,0,-1,0,1.0000,-1,5,0,0,0,5,0,0,0,0
75.38576,1,0,0,0,0,0,0,-1,0,1.0000,-1,5,0,0,0,5,0,0,0,0
75.40567,1,0,0,0,0,0,0,-1,0,1.0000,-1,5,0,0,0,5,0,0,0,0
75.42783,1,0,0,0,0,0,0,-1,0,1.0000,-1,5,0,0,0,5,0,0,0,0
75.448,1,0,0,0,0,0,0,-1,0,1.0000,-1,5,0,0,0,5,0,0,0,0
75.46912,1,0,0,0,0,0,0,-1,0,1.0000,-1,5,0,0,0,5,0,0,0,0
75.48589,1,0,0,0,0,0,0,-1,0,1.0000,-1,5,0,0,0,5,0,0,0,0
75.50764,1,0,0,0,0,0,0,-1,0,1.0000,-1,5,0,0,0,5,0,0,0,0
75.52713,1,0,0,0,0,0,0,-1,0,1.0000,-1,5,0,0,0,5,0,0,0,0
75.54897,1,0,0,0,0,0,0,-1,0,1.0000,-1,5,0,0,0,5,0,0,0,0
75.57214,1,0,0,0,0,0,0,-1,0,1.0000,-1,5,0,0,0,5,0,0,0,0
75.58716,1,0,0,0,0,0,0,-1,0,1.0000,-1,5,0,0,0,5,0,0,0,0
75.6082,1,0,0,0,0,0,0,-1,0,1.0000,-1,5,0,0,0,5,0,0,0,0
75.64735,1,0,0,0,0,0,0,-1,0,1.0000,-1,5,0,0,0,5,0,0,0,0
75.66225,1,0,0,0,0,0,0,-1,0,1.0000,-1,5,0,0,0,5,0,0,0,0
75.6776,1,0,0,0,0,0,0,-1,0,1.0000,-1,5,0,0,0,5,0,0,0,0
75.69233,1,0,0,0,0,0,0,-1,0,1.0000,-1,5,0,0,0,5,0,0,0,0
75.71752,1,0,0,0,0,0,0,-1,0,1.0000,-1,5,0,0,0,5,0,0,0,0
75.73646,1,0,0,0,0,0,0,-1,0,1.0000,-1,5,0,0,0,5,0,0,0,0
75.75571,1,0,0,0,0,0,0,-1,0,1.0000,-1,5,0,0,0,5,0,0,0,0
75.77422,1,0,0,0,0,0,0,-1,0,1.0000,-1,5,0,0,0,5,0,0,0,0
75.79428,1,0,0,0,0,0,0,-1,0,1.0000,-1,5,0,0,0,5,0,0,0,0
75.81703,1,0,0,0,0,0,0,-1,0,1.0000,-1,5,0,0,0,5,0,0,0,0
75.83659,1,0,0,0,0,0,0,-1,0,1.0000,-1,5,0,0,0,5,0,0,0,0
75.85674,1,0,0,0,0,0,0,-1,0,1.0000,-1,5,0,0,0,5,0,0,0,0
75.8744,1,0,0,0,0,0,0,-1,0,1.0000,-1,5,0,0,0,5,0,0,0,0
75.89483,1,0,0,0,0,0,0,-1,0,1.0000,-1,5,0,0,0,5,0,0,0,0
75.91578,1,0,0,0,0,0,0,-1,0,1.0000,-1,5,0,0,0,5,0,0,0,0
75.93849,1,0,0,0,0,0,0,-1,0,1.0000,-1,5,0,0,0,5,0,0,0,0
75.95714,1,0,0,0,0,0,0,-1,0,1.0000,-1,5,0,0,0,5,0,0,0,0
75.97472,1,0,0,0,0,0,0,-1,0,1.0000,-1,5,0,0,0,5,0,0,0,0
75.99429,1,0,0,0,0,0,0,-1,0,1.0000,-1,5,0,0,0,5,0,0,0,0
76.01646,1,0,0,0,0,0,0,-1,0,1.0000,-1,5,0,0,0,5,0,0,0,0
76.03674,1,0,0,0,0,0,0,-1,0,1.0000,-1,5,0,0,0,5,0,0,0,0
76.05737,1,0,0,0,0,0,0,-1,0,1.0000,-1,5,0,0,0,5,0,0,0,0
76.07426,1,0,0,0,0,0,0,-1,0,1.0000,-1,5,0,0,0,5,0,0,0,0
76.09421,1,0,0,0,0,0,0,-1,0,1.0000,-1,5,0,0,0,5,0,0,0,0
76.11809,1,0,0,0,0,0,0,-1,0,1.0000,-1,5,0,0,0,5,0,0,0,0
76.13734,1,0,0,0,0,0,0,-1,0,1.0000,-1,5,0,0,0,5,0,0,0,0
76.15805,1,0,0,0,0,0,0,-1,0,1.0000,-1,5,0,0,0,5,0,0,0,0
76.17484,1,0,0,0,0,0,0,-1,0,0.0000,-1,5,0,0,0,5,0,0,0,0
76.19687,1,0,0,0,0,0,0,-1,0,0.0000,-1,5,0,0,0,5,0,0,0,0
76.21578,1,0,0,0,0,0,0,-1,0,0.0000,-1,5,0,0,0,5,0,0,0,0
76.23722,1,0,0,0,0,0,0,-1,0,0.0000,-1,5,0,0,0,5,0,0,0,0
76.25617,1,0,0,0,0,0,0,-1,0,0.0000,-1,5,0,0,0,5,0,0,0,0
76.27703,1,0,0,0,0,0,0,-1,0,0.0000,-1,5,0,0,0,5,0,0,0,0
76.29547,1,0,0,1,0,0,0,-1,0,0.0000,-1,5,0,0,0,5,0,0,0,0
76.31613,1,0,0,1,0,0,0,-1,0,0.0000,-1,5,0,0,0,5,0,0,0,0
76.3369,1,0,0,1,0,0,0,-1,0,0.0000,-1,5,0,0,0,5,0,0,0,0
76.35816,1,0,0,1,0,0,0,-1,0,0.0000,-1,5,0,0,0,5,0,0,0,0
76.37759,1,0,0,1,0,0,0,-1,0,0.0000,-1,5,0,0,0,5,0,0,0,0
76.39521,1,0,0,1,0,0,0,-1,0,0.0000,-1,5,0,0,0,5,0,0,0,0
76.41747,1,0,0,1,0,0,0,-1,0,0.0000,-1,5,0,0,0,5,0,0,0,0
76.43797,1,0,0,1,0,0,0,-1,0,0.0000,-1,5,0,0,0,5,0,0,0,0
76.47864,1,0,0,1,0,0,0,-1,0,0.0000,-1,5,0,0,0,5,0,0,0,0
76.49347,1,0,0,1,0,0,0,-1,0,0.0000,-1,5,0,0,0,5,0,0,0,0
76.5087,1,0,0,1,0,0,1,20,0,0.0000,-1,5,0,0,0,5,0,0,0,0
76.52975,1,0,0,1,0,0,1,20,1,1.0000,-1,5,0,0,0,5,0,0,0,0
76.54681,1,0,0,1,0,0,1,19,0,1.0000,-1,5,0,0,0,5,0,0,0,0
76.56518,1,0,0,1,0,0,1,19,0,1.0000,-1,5,0,0,0,5,0,0,0,0
76.58609,1,0,0,1,0,0,1,19,0,1.0000,-1,5,0,0,0,5,0,0,0,0
76.60733,1,0,0,1,0,0,1,20,0,1.0000,-1,5,0,0,0,5,0,0,0,0
76.63026,1,0,0,1,0,0,1,20,0,1.0000,-1,5,0,0,0,5,0,0,0,0
76.65021,1,0,0,1,0,0,1,20,0,1.0000,-1,5,0,0,0,5,0,0,0,0
76.67158,1,0,0,1,0,0,1,20,0,1.0000,-1,5,0,0,0,5,0,0,0,0
76.69493,1,0,0,1,0,0,1,20,0,1.0000,-1,5,0,0,0,5,0,0,0,0
76.71447,1,0,0,1,0,0,1,20,0,1.0000,-1,5,0,0,0,5,0,0,0,0
76.73696,1,0,0,1,0,0,1,20,0,1.0000,-1,5,0,0,0,5,0,0,0,0
76.7563,1,0,0,1,0,0,1,20,0,1.0000,-1,5,0,0,0,5,0,0,0,0
76.77632,1,0,0,1,0,0,1,20,0,1.0000,-1,5,0,0,0,5,0,0,0,0
76.80254,1,0,0,1,0,0,1,20,0,1.0000,-1,5,0,0,0,5,0,0,0,0
76.82116,1,0,0,1,0,0,1,20,0,1.0000,-1,5,0,0,0,5,0,0,0,0
76.84595,1,0,0,1,0,0,1,20,0,1.0000,-1,5,0,0,0,5,0,0,0,0
76.86961,1,0,0,1,0,0,1,20,0,1.0000,-1,5,0,0,0,5,0,0,0,0
76.89078,1,0,0,1,0,0,1,20,1,2.0000,-1,5,0,0,0,5,0,0,0,0
76.9118,1,0,0,1,0,0,1,20,0,2.0000,-1,5,0,0,0,5,0,0,0,0
76.93341,1,0,0,1,0,0,1,20,0,2.0000,-1,5,0,0,0,5,0,0,0,0
76.95291,1,0,0,1,0,0,1,20,0,2.0000,-1,5,0,0,0,5,0,0,0,0
76.97671,1,0,0,1,0,0,1,20,0,2.0000,-1,5,0,0,0,5,0,0,0,0
76.99815,1,0,0,1,0,0,1,20,0,2.0000,-1,5,0,0,0,5,0,0,0,0
77.01709,1,0,0,1,0,0,1,20,0,2.0000,-1,5,0,0,0,5,0,0,0,0
77.03893,1,0,0,1,0,0,1,20,0,2.0000,-1,5,0,0,0,5,0,0,0,0
77.06256,1,0,0,1,0,0,1,20,0,2.0000,-1,5,0,0,0,5,0,0,0,0
77.08262,1,0,0,1,1,0,1,20,0,2.0000,-1,5,0,0,0,5,0,0,0,0
77.1043,1,0,0,1,1,0,1,20,1,3.0000,-1,5,0,0,0,5,0,0,0,0
77.12279,1,0,0,1,1,0,1,20,0,3.0000,-1,5,0,0,0,5,0,0,0,0
77.14185,1,0,0,1,1,0,0,-1,1,4.0000,20,6,0,0,0,6,0,0,0,0
77.16229,1,0,0,1,1,0,0,-1,0,4.0000,-1,6,0,0,0,6,0,0,0,0
77.18227,1,0,0,0,1,0,0,-1,0,4.0000,-1,6,0,0,0,6,0,0,0,0
77.2061,1,0,0,0,1,0,0,-1,0,4.0000,-1,6,0,0,0,6,0,0,0,0
77.22705,1,0,0,0,1,0,0,-1,0,4.0000,-1,6,0,0,0,6,0,0,0,0
77.24689,1,0,0,0,1,0,0,-1,0,4.0000,-1,6,0,0,0,6,0,0,0,0
77.26778,1,0,0,0,1,0,0,-1,0,4.0000,-1,6,0,0,0,6,0,0,0,0
77.28888,1,0,0,0,1,0,0,-1,0,4.0000,-1,6,0,0,0,6,0,0,0,0
77.32944,1,0,0,0,1,0,0,-1,0,4.0000,-1,6,0,0,0,6,0,0,0,0
77.34791,1,0,0,0,1,0,0,-1,0,4.0000,-1,6,0,0,0,6,0,0,0,0
77.36897,1,0,0,0,1,0,0,-1,0,4.0000,-1,6,0,0,0,6,0,0,0,0
77.3871,1,0,0,0,1,0,0,-1,0,4.0000,-1,6,0,0,0,6,0,0,0,0
77.40517,1,0,0,0,1,0,0,-1,0,4.0000,-1,6,0,0,0,6,0,0,0,0
77.42112,1,0,0,0,1,0,0,-1,0,4.0000,-1,6,0,0,0,6,0,0,0,0
77.441,1,0,0,0,1,0,0,-1,0,4.0000,-1,6,0,0,0,6,0,0,0,0
77.46513,1,0,0,0,1,0,0,-1,0,4.0000,-1,6,0,0,0,6,0,0,0,0
77.48553,1,0,0,0,1,0,0,-1,0,4.0000,-1,6,0,0,0,6,0,0,0,0
77.50887,1,0,0,0,1,0,0,-1,0,4.0000,-1,6,0,0,0,6,0,0,0,0
77.55066,1,0,0,0,1,0,0,-1,0,3.0000,-1,6,0,0,0,6,0,0,0,0
77.56758,1,0,0,0,1,0,0,-1,0,3.0000,-1,6,0,0,0,6,0,0,0,0
77.5835,1,0,0,0,1,0,0,-1,0,3.0000,-1,6,0,0,0,6,0,0,0,0
77.60043,1,0,0,0,1,0,0,-1,0,3.0000,-1,6,0,0,0,6,0,0,0,0
77.62116,1,0,0,0,1,0,0,-1,0,3.0000,-1,6,0,0,0,6,0,0,0,0
77.64307,1,0,0,0,1,0,0,-1,0,3.0000,-1,6,0,0,0,6,0,0,0,0
77.66462,1,0,0,0,1,0,0,-1,0,3.0000,-1,6,0,0,0,6,0,0,0,0
77.68778,1,0,0,0,1,0,0,-1,0,3.0000,-1,6,0,0,0,6,0,0,0,0
77.71336,1,0,0,0,1,0,0,-1,0,3.0000,-1,6,0,0,0,6,0,0,0,0
77.73486,1,0,0,0,0,0,0,-1,0,3.0000,-1,6,0,0,0,6,0,0,0,0
77.75776,1,0,0,0,0,0,1,22,0,3.0000,-1,6,0,0,0,6,0,0,0,0
77.7782,1,0,0,0,0,0,1,22,0,3.0000,-1,6,0,0,0,6,0,0,0,0
77.79926,1,0,0,0,0,0,1,22,0,3.0000,-1,6,0,0,0,6,0,0,0,0
77.81699,1,0,0,0,0,0,1,22,0,3.0000,-1,6,0,0,0,6,0,0,0,0
77.84171,1,0,0,0,0,0,1,22,0,3.0000,-1,6,0,0,0,6,0,0,0,0
77.86708,1,0,0,0,0,0,1,22,0,3.0000,-1,6,0,0,0,6,0,0,0,0
77.88558,1,0,0,0,0,0,1,22,0,3.0000,-1,6,0,0,0,6,0,0,0,0
77.90994,1,0,0,0,0,0,1,22,0,2.0000,-1,6,0,0,0,6,0,0,0,0
77.93027,1,0,0,0,0,0,1,22,0,2.0000,-1,6,0,0,0,6,0,0,0,0
77.97662,1,0,0,0,0,0,1,22,0,2.0000,-1,6,0,0,0,6,0,0,0,0
77.99149,1,0,0,0,0,0,1,22,0,2.0000,-1,6,0,0,0,6,0,0,0,0
78.00498,1,0,0,0,0,0,1,22,0,2.0000,-1,6,0,0,0,6,0,0,0,0
78.02586,1,0,0,0,0,0,1,22,0,2.0000,-1,6,0,0,0,6,0,0,0,0
78.04926,1,0,0,0,0,0,1,22,0,2.0000,-1,6,0,0,0,6,0,0,0,0
78.07104,1,0,0,0,0,0,1,22,0,2.0000,-1,6,0,0,0,6,0,0,0,0
78.09196,1,0,0,0,0,0,1,22,0,2.0000,-1,6,0,0,0,6,0,0,0,0
78.11131,1,0,0,0,0,0,1,22,1,2.0000,-1,6,0,0,0,6,0,0,0,0
78.13611,1,0,0,0,0,0,1,22,0,2.0000,-1,6,0,0,0,6,0,0,0,0
78.15771,1,0,0,0,0,0,1,22,0,1.0000,-1,6,0,0,0,6,0,0,0,0
78.17999,1,0,0,0,0,0,1,22,0,1.0000,-1,6,0,0,0,6,0,0,0,0
78.20311,1,0,0,0,0,0,1,22,0,1.0000,-1,6,0,0,0,6,0,0,0,0
78.22398,1,0,0,0,0,0,1,22,0,1.0000,-1,6,0,0,0,6,0,0,0,0
78.24689,1,0,0,0,0,0,1,22,0,1.0000,-1,6,0,0,0,6,0,0,0,0
78.26891,1,0,0,0,0,0,1,22,0,1.0000,-1,6,0,0,0,6,0,0,0,0
78.2915,1,0,0,0,0,0,1,22,0,1.0000,-1,6,0,0,0,6,0,0,0,0
78.31403,1,0,0,0,0,0,0,-1,0,1.0000,22,7,0,0,0,7,0,0,0,0
78.33363,1,0,0,0,0,0,0,-1,0,1.0000,-1,7,0,0,0,7,0,0,0,0
78.35814,1,0,0,0,0,0,0,-1,0,1.0000,-1,7,0,0,0,7,0,0,0,0
78.40002,1,0,0,0,0,0,0,-1,0,1.0000,-1,7,0,0,0,7,0,0,0,0
78.41831,1,0,0,0,0,0,0,-1,0,1.0000,-1,7,0,0,0,7,0,0,0,0
78.43138,1,0,0,0,0,0,0,-1,0,1.0000,-1,7,0,0,0,7,0,0,0,0
78.45181,1,0,0,0,0,0,0,-1,0,1.0000,-1,7,0,0,0,7,0,0,0,0
78.47618,1,0,0,0,0,0,0,-1,0,1.0000,-1,7,0,0,0,7,0,0,0,0
78.49836,1,0,0,0,0,0,0,-1,0,1.0000,-1,7,0,0,0,7,0,0,0,0
78.52095,1,0,0,0,0,0,0,-1,0,1.0000,-1,7,0,0,0,7,0,0,0,0
78.54382,1,0,0,0,0,0,0,-1,0,1.0000,-1,7,0,0,0,7,0,0,0,0
78.56433,1,0,0,0,0,0,0,-1,0,1.0000,-1,7,0,0,0,7,0,0,0,0
78.58563,1,0,0,0,0,0,0,-1,0,1.0000,-1,7,0,0,0,7,0,0,0,0
78.60993,1,0,0,0,0,0,0,-1,0,1.0000,-1,7,0,0,0,7,0,0,0,0
78.63125,1,0,0,0,0,0,0,-1,0,1.0000,-1,7,0,0,0,7,0,0,0,0
78.65457,1,0,0,0,0,0,0,-1,0,1.0000,-1,7,0,0,0,7,0,0,0,0
78.67581,1,0,0,0,0,0,0,-1,0,1.0000,-1,7,0,0,0,7,0,0,0,0
78.69508,1,0,0,0,0,0,0,-1,0,1.0000,-1,7,0,0,0,7,0,0,0,0
78.7164,1,0,0,0,0,0,0,-1,0,1.0000,-1,7,0,0,0,7,0,0,0,0
78.73808,1,0,0,0,0,0,1,26,0,1.0000,-1,7,0,0,0,7,0,0,0,0
78.76174,1,0,0,0,0,0,1,26,0,1.0000,-1,7,0,0,0,7,0,0,0,0
78.78519,1,0,0,0,0,0,1,26,0,1.0000,-1,7,0,0,0,7,0,0,0,0
78.82811,1,0,0,0,0,0,1,26,0,1.0000,-1,7,0,0,0,7,0,0,0,0
78.84176,1,0,0,0,0,0,1,26,0,1.0000,-1,7,0,0,0,7,0,0,0,0
78.85569,1,0,0,0,0,0,1,26,0,1.0000,-1,7,0,0,0,7,0,0,0,0
78.88084,1,0,0,0,0,0,1,26,1,2.0000,-1,7,0,0,0,7,0,0,0,0
78.90094,1,0,0,0,0,0,1,26,0,2.0000,-1,7,0,0,0,7,0,0,0,0
78.92202,1,0,0,0,0,0,1,26,0,2.0000,-1,7,0,0,0,7,0,0,0,0
78.94579,1,0,0,0,0,0,1,26,0,2.0000,-1,7,0,0,0,7,0,0,0,0
78.96848,1,0,0,0,0,0,1,26,0,2.0000,-1,7,0,0,0,7,0,0,0,0
78.99039,1,0,0,0,0,0,1,26,0,2.0000,-1,7,0,0,0,7,0,0,0,0
79.01141,1,0,0,0,0,0,1,26,0,2.0000,-1,7,0,0,0,7,0,0,0,0
79.03317,1,0,0,0,0,0,1,26,0,2.0000,-1,7,0,0,0,7,0,0,0,0
79.05477,1,0,0,0,0,0,1,26,0,2.0000,-1,7,0,0,0,7,0,0,0,0
79.07449,1,0,0,0,0,0,1,26,0,2.0000,-1,7,0,0,0,7,0,0,0,0
79.09803,1,0,0,0,0,0,1,26,0,2.0000,-1,7,0,0,0,7,0,0,0,0
79.12135,1,0,0,0,0,0,1,26,0,1.0000,-1,7,0,0,0,7,0,0,0,0
79.14175,1,0,0,0,0,0,1,26,0,1.0000,-1,7,0,0,0,7,0,0,0,0
79.16485,1,0,0,0,0,0,1,26,0,1.0000,-1,7,0,0,0,7,0,0,0,0
79.18563,1,0,0,0,0,0,1,26,0,1.0000,-1,7,0,0,0,7,0,0,0,0
79.21067,1,0,0,0,0,0,1,26,0,1.0000,-1,7,0,0,0,7,0,0,0,0
79.23824,1,0,0,0,0,0,1,26,0,1.0000,-1,7,0,0,0,7,0,0,0,0
79.2597,1,0,0,0,0,0,1,26,0,1.0000,-1,7,0,0,0,7,0,0,0,0
79.28065,1,0,0,0,0,0,1,26,0,1.0000,-1,7,0,0,0,7,0,0,0,0
79.30519,1,0,0,0,0,0,1,26,1,2.0000,-1,7,0,0,0,7,0,0,0,0
79.32606,1,0,0,0,0,0,0,-1,0,2.0000,-1,7,0,0,0,7,0,0,0,0
79.3498,1,0,0,0,0,0,0,-1,0,2.0000,-1,7,0,0,0,7,0,0,0,0
79.37492,1,0,0,0,0,0,0,-1,0,2.0000,-1,7,0,0,0,7,0,0,0,0
79.39723,1,0,0,0,0,0,0,-1,0,2.0000,-1,7,0,0,0,7,0,0,0,0
79.42049,1,0,0,0,0,0,0,-1,0,2.0000,-1,7,0,0,0,7,0,0,0,0
79.46274,1,0,0,0,0,0,0,-1,0,2.0000,-1,7,0,0,0,7,0,0,0,0
79.4817,1,0,0,0,0,0,0,-1,0,2.0000,-1,7,0,0,0,7,0,0,0,0
79.49738,1,0,0,0,0,0,0,-1,0,2.0000,-1,7,0,0,0,7,0,0,0,0
79.51258,1,0,0,0,0,0,0,-1,0,2.0000,-1,7,0,0,0,7,0,0,0,0
79.53707,1,0,0,0,0,0,0,-1,0,2.0000,-1,7,0,0,0,7,0,0,0,0
79.55864,1,0,0,0,0,0,0,-1,0,2.0000,-1,7,0,0,0,7,0,0,0,0
79.5816,1,0,0,0,0,0,0,-1,0,2.0000,-1,7,0,0,0,7,0,0,0,0
79.60323,1,0,0,0,0,0,0,-1,0,2.0000,-1,7,0,0,0,7,0,0,0,0
79.62541,1,0,0,0,0,0,0,-1,0,2.0000,-1,7,0,0,0,7,0,0,0,0
79.64693,1,0,0,0,0,0,0,-1,0,2.0000,-1,7,0,0,0,7,0,0,0,0
79.66844,1,0,0,0,0,0,0,-1,0,2.0000,-1,7,0,0,0,7,0,0,0,0
79.68929,1,0,0,0,0,0,0,-1,0,2.0000,-1,7,0,0,0,7,0,0,0,0
79.71168,1,0,0,0,0,0,0,-1,0,2.0000,-1,7,0,0,0,7,0,0,0,0
79.73262,1,0,0,0,0,0,0,-1,0,2.0000,-1,7,0,0,0,7,0,0,0,0
79.75536,1,0,0,0,0,0,0,-1,0,2.0000,-1,7,0,0,0,7,0,0,0,0
79.77738,1,0,0,0,0,0,0,-1,0,2.0000,-1,7,0,0,0,7,0,0,0,0
79.79829,1,0,0,0,0,0,0,-1,0,2.0000,-1,7,0,0,0,7,0,0,0,0
79.81995,1,0,0,0,0,0,0,-1,0,2.0000,-1,7,0,0,0,7,0,0,0,0
79.84352,1,0,0,0,0,0,0,-1,0,2.0000,-1,7,0,0,0,7,0,0,0,0
79.88564,1,0,0,0,0,0,0,-1,0,1.0000,-1,7,0,0,0,7,0,0,0,0
79.90583,1,0,0,0,0,0,0,-1,0,1.0000,-1,7,0,0,0,7,0,0,0,0
79.92162,1,0,0,0,0,0,0,-1,0,1.0000,-1,7,0,0,0,7,0,0,0,0
79.93863,1,0,0,0,0,0,0,-1,0,1.0000,-1,7,0,0,0,7,0,0,0,0
79.9586,1,0,0,0,0,0,0,-1,0,1.0000,-1,7,0,0,0,7,0,0,0,0
79.97987,1,0,0,0,0,0,0,-1,0,1.0000,-1,7,0,0,0,7,0,0,0,0
80.00072,1,0,0,0,0,0,0,-1,0,1.0000,-1,7,0,0,0,7,0,0,0,0
80.02248,1,0,0,0,0,0,0,-1,0,1.0000,-1,7,0,0,0,7,0,0,0,0
80.04459,1,0,0,0,0,0,0,-1,0,1.0000,-1,7,0,0,0,7,0,0,0,0
80.0662,1,0,0,0,0,0,0,-1,0,1.0000,-1,7,0,0,0,7,0,0,0,0
80.08636,1,0,0,0,0,0,0,-1,0,1.0000,-1,7,0,0,0,7,0,0,0,0
80.10941,1,0,0,0,0,0,0,-1,0,1.0000,-1,7,0,0,0,7,0,0,0,0
80.12965,1,0,0,0,0,0,0,-1,0,1.0000,-1,7,0,0,0,7,0,0,0,0
80.15137,1,0,0,0,0,0,0,-1,0,1.0000,-1,7,0,0,0,7,0,0,0,0
80.17364,1,0,0,0,0,0,0,-1,0,1.0000,-1,7,0,0,0,7,0,0,0,0
80.19388,1,0,0,0,0,0,0,-1,0,1.0000,-1,7,0,0,0,7,0,0,0,0
80.21764,1,0,0,0,0,0,0,-1,0,1.0000,-1,7,0,0,0,7,0,0,0,0
80.24026,1,0,0,0,0,0,0,-1,0,1.0000,-1,7,0,0,0,7,0,0,0,0
80.26199,1,0,0,0,0,0,0,-1,0,1.0000,-1,7,0,0,0,7,0,0,0,0
80.28355,1,0,0,0,0,0,0,-1,0,1.0000,-1,7,0,0,0,7,0,0,0,0
80.30611,1,0,0,0,0,0,0,-1,0,0.0000,-1,7,0,0,0,7,0,0,0,0
80.32667,1,0,0,0,0,0,0,-1,0,0.0000,-1,7,0,0,0,7,0,0,0,0
80.35056,1,0,0,0,0,0,0,-1,0,0.0000,-1,7,0,0,0,7,0,0,0,0
80.37157,1,0,0,0,0,0,0,-1,0,0.0000,-1,7,0,0,0,7,0,0,0,0
80.39123,1,0,0,0,0,0,1,28,0,0.0000,-1,7,0,0,0,7,0,0,0,0
80.41536,1,0,0,0,0,0,1,28,0,0.0000,-1,7,0,0,0,7,0,0,0,0
80.43722,1,0,0,0,0,0,1,28,0,0.0000,-1,7,0,0,0,7,0,0,0,0
80.46051,1,0,0,0,0,0,1,25,0,0.0000,-1,7,0,0,0,7,0,0,0,0
80.48211,1,0,0,0,0,0,1,25,0,0.0000,-1,7,0,0,0,7,0,0,0,0
80.52368,1,0,0,0,0,0,1,25,0,0.0000,-1,7,0,0,0,7,0,0,0,0
80.53954,1,0,0,0,0,0,1,25,0,0.0000,-1,7,0,0,0,7,0,0,0,0
80.55542,1,0,0,0,0,0,1,28,0,0.0000,-1,7,0,0,0,7,0,0,0,0
80.57568,1,0,0,0,0,0,1,28,0,0.0000,-1,7,0,0,0,7,0,0,0,0
80.59778,1,0,0,0,0,0,1,28,0,0.0000,-1,7,0,0,0,7,0,0,0,0
80.62,1,0,0,0,0,0,1,28,0,0.0000,-1,7,0,0,0,7,0,0,0,0
80.64224,1,0,0,0,0,0,1,28,0,0.0000,-1,7,0,0,0,7,0,0,0,0
80.6651,1,0,0,0,0,0,1,28,0,0.0000,-1,7,0,0,0,7,0,0,0,0
80.68571,1,0,0,0,0,0,1,28,0,0.0000,-1,7,0,0,0,7,0,0,0,0
80.70783,1,0,0,0,0,0,1,28,0,0.0000,-1,7,0,0,0,7,0,0,0,0
80.7282,1,0,0,0,0,0,1,28,0,0.0000,-1,7,0,0,0,7,0,0,0,0
80.75114,1,0,0,0,0,0,1,28,0,0.0000,-1,7,0,0,0,7,0,0,0,0
80.77201,1,0,0,0,0,0,1,28,0,0.0000,-1,7,0,0,0,7,0,0,0,0
80.79338,1,0,0,0,0,0,1,28,0,0.0000,-1,7,0,0,0,7,0,0,0,0
80.8147,1,0,0,0,0,0,1,28,0,0.0000,-1,7,0,0,0,7,0,0,0,0
80.8411,1,0,0,0,0,0,1,28,0,0.0000,-1,7,0,0,0,7,0,0,0,0
80.86426,1,0,0,0,0,0,1,28,1,1.0000,-1,7,0,0,0,7,0,0,0,0
80.8836,1,0,0,0,0,0,1,28,0,1.0000,-1,7,0,0,0,7,0,0,0,0
80.90504,1,0,0,0,0,0,1,28,0,1.0000,-1,7,0,0,0,7,0,0,0,0
80.92767,1,0,0,0,0,0,1,28,0,1.0000,-1,7,0,0,0,7,0,0,0,0
80.95196,1,0,0,0,0,0,1,28,0,1.0000,-1,7,0,0,0,7,0,0,0,0
80.97217,1,0,0,0,0,0,1,28,0,1.0000,-1,7,0,0,0,7,0,0,0,0
80.9918,1,0,0,0,0,0,1,28,0,1.0000,-1,7,0,0,0,7,0,0,0,0
81.01424,1,0,0,0,0,0,1,28,0,1.0000,-1,7,0,0,0,7,0,0,0,0
81.04138,1,0,0,0,0,0,1,28,0,1.0000,-1,7,0,0,0,7,0,0,0,0
81.06485,3,1,1,0,0,0,0,-1,0,1.0000,28,7,0,1,0,8,0,0,0,0
81.10152,3,0,1,0,0,0,0,-1,0,1.0000,-1,7,0,1,0,8,0,0,0,0
81.1145,3,0,1,0,0,0,0,-1,0,1.0000,-1,7,0,1,0,8,0,0,0,0
81.15004,3,0,1,0,0,0,0,-1,0,1.0000,-1,7,0,1,0,8,0,0,0,0
81.16114,3,0,1,0,0,0,0,-1,0,1.0000,-1,7,0,1,0,8,0,0,0,0
81.17715,3,0,1,0,0,0,0,-1,0,1.0000,-1,7,0,1,0,8,0,0,0,0
81.20396,3,0,1,0,0,0,0,-1,0,1.0000,-1,7,0,1,0,8,0,0,0,0
81.22403,3,0,1,0,0,0,0,-1,0,1.0000,-1,7,0,1,0,8,0,0,0,0
81.24789,3,0,1,0,0,0,0,-1,0,1.0000,-1,7,0,1,0,8,0,0,0,0
81.26984,3,0,1,0,0,0,0,-1,0,1.0000,-1,7,0,1,0,8,0,0,0,0
81.29103,3,0,1,0,0,0,0,-1,0,1.0000,-1,7,0,1,0,8,0,0,0,0
81.31135,3,0,1,0,0,0,0,-1,0,1.0000,-1,7,0,1,0,8,0,0,0,0
81.33434,3,0,1,0,0,0,0,-1,0,1.0000,-1,7,0,1,0,8,0,0,0,0
81.37492,3,0,1,0,0,0,0,-1,0,1.0000,-1,7,0,1,0,8,0,0,0,0
81.39069,3,0,1,0,0,0,0,-1,0,1.0000,-1,7,0,1,0,8,0,0,0,0
81.40474,3,0,1,0,0,0,0,-1,0,1.0000,-1,7,0,1,0,8,0,0,0,0
81.42274,3,0,1,0,0,0,0,-1,0,1.0000,-1,7,0,1,0,8,0,0,0,0
81.44684,3,0,1,0,0,0,0,-1,0,1.0000,-1,7,0,1,0,8,0,0,0,0
81.46924,3,0,1,0,0,0,0,-1,0,1.0000,-1,7,0,1,0,8,0,0,0,0
81.48914,3,0,1,0,0,0,0,-1,0,1.0000,-1,7,0,1,0,8,0,0,0,0
81.51115,3,0,1,0,0,0,0,-1,0,1.0000,-1,7,0,1,0,8,0,0,0,0
81.53626,3,0,1,0,0,0,0,-1,0,1.0000,-1,7,0,1,0,8,0,0,0,0
81.5575,3,0,1,0,0,0,0,-1,0,1.0000,-1,7,0,1,0,8,0,0,0,0
81.57766,3,0,1,0,0,0,0,-1,0,1.0000,-1,7,0,1,0,8,0,0,0,0
81.60083,3,0,1,0,0,0,0,-1,0,1.0000,-1,7,0,1,0,8,0,0,0,0
81.62254,3,0,1,0,0,0,0,-1,1,2.0000,-1,7,0,1,0,8,0,0,0,0
81.64397,3,0,1,0,0,0,0,-1,0,2.0000,-1,7,0,1,0,8,0,0,0,0
81.66914,3,0,1,0,0,0,0,-1,0,2.0000,-1,7,0,1,0,8,0,0,0,0
81.68728,3,0,1,0,0,0,0,-1,0,2.0000,-1,7,0,1,0,8,0,0,0,0
81.71042,3,0,1,0,0,0,0,-1,0,2.0000,-1,7,0,1,0,8,0,0,0,0
81.73328,3,0,1,0,0,0,0,-1,0,2.0000,-1,7,0,1,0,8,0,0,0,0
81.75433,3,0,1,0,0,0,1,29,0,2.0000,-1,7,0,1,0,8,0,0,0,0
81.77657,3,0,1,0,0,0,1,29,0,2.0000,-1,7,0,1,0,8,0,0,0,0
81.79901,3,0,1,0,0,0,1,29,0,2.0000,-1,7,0,1,0,8,0,0,0,0
81.82079,3,0,1,0,0,0,1,29,0,2.0000,-1,7,0,1,0,8,0,0,0,0
81.84455,3,0,1,0,0,0,1,29,1,3.0000,-1,7,0,1,0,8,0,0,0,0
81.86637,3,0,1,0,0,0,0,-1,0,2.0000,-1,7,0,1,0,8,0,0,0,0
81.8885,3,0,1,0,0,0,0,-1,0,2.0000,-1,7,0,1,0,8,0,0,0,0
81.9101,3,0,1,0,0,0,0,-1,0,2.0000,-1,7,0,1,0,8,0,0,0,0
81.93449,3,0,1,0,0,0,0,-1,0,2.0000,-1,7,0,1,0,8,0,0,0,0
81.95816,3,0,1,0,0,0,0,-1,0,2.0000,-1,7,0,1,0,8,0,0,0,0
82.00279,3,0,1,0,0,0,0,-1,0,2.0000,-1,7,0,1,0,8,0,0,0,0
82.01864,3,0,1,0,0,0,0,-1,0,2.0000,-1,7,0,1,0,8,0,0,0,0
82.03576,3,0,1,0,0,0,0,-1,0,2.0000,-1,7,0,1,0,8,0,0,0,0
82.06318,3,0,1,0,0,0,0,-1,0,2.0000,-1,7,0,1,0,8,0,0,0,0
82.08446,3,0,1,0,0,0,0,-1,0,2.0000,-1,7,0,1,0,8,0,0,0,0
82.11037,3,0,1,0,0,0,0,-1,0,2.0000,-1,7,0,1,0,8,0,0,0,0
82.13301,3,0,1,0,0,0,0,-1,0,2.0000,-1,7,0,1,0,8,0,0,0,0
82.15544,3,0,1,0,0,0,0,-1,0,2.0000,-1,7,0,1,0,8,0,0,0,0
82.17596,3,0,1,0,0,0,0,-1,0,2.0000,-1,7,0,1,0,8,0,0,0,0
82.19586,3,0,1,0,0,0,0,-1,0,2.0000,-1,7,0,1,0,8,0,0,0,0
82.21965,3,0,1,0,0,0,0,-1,0,2.0000,-1,7,0,1,0,8,0,0,0,0
82.24265,3,0,1,0,0,0,0,-1,0,2.0000,-1,7,0,1,0,8,0,0,0,0
82.26586,3,0,1,0,0,0,0,-1,0,2.0000,-1,7,0,1,0,8,0,0,0,0
82.29108,3,0,1,0,0,0,0,-1,0,2.0000,-1,7,0,1,0,8,0,0,0,0
82.31496,3,0,1,0,0,0,0,-1,0,2.0000,-1,7,0,1,0,8,0,0,0,0
82.33717,3,0,1,0,0,0,0,-1,0,2.0000,-1,7,0,1,0,8,0,0,0,0
82.35964,3,0,1,0,0,0,0,-1,0,2.0000,-1,7,0,1,0,8,0,0,0,0
82.38276,3,0,1,0,0,0,0,-1,0,2.0000,-1,7,0,1,0,8,0,0,0,0
82.40728,3,0,1,0,0,0,0,-1,0,2.0000,-1,7,0,1,0,8,0,0,0,0
82.4295,3,0,1,0,0,0,0,-1,0,2.0000,-1,7,0,1,0,8,0,0,0,0
82.45396,3,0,1,0,0,0,0,-1,0,2.0000,-1,7,0,1,0,8,0,0,0,0
82.47574,3,0,1,0,0,0,0,-1,0,2.0000,-1,7,0,1,0,8,0,0,0,0
82.49844,3,0,1,0,0,0,0,-1,0,2.0000,-1,7,0,1,0,8,0,0,0,0
82.52149,3,0,1,0,0,0,0,-1,0,2.0000,-1,7,0,1,0,8,0,0,0,0
82.54359,3,0,1,0,0,0,0,-1,0,2.0000,-1,7,0,1,0,8,0,0,0,0
82.56742,3,0,1,0,0,0,0,-1,0,2.0000,-1,7,0,1,0,8,0,0,0,0
82.59039,3,0,1,0,0,0,0,-1,0,2.0000,-1,7,0,1,0,8,0,0,0,0
82.61109,3,0,1,0,0,0,0,-1,0,2.0000,-1,7,0,1,0,8,0,0,0,0
82.6349,3,0,1,0,0,0,0,-1,0,1.0000,-1,7,0,1,0,8,0,0,0,0
82.65681,3,0,1,0,0,0,0,-1,0,1.0000,-1,7,0,1,0,8,0,0,0,0
82.67823,3,0,1,0,0,0,0,-1,0,1.0000,-1,7,0,1,0,8,0,0,0,0
82.70055,3,0,1,0,0,0,0,-1,0,1.0000,-1,7,0,1,0,8,0,0,0,0
82.7207,3,0,1,0,0,0,0,-1,0,1.0000,-1,7,0,1,0,8,0,0,0,0
82.74294,3,0,1,0,0,0,0,-1,0,1.0000,-1,7,0,1,0,8,0,0,0,0
82.76459,3,0,1,0,0,0,0,-1,0,1.0000,-1,7,0,1,0,8,0,0,0,0
82.78829,3,0,1,0,0,0,0,-1,0,1.0000,-1,7,0,1,0,8,0,0,0,0
82.80931,3,0,1,0,0,0,0,-1,0,1.0000,-1,7,0,1,0,8,0,0,0,0
82.83265,3,0,1,0,0,0,0,-1,0,1.0000,-1,7,0,1,0,8,0,0,0,0
82.85394,3,0,1,0,0,0,0,-1,0,0.0000,-1,7,0,1,0,8,0,0,0,0
82.8763,3,0,1,0,0,0,0,-1,0,0.0000,-1,7,0,1,0,8,0,0,0,0
82.90096,3,0,1,0,0,0,0,-1,0,0.0000,-1,7,0,1,0,8,0,0,0,0
82.92263,3,0,1,0,0,0,0,-1,0,0.0000,-1,7,0,1,0,8,0,0,0,0
82.94428,3,0,1,0,0,0,0,-1,0,0.0000,-1,7,0,1,0,8,0,0,0,0
82.96835,3,0,1,0,0,0,0,-1,0,0.0000,-1,7,0,1,0,8,0,0,0,0
82.98997,3,0,1,0,0,0,0,-1,0,0.0000,-1,7,0,1,0,8,0,0,0,0
83.01196,3,0,1,0,0,0,0,-1,0,0.0000,-1,7,0,1,0,8,0,0,0,0
83.05399,3,0,1,0,0,0,0,-1,0,0.0000,-1,7,0,1,0,8,0,0,0,0
83.06833,3,0,1,0,0,0,0,-1,0,0.0000,-1,7,0,1,0,8,0,0,0,0
83.08299,3,0,1,0,0,0,0,-1,0,0.0000,-1,7,0,1,0,8,0,0,0,0
83.10724,3,0,1,0,0,0,0,-1,0,0.0000,-1,7,0,1,0,8,0,0,0,0
83.12683,3,0,1,0,0,0,0,-1,0,0.0000,-1,7,0,1,0,8,0,0,0,0
83.14836,3,0,1,0,0,0,0,-1,0,0.0000,-1,7,0,1,0,8,0,0,0,0
83.17068,3,0,1,0,0,0,0,-1,0,0.0000,-1,7,0,1,0,8,0,0,0,0
83.19447,3,0,1,0,0,0,0,-1,0,0.0000,-1,7,0,1,0,8,0,0,0,0
83.21886,3,0,1,0,0,0,0,-1,0,0.0000,-1,7,0,1,0,8,0,0,0,0
83.23896,3,0,1,0,0,0,0,-1,0,0.0000,-1,7,0,1,0,8,0,0,0,0
83.26286,3,0,1,0,0,0,0,-1,0,0.0000,-1,7,0,1,0,8,0,0,0,0
83.28427,3,0,1,0,0,0,0,-1,0,0.0000,-1,7,0,1,0,8,0,0,0,0
83.3075,3,0,1,0,0,0,0,-1,0,0.0000,-1,7,0,1,0,8,0,0,0,0
83.33544,3,0,1,0,0,0,0,-1,0,0.0000,-1,7,0,1,0,8,0,0,0,0
83.35445,3,0,1,0,0,0,0,-1,0,0.0000,-1,7,0,1,0,8,0,0,0,0
83.37914,3,0,1,0,0,0,0,-1,0,0.0000,-1,7,0,1,0,8,0,0,0,0
83.40154,3,0,1,0,0,0,0,-1,0,0.0000,-1,7,0,1,0,8,0,0,0,0
83.42501,3,0,1,0,0,0,0,-1,0,0.0000,-1,7,0,1,0,8,0,0,0,0
83.44823,3,0,1,0,0,0,0,-1,0,0.0000,-1,7,0,1,0,8,0,0,0,0
83.47107,3,0,1,0,0,0,0,-1,0,0.0000,-1,7,0,1,0,8,0,0,0,0
83.49074,3,0,1,0,0,0,0,-1,0,0.0000,-1,7,0,1,0,8,0,0,0,0
83.51558,3,0,1,0,0,0,0,-1,0,0.0000,-1,7,0,1,0,8,0,0,0,0
83.53846,3,0,1,0,0,0,0,-1,0,0.0000,-1,7,0,1,0,8,0,0,0,0
83.5637,3,0,1,0,0,0,0,-1,0,0.0000,-1,7,0,1,0,8,0,0,0,0
83.58641,3,0,1,0,0,0,0,-1,0,0.0000,-1,7,0,1,0,8,0,0,0,0
83.60754,3,0,1,0,0,0,0,-1,0,0.0000,-1,7,0,1,0,8,0,0,0,0
83.63034,3,0,1,0,0,0,0,-1,0,0.0000,-1,7,0,1,0,8,0,0,0,0
83.6764,3,0,1,0,0,0,0,-1,0,0.0000,-1,7,0,1,0,8,0,0,0,0
83.69364,3,0,1,1,0,0,0,-1,0,0.0000,-1,7,0,1,0,8,0,0,0,0
83.71002,3,0,1,1,0,0,0,-1,0,0.0000,-1,7,0,1,0,8,0,0,0,0
83.72731,3,0,1,1,0,0,0,-1,0,0.0000,-1,7,0,1,0,8,0,0,0,0
83.7524,3,0,1,1,0,0,0,-1,0,0.0000,-1,7,0,1,0,8,0,0,0,0
83.77335,3,0,1,1,0,0,0,-1,0,0.0000,-1,7,0,1,0,8,0,0,0,0
83.796,3,0,1,1,0,0,0,-1,0,0.0000,-1,7,0,1,0,8,0,0,0,0
83.81649,3,0,1,1,0,0,0,-1,0,0.0000,-1,7,0,1,0,8,0,0,0,0
83.8403,3,0,1,1,0,0,0,-1,0,0.0000,-1,7,0,1,0,8,0,0,0,0
83.882,3,0,1,1,0,0,0,-1,0,0.0000,-1,7,0,1,0,8,0,0,0,0
83.89617,3,0,1,1,0,0,0,-1,0,0.0000,-1,7,0,1,0,8,0,0,0,0
83.90985,3,0,1,1,0,0,0,-1,0,0.0000,-1,7,0,1,0,8,0,0,0,0
83.93202,3,0,1,1,0,0,0,-1,0,0.0000,-1,7,0,1,0,8,0,0,0,0
83.9566,3,0,1,1,0,0,0,-1,0,0.0000,-1,7,0,1,0,8,0,0,0,0
83.97832,3,0,1,1,0,0,0,-1,0,0.0000,-1,7,0,1,0,8,0,0,0,0
84.00043,3,0,1,1,0,0,0,-1,0,0.0000,-1,7,0,1,0,8,0,0,0,0
84.02444,3,0,1,1,0,0,0,-1,1,1.0000,-1,7,0,1,0,8,0,0,0,0
84.0443,3,0,1,1,0,0,0,-1,0,1.0000,-1,7,0,1,0,8,0,0,0,0
84.06734,3,0,1,1,0,0,0,-1,0,1.0000,-1,7,0,1,0,8,0,0,0,0
84.09107,3,0,1,1,0,0,0,-1,0,1.0000,-1,7,0,1,0,8,0,0,0,0
84.11292,3,0,1,1,0,0,0,-1,0,1.0000,-1,7,0,1,0,8,0,0,0,0
84.13467,3,0,1,1,0,0,0,-1,0,1.0000,-1,7,0,1,0,8,0,0,0,0
84.15732,3,0,1,1,0,0,0,-1,0,1.0000,-1,7,0,1,0,8,0,0,0,0
84.17903,3,0,1,1,0,0,0,-1,0,1.0000,-1,7,0,1,0,8,0,0,0,0
84.19935,3,0,1,1,0,0,0,-1,0,1.0000,-1,7,0,1,0,8,0,0,0,0
84.22315,3,0,1,1,0,0,0,-1,0,1.0000,-1,7,0,1,0,8,0,0,0,0
84.24706,3,0,1,1,0,0,0,-1,0,1.0000,-1,7,0,1,0,8,0,0,0,0
84.26891,3,0,1,1,0,0,0,-1,0,1.0000,-1,7,0,1,0,8,0,0,0,0
84.29286,3,0,1,1,0,0,0,-1,0,1.0000,-1,7,0,1,0,8,0,0,0,0
84.31632,3,0,1,1,0,0,0,-1,0,1.0000,-1,7,0,1,0,8,0,0,0,0
84.33811,3,0,1,1,0,0,0,-1,0,1.0000,-1,7,0,1,0,8,0,0,0,0
84.36117,3,0,1,1,0,0,0,-1,0,1.0000,-1,7,0,1,0,8,0,0,0,0
84.3848,3,0,1,1,0,0,0,-1,0,1.0000,-1,7,0,1,0,8,0,0,0,0
84.4035,3,0,1,1,0,0,0,-1,1,2.0000,-1,7,0,1,0,8,0,0,0,0
84.42712,3,0,1,1,0,0,0,-1,0,2.0000,-1,7,0,1,0,8,0,0,0,0
84.45008,3,0,1,1,0,0,0,-1,0,2.0000,-1,7,0,1,0,8,0,0,0,0
84.4931,3,0,1,1,0,0,0,-1,0,2.0000,-1,7,0,1,0,8,0,0,0,0
84.50565,3,0,1,1,0,0,0,-1,0,2.0000,-1,7,0,1,0,8,0,0,0,0
84.52166,3,0,1,1,0,0,0,-1,0,2.0000,-1,7,0,1,0,8,0,0,0,0
84.54552,3,0,1,1,0,0,0,-1,0,2.0000,-1,7,0,1,0,8,0,0,0,0
84.56663,3,0,1,1,0,0,0,-1,0,2.0000,-1,7,0,1,0,8,0,0,0,0
84.59097,3,0,1,1,0,0,0,-1,0,2.0000,-1,7,0,1,0,8,0,0,0,0
84.6133,3,0,1,1,0,0,0,-1,0,2.0000,-1,7,0,1,0,8,0,0,0,0
84.63564,3,0,1,1,0,0,0,-1,0,2.0000,-1,7,0,1,0,8,0,0,0,0
84.65737,3,0,1,1,0,0,0,-1,0,2.0000,-1,7,0,1,0,8,0,0,0,0
84.67987,3,0,1,1,0,0,0,-1,0,2.0000,-1,7,0,1,0,8,0,0,0,0
84.70267,3,0,1,1,0,0,0,-1,0,2.0000,-1,7,0,1,0,8,0,0,0,0
84.72382,3,0,1,1,0,0,0,-1,0,2.0000,-1,7,0,1,0,8,0,0,0,0
84.74662,3,0,1,1,0,0,0,-1,0,2.0000,-1,7,0,1,0,8,0,0,0,0
84.76669,3,0,1,1,0,0,0,-1,0,2.0000,-1,7,0,1,0,8,0,0,0,0
84.7888,3,0,1,1,0,0,0,-1,0,2.0000,-1,7,0,1,0,8,0,0,0,0
84.81162,3,0,1,1,0,0,0,-1,0,2.0000,-1,7,0,1,0,8,0,0,0,0
84.83263,3,0,1,1,0,0,0,-1,0,2.0000,-1,7,0,1,0,8,0,0,0,0
84.85552,3,0,1,1,0,0,0,-1,0,2.0000,-1,7,0,1,0,8,0,0,0,0
84.87687,3,0,1,1,0,0,0,-1,0,2.0000,-1,7,0,1,0,8,0,0,0,0
84.89893,3,0,1,1,0,0,0,-1,0,2.0000,-1,7,0,1,0,8,0,0,0,0
84.92095,3,0,1,1,0,0,0,-1,0,2.0000,-1,7,0,1,0,8,0,0,0,0
84.94232,3,0,1,1,0,0,0,-1,0,2.0000,-1,7,0,1,0,8,0,0,0,0
84.9643,3,0,1,1,0,0,0,-1,0,2.0000,-1,7,0,1,0,8,0,0,0,0
84.98685,3,0,1,1,0,0,0,-1,0,2.0000,-1,7,0,1,0,8,0,0,0,0
85.00932,3,0,1,1,0,0,1,37,0,2.0000,-1,7,0,1,0,8,0,0,0,0
85.03269,3,0,1,1,0,0,1,37,0,1.0000,-1,7,0,1,0,8,0,0,0,0
85.05767,3,0,1,1,0,0,1,37,0,1.0000,-1,7,0,1,0,8,0,0,0,0
85.07636,3,0,1,1,0,0,1,37,0,1.0000,-1,7,0,1,0,8,0,0,0,0
85.09776,3,0,1,1,0,0,1,37,0,1.0000,-1,7,0,1,0,8,0,0,0,0
85.14106,3,0,1,1,0,0,1,37,0,1.0000,-1,7,0,1,0,8,0,0,0,0
85.16357,3,0,1,1,0,0,1,37,0,1.0000,-1,7,0,1,0,8,0,0,0,0
85.19084,3,0,1,1,0,0,1,37,1,2.0000,-1,7,0,1,0,8,0,0,0,0
85.20828,3,0,1,1,0,0,1,37,0,2.0000,-1,7,0,1,0,8,0,0,0,0
85.22582,3,0,1,1,0,0,0,-1,0,2.0000,-1,7,0,1,0,8,0,0,0,0
85.24604,3,0,1,1,0,0,0,-1,0,2.0000,-1,7,0,1,0,8,0,0,0,0
85.27183,3,0,1,1,0,0,0,-1,0,2.0000,-1,7,0,1,0,8,0,0,0,0
85.29084,3,0,1,1,0,0,0,-1,0,2.0000,-1,7,0,1,0,8,0,0,0,0
85.31528,3,0,1,1,0,0,0,-1,0,2.0000,-1,7,0,1,0,8,0,0,0,0
85.33913,3,0,1,1,0,0,0,-1,0,2.0000,-1,7,0,1,0,8,0,0,0,0
85.36168,3,0,1,1,0,0,0,-1,0,2.0000,-1,7,0,1,0,8,0,0,0,0
85.38379,3,0,1,1,0,0,0,-1,0,2.0000,-1,7,0,1,0,8,0,0,0,0
85.40634,3,0,1,1,0,0,0,-1,0,1.0000,37,7,0,2,0,9,0,0,0,0
85.42683,3,0,1,1,0,0,0,-1,0,1.0000,-1,7,0,2,0,9,0,0,0,0
85.44959,3,0,1,1,0,0,0,-1,0,1.0000,-1,7,0,2,0,9,0,0,0,0
85.47053,3,0,1,0,0,0,0,-1,0,1.0000,-1,7,0,2,0,9,0,0,0,0
85.48941,3,0,1,0,0,0,0,-1,0,1.0000,-1,7,0,2,0,9,0,0,0,0
85.51423,3,0,1,0,0,0,0,-1,0,1.0000,-1,7,0,2,0,9,0,0,0,0
85.53553,3,0,1,0,0,0,0,-1,0,1.0000,-1,7,0,2,0,9,0,0,0,0
85.57729,3,0,1,0,0,0,0,-1,0,1.0000,-1,7,0,2,0,9,0,0,0,0
85.59729,3,0,1,0,0,0,0,-1,0,1.0000,-1,7,0,2,0,9,0,0,0,0
85.61392,3,0,1,0,0,0,0,-1,0,1.0000,-1,7,0,2,0,9,0,0,0,0
85.62972,3,0,1,0,0,0,0,-1,0,1.0000,-1,7,0,2,0,9,0,0,0,0
85.65218,3,0,1,0,0,0,0,-1,0,1.0000,-1,7,0,2,0,9,0,0,0,0
85.67313,3,0,1,0,0,0,0,-1,0,1.0000,-1,7,0,2,0,9,0,0,0,0
85.6953,3,0,1,0,0,0,0,-1,0,1.0000,-1,7,0,2,0,9,0,0,0,0
85.71767,3,0,1,0,0,0,0,-1,0,1.0000,-1,7,0,2,0,9,0,0,0,0
85.74007,3,0,1,0,1,0,0,-1,0,1.0000,-1,7,0,2,0,9,0,0,0,0
85.7808,3,0,1,0,1,0,1,40,0,1.0000,-1,7,0,2,0,9,0,0,0,0
85.79693,3,0,1,0,1,0,1,40,0,1.0000,-1,7,0,2,0,9,0,0,0,0
85.81137,3,0,1,0,1,0,1,40,0,1.0000,-1,7,0,2,0,9,0,0,0,0
85.83222,3,0,1,0,1,0,1,40,0,1.0000,-1,7,0,2,0,9,0,0,0,0
85.85281,3,0,1,0,1,0,1,40,0,1.0000,-1,7,0,2,0,9,0,0,0,0
85.87664,3,0,1,0,1,0,1,40,1,2.0000,-1,7,0,2,0,9,0,0,0,0
85.89748,3,0,1,0,1,0,1,40,0,2.0000,-1,7,0,2,0,9,0,0,0,0
85.91959,3,0,1,0,1,0,1,36,0,2.0000,-1,7,0,2,0,9,0,0,0,0
85.94244,3,0,1,0,1,0,1,36,0,2.0000,-1,7,0,2,0,9,0,0,0,0
85.9652,3,0,1,0,1,0,1,36,0,2.0000,-1,7,0,2,0,9,0,0,0,0
85.98767,3,0,1,0,1,0,1,36,0,2.0000,-1,7,0,2,0,9,0,0,0,0
86.0104,3,0,1,0,1,0,1,36,0,2.0000,-1,7,0,2,0,9,0,0,0,0
86.03337,3,0,1,0,1,0,1,36,0,2.0000,-1,7,0,2,0,9,0,0,0,0
86.05433,3,0,1,0,1,0,1,36,0,2.0000,-1,7,0,2,0,9,0,0,0,0
86.07661,3,0,1,0,1,0,1,36,0,2.0000,-1,7,0,2,0,9,0,0,0,0
86.10069,3,0,1,0,1,0,1,36,0,2.0000,-1,7,0,2,0,9,0,0,0,0
86.12225,3,0,1,0,1,0,0,-1,0,2.0000,-1,7,0,2,0,9,0,0,0,0
86.14326,3,0,1,0,1,0,0,-1,0,2.0000,-1,7,0,2,0,9,0,0,0,0
86.16507,3,0,1,0,1,0,0,-1,0,2.0000,-1,7,0,2,0,9,0,0,0,0
86.18832,3,0,1,0,1,0,0,-1,0,2.0000,-1,7,0,2,0,9,0,0,0,0
86.21299,3,0,1,0,1,0,0,-1,0,1.0000,-1,7,0,2,0,9,0,0,0,0
86.23322,3,0,1,0,1,0,0,-1,0,1.0000,-1,7,0,2,0,9,0,0,0,0
86.2548,3,0,1,0,1,0,1,38,0,1.0000,-1,7,0,2,0,9,0,0,0,0
86.27657,3,0,1,0,1,0,1,38,0,1.0000,-1,7,0,2,0,9,0,0,0,0
86.29932,3,0,1,0,1,0,1,38,0,1.0000,-1,7,0,2,0,9,0,0,0,0
86.32165,3,0,1,0,0,0,1,38,0,1.0000,-1,7,0,2,0,9,0,0,0,0
86.34589,3,0,1,0,0,0,0,-1,0,1.0000,-1,7,0,2,0,9,0,0,0,0
86.38625,3,0,1,0,0,0,1,39,1,2.0000,-1,7,0,2,0,9,0,0,0,0
86.40846,3,0,1,0,0,0,1,39,0,2.0000,-1,7,0,2,0,9,0,0,0,0
86.42719,3,0,1,0,0,0,1,39,0,2.0000,-1,7,0,2,0,9,0,0,0,0
86.44243,3,0,1,0,0,0,1,39,0,2.0000,-1,7,0,2,0,9,0,0,0,0
86.46707,3,0,1,0,0,0,1,39,0,2.0000,-1,7,0,2,0,9,0,0,0,0
86.49121,3,0,1,0,0,0,1,39,0,2.0000,-1,7,0,2,0,9,0,0,0,0
86.51489,3,0,1,0,0,0,1,39,0,2.0000,-1,7,0,2,0,9,0,0,0,0
86.53998,3,0,1,0,0,0,1,39,0,2.0000,-1,7,0,2,0,9,0,0,0,0
86.56412,3,0,1,0,0,0,1,39,0,2.0000,-1,7,0,2,0,9,0,0,0,0
86.60997,3,0,1,0,0,0,1,39,1,3.0000,-1,7,0,2,0,9,0,0,0,0
86.6286,3,0,1,0,0,0,0,-1,0,3.0000,39,7,0,3,0,10,0,0,0,0
86.64752,3,0,1,0,0,0,0,-1,0,3.0000,-1,7,0,3,0,10,0,0,0,0
86.66458,3,0,1,0,0,0,0,-1,0,3.0000,-1,7,0,3,0,10,0,0,0,0
86.68972,3,0,1,0,0,0,0,-1,0,3.0000,-1,7,0,3,0,10,0,0,0,0
86.71503,3,0,1,0,0,0,0,-1,0,3.0000,-1,7,0,3,0,10,0,0,0,0
86.74501,3,0,1,0,0,0,0,-1,0,3.0000,-1,7,0,3,0,10,0,0,0,0
86.7754,3,0,1,0,0,0,0,-1,0,3.0000,-1,7,0,3,0,10,0,0,0,0
86.81395,3,0,1,0,0,0,0,-1,0,3.0000,-1,7,0,3,0,10,0,0,0,0
86.82695,3,0,1,0,0,0,0,-1,0,3.0000,-1,7,0,3,0,10,0,0,0,0
86.84807,3,0,1,0,0,0,0,-1,0,3.0000,-1,7,0,3,0,10,0,0,0,0
86.87175,3,0,1,0,0,0,0,-1,0,3.0000,-1,7,0,3,0,10,0,0,0,0
86.89365,3,0,1,0,0,0,0,-1,0,2.0000,-1,7,0,3,0,10,0,0,0,0
86.91674,3,0,1,0,0,0,0,-1,0,2.0000,-1,7,0,3,0,10,0,0,0,0
86.93832,3,0,1,0,0,0,0,-1,0,2.0000,-1,7,0,3,0,10,0,0,0,0
86.96087,3,0,1,0,0,0,0,-1,0,2.0000,-1,7,0,3,0,10,0,0,0,0
86.98286,3,0,1,0,0,0,0,-1,0,2.0000,-1,7,0,3,0,10,0,0,0,0
87.00423,3,0,1,0,0,0,0,-1,0,2.0000,-1,7,0,3,0,10,0,0,0,0
87.0261,3,0,1,0,0,0,0,-1,0,2.0000,-1,7,0,3,0,10,0,0,0,0
87.04919,3,0,1,0,0,0,0,-1,0,2.0000,-1,7,0,3,0,10,0,0,0,0
87.07059,3,0,1,0,0,0,0,-1,0,2.0000,-1,7,0,3,0,10,0,0,0,0
87.09258,3,0,1,0,0,0,0,-1,0,2.0000,-1,7,0,3,0,10,0,0,0,0
87.11413,3,0,1,0,0,0,0,-1,0,2.0000,-1,7,0,3,0,10,0,0,0,0
87.13581,3,0,1,0,0,0,0,-1,0,2.0000,-1,7,0,3,0,10,0,0,0,0
87.25733,3,0,1,0,0,0,0,-1,0,2.0000,-1,7,0,3,0,10,0,0,0,0
87.27348,3,0,1,1,0,0,0,-1,1,3.0000,-1,7,0,3,0,10,0,0,0,0
87.3136,3,0,1,1,0,0,0,-1,0,3.0000,-1,7,0,3,0,10,0,0,0,0
87.33718,3,0,1,1,0,0,0,-1,0,3.0000,-1,7,0,3,0,10,0,0,0,0
87.36078,3,0,1,1,0,0,0,-1,0,3.0000,-1,7,0,3,0,10,0,0,0,0
87.38457,3,0,1,1,0,0,0,-1,0,3.0000,-1,7,0,3,0,10,0,0,0,0
87.40851,3,0,1,1,0,0,0,-1,0,2.0000,-1,7,0,3,0,10,0,0,0,0
87.4312,3,0,1,1,0,0,0,-1,0,2.0000,-1,7,0,3,0,10,0,0,0,0
87.45234,3,0,1,1,0,0,0,-1,0,2.0000,-1,7,0,3,0,10,0,0,0,0
87.47404,3,0,1,1,0,0,0,-1,0,2.0000,-1,7,0,3,0,10,0,0,0,0
87.51741,3,0,1,1,0,0,0,-1,0,2.0000,-1,7,0,3,0,10,0,0,0,0
87.53335,3,0,1,1,0,0,0,-1,0,2.0000,-1,7,0,3,0,10,0,0,0,0
87.54724,3,0,1,1,0,0,0,-1,0,2.0000,-1,7,0,3,0,10,0,0,0,0
87.56725,3,0,1,1,0,0,0,-1,0,2.0000,-1,7,0,3,0,10,0,0,0,0
87.59019,3,0,1,1,0,0,0,-1,0,2.0000,-1,7,0,3,0,10,0,0,0,0
87.61057,3,0,1,1,0,0,0,-1,0,1.0000,-1,7,0,3,0,10,0,0,0,0
87.63223,3,0,1,1,0,0,0,-1,0,1.0000,-1,7,0,3,0,10,0,0,0,0
87.65588,3,0,1,1,0,0,0,-1,0,1.0000,-1,7,0,3,0,10,0,0,0,0
87.67625,3,0,1,1,0,0,0,-1,0,1.0000,-1,7,0,3,0,10,0,0,0,0
87.69716,3,0,1,1,0,0,0,-1,0,1.0000,-1,7,0,3,0,10,0,0,0,0
87.7187,3,0,1,1,0,0,0,-1,0,1.0000,-1,7,0,3,0,10,0,0,0,0
87.73899,3,0,1,1,0,0,0,-1,0,1.0000,-1,7,0,3,0,10,0,0,0,0
87.7617,3,0,1,1,0,0,0,-1,0,1.0000,-1,7,0,3,0,10,0,0,0,0
87.87414,3,0,1,1,0,0,0,-1,0,1.0000,-1,7,0,3,0,10,0,0,0,0
87.89645,3,0,1,1,0,0,0,-1,0,1.0000,-1,7,0,3,0,10,0,0,0,0
87.91833,3,0,1,1,0,0,0,-1,0,1.0000,-1,7,0,3,0,10,0,0,0,0
87.9395,3,0,1,1,0,0,0,-1,0,1.0000,-1,7,0,3,0,10,0,0,0,0
87.96198,3,0,1,1,0,0,0,-1,0,1.0000,-1,7,0,3,0,10,0,0,0,0
87.98458,3,0,1,1,0,0,0,-1,0,1.0000,-1,7,0,3,0,10,0,0,0,0
88.00604,3,0,1,1,0,0,0,-1,0,1.0000,-1,7,0,3,0,10,0,0,0,0
88.02761,3,0,1,1,1,0,0,-1,0,1.0000,-1,7,0,3,0,10,0,0,0,0
88.0489,3,0,1,1,1,0,0,-1,0,1.0000,-1,7,0,3,0,10,0,0,0,0
88.07143,3,0,1,1,1,0,0,-1,0,1.0000,-1,7,0,3,0,10,0,0,0,0
88.10303,3,0,1,1,1,0,0,-1,0,1.0000,-1,7,0,3,0,10,0,0,0,0
88.12157,3,0,1,1,1,0,0,-1,0,1.0000,-1,7,0,3,0,10,0,0,0,0
88.14254,3,0,1,1,1,0,0,-1,0,1.0000,-1,7,0,3,0,10,0,0,0,0
88.16322,3,0,1,0,1,0,0,-1,0,1.0000,-1,7,0,3,0,10,0,0,0,0
88.18752,3,0,1,0,1,0,0,-1,0,1.0000,-1,7,0,3,0,10,0,0,0,0
88.20861,3,0,1,0,1,0,0,-1,0,1.0000,-1,7,0,3,0,10,0,0,0,0
88.23051,3,0,1,0,1,0,0,-1,0,1.0000,-1,7,0,3,0,10,0,0,0,0
88.25118,3,0,1,0,1,0,0,-1,0,1.0000,-1,7,0,3,0,10,0,0,0,0
88.2714,3,0,1,0,1,0,0,-1,0,1.0000,-1,7,0,3,0,10,0,0,0,0
88.29353,3,0,1,0,1,0,0,-1,0,0.0000,-1,7,0,3,0,10,0,0,0,0
88.31416,3,0,1,0,1,0,0,-1,0,0.0000,-1,7,0,3,0,10,0,0,0,0
88.35445,3,0,1,0,1,0,0,-1,0,0.0000,-1,7,0,3,0,10,0,0,0,0
88.36742,3,0,1,0,1,0,0,-1,0,0.0000,-1,7,0,3,0,10,0,0,0,0
88.38345,3,0,1,0,1,0,0,-1,0,0.0000,-1,7,0,3,0,10,0,0,0,0
88.40659,3,0,1,0,1,0,0,-1,0,0.0000,-1,7,0,3,0,10,0,0,0,0
88.43271,3,0,1,0,1,0,0,-1,1,1.0000,-1,7,0,3,0,10,0,0,0,0
88.45305,3,0,1,0,1,0,0,-1,0,1.0000,-1,7,0,3,0,10,0,0,0,0
88.48088,3,0,1,0,1,0,0,-1,0,1.0000,-1,7,0,3,0,10,0,0,0,0
88.5052,3,0,1,0,1,0,0,-1,0,1.0000,-1,7,0,3,0,10,0,0,0,0
88.52605,3,0,1,0,1,0,0,-1,0,1.0000,-1,7,0,3,0,10,0,0,0,0
88.56915,3,0,1,0,1,0,0,-1,0,1.0000,-1,7,0,3,0,10,0,0,0,0
88.59165,3,0,1,0,1,0,0,-1,0,1.0000,-1,7,0,3,0,10,0,0,0,0
88.61164,3,0,1,0,1,0,0,-1,0,1.0000,-1,7,0,3,0,10,0,0,0,0
88.63462,3,0,1,0,0,0,0,-1,0,1.0000,-1,7,0,3,0,10,0,0,0,0
88.65373,3,0,1,0,0,0,0,-1,0,1.0000,-1,7,0,3,0,10,0,0,0,0
88.67309,3,0,1,0,0,0,0,-1,0,1.0000,-1,7,0,3,0,10,0,0,0,0
88.69148,3,0,1,0,0,0,0,-1,0,1.0000,-1,7,0,3,0,10,0,0,0,0
88.71458,3,0,1,0,0,0,0,-1,0,1.0000,-1,7,0,3,0,10,0,0,0,0
88.73604,3,0,1,0,0,0,0,-1,0,1.0000,-1,7,0,3,0,10,0,0,0,0
88.77967,3,0,1,0,0,0,0,-1,0,1.0000,-1,7,0,3,0,10,0,0,0,0
88.79291,3,0,1,0,0,0,0,-1,0,1.0000,-1,7,0,3,0,10,0,0,0,0
88.80807,3,0,1,0,0,0,0,-1,0,1.0000,-1,7,0,3,0,10,0,0,0,0
88.83392,3,0,1,0,0,0,0,-1,0,1.0000,-1,7,0,3,0,10,0,0,0,0
88.85637,3,0,1,0,0,0,0,-1,0,1.0000,-1,7,0,3,0,10,0,0,0,0
88.87969,3,0,1,0,0,0,0,-1,0,1.0000,-1,7,0,3,0,10,0,0,0,0
88.90144,3,0,1,0,0,0,0,-1,0,1.0000,-1,7,0,3,0,10,0,0,0,0
88.92599,3,0,1,0,0,0,0,-1,0,1.0000,-1,7,0,3,0,10,0,0,0,0
88.95541,3,0,1,0,0,0,0,-1,0,1.0000,-1,7,0,3,0,10,0,0,0,0
88.97896,3,0,1,0,0,0,0,-1,0,1.0000,-1,7,0,3,0,10,0,0,0,0
89.00463,3,0,1,0,0,0,0,-1,0,1.0000,-1,7,0,3,0,10,0,0,0,0
89.03716,3,0,1,0,0,0,0,-1,0,1.0000,-1,7,0,3,0,10,0,0,0,0
89.06135,3,0,1,0,0,0,0,-1,0,1.0000,-1,7,0,3,0,10,0,0,0,0
89.08866,3,0,1,0,0,0,0,-1,0,1.0000,-1,7,0,3,0,10,0,0,0,0
89.11852,3,0,1,0,0,0,0,-1,0,1.0000,-1,7,0,3,0,10,0,0,0,0
89.14497,3,0,1,0,0,0,0,-1,0,1.0000,-1,7,0,3,0,10,0,0,0,0
89.17201,3,0,1,0,0,0,0,-1,0,1.0000,-1,7,0,3,0,10,0,0,0,0
89.20034,3,0,1,0,0,0,0,-1,0,1.0000,-1,7,0,3,0,10,0,0,0,0
89.22742,3,0,1,0,0,0,0,-1,1,2.0000,-1,7,0,3,0,10,0,0,0,0
89.2543,3,0,1,0,0,0,0,-1,0,2.0000,-1,7,0,3,0,10,0,0,0,0
89.28654,3,0,1,0,0,0,0,-1,0,2.0000,-1,7,0,3,0,10,0,0,0,0
89.30852,3,0,1,0,0,0,0,-1,0,2.0000,-1,7,0,3,0,10,0,0,0,0
89.33386,3,0,1,0,0,0,0,-1,0,2.0000,-1,7,0,3,0,10,0,0,0,0
89.36127,3,0,1,0,0,0,0,-1,0,2.0000,-1,7,0,3,0,10,0,0,0,0
89.39133,3,0,1,0,0,0,0,-1,0,2.0000,-1,7,0,3,0,10,0,0,0,0
89.42185,3,0,1,0,0,0,0,-1,0,2.0000,-1,7,0,3,0,10,0,0,0,0
89.44619,3,0,1,0,0,0,0,-1,0,1.0000,-1,7,0,3,0,10,0,0,0,0
89.47408,3,0,1,0,0,0,0,-1,0,1.0000,-1,7,0,3,0,10,0,0,0,0
89.50446,3,0,1,0,0,0,0,-1,0,1.0000,-1,7,0,3,0,10,0,0,0,0
89.53525,3,0,1,0,0,0,0,-1,0,1.0000,-1,7,0,3,0,10,0,0,0,0
89.56244,3,0,1,0,0,0,0,-1,0,1.0000,-1,7,0,3,0,10,0,0,0,0
89.59298,3,0,1,0,0,0,0,-1,0,1.0000,-1,7,0,3,0,10,0,0,0,0
89.64748,3,0,1,0,0,0,0,-1,0,1.0000,-1,7,0,3,0,10,0,0,0,0
89.66756,3,0,1,0,0,0,0,-1,0,1.0000,-1,7,0,3,0,10,0,0,0,0
89.6865,3,0,1,0,0,0,0,-1,0,1.0000,-1,7,0,3,0,10,0,0,0,0
89.71985,3,0,1,0,0,0,0,-1,0,1.0000,-1,7,0,3,0,10,0,0,0,0
89.75081,3,0,1,0,0,0,0,-1,1,2.0000,-1,7,0,3,0,10,0,0,0,0
89.78681,3,0,1,0,0,0,0,-1,0,2.0000,-1,7,0,3,0,10,0,0,0,0
89.80891,3,0,1,0,0,0,0,-1,0,2.0000,-1,7,0,3,0,10,0,0,0,0
89.8373,3,0,1,0,0,0,0,-1,0,2.0000,-1,7,0,3,0,10,0,0,0,0
89.86409,3,0,1,0,0,0,0,-1,0,2.0000,-1,7,0,3,0,10,0,0,0,0
89.89179,3,0,1,0,0,0,0,-1,0,2.0000,-1,7,0,3,0,10,0,0,0,0
89.91671,3,0,1,0,0,0,0,-1,0,2.0000,-1,7,0,3,0,10,0,0,0,0
89.94186,3,0,1,0,0,0,0,-1,0,2.0000,-1,7,0,3,0,10,0,0,0,0
89.9697,3,0,1,0,0,0,0,-1,0,2.0000,-1,7,0,3,0,10,0,0,0,0
89.99743,3,0,1,0,0,0,0,-1,0,2.0000,-1,7,0,3,0,10,0,0,0,0
90.02094,3,0,1,0,0,0,0,-1,0,2.0000,-1,7,0,3,0,10,0,0,0,0
90.04942,3,0,1,1,0,0,0,-1,0,2.0000,-1,7,0,3,0,10,0,0,0,0
90.07674,3,0,1,1,0,0,0,-1,0,2.0000,-1,7,0,3,0,10,0,0,0,0
90.10522,3,0,1,1,0,0,0,-1,0,2.0000,-1,7,0,3,0,10,0,0,0,0
90.13117,3,0,1,1,0,0,0,-1,0,2.0000,-1,7,0,3,0,10,0,0,0,0
90.15584,3,0,1,1,0,0,0,-1,0,2.0000,-1,7,0,3,0,10,0,0,0,0
90.18214,3,0,1,1,0,0,0,-1,0,2.0000,-1,7,0,3,0,10,0,0,0,0
90.20938,3,0,1,1,0,0,1,44,0,2.0000,-1,7,0,3,0,10,0,0,0,0
90.24224,3,0,1,1,0,0,1,44,1,2.0000,-1,7,0,3,0,10,0,0,0,0
90.29462,3,0,1,1,0,0,1,44,0,2.0000,-1,7,0,3,0,10,0,0,0,0
90.3117,3,0,1,1,0,0,1,44,0,2.0000,-1,7,0,3,0,10,0,0,0,0
90.32931,3,0,1,1,0,0,1,44,0,2.0000,-1,7,0,3,0,10,0,0,0,0
90.3572,3,0,1,1,0,0,1,44,0,2.0000,-1,7,0,3,0,10,0,0,0,0
90.39004,3,0,1,1,0,0,1,44,0,2.0000,-1,7,0,3,0,10,0,0,0,0
90.41843,3,0,1,1,0,0,1,44,0,2.0000,-1,7,0,3,0,10,0,0,0,0
90.44383,3,0,1,1,0,0,1,44,0,2.0000,-1,7,0,3,0,10,0,0,0,0
90.49577,3,0,1,1,0,0,1,44,0,2.0000,-1,7,0,3,0,10,0,0,0,0
90.51244,3,0,1,1,0,0,1,44,0,2.0000,-1,7,0,3,0,10,0,0,0,0
90.53226,3,0,1,1,0,0,1,44,0,2.0000,-1,7,0,3,0,10,0,0,0,0
90.5606,3,0,1,1,0,0,1,44,0,2.0000,-1,7,0,3,0,10,0,0,0,0
90.58868,3,0,1,1,0,0,0,-1,0,2.0000,44,7,0,4,0,11,0,0,0,0
90.61205,3,0,1,1,0,0,0,-1,0,2.0000,-1,7,0,4,0,11,0,0,0,0
90.64151,3,0,1,1,0,0,0,-1,0,2.0000,-1,7,0,4,0,11,0,0,0,0
90.66959,3,0,1,0,0,0,0,-1,0,2.0000,-1,7,0,4,0,11,0,0,0,0
90.71284,3,0,1,0,0,0,0,-1,0,2.0000,-1,7,0,4,0,11,0,0,0,0
90.7285,3,0,1,0,1,0,0,-1,0,2.0000,-1,7,0,4,0,11,0,0,0,0
90.74455,3,0,1,0,1,0,0,-1,0,2.0000,-1,7,0,4,0,11,0,0,0,0
90.76748,3,0,1,0,1,0,0,-1,0,1.0000,-1,7,0,4,0,11,0,0,0,0
90.79101,3,0,1,0,1,0,0,-1,0,1.0000,-1,7,0,4,0,11,0,0,0,0
90.81524,3,0,1,0,1,0,0,-1,0,1.0000,-1,7,0,4,0,11,0,0,0,0
90.83855,3,0,1,0,1,0,0,-1,0,1.0000,-1,7,0,4,0,11,0,0,0,0
90.85933,3,0,1,0,1,0,0,-1,0,1.0000,-1,7,0,4,0,11,0,0,0,0
90.88223,3,0,1,0,1,0,0,-1,0,1.0000,-1,7,0,4,0,11,0,0,0,0
90.92428,3,0,1,0,1,0,0,-1,0,1.0000,-1,7,0,4,0,11,0,0,0,0
90.93984,3,0,1,0,1,0,0,-1,0,1.0000,-1,7,0,4,0,11,0,0,0,0
90.95441,3,0,1,0,1,0,0,-1,0,1.0000,-1,7,0,4,0,11,0,0,0,0
90.97508,3,0,1,0,1,0,0,-1,0,1.0000,-1,7,0,4,0,11,0,0,0,0
90.99768,3,0,1,0,1,0,0,-1,0,1.0000,-1,7,0,4,0,11,0,0,0,0
91.02151,3,0,1,0,1,0,0,-1,0,1.0000,-1,7,0,4,0,11,0,0,0,0
91.04364,3,0,1,0,1,0,0,-1,0,1.0000,-1,7,0,4,0,11,0,0,0,0
91.06854,3,0,1,0,1,0,0,-1,0,1.0000,-1,7,0,4,0,11,0,0,0,0
91.08833,3,0,1,0,1,0,0,-1,0,1.0000,-1,7,0,4,0,11,0,0,0,0
91.11275,3,0,1,0,1,0,0,-1,0,1.0000,-1,7,0,4,0,11,0,0,0,0
91.1349,3,0,1,0,1,0,0,-1,0,1.0000,-1,7,0,4,0,11,0,0,0,0
91.15683,3,0,1,0,1,0,0,-1,0,1.0000,-1,7,0,4,0,11,0,0,0,0
91.1781,3,0,1,0,1,0,0,-1,0,1.0000,-1,7,0,4,0,11,0,0,0,0
91.19943,3,0,1,0,1,0,0,-1,0,1.0000,-1,7,0,4,0,11,0,0,0,0
91.22122,3,0,1,0,1,0,0,-1,0,1.0000,-1,7,0,4,0,11,0,0,0,0
91.24159,3,0,1,0,1,0,0,-1,0,1.0000,-1,7,0,4,0,11,0,0,0,0
91.26262,3,0,1,0,1,0,0,-1,0,0.0000,-1,7,0,4,0,11,0,0,0,0
91.28481,3,0,1,0,1,0,0,-1,0,0.0000,-1,7,0,4,0,11,0,0,0,0
91.30773,3,0,1,0,0,0,0,-1,0,0.0000,-1,7,0,4,0,11,0,0,0,0
91.35059,3,0,1,0,0,0,0,-1,0,0.0000,-1,7,0,4,0,11,0,0,0,0
91.36599,3,0,1,1,0,0,0,-1,0,0.0000,-1,7,0,4,0,11,0,0,0,0
91.38335,3,0,1,1,0,0,0,-1,0,0.0000,-1,7,0,4,0,11,0,0,0,0
91.40125,3,0,1,1,0,0,0,-1,0,0.0000,-1,7,0,4,0,11,0,0,0,0
91.41856,3,0,1,1,0,0,0,-1,0,0.0000,-1,7,0,4,0,11,0,0,0,0
91.4408,3,0,1,1,0,0,0,-1,0,0.0000,-1,7,0,4,0,11,0,0,0,0
91.46206,3,0,1,1,0,0,0,-1,0,0.0000,-1,7,0,4,0,11,0,0,0,0
91.48486,3,0,1,1,0,0,0,-1,0,0.0000,-1,7,0,4,0,11,0,0,0,0
91.50555,3,0,1,1,0,0,0,-1,0,0.0000,-1,7,0,4,0,11,0,0,0,0
91.52628,3,0,1,1,0,0,0,-1,0,0.0000,-1,7,0,4,0,11,0,0,0,0
91.56873,3,0,1,1,0,0,1,47,1,1.0000,-1,7,0,4,0,11,0,0,0,0
91.58675,3,0,1,1,0,0,1,47,0,1.0000,-1,7,0,4,0,11,0,0,0,0
91.60377,3,0,1,1,0,0,1,47,0,1.0000,-1,7,0,4,0,11,0,0,0,0
91.61842,3,0,1,1,0,0,1,47,0,1.0000,-1,7,0,4,0,11,0,0,0,0
91.64378,3,0,1,1,0,0,1,47,0,1.0000,-1,7,0,4,0,11,0,0,0,0
91.6671,3,0,1,1,0,0,1,47,0,1.0000,-1,7,0,4,0,11,0,0,0,0
91.69009,3,0,1,1,0,0,1,47,0,1.0000,-1,7,0,4,0,11,0,0,0,0
91.71456,3,0,1,1,0,0,1,47,0,1.0000,-1,7,0,4,0,11,0,0,0,0
91.7382,3,0,1,1,0,0,1,47,0,1.0000,-1,7,0,4,0,11,0,0,0,0
91.75449,3,0,1,1,0,0,1,47,0,1.0000,-1,7,0,4,0,11,0,0,0,0
91.78107,3,0,1,1,0,0,1,47,0,1.0000,-1,7,0,4,0,11,0,0,0,0
91.79863,3,0,1,1,0,0,1,47,0,1.0000,-1,7,0,4,0,11,0,0,0,0
91.82018,3,0,1,1,0,0,1,47,0,1.0000,-1,7,0,4,0,11,0,0,0,0
91.84215,3,0,1,1,0,0,1,47,0,1.0000,-1,7,0,4,0,11,0,0,0,0
91.86299,3,0,1,1,0,0,1,47,0,1.0000,-1,7,0,4,0,11,0,0,0,0
91.88755,3,0,1,1,0,0,1,47,0,1.0000,-1,7,0,4,0,11,0,0,0,0
91.90936,3,0,1,1,0,0,1,47,0,1.0000,-1,7,0,4,0,11,0,0,0,0
91.92971,3,0,1,0,0,0,1,47,0,1.0000,-1,7,0,4,0,11,0,0,0,0
91.95336,3,0,1,0,0,0,1,47,0,1.0000,-1,7,0,4,0,11,0,0,0,0
91.99294,3,0,1,0,0,0,1,47,0,1.0000,-1,7,0,4,0,11,0,0,0,0
92.00888,3,0,1,0,0,0,1,47,0,1.0000,-1,7,0,4,0,11,0,0,0,0
92.02281,3,0,1,0,0,0,1,47,0,1.0000,-1,7,0,4,0,11,0,0,0,0
92.04498,3,0,1,0,0,0,1,47,0,1.0000,-1,7,0,4,0,11,0,0,0,0
92.07111,3,0,1,0,1,0,0,-1,0,1.0000,47,7,0,5,0,12,0,0,0,0
92.0929,3,0,1,0,1,0,0,-1,0,1.0000,-1,7,0,5,0,12,0,0,0,0
92.11559,3,0,1,0,1,0,0,-1,0,1.0000,-1,7,0,5,0,12,0,0,0,0
92.1402,3,0,1,0,1,0,0,-1,0,1.0000,-1,7,0,5,0,12,0,0,0,0
92.16203,3,0,1,0,1,0,0,-1,1,2.0000,-1,7,0,5,0,12,0,0,0,0
92.20291,3,0,1,0,1,0,0,-1,0,2.0000,-1,7,0,5,0,12,0,0,0,0
92.21684,3,0,1,0,1,0,0,-1,0,2.0000,-1,7,0,5,0,12,0,0,0,0
92.23286,3,0,1,0,1,0,0,-1,0,2.0000,-1,7,0,5,0,12,0,0,0,0
92.25657,3,0,1,0,1,0,0,-1,0,2.0000,-1,7,0,5,0,12,0,0,0,0
92.27879,3,0,1,0,1,0,0,-1,0,2.0000,-1,7,0,5,0,12,0,0,0,0
92.30132,3,0,1,0,1,0,1,50,0,2.0000,-1,7,0,5,0,12,0,0,0,0
92.32461,3,0,1,0,1,0,1,50,0,2.0000,-1,7,0,5,0,12,0,0,0,0
92.34612,3,0,1,0,1,0,1,50,0,2.0000,-1,7,0,5,0,12,0,0,0,0
92.36967,3,0,1,0,1,0,1,50,0,2.0000,-1,7,0,5,0,12,0,0,0,0
92.39152,3,0,1,0,1,0,1,50,0,2.0000,-1,7,0,5,0,12,0,0,0,0
92.41216,3,0,1,0,1,0,1,50,0,2.0000,-1,7,0,5,0,12,0,0,0,0
92.43526,3,0,1,0,1,0,1,50,0,2.0000,-1,7,0,5,0,12,0,0,0,0
92.4568,3,0,1,0,1,0,1,50,0,2.0000,-1,7,0,5,0,12,0,0,0,0
92.4772,3,0,1,0,1,0,1,50,0,2.0000,-1,7,0,5,0,12,0,0,0,0
92.50282,3,0,1,0,1,0,1,50,0,2.0000,-1,7,0,5,0,12,0,0,0,0
92.52422,3,0,1,0,1,0,1,50,0,2.0000,-1,7,0,5,0,12,0,0,0,0
92.54404,3,0,1,0,1,0,1,50,0,2.0000,-1,7,0,5,0,12,0,0,0,0
92.5666,3,0,1,0,1,0,1,50,0,2.0000,-1,7,0,5,0,12,0,0,0,0
92.59029,3,0,1,0,1,0,1,50,0,1.0000,-1,7,0,5,0,12,0,0,0,0
92.61165,3,0,1,0,1,0,1,50,0,1.0000,-1,7,0,5,0,12,0,0,0,0
92.63309,2,1,2,0,0,0,1,50,0,1.0000,-1,7,0,5,0,12,0,0,0,0
92.65632,2,0,2,0,0,0,1,50,0,1.0000,-1,7,0,5,0,12,0,0,0,0
92.67653,2,0,2,0,0,0,1,50,0,1.0000,-1,7,0,5,0,12,0,0,0,0
92.70077,2,0,2,0,0,0,1,50,0,1.0000,-1,7,0,5,0,12,0,0,0,0
92.72113,2,0,2,0,0,0,1,50,0,1.0000,-1,7,0,5,0,12,0,0,0,0
92.74403,2,0,2,0,0,0,1,50,0,1.0000,-1,7,0,5,0,12,0,0,0,0
92.76732,2,0,2,0,0,0,1,50,0,1.0000,-1,7,0,5,0,12,0,0,0,0
92.78727,2,0,2,0,0,0,1,50,0,1.0000,-1,7,0,5,0,12,0,0,0,0
92.80959,2,0,2,0,0,0,1,50,0,1.0000,-1,7,0,5,0,12,0,0,0,0
92.85036,2,0,2,0,0,0,1,50,0,1.0000,-1,7,0,5,0,12,0,0,0,0
92.8633,2,0,2,0,0,0,1,50,0,1.0000,-1,7,0,5,0,12,0,0,0,0
92.87904,2,0,2,0,0,0,1,50,0,1.0000,-1,7,0,5,0,12,0,0,0,0
92.90274,2,0,2,0,0,0,1,50,0,1.0000,-1,7,0,5,0,12,0,0,0,0
92.92365,2,0,2,0,0,0,1,50,0,1.0000,-1,7,0,5,0,12,0,0,0,0
92.94572,2,0,2,0,0,0,1,50,0,1.0000,-1,7,0,5,0,12,0,0,0,0
92.96789,2,0,2,0,0,0,1,50,0,1.0000,-1,7,0,5,0,12,0,0,0,0
92.9921,2,0,2,0,0,0,1,50,0,1.0000,-1,7,0,5,0,12,0,0,0,0
93.0155,2,0,2,0,0,0,1,50,0,1.0000,-1,7,0,5,0,12,0,0,0,0
93.05377,2,0,2,0,0,0,1,50,0,1.0000,-1,7,0,5,0,12,0,0,0,0
93.06937,2,0,2,0,0,0,1,50,0,1.0000,-1,7,0,5,0,12,0,0,0,0
93.08617,2,0,2,0,0,0,1,50,0,1.0000,-1,7,0,5,0,12,0,0,0,0
93.10947,2,0,2,0,0,0,1,50,0,1.0000,-1,7,0,5,0,12,0,0,0,0
93.13231,2,0,2,0,0,0,1,50,0,1.0000,-1,7,0,5,0,12,0,0,0,0
93.15505,2,0,2,0,0,0,1,50,0,1.0000,-1,7,0,5,0,12,0,0,0,0
93.17863,2,0,2,0,0,0,1,50,0,0.0000,-1,7,0,5,0,12,0,0,0,0
93.19924,2,0,2,0,0,0,0,-1,0,0.0000,50,7,1,5,0,13,0,0,0,0
93.22113,2,0,2,0,0,0,0,-1,0,0.0000,-1,7,1,5,0,13,0,0,0,0
93.26218,2,0,2,0,0,0,0,-1,0,0.0000,-1,7,1,5,0,13,0,0,0,0
93.2765,2,0,2,0,0,0,0,-1,0,0.0000,-1,7,1,5,0,13,0,0,0,0
93.29184,2,0,2,0,0,0,0,-1,0,0.0000,-1,7,1,5,0,13,0,0,0,0
93.31353,2,0,2,0,0,0,0,-1,0,0.0000,-1,7,1,5,0,13,0,0,0,0
93.33739,2,0,2,0,0,0,0,-1,0,0.0000,-1,7,1,5,0,13,0,0,0,0
93.36236,2,0,2,1,0,0,0,-1,0,0.0000,-1,7,1,5,0,13,0,0,0,0
93.38604,2,0,2,1,0,0,0,-1,0,0.0000,-1,7,1,5,0,13,0,0,0,0
93.40707,2,0,2,1,0,0,0,-1,0,0.0000,-1,7,1,5,0,13,0,0,0,0
93.4285,2,0,2,1,0,0,0,-1,0,0.0000,-1,7,1,5,0,13,0,0,0,0
93.46951,2,0,2,1,0,0,0,-1,0,0.0000,-1,7,1,5,0,13,0,0,0,0
93.4836,2,0,2,1,0,0,0,-1,0,0.0000,-1,7,1,5,0,13,0,0,0,0
93.49844,2,0,2,1,0,0,0,-1,0,0.0000,-1,7,1,5,0,13,0,0,0,0
93.52007,2,0,2,1,0,0,0,-1,0,0.0000,-1,7,1,5,0,13,0,0,0,0
93.54766,2,0,2,1,0,0,0,-1,0,0.0000,-1,7,1,5,0,13,0,0,0,0
93.57035,2,0,2,1,0,0,0,-1,0,0.0000,-1,7,1,5,0,13,0,0,0,0
93.59223,2,0,2,1,0,0,0,-1,0,0.0000,-1,7,1,5,0,13,0,0,0,0
93.61493,2,0,2,1,0,0,0,-1,0,0.0000,-1,7,1,5,0,13,0,0,0,0
93.63596,2,0,2,1,0,0,0,-1,1,1.0000,-1,7,1,5,0,13,0,0,0,0
93.66022,2,0,2,1,0,0,0,-1,0,1.0000,-1,7,1,5,0,13,0,0,0,0
93.68227,2,0,2,1,0,0,0,-1,0,1.0000,-1,7,1,5,0,13,0,0,0,0
93.70615,2,0,2,1,0,0,0,-1,0,1.0000,-1,7,1,5,0,13,0,0,0,0
93.72919,2,0,2,1,0,0,0,-1,0,1.0000,-1,7,1,5,0,13,0,0,0,0
93.75146,2,0,2,1,0,0,1,52,0,1.0000,-1,7,1,5,0,13,0,0,0,0
93.77641,2,0,2,1,0,0,1,52,0,1.0000,-1,7,1,5,0,13,0,0,0,0
93.80042,2,0,2,1,0,0,1,52,0,1.0000,-1,7,1,5,0,13,0,0,0,0
93.82216,2,0,2,1,0,0,1,52,0,1.0000,-1,7,1,5,0,13,0,0,0,0
93.84721,2,0,2,1,0,0,1,52,0,1.0000,-1,7,1,5,0,13,0,0,0,0
93.89164,2,0,2,1,0,0,1,52,0,1.0000,-1,7,1,5,0,13,0,0,0,0
93.90427,2,0,2,1,0,0,1,52,0,1.0000,-1,7,1,5,0,13,0,0,0,0
93.92014,2,0,2,1,0,0,1,52,0,1.0000,-1,7,1,5,0,13,0,0,0,0
93.94473,2,0,2,1,0,0,1,52,0,1.0000,-1,7,1,5,0,13,0,0,0,0
93.96869,2,0,2,1,0,0,1,52,1,2.0000,-1,7,1,5,0,13,0,0,0,0
93.99235,2,0,2,1,0,0,1,52,0,2.0000,-1,7,1,5,0,13,0,0,0,0
94.01913,2,0,2,1,0,0,1,52,0,2.0000,-1,7,1,5,0,13,0,0,0,0
94.04129,2,0,2,1,0,0,1,52,0,2.0000,-1,7,1,5,0,13,0,0,0,0
94.06356,2,0,2,1,0,0,1,52,0,2.0000,-1,7,1,5,0,13,0,0,0,0
94.08846,2,0,2,1,0,0,0,-1,0,2.0000,52,7,2,5,0,14,0,0,0,0
94.10973,2,0,2,1,0,0,0,-1,0,2.0000,-1,7,2,5,0,14,0,0,0,0
94.13459,2,0,2,1,0,0,0,-1,0,2.0000,-1,7,2,5,0,14,0,0,0,0
94.15798,2,0,2,1,1,0,0,-1,0,2.0000,-1,7,2,5,0,14,0,0,0,0
94.18017,2,0,2,1,1,0,0,-1,0,2.0000,-1,7,2,5,0,14,0,0,0,0
94.20312,2,0,2,1,1,0,0,-1,0,2.0000,-1,7,2,5,0,14,0,0,0,0
94.22675,2,0,2,1,1,0,0,-1,0,2.0000,-1,7,2,5,0,14,0,0,0,0
94.24828,2,0,2,1,1,0,0,-1,0,2.0000,-1,7,2,5,0,14,0,0,0,0
94.27101,2,0,2,1,1,0,0,-1,0,2.0000,-1,7,2,5,0,14,0,0,0,0
94.31182,2,0,2,1,1,0,0,-1,0,2.0000,-1,7,2,5,0,14,0,0,0,0
94.32705,2,0,2,1,1,0,0,-1,0,2.0000,-1,7,2,5,0,14,0,0,0,0
94.34547,2,0,2,1,1,0,0,-1,0,2.0000,-1,7,2,5,0,14,0,0,0,0
94.36682,2,0,2,1,1,0,0,-1,0,2.0000,-1,7,2,5,0,14,0,0,0,0
94.39,2,0,2,1,1,0,0,-1,0,2.0000,-1,7,2,5,0,14,0,0,0,0
94.41195,2,0,2,1,1,0,0,-1,0,2.0000,-1,7,2,5,0,14,0,0,0,0
94.43337,2,0,2,1,1,0,0,-1,0,2.0000,-1,7,2,5,0,14,0,0,0,0
94.45763,2,0,2,1,1,0,0,-1,0,2.0000,-1,7,2,5,0,14,0,0,0,0
94.48015,2,0,2,1,1,0,0,-1,0,2.0000,-1,7,2,5,0,14,0,0,0,0
94.51949,2,0,2,1,1,0,0,-1,0,2.0000,-1,7,2,5,0,14,0,0,0,0
94.53197,2,0,2,1,1,0,0,-1,0,2.0000,-1,7,2,5,0,14,0,0,0,0
94.54963,2,0,2,1,1,0,0,-1,0,2.0000,-1,7,2,5,0,14,0,0,0,0
94.57216,2,0,2,1,1,0,0,-1,0,2.0000,-1,7,2,5,0,14,0,0,0,0
94.59536,2,0,2,1,1,0,0,-1,0,2.0000,-1,7,2,5,0,14,0,0,0,0
94.61959,2,0,2,1,1,0,0,-1,0,2.0000,-1,7,2,5,0,14,0,0,0,0
94.64323,2,0,2,1,1,0,0,-1,0,1.0000,-1,7,2,5,0,14,0,0,0,0
94.66683,2,0,2,1,1,0,0,-1,0,1.0000,-1,7,2,5,0,14,0,0,0,0
94.68932,2,0,2,1,1,0,0,-1,0,1.0000,-1,7,2,5,0,14,0,0,0,0
94.71375,2,0,2,1,1,0,0,-1,0,1.0000,-1,7,2,5,0,14,0,0,0,0
94.7363,2,0,2,1,1,0,0,-1,0,1.0000,-1,7,2,5,0,14,0,0,0,0
94.75759,2,0,2,1,1,0,0,-1,0,1.0000,-1,7,2,5,0,14,0,0,0,0
94.7803,2,0,2,1,1,0,0,-1,0,1.0000,-1,7,2,5,0,14,0,0,0,0
94.80026,2,0,2,1,1,0,0,-1,0,1.0000,-1,7,2,5,0,14,0,0,0,0
94.82319,2,0,2,1,1,0,0,-1,0,1.0000,-1,7,2,5,0,14,0,0,0,0
94.84492,2,0,2,1,0,0,0,-1,0,1.0000,-1,7,2,5,0,14,0,0,0,0
94.8668,2,0,2,1,0,0,0,-1,0,1.0000,54,7,3,5,0,15,0,0,0,0
94.88754,2,0,2,1,0,0,0,-1,0,1.0000,-1,7,3,5,0,15,0,0,0,0
94.91064,2,0,2,1,0,0,0,-1,0,1.0000,-1,7,3,5,0,15,0,0,0,0
94.95367,2,0,2,1,0,0,0,-1,0,1.0000,-1,7,3,5,0,15,0,0,0,0
94.97445,2,0,2,0,0,0,0,-1,0,0.0000,-1,7,3,5,0,15,0,0,0,0
94.99438,2,0,2,0,0,0,0,-1,0,0.0000,-1,7,3,5,0,15,0,0,0,0
95.00944,2,0,2,0,0,0,0,-1,0,0.0000,-1,7,3,5,0,15,0,0,0,0
95.02549,2,0,2,0,0,0,0,-1,0,0.0000,-1,7,3,5,0,15,0,0,0,0
95.05106,2,0,2,0,0,0,0,-1,0,0.0000,-1,7,3,5,0,15,0,0,0,0
95.07332,2,0,2,0,0,0,0,-1,0,0.0000,-1,7,3,5,0,15,0,0,0,0
95.0944,2,0,2,0,0,0,0,-1,0,0.0000,-1,7,3,5,0,15,0,0,0,0
95.11626,2,0,2,0,0,0,0,-1,0,0.0000,-1,7,3,5,0,15,0,0,0,0
95.15711,2,0,2,0,0,0,0,-1,0,0.0000,-1,7,3,5,0,15,0,0,0,0
95.1748,2,0,2,0,0,0,0,-1,0,0.0000,-1,7,3,5,0,15,0,0,0,0
95.1935,2,0,2,0,0,0,0,-1,0,0.0000,-1,7,3,5,0,15,0,0,0,0
95.21258,2,0,2,0,0,0,0,-1,0,0.0000,-1,7,3,5,0,15,0,0,0,0
95.23155,2,0,2,0,0,0,0,-1,0,0.0000,-1,7,3,5,0,15,0,0,0,0
95.25238,2,0,2,0,0,0,0,-1,0,0.0000,-1,7,3,5,0,15,0,0,0,0
95.27531,2,0,2,0,0,0,0,-1,0,0.0000,-1,7,3,5,0,15,0,0,0,0
95.29565,2,0,2,0,0,0,0,-1,0,0.0000,-1,7,3,5,0,15,0,0,0,0
95.31767,2,0,2,0,0,0,0,-1,0,0.0000,-1,7,3,5,0,15,0,0,0,0
95.33884,2,0,2,0,0,0,0,-1,0,0.0000,-1,7,3,5,0,15,0,0,0,0
95.36108,2,0,2,0,0,0,0,-1,0,0.0000,-1,7,3,5,0,15,0,0,0,0
95.38017,2,0,2,0,0,0,0,-1,0,0.0000,-1,7,3,5,0,15,0,0,0,0
95.40041,2,0,2,0,0,0,0,-1,0,0.0000,-1,7,3,5,0,15,0,0,0,0
95.42485,2,0,2,0,0,0,0,-1,0,0.0000,-1,7,3,5,0,15,0,0,0,0
95.4462,2,0,2,0,0,0,0,-1,0,0.0000,-1,7,3,5,0,15,0,0,0,0
95.46671,2,0,2,0,0,0,0,-1,0,0.0000,-1,7,3,5,0,15,0,0,0,0
95.48906,2,0,2,0,0,0,0,-1,0,0.0000,-1,7,3,5,0,15,0,0,0,0
95.50986,2,0,2,0,0,0,0,-1,0,0.0000,-1,7,3,5,0,15,0,0,0,0
95.53175,2,0,2,0,0,0,1,56,0,0.0000,-1,7,3,5,0,15,0,0,0,0
95.57116,2,0,2,0,0,0,1,56,0,0.0000,-1,7,3,5,0,15,0,0,0,0
95.58673,2,0,2,0,0,0,1,56,0,0.0000,-1,7,3,5,0,15,0,0,0,0
95.6005,2,0,2,0,0,0,1,56,0,0.0000,-1,7,3,5,0,15,0,0,0,0
95.61996,2,0,2,0,0,0,1,56,0,0.0000,-1,7,3,5,0,15,0,0,0,0
95.64415,2,0,2,0,0,0,1,56,0,0.0000,-1,7,3,5,0,15,0,0,0,0
95.66606,2,0,2,0,0,0,1,56,0,0.0000,-1,7,3,5,0,15,0,0,0,0
95.68773,2,0,2,0,0,0,1,56,0,0.0000,-1,7,3,5,0,15,0,0,0,0
95.70959,2,0,2,0,0,0,1,56,0,0.0000,-1,7,3,5,0,15,0,0,0,0
95.72942,2,0,2,0,0,0,1,56,0,0.0000,-1,7,3,5,0,15,0,0,0,0
95.75142,2,0,2,0,0,0,1,56,0,0.0000,-1,7,3,5,0,15,0,0,0,0
95.77361,2,0,2,0,0,0,1,56,0,0.0000,-1,7,3,5,0,15,0,0,0,0
95.79483,2,0,2,0,0,0,1,56,0,0.0000,-1,7,3,5,0,15,0,0,0,0
95.81522,2,0,2,0,0,0,1,56,0,0.0000,-1,7,3,5,0,15,0,0,0,0
95.83709,2,0,2,0,0,0,1,56,0,0.0000,-1,7,3,5,0,15,0,0,0,0
95.85865,2,0,2,0,0,0,1,56,0,0.0000,-1,7,3,5,0,15,0,0,0,0
95.87666,2,0,2,0,0,0,1,56,0,0.0000,-1,7,3,5,0,15,0,0,0,0
95.89644,2,0,2,0,0,0,1,56,0,0.0000,-1,7,3,5,0,15,0,0,0,0
95.91807,2,0,2,0,0,0,1,56,0,0.0000,-1,7,3,5,0,15,0,0,0,0
95.93929,2,0,2,0,0,0,1,56,0,0.0000,-1,7,3,5,0,15,0,0,0,0
95.9609,2,0,2,0,0,0,1,56,0,0.0000,-1,7,3,5,0,15,0,0,0,0
95.99908,2,0,2,0,0,0,1,56,1,1.0000,-1,7,3,5,0,15,0,0,0,0
96.01436,2,0,2,0,0,0,1,56,0,1.0000,-1,7,3,5,0,15,0,0,0,0
96.02918,2,0,2,0,0,0,1,56,0,1.0000,-1,7,3,5,0,15,0,0,0,0
96.04531,2,0,2,0,0,0,1,56,0,1.0000,-1,7,3,5,0,15,0,0,0,0
96.06696,2,0,2,0,0,0,1,56,0,1.0000,-1,7,3,5,0,15,0,0,0,0
96.0887,2,0,2,0,0,0,1,56,0,1.0000,-1,7,3,5,0,15,0,0,0,0
96.1094,2,0,2,0,0,0,1,56,0,1.0000,-1,7,3,5,0,15,0,0,0,0
96.12795,2,0,2,0,0,0,1,56,0,1.0000,-1,7,3,5,0,15,0,0,0,0
96.15088,2,0,2,0,0,0,1,56,0,1.0000,-1,7,3,5,0,15,0,0,0,0
96.17229,2,0,2,0,0,0,1,56,0,1.0000,-1,7,3,5,0,15,0,0,0,0
96.21006,2,0,2,0,0,0,1,56,0,1.0000,-1,7,3,5,0,15,0,0,0,0
96.22587,2,0,2,0,0,0,1,56,0,1.0000,-1,7,3,5,0,15,0,0,0,0
96.24027,2,0,2,0,0,0,1,56,0,1.0000,-1,7,3,5,0,15,0,0,0,0
96.25732,2,0,2,0,0,0,1,56,0,1.0000,-1,7,3,5,0,15,0,0,0,0
96.27944,2,0,2,0,0,0,1,56,0,1.0000,-1,7,3,5,0,15,0,0,0,0
96.30096,2,0,2,0,0,0,1,56,0,1.0000,-1,7,3,5,0,15,0,0,0,0
96.31907,2,0,2,0,0,0,1,56,0,1.0000,-1,7,3,5,0,15,0,0,0,0
96.34142,2,0,2,0,0,0,1,56,0,1.0000,-1,7,3,5,0,15,0,0,0,0
96.3628,2,0,2,0,0,0,1,56,0,1.0000,-1,7,3,5,0,15,0,0,0,0
96.38341,2,0,2,0,0,0,1,56,0,1.0000,-1,7,3,5,0,15,0,0,0,0
96.40213,2,0,2,0,0,0,1,56,0,1.0000,-1,7,3,5,0,15,0,0,0,0
96.42291,2,0,2,0,0,0,1,56,0,1.0000,-1,7,3,5,0,15,0,0,0,0
96.44404,2,0,2,0,0,0,1,56,0,1.0000,-1,7,3,5,0,15,0,0,0,0
96.4641,2,0,2,0,0,0,1,56,0,1.0000,-1,7,3,5,0,15,0,0,0,0
96.48553,2,0,2,0,0,0,1,56,0,1.0000,-1,7,3,5,0,15,0,0,0,0
96.50807,2,0,2,0,0,0,1,56,0,1.0000,-1,7,3,5,0,15,0,0,0,0
96.52687,2,0,2,0,0,0,0,-1,1,2.0000,-1,7,3,5,0,15,0,0,0,0
96.54874,2,0,2,0,0,0,0,-1,0,2.0000,-1,7,3,5,0,15,0,0,0,0
96.56936,2,0,2,0,0,0,0,-1,0,2.0000,-1,7,3,5,0,15,0,0,0,0
96.5888,2,0,2,0,0,0,0,-1,0,2.0000,-1,7,3,5,0,15,0,0,0,0
96.61085,2,0,2,0,0,0,0,-1,0,2.0000,-1,7,3,5,0,15,0,0,0,0
96.63063,2,0,2,0,0,0,0,-1,0,2.0000,56,7,4,5,0,16,0,0,0,0
96.65381,2,0,2,0,0,0,0,-1,0,2.0000,-1,7,4,5,0,16,0,0,0,0
96.67284,2,0,2,0,0,0,0,-1,0,2.0000,-1,7,4,5,0,16,0,0,0,0
96.69589,2,0,2,0,0,0,0,-1,0,2.0000,-1,7,4,5,0,16,0,0,0,0
96.71538,2,0,2,0,0,0,0,-1,0,2.0000,-1,7,4,5,0,16,0,0,0,0
96.73492,2,0,2,0,0,0,0,-1,0,2.0000,-1,7,4,5,0,16,0,0,0,0
96.75571,2,0,2,0,0,0,0,-1,0,2.0000,-1,7,4,5,0,16,0,0,0,0
96.7794,2,0,2,0,0,0,0,-1,0,2.0000,-1,7,4,5,0,16,0,0,0,0
96.79945,2,0,2,0,0,0,0,-1,0,2.0000,-1,7,4,5,0,16,0,0,0,0
96.8413,2,0,2,0,0,0,0,-1,0,2.0000,-1,7,4,5,0,16,0,0,0,0
96.85873,2,0,2,0,0,0,0,-1,0,2.0000,-1,7,4,5,0,16,0,0,0,0
96.87234,2,0,2,0,0,0,0,-1,0,2.0000,-1,7,4,5,0,16,0,0,0,0
96.88737,2,0,2,0,0,0,0,-1,0,2.0000,-1,7,4,5,0,16,0,0,0,0
96.91158,2,0,2,0,0,0,0,-1,0,2.0000,-1,7,4,5,0,16,0,0,0,0
96.931,2,0,2,0,0,0,0,-1,0,2.0000,-1,7,4,5,0,16,0,0,0,0
96.95329,2,0,2,0,0,0,0,-1,0,2.0000,-1,7,4,5,0,16,0,0,0,0
96.97508,2,0,2,0,0,0,0,-1,0,2.0000,-1,7,4,5,0,16,0,0,0,0
96.9973,2,0,2,0,0,0,0,-1,0,2.0000,-1,7,4,5,0,16,0,0,0,0
97.01519,2,0,2,0,0,0,0,-1,0,1.0000,-1,7,4,5,0,16,0,0,0,0
97.03702,2,0,2,0,0,0,0,-1,0,1.0000,-1,7,4,5,0,16,0,0,0,0
97.0554,2,0,2,0,0,0,0,-1,0,1.0000,-1,7,4,5,0,16,0,0,0,0
97.07764,2,0,2,0,0,0,0,-1,0,1.0000,-1,7,4,5,0,16,0,0,0,0
97.10016,2,0,2,0,0,0,0,-1,0,1.0000,-1,7,4,5,0,16,0,0,0,0
97.12088,2,0,2,0,0,0,0,-1,0,1.0000,-1,7,4,5,0,16,0,0,0,0
97.14192,2,0,2,0,0,0,0,-1,0,1.0000,-1,7,4,5,0,16,0,0,0,0
97.16145,2,0,2,0,0,0,0,-1,0,1.0000,-1,7,4,5,0,16,0,0,0,0
97.182,2,0,2,0,0,0,1,60,0,1.0000,-1,7,4,5,0,16,0,0,0,0
97.20212,2,0,2,0,0,0,1,60,0,1.0000,-1,7,4,5,0,16,0,0,0,0
97.2217,2,0,2,0,0,0,1,60,0,1.0000,-1,7,4,5,0,16,0,0,0,0
97.24319,2,0,2,0,0,0,1,60,1,2.0000,-1,7,4,5,0,16,0,0,0,0
97.26398,2,0,2,0,0,0,0,-1,0,2.0000,-1,7,4,5,0,16,0,0,0,0
97.28555,2,0,2,0,0,0,0,-1,0,2.0000,-1,7,4,5,0,16,0,0,0,0
97.30581,2,0,2,0,0,0,0,-1,0,2.0000,-1,7,4,5,0,16,0,0,0,0
97.3269,2,0,2,0,0,0,0,-1,0,2.0000,-1,7,4,5,0,16,0,0,0,0
97.34699,2,0,2,0,0,0,0,-1,0,2.0000,-1,7,4,5,0,16,0,0,0,0
97.36628,2,0,2,0,0,0,0,-1,0,2.0000,-1,7,4,5,0,16,0,0,0,0
97.39063,2,0,2,0,0,0,0,-1,0,2.0000,-1,7,4,5,0,16,0,0,0,0
97.40928,2,0,2,0,0,0,0,-1,0,2.0000,-1,7,4,5,0,16,0,0,0,0
97.42888,2,0,2,0,0,0,0,-1,0,2.0000,-1,7,4,5,0,16,0,0,0,0
97.45078,2,0,2,0,0,0,0,-1,0,2.0000,-1,7,4,5,0,16,0,0,0,0
97.47029,2,0,2,0,0,0,0,-1,0,2.0000,-1,7,4,5,0,16,0,0,0,0
97.4893,2,0,2,0,0,0,0,-1,0,2.0000,-1,7,4,5,0,16,0,0,0,0
97.51025,2,0,2,0,0,0,0,-1,0,2.0000,-1,7,4,5,0,16,0,0,0,0
97.53058,2,0,2,0,0,0,0,-1,0,1.0000,-1,7,4,5,0,16,0,0,0,0
97.55253,2,0,2,0,0,0,0,-1,0,1.0000,-1,7,4,5,0,16,0,0,0,0
97.57143,2,0,2,0,0,0,0,-1,0,1.0000,-1,7,4,5,0,16,0,0,0,0
97.59057,2,0,2,0,0,0,0,-1,0,1.0000,-1,7,4,5,0,16,0,0,0,0
97.61412,2,0,2,0,0,0,0,-1,0,1.0000,-1,7,4,5,0,16,0,0,0,0
97.63407,2,0,2,0,0,0,0,-1,0,1.0000,-1,7,4,5,0,16,0,0,0,0
97.67477,2,0,2,0,0,0,0,-1,0,1.0000,-1,7,4,5,0,16,0,0,0,0
97.6937,2,0,2,0,0,0,0,-1,0,1.0000,-1,7,4,5,0,16,0,0,0,0
97.70963,2,0,2,0,0,0,0,-1,0,1.0000,-1,7,4,5,0,16,0,0,0,0
97.72598,2,0,2,0,0,0,0,-1,0,1.0000,-1,7,4,5,0,16,0,0,0,0
97.74377,2,0,2,0,0,0,0,-1,0,1.0000,-1,7,4,5,0,16,0,0,0,0
97.76756,2,0,2,0,0,0,0,-1,0,1.0000,-1,7,4,5,0,16,0,0,0,0
97.78788,2,0,2,0,0,0,0,-1,0,1.0000,-1,7,4,5,0,16,0,0,0,0
97.81249,2,0,2,0,0,0,0,-1,0,1.0000,-1,7,4,5,0,16,0,0,0,0
97.83635,2,0,2,0,0,0,0,-1,0,1.0000,-1,7,4,5,0,16,0,0,0,0
97.85575,2,0,2,0,0,0,0,-1,0,1.0000,-1,7,4,5,0,16,0,0,0,0
97.88026,2,0,2,0,0,0,0,-1,0,1.0000,-1,7,4,5,0,16,0,0,0,0
97.9091,2,0,2,0,0,0,0,-1,0,1.0000,-1,7,4,5,0,16,0,0,0,0
97.92822,2,0,2,0,0,0,0,-1,0,1.0000,-1,7,4,5,0,16,0,0,0,0
97.9458,2,0,2,0,0,0,0,-1,0,1.0000,-1,7,4,5,0,16,0,0,0,0
97.97003,2,0,2,0,0,0,0,-1,0,1.0000,-1,7,4,5,0,16,0,0,0,0
97.99413,2,0,2,0,0,0,0,-1,0,1.0000,-1,7,4,5,0,16,0,0,0,0
98.0136,2,0,2,0,0,0,0,-1,0,1.0000,-1,7,4,5,0,16,0,0,0,0
98.0378,2,0,2,0,0,0,0,-1,0,1.0000,-1,7,4,5,0,16,0,0,0,0
98.05672,2,0,2,0,0,0,0,-1,0,1.0000,-1,7,4,5,0,16,0,0,0,0
98.0803,2,0,2,0,0,0,0,-1,0,1.0000,-1,7,4,5,0,16,0,0,0,0
98.10265,2,0,2,0,0,0,0,-1,0,1.0000,-1,7,4,5,0,16,0,0,0,0
98.12226,2,0,2,0,0,0,0,-1,0,1.0000,-1,7,4,5,0,16,0,0,0,0
98.1469,2,0,2,0,0,0,0,-1,0,1.0000,-1,7,4,5,0,16,0,0,0,0
98.16639,2,0,2,0,0,0,0,-1,0,1.0000,-1,7,4,5,0,16,0,0,0,0
98.1863,2,0,2,0,0,0,0,-1,0,1.0000,-1,7,4,5,0,16,0,0,0,0
98.20878,2,0,2,0,0,0,0,-1,0,1.0000,-1,7,4,5,0,16,0,0,0,0
98.22977,2,0,2,0,0,0,0,-1,0,1.0000,-1,7,4,5,0,16,0,0,0,0
98.25184,2,0,2,0,0,0,0,-1,0,0.0000,-1,7,4,5,0,16,0,0,0,0
98.27449,2,0,2,0,0,0,0,-1,0,0.0000,-1,7,4,5,0,16,0,0,0,0
98.2938,2,0,2,0,0,0,0,-1,0,0.0000,-1,7,4,5,0,16,0,0,0,0
98.31503,2,0,2,0,0,0,0,-1,0,0.0000,-1,7,4,5,0,16,0,0,0,0
98.33741,2,0,2,0,0,0,0,-1,0,0.0000,-1,7,4,5,0,16,0,0,0,0
98.35647,2,0,2,0,0,0,0,-1,0,0.0000,-1,7,4,5,0,16,0,0,0,0
98.37895,2,0,2,0,0,0,0,-1,0,0.0000,-1,7,4,5,0,16,0,0,0,0
98.40148,2,0,2,0,0,0,0,-1,0,0.0000,-1,7,4,5,0,16,0,0,0,0
98.42422,2,0,2,0,0,0,0,-1,0,0.0000,-1,7,4,5,0,16,0,0,0,0
98.4453,2,0,2,0,0,0,0,-1,0,0.0000,-1,7,4,5,0,16,0,0,0,0
98.46702,2,0,2,0,0,0,0,-1,0,0.0000,-1,7,4,5,0,16,0,0,0,0
98.50663,2,0,2,0,0,0,1,59,0,0.0000,-1,7,4,5,0,16,0,0,0,0
98.5251,2,0,2,0,0,0,1,59,0,0.0000,-1,7,4,5,0,16,0,0,0,0
98.5423,2,0,2,0,0,0,1,59,0,0.0000,-1,7,4,5,0,16,0,0,0,0
98.55894,2,0,2,0,0,0,1,59,1,1.0000,-1,7,4,5,0,16,0,0,0,0
98.57795,2,0,2,0,0,0,0,-1,0,1.0000,-1,7,4,5,0,16,0,0,0,0
98.60192,2,0,2,0,0,0,0,-1,0,1.0000,-1,7,4,5,0,16,0,0,0,0
98.62443,2,0,2,1,0,0,0,-1,0,1.0000,-1,7,4,5,0,16,0,0,0,0
98.6442,2,0,2,1,0,0,0,-1,0,1.0000,-1,7,4,5,0,16,0,0,0,0
98.66663,2,0,2,1,0,0,0,-1,0,1.0000,-1,7,4,5,0,16,0,0,0,0
98.68728,2,0,2,1,0,0,0,-1,0,1.0000,-1,7,4,5,0,16,0,0,0,0
98.72906,2,0,2,1,0,0,0,-1,0,1.0000,-1,7,4,5,0,16,0,0,0,0
98.7468,2,0,2,1,0,0,0,-1,0,1.0000,-1,7,4,5,0,16,0,0,0,0
98.76098,2,0,2,1,0,0,0,-1,0,1.0000,-1,7,4,5,0,16,0,0,0,0
98.77793,2,0,2,1,0,0,0,-1,0,1.0000,-1,7,4,5,0,16,0,0,0,0
98.80126,2,0,2,1,0,0,0,-1,0,1.0000,-1,7,4,5,0,16,0,0,0,0
98.82378,2,0,2,1,0,0,0,-1,0,1.0000,-1,7,4,5,0,16,0,0,0,0
98.84364,2,0,2,1,0,0,0,-1,0,1.0000,-1,7,4,5,0,16,0,0,0,0
98.86609,2,0,2,1,0,0,0,-1,0,1.0000,-1,7,4,5,0,16,0,0,0,0
98.88627,2,0,2,1,0,0,0,-1,0,1.0000,-1,7,4,5,0,16,0,0,0,0
98.90752,2,0,2,1,0,0,0,-1,0,1.0000,-1,7,4,5,0,16,0,0,0,0
98.93105,2,0,2,1,0,0,0,-1,0,1.0000,-1,7,4,5,0,16,0,0,0,0
98.95316,2,0,2,1,0,0,0,-1,0,1.0000,-1,7,4,5,0,16,0,0,0,0
98.97839,2,0,2,1,0,0,0,-1,0,1.0000,-1,7,4,5,0,16,0,0,0,0
98.99759,2,0,2,1,0,0,0,-1,0,1.0000,-1,7,4,5,0,16,0,0,0,0
99.01918,2,0,2,1,0,0,0,-1,0,1.0000,-1,7,4,5,0,16,0,0,0,0
99.0425,2,0,2,1,0,0,0,-1,0,1.0000,-1,7,4,5,0,16,0,0,0,0
99.06377,2,0,2,1,0,0,0,-1,0,1.0000,-1,7,4,5,0,16,0,0,0,0
99.09326,2,0,2,1,0,0,0,-1,0,1.0000,-1,7,4,5,0,16,0,0,0,0
99.11272,2,0,2,1,0,0,0,-1,0,1.0000,-1,7,4,5,0,16,0,0,0,0
99.15418,2,0,2,1,0,0,0,-1,0,1.0000,-1,7,4,5,0,16,0,0,0,0
99.16946,2,0,2,1,0,0,0,-1,0,1.0000,-1,7,4,5,0,16,0,0,0,0
99.1837,2,0,2,1,0,0,0,-1,0,1.0000,-1,7,4,5,0,16,0,0,0,0
99.20523,2,0,2,1,0,0,0,-1,0,1.0000,-1,7,4,5,0,16,0,0,0,0
99.22609,2,0,2,1,0,0,0,-1,0,1.0000,-1,7,4,5,0,16,0,0,0,0
99.2489,2,0,2,1,0,0,0,-1,0,1.0000,-1,7,4,5,0,16,0,0,0,0
99.27066,2,0,2,1,0,0,0,-1,0,1.0000,-1,7,4,5,0,16,0,0,0,0
99.29326,2,0,2,1,1,0,1,61,0,1.0000,-1,7,4,5,0,16,0,0,0,0
99.31317,2,0,2,1,1,0,1,61,0,1.0000,-1,7,4,5,0,16,0,0,0,0
99.33522,2,0,2,1,1,0,1,61,0,1.0000,-1,7,4,5,0,16,0,0,0,0
99.35754,2,0,2,1,1,0,1,61,0,1.0000,-1,7,4,5,0,16,0,0,0,0
99.38079,2,0,2,1,1,0,1,61,0,1.0000,-1,7,4,5,0,16,0,0,0,0
99.4041,2,0,2,1,1,0,1,61,0,1.0000,-1,7,4,5,0,16,0,0,0,0
99.42612,2,0,2,1,1,0,1,61,0,1.0000,-1,7,4,5,0,16,0,0,0,0
99.44985,2,0,2,1,1,0,1,61,1,2.0000,-1,7,4,5,0,16,0,0,0,0
99.47235,2,0,2,1,1,0,0,-1,0,2.0000,-1,7,4,5,0,16,0,0,0,0
99.49902,2,0,2,1,1,0,0,-1,0,2.0000,-1,7,4,5,0,16,0,0,0,0
99.52427,2,0,2,1,1,0,0,-1,0,2.0000,-1,7,4,5,0,16,0,0,0,0
99.55018,2,0,2,1,1,0,0,-1,0,2.0000,-1,7,4,5,0,16,0,0,0,0
99.57727,2,0,2,1,1,0,0,-1,0,1.0000,-1,7,4,5,0,16,0,0,0,0
99.60104,2,0,2,1,1,0,0,-1,0,1.0000,-1,7,4,5,0,16,0,0,0,0
99.62562,2,0,2,0,1,0,0,-1,0,1.0000,-1,7,4,5,0,16,0,0,0,0
99.65002,2,0,2,0,1,0,0,-1,0,1.0000,-1,7,4,5,0,16,0,0,0,0
99.67277,2,0,2,0,1,0,0,-1,0,1.0000,-1,7,4,5,0,16,0,0,0,0
99.69766,2,0,2,0,1,0,0,-1,0,1.0000,-1,7,4,5,0,16,0,0,0,0
99.72073,2,0,2,0,1,0,0,-1,0,1.0000,-1,7,4,5,0,16,0,0,0,0
99.74808,2,0,2,0,1,0,0,-1,0,1.0000,-1,7,4,5,0,16,0,0,0,0
99.79562,2,0,2,0,1,0,0,-1,0,1.0000,-1,7,4,5,0,16,0,0,0,0
99.81114,2,0,2,0,1,0,0,-1,0,1.0000,-1,7,4,5,0,16,0,0,0,0
99.82526,2,0,2,0,1,0,0,-1,0,1.0000,-1,7,4,5,0,16,0,0,0,0
99.84957,2,0,2,0,1,0,0,-1,0,1.0000,-1,7,4,5,0,16,0,0,0,0
99.87609,2,0,2,0,1,0,0,-1,0,1.0000,-1,7,4,5,0,16,0,0,0,0
99.90076,2,0,2,0,1,0,0,-1,0,1.0000,-1,7,4,5,0,16,0,0,0,0
99.92712,2,0,2,0,1,0,0,-1,0,1.0000,-1,7,4,5,0,16,0,0,0,0
99.95022,2,0,2,0,1,0,0,-1,0,1.0000,-1,7,4,5,0,16,0,0,0,0
99.99558,2,0,2,0,1,0,0,-1,0,1.0000,-1,7,4,5,0,16,0,0,0,0
100.0076,2,0,2,0,1,0,1,62,0,1.0000,-1,7,4,5,0,16,0,0,0,0
100.0241,2,0,2,0,1,0,1,62,0,1.0000,-1,7,4,5,0,16,0,0,0,0
100.0494,2,0,2,0,1,0,1,62,0,1.0000,-1,7,4,5,0,16,0,0,0,0
100.0735,2,0,2,0,1,0,1,62,0,1.0000,-1,7,4,5,0,16,0,0,0,0
100.0976,2,0,2,0,1,0,1,62,0,1.0000,-1,7,4,5,0,16,0,0,0,0
100.1238,2,0,2,0,1,0,1,62,0,1.0000,-1,7,4,5,0,16,0,0,0,0
100.1475,2,0,2,0,1,0,1,62,0,1.0000,-1,7,4,5,0,16,0,0,0,0
100.1718,2,0,2,0,0,0,1,62,0,1.0000,-1,7,4,5,0,16,0,0,0,0
100.1989,2,0,2,0,0,0,1,62,0,1.0000,-1,7,4,5,0,16,0,0,0,0
100.2228,2,0,2,0,0,0,1,62,0,1.0000,-1,7,4,5,0,16,0,0,0,0
100.2467,2,0,2,0,0,0,1,62,0,1.0000,-1,7,4,5,0,16,0,0,0,0
100.2707,2,0,2,0,0,0,1,62,0,1.0000,-1,7,4,5,0,16,0,0,0,0
100.2957,2,0,2,0,0,0,1,62,0,1.0000,-1,7,4,5,0,16,0,0,0,0
100.3192,2,0,2,0,0,0,1,62,0,1.0000,-1,7,4,5,0,16,0,0,0,0
100.343,2,0,2,0,0,0,1,62,0,1.0000,-1,7,4,5,0,16,0,0,0,0
100.3677,2,0,2,0,0,0,1,62,0,1.0000,-1,7,4,5,0,16,0,0,0,0
100.3927,2,0,2,0,0,0,1,62,1,2.0000,-1,7,4,5,0,16,0,0,0,0
100.4411,2,0,2,0,0,0,1,62,0,2.0000,-1,7,4,5,0,16,0,0,0,0
100.4564,2,0,2,0,0,0,1,62,0,1.0000,-1,7,4,5,0,16,0,0,0,0
100.4701,2,0,2,0,0,0,1,62,0,1.0000,-1,7,4,5,0,16,0,0,0,0
100.4969,2,0,2,0,0,0,1,62,0,1.0000,-1,7,4,5,0,16,0,0,0,0
100.5219,2,0,2,0,0,0,1,62,0,1.0000,-1,7,4,5,0,16,0,0,0,0
100.5464,2,0,2,0,0,0,1,62,0,1.0000,-1,7,4,5,0,16,0,0,0,0
100.5722,2,0,2,0,0,0,1,62,0,1.0000,-1,7,4,5,0,16,0,0,0,0
100.5974,2,0,2,0,0,0,1,62,0,1.0000,-1,7,4,5,0,16,0,0,0,0
100.6445,2,0,2,0,0,0,1,62,0,1.0000,-1,7,4,5,0,16,0,0,0,0
100.6571,2,0,2,0,0,0,1,62,0,1.0000,-1,7,4,5,0,16,0,0,0,0
100.675,2,0,2,0,0,0,1,62,0,1.0000,-1,7,4,5,0,16,0,0,0,0
100.7007,2,0,2,0,0,0,1,62,0,1.0000,-1,7,4,5,0,16,0,0,0,0
100.726,2,0,2,0,0,0,1,62,0,1.0000,-1,7,4,5,0,16,0,0,0,0
100.7535,2,0,2,0,0,0,1,62,0,1.0000,-1,7,4,5,0,16,0,0,0,0
100.777,2,0,2,0,0,0,1,62,0,1.0000,-1,7,4,5,0,16,0,0,0,0
100.803,2,0,2,0,0,0,1,62,0,1.0000,-1,7,4,5,0,16,0,0,0,0
100.8285,2,0,2,0,0,0,1,62,0,1.0000,-1,7,4,5,0,16,0,0,0,0
100.8538,2,0,2,0,0,0,1,62,0,1.0000,-1,7,4,5,0,16,0,0,0,0
100.8794,2,0,2,0,0,0,1,62,1,2.0000,-1,7,4,5,0,16,0,0,0,0
100.9051,2,0,2,0,0,0,1,62,0,2.0000,-1,7,4,5,0,16,0,0,0,0
100.9303,2,0,2,0,0,0,1,62,0,2.0000,-1,7,4,5,0,16,0,0,0,0
100.9561,2,0,2,0,0,0,1,62,0,2.0000,-1,7,4,5,0,16,0,0,0,0
100.9844,2,0,2,0,0,0,1,62,0,2.0000,-1,7,4,5,0,16,0,0,0,0
101.0119,2,0,2,0,0,0,1,62,0,2.0000,-1,7,4,5,0,16,0,0,0,0
101.0351,2,0,2,0,0,0,1,62,0,2.0000,-1,7,4,5,0,16,0,0,0,0
101.0611,2,0,2,0,0,0,1,62,0,2.0000,-1,7,4,5,0,16,0,0,0,0
101.087,2,0,2,0,0,0,1,63,0,2.0000,62,7,5,5,0,17,0,0,0,0
101.118,2,0,2,0,0,0,1,63,0,2.0000,-1,7,5,5,0,17,0,0,0,0
101.1427,2,0,2,0,0,0,1,63,0,2.0000,-1,7,5,5,0,17,0,0,0,0
101.1656,2,0,2,0,0,0,1,63,0,2.0000,-1,7,5,5,0,17,0,0,0,0
101.1917,2,0,2,0,0,0,1,63,0,2.0000,-1,7,5,5,0,17,0,0,0,0
101.2206,2,0,2,0,0,0,1,63,0,2.0000,-1,7,5,5,0,17,0,0,0,0
101.2708,2,0,2,0,0,0,1,63,0,2.0000,-1,7,5,5,0,17,0,0,0,0
101.2833,2,0,2,0,0,0,1,63,0,2.0000,-1,7,5,5,0,17,0,0,0,0
101.3013,2,0,2,0,0,0,1,63,0,2.0000,-1,7,5,5,0,17,0,0,0,0
101.3294,2,0,2,0,0,0,1,63,0,2.0000,-1,7,5,5,0,17,0,0,0,0
101.3551,2,0,2,0,0,0,1,63,0,2.0000,-1,7,5,5,0,17,0,0,0,0
101.3833,2,0,2,0,0,0,1,63,0,2.0000,-1,7,5,5,0,17,0,0,0,0
101.4071,2,0,2,0,0,0,1,63,0,1.0000,-1,7,5,5,0,17,0,0,0,0
101.4322,2,0,2,0,0,0,1,63,0,1.0000,-1,7,5,5,0,17,0,0,0,0
101.4578,2,0,2,0,0,0,1,63,0,1.0000,-1,7,5,5,0,17,0,0,0,0
101.4837,2,0,2,0,0,0,1,63,0,1.0000,-1,7,5,5,0,17,0,0,0,0
101.5075,2,0,2,0,0,0,1,63,0,1.0000,-1,7,5,5,0,17,0,0,0,0
101.5309,2,0,2,0,0,0,1,63,0,1.0000,-1,7,5,5,0,17,0,0,0,0
101.5568,2,0,2,0,0,0,1,63,0,1.0000,-1,7,5,5,0,17,0,0,0,0
101.5837,2,0,2,0,0,0,1,63,0,1.0000,-1,7,5,5,0,17,0,0,0,0
101.6087,2,0,2,0,0,0,1,63,0,1.0000,-1,7,5,5,0,17,0,0,0,0
101.634,2,0,2,0,0,0,1,63,0,1.0000,-1,7,5,5,0,17,0,0,0,0
101.6826,2,0,2,0,0,0,1,63,1,2.0000,-1,7,5,5,0,17,0,0,0,0
101.6957,2,0,2,0,0,0,1,63,0,2.0000,-1,7,5,5,0,17,0,0,0,0
101.7144,2,0,2,0,0,0,0,-1,0,2.0000,-1,7,5,5,0,17,0,0,0,0
101.7402,2,0,2,0,0,0,0,-1,0,2.0000,-1,7,5,5,0,17,0,0,0,0
101.7673,2,0,2,0,0,0,0,-1,1,3.0000,-1,7,5,5,0,17,0,0,0,0
101.7937,2,0,2,0,0,0,0,-1,0,3.0000,-1,7,5,5,0,17,0,0,0,0
101.8231,2,0,2,0,0,0,0,-1,0,3.0000,-1,7,5,5,0,17,0,0,0,0
101.8477,2,0,2,0,0,0,0,-1,0,3.0000,-1,7,5,5,0,17,0,0,0,0
101.8725,2,0,2,0,0,0,0,-1,0,3.0000,-1,7,5,5,0,17,0,0,0,0
101.8987,2,0,2,0,0,0,0,-1,0,2.0000,-1,7,5,5,0,17,0,0,0,0
101.9237,2,0,2,0,0,0,0,-1,0,2.0000,-1,7,5,5,0,17,0,0,0,0
101.9509,2,0,2,0,0,0,0,-1,0,2.0000,-1,7,5,5,0,17,0,0,0,0
101.9769,2,0,2,0,0,0,0,-1,0,2.0000,-1,7,5,5,0,17,0,0,0,0
102.0043,2,0,2,0,0,0,0,-1,0,2.0000,-1,7,5,5,0,17,0,0,0,0
102.0308,2,0,2,0,0,0,0,-1,0,2.0000,-1,7,5,5,0,17,0,0,0,0
102.0567,2,0,2,0,0,0,0,-1,0,2.0000,-1,7,5,5,0,17,0,0,0,0
102.084,2,0,2,0,0,0,0,-1,0,2.0000,-1,7,5,5,0,17,0,0,0,0
102.1099,2,0,2,0,0,0,0,-1,0,2.0000,-1,7,5,5,0,17,0,0,0,0
102.1359,2,0,2,0,0,0,0,-1,0,2.0000,-1,7,5,5,0,17,0,0,0,0
102.1654,2,0,2,0,0,0,0,-1,0,2.0000,-1,7,5,5,0,17,0,0,0,0
102.1903,2,0,2,0,0,0,0,-1,0,2.0000,-1,7,5,5,0,17,0,0,0,0
102.2167,2,0,2,0,0,0,0,-1,0,2.0000,-1,7,5,5,0,17,0,0,0,0
102.2414,2,0,2,0,0,0,0,-1,0,2.0000,-1,7,5,5,0,17,0,0,0,0
102.2685,2,0,2,0,0,0,0,-1,0,2.0000,-1,7,5,5,0,17,0,0,0,0
102.3162,2,0,2,0,0,0,0,-1,0,2.0000,-1,7,5,5,0,17,0,0,0,0
102.3309,2,0,2,0,0,0,0,-1,0,2.0000,-1,7,5,5,0,17,0,0,0,0
102.3489,2,0,2,0,0,0,0,-1,0,2.0000,-1,7,5,5,0,17,0,0,0,0
102.3747,2,0,2,0,0,0,0,-1,0,2.0000,-1,7,5,5,0,17,0,0,0,0
102.4007,2,0,2,0,0,0,0,-1,0,2.0000,-1,7,5,5,0,17,0,0,0,0
102.426,2,0,2,0,0,0,0,-1,0,2.0000,-1,7,5,5,0,17,0,0,0,0
102.4524,2,0,2,0,0,0,0,-1,0,2.0000,-1,7,5,5,0,17,0,0,0,0
102.4773,2,0,2,0,0,0,0,-1,0,2.0000,-1,7,5,5,0,17,0,0,0,0
102.5039,2,0,2,0,0,0,0,-1,0,2.0000,-1,7,5,5,0,17,0,0,0,0
102.5315,2,0,2,0,0,0,0,-1,0,2.0000,-1,7,5,5,0,17,0,0,0,0
102.5599,2,0,2,0,0,0,0,-1,0,2.0000,-1,7,5,5,0,17,0,0,0,0
102.588,2,0,2,0,0,0,0,-1,0,2.0000,-1,7,5,5,0,17,0,0,0,0
102.6118,2,0,2,0,0,0,0,-1,0,2.0000,-1,7,5,5,0,17,0,0,0,0
102.6389,2,0,2,0,0,0,0,-1,0,2.0000,-1,7,5,5,0,17,0,0,0,0
102.6655,2,0,2,0,0,0,0,-1,0,2.0000,-1,7,5,5,0,17,0,0,0,0
102.6929,2,0,2,0,0,0,0,-1,0,1.0000,-1,7,5,5,0,17,0,0,0,0
102.7193,2,0,2,0,0,0,0,-1,0,1.0000,-1,7,5,5,0,17,0,0,0,0
102.746,2,0,2,0,0,0,0,-1,0,1.0000,-1,7,5,5,0,17,0,0,0,0
102.773,2,0,2,0,0,0,0,-1,0,0.0000,-1,7,5,5,0,17,0,0,0,0
102.7999,2,0,2,0,0,0,0,-1,0,0.0000,-1,7,5,5,0,17,0,0,0,0
102.8265,2,0,2,0,0,0,0,-1,0,0.0000,-1,7,5,5,0,17,0,0,0,0
102.8546,2,0,2,0,0,0,0,-1,0,0.0000,-1,7,5,5,0,17,0,0,0,0
102.8808,2,0,2,0,0,0,0,-1,0,0.0000,-1,7,5,5,0,17,0,0,0,0
102.9071,2,0,2,0,0,0,0,-1,0,0.0000,-1,7,5,5,0,17,0,0,0,0
102.9337,2,0,2,0,0,0,0,-1,0,0.0000,-1,7,5,5,0,17,0,0,0,0
102.9601,2,0,2,0,0,0,0,-1,0,0.0000,-1,7,5,5,0,17,0,0,0,0
102.9881,2,0,2,1,0,0,0,-1,0,0.0000,-1,7,5,5,0,17,0,0,0,0
103.0162,2,0,2,1,0,0,0,-1,0,0.0000,-1,7,5,5,0,17,0,0,0,0
103.0404,2,0,2,1,0,0,0,-1,0,0.0000,-1,7,5,5,0,17,0,0,0,0
103.0667,2,0,2,1,0,0,1,67,0,0.0000,-1,7,5,5,0,17,0,0,0,0
103.0938,2,0,2,1,0,0,1,67,0,0.0000,-1,7,5,5,0,17,0,0,0,0
103.121,2,0,2,1,0,0,1,67,0,0.0000,-1,7,5,5,0,17,0,0,0,0
103.1699,2,0,2,1,0,0,1,67,0,0.0000,-1,7,5,5,0,17,0,0,0,0
103.1834,2,0,2,1,0,0,1,67,0,0.0000,-1,7,5,5,0,17,0,0,0,0
103.2037,2,0,2,1,0,0,1,67,0,0.0000,-1,7,5,5,0,17,0,0,0,0
103.2295,2,0,2,1,0,0,1,67,0,0.0000,-1,7,5,5,0,17,0,0,0,0
103.2551,2,0,2,1,0,0,1,67,0,0.0000,-1,7,5,5,0,17,0,0,0,0
103.2829,2,0,2,1,0,0,1,67,0,0.0000,-1,7,5,5,0,17,0,0,0,0
103.3103,2,0,2,1,0,0,1,67,0,0.0000,-1,7,5,5,0,17,0,0,0,0
103.3372,2,0,2,1,0,0,1,67,0,0.0000,-1,7,5,5,0,17,0,0,0,0
103.3636,2,0,2,1,0,0,1,67,0,0.0000,-1,7,5,5,0,17,0,0,0,0
103.3904,2,0,2,1,0,0,1,67,0,0.0000,-1,7,5,5,0,17,0,0,0,0
103.4175,2,0,2,1,0,0,1,67,0,0.0000,-1,7,5,5,0,17,0,0,0,0
103.4437,2,0,2,1,0,0,1,67,0,0.0000,-1,7,5,5,0,17,0,0,0,0
103.4713,2,0,2,1,0,0,1,67,0,0.0000,-1,7,5,5,0,17,0,0,0,0
103.4986,2,0,2,1,0,0,1,67,0,0.0000,-1,7,5,5,0,17,0,0,0,0
103.524,2,0,2,1,0,0,1,67,0,0.0000,-1,7,5,5,0,17,0,0,0,0
103.5476,2,0,2,1,0,0,1,65,0,0.0000,67,7,6,5,0,18,0,0,0,0
103.5728,2,0,2,1,0,0,1,65,0,0.0000,-1,7,6,5,0,18,0,0,0,0
103.5952,2,0,2,1,0,0,1,65,0,0.0000,-1,7,6,5,0,18,0,0,0,0
103.6154,2,0,2,0,0,0,1,65,0,0.0000,-1,7,6,5,0,18,0,0,0,0
103.6386,2,0,2,0,0,0,1,65,0,0.0000,-1,7,6,5,0,18,0,0,0,0
103.6589,2,0,2,0,0,0,1,65,0,0.0000,-1,7,6,5,0,18,0,0,0,0
103.6792,2,0,2,0,0,0,1,65,0,0.0000,-1,7,6,5,0,18,0,0,0,0
103.7015,2,0,2,0,0,0,1,65,0,0.0000,-1,7,6,5,0,18,0,0,0,0
103.7239,2,0,2,0,0,0,1,65,0,0.0000,-1,7,6,5,0,18,0,0,0,0
103.7451,2,0,2,0,1,0,1,65,0,0.0000,-1,7,6,5,0,18,0,0,0,0
103.7677,2,0,2,0,1,0,1,65,0,0.0000,-1,7,6,5,0,18,0,0,0,0
103.8108,2,0,2,0,1,0,1,65,0,0.0000,-1,7,6,5,0,18,0,0,0,0
103.8313,2,0,2,0,1,0,1,65,0,0.0000,-1,7,6,5,0,18,0,0,0,0
103.8486,2,0,2,0,1,0,1,65,0,0.0000,-1,7,6,5,0,18,0,0,0,0
103.8642,2,0,2,0,1,0,1,65,0,0.0000,-1,7,6,5,0,18,0,0,0,0
103.8821,2,0,2,0,1,0,0,-1,0,0.0000,-1,7,6,5,0,18,0,0,0,0
103.9072,2,0,2,0,1,0,0,-1,1,1.0000,-1,7,6,5,0,18,0,0,0,0
103.9256,2,0,2,0,1,0,0,-1,0,1.0000,-1,7,6,5,0,18,0,0,0,0
103.9482,2,0,2,0,1,0,0,-1,0,1.0000,-1,7,6,5,0,18,0,0,0,0
103.9713,2,0,2,0,1,0,0,-1,0,1.0000,-1,7,6,5,0,18,0,0,0,0
103.9921,2,0,2,0,1,0,0,-1,0,1.0000,-1,7,6,5,0,18,0,0,0,0
104.0151,2,0,2,0,1,0,0,-1,0,1.0000,-1,7,6,5,0,18,0,0,0,0
104.0374,2,0,2,0,1,0,0,-1,0,1.0000,-1,7,6,5,0,18,0,0,0,0
104.0614,2,0,2,0,1,0,0,-1,0,1.0000,-1,7,6,5,0,18,0,0,0,0
104.082,2,0,2,0,1,0,0,-1,0,1.0000,-1,7,6,5,0,18,0,0,0,0
104.1049,2,0,2,0,1,0,0,-1,0,1.0000,-1,7,6,5,0,18,0,0,0,0
104.1276,2,0,2,0,1,0,0,-1,1,2.0000,-1,7,6,5,0,18,0,0,0,0
104.1498,1,1,3,0,0,1,0,-1,1,3.0000,65,8,6,5,0,19,0,0,0,0
104.1729,1,0,3,0,0,0,0,-1,0,3.0000,-1,8,6,5,0,19,0,0,0,0
104.2161,1,0,3,0,0,0,0,-1,0,3.0000,-1,8,6,5,0,19,0,0,0,0
104.2349,1,0,3,0,0,0,0,-1,0,3.0000,-1,8,6,5,0,19,0,0,0,0
104.2513,1,0,3,0,0,0,0,-1,0,3.0000,-1,8,6,5,0,19,0,0,0,0
104.2661,1,0,3,0,0,0,0,-1,0,3.0000,-1,8,6,5,0,19,0,0,0,0
104.2899,1,0,3,0,0,0,0,-1,0,3.0000,-1,8,6,5,0,19,0,0,0,0
104.3109,1,0,3,0,0,0,0,-1,0,3.0000,-1,8,6,5,0,19,0,0,0,0
104.3327,1,0,3,0,0,0,0,-1,0,3.0000,-1,8,6,5,0,19,0,0,0,0
104.3565,1,0,3,0,0,0,0,-1,0,3.0000,-1,8,6,5,0,19,0,0,0,0
104.3783,1,0,3,0,0,0,0,-1,0,3.0000,-1,8,6,5,0,19,0,0,0,0
104.4006,1,0,3,0,0,0,0,-1,0,3.0000,-1,8,6,5,0,19,0,0,0,0
104.4226,1,0,3,0,0,0,0,-1,0,3.0000,-1,8,6,5,0,19,0,0,0,0
104.4455,1,0,3,0,0,0,0,-1,0,3.0000,-1,8,6,5,0,19,0,0,0,0
104.4667,1,0,3,0,0,0,0,-1,0,3.0000,-1,8,6,5,0,19,0,0,0,0
104.4886,1,0,3,0,0,0,0,-1,0,3.0000,-1,8,6,5,0,19,0,0,0,0
104.5114,1,0,3,0,0,0,0,-1,0,3.0000,-1,8,6,5,0,19,0,0,0,0
104.5339,1,0,3,0,0,0,0,-1,0,3.0000,-1,8,6,5,0,19,0,0,0,0
104.5567,1,0,3,0,0,0,0,-1,0,3.0000,-1,8,6,5,0,19,0,0,0,0
104.5794,1,0,3,0,0,0,0,-1,0,3.0000,-1,8,6,5,0,19,0,0,0,0
104.6233,1,0,3,0,0,0,0,-1,0,3.0000,-1,8,6,5,0,19,0,0,0,0
104.6423,1,0,3,0,0,0,0,-1,0,3.0000,-1,8,6,5,0,19,0,0,0,0
104.6602,1,0,3,0,0,0,0,-1,0,3.0000,-1,8,6,5,0,19,0,0,0,0
104.678,1,0,3,0,0,0,0,-1,0,3.0000,-1,8,6,5,0,19,0,0,0,0
104.6958,1,0,3,0,0,0,0,-1,0,3.0000,-1,8,6,5,0,19,0,0,0,0
104.7193,1,0,3,0,0,0,0,-1,0,3.0000,-1,8,6,5,0,19,0,0,0,0
104.7407,1,0,3,0,0,0,0,-1,0,3.0000,-1,8,6,5,0,19,0,0,0,0
104.7634,1,0,3,0,0,0,0,-1,0,3.0000,-1,8,6,5,0,19,0,0,0,0
104.7857,1,0,3,0,0,0,0,-1,0,3.0000,-1,8,6,5,0,19,0,0,0,0
104.8259,1,0,3,0,0,0,0,-1,0,3.0000,-1,8,6,5,0,19,0,0,0,0
104.8443,1,0,3,0,0,0,0,-1,0,3.0000,-1,8,6,5,0,19,0,0,0,0
104.8625,1,0,3,0,0,0,0,-1,0,3.0000,-1,8,6,5,0,19,0,0,0,0
104.8791,1,0,3,0,0,0,0,-1,0,3.0000,-1,8,6,5,0,19,0,0,0,0
104.8964,1,0,3,0,0,0,0,-1,0,3.0000,-1,8,6,5,0,19,0,0,0,0
104.9201,1,0,3,0,0,0,0,-1,1,3.0000,-1,8,6,5,0,19,0,0,0,0
104.9425,1,0,3,0,0,0,0,-1,0,3.0000,-1,8,6,5,0,19,0,0,0,0
104.9645,1,0,3,0,0,0,0,-1,0,3.0000,-1,8,6,5,0,19,0,0,0,0
104.9871,1,0,3,0,0,0,0,-1,0,3.0000,-1,8,6,5,0,19,0,0,0,0
105.0082,1,0,3,0,0,0,0,-1,0,3.0000,-1,8,6,5,0,19,0,0,0,0
105.0299,1,0,3,0,0,0,0,-1,0,3.0000,-1,8,6,5,0,19,0,0,0,0
105.0504,1,0,3,0,0,0,0,-1,0,3.0000,-1,8,6,5,0,19,0,0,0,0
105.0735,1,0,3,0,0,0,0,-1,0,3.0000,-1,8,6,5,0,19,0,0,0,0
105.0967,1,0,3,0,0,0,0,-1,0,3.0000,-1,8,6,5,0,19,0,0,0,0
105.1146,1,0,3,0,0,0,0,-1,0,3.0000,-1,8,6,5,0,19,0,0,0,0
105.1375,1,0,3,0,0,0,0,-1,0,2.0000,-1,8,6,5,0,19,0,0,0,0
105.1601,1,0,3,0,0,0,0,-1,1,2.0000,-1,8,6,5,0,19,0,0,0,0
105.1813,1,0,3,0,0,0,0,-1,0,2.0000,-1,8,6,5,0,19,0,0,0,0
105.2032,1,0,3,0,0,0,0,-1,0,2.0000,-1,8,6,5,0,19,0,0,0,0
105.2471,1,0,3,0,0,0,0,-1,0,2.0000,-1,8,6,5,0,19,0,0,0,0
105.2628,1,0,3,1,0,0,0,-1,0,2.0000,-1,8,6,5,0,19,0,0,0,0
105.2813,1,0,3,1,0,0,0,-1,0,2.0000,-1,8,6,5,0,19,0,0,0,0
105.2977,1,0,3,1,0,0,0,-1,0,2.0000,-1,8,6,5,0,19,0,0,0,0
105.3199,1,0,3,1,0,0,0,-1,0,2.0000,-1,8,6,5,0,19,0,0,0,0
105.3411,1,0,3,1,0,0,0,-1,0,2.0000,-1,8,6,5,0,19,0,0,0,0
105.3639,1,0,3,1,0,0,0,-1,0,2.0000,-1,8,6,5,0,19,0,0,0,0
105.3874,1,0,3,1,0,0,0,-1,0,2.0000,-1,8,6,5,0,19,0,0,0,0
105.4089,1,0,3,1,0,0,0,-1,0,2.0000,-1,8,6,5,0,19,0,0,0,0
105.4509,1,0,3,1,0,0,0,-1,0,2.0000,-1,8,6,5,0,19,0,0,0,0
105.4684,1,0,3,1,0,0,0,-1,0,2.0000,-1,8,6,5,0,19,0,0,0,0
105.4844,1,0,3,1,0,0,0,-1,0,2.0000,-1,8,6,5,0,19,0,0,0,0
105.4998,1,0,3,1,0,0,0,-1,0,2.0000,-1,8,6,5,0,19,0,0,0,0
105.5212,1,0,3,1,0,0,0,-1,0,2.0000,-1,8,6,5,0,19,0,0,0,0
105.5435,1,0,3,1,0,0,0,-1,0,2.0000,-1,8,6,5,0,19,0,0,0,0
105.5654,1,0,3,1,0,0,0,-1,0,2.0000,-1,8,6,5,0,19,0,0,0,0
105.589,1,0,3,1,0,0,0,-1,0,2.0000,-1,8,6,5,0,19,0,0,0,0
105.6103,1,0,3,1,0,0,0,-1,0,2.0000,-1,8,6,5,0,19,0,0,0,0
105.6325,1,0,3,1,0,0,0,-1,0,2.0000,-1,8,6,5,0,19,0,0,0,0
105.6565,1,0,3,1,0,0,0,-1,0,2.0000,-1,8,6,5,0,19,0,0,0,0
105.6755,1,0,3,1,0,0,0,-1,0,2.0000,-1,8,6,5,0,19,0,0,0,0
105.6975,1,0,3,1,0,0,0,-1,0,2.0000,-1,8,6,5,0,19,0,0,0,0
105.7196,1,0,3,1,0,0,0,-1,0,2.0000,-1,8,6,5,0,19,0,0,0,0
105.7422,1,0,3,1,0,0,0,-1,0,2.0000,-1,8,6,5,0,19,0,0,0,0
105.762,1,0,3,1,0,0,0,-1,0,2.0000,-1,8,6,5,0,19,0,0,0,0
105.7843,1,0,3,1,0,0,0,-1,0,2.0000,-1,8,6,5,0,19,0,0,0,0
105.8064,1,0,3,1,0,0,0,-1,0,2.0000,-1,8,6,5,0,19,0,0,0,0
105.8333,1,0,3,1,0,0,1,69,0,2.0000,-1,8,6,5,0,19,0,0,0,0
105.854,1,0,3,1,0,0,1,69,1,3.0000,-1,8,6,5,0,19,0,0,0,0
105.8731,1,0,3,1,0,0,1,69,0,3.0000,-1,8,6,5,0,19,0,0,0,0
105.897,1,0,3,1,0,0,1,69,0,3.0000,-1,8,6,5,0,19,0,0,0,0
105.9207,1,0,3,1,0,0,1,69,0,2.0000,-1,8,6,5,0,19,0,0,0,0
105.943,1,0,3,1,0,0,1,69,0,2.0000,-1,8,6,5,0,19,0,0,0,0
105.9649,1,0,3,1,0,0,1,69,0,2.0000,-1,8,6,5,0,19,0,0,0,0
105.986,1,0,3,1,0,0,1,69,0,2.0000,-1,8,6,5,0,19,0,0,0,0
106.0137,1,0,3,1,0,0,1,69,0,2.0000,-1,8,6,5,0,19,0,0,0,0
106.0367,1,0,3,1,0,0,1,69,0,2.0000,-1,8,6,5,0,19,0,0,0,0
106.0595,1,0,3,1,0,0,1,69,0,2.0000,-1,8,6,5,0,19,0,0,0,0
106.0791,1,0,3,1,0,0,1,69,0,2.0000,-1,8,6,5,0,19,0,0,0,0
106.1043,1,0,3,1,0,0,1,69,0,2.0000,-1,8,6,5,0,19,0,0,0,0
106.1299,1,0,3,1,0,0,1,69,0,2.0000,-1,8,6,5,0,19,0,0,0,0
106.1535,1,0,3,1,0,0,1,69,0,2.0000,-1,8,6,5,0,19,0,0,0,0
106.1722,1,0,3,1,0,0,1,69,0,1.0000,-1,8,6,5,0,19,0,0,0,0
106.196,1,0,3,1,0,0,0,-1,1,2.0000,69,9,6,5,0,20,0,0,0,0
106.218,1,0,3,1,0,0,0,-1,0,2.0000,-1,9,6,5,0,20,0,0,0,0
106.2404,1,0,3,1,0,0,0,-1,0,2.0000,-1,9,6,5,0,20,0,0,0,0
106.2797,1,0,3,1,0,0,0,-1,0,2.0000,-1,9,6,5,0,20,0,0,0,0
106.2977,1,0,3,1,0,0,0,-1,0,2.0000,-1,9,6,5,0,20,0,0,0,0
106.3136,1,0,3,1,0,0,0,-1,0,2.0000,-1,9,6,5,0,20,0,0,0,0
106.3292,1,0,3,1,0,0,0,-1,0,2.0000,-1,9,6,5,0,20,0,0,0,0
106.3529,1,0,3,1,0,0,0,-1,0,2.0000,-1,9,6,5,0,20,0,0,0,0
106.3742,1,0,3,1,0,0,0,-1,0,2.0000,-1,9,6,5,0,20,0,0,0,0
106.3952,1,0,3,1,0,0,0,-1,0,2.0000,-1,9,6,5,0,20,0,0,0,0
106.414,1,0,3,1,0,0,0,-1,0,2.0000,-1,9,6,5,0,20,0,0,0,0
106.4354,1,0,3,1,0,0,0,-1,0,2.0000,-1,9,6,5,0,20,0,0,0,0
106.4574,1,0,3,1,0,0,1,72,0,2.0000,-1,9,6,5,0,20,0,0,0,0
106.48,1,0,3,1,0,0,1,72,0,2.0000,-1,9,6,5,0,20,0,0,0,0
106.4988,1,0,3,1,0,0,1,72,0,2.0000,-1,9,6,5,0,20,0,0,0,0
106.5203,1,0,3,1,0,0,1,72,0,2.0000,-1,9,6,5,0,20,0,0,0,0
106.5432,1,0,3,1,0,0,1,72,0,2.0000,-1,9,6,5,0,20,0,0,0,0
106.5629,1,0,3,1,0,0,1,72,0,2.0000,-1,9,6,5,0,20,0,0,0,0
106.5861,1,0,3,1,0,0,1,72,0,2.0000,-1,9,6,5,0,20,0,0,0,0
106.6065,1,0,3,1,0,0,1,72,0,2.0000,-1,9,6,5,0,20,0,0,0,0
106.6279,1,0,3,1,0,0,1,72,0,2.0000,-1,9,6,5,0,20,0,0,0,0
106.6487,1,0,3,1,0,0,1,72,0,2.0000,-1,9,6,5,0,20,0,0,0,0
106.6719,1,0,3,1,0,0,1,72,0,2.0000,-1,9,6,5,0,20,0,0,0,0
106.7104,1,0,3,1,0,0,1,72,0,2.0000,-1,9,6,5,0,20,0,0,0,0
106.7253,1,0,3,1,0,0,1,72,0,2.0000,-1,9,6,5,0,20,0,0,0,0
106.7414,1,0,3,1,0,0,0,-1,0,2.0000,-1,9,6,5,0,20,0,0,0,0
106.7612,1,0,3,1,0,0,0,-1,1,3.0000,-1,9,6,5,0,20,0,0,0,0
106.7833,1,0,3,1,0,0,0,-1,0,3.0000,-1,9,6,5,0,20,0,0,0,0
106.8051,1,0,3,1,0,0,0,-1,0,3.0000,-1,9,6,5,0,20,0,0,0,0
106.8243,1,0,3,1,0,0,0,-1,0,3.0000,-1,9,6,5,0,20,0,0,0,0
106.8455,1,0,3,1,0,0,0,-1,0,3.0000,-1,9,6,5,0,20,0,0,0,0
106.8657,1,0,3,1,0,0,0,-1,0,2.0000,-1,9,6,5,0,20,0,0,0,0
106.8872,1,0,3,1,1,0,0,-1,0,2.0000,-1,9,6,5,0,20,0,0,0,0
106.9102,1,0,3,1,1,0,0,-1,0,2.0000,-1,9,6,5,0,20,0,0,0,0
106.935,1,0,3,1,1,0,0,-1,0,2.0000,-1,9,6,5,0,20,0,0,0,0
106.9537,1,0,3,1,1,0,0,-1,0,2.0000,-1,9,6,5,0,20,0,0,0,0
106.9761,1,0,3,1,1,0,0,-1,0,2.0000,-1,9,6,5,0,20,0,0,0,0
106.9964,1,0,3,1,1,0,0,-1,0,2.0000,-1,9,6,5,0,20,0,0,0,0
107.0211,1,0,3,1,1,0,0,-1,0,2.0000,-1,9,6,5,0,20,0,0,0,0
107.042,1,0,3,1,1,0,0,-1,0,2.0000,-1,9,6,5,0,20,0,0,0,0
107.0717,1,0,3,1,1,0,0,-1,0,2.0000,-1,9,6,5,0,20,0,0,0,0
107.0926,1,0,3,1,1,0,0,-1,0,2.0000,-1,9,6,5,0,20,0,0,0,0
107.1103,1,0,3,1,1,0,0,-1,0,2.0000,-1,9,6,5,0,20,0,0,0,0
107.1346,1,0,3,1,1,0,0,-1,0,2.0000,-1,9,6,5,0,20,0,0,0,0
107.1566,1,0,3,1,1,0,0,-1,0,2.0000,-1,9,6,5,0,20,0,0,0,0
107.1814,1,0,3,1,1,0,0,-1,0,2.0000,-1,9,6,5,0,20,0,0,0,0
107.2051,1,0,3,1,1,0,0,-1,0,1.0000,-1,9,6,5,0,20,0,0,0,0
107.2229,1,0,3,1,1,0,0,-1,0,1.0000,-1,9,6,5,0,20,0,0,0,0
107.2472,1,0,3,1,1,0,0,-1,0,1.0000,-1,9,6,5,0,20,0,0,0,0
107.2658,1,0,3,1,1,0,0,-1,0,1.0000,-1,9,6,5,0,20,0,0,0,0
107.2876,1,0,3,1,1,0,0,-1,0,1.0000,-1,9,6,5,0,20,0,0,0,0
107.3085,1,0,3,1,1,0,0,-1,0,1.0000,-1,9,6,5,0,20,0,0,0,0
107.3301,1,0,3,1,1,0,0,-1,0,1.0000,-1,9,6,5,0,20,0,0,0,0
107.3519,1,0,3,1,1,0,0,-1,0,1.0000,-1,9,6,5,0,20,0,0,0,0
107.3736,1,0,3,1,1,0,0,-1,0,1.0000,-1,9,6,5,0,20,0,0,0,0
107.3957,1,0,3,1,1,0,0,-1,0,1.0000,-1,9,6,5,0,20,0,0,0,0
107.4138,1,0,3,1,1,0,0,-1,0,1.0000,-1,9,6,5,0,20,0,0,0,0
107.4347,1,0,3,1,1,0,0,-1,0,1.0000,-1,9,6,5,0,20,0,0,0,0
107.4599,1,0,3,1,1,0,0,-1,0,1.0000,-1,9,6,5,0,20,0,0,0,0
107.4779,1,0,3,1,1,0,0,-1,0,1.0000,-1,9,6,5,0,20,0,0,0,0
107.4995,1,0,3,1,1,0,0,-1,0,1.0000,-1,9,6,5,0,20,0,0,0,0
107.5197,1,0,3,1,1,0,0,-1,0,1.0000,-1,9,6,5,0,20,0,0,0,0
107.5415,1,0,3,1,1,0,0,-1,0,1.0000,-1,9,6,5,0,20,0,0,0,0
107.5632,1,0,3,1,0,0,0,-1,0,1.0000,-1,9,6,5,0,20,0,0,0,0
107.5854,1,0,3,1,0,0,0,-1,0,1.0000,-1,9,6,5,0,20,0,0,0,0
107.6068,1,0,3,1,0,0,0,-1,0,1.0000,-1,9,6,5,0,20,0,0,0,0
107.6278,1,0,3,1,0,0,0,-1,0,1.0000,-1,9,6,5,0,20,0,0,0,0
107.6495,1,0,3,1,0,0,0,-1,0,1.0000,-1,9,6,5,0,20,0,0,0,0
107.6703,1,0,3,1,0,0,0,-1,0,1.0000,-1,9,6,5,0,20,0,0,0,0
107.6909,1,0,3,1,0,0,0,-1,0,1.0000,-1,9,6,5,0,20,0,0,0,0
107.7106,1,0,3,1,0,0,0,-1,0,1.0000,-1,9,6,5,0,20,0,0,0,0
107.7312,1,0,3,1,0,0,0,-1,0,1.0000,-1,9,6,5,0,20,0,0,0,0
107.7737,1,0,3,1,0,0,0,-1,0,0.0000,-1,9,6,5,0,20,0,0,0,0
107.7905,1,0,3,1,0,0,0,-1,0,0.0000,-1,9,6,5,0,20,0,0,0,0
107.8069,1,0,3,1,0,0,0,-1,0,0.0000,-1,9,6,5,0,20,0,0,0,0
107.8233,1,0,3,1,0,0,0,-1,0,0.0000,-1,9,6,5,0,20,0,0,0,0
107.8415,1,0,3,1,0,0,0,-1,0,0.0000,-1,9,6,5,0,20,0,0,0,0
107.8614,1,0,3,1,0,0,0,-1,1,1.0000,-1,9,6,5,0,20,0,0,0,0
107.8827,1,0,3,1,0,0,0,-1,0,1.0000,-1,9,6,5,0,20,0,0,0,0
107.904,1,0,3,1,0,0,0,-1,0,1.0000,-1,9,6,5,0,20,0,0,0,0
107.9252,1,0,3,1,0,0,0,-1,0,1.0000,-1,9,6,5,0,20,0,0,0,0
107.9516,1,0,3,1,0,0,0,-1,0,1.0000,-1,9,6,5,0,20,0,0,0,0
107.9678,1,0,3,1,0,0,0,-1,0,1.0000,-1,9,6,5,0,20,0,0,0,0
107.9909,1,0,3,1,0,0,0,-1,0,1.0000,-1,9,6,5,0,20,0,0,0,0
108.0134,1,0,3,1,0,0,0,-1,0,1.0000,-1,9,6,5,0,20,0,0,0,0
108.0325,1,0,3,1,0,0,0,-1,0,1.0000,-1,9,6,5,0,20,0,0,0,0
108.0541,1,0,3,1,0,0,0,-1,0,1.0000,-1,9,6,5,0,20,0,0,0,0
108.0747,1,0,3,1,0,0,0,-1,0,1.0000,-1,9,6,5,0,20,0,0,0,0
108.0968,1,0,3,1,0,0,0,-1,0,1.0000,-1,9,6,5,0,20,0,0,0,0
108.1205,1,0,3,1,0,0,0,-1,0,1.0000,-1,9,6,5,0,20,0,0,0,0
108.1397,1,0,3,1,0,0,0,-1,0,1.0000,-1,9,6,5,0,20,0,0,0,0
108.1632,1,0,3,1,0,0,0,-1,1,2.0000,-1,9,6,5,0,20,0,0,0,0
108.2011,1,0,3,1,0,0,0,-1,0,2.0000,-1,9,6,5,0,20,0,0,0,0
108.2157,1,0,3,1,0,0,0,-1,0,2.0000,-1,9,6,5,0,20,0,0,0,0
108.2291,1,0,3,1,0,0,0,-1,0,2.0000,-1,9,6,5,0,20,0,0,0,0
108.2497,1,0,3,1,0,0,0,-1,0,2.0000,-1,9,6,5,0,20,0,0,0,0
108.2731,1,0,3,1,0,0,0,-1,0,2.0000,-1,9,6,5,0,20,0,0,0,0
108.2926,1,0,3,1,0,0,0,-1,0,2.0000,-1,9,6,5,0,20,0,0,0,0
108.3133,1,0,3,1,0,0,0,-1,0,2.0000,-1,9,6,5,0,20,0,0,0,0
108.3352,1,0,3,1,0,0,0,-1,0,2.0000,-1,9,6,5,0,20,0,0,0,0
108.3558,1,0,3,1,0,0,0,-1,0,2.0000,-1,9,6,5,0,20,0,0,0,0
108.3783,1,0,3,1,0,0,0,-1,0,2.0000,-1,9,6,5,0,20,0,0,0,0
108.399,1,0,3,1,0,0,0,-1,0,2.0000,-1,9,6,5,0,20,0,0,0,0
108.4192,1,0,3,1,0,0,0,-1,0,2.0000,-1,9,6,5,0,20,0,0,0,0
108.4427,1,0,3,1,0,0,0,-1,0,2.0000,-1,9,6,5,0,20,0,0,0,0
108.468,1,0,3,1,0,0,0,-1,0,2.0000,-1,9,6,5,0,20,0,0,0,0
108.4851,1,0,3,1,0,0,0,-1,0,2.0000,-1,9,6,5,0,20,0,0,0,0
108.5072,1,0,3,1,0,0,0,-1,0,2.0000,-1,9,6,5,0,20,0,0,0,0
108.5296,1,0,3,1,0,0,0,-1,0,2.0000,-1,9,6,5,0,20,0,0,0,0
108.551,1,0,3,1,0,0,0,-1,0,2.0000,-1,9,6,5,0,20,0,0,0,0
108.572,1,0,3,1,0,0,0,-1,0,2.0000,-1,9,6,5,0,20,0,0,0,0
108.594,1,0,3,1,0,0,0,-1,0,2.0000,-1,9,6,5,0,20,0,0,0,0
108.6146,1,0,3,1,0,0,0,-1,0,2.0000,-1,9,6,5,0,20,0,0,0,0
108.6356,1,0,3,1,0,0,0,-1,0,2.0000,-1,9,6,5,0,20,0,0,0,0
108.6585,1,0,3,1,0,0,0,-1,0,2.0000,-1,9,6,5,0,20,0,0,0,0
108.6786,1,0,3,1,0,0,0,-1,0,2.0000,-1,9,6,5,0,20,0,0,0,0
108.6999,1,0,3,1,0,0,0,-1,0,2.0000,-1,9,6,5,0,20,0,0,0,0
108.7218,1,0,3,1,0,0,0,-1,0,2.0000,-1,9,6,5,0,20,0,0,0,0
108.7456,1,0,3,1,0,0,0,-1,0,2.0000,-1,9,6,5,0,20,0,0,0,0
108.7665,1,0,3,1,0,0,0,-1,0,2.0000,-1,9,6,5,0,20,0,0,0,0
108.7878,1,0,3,1,0,0,0,-1,0,2.0000,-1,9,6,5,0,20,0,0,0,0
108.8089,1,0,3,1,0,0,0,-1,0,2.0000,-1,9,6,5,0,20,0,0,0,0
108.8312,1,0,3,1,0,0,0,-1,0,2.0000,-1,9,6,5,0,20,0,0,0,0
108.8525,1,0,3,1,0,0,0,-1,0,2.0000,-1,9,6,5,0,20,0,0,0,0
108.8746,1,0,3,1,0,0,0,-1,0,1.0000,-1,9,6,5,0,20,0,0,0,0
108.8981,1,0,3,1,0,0,0,-1,0,1.0000,-1,9,6,5,0,20,0,0,0,0
108.9181,1,0,3,1,0,0,0,-1,0,1.0000,-1,9,6,5,0,20,0,0,0,0
108.9396,1,0,3,1,0,0,0,-1,0,1.0000,-1,9,6,5,0,20,0,0,0,0
108.9607,1,0,3,1,0,0,0,-1,0,1.0000,-1,9,6,5,0,20,0,0,0,0
108.9817,1,0,3,1,0,0,0,-1,0,1.0000,-1,9,6,5,0,20,0,0,0,0
109.0052,1,0,3,1,0,0,0,-1,0,1.0000,-1,9,6,5,0,20,0,0,0,0
109.0283,1,0,3,1,0,0,0,-1,0,1.0000,-1,9,6,5,0,20,0,0,0,0
109.0529,1,0,3,1,0,0,0,-1,0,1.0000,-1,9,6,5,0,20,0,0,0,0
109.0752,1,0,3,1,0,0,0,-1,0,1.0000,-1,9,6,5,0,20,0,0,0,0
109.0947,1,0,3,1,0,0,0,-1,0,1.0000,-1,9,6,5,0,20,0,0,0,0
109.117,1,0,3,1,0,0,0,-1,0,1.0000,-1,9,6,5,0,20,0,0,0,0
109.1397,1,0,3,1,0,0,0,-1,0,1.0000,-1,9,6,5,0,20,0,0,0,0
109.1586,1,0,3,1,0,0,0,-1,0,1.0000,-1,9,6,5,0,20,0,0,0,0
109.183,1,0,3,1,0,0,0,-1,0,0.0000,-1,9,6,5,0,20,0,0,0,0
109.2066,1,0,3,1,0,0,0,-1,0,0.0000,-1,9,6,5,0,20,0,0,0,0
109.2274,1,0,3,1,0,0,0,-1,0,0.0000,-1,9,6,5,0,20,0,0,0,0
109.2497,1,0,3,1,0,0,0,-1,0,0.0000,-1,9,6,5,0,20,0,0,0,0
109.2731,1,0,3,1,0,0,0,-1,0,0.0000,-1,9,6,5,0,20,0,0,0,0
109.2948,1,0,3,1,0,0,0,-1,0,0.0000,-1,9,6,5,0,20,0,0,0,0
109.3151,1,0,3,1,0,0,0,-1,0,0.0000,-1,9,6,5,0,20,0,0,0,0
109.3381,1,0,3,1,0,0,0,-1,0,0.0000,-1,9,6,5,0,20,0,0,0,0
109.3602,1,0,3,1,0,0,0,-1,0,0.0000,-1,9,6,5,0,20,0,0,0,0
109.3808,1,0,3,1,0,0,0,-1,0,0.0000,-1,9,6,5,0,20,0,0,0,0
109.41,1,0,3,1,0,0,0,-1,0,0.0000,-1,9,6,5,0,20,0,0,0,0
109.4305,1,0,3,1,0,0,0,-1,0,0.0000,-1,9,6,5,0,20,0,0,0,0
109.4543,1,0,3,1,0,0,0,-1,0,0.0000,-1,9,6,5,0,20,0,0,0,0
109.483,1,0,3,1,0,0,0,-1,0,0.0000,-1,9,6,5,0,20,0,0,0,0
109.5033,1,0,3,1,0,0,0,-1,0,0.0000,-1,9,6,5,0,20,0,0,0,0
109.5272,1,0,3,1,0,0,0,-1,0,0.0000,-1,9,6,5,0,20,0,0,0,0
109.5439,1,0,3,1,0,0,0,-1,0,0.0000,-1,9,6,5,0,20,0,0,0,0
109.5695,1,0,3,1,0,0,0,-1,0,0.0000,-1,9,6,5,0,20,0,0,0,0
109.5933,1,0,3,1,0,0,0,-1,0,0.0000,-1,9,6,5,0,20,0,0,0,0
109.6147,1,0,3,1,0,0,0,-1,0,0.0000,-1,9,6,5,0,20,0,0,0,0
109.6344,1,0,3,1,0,0,0,-1,0,0.0000,-1,9,6,5,0,20,0,0,0,0
109.6574,1,0,3,1,0,0,0,-1,0,0.0000,-1,9,6,5,0,20,0,0,0,0
109.6996,1,0,3,1,0,0,0,-1,0,0.0000,-1,9,6,5,0,20,0,0,0,0
109.7125,1,0,3,1,0,0,0,-1,0,0.0000,-1,9,6,5,0,20,0,0,0,0
109.7281,1,0,3,1,0,0,0,-1,0,0.0000,-1,9,6,5,0,20,0,0,0,0
109.7511,1,0,3,1,0,0,0,-1,0,0.0000,-1,9,6,5,0,20,0,0,0,0
109.7738,1,0,3,1,0,0,0,-1,0,0.0000,-1,9,6,5,0,20,0,0,0,0
109.7961,1,0,3,1,0,0,0,-1,0,0.0000,-1,9,6,5,0,20,0,0,0,0
109.8191,1,0,3,1,0,0,0,-1,0,0.0000,-1,9,6,5,0,20,0,0,0,0
109.842,1,0,3,1,0,0,0,-1,0,0.0000,-1,9,6,5,0,20,0,0,0,0
109.8636,1,0,3,1,0,0,0,-1,0,0.0000,-1,9,6,5,0,20,0,0,0,0
109.8864,1,0,3,1,0,0,0,-1,0,0.0000,-1,9,6,5,0,20,0,0,0,0
109.9088,1,0,3,1,0,0,0,-1,0,0.0000,-1,9,6,5,0,20,0,0,0,0
109.9313,1,0,3,1,0,0,0,-1,0,0.0000,-1,9,6,5,0,20,0,0,0,0
109.9545,1,0,3,1,0,0,0,-1,0,0.0000,-1,9,6,5,0,20,0,0,0,0
109.9763,1,0,3,1,0,0,0,-1,0,0.0000,-1,9,6,5,0,20,0,0,0,0
109.9977,1,0,3,1,0,0,0,-1,0,0.0000,-1,9,6,5,0,20,0,0,0,0
110.0214,1,0,3,1,0,0,0,-1,0,0.0000,-1,9,6,5,0,20,0,0,0,0
110.0423,1,0,3,1,0,0,0,-1,0,0.0000,-1,9,6,5,0,20,0,0,0,0
110.0648,1,0,3,1,0,0,0,-1,0,0.0000,-1,9,6,5,0,20,0,0,0,0
110.0911,1,0,3,1,0,0,0,-1,0,0.0000,-1,9,6,5,0,20,0,0,0,0
110.111,1,0,3,1,0,0,0,-1,1,1.0000,-1,9,6,5,0,20,0,0,0,0
110.1331,1,0,3,1,0,0,0,-1,1,2.0000,-1,9,6,5,0,20,0,0,0,0
110.1563,1,0,3,1,0,0,0,-1,0,2.0000,-1,9,6,5,0,20,0,0,0,0
110.1778,1,0,3,1,0,0,0,-1,0,2.0000,-1,9,6,5,0,20,0,0,0,0
110.2001,1,0,3,1,0,0,0,-1,0,2.0000,-1,9,6,5,0,20,0,0,0,0
110.222,1,0,3,1,0,0,0,-1,0,2.0000,-1,9,6,5,0,20,0,0,0,0
110.2454,1,0,3,1,0,0,0,-1,0,2.0000,-1,9,6,5,0,20,0,0,0,0
110.2667,1,0,3,1,0,0,0,-1,0,2.0000,-1,9,6,5,0,20,0,0,0,0
110.2882,1,0,3,1,0,0,0,-1,0,2.0000,-1,9,6,5,0,20,0,0,0,0
110.311,1,0,3,1,0,0,0,-1,0,2.0000,-1,9,6,5,0,20,0,0,0,0
110.3333,1,0,3,1,0,0,0,-1,0,2.0000,-1,9,6,5,0,20,0,0,0,0
110.3544,1,0,3,1,0,0,0,-1,0,2.0000,-1,9,6,5,0,20,0,0,0,0
110.3771,1,0,3,1,0,0,0,-1,0,2.0000,-1,9,6,5,0,20,0,0,0,0
110.3992,1,0,3,1,0,0,0,-1,0,2.0000,-1,9,6,5,0,20,0,0,0,0
110.4206,1,0,3,1,0,0,0,-1,0,2.0000,-1,9,6,5,0,20,0,0,0,0
110.4443,1,0,3,1,0,0,0,-1,0,2.0000,-1,9,6,5,0,20,0,0,0,0
110.4723,1,0,3,1,0,0,0,-1,1,3.0000,-1,9,6,5,0,20,0,0,0,0
110.5107,1,0,3,1,0,0,0,-1,0,3.0000,-1,9,6,5,0,20,0,0,0,0
110.5232,1,0,3,1,0,0,0,-1,0,3.0000,-1,9,6,5,0,20,0,0,0,0
110.5384,1,0,3,1,0,0,0,-1,0,3.0000,-1,9,6,5,0,20,0,0,0,0
110.563,1,0,3,1,0,0,0,-1,0,3.0000,-1,9,6,5,0,20,0,0,0,0
110.5853,1,0,3,1,0,0,0,-1,0,3.0000,-1,9,6,5,0,20,0,0,0,0
110.6089,1,0,3,1,0,0,0,-1,0,3.0000,-1,9,6,5,0,20,0,0,0,0
110.6312,1,0,3,1,0,0,0,-1,0,3.0000,-1,9,6,5,0,20,0,0,0,0
110.6529,1,0,3,1,0,0,0,-1,0,3.0000,-1,9,6,5,0,20,0,0,0,0
110.6772,1,0,3,1,0,0,0,-1,0,3.0000,-1,9,6,5,0,20,0,0,0,0
110.6976,1,0,3,1,0,0,0,-1,0,3.0000,-1,9,6,5,0,20,0,0,0,0
110.7186,1,0,3,1,0,0,0,-1,0,3.0000,-1,9,6,5,0,20,0,0,0,0
110.7429,1,0,3,1,0,0,0,-1,0,3.0000,-1,9,6,5,0,20,0,0,0,0
110.7642,1,0,3,1,0,0,0,-1,0,3.0000,-1,9,6,5,0,20,0,0,0,0
110.7859,1,0,3,1,0,0,0,-1,0,3.0000,-1,9,6,5,0,20,0,0,0,0
110.8068,1,0,3,1,0,0,0,-1,0,3.0000,-1,9,6,5,0,20,0,0,0,0
110.8307,1,0,3,1,0,0,0,-1,0,3.0000,-1,9,6,5,0,20,0,0,0,0
110.8502,1,0,3,1,0,0,0,-1,0,3.0000,-1,9,6,5,0,20,0,0,0,0
110.8719,1,0,3,1,0,0,0,-1,0,3.0000,-1,9,6,5,0,20,0,0,0,0
110.8945,1,0,3,1,0,0,0,-1,0,3.0000,-1,9,6,5,0,20,0,0,0,0
110.9358,1,0,3,1,0,0,0,-1,0,3.0000,-1,9,6,5,0,20,0,0,0,0
110.9544,1,0,3,1,0,0,0,-1,0,3.0000,-1,9,6,5,0,20,0,0,0,0
110.9691,1,0,3,1,0,0,0,-1,0,3.0000,-1,9,6,5,0,20,0,0,0,0
110.9854,1,0,3,1,0,0,0,-1,0,3.0000,-1,9,6,5,0,20,0,0,0,0
111.0079,1,0,3,1,0,0,0,-1,0,3.0000,-1,9,6,5,0,20,0,0,0,0
111.0308,1,0,3,1,0,0,0,-1,0,3.0000,-1,9,6,5,0,20,0,0,0,0
111.0518,1,0,3,1,0,0,0,-1,0,3.0000,-1,9,6,5,0,20,0,0,0,0
111.0742,1,0,3,1,0,0,0,-1,0,3.0000,-1,9,6,5,0,20,0,0,0,0
111.0963,1,0,3,1,0,0,0,-1,0,3.0000,-1,9,6,5,0,20,0,0,0,0
111.1145,1,0,3,1,0,0,0,-1,0,2.0000,-1,9,6,5,0,20,0,0,0,0
111.1372,1,0,3,1,0,0,0,-1,0,1.0000,-1,9,6,5,0,20,0,0,0,0
111.1603,1,0,3,1,0,0,0,-1,0,1.0000,-1,9,6,5,0,20,0,0,0,0
111.1816,1,0,3,1,0,0,0,-1,0,1.0000,-1,9,6,5,0,20,0,0,0,0
111.2034,1,0,3,1,0,0,0,-1,0,1.0000,-1,9,6,5,0,20,0,0,0,0
111.2236,1,0,3,1,0,0,0,-1,0,1.0000,-1,9,6,5,0,20,0,0,0,0
111.247,1,0,3,1,0,0,0,-1,0,1.0000,-1,9,6,5,0,20,0,0,0,0
111.2685,1,0,3,1,0,0,0,-1,0,1.0000,-1,9,6,5,0,20,0,0,0,0
111.2883,1,0,3,1,0,0,0,-1,0,1.0000,-1,9,6,5,0,20,0,0,0,0
111.309,1,0,3,1,0,0,0,-1,0,1.0000,-1,9,6,5,0,20,0,0,0,0
111.3516,1,0,3,1,0,0,0,-1,1,2.0000,-1,9,6,5,0,20,0,0,0,0
111.3684,1,0,3,1,0,0,0,-1,0,2.0000,-1,9,6,5,0,20,0,0,0,0
111.3836,1,0,3,1,0,0,1,78,0,2.0000,-1,9,6,5,0,20,0,0,0,0
111.3981,1,0,3,1,0,0,1,78,0,2.0000,-1,9,6,5,0,20,0,0,0,0
111.4211,1,0,3,1,0,0,1,78,0,2.0000,-1,9,6,5,0,20,0,0,0,0
111.4423,1,0,3,1,0,0,1,78,0,2.0000,-1,9,6,5,0,20,0,0,0,0
111.4626,1,0,3,1,0,0,1,78,0,2.0000,-1,9,6,5,0,20,0,0,0,0
111.4839,1,0,3,1,0,0,1,78,0,1.0000,-1,9,6,5,0,20,0,0,0,0
111.5045,1,0,3,1,0,0,1,78,0,1.0000,-1,9,6,5,0,20,0,0,0,0
111.5261,1,0,3,1,0,0,1,78,0,1.0000,-1,9,6,5,0,20,0,0,0,0
111.5457,1,0,3,1,0,0,1,78,0,1.0000,-1,9,6,5,0,20,0,0,0,0
111.5679,1,0,3,1,0,0,1,78,0,1.0000,-1,9,6,5,0,20,0,0,0,0
111.5875,1,0,3,1,0,0,1,78,0,1.0000,-1,9,6,5,0,20,0,0,0,0
111.6099,1,0,3,1,0,0,1,78,0,1.0000,-1,9,6,5,0,20,0,0,0,0
111.6316,1,0,3,1,0,0,1,78,0,1.0000,-1,9,6,5,0,20,0,0,0,0
111.6538,1,0,3,1,0,0,1,78,0,1.0000,-1,9,6,5,0,20,0,0,0,0
111.6742,1,0,3,1,0,0,1,78,0,1.0000,-1,9,6,5,0,20,0,0,0,0
111.6937,1,0,3,1,0,0,1,78,0,1.0000,-1,9,6,5,0,20,0,0,0,0
111.7153,1,0,3,1,0,0,1,78,0,1.0000,-1,9,6,5,0,20,0,0,0,0
111.7368,1,0,3,1,0,0,1,78,1,2.0000,-1,9,6,5,0,20,0,0,0,0
111.7575,1,0,3,1,0,0,1,78,0,2.0000,-1,9,6,5,0,20,0,0,0,0
111.7789,1,0,3,1,0,0,1,78,0,2.0000,-1,9,6,5,0,20,0,0,0,0
111.7989,1,0,3,1,0,0,1,78,0,2.0000,-1,9,6,5,0,20,0,0,0,0
111.8201,1,0,3,1,0,0,1,78,0,2.0000,-1,9,6,5,0,20,0,0,0,0
111.8422,1,0,3,1,0,0,1,78,0,2.0000,-1,9,6,5,0,20,0,0,0,0
111.862,1,0,3,1,0,0,1,78,0,2.0000,-1,9,6,5,0,20,0,0,0,0
111.8829,1,0,3,1,0,0,1,78,0,2.0000,-1,9,6,5,0,20,0,0,0,0
111.9028,1,0,3,1,0,0,1,78,0,2.0000,-1,9,6,5,0,20,0,0,0,0
111.9212,1,0,3,1,0,0,1,78,0,2.0000,-1,9,6,5,0,20,0,0,0,0
111.9431,1,0,3,1,0,0,1,78,0,2.0000,-1,9,6,5,0,20,0,0,0,0
111.9622,1,0,3,1,0,0,1,78,0,2.0000,-1,9,6,5,0,20,0,0,0,0
111.983,1,0,3,1,0,0,1,78,0,2.0000,-1,9,6,5,0,20,0,0,0,0
112.0034,1,0,3,1,0,0,1,78,1,3.0000,-1,9,6,5,0,20,0,0,0,0
112.0227,1,0,3,1,0,0,0,-1,0,3.0000,78,10,6,5,0,21,0,0,0,0
112.0419,1,0,3,1,0,0,0,-1,0,3.0000,-1,10,6,5,0,21,0,0,0,0
112.0628,1,0,3,1,0,0,0,-1,0,3.0000,-1,10,6,5,0,21,0,0,0,0
112.0857,1,0,3,1,0,0,0,-1,0,3.0000,-1,10,6,5,0,21,0,0,0,0
112.1049,1,0,3,1,0,0,0,-1,0,3.0000,-1,10,6,5,0,21,0,0,0,0
112.1236,1,0,3,1,0,0,0,-1,0,3.0000,-1,10,6,5,0,21,0,0,0,0
112.1446,1,0,3,1,0,0,0,-1,0,3.0000,-1,10,6,5,0,21,0,0,0,0
112.1859,1,0,3,1,0,0,0,-1,0,3.0000,-1,10,6,5,0,21,0,0,0,0
112.2103,1,0,3,1,0,0,1,80,0,3.0000,-1,10,6,5,0,21,0,0,0,0
112.2304,1,0,3,1,0,0,1,80,0,3.0000,-1,10,6,5,0,21,0,0,0,0
112.2457,1,0,3,1,0,0,1,80,0,3.0000,-1,10,6,5,0,21,0,0,0,0
112.2597,1,0,3,1,0,0,1,80,0,3.0000,-1,10,6,5,0,21,0,0,0,0
112.2829,1,0,3,1,0,0,1,80,0,3.0000,-1,10,6,5,0,21,0,0,0,0
112.3047,1,0,3,1,0,0,1,80,1,4.0000,-1,10,6,5,0,21,0,0,0,0
112.3236,1,0,3,1,0,0,1,80,0,4.0000,-1,10,6,5,0,21,0,0,0,0
112.3488,1,0,3,1,0,0,1,80,0,4.0000,-1,10,6,5,0,21,0,0,0,0
112.3677,1,0,3,1,0,0,1,80,0,3.0000,-1,10,6,5,0,21,0,0,0,0
112.3875,1,0,3,1,0,0,0,-1,0,3.0000,80,11,6,5,0,22,0,0,0,0
112.4083,1,0,3,1,0,0,0,-1,0,3.0000,-1,11,6,5,0,22,0,0,0,0
112.431,1,0,3,1,0,0,0,-1,0,3.0000,-1,11,6,5,0,22,0,0,0,0
112.4529,1,0,3,1,0,0,0,-1,0,3.0000,-1,11,6,5,0,22,0,0,0,0
112.4751,1,0,3,1,0,0,0,-1,0,3.0000,-1,11,6,5,0,22,0,0,0,0
112.4953,1,0,3,1,0,0,0,-1,0,3.0000,-1,11,6,5,0,22,0,0,0,0
112.5163,1,0,3,1,0,0,0,-1,0,3.0000,-1,11,6,5,0,22,0,0,0,0
112.5409,1,0,3,1,0,0,0,-1,0,3.0000,-1,11,6,5,0,22,0,0,0,0
112.5636,1,0,3,1,0,0,0,-1,0,3.0000,-1,11,6,5,0,22,0,0,0,0
112.586,1,0,3,1,0,0,0,-1,0,3.0000,-1,11,6,5,0,22,0,0,0,0
112.6085,1,0,3,1,0,0,0,-1,0,3.0000,-1,11,6,5,0,22,0,0,0,0
112.6274,1,0,3,1,0,0,0,-1,0,3.0000,-1,11,6,5,0,22,0,0,0,0
112.6496,1,0,3,1,0,0,0,-1,0,3.0000,-1,11,6,5,0,22,0,0,0,0
112.6709,1,0,3,1,0,0,0,-1,0,3.0000,-1,11,6,5,0,22,0,0,0,0
112.6918,1,0,3,1,0,0,0,-1,0,3.0000,-1,11,6,5,0,22,0,0,0,0
112.7128,1,0,3,1,0,0,0,-1,0,3.0000,-1,11,6,5,0,22,0,0,0,0
112.7349,1,0,3,1,0,0,0,-1,1,4.0000,-1,11,6,5,0,22,0,0,0,0
112.7557,1,0,3,0,0,0,0,-1,0,3.0000,-1,11,6,5,0,22,0,0,0,0
112.7761,1,0,3,0,0,0,0,-1,0,3.0000,-1,11,6,5,0,22,0,0,0,0
112.8169,1,0,3,0,0,0,0,-1,0,3.0000,-1,11,6,5,0,22,0,0,0,0
112.8368,1,0,3,0,0,0,0,-1,0,3.0000,-1,11,6,5,0,22,0,0,0,0
112.8565,1,0,3,0,0,0,0,-1,0,3.0000,-1,11,6,5,0,22,0,0,0,0
112.8781,1,0,3,0,0,0,0,-1,0,3.0000,-1,11,6,5,0,22,0,0,0,0
112.8977,1,0,3,0,0,0,0,-1,0,3.0000,-1,11,6,5,0,22,0,0,0,0
112.918,1,0,3,0,0,0,0,-1,0,3.0000,-1,11,6,5,0,22,0,0,0,0
112.9364,1,0,3,0,0,0,0,-1,0,3.0000,-1,11,6,5,0,22,0,0,0,0
112.9559,1,0,3,0,0,0,0,-1,0,3.0000,-1,11,6,5,0,22,0,0,0,0
112.9751,1,0,3,0,0,0,0,-1,0,3.0000,-1,11,6,5,0,22,0,0,0,0
112.9944,1,0,3,0,0,0,0,-1,0,3.0000,-1,11,6,5,0,22,0,0,0,0
113.0294,1,0,3,0,0,0,0,-1,0,2.0000,-1,11,6,5,0,22,0,0,0,0
113.0435,1,0,3,0,0,0,0,-1,0,2.0000,-1,11,6,5,0,22,0,0,0,0
113.058,1,0,3,0,0,0,0,-1,0,2.0000,-1,11,6,5,0,22,0,0,0,0
113.0772,1,0,3,0,0,0,0,-1,0,2.0000,-1,11,6,5,0,22,0,0,0,0
113.0966,1,0,3,0,0,0,0,-1,0,2.0000,-1,11,6,5,0,22,0,0,0,0
113.1176,1,0,3,0,0,0,0,-1,0,2.0000,-1,11,6,5,0,22,0,0,0,0
113.1387,1,0,3,0,0,0,0,-1,0,2.0000,-1,11,6,5,0,22,0,0,0,0
113.1588,1,0,3,0,0,0,0,-1,0,2.0000,-1,11,6,5,0,22,0,0,0,0
113.1785,1,0,3,0,0,0,0,-1,0,2.0000,-1,11,6,5,0,22,0,0,0,0
113.1979,1,0,3,0,0,0,0,-1,1,3.0000,-1,11,6,5,0,22,0,0,0,0
113.2191,1,0,3,0,0,0,0,-1,0,3.0000,-1,11,6,5,0,22,0,0,0,0
113.239,1,0,3,0,0,0,0,-1,0,3.0000,-1,11,6,5,0,22,0,0,0,0
113.2581,1,0,3,0,0,0,0,-1,0,3.0000,-1,11,6,5,0,22,0,0,0,0
113.2787,1,0,3,0,0,0,0,-1,0,3.0000,-1,11,6,5,0,22,0,0,0,0
113.2994,1,0,3,0,0,0,0,-1,0,3.0000,-1,11,6,5,0,22,0,0,0,0
113.3203,1,0,3,0,0,0,0,-1,0,2.0000,-1,11,6,5,0,22,0,0,0,0
113.3397,1,0,3,0,0,0,0,-1,0,2.0000,-1,11,6,5,0,22,0,0,0,0
113.3588,1,0,3,0,0,0,0,-1,0,2.0000,-1,11,6,5,0,22,0,0,0,0
113.3797,1,0,3,0,0,0,1,81,0,2.0000,-1,11,6,5,0,22,0,0,0,0
113.4004,1,0,3,0,0,0,1,81,0,2.0000,-1,11,6,5,0,22,0,0,0,0
113.4378,1,0,3,0,0,0,1,81,1,3.0000,-1,11,6,5,0,22,0,0,0,0
113.4514,1,0,3,0,0,0,1,81,0,3.0000,-1,11,6,5,0,22,0,0,0,0
113.4663,1,0,3,0,0,0,1,81,0,3.0000,-1,11,6,5,0,22,0,0,0,0
113.4863,1,0,3,0,0,0,1,81,0,3.0000,-1,11,6,5,0,22,0,0,0,0
113.5094,1,0,3,0,0,0,1,81,0,3.0000,-1,11,6,5,0,22,0,0,0,0
113.5283,1,0,3,0,0,0,1,81,0,3.0000,-1,11,6,5,0,22,0,0,0,0
113.5509,1,0,3,0,0,0,1,81,0,3.0000,-1,11,6,5,0,22,0,0,0,0
113.5714,1,0,3,0,0,0,1,81,0,3.0000,-1,11,6,5,0,22,0,0,0,0
113.5922,1,0,3,0,0,0,1,81,0,3.0000,-1,11,6,5,0,22,0,0,0,0
113.6112,1,0,3,0,0,0,1,81,0,3.0000,-1,11,6,5,0,22,0,0,0,0
113.6335,1,0,3,0,0,0,1,81,1,4.0000,-1,11,6,5,0,22,0,0,0,0
113.6566,1,0,3,0,0,0,1,81,0,4.0000,-1,11,6,5,0,22,0,0,0,0
113.6752,1,0,3,0,0,0,1,81,0,4.0000,-1,11,6,5,0,22,0,0,0,0
113.698,1,0,3,0,0,0,1,81,0,4.0000,-1,11,6,5,0,22,0,0,0,0
113.718,1,0,3,0,0,0,1,81,0,4.0000,-1,11,6,5,0,22,0,0,0,0
113.7384,1,0,3,0,0,0,1,81,0,3.0000,-1,11,6,5,0,22,0,0,0,0
113.7599,1,0,3,0,0,0,1,81,0,3.0000,-1,11,6,5,0,22,0,0,0,0
113.7813,1,0,3,0,0,0,1,81,0,3.0000,-1,11,6,5,0,22,0,0,0,0
113.8027,1,0,3,0,0,0,1,81,1,4.0000,-1,11,6,5,0,22,0,0,0,0
113.8233,1,0,3,0,0,0,1,81,0,4.0000,-1,11,6,5,0,22,0,0,0,0
113.8436,1,0,3,0,0,0,1,81,0,4.0000,-1,11,6,5,0,22,0,0,0,0
113.8639,1,0,3,0,0,0,1,81,0,4.0000,-1,11,6,5,0,22,0,0,0,0
113.8836,1,0,3,0,0,0,1,81,0,4.0000,-1,11,6,5,0,22,0,0,0,0
113.9056,1,0,3,0,0,0,1,81,0,4.0000,-1,11,6,5,0,22,0,0,0,0
113.9247,1,0,3,0,0,0,1,81,0,4.0000,-1,11,6,5,0,22,0,0,0,0
113.9424,1,0,3,0,0,0,1,81,0,4.0000,-1,11,6,5,0,22,0,0,0,0
113.9647,1,0,3,0,0,0,1,81,0,4.0000,-1,11,6,5,0,22,0,0,0,0
113.9855,1,0,3,0,0,0,1,81,0,4.0000,-1,11,6,5,0,22,0,0,0,0
114.0052,1,0,3,0,0,0,1,81,1,5.0000,-1,11,6,5,0,22,0,0,0,0
114.0264,1,0,3,0,0,0,1,81,0,5.0000,-1,11,6,5,0,22,0,0,0,0
114.0476,1,0,3,0,0,0,1,81,0,5.0000,-1,11,6,5,0,22,0,0,0,0
114.0672,1,0,3,0,0,0,1,81,0,5.0000,-1,11,6,5,0,22,0,0,0,0
114.0886,1,0,3,0,0,0,1,81,0,5.0000,-1,11,6,5,0,22,0,0,0,0
114.109,1,0,3,0,0,0,1,81,0,5.0000,-1,11,6,5,0,22,0,0,0,0
114.133,1,0,3,0,0,0,1,81,0,5.0000,-1,11,6,5,0,22,0,0,0,0
114.1552,1,0,3,0,0,0,1,81,0,5.0000,-1,11,6,5,0,22,0,0,0,0
114.1774,1,0,3,0,0,0,1,81,0,5.0000,-1,11,6,5,0,22,0,0,0,0
114.2018,1,0,3,0,0,0,1,81,0,4.0000,-1,11,6,5,0,22,0,0,0,0
114.2244,1,0,3,0,0,0,0,-1,0,4.0000,81,12,6,5,0,23,0,0,0,0
114.2441,1,0,3,0,0,0,0,-1,0,4.0000,-1,12,6,5,0,23,0,0,0,0
114.2852,1,0,3,0,0,0,0,-1,1,5.0000,-1,12,6,5,0,23,0,0,0,0
114.2985,1,0,3,0,0,0,0,-1,0,5.0000,-1,12,6,5,0,23,0,0,0,0
114.3145,1,0,3,0,0,0,1,82,0,5.0000,-1,12,6,5,0,23,0,0,0,0
114.3409,1,0,3,0,0,0,1,82,0,5.0000,-1,12,6,5,0,23,0,0,0,0
114.3639,1,0,3,0,0,0,1,82,0,5.0000,-1,12,6,5,0,23,0,0,0,0
114.3866,1,0,3,0,0,0,1,82,0,5.0000,-1,12,6,5,0,23,0,0,0,0
114.4093,1,0,3,0,0,0,1,82,0,5.0000,-1,12,6,5,0,23,0,0,0,0
114.4309,1,0,3,0,0,0,1,82,0,5.0000,-1,12,6,5,0,23,0,0,0,0
114.4526,1,0,3,0,0,0,1,82,0,4.0000,-1,12,6,5,0,23,0,0,0,0
114.4741,1,0,3,0,0,0,1,82,0,4.0000,-1,12,6,5,0,23,0,0,0,0
114.4964,1,0,3,0,0,0,1,82,0,4.0000,-1,12,6,5,0,23,0,0,0,0
114.5202,1,0,3,0,0,0,1,82,0,4.0000,-1,12,6,5,0,23,0,0,0,0
114.5412,1,0,3,0,0,0,1,82,0,4.0000,-1,12,6,5,0,23,0,0,0,0
114.5642,1,0,3,0,0,0,1,82,0,4.0000,-1,12,6,5,0,23,0,0,0,0
114.5861,1,0,3,0,0,0,1,82,0,4.0000,-1,12,6,5,0,23,0,0,0,0
114.6059,1,0,3,0,0,0,1,82,0,4.0000,-1,12,6,5,0,23,0,0,0,0
114.627,1,0,3,0,0,0,1,82,0,4.0000,-1,12,6,5,0,23,0,0,0,0
114.6493,1,0,3,0,0,0,1,82,0,3.0000,-1,12,6,5,0,23,0,0,0,0
114.6711,1,0,3,0,0,0,1,82,1,4.0000,-1,12,6,5,0,23,0,0,0,0
114.6919,1,0,3,0,0,0,1,82,0,4.0000,-1,12,6,5,0,23,0,0,0,0
114.712,1,0,3,0,0,0,1,82,0,4.0000,-1,12,6,5,0,23,0,0,0,0
114.7359,1,0,3,0,0,0,1,82,0,4.0000,-1,12,6,5,0,23,0,0,0,0
114.7558,1,0,3,0,0,0,1,82,0,4.0000,-1,12,6,5,0,23,0,0,0,0
114.7768,1,0,3,0,0,0,1,82,0,4.0000,-1,12,6,5,0,23,0,0,0,0
114.798,1,0,3,0,0,0,1,82,0,4.0000,-1,12,6,5,0,23,0,0,0,0
114.8205,1,0,3,0,0,0,1,82,0,3.0000,-1,12,6,5,0,23,0,0,0,0
114.8396,1,0,3,0,0,0,1,82,1,4.0000,-1,12,6,5,0,23,0,0,0,0
114.8611,1,0,3,0,0,0,1,82,0,4.0000,-1,12,6,5,0,23,0,0,0,0
114.8816,1,0,3,0,0,0,1,82,0,4.0000,-1,12,6,5,0,23,0,0,0,0
114.9224,1,0,3,0,0,0,1,82,0,4.0000,-1,12,6,5,0,23,0,0,0,0
114.9413,1,0,3,0,0,0,1,82,0,4.0000,-1,12,6,5,0,23,0,0,0,0
114.9561,1,0,3,0,0,0,1,82,0,4.0000,-1,12,6,5,0,23,0,0,0,0
114.9697,1,0,3,0,0,0,1,82,0,4.0000,-1,12,6,5,0,23,0,0,0,0
114.9903,1,0,3,0,0,0,1,82,0,4.0000,-1,12,6,5,0,23,0,0,0,0
115.0111,1,0,3,0,0,0,1,82,0,3.0000,-1,12,6,5,0,23,0,0,0,0
115.0301,1,0,3,0,0,0,1,82,0,3.0000,-1,12,6,5,0,23,0,0,0,0
115.0514,1,0,3,0,0,0,1,82,0,3.0000,-1,12,6,5,0,23,0,0,0,0
115.0721,1,0,3,0,0,0,1,82,0,3.0000,-1,12,6,5,0,23,0,0,0,0
115.092,1,0,3,0,0,0,0,-1,0,3.0000,82,13,6,5,0,24,0,0,0,0
115.1116,1,0,3,0,0,0,0,-1,0,3.0000,-1,13,6,5,0,24,0,0,0,0
115.132,1,0,3,0,0,0,0,-1,0,3.0000,-1,13,6,5,0,24,0,0,0,0
115.1534,1,0,3,0,0,0,0,-1,0,3.0000,-1,13,6,5,0,24,0,0,0,0
115.174,1,0,3,0,0,0,0,-1,0,3.0000,-1,13,6,5,0,24,0,0,0,0
115.1951,1,0,3,0,0,0,0,-1,0,3.0000,-1,13,6,5,0,24,0,0,0,0
115.216,1,0,3,0,0,0,0,-1,0,3.0000,-1,13,6,5,0,24,0,0,0,0
115.2344,1,0,3,0,0,0,0,-1,0,3.0000,-1,13,6,5,0,24,0,0,0,0
115.2563,1,0,3,0,0,0,0,-1,0,3.0000,-1,13,6,5,0,24,0,0,0,0
115.2784,1,0,3,0,0,0,0,-1,0,3.0000,-1,13,6,5,0,24,0,0,0,0
115.2986,1,0,3,0,0,0,0,-1,0,2.0000,-1,13,6,5,0,24,0,0,0,0
115.3367,1,0,3,0,0,0,0,-1,0,2.0000,-1,13,6,5,0,24,0,0,0,0
115.352,1,0,3,0,0,0,0,-1,0,2.0000,-1,13,6,5,0,24,0,0,0,0
115.3672,1,0,3,0,0,0,0,-1,0,2.0000,-1,13,6,5,0,24,0,0,0,0
115.3831,1,0,3,0,0,0,0,-1,0,2.0000,-1,13,6,5,0,24,0,0,0,0
115.4042,1,0,3,0,0,0,0,-1,0,2.0000,-1,13,6,5,0,24,0,0,0,0
115.4242,1,0,3,0,0,0,0,-1,0,2.0000,-1,13,6,5,0,24,0,0,0,0
115.4453,1,0,3,0,0,0,0,-1,0,2.0000,-1,13,6,5,0,24,0,0,0,0
115.4642,1,0,3,0,0,0,0,-1,0,2.0000,-1,13,6,5,0,24,0,0,0,0
115.4844,1,0,3,0,0,0,0,-1,0,2.0000,-1,13,6,5,0,24,0,0,0,0
115.5045,1,0,3,0,0,0,0,-1,0,2.0000,-1,13,6,5,0,24,0,0,0,0
115.543,1,0,3,0,0,0,0,-1,0,2.0000,-1,13,6,5,0,24,0,0,0,0
115.5589,1,0,3,0,0,0,0,-1,0,2.0000,-1,13,6,5,0,24,0,0,0,0
115.5731,1,0,3,0,0,0,0,-1,0,2.0000,-1,13,6,5,0,24,0,0,0,0
115.5897,1,0,3,0,0,0,0,-1,0,2.0000,-1,13,6,5,0,24,0,0,0,0
115.612,1,0,3,0,0,0,0,-1,0,2.0000,-1,13,6,5,0,24,0,0,0,0
115.6319,1,0,3,0,0,0,0,-1,0,2.0000,-1,13,6,5,0,24,0,0,0,0
115.6522,1,0,3,0,0,0,0,-1,0,2.0000,-1,13,6,5,0,24,0,0,0,0
115.6724,1,0,3,0,0,0,0,-1,0,1.0000,-1,13,6,5,0,24,0,0,0,0
115.6913,1,0,3,0,0,0,0,-1,0,1.0000,-1,13,6,5,0,24,0,0,0,0
115.7117,1,0,3,0,0,0,0,-1,0,1.0000,-1,13,6,5,0,24,0,0,0,0
115.7498,1,0,3,0,0,0,0,-1,0,1.0000,-1,13,6,5,0,24,0,0,0,0
115.7645,1,0,3,0,0,0,0,-1,0,1.0000,-1,13,6,5,0,24,0,0,0,0
115.778,1,0,3,0,0,0,0,-1,0,1.0000,-1,13,6,5,0,24,0,0,0,0
115.7937,1,0,3,0,0,0,0,-1,0,1.0000,-1,13,6,5,0,24,0,0,0,0
115.8168,1,0,3,0,0,0,0,-1,0,1.0000,-1,13,6,5,0,24,0,0,0,0
115.8343,1,0,3,0,0,0,0,-1,0,1.0000,-1,13,6,5,0,24,0,0,0,0
115.8545,1,0,3,0,0,0,0,-1,0,0.0000,-1,13,6,5,0,24,0,0,0,0
115.8742,1,0,3,0,0,0,0,-1,0,0.0000,-1,13,6,5,0,24,0,0,0,0
115.8956,1,0,3,0,0,0,0,-1,0,0.0000,-1,13,6,5,0,24,0,0,0,0
115.915,1,0,3,0,0,0,0,-1,0,0.0000,-1,13,6,5,0,24,0,0,0,0
115.9335,1,0,3,0,0,0,0,-1,0,0.0000,-1,13,6,5,0,24,0,0,0,0
115.9522,1,0,3,0,0,0,0,-1,0,0.0000,-1,13,6,5,0,24,0,0,0,0
115.9708,1,0,3,0,0,0,0,-1,0,0.0000,-1,13,6,5,0,24,0,0,0,0
115.9937,1,0,3,0,0,0,0,-1,0,0.0000,-1,13,6,5,0,24,0,0,0,0
116.0122,1,0,3,0,0,0,0,-1,0,0.0000,-1,13,6,5,0,24,0,0,0,0
116.029,1,0,3,0,0,0,0,-1,0,0.0000,-1,13,6,5,0,24,0,0,0,0
116.0519,1,0,3,0,0,0,0,-1,0,0.0000,-1,13,6,5,0,24,0,0,0,0
116.0708,1,0,3,0,0,0,0,-1,0,0.0000,-1,13,6,5,0,24,0,0,0,0
116.0904,1,0,3,0,0,0,0,-1,0,0.0000,-1,13,6,5,0,24,0,0,0,0
116.1085,1,0,3,0,0,0,0,-1,0,0.0000,-1,13,6,5,0,24,0,0,0,0
116.1273,1,0,3,0,0,0,0,-1,0,0.0000,-1,13,6,5,0,24,0,0,0,0
116.1678,1,0,3,0,0,0,0,-1,0,0.0000,-1,13,6,5,0,24,0,0,0,0
116.1836,1,0,3,0,0,0,0,-1,0,0.0000,-1,13,6,5,0,24,0,0,0,0
116.1992,1,0,3,0,0,0,0,-1,0,0.0000,-1,13,6,5,0,24,0,0,0,0
116.2166,1,0,3,0,0,0,0,-1,0,0.0000,-1,13,6,5,0,24,0,0,0,0
116.2348,1,0,3,0,0,0,0,-1,0,0.0000,-1,13,6,5,0,24,0,0,0,0
116.2535,1,0,3,0,0,0,0,-1,0,0.0000,-1,13,6,5,0,24,0,0,0,0
116.2726,1,0,3,0,0,0,0,-1,0,0.0000,-1,13,6,5,0,24,0,0,0,0
116.2948,1,0,3,0,0,0,0,-1,0,0.0000,-1,13,6,5,0,24,0,0,0,0
116.3144,1,0,3,0,0,0,0,-1,0,0.0000,-1,13,6,5,0,24,0,0,0,0
116.3331,1,0,3,0,0,0,0,-1,0,0.0000,-1,13,6,5,0,24,0,0,0,0
116.3522,1,0,3,0,0,0,0,-1,0,0.0000,-1,13,6,5,0,24,0,0,0,0
116.373,1,0,3,0,0,0,0,-1,0,0.0000,-1,13,6,5,0,24,0,0,0,0
116.394,1,0,3,0,0,0,0,-1,0,0.0000,-1,13,6,5,0,24,0,0,0,0
116.413,1,0,3,0,0,0,0,-1,0,0.0000,-1,13,6,5,0,24,0,0,0,0
116.4312,1,0,3,0,0,0,0,-1,0,0.0000,-1,13,6,5,0,24,0,0,0,0
116.4517,1,0,3,0,0,0,0,-1,0,0.0000,-1,13,6,5,0,24,0,0,0,0
116.472,1,0,3,0,0,0,0,-1,0,0.0000,-1,13,6,5,0,24,0,0,0,0
116.493,1,0,3,0,0,0,0,-1,0,0.0000,-1,13,6,5,0,24,0,0,0,0
116.5104,1,0,3,0,0,0,0,-1,0,0.0000,-1,13,6,5,0,24,0,0,0,0
116.5286,1,0,3,0,0,0,0,-1,0,0.0000,-1,13,6,5,0,24,0,0,0,0
116.5507,1,0,3,0,0,0,0,-1,0,0.0000,-1,13,6,5,0,24,0,0,0,0
116.5713,1,0,3,0,0,0,0,-1,0,0.0000,-1,13,6,5,0,24,0,0,0,0
116.593,1,0,3,0,0,0,0,-1,0,0.0000,-1,13,6,5,0,24,0,0,0,0
116.6112,1,0,3,0,0,0,0,-1,0,0.0000,-1,13,6,5,0,24,0,0,0,0
116.6293,1,0,3,0,0,0,0,-1,0,0.0000,-1,13,6,5,0,24,0,0,0,0
116.6507,1,0,3,0,0,0,0,-1,0,0.0000,-1,13,6,5,0,24,0,0,0,0
116.6686,1,0,3,0,0,0,0,-1,0,0.0000,-1,13,6,5,0,24,0,0,0,0
116.6861,1,0,3,0,0,0,0,-1,0,0.0000,-1,13,6,5,0,24,0,0,0,0
116.7061,1,0,3,0,0,0,0,-1,0,0.0000,-1,13,6,5,0,24,0,0,0,0
116.7283,1,0,3,0,0,0,0,-1,0,0.0000,-1,13,6,5,0,24,0,0,0,0
116.7465,1,0,3,0,0,0,0,-1,0,0.0000,-1,13,6,5,0,24,0,0,0,0
116.7681,1,0,3,0,0,0,0,-1,0,0.0000,-1,13,6,5,0,24,0,0,0,0
116.7885,1,0,3,0,0,0,0,-1,0,0.0000,-1,13,6,5,0,24,0,0,0,0
116.806,1,0,3,0,0,0,0,-1,0,0.0000,-1,13,6,5,0,24,0,0,0,0
116.8294,1,0,3,0,0,0,0,-1,0,0.0000,-1,13,6,5,0,24,0,0,0,0
116.8479,1,0,3,0,0,0,0,-1,0,0.0000,-1,13,6,5,0,24,0,0,0,0
116.8666,1,0,3,0,0,0,0,-1,0,0.0000,-1,13,6,5,0,24,0,0,0,0
116.8852,1,0,3,0,0,0,0,-1,0,0.0000,-1,13,6,5,0,24,0,0,0,0
116.9051,1,0,3,0,0,0,0,-1,0,0.0000,-1,13,6,5,0,24,0,0,0,0
116.9263,1,0,3,0,0,0,0,-1,0,0.0000,-1,13,6,5,0,24,0,0,0,0
116.9452,1,0,3,0,0,0,0,-1,0,0.0000,-1,13,6,5,0,24,0,0,0,0
116.9665,1,0,3,0,0,0,0,-1,0,0.0000,-1,13,6,5,0,24,0,0,0,0
116.9836,1,0,3,0,0,0,1,87,0,0.0000,-1,13,6,5,0,24,0,0,0,0
117.0204,1,0,3,0,0,0,1,87,0,0.0000,-1,13,6,5,0,24,0,0,0,0
117.0345,1,0,3,0,0,0,1,87,0,0.0000,-1,13,6,5,0,24,0,0,0,0
117.0477,1,0,3,0,0,0,1,87,0,0.0000,-1,13,6,5,0,24,0,0,0,0
117.0666,1,0,3,0,0,0,1,87,0,0.0000,-1,13,6,5,0,24,0,0,0,0
117.0855,1,0,3,0,0,0,1,87,0,0.0000,-1,13,6,5,0,24,0,0,0,0
117.1072,1,0,3,0,0,0,1,87,0,0.0000,-1,13,6,5,0,24,0,0,0,0
117.1266,1,0,3,0,0,0,1,87,0,0.0000,-1,13,6,5,0,24,0,0,0,0
117.1458,1,0,3,0,0,0,1,87,0,0.0000,-1,13,6,5,0,24,0,0,0,0
117.1647,1,0,3,0,0,0,1,87,0,0.0000,-1,13,6,5,0,24,0,0,0,0
117.1843,1,0,3,0,0,0,1,87,0,0.0000,-1,13,6,5,0,24,0,0,0,0
117.2228,1,0,3,0,0,0,1,87,0,0.0000,-1,13,6,5,0,24,0,0,0,0
117.2386,1,0,3,0,0,0,1,87,1,1.0000,-1,13,6,5,0,24,0,0,0,0
117.2517,1,0,3,0,0,0,0,-1,0,1.0000,-1,13,6,5,0,24,0,0,0,0
117.2701,1,0,3,0,0,0,0,-1,0,1.0000,-1,13,6,5,0,24,0,0,0,0
117.2911,1,0,3,0,0,0,0,-1,0,1.0000,-1,13,6,5,0,24,0,0,0,0
117.308,1,0,3,0,0,0,0,-1,0,1.0000,-1,13,6,5,0,24,0,0,0,0
117.3281,1,0,3,0,0,0,0,-1,0,1.0000,-1,13,6,5,0,24,0,0,0,0
117.349,1,0,3,0,0,0,0,-1,0,1.0000,-1,13,6,5,0,24,0,0,0,0
117.3687,1,0,3,0,0,0,0,-1,0,1.0000,-1,13,6,5,0,24,0,0,0,0
117.3845,1,0,3,0,0,0,0,-1,0,1.0000,-1,13,6,5,0,24,0,0,0,0
117.4079,1,0,3,0,0,0,0,-1,0,1.0000,-1,13,6,5,0,24,0,0,0,0
117.4274,1,0,3,0,0,0,0,-1,0,1.0000,-1,13,6,5,0,24,0,0,0,0
117.448,1,0,3,0,0,0,0,-1,0,1.0000,-1,13,6,5,0,24,0,0,0,0
117.4654,1,0,3,0,0,0,0,-1,0,1.0000,-1,13,6,5,0,24,0,0,0,0
117.4841,1,0,3,0,0,0,0,-1,0,1.0000,-1,13,6,5,0,24,0,0,0,0
117.5059,1,0,3,0,0,0,0,-1,0,1.0000,-1,13,6,5,0,24,0,0,0,0
117.5235,1,0,3,0,0,0,0,-1,0,1.0000,-1,13,6,5,0,24,0,0,0,0
117.5452,1,0,3,0,0,0,0,-1,0,1.0000,-1,13,6,5,0,24,0,0,0,0
117.5631,1,0,3,0,0,0,0,-1,0,1.0000,-1,13,6,5,0,24,0,0,0,0
117.5848,1,0,3,0,0,0,0,-1,0,1.0000,-1,13,6,5,0,24,0,0,0,0
117.6048,1,0,3,0,0,0,0,-1,1,2.0000,-1,13,6,5,0,24,0,0,0,0
117.624,1,0,3,0,0,0,0,-1,0,2.0000,-1,13,6,5,0,24,0,0,0,0
117.6443,1,0,3,0,0,0,0,-1,0,2.0000,-1,13,6,5,0,24,0,0,0,0
117.6613,1,0,3,0,0,0,0,-1,0,2.0000,-1,13,6,5,0,24,0,0,0,0
117.6827,1,0,3,0,0,0,0,-1,0,2.0000,-1,13,6,5,0,24,0,0,0,0
117.7033,1,0,3,0,0,0,0,-1,0,2.0000,-1,13,6,5,0,24,0,0,0,0
117.7226,1,0,3,0,0,0,0,-1,0,2.0000,-1,13,6,5,0,24,0,0,0,0
117.7416,1,0,3,0,0,0,0,-1,0,2.0000,-1,13,6,5,0,24,0,0,0,0
117.761,1,0,3,0,0,0,0,-1,0,2.0000,-1,13,6,5,0,24,0,0,0,0
117.7813,1,0,3,0,0,0,0,-1,0,2.0000,-1,13,6,5,0,24,0,0,0,0
117.802,1,0,3,0,0,0,0,-1,0,2.0000,-1,13,6,5,0,24,0,0,0,0
117.821,1,0,3,0,0,0,0,-1,0,2.0000,-1,13,6,5,0,24,0,0,0,0
117.8392,1,0,3,0,0,0,0,-1,0,2.0000,-1,13,6,5,0,24,0,0,0,0
117.86,1,0,3,0,0,0,0,-1,0,2.0000,-1,13,6,5,0,24,0,0,0,0
117.8818,1,0,3,0,0,0,0,-1,0,2.0000,-1,13,6,5,0,24,0,0,0,0
117.8998,1,0,3,0,0,0,0,-1,0,2.0000,-1,13,6,5,0,24,0,0,0,0
117.9172,1,0,3,0,0,0,0,-1,0,2.0000,-1,13,6,5,0,24,0,0,0,0
117.9376,1,0,3,0,0,0,0,-1,0,2.0000,-1,13,6,5,0,24,0,0,0,0
117.9582,1,0,3,0,0,0,0,-1,0,2.0000,-1,13,6,5,0,24,0,0,0,0
117.9785,1,0,3,0,0,0,0,-1,0,2.0000,-1,13,6,5,0,24,0,0,0,0
117.997,1,0,3,0,0,0,0,-1,0,2.0000,-1,13,6,5,0,24,0,0,0,0
118.0169,1,0,3,0,0,0,0,-1,0,2.0000,-1,13,6,5,0,24,0,0,0,0
118.0373,1,0,3,0,0,0,0,-1,0,2.0000,-1,13,6,5,0,24,0,0,0,0
118.0558,1,0,3,0,0,0,0,-1,0,2.0000,-1,13,6,5,0,24,0,0,0,0
118.0739,1,0,3,0,0,0,0,-1,0,2.0000,-1,13,6,5,0,24,0,0,0,0
118.0946,1,0,3,0,0,0,0,-1,0,2.0000,-1,13,6,5,0,24,0,0,0,0
118.1171,1,0,3,0,0,0,0,-1,0,2.0000,-1,13,6,5,0,24,0,0,0,0
118.1356,1,0,3,0,0,0,0,-1,1,3.0000,-1,13,6,5,0,24,0,0,0,0
118.1534,1,0,3,0,0,0,0,-1,0,3.0000,-1,13,6,5,0,24,0,0,0,0
118.1723,1,0,3,0,0,0,0,-1,0,3.0000,-1,13,6,5,0,24,0,0,0,0
118.1943,1,0,3,0,0,0,0,-1,0,3.0000,-1,13,6,5,0,24,0,0,0,0
118.2142,1,0,3,0,0,0,1,89,0,3.0000,-1,13,6,5,0,24,0,0,0,0
118.234,1,0,3,0,0,0,1,89,0,3.0000,-1,13,6,5,0,24,0,0,0,0
118.2506,1,0,3,0,0,0,1,89,0,2.0000,-1,13,6,5,0,24,0,0,0,0
118.2721,1,0,3,0,0,0,1,89,0,2.0000,-1,13,6,5,0,24,0,0,0,0
118.2925,1,0,3,0,0,0,1,89,0,2.0000,-1,13,6,5,0,24,0,0,0,0
118.311,1,0,3,0,0,0,1,89,0,2.0000,-1,13,6,5,0,24,0,0,0,0
118.3317,1,0,3,0,0,0,0,-1,0,2.0000,-1,13,6,5,0,24,0,0,0,0
118.3494,1,0,3,0,0,0,0,-1,0,2.0000,-1,13,6,5,0,24,0,0,0,0
118.3724,1,0,3,0,0,0,0,-1,0,2.0000,-1,13,6,5,0,24,0,0,0,0
118.3917,1,0,3,0,0,0,0,-1,0,2.0000,-1,13,6,5,0,24,0,0,0,0
118.4114,1,0,3,0,0,0,0,-1,0,2.0000,-1,13,6,5,0,24,0,0,0,0
118.4292,1,0,3,0,0,0,0,-1,0,2.0000,-1,13,6,5,0,24,0,0,0,0
118.4522,1,0,3,0,0,0,0,-1,0,2.0000,-1,13,6,5,0,24,0,0,0,0
118.4876,1,0,3,0,0,0,0,-1,0,2.0000,-1,13,6,5,0,24,0,0,0,0
118.5049,1,0,3,0,0,0,0,-1,0,2.0000,-1,13,6,5,0,24,0,0,0,0
118.5213,1,0,3,0,0,0,0,-1,0,2.0000,-1,13,6,5,0,24,0,0,0,0
118.5375,1,0,3,0,0,0,0,-1,0,2.0000,-1,13,6,5,0,24,0,0,0,0
118.5569,1,0,3,0,0,0,0,-1,0,2.0000,-1,13,6,5,0,24,0,0,0,0
118.5736,1,0,3,0,0,0,0,-1,0,2.0000,-1,13,6,5,0,24,0,0,0,0
118.5915,1,0,3,0,0,0,0,-1,0,2.0000,-1,13,6,5,0,24,0,0,0,0
118.6131,1,0,3,0,0,0,0,-1,0,1.0000,-1,13,6,5,0,24,0,0,0,0
118.6329,1,0,3,0,0,0,0,-1,0,1.0000,-1,13,6,5,0,24,0,0,0,0
118.6503,1,0,3,0,0,0,0,-1,0,1.0000,-1,13,6,5,0,24,0,0,0,0
118.6716,1,0,3,0,0,0,0,-1,0,1.0000,-1,13,6,5,0,24,0,0,0,0
118.7101,1,0,3,0,0,0,0,-1,0,1.0000,-1,13,6,5,0,24,0,0,0,0
118.7275,1,0,3,0,0,0,0,-1,0,1.0000,-1,13,6,5,0,24,0,0,0,0
118.7432,1,0,3,0,0,0,0,-1,0,1.0000,-1,13,6,5,0,24,0,0,0,0
118.7569,1,0,3,0,0,0,0,-1,0,1.0000,-1,13,6,5,0,24,0,0,0,0
118.7759,1,0,3,0,0,0,0,-1,0,1.0000,-1,13,6,5,0,24,0,0,0,0
118.7949,1,0,3,0,0,0,0,-1,0,1.0000,-1,13,6,5,0,24,0,0,0,0
118.8156,1,0,3,0,0,0,0,-1,0,1.0000,-1,13,6,5,0,24,0,0,0,0
118.8355,1,0,3,0,0,0,0,-1,0,1.0000,-1,13,6,5,0,24,0,0,0,0
118.8522,1,0,3,0,0,0,0,-1,0,1.0000,-1,13,6,5,0,24,0,0,0,0
118.8743,1,0,3,0,0,0,0,-1,0,1.0000,-1,13,6,5,0,24,0,0,0,0
118.8921,1,0,3,0,0,0,0,-1,0,1.0000,-1,13,6,5,0,24,0,0,0,0
118.9126,1,0,3,0,0,0,0,-1,0,1.0000,-1,13,6,5,0,24,0,0,0,0
118.9312,1,0,3,0,0,0,0,-1,0,1.0000,-1,13,6,5,0,24,0,0,0,0
118.9494,1,0,3,0,0,0,0,-1,0,1.0000,-1,13,6,5,0,24,0,0,0,0
118.9696,1,0,3,0,0,0,0,-1,0,1.0000,-1,13,6,5,0,24,0,0,0,0
118.9879,1,0,3,0,0,0,0,-1,0,1.0000,-1,13,6,5,0,24,0,0,0,0
119.0087,1,0,3,0,0,0,1,90,0,1.0000,-1,13,6,5,0,24,0,0,0,0
119.0284,1,0,3,0,0,0,1,90,0,1.0000,-1,13,6,5,0,24,0,0,0,0
119.0492,1,0,3,0,0,0,1,90,0,1.0000,-1,13,6,5,0,24,0,0,0,0
119.0682,1,0,3,0,0,0,1,90,0,1.0000,-1,13,6,5,0,24,0,0,0,0
119.0886,1,0,3,0,0,0,0,-1,1,2.0000,-1,13,6,5,0,24,0,0,0,0
119.1253,1,0,3,0,0,0,0,-1,0,2.0000,-1,13,6,5,0,24,0,0,0,0
119.1409,1,0,3,0,0,0,1,91,0,1.0000,-1,13,6,5,0,24,0,0,0,0
119.1546,1,0,3,0,0,0,1,91,0,1.0000,-1,13,6,5,0,24,0,0,0,0
119.1711,1,0,3,0,0,0,0,-1,0,1.0000,-1,13,6,5,0,24,0,0,0,0
119.1932,1,0,3,0,0,0,0,-1,0,1.0000,-1,13,6,5,0,24,0,0,0,0
119.2109,1,0,3,0,0,0,0,-1,0,1.0000,-1,13,6,5,0,24,0,0,0,0
119.2302,1,0,3,0,1,0,0,-1,0,1.0000,-1,13,6,5,0,24,0,0,0,0
119.2499,1,0,3,0,1,0,0,-1,0,1.0000,-1,13,6,5,0,24,0,0,0,0
119.2702,1,0,3,0,1,0,0,-1,0,1.0000,-1,13,6,5,0,24,0,0,0,0
119.2891,1,0,3,0,1,0,0,-1,0,1.0000,-1,13,6,5,0,24,0,0,0,0
119.3077,1,0,3,0,1,0,0,-1,0,1.0000,-1,13,6,5,0,24,0,0,0,0
119.3287,1,0,3,0,1,0,0,-1,0,1.0000,-1,13,6,5,0,24,0,0,0,0
119.348,1,0,3,0,1,0,0,-1,0,1.0000,-1,13,6,5,0,24,0,0,0,0
119.3673,1,0,3,0,1,0,0,-1,0,1.0000,-1,13,6,5,0,24,0,0,0,0
119.3837,1,0,3,0,1,0,0,-1,0,1.0000,-1,13,6,5,0,24,0,0,0,0
119.4068,1,0,3,0,1,0,0,-1,0,1.0000,-1,13,6,5,0,24,0,0,0,0
119.427,1,0,3,0,1,0,0,-1,0,1.0000,-1,13,6,5,0,24,0,0,0,0
119.4444,1,0,3,0,1,0,0,-1,0,1.0000,-1,13,6,5,0,24,0,0,0,0
119.4658,1,0,3,0,1,0,0,-1,0,1.0000,-1,13,6,5,0,24,0,0,0,0
119.4839,1,0,3,0,1,0,0,-1,0,1.0000,-1,13,6,5,0,24,0,0,0,0
119.5047,1,0,3,0,1,0,0,-1,0,1.0000,-1,13,6,5,0,24,0,0,0,0
119.5247,1,0,3,0,1,0,0,-1,0,1.0000,-1,13,6,5,0,24,0,0,0,0
119.5431,1,0,3,0,1,0,0,-1,0,1.0000,-1,13,6,5,0,24,0,0,0,0
119.5623,1,0,3,0,1,0,0,-1,0,1.0000,-1,13,6,5,0,24,0,0,0,0
119.5825,1,0,3,0,1,0,0,-1,0,1.0000,-1,13,6,5,0,24,0,0,0,0
119.604,1,0,3,0,1,0,0,-1,0,1.0000,-1,13,6,5,0,24,0,0,0,0
119.6227,1,0,3,0,1,0,0,-1,1,2.0000,-1,13,6,5,0,24,0,0,0,0
119.6436,1,0,3,0,1,0,0,-1,0,2.0000,-1,13,6,5,0,24,0,0,0,0
119.663,1,0,3,0,1,0,0,-1,0,2.0000,-1,13,6,5,0,24,0,0,0,0
119.6842,1,0,3,0,1,0,0,-1,0,2.0000,-1,13,6,5,0,24,0,0,0,0
119.7046,1,0,3,0,1,0,1,95,0,2.0000,-1,13,6,5,0,24,0,0,0,0
119.7247,1,0,3,0,1,0,1,95,0,2.0000,-1,13,6,5,0,24,0,0,0,0
119.7435,1,0,3,0,1,0,1,95,0,2.0000,-1,13,6,5,0,24,0,0,0,0
119.7617,1,0,3,0,1,0,1,95,0,2.0000,-1,13,6,5,0,24,0,0,0,0
119.7841,1,0,3,0,1,0,1,95,0,2.0000,-1,13,6,5,0,24,0,0,0,0
119.8053,1,0,3,0,1,0,1,95,0,2.0000,-1,13,6,5,0,24,0,0,0,0
119.8261,1,0,3,0,1,0,1,95,0,2.0000,-1,13,6,5,0,24,0,0,0,0
119.8433,1,0,3,0,1,0,1,95,0,2.0000,-1,13,6,5,0,24,0,0,0,0
119.8672,1,0,3,0,1,0,1,95,1,3.0000,-1,13,6,5,0,24,0,0,0,0
119.8865,1,0,3,0,1,0,1,95,0,3.0000,-1,13,6,5,0,24,0,0,0,0
119.9102,1,0,3,0,1,0,0,-1,0,3.0000,-1,13,6,5,0,24,0,0,0,0
119.9325,1,0,3,0,1,0,0,-1,0,3.0000,-1,13,6,5,0,24,0,0,0,0
119.9537,1,0,3,0,1,0,0,-1,0,3.0000,-1,13,6,5,0,24,0,0,0,0
119.9776,1,0,3,0,1,0,0,-1,0,3.0000,-1,13,6,5,0,24,0,0,0,0
119.9996,1,0,3,0,1,0,0,-1,0,3.0000,-1,13,6,5,0,24,0,0,0,0
120.0222,1,0,3,0,1,0,0,-1,0,3.0000,-1,13,6,5,0,24,0,0,0,0
120.045,1,0,3,0,1,0,0,-1,0,3.0000,-1,13,6,5,0,24,0,0,0,0
120.0695,1,0,3,0,1,0,0,-1,1,4.0000,-1,13,6,5,0,24,0,0,0,0
120.0911,1,0,3,0,1,0,0,-1,0,3.0000,-1,13,6,5,0,24,0,0,0,0
120.1137,1,0,3,0,1,0,0,-1,0,3.0000,-1,13,6,5,0,24,0,0,0,0
120.1596,1,0,3,0,1,0,0,-1,0,3.0000,-1,13,6,5,0,24,0,0,0,0
120.1756,1,0,3,0,1,0,0,-1,0,3.0000,-1,13,6,5,0,24,0,0,0,0
120.1903,1,0,3,0,1,0,0,-1,0,3.0000,-1,13,6,5,0,24,0,0,0,0
120.2149,1,0,3,0,1,0,0,-1,0,3.0000,-1,13,6,5,0,24,0,0,0,0
120.2393,1,0,3,0,1,0,0,-1,0,3.0000,-1,13,6,5,0,24,0,0,0,0
120.263,1,0,3,0,1,0,0,-1,1,4.0000,-1,13,6,5,0,24,0,0,0,0
120.2876,1,0,3,0,1,0,0,-1,0,4.0000,-1,13,6,5,0,24,0,0,0,0
120.3116,1,0,3,0,1,0,0,-1,0,4.0000,-1,13,6,5,0,24,0,0,0,0
120.3349,1,0,3,0,1,0,0,-1,0,4.0000,-1,13,6,5,0,24,0,0,0,0
120.3602,1,0,3,0,1,0,0,-1,0,4.0000,-1,13,6,5,0,24,0,0,0,0
120.3845,1,0,3,0,1,0,0,-1,0,4.0000,-1,13,6,5,0,24,0,0,0,0
120.409,1,0,3,0,1,0,0,-1,1,5.0000,-1,13,6,5,0,24,0,0,0,0
120.432,1,0,3,0,1,0,0,-1,0,5.0000,-1,13,6,5,0,24,0,0,0,0
120.4563,1,0,3,0,1,0,0,-1,0,5.0000,-1,13,6,5,0,24,0,0,0,0
120.4804,1,0,3,0,1,0,0,-1,0,5.0000,-1,13,6,5,0,24,0,0,0,0
120.5034,1,0,3,0,1,0,0,-1,0,5.0000,-1,13,6,5,0,24,0,0,0,0
120.5276,1,0,3,0,1,0,0,-1,0,5.0000,-1,13,6,5,0,24,0,0,0,0
120.5505,1,0,3,0,1,0,0,-1,0,5.0000,-1,13,6,5,0,24,0,0,0,0
120.5963,1,0,3,0,1,0,0,-1,0,5.0000,-1,13,6,5,0,24,0,0,0,0
120.6104,1,0,3,0,1,0,0,-1,0,5.0000,-1,13,6,5,0,24,0,0,0,0
120.6268,1,0,3,0,1,0,0,-1,0,4.0000,-1,13,6,5,0,24,0,0,0,0
120.6513,1,0,3,0,0,0,0,-1,0,4.0000,-1,13,6,5,0,24,0,0,0,0
120.6755,1,0,3,0,0,0,0,-1,0,4.0000,-1,13,6,5,0,24,0,0,0,0
120.6991,1,0,3,0,0,0,0,-1,0,4.0000,-1,13,6,5,0,24,0,0,0,0
120.7239,1,0,3,0,0,0,0,-1,0,4.0000,-1,13,6,5,0,24,0,0,0,0
120.7483,1,0,3,0,0,0,0,-1,0,4.0000,-1,13,6,5,0,24,0,0,0,0
120.7713,1,0,3,0,0,0,0,-1,0,4.0000,-1,13,6,5,0,24,0,0,0,0
120.818,1,0,3,0,0,0,0,-1,0,4.0000,-1,13,6,5,0,24,0,0,0,0
120.8312,1,0,3,0,0,0,0,-1,0,4.0000,-1,13,6,5,0,24,0,0,0,0
120.8458,1,0,3,0,0,0,0,-1,0,4.0000,-1,13,6,5,0,24,0,0,0,0
120.8695,1,0,3,0,0,0,0,-1,0,3.0000,-1,13,6,5,0,24,0,0,0,0
120.8947,1,0,3,0,0,0,0,-1,0,3.0000,-1,13,6,5,0,24,0,0,0,0
120.9188,1,0,3,0,0,0,0,-1,0,3.0000,-1,13,6,5,0,24,0,0,0,0
120.9459,1,0,3,0,0,0,0,-1,0,3.0000,-1,13,6,5,0,24,0,0,0,0
120.9696,1,0,3,0,0,0,0,-1,0,3.0000,-1,13,6,5,0,24,0,0,0,0
120.9943,1,0,3,0,0,0,0,-1,0,3.0000,-1,13,6,5,0,24,0,0,0,0
121.0181,1,0,3,0,0,0,0,-1,0,3.0000,-1,13,6,5,0,24,0,0,0,0
121.04,1,0,3,0,0,0,0,-1,0,3.0000,-1,13,6,5,0,24,0,0,0,0
121.0651,1,0,3,0,0,0,0,-1,0,3.0000,-1,13,6,5,0,24,0,0,0,0
121.0902,1,0,3,0,0,0,0,-1,0,2.0000,-1,13,6,5,0,24,0,0,0,0
121.1131,1,0,3,0,0,0,0,-1,0,2.0000,-1,13,6,5,0,24,0,0,0,0
121.1362,1,0,3,0,0,0,0,-1,0,2.0000,-1,13,6,5,0,24,0,0,0,0
121.1605,1,0,3,0,0,0,0,-1,0,2.0000,-1,13,6,5,0,24,0,0,0,0
121.1857,1,0,3,0,0,0,0,-1,0,2.0000,-1,13,6,5,0,24,0,0,0,0
121.2082,1,0,3,0,0,0,0,-1,0,2.0000,-1,13,6,5,0,24,0,0,0,0
121.2318,1,0,3,0,0,0,0,-1,1,3.0000,-1,13,6,5,0,24,0,0,0,0
121.2575,1,0,3,0,0,0,0,-1,0,3.0000,-1,13,6,5,0,24,0,0,0,0
121.2798,1,0,3,0,0,0,0,-1,0,2.0000,-1,13,6,5,0,24,0,0,0,0
121.3033,1,0,3,0,0,0,0,-1,0,2.0000,-1,13,6,5,0,24,0,0,0,0
121.3274,1,0,3,0,0,0,0,-1,0,2.0000,-1,13,6,5,0,24,0,0,0,0
121.3538,1,0,3,0,0,0,0,-1,0,2.0000,-1,13,6,5,0,24,0,0,0,0
121.3743,1,0,3,0,0,0,0,-1,0,2.0000,-1,13,6,5,0,24,0,0,0,0
121.3995,1,0,3,0,0,0,0,-1,0,2.0000,-1,13,6,5,0,24,0,0,0,0
121.4256,1,0,3,0,0,0,0,-1,0,1.0000,-1,13,6,5,0,24,0,0,0,0
121.4692,1,0,3,0,0,0,0,-1,0,1.0000,-1,13,6,5,0,24,0,0,0,0
121.4816,1,0,3,0,0,0,0,-1,0,1.0000,-1,13,6,5,0,24,0,0,0,0
121.4983,1,0,3,0,0,0,0,-1,0,1.0000,-1,13,6,5,0,24,0,0,0,0
121.5236,1,0,3,0,0,0,1,96,0,1.0000,-1,13,6,5,0,24,0,0,0,0
121.5477,1,0,3,0,0,0,1,96,0,1.0000,-1,13,6,5,0,24,0,0,0,0
121.5717,1,0,3,0,0,0,1,96,0,1.0000,-1,13,6,5,0,24,0,0,0,0
121.5969,1,0,3,0,0,0,1,96,0,1.0000,-1,13,6,5,0,24,0,0,0,0
121.6213,1,0,3,0,0,0,1,96,0,1.0000,-1,13,6,5,0,24,0,0,0,0
121.6461,1,0,3,0,0,0,1,96,0,1.0000,-1,13,6,5,0,24,0,0,0,0
121.6917,1,0,3,0,0,0,1,96,1,2.0000,-1,13,6,5,0,24,0,0,0,0
121.7043,1,0,3,0,0,0,1,96,0,2.0000,-1,13,6,5,0,24,0,0,0,0
121.722,1,0,3,0,0,0,1,96,0,2.0000,-1,13,6,5,0,24,0,0,0,0
121.7468,1,0,3,0,0,0,1,96,0,2.0000,-1,13,6,5,0,24,0,0,0,0
121.772,1,0,3,0,0,0,1,96,0,2.0000,-1,13,6,5,0,24,0,0,0,0
121.7969,1,0,3,0,0,0,1,96,0,2.0000,-1,13,6,5,0,24,0,0,0,0
121.8213,1,0,3,0,0,0,1,96,0,2.0000,-1,13,6,5,0,24,0,0,0,0
121.8446,1,0,3,0,0,0,1,96,0,2.0000,-1,13,6,5,0,24,0,0,0,0
121.8688,1,0,3,0,0,0,1,96,0,2.0000,-1,13,6,5,0,24,0,0,0,0
121.9143,1,0,3,0,0,0,1,96,0,2.0000,-1,13,6,5,0,24,0,0,0,0
121.9269,1,0,3,0,0,0,1,96,0,2.0000,-1,13,6,5,0,24,0,0,0,0
121.9456,1,0,3,0,0,0,1,96,0,2.0000,-1,13,6,5,0,24,0,0,0,0
121.9706,1,0,3,0,0,0,1,96,0,2.0000,-1,13,6,5,0,24,0,0,0,0
121.9954,1,0,3,0,0,0,1,96,0,2.0000,-1,13,6,5,0,24,0,0,0,0
122.0197,1,0,3,0,0,0,1,96,0,2.0000,-1,13,6,5,0,24,0,0,0,0
122.045,1,0,3,0,0,0,1,96,0,2.0000,-1,13,6,5,0,24,0,0,0,0
122.0691,1,0,3,0,0,0,1,96,0,2.0000,-1,13,6,5,0,24,0,0,0,0
122.093,1,0,3,0,0,0,1,96,1,3.0000,-1,13,6,5,0,24,0,0,0,0
122.1175,1,0,3,0,0,0,1,96,0,3.0000,-1,13,6,5,0,24,0,0,0,0
122.1403,1,0,3,0,0,0,1,96,0,3.0000,-1,13,6,5,0,24,0,0,0,0
122.1665,1,0,3,0,0,0,1,96,0,3.0000,-1,13,6,5,0,24,0,0,0,0
122.191,1,0,3,0,0,0,0,-1,0,3.0000,-1,13,6,5,0,24,0,0,0,0
122.2147,1,0,3,0,0,0,0,-1,0,3.0000,-1,13,6,5,0,24,0,0,0,0
122.2386,1,0,3,0,0,0,0,-1,0,2.0000,-1,13,6,5,0,24,0,0,0,0
122.2641,1,0,3,0,0,0,0,-1,0,2.0000,-1,13,6,5,0,24,0,0,0,0
122.2875,1,0,3,0,0,0,0,-1,0,2.0000,-1,13,6,5,0,24,0,0,0,0
122.3123,1,0,3,0,0,0,0,-1,0,2.0000,96,14,6,5,0,25,0,0,0,0
122.3366,1,0,3,0,0,0,0,-1,0,2.0000,-1,14,6,5,0,25,0,0,0,0
122.3621,1,0,3,0,0,0,0,-1,0,2.0000,-1,14,6,5,0,25,0,0,0,0
122.3876,1,0,3,0,0,0,0,-1,0,2.0000,-1,14,6,5,0,25,0,0,0,0
122.4121,1,0,3,0,0,0,0,-1,0,2.0000,-1,14,6,5,0,25,0,0,0,0
122.4364,1,0,3,0,0,0,0,-1,0,2.0000,-1,14,6,5,0,25,0,0,0,0
122.4603,1,0,3,0,0,0,0,-1,0,2.0000,-1,14,6,5,0,25,0,0,0,0
122.4866,1,0,3,0,0,0,0,-1,0,2.0000,-1,14,6,5,0,25,0,0,0,0
122.5119,1,0,3,0,0,0,0,-1,0,2.0000,-1,14,6,5,0,25,0,0,0,0
122.5622,1,0,3,0,0,0,0,-1,0,2.0000,-1,14,6,5,0,25,0,0,0,0
122.577,1,0,3,0,0,0,0,-1,0,2.0000,-1,14,6,5,0,25,0,0,0,0
122.592,1,0,3,0,0,0,0,-1,0,2.0000,-1,14,6,5,0,25,0,0,0,0
122.6176,1,0,3,0,0,0,0,-1,0,2.0000,-1,14,6,5,0,25,0,0,0,0
122.643,1,0,3,0,0,0,0,-1,0,2.0000,-1,14,6,5,0,25,0,0,0,0
122.6683,1,0,3,0,0,0,0,-1,0,2.0000,-1,14,6,5,0,25,0,0,0,0
122.6915,1,0,3,0,0,0,0,-1,0,2.0000,-1,14,6,5,0,25,0,0,0,0
122.7187,1,0,3,0,0,0,0,-1,0,1.0000,-1,14,6,5,0,25,0,0,0,0
122.7434,1,0,3,0,0,0,0,-1,0,1.0000,-1,14,6,5,0,25,0,0,0,0
122.7684,1,0,3,0,0,0,0,-1,0,1.0000,-1,14,6,5,0,25,0,0,0,0
122.7933,1,0,3,0,0,0,0,-1,0,1.0000,-1,14,6,5,0,25,0,0,0,0
122.8183,1,0,3,0,0,0,0,-1,0,1.0000,-1,14,6,5,0,25,0,0,0,0
122.8421,1,0,3,0,0,0,0,-1,0,1.0000,-1,14,6,5,0,25,0,0,0,0
122.8688,1,0,3,0,0,0,1,101,0,1.0000,-1,14,6,5,0,25,0,0,0,0
122.8927,1,0,3,0,0,0,1,101,0,1.0000,-1,14,6,5,0,25,0,0,0,0
122.9174,1,0,3,0,0,0,1,101,0,1.0000,-1,14,6,5,0,25,0,0,0,0
122.9423,1,0,3,0,0,0,1,101,0,1.0000,-1,14,6,5,0,25,0,0,0,0
122.9675,1,0,3,0,0,0,1,101,0,1.0000,-1,14,6,5,0,25,0,0,0,0
122.9914,1,0,3,0,0,0,1,101,0,1.0000,-1,14,6,5,0,25,0,0,0,0
123.0178,1,0,3,0,0,0,1,101,0,1.0000,-1,14,6,5,0,25,0,0,0,0
123.0437,1,0,3,0,0,0,1,101,1,2.0000,-1,14,6,5,0,25,0,0,0,0
123.0693,1,0,3,0,0,0,1,101,0,2.0000,-1,14,6,5,0,25,0,0,0,0
123.0929,1,0,3,0,0,0,1,101,0,2.0000,-1,14,6,5,0,25,0,0,0,0
123.1189,1,0,3,0,0,0,1,101,0,1.0000,-1,14,6,5,0,25,0,0,0,0
123.1444,1,0,3,0,0,0,0,-1,1,2.0000,-1,14,6,5,0,25,0,0,0,0
123.1926,1,0,3,0,0,0,0,-1,0,2.0000,-1,14,6,5,0,25,0,0,0,0
123.206,1,0,3,0,0,0,1,100,0,2.0000,-1,14,6,5,0,25,0,0,0,0
123.2221,1,0,3,0,0,0,1,100,0,2.0000,-1,14,6,5,0,25,0,0,0,0
123.2477,1,0,3,0,0,0,1,100,0,2.0000,-1,14,6,5,0,25,0,0,0,0
123.2731,1,0,3,0,0,0,1,100,0,2.0000,-1,14,6,5,0,25,0,0,0,0
123.2979,1,0,3,0,0,0,1,100,0,2.0000,-1,14,6,5,0,25,0,0,0,0
123.3233,1,0,3,0,0,0,1,100,0,2.0000,-1,14,6,5,0,25,0,0,0,0
123.3488,1,0,3,0,0,0,0,-1,0,2.0000,100,15,6,5,0,26,0,0,0,0
123.397,1,0,3,0,0,0,0,-1,0,2.0000,-1,15,6,5,0,26,0,0,0,0
123.4099,1,0,3,0,0,0,0,-1,0,2.0000,-1,15,6,5,0,26,0,0,0,0
123.4256,1,0,3,0,0,0,0,-1,0,2.0000,-1,15,6,5,0,26,0,0,0,0
123.4511,1,0,3,0,0,0,0,-1,0,2.0000,-1,15,6,5,0,26,0,0,0,0
123.4764,1,0,3,0,0,0,0,-1,0,2.0000,-1,15,6,5,0,26,0,0,0,0
123.5009,1,0,3,0,0,0,0,-1,0,2.0000,-1,15,6,5,0,26,0,0,0,0
123.5259,1,0,3,0,0,0,0,-1,0,2.0000,-1,15,6,5,0,26,0,0,0,0
123.5518,1,0,3,0,0,0,0,-1,0,2.0000,-1,15,6,5,0,26,0,0,0,0
123.5973,1,0,3,0,0,0,0,-1,0,2.0000,-1,15,6,5,0,26,0,0,0,0
123.6097,1,0,3,0,0,0,0,-1,0,2.0000,-1,15,6,5,0,26,0,0,0,0
123.6288,1,0,3,0,0,0,0,-1,0,2.0000,-1,15,6,5,0,26,0,0,0,0
123.653,1,0,3,0,0,0,0,-1,0,2.0000,-1,15,6,5,0,26,0,0,0,0
123.6783,1,0,3,0,0,0,0,-1,0,2.0000,-1,15,6,5,0,26,0,0,0,0
123.7042,1,0,3,0,0,0,0,-1,0,2.0000,-1,15,6,5,0,26,0,0,0,0
123.7285,1,0,3,0,0,0,0,-1,0,2.0000,-1,15,6,5,0,26,0,0,0,0
123.7535,1,0,3,0,0,0,0,-1,1,3.0000,-1,15,6,5,0,26,0,0,0,0
123.7798,1,0,3,0,0,0,0,-1,0,3.0000,-1,15,6,5,0,26,0,0,0,0
123.8032,1,0,3,0,0,0,0,-1,0,3.0000,-1,15,6,5,0,26,0,0,0,0
123.828,1,0,3,0,0,0,0,-1,0,3.0000,-1,15,6,5,0,26,0,0,0,0
123.8525,1,0,3,0,0,0,0,-1,0,3.0000,-1,15,6,5,0,26,0,0,0,0
123.8779,1,0,3,0,0,0,0,-1,0,3.0000,-1,15,6,5,0,26,0,0,0,0
123.9019,1,0,3,0,0,0,0,-1,0,3.0000,-1,15,6,5,0,26,0,0,0,0
123.9259,1,0,3,0,0,0,0,-1,0,3.0000,-1,15,6,5,0,26,0,0,0,0
123.9485,1,0,3,0,0,0,0,-1,0,3.0000,-1,15,6,5,0,26,0,0,0,0
123.9734,1,0,3,0,0,0,0,-1,0,3.0000,-1,15,6,5,0,26,0,0,0,0
123.9985,1,0,3,0,0,0,1,102,0,3.0000,-1,15,6,5,0,26,0,0,0,0
124.0246,1,0,3,0,0,0,1,102,0,3.0000,-1,15,6,5,0,26,0,0,0,0
124.0491,1,0,3,0,0,0,1,102,0,2.0000,-1,15,6,5,0,26,0,0,0,0
124.074,1,0,3,0,0,0,1,102,0,2.0000,-1,15,6,5,0,26,0,0,0,0
124.0978,1,0,3,0,0,0,1,102,0,2.0000,-1,15,6,5,0,26,0,0,0,0
124.1244,1,0,3,0,0,0,1,102,0,2.0000,-1,15,6,5,0,26,0,0,0,0
124.1478,1,0,3,0,0,0,1,102,1,2.0000,-1,15,6,5,0,26,0,0,0,0
124.1726,1,0,3,0,0,0,0,-1,0,2.0000,-1,15,6,5,0,26,0,0,0,0
124.197,1,0,3,0,0,0,0,-1,0,2.0000,-1,15,6,5,0,26,0,0,0,0
124.2242,1,0,3,0,0,0,0,-1,0,2.0000,-1,15,6,5,0,26,0,0,0,0
124.2478,1,0,3,0,0,0,0,-1,0,2.0000,-1,15,6,5,0,26,0,0,0,0
124.2739,1,0,3,0,0,0,0,-1,0,2.0000,-1,15,6,5,0,26,0,0,0,0
124.299,1,0,3,0,0,0,0,-1,0,2.0000,-1,15,6,5,0,26,0,0,0,0
124.3231,1,0,3,0,0,0,0,-1,0,2.0000,-1,15,6,5,0,26,0,0,0,0
124.3497,1,0,3,0,0,0,0,-1,0,2.0000,-1,15,6,5,0,26,0,0,0,0
124.3766,1,0,3,0,0,0,0,-1,0,2.0000,-1,15,6,5,0,26,0,0,0,0
124.3997,1,0,3,0,0,0,0,-1,0,2.0000,-1,15,6,5,0,26,0,0,0,0
124.4458,1,0,3,0,0,0,0,-1,0,2.0000,-1,15,6,5,0,26,0,0,0,0
124.4607,1,0,3,0,0,0,0,-1,0,2.0000,-1,15,6,5,0,26,0,0,0,0
124.4771,1,0,3,0,0,0,0,-1,0,2.0000,-1,15,6,5,0,26,0,0,0,0
124.5029,1,0,3,0,0,0,0,-1,0,2.0000,-1,15,6,5,0,26,0,0,0,0
124.5289,1,0,3,0,0,0,0,-1,0,2.0000,-1,15,6,5,0,26,0,0,0,0
124.5543,1,0,3,0,0,0,0,-1,0,2.0000,-1,15,6,5,0,26,0,0,0,0
124.5798,1,0,3,0,0,0,0,-1,0,2.0000,-1,15,6,5,0,26,0,0,0,0
124.6061,1,0,3,0,0,0,0,-1,0,2.0000,-1,15,6,5,0,26,0,0,0,0
124.6543,1,0,3,0,0,0,0,-1,1,3.0000,-1,15,6,5,0,26,0,0,0,0
124.6666,1,0,3,0,0,0,0,-1,0,3.0000,-1,15,6,5,0,26,0,0,0,0
124.6849,1,0,3,0,0,0,0,-1,0,3.0000,-1,15,6,5,0,26,0,0,0,0
124.7108,1,0,3,0,0,0,0,-1,0,3.0000,-1,15,6,5,0,26,0,0,0,0
124.7391,1,0,3,0,0,0,0,-1,0,3.0000,-1,15,6,5,0,26,0,0,0,0
124.7637,1,0,3,0,0,0,0,-1,0,2.0000,-1,15,6,5,0,26,0,0,0,0
124.7885,1,0,3,0,0,0,0,-1,0,2.0000,-1,15,6,5,0,26,0,0,0,0
124.8143,1,0,3,1,0,0,0,-1,0,2.0000,-1,15,6,5,0,26,0,0,0,0
124.8412,1,0,3,1,0,0,0,-1,0,2.0000,-1,15,6,5,0,26,0,0,0,0
124.8648,1,0,3,1,0,0,0,-1,0,2.0000,-1,15,6,5,0,26,0,0,0,0
124.8907,1,0,3,1,0,0,0,-1,0,2.0000,-1,15,6,5,0,26,0,0,0,0
124.9166,1,0,3,1,0,0,0,-1,0,2.0000,-1,15,6,5,0,26,0,0,0,0
124.9416,1,0,3,1,0,0,0,-1,0,2.0000,-1,15,6,5,0,26,0,0,0,0
124.968,1,0,3,1,0,0,0,-1,0,2.0000,-1,15,6,5,0,26,0,0,0,0
124.992,1,0,3,1,0,0,0,-1,0,2.0000,-1,15,6,5,0,26,0,0,0,0
125.018,1,0,3,1,0,0,0,-1,0,2.0000,-1,15,6,5,0,26,0,0,0,0
125.0651,1,0,3,1,0,0,0,-1,0,2.0000,-1,15,6,5,0,26,0,0,0,0
125.0788,1,0,3,1,0,0,0,-1,0,2.0000,-1,15,6,5,0,26,0,0,0,0
125.0983,1,0,3,1,0,0,1,103,0,2.0000,-1,15,6,5,0,26,0,0,0,0
125.1228,1,0,3,1,0,0,0,-1,1,3.0000,-1,15,6,5,0,26,0,0,0,0
125.1486,1,0,3,1,0,0,0,-1,0,2.0000,-1,15,6,5,0,26,0,0,0,0
125.1738,1,0,3,1,0,0,0,-1,0,2.0000,-1,15,6,5,0,26,0,0,0,0
125.2002,1,0,3,1,0,0,0,-1,0,2.0000,-1,15,6,5,0,26,0,0,0,0
125.2262,1,0,3,1,0,0,0,-1,0,2.0000,-1,15,6,5,0,26,0,0,0,0
125.2518,1,0,3,1,0,0,0,-1,0,2.0000,-1,15,6,5,0,26,0,0,0,0
125.2773,1,0,3,1,0,0,0,-1,0,2.0000,-1,15,6,5,0,26,0,0,0,0
125.303,1,0,3,1,0,0,0,-1,0,2.0000,-1,15,6,5,0,26,0,0,0,0
125.3282,1,0,3,1,0,0,0,-1,1,3.0000,-1,15,6,5,0,26,0,0,0,0
125.3547,1,0,3,1,0,0,0,-1,0,3.0000,-1,15,6,5,0,26,0,0,0,0
125.3797,1,0,3,1,0,0,0,-1,0,3.0000,-1,15,6,5,0,26,0,0,0,0
125.4039,1,0,3,1,0,0,0,-1,0,3.0000,-1,15,6,5,0,26,0,0,0,0
125.4298,1,0,3,1,0,0,0,-1,0,3.0000,-1,15,6,5,0,26,0,0,0,0
125.4572,1,0,3,1,0,0,0,-1,0,3.0000,-1,15,6,5,0,26,0,0,0,0
125.4803,1,0,3,1,1,0,0,-1,0,3.0000,-1,15,6,5,0,26,0,0,0,0
125.5058,1,0,3,1,1,0,0,-1,0,3.0000,-1,15,6,5,0,26,0,0,0,0
125.531,1,0,3,1,1,0,0,-1,0,3.0000,-1,15,6,5,0,26,0,0,0,0
125.5578,1,0,3,1,1,0,0,-1,0,3.0000,-1,15,6,5,0,26,0,0,0,0
125.5805,1,0,3,1,1,0,0,-1,0,3.0000,-1,15,6,5,0,26,0,0,0,0
125.6073,1,0,3,1,1,0,0,-1,0,3.0000,-1,15,6,5,0,26,0,0,0,0
125.6304,1,0,3,1,1,0,0,-1,0,3.0000,-1,15,6,5,0,26,0,0,0,0
125.6551,1,0,3,1,1,0,0,-1,0,2.0000,-1,15,6,5,0,26,0,0,0,0
125.6783,1,0,3,1,1,0,0,-1,0,2.0000,-1,15,6,5,0,26,0,0,0,0
125.7037,1,0,3,1,1,0,0,-1,0,2.0000,-1,15,6,5,0,26,0,0,0,0
125.7273,1,0,3,1,1,0,0,-1,0,2.0000,-1,15,6,5,0,26,0,0,0,0
125.7503,1,0,3,1,1,0,0,-1,0,2.0000,-1,15,6,5,0,26,0,0,0,0
125.7723,1,0,3,1,1,0,0,-1,0,2.0000,-1,15,6,5,0,26,0,0,0,0
125.7964,1,0,3,1,1,0,0,-1,0,2.0000,-1,15,6,5,0,26,0,0,0,0
125.8197,1,0,3,1,1,0,0,-1,0,2.0000,-1,15,6,5,0,26,0,0,0,0
125.8436,1,0,3,1,1,0,0,-1,0,2.0000,-1,15,6,5,0,26,0,0,0,0
125.864,1,0,3,0,1,0,0,-1,0,2.0000,-1,15,6,5,0,26,0,0,0,0
125.8873,1,0,3,0,1,0,0,-1,0,2.0000,-1,15,6,5,0,26,0,0,0,0
125.9094,1,0,3,0,1,0,0,-1,0,2.0000,-1,15,6,5,0,26,0,0,0,0
125.9316,1,0,3,0,1,0,0,-1,0,2.0000,-1,15,6,5,0,26,0,0,0,0
125.9546,1,0,3,0,1,0,0,-1,0,2.0000,-1,15,6,5,0,26,0,0,0,0
125.9748,1,0,3,0,1,0,0,-1,0,2.0000,-1,15,6,5,0,26,0,0,0,0
125.9977,1,0,3,0,1,0,0,-1,0,2.0000,-1,15,6,5,0,26,0,0,0,0
126.0204,1,0,3,0,1,0,0,-1,0,2.0000,-1,15,6,5,0,26,0,0,0,0
126.0408,1,0,3,0,1,0,0,-1,0,2.0000,-1,15,6,5,0,26,0,0,0,0
126.0625,1,0,3,0,1,0,0,-1,0,2.0000,-1,15,6,5,0,26,0,0,0,0
126.1022,1,0,3,0,1,0,0,-1,0,2.0000,-1,15,6,5,0,26,0,0,0,0
126.1196,1,0,3,0,1,0,0,-1,0,2.0000,-1,15,6,5,0,26,0,0,0,0
126.1336,1,0,3,0,1,0,0,-1,0,1.0000,-1,15,6,5,0,26,0,0,0,0
126.1524,1,0,3,0,1,0,0,-1,0,1.0000,-1,15,6,5,0,26,0,0,0,0
126.1714,2,1,4,0,0,0,0,-1,0,1.0000,-1,15,6,5,0,26,0,0,0,0
126.1924,2,0,4,0,0,0,1,107,0,1.0000,-1,15,6,5,0,26,0,0,0,0
126.214,2,0,4,0,0,0,1,107,0,1.0000,-1,15,6,5,0,26,0,0,0,0
126.2323,2,0,4,0,0,0,1,107,0,1.0000,-1,15,6,5,0,26,0,0,0,0
126.2527,2,0,4,0,0,0,1,107,0,1.0000,-1,15,6,5,0,26,0,0,0,0
126.2739,2,0,4,0,0,0,1,107,0,1.0000,-1,15,6,5,0,26,0,0,0,0
126.3148,2,0,4,0,0,0,1,107,0,1.0000,-1,15,6,5,0,26,0,0,0,0
126.3312,2,0,4,0,0,0,1,107,0,0.0000,-1,15,6,5,0,26,0,0,0,0
126.3449,2,0,4,0,0,0,1,107,0,0.0000,-1,15,6,5,0,26,0,0,0,0
126.3612,2,0,4,0,0,0,1,107,0,0.0000,-1,15,6,5,0,26,0,0,0,0
126.3858,2,0,4,0,0,0,1,107,0,0.0000,-1,15,6,5,0,26,0,0,0,0
126.4057,2,0,4,0,0,0,1,107,0,0.0000,-1,15,6,5,0,26,0,0,0,0
126.4272,2,0,4,0,0,0,1,107,0,0.0000,-1,15,6,5,0,26,0,0,0,0
126.4473,2,0,4,0,0,0,1,107,0,0.0000,-1,15,6,5,0,26,0,0,0,0
126.4678,2,0,4,0,0,0,1,107,0,0.0000,-1,15,6,5,0,26,0,0,0,0
126.4871,2,0,4,0,0,0,1,107,0,0.0000,-1,15,6,5,0,26,0,0,0,0
126.5099,2,0,4,0,0,0,1,107,0,0.0000,-1,15,6,5,0,26,0,0,0,0
126.5293,2,0,4,0,0,0,1,107,0,0.0000,-1,15,6,5,0,26,0,0,0,0
126.5519,2,0,4,0,0,0,1,107,0,0.0000,-1,15,6,5,0,26,0,0,0,0
126.5724,2,0,4,0,0,0,1,107,0,0.0000,-1,15,6,5,0,26,0,0,0,0
126.5939,2,0,4,0,0,0,1,107,0,0.0000,-1,15,6,5,0,26,0,0,0,0
126.616,2,0,4,0,0,0,1,107,0,0.0000,-1,15,6,5,0,26,0,0,0,0
126.6355,2,0,4,0,0,0,1,107,0,0.0000,-1,15,6,5,0,26,0,0,0,0
126.6566,2,0,4,0,0,0,1,107,0,0.0000,-1,15,6,5,0,26,0,0,0,0
126.6758,2,0,4,0,0,0,1,107,0,0.0000,-1,15,6,5,0,26,0,0,0,0
126.6985,2,0,4,0,0,0,1,107,0,0.0000,-1,15,6,5,0,26,0,0,0,0
126.7405,2,0,4,0,0,0,1,107,0,0.0000,-1,15,6,5,0,26,0,0,0,0
126.759,2,0,4,0,0,0,1,107,0,0.0000,-1,15,6,5,0,26,0,0,0,0
126.774,2,0,4,0,0,0,0,-1,0,0.0000,107,15,7,5,0,27,0,0,0,0
126.7917,2,0,4,0,0,0,0,-1,0,0.0000,-1,15,7,5,0,27,0,0,0,0
126.8078,2,0,4,0,0,0,0,-1,0,0.0000,-1,15,7,5,0,27,0,0,0,0
126.8307,2,0,4,0,0,0,0,-1,0,0.0000,-1,15,7,5,0,27,0,0,0,0
126.8543,2,0,4,0,0,0,0,-1,0,0.0000,-1,15,7,5,0,27,0,0,0,0
126.8759,2,0,4,0,0,0,0,-1,0,0.0000,-1,15,7,5,0,27,0,0,0,0
126.8969,2,0,4,0,0,0,0,-1,0,0.0000,-1,15,7,5,0,27,0,0,0,0
126.9185,2,0,4,0,0,0,0,-1,0,0.0000,-1,15,7,5,0,27,0,0,0,0
126.9571,2,0,4,0,0,0,0,-1,0,0.0000,-1,15,7,5,0,27,0,0,0,0
126.9746,2,0,4,0,0,0,0,-1,0,0.0000,-1,15,7,5,0,27,0,0,0,0
126.9916,2,0,4,0,0,0,0,-1,0,0.0000,-1,15,7,5,0,27,0,0,0,0
127.0072,2,0,4,0,0,0,0,-1,0,0.0000,-1,15,7,5,0,27,0,0,0,0
127.0297,2,0,4,0,0,0,0,-1,0,0.0000,-1,15,7,5,0,27,0,0,0,0
127.0512,2,0,4,0,0,0,0,-1,0,0.0000,-1,15,7,5,0,27,0,0,0,0
127.0705,2,0,4,0,0,0,0,-1,0,0.0000,-1,15,7,5,0,27,0,0,0,0
127.0948,2,0,4,0,0,0,0,-1,0,0.0000,-1,15,7,5,0,27,0,0,0,0
127.1146,2,0,4,0,0,0,0,-1,0,0.0000,-1,15,7,5,0,27,0,0,0,0
127.1356,2,0,4,0,0,0,0,-1,0,0.0000,-1,15,7,5,0,27,0,0,0,0
127.175,2,0,4,0,0,0,0,-1,0,0.0000,-1,15,7,5,0,27,0,0,0,0
127.1938,2,0,4,0,0,0,0,-1,0,0.0000,-1,15,7,5,0,27,0,0,0,0
127.2103,2,0,4,0,0,0,0,-1,1,1.0000,-1,15,7,5,0,27,0,0,0,0
127.2257,2,0,4,0,0,0,0,-1,0,1.0000,-1,15,7,5,0,27,0,0,0,0
127.2456,2,0,4,0,0,0,0,-1,0,1.0000,-1,15,7,5,0,27,0,0,0,0
127.2687,2,0,4,0,0,0,0,-1,0,1.0000,-1,15,7,5,0,27,0,0,0,0
127.2877,2,0,4,0,0,0,0,-1,0,1.0000,-1,15,7,5,0,27,0,0,0,0
127.3091,2,0,4,0,0,0,0,-1,1,2.0000,-1,15,7,5,0,27,0,0,0,0
127.3302,2,0,4,0,0,0,0,-1,0,2.0000,-1,15,7,5,0,27,0,0,0,0
127.3525,2,0,4,0,0,0,0,-1,0,2.0000,-1,15,7,5,0,27,0,0,0,0
127.3939,2,0,4,0,0,0,0,-1,0,2.0000,-1,15,7,5,0,27,0,0,0,0
127.4107,2,0,4,0,0,0,0,-1,0,2.0000,-1,15,7,5,0,27,0,0,0,0
127.427,2,0,4,0,0,0,0,-1,0,2.0000,-1,15,7,5,0,27,0,0,0,0
127.4441,2,0,4,0,0,0,0,-1,0,2.0000,-1,15,7,5,0,27,0,0,0,0
127.4622,2,0,4,0,0,0,0,-1,0,2.0000,-1,15,7,5,0,27,0,0,0,0
127.4852,2,0,4,0,0,0,0,-1,0,2.0000,-1,15,7,5,0,27,0,0,0,0
127.5063,2,0,4,0,0,0,0,-1,0,2.0000,-1,15,7,5,0,27,0,0,0,0
127.5279,2,0,4,0,0,0,0,-1,0,2.0000,-1,15,7,5,0,27,0,0,0,0
127.5505,2,0,4,0,0,0,0,-1,0,2.0000,-1,15,7,5,0,27,0,0,0,0
127.5711,2,0,4,0,0,0,0,-1,0,2.0000,-1,15,7,5,0,27,0,0,0,0
127.5898,2,0,4,0,0,0,0,-1,1,3.0000,-1,15,7,5,0,27,0,0,0,0
127.6133,2,0,4,0,0,0,0,-1,0,3.0000,-1,15,7,5,0,27,0,0,0,0
127.6349,2,0,4,0,0,0,0,-1,0,3.0000,-1,15,7,5,0,27,0,0,0,0
127.6564,2,0,4,0,0,0,0,-1,0,3.0000,-1,15,7,5,0,27,0,0,0,0
127.6775,2,0,4,0,0,0,0,-1,0,3.0000,-1,15,7,5,0,27,0,0,0,0
127.6986,2,0,4,0,0,0,0,-1,0,3.0000,-1,15,7,5,0,27,0,0,0,0
127.7205,2,0,4,0,0,0,0,-1,0,3.0000,-1,15,7,5,0,27,0,0,0,0
127.7405,2,0,4,0,0,0,0,-1,0,3.0000,-1,15,7,5,0,27,0,0,0,0
127.7629,2,0,4,0,0,0,1,109,0,3.0000,-1,15,7,5,0,27,0,0,0,0
127.7832,2,0,4,0,0,0,1,109,0,3.0000,-1,15,7,5,0,27,0,0,0,0
127.8056,2,0,4,0,0,0,1,109,0,3.0000,-1,15,7,5,0,27,0,0,0,0
127.826,2,0,4,0,0,0,1,105,0,3.0000,-1,15,7,5,0,27,0,0,0,0
127.848,2,0,4,0,0,0,1,105,0,3.0000,-1,15,7,5,0,27,0,0,0,0
127.8697,2,0,4,0,0,0,1,105,0,3.0000,-1,15,7,5,0,27,0,0,0,0
127.8927,2,0,4,0,0,0,1,105,0,3.0000,-1,15,7,5,0,27,0,0,0,0
127.9153,2,0,4,0,0,0,1,105,0,3.0000,-1,15,7,5,0,27,0,0,0,0
127.9374,2,0,4,0,0,0,1,105,0,3.0000,-1,15,7,5,0,27,0,0,0,0
127.9586,2,0,4,0,0,0,1,105,0,3.0000,-1,15,7,5,0,27,0,0,0,0
127.9798,2,0,4,0,0,0,1,105,0,3.0000,-1,15,7,5,0,27,0,0,0,0
128.0012,2,0,4,0,0,0,1,105,0,3.0000,-1,15,7,5,0,27,0,0,0,0
128.0219,2,0,4,0,0,0,1,105,0,3.0000,-1,15,7,5,0,27,0,0,0,0
128.047,2,0,4,0,0,0,1,105,0,3.0000,-1,15,7,5,0,27,0,0,0,0
128.0675,2,0,4,0,0,0,1,105,0,3.0000,-1,15,7,5,0,27,0,0,0,0
128.0887,2,0,4,0,0,0,1,105,0,3.0000,-1,15,7,5,0,27,0,0,0,0
128.1107,2,0,4,0,0,0,1,105,0,3.0000,-1,15,7,5,0,27,0,0,0,0
128.1329,2,0,4,0,0,0,1,105,0,3.0000,-1,15,7,5,0,27,0,0,0,0
128.156,2,0,4,0,0,0,1,109,0,3.0000,105,15,8,5,0,28,0,0,0,0
128.1769,2,0,4,0,0,0,1,109,0,3.0000,-1,15,8,5,0,28,0,0,0,0
128.2003,2,0,4,0,0,0,1,109,0,3.0000,-1,15,8,5,0,28,0,0,0,0
128.2222,2,0,4,0,0,0,1,109,0,2.0000,-1,15,8,5,0,28,0,0,0,0
128.2657,2,0,4,0,0,0,1,109,0,2.0000,-1,15,8,5,0,28,0,0,0,0
128.2866,2,0,4,0,0,0,1,109,0,2.0000,-1,15,8,5,0,28,0,0,0,0
128.3053,2,0,4,0,0,0,1,109,0,2.0000,-1,15,8,5,0,28,0,0,0,0
128.3219,2,0,4,0,0,0,1,109,0,1.0000,-1,15,8,5,0,28,0,0,0,0
128.3402,2,0,4,0,0,0,1,109,0,1.0000,-1,15,8,5,0,28,0,0,0,0
128.3606,2,0,4,0,0,0,1,109,0,1.0000,-1,15,8,5,0,28,0,0,0,0
128.3837,2,0,4,0,0,0,1,109,0,1.0000,-1,15,8,5,0,28,0,0,0,0
128.4059,2,0,4,0,0,0,1,109,0,1.0000,-1,15,8,5,0,28,0,0,0,0
128.4268,2,0,4,0,0,0,1,109,0,1.0000,-1,15,8,5,0,28,0,0,0,0
128.4699,2,0,4,0,0,0,1,109,0,1.0000,-1,15,8,5,0,28,0,0,0,0
128.4858,2,0,4,0,0,0,1,109,0,1.0000,-1,15,8,5,0,28,0,0,0,0
128.5015,2,0,4,0,0,0,1,109,0,1.0000,-1,15,8,5,0,28,0,0,0,0
128.5227,2,0,4,0,0,0,1,109,0,1.0000,-1,15,8,5,0,28,0,0,0,0
128.543,2,0,4,0,0,0,1,109,0,1.0000,-1,15,8,5,0,28,0,0,0,0
128.567,2,0,4,0,0,0,1,109,0,1.0000,-1,15,8,5,0,28,0,0,0,0
128.5891,2,0,4,0,0,0,1,109,0,1.0000,-1,15,8,5,0,28,0,0,0,0
128.6112,2,0,4,0,0,0,0,-1,0,0.0000,109,15,9,5,0,29,0,0,0,0
128.6355,2,0,4,0,0,0,0,-1,1,1.0000,-1,15,9,5,0,29,0,0,0,0
128.6776,2,0,4,0,0,0,0,-1,0,1.0000,-1,15,9,5,0,29,0,0,0,0
128.6964,2,0,4,0,0,0,0,-1,0,1.0000,-1,15,9,5,0,29,0,0,0,0
128.7141,2,0,4,0,0,0,0,-1,0,1.0000,-1,15,9,5,0,29,0,0,0,0
128.7291,2,0,4,0,0,0,0,-1,0,1.0000,-1,15,9,5,0,29,0,0,0,0
128.7516,2,0,4,0,0,0,0,-1,0,1.0000,-1,15,9,5,0,29,0,0,0,0
128.7736,2,0,4,0,0,0,0,-1,0,1.0000,-1,15,9,5,0,29,0,0,0,0
128.7963,2,0,4,0,0,0,0,-1,0,1.0000,-1,15,9,5,0,29,0,0,0,0
128.8178,2,0,4,0,0,0,1,110,0,1.0000,-1,15,9,5,0,29,0,0,0,0
128.8402,2,0,4,0,0,0,1,110,0,1.0000,-1,15,9,5,0,29,0,0,0,0
128.8817,2,0,4,0,0,0,1,110,0,1.0000,-1,15,9,5,0,29,0,0,0,0
128.8972,2,0,4,0,0,0,1,110,0,1.0000,-1,15,9,5,0,29,0,0,0,0
128.9122,2,0,4,0,0,0,1,110,0,1.0000,-1,15,9,5,0,29,0,0,0,0
128.9329,2,0,4,0,0,0,1,110,0,1.0000,-1,15,9,5,0,29,0,0,0,0
128.9548,2,0,4,0,0,0,1,110,0,1.0000,-1,15,9,5,0,29,0,0,0,0
128.9779,2,0,4,0,0,0,1,110,0,1.0000,-1,15,9,5,0,29,0,0,0,0
129.0002,2,0,4,0,0,0,1,110,0,1.0000,-1,15,9,5,0,29,0,0,0,0
129.021,2,0,4,0,0,0,1,110,0,1.0000,-1,15,9,5,0,29,0,0,0,0
129.0425,2,0,4,0,0,0,1,110,0,1.0000,-1,15,9,5,0,29,0,0,0,0
129.0646,2,0,4,0,0,0,1,110,0,1.0000,-1,15,9,5,0,29,0,0,0,0
129.0877,2,0,4,0,0,0,1,110,0,1.0000,-1,15,9,5,0,29,0,0,0,0
129.1112,2,0,4,0,0,0,1,110,0,1.0000,-1,15,9,5,0,29,0,0,0,0
129.1321,2,0,4,0,0,0,1,110,0,1.0000,-1,15,9,5,0,29,0,0,0,0
129.1551,2,0,4,0,0,0,1,110,0,1.0000,-1,15,9,5,0,29,0,0,0,0
129.1751,2,0,4,0,0,0,1,110,0,1.0000,-1,15,9,5,0,29,0,0,0,0
129.1982,2,0,4,0,0,0,1,110,0,1.0000,-1,15,9,5,0,29,0,0,0,0
129.2198,2,0,4,0,0,0,1,110,0,1.0000,-1,15,9,5,0,29,0,0,0,0
129.2424,2,0,4,0,0,0,1,110,0,1.0000,-1,15,9,5,0,29,0,0,0,0
129.2643,2,0,4,0,0,0,1,110,0,1.0000,-1,15,9,5,0,29,0,0,0,0
129.2856,2,0,4,0,0,0,1,110,0,1.0000,-1,15,9,5,0,29,0,0,0,0
129.3078,2,0,4,0,0,0,1,110,0,1.0000,-1,15,9,5,0,29,0,0,0,0
129.3308,2,0,4,0,0,0,1,110,0,1.0000,-1,15,9,5,0,29,0,0,0,0
129.3512,2,0,4,0,0,0,1,110,0,1.0000,-1,15,9,5,0,29,0,0,0,0
129.3729,2,0,4,0,0,0,1,110,0,1.0000,-1,15,9,5,0,29,0,0,0,0
129.3938,2,0,4,0,0,0,1,110,0,1.0000,-1,15,9,5,0,29,0,0,0,0
129.4148,2,0,4,0,0,0,1,110,0,1.0000,-1,15,9,5,0,29,0,0,0,0
129.4383,2,0,4,0,0,0,1,110,0,1.0000,-1,15,9,5,0,29,0,0,0,0
129.4592,2,0,4,0,0,0,0,-1,0,1.0000,110,15,10,5,0,30,0,0,0,0
129.4783,2,0,4,0,0,0,0,-1,0,1.0000,-1,15,10,5,0,30,0,0,0,0
129.5218,2,0,4,0,0,0,0,-1,0,1.0000,-1,15,10,5,0,30,0,0,0,0
129.54,2,0,4,0,0,0,0,-1,0,1.0000,-1,15,10,5,0,30,0,0,0,0
129.5533,2,0,4,0,0,0,0,-1,0,1.0000,-1,15,10,5,0,30,0,0,0,0
129.5724,2,0,4,0,0,0,0,-1,0,1.0000,-1,15,10,5,0,30,0,0,0,0
129.5936,2,0,4,0,0,0,0,-1,0,1.0000,-1,15,10,5,0,30,0,0,0,0
129.6155,2,0,4,0,0,0,1,111,0,1.0000,-1,15,10,5,0,30,0,0,0,0
129.6364,2,0,4,0,0,0,1,111,0,0.0000,-1,15,10,5,0,30,0,0,0,0
129.659,2,0,4,0,0,0,1,111,0,0.0000,-1,15,10,5,0,30,0,0,0,0
129.678,2,0,4,0,0,0,1,111,0,0.0000,-1,15,10,5,0,30,0,0,0,0
129.7019,2,0,4,0,0,0,1,111,0,0.0000,-1,15,10,5,0,30,0,0,0,0
129.7223,2,0,4,0,0,0,1,111,0,0.0000,-1,15,10,5,0,30,0,0,0,0
129.7421,2,0,4,0,0,0,1,111,0,0.0000,-1,15,10,5,0,30,0,0,0,0
129.7659,2,0,4,0,0,0,1,111,0,0.0000,-1,15,10,5,0,30,0,0,0,0
129.7849,2,0,4,0,0,0,1,111,0,0.0000,-1,15,10,5,0,30,0,0,0,0
129.809,2,0,4,0,0,0,1,111,0,0.0000,-1,15,10,5,0,30,0,0,0,0
129.83,2,0,4,0,0,0,1,111,0,0.0000,-1,15,10,5,0,30,0,0,0,0
129.8497,2,0,4,0,0,0,1,111,0,0.0000,-1,15,10,5,0,30,0,0,0,0
129.8733,2,0,4,0,0,0,1,111,0,0.0000,-1,15,10,5,0,30,0,0,0,0
129.8948,2,0,4,0,0,0,1,111,0,0.0000,-1,15,10,5,0,30,0,0,0,0
129.9156,2,0,4,0,0,0,1,111,0,0.0000,-1,15,10,5,0,30,0,0,0,0
129.9576,2,0,4,0,0,0,1,111,1,1.0000,-1,15,10,5,0,30,0,0,0,0
129.9734,2,0,4,0,0,0,1,111,0,1.0000,-1,15,10,5,0,30,0,0,0,0
129.9879,2,0,4,0,0,0,0,-1,0,1.0000,-1,15,10,5,0,30,0,0,0,0
130.0074,2,0,4,0,0,0,0,-1,0,1.0000,-1,15,10,5,0,30,0,0,0,0
130.0297,2,0,4,0,0,0,0,-1,0,1.0000,-1,15,10,5,0,30,0,0,0,0
130.051,2,0,4,0,0,0,0,-1,0,1.0000,-1,15,10,5,0,30,0,0,0,0
130.0739,2,0,4,0,0,0,0,-1,0,1.0000,-1,15,10,5,0,30,0,0,0,0
130.0964,2,0,4,0,0,0,0,-1,0,1.0000,-1,15,10,5,0,30,0,0,0,0
130.1173,2,0,4,0,0,0,0,-1,0,1.0000,-1,15,10,5,0,30,0,0,0,0
130.1378,2,0,4,0,0,0,0,-1,0,1.0000,-1,15,10,5,0,30,0,0,0,0
130.1596,2,0,4,0,0,0,0,-1,0,1.0000,-1,15,10,5,0,30,0,0,0,0
130.1808,2,0,4,0,0,0,0,-1,0,1.0000,-1,15,10,5,0,30,0,0,0,0
130.2035,2,0,4,0,0,0,0,-1,0,1.0000,-1,15,10,5,0,30,0,0,0,0
130.224,2,0,4,0,0,0,0,-1,0,1.0000,-1,15,10,5,0,30,0,0,0,0
130.2447,2,0,4,0,0,0,0,-1,0,1.0000,-1,15,10,5,0,30,0,0,0,0
130.2667,2,0,4,0,0,0,0,-1,0,1.0000,-1,15,10,5,0,30,0,0,0,0
130.2888,2,0,4,0,0,0,0,-1,0,1.0000,-1,15,10,5,0,30,0,0,0,0
130.3096,2,0,4,0,0,0,0,-1,0,1.0000,-1,15,10,5,0,30,0,0,0,0
130.3307,2,0,4,0,0,0,0,-1,0,1.0000,-1,15,10,5,0,30,0,0,0,0
130.372,2,0,4,0,0,0,0,-1,0,1.0000,-1,15,10,5,0,30,0,0,0,0
130.3907,2,0,4,0,0,0,0,-1,0,1.0000,-1,15,10,5,0,30,0,0,0,0
130.4117,2,0,4,0,0,0,0,-1,0,1.0000,-1,15,10,5,0,30,0,0,0,0
130.4279,2,0,4,0,0,0,0,-1,0,1.0000,-1,15,10,5,0,30,0,0,0,0
130.4448,2,0,4,0,0,0,0,-1,0,1.0000,-1,15,10,5,0,30,0,0,0,0
130.4681,2,0,4,0,0,0,0,-1,0,1.0000,-1,15,10,5,0,30,0,0,0,0
130.4891,2,0,4,0,0,0,0,-1,0,1.0000,-1,15,10,5,0,30,0,0,0,0
130.5105,2,0,4,0,0,0,0,-1,0,1.0000,-1,15,10,5,0,30,0,0,0,0
130.532,2,0,4,0,0,0,0,-1,0,1.0000,-1,15,10,5,0,30,0,0,0,0
130.554,2,0,4,0,0,0,0,-1,0,1.0000,-1,15,10,5,0,30,0,0,0,0
130.5763,2,0,4,0,0,0,0,-1,0,1.0000,-1,15,10,5,0,30,0,0,0,0
130.5984,2,0,4,0,0,0,0,-1,0,1.0000,-1,15,10,5,0,30,0,0,0,0
130.6202,2,0,4,0,0,0,0,-1,0,1.0000,-1,15,10,5,0,30,0,0,0,0
130.6422,2,0,4,0,0,0,0,-1,0,1.0000,-1,15,10,5,0,30,0,0,0,0
130.6636,2,0,4,0,0,0,0,-1,0,1.0000,-1,15,10,5,0,30,0,0,0,0
130.6846,2,0,4,0,0,0,0,-1,0,1.0000,-1,15,10,5,0,30,0,0,0,0
130.7063,2,0,4,0,0,0,0,-1,0,1.0000,-1,15,10,5,0,30,0,0,0,0
130.7278,2,0,4,0,0,0,0,-1,0,1.0000,-1,15,10,5,0,30,0,0,0,0
130.7491,2,0,4,0,0,0,0,-1,0,1.0000,-1,15,10,5,0,30,0,0,0,0
130.7717,2,0,4,0,0,0,0,-1,0,1.0000,-1,15,10,5,0,30,0,0,0,0
130.7913,2,0,4,0,0,0,0,-1,0,1.0000,-1,15,10,5,0,30,0,0,0,0
130.813,2,0,4,0,0,0,0,-1,0,1.0000,-1,15,10,5,0,30,0,0,0,0
130.836,2,0,4,0,0,0,0,-1,0,1.0000,-1,15,10,5,0,30,0,0,0,0
130.8552,2,0,4,0,0,0,0,-1,0,1.0000,-1,15,10,5,0,30,0,0,0,0
130.8793,2,0,4,0,0,0,0,-1,0,1.0000,-1,15,10,5,0,30,0,0,0,0
130.9008,2,0,4,0,0,0,0,-1,0,1.0000,-1,15,10,5,0,30,0,0,0,0
130.9211,2,0,4,0,0,0,0,-1,0,1.0000,-1,15,10,5,0,30,0,0,0,0
130.9431,2,0,4,0,1,0,0,-1,0,1.0000,-1,15,10,5,0,30,0,0,0,0
130.9658,2,0,4,0,1,0,0,-1,0,0.0000,-1,15,10,5,0,30,0,0,0,0
130.9868,2,0,4,0,1,0,0,-1,0,0.0000,-1,15,10,5,0,30,0,0,0,0
131.0082,2,0,4,0,1,0,0,-1,0,0.0000,-1,15,10,5,0,30,0,0,0,0
131.0299,2,0,4,0,1,0,0,-1,0,0.0000,-1,15,10,5,0,30,0,0,0,0
131.0488,2,0,4,0,1,0,0,-1,0,0.0000,-1,15,10,5,0,30,0,0,0,0
131.0708,2,0,4,0,1,0,0,-1,0,0.0000,-1,15,10,5,0,30,0,0,0,0
131.093,2,0,4,0,1,0,0,-1,0,0.0000,-1,15,10,5,0,30,0,0,0,0
131.1152,2,0,4,0,1,0,0,-1,0,0.0000,-1,15,10,5,0,30,0,0,0,0
131.1358,2,0,4,0,1,0,1,117,0,0.0000,-1,15,10,5,0,30,0,0,0,0
131.1578,2,0,4,0,1,0,1,117,0,0.0000,-1,15,10,5,0,30,0,0,0,0
131.1785,2,0,4,0,1,0,1,117,0,0.0000,-1,15,10,5,0,30,0,0,0,0
131.1994,2,0,4,0,1,0,1,117,0,0.0000,-1,15,10,5,0,30,0,0,0,0
131.2211,2,0,4,0,1,0,1,117,0,0.0000,-1,15,10,5,0,30,0,0,0,0
131.2428,2,0,4,0,1,0,1,117,0,0.0000,-1,15,10,5,0,30,0,0,0,0
131.2658,2,0,4,0,1,0,1,117,0,0.0000,-1,15,10,5,0,30,0,0,0,0
131.2867,2,0,4,0,1,0,1,117,0,0.0000,-1,15,10,5,0,30,0,0,0,0
131.3092,2,0,4,0,1,0,1,117,0,0.0000,-1,15,10,5,0,30,0,0,0,0
131.3318,2,0,4,0,1,0,1,117,0,0.0000,-1,15,10,5,0,30,0,0,0,0
131.3525,2,0,4,0,1,0,1,117,0,0.0000,-1,15,10,5,0,30,0,0,0,0
131.3722,2,0,4,0,1,0,1,117,0,0.0000,-1,15,10,5,0,30,0,0,0,0
131.396,2,0,4,0,1,0,1,117,0,0.0000,-1,15,10,5,0,30,0,0,0,0
131.4168,2,0,4,0,1,0,1,117,0,0.0000,-1,15,10,5,0,30,0,0,0,0
131.4359,2,0,4,0,1,0,1,117,0,0.0000,-1,15,10,5,0,30,0,0,0,0
131.4601,2,0,4,0,1,0,1,117,1,1.0000,-1,15,10,5,0,30,0,0,0,0
131.4817,2,0,4,0,1,0,1,117,0,1.0000,-1,15,10,5,0,30,0,0,0,0
131.5035,2,0,4,0,1,0,0,-1,0,1.0000,-1,15,10,5,0,30,0,0,0,0
131.5252,2,0,4,0,0,0,0,-1,0,1.0000,-1,15,10,5,0,30,0,0,0,0
131.5468,2,0,4,0,0,0,1,114,0,1.0000,-1,15,10,5,0,30,0,0,0,0
131.565,2,0,4,0,0,0,1,114,0,1.0000,-1,15,10,5,0,30,0,0,0,0
131.5895,2,0,4,0,0,0,1,114,0,1.0000,-1,15,10,5,0,30,0,0,0,0
131.6119,2,0,4,0,0,0,1,114,0,1.0000,-1,15,10,5,0,30,0,0,0,0
131.6519,2,0,4,0,0,0,1,114,0,1.0000,-1,15,10,5,0,30,0,0,0,0
131.6712,2,0,4,0,0,0,0,-1,0,1.0000,-1,15,10,5,0,30,0,0,0,0
131.6877,2,0,4,0,0,0,0,-1,0,1.0000,-1,15,10,5,0,30,0,0,0,0
131.7046,2,0,4,0,0,0,0,-1,0,1.0000,-1,15,10,5,0,30,0,0,0,0
131.7229,2,0,4,0,0,0,0,-1,0,1.0000,-1,15,10,5,0,30,0,0,0,0
131.7455,2,0,4,0,0,0,0,-1,0,1.0000,-1,15,10,5,0,30,0,0,0,0
131.7675,2,0,4,0,0,0,0,-1,0,1.0000,-1,15,10,5,0,30,0,0,0,0
131.7876,2,0,4,0,0,0,0,-1,0,1.0000,-1,15,10,5,0,30,0,0,0,0
131.8108,2,0,4,0,0,0,0,-1,0,1.0000,-1,15,10,5,0,30,0,0,0,0
131.8322,2,0,4,0,0,0,0,-1,0,1.0000,-1,15,10,5,0,30,0,0,0,0
131.8726,2,0,4,0,0,0,0,-1,0,1.0000,-1,15,10,5,0,30,0,0,0,0
131.8885,2,0,4,0,0,0,0,-1,0,1.0000,-1,15,10,5,0,30,0,0,0,0
131.9044,2,0,4,0,0,0,0,-1,0,1.0000,-1,15,10,5,0,30,0,0,0,0
131.9213,2,0,4,0,0,0,0,-1,0,1.0000,-1,15,10,5,0,30,0,0,0,0
131.9445,2,0,4,0,0,0,0,-1,0,1.0000,-1,15,10,5,0,30,0,0,0,0
131.9641,2,0,4,0,0,0,0,-1,0,1.0000,-1,15,10,5,0,30,0,0,0,0
131.9864,2,0,4,0,0,0,0,-1,0,1.0000,-1,15,10,5,0,30,0,0,0,0
132.0104,2,0,4,0,0,0,0,-1,0,1.0000,-1,15,10,5,0,30,0,0,0,0
132.0316,2,0,4,0,0,0,0,-1,0,1.0000,-1,15,10,5,0,30,0,0,0,0
132.0524,2,0,4,0,0,0,0,-1,0,1.0000,-1,15,10,5,0,30,0,0,0,0
132.0733,2,0,4,0,0,0,0,-1,0,1.0000,-1,15,10,5,0,30,0,0,0,0
132.0925,2,0,4,0,0,0,0,-1,0,1.0000,-1,15,10,5,0,30,0,0,0,0
132.1125,2,0,4,0,0,0,0,-1,0,1.0000,-1,15,10,5,0,30,0,0,0,0
132.1344,2,0,4,0,0,0,0,-1,0,1.0000,-1,15,10,5,0,30,0,0,0,0
132.1548,2,0,4,0,0,0,1,116,0,1.0000,-1,15,10,5,0,30,0,0,0,0
132.1775,2,0,4,0,0,0,1,116,0,1.0000,-1,15,10,5,0,30,0,0,0,0
132.1976,2,0,4,0,0,0,1,116,0,1.0000,-1,15,10,5,0,30,0,0,0,0
132.2176,2,0,4,0,0,0,1,116,0,1.0000,-1,15,10,5,0,30,0,0,0,0
132.2384,2,0,4,0,0,0,1,116,0,1.0000,-1,15,10,5,0,30,0,0,0,0
132.2592,2,0,4,0,0,0,1,116,0,1.0000,-1,15,10,5,0,30,0,0,0,0
132.2805,2,0,4,0,0,0,1,116,0,1.0000,-1,15,10,5,0,30,0,0,0,0
132.301,2,0,4,0,0,0,1,116,0,1.0000,-1,15,10,5,0,30,0,0,0,0
132.3227,2,0,4,0,0,0,1,116,0,1.0000,-1,15,10,5,0,30,0,0,0,0
132.3419,2,0,4,0,0,0,1,116,1,2.0000,-1,15,10,5,0,30,0,0,0,0
132.365,2,0,4,0,0,0,1,116,0,2.0000,-1,15,10,5,0,30,0,0,0,0
132.3854,2,0,4,0,0,0,1,116,0,2.0000,-1,15,10,5,0,30,0,0,0,0
132.4075,2,0,4,0,0,0,1,116,0,2.0000,-1,15,10,5,0,30,0,0,0,0
132.4278,2,0,4,0,0,0,1,116,0,2.0000,-1,15,10,5,0,30,0,0,0,0
132.4488,2,0,4,0,0,0,1,116,0,2.0000,-1,15,10,5,0,30,0,0,0,0
132.4675,2,0,4,0,0,0,1,116,0,1.0000,-1,15,10,5,0,30,0,0,0,0
132.5104,2,0,4,0,0,0,1,116,0,1.0000,-1,15,10,5,0,30,0,0,0,0
132.5302,2,0,4,0,0,0,1,116,0,1.0000,-1,15,10,5,0,30,0,0,0,0
132.546,2,0,4,0,0,0,1,116,1,2.0000,-1,15,10,5,0,30,0,0,0,0
132.5618,2,0,4,0,0,0,1,116,0,2.0000,-1,15,10,5,0,30,0,0,0,0
132.583,2,0,4,0,0,0,1,116,0,2.0000,-1,15,10,5,0,30,0,0,0,0
132.6021,2,0,4,0,0,0,1,116,0,2.0000,-1,15,10,5,0,30,0,0,0,0
132.6252,2,0,4,0,0,0,1,116,0,2.0000,-1,15,10,5,0,30,0,0,0,0
132.6473,2,0,4,0,0,0,1,116,0,2.0000,-1,15,10,5,0,30,0,0,0,0
132.6664,2,0,4,0,0,0,1,116,0,2.0000,-1,15,10,5,0,30,0,0,0,0
132.6886,2,0,4,0,0,0,1,116,0,2.0000,-1,15,10,5,0,30,0,0,0,0
132.7097,2,0,4,0,0,0,1,116,0,2.0000,-1,15,10,5,0,30,0,0,0,0
132.7309,2,0,4,0,0,0,1,116,0,2.0000,-1,15,10,5,0,30,0,0,0,0
132.7522,2,0,4,0,0,0,1,116,0,2.0000,-1,15,10,5,0,30,0,0,0,0
132.7731,2,0,4,0,0,0,1,116,0,2.0000,-1,15,10,5,0,30,0,0,0,0
132.7925,2,0,4,0,0,0,1,116,1,3.0000,-1,15,10,5,0,30,0,0,0,0
132.8164,2,0,4,0,0,0,1,116,0,3.0000,-1,15,10,5,0,30,0,0,0,0
132.8363,2,0,4,0,0,0,1,116,0,3.0000,-1,15,10,5,0,30,0,0,0,0
132.856,2,0,4,0,0,0,1,116,0,3.0000,-1,15,10,5,0,30,0,0,0,0
132.8785,2,0,4,0,0,0,1,116,0,3.0000,-1,15,10,5,0,30,0,0,0,0
132.8981,2,0,4,0,0,0,1,116,0,3.0000,-1,15,10,5,0,30,0,0,0,0
132.9204,2,0,4,0,0,0,1,116,0,3.0000,-1,15,10,5,0,30,0,0,0,0
132.9428,2,0,4,0,0,0,1,116,0,3.0000,-1,15,10,5,0,30,0,0,0,0
132.963,2,0,4,0,0,0,1,116,0,3.0000,-1,15,10,5,0,30,0,0,0,0
132.9834,2,0,4,0,0,0,1,116,0,3.0000,-1,15,10,5,0,30,0,0,0,0
133.0051,2,0,4,0,0,0,1,116,0,3.0000,-1,15,10,5,0,30,0,0,0,0
133.0305,2,0,4,0,0,0,1,116,0,3.0000,-1,15,10,5,0,30,0,0,0,0
133.0489,2,0,4,0,0,0,0,-1,0,3.0000,-1,15,10,5,0,30,0,0,0,0
133.069,2,0,4,0,0,0,1,120,0,3.0000,116,15,11,5,0,31,0,0,0,0
133.0907,2,0,4,0,0,0,1,120,0,3.0000,-1,15,11,5,0,31,0,0,0,0
133.1144,2,0,4,0,0,0,1,120,0,3.0000,-1,15,11,5,0,31,0,0,0,0
133.1533,2,0,4,0,0,0,1,120,0,3.0000,-1,15,11,5,0,31,0,0,0,0
133.1723,2,0,4,0,0,0,1,120,1,4.0000,-1,15,11,5,0,31,0,0,0,0
133.1909,2,0,4,0,0,0,1,120,0,4.0000,-1,15,11,5,0,31,0,0,0,0
133.2073,2,0,4,0,0,0,1,120,0,4.0000,-1,15,11,5,0,31,0,0,0,0
133.2234,2,0,4,0,0,0,1,120,0,4.0000,-1,15,11,5,0,31,0,0,0,0
133.2451,2,0,4,0,0,0,1,120,0,4.0000,-1,15,11,5,0,31,0,0,0,0
133.2665,2,0,4,0,0,0,1,120,0,4.0000,-1,15,11,5,0,31,0,0,0,0
133.2879,2,0,4,0,0,0,1,120,0,4.0000,-1,15,11,5,0,31,0,0,0,0
133.3098,2,0,4,0,0,0,1,120,0,4.0000,-1,15,11,5,0,31,0,0,0,0
133.3317,2,0,4,0,0,0,1,120,0,4.0000,-1,15,11,5,0,31,0,0,0,0
133.3732,2,0,4,0,0,0,1,120,0,3.0000,-1,15,11,5,0,31,0,0,0,0
133.392,2,0,4,0,0,0,1,120,0,3.0000,-1,15,11,5,0,31,0,0,0,0
133.4092,2,0,4,0,0,0,1,120,0,3.0000,-1,15,11,5,0,31,0,0,0,0
133.4257,2,0,4,0,0,0,1,120,0,3.0000,-1,15,11,5,0,31,0,0,0,0
133.4442,2,0,4,0,0,0,1,120,0,3.0000,-1,15,11,5,0,31,0,0,0,0
133.4679,2,0,4,0,0,0,1,120,1,4.0000,-1,15,11,5,0,31,0,0,0,0
133.4878,2,0,4,0,0,0,1,120,0,4.0000,-1,15,11,5,0,31,0,0,0,0
133.5131,2,0,4,0,0,0,1,120,0,4.0000,-1,15,11,5,0,31,0,0,0,0
133.5324,2,0,4,0,0,0,1,120,0,4.0000,-1,15,11,5,0,31,0,0,0,0
133.5553,2,0,4,0,0,0,1,120,0,3.0000,-1,15,11,5,0,31,0,0,0,0
133.5772,2,0,4,0,0,0,1,120,0,3.0000,-1,15,11,5,0,31,0,0,0,0
133.5987,2,0,4,0,0,0,1,120,0,3.0000,-1,15,11,5,0,31,0,0,0,0
133.6207,2,0,4,0,0,0,1,120,0,3.0000,-1,15,11,5,0,31,0,0,0,0
133.6422,2,0,4,0,0,0,1,120,0,3.0000,-1,15,11,5,0,31,0,0,0,0
133.6625,2,0,4,0,0,0,1,120,0,3.0000,-1,15,11,5,0,31,0,0,0,0
133.6848,2,0,4,0,0,0,1,120,0,3.0000,-1,15,11,5,0,31,0,0,0,0
133.7074,2,0,4,0,0,0,1,120,0,3.0000,-1,15,11,5,0,31,0,0,0,0
133.7289,2,0,4,0,0,0,1,120,0,3.0000,-1,15,11,5,0,31,0,0,0,0
133.7507,2,0,4,0,0,0,1,120,0,3.0000,-1,15,11,5,0,31,0,0,0,0
133.7728,2,0,4,0,0,0,1,120,0,3.0000,-1,15,11,5,0,31,0,0,0,0
133.7915,2,0,4,0,0,0,1,120,0,3.0000,-1,15,11,5,0,31,0,0,0,0
133.8131,2,0,4,0,0,0,1,120,0,2.0000,-1,15,11,5,0,31,0,0,0,0
133.8353,2,0,4,0,0,0,1,120,1,3.0000,-1,15,11,5,0,31,0,0,0,0
133.8556,2,0,4,0,0,0,0,-1,1,4.0000,-1,15,11,5,0,31,0,0,0,0
133.8755,2,0,4,0,0,0,0,-1,0,4.0000,-1,15,11,5,0,31,0,0,0,0
133.8967,2,0,4,0,0,0,0,-1,0,4.0000,-1,15,11,5,0,31,0,0,0,0
133.9187,2,0,4,0,0,0,0,-1,0,4.0000,-1,15,11,5,0,31,0,0,0,0
133.9398,2,0,4,0,0,0,0,-1,0,4.0000,-1,15,11,5,0,31,0,0,0,0
133.9605,2,0,4,0,0,0,1,118,0,4.0000,120,15,12,5,0,32,0,0,0,0
133.9799,2,0,4,0,0,0,1,118,0,4.0000,-1,15,12,5,0,32,0,0,0,0
134.0008,2,0,4,0,0,0,1,118,0,4.0000,-1,15,12,5,0,32,0,0,0,0
134.0213,2,0,4,0,0,0,1,118,0,4.0000,-1,15,12,5,0,32,0,0,0,0
134.0433,2,0,4,0,0,0,1,118,0,4.0000,-1,15,12,5,0,32,0,0,0,0
134.0627,2,0,4,0,0,0,1,118,0,4.0000,-1,15,12,5,0,32,0,0,0,0
134.0848,2,0,4,0,0,0,1,118,0,4.0000,-1,15,12,5,0,32,0,0,0,0
134.1043,2,0,4,0,0,0,1,118,0,4.0000,-1,15,12,5,0,32,0,0,0,0
134.1252,2,0,4,0,0,0,1,118,0,4.0000,-1,15,12,5,0,32,0,0,0,0
134.1479,2,0,4,0,0,0,1,118,0,4.0000,-1,15,12,5,0,32,0,0,0,0
134.1713,2,0,4,0,0,0,1,118,0,4.0000,-1,15,12,5,0,32,0,0,0,0
134.2097,2,0,4,0,0,0,1,118,1,4.0000,-1,15,12,5,0,32,0,0,0,0
134.2281,3,1,5,0,0,0,1,121,0,4.0000,118,15,12,6,0,33,0,0,0,0
134.2465,3,0,5,0,0,0,1,121,0,4.0000,-1,15,12,6,0,33,0,0,0,0
134.262,3,0,5,0,0,0,1,121,0,4.0000,-1,15,12,6,0,33,0,0,0,0
134.2796,3,0,5,0,0,0,1,121,0,4.0000,-1,15,12,6,0,33,0,0,0,0
134.3038,3,0,5,0,0,0,1,121,0,4.0000,-1,15,12,6,0,33,0,0,0,0
134.3229,3,0,5,0,0,0,1,121,0,4.0000,-1,15,12,6,0,33,0,0,0,0
134.3439,3,0,5,0,0,0,1,121,0,4.0000,-1,15,12,6,0,33,0,0,0,0
134.3642,3,0,5,0,0,0,1,121,0,4.0000,-1,15,12,6,0,33,0,0,0,0
134.3847,3,0,5,0,0,0,1,121,0,4.0000,-1,15,12,6,0,33,0,0,0,0
134.4224,3,0,5,0,0,0,1,121,0,4.0000,-1,15,12,6,0,33,0,0,0,0
134.4388,3,0,5,0,0,0,1,121,0,4.0000,-1,15,12,6,0,33,0,0,0,0
134.4522,3,0,5,0,0,0,1,121,0,4.0000,-1,15,12,6,0,33,0,0,0,0
134.4717,3,0,5,0,0,0,1,121,0,3.0000,-1,15,12,6,0,33,0,0,0,0
134.4927,3,0,5,0,0,0,1,121,0,3.0000,-1,15,12,6,0,33,0,0,0,0
134.5128,3,0,5,0,0,0,1,121,0,3.0000,-1,15,12,6,0,33,0,0,0,0
134.5331,3,0,5,0,0,0,1,121,0,3.0000,-1,15,12,6,0,33,0,0,0,0
134.5546,3,0,5,0,0,0,1,121,0,3.0000,-1,15,12,6,0,33,0,0,0,0
134.5749,3,0,5,0,0,0,1,121,0,3.0000,-1,15,12,6,0,33,0,0,0,0
134.5959,3,0,5,0,0,0,1,121,0,3.0000,-1,15,12,6,0,33,0,0,0,0
134.6354,3,0,5,0,0,0,1,121,0,3.0000,-1,15,12,6,0,33,0,0,0,0
134.6546,3,0,5,0,0,0,1,121,0,3.0000,-1,15,12,6,0,33,0,0,0,0
134.6695,3,0,5,0,0,0,1,121,0,3.0000,-1,15,12,6,0,33,0,0,0,0
134.685,3,0,5,0,0,0,1,121,0,3.0000,-1,15,12,6,0,33,0,0,0,0
134.7073,3,0,5,0,0,0,1,121,0,3.0000,-1,15,12,6,0,33,0,0,0,0
134.7256,3,0,5,0,0,0,1,121,0,3.0000,-1,15,12,6,0,33,0,0,0,0
134.7463,3,0,5,0,0,0,1,121,0,3.0000,-1,15,12,6,0,33,0,0,0,0
134.7687,3,0,5,0,0,0,1,121,0,3.0000,-1,15,12,6,0,33,0,0,0,0
134.7901,3,0,5,0,0,0,1,121,0,3.0000,-1,15,12,6,0,33,0,0,0,0
134.8079,3,0,5,0,0,0,1,121,0,3.0000,-1,15,12,6,0,33,0,0,0,0
134.8309,3,0,5,0,0,0,1,121,0,3.0000,-1,15,12,6,0,33,0,0,0,0
134.8492,3,0,5,0,0,0,1,121,0,2.0000,-1,15,12,6,0,33,0,0,0,0
134.8716,3,0,5,0,0,0,1,121,0,1.0000,-1,15,12,6,0,33,0,0,0,0
134.8934,3,0,5,0,0,0,1,121,0,1.0000,-1,15,12,6,0,33,0,0,0,0
134.914,3,0,5,0,0,0,1,121,0,1.0000,-1,15,12,6,0,33,0,0,0,0
134.9344,3,0,5,0,0,0,1,121,0,1.0000,-1,15,12,6,0,33,0,0,0,0
134.9552,3,0,5,0,0,0,1,121,1,2.0000,-1,15,12,6,0,33,0,0,0,0
134.9768,3,0,5,0,0,0,1,121,0,2.0000,-1,15,12,6,0,33,0,0,0,0
134.9963,3,0,5,0,0,0,1,123,0,2.0000,-1,15,12,6,0,33,0,0,0,0
135.0171,3,0,5,0,0,0,1,123,0,2.0000,-1,15,12,6,0,33,0,0,0,0
135.0572,3,0,5,0,0,0,1,123,0,2.0000,-1,15,12,6,0,33,0,0,0,0
135.0748,3,0,5,0,0,0,1,123,0,2.0000,121,15,12,7,0,34,0,0,0,0
135.0919,3,0,5,0,0,0,1,123,0,2.0000,-1,15,12,7,0,34,0,0,0,0
135.1075,3,0,5,0,0,0,1,123,0,2.0000,-1,15,12,7,0,34,0,0,0,0
135.1304,3,0,5,0,0,0,1,123,0,2.0000,-1,15,12,7,0,34,0,0,0,0
135.1497,3,0,5,0,0,0,1,123,0,2.0000,-1,15,12,7,0,34,0,0,0,0
135.1736,3,0,5,0,0,0,1,123,0,2.0000,-1,15,12,7,0,34,0,0,0,0
135.1954,3,0,5,0,0,0,1,123,0,2.0000,-1,15,12,7,0,34,0,0,0,0
135.2172,3,0,5,0,0,0,1,123,0,1.0000,-1,15,12,7,0,34,0,0,0,0
135.2582,3,0,5,0,0,0,1,123,0,1.0000,-1,15,12,7,0,34,0,0,0,0
135.2729,3,0,5,1,0,0,1,123,0,1.0000,-1,15,12,7,0,34,0,0,0,0
135.2898,3,0,5,1,0,0,1,123,0,1.0000,-1,15,12,7,0,34,0,0,0,0
135.3091,3,0,5,1,0,0,1,123,0,1.0000,-1,15,12,7,0,34,0,0,0,0
135.3315,3,0,5,1,0,0,1,123,0,1.0000,-1,15,12,7,0,34,0,0,0,0
135.3534,3,0,5,1,0,0,1,123,0,1.0000,-1,15,12,7,0,34,0,0,0,0
135.3721,3,0,5,1,0,0,1,123,0,1.0000,-1,15,12,7,0,34,0,0,0,0
135.3955,3,0,5,1,0,0,1,123,0,1.0000,-1,15,12,7,0,34,0,0,0,0
135.416,3,0,5,1,0,0,1,123,1,2.0000,-1,15,12,7,0,34,0,0,0,0
135.4371,3,0,5,1,0,0,1,123,0,2.0000,-1,15,12,7,0,34,0,0,0,0
135.479,3,0,5,1,0,0,1,123,0,2.0000,-1,15,12,7,0,34,0,0,0,0
135.4957,3,0,5,1,0,0,1,123,0,2.0000,-1,15,12,7,0,34,0,0,0,0
135.5113,3,0,5,1,0,0,0,-1,0,2.0000,123,15,12,8,0,35,0,0,0,0
135.5302,3,0,5,1,0,0,0,-1,0,2.0000,-1,15,12,8,0,35,0,0,0,0
135.5497,3,0,5,1,0,0,0,-1,0,2.0000,-1,15,12,8,0,35,0,0,0,0
135.5729,3,0,5,1,0,0,0,-1,0,2.0000,-1,15,12,8,0,35,0,0,0,0
135.5942,3,0,5,1,0,0,0,-1,0,2.0000,-1,15,12,8,0,35,0,0,0,0
135.6129,3,0,5,1,0,0,0,-1,0,2.0000,-1,15,12,8,0,35,0,0,0,0
135.6345,3,0,5,1,0,0,0,-1,0,2.0000,-1,15,12,8,0,35,0,0,0,0
135.6548,3,0,5,1,0,0,0,-1,0,2.0000,-1,15,12,8,0,35,0,0,0,0
135.6987,3,0,5,1,0,0,0,-1,0,2.0000,-1,15,12,8,0,35,0,0,0,0
135.719,3,0,5,1,0,0,0,-1,0,2.0000,-1,15,12,8,0,35,0,0,0,0
135.7352,3,0,5,1,0,0,0,-1,0,2.0000,-1,15,12,8,0,35,0,0,0,0
135.7509,3,0,5,1,0,0,0,-1,0,2.0000,-1,15,12,8,0,35,0,0,0,0
135.7665,3,0,5,1,0,0,0,-1,0,2.0000,-1,15,12,8,0,35,0,0,0,0
135.7869,3,0,5,1,0,0,0,-1,0,2.0000,-1,15,12,8,0,35,0,0,0,0
135.8084,3,0,5,1,0,0,0,-1,0,2.0000,-1,15,12,8,0,35,0,0,0,0
135.8329,3,0,5,1,0,0,0,-1,0,2.0000,-1,15,12,8,0,35,0,0,0,0
135.8559,3,0,5,1,0,0,0,-1,0,2.0000,-1,15,12,8,0,35,0,0,0,0
135.8896,3,0,5,1,0,0,0,-1,0,2.0000,-1,15,12,8,0,35,0,0,0,0
135.9061,3,0,5,1,0,0,0,-1,0,2.0000,-1,15,12,8,0,35,0,0,0,0
135.9216,3,0,5,1,0,0,0,-1,0,2.0000,-1,15,12,8,0,35,0,0,0,0
135.9379,3,0,5,1,0,0,0,-1,0,2.0000,-1,15,12,8,0,35,0,0,0,0
135.9603,3,0,5,1,0,0,0,-1,0,1.0000,-1,15,12,8,0,35,0,0,0,0
135.9769,3,0,5,1,0,0,0,-1,0,1.0000,-1,15,12,8,0,35,0,0,0,0
135.9972,3,0,5,1,0,0,0,-1,0,1.0000,-1,15,12,8,0,35,0,0,0,0
136.019,3,0,5,1,0,0,0,-1,0,1.0000,-1,15,12,8,0,35,0,0,0,0
136.0408,3,0,5,1,0,0,0,-1,0,1.0000,-1,15,12,8,0,35,0,0,0,0
136.0616,3,0,5,1,0,0,0,-1,0,1.0000,-1,15,12,8,0,35,0,0,0,0
136.0809,3,0,5,1,0,0,0,-1,0,1.0000,-1,15,12,8,0,35,0,0,0,0
136.1004,3,0,5,1,0,0,0,-1,0,1.0000,-1,15,12,8,0,35,0,0,0,0
136.1189,3,0,5,1,0,0,0,-1,0,1.0000,-1,15,12,8,0,35,0,0,0,0
136.1408,3,0,5,1,0,0,0,-1,0,1.0000,-1,15,12,8,0,35,0,0,0,0
136.161,3,0,5,1,0,0,0,-1,0,1.0000,-1,15,12,8,0,35,0,0,0,0
136.1804,3,0,5,1,0,0,0,-1,0,1.0000,-1,15,12,8,0,35,0,0,0,0
136.1992,3,0,5,1,0,0,0,-1,0,1.0000,-1,15,12,8,0,35,0,0,0,0
136.2199,3,0,5,1,0,0,0,-1,0,1.0000,-1,15,12,8,0,35,0,0,0,0
136.24,3,0,5,1,0,0,0,-1,0,1.0000,-1,15,12,8,0,35,0,0,0,0
136.2617,3,0,5,1,0,0,0,-1,0,1.0000,-1,15,12,8,0,35,0,0,0,0
136.2818,3,0,5,1,0,0,0,-1,0,1.0000,-1,15,12,8,0,35,0,0,0,0
136.3026,3,0,5,1,0,0,0,-1,0,1.0000,-1,15,12,8,0,35,0,0,0,0
136.3223,3,0,5,1,0,0,0,-1,0,1.0000,-1,15,12,8,0,35,0,0,0,0
136.3411,3,0,5,1,0,0,0,-1,0,1.0000,-1,15,12,8,0,35,0,0,0,0
136.3618,3,0,5,1,0,0,0,-1,0,1.0000,-1,15,12,8,0,35,0,0,0,0
136.3813,3,0,5,1,0,0,0,-1,0,1.0000,-1,15,12,8,0,35,0,0,0,0
136.4005,3,0,5,1,0,0,0,-1,0,1.0000,-1,15,12,8,0,35,0,0,0,0
136.4211,3,0,5,1,0,0,0,-1,0,0.0000,-1,15,12,8,0,35,0,0,0,0
136.4403,3,0,5,1,0,0,0,-1,0,0.0000,-1,15,12,8,0,35,0,0,0,0
136.4611,3,0,5,1,0,0,0,-1,0,0.0000,-1,15,12,8,0,35,0,0,0,0
136.4796,3,0,5,1,0,0,0,-1,0,0.0000,-1,15,12,8,0,35,0,0,0,0
136.4993,3,0,5,1,0,0,0,-1,0,0.0000,-1,15,12,8,0,35,0,0,0,0
136.5192,3,0,5,1,0,0,0,-1,0,0.0000,-1,15,12,8,0,35,0,0,0,0
136.5392,3,0,5,1,0,0,0,-1,0,0.0000,-1,15,12,8,0,35,0,0,0,0
136.5605,3,0,5,1,0,0,0,-1,0,0.0000,-1,15,12,8,0,35,0,0,0,0
136.5807,3,0,5,1,0,0,0,-1,0,0.0000,-1,15,12,8,0,35,0,0,0,0
136.5989,3,0,5,1,0,0,0,-1,0,0.0000,-1,15,12,8,0,35,0,0,0,0
136.6192,3,0,5,1,0,0,0,-1,0,0.0000,-1,15,12,8,0,35,0,0,0,0
136.6399,3,0,5,1,0,0,0,-1,0,0.0000,-1,15,12,8,0,35,0,0,0,0
136.6605,3,0,5,1,0,0,0,-1,0,0.0000,-1,15,12,8,0,35,0,0,0,0
136.6804,3,0,5,1,0,0,0,-1,0,0.0000,-1,15,12,8,0,35,0,0,0,0
136.6987,3,0,5,1,0,0,0,-1,0,0.0000,-1,15,12,8,0,35,0,0,0,0
136.7169,3,0,5,1,0,0,0,-1,0,0.0000,-1,15,12,8,0,35,0,0,0,0
136.7388,3,0,5,1,0,0,0,-1,0,0.0000,-1,15,12,8,0,35,0,0,0,0
136.7583,3,0,5,1,0,0,0,-1,0,0.0000,-1,15,12,8,0,35,0,0,0,0
136.7794,3,0,5,1,0,0,0,-1,0,0.0000,-1,15,12,8,0,35,0,0,0,0
136.7952,3,0,5,1,0,0,0,-1,0,0.0000,-1,15,12,8,0,35,0,0,0,0
136.8174,3,0,5,1,0,0,0,-1,0,0.0000,-1,15,12,8,0,35,0,0,0,0
136.8371,3,0,5,1,0,0,0,-1,0,0.0000,-1,15,12,8,0,35,0,0,0,0
136.8589,3,0,5,1,0,0,0,-1,0,0.0000,-1,15,12,8,0,35,0,0,0,0
136.8785,3,0,5,1,0,0,0,-1,0,0.0000,-1,15,12,8,0,35,0,0,0,0
136.8983,3,0,5,1,0,0,0,-1,0,0.0000,-1,15,12,8,0,35,0,0,0,0
136.919,3,0,5,1,0,0,0,-1,0,0.0000,-1,15,12,8,0,35,0,0,0,0
136.9599,3,0,5,1,0,0,0,-1,0,0.0000,-1,15,12,8,0,35,0,0,0,0
136.9759,3,0,5,1,0,0,0,-1,0,0.0000,-1,15,12,8,0,35,0,0,0,0
136.9924,3,0,5,1,0,0,0,-1,0,0.0000,-1,15,12,8,0,35,0,0,0,0
137.0073,3,0,5,1,0,0,0,-1,0,0.0000,-1,15,12,8,0,35,0,0,0,0
137.0296,3,0,5,1,0,0,0,-1,0,0.0000,-1,15,12,8,0,35,0,0,0,0
137.0508,3,0,5,1,0,0,0,-1,0,0.0000,-1,15,12,8,0,35,0,0,0,0
137.0715,3,0,5,1,0,0,0,-1,0,0.0000,-1,15,12,8,0,35,0,0,0,0
137.0926,3,0,5,1,0,0,0,-1,0,0.0000,-1,15,12,8,0,35,0,0,0,0
137.1101,3,0,5,1,0,0,0,-1,0,0.0000,-1,15,12,8,0,35,0,0,0,0
137.1319,3,0,5,1,0,0,0,-1,0,0.0000,-1,15,12,8,0,35,0,0,0,0
137.1532,3,0,5,1,0,0,0,-1,0,0.0000,-1,15,12,8,0,35,0,0,0,0
137.1744,3,0,5,1,0,0,0,-1,0,0.0000,-1,15,12,8,0,35,0,0,0,0
137.1987,3,0,5,1,0,0,0,-1,0,0.0000,-1,15,12,8,0,35,0,0,0,0
137.2211,3,0,5,1,0,0,0,-1,0,0.0000,-1,15,12,8,0,35,0,0,0,0
137.2429,3,0,5,1,0,0,0,-1,0,0.0000,-1,15,12,8,0,35,0,0,0,0
137.2638,3,0,5,1,0,0,0,-1,0,0.0000,-1,15,12,8,0,35,0,0,0,0
137.2862,3,0,5,1,0,0,0,-1,0,0.0000,-1,15,12,8,0,35,0,0,0,0
137.3079,3,0,5,0,0,0,0,-1,0,0.0000,-1,15,12,8,0,35,0,0,0,0
137.3333,3,0,5,0,0,0,0,-1,0,0.0000,-1,15,12,8,0,35,0,0,0,0
137.3794,3,0,5,0,0,0,0,-1,0,0.0000,-1,15,12,8,0,35,0,0,0,0
137.3971,3,0,5,0,0,0,0,-1,0,0.0000,-1,15,12,8,0,35,0,0,0,0
137.4125,3,0,5,0,0,0,0,-1,0,0.0000,-1,15,12,8,0,35,0,0,0,0
137.4346,3,0,5,0,0,0,0,-1,0,0.0000,-1,15,12,8,0,35,0,0,0,0
137.4627,3,0,5,0,0,0,0,-1,0,0.0000,-1,15,12,8,0,35,0,0,0,0
137.4884,3,0,5,0,0,0,0,-1,0,0.0000,-1,15,12,8,0,35,0,0,0,0
137.5122,3,0,5,0,0,0,0,-1,1,1.0000,-1,15,12,8,0,35,0,0,0,0
137.5357,3,0,5,0,0,0,0,-1,0,1.0000,-1,15,12,8,0,35,0,0,0,0
137.5598,3,0,5,0,0,0,0,-1,0,1.0000,-1,15,12,8,0,35,0,0,0,0
137.5852,3,0,5,0,0,0,0,-1,0,1.0000,-1,15,12,8,0,35,0,0,0,0
137.6084,3,0,5,0,0,0,0,-1,0,1.0000,-1,15,12,8,0,35,0,0,0,0
137.632,3,0,5,0,0,0,0,-1,0,1.0000,-1,15,12,8,0,35,0,0,0,0
137.6575,3,0,5,0,0,0,0,-1,0,1.0000,-1,15,12,8,0,35,0,0,0,0
137.6799,3,0,5,0,0,0,0,-1,0,1.0000,-1,15,12,8,0,35,0,0,0,0
137.7055,3,0,5,0,0,0,0,-1,0,1.0000,-1,15,12,8,0,35,0,0,0,0
137.7284,3,0,5,0,0,0,0,-1,0,1.0000,-1,15,12,8,0,35,0,0,0,0
137.7511,3,0,5,0,0,0,0,-1,0,1.0000,-1,15,12,8,0,35,0,0,0,0
137.7731,3,0,5,0,0,0,0,-1,0,1.0000,-1,15,12,8,0,35,0,0,0,0
137.7975,3,0,5,0,0,0,0,-1,0,1.0000,-1,15,12,8,0,35,0,0,0,0
137.8205,3,0,5,0,0,0,0,-1,0,1.0000,-1,15,12,8,0,35,0,0,0,0
137.8466,3,0,5,0,0,0,0,-1,0,1.0000,-1,15,12,8,0,35,0,0,0,0
137.8679,3,0,5,0,0,0,0,-1,0,1.0000,-1,15,12,8,0,35,0,0,0,0
137.8928,3,0,5,0,0,0,0,-1,0,1.0000,-1,15,12,8,0,35,0,0,0,0
137.9144,3,0,5,0,0,0,0,-1,0,1.0000,-1,15,12,8,0,35,0,0,0,0
137.9374,3,0,5,0,0,0,0,-1,0,1.0000,-1,15,12,8,0,35,0,0,0,0
137.9621,3,0,5,0,0,0,0,-1,0,1.0000,-1,15,12,8,0,35,0,0,0,0
138.005,3,0,5,0,0,0,0,-1,0,1.0000,-1,15,12,8,0,35,0,0,0,0
138.0218,3,0,5,0,0,0,0,-1,0,1.0000,-1,15,12,8,0,35,0,0,0,0
138.037,3,0,5,0,0,0,0,-1,0,1.0000,-1,15,12,8,0,35,0,0,0,0
138.0572,3,0,5,0,0,0,0,-1,0,1.0000,-1,15,12,8,0,35,0,0,0,0
138.0817,3,0,5,0,0,0,0,-1,0,1.0000,-1,15,12,8,0,35,0,0,0,0
138.1038,3,0,5,0,0,0,0,-1,0,1.0000,-1,15,12,8,0,35,0,0,0,0
138.1261,3,0,5,0,0,0,0,-1,0,1.0000,-1,15,12,8,0,35,0,0,0,0
138.1504,3,0,5,0,0,0,0,-1,0,1.0000,-1,15,12,8,0,35,0,0,0,0
138.1735,3,0,5,0,0,0,0,-1,0,1.0000,-1,15,12,8,0,35,0,0,0,0
138.1975,3,0,5,0,0,0,0,-1,0,1.0000,-1,15,12,8,0,35,0,0,0,0
138.2207,3,0,5,0,0,0,0,-1,0,1.0000,-1,15,12,8,0,35,0,0,0,0
138.2436,3,0,5,0,0,0,0,-1,0,1.0000,-1,15,12,8,0,35,0,0,0,0
138.2676,3,0,5,0,0,0,0,-1,0,1.0000,-1,15,12,8,0,35,0,0,0,0
138.2896,3,0,5,0,0,0,0,-1,0,1.0000,-1,15,12,8,0,35,0,0,0,0
138.3137,3,0,5,0,0,0,0,-1,0,1.0000,-1,15,12,8,0,35,0,0,0,0
138.3359,3,0,5,0,0,0,0,-1,0,1.0000,-1,15,12,8,0,35,0,0,0,0
138.3576,3,0,5,0,0,0,0,-1,0,1.0000,-1,15,12,8,0,35,0,0,0,0
138.3829,3,0,5,0,0,0,1,131,0,1.0000,-1,15,12,8,0,35,0,0,0,0
138.4059,3,0,5,0,0,0,1,131,0,1.0000,-1,15,12,8,0,35,0,0,0,0
138.4295,3,0,5,0,0,0,1,131,0,1.0000,-1,15,12,8,0,35,0,0,0,0
138.4533,3,0,5,0,0,0,1,131,0,1.0000,-1,15,12,8,0,35,0,0,0,0
138.4776,3,0,5,0,0,0,1,131,0,1.0000,-1,15,12,8,0,35,0,0,0,0
138.5027,3,0,5,0,0,0,1,131,0,1.0000,-1,15,12,8,0,35,0,0,0,0
138.5241,3,0,5,0,0,0,1,131,0,0.0000,-1,15,12,8,0,35,0,0,0,0
138.549,3,0,5,0,0,0,1,131,0,0.0000,-1,15,12,8,0,35,0,0,0,0
138.5714,3,0,5,0,0,0,1,131,0,0.0000,-1,15,12,8,0,35,0,0,0,0
138.5941,3,0,5,0,0,0,1,131,1,1.0000,-1,15,12,8,0,35,0,0,0,0
138.6193,3,0,5,0,1,0,1,131,0,1.0000,-1,15,12,8,0,35,0,0,0,0
138.6417,3,0,5,0,1,0,0,-1,0,1.0000,-1,15,12,8,0,35,0,0,0,0
138.6656,3,0,5,0,1,0,0,-1,0,1.0000,-1,15,12,8,0,35,0,0,0,0
138.6883,3,0,5,0,1,0,0,-1,0,1.0000,-1,15,12,8,0,35,0,0,0,0
138.7118,3,0,5,0,1,0,0,-1,0,1.0000,-1,15,12,8,0,35,0,0,0,0
138.7346,3,0,5,0,1,0,0,-1,0,1.0000,-1,15,12,8,0,35,0,0,0,0
138.758,3,0,5,0,1,0,0,-1,0,1.0000,-1,15,12,8,0,35,0,0,0,0
138.782,3,0,5,0,1,0,0,-1,0,1.0000,-1,15,12,8,0,35,0,0,0,0
138.8027,3,0,5,0,1,0,0,-1,0,1.0000,-1,15,12,8,0,35,0,0,0,0
138.8465,3,0,5,0,1,0,0,-1,0,1.0000,-1,15,12,8,0,35,0,0,0,0
138.8617,3,0,5,0,1,0,0,-1,0,1.0000,-1,15,12,8,0,35,0,0,0,0
138.8764,3,0,5,0,1,0,0,-1,0,1.0000,-1,15,12,8,0,35,0,0,0,0
138.8993,3,0,5,0,1,0,0,-1,0,1.0000,-1,15,12,8,0,35,0,0,0,0
138.9232,3,0,5,0,1,0,0,-1,0,1.0000,-1,15,12,8,0,35,0,0,0,0
138.9463,3,0,5,0,1,0,0,-1,0,1.0000,-1,15,12,8,0,35,0,0,0,0
138.9708,3,0,5,0,1,0,0,-1,0,1.0000,-1,15,12,8,0,35,0,0,0,0
138.9921,3,0,5,0,1,0,0,-1,0,1.0000,-1,15,12,8,0,35,0,0,0,0
139.0165,3,0,5,0,1,0,0,-1,0,1.0000,-1,15,12,8,0,35,0,0,0,0
139.0389,3,0,5,0,1,0,0,-1,0,1.0000,-1,15,12,8,0,35,0,0,0,0
139.0597,3,0,5,0,1,0,0,-1,0,1.0000,-1,15,12,8,0,35,0,0,0,0
139.0827,3,0,5,0,1,0,0,-1,0,1.0000,-1,15,12,8,0,35,0,0,0,0
139.1071,3,0,5,0,1,0,0,-1,0,1.0000,-1,15,12,8,0,35,0,0,0,0
139.1278,3,0,5,0,1,0,0,-1,0,1.0000,-1,15,12,8,0,35,0,0,0,0
139.1536,3,0,5,0,1,0,0,-1,0,1.0000,-1,15,12,8,0,35,0,0,0,0
139.177,3,0,5,0,1,0,0,-1,1,2.0000,-1,15,12,8,0,35,0,0,0,0
139.2009,3,0,5,0,1,0,0,-1,0,2.0000,-1,15,12,8,0,35,0,0,0,0
139.2236,3,0,5,0,1,0,0,-1,0,2.0000,-1,15,12,8,0,35,0,0,0,0
139.2465,3,0,5,1,1,0,0,-1,0,2.0000,-1,15,12,8,0,35,0,0,0,0
139.2711,3,0,5,1,1,0,0,-1,0,2.0000,-1,15,12,8,0,35,0,0,0,0
139.293,3,0,5,1,1,0,0,-1,0,2.0000,-1,15,12,8,0,35,0,0,0,0
139.3167,3,0,5,1,1,0,0,-1,0,2.0000,-1,15,12,8,0,35,0,0,0,0
139.3407,3,0,5,1,1,0,0,-1,0,2.0000,-1,15,12,8,0,35,0,0,0,0
139.3629,3,0,5,1,1,0,0,-1,0,2.0000,-1,15,12,8,0,35,0,0,0,0
139.387,3,0,5,1,1,0,0,-1,0,2.0000,-1,15,12,8,0,35,0,0,0,0
139.4111,3,0,5,1,1,0,0,-1,0,2.0000,-1,15,12,8,0,35,0,0,0,0
139.4359,3,0,5,1,1,0,0,-1,0,2.0000,-1,15,12,8,0,35,0,0,0,0
139.4815,3,0,5,1,1,0,0,-1,1,3.0000,-1,15,12,8,0,35,0,0,0,0
139.4965,3,0,5,1,1,0,0,-1,0,3.0000,-1,15,12,8,0,35,0,0,0,0
139.5114,3,0,5,1,0,0,0,-1,0,3.0000,-1,15,12,8,0,35,0,0,0,0
139.5357,3,0,5,1,0,0,0,-1,0,3.0000,-1,15,12,8,0,35,0,0,0,0
139.562,3,0,5,1,0,0,0,-1,0,3.0000,-1,15,12,8,0,35,0,0,0,0
139.5848,3,0,5,1,0,0,0,-1,0,3.0000,-1,15,12,8,0,35,0,0,0,0
139.6106,3,0,5,1,0,0,0,-1,0,2.0000,-1,15,12,8,0,35,0,0,0,0
139.6347,3,0,5,1,0,0,0,-1,0,2.0000,-1,15,12,8,0,35,0,0,0,0
139.6602,3,0,5,1,0,0,0,-1,0,2.0000,-1,15,12,8,0,35,0,0,0,0
139.704,3,0,5,1,0,0,0,-1,0,2.0000,-1,15,12,8,0,35,0,0,0,0
139.7175,3,0,5,1,0,0,0,-1,0,2.0000,-1,15,12,8,0,35,0,0,0,0
139.7337,3,0,5,1,0,0,0,-1,0,2.0000,-1,15,12,8,0,35,0,0,0,0
139.7586,3,0,5,1,0,0,0,-1,0,2.0000,-1,15,12,8,0,35,0,0,0,0
139.7826,3,0,5,1,0,0,0,-1,0,2.0000,-1,15,12,8,0,35,0,0,0,0
139.8065,3,0,5,1,0,0,0,-1,0,2.0000,-1,15,12,8,0,35,0,0,0,0
139.8295,3,0,5,1,0,0,0,-1,0,2.0000,-1,15,12,8,0,35,0,0,0,0
139.8518,3,0,5,1,0,0,0,-1,0,2.0000,-1,15,12,8,0,35,0,0,0,0
139.8742,3,0,5,1,0,0,0,-1,0,2.0000,-1,15,12,8,0,35,0,0,0,0
139.9149,3,0,5,1,0,0,0,-1,0,2.0000,-1,15,12,8,0,35,0,0,0,0
139.9258,3,0,5,1,0,0,0,-1,0,2.0000,-1,15,12,8,0,35,0,0,0,0
139.9417,3,0,5,1,0,0,0,-1,0,2.0000,-1,15,12,8,0,35,0,0,0,0
139.9618,3,0,5,1,0,0,0,-1,0,2.0000,-1,15,12,8,0,35,0,0,0,0
139.9834,3,0,5,1,0,0,0,-1,0,2.0000,-1,15,12,8,0,35,0,0,0,0
140.0044,3,0,5,1,0,0,0,-1,0,2.0000,-1,15,12,8,0,35,0,0,0,0
140.0256,3,0,5,1,0,0,0,-1,0,2.0000,-1,15,12,8,0,35,0,0,0,0
140.0437,3,0,5,1,0,0,0,-1,0,2.0000,-1,15,12,8,0,35,0,0,0,0
140.0642,3,0,5,1,0,0,0,-1,0,2.0000,-1,15,12,8,0,35,0,0,0,0
140.083,3,0,5,1,0,0,0,-1,0,2.0000,-1,15,12,8,0,35,0,0,0,0
140.1036,3,0,5,0,0,0,0,-1,0,2.0000,-1,15,12,8,0,35,0,0,0,0
140.1236,3,0,5,0,0,0,0,-1,0,2.0000,-1,15,12,8,0,35,0,0,0,0
140.143,3,0,5,0,0,0,0,-1,0,2.0000,-1,15,12,8,0,35,0,0,0,0
140.1631,3,0,5,0,0,0,0,-1,0,2.0000,-1,15,12,8,0,35,0,0,0,0
140.1832,3,0,5,0,0,0,0,-1,0,1.0000,-1,15,12,8,0,35,0,0,0,0
140.2046,3,0,5,0,0,0,0,-1,0,1.0000,-1,15,12,8,0,35,0,0,0,0
140.224,3,0,5,0,0,0,0,-1,0,1.0000,-1,15,12,8,0,35,0,0,0,0
140.2433,3,0,5,0,0,0,0,-1,0,1.0000,-1,15,12,8,0,35,0,0,0,0
140.2628,3,0,5,0,0,0,0,-1,0,1.0000,-1,15,12,8,0,35,0,0,0,0
140.2822,3,0,5,0,0,0,0,-1,0,1.0000,-1,15,12,8,0,35,0,0,0,0
140.3036,3,0,5,0,1,0,0,-1,0,1.0000,-1,15,12,8,0,35,0,0,0,0
140.3423,3,0,5,0,1,0,0,-1,0,1.0000,-1,15,12,8,0,35,0,0,0,0
140.3597,3,0,5,0,1,0,0,-1,0,1.0000,-1,15,12,8,0,35,0,0,0,0
140.3748,3,0,5,0,1,0,0,-1,0,1.0000,-1,15,12,8,0,35,0,0,0,0
140.3907,3,0,5,0,1,0,0,-1,0,1.0000,-1,15,12,8,0,35,0,0,0,0
140.4068,3,0,5,0,1,0,0,-1,0,1.0000,-1,15,12,8,0,35,0,0,0,0
140.4298,3,0,5,0,1,0,0,-1,0,1.0000,-1,15,12,8,0,35,0,0,0,0
140.4484,3,0,5,0,1,0,0,-1,0,1.0000,-1,15,12,8,0,35,0,0,0,0
140.4704,3,0,5,0,1,0,0,-1,0,1.0000,-1,15,12,8,0,35,0,0,0,0
140.4894,3,0,5,0,1,0,0,-1,0,0.0000,-1,15,12,8,0,35,0,0,0,0
140.5064,3,0,5,0,1,0,0,-1,0,0.0000,-1,15,12,8,0,35,0,0,0,0
140.5296,3,0,5,0,1,0,0,-1,0,0.0000,-1,15,12,8,0,35,0,0,0,0
140.5487,3,0,5,0,1,0,0,-1,0,0.0000,-1,15,12,8,0,35,0,0,0,0
140.5696,3,0,5,0,1,0,0,-1,0,0.0000,-1,15,12,8,0,35,0,0,0,0
140.5901,3,0,5,0,1,0,0,-1,0,0.0000,-1,15,12,8,0,35,0,0,0,0
140.6063,3,0,5,0,1,0,0,-1,0,0.0000,-1,15,12,8,0,35,0,0,0,0
140.6298,3,0,5,0,1,0,0,-1,0,0.0000,-1,15,12,8,0,35,0,0,0,0
140.6486,3,0,5,0,1,0,0,-1,0,0.0000,-1,15,12,8,0,35,0,0,0,0
140.6693,3,0,5,0,1,0,0,-1,0,0.0000,-1,15,12,8,0,35,0,0,0,0
140.6887,3,0,5,0,1,0,0,-1,0,0.0000,-1,15,12,8,0,35,0,0,0,0
140.7087,3,0,5,0,1,0,0,-1,0,0.0000,-1,15,12,8,0,35,0,0,0,0
140.7289,3,0,5,0,1,0,0,-1,0,0.0000,-1,15,12,8,0,35,0,0,0,0
140.7497,3,0,5,0,1,0,0,-1,0,0.0000,-1,15,12,8,0,35,0,0,0,0
140.7706,3,0,5,0,1,0,0,-1,0,0.0000,-1,15,12,8,0,35,0,0,0,0
140.7903,3,0,5,0,1,0,0,-1,0,0.0000,-1,15,12,8,0,35,0,0,0,0
140.8103,3,0,5,0,1,0,0,-1,0,0.0000,-1,15,12,8,0,35,0,0,0,0
140.829,3,0,5,0,1,0,0,-1,0,0.0000,-1,15,12,8,0,35,0,0,0,0
140.8492,3,0,5,1,1,0,0,-1,0,0.0000,-1,15,12,8,0,35,0,0,0,0
140.871,3,0,5,1,0,0,0,-1,0,0.0000,-1,15,12,8,0,35,0,0,0,0
140.8894,3,0,5,1,0,0,0,-1,0,0.0000,-1,15,12,8,0,35,0,0,0,0
140.911,3,0,5,1,0,0,0,-1,0,0.0000,-1,15,12,8,0,35,0,0,0,0
140.9485,3,0,5,1,0,0,0,-1,0,0.0000,-1,15,12,8,0,35,0,0,0,0
140.966,3,0,5,1,0,0,0,-1,0,0.0000,-1,15,12,8,0,35,0,0,0,0
140.9797,3,0,5,1,0,0,0,-1,0,0.0000,-1,15,12,8,0,35,0,0,0,0
140.9949,3,0,5,1,0,0,0,-1,0,0.0000,-1,15,12,8,0,35,0,0,0,0
141.0153,3,0,5,1,0,0,0,-1,0,0.0000,-1,15,12,8,0,35,0,0,0,0
141.0351,3,0,5,1,0,0,0,-1,0,0.0000,-1,15,12,8,0,35,0,0,0,0
141.0548,3,0,5,1,0,0,0,-1,0,0.0000,-1,15,12,8,0,35,0,0,0,0
141.0732,3,0,5,1,0,0,0,-1,0,0.0000,-1,15,12,8,0,35,0,0,0,0
141.0944,3,0,5,1,0,0,0,-1,0,0.0000,-1,15,12,8,0,35,0,0,0,0
141.1144,3,0,5,1,0,0,0,-1,0,0.0000,-1,15,12,8,0,35,0,0,0,0
141.134,3,0,5,1,0,0,0,-1,0,0.0000,-1,15,12,8,0,35,0,0,0,0
141.154,3,0,5,1,0,0,0,-1,0,0.0000,-1,15,12,8,0,35,0,0,0,0
141.1724,3,0,5,1,0,0,0,-1,0,0.0000,-1,15,12,8,0,35,0,0,0,0
141.1932,3,0,5,1,0,0,0,-1,0,0.0000,-1,15,12,8,0,35,0,0,0,0
141.2132,3,0,5,1,0,0,0,-1,0,0.0000,-1,15,12,8,0,35,0,0,0,0
141.2341,3,0,5,1,0,0,0,-1,0,0.0000,-1,15,12,8,0,35,0,0,0,0
141.2527,3,0,5,1,0,0,0,-1,0,0.0000,-1,15,12,8,0,35,0,0,0,0
141.2757,3,0,5,1,0,0,0,-1,0,0.0000,-1,15,12,8,0,35,0,0,0,0
141.2937,3,0,5,1,0,0,0,-1,0,0.0000,-1,15,12,8,0,35,0,0,0,0
141.3112,3,0,5,1,0,0,0,-1,0,0.0000,-1,15,12,8,0,35,0,0,0,0
141.3334,3,0,5,1,0,0,0,-1,1,1.0000,-1,15,12,8,0,35,0,0,0,0
141.3697,3,0,5,1,0,0,0,-1,0,1.0000,-1,15,12,8,0,35,0,0,0,0
141.3842,3,0,5,1,0,0,1,135,0,1.0000,-1,15,12,8,0,35,0,0,0,0
141.3987,3,0,5,1,0,0,1,135,0,1.0000,-1,15,12,8,0,35,0,0,0,0
141.4174,3,0,5,1,0,0,1,135,0,1.0000,-1,15,12,8,0,35,0,0,0,0
141.4395,3,0,5,1,0,0,1,135,0,1.0000,-1,15,12,8,0,35,0,0,0,0
141.4586,3,0,5,1,0,0,1,135,0,1.0000,-1,15,12,8,0,35,0,0,0,0
141.4789,3,0,5,1,0,0,1,135,0,1.0000,-1,15,12,8,0,35,0,0,0,0
141.4995,3,0,5,1,0,0,1,135,0,1.0000,-1,15,12,8,0,35,0,0,0,0
141.5166,3,0,5,1,0,0,1,135,0,1.0000,-1,15,12,8,0,35,0,0,0,0
141.5394,3,0,5,1,0,0,1,135,0,1.0000,-1,15,12,8,0,35,0,0,0,0
141.5595,3,0,5,1,0,0,1,135,0,1.0000,-1,15,12,8,0,35,0,0,0,0
141.5797,3,0,5,1,1,0,1,135,0,1.0000,-1,15,12,8,0,35,0,0,0,0
141.5995,3,0,5,1,1,0,1,135,0,1.0000,-1,15,12,8,0,35,0,0,0,0
141.6198,3,0,5,1,1,0,1,135,0,1.0000,-1,15,12,8,0,35,0,0,0,0
141.6389,3,0,5,1,1,0,1,135,0,1.0000,-1,15,12,8,0,35,0,0,0,0
141.66,3,0,5,1,1,0,1,135,0,1.0000,-1,15,12,8,0,35,0,0,0,0
141.6797,3,0,5,1,1,0,1,135,0,1.0000,-1,15,12,8,0,35,0,0,0,0
141.7,3,0,5,1,1,0,1,135,0,1.0000,-1,15,12,8,0,35,0,0,0,0
141.7197,3,0,5,1,1,0,1,135,0,1.0000,-1,15,12,8,0,35,0,0,0,0
141.743,3,0,5,1,1,0,1,135,0,1.0000,-1,15,12,8,0,35,0,0,0,0
141.7806,3,0,5,1,1,0,1,135,0,1.0000,-1,15,12,8,0,35,0,0,0,0
141.7962,3,0,5,1,1,0,1,135,0,1.0000,-1,15,12,8,0,35,0,0,0,0
141.808,3,0,5,1,1,0,1,135,0,1.0000,-1,15,12,8,0,35,0,0,0,0
141.8278,3,0,5,1,1,0,1,135,0,1.0000,-1,15,12,8,0,35,0,0,0,0
141.8501,3,0,5,1,1,0,1,135,0,1.0000,-1,15,12,8,0,35,0,0,0,0
141.8691,3,0,5,1,1,0,1,135,0,1.0000,-1,15,12,8,0,35,0,0,0,0
141.8902,3,0,5,1,1,0,1,135,0,1.0000,-1,15,12,8,0,35,0,0,0,0
141.908,3,0,5,1,1,0,1,135,0,1.0000,-1,15,12,8,0,35,0,0,0,0
141.9286,3,0,5,1,1,0,1,135,0,1.0000,-1,15,12,8,0,35,0,0,0,0
141.9512,3,0,5,1,1,0,1,135,0,1.0000,-1,15,12,8,0,35,0,0,0,0
141.9896,3,0,5,1,1,0,1,135,0,1.0000,-1,15,12,8,0,35,0,0,0,0
142.0071,3,0,5,1,1,0,1,135,0,1.0000,-1,15,12,8,0,35,0,0,0,0
142.024,3,0,5,1,1,0,1,135,0,1.0000,-1,15,12,8,0,35,0,0,0,0
142.0401,3,0,5,1,1,0,1,135,0,1.0000,-1,15,12,8,0,35,0,0,0,0
142.0593,3,0,5,1,1,0,1,135,0,1.0000,-1,15,12,8,0,35,0,0,0,0
142.08,3,0,5,1,1,0,1,135,0,1.0000,-1,15,12,8,0,35,0,0,0,0
142.1002,3,0,5,1,1,0,1,135,0,1.0000,-1,15,12,8,0,35,0,0,0,0
142.1202,3,0,5,1,1,0,0,-1,0,1.0000,135,15,12,9,0,36,0,0,0,0
142.1393,3,0,5,1,1,0,0,-1,0,1.0000,-1,15,12,9,0,36,0,0,0,0
142.1613,3,0,5,1,1,0,0,-1,0,1.0000,-1,15,12,9,0,36,0,0,0,0
142.2017,3,0,5,1,1,0,0,-1,0,1.0000,-1,15,12,9,0,36,0,0,0,0
142.2206,3,0,5,1,1,0,0,-1,0,1.0000,-1,15,12,9,0,36,0,0,0,0
142.2388,3,0,5,1,1,0,0,-1,0,1.0000,-1,15,12,9,0,36,0,0,0,0
142.2531,3,0,5,1,0,0,0,-1,0,1.0000,-1,15,12,9,0,36,0,0,0,0
142.2714,3,0,5,1,0,0,1,134,0,1.0000,-1,15,12,9,0,36,0,0,0,0
142.2949,3,0,5,1,0,0,1,134,0,1.0000,-1,15,12,9,0,36,0,0,0,0
142.3148,3,0,5,1,0,0,1,134,0,1.0000,-1,15,12,9,0,36,0,0,0,0
142.3354,3,0,5,1,0,0,1,134,0,0.0000,-1,15,12,9,0,36,0,0,0,0
142.3566,3,0,5,1,0,0,1,134,0,0.0000,-1,15,12,9,0,36,0,0,0,0
142.3765,3,0,5,1,0,0,1,134,0,0.0000,-1,15,12,9,0,36,0,0,0,0
142.4161,3,0,5,1,0,0,1,134,0,0.0000,-1,15,12,9,0,36,0,0,0,0
142.4317,3,0,5,1,0,0,1,134,0,0.0000,-1,15,12,9,0,36,0,0,0,0
142.4483,3,0,5,1,0,0,1,134,0,0.0000,-1,15,12,9,0,36,0,0,0,0
142.4653,3,0,5,1,0,0,1,134,0,0.0000,-1,15,12,9,0,36,0,0,0,0
142.4857,3,0,5,1,0,0,1,134,0,0.0000,-1,15,12,9,0,36,0,0,0,0
142.5056,3,0,5,1,0,0,1,134,0,0.0000,-1,15,12,9,0,36,0,0,0,0
142.5272,3,0,5,1,0,0,1,134,0,0.0000,-1,15,12,9,0,36,0,0,0,0
142.5463,3,0,5,1,0,0,1,134,0,0.0000,-1,15,12,9,0,36,0,0,0,0
142.5673,3,0,5,1,0,0,1,134,0,0.0000,-1,15,12,9,0,36,0,0,0,0
142.587,3,0,5,1,0,0,1,134,0,0.0000,-1,15,12,9,0,36,0,0,0,0
142.6069,3,0,5,1,0,0,1,134,0,0.0000,-1,15,12,9,0,36,0,0,0,0
142.628,3,0,5,1,0,0,1,134,0,0.0000,-1,15,12,9,0,36,0,0,0,0
142.6482,3,0,5,1,0,0,1,134,0,0.0000,-1,15,12,9,0,36,0,0,0,0
142.6671,3,0,5,1,0,0,1,134,0,0.0000,-1,15,12,9,0,36,0,0,0,0
142.688,3,0,5,1,0,0,1,134,0,0.0000,-1,15,12,9,0,36,0,0,0,0
142.7073,3,0,5,1,0,0,1,134,0,0.0000,-1,15,12,9,0,36,0,0,0,0
142.7295,3,0,5,1,0,0,1,134,0,0.0000,-1,15,12,9,0,36,0,0,0,0
142.75,3,0,5,1,0,0,1,134,0,0.0000,-1,15,12,9,0,36,0,0,0,0
142.7682,3,0,5,1,0,0,1,134,0,0.0000,-1,15,12,9,0,36,0,0,0,0
142.7899,3,0,5,1,0,0,0,-1,0,0.0000,134,15,12,10,0,37,0,0,0,0
142.8265,3,0,5,1,0,0,0,-1,0,0.0000,-1,15,12,10,0,37,0,0,0,0
142.8454,3,0,5,1,0,0,0,-1,0,0.0000,-1,15,12,10,0,37,0,0,0,0
142.8603,3,0,5,1,0,0,0,-1,0,0.0000,-1,15,12,10,0,37,0,0,0,0
142.8739,3,0,5,1,0,0,0,-1,0,0.0000,-1,15,12,10,0,37,0,0,0,0
142.8951,3,0,5,1,0,0,0,-1,0,0.0000,-1,15,12,10,0,37,0,0,0,0
142.9174,3,0,5,1,0,0,0,-1,0,0.0000,-1,15,12,10,0,37,0,0,0,0
142.9371,3,0,5,1,0,0,0,-1,0,0.0000,-1,15,12,10,0,37,0,0,0,0
142.9595,3,0,5,1,0,0,0,-1,0,0.0000,-1,15,12,10,0,37,0,0,0,0
142.978,3,0,5,1,0,0,0,-1,0,0.0000,-1,15,12,10,0,37,0,0,0,0
142.9991,3,0,5,1,0,0,0,-1,0,0.0000,-1,15,12,10,0,37,0,0,0,0
143.0365,3,0,5,1,0,0,0,-1,0,0.0000,-1,15,12,10,0,37,0,0,0,0
143.0535,3,0,5,1,0,0,0,-1,0,0.0000,-1,15,12,10,0,37,0,0,0,0
143.0689,3,0,5,1,0,0,0,-1,0,0.0000,-1,15,12,10,0,37,0,0,0,0
143.0867,3,0,5,1,0,0,0,-1,0,0.0000,-1,15,12,10,0,37,0,0,0,0
143.1072,3,0,5,1,0,0,0,-1,0,0.0000,-1,15,12,10,0,37,0,0,0,0
143.1281,3,0,5,1,0,0,0,-1,0,0.0000,-1,15,12,10,0,37,0,0,0,0
143.1484,3,0,5,1,0,0,0,-1,0,0.0000,-1,15,12,10,0,37,0,0,0,0
143.1681,3,0,5,1,0,0,0,-1,1,1.0000,-1,15,12,10,0,37,0,0,0,0
143.1875,3,0,5,1,0,0,0,-1,0,1.0000,-1,15,12,10,0,37,0,0,0,0
143.2091,3,0,5,1,0,0,0,-1,0,1.0000,-1,15,12,10,0,37,0,0,0,0
143.2315,3,0,5,1,0,0,0,-1,0,1.0000,-1,15,12,10,0,37,0,0,0,0
143.2514,3,0,5,1,0,0,0,-1,0,1.0000,-1,15,12,10,0,37,0,0,0,0
143.2719,3,0,5,1,0,0,0,-1,0,1.0000,-1,15,12,10,0,37,0,0,0,0
143.2916,3,0,5,1,0,0,0,-1,0,1.0000,-1,15,12,10,0,37,0,0,0,0
143.3102,3,0,5,1,0,0,0,-1,0,1.0000,-1,15,12,10,0,37,0,0,0,0
143.3324,3,0,5,1,0,0,0,-1,0,1.0000,-1,15,12,10,0,37,0,0,0,0
143.3529,3,0,5,1,0,0,0,-1,0,1.0000,-1,15,12,10,0,37,0,0,0,0
143.3737,3,0,5,1,0,0,0,-1,0,1.0000,-1,15,12,10,0,37,0,0,0,0
143.3954,3,0,5,1,0,0,0,-1,0,1.0000,-1,15,12,10,0,37,0,0,0,0
143.4162,3,0,5,1,0,0,0,-1,0,1.0000,-1,15,12,10,0,37,0,0,0,0
143.4539,3,0,5,1,0,0,0,-1,0,1.0000,-1,15,12,10,0,37,0,0,0,0
143.4726,3,0,5,1,0,0,0,-1,0,1.0000,-1,15,12,10,0,37,0,0,0,0
143.4899,3,0,5,1,0,0,0,-1,0,1.0000,-1,15,12,10,0,37,0,0,0,0
143.5077,3,0,5,1,0,0,0,-1,0,1.0000,-1,15,12,10,0,37,0,0,0,0
143.5252,3,0,5,1,0,0,0,-1,0,1.0000,-1,15,12,10,0,37,0,0,0,0
143.5424,3,0,5,1,0,0,0,-1,0,1.0000,-1,15,12,10,0,37,0,0,0,0
143.5629,3,0,5,1,0,0,0,-1,0,1.0000,-1,15,12,10,0,37,0,0,0,0
143.5838,3,0,5,1,0,0,0,-1,0,1.0000,-1,15,12,10,0,37,0,0,0,0
143.6066,3,0,5,1,0,0,0,-1,0,1.0000,-1,15,12,10,0,37,0,0,0,0
143.6245,3,0,5,1,0,0,0,-1,0,1.0000,-1,15,12,10,0,37,0,0,0,0
143.6476,3,0,5,1,0,0,0,-1,0,1.0000,-1,15,12,10,0,37,0,0,0,0
143.6663,3,0,5,1,0,0,0,-1,0,1.0000,-1,15,12,10,0,37,0,0,0,0
143.6866,3,0,5,1,0,0,0,-1,0,1.0000,-1,15,12,10,0,37,0,0,0,0
143.7097,3,0,5,1,0,0,0,-1,0,1.0000,-1,15,12,10,0,37,0,0,0,0
143.7298,3,0,5,1,0,0,0,-1,0,1.0000,-1,15,12,10,0,37,0,0,0,0
143.7517,3,0,5,1,0,0,0,-1,0,1.0000,-1,15,12,10,0,37,0,0,0,0
143.7713,3,0,5,1,0,0,0,-1,0,1.0000,-1,15,12,10,0,37,0,0,0,0
143.7893,3,0,5,1,0,0,0,-1,0,1.0000,-1,15,12,10,0,37,0,0,0,0
143.8134,3,0,5,1,0,0,0,-1,0,1.0000,-1,15,12,10,0,37,0,0,0,0
143.8314,3,0,5,1,0,0,0,-1,0,1.0000,-1,15,12,10,0,37,0,0,0,0
143.8532,3,0,5,1,0,0,0,-1,0,1.0000,-1,15,12,10,0,37,0,0,0,0
143.8761,3,0,5,1,0,0,0,-1,0,1.0000,-1,15,12,10,0,37,0,0,0,0
143.895,3,0,5,1,0,0,0,-1,0,1.0000,-1,15,12,10,0,37,0,0,0,0
143.9167,3,0,5,1,0,0,0,-1,0,1.0000,-1,15,12,10,0,37,0,0,0,0
143.9377,3,0,5,1,0,0,0,-1,0,1.0000,-1,15,12,10,0,37,0,0,0,0
143.9562,3,0,5,1,0,0,0,-1,0,1.0000,-1,15,12,10,0,37,0,0,0,0
143.9773,3,0,5,1,0,0,0,-1,0,1.0000,-1,15,12,10,0,37,0,0,0,0
143.9976,3,0,5,1,0,0,0,-1,0,1.0000,-1,15,12,10,0,37,0,0,0,0
144.0185,3,0,5,1,0,0,0,-1,0,1.0000,-1,15,12,10,0,37,0,0,0,0
144.0398,3,0,5,1,0,0,0,-1,0,1.0000,-1,15,12,10,0,37,0,0,0,0
144.0801,3,0,5,1,0,0,0,-1,0,1.0000,-1,15,12,10,0,37,0,0,0,0
144.0966,3,0,5,1,0,0,0,-1,0,1.0000,-1,15,12,10,0,37,0,0,0,0
144.1097,3,0,5,1,0,0,0,-1,0,1.0000,-1,15,12,10,0,37,0,0,0,0
144.1279,3,0,5,1,0,0,0,-1,0,1.0000,-1,15,12,10,0,37,0,0,0,0
144.1511,3,0,5,1,0,0,0,-1,0,1.0000,-1,15,12,10,0,37,0,0,0,0
144.1716,3,0,5,1,0,0,0,-1,0,0.0000,-1,15,12,10,0,37,0,0,0,0
144.1907,3,0,5,1,0,0,0,-1,0,0.0000,-1,15,12,10,0,37,0,0,0,0
144.2108,3,0,5,1,0,0,0,-1,0,0.0000,-1,15,12,10,0,37,0,0,0,0
144.2322,3,0,5,1,0,0,0,-1,0,0.0000,-1,15,12,10,0,37,0,0,0,0
144.2518,3,0,5,1,0,0,0,-1,0,0.0000,-1,15,12,10,0,37,0,0,0,0
144.276,3,0,5,1,0,0,0,-1,0,0.0000,-1,15,12,10,0,37,0,0,0,0
144.2952,3,0,5,1,0,0,1,139,0,0.0000,-1,15,12,10,0,37,0,0,0,0
144.3175,3,0,5,1,0,0,1,139,1,1.0000,-1,15,12,10,0,37,0,0,0,0
144.3382,3,0,5,1,0,0,0,-1,0,1.0000,-1,15,12,10,0,37,0,0,0,0
144.3573,3,0,5,1,0,0,0,-1,0,1.0000,-1,15,12,10,0,37,0,0,0,0
144.378,3,0,5,1,0,0,0,-1,0,1.0000,-1,15,12,10,0,37,0,0,0,0
144.3996,3,0,5,1,0,0,0,-1,0,1.0000,-1,15,12,10,0,37,0,0,0,0
144.4197,3,0,5,1,0,0,1,137,0,1.0000,-1,15,12,10,0,37,0,0,0,0
144.443,3,0,5,1,0,0,1,137,0,1.0000,-1,15,12,10,0,37,0,0,0,0
144.4634,3,0,5,1,0,0,1,137,0,1.0000,-1,15,12,10,0,37,0,0,0,0
144.485,3,0,5,1,0,0,1,137,0,1.0000,-1,15,12,10,0,37,0,0,0,0
144.5073,3,0,5,1,0,0,1,137,0,1.0000,-1,15,12,10,0,37,0,0,0,0
144.527,3,0,5,1,0,0,0,-1,0,1.0000,-1,15,12,10,0,37,0,0,0,0
144.5476,3,0,5,1,0,0,0,-1,0,1.0000,-1,15,12,10,0,37,0,0,0,0
144.5688,3,0,5,1,0,0,0,-1,0,1.0000,-1,15,12,10,0,37,0,0,0,0
144.5896,3,0,5,1,0,0,0,-1,0,1.0000,-1,15,12,10,0,37,0,0,0,0
144.6127,3,0,5,1,0,0,0,-1,0,1.0000,-1,15,12,10,0,37,0,0,0,0
144.6324,3,0,5,1,0,0,0,-1,0,1.0000,-1,15,12,10,0,37,0,0,0,0
144.6556,3,0,5,1,0,0,0,-1,0,1.0000,-1,15,12,10,0,37,0,0,0,0
144.6766,3,0,5,1,0,0,0,-1,0,1.0000,-1,15,12,10,0,37,0,0,0,0
144.6996,3,0,5,1,0,0,0,-1,0,1.0000,-1,15,12,10,0,37,0,0,0,0
144.7206,3,0,5,1,0,0,0,-1,0,1.0000,-1,15,12,10,0,37,0,0,0,0
144.7429,3,0,5,1,0,0,0,-1,0,1.0000,-1,15,12,10,0,37,0,0,0,0
144.7639,3,0,5,1,0,0,0,-1,0,1.0000,-1,15,12,10,0,37,0,0,0,0
144.7872,3,0,5,1,0,0,0,-1,0,1.0000,-1,15,12,10,0,37,0,0,0,0
144.8084,3,0,5,1,0,0,0,-1,0,1.0000,-1,15,12,10,0,37,0,0,0,0
144.8295,3,0,5,1,0,0,0,-1,0,1.0000,-1,15,12,10,0,37,0,0,0,0
144.8499,3,0,5,1,0,0,0,-1,0,1.0000,-1,15,12,10,0,37,0,0,0,0
144.8723,3,0,5,1,0,0,0,-1,0,1.0000,-1,15,12,10,0,37,0,0,0,0
144.8903,3,0,5,1,0,0,0,-1,0,1.0000,-1,15,12,10,0,37,0,0,0,0
144.9351,3,0,5,1,0,0,0,-1,0,1.0000,-1,15,12,10,0,37,0,0,0,0
144.9496,3,0,5,1,0,0,0,-1,0,1.0000,-1,15,12,10,0,37,0,0,0,0
144.9633,3,0,5,1,0,0,0,-1,0,1.0000,-1,15,12,10,0,37,0,0,0,0
144.9845,3,0,5,1,0,0,0,-1,0,1.0000,-1,15,12,10,0,37,0,0,0,0
145.008,3,0,5,1,0,0,0,-1,0,1.0000,-1,15,12,10,0,37,0,0,0,0
145.0286,3,0,5,1,0,0,0,-1,0,1.0000,-1,15,12,10,0,37,0,0,0,0
145.0511,3,0,5,1,0,0,0,-1,0,1.0000,-1,15,12,10,0,37,0,0,0,0
145.0705,3,0,5,1,0,0,0,-1,0,1.0000,-1,15,12,10,0,37,0,0,0,0
145.0927,3,0,5,1,0,0,0,-1,0,1.0000,-1,15,12,10,0,37,0,0,0,0
145.1124,3,0,5,1,0,0,0,-1,0,1.0000,-1,15,12,10,0,37,0,0,0,0
145.1349,3,0,5,1,0,0,0,-1,0,1.0000,-1,15,12,10,0,37,0,0,0,0
145.1555,3,0,5,1,0,0,0,-1,0,1.0000,-1,15,12,10,0,37,0,0,0,0
145.1773,3,0,5,1,0,0,0,-1,0,1.0000,-1,15,12,10,0,37,0,0,0,0
145.1982,3,0,5,1,0,0,0,-1,0,1.0000,-1,15,12,10,0,37,0,0,0,0
145.2194,3,0,5,1,0,0,0,-1,0,1.0000,-1,15,12,10,0,37,0,0,0,0
145.2419,3,0,5,1,0,0,0,-1,0,1.0000,-1,15,12,10,0,37,0,0,0,0
145.2628,3,0,5,1,0,0,0,-1,0,1.0000,-1,15,12,10,0,37,0,0,0,0
145.2846,3,0,5,1,0,0,0,-1,0,1.0000,-1,15,12,10,0,37,0,0,0,0
145.3068,3,0,5,1,0,0,0,-1,0,1.0000,-1,15,12,10,0,37,0,0,0,0
145.3457,3,0,5,1,0,0,0,-1,1,1.0000,-1,15,12,10,0,37,0,0,0,0
145.3606,3,0,5,1,0,0,0,-1,0,1.0000,-1,15,12,10,0,37,0,0,0,0
145.3754,3,0,5,1,0,0,0,-1,0,1.0000,-1,15,12,10,0,37,0,0,0,0
145.3992,3,0,5,1,0,0,0,-1,0,1.0000,-1,15,12,10,0,37,0,0,0,0
145.4195,3,0,5,1,0,0,0,-1,0,1.0000,-1,15,12,10,0,37,0,0,0,0
145.4404,3,0,5,1,0,0,0,-1,0,1.0000,-1,15,12,10,0,37,0,0,0,0
145.4606,3,0,5,1,0,0,0,-1,0,1.0000,-1,15,12,10,0,37,0,0,0,0
145.4822,3,0,5,1,0,0,0,-1,0,1.0000,-1,15,12,10,0,37,0,0,0,0
145.5031,3,0,5,1,0,0,0,-1,0,1.0000,-1,15,12,10,0,37,0,0,0,0
145.5254,3,0,5,1,0,0,0,-1,0,1.0000,-1,15,12,10,0,37,0,0,0,0
145.566,3,0,5,1,0,0,0,-1,0,1.0000,-1,15,12,10,0,37,0,0,0,0
145.5845,3,0,5,1,0,0,0,-1,1,2.0000,-1,15,12,10,0,37,0,0,0,0
145.6001,3,0,5,1,0,0,0,-1,0,2.0000,-1,15,12,10,0,37,0,0,0,0
145.6147,3,0,5,1,0,0,0,-1,0,2.0000,-1,15,12,10,0,37,0,0,0,0
145.6394,3,0,5,1,0,0,0,-1,0,2.0000,-1,15,12,10,0,37,0,0,0,0
145.6593,3,0,5,1,0,0,0,-1,0,2.0000,-1,15,12,10,0,37,0,0,0,0
145.68,3,0,5,1,0,0,0,-1,0,2.0000,-1,15,12,10,0,37,0,0,0,0
145.7004,3,0,5,1,0,0,0,-1,0,2.0000,-1,15,12,10,0,37,0,0,0,0
145.7226,3,0,5,1,0,0,0,-1,0,2.0000,-1,15,12,10,0,37,0,0,0,0
145.7432,3,0,5,1,0,0,0,-1,0,2.0000,-1,15,12,10,0,37,0,0,0,0
145.7651,3,0,5,1,0,0,0,-1,0,2.0000,-1,15,12,10,0,37,0,0,0,0
145.7865,3,0,5,1,0,0,0,-1,0,2.0000,-1,15,12,10,0,37,0,0,0,0
145.8076,3,0,5,1,0,0,0,-1,0,2.0000,-1,15,12,10,0,37,0,0,0,0
145.828,3,0,5,1,0,0,0,-1,0,2.0000,-1,15,12,10,0,37,0,0,0,0
145.8485,3,0,5,1,0,0,0,-1,0,2.0000,-1,15,12,10,0,37,0,0,0,0
145.871,3,0,5,1,0,0,0,-1,0,2.0000,-1,15,12,10,0,37,0,0,0,0
145.892,3,0,5,1,0,0,0,-1,0,2.0000,-1,15,12,10,0,37,0,0,0,0
145.913,3,0,5,1,0,0,0,-1,0,2.0000,-1,15,12,10,0,37,0,0,0,0
145.9349,3,0,5,1,0,0,0,-1,0,2.0000,-1,15,12,10,0,37,0,0,0,0
145.9574,3,0,5,1,0,0,0,-1,0,2.0000,-1,15,12,10,0,37,0,0,0,0
145.9764,3,0,5,1,0,0,0,-1,0,2.0000,-1,15,12,10,0,37,0,0,0,0
146.0008,3,0,5,1,0,0,0,-1,0,2.0000,-1,15,12,10,0,37,0,0,0,0
146.0199,3,0,5,1,0,0,0,-1,0,2.0000,-1,15,12,10,0,37,0,0,0,0
146.041,3,0,5,1,0,0,0,-1,0,2.0000,-1,15,12,10,0,37,0,0,0,0
146.0624,3,0,5,1,0,0,0,-1,0,2.0000,-1,15,12,10,0,37,0,0,0,0
146.0825,3,0,5,1,0,0,0,-1,0,2.0000,-1,15,12,10,0,37,0,0,0,0
146.1047,3,0,5,1,0,0,0,-1,0,2.0000,-1,15,12,10,0,37,0,0,0,0
146.1272,3,0,5,1,0,0,0,-1,0,2.0000,-1,15,12,10,0,37,0,0,0,0
146.1474,3,0,5,1,0,0,0,-1,0,2.0000,-1,15,12,10,0,37,0,0,0,0
146.168,3,0,5,1,0,0,0,-1,0,2.0000,-1,15,12,10,0,37,0,0,0,0
146.187,3,0,5,1,0,0,0,-1,0,2.0000,-1,15,12,10,0,37,0,0,0,0
146.212,3,0,5,1,0,0,0,-1,0,2.0000,-1,15,12,10,0,37,0,0,0,0
146.233,3,0,5,1,0,0,0,-1,0,2.0000,-1,15,12,10,0,37,0,0,0,0
146.2544,3,0,5,1,0,0,0,-1,0,2.0000,-1,15,12,10,0,37,0,0,0,0
146.2763,3,0,5,1,0,0,0,-1,0,2.0000,-1,15,12,10,0,37,0,0,0,0
146.2972,3,0,5,1,0,0,0,-1,0,2.0000,-1,15,12,10,0,37,0,0,0,0
146.3183,3,0,5,1,0,0,0,-1,0,2.0000,-1,15,12,10,0,37,0,0,0,0
146.3406,3,0,5,1,0,0,0,-1,0,2.0000,-1,15,12,10,0,37,0,0,0,0
146.3615,3,0,5,1,0,0,0,-1,0,1.0000,-1,15,12,10,0,37,0,0,0,0
146.3813,3,0,5,1,0,0,0,-1,0,1.0000,-1,15,12,10,0,37,0,0,0,0
146.4222,3,0,5,1,0,0,0,-1,0,1.0000,-1,15,12,10,0,37,0,0,0,0
146.4369,3,0,5,1,0,0,0,-1,0,1.0000,-1,15,12,10,0,37,0,0,0,0
146.4519,3,0,5,0,0,0,0,-1,0,1.0000,-1,15,12,10,0,37,0,0,0,0
146.4737,3,0,5,0,0,0,0,-1,1,2.0000,-1,15,12,10,0,37,0,0,0,0
146.4948,3,0,5,0,0,0,0,-1,0,2.0000,-1,15,12,10,0,37,0,0,0,0
146.5162,3,0,5,0,0,0,1,141,0,2.0000,-1,15,12,10,0,37,0,0,0,0
146.5377,3,0,5,0,0,0,1,141,0,2.0000,-1,15,12,10,0,37,0,0,0,0
146.557,3,0,5,0,0,0,1,141,0,2.0000,-1,15,12,10,0,37,0,0,0,0
146.581,3,0,5,0,0,0,0,-1,0,2.0000,-1,15,12,10,0,37,0,0,0,0
146.6012,3,0,5,0,0,0,0,-1,0,1.0000,-1,15,12,10,0,37,0,0,0,0
146.6433,3,0,5,0,0,0,0,-1,0,1.0000,-1,15,12,10,0,37,0,0,0,0
146.6632,3,0,5,0,0,0,0,-1,0,1.0000,-1,15,12,10,0,37,0,0,0,0
146.6799,3,0,5,0,0,0,0,-1,0,1.0000,-1,15,12,10,0,37,0,0,0,0
146.6959,3,0,5,0,0,0,0,-1,0,1.0000,-1,15,12,10,0,37,0,0,0,0
146.714,3,0,5,0,0,0,0,-1,0,1.0000,-1,15,12,10,0,37,0,0,0,0
146.7369,3,0,5,0,0,0,0,-1,0,1.0000,-1,15,12,10,0,37,0,0,0,0
146.7574,3,0,5,0,0,0,1,142,0,1.0000,-1,15,12,10,0,37,0,0,0,0
146.7801,3,0,5,0,0,0,1,142,0,1.0000,-1,15,12,10,0,37,0,0,0,0
146.8042,3,0,5,0,0,0,1,142,0,1.0000,-1,15,12,10,0,37,0,0,0,0
146.8441,3,0,5,0,0,0,1,142,0,1.0000,-1,15,12,10,0,37,0,0,0,0
146.8591,3,0,5,0,0,0,1,142,0,1.0000,-1,15,12,10,0,37,0,0,0,0
146.8729,3,0,5,0,0,0,1,142,0,1.0000,-1,15,12,10,0,37,0,0,0,0
146.8926,3,0,5,0,0,0,1,142,0,1.0000,-1,15,12,10,0,37,0,0,0,0
146.9156,3,0,5,0,0,0,1,142,0,1.0000,-1,15,12,10,0,37,0,0,0,0
146.9363,3,0,5,0,0,0,1,142,1,2.0000,-1,15,12,10,0,37,0,0,0,0
146.9613,3,0,5,0,0,0,1,142,0,2.0000,-1,15,12,10,0,37,0,0,0,0
146.9803,3,0,5,0,0,0,1,142,0,2.0000,-1,15,12,10,0,37,0,0,0,0
147.0037,3,0,5,0,0,0,1,142,0,2.0000,-1,15,12,10,0,37,0,0,0,0
147.0256,3,0,5,0,0,0,1,142,0,2.0000,-1,15,12,10,0,37,0,0,0,0
147.0449,3,0,5,0,0,0,1,142,0,2.0000,-1,15,12,10,0,37,0,0,0,0
147.0681,3,0,5,0,0,0,1,142,0,2.0000,-1,15,12,10,0,37,0,0,0,0
147.0899,3,0,5,0,0,0,1,142,0,2.0000,-1,15,12,10,0,37,0,0,0,0
147.1117,3,0,5,0,0,0,1,142,0,2.0000,-1,15,12,10,0,37,0,0,0,0
147.1327,3,0,5,0,0,0,1,142,0,2.0000,-1,15,12,10,0,37,0,0,0,0
147.1552,3,0,5,0,0,0,1,142,0,2.0000,-1,15,12,10,0,37,0,0,0,0
147.1781,3,0,5,0,0,0,1,142,0,2.0000,-1,15,12,10,0,37,0,0,0,0
147.2,3,0,5,0,0,0,1,142,1,3.0000,-1,15,12,10,0,37,0,0,0,0
147.2235,3,0,5,0,0,0,1,142,0,3.0000,-1,15,12,10,0,37,0,0,0,0
147.2404,3,0,5,0,0,0,0,-1,0,3.0000,-1,15,12,10,0,37,0,0,0,0
147.2624,3,0,5,0,0,0,0,-1,0,3.0000,-1,15,12,10,0,37,0,0,0,0
147.2866,3,0,5,0,0,0,0,-1,0,3.0000,-1,15,12,10,0,37,0,0,0,0
147.3076,3,0,5,0,0,0,0,-1,0,3.0000,-1,15,12,10,0,37,0,0,0,0
147.3308,3,0,5,0,0,0,0,-1,0,3.0000,-1,15,12,10,0,37,0,0,0,0
147.3524,3,0,5,0,0,0,0,-1,0,3.0000,-1,15,12,10,0,37,0,0,0,0
147.3743,3,0,5,0,0,0,0,-1,1,4.0000,-1,15,12,10,0,37,0,0,0,0
147.3951,3,0,5,0,0,0,0,-1,0,4.0000,-1,15,12,10,0,37,0,0,0,0
147.4176,3,0,5,0,0,0,0,-1,0,4.0000,-1,15,12,10,0,37,0,0,0,0
147.4395,3,0,5,0,0,0,0,-1,0,4.0000,-1,15,12,10,0,37,0,0,0,0
147.4771,3,0,5,0,0,0,0,-1,0,3.0000,-1,15,12,10,0,37,0,0,0,0
147.489,3,0,5,0,0,0,0,-1,0,3.0000,-1,15,12,10,0,37,0,0,0,0
147.5046,3,0,5,0,0,0,0,-1,0,3.0000,-1,15,12,10,0,37,0,0,0,0
147.5285,3,0,5,0,0,0,0,-1,0,3.0000,-1,15,12,10,0,37,0,0,0,0
147.5522,3,0,5,0,0,0,0,-1,0,3.0000,-1,15,12,10,0,37,0,0,0,0
147.5724,3,0,5,0,0,0,0,-1,0,3.0000,-1,15,12,10,0,37,0,0,0,0
147.5943,3,0,5,0,0,0,0,-1,0,3.0000,-1,15,12,10,0,37,0,0,0,0
147.6152,3,0,5,0,0,0,0,-1,0,3.0000,-1,15,12,10,0,37,0,0,0,0
147.6359,3,0,5,0,0,0,0,-1,0,3.0000,-1,15,12,10,0,37,0,0,0,0
147.6572,3,0,5,0,0,0,0,-1,0,3.0000,-1,15,12,10,0,37,0,0,0,0
147.6976,3,0,5,0,0,0,0,-1,0,3.0000,-1,15,12,10,0,37,0,0,0,0
147.716,3,0,5,0,0,0,0,-1,0,3.0000,-1,15,12,10,0,37,0,0,0,0
147.7333,3,0,5,0,0,0,0,-1,0,3.0000,-1,15,12,10,0,37,0,0,0,0
147.7488,3,0,5,0,0,0,0,-1,0,3.0000,-1,15,12,10,0,37,0,0,0,0
147.7673,3,0,5,0,0,0,0,-1,0,3.0000,-1,15,12,10,0,37,0,0,0,0
147.7882,3,0,5,0,0,0,0,-1,0,3.0000,-1,15,12,10,0,37,0,0,0,0
147.8099,3,0,5,0,0,0,0,-1,0,3.0000,-1,15,12,10,0,37,0,0,0,0
147.8312,3,0,5,0,0,0,0,-1,0,3.0000,-1,15,12,10,0,37,0,0,0,0
147.8525,3,0,5,0,0,0,0,-1,0,3.0000,-1,15,12,10,0,37,0,0,0,0
147.8743,3,0,5,0,0,0,0,-1,0,3.0000,-1,15,12,10,0,37,0,0,0,0
147.9141,3,0,5,0,0,0,0,-1,0,3.0000,-1,15,12,10,0,37,0,0,0,0
147.9288,3,0,5,0,0,0,0,-1,0,3.0000,-1,15,12,10,0,37,0,0,0,0
147.9458,3,0,5,0,0,0,0,-1,0,2.0000,-1,15,12,10,0,37,0,0,0,0
147.9637,3,0,5,0,0,0,0,-1,0,2.0000,-1,15,12,10,0,37,0,0,0,0
147.9879,3,0,5,0,0,0,1,143,0,2.0000,-1,15,12,10,0,37,0,0,0,0
148.0065,3,0,5,0,0,0,1,143,0,2.0000,-1,15,12,10,0,37,0,0,0,0
148.0299,3,0,5,0,0,0,1,143,0,2.0000,-1,15,12,10,0,37,0,0,0,0
148.0501,3,0,5,0,0,0,1,143,0,2.0000,-1,15,12,10,0,37,0,0,0,0
148.0702,3,0,5,0,0,0,1,143,0,2.0000,-1,15,12,10,0,37,0,0,0,0
148.0913,3,0,5,0,0,0,1,143,0,2.0000,-1,15,12,10,0,37,0,0,0,0
148.131,3,0,5,0,0,0,1,143,0,2.0000,-1,15,12,10,0,37,0,0,0,0
148.1471,3,0,5,0,0,0,1,143,0,2.0000,-1,15,12,10,0,37,0,0,0,0
148.1647,3,0,5,0,0,0,1,143,0,2.0000,-1,15,12,10,0,37,0,0,0,0
148.1809,3,0,5,0,0,0,1,143,0,2.0000,-1,15,12,10,0,37,0,0,0,0
148.2008,3,0,5,0,0,0,1,143,0,1.0000,-1,15,12,10,0,37,0,0,0,0
148.2184,3,0,5,0,0,0,1,143,0,1.0000,-1,15,12,10,0,37,0,0,0,0
148.2434,3,0,5,0,0,0,1,143,0,1.0000,-1,15,12,10,0,37,0,0,0,0
148.2638,3,0,5,0,0,0,1,143,0,1.0000,-1,15,12,10,0,37,0,0,0,0
148.2831,3,0,5,0,0,0,0,-1,0,1.0000,143,15,12,11,0,38,0,0,0,0
148.3045,3,0,5,0,0,0,0,-1,0,1.0000,-1,15,12,11,0,38,0,0,0,0
148.344,3,0,5,0,0,0,0,-1,0,1.0000,-1,15,12,11,0,38,0,0,0,0
148.3604,3,0,5,0,0,0,0,-1,0,1.0000,-1,15,12,11,0,38,0,0,0,0
148.3761,3,0,5,0,0,0,0,-1,0,0.0000,-1,15,12,11,0,38,0,0,0,0
148.3921,3,0,5,0,0,0,0,-1,0,0.0000,-1,15,12,11,0,38,0,0,0,0
148.413,3,0,5,0,0,0,0,-1,0,0.0000,-1,15,12,11,0,38,0,0,0,0
148.4334,3,0,5,0,0,0,0,-1,0,0.0000,-1,15,12,11,0,38,0,0,0,0
148.452,3,0,5,0,0,0,0,-1,0,0.0000,-1,15,12,11,0,38,0,0,0,0
148.4781,3,0,5,0,0,0,0,-1,0,0.0000,-1,15,12,11,0,38,0,0,0,0
148.4995,3,0,5,0,0,0,0,-1,0,0.0000,-1,15,12,11,0,38,0,0,0,0
148.5223,3,0,5,0,0,0,0,-1,0,0.0000,-1,15,12,11,0,38,0,0,0,0
148.5453,3,0,5,0,0,0,0,-1,0,0.0000,-1,15,12,11,0,38,0,0,0,0
148.5671,3,0,5,0,0,0,0,-1,0,0.0000,-1,15,12,11,0,38,0,0,0,0
148.5892,3,0,5,0,0,0,0,-1,0,0.0000,-1,15,12,11,0,38,0,0,0,0
148.6107,3,0,5,0,0,0,0,-1,0,0.0000,-1,15,12,11,0,38,0,0,0,0
148.633,3,0,5,0,0,0,0,-1,0,0.0000,-1,15,12,11,0,38,0,0,0,0
148.657,3,0,5,0,0,0,0,-1,0,0.0000,-1,15,12,11,0,38,0,0,0,0
148.678,3,0,5,0,0,0,0,-1,0,0.0000,-1,15,12,11,0,38,0,0,0,0
148.7011,3,0,5,0,0,0,0,-1,0,0.0000,-1,15,12,11,0,38,0,0,0,0
148.7216,3,0,5,0,0,0,0,-1,0,0.0000,-1,15,12,11,0,38,0,0,0,0
148.7458,3,0,5,0,0,0,0,-1,1,1.0000,-1,15,12,11,0,38,0,0,0,0
148.7651,3,0,5,0,0,0,0,-1,0,1.0000,-1,15,12,11,0,38,0,0,0,0
148.7883,3,0,5,0,0,0,0,-1,0,1.0000,-1,15,12,11,0,38,0,0,0,0
148.81,3,0,5,0,0,0,0,-1,0,1.0000,-1,15,12,11,0,38,0,0,0,0
148.8315,3,0,5,0,0,0,0,-1,0,1.0000,-1,15,12,11,0,38,0,0,0,0
148.8528,3,0,5,0,0,0,0,-1,0,1.0000,-1,15,12,11,0,38,0,0,0,0
148.8744,3,0,5,0,0,0,0,-1,0,1.0000,-1,15,12,11,0,38,0,0,0,0
148.8954,3,0,5,0,0,0,0,-1,0,1.0000,-1,15,12,11,0,38,0,0,0,0
148.9167,3,0,5,0,0,0,0,-1,0,1.0000,-1,15,12,11,0,38,0,0,0,0
148.9395,3,0,5,0,0,0,0,-1,0,1.0000,-1,15,12,11,0,38,0,0,0,0
148.9599,3,0,5,0,0,0,0,-1,0,1.0000,-1,15,12,11,0,38,0,0,0,0
148.981,3,0,5,0,0,0,0,-1,0,1.0000,-1,15,12,11,0,38,0,0,0,0
149.0029,3,0,5,0,0,0,0,-1,0,1.0000,-1,15,12,11,0,38,0,0,0,0
149.0215,3,0,5,0,0,0,0,-1,0,1.0000,-1,15,12,11,0,38,0,0,0,0
149.0454,3,0,5,0,0,0,0,-1,0,1.0000,-1,15,12,11,0,38,0,0,0,0
149.0674,3,0,5,0,0,0,0,-1,0,1.0000,-1,15,12,11,0,38,0,0,0,0
149.0866,3,0,5,0,0,0,0,-1,0,1.0000,-1,15,12,11,0,38,0,0,0,0
149.1098,3,0,5,0,0,0,0,-1,0,1.0000,-1,15,12,11,0,38,0,0,0,0
149.1291,3,0,5,0,0,0,0,-1,0,1.0000,-1,15,12,11,0,38,0,0,0,0
149.1511,3,0,5,0,0,0,0,-1,0,1.0000,-1,15,12,11,0,38,0,0,0,0
149.1707,3,0,5,0,0,0,0,-1,0,1.0000,-1,15,12,11,0,38,0,0,0,0
149.1905,3,0,5,0,0,0,0,-1,0,1.0000,-1,15,12,11,0,38,0,0,0,0
149.2129,3,0,5,0,0,0,0,-1,0,1.0000,-1,15,12,11,0,38,0,0,0,0
149.2326,3,0,5,0,0,0,0,-1,0,1.0000,-1,15,12,11,0,38,0,0,0,0
149.2544,3,0,5,0,0,0,0,-1,0,1.0000,-1,15,12,11,0,38,0,0,0,0
149.2761,3,0,5,0,0,0,0,-1,0,1.0000,-1,15,12,11,0,38,0,0,0,0
149.2969,3,0,5,0,0,0,0,-1,0,1.0000,-1,15,12,11,0,38,0,0,0,0
149.3179,3,0,5,0,0,0,0,-1,0,1.0000,-1,15,12,11,0,38,0,0,0,0
149.3393,3,0,5,0,0,0,0,-1,0,1.0000,-1,15,12,11,0,38,0,0,0,0
149.3597,3,0,5,0,0,0,0,-1,0,1.0000,-1,15,12,11,0,38,0,0,0,0
149.3809,3,0,5,0,0,0,0,-1,0,1.0000,-1,15,12,11,0,38,0,0,0,0
149.4201,3,0,5,0,0,0,0,-1,0,1.0000,-1,15,12,11,0,38,0,0,0,0
149.4386,3,0,5,0,0,0,0,-1,0,1.0000,-1,15,12,11,0,38,0,0,0,0
149.4539,3,0,5,0,0,0,0,-1,0,1.0000,-1,15,12,11,0,38,0,0,0,0
149.469,3,0,5,0,0,0,0,-1,0,1.0000,-1,15,12,11,0,38,0,0,0,0
149.4874,3,0,5,0,0,0,0,-1,0,1.0000,-1,15,12,11,0,38,0,0,0,0
149.5106,3,0,5,0,0,0,0,-1,0,1.0000,-1,15,12,11,0,38,0,0,0,0
149.5339,3,0,5,0,0,0,0,-1,0,1.0000,-1,15,12,11,0,38,0,0,0,0
149.5531,3,0,5,0,0,0,0,-1,0,1.0000,-1,15,12,11,0,38,0,0,0,0
149.5757,3,0,5,0,0,0,0,-1,0,1.0000,-1,15,12,11,0,38,0,0,0,0
149.5966,3,0,5,0,0,0,0,-1,0,1.0000,-1,15,12,11,0,38,0,0,0,0
149.6173,3,0,5,0,0,0,0,-1,0,1.0000,-1,15,12,11,0,38,0,0,0,0
149.6382,3,0,5,0,0,0,0,-1,0,1.0000,-1,15,12,11,0,38,0,0,0,0
149.6596,3,0,5,0,0,0,0,-1,0,1.0000,-1,15,12,11,0,38,0,0,0,0
149.6805,3,0,5,0,0,0,0,-1,0,1.0000,-1,15,12,11,0,38,0,0,0,0
149.702,3,0,5,0,0,0,0,-1,0,1.0000,-1,15,12,11,0,38,0,0,0,0
149.7246,3,0,5,0,0,0,0,-1,0,1.0000,-1,15,12,11,0,38,0,0,0,0
149.7433,3,0,5,0,0,0,0,-1,1,2.0000,-1,15,12,11,0,38,0,0,0,0
149.768,3,0,5,0,0,0,0,-1,0,1.0000,-1,15,12,11,0,38,0,0,0,0
149.7878,3,0,5,0,0,0,0,-1,0,1.0000,-1,15,12,11,0,38,0,0,0,0
149.8096,3,0,5,0,0,0,0,-1,0,1.0000,-1,15,12,11,0,38,0,0,0,0
149.8306,3,0,5,0,0,0,0,-1,0,1.0000,-1,15,12,11,0,38,0,0,0,0
149.8512,3,0,5,0,0,0,0,-1,0,1.0000,-1,15,12,11,0,38,0,0,0,0
149.8723,3,0,5,0,0,0,0,-1,0,1.0000,-1,15,12,11,0,38,0,0,0,0
149.8922,3,0,5,0,0,0,0,-1,0,1.0000,-1,15,12,11,0,38,0,0,0,0
149.9112,3,0,5,0,0,0,0,-1,0,1.0000,-1,15,12,11,0,38,0,0,0,0
149.9321,3,0,5,0,0,0,0,-1,0,1.0000,-1,15,12,11,0,38,0,0,0,0
149.954,3,0,5,0,0,0,0,-1,0,1.0000,-1,15,12,11,0,38,0,0,0,0
149.973,3,0,5,0,0,0,0,-1,0,1.0000,-1,15,12,11,0,38,0,0,0,0
149.9918,3,0,5,0,0,0,0,-1,0,1.0000,-1,15,12,11,0,38,0,0,0,0
150.0148,3,0,5,0,0,0,0,-1,0,1.0000,-1,15,12,11,0,38,0,0,0,0
150.0333,3,0,5,0,0,0,0,-1,0,1.0000,-1,15,12,11,0,38,0,0,0,0
150.0535,3,0,5,0,0,0,0,-1,0,1.0000,-1,15,12,11,0,38,0,0,0,0
150.0744,3,0,5,0,0,0,0,-1,0,1.0000,-1,15,12,11,0,38,0,0,0,0
150.0942,3,0,5,0,0,0,0,-1,0,1.0000,-1,15,12,11,0,38,0,0,0,0
150.1153,3,0,5,0,0,0,0,-1,0,1.0000,-1,15,12,11,0,38,0,0,0,0
150.1353,3,0,5,0,0,0,0,-1,0,1.0000,-1,15,12,11,0,38,0,0,0,0
150.1543,3,0,5,0,0,0,0,-1,0,1.0000,-1,15,12,11,0,38,0,0,0,0
150.1756,3,0,5,0,0,0,0,-1,0,1.0000,-1,15,12,11,0,38,0,0,0,0
150.1968,3,0,5,0,0,0,0,-1,0,1.0000,-1,15,12,11,0,38,0,0,0,0
150.218,3,0,5,0,0,0,0,-1,0,1.0000,-1,15,12,11,0,38,0,0,0,0
150.2563,3,0,5,0,0,0,0,-1,0,1.0000,-1,15,12,11,0,38,0,0,0,0
150.2701,3,0,5,0,0,0,0,-1,0,1.0000,-1,15,12,11,0,38,0,0,0,0
150.2839,3,0,5,0,0,0,0,-1,0,1.0000,-1,15,12,11,0,38,0,0,0,0
150.3039,3,0,5,0,0,0,0,-1,0,1.0000,-1,15,12,11,0,38,0,0,0,0
150.3236,3,0,5,0,0,0,0,-1,0,1.0000,-1,15,12,11,0,38,0,0,0,0
150.3451,3,0,5,0,0,0,0,-1,0,1.0000,-1,15,12,11,0,38,0,0,0,0
150.3652,3,0,5,0,0,0,0,-1,0,1.0000,-1,15,12,11,0,38,0,0,0,0
150.3851,3,0,5,0,0,0,0,-1,0,1.0000,-1,15,12,11,0,38,0,0,0,0
150.4054,3,0,5,0,0,0,0,-1,0,1.0000,-1,15,12,11,0,38,0,0,0,0
150.4243,3,0,5,0,0,0,0,-1,0,1.0000,-1,15,12,11,0,38,0,0,0,0
150.4445,3,0,5,0,0,0,0,-1,0,1.0000,-1,15,12,11,0,38,0,0,0,0
150.4656,3,0,5,0,0,0,0,-1,0,1.0000,-1,15,12,11,0,38,0,0,0,0
150.4877,3,0,5,0,0,0,0,-1,0,1.0000,-1,15,12,11,0,38,0,0,0,0
150.5053,3,0,5,0,0,0,1,148,0,1.0000,-1,15,12,11,0,38,0,0,0,0
150.5258,3,0,5,0,0,0,1,148,1,2.0000,-1,15,12,11,0,38,0,0,0,0
150.5453,3,0,5,0,0,0,1,148,0,2.0000,-1,15,12,11,0,38,0,0,0,0
150.5661,3,0,5,0,0,0,0,-1,0,2.0000,-1,15,12,11,0,38,0,0,0,0
150.5931,3,0,5,0,0,0,0,-1,0,2.0000,-1,15,12,11,0,38,0,0,0,0
150.6087,3,0,5,0,0,0,0,-1,0,2.0000,-1,15,12,11,0,38,0,0,0,0
150.6313,3,0,5,0,0,0,0,-1,0,2.0000,-1,15,12,11,0,38,0,0,0,0
150.6537,3,0,5,0,0,0,0,-1,0,2.0000,-1,15,12,11,0,38,0,0,0,0
150.6732,3,0,5,0,0,0,0,-1,0,2.0000,-1,15,12,11,0,38,0,0,0,0
150.6945,3,0,5,0,0,0,0,-1,0,2.0000,-1,15,12,11,0,38,0,0,0,0
150.7169,3,0,5,0,0,0,0,-1,0,2.0000,-1,15,12,11,0,38,0,0,0,0
150.7382,3,0,5,0,0,0,0,-1,0,2.0000,-1,15,12,11,0,38,0,0,0,0
150.7569,3,0,5,0,0,0,0,-1,0,1.0000,-1,15,12,11,0,38,0,0,0,0
150.7761,3,0,5,0,0,0,0,-1,0,1.0000,-1,15,12,11,0,38,0,0,0,0
150.7975,3,0,5,0,0,0,0,-1,0,1.0000,-1,15,12,11,0,38,0,0,0,0
150.819,3,0,5,0,0,0,0,-1,0,1.0000,-1,15,12,11,0,38,0,0,0,0
150.8405,3,0,5,0,0,0,0,-1,0,1.0000,-1,15,12,11,0,38,0,0,0,0
150.8777,3,0,5,0,0,0,0,-1,0,1.0000,-1,15,12,11,0,38,0,0,0,0
150.8912,3,0,5,0,0,0,0,-1,0,1.0000,-1,15,12,11,0,38,0,0,0,0
150.9063,3,0,5,0,0,0,0,-1,0,1.0000,-1,15,12,11,0,38,0,0,0,0
150.9244,3,0,5,0,0,0,0,-1,0,1.0000,-1,15,12,11,0,38,0,0,0,0
150.9478,3,0,5,0,0,0,0,-1,0,1.0000,-1,15,12,11,0,38,0,0,0,0
150.9687,3,0,5,0,0,0,0,-1,0,1.0000,-1,15,12,11,0,38,0,0,0,0
150.9855,3,0,5,0,0,0,1,152,0,1.0000,-1,15,12,11,0,38,0,0,0,0
151.0089,3,0,5,0,0,0,1,152,0,1.0000,-1,15,12,11,0,38,0,0,0,0
151.0289,3,0,5,0,0,0,1,152,0,1.0000,-1,15,12,11,0,38,0,0,0,0
151.0476,3,0,5,0,0,0,1,152,0,1.0000,-1,15,12,11,0,38,0,0,0,0
151.0675,3,0,5,0,0,0,1,152,0,1.0000,-1,15,12,11,0,38,0,0,0,0
151.0882,3,0,5,0,0,0,1,152,0,1.0000,-1,15,12,11,0,38,0,0,0,0
151.1097,3,0,5,0,0,0,1,152,0,1.0000,-1,15,12,11,0,38,0,0,0,0
151.1322,3,0,5,0,0,0,1,152,0,1.0000,-1,15,12,11,0,38,0,0,0,0
151.1523,3,0,5,0,0,0,1,152,0,1.0000,-1,15,12,11,0,38,0,0,0,0
151.2567,3,0,5,0,0,0,1,152,0,1.0000,-1,15,12,11,0,38,0,0,0,0
151.2922,3,0,5,0,0,0,1,152,0,1.0000,-1,15,12,11,0,38,0,0,0,0
151.3031,3,0,5,0,0,0,1,152,0,1.0000,-1,15,12,11,0,38,0,0,0,0
151.3193,3,0,5,0,0,0,1,152,0,1.0000,-1,15,12,11,0,38,0,0,0,0
151.3394,3,0,5,0,0,0,1,152,0,1.0000,-1,15,12,11,0,38,0,0,0,0
151.3616,3,0,5,0,0,0,1,152,0,1.0000,-1,15,12,11,0,38,0,0,0,0
151.386,3,0,5,0,0,0,1,152,1,2.0000,-1,15,12,11,0,38,0,0,0,0
151.4056,3,0,5,0,0,0,1,152,0,2.0000,-1,15,12,11,0,38,0,0,0,0
151.4265,3,0,5,0,0,0,0,-1,0,2.0000,-1,15,12,11,0,38,0,0,0,0
151.4467,3,0,5,0,0,0,0,-1,0,2.0000,-1,15,12,11,0,38,0,0,0,0
151.4673,3,0,5,0,0,0,0,-1,0,2.0000,-1,15,12,11,0,38,0,0,0,0
151.4874,3,0,5,0,0,0,0,-1,0,2.0000,-1,15,12,11,0,38,0,0,0,0
151.5076,3,0,5,0,0,0,0,-1,0,2.0000,-1,15,12,11,0,38,0,0,0,0
151.5294,3,0,5,0,0,0,0,-1,0,1.0000,-1,15,12,11,0,38,0,0,0,0
151.5498,3,0,5,0,0,0,0,-1,0,1.0000,-1,15,12,11,0,38,0,0,0,0
151.5706,3,0,5,0,0,0,0,-1,0,1.0000,152,15,12,12,0,39,0,0,0,0
151.591,3,0,5,0,0,0,0,-1,0,1.0000,-1,15,12,12,0,39,0,0,0,0
151.612,3,0,5,0,0,0,0,-1,0,1.0000,-1,15,12,12,0,39,0,0,0,0
151.6335,3,0,5,0,0,0,0,-1,0,1.0000,-1,15,12,12,0,39,0,0,0,0
151.6552,3,0,5,0,0,0,0,-1,0,1.0000,-1,15,12,12,0,39,0,0,0,0
151.6758,3,0,5,0,0,0,0,-1,0,1.0000,-1,15,12,12,0,39,0,0,0,0
151.7173,3,0,5,0,0,0,0,-1,0,1.0000,-1,15,12,12,0,39,0,0,0,0
151.7357,3,0,5,0,0,0,0,-1,0,1.0000,-1,15,12,12,0,39,0,0,0,0
151.753,3,0,5,0,0,0,0,-1,0,1.0000,-1,15,12,12,0,39,0,0,0,0
151.7679,3,0,5,0,0,0,0,-1,0,1.0000,-1,15,12,12,0,39,0,0,0,0
151.8689,3,0,5,0,0,0,0,-1,0,1.0000,-1,15,12,12,0,39,0,0,0,0
151.8955,3,0,5,0,0,0,0,-1,0,1.0000,-1,15,12,12,0,39,0,0,0,0
151.9165,3,0,5,0,0,0,0,-1,0,1.0000,-1,15,12,12,0,39,0,0,0,0
151.9365,3,0,5,0,0,0,0,-1,0,1.0000,-1,15,12,12,0,39,0,0,0,0
151.9593,3,0,5,0,0,0,0,-1,0,1.0000,-1,15,12,12,0,39,0,0,0,0
151.9796,3,0,5,0,0,0,0,-1,0,1.0000,-1,15,12,12,0,39,0,0,0,0
152.0002,3,0,5,0,0,0,0,-1,0,1.0000,-1,15,12,12,0,39,0,0,0,0
152.021,3,0,5,0,0,0,0,-1,0,1.0000,-1,15,12,12,0,39,0,0,0,0
152.0417,3,0,5,0,0,0,0,-1,0,1.0000,-1,15,12,12,0,39,0,0,0,0
152.0625,3,0,5,0,0,0,0,-1,0,1.0000,-1,15,12,12,0,39,0,0,0,0
152.0845,3,0,5,0,0,0,0,-1,0,1.0000,-1,15,12,12,0,39,0,0,0,0
152.1067,3,0,5,0,0,0,0,-1,0,1.0000,-1,15,12,12,0,39,0,0,0,0
152.1287,3,0,5,0,0,0,0,-1,0,1.0000,-1,15,12,12,0,39,0,0,0,0
152.149,3,0,5,0,0,0,0,-1,0,1.0000,-1,15,12,12,0,39,0,0,0,0
152.1699,3,0,5,0,0,0,0,-1,0,1.0000,-1,15,12,12,0,39,0,0,0,0
152.1913,3,0,5,0,0,0,0,-1,0,1.0000,-1,15,12,12,0,39,0,0,0,0
152.2121,3,0,5,0,0,0,0,-1,0,1.0000,-1,15,12,12,0,39,0,0,0,0
152.2352,3,0,5,0,0,0,0,-1,0,1.0000,-1,15,12,12,0,39,0,0,0,0
152.2576,3,0,5,0,0,0,0,-1,0,1.0000,-1,15,12,12,0,39,0,0,0,0
152.2786,3,0,5,0,0,0,0,-1,0,1.0000,-1,15,12,12,0,39,0,0,0,0
152.3014,3,0,5,0,0,0,0,-1,0,1.0000,-1,15,12,12,0,39,0,0,0,0
152.3231,3,0,5,0,0,0,0,-1,0,1.0000,-1,15,12,12,0,39,0,0,0,0
152.365,3,0,5,0,0,0,0,-1,0,1.0000,-1,15,12,12,0,39,0,0,0,0
152.3857,3,0,5,0,0,0,0,-1,0,1.0000,-1,15,12,12,0,39,0,0,0,0
152.401,3,0,5,0,0,0,0,-1,0,0.0000,-1,15,12,12,0,39,0,0,0,0
152.4164,3,0,5,0,0,0,0,-1,0,0.0000,-1,15,12,12,0,39,0,0,0,0
152.4325,3,0,5,0,0,0,0,-1,0,0.0000,-1,15,12,12,0,39,0,0,0,0
152.4563,3,0,5,0,0,0,0,-1,0,0.0000,-1,15,12,12,0,39,0,0,0,0
152.4758,3,0,5,0,0,0,0,-1,0,0.0000,-1,15,12,12,0,39,0,0,0,0
152.4985,3,0,5,0,0,0,0,-1,0,0.0000,-1,15,12,12,0,39,0,0,0,0
152.5216,3,0,5,0,0,0,0,-1,0,0.0000,-1,15,12,12,0,39,0,0,0,0
152.5435,3,0,5,0,0,0,0,-1,0,0.0000,-1,15,12,12,0,39,0,0,0,0
152.5621,3,0,5,0,0,0,0,-1,0,0.0000,-1,15,12,12,0,39,0,0,0,0
152.5831,3,0,5,0,0,0,0,-1,0,0.0000,-1,15,12,12,0,39,0,0,0,0
152.6076,3,0,5,0,0,0,0,-1,0,0.0000,-1,15,12,12,0,39,0,0,0,0
152.6261,3,0,5,0,0,0,0,-1,0,0.0000,-1,15,12,12,0,39,0,0,0,0
152.6485,3,0,5,0,0,0,0,-1,0,0.0000,-1,15,12,12,0,39,0,0,0,0
152.6699,3,0,5,0,0,0,0,-1,0,0.0000,-1,15,12,12,0,39,0,0,0,0
152.6911,3,0,5,0,0,0,0,-1,0,0.0000,-1,15,12,12,0,39,0,0,0,0
152.7137,3,0,5,0,0,0,0,-1,0,0.0000,-1,15,12,12,0,39,0,0,0,0
152.7343,3,0,5,0,0,0,0,-1,0,0.0000,-1,15,12,12,0,39,0,0,0,0
152.7564,3,0,5,0,0,0,0,-1,0,0.0000,-1,15,12,12,0,39,0,0,0,0
152.7987,3,0,5,0,0,0,0,-1,0,0.0000,-1,15,12,12,0,39,0,0,0,0
152.8177,3,0,5,0,0,0,0,-1,0,0.0000,-1,15,12,12,0,39,0,0,0,0
152.8357,3,0,5,0,0,0,0,-1,0,0.0000,-1,15,12,12,0,39,0,0,0,0
152.8537,3,0,5,0,0,0,0,-1,0,0.0000,-1,15,12,12,0,39,0,0,0,0
152.8727,3,0,5,0,0,0,0,-1,0,0.0000,-1,15,12,12,0,39,0,0,0,0
152.8989,3,0,5,0,0,0,0,-1,0,0.0000,-1,15,12,12,0,39,0,0,0,0
152.9211,3,0,5,0,0,0,0,-1,0,0.0000,-1,15,12,12,0,39,0,0,0,0
152.9427,3,0,5,0,0,0,0,-1,0,0.0000,-1,15,12,12,0,39,0,0,0,0
152.9658,3,0,5,0,0,0,0,-1,0,0.0000,-1,15,12,12,0,39,0,0,0,0
152.9943,3,0,5,0,0,0,0,-1,0,0.0000,-1,15,12,12,0,39,0,0,0,0
153.0151,3,0,5,0,0,0,0,-1,0,0.0000,-1,15,12,12,0,39,0,0,0,0
153.039,3,0,5,0,0,0,0,-1,0,0.0000,-1,15,12,12,0,39,0,0,0,0
153.0605,3,0,5,0,0,0,0,-1,0,0.0000,-1,15,12,12,0,39,0,0,0,0
153.0842,3,0,5,0,0,0,0,-1,0,0.0000,-1,15,12,12,0,39,0,0,0,0
153.1074,3,0,5,0,0,0,0,-1,0,0.0000,-1,15,12,12,0,39,0,0,0,0
153.1296,3,0,5,0,0,0,0,-1,0,0.0000,-1,15,12,12,0,39,0,0,0,0
153.1532,3,0,5,0,0,0,0,-1,0,0.0000,-1,15,12,12,0,39,0,0,0,0
153.1711,3,0,5,0,0,0,0,-1,0,0.0000,-1,15,12,12,0,39,0,0,0,0
153.1943,3,0,5,0,0,0,0,-1,0,0.0000,-1,15,12,12,0,39,0,0,0,0
153.2156,3,0,5,0,0,0,0,-1,0,0.0000,-1,15,12,12,0,39,0,0,0,0
153.2371,3,0,5,0,0,0,0,-1,0,0.0000,-1,15,12,12,0,39,0,0,0,0
153.2584,3,0,5,0,0,0,0,-1,0,0.0000,-1,15,12,12,0,39,0,0,0,0
153.281,3,0,5,0,0,0,0,-1,0,0.0000,-1,15,12,12,0,39,0,0,0,0
153.3025,3,0,5,0,0,0,0,-1,0,0.0000,-1,15,12,12,0,39,0,0,0,0
153.3241,3,0,5,0,0,0,0,-1,0,0.0000,-1,15,12,12,0,39,0,0,0,0
153.3447,3,0,5,0,0,0,0,-1,0,0.0000,-1,15,12,12,0,39,0,0,0,0
153.3659,3,0,5,0,0,0,0,-1,0,0.0000,-1,15,12,12,0,39,0,0,0,0
153.3886,3,0,5,0,0,0,0,-1,0,0.0000,-1,15,12,12,0,39,0,0,0,0
153.4092,3,0,5,0,0,0,0,-1,0,0.0000,-1,15,12,12,0,39,0,0,0,0
153.4315,3,0,5,0,0,0,0,-1,0,0.0000,-1,15,12,12,0,39,0,0,0,0
153.4532,3,0,5,0,0,0,0,-1,0,0.0000,-1,15,12,12,0,39,0,0,0,0
153.4757,3,0,5,0,0,0,0,-1,0,0.0000,-1,15,12,12,0,39,0,0,0,0
153.494,3,0,5,0,0,0,0,-1,0,0.0000,-1,15,12,12,0,39,0,0,0,0
153.5161,3,0,5,0,0,0,0,-1,0,0.0000,-1,15,12,12,0,39,0,0,0,0
153.5369,3,0,5,0,0,0,0,-1,0,0.0000,-1,15,12,12,0,39,0,0,0,0
153.559,3,0,5,0,0,0,0,-1,0,0.0000,-1,15,12,12,0,39,0,0,0,0
153.5814,3,0,5,0,0,0,0,-1,0,0.0000,-1,15,12,12,0,39,0,0,0,0
153.6016,3,0,5,0,0,0,0,-1,0,0.0000,-1,15,12,12,0,39,0,0,0,0
153.6241,3,0,5,0,0,0,0,-1,0,0.0000,-1,15,12,12,0,39,0,0,0,0
153.6441,3,0,5,0,0,0,0,-1,0,0.0000,-1,15,12,12,0,39,0,0,0,0
153.6662,3,0,5,0,0,0,0,-1,0,0.0000,-1,15,12,12,0,39,0,0,0,0
153.6882,3,0,5,0,0,0,0,-1,0,0.0000,-1,15,12,12,0,39,0,0,0,0
153.7092,3,0,5,0,0,0,0,-1,0,0.0000,-1,15,12,12,0,39,0,0,0,0
153.7307,3,0,5,0,0,0,0,-1,0,0.0000,-1,15,12,12,0,39,0,0,0,0
153.7531,3,0,5,0,0,0,0,-1,0,0.0000,-1,15,12,12,0,39,0,0,0,0
153.7744,3,0,5,0,0,0,0,-1,0,0.0000,-1,15,12,12,0,39,0,0,0,0
153.7969,3,0,5,0,0,0,0,-1,0,0.0000,-1,15,12,12,0,39,0,0,0,0
153.8163,3,0,5,0,0,0,0,-1,0,0.0000,-1,15,12,12,0,39,0,0,0,0
153.8558,3,0,5,0,0,0,0,-1,0,0.0000,-1,15,12,12,0,39,0,0,0,0
153.8726,3,0,5,0,0,0,0,-1,0,0.0000,-1,15,12,12,0,39,0,0,0,0
153.8902,3,0,5,0,0,0,0,-1,0,0.0000,-1,15,12,12,0,39,0,0,0,0
153.909,3,0,5,0,0,0,0,-1,0,0.0000,-1,15,12,12,0,39,0,0,0,0
153.9258,3,0,5,0,0,0,0,-1,0,0.0000,-1,15,12,12,0,39,0,0,0,0
153.949,3,0,5,0,0,0,0,-1,0,0.0000,-1,15,12,12,0,39,0,0,0,0
153.9755,3,0,5,0,0,0,0,-1,0,0.0000,-1,15,12,12,0,39,0,0,0,0
153.9921,3,0,5,0,0,0,0,-1,0,0.0000,-1,15,12,12,0,39,0,0,0,0
154.0133,3,0,5,0,0,0,0,-1,0,0.0000,-1,15,12,12,0,39,0,0,0,0
154.037,3,0,5,0,0,0,0,-1,1,1.0000,-1,15,12,12,0,39,0,0,0,0
154.0615,3,0,5,0,0,0,0,-1,0,1.0000,-1,15,12,12,0,39,0,0,0,0
154.0792,3,0,5,0,0,0,0,-1,0,1.0000,-1,15,12,12,0,39,0,0,0,0
154.1025,3,0,5,0,0,0,0,-1,0,1.0000,-1,15,12,12,0,39,0,0,0,0
154.1233,3,0,5,0,0,0,0,-1,0,1.0000,-1,15,12,12,0,39,0,0,0,0
154.1473,3,0,5,0,0,0,0,-1,0,1.0000,-1,15,12,12,0,39,0,0,0,0
154.1659,3,0,5,0,0,0,0,-1,0,1.0000,-1,15,12,12,0,39,0,0,0,0
154.1879,3,0,5,0,0,0,0,-1,0,1.0000,-1,15,12,12,0,39,0,0,0,0
154.2098,3,0,5,0,0,0,0,-1,0,1.0000,-1,15,12,12,0,39,0,0,0,0
154.2307,3,0,5,0,0,0,0,-1,0,1.0000,-1,15,12,12,0,39,0,0,0,0
154.2543,3,0,5,0,0,0,0,-1,0,1.0000,-1,15,12,12,0,39,0,0,0,0
154.2726,3,0,5,0,0,0,0,-1,0,1.0000,-1,15,12,12,0,39,0,0,0,0
154.2926,3,0,5,0,0,0,0,-1,0,1.0000,-1,15,12,12,0,39,0,0,0,0
154.3135,3,0,5,0,0,0,0,-1,0,1.0000,-1,15,12,12,0,39,0,0,0,0
154.3341,3,0,5,0,0,0,0,-1,0,1.0000,-1,15,12,12,0,39,0,0,0,0
154.3551,3,0,5,0,0,0,0,-1,0,1.0000,-1,15,12,12,0,39,0,0,0,0
154.3774,3,0,5,0,0,0,0,-1,0,1.0000,-1,15,12,12,0,39,0,0,0,0
154.3966,3,0,5,0,0,0,0,-1,0,1.0000,-1,15,12,12,0,39,0,0,0,0
154.4191,3,0,5,0,0,0,0,-1,0,1.0000,-1,15,12,12,0,39,0,0,0,0
154.4371,3,0,5,0,0,0,0,-1,0,1.0000,-1,15,12,12,0,39,0,0,0,0
154.4588,3,0,5,0,0,0,0,-1,0,1.0000,-1,15,12,12,0,39,0,0,0,0
154.4785,3,0,5,0,0,0,0,-1,0,1.0000,-1,15,12,12,0,39,0,0,0,0
154.5,3,0,5,0,0,0,0,-1,0,1.0000,-1,15,12,12,0,39,0,0,0,0
154.5198,3,0,5,0,0,0,0,-1,0,1.0000,-1,15,12,12,0,39,0,0,0,0
154.541,3,0,5,0,0,0,0,-1,0,1.0000,-1,15,12,12,0,39,0,0,0,0
154.5626,3,0,5,0,0,0,0,-1,0,1.0000,-1,15,12,12,0,39,0,0,0,0
154.5852,3,0,5,0,0,0,0,-1,0,1.0000,-1,15,12,12,0,39,0,0,0,0
154.6068,3,0,5,0,0,0,0,-1,0,1.0000,-1,15,12,12,0,39,0,0,0,0
154.6252,3,0,5,0,0,0,0,-1,0,1.0000,-1,15,12,12,0,39,0,0,0,0
154.6458,3,0,5,0,0,0,0,-1,0,1.0000,-1,15,12,12,0,39,0,0,0,0
154.6651,3,0,5,0,0,0,0,-1,0,1.0000,-1,15,12,12,0,39,0,0,0,0
154.6865,3,0,5,0,0,0,0,-1,0,1.0000,-1,15,12,12,0,39,0,0,0,0
154.7091,3,0,5,0,0,0,0,-1,0,1.0000,-1,15,12,12,0,39,0,0,0,0
154.7274,3,0,5,0,0,0,0,-1,0,1.0000,-1,15,12,12,0,39,0,0,0,0
154.7496,3,0,5,0,0,0,0,-1,0,1.0000,-1,15,12,12,0,39,0,0,0,0
154.7702,3,0,5,0,0,0,0,-1,0,1.0000,-1,15,12,12,0,39,0,0,0,0
154.7878,3,0,5,0,0,0,0,-1,0,1.0000,-1,15,12,12,0,39,0,0,0,0
154.8085,3,0,5,0,0,0,0,-1,0,1.0000,-1,15,12,12,0,39,0,0,0,0
154.8301,3,0,5,0,0,0,1,158,0,1.0000,-1,15,12,12,0,39,0,0,0,0
154.8523,3,0,5,0,0,0,1,158,0,1.0000,-1,15,12,12,0,39,0,0,0,0
154.8722,3,0,5,0,0,0,1,158,0,1.0000,-1,15,12,12,0,39,0,0,0,0
154.9093,3,0,5,0,0,0,1,158,0,1.0000,-1,15,12,12,0,39,0,0,0,0
154.9277,3,0,5,0,0,0,1,158,0,1.0000,-1,15,12,12,0,39,0,0,0,0
154.9426,3,0,5,0,0,0,1,158,0,1.0000,-1,15,12,12,0,39,0,0,0,0
154.9565,3,0,5,0,0,0,1,158,0,1.0000,-1,15,12,12,0,39,0,0,0,0
154.9779,3,0,5,0,0,0,1,158,0,1.0000,-1,15,12,12,0,39,0,0,0,0
154.9971,3,0,5,0,0,0,1,158,0,1.0000,-1,15,12,12,0,39,0,0,0,0
155.0181,3,0,5,0,0,0,1,158,0,1.0000,-1,15,12,12,0,39,0,0,0,0
155.0399,3,0,5,1,0,0,1,158,0,0.0000,-1,15,12,12,0,39,0,0,0,0
155.0609,3,0,5,1,0,0,1,158,0,0.0000,-1,15,12,12,0,39,0,0,0,0
155.0826,3,0,5,1,0,0,1,158,0,0.0000,-1,15,12,12,0,39,0,0,0,0
155.1204,3,0,5,1,0,0,1,158,0,0.0000,-1,15,12,12,0,39,0,0,0,0
155.1395,3,0,5,1,0,0,1,158,0,0.0000,-1,15,12,12,0,39,0,0,0,0
155.1541,3,0,5,1,0,0,1,158,0,0.0000,-1,15,12,12,0,39,0,0,0,0
155.1696,3,0,5,1,0,0,1,158,0,0.0000,-1,15,12,12,0,39,0,0,0,0
155.1857,3,0,5,1,0,0,1,158,1,1.0000,-1,15,12,12,0,39,0,0,0,0
155.2106,3,0,5,1,0,0,1,158,0,1.0000,-1,15,12,12,0,39,0,0,0,0
155.2295,3,0,5,1,0,0,1,158,0,1.0000,-1,15,12,12,0,39,0,0,0,0
155.2514,3,0,5,0,0,0,1,158,0,1.0000,-1,15,12,12,0,39,0,0,0,0
155.2728,3,0,5,0,0,0,1,158,0,1.0000,-1,15,12,12,0,39,0,0,0,0
155.2938,3,0,5,0,0,0,1,158,0,1.0000,-1,15,12,12,0,39,0,0,0,0
155.3328,3,0,5,0,0,0,1,158,0,1.0000,-1,15,12,12,0,39,0,0,0,0
155.3482,3,0,5,0,0,0,1,158,0,1.0000,-1,15,12,12,0,39,0,0,0,0
155.3631,3,0,5,0,0,0,1,158,0,1.0000,-1,15,12,12,0,39,0,0,0,0
155.3812,3,0,5,0,0,0,1,158,0,1.0000,-1,15,12,12,0,39,0,0,0,0
155.4023,2,1,6,0,0,0,0,-1,0,1.0000,158,15,13,12,0,40,0,0,0,0
155.4222,2,0,6,0,0,0,0,-1,0,1.0000,-1,15,13,12,0,40,0,0,0,0
155.4439,2,0,6,0,0,0,0,-1,0,1.0000,-1,15,13,12,0,40,0,0,0,0
155.4628,2,0,6,0,0,0,0,-1,0,1.0000,-1,15,13,12,0,40,0,0,0,0
155.4853,2,0,6,0,0,0,0,-1,0,1.0000,-1,15,13,12,0,40,0,0,0,0
155.5073,2,0,6,0,0,0,0,-1,0,1.0000,-1,15,13,12,0,40,0,0,0,0
155.546,2,0,6,0,0,0,0,-1,0,1.0000,-1,15,13,12,0,40,0,0,0,0
155.5659,2,0,6,0,0,0,0,-1,0,1.0000,-1,15,13,12,0,40,0,0,0,0
155.5831,2,0,6,0,0,0,0,-1,0,1.0000,-1,15,13,12,0,40,0,0,0,0
155.5978,2,0,6,0,0,0,0,-1,0,1.0000,-1,15,13,12,0,40,0,0,0,0
155.6146,2,0,6,0,0,0,0,-1,0,1.0000,-1,15,13,12,0,40,0,0,0,0
155.6357,2,0,6,0,0,0,0,-1,0,1.0000,-1,15,13,12,0,40,0,0,0,0
155.654,2,0,6,0,0,0,0,-1,0,1.0000,-1,15,13,12,0,40,0,0,0,0
155.6764,2,0,6,0,0,0,0,-1,0,1.0000,-1,15,13,12,0,40,0,0,0,0
155.6973,2,0,6,0,0,0,0,-1,0,1.0000,-1,15,13,12,0,40,0,0,0,0
155.7171,2,0,6,0,0,0,0,-1,0,1.0000,-1,15,13,12,0,40,0,0,0,0
155.7376,2,0,6,0,0,0,0,-1,0,1.0000,-1,15,13,12,0,40,0,0,0,0
155.7585,2,0,6,0,0,0,0,-1,0,1.0000,-1,15,13,12,0,40,0,0,0,0
155.7764,2,0,6,0,0,0,0,-1,0,1.0000,-1,15,13,12,0,40,0,0,0,0
155.798,2,0,6,0,0,0,0,-1,0,1.0000,-1,15,13,12,0,40,0,0,0,0
155.8187,2,0,6,0,0,0,0,-1,0,1.0000,-1,15,13,12,0,40,0,0,0,0
155.8397,2,0,6,0,0,0,0,-1,0,1.0000,-1,15,13,12,0,40,0,0,0,0
155.8593,2,0,6,0,0,0,0,-1,0,1.0000,-1,15,13,12,0,40,0,0,0,0
155.8794,2,0,6,0,0,0,0,-1,0,1.0000,-1,15,13,12,0,40,0,0,0,0
155.8977,2,0,6,0,0,0,0,-1,0,1.0000,-1,15,13,12,0,40,0,0,0,0
155.9182,2,0,6,0,0,0,0,-1,0,1.0000,-1,15,13,12,0,40,0,0,0,0
155.9399,2,0,6,0,0,0,0,-1,0,1.0000,-1,15,13,12,0,40,0,0,0,0
155.971,2,0,6,0,0,0,0,-1,0,1.0000,-1,15,13,12,0,40,0,0,0,0
155.9938,2,0,6,0,0,0,0,-1,0,1.0000,-1,15,13,12,0,40,0,0,0,0
156.0149,2,0,6,0,0,0,0,-1,0,1.0000,-1,15,13,12,0,40,0,0,0,0
156.0296,2,0,6,0,0,0,0,-1,0,1.0000,-1,15,13,12,0,40,0,0,0,0
156.0471,2,0,6,0,0,0,0,-1,0,1.0000,-1,15,13,12,0,40,0,0,0,0
156.0744,2,0,6,0,0,0,0,-1,0,1.0000,-1,15,13,12,0,40,0,0,0,0
156.0943,2,0,6,0,0,0,0,-1,0,1.0000,-1,15,13,12,0,40,0,0,0,0
156.1142,2,0,6,0,0,0,0,-1,0,1.0000,-1,15,13,12,0,40,0,0,0,0
156.1354,2,0,6,0,0,0,0,-1,0,1.0000,-1,15,13,12,0,40,0,0,0,0
156.1589,2,0,6,0,0,0,0,-1,0,1.0000,-1,15,13,12,0,40,0,0,0,0
156.1782,2,0,6,0,0,0,0,-1,0,1.0000,-1,15,13,12,0,40,0,0,0,0
156.1999,2,0,6,0,0,0,0,-1,0,0.0000,-1,15,13,12,0,40,0,0,0,0
156.2213,2,0,6,0,0,0,0,-1,0,0.0000,-1,15,13,12,0,40,0,0,0,0
156.2434,2,0,6,0,0,0,0,-1,0,0.0000,-1,15,13,12,0,40,0,0,0,0
156.2655,2,0,6,0,0,0,0,-1,0,0.0000,-1,15,13,12,0,40,0,0,0,0
156.2857,2,0,6,0,0,0,0,-1,0,0.0000,-1,15,13,12,0,40,0,0,0,0
156.3068,2,0,6,0,0,0,0,-1,0,0.0000,-1,15,13,12,0,40,0,0,0,0
156.3275,2,0,6,0,0,0,0,-1,0,0.0000,-1,15,13,12,0,40,0,0,0,0
156.3458,2,0,6,0,0,0,0,-1,0,0.0000,-1,15,13,12,0,40,0,0,0,0
156.386,2,0,6,0,0,0,0,-1,0,0.0000,-1,15,13,12,0,40,0,0,0,0
156.4048,2,0,6,0,0,0,0,-1,0,0.0000,-1,15,13,12,0,40,0,0,0,0
156.4251,2,0,6,0,0,0,0,-1,1,1.0000,-1,15,13,12,0,40,0,0,0,0
156.4371,2,0,6,0,0,0,0,-1,0,1.0000,-1,15,13,12,0,40,0,0,0,0
156.4514,2,0,6,0,0,0,0,-1,0,1.0000,-1,15,13,12,0,40,0,0,0,0
156.4735,2,0,6,0,0,0,0,-1,0,1.0000,-1,15,13,12,0,40,0,0,0,0
156.4961,2,0,6,0,0,0,0,-1,0,1.0000,-1,15,13,12,0,40,0,0,0,0
156.5172,2,0,6,0,0,0,0,-1,0,1.0000,-1,15,13,12,0,40,0,0,0,0
156.541,2,0,6,0,0,0,0,-1,0,1.0000,-1,15,13,12,0,40,0,0,0,0
156.561,2,0,6,0,0,0,0,-1,1,2.0000,-1,15,13,12,0,40,0,0,0,0
156.5831,2,0,6,0,0,0,0,-1,0,2.0000,-1,15,13,12,0,40,0,0,0,0
156.5994,2,0,6,0,0,0,0,-1,0,2.0000,-1,15,13,12,0,40,0,0,0,0
156.6213,2,0,6,0,0,0,0,-1,0,2.0000,-1,15,13,12,0,40,0,0,0,0
156.6433,2,0,6,0,0,0,0,-1,0,2.0000,-1,15,13,12,0,40,0,0,0,0
156.6659,2,0,6,0,0,0,1,162,0,2.0000,-1,15,13,12,0,40,0,0,0,0
156.6853,2,0,6,0,0,0,1,162,0,2.0000,-1,15,13,12,0,40,0,0,0,0
156.707,2,0,6,0,0,0,1,162,0,2.0000,-1,15,13,12,0,40,0,0,0,0
156.7288,2,0,6,0,0,0,1,162,0,2.0000,-1,15,13,12,0,40,0,0,0,0
156.7517,2,0,6,0,0,0,1,162,0,2.0000,-1,15,13,12,0,40,0,0,0,0
156.7711,2,0,6,0,0,0,1,162,0,2.0000,-1,15,13,12,0,40,0,0,0,0
156.8101,2,0,6,0,0,0,1,162,0,2.0000,-1,15,13,12,0,40,0,0,0,0
156.8275,2,0,6,0,0,0,1,162,0,2.0000,-1,15,13,12,0,40,0,0,0,0
156.8432,2,0,6,0,0,0,1,162,0,2.0000,-1,15,13,12,0,40,0,0,0,0
156.8633,2,0,6,0,0,0,1,162,0,2.0000,-1,15,13,12,0,40,0,0,0,0
156.8837,2,0,6,0,0,0,1,162,0,2.0000,-1,15,13,12,0,40,0,0,0,0
156.906,2,0,6,0,0,0,1,162,0,2.0000,-1,15,13,12,0,40,0,0,0,0
156.9268,2,0,6,0,0,0,1,162,0,2.0000,-1,15,13,12,0,40,0,0,0,0
156.9467,2,0,6,0,0,0,1,162,0,2.0000,-1,15,13,12,0,40,0,0,0,0
156.9723,2,0,6,0,0,0,1,162,0,2.0000,-1,15,13,12,0,40,0,0,0,0
157.0099,2,0,6,0,0,0,1,162,0,2.0000,-1,15,13,12,0,40,0,0,0,0
157.0277,2,0,6,0,0,0,1,162,0,2.0000,-1,15,13,12,0,40,0,0,0,0
157.0428,2,0,6,0,0,0,1,162,1,3.0000,-1,15,13,12,0,40,0,0,0,0
157.0628,2,0,6,0,0,0,1,162,0,3.0000,-1,15,13,12,0,40,0,0,0,0
157.0871,2,0,6,0,0,0,0,-1,0,3.0000,162,15,14,12,0,41,0,0,0,0
157.1113,2,0,6,0,0,0,0,-1,0,3.0000,-1,15,14,12,0,41,0,0,0,0
157.137,2,0,6,0,0,0,0,-1,0,3.0000,-1,15,14,12,0,41,0,0,0,0
157.1591,2,0,6,0,0,0,0,-1,0,3.0000,-1,15,14,12,0,41,0,0,0,0
157.1854,2,0,6,0,0,0,0,-1,0,3.0000,-1,15,14,12,0,41,0,0,0,0
157.2384,2,0,6,0,0,0,0,-1,0,3.0000,-1,15,14,12,0,41,0,0,0,0
157.2574,2,0,6,0,0,0,0,-1,0,3.0000,-1,15,14,12,0,41,0,0,0,0
157.2771,2,0,6,0,0,0,0,-1,0,3.0000,-1,15,14,12,0,41,0,0,0,0
157.302,2,0,6,0,0,0,0,-1,0,3.0000,-1,15,14,12,0,41,0,0,0,0
157.3323,2,0,6,0,0,0,0,-1,0,3.0000,-1,15,14,12,0,41,0,0,0,0
157.3593,2,0,6,0,0,0,0,-1,0,3.0000,-1,15,14,12,0,41,0,0,0,0
157.3855,2,0,6,0,0,0,0,-1,0,3.0000,-1,15,14,12,0,41,0,0,0,0
157.4126,2,0,6,0,0,0,0,-1,0,3.0000,-1,15,14,12,0,41,0,0,0,0
157.4388,2,0,6,0,0,0,0,-1,0,2.0000,-1,15,14,12,0,41,0,0,0,0
157.4674,2,0,6,0,0,0,0,-1,0,2.0000,-1,15,14,12,0,41,0,0,0,0
157.4963,2,0,6,0,0,0,0,-1,0,2.0000,-1,15,14,12,0,41,0,0,0,0
157.5229,2,0,6,0,0,0,0,-1,0,2.0000,-1,15,14,12,0,41,0,0,0,0
157.5509,2,0,6,0,0,0,0,-1,0,2.0000,-1,15,14,12,0,41,0,0,0,0
157.582,2,0,6,0,0,0,0,-1,0,1.0000,-1,15,14,12,0,41,0,0,0,0
157.6115,2,0,6,0,0,0,0,-1,0,1.0000,-1,15,14,12,0,41,0,0,0,0
157.6711,2,0,6,0,0,0,0,-1,0,1.0000,-1,15,14,12,0,41,0,0,0,0
157.6926,2,0,6,0,0,0,0,-1,0,1.0000,-1,15,14,12,0,41,0,0,0,0
157.7162,2,0,6,0,0,0,0,-1,1,2.0000,-1,15,14,12,0,41,0,0,0,0
157.7459,2,0,6,0,0,0,0,-1,0,2.0000,-1,15,14,12,0,41,0,0,0,0
157.7736,2,0,6,0,0,0,0,-1,0,2.0000,-1,15,14,12,0,41,0,0,0,0
157.8023,2,0,6,0,0,0,0,-1,0,2.0000,-1,15,14,12,0,41,0,0,0,0
157.8316,2,0,6,0,0,0,0,-1,0,2.0000,-1,15,14,12,0,41,0,0,0,0
157.8907,2,0,6,0,0,0,0,-1,0,2.0000,-1,15,14,12,0,41,0,0,0,0
157.911,2,0,6,0,0,0,0,-1,0,2.0000,-1,15,14,12,0,41,0,0,0,0
157.9291,2,0,6,0,0,0,0,-1,0,2.0000,-1,15,14,12,0,41,0,0,0,0
157.9591,2,0,6,0,0,0,0,-1,0,2.0000,-1,15,14,12,0,41,0,0,0,0
157.9881,2,0,6,0,0,0,0,-1,0,2.0000,-1,15,14,12,0,41,0,0,0,0
158.0183,2,0,6,0,0,0,0,-1,0,2.0000,-1,15,14,12,0,41,0,0,0,0
158.0472,2,0,6,0,0,0,0,-1,0,1.0000,-1,15,14,12,0,41,0,0,0,0
158.0761,2,0,6,0,0,0,0,-1,0,1.0000,-1,15,14,12,0,41,0,0,0,0
158.1051,2,0,6,0,0,0,1,164,0,1.0000,-1,15,14,12,0,41,0,0,0,0
158.1308,2,0,6,0,0,0,1,164,0,1.0000,-1,15,14,12,0,41,0,0,0,0
158.1572,2,0,6,0,0,0,1,164,0,1.0000,-1,15,14,12,0,41,0,0,0,0
158.1793,2,0,6,0,0,0,1,164,0,1.0000,-1,15,14,12,0,41,0,0,0,0
158.2045,2,0,6,0,0,0,1,164,0,1.0000,-1,15,14,12,0,41,0,0,0,0
158.2318,2,0,6,0,0,0,1,164,0,1.0000,-1,15,14,12,0,41,0,0,0,0
158.2549,2,0,6,0,0,0,1,164,0,1.0000,-1,15,14,12,0,41,0,0,0,0
158.2999,2,0,6,0,0,0,1,164,1,2.0000,-1,15,14,12,0,41,0,0,0,0
158.3185,2,0,6,0,0,0,1,164,0,2.0000,-1,15,14,12,0,41,0,0,0,0
158.3367,2,0,6,0,0,0,0,-1,0,2.0000,-1,15,14,12,0,41,0,0,0,0
158.3565,2,0,6,0,0,0,0,-1,0,2.0000,-1,15,14,12,0,41,0,0,0,0
158.3768,2,0,6,0,0,0,0,-1,0,2.0000,-1,15,14,12,0,41,0,0,0,0
158.4001,2,0,6,0,0,0,0,-1,0,2.0000,-1,15,14,12,0,41,0,0,0,0
158.4228,2,0,6,0,0,0,0,-1,0,2.0000,-1,15,14,12,0,41,0,0,0,0
158.4443,2,0,6,0,0,0,0,-1,0,2.0000,-1,15,14,12,0,41,0,0,0,0
158.4658,2,0,6,0,0,0,0,-1,0,2.0000,-1,15,14,12,0,41,0,0,0,0
158.4901,2,0,6,0,0,0,0,-1,0,2.0000,-1,15,14,12,0,41,0,0,0,0
158.51,2,0,6,0,0,0,0,-1,1,3.0000,-1,15,14,12,0,41,0,0,0,0
158.5329,2,0,6,0,0,0,0,-1,0,3.0000,-1,15,14,12,0,41,0,0,0,0
158.5554,2,0,6,0,0,0,0,-1,0,3.0000,-1,15,14,12,0,41,0,0,0,0
158.5772,2,0,6,0,0,0,0,-1,0,3.0000,-1,15,14,12,0,41,0,0,0,0
158.6006,2,0,6,0,0,0,0,-1,0,3.0000,-1,15,14,12,0,41,0,0,0,0
158.6211,2,0,6,0,0,0,0,-1,0,3.0000,-1,15,14,12,0,41,0,0,0,0
158.6402,2,0,6,0,0,0,0,-1,0,3.0000,-1,15,14,12,0,41,0,0,0,0
158.6624,2,0,6,0,0,0,0,-1,0,3.0000,-1,15,14,12,0,41,0,0,0,0
158.687,2,0,6,0,0,0,0,-1,0,3.0000,-1,15,14,12,0,41,0,0,0,0
158.708,2,0,6,0,0,0,0,-1,0,3.0000,-1,15,14,12,0,41,0,0,0,0
158.73,2,0,6,0,0,0,0,-1,0,2.0000,-1,15,14,12,0,41,0,0,0,0
158.7527,2,0,6,0,0,0,0,-1,1,3.0000,-1,15,14,12,0,41,0,0,0,0
158.7743,2,0,6,0,0,0,0,-1,0,3.0000,-1,15,14,12,0,41,0,0,0,0
158.7972,2,0,6,0,0,0,0,-1,0,3.0000,-1,15,14,12,0,41,0,0,0,0
158.8194,2,0,6,0,0,0,0,-1,0,3.0000,-1,15,14,12,0,41,0,0,0,0
158.8406,2,0,6,0,0,0,0,-1,0,3.0000,-1,15,14,12,0,41,0,0,0,0
158.8637,2,0,6,0,0,0,0,-1,0,3.0000,-1,15,14,12,0,41,0,0,0,0
158.884,2,0,6,0,0,0,0,-1,0,3.0000,-1,15,14,12,0,41,0,0,0,0
158.9065,2,0,6,0,0,0,0,-1,0,3.0000,-1,15,14,12,0,41,0,0,0,0
158.9285,2,0,6,0,0,0,0,-1,0,3.0000,-1,15,14,12,0,41,0,0,0,0
158.9492,2,0,6,0,0,0,0,-1,0,3.0000,-1,15,14,12,0,41,0,0,0,0
158.9726,2,0,6,0,0,0,0,-1,0,3.0000,-1,15,14,12,0,41,0,0,0,0
158.9943,2,0,6,0,0,0,0,-1,0,3.0000,-1,15,14,12,0,41,0,0,0,0
159.0167,2,0,6,0,0,0,0,-1,0,3.0000,-1,15,14,12,0,41,0,0,0,0
159.0361,2,0,6,0,0,0,0,-1,0,3.0000,-1,15,14,12,0,41,0,0,0,0
159.0598,2,0,6,0,0,0,0,-1,0,3.0000,-1,15,14,12,0,41,0,0,0,0
159.0784,2,0,6,0,0,0,0,-1,0,3.0000,-1,15,14,12,0,41,0,0,0,0
159.102,2,0,6,0,0,0,0,-1,0,3.0000,-1,15,14,12,0,41,0,0,0,0
159.1215,2,0,6,0,0,0,0,-1,0,3.0000,-1,15,14,12,0,41,0,0,0,0
159.143,2,0,6,0,0,0,0,-1,0,3.0000,-1,15,14,12,0,41,0,0,0,0
159.165,2,0,6,0,0,0,0,-1,0,3.0000,-1,15,14,12,0,41,0,0,0,0
159.1864,2,0,6,0,0,0,0,-1,0,3.0000,-1,15,14,12,0,41,0,0,0,0
159.2101,2,0,6,0,0,0,0,-1,0,3.0000,-1,15,14,12,0,41,0,0,0,0
159.2303,2,0,6,0,0,0,0,-1,0,3.0000,-1,15,14,12,0,41,0,0,0,0
159.2521,2,0,6,0,0,0,0,-1,0,3.0000,-1,15,14,12,0,41,0,0,0,0
159.2739,2,0,6,0,0,0,0,-1,0,3.0000,-1,15,14,12,0,41,0,0,0,0
159.2952,2,0,6,0,0,0,0,-1,0,3.0000,-1,15,14,12,0,41,0,0,0,0
159.3176,2,0,6,0,0,0,0,-1,0,2.0000,-1,15,14,12,0,41,0,0,0,0
159.3392,2,0,6,0,0,0,0,-1,0,2.0000,-1,15,14,12,0,41,0,0,0,0
159.36,2,0,6,0,0,0,0,-1,0,2.0000,-1,15,14,12,0,41,0,0,0,0
159.3816,2,0,6,0,0,0,0,-1,0,2.0000,-1,15,14,12,0,41,0,0,0,0
159.4043,2,0,6,0,0,0,0,-1,0,2.0000,-1,15,14,12,0,41,0,0,0,0
159.4255,2,0,6,0,0,0,0,-1,0,2.0000,-1,15,14,12,0,41,0,0,0,0
159.4486,2,0,6,0,0,0,0,-1,0,2.0000,-1,15,14,12,0,41,0,0,0,0
159.4715,2,0,6,0,0,0,0,-1,0,2.0000,-1,15,14,12,0,41,0,0,0,0
159.494,2,0,6,0,0,0,0,-1,0,2.0000,-1,15,14,12,0,41,0,0,0,0
159.5166,2,0,6,0,0,0,0,-1,0,1.0000,-1,15,14,12,0,41,0,0,0,0
159.5403,2,0,6,0,0,0,0,-1,0,1.0000,-1,15,14,12,0,41,0,0,0,0
159.5656,2,0,6,0,0,0,0,-1,0,1.0000,-1,15,14,12,0,41,0,0,0,0
159.5885,2,0,6,0,0,0,0,-1,1,2.0000,-1,15,14,12,0,41,0,0,0,0
159.6097,2,0,6,0,0,0,0,-1,0,2.0000,-1,15,14,12,0,41,0,0,0,0
159.6313,2,0,6,0,0,0,0,-1,0,2.0000,-1,15,14,12,0,41,0,0,0,0
159.6528,2,0,6,0,0,0,0,-1,0,2.0000,-1,15,14,12,0,41,0,0,0,0
159.6738,2,0,6,0,0,0,0,-1,0,2.0000,-1,15,14,12,0,41,0,0,0,0
159.6987,2,0,6,0,0,0,0,-1,0,2.0000,-1,15,14,12,0,41,0,0,0,0
159.7201,2,0,6,0,0,0,0,-1,0,2.0000,-1,15,14,12,0,41,0,0,0,0
159.7452,2,0,6,0,0,0,0,-1,0,2.0000,-1,15,14,12,0,41,0,0,0,0
159.7851,2,0,6,0,0,0,0,-1,0,1.0000,-1,15,14,12,0,41,0,0,0,0
159.7974,2,0,6,0,0,0,0,-1,0,1.0000,-1,15,14,12,0,41,0,0,0,0
159.8143,2,0,6,0,0,0,0,-1,0,1.0000,-1,15,14,12,0,41,0,0,0,0
159.8371,2,0,6,0,0,0,0,-1,0,1.0000,-1,15,14,12,0,41,0,0,0,0
159.8602,2,0,6,0,0,0,0,-1,0,1.0000,-1,15,14,12,0,41,0,0,0,0
159.883,2,0,6,0,0,0,0,-1,0,1.0000,-1,15,14,12,0,41,0,0,0,0
159.9062,2,0,6,0,0,0,0,-1,0,1.0000,-1,15,14,12,0,41,0,0,0,0
159.9291,2,0,6,0,0,0,0,-1,0,1.0000,-1,15,14,12,0,41,0,0,0,0
159.9518,2,0,6,0,0,0,0,-1,0,1.0000,-1,15,14,12,0,41,0,0,0,0
159.9926,2,0,6,0,0,0,0,-1,1,2.0000,-1,15,14,12,0,41,0,0,0,0
160.005,2,0,6,0,0,0,0,-1,0,2.0000,-1,15,14,12,0,41,0,0,0,0
160.021,2,0,6,0,0,0,0,-1,0,2.0000,-1,15,14,12,0,41,0,0,0,0
160.0428,2,0,6,0,0,0,0,-1,0,2.0000,-1,15,14,12,0,41,0,0,0,0
160.066,2,0,6,0,0,0,0,-1,0,2.0000,-1,15,14,12,0,41,0,0,0,0
160.0867,2,0,6,0,0,0,0,-1,0,2.0000,-1,15,14,12,0,41,0,0,0,0
160.1104,2,0,6,0,0,0,0,-1,0,2.0000,-1,15,14,12,0,41,0,0,0,0
160.1313,2,0,6,0,0,0,0,-1,0,2.0000,-1,15,14,12,0,41,0,0,0,0
160.1548,2,0,6,0,0,0,0,-1,0,2.0000,-1,15,14,12,0,41,0,0,0,0
160.176,2,0,6,0,0,0,0,-1,0,2.0000,-1,15,14,12,0,41,0,0,0,0
160.1963,2,0,6,0,0,0,0,-1,0,2.0000,-1,15,14,12,0,41,0,0,0,0
160.2178,2,0,6,0,0,0,0,-1,0,2.0000,-1,15,14,12,0,41,0,0,0,0
160.239,2,0,6,0,0,0,0,-1,0,2.0000,-1,15,14,12,0,41,0,0,0,0
160.2593,2,0,6,0,0,0,0,-1,0,2.0000,-1,15,14,12,0,41,0,0,0,0
160.2832,2,0,6,0,0,0,0,-1,0,2.0000,-1,15,14,12,0,41,0,0,0,0
160.305,2,0,6,0,0,0,0,-1,0,2.0000,-1,15,14,12,0,41,0,0,0,0
160.3223,2,0,6,0,0,0,0,-1,0,2.0000,-1,15,14,12,0,41,0,0,0,0
160.3463,2,0,6,0,0,0,0,-1,0,2.0000,-1,15,14,12,0,41,0,0,0,0
160.3668,2,0,6,0,0,0,0,-1,0,2.0000,-1,15,14,12,0,41,0,0,0,0
160.3871,2,0,6,0,0,0,0,-1,0,2.0000,-1,15,14,12,0,41,0,0,0,0
160.4098,2,0,6,0,0,0,0,-1,0,2.0000,-1,15,14,12,0,41,0,0,0,0
160.4333,2,0,6,1,0,0,0,-1,0,2.0000,-1,15,14,12,0,41,0,0,0,0
160.4532,2,0,6,1,0,0,0,-1,0,2.0000,-1,15,14,12,0,41,0,0,0,0
160.4766,2,0,6,1,0,0,0,-1,0,2.0000,-1,15,14,12,0,41,0,0,0,0
160.4974,2,0,6,1,0,0,0,-1,0,2.0000,-1,15,14,12,0,41,0,0,0,0
160.5217,2,0,6,1,0,0,0,-1,0,2.0000,-1,15,14,12,0,41,0,0,0,0
160.5422,2,0,6,1,0,0,0,-1,0,2.0000,-1,15,14,12,0,41,0,0,0,0
160.5638,2,0,6,1,0,0,0,-1,1,3.0000,-1,15,14,12,0,41,0,0,0,0
160.5861,2,0,6,1,0,0,0,-1,0,3.0000,-1,15,14,12,0,41,0,0,0,0
160.628,2,0,6,1,0,0,0,-1,0,2.0000,-1,15,14,12,0,41,0,0,0,0
160.6413,2,0,6,1,0,0,0,-1,0,2.0000,-1,15,14,12,0,41,0,0,0,0
160.6561,2,0,6,1,0,0,0,-1,0,2.0000,-1,15,14,12,0,41,0,0,0,0
160.6798,2,0,6,1,0,0,0,-1,0,2.0000,-1,15,14,12,0,41,0,0,0,0
160.6998,2,0,6,1,0,0,0,-1,0,2.0000,-1,15,14,12,0,41,0,0,0,0
160.7246,2,0,6,1,0,0,0,-1,0,2.0000,-1,15,14,12,0,41,0,0,0,0
160.745,2,0,6,1,0,0,0,-1,0,2.0000,-1,15,14,12,0,41,0,0,0,0
160.766,2,0,6,1,0,0,0,-1,0,2.0000,-1,15,14,12,0,41,0,0,0,0
160.7883,2,0,6,1,0,0,0,-1,0,2.0000,-1,15,14,12,0,41,0,0,0,0
160.8106,2,0,6,1,0,0,0,-1,0,2.0000,-1,15,14,12,0,41,0,0,0,0
160.8311,2,0,6,1,0,0,0,-1,0,2.0000,-1,15,14,12,0,41,0,0,0,0
160.8534,2,0,6,1,0,0,0,-1,0,2.0000,-1,15,14,12,0,41,0,0,0,0
160.8764,2,0,6,1,0,0,0,-1,0,2.0000,-1,15,14,12,0,41,0,0,0,0
160.8961,2,0,6,1,0,0,0,-1,0,2.0000,-1,15,14,12,0,41,0,0,0,0
160.9178,2,0,6,1,0,0,0,-1,1,3.0000,-1,15,14,12,0,41,0,0,0,0
160.9383,2,0,6,1,0,0,0,-1,0,3.0000,-1,15,14,12,0,41,0,0,0,0
160.9606,2,0,6,1,0,0,0,-1,0,3.0000,-1,15,14,12,0,41,0,0,0,0
160.9796,2,0,6,1,0,0,0,-1,0,3.0000,-1,15,14,12,0,41,0,0,0,0
161.0034,2,0,6,1,0,0,0,-1,0,2.0000,-1,15,14,12,0,41,0,0,0,0
161.0255,2,0,6,1,0,0,0,-1,0,2.0000,-1,15,14,12,0,41,0,0,0,0
161.0451,2,0,6,1,0,0,0,-1,0,2.0000,-1,15,14,12,0,41,0,0,0,0
161.0663,2,0,6,1,0,0,0,-1,0,2.0000,-1,15,14,12,0,41,0,0,0,0
161.0885,2,0,6,1,0,0,0,-1,0,2.0000,-1,15,14,12,0,41,0,0,0,0
161.1088,2,0,6,1,0,0,0,-1,0,2.0000,-1,15,14,12,0,41,0,0,0,0
161.1319,2,0,6,1,0,0,0,-1,0,2.0000,-1,15,14,12,0,41,0,0,0,0
161.152,2,0,6,1,1,0,0,-1,0,2.0000,-1,15,14,12,0,41,0,0,0,0
161.1735,2,0,6,1,1,0,0,-1,0,2.0000,-1,15,14,12,0,41,0,0,0,0
161.1966,2,0,6,1,1,0,0,-1,0,2.0000,-1,15,14,12,0,41,0,0,0,0
161.217,2,0,6,1,1,0,0,-1,0,2.0000,-1,15,14,12,0,41,0,0,0,0
161.2396,2,0,6,1,1,0,0,-1,0,2.0000,-1,15,14,12,0,41,0,0,0,0
161.2602,2,0,6,1,1,0,0,-1,0,2.0000,-1,15,14,12,0,41,0,0,0,0
161.2802,2,0,6,1,1,0,0,-1,0,2.0000,-1,15,14,12,0,41,0,0,0,0
161.303,2,0,6,1,1,0,0,-1,0,2.0000,-1,15,14,12,0,41,0,0,0,0
161.3248,2,0,6,1,1,0,0,-1,0,2.0000,-1,15,14,12,0,41,0,0,0,0
161.345,2,0,6,1,1,0,0,-1,0,2.0000,-1,15,14,12,0,41,0,0,0,0
161.3651,2,0,6,1,1,0,0,-1,0,2.0000,-1,15,14,12,0,41,0,0,0,0
161.3865,2,0,6,1,1,0,0,-1,0,2.0000,-1,15,14,12,0,41,0,0,0,0
161.4087,2,0,6,1,1,0,0,-1,0,2.0000,-1,15,14,12,0,41,0,0,0,0
161.4306,2,0,6,1,1,0,0,-1,0,2.0000,-1,15,14,12,0,41,0,0,0,0
161.4706,2,0,6,1,1,0,0,-1,0,2.0000,-1,15,14,12,0,41,0,0,0,0
161.4842,2,0,6,1,1,0,0,-1,0,2.0000,-1,15,14,12,0,41,0,0,0,0
161.4983,2,0,6,1,1,0,0,-1,0,2.0000,-1,15,14,12,0,41,0,0,0,0
161.5193,2,0,6,1,1,0,0,-1,0,2.0000,-1,15,14,12,0,41,0,0,0,0
161.5418,2,0,6,1,1,0,0,-1,1,3.0000,-1,15,14,12,0,41,0,0,0,0
161.5626,2,0,6,1,1,0,0,-1,0,3.0000,-1,15,14,12,0,41,0,0,0,0
161.5847,2,0,6,1,1,0,0,-1,0,2.0000,-1,15,14,12,0,41,0,0,0,0
161.6081,2,0,6,1,1,0,0,-1,0,2.0000,-1,15,14,12,0,41,0,0,0,0
161.6268,2,0,6,1,1,0,0,-1,0,2.0000,-1,15,14,12,0,41,0,0,0,0
161.6456,2,0,6,1,1,0,0,-1,0,2.0000,-1,15,14,12,0,41,0,0,0,0
161.6696,2,0,6,1,1,0,0,-1,0,2.0000,-1,15,14,12,0,41,0,0,0,0
161.6873,2,0,6,1,1,0,0,-1,0,2.0000,-1,15,14,12,0,41,0,0,0,0
161.7083,2,0,6,1,1,0,0,-1,0,2.0000,-1,15,14,12,0,41,0,0,0,0
161.7311,2,0,6,1,1,0,0,-1,1,3.0000,-1,15,14,12,0,41,0,0,0,0
161.7533,2,0,6,1,1,0,0,-1,0,3.0000,-1,15,14,12,0,41,0,0,0,0
161.775,2,0,6,1,1,0,0,-1,1,4.0000,-1,15,14,12,0,41,0,0,0,0
161.795,2,0,6,1,1,0,0,-1,0,4.0000,-1,15,14,12,0,41,0,0,0,0
161.8178,2,0,6,1,1,0,0,-1,0,4.0000,-1,15,14,12,0,41,0,0,0,0
161.8382,2,0,6,1,1,0,0,-1,0,4.0000,-1,15,14,12,0,41,0,0,0,0
161.8596,2,0,6,1,1,0,0,-1,0,4.0000,-1,15,14,12,0,41,0,0,0,0
161.8777,2,0,6,1,1,0,0,-1,0,4.0000,-1,15,14,12,0,41,0,0,0,0
161.8989,2,0,6,1,1,0,0,-1,0,4.0000,-1,15,14,12,0,41,0,0,0,0
161.9198,2,0,6,1,1,0,0,-1,0,3.0000,-1,15,14,12,0,41,0,0,0,0
161.9428,2,0,6,1,1,0,0,-1,0,3.0000,-1,15,14,12,0,41,0,0,0,0
161.9665,2,0,6,1,0,0,0,-1,0,3.0000,-1,15,14,12,0,41,0,0,0,0
161.9868,2,0,6,1,0,0,0,-1,0,3.0000,-1,15,14,12,0,41,0,0,0,0
162.0068,2,0,6,1,0,0,0,-1,0,3.0000,-1,15,14,12,0,41,0,0,0,0
162.0306,2,0,6,1,0,0,0,-1,0,3.0000,-1,15,14,12,0,41,0,0,0,0
162.052,2,0,6,1,0,0,0,-1,0,3.0000,-1,15,14,12,0,41,0,0,0,0
162.0745,2,0,6,1,0,0,0,-1,0,3.0000,-1,15,14,12,0,41,0,0,0,0
162.115,2,0,6,1,0,0,0,-1,1,4.0000,-1,15,14,12,0,41,0,0,0,0
162.1297,2,0,6,1,0,0,0,-1,0,4.0000,-1,15,14,12,0,41,0,0,0,0
162.1449,2,0,6,1,0,0,0,-1,0,4.0000,-1,15,14,12,0,41,0,0,0,0
162.1642,2,0,6,1,0,0,0,-1,0,4.0000,-1,15,14,12,0,41,0,0,0,0
162.1883,2,0,6,1,0,0,0,-1,1,5.0000,-1,15,14,12,0,41,0,0,0,0
162.2088,2,0,6,1,0,0,0,-1,0,5.0000,-1,15,14,12,0,41,0,0,0,0
162.2317,2,0,6,1,0,0,0,-1,0,5.0000,-1,15,14,12,0,41,0,0,0,0
162.2508,2,0,6,1,0,0,0,-1,0,5.0000,-1,15,14,12,0,41,0,0,0,0
162.2754,2,0,6,1,0,0,0,-1,0,5.0000,-1,15,14,12,0,41,0,0,0,0
162.2981,2,0,6,1,0,0,0,-1,0,5.0000,-1,15,14,12,0,41,0,0,0,0
162.3208,2,0,6,1,0,0,0,-1,0,5.0000,-1,15,14,12,0,41,0,0,0,0
162.3404,2,0,6,1,0,0,0,-1,0,5.0000,-1,15,14,12,0,41,0,0,0,0
162.3616,2,0,6,1,0,0,0,-1,0,5.0000,-1,15,14,12,0,41,0,0,0,0
162.383,2,0,6,1,0,0,0,-1,0,5.0000,-1,15,14,12,0,41,0,0,0,0
162.4034,2,0,6,1,0,0,0,-1,0,5.0000,-1,15,14,12,0,41,0,0,0,0
162.4241,2,0,6,1,0,0,0,-1,0,5.0000,-1,15,14,12,0,41,0,0,0,0
162.445,2,0,6,1,0,0,0,-1,0,5.0000,-1,15,14,12,0,41,0,0,0,0
162.4661,2,0,6,1,0,0,0,-1,0,5.0000,-1,15,14,12,0,41,0,0,0,0
162.4876,2,0,6,1,0,0,0,-1,0,5.0000,-1,15,14,12,0,41,0,0,0,0
162.5285,2,0,6,1,0,0,0,-1,0,5.0000,-1,15,14,12,0,41,0,0,0,0
162.5415,2,0,6,1,0,0,0,-1,0,5.0000,-1,15,14,12,0,41,0,0,0,0
162.554,2,0,6,1,0,0,0,-1,0,4.0000,-1,15,14,12,0,41,0,0,0,0
162.5769,2,0,6,1,0,0,0,-1,0,4.0000,-1,15,14,12,0,41,0,0,0,0
162.5984,2,0,6,1,0,0,0,-1,0,4.0000,-1,15,14,12,0,41,0,0,0,0
162.6206,2,0,6,1,0,0,0,-1,0,4.0000,-1,15,14,12,0,41,0,0,0,0
162.6445,2,0,6,1,0,0,0,-1,0,4.0000,-1,15,14,12,0,41,0,0,0,0
162.6648,2,0,6,1,0,0,0,-1,0,4.0000,-1,15,14,12,0,41,0,0,0,0
162.6863,2,0,6,1,0,0,0,-1,0,4.0000,-1,15,14,12,0,41,0,0,0,0
162.7083,2,0,6,1,0,0,0,-1,0,4.0000,-1,15,14,12,0,41,0,0,0,0
162.7309,2,0,6,0,0,0,0,-1,0,4.0000,-1,15,14,12,0,41,0,0,0,0
162.7484,2,0,6,0,0,0,0,-1,0,3.0000,-1,15,14,12,0,41,0,0,0,0
162.7687,2,0,6,0,0,0,0,-1,0,3.0000,-1,15,14,12,0,41,0,0,0,0
162.7919,2,0,6,0,0,0,0,-1,0,2.0000,-1,15,14,12,0,41,0,0,0,0
162.8133,2,0,6,0,0,0,0,-1,1,3.0000,-1,15,14,12,0,41,0,0,0,0
162.8345,2,0,6,0,0,0,0,-1,0,3.0000,-1,15,14,12,0,41,0,0,0,0
162.8578,2,0,6,0,0,0,0,-1,0,3.0000,-1,15,14,12,0,41,0,0,0,0
162.8787,2,0,6,0,0,0,0,-1,1,4.0000,-1,15,14,12,0,41,0,0,0,0
162.8997,2,0,6,0,0,0,0,-1,0,4.0000,-1,15,14,12,0,41,0,0,0,0
162.9212,2,0,6,0,0,0,0,-1,0,4.0000,-1,15,14,12,0,41,0,0,0,0
162.966,2,0,6,0,0,0,0,-1,0,4.0000,-1,15,14,12,0,41,0,0,0,0
162.9864,2,0,6,0,0,0,0,-1,0,4.0000,-1,15,14,12,0,41,0,0,0,0
163.0048,2,0,6,0,0,0,0,-1,0,4.0000,-1,15,14,12,0,41,0,0,0,0
163.0209,2,0,6,0,0,0,0,-1,0,4.0000,-1,15,14,12,0,41,0,0,0,0
163.0372,2,0,6,0,0,0,0,-1,0,4.0000,-1,15,14,12,0,41,0,0,0,0
163.0596,2,0,6,0,0,0,0,-1,0,4.0000,-1,15,14,12,0,41,0,0,0,0
163.08,2,0,6,0,0,0,0,-1,0,4.0000,-1,15,14,12,0,41,0,0,0,0
163.1013,2,0,6,0,0,0,0,-1,0,4.0000,-1,15,14,12,0,41,0,0,0,0
163.1257,2,0,6,0,0,0,0,-1,0,3.0000,-1,15,14,12,0,41,0,0,0,0
163.1473,2,0,6,0,0,0,0,-1,0,3.0000,-1,15,14,12,0,41,0,0,0,0
163.1705,2,0,6,0,0,0,0,-1,0,3.0000,-1,15,14,12,0,41,0,0,0,0
163.1937,2,0,6,0,0,0,0,-1,0,2.0000,-1,15,14,12,0,41,0,0,0,0
163.2175,2,0,6,0,0,0,0,-1,0,2.0000,-1,15,14,12,0,41,0,0,0,0
163.2419,2,0,6,0,0,0,0,-1,0,2.0000,-1,15,14,12,0,41,0,0,0,0
163.2641,2,0,6,0,0,0,0,-1,0,2.0000,-1,15,14,12,0,41,0,0,0,0
163.2875,2,0,6,0,0,0,0,-1,0,2.0000,-1,15,14,12,0,41,0,0,0,0
163.3163,2,0,6,0,0,0,0,-1,0,2.0000,-1,15,14,12,0,41,0,0,0,0
163.339,2,0,6,0,0,0,0,-1,0,2.0000,-1,15,14,12,0,41,0,0,0,0
163.382,2,0,6,0,0,0,0,-1,0,2.0000,-1,15,14,12,0,41,0,0,0,0
163.3958,2,0,6,0,0,0,0,-1,0,2.0000,-1,15,14,12,0,41,0,0,0,0
163.4129,2,0,6,0,0,0,0,-1,0,2.0000,-1,15,14,12,0,41,0,0,0,0
163.4373,2,0,6,0,0,0,0,-1,0,2.0000,-1,15,14,12,0,41,0,0,0,0
163.4638,2,0,6,0,0,0,0,-1,0,2.0000,-1,15,14,12,0,41,0,0,0,0
163.4873,2,0,6,0,0,0,0,-1,0,2.0000,-1,15,14,12,0,41,0,0,0,0
163.5158,2,0,6,0,0,0,0,-1,0,2.0000,-1,15,14,12,0,41,0,0,0,0
163.5369,2,0,6,0,0,0,0,-1,0,2.0000,-1,15,14,12,0,41,0,0,0,0
163.5623,2,0,6,0,0,0,0,-1,0,2.0000,-1,15,14,12,0,41,0,0,0,0
163.5846,2,0,6,0,0,0,0,-1,0,2.0000,-1,15,14,12,0,41,0,0,0,0
163.6084,2,0,6,0,0,0,0,-1,0,2.0000,-1,15,14,12,0,41,0,0,0,0
163.6322,2,0,6,0,0,0,0,-1,0,2.0000,-1,15,14,12,0,41,0,0,0,0
163.6589,2,0,6,0,0,0,0,-1,0,2.0000,-1,15,14,12,0,41,0,0,0,0
163.6825,2,0,6,0,0,0,0,-1,0,2.0000,-1,15,14,12,0,41,0,0,0,0
163.7048,2,0,6,0,0,0,0,-1,0,2.0000,-1,15,14,12,0,41,0,0,0,0
163.7266,2,0,6,0,0,0,0,-1,0,2.0000,-1,15,14,12,0,41,0,0,0,0
163.7502,2,0,6,0,0,0,0,-1,0,2.0000,-1,15,14,12,0,41,0,0,0,0
163.7706,2,0,6,0,0,0,0,-1,0,2.0000,-1,15,14,12,0,41,0,0,0,0
163.7951,2,0,6,0,0,0,0,-1,0,2.0000,-1,15,14,12,0,41,0,0,0,0
163.8156,2,0,6,0,0,0,0,-1,0,1.0000,-1,15,14,12,0,41,0,0,0,0
163.839,2,0,6,0,0,0,0,-1,0,1.0000,-1,15,14,12,0,41,0,0,0,0
163.8607,2,0,6,0,0,0,0,-1,0,1.0000,-1,15,14,12,0,41,0,0,0,0
163.8808,2,0,6,0,0,0,0,-1,0,0.0000,-1,15,14,12,0,41,0,0,0,0
163.9028,2,0,6,0,0,0,0,-1,0,0.0000,-1,15,14,12,0,41,0,0,0,0
163.924,2,0,6,0,0,0,0,-1,0,0.0000,-1,15,14,12,0,41,0,0,0,0
163.9472,2,0,6,0,0,0,0,-1,0,0.0000,-1,15,14,12,0,41,0,0,0,0
164.0544,2,0,6,0,0,0,0,-1,1,1.0000,-1,15,14,12,0,41,0,0,0,0
164.0869,2,0,6,0,0,0,0,-1,0,1.0000,-1,15,14,12,0,41,0,0,0,0
164.0972,2,0,6,0,0,0,0,-1,0,1.0000,-1,15,14,12,0,41,0,0,0,0
164.12,2,0,6,0,0,0,0,-1,0,1.0000,-1,15,14,12,0,41,0,0,0,0
164.1433,2,0,6,0,0,0,0,-1,0,1.0000,-1,15,14,12,0,41,0,0,0,0
164.1685,2,0,6,0,0,0,0,-1,0,1.0000,-1,15,14,12,0,41,0,0,0,0
164.1924,2,0,6,0,0,0,0,-1,0,1.0000,-1,15,14,12,0,41,0,0,0,0
164.2178,2,0,6,0,0,0,0,-1,0,1.0000,-1,15,14,12,0,41,0,0,0,0
164.24,2,0,6,0,0,0,0,-1,0,1.0000,-1,15,14,12,0,41,0,0,0,0
164.2654,2,0,6,0,0,0,0,-1,0,1.0000,-1,15,14,12,0,41,0,0,0,0
164.3109,2,0,6,0,0,0,0,-1,1,2.0000,-1,15,14,12,0,41,0,0,0,0
164.3263,2,0,6,0,0,0,0,-1,0,2.0000,-1,15,14,12,0,41,0,0,0,0
164.3441,2,0,6,0,0,0,1,177,0,2.0000,-1,15,14,12,0,41,0,0,0,0
164.3616,2,0,6,0,0,0,1,177,0,2.0000,-1,15,14,12,0,41,0,0,0,0
164.3855,2,0,6,0,0,0,1,177,0,2.0000,-1,15,14,12,0,41,0,0,0,0
164.4087,2,0,6,0,0,0,1,177,0,2.0000,-1,15,14,12,0,41,0,0,0,0
164.4309,2,0,6,0,0,0,1,177,0,2.0000,-1,15,14,12,0,41,0,0,0,0
164.4535,2,0,6,0,0,0,1,177,0,2.0000,-1,15,14,12,0,41,0,0,0,0
164.4745,2,0,6,0,0,0,1,177,0,2.0000,-1,15,14,12,0,41,0,0,0,0
164.5217,2,0,6,0,0,0,1,177,1,3.0000,-1,15,14,12,0,41,0,0,0,0
164.5383,2,0,6,0,0,0,1,177,0,3.0000,-1,15,14,12,0,41,0,0,0,0
164.5529,2,0,6,0,0,0,1,177,0,3.0000,-1,15,14,12,0,41,0,0,0,0
164.5713,2,0,6,0,0,0,1,177,0,3.0000,-1,15,14,12,0,41,0,0,0,0
164.5944,2,0,6,0,0,0,1,177,0,3.0000,-1,15,14,12,0,41,0,0,0,0
164.6218,2,0,6,0,0,0,1,177,0,3.0000,-1,15,14,12,0,41,0,0,0,0
164.645,2,0,6,0,0,0,1,177,0,3.0000,-1,15,14,12,0,41,0,0,0,0
164.6704,2,0,6,0,0,0,1,177,1,4.0000,-1,15,14,12,0,41,0,0,0,0
164.6926,2,0,6,0,0,0,1,177,0,4.0000,-1,15,14,12,0,41,0,0,0,0
164.7169,2,0,6,0,0,0,1,177,0,4.0000,-1,15,14,12,0,41,0,0,0,0
164.7415,2,0,6,0,0,0,1,177,1,5.0000,-1,15,14,12,0,41,0,0,0,0
164.7664,2,0,6,0,0,0,1,177,0,5.0000,-1,15,14,12,0,41,0,0,0,0
164.7891,2,0,6,0,0,0,0,-1,0,5.0000,-1,15,14,12,0,41,0,0,0,0
164.8121,2,0,6,0,0,0,0,-1,0,5.0000,-1,15,14,12,0,41,0,0,0,0
164.8362,2,0,6,0,0,0,0,-1,0,5.0000,-1,15,14,12,0,41,0,0,0,0
164.8608,2,0,6,0,0,0,0,-1,0,5.0000,177,15,15,12,0,42,0,0,0,0
164.8891,2,0,6,0,0,0,0,-1,0,5.0000,-1,15,15,12,0,42,0,0,0,0
164.9139,2,0,6,0,0,0,0,-1,0,5.0000,-1,15,15,12,0,42,0,0,0,0
164.9556,2,0,6,0,0,0,0,-1,0,5.0000,-1,15,15,12,0,42,0,0,0,0
164.9773,2,0,6,0,0,0,0,-1,0,5.0000,-1,15,15,12,0,42,0,0,0,0
164.9986,2,0,6,0,0,0,0,-1,0,5.0000,-1,15,15,12,0,42,0,0,0,0
165.0231,2,0,6,0,0,0,0,-1,0,5.0000,-1,15,15,12,0,42,0,0,0,0
165.0487,2,0,6,0,0,0,0,-1,0,5.0000,-1,15,15,12,0,42,0,0,0,0
165.0702,2,0,6,0,0,0,0,-1,0,4.0000,-1,15,15,12,0,42,0,0,0,0
165.1,2,0,6,0,0,0,0,-1,0,4.0000,-1,15,15,12,0,42,0,0,0,0
165.1223,2,0,6,0,0,0,0,-1,0,4.0000,-1,15,15,12,0,42,0,0,0,0
165.1427,2,0,6,0,0,0,0,-1,0,4.0000,-1,15,15,12,0,42,0,0,0,0
165.1634,2,0,6,0,0,0,0,-1,0,4.0000,-1,15,15,12,0,42,0,0,0,0
165.1918,2,0,6,0,0,0,0,-1,0,4.0000,-1,15,15,12,0,42,0,0,0,0
165.2165,2,0,6,0,0,0,0,-1,0,4.0000,-1,15,15,12,0,42,0,0,0,0
165.2435,2,0,6,0,0,0,0,-1,0,4.0000,-1,15,15,12,0,42,0,0,0,0
165.2648,2,0,6,0,0,0,0,-1,0,4.0000,-1,15,15,12,0,42,0,0,0,0
165.2921,2,0,6,0,0,0,0,-1,0,4.0000,-1,15,15,12,0,42,0,0,0,0
165.3164,2,0,6,0,0,0,0,-1,1,4.0000,-1,15,15,12,0,42,0,0,0,0
165.3409,2,0,6,0,0,0,0,-1,0,4.0000,-1,15,15,12,0,42,0,0,0,0
165.3668,2,0,6,0,0,0,0,-1,0,4.0000,-1,15,15,12,0,42,0,0,0,0
165.3902,2,0,6,0,0,0,0,-1,0,4.0000,-1,15,15,12,0,42,0,0,0,0
165.4133,2,0,6,0,0,0,0,-1,0,4.0000,-1,15,15,12,0,42,0,0,0,0
165.4389,2,0,6,0,0,0,0,-1,0,4.0000,-1,15,15,12,0,42,0,0,0,0
165.4633,2,0,6,0,0,0,0,-1,0,4.0000,-1,15,15,12,0,42,0,0,0,0
165.4856,2,0,6,0,0,0,0,-1,0,4.0000,-1,15,15,12,0,42,0,0,0,0
165.5087,2,0,6,0,0,0,0,-1,0,4.0000,-1,15,15,12,0,42,0,0,0,0
165.5284,2,0,6,0,0,0,0,-1,0,3.0000,-1,15,15,12,0,42,0,0,0,0
165.5545,2,0,6,0,0,0,0,-1,0,3.0000,-1,15,15,12,0,42,0,0,0,0
165.5787,2,0,6,0,0,0,0,-1,0,3.0000,-1,15,15,12,0,42,0,0,0,0
165.6035,2,0,6,0,0,0,0,-1,0,3.0000,-1,15,15,12,0,42,0,0,0,0
165.6257,2,0,6,0,0,0,0,-1,0,3.0000,-1,15,15,12,0,42,0,0,0,0
165.6488,2,0,6,0,0,0,0,-1,0,3.0000,-1,15,15,12,0,42,0,0,0,0
165.6727,2,0,6,0,0,0,0,-1,0,2.0000,-1,15,15,12,0,42,0,0,0,0
165.6967,2,0,6,0,0,0,0,-1,0,2.0000,-1,15,15,12,0,42,0,0,0,0
165.7213,2,0,6,0,0,0,0,-1,0,2.0000,-1,15,15,12,0,42,0,0,0,0
165.7435,2,0,6,0,0,0,0,-1,0,1.0000,-1,15,15,12,0,42,0,0,0,0
165.7659,2,0,6,0,0,0,0,-1,0,1.0000,-1,15,15,12,0,42,0,0,0,0
165.8109,2,0,6,0,0,0,0,-1,0,1.0000,-1,15,15,12,0,42,0,0,0,0
165.8275,2,0,6,0,0,0,0,-1,0,1.0000,-1,15,15,12,0,42,0,0,0,0
165.8438,2,0,6,0,0,0,0,-1,0,1.0000,-1,15,15,12,0,42,0,0,0,0
165.8628,2,0,6,0,0,0,0,-1,0,1.0000,-1,15,15,12,0,42,0,0,0,0
165.8869,2,0,6,0,0,0,0,-1,0,1.0000,-1,15,15,12,0,42,0,0,0,0
165.9108,2,0,6,0,0,0,0,-1,0,1.0000,-1,15,15,12,0,42,0,0,0,0
165.934,2,0,6,0,0,0,0,-1,0,1.0000,-1,15,15,12,0,42,0,0,0,0
165.9598,2,0,6,0,0,0,0,-1,0,1.0000,-1,15,15,12,0,42,0,0,0,0
165.9783,2,0,6,0,0,0,0,-1,0,1.0000,-1,15,15,12,0,42,0,0,0,0
166.0218,2,0,6,0,0,0,0,-1,0,1.0000,-1,15,15,12,0,42,0,0,0,0
166.0365,2,0,6,0,0,0,0,-1,0,1.0000,-1,15,15,12,0,42,0,0,0,0
166.0514,2,0,6,0,0,0,0,-1,0,1.0000,-1,15,15,12,0,42,0,0,0,0
166.0767,2,0,6,0,0,0,0,-1,0,1.0000,-1,15,15,12,0,42,0,0,0,0
166.0967,2,0,6,0,0,0,0,-1,0,1.0000,-1,15,15,12,0,42,0,0,0,0
166.1213,2,0,6,0,0,0,0,-1,0,1.0000,-1,15,15,12,0,42,0,0,0,0
166.1461,2,0,6,0,0,0,0,-1,0,1.0000,-1,15,15,12,0,42,0,0,0,0
166.1698,2,0,6,0,0,0,0,-1,0,1.0000,-1,15,15,12,0,42,0,0,0,0
166.1948,2,0,6,0,0,0,0,-1,0,1.0000,-1,15,15,12,0,42,0,0,0,0
166.2144,2,0,6,0,0,0,0,-1,0,1.0000,-1,15,15,12,0,42,0,0,0,0
166.239,2,0,6,0,0,0,0,-1,0,1.0000,-1,15,15,12,0,42,0,0,0,0
166.2617,2,0,6,0,0,0,0,-1,0,1.0000,-1,15,15,12,0,42,0,0,0,0
166.282,2,0,6,0,0,0,0,-1,0,1.0000,-1,15,15,12,0,42,0,0,0,0
166.3072,2,0,6,0,0,0,0,-1,0,1.0000,-1,15,15,12,0,42,0,0,0,0
166.3295,2,0,6,0,0,0,0,-1,0,0.0000,-1,15,15,12,0,42,0,0,0,0
166.3494,2,0,6,0,0,0,0,-1,0,0.0000,-1,15,15,12,0,42,0,0,0,0
166.3733,2,0,6,0,0,0,0,-1,0,0.0000,-1,15,15,12,0,42,0,0,0,0
166.3976,2,0,6,0,0,0,0,-1,0,0.0000,-1,15,15,12,0,42,0,0,0,0
166.4197,2,0,6,0,0,0,0,-1,0,0.0000,-1,15,15,12,0,42,0,0,0,0
166.4427,2,0,6,0,0,0,0,-1,0,0.0000,-1,15,15,12,0,42,0,0,0,0
166.4688,2,0,6,0,0,0,0,-1,0,0.0000,-1,15,15,12,0,42,0,0,0,0
166.4899,2,0,6,0,0,0,0,-1,0,0.0000,-1,15,15,12,0,42,0,0,0,0
166.511,2,0,6,0,0,0,0,-1,0,0.0000,-1,15,15,12,0,42,0,0,0,0
166.5346,2,0,6,0,0,0,0,-1,0,0.0000,-1,15,15,12,0,42,0,0,0,0
166.5574,2,0,6,0,0,0,0,-1,0,0.0000,-1,15,15,12,0,42,0,0,0,0
166.5803,2,0,6,0,0,0,0,-1,0,0.0000,-1,15,15,12,0,42,0,0,0,0
166.6042,2,0,6,0,0,0,0,-1,0,0.0000,-1,15,15,12,0,42,0,0,0,0
166.625,2,0,6,0,0,0,0,-1,0,0.0000,-1,15,15,12,0,42,0,0,0,0
166.6451,2,0,6,0,0,0,0,-1,0,0.0000,-1,15,15,12,0,42,0,0,0,0
166.6694,2,0,6,0,0,0,0,-1,0,0.0000,-1,15,15,12,0,42,0,0,0,0
166.6909,2,0,6,0,0,0,0,-1,0,0.0000,-1,15,15,12,0,42,0,0,0,0
166.7104,2,0,6,0,0,0,0,-1,0,0.0000,-1,15,15,12,0,42,0,0,0,0
166.7352,2,0,6,0,0,0,0,-1,0,0.0000,-1,15,15,12,0,42,0,0,0,0
166.7559,2,0,6,0,0,0,0,-1,0,0.0000,-1,15,15,12,0,42,0,0,0,0
166.778,2,0,6,0,0,0,0,-1,0,0.0000,-1,15,15,12,0,42,0,0,0,0
166.8001,2,0,6,0,0,0,0,-1,0,0.0000,-1,15,15,12,0,42,0,0,0,0
166.8244,2,0,6,0,0,0,0,-1,0,0.0000,-1,15,15,12,0,42,0,0,0,0
166.8468,2,0,6,0,0,0,0,-1,0,0.0000,-1,15,15,12,0,42,0,0,0,0
166.8683,2,0,6,0,0,0,0,-1,0,0.0000,-1,15,15,12,0,42,0,0,0,0
166.8918,2,0,6,0,0,0,0,-1,0,0.0000,-1,15,15,12,0,42,0,0,0,0
166.9123,2,0,6,0,0,0,0,-1,0,0.0000,-1,15,15,12,0,42,0,0,0,0
166.9344,2,0,6,0,0,0,0,-1,0,0.0000,-1,15,15,12,0,42,0,0,0,0
166.9565,2,0,6,0,0,0,0,-1,0,0.0000,-1,15,15,12,0,42,0,0,0,0
166.9772,2,0,6,0,0,0,0,-1,0,0.0000,-1,15,15,12,0,42,0,0,0,0
166.9994,2,0,6,0,0,0,0,-1,0,0.0000,-1,15,15,12,0,42,0,0,0,0
167.0238,2,0,6,0,0,0,0,-1,0,0.0000,-1,15,15,12,0,42,0,0,0,0
167.0431,2,0,6,0,0,0,0,-1,0,0.0000,-1,15,15,12,0,42,0,0,0,0
167.066,2,0,6,0,0,0,0,-1,0,0.0000,-1,15,15,12,0,42,0,0,0,0
167.0884,2,0,6,0,0,0,0,-1,0,0.0000,-1,15,15,12,0,42,0,0,0,0
167.1094,2,0,6,0,0,0,0,-1,0,0.0000,-1,15,15,12,0,42,0,0,0,0
167.1306,2,0,6,0,0,0,0,-1,0,0.0000,-1,15,15,12,0,42,0,0,0,0
167.1524,2,0,6,0,0,0,0,-1,0,0.0000,-1,15,15,12,0,42,0,0,0,0
167.1742,2,0,6,0,0,0,0,-1,0,0.0000,-1,15,15,12,0,42,0,0,0,0
167.1955,2,0,6,0,0,0,0,-1,0,0.0000,-1,15,15,12,0,42,0,0,0,0
167.2171,2,0,6,0,0,0,0,-1,0,0.0000,-1,15,15,12,0,42,0,0,0,0
167.2392,2,0,6,0,0,0,0,-1,0,0.0000,-1,15,15,12,0,42,0,0,0,0
167.2607,2,0,6,0,0,0,0,-1,0,0.0000,-1,15,15,12,0,42,0,0,0,0
167.3037,2,0,6,0,0,0,0,-1,0,0.0000,-1,15,15,12,0,42,0,0,0,0
167.3215,2,0,6,0,0,0,0,-1,0,0.0000,-1,15,15,12,0,42,0,0,0,0
167.3367,2,0,6,0,0,0,0,-1,0,0.0000,-1,15,15,12,0,42,0,0,0,0
167.3529,2,0,6,0,0,0,0,-1,0,0.0000,-1,15,15,12,0,42,0,0,0,0
167.3774,2,0,6,0,0,0,0,-1,0,0.0000,-1,15,15,12,0,42,0,0,0,0
167.3996,2,0,6,0,0,0,0,-1,0,0.0000,-1,15,15,12,0,42,0,0,0,0
167.4219,2,0,6,0,0,0,0,-1,0,0.0000,-1,15,15,12,0,42,0,0,0,0
167.4446,2,0,6,0,0,0,0,-1,0,0.0000,-1,15,15,12,0,42,0,0,0,0
167.4681,2,0,6,0,0,0,0,-1,0,0.0000,-1,15,15,12,0,42,0,0,0,0
167.507,2,0,6,0,0,0,0,-1,0,0.0000,-1,15,15,12,0,42,0,0,0,0
167.5241,2,0,6,1,0,0,0,-1,0,0.0000,-1,15,15,12,0,42,0,0,0,0
167.5415,2,0,6,1,0,0,0,-1,0,0.0000,-1,15,15,12,0,42,0,0,0,0
167.5562,2,0,6,1,0,0,0,-1,0,0.0000,-1,15,15,12,0,42,0,0,0,0
167.5809,2,0,6,1,0,0,0,-1,0,0.0000,-1,15,15,12,0,42,0,0,0,0
167.6032,2,0,6,1,0,0,0,-1,0,0.0000,-1,15,15,12,0,42,0,0,0,0
167.6239,2,0,6,1,0,0,0,-1,0,0.0000,-1,15,15,12,0,42,0,0,0,0
167.6456,2,0,6,1,0,0,0,-1,0,0.0000,-1,15,15,12,0,42,0,0,0,0
167.6662,2,0,6,1,0,0,0,-1,0,0.0000,-1,15,15,12,0,42,0,0,0,0
167.6891,2,0,6,1,0,0,0,-1,0,0.0000,-1,15,15,12,0,42,0,0,0,0
167.7334,2,0,6,1,0,0,0,-1,0,0.0000,-1,15,15,12,0,42,0,0,0,0
167.7512,2,0,6,1,0,0,0,-1,0,0.0000,-1,15,15,12,0,42,0,0,0,0
167.7668,2,0,6,1,0,0,0,-1,0,0.0000,-1,15,15,12,0,42,0,0,0,0
167.7812,2,0,6,1,0,0,0,-1,1,1.0000,-1,15,15,12,0,42,0,0,0,0
167.8057,2,0,6,1,0,0,0,-1,0,1.0000,-1,15,15,12,0,42,0,0,0,0
167.8275,2,0,6,1,0,0,0,-1,0,1.0000,-1,15,15,12,0,42,0,0,0,0
167.8518,2,0,6,1,0,0,0,-1,0,1.0000,-1,15,15,12,0,42,0,0,0,0
167.8748,2,0,6,1,0,0,0,-1,0,1.0000,-1,15,15,12,0,42,0,0,0,0
167.8998,2,0,6,1,0,0,0,-1,0,1.0000,-1,15,15,12,0,42,0,0,0,0
167.9459,2,0,6,1,0,0,0,-1,0,1.0000,-1,15,15,12,0,42,0,0,0,0
167.9662,2,0,6,1,0,0,0,-1,0,1.0000,-1,15,15,12,0,42,0,0,0,0
167.9812,2,0,6,1,0,0,0,-1,0,1.0000,-1,15,15,12,0,42,0,0,0,0
167.9995,2,0,6,1,0,0,0,-1,0,1.0000,-1,15,15,12,0,42,0,0,0,0
168.0258,2,0,6,0,0,0,0,-1,0,1.0000,-1,15,15,12,0,42,0,0,0,0
168.0487,2,0,6,0,0,0,0,-1,0,1.0000,-1,15,15,12,0,42,0,0,0,0
168.0722,2,0,6,0,0,0,1,184,0,1.0000,-1,15,15,12,0,42,0,0,0,0
168.0965,2,0,6,0,0,0,1,184,0,1.0000,-1,15,15,12,0,42,0,0,0,0
168.1236,2,0,6,0,0,0,1,184,0,1.0000,-1,15,15,12,0,42,0,0,0,0
168.1609,2,0,6,0,0,0,1,184,0,1.0000,-1,15,15,12,0,42,0,0,0,0
168.1751,2,0,6,0,0,0,1,184,0,1.0000,-1,15,15,12,0,42,0,0,0,0
168.1915,2,0,6,0,0,0,1,184,0,1.0000,-1,15,15,12,0,42,0,0,0,0
168.2143,2,0,6,0,0,0,1,184,0,1.0000,-1,15,15,12,0,42,0,0,0,0
168.2362,2,0,6,0,1,0,1,184,0,1.0000,-1,15,15,12,0,42,0,0,0,0
168.2594,2,0,6,0,1,0,1,184,0,1.0000,-1,15,15,12,0,42,0,0,0,0
168.2811,2,0,6,0,1,0,1,184,0,1.0000,-1,15,15,12,0,42,0,0,0,0
168.3009,2,0,6,0,1,0,1,184,0,1.0000,-1,15,15,12,0,42,0,0,0,0
168.3245,2,0,6,0,1,0,1,184,0,1.0000,-1,15,15,12,0,42,0,0,0,0
168.3634,2,0,6,0,1,0,1,184,0,1.0000,-1,15,15,12,0,42,0,0,0,0
168.3817,2,0,6,0,1,0,1,184,0,1.0000,-1,15,15,12,0,42,0,0,0,0
168.3977,2,0,6,0,1,0,1,184,1,2.0000,-1,15,15,12,0,42,0,0,0,0
168.4126,2,0,6,0,1,0,0,-1,0,2.0000,-1,15,15,12,0,42,0,0,0,0
168.436,2,0,6,0,1,0,0,-1,0,2.0000,-1,15,15,12,0,42,0,0,0,0
168.4553,2,0,6,0,1,0,0,-1,0,2.0000,-1,15,15,12,0,42,0,0,0,0
168.4782,2,0,6,0,1,0,0,-1,0,2.0000,-1,15,15,12,0,42,0,0,0,0
168.4996,2,0,6,0,1,0,0,-1,0,2.0000,-1,15,15,12,0,42,0,0,0,0
168.522,2,0,6,0,1,0,0,-1,0,2.0000,-1,15,15,12,0,42,0,0,0,0
168.5464,2,0,6,0,1,0,0,-1,0,2.0000,-1,15,15,12,0,42,0,0,0,0
168.5729,2,0,6,0,1,0,0,-1,0,2.0000,-1,15,15,12,0,42,0,0,0,0
168.595,2,0,6,0,1,0,0,-1,0,2.0000,-1,15,15,12,0,42,0,0,0,0
168.6178,2,0,6,0,1,0,0,-1,1,3.0000,-1,15,15,12,0,42,0,0,0,0
168.6391,2,0,6,0,1,0,0,-1,0,3.0000,-1,15,15,12,0,42,0,0,0,0
168.6599,2,0,6,0,1,0,0,-1,0,3.0000,-1,15,15,12,0,42,0,0,0,0
168.6816,2,0,6,0,1,0,0,-1,0,3.0000,-1,15,15,12,0,42,0,0,0,0
168.7039,2,0,6,0,1,0,0,-1,0,3.0000,-1,15,15,12,0,42,0,0,0,0
168.7244,2,0,6,0,1,0,0,-1,0,3.0000,-1,15,15,12,0,42,0,0,0,0
168.746,2,0,6,0,1,0,0,-1,0,3.0000,-1,15,15,12,0,42,0,0,0,0
168.7672,2,0,6,0,1,0,0,-1,0,3.0000,-1,15,15,12,0,42,0,0,0,0
168.81,2,0,6,0,1,0,0,-1,0,2.0000,-1,15,15,12,0,42,0,0,0,0
168.8332,2,0,6,0,1,0,0,-1,0,2.0000,-1,15,15,12,0,42,0,0,0,0
168.8526,2,0,6,0,1,0,0,-1,0,2.0000,-1,15,15,12,0,42,0,0,0,0
168.8725,2,0,6,0,1,0,0,-1,0,2.0000,-1,15,15,12,0,42,0,0,0,0
168.891,2,0,6,0,1,0,0,-1,0,2.0000,-1,15,15,12,0,42,0,0,0,0
168.9116,2,0,6,0,1,0,0,-1,0,2.0000,-1,15,15,12,0,42,0,0,0,0
168.9299,2,0,6,0,1,0,0,-1,0,2.0000,-1,15,15,12,0,42,0,0,0,0
168.9483,2,0,6,0,1,0,0,-1,0,2.0000,-1,15,15,12,0,42,0,0,0,0
168.9669,2,0,6,0,1,0,0,-1,0,2.0000,-1,15,15,12,0,42,0,0,0,0
168.9872,2,0,6,0,1,0,0,-1,0,2.0000,-1,15,15,12,0,42,0,0,0,0
169.023,2,0,6,0,1,0,0,-1,0,2.0000,-1,15,15,12,0,42,0,0,0,0
169.0349,2,0,6,0,1,0,0,-1,0,2.0000,-1,15,15,12,0,42,0,0,0,0
169.0532,2,0,6,0,1,0,0,-1,0,2.0000,-1,15,15,12,0,42,0,0,0,0
169.0765,2,0,6,0,1,0,0,-1,0,2.0000,-1,15,15,12,0,42,0,0,0,0
169.0969,2,0,6,0,1,0,0,-1,0,2.0000,-1,15,15,12,0,42,0,0,0,0
169.1187,2,0,6,0,1,0,0,-1,1,3.0000,-1,15,15,12,0,42,0,0,0,0
169.1401,2,0,6,0,1,0,0,-1,0,3.0000,-1,15,15,12,0,42,0,0,0,0
169.1609,2,0,6,0,1,0,0,-1,0,3.0000,-1,15,15,12,0,42,0,0,0,0
169.1782,2,0,6,0,1,0,0,-1,0,3.0000,-1,15,15,12,0,42,0,0,0,0
169.1966,2,0,6,0,1,0,0,-1,0,3.0000,-1,15,15,12,0,42,0,0,0,0
169.2199,2,0,6,0,1,0,0,-1,0,3.0000,-1,15,15,12,0,42,0,0,0,0
169.2429,2,0,6,0,0,1,0,-1,0,3.0000,-1,15,15,12,0,42,0,0,0,0
169.2647,2,0,6,0,0,0,0,-1,0,3.0000,-1,15,15,12,0,42,0,0,0,0
169.2843,2,0,6,0,0,0,0,-1,0,3.0000,-1,15,15,12,0,42,0,0,0,0
169.3046,2,0,6,0,0,0,0,-1,0,3.0000,-1,15,15,12,0,42,0,0,0,0
169.3252,2,0,6,0,0,0,0,-1,0,3.0000,-1,15,15,12,0,42,0,0,0,0
169.344,2,0,6,0,0,0,0,-1,0,3.0000,-1,15,15,12,0,42,0,0,0,0
169.3646,2,0,6,0,0,0,0,-1,0,3.0000,-1,15,15,12,0,42,0,0,0,0
169.3877,2,0,6,0,0,0,0,-1,0,3.0000,-1,15,15,12,0,42,0,0,0,0
169.4084,2,0,6,0,0,0,0,-1,0,2.0000,-1,15,15,12,0,42,0,0,0,0
169.4476,2,0,6,0,0,0,0,-1,0,2.0000,-1,15,15,12,0,42,0,0,0,0
169.4618,2,0,6,0,0,0,0,-1,0,2.0000,-1,15,15,12,0,42,0,0,0,0
169.4779,2,0,6,0,0,0,0,-1,0,2.0000,-1,15,15,12,0,42,0,0,0,0
169.4967,2,0,6,0,0,0,0,-1,0,2.0000,-1,15,15,12,0,42,0,0,0,0
169.5195,2,0,6,0,0,0,0,-1,0,2.0000,-1,15,15,12,0,42,0,0,0,0
169.5389,2,0,6,0,0,0,0,-1,0,2.0000,-1,15,15,12,0,42,0,0,0,0
169.5617,2,0,6,0,0,0,0,-1,0,2.0000,-1,15,15,12,0,42,0,0,0,0
169.5841,2,0,6,0,0,0,0,-1,1,3.0000,-1,15,15,12,0,42,0,0,0,0
169.6045,2,0,6,0,0,0,0,-1,0,3.0000,-1,15,15,12,0,42,0,0,0,0
169.626,2,0,6,0,0,0,0,-1,0,2.0000,-1,15,15,12,0,42,0,0,0,0
169.6444,2,0,6,0,0,0,0,-1,0,2.0000,-1,15,15,12,0,42,0,0,0,0
169.6668,2,0,6,0,0,0,0,-1,0,2.0000,-1,15,15,12,0,42,0,0,0,0
169.6895,2,0,6,0,0,0,0,-1,0,2.0000,-1,15,15,12,0,42,0,0,0,0
169.7125,2,0,6,0,0,0,0,-1,0,2.0000,-1,15,15,12,0,42,0,0,0,0
169.7307,2,0,6,0,0,0,0,-1,0,2.0000,-1,15,15,12,0,42,0,0,0,0
169.7516,2,0,6,0,0,0,0,-1,0,2.0000,-1,15,15,12,0,42,0,0,0,0
169.7731,2,0,6,0,0,0,0,-1,0,2.0000,-1,15,15,12,0,42,0,0,0,0
169.7941,2,0,6,0,0,0,0,-1,0,2.0000,-1,15,15,12,0,42,0,0,0,0
169.8172,2,0,6,0,0,0,0,-1,1,3.0000,-1,15,15,12,0,42,0,0,0,0
169.8363,2,0,6,0,0,0,0,-1,0,3.0000,-1,15,15,12,0,42,0,0,0,0
169.8759,2,0,6,0,0,0,1,189,0,3.0000,-1,15,15,12,0,42,0,0,0,0
169.8902,2,0,6,0,0,0,1,189,0,3.0000,-1,15,15,12,0,42,0,0,0,0
169.9064,2,0,6,0,0,0,1,189,0,3.0000,-1,15,15,12,0,42,0,0,0,0
169.9225,2,0,6,0,0,0,1,189,0,3.0000,-1,15,15,12,0,42,0,0,0,0
169.9439,2,0,6,0,0,0,1,189,0,3.0000,-1,15,15,12,0,42,0,0,0,0
169.9666,2,0,6,0,0,0,1,189,1,4.0000,-1,15,15,12,0,42,0,0,0,0
169.9855,2,0,6,0,0,0,1,189,0,4.0000,-1,15,15,12,0,42,0,0,0,0
170.0083,2,0,6,0,0,0,1,189,0,4.0000,-1,15,15,12,0,42,0,0,0,0
170.0307,2,0,6,0,0,0,1,189,0,4.0000,-1,15,15,12,0,42,0,0,0,0
170.0518,2,0,6,0,0,0,1,189,0,4.0000,-1,15,15,12,0,42,0,0,0,0
170.0732,2,0,6,0,0,0,1,189,0,4.0000,-1,15,15,12,0,42,0,0,0,0
170.0945,2,0,6,0,0,0,1,189,0,4.0000,-1,15,15,12,0,42,0,0,0,0
170.1165,2,0,6,0,0,0,1,189,0,4.0000,-1,15,15,12,0,42,0,0,0,0
170.1384,2,0,6,0,0,0,1,189,0,3.0000,-1,15,15,12,0,42,0,0,0,0
170.1599,2,0,6,0,0,0,1,189,0,3.0000,-1,15,15,12,0,42,0,0,0,0
170.1867,2,0,6,0,0,0,1,189,0,3.0000,-1,15,15,12,0,42,0,0,0,0
170.2057,2,0,6,0,0,0,1,189,0,3.0000,-1,15,15,12,0,42,0,0,0,0
170.226,2,0,6,0,0,0,1,189,0,3.0000,-1,15,15,12,0,42,0,0,0,0
170.2494,2,0,6,0,0,0,1,189,0,3.0000,-1,15,15,12,0,42,0,0,0,0
170.2704,2,0,6,0,0,0,1,189,0,3.0000,-1,15,15,12,0,42,0,0,0,0
170.31,2,0,6,0,0,0,1,189,0,3.0000,-1,15,15,12,0,42,0,0,0,0
170.3247,2,0,6,0,0,0,1,189,0,3.0000,-1,15,15,12,0,42,0,0,0,0
170.3405,2,0,6,0,0,0,1,189,0,3.0000,-1,15,15,12,0,42,0,0,0,0
170.3617,2,0,6,0,0,0,1,189,0,3.0000,-1,15,15,12,0,42,0,0,0,0
170.384,2,0,6,0,0,0,0,-1,0,3.0000,189,15,16,12,0,43,0,0,0,0
170.4096,2,0,6,0,0,0,0,-1,1,4.0000,-1,15,16,12,0,43,0,0,0,0
170.4298,2,0,6,0,0,0,0,-1,0,4.0000,-1,15,16,12,0,43,0,0,0,0
170.4522,2,0,6,0,0,0,0,-1,0,4.0000,-1,15,16,12,0,43,0,0,0,0
170.4721,2,0,6,0,0,0,0,-1,0,4.0000,-1,15,16,12,0,43,0,0,0,0
170.5127,2,0,6,0,0,0,0,-1,0,4.0000,-1,15,16,12,0,43,0,0,0,0
170.5257,2,0,6,0,0,0,0,-1,0,4.0000,-1,15,16,12,0,43,0,0,0,0
170.5413,2,0,6,0,0,0,0,-1,0,4.0000,-1,15,16,12,0,43,0,0,0,0
170.5629,2,0,6,0,0,0,0,-1,0,4.0000,-1,15,16,12,0,43,0,0,0,0
170.5834,2,0,6,0,0,0,0,-1,0,4.0000,-1,15,16,12,0,43,0,0,0,0
170.6051,2,0,6,0,0,0,0,-1,0,3.0000,-1,15,16,12,0,43,0,0,0,0
170.6303,2,0,6,0,0,0,0,-1,0,3.0000,-1,15,16,12,0,43,0,0,0,0
170.6528,2,0,6,0,0,0,0,-1,0,3.0000,-1,15,16,12,0,43,0,0,0,0
170.6752,2,0,6,0,0,0,0,-1,0,3.0000,-1,15,16,12,0,43,0,0,0,0
170.6974,2,0,6,0,0,0,0,-1,0,3.0000,-1,15,16,12,0,43,0,0,0,0
170.7201,2,0,6,0,0,0,0,-1,0,3.0000,-1,15,16,12,0,43,0,0,0,0
170.7384,2,0,6,0,0,0,0,-1,1,4.0000,-1,15,16,12,0,43,0,0,0,0
170.7589,2,0,6,0,0,0,0,-1,0,4.0000,-1,15,16,12,0,43,0,0,0,0
170.7817,2,0,6,0,0,0,0,-1,0,4.0000,-1,15,16,12,0,43,0,0,0,0
170.8017,2,0,6,0,0,0,0,-1,0,4.0000,-1,15,16,12,0,43,0,0,0,0
170.8247,2,0,6,0,0,0,0,-1,0,3.0000,-1,15,16,12,0,43,0,0,0,0
170.8466,2,0,6,0,0,0,0,-1,1,4.0000,-1,15,16,12,0,43,0,0,0,0
170.8656,2,0,6,0,0,0,0,-1,0,4.0000,-1,15,16,12,0,43,0,0,0,0
170.8885,2,0,6,0,0,0,0,-1,0,4.0000,-1,15,16,12,0,43,0,0,0,0
170.9075,2,0,6,0,0,0,0,-1,0,4.0000,-1,15,16,12,0,43,0,0,0,0
170.9286,2,0,6,0,0,0,0,-1,0,4.0000,-1,15,16,12,0,43,0,0,0,0
170.9508,2,0,6,0,0,0,0,-1,0,4.0000,-1,15,16,12,0,43,0,0,0,0
170.9713,2,0,6,0,0,0,0,-1,0,3.0000,-1,15,16,12,0,43,0,0,0,0
170.9922,2,0,6,0,0,0,0,-1,0,3.0000,-1,15,16,12,0,43,0,0,0,0
171.0098,2,0,6,0,0,0,0,-1,0,3.0000,-1,15,16,12,0,43,0,0,0,0
171.0297,2,0,6,0,0,0,0,-1,0,3.0000,-1,15,16,12,0,43,0,0,0,0
171.0545,2,0,6,0,0,0,0,-1,0,3.0000,-1,15,16,12,0,43,0,0,0,0
171.0742,2,0,6,0,0,0,0,-1,0,3.0000,-1,15,16,12,0,43,0,0,0,0
171.0944,2,0,6,0,0,0,0,-1,0,3.0000,-1,15,16,12,0,43,0,0,0,0
171.113,2,0,6,0,0,0,1,191,0,3.0000,-1,15,16,12,0,43,0,0,0,0
171.1331,2,0,6,0,0,0,1,191,0,3.0000,-1,15,16,12,0,43,0,0,0,0
171.1526,2,0,6,0,0,0,1,191,0,3.0000,-1,15,16,12,0,43,0,0,0,0
171.1745,2,0,6,0,0,0,0,-1,1,4.0000,-1,15,16,12,0,43,0,0,0,0
171.1938,2,0,6,0,0,0,0,-1,0,4.0000,-1,15,16,12,0,43,0,0,0,0
171.2141,2,0,6,0,0,0,0,-1,0,4.0000,-1,15,16,12,0,43,0,0,0,0
171.232,2,0,6,0,0,0,0,-1,0,4.0000,-1,15,16,12,0,43,0,0,0,0
171.2512,2,0,6,0,0,0,0,-1,0,4.0000,-1,15,16,12,0,43,0,0,0,0
171.2736,2,0,6,0,0,0,0,-1,0,4.0000,-1,15,16,12,0,43,0,0,0,0
171.2935,2,0,6,0,0,0,0,-1,0,4.0000,-1,15,16,12,0,43,0,0,0,0
171.3145,2,0,6,0,0,0,0,-1,0,4.0000,-1,15,16,12,0,43,0,0,0,0
171.331,2,0,6,0,0,0,0,-1,0,4.0000,-1,15,16,12,0,43,0,0,0,0
171.3524,2,0,6,0,0,0,0,-1,0,4.0000,-1,15,16,12,0,43,0,0,0,0
171.3716,2,0,6,0,0,0,0,-1,0,4.0000,-1,15,16,12,0,43,0,0,0,0
171.3904,2,0,6,0,0,0,0,-1,0,4.0000,-1,15,16,12,0,43,0,0,0,0
171.4082,2,0,6,0,0,0,0,-1,0,4.0000,-1,15,16,12,0,43,0,0,0,0
171.4293,2,0,6,0,0,0,0,-1,0,3.0000,-1,15,16,12,0,43,0,0,0,0
171.4507,2,0,6,0,0,0,0,-1,0,3.0000,-1,15,16,12,0,43,0,0,0,0
171.4713,2,0,6,0,0,0,0,-1,0,3.0000,-1,15,16,12,0,43,0,0,0,0
171.4887,2,0,6,0,0,0,0,-1,1,4.0000,-1,15,16,12,0,43,0,0,0,0
171.5127,2,0,6,0,0,0,0,-1,0,4.0000,-1,15,16,12,0,43,0,0,0,0
171.5306,2,0,6,0,0,0,0,-1,0,4.0000,-1,15,16,12,0,43,0,0,0,0
171.571,2,0,6,0,0,0,0,-1,0,4.0000,-1,15,16,12,0,43,0,0,0,0
171.5856,2,0,6,0,0,0,0,-1,0,4.0000,-1,15,16,12,0,43,0,0,0,0
171.6006,2,0,6,0,0,0,0,-1,0,4.0000,-1,15,16,12,0,43,0,0,0,0
171.6197,2,0,6,0,0,0,0,-1,0,4.0000,-1,15,16,12,0,43,0,0,0,0
171.6409,2,0,6,0,0,0,0,-1,0,4.0000,-1,15,16,12,0,43,0,0,0,0
171.6604,2,0,6,0,0,0,0,-1,0,4.0000,-1,15,16,12,0,43,0,0,0,0
171.6798,2,0,6,0,0,0,0,-1,0,4.0000,-1,15,16,12,0,43,0,0,0,0
171.6996,2,0,6,0,0,0,0,-1,0,4.0000,-1,15,16,12,0,43,0,0,0,0
171.7184,2,0,6,0,0,0,0,-1,0,4.0000,-1,15,16,12,0,43,0,0,0,0
171.7405,2,0,6,0,0,0,0,-1,0,3.0000,-1,15,16,12,0,43,0,0,0,0
171.7604,2,0,6,0,0,0,0,-1,0,3.0000,-1,15,16,12,0,43,0,0,0,0
171.7802,2,0,6,0,0,0,0,-1,0,3.0000,-1,15,16,12,0,43,0,0,0,0
171.7988,2,0,6,0,0,0,0,-1,0,3.0000,-1,15,16,12,0,43,0,0,0,0
171.8194,2,0,6,0,0,0,0,-1,0,3.0000,-1,15,16,12,0,43,0,0,0,0
171.8419,2,0,6,0,0,0,0,-1,0,3.0000,-1,15,16,12,0,43,0,0,0,0
171.8623,2,0,6,0,0,0,0,-1,0,2.0000,-1,15,16,12,0,43,0,0,0,0
171.8811,2,0,6,0,0,0,0,-1,0,2.0000,-1,15,16,12,0,43,0,0,0,0
171.9026,2,0,6,0,0,0,0,-1,0,2.0000,-1,15,16,12,0,43,0,0,0,0
171.9207,2,0,6,0,0,0,0,-1,0,2.0000,-1,15,16,12,0,43,0,0,0,0
171.9416,2,0,6,0,0,0,0,-1,0,2.0000,-1,15,16,12,0,43,0,0,0,0
171.9826,2,0,6,0,0,0,0,-1,0,2.0000,-1,15,16,12,0,43,0,0,0,0
171.9959,2,0,6,0,0,0,0,-1,0,2.0000,-1,15,16,12,0,43,0,0,0,0
172.0081,2,0,6,1,0,0,0,-1,0,2.0000,-1,15,16,12,0,43,0,0,0,0
172.0291,2,0,6,1,0,0,0,-1,0,2.0000,-1,15,16,12,0,43,0,0,0,0
172.0517,2,0,6,1,0,0,0,-1,0,2.0000,-1,15,16,12,0,43,0,0,0,0
172.0726,2,0,6,1,0,0,0,-1,0,2.0000,-1,15,16,12,0,43,0,0,0,0
172.0931,2,0,6,1,0,0,0,-1,0,2.0000,-1,15,16,12,0,43,0,0,0,0
172.1117,2,0,6,1,0,0,0,-1,0,2.0000,-1,15,16,12,0,43,0,0,0,0
172.133,2,0,6,1,0,0,0,-1,0,2.0000,-1,15,16,12,0,43,0,0,0,0
172.1529,2,0,6,1,0,0,0,-1,0,2.0000,-1,15,16,12,0,43,0,0,0,0
172.1931,2,0,6,1,0,0,0,-1,0,1.0000,-1,15,16,12,0,43,0,0,0,0
172.2104,2,0,6,1,0,0,0,-1,0,1.0000,-1,15,16,12,0,43,0,0,0,0
172.2251,2,0,6,1,0,0,0,-1,0,1.0000,-1,15,16,12,0,43,0,0,0,0
172.2408,2,0,6,1,0,0,0,-1,0,1.0000,-1,15,16,12,0,43,0,0,0,0
172.2643,2,0,6,1,0,0,0,-1,0,1.0000,-1,15,16,12,0,43,0,0,0,0
172.2839,2,0,6,1,0,0,0,-1,0,1.0000,-1,15,16,12,0,43,0,0,0,0
172.3036,2,0,6,1,0,0,0,-1,0,1.0000,-1,15,16,12,0,43,0,0,0,0
172.3209,2,0,6,1,0,0,0,-1,0,1.0000,-1,15,16,12,0,43,0,0,0,0
172.3433,2,0,6,1,0,0,0,-1,0,1.0000,-1,15,16,12,0,43,0,0,0,0
172.3648,2,0,6,1,0,0,0,-1,0,1.0000,-1,15,16,12,0,43,0,0,0,0
172.4056,2,0,6,1,0,0,0,-1,0,1.0000,-1,15,16,12,0,43,0,0,0,0
172.4251,2,0,6,1,0,0,0,-1,0,1.0000,-1,15,16,12,0,43,0,0,0,0
172.4409,2,0,6,1,0,0,0,-1,0,1.0000,-1,15,16,12,0,43,0,0,0,0
172.4566,2,0,6,1,0,0,0,-1,0,1.0000,-1,15,16,12,0,43,0,0,0,0
172.4732,2,0,6,1,0,0,0,-1,0,1.0000,-1,15,16,12,0,43,0,0,0,0
172.4973,2,0,6,1,0,0,0,-1,0,0.0000,-1,15,16,12,0,43,0,0,0,0
172.5162,2,0,6,1,0,0,0,-1,0,0.0000,-1,15,16,12,0,43,0,0,0,0
172.5372,2,0,6,1,0,0,0,-1,0,0.0000,-1,15,16,12,0,43,0,0,0,0
172.5555,2,0,6,1,0,0,0,-1,0,0.0000,-1,15,16,12,0,43,0,0,0,0
172.5786,2,0,6,1,0,0,0,-1,0,0.0000,-1,15,16,12,0,43,0,0,0,0
172.601,2,0,6,1,0,0,0,-1,0,0.0000,-1,15,16,12,0,43,0,0,0,0
172.6196,2,0,6,1,0,0,0,-1,0,0.0000,-1,15,16,12,0,43,0,0,0,0
172.6416,2,0,6,1,0,0,0,-1,0,0.0000,-1,15,16,12,0,43,0,0,0,0
172.6621,2,0,6,1,0,0,0,-1,0,0.0000,-1,15,16,12,0,43,0,0,0,0
172.6835,2,0,6,1,0,0,0,-1,0,0.0000,-1,15,16,12,0,43,0,0,0,0
172.704,2,0,6,1,0,0,0,-1,0,0.0000,-1,15,16,12,0,43,0,0,0,0
172.7221,2,0,6,1,1,0,0,-1,0,0.0000,-1,15,16,12,0,43,0,0,0,0
172.7429,2,0,6,1,1,0,0,-1,0,0.0000,-1,15,16,12,0,43,0,0,0,0
172.764,2,0,6,1,1,0,0,-1,0,0.0000,-1,15,16,12,0,43,0,0,0,0
172.7841,2,0,6,1,1,0,0,-1,0,0.0000,-1,15,16,12,0,43,0,0,0,0
172.8061,2,0,6,1,1,0,0,-1,0,0.0000,-1,15,16,12,0,43,0,0,0,0
172.8251,2,0,6,1,1,0,0,-1,0,0.0000,-1,15,16,12,0,43,0,0,0,0
172.8443,2,0,6,1,1,0,0,-1,0,0.0000,-1,15,16,12,0,43,0,0,0,0
172.8654,2,0,6,1,1,0,0,-1,0,0.0000,-1,15,16,12,0,43,0,0,0,0
172.8871,2,0,6,1,1,0,0,-1,0,0.0000,-1,15,16,12,0,43,0,0,0,0
172.9086,2,0,6,1,1,0,0,-1,0,0.0000,-1,15,16,12,0,43,0,0,0,0
172.9305,2,0,6,1,1,0,0,-1,0,0.0000,-1,15,16,12,0,43,0,0,0,0
172.9515,2,0,6,0,1,0,0,-1,0,0.0000,-1,15,16,12,0,43,0,0,0,0
172.9715,2,0,6,0,1,0,0,-1,1,1.0000,-1,15,16,12,0,43,0,0,0,0
172.989,2,0,6,0,1,0,0,-1,0,1.0000,-1,15,16,12,0,43,0,0,0,0
173.0326,2,0,6,0,1,0,0,-1,0,1.0000,-1,15,16,12,0,43,0,0,0,0
173.049,2,0,6,0,1,0,0,-1,0,1.0000,-1,15,16,12,0,43,0,0,0,0
173.0638,2,0,6,0,1,0,0,-1,0,1.0000,-1,15,16,12,0,43,0,0,0,0
173.0806,2,0,6,0,1,0,0,-1,0,1.0000,-1,15,16,12,0,43,0,0,0,0
173.1044,2,0,6,0,1,0,0,-1,0,1.0000,-1,15,16,12,0,43,0,0,0,0
173.1267,2,0,6,0,1,0,0,-1,0,1.0000,-1,15,16,12,0,43,0,0,0,0
173.1479,2,0,6,0,1,0,0,-1,0,1.0000,-1,15,16,12,0,43,0,0,0,0
173.1695,2,0,6,0,1,0,0,-1,0,1.0000,-1,15,16,12,0,43,0,0,0,0
173.191,2,0,6,0,1,0,0,-1,0,1.0000,-1,15,16,12,0,43,0,0,0,0
173.2128,2,0,6,0,1,0,0,-1,0,1.0000,-1,15,16,12,0,43,0,0,0,0
173.2349,2,0,6,0,1,0,0,-1,0,1.0000,-1,15,16,12,0,43,0,0,0,0
173.2567,2,0,6,0,1,0,0,-1,0,1.0000,-1,15,16,12,0,43,0,0,0,0
173.2792,2,0,6,0,1,0,0,-1,0,1.0000,-1,15,16,12,0,43,0,0,0,0
173.3006,2,0,6,0,1,0,0,-1,0,1.0000,-1,15,16,12,0,43,0,0,0,0
173.3229,2,0,6,0,1,0,0,-1,0,1.0000,-1,15,16,12,0,43,0,0,0,0
173.3456,2,0,6,0,1,0,0,-1,0,1.0000,-1,15,16,12,0,43,0,0,0,0
173.3659,2,0,6,0,1,0,0,-1,1,2.0000,-1,15,16,12,0,43,0,0,0,0
173.3895,2,0,6,0,1,0,0,-1,0,2.0000,-1,15,16,12,0,43,0,0,0,0
173.4093,2,0,6,0,1,0,0,-1,0,2.0000,-1,15,16,12,0,43,0,0,0,0
173.4328,2,0,6,0,1,0,0,-1,0,2.0000,-1,15,16,12,0,43,0,0,0,0
173.4533,2,0,6,0,1,0,0,-1,0,2.0000,-1,15,16,12,0,43,0,0,0,0
173.4744,2,0,6,0,1,0,0,-1,0,2.0000,-1,15,16,12,0,43,0,0,0,0
173.4972,2,0,6,0,0,0,0,-1,0,2.0000,-1,15,16,12,0,43,0,0,0,0
173.5196,2,0,6,0,0,0,0,-1,0,2.0000,-1,15,16,12,0,43,0,0,0,0
173.5366,2,0,6,0,0,0,0,-1,0,2.0000,-1,15,16,12,0,43,0,0,0,0
173.5621,2,0,6,0,0,0,0,-1,0,2.0000,-1,15,16,12,0,43,0,0,0,0
173.5846,2,0,6,0,0,0,0,-1,0,2.0000,-1,15,16,12,0,43,0,0,0,0
173.6028,2,0,6,0,0,0,0,-1,0,2.0000,-1,15,16,12,0,43,0,0,0,0
173.6256,2,0,6,0,0,0,0,-1,0,2.0000,-1,15,16,12,0,43,0,0,0,0
173.6685,2,0,6,0,0,0,0,-1,0,2.0000,-1,15,16,12,0,43,0,0,0,0
173.6864,2,0,6,0,0,0,0,-1,0,2.0000,-1,15,16,12,0,43,0,0,0,0
173.7035,2,0,6,0,0,0,0,-1,0,2.0000,-1,15,16,12,0,43,0,0,0,0
173.7197,2,0,6,0,0,0,0,-1,0,2.0000,-1,15,16,12,0,43,0,0,0,0
173.7418,2,0,6,0,0,0,0,-1,0,2.0000,-1,15,16,12,0,43,0,0,0,0
173.7628,2,0,6,0,0,0,0,-1,0,2.0000,-1,15,16,12,0,43,0,0,0,0
173.7816,2,0,6,0,0,0,0,-1,0,2.0000,-1,15,16,12,0,43,0,0,0,0
173.804,2,0,6,0,0,0,0,-1,0,2.0000,-1,15,16,12,0,43,0,0,0,0
173.8262,2,0,6,0,0,0,0,-1,0,2.0000,-1,15,16,12,0,43,0,0,0,0
173.8457,2,0,6,0,0,0,0,-1,0,2.0000,-1,15,16,12,0,43,0,0,0,0
173.8672,2,0,6,0,0,0,0,-1,0,2.0000,-1,15,16,12,0,43,0,0,0,0
173.8877,2,0,6,0,0,0,0,-1,0,2.0000,-1,15,16,12,0,43,0,0,0,0
173.9079,2,0,6,0,0,0,0,-1,0,2.0000,-1,15,16,12,0,43,0,0,0,0
173.9278,2,0,6,0,0,0,0,-1,0,2.0000,-1,15,16,12,0,43,0,0,0,0
173.9507,2,0,6,0,0,0,0,-1,0,2.0000,-1,15,16,12,0,43,0,0,0,0
173.9759,2,0,6,0,0,0,0,-1,0,1.0000,-1,15,16,12,0,43,0,0,0,0
173.9979,2,0,6,0,0,0,0,-1,0,1.0000,-1,15,16,12,0,43,0,0,0,0
174.0141,2,0,6,0,0,0,0,-1,0,1.0000,-1,15,16,12,0,43,0,0,0,0
174.0369,2,0,6,0,0,0,0,-1,0,1.0000,-1,15,16,12,0,43,0,0,0,0
174.0788,2,0,6,0,0,0,0,-1,0,1.0000,-1,15,16,12,0,43,0,0,0,0
174.0927,2,0,6,0,0,0,0,-1,0,1.0000,-1,15,16,12,0,43,0,0,0,0
174.1096,2,0,6,0,0,0,0,-1,0,1.0000,-1,15,16,12,0,43,0,0,0,0
174.1327,2,0,6,0,0,0,0,-1,0,1.0000,-1,15,16,12,0,43,0,0,0,0
174.1553,2,0,6,0,0,0,0,-1,0,1.0000,-1,15,16,12,0,43,0,0,0,0
174.1785,2,0,6,0,0,0,0,-1,0,1.0000,-1,15,16,12,0,43,0,0,0,0
174.2005,2,0,6,0,0,0,0,-1,0,1.0000,-1,15,16,12,0,43,0,0,0,0
174.2229,2,0,6,0,0,0,0,-1,0,1.0000,-1,15,16,12,0,43,0,0,0,0
174.2438,2,0,6,0,0,0,0,-1,0,1.0000,-1,15,16,12,0,43,0,0,0,0
174.2818,2,0,6,0,0,0,0,-1,0,1.0000,-1,15,16,12,0,43,0,0,0,0
174.2953,2,0,6,0,0,0,0,-1,0,1.0000,-1,15,16,12,0,43,0,0,0,0
174.3105,2,0,6,0,0,0,0,-1,0,1.0000,-1,15,16,12,0,43,0,0,0,0
174.3307,2,0,6,0,0,0,0,-1,0,1.0000,-1,15,16,12,0,43,0,0,0,0
174.3555,2,0,6,0,0,0,0,-1,0,1.0000,-1,15,16,12,0,43,0,0,0,0
174.3765,2,0,6,0,0,0,0,-1,0,0.0000,-1,15,16,12,0,43,0,0,0,0
174.3926,2,0,6,0,0,0,0,-1,0,0.0000,-1,15,16,12,0,43,0,0,0,0
174.4154,2,0,6,0,0,0,0,-1,0,0.0000,-1,15,16,12,0,43,0,0,0,0
174.4375,2,0,6,0,0,0,0,-1,0,0.0000,-1,15,16,12,0,43,0,0,0,0
174.4603,2,0,6,0,0,0,0,-1,0,0.0000,-1,15,16,12,0,43,0,0,0,0
174.4989,2,0,6,0,0,0,0,-1,0,0.0000,-1,15,16,12,0,43,0,0,0,0
174.5122,2,0,6,0,0,0,0,-1,0,0.0000,-1,15,16,12,0,43,0,0,0,0
174.5279,2,0,6,0,0,0,0,-1,0,0.0000,-1,15,16,12,0,43,0,0,0,0
174.5473,2,0,6,0,0,0,0,-1,0,0.0000,-1,15,16,12,0,43,0,0,0,0
174.5704,2,0,6,0,0,0,0,-1,0,0.0000,-1,15,16,12,0,43,0,0,0,0
174.5915,2,0,6,0,0,0,0,-1,0,0.0000,-1,15,16,12,0,43,0,0,0,0
174.6148,2,0,6,0,0,0,0,-1,0,0.0000,-1,15,16,12,0,43,0,0,0,0
174.6363,2,0,6,0,0,0,0,-1,0,0.0000,-1,15,16,12,0,43,0,0,0,0
174.658,2,0,6,0,0,0,0,-1,0,0.0000,-1,15,16,12,0,43,0,0,0,0
174.6792,2,0,6,0,0,0,0,-1,0,0.0000,-1,15,16,12,0,43,0,0,0,0
174.7196,2,0,6,0,0,0,0,-1,0,0.0000,-1,15,16,12,0,43,0,0,0,0
174.7342,2,0,6,0,0,0,0,-1,0,0.0000,-1,15,16,12,0,43,0,0,0,0
174.7517,2,0,6,0,0,0,0,-1,0,0.0000,-1,15,16,12,0,43,0,0,0,0
174.7685,2,0,6,0,0,0,0,-1,0,0.0000,-1,15,16,12,0,43,0,0,0,0
174.7904,2,0,6,0,0,0,0,-1,0,0.0000,-1,15,16,12,0,43,0,0,0,0
174.8126,2,0,6,0,0,0,0,-1,0,0.0000,-1,15,16,12,0,43,0,0,0,0
174.836,2,0,6,0,0,0,0,-1,0,0.0000,-1,15,16,12,0,43,0,0,0,0
174.8583,2,0,6,0,0,0,0,-1,0,0.0000,-1,15,16,12,0,43,0,0,0,0
174.8804,2,0,6,0,0,0,0,-1,0,0.0000,-1,15,16,12,0,43,0,0,0,0
174.9211,2,0,6,0,0,0,0,-1,0,0.0000,-1,15,16,12,0,43,0,0,0,0
174.9359,2,0,6,0,0,0,0,-1,0,0.0000,-1,15,16,12,0,43,0,0,0,0
174.951,2,0,6,0,0,0,0,-1,0,0.0000,-1,15,16,12,0,43,0,0,0,0
174.9698,2,0,6,0,0,0,0,-1,0,0.0000,-1,15,16,12,0,43,0,0,0,0
174.9925,2,0,6,0,0,0,0,-1,0,0.0000,-1,15,16,12,0,43,0,0,0,0
175.0177,2,0,6,0,0,0,0,-1,0,0.0000,-1,15,16,12,0,43,0,0,0,0
175.0396,2,0,6,0,0,0,0,-1,0,0.0000,-1,15,16,12,0,43,0,0,0,0
175.0631,2,0,6,0,0,0,0,-1,0,0.0000,-1,15,16,12,0,43,0,0,0,0
175.0846,2,0,6,0,0,0,1,201,0,0.0000,-1,15,16,12,0,43,0,0,0,0
175.1047,2,0,6,0,0,0,1,201,1,1.0000,-1,15,16,12,0,43,0,0,0,0
175.1298,2,0,6,0,0,0,0,-1,0,1.0000,-1,15,16,12,0,43,0,0,0,0
175.149,2,0,6,0,0,0,0,-1,0,1.0000,-1,15,16,12,0,43,0,0,0,0
175.1711,2,0,6,0,0,0,0,-1,0,1.0000,-1,15,16,12,0,43,0,0,0,0
175.1947,2,0,6,0,0,0,0,-1,0,1.0000,-1,15,16,12,0,43,0,0,0,0
175.2161,2,0,6,0,0,0,0,-1,0,1.0000,-1,15,16,12,0,43,0,0,0,0
175.2381,2,0,6,0,0,0,0,-1,0,1.0000,-1,15,16,12,0,43,0,0,0,0
175.2596,2,0,6,0,0,0,0,-1,0,1.0000,-1,15,16,12,0,43,0,0,0,0
175.2828,2,0,6,0,0,0,0,-1,0,1.0000,-1,15,16,12,0,43,0,0,0,0
175.3047,2,0,6,0,0,0,0,-1,0,1.0000,-1,15,16,12,0,43,0,0,0,0
175.3257,2,0,6,0,0,0,1,199,0,1.0000,-1,15,16,12,0,43,0,0,0,0
175.3462,2,0,6,0,0,0,1,199,0,1.0000,-1,15,16,12,0,43,0,0,0,0
175.3686,2,0,6,0,0,0,1,199,0,1.0000,-1,15,16,12,0,43,0,0,0,0
175.391,2,0,6,0,0,0,1,199,0,1.0000,-1,15,16,12,0,43,0,0,0,0
175.412,2,0,6,0,0,0,1,199,0,1.0000,-1,15,16,12,0,43,0,0,0,0
175.4355,2,0,6,0,0,0,1,199,0,1.0000,-1,15,16,12,0,43,0,0,0,0
175.4581,2,0,6,0,0,0,1,199,0,1.0000,-1,15,16,12,0,43,0,0,0,0
175.4807,2,0,6,0,0,0,1,199,0,1.0000,-1,15,16,12,0,43,0,0,0,0
175.5025,2,0,6,0,0,0,1,199,1,2.0000,-1,15,16,12,0,43,0,0,0,0
175.5284,2,0,6,0,0,0,1,199,0,2.0000,-1,15,16,12,0,43,0,0,0,0
175.5511,2,0,6,0,0,0,1,199,0,2.0000,-1,15,16,12,0,43,0,0,0,0
175.5742,2,0,6,0,0,0,1,199,0,2.0000,-1,15,16,12,0,43,0,0,0,0
175.5978,2,0,6,0,0,0,1,199,0,2.0000,-1,15,16,12,0,43,0,0,0,0
175.6219,2,0,6,0,0,0,1,199,0,2.0000,-1,15,16,12,0,43,0,0,0,0
175.6456,2,0,6,0,0,0,1,199,0,2.0000,-1,15,16,12,0,43,0,0,0,0
175.6659,2,0,6,0,0,0,1,199,0,2.0000,-1,15,16,12,0,43,0,0,0,0
175.6898,2,0,6,0,0,0,1,199,0,2.0000,-1,15,16,12,0,43,0,0,0,0
175.713,2,0,6,0,0,0,1,199,0,2.0000,-1,15,16,12,0,43,0,0,0,0
175.7353,2,0,6,0,0,0,1,199,1,3.0000,-1,15,16,12,0,43,0,0,0,0
175.7577,2,0,6,0,0,0,1,199,0,3.0000,-1,15,16,12,0,43,0,0,0,0
175.7812,2,0,6,0,0,0,1,199,1,4.0000,-1,15,16,12,0,43,0,0,0,0
175.8048,2,0,6,0,0,0,1,199,0,4.0000,-1,15,16,12,0,43,0,0,0,0
175.83,2,0,6,0,0,0,0,-1,0,4.0000,-1,15,16,12,0,43,0,0,0,0
175.8508,2,0,6,0,0,0,0,-1,0,4.0000,-1,15,16,12,0,43,0,0,0,0
175.8735,2,0,6,0,0,0,0,-1,0,4.0000,-1,15,16,12,0,43,0,0,0,0
175.8945,2,0,6,0,0,0,0,-1,0,4.0000,-1,15,16,12,0,43,0,0,0,0
175.916,2,0,6,0,0,0,0,-1,0,4.0000,-1,15,16,12,0,43,0,0,0,0
175.938,2,0,6,0,0,0,0,-1,0,4.0000,-1,15,16,12,0,43,0,0,0,0
175.977,2,0,6,0,0,0,0,-1,0,4.0000,-1,15,16,12,0,43,0,0,0,0
175.991,2,0,6,0,0,0,0,-1,0,4.0000,-1,15,16,12,0,43,0,0,0,0
176.0079,2,0,6,0,0,0,0,-1,0,4.0000,-1,15,16,12,0,43,0,0,0,0
176.0286,2,0,6,0,0,0,0,-1,0,4.0000,-1,15,16,12,0,43,0,0,0,0
176.0538,2,0,6,0,0,0,0,-1,0,4.0000,-1,15,16,12,0,43,0,0,0,0
176.0761,2,0,6,0,0,0,0,-1,0,4.0000,-1,15,16,12,0,43,0,0,0,0
176.0993,2,0,6,0,0,0,0,-1,0,4.0000,-1,15,16,12,0,43,0,0,0,0
176.1184,2,0,6,0,0,0,0,-1,0,3.0000,-1,15,16,12,0,43,0,0,0,0
176.1394,2,0,6,0,0,0,0,-1,0,3.0000,-1,15,16,12,0,43,0,0,0,0
176.1596,2,0,6,0,0,0,0,-1,0,3.0000,-1,15,16,12,0,43,0,0,0,0
176.1827,2,0,6,0,0,0,0,-1,0,3.0000,-1,15,16,12,0,43,0,0,0,0
176.2048,2,0,6,0,0,0,0,-1,0,3.0000,-1,15,16,12,0,43,0,0,0,0
176.227,2,0,6,0,0,0,0,-1,0,3.0000,-1,15,16,12,0,43,0,0,0,0
176.2481,2,0,6,0,0,0,0,-1,0,3.0000,-1,15,16,12,0,43,0,0,0,0
176.267,2,0,6,0,0,0,0,-1,0,3.0000,-1,15,16,12,0,43,0,0,0,0
176.2892,2,0,6,0,0,0,0,-1,0,3.0000,-1,15,16,12,0,43,0,0,0,0
176.3098,2,0,6,0,0,0,0,-1,0,3.0000,-1,15,16,12,0,43,0,0,0,0
176.3312,2,0,6,0,0,0,0,-1,0,3.0000,-1,15,16,12,0,43,0,0,0,0
176.3586,2,0,6,0,0,0,0,-1,1,4.0000,-1,15,16,12,0,43,0,0,0,0
176.3975,2,0,6,0,0,0,0,-1,0,4.0000,-1,15,16,12,0,43,0,0,0,0
176.4166,2,0,6,0,0,0,0,-1,0,4.0000,-1,15,16,12,0,43,0,0,0,0
176.4329,2,0,6,0,0,0,0,-1,0,4.0000,-1,15,16,12,0,43,0,0,0,0
176.4493,2,0,6,0,0,0,0,-1,0,4.0000,-1,15,16,12,0,43,0,0,0,0
176.4663,2,0,6,0,0,0,0,-1,0,4.0000,-1,15,16,12,0,43,0,0,0,0
176.4877,2,0,6,0,0,0,0,-1,0,4.0000,-1,15,16,12,0,43,0,0,0,0
176.512,2,0,6,0,0,0,0,-1,0,3.0000,-1,15,16,12,0,43,0,0,0,0
176.5322,2,0,6,0,0,0,0,-1,0,3.0000,-1,15,16,12,0,43,0,0,0,0
176.5547,2,0,6,0,0,0,0,-1,0,3.0000,-1,15,16,12,0,43,0,0,0,0
176.5788,2,0,6,0,0,0,0,-1,0,3.0000,-1,15,16,12,0,43,0,0,0,0
176.6222,2,0,6,0,0,0,0,-1,0,3.0000,-1,15,16,12,0,43,0,0,0,0
176.6402,2,0,6,0,0,0,0,-1,0,3.0000,-1,15,16,12,0,43,0,0,0,0
176.6592,2,0,6,0,0,0,0,-1,0,3.0000,-1,15,16,12,0,43,0,0,0,0
176.678,2,0,6,0,0,0,0,-1,0,3.0000,-1,15,16,12,0,43,0,0,0,0
176.7028,2,0,6,0,0,0,0,-1,0,3.0000,-1,15,16,12,0,43,0,0,0,0
176.7222,2,0,6,0,0,0,0,-1,0,3.0000,-1,15,16,12,0,43,0,0,0,0
176.7461,2,0,6,0,0,0,0,-1,0,2.0000,-1,15,16,12,0,43,0,0,0,0
176.7673,2,0,6,0,0,0,0,-1,0,2.0000,-1,15,16,12,0,43,0,0,0,0
176.7887,2,0,6,0,0,0,1,204,0,1.0000,-1,15,16,12,0,43,0,0,0,0
176.8098,2,0,6,0,0,0,1,204,0,1.0000,-1,15,16,12,0,43,0,0,0,0
176.8334,2,0,6,0,0,0,1,204,0,1.0000,-1,15,16,12,0,43,0,0,0,0
176.8543,2,0,6,0,0,0,1,204,0,1.0000,-1,15,16,12,0,43,0,0,0,0
176.874,2,0,6,0,0,0,1,204,0,1.0000,-1,15,16,12,0,43,0,0,0,0
176.894,2,0,6,0,0,0,1,204,0,1.0000,-1,15,16,12,0,43,0,0,0,0
176.9155,2,0,6,0,0,0,1,204,0,1.0000,-1,15,16,12,0,43,0,0,0,0
176.9371,2,0,6,0,0,0,0,-1,1,2.0000,-1,15,16,12,0,43,0,0,0,0
176.9573,2,0,6,0,0,0,0,-1,0,2.0000,-1,15,16,12,0,43,0,0,0,0
176.9806,2,0,6,0,0,0,0,-1,0,2.0000,-1,15,16,12,0,43,0,0,0,0
177.0006,2,0,6,0,0,0,0,-1,0,2.0000,-1,15,16,12,0,43,0,0,0,0
177.0212,2,0,6,0,0,0,0,-1,0,2.0000,-1,15,16,12,0,43,0,0,0,0
177.0426,2,0,6,0,0,0,0,-1,0,2.0000,-1,15,16,12,0,43,0,0,0,0
177.0655,2,0,6,0,0,0,0,-1,0,2.0000,-1,15,16,12,0,43,0,0,0,0
177.0876,2,0,6,1,0,0,0,-1,0,2.0000,-1,15,16,12,0,43,0,0,0,0
177.1095,2,0,6,1,0,0,0,-1,0,2.0000,-1,15,16,12,0,43,0,0,0,0
177.1329,2,0,6,1,0,0,0,-1,0,2.0000,-1,15,16,12,0,43,0,0,0,0
177.1541,2,0,6,1,0,0,0,-1,0,2.0000,-1,15,16,12,0,43,0,0,0,0
177.177,2,0,6,0,0,0,0,-1,0,2.0000,-1,15,16,12,0,43,0,0,0,0
177.1975,2,0,6,0,0,0,0,-1,0,2.0000,-1,15,16,12,0,43,0,0,0,0
177.2188,2,0,6,0,0,0,0,-1,0,2.0000,-1,15,16,12,0,43,0,0,0,0
177.258,2,0,6,0,0,0,0,-1,0,2.0000,-1,15,16,12,0,43,0,0,0,0
177.2742,2,0,6,0,0,0,0,-1,0,2.0000,-1,15,16,12,0,43,0,0,0,0
177.2897,2,0,6,0,0,0,0,-1,0,2.0000,-1,15,16,12,0,43,0,0,0,0
177.3093,2,0,6,0,0,0,0,-1,0,2.0000,-1,15,16,12,0,43,0,0,0,0
177.3274,2,0,6,0,0,0,0,-1,0,2.0000,-1,15,16,12,0,43,0,0,0,0
177.3474,2,0,6,0,0,0,0,-1,1,3.0000,-1,15,16,12,0,43,0,0,0,0
177.37,2,0,6,0,0,0,0,-1,0,2.0000,-1,15,16,12,0,43,0,0,0,0
177.3925,2,0,6,0,0,0,0,-1,0,2.0000,-1,15,16,12,0,43,0,0,0,0
177.4138,2,0,6,0,0,0,0,-1,0,2.0000,-1,15,16,12,0,43,0,0,0,0
177.4346,2,0,6,0,0,0,0,-1,0,2.0000,-1,15,16,12,0,43,0,0,0,0
177.4568,2,0,6,0,0,0,0,-1,0,2.0000,-1,15,16,12,0,43,0,0,0,0
177.481,2,0,6,0,0,0,0,-1,0,2.0000,-1,15,16,12,0,43,0,0,0,0
177.4995,2,0,6,0,0,0,0,-1,0,2.0000,-1,15,16,12,0,43,0,0,0,0
177.5205,2,0,6,0,0,0,0,-1,0,2.0000,-1,15,16,12,0,43,0,0,0,0
177.543,2,0,6,0,0,0,0,-1,0,2.0000,-1,15,16,12,0,43,0,0,0,0
177.5645,2,0,6,0,0,0,0,-1,0,2.0000,-1,15,16,12,0,43,0,0,0,0
177.5871,2,0,6,0,0,0,0,-1,0,2.0000,-1,15,16,12,0,43,0,0,0,0
177.6102,2,0,6,0,0,0,0,-1,0,2.0000,-1,15,16,12,0,43,0,0,0,0
177.6333,2,0,6,0,0,0,0,-1,0,2.0000,-1,15,16,12,0,43,0,0,0,0
177.656,2,0,6,0,0,0,0,-1,0,2.0000,-1,15,16,12,0,43,0,0,0,0
177.6768,2,0,6,0,0,0,0,-1,0,2.0000,-1,15,16,12,0,43,0,0,0,0
177.6989,2,0,6,0,0,0,0,-1,0,2.0000,-1,15,16,12,0,43,0,0,0,0
177.7203,2,0,6,0,0,0,0,-1,0,2.0000,-1,15,16,12,0,43,0,0,0,0
177.7415,2,0,6,0,0,0,0,-1,0,2.0000,-1,15,16,12,0,43,0,0,0,0
177.7621,2,0,6,0,0,0,0,-1,0,2.0000,-1,15,16,12,0,43,0,0,0,0
177.7841,2,0,6,0,0,0,0,-1,0,2.0000,-1,15,16,12,0,43,0,0,0,0
177.8037,2,0,6,0,0,0,0,-1,0,2.0000,-1,15,16,12,0,43,0,0,0,0
177.8247,2,0,6,0,0,0,0,-1,0,2.0000,-1,15,16,12,0,43,0,0,0,0
177.8462,2,0,6,0,0,0,0,-1,0,2.0000,-1,15,16,12,0,43,0,0,0,0
177.8683,2,0,6,0,1,0,0,-1,0,2.0000,-1,15,16,12,0,43,0,0,0,0
177.8914,2,0,6,0,1,0,0,-1,0,2.0000,-1,15,16,12,0,43,0,0,0,0
177.9109,2,0,6,0,1,0,0,-1,0,2.0000,-1,15,16,12,0,43,0,0,0,0
177.9342,2,0,6,0,1,0,0,-1,0,2.0000,-1,15,16,12,0,43,0,0,0,0
177.9628,2,0,6,0,1,0,0,-1,0,1.0000,-1,15,16,12,0,43,0,0,0,0
177.9808,2,0,6,0,1,0,0,-1,0,1.0000,-1,15,16,12,0,43,0,0,0,0
177.9991,2,0,6,0,1,0,0,-1,0,1.0000,-1,15,16,12,0,43,0,0,0,0
178.0215,2,0,6,0,1,0,0,-1,0,1.0000,-1,15,16,12,0,43,0,0,0,0
178.0434,2,0,6,0,1,0,0,-1,0,1.0000,-1,15,16,12,0,43,0,0,0,0
178.0671,2,0,6,0,1,0,0,-1,0,1.0000,-1,15,16,12,0,43,0,0,0,0
178.0892,2,0,6,0,1,0,0,-1,0,1.0000,-1,15,16,12,0,43,0,0,0,0
178.111,2,0,6,0,1,0,0,-1,0,1.0000,-1,15,16,12,0,43,0,0,0,0
178.1341,2,0,6,0,1,0,0,-1,0,1.0000,-1,15,16,12,0,43,0,0,0,0
178.154,2,0,6,0,1,0,0,-1,0,1.0000,-1,15,16,12,0,43,0,0,0,0
178.1769,2,0,6,0,1,0,0,-1,0,1.0000,-1,15,16,12,0,43,0,0,0,0
178.1963,2,0,6,0,1,0,0,-1,0,1.0000,-1,15,16,12,0,43,0,0,0,0
178.2205,2,0,6,0,1,0,0,-1,0,1.0000,-1,15,16,12,0,43,0,0,0,0
178.2428,2,0,6,0,1,0,0,-1,0,1.0000,-1,15,16,12,0,43,0,0,0,0
178.2619,2,0,6,0,1,0,0,-1,0,1.0000,-1,15,16,12,0,43,0,0,0,0
178.2856,2,0,6,0,1,0,0,-1,0,1.0000,-1,15,16,12,0,43,0,0,0,0
178.3065,2,0,6,0,1,0,0,-1,0,1.0000,-1,15,16,12,0,43,0,0,0,0
178.3279,2,0,6,0,1,0,0,-1,0,1.0000,-1,15,16,12,0,43,0,0,0,0
178.3493,2,0,6,0,1,0,0,-1,0,0.0000,-1,15,16,12,0,43,0,0,0,0
178.3713,2,0,6,0,1,0,0,-1,0,0.0000,-1,15,16,12,0,43,0,0,0,0
178.3923,2,0,6,0,1,0,0,-1,0,0.0000,-1,15,16,12,0,43,0,0,0,0
178.4152,2,0,6,0,0,0,0,-1,0,0.0000,-1,15,16,12,0,43,0,0,0,0
178.4357,2,0,6,0,0,0,1,206,0,0.0000,-1,15,16,12,0,43,0,0,0,0
178.458,2,0,6,0,0,0,1,206,0,0.0000,-1,15,16,12,0,43,0,0,0,0
178.4819,2,0,6,0,0,0,1,206,0,0.0000,-1,15,16,12,0,43,0,0,0,0
178.5013,2,0,6,0,0,0,1,206,0,0.0000,-1,15,16,12,0,43,0,0,0,0
178.5247,2,0,6,0,0,0,1,206,0,0.0000,-1,15,16,12,0,43,0,0,0,0
178.5676,2,0,6,0,0,0,1,206,0,0.0000,-1,15,16,12,0,43,0,0,0,0
178.5888,2,0,6,0,0,0,1,206,0,0.0000,-1,15,16,12,0,43,0,0,0,0
178.6037,2,0,6,0,0,0,1,206,0,0.0000,-1,15,16,12,0,43,0,0,0,0
178.6185,2,0,6,0,0,0,1,206,0,0.0000,-1,15,16,12,0,43,0,0,0,0
178.6426,2,0,6,0,0,0,1,206,0,0.0000,-1,15,16,12,0,43,0,0,0,0
178.6659,2,0,6,0,0,0,1,206,1,1.0000,-1,15,16,12,0,43,0,0,0,0
178.6856,2,0,6,0,0,0,1,206,0,1.0000,-1,15,16,12,0,43,0,0,0,0
178.7068,2,0,6,0,0,0,1,206,0,1.0000,-1,15,16,12,0,43,0,0,0,0
178.7298,2,0,6,0,0,0,1,206,0,1.0000,-1,15,16,12,0,43,0,0,0,0
178.7735,2,0,6,0,0,0,1,206,0,1.0000,-1,15,16,12,0,43,0,0,0,0
178.7892,2,0,6,0,0,0,1,206,0,1.0000,-1,15,16,12,0,43,0,0,0,0
178.8054,2,0,6,0,0,0,1,206,0,1.0000,-1,15,16,12,0,43,0,0,0,0
178.8208,2,0,6,0,0,0,1,206,0,1.0000,-1,15,16,12,0,43,0,0,0,0
178.8433,2,0,6,0,0,0,1,206,1,2.0000,-1,15,16,12,0,43,0,0,0,0
178.8645,2,0,6,0,0,0,1,206,0,2.0000,-1,15,16,12,0,43,0,0,0,0
178.8874,2,0,6,0,0,0,1,206,0,2.0000,-1,15,16,12,0,43,0,0,0,0
178.9067,2,0,6,0,0,0,1,206,0,2.0000,-1,15,16,12,0,43,0,0,0,0
178.9296,1,1,7,0,0,0,0,-1,0,2.0000,206,16,16,12,0,44,0,0,0,0
178.9527,1,0,7,0,0,0,0,-1,1,3.0000,-1,16,16,12,0,44,0,0,0,0
178.991,1,0,7,0,0,0,0,-1,0,3.0000,-1,16,16,12,0,44,0,0,0,0
179.0062,1,0,7,0,0,0,0,-1,0,3.0000,-1,16,16,12,0,44,0,0,0,0
179.0218,1,0,7,0,0,0,0,-1,0,3.0000,-1,16,16,12,0,44,0,0,0,0
179.0405,1,0,7,0,0,0,0,-1,0,3.0000,-1,16,16,12,0,44,0,0,0,0
179.0648,1,0,7,0,0,0,0,-1,0,3.0000,-1,16,16,12,0,44,0,0,0,0
179.0854,1,0,7,0,0,0,0,-1,0,3.0000,-1,16,16,12,0,44,0,0,0,0
179.1054,1,0,7,0,0,0,0,-1,0,3.0000,-1,16,16,12,0,44,0,0,0,0
179.1278,1,0,7,0,0,0,0,-1,0,3.0000,-1,16,16,12,0,44,0,0,0,0
179.1472,1,0,7,0,0,0,0,-1,0,3.0000,-1,16,16,12,0,44,0,0,0,0
179.1669,1,0,7,0,0,0,0,-1,0,3.0000,-1,16,16,12,0,44,0,0,0,0
179.2087,1,0,7,0,0,0,0,-1,0,3.0000,-1,16,16,12,0,44,0,0,0,0
179.229,1,0,7,0,0,0,0,-1,0,3.0000,-1,16,16,12,0,44,0,0,0,0
179.2461,1,0,7,0,0,0,0,-1,0,3.0000,-1,16,16,12,0,44,0,0,0,0
179.263,1,0,7,0,0,0,0,-1,0,3.0000,-1,16,16,12,0,44,0,0,0,0
179.2802,1,0,7,0,0,0,0,-1,0,3.0000,-1,16,16,12,0,44,0,0,0,0
179.2997,1,0,7,0,0,0,0,-1,0,3.0000,-1,16,16,12,0,44,0,0,0,0
179.3202,1,0,7,0,0,0,0,-1,0,3.0000,-1,16,16,12,0,44,0,0,0,0
179.3398,1,0,7,0,0,0,0,-1,0,3.0000,-1,16,16,12,0,44,0,0,0,0
179.3616,1,0,7,0,0,0,0,-1,0,3.0000,-1,16,16,12,0,44,0,0,0,0
179.3816,1,0,7,0,0,0,0,-1,0,3.0000,-1,16,16,12,0,44,0,0,0,0
179.4192,1,0,7,0,0,0,0,-1,0,3.0000,-1,16,16,12,0,44,0,0,0,0
179.4368,1,0,7,0,0,0,0,-1,0,3.0000,-1,16,16,12,0,44,0,0,0,0
179.4542,1,0,7,0,0,0,0,-1,0,3.0000,-1,16,16,12,0,44,0,0,0,0
179.4716,1,0,7,0,0,0,0,-1,0,3.0000,-1,16,16,12,0,44,0,0,0,0
179.4869,1,0,7,0,0,0,0,-1,0,3.0000,-1,16,16,12,0,44,0,0,0,0
179.5097,1,0,7,0,0,0,0,-1,0,3.0000,-1,16,16,12,0,44,0,0,0,0
179.5309,1,0,7,0,0,0,0,-1,0,3.0000,-1,16,16,12,0,44,0,0,0,0
179.5523,1,0,7,0,0,0,0,-1,0,3.0000,-1,16,16,12,0,44,0,0,0,0
179.5728,1,0,7,0,0,0,0,-1,0,3.0000,-1,16,16,12,0,44,0,0,0,0
179.5923,1,0,7,0,0,0,0,-1,0,3.0000,-1,16,16,12,0,44,0,0,0,0
179.6313,1,0,7,0,0,0,0,-1,0,3.0000,-1,16,16,12,0,44,0,0,0,0
179.6478,1,0,7,0,0,0,0,-1,0,3.0000,-1,16,16,12,0,44,0,0,0,0
179.6631,1,0,7,0,0,0,0,-1,0,3.0000,-1,16,16,12,0,44,0,0,0,0
179.6803,1,0,7,0,0,0,0,-1,0,2.0000,-1,16,16,12,0,44,0,0,0,0
179.6986,1,0,7,0,0,0,0,-1,0,2.0000,-1,16,16,12,0,44,0,0,0,0
179.7202,1,0,7,0,0,0,0,-1,0,2.0000,-1,16,16,12,0,44,0,0,0,0
179.7414,1,0,7,0,0,0,0,-1,0,2.0000,-1,16,16,12,0,44,0,0,0,0
179.7615,1,0,7,0,0,0,0,-1,0,2.0000,-1,16,16,12,0,44,0,0,0,0
179.7825,1,0,7,0,0,0,0,-1,0,2.0000,-1,16,16,12,0,44,0,0,0,0
179.7997,1,0,7,0,0,0,0,-1,1,3.0000,-1,16,16,12,0,44,0,0,0,0
179.8201,1,0,7,0,0,0,0,-1,0,3.0000,-1,16,16,12,0,44,0,0,0,0
179.841,1,0,7,0,0,0,0,-1,0,3.0000,-1,16,16,12,0,44,0,0,0,0
179.8638,1,0,7,0,0,0,1,208,0,2.0000,-1,16,16,12,0,44,0,0,0,0
179.8844,1,0,7,0,0,0,1,208,0,2.0000,-1,16,16,12,0,44,0,0,0,0
179.9033,1,0,7,0,0,0,1,208,0,2.0000,-1,16,16,12,0,44,0,0,0,0
180.0438,1,0,7,0,0,0,1,208,0,1.0000,-1,16,16,12,0,44,0,0,0,0
180.0952,1,0,7,0,0,0,0,-1,0,1.0000,-1,16,16,12,0,44,0,0,0,0
180.1065,1,0,7,0,0,0,0,-1,1,2.0000,-1,16,16,12,0,44,0,0,0,0
180.1255,1,0,7,0,0,0,0,-1,0,2.0000,-1,16,16,12,0,44,0,0,0,0
180.1483,1,0,7,0,0,0,0,-1,0,2.0000,-1,16,16,12,0,44,0,0,0,0
180.177,1,0,7,0,0,0,0,-1,0,2.0000,-1,16,16,12,0,44,0,0,0,0
180.2011,1,0,7,0,0,0,0,-1,0,2.0000,-1,16,16,12,0,44,0,0,0,0
180.2267,1,0,7,0,0,0,0,-1,0,2.0000,-1,16,16,12,0,44,0,0,0,0
180.2455,1,0,7,0,0,0,0,-1,0,2.0000,-1,16,16,12,0,44,0,0,0,0
180.2887,1,0,7,0,0,0,0,-1,0,2.0000,-1,16,16,12,0,44,0,0,0,0
180.3,1,0,7,0,0,0,0,-1,0,2.0000,-1,16,16,12,0,44,0,0,0,0
180.317,1,0,7,0,0,0,0,-1,0,2.0000,-1,16,16,12,0,44,0,0,0,0
180.3438,1,0,7,0,0,0,0,-1,0,2.0000,-1,16,16,12,0,44,0,0,0,0
180.3648,1,0,7,0,0,0,0,-1,0,2.0000,-1,16,16,12,0,44,0,0,0,0
180.3866,1,0,7,0,0,0,0,-1,0,2.0000,-1,16,16,12,0,44,0,0,0,0
180.4083,1,0,7,0,0,0,0,-1,0,2.0000,-1,16,16,12,0,44,0,0,0,0
180.4304,1,0,7,0,0,0,0,-1,0,2.0000,-1,16,16,12,0,44,0,0,0,0
180.4541,1,0,7,0,0,0,0,-1,1,3.0000,-1,16,16,12,0,44,0,0,0,0
180.4751,1,0,7,0,0,0,0,-1,0,3.0000,-1,16,16,12,0,44,0,0,0,0
180.4962,1,0,7,0,0,0,0,-1,0,3.0000,-1,16,16,12,0,44,0,0,0,0
180.5187,1,0,7,0,0,0,0,-1,0,3.0000,-1,16,16,12,0,44,0,0,0,0
180.54,1,0,7,0,0,0,0,-1,0,3.0000,-1,16,16,12,0,44,0,0,0,0
180.5612,1,0,7,0,0,0,0,-1,0,3.0000,-1,16,16,12,0,44,0,0,0,0
180.5848,1,0,7,0,0,0,0,-1,1,4.0000,-1,16,16,12,0,44,0,0,0,0
180.6046,1,0,7,0,0,0,0,-1,0,4.0000,-1,16,16,12,0,44,0,0,0,0
180.6244,1,0,7,0,0,0,0,-1,0,4.0000,-1,16,16,12,0,44,0,0,0,0
180.6478,1,0,7,0,0,0,0,-1,0,4.0000,-1,16,16,12,0,44,0,0,0,0
180.6721,1,0,7,0,0,0,0,-1,0,4.0000,-1,16,16,12,0,44,0,0,0,0
180.7086,1,0,7,0,0,0,0,-1,0,4.0000,-1,16,16,12,0,44,0,0,0,0
180.7242,1,0,7,0,0,0,0,-1,0,4.0000,-1,16,16,12,0,44,0,0,0,0
180.7397,1,0,7,0,0,0,0,-1,0,4.0000,-1,16,16,12,0,44,0,0,0,0
180.7577,1,0,7,0,0,0,0,-1,0,4.0000,-1,16,16,12,0,44,0,0,0,0
180.7825,1,0,7,0,0,0,0,-1,0,4.0000,-1,16,16,12,0,44,0,0,0,0
180.8008,1,0,7,0,0,0,0,-1,0,3.0000,-1,16,16,12,0,44,0,0,0,0
180.823,1,0,7,0,0,0,0,-1,0,3.0000,-1,16,16,12,0,44,0,0,0,0
180.8464,1,0,7,0,0,0,0,-1,0,3.0000,-1,16,16,12,0,44,0,0,0,0
180.8661,1,0,7,0,0,0,0,-1,0,3.0000,-1,16,16,12,0,44,0,0,0,0
180.8862,1,0,7,0,0,0,0,-1,0,3.0000,-1,16,16,12,0,44,0,0,0,0
180.9113,1,0,7,0,0,0,0,-1,0,3.0000,-1,16,16,12,0,44,0,0,0,0
180.9314,1,0,7,0,0,0,0,-1,0,3.0000,-1,16,16,12,0,44,0,0,0,0
180.9519,1,0,7,0,0,0,0,-1,0,3.0000,-1,16,16,12,0,44,0,0,0,0
180.9747,1,0,7,0,0,0,0,-1,0,3.0000,-1,16,16,12,0,44,0,0,0,0
180.993,1,0,7,0,0,0,0,-1,0,3.0000,-1,16,16,12,0,44,0,0,0,0
181.0144,1,0,7,0,0,0,0,-1,0,3.0000,-1,16,16,12,0,44,0,0,0,0
181.0374,1,0,7,0,0,0,0,-1,0,3.0000,-1,16,16,12,0,44,0,0,0,0
181.0569,1,0,7,0,0,0,0,-1,0,3.0000,-1,16,16,12,0,44,0,0,0,0
181.079,1,0,7,0,0,0,0,-1,0,3.0000,-1,16,16,12,0,44,0,0,0,0
181.1038,1,0,7,0,0,0,0,-1,0,3.0000,-1,16,16,12,0,44,0,0,0,0
181.1221,1,0,7,0,0,0,1,212,0,2.0000,-1,16,16,12,0,44,0,0,0,0
181.1467,1,0,7,0,0,0,1,212,0,2.0000,-1,16,16,12,0,44,0,0,0,0
181.1661,1,0,7,0,0,0,1,212,0,2.0000,-1,16,16,12,0,44,0,0,0,0
181.1907,1,0,7,0,0,0,1,212,0,2.0000,-1,16,16,12,0,44,0,0,0,0
181.2138,1,0,7,0,0,0,1,212,0,2.0000,-1,16,16,12,0,44,0,0,0,0
181.2326,1,0,7,0,0,0,1,212,0,2.0000,-1,16,16,12,0,44,0,0,0,0
181.2558,1,0,7,0,0,0,1,212,0,2.0000,-1,16,16,12,0,44,0,0,0,0
181.278,1,0,7,0,0,0,1,212,0,2.0000,-1,16,16,12,0,44,0,0,0,0
181.2995,1,0,7,0,0,0,1,212,0,2.0000,-1,16,16,12,0,44,0,0,0,0
181.3217,1,0,7,0,0,0,1,212,1,3.0000,-1,16,16,12,0,44,0,0,0,0
181.3628,1,0,7,0,0,0,1,212,0,3.0000,-1,16,16,12,0,44,0,0,0,0
181.379,1,0,7,0,0,0,1,212,0,3.0000,-1,16,16,12,0,44,0,0,0,0
181.3964,1,0,7,0,0,0,1,212,0,3.0000,-1,16,16,12,0,44,0,0,0,0
181.4138,1,0,7,0,0,0,1,212,0,3.0000,-1,16,16,12,0,44,0,0,0,0
181.4319,1,0,7,0,0,0,1,212,0,3.0000,-1,16,16,12,0,44,0,0,0,0
181.4546,1,0,7,0,0,0,1,212,0,2.0000,-1,16,16,12,0,44,0,0,0,0
181.479,1,0,7,0,0,0,1,212,0,2.0000,-1,16,16,12,0,44,0,0,0,0
181.4991,1,0,7,0,0,0,1,212,0,2.0000,-1,16,16,12,0,44,0,0,0,0
181.5197,1,0,7,0,0,0,1,212,0,2.0000,-1,16,16,12,0,44,0,0,0,0
181.5459,1,0,7,0,0,0,1,212,0,2.0000,-1,16,16,12,0,44,0,0,0,0
181.5653,1,0,7,0,0,0,1,212,0,2.0000,-1,16,16,12,0,44,0,0,0,0
181.5906,1,0,7,0,0,0,1,212,0,1.0000,-1,16,16,12,0,44,0,0,0,0
181.6111,1,0,7,0,0,0,1,212,0,1.0000,-1,16,16,12,0,44,0,0,0,0
181.6317,1,0,7,0,0,0,1,211,0,1.0000,212,17,16,12,0,45,0,0,0,0
181.6541,1,0,7,0,0,0,1,211,0,1.0000,-1,17,16,12,0,45,0,0,0,0
181.6764,1,0,7,0,0,0,1,211,0,1.0000,-1,17,16,12,0,45,0,0,0,0
181.6981,1,0,7,0,0,0,1,211,0,1.0000,-1,17,16,12,0,45,0,0,0,0
181.7225,1,0,7,0,0,0,1,211,0,1.0000,-1,17,16,12,0,45,0,0,0,0
181.7442,1,0,7,0,0,0,1,211,0,1.0000,-1,17,16,12,0,45,0,0,0,0
181.7674,1,0,7,0,0,0,1,211,0,1.0000,-1,17,16,12,0,45,0,0,0,0
181.8121,1,0,7,0,0,0,1,211,1,2.0000,-1,17,16,12,0,45,0,0,0,0
181.832,1,0,7,0,0,0,1,211,0,2.0000,-1,17,16,12,0,45,0,0,0,0
181.8472,1,0,7,0,0,0,1,211,0,2.0000,-1,17,16,12,0,45,0,0,0,0
181.8634,1,0,7,0,0,0,1,211,0,2.0000,-1,17,16,12,0,45,0,0,0,0
181.889,1,0,7,0,0,0,1,211,0,2.0000,-1,17,16,12,0,45,0,0,0,0
181.9087,1,0,7,0,0,0,1,211,0,2.0000,-1,17,16,12,0,45,0,0,0,0
181.9308,1,0,7,0,0,0,1,211,0,2.0000,-1,17,16,12,0,45,0,0,0,0
181.9526,1,0,7,0,0,0,0,-1,0,2.0000,211,18,16,12,0,46,0,0,0,0
181.9755,1,0,7,0,0,0,0,-1,0,2.0000,-1,18,16,12,0,46,0,0,0,0
182.0184,1,0,7,0,0,0,0,-1,0,2.0000,-1,18,16,12,0,46,0,0,0,0
182.0335,1,0,7,0,0,0,0,-1,0,2.0000,-1,18,16,12,0,46,0,0,0,0
182.0522,1,0,7,0,0,0,0,-1,0,2.0000,-1,18,16,12,0,46,0,0,0,0
182.0688,1,0,7,0,0,0,0,-1,0,2.0000,-1,18,16,12,0,46,0,0,0,0
182.0918,1,0,7,0,0,0,0,-1,0,2.0000,-1,18,16,12,0,46,0,0,0,0
182.1157,1,0,7,0,0,0,0,-1,0,2.0000,-1,18,16,12,0,46,0,0,0,0
182.1413,1,0,7,0,0,0,0,-1,0,2.0000,-1,18,16,12,0,46,0,0,0,0
182.1634,1,0,7,0,0,0,0,-1,0,2.0000,-1,18,16,12,0,46,0,0,0,0
182.1846,1,0,7,0,0,0,0,-1,0,2.0000,-1,18,16,12,0,46,0,0,0,0
182.2256,1,0,7,0,0,0,0,-1,0,2.0000,-1,18,16,12,0,46,0,0,0,0
182.2376,1,0,7,0,0,0,0,-1,0,2.0000,-1,18,16,12,0,46,0,0,0,0
182.2534,1,0,7,0,0,0,0,-1,0,2.0000,-1,18,16,12,0,46,0,0,0,0
182.2752,1,0,7,0,0,0,0,-1,0,2.0000,-1,18,16,12,0,46,0,0,0,0
182.2974,1,0,7,0,0,0,0,-1,0,2.0000,-1,18,16,12,0,46,0,0,0,0
182.3193,1,0,7,0,0,0,0,-1,0,2.0000,-1,18,16,12,0,46,0,0,0,0
182.3434,1,0,7,0,0,0,0,-1,0,1.0000,-1,18,16,12,0,46,0,0,0,0
182.3644,1,0,7,0,0,0,0,-1,0,1.0000,-1,18,16,12,0,46,0,0,0,0
182.3853,1,0,7,0,0,0,0,-1,0,1.0000,-1,18,16,12,0,46,0,0,0,0
182.407,1,0,7,0,0,0,0,-1,0,1.0000,-1,18,16,12,0,46,0,0,0,0
182.4281,1,0,7,0,0,0,0,-1,0,1.0000,-1,18,16,12,0,46,0,0,0,0
182.4488,1,0,7,0,0,0,0,-1,0,1.0000,-1,18,16,12,0,46,0,0,0,0
182.4677,1,0,7,0,0,0,0,-1,0,1.0000,-1,18,16,12,0,46,0,0,0,0
182.4904,1,0,7,0,0,0,0,-1,0,1.0000,-1,18,16,12,0,46,0,0,0,0
182.5132,1,0,7,0,0,0,0,-1,0,1.0000,-1,18,16,12,0,46,0,0,0,0
182.5325,1,0,7,0,0,0,0,-1,0,1.0000,-1,18,16,12,0,46,0,0,0,0
182.5542,1,0,7,0,0,0,0,-1,0,1.0000,-1,18,16,12,0,46,0,0,0,0
182.5764,1,0,7,0,0,0,0,-1,0,1.0000,-1,18,16,12,0,46,0,0,0,0
182.598,1,0,7,0,0,0,0,-1,0,1.0000,-1,18,16,12,0,46,0,0,0,0
182.6178,1,0,7,0,0,0,0,-1,0,1.0000,-1,18,16,12,0,46,0,0,0,0
182.6403,1,0,7,0,0,0,0,-1,0,1.0000,-1,18,16,12,0,46,0,0,0,0
182.6608,1,0,7,0,0,0,0,-1,0,1.0000,-1,18,16,12,0,46,0,0,0,0
182.6787,1,0,7,0,0,0,0,-1,0,1.0000,-1,18,16,12,0,46,0,0,0,0
182.7036,1,0,7,0,0,0,0,-1,0,1.0000,-1,18,16,12,0,46,0,0,0,0
182.7214,1,0,7,0,0,0,0,-1,0,1.0000,-1,18,16,12,0,46,0,0,0,0
182.7431,1,0,7,0,0,0,0,-1,0,1.0000,-1,18,16,12,0,46,0,0,0,0
182.7655,1,0,7,0,0,0,0,-1,0,1.0000,-1,18,16,12,0,46,0,0,0,0
182.785,1,0,7,0,0,0,0,-1,0,1.0000,-1,18,16,12,0,46,0,0,0,0
182.8062,1,0,7,0,0,0,0,-1,0,1.0000,-1,18,16,12,0,46,0,0,0,0
182.8463,1,0,7,0,0,0,0,-1,0,0.0000,-1,18,16,12,0,46,0,0,0,0
182.862,1,0,7,0,0,0,0,-1,0,0.0000,-1,18,16,12,0,46,0,0,0,0
182.8755,1,0,7,0,0,0,0,-1,0,0.0000,-1,18,16,12,0,46,0,0,0,0
182.8958,1,0,7,0,0,0,0,-1,0,0.0000,-1,18,16,12,0,46,0,0,0,0
182.9148,1,0,7,0,0,0,0,-1,0,0.0000,-1,18,16,12,0,46,0,0,0,0
182.9357,1,0,7,0,0,0,0,-1,0,0.0000,-1,18,16,12,0,46,0,0,0,0
182.9565,1,0,7,0,0,0,0,-1,0,0.0000,-1,18,16,12,0,46,0,0,0,0
182.9764,1,0,7,0,0,0,0,-1,0,0.0000,-1,18,16,12,0,46,0,0,0,0
182.9971,1,0,7,0,0,0,0,-1,0,0.0000,-1,18,16,12,0,46,0,0,0,0
183.0173,1,0,7,0,0,0,0,-1,0,0.0000,-1,18,16,12,0,46,0,0,0,0
183.0398,1,0,7,0,0,0,0,-1,0,0.0000,-1,18,16,12,0,46,0,0,0,0
183.0597,1,0,7,0,0,0,0,-1,0,0.0000,-1,18,16,12,0,46,0,0,0,0
183.0798,1,0,7,0,0,0,0,-1,0,0.0000,-1,18,16,12,0,46,0,0,0,0
183.1003,1,0,7,0,0,0,0,-1,0,0.0000,-1,18,16,12,0,46,0,0,0,0
183.1215,1,0,7,0,0,0,0,-1,0,0.0000,-1,18,16,12,0,46,0,0,0,0
183.1432,1,0,7,0,0,0,0,-1,0,0.0000,-1,18,16,12,0,46,0,0,0,0
183.1635,1,0,7,0,0,0,0,-1,0,0.0000,-1,18,16,12,0,46,0,0,0,0
183.185,1,0,7,0,0,0,0,-1,0,0.0000,-1,18,16,12,0,46,0,0,0,0
183.2066,1,0,7,0,0,0,0,-1,0,0.0000,-1,18,16,12,0,46,0,0,0,0
183.2278,1,0,7,0,0,0,0,-1,0,0.0000,-1,18,16,12,0,46,0,0,0,0
183.2655,1,0,7,0,0,0,0,-1,1,1.0000,-1,18,16,12,0,46,0,0,0,0
183.2823,1,0,7,0,0,0,0,-1,0,1.0000,-1,18,16,12,0,46,0,0,0,0
183.2969,1,0,7,0,0,0,0,-1,0,1.0000,-1,18,16,12,0,46,0,0,0,0
183.3154,1,0,7,1,0,0,1,215,0,1.0000,-1,18,16,12,0,46,0,0,0,0
183.3331,1,0,7,1,0,0,1,215,0,1.0000,-1,18,16,12,0,46,0,0,0,0
183.3551,1,0,7,1,0,0,1,215,0,1.0000,-1,18,16,12,0,46,0,0,0,0
183.3777,1,0,7,1,0,0,1,215,0,1.0000,-1,18,16,12,0,46,0,0,0,0
183.3974,1,0,7,1,0,0,1,215,0,1.0000,-1,18,16,12,0,46,0,0,0,0
183.4181,1,0,7,1,0,0,1,215,0,1.0000,-1,18,16,12,0,46,0,0,0,0
183.4409,1,0,7,1,0,0,0,-1,0,1.0000,-1,18,16,12,0,46,0,0,0,0
183.4799,1,0,7,1,0,0,0,-1,0,1.0000,-1,18,16,12,0,46,0,0,0,0
183.4969,1,0,7,1,0,0,0,-1,0,1.0000,-1,18,16,12,0,46,0,0,0,0
183.51,1,0,7,1,0,0,0,-1,0,1.0000,-1,18,16,12,0,46,0,0,0,0
183.5317,1,0,7,1,0,0,0,-1,0,1.0000,-1,18,16,12,0,46,0,0,0,0
183.5541,1,0,7,1,0,0,0,-1,1,2.0000,-1,18,16,12,0,46,0,0,0,0
183.5778,1,0,7,1,0,0,0,-1,0,2.0000,-1,18,16,12,0,46,0,0,0,0
183.6008,1,0,7,1,0,0,0,-1,0,2.0000,-1,18,16,12,0,46,0,0,0,0
183.6204,1,0,7,1,0,0,1,217,0,2.0000,-1,18,16,12,0,46,0,0,0,0
183.6427,1,0,7,1,0,0,1,217,0,2.0000,-1,18,16,12,0,46,0,0,0,0
183.6648,1,0,7,1,0,0,1,217,0,2.0000,-1,18,16,12,0,46,0,0,0,0
183.6863,1,0,7,1,0,0,1,217,0,2.0000,-1,18,16,12,0,46,0,0,0,0
183.7067,1,0,7,1,0,0,1,217,0,2.0000,-1,18,16,12,0,46,0,0,0,0
183.7276,1,0,7,1,0,0,1,217,0,2.0000,-1,18,16,12,0,46,0,0,0,0
183.7523,1,0,7,1,0,0,1,217,0,2.0000,-1,18,16,12,0,46,0,0,0,0
183.7734,1,0,7,1,0,0,1,217,0,2.0000,-1,18,16,12,0,46,0,0,0,0
183.7966,1,0,7,1,0,0,1,217,0,2.0000,-1,18,16,12,0,46,0,0,0,0
183.8192,1,0,7,1,0,0,1,217,0,2.0000,-1,18,16,12,0,46,0,0,0,0
183.8414,1,0,7,1,0,0,1,217,0,2.0000,-1,18,16,12,0,46,0,0,0,0
183.8658,1,0,7,0,0,0,1,217,0,2.0000,-1,18,16,12,0,46,0,0,0,0
183.9119,1,0,7,0,0,0,1,217,0,2.0000,-1,18,16,12,0,46,0,0,0,0
183.9272,1,0,7,0,0,0,1,217,0,2.0000,-1,18,16,12,0,46,0,0,0,0
183.9454,1,0,7,0,0,0,1,217,0,2.0000,-1,18,16,12,0,46,0,0,0,0
183.9634,1,0,7,0,0,0,1,217,1,3.0000,-1,18,16,12,0,46,0,0,0,0
183.9849,1,0,7,0,0,0,1,219,0,3.0000,217,19,16,12,0,47,0,0,0,0
184.0067,1,0,7,0,0,0,1,219,0,3.0000,-1,19,16,12,0,47,0,0,0,0
184.0295,1,0,7,0,1,0,1,219,0,3.0000,-1,19,16,12,0,47,0,0,0,0
184.0501,1,0,7,0,1,0,1,219,0,3.0000,-1,19,16,12,0,47,0,0,0,0
184.0712,1,0,7,0,1,0,1,219,0,3.0000,-1,19,16,12,0,47,0,0,0,0
184.1133,1,0,7,0,1,0,1,219,0,3.0000,-1,19,16,12,0,47,0,0,0,0
184.1282,1,0,7,0,1,0,1,219,0,3.0000,-1,19,16,12,0,47,0,0,0,0
184.1439,1,0,7,0,1,0,1,219,0,3.0000,-1,19,16,12,0,47,0,0,0,0
184.1659,1,0,7,0,1,0,1,219,0,3.0000,-1,19,16,12,0,47,0,0,0,0
184.1902,1,0,7,0,1,0,1,218,0,3.0000,219,20,16,12,0,48,0,0,0,0
184.2125,1,0,7,0,1,0,1,218,0,3.0000,-1,20,16,12,0,48,0,0,0,0
184.2331,1,0,7,0,1,0,1,218,0,3.0000,-1,20,16,12,0,48,0,0,0,0
184.2579,1,0,7,0,1,0,1,218,0,3.0000,-1,20,16,12,0,48,0,0,0,0
184.2794,1,0,7,0,1,0,1,218,0,2.0000,-1,20,16,12,0,48,0,0,0,0
184.3184,1,0,7,0,1,0,1,218,0,2.0000,-1,20,16,12,0,48,0,0,0,0
184.3324,1,0,7,0,1,0,1,218,0,2.0000,-1,20,16,12,0,48,0,0,0,0
184.3481,1,0,7,0,1,0,1,218,0,2.0000,-1,20,16,12,0,48,0,0,0,0
184.3703,1,0,7,0,1,0,1,218,0,2.0000,-1,20,16,12,0,48,0,0,0,0
184.3935,1,0,7,0,1,0,1,218,0,2.0000,-1,20,16,12,0,48,0,0,0,0
184.4156,1,0,7,0,1,0,1,218,0,2.0000,-1,20,16,12,0,48,0,0,0,0
184.437,1,0,7,0,1,0,1,218,0,2.0000,-1,20,16,12,0,48,0,0,0,0
184.4584,1,0,7,0,1,0,1,218,0,2.0000,-1,20,16,12,0,48,0,0,0,0
184.4824,1,0,7,0,1,0,1,218,0,2.0000,-1,20,16,12,0,48,0,0,0,0
184.5291,1,0,7,0,1,0,1,218,0,2.0000,-1,20,16,12,0,48,0,0,0,0
184.5433,1,0,7,0,1,0,1,218,0,2.0000,-1,20,16,12,0,48,0,0,0,0
184.5593,1,0,7,0,1,0,1,218,1,2.0000,-1,20,16,12,0,48,0,0,0,0
184.5835,1,0,7,0,1,0,1,218,0,2.0000,-1,20,16,12,0,48,0,0,0,0
184.6061,1,0,7,0,1,0,1,218,0,2.0000,-1,20,16,12,0,48,0,0,0,0
184.6332,1,0,7,0,1,0,1,218,0,2.0000,-1,20,16,12,0,48,0,0,0,0
184.6532,1,0,7,0,1,0,1,218,0,2.0000,-1,20,16,12,0,48,0,0,0,0
184.6761,1,0,7,0,1,0,1,218,0,2.0000,-1,20,16,12,0,48,0,0,0,0
184.7008,1,0,7,0,1,0,0,-1,0,2.0000,218,21,16,12,0,49,0,0,0,0
184.7452,1,0,7,0,1,0,0,-1,0,2.0000,-1,21,16,12,0,49,0,0,0,0
184.7616,1,0,7,0,1,0,0,-1,0,2.0000,-1,21,16,12,0,49,0,0,0,0
184.7778,1,0,7,0,1,0,0,-1,0,2.0000,-1,21,16,12,0,49,0,0,0,0
184.7998,1,0,7,0,1,0,0,-1,0,2.0000,-1,21,16,12,0,49,0,0,0,0
184.8217,1,0,7,0,1,0,0,-1,0,2.0000,-1,21,16,12,0,49,0,0,0,0
184.8417,1,0,7,0,1,0,0,-1,0,2.0000,-1,21,16,12,0,49,0,0,0,0
184.8675,1,0,7,0,1,0,0,-1,0,2.0000,-1,21,16,12,0,49,0,0,0,0
184.889,1,0,7,0,1,0,0,-1,0,2.0000,-1,21,16,12,0,49,0,0,0,0
184.9108,1,0,7,0,1,0,0,-1,0,2.0000,-1,21,16,12,0,49,0,0,0,0
184.9548,1,0,7,0,1,0,0,-1,0,2.0000,-1,21,16,12,0,49,0,0,0,0
184.9742,3,1,8,0,0,0,0,-1,0,1.0000,-1,21,16,12,0,49,0,0,0,0
184.996,3,0,8,0,0,0,0,-1,0,1.0000,-1,21,16,12,0,49,0,0,0,0
185.0142,3,0,8,0,0,0,0,-1,0,1.0000,-1,21,16,12,0,49,0,0,0,0
185.0306,3,0,8,0,0,0,0,-1,0,1.0000,-1,21,16,12,0,49,0,0,0,0
185.1505,3,0,8,0,0,0,0,-1,0,1.0000,-1,21,16,12,0,49,0,0,0,0
185.2003,3,0,8,0,0,0,0,-1,0,1.0000,-1,21,16,12,0,49,0,0,0,0
185.2123,3,0,8,0,0,0,0,-1,0,1.0000,-1,21,16,12,0,49,0,0,0,0
185.2439,3,0,8,0,0,0,0,-1,0,1.0000,-1,21,16,12,0,49,0,0,0,0
185.2741,3,0,8,0,0,0,0,-1,0,1.0000,-1,21,16,12,0,49,0,0,0,0
185.2988,3,0,8,0,0,0,0,-1,0,1.0000,-1,21,16,12,0,49,0,0,0,0
185.3228,3,0,8,0,0,0,0,-1,0,1.0000,-1,21,16,12,0,49,0,0,0,0
185.347,3,0,8,0,0,0,0,-1,0,1.0000,-1,21,16,12,0,49,0,0,0,0
185.3702,3,0,8,0,0,0,0,-1,0,1.0000,-1,21,16,12,0,49,0,0,0,0
185.3931,3,0,8,0,0,0,0,-1,0,1.0000,-1,21,16,12,0,49,0,0,0,0
185.4158,3,0,8,0,0,0,0,-1,0,1.0000,-1,21,16,12,0,49,0,0,0,0
185.4382,3,0,8,0,0,0,0,-1,0,1.0000,-1,21,16,12,0,49,0,0,0,0
185.4626,3,0,8,0,0,0,0,-1,0,1.0000,-1,21,16,12,0,49,0,0,0,0
185.4851,3,0,8,0,0,0,0,-1,0,1.0000,-1,21,16,12,0,49,0,0,0,0
185.5105,3,0,8,0,0,0,0,-1,0,1.0000,-1,21,16,12,0,49,0,0,0,0
185.5317,3,0,8,0,0,0,0,-1,0,1.0000,-1,21,16,12,0,49,0,0,0,0
185.5533,3,0,8,0,0,0,0,-1,0,1.0000,-1,21,16,12,0,49,0,0,0,0
185.5777,3,0,8,0,0,0,0,-1,0,0.0000,-1,21,16,12,0,49,0,0,0,0
185.6184,3,0,8,0,0,0,0,-1,0,0.0000,-1,21,16,12,0,49,0,0,0,0
185.6322,3,0,8,0,0,0,0,-1,1,1.0000,-1,21,16,12,0,49,0,0,0,0
185.6487,3,0,8,0,0,0,0,-1,0,1.0000,-1,21,16,12,0,49,0,0,0,0
185.6714,3,0,8,0,0,0,0,-1,0,1.0000,-1,21,16,12,0,49,0,0,0,0
185.6934,3,0,8,0,0,0,0,-1,0,1.0000,-1,21,16,12,0,49,0,0,0,0
185.7146,3,0,8,0,0,0,0,-1,0,1.0000,-1,21,16,12,0,49,0,0,0,0
185.7364,3,0,8,0,0,0,0,-1,0,1.0000,-1,21,16,12,0,49,0,0,0,0
185.7565,3,0,8,0,0,0,0,-1,0,1.0000,-1,21,16,12,0,49,0,0,0,0
185.7802,3,0,8,0,0,0,0,-1,0,1.0000,-1,21,16,12,0,49,0,0,0,0
185.8021,3,0,8,0,0,0,0,-1,1,2.0000,-1,21,16,12,0,49,0,0,0,0
185.8221,3,0,8,0,0,0,0,-1,0,2.0000,-1,21,16,12,0,49,0,0,0,0
185.8452,3,0,8,0,0,0,0,-1,0,2.0000,-1,21,16,12,0,49,0,0,0,0
185.868,3,0,8,0,0,0,1,223,0,2.0000,-1,21,16,12,0,49,0,0,0,0
185.8894,3,0,8,0,0,0,1,223,0,2.0000,-1,21,16,12,0,49,0,0,0,0
185.9135,3,0,8,0,0,0,1,223,0,2.0000,-1,21,16,12,0,49,0,0,0,0
185.9303,3,0,8,0,0,0,1,223,0,2.0000,-1,21,16,12,0,49,0,0,0,0
185.9554,3,0,8,0,0,0,1,223,0,2.0000,-1,21,16,12,0,49,0,0,0,0
185.9751,3,0,8,0,0,0,1,223,0,2.0000,-1,21,16,12,0,49,0,0,0,0
185.9976,3,0,8,0,0,0,1,223,0,2.0000,-1,21,16,12,0,49,0,0,0,0
186.0274,3,0,8,0,0,0,1,223,0,2.0000,-1,21,16,12,0,49,0,0,0,0
186.0471,3,0,8,0,0,0,1,223,0,2.0000,-1,21,16,12,0,49,0,0,0,0
186.0687,3,0,8,0,0,0,1,223,0,2.0000,-1,21,16,12,0,49,0,0,0,0
186.0931,3,0,8,0,0,0,1,223,0,2.0000,-1,21,16,12,0,49,0,0,0,0
186.1159,3,0,8,0,0,0,1,223,0,2.0000,-1,21,16,12,0,49,0,0,0,0
186.1407,3,0,8,0,0,0,1,223,0,2.0000,-1,21,16,12,0,49,0,0,0,0
186.1639,3,0,8,0,0,0,1,223,0,2.0000,-1,21,16,12,0,49,0,0,0,0
186.1842,3,0,8,0,0,0,1,223,0,2.0000,-1,21,16,12,0,49,0,0,0,0
186.2078,3,0,8,0,0,0,1,223,1,3.0000,-1,21,16,12,0,49,0,0,0,0
186.2305,3,0,8,0,0,0,1,223,0,3.0000,-1,21,16,12,0,49,0,0,0,0
186.2529,3,0,8,0,0,0,1,223,0,3.0000,-1,21,16,12,0,49,0,0,0,0
186.2758,3,0,8,0,0,0,1,223,0,3.0000,-1,21,16,12,0,49,0,0,0,0
186.2932,3,0,8,0,0,0,1,223,0,3.0000,-1,21,16,12,0,49,0,0,0,0
186.3168,3,0,8,0,0,0,1,223,0,3.0000,-1,21,16,12,0,49,0,0,0,0
186.3395,3,0,8,0,0,0,1,223,0,3.0000,-1,21,16,12,0,49,0,0,0,0
186.3589,3,0,8,0,0,0,1,223,0,3.0000,-1,21,16,12,0,49,0,0,0,0
186.3826,3,0,8,0,0,0,1,223,0,3.0000,-1,21,16,12,0,49,0,0,0,0
186.4045,3,0,8,0,0,0,1,223,0,3.0000,-1,21,16,12,0,49,0,0,0,0
186.4273,3,0,8,0,0,0,1,223,0,3.0000,-1,21,16,12,0,49,0,0,0,0
186.4468,3,0,8,0,0,0,1,223,0,3.0000,-1,21,16,12,0,49,0,0,0,0
186.4671,3,0,8,0,0,0,1,223,0,3.0000,-1,21,16,12,0,49,0,0,0,0
186.4893,3,0,8,0,0,0,1,223,0,3.0000,-1,21,16,12,0,49,0,0,0,0
186.5112,3,0,8,0,0,0,1,223,0,3.0000,-1,21,16,12,0,49,0,0,0,0
186.5336,3,0,8,0,0,0,0,-1,0,3.0000,223,21,16,13,0,50,0,0,0,0
186.5541,3,0,8,0,0,0,0,-1,0,3.0000,-1,21,16,13,0,50,0,0,0,0
186.5784,3,0,8,0,0,0,0,-1,0,3.0000,-1,21,16,13,0,50,0,0,0,0
186.5964,3,0,8,0,0,0,0,-1,0,3.0000,-1,21,16,13,0,50,0,0,0,0
186.6201,3,0,8,0,0,0,0,-1,0,3.0000,-1,21,16,13,0,50,0,0,0,0
186.6423,3,0,8,0,0,0,0,-1,0,2.0000,-1,21,16,13,0,50,0,0,0,0
186.6822,3,0,8,0,0,0,0,-1,0,2.0000,-1,21,16,13,0,50,0,0,0,0
186.7007,3,0,8,0,0,0,0,-1,0,2.0000,-1,21,16,13,0,50,0,0,0,0
186.7167,3,0,8,0,0,0,0,-1,0,2.0000,-1,21,16,13,0,50,0,0,0,0
186.7305,3,0,8,1,0,0,0,-1,0,2.0000,-1,21,16,13,0,50,0,0,0,0
186.7555,3,0,8,1,0,0,0,-1,0,2.0000,-1,21,16,13,0,50,0,0,0,0
186.7773,3,0,8,1,0,0,0,-1,0,2.0000,-1,21,16,13,0,50,0,0,0,0
186.798,3,0,8,1,0,0,0,-1,0,2.0000,-1,21,16,13,0,50,0,0,0,0
186.8188,3,0,8,1,0,0,0,-1,0,1.0000,-1,21,16,13,0,50,0,0,0,0
186.841,3,0,8,1,0,0,0,-1,0,1.0000,-1,21,16,13,0,50,0,0,0,0
186.8609,3,0,8,1,0,0,0,-1,0,1.0000,-1,21,16,13,0,50,0,0,0,0
186.9033,3,0,8,1,0,0,0,-1,0,1.0000,-1,21,16,13,0,50,0,0,0,0
186.9185,3,0,8,1,0,0,0,-1,0,1.0000,-1,21,16,13,0,50,0,0,0,0
186.9326,3,0,8,1,0,0,0,-1,0,1.0000,-1,21,16,13,0,50,0,0,0,0
186.9536,3,0,8,1,0,0,0,-1,0,1.0000,-1,21,16,13,0,50,0,0,0,0
186.9763,3,0,8,1,0,0,0,-1,1,2.0000,-1,21,16,13,0,50,0,0,0,0
186.9959,3,0,8,1,0,0,0,-1,0,2.0000,-1,21,16,13,0,50,0,0,0,0
187.0194,3,0,8,1,0,0,0,-1,0,2.0000,-1,21,16,13,0,50,0,0,0,0
187.0405,3,0,8,1,0,0,0,-1,0,2.0000,-1,21,16,13,0,50,0,0,0,0
187.0611,3,0,8,1,0,0,0,-1,0,2.0000,-1,21,16,13,0,50,0,0,0,0
187.081,3,0,8,1,0,0,0,-1,0,2.0000,-1,21,16,13,0,50,0,0,0,0
187.1229,3,0,8,1,0,0,0,-1,0,2.0000,-1,21,16,13,0,50,0,0,0,0
187.1412,3,0,8,1,0,0,0,-1,0,2.0000,-1,21,16,13,0,50,0,0,0,0
187.1582,3,0,8,1,0,0,0,-1,0,2.0000,-1,21,16,13,0,50,0,0,0,0
187.1777,3,0,8,1,0,0,0,-1,0,2.0000,-1,21,16,13,0,50,0,0,0,0
187.2034,3,0,8,1,0,0,0,-1,0,2.0000,-1,21,16,13,0,50,0,0,0,0
187.2283,3,0,8,1,0,0,0,-1,0,1.0000,224,21,16,14,0,51,0,0,0,0
187.2514,3,0,8,1,0,0,0,-1,0,1.0000,-1,21,16,14,0,51,0,0,0,0
187.2742,3,0,8,1,0,0,0,-1,0,1.0000,-1,21,16,14,0,51,0,0,0,0
187.298,3,0,8,1,0,0,0,-1,0,1.0000,-1,21,16,14,0,51,0,0,0,0
187.3455,3,0,8,1,0,0,0,-1,0,1.0000,-1,21,16,14,0,51,0,0,0,0
187.3623,3,0,8,1,0,0,0,-1,0,1.0000,-1,21,16,14,0,51,0,0,0,0
187.3776,3,0,8,1,0,0,0,-1,0,1.0000,-1,21,16,14,0,51,0,0,0,0
187.3982,3,0,8,1,0,0,0,-1,0,1.0000,-1,21,16,14,0,51,0,0,0,0
187.4195,3,0,8,1,0,0,0,-1,0,1.0000,-1,21,16,14,0,51,0,0,0,0
187.4416,3,0,8,1,0,0,0,-1,0,1.0000,-1,21,16,14,0,51,0,0,0,0
187.4675,3,0,8,1,1,0,0,-1,0,1.0000,-1,21,16,14,0,51,0,0,0,0
187.4864,3,0,8,1,1,0,0,-1,0,1.0000,-1,21,16,14,0,51,0,0,0,0
187.5102,3,0,8,1,1,0,0,-1,0,1.0000,-1,21,16,14,0,51,0,0,0,0
187.5311,3,0,8,1,1,0,0,-1,0,1.0000,-1,21,16,14,0,51,0,0,0,0
187.5517,3,0,8,1,1,0,0,-1,0,1.0000,-1,21,16,14,0,51,0,0,0,0
187.5735,3,0,8,1,1,0,0,-1,0,1.0000,-1,21,16,14,0,51,0,0,0,0
187.5955,3,0,8,1,1,0,0,-1,0,1.0000,-1,21,16,14,0,51,0,0,0,0
187.614,3,0,8,1,1,0,0,-1,0,1.0000,-1,21,16,14,0,51,0,0,0,0
187.6367,3,0,8,1,1,0,0,-1,0,1.0000,-1,21,16,14,0,51,0,0,0,0
187.6573,3,0,8,1,1,0,0,-1,0,1.0000,-1,21,16,14,0,51,0,0,0,0
187.676,3,0,8,1,1,0,0,-1,0,1.0000,-1,21,16,14,0,51,0,0,0,0
187.699,3,0,8,1,1,0,0,-1,0,1.0000,-1,21,16,14,0,51,0,0,0,0
187.7185,3,0,8,1,1,0,0,-1,0,1.0000,-1,21,16,14,0,51,0,0,0,0
187.7398,3,0,8,1,1,0,0,-1,0,1.0000,-1,21,16,14,0,51,0,0,0,0
187.7607,3,0,8,1,1,0,0,-1,0,1.0000,-1,21,16,14,0,51,0,0,0,0
187.7801,3,0,8,1,1,0,0,-1,0,1.0000,-1,21,16,14,0,51,0,0,0,0
187.8015,3,0,8,1,1,0,0,-1,0,1.0000,-1,21,16,14,0,51,0,0,0,0
187.8194,3,0,8,1,1,0,0,-1,0,1.0000,-1,21,16,14,0,51,0,0,0,0
187.8414,3,0,8,1,1,0,0,-1,0,1.0000,-1,21,16,14,0,51,0,0,0,0
187.8634,3,0,8,1,1,0,0,-1,0,1.0000,-1,21,16,14,0,51,0,0,0,0
187.8831,3,0,8,1,1,0,0,-1,0,1.0000,-1,21,16,14,0,51,0,0,0,0
187.9044,3,0,8,1,1,0,0,-1,0,1.0000,-1,21,16,14,0,51,0,0,0,0
187.9263,3,0,8,1,1,0,0,-1,0,1.0000,-1,21,16,14,0,51,0,0,0,0
187.9459,3,0,8,1,1,0,0,-1,0,1.0000,-1,21,16,14,0,51,0,0,0,0
187.9646,3,0,8,1,1,0,0,-1,0,1.0000,-1,21,16,14,0,51,0,0,0,0
187.9867,3,0,8,1,1,0,0,-1,0,0.0000,-1,21,16,14,0,51,0,0,0,0
188.0071,3,0,8,1,1,0,0,-1,0,0.0000,-1,21,16,14,0,51,0,0,0,0
188.0277,3,0,8,1,0,0,0,-1,0,0.0000,-1,21,16,14,0,51,0,0,0,0
188.0499,3,0,8,1,0,0,0,-1,0,0.0000,-1,21,16,14,0,51,0,0,0,0
188.0711,3,0,8,1,0,0,0,-1,0,0.0000,-1,21,16,14,0,51,0,0,0,0
188.0908,3,0,8,1,0,0,0,-1,0,0.0000,-1,21,16,14,0,51,0,0,0,0
188.1108,3,0,8,1,0,0,0,-1,0,0.0000,-1,21,16,14,0,51,0,0,0,0
188.131,3,0,8,1,0,0,0,-1,0,0.0000,-1,21,16,14,0,51,0,0,0,0
188.173,3,0,8,1,0,0,0,-1,1,1.0000,-1,21,16,14,0,51,0,0,0,0
188.1954,3,0,8,0,0,0,0,-1,0,1.0000,-1,21,16,14,0,51,0,0,0,0
188.2091,3,0,8,0,0,0,0,-1,0,1.0000,-1,21,16,14,0,51,0,0,0,0
188.2218,3,0,8,0,0,0,0,-1,0,1.0000,-1,21,16,14,0,51,0,0,0,0
188.2459,3,0,8,0,0,0,0,-1,0,1.0000,-1,21,16,14,0,51,0,0,0,0
188.2651,3,0,8,0,0,0,0,-1,0,1.0000,-1,21,16,14,0,51,0,0,0,0
188.2867,3,0,8,0,0,0,0,-1,0,1.0000,-1,21,16,14,0,51,0,0,0,0
188.3083,3,0,8,0,0,0,0,-1,0,1.0000,-1,21,16,14,0,51,0,0,0,0
188.3279,3,0,8,0,0,0,0,-1,0,1.0000,-1,21,16,14,0,51,0,0,0,0
188.3462,3,0,8,0,0,0,0,-1,0,1.0000,-1,21,16,14,0,51,0,0,0,0
188.3881,3,0,8,0,0,0,0,-1,0,1.0000,-1,21,16,14,0,51,0,0,0,0
188.4068,3,0,8,0,0,0,0,-1,0,1.0000,-1,21,16,14,0,51,0,0,0,0
188.4225,3,0,8,0,0,0,0,-1,0,1.0000,-1,21,16,14,0,51,0,0,0,0
188.4393,3,0,8,0,0,0,0,-1,0,1.0000,-1,21,16,14,0,51,0,0,0,0
188.4524,3,0,8,0,0,0,0,-1,0,1.0000,-1,21,16,14,0,51,0,0,0,0
188.4752,3,0,8,0,0,0,0,-1,0,1.0000,-1,21,16,14,0,51,0,0,0,0
188.4952,3,0,8,0,0,0,0,-1,0,1.0000,-1,21,16,14,0,51,0,0,0,0
188.5153,3,0,8,0,0,0,0,-1,0,1.0000,-1,21,16,14,0,51,0,0,0,0
188.5352,3,0,8,0,0,0,0,-1,0,1.0000,-1,21,16,14,0,51,0,0,0,0
188.5538,3,0,8,0,0,0,0,-1,0,1.0000,-1,21,16,14,0,51,0,0,0,0
188.5759,3,0,8,0,0,0,0,-1,0,1.0000,-1,21,16,14,0,51,0,0,0,0
188.595,3,0,8,0,0,0,0,-1,0,1.0000,-1,21,16,14,0,51,0,0,0,0
188.6156,3,0,8,0,0,0,0,-1,0,1.0000,-1,21,16,14,0,51,0,0,0,0
188.6371,3,0,8,0,0,0,0,-1,0,1.0000,-1,21,16,14,0,51,0,0,0,0
188.6566,3,0,8,0,0,0,0,-1,0,1.0000,-1,21,16,14,0,51,0,0,0,0
188.6741,3,0,8,0,0,0,0,-1,0,1.0000,-1,21,16,14,0,51,0,0,0,0
188.6965,3,0,8,0,0,0,0,-1,0,1.0000,-1,21,16,14,0,51,0,0,0,0
188.7164,3,0,8,0,0,0,0,-1,0,1.0000,-1,21,16,14,0,51,0,0,0,0
188.7366,3,0,8,0,0,0,0,-1,0,1.0000,-1,21,16,14,0,51,0,0,0,0
188.7562,3,0,8,0,0,0,0,-1,0,1.0000,-1,21,16,14,0,51,0,0,0,0
188.7753,3,0,8,0,0,0,0,-1,0,1.0000,-1,21,16,14,0,51,0,0,0,0
188.7965,3,0,8,0,0,0,0,-1,0,1.0000,-1,21,16,14,0,51,0,0,0,0
188.8154,3,0,8,0,0,0,0,-1,0,1.0000,-1,21,16,14,0,51,0,0,0,0
188.8363,3,0,8,0,0,0,0,-1,0,1.0000,-1,21,16,14,0,51,0,0,0,0
188.8568,3,0,8,0,0,0,0,-1,0,1.0000,-1,21,16,14,0,51,0,0,0,0
188.8748,3,0,8,0,0,0,0,-1,0,1.0000,-1,21,16,14,0,51,0,0,0,0
188.8966,3,0,8,0,0,0,0,-1,0,1.0000,-1,21,16,14,0,51,0,0,0,0
188.9167,3,0,8,0,0,0,0,-1,0,1.0000,-1,21,16,14,0,51,0,0,0,0
188.9375,3,0,8,0,0,0,1,230,0,1.0000,-1,21,16,14,0,51,0,0,0,0
188.9578,3,0,8,0,0,0,1,230,0,1.0000,-1,21,16,14,0,51,0,0,0,0
188.9761,3,0,8,0,0,0,1,230,0,1.0000,-1,21,16,14,0,51,0,0,0,0
188.9966,3,0,8,0,0,0,1,230,0,1.0000,-1,21,16,14,0,51,0,0,0,0
189.0179,3,0,8,0,0,0,1,230,0,1.0000,-1,21,16,14,0,51,0,0,0,0
189.0391,3,0,8,0,0,0,1,230,0,1.0000,-1,21,16,14,0,51,0,0,0,0
189.0589,3,0,8,0,0,0,1,230,0,1.0000,-1,21,16,14,0,51,0,0,0,0
189.0773,3,0,8,0,0,0,1,230,0,1.0000,-1,21,16,14,0,51,0,0,0,0
189.0986,3,0,8,0,0,0,1,230,0,1.0000,-1,21,16,14,0,51,0,0,0,0
189.1201,3,0,8,0,0,0,1,230,0,1.0000,-1,21,16,14,0,51,0,0,0,0
189.1399,3,0,8,0,0,0,1,230,0,1.0000,-1,21,16,14,0,51,0,0,0,0
189.1599,3,0,8,0,0,0,1,230,0,1.0000,-1,21,16,14,0,51,0,0,0,0
189.1796,3,0,8,0,0,0,1,230,0,0.0000,-1,21,16,14,0,51,0,0,0,0
189.1995,3,0,8,0,0,0,1,230,0,0.0000,-1,21,16,14,0,51,0,0,0,0
189.2207,3,0,8,0,0,0,1,230,0,0.0000,-1,21,16,14,0,51,0,0,0,0
189.2408,3,0,8,0,0,0,1,230,0,0.0000,-1,21,16,14,0,51,0,0,0,0
189.2615,3,0,8,0,0,0,1,230,1,1.0000,-1,21,16,14,0,51,0,0,0,0
189.2811,3,0,8,0,0,0,1,230,0,1.0000,-1,21,16,14,0,51,0,0,0,0
189.3005,3,0,8,0,0,0,1,230,0,1.0000,-1,21,16,14,0,51,0,0,0,0
189.3219,3,0,8,0,0,0,1,230,0,1.0000,-1,21,16,14,0,51,0,0,0,0
189.3419,3,0,8,0,0,0,1,230,0,1.0000,-1,21,16,14,0,51,0,0,0,0
189.3664,3,0,8,0,0,0,1,230,0,1.0000,-1,21,16,14,0,51,0,0,0,0
189.4034,3,0,8,0,0,0,1,230,0,1.0000,-1,21,16,14,0,51,0,0,0,0
189.4231,3,0,8,0,0,0,1,230,0,1.0000,-1,21,16,14,0,51,0,0,0,0
189.438,3,0,8,0,0,0,1,230,0,1.0000,-1,21,16,14,0,51,0,0,0,0
189.4534,3,0,8,0,0,0,1,230,0,1.0000,-1,21,16,14,0,51,0,0,0,0
189.4783,3,0,8,0,0,0,1,230,0,1.0000,-1,21,16,14,0,51,0,0,0,0
189.5,3,0,8,0,0,0,1,230,0,1.0000,-1,21,16,14,0,51,0,0,0,0
189.5216,3,0,8,0,0,0,1,230,0,1.0000,-1,21,16,14,0,51,0,0,0,0
189.5429,3,0,8,0,0,0,1,230,0,1.0000,-1,21,16,14,0,51,0,0,0,0
189.5652,3,0,8,0,0,0,1,230,0,1.0000,-1,21,16,14,0,51,0,0,0,0
189.5899,3,0,8,0,0,0,1,230,0,1.0000,-1,21,16,14,0,51,0,0,0,0
189.6344,3,0,8,0,0,0,1,230,0,1.0000,-1,21,16,14,0,51,0,0,0,0
189.6543,3,0,8,0,0,0,1,230,0,1.0000,-1,21,16,14,0,51,0,0,0,0
189.675,3,0,8,0,0,0,1,230,0,1.0000,-1,21,16,14,0,51,0,0,0,0
189.6954,3,0,8,0,0,0,1,230,0,1.0000,-1,21,16,14,0,51,0,0,0,0
189.7161,3,0,8,0,0,0,1,229,0,1.0000,230,21,16,15,0,52,0,0,0,0
189.7401,3,0,8,0,0,0,1,229,0,1.0000,-1,21,16,15,0,52,0,0,0,0
189.7606,3,0,8,0,0,0,1,229,0,1.0000,-1,21,16,15,0,52,0,0,0,0
189.7797,3,0,8,0,0,0,1,229,0,1.0000,-1,21,16,15,0,52,0,0,0,0
189.7976,3,0,8,0,0,0,1,229,0,1.0000,-1,21,16,15,0,52,0,0,0,0
189.8366,3,0,8,0,0,0,1,229,0,1.0000,-1,21,16,15,0,52,0,0,0,0
189.8575,3,0,8,0,0,0,1,229,0,1.0000,-1,21,16,15,0,52,0,0,0,0
189.877,3,0,8,0,0,0,1,229,0,1.0000,-1,21,16,15,0,52,0,0,0,0
189.8995,3,0,8,0,0,0,1,229,0,1.0000,-1,21,16,15,0,52,0,0,0,0
189.9187,3,0,8,0,0,0,1,229,0,1.0000,-1,21,16,15,0,52,0,0,0,0
189.9387,3,0,8,0,0,0,1,229,0,1.0000,-1,21,16,15,0,52,0,0,0,0
189.9582,3,0,8,0,0,0,1,229,0,1.0000,-1,21,16,15,0,52,0,0,0,0
189.9776,3,0,8,0,0,0,1,229,0,1.0000,-1,21,16,15,0,52,0,0,0,0
189.9977,3,0,8,0,0,0,1,229,0,1.0000,-1,21,16,15,0,52,0,0,0,0
190.0161,3,0,8,0,0,0,1,229,0,1.0000,-1,21,16,15,0,52,0,0,0,0
190.0401,3,0,8,0,0,0,1,229,1,2.0000,-1,21,16,15,0,52,0,0,0,0
190.0623,3,0,8,0,0,0,0,-1,0,2.0000,-1,21,16,15,0,52,0,0,0,0
190.0872,3,0,8,0,0,0,0,-1,0,2.0000,-1,21,16,15,0,52,0,0,0,0
190.1076,3,0,8,0,0,0,0,-1,0,2.0000,-1,21,16,15,0,52,0,0,0,0
190.1293,3,0,8,0,0,0,0,-1,0,2.0000,-1,21,16,15,0,52,0,0,0,0
190.1516,3,0,8,0,0,0,0,-1,0,2.0000,229,21,16,16,0,53,0,0,0,0
190.1734,3,0,8,0,0,0,0,-1,0,2.0000,-1,21,16,16,0,53,0,0,0,0
190.1947,3,0,8,0,0,0,0,-1,0,2.0000,-1,21,16,16,0,53,0,0,0,0
190.2178,3,0,8,0,0,0,0,-1,0,2.0000,-1,21,16,16,0,53,0,0,0,0
190.2387,3,0,8,0,0,0,0,-1,0,2.0000,-1,21,16,16,0,53,0,0,0,0
190.2599,3,0,8,0,0,0,0,-1,0,2.0000,-1,21,16,16,0,53,0,0,0,0
190.2834,3,0,8,0,0,0,0,-1,0,1.0000,-1,21,16,16,0,53,0,0,0,0
190.3055,3,0,8,0,0,0,0,-1,0,1.0000,-1,21,16,16,0,53,0,0,0,0
190.328,3,0,8,0,0,0,0,-1,0,1.0000,-1,21,16,16,0,53,0,0,0,0
190.3496,3,0,8,0,0,0,0,-1,0,1.0000,-1,21,16,16,0,53,0,0,0,0
190.3708,3,0,8,0,0,0,0,-1,0,1.0000,-1,21,16,16,0,53,0,0,0,0
190.3943,3,0,8,0,0,0,0,-1,0,1.0000,-1,21,16,16,0,53,0,0,0,0
190.4159,3,0,8,0,0,0,0,-1,0,1.0000,-1,21,16,16,0,53,0,0,0,0
190.4371,3,0,8,0,0,0,0,-1,0,1.0000,-1,21,16,16,0,53,0,0,0,0
190.4617,3,0,8,0,0,0,0,-1,0,1.0000,-1,21,16,16,0,53,0,0,0,0
190.4848,3,0,8,0,0,0,0,-1,1,2.0000,-1,21,16,16,0,53,0,0,0,0
190.5104,3,0,8,0,0,0,0,-1,0,2.0000,-1,21,16,16,0,53,0,0,0,0
190.5299,3,0,8,0,0,0,0,-1,0,2.0000,-1,21,16,16,0,53,0,0,0,0
190.5522,3,0,8,0,0,0,0,-1,0,2.0000,-1,21,16,16,0,53,0,0,0,0
190.5787,3,0,8,0,0,0,0,-1,0,2.0000,-1,21,16,16,0,53,0,0,0,0
190.6015,3,0,8,0,0,0,0,-1,0,2.0000,-1,21,16,16,0,53,0,0,0,0
190.6238,3,0,8,0,0,0,0,-1,0,2.0000,-1,21,16,16,0,53,0,0,0,0
190.6475,3,0,8,0,0,0,0,-1,0,2.0000,-1,21,16,16,0,53,0,0,0,0
190.6684,3,0,8,0,0,0,0,-1,0,2.0000,-1,21,16,16,0,53,0,0,0,0
190.69,3,0,8,0,0,0,0,-1,0,2.0000,-1,21,16,16,0,53,0,0,0,0
190.7126,3,0,8,0,0,0,0,-1,0,2.0000,-1,21,16,16,0,53,0,0,0,0
190.7339,3,0,8,0,0,0,0,-1,1,3.0000,-1,21,16,16,0,53,0,0,0,0
190.7549,3,0,8,0,0,0,0,-1,0,3.0000,-1,21,16,16,0,53,0,0,0,0
190.7782,3,0,8,0,0,0,0,-1,0,3.0000,-1,21,16,16,0,53,0,0,0,0
190.7992,3,0,8,0,0,0,0,-1,0,3.0000,-1,21,16,16,0,53,0,0,0,0
190.8215,3,0,8,0,0,0,0,-1,0,3.0000,-1,21,16,16,0,53,0,0,0,0
190.8437,3,0,8,0,0,0,0,-1,0,3.0000,-1,21,16,16,0,53,0,0,0,0
190.8669,3,0,8,0,0,0,0,-1,0,3.0000,-1,21,16,16,0,53,0,0,0,0
190.8893,3,0,8,0,0,0,0,-1,0,3.0000,-1,21,16,16,0,53,0,0,0,0
190.9125,3,0,8,0,0,0,0,-1,0,3.0000,-1,21,16,16,0,53,0,0,0,0
190.9333,3,0,8,0,0,0,0,-1,0,3.0000,-1,21,16,16,0,53,0,0,0,0
190.9562,3,0,8,0,0,0,0,-1,0,3.0000,-1,21,16,16,0,53,0,0,0,0
190.9783,3,0,8,0,0,0,0,-1,0,3.0000,-1,21,16,16,0,53,0,0,0,0
191.0844,3,0,8,0,0,0,0,-1,1,3.0000,-1,21,16,16,0,53,0,0,0,0
191.1324,3,0,8,0,0,0,0,-1,0,3.0000,-1,21,16,16,0,53,0,0,0,0
191.1442,3,0,8,0,0,0,0,-1,0,3.0000,-1,21,16,16,0,53,0,0,0,0
191.1714,3,0,8,0,0,0,1,233,0,3.0000,-1,21,16,16,0,53,0,0,0,0
191.2045,3,0,8,0,0,0,1,233,0,3.0000,-1,21,16,16,0,53,0,0,0,0
191.2337,3,0,8,0,0,0,1,233,0,3.0000,-1,21,16,16,0,53,0,0,0,0
191.2604,3,0,8,0,0,0,1,233,0,3.0000,-1,21,16,16,0,53,0,0,0,0
191.2862,3,0,8,0,0,0,1,233,0,3.0000,-1,21,16,16,0,53,0,0,0,0
191.3325,3,0,8,0,0,0,1,233,0,3.0000,-1,21,16,16,0,53,0,0,0,0
191.3432,3,0,8,0,0,0,1,233,1,4.0000,-1,21,16,16,0,53,0,0,0,0
191.3604,3,0,8,0,0,0,1,233,0,4.0000,-1,21,16,16,0,53,0,0,0,0
191.3849,3,0,8,0,0,0,0,-1,0,4.0000,-1,21,16,16,0,53,0,0,0,0
191.4069,3,0,8,0,0,0,0,-1,0,4.0000,-1,21,16,16,0,53,0,0,0,0
191.4291,3,0,8,0,0,0,0,-1,0,4.0000,-1,21,16,16,0,53,0,0,0,0
191.451,3,0,8,0,0,0,0,-1,0,4.0000,-1,21,16,16,0,53,0,0,0,0
191.4713,3,0,8,0,0,0,0,-1,0,4.0000,-1,21,16,16,0,53,0,0,0,0
191.4944,3,0,8,0,0,0,0,-1,0,3.0000,-1,21,16,16,0,53,0,0,0,0
191.5194,3,0,8,0,0,0,0,-1,1,4.0000,-1,21,16,16,0,53,0,0,0,0
191.5388,3,0,8,0,0,0,0,-1,0,4.0000,-1,21,16,16,0,53,0,0,0,0
191.5612,3,0,8,0,0,0,0,-1,0,4.0000,-1,21,16,16,0,53,0,0,0,0
191.5889,3,0,8,0,0,0,0,-1,0,4.0000,-1,21,16,16,0,53,0,0,0,0
191.6064,3,0,8,0,0,0,0,-1,0,4.0000,-1,21,16,16,0,53,0,0,0,0
191.6275,3,0,8,0,0,0,0,-1,0,4.0000,-1,21,16,16,0,53,0,0,0,0
191.6483,3,0,8,0,0,0,0,-1,0,4.0000,-1,21,16,16,0,53,0,0,0,0
191.6699,3,0,8,0,0,0,0,-1,0,4.0000,-1,21,16,16,0,53,0,0,0,0
191.6982,3,0,8,0,0,0,0,-1,0,4.0000,-1,21,16,16,0,53,0,0,0,0
191.7176,3,0,8,0,0,0,0,-1,0,4.0000,-1,21,16,16,0,53,0,0,0,0
191.737,3,0,8,0,0,0,0,-1,0,3.0000,-1,21,16,16,0,53,0,0,0,0
191.7605,3,0,8,0,0,0,0,-1,0,3.0000,-1,21,16,16,0,53,0,0,0,0
191.7837,3,0,8,0,0,0,0,-1,0,3.0000,-1,21,16,16,0,53,0,0,0,0
191.8044,3,0,8,0,0,0,0,-1,0,3.0000,-1,21,16,16,0,53,0,0,0,0
191.8275,3,0,8,0,0,0,0,-1,0,3.0000,-1,21,16,16,0,53,0,0,0,0
191.8499,3,0,8,0,0,0,0,-1,0,3.0000,-1,21,16,16,0,53,0,0,0,0
191.87,3,0,8,0,0,0,0,-1,0,3.0000,-1,21,16,16,0,53,0,0,0,0
191.8931,3,0,8,0,0,0,0,-1,0,3.0000,-1,21,16,16,0,53,0,0,0,0
191.9182,3,0,8,0,0,0,0,-1,0,3.0000,-1,21,16,16,0,53,0,0,0,0
191.9608,3,0,8,0,0,0,0,-1,1,4.0000,-1,21,16,16,0,53,0,0,0,0
191.9799,3,0,8,0,0,0,0,-1,0,4.0000,-1,21,16,16,0,53,0,0,0,0
191.9968,3,0,8,0,0,0,0,-1,0,4.0000,-1,21,16,16,0,53,0,0,0,0
192.0144,3,0,8,0,0,0,0,-1,0,4.0000,-1,21,16,16,0,53,0,0,0,0
192.0378,3,0,8,0,0,0,0,-1,0,4.0000,-1,21,16,16,0,53,0,0,0,0
192.0603,3,0,8,1,0,0,0,-1,0,4.0000,-1,21,16,16,0,53,0,0,0,0
192.0834,3,0,8,1,0,0,0,-1,0,4.0000,-1,21,16,16,0,53,0,0,0,0
192.1044,3,0,8,1,0,0,0,-1,1,4.0000,-1,21,16,16,0,53,0,0,0,0
192.1257,3,0,8,1,0,0,0,-1,0,4.0000,-1,21,16,16,0,53,0,0,0,0
192.1663,3,0,8,1,0,0,0,-1,0,4.0000,-1,21,16,16,0,53,0,0,0,0
192.1859,3,0,8,1,0,0,0,-1,0,4.0000,-1,21,16,16,0,53,0,0,0,0
192.2032,3,0,8,1,0,0,0,-1,0,4.0000,-1,21,16,16,0,53,0,0,0,0
192.2223,3,0,8,1,0,0,0,-1,0,4.0000,-1,21,16,16,0,53,0,0,0,0
192.2404,3,0,8,1,0,0,0,-1,0,4.0000,-1,21,16,16,0,53,0,0,0,0
192.2568,3,0,8,1,0,0,0,-1,0,4.0000,-1,21,16,16,0,53,0,0,0,0
192.278,3,0,8,1,0,0,0,-1,0,4.0000,-1,21,16,16,0,53,0,0,0,0
192.299,3,0,8,1,0,0,0,-1,0,4.0000,-1,21,16,16,0,53,0,0,0,0
192.3203,3,0,8,1,0,0,0,-1,0,4.0000,-1,21,16,16,0,53,0,0,0,0
192.3418,3,0,8,1,0,0,0,-1,0,4.0000,-1,21,16,16,0,53,0,0,0,0
192.3618,3,0,8,1,0,0,0,-1,0,3.0000,-1,21,16,16,0,53,0,0,0,0
192.3835,3,0,8,1,0,0,0,-1,0,3.0000,-1,21,16,16,0,53,0,0,0,0
192.4046,3,0,8,1,0,0,1,235,0,3.0000,-1,21,16,16,0,53,0,0,0,0
192.4274,3,0,8,0,0,0,1,235,0,3.0000,-1,21,16,16,0,53,0,0,0,0
192.4455,3,0,8,0,0,0,1,235,0,3.0000,-1,21,16,16,0,53,0,0,0,0
192.4656,3,0,8,0,0,0,1,235,0,3.0000,-1,21,16,16,0,53,0,0,0,0
192.4876,3,0,8,0,0,0,1,235,0,3.0000,-1,21,16,16,0,53,0,0,0,0
192.509,3,0,8,0,0,0,1,235,0,3.0000,-1,21,16,16,0,53,0,0,0,0
192.5316,3,0,8,0,0,0,1,235,0,2.0000,-1,21,16,16,0,53,0,0,0,0
192.5534,3,0,8,0,0,0,1,235,0,2.0000,-1,21,16,16,0,53,0,0,0,0
192.5944,3,0,8,0,0,0,1,235,0,2.0000,-1,21,16,16,0,53,0,0,0,0
192.6082,3,0,8,0,0,0,1,235,0,2.0000,-1,21,16,16,0,53,0,0,0,0
192.6213,3,0,8,0,0,0,1,235,0,2.0000,-1,21,16,16,0,53,0,0,0,0
192.6438,3,0,8,0,0,0,1,235,0,2.0000,-1,21,16,16,0,53,0,0,0,0
192.667,3,0,8,0,0,0,1,235,0,2.0000,-1,21,16,16,0,53,0,0,0,0
192.6873,3,0,8,0,0,0,1,235,0,2.0000,-1,21,16,16,0,53,0,0,0,0
192.7076,3,0,8,0,0,0,1,235,0,2.0000,-1,21,16,16,0,53,0,0,0,0
192.7297,3,0,8,0,1,0,1,235,1,3.0000,-1,21,16,16,0,53,0,0,0,0
192.7495,3,0,8,0,1,0,1,235,0,3.0000,-1,21,16,16,0,53,0,0,0,0
192.7689,3,0,8,0,1,0,0,-1,0,3.0000,-1,21,16,16,0,53,0,0,0,0
192.8116,3,0,8,0,1,0,0,-1,0,3.0000,235,21,16,17,0,54,0,0,0,0
192.8324,3,0,8,0,1,0,0,-1,0,3.0000,-1,21,16,17,0,54,0,0,0,0
192.8499,3,0,8,0,1,0,0,-1,0,3.0000,-1,21,16,17,0,54,0,0,0,0
192.8662,3,0,8,0,1,0,0,-1,0,3.0000,-1,21,16,17,0,54,0,0,0,0
192.8816,3,0,8,0,1,0,0,-1,0,3.0000,-1,21,16,17,0,54,0,0,0,0
192.9035,3,0,8,0,1,0,0,-1,0,3.0000,-1,21,16,17,0,54,0,0,0,0
192.9254,3,0,8,0,1,0,0,-1,0,3.0000,-1,21,16,17,0,54,0,0,0,0
192.9484,3,0,8,0,1,0,0,-1,0,3.0000,-1,21,16,17,0,54,0,0,0,0
192.9749,3,0,8,0,1,0,0,-1,0,2.0000,-1,21,16,17,0,54,0,0,0,0
193.0134,3,0,8,0,1,0,0,-1,0,2.0000,-1,21,16,17,0,54,0,0,0,0
193.0285,3,0,8,0,1,0,0,-1,0,2.0000,-1,21,16,17,0,54,0,0,0,0
193.0437,3,0,8,0,1,0,0,-1,0,2.0000,-1,21,16,17,0,54,0,0,0,0
193.0674,3,0,8,0,1,0,0,-1,0,2.0000,-1,21,16,17,0,54,0,0,0,0
193.0876,3,0,8,0,1,0,0,-1,0,2.0000,-1,21,16,17,0,54,0,0,0,0
193.1098,3,0,8,0,1,0,0,-1,0,1.0000,-1,21,16,17,0,54,0,0,0,0
193.1278,3,0,8,0,1,0,0,-1,0,1.0000,-1,21,16,17,0,54,0,0,0,0
193.1508,3,0,8,0,1,0,0,-1,0,1.0000,-1,21,16,17,0,54,0,0,0,0
193.1733,3,0,8,0,1,0,0,-1,0,1.0000,-1,21,16,17,0,54,0,0,0,0
193.194,3,0,8,0,1,0,0,-1,0,1.0000,-1,21,16,17,0,54,0,0,0,0
193.2165,3,0,8,0,1,0,0,-1,0,1.0000,-1,21,16,17,0,54,0,0,0,0
193.2379,3,0,8,0,1,0,0,-1,1,2.0000,-1,21,16,17,0,54,0,0,0,0
193.2599,3,0,8,0,1,0,0,-1,0,2.0000,-1,21,16,17,0,54,0,0,0,0
193.2813,3,0,8,0,1,0,0,-1,0,2.0000,-1,21,16,17,0,54,0,0,0,0
193.3049,3,0,8,0,0,0,0,-1,0,2.0000,-1,21,16,17,0,54,0,0,0,0
193.327,3,0,8,0,0,0,0,-1,0,2.0000,-1,21,16,17,0,54,0,0,0,0
193.3488,3,0,8,0,0,0,0,-1,0,2.0000,-1,21,16,17,0,54,0,0,0,0
193.3708,3,0,8,0,0,0,0,-1,0,2.0000,-1,21,16,17,0,54,0,0,0,0
193.3931,3,0,8,0,0,0,0,-1,0,2.0000,-1,21,16,17,0,54,0,0,0,0
193.415,3,0,8,0,0,0,0,-1,0,2.0000,-1,21,16,17,0,54,0,0,0,0
193.458,3,0,8,0,0,0,0,-1,1,3.0000,-1,21,16,17,0,54,0,0,0,0
193.4764,3,0,8,0,0,0,0,-1,0,3.0000,-1,21,16,17,0,54,0,0,0,0
193.4925,3,0,8,0,0,0,0,-1,0,3.0000,-1,21,16,17,0,54,0,0,0,0
193.5085,3,0,8,0,0,0,0,-1,0,3.0000,-1,21,16,17,0,54,0,0,0,0
193.5329,3,0,8,0,0,0,0,-1,0,3.0000,-1,21,16,17,0,54,0,0,0,0
193.5536,3,0,8,0,0,0,0,-1,0,3.0000,-1,21,16,17,0,54,0,0,0,0
193.5769,3,0,8,0,0,0,0,-1,0,3.0000,-1,21,16,17,0,54,0,0,0,0
193.5991,3,0,8,0,0,0,0,-1,0,3.0000,-1,21,16,17,0,54,0,0,0,0
193.6177,3,0,8,0,0,0,0,-1,0,3.0000,-1,21,16,17,0,54,0,0,0,0
193.6412,3,0,8,0,0,0,0,-1,0,3.0000,-1,21,16,17,0,54,0,0,0,0
193.6617,3,0,8,0,0,0,0,-1,0,3.0000,-1,21,16,17,0,54,0,0,0,0
193.6825,3,0,8,0,0,0,0,-1,0,3.0000,-1,21,16,17,0,54,0,0,0,0
193.7053,3,0,8,0,0,0,0,-1,0,3.0000,-1,21,16,17,0,54,0,0,0,0
193.7257,3,0,8,0,0,0,0,-1,0,3.0000,-1,21,16,17,0,54,0,0,0,0
193.7445,3,0,8,0,0,0,0,-1,0,2.0000,-1,21,16,17,0,54,0,0,0,0
193.7677,3,0,8,0,0,0,0,-1,0,2.0000,-1,21,16,17,0,54,0,0,0,0
193.7892,3,0,8,0,0,0,1,239,0,2.0000,-1,21,16,17,0,54,0,0,0,0
193.8114,3,0,8,0,0,0,1,239,0,2.0000,-1,21,16,17,0,54,0,0,0,0
193.8342,3,0,8,0,0,0,1,239,0,2.0000,-1,21,16,17,0,54,0,0,0,0
193.8731,3,0,8,0,0,0,1,239,0,2.0000,-1,21,16,17,0,54,0,0,0,0
193.892,3,0,8,0,0,0,1,239,0,2.0000,-1,21,16,17,0,54,0,0,0,0
193.908,3,0,8,0,0,0,1,239,0,2.0000,-1,21,16,17,0,54,0,0,0,0
193.9234,3,0,8,0,0,0,1,239,0,2.0000,-1,21,16,17,0,54,0,0,0,0
193.9495,3,0,8,0,0,0,1,239,0,2.0000,-1,21,16,17,0,54,0,0,0,0
193.9749,3,0,8,0,0,0,1,239,0,2.0000,-1,21,16,17,0,54,0,0,0,0
193.9952,3,0,8,0,0,0,1,239,0,2.0000,-1,21,16,17,0,54,0,0,0,0
194.0143,3,0,8,0,0,0,1,239,0,2.0000,-1,21,16,17,0,54,0,0,0,0
194.0365,3,0,8,0,0,0,1,239,1,3.0000,-1,21,16,17,0,54,0,0,0,0
194.0827,3,0,8,0,0,0,1,239,0,3.0000,-1,21,16,17,0,54,0,0,0,0
194.1042,3,0,8,0,0,0,1,239,0,3.0000,-1,21,16,17,0,54,0,0,0,0
194.1235,3,0,8,0,0,0,1,239,0,3.0000,-1,21,16,17,0,54,0,0,0,0
194.1381,3,0,8,0,0,0,1,239,0,3.0000,-1,21,16,17,0,54,0,0,0,0
194.1527,3,0,8,0,0,0,1,239,0,3.0000,-1,21,16,17,0,54,0,0,0,0
194.1772,3,0,8,0,0,0,1,239,0,3.0000,-1,21,16,17,0,54,0,0,0,0
194.2001,3,0,8,0,0,0,1,239,0,3.0000,-1,21,16,17,0,54,0,0,0,0
194.2215,3,0,8,0,0,0,1,239,0,3.0000,-1,21,16,17,0,54,0,0,0,0
194.2438,3,0,8,0,0,0,1,239,0,2.0000,-1,21,16,17,0,54,0,0,0,0
194.2658,3,0,8,0,0,0,1,239,0,2.0000,-1,21,16,17,0,54,0,0,0,0
194.2862,3,0,8,0,0,0,1,239,0,2.0000,-1,21,16,17,0,54,0,0,0,0
194.3106,3,0,8,0,0,0,1,239,0,2.0000,-1,21,16,17,0,54,0,0,0,0
194.3313,3,0,8,0,0,0,1,239,0,2.0000,-1,21,16,17,0,54,0,0,0,0
194.351,2,1,9,0,0,0,0,-1,0,2.0000,239,21,17,17,0,55,0,0,0,0
194.3714,2,0,9,0,0,0,0,-1,0,2.0000,-1,21,17,17,0,55,0,0,0,0
194.3962,2,0,9,0,0,0,0,-1,0,2.0000,-1,21,17,17,0,55,0,0,0,0
194.4168,2,0,9,0,0,0,0,-1,0,2.0000,-1,21,17,17,0,55,0,0,0,0
194.4399,2,0,9,0,0,0,0,-1,0,2.0000,-1,21,17,17,0,55,0,0,0,0
194.4605,2,0,9,0,0,0,0,-1,0,1.0000,-1,21,17,17,0,55,0,0,0,0
194.5033,2,0,9,0,0,0,0,-1,0,1.0000,-1,21,17,17,0,55,0,0,0,0
194.5231,2,0,9,0,0,0,0,-1,0,1.0000,-1,21,17,17,0,55,0,0,0,0
194.5421,2,0,9,0,0,0,1,243,0,1.0000,-1,21,17,17,0,55,0,0,0,0
194.5574,2,0,9,0,0,0,1,243,0,1.0000,-1,21,17,17,0,55,0,0,0,0
194.5763,2,0,9,0,0,0,1,243,0,1.0000,-1,21,17,17,0,55,0,0,0,0
194.5991,2,0,9,0,0,0,1,243,0,1.0000,-1,21,17,17,0,55,0,0,0,0
194.6216,2,0,9,0,0,0,1,243,0,1.0000,-1,21,17,17,0,55,0,0,0,0
194.6417,2,0,9,0,0,0,1,243,0,1.0000,-1,21,17,17,0,55,0,0,0,0
194.6643,2,0,9,0,0,0,1,243,0,1.0000,-1,21,17,17,0,55,0,0,0,0
194.7017,2,0,9,0,0,0,1,243,0,1.0000,-1,21,17,17,0,55,0,0,0,0
194.7197,2,0,9,0,0,0,1,243,0,1.0000,-1,21,17,17,0,55,0,0,0,0
194.7348,2,0,9,0,0,0,1,243,0,1.0000,-1,21,17,17,0,55,0,0,0,0
194.7497,2,0,9,0,0,0,1,243,0,1.0000,-1,21,17,17,0,55,0,0,0,0
194.7698,2,0,9,0,0,0,1,243,0,1.0000,-1,21,17,17,0,55,0,0,0,0
194.7944,2,0,9,0,0,0,1,243,0,1.0000,-1,21,17,17,0,55,0,0,0,0
194.8156,2,0,9,0,0,0,1,243,0,1.0000,-1,21,17,17,0,55,0,0,0,0
194.8384,2,0,9,0,0,0,1,243,0,1.0000,-1,21,17,17,0,55,0,0,0,0
194.8613,2,0,9,0,0,0,1,243,0,1.0000,-1,21,17,17,0,55,0,0,0,0
194.8823,2,0,9,0,0,0,1,243,0,1.0000,-1,21,17,17,0,55,0,0,0,0
194.9052,2,0,9,0,0,0,1,243,0,1.0000,-1,21,17,17,0,55,0,0,0,0
194.9268,2,0,9,0,0,0,1,243,0,1.0000,-1,21,17,17,0,55,0,0,0,0
194.9477,2,0,9,0,0,0,1,243,0,1.0000,-1,21,17,17,0,55,0,0,0,0
194.9774,2,0,9,0,0,0,1,243,0,1.0000,-1,21,17,17,0,55,0,0,0,0
194.9991,2,0,9,0,0,0,1,243,0,1.0000,-1,21,17,17,0,55,0,0,0,0
195.0194,2,0,9,0,0,0,1,243,0,1.0000,-1,21,17,17,0,55,0,0,0,0
195.04,2,0,9,0,0,0,0,-1,1,1.0000,-1,21,17,17,0,55,0,0,0,0
195.0645,2,0,9,0,0,0,0,-1,0,1.0000,-1,21,17,17,0,55,0,0,0,0
195.0892,2,0,9,0,0,0,0,-1,0,1.0000,-1,21,17,17,0,55,0,0,0,0
195.1117,2,0,9,0,0,0,0,-1,0,1.0000,-1,21,17,17,0,55,0,0,0,0
195.1362,2,0,9,0,0,0,0,-1,0,1.0000,-1,21,17,17,0,55,0,0,0,0
195.1602,2,0,9,0,0,0,0,-1,1,2.0000,243,21,18,17,0,56,0,0,0,0
195.1839,2,0,9,0,0,0,0,-1,0,2.0000,-1,21,18,17,0,56,0,0,0,0
195.2067,2,0,9,0,0,0,0,-1,0,2.0000,-1,21,18,17,0,56,0,0,0,0
195.2318,2,0,9,0,0,0,0,-1,0,2.0000,-1,21,18,17,0,56,0,0,0,0
195.2552,2,0,9,0,0,0,0,-1,0,2.0000,-1,21,18,17,0,56,0,0,0,0
195.2758,2,0,9,0,0,0,0,-1,0,2.0000,-1,21,18,17,0,56,0,0,0,0
195.3871,2,0,9,0,0,0,0,-1,0,2.0000,-1,21,18,17,0,56,0,0,0,0
195.435,2,0,9,0,0,0,0,-1,0,2.0000,-1,21,18,17,0,56,0,0,0,0
195.4463,2,0,9,0,0,0,0,-1,0,2.0000,-1,21,18,17,0,56,0,0,0,0
195.4667,2,0,9,0,0,0,0,-1,0,2.0000,-1,21,18,17,0,56,0,0,0,0
195.4915,2,0,9,0,0,0,0,-1,0,2.0000,-1,21,18,17,0,56,0,0,0,0
195.5172,2,0,9,0,0,0,0,-1,0,2.0000,-1,21,18,17,0,56,0,0,0,0
195.5403,2,0,9,0,0,0,0,-1,0,2.0000,-1,21,18,17,0,56,0,0,0,0
195.564,2,0,9,0,0,0,0,-1,0,2.0000,-1,21,18,17,0,56,0,0,0,0
195.5885,2,0,9,0,0,0,0,-1,0,2.0000,-1,21,18,17,0,56,0,0,0,0
195.611,2,0,9,0,0,0,0,-1,0,2.0000,-1,21,18,17,0,56,0,0,0,0
195.6423,2,0,9,0,0,0,0,-1,0,2.0000,-1,21,18,17,0,56,0,0,0,0
195.6648,2,0,9,0,0,0,0,-1,0,2.0000,-1,21,18,17,0,56,0,0,0,0
195.686,2,0,9,0,0,0,0,-1,0,2.0000,-1,21,18,17,0,56,0,0,0,0
195.7096,2,0,9,0,0,0,0,-1,0,2.0000,-1,21,18,17,0,56,0,0,0,0
195.7339,2,0,9,0,0,0,0,-1,0,2.0000,-1,21,18,17,0,56,0,0,0,0
195.7588,2,0,9,0,0,0,0,-1,0,2.0000,-1,21,18,17,0,56,0,0,0,0
195.7811,2,0,9,0,0,0,0,-1,0,2.0000,-1,21,18,17,0,56,0,0,0,0
195.8042,2,0,9,0,0,0,0,-1,0,2.0000,-1,21,18,17,0,56,0,0,0,0
195.8525,2,0,9,0,0,0,0,-1,0,2.0000,-1,21,18,17,0,56,0,0,0,0
195.87,2,0,9,0,0,0,0,-1,0,2.0000,-1,21,18,17,0,56,0,0,0,0
195.8884,2,0,9,0,0,0,0,-1,0,2.0000,-1,21,18,17,0,56,0,0,0,0
195.9064,2,0,9,0,0,0,0,-1,0,2.0000,-1,21,18,17,0,56,0,0,0,0
195.924,2,0,9,0,0,0,0,-1,0,2.0000,-1,21,18,17,0,56,0,0,0,0
195.9463,2,0,9,0,0,0,0,-1,0,2.0000,-1,21,18,17,0,56,0,0,0,0
195.9697,2,0,9,0,0,0,0,-1,0,2.0000,-1,21,18,17,0,56,0,0,0,0
195.9929,2,0,9,0,0,0,0,-1,0,2.0000,-1,21,18,17,0,56,0,0,0,0
196.0163,2,0,9,0,0,0,0,-1,0,2.0000,-1,21,18,17,0,56,0,0,0,0
196.0386,2,0,9,0,0,0,0,-1,0,2.0000,-1,21,18,17,0,56,0,0,0,0
196.0596,2,0,9,0,0,0,0,-1,0,1.0000,-1,21,18,17,0,56,0,0,0,0
196.0842,2,0,9,0,0,0,0,-1,0,1.0000,-1,21,18,17,0,56,0,0,0,0
196.1066,2,0,9,0,0,0,0,-1,0,1.0000,-1,21,18,17,0,56,0,0,0,0
196.1286,2,0,9,0,0,0,0,-1,0,1.0000,-1,21,18,17,0,56,0,0,0,0
196.1509,2,0,9,0,0,0,0,-1,0,1.0000,-1,21,18,17,0,56,0,0,0,0
196.1756,2,0,9,0,0,0,1,244,0,0.0000,-1,21,18,17,0,56,0,0,0,0
196.201,2,0,9,0,0,0,1,244,1,1.0000,-1,21,18,17,0,56,0,0,0,0
196.225,2,0,9,0,0,0,1,244,0,1.0000,-1,21,18,17,0,56,0,0,0,0
196.252,2,0,9,0,0,0,1,244,0,1.0000,-1,21,18,17,0,56,0,0,0,0
196.2762,2,0,9,0,0,0,1,244,0,1.0000,-1,21,18,17,0,56,0,0,0,0
196.302,2,0,9,0,0,0,1,244,0,1.0000,-1,21,18,17,0,56,0,0,0,0
196.3272,2,0,9,0,0,0,1,244,0,1.0000,-1,21,18,17,0,56,0,0,0,0
196.3495,2,0,9,0,0,0,1,244,0,1.0000,-1,21,18,17,0,56,0,0,0,0
196.3734,2,0,9,0,0,0,1,244,0,1.0000,-1,21,18,17,0,56,0,0,0,0
196.4209,2,0,9,0,0,0,1,244,0,1.0000,-1,21,18,17,0,56,0,0,0,0
196.432,2,0,9,0,0,0,1,244,0,1.0000,-1,21,18,17,0,56,0,0,0,0
196.4419,2,0,9,1,0,0,1,244,0,1.0000,-1,21,18,17,0,56,0,0,0,0
196.4632,2,0,9,1,0,0,1,244,0,1.0000,-1,21,18,17,0,56,0,0,0,0
196.4864,2,0,9,1,0,0,1,244,0,1.0000,-1,21,18,17,0,56,0,0,0,0
196.5107,2,0,9,1,0,0,1,244,0,1.0000,-1,21,18,17,0,56,0,0,0,0
196.5317,2,0,9,1,0,0,1,244,0,1.0000,-1,21,18,17,0,56,0,0,0,0
196.5564,2,0,9,1,0,0,1,244,0,1.0000,-1,21,18,17,0,56,0,0,0,0
196.5755,2,0,9,1,0,0,1,244,0,1.0000,-1,21,18,17,0,56,0,0,0,0
196.5998,2,0,9,1,0,0,1,244,0,1.0000,-1,21,18,17,0,56,0,0,0,0
196.6214,2,0,9,1,0,0,1,244,1,2.0000,-1,21,18,17,0,56,0,0,0,0
196.6419,2,0,9,1,0,0,0,-1,0,2.0000,244,21,19,17,0,57,0,0,0,0
196.6848,2,0,9,1,0,0,0,-1,0,2.0000,-1,21,19,17,0,57,0,0,0,0
196.6995,2,0,9,1,0,0,0,-1,0,2.0000,-1,21,19,17,0,57,0,0,0,0
196.717,2,0,9,1,0,0,1,245,0,2.0000,-1,21,19,17,0,57,0,0,0,0
196.735,2,0,9,1,0,0,1,245,0,2.0000,-1,21,19,17,0,57,0,0,0,0
196.7571,2,0,9,1,0,0,1,245,0,2.0000,-1,21,19,17,0,57,0,0,0,0
196.7816,2,0,9,1,0,0,1,245,0,2.0000,-1,21,19,17,0,57,0,0,0,0
196.804,2,0,9,1,0,0,1,245,0,2.0000,-1,21,19,17,0,57,0,0,0,0
196.826,2,0,9,1,0,0,1,245,0,2.0000,-1,21,19,17,0,57,0,0,0,0
196.8488,2,0,9,1,0,0,1,245,0,2.0000,-1,21,19,17,0,57,0,0,0,0
196.8882,2,0,9,1,0,0,1,245,0,2.0000,-1,21,19,17,0,57,0,0,0,0
196.9014,2,0,9,1,0,0,1,245,0,2.0000,-1,21,19,17,0,57,0,0,0,0
196.9164,2,0,9,1,0,0,1,245,0,2.0000,-1,21,19,17,0,57,0,0,0,0
196.938,2,0,9,1,0,0,1,245,0,2.0000,-1,21,19,17,0,57,0,0,0,0
196.9638,2,0,9,1,0,0,1,245,0,2.0000,-1,21,19,17,0,57,0,0,0,0
196.9843,2,0,9,1,0,0,0,-1,0,2.0000,245,21,20,17,0,58,0,0,0,0
197.0082,2,0,9,1,0,0,0,-1,0,2.0000,-1,21,20,17,0,58,0,0,0,0
197.0317,2,0,9,1,0,0,0,-1,0,2.0000,-1,21,20,17,0,58,0,0,0,0
197.0527,2,0,9,0,0,0,0,-1,0,2.0000,-1,21,20,17,0,58,0,0,0,0
197.0962,2,0,9,0,0,0,0,-1,0,2.0000,-1,21,20,17,0,58,0,0,0,0
197.1113,2,0,9,0,0,0,0,-1,0,2.0000,-1,21,20,17,0,58,0,0,0,0
197.1309,2,0,9,0,0,0,0,-1,0,2.0000,-1,21,20,17,0,58,0,0,0,0
197.1478,2,0,9,0,0,0,0,-1,0,2.0000,-1,21,20,17,0,58,0,0,0,0
197.1681,2,0,9,0,0,0,0,-1,0,2.0000,-1,21,20,17,0,58,0,0,0,0
197.1895,2,0,9,0,0,0,0,-1,0,2.0000,-1,21,20,17,0,58,0,0,0,0
197.2146,2,0,9,0,0,0,0,-1,0,1.0000,-1,21,20,17,0,58,0,0,0,0
197.2345,2,0,9,0,1,0,0,-1,0,1.0000,-1,21,20,17,0,58,0,0,0,0
197.2572,2,0,9,0,1,0,0,-1,0,1.0000,-1,21,20,17,0,58,0,0,0,0
197.2994,2,0,9,0,1,0,0,-1,0,1.0000,-1,21,20,17,0,58,0,0,0,0
197.3178,2,0,9,0,1,0,0,-1,0,1.0000,-1,21,20,17,0,58,0,0,0,0
197.3363,2,0,9,0,1,0,0,-1,0,1.0000,-1,21,20,17,0,58,0,0,0,0
197.3533,2,0,9,0,1,0,0,-1,0,1.0000,-1,21,20,17,0,58,0,0,0,0
197.3709,2,0,9,0,1,0,0,-1,0,1.0000,-1,21,20,17,0,58,0,0,0,0
197.3942,2,0,9,0,1,0,0,-1,0,1.0000,-1,21,20,17,0,58,0,0,0,0
197.4164,2,0,9,0,1,0,0,-1,0,1.0000,-1,21,20,17,0,58,0,0,0,0
197.4373,2,0,9,0,1,0,0,-1,0,1.0000,-1,21,20,17,0,58,0,0,0,0
197.4594,2,0,9,0,1,0,0,-1,0,1.0000,-1,21,20,17,0,58,0,0,0,0
197.4821,2,0,9,0,1,0,0,-1,0,1.0000,-1,21,20,17,0,58,0,0,0,0
197.5028,2,0,9,0,1,0,0,-1,0,1.0000,-1,21,20,17,0,58,0,0,0,0
197.525,2,0,9,0,1,0,0,-1,0,1.0000,-1,21,20,17,0,58,0,0,0,0
197.547,2,0,9,0,1,0,0,-1,0,1.0000,-1,21,20,17,0,58,0,0,0,0
197.5674,2,0,9,0,1,0,0,-1,0,1.0000,-1,21,20,17,0,58,0,0,0,0
197.591,2,0,9,0,1,0,0,-1,0,1.0000,-1,21,20,17,0,58,0,0,0,0
197.6127,2,0,9,0,1,0,0,-1,0,1.0000,-1,21,20,17,0,58,0,0,0,0
197.6348,2,0,9,0,1,0,0,-1,0,0.0000,-1,21,20,17,0,58,0,0,0,0
197.6574,2,0,9,0,1,0,0,-1,0,0.0000,-1,21,20,17,0,58,0,0,0,0
197.6794,2,0,9,0,1,0,0,-1,0,0.0000,-1,21,20,17,0,58,0,0,0,0