run_time,current_driver_player_number,driver_changed_this_frame,driver_change_count_total,curve_active,drift_check_active,drift_check_result,warning_active,warning_obstacle_id,driver_input_this_frame,inputs_per_second,hit_obstacle_id_this_frame,player1_collision_counter,player2_collision_counter,player3_collision_counter,player4_collision_counter,collision_count_total,player1_final_points,player2_final_points,player3_final_points,player4_final_points
27.78196,1,0,0,0,0,0,0,-1,0,0.0000,-1,0,0,0,0,0,0,0,0,0
27.83315,1,0,0,0,0,0,0,-1,1,1.0000,-1,0,0,0,0,0,0,0,0,0
27.8588,1,0,0,0,0,0,0,-1,0,1.0000,-1,0,0,0,0,0,0,0,0,0
27.88434,1,0,0,0,0,0,0,-1,0,1.0000,-1,0,0,0,0,0,0,0,0,0
27.89472,1,0,0,0,0,0,0,-1,0,1.0000,-1,0,0,0,0,0,0,0,0,0
27.91121,1,0,0,0,0,0,0,-1,0,1.0000,-1,0,0,0,0,0,0,0,0,0
27.93395,1,0,0,0,0,0,0,-1,0,1.0000,-1,0,0,0,0,0,0,0,0,0
27.95654,1,0,0,0,0,0,0,-1,0,1.0000,-1,0,0,0,0,0,0,0,0,0
27.97873,1,0,0,0,0,0,0,-1,0,1.0000,-1,0,0,0,0,0,0,0,0,0
28.00112,1,0,0,0,0,0,0,-1,0,1.0000,-1,0,0,0,0,0,0,0,0,0
28.0223,1,0,0,0,0,0,0,-1,0,1.0000,-1,0,0,0,0,0,0,0,0,0
28.04452,1,0,0,0,0,0,0,-1,0,1.0000,-1,0,0,0,0,0,0,0,0,0
28.06665,1,0,0,0,0,0,0,-1,0,1.0000,-1,0,0,0,0,0,0,0,0,0
28.08902,1,0,0,0,0,0,0,-1,0,1.0000,-1,0,0,0,0,0,0,0,0,0
28.11105,1,0,0,0,0,0,0,-1,0,1.0000,-1,0,0,0,0,0,0,0,0,0
28.13324,1,0,0,0,0,0,0,-1,0,1.0000,-1,0,0,0,0,0,0,0,0,0
28.15537,1,0,0,0,0,0,0,-1,0,1.0000,-1,0,0,0,0,0,0,0,0,0
28.177,1,0,0,0,0,0,0,-1,0,1.0000,-1,0,0,0,0,0,0,0,0,0
28.19963,1,0,0,0,0,0,0,-1,0,1.0000,-1,0,0,0,0,0,0,0,0,0
28.2214,1,0,0,0,0,0,0,-1,0,1.0000,-1,0,0,0,0,0,0,0,0,0
28.2439,1,0,0,0,0,0,0,-1,0,1.0000,-1,0,0,0,0,0,0,0,0,0
28.26589,1,0,0,0,0,0,0,-1,0,1.0000,-1,0,0,0,0,0,0,0,0,0
28.28788,1,0,0,0,0,0,0,-1,0,1.0000,-1,0,0,0,0,0,0,0,0,0
28.31006,1,0,0,0,0,0,0,-1,0,1.0000,-1,0,0,0,0,0,0,0,0,0
28.33241,1,0,0,0,0,0,0,-1,0,1.0000,-1,0,0,0,0,0,0,0,0,0
28.35535,1,0,0,0,0,0,0,-1,0,1.0000,-1,0,0,0,0,0,0,0,0,0
28.3771,1,0,0,0,0,0,0,-1,0,1.0000,-1,0,0,0,0,0,0,0,0,0
28.39952,1,0,0,0,0,0,0,-1,0,1.0000,-1,0,0,0,0,0,0,0,0,0
28.4224,1,0,0,0,0,0,0,-1,0,1.0000,-1,0,0,0,0,0,0,0,0,0
28.44439,1,0,0,0,0,0,0,-1,0,1.0000,-1,0,0,0,0,0,0,0,0,0
28.46668,1,0,0,0,0,0,0,-1,0,1.0000,-1,0,0,0,0,0,0,0,0,0
28.48835,1,0,0,0,0,0,0,-1,0,1.0000,-1,0,0,0,0,0,0,0,0,0
28.51058,1,0,0,0,0,0,0,-1,0,1.0000,-1,0,0,0,0,0,0,0,0,0
28.53299,1,0,0,0,0,0,0,-1,0,1.0000,-1,0,0,0,0,0,0,0,0,0
28.55513,1,0,0,0,0,0,0,-1,0,1.0000,-1,0,0,0,0,0,0,0,0,0
28.57754,1,0,0,0,0,0,0,-1,0,1.0000,-1,0,0,0,0,0,0,0,0,0
28.59975,1,0,0,0,0,0,0,-1,0,1.0000,-1,0,0,0,0,0,0,0,0,0
28.6223,1,0,0,0,0,0,0,-1,0,1.0000,-1,0,0,0,0,0,0,0,0,0
28.64418,1,0,0,0,0,0,0,-1,0,1.0000,-1,0,0,0,0,0,0,0,0,0
28.66692,1,0,0,0,0,0,0,-1,0,1.0000,-1,0,0,0,0,0,0,0,0,0
28.68963,1,0,0,0,0,0,0,-1,0,1.0000,-1,0,0,0,0,0,0,0,0,0
28.73075,1,0,0,0,0,0,0,-1,0,1.0000,-1,0,0,0,0,0,0,0,0,0
28.74216,1,0,0,0,0,0,0,-1,0,1.0000,-1,0,0,0,0,0,0,0,0,0
28.75919,1,0,0,0,0,0,0,-1,0,1.0000,-1,0,0,0,0,0,0,0,0,0
28.78186,1,0,0,0,0,0,0,-1,0,1.0000,-1,0,0,0,0,0,0,0,0,0
28.80433,1,0,0,0,0,0,0,-1,0,1.0000,-1,0,0,0,0,0,0,0,0,0
28.82689,1,0,0,0,0,0,0,-1,0,1.0000,-1,0,0,0,0,0,0,0,0,0
28.84937,1,0,0,0,0,0,0,-1,0,0.0000,-1,0,0,0,0,0,0,0,0,0
28.87196,1,0,0,0,0,0,0,-1,0,0.0000,-1,0,0,0,0,0,0,0,0,0
28.89448,1,0,0,0,0,0,0,-1,0,0.0000,-1,0,0,0,0,0,0,0,0,0
28.91716,1,0,0,0,0,0,0,-1,0,0.0000,-1,0,0,0,0,0,0,0,0,0
28.94054,1,0,0,0,0,0,0,-1,0,0.0000,-1,0,0,0,0,0,0,0,0,0
28.96273,1,0,0,0,0,0,0,-1,0,0.0000,-1,0,0,0,0,0,0,0,0,0
28.985,1,0,0,0,0,0,0,-1,0,0.0000,-1,0,0,0,0,0,0,0,0,0
29.0078,1,0,0,0,0,0,0,-1,0,0.0000,-1,0,0,0,0,0,0,0,0,0
29.02996,1,0,0,0,0,0,0,-1,0,0.0000,-1,0,0,0,0,0,0,0,0,0
29.05311,1,0,0,0,0,0,0,-1,0,0.0000,-1,0,0,0,0,0,0,0,0,0
29.07531,1,0,0,0,0,0,0,-1,0,0.0000,-1,0,0,0,0,0,0,0,0,0
29.09818,1,0,0,0,0,0,0,-1,0,0.0000,-1,0,0,0,0,0,0,0,0,0
29.14076,1,0,0,0,0,0,0,-1,0,0.0000,-1,0,0,0,0,0,0,0,0,0
29.15238,1,0,0,0,0,0,0,-1,0,0.0000,-1,0,0,0,0,0,0,0,0,0
29.16801,1,0,0,0,0,0,0,-1,0,0.0000,-1,0,0,0,0,0,0,0,0,0
29.19075,1,0,0,0,0,0,0,-1,0,0.0000,-1,0,0,0,0,0,0,0,0,0
29.21375,1,0,0,0,0,0,0,-1,0,0.0000,-1,0,0,0,0,0,0,0,0,0
29.23599,1,0,0,0,0,0,0,-1,0,0.0000,-1,0,0,0,0,0,0,0,0,0
29.25863,1,0,0,0,0,0,0,-1,0,0.0000,-1,0,0,0,0,0,0,0,0,0
29.28118,1,0,0,0,0,0,0,-1,0,0.0000,-1,0,0,0,0,0,0,0,0,0
29.30397,1,0,0,0,0,0,0,-1,0,0.0000,-1,0,0,0,0,0,0,0,0,0
29.32651,1,0,0,0,0,0,0,-1,0,0.0000,-1,0,0,0,0,0,0,0,0,0
29.34922,1,0,0,0,0,0,0,-1,0,0.0000,-1,0,0,0,0,0,0,0,0,0
29.37173,1,0,0,0,0,0,0,-1,0,0.0000,-1,0,0,0,0,0,0,0,0,0
29.39431,1,0,0,0,0,0,0,-1,0,0.0000,-1,0,0,0,0,0,0,0,0,0
29.41772,1,0,0,0,0,0,0,-1,0,0.0000,-1,0,0,0,0,0,0,0,0,0
29.43973,1,0,0,0,0,0,0,-1,0,0.0000,-1,0,0,0,0,0,0,0,0,0
29.46258,1,0,0,0,0,0,0,-1,0,0.0000,-1,0,0,0,0,0,0,0,0,0
29.48481,1,0,0,0,0,0,0,-1,0,0.0000,-1,0,0,0,0,0,0,0,0,0
29.50718,1,0,0,0,0,0,0,-1,0,0.0000,-1,0,0,0,0,0,0,0,0,0
29.52941,1,0,0,0,0,0,0,-1,0,0.0000,-1,0,0,0,0,0,0,0,0,0
29.552,1,0,0,0,0,0,0,-1,0,0.0000,-1,0,0,0,0,0,0,0,0,0
29.57436,1,0,0,0,0,0,0,-1,0,0.0000,-1,0,0,0,0,0,0,0,0,0
29.59684,1,0,0,0,0,0,0,-1,0,0.0000,-1,0,0,0,0,0,0,0,0,0
29.61908,1,0,0,0,0,0,0,-1,0,0.0000,-1,0,0,0,0,0,0,0,0,0
29.64164,1,0,0,0,0,0,0,-1,0,0.0000,-1,0,0,0,0,0,0,0,0,0
29.66454,1,0,0,0,0,0,0,-1,0,0.0000,-1,0,0,0,0,0,0,0,0,0
29.68654,1,0,0,0,0,0,0,-1,0,0.0000,-1,0,0,0,0,0,0,0,0,0
29.70891,1,0,0,0,0,0,0,-1,0,0.0000,-1,0,0,0,0,0,0,0,0,0
29.73136,1,0,0,0,0,0,0,-1,0,0.0000,-1,0,0,0,0,0,0,0,0,0
29.75413,1,0,0,0,0,0,0,-1,0,0.0000,-1,0,0,0,0,0,0,0,0,0
29.77639,1,0,0,0,0,0,0,-1,0,0.0000,-1,0,0,0,0,0,0,0,0,0
29.79892,1,0,0,0,0,0,0,-1,0,0.0000,-1,0,0,0,0,0,0,0,0,0
29.8216,1,0,0,0,0,0,0,-1,0,0.0000,-1,0,0,0,0,0,0,0,0,0
29.84342,1,0,0,0,0,0,0,-1,0,0.0000,-1,0,0,0,0,0,0,0,0,0
29.866,1,0,0,0,0,0,0,-1,0,0.0000,-1,0,0,0,0,0,0,0,0,0
29.88852,1,0,0,0,0,0,0,-1,0,0.0000,-1,0,0,0,0,0,0,0,0,0
29.91099,1,0,0,0,0,0,0,-1,0,0.0000,-1,0,0,0,0,0,0,0,0,0
29.95317,1,0,0,0,0,0,0,-1,0,0.0000,-1,0,0,0,0,0,0,0,0,0
29.96449,1,0,0,0,0,0,0,-1,0,0.0000,-1,0,0,0,0,0,0,0,0,0
29.98063,1,0,0,0,0,0,0,-1,0,0.0000,-1,0,0,0,0,0,0,0,0,0
30.00359,1,0,0,0,0,0,0,-1,0,0.0000,-1,0,0,0,0,0,0,0,0,0
30.02595,1,0,0,0,0,0,0,-1,0,0.0000,-1,0,0,0,0,0,0,0,0,0
30.04867,1,0,0,0,0,0,0,-1,0,0.0000,-1,0,0,0,0,0,0,0,0,0
30.07101,1,0,0,0,0,0,0,-1,0,0.0000,-1,0,0,0,0,0,0,0,0,0
30.09325,1,0,0,0,0,0,0,-1,0,0.0000,-1,0,0,0,0,0,0,0,0,0
30.11601,1,0,0,0,0,0,0,-1,0,0.0000,-1,0,0,0,0,0,0,0,0,0
30.13829,1,0,0,0,0,0,0,-1,0,0.0000,-1,0,0,0,0,0,0,0,0,0
30.16106,1,0,0,0,0,0,0,-1,0,0.0000,-1,0,0,0,0,0,0,0,0,0
30.18392,1,0,0,0,0,0,0,-1,0,0.0000,-1,0,0,0,0,0,0,0,0,0
30.20642,1,0,0,0,0,0,0,-1,0,0.0000,-1,0,0,0,0,0,0,0,0,0
30.2288,1,0,0,0,0,0,0,-1,0,0.0000,-1,0,0,0,0,0,0,0,0,0
30.25147,1,0,0,0,0,0,0,-1,0,0.0000,-1,0,0,0,0,0,0,0,0,0
30.27446,1,0,0,0,0,0,0,-1,0,0.0000,-1,0,0,0,0,0,0,0,0,0
30.29624,1,0,0,0,0,0,0,-1,0,0.0000,-1,0,0,0,0,0,0,0,0,0
30.31875,1,0,0,0,0,0,0,-1,0,0.0000,-1,0,0,0,0,0,0,0,0,0
30.36128,1,0,0,0,0,0,0,-1,0,0.0000,-1,0,0,0,0,0,0,0,0,0
30.37339,1,0,0,0,0,0,0,-1,0,0.0000,-1,0,0,0,0,0,0,0,0,0
30.39003,1,0,0,0,0,0,0,-1,0,0.0000,-1,0,0,0,0,0,0,0,0,0
30.41231,1,0,0,0,0,0,0,-1,0,0.0000,-1,0,0,0,0,0,0,0,0,0
30.43447,1,0,0,0,0,0,0,-1,0,0.0000,-1,0,0,0,0,0,0,0,0,0
30.45754,1,0,0,0,0,0,0,-1,0,0.0000,-1,0,0,0,0,0,0,0,0,0
30.47952,1,0,0,0,0,0,0,-1,0,0.0000,-1,0,0,0,0,0,0,0,0,0
30.5023,1,0,0,0,0,0,0,-1,0,0.0000,-1,0,0,0,0,0,0,0,0,0
30.52505,1,0,0,0,0,0,0,-1,0,0.0000,-1,0,0,0,0,0,0,0,0,0
30.54776,1,0,0,0,0,0,0,-1,0,0.0000,-1,0,0,0,0,0,0,0,0,0
30.56994,1,0,0,0,0,0,0,-1,0,0.0000,-1,0,0,0,0,0,0,0,0,0
30.59298,1,0,0,0,0,0,0,-1,0,0.0000,-1,0,0,0,0,0,0,0,0,0
30.61544,1,0,0,0,0,0,0,-1,0,0.0000,-1,0,0,0,0,0,0,0,0,0
30.63742,1,0,0,0,0,0,0,-1,0,0.0000,-1,0,0,0,0,0,0,0,0,0
30.65984,1,0,0,0,0,0,0,-1,0,0.0000,-1,0,0,0,0,0,0,0,0,0
30.6825,1,0,0,0,0,0,0,-1,0,0.0000,-1,0,0,0,0,0,0,0,0,0
30.70524,1,0,0,0,0,0,0,-1,0,0.0000,-1,0,0,0,0,0,0,0,0,0
30.72769,1,0,0,0,0,0,0,-1,0,0.0000,-1,0,0,0,0,0,0,0,0,0
30.75159,1,0,0,0,0,0,0,-1,0,0.0000,-1,0,0,0,0,0,0,0,0,0
30.77448,1,0,0,0,0,0,0,-1,0,0.0000,-1,0,0,0,0,0,0,0,0,0
30.79721,1,0,0,0,0,0,0,-1,0,0.0000,-1,0,0,0,0,0,0,0,0,0
30.82027,1,0,0,0,0,0,0,-1,0,0.0000,-1,0,0,0,0,0,0,0,0,0
30.84315,1,0,0,0,0,0,0,-1,0,0.0000,-1,0,0,0,0,0,0,0,0,0
30.86572,1,0,0,0,0,0,0,-1,0,0.0000,-1,0,0,0,0,0,0,0,0,0
30.88871,1,0,0,0,0,0,0,-1,0,0.0000,-1,0,0,0,0,0,0,0,0,0
30.91274,1,0,0,0,0,0,0,-1,0,0.0000,-1,0,0,0,0,0,0,0,0,0
30.93472,1,0,0,0,0,0,0,-1,0,0.0000,-1,0,0,0,0,0,0,0,0,0
30.95742,1,0,0,0,0,0,0,-1,0,0.0000,-1,0,0,0,0,0,0,0,0,0
30.97958,1,0,0,0,0,0,0,-1,0,0.0000,-1,0,0,0,0,0,0,0,0,0
31.00263,1,0,0,0,0,0,0,-1,0,0.0000,-1,0,0,0,0,0,0,0,0,0
31.02462,1,0,0,0,0,0,0,-1,0,0.0000,-1,0,0,0,0,0,0,0,0,0
31.04741,1,0,0,0,0,0,0,-1,0,0.0000,-1,0,0,0,0,0,0,0,0,0
31.07064,1,0,0,0,0,0,0,-1,1,1.0000,-1,0,0,0,0,0,0,0,0,0
31.09326,1,0,0,0,0,0,0,-1,0,1.0000,-1,0,0,0,0,0,0,0,0,0
31.11561,1,0,0,0,0,0,0,-1,0,1.0000,-1,0,0,0,0,0,0,0,0,0
31.1383,1,0,0,0,0,0,0,-1,0,1.0000,-1,0,0,0,0,0,0,0,0,0
31.16123,1,0,0,0,0,0,0,-1,0,1.0000,-1,0,0,0,0,0,0,0,0,0
31.18364,1,0,0,0,0,0,0,-1,0,1.0000,-1,0,0,0,0,0,0,0,0,0
31.20628,1,0,0,0,0,0,0,-1,0,1.0000,-1,0,0,0,0,0,0,0,0,0
31.22988,1,0,0,0,0,0,0,-1,0,1.0000,-1,0,0,0,0,0,0,0,0,0
31.2525,1,0,0,0,0,0,0,-1,0,1.0000,-1,0,0,0,0,0,0,0,0,0
31.27465,1,0,0,0,0,0,0,-1,0,1.0000,-1,0,0,0,0,0,0,0,0,0
31.29755,1,0,0,0,0,0,0,-1,0,1.0000,-1,0,0,0,0,0,0,0,0,0
31.32027,1,0,0,0,0,0,0,-1,0,1.0000,-1,0,0,0,0,0,0,0,0,0
31.34289,1,0,0,0,0,0,0,-1,0,1.0000,-1,0,0,0,0,0,0,0,0,0
31.36551,1,0,0,0,0,0,0,-1,0,1.0000,-1,0,0,0,0,0,0,0,0,0
31.38765,1,0,0,0,0,0,0,-1,0,1.0000,-1,0,0,0,0,0,0,0,0,0
31.40997,1,0,0,0,0,0,0,-1,0,1.0000,-1,0,0,0,0,0,0,0,0,0
31.43239,1,0,0,0,0,0,0,-1,0,1.0000,-1,0,0,0,0,0,0,0,0,0
31.45537,1,0,0,0,0,0,0,-1,0,1.0000,-1,0,0,0,0,0,0,0,0,0
31.47774,1,0,0,0,0,0,0,-1,0,1.0000,-1,0,0,0,0,0,0,0,0,0
31.50046,1,0,0,0,0,0,0,-1,0,1.0000,-1,0,0,0,0,0,0,0,0,0
31.52229,1,0,0,0,0,0,0,-1,0,1.0000,-1,0,0,0,0,0,0,0,0,0
31.54517,1,0,0,0,0,0,0,-1,0,1.0000,-1,0,0,0,0,0,0,0,0,0
31.56751,1,0,0,0,0,0,0,-1,0,1.0000,-1,0,0,0,0,0,0,0,0,0
31.58972,1,0,0,0,0,0,0,-1,0,1.0000,-1,0,0,0,0,0,0,0,0,0
31.61224,1,0,0,0,0,0,0,-1,0,1.0000,-1,0,0,0,0,0,0,0,0,0
31.63411,1,0,0,0,0,0,0,-1,0,1.0000,-1,0,0,0,0,0,0,0,0,0
31.65745,1,0,0,0,0,0,0,-1,0,1.0000,-1,0,0,0,0,0,0,0,0,0
31.67945,1,0,0,0,0,0,0,-1,0,1.0000,-1,0,0,0,0,0,0,0,0,0
31.70209,1,0,0,0,0,0,0,-1,0,1.0000,-1,0,0,0,0,0,0,0,0,0
31.72367,1,0,0,0,0,0,0,-1,0,1.0000,-1,0,0,0,0,0,0,0,0,0
31.74606,1,0,0,0,0,0,0,-1,0,1.0000,-1,0,0,0,0,0,0,0,0,0
31.76818,1,0,0,0,0,0,0,-1,0,1.0000,-1,0,0,0,0,0,0,0,0,0
31.79095,1,0,0,0,0,0,0,-1,0,1.0000,-1,0,0,0,0,0,0,0,0,0
31.81252,1,0,0,0,0,0,0,-1,0,1.0000,-1,0,0,0,0,0,0,0,0,0
31.83471,1,0,0,0,0,0,0,-1,0,1.0000,-1,0,0,0,0,0,0,0,0,0
31.85721,1,0,0,0,0,0,0,-1,0,1.0000,-1,0,0,0,0,0,0,0,0,0
31.88031,1,0,0,0,0,0,0,-1,0,1.0000,-1,0,0,0,0,0,0,0,0,0
31.90301,1,0,0,0,0,0,0,-1,0,1.0000,-1,0,0,0,0,0,0,0,0,0
31.92563,1,0,0,0,0,0,0,-1,0,1.0000,-1,0,0,0,0,0,0,0,0,0
31.94733,1,0,0,0,0,0,0,-1,0,1.0000,-1,0,0,0,0,0,0,0,0,0
31.96968,1,0,0,0,0,0,0,-1,0,1.0000,-1,0,0,0,0,0,0,0,0,0
31.99186,1,0,0,0,0,0,0,-1,0,1.0000,-1,0,0,0,0,0,0,0,0,0
32.01452,1,0,0,0,0,0,0,-1,0,1.0000,-1,0,0,0,0,0,0,0,0,0
32.03637,1,0,0,0,0,0,0,-1,0,1.0000,-1,0,0,0,0,0,0,0,0,0
32.05832,1,0,0,0,0,0,0,-1,0,1.0000,-1,0,0,0,0,0,0,0,0,0
32.0809,1,0,0,0,0,0,0,-1,0,0.0000,-1,0,0,0,0,0,0,0,0,0
32.10289,1,0,0,0,0,0,0,-1,0,0.0000,-1,0,0,0,0,0,0,0,0,0
32.1254,1,0,0,0,0,0,0,-1,0,0.0000,-1,0,0,0,0,0,0,0,0,0
32.14731,1,0,0,0,0,0,0,-1,0,0.0000,-1,0,0,0,0,0,0,0,0,0
32.16948,1,0,0,0,0,0,0,-1,0,0.0000,-1,0,0,0,0,0,0,0,0,0
32.19124,1,0,0,0,0,0,0,-1,0,0.0000,-1,0,0,0,0,0,0,0,0,0
32.21349,1,0,0,0,0,0,0,-1,0,0.0000,-1,0,0,0,0,0,0,0,0,0
32.23555,1,0,0,0,0,0,0,-1,0,0.0000,-1,0,0,0,0,0,0,0,0,0
32.25836,1,0,0,0,0,0,0,-1,0,0.0000,-1,0,0,0,0,0,0,0,0,0
32.28016,1,0,0,0,0,0,0,-1,0,0.0000,-1,0,0,0,0,0,0,0,0,0
32.30202,1,0,0,0,0,0,0,-1,0,0.0000,-1,0,0,0,0,0,0,0,0,0
32.32461,1,0,0,0,0,0,0,-1,0,0.0000,-1,0,0,0,0,0,0,0,0,0
32.34716,1,0,0,0,0,0,0,-1,0,0.0000,-1,0,0,0,0,0,0,0,0,0
32.3703,1,0,0,0,0,0,0,-1,0,0.0000,-1,0,0,0,0,0,0,0,0,0
32.41063,1,0,0,0,0,0,0,-1,0,0.0000,-1,0,0,0,0,0,0,0,0,0
32.42141,1,0,0,0,0,0,0,-1,0,0.0000,-1,0,0,0,0,0,0,0,0,0
32.43881,1,0,0,0,0,0,0,-1,0,0.0000,-1,0,0,0,0,0,0,0,0,0
32.46172,1,0,0,0,0,0,0,-1,0,0.0000,-1,0,0,0,0,0,0,0,0,0
32.48494,1,0,0,0,0,0,0,-1,0,0.0000,-1,0,0,0,0,0,0,0,0,0
32.50751,1,0,0,0,0,0,0,-1,0,0.0000,-1,0,0,0,0,0,0,0,0,0
32.53041,1,0,0,0,0,0,0,-1,1,1.0000,-1,0,0,0,0,0,0,0,0,0
32.55289,1,0,0,0,0,0,0,-1,0,1.0000,-1,0,0,0,0,0,0,0,0,0
32.57595,1,0,0,0,0,0,0,-1,0,1.0000,-1,0,0,0,0,0,0,0,0,0
32.61827,1,0,0,0,0,0,0,-1,0,1.0000,-1,0,0,0,0,0,0,0,0,0
32.63025,1,0,0,0,0,0,0,-1,0,1.0000,-1,0,0,0,0,0,0,0,0,0
32.64613,1,0,0,0,0,0,0,-1,0,1.0000,-1,0,0,0,0,0,0,0,0,0
32.67004,1,0,0,0,0,0,0,-1,0,1.0000,-1,0,0,0,0,0,0,0,0,0
32.69259,1,0,0,0,0,0,0,-1,0,1.0000,-1,0,0,0,0,0,0,0,0,0
32.71568,1,0,0,0,0,0,0,-1,0,1.0000,-1,0,0,0,0,0,0,0,0,0
32.73822,1,0,0,0,0,0,0,-1,0,1.0000,-1,0,0,0,0,0,0,0,0,0
32.76091,1,0,0,0,0,0,0,-1,0,1.0000,-1,0,0,0,0,0,0,0,0,0
32.7838,1,0,0,0,0,0,0,-1,0,1.0000,-1,0,0,0,0,0,0,0,0,0
32.8078,1,0,0,0,0,0,0,-1,0,1.0000,-1,0,0,0,0,0,0,0,0,0
32.83019,1,0,0,0,0,0,0,-1,0,1.0000,-1,0,0,0,0,0,0,0,0,0
32.85264,1,0,0,0,0,0,0,-1,0,1.0000,-1,0,0,0,0,0,0,0,0,0
32.87552,1,0,0,0,0,0,0,-1,0,1.0000,-1,0,0,0,0,0,0,0,0,0
32.8988,1,0,0,0,0,0,0,-1,0,1.0000,-1,0,0,0,0,0,0,0,0,0
32.92147,1,0,0,0,0,0,0,-1,0,1.0000,-1,0,0,0,0,0,0,0,0,0
32.94442,1,0,0,0,0,0,0,-1,0,1.0000,-1,0,0,0,0,0,0,0,0,0
32.96757,1,0,0,0,0,0,0,-1,0,1.0000,-1,0,0,0,0,0,0,0,0,0
32.99015,1,0,0,0,0,0,0,-1,0,1.0000,-1,0,0,0,0,0,0,0,0,0
33.01261,1,0,0,0,0,0,0,-1,0,1.0000,-1,0,0,0,0,0,0,0,0,0
33.03621,1,0,0,0,0,0,0,-1,0,1.0000,-1,0,0,0,0,0,0,0,0,0
33.05878,1,0,0,0,0,0,0,-1,0,1.0000,-1,0,0,0,0,0,0,0,0,0
33.08115,1,0,0,0,0,0,0,-1,0,1.0000,-1,0,0,0,0,0,0,0,0,0
33.10323,1,0,0,0,0,0,0,-1,0,1.0000,-1,0,0,0,0,0,0,0,0,0
33.1259,1,0,0,0,0,0,0,-1,0,1.0000,-1,0,0,0,0,0,0,0,0,0
33.14925,1,0,0,0,0,0,0,-1,0,1.0000,-1,0,0,0,0,0,0,0,0,0
33.17139,1,0,0,0,0,0,0,-1,0,1.0000,-1,0,0,0,0,0,0,0,0,0
33.1937,1,0,0,0,0,0,1,1,0,1.0000,-1,0,0,0,0,0,0,0,0,0
33.22057,1,0,0,0,0,0,1,1,0,1.0000,-1,0,0,0,0,0,0,0,0,0
33.23734,1,0,0,0,0,0,1,1,0,1.0000,-1,0,0,0,0,0,0,0,0,0
33.26036,1,0,0,0,0,0,1,1,0,1.0000,-1,0,0,0,0,0,0,0,0,0
33.28267,1,0,0,0,0,0,1,1,0,1.0000,-1,0,0,0,0,0,0,0,0,0
33.30544,1,0,0,0,0,0,1,1,0,1.0000,-1,0,0,0,0,0,0,0,0,0
33.32742,1,0,0,0,0,0,1,1,0,1.0000,-1,0,0,0,0,0,0,0,0,0
33.35009,1,0,0,0,0,0,1,1,0,1.0000,-1,0,0,0,0,0,0,0,0,0
33.37303,1,0,0,0,0,0,1,1,0,1.0000,-1,0,0,0,0,0,0,0,0,0
33.39563,1,0,0,0,0,0,1,1,0,1.0000,-1,0,0,0,0,0,0,0,0,0
33.41839,1,0,0,0,0,0,1,1,0,1.0000,-1,0,0,0,0,0,0,0,0,0
33.44062,1,0,0,0,0,0,1,1,0,1.0000,-1,0,0,0,0,0,0,0,0,0
33.46308,1,0,0,0,0,0,1,1,0,1.0000,-1,0,0,0,0,0,0,0,0,0
33.48553,1,0,0,0,0,0,1,1,0,1.0000,-1,0,0,0,0,0,0,0,0,0
33.5077,1,0,0,0,0,0,1,1,0,1.0000,-1,0,0,0,0,0,0,0,0,0
33.53003,1,0,0,0,0,0,1,1,0,1.0000,-1,0,0,0,0,0,0,0,0,0
33.55279,1,0,0,0,0,0,1,1,1,1.0000,-1,0,0,0,0,0,0,0,0,0
33.57495,1,0,0,0,0,0,1,1,0,1.0000,-1,0,0,0,0,0,0,0,0,0
33.59731,1,0,0,0,0,0,1,1,0,1.0000,-1,0,0,0,0,0,0,0,0,0
33.61991,1,0,0,0,0,0,1,1,0,1.0000,-1,0,0,0,0,0,0,0,0,0
33.64224,1,0,0,0,0,0,1,1,0,1.0000,-1,0,0,0,0,0,0,0,0,0
33.6655,1,0,0,0,0,0,0,-1,0,1.0000,-1,0,0,0,0,0,0,0,0,0
33.68765,1,0,0,0,0,0,0,-1,0,1.0000,-1,0,0,0,0,0,0,0,0,0
33.71014,1,0,0,0,0,0,0,-1,0,1.0000,-1,0,0,0,0,0,0,0,0,0
33.73243,1,0,0,0,0,0,0,-1,0,1.0000,-1,0,0,0,0,0,0,0,0,0
33.75504,1,0,0,0,0,0,0,-1,0,1.0000,-1,0,0,0,0,0,0,0,0,0
33.77799,1,0,0,0,0,0,0,-1,0,1.0000,-1,0,0,0,0,0,0,0,0,0
33.80081,1,0,0,0,0,0,0,-1,0,1.0000,-1,0,0,0,0,0,0,0,0,0
33.82325,1,0,0,0,0,0,0,-1,0,1.0000,-1,0,0,0,0,0,0,0,0,0
33.84618,1,0,0,0,0,0,0,-1,0,1.0000,-1,0,0,0,0,0,0,0,0,0
33.86913,1,0,0,0,0,0,0,-1,0,1.0000,-1,0,0,0,0,0,0,0,0,0
33.8924,1,0,0,0,0,0,0,-1,0,1.0000,-1,0,0,0,0,0,0,0,0,0
33.92001,1,0,0,0,0,0,0,-1,0,1.0000,-1,0,0,0,0,0,0,0,0,0
33.93629,1,0,0,0,0,0,0,-1,0,1.0000,-1,0,0,0,0,0,0,0,0,0
33.95966,1,0,0,0,0,0,0,-1,0,1.0000,-1,0,0,0,0,0,0,0,0,0
33.98162,1,0,0,0,0,0,0,-1,0,1.0000,-1,0,0,0,0,0,0,0,0,0
34.00472,1,0,0,0,0,0,0,-1,0,1.0000,-1,0,0,0,0,0,0,0,0,0
34.02851,1,0,0,0,0,0,0,-1,0,1.0000,-1,0,0,0,0,0,0,0,0,0
34.05083,1,0,0,0,0,0,0,-1,0,1.0000,-1,0,0,0,0,0,0,0,0,0
34.07312,1,0,0,0,0,0,0,-1,0,1.0000,-1,0,0,0,0,0,0,0,0,0
34.09538,1,0,0,0,0,0,0,-1,0,1.0000,-1,0,0,0,0,0,0,0,0,0
34.11786,1,0,0,0,0,0,0,-1,0,1.0000,-1,0,0,0,0,0,0,0,0,0
34.1409,1,0,0,0,0,0,0,-1,0,1.0000,-1,0,0,0,0,0,0,0,0,0
34.16355,1,0,0,0,0,0,0,-1,0,1.0000,-1,0,0,0,0,0,0,0,0,0
34.18628,1,0,0,0,0,0,0,-1,0,1.0000,-1,0,0,0,0,0,0,0,0,0
34.20865,1,0,0,0,0,0,0,-1,0,1.0000,-1,0,0,0,0,0,0,0,0,0
34.25059,1,0,0,0,0,0,0,-1,0,1.0000,-1,0,0,0,0,0,0,0,0,0
34.26251,1,0,0,0,0,0,1,5,0,1.0000,-1,0,0,0,0,0,0,0,0,0
34.27777,1,0,0,0,0,0,1,5,0,1.0000,-1,0,0,0,0,0,0,0,0,0
34.30078,1,0,0,0,0,0,1,5,0,1.0000,-1,0,0,0,0,0,0,0,0,0
34.32328,1,0,0,0,0,0,1,5,0,1.0000,-1,0,0,0,0,0,0,0,0,0
34.34586,1,0,0,0,0,0,1,5,0,1.0000,-1,0,0,0,0,0,0,0,0,0
34.36832,1,0,0,0,0,0,1,5,0,1.0000,-1,0,0,0,0,0,0,0,0,0
34.39099,1,0,0,0,0,0,1,5,0,1.0000,-1,0,0,0,0,0,0,0,0,0
34.41359,1,0,0,0,0,0,1,5,0,1.0000,-1,0,0,0,0,0,0,0,0,0
34.43586,1,0,0,0,0,0,1,5,0,1.0000,-1,0,0,0,0,0,0,0,0,0
34.45831,1,0,0,0,0,0,1,5,0,1.0000,-1,0,0,0,0,0,0,0,0,0
34.48143,1,0,0,0,0,0,1,5,0,1.0000,-1,0,0,0,0,0,0,0,0,0
34.50361,1,0,0,0,0,0,1,5,0,1.0000,-1,0,0,0,0,0,0,0,0,0
34.52516,1,0,0,0,0,0,1,5,0,1.0000,-1,0,0,0,0,0,0,0,0,0
34.54707,1,0,0,0,0,0,1,5,0,1.0000,-1,0,0,0,0,0,0,0,0,0
34.57036,1,0,0,0,0,0,1,5,0,0.0000,-1,0,0,0,0,0,0,0,0,0
34.59254,1,0,0,0,0,0,1,5,0,0.0000,-1,0,0,0,0,0,0,0,0,0
34.61517,1,0,0,0,0,0,1,5,0,0.0000,-1,0,0,0,0,0,0,0,0,0
34.63763,1,0,0,0,0,0,1,5,0,0.0000,-1,0,0,0,0,0,0,0,0,0
34.66239,1,0,0,0,0,0,1,5,0,0.0000,-1,0,0,0,0,0,0,0,0,0
34.68383,1,0,0,0,0,0,1,5,0,0.0000,-1,0,0,0,0,0,0,0,0,0
34.70686,1,0,0,0,0,0,1,5,0,0.0000,-1,0,0,0,0,0,0,0,0,0
34.72893,1,0,0,0,0,0,1,5,0,0.0000,-1,0,0,0,0,0,0,0,0,0
34.75063,1,0,0,0,0,0,1,5,0,0.0000,-1,0,0,0,0,0,0,0,0,0
34.77311,1,0,0,0,0,0,1,5,0,0.0000,-1,0,0,0,0,0,0,0,0,0
34.79575,1,0,0,0,0,0,1,5,0,0.0000,-1,0,0,0,0,0,0,0,0,0
34.81764,1,0,0,0,0,0,1,5,1,1.0000,-1,0,0,0,0,0,0,0,0,0
34.83943,1,0,0,0,0,0,1,4,0,1.0000,-1,0,0,0,0,0,0,0,0,0
34.86207,1,0,0,0,0,0,1,4,0,1.0000,-1,0,0,0,0,0,0,0,0,0
34.88441,1,0,0,0,0,0,1,4,0,1.0000,-1,0,0,0,0,0,0,0,0,0
34.90633,1,0,0,0,0,0,1,4,0,1.0000,-1,0,0,0,0,0,0,0,0,0
34.92864,1,0,0,0,0,0,1,4,0,1.0000,-1,0,0,0,0,0,0,0,0,0
34.95081,1,0,0,0,0,0,1,4,0,1.0000,-1,0,0,0,0,0,0,0,0,0
34.97326,1,0,0,0,0,0,1,4,0,1.0000,-1,0,0,0,0,0,0,0,0,0
34.99537,1,0,0,0,0,0,1,4,0,1.0000,-1,0,0,0,0,0,0,0,0,0
35.01675,1,0,0,0,0,0,0,-1,0,1.0000,4,1,0,0,0,1,0,0,0,0
35.04214,1,0,0,0,0,0,0,-1,0,1.0000,-1,1,0,0,0,1,0,0,0,0
35.08007,1,0,0,0,0,0,0,-1,0,1.0000,-1,1,0,0,0,1,0,0,0,0
35.09469,1,0,0,0,0,0,0,-1,0,1.0000,-1,1,0,0,0,1,0,0,0,0
35.1095,1,0,0,1,0,0,0,-1,0,1.0000,-1,1,0,0,0,1,0,0,0,0
35.13169,1,0,0,1,0,0,0,-1,0,1.0000,-1,1,0,0,0,1,0,0,0,0
35.15411,1,0,0,1,0,0,0,-1,0,1.0000,-1,1,0,0,0,1,0,0,0,0
35.17675,1,0,0,1,0,0,0,-1,0,1.0000,-1,1,0,0,0,1,0,0,0,0
35.19864,1,0,0,1,0,0,0,-1,0,1.0000,-1,1,0,0,0,1,0,0,0,0
35.22065,1,0,0,1,0,0,0,-1,0,1.0000,-1,1,0,0,0,1,0,0,0,0
35.24243,1,0,0,1,0,0,0,-1,0,1.0000,-1,1,0,0,0,1,0,0,0,0
35.28274,1,0,0,1,0,0,0,-1,0,1.0000,-1,1,0,0,0,1,0,0,0,0
35.29377,1,0,0,1,0,0,0,-1,0,1.0000,-1,1,0,0,0,1,0,0,0,0
35.30887,1,0,0,1,0,0,0,-1,0,1.0000,-1,1,0,0,0,1,0,0,0,0
35.33139,1,0,0,1,0,0,0,-1,0,1.0000,-1,1,0,0,0,1,0,0,0,0
35.35364,1,0,0,1,0,0,0,-1,0,1.0000,-1,1,0,0,0,1,0,0,0,0
35.37531,1,0,0,1,0,0,0,-1,0,1.0000,-1,1,0,0,0,1,0,0,0,0
35.3973,1,0,0,1,0,0,0,-1,0,1.0000,-1,1,0,0,0,1,0,0,0,0
35.41921,1,0,0,1,0,0,0,-1,0,1.0000,-1,1,0,0,0,1,0,0,0,0
35.44075,1,0,0,1,0,0,0,-1,0,1.0000,-1,1,0,0,0,1,0,0,0,0
35.46257,1,0,0,1,0,0,0,-1,0,1.0000,-1,1,0,0,0,1,0,0,0,0
35.48397,1,0,0,1,0,0,0,-1,0,1.0000,-1,1,0,0,0,1,0,0,0,0
35.50564,1,0,0,1,0,0,0,-1,0,1.0000,-1,1,0,0,0,1,0,0,0,0
35.52815,1,0,0,1,0,0,0,-1,0,1.0000,-1,1,0,0,0,1,0,0,0,0
35.54947,1,0,0,1,0,0,0,-1,0,1.0000,-1,1,0,0,0,1,0,0,0,0
35.57126,1,0,0,1,0,0,0,-1,0,1.0000,-1,1,0,0,0,1,0,0,0,0
35.59267,1,0,0,1,0,0,0,-1,0,1.0000,-1,1,0,0,0,1,0,0,0,0
35.6137,1,0,0,1,0,0,0,-1,0,1.0000,-1,1,0,0,0,1,0,0,0,0
35.63552,1,0,0,1,0,0,0,-1,0,1.0000,-1,1,0,0,0,1,0,0,0,0
35.65692,1,0,0,1,0,0,0,-1,0,1.0000,-1,1,0,0,0,1,0,0,0,0
35.67857,1,0,0,1,0,0,0,-1,0,1.0000,-1,1,0,0,0,1,0,0,0,0
35.71949,1,0,0,1,0,0,0,-1,0,1.0000,-1,1,0,0,0,1,0,0,0,0
35.73068,1,0,0,1,0,0,0,-1,0,1.0000,-1,1,0,0,0,1,0,0,0,0
35.7453,1,0,0,1,0,0,0,-1,0,1.0000,-1,1,0,0,0,1,0,0,0,0
35.76774,1,0,0,1,0,0,0,-1,0,1.0000,-1,1,0,0,0,1,0,0,0,0
35.78992,1,0,0,1,0,0,0,-1,0,1.0000,-1,1,0,0,0,1,0,0,0,0
35.81106,1,0,0,1,0,0,0,-1,0,1.0000,-1,1,0,0,0,1,0,0,0,0
35.83324,1,0,0,1,0,0,0,-1,0,0.0000,-1,1,0,0,0,1,0,0,0,0
35.85512,1,0,0,1,0,0,0,-1,1,1.0000,-1,1,0,0,0,1,0,0,0,0
35.87687,1,0,0,1,0,0,0,-1,0,1.0000,-1,1,0,0,0,1,0,0,0,0
35.89916,1,0,0,1,0,0,0,-1,0,1.0000,-1,1,0,0,0,1,0,0,0,0
35.93945,1,0,0,1,0,0,1,5,0,1.0000,-1,1,0,0,0,1,0,0,0,0
35.95151,1,0,0,1,0,0,1,5,0,1.0000,-1,1,0,0,0,1,0,0,0,0
35.96681,1,0,0,1,0,0,1,5,0,1.0000,-1,1,0,0,0,1,0,0,0,0
35.98915,1,0,0,1,0,0,1,5,0,1.0000,-1,1,0,0,0,1,0,0,0,0
36.01085,1,0,0,1,0,0,1,5,1,2.0000,-1,1,0,0,0,1,0,0,0,0
36.03341,1,0,0,1,0,0,0,-1,0,2.0000,-1,1,0,0,0,1,0,0,0,0
36.05574,1,0,0,1,0,0,0,-1,0,2.0000,-1,1,0,0,0,1,0,0,0,0
36.07674,1,0,0,1,0,0,0,-1,0,2.0000,-1,1,0,0,0,1,0,0,0,0
36.09923,1,0,0,1,0,0,0,-1,0,2.0000,-1,1,0,0,0,1,0,0,0,0
36.12142,1,0,0,1,0,0,0,-1,0,2.0000,-1,1,0,0,0,1,0,0,0,0
36.1443,1,0,0,1,0,0,0,-1,0,2.0000,-1,1,0,0,0,1,0,0,0,0
36.16632,1,0,0,1,0,0,0,-1,0,2.0000,-1,1,0,0,0,1,0,0,0,0
36.18827,1,0,0,1,0,0,0,-1,0,2.0000,-1,1,0,0,0,1,0,0,0,0
36.2108,1,0,0,1,0,0,0,-1,0,2.0000,-1,1,0,0,0,1,0,0,0,0
36.23218,1,0,0,1,0,0,0,-1,0,2.0000,-1,1,0,0,0,1,0,0,0,0
36.25484,1,0,0,1,0,0,0,-1,0,2.0000,-1,1,0,0,0,1,0,0,0,0
36.27757,1,0,0,1,0,0,0,-1,0,2.0000,-1,1,0,0,0,1,0,0,0,0
36.2998,1,0,0,1,0,0,0,-1,0,2.0000,-1,1,0,0,0,1,0,0,0,0
36.32193,1,0,0,1,0,0,0,-1,1,3.0000,-1,1,0,0,0,1,0,0,0,0
36.34458,1,0,0,1,0,0,0,-1,0,3.0000,-1,1,0,0,0,1,0,0,0,0
36.36625,1,0,0,1,0,0,0,-1,0,3.0000,-1,1,0,0,0,1,0,0,0,0
36.38853,1,0,0,1,0,0,0,-1,0,3.0000,-1,1,0,0,0,1,0,0,0,0
36.41086,1,0,0,1,0,0,0,-1,0,3.0000,-1,1,0,0,0,1,0,0,0,0
36.43187,1,0,0,1,0,0,0,-1,0,3.0000,-1,1,0,0,0,1,0,0,0,0
36.45492,1,0,0,1,0,0,0,-1,0,3.0000,-1,1,0,0,0,1,0,0,0,0
36.47636,1,0,0,1,0,0,0,-1,0,3.0000,-1,1,0,0,0,1,0,0,0,0
36.4982,1,0,0,1,0,0,0,-1,0,3.0000,-1,1,0,0,0,1,0,0,0,0
36.5205,1,0,0,1,0,0,0,-1,0,3.0000,-1,1,0,0,0,1,0,0,0,0
36.54238,1,0,0,1,0,0,0,-1,0,3.0000,-1,1,0,0,0,1,0,0,0,0
36.5648,1,0,0,1,0,0,0,-1,0,3.0000,-1,1,0,0,0,1,0,0,0,0
36.58656,1,0,0,1,0,0,0,-1,0,3.0000,-1,1,0,0,0,1,0,0,0,0
36.60901,1,0,0,1,0,0,0,-1,0,3.0000,-1,1,0,0,0,1,0,0,0,0
36.63095,1,0,0,1,0,0,0,-1,0,3.0000,-1,1,0,0,0,1,0,0,0,0
36.65286,1,0,0,1,0,0,0,-1,1,4.0000,-1,1,0,0,0,1,0,0,0,0
36.67515,1,0,0,1,0,0,0,-1,0,4.0000,-1,1,0,0,0,1,0,0,0,0
36.69716,1,0,0,1,0,0,0,-1,0,4.0000,-1,1,0,0,0,1,0,0,0,0
36.71864,1,0,0,1,0,0,0,-1,0,4.0000,-1,1,0,0,0,1,0,0,0,0
36.74038,1,0,0,1,0,0,0,-1,0,4.0000,-1,1,0,0,0,1,0,0,0,0
36.76168,1,0,0,1,0,0,0,-1,0,4.0000,-1,1,0,0,0,1,0,0,0,0
36.78333,1,0,0,1,0,0,0,-1,0,4.0000,-1,1,0,0,0,1,0,0,0,0
36.80438,1,0,0,1,0,0,0,-1,0,4.0000,-1,1,0,0,0,1,0,0,0,0
36.82663,1,0,0,1,0,0,0,-1,0,4.0000,-1,1,0,0,0,1,0,0,0,0
36.84783,1,0,0,1,0,0,0,-1,0,4.0000,-1,1,0,0,0,1,0,0,0,0
36.86911,1,0,0,1,0,0,0,-1,0,3.0000,-1,1,0,0,0,1,0,0,0,0
36.89108,1,0,0,1,0,0,0,-1,0,3.0000,-1,1,0,0,0,1,0,0,0,0
36.91252,1,0,0,1,0,0,0,-1,0,3.0000,-1,1,0,0,0,1,0,0,0,0
36.93391,1,0,0,1,0,0,0,-1,0,3.0000,-1,1,0,0,0,1,0,0,0,0
36.95511,1,0,0,1,0,0,0,-1,0,3.0000,-1,1,0,0,0,1,0,0,0,0
36.97695,1,0,0,1,0,0,0,-1,0,3.0000,-1,1,0,0,0,1,0,0,0,0
36.99792,1,0,0,1,0,0,0,-1,0,3.0000,-1,1,0,0,0,1,0,0,0,0
37.01946,1,0,0,1,0,0,0,-1,0,2.0000,-1,1,0,0,0,1,0,0,0,0
37.04055,1,0,0,1,0,0,0,-1,0,2.0000,-1,1,0,0,0,1,0,0,0,0
37.0621,1,0,0,1,0,0,0,-1,0,2.0000,-1,1,0,0,0,1,0,0,0,0
37.08408,1,0,0,1,0,0,0,-1,0,2.0000,-1,1,0,0,0,1,0,0,0,0
37.1049,1,0,0,1,0,0,0,-1,0,2.0000,-1,1,0,0,0,1,0,0,0,0
37.12563,1,0,0,1,0,0,0,-1,0,2.0000,-1,1,0,0,0,1,0,0,0,0
37.14681,1,0,0,1,0,0,0,-1,0,2.0000,-1,1,0,0,0,1,0,0,0,0
37.16766,1,0,0,1,0,0,0,-1,0,2.0000,-1,1,0,0,0,1,0,0,0,0
37.20769,1,0,0,1,0,0,0,-1,0,2.0000,-1,1,0,0,0,1,0,0,0,0
37.21808,1,0,0,1,0,0,0,-1,0,2.0000,-1,1,0,0,0,1,0,0,0,0
37.23236,1,0,0,1,0,0,0,-1,0,2.0000,-1,1,0,0,0,1,0,0,0,0
37.25433,1,0,0,1,0,0,0,-1,0,2.0000,-1,1,0,0,0,1,0,0,0,0
37.27543,1,0,0,1,0,0,0,-1,0,2.0000,-1,1,0,0,0,1,0,0,0,0
37.29701,1,0,0,1,0,0,0,-1,0,2.0000,-1,1,0,0,0,1,0,0,0,0
37.31812,1,0,0,1,0,0,0,-1,0,2.0000,-1,1,0,0,0,1,0,0,0,0
37.33893,1,0,0,1,0,0,0,-1,0,1.0000,-1,1,0,0,0,1,0,0,0,0
37.36126,1,0,0,1,0,0,0,-1,0,1.0000,-1,1,0,0,0,1,0,0,0,0
37.38154,1,0,0,1,0,0,0,-1,0,1.0000,-1,1,0,0,0,1,0,0,0,0
37.40244,1,0,0,1,0,0,0,-1,0,1.0000,-1,1,0,0,0,1,0,0,0,0
37.42407,1,0,0,1,0,0,0,-1,0,1.0000,-1,1,0,0,0,1,0,0,0,0
37.4454,1,0,0,1,0,0,0,-1,0,1.0000,-1,1,0,0,0,1,0,0,0,0
37.46683,1,0,0,1,0,0,0,-1,0,1.0000,-1,1,0,0,0,1,0,0,0,0
37.48761,1,0,0,1,0,0,0,-1,0,1.0000,-1,1,0,0,0,1,0,0,0,0
37.50914,1,0,0,1,0,0,0,-1,0,1.0000,-1,1,0,0,0,1,0,0,0,0
37.53082,1,0,0,1,0,0,0,-1,0,1.0000,-1,1,0,0,0,1,0,0,0,0
37.55222,1,0,0,1,0,0,0,-1,0,1.0000,-1,1,0,0,0,1,0,0,0,0
37.57341,1,0,0,1,0,0,0,-1,0,1.0000,-1,1,0,0,0,1,0,0,0,0
37.5946,1,0,0,0,0,0,0,-1,0,1.0000,-1,1,0,0,0,1,0,0,0,0
37.63394,1,0,0,0,0,0,0,-1,0,1.0000,-1,1,0,0,0,1,0,0,0,0
37.64506,1,0,0,0,0,0,0,-1,0,1.0000,-1,1,0,0,0,1,0,0,0,0
37.65998,1,0,0,0,0,0,0,-1,0,0.0000,-1,1,0,0,0,1,0,0,0,0
37.68112,1,0,0,0,0,0,0,-1,0,0.0000,-1,1,0,0,0,1,0,0,0,0
37.70238,1,0,0,0,0,0,0,-1,0,0.0000,-1,1,0,0,0,1,0,0,0,0
37.72308,1,0,0,0,0,0,0,-1,0,0.0000,-1,1,0,0,0,1,0,0,0,0
37.74405,1,0,0,0,0,0,0,-1,0,0.0000,-1,1,0,0,0,1,0,0,0,0
37.76538,1,0,0,0,0,0,0,-1,0,0.0000,-1,1,0,0,0,1,0,0,0,0
37.78671,1,0,0,0,0,0,0,-1,0,0.0000,-1,1,0,0,0,1,0,0,0,0
37.80767,1,0,0,0,0,0,0,-1,0,0.0000,-1,1,0,0,0,1,0,0,0,0
37.84633,1,0,0,0,0,0,0,-1,0,0.0000,-1,1,0,0,0,1,0,0,0,0
37.85719,1,0,0,0,0,0,0,-1,0,0.0000,-1,1,0,0,0,1,0,0,0,0
37.873,1,0,0,0,0,0,0,-1,0,0.0000,-1,1,0,0,0,1,0,0,0,0
37.89436,1,0,0,0,0,0,0,-1,0,0.0000,-1,1,0,0,0,1,0,0,0,0
37.91575,1,0,0,0,0,0,0,-1,0,0.0000,-1,1,0,0,0,1,0,0,0,0
37.93721,1,0,0,0,0,0,0,-1,0,0.0000,-1,1,0,0,0,1,0,0,0,0
37.95759,1,0,0,0,0,0,0,-1,0,0.0000,-1,1,0,0,0,1,0,0,0,0
37.97827,1,0,0,0,0,0,0,-1,0,0.0000,-1,1,0,0,0,1,0,0,0,0
37.99972,1,0,0,0,0,0,0,-1,0,0.0000,-1,1,0,0,0,1,0,0,0,0
38.0207,1,0,0,0,0,0,0,-1,0,0.0000,-1,1,0,0,0,1,0,0,0,0
38.0598,1,0,0,0,0,0,0,-1,0,0.0000,-1,1,0,0,0,1,0,0,0,0
38.07032,1,0,0,0,0,0,0,-1,0,0.0000,-1,1,0,0,0,1,0,0,0,0
38.08603,1,0,0,0,0,0,0,-1,0,0.0000,-1,1,0,0,0,1,0,0,0,0
38.10803,1,0,0,0,0,0,0,-1,0,0.0000,-1,1,0,0,0,1,0,0,0,0
38.12885,1,0,0,0,0,0,0,-1,0,0.0000,-1,1,0,0,0,1,0,0,0,0
38.1491,1,0,0,0,0,0,0,-1,0,0.0000,-1,1,0,0,0,1,0,0,0,0
38.17051,1,0,0,0,0,0,0,-1,0,0.0000,-1,1,0,0,0,1,0,0,0,0
38.19117,1,0,0,0,0,0,0,-1,0,0.0000,-1,1,0,0,0,1,0,0,0,0
38.21161,1,0,0,0,0,0,0,-1,0,0.0000,-1,1,0,0,0,1,0,0,0,0
38.23296,1,0,0,0,0,0,0,-1,0,0.0000,-1,1,0,0,0,1,0,0,0,0
38.25382,1,0,0,0,0,0,0,-1,0,0.0000,-1,1,0,0,0,1,0,0,0,0
38.2749,1,0,0,0,0,0,0,-1,0,0.0000,-1,1,0,0,0,1,0,0,0,0
38.29561,1,0,0,0,0,0,0,-1,0,0.0000,-1,1,0,0,0,1,0,0,0,0
38.31622,1,0,0,0,0,0,0,-1,0,0.0000,-1,1,0,0,0,1,0,0,0,0
38.33694,1,0,0,0,0,0,0,-1,0,0.0000,-1,1,0,0,0,1,0,0,0,0
38.3576,1,0,0,0,0,0,0,-1,0,0.0000,-1,1,0,0,0,1,0,0,0,0
38.37861,1,0,0,0,0,0,0,-1,0,0.0000,-1,1,0,0,0,1,0,0,0,0
38.39929,1,0,0,0,0,0,0,-1,0,0.0000,-1,1,0,0,0,1,0,0,0,0
38.42059,1,0,0,0,0,0,0,-1,0,0.0000,-1,1,0,0,0,1,0,0,0,0
38.44147,1,0,0,0,0,0,0,-1,0,0.0000,-1,1,0,0,0,1,0,0,0,0
38.46253,1,0,0,0,0,0,0,-1,0,0.0000,-1,1,0,0,0,1,0,0,0,0
38.48332,1,0,0,0,0,0,0,-1,0,0.0000,-1,1,0,0,0,1,0,0,0,0
38.5027,1,0,0,0,0,0,0,-1,0,0.0000,-1,1,0,0,0,1,0,0,0,0
38.52328,1,0,0,0,0,0,0,-1,0,0.0000,-1,1,0,0,0,1,0,0,0,0
38.54463,1,0,0,0,0,0,0,-1,0,0.0000,-1,1,0,0,0,1,0,0,0,0
38.56543,1,0,0,0,0,0,0,-1,0,0.0000,-1,1,0,0,0,1,0,0,0,0
38.58667,1,0,0,0,0,0,0,-1,0,0.0000,-1,1,0,0,0,1,0,0,0,0
38.60794,1,0,0,0,0,0,0,-1,0,0.0000,-1,1,0,0,0,1,0,0,0,0
38.62877,1,0,0,0,0,0,0,-1,0,0.0000,-1,1,0,0,0,1,0,0,0,0
38.64935,1,0,0,0,0,0,0,-1,0,0.0000,-1,1,0,0,0,1,0,0,0,0
38.68759,1,0,0,0,0,0,0,-1,0,0.0000,-1,1,0,0,0,1,0,0,0,0
38.69807,1,0,0,0,0,0,0,-1,0,0.0000,-1,1,0,0,0,1,0,0,0,0
38.71204,1,0,0,0,0,0,0,-1,0,0.0000,-1,1,0,0,0,1,0,0,0,0
38.7334,1,0,0,0,0,0,0,-1,0,0.0000,-1,1,0,0,0,1,0,0,0,0
38.7545,1,0,0,0,0,0,0,-1,0,0.0000,-1,1,0,0,0,1,0,0,0,0
38.77599,1,0,0,0,0,0,0,-1,0,0.0000,-1,1,0,0,0,1,0,0,0,0
38.79702,1,0,0,0,0,0,0,-1,0,0.0000,-1,1,0,0,0,1,0,0,0,0
38.81821,1,0,0,0,0,0,0,-1,0,0.0000,-1,1,0,0,0,1,0,0,0,0
38.83849,1,0,0,0,0,0,0,-1,0,0.0000,-1,1,0,0,0,1,0,0,0,0
38.85993,1,0,0,0,0,0,0,-1,0,0.0000,-1,1,0,0,0,1,0,0,0,0
38.88023,1,0,0,0,0,0,0,-1,0,0.0000,-1,1,0,0,0,1,0,0,0,0
38.90091,1,0,0,0,0,0,0,-1,0,0.0000,-1,1,0,0,0,1,0,0,0,0
38.92206,1,0,0,0,0,0,0,-1,0,0.0000,-1,1,0,0,0,1,0,0,0,0
38.943,1,0,0,0,0,0,0,-1,0,0.0000,-1,1,0,0,0,1,0,0,0,0
38.96425,1,0,0,0,0,0,0,-1,0,0.0000,-1,1,0,0,0,1,0,0,0,0
38.98621,1,0,0,0,0,0,0,-1,0,0.0000,-1,1,0,0,0,1,0,0,0,0
39.0067,1,0,0,0,0,0,0,-1,0,0.0000,-1,1,0,0,0,1,0,0,0,0
39.02719,1,0,0,0,0,0,0,-1,0,0.0000,-1,1,0,0,0,1,0,0,0,0
39.04692,1,0,0,0,0,0,0,-1,0,0.0000,-1,1,0,0,0,1,0,0,0,0
39.06738,1,0,0,0,0,0,0,-1,0,0.0000,-1,1,0,0,0,1,0,0,0,0
39.10688,1,0,0,0,0,0,0,-1,0,0.0000,-1,1,0,0,0,1,0,0,0,0
39.11794,1,0,0,0,0,0,0,-1,1,1.0000,-1,1,0,0,0,1,0,0,0,0
39.13258,1,0,0,0,0,0,0,-1,0,1.0000,-1,1,0,0,0,1,0,0,0,0
39.1528,1,0,0,0,0,0,0,-1,0,1.0000,-1,1,0,0,0,1,0,0,0,0
39.17538,1,0,0,0,0,0,0,-1,0,1.0000,-1,1,0,0,0,1,0,0,0,0
39.19641,1,0,0,0,0,0,0,-1,0,1.0000,-1,1,0,0,0,1,0,0,0,0
39.21704,1,0,0,0,0,0,0,-1,0,1.0000,-1,1,0,0,0,1,0,0,0,0
39.23687,1,0,0,0,0,0,0,-1,0,1.0000,-1,1,0,0,0,1,0,0,0,0
39.25819,1,0,0,0,0,0,0,-1,0,1.0000,-1,1,0,0,0,1,0,0,0,0
39.27877,1,0,0,0,0,0,0,-1,0,1.0000,-1,1,0,0,0,1,0,0,0,0
39.31919,1,0,0,0,0,0,0,-1,0,1.0000,-1,1,0,0,0,1,0,0,0,0
39.33009,1,0,0,0,0,0,0,-1,0,1.0000,-1,1,0,0,0,1,0,0,0,0
39.34321,1,0,0,0,0,0,0,-1,0,1.0000,-1,1,0,0,0,1,0,0,0,0
39.36407,1,0,0,0,0,0,0,-1,0,1.0000,-1,1,0,0,0,1,0,0,0,0
39.3856,1,0,0,0,0,0,0,-1,0,1.0000,-1,1,0,0,0,1,0,0,0,0
39.40758,1,0,0,0,0,0,0,-1,0,1.0000,-1,1,0,0,0,1,0,0,0,0
39.42947,1,0,0,0,0,0,0,-1,0,1.0000,-1,1,0,0,0,1,0,0,0,0
39.44969,1,0,0,0,0,0,0,-1,0,1.0000,-1,1,0,0,0,1,0,0,0,0
39.46985,1,0,0,0,0,0,0,-1,0,1.0000,-1,1,0,0,0,1,0,0,0,0
39.49118,1,0,0,0,0,0,0,-1,0,1.0000,-1,1,0,0,0,1,0,0,0,0
39.51292,1,0,0,0,0,0,0,-1,0,1.0000,-1,1,0,0,0,1,0,0,0,0
39.53342,1,0,0,0,0,0,0,-1,0,1.0000,-1,1,0,0,0,1,0,0,0,0
39.55435,1,0,0,0,0,0,0,-1,0,1.0000,-1,1,0,0,0,1,0,0,0,0
39.57593,1,0,0,0,0,0,0,-1,0,1.0000,-1,1,0,0,0,1,0,0,0,0
39.59745,1,0,0,0,0,0,0,-1,0,1.0000,-1,1,0,0,0,1,0,0,0,0
39.61924,1,0,0,0,0,0,0,-1,0,1.0000,-1,1,0,0,0,1,0,0,0,0
39.6404,1,0,0,0,0,0,0,-1,0,1.0000,-1,1,0,0,0,1,0,0,0,0
39.66168,1,0,0,0,0,0,0,-1,0,1.0000,-1,1,0,0,0,1,0,0,0,0
39.68205,1,0,0,0,0,0,0,-1,0,1.0000,-1,1,0,0,0,1,0,0,0,0
39.70279,1,0,0,0,0,0,0,-1,0,1.0000,-1,1,0,0,0,1,0,0,0,0
39.74253,1,0,0,0,0,0,0,-1,0,1.0000,-1,1,0,0,0,1,0,0,0,0
39.75359,1,0,0,0,0,0,0,-1,0,1.0000,-1,1,0,0,0,1,0,0,0,0
39.7679,1,0,0,0,0,0,0,-1,0,1.0000,-1,1,0,0,0,1,0,0,0,0
39.78952,1,0,0,0,0,0,0,-1,0,1.0000,-1,1,0,0,0,1,0,0,0,0
39.81091,1,0,0,0,0,0,0,-1,0,1.0000,-1,1,0,0,0,1,0,0,0,0
39.83247,1,0,0,0,0,0,1,7,0,1.0000,-1,1,0,0,0,1,0,0,0,0
39.85309,1,0,0,0,0,0,1,7,0,1.0000,-1,1,0,0,0,1,0,0,0,0
39.87443,1,0,0,0,0,0,1,7,0,1.0000,-1,1,0,0,0,1,0,0,0,0
39.89654,1,0,0,0,0,0,1,7,0,1.0000,-1,1,0,0,0,1,0,0,0,0
39.91844,1,0,0,0,0,0,1,7,0,1.0000,-1,1,0,0,0,1,0,0,0,0
39.93961,1,0,0,0,0,0,1,7,0,1.0000,-1,1,0,0,0,1,0,0,0,0
39.95944,1,0,0,0,0,0,1,7,0,1.0000,-1,1,0,0,0,1,0,0,0,0
39.98064,1,0,0,0,0,0,1,7,0,1.0000,-1,1,0,0,0,1,0,0,0,0
40.00139,1,0,0,0,0,0,1,7,0,1.0000,-1,1,0,0,0,1,0,0,0,0
40.02262,1,0,0,0,0,0,1,7,0,1.0000,-1,1,0,0,0,1,0,0,0,0
40.04371,1,0,0,0,0,0,1,7,0,1.0000,-1,1,0,0,0,1,0,0,0,0
40.06476,1,0,0,0,0,0,1,7,0,1.0000,-1,1,0,0,0,1,0,0,0,0
40.08579,1,0,0,0,0,0,1,7,0,1.0000,-1,1,0,0,0,1,0,0,0,0
40.10785,1,0,0,0,0,0,1,7,0,1.0000,-1,1,0,0,0,1,0,0,0,0
40.12967,1,0,0,0,0,0,1,7,0,0.0000,-1,1,0,0,0,1,0,0,0,0
40.15094,1,0,0,0,0,0,1,7,1,1.0000,-1,1,0,0,0,1,0,0,0,0
40.17216,1,0,0,0,0,0,1,7,0,1.0000,-1,1,0,0,0,1,0,0,0,0
40.19241,1,0,0,0,0,0,1,9,0,1.0000,7,2,0,0,0,2,0,0,0,0
40.2128,1,0,0,0,0,0,1,9,0,1.0000,-1,2,0,0,0,2,0,0,0,0
40.23383,1,0,0,0,0,0,1,9,0,1.0000,-1,2,0,0,0,2,0,0,0,0
40.2555,1,0,0,0,0,0,1,9,0,1.0000,-1,2,0,0,0,2,0,0,0,0
40.2767,1,0,0,0,0,0,1,9,0,1.0000,-1,2,0,0,0,2,0,0,0,0
40.29824,1,0,0,0,0,0,1,9,0,1.0000,-1,2,0,0,0,2,0,0,0,0
40.3195,1,0,0,0,0,0,1,9,0,1.0000,-1,2,0,0,0,2,0,0,0,0
40.34032,1,0,0,0,0,0,1,9,0,1.0000,-1,2,0,0,0,2,0,0,0,0
40.3781,1,0,0,0,0,0,1,9,0,1.0000,-1,2,0,0,0,2,0,0,0,0
40.389,1,0,0,0,0,0,1,9,0,1.0000,-1,2,0,0,0,2,0,0,0,0
40.40553,1,0,0,0,0,0,1,9,0,1.0000,-1,2,0,0,0,2,0,0,0,0
40.4258,1,0,0,0,0,0,1,9,0,1.0000,-1,2,0,0,0,2,0,0,0,0
40.44707,1,0,0,0,0,0,1,9,0,1.0000,-1,2,0,0,0,2,0,0,0,0
40.4676,1,0,0,0,0,0,1,9,0,1.0000,-1,2,0,0,0,2,0,0,0,0
40.48853,1,0,0,0,0,0,1,9,0,1.0000,-1,2,0,0,0,2,0,0,0,0
40.51021,1,0,0,0,0,0,1,9,0,1.0000,-1,2,0,0,0,2,0,0,0,0
40.53067,1,0,0,0,0,0,1,9,0,1.0000,-1,2,0,0,0,2,0,0,0,0
40.5527,1,0,0,0,0,0,1,9,0,1.0000,-1,2,0,0,0,2,0,0,0,0
40.57352,1,0,0,0,0,0,1,9,0,1.0000,-1,2,0,0,0,2,0,0,0,0
40.59424,1,0,0,0,0,0,1,9,0,1.0000,-1,2,0,0,0,2,0,0,0,0
40.61472,1,0,0,0,0,0,0,-1,0,1.0000,-1,2,0,0,0,2,0,0,0,0
40.63589,1,0,0,0,0,0,0,-1,1,2.0000,-1,2,0,0,0,2,0,0,0,0
40.65662,1,0,0,0,0,0,0,-1,0,2.0000,-1,2,0,0,0,2,0,0,0,0
40.67799,1,0,0,0,0,0,1,10,0,2.0000,9,3,0,0,0,3,0,0,0,0
40.69887,1,0,0,0,0,0,1,10,0,2.0000,-1,3,0,0,0,3,0,0,0,0
40.72027,1,0,0,0,0,0,1,10,0,2.0000,-1,3,0,0,0,3,0,0,0,0
40.74203,1,0,0,0,0,0,1,10,0,2.0000,-1,3,0,0,0,3,0,0,0,0
40.76371,1,0,0,0,0,0,1,10,0,2.0000,-1,3,0,0,0,3,0,0,0,0
40.80402,1,0,0,0,0,0,1,10,0,2.0000,-1,3,0,0,0,3,0,0,0,0
40.81477,1,0,0,0,0,0,1,10,0,2.0000,-1,3,0,0,0,3,0,0,0,0
40.83092,1,0,0,0,0,0,1,10,0,2.0000,-1,3,0,0,0,3,0,0,0,0
40.85297,1,0,0,0,0,0,1,10,1,3.0000,-1,3,0,0,0,3,0,0,0,0
40.87433,1,0,0,0,0,0,1,10,0,3.0000,-1,3,0,0,0,3,0,0,0,0
40.89555,1,0,0,0,0,0,1,10,0,3.0000,-1,3,0,0,0,3,0,0,0,0
40.91544,1,0,0,0,0,0,1,10,0,3.0000,-1,3,0,0,0,3,0,0,0,0
40.93692,1,0,0,0,0,0,1,10,0,3.0000,-1,3,0,0,0,3,0,0,0,0
40.9579,1,0,0,0,0,0,1,10,0,3.0000,-1,3,0,0,0,3,0,0,0,0
40.97892,1,0,0,0,0,0,1,10,0,3.0000,-1,3,0,0,0,3,0,0,0,0
41.00038,1,0,0,0,0,0,1,10,0,3.0000,-1,3,0,0,0,3,0,0,0,0
41.02185,1,0,0,0,0,0,1,10,0,3.0000,-1,3,0,0,0,3,0,0,0,0
41.0429,1,0,0,0,0,0,1,10,0,3.0000,-1,3,0,0,0,3,0,0,0,0
41.0644,1,0,0,0,0,0,1,10,0,3.0000,-1,3,0,0,0,3,0,0,0,0
41.08712,1,0,0,0,0,0,1,10,0,3.0000,-1,3,0,0,0,3,0,0,0,0
41.10842,1,0,0,0,0,0,1,10,0,3.0000,-1,3,0,0,0,3,0,0,0,0
41.12874,1,0,0,0,0,0,1,10,0,3.0000,-1,3,0,0,0,3,0,0,0,0
41.14848,1,0,0,0,0,0,1,10,0,3.0000,-1,3,0,0,0,3,0,0,0,0
41.16983,1,0,0,0,0,0,1,10,1,3.0000,-1,3,0,0,0,3,0,0,0,0
41.19044,1,0,0,0,0,0,1,10,0,3.0000,-1,3,0,0,0,3,0,0,0,0
41.23073,1,0,0,0,0,0,1,10,0,3.0000,-1,3,0,0,0,3,0,0,0,0
41.24276,1,0,0,0,0,0,1,10,0,3.0000,-1,3,0,0,0,3,0,0,0,0
41.25502,1,0,0,0,0,0,1,10,0,3.0000,-1,3,0,0,0,3,0,0,0,0
41.2752,1,0,0,0,0,0,1,10,0,3.0000,-1,3,0,0,0,3,0,0,0,0
41.2972,1,0,0,0,0,0,1,10,0,3.0000,-1,3,0,0,0,3,0,0,0,0
41.31993,1,0,0,0,0,0,1,10,0,3.0000,-1,3,0,0,0,3,0,0,0,0
41.34055,1,0,0,0,0,0,1,10,0,3.0000,-1,3,0,0,0,3,0,0,0,0
41.3611,1,0,0,0,0,0,1,10,0,3.0000,-1,3,0,0,0,3,0,0,0,0
41.38083,1,0,0,0,0,0,1,10,0,3.0000,-1,3,0,0,0,3,0,0,0,0
41.40155,1,0,0,0,0,0,1,10,0,3.0000,-1,3,0,0,0,3,0,0,0,0
41.44174,1,0,0,0,0,0,1,10,0,3.0000,-1,3,0,0,0,3,0,0,0,0
41.4539,1,0,0,0,0,0,1,10,0,3.0000,-1,3,0,0,0,3,0,0,0,0
41.46719,1,0,0,0,0,0,1,13,0,3.0000,10,4,0,0,0,4,0,0,0,0
41.48798,1,0,0,0,0,0,1,13,0,3.0000,-1,4,0,0,0,4,0,0,0,0
41.50901,1,0,0,0,0,0,1,13,0,3.0000,-1,4,0,0,0,4,0,0,0,0
41.53035,1,0,0,0,0,0,1,13,0,3.0000,-1,4,0,0,0,4,0,0,0,0
41.55214,1,0,0,0,0,0,1,13,0,3.0000,-1,4,0,0,0,4,0,0,0,0
41.57333,1,0,0,0,0,0,1,13,0,3.0000,-1,4,0,0,0,4,0,0,0,0
41.59407,1,0,0,0,0,0,1,13,0,3.0000,-1,4,0,0,0,4,0,0,0,0
41.61386,1,0,0,0,0,0,1,13,0,3.0000,-1,4,0,0,0,4,0,0,0,0
41.65288,1,0,0,0,0,0,1,13,0,2.0000,-1,4,0,0,0,4,0,0,0,0
41.66365,1,0,0,0,0,0,1,13,0,2.0000,-1,4,0,0,0,4,0,0,0,0
41.67718,1,0,0,0,0,0,1,13,0,2.0000,-1,4,0,0,0,4,0,0,0,0
41.69896,1,0,0,0,0,0,1,13,0,2.0000,-1,4,0,0,0,4,0,0,0,0
41.72027,1,0,0,0,0,0,1,13,0,2.0000,-1,4,0,0,0,4,0,0,0,0
41.74084,1,0,0,0,0,0,1,13,0,2.0000,-1,4,0,0,0,4,0,0,0,0
41.76285,1,0,0,0,0,0,1,13,0,2.0000,-1,4,0,0,0,4,0,0,0,0
41.78306,1,0,0,0,0,0,1,13,0,2.0000,-1,4,0,0,0,4,0,0,0,0
41.80286,1,0,0,0,0,0,1,13,0,2.0000,-1,4,0,0,0,4,0,0,0,0
41.82368,1,0,0,0,0,0,1,13,0,2.0000,-1,4,0,0,0,4,0,0,0,0
41.84466,1,0,0,0,0,0,1,13,0,2.0000,-1,4,0,0,0,4,0,0,0,0
41.86586,1,0,0,0,0,0,1,13,1,2.0000,-1,4,0,0,0,4,0,0,0,0
41.88659,1,0,0,0,0,0,0,-1,0,2.0000,-1,4,0,0,0,4,0,0,0,0
41.90831,1,0,0,0,0,0,0,-1,0,2.0000,-1,4,0,0,0,4,0,0,0,0
41.92834,1,0,0,0,0,0,0,-1,0,2.0000,-1,4,0,0,0,4,0,0,0,0
41.94814,1,0,0,0,0,0,0,-1,0,2.0000,-1,4,0,0,0,4,0,0,0,0
41.96829,1,0,0,0,0,0,0,-1,0,2.0000,-1,4,0,0,0,4,0,0,0,0
41.98909,1,0,0,0,0,0,0,-1,0,2.0000,-1,4,0,0,0,4,0,0,0,0
42.00976,1,0,0,0,0,0,0,-1,0,2.0000,-1,4,0,0,0,4,0,0,0,0
42.03146,1,0,0,0,0,0,0,-1,0,2.0000,-1,4,0,0,0,4,0,0,0,0
42.05352,1,0,0,0,0,0,0,-1,0,2.0000,-1,4,0,0,0,4,0,0,0,0
42.07255,1,0,0,0,0,0,0,-1,0,2.0000,-1,4,0,0,0,4,0,0,0,0
42.09319,1,0,0,0,0,0,0,-1,0,2.0000,-1,4,0,0,0,4,0,0,0,0
42.11296,1,0,0,0,0,0,0,-1,0,2.0000,-1,4,0,0,0,4,0,0,0,0
42.13343,1,0,0,0,0,0,0,-1,0,2.0000,-1,4,0,0,0,4,0,0,0,0
42.15415,1,0,0,0,0,0,0,-1,0,2.0000,-1,4,0,0,0,4,0,0,0,0
42.17471,1,0,0,0,0,0,0,-1,0,1.0000,-1,4,0,0,0,4,0,0,0,0
42.1963,1,0,0,0,0,0,0,-1,0,1.0000,-1,4,0,0,0,4,0,0,0,0
42.21581,1,0,0,0,0,0,0,-1,0,1.0000,-1,4,0,0,0,4,0,0,0,0
42.23411,1,0,0,0,0,0,0,-1,0,1.0000,-1,4,0,0,0,4,0,0,0,0
42.25428,1,0,0,0,0,0,0,-1,0,1.0000,-1,4,0,0,0,4,0,0,0,0
42.27455,1,0,0,0,0,0,0,-1,0,1.0000,-1,4,0,0,0,4,0,0,0,0
42.29594,1,0,0,0,0,0,0,-1,0,1.0000,-1,4,0,0,0,4,0,0,0,0
42.3154,1,0,0,0,0,0,0,-1,0,1.0000,-1,4,0,0,0,4,0,0,0,0
42.33434,1,0,0,0,0,0,0,-1,0,1.0000,-1,4,0,0,0,4,0,0,0,0
42.35396,1,0,0,0,0,0,0,-1,0,1.0000,-1,4,0,0,0,4,0,0,0,0
42.37408,1,0,0,0,0,0,0,-1,0,1.0000,-1,4,0,0,0,4,0,0,0,0
42.39505,1,0,0,0,0,0,0,-1,0,1.0000,-1,4,0,0,0,4,0,0,0,0
42.41446,1,0,0,0,0,0,0,-1,0,1.0000,-1,4,0,0,0,4,0,0,0,0
42.43417,1,0,0,0,0,0,0,-1,0,1.0000,-1,4,0,0,0,4,0,0,0,0
42.45364,1,0,0,0,0,0,0,-1,0,1.0000,-1,4,0,0,0,4,0,0,0,0
42.47424,1,0,0,0,0,0,0,-1,0,1.0000,-1,4,0,0,0,4,0,0,0,0
42.49458,1,0,0,0,0,0,0,-1,0,1.0000,-1,4,0,0,0,4,0,0,0,0
42.51294,1,0,0,0,0,0,0,-1,0,1.0000,-1,4,0,0,0,4,0,0,0,0
42.53296,1,0,0,0,0,0,1,15,0,1.0000,-1,4,0,0,0,4,0,0,0,0
42.55251,1,0,0,0,0,0,1,15,0,1.0000,-1,4,0,0,0,4,0,0,0,0
42.57341,1,0,0,0,0,0,1,15,0,1.0000,-1,4,0,0,0,4,0,0,0,0
42.59272,1,0,0,0,0,0,1,15,0,1.0000,-1,4,0,0,0,4,0,0,0,0
42.61135,1,0,0,0,0,0,1,15,0,1.0000,-1,4,0,0,0,4,0,0,0,0
42.63155,1,0,0,0,0,0,1,15,0,1.0000,-1,4,0,0,0,4,0,0,0,0
42.65188,1,0,0,0,0,0,1,15,0,1.0000,-1,4,0,0,0,4,0,0,0,0
42.67228,1,0,0,0,0,0,1,15,0,1.0000,-1,4,0,0,0,4,0,0,0,0
42.69144,1,0,0,0,0,0,1,15,0,1.0000,-1,4,0,0,0,4,0,0,0,0
42.71108,1,0,0,0,0,0,1,15,0,1.0000,-1,4,0,0,0,4,0,0,0,0
42.73066,1,0,0,0,0,0,1,15,0,1.0000,-1,4,0,0,0,4,0,0,0,0
42.75127,1,0,0,0,0,0,1,15,0,1.0000,-1,4,0,0,0,4,0,0,0,0
42.77192,1,0,0,0,0,0,1,15,0,1.0000,-1,4,0,0,0,4,0,0,0,0
42.79163,1,0,0,0,0,0,1,15,0,1.0000,-1,4,0,0,0,4,0,0,0,0
42.81136,1,0,0,0,0,0,1,15,1,2.0000,-1,4,0,0,0,4,0,0,0,0
42.83051,1,0,0,0,0,0,1,15,0,2.0000,-1,4,0,0,0,4,0,0,0,0
42.85384,1,0,0,0,0,0,0,-1,0,2.0000,-1,4,0,0,0,4,0,0,0,0
42.8884,1,0,0,0,0,0,0,-1,0,1.0000,-1,4,0,0,0,4,0,0,0,0
42.8988,1,0,0,0,0,0,0,-1,0,1.0000,-1,4,0,0,0,4,0,0,0,0
42.91471,1,0,0,0,0,0,1,14,0,1.0000,-1,4,0,0,0,4,0,0,0,0
42.93504,1,0,0,0,0,0,1,14,0,1.0000,-1,4,0,0,0,4,0,0,0,0
42.95557,1,0,0,0,0,0,1,14,0,1.0000,-1,4,0,0,0,4,0,0,0,0
42.97528,1,0,0,0,0,0,1,14,0,1.0000,-1,4,0,0,0,4,0,0,0,0
42.9965,1,0,0,0,0,0,1,14,0,1.0000,-1,4,0,0,0,4,0,0,0,0
43.01728,1,0,0,0,0,0,1,14,0,1.0000,-1,4,0,0,0,4,0,0,0,0
43.0377,1,0,0,0,0,0,1,16,0,1.0000,14,5,0,0,0,5,0,0,0,0
43.0569,1,0,0,0,0,0,1,16,0,1.0000,-1,5,0,0,0,5,0,0,0,0
43.09571,1,0,0,0,0,0,1,16,0,1.0000,-1,5,0,0,0,5,0,0,0,0
43.10675,1,0,0,0,0,0,1,16,0,1.0000,-1,5,0,0,0,5,0,0,0,0
43.12013,1,0,0,0,0,0,1,16,0,1.0000,-1,5,0,0,0,5,0,0,0,0
43.14037,1,0,0,0,0,0,1,16,1,2.0000,-1,5,0,0,0,5,0,0,0,0
43.16206,1,0,0,0,0,0,1,16,0,2.0000,-1,5,0,0,0,5,0,0,0,0
43.18328,1,0,0,0,0,0,1,16,0,2.0000,-1,5,0,0,0,5,0,0,0,0
43.20393,1,0,0,0,0,0,1,16,0,2.0000,-1,5,0,0,0,5,0,0,0,0
43.22367,1,0,0,0,0,0,1,16,0,2.0000,-1,5,0,0,0,5,0,0,0,0
43.24284,1,0,0,0,0,0,1,16,0,2.0000,-1,5,0,0,0,5,0,0,0,0
43.26338,1,0,0,0,0,0,1,16,0,2.0000,-1,5,0,0,0,5,0,0,0,0
43.2858,1,0,0,0,0,0,1,16,0,2.0000,-1,5,0,0,0,5,0,0,0,0
43.30535,1,0,0,0,0,0,1,16,0,2.0000,-1,5,0,0,0,5,0,0,0,0
43.32434,1,0,0,0,0,0,1,16,0,2.0000,-1,5,0,0,0,5,0,0,0,0
43.34551,1,0,0,0,0,0,1,16,1,3.0000,-1,5,0,0,0,5,0,0,0,0
43.36427,1,0,0,0,0,0,1,16,0,3.0000,-1,5,0,0,0,5,0,0,0,0
43.38592,1,0,0,0,0,0,1,16,0,3.0000,-1,5,0,0,0,5,0,0,0,0
43.40639,1,0,0,0,0,0,1,16,0,3.0000,-1,5,0,0,0,5,0,0,0,0
43.42561,1,0,0,0,0,0,1,16,0,3.0000,-1,5,0,0,0,5,0,0,0,0
43.44529,1,0,0,0,0,0,1,16,0,3.0000,-1,5,0,0,0,5,0,0,0,0
43.46476,1,0,0,0,0,0,1,16,0,3.0000,-1,5,0,0,0,5,0,0,0,0
43.48469,1,0,0,0,0,0,1,16,0,3.0000,-1,5,0,0,0,5,0,0,0,0
43.50632,1,0,0,0,0,0,1,16,0,3.0000,-1,5,0,0,0,5,0,0,0,0
43.52713,1,0,0,0,0,0,1,16,0,3.0000,-1,5,0,0,0,5,0,0,0,0
43.54738,1,0,0,0,0,0,1,16,0,3.0000,-1,5,0,0,0,5,0,0,0,0
43.56618,1,0,0,0,0,0,1,16,0,3.0000,-1,5,0,0,0,5,0,0,0,0
43.58621,1,0,0,0,0,0,0,-1,1,4.0000,16,6,0,0,0,6,0,0,0,0
43.60735,1,0,0,0,0,0,0,-1,0,4.0000,-1,6,0,0,0,6,0,0,0,0
43.62746,1,0,0,0,0,0,0,-1,0,4.0000,-1,6,0,0,0,6,0,0,0,0
43.64572,1,0,0,0,0,0,0,-1,0,4.0000,-1,6,0,0,0,6,0,0,0,0
43.66511,1,0,0,0,0,0,0,-1,0,4.0000,-1,6,0,0,0,6,0,0,0,0
43.68656,1,0,0,0,0,0,0,-1,0,4.0000,-1,6,0,0,0,6,0,0,0,0
43.70914,1,0,0,0,0,0,0,-1,0,4.0000,-1,6,0,0,0,6,0,0,0,0
43.72857,1,0,0,0,0,0,0,-1,0,4.0000,-1,6,0,0,0,6,0,0,0,0
43.74798,1,0,0,0,0,0,0,-1,0,4.0000,-1,6,0,0,0,6,0,0,0,0
43.76582,1,0,0,0,0,0,0,-1,0,4.0000,-1,6,0,0,0,6,0,0,0,0
43.78616,1,0,0,0,0,0,0,-1,0,4.0000,-1,6,0,0,0,6,0,0,0,0
43.80654,1,0,0,0,0,0,0,-1,0,4.0000,-1,6,0,0,0,6,0,0,0,0
43.82598,1,0,0,0,0,0,0,-1,0,3.0000,-1,6,0,0,0,6,0,0,0,0
43.84518,1,0,0,0,0,0,0,-1,0,3.0000,-1,6,0,0,0,6,0,0,0,0
43.86501,1,0,0,0,0,0,0,-1,0,3.0000,-1,6,0,0,0,6,0,0,0,0
43.90286,1,0,0,0,0,0,0,-1,0,3.0000,-1,6,0,0,0,6,0,0,0,0
43.91452,1,0,0,0,0,0,0,-1,0,3.0000,-1,6,0,0,0,6,0,0,0,0
43.92765,1,0,0,0,0,0,1,18,0,3.0000,-1,6,0,0,0,6,0,0,0,0
43.94725,1,0,0,0,0,0,1,18,0,3.0000,-1,6,0,0,0,6,0,0,0,0
43.96764,1,0,0,0,0,0,1,18,0,3.0000,-1,6,0,0,0,6,0,0,0,0
43.98615,1,0,0,0,0,0,1,18,0,3.0000,-1,6,0,0,0,6,0,0,0,0
44.00642,1,0,0,0,0,0,1,18,0,3.0000,-1,6,0,0,0,6,0,0,0,0
44.02618,1,0,0,0,0,0,1,18,0,3.0000,-1,6,0,0,0,6,0,0,0,0
44.04606,1,0,0,0,0,0,1,18,0,3.0000,-1,6,0,0,0,6,0,0,0,0
44.06512,1,0,0,0,0,0,1,18,0,3.0000,-1,6,0,0,0,6,0,0,0,0
44.08513,1,0,0,0,0,0,1,18,1,4.0000,-1,6,0,0,0,6,0,0,0,0
44.10611,1,0,0,0,0,0,1,18,0,4.0000,-1,6,0,0,0,6,0,0,0,0
44.1254,1,0,0,0,0,0,1,18,0,4.0000,-1,6,0,0,0,6,0,0,0,0
44.14539,1,0,0,0,0,0,1,18,0,3.0000,-1,6,0,0,0,6,0,0,0,0
44.16339,1,0,0,0,0,0,1,18,0,3.0000,-1,6,0,0,0,6,0,0,0,0
44.18581,1,0,0,0,0,0,1,18,0,3.0000,-1,6,0,0,0,6,0,0,0,0
44.2051,1,0,0,0,0,0,1,18,0,3.0000,-1,6,0,0,0,6,0,0,0,0
44.22311,1,0,0,1,0,0,1,18,0,3.0000,-1,6,0,0,0,6,0,0,0,0
44.24224,1,0,0,1,0,0,1,18,0,3.0000,-1,6,0,0,0,6,0,0,0,0
44.2627,1,0,0,1,0,0,1,18,0,3.0000,-1,6,0,0,0,6,0,0,0,0
44.28275,1,0,0,1,0,0,1,18,0,3.0000,-1,6,0,0,0,6,0,0,0,0
44.32007,1,0,0,1,0,0,1,18,0,3.0000,-1,6,0,0,0,6,0,0,0,0
44.33188,1,0,0,1,0,0,1,18,0,3.0000,-1,6,0,0,0,6,0,0,0,0
44.34466,1,0,0,1,0,0,1,18,0,3.0000,-1,6,0,0,0,6,0,0,0,0
44.36403,1,0,0,1,0,0,1,18,0,2.0000,-1,6,0,0,0,6,0,0,0,0
44.38358,1,0,0,1,0,0,1,18,0,2.0000,-1,6,0,0,0,6,0,0,0,0
44.40428,1,0,0,0,0,0,1,18,0,2.0000,-1,6,0,0,0,6,0,0,0,0
44.42324,1,0,0,0,0,0,1,18,0,2.0000,-1,6,0,0,0,6,0,0,0,0
44.44236,1,0,0,0,0,0,1,18,0,2.0000,-1,6,0,0,0,6,0,0,0,0
44.46146,1,0,0,0,0,0,1,18,0,2.0000,-1,6,0,0,0,6,0,0,0,0
44.48272,1,0,0,0,0,0,1,18,0,2.0000,-1,6,0,0,0,6,0,0,0,0
44.50191,1,0,0,0,0,0,1,18,0,2.0000,-1,6,0,0,0,6,0,0,0,0
44.5371,3,1,1,0,0,0,1,19,0,2.0000,18,6,0,1,0,7,0,0,0,0
44.56246,3,0,1,0,0,0,1,19,0,2.0000,-1,6,0,1,0,7,0,0,0,0
44.57298,3,0,1,0,0,0,1,19,0,2.0000,-1,6,0,1,0,7,0,0,0,0
44.58636,3,0,1,0,0,0,1,19,0,1.0000,-1,6,0,1,0,7,0,0,0,0
44.60598,3,0,1,0,0,0,1,19,0,1.0000,-1,6,0,1,0,7,0,0,0,0
44.62632,3,0,1,0,0,0,1,19,0,1.0000,-1,6,0,1,0,7,0,0,0,0
44.6465,3,0,1,0,0,0,1,19,0,1.0000,-1,6,0,1,0,7,0,0,0,0
44.66574,3,0,1,0,0,0,1,19,0,1.0000,-1,6,0,1,0,7,0,0,0,0
44.68565,3,0,1,0,0,0,1,19,0,1.0000,-1,6,0,1,0,7,0,0,0,0
44.70644,3,0,1,0,0,0,1,19,0,1.0000,-1,6,0,1,0,7,0,0,0,0
44.74284,3,0,1,0,0,0,1,19,0,1.0000,-1,6,0,1,0,7,0,0,0,0
44.75378,3,0,1,0,0,0,1,19,0,1.0000,-1,6,0,1,0,7,0,0,0,0
44.76781,3,0,1,0,0,0,1,19,0,1.0000,-1,6,0,1,0,7,0,0,0,0
44.78769,3,0,1,0,0,0,1,19,0,1.0000,-1,6,0,1,0,7,0,0,0,0
44.80742,3,0,1,0,0,0,1,19,0,1.0000,-1,6,0,1,0,7,0,0,0,0
44.82756,3,0,1,0,0,0,1,19,0,1.0000,-1,6,0,1,0,7,0,0,0,0
44.84682,3,0,1,0,0,0,1,19,0,1.0000,-1,6,0,1,0,7,0,0,0,0
44.86662,3,0,1,0,0,0,1,19,0,1.0000,-1,6,0,1,0,7,0,0,0,0
44.88582,3,0,1,0,0,0,0,-1,0,1.0000,19,6,0,2,0,8,0,0,0,0
44.90658,3,0,1,0,0,0,0,-1,0,1.0000,-1,6,0,2,0,8,0,0,0,0
44.92574,3,0,1,0,0,0,0,-1,0,1.0000,-1,6,0,2,0,8,0,0,0,0
44.94509,3,0,1,0,0,0,1,17,0,1.0000,-1,6,0,2,0,8,0,0,0,0
44.96402,3,0,1,0,0,0,1,17,0,1.0000,-1,6,0,2,0,8,0,0,0,0
44.98606,3,0,1,0,0,0,1,17,0,1.0000,-1,6,0,2,0,8,0,0,0,0
45.00589,3,0,1,0,0,0,1,17,0,1.0000,-1,6,0,2,0,8,0,0,0,0
45.02526,3,0,1,0,0,0,1,17,0,1.0000,-1,6,0,2,0,8,0,0,0,0
45.04239,3,0,1,0,0,0,1,17,0,1.0000,-1,6,0,2,0,8,0,0,0,0
45.06264,3,0,1,0,0,0,1,17,0,1.0000,-1,6,0,2,0,8,0,0,0,0
45.08396,3,0,1,0,0,0,1,17,0,1.0000,-1,6,0,2,0,8,0,0,0,0
45.10303,3,0,1,0,0,0,1,17,0,0.0000,-1,6,0,2,0,8,0,0,0,0
45.12075,3,0,1,0,0,0,1,17,0,0.0000,-1,6,0,2,0,8,0,0,0,0
45.1412,3,0,1,0,0,0,1,17,0,0.0000,-1,6,0,2,0,8,0,0,0,0
45.16305,3,0,1,0,0,0,1,17,0,0.0000,-1,6,0,2,0,8,0,0,0,0
45.18128,3,0,1,0,0,0,0,-1,0,0.0000,17,6,0,3,0,9,0,0,0,0
45.20208,3,0,1,0,0,0,0,-1,0,0.0000,-1,6,0,3,0,9,0,0,0,0
45.21978,3,0,1,0,0,0,0,-1,0,0.0000,-1,6,0,3,0,9,0,0,0,0
45.24292,3,0,1,0,0,0,0,-1,0,0.0000,-1,6,0,3,0,9,0,0,0,0
45.26231,3,0,1,0,0,0,0,-1,0,0.0000,-1,6,0,3,0,9,0,0,0,0
45.28085,3,0,1,0,0,0,0,-1,0,0.0000,-1,6,0,3,0,9,0,0,0,0
45.30084,3,0,1,0,0,0,0,-1,0,0.0000,-1,6,0,3,0,9,0,0,0,0
45.32097,3,0,1,0,0,0,0,-1,0,0.0000,-1,6,0,3,0,9,0,0,0,0
45.36031,3,0,1,0,0,0,0,-1,0,0.0000,-1,6,0,3,0,9,0,0,0,0
45.37259,3,0,1,0,0,0,0,-1,0,0.0000,-1,6,0,3,0,9,0,0,0,0
45.38667,3,0,1,0,0,0,0,-1,0,0.0000,-1,6,0,3,0,9,0,0,0,0
45.40703,3,0,1,0,0,0,0,-1,0,0.0000,-1,6,0,3,0,9,0,0,0,0
45.42579,3,0,1,0,0,0,0,-1,0,0.0000,-1,6,0,3,0,9,0,0,0,0
45.44657,3,0,1,0,0,0,0,-1,0,0.0000,-1,6,0,3,0,9,0,0,0,0
45.46694,3,0,1,0,0,0,0,-1,0,0.0000,-1,6,0,3,0,9,0,0,0,0
45.48781,3,0,1,0,0,0,0,-1,0,0.0000,-1,6,0,3,0,9,0,0,0,0
45.50853,3,0,1,0,0,0,0,-1,0,0.0000,-1,6,0,3,0,9,0,0,0,0
45.53013,3,0,1,0,0,0,0,-1,0,0.0000,-1,6,0,3,0,9,0,0,0,0
45.56803,3,0,1,0,0,0,0,-1,0,0.0000,-1,6,0,3,0,9,0,0,0,0
45.57946,3,0,1,0,0,0,0,-1,0,0.0000,-1,6,0,3,0,9,0,0,0,0
45.59367,3,0,1,0,0,0,0,-1,0,0.0000,-1,6,0,3,0,9,0,0,0,0
45.61481,3,0,1,0,0,0,0,-1,0,0.0000,-1,6,0,3,0,9,0,0,0,0
45.6349,3,0,1,0,0,0,0,-1,0,0.0000,-1,6,0,3,0,9,0,0,0,0
45.65597,3,0,1,0,0,0,0,-1,0,0.0000,-1,6,0,3,0,9,0,0,0,0
45.6763,3,0,1,0,0,0,0,-1,0,0.0000,-1,6,0,3,0,9,0,0,0,0
45.6977,3,0,1,0,0,0,0,-1,0,0.0000,-1,6,0,3,0,9,0,0,0,0
45.71967,3,0,1,0,0,0,0,-1,0,0.0000,-1,6,0,3,0,9,0,0,0,0
45.74001,3,0,1,0,0,0,0,-1,0,0.0000,-1,6,0,3,0,9,0,0,0,0
45.76241,3,0,1,0,0,0,0,-1,0,0.0000,-1,6,0,3,0,9,0,0,0,0
45.78265,3,0,1,0,0,0,0,-1,0,0.0000,-1,6,0,3,0,9,0,0,0,0
45.80178,3,0,1,0,0,0,0,-1,0,0.0000,-1,6,0,3,0,9,0,0,0,0
45.82498,3,0,1,0,0,0,0,-1,0,0.0000,-1,6,0,3,0,9,0,0,0,0
45.84513,3,0,1,0,0,0,0,-1,0,0.0000,-1,6,0,3,0,9,0,0,0,0
45.86563,3,0,1,0,0,0,0,-1,0,0.0000,-1,6,0,3,0,9,0,0,0,0
45.88733,3,0,1,0,0,0,0,-1,0,0.0000,-1,6,0,3,0,9,0,0,0,0
45.90824,3,0,1,0,0,0,0,-1,0,0.0000,-1,6,0,3,0,9,0,0,0,0
45.92805,3,0,1,0,0,0,0,-1,0,0.0000,-1,6,0,3,0,9,0,0,0,0
45.95073,3,0,1,0,0,0,0,-1,0,0.0000,-1,6,0,3,0,9,0,0,0,0
45.98828,3,0,1,0,0,0,0,-1,0,0.0000,-1,6,0,3,0,9,0,0,0,0
46.00026,3,0,1,0,0,0,0,-1,0,0.0000,-1,6,0,3,0,9,0,0,0,0
46.01431,3,0,1,0,0,0,0,-1,0,0.0000,-1,6,0,3,0,9,0,0,0,0
46.03591,3,0,1,0,0,0,0,-1,0,0.0000,-1,6,0,3,0,9,0,0,0,0
46.05637,3,0,1,0,0,0,0,-1,0,0.0000,-1,6,0,3,0,9,0,0,0,0
46.07695,3,0,1,0,0,0,0,-1,0,0.0000,-1,6,0,3,0,9,0,0,0,0
46.09812,3,0,1,0,0,0,0,-1,0,0.0000,-1,6,0,3,0,9,0,0,0,0
46.11925,3,0,1,0,0,0,0,-1,0,0.0000,-1,6,0,3,0,9,0,0,0,0
46.13969,3,0,1,0,0,0,0,-1,0,0.0000,-1,6,0,3,0,9,0,0,0,0
46.16059,3,0,1,0,0,0,0,-1,0,0.0000,-1,6,0,3,0,9,0,0,0,0
46.19964,3,0,1,0,0,0,0,-1,0,0.0000,-1,6,0,3,0,9,0,0,0,0
46.21095,3,0,1,0,0,0,0,-1,0,0.0000,-1,6,0,3,0,9,0,0,0,0
46.22534,3,0,1,0,0,0,0,-1,0,0.0000,-1,6,0,3,0,9,0,0,0,0
46.24578,3,0,1,0,0,0,0,-1,0,0.0000,-1,6,0,3,0,9,0,0,0,0
46.26715,3,0,1,0,0,0,0,-1,0,0.0000,-1,6,0,3,0,9,0,0,0,0
46.28778,3,0,1,0,0,0,0,-1,0,0.0000,-1,6,0,3,0,9,0,0,0,0
46.30864,3,0,1,0,0,0,0,-1,0,0.0000,-1,6,0,3,0,9,0,0,0,0
46.33074,3,0,1,0,0,0,0,-1,0,0.0000,-1,6,0,3,0,9,0,0,0,0
46.35139,3,0,1,0,0,0,0,-1,0,0.0000,-1,6,0,3,0,9,0,0,0,0
46.37384,3,0,1,0,0,0,0,-1,0,0.0000,-1,6,0,3,0,9,0,0,0,0
46.39375,3,0,1,0,0,0,0,-1,0,0.0000,-1,6,0,3,0,9,0,0,0,0
46.41405,3,0,1,0,0,0,0,-1,0,0.0000,-1,6,0,3,0,9,0,0,0,0
46.4353,3,0,1,0,0,0,0,-1,1,1.0000,-1,6,0,3,0,9,0,0,0,0
46.45664,3,0,1,0,0,0,0,-1,0,1.0000,-1,6,0,3,0,9,0,0,0,0
46.47753,3,0,1,0,0,0,1,20,0,1.0000,-1,6,0,3,0,9,0,0,0,0
46.49756,3,0,1,0,0,0,1,20,0,1.0000,-1,6,0,3,0,9,0,0,0,0
46.51979,3,0,1,0,0,0,1,20,0,1.0000,-1,6,0,3,0,9,0,0,0,0
46.54184,3,0,1,0,0,0,1,20,1,2.0000,-1,6,0,3,0,9,0,0,0,0
46.56228,3,0,1,0,0,0,1,20,0,2.0000,-1,6,0,3,0,9,0,0,0,0
46.58434,3,0,1,0,0,0,1,20,0,2.0000,-1,6,0,3,0,9,0,0,0,0
46.62417,3,0,1,0,0,0,1,20,0,2.0000,-1,6,0,3,0,9,0,0,0,0
46.63649,3,0,1,0,0,0,1,20,0,2.0000,-1,6,0,3,0,9,0,0,0,0
46.65075,3,0,1,0,0,0,1,20,1,3.0000,-1,6,0,3,0,9,0,0,0,0
46.67232,3,0,1,0,0,0,1,20,0,3.0000,-1,6,0,3,0,9,0,0,0,0
46.69379,3,0,1,0,0,0,1,20,0,3.0000,-1,6,0,3,0,9,0,0,0,0
46.71489,3,0,1,0,0,0,1,22,0,3.0000,20,6,0,4,0,10,0,0,0,0
46.73689,3,0,1,0,0,0,1,22,0,3.0000,-1,6,0,4,0,10,0,0,0,0
46.7577,3,0,1,0,0,0,1,22,0,3.0000,-1,6,0,4,0,10,0,0,0,0
46.77972,3,0,1,0,0,0,1,22,1,4.0000,-1,6,0,4,0,10,0,0,0,0
46.79989,3,0,1,0,0,0,1,22,0,4.0000,-1,6,0,4,0,10,0,0,0,0
46.84108,3,0,1,0,0,0,1,22,0,4.0000,-1,6,0,4,0,10,0,0,0,0
46.85395,3,0,1,0,0,0,1,22,0,4.0000,-1,6,0,4,0,10,0,0,0,0
46.86713,3,0,1,0,0,0,1,22,0,4.0000,-1,6,0,4,0,10,0,0,0,0
46.88905,3,0,1,0,0,0,1,22,0,4.0000,-1,6,0,4,0,10,0,0,0,0
46.91104,3,0,1,0,0,0,1,22,0,4.0000,-1,6,0,4,0,10,0,0,0,0
46.93214,3,0,1,0,0,0,1,22,0,4.0000,-1,6,0,4,0,10,0,0,0,0
46.95311,3,0,1,0,0,0,1,22,0,4.0000,-1,6,0,4,0,10,0,0,0,0
46.97522,3,0,1,0,0,0,1,22,0,4.0000,-1,6,0,4,0,10,0,0,0,0
46.99547,3,0,1,0,0,0,1,22,0,4.0000,-1,6,0,4,0,10,0,0,0,0
47.01662,3,0,1,0,0,0,1,22,0,4.0000,-1,6,0,4,0,10,0,0,0,0
47.03876,3,0,1,0,0,0,1,22,0,4.0000,-1,6,0,4,0,10,0,0,0,0
47.05988,3,0,1,0,0,0,0,-1,0,4.0000,22,6,0,5,0,11,0,0,0,0
47.08078,3,0,1,0,0,0,0,-1,0,4.0000,-1,6,0,5,0,11,0,0,0,0
47.10293,3,0,1,0,0,0,0,-1,0,4.0000,-1,6,0,5,0,11,0,0,0,0
47.12321,3,0,1,0,0,0,0,-1,0,4.0000,-1,6,0,5,0,11,0,0,0,0
47.14488,3,0,1,0,0,0,0,-1,0,4.0000,-1,6,0,5,0,11,0,0,0,0
47.16677,3,0,1,0,0,0,0,-1,0,4.0000,-1,6,0,5,0,11,0,0,0,0
47.18774,3,0,1,0,0,0,0,-1,0,4.0000,-1,6,0,5,0,11,0,0,0,0
47.21027,3,0,1,0,0,0,0,-1,0,4.0000,-1,6,0,5,0,11,0,0,0,0
47.2314,3,0,1,0,0,0,0,-1,0,4.0000,-1,6,0,5,0,11,0,0,0,0
47.27167,3,0,1,0,0,0,0,-1,0,4.0000,-1,6,0,5,0,11,0,0,0,0
47.28272,3,0,1,0,0,0,0,-1,0,4.0000,-1,6,0,5,0,11,0,0,0,0
47.29825,3,0,1,0,0,0,0,-1,0,4.0000,-1,6,0,5,0,11,0,0,0,0
47.31982,3,0,1,0,0,0,0,-1,0,4.0000,-1,6,0,5,0,11,0,0,0,0
47.34148,3,0,1,0,0,0,0,-1,0,4.0000,-1,6,0,5,0,11,0,0,0,0
47.36335,3,0,1,0,0,0,0,-1,0,4.0000,-1,6,0,5,0,11,0,0,0,0
47.3843,3,0,1,0,0,0,0,-1,0,4.0000,-1,6,0,5,0,11,0,0,0,0
47.40632,3,0,1,0,0,0,0,-1,0,4.0000,-1,6,0,5,0,11,0,0,0,0
47.4275,3,0,1,0,0,0,0,-1,0,4.0000,-1,6,0,5,0,11,0,0,0,0
47.44845,3,0,1,0,0,0,0,-1,0,3.0000,-1,6,0,5,0,11,0,0,0,0
47.48943,3,0,1,0,0,0,0,-1,0,3.0000,-1,6,0,5,0,11,0,0,0,0
47.50103,3,0,1,0,0,0,0,-1,0,3.0000,-1,6,0,5,0,11,0,0,0,0
47.51598,3,0,1,0,0,0,0,-1,0,3.0000,-1,6,0,5,0,11,0,0,0,0
47.5382,3,0,1,0,0,0,0,-1,0,3.0000,-1,6,0,5,0,11,0,0,0,0
47.55883,3,0,1,0,0,0,0,-1,0,2.0000,-1,6,0,5,0,11,0,0,0,0
47.57997,3,0,1,0,0,0,0,-1,0,2.0000,-1,6,0,5,0,11,0,0,0,0
47.60124,3,0,1,0,0,0,0,-1,0,2.0000,-1,6,0,5,0,11,0,0,0,0
47.6222,3,0,1,0,0,0,0,-1,0,2.0000,-1,6,0,5,0,11,0,0,0,0
47.64449,3,0,1,0,0,0,0,-1,0,2.0000,-1,6,0,5,0,11,0,0,0,0
47.66606,3,0,1,0,0,0,0,-1,1,2.0000,-1,6,0,5,0,11,0,0,0,0
47.70579,3,0,1,0,0,0,0,-1,0,2.0000,-1,6,0,5,0,11,0,0,0,0
47.71735,3,0,1,0,0,0,0,-1,0,2.0000,-1,6,0,5,0,11,0,0,0,0
47.73281,3,0,1,0,0,0,1,23,0,2.0000,-1,6,0,5,0,11,0,0,0,0
47.75417,3,0,1,0,0,0,1,23,0,2.0000,-1,6,0,5,0,11,0,0,0,0
47.77656,3,0,1,0,0,0,1,23,0,2.0000,-1,6,0,5,0,11,0,0,0,0
47.7984,3,0,1,0,0,0,1,23,0,1.0000,-1,6,0,5,0,11,0,0,0,0
47.82052,3,0,1,0,0,0,1,23,0,1.0000,-1,6,0,5,0,11,0,0,0,0
47.84191,3,0,1,0,0,0,1,23,0,1.0000,-1,6,0,5,0,11,0,0,0,0
47.86398,3,0,1,0,0,0,1,23,0,1.0000,-1,6,0,5,0,11,0,0,0,0
47.88531,3,0,1,0,0,0,1,23,0,1.0000,-1,6,0,5,0,11,0,0,0,0
47.92562,3,0,1,0,0,0,1,23,0,1.0000,-1,6,0,5,0,11,0,0,0,0
47.93616,3,0,1,0,0,0,1,23,0,1.0000,-1,6,0,5,0,11,0,0,0,0
47.95086,3,0,1,0,0,0,1,23,0,1.0000,-1,6,0,5,0,11,0,0,0,0
47.97216,3,0,1,0,0,0,1,23,0,1.0000,-1,6,0,5,0,11,0,0,0,0
47.99345,3,0,1,0,0,0,1,23,0,1.0000,-1,6,0,5,0,11,0,0,0,0
48.01402,3,0,1,0,0,0,0,-1,0,1.0000,23,6,0,6,0,12,0,0,0,0
48.03547,3,0,1,0,0,0,0,-1,0,1.0000,-1,6,0,6,0,12,0,0,0,0
48.05656,3,0,1,0,0,0,0,-1,0,1.0000,-1,6,0,6,0,12,0,0,0,0
48.07752,3,0,1,0,0,0,0,-1,0,1.0000,-1,6,0,6,0,12,0,0,0,0
48.0988,3,0,1,0,0,0,0,-1,0,1.0000,-1,6,0,6,0,12,0,0,0,0
48.13921,3,0,1,0,0,0,0,-1,0,1.0000,-1,6,0,6,0,12,0,0,0,0
48.15022,3,0,1,0,0,0,0,-1,0,1.0000,-1,6,0,6,0,12,0,0,0,0
48.16513,3,0,1,0,0,0,0,-1,0,1.0000,-1,6,0,6,0,12,0,0,0,0
48.18715,3,0,1,0,0,0,0,-1,0,1.0000,-1,6,0,6,0,12,0,0,0,0
48.20868,3,0,1,0,0,0,0,-1,0,1.0000,-1,6,0,6,0,12,0,0,0,0
48.22984,3,0,1,0,0,0,0,-1,1,2.0000,-1,6,0,6,0,12,0,0,0,0
48.2506,3,0,1,0,0,0,0,-1,0,2.0000,-1,6,0,6,0,12,0,0,0,0
48.27214,3,0,1,0,0,0,0,-1,0,2.0000,-1,6,0,6,0,12,0,0,0,0
48.29325,3,0,1,0,0,0,0,-1,0,2.0000,-1,6,0,6,0,12,0,0,0,0
48.31281,3,0,1,0,0,0,0,-1,0,2.0000,-1,6,0,6,0,12,0,0,0,0
48.33426,3,0,1,0,0,0,0,-1,0,2.0000,-1,6,0,6,0,12,0,0,0,0
48.35509,3,0,1,0,0,0,0,-1,0,2.0000,-1,6,0,6,0,12,0,0,0,0
48.37571,3,0,1,0,0,0,0,-1,0,2.0000,-1,6,0,6,0,12,0,0,0,0
48.39705,3,0,1,0,0,0,0,-1,0,2.0000,-1,6,0,6,0,12,0,0,0,0
48.41769,3,0,1,0,0,0,0,-1,0,2.0000,-1,6,0,6,0,12,0,0,0,0
48.43853,3,0,1,0,0,0,0,-1,0,2.0000,-1,6,0,6,0,12,0,0,0,0
48.4594,3,0,1,0,0,0,0,-1,0,2.0000,-1,6,0,6,0,12,0,0,0,0
48.48026,3,0,1,0,0,0,0,-1,0,2.0000,-1,6,0,6,0,12,0,0,0,0
48.50123,3,0,1,0,0,0,0,-1,1,3.0000,-1,6,0,6,0,12,0,0,0,0
48.52206,3,0,1,0,0,0,0,-1,0,3.0000,-1,6,0,6,0,12,0,0,0,0
48.54336,3,0,1,0,0,0,0,-1,0,3.0000,-1,6,0,6,0,12,0,0,0,0
48.56477,3,0,1,0,0,0,0,-1,0,3.0000,-1,6,0,6,0,12,0,0,0,0
48.58568,3,0,1,0,0,0,0,-1,0,3.0000,-1,6,0,6,0,12,0,0,0,0
48.60677,3,0,1,0,0,0,0,-1,0,3.0000,-1,6,0,6,0,12,0,0,0,0
48.62746,3,0,1,0,0,0,0,-1,0,3.0000,-1,6,0,6,0,12,0,0,0,0
48.64803,3,0,1,0,0,0,0,-1,0,3.0000,-1,6,0,6,0,12,0,0,0,0
48.6694,3,0,1,0,0,0,0,-1,0,2.0000,-1,6,0,6,0,12,0,0,0,0
48.69019,3,0,1,0,0,0,0,-1,0,2.0000,-1,6,0,6,0,12,0,0,0,0
48.71114,3,0,1,0,0,0,0,-1,0,2.0000,-1,6,0,6,0,12,0,0,0,0
48.73259,3,0,1,0,0,0,0,-1,0,2.0000,-1,6,0,6,0,12,0,0,0,0
48.75367,3,0,1,0,0,0,0,-1,0,2.0000,-1,6,0,6,0,12,0,0,0,0
48.77546,3,0,1,0,0,0,0,-1,0,2.0000,-1,6,0,6,0,12,0,0,0,0
48.79695,3,0,1,0,0,0,0,-1,0,2.0000,-1,6,0,6,0,12,0,0,0,0
48.81826,3,0,1,0,0,0,0,-1,0,2.0000,-1,6,0,6,0,12,0,0,0,0
48.83939,3,0,1,0,0,0,0,-1,1,3.0000,-1,6,0,6,0,12,0,0,0,0
48.86153,3,0,1,0,0,0,0,-1,0,3.0000,-1,6,0,6,0,12,0,0,0,0
48.88207,3,0,1,0,0,0,0,-1,0,3.0000,-1,6,0,6,0,12,0,0,0,0
48.90353,3,0,1,0,0,0,0,-1,0,3.0000,-1,6,0,6,0,12,0,0,0,0
48.92401,3,0,1,0,0,0,0,-1,0,3.0000,-1,6,0,6,0,12,0,0,0,0
48.94596,3,0,1,0,0,0,0,-1,0,3.0000,-1,6,0,6,0,12,0,0,0,0
48.96671,3,0,1,0,0,0,0,-1,0,3.0000,-1,6,0,6,0,12,0,0,0,0
48.98777,3,0,1,0,0,0,0,-1,0,3.0000,-1,6,0,6,0,12,0,0,0,0
49.00963,3,0,1,0,0,0,0,-1,0,3.0000,-1,6,0,6,0,12,0,0,0,0
49.03133,3,0,1,0,0,0,0,-1,0,3.0000,-1,6,0,6,0,12,0,0,0,0
49.05169,3,0,1,0,0,0,0,-1,0,3.0000,-1,6,0,6,0,12,0,0,0,0
49.07305,3,0,1,0,0,0,0,-1,0,3.0000,-1,6,0,6,0,12,0,0,0,0
49.09394,3,0,1,0,0,0,0,-1,0,3.0000,-1,6,0,6,0,12,0,0,0,0
49.11393,3,0,1,0,0,0,0,-1,0,3.0000,-1,6,0,6,0,12,0,0,0,0
49.13594,3,0,1,0,0,0,0,-1,0,3.0000,-1,6,0,6,0,12,0,0,0,0
49.15646,3,0,1,0,0,0,0,-1,0,3.0000,-1,6,0,6,0,12,0,0,0,0
49.1965,3,0,1,0,0,0,0,-1,0,3.0000,-1,6,0,6,0,12,0,0,0,0
49.20749,3,0,1,0,0,0,0,-1,0,3.0000,-1,6,0,6,0,12,0,0,0,0
49.22147,3,0,1,0,0,0,0,-1,0,3.0000,-1,6,0,6,0,12,0,0,0,0
49.24295,3,0,1,0,0,0,0,-1,0,2.0000,-1,6,0,6,0,12,0,0,0,0
49.26464,3,0,1,0,0,0,0,-1,0,2.0000,-1,6,0,6,0,12,0,0,0,0
49.28584,3,0,1,0,0,0,0,-1,0,2.0000,-1,6,0,6,0,12,0,0,0,0
49.30716,3,0,1,0,0,0,0,-1,0,2.0000,-1,6,0,6,0,12,0,0,0,0
49.32829,3,0,1,0,0,0,0,-1,0,2.0000,-1,6,0,6,0,12,0,0,0,0
49.35027,3,0,1,0,0,0,0,-1,0,2.0000,-1,6,0,6,0,12,0,0,0,0
49.37184,3,0,1,0,0,0,0,-1,0,2.0000,-1,6,0,6,0,12,0,0,0,0
49.39242,3,0,1,0,0,0,0,-1,0,2.0000,-1,6,0,6,0,12,0,0,0,0
49.41394,3,0,1,0,0,0,0,-1,0,2.0000,-1,6,0,6,0,12,0,0,0,0
49.43528,3,0,1,0,0,0,0,-1,0,2.0000,-1,6,0,6,0,12,0,0,0,0
49.45667,3,0,1,0,0,0,0,-1,0,2.0000,-1,6,0,6,0,12,0,0,0,0
49.47789,3,0,1,0,0,0,0,-1,0,2.0000,-1,6,0,6,0,12,0,0,0,0
49.50031,3,0,1,0,0,0,0,-1,0,2.0000,-1,6,0,6,0,12,0,0,0,0
49.52156,3,0,1,0,0,0,0,-1,0,1.0000,-1,6,0,6,0,12,0,0,0,0
49.54377,3,0,1,0,0,0,0,-1,0,1.0000,-1,6,0,6,0,12,0,0,0,0
49.56553,3,0,1,0,0,0,0,-1,0,1.0000,-1,6,0,6,0,12,0,0,0,0
49.58729,3,0,1,0,0,0,0,-1,0,1.0000,-1,6,0,6,0,12,0,0,0,0
49.62672,3,0,1,0,0,0,0,-1,0,1.0000,-1,6,0,6,0,12,0,0,0,0
49.63836,3,0,1,0,0,0,0,-1,0,1.0000,-1,6,0,6,0,12,0,0,0,0
49.65441,3,0,1,0,0,0,0,-1,0,1.0000,-1,6,0,6,0,12,0,0,0,0
49.67631,3,0,1,0,0,0,0,-1,0,1.0000,-1,6,0,6,0,12,0,0,0,0
49.69841,3,0,1,0,0,0,0,-1,0,1.0000,-1,6,0,6,0,12,0,0,0,0
49.71961,3,0,1,0,0,0,0,-1,0,1.0000,-1,6,0,6,0,12,0,0,0,0
49.74152,3,0,1,0,0,0,0,-1,0,1.0000,-1,6,0,6,0,12,0,0,0,0
49.76331,3,0,1,0,0,0,0,-1,0,1.0000,-1,6,0,6,0,12,0,0,0,0
49.78505,3,0,1,0,0,0,0,-1,0,1.0000,-1,6,0,6,0,12,0,0,0,0
49.806,3,0,1,0,0,0,0,-1,0,1.0000,-1,6,0,6,0,12,0,0,0,0
49.82761,3,0,1,0,0,0,0,-1,0,1.0000,-1,6,0,6,0,12,0,0,0,0
49.84922,3,0,1,0,0,0,0,-1,0,0.0000,-1,6,0,6,0,12,0,0,0,0
49.87082,3,0,1,0,0,0,0,-1,0,0.0000,-1,6,0,6,0,12,0,0,0,0
49.89263,3,0,1,0,0,0,0,-1,0,0.0000,-1,6,0,6,0,12,0,0,0,0
49.91362,3,0,1,0,0,0,0,-1,0,0.0000,-1,6,0,6,0,12,0,0,0,0
49.9348,3,0,1,0,0,0,0,-1,0,0.0000,-1,6,0,6,0,12,0,0,0,0
49.95668,3,0,1,0,0,0,0,-1,0,0.0000,-1,6,0,6,0,12,0,0,0,0
49.97773,3,0,1,0,0,0,0,-1,0,0.0000,-1,6,0,6,0,12,0,0,0,0
49.99926,3,0,1,0,0,0,0,-1,0,0.0000,-1,6,0,6,0,12,0,0,0,0
50.02075,3,0,1,0,0,0,0,-1,1,1.0000,-1,6,0,6,0,12,0,0,0,0
50.04289,3,0,1,0,0,0,0,-1,0,1.0000,-1,6,0,6,0,12,0,0,0,0
50.06423,3,0,1,0,0,0,0,-1,0,1.0000,-1,6,0,6,0,12,0,0,0,0
50.08586,3,0,1,0,0,0,0,-1,0,1.0000,-1,6,0,6,0,12,0,0,0,0
50.10813,3,0,1,0,0,0,0,-1,0,1.0000,-1,6,0,6,0,12,0,0,0,0
50.12852,3,0,1,0,0,0,0,-1,0,1.0000,-1,6,0,6,0,12,0,0,0,0
50.14957,3,0,1,0,0,0,0,-1,0,1.0000,-1,6,0,6,0,12,0,0,0,0
50.17104,3,0,1,0,0,0,0,-1,0,1.0000,-1,6,0,6,0,12,0,0,0,0
50.19223,3,0,1,1,0,0,0,-1,0,1.0000,-1,6,0,6,0,12,0,0,0,0
50.21528,3,0,1,1,0,0,0,-1,0,1.0000,-1,6,0,6,0,12,0,0,0,0
50.23608,3,0,1,1,0,0,0,-1,0,1.0000,-1,6,0,6,0,12,0,0,0,0
50.27653,3,0,1,1,0,0,0,-1,0,1.0000,-1,6,0,6,0,12,0,0,0,0
50.28801,3,0,1,1,0,0,0,-1,0,1.0000,-1,6,0,6,0,12,0,0,0,0
50.30388,3,0,1,1,0,0,0,-1,0,1.0000,-1,6,0,6,0,12,0,0,0,0
50.32587,3,0,1,1,0,0,0,-1,0,1.0000,-1,6,0,6,0,12,0,0,0,0
50.34721,3,0,1,1,0,0,0,-1,0,1.0000,-1,6,0,6,0,12,0,0,0,0
50.36887,3,0,1,1,0,0,0,-1,0,1.0000,-1,6,0,6,0,12,0,0,0,0
50.38984,3,0,1,1,0,0,0,-1,0,1.0000,-1,6,0,6,0,12,0,0,0,0
50.41153,3,0,1,1,0,0,0,-1,0,1.0000,-1,6,0,6,0,12,0,0,0,0
50.4329,3,0,1,1,0,0,0,-1,1,2.0000,-1,6,0,6,0,12,0,0,0,0
50.45363,3,0,1,1,0,0,0,-1,0,2.0000,-1,6,0,6,0,12,0,0,0,0
50.49221,3,0,1,1,0,0,0,-1,0,2.0000,-1,6,0,6,0,12,0,0,0,0
50.50299,3,0,1,1,0,0,0,-1,0,2.0000,-1,6,0,6,0,12,0,0,0,0
50.51986,3,0,1,1,0,0,0,-1,0,2.0000,-1,6,0,6,0,12,0,0,0,0
50.5416,3,0,1,1,0,0,0,-1,0,2.0000,-1,6,0,6,0,12,0,0,0,0
50.56339,3,0,1,1,0,0,0,-1,0,2.0000,-1,6,0,6,0,12,0,0,0,0
50.58453,3,0,1,1,0,0,0,-1,0,2.0000,-1,6,0,6,0,12,0,0,0,0
50.60588,3,0,1,1,0,0,0,-1,0,2.0000,-1,6,0,6,0,12,0,0,0,0
50.62691,3,0,1,1,0,0,0,-1,0,2.0000,-1,6,0,6,0,12,0,0,0,0
50.64907,3,0,1,1,0,0,0,-1,0,2.0000,-1,6,0,6,0,12,0,0,0,0
50.66992,3,0,1,1,0,0,0,-1,0,2.0000,-1,6,0,6,0,12,0,0,0,0
50.71026,3,0,1,1,0,0,0,-1,0,2.0000,-1,6,0,6,0,12,0,0,0,0
50.72177,3,0,1,1,0,0,0,-1,0,2.0000,-1,6,0,6,0,12,0,0,0,0
50.73721,3,0,1,1,0,0,0,-1,0,2.0000,-1,6,0,6,0,12,0,0,0,0
50.75857,3,0,1,1,0,0,0,-1,0,2.0000,-1,6,0,6,0,12,0,0,0,0
50.77954,3,0,1,1,0,0,0,-1,0,2.0000,-1,6,0,6,0,12,0,0,0,0
50.80059,3,0,1,1,0,0,0,-1,0,2.0000,-1,6,0,6,0,12,0,0,0,0
50.82162,3,0,1,1,0,0,0,-1,0,2.0000,-1,6,0,6,0,12,0,0,0,0
50.84483,3,0,1,1,0,0,0,-1,1,3.0000,-1,6,0,6,0,12,0,0,0,0
50.8656,3,0,1,1,0,0,0,-1,0,3.0000,-1,6,0,6,0,12,0,0,0,0
50.88688,3,0,1,1,0,0,1,29,0,3.0000,-1,6,0,6,0,12,0,0,0,0
50.90823,3,0,1,1,1,0,1,29,0,3.0000,-1,6,0,6,0,12,0,0,0,0
50.92936,3,0,1,1,1,0,1,29,0,3.0000,-1,6,0,6,0,12,0,0,0,0
50.95037,3,0,1,1,1,0,1,29,0,3.0000,-1,6,0,6,0,12,0,0,0,0
50.97321,3,0,1,1,1,0,1,29,0,3.0000,-1,6,0,6,0,12,0,0,0,0
50.99386,3,0,1,1,1,0,1,29,0,3.0000,-1,6,0,6,0,12,0,0,0,0
51.01444,3,0,1,1,1,0,1,29,1,4.0000,-1,6,0,6,0,12,0,0,0,0
51.03545,3,0,1,0,1,0,1,29,0,3.0000,-1,6,0,6,0,12,0,0,0,0
51.05801,3,0,1,0,1,0,1,29,0,3.0000,-1,6,0,6,0,12,0,0,0,0
51.07869,3,0,1,0,1,0,1,29,0,3.0000,-1,6,0,6,0,12,0,0,0,0
51.10126,3,0,1,0,1,0,1,29,0,3.0000,-1,6,0,6,0,12,0,0,0,0
51.14158,3,0,1,0,1,0,1,29,0,3.0000,-1,6,0,6,0,12,0,0,0,0
51.15386,3,0,1,0,1,0,1,29,0,3.0000,-1,6,0,6,0,12,0,0,0,0
51.16796,3,0,1,0,1,0,1,29,0,3.0000,-1,6,0,6,0,12,0,0,0,0
51.18995,3,0,1,0,1,0,1,29,0,3.0000,-1,6,0,6,0,12,0,0,0,0
51.21201,3,0,1,0,1,0,1,29,0,3.0000,-1,6,0,6,0,12,0,0,0,0
51.23417,3,0,1,0,1,0,1,29,0,3.0000,-1,6,0,6,0,12,0,0,0,0
51.2553,3,0,1,0,1,0,1,29,0,3.0000,-1,6,0,6,0,12,0,0,0,0
51.27776,3,0,1,0,1,0,1,29,0,3.0000,-1,6,0,6,0,12,0,0,0,0
51.29962,3,0,1,0,1,0,1,29,0,3.0000,-1,6,0,6,0,12,0,0,0,0
51.32193,3,0,1,0,1,0,1,29,0,3.0000,-1,6,0,6,0,12,0,0,0,0
51.34407,3,0,1,0,1,0,1,29,0,3.0000,-1,6,0,6,0,12,0,0,0,0
51.36497,3,0,1,0,1,0,1,29,0,3.0000,-1,6,0,6,0,12,0,0,0,0
51.38925,3,0,1,0,1,0,1,29,0,3.0000,-1,6,0,6,0,12,0,0,0,0
51.41049,3,0,1,0,1,0,0,-1,0,3.0000,29,6,0,7,0,13,0,0,0,0
51.43176,3,0,1,0,1,0,0,-1,0,3.0000,-1,6,0,7,0,13,0,0,0,0
51.45423,3,0,1,0,1,0,0,-1,0,2.0000,-1,6,0,7,0,13,0,0,0,0
51.47656,3,0,1,0,1,0,0,-1,1,3.0000,-1,6,0,7,0,13,0,0,0,0
51.49807,3,0,1,0,1,0,0,-1,0,3.0000,-1,6,0,7,0,13,0,0,0,0
51.51991,3,0,1,0,1,0,0,-1,0,3.0000,-1,6,0,7,0,13,0,0,0,0
51.54258,3,0,1,0,1,0,0,-1,0,3.0000,-1,6,0,7,0,13,0,0,0,0
51.58376,3,0,1,0,1,0,0,-1,0,3.0000,-1,6,0,7,0,13,0,0,0,0
51.596,3,0,1,0,1,0,0,-1,0,3.0000,-1,6,0,7,0,13,0,0,0,0
51.61034,3,0,1,0,1,0,0,-1,0,3.0000,-1,6,0,7,0,13,0,0,0,0
51.63191,3,0,1,0,1,0,0,-1,0,3.0000,-1,6,0,7,0,13,0,0,0,0
51.65376,3,0,1,0,1,0,0,-1,0,3.0000,-1,6,0,7,0,13,0,0,0,0
51.67537,3,0,1,0,1,0,0,-1,0,3.0000,-1,6,0,7,0,13,0,0,0,0
51.69743,3,0,1,0,1,0,0,-1,0,3.0000,-1,6,0,7,0,13,0,0,0,0
51.71923,3,0,1,0,1,0,0,-1,0,3.0000,-1,6,0,7,0,13,0,0,0,0
51.74162,3,0,1,0,1,0,0,-1,0,3.0000,-1,6,0,7,0,13,0,0,0,0
51.7621,3,0,1,0,1,0,0,-1,0,3.0000,-1,6,0,7,0,13,0,0,0,0
51.78359,3,0,1,0,1,0,0,-1,0,3.0000,-1,6,0,7,0,13,0,0,0,0
51.80473,3,0,1,0,1,0,0,-1,0,3.0000,-1,6,0,7,0,13,0,0,0,0
51.82595,3,0,1,0,1,0,0,-1,0,3.0000,-1,6,0,7,0,13,0,0,0,0
51.84813,3,0,1,0,1,0,0,-1,0,2.0000,-1,6,0,7,0,13,0,0,0,0
51.86839,3,0,1,0,1,0,0,-1,0,2.0000,-1,6,0,7,0,13,0,0,0,0
51.88988,3,0,1,0,1,0,0,-1,0,2.0000,-1,6,0,7,0,13,0,0,0,0
51.9126,3,0,1,0,1,0,0,-1,0,2.0000,-1,6,0,7,0,13,0,0,0,0
51.93254,3,0,1,0,1,0,0,-1,0,2.0000,-1,6,0,7,0,13,0,0,0,0
51.95427,3,0,1,0,1,0,0,-1,0,2.0000,-1,6,0,7,0,13,0,0,0,0
51.97646,3,0,1,0,1,0,0,-1,0,2.0000,-1,6,0,7,0,13,0,0,0,0
52.01676,3,0,1,0,1,0,0,-1,0,1.0000,-1,6,0,7,0,13,0,0,0,0
52.02873,3,0,1,0,1,0,0,-1,0,1.0000,-1,6,0,7,0,13,0,0,0,0
52.04292,3,0,1,0,1,0,0,-1,0,1.0000,-1,6,0,7,0,13,0,0,0,0
52.06515,3,0,1,0,1,0,0,-1,0,1.0000,-1,6,0,7,0,13,0,0,0,0
52.08714,3,0,1,0,1,0,0,-1,0,1.0000,-1,6,0,7,0,13,0,0,0,0
52.10948,3,0,1,0,1,0,0,-1,0,1.0000,-1,6,0,7,0,13,0,0,0,0
52.13218,3,0,1,0,1,0,0,-1,0,1.0000,-1,6,0,7,0,13,0,0,0,0
52.15339,3,0,1,0,1,0,0,-1,0,1.0000,-1,6,0,7,0,13,0,0,0,0
52.17517,3,0,1,0,1,0,0,-1,0,1.0000,-1,6,0,7,0,13,0,0,0,0
52.19638,3,0,1,0,1,0,0,-1,0,1.0000,-1,6,0,7,0,13,0,0,0,0
52.21722,3,0,1,0,1,0,0,-1,0,1.0000,-1,6,0,7,0,13,0,0,0,0
52.23861,3,0,1,0,1,0,0,-1,0,1.0000,-1,6,0,7,0,13,0,0,0,0
52.25972,3,0,1,0,1,0,0,-1,0,1.0000,-1,6,0,7,0,13,0,0,0,0
52.28113,3,0,1,0,1,0,0,-1,0,1.0000,-1,6,0,7,0,13,0,0,0,0
52.30198,3,0,1,0,1,0,0,-1,0,1.0000,-1,6,0,7,0,13,0,0,0,0
52.32392,3,0,1,0,1,0,0,-1,0,1.0000,-1,6,0,7,0,13,0,0,0,0
52.3454,3,0,1,0,1,0,0,-1,0,1.0000,-1,6,0,7,0,13,0,0,0,0
52.36618,3,0,1,0,1,0,0,-1,0,1.0000,-1,6,0,7,0,13,0,0,0,0
52.38732,3,0,1,0,1,0,0,-1,0,1.0000,-1,6,0,7,0,13,0,0,0,0
52.40866,3,0,1,0,1,0,0,-1,0,1.0000,-1,6,0,7,0,13,0,0,0,0
52.44952,3,0,1,0,1,0,0,-1,0,1.0000,-1,6,0,7,0,13,0,0,0,0
52.46148,3,0,1,0,1,0,0,-1,0,1.0000,-1,6,0,7,0,13,0,0,0,0
52.47643,3,0,1,0,1,0,0,-1,0,1.0000,-1,6,0,7,0,13,0,0,0,0
52.49978,3,0,1,0,1,0,0,-1,0,0.0000,-1,6,0,7,0,13,0,0,0,0
52.52025,3,0,1,0,1,0,0,-1,0,0.0000,-1,6,0,7,0,13,0,0,0,0
52.54165,3,0,1,0,1,0,0,-1,0,0.0000,-1,6,0,7,0,13,0,0,0,0
52.56319,3,0,1,0,1,0,0,-1,0,0.0000,-1,6,0,7,0,13,0,0,0,0
52.58572,3,0,1,0,1,0,0,-1,0,0.0000,-1,6,0,7,0,13,0,0,0,0
52.60585,3,0,1,0,1,0,0,-1,0,0.0000,-1,6,0,7,0,13,0,0,0,0
52.62764,3,0,1,0,1,0,0,-1,1,1.0000,-1,6,0,7,0,13,0,0,0,0
52.66818,3,0,1,0,1,0,0,-1,0,1.0000,-1,6,0,7,0,13,0,0,0,0
52.6834,3,0,1,0,1,0,0,-1,0,1.0000,-1,6,0,7,0,13,0,0,0,0
52.69618,3,0,1,0,1,0,0,-1,0,1.0000,-1,6,0,7,0,13,0,0,0,0
52.71661,3,0,1,0,1,0,0,-1,0,1.0000,-1,6,0,7,0,13,0,0,0,0
52.7383,3,0,1,0,1,0,0,-1,0,1.0000,-1,6,0,7,0,13,0,0,0,0
52.75991,3,0,1,0,1,0,0,-1,0,1.0000,-1,6,0,7,0,13,0,0,0,0
52.78193,3,0,1,0,1,0,0,-1,1,2.0000,-1,6,0,7,0,13,0,0,0,0
52.80274,3,0,1,0,1,0,0,-1,0,2.0000,-1,6,0,7,0,13,0,0,0,0
52.82472,3,0,1,0,1,0,0,-1,0,2.0000,-1,6,0,7,0,13,0,0,0,0
52.84557,3,0,1,0,1,0,0,-1,0,2.0000,-1,6,0,7,0,13,0,0,0,0
52.88697,3,0,1,0,1,0,0,-1,0,2.0000,-1,6,0,7,0,13,0,0,0,0
52.89896,3,0,1,0,1,0,0,-1,0,2.0000,-1,6,0,7,0,13,0,0,0,0
52.91257,3,0,1,0,1,0,0,-1,0,2.0000,-1,6,0,7,0,13,0,0,0,0
52.93535,3,0,1,0,1,0,0,-1,0,2.0000,-1,6,0,7,0,13,0,0,0,0
52.95652,3,0,1,0,1,0,0,-1,0,2.0000,-1,6,0,7,0,13,0,0,0,0
52.97834,3,0,1,0,0,0,0,-1,0,2.0000,-1,6,0,7,0,13,0,0,0,0
52.9995,3,0,1,0,0,0,0,-1,1,3.0000,-1,6,0,7,0,13,0,0,0,0
53.02164,3,0,1,0,0,0,0,-1,0,3.0000,-1,6,0,7,0,13,0,0,0,0
53.04364,3,0,1,0,0,0,0,-1,0,3.0000,-1,6,0,7,0,13,0,0,0,0
53.06494,3,0,1,0,0,0,0,-1,0,3.0000,-1,6,0,7,0,13,0,0,0,0
53.10529,3,0,1,0,0,0,0,-1,0,3.0000,-1,6,0,7,0,13,0,0,0,0
53.11755,3,0,1,0,0,0,0,-1,0,3.0000,-1,6,0,7,0,13,0,0,0,0
53.13251,3,0,1,0,0,0,0,-1,0,3.0000,-1,6,0,7,0,13,0,0,0,0
53.1548,3,0,1,0,0,0,0,-1,0,3.0000,-1,6,0,7,0,13,0,0,0,0
53.1763,3,0,1,0,0,0,0,-1,0,3.0000,-1,6,0,7,0,13,0,0,0,0
53.19756,3,0,1,0,0,0,0,-1,0,3.0000,-1,6,0,7,0,13,0,0,0,0
53.21902,3,0,1,0,0,0,0,-1,0,3.0000,-1,6,0,7,0,13,0,0,0,0
53.24051,3,0,1,0,0,0,0,-1,0,3.0000,-1,6,0,7,0,13,0,0,0,0
53.26197,3,0,1,0,0,0,0,-1,0,3.0000,-1,6,0,7,0,13,0,0,0,0
53.28423,3,0,1,0,0,0,0,-1,0,3.0000,-1,6,0,7,0,13,0,0,0,0
53.32283,3,0,1,0,0,0,0,-1,0,3.0000,-1,6,0,7,0,13,0,0,0,0
53.33419,3,0,1,0,0,0,0,-1,1,4.0000,-1,6,0,7,0,13,0,0,0,0
53.34946,3,0,1,0,0,0,0,-1,0,4.0000,-1,6,0,7,0,13,0,0,0,0
53.37057,3,0,1,0,0,0,0,-1,0,4.0000,-1,6,0,7,0,13,0,0,0,0
53.39223,3,0,1,0,0,0,0,-1,0,4.0000,-1,6,0,7,0,13,0,0,0,0
53.41256,3,0,1,0,0,0,0,-1,0,4.0000,-1,6,0,7,0,13,0,0,0,0
53.43375,3,0,1,0,0,0,0,-1,0,4.0000,-1,6,0,7,0,13,0,0,0,0
53.45585,3,0,1,0,0,0,0,-1,0,4.0000,-1,6,0,7,0,13,0,0,0,0
53.47711,3,0,1,0,0,0,0,-1,0,4.0000,-1,6,0,7,0,13,0,0,0,0
53.49856,3,0,1,0,0,0,0,-1,1,5.0000,-1,6,0,7,0,13,0,0,0,0
53.5195,3,0,1,0,0,0,0,-1,0,5.0000,-1,6,0,7,0,13,0,0,0,0
53.53953,3,0,1,0,0,0,0,-1,0,5.0000,-1,6,0,7,0,13,0,0,0,0
53.56053,3,0,1,0,0,0,0,-1,0,5.0000,-1,6,0,7,0,13,0,0,0,0
53.58268,3,0,1,0,0,0,0,-1,1,6.0000,-1,6,0,7,0,13,0,0,0,0
53.60213,3,0,1,0,0,0,0,-1,0,6.0000,-1,6,0,7,0,13,0,0,0,0
53.62407,3,0,1,0,0,0,0,-1,0,6.0000,-1,6,0,7,0,13,0,0,0,0
53.6443,3,0,1,0,0,0,0,-1,0,5.0000,-1,6,0,7,0,13,0,0,0,0
53.66544,3,0,1,0,0,0,0,-1,0,5.0000,-1,6,0,7,0,13,0,0,0,0
53.6866,3,0,1,0,0,0,0,-1,0,5.0000,-1,6,0,7,0,13,0,0,0,0
53.70768,3,0,1,0,0,0,0,-1,0,5.0000,-1,6,0,7,0,13,0,0,0,0
53.72845,3,0,1,0,0,0,0,-1,0,5.0000,-1,6,0,7,0,13,0,0,0,0
53.74857,3,0,1,0,0,0,0,-1,0,5.0000,-1,6,0,7,0,13,0,0,0,0
53.76852,3,0,1,0,0,0,0,-1,0,5.0000,-1,6,0,7,0,13,0,0,0,0
53.78945,3,0,1,0,0,0,0,-1,0,4.0000,-1,6,0,7,0,13,0,0,0,0
53.81049,3,0,1,0,0,0,0,-1,0,4.0000,-1,6,0,7,0,13,0,0,0,0
53.83203,3,0,1,0,0,0,0,-1,0,4.0000,-1,6,0,7,0,13,0,0,0,0
53.85321,3,0,1,0,0,0,0,-1,0,4.0000,-1,6,0,7,0,13,0,0,0,0
53.87289,3,0,1,0,0,0,0,-1,0,4.0000,-1,6,0,7,0,13,0,0,0,0
53.89375,3,0,1,0,0,0,0,-1,0,4.0000,-1,6,0,7,0,13,0,0,0,0
53.91395,3,0,1,0,0,0,0,-1,0,4.0000,-1,6,0,7,0,13,0,0,0,0
53.95448,3,0,1,0,0,0,0,-1,0,4.0000,-1,6,0,7,0,13,0,0,0,0
53.96649,3,0,1,0,0,0,0,-1,0,4.0000,-1,6,0,7,0,13,0,0,0,0
53.9797,3,0,1,0,0,0,0,-1,0,4.0000,-1,6,0,7,0,13,0,0,0,0
54.00185,3,0,1,0,0,0,0,-1,0,3.0000,-1,6,0,7,0,13,0,0,0,0
54.0227,3,0,1,0,0,0,0,-1,0,3.0000,-1,6,0,7,0,13,0,0,0,0
54.04313,3,0,1,0,0,0,0,-1,0,3.0000,-1,6,0,7,0,13,0,0,0,0
54.06451,3,0,1,0,0,0,0,-1,0,3.0000,-1,6,0,7,0,13,0,0,0,0
54.08554,3,0,1,0,0,0,0,-1,0,3.0000,-1,6,0,7,0,13,0,0,0,0
54.1072,3,0,1,0,0,0,0,-1,1,4.0000,-1,6,0,7,0,13,0,0,0,0
54.1271,3,0,1,0,0,0,0,-1,0,4.0000,-1,6,0,7,0,13,0,0,0,0
54.14808,3,0,1,0,0,0,0,-1,0,4.0000,-1,6,0,7,0,13,0,0,0,0
54.16928,3,0,1,0,0,0,0,-1,0,4.0000,-1,6,0,7,0,13,0,0,0,0
54.19073,3,0,1,0,0,0,0,-1,0,4.0000,-1,6,0,7,0,13,0,0,0,0
54.21107,3,0,1,0,0,0,0,-1,0,4.0000,-1,6,0,7,0,13,0,0,0,0
54.23198,3,0,1,0,0,0,0,-1,0,4.0000,-1,6,0,7,0,13,0,0,0,0
54.25306,3,0,1,0,0,0,0,-1,0,4.0000,-1,6,0,7,0,13,0,0,0,0
54.27394,3,0,1,0,0,0,0,-1,0,4.0000,-1,6,0,7,0,13,0,0,0,0
54.29505,3,0,1,0,0,0,0,-1,1,5.0000,-1,6,0,7,0,13,0,0,0,0
54.31564,3,0,1,0,0,0,0,-1,0,5.0000,-1,6,0,7,0,13,0,0,0,0
54.33775,3,0,1,0,0,0,0,-1,0,4.0000,-1,6,0,7,0,13,0,0,0,0
54.37715,3,0,1,0,0,0,0,-1,0,4.0000,-1,6,0,7,0,13,0,0,0,0
54.38961,3,0,1,0,0,0,0,-1,0,4.0000,-1,6,0,7,0,13,0,0,0,0
54.40277,3,0,1,0,0,0,0,-1,0,4.0000,-1,6,0,7,0,13,0,0,0,0
54.42441,3,0,1,0,0,0,0,-1,0,4.0000,-1,6,0,7,0,13,0,0,0,0
54.44504,3,0,1,0,0,0,0,-1,0,4.0000,-1,6,0,7,0,13,0,0,0,0
54.46607,3,0,1,1,0,0,0,-1,0,4.0000,-1,6,0,7,0,13,0,0,0,0
54.48783,3,0,1,1,0,0,0,-1,0,4.0000,-1,6,0,7,0,13,0,0,0,0
54.5085,3,0,1,1,0,0,0,-1,0,3.0000,-1,6,0,7,0,13,0,0,0,0
54.53038,3,0,1,1,0,0,0,-1,0,3.0000,-1,6,0,7,0,13,0,0,0,0
54.55049,3,0,1,1,0,0,0,-1,1,4.0000,-1,6,0,7,0,13,0,0,0,0
54.59001,3,0,1,1,0,0,0,-1,0,3.0000,-1,6,0,7,0,13,0,0,0,0
54.60088,3,0,1,1,0,0,0,-1,0,3.0000,-1,6,0,7,0,13,0,0,0,0
54.61706,3,0,1,1,0,0,0,-1,0,3.0000,-1,6,0,7,0,13,0,0,0,0
54.63826,3,0,1,1,0,0,0,-1,0,3.0000,-1,6,0,7,0,13,0,0,0,0
54.65974,3,0,1,1,0,0,0,-1,0,3.0000,-1,6,0,7,0,13,0,0,0,0
54.68044,3,0,1,1,0,0,0,-1,0,3.0000,-1,6,0,7,0,13,0,0,0,0
54.70147,3,0,1,1,0,0,0,-1,0,3.0000,-1,6,0,7,0,13,0,0,0,0
54.72269,3,0,1,1,0,0,0,-1,0,3.0000,-1,6,0,7,0,13,0,0,0,0
54.74423,3,0,1,1,0,0,0,-1,0,3.0000,-1,6,0,7,0,13,0,0,0,0
54.76527,3,0,1,1,0,0,0,-1,1,4.0000,-1,6,0,7,0,13,0,0,0,0
54.78641,3,0,1,1,0,0,0,-1,0,4.0000,-1,6,0,7,0,13,0,0,0,0
54.80819,3,0,1,1,0,0,0,-1,0,4.0000,-1,6,0,7,0,13,0,0,0,0
54.82914,3,0,1,1,0,0,1,36,0,4.0000,-1,6,0,7,0,13,0,0,0,0
54.84929,3,0,1,1,0,0,1,36,0,4.0000,-1,6,0,7,0,13,0,0,0,0
54.87079,3,0,1,1,0,0,1,36,0,4.0000,-1,6,0,7,0,13,0,0,0,0
54.89112,3,0,1,1,0,0,1,36,0,4.0000,-1,6,0,7,0,13,0,0,0,0
54.91248,3,0,1,1,0,0,1,36,0,4.0000,-1,6,0,7,0,13,0,0,0,0
54.93332,3,0,1,1,0,0,1,36,0,4.0000,-1,6,0,7,0,13,0,0,0,0
54.95452,3,0,1,1,0,0,1,36,0,4.0000,-1,6,0,7,0,13,0,0,0,0
54.97743,3,0,1,1,0,0,1,36,1,5.0000,-1,6,0,7,0,13,0,0,0,0
55.01559,3,0,1,1,0,0,1,36,0,5.0000,-1,6,0,7,0,13,0,0,0,0
55.02776,3,0,1,1,0,0,1,36,0,5.0000,-1,6,0,7,0,13,0,0,0,0
55.04214,3,0,1,1,0,0,1,36,0,5.0000,-1,6,0,7,0,13,0,0,0,0
55.06434,3,0,1,1,0,0,1,36,0,5.0000,-1,6,0,7,0,13,0,0,0,0
55.08576,3,0,1,1,0,0,1,36,0,5.0000,-1,6,0,7,0,13,0,0,0,0
55.10517,3,0,1,1,0,0,1,36,0,5.0000,-1,6,0,7,0,13,0,0,0,0
55.12762,3,0,1,1,1,0,1,36,0,4.0000,-1,6,0,7,0,13,0,0,0,0
55.14779,3,0,1,1,1,0,1,36,0,4.0000,-1,6,0,7,0,13,0,0,0,0
55.16903,3,0,1,1,1,0,1,36,0,4.0000,-1,6,0,7,0,13,0,0,0,0
55.18871,3,0,1,1,1,0,1,36,0,4.0000,-1,6,0,7,0,13,0,0,0,0
55.2099,3,0,1,1,1,0,1,36,1,5.0000,-1,6,0,7,0,13,0,0,0,0
55.23068,3,0,1,1,1,0,1,36,0,5.0000,-1,6,0,7,0,13,0,0,0,0
55.24949,3,0,1,1,1,0,1,36,0,5.0000,-1,6,0,7,0,13,0,0,0,0
55.27027,3,0,1,1,1,0,0,-1,0,5.0000,36,6,0,8,0,14,0,0,0,0
55.29029,3,0,1,1,1,0,0,-1,0,5.0000,-1,6,0,8,0,14,0,0,0,0
55.30982,3,0,1,1,1,0,0,-1,0,4.0000,-1,6,0,8,0,14,0,0,0,0
55.33042,3,0,1,1,1,0,0,-1,0,4.0000,-1,6,0,8,0,14,0,0,0,0
55.35039,3,0,1,1,1,0,0,-1,0,4.0000,-1,6,0,8,0,14,0,0,0,0
55.37091,3,0,1,1,1,0,0,-1,0,4.0000,-1,6,0,8,0,14,0,0,0,0
55.39265,3,0,1,1,1,0,0,-1,1,5.0000,-1,6,0,8,0,14,0,0,0,0
55.42956,3,0,1,1,1,0,0,-1,0,5.0000,-1,6,0,8,0,14,0,0,0,0
55.44211,3,0,1,1,1,0,0,-1,0,5.0000,-1,6,0,8,0,14,0,0,0,0
55.45482,3,0,1,1,1,0,0,-1,0,5.0000,-1,6,0,8,0,14,0,0,0,0
55.4755,3,0,1,1,1,0,0,-1,0,5.0000,-1,6,0,8,0,14,0,0,0,0
55.49572,3,0,1,1,1,0,0,-1,0,5.0000,-1,6,0,8,0,14,0,0,0,0
55.5161,3,0,1,1,1,0,0,-1,0,5.0000,-1,6,0,8,0,14,0,0,0,0
55.53683,3,0,1,1,1,0,0,-1,0,5.0000,-1,6,0,8,0,14,0,0,0,0
55.55613,3,0,1,1,1,0,0,-1,0,4.0000,-1,6,0,8,0,14,0,0,0,0
55.57581,3,0,1,1,1,0,0,-1,0,4.0000,-1,6,0,8,0,14,0,0,0,0
55.59653,3,0,1,1,1,0,0,-1,0,4.0000,-1,6,0,8,0,14,0,0,0,0
55.61702,3,0,1,1,1,0,0,-1,0,4.0000,-1,6,0,8,0,14,0,0,0,0
55.63673,3,0,1,1,1,0,0,-1,1,5.0000,-1,6,0,8,0,14,0,0,0,0
55.65445,3,0,1,1,1,0,0,-1,0,5.0000,-1,6,0,8,0,14,0,0,0,0
55.67656,3,0,1,1,1,0,0,-1,0,5.0000,-1,6,0,8,0,14,0,0,0,0
55.69734,3,0,1,1,1,0,0,-1,0,5.0000,-1,6,0,8,0,14,0,0,0,0
55.71563,3,0,1,1,1,0,0,-1,0,5.0000,-1,6,0,8,0,14,0,0,0,0
55.73585,3,0,1,1,1,0,0,-1,0,5.0000,-1,6,0,8,0,14,0,0,0,0
55.75653,3,0,1,1,1,0,0,-1,0,5.0000,-1,6,0,8,0,14,0,0,0,0
55.77568,3,0,1,1,1,0,1,39,0,4.0000,-1,6,0,8,0,14,0,0,0,0
55.79575,3,0,1,1,0,0,1,39,0,4.0000,-1,6,0,8,0,14,0,0,0,0
55.81618,3,0,1,1,0,0,1,39,0,4.0000,-1,6,0,8,0,14,0,0,0,0
55.85266,3,0,1,1,0,0,1,39,0,4.0000,-1,6,0,8,0,14,0,0,0,0
55.86727,3,0,1,1,0,0,1,39,0,4.0000,-1,6,0,8,0,14,0,0,0,0
55.88206,3,0,1,1,0,0,1,39,0,4.0000,-1,6,0,8,0,14,0,0,0,0
55.89996,3,0,1,1,0,0,1,39,1,5.0000,-1,6,0,8,0,14,0,0,0,0
55.9181,3,0,1,0,0,0,1,39,0,5.0000,-1,6,0,8,0,14,0,0,0,0
55.93803,3,0,1,0,0,0,1,39,0,5.0000,-1,6,0,8,0,14,0,0,0,0
55.95985,3,0,1,0,0,0,1,39,0,5.0000,-1,6,0,8,0,14,0,0,0,0
55.9769,3,0,1,0,0,0,1,39,0,5.0000,-1,6,0,8,0,14,0,0,0,0
55.99735,3,0,1,0,0,0,1,39,0,4.0000,-1,6,0,8,0,14,0,0,0,0
56.02037,3,0,1,0,0,0,1,39,0,4.0000,-1,6,0,8,0,14,0,0,0,0
56.05714,3,0,1,0,0,0,1,39,0,4.0000,-1,6,0,8,0,14,0,0,0,0
56.0689,3,0,1,0,0,0,1,39,0,4.0000,-1,6,0,8,0,14,0,0,0,0
56.08274,3,0,1,0,0,0,1,39,0,4.0000,-1,6,0,8,0,14,0,0,0,0
56.10444,3,0,1,0,0,0,1,39,0,4.0000,-1,6,0,8,0,14,0,0,0,0
56.12355,3,0,1,0,0,0,1,39,0,4.0000,-1,6,0,8,0,14,0,0,0,0
56.1425,3,0,1,0,0,0,1,39,0,4.0000,-1,6,0,8,0,14,0,0,0,0
56.16348,2,1,2,0,0,0,0,-1,0,4.0000,39,6,1,8,0,15,0,0,0,0
56.18443,2,0,2,0,0,0,0,-1,0,4.0000,-1,6,1,8,0,15,0,0,0,0
56.20537,2,0,2,0,0,0,0,-1,0,4.0000,-1,6,1,8,0,15,0,0,0,0
56.22717,2,0,2,0,0,0,0,-1,0,3.0000,-1,6,1,8,0,15,0,0,0,0
56.26416,2,0,2,0,0,0,0,-1,0,3.0000,-1,6,1,8,0,15,0,0,0,0
56.27707,2,0,2,0,0,0,0,-1,0,3.0000,-1,6,1,8,0,15,0,0,0,0
56.29001,2,0,2,0,0,0,1,40,0,3.0000,-1,6,1,8,0,15,0,0,0,0
56.30865,2,0,2,0,0,0,1,40,0,3.0000,-1,6,1,8,0,15,0,0,0,0
56.33055,2,0,2,0,0,0,1,40,0,3.0000,-1,6,1,8,0,15,0,0,0,0
56.35096,2,0,2,0,0,0,1,40,0,3.0000,-1,6,1,8,0,15,0,0,0,0
56.37165,2,0,2,0,0,0,1,40,0,3.0000,-1,6,1,8,0,15,0,0,0,0
56.39264,2,0,2,0,0,0,1,40,0,3.0000,-1,6,1,8,0,15,0,0,0,0
56.41439,2,0,2,0,0,0,1,40,0,2.0000,-1,6,1,8,0,15,0,0,0,0
56.4361,2,0,2,0,0,0,1,40,0,2.0000,-1,6,1,8,0,15,0,0,0,0
56.47853,2,0,2,0,0,0,1,40,0,2.0000,-1,6,1,8,0,15,0,0,0,0
56.48969,2,0,2,0,0,0,1,40,0,2.0000,-1,6,1,8,0,15,0,0,0,0
56.50637,2,0,2,0,0,0,1,40,0,2.0000,-1,6,1,8,0,15,0,0,0,0
56.52926,2,0,2,0,0,0,1,40,0,2.0000,-1,6,1,8,0,15,0,0,0,0
56.55228,2,0,2,0,0,0,1,40,0,2.0000,-1,6,1,8,0,15,0,0,0,0
56.57617,2,0,2,0,0,0,1,40,0,2.0000,-1,6,1,8,0,15,0,0,0,0
56.59986,2,0,2,0,0,0,1,40,0,2.0000,-1,6,1,8,0,15,0,0,0,0
56.62316,2,0,2,0,0,0,1,40,0,2.0000,-1,6,1,8,0,15,0,0,0,0
56.64818,2,0,2,0,0,0,1,40,0,1.0000,-1,6,1,8,0,15,0,0,0,0
56.6734,2,0,2,0,0,0,1,40,0,1.0000,-1,6,1,8,0,15,0,0,0,0
56.69848,2,0,2,0,0,0,1,40,0,1.0000,-1,6,1,8,0,15,0,0,0,0
56.72229,2,0,2,0,0,0,1,40,0,1.0000,-1,6,1,8,0,15,0,0,0,0
56.74642,2,0,2,0,0,0,0,-1,0,1.0000,40,6,2,8,0,16,0,0,0,0
56.77098,2,0,2,0,0,0,0,-1,0,1.0000,-1,6,2,8,0,16,0,0,0,0
56.79597,2,0,2,0,0,0,0,-1,0,1.0000,-1,6,2,8,0,16,0,0,0,0
56.82066,2,0,2,0,0,0,0,-1,0,1.0000,-1,6,2,8,0,16,0,0,0,0
56.84524,2,0,2,0,0,0,0,-1,0,1.0000,-1,6,2,8,0,16,0,0,0,0
56.86974,2,0,2,0,0,0,0,-1,0,1.0000,-1,6,2,8,0,16,0,0,0,0
56.91583,2,0,2,0,0,0,0,-1,1,1.0000,-1,6,2,8,0,16,0,0,0,0
56.92727,2,0,2,0,0,0,0,-1,0,1.0000,-1,6,2,8,0,16,0,0,0,0
56.94538,2,0,2,0,0,0,0,-1,0,1.0000,-1,6,2,8,0,16,0,0,0,0
56.96989,2,0,2,0,0,0,0,-1,0,1.0000,-1,6,2,8,0,16,0,0,0,0
56.99376,2,0,2,0,0,0,0,-1,0,1.0000,-1,6,2,8,0,16,0,0,0,0
57.01859,2,0,2,0,0,0,0,-1,0,1.0000,-1,6,2,8,0,16,0,0,0,0
57.04265,2,0,2,0,0,0,0,-1,0,1.0000,-1,6,2,8,0,16,0,0,0,0
57.06688,2,0,2,0,0,0,0,-1,0,1.0000,-1,6,2,8,0,16,0,0,0,0
57.09106,2,0,2,0,0,0,0,-1,0,1.0000,-1,6,2,8,0,16,0,0,0,0
57.13643,2,0,2,0,0,0,0,-1,0,1.0000,-1,6,2,8,0,16,0,0,0,0
57.14759,2,0,2,0,0,0,0,-1,0,1.0000,-1,6,2,8,0,16,0,0,0,0
57.1657,2,0,2,0,0,0,0,-1,0,1.0000,-1,6,2,8,0,16,0,0,0,0
57.19022,2,0,2,0,0,0,0,-1,0,1.0000,-1,6,2,8,0,16,0,0,0,0
57.2142,2,0,2,0,0,0,0,-1,0,1.0000,-1,6,2,8,0,16,0,0,0,0
57.23884,2,0,2,0,0,0,0,-1,0,1.0000,-1,6,2,8,0,16,0,0,0,0
57.26338,2,0,2,0,0,0,0,-1,0,1.0000,-1,6,2,8,0,16,0,0,0,0
57.28812,2,0,2,1,0,0,0,-1,0,1.0000,-1,6,2,8,0,16,0,0,0,0
57.31165,2,0,2,1,0,0,0,-1,0,1.0000,-1,6,2,8,0,16,0,0,0,0
57.35656,2,0,2,1,0,0,0,-1,0,1.0000,-1,6,2,8,0,16,0,0,0,0
57.36727,2,0,2,1,0,0,0,-1,0,1.0000,-1,6,2,8,0,16,0,0,0,0
57.38607,2,0,2,1,0,0,0,-1,0,1.0000,-1,6,2,8,0,16,0,0,0,0
57.4104,2,0,2,1,0,0,0,-1,0,1.0000,-1,6,2,8,0,16,0,0,0,0
57.43404,2,0,2,1,0,0,0,-1,0,1.0000,-1,6,2,8,0,16,0,0,0,0
57.45843,2,0,2,1,0,0,0,-1,0,1.0000,-1,6,2,8,0,16,0,0,0,0
57.48241,2,0,2,1,0,0,0,-1,0,1.0000,-1,6,2,8,0,16,0,0,0,0
57.50773,2,0,2,1,0,0,1,42,0,1.0000,-1,6,2,8,0,16,0,0,0,0
57.53166,2,0,2,0,0,0,1,42,0,1.0000,-1,6,2,8,0,16,0,0,0,0
57.57623,2,0,2,0,0,0,1,42,0,1.0000,-1,6,2,8,0,16,0,0,0,0
57.58789,2,0,2,0,0,0,1,42,0,1.0000,-1,6,2,8,0,16,0,0,0,0
57.60682,2,0,2,0,0,0,1,42,0,1.0000,-1,6,2,8,0,16,0,0,0,0
57.63201,2,0,2,0,0,0,1,42,0,1.0000,-1,6,2,8,0,16,0,0,0,0
57.65689,2,0,2,0,0,0,1,42,0,1.0000,-1,6,2,8,0,16,0,0,0,0
57.68135,2,0,2,0,0,0,1,42,1,2.0000,-1,6,2,8,0,16,0,0,0,0
57.70607,2,0,2,0,0,0,0,-1,0,2.0000,42,6,3,8,0,17,0,0,0,0
57.73042,2,0,2,0,0,0,0,-1,0,2.0000,-1,6,3,8,0,17,0,0,0,0
57.75496,2,0,2,0,0,0,0,-1,0,2.0000,-1,6,3,8,0,17,0,0,0,0
57.79803,2,0,2,0,0,0,1,41,0,2.0000,-1,6,3,8,0,17,0,0,0,0
57.8087,2,0,2,0,0,0,1,41,0,2.0000,-1,6,3,8,0,17,0,0,0,0
57.82686,2,0,2,0,0,0,1,41,0,2.0000,-1,6,3,8,0,17,0,0,0,0
57.84956,2,0,2,0,0,0,1,41,0,2.0000,-1,6,3,8,0,17,0,0,0,0
57.87246,2,0,2,0,0,0,1,41,0,2.0000,-1,6,3,8,0,17,0,0,0,0
57.89474,2,0,2,0,0,0,1,41,0,2.0000,-1,6,3,8,0,17,0,0,0,0
57.91722,2,0,2,0,0,0,1,41,0,1.0000,-1,6,3,8,0,17,0,0,0,0
57.93896,2,0,2,0,0,0,1,41,0,1.0000,-1,6,3,8,0,17,0,0,0,0
57.95995,2,0,2,0,0,0,1,41,0,1.0000,-1,6,3,8,0,17,0,0,0,0
57.99813,2,0,2,0,0,0,1,41,0,1.0000,-1,6,3,8,0,17,0,0,0,0
58.01126,2,0,2,0,0,0,1,41,0,1.0000,-1,6,3,8,0,17,0,0,0,0
58.02534,2,0,2,0,0,0,1,41,0,1.0000,-1,6,3,8,0,17,0,0,0,0
58.04676,2,0,2,0,0,0,1,41,0,1.0000,-1,6,3,8,0,17,0,0,0,0
58.06829,2,0,2,0,0,0,1,41,0,1.0000,-1,6,3,8,0,17,0,0,0,0
58.08817,2,0,2,0,0,0,1,41,0,1.0000,-1,6,3,8,0,17,0,0,0,0
58.10976,2,0,2,0,0,0,1,41,0,1.0000,-1,6,3,8,0,17,0,0,0,0
58.13135,2,0,2,0,0,0,1,41,0,1.0000,-1,6,3,8,0,17,0,0,0,0
58.15224,2,0,2,0,0,0,1,41,0,1.0000,-1,6,3,8,0,17,0,0,0,0
58.17387,2,0,2,0,0,0,1,41,0,1.0000,-1,6,3,8,0,17,0,0,0,0
58.19276,2,0,2,0,0,0,1,41,0,1.0000,-1,6,3,8,0,17,0,0,0,0
58.21492,2,0,2,0,0,0,1,41,0,1.0000,-1,6,3,8,0,17,0,0,0,0
58.23427,2,0,2,0,0,0,1,41,0,1.0000,-1,6,3,8,0,17,0,0,0,0
58.25393,2,0,2,0,0,0,1,41,0,1.0000,-1,6,3,8,0,17,0,0,0,0
58.27737,2,0,2,0,0,0,1,41,0,1.0000,-1,6,3,8,0,17,0,0,0,0
58.29753,2,0,2,0,0,0,1,41,0,1.0000,-1,6,3,8,0,17,0,0,0,0
58.31823,2,0,2,0,0,0,1,41,0,1.0000,-1,6,3,8,0,17,0,0,0,0
58.33913,2,0,2,0,0,0,1,41,0,1.0000,-1,6,3,8,0,17,0,0,0,0
58.35661,2,0,2,0,0,0,1,41,0,1.0000,-1,6,3,8,0,17,0,0,0,0
58.37927,2,0,2,0,0,0,1,41,0,1.0000,-1,6,3,8,0,17,0,0,0,0
58.39847,2,0,2,0,0,0,1,41,0,1.0000,-1,6,3,8,0,17,0,0,0,0
58.4213,2,0,2,0,0,0,1,41,0,1.0000,-1,6,3,8,0,17,0,0,0,0
58.44241,2,0,2,0,0,0,0,-1,0,1.0000,41,6,4,8,0,18,0,0,0,0
58.46255,2,0,2,0,0,0,0,-1,1,2.0000,-1,6,4,8,0,18,0,0,0,0
58.48344,2,0,2,0,0,0,0,-1,0,2.0000,-1,6,4,8,0,18,0,0,0,0
58.50312,2,0,2,1,0,0,0,-1,0,2.0000,-1,6,4,8,0,18,0,0,0,0
58.5222,2,0,2,1,0,0,0,-1,0,2.0000,-1,6,4,8,0,18,0,0,0,0
58.54473,2,0,2,1,0,0,0,-1,0,2.0000,-1,6,4,8,0,18,0,0,0,0
58.56587,2,0,2,1,0,0,0,-1,0,2.0000,-1,6,4,8,0,18,0,0,0,0
58.58715,2,0,2,1,0,0,0,-1,0,2.0000,-1,6,4,8,0,18,0,0,0,0
58.62745,2,0,2,1,0,0,0,-1,0,2.0000,-1,6,4,8,0,18,0,0,0,0
58.6401,2,0,2,1,0,0,0,-1,0,2.0000,-1,6,4,8,0,18,0,0,0,0
58.65483,2,0,2,1,0,0,0,-1,0,2.0000,-1,6,4,8,0,18,0,0,0,0
58.67604,2,0,2,1,0,0,0,-1,0,2.0000,-1,6,4,8,0,18,0,0,0,0
58.69784,2,0,2,1,0,0,0,-1,0,1.0000,-1,6,4,8,0,18,0,0,0,0
58.71824,2,0,2,1,0,0,0,-1,0,1.0000,-1,6,4,8,0,18,0,0,0,0
58.73721,2,0,2,1,0,0,0,-1,0,1.0000,-1,6,4,8,0,18,0,0,0,0
58.7576,2,0,2,1,0,0,0,-1,0,1.0000,-1,6,4,8,0,18,0,0,0,0
58.77664,2,0,2,1,0,0,0,-1,0,1.0000,-1,6,4,8,0,18,0,0,0,0
58.79751,2,0,2,1,0,0,0,-1,0,1.0000,-1,6,4,8,0,18,0,0,0,0
58.82052,2,0,2,1,0,0,0,-1,0,1.0000,-1,6,4,8,0,18,0,0,0,0
58.83995,2,0,2,1,0,0,0,-1,0,1.0000,-1,6,4,8,0,18,0,0,0,0
58.86091,2,0,2,1,0,0,0,-1,0,1.0000,-1,6,4,8,0,18,0,0,0,0
58.88198,2,0,2,1,0,0,0,-1,0,1.0000,-1,6,4,8,0,18,0,0,0,0
58.89951,2,0,2,1,0,0,0,-1,0,1.0000,-1,6,4,8,0,18,0,0,0,0
58.92104,2,0,2,1,0,0,0,-1,0,1.0000,-1,6,4,8,0,18,0,0,0,0
58.94265,2,0,2,1,0,0,0,-1,0,1.0000,-1,6,4,8,0,18,0,0,0,0
58.96275,2,0,2,0,0,0,0,-1,0,1.0000,-1,6,4,8,0,18,0,0,0,0
58.98233,2,0,2,0,0,0,0,-1,0,1.0000,-1,6,4,8,0,18,0,0,0,0
59.00333,2,0,2,0,0,0,0,-1,0,1.0000,-1,6,4,8,0,18,0,0,0,0
59.04183,2,0,2,0,0,0,0,-1,0,1.0000,-1,6,4,8,0,18,0,0,0,0
59.05709,2,0,2,0,0,0,0,-1,0,1.0000,-1,6,4,8,0,18,0,0,0,0
59.07067,2,0,2,0,0,0,0,-1,0,1.0000,-1,6,4,8,0,18,0,0,0,0
59.08745,2,0,2,0,0,0,0,-1,0,1.0000,-1,6,4,8,0,18,0,0,0,0
59.10947,2,0,2,0,0,0,0,-1,0,1.0000,-1,6,4,8,0,18,0,0,0,0
59.12979,2,0,2,0,0,0,0,-1,0,1.0000,-1,6,4,8,0,18,0,0,0,0
59.15211,2,0,2,0,0,0,0,-1,0,1.0000,-1,6,4,8,0,18,0,0,0,0
59.17121,2,0,2,0,0,0,0,-1,0,1.0000,-1,6,4,8,0,18,0,0,0,0
59.19141,2,0,2,0,0,0,0,-1,0,1.0000,-1,6,4,8,0,18,0,0,0,0
59.21281,2,0,2,0,0,0,0,-1,0,1.0000,-1,6,4,8,0,18,0,0,0,0
59.25181,2,0,2,0,0,0,0,-1,0,1.0000,-1,6,4,8,0,18,0,0,0,0
59.26455,2,0,2,0,0,0,1,46,0,1.0000,-1,6,4,8,0,18,0,0,0,0
59.27846,2,0,2,0,0,0,1,46,0,1.0000,-1,6,4,8,0,18,0,0,0,0
59.30021,2,0,2,0,0,0,1,46,0,1.0000,-1,6,4,8,0,18,0,0,0,0
59.32091,2,0,2,0,0,0,1,46,0,1.0000,-1,6,4,8,0,18,0,0,0,0
59.34198,2,0,2,0,0,0,1,46,0,1.0000,-1,6,4,8,0,18,0,0,0,0
59.36173,2,0,2,0,0,0,1,46,0,1.0000,-1,6,4,8,0,18,0,0,0,0
59.38295,2,0,2,0,0,0,1,46,0,1.0000,-1,6,4,8,0,18,0,0,0,0
59.4032,2,0,2,0,0,0,1,46,0,1.0000,-1,6,4,8,0,18,0,0,0,0
59.42411,2,0,2,0,0,0,1,46,0,1.0000,-1,6,4,8,0,18,0,0,0,0
59.44451,2,0,2,0,0,0,1,46,0,1.0000,-1,6,4,8,0,18,0,0,0,0
59.46558,2,0,2,0,0,0,1,46,0,0.0000,-1,6,4,8,0,18,0,0,0,0
59.48645,2,0,2,0,0,0,1,46,0,0.0000,-1,6,4,8,0,18,0,0,0,0
59.507,2,0,2,0,0,0,1,46,0,0.0000,-1,6,4,8,0,18,0,0,0,0
59.52715,2,0,2,0,0,0,1,46,0,0.0000,-1,6,4,8,0,18,0,0,0,0
59.54801,2,0,2,0,0,0,1,46,0,0.0000,-1,6,4,8,0,18,0,0,0,0
59.56905,2,0,2,0,0,0,1,46,0,0.0000,-1,6,4,8,0,18,0,0,0,0
59.5892,2,0,2,0,0,0,1,46,0,0.0000,-1,6,4,8,0,18,0,0,0,0
59.60992,2,0,2,0,0,0,1,46,0,0.0000,-1,6,4,8,0,18,0,0,0,0
59.63153,2,0,2,0,0,0,1,46,1,1.0000,-1,6,4,8,0,18,0,0,0,0
59.65277,2,0,2,0,0,0,0,-1,0,1.0000,-1,6,4,8,0,18,0,0,0,0
59.67465,2,0,2,0,0,0,0,-1,0,1.0000,-1,6,4,8,0,18,0,0,0,0
59.69331,2,0,2,0,0,0,0,-1,0,1.0000,-1,6,4,8,0,18,0,0,0,0
59.71521,2,0,2,0,0,0,0,-1,0,1.0000,-1,6,4,8,0,18,0,0,0,0
59.73478,2,0,2,0,0,0,0,-1,0,1.0000,-1,6,4,8,0,18,0,0,0,0
59.75658,2,0,2,0,0,0,0,-1,0,1.0000,-1,6,4,8,0,18,0,0,0,0
59.77755,2,0,2,0,0,0,0,-1,0,1.0000,-1,6,4,8,0,18,0,0,0,0
59.79873,2,0,2,0,0,0,0,-1,0,1.0000,-1,6,4,8,0,18,0,0,0,0
59.8206,2,0,2,0,0,0,0,-1,0,1.0000,-1,6,4,8,0,18,0,0,0,0
59.84034,2,0,2,0,0,0,0,-1,0,1.0000,-1,6,4,8,0,18,0,0,0,0
59.8625,2,0,2,0,0,0,0,-1,0,1.0000,-1,6,4,8,0,18,0,0,0,0
59.88147,2,0,2,0,0,0,0,-1,0,1.0000,-1,6,4,8,0,18,0,0,0,0
59.90294,2,0,2,0,0,0,0,-1,0,1.0000,-1,6,4,8,0,18,0,0,0,0
59.92248,2,0,2,0,0,0,0,-1,0,1.0000,-1,6,4,8,0,18,0,0,0,0
59.94376,2,0,2,0,0,0,0,-1,0,1.0000,-1,6,4,8,0,18,0,0,0,0
59.96488,2,0,2,0,0,0,0,-1,0,1.0000,-1,6,4,8,0,18,0,0,0,0
59.98575,2,0,2,0,0,0,0,-1,0,1.0000,-1,6,4,8,0,18,0,0,0,0
60.0058,2,0,2,0,0,0,0,-1,0,1.0000,-1,6,4,8,0,18,0,0,0,0
60.02602,2,0,2,0,0,0,0,-1,0,1.0000,-1,6,4,8,0,18,0,0,0,0
60.04637,2,0,2,0,0,0,0,-1,0,1.0000,-1,6,4,8,0,18,0,0,0,0
60.08624,2,0,2,0,0,0,0,-1,0,1.0000,-1,6,4,8,0,18,0,0,0,0
60.09776,2,0,2,0,0,0,0,-1,0,1.0000,-1,6,4,8,0,18,0,0,0,0
60.11109,2,0,2,1,0,0,0,-1,0,1.0000,-1,6,4,8,0,18,0,0,0,0
60.13324,2,0,2,1,0,0,0,-1,0,1.0000,-1,6,4,8,0,18,0,0,0,0
60.15496,2,0,2,1,0,0,0,-1,1,2.0000,-1,6,4,8,0,18,0,0,0,0
60.17593,2,0,2,1,0,0,0,-1,0,2.0000,-1,6,4,8,0,18,0,0,0,0
60.19773,2,0,2,1,0,0,0,-1,0,2.0000,-1,6,4,8,0,18,0,0,0,0
60.21758,2,0,2,1,0,0,0,-1,0,2.0000,-1,6,4,8,0,18,0,0,0,0
60.23844,2,0,2,1,0,0,0,-1,0,2.0000,-1,6,4,8,0,18,0,0,0,0
60.26012,2,0,2,1,0,0,0,-1,0,2.0000,-1,6,4,8,0,18,0,0,0,0
60.299,2,0,2,1,0,0,1,48,0,2.0000,-1,6,4,8,0,18,0,0,0,0
60.31065,2,0,2,1,0,0,1,48,0,2.0000,-1,6,4,8,0,18,0,0,0,0
60.32599,2,0,2,1,0,0,1,48,0,2.0000,-1,6,4,8,0,18,0,0,0,0
60.34761,2,0,2,1,0,0,1,48,0,2.0000,-1,6,4,8,0,18,0,0,0,0
60.36857,2,0,2,1,0,0,1,48,0,2.0000,-1,6,4,8,0,18,0,0,0,0
60.39,2,0,2,1,0,0,1,48,0,2.0000,-1,6,4,8,0,18,0,0,0,0
60.41132,2,0,2,1,0,0,1,48,0,2.0000,-1,6,4,8,0,18,0,0,0,0
60.43323,2,0,2,1,0,0,1,48,0,2.0000,-1,6,4,8,0,18,0,0,0,0
60.45455,2,0,2,1,0,0,1,48,0,2.0000,-1,6,4,8,0,18,0,0,0,0
60.47685,2,0,2,1,0,0,1,48,0,2.0000,-1,6,4,8,0,18,0,0,0,0
60.51703,2,0,2,1,0,0,1,48,0,2.0000,-1,6,4,8,0,18,0,0,0,0
60.52933,2,0,2,1,0,0,1,48,0,2.0000,-1,6,4,8,0,18,0,0,0,0
60.54396,2,0,2,1,0,0,1,48,0,2.0000,-1,6,4,8,0,18,0,0,0,0
60.56551,2,0,2,1,0,0,0,-1,0,2.0000,-1,6,4,8,0,18,0,0,0,0
60.58833,2,0,2,1,0,0,0,-1,0,2.0000,-1,6,4,8,0,18,0,0,0,0
60.60965,2,0,2,1,0,0,0,-1,0,2.0000,-1,6,4,8,0,18,0,0,0,0
60.63169,2,0,2,1,0,0,0,-1,0,1.0000,-1,6,4,8,0,18,0,0,0,0
60.65357,2,0,2,1,0,0,0,-1,0,1.0000,48,6,5,8,0,19,0,0,0,0
60.67485,2,0,2,1,0,0,0,-1,0,1.0000,-1,6,5,8,0,19,0,0,0,0
60.69662,2,0,2,1,0,0,0,-1,0,1.0000,-1,6,5,8,0,19,0,0,0,0
60.73728,2,0,2,1,0,0,1,49,0,1.0000,-1,6,5,8,0,19,0,0,0,0
60.75316,2,0,2,1,0,0,1,49,0,1.0000,-1,6,5,8,0,19,0,0,0,0
60.76682,2,0,2,1,1,0,1,49,0,1.0000,-1,6,5,8,0,19,0,0,0,0
60.78872,2,0,2,1,1,0,1,49,0,1.0000,-1,6,5,8,0,19,0,0,0,0
60.81078,2,0,2,1,1,0,1,49,0,1.0000,-1,6,5,8,0,19,0,0,0,0
60.8327,2,0,2,1,1,0,0,-1,0,1.0000,49,6,6,8,0,20,0,0,0,0
60.85453,2,0,2,1,1,0,0,-1,0,1.0000,-1,6,6,8,0,20,0,0,0,0
60.87626,2,0,2,1,1,0,0,-1,0,1.0000,-1,6,6,8,0,20,0,0,0,0
60.89858,2,0,2,1,1,0,0,-1,0,1.0000,-1,6,6,8,0,20,0,0,0,0
60.94007,2,0,2,1,1,0,0,-1,0,1.0000,-1,6,6,8,0,20,0,0,0,0
60.95272,2,0,2,1,1,0,0,-1,0,1.0000,-1,6,6,8,0,20,0,0,0,0
60.96632,2,0,2,1,1,0,0,-1,0,1.0000,-1,6,6,8,0,20,0,0,0,0
60.98786,2,0,2,1,1,0,0,-1,0,1.0000,-1,6,6,8,0,20,0,0,0,0
61.00963,2,0,2,1,1,0,0,-1,0,1.0000,-1,6,6,8,0,20,0,0,0,0
61.03075,2,0,2,1,1,0,0,-1,0,1.0000,-1,6,6,8,0,20,0,0,0,0
61.05136,2,0,2,1,1,0,0,-1,0,1.0000,-1,6,6,8,0,20,0,0,0,0
61.07273,2,0,2,1,1,0,0,-1,0,1.0000,-1,6,6,8,0,20,0,0,0,0
61.09341,2,0,2,1,1,0,0,-1,0,1.0000,-1,6,6,8,0,20,0,0,0,0
61.11376,2,0,2,1,1,0,0,-1,0,1.0000,-1,6,6,8,0,20,0,0,0,0
61.13491,2,0,2,1,1,0,0,-1,0,1.0000,-1,6,6,8,0,20,0,0,0,0
61.15638,2,0,2,1,1,0,0,-1,0,0.0000,-1,6,6,8,0,20,0,0,0,0
61.17772,2,0,2,1,1,0,0,-1,0,0.0000,-1,6,6,8,0,20,0,0,0,0
61.19928,2,0,2,1,1,0,0,-1,0,0.0000,-1,6,6,8,0,20,0,0,0,0
61.22005,2,0,2,0,1,0,0,-1,0,0.0000,-1,6,6,8,0,20,0,0,0,0
61.24091,2,0,2,0,1,0,0,-1,0,0.0000,-1,6,6,8,0,20,0,0,0,0
61.26259,2,0,2,0,1,0,0,-1,0,0.0000,-1,6,6,8,0,20,0,0,0,0
61.28016,2,0,2,0,1,0,0,-1,0,0.0000,-1,6,6,8,0,20,0,0,0,0
61.30222,2,0,2,0,1,0,0,-1,0,0.0000,-1,6,6,8,0,20,0,0,0,0
61.32299,2,0,2,0,1,0,0,-1,1,1.0000,-1,6,6,8,0,20,0,0,0,0
61.36184,2,0,2,0,0,0,0,-1,0,1.0000,-1,6,6,8,0,20,0,0,0,0
61.37729,2,0,2,0,0,0,0,-1,0,1.0000,-1,6,6,8,0,20,0,0,0,0
61.38946,2,0,2,0,0,0,0,-1,0,1.0000,-1,6,6,8,0,20,0,0,0,0
61.411,2,0,2,0,0,0,0,-1,0,1.0000,-1,6,6,8,0,20,0,0,0,0
61.43256,2,0,2,0,0,0,0,-1,0,1.0000,-1,6,6,8,0,20,0,0,0,0
61.45436,2,0,2,0,0,0,1,52,0,1.0000,-1,6,6,8,0,20,0,0,0,0
61.47596,2,0,2,0,0,0,1,52,0,1.0000,-1,6,6,8,0,20,0,0,0,0
61.49719,2,0,2,0,0,0,1,52,0,1.0000,-1,6,6,8,0,20,0,0,0,0
61.51862,2,0,2,0,0,0,1,52,0,1.0000,-1,6,6,8,0,20,0,0,0,0
61.54075,2,0,2,0,0,0,1,52,0,1.0000,-1,6,6,8,0,20,0,0,0,0
61.57889,2,0,2,0,0,0,1,52,0,1.0000,-1,6,6,8,0,20,0,0,0,0
61.59085,2,0,2,0,0,0,1,52,0,1.0000,-1,6,6,8,0,20,0,0,0,0
61.60512,2,0,2,0,0,0,1,52,0,1.0000,-1,6,6,8,0,20,0,0,0,0
61.62584,2,0,2,0,0,0,1,52,0,1.0000,-1,6,6,8,0,20,0,0,0,0
61.64619,2,0,2,0,0,0,1,52,0,1.0000,-1,6,6,8,0,20,0,0,0,0
61.66668,2,0,2,0,0,0,1,52,0,1.0000,-1,6,6,8,0,20,0,0,0,0
61.68756,2,0,2,0,0,0,1,52,0,1.0000,-1,6,6,8,0,20,0,0,0,0
61.70707,2,0,2,0,0,0,1,52,0,1.0000,-1,6,6,8,0,20,0,0,0,0
61.72713,2,0,2,0,0,0,1,52,0,1.0000,-1,6,6,8,0,20,0,0,0,0
61.74642,2,0,2,0,0,0,1,52,0,1.0000,-1,6,6,8,0,20,0,0,0,0
61.7658,2,0,2,0,0,0,1,52,0,1.0000,-1,6,6,8,0,20,0,0,0,0
61.78639,2,0,2,0,0,0,1,52,0,1.0000,-1,6,6,8,0,20,0,0,0,0
61.80579,2,0,2,0,0,0,1,52,0,1.0000,-1,6,6,8,0,20,0,0,0,0
61.82509,2,0,2,0,0,0,1,52,0,1.0000,-1,6,6,8,0,20,0,0,0,0
61.84562,2,0,2,0,0,0,1,52,0,1.0000,-1,6,6,8,0,20,0,0,0,0
61.86553,2,0,2,0,0,0,1,52,0,1.0000,-1,6,6,8,0,20,0,0,0,0
61.88627,2,0,2,0,0,0,1,52,0,1.0000,-1,6,6,8,0,20,0,0,0,0
61.90582,2,0,2,0,0,0,1,52,0,1.0000,-1,6,6,8,0,20,0,0,0,0
61.9248,2,0,2,0,0,0,1,52,0,1.0000,-1,6,6,8,0,20,0,0,0,0
61.94469,2,0,2,0,0,0,1,52,0,1.0000,-1,6,6,8,0,20,0,0,0,0
61.96514,2,0,2,0,0,0,1,52,0,1.0000,-1,6,6,8,0,20,0,0,0,0
62.00295,1,1,3,0,0,0,0,-1,1,2.0000,52,7,6,8,0,21,0,0,0,0
62.018,1,0,3,0,0,0,0,-1,0,2.0000,-1,7,6,8,0,21,0,0,0,0
62.02999,1,0,3,0,0,0,0,-1,0,2.0000,-1,7,6,8,0,21,0,0,0,0
62.04784,1,0,3,0,0,0,0,-1,0,2.0000,-1,7,6,8,0,21,0,0,0,0
62.06807,1,0,3,0,0,0,0,-1,0,2.0000,-1,7,6,8,0,21,0,0,0,0
62.08799,1,0,3,0,0,0,0,-1,0,2.0000,-1,7,6,8,0,21,0,0,0,0
62.10882,1,0,3,0,0,0,0,-1,0,2.0000,-1,7,6,8,0,21,0,0,0,0
62.1289,1,0,3,0,0,0,0,-1,0,2.0000,-1,7,6,8,0,21,0,0,0,0
62.14905,1,0,3,0,0,0,0,-1,0,2.0000,-1,7,6,8,0,21,0,0,0,0
62.16903,1,0,3,0,0,0,0,-1,0,2.0000,-1,7,6,8,0,21,0,0,0,0
62.20568,1,0,3,0,0,0,0,-1,0,2.0000,-1,7,6,8,0,21,0,0,0,0
62.21767,1,0,3,0,0,0,0,-1,0,2.0000,-1,7,6,8,0,21,0,0,0,0
62.23166,1,0,3,0,0,0,0,-1,0,2.0000,-1,7,6,8,0,21,0,0,0,0
62.25179,1,0,3,0,0,0,0,-1,0,2.0000,-1,7,6,8,0,21,0,0,0,0
62.27155,1,0,3,0,0,0,0,-1,0,2.0000,-1,7,6,8,0,21,0,0,0,0
62.29063,1,0,3,0,0,0,0,-1,0,2.0000,-1,7,6,8,0,21,0,0,0,0
62.31004,1,0,3,0,0,0,0,-1,0,2.0000,-1,7,6,8,0,21,0,0,0,0
62.33126,1,0,3,0,0,0,0,-1,0,1.0000,-1,7,6,8,0,21,0,0,0,0
62.35178,1,0,3,0,0,0,0,-1,0,1.0000,-1,7,6,8,0,21,0,0,0,0
62.37043,1,0,3,0,0,0,0,-1,0,1.0000,-1,7,6,8,0,21,0,0,0,0
62.40919,1,0,3,0,0,0,0,-1,1,2.0000,-1,7,6,8,0,21,0,0,0,0
62.42133,1,0,3,0,0,0,0,-1,0,2.0000,-1,7,6,8,0,21,0,0,0,0
62.43419,1,0,3,0,0,0,0,-1,0,2.0000,-1,7,6,8,0,21,0,0,0,0
62.45351,1,0,3,0,0,0,0,-1,0,2.0000,-1,7,6,8,0,21,0,0,0,0
62.4741,1,0,3,0,0,0,0,-1,0,2.0000,-1,7,6,8,0,21,0,0,0,0
62.49314,1,0,3,0,0,0,0,-1,0,2.0000,-1,7,6,8,0,21,0,0,0,0
62.51272,1,0,3,0,0,0,0,-1,0,2.0000,-1,7,6,8,0,21,0,0,0,0
62.53402,1,0,3,0,0,0,0,-1,0,2.0000,-1,7,6,8,0,21,0,0,0,0
62.5523,1,0,3,0,0,0,0,-1,0,2.0000,-1,7,6,8,0,21,0,0,0,0
62.57247,1,0,3,0,0,0,0,-1,0,2.0000,-1,7,6,8,0,21,0,0,0,0
62.59104,1,0,3,0,0,0,0,-1,0,2.0000,-1,7,6,8,0,21,0,0,0,0
62.61051,1,0,3,0,0,0,0,-1,0,2.0000,-1,7,6,8,0,21,0,0,0,0
62.63156,1,0,3,0,0,0,0,-1,0,2.0000,-1,7,6,8,0,21,0,0,0,0
62.65168,1,0,3,0,0,0,0,-1,0,2.0000,-1,7,6,8,0,21,0,0,0,0
62.6719,1,0,3,0,0,0,0,-1,0,2.0000,-1,7,6,8,0,21,0,0,0,0
62.69314,1,0,3,0,0,0,0,-1,1,3.0000,-1,7,6,8,0,21,0,0,0,0
62.71444,1,0,3,0,0,0,0,-1,0,3.0000,-1,7,6,8,0,21,0,0,0,0
62.73503,1,0,3,0,0,0,0,-1,0,3.0000,-1,7,6,8,0,21,0,0,0,0
62.75481,1,0,3,0,0,0,0,-1,0,3.0000,-1,7,6,8,0,21,0,0,0,0
62.77573,1,0,3,0,0,0,0,-1,0,3.0000,-1,7,6,8,0,21,0,0,0,0
62.79725,1,0,3,0,0,0,0,-1,0,3.0000,-1,7,6,8,0,21,0,0,0,0
62.81621,1,0,3,0,0,0,0,-1,0,3.0000,-1,7,6,8,0,21,0,0,0,0
62.83664,1,0,3,0,0,0,0,-1,0,3.0000,-1,7,6,8,0,21,0,0,0,0
62.85889,1,0,3,0,0,0,0,-1,0,3.0000,-1,7,6,8,0,21,0,0,0,0
62.87733,1,0,3,0,0,0,0,-1,0,3.0000,-1,7,6,8,0,21,0,0,0,0
62.89878,1,0,3,0,0,0,0,-1,0,3.0000,-1,7,6,8,0,21,0,0,0,0
62.91886,1,0,3,0,0,0,0,-1,0,3.0000,-1,7,6,8,0,21,0,0,0,0
62.93928,1,0,3,0,0,0,0,-1,0,3.0000,-1,7,6,8,0,21,0,0,0,0
62.96008,1,0,3,0,0,0,0,-1,0,3.0000,-1,7,6,8,0,21,0,0,0,0
62.97989,1,0,3,0,0,0,0,-1,1,4.0000,-1,7,6,8,0,21,0,0,0,0
62.99909,1,0,3,0,0,0,0,-1,0,4.0000,-1,7,6,8,0,21,0,0,0,0
63.02077,1,0,3,0,0,0,0,-1,0,3.0000,-1,7,6,8,0,21,0,0,0,0
63.04082,1,0,3,0,0,0,0,-1,0,3.0000,-1,7,6,8,0,21,0,0,0,0
63.06068,1,0,3,0,0,0,0,-1,0,3.0000,-1,7,6,8,0,21,0,0,0,0
63.07935,1,0,3,0,0,0,0,-1,0,3.0000,-1,7,6,8,0,21,0,0,0,0
63.09994,1,0,3,0,0,0,0,-1,0,3.0000,-1,7,6,8,0,21,0,0,0,0
63.12046,1,0,3,0,0,0,0,-1,0,3.0000,-1,7,6,8,0,21,0,0,0,0
63.14066,1,0,3,0,0,0,0,-1,0,3.0000,-1,7,6,8,0,21,0,0,0,0
63.16086,1,0,3,0,0,0,0,-1,0,3.0000,-1,7,6,8,0,21,0,0,0,0
63.17936,1,0,3,0,0,0,0,-1,0,3.0000,-1,7,6,8,0,21,0,0,0,0
63.20004,1,0,3,0,0,0,0,-1,0,3.0000,-1,7,6,8,0,21,0,0,0,0
63.23963,1,0,3,0,0,0,0,-1,0,3.0000,-1,7,6,8,0,21,0,0,0,0
63.25103,1,0,3,1,0,0,0,-1,0,3.0000,-1,7,6,8,0,21,0,0,0,0
63.26557,1,0,3,1,0,0,0,-1,0,3.0000,-1,7,6,8,0,21,0,0,0,0
63.2868,1,0,3,1,0,0,0,-1,0,3.0000,-1,7,6,8,0,21,0,0,0,0
63.30765,1,0,3,1,0,0,0,-1,0,3.0000,-1,7,6,8,0,21,0,0,0,0
63.32903,1,0,3,1,0,0,0,-1,0,3.0000,-1,7,6,8,0,21,0,0,0,0
63.35033,1,0,3,1,0,0,0,-1,0,3.0000,-1,7,6,8,0,21,0,0,0,0
63.36885,1,0,3,1,0,0,0,-1,0,3.0000,-1,7,6,8,0,21,0,0,0,0
63.38871,1,0,3,1,0,0,0,-1,0,3.0000,-1,7,6,8,0,21,0,0,0,0
63.41002,1,0,3,1,0,0,0,-1,0,2.0000,-1,7,6,8,0,21,0,0,0,0
63.45042,1,0,3,1,0,0,0,-1,0,2.0000,-1,7,6,8,0,21,0,0,0,0
63.46176,1,0,3,1,0,0,0,-1,0,2.0000,-1,7,6,8,0,21,0,0,0,0
63.47667,1,0,3,1,0,0,0,-1,0,2.0000,-1,7,6,8,0,21,0,0,0,0
63.49739,1,0,3,1,0,0,0,-1,0,2.0000,-1,7,6,8,0,21,0,0,0,0
63.51865,1,0,3,1,0,0,0,-1,0,2.0000,-1,7,6,8,0,21,0,0,0,0
63.53989,1,0,3,1,0,0,0,-1,0,2.0000,-1,7,6,8,0,21,0,0,0,0
63.55934,1,0,3,1,0,0,0,-1,0,2.0000,-1,7,6,8,0,21,0,0,0,0
63.58112,1,0,3,1,0,0,0,-1,0,2.0000,-1,7,6,8,0,21,0,0,0,0
63.60161,1,0,3,1,0,0,0,-1,0,2.0000,-1,7,6,8,0,21,0,0,0,0
63.62275,1,0,3,1,0,0,0,-1,0,2.0000,-1,7,6,8,0,21,0,0,0,0
63.64278,1,0,3,1,0,0,0,-1,0,2.0000,-1,7,6,8,0,21,0,0,0,0
63.66463,1,0,3,1,0,0,0,-1,0,2.0000,-1,7,6,8,0,21,0,0,0,0
63.68546,1,0,3,1,0,0,0,-1,0,2.0000,-1,7,6,8,0,21,0,0,0,0
63.70682,1,0,3,1,0,0,0,-1,0,1.0000,-1,7,6,8,0,21,0,0,0,0
63.72759,1,0,3,1,0,0,0,-1,0,1.0000,-1,7,6,8,0,21,0,0,0,0
63.74812,1,0,3,1,0,0,0,-1,0,1.0000,-1,7,6,8,0,21,0,0,0,0
63.76893,1,0,3,1,0,0,0,-1,0,1.0000,-1,7,6,8,0,21,0,0,0,0
63.79049,1,0,3,1,0,0,0,-1,0,1.0000,-1,7,6,8,0,21,0,0,0,0
63.81126,1,0,3,1,0,0,0,-1,0,1.0000,-1,7,6,8,0,21,0,0,0,0
63.83335,1,0,3,1,0,0,0,-1,0,1.0000,-1,7,6,8,0,21,0,0,0,0
63.87529,1,0,3,0,0,0,0,-1,0,1.0000,-1,7,6,8,0,21,0,0,0,0
63.88716,1,0,3,0,0,0,0,-1,0,1.0000,-1,7,6,8,0,21,0,0,0,0
63.90421,1,0,3,0,0,0,0,-1,0,1.0000,-1,7,6,8,0,21,0,0,0,0
63.929,1,0,3,0,1,0,0,-1,0,1.0000,-1,7,6,8,0,21,0,0,0,0
63.95458,1,0,3,0,1,0,0,-1,0,1.0000,-1,7,6,8,0,21,0,0,0,0
63.97861,1,0,3,0,1,0,0,-1,0,1.0000,-1,7,6,8,0,21,0,0,0,0
64.00353,1,0,3,0,1,0,0,-1,0,0.0000,-1,7,6,8,0,21,0,0,0,0
64.02842,1,0,3,0,1,0,0,-1,0,0.0000,-1,7,6,8,0,21,0,0,0,0
64.05453,1,0,3,0,1,0,0,-1,0,0.0000,-1,7,6,8,0,21,0,0,0,0
64.09957,1,0,3,0,1,0,0,-1,0,0.0000,-1,7,6,8,0,21,0,0,0,0
64.11023,1,0,3,0,1,0,0,-1,0,0.0000,-1,7,6,8,0,21,0,0,0,0
64.12936,1,0,3,0,1,0,0,-1,0,0.0000,-1,7,6,8,0,21,0,0,0,0
64.15395,1,0,3,0,1,0,0,-1,0,0.0000,-1,7,6,8,0,21,0,0,0,0
64.17794,1,0,3,0,1,0,0,-1,0,0.0000,-1,7,6,8,0,21,0,0,0,0
64.20229,1,0,3,0,1,0,0,-1,0,0.0000,-1,7,6,8,0,21,0,0,0,0
64.2267,1,0,3,0,1,0,0,-1,0,0.0000,-1,7,6,8,0,21,0,0,0,0
64.25179,1,0,3,0,1,0,0,-1,0,0.0000,-1,7,6,8,0,21,0,0,0,0
64.27592,1,0,3,0,1,0,0,-1,0,0.0000,-1,7,6,8,0,21,0,0,0,0
64.30024,1,0,3,0,1,0,0,-1,0,0.0000,-1,7,6,8,0,21,0,0,0,0
64.32451,1,0,3,0,1,0,0,-1,0,0.0000,-1,7,6,8,0,21,0,0,0,0
64.34863,1,0,3,0,1,0,0,-1,0,0.0000,-1,7,6,8,0,21,0,0,0,0
64.37391,1,0,3,0,1,0,0,-1,1,1.0000,-1,7,6,8,0,21,0,0,0,0
64.39861,1,0,3,0,1,0,0,-1,0,1.0000,-1,7,6,8,0,21,0,0,0,0
64.42132,1,0,3,0,1,0,0,-1,0,1.0000,-1,7,6,8,0,21,0,0,0,0
64.44505,1,0,3,0,1,0,0,-1,0,1.0000,-1,7,6,8,0,21,0,0,0,0
64.46957,1,0,3,0,1,0,0,-1,0,1.0000,-1,7,6,8,0,21,0,0,0,0
64.4933,1,0,3,0,1,0,0,-1,0,1.0000,-1,7,6,8,0,21,0,0,0,0
64.51801,1,0,3,0,1,0,0,-1,0,1.0000,-1,7,6,8,0,21,0,0,0,0
64.54158,1,0,3,0,1,0,0,-1,0,1.0000,-1,7,6,8,0,21,0,0,0,0
64.56567,1,0,3,0,1,0,0,-1,0,1.0000,-1,7,6,8,0,21,0,0,0,0
64.58871,1,0,3,0,1,0,0,-1,0,1.0000,-1,7,6,8,0,21,0,0,0,0
64.6133,1,0,3,0,1,0,0,-1,0,1.0000,-1,7,6,8,0,21,0,0,0,0
64.63705,1,0,3,0,1,0,0,-1,0,1.0000,-1,7,6,8,0,21,0,0,0,0
64.66148,1,0,3,0,1,0,0,-1,0,1.0000,-1,7,6,8,0,21,0,0,0,0
64.6853,1,0,3,0,1,0,0,-1,0,1.0000,-1,7,6,8,0,21,0,0,0,0
64.71041,1,0,3,0,1,0,0,-1,0,1.0000,-1,7,6,8,0,21,0,0,0,0
64.7556,1,0,3,0,0,0,0,-1,0,1.0000,-1,7,6,8,0,21,0,0,0,0
64.76903,1,0,3,0,0,0,0,-1,0,1.0000,-1,7,6,8,0,21,0,0,0,0
64.78596,1,0,3,0,0,0,0,-1,0,1.0000,-1,7,6,8,0,21,0,0,0,0
64.81023,1,0,3,0,0,0,0,-1,0,1.0000,-1,7,6,8,0,21,0,0,0,0
64.83398,1,0,3,0,0,0,0,-1,0,1.0000,-1,7,6,8,0,21,0,0,0,0
64.85815,1,0,3,0,0,0,0,-1,0,1.0000,-1,7,6,8,0,21,0,0,0,0
64.88197,1,0,3,0,0,0,0,-1,0,1.0000,-1,7,6,8,0,21,0,0,0,0
64.90554,1,0,3,0,0,0,0,-1,0,1.0000,-1,7,6,8,0,21,0,0,0,0
64.92983,1,0,3,0,0,0,0,-1,0,1.0000,-1,7,6,8,0,21,0,0,0,0
64.97436,1,0,3,0,0,0,0,-1,0,1.0000,-1,7,6,8,0,21,0,0,0,0
64.98544,1,0,3,0,0,0,1,57,0,1.0000,-1,7,6,8,0,21,0,0,0,0
65.00298,1,0,3,0,0,0,1,57,0,1.0000,-1,7,6,8,0,21,0,0,0,0
65.02702,1,0,3,0,0,0,1,57,0,1.0000,-1,7,6,8,0,21,0,0,0,0
65.05153,1,0,3,0,0,0,1,57,0,1.0000,-1,7,6,8,0,21,0,0,0,0
65.0758,1,0,3,0,0,0,1,57,0,1.0000,-1,7,6,8,0,21,0,0,0,0
65.10081,1,0,3,0,0,0,1,57,0,1.0000,-1,7,6,8,0,21,0,0,0,0
65.12463,1,0,3,0,0,0,1,57,0,1.0000,-1,7,6,8,0,21,0,0,0,0
65.14874,1,0,3,0,0,0,1,57,0,1.0000,-1,7,6,8,0,21,0,0,0,0
65.19392,1,0,3,0,0,0,1,57,1,2.0000,-1,7,6,8,0,21,0,0,0,0
65.20592,1,0,3,0,0,0,1,57,0,2.0000,-1,7,6,8,0,21,0,0,0,0
65.22354,1,0,3,0,0,0,1,57,0,2.0000,-1,7,6,8,0,21,0,0,0,0
65.24822,1,0,3,0,0,0,1,57,0,2.0000,-1,7,6,8,0,21,0,0,0,0
65.27219,1,0,3,0,0,0,1,57,0,2.0000,-1,7,6,8,0,21,0,0,0,0
65.29771,1,0,3,0,0,0,1,57,0,2.0000,-1,7,6,8,0,21,0,0,0,0
65.32176,1,0,3,0,0,0,1,57,0,2.0000,-1,7,6,8,0,21,0,0,0,0
65.34564,1,0,3,0,0,0,0,-1,0,2.0000,57,8,6,8,0,22,0,0,0,0
65.37012,1,0,3,0,0,0,0,-1,1,3.0000,-1,8,6,8,0,22,0,0,0,0
65.41586,1,0,3,0,0,0,0,-1,0,2.0000,-1,8,6,8,0,22,0,0,0,0
65.42712,1,0,3,0,0,0,0,-1,0,2.0000,-1,8,6,8,0,22,0,0,0,0
65.44565,1,0,3,0,0,0,0,-1,0,2.0000,-1,8,6,8,0,22,0,0,0,0
65.47031,1,0,3,0,0,0,0,-1,0,2.0000,-1,8,6,8,0,22,0,0,0,0
65.49486,1,0,3,0,0,0,0,-1,0,2.0000,-1,8,6,8,0,22,0,0,0,0
65.51974,1,0,3,0,0,0,0,-1,0,2.0000,-1,8,6,8,0,22,0,0,0,0
65.54443,1,0,3,0,0,0,0,-1,0,2.0000,-1,8,6,8,0,22,0,0,0,0
65.56959,1,0,3,0,0,0,0,-1,0,2.0000,-1,8,6,8,0,22,0,0,0,0
65.59573,1,0,3,0,0,0,0,-1,0,2.0000,-1,8,6,8,0,22,0,0,0,0
65.6405,1,0,3,0,0,0,0,-1,0,2.0000,-1,8,6,8,0,22,0,0,0,0
65.65234,1,0,3,0,0,0,0,-1,0,2.0000,-1,8,6,8,0,22,0,0,0,0
65.66985,1,0,3,1,0,0,0,-1,0,2.0000,-1,8,6,8,0,22,0,0,0,0
65.69484,1,0,3,1,0,0,0,-1,0,2.0000,-1,8,6,8,0,22,0,0,0,0
65.72028,1,0,3,1,0,0,0,-1,0,2.0000,-1,8,6,8,0,22,0,0,0,0
65.74469,1,0,3,1,0,0,0,-1,0,2.0000,-1,8,6,8,0,22,0,0,0,0
65.76894,1,0,3,1,0,0,0,-1,0,2.0000,-1,8,6,8,0,22,0,0,0,0
65.79472,1,0,3,1,0,0,0,-1,0,2.0000,-1,8,6,8,0,22,0,0,0,0
65.82007,1,0,3,1,0,0,0,-1,0,2.0000,-1,8,6,8,0,22,0,0,0,0
65.86643,1,0,3,1,0,0,0,-1,1,3.0000,-1,8,6,8,0,22,0,0,0,0
65.87859,1,0,3,1,0,0,0,-1,0,3.0000,-1,8,6,8,0,22,0,0,0,0
65.8981,1,0,3,1,0,0,0,-1,0,3.0000,-1,8,6,8,0,22,0,0,0,0
65.92432,1,0,3,1,0,0,0,-1,0,3.0000,-1,8,6,8,0,22,0,0,0,0
65.94984,1,0,3,1,0,0,0,-1,0,3.0000,-1,8,6,8,0,22,0,0,0,0
65.97489,1,0,3,1,0,0,0,-1,0,3.0000,-1,8,6,8,0,22,0,0,0,0
65.99886,1,0,3,1,0,0,0,-1,0,3.0000,-1,8,6,8,0,22,0,0,0,0
66.02307,1,0,3,1,0,0,0,-1,0,3.0000,-1,8,6,8,0,22,0,0,0,0
66.04598,1,0,3,1,0,0,0,-1,0,3.0000,-1,8,6,8,0,22,0,0,0,0
66.06767,1,0,3,1,0,0,0,-1,0,3.0000,-1,8,6,8,0,22,0,0,0,0
66.0892,1,0,3,1,0,0,0,-1,0,3.0000,-1,8,6,8,0,22,0,0,0,0
66.11089,1,0,3,1,0,0,0,-1,0,3.0000,-1,8,6,8,0,22,0,0,0,0
66.13065,1,0,3,0,0,0,0,-1,0,3.0000,-1,8,6,8,0,22,0,0,0,0
66.1528,1,0,3,0,0,0,0,-1,0,3.0000,-1,8,6,8,0,22,0,0,0,0
66.17366,1,0,3,0,0,0,0,-1,0,3.0000,-1,8,6,8,0,22,0,0,0,0
66.19454,1,0,3,0,0,0,0,-1,0,2.0000,-1,8,6,8,0,22,0,0,0,0
66.21427,1,0,3,0,0,0,0,-1,0,2.0000,-1,8,6,8,0,22,0,0,0,0
66.23425,1,0,3,0,0,0,0,-1,0,2.0000,-1,8,6,8,0,22,0,0,0,0
66.27419,1,0,3,0,0,0,1,59,0,2.0000,-1,8,6,8,0,22,0,0,0,0
66.28649,1,0,3,0,0,0,1,59,0,2.0000,-1,8,6,8,0,22,0,0,0,0
66.29883,1,0,3,0,0,0,1,59,0,2.0000,-1,8,6,8,0,22,0,0,0,0
66.31939,1,0,3,0,0,0,1,59,0,2.0000,-1,8,6,8,0,22,0,0,0,0
66.3414,1,0,3,0,0,0,1,59,0,2.0000,-1,8,6,8,0,22,0,0,0,0
66.36186,1,0,3,0,0,0,1,59,0,2.0000,-1,8,6,8,0,22,0,0,0,0
66.38216,1,0,3,0,0,0,1,59,0,1.0000,-1,8,6,8,0,22,0,0,0,0
66.40239,1,0,3,0,0,0,1,59,0,1.0000,-1,8,6,8,0,22,0,0,0,0
66.42315,1,0,3,0,0,0,1,59,0,1.0000,-1,8,6,8,0,22,0,0,0,0
66.44397,1,0,3,0,0,0,1,59,0,1.0000,-1,8,6,8,0,22,0,0,0,0
66.48366,1,0,3,0,1,0,1,59,0,1.0000,-1,8,6,8,0,22,0,0,0,0
66.49522,1,0,3,0,1,0,1,59,0,1.0000,-1,8,6,8,0,22,0,0,0,0
66.51096,1,0,3,0,1,0,1,59,0,1.0000,-1,8,6,8,0,22,0,0,0,0
66.53087,1,0,3,0,1,0,1,59,0,1.0000,-1,8,6,8,0,22,0,0,0,0
66.5536,1,0,3,0,1,0,1,59,0,1.0000,-1,8,6,8,0,22,0,0,0,0
66.57435,1,0,3,0,1,0,1,59,1,2.0000,-1,8,6,8,0,22,0,0,0,0
66.59494,1,0,3,0,1,0,1,59,0,2.0000,-1,8,6,8,0,22,0,0,0,0
66.61544,1,0,3,0,1,0,0,-1,0,2.0000,-1,8,6,8,0,22,0,0,0,0
66.63618,1,0,3,0,1,0,0,-1,0,2.0000,-1,8,6,8,0,22,0,0,0,0
66.65679,1,0,3,0,1,0,0,-1,0,2.0000,-1,8,6,8,0,22,0,0,0,0
66.67782,1,0,3,0,1,0,0,-1,0,2.0000,-1,8,6,8,0,22,0,0,0,0
66.69872,1,0,3,0,1,0,0,-1,0,2.0000,-1,8,6,8,0,22,0,0,0,0
66.72058,1,0,3,0,1,0,0,-1,0,2.0000,-1,8,6,8,0,22,0,0,0,0
66.74269,1,0,3,0,1,0,0,-1,0,2.0000,-1,8,6,8,0,22,0,0,0,0
66.76328,1,0,3,0,1,0,0,-1,0,2.0000,-1,8,6,8,0,22,0,0,0,0
66.7829,1,0,3,0,1,0,0,-1,0,2.0000,-1,8,6,8,0,22,0,0,0,0
66.80383,1,0,3,0,1,0,0,-1,0,2.0000,-1,8,6,8,0,22,0,0,0,0
66.8243,1,0,3,0,1,0,0,-1,0,2.0000,-1,8,6,8,0,22,0,0,0,0
66.84586,1,0,3,0,1,0,0,-1,0,2.0000,-1,8,6,8,0,22,0,0,0,0
66.86614,1,0,3,0,1,0,0,-1,0,2.0000,-1,8,6,8,0,22,0,0,0,0
66.88731,1,0,3,0,1,0,0,-1,0,1.0000,-1,8,6,8,0,22,0,0,0,0
66.90913,1,0,3,0,1,0,0,-1,0,1.0000,-1,8,6,8,0,22,0,0,0,0
66.93047,1,0,3,0,1,0,0,-1,0,1.0000,-1,8,6,8,0,22,0,0,0,0
66.95046,1,0,3,0,1,0,0,-1,0,1.0000,-1,8,6,8,0,22,0,0,0,0
66.97058,1,0,3,0,1,0,0,-1,0,1.0000,-1,8,6,8,0,22,0,0,0,0
66.9912,1,0,3,0,1,0,0,-1,0,1.0000,-1,8,6,8,0,22,0,0,0,0
67.01183,1,0,3,0,1,0,0,-1,0,1.0000,-1,8,6,8,0,22,0,0,0,0
67.03348,1,0,3,0,1,0,0,-1,0,1.0000,-1,8,6,8,0,22,0,0,0,0
67.05492,1,0,3,0,1,0,0,-1,0,1.0000,-1,8,6,8,0,22,0,0,0,0
67.07473,1,0,3,0,1,0,0,-1,0,1.0000,-1,8,6,8,0,22,0,0,0,0
67.11527,1,0,3,0,1,0,0,-1,0,1.0000,-1,8,6,8,0,22,0,0,0,0
67.12586,1,0,3,0,1,0,0,-1,0,1.0000,-1,8,6,8,0,22,0,0,0,0
67.1411,1,0,3,0,1,0,0,-1,0,1.0000,-1,8,6,8,0,22,0,0,0,0
67.16316,1,0,3,0,1,0,0,-1,0,1.0000,-1,8,6,8,0,22,0,0,0,0
67.18395,1,0,3,1,1,0,0,-1,0,1.0000,-1,8,6,8,0,22,0,0,0,0
67.20457,1,0,3,1,1,0,0,-1,0,1.0000,-1,8,6,8,0,22,0,0,0,0
67.2256,1,0,3,1,1,0,0,-1,0,1.0000,-1,8,6,8,0,22,0,0,0,0
67.24667,1,0,3,1,1,0,0,-1,0,1.0000,-1,8,6,8,0,22,0,0,0,0
67.26775,1,0,3,1,1,0,0,-1,0,1.0000,-1,8,6,8,0,22,0,0,0,0
67.28894,1,0,3,1,1,0,0,-1,0,1.0000,-1,8,6,8,0,22,0,0,0,0
67.32883,1,0,3,1,1,0,0,-1,0,1.0000,-1,8,6,8,0,22,0,0,0,0
67.33955,1,0,3,1,1,0,0,-1,0,1.0000,-1,8,6,8,0,22,0,0,0,0
67.35439,1,0,3,1,1,0,0,-1,0,1.0000,-1,8,6,8,0,22,0,0,0,0
67.37521,1,0,3,1,1,0,0,-1,0,1.0000,-1,8,6,8,0,22,0,0,0,0
67.39766,1,0,3,1,1,0,0,-1,0,1.0000,-1,8,6,8,0,22,0,0,0,0
67.41821,1,0,3,1,1,0,0,-1,0,1.0000,-1,8,6,8,0,22,0,0,0,0
67.43955,1,0,3,1,1,0,0,-1,0,1.0000,-1,8,6,8,0,22,0,0,0,0
67.45958,1,0,3,1,1,0,0,-1,0,1.0000,-1,8,6,8,0,22,0,0,0,0
67.47991,1,0,3,1,1,0,0,-1,0,1.0000,-1,8,6,8,0,22,0,0,0,0
67.50159,1,0,3,1,1,0,0,-1,0,1.0000,-1,8,6,8,0,22,0,0,0,0
67.52273,1,0,3,1,1,0,0,-1,0,1.0000,-1,8,6,8,0,22,0,0,0,0
67.54395,1,0,3,1,1,0,0,-1,0,1.0000,-1,8,6,8,0,22,0,0,0,0
67.56529,1,0,3,1,1,0,0,-1,0,1.0000,-1,8,6,8,0,22,0,0,0,0
67.58711,1,0,3,1,1,0,0,-1,0,0.0000,-1,8,6,8,0,22,0,0,0,0
67.60806,1,0,3,1,1,0,0,-1,1,1.0000,-1,8,6,8,0,22,0,0,0,0
67.62856,1,0,3,1,1,0,0,-1,0,1.0000,-1,8,6,8,0,22,0,0,0,0
67.64787,1,0,3,1,1,0,0,-1,0,1.0000,-1,8,6,8,0,22,0,0,0,0
67.66895,1,0,3,1,1,0,0,-1,0,1.0000,-1,8,6,8,0,22,0,0,0,0
67.68916,1,0,3,1,1,0,0,-1,0,1.0000,-1,8,6,8,0,22,0,0,0,0
67.71055,1,0,3,1,1,0,0,-1,0,1.0000,-1,8,6,8,0,22,0,0,0,0
67.74985,1,0,3,1,0,0,0,-1,0,1.0000,-1,8,6,8,0,22,0,0,0,0
67.76217,1,0,3,1,0,0,0,-1,0,1.0000,-1,8,6,8,0,22,0,0,0,0
67.77623,1,0,3,1,0,0,0,-1,0,1.0000,-1,8,6,8,0,22,0,0,0,0
67.79755,1,0,3,1,0,0,0,-1,0,1.0000,-1,8,6,8,0,22,0,0,0,0
67.8178,1,0,3,1,0,0,0,-1,0,1.0000,-1,8,6,8,0,22,0,0,0,0
67.83846,1,0,3,1,0,0,0,-1,0,1.0000,-1,8,6,8,0,22,0,0,0,0
67.85786,1,0,3,1,0,0,0,-1,0,1.0000,-1,8,6,8,0,22,0,0,0,0
67.87868,1,0,3,1,0,0,0,-1,0,1.0000,-1,8,6,8,0,22,0,0,0,0
67.89812,1,0,3,1,0,0,0,-1,0,1.0000,-1,8,6,8,0,22,0,0,0,0
67.91941,1,0,3,1,0,0,0,-1,0,1.0000,-1,8,6,8,0,22,0,0,0,0
67.95747,1,0,3,1,0,0,0,-1,0,1.0000,-1,8,6,8,0,22,0,0,0,0
67.96822,1,0,3,1,0,0,0,-1,0,1.0000,-1,8,6,8,0,22,0,0,0,0
67.9831,1,0,3,1,0,0,0,-1,0,1.0000,-1,8,6,8,0,22,0,0,0,0
68.00342,1,0,3,1,0,0,0,-1,0,1.0000,-1,8,6,8,0,22,0,0,0,0
68.02377,1,0,3,1,0,0,0,-1,0,1.0000,-1,8,6,8,0,22,0,0,0,0
68.04449,1,0,3,1,0,0,0,-1,0,1.0000,-1,8,6,8,0,22,0,0,0,0
68.06371,1,0,3,1,0,0,0,-1,0,1.0000,-1,8,6,8,0,22,0,0,0,0
68.08524,1,0,3,1,0,0,0,-1,0,1.0000,-1,8,6,8,0,22,0,0,0,0
68.10493,1,0,3,1,0,0,0,-1,0,1.0000,-1,8,6,8,0,22,0,0,0,0
68.12521,1,0,3,1,0,0,0,-1,0,1.0000,-1,8,6,8,0,22,0,0,0,0
68.1619,1,0,3,1,0,0,0,-1,0,1.0000,-1,8,6,8,0,22,0,0,0,0
68.17332,1,0,3,1,0,0,0,-1,0,1.0000,-1,8,6,8,0,22,0,0,0,0
68.18697,1,0,3,1,0,0,0,-1,0,1.0000,-1,8,6,8,0,22,0,0,0,0
68.20701,1,0,3,1,0,0,0,-1,0,1.0000,-1,8,6,8,0,22,0,0,0,0
68.22794,1,0,3,1,0,0,0,-1,0,1.0000,-1,8,6,8,0,22,0,0,0,0
68.24796,1,0,3,1,0,0,0,-1,0,1.0000,-1,8,6,8,0,22,0,0,0,0
68.26878,1,0,3,1,0,0,0,-1,0,1.0000,-1,8,6,8,0,22,0,0,0,0
68.2887,1,0,3,1,0,0,0,-1,0,1.0000,-1,8,6,8,0,22,0,0,0,0
68.30808,1,0,3,1,0,0,1,62,0,1.0000,-1,8,6,8,0,22,0,0,0,0
68.32962,1,0,3,1,0,0,1,62,0,1.0000,-1,8,6,8,0,22,0,0,0,0
68.36671,1,0,3,1,0,0,1,62,0,1.0000,-1,8,6,8,0,22,0,0,0,0
68.377,1,0,3,1,0,0,1,62,0,1.0000,-1,8,6,8,0,22,0,0,0,0
68.39384,1,0,3,1,0,0,1,62,0,1.0000,-1,8,6,8,0,22,0,0,0,0
68.41332,1,0,3,1,0,0,1,62,0,1.0000,-1,8,6,8,0,22,0,0,0,0
68.43325,1,0,3,1,0,0,1,62,0,1.0000,-1,8,6,8,0,22,0,0,0,0
68.45329,1,0,3,1,0,0,1,62,0,1.0000,-1,8,6,8,0,22,0,0,0,0
68.47437,1,0,3,1,0,0,1,62,0,1.0000,-1,8,6,8,0,22,0,0,0,0
68.49522,1,0,3,1,0,0,1,62,0,1.0000,-1,8,6,8,0,22,0,0,0,0
68.51538,1,0,3,1,0,0,1,62,0,1.0000,-1,8,6,8,0,22,0,0,0,0
68.53558,1,0,3,1,0,0,1,62,0,1.0000,-1,8,6,8,0,22,0,0,0,0
68.55531,1,0,3,1,1,0,1,62,0,1.0000,-1,8,6,8,0,22,0,0,0,0
68.57565,1,0,3,1,1,0,1,62,0,1.0000,-1,8,6,8,0,22,0,0,0,0
68.59697,1,0,3,1,1,0,1,62,1,2.0000,-1,8,6,8,0,22,0,0,0,0
68.61707,1,0,3,1,1,0,1,62,0,1.0000,-1,8,6,8,0,22,0,0,0,0
68.63692,1,0,3,1,1,0,1,62,0,1.0000,-1,8,6,8,0,22,0,0,0,0
68.65672,1,0,3,1,1,0,1,62,0,1.0000,-1,8,6,8,0,22,0,0,0,0
68.67696,1,0,3,1,1,0,1,62,0,1.0000,-1,8,6,8,0,22,0,0,0,0
68.69714,1,0,3,1,1,0,1,62,0,1.0000,-1,8,6,8,0,22,0,0,0,0
68.71837,1,0,3,1,1,0,1,62,0,1.0000,-1,8,6,8,0,22,0,0,0,0
68.73853,1,0,3,1,1,0,1,62,0,1.0000,-1,8,6,8,0,22,0,0,0,0
68.77741,1,0,3,1,1,0,1,62,0,1.0000,-1,8,6,8,0,22,0,0,0,0
68.78914,1,0,3,1,1,0,1,62,0,1.0000,-1,8,6,8,0,22,0,0,0,0
68.80234,1,0,3,1,1,0,1,62,0,1.0000,-1,8,6,8,0,22,0,0,0,0
68.82283,1,0,3,1,1,0,1,62,0,1.0000,-1,8,6,8,0,22,0,0,0,0
68.84254,1,0,3,1,1,0,1,62,0,1.0000,-1,8,6,8,0,22,0,0,0,0
68.86348,1,0,3,1,1,0,1,62,0,1.0000,-1,8,6,8,0,22,0,0,0,0
68.8847,1,0,3,1,1,0,1,62,0,1.0000,-1,8,6,8,0,22,0,0,0,0
68.90501,1,0,3,1,1,0,1,62,0,1.0000,-1,8,6,8,0,22,0,0,0,0
68.92539,1,0,3,1,1,0,0,-1,1,2.0000,62,9,6,8,0,23,0,0,0,0
68.94511,1,0,3,1,1,0,0,-1,0,2.0000,-1,9,6,8,0,23,0,0,0,0
68.98411,1,0,3,1,1,0,0,-1,0,2.0000,-1,9,6,8,0,23,0,0,0,0
68.99664,1,0,3,1,1,0,0,-1,0,2.0000,-1,9,6,8,0,23,0,0,0,0
69.01015,1,0,3,1,1,0,0,-1,0,2.0000,-1,9,6,8,0,23,0,0,0,0
69.03019,1,0,3,1,1,0,0,-1,0,2.0000,-1,9,6,8,0,23,0,0,0,0
69.05179,1,0,3,1,1,0,0,-1,0,2.0000,-1,9,6,8,0,23,0,0,0,0
69.0727,1,0,3,1,1,0,0,-1,0,2.0000,-1,9,6,8,0,23,0,0,0,0
69.09321,1,0,3,1,1,0,0,-1,0,2.0000,-1,9,6,8,0,23,0,0,0,0
69.11317,1,0,3,1,1,0,0,-1,0,2.0000,-1,9,6,8,0,23,0,0,0,0
69.13392,1,0,3,1,1,0,0,-1,0,2.0000,-1,9,6,8,0,23,0,0,0,0
69.1549,1,0,3,1,1,0,0,-1,0,2.0000,-1,9,6,8,0,23,0,0,0,0
69.1769,1,0,3,1,1,0,0,-1,1,3.0000,-1,9,6,8,0,23,0,0,0,0
69.19434,1,0,3,1,1,0,0,-1,0,3.0000,-1,9,6,8,0,23,0,0,0,0
69.21429,1,0,3,1,0,0,0,-1,0,3.0000,-1,9,6,8,0,23,0,0,0,0
69.23606,1,0,3,1,0,0,0,-1,0,3.0000,-1,9,6,8,0,23,0,0,0,0
69.25537,1,0,3,1,0,0,0,-1,0,3.0000,-1,9,6,8,0,23,0,0,0,0
69.27661,1,0,3,1,0,0,0,-1,0,3.0000,-1,9,6,8,0,23,0,0,0,0
69.29906,1,0,3,1,0,0,0,-1,0,3.0000,-1,9,6,8,0,23,0,0,0,0
69.31755,1,0,3,1,0,0,0,-1,0,3.0000,-1,9,6,8,0,23,0,0,0,0
69.33772,1,0,3,1,0,0,0,-1,0,3.0000,-1,9,6,8,0,23,0,0,0,0
69.35693,1,0,3,1,0,0,0,-1,0,3.0000,-1,9,6,8,0,23,0,0,0,0
69.39762,1,0,3,1,0,0,0,-1,0,3.0000,-1,9,6,8,0,23,0,0,0,0
69.41128,1,0,3,1,0,0,0,-1,0,3.0000,-1,9,6,8,0,23,0,0,0,0
69.42496,1,0,3,1,0,0,0,-1,0,3.0000,-1,9,6,8,0,23,0,0,0,0
69.44189,1,0,3,1,0,0,0,-1,0,3.0000,-1,9,6,8,0,23,0,0,0,0
69.46442,1,0,3,1,0,0,0,-1,0,3.0000,-1,9,6,8,0,23,0,0,0,0
69.48514,1,0,3,1,0,0,0,-1,0,3.0000,-1,9,6,8,0,23,0,0,0,0
69.50321,1,0,3,1,0,0,0,-1,0,3.0000,-1,9,6,8,0,23,0,0,0,0
69.52359,1,0,3,1,0,0,0,-1,0,3.0000,-1,9,6,8,0,23,0,0,0,0
69.54475,1,0,3,1,0,0,0,-1,0,3.0000,-1,9,6,8,0,23,0,0,0,0
69.56491,1,0,3,1,0,0,0,-1,0,3.0000,-1,9,6,8,0,23,0,0,0,0
69.58694,1,0,3,1,0,0,0,-1,0,3.0000,-1,9,6,8,0,23,0,0,0,0
69.6071,1,0,3,1,0,0,0,-1,0,2.0000,-1,9,6,8,0,23,0,0,0,0
69.62549,1,0,3,1,0,0,0,-1,0,2.0000,-1,9,6,8,0,23,0,0,0,0
69.64631,1,0,3,1,0,0,0,-1,0,2.0000,-1,9,6,8,0,23,0,0,0,0
69.66676,1,0,3,1,0,0,0,-1,0,2.0000,-1,9,6,8,0,23,0,0,0,0
69.68798,1,0,3,1,0,0,0,-1,0,2.0000,-1,9,6,8,0,23,0,0,0,0
69.70968,1,0,3,1,0,0,0,-1,0,2.0000,-1,9,6,8,0,23,0,0,0,0
69.73225,1,0,3,1,0,0,0,-1,0,2.0000,-1,9,6,8,0,23,0,0,0,0
69.75082,1,0,3,1,0,0,0,-1,0,2.0000,-1,9,6,8,0,23,0,0,0,0
69.77071,1,0,3,1,0,0,0,-1,0,2.0000,-1,9,6,8,0,23,0,0,0,0
69.79096,1,0,3,1,0,0,0,-1,0,2.0000,-1,9,6,8,0,23,0,0,0,0
69.81278,1,0,3,1,0,0,0,-1,0,2.0000,-1,9,6,8,0,23,0,0,0,0
69.83392,1,0,3,1,0,0,0,-1,0,2.0000,-1,9,6,8,0,23,0,0,0,0
69.8546,1,0,3,1,0,0,0,-1,0,2.0000,-1,9,6,8,0,23,0,0,0,0
69.87546,1,0,3,1,0,0,0,-1,0,2.0000,-1,9,6,8,0,23,0,0,0,0
69.89352,1,0,3,1,0,0,0,-1,0,2.0000,-1,9,6,8,0,23,0,0,0,0
69.91388,1,0,3,1,0,0,0,-1,0,2.0000,-1,9,6,8,0,23,0,0,0,0
69.93454,1,0,3,1,0,0,0,-1,0,1.0000,-1,9,6,8,0,23,0,0,0,0
69.95596,1,0,3,1,0,0,0,-1,0,1.0000,-1,9,6,8,0,23,0,0,0,0
69.97634,1,0,3,1,0,0,0,-1,0,1.0000,-1,9,6,8,0,23,0,0,0,0
69.9975,1,0,3,1,0,0,0,-1,0,1.0000,-1,9,6,8,0,23,0,0,0,0
70.01675,1,0,3,1,0,0,0,-1,0,1.0000,-1,9,6,8,0,23,0,0,0,0
70.0374,1,0,3,1,0,0,0,-1,1,2.0000,-1,9,6,8,0,23,0,0,0,0
70.05946,1,0,3,1,0,0,0,-1,0,2.0000,-1,9,6,8,0,23,0,0,0,0
70.07899,1,0,3,1,0,0,0,-1,0,2.0000,-1,9,6,8,0,23,0,0,0,0
70.09859,1,0,3,1,0,0,0,-1,0,2.0000,-1,9,6,8,0,23,0,0,0,0
70.11958,1,0,3,1,0,0,0,-1,0,2.0000,-1,9,6,8,0,23,0,0,0,0
70.14008,1,0,3,1,0,0,0,-1,0,2.0000,-1,9,6,8,0,23,0,0,0,0
70.16077,1,0,3,1,0,0,0,-1,0,2.0000,-1,9,6,8,0,23,0,0,0,0
70.18214,1,0,3,1,0,0,0,-1,0,1.0000,-1,9,6,8,0,23,0,0,0,0
70.2225,1,0,3,1,0,0,0,-1,0,1.0000,-1,9,6,8,0,23,0,0,0,0
70.23524,1,0,3,1,0,0,0,-1,0,1.0000,-1,9,6,8,0,23,0,0,0,0
70.24812,1,0,3,1,0,0,0,-1,0,1.0000,-1,9,6,8,0,23,0,0,0,0
70.26947,1,0,3,1,0,0,0,-1,0,1.0000,-1,9,6,8,0,23,0,0,0,0
70.29124,1,0,3,1,0,0,0,-1,0,1.0000,-1,9,6,8,0,23,0,0,0,0
70.31214,1,0,3,1,0,0,0,-1,0,1.0000,-1,9,6,8,0,23,0,0,0,0
70.33318,1,0,3,1,0,0,0,-1,0,1.0000,-1,9,6,8,0,23,0,0,0,0
70.3551,1,0,3,1,0,0,0,-1,0,1.0000,-1,9,6,8,0,23,0,0,0,0
70.37607,1,0,3,1,0,0,0,-1,0,1.0000,-1,9,6,8,0,23,0,0,0,0
70.39747,1,0,3,1,0,0,0,-1,0,1.0000,-1,9,6,8,0,23,0,0,0,0
70.41895,1,0,3,1,0,0,0,-1,0,1.0000,-1,9,6,8,0,23,0,0,0,0
70.43787,1,0,3,1,0,0,0,-1,0,1.0000,-1,9,6,8,0,23,0,0,0,0
70.45876,1,0,3,1,0,0,0,-1,0,1.0000,-1,9,6,8,0,23,0,0,0,0
70.4796,1,0,3,1,0,0,0,-1,0,1.0000,-1,9,6,8,0,23,0,0,0,0
70.50111,1,0,3,1,0,0,0,-1,0,1.0000,-1,9,6,8,0,23,0,0,0,0
70.52207,1,0,3,1,0,0,0,-1,0,1.0000,-1,9,6,8,0,23,0,0,0,0
70.54432,1,0,3,1,0,0,0,-1,0,1.0000,-1,9,6,8,0,23,0,0,0,0
70.56425,1,0,3,1,0,0,0,-1,0,1.0000,-1,9,6,8,0,23,0,0,0,0
70.58571,1,0,3,1,0,0,0,-1,0,1.0000,-1,9,6,8,0,23,0,0,0,0
70.60704,1,0,3,1,0,0,0,-1,0,1.0000,-1,9,6,8,0,23,0,0,0,0
70.62775,1,0,3,1,0,0,0,-1,0,1.0000,-1,9,6,8,0,23,0,0,0,0
70.64897,1,0,3,1,0,0,0,-1,0,1.0000,-1,9,6,8,0,23,0,0,0,0
70.67033,1,0,3,1,0,0,0,-1,0,1.0000,-1,9,6,8,0,23,0,0,0,0
70.69145,1,0,3,1,0,0,0,-1,0,1.0000,-1,9,6,8,0,23,0,0,0,0
70.71436,1,0,3,1,0,0,0,-1,0,1.0000,-1,9,6,8,0,23,0,0,0,0
70.73442,1,0,3,1,0,0,0,-1,0,1.0000,-1,9,6,8,0,23,0,0,0,0
70.75513,1,0,3,1,0,0,0,-1,0,1.0000,-1,9,6,8,0,23,0,0,0,0
70.77647,1,0,3,1,0,0,0,-1,0,1.0000,-1,9,6,8,0,23,0,0,0,0
70.7982,1,0,3,1,0,0,0,-1,0,1.0000,-1,9,6,8,0,23,0,0,0,0
70.81979,1,0,3,1,0,0,0,-1,1,2.0000,-1,9,6,8,0,23,0,0,0,0
70.84106,1,0,3,1,0,0,0,-1,0,2.0000,-1,9,6,8,0,23,0,0,0,0
70.86231,1,0,3,1,0,0,0,-1,0,2.0000,-1,9,6,8,0,23,0,0,0,0
70.88342,1,0,3,1,0,0,0,-1,0,2.0000,-1,9,6,8,0,23,0,0,0,0
70.90346,1,0,3,1,0,0,0,-1,0,2.0000,-1,9,6,8,0,23,0,0,0,0
70.9254,1,0,3,1,0,0,0,-1,0,2.0000,-1,9,6,8,0,23,0,0,0,0
70.94704,1,0,3,1,0,0,0,-1,0,2.0000,-1,9,6,8,0,23,0,0,0,0
70.9682,1,0,3,1,0,0,0,-1,0,2.0000,-1,9,6,8,0,23,0,0,0,0
70.99049,1,0,3,1,0,0,0,-1,0,2.0000,-1,9,6,8,0,23,0,0,0,0
71.01183,1,0,3,1,0,0,0,-1,0,2.0000,-1,9,6,8,0,23,0,0,0,0
71.03348,1,0,3,1,0,0,0,-1,0,2.0000,-1,9,6,8,0,23,0,0,0,0
71.05492,1,0,3,1,0,0,0,-1,0,1.0000,-1,9,6,8,0,23,0,0,0,0
71.07655,1,0,3,1,0,0,0,-1,1,2.0000,-1,9,6,8,0,23,0,0,0,0
71.09803,1,0,3,1,0,0,0,-1,0,2.0000,-1,9,6,8,0,23,0,0,0,0
71.12055,1,0,3,1,0,0,0,-1,0,2.0000,-1,9,6,8,0,23,0,0,0,0
71.14284,1,0,3,1,0,0,0,-1,0,2.0000,-1,9,6,8,0,23,0,0,0,0
71.16376,1,0,3,1,0,0,1,68,0,2.0000,-1,9,6,8,0,23,0,0,0,0
71.18402,1,0,3,1,0,0,1,68,0,2.0000,-1,9,6,8,0,23,0,0,0,0
71.20422,1,0,3,1,0,0,1,68,0,2.0000,-1,9,6,8,0,23,0,0,0,0
71.22741,1,0,3,1,0,0,1,68,0,2.0000,-1,9,6,8,0,23,0,0,0,0
71.24809,1,0,3,1,0,0,1,68,0,2.0000,-1,9,6,8,0,23,0,0,0,0
71.26858,1,0,3,1,0,0,1,68,0,2.0000,-1,9,6,8,0,23,0,0,0,0
71.28985,1,0,3,1,0,0,1,68,0,2.0000,-1,9,6,8,0,23,0,0,0,0
71.31048,1,0,3,1,0,0,1,68,0,2.0000,-1,9,6,8,0,23,0,0,0,0
71.33195,1,0,3,1,0,0,1,68,0,2.0000,-1,9,6,8,0,23,0,0,0,0
71.35369,1,0,3,1,0,0,1,68,0,2.0000,-1,9,6,8,0,23,0,0,0,0
71.37395,1,0,3,1,0,0,1,68,0,2.0000,-1,9,6,8,0,23,0,0,0,0
71.39419,1,0,3,1,0,0,1,68,0,2.0000,-1,9,6,8,0,23,0,0,0,0
71.41524,1,0,3,1,0,0,1,68,0,2.0000,-1,9,6,8,0,23,0,0,0,0
71.43612,1,0,3,1,0,0,1,68,0,2.0000,-1,9,6,8,0,23,0,0,0,0
71.45753,1,0,3,1,0,0,1,68,0,2.0000,-1,9,6,8,0,23,0,0,0,0
71.47812,1,0,3,1,0,0,1,68,0,2.0000,-1,9,6,8,0,23,0,0,0,0
71.49967,1,0,3,1,0,0,1,68,0,2.0000,-1,9,6,8,0,23,0,0,0,0
71.52023,1,0,3,1,0,0,1,68,0,2.0000,-1,9,6,8,0,23,0,0,0,0
71.54113,1,0,3,1,0,0,1,68,0,2.0000,-1,9,6,8,0,23,0,0,0,0
71.56252,1,0,3,1,0,0,1,68,0,2.0000,-1,9,6,8,0,23,0,0,0,0
71.58342,1,0,3,1,0,0,1,68,0,2.0000,-1,9,6,8,0,23,0,0,0,0
71.6038,1,0,3,1,0,0,1,68,0,2.0000,-1,9,6,8,0,23,0,0,0,0
71.62398,1,0,3,1,0,0,1,68,0,2.0000,-1,9,6,8,0,23,0,0,0,0
71.64429,1,0,3,1,0,0,1,68,0,2.0000,-1,9,6,8,0,23,0,0,0,0
71.66502,1,0,3,1,0,0,1,68,0,2.0000,-1,9,6,8,0,23,0,0,0,0
71.68632,1,0,3,0,0,0,1,68,0,2.0000,-1,9,6,8,0,23,0,0,0,0
71.70705,1,0,3,0,0,0,1,68,1,3.0000,-1,9,6,8,0,23,0,0,0,0
71.72689,1,0,3,0,0,0,1,68,0,3.0000,-1,9,6,8,0,23,0,0,0,0
71.74756,1,0,3,0,0,0,0,-1,0,3.0000,-1,9,6,8,0,23,0,0,0,0
71.76755,1,0,3,0,0,0,0,-1,0,3.0000,-1,9,6,8,0,23,0,0,0,0
71.78824,1,0,3,0,0,0,0,-1,0,3.0000,-1,9,6,8,0,23,0,0,0,0
71.8097,1,0,3,0,0,0,0,-1,0,3.0000,-1,9,6,8,0,23,0,0,0,0
71.83072,1,0,3,0,0,0,0,-1,0,2.0000,-1,9,6,8,0,23,0,0,0,0
71.85118,1,0,3,0,0,0,0,-1,0,2.0000,68,10,6,8,0,24,0,0,0,0
71.87054,1,0,3,0,0,0,0,-1,0,2.0000,-1,10,6,8,0,24,0,0,0,0
71.90961,1,0,3,0,0,0,0,-1,0,2.0000,-1,10,6,8,0,24,0,0,0,0
71.92254,1,0,3,0,0,0,1,70,0,2.0000,-1,10,6,8,0,24,0,0,0,0
71.93677,1,0,3,0,0,0,1,70,0,2.0000,-1,10,6,8,0,24,0,0,0,0
71.95466,1,0,3,0,0,0,1,70,0,2.0000,-1,10,6,8,0,24,0,0,0,0
71.97614,1,0,3,0,0,0,1,70,0,2.0000,-1,10,6,8,0,24,0,0,0,0
71.99834,1,0,3,0,0,0,1,70,0,2.0000,-1,10,6,8,0,24,0,0,0,0
72.01929,1,0,3,0,0,0,1,70,0,2.0000,-1,10,6,8,0,24,0,0,0,0
72.03843,1,0,3,0,0,0,1,70,0,2.0000,-1,10,6,8,0,24,0,0,0,0
72.05865,1,0,3,0,0,0,1,70,0,2.0000,-1,10,6,8,0,24,0,0,0,0
72.07846,1,0,3,0,0,0,1,70,0,1.0000,-1,10,6,8,0,24,0,0,0,0
72.11797,1,0,3,0,0,0,1,70,0,1.0000,-1,10,6,8,0,24,0,0,0,0
72.12996,1,0,3,0,0,0,1,70,0,1.0000,-1,10,6,8,0,24,0,0,0,0
72.14336,1,0,3,0,0,0,1,70,0,1.0000,-1,10,6,8,0,24,0,0,0,0
72.16605,1,0,3,0,0,0,1,70,0,1.0000,-1,10,6,8,0,24,0,0,0,0
72.18657,1,0,3,0,0,0,1,70,1,2.0000,-1,10,6,8,0,24,0,0,0,0
72.20718,1,0,3,0,0,0,1,70,0,2.0000,-1,10,6,8,0,24,0,0,0,0
72.22646,1,0,3,0,0,0,1,70,0,2.0000,-1,10,6,8,0,24,0,0,0,0
72.24577,3,1,4,0,0,0,0,-1,0,2.0000,70,10,6,9,0,25,0,0,0,0
72.26534,3,0,4,0,0,0,0,-1,0,2.0000,-1,10,6,9,0,25,0,0,0,0
72.28609,3,0,4,0,0,0,0,-1,0,2.0000,-1,10,6,9,0,25,0,0,0,0
72.32262,3,0,4,0,0,0,0,-1,0,2.0000,-1,10,6,9,0,25,0,0,0,0
72.3368,3,0,4,0,0,0,0,-1,0,2.0000,-1,10,6,9,0,25,0,0,0,0
72.34827,3,0,4,0,0,0,0,-1,0,2.0000,-1,10,6,9,0,25,0,0,0,0
72.36787,3,0,4,0,0,0,0,-1,0,2.0000,-1,10,6,9,0,25,0,0,0,0
72.38787,3,0,4,0,0,0,0,-1,0,2.0000,-1,10,6,9,0,25,0,0,0,0
72.40847,3,0,4,0,0,0,0,-1,0,2.0000,-1,10,6,9,0,25,0,0,0,0
72.42725,3,0,4,0,0,0,0,-1,0,2.0000,-1,10,6,9,0,25,0,0,0,0
72.4468,3,0,4,0,0,0,0,-1,0,2.0000,-1,10,6,9,0,25,0,0,0,0
72.46574,3,0,4,0,0,0,0,-1,0,2.0000,-1,10,6,9,0,25,0,0,0,0
72.48624,3,0,4,0,0,0,0,-1,0,2.0000,-1,10,6,9,0,25,0,0,0,0
72.52433,3,0,4,0,0,0,0,-1,0,2.0000,-1,10,6,9,0,25,0,0,0,0
72.53597,3,0,4,0,0,0,0,-1,0,2.0000,-1,10,6,9,0,25,0,0,0,0
72.54881,3,0,4,0,0,0,0,-1,0,2.0000,-1,10,6,9,0,25,0,0,0,0
72.5687,3,0,4,0,0,0,0,-1,0,2.0000,-1,10,6,9,0,25,0,0,0,0
72.58819,3,0,4,0,0,0,0,-1,0,2.0000,-1,10,6,9,0,25,0,0,0,0
72.60836,3,0,4,0,0,0,0,-1,0,2.0000,-1,10,6,9,0,25,0,0,0,0
72.62733,3,0,4,0,0,0,0,-1,0,2.0000,-1,10,6,9,0,25,0,0,0,0
72.64618,3,0,4,0,0,0,0,-1,0,2.0000,-1,10,6,9,0,25,0,0,0,0
72.66576,3,0,4,0,0,0,0,-1,0,2.0000,-1,10,6,9,0,25,0,0,0,0
72.68635,3,0,4,0,0,0,0,-1,0,2.0000,-1,10,6,9,0,25,0,0,0,0
72.70621,3,0,4,0,0,0,0,-1,0,2.0000,-1,10,6,9,0,25,0,0,0,0
72.72372,3,0,4,0,0,0,0,-1,0,1.0000,-1,10,6,9,0,25,0,0,0,0
72.74438,3,0,4,0,0,0,0,-1,0,1.0000,-1,10,6,9,0,25,0,0,0,0
72.76469,3,0,4,0,0,0,0,-1,0,1.0000,-1,10,6,9,0,25,0,0,0,0
72.78403,3,0,4,0,0,0,0,-1,0,1.0000,-1,10,6,9,0,25,0,0,0,0
72.80316,3,0,4,0,0,0,0,-1,0,1.0000,-1,10,6,9,0,25,0,0,0,0
72.82197,3,0,4,0,0,0,0,-1,0,1.0000,-1,10,6,9,0,25,0,0,0,0
72.84293,3,0,4,0,0,0,0,-1,0,1.0000,-1,10,6,9,0,25,0,0,0,0
72.86248,3,0,4,0,0,0,0,-1,0,1.0000,-1,10,6,9,0,25,0,0,0,0
72.88053,3,0,4,0,0,0,0,-1,0,1.0000,-1,10,6,9,0,25,0,0,0,0
72.90085,3,0,4,0,0,0,0,-1,0,1.0000,-1,10,6,9,0,25,0,0,0,0
72.91946,3,0,4,0,0,0,0,-1,0,1.0000,-1,10,6,9,0,25,0,0,0,0
72.95526,3,0,4,0,0,0,0,-1,0,1.0000,-1,10,6,9,0,25,0,0,0,0
72.96713,3,0,4,0,0,0,0,-1,0,1.0000,-1,10,6,9,0,25,0,0,0,0
72.97987,3,0,4,0,0,0,0,-1,0,1.0000,-1,10,6,9,0,25,0,0,0,0
73.0009,3,0,4,0,0,0,0,-1,0,1.0000,-1,10,6,9,0,25,0,0,0,0
73.01931,3,0,4,0,0,0,0,-1,0,1.0000,-1,10,6,9,0,25,0,0,0,0
73.03872,3,0,4,0,0,0,0,-1,0,1.0000,-1,10,6,9,0,25,0,0,0,0
73.05748,3,0,4,0,0,0,0,-1,0,1.0000,-1,10,6,9,0,25,0,0,0,0
73.07638,3,0,4,0,0,0,0,-1,0,1.0000,-1,10,6,9,0,25,0,0,0,0
73.0955,3,0,4,0,0,0,0,-1,0,1.0000,-1,10,6,9,0,25,0,0,0,0
73.11501,3,0,4,0,0,0,0,-1,0,1.0000,-1,10,6,9,0,25,0,0,0,0
73.13317,3,0,4,0,0,0,0,-1,0,1.0000,-1,10,6,9,0,25,0,0,0,0
73.15228,3,0,4,0,0,0,0,-1,0,1.0000,-1,10,6,9,0,25,0,0,0,0
73.17106,3,0,4,0,0,0,0,-1,0,1.0000,-1,10,6,9,0,25,0,0,0,0
73.19082,3,0,4,0,0,0,0,-1,0,0.0000,-1,10,6,9,0,25,0,0,0,0
73.20979,3,0,4,0,0,0,0,-1,0,0.0000,-1,10,6,9,0,25,0,0,0,0
73.22788,3,0,4,0,0,0,0,-1,0,0.0000,-1,10,6,9,0,25,0,0,0,0
73.24674,3,0,4,0,0,0,0,-1,1,1.0000,-1,10,6,9,0,25,0,0,0,0
73.26568,3,0,4,0,0,0,0,-1,0,1.0000,-1,10,6,9,0,25,0,0,0,0
73.28496,3,0,4,0,0,0,0,-1,0,1.0000,-1,10,6,9,0,25,0,0,0,0
73.30363,3,0,4,0,0,0,0,-1,1,2.0000,-1,10,6,9,0,25,0,0,0,0
73.32201,3,0,4,0,0,0,1,71,0,2.0000,-1,10,6,9,0,25,0,0,0,0
73.34179,3,0,4,0,0,0,1,71,0,2.0000,-1,10,6,9,0,25,0,0,0,0
73.37814,3,0,4,0,0,0,1,71,0,2.0000,-1,10,6,9,0,25,0,0,0,0
73.39108,3,0,4,0,0,0,1,71,0,2.0000,-1,10,6,9,0,25,0,0,0,0
73.4037,3,0,4,0,0,0,1,71,0,2.0000,-1,10,6,9,0,25,0,0,0,0
73.4213,3,0,4,0,0,0,1,71,0,2.0000,-1,10,6,9,0,25,0,0,0,0
73.44225,3,0,4,0,0,0,1,71,0,2.0000,-1,10,6,9,0,25,0,0,0,0
73.46188,3,0,4,0,0,0,1,71,0,2.0000,-1,10,6,9,0,25,0,0,0,0
73.48005,3,0,4,0,0,0,1,71,0,2.0000,-1,10,6,9,0,25,0,0,0,0
73.4995,3,0,4,0,0,0,1,71,0,2.0000,-1,10,6,9,0,25,0,0,0,0
73.51928,3,0,4,0,0,0,0,-1,0,2.0000,71,10,6,10,0,26,0,0,0,0
73.53775,3,0,4,0,0,0,0,-1,0,2.0000,-1,10,6,10,0,26,0,0,0,0
73.5565,3,0,4,0,0,0,0,-1,0,2.0000,-1,10,6,10,0,26,0,0,0,0
73.59335,3,0,4,0,0,0,0,-1,0,2.0000,-1,10,6,10,0,26,0,0,0,0
73.60587,3,0,4,0,0,0,0,-1,0,2.0000,-1,10,6,10,0,26,0,0,0,0
73.61854,3,0,4,0,0,0,0,-1,0,2.0000,-1,10,6,10,0,26,0,0,0,0
73.63744,3,0,4,0,0,0,0,-1,0,2.0000,-1,10,6,10,0,26,0,0,0,0
73.65764,3,0,4,0,0,0,0,-1,0,2.0000,-1,10,6,10,0,26,0,0,0,0
73.67652,3,0,4,0,0,0,0,-1,0,2.0000,-1,10,6,10,0,26,0,0,0,0
73.69624,3,0,4,0,0,0,0,-1,0,2.0000,-1,10,6,10,0,26,0,0,0,0
73.715,3,0,4,0,0,0,0,-1,0,2.0000,-1,10,6,10,0,26,0,0,0,0
73.73399,3,0,4,0,0,0,0,-1,0,2.0000,-1,10,6,10,0,26,0,0,0,0
73.75205,3,0,4,0,0,0,0,-1,0,2.0000,-1,10,6,10,0,26,0,0,0,0
73.77364,3,0,4,0,0,0,0,-1,0,2.0000,-1,10,6,10,0,26,0,0,0,0
73.79056,3,0,4,0,0,0,0,-1,0,2.0000,-1,10,6,10,0,26,0,0,0,0
73.80904,3,0,4,0,0,0,0,-1,0,2.0000,-1,10,6,10,0,26,0,0,0,0
73.82859,3,0,4,0,0,0,0,-1,0,2.0000,-1,10,6,10,0,26,0,0,0,0
73.84785,3,0,4,0,0,0,0,-1,1,3.0000,-1,10,6,10,0,26,0,0,0,0
73.86633,3,0,4,0,0,0,0,-1,0,3.0000,-1,10,6,10,0,26,0,0,0,0
73.8852,3,0,4,0,0,0,0,-1,0,3.0000,-1,10,6,10,0,26,0,0,0,0
73.90568,3,0,4,0,0,0,0,-1,0,3.0000,-1,10,6,10,0,26,0,0,0,0
73.92622,3,0,4,0,0,0,0,-1,0,3.0000,-1,10,6,10,0,26,0,0,0,0
73.94679,3,0,4,0,0,0,0,-1,0,3.0000,-1,10,6,10,0,26,0,0,0,0
73.96552,3,0,4,0,0,0,0,-1,0,3.0000,-1,10,6,10,0,26,0,0,0,0
73.98744,3,0,4,0,0,0,0,-1,0,3.0000,-1,10,6,10,0,26,0,0,0,0
74.00652,3,0,4,0,0,0,0,-1,0,3.0000,-1,10,6,10,0,26,0,0,0,0
74.02605,3,0,4,0,0,0,0,-1,0,3.0000,-1,10,6,10,0,26,0,0,0,0
74.04537,3,0,4,0,0,0,0,-1,0,3.0000,-1,10,6,10,0,26,0,0,0,0
74.06622,3,0,4,0,0,0,0,-1,0,3.0000,-1,10,6,10,0,26,0,0,0,0
74.08567,3,0,4,0,0,0,0,-1,0,3.0000,-1,10,6,10,0,26,0,0,0,0
74.10342,3,0,4,0,0,0,0,-1,0,3.0000,-1,10,6,10,0,26,0,0,0,0
74.12407,3,0,4,0,0,0,0,-1,1,4.0000,-1,10,6,10,0,26,0,0,0,0
74.14568,3,0,4,0,0,0,0,-1,0,4.0000,-1,10,6,10,0,26,0,0,0,0
74.16514,3,0,4,0,0,0,0,-1,0,4.0000,-1,10,6,10,0,26,0,0,0,0
74.18478,3,0,4,0,0,0,0,-1,0,4.0000,-1,10,6,10,0,26,0,0,0,0
74.2055,3,0,4,0,0,0,0,-1,0,4.0000,-1,10,6,10,0,26,0,0,0,0
74.22391,3,0,4,0,0,0,0,-1,0,4.0000,-1,10,6,10,0,26,0,0,0,0
74.24364,3,0,4,0,0,0,0,-1,0,4.0000,-1,10,6,10,0,26,0,0,0,0
74.26228,3,0,4,0,0,0,0,-1,0,3.0000,-1,10,6,10,0,26,0,0,0,0
74.28074,3,0,4,0,0,0,0,-1,0,3.0000,-1,10,6,10,0,26,0,0,0,0
74.30008,3,0,4,0,0,0,0,-1,0,3.0000,-1,10,6,10,0,26,0,0,0,0
74.31806,3,0,4,0,0,0,0,-1,0,2.0000,-1,10,6,10,0,26,0,0,0,0
74.33681,3,0,4,0,0,0,0,-1,0,2.0000,-1,10,6,10,0,26,0,0,0,0
74.35555,3,0,4,0,0,0,0,-1,0,2.0000,-1,10,6,10,0,26,0,0,0,0
74.37374,3,0,4,0,0,0,0,-1,0,2.0000,-1,10,6,10,0,26,0,0,0,0
74.3922,3,0,4,0,0,0,0,-1,0,2.0000,-1,10,6,10,0,26,0,0,0,0
74.41225,3,0,4,0,0,0,0,-1,0,2.0000,-1,10,6,10,0,26,0,0,0,0
74.431,3,0,4,0,0,0,0,-1,0,2.0000,-1,10,6,10,0,26,0,0,0,0
74.44979,3,0,4,0,0,0,0,-1,1,3.0000,-1,10,6,10,0,26,0,0,0,0
74.46939,3,0,4,0,0,0,0,-1,0,3.0000,-1,10,6,10,0,26,0,0,0,0
74.48679,3,0,4,0,0,0,0,-1,0,3.0000,-1,10,6,10,0,26,0,0,0,0
74.50685,3,0,4,0,0,0,0,-1,0,3.0000,-1,10,6,10,0,26,0,0,0,0
74.52449,3,0,4,0,0,0,0,-1,0,3.0000,-1,10,6,10,0,26,0,0,0,0
74.54389,3,0,4,0,0,0,0,-1,0,3.0000,-1,10,6,10,0,26,0,0,0,0
74.56311,3,0,4,0,0,0,0,-1,0,3.0000,-1,10,6,10,0,26,0,0,0,0
74.58141,3,0,4,0,0,0,0,-1,0,3.0000,-1,10,6,10,0,26,0,0,0,0
74.59956,3,0,4,0,0,0,0,-1,0,3.0000,-1,10,6,10,0,26,0,0,0,0
74.61911,3,0,4,0,0,0,1,74,0,3.0000,-1,10,6,10,0,26,0,0,0,0
74.63694,3,0,4,0,0,0,1,74,0,3.0000,-1,10,6,10,0,26,0,0,0,0
74.65633,3,0,4,0,0,0,1,74,0,3.0000,-1,10,6,10,0,26,0,0,0,0
74.67534,3,0,4,0,0,0,1,74,0,3.0000,-1,10,6,10,0,26,0,0,0,0
74.6927,3,0,4,0,0,0,1,74,0,3.0000,-1,10,6,10,0,26,0,0,0,0
74.71155,3,0,4,0,0,0,1,74,0,3.0000,-1,10,6,10,0,26,0,0,0,0
74.73145,3,0,4,0,0,0,1,74,0,3.0000,-1,10,6,10,0,26,0,0,0,0
74.75504,3,0,4,0,0,0,1,74,0,3.0000,-1,10,6,10,0,26,0,0,0,0
74.77026,3,0,4,0,0,0,1,74,0,3.0000,-1,10,6,10,0,26,0,0,0,0
74.78796,3,0,4,0,0,0,1,74,0,3.0000,-1,10,6,10,0,26,0,0,0,0
74.80869,3,0,4,0,0,0,1,74,0,3.0000,-1,10,6,10,0,26,0,0,0,0
74.82994,3,0,4,0,0,0,1,74,0,3.0000,-1,10,6,10,0,26,0,0,0,0
74.86534,3,0,4,0,0,0,1,74,1,3.0000,-1,10,6,10,0,26,0,0,0,0
74.88001,3,0,4,0,0,0,0,-1,0,3.0000,-1,10,6,10,0,26,0,0,0,0
74.89382,3,0,4,0,0,0,0,-1,0,3.0000,-1,10,6,10,0,26,0,0,0,0
74.90858,3,0,4,0,0,0,0,-1,0,3.0000,-1,10,6,10,0,26,0,0,0,0
74.92857,3,0,4,0,0,0,0,-1,0,3.0000,-1,10,6,10,0,26,0,0,0,0
74.94719,3,0,4,0,0,0,0,-1,0,3.0000,-1,10,6,10,0,26,0,0,0,0
74.96585,3,0,4,0,0,0,0,-1,0,3.0000,-1,10,6,10,0,26,0,0,0,0
74.98466,3,0,4,0,0,0,0,-1,0,3.0000,-1,10,6,10,0,26,0,0,0,0
75.00416,3,0,4,0,0,0,0,-1,0,3.0000,-1,10,6,10,0,26,0,0,0,0
75.0227,3,0,4,0,0,0,0,-1,0,3.0000,-1,10,6,10,0,26,0,0,0,0
75.04204,3,0,4,0,0,0,0,-1,0,3.0000,-1,10,6,10,0,26,0,0,0,0
75.06218,3,0,4,0,0,0,0,-1,1,4.0000,-1,10,6,10,0,26,0,0,0,0
75.08057,3,0,4,0,0,0,0,-1,0,4.0000,-1,10,6,10,0,26,0,0,0,0
75.09826,3,0,4,0,0,0,0,-1,0,4.0000,-1,10,6,10,0,26,0,0,0,0
75.11761,3,0,4,0,0,0,0,-1,0,4.0000,-1,10,6,10,0,26,0,0,0,0
75.13725,3,0,4,0,0,0,0,-1,0,3.0000,-1,10,6,10,0,26,0,0,0,0
75.15686,3,0,4,0,0,0,0,-1,0,3.0000,-1,10,6,10,0,26,0,0,0,0
75.17461,3,0,4,0,0,0,0,-1,0,3.0000,-1,10,6,10,0,26,0,0,0,0
75.19463,3,0,4,0,0,0,0,-1,0,3.0000,-1,10,6,10,0,26,0,0,0,0
75.21378,3,0,4,0,0,0,0,-1,0,3.0000,-1,10,6,10,0,26,0,0,0,0
75.23079,3,0,4,0,0,0,0,-1,0,3.0000,-1,10,6,10,0,26,0,0,0,0
75.2522,3,0,4,0,0,0,0,-1,0,3.0000,-1,10,6,10,0,26,0,0,0,0
75.27063,3,0,4,0,0,0,0,-1,0,3.0000,-1,10,6,10,0,26,0,0,0,0
75.28891,3,0,4,0,0,0,0,-1,0,3.0000,-1,10,6,10,0,26,0,0,0,0
75.30695,3,0,4,0,0,0,0,-1,1,4.0000,-1,10,6,10,0,26,0,0,0,0
75.32808,3,0,4,0,0,0,0,-1,0,4.0000,-1,10,6,10,0,26,0,0,0,0
75.34364,3,0,4,0,0,0,0,-1,0,4.0000,-1,10,6,10,0,26,0,0,0,0
75.36462,3,0,4,0,0,0,0,-1,0,4.0000,-1,10,6,10,0,26,0,0,0,0
75.38406,3,0,4,0,0,0,0,-1,0,4.0000,-1,10,6,10,0,26,0,0,0,0
75.40069,3,0,4,0,0,0,0,-1,0,4.0000,-1,10,6,10,0,26,0,0,0,0
75.41945,3,0,4,0,0,0,0,-1,0,4.0000,-1,10,6,10,0,26,0,0,0,0
75.44131,3,0,4,0,0,0,0,-1,0,4.0000,-1,10,6,10,0,26,0,0,0,0
75.45827,3,0,4,0,0,0,0,-1,0,3.0000,-1,10,6,10,0,26,0,0,0,0
75.47543,3,0,4,0,0,0,0,-1,0,3.0000,-1,10,6,10,0,26,0,0,0,0
75.49672,3,0,4,0,0,0,0,-1,0,3.0000,-1,10,6,10,0,26,0,0,0,0
75.51517,3,0,4,0,0,0,0,-1,0,3.0000,-1,10,6,10,0,26,0,0,0,0
75.53234,3,0,4,0,0,0,0,-1,0,3.0000,-1,10,6,10,0,26,0,0,0,0
75.55206,3,0,4,0,0,0,0,-1,0,3.0000,-1,10,6,10,0,26,0,0,0,0
75.56961,3,0,4,0,0,0,0,-1,0,3.0000,-1,10,6,10,0,26,0,0,0,0
75.58644,3,0,4,0,0,0,0,-1,0,3.0000,-1,10,6,10,0,26,0,0,0,0
75.6077,3,0,4,0,0,0,0,-1,0,3.0000,-1,10,6,10,0,26,0,0,0,0
75.62453,3,0,4,0,0,0,0,-1,0,3.0000,-1,10,6,10,0,26,0,0,0,0
75.6419,3,0,4,0,0,0,0,-1,0,3.0000,-1,10,6,10,0,26,0,0,0,0
75.66308,3,0,4,0,0,0,0,-1,0,3.0000,-1,10,6,10,0,26,0,0,0,0
75.68037,3,0,4,0,0,0,0,-1,0,3.0000,-1,10,6,10,0,26,0,0,0,0
75.69765,3,0,4,0,0,0,0,-1,0,3.0000,-1,10,6,10,0,26,0,0,0,0
75.71882,3,0,4,0,0,0,0,-1,0,3.0000,-1,10,6,10,0,26,0,0,0,0
75.73692,3,0,4,0,0,0,0,-1,0,3.0000,-1,10,6,10,0,26,0,0,0,0
75.75355,3,0,4,0,0,0,0,-1,0,3.0000,-1,10,6,10,0,26,0,0,0,0
75.77385,3,0,4,0,0,0,0,-1,0,3.0000,-1,10,6,10,0,26,0,0,0,0
75.79209,3,0,4,0,0,0,0,-1,0,3.0000,-1,10,6,10,0,26,0,0,0,0
75.8084,3,0,4,0,0,0,0,-1,0,3.0000,-1,10,6,10,0,26,0,0,0,0
75.8307,3,0,4,0,0,0,0,-1,0,3.0000,-1,10,6,10,0,26,0,0,0,0
75.84892,3,0,4,0,0,0,0,-1,0,3.0000,-1,10,6,10,0,26,0,0,0,0
75.86544,3,0,4,0,0,0,0,-1,0,2.0000,-1,10,6,10,0,26,0,0,0,0
75.88644,3,0,4,0,0,0,0,-1,0,2.0000,-1,10,6,10,0,26,0,0,0,0
75.90421,3,0,4,0,0,0,0,-1,0,2.0000,-1,10,6,10,0,26,0,0,0,0
75.92168,3,0,4,0,0,0,0,-1,0,2.0000,-1,10,6,10,0,26,0,0,0,0
75.94141,3,0,4,0,0,0,0,-1,0,2.0000,-1,10,6,10,0,26,0,0,0,0
75.9614,3,0,4,0,0,0,0,-1,0,2.0000,-1,10,6,10,0,26,0,0,0,0
75.97854,3,0,4,0,0,0,0,-1,0,2.0000,-1,10,6,10,0,26,0,0,0,0
75.99776,3,0,4,0,0,0,0,-1,0,2.0000,-1,10,6,10,0,26,0,0,0,0
76.01766,3,0,4,0,0,0,0,-1,0,2.0000,-1,10,6,10,0,26,0,0,0,0
76.03583,3,0,4,0,0,0,0,-1,0,2.0000,-1,10,6,10,0,26,0,0,0,0
76.05253,3,0,4,0,0,0,0,-1,0,2.0000,-1,10,6,10,0,26,0,0,0,0
76.07391,3,0,4,0,0,0,0,-1,0,1.0000,-1,10,6,10,0,26,0,0,0,0
76.09087,3,0,4,0,0,0,0,-1,0,1.0000,-1,10,6,10,0,26,0,0,0,0
76.11014,3,0,4,0,0,0,0,-1,0,1.0000,-1,10,6,10,0,26,0,0,0,0
76.12941,3,0,4,0,0,0,0,-1,0,1.0000,-1,10,6,10,0,26,0,0,0,0
76.14705,3,0,4,0,0,0,0,-1,0,1.0000,-1,10,6,10,0,26,0,0,0,0
76.1655,3,0,4,0,0,0,0,-1,0,1.0000,-1,10,6,10,0,26,0,0,0,0
76.18406,3,0,4,0,0,0,0,-1,0,1.0000,-1,10,6,10,0,26,0,0,0,0
76.20202,3,0,4,0,0,0,0,-1,0,1.0000,-1,10,6,10,0,26,0,0,0,0
76.21887,3,0,4,0,0,0,0,-1,0,1.0000,-1,10,6,10,0,26,0,0,0,0
76.23956,3,0,4,0,0,0,0,-1,0,1.0000,-1,10,6,10,0,26,0,0,0,0
76.25803,3,0,4,0,0,0,0,-1,0,1.0000,-1,10,6,10,0,26,0,0,0,0
76.27505,3,0,4,0,0,0,0,-1,0,1.0000,-1,10,6,10,0,26,0,0,0,0
76.29342,3,0,4,0,0,0,0,-1,0,1.0000,-1,10,6,10,0,26,0,0,0,0
76.31165,3,0,4,0,0,0,0,-1,0,0.0000,-1,10,6,10,0,26,0,0,0,0
76.33018,3,0,4,0,0,0,0,-1,1,1.0000,-1,10,6,10,0,26,0,0,0,0
76.35162,3,0,4,0,0,0,0,-1,0,1.0000,-1,10,6,10,0,26,0,0,0,0
76.36949,3,0,4,0,0,0,0,-1,0,1.0000,-1,10,6,10,0,26,0,0,0,0
76.38799,3,0,4,0,0,0,0,-1,0,1.0000,-1,10,6,10,0,26,0,0,0,0
76.40588,3,0,4,0,0,0,0,-1,0,1.0000,-1,10,6,10,0,26,0,0,0,0
76.4244,3,0,4,0,0,0,0,-1,0,1.0000,-1,10,6,10,0,26,0,0,0,0
76.4436,3,0,4,0,0,0,0,-1,0,1.0000,-1,10,6,10,0,26,0,0,0,0
76.46188,3,0,4,0,0,0,0,-1,0,1.0000,-1,10,6,10,0,26,0,0,0,0
76.48058,3,0,4,0,0,0,0,-1,0,1.0000,-1,10,6,10,0,26,0,0,0,0
76.51482,3,0,4,0,0,0,0,-1,0,1.0000,-1,10,6,10,0,26,0,0,0,0
76.52647,3,0,4,0,0,0,0,-1,0,1.0000,-1,10,6,10,0,26,0,0,0,0
76.54001,3,0,4,0,0,0,0,-1,0,1.0000,-1,10,6,10,0,26,0,0,0,0
76.55934,3,0,4,0,0,0,0,-1,0,1.0000,-1,10,6,10,0,26,0,0,0,0
76.5785,3,0,4,0,0,0,0,-1,0,1.0000,-1,10,6,10,0,26,0,0,0,0
76.59759,3,0,4,0,0,0,0,-1,0,1.0000,-1,10,6,10,0,26,0,0,0,0
76.61692,3,0,4,0,0,0,0,-1,0,1.0000,-1,10,6,10,0,26,0,0,0,0
76.63566,3,0,4,0,0,0,0,-1,0,1.0000,-1,10,6,10,0,26,0,0,0,0
76.65431,3,0,4,0,0,0,0,-1,0,1.0000,-1,10,6,10,0,26,0,0,0,0
76.67315,3,0,4,0,0,0,0,-1,0,1.0000,-1,10,6,10,0,26,0,0,0,0
76.69285,3,0,4,0,0,0,0,-1,0,1.0000,-1,10,6,10,0,26,0,0,0,0
76.72758,3,0,4,0,0,0,0,-1,0,1.0000,-1,10,6,10,0,26,0,0,0,0
76.7377,3,0,4,0,0,0,0,-1,0,1.0000,-1,10,6,10,0,26,0,0,0,0
76.75224,3,0,4,0,0,0,0,-1,0,1.0000,-1,10,6,10,0,26,0,0,0,0
76.7715,3,0,4,0,0,0,0,-1,0,1.0000,-1,10,6,10,0,26,0,0,0,0
76.79066,3,0,4,0,0,0,0,-1,0,1.0000,-1,10,6,10,0,26,0,0,0,0
76.80974,3,0,4,0,0,0,0,-1,0,1.0000,-1,10,6,10,0,26,0,0,0,0
76.82854,3,0,4,0,0,0,0,-1,1,2.0000,-1,10,6,10,0,26,0,0,0,0
76.8484,3,0,4,0,0,0,0,-1,0,2.0000,-1,10,6,10,0,26,0,0,0,0
76.86807,3,0,4,1,0,0,0,-1,0,2.0000,-1,10,6,10,0,26,0,0,0,0
76.88717,3,0,4,1,0,0,0,-1,0,2.0000,-1,10,6,10,0,26,0,0,0,0
76.90768,3,0,4,1,0,0,0,-1,0,2.0000,-1,10,6,10,0,26,0,0,0,0
76.94212,3,0,4,1,0,0,0,-1,0,2.0000,-1,10,6,10,0,26,0,0,0,0
76.95296,3,0,4,1,0,0,0,-1,0,2.0000,-1,10,6,10,0,26,0,0,0,0
76.96473,3,0,4,1,0,0,0,-1,0,2.0000,-1,10,6,10,0,26,0,0,0,0
76.98353,3,0,4,1,0,0,0,-1,0,2.0000,-1,10,6,10,0,26,0,0,0,0
77.00347,3,0,4,1,0,0,0,-1,1,3.0000,-1,10,6,10,0,26,0,0,0,0
77.02187,3,0,4,1,0,0,0,-1,0,3.0000,-1,10,6,10,0,26,0,0,0,0
77.04033,3,0,4,1,0,0,0,-1,0,3.0000,-1,10,6,10,0,26,0,0,0,0
77.06058,3,0,4,1,0,0,0,-1,1,4.0000,-1,10,6,10,0,26,0,0,0,0
77.07931,3,0,4,1,0,0,0,-1,0,4.0000,-1,10,6,10,0,26,0,0,0,0
77.09775,3,0,4,1,0,0,0,-1,0,4.0000,-1,10,6,10,0,26,0,0,0,0
77.11655,3,0,4,1,0,0,0,-1,0,4.0000,-1,10,6,10,0,26,0,0,0,0
77.13474,3,0,4,1,0,0,0,-1,0,4.0000,-1,10,6,10,0,26,0,0,0,0
77.15379,3,0,4,1,0,0,0,-1,0,4.0000,-1,10,6,10,0,26,0,0,0,0
77.17397,3,0,4,1,0,0,0,-1,1,5.0000,-1,10,6,10,0,26,0,0,0,0
77.19097,3,0,4,1,0,0,0,-1,0,5.0000,-1,10,6,10,0,26,0,0,0,0
77.21037,3,0,4,1,0,0,0,-1,0,5.0000,-1,10,6,10,0,26,0,0,0,0
77.22818,3,0,4,1,0,0,0,-1,0,5.0000,-1,10,6,10,0,26,0,0,0,0
77.24695,3,0,4,1,0,0,0,-1,0,5.0000,-1,10,6,10,0,26,0,0,0,0
77.26547,3,0,4,1,0,0,0,-1,0,5.0000,-1,10,6,10,0,26,0,0,0,0
77.28548,3,0,4,1,0,0,0,-1,0,5.0000,-1,10,6,10,0,26,0,0,0,0
77.30345,3,0,4,1,0,0,0,-1,0,5.0000,-1,10,6,10,0,26,0,0,0,0
77.32133,3,0,4,1,0,0,0,-1,1,6.0000,-1,10,6,10,0,26,0,0,0,0
77.35692,3,0,4,1,0,0,0,-1,0,5.0000,-1,10,6,10,0,26,0,0,0,0
77.36787,3,0,4,1,0,0,0,-1,0,5.0000,-1,10,6,10,0,26,0,0,0,0
77.38107,3,0,4,1,0,0,0,-1,0,5.0000,-1,10,6,10,0,26,0,0,0,0
77.40047,3,0,4,1,0,0,0,-1,0,5.0000,-1,10,6,10,0,26,0,0,0,0
77.41923,3,0,4,1,0,0,0,-1,0,5.0000,-1,10,6,10,0,26,0,0,0,0
77.43906,3,0,4,1,0,0,0,-1,0,5.0000,-1,10,6,10,0,26,0,0,0,0
77.45775,3,0,4,1,0,0,0,-1,0,5.0000,-1,10,6,10,0,26,0,0,0,0
77.47516,3,0,4,1,0,0,0,-1,1,6.0000,-1,10,6,10,0,26,0,0,0,0
77.4971,3,0,4,1,0,0,0,-1,0,6.0000,-1,10,6,10,0,26,0,0,0,0
77.51302,3,0,4,1,0,0,0,-1,0,6.0000,-1,10,6,10,0,26,0,0,0,0
77.53104,3,0,4,1,0,0,0,-1,0,6.0000,-1,10,6,10,0,26,0,0,0,0
77.55059,3,0,4,1,0,0,0,-1,0,6.0000,-1,10,6,10,0,26,0,0,0,0
77.56975,3,0,4,1,0,0,0,-1,0,6.0000,-1,10,6,10,0,26,0,0,0,0
77.58986,3,0,4,1,1,0,0,-1,0,6.0000,-1,10,6,10,0,26,0,0,0,0
77.60889,3,0,4,1,1,0,0,-1,0,6.0000,-1,10,6,10,0,26,0,0,0,0
77.62889,3,0,4,1,1,0,0,-1,0,6.0000,-1,10,6,10,0,26,0,0,0,0
77.64725,3,0,4,1,1,0,0,-1,1,7.0000,-1,10,6,10,0,26,0,0,0,0
77.66897,3,0,4,1,1,0,0,-1,0,7.0000,-1,10,6,10,0,26,0,0,0,0
77.68549,3,0,4,1,1,0,0,-1,0,7.0000,-1,10,6,10,0,26,0,0,0,0
77.70431,3,0,4,1,1,0,0,-1,0,7.0000,-1,10,6,10,0,26,0,0,0,0
77.72514,3,0,4,1,1,0,1,81,0,7.0000,-1,10,6,10,0,26,0,0,0,0
77.74263,3,0,4,1,1,0,1,81,0,7.0000,-1,10,6,10,0,26,0,0,0,0
77.76121,3,0,4,1,1,0,1,81,0,7.0000,-1,10,6,10,0,26,0,0,0,0
77.78092,3,0,4,1,1,0,1,81,0,7.0000,-1,10,6,10,0,26,0,0,0,0
77.79923,3,0,4,1,1,0,1,81,0,7.0000,-1,10,6,10,0,26,0,0,0,0
77.81889,3,0,4,1,1,0,1,81,0,7.0000,-1,10,6,10,0,26,0,0,0,0
77.83879,3,0,4,1,1,0,1,81,0,6.0000,-1,10,6,10,0,26,0,0,0,0
77.85504,3,0,4,1,1,0,1,81,0,6.0000,-1,10,6,10,0,26,0,0,0,0
77.87655,3,0,4,1,1,0,1,81,0,6.0000,-1,10,6,10,0,26,0,0,0,0
77.89452,3,0,4,1,1,0,1,81,0,6.0000,-1,10,6,10,0,26,0,0,0,0
77.91393,3,0,4,1,1,0,1,81,1,7.0000,-1,10,6,10,0,26,0,0,0,0
77.93221,3,0,4,1,1,0,1,81,0,7.0000,-1,10,6,10,0,26,0,0,0,0
77.95491,3,0,4,1,1,0,1,81,0,7.0000,-1,10,6,10,0,26,0,0,0,0
77.99316,3,0,4,1,1,0,1,81,0,7.0000,-1,10,6,10,0,26,0,0,0,0
78.00697,3,0,4,1,1,0,1,81,0,6.0000,-1,10,6,10,0,26,0,0,0,0
78.02057,3,0,4,1,1,0,1,81,0,6.0000,-1,10,6,10,0,26,0,0,0,0
78.04307,3,0,4,1,1,0,1,81,0,6.0000,-1,10,6,10,0,26,0,0,0,0
78.06492,3,0,4,1,1,0,1,81,0,5.0000,-1,10,6,10,0,26,0,0,0,0
78.08729,3,0,4,1,1,0,1,81,0,5.0000,-1,10,6,10,0,26,0,0,0,0
78.10671,3,0,4,1,1,0,1,81,0,5.0000,-1,10,6,10,0,26,0,0,0,0
78.12979,3,0,4,1,1,0,1,81,0,5.0000,-1,10,6,10,0,26,0,0,0,0
78.14991,3,0,4,1,1,0,1,81,0,5.0000,-1,10,6,10,0,26,0,0,0,0
78.17486,3,0,4,1,1,0,1,81,0,4.0000,-1,10,6,10,0,26,0,0,0,0
78.19756,3,0,4,1,1,0,1,81,1,5.0000,-1,10,6,10,0,26,0,0,0,0
78.22026,3,0,4,1,1,0,0,-1,0,5.0000,-1,10,6,10,0,26,0,0,0,0
78.24404,3,0,4,1,1,0,0,-1,0,5.0000,81,10,6,11,0,27,0,0,0,0
78.2668,3,0,4,1,1,0,0,-1,0,5.0000,-1,10,6,11,0,27,0,0,0,0
78.29196,3,0,4,1,1,0,0,-1,0,5.0000,-1,10,6,11,0,27,0,0,0,0
78.31551,3,0,4,0,1,0,0,-1,0,5.0000,-1,10,6,11,0,27,0,0,0,0
78.34006,3,0,4,0,1,0,0,-1,0,4.0000,-1,10,6,11,0,27,0,0,0,0
78.36453,3,0,4,0,1,0,0,-1,0,4.0000,-1,10,6,11,0,27,0,0,0,0
78.38877,3,0,4,0,1,0,0,-1,0,4.0000,-1,10,6,11,0,27,0,0,0,0
78.43312,3,0,4,0,1,0,0,-1,0,4.0000,-1,10,6,11,0,27,0,0,0,0
78.44524,3,0,4,0,1,0,0,-1,0,4.0000,-1,10,6,11,0,27,0,0,0,0
78.46363,3,0,4,0,1,0,0,-1,1,5.0000,-1,10,6,11,0,27,0,0,0,0
78.48762,3,0,4,0,1,0,0,-1,0,4.0000,-1,10,6,11,0,27,0,0,0,0
78.51128,3,0,4,0,1,0,0,-1,0,4.0000,-1,10,6,11,0,27,0,0,0,0
78.53492,3,0,4,0,1,0,0,-1,0,4.0000,-1,10,6,11,0,27,0,0,0,0
78.55872,3,0,4,0,1,0,0,-1,0,4.0000,-1,10,6,11,0,27,0,0,0,0
78.58237,3,0,4,0,1,0,0,-1,0,4.0000,-1,10,6,11,0,27,0,0,0,0
78.60656,3,0,4,0,1,0,0,-1,0,4.0000,-1,10,6,11,0,27,0,0,0,0
78.64964,3,0,4,0,0,0,0,-1,1,4.0000,-1,10,6,11,0,27,0,0,0,0
78.66337,3,0,4,0,0,0,0,-1,0,4.0000,-1,10,6,11,0,27,0,0,0,0
78.67826,3,0,4,0,0,0,0,-1,0,4.0000,-1,10,6,11,0,27,0,0,0,0
78.70166,3,0,4,0,0,0,0,-1,0,4.0000,-1,10,6,11,0,27,0,0,0,0
78.72512,3,0,4,0,0,0,0,-1,0,4.0000,-1,10,6,11,0,27,0,0,0,0
78.74883,3,0,4,0,0,0,0,-1,0,4.0000,-1,10,6,11,0,27,0,0,0,0
78.77258,3,0,4,0,0,0,0,-1,0,4.0000,-1,10,6,11,0,27,0,0,0,0
78.79694,3,0,4,0,0,0,0,-1,0,4.0000,-1,10,6,11,0,27,0,0,0,0
78.82122,3,0,4,0,0,0,0,-1,0,4.0000,-1,10,6,11,0,27,0,0,0,0
78.86641,3,0,4,0,0,0,0,-1,0,4.0000,-1,10,6,11,0,27,0,0,0,0
78.87857,3,0,4,0,0,0,0,-1,0,4.0000,-1,10,6,11,0,27,0,0,0,0
78.89342,3,0,4,0,0,0,1,84,0,4.0000,-1,10,6,11,0,27,0,0,0,0
78.91857,3,0,4,0,0,0,1,84,1,4.0000,-1,10,6,11,0,27,0,0,0,0
78.94157,3,0,4,0,0,0,1,84,0,4.0000,-1,10,6,11,0,27,0,0,0,0
78.96594,3,0,4,0,0,0,1,84,0,4.0000,-1,10,6,11,0,27,0,0,0,0
78.98906,3,0,4,0,0,0,1,84,0,4.0000,-1,10,6,11,0,27,0,0,0,0
79.01282,3,0,4,0,0,0,1,84,0,4.0000,-1,10,6,11,0,27,0,0,0,0
79.03688,3,0,4,0,0,0,1,84,0,4.0000,-1,10,6,11,0,27,0,0,0,0
79.08138,3,0,4,0,0,0,1,84,0,4.0000,-1,10,6,11,0,27,0,0,0,0
79.09364,3,0,4,0,0,0,1,84,0,4.0000,-1,10,6,11,0,27,0,0,0,0
79.1106,3,0,4,0,0,0,1,84,0,4.0000,-1,10,6,11,0,27,0,0,0,0
79.13451,3,0,4,0,0,0,1,84,0,4.0000,-1,10,6,11,0,27,0,0,0,0
79.1586,3,0,4,0,0,0,1,84,0,4.0000,-1,10,6,11,0,27,0,0,0,0
79.18223,3,0,4,0,0,0,1,84,0,4.0000,-1,10,6,11,0,27,0,0,0,0
79.20592,3,0,4,0,0,0,1,84,1,4.0000,-1,10,6,11,0,27,0,0,0,0
79.22924,3,0,4,0,0,0,1,84,0,4.0000,-1,10,6,11,0,27,0,0,0,0
79.25291,3,0,4,0,0,0,1,84,0,4.0000,-1,10,6,11,0,27,0,0,0,0
79.29672,3,0,4,0,0,0,1,84,0,4.0000,-1,10,6,11,0,27,0,0,0,0
79.30859,3,0,4,0,0,0,1,84,0,4.0000,-1,10,6,11,0,27,0,0,0,0
79.32474,3,0,4,0,0,0,1,84,0,4.0000,-1,10,6,11,0,27,0,0,0,0
79.34966,3,0,4,0,0,0,1,84,0,4.0000,-1,10,6,11,0,27,0,0,0,0
79.37317,3,0,4,0,0,0,1,84,0,4.0000,-1,10,6,11,0,27,0,0,0,0
79.39796,3,0,4,0,0,0,1,84,0,4.0000,-1,10,6,11,0,27,0,0,0,0
79.42154,3,0,4,0,0,0,1,84,0,4.0000,-1,10,6,11,0,27,0,0,0,0
79.44477,3,0,4,0,0,0,1,84,0,4.0000,-1,10,6,11,0,27,0,0,0,0
79.46838,3,0,4,0,0,0,1,84,1,4.0000,-1,10,6,11,0,27,0,0,0,0
79.51203,3,0,4,0,0,0,1,84,0,4.0000,-1,10,6,11,0,27,0,0,0,0
79.52328,3,0,4,0,0,0,0,-1,0,4.0000,84,10,6,12,0,28,0,0,0,0
79.54259,3,0,4,0,0,0,0,-1,0,4.0000,-1,10,6,12,0,28,0,0,0,0
79.56674,3,0,4,0,0,0,0,-1,0,4.0000,-1,10,6,12,0,28,0,0,0,0
79.59023,3,0,4,0,0,0,0,-1,0,4.0000,-1,10,6,12,0,28,0,0,0,0
79.61385,3,0,4,0,0,0,0,-1,0,4.0000,-1,10,6,12,0,28,0,0,0,0
79.63773,3,0,4,0,0,0,0,-1,0,4.0000,-1,10,6,12,0,28,0,0,0,0
79.66259,3,0,4,0,0,0,0,-1,1,4.0000,-1,10,6,12,0,28,0,0,0,0
79.6861,3,0,4,0,0,0,0,-1,0,4.0000,-1,10,6,12,0,28,0,0,0,0
79.73016,3,0,4,0,0,0,0,-1,0,4.0000,-1,10,6,12,0,28,0,0,0,0
79.74158,3,0,4,0,0,0,0,-1,0,4.0000,-1,10,6,12,0,28,0,0,0,0
79.75859,3,0,4,0,0,0,0,-1,0,4.0000,-1,10,6,12,0,28,0,0,0,0
79.78221,3,0,4,0,0,0,0,-1,0,4.0000,-1,10,6,12,0,28,0,0,0,0
79.80588,3,0,4,0,0,0,0,-1,0,4.0000,-1,10,6,12,0,28,0,0,0,0
79.82991,3,0,4,0,0,0,0,-1,0,4.0000,-1,10,6,12,0,28,0,0,0,0
79.85513,3,0,4,0,0,0,0,-1,0,4.0000,-1,10,6,12,0,28,0,0,0,0
79.87769,3,0,4,0,0,0,0,-1,0,4.0000,-1,10,6,12,0,28,0,0,0,0
79.90163,3,0,4,0,0,0,0,-1,0,4.0000,-1,10,6,12,0,28,0,0,0,0
79.92502,3,0,4,0,0,0,0,-1,0,3.0000,-1,10,6,12,0,28,0,0,0,0
79.94891,3,0,4,0,0,0,0,-1,0,3.0000,-1,10,6,12,0,28,0,0,0,0
79.9729,3,0,4,0,0,0,0,-1,0,3.0000,-1,10,6,12,0,28,0,0,0,0
79.9967,3,0,4,0,0,0,0,-1,0,3.0000,-1,10,6,12,0,28,0,0,0,0
80.02076,3,0,4,0,0,0,0,-1,0,3.0000,-1,10,6,12,0,28,0,0,0,0
80.04452,3,0,4,0,0,0,0,-1,0,3.0000,-1,10,6,12,0,28,0,0,0,0
80.06795,3,0,4,0,0,0,0,-1,0,3.0000,-1,10,6,12,0,28,0,0,0,0
80.09182,3,0,4,0,0,0,0,-1,1,4.0000,-1,10,6,12,0,28,0,0,0,0
80.1149,3,0,4,0,0,0,0,-1,0,4.0000,-1,10,6,12,0,28,0,0,0,0
80.13889,3,0,4,0,0,0,0,-1,0,4.0000,-1,10,6,12,0,28,0,0,0,0
80.16297,3,0,4,0,0,0,0,-1,0,4.0000,-1,10,6,12,0,28,0,0,0,0
80.18727,3,0,4,0,0,0,0,-1,0,4.0000,-1,10,6,12,0,28,0,0,0,0
80.21089,3,0,4,0,0,0,0,-1,0,3.0000,-1,10,6,12,0,28,0,0,0,0
80.23347,3,0,4,0,0,0,0,-1,0,3.0000,-1,10,6,12,0,28,0,0,0,0
80.25784,3,0,4,0,0,0,0,-1,0,3.0000,-1,10,6,12,0,28,0,0,0,0
80.28125,3,0,4,0,0,0,0,-1,0,3.0000,-1,10,6,12,0,28,0,0,0,0
80.3045,3,0,4,0,0,0,0,-1,0,3.0000,-1,10,6,12,0,28,0,0,0,0
80.32905,3,0,4,0,0,0,0,-1,1,4.0000,-1,10,6,12,0,28,0,0,0,0
80.37319,3,0,4,0,0,0,0,-1,0,4.0000,-1,10,6,12,0,28,0,0,0,0
80.38502,3,0,4,0,0,0,0,-1,0,4.0000,-1,10,6,12,0,28,0,0,0,0
80.40271,3,0,4,0,0,0,0,-1,0,4.0000,-1,10,6,12,0,28,0,0,0,0
80.42658,3,0,4,0,0,0,0,-1,0,4.0000,-1,10,6,12,0,28,0,0,0,0
80.45136,3,0,4,0,0,0,0,-1,0,4.0000,-1,10,6,12,0,28,0,0,0,0
80.47459,3,0,4,0,0,0,0,-1,0,3.0000,-1,10,6,12,0,28,0,0,0,0
80.49872,3,0,4,0,0,0,0,-1,0,3.0000,-1,10,6,12,0,28,0,0,0,0
80.52277,3,0,4,0,0,0,0,-1,1,4.0000,-1,10,6,12,0,28,0,0,0,0
80.54646,3,0,4,0,0,0,0,-1,0,4.0000,-1,10,6,12,0,28,0,0,0,0
80.57139,3,0,4,0,0,0,0,-1,0,4.0000,-1,10,6,12,0,28,0,0,0,0
80.59518,3,0,4,0,0,0,0,-1,0,4.0000,-1,10,6,12,0,28,0,0,0,0
80.61921,3,0,4,0,0,0,0,-1,0,4.0000,-1,10,6,12,0,28,0,0,0,0
80.64357,3,0,4,0,0,0,1,88,0,4.0000,-1,10,6,12,0,28,0,0,0,0
80.66724,3,0,4,0,0,0,1,88,0,3.0000,-1,10,6,12,0,28,0,0,0,0
80.69082,3,0,4,0,0,0,1,88,0,3.0000,-1,10,6,12,0,28,0,0,0,0
80.71529,3,0,4,0,0,0,1,88,1,4.0000,-1,10,6,12,0,28,0,0,0,0
80.73974,3,0,4,0,0,0,1,88,0,4.0000,-1,10,6,12,0,28,0,0,0,0
80.76408,3,0,4,0,0,0,1,88,0,4.0000,-1,10,6,12,0,28,0,0,0,0
80.78828,3,0,4,0,0,0,1,88,0,4.0000,-1,10,6,12,0,28,0,0,0,0
80.81244,3,0,4,0,0,0,1,88,0,4.0000,-1,10,6,12,0,28,0,0,0,0
80.83696,3,0,4,0,0,0,1,88,0,4.0000,-1,10,6,12,0,28,0,0,0,0
80.86126,3,0,4,0,0,0,1,88,0,4.0000,-1,10,6,12,0,28,0,0,0,0
80.88555,3,0,4,0,0,0,1,88,0,4.0000,-1,10,6,12,0,28,0,0,0,0
80.91039,3,0,4,0,0,0,1,88,0,4.0000,-1,10,6,12,0,28,0,0,0,0
80.93391,3,0,4,0,0,0,1,88,0,4.0000,-1,10,6,12,0,28,0,0,0,0
80.95803,3,0,4,0,0,0,0,-1,1,5.0000,-1,10,6,12,0,28,0,0,0,0
80.98305,3,0,4,0,0,0,0,-1,0,5.0000,-1,10,6,12,0,28,0,0,0,0
81.02859,3,0,4,0,0,0,0,-1,0,5.0000,-1,10,6,12,0,28,0,0,0,0
81.04106,3,0,4,0,0,0,0,-1,0,5.0000,-1,10,6,12,0,28,0,0,0,0
81.05804,3,0,4,0,0,0,0,-1,0,5.0000,-1,10,6,12,0,28,0,0,0,0
81.08218,3,0,4,0,0,0,0,-1,0,5.0000,-1,10,6,12,0,28,0,0,0,0
81.10622,3,0,4,0,0,0,0,-1,0,4.0000,-1,10,6,12,0,28,0,0,0,0
81.13065,3,0,4,0,0,0,0,-1,1,5.0000,-1,10,6,12,0,28,0,0,0,0
81.155,3,0,4,0,0,0,0,-1,0,5.0000,-1,10,6,12,0,28,0,0,0,0
81.18007,3,0,4,0,0,0,0,-1,0,5.0000,-1,10,6,12,0,28,0,0,0,0
81.20824,3,0,4,0,0,0,0,-1,0,5.0000,-1,10,6,12,0,28,0,0,0,0
81.23228,3,0,4,0,0,0,0,-1,0,5.0000,-1,10,6,12,0,28,0,0,0,0
81.2574,3,0,4,0,0,0,0,-1,0,5.0000,-1,10,6,12,0,28,0,0,0,0
81.2823,3,0,4,0,0,0,0,-1,0,5.0000,-1,10,6,12,0,28,0,0,0,0
81.30643,3,0,4,0,0,0,0,-1,0,5.0000,-1,10,6,12,0,28,0,0,0,0
81.33108,3,0,4,0,0,0,0,-1,0,4.0000,-1,10,6,12,0,28,0,0,0,0
81.35548,3,0,4,0,0,0,0,-1,1,5.0000,-1,10,6,12,0,28,0,0,0,0
81.38042,3,0,4,0,0,0,0,-1,0,5.0000,-1,10,6,12,0,28,0,0,0,0
81.40474,3,0,4,0,0,0,0,-1,0,5.0000,-1,10,6,12,0,28,0,0,0,0
81.42865,3,0,4,0,0,0,0,-1,0,5.0000,-1,10,6,12,0,28,0,0,0,0
81.45285,3,0,4,0,0,0,0,-1,1,6.0000,-1,10,6,12,0,28,0,0,0,0
81.4769,3,0,4,0,0,0,0,-1,0,6.0000,-1,10,6,12,0,28,0,0,0,0
81.50085,3,0,4,0,0,0,0,-1,0,6.0000,-1,10,6,12,0,28,0,0,0,0
81.52438,3,0,4,0,0,0,0,-1,0,5.0000,-1,10,6,12,0,28,0,0,0,0
81.54914,3,0,4,0,0,0,0,-1,0,5.0000,-1,10,6,12,0,28,0,0,0,0
81.57397,3,0,4,0,0,0,0,-1,0,5.0000,-1,10,6,12,0,28,0,0,0,0
81.59866,3,0,4,0,0,0,0,-1,0,5.0000,-1,10,6,12,0,28,0,0,0,0
81.62231,3,0,4,0,0,0,0,-1,0,5.0000,-1,10,6,12,0,28,0,0,0,0
81.64721,3,0,4,0,0,0,0,-1,0,5.0000,-1,10,6,12,0,28,0,0,0,0
81.67088,3,0,4,0,0,0,0,-1,0,5.0000,-1,10,6,12,0,28,0,0,0,0
81.69554,3,0,4,0,0,0,0,-1,0,5.0000,-1,10,6,12,0,28,0,0,0,0
81.71976,3,0,4,0,0,0,0,-1,1,5.0000,-1,10,6,12,0,28,0,0,0,0
81.74397,3,0,4,0,0,0,0,-1,0,5.0000,-1,10,6,12,0,28,0,0,0,0
81.76722,3,0,4,0,0,0,0,-1,0,5.0000,-1,10,6,12,0,28,0,0,0,0
81.79214,3,0,4,0,0,0,0,-1,0,5.0000,-1,10,6,12,0,28,0,0,0,0
81.81648,3,0,4,0,0,0,0,-1,0,5.0000,-1,10,6,12,0,28,0,0,0,0
81.84005,3,0,4,1,0,0,0,-1,0,5.0000,-1,10,6,12,0,28,0,0,0,0
81.86552,3,0,4,1,0,0,0,-1,1,6.0000,-1,10,6,12,0,28,0,0,0,0
81.91106,3,0,4,1,0,0,0,-1,0,6.0000,-1,10,6,12,0,28,0,0,0,0
81.92207,3,0,4,1,0,0,0,-1,0,6.0000,-1,10,6,12,0,28,0,0,0,0
81.9398,3,0,4,1,0,0,0,-1,0,6.0000,-1,10,6,12,0,28,0,0,0,0
81.965,3,0,4,1,0,0,0,-1,0,5.0000,-1,10,6,12,0,28,0,0,0,0
81.98902,3,0,4,1,0,0,0,-1,0,5.0000,-1,10,6,12,0,28,0,0,0,0
82.01331,3,0,4,1,0,0,0,-1,0,5.0000,-1,10,6,12,0,28,0,0,0,0
82.03718,3,0,4,1,0,0,0,-1,0,5.0000,-1,10,6,12,0,28,0,0,0,0
82.06207,3,0,4,1,0,0,0,-1,0,5.0000,-1,10,6,12,0,28,0,0,0,0
82.08685,3,0,4,1,0,0,0,-1,1,6.0000,-1,10,6,12,0,28,0,0,0,0
82.11108,3,0,4,1,0,0,0,-1,0,6.0000,-1,10,6,12,0,28,0,0,0,0
82.13563,3,0,4,1,0,0,0,-1,0,5.0000,-1,10,6,12,0,28,0,0,0,0
82.15967,3,0,4,1,0,0,0,-1,0,5.0000,-1,10,6,12,0,28,0,0,0,0
82.18492,3,0,4,1,0,0,0,-1,0,5.0000,-1,10,6,12,0,28,0,0,0,0
82.20931,3,0,4,1,0,0,0,-1,0,5.0000,-1,10,6,12,0,28,0,0,0,0
82.23461,3,0,4,1,0,0,0,-1,0,5.0000,-1,10,6,12,0,28,0,0,0,0
82.25811,3,0,4,1,0,0,0,-1,0,5.0000,-1,10,6,12,0,28,0,0,0,0
82.28292,3,0,4,1,0,0,1,89,0,5.0000,-1,10,6,12,0,28,0,0,0,0
82.3074,3,0,4,1,0,0,1,89,1,6.0000,-1,10,6,12,0,28,0,0,0,0
82.35148,3,0,4,1,0,0,1,89,0,6.0000,-1,10,6,12,0,28,0,0,0,0
82.36272,3,0,4,1,0,0,1,89,0,5.0000,-1,10,6,12,0,28,0,0,0,0
82.38096,3,0,4,1,0,0,1,89,0,5.0000,-1,10,6,12,0,28,0,0,0,0
82.40546,3,0,4,1,0,0,1,89,0,5.0000,-1,10,6,12,0,28,0,0,0,0
82.4305,3,0,4,1,0,0,1,89,0,5.0000,-1,10,6,12,0,28,0,0,0,0
82.45539,3,0,4,1,0,0,1,89,0,4.0000,-1,10,6,12,0,28,0,0,0,0
82.47795,3,0,4,1,0,0,1,89,0,4.0000,-1,10,6,12,0,28,0,0,0,0
82.50152,3,0,4,1,0,0,1,89,1,5.0000,-1,10,6,12,0,28,0,0,0,0
82.52449,3,0,4,0,0,0,1,89,0,5.0000,-1,10,6,12,0,28,0,0,0,0
82.56721,3,0,4,0,0,0,1,89,0,5.0000,-1,10,6,12,0,28,0,0,0,0
82.57802,3,0,4,0,1,0,1,89,0,5.0000,-1,10,6,12,0,28,0,0,0,0
82.59538,3,0,4,0,1,0,1,89,0,5.0000,-1,10,6,12,0,28,0,0,0,0
82.61819,3,0,4,0,1,0,1,89,0,5.0000,-1,10,6,12,0,28,0,0,0,0
82.64051,3,0,4,0,1,0,1,89,0,5.0000,-1,10,6,12,0,28,0,0,0,0
82.66298,3,0,4,0,1,0,0,-1,0,5.0000,89,10,6,13,0,29,0,0,0,0
82.68454,3,0,4,0,1,0,0,-1,0,5.0000,-1,10,6,13,0,29,0,0,0,0
82.70544,3,0,4,0,1,0,0,-1,0,5.0000,-1,10,6,13,0,29,0,0,0,0
82.7268,3,0,4,0,1,0,0,-1,1,5.0000,-1,10,6,13,0,29,0,0,0,0
82.76574,3,0,4,0,1,0,0,-1,0,5.0000,-1,10,6,13,0,29,0,0,0,0
82.77646,3,0,4,0,1,0,0,-1,0,5.0000,-1,10,6,13,0,29,0,0,0,0
82.79129,3,0,4,0,1,0,0,-1,0,5.0000,-1,10,6,13,0,29,0,0,0,0
82.81222,3,0,4,0,1,0,0,-1,0,5.0000,-1,10,6,13,0,29,0,0,0,0
82.83218,3,0,4,0,1,0,0,-1,0,5.0000,-1,10,6,13,0,29,0,0,0,0
82.85284,3,0,4,0,1,0,1,90,0,5.0000,-1,10,6,13,0,29,0,0,0,0
82.87415,3,0,4,0,1,0,1,90,0,4.0000,-1,10,6,13,0,29,0,0,0,0
82.89402,3,0,4,0,1,0,1,90,0,4.0000,-1,10,6,13,0,29,0,0,0,0
82.91341,3,0,4,0,1,0,1,90,1,5.0000,-1,10,6,13,0,29,0,0,0,0
82.93239,3,0,4,0,1,0,1,90,0,5.0000,-1,10,6,13,0,29,0,0,0,0
82.95387,3,0,4,0,1,0,1,90,0,5.0000,-1,10,6,13,0,29,0,0,0,0
82.97581,3,0,4,0,1,0,1,90,0,5.0000,-1,10,6,13,0,29,0,0,0,0
82.99474,3,0,4,0,1,0,1,90,0,5.0000,-1,10,6,13,0,29,0,0,0,0
83.01509,3,0,4,0,1,0,1,90,0,5.0000,-1,10,6,13,0,29,0,0,0,0
83.03497,3,0,4,0,1,0,1,90,0,5.0000,-1,10,6,13,0,29,0,0,0,0
83.05495,3,0,4,0,1,0,1,90,0,5.0000,-1,10,6,13,0,29,0,0,0,0
83.07627,3,0,4,0,1,0,1,90,0,5.0000,-1,10,6,13,0,29,0,0,0,0
83.09647,3,0,4,0,1,0,1,90,0,4.0000,-1,10,6,13,0,29,0,0,0,0
83.11649,3,0,4,0,1,0,1,90,1,5.0000,-1,10,6,13,0,29,0,0,0,0
83.13645,3,0,4,0,1,0,1,90,0,5.0000,-1,10,6,13,0,29,0,0,0,0
83.15636,3,0,4,0,1,0,0,-1,0,5.0000,90,10,6,14,0,30,0,0,0,0
83.1756,3,0,4,0,1,0,0,-1,0,5.0000,-1,10,6,14,0,30,0,0,0,0
83.19771,3,0,4,0,1,0,0,-1,0,5.0000,-1,10,6,14,0,30,0,0,0,0
83.21812,3,0,4,0,1,0,0,-1,0,5.0000,-1,10,6,14,0,30,0,0,0,0
83.23791,3,0,4,0,1,0,0,-1,0,5.0000,-1,10,6,14,0,30,0,0,0,0
83.25586,3,0,4,0,1,0,0,-1,0,5.0000,-1,10,6,14,0,30,0,0,0,0
83.27628,3,0,4,0,1,0,0,-1,0,5.0000,-1,10,6,14,0,30,0,0,0,0
83.29986,3,0,4,0,1,0,0,-1,0,5.0000,-1,10,6,14,0,30,0,0,0,0
83.31886,3,0,4,0,1,0,0,-1,1,5.0000,-1,10,6,14,0,30,0,0,0,0
83.33769,3,0,4,0,1,0,0,-1,0,5.0000,-1,10,6,14,0,30,0,0,0,0
83.37547,3,0,4,0,1,0,0,-1,0,5.0000,-1,10,6,14,0,30,0,0,0,0
83.38885,3,0,4,0,1,0,0,-1,0,5.0000,-1,10,6,14,0,30,0,0,0,0
83.40257,3,0,4,0,1,0,0,-1,0,5.0000,-1,10,6,14,0,30,0,0,0,0
83.41965,3,0,4,0,1,0,0,-1,0,5.0000,-1,10,6,14,0,30,0,0,0,0
83.44223,3,0,4,0,1,0,0,-1,0,5.0000,-1,10,6,14,0,30,0,0,0,0
83.46184,3,0,4,0,1,0,0,-1,0,5.0000,-1,10,6,14,0,30,0,0,0,0
83.48201,3,0,4,0,1,0,0,-1,0,5.0000,-1,10,6,14,0,30,0,0,0,0
83.50166,3,0,4,0,1,0,0,-1,0,4.0000,-1,10,6,14,0,30,0,0,0,0
83.52101,3,0,4,0,1,0,0,-1,0,4.0000,-1,10,6,14,0,30,0,0,0,0
83.54316,3,0,4,0,1,0,0,-1,0,4.0000,-1,10,6,14,0,30,0,0,0,0
83.56294,3,0,4,0,1,0,0,-1,0,4.0000,-1,10,6,14,0,30,0,0,0,0
83.58366,3,0,4,0,1,0,0,-1,0,4.0000,-1,10,6,14,0,30,0,0,0,0
83.60328,3,0,4,0,1,0,0,-1,0,4.0000,-1,10,6,14,0,30,0,0,0,0
83.62259,3,0,4,0,1,0,0,-1,0,4.0000,-1,10,6,14,0,30,0,0,0,0
83.64392,3,0,4,0,0,0,0,-1,0,4.0000,-1,10,6,14,0,30,0,0,0,0
83.66598,3,0,4,0,0,0,0,-1,0,4.0000,-1,10,6,14,0,30,0,0,0,0
83.68529,3,0,4,0,0,0,0,-1,0,4.0000,-1,10,6,14,0,30,0,0,0,0
83.70621,3,0,4,0,0,0,0,-1,0,4.0000,-1,10,6,14,0,30,0,0,0,0
83.7262,3,0,4,0,0,0,0,-1,0,4.0000,-1,10,6,14,0,30,0,0,0,0
83.74707,3,0,4,0,0,0,0,-1,1,4.0000,-1,10,6,14,0,30,0,0,0,0
83.7878,3,0,4,0,0,0,0,-1,0,4.0000,-1,10,6,14,0,30,0,0,0,0
83.80017,3,0,4,0,0,0,0,-1,0,4.0000,-1,10,6,14,0,30,0,0,0,0
83.81272,3,0,4,0,0,0,0,-1,0,4.0000,-1,10,6,14,0,30,0,0,0,0
83.83373,3,0,4,0,0,0,0,-1,0,4.0000,-1,10,6,14,0,30,0,0,0,0
83.85539,3,0,4,0,0,0,0,-1,0,4.0000,-1,10,6,14,0,30,0,0,0,0
83.87718,3,0,4,0,0,0,0,-1,0,4.0000,-1,10,6,14,0,30,0,0,0,0
83.8977,3,0,4,0,0,0,0,-1,0,4.0000,-1,10,6,14,0,30,0,0,0,0
83.91869,3,0,4,0,0,0,0,-1,0,3.0000,-1,10,6,14,0,30,0,0,0,0
83.93922,3,0,4,0,0,0,0,-1,0,3.0000,-1,10,6,14,0,30,0,0,0,0
83.95979,3,0,4,0,0,0,0,-1,0,3.0000,-1,10,6,14,0,30,0,0,0,0
83.98082,3,0,4,0,0,0,0,-1,0,3.0000,-1,10,6,14,0,30,0,0,0,0
84.00199,3,0,4,0,0,0,0,-1,0,3.0000,-1,10,6,14,0,30,0,0,0,0
84.02246,3,0,4,0,0,0,0,-1,0,3.0000,-1,10,6,14,0,30,0,0,0,0
84.04368,3,0,4,0,0,0,0,-1,0,3.0000,-1,10,6,14,0,30,0,0,0,0
84.06384,3,0,4,0,0,0,0,-1,0,3.0000,-1,10,6,14,0,30,0,0,0,0
84.08413,3,0,4,0,0,0,0,-1,0,3.0000,-1,10,6,14,0,30,0,0,0,0
84.10495,3,0,4,0,0,0,0,-1,0,3.0000,-1,10,6,14,0,30,0,0,0,0
84.12553,3,0,4,0,0,0,0,-1,0,2.0000,-1,10,6,14,0,30,0,0,0,0
84.14522,3,0,4,0,0,0,0,-1,0,2.0000,-1,10,6,14,0,30,0,0,0,0
84.16647,3,0,4,0,0,0,0,-1,0,2.0000,-1,10,6,14,0,30,0,0,0,0
84.20637,3,0,4,0,0,0,0,-1,0,2.0000,-1,10,6,14,0,30,0,0,0,0
84.21928,3,0,4,0,0,0,0,-1,0,2.0000,-1,10,6,14,0,30,0,0,0,0
84.23251,3,0,4,0,0,0,0,-1,0,2.0000,-1,10,6,14,0,30,0,0,0,0
84.25341,3,0,4,0,0,0,0,-1,0,2.0000,-1,10,6,14,0,30,0,0,0,0
84.27496,3,0,4,0,0,0,0,-1,1,3.0000,-1,10,6,14,0,30,0,0,0,0
84.29572,3,0,4,0,0,0,0,-1,0,3.0000,-1,10,6,14,0,30,0,0,0,0
84.31658,3,0,4,0,0,0,0,-1,0,3.0000,-1,10,6,14,0,30,0,0,0,0
84.33719,3,0,4,0,0,0,0,-1,0,2.0000,-1,10,6,14,0,30,0,0,0,0
84.35823,3,0,4,0,0,0,0,-1,0,2.0000,-1,10,6,14,0,30,0,0,0,0
84.3772,3,0,4,0,0,0,0,-1,0,2.0000,-1,10,6,14,0,30,0,0,0,0
84.41689,3,0,4,0,0,0,0,-1,0,2.0000,-1,10,6,14,0,30,0,0,0,0
84.42825,3,0,4,0,0,0,0,-1,0,2.0000,-1,10,6,14,0,30,0,0,0,0
84.4428,3,0,4,0,0,0,0,-1,0,2.0000,-1,10,6,14,0,30,0,0,0,0
84.46375,3,0,4,0,0,0,0,-1,0,2.0000,-1,10,6,14,0,30,0,0,0,0
84.4847,3,0,4,0,0,0,1,94,0,2.0000,-1,10,6,14,0,30,0,0,0,0
84.5051,3,0,4,0,0,0,1,94,0,2.0000,-1,10,6,14,0,30,0,0,0,0
84.52596,3,0,4,0,0,0,1,94,0,2.0000,-1,10,6,14,0,30,0,0,0,0
84.54641,3,0,4,0,0,0,1,94,0,2.0000,-1,10,6,14,0,30,0,0,0,0
84.56673,3,0,4,0,0,0,1,94,0,2.0000,-1,10,6,14,0,30,0,0,0,0
84.58842,3,0,4,0,0,0,1,94,0,2.0000,-1,10,6,14,0,30,0,0,0,0
84.62737,3,0,4,0,0,0,1,94,1,3.0000,-1,10,6,14,0,30,0,0,0,0
84.63884,3,0,4,0,0,0,1,94,0,3.0000,-1,10,6,14,0,30,0,0,0,0
84.65368,3,0,4,0,0,0,1,94,0,3.0000,-1,10,6,14,0,30,0,0,0,0
84.67528,3,0,4,0,0,0,1,94,0,3.0000,-1,10,6,14,0,30,0,0,0,0
84.69662,3,0,4,0,0,0,1,94,0,3.0000,-1,10,6,14,0,30,0,0,0,0
84.71663,3,0,4,0,0,0,1,94,0,3.0000,-1,10,6,14,0,30,0,0,0,0
84.73775,3,0,4,0,0,0,1,94,0,3.0000,-1,10,6,14,0,30,0,0,0,0
84.75871,3,0,4,0,0,0,1,94,0,2.0000,-1,10,6,14,0,30,0,0,0,0
84.77852,3,0,4,0,0,0,1,94,0,2.0000,-1,10,6,14,0,30,0,0,0,0
84.79953,3,0,4,0,0,0,1,94,0,2.0000,-1,10,6,14,0,30,0,0,0,0
84.8206,3,0,4,0,0,0,1,94,0,2.0000,-1,10,6,14,0,30,0,0,0,0
84.84126,3,0,4,0,0,0,1,94,0,2.0000,-1,10,6,14,0,30,0,0,0,0
84.86201,3,0,4,0,0,0,1,94,0,2.0000,-1,10,6,14,0,30,0,0,0,0
84.88233,3,0,4,0,0,0,1,94,0,2.0000,-1,10,6,14,0,30,0,0,0,0
84.90224,3,0,4,0,0,0,1,94,1,3.0000,-1,10,6,14,0,30,0,0,0,0
84.92329,3,0,4,0,0,0,1,94,0,3.0000,-1,10,6,14,0,30,0,0,0,0
84.94463,3,0,4,0,0,0,1,94,0,3.0000,-1,10,6,14,0,30,0,0,0,0
84.96611,3,0,4,0,0,0,1,94,0,3.0000,-1,10,6,14,0,30,0,0,0,0
84.98724,3,0,4,0,0,0,1,94,0,3.0000,-1,10,6,14,0,30,0,0,0,0
85.00787,3,0,4,0,0,0,1,94,0,3.0000,-1,10,6,14,0,30,0,0,0,0
85.04693,3,0,4,0,0,0,1,94,0,3.0000,-1,10,6,14,0,30,0,0,0,0
85.05969,3,0,4,0,0,0,1,94,0,3.0000,-1,10,6,14,0,30,0,0,0,0
85.07262,3,0,4,0,0,0,1,94,0,3.0000,-1,10,6,14,0,30,0,0,0,0
85.09335,3,0,4,0,0,0,1,94,0,3.0000,-1,10,6,14,0,30,0,0,0,0
85.11426,3,0,4,0,0,0,1,94,0,3.0000,-1,10,6,14,0,30,0,0,0,0
85.1346,3,0,4,0,0,0,1,94,0,3.0000,-1,10,6,14,0,30,0,0,0,0
85.15578,3,0,4,0,0,0,1,94,0,3.0000,-1,10,6,14,0,30,0,0,0,0
85.17698,3,0,4,0,0,0,1,94,0,3.0000,-1,10,6,14,0,30,0,0,0,0
85.19826,3,0,4,0,0,0,1,94,0,3.0000,-1,10,6,14,0,30,0,0,0,0
85.21804,3,0,4,0,0,0,1,94,0,3.0000,-1,10,6,14,0,30,0,0,0,0
85.23929,3,0,4,0,0,0,1,94,0,3.0000,-1,10,6,14,0,30,0,0,0,0
85.25919,3,0,4,0,0,0,1,94,0,3.0000,-1,10,6,14,0,30,0,0,0,0
85.27977,3,0,4,0,0,0,1,94,1,3.0000,-1,10,6,14,0,30,0,0,0,0
85.30103,3,0,4,0,0,0,1,94,0,3.0000,-1,10,6,14,0,30,0,0,0,0
85.32173,3,0,4,0,0,0,0,-1,0,3.0000,-1,10,6,14,0,30,0,0,0,0
85.34285,3,0,4,0,0,0,0,-1,0,3.0000,-1,10,6,14,0,30,0,0,0,0
85.36386,3,0,4,0,0,0,0,-1,0,3.0000,-1,10,6,14,0,30,0,0,0,0
85.38314,3,0,4,0,0,0,0,-1,0,3.0000,-1,10,6,14,0,30,0,0,0,0
85.40331,3,0,4,0,0,0,0,-1,0,3.0000,-1,10,6,14,0,30,0,0,0,0
85.42522,3,0,4,0,0,0,0,-1,0,3.0000,-1,10,6,14,0,30,0,0,0,0
85.4445,3,0,4,0,0,0,0,-1,0,3.0000,-1,10,6,14,0,30,0,0,0,0
85.46598,3,0,4,0,0,0,0,-1,0,3.0000,-1,10,6,14,0,30,0,0,0,0
85.48663,3,0,4,0,0,0,0,-1,1,4.0000,-1,10,6,14,0,30,0,0,0,0
85.50735,3,0,4,0,0,0,0,-1,0,4.0000,-1,10,6,14,0,30,0,0,0,0
85.52749,3,0,4,0,0,0,0,-1,0,4.0000,-1,10,6,14,0,30,0,0,0,0
85.54924,3,0,4,0,0,0,0,-1,0,4.0000,-1,10,6,14,0,30,0,0,0,0
85.57051,3,0,4,0,0,0,0,-1,0,4.0000,-1,10,6,14,0,30,0,0,0,0
85.58924,3,0,4,0,0,0,0,-1,0,4.0000,-1,10,6,14,0,30,0,0,0,0
85.60989,3,0,4,0,0,0,0,-1,0,4.0000,-1,10,6,14,0,30,0,0,0,0
85.63179,3,0,4,0,0,0,1,95,0,3.0000,-1,10,6,14,0,30,0,0,0,0
85.65162,3,0,4,0,0,0,1,95,0,3.0000,-1,10,6,14,0,30,0,0,0,0
85.67213,3,0,4,0,0,0,1,95,0,3.0000,-1,10,6,14,0,30,0,0,0,0
85.6919,3,0,4,0,0,0,1,95,0,3.0000,-1,10,6,14,0,30,0,0,0,0
85.71386,3,0,4,0,0,0,1,95,0,3.0000,-1,10,6,14,0,30,0,0,0,0
85.73414,3,0,4,0,0,0,1,95,0,3.0000,-1,10,6,14,0,30,0,0,0,0
85.75552,3,0,4,0,0,0,1,95,0,3.0000,-1,10,6,14,0,30,0,0,0,0
85.77753,3,0,4,0,0,0,1,95,1,4.0000,-1,10,6,14,0,30,0,0,0,0
85.79823,3,0,4,0,0,0,1,95,0,4.0000,-1,10,6,14,0,30,0,0,0,0
85.81864,3,0,4,0,0,0,1,95,0,4.0000,-1,10,6,14,0,30,0,0,0,0
85.83807,3,0,4,0,0,0,1,95,0,4.0000,-1,10,6,14,0,30,0,0,0,0
85.87965,3,0,4,0,0,0,1,95,0,4.0000,-1,10,6,14,0,30,0,0,0,0
85.89248,3,0,4,0,0,0,1,95,0,4.0000,-1,10,6,14,0,30,0,0,0,0
85.90655,3,0,4,0,0,0,1,95,0,3.0000,-1,10,6,14,0,30,0,0,0,0
85.92774,3,0,4,0,0,0,1,95,0,3.0000,-1,10,6,14,0,30,0,0,0,0
85.94924,3,0,4,0,0,0,1,95,0,3.0000,-1,10,6,14,0,30,0,0,0,0
85.96999,3,0,4,0,0,0,1,95,0,3.0000,-1,10,6,14,0,30,0,0,0,0
85.99085,3,0,4,0,0,0,1,95,0,3.0000,-1,10,6,14,0,30,0,0,0,0
86.01368,3,0,4,0,0,0,1,95,0,3.0000,-1,10,6,14,0,30,0,0,0,0
86.0355,3,0,4,0,0,0,1,95,0,3.0000,-1,10,6,14,0,30,0,0,0,0
86.05535,3,0,4,0,0,0,1,95,0,3.0000,-1,10,6,14,0,30,0,0,0,0
86.07638,3,0,4,0,0,0,1,95,0,3.0000,-1,10,6,14,0,30,0,0,0,0
86.098,3,0,4,0,0,0,1,95,0,3.0000,-1,10,6,14,0,30,0,0,0,0
86.11881,3,0,4,0,0,0,1,95,1,4.0000,-1,10,6,14,0,30,0,0,0,0
86.13903,3,0,4,0,0,0,1,95,0,4.0000,-1,10,6,14,0,30,0,0,0,0
86.161,3,0,4,0,0,0,0,-1,0,4.0000,-1,10,6,14,0,30,0,0,0,0
86.18147,3,0,4,0,0,0,0,-1,0,4.0000,-1,10,6,14,0,30,0,0,0,0
86.20271,3,0,4,0,0,0,0,-1,0,4.0000,-1,10,6,14,0,30,0,0,0,0
86.22286,3,0,4,0,0,0,0,-1,0,4.0000,-1,10,6,14,0,30,0,0,0,0
86.24417,3,0,4,0,0,0,0,-1,0,4.0000,-1,10,6,14,0,30,0,0,0,0
86.26518,3,0,4,0,0,0,0,-1,0,4.0000,-1,10,6,14,0,30,0,0,0,0
86.2867,3,0,4,0,0,0,0,-1,0,3.0000,-1,10,6,14,0,30,0,0,0,0
86.30741,3,0,4,0,0,0,0,-1,0,3.0000,-1,10,6,14,0,30,0,0,0,0
86.32953,3,0,4,0,0,0,0,-1,1,4.0000,-1,10,6,14,0,30,0,0,0,0
86.35008,3,0,4,0,0,0,0,-1,0,4.0000,-1,10,6,14,0,30,0,0,0,0
86.37031,3,0,4,0,0,0,1,97,0,4.0000,-1,10,6,14,0,30,0,0,0,0
86.39019,3,0,4,0,0,0,1,97,0,4.0000,-1,10,6,14,0,30,0,0,0,0
86.41068,3,0,4,0,0,0,1,97,0,4.0000,-1,10,6,14,0,30,0,0,0,0
86.4312,3,0,4,0,0,0,1,97,0,4.0000,-1,10,6,14,0,30,0,0,0,0
86.45215,3,0,4,0,0,0,1,97,0,4.0000,-1,10,6,14,0,30,0,0,0,0
86.4724,3,0,4,0,0,0,1,97,0,4.0000,-1,10,6,14,0,30,0,0,0,0
86.49165,3,0,4,0,0,0,1,97,0,3.0000,-1,10,6,14,0,30,0,0,0,0
86.51384,3,0,4,0,0,0,1,97,0,3.0000,-1,10,6,14,0,30,0,0,0,0
86.53391,3,0,4,0,0,0,1,97,0,3.0000,-1,10,6,14,0,30,0,0,0,0
86.55457,3,0,4,0,0,0,1,97,0,3.0000,-1,10,6,14,0,30,0,0,0,0
86.57623,3,0,4,0,0,0,1,97,0,3.0000,-1,10,6,14,0,30,0,0,0,0
86.59678,3,0,4,0,0,0,1,97,0,3.0000,-1,10,6,14,0,30,0,0,0,0
86.61567,3,0,4,0,0,0,1,97,0,3.0000,-1,10,6,14,0,30,0,0,0,0
86.6354,3,0,4,0,0,0,1,97,0,3.0000,-1,10,6,14,0,30,0,0,0,0
86.65619,3,0,4,0,0,0,1,97,0,3.0000,-1,10,6,14,0,30,0,0,0,0
86.67741,3,0,4,0,0,0,1,97,0,3.0000,-1,10,6,14,0,30,0,0,0,0
86.69851,3,0,4,0,0,0,1,97,0,3.0000,-1,10,6,14,0,30,0,0,0,0
86.71799,3,0,4,0,0,0,1,97,0,3.0000,-1,10,6,14,0,30,0,0,0,0
86.73848,3,0,4,0,0,0,1,97,1,4.0000,-1,10,6,14,0,30,0,0,0,0
86.75733,3,0,4,0,0,0,1,97,0,4.0000,-1,10,6,14,0,30,0,0,0,0
86.77745,3,0,4,0,0,0,1,97,0,4.0000,-1,10,6,14,0,30,0,0,0,0
86.79951,3,0,4,0,0,0,1,97,0,3.0000,-1,10,6,14,0,30,0,0,0,0
86.8195,3,0,4,0,0,0,1,97,0,3.0000,-1,10,6,14,0,30,0,0,0,0
86.84059,3,0,4,0,0,0,1,97,0,3.0000,-1,10,6,14,0,30,0,0,0,0
86.85978,3,0,4,0,0,0,1,97,0,3.0000,-1,10,6,14,0,30,0,0,0,0
86.87962,3,0,4,0,0,0,1,97,0,3.0000,-1,10,6,14,0,30,0,0,0,0
86.89965,3,0,4,0,0,0,1,97,0,3.0000,-1,10,6,14,0,30,0,0,0,0
86.91997,3,0,4,0,0,0,1,97,0,3.0000,-1,10,6,14,0,30,0,0,0,0
86.9397,3,0,4,0,0,0,1,97,0,3.0000,-1,10,6,14,0,30,0,0,0,0
86.95982,3,0,4,0,0,0,1,97,0,3.0000,-1,10,6,14,0,30,0,0,0,0
86.97945,3,0,4,0,0,0,1,97,0,3.0000,-1,10,6,14,0,30,0,0,0,0
87.00019,3,0,4,0,0,0,0,-1,0,3.0000,97,10,6,15,0,31,0,0,0,0
87.02304,3,0,4,0,0,0,0,-1,0,3.0000,-1,10,6,15,0,31,0,0,0,0
87.04106,3,0,4,0,0,0,0,-1,0,3.0000,-1,10,6,15,0,31,0,0,0,0
87.06055,3,0,4,0,0,0,0,-1,0,3.0000,-1,10,6,15,0,31,0,0,0,0
87.08134,3,0,4,0,0,0,0,-1,0,3.0000,-1,10,6,15,0,31,0,0,0,0
87.12041,3,0,4,0,0,0,0,-1,0,2.0000,-1,10,6,15,0,31,0,0,0,0
87.13243,3,0,4,0,0,0,0,-1,0,2.0000,-1,10,6,15,0,31,0,0,0,0
87.14431,3,0,4,0,0,0,1,98,0,2.0000,-1,10,6,15,0,31,0,0,0,0
87.16583,3,0,4,0,0,0,1,98,0,2.0000,-1,10,6,15,0,31,0,0,0,0
87.18731,3,0,4,0,0,0,1,98,0,2.0000,-1,10,6,15,0,31,0,0,0,0
87.20699,3,0,4,0,0,0,1,98,0,2.0000,-1,10,6,15,0,31,0,0,0,0
87.22673,3,0,4,0,0,0,1,98,0,2.0000,-1,10,6,15,0,31,0,0,0,0
87.24677,3,0,4,0,0,0,1,98,0,2.0000,-1,10,6,15,0,31,0,0,0,0
87.26744,3,0,4,0,0,0,1,98,0,2.0000,-1,10,6,15,0,31,0,0,0,0
87.28896,3,0,4,0,0,0,1,98,0,2.0000,-1,10,6,15,0,31,0,0,0,0
87.3283,3,0,4,0,0,0,1,98,0,2.0000,-1,10,6,15,0,31,0,0,0,0
87.33974,3,0,4,0,0,0,1,98,0,1.0000,-1,10,6,15,0,31,0,0,0,0
87.35461,3,0,4,0,0,0,1,98,0,1.0000,-1,10,6,15,0,31,0,0,0,0
87.37582,3,0,4,0,0,0,1,98,1,2.0000,-1,10,6,15,0,31,0,0,0,0
87.39665,3,0,4,0,0,0,0,-1,0,2.0000,-1,10,6,15,0,31,0,0,0,0
87.41749,3,0,4,0,0,0,0,-1,0,2.0000,-1,10,6,15,0,31,0,0,0,0
87.43775,3,0,4,0,0,0,0,-1,0,2.0000,-1,10,6,15,0,31,0,0,0,0
87.45789,3,0,4,0,0,0,0,-1,0,2.0000,-1,10,6,15,0,31,0,0,0,0
87.4791,3,0,4,0,0,0,0,-1,0,2.0000,-1,10,6,15,0,31,0,0,0,0
87.50023,3,0,4,0,0,0,0,-1,0,2.0000,-1,10,6,15,0,31,0,0,0,0
87.52033,3,0,4,0,0,0,0,-1,0,2.0000,-1,10,6,15,0,31,0,0,0,0
87.54039,3,0,4,0,0,0,0,-1,0,2.0000,-1,10,6,15,0,31,0,0,0,0
87.56139,3,0,4,0,0,0,0,-1,0,2.0000,-1,10,6,15,0,31,0,0,0,0
87.58126,3,0,4,0,0,0,0,-1,1,3.0000,-1,10,6,15,0,31,0,0,0,0
87.60201,3,0,4,0,0,0,0,-1,0,3.0000,-1,10,6,15,0,31,0,0,0,0
87.62264,3,0,4,0,0,0,0,-1,0,3.0000,-1,10,6,15,0,31,0,0,0,0
87.64434,3,0,4,0,0,0,0,-1,0,3.0000,-1,10,6,15,0,31,0,0,0,0
87.66531,3,0,4,0,0,0,0,-1,0,3.0000,-1,10,6,15,0,31,0,0,0,0
87.68697,3,0,4,0,0,0,0,-1,0,3.0000,-1,10,6,15,0,31,0,0,0,0
87.70581,3,0,4,0,0,0,0,-1,0,3.0000,-1,10,6,15,0,31,0,0,0,0
87.74492,3,0,4,0,0,0,0,-1,0,2.0000,-1,10,6,15,0,31,0,0,0,0
87.75763,3,0,4,0,0,0,0,-1,0,2.0000,-1,10,6,15,0,31,0,0,0,0
87.77263,3,0,4,0,0,0,0,-1,0,2.0000,-1,10,6,15,0,31,0,0,0,0
87.79394,3,0,4,0,0,0,0,-1,0,2.0000,-1,10,6,15,0,31,0,0,0,0
87.81536,3,0,4,0,0,0,0,-1,0,2.0000,-1,10,6,15,0,31,0,0,0,0
87.83603,3,0,4,0,0,0,0,-1,0,2.0000,-1,10,6,15,0,31,0,0,0,0
87.857,3,0,4,0,0,0,0,-1,0,2.0000,-1,10,6,15,0,31,0,0,0,0
87.87733,3,0,4,0,0,0,0,-1,0,2.0000,-1,10,6,15,0,31,0,0,0,0
87.89907,3,0,4,0,0,0,0,-1,0,2.0000,-1,10,6,15,0,31,0,0,0,0
87.92047,3,0,4,0,0,0,0,-1,0,2.0000,-1,10,6,15,0,31,0,0,0,0
87.94095,3,0,4,0,0,0,0,-1,0,2.0000,-1,10,6,15,0,31,0,0,0,0
87.96,3,0,4,0,0,0,0,-1,1,3.0000,-1,10,6,15,0,31,0,0,0,0
87.98063,3,0,4,0,0,0,0,-1,0,3.0000,-1,10,6,15,0,31,0,0,0,0
88.00127,3,0,4,0,0,0,0,-1,0,3.0000,-1,10,6,15,0,31,0,0,0,0
88.0219,3,0,4,0,0,0,0,-1,0,3.0000,-1,10,6,15,0,31,0,0,0,0
88.04281,3,0,4,0,0,0,0,-1,0,3.0000,-1,10,6,15,0,31,0,0,0,0
88.06241,3,0,4,0,0,0,0,-1,0,3.0000,-1,10,6,15,0,31,0,0,0,0
88.08199,3,0,4,0,0,0,0,-1,0,3.0000,-1,10,6,15,0,31,0,0,0,0
88.10254,3,0,4,0,0,0,0,-1,0,3.0000,-1,10,6,15,0,31,0,0,0,0
88.12299,3,0,4,0,0,0,0,-1,0,3.0000,-1,10,6,15,0,31,0,0,0,0
88.14492,3,0,4,0,0,0,0,-1,0,3.0000,-1,10,6,15,0,31,0,0,0,0
88.16463,3,0,4,0,0,0,0,-1,0,3.0000,-1,10,6,15,0,31,0,0,0,0
88.18559,3,0,4,0,0,0,1,102,0,3.0000,-1,10,6,15,0,31,0,0,0,0
88.20424,3,0,4,0,0,0,0,-1,1,4.0000,-1,10,6,15,0,31,0,0,0,0
88.22456,3,0,4,0,0,0,0,-1,0,4.0000,-1,10,6,15,0,31,0,0,0,0
88.24458,3,0,4,0,0,0,0,-1,0,4.0000,-1,10,6,15,0,31,0,0,0,0
88.26636,3,0,4,0,0,0,0,-1,0,4.0000,-1,10,6,15,0,31,0,0,0,0
88.28528,3,0,4,0,0,0,0,-1,0,4.0000,-1,10,6,15,0,31,0,0,0,0
88.30712,3,0,4,0,0,0,0,-1,0,4.0000,-1,10,6,15,0,31,0,0,0,0
88.32633,3,0,4,0,0,0,0,-1,0,4.0000,-1,10,6,15,0,31,0,0,0,0
88.3474,3,0,4,0,0,0,0,-1,0,4.0000,-1,10,6,15,0,31,0,0,0,0
88.36861,3,0,4,0,0,0,0,-1,0,4.0000,-1,10,6,15,0,31,0,0,0,0
88.38918,3,0,4,0,0,0,0,-1,0,3.0000,-1,10,6,15,0,31,0,0,0,0
88.40891,3,0,4,0,0,0,0,-1,0,3.0000,-1,10,6,15,0,31,0,0,0,0
88.42786,3,0,4,0,0,0,0,-1,1,4.0000,-1,10,6,15,0,31,0,0,0,0
88.44912,3,0,4,0,0,0,0,-1,0,4.0000,-1,10,6,15,0,31,0,0,0,0
88.46912,3,0,4,0,0,0,0,-1,0,4.0000,-1,10,6,15,0,31,0,0,0,0
88.48796,3,0,4,0,0,0,0,-1,0,4.0000,-1,10,6,15,0,31,0,0,0,0
88.5103,3,0,4,0,0,0,0,-1,0,4.0000,-1,10,6,15,0,31,0,0,0,0
88.53036,3,0,4,0,0,0,0,-1,0,4.0000,-1,10,6,15,0,31,0,0,0,0
88.55123,3,0,4,0,0,0,0,-1,0,4.0000,-1,10,6,15,0,31,0,0,0,0
88.57059,3,0,4,0,0,0,0,-1,0,4.0000,-1,10,6,15,0,31,0,0,0,0
88.59006,3,0,4,0,0,0,0,-1,0,3.0000,-1,10,6,15,0,31,0,0,0,0
88.60997,3,0,4,0,0,0,0,-1,0,3.0000,-1,10,6,15,0,31,0,0,0,0
88.63036,3,0,4,0,0,0,0,-1,0,3.0000,-1,10,6,15,0,31,0,0,0,0
88.64982,3,0,4,0,0,0,0,-1,1,4.0000,-1,10,6,15,0,31,0,0,0,0
88.67072,3,0,4,0,0,0,0,-1,0,4.0000,-1,10,6,15,0,31,0,0,0,0
88.68874,3,0,4,0,0,0,0,-1,0,4.0000,-1,10,6,15,0,31,0,0,0,0
88.7102,3,0,4,0,0,0,0,-1,0,4.0000,-1,10,6,15,0,31,0,0,0,0
88.72974,3,0,4,0,0,0,0,-1,0,4.0000,-1,10,6,15,0,31,0,0,0,0
88.74943,3,0,4,0,0,0,0,-1,0,4.0000,-1,10,6,15,0,31,0,0,0,0
88.76865,3,0,4,0,0,0,0,-1,0,4.0000,-1,10,6,15,0,31,0,0,0,0
88.78946,3,0,4,0,0,0,0,-1,0,4.0000,-1,10,6,15,0,31,0,0,0,0
88.80837,3,0,4,0,0,0,0,-1,0,4.0000,-1,10,6,15,0,31,0,0,0,0
88.82682,3,0,4,0,0,0,0,-1,0,4.0000,-1,10,6,15,0,31,0,0,0,0
88.84876,3,0,4,0,0,0,0,-1,1,5.0000,-1,10,6,15,0,31,0,0,0,0
88.86765,3,0,4,0,0,0,0,-1,0,5.0000,-1,10,6,15,0,31,0,0,0,0
88.88902,3,0,4,0,0,0,0,-1,0,5.0000,-1,10,6,15,0,31,0,0,0,0
88.90934,3,0,4,0,0,0,1,102,0,5.0000,-1,10,6,15,0,31,0,0,0,0
88.92953,3,0,4,0,0,0,1,102,0,5.0000,-1,10,6,15,0,31,0,0,0,0
88.94901,3,0,4,0,0,0,1,102,0,5.0000,-1,10,6,15,0,31,0,0,0,0
88.96851,3,0,4,0,0,0,1,102,0,4.0000,-1,10,6,15,0,31,0,0,0,0
89.00816,3,0,4,0,0,0,1,102,1,5.0000,-1,10,6,15,0,31,0,0,0,0
89.02245,3,0,4,0,0,0,1,101,0,5.0000,-1,10,6,15,0,31,0,0,0,0
89.03773,3,0,4,0,0,0,1,101,0,5.0000,-1,10,6,15,0,31,0,0,0,0
89.05587,3,0,4,0,0,0,1,101,0,5.0000,-1,10,6,15,0,31,0,0,0,0
89.07742,3,0,4,0,0,0,1,101,0,5.0000,-1,10,6,15,0,31,0,0,0,0
89.09692,3,0,4,0,0,0,1,101,0,5.0000,-1,10,6,15,0,31,0,0,0,0
89.11441,2,1,5,0,0,0,0,-1,0,5.0000,101,10,7,15,0,32,0,0,0,0
89.13437,2,0,5,0,0,0,0,-1,0,5.0000,-1,10,7,15,0,32,0,0,0,0
89.15476,2,0,5,0,0,0,0,-1,0,5.0000,-1,10,7,15,0,32,0,0,0,0
89.17449,2,0,5,0,0,0,0,-1,0,5.0000,-1,10,7,15,0,32,0,0,0,0
89.21184,2,0,5,0,0,0,0,-1,0,4.0000,-1,10,7,15,0,32,0,0,0,0
89.22397,2,0,5,0,0,0,0,-1,0,4.0000,-1,10,7,15,0,32,0,0,0,0
89.23715,2,0,5,0,0,0,0,-1,0,4.0000,-1,10,7,15,0,32,0,0,0,0
89.25725,2,0,5,0,0,0,0,-1,0,4.0000,-1,10,7,15,0,32,0,0,0,0
89.27814,2,0,5,0,0,0,0,-1,0,4.0000,-1,10,7,15,0,32,0,0,0,0
89.29835,2,0,5,0,0,0,0,-1,0,4.0000,-1,10,7,15,0,32,0,0,0,0
89.31828,2,0,5,0,0,0,0,-1,0,4.0000,-1,10,7,15,0,32,0,0,0,0
89.33729,2,0,5,0,0,0,0,-1,0,4.0000,-1,10,7,15,0,32,0,0,0,0
89.35693,2,0,5,0,0,0,0,-1,0,4.0000,-1,10,7,15,0,32,0,0,0,0
89.37669,2,0,5,0,0,0,0,-1,0,4.0000,-1,10,7,15,0,32,0,0,0,0
89.39643,2,0,5,0,0,0,0,-1,0,4.0000,-1,10,7,15,0,32,0,0,0,0
89.416,2,0,5,0,0,0,0,-1,0,4.0000,-1,10,7,15,0,32,0,0,0,0
89.43726,2,0,5,0,0,0,0,-1,0,3.0000,-1,10,7,15,0,32,0,0,0,0
89.45544,2,0,5,0,0,0,0,-1,0,3.0000,-1,10,7,15,0,32,0,0,0,0
89.47555,2,0,5,0,0,0,0,-1,0,3.0000,-1,10,7,15,0,32,0,0,0,0
89.49589,2,0,5,0,0,0,0,-1,0,3.0000,-1,10,7,15,0,32,0,0,0,0
89.51628,2,0,5,0,0,0,0,-1,0,3.0000,-1,10,7,15,0,32,0,0,0,0
89.53626,2,0,5,0,0,0,0,-1,0,3.0000,-1,10,7,15,0,32,0,0,0,0
89.55566,2,0,5,0,0,0,0,-1,0,3.0000,-1,10,7,15,0,32,0,0,0,0
89.57561,2,0,5,0,0,0,0,-1,0,3.0000,-1,10,7,15,0,32,0,0,0,0
89.59492,2,0,5,0,0,0,0,-1,0,3.0000,-1,10,7,15,0,32,0,0,0,0
89.61475,2,0,5,0,0,0,0,-1,0,3.0000,-1,10,7,15,0,32,0,0,0,0
89.63554,2,0,5,0,0,0,0,-1,0,3.0000,-1,10,7,15,0,32,0,0,0,0
89.65471,2,0,5,0,0,0,0,-1,0,2.0000,-1,10,7,15,0,32,0,0,0,0
89.67431,2,0,5,0,0,0,0,-1,0,2.0000,-1,10,7,15,0,32,0,0,0,0
89.69406,2,0,5,0,0,0,0,-1,0,2.0000,-1,10,7,15,0,32,0,0,0,0
89.71279,2,0,5,0,0,0,0,-1,0,2.0000,-1,10,7,15,0,32,0,0,0,0
89.73339,2,0,5,0,0,0,0,-1,0,2.0000,-1,10,7,15,0,32,0,0,0,0
89.75371,2,0,5,0,0,0,0,-1,0,2.0000,-1,10,7,15,0,32,0,0,0,0
89.7737,2,0,5,0,0,0,0,-1,0,2.0000,-1,10,7,15,0,32,0,0,0,0
89.79294,2,0,5,0,0,0,0,-1,0,2.0000,-1,10,7,15,0,32,0,0,0,0
89.81198,2,0,5,0,0,0,0,-1,0,2.0000,-1,10,7,15,0,32,0,0,0,0
89.83132,2,0,5,0,0,0,0,-1,0,2.0000,-1,10,7,15,0,32,0,0,0,0
89.85139,2,0,5,0,0,0,0,-1,0,1.0000,-1,10,7,15,0,32,0,0,0,0
89.87023,2,0,5,0,0,0,0,-1,0,1.0000,-1,10,7,15,0,32,0,0,0,0
89.88998,2,0,5,0,0,0,0,-1,0,1.0000,-1,10,7,15,0,32,0,0,0,0
89.90985,2,0,5,0,0,0,0,-1,0,1.0000,-1,10,7,15,0,32,0,0,0,0
89.9299,2,0,5,0,0,0,0,-1,0,1.0000,-1,10,7,15,0,32,0,0,0,0
89.94748,2,0,5,0,0,0,0,-1,0,1.0000,-1,10,7,15,0,32,0,0,0,0
89.96829,2,0,5,0,0,0,0,-1,0,1.0000,-1,10,7,15,0,32,0,0,0,0
89.98985,2,0,5,0,0,0,0,-1,1,2.0000,-1,10,7,15,0,32,0,0,0,0
90.00808,2,0,5,0,0,0,0,-1,0,2.0000,-1,10,7,15,0,32,0,0,0,0
90.0268,2,0,5,0,0,0,0,-1,0,1.0000,-1,10,7,15,0,32,0,0,0,0
90.06318,2,0,5,0,0,0,0,-1,0,1.0000,-1,10,7,15,0,32,0,0,0,0
90.07612,2,0,5,0,0,0,0,-1,0,1.0000,-1,10,7,15,0,32,0,0,0,0
90.0883,2,0,5,0,0,0,1,105,0,1.0000,-1,10,7,15,0,32,0,0,0,0
90.10857,2,0,5,0,0,0,1,105,0,1.0000,-1,10,7,15,0,32,0,0,0,0
90.12902,2,0,5,0,0,0,1,105,0,1.0000,-1,10,7,15,0,32,0,0,0,0
90.14702,2,0,5,1,0,0,1,105,0,1.0000,-1,10,7,15,0,32,0,0,0,0
90.16755,2,0,5,1,0,0,1,105,0,1.0000,-1,10,7,15,0,32,0,0,0,0
90.18633,2,0,5,1,0,0,1,105,0,1.0000,-1,10,7,15,0,32,0,0,0,0
90.20542,2,0,5,1,0,0,1,105,0,1.0000,-1,10,7,15,0,32,0,0,0,0
90.22388,2,0,5,1,0,0,1,105,0,1.0000,-1,10,7,15,0,32,0,0,0,0
90.24451,2,0,5,1,0,0,1,105,0,1.0000,-1,10,7,15,0,32,0,0,0,0
90.27918,2,0,5,1,0,0,1,105,0,1.0000,-1,10,7,15,0,32,0,0,0,0
90.29058,2,0,5,1,0,0,1,105,0,1.0000,-1,10,7,15,0,32,0,0,0,0
90.30447,2,0,5,1,0,0,1,105,0,1.0000,-1,10,7,15,0,32,0,0,0,0
90.32326,2,0,5,1,0,0,1,105,0,1.0000,-1,10,7,15,0,32,0,0,0,0
90.34328,2,0,5,1,0,0,1,105,0,1.0000,-1,10,7,15,0,32,0,0,0,0
90.36356,2,0,5,1,0,0,1,105,0,1.0000,-1,10,7,15,0,32,0,0,0,0
90.38243,2,0,5,1,0,0,1,105,0,1.0000,-1,10,7,15,0,32,0,0,0,0
90.40099,2,0,5,1,0,0,1,105,0,1.0000,-1,10,7,15,0,32,0,0,0,0
90.42088,2,0,5,1,0,0,1,105,0,1.0000,-1,10,7,15,0,32,0,0,0,0
90.44189,2,0,5,1,0,0,1,105,0,1.0000,-1,10,7,15,0,32,0,0,0,0
90.45908,2,0,5,1,0,0,1,105,0,1.0000,-1,10,7,15,0,32,0,0,0,0
90.49657,2,0,5,0,0,0,1,105,0,1.0000,-1,10,7,15,0,32,0,0,0,0
90.50962,2,0,5,0,0,0,1,105,0,1.0000,-1,10,7,15,0,32,0,0,0,0
90.52231,2,0,5,0,0,0,0,-1,0,1.0000,105,10,8,15,0,33,0,0,0,0
90.54169,2,0,5,0,0,0,0,-1,0,1.0000,-1,10,8,15,0,33,0,0,0,0
90.56013,2,0,5,0,0,0,0,-1,0,1.0000,-1,10,8,15,0,33,0,0,0,0
90.57965,2,0,5,0,0,0,0,-1,0,1.0000,-1,10,8,15,0,33,0,0,0,0
90.60043,2,0,5,0,0,0,0,-1,0,1.0000,-1,10,8,15,0,33,0,0,0,0
90.61925,2,0,5,0,0,0,0,-1,0,1.0000,-1,10,8,15,0,33,0,0,0,0
90.64049,2,0,5,0,0,0,0,-1,0,1.0000,-1,10,8,15,0,33,0,0,0,0
90.66,2,0,5,0,0,0,0,-1,0,1.0000,-1,10,8,15,0,33,0,0,0,0
90.69553,2,0,5,0,0,0,0,-1,1,2.0000,-1,10,8,15,0,33,0,0,0,0
90.70855,2,0,5,0,0,0,0,-1,0,2.0000,-1,10,8,15,0,33,0,0,0,0
90.7201,2,0,5,0,0,0,0,-1,0,2.0000,-1,10,8,15,0,33,0,0,0,0
90.73872,2,0,5,0,0,0,0,-1,0,2.0000,-1,10,8,15,0,33,0,0,0,0
90.75822,2,0,5,0,0,0,0,-1,0,2.0000,-1,10,8,15,0,33,0,0,0,0
90.77679,2,0,5,0,0,0,0,-1,0,2.0000,-1,10,8,15,0,33,0,0,0,0
90.79535,2,0,5,0,0,0,0,-1,0,2.0000,-1,10,8,15,0,33,0,0,0,0
90.81508,2,0,5,0,0,0,0,-1,0,2.0000,-1,10,8,15,0,33,0,0,0,0
90.83376,2,0,5,0,0,0,0,-1,0,2.0000,-1,10,8,15,0,33,0,0,0,0
90.85242,2,0,5,0,0,0,0,-1,0,2.0000,-1,10,8,15,0,33,0,0,0,0
90.87172,2,0,5,0,0,0,0,-1,0,2.0000,-1,10,8,15,0,33,0,0,0,0
90.89042,2,0,5,0,0,0,0,-1,0,2.0000,-1,10,8,15,0,33,0,0,0,0
90.90877,2,0,5,0,0,0,0,-1,0,2.0000,-1,10,8,15,0,33,0,0,0,0
90.92931,2,0,5,0,0,0,0,-1,0,2.0000,-1,10,8,15,0,33,0,0,0,0
90.94951,2,0,5,0,0,0,0,-1,0,2.0000,-1,10,8,15,0,33,0,0,0,0
90.96722,2,0,5,0,0,0,0,-1,0,2.0000,-1,10,8,15,0,33,0,0,0,0
90.98375,2,0,5,0,0,0,0,-1,0,2.0000,-1,10,8,15,0,33,0,0,0,0
91.00588,2,0,5,0,0,0,0,-1,0,1.0000,-1,10,8,15,0,33,0,0,0,0
91.02356,2,0,5,0,0,0,0,-1,0,1.0000,-1,10,8,15,0,33,0,0,0,0
91.04274,2,0,5,0,0,0,0,-1,0,1.0000,-1,10,8,15,0,33,0,0,0,0
91.06219,2,0,5,0,0,0,0,-1,0,1.0000,-1,10,8,15,0,33,0,0,0,0
91.0799,2,0,5,0,0,0,0,-1,0,1.0000,-1,10,8,15,0,33,0,0,0,0
91.09849,2,0,5,0,0,0,0,-1,0,1.0000,-1,10,8,15,0,33,0,0,0,0
91.11991,2,0,5,0,0,0,0,-1,1,2.0000,-1,10,8,15,0,33,0,0,0,0
91.13768,2,0,5,0,0,0,0,-1,0,2.0000,-1,10,8,15,0,33,0,0,0,0
91.15686,2,0,5,0,0,0,0,-1,0,2.0000,-1,10,8,15,0,33,0,0,0,0
91.17568,2,0,5,0,0,0,0,-1,0,2.0000,-1,10,8,15,0,33,0,0,0,0
91.19431,2,0,5,0,0,0,0,-1,0,2.0000,-1,10,8,15,0,33,0,0,0,0
91.21194,2,0,5,0,0,0,0,-1,0,2.0000,-1,10,8,15,0,33,0,0,0,0
91.22908,2,0,5,0,0,0,0,-1,0,2.0000,-1,10,8,15,0,33,0,0,0,0
91.24911,2,0,5,0,0,0,0,-1,0,2.0000,-1,10,8,15,0,33,0,0,0,0
91.2672,2,0,5,0,0,0,1,106,0,2.0000,-1,10,8,15,0,33,0,0,0,0
91.28497,2,0,5,0,0,0,1,106,0,2.0000,-1,10,8,15,0,33,0,0,0,0
91.30533,2,0,5,0,0,0,1,106,0,2.0000,-1,10,8,15,0,33,0,0,0,0
91.32219,2,0,5,0,0,0,1,106,0,2.0000,-1,10,8,15,0,33,0,0,0,0
91.34431,2,0,5,0,0,0,1,106,0,2.0000,-1,10,8,15,0,33,0,0,0,0
91.36479,2,0,5,0,0,0,1,106,0,2.0000,-1,10,8,15,0,33,0,0,0,0
91.38373,2,0,5,0,0,0,1,106,0,2.0000,-1,10,8,15,0,33,0,0,0,0
91.40269,2,0,5,0,0,0,1,106,0,2.0000,-1,10,8,15,0,33,0,0,0,0
91.4222,2,0,5,0,0,0,1,106,0,2.0000,-1,10,8,15,0,33,0,0,0,0
91.44375,2,0,5,0,0,0,1,106,0,2.0000,-1,10,8,15,0,33,0,0,0,0
91.46301,2,0,5,0,0,0,1,106,0,2.0000,-1,10,8,15,0,33,0,0,0,0
91.48478,2,0,5,0,0,0,1,106,0,2.0000,-1,10,8,15,0,33,0,0,0,0
91.50555,2,0,5,0,0,0,1,106,0,2.0000,-1,10,8,15,0,33,0,0,0,0
91.5284,2,0,5,0,0,0,1,106,0,2.0000,-1,10,8,15,0,33,0,0,0,0
91.5494,2,0,5,0,0,0,1,106,0,2.0000,-1,10,8,15,0,33,0,0,0,0
91.57158,2,0,5,0,0,0,1,106,0,2.0000,-1,10,8,15,0,33,0,0,0,0
91.59545,2,0,5,0,0,0,1,106,0,2.0000,-1,10,8,15,0,33,0,0,0,0
91.61904,2,0,5,0,0,0,1,106,0,2.0000,-1,10,8,15,0,33,0,0,0,0
91.64163,2,0,5,0,0,0,1,106,0,2.0000,-1,10,8,15,0,33,0,0,0,0
91.66557,2,0,5,0,0,0,1,106,0,2.0000,-1,10,8,15,0,33,0,0,0,0
91.68884,2,0,5,0,0,0,1,106,0,2.0000,-1,10,8,15,0,33,0,0,0,0
91.71169,2,0,5,0,0,0,1,106,0,1.0000,-1,10,8,15,0,33,0,0,0,0
91.7552,2,0,5,0,0,0,1,106,1,2.0000,-1,10,8,15,0,33,0,0,0,0
91.76704,2,0,5,0,0,0,1,106,0,2.0000,-1,10,8,15,0,33,0,0,0,0
91.7846,2,0,5,0,0,0,0,-1,0,2.0000,-1,10,8,15,0,33,0,0,0,0
91.80863,2,0,5,0,0,0,0,-1,0,2.0000,-1,10,8,15,0,33,0,0,0,0
91.8314,2,0,5,0,0,0,0,-1,0,2.0000,106,10,9,15,0,34,0,0,0,0
91.85423,2,0,5,0,0,0,0,-1,0,2.0000,-1,10,9,15,0,34,0,0,0,0
91.87716,2,0,5,0,0,0,0,-1,0,2.0000,-1,10,9,15,0,34,0,0,0,0
91.90064,2,0,5,0,0,0,0,-1,0,2.0000,-1,10,9,15,0,34,0,0,0,0
91.92352,2,0,5,0,0,0,0,-1,0,2.0000,-1,10,9,15,0,34,0,0,0,0
91.96709,2,0,5,0,0,0,0,-1,1,3.0000,-1,10,9,15,0,34,0,0,0,0
91.97796,2,0,5,0,0,0,0,-1,0,3.0000,-1,10,9,15,0,34,0,0,0,0
91.99604,2,0,5,0,0,0,0,-1,0,3.0000,-1,10,9,15,0,34,0,0,0,0
92.02082,2,0,5,0,0,0,0,-1,0,3.0000,-1,10,9,15,0,34,0,0,0,0
92.04372,2,0,5,0,0,0,0,-1,0,3.0000,-1,10,9,15,0,34,0,0,0,0
92.06647,2,0,5,0,0,0,0,-1,0,3.0000,-1,10,9,15,0,34,0,0,0,0
92.08996,2,0,5,0,0,0,0,-1,0,3.0000,-1,10,9,15,0,34,0,0,0,0
92.113,2,0,5,0,0,0,0,-1,0,3.0000,-1,10,9,15,0,34,0,0,0,0
92.1377,2,0,5,0,0,0,0,-1,0,2.0000,-1,10,9,15,0,34,0,0,0,0
92.17976,2,0,5,0,0,0,0,-1,0,2.0000,-1,10,9,15,0,34,0,0,0,0
92.19146,2,0,5,0,0,0,0,-1,0,2.0000,-1,10,9,15,0,34,0,0,0,0
92.20962,2,0,5,0,0,0,0,-1,0,2.0000,-1,10,9,15,0,34,0,0,0,0
92.23341,2,0,5,0,0,0,0,-1,0,2.0000,-1,10,9,15,0,34,0,0,0,0
92.25591,2,0,5,0,0,0,0,-1,0,2.0000,-1,10,9,15,0,34,0,0,0,0
92.27914,2,0,5,0,0,0,0,-1,0,2.0000,-1,10,9,15,0,34,0,0,0,0
92.30259,2,0,5,0,0,0,0,-1,0,2.0000,-1,10,9,15,0,34,0,0,0,0
92.32545,2,0,5,0,0,0,0,-1,0,2.0000,-1,10,9,15,0,34,0,0,0,0
92.34805,2,0,5,0,0,0,0,-1,0,2.0000,-1,10,9,15,0,34,0,0,0,0
92.37057,2,0,5,0,0,0,0,-1,0,2.0000,-1,10,9,15,0,34,0,0,0,0
92.39229,2,0,5,0,0,0,0,-1,0,2.0000,-1,10,9,15,0,34,0,0,0,0
92.41415,2,0,5,0,0,0,0,-1,0,2.0000,-1,10,9,15,0,34,0,0,0,0
92.43636,2,0,5,0,0,0,0,-1,0,2.0000,-1,10,9,15,0,34,0,0,0,0
92.45861,2,0,5,0,0,0,0,-1,0,2.0000,-1,10,9,15,0,34,0,0,0,0
92.48078,2,0,5,0,0,0,0,-1,0,2.0000,-1,10,9,15,0,34,0,0,0,0
92.50413,2,0,5,0,0,0,0,-1,0,2.0000,-1,10,9,15,0,34,0,0,0,0
92.52595,2,0,5,0,0,0,0,-1,0,2.0000,-1,10,9,15,0,34,0,0,0,0
92.54913,2,0,5,0,0,0,0,-1,0,2.0000,-1,10,9,15,0,34,0,0,0,0
92.59158,2,0,5,0,0,0,0,-1,1,3.0000,-1,10,9,15,0,34,0,0,0,0
92.60469,2,0,5,0,0,0,0,-1,0,3.0000,-1,10,9,15,0,34,0,0,0,0
92.61983,2,0,5,0,0,0,0,-1,0,3.0000,-1,10,9,15,0,34,0,0,0,0
92.64275,2,0,5,0,0,0,0,-1,0,3.0000,-1,10,9,15,0,34,0,0,0,0
92.6656,2,0,5,0,0,0,0,-1,0,3.0000,-1,10,9,15,0,34,0,0,0,0
92.68839,2,0,5,1,0,0,0,-1,0,3.0000,-1,10,9,15,0,34,0,0,0,0
92.71132,2,0,5,1,0,0,0,-1,0,3.0000,-1,10,9,15,0,34,0,0,0,0
92.73497,2,0,5,1,0,0,0,-1,0,3.0000,-1,10,9,15,0,34,0,0,0,0
92.75932,2,0,5,1,0,0,0,-1,0,2.0000,-1,10,9,15,0,34,0,0,0,0
92.80235,2,0,5,1,0,0,0,-1,0,2.0000,-1,10,9,15,0,34,0,0,0,0
92.81464,2,0,5,1,0,0,0,-1,0,2.0000,-1,10,9,15,0,34,0,0,0,0
92.83207,2,0,5,1,0,0,0,-1,0,2.0000,-1,10,9,15,0,34,0,0,0,0
92.8562,2,0,5,1,0,0,0,-1,0,2.0000,-1,10,9,15,0,34,0,0,0,0
92.8793,2,0,5,1,0,0,0,-1,0,2.0000,-1,10,9,15,0,34,0,0,0,0
92.90242,2,0,5,1,0,0,0,-1,0,2.0000,-1,10,9,15,0,34,0,0,0,0
92.92673,2,0,5,1,0,0,0,-1,0,2.0000,-1,10,9,15,0,34,0,0,0,0
92.95016,2,0,5,1,0,0,0,-1,0,2.0000,-1,10,9,15,0,34,0,0,0,0
92.97289,2,0,5,1,0,0,0,-1,0,1.0000,-1,10,9,15,0,34,0,0,0,0
92.99553,2,0,5,1,0,0,0,-1,0,1.0000,-1,10,9,15,0,34,0,0,0,0
93.01918,2,0,5,1,0,0,0,-1,0,1.0000,-1,10,9,15,0,34,0,0,0,0
93.04261,2,0,5,1,0,0,0,-1,0,1.0000,-1,10,9,15,0,34,0,0,0,0
93.06673,2,0,5,1,0,0,0,-1,0,1.0000,-1,10,9,15,0,34,0,0,0,0
93.08978,2,0,5,1,0,0,0,-1,0,1.0000,-1,10,9,15,0,34,0,0,0,0
93.11239,2,0,5,1,0,0,0,-1,0,1.0000,-1,10,9,15,0,34,0,0,0,0
93.13331,2,0,5,1,0,0,0,-1,0,1.0000,-1,10,9,15,0,34,0,0,0,0
93.1545,2,0,5,1,0,0,0,-1,0,1.0000,-1,10,9,15,0,34,0,0,0,0
93.17545,2,0,5,1,0,0,0,-1,0,1.0000,-1,10,9,15,0,34,0,0,0,0
93.21404,2,0,5,0,0,0,0,-1,0,1.0000,-1,10,9,15,0,34,0,0,0,0
93.22512,2,0,5,0,0,0,0,-1,0,1.0000,-1,10,9,15,0,34,0,0,0,0
93.23997,2,0,5,0,0,0,0,-1,0,1.0000,-1,10,9,15,0,34,0,0,0,0
93.25912,2,0,5,0,0,0,0,-1,0,1.0000,-1,10,9,15,0,34,0,0,0,0
93.27876,2,0,5,0,0,0,0,-1,0,1.0000,-1,10,9,15,0,34,0,0,0,0
93.29846,2,0,5,0,0,0,0,-1,0,1.0000,-1,10,9,15,0,34,0,0,0,0
93.31837,2,0,5,0,0,0,0,-1,0,1.0000,-1,10,9,15,0,34,0,0,0,0
93.33814,2,0,5,0,0,0,0,-1,0,1.0000,-1,10,9,15,0,34,0,0,0,0
93.35734,2,0,5,0,0,0,0,-1,0,1.0000,-1,10,9,15,0,34,0,0,0,0
93.37701,2,0,5,0,0,0,0,-1,0,1.0000,-1,10,9,15,0,34,0,0,0,0
93.41232,2,0,5,0,0,0,0,-1,0,1.0000,-1,10,9,15,0,34,0,0,0,0
93.42216,2,0,5,0,0,0,0,-1,0,1.0000,-1,10,9,15,0,34,0,0,0,0
93.43751,2,0,5,0,0,0,0,-1,0,1.0000,-1,10,9,15,0,34,0,0,0,0
93.45683,2,0,5,0,1,0,0,-1,0,1.0000,-1,10,9,15,0,34,0,0,0,0
93.47675,2,0,5,0,1,0,0,-1,0,1.0000,-1,10,9,15,0,34,0,0,0,0
93.49529,2,0,5,0,1,0,0,-1,0,1.0000,-1,10,9,15,0,34,0,0,0,0
93.51627,2,0,5,0,1,0,0,-1,0,1.0000,-1,10,9,15,0,34,0,0,0,0
93.53676,2,0,5,0,1,0,0,-1,0,1.0000,-1,10,9,15,0,34,0,0,0,0
93.55456,2,0,5,0,1,0,0,-1,0,1.0000,-1,10,9,15,0,34,0,0,0,0
93.57468,2,0,5,0,1,0,0,-1,0,1.0000,-1,10,9,15,0,34,0,0,0,0
93.59478,2,0,5,0,1,0,0,-1,0,0.0000,-1,10,9,15,0,34,0,0,0,0
93.61377,2,0,5,0,1,0,0,-1,0,0.0000,-1,10,9,15,0,34,0,0,0,0
93.63279,2,0,5,1,1,0,0,-1,0,0.0000,-1,10,9,15,0,34,0,0,0,0
93.65174,2,0,5,1,1,0,0,-1,0,0.0000,-1,10,9,15,0,34,0,0,0,0
93.67232,2,0,5,1,1,0,0,-1,0,0.0000,-1,10,9,15,0,34,0,0,0,0
93.69106,2,0,5,1,1,0,0,-1,0,0.0000,-1,10,9,15,0,34,0,0,0,0
93.71028,2,0,5,1,1,0,0,-1,0,0.0000,-1,10,9,15,0,34,0,0,0,0
93.7299,2,0,5,1,1,0,0,-1,0,0.0000,-1,10,9,15,0,34,0,0,0,0
93.75087,2,0,5,1,1,0,0,-1,0,0.0000,-1,10,9,15,0,34,0,0,0,0
93.7697,2,0,5,1,1,0,0,-1,0,0.0000,-1,10,9,15,0,34,0,0,0,0
93.78919,2,0,5,1,1,0,0,-1,0,0.0000,-1,10,9,15,0,34,0,0,0,0
93.80736,2,0,5,1,1,0,0,-1,0,0.0000,-1,10,9,15,0,34,0,0,0,0
93.84543,2,0,5,1,1,0,0,-1,1,1.0000,-1,10,9,15,0,34,0,0,0,0
93.85784,2,0,5,1,1,0,0,-1,0,1.0000,-1,10,9,15,0,34,0,0,0,0
93.87107,2,0,5,1,1,0,0,-1,0,1.0000,-1,10,9,15,0,34,0,0,0,0
93.8913,2,0,5,1,1,0,0,-1,0,1.0000,-1,10,9,15,0,34,0,0,0,0
93.91112,2,0,5,1,1,0,0,-1,0,1.0000,-1,10,9,15,0,34,0,0,0,0
93.9297,2,0,5,1,1,0,1,109,0,1.0000,-1,10,9,15,0,34,0,0,0,0
93.95029,2,0,5,1,1,0,1,109,0,1.0000,-1,10,9,15,0,34,0,0,0,0
93.96984,2,0,5,1,1,0,1,109,0,1.0000,-1,10,9,15,0,34,0,0,0,0
93.98753,2,0,5,1,1,0,1,109,0,1.0000,-1,10,9,15,0,34,0,0,0,0
94.00864,2,0,5,1,1,0,1,109,0,1.0000,-1,10,9,15,0,34,0,0,0,0
94.02843,2,0,5,1,1,0,1,109,0,1.0000,-1,10,9,15,0,34,0,0,0,0
94.04782,2,0,5,1,1,0,0,-1,0,1.0000,109,10,10,15,0,35,0,0,0,0
94.06708,2,0,5,1,1,0,0,-1,0,1.0000,-1,10,10,15,0,35,0,0,0,0
94.08677,2,0,5,1,1,0,0,-1,0,1.0000,-1,10,10,15,0,35,0,0,0,0
94.10798,2,0,5,1,1,0,0,-1,0,1.0000,-1,10,10,15,0,35,0,0,0,0
94.12817,2,0,5,1,1,0,0,-1,0,1.0000,-1,10,10,15,0,35,0,0,0,0
94.14822,2,0,5,1,1,0,0,-1,0,1.0000,-1,10,10,15,0,35,0,0,0,0
94.16618,2,0,5,1,1,0,0,-1,0,1.0000,-1,10,10,15,0,35,0,0,0,0
94.18593,2,0,5,1,1,0,0,-1,0,1.0000,-1,10,10,15,0,35,0,0,0,0
94.20678,2,0,5,1,1,0,0,-1,0,1.0000,-1,10,10,15,0,35,0,0,0,0
94.22569,2,0,5,1,1,0,0,-1,0,1.0000,-1,10,10,15,0,35,0,0,0,0
94.26447,2,0,5,1,1,0,0,-1,0,1.0000,-1,10,10,15,0,35,0,0,0,0
94.2782,2,0,5,1,1,0,0,-1,0,1.0000,-1,10,10,15,0,35,0,0,0,0
94.29057,2,0,5,1,1,0,0,-1,0,1.0000,-1,10,10,15,0,35,0,0,0,0
94.30804,2,0,5,1,1,0,0,-1,0,1.0000,-1,10,10,15,0,35,0,0,0,0
94.32963,2,0,5,1,1,0,0,-1,0,1.0000,-1,10,10,15,0,35,0,0,0,0
94.3483,2,0,5,1,1,0,0,-1,0,1.0000,-1,10,10,15,0,35,0,0,0,0
94.3696,2,0,5,1,0,0,0,-1,0,1.0000,-1,10,10,15,0,35,0,0,0,0
94.38696,2,0,5,1,0,0,0,-1,0,1.0000,-1,10,10,15,0,35,0,0,0,0
94.40926,2,0,5,1,0,0,0,-1,0,1.0000,-1,10,10,15,0,35,0,0,0,0
94.42817,2,0,5,1,0,0,0,-1,0,1.0000,-1,10,10,15,0,35,0,0,0,0
94.46413,2,0,5,1,0,0,0,-1,0,1.0000,-1,10,10,15,0,35,0,0,0,0
94.47595,2,0,5,1,0,0,0,-1,0,1.0000,-1,10,10,15,0,35,0,0,0,0
94.49011,2,0,5,1,0,0,0,-1,0,1.0000,-1,10,10,15,0,35,0,0,0,0
94.51094,2,0,5,1,0,0,0,-1,0,1.0000,-1,10,10,15,0,35,0,0,0,0
94.531,2,0,5,1,0,0,0,-1,0,1.0000,-1,10,10,15,0,35,0,0,0,0
94.55072,2,0,5,1,0,0,0,-1,1,2.0000,-1,10,10,15,0,35,0,0,0,0
94.57028,2,0,5,1,0,0,0,-1,0,2.0000,-1,10,10,15,0,35,0,0,0,0
94.59028,2,0,5,1,0,0,0,-1,0,2.0000,-1,10,10,15,0,35,0,0,0,0
94.61063,2,0,5,1,0,0,0,-1,0,2.0000,-1,10,10,15,0,35,0,0,0,0
94.63006,2,0,5,1,0,0,0,-1,0,2.0000,-1,10,10,15,0,35,0,0,0,0
94.64809,2,0,5,1,0,0,0,-1,0,2.0000,-1,10,10,15,0,35,0,0,0,0
94.66844,2,0,5,1,0,0,1,112,0,2.0000,-1,10,10,15,0,35,0,0,0,0
94.68626,2,0,5,1,0,0,1,112,0,2.0000,-1,10,10,15,0,35,0,0,0,0
94.70519,2,0,5,1,0,0,1,112,0,2.0000,-1,10,10,15,0,35,0,0,0,0
94.72448,2,0,5,1,0,0,1,112,0,2.0000,-1,10,10,15,0,35,0,0,0,0
94.74424,2,0,5,1,0,0,1,112,0,2.0000,-1,10,10,15,0,35,0,0,0,0
94.76435,2,0,5,1,0,0,1,112,0,2.0000,-1,10,10,15,0,35,0,0,0,0
94.78297,2,0,5,1,0,0,1,112,0,2.0000,-1,10,10,15,0,35,0,0,0,0
94.80155,2,0,5,1,0,0,1,112,0,2.0000,-1,10,10,15,0,35,0,0,0,0
94.82094,2,0,5,1,0,0,1,112,0,2.0000,-1,10,10,15,0,35,0,0,0,0
94.84065,2,0,5,1,0,0,1,112,0,2.0000,-1,10,10,15,0,35,0,0,0,0
94.87787,2,0,5,1,0,0,1,112,0,1.0000,-1,10,10,15,0,35,0,0,0,0
94.8878,2,0,5,1,0,0,1,112,0,1.0000,-1,10,10,15,0,35,0,0,0,0
94.90239,2,0,5,1,0,0,1,112,0,1.0000,-1,10,10,15,0,35,0,0,0,0
94.92235,2,0,5,1,0,0,1,112,0,1.0000,-1,10,10,15,0,35,0,0,0,0
94.94143,2,0,5,1,0,0,1,112,0,1.0000,-1,10,10,15,0,35,0,0,0,0
94.96225,2,0,5,1,0,0,1,112,0,1.0000,-1,10,10,15,0,35,0,0,0,0
94.98119,2,0,5,1,0,0,1,112,0,1.0000,-1,10,10,15,0,35,0,0,0,0
95.00056,2,0,5,1,0,0,1,112,0,1.0000,-1,10,10,15,0,35,0,0,0,0
95.01945,2,0,5,1,0,0,1,112,0,1.0000,-1,10,10,15,0,35,0,0,0,0
95.03957,2,0,5,1,0,0,1,112,0,1.0000,-1,10,10,15,0,35,0,0,0,0
95.05979,2,0,5,1,0,0,1,112,0,1.0000,-1,10,10,15,0,35,0,0,0,0
95.07896,2,0,5,1,0,0,1,112,0,1.0000,-1,10,10,15,0,35,0,0,0,0
95.09912,2,0,5,1,0,0,1,112,0,1.0000,-1,10,10,15,0,35,0,0,0,0
95.11877,2,0,5,1,1,0,1,112,0,1.0000,-1,10,10,15,0,35,0,0,0,0
95.1379,2,0,5,1,1,0,1,112,1,2.0000,-1,10,10,15,0,35,0,0,0,0
95.15804,2,0,5,1,1,0,1,112,0,2.0000,-1,10,10,15,0,35,0,0,0,0
95.17558,2,0,5,1,1,0,1,112,0,2.0000,-1,10,10,15,0,35,0,0,0,0
95.19792,2,0,5,1,1,0,1,112,0,2.0000,-1,10,10,15,0,35,0,0,0,0
95.21794,2,0,5,1,1,0,0,-1,0,2.0000,112,10,11,15,0,36,0,0,0,0
95.23544,2,0,5,1,1,0,0,-1,0,2.0000,-1,10,11,15,0,36,0,0,0,0
95.25383,2,0,5,1,1,0,0,-1,0,2.0000,-1,10,11,15,0,36,0,0,0,0
95.27361,2,0,5,1,1,0,0,-1,0,2.0000,-1,10,11,15,0,36,0,0,0,0
95.31226,2,0,5,1,1,0,0,-1,0,2.0000,-1,10,11,15,0,36,0,0,0,0
95.32581,2,0,5,1,1,0,0,-1,0,2.0000,-1,10,11,15,0,36,0,0,0,0
95.34089,2,0,5,1,1,0,0,-1,0,2.0000,-1,10,11,15,0,36,0,0,0,0
95.3622,2,0,5,1,1,0,0,-1,0,2.0000,-1,10,11,15,0,36,0,0,0,0
95.38142,2,0,5,1,1,0,0,-1,0,2.0000,-1,10,11,15,0,36,0,0,0,0
95.40087,2,0,5,1,1,0,0,-1,0,2.0000,-1,10,11,15,0,36,0,0,0,0
95.4203,2,0,5,1,1,0,0,-1,0,2.0000,-1,10,11,15,0,36,0,0,0,0
95.44265,2,0,5,1,1,0,0,-1,0,2.0000,-1,10,11,15,0,36,0,0,0,0
95.46156,2,0,5,1,1,0,0,-1,0,2.0000,-1,10,11,15,0,36,0,0,0,0
95.48129,2,0,5,1,1,0,0,-1,0,2.0000,-1,10,11,15,0,36,0,0,0,0
95.50002,2,0,5,1,1,0,0,-1,0,2.0000,-1,10,11,15,0,36,0,0,0,0
95.52054,2,0,5,1,1,0,0,-1,0,2.0000,-1,10,11,15,0,36,0,0,0,0
95.54317,2,0,5,1,1,0,0,-1,0,2.0000,-1,10,11,15,0,36,0,0,0,0
95.56234,2,0,5,1,1,0,0,-1,0,1.0000,-1,10,11,15,0,36,0,0,0,0
95.58141,2,0,5,1,1,0,0,-1,0,1.0000,-1,10,11,15,0,36,0,0,0,0
95.59994,2,0,5,1,1,0,0,-1,0,1.0000,-1,10,11,15,0,36,0,0,0,0
95.62019,2,0,5,1,1,0,0,-1,0,1.0000,-1,10,11,15,0,36,0,0,0,0
95.64214,2,0,5,1,1,0,0,-1,0,1.0000,-1,10,11,15,0,36,0,0,0,0
95.66174,2,0,5,1,1,0,0,-1,0,1.0000,-1,10,11,15,0,36,0,0,0,0
95.68047,2,0,5,1,1,0,0,-1,0,1.0000,-1,10,11,15,0,36,0,0,0,0
95.7,2,0,5,1,0,0,0,-1,0,1.0000,-1,10,11,15,0,36,0,0,0,0
95.73956,2,0,5,1,0,0,0,-1,0,1.0000,-1,10,11,15,0,36,0,0,0,0
95.75195,2,0,5,1,0,0,0,-1,0,1.0000,-1,10,11,15,0,36,0,0,0,0
95.76546,2,0,5,1,0,0,0,-1,0,1.0000,-1,10,11,15,0,36,0,0,0,0
95.78624,2,0,5,1,0,0,0,-1,0,1.0000,-1,10,11,15,0,36,0,0,0,0
95.80657,2,0,5,1,0,0,0,-1,0,1.0000,-1,10,11,15,0,36,0,0,0,0
95.82701,2,0,5,1,0,0,0,-1,0,1.0000,-1,10,11,15,0,36,0,0,0,0
95.84653,2,0,5,1,0,0,0,-1,0,1.0000,-1,10,11,15,0,36,0,0,0,0
95.86638,2,0,5,1,0,0,0,-1,0,1.0000,-1,10,11,15,0,36,0,0,0,0
95.88696,2,0,5,1,0,0,0,-1,0,1.0000,-1,10,11,15,0,36,0,0,0,0
95.90967,2,0,5,1,0,0,0,-1,0,1.0000,-1,10,11,15,0,36,0,0,0,0
95.94697,2,0,5,1,0,0,0,-1,0,1.0000,-1,10,11,15,0,36,0,0,0,0
95.9592,2,0,5,1,0,0,0,-1,0,1.0000,-1,10,11,15,0,36,0,0,0,0
95.9735,2,0,5,1,0,0,0,-1,0,1.0000,-1,10,11,15,0,36,0,0,0,0
95.99317,2,0,5,1,0,0,0,-1,0,1.0000,-1,10,11,15,0,36,0,0,0,0
96.01315,2,0,5,1,0,0,0,-1,0,1.0000,-1,10,11,15,0,36,0,0,0,0
96.03481,2,0,5,1,0,0,0,-1,0,1.0000,-1,10,11,15,0,36,0,0,0,0
96.05543,2,0,5,1,0,0,0,-1,0,1.0000,-1,10,11,15,0,36,0,0,0,0
96.07696,2,0,5,1,0,0,0,-1,0,1.0000,-1,10,11,15,0,36,0,0,0,0
96.09671,2,0,5,1,0,0,0,-1,0,1.0000,-1,10,11,15,0,36,0,0,0,0
96.11864,2,0,5,1,0,0,0,-1,0,1.0000,-1,10,11,15,0,36,0,0,0,0
96.13644,2,0,5,1,0,0,0,-1,0,1.0000,-1,10,11,15,0,36,0,0,0,0
96.1591,2,0,5,1,0,0,1,115,0,0.0000,-1,10,11,15,0,36,0,0,0,0
96.17783,2,0,5,1,0,0,1,115,0,0.0000,-1,10,11,15,0,36,0,0,0,0
96.19755,2,0,5,1,0,0,1,115,0,0.0000,-1,10,11,15,0,36,0,0,0,0
96.21872,2,0,5,1,0,0,1,115,0,0.0000,-1,10,11,15,0,36,0,0,0,0
96.23688,2,0,5,1,0,0,1,115,0,0.0000,-1,10,11,15,0,36,0,0,0,0
96.25908,2,0,5,1,0,0,1,115,0,0.0000,-1,10,11,15,0,36,0,0,0,0
96.28038,2,0,5,1,0,0,1,115,0,0.0000,-1,10,11,15,0,36,0,0,0,0
96.29897,2,0,5,1,0,0,1,115,0,0.0000,-1,10,11,15,0,36,0,0,0,0
96.31985,2,0,5,1,0,0,1,115,0,0.0000,-1,10,11,15,0,36,0,0,0,0
96.35789,2,0,5,1,0,0,1,115,0,0.0000,-1,10,11,15,0,36,0,0,0,0
96.36926,2,0,5,1,0,0,1,115,0,0.0000,-1,10,11,15,0,36,0,0,0,0
96.38493,2,0,5,1,0,0,1,115,0,0.0000,-1,10,11,15,0,36,0,0,0,0
96.40545,2,0,5,1,0,0,0,-1,0,0.0000,-1,10,11,15,0,36,0,0,0,0
96.42696,2,0,5,1,0,0,0,-1,1,1.0000,-1,10,11,15,0,36,0,0,0,0
96.44586,2,0,5,1,0,0,0,-1,0,1.0000,-1,10,11,15,0,36,0,0,0,0
96.46735,2,0,5,1,0,0,0,-1,0,1.0000,-1,10,11,15,0,36,0,0,0,0
96.48782,2,0,5,1,0,0,0,-1,0,1.0000,-1,10,11,15,0,36,0,0,0,0
96.51008,2,0,5,1,0,0,0,-1,0,1.0000,-1,10,11,15,0,36,0,0,0,0
96.53001,2,0,5,1,0,0,0,-1,0,1.0000,-1,10,11,15,0,36,0,0,0,0
96.54873,3,1,6,1,0,0,1,117,0,1.0000,115,10,11,16,0,37,0,0,0,0
96.57001,3,0,6,1,0,0,1,117,0,1.0000,-1,10,11,16,0,37,0,0,0,0
96.59013,3,0,6,1,0,0,1,117,0,1.0000,-1,10,11,16,0,37,0,0,0,0
96.61102,3,0,6,1,0,0,1,117,0,1.0000,-1,10,11,16,0,37,0,0,0,0
96.63254,3,0,6,1,0,0,1,117,0,1.0000,-1,10,11,16,0,37,0,0,0,0
96.65404,3,0,6,1,0,0,1,117,0,1.0000,-1,10,11,16,0,37,0,0,0,0
96.67387,3,0,6,1,0,0,1,117,0,1.0000,-1,10,11,16,0,37,0,0,0,0
96.69311,3,0,6,1,0,0,1,117,0,1.0000,-1,10,11,16,0,37,0,0,0,0
96.71656,3,0,6,1,0,0,1,117,0,1.0000,-1,10,11,16,0,37,0,0,0,0
96.73624,3,0,6,1,0,0,1,117,0,1.0000,-1,10,11,16,0,37,0,0,0,0
96.7785,3,0,6,1,0,0,1,117,0,1.0000,-1,10,11,16,0,37,0,0,0,0
96.79156,3,0,6,1,0,0,1,117,0,1.0000,-1,10,11,16,0,37,0,0,0,0
96.80475,3,0,6,1,0,0,1,117,0,1.0000,-1,10,11,16,0,37,0,0,0,0
96.82404,3,0,6,1,0,0,1,117,0,1.0000,-1,10,11,16,0,37,0,0,0,0
96.84596,3,0,6,1,0,0,1,117,0,1.0000,-1,10,11,16,0,37,0,0,0,0
96.8668,3,0,6,1,0,0,1,117,0,1.0000,-1,10,11,16,0,37,0,0,0,0
96.88878,3,0,6,1,0,0,1,117,0,1.0000,-1,10,11,16,0,37,0,0,0,0
96.91031,3,0,6,1,0,0,0,-1,0,1.0000,117,10,11,17,0,38,0,0,0,0
96.93114,3,0,6,1,0,0,0,-1,0,1.0000,-1,10,11,17,0,38,0,0,0,0
96.95253,3,0,6,1,0,0,0,-1,0,1.0000,-1,10,11,17,0,38,0,0,0,0
96.97546,3,0,6,1,0,0,0,-1,0,1.0000,-1,10,11,17,0,38,0,0,0,0
96.99464,3,0,6,1,0,0,0,-1,0,1.0000,-1,10,11,17,0,38,0,0,0,0
97.01519,3,0,6,1,0,0,0,-1,0,1.0000,-1,10,11,17,0,38,0,0,0,0
97.03699,3,0,6,1,0,0,0,-1,0,1.0000,-1,10,11,17,0,38,0,0,0,0
97.05733,3,0,6,1,0,0,0,-1,0,1.0000,-1,10,11,17,0,38,0,0,0,0
97.07888,3,0,6,1,0,0,0,-1,0,1.0000,-1,10,11,17,0,38,0,0,0,0
97.10083,3,0,6,1,0,0,0,-1,0,1.0000,-1,10,11,17,0,38,0,0,0,0
97.12123,3,0,6,1,0,0,0,-1,0,1.0000,-1,10,11,17,0,38,0,0,0,0
97.14228,3,0,6,0,0,0,0,-1,0,1.0000,-1,10,11,17,0,38,0,0,0,0
97.16308,3,0,6,0,0,0,0,-1,0,1.0000,-1,10,11,17,0,38,0,0,0,0
97.20218,3,0,6,0,0,0,0,-1,0,1.0000,-1,10,11,17,0,38,0,0,0,0
97.21509,3,0,6,0,0,0,0,-1,0,1.0000,-1,10,11,17,0,38,0,0,0,0
97.22891,3,0,6,0,0,0,0,-1,0,1.0000,-1,10,11,17,0,38,0,0,0,0
97.24989,3,0,6,0,0,0,0,-1,0,1.0000,-1,10,11,17,0,38,0,0,0,0
97.27142,3,0,6,0,0,0,0,-1,0,1.0000,-1,10,11,17,0,38,0,0,0,0
97.29262,3,0,6,0,0,0,0,-1,0,1.0000,-1,10,11,17,0,38,0,0,0,0
97.31333,3,0,6,0,0,0,0,-1,1,2.0000,-1,10,11,17,0,38,0,0,0,0
97.33418,3,0,6,0,0,0,0,-1,1,3.0000,-1,10,11,17,0,38,0,0,0,0
97.3559,3,0,6,0,0,0,0,-1,0,3.0000,-1,10,11,17,0,38,0,0,0,0
97.37723,3,0,6,0,0,0,0,-1,0,3.0000,-1,10,11,17,0,38,0,0,0,0
97.41691,3,0,6,0,0,0,0,-1,1,4.0000,-1,10,11,17,0,38,0,0,0,0
97.42896,3,0,6,0,0,0,0,-1,0,3.0000,-1,10,11,17,0,38,0,0,0,0
97.44408,3,0,6,0,0,0,0,-1,0,3.0000,-1,10,11,17,0,38,0,0,0,0
97.46538,3,0,6,0,0,0,0,-1,0,3.0000,-1,10,11,17,0,38,0,0,0,0
97.48598,3,0,6,0,0,0,0,-1,0,3.0000,-1,10,11,17,0,38,0,0,0,0
97.50749,3,0,6,0,0,0,0,-1,0,3.0000,-1,10,11,17,0,38,0,0,0,0
97.52799,3,0,6,0,0,0,0,-1,0,3.0000,-1,10,11,17,0,38,0,0,0,0
97.54991,3,0,6,0,0,0,0,-1,0,3.0000,-1,10,11,17,0,38,0,0,0,0
97.57029,3,0,6,0,0,0,0,-1,0,3.0000,-1,10,11,17,0,38,0,0,0,0
97.59145,3,0,6,0,0,0,0,-1,0,3.0000,-1,10,11,17,0,38,0,0,0,0
97.61239,3,0,6,0,0,0,0,-1,0,3.0000,-1,10,11,17,0,38,0,0,0,0
97.63303,3,0,6,0,0,0,0,-1,0,3.0000,-1,10,11,17,0,38,0,0,0,0
97.65307,3,0,6,0,0,0,0,-1,0,3.0000,-1,10,11,17,0,38,0,0,0,0
97.67554,3,0,6,0,0,0,0,-1,0,3.0000,-1,10,11,17,0,38,0,0,0,0
97.69429,3,0,6,0,0,0,0,-1,0,3.0000,-1,10,11,17,0,38,0,0,0,0
97.71432,3,0,6,0,0,0,0,-1,0,3.0000,-1,10,11,17,0,38,0,0,0,0
97.73528,3,0,6,0,0,0,1,118,0,3.0000,-1,10,11,17,0,38,0,0,0,0
97.75461,3,0,6,0,0,0,1,118,0,3.0000,-1,10,11,17,0,38,0,0,0,0
97.77479,3,0,6,0,0,0,1,118,0,3.0000,-1,10,11,17,0,38,0,0,0,0
97.79575,3,0,6,0,0,0,1,118,0,3.0000,-1,10,11,17,0,38,0,0,0,0
97.83389,3,0,6,0,0,0,1,118,1,4.0000,-1,10,11,17,0,38,0,0,0,0
97.8465,3,0,6,0,0,0,1,118,0,4.0000,-1,10,11,17,0,38,0,0,0,0
97.85953,3,0,6,0,0,0,1,118,0,4.0000,-1,10,11,17,0,38,0,0,0,0
97.88047,3,0,6,0,0,0,1,118,0,4.0000,-1,10,11,17,0,38,0,0,0,0
97.90192,3,0,6,0,0,0,1,118,0,4.0000,-1,10,11,17,0,38,0,0,0,0
97.92316,3,0,6,0,0,0,1,118,0,4.0000,-1,10,11,17,0,38,0,0,0,0
97.94347,3,0,6,0,0,0,1,118,0,4.0000,-1,10,11,17,0,38,0,0,0,0
97.96413,3,0,6,0,0,0,1,118,0,4.0000,-1,10,11,17,0,38,0,0,0,0
97.98418,3,0,6,0,0,0,1,118,0,4.0000,-1,10,11,17,0,38,0,0,0,0
98.00443,3,0,6,0,0,0,1,118,0,4.0000,-1,10,11,17,0,38,0,0,0,0
98.0255,3,0,6,0,0,0,1,118,0,4.0000,-1,10,11,17,0,38,0,0,0,0
98.0452,3,0,6,0,0,0,1,118,0,4.0000,-1,10,11,17,0,38,0,0,0,0
98.06541,3,0,6,0,0,0,1,118,0,4.0000,-1,10,11,17,0,38,0,0,0,0
98.08755,3,0,6,0,0,0,1,118,0,4.0000,-1,10,11,17,0,38,0,0,0,0
98.10857,3,0,6,0,0,0,1,118,1,5.0000,-1,10,11,17,0,38,0,0,0,0
98.12739,3,0,6,0,0,0,1,118,0,5.0000,-1,10,11,17,0,38,0,0,0,0
98.14716,3,0,6,0,0,0,0,-1,0,5.0000,-1,10,11,17,0,38,0,0,0,0
98.16787,3,0,6,0,0,0,0,-1,0,5.0000,-1,10,11,17,0,38,0,0,0,0
98.18818,3,0,6,0,0,0,0,-1,0,5.0000,-1,10,11,17,0,38,0,0,0,0
98.20964,3,0,6,0,0,0,0,-1,0,5.0000,-1,10,11,17,0,38,0,0,0,0
98.24811,3,0,6,0,0,0,0,-1,0,5.0000,-1,10,11,17,0,38,0,0,0,0
98.26102,3,0,6,0,0,0,0,-1,0,5.0000,-1,10,11,17,0,38,0,0,0,0
98.27466,3,0,6,0,0,0,0,-1,0,5.0000,-1,10,11,17,0,38,0,0,0,0
98.29607,3,0,6,0,0,0,0,-1,1,6.0000,-1,10,11,17,0,38,0,0,0,0
98.31744,3,0,6,0,0,0,0,-1,0,5.0000,-1,10,11,17,0,38,0,0,0,0
98.33739,3,0,6,0,0,0,0,-1,0,4.0000,-1,10,11,17,0,38,0,0,0,0
98.3576,3,0,6,0,0,0,0,-1,0,4.0000,-1,10,11,17,0,38,0,0,0,0
98.3781,3,0,6,0,0,0,0,-1,0,4.0000,-1,10,11,17,0,38,0,0,0,0
98.39924,3,0,6,0,0,0,0,-1,0,4.0000,-1,10,11,17,0,38,0,0,0,0
98.41995,3,0,6,0,0,0,0,-1,0,3.0000,-1,10,11,17,0,38,0,0,0,0
98.43765,3,0,6,0,0,0,0,-1,0,3.0000,-1,10,11,17,0,38,0,0,0,0
98.45634,3,0,6,0,0,0,0,-1,0,3.0000,-1,10,11,17,0,38,0,0,0,0
98.47617,3,0,6,0,0,0,0,-1,0,3.0000,-1,10,11,17,0,38,0,0,0,0
98.49689,3,0,6,0,0,0,0,-1,0,3.0000,-1,10,11,17,0,38,0,0,0,0
98.51578,3,0,6,0,0,0,0,-1,1,4.0000,-1,10,11,17,0,38,0,0,0,0
98.5349,3,0,6,0,0,0,0,-1,0,4.0000,-1,10,11,17,0,38,0,0,0,0
98.55517,3,0,6,0,0,0,0,-1,0,4.0000,-1,10,11,17,0,38,0,0,0,0
98.5743,3,0,6,0,0,0,0,-1,0,4.0000,-1,10,11,17,0,38,0,0,0,0
98.59397,3,0,6,0,0,0,0,-1,0,4.0000,-1,10,11,17,0,38,0,0,0,0
98.61422,3,0,6,0,0,0,0,-1,0,4.0000,-1,10,11,17,0,38,0,0,0,0
98.63116,3,0,6,0,0,0,0,-1,0,4.0000,-1,10,11,17,0,38,0,0,0,0
98.66901,3,0,6,0,0,0,0,-1,0,4.0000,-1,10,11,17,0,38,0,0,0,0
98.68184,3,0,6,0,0,0,0,-1,0,4.0000,-1,10,11,17,0,38,0,0,0,0
98.6945,3,0,6,0,0,0,0,-1,0,4.0000,-1,10,11,17,0,38,0,0,0,0
98.71489,3,0,6,0,0,0,0,-1,0,4.0000,-1,10,11,17,0,38,0,0,0,0
98.73454,3,0,6,0,0,0,0,-1,0,4.0000,-1,10,11,17,0,38,0,0,0,0
98.75489,3,0,6,0,0,0,0,-1,0,4.0000,-1,10,11,17,0,38,0,0,0,0
98.77575,3,0,6,0,0,0,0,-1,0,4.0000,-1,10,11,17,0,38,0,0,0,0
98.79587,3,0,6,0,0,0,0,-1,0,4.0000,-1,10,11,17,0,38,0,0,0,0
98.81678,3,0,6,0,0,0,0,-1,0,4.0000,-1,10,11,17,0,38,0,0,0,0
98.83614,3,0,6,0,0,0,0,-1,0,3.0000,-1,10,11,17,0,38,0,0,0,0
98.85793,3,0,6,0,0,0,0,-1,0,3.0000,-1,10,11,17,0,38,0,0,0,0
98.87769,3,0,6,0,0,0,0,-1,0,3.0000,-1,10,11,17,0,38,0,0,0,0
98.8991,3,0,6,0,0,0,0,-1,0,3.0000,-1,10,11,17,0,38,0,0,0,0
98.91933,3,0,6,0,0,0,0,-1,0,3.0000,-1,10,11,17,0,38,0,0,0,0
98.93885,3,0,6,0,0,0,0,-1,0,3.0000,-1,10,11,17,0,38,0,0,0,0
98.95965,3,0,6,0,0,0,0,-1,0,3.0000,-1,10,11,17,0,38,0,0,0,0
98.98035,3,0,6,0,0,0,0,-1,0,3.0000,-1,10,11,17,0,38,0,0,0,0
99.00063,3,0,6,0,0,0,0,-1,0,3.0000,-1,10,11,17,0,38,0,0,0,0
99.0211,3,0,6,0,0,0,0,-1,0,3.0000,-1,10,11,17,0,38,0,0,0,0
99.04408,3,0,6,0,0,0,0,-1,0,3.0000,-1,10,11,17,0,38,0,0,0,0
99.06267,3,0,6,0,0,0,0,-1,0,3.0000,-1,10,11,17,0,38,0,0,0,0
99.08276,3,0,6,0,0,0,0,-1,0,3.0000,-1,10,11,17,0,38,0,0,0,0
99.10349,3,0,6,0,0,0,0,-1,0,3.0000,-1,10,11,17,0,38,0,0,0,0
99.1235,3,0,6,0,0,0,0,-1,0,2.0000,-1,10,11,17,0,38,0,0,0,0
99.14411,3,0,6,0,0,0,0,-1,0,2.0000,-1,10,11,17,0,38,0,0,0,0
99.16557,3,0,6,0,0,0,0,-1,0,2.0000,-1,10,11,17,0,38,0,0,0,0
99.18507,3,0,6,0,0,0,0,-1,0,2.0000,-1,10,11,17,0,38,0,0,0,0
99.20578,3,0,6,0,0,0,0,-1,0,2.0000,-1,10,11,17,0,38,0,0,0,0
99.22496,3,0,6,0,0,0,0,-1,0,2.0000,-1,10,11,17,0,38,0,0,0,0
99.24507,3,0,6,0,0,0,0,-1,0,2.0000,-1,10,11,17,0,38,0,0,0,0
99.26661,3,0,6,0,0,0,0,-1,0,2.0000,-1,10,11,17,0,38,0,0,0,0
99.28738,3,0,6,0,0,0,0,-1,0,2.0000,-1,10,11,17,0,38,0,0,0,0
99.30676,3,0,6,0,0,0,0,-1,0,1.0000,-1,10,11,17,0,38,0,0,0,0
99.327,3,0,6,0,0,0,0,-1,0,1.0000,-1,10,11,17,0,38,0,0,0,0
99.34634,3,0,6,0,0,0,0,-1,0,1.0000,-1,10,11,17,0,38,0,0,0,0
99.36553,3,0,6,0,0,0,0,-1,0,1.0000,-1,10,11,17,0,38,0,0,0,0
99.38786,3,0,6,0,0,0,0,-1,0,1.0000,-1,10,11,17,0,38,0,0,0,0
99.40884,3,0,6,0,0,0,0,-1,0,1.0000,-1,10,11,17,0,38,0,0,0,0
99.4269,3,0,6,0,0,0,0,-1,0,1.0000,-1,10,11,17,0,38,0,0,0,0
99.44758,3,0,6,0,0,0,0,-1,0,1.0000,-1,10,11,17,0,38,0,0,0,0
99.46769,3,0,6,0,0,0,0,-1,0,1.0000,-1,10,11,17,0,38,0,0,0,0
99.48756,3,0,6,0,0,0,0,-1,0,1.0000,-1,10,11,17,0,38,0,0,0,0
99.50813,3,0,6,0,0,0,0,-1,0,1.0000,-1,10,11,17,0,38,0,0,0,0
99.52812,3,0,6,0,0,0,0,-1,0,0.0000,-1,10,11,17,0,38,0,0,0,0
99.54904,3,0,6,0,0,0,0,-1,0,0.0000,-1,10,11,17,0,38,0,0,0,0
99.56758,3,0,6,0,0,0,0,-1,0,0.0000,-1,10,11,17,0,38,0,0,0,0
99.58964,3,0,6,0,0,0,0,-1,0,0.0000,-1,10,11,17,0,38,0,0,0,0
99.61063,3,0,6,0,0,0,1,122,0,0.0000,-1,10,11,17,0,38,0,0,0,0
99.63096,3,0,6,0,0,0,1,122,0,0.0000,-1,10,11,17,0,38,0,0,0,0
99.65156,3,0,6,0,0,0,1,122,0,0.0000,-1,10,11,17,0,38,0,0,0,0
99.67165,3,0,6,0,0,0,1,122,0,0.0000,-1,10,11,17,0,38,0,0,0,0
99.69003,3,0,6,0,0,0,1,122,0,0.0000,-1,10,11,17,0,38,0,0,0,0
99.71278,3,0,6,0,0,0,1,122,0,0.0000,-1,10,11,17,0,38,0,0,0,0
99.7318,3,0,6,0,0,0,1,122,0,0.0000,-1,10,11,17,0,38,0,0,0,0
99.75056,3,0,6,0,0,0,1,122,0,0.0000,-1,10,11,17,0,38,0,0,0,0
99.77332,3,0,6,0,0,0,1,122,0,0.0000,-1,10,11,17,0,38,0,0,0,0
99.79329,3,0,6,0,0,0,1,122,0,0.0000,-1,10,11,17,0,38,0,0,0,0
99.81534,3,0,6,0,0,0,1,122,0,0.0000,-1,10,11,17,0,38,0,0,0,0
99.8351,3,0,6,0,0,0,1,122,0,0.0000,-1,10,11,17,0,38,0,0,0,0
99.85561,3,0,6,0,0,0,1,122,0,0.0000,-1,10,11,17,0,38,0,0,0,0
99.87547,3,0,6,0,0,0,1,122,0,0.0000,-1,10,11,17,0,38,0,0,0,0
99.89738,3,0,6,0,0,0,1,122,0,0.0000,-1,10,11,17,0,38,0,0,0,0
99.91695,3,0,6,0,0,0,1,122,1,1.0000,-1,10,11,17,0,38,0,0,0,0
99.93681,3,0,6,0,0,0,0,-1,0,1.0000,-1,10,11,17,0,38,0,0,0,0
99.95563,3,0,6,0,0,0,0,-1,0,1.0000,-1,10,11,17,0,38,0,0,0,0
99.97837,3,0,6,0,0,0,0,-1,0,1.0000,-1,10,11,17,0,38,0,0,0,0
99.99791,3,0,6,0,0,0,0,-1,0,1.0000,-1,10,11,17,0,38,0,0,0,0
100.0179,3,0,6,0,0,0,0,-1,0,1.0000,-1,10,11,17,0,38,0,0,0,0
100.0392,3,0,6,0,0,0,0,-1,0,1.0000,-1,10,11,17,0,38,0,0,0,0
100.0591,3,0,6,0,0,0,0,-1,0,1.0000,-1,10,11,17,0,38,0,0,0,0
100.0965,3,0,6,0,0,0,0,-1,0,1.0000,-1,10,11,17,0,38,0,0,0,0
100.1091,3,0,6,0,0,0,0,-1,1,2.0000,-1,10,11,17,0,38,0,0,0,0
100.1223,3,0,6,0,0,0,0,-1,0,2.0000,-1,10,11,17,0,38,0,0,0,0
100.1436,3,0,6,0,0,0,0,-1,0,2.0000,-1,10,11,17,0,38,0,0,0,0
100.1657,3,0,6,0,0,0,0,-1,0,2.0000,-1,10,11,17,0,38,0,0,0,0
100.1836,3,0,6,0,0,0,0,-1,0,2.0000,-1,10,11,17,0,38,0,0,0,0
100.2026,3,0,6,0,0,0,0,-1,0,2.0000,-1,10,11,17,0,38,0,0,0,0
100.2216,3,0,6,0,0,0,0,-1,0,2.0000,-1,10,11,17,0,38,0,0,0,0
100.2405,3,0,6,0,0,0,0,-1,0,2.0000,-1,10,11,17,0,38,0,0,0,0
100.2594,3,0,6,0,0,0,0,-1,0,2.0000,-1,10,11,17,0,38,0,0,0,0
100.2793,3,0,6,0,0,0,0,-1,0,2.0000,-1,10,11,17,0,38,0,0,0,0
100.2984,3,0,6,0,0,0,0,-1,0,2.0000,-1,10,11,17,0,38,0,0,0,0
100.3161,3,0,6,0,0,0,0,-1,0,2.0000,-1,10,11,17,0,38,0,0,0,0
100.3357,3,0,6,0,0,0,0,-1,0,2.0000,-1,10,11,17,0,38,0,0,0,0
100.3547,3,0,6,0,0,0,0,-1,0,2.0000,-1,10,11,17,0,38,0,0,0,0
100.3735,3,0,6,0,0,0,0,-1,0,2.0000,-1,10,11,17,0,38,0,0,0,0
100.3931,3,0,6,0,0,0,0,-1,0,2.0000,-1,10,11,17,0,38,0,0,0,0
100.412,3,0,6,0,0,0,0,-1,0,2.0000,-1,10,11,17,0,38,0,0,0,0
100.4315,3,0,6,0,0,0,0,-1,1,3.0000,-1,10,11,17,0,38,0,0,0,0
100.4506,3,0,6,0,0,0,0,-1,0,3.0000,-1,10,11,17,0,38,0,0,0,0
100.4692,3,0,6,0,0,0,0,-1,0,3.0000,-1,10,11,17,0,38,0,0,0,0
100.4892,3,0,6,0,0,0,0,-1,0,3.0000,-1,10,11,17,0,38,0,0,0,0
100.5089,3,0,6,0,0,0,0,-1,0,3.0000,-1,10,11,17,0,38,0,0,0,0
100.527,3,0,6,0,0,0,0,-1,0,3.0000,-1,10,11,17,0,38,0,0,0,0
100.5465,3,0,6,0,0,0,0,-1,0,3.0000,-1,10,11,17,0,38,0,0,0,0
100.5656,3,0,6,0,0,0,0,-1,0,3.0000,-1,10,11,17,0,38,0,0,0,0
100.5861,3,0,6,0,0,0,0,-1,0,3.0000,-1,10,11,17,0,38,0,0,0,0
100.6047,3,0,6,0,0,0,0,-1,1,4.0000,-1,10,11,17,0,38,0,0,0,0
100.6231,3,0,6,0,0,0,0,-1,0,4.0000,-1,10,11,17,0,38,0,0,0,0
100.6427,3,0,6,0,0,0,0,-1,0,4.0000,-1,10,11,17,0,38,0,0,0,0
100.6627,3,0,6,0,0,0,0,-1,0,4.0000,-1,10,11,17,0,38,0,0,0,0
100.6823,3,0,6,0,0,0,0,-1,0,4.0000,-1,10,11,17,0,38,0,0,0,0
100.7007,3,0,6,0,0,0,0,-1,0,4.0000,-1,10,11,17,0,38,0,0,0,0
100.7194,3,0,6,0,0,0,0,-1,0,4.0000,-1,10,11,17,0,38,0,0,0,0
100.7385,3,0,6,0,0,0,0,-1,0,4.0000,-1,10,11,17,0,38,0,0,0,0
100.7577,3,0,6,0,0,0,0,-1,0,4.0000,-1,10,11,17,0,38,0,0,0,0
100.7773,3,0,6,0,0,0,0,-1,0,4.0000,-1,10,11,17,0,38,0,0,0,0
100.796,3,0,6,0,0,0,0,-1,0,4.0000,-1,10,11,17,0,38,0,0,0,0
100.8158,3,0,6,0,0,0,0,-1,0,4.0000,-1,10,11,17,0,38,0,0,0,0
100.835,3,0,6,0,0,0,0,-1,0,4.0000,-1,10,11,17,0,38,0,0,0,0
100.8551,3,0,6,0,0,0,0,-1,0,4.0000,-1,10,11,17,0,38,0,0,0,0
100.8741,3,0,6,0,0,0,0,-1,0,4.0000,-1,10,11,17,0,38,0,0,0,0
100.8928,3,0,6,0,0,0,0,-1,0,4.0000,-1,10,11,17,0,38,0,0,0,0
100.9305,3,0,6,0,0,0,0,-1,0,3.0000,-1,10,11,17,0,38,0,0,0,0
100.942,3,0,6,0,0,0,0,-1,0,3.0000,-1,10,11,17,0,38,0,0,0,0
100.9552,3,0,6,0,0,0,0,-1,0,3.0000,-1,10,11,17,0,38,0,0,0,0
100.976,3,0,6,0,0,0,0,-1,0,3.0000,-1,10,11,17,0,38,0,0,0,0
100.9959,3,0,6,0,0,0,0,-1,0,3.0000,-1,10,11,17,0,38,0,0,0,0
101.0145,3,0,6,0,0,0,0,-1,0,3.0000,-1,10,11,17,0,38,0,0,0,0
101.034,3,0,6,0,0,0,0,-1,0,3.0000,-1,10,11,17,0,38,0,0,0,0
101.0537,3,0,6,0,0,0,0,-1,0,3.0000,-1,10,11,17,0,38,0,0,0,0
101.0749,3,0,6,0,0,0,0,-1,0,3.0000,-1,10,11,17,0,38,0,0,0,0
101.093,3,0,6,0,0,0,1,124,0,3.0000,-1,10,11,17,0,38,0,0,0,0
101.1133,3,0,6,0,0,0,1,124,0,2.0000,-1,10,11,17,0,38,0,0,0,0
101.1331,3,0,6,0,0,0,1,124,0,2.0000,-1,10,11,17,0,38,0,0,0,0
101.1534,3,0,6,0,0,0,1,124,0,2.0000,-1,10,11,17,0,38,0,0,0,0
101.1715,3,0,6,0,0,0,1,124,0,2.0000,-1,10,11,17,0,38,0,0,0,0
101.1913,3,0,6,0,0,0,1,124,0,2.0000,-1,10,11,17,0,38,0,0,0,0
101.2112,3,0,6,0,0,0,1,124,0,2.0000,-1,10,11,17,0,38,0,0,0,0
101.2318,3,0,6,0,0,0,1,124,0,2.0000,-1,10,11,17,0,38,0,0,0,0
101.2521,3,0,6,0,0,0,1,124,0,2.0000,-1,10,11,17,0,38,0,0,0,0
101.2714,3,0,6,0,0,0,1,124,1,3.0000,-1,10,11,17,0,38,0,0,0,0
101.2912,3,0,6,0,0,0,0,-1,0,3.0000,-1,10,11,17,0,38,0,0,0,0
101.3104,3,0,6,0,0,0,0,-1,0,3.0000,-1,10,11,17,0,38,0,0,0,0
101.3487,3,0,6,0,0,0,1,126,0,3.0000,-1,10,11,17,0,38,0,0,0,0
101.3606,3,0,6,0,0,0,1,126,0,3.0000,-1,10,11,17,0,38,0,0,0,0
101.3735,3,0,6,0,0,0,1,126,0,3.0000,-1,10,11,17,0,38,0,0,0,0
101.3924,3,0,6,0,0,0,0,-1,0,3.0000,-1,10,11,17,0,38,0,0,0,0
101.4123,3,0,6,0,0,0,0,-1,0,3.0000,-1,10,11,17,0,38,0,0,0,0
101.433,3,0,6,0,0,0,0,-1,0,2.0000,-1,10,11,17,0,38,0,0,0,0
101.4544,3,0,6,0,0,0,0,-1,1,3.0000,-1,10,11,17,0,38,0,0,0,0
101.4742,3,0,6,0,0,0,0,-1,0,3.0000,-1,10,11,17,0,38,0,0,0,0
101.4922,3,0,6,0,0,0,0,-1,0,3.0000,-1,10,11,17,0,38,0,0,0,0
101.5121,3,0,6,0,0,0,0,-1,0,3.0000,-1,10,11,17,0,38,0,0,0,0
101.5325,3,0,6,0,0,0,0,-1,0,3.0000,-1,10,11,17,0,38,0,0,0,0
101.5533,3,0,6,0,0,0,0,-1,0,3.0000,-1,10,11,17,0,38,0,0,0,0
101.5707,3,0,6,0,0,0,0,-1,0,3.0000,-1,10,11,17,0,38,0,0,0,0
101.5903,3,0,6,0,0,0,0,-1,0,3.0000,-1,10,11,17,0,38,0,0,0,0
101.6103,3,0,6,0,0,0,0,-1,0,2.0000,-1,10,11,17,0,38,0,0,0,0
101.6301,3,0,6,0,0,0,0,-1,0,2.0000,-1,10,11,17,0,38,0,0,0,0
101.6488,3,0,6,0,0,0,0,-1,0,2.0000,-1,10,11,17,0,38,0,0,0,0
101.6681,3,0,6,0,0,0,0,-1,0,2.0000,-1,10,11,17,0,38,0,0,0,0
101.688,3,0,6,0,0,0,0,-1,0,2.0000,-1,10,11,17,0,38,0,0,0,0
101.709,3,0,6,0,0,0,0,-1,0,2.0000,-1,10,11,17,0,38,0,0,0,0
101.7268,3,0,6,0,0,0,0,-1,0,2.0000,-1,10,11,17,0,38,0,0,0,0
101.7649,3,0,6,0,0,0,0,-1,0,2.0000,-1,10,11,17,0,38,0,0,0,0
101.7776,3,0,6,0,0,0,0,-1,0,2.0000,-1,10,11,17,0,38,0,0,0,0
101.7899,3,0,6,0,0,0,0,-1,0,2.0000,-1,10,11,17,0,38,0,0,0,0
101.8098,3,0,6,0,0,0,0,-1,0,2.0000,-1,10,11,17,0,38,0,0,0,0
101.8292,3,0,6,0,0,0,0,-1,0,2.0000,-1,10,11,17,0,38,0,0,0,0
101.8481,3,0,6,0,0,0,0,-1,0,2.0000,-1,10,11,17,0,38,0,0,0,0
101.8678,3,0,6,0,0,0,0,-1,0,2.0000,-1,10,11,17,0,38,0,0,0,0
101.8882,3,0,6,0,0,0,0,-1,1,3.0000,-1,10,11,17,0,38,0,0,0,0
101.9092,3,0,6,0,0,0,0,-1,0,3.0000,-1,10,11,17,0,38,0,0,0,0
101.9266,3,0,6,0,0,0,0,-1,0,3.0000,-1,10,11,17,0,38,0,0,0,0
101.9471,3,0,6,0,0,0,0,-1,0,3.0000,-1,10,11,17,0,38,0,0,0,0
101.9668,3,0,6,0,0,0,0,-1,0,3.0000,-1,10,11,17,0,38,0,0,0,0
101.9874,3,0,6,0,0,0,0,-1,0,3.0000,-1,10,11,17,0,38,0,0,0,0
102.007,3,0,6,0,0,0,0,-1,0,3.0000,-1,10,11,17,0,38,0,0,0,0
102.0248,3,0,6,0,0,0,0,-1,0,3.0000,-1,10,11,17,0,38,0,0,0,0
102.0444,3,0,6,0,0,0,0,-1,0,3.0000,-1,10,11,17,0,38,0,0,0,0
102.0652,3,0,6,0,0,0,0,-1,0,3.0000,-1,10,11,17,0,38,0,0,0,0
102.0862,3,0,6,0,0,0,0,-1,1,4.0000,-1,10,11,17,0,38,0,0,0,0
102.1101,3,0,6,0,0,0,0,-1,0,4.0000,-1,10,11,17,0,38,0,0,0,0
102.124,3,0,6,0,0,0,0,-1,0,4.0000,-1,10,11,17,0,38,0,0,0,0
102.1439,3,0,6,0,0,0,0,-1,0,4.0000,-1,10,11,17,0,38,0,0,0,0
102.165,3,0,6,0,0,0,0,-1,0,4.0000,-1,10,11,17,0,38,0,0,0,0
102.1822,3,0,6,0,0,0,0,-1,0,4.0000,-1,10,11,17,0,38,0,0,0,0
102.2019,3,0,6,0,0,0,0,-1,0,4.0000,-1,10,11,17,0,38,0,0,0,0
102.2217,3,0,6,0,0,0,0,-1,0,4.0000,-1,10,11,17,0,38,0,0,0,0
102.2424,3,0,6,0,0,0,0,-1,0,4.0000,-1,10,11,17,0,38,0,0,0,0
102.2619,3,0,6,0,0,0,0,-1,0,4.0000,-1,10,11,17,0,38,0,0,0,0
102.2805,3,0,6,0,0,0,0,-1,0,3.0000,-1,10,11,17,0,38,0,0,0,0
102.3016,3,0,6,0,0,0,0,-1,0,3.0000,-1,10,11,17,0,38,0,0,0,0
102.3216,3,0,6,0,0,0,0,-1,0,3.0000,-1,10,11,17,0,38,0,0,0,0
102.3429,3,0,6,0,0,0,0,-1,0,3.0000,-1,10,11,17,0,38,0,0,0,0
102.364,3,0,6,0,0,0,0,-1,0,3.0000,-1,10,11,17,0,38,0,0,0,0
102.3829,3,0,6,0,0,0,0,-1,0,3.0000,-1,10,11,17,0,38,0,0,0,0
102.4038,3,0,6,0,0,0,0,-1,0,3.0000,-1,10,11,17,0,38,0,0,0,0
102.4247,3,0,6,0,0,0,0,-1,1,4.0000,-1,10,11,17,0,38,0,0,0,0
102.4448,3,0,6,0,0,0,0,-1,0,4.0000,-1,10,11,17,0,38,0,0,0,0
102.466,3,0,6,0,0,0,0,-1,0,3.0000,-1,10,11,17,0,38,0,0,0,0
102.4882,3,0,6,0,0,0,0,-1,0,3.0000,-1,10,11,17,0,38,0,0,0,0
102.5097,3,0,6,0,0,0,1,129,0,3.0000,-1,10,11,17,0,38,0,0,0,0
102.5294,3,0,6,0,0,0,1,129,0,3.0000,-1,10,11,17,0,38,0,0,0,0
102.5494,3,0,6,0,0,0,1,129,0,3.0000,-1,10,11,17,0,38,0,0,0,0
102.57,3,0,6,0,0,0,1,129,0,3.0000,-1,10,11,17,0,38,0,0,0,0
102.5908,3,0,6,0,0,0,1,129,0,3.0000,-1,10,11,17,0,38,0,0,0,0
102.6118,3,0,6,0,0,0,1,129,1,4.0000,-1,10,11,17,0,38,0,0,0,0
102.6334,3,0,6,0,0,0,1,129,0,4.0000,-1,10,11,17,0,38,0,0,0,0
102.6551,3,0,6,0,0,0,0,-1,0,4.0000,-1,10,11,17,0,38,0,0,0,0
102.6763,3,0,6,0,0,0,0,-1,0,4.0000,-1,10,11,17,0,38,0,0,0,0
102.6965,3,0,6,0,0,0,0,-1,0,4.0000,-1,10,11,17,0,38,0,0,0,0
102.7166,3,0,6,0,0,0,0,-1,0,4.0000,-1,10,11,17,0,38,0,0,0,0
102.7368,3,0,6,0,0,0,0,-1,0,4.0000,-1,10,11,17,0,38,0,0,0,0
102.7573,3,0,6,0,0,0,0,-1,0,4.0000,-1,10,11,17,0,38,0,0,0,0
102.7785,3,0,6,0,0,0,0,-1,0,4.0000,-1,10,11,17,0,38,0,0,0,0
102.8002,3,0,6,0,0,0,0,-1,0,4.0000,-1,10,11,17,0,38,0,0,0,0
102.8213,3,0,6,0,0,0,0,-1,0,4.0000,-1,10,11,17,0,38,0,0,0,0
102.8428,3,0,6,0,0,0,0,-1,0,4.0000,-1,10,11,17,0,38,0,0,0,0
102.8623,3,0,6,0,0,0,0,-1,0,4.0000,-1,10,11,17,0,38,0,0,0,0
102.8822,3,0,6,0,0,0,0,-1,1,5.0000,-1,10,11,17,0,38,0,0,0,0
102.9033,3,0,6,0,0,0,0,-1,0,4.0000,-1,10,11,17,0,38,0,0,0,0
102.9237,3,0,6,0,0,0,0,-1,0,4.0000,-1,10,11,17,0,38,0,0,0,0
102.944,3,0,6,0,0,0,0,-1,0,4.0000,-1,10,11,17,0,38,0,0,0,0
102.9654,3,0,6,0,0,0,0,-1,0,4.0000,-1,10,11,17,0,38,0,0,0,0
102.9864,3,0,6,0,0,0,0,-1,0,4.0000,-1,10,11,17,0,38,0,0,0,0
103.0042,3,0,6,0,0,0,0,-1,0,4.0000,-1,10,11,17,0,38,0,0,0,0
103.0442,3,0,6,0,0,0,0,-1,0,4.0000,-1,10,11,17,0,38,0,0,0,0
103.0578,3,0,6,0,0,0,0,-1,0,4.0000,-1,10,11,17,0,38,0,0,0,0
103.0699,3,0,6,0,0,0,0,-1,0,4.0000,-1,10,11,17,0,38,0,0,0,0
103.0875,3,0,6,0,0,0,0,-1,0,3.0000,-1,10,11,17,0,38,0,0,0,0
103.1093,3,0,6,0,0,0,0,-1,0,3.0000,-1,10,11,17,0,38,0,0,0,0
103.1274,3,0,6,0,0,0,0,-1,0,3.0000,-1,10,11,17,0,38,0,0,0,0
103.1488,3,0,6,0,0,0,0,-1,0,3.0000,-1,10,11,17,0,38,0,0,0,0
103.1685,3,0,6,0,0,0,0,-1,0,3.0000,-1,10,11,17,0,38,0,0,0,0
103.1888,3,0,6,0,0,0,0,-1,0,3.0000,-1,10,11,17,0,38,0,0,0,0
103.2103,3,0,6,0,0,0,0,-1,0,3.0000,-1,10,11,17,0,38,0,0,0,0
103.2306,3,0,6,0,0,0,0,-1,0,3.0000,-1,10,11,17,0,38,0,0,0,0
103.2483,3,0,6,0,0,0,0,-1,0,3.0000,-1,10,11,17,0,38,0,0,0,0
103.268,3,0,6,0,0,0,0,-1,0,3.0000,-1,10,11,17,0,38,0,0,0,0
103.2888,3,0,6,0,0,0,0,-1,1,4.0000,-1,10,11,17,0,38,0,0,0,0
103.3101,3,0,6,0,0,0,0,-1,0,4.0000,-1,10,11,17,0,38,0,0,0,0
103.3302,3,0,6,0,0,0,0,-1,0,4.0000,-1,10,11,17,0,38,0,0,0,0
103.3482,3,0,6,0,0,0,0,-1,0,4.0000,-1,10,11,17,0,38,0,0,0,0
103.3691,3,0,6,0,0,0,0,-1,0,4.0000,-1,10,11,17,0,38,0,0,0,0
103.3898,3,0,6,0,0,0,0,-1,0,4.0000,-1,10,11,17,0,38,0,0,0,0
103.41,3,0,6,0,0,0,0,-1,0,4.0000,-1,10,11,17,0,38,0,0,0,0
103.4317,3,0,6,0,0,0,0,-1,0,3.0000,-1,10,11,17,0,38,0,0,0,0
103.4686,3,0,6,0,0,0,0,-1,0,3.0000,-1,10,11,17,0,38,0,0,0,0
103.4821,3,0,6,0,0,0,0,-1,1,4.0000,-1,10,11,17,0,38,0,0,0,0
103.4955,3,0,6,0,0,0,0,-1,0,4.0000,-1,10,11,17,0,38,0,0,0,0
103.5138,3,0,6,0,0,0,0,-1,0,4.0000,-1,10,11,17,0,38,0,0,0,0
103.5355,3,0,6,0,0,0,0,-1,0,4.0000,-1,10,11,17,0,38,0,0,0,0
103.5555,3,0,6,0,0,0,0,-1,0,4.0000,-1,10,11,17,0,38,0,0,0,0
103.5773,3,0,6,0,0,0,0,-1,0,4.0000,-1,10,11,17,0,38,0,0,0,0
103.5976,3,0,6,0,0,0,0,-1,0,4.0000,-1,10,11,17,0,38,0,0,0,0
103.6153,3,0,6,0,0,0,0,-1,0,3.0000,-1,10,11,17,0,38,0,0,0,0
103.6365,3,0,6,0,0,0,0,-1,0,3.0000,-1,10,11,17,0,38,0,0,0,0
103.6572,3,0,6,0,0,0,0,-1,0,3.0000,-1,10,11,17,0,38,0,0,0,0
103.6778,3,0,6,0,0,0,0,-1,0,3.0000,-1,10,11,17,0,38,0,0,0,0
103.6999,3,0,6,0,0,0,0,-1,0,3.0000,-1,10,11,17,0,38,0,0,0,0
103.7174,3,0,6,0,0,0,0,-1,0,3.0000,-1,10,11,17,0,38,0,0,0,0
103.7368,3,0,6,0,0,0,0,-1,0,3.0000,-1,10,11,17,0,38,0,0,0,0
103.7579,3,0,6,0,0,0,0,-1,0,3.0000,-1,10,11,17,0,38,0,0,0,0
103.7787,3,0,6,0,0,0,0,-1,0,3.0000,-1,10,11,17,0,38,0,0,0,0
103.8004,3,0,6,0,0,0,0,-1,0,3.0000,-1,10,11,17,0,38,0,0,0,0
103.8204,3,0,6,0,0,0,0,-1,0,3.0000,-1,10,11,17,0,38,0,0,0,0
103.8386,3,0,6,0,0,0,0,-1,0,3.0000,-1,10,11,17,0,38,0,0,0,0
103.8609,3,0,6,0,0,0,0,-1,0,3.0000,-1,10,11,17,0,38,0,0,0,0
103.8796,3,0,6,0,0,0,0,-1,0,3.0000,-1,10,11,17,0,38,0,0,0,0
103.9015,3,0,6,0,0,0,0,-1,0,2.0000,-1,10,11,17,0,38,0,0,0,0
103.921,3,0,6,0,0,0,0,-1,0,2.0000,-1,10,11,17,0,38,0,0,0,0
103.9433,3,0,6,0,0,0,0,-1,0,2.0000,-1,10,11,17,0,38,0,0,0,0
103.9616,3,0,6,0,0,0,0,-1,0,2.0000,-1,10,11,17,0,38,0,0,0,0
103.9821,3,0,6,0,0,0,0,-1,0,2.0000,-1,10,11,17,0,38,0,0,0,0
104.0028,3,0,6,0,0,0,1,131,0,2.0000,-1,10,11,17,0,38,0,0,0,0
104.0222,3,0,6,0,0,0,1,131,0,2.0000,-1,10,11,17,0,38,0,0,0,0
104.0434,3,0,6,0,0,0,1,131,1,3.0000,-1,10,11,17,0,38,0,0,0,0
104.0619,3,0,6,0,0,0,0,-1,0,3.0000,-1,10,11,17,0,38,0,0,0,0
104.0818,3,0,6,0,0,0,0,-1,0,3.0000,-1,10,11,17,0,38,0,0,0,0
104.1023,3,0,6,0,0,0,0,-1,0,3.0000,-1,10,11,17,0,38,0,0,0,0
104.1226,3,0,6,0,0,0,0,-1,0,3.0000,-1,10,11,17,0,38,0,0,0,0
104.143,3,0,6,0,0,0,0,-1,0,3.0000,-1,10,11,17,0,38,0,0,0,0
104.166,3,0,6,0,0,0,0,-1,0,3.0000,-1,10,11,17,0,38,0,0,0,0
104.1836,3,0,6,0,0,0,0,-1,0,3.0000,-1,10,11,17,0,38,0,0,0,0
104.2033,3,0,6,0,0,0,0,-1,0,3.0000,-1,10,11,17,0,38,0,0,0,0
104.2236,3,0,6,0,0,0,0,-1,1,4.0000,-1,10,11,17,0,38,0,0,0,0
104.244,3,0,6,0,0,0,0,-1,0,4.0000,-1,10,11,17,0,38,0,0,0,0
104.2652,3,0,6,0,0,0,0,-1,0,4.0000,-1,10,11,17,0,38,0,0,0,0
104.2842,3,0,6,0,0,0,0,-1,0,4.0000,-1,10,11,17,0,38,0,0,0,0
104.3031,3,0,6,0,0,0,0,-1,0,3.0000,-1,10,11,17,0,38,0,0,0,0
104.323,3,0,6,0,0,0,0,-1,0,3.0000,-1,10,11,17,0,38,0,0,0,0
104.3438,3,0,6,0,0,0,0,-1,0,3.0000,-1,10,11,17,0,38,0,0,0,0
104.3637,3,0,6,0,0,0,0,-1,0,3.0000,-1,10,11,17,0,38,0,0,0,0
104.3847,3,0,6,0,0,0,0,-1,0,3.0000,-1,10,11,17,0,38,0,0,0,0
104.403,3,0,6,0,0,0,0,-1,0,3.0000,-1,10,11,17,0,38,0,0,0,0
104.4236,3,0,6,0,0,0,0,-1,0,3.0000,-1,10,11,17,0,38,0,0,0,0
104.4429,3,0,6,0,0,0,0,-1,0,3.0000,-1,10,11,17,0,38,0,0,0,0
104.4636,3,0,6,0,0,0,0,-1,0,3.0000,-1,10,11,17,0,38,0,0,0,0
104.5005,3,0,6,0,0,0,0,-1,0,2.0000,-1,10,11,17,0,38,0,0,0,0
104.5107,3,0,6,0,0,0,0,-1,0,2.0000,-1,10,11,17,0,38,0,0,0,0
104.5248,3,0,6,0,0,0,0,-1,0,2.0000,-1,10,11,17,0,38,0,0,0,0
104.545,3,0,6,0,0,0,0,-1,0,2.0000,-1,10,11,17,0,38,0,0,0,0
104.5651,3,0,6,0,0,0,0,-1,0,2.0000,-1,10,11,17,0,38,0,0,0,0
104.5858,3,0,6,0,0,0,0,-1,0,2.0000,-1,10,11,17,0,38,0,0,0,0
104.6048,3,0,6,0,0,0,0,-1,0,2.0000,-1,10,11,17,0,38,0,0,0,0
104.6237,3,0,6,0,0,0,0,-1,0,2.0000,-1,10,11,17,0,38,0,0,0,0
104.6437,3,0,6,0,0,0,0,-1,0,2.0000,-1,10,11,17,0,38,0,0,0,0
104.6641,3,0,6,0,0,0,0,-1,0,2.0000,-1,10,11,17,0,38,0,0,0,0
104.6843,3,0,6,0,0,0,0,-1,0,2.0000,-1,10,11,17,0,38,0,0,0,0
104.7027,3,0,6,0,0,0,1,130,0,2.0000,-1,10,11,17,0,38,0,0,0,0
104.7223,3,0,6,0,0,0,1,130,1,3.0000,-1,10,11,17,0,38,0,0,0,0
104.743,3,0,6,0,0,0,0,-1,0,3.0000,-1,10,11,17,0,38,0,0,0,0
104.7632,3,0,6,0,0,0,1,132,0,3.0000,-1,10,11,17,0,38,0,0,0,0
104.7823,3,0,6,0,0,0,1,132,0,3.0000,-1,10,11,17,0,38,0,0,0,0
104.8023,3,0,6,0,0,0,1,132,0,3.0000,-1,10,11,17,0,38,0,0,0,0
104.8225,3,0,6,0,0,0,1,132,0,3.0000,-1,10,11,17,0,38,0,0,0,0
104.843,3,0,6,0,0,0,1,132,0,3.0000,-1,10,11,17,0,38,0,0,0,0
104.8636,3,0,6,0,0,0,1,132,0,3.0000,-1,10,11,17,0,38,0,0,0,0
104.8815,3,0,6,0,0,0,1,132,0,3.0000,-1,10,11,17,0,38,0,0,0,0
104.9015,3,0,6,0,0,0,1,132,0,3.0000,-1,10,11,17,0,38,0,0,0,0
104.922,3,0,6,0,0,0,1,132,0,3.0000,-1,10,11,17,0,38,0,0,0,0
104.9429,3,0,6,0,0,0,0,-1,0,3.0000,132,10,11,18,0,39,0,0,0,0
104.964,3,0,6,0,0,0,0,-1,0,3.0000,-1,10,11,18,0,39,0,0,0,0
104.9831,3,0,6,0,0,0,0,-1,0,3.0000,-1,10,11,18,0,39,0,0,0,0
105.0031,3,0,6,0,0,0,0,-1,0,3.0000,-1,10,11,18,0,39,0,0,0,0
105.024,3,0,6,0,0,0,0,-1,0,3.0000,-1,10,11,18,0,39,0,0,0,0
105.0441,3,0,6,0,0,0,0,-1,0,2.0000,-1,10,11,18,0,39,0,0,0,0
105.0649,3,0,6,0,0,0,0,-1,0,2.0000,-1,10,11,18,0,39,0,0,0,0
105.0867,3,0,6,0,0,0,0,-1,0,2.0000,-1,10,11,18,0,39,0,0,0,0
105.1241,3,0,6,0,0,0,0,-1,0,2.0000,-1,10,11,18,0,39,0,0,0,0
105.1374,3,0,6,0,0,0,0,-1,0,2.0000,-1,10,11,18,0,39,0,0,0,0
105.1505,3,0,6,0,0,0,0,-1,1,3.0000,-1,10,11,18,0,39,0,0,0,0
105.1696,3,0,6,0,0,0,0,-1,0,3.0000,-1,10,11,18,0,39,0,0,0,0
105.1906,3,0,6,0,0,0,0,-1,0,3.0000,-1,10,11,18,0,39,0,0,0,0
105.2114,3,0,6,0,0,0,0,-1,0,3.0000,-1,10,11,18,0,39,0,0,0,0
105.2322,3,0,6,0,0,0,0,-1,0,2.0000,-1,10,11,18,0,39,0,0,0,0
105.2543,3,0,6,0,0,0,0,-1,0,2.0000,-1,10,11,18,0,39,0,0,0,0
105.2729,3,0,6,1,0,0,0,-1,0,2.0000,-1,10,11,18,0,39,0,0,0,0
105.2931,3,0,6,1,0,0,0,-1,0,2.0000,-1,10,11,18,0,39,0,0,0,0
105.3309,3,0,6,1,0,0,0,-1,0,2.0000,-1,10,11,18,0,39,0,0,0,0
105.343,3,0,6,1,0,0,0,-1,0,2.0000,-1,10,11,18,0,39,0,0,0,0
105.3555,3,0,6,1,0,0,0,-1,0,2.0000,-1,10,11,18,0,39,0,0,0,0
105.3755,3,0,6,1,0,0,0,-1,0,2.0000,-1,10,11,18,0,39,0,0,0,0
105.3964,3,0,6,1,0,0,0,-1,0,2.0000,-1,10,11,18,0,39,0,0,0,0
105.4175,3,0,6,1,0,0,0,-1,0,2.0000,-1,10,11,18,0,39,0,0,0,0
105.4377,3,0,6,1,0,0,0,-1,0,2.0000,-1,10,11,18,0,39,0,0,0,0
105.4558,3,0,6,1,0,0,0,-1,0,2.0000,-1,10,11,18,0,39,0,0,0,0
105.4761,3,0,6,1,0,0,0,-1,1,3.0000,-1,10,11,18,0,39,0,0,0,0
105.4977,3,0,6,1,0,0,0,-1,0,3.0000,-1,10,11,18,0,39,0,0,0,0
105.5181,3,0,6,1,0,0,0,-1,0,3.0000,-1,10,11,18,0,39,0,0,0,0
105.5374,3,0,6,1,0,0,0,-1,0,3.0000,-1,10,11,18,0,39,0,0,0,0
105.5571,3,0,6,1,0,0,0,-1,0,3.0000,-1,10,11,18,0,39,0,0,0,0
105.5768,3,0,6,1,0,0,0,-1,0,3.0000,-1,10,11,18,0,39,0,0,0,0
105.5993,3,0,6,1,0,0,0,-1,0,3.0000,-1,10,11,18,0,39,0,0,0,0
105.6185,3,0,6,1,0,0,0,-1,0,3.0000,-1,10,11,18,0,39,0,0,0,0
105.6375,3,0,6,1,0,0,0,-1,0,3.0000,-1,10,11,18,0,39,0,0,0,0
105.6571,3,0,6,1,0,0,0,-1,0,3.0000,-1,10,11,18,0,39,0,0,0,0
105.6771,3,0,6,1,0,0,0,-1,0,3.0000,-1,10,11,18,0,39,0,0,0,0
105.6996,3,0,6,1,0,0,0,-1,0,3.0000,-1,10,11,18,0,39,0,0,0,0
105.7352,3,0,6,1,0,0,0,-1,1,3.0000,-1,10,11,18,0,39,0,0,0,0
105.7471,3,0,6,1,0,0,0,-1,0,3.0000,-1,10,11,18,0,39,0,0,0,0
105.7622,3,0,6,1,0,0,0,-1,0,3.0000,-1,10,11,18,0,39,0,0,0,0
105.7832,3,0,6,1,0,0,0,-1,0,3.0000,-1,10,11,18,0,39,0,0,0,0
105.8032,3,0,6,1,0,0,0,-1,0,3.0000,-1,10,11,18,0,39,0,0,0,0
105.8215,3,0,6,1,0,0,0,-1,0,3.0000,-1,10,11,18,0,39,0,0,0,0
105.8427,3,0,6,1,0,0,0,-1,0,3.0000,-1,10,11,18,0,39,0,0,0,0
105.8625,3,0,6,1,0,0,0,-1,0,3.0000,-1,10,11,18,0,39,0,0,0,0
105.8814,3,0,6,1,0,0,0,-1,0,3.0000,-1,10,11,18,0,39,0,0,0,0
105.9021,3,0,6,1,0,0,0,-1,1,4.0000,-1,10,11,18,0,39,0,0,0,0
105.9375,3,0,6,1,0,0,0,-1,0,4.0000,-1,10,11,18,0,39,0,0,0,0
105.9496,3,0,6,1,0,0,0,-1,0,4.0000,-1,10,11,18,0,39,0,0,0,0
105.9636,3,0,6,1,0,0,0,-1,0,4.0000,-1,10,11,18,0,39,0,0,0,0
105.9833,3,0,6,1,0,0,0,-1,0,4.0000,-1,10,11,18,0,39,0,0,0,0
106.0023,3,0,6,1,1,0,0,-1,0,4.0000,-1,10,11,18,0,39,0,0,0,0
106.0224,3,0,6,1,1,0,0,-1,0,4.0000,-1,10,11,18,0,39,0,0,0,0
106.0414,3,0,6,1,1,0,0,-1,0,4.0000,-1,10,11,18,0,39,0,0,0,0
106.0617,3,0,6,1,1,0,0,-1,0,4.0000,-1,10,11,18,0,39,0,0,0,0
106.0818,3,0,6,1,1,0,0,-1,1,5.0000,-1,10,11,18,0,39,0,0,0,0
106.1021,3,0,6,1,1,0,0,-1,0,5.0000,-1,10,11,18,0,39,0,0,0,0
106.1201,3,0,6,1,1,0,0,-1,0,5.0000,-1,10,11,18,0,39,0,0,0,0
106.1409,3,0,6,1,1,0,0,-1,0,5.0000,-1,10,11,18,0,39,0,0,0,0
106.1609,3,0,6,1,1,0,1,135,0,4.0000,-1,10,11,18,0,39,0,0,0,0
106.1791,3,0,6,1,1,0,1,135,0,4.0000,-1,10,11,18,0,39,0,0,0,0
106.1984,3,0,6,1,1,0,1,135,0,4.0000,-1,10,11,18,0,39,0,0,0,0
106.2187,3,0,6,1,1,0,1,135,0,4.0000,-1,10,11,18,0,39,0,0,0,0
106.239,3,0,6,1,1,0,1,135,0,4.0000,-1,10,11,18,0,39,0,0,0,0
106.2594,3,0,6,1,1,0,1,135,0,4.0000,-1,10,11,18,0,39,0,0,0,0
106.2769,3,0,6,1,1,0,1,135,0,4.0000,-1,10,11,18,0,39,0,0,0,0
106.3001,3,0,6,1,1,0,1,135,0,4.0000,-1,10,11,18,0,39,0,0,0,0
106.3183,3,0,6,1,1,0,1,135,1,5.0000,-1,10,11,18,0,39,0,0,0,0
106.3378,3,0,6,1,1,0,1,135,0,5.0000,-1,10,11,18,0,39,0,0,0,0
106.3567,3,0,6,1,1,0,1,135,0,5.0000,-1,10,11,18,0,39,0,0,0,0
106.3758,3,0,6,1,1,0,1,135,0,5.0000,-1,10,11,18,0,39,0,0,0,0
106.3967,3,0,6,1,1,0,1,135,0,5.0000,-1,10,11,18,0,39,0,0,0,0
106.4163,3,0,6,1,1,0,1,135,0,5.0000,-1,10,11,18,0,39,0,0,0,0
106.4363,3,0,6,1,1,0,1,135,0,5.0000,-1,10,11,18,0,39,0,0,0,0
106.4547,3,0,6,1,1,0,1,135,0,5.0000,-1,10,11,18,0,39,0,0,0,0
106.4763,3,0,6,1,1,0,1,135,0,4.0000,-1,10,11,18,0,39,0,0,0,0
106.4953,3,0,6,1,1,0,1,135,0,4.0000,-1,10,11,18,0,39,0,0,0,0
106.5151,3,0,6,1,1,0,0,-1,0,4.0000,135,10,11,19,0,40,0,0,0,0
106.535,3,0,6,1,1,0,0,-1,0,4.0000,-1,10,11,19,0,40,0,0,0,0
106.5546,3,0,6,1,1,0,0,-1,0,4.0000,-1,10,11,19,0,40,0,0,0,0
106.5936,3,0,6,1,1,0,0,-1,0,4.0000,-1,10,11,19,0,40,0,0,0,0
106.6057,3,0,6,1,1,0,0,-1,0,4.0000,-1,10,11,19,0,40,0,0,0,0
106.6194,3,0,6,1,1,0,0,-1,0,4.0000,-1,10,11,19,0,40,0,0,0,0
106.6407,3,0,6,1,1,0,0,-1,0,4.0000,-1,10,11,19,0,40,0,0,0,0
106.6615,3,0,6,1,1,0,0,-1,0,4.0000,-1,10,11,19,0,40,0,0,0,0
106.6801,3,0,6,1,1,0,0,-1,0,4.0000,-1,10,11,19,0,40,0,0,0,0
106.6987,3,0,6,1,1,0,0,-1,0,4.0000,-1,10,11,19,0,40,0,0,0,0
106.7222,3,0,6,1,1,0,0,-1,0,4.0000,-1,10,11,19,0,40,0,0,0,0
106.7405,3,0,6,1,1,0,0,-1,0,3.0000,-1,10,11,19,0,40,0,0,0,0
106.7597,3,0,6,1,1,0,0,-1,0,3.0000,-1,10,11,19,0,40,0,0,0,0
106.7783,3,0,6,1,1,0,0,-1,0,3.0000,-1,10,11,19,0,40,0,0,0,0
106.7989,3,0,6,1,1,0,0,-1,0,3.0000,-1,10,11,19,0,40,0,0,0,0
106.8197,3,0,6,1,1,0,0,-1,0,3.0000,-1,10,11,19,0,40,0,0,0,0
106.8399,3,0,6,1,1,0,0,-1,0,3.0000,-1,10,11,19,0,40,0,0,0,0
106.8603,3,0,6,1,1,0,0,-1,0,3.0000,-1,10,11,19,0,40,0,0,0,0
106.8804,3,0,6,1,1,0,0,-1,0,3.0000,-1,10,11,19,0,40,0,0,0,0
106.8982,3,0,6,1,1,0,0,-1,0,3.0000,-1,10,11,19,0,40,0,0,0,0
106.9198,3,0,6,1,1,0,0,-1,0,2.0000,-1,10,11,19,0,40,0,0,0,0
106.9392,3,0,6,1,1,0,0,-1,0,2.0000,-1,10,11,19,0,40,0,0,0,0
106.9595,3,0,6,1,1,0,0,-1,0,2.0000,-1,10,11,19,0,40,0,0,0,0
106.9962,3,0,6,0,1,0,0,-1,0,2.0000,-1,10,11,19,0,40,0,0,0,0
107.009,3,0,6,0,1,0,0,-1,0,2.0000,-1,10,11,19,0,40,0,0,0,0
107.0227,3,0,6,0,1,0,0,-1,0,2.0000,-1,10,11,19,0,40,0,0,0,0
107.0424,3,0,6,0,1,0,0,-1,0,2.0000,-1,10,11,19,0,40,0,0,0,0
107.0626,3,0,6,0,1,0,0,-1,0,2.0000,-1,10,11,19,0,40,0,0,0,0
107.0832,3,0,6,0,1,0,0,-1,0,1.0000,-1,10,11,19,0,40,0,0,0,0
107.1029,3,0,6,0,1,0,0,-1,0,1.0000,-1,10,11,19,0,40,0,0,0,0
107.1216,3,0,6,0,1,0,0,-1,0,1.0000,-1,10,11,19,0,40,0,0,0,0
107.1435,3,0,6,0,1,0,0,-1,0,1.0000,-1,10,11,19,0,40,0,0,0,0
107.1636,3,0,6,0,1,0,0,-1,1,2.0000,-1,10,11,19,0,40,0,0,0,0
107.2011,3,0,6,0,0,0,0,-1,0,2.0000,-1,10,11,19,0,40,0,0,0,0
107.2168,3,0,6,0,0,0,0,-1,0,2.0000,-1,10,11,19,0,40,0,0,0,0
107.2288,3,0,6,0,0,0,0,-1,0,2.0000,-1,10,11,19,0,40,0,0,0,0
107.2485,3,0,6,0,0,0,0,-1,0,2.0000,-1,10,11,19,0,40,0,0,0,0
107.2669,3,0,6,0,0,0,0,-1,0,2.0000,-1,10,11,19,0,40,0,0,0,0
107.2868,3,0,6,0,0,0,0,-1,0,2.0000,-1,10,11,19,0,40,0,0,0,0
107.3081,3,0,6,0,0,0,0,-1,0,2.0000,-1,10,11,19,0,40,0,0,0,0
107.3269,3,0,6,0,0,0,0,-1,0,1.0000,-1,10,11,19,0,40,0,0,0,0
107.3464,3,0,6,0,0,0,0,-1,0,1.0000,-1,10,11,19,0,40,0,0,0,0
107.366,3,0,6,0,0,0,0,-1,0,1.0000,-1,10,11,19,0,40,0,0,0,0
107.4032,3,0,6,0,0,0,0,-1,0,1.0000,-1,10,11,19,0,40,0,0,0,0
107.4151,3,0,6,0,0,0,0,-1,0,1.0000,-1,10,11,19,0,40,0,0,0,0
107.4296,3,0,6,0,0,0,0,-1,0,1.0000,-1,10,11,19,0,40,0,0,0,0
107.4495,3,0,6,0,0,0,0,-1,0,1.0000,-1,10,11,19,0,40,0,0,0,0
107.4686,3,0,6,0,0,0,0,-1,0,1.0000,-1,10,11,19,0,40,0,0,0,0
107.4874,3,0,6,0,0,0,0,-1,0,1.0000,-1,10,11,19,0,40,0,0,0,0
107.5087,3,0,6,0,0,0,0,-1,0,1.0000,-1,10,11,19,0,40,0,0,0,0
107.5276,3,0,6,0,0,0,0,-1,0,1.0000,-1,10,11,19,0,40,0,0,0,0
107.547,3,0,6,0,0,0,0,-1,0,1.0000,-1,10,11,19,0,40,0,0,0,0
107.5659,3,0,6,0,0,0,0,-1,0,1.0000,-1,10,11,19,0,40,0,0,0,0
107.5862,3,0,6,0,0,0,0,-1,0,1.0000,-1,10,11,19,0,40,0,0,0,0
107.606,3,0,6,0,0,0,0,-1,0,1.0000,-1,10,11,19,0,40,0,0,0,0
107.6272,3,0,6,0,0,0,0,-1,0,1.0000,-1,10,11,19,0,40,0,0,0,0
107.6444,3,0,6,0,0,0,0,-1,0,1.0000,-1,10,11,19,0,40,0,0,0,0
107.6655,3,0,6,0,0,0,0,-1,0,1.0000,-1,10,11,19,0,40,0,0,0,0
107.6859,3,0,6,0,0,0,0,-1,0,1.0000,-1,10,11,19,0,40,0,0,0,0
107.7061,3,0,6,0,0,0,0,-1,0,1.0000,-1,10,11,19,0,40,0,0,0,0
107.7246,3,0,6,0,0,0,0,-1,0,1.0000,-1,10,11,19,0,40,0,0,0,0
107.7432,3,0,6,0,0,0,0,-1,0,1.0000,-1,10,11,19,0,40,0,0,0,0
107.7633,3,0,6,0,0,0,0,-1,0,1.0000,-1,10,11,19,0,40,0,0,0,0
107.7835,3,0,6,0,0,0,1,137,0,1.0000,-1,10,11,19,0,40,0,0,0,0
107.8008,3,0,6,0,0,0,1,137,0,1.0000,-1,10,11,19,0,40,0,0,0,0
107.8214,3,0,6,0,0,0,1,137,1,2.0000,-1,10,11,19,0,40,0,0,0,0
107.8426,3,0,6,0,0,0,1,137,0,2.0000,-1,10,11,19,0,40,0,0,0,0
107.8616,3,0,6,0,0,0,1,137,0,2.0000,-1,10,11,19,0,40,0,0,0,0
107.8807,3,0,6,0,0,0,1,137,0,2.0000,-1,10,11,19,0,40,0,0,0,0
107.9002,3,0,6,0,0,0,1,137,0,2.0000,-1,10,11,19,0,40,0,0,0,0
107.9217,3,0,6,0,0,0,1,137,0,2.0000,-1,10,11,19,0,40,0,0,0,0
107.9415,3,0,6,0,0,0,1,137,0,2.0000,-1,10,11,19,0,40,0,0,0,0
107.9616,3,0,6,0,0,0,1,137,0,2.0000,-1,10,11,19,0,40,0,0,0,0
107.9788,3,0,6,0,0,0,1,137,0,2.0000,-1,10,11,19,0,40,0,0,0,0
108.0002,3,0,6,0,0,0,1,137,0,2.0000,-1,10,11,19,0,40,0,0,0,0
108.0218,3,0,6,0,0,0,1,137,0,2.0000,-1,10,11,19,0,40,0,0,0,0
108.0585,3,0,6,0,0,0,1,137,1,3.0000,-1,10,11,19,0,40,0,0,0,0
108.0699,3,0,6,0,0,0,1,137,0,3.0000,-1,10,11,19,0,40,0,0,0,0
108.0834,3,0,6,0,0,0,1,137,0,3.0000,-1,10,11,19,0,40,0,0,0,0
108.1034,3,0,6,0,0,0,1,137,0,3.0000,-1,10,11,19,0,40,0,0,0,0
108.1236,3,0,6,0,0,0,1,137,0,3.0000,-1,10,11,19,0,40,0,0,0,0
108.1435,3,0,6,0,0,0,1,137,0,3.0000,-1,10,11,19,0,40,0,0,0,0
108.1648,3,0,6,0,0,0,1,137,0,2.0000,-1,10,11,19,0,40,0,0,0,0
108.1849,3,0,6,0,0,0,1,137,0,2.0000,-1,10,11,19,0,40,0,0,0,0
108.2039,3,0,6,0,0,0,1,137,0,2.0000,-1,10,11,19,0,40,0,0,0,0
108.2241,3,0,6,0,0,0,1,137,0,2.0000,-1,10,11,19,0,40,0,0,0,0
108.2626,3,0,6,0,0,0,1,137,1,3.0000,-1,10,11,19,0,40,0,0,0,0
108.2741,3,0,6,0,0,0,1,137,0,3.0000,-1,10,11,19,0,40,0,0,0,0
108.2884,3,0,6,0,0,0,1,137,0,3.0000,-1,10,11,19,0,40,0,0,0,0
108.3091,3,0,6,0,0,0,1,137,0,3.0000,-1,10,11,19,0,40,0,0,0,0
108.33,3,0,6,0,0,0,1,137,0,3.0000,-1,10,11,19,0,40,0,0,0,0
108.3493,3,0,6,0,0,0,1,137,0,3.0000,-1,10,11,19,0,40,0,0,0,0
108.3689,3,0,6,0,0,0,1,137,0,3.0000,-1,10,11,19,0,40,0,0,0,0
108.3883,3,0,6,0,0,0,1,137,0,3.0000,-1,10,11,19,0,40,0,0,0,0
108.4092,3,0,6,0,0,0,0,-1,0,3.0000,137,10,11,20,0,41,0,0,0,0
108.4301,3,0,6,0,0,0,0,-1,0,3.0000,-1,10,11,20,0,41,0,0,0,0
108.468,3,0,6,0,0,0,0,-1,0,3.0000,-1,10,11,20,0,41,0,0,0,0
108.4792,3,0,6,0,0,0,0,-1,0,3.0000,-1,10,11,20,0,41,0,0,0,0
108.4933,3,0,6,0,0,0,0,-1,0,3.0000,-1,10,11,20,0,41,0,0,0,0
108.5135,3,0,6,0,0,0,0,-1,0,3.0000,-1,10,11,20,0,41,0,0,0,0
108.5341,3,0,6,0,0,0,0,-1,0,3.0000,-1,10,11,20,0,41,0,0,0,0
108.5552,3,0,6,0,0,0,0,-1,0,3.0000,-1,10,11,20,0,41,0,0,0,0
108.5762,3,0,6,0,0,0,0,-1,0,3.0000,-1,10,11,20,0,41,0,0,0,0
108.5961,3,0,6,0,0,0,0,-1,0,3.0000,-1,10,11,20,0,41,0,0,0,0
108.6154,3,0,6,0,0,0,0,-1,0,3.0000,-1,10,11,20,0,41,0,0,0,0
108.6347,3,0,6,0,0,0,0,-1,0,3.0000,-1,10,11,20,0,41,0,0,0,0
108.6735,3,0,6,0,0,0,0,-1,0,3.0000,-1,10,11,20,0,41,0,0,0,0
108.6845,3,0,6,0,0,0,0,-1,0,3.0000,-1,10,11,20,0,41,0,0,0,0
108.6998,3,0,6,0,0,0,0,-1,0,3.0000,-1,10,11,20,0,41,0,0,0,0
108.7202,3,0,6,0,0,0,0,-1,0,3.0000,-1,10,11,20,0,41,0,0,0,0
108.7402,3,0,6,0,0,0,0,-1,0,3.0000,-1,10,11,20,0,41,0,0,0,0
108.7595,3,0,6,0,0,0,0,-1,0,3.0000,-1,10,11,20,0,41,0,0,0,0
108.7807,3,0,6,0,0,0,0,-1,0,3.0000,-1,10,11,20,0,41,0,0,0,0
108.8001,3,0,6,0,0,0,0,-1,0,3.0000,-1,10,11,20,0,41,0,0,0,0
108.8211,3,0,6,0,0,0,0,-1,0,3.0000,-1,10,11,20,0,41,0,0,0,0
108.8417,3,0,6,0,0,0,0,-1,0,2.0000,-1,10,11,20,0,41,0,0,0,0
108.8608,3,0,6,0,0,0,0,-1,0,2.0000,-1,10,11,20,0,41,0,0,0,0
108.8815,3,0,6,0,0,0,0,-1,0,2.0000,-1,10,11,20,0,41,0,0,0,0
108.9012,3,0,6,0,0,0,0,-1,0,2.0000,-1,10,11,20,0,41,0,0,0,0
108.9207,3,0,6,0,0,0,0,-1,0,2.0000,-1,10,11,20,0,41,0,0,0,0
108.9412,3,0,6,0,0,0,1,141,0,2.0000,-1,10,11,20,0,41,0,0,0,0
108.9606,3,0,6,0,0,0,1,141,0,2.0000,-1,10,11,20,0,41,0,0,0,0
108.9804,3,0,6,0,0,0,1,141,0,2.0000,-1,10,11,20,0,41,0,0,0,0
109.0002,3,0,6,0,0,0,1,141,0,2.0000,-1,10,11,20,0,41,0,0,0,0
109.0208,3,0,6,0,0,0,1,141,0,2.0000,-1,10,11,20,0,41,0,0,0,0
109.0426,3,0,6,0,0,0,1,141,0,2.0000,-1,10,11,20,0,41,0,0,0,0
109.0623,3,0,6,0,0,0,1,141,0,1.0000,-1,10,11,20,0,41,0,0,0,0
109.0818,3,0,6,0,0,0,1,141,1,2.0000,-1,10,11,20,0,41,0,0,0,0
109.1019,3,0,6,0,0,0,0,-1,0,2.0000,-1,10,11,20,0,41,0,0,0,0
109.1212,3,0,6,0,0,0,0,-1,0,2.0000,-1,10,11,20,0,41,0,0,0,0
109.1439,3,0,6,0,0,0,0,-1,0,2.0000,-1,10,11,20,0,41,0,0,0,0
109.1649,3,0,6,0,0,0,0,-1,0,2.0000,-1,10,11,20,0,41,0,0,0,0
109.1832,3,0,6,0,0,0,0,-1,0,2.0000,-1,10,11,20,0,41,0,0,0,0
109.2033,3,0,6,0,0,0,0,-1,0,2.0000,-1,10,11,20,0,41,0,0,0,0
109.2227,3,0,6,0,0,0,0,-1,0,2.0000,-1,10,11,20,0,41,0,0,0,0
109.2437,3,0,6,0,0,0,0,-1,0,2.0000,-1,10,11,20,0,41,0,0,0,0
109.2635,3,0,6,0,0,0,0,-1,0,1.0000,-1,10,11,20,0,41,0,0,0,0
109.2856,3,0,6,0,0,0,0,-1,0,1.0000,-1,10,11,20,0,41,0,0,0,0
109.3027,3,0,6,0,0,0,0,-1,0,1.0000,-1,10,11,20,0,41,0,0,0,0
109.3222,3,0,6,0,0,0,0,-1,0,1.0000,-1,10,11,20,0,41,0,0,0,0
109.3447,3,0,6,0,0,0,0,-1,0,1.0000,-1,10,11,20,0,41,0,0,0,0
109.3645,3,0,6,0,0,0,0,-1,0,1.0000,-1,10,11,20,0,41,0,0,0,0
109.3843,3,0,6,0,0,0,0,-1,0,1.0000,-1,10,11,20,0,41,0,0,0,0
109.4037,3,0,6,0,0,0,0,-1,1,2.0000,-1,10,11,20,0,41,0,0,0,0
109.4231,3,0,6,0,0,0,0,-1,0,2.0000,-1,10,11,20,0,41,0,0,0,0
109.444,3,0,6,0,0,0,0,-1,0,2.0000,-1,10,11,20,0,41,0,0,0,0
109.4651,3,0,6,0,0,0,0,-1,0,2.0000,-1,10,11,20,0,41,0,0,0,0
109.4831,3,0,6,0,0,0,0,-1,0,2.0000,-1,10,11,20,0,41,0,0,0,0
109.5035,3,0,6,0,0,0,0,-1,0,2.0000,-1,10,11,20,0,41,0,0,0,0
109.5218,3,0,6,0,0,0,0,-1,0,2.0000,-1,10,11,20,0,41,0,0,0,0
109.5439,3,0,6,0,0,0,0,-1,0,2.0000,-1,10,11,20,0,41,0,0,0,0
109.5642,3,0,6,0,0,0,0,-1,0,2.0000,-1,10,11,20,0,41,0,0,0,0
109.5838,3,0,6,0,0,0,0,-1,0,2.0000,-1,10,11,20,0,41,0,0,0,0
109.6031,3,0,6,0,0,0,0,-1,0,2.0000,-1,10,11,20,0,41,0,0,0,0
109.6234,3,0,6,0,0,0,0,-1,0,2.0000,-1,10,11,20,0,41,0,0,0,0
109.6449,3,0,6,0,0,0,0,-1,0,2.0000,-1,10,11,20,0,41,0,0,0,0
109.665,3,0,6,0,0,0,0,-1,0,2.0000,-1,10,11,20,0,41,0,0,0,0
109.6845,3,0,6,0,0,0,0,-1,0,2.0000,-1,10,11,20,0,41,0,0,0,0
109.7019,3,0,6,0,0,0,0,-1,0,2.0000,-1,10,11,20,0,41,0,0,0,0
109.7244,3,0,6,0,0,0,0,-1,0,2.0000,-1,10,11,20,0,41,0,0,0,0
109.7449,3,0,6,0,0,0,0,-1,0,2.0000,-1,10,11,20,0,41,0,0,0,0
109.7642,3,0,6,0,0,0,0,-1,1,3.0000,-1,10,11,20,0,41,0,0,0,0
109.7855,3,0,6,0,0,0,0,-1,0,3.0000,-1,10,11,20,0,41,0,0,0,0
109.8012,3,0,6,0,0,0,0,-1,0,3.0000,-1,10,11,20,0,41,0,0,0,0
109.8233,3,0,6,0,0,0,0,-1,0,3.0000,-1,10,11,20,0,41,0,0,0,0
109.8453,3,0,6,0,0,0,1,139,0,3.0000,-1,10,11,20,0,41,0,0,0,0
109.8824,3,0,6,0,0,0,1,139,0,3.0000,-1,10,11,20,0,41,0,0,0,0
109.8948,3,0,6,0,0,0,1,139,0,3.0000,-1,10,11,20,0,41,0,0,0,0
109.9084,3,0,6,0,0,0,0,-1,0,3.0000,-1,10,11,20,0,41,0,0,0,0
109.9292,3,0,6,0,0,0,0,-1,0,3.0000,-1,10,11,20,0,41,0,0,0,0
109.9495,3,0,6,0,0,0,0,-1,0,3.0000,-1,10,11,20,0,41,0,0,0,0
109.9707,3,0,6,0,0,0,0,-1,0,3.0000,-1,10,11,20,0,41,0,0,0,0
109.9888,3,0,6,0,0,0,0,-1,0,3.0000,-1,10,11,20,0,41,0,0,0,0
110.0099,3,0,6,0,0,0,0,-1,0,3.0000,-1,10,11,20,0,41,0,0,0,0
110.0313,3,0,6,0,0,0,0,-1,0,3.0000,-1,10,11,20,0,41,0,0,0,0
110.0493,3,0,6,0,0,0,0,-1,0,3.0000,-1,10,11,20,0,41,0,0,0,0
110.0685,3,0,6,0,0,0,0,-1,0,3.0000,-1,10,11,20,0,41,0,0,0,0
110.0877,3,0,6,0,0,0,0,-1,0,2.0000,-1,10,11,20,0,41,0,0,0,0
110.1086,3,0,6,0,0,0,0,-1,0,2.0000,-1,10,11,20,0,41,0,0,0,0
110.1281,3,0,6,0,0,0,0,-1,0,2.0000,-1,10,11,20,0,41,0,0,0,0
110.1474,3,0,6,0,0,0,0,-1,0,2.0000,-1,10,11,20,0,41,0,0,0,0
110.1667,3,0,6,0,0,0,0,-1,0,2.0000,-1,10,11,20,0,41,0,0,0,0
110.1865,3,0,6,0,0,0,0,-1,0,2.0000,-1,10,11,20,0,41,0,0,0,0
110.2077,3,0,6,0,0,0,0,-1,0,2.0000,-1,10,11,20,0,41,0,0,0,0
110.2266,3,0,6,0,0,0,0,-1,0,2.0000,-1,10,11,20,0,41,0,0,0,0
110.2469,3,0,6,0,0,0,0,-1,0,2.0000,-1,10,11,20,0,41,0,0,0,0
110.2663,3,0,6,0,0,0,0,-1,0,2.0000,-1,10,11,20,0,41,0,0,0,0
110.2874,3,0,6,0,0,0,0,-1,0,2.0000,-1,10,11,20,0,41,0,0,0,0
110.3077,3,0,6,0,0,0,0,-1,0,2.0000,-1,10,11,20,0,41,0,0,0,0
110.3276,3,0,6,0,0,0,0,-1,0,2.0000,-1,10,11,20,0,41,0,0,0,0
110.3477,3,0,6,0,0,0,0,-1,0,2.0000,-1,10,11,20,0,41,0,0,0,0
110.3671,3,0,6,0,0,0,0,-1,0,2.0000,-1,10,11,20,0,41,0,0,0,0
110.3863,3,0,6,0,0,0,0,-1,0,2.0000,-1,10,11,20,0,41,0,0,0,0
110.4074,3,0,6,0,0,0,0,-1,0,1.0000,-1,10,11,20,0,41,0,0,0,0
110.4265,3,0,6,0,0,0,0,-1,0,1.0000,-1,10,11,20,0,41,0,0,0,0
110.4468,3,0,6,0,0,0,0,-1,0,1.0000,-1,10,11,20,0,41,0,0,0,0
110.465,3,0,6,0,0,0,0,-1,0,1.0000,-1,10,11,20,0,41,0,0,0,0
110.4861,3,0,6,0,0,0,0,-1,0,1.0000,-1,10,11,20,0,41,0,0,0,0
110.5057,3,0,6,0,0,0,0,-1,0,1.0000,-1,10,11,20,0,41,0,0,0,0
110.5253,3,0,6,0,0,0,0,-1,0,1.0000,-1,10,11,20,0,41,0,0,0,0
110.5441,3,0,6,0,0,0,0,-1,0,1.0000,-1,10,11,20,0,41,0,0,0,0
110.5649,3,0,6,0,0,0,0,-1,0,1.0000,-1,10,11,20,0,41,0,0,0,0
110.5865,3,0,6,0,0,0,0,-1,0,1.0000,-1,10,11,20,0,41,0,0,0,0
110.6042,3,0,6,0,0,0,0,-1,0,1.0000,-1,10,11,20,0,41,0,0,0,0
110.6234,3,0,6,0,0,0,0,-1,0,1.0000,-1,10,11,20,0,41,0,0,0,0
110.6425,3,0,6,0,0,0,0,-1,0,1.0000,-1,10,11,20,0,41,0,0,0,0
110.6623,3,0,6,0,0,0,0,-1,0,1.0000,-1,10,11,20,0,41,0,0,0,0
110.6817,3,0,6,0,0,0,0,-1,0,1.0000,-1,10,11,20,0,41,0,0,0,0
110.7015,3,0,6,0,0,0,0,-1,0,1.0000,-1,10,11,20,0,41,0,0,0,0
110.721,3,0,6,0,0,0,0,-1,0,1.0000,-1,10,11,20,0,41,0,0,0,0
110.743,3,0,6,0,0,0,0,-1,0,1.0000,-1,10,11,20,0,41,0,0,0,0
110.7618,3,0,6,0,0,0,0,-1,0,1.0000,-1,10,11,20,0,41,0,0,0,0
110.7808,3,0,6,0,0,0,0,-1,0,0.0000,-1,10,11,20,0,41,0,0,0,0
110.7999,3,0,6,0,0,0,0,-1,0,0.0000,-1,10,11,20,0,41,0,0,0,0
110.8198,3,0,6,1,0,0,0,-1,0,0.0000,-1,10,11,20,0,41,0,0,0,0
110.8399,3,0,6,1,0,0,0,-1,0,0.0000,-1,10,11,20,0,41,0,0,0,0
110.8608,3,0,6,1,0,0,0,-1,0,0.0000,-1,10,11,20,0,41,0,0,0,0
110.8781,3,0,6,1,0,0,0,-1,0,0.0000,-1,10,11,20,0,41,0,0,0,0
110.8986,3,0,6,1,0,0,0,-1,1,1.0000,-1,10,11,20,0,41,0,0,0,0
110.9198,3,0,6,1,0,0,0,-1,0,1.0000,-1,10,11,20,0,41,0,0,0,0
110.9561,3,0,6,1,0,0,0,-1,0,1.0000,-1,10,11,20,0,41,0,0,0,0
110.9673,3,0,6,1,0,0,0,-1,0,1.0000,-1,10,11,20,0,41,0,0,0,0
110.981,3,0,6,1,0,0,0,-1,0,1.0000,-1,10,11,20,0,41,0,0,0,0
111.0013,3,0,6,1,0,0,0,-1,0,1.0000,-1,10,11,20,0,41,0,0,0,0
111.0208,3,0,6,1,0,0,0,-1,0,1.0000,-1,10,11,20,0,41,0,0,0,0
111.0414,3,0,6,1,0,0,0,-1,0,1.0000,-1,10,11,20,0,41,0,0,0,0
111.0604,3,0,6,1,0,0,0,-1,0,1.0000,-1,10,11,20,0,41,0,0,0,0
111.0798,3,0,6,1,0,0,0,-1,0,1.0000,-1,10,11,20,0,41,0,0,0,0
111.0992,3,0,6,1,0,0,1,143,0,1.0000,-1,10,11,20,0,41,0,0,0,0
111.1193,3,0,6,1,0,0,1,143,0,1.0000,-1,10,11,20,0,41,0,0,0,0
111.1462,3,0,6,1,0,0,1,143,1,2.0000,-1,10,11,20,0,41,0,0,0,0
111.1639,3,0,6,1,0,0,1,143,0,2.0000,-1,10,11,20,0,41,0,0,0,0
111.1801,3,0,6,1,0,0,1,143,0,2.0000,-1,10,11,20,0,41,0,0,0,0
111.1994,3,0,6,1,0,0,1,143,0,2.0000,-1,10,11,20,0,41,0,0,0,0
111.2203,3,0,6,1,0,0,1,143,0,2.0000,-1,10,11,20,0,41,0,0,0,0
111.2426,3,0,6,1,0,0,1,143,0,2.0000,-1,10,11,20,0,41,0,0,0,0
111.2617,3,0,6,1,0,0,1,143,0,2.0000,-1,10,11,20,0,41,0,0,0,0
111.2801,3,0,6,1,0,0,1,143,0,2.0000,-1,10,11,20,0,41,0,0,0,0
111.3005,3,0,6,1,0,0,1,143,0,2.0000,-1,10,11,20,0,41,0,0,0,0
111.3211,3,0,6,1,0,0,1,143,0,2.0000,-1,10,11,20,0,41,0,0,0,0
111.3408,3,0,6,1,0,0,1,143,0,2.0000,-1,10,11,20,0,41,0,0,0,0
111.3584,3,0,6,1,0,0,1,143,0,2.0000,-1,10,11,20,0,41,0,0,0,0
111.3989,3,0,6,1,0,0,1,143,0,2.0000,-1,10,11,20,0,41,0,0,0,0
111.4133,3,0,6,1,0,0,1,143,1,3.0000,-1,10,11,20,0,41,0,0,0,0
111.4274,3,0,6,1,0,0,1,144,0,3.0000,143,10,11,21,0,42,0,0,0,0
111.4429,3,0,6,1,0,0,1,144,0,3.0000,-1,10,11,21,0,42,0,0,0,0
111.4652,3,0,6,1,0,0,1,144,0,3.0000,-1,10,11,21,0,42,0,0,0,0
111.4833,3,0,6,1,0,0,1,144,0,3.0000,-1,10,11,21,0,42,0,0,0,0
111.5057,3,0,6,1,0,0,1,144,0,3.0000,-1,10,11,21,0,42,0,0,0,0
111.5228,3,0,6,1,0,0,1,144,0,3.0000,-1,10,11,21,0,42,0,0,0,0
111.5432,3,0,6,1,0,0,1,144,0,3.0000,-1,10,11,21,0,42,0,0,0,0
111.565,3,0,6,1,0,0,1,144,0,3.0000,-1,10,11,21,0,42,0,0,0,0
111.6026,3,0,6,1,0,0,1,144,0,3.0000,-1,10,11,21,0,42,0,0,0,0
111.6146,3,0,6,1,1,0,1,144,1,4.0000,-1,10,11,21,0,42,0,0,0,0
111.6288,3,0,6,1,1,0,1,144,0,4.0000,-1,10,11,21,0,42,0,0,0,0
111.6488,3,0,6,1,1,0,1,144,0,4.0000,-1,10,11,21,0,42,0,0,0,0
111.67,3,0,6,1,1,0,1,144,0,4.0000,-1,10,11,21,0,42,0,0,0,0
111.6883,3,0,6,1,1,0,0,-1,0,4.0000,144,10,11,22,0,43,0,0,0,0
111.7089,3,0,6,1,1,0,0,-1,0,4.0000,-1,10,11,22,0,43,0,0,0,0
111.73,3,0,6,1,1,0,0,-1,0,4.0000,-1,10,11,22,0,43,0,0,0,0
111.751,3,0,6,1,1,0,0,-1,0,4.0000,-1,10,11,22,0,43,0,0,0,0
111.7704,3,0,6,1,1,0,0,-1,0,4.0000,-1,10,11,22,0,43,0,0,0,0
111.8074,3,0,6,1,1,0,0,-1,0,4.0000,-1,10,11,22,0,43,0,0,0,0
111.8189,3,0,6,1,1,0,0,-1,0,4.0000,-1,10,11,22,0,43,0,0,0,0
111.8324,3,0,6,1,1,0,0,-1,0,4.0000,-1,10,11,22,0,43,0,0,0,0
111.8522,3,0,6,1,1,0,0,-1,0,4.0000,-1,10,11,22,0,43,0,0,0,0
111.873,3,0,6,1,1,0,0,-1,0,4.0000,-1,10,11,22,0,43,0,0,0,0
111.8929,3,0,6,1,1,0,0,-1,0,4.0000,-1,10,11,22,0,43,0,0,0,0
111.9124,3,0,6,1,1,0,0,-1,0,3.0000,-1,10,11,22,0,43,0,0,0,0
111.9321,3,0,6,1,1,0,0,-1,0,3.0000,-1,10,11,22,0,43,0,0,0,0
111.9527,3,0,6,1,1,0,0,-1,0,3.0000,-1,10,11,22,0,43,0,0,0,0
111.973,3,0,6,1,1,0,0,-1,0,3.0000,-1,10,11,22,0,43,0,0,0,0
111.9911,3,0,6,1,1,0,0,-1,0,3.0000,-1,10,11,22,0,43,0,0,0,0
112.0095,3,0,6,1,1,0,0,-1,1,4.0000,-1,10,11,22,0,43,0,0,0,0
112.0313,3,0,6,1,1,0,0,-1,0,4.0000,-1,10,11,22,0,43,0,0,0,0
112.0496,3,0,6,1,1,0,0,-1,0,4.0000,-1,10,11,22,0,43,0,0,0,0
112.0688,3,0,6,1,1,0,0,-1,0,4.0000,-1,10,11,22,0,43,0,0,0,0
112.0877,3,0,6,1,1,0,0,-1,0,4.0000,-1,10,11,22,0,43,0,0,0,0
112.1084,3,0,6,1,1,0,0,-1,0,4.0000,-1,10,11,22,0,43,0,0,0,0
112.1289,3,0,6,1,1,0,0,-1,0,4.0000,-1,10,11,22,0,43,0,0,0,0
112.1478,3,0,6,1,1,0,0,-1,0,3.0000,-1,10,11,22,0,43,0,0,0,0
112.1669,3,0,6,1,1,0,0,-1,0,3.0000,-1,10,11,22,0,43,0,0,0,0
112.187,2,1,7,1,0,0,0,-1,0,3.0000,-1,10,11,22,0,43,0,0,0,0
112.209,2,0,7,1,0,0,0,-1,0,3.0000,-1,10,11,22,0,43,0,0,0,0
112.2283,2,0,7,1,0,0,0,-1,0,3.0000,-1,10,11,22,0,43,0,0,0,0
112.2482,2,0,7,1,0,0,0,-1,0,3.0000,-1,10,11,22,0,43,0,0,0,0
112.2672,2,0,7,1,0,0,0,-1,0,3.0000,-1,10,11,22,0,43,0,0,0,0
112.2884,2,0,7,1,0,0,0,-1,0,3.0000,-1,10,11,22,0,43,0,0,0,0
112.3081,2,0,7,1,0,0,0,-1,0,3.0000,-1,10,11,22,0,43,0,0,0,0
112.3289,2,0,7,1,0,0,0,-1,0,3.0000,-1,10,11,22,0,43,0,0,0,0
112.3468,2,0,7,1,0,0,0,-1,0,3.0000,-1,10,11,22,0,43,0,0,0,0
112.3668,2,0,7,1,0,0,0,-1,0,3.0000,-1,10,11,22,0,43,0,0,0,0
112.3902,2,0,7,1,0,0,0,-1,0,3.0000,-1,10,11,22,0,43,0,0,0,0
112.4278,2,0,7,1,0,0,0,-1,0,2.0000,-1,10,11,22,0,43,0,0,0,0
112.4409,2,0,7,1,0,0,0,-1,0,2.0000,-1,10,11,22,0,43,0,0,0,0
112.4546,2,0,7,1,0,0,0,-1,0,2.0000,-1,10,11,22,0,43,0,0,0,0
112.474,2,0,7,1,0,0,0,-1,0,2.0000,-1,10,11,22,0,43,0,0,0,0
112.4959,2,0,7,1,0,0,0,-1,0,2.0000,-1,10,11,22,0,43,0,0,0,0
112.5143,2,0,7,1,0,0,0,-1,0,2.0000,-1,10,11,22,0,43,0,0,0,0
112.5337,2,0,7,1,0,0,0,-1,0,2.0000,-1,10,11,22,0,43,0,0,0,0
112.5541,2,0,7,1,0,0,0,-1,0,2.0000,-1,10,11,22,0,43,0,0,0,0
112.5763,2,0,7,1,0,0,0,-1,0,2.0000,-1,10,11,22,0,43,0,0,0,0
112.5966,2,0,7,1,0,0,0,-1,0,2.0000,-1,10,11,22,0,43,0,0,0,0
112.6158,2,0,7,1,0,0,0,-1,0,1.0000,-1,10,11,22,0,43,0,0,0,0
112.6362,2,0,7,1,0,0,0,-1,0,1.0000,-1,10,11,22,0,43,0,0,0,0
112.657,2,0,7,1,0,0,0,-1,0,1.0000,-1,10,11,22,0,43,0,0,0,0
112.6766,2,0,7,1,0,0,0,-1,0,1.0000,-1,10,11,22,0,43,0,0,0,0
112.6959,2,0,7,1,0,0,0,-1,0,1.0000,-1,10,11,22,0,43,0,0,0,0
112.7137,2,0,7,1,0,0,0,-1,0,1.0000,-1,10,11,22,0,43,0,0,0,0
112.7337,2,0,7,1,0,0,0,-1,0,1.0000,-1,10,11,22,0,43,0,0,0,0
112.7545,2,0,7,1,0,0,0,-1,0,1.0000,-1,10,11,22,0,43,0,0,0,0
112.7738,2,0,7,1,0,0,0,-1,0,1.0000,-1,10,11,22,0,43,0,0,0,0
112.7952,2,0,7,1,0,0,0,-1,0,1.0000,-1,10,11,22,0,43,0,0,0,0
112.8149,2,0,7,1,0,0,0,-1,0,1.0000,-1,10,11,22,0,43,0,0,0,0
112.8323,2,0,7,1,0,0,0,-1,0,1.0000,-1,10,11,22,0,43,0,0,0,0
112.8539,2,0,7,1,0,0,0,-1,0,1.0000,-1,10,11,22,0,43,0,0,0,0
112.8717,2,0,7,1,0,0,0,-1,0,1.0000,-1,10,11,22,0,43,0,0,0,0
112.8911,2,0,7,1,0,0,0,-1,0,1.0000,-1,10,11,22,0,43,0,0,0,0
112.9126,2,0,7,1,0,0,0,-1,0,1.0000,-1,10,11,22,0,43,0,0,0,0
112.9329,2,0,7,1,0,0,0,-1,0,1.0000,-1,10,11,22,0,43,0,0,0,0
112.9544,2,0,7,0,0,0,0,-1,0,1.0000,-1,10,11,22,0,43,0,0,0,0
112.971,2,0,7,0,0,0,0,-1,0,1.0000,-1,10,11,22,0,43,0,0,0,0
112.9896,2,0,7,0,0,0,0,-1,0,1.0000,-1,10,11,22,0,43,0,0,0,0
113.0111,2,0,7,0,0,0,0,-1,0,0.0000,-1,10,11,22,0,43,0,0,0,0
113.0316,2,0,7,0,0,0,0,-1,0,0.0000,-1,10,11,22,0,43,0,0,0,0
113.0685,2,0,7,0,0,0,0,-1,0,0.0000,-1,10,11,22,0,43,0,0,0,0
113.0821,2,0,7,0,0,0,0,-1,0,0.0000,-1,10,11,22,0,43,0,0,0,0
113.0961,2,0,7,0,0,0,0,-1,1,1.0000,-1,10,11,22,0,43,0,0,0,0
113.1142,2,0,7,0,0,0,0,-1,0,1.0000,-1,10,11,22,0,43,0,0,0,0
113.1348,2,0,7,0,0,0,0,-1,0,1.0000,-1,10,11,22,0,43,0,0,0,0
113.1549,2,0,7,0,0,0,0,-1,0,1.0000,-1,10,11,22,0,43,0,0,0,0
113.1756,2,0,7,0,0,0,0,-1,0,1.0000,-1,10,11,22,0,43,0,0,0,0
113.1948,2,0,7,0,0,0,0,-1,0,1.0000,-1,10,11,22,0,43,0,0,0,0
113.2145,2,0,7,0,0,0,0,-1,0,1.0000,-1,10,11,22,0,43,0,0,0,0
113.2345,2,0,7,0,0,0,0,-1,0,1.0000,-1,10,11,22,0,43,0,0,0,0
113.2555,2,0,7,0,0,0,0,-1,0,1.0000,-1,10,11,22,0,43,0,0,0,0
113.2755,2,0,7,0,0,0,0,-1,0,1.0000,-1,10,11,22,0,43,0,0,0,0
113.2967,2,0,7,0,0,0,0,-1,0,1.0000,-1,10,11,22,0,43,0,0,0,0
113.3165,2,0,7,0,0,0,0,-1,0,1.0000,-1,10,11,22,0,43,0,0,0,0
113.3377,2,0,7,0,0,0,0,-1,0,1.0000,-1,10,11,22,0,43,0,0,0,0
113.3602,2,0,7,0,0,0,0,-1,0,1.0000,-1,10,11,22,0,43,0,0,0,0
113.3804,2,0,7,0,0,0,0,-1,0,1.0000,-1,10,11,22,0,43,0,0,0,0
113.4034,2,0,7,0,0,0,0,-1,0,1.0000,-1,10,11,22,0,43,0,0,0,0
113.4242,2,0,7,0,0,0,0,-1,0,1.0000,-1,10,11,22,0,43,0,0,0,0
113.447,2,0,7,0,0,0,0,-1,0,1.0000,-1,10,11,22,0,43,0,0,0,0
113.4893,2,0,7,0,0,0,0,-1,0,1.0000,-1,10,11,22,0,43,0,0,0,0
113.5028,2,0,7,0,0,0,0,-1,0,1.0000,-1,10,11,22,0,43,0,0,0,0
113.5169,2,0,7,0,0,0,0,-1,0,1.0000,-1,10,11,22,0,43,0,0,0,0
113.5388,2,0,7,0,0,0,0,-1,1,2.0000,-1,10,11,22,0,43,0,0,0,0
113.562,2,0,7,0,0,0,0,-1,0,2.0000,-1,10,11,22,0,43,0,0,0,0
113.5843,2,0,7,0,0,0,0,-1,0,2.0000,-1,10,11,22,0,43,0,0,0,0
113.6079,2,0,7,0,0,0,0,-1,0,2.0000,-1,10,11,22,0,43,0,0,0,0
113.6301,2,0,7,0,0,0,0,-1,0,2.0000,-1,10,11,22,0,43,0,0,0,0
113.653,2,0,7,0,0,0,0,-1,0,2.0000,-1,10,11,22,0,43,0,0,0,0
113.6756,2,0,7,0,0,0,0,-1,0,2.0000,-1,10,11,22,0,43,0,0,0,0
113.6988,2,0,7,0,0,0,0,-1,0,2.0000,-1,10,11,22,0,43,0,0,0,0
113.7217,2,0,7,0,0,0,0,-1,0,2.0000,-1,10,11,22,0,43,0,0,0,0
113.7442,2,0,7,0,0,0,0,-1,0,2.0000,-1,10,11,22,0,43,0,0,0,0
113.767,2,0,7,0,0,0,1,149,0,2.0000,-1,10,11,22,0,43,0,0,0,0
113.7891,2,0,7,0,0,0,1,149,0,2.0000,-1,10,11,22,0,43,0,0,0,0
113.812,2,0,7,0,0,0,1,149,0,2.0000,-1,10,11,22,0,43,0,0,0,0
113.834,2,0,7,0,0,0,1,149,0,2.0000,-1,10,11,22,0,43,0,0,0,0
113.8573,2,0,7,0,0,0,1,149,0,2.0000,-1,10,11,22,0,43,0,0,0,0
113.8789,2,0,7,0,0,0,1,149,0,2.0000,-1,10,11,22,0,43,0,0,0,0
113.9005,2,0,7,0,0,0,1,149,0,2.0000,-1,10,11,22,0,43,0,0,0,0
113.9215,2,0,7,0,0,0,1,149,0,2.0000,-1,10,11,22,0,43,0,0,0,0
113.9432,2,0,7,0,0,0,1,149,0,2.0000,-1,10,11,22,0,43,0,0,0,0
113.9641,2,0,7,0,0,0,1,149,0,2.0000,-1,10,11,22,0,43,0,0,0,0
113.9853,2,0,7,0,0,0,1,149,0,2.0000,-1,10,11,22,0,43,0,0,0,0
114.0068,2,0,7,0,0,0,1,149,0,2.0000,-1,10,11,22,0,43,0,0,0,0
114.0269,2,0,7,0,0,0,1,149,0,2.0000,-1,10,11,22,0,43,0,0,0,0
114.049,2,0,7,0,0,0,1,149,0,2.0000,-1,10,11,22,0,43,0,0,0,0
114.0695,2,0,7,0,0,0,1,149,0,2.0000,-1,10,11,22,0,43,0,0,0,0
114.1117,2,0,7,0,0,0,1,149,0,1.0000,-1,10,11,22,0,43,0,0,0,0
114.1253,2,0,7,0,0,0,1,149,0,1.0000,-1,10,11,22,0,43,0,0,0,0
114.1381,2,0,7,0,0,0,1,149,0,1.0000,-1,10,11,22,0,43,0,0,0,0
114.1583,2,0,7,0,0,0,1,149,0,1.0000,-1,10,11,22,0,43,0,0,0,0
114.1802,2,0,7,0,0,0,1,149,0,1.0000,-1,10,11,22,0,43,0,0,0,0
114.2024,2,0,7,0,0,0,1,149,0,1.0000,-1,10,11,22,0,43,0,0,0,0
114.2245,2,0,7,0,0,0,1,149,0,1.0000,-1,10,11,22,0,43,0,0,0,0
114.2446,2,0,7,0,0,0,1,149,0,1.0000,-1,10,11,22,0,43,0,0,0,0
114.2665,2,0,7,0,0,0,1,149,0,1.0000,-1,10,11,22,0,43,0,0,0,0
114.2865,2,0,7,0,0,0,1,149,0,1.0000,-1,10,11,22,0,43,0,0,0,0
114.3068,2,0,7,0,0,0,1,149,0,1.0000,-1,10,11,22,0,43,0,0,0,0
114.3298,2,0,7,0,0,0,1,149,0,1.0000,-1,10,11,22,0,43,0,0,0,0
114.3516,2,0,7,0,0,0,1,149,0,1.0000,-1,10,11,22,0,43,0,0,0,0
114.3695,2,0,7,0,0,0,1,149,0,1.0000,-1,10,11,22,0,43,0,0,0,0
114.3908,2,0,7,0,0,0,0,-1,0,1.0000,149,10,12,22,0,44,0,0,0,0
114.4131,2,0,7,0,0,0,0,-1,0,1.0000,-1,10,12,22,0,44,0,0,0,0
114.435,2,0,7,0,0,0,0,-1,0,1.0000,-1,10,12,22,0,44,0,0,0,0
114.4554,2,0,7,0,0,0,0,-1,0,1.0000,-1,10,12,22,0,44,0,0,0,0
114.4765,2,0,7,0,0,0,0,-1,0,1.0000,-1,10,12,22,0,44,0,0,0,0
114.4984,2,0,7,0,0,0,0,-1,0,1.0000,-1,10,12,22,0,44,0,0,0,0
114.5381,2,0,7,0,0,0,0,-1,0,1.0000,-1,10,12,22,0,44,0,0,0,0
114.5521,2,0,7,0,0,0,0,-1,0,0.0000,-1,10,12,22,0,44,0,0,0,0
114.5695,2,0,7,0,0,0,0,-1,0,0.0000,-1,10,12,22,0,44,0,0,0,0
114.5865,2,0,7,0,0,0,0,-1,0,0.0000,-1,10,12,22,0,44,0,0,0,0
114.6091,2,0,7,0,0,0,0,-1,0,0.0000,-1,10,12,22,0,44,0,0,0,0
114.6303,2,0,7,0,0,0,0,-1,0,0.0000,-1,10,12,22,0,44,0,0,0,0
114.6515,2,0,7,0,0,0,0,-1,0,0.0000,-1,10,12,22,0,44,0,0,0,0
114.6725,2,0,7,0,0,0,0,-1,0,0.0000,-1,10,12,22,0,44,0,0,0,0
114.6947,2,0,7,0,0,0,0,-1,0,0.0000,-1,10,12,22,0,44,0,0,0,0
114.7137,2,0,7,0,0,0,0,-1,0,0.0000,-1,10,12,22,0,44,0,0,0,0
114.7545,2,0,7,0,0,0,0,-1,0,0.0000,-1,10,12,22,0,44,0,0,0,0
114.7667,2,0,7,0,0,0,0,-1,0,0.0000,-1,10,12,22,0,44,0,0,0,0
114.7795,2,0,7,0,0,0,0,-1,0,0.0000,-1,10,12,22,0,44,0,0,0,0
114.8005,2,0,7,0,0,0,0,-1,0,0.0000,-1,10,12,22,0,44,0,0,0,0
114.8223,2,0,7,0,0,0,0,-1,0,0.0000,-1,10,12,22,0,44,0,0,0,0
114.8441,2,0,7,0,0,0,0,-1,0,0.0000,-1,10,12,22,0,44,0,0,0,0
114.866,2,0,7,0,0,0,0,-1,0,0.0000,-1,10,12,22,0,44,0,0,0,0
114.8867,2,0,7,0,0,0,0,-1,0,0.0000,-1,10,12,22,0,44,0,0,0,0
114.9082,2,0,7,0,0,0,0,-1,0,0.0000,-1,10,12,22,0,44,0,0,0,0
114.9286,2,0,7,0,0,0,0,-1,0,0.0000,-1,10,12,22,0,44,0,0,0,0
114.9492,2,0,7,0,0,0,0,-1,0,0.0000,-1,10,12,22,0,44,0,0,0,0
114.9708,2,0,7,0,0,0,0,-1,0,0.0000,-1,10,12,22,0,44,0,0,0,0
114.991,2,0,7,0,0,0,0,-1,0,0.0000,-1,10,12,22,0,44,0,0,0,0
115.0123,2,0,7,0,0,0,0,-1,1,1.0000,-1,10,12,22,0,44,0,0,0,0
115.0339,2,0,7,0,0,0,0,-1,0,1.0000,-1,10,12,22,0,44,0,0,0,0
115.0567,2,0,7,0,0,0,0,-1,0,1.0000,-1,10,12,22,0,44,0,0,0,0
115.0774,2,0,7,0,0,0,0,-1,0,1.0000,-1,10,12,22,0,44,0,0,0,0
115.0974,2,0,7,0,0,0,0,-1,0,1.0000,-1,10,12,22,0,44,0,0,0,0
115.1179,2,0,7,0,0,0,0,-1,0,1.0000,-1,10,12,22,0,44,0,0,0,0
115.1381,2,0,7,0,0,0,0,-1,0,1.0000,-1,10,12,22,0,44,0,0,0,0
115.1601,2,0,7,0,0,0,0,-1,0,1.0000,-1,10,12,22,0,44,0,0,0,0
115.1805,2,0,7,0,0,0,0,-1,0,1.0000,-1,10,12,22,0,44,0,0,0,0
115.2005,2,0,7,0,0,0,0,-1,0,1.0000,-1,10,12,22,0,44,0,0,0,0
115.2215,2,0,7,0,0,0,0,-1,0,1.0000,-1,10,12,22,0,44,0,0,0,0
115.2429,2,0,7,0,0,0,0,-1,0,1.0000,-1,10,12,22,0,44,0,0,0,0
115.2628,2,0,7,0,0,0,0,-1,0,1.0000,-1,10,12,22,0,44,0,0,0,0
115.2819,2,0,7,0,0,0,0,-1,0,1.0000,-1,10,12,22,0,44,0,0,0,0
115.3026,2,0,7,0,0,0,0,-1,0,1.0000,-1,10,12,22,0,44,0,0,0,0
115.3233,2,0,7,0,0,0,0,-1,0,1.0000,-1,10,12,22,0,44,0,0,0,0
115.3434,2,0,7,0,0,0,0,-1,0,1.0000,-1,10,12,22,0,44,0,0,0,0
115.3647,2,0,7,0,0,0,0,-1,0,1.0000,-1,10,12,22,0,44,0,0,0,0
115.3839,2,0,7,0,0,0,0,-1,0,1.0000,-1,10,12,22,0,44,0,0,0,0
115.4056,2,0,7,0,0,0,0,-1,0,1.0000,-1,10,12,22,0,44,0,0,0,0
115.4234,2,0,7,0,0,0,0,-1,0,1.0000,-1,10,12,22,0,44,0,0,0,0
115.4449,2,0,7,0,0,0,0,-1,0,1.0000,-1,10,12,22,0,44,0,0,0,0
115.4661,2,0,7,0,0,0,0,-1,0,1.0000,-1,10,12,22,0,44,0,0,0,0
115.4867,2,0,7,0,0,0,0,-1,0,1.0000,-1,10,12,22,0,44,0,0,0,0
115.5047,2,0,7,0,0,0,0,-1,0,1.0000,-1,10,12,22,0,44,0,0,0,0
115.5272,2,0,7,0,0,0,0,-1,0,1.0000,-1,10,12,22,0,44,0,0,0,0
115.546,2,0,7,0,0,0,0,-1,0,1.0000,-1,10,12,22,0,44,0,0,0,0
115.5668,2,0,7,0,0,0,0,-1,0,1.0000,-1,10,12,22,0,44,0,0,0,0
115.5883,2,0,7,0,0,0,0,-1,0,1.0000,-1,10,12,22,0,44,0,0,0,0
115.6078,2,0,7,0,0,0,0,-1,0,1.0000,-1,10,12,22,0,44,0,0,0,0
115.6262,2,0,7,0,0,0,0,-1,0,1.0000,-1,10,12,22,0,44,0,0,0,0
115.6477,2,0,7,0,0,0,0,-1,0,1.0000,-1,10,12,22,0,44,0,0,0,0
115.6671,2,0,7,0,0,0,0,-1,0,1.0000,-1,10,12,22,0,44,0,0,0,0
115.6892,2,0,7,0,0,0,0,-1,0,1.0000,-1,10,12,22,0,44,0,0,0,0
115.7075,2,0,7,0,0,0,0,-1,0,1.0000,-1,10,12,22,0,44,0,0,0,0
115.7261,2,0,7,0,0,0,0,-1,0,1.0000,-1,10,12,22,0,44,0,0,0,0
115.7478,2,0,7,0,0,0,0,-1,0,1.0000,-1,10,12,22,0,44,0,0,0,0
115.7866,2,0,7,0,0,0,0,-1,0,1.0000,-1,10,12,22,0,44,0,0,0,0
115.7997,2,0,7,0,0,0,0,-1,0,1.0000,-1,10,12,22,0,44,0,0,0,0
115.8118,2,0,7,0,0,0,0,-1,0,1.0000,-1,10,12,22,0,44,0,0,0,0
115.8332,2,0,7,0,0,0,0,-1,0,1.0000,-1,10,12,22,0,44,0,0,0,0
115.8548,2,0,7,0,0,0,0,-1,0,1.0000,-1,10,12,22,0,44,0,0,0,0
115.8747,2,0,7,0,0,0,0,-1,0,1.0000,-1,10,12,22,0,44,0,0,0,0
115.896,2,0,7,0,0,0,0,-1,0,1.0000,-1,10,12,22,0,44,0,0,0,0
115.9151,2,0,7,0,0,0,0,-1,0,1.0000,-1,10,12,22,0,44,0,0,0,0
115.9356,2,0,7,0,0,0,0,-1,0,1.0000,-1,10,12,22,0,44,0,0,0,0
115.9558,2,0,7,0,0,0,0,-1,0,1.0000,-1,10,12,22,0,44,0,0,0,0
115.9759,2,0,7,0,0,0,0,-1,0,1.0000,-1,10,12,22,0,44,0,0,0,0
115.997,2,0,7,0,0,0,0,-1,0,1.0000,-1,10,12,22,0,44,0,0,0,0
116.016,2,0,7,0,0,0,0,-1,0,0.0000,-1,10,12,22,0,44,0,0,0,0
116.0361,2,0,7,0,0,0,0,-1,0,0.0000,-1,10,12,22,0,44,0,0,0,0
116.0563,2,0,7,0,0,0,0,-1,0,0.0000,-1,10,12,22,0,44,0,0,0,0
116.0767,2,0,7,0,0,0,0,-1,0,0.0000,-1,10,12,22,0,44,0,0,0,0
116.0978,2,0,7,0,0,0,0,-1,0,0.0000,-1,10,12,22,0,44,0,0,0,0
116.1184,2,0,7,0,0,0,0,-1,0,0.0000,-1,10,12,22,0,44,0,0,0,0
116.1393,2,0,7,0,0,0,0,-1,0,0.0000,-1,10,12,22,0,44,0,0,0,0
116.1588,2,0,7,0,0,0,0,-1,0,0.0000,-1,10,12,22,0,44,0,0,0,0
116.1971,2,0,7,0,0,0,0,-1,0,0.0000,-1,10,12,22,0,44,0,0,0,0
116.2094,2,0,7,0,0,0,0,-1,0,0.0000,-1,10,12,22,0,44,0,0,0,0
116.2222,2,0,7,0,0,0,0,-1,0,0.0000,-1,10,12,22,0,44,0,0,0,0
116.2437,2,0,7,0,0,0,0,-1,0,0.0000,-1,10,12,22,0,44,0,0,0,0
116.2638,2,0,7,0,0,0,0,-1,0,0.0000,-1,10,12,22,0,44,0,0,0,0
116.2849,2,0,7,0,0,0,0,-1,0,0.0000,-1,10,12,22,0,44,0,0,0,0
116.3047,2,0,7,0,0,0,0,-1,0,0.0000,-1,10,12,22,0,44,0,0,0,0
116.3262,2,0,7,0,0,0,0,-1,0,0.0000,-1,10,12,22,0,44,0,0,0,0
116.346,2,0,7,0,0,0,0,-1,0,0.0000,-1,10,12,22,0,44,0,0,0,0
116.3666,2,0,7,0,0,0,0,-1,0,0.0000,-1,10,12,22,0,44,0,0,0,0
116.4044,2,0,7,0,0,0,0,-1,0,0.0000,-1,10,12,22,0,44,0,0,0,0
116.416,2,0,7,0,0,0,0,-1,0,0.0000,-1,10,12,22,0,44,0,0,0,0
116.4297,2,0,7,0,0,0,0,-1,0,0.0000,-1,10,12,22,0,44,0,0,0,0
116.4509,2,0,7,0,0,0,0,-1,0,0.0000,-1,10,12,22,0,44,0,0,0,0
116.4717,2,0,7,0,0,0,0,-1,0,0.0000,-1,10,12,22,0,44,0,0,0,0
116.4915,2,0,7,0,0,0,0,-1,0,0.0000,-1,10,12,22,0,44,0,0,0,0
116.5125,2,0,7,0,0,0,0,-1,0,0.0000,-1,10,12,22,0,44,0,0,0,0
116.5333,2,0,7,0,0,0,0,-1,0,0.0000,-1,10,12,22,0,44,0,0,0,0
116.5536,2,0,7,0,0,0,0,-1,0,0.0000,-1,10,12,22,0,44,0,0,0,0
116.5744,2,0,7,0,0,0,0,-1,0,0.0000,-1,10,12,22,0,44,0,0,0,0
116.5946,2,0,7,0,0,0,0,-1,0,0.0000,-1,10,12,22,0,44,0,0,0,0
116.6161,2,0,7,0,0,0,0,-1,0,0.0000,-1,10,12,22,0,44,0,0,0,0
116.6345,2,0,7,0,0,0,0,-1,0,0.0000,-1,10,12,22,0,44,0,0,0,0
116.6556,2,0,7,0,0,0,0,-1,0,0.0000,-1,10,12,22,0,44,0,0,0,0
116.6761,2,0,7,0,0,0,0,-1,0,0.0000,-1,10,12,22,0,44,0,0,0,0
116.6974,2,0,7,0,0,0,0,-1,0,0.0000,-1,10,12,22,0,44,0,0,0,0
116.7163,2,0,7,0,0,0,0,-1,0,0.0000,-1,10,12,22,0,44,0,0,0,0
116.7385,2,0,7,0,0,0,1,154,0,0.0000,-1,10,12,22,0,44,0,0,0,0
116.7566,2,0,7,0,0,0,1,154,0,0.0000,-1,10,12,22,0,44,0,0,0,0
116.7775,2,0,7,0,0,0,1,154,0,0.0000,-1,10,12,22,0,44,0,0,0,0
116.8167,2,0,7,0,0,0,1,154,0,0.0000,-1,10,12,22,0,44,0,0,0,0
116.8293,2,0,7,0,0,0,1,154,0,0.0000,-1,10,12,22,0,44,0,0,0,0
116.8433,2,0,7,0,0,0,1,154,0,0.0000,-1,10,12,22,0,44,0,0,0,0
116.8656,2,0,7,0,1,0,1,154,0,0.0000,-1,10,12,22,0,44,0,0,0,0
116.8862,2,0,7,0,1,0,1,154,0,0.0000,-1,10,12,22,0,44,0,0,0,0
116.907,2,0,7,0,1,0,1,154,0,0.0000,-1,10,12,22,0,44,0,0,0,0
116.9282,2,0,7,0,1,0,1,154,0,0.0000,-1,10,12,22,0,44,0,0,0,0
116.9495,2,0,7,0,1,0,1,154,0,0.0000,-1,10,12,22,0,44,0,0,0,0
116.9695,2,0,7,0,1,0,1,154,0,0.0000,-1,10,12,22,0,44,0,0,0,0
116.9916,2,0,7,0,1,0,1,154,0,0.0000,-1,10,12,22,0,44,0,0,0,0
117.0111,2,0,7,0,1,0,1,154,0,0.0000,-1,10,12,22,0,44,0,0,0,0
117.0328,2,0,7,0,1,0,1,154,0,0.0000,-1,10,12,22,0,44,0,0,0,0
117.0537,2,0,7,0,1,0,1,154,0,0.0000,-1,10,12,22,0,44,0,0,0,0
117.0732,2,0,7,0,1,0,1,154,0,0.0000,-1,10,12,22,0,44,0,0,0,0
117.0945,2,0,7,1,1,0,0,-1,0,0.0000,154,10,13,22,0,45,0,0,0,0
117.1139,2,0,7,1,1,0,0,-1,0,0.0000,-1,10,13,22,0,45,0,0,0,0
117.135,2,0,7,1,1,0,0,-1,0,0.0000,-1,10,13,22,0,45,0,0,0,0
117.1579,2,0,7,1,1,0,0,-1,0,0.0000,-1,10,13,22,0,45,0,0,0,0
117.1803,2,0,7,1,1,0,0,-1,0,0.0000,-1,10,13,22,0,45,0,0,0,0
117.2004,2,0,7,1,1,0,0,-1,0,0.0000,-1,10,13,22,0,45,0,0,0,0
117.2405,2,0,7,1,1,0,0,-1,0,0.0000,-1,10,13,22,0,45,0,0,0,0
117.2545,2,0,7,1,1,0,0,-1,0,0.0000,-1,10,13,22,0,45,0,0,0,0
117.2686,2,0,7,1,1,0,0,-1,0,0.0000,-1,10,13,22,0,45,0,0,0,0
117.2931,2,0,7,1,1,0,0,-1,0,0.0000,-1,10,13,22,0,45,0,0,0,0
117.3159,2,0,7,1,1,0,0,-1,0,0.0000,-1,10,13,22,0,45,0,0,0,0
117.3393,2,0,7,0,1,0,0,-1,0,0.0000,-1,10,13,22,0,45,0,0,0,0
117.3616,2,0,7,0,1,0,0,-1,0,0.0000,-1,10,13,22,0,45,0,0,0,0
117.381,2,0,7,0,1,0,0,-1,0,0.0000,-1,10,13,22,0,45,0,0,0,0
117.4006,2,0,7,0,1,0,0,-1,0,0.0000,-1,10,13,22,0,45,0,0,0,0
117.4381,2,0,7,0,0,0,0,-1,0,0.0000,-1,10,13,22,0,45,0,0,0,0
117.4517,2,0,7,0,0,0,0,-1,0,0.0000,-1,10,13,22,0,45,0,0,0,0
117.4644,2,0,7,0,0,0,0,-1,0,0.0000,-1,10,13,22,0,45,0,0,0,0
117.4837,2,0,7,0,0,0,0,-1,0,0.0000,-1,10,13,22,0,45,0,0,0,0
117.5039,2,0,7,0,0,0,0,-1,0,0.0000,-1,10,13,22,0,45,0,0,0,0
117.5243,2,0,7,0,0,0,0,-1,0,0.0000,-1,10,13,22,0,45,0,0,0,0
117.5426,2,0,7,0,0,0,0,-1,0,0.0000,-1,10,13,22,0,45,0,0,0,0
117.5632,2,0,7,0,0,0,0,-1,0,0.0000,-1,10,13,22,0,45,0,0,0,0
117.5818,2,0,7,0,0,0,0,-1,0,0.0000,-1,10,13,22,0,45,0,0,0,0
117.6027,2,0,7,0,0,0,0,-1,0,0.0000,-1,10,13,22,0,45,0,0,0,0
117.6236,2,0,7,0,0,0,0,-1,0,0.0000,-1,10,13,22,0,45,0,0,0,0
117.6445,2,0,7,0,0,0,0,-1,0,0.0000,-1,10,13,22,0,45,0,0,0,0
117.6677,2,0,7,0,0,0,0,-1,0,0.0000,-1,10,13,22,0,45,0,0,0,0
117.6876,2,0,7,0,0,0,0,-1,0,0.0000,-1,10,13,22,0,45,0,0,0,0
117.7074,2,0,7,0,0,0,0,-1,0,0.0000,-1,10,13,22,0,45,0,0,0,0
117.7273,2,0,7,0,0,0,0,-1,0,0.0000,-1,10,13,22,0,45,0,0,0,0
117.748,2,0,7,0,0,0,0,-1,0,0.0000,-1,10,13,22,0,45,0,0,0,0
117.7689,2,0,7,0,0,0,0,-1,0,0.0000,-1,10,13,22,0,45,0,0,0,0
117.7897,2,0,7,0,0,0,0,-1,0,0.0000,-1,10,13,22,0,45,0,0,0,0
117.8099,2,0,7,0,0,0,0,-1,0,0.0000,-1,10,13,22,0,45,0,0,0,0
117.8476,2,0,7,0,0,0,0,-1,0,0.0000,-1,10,13,22,0,45,0,0,0,0
117.8595,2,0,7,0,0,0,0,-1,0,0.0000,-1,10,13,22,0,45,0,0,0,0
117.8725,2,0,7,0,0,0,0,-1,0,0.0000,-1,10,13,22,0,45,0,0,0,0
117.8932,2,0,7,0,0,0,0,-1,0,0.0000,-1,10,13,22,0,45,0,0,0,0
117.9128,2,0,7,0,0,0,0,-1,0,0.0000,-1,10,13,22,0,45,0,0,0,0
117.9333,2,0,7,0,0,0,0,-1,0,0.0000,-1,10,13,22,0,45,0,0,0,0
117.9538,2,0,7,0,0,0,0,-1,0,0.0000,-1,10,13,22,0,45,0,0,0,0
117.9738,2,0,7,0,0,0,0,-1,0,0.0000,-1,10,13,22,0,45,0,0,0,0
117.9922,2,0,7,0,0,0,0,-1,0,0.0000,-1,10,13,22,0,45,0,0,0,0
118.013,2,0,7,0,0,0,0,-1,0,0.0000,-1,10,13,22,0,45,0,0,0,0
118.0493,2,0,7,0,0,0,0,-1,0,0.0000,-1,10,13,22,0,45,0,0,0,0
118.0615,2,0,7,0,0,0,0,-1,0,0.0000,-1,10,13,22,0,45,0,0,0,0
118.0748,2,0,7,0,0,0,0,-1,0,0.0000,-1,10,13,22,0,45,0,0,0,0
118.0951,2,0,7,0,0,0,0,-1,0,0.0000,-1,10,13,22,0,45,0,0,0,0
118.1149,2,0,7,0,0,0,0,-1,0,0.0000,-1,10,13,22,0,45,0,0,0,0
118.1346,2,0,7,0,0,0,0,-1,0,0.0000,-1,10,13,22,0,45,0,0,0,0
118.1543,2,0,7,0,0,0,0,-1,0,0.0000,-1,10,13,22,0,45,0,0,0,0
118.1744,2,0,7,0,1,0,0,-1,0,0.0000,-1,10,13,22,0,45,0,0,0,0
118.1916,2,0,7,0,1,0,0,-1,0,0.0000,-1,10,13,22,0,45,0,0,0,0
118.2131,2,0,7,0,1,0,0,-1,0,0.0000,-1,10,13,22,0,45,0,0,0,0
118.2492,2,0,7,0,1,0,0,-1,0,0.0000,-1,10,13,22,0,45,0,0,0,0
118.2614,2,0,7,0,1,0,0,-1,0,0.0000,-1,10,13,22,0,45,0,0,0,0
118.2756,2,0,7,0,1,0,0,-1,0,0.0000,-1,10,13,22,0,45,0,0,0,0
118.2959,2,0,7,0,1,0,0,-1,0,0.0000,-1,10,13,22,0,45,0,0,0,0
118.3158,2,0,7,0,1,0,0,-1,0,0.0000,-1,10,13,22,0,45,0,0,0,0
118.3353,2,0,7,0,1,0,0,-1,0,0.0000,-1,10,13,22,0,45,0,0,0,0
118.354,2,0,7,0,1,0,0,-1,0,0.0000,-1,10,13,22,0,45,0,0,0,0
118.3759,2,0,7,0,1,0,0,-1,0,0.0000,-1,10,13,22,0,45,0,0,0,0
118.3949,2,0,7,0,1,0,0,-1,0,0.0000,-1,10,13,22,0,45,0,0,0,0
118.4126,2,0,7,0,1,0,0,-1,0,0.0000,-1,10,13,22,0,45,0,0,0,0
118.4324,2,0,7,0,1,0,0,-1,0,0.0000,-1,10,13,22,0,45,0,0,0,0
118.4533,2,0,7,0,1,0,0,-1,0,0.0000,-1,10,13,22,0,45,0,0,0,0
118.4727,2,0,7,0,1,0,0,-1,0,0.0000,-1,10,13,22,0,45,0,0,0,0
118.4915,2,0,7,0,1,0,0,-1,0,0.0000,-1,10,13,22,0,45,0,0,0,0
118.5107,2,0,7,0,1,0,0,-1,0,0.0000,-1,10,13,22,0,45,0,0,0,0
118.5322,2,0,7,0,1,0,0,-1,0,0.0000,-1,10,13,22,0,45,0,0,0,0
118.5498,2,0,7,0,1,0,0,-1,0,0.0000,-1,10,13,22,0,45,0,0,0,0
118.5711,2,0,7,0,1,0,0,-1,0,0.0000,-1,10,13,22,0,45,0,0,0,0
118.5888,2,0,7,0,1,0,0,-1,0,0.0000,-1,10,13,22,0,45,0,0,0,0
118.6094,2,0,7,0,1,0,0,-1,0,0.0000,-1,10,13,22,0,45,0,0,0,0
118.6292,2,0,7,0,1,0,0,-1,0,0.0000,-1,10,13,22,0,45,0,0,0,0
118.6458,2,0,7,0,1,0,0,-1,0,0.0000,-1,10,13,22,0,45,0,0,0,0
118.6657,2,0,7,0,1,0,0,-1,0,0.0000,-1,10,13,22,0,45,0,0,0,0
118.6872,2,0,7,0,1,0,0,-1,0,0.0000,-1,10,13,22,0,45,0,0,0,0
118.7062,2,0,7,0,1,0,0,-1,0,0.0000,-1,10,13,22,0,45,0,0,0,0
118.7239,2,0,7,0,1,0,0,-1,0,0.0000,-1,10,13,22,0,45,0,0,0,0
118.7439,2,0,7,0,1,0,0,-1,0,0.0000,-1,10,13,22,0,45,0,0,0,0
118.7638,2,0,7,0,0,0,0,-1,0,0.0000,-1,10,13,22,0,45,0,0,0,0
118.7855,2,0,7,0,0,0,0,-1,0,0.0000,-1,10,13,22,0,45,0,0,0,0
118.8024,2,0,7,0,0,0,0,-1,0,0.0000,-1,10,13,22,0,45,0,0,0,0
118.8227,2,0,7,0,0,0,0,-1,0,0.0000,-1,10,13,22,0,45,0,0,0,0
118.8441,2,0,7,0,0,0,0,-1,0,0.0000,-1,10,13,22,0,45,0,0,0,0
118.8635,2,0,7,0,0,0,0,-1,0,0.0000,-1,10,13,22,0,45,0,0,0,0
118.9001,2,0,7,0,0,0,0,-1,0,0.0000,-1,10,13,22,0,45,0,0,0,0
118.9185,2,0,7,0,0,0,0,-1,0,0.0000,-1,10,13,22,0,45,0,0,0,0
118.9313,2,0,7,0,0,0,0,-1,0,0.0000,-1,10,13,22,0,45,0,0,0,0
118.9479,2,0,7,0,0,0,0,-1,0,0.0000,-1,10,13,22,0,45,0,0,0,0
118.9666,2,0,7,0,0,0,0,-1,0,0.0000,-1,10,13,22,0,45,0,0,0,0
118.985,2,0,7,0,0,0,0,-1,0,0.0000,-1,10,13,22,0,45,0,0,0,0
119.0047,2,0,7,0,0,0,0,-1,0,0.0000,-1,10,13,22,0,45,0,0,0,0
119.0233,2,0,7,0,0,0,0,-1,0,0.0000,-1,10,13,22,0,45,0,0,0,0
119.0441,2,0,7,0,0,0,0,-1,0,0.0000,-1,10,13,22,0,45,0,0,0,0
119.0648,2,0,7,0,0,0,0,-1,0,0.0000,-1,10,13,22,0,45,0,0,0,0
119.0857,2,0,7,0,0,0,0,-1,0,0.0000,-1,10,13,22,0,45,0,0,0,0
119.1015,2,0,7,0,0,0,0,-1,0,0.0000,-1,10,13,22,0,45,0,0,0,0
119.1225,2,0,7,0,0,0,0,-1,0,0.0000,-1,10,13,22,0,45,0,0,0,0
119.142,2,0,7,0,0,0,0,-1,0,0.0000,-1,10,13,22,0,45,0,0,0,0
119.1618,2,0,7,0,0,0,0,-1,0,0.0000,-1,10,13,22,0,45,0,0,0,0
119.1814,2,0,7,0,0,0,0,-1,0,0.0000,-1,10,13,22,0,45,0,0,0,0
119.1993,2,0,7,0,0,0,0,-1,0,0.0000,-1,10,13,22,0,45,0,0,0,0
119.2213,2,0,7,0,0,0,0,-1,0,0.0000,-1,10,13,22,0,45,0,0,0,0
119.2406,2,0,7,0,0,0,0,-1,0,0.0000,-1,10,13,22,0,45,0,0,0,0
119.2593,2,0,7,0,0,0,0,-1,0,0.0000,-1,10,13,22,0,45,0,0,0,0
119.2786,2,0,7,0,0,0,0,-1,0,0.0000,-1,10,13,22,0,45,0,0,0,0
119.3169,2,0,7,0,0,0,0,-1,0,0.0000,-1,10,13,22,0,45,0,0,0,0
119.3306,2,0,7,0,0,0,0,-1,0,0.0000,-1,10,13,22,0,45,0,0,0,0
119.3433,2,0,7,0,0,0,0,-1,0,0.0000,-1,10,13,22,0,45,0,0,0,0
119.3607,2,0,7,0,0,0,0,-1,0,0.0000,-1,10,13,22,0,45,0,0,0,0
119.382,2,0,7,0,0,0,0,-1,0,0.0000,-1,10,13,22,0,45,0,0,0,0
119.4006,2,0,7,0,0,0,0,-1,0,0.0000,-1,10,13,22,0,45,0,0,0,0
119.421,2,0,7,0,0,0,0,-1,0,0.0000,-1,10,13,22,0,45,0,0,0,0
119.4404,2,0,7,0,0,0,0,-1,0,0.0000,-1,10,13,22,0,45,0,0,0,0
119.4592,2,0,7,0,0,0,0,-1,0,0.0000,-1,10,13,22,0,45,0,0,0,0
119.4767,2,0,7,0,0,0,0,-1,0,0.0000,-1,10,13,22,0,45,0,0,0,0
119.4976,2,0,7,0,0,0,0,-1,0,0.0000,-1,10,13,22,0,45,0,0,0,0
119.5322,2,0,7,0,0,0,0,-1,1,1.0000,-1,10,13,22,0,45,0,0,0,0
119.5445,2,0,7,0,0,0,0,-1,0,1.0000,-1,10,13,22,0,45,0,0,0,0
119.5574,2,0,7,0,0,0,0,-1,0,1.0000,-1,10,13,22,0,45,0,0,0,0
119.5734,2,0,7,0,0,0,0,-1,0,1.0000,-1,10,13,22,0,45,0,0,0,0
119.5939,2,0,7,0,0,0,0,-1,0,1.0000,-1,10,13,22,0,45,0,0,0,0
119.6116,2,0,7,0,0,0,0,-1,0,1.0000,-1,10,13,22,0,45,0,0,0,0
119.6308,2,0,7,0,0,0,1,159,0,1.0000,-1,10,13,22,0,45,0,0,0,0
119.6512,2,0,7,0,0,0,1,159,0,1.0000,-1,10,13,22,0,45,0,0,0,0
119.6684,2,0,7,0,0,0,1,159,0,1.0000,-1,10,13,22,0,45,0,0,0,0
119.6869,2,0,7,0,0,0,1,159,0,1.0000,-1,10,13,22,0,45,0,0,0,0
119.7071,2,0,7,0,0,0,1,159,0,1.0000,-1,10,13,22,0,45,0,0,0,0
119.7272,2,0,7,0,0,0,1,159,1,2.0000,-1,10,13,22,0,45,0,0,0,0
119.7455,2,0,7,0,0,0,1,160,0,2.0000,159,10,14,22,0,46,0,0,0,0
119.765,2,0,7,0,0,0,1,160,0,2.0000,-1,10,14,22,0,46,0,0,0,0
119.7862,2,0,7,0,0,0,1,160,0,2.0000,-1,10,14,22,0,46,0,0,0,0
119.804,2,0,7,0,0,0,1,160,0,2.0000,-1,10,14,22,0,46,0,0,0,0
119.8212,2,0,7,0,0,0,1,160,0,2.0000,-1,10,14,22,0,46,0,0,0,0
119.843,2,0,7,0,0,0,1,160,0,2.0000,-1,10,14,22,0,46,0,0,0,0
119.8619,2,0,7,0,0,0,1,160,0,2.0000,-1,10,14,22,0,46,0,0,0,0
119.8781,2,0,7,0,0,0,1,160,0,2.0000,-1,10,14,22,0,46,0,0,0,0
119.8993,2,0,7,0,0,0,1,160,0,2.0000,-1,10,14,22,0,46,0,0,0,0
119.9203,2,0,7,0,0,0,1,160,0,2.0000,-1,10,14,22,0,46,0,0,0,0
119.9547,2,0,7,0,0,0,1,160,0,2.0000,-1,10,14,22,0,46,0,0,0,0
119.9684,2,0,7,0,0,0,1,160,0,2.0000,-1,10,14,22,0,46,0,0,0,0
119.9822,2,0,7,0,0,0,1,160,0,2.0000,-1,10,14,22,0,46,0,0,0,0
119.9969,2,0,7,0,0,0,1,160,0,2.0000,-1,10,14,22,0,46,0,0,0,0
120.019,2,0,7,0,0,0,1,160,0,2.0000,-1,10,14,22,0,46,0,0,0,0
120.0362,2,0,7,0,0,0,1,160,0,2.0000,-1,10,14,22,0,46,0,0,0,0
120.0549,2,0,7,0,0,0,1,160,0,2.0000,-1,10,14,22,0,46,0,0,0,0
120.0768,2,0,7,0,0,0,0,-1,0,2.0000,160,10,15,22,0,47,0,0,0,0
120.0962,2,0,7,0,0,0,0,-1,0,2.0000,-1,10,15,22,0,47,0,0,0,0
120.1126,2,0,7,0,0,0,0,-1,0,2.0000,-1,10,15,22,0,47,0,0,0,0
120.1322,2,0,7,0,0,0,0,-1,0,2.0000,-1,10,15,22,0,47,0,0,0,0
120.1699,2,0,7,0,0,0,0,-1,0,2.0000,-1,10,15,22,0,47,0,0,0,0
120.1827,2,0,7,0,0,0,0,-1,0,2.0000,-1,10,15,22,0,47,0,0,0,0
120.1951,2,0,7,0,0,0,0,-1,0,2.0000,-1,10,15,22,0,47,0,0,0,0
120.2146,2,0,7,0,0,0,0,-1,0,2.0000,-1,10,15,22,0,47,0,0,0,0
120.2322,2,0,7,0,0,0,0,-1,0,2.0000,-1,10,15,22,0,47,0,0,0,0
120.2521,2,0,7,0,0,0,0,-1,0,2.0000,-1,10,15,22,0,47,0,0,0,0
120.2723,2,0,7,0,0,0,0,-1,0,2.0000,-1,10,15,22,0,47,0,0,0,0
120.2922,2,0,7,0,0,0,0,-1,0,2.0000,-1,10,15,22,0,47,0,0,0,0
120.3091,2,0,7,0,0,0,0,-1,0,2.0000,-1,10,15,22,0,47,0,0,0,0
120.3309,2,0,7,0,0,0,1,161,0,2.0000,-1,10,15,22,0,47,0,0,0,0
120.3482,2,0,7,0,0,0,1,161,0,2.0000,-1,10,15,22,0,47,0,0,0,0
120.3665,2,0,7,0,0,0,1,161,0,2.0000,-1,10,15,22,0,47,0,0,0,0
120.388,2,0,7,0,0,0,1,161,0,2.0000,-1,10,15,22,0,47,0,0,0,0
120.4063,2,0,7,0,0,0,1,161,0,2.0000,-1,10,15,22,0,47,0,0,0,0
120.425,2,0,7,0,0,0,1,161,0,2.0000,-1,10,15,22,0,47,0,0,0,0
120.4424,2,0,7,0,0,0,1,161,0,2.0000,-1,10,15,22,0,47,0,0,0,0
120.4637,2,0,7,0,0,0,1,161,0,2.0000,-1,10,15,22,0,47,0,0,0,0
120.4819,2,0,7,0,0,0,1,161,0,2.0000,-1,10,15,22,0,47,0,0,0,0
120.4994,2,0,7,0,0,0,1,161,0,2.0000,-1,10,15,22,0,47,0,0,0,0
120.5206,2,0,7,0,0,0,1,161,0,2.0000,-1,10,15,22,0,47,0,0,0,0
120.5393,2,0,7,0,0,0,1,161,1,2.0000,-1,10,15,22,0,47,0,0,0,0
120.5561,2,0,7,0,0,0,0,-1,0,2.0000,-1,10,15,22,0,47,0,0,0,0
120.5766,2,0,7,0,0,0,0,-1,0,2.0000,-1,10,15,22,0,47,0,0,0,0
120.5977,2,0,7,0,0,0,0,-1,0,2.0000,-1,10,15,22,0,47,0,0,0,0
120.6152,2,0,7,0,0,0,0,-1,0,2.0000,-1,10,15,22,0,47,0,0,0,0
120.6335,2,0,7,0,0,0,0,-1,0,2.0000,-1,10,15,22,0,47,0,0,0,0
120.6529,2,0,7,0,0,0,0,-1,0,2.0000,-1,10,15,22,0,47,0,0,0,0
120.6738,2,0,7,0,0,0,0,-1,0,2.0000,-1,10,15,22,0,47,0,0,0,0
120.6936,2,0,7,0,0,0,0,-1,0,2.0000,-1,10,15,22,0,47,0,0,0,0
120.7129,2,0,7,0,0,0,0,-1,0,2.0000,-1,10,15,22,0,47,0,0,0,0
120.7327,3,1,8,0,0,0,0,-1,0,1.0000,161,10,15,23,0,48,0,0,0,0
120.7546,3,0,8,0,0,0,0,-1,0,1.0000,-1,10,15,23,0,48,0,0,0,0
120.7748,3,0,8,0,0,0,0,-1,0,1.0000,-1,10,15,23,0,48,0,0,0,0
120.8117,3,0,8,0,0,0,0,-1,0,1.0000,-1,10,15,23,0,48,0,0,0,0
120.8248,3,0,8,0,0,0,0,-1,0,1.0000,-1,10,15,23,0,48,0,0,0,0
120.8374,3,0,8,0,0,0,0,-1,0,1.0000,-1,10,15,23,0,48,0,0,0,0
120.8562,3,0,8,0,0,0,0,-1,0,1.0000,-1,10,15,23,0,48,0,0,0,0
120.8761,3,0,8,0,0,0,0,-1,0,1.0000,-1,10,15,23,0,48,0,0,0,0
120.8975,3,0,8,0,0,0,0,-1,0,1.0000,-1,10,15,23,0,48,0,0,0,0
120.9188,3,0,8,0,0,0,0,-1,0,1.0000,-1,10,15,23,0,48,0,0,0,0
120.9361,3,0,8,0,0,0,0,-1,0,1.0000,-1,10,15,23,0,48,0,0,0,0
120.9563,3,0,8,0,0,0,0,-1,0,1.0000,-1,10,15,23,0,48,0,0,0,0
120.9785,3,0,8,0,0,0,0,-1,0,1.0000,-1,10,15,23,0,48,0,0,0,0
120.997,3,0,8,0,0,0,0,-1,0,1.0000,-1,10,15,23,0,48,0,0,0,0
121.0188,3,0,8,0,0,0,0,-1,0,1.0000,-1,10,15,23,0,48,0,0,0,0
121.0351,3,0,8,0,0,0,0,-1,0,1.0000,-1,10,15,23,0,48,0,0,0,0
121.0556,3,0,8,0,0,0,0,-1,0,1.0000,-1,10,15,23,0,48,0,0,0,0
121.0772,3,0,8,0,0,0,0,-1,0,1.0000,-1,10,15,23,0,48,0,0,0,0
121.0969,3,0,8,0,0,0,0,-1,0,1.0000,-1,10,15,23,0,48,0,0,0,0
121.1148,3,0,8,0,0,0,0,-1,0,1.0000,-1,10,15,23,0,48,0,0,0,0
121.1351,3,0,8,0,0,0,0,-1,0,1.0000,-1,10,15,23,0,48,0,0,0,0
121.1568,3,0,8,0,0,0,0,-1,0,1.0000,-1,10,15,23,0,48,0,0,0,0
121.1757,3,0,8,0,0,0,0,-1,0,1.0000,-1,10,15,23,0,48,0,0,0,0
121.1956,3,0,8,0,0,0,0,-1,0,1.0000,-1,10,15,23,0,48,0,0,0,0
121.2318,3,0,8,1,0,0,0,-1,0,1.0000,-1,10,15,23,0,48,0,0,0,0
121.2505,3,0,8,1,0,0,0,-1,0,1.0000,-1,10,15,23,0,48,0,0,0,0
121.2646,3,0,8,1,0,0,0,-1,0,1.0000,-1,10,15,23,0,48,0,0,0,0
121.2789,3,0,8,1,0,0,0,-1,0,1.0000,-1,10,15,23,0,48,0,0,0,0
121.2996,3,0,8,1,0,0,0,-1,0,1.0000,-1,10,15,23,0,48,0,0,0,0
121.3192,3,0,8,1,0,0,0,-1,0,1.0000,-1,10,15,23,0,48,0,0,0,0
121.3383,3,0,8,1,0,0,0,-1,0,1.0000,-1,10,15,23,0,48,0,0,0,0
121.3559,3,0,8,1,0,0,0,-1,0,1.0000,-1,10,15,23,0,48,0,0,0,0
121.3759,3,0,8,1,0,0,0,-1,0,1.0000,-1,10,15,23,0,48,0,0,0,0
121.3976,3,0,8,1,0,0,0,-1,0,1.0000,-1,10,15,23,0,48,0,0,0,0
121.4358,3,0,8,1,0,0,0,-1,0,1.0000,-1,10,15,23,0,48,0,0,0,0
121.4478,3,0,8,1,0,0,0,-1,0,1.0000,-1,10,15,23,0,48,0,0,0,0
121.4621,3,0,8,1,0,0,0,-1,0,1.0000,-1,10,15,23,0,48,0,0,0,0
121.4823,3,0,8,1,0,0,0,-1,0,1.0000,-1,10,15,23,0,48,0,0,0,0
121.5036,3,0,8,1,0,0,0,-1,0,1.0000,-1,10,15,23,0,48,0,0,0,0
121.5216,3,0,8,1,0,0,0,-1,1,2.0000,-1,10,15,23,0,48,0,0,0,0
121.5438,3,0,8,1,0,0,0,-1,0,1.0000,-1,10,15,23,0,48,0,0,0,0
121.564,3,0,8,1,0,0,0,-1,0,1.0000,-1,10,15,23,0,48,0,0,0,0
121.5822,3,0,8,1,0,0,0,-1,0,1.0000,-1,10,15,23,0,48,0,0,0,0
121.6006,3,0,8,1,0,0,0,-1,1,2.0000,-1,10,15,23,0,48,0,0,0,0
121.6396,3,0,8,1,0,0,0,-1,1,3.0000,-1,10,15,23,0,48,0,0,0,0
121.6515,3,0,8,1,0,0,0,-1,0,3.0000,-1,10,15,23,0,48,0,0,0,0
121.6661,3,0,8,1,0,0,0,-1,0,3.0000,-1,10,15,23,0,48,0,0,0,0
121.6869,3,0,8,1,0,0,0,-1,0,3.0000,-1,10,15,23,0,48,0,0,0,0
121.7071,3,0,8,1,0,0,0,-1,0,3.0000,-1,10,15,23,0,48,0,0,0,0
121.7267,3,0,8,1,0,0,0,-1,0,3.0000,-1,10,15,23,0,48,0,0,0,0
121.7474,3,0,8,1,0,0,0,-1,0,3.0000,-1,10,15,23,0,48,0,0,0,0
121.7665,3,0,8,1,0,0,0,-1,0,3.0000,-1,10,15,23,0,48,0,0,0,0
121.7878,3,0,8,1,0,0,0,-1,0,3.0000,-1,10,15,23,0,48,0,0,0,0
121.8083,3,0,8,1,0,0,0,-1,0,3.0000,-1,10,15,23,0,48,0,0,0,0
121.8466,3,0,8,1,0,0,0,-1,0,3.0000,-1,10,15,23,0,48,0,0,0,0
121.8606,3,0,8,1,0,0,0,-1,0,3.0000,-1,10,15,23,0,48,0,0,0,0
121.8734,3,0,8,1,0,0,0,-1,0,3.0000,-1,10,15,23,0,48,0,0,0,0
121.8944,3,0,8,1,0,0,0,-1,0,3.0000,-1,10,15,23,0,48,0,0,0,0
121.9135,3,0,8,1,0,0,0,-1,0,3.0000,-1,10,15,23,0,48,0,0,0,0
121.9326,3,0,8,1,0,0,0,-1,0,3.0000,-1,10,15,23,0,48,0,0,0,0
121.9548,3,0,8,1,0,0,0,-1,0,3.0000,-1,10,15,23,0,48,0,0,0,0
121.9767,3,0,8,1,0,0,0,-1,0,3.0000,-1,10,15,23,0,48,0,0,0,0
121.9946,3,0,8,1,0,0,0,-1,0,3.0000,-1,10,15,23,0,48,0,0,0,0
122.0149,3,0,8,1,0,0,0,-1,0,3.0000,-1,10,15,23,0,48,0,0,0,0
122.0336,3,0,8,1,0,0,0,-1,0,3.0000,-1,10,15,23,0,48,0,0,0,0
122.0552,3,0,8,1,0,0,0,-1,0,3.0000,-1,10,15,23,0,48,0,0,0,0
122.0762,3,0,8,1,0,0,0,-1,0,3.0000,-1,10,15,23,0,48,0,0,0,0
122.0955,3,0,8,1,0,0,0,-1,0,3.0000,-1,10,15,23,0,48,0,0,0,0
122.1133,3,0,8,1,0,0,0,-1,0,3.0000,-1,10,15,23,0,48,0,0,0,0
122.1342,3,0,8,1,0,0,0,-1,0,3.0000,-1,10,15,23,0,48,0,0,0,0
122.1545,3,0,8,1,0,0,0,-1,0,3.0000,-1,10,15,23,0,48,0,0,0,0
122.1775,3,0,8,1,0,0,0,-1,1,4.0000,-1,10,15,23,0,48,0,0,0,0
122.1966,3,0,8,1,0,0,0,-1,0,4.0000,-1,10,15,23,0,48,0,0,0,0
122.2176,3,0,8,1,0,0,0,-1,0,4.0000,-1,10,15,23,0,48,0,0,0,0
122.2354,3,0,8,1,0,0,0,-1,0,4.0000,-1,10,15,23,0,48,0,0,0,0
122.2565,3,0,8,1,0,0,0,-1,0,4.0000,-1,10,15,23,0,48,0,0,0,0
122.2789,3,0,8,1,0,0,0,-1,0,4.0000,-1,10,15,23,0,48,0,0,0,0
122.2972,3,0,8,1,0,0,0,-1,0,4.0000,-1,10,15,23,0,48,0,0,0,0
122.3179,3,0,8,1,0,0,0,-1,0,4.0000,-1,10,15,23,0,48,0,0,0,0
122.3373,3,0,8,1,0,0,0,-1,0,4.0000,-1,10,15,23,0,48,0,0,0,0
122.3593,3,0,8,1,0,0,0,-1,0,4.0000,-1,10,15,23,0,48,0,0,0,0
122.3792,3,0,8,1,0,0,0,-1,0,4.0000,-1,10,15,23,0,48,0,0,0,0
122.4018,3,0,8,1,0,0,0,-1,0,4.0000,-1,10,15,23,0,48,0,0,0,0
122.4209,3,0,8,1,0,0,0,-1,0,4.0000,-1,10,15,23,0,48,0,0,0,0
122.4394,3,0,8,1,0,0,0,-1,0,4.0000,-1,10,15,23,0,48,0,0,0,0
122.4615,3,0,8,1,0,0,0,-1,0,4.0000,-1,10,15,23,0,48,0,0,0,0
122.4824,3,0,8,1,0,0,0,-1,1,5.0000,-1,10,15,23,0,48,0,0,0,0
122.5023,3,0,8,1,0,0,0,-1,0,5.0000,-1,10,15,23,0,48,0,0,0,0
122.5239,3,0,8,1,0,0,0,-1,0,4.0000,-1,10,15,23,0,48,0,0,0,0
122.544,3,0,8,1,0,0,0,-1,0,4.0000,-1,10,15,23,0,48,0,0,0,0
122.5634,3,0,8,1,0,0,0,-1,0,4.0000,-1,10,15,23,0,48,0,0,0,0
122.5834,3,0,8,1,0,0,0,-1,0,4.0000,-1,10,15,23,0,48,0,0,0,0
122.6032,3,0,8,1,0,0,0,-1,0,3.0000,-1,10,15,23,0,48,0,0,0,0
122.6262,3,0,8,1,0,0,0,-1,0,3.0000,-1,10,15,23,0,48,0,0,0,0
122.6614,3,0,8,1,0,0,0,-1,0,2.0000,-1,10,15,23,0,48,0,0,0,0
122.6752,3,0,8,1,0,0,0,-1,0,2.0000,-1,10,15,23,0,48,0,0,0,0
122.6877,3,0,8,1,0,0,1,165,0,2.0000,-1,10,15,23,0,48,0,0,0,0
122.7092,3,0,8,1,0,0,1,165,0,2.0000,-1,10,15,23,0,48,0,0,0,0
122.7291,3,0,8,1,0,0,1,165,0,2.0000,-1,10,15,23,0,48,0,0,0,0
122.7488,3,0,8,1,0,0,1,165,0,2.0000,-1,10,15,23,0,48,0,0,0,0
122.7726,3,0,8,1,0,0,1,165,0,2.0000,-1,10,15,23,0,48,0,0,0,0
122.7927,3,0,8,1,0,0,1,165,0,2.0000,-1,10,15,23,0,48,0,0,0,0
122.8121,3,0,8,1,0,0,1,165,0,2.0000,-1,10,15,23,0,48,0,0,0,0
122.8348,3,0,8,1,0,0,1,165,0,2.0000,-1,10,15,23,0,48,0,0,0,0
122.8539,3,0,8,1,0,0,1,165,0,2.0000,-1,10,15,23,0,48,0,0,0,0
122.8739,3,0,8,1,0,0,1,165,0,2.0000,-1,10,15,23,0,48,0,0,0,0
122.8948,3,0,8,1,0,0,1,165,0,2.0000,-1,10,15,23,0,48,0,0,0,0
122.9173,3,0,8,1,0,0,1,165,0,2.0000,-1,10,15,23,0,48,0,0,0,0
122.9374,3,0,8,1,0,0,0,-1,1,3.0000,165,10,15,24,0,49,0,0,0,0
122.9571,3,0,8,1,0,0,0,-1,0,3.0000,-1,10,15,24,0,49,0,0,0,0
122.9792,3,0,8,1,0,0,0,-1,0,3.0000,-1,10,15,24,0,49,0,0,0,0
122.9972,3,0,8,1,0,0,0,-1,0,3.0000,-1,10,15,24,0,49,0,0,0,0
123.019,3,0,8,1,0,0,0,-1,0,3.0000,-1,10,15,24,0,49,0,0,0,0
123.0405,3,0,8,1,0,0,0,-1,0,3.0000,-1,10,15,24,0,49,0,0,0,0
123.08,3,0,8,1,0,0,0,-1,0,3.0000,-1,10,15,24,0,49,0,0,0,0
123.0955,3,0,8,1,0,0,0,-1,0,3.0000,-1,10,15,24,0,49,0,0,0,0
123.1102,3,0,8,1,0,0,0,-1,0,3.0000,-1,10,15,24,0,49,0,0,0,0
123.1273,3,0,8,1,0,0,0,-1,0,3.0000,-1,10,15,24,0,49,0,0,0,0
123.1477,3,0,8,1,0,0,0,-1,0,3.0000,-1,10,15,24,0,49,0,0,0,0
123.17,3,0,8,1,0,0,0,-1,0,3.0000,-1,10,15,24,0,49,0,0,0,0
123.1915,3,0,8,1,0,0,0,-1,0,2.0000,-1,10,15,24,0,49,0,0,0,0
123.2133,3,0,8,1,0,0,0,-1,0,2.0000,-1,10,15,24,0,49,0,0,0,0
123.2324,3,0,8,1,0,0,0,-1,1,3.0000,-1,10,15,24,0,49,0,0,0,0
123.2518,3,0,8,1,0,0,0,-1,0,3.0000,-1,10,15,24,0,49,0,0,0,0
123.2725,3,0,8,1,0,0,0,-1,0,3.0000,-1,10,15,24,0,49,0,0,0,0
123.2931,3,0,8,0,0,0,0,-1,0,3.0000,-1,10,15,24,0,49,0,0,0,0
123.3165,3,0,8,0,0,0,0,-1,0,3.0000,-1,10,15,24,0,49,0,0,0,0
123.3363,3,0,8,0,0,0,0,-1,0,3.0000,-1,10,15,24,0,49,0,0,0,0
123.356,3,0,8,0,0,0,0,-1,0,3.0000,-1,10,15,24,0,49,0,0,0,0
123.3769,3,0,8,0,0,0,0,-1,0,3.0000,-1,10,15,24,0,49,0,0,0,0
123.3994,3,0,8,0,0,0,0,-1,0,3.0000,-1,10,15,24,0,49,0,0,0,0
123.4186,3,0,8,0,0,0,0,-1,1,4.0000,-1,10,15,24,0,49,0,0,0,0
123.4402,3,0,8,0,0,0,0,-1,0,4.0000,-1,10,15,24,0,49,0,0,0,0
123.4581,3,0,8,0,0,0,0,-1,0,4.0000,-1,10,15,24,0,49,0,0,0,0
123.4984,3,0,8,0,0,0,0,-1,0,3.0000,-1,10,15,24,0,49,0,0,0,0
123.5119,3,0,8,0,0,0,0,-1,0,3.0000,-1,10,15,24,0,49,0,0,0,0
123.5246,3,0,8,0,0,0,0,-1,0,3.0000,-1,10,15,24,0,49,0,0,0,0
123.5445,3,0,8,0,0,0,0,-1,0,3.0000,-1,10,15,24,0,49,0,0,0,0
123.5672,3,0,8,0,0,0,0,-1,0,3.0000,-1,10,15,24,0,49,0,0,0,0
123.5874,3,0,8,0,0,0,0,-1,0,3.0000,-1,10,15,24,0,49,0,0,0,0
123.6075,3,0,8,0,0,0,0,-1,0,3.0000,-1,10,15,24,0,49,0,0,0,0
123.6285,3,0,8,0,0,0,0,-1,1,4.0000,-1,10,15,24,0,49,0,0,0,0
123.6494,3,0,8,0,0,0,0,-1,0,4.0000,-1,10,15,24,0,49,0,0,0,0
123.6704,3,0,8,0,0,0,0,-1,0,4.0000,-1,10,15,24,0,49,0,0,0,0
123.709,3,0,8,0,0,0,0,-1,0,4.0000,-1,10,15,24,0,49,0,0,0,0
123.7206,3,0,8,0,0,0,1,168,0,4.0000,-1,10,15,24,0,49,0,0,0,0
123.735,3,0,8,0,0,0,1,168,0,4.0000,-1,10,15,24,0,49,0,0,0,0
123.7554,3,0,8,0,0,0,1,168,0,4.0000,-1,10,15,24,0,49,0,0,0,0
123.7778,3,0,8,0,0,0,1,168,0,4.0000,-1,10,15,24,0,49,0,0,0,0
123.7975,3,0,8,0,0,0,1,168,0,4.0000,-1,10,15,24,0,49,0,0,0,0
123.8174,3,0,8,0,0,0,1,168,0,4.0000,-1,10,15,24,0,49,0,0,0,0
123.8382,3,0,8,0,0,0,1,168,0,4.0000,-1,10,15,24,0,49,0,0,0,0
123.8594,3,0,8,0,0,0,1,168,0,4.0000,-1,10,15,24,0,49,0,0,0,0
123.8798,3,0,8,0,0,0,1,168,0,4.0000,-1,10,15,24,0,49,0,0,0,0
123.9004,3,0,8,0,0,0,1,168,0,4.0000,-1,10,15,24,0,49,0,0,0,0
123.9211,3,0,8,0,0,0,1,168,0,4.0000,-1,10,15,24,0,49,0,0,0,0
123.9445,3,0,8,0,0,0,1,168,0,3.0000,-1,10,15,24,0,49,0,0,0,0
123.963,3,0,8,0,0,0,1,168,0,3.0000,-1,10,15,24,0,49,0,0,0,0
123.9833,3,0,8,0,0,0,1,168,0,3.0000,-1,10,15,24,0,49,0,0,0,0
124.0036,3,0,8,0,0,0,1,168,0,3.0000,-1,10,15,24,0,49,0,0,0,0
124.0248,3,0,8,0,0,0,1,168,1,4.0000,-1,10,15,24,0,49,0,0,0,0
124.0453,3,0,8,0,0,0,0,-1,0,4.0000,168,10,15,25,0,50,0,0,0,0
124.0669,3,0,8,0,0,0,0,-1,0,4.0000,-1,10,15,25,0,50,0,0,0,0
124.0885,3,0,8,0,0,0,0,-1,0,4.0000,-1,10,15,25,0,50,0,0,0,0
124.1267,3,0,8,0,0,0,0,-1,0,4.0000,-1,10,15,25,0,50,0,0,0,0
124.1396,3,0,8,0,0,0,0,-1,0,4.0000,-1,10,15,25,0,50,0,0,0,0
124.1535,3,0,8,0,0,0,0,-1,0,4.0000,-1,10,15,25,0,50,0,0,0,0
124.1743,3,0,8,0,0,0,0,-1,0,4.0000,-1,10,15,25,0,50,0,0,0,0
124.1944,3,0,8,0,0,0,0,-1,0,4.0000,-1,10,15,25,0,50,0,0,0,0
124.2148,3,0,8,0,0,0,0,-1,0,4.0000,-1,10,15,25,0,50,0,0,0,0
124.2347,3,0,8,0,0,0,0,-1,0,3.0000,-1,10,15,25,0,50,0,0,0,0
124.2558,3,0,8,0,0,0,0,-1,0,3.0000,-1,10,15,25,0,50,0,0,0,0
124.2778,3,0,8,0,0,0,0,-1,0,3.0000,-1,10,15,25,0,50,0,0,0,0
124.2975,3,0,8,0,0,0,0,-1,0,3.0000,-1,10,15,25,0,50,0,0,0,0
124.3346,3,0,8,0,0,0,0,-1,0,3.0000,-1,10,15,25,0,50,0,0,0,0
124.3468,3,0,8,0,0,0,1,166,0,3.0000,-1,10,15,25,0,50,0,0,0,0
124.3601,3,0,8,0,0,0,1,166,0,3.0000,-1,10,15,25,0,50,0,0,0,0
124.3811,3,0,8,0,0,0,1,166,0,3.0000,-1,10,15,25,0,50,0,0,0,0
124.4019,3,0,8,0,0,0,1,166,0,3.0000,-1,10,15,25,0,50,0,0,0,0
124.4229,3,0,8,0,0,0,1,166,0,2.0000,-1,10,15,25,0,50,0,0,0,0
124.445,3,0,8,0,0,0,1,166,0,2.0000,-1,10,15,25,0,50,0,0,0,0
124.4661,3,0,8,0,0,0,0,-1,0,2.0000,166,10,15,26,0,51,0,0,0,0
124.4851,3,0,8,0,0,0,0,-1,0,2.0000,-1,10,15,26,0,51,0,0,0,0
124.5067,3,0,8,0,0,0,0,-1,0,2.0000,-1,10,15,26,0,51,0,0,0,0
124.5464,3,0,8,0,0,0,0,-1,1,3.0000,-1,10,15,26,0,51,0,0,0,0
124.5586,3,0,8,0,0,0,0,-1,0,3.0000,-1,10,15,26,0,51,0,0,0,0
124.5727,3,0,8,0,0,0,0,-1,0,3.0000,-1,10,15,26,0,51,0,0,0,0
124.5924,3,0,8,0,0,0,0,-1,0,3.0000,-1,10,15,26,0,51,0,0,0,0
124.6139,3,0,8,0,0,0,0,-1,0,3.0000,-1,10,15,26,0,51,0,0,0,0
124.6342,3,0,8,0,0,0,0,-1,0,2.0000,-1,10,15,26,0,51,0,0,0,0
124.6553,3,0,8,0,0,0,0,-1,0,2.0000,-1,10,15,26,0,51,0,0,0,0
124.6777,3,0,8,0,0,0,0,-1,0,2.0000,-1,10,15,26,0,51,0,0,0,0
124.6983,3,0,8,0,0,0,0,-1,0,2.0000,-1,10,15,26,0,51,0,0,0,0
124.7174,3,0,8,0,0,0,0,-1,0,2.0000,-1,10,15,26,0,51,0,0,0,0
124.7568,3,0,8,0,0,0,0,-1,0,2.0000,-1,10,15,26,0,51,0,0,0,0
124.7696,3,0,8,0,0,0,0,-1,0,2.0000,-1,10,15,26,0,51,0,0,0,0
124.7838,3,0,8,0,0,0,0,-1,0,2.0000,-1,10,15,26,0,51,0,0,0,0
124.8028,3,0,8,0,0,0,0,-1,1,3.0000,-1,10,15,26,0,51,0,0,0,0
124.8238,3,0,8,0,0,0,0,-1,0,3.0000,-1,10,15,26,0,51,0,0,0,0
124.8451,3,0,8,0,0,0,0,-1,0,3.0000,-1,10,15,26,0,51,0,0,0,0
124.8662,3,0,8,0,0,0,0,-1,0,3.0000,-1,10,15,26,0,51,0,0,0,0
124.8884,3,0,8,0,0,0,0,-1,0,3.0000,-1,10,15,26,0,51,0,0,0,0
124.9098,3,0,8,0,0,0,0,-1,0,3.0000,-1,10,15,26,0,51,0,0,0,0
124.9305,3,0,8,0,0,0,0,-1,0,3.0000,-1,10,15,26,0,51,0,0,0,0
124.9492,3,0,8,0,0,0,0,-1,0,3.0000,-1,10,15,26,0,51,0,0,0,0
124.9707,3,0,8,0,0,0,0,-1,0,3.0000,-1,10,15,26,0,51,0,0,0,0
124.9913,3,0,8,0,0,0,0,-1,1,4.0000,-1,10,15,26,0,51,0,0,0,0
125.0118,3,0,8,0,0,0,0,-1,0,4.0000,-1,10,15,26,0,51,0,0,0,0
125.0344,3,0,8,0,0,0,0,-1,0,3.0000,-1,10,15,26,0,51,0,0,0,0
125.0513,3,0,8,0,0,0,0,-1,0,3.0000,-1,10,15,26,0,51,0,0,0,0
125.0736,3,0,8,0,0,0,0,-1,0,3.0000,-1,10,15,26,0,51,0,0,0,0
125.0959,3,0,8,0,0,0,0,-1,0,3.0000,-1,10,15,26,0,51,0,0,0,0
125.1169,3,0,8,0,0,0,0,-1,0,3.0000,-1,10,15,26,0,51,0,0,0,0
125.1381,3,0,8,0,0,0,0,-1,0,3.0000,-1,10,15,26,0,51,0,0,0,0
125.1573,3,0,8,0,0,0,0,-1,0,3.0000,-1,10,15,26,0,51,0,0,0,0
125.1781,3,0,8,0,0,0,0,-1,0,3.0000,-1,10,15,26,0,51,0,0,0,0
125.2014,3,0,8,0,0,0,0,-1,0,3.0000,-1,10,15,26,0,51,0,0,0,0
125.2201,3,0,8,0,0,0,0,-1,0,3.0000,-1,10,15,26,0,51,0,0,0,0
125.2389,3,0,8,0,0,0,0,-1,0,3.0000,-1,10,15,26,0,51,0,0,0,0
125.2596,3,0,8,0,0,0,0,-1,0,3.0000,-1,10,15,26,0,51,0,0,0,0
125.2789,3,0,8,0,0,0,0,-1,0,3.0000,-1,10,15,26,0,51,0,0,0,0
125.2998,3,0,8,0,0,0,0,-1,0,3.0000,-1,10,15,26,0,51,0,0,0,0
125.3235,3,0,8,0,0,0,0,-1,0,3.0000,-1,10,15,26,0,51,0,0,0,0
125.3401,3,0,8,0,0,0,0,-1,0,3.0000,-1,10,15,26,0,51,0,0,0,0
125.3601,3,0,8,0,0,0,0,-1,0,3.0000,-1,10,15,26,0,51,0,0,0,0
125.3799,3,0,8,0,0,0,0,-1,1,4.0000,-1,10,15,26,0,51,0,0,0,0
125.4,3,0,8,0,0,0,0,-1,0,4.0000,-1,10,15,26,0,51,0,0,0,0
125.4216,3,0,8,0,0,0,0,-1,0,4.0000,-1,10,15,26,0,51,0,0,0,0
125.4408,3,0,8,0,0,0,0,-1,0,4.0000,-1,10,15,26,0,51,0,0,0,0
125.4602,3,0,8,0,0,0,0,-1,0,4.0000,-1,10,15,26,0,51,0,0,0,0
125.4801,3,0,8,0,0,0,0,-1,0,4.0000,-1,10,15,26,0,51,0,0,0,0
125.5005,3,0,8,0,0,0,0,-1,0,4.0000,-1,10,15,26,0,51,0,0,0,0
125.5216,3,0,8,0,0,0,0,-1,0,4.0000,-1,10,15,26,0,51,0,0,0,0
125.5444,3,0,8,0,0,0,0,-1,0,4.0000,-1,10,15,26,0,51,0,0,0,0
125.5805,3,0,8,0,0,0,0,-1,0,3.0000,-1,10,15,26,0,51,0,0,0,0
125.5945,3,0,8,0,0,0,0,-1,0,3.0000,-1,10,15,26,0,51,0,0,0,0
125.6088,3,0,8,0,0,0,1,171,0,3.0000,-1,10,15,26,0,51,0,0,0,0
125.6262,3,0,8,0,0,0,1,171,0,3.0000,-1,10,15,26,0,51,0,0,0,0
125.6467,3,0,8,0,0,0,1,171,0,3.0000,-1,10,15,26,0,51,0,0,0,0
125.6673,3,0,8,0,0,0,1,171,1,4.0000,-1,10,15,26,0,51,0,0,0,0
125.6885,3,0,8,0,0,0,0,-1,0,4.0000,-1,10,15,26,0,51,0,0,0,0
125.71,3,0,8,0,0,0,0,-1,0,4.0000,-1,10,15,26,0,51,0,0,0,0
125.7277,3,0,8,0,0,0,0,-1,0,4.0000,-1,10,15,26,0,51,0,0,0,0
125.7477,3,0,8,0,0,0,0,-1,0,4.0000,-1,10,15,26,0,51,0,0,0,0
125.7679,3,0,8,0,0,0,0,-1,0,4.0000,-1,10,15,26,0,51,0,0,0,0
125.7886,3,0,8,0,0,0,0,-1,0,4.0000,-1,10,15,26,0,51,0,0,0,0
125.8112,3,0,8,0,0,0,0,-1,0,3.0000,-1,10,15,26,0,51,0,0,0,0
125.8283,3,0,8,0,0,0,0,-1,0,3.0000,-1,10,15,26,0,51,0,0,0,0
125.8478,3,0,8,0,0,0,0,-1,0,3.0000,-1,10,15,26,0,51,0,0,0,0
125.8691,3,0,8,0,0,0,0,-1,0,3.0000,-1,10,15,26,0,51,0,0,0,0
125.8896,3,0,8,0,0,0,0,-1,0,3.0000,-1,10,15,26,0,51,0,0,0,0
125.912,3,0,8,0,0,0,0,-1,0,3.0000,-1,10,15,26,0,51,0,0,0,0
125.9333,3,0,8,0,0,0,0,-1,0,3.0000,-1,10,15,26,0,51,0,0,0,0
125.9518,3,0,8,0,0,0,0,-1,0,3.0000,-1,10,15,26,0,51,0,0,0,0
125.9903,3,0,8,0,0,0,0,-1,0,3.0000,-1,10,15,26,0,51,0,0,0,0
126.0016,3,0,8,0,0,0,0,-1,0,2.0000,-1,10,15,26,0,51,0,0,0,0
126.0154,3,0,8,0,0,0,0,-1,0,2.0000,-1,10,15,26,0,51,0,0,0,0
126.0367,3,0,8,0,0,0,0,-1,0,2.0000,-1,10,15,26,0,51,0,0,0,0
126.0571,3,0,8,0,0,0,0,-1,0,2.0000,-1,10,15,26,0,51,0,0,0,0
126.0787,3,0,8,0,0,0,0,-1,0,2.0000,-1,10,15,26,0,51,0,0,0,0
126.0992,3,0,8,0,0,0,0,-1,0,2.0000,-1,10,15,26,0,51,0,0,0,0
126.1211,3,0,8,0,0,0,0,-1,0,2.0000,-1,10,15,26,0,51,0,0,0,0
126.1414,3,0,8,1,0,0,0,-1,1,3.0000,-1,10,15,26,0,51,0,0,0,0
126.1626,3,0,8,1,0,0,0,-1,0,3.0000,-1,10,15,26,0,51,0,0,0,0
126.2014,3,0,8,1,0,0,0,-1,0,3.0000,-1,10,15,26,0,51,0,0,0,0
126.2135,3,0,8,1,0,0,0,-1,0,3.0000,-1,10,15,26,0,51,0,0,0,0
126.2263,3,0,8,1,0,0,0,-1,0,3.0000,-1,10,15,26,0,51,0,0,0,0
126.2476,3,0,8,1,0,0,0,-1,0,3.0000,-1,10,15,26,0,51,0,0,0,0
126.2684,3,0,8,1,0,0,0,-1,0,3.0000,-1,10,15,26,0,51,0,0,0,0
126.2889,3,0,8,1,0,0,0,-1,0,3.0000,-1,10,15,26,0,51,0,0,0,0
126.3096,3,0,8,1,0,0,0,-1,0,3.0000,-1,10,15,26,0,51,0,0,0,0
126.3313,3,0,8,1,0,0,0,-1,0,3.0000,-1,10,15,26,0,51,0,0,0,0
126.3503,3,0,8,1,0,0,0,-1,1,4.0000,-1,10,15,26,0,51,0,0,0,0
126.3706,3,0,8,1,0,0,0,-1,0,4.0000,-1,10,15,26,0,51,0,0,0,0
126.3918,3,0,8,1,0,0,0,-1,0,3.0000,-1,10,15,26,0,51,0,0,0,0
126.4125,3,0,8,1,0,0,0,-1,0,3.0000,-1,10,15,26,0,51,0,0,0,0
126.4336,3,0,8,1,0,0,0,-1,0,3.0000,-1,10,15,26,0,51,0,0,0,0
126.4556,3,0,8,1,0,0,0,-1,0,3.0000,-1,10,15,26,0,51,0,0,0,0
126.4762,3,0,8,1,0,0,0,-1,0,3.0000,-1,10,15,26,0,51,0,0,0,0
126.4945,3,0,8,1,0,0,0,-1,0,3.0000,-1,10,15,26,0,51,0,0,0,0
126.517,3,0,8,1,0,0,0,-1,1,4.0000,-1,10,15,26,0,51,0,0,0,0
126.5353,3,0,8,1,0,0,0,-1,0,4.0000,-1,10,15,26,0,51,0,0,0,0
126.5594,3,0,8,1,0,0,0,-1,0,4.0000,-1,10,15,26,0,51,0,0,0,0
126.5779,3,0,8,1,0,0,0,-1,0,4.0000,-1,10,15,26,0,51,0,0,0,0
126.6151,3,0,8,1,0,0,0,-1,0,4.0000,-1,10,15,26,0,51,0,0,0,0
126.6268,3,0,8,1,0,0,0,-1,0,4.0000,-1,10,15,26,0,51,0,0,0,0
126.6412,3,0,8,1,0,0,0,-1,0,4.0000,-1,10,15,26,0,51,0,0,0,0
126.6605,3,0,8,1,0,0,0,-1,0,4.0000,-1,10,15,26,0,51,0,0,0,0
126.6816,3,0,8,1,0,0,0,-1,0,3.0000,-1,10,15,26,0,51,0,0,0,0
126.7023,3,0,8,1,0,0,0,-1,0,3.0000,-1,10,15,26,0,51,0,0,0,0
126.7231,3,0,8,1,0,0,0,-1,0,3.0000,-1,10,15,26,0,51,0,0,0,0
126.7455,3,0,8,1,0,0,0,-1,0,3.0000,-1,10,15,26,0,51,0,0,0,0
126.7627,3,0,8,1,0,0,0,-1,0,3.0000,-1,10,15,26,0,51,0,0,0,0
126.7821,3,0,8,1,0,0,0,-1,0,3.0000,-1,10,15,26,0,51,0,0,0,0
126.8023,3,0,8,1,0,0,0,-1,0,3.0000,-1,10,15,26,0,51,0,0,0,0
126.8223,3,0,8,1,0,0,0,-1,0,3.0000,-1,10,15,26,0,51,0,0,0,0
126.8429,3,0,8,1,0,0,0,-1,0,3.0000,-1,10,15,26,0,51,0,0,0,0
126.8646,3,0,8,1,1,0,0,-1,0,3.0000,-1,10,15,26,0,51,0,0,0,0
126.8826,3,0,8,1,1,0,0,-1,1,4.0000,-1,10,15,26,0,51,0,0,0,0
126.9043,3,0,8,1,1,0,0,-1,0,4.0000,-1,10,15,26,0,51,0,0,0,0
126.9244,3,0,8,1,1,0,0,-1,0,4.0000,-1,10,15,26,0,51,0,0,0,0
126.9452,3,0,8,1,1,0,0,-1,0,4.0000,-1,10,15,26,0,51,0,0,0,0
126.9658,3,0,8,1,1,0,0,-1,0,4.0000,-1,10,15,26,0,51,0,0,0,0
126.9892,3,0,8,1,1,0,0,-1,0,4.0000,-1,10,15,26,0,51,0,0,0,0
127.0065,3,0,8,1,1,0,0,-1,0,4.0000,-1,10,15,26,0,51,0,0,0,0
127.0275,3,0,8,1,1,0,0,-1,0,4.0000,-1,10,15,26,0,51,0,0,0,0
127.047,3,0,8,1,1,0,0,-1,0,4.0000,-1,10,15,26,0,51,0,0,0,0
127.0676,3,0,8,1,1,0,0,-1,1,5.0000,-1,10,15,26,0,51,0,0,0,0
127.0885,3,0,8,1,1,0,0,-1,0,5.0000,-1,10,15,26,0,51,0,0,0,0
127.1109,3,0,8,1,1,0,0,-1,0,5.0000,-1,10,15,26,0,51,0,0,0,0
127.1289,3,0,8,1,1,0,0,-1,0,5.0000,-1,10,15,26,0,51,0,0,0,0
127.1489,3,0,8,1,1,0,0,-1,0,4.0000,-1,10,15,26,0,51,0,0,0,0
127.1696,3,0,8,1,1,0,0,-1,0,4.0000,-1,10,15,26,0,51,0,0,0,0
127.1899,3,0,8,1,1,0,0,-1,0,4.0000,-1,10,15,26,0,51,0,0,0,0
127.2112,3,0,8,1,1,0,0,-1,0,4.0000,-1,10,15,26,0,51,0,0,0,0
127.2331,3,0,8,1,1,0,0,-1,0,4.0000,-1,10,15,26,0,51,0,0,0,0
127.2529,3,0,8,1,1,0,0,-1,0,4.0000,-1,10,15,26,0,51,0,0,0,0
127.272,3,0,8,1,1,0,0,-1,0,4.0000,-1,10,15,26,0,51,0,0,0,0
127.2935,3,0,8,1,1,0,0,-1,0,4.0000,-1,10,15,26,0,51,0,0,0,0
127.3138,3,0,8,1,1,0,0,-1,0,4.0000,-1,10,15,26,0,51,0,0,0,0
127.334,3,0,8,1,1,0,0,-1,0,4.0000,-1,10,15,26,0,51,0,0,0,0
127.355,3,0,8,1,1,0,0,-1,0,3.0000,-1,10,15,26,0,51,0,0,0,0
127.3765,3,0,8,1,1,0,0,-1,0,3.0000,-1,10,15,26,0,51,0,0,0,0
127.3974,3,0,8,1,1,0,0,-1,0,3.0000,-1,10,15,26,0,51,0,0,0,0
127.4157,3,0,8,1,1,0,0,-1,0,3.0000,-1,10,15,26,0,51,0,0,0,0
127.4358,3,0,8,1,1,0,1,174,0,3.0000,-1,10,15,26,0,51,0,0,0,0
127.4568,3,0,8,1,0,0,1,174,0,3.0000,-1,10,15,26,0,51,0,0,0,0
127.4774,3,0,8,1,0,0,1,174,0,3.0000,-1,10,15,26,0,51,0,0,0,0
127.4984,3,0,8,1,0,0,1,174,0,3.0000,-1,10,15,26,0,51,0,0,0,0
127.5193,3,0,8,1,0,0,1,174,0,2.0000,-1,10,15,26,0,51,0,0,0,0
127.5387,3,0,8,1,0,0,1,174,0,2.0000,-1,10,15,26,0,51,0,0,0,0
127.5604,3,0,8,1,0,0,1,174,0,2.0000,-1,10,15,26,0,51,0,0,0,0
127.58,3,0,8,1,0,0,1,174,0,2.0000,-1,10,15,26,0,51,0,0,0,0
127.6008,3,0,8,1,0,0,1,174,0,2.0000,-1,10,15,26,0,51,0,0,0,0
127.6408,3,0,8,1,0,0,1,174,0,2.0000,-1,10,15,26,0,51,0,0,0,0
127.6522,3,0,8,1,0,0,1,174,0,2.0000,-1,10,15,26,0,51,0,0,0,0
127.6671,3,0,8,1,0,0,1,174,0,2.0000,-1,10,15,26,0,51,0,0,0,0
127.6882,3,0,8,1,0,0,1,174,1,3.0000,-1,10,15,26,0,51,0,0,0,0
127.7098,3,0,8,1,0,0,1,174,0,3.0000,-1,10,15,26,0,51,0,0,0,0
127.7305,3,0,8,1,0,0,0,-1,0,3.0000,174,10,15,27,0,52,0,0,0,0
127.7513,3,0,8,1,0,0,0,-1,0,3.0000,-1,10,15,27,0,52,0,0,0,0
127.7716,3,0,8,1,0,0,0,-1,0,3.0000,-1,10,15,27,0,52,0,0,0,0
127.7932,3,0,8,1,0,0,0,-1,1,4.0000,-1,10,15,27,0,52,0,0,0,0
127.8143,3,0,8,1,0,0,0,-1,0,4.0000,-1,10,15,27,0,52,0,0,0,0
127.8531,3,0,8,1,0,0,0,-1,0,4.0000,-1,10,15,27,0,52,0,0,0,0
127.8664,3,0,8,1,0,0,0,-1,0,4.0000,-1,10,15,27,0,52,0,0,0,0
127.8803,3,0,8,1,0,0,0,-1,0,4.0000,-1,10,15,27,0,52,0,0,0,0
127.9003,3,0,8,1,0,0,0,-1,0,3.0000,-1,10,15,27,0,52,0,0,0,0
127.9214,3,0,8,1,0,0,0,-1,0,3.0000,-1,10,15,27,0,52,0,0,0,0
127.9433,3,0,8,1,0,0,0,-1,0,3.0000,-1,10,15,27,0,52,0,0,0,0
127.9636,3,0,8,1,0,0,0,-1,0,3.0000,-1,10,15,27,0,52,0,0,0,0
127.984,3,0,8,0,0,0,0,-1,0,3.0000,-1,10,15,27,0,52,0,0,0,0
128.0051,3,0,8,0,0,0,0,-1,0,3.0000,-1,10,15,27,0,52,0,0,0,0
128.0235,3,0,8,0,0,0,0,-1,0,3.0000,-1,10,15,27,0,52,0,0,0,0
128.0631,3,0,8,0,0,0,0,-1,0,3.0000,-1,10,15,27,0,52,0,0,0,0
128.0748,3,0,8,0,0,0,0,-1,0,2.0000,-1,10,15,27,0,52,0,0,0,0
128.0884,3,0,8,0,0,0,0,-1,0,2.0000,-1,10,15,27,0,52,0,0,0,0
128.1089,3,0,8,0,0,0,0,-1,1,3.0000,-1,10,15,27,0,52,0,0,0,0
128.1293,3,0,8,0,0,0,0,-1,0,3.0000,-1,10,15,27,0,52,0,0,0,0
128.1493,3,0,8,0,0,0,0,-1,0,3.0000,-1,10,15,27,0,52,0,0,0,0
128.169,3,0,8,0,0,0,0,-1,0,3.0000,-1,10,15,27,0,52,0,0,0,0
128.1888,3,0,8,0,0,0,0,-1,0,3.0000,-1,10,15,27,0,52,0,0,0,0
128.2097,3,0,8,0,0,0,0,-1,0,3.0000,-1,10,15,27,0,52,0,0,0,0
128.2304,3,0,8,0,0,0,0,-1,0,3.0000,-1,10,15,27,0,52,0,0,0,0
128.2486,3,0,8,0,0,0,0,-1,0,3.0000,-1,10,15,27,0,52,0,0,0,0
128.2699,3,0,8,0,0,0,0,-1,0,3.0000,-1,10,15,27,0,52,0,0,0,0
128.2889,3,0,8,0,0,0,0,-1,0,3.0000,-1,10,15,27,0,52,0,0,0,0
128.3105,3,0,8,0,0,0,0,-1,0,3.0000,-1,10,15,27,0,52,0,0,0,0
128.3302,3,0,8,0,0,0,0,-1,0,3.0000,-1,10,15,27,0,52,0,0,0,0
128.3495,3,0,8,0,0,0,0,-1,0,3.0000,-1,10,15,27,0,52,0,0,0,0
128.368,3,0,8,0,0,0,0,-1,0,3.0000,-1,10,15,27,0,52,0,0,0,0
128.3887,3,0,8,0,0,0,0,-1,1,4.0000,-1,10,15,27,0,52,0,0,0,0
128.4096,3,0,8,0,0,0,0,-1,0,4.0000,-1,10,15,27,0,52,0,0,0,0
128.4287,3,0,8,0,0,0,0,-1,0,4.0000,-1,10,15,27,0,52,0,0,0,0
128.4483,3,0,8,0,0,0,0,-1,1,5.0000,-1,10,15,27,0,52,0,0,0,0
128.4666,3,0,8,0,0,0,0,-1,0,5.0000,-1,10,15,27,0,52,0,0,0,0
128.4878,3,0,8,0,0,0,0,-1,0,5.0000,-1,10,15,27,0,52,0,0,0,0
128.5086,3,0,8,0,0,0,0,-1,0,5.0000,-1,10,15,27,0,52,0,0,0,0
128.5273,3,0,8,0,0,0,0,-1,0,5.0000,-1,10,15,27,0,52,0,0,0,0
128.5467,3,0,8,0,0,0,0,-1,0,5.0000,-1,10,15,27,0,52,0,0,0,0
128.5661,3,0,8,0,0,0,0,-1,0,5.0000,-1,10,15,27,0,52,0,0,0,0
128.5874,3,0,8,0,0,0,0,-1,1,6.0000,-1,10,15,27,0,52,0,0,0,0
128.6074,3,0,8,0,0,0,0,-1,1,7.0000,-1,10,15,27,0,52,0,0,0,0
128.6254,3,0,8,0,0,0,0,-1,0,7.0000,-1,10,15,27,0,52,0,0,0,0
128.6456,3,0,8,0,0,0,0,-1,0,7.0000,-1,10,15,27,0,52,0,0,0,0
128.667,3,0,8,0,0,0,0,-1,0,7.0000,-1,10,15,27,0,52,0,0,0,0
128.6855,3,0,8,0,0,0,0,-1,0,7.0000,-1,10,15,27,0,52,0,0,0,0
128.7061,3,0,8,0,0,0,0,-1,0,6.0000,-1,10,15,27,0,52,0,0,0,0
128.7223,3,0,8,0,0,0,0,-1,0,6.0000,-1,10,15,27,0,52,0,0,0,0
128.7442,3,0,8,0,0,0,0,-1,0,6.0000,-1,10,15,27,0,52,0,0,0,0
128.7637,3,0,8,0,0,0,0,-1,0,6.0000,-1,10,15,27,0,52,0,0,0,0
128.7823,3,0,8,0,0,0,0,-1,0,6.0000,-1,10,15,27,0,52,0,0,0,0
128.8013,3,0,8,0,0,0,0,-1,0,5.0000,-1,10,15,27,0,52,0,0,0,0
128.8204,3,0,8,0,0,0,0,-1,0,5.0000,-1,10,15,27,0,52,0,0,0,0
128.8391,3,0,8,0,0,0,0,-1,0,5.0000,-1,10,15,27,0,52,0,0,0,0
128.8588,3,0,8,0,0,0,0,-1,0,5.0000,-1,10,15,27,0,52,0,0,0,0
128.8787,3,0,8,0,0,0,0,-1,0,5.0000,-1,10,15,27,0,52,0,0,0,0
128.8973,3,0,8,0,0,0,0,-1,0,5.0000,-1,10,15,27,0,52,0,0,0,0
128.9159,3,0,8,0,0,0,1,177,0,5.0000,-1,10,15,27,0,52,0,0,0,0
128.9339,3,0,8,0,0,0,1,177,0,5.0000,-1,10,15,27,0,52,0,0,0,0
128.9556,3,0,8,0,0,0,1,177,0,5.0000,-1,10,15,27,0,52,0,0,0,0
128.9754,3,0,8,0,0,0,1,177,0,5.0000,-1,10,15,27,0,52,0,0,0,0
128.9955,3,0,8,0,0,0,1,177,0,5.0000,-1,10,15,27,0,52,0,0,0,0
129.0126,3,0,8,0,0,0,1,177,0,5.0000,-1,10,15,27,0,52,0,0,0,0
129.0324,3,0,8,0,0,0,1,177,0,5.0000,-1,10,15,27,0,52,0,0,0,0
129.053,3,0,8,0,0,0,1,177,0,5.0000,-1,10,15,27,0,52,0,0,0,0
129.073,3,0,8,0,0,0,1,177,1,6.0000,-1,10,15,27,0,52,0,0,0,0
129.0908,3,0,8,0,0,0,1,177,0,6.0000,-1,10,15,27,0,52,0,0,0,0
129.131,3,0,8,0,0,0,0,-1,0,5.0000,-1,10,15,27,0,52,0,0,0,0
129.1447,3,0,8,0,0,0,0,-1,0,5.0000,-1,10,15,27,0,52,0,0,0,0
129.1579,3,0,8,0,0,0,0,-1,0,5.0000,-1,10,15,27,0,52,0,0,0,0
129.1773,3,0,8,0,0,0,0,-1,0,5.0000,-1,10,15,27,0,52,0,0,0,0
129.199,3,0,8,0,0,0,0,-1,0,5.0000,-1,10,15,27,0,52,0,0,0,0
129.2189,3,0,8,0,0,0,0,-1,0,5.0000,-1,10,15,27,0,52,0,0,0,0
129.2365,3,0,8,0,0,0,0,-1,1,6.0000,-1,10,15,27,0,52,0,0,0,0
129.256,3,0,8,0,0,0,0,-1,0,6.0000,-1,10,15,27,0,52,0,0,0,0
129.2785,3,0,8,0,0,0,0,-1,0,6.0000,-1,10,15,27,0,52,0,0,0,0
129.2988,3,0,8,0,0,0,0,-1,1,7.0000,-1,10,15,27,0,52,0,0,0,0
129.3353,3,0,8,0,0,0,0,-1,0,7.0000,-1,10,15,27,0,52,0,0,0,0
129.3494,3,0,8,0,0,0,0,-1,0,7.0000,-1,10,15,27,0,52,0,0,0,0
129.3631,3,0,8,0,0,0,0,-1,0,7.0000,-1,10,15,27,0,52,0,0,0,0
129.3801,3,0,8,0,0,0,0,-1,0,7.0000,-1,10,15,27,0,52,0,0,0,0
129.4003,3,0,8,0,0,0,0,-1,0,6.0000,-1,10,15,27,0,52,0,0,0,0
129.4202,3,0,8,0,0,0,0,-1,0,6.0000,-1,10,15,27,0,52,0,0,0,0
129.4385,3,0,8,0,0,0,0,-1,1,7.0000,-1,10,15,27,0,52,0,0,0,0
129.4591,3,0,8,0,0,0,0,-1,0,6.0000,-1,10,15,27,0,52,0,0,0,0
129.4768,3,0,8,0,0,0,0,-1,0,6.0000,-1,10,15,27,0,52,0,0,0,0
129.4985,3,0,8,0,0,0,0,-1,0,6.0000,-1,10,15,27,0,52,0,0,0,0
129.5171,3,0,8,0,0,0,0,-1,0,6.0000,-1,10,15,27,0,52,0,0,0,0
129.5373,3,0,8,0,0,0,0,-1,0,6.0000,-1,10,15,27,0,52,0,0,0,0
129.5558,3,0,8,0,0,0,0,-1,0,6.0000,-1,10,15,27,0,52,0,0,0,0
129.5781,3,0,8,0,0,0,0,-1,0,6.0000,-1,10,15,27,0,52,0,0,0,0
129.5974,3,0,8,0,0,0,0,-1,0,5.0000,-1,10,15,27,0,52,0,0,0,0
129.6159,3,0,8,0,0,0,0,-1,0,4.0000,-1,10,15,27,0,52,0,0,0,0
129.6351,3,0,8,0,0,0,0,-1,0,4.0000,-1,10,15,27,0,52,0,0,0,0
129.6564,3,0,8,0,0,0,0,-1,0,4.0000,-1,10,15,27,0,52,0,0,0,0
129.677,3,0,8,0,0,0,0,-1,0,4.0000,-1,10,15,27,0,52,0,0,0,0
129.6968,3,0,8,0,0,0,0,-1,0,4.0000,-1,10,15,27,0,52,0,0,0,0
129.7166,3,0,8,0,0,0,0,-1,0,4.0000,-1,10,15,27,0,52,0,0,0,0
129.7339,3,0,8,0,0,0,0,-1,0,4.0000,-1,10,15,27,0,52,0,0,0,0
129.7549,3,0,8,0,0,0,0,-1,0,4.0000,-1,10,15,27,0,52,0,0,0,0
129.7757,3,0,8,0,0,0,0,-1,0,4.0000,-1,10,15,27,0,52,0,0,0,0
129.7951,3,0,8,0,0,0,0,-1,0,4.0000,-1,10,15,27,0,52,0,0,0,0
129.8136,3,0,8,0,0,0,0,-1,1,5.0000,-1,10,15,27,0,52,0,0,0,0
129.8323,3,0,8,0,0,0,0,-1,0,5.0000,-1,10,15,27,0,52,0,0,0,0
129.8541,3,0,8,0,0,0,0,-1,0,5.0000,-1,10,15,27,0,52,0,0,0,0
129.8722,3,0,8,0,0,0,0,-1,0,5.0000,-1,10,15,27,0,52,0,0,0,0
129.8933,3,0,8,0,0,0,0,-1,0,5.0000,-1,10,15,27,0,52,0,0,0,0
129.9124,3,0,8,0,0,0,0,-1,0,5.0000,-1,10,15,27,0,52,0,0,0,0
129.9333,3,0,8,0,0,0,0,-1,0,5.0000,-1,10,15,27,0,52,0,0,0,0
129.9533,3,0,8,0,0,0,0,-1,0,5.0000,-1,10,15,27,0,52,0,0,0,0
129.9717,3,0,8,0,0,0,0,-1,0,5.0000,-1,10,15,27,0,52,0,0,0,0
129.9908,3,0,8,0,0,0,0,-1,0,5.0000,-1,10,15,27,0,52,0,0,0,0
130.0094,3,0,8,0,0,0,0,-1,0,5.0000,-1,10,15,27,0,52,0,0,0,0
130.0315,3,0,8,0,0,0,0,-1,0,5.0000,-1,10,15,27,0,52,0,0,0,0
130.0512,3,0,8,0,0,0,0,-1,0,5.0000,-1,10,15,27,0,52,0,0,0,0
130.0686,3,0,8,0,0,0,0,-1,0,5.0000,-1,10,15,27,0,52,0,0,0,0
130.0896,3,0,8,0,0,0,0,-1,0,4.0000,-1,10,15,27,0,52,0,0,0,0
130.1111,3,0,8,0,0,0,0,-1,0,4.0000,-1,10,15,27,0,52,0,0,0,0
130.1308,3,0,8,0,0,0,0,-1,0,4.0000,-1,10,15,27,0,52,0,0,0,0
130.1503,3,0,8,0,0,0,0,-1,0,4.0000,-1,10,15,27,0,52,0,0,0,0
130.1673,3,0,8,0,0,0,0,-1,0,4.0000,-1,10,15,27,0,52,0,0,0,0
130.2074,3,0,8,0,0,0,0,-1,0,4.0000,-1,10,15,27,0,52,0,0,0,0
130.2202,3,0,8,0,0,0,0,-1,0,4.0000,-1,10,15,27,0,52,0,0,0,0
130.2325,3,0,8,0,0,0,0,-1,0,4.0000,-1,10,15,27,0,52,0,0,0,0
130.2529,3,0,8,0,0,0,0,-1,1,4.0000,-1,10,15,27,0,52,0,0,0,0
130.2728,3,0,8,0,0,0,0,-1,0,4.0000,-1,10,15,27,0,52,0,0,0,0
130.2943,3,0,8,0,0,0,0,-1,0,4.0000,-1,10,15,27,0,52,0,0,0,0
130.3112,3,0,8,0,0,0,0,-1,0,3.0000,-1,10,15,27,0,52,0,0,0,0
130.3321,3,0,8,0,0,0,0,-1,0,3.0000,-1,10,15,27,0,52,0,0,0,0
130.3549,3,0,8,0,0,0,0,-1,0,3.0000,-1,10,15,27,0,52,0,0,0,0
130.3735,3,0,8,0,0,0,0,-1,0,3.0000,-1,10,15,27,0,52,0,0,0,0
130.3935,3,0,8,0,0,0,0,-1,0,3.0000,-1,10,15,27,0,52,0,0,0,0
130.4105,3,0,8,0,0,0,0,-1,0,3.0000,-1,10,15,27,0,52,0,0,0,0
130.4318,3,0,8,0,0,0,0,-1,0,3.0000,-1,10,15,27,0,52,0,0,0,0
130.4521,3,0,8,0,0,0,0,-1,0,2.0000,-1,10,15,27,0,52,0,0,0,0
130.4716,3,0,8,0,0,0,0,-1,0,2.0000,-1,10,15,27,0,52,0,0,0,0
130.4901,3,0,8,0,0,0,0,-1,0,2.0000,-1,10,15,27,0,52,0,0,0,0
130.5101,3,0,8,0,0,0,0,-1,0,2.0000,-1,10,15,27,0,52,0,0,0,0
130.5293,3,0,8,0,0,0,0,-1,0,2.0000,-1,10,15,27,0,52,0,0,0,0
130.5496,3,0,8,0,0,0,0,-1,1,3.0000,-1,10,15,27,0,52,0,0,0,0
130.5677,3,0,8,0,0,0,0,-1,0,3.0000,-1,10,15,27,0,52,0,0,0,0
130.5875,3,0,8,0,0,0,0,-1,0,3.0000,-1,10,15,27,0,52,0,0,0,0
130.608,3,0,8,0,0,0,0,-1,0,3.0000,-1,10,15,27,0,52,0,0,0,0
130.6268,3,0,8,0,0,0,0,-1,0,3.0000,-1,10,15,27,0,52,0,0,0,0
130.6484,3,0,8,0,0,0,0,-1,0,3.0000,-1,10,15,27,0,52,0,0,0,0
130.6663,3,0,8,0,0,0,0,-1,0,3.0000,-1,10,15,27,0,52,0,0,0,0
130.6882,3,0,8,0,0,0,0,-1,0,3.0000,-1,10,15,27,0,52,0,0,0,0
130.7082,3,0,8,0,0,0,0,-1,0,3.0000,-1,10,15,27,0,52,0,0,0,0
130.7275,3,0,8,0,0,0,0,-1,0,3.0000,-1,10,15,27,0,52,0,0,0,0
130.7457,3,0,8,0,0,0,0,-1,0,3.0000,-1,10,15,27,0,52,0,0,0,0
130.766,3,0,8,0,0,0,0,-1,0,3.0000,-1,10,15,27,0,52,0,0,0,0
130.7879,3,0,8,0,0,0,0,-1,0,3.0000,-1,10,15,27,0,52,0,0,0,0
130.8242,3,0,8,0,0,0,0,-1,0,2.0000,-1,10,15,27,0,52,0,0,0,0
130.8368,3,0,8,0,0,0,0,-1,0,2.0000,-1,10,15,27,0,52,0,0,0,0
130.8512,3,0,8,0,0,0,0,-1,0,2.0000,-1,10,15,27,0,52,0,0,0,0
130.8708,3,0,8,0,0,0,0,-1,0,2.0000,-1,10,15,27,0,52,0,0,0,0
130.8921,3,0,8,0,0,0,0,-1,0,2.0000,-1,10,15,27,0,52,0,0,0,0
130.9112,3,0,8,0,0,0,0,-1,1,3.0000,-1,10,15,27,0,52,0,0,0,0
130.9318,3,0,8,0,0,0,0,-1,0,3.0000,-1,10,15,27,0,52,0,0,0,0
130.9522,3,0,8,0,0,0,0,-1,0,3.0000,-1,10,15,27,0,52,0,0,0,0
130.9729,3,0,8,0,0,0,0,-1,0,3.0000,-1,10,15,27,0,52,0,0,0,0
130.9924,3,0,8,0,0,0,0,-1,0,3.0000,-1,10,15,27,0,52,0,0,0,0
131.0127,3,0,8,0,0,0,0,-1,0,3.0000,-1,10,15,27,0,52,0,0,0,0
131.0323,3,0,8,0,0,0,0,-1,0,3.0000,-1,10,15,27,0,52,0,0,0,0
131.0538,3,0,8,0,0,0,0,-1,0,3.0000,-1,10,15,27,0,52,0,0,0,0
131.0733,3,0,8,0,0,0,0,-1,0,3.0000,-1,10,15,27,0,52,0,0,0,0
131.0931,3,0,8,0,0,0,0,-1,0,3.0000,-1,10,15,27,0,52,0,0,0,0
131.1145,3,0,8,0,0,0,0,-1,0,3.0000,-1,10,15,27,0,52,0,0,0,0
131.1332,3,0,8,0,0,0,0,-1,0,3.0000,-1,10,15,27,0,52,0,0,0,0
131.1555,3,0,8,0,0,0,0,-1,0,3.0000,-1,10,15,27,0,52,0,0,0,0
131.1752,3,0,8,0,0,0,0,-1,0,3.0000,-1,10,15,27,0,52,0,0,0,0
131.1965,3,0,8,0,0,0,0,-1,0,3.0000,-1,10,15,27,0,52,0,0,0,0
131.216,3,0,8,0,0,0,0,-1,0,3.0000,-1,10,15,27,0,52,0,0,0,0
131.2349,3,0,8,0,0,0,0,-1,0,3.0000,-1,10,15,27,0,52,0,0,0,0
131.2556,3,0,8,0,0,0,0,-1,0,2.0000,-1,10,15,27,0,52,0,0,0,0
131.2751,3,0,8,0,0,0,0,-1,0,2.0000,-1,10,15,27,0,52,0,0,0,0
131.2946,3,0,8,0,0,0,0,-1,0,2.0000,-1,10,15,27,0,52,0,0,0,0
131.3127,3,0,8,0,0,0,0,-1,0,2.0000,-1,10,15,27,0,52,0,0,0,0
131.3325,3,0,8,0,0,0,0,-1,0,2.0000,-1,10,15,27,0,52,0,0,0,0
131.3546,3,0,8,0,0,0,0,-1,0,2.0000,-1,10,15,27,0,52,0,0,0,0
131.3726,3,0,8,0,0,0,0,-1,0,2.0000,-1,10,15,27,0,52,0,0,0,0
131.3938,3,0,8,0,0,0,0,-1,0,2.0000,-1,10,15,27,0,52,0,0,0,0
131.4126,3,0,8,0,0,0,0,-1,1,3.0000,-1,10,15,27,0,52,0,0,0,0
131.4327,3,0,8,0,0,0,0,-1,0,3.0000,-1,10,15,27,0,52,0,0,0,0
131.4524,3,0,8,0,0,0,0,-1,0,3.0000,-1,10,15,27,0,52,0,0,0,0
131.4716,3,0,8,0,0,0,0,-1,0,3.0000,-1,10,15,27,0,52,0,0,0,0
131.49,3,0,8,0,0,0,0,-1,0,3.0000,-1,10,15,27,0,52,0,0,0,0
131.5112,3,0,8,0,0,0,0,-1,0,3.0000,-1,10,15,27,0,52,0,0,0,0
131.5317,3,0,8,0,0,0,0,-1,0,3.0000,-1,10,15,27,0,52,0,0,0,0
131.5512,3,0,8,0,0,0,0,-1,0,2.0000,-1,10,15,27,0,52,0,0,0,0
131.5681,3,0,8,0,0,0,0,-1,0,2.0000,-1,10,15,27,0,52,0,0,0,0
131.5891,3,0,8,0,0,0,0,-1,0,2.0000,-1,10,15,27,0,52,0,0,0,0
131.6105,3,0,8,0,0,0,0,-1,0,2.0000,-1,10,15,27,0,52,0,0,0,0
131.6308,3,0,8,0,0,0,0,-1,0,2.0000,-1,10,15,27,0,52,0,0,0,0
131.6669,3,0,8,0,0,0,0,-1,0,2.0000,-1,10,15,27,0,52,0,0,0,0
131.6825,3,0,8,0,0,0,0,-1,0,2.0000,-1,10,15,27,0,52,0,0,0,0
131.6973,3,0,8,0,0,0,0,-1,0,2.0000,-1,10,15,27,0,52,0,0,0,0
131.7118,3,0,8,0,0,0,0,-1,1,3.0000,-1,10,15,27,0,52,0,0,0,0
131.7331,3,0,8,0,0,0,0,-1,0,3.0000,-1,10,15,27,0,52,0,0,0,0
131.7517,3,0,8,0,0,0,0,-1,0,3.0000,-1,10,15,27,0,52,0,0,0,0
131.7709,3,0,8,0,0,0,0,-1,0,3.0000,-1,10,15,27,0,52,0,0,0,0
131.7898,3,0,8,0,0,0,0,-1,0,3.0000,-1,10,15,27,0,52,0,0,0,0
131.8107,3,0,8,0,0,0,0,-1,0,3.0000,-1,10,15,27,0,52,0,0,0,0
131.8298,3,0,8,0,0,0,0,-1,0,3.0000,-1,10,15,27,0,52,0,0,0,0
131.8466,3,0,8,0,0,0,0,-1,0,3.0000,-1,10,15,27,0,52,0,0,0,0
131.8657,3,0,8,0,0,0,0,-1,0,3.0000,-1,10,15,27,0,52,0,0,0,0
131.8887,3,0,8,0,0,0,0,-1,0,3.0000,-1,10,15,27,0,52,0,0,0,0
131.9077,3,0,8,0,0,0,0,-1,0,3.0000,-1,10,15,27,0,52,0,0,0,0
131.9274,3,0,8,0,0,0,0,-1,0,2.0000,-1,10,15,27,0,52,0,0,0,0
131.946,3,0,8,0,0,0,0,-1,1,3.0000,-1,10,15,27,0,52,0,0,0,0
131.9665,3,0,8,0,0,0,0,-1,0,3.0000,-1,10,15,27,0,52,0,0,0,0
131.9856,3,0,8,0,0,0,0,-1,0,3.0000,-1,10,15,27,0,52,0,0,0,0
132.0044,3,0,8,0,0,0,0,-1,0,3.0000,-1,10,15,27,0,52,0,0,0,0
132.0219,3,0,8,0,0,0,0,-1,0,3.0000,-1,10,15,27,0,52,0,0,0,0
132.0441,3,0,8,0,0,0,0,-1,0,3.0000,-1,10,15,27,0,52,0,0,0,0
132.0654,3,0,8,0,0,0,0,-1,0,3.0000,-1,10,15,27,0,52,0,0,0,0
132.0839,3,0,8,0,0,0,0,-1,0,3.0000,-1,10,15,27,0,52,0,0,0,0
132.1021,3,0,8,0,0,0,0,-1,0,3.0000,-1,10,15,27,0,52,0,0,0,0
132.1213,3,0,8,0,0,0,0,-1,0,3.0000,-1,10,15,27,0,52,0,0,0,0
132.1427,3,0,8,0,0,0,0,-1,0,3.0000,-1,10,15,27,0,52,0,0,0,0
132.1613,3,0,8,0,0,0,0,-1,1,4.0000,-1,10,15,27,0,52,0,0,0,0
132.1817,3,0,8,1,0,0,0,-1,0,4.0000,-1,10,15,27,0,52,0,0,0,0
132.2001,3,0,8,1,0,0,0,-1,0,4.0000,-1,10,15,27,0,52,0,0,0,0
132.2216,3,0,8,1,0,0,0,-1,0,4.0000,-1,10,15,27,0,52,0,0,0,0
132.2399,3,0,8,1,0,0,0,-1,0,4.0000,-1,10,15,27,0,52,0,0,0,0
132.2587,3,0,8,1,0,0,0,-1,0,4.0000,-1,10,15,27,0,52,0,0,0,0
132.2776,3,0,8,1,0,0,0,-1,0,4.0000,-1,10,15,27,0,52,0,0,0,0
132.3156,3,0,8,1,0,0,0,-1,0,4.0000,-1,10,15,27,0,52,0,0,0,0
132.3278,3,0,8,1,0,0,0,-1,0,4.0000,-1,10,15,27,0,52,0,0,0,0
132.3409,3,0,8,1,0,0,0,-1,0,4.0000,-1,10,15,27,0,52,0,0,0,0
132.3617,3,0,8,1,0,0,0,-1,0,4.0000,-1,10,15,27,0,52,0,0,0,0
132.3824,3,0,8,1,0,0,0,-1,0,4.0000,-1,10,15,27,0,52,0,0,0,0
132.4008,3,0,8,1,0,0,0,-1,1,5.0000,-1,10,15,27,0,52,0,0,0,0
132.4218,3,0,8,1,0,0,0,-1,0,4.0000,-1,10,15,27,0,52,0,0,0,0
132.4396,3,0,8,1,0,0,0,-1,0,4.0000,-1,10,15,27,0,52,0,0,0,0
132.4588,3,0,8,1,0,0,0,-1,0,4.0000,-1,10,15,27,0,52,0,0,0,0
132.4767,3,0,8,1,0,0,0,-1,0,4.0000,-1,10,15,27,0,52,0,0,0,0
132.4982,3,0,8,1,0,0,0,-1,0,4.0000,-1,10,15,27,0,52,0,0,0,0
132.5186,3,0,8,1,0,0,0,-1,0,4.0000,-1,10,15,27,0,52,0,0,0,0
132.5384,3,0,8,1,0,0,0,-1,0,4.0000,-1,10,15,27,0,52,0,0,0,0
132.5569,3,0,8,1,0,0,0,-1,0,4.0000,-1,10,15,27,0,52,0,0,0,0
132.5768,3,0,8,1,0,0,0,-1,0,4.0000,-1,10,15,27,0,52,0,0,0,0
132.5982,3,0,8,1,0,0,0,-1,0,4.0000,-1,10,15,27,0,52,0,0,0,0
132.6168,3,0,8,1,0,0,0,-1,0,4.0000,-1,10,15,27,0,52,0,0,0,0
132.6347,3,0,8,1,0,0,0,-1,0,4.0000,-1,10,15,27,0,52,0,0,0,0
132.657,3,0,8,1,0,0,0,-1,0,4.0000,-1,10,15,27,0,52,0,0,0,0
132.6801,3,0,8,1,0,0,0,-1,1,5.0000,-1,10,15,27,0,52,0,0,0,0
132.7006,3,0,8,1,0,0,0,-1,0,5.0000,-1,10,15,27,0,52,0,0,0,0
132.7458,3,0,8,1,0,0,0,-1,0,4.0000,-1,10,15,27,0,52,0,0,0,0
132.7596,3,0,8,1,0,0,0,-1,0,4.0000,-1,10,15,27,0,52,0,0,0,0
132.7742,3,0,8,0,0,0,0,-1,0,4.0000,-1,10,15,27,0,52,0,0,0,0
132.7965,3,0,8,0,0,0,0,-1,0,4.0000,-1,10,15,27,0,52,0,0,0,0
132.8183,3,0,8,0,0,0,0,-1,0,4.0000,-1,10,15,27,0,52,0,0,0,0
132.8408,3,0,8,0,0,0,0,-1,0,4.0000,-1,10,15,27,0,52,0,0,0,0
132.8616,3,0,8,0,1,0,0,-1,0,4.0000,-1,10,15,27,0,52,0,0,0,0
132.8834,3,0,8,0,1,0,0,-1,0,4.0000,-1,10,15,27,0,52,0,0,0,0
132.9039,3,0,8,0,1,0,0,-1,0,4.0000,-1,10,15,27,0,52,0,0,0,0
132.9434,3,0,8,0,1,0,0,-1,1,5.0000,-1,10,15,27,0,52,0,0,0,0
132.9564,3,0,8,0,1,0,0,-1,0,4.0000,-1,10,15,27,0,52,0,0,0,0
132.9695,3,0,8,0,1,0,0,-1,0,4.0000,-1,10,15,27,0,52,0,0,0,0
132.9915,3,0,8,0,1,0,0,-1,0,4.0000,-1,10,15,27,0,52,0,0,0,0
133.0132,3,0,8,0,1,0,0,-1,0,4.0000,-1,10,15,27,0,52,0,0,0,0
133.0333,3,0,8,0,1,0,0,-1,0,4.0000,-1,10,15,27,0,52,0,0,0,0
133.0537,3,0,8,0,1,0,0,-1,1,5.0000,-1,10,15,27,0,52,0,0,0,0
133.074,3,0,8,0,1,0,0,-1,0,5.0000,-1,10,15,27,0,52,0,0,0,0
133.0947,3,0,8,0,1,0,0,-1,0,5.0000,-1,10,15,27,0,52,0,0,0,0
133.1169,3,0,8,0,1,0,0,-1,0,5.0000,-1,10,15,27,0,52,0,0,0,0
133.136,3,0,8,0,1,0,0,-1,0,5.0000,-1,10,15,27,0,52,0,0,0,0
133.1555,3,0,8,0,1,0,0,-1,1,6.0000,-1,10,15,27,0,52,0,0,0,0
133.1785,3,0,8,0,1,0,0,-1,0,5.0000,-1,10,15,27,0,52,0,0,0,0
133.198,3,0,8,0,1,0,0,-1,0,5.0000,-1,10,15,27,0,52,0,0,0,0
133.2185,3,0,8,0,1,0,0,-1,0,5.0000,-1,10,15,27,0,52,0,0,0,0
133.2372,3,0,8,0,1,0,0,-1,0,5.0000,-1,10,15,27,0,52,0,0,0,0
133.2574,3,0,8,0,1,0,0,-1,0,5.0000,-1,10,15,27,0,52,0,0,0,0
133.2773,3,0,8,0,1,0,0,-1,0,5.0000,-1,10,15,27,0,52,0,0,0,0
133.2992,3,0,8,0,1,0,0,-1,0,5.0000,-1,10,15,27,0,52,0,0,0,0
133.319,3,0,8,0,1,0,0,-1,0,5.0000,-1,10,15,27,0,52,0,0,0,0
133.3395,3,0,8,0,1,0,0,-1,0,5.0000,-1,10,15,27,0,52,0,0,0,0
133.3595,3,0,8,0,1,0,0,-1,1,6.0000,-1,10,15,27,0,52,0,0,0,0
133.3788,3,0,8,0,1,0,0,-1,1,7.0000,-1,10,15,27,0,52,0,0,0,0
133.3996,3,0,8,0,1,0,0,-1,0,7.0000,-1,10,15,27,0,52,0,0,0,0
133.4209,3,0,8,0,1,0,0,-1,0,6.0000,-1,10,15,27,0,52,0,0,0,0
133.44,3,0,8,0,1,0,1,186,0,6.0000,-1,10,15,27,0,52,0,0,0,0
133.4627,3,0,8,0,1,0,1,186,0,6.0000,-1,10,15,27,0,52,0,0,0,0
133.4812,3,0,8,0,1,0,1,186,0,6.0000,-1,10,15,27,0,52,0,0,0,0
133.5005,3,0,8,0,1,0,1,186,0,6.0000,-1,10,15,27,0,52,0,0,0,0
133.5214,3,0,8,0,1,0,1,186,0,6.0000,-1,10,15,27,0,52,0,0,0,0
133.5415,3,0,8,0,1,0,1,186,0,6.0000,-1,10,15,27,0,52,0,0,0,0
133.5617,3,0,8,0,1,0,1,186,0,6.0000,-1,10,15,27,0,52,0,0,0,0
133.5822,3,0,8,0,1,0,1,186,1,7.0000,-1,10,15,27,0,52,0,0,0,0
133.6024,3,0,8,0,1,0,1,186,0,7.0000,-1,10,15,27,0,52,0,0,0,0
133.6237,3,0,8,0,1,0,1,186,0,7.0000,-1,10,15,27,0,52,0,0,0,0
133.6435,3,0,8,0,1,0,1,186,0,7.0000,-1,10,15,27,0,52,0,0,0,0
133.6626,3,0,8,0,1,0,1,186,0,7.0000,-1,10,15,27,0,52,0,0,0,0
133.6843,3,0,8,0,1,0,1,186,0,6.0000,-1,10,15,27,0,52,0,0,0,0
133.703,3,0,8,0,1,0,1,186,0,6.0000,-1,10,15,27,0,52,0,0,0,0
133.7246,3,0,8,0,1,0,1,186,0,6.0000,-1,10,15,27,0,52,0,0,0,0
133.746,3,0,8,0,1,0,1,186,1,7.0000,-1,10,15,27,0,52,0,0,0,0
133.7642,3,0,8,0,1,0,1,186,0,7.0000,-1,10,15,27,0,52,0,0,0,0
133.7858,3,0,8,0,1,0,1,186,0,7.0000,-1,10,15,27,0,52,0,0,0,0
133.8073,3,0,8,0,1,0,1,186,1,8.0000,-1,10,15,27,0,52,0,0,0,0
133.8305,3,0,8,0,1,0,1,186,1,9.0000,-1,10,15,27,0,52,0,0,0,0
133.8461,3,0,8,0,1,0,1,186,0,9.0000,-1,10,15,27,0,52,0,0,0,0
133.8681,3,0,8,0,0,0,1,186,0,9.0000,-1,10,15,27,0,52,0,0,0,0
133.8878,3,0,8,0,0,0,1,186,0,9.0000,-1,10,15,27,0,52,0,0,0,0
133.9099,3,0,8,0,0,0,1,186,0,9.0000,-1,10,15,27,0,52,0,0,0,0
133.9305,3,0,8,0,0,0,1,186,0,9.0000,-1,10,15,27,0,52,0,0,0,0
133.9694,3,0,8,0,0,0,1,186,1,9.0000,-1,10,15,27,0,52,0,0,0,0
133.9834,2,1,9,0,0,0,0,-1,0,9.0000,186,10,16,27,0,53,0,0,0,0
134.0004,2,0,9,0,0,0,0,-1,0,9.0000,-1,10,16,27,0,53,0,0,0,0
134.0157,2,0,9,0,0,0,0,-1,0,9.0000,-1,10,16,27,0,53,0,0,0,0
134.0389,2,0,9,0,0,0,0,-1,0,9.0000,-1,10,16,27,0,53,0,0,0,0
134.0583,2,0,9,0,0,0,0,-1,0,8.0000,-1,10,16,27,0,53,0,0,0,0
134.0797,2,0,9,0,0,0,0,-1,0,8.0000,-1,10,16,27,0,53,0,0,0,0
134.1002,2,0,9,0,0,0,0,-1,0,8.0000,-1,10,16,27,0,53,0,0,0,0
134.1208,2,0,9,0,0,0,0,-1,0,8.0000,-1,10,16,27,0,53,0,0,0,0
134.1424,2,0,9,0,0,0,0,-1,0,8.0000,-1,10,16,27,0,53,0,0,0,0
134.1815,2,0,9,0,0,0,0,-1,0,7.0000,-1,10,16,27,0,53,0,0,0,0
134.194,2,0,9,0,0,0,0,-1,0,7.0000,-1,10,16,27,0,53,0,0,0,0
134.2072,2,0,9,0,0,0,0,-1,0,7.0000,-1,10,16,27,0,53,0,0,0,0
134.2276,2,0,9,0,0,0,0,-1,0,7.0000,-1,10,16,27,0,53,0,0,0,0
134.2483,2,0,9,0,0,0,0,-1,0,7.0000,-1,10,16,27,0,53,0,0,0,0
134.2694,2,0,9,0,0,0,0,-1,0,7.0000,-1,10,16,27,0,53,0,0,0,0
134.2907,2,0,9,0,0,0,0,-1,0,7.0000,-1,10,16,27,0,53,0,0,0,0
134.3111,2,0,9,0,0,0,0,-1,0,7.0000,-1,10,16,27,0,53,0,0,0,0
134.3321,2,0,9,0,0,0,0,-1,0,7.0000,-1,10,16,27,0,53,0,0,0,0
134.352,2,0,9,0,0,0,0,-1,0,7.0000,-1,10,16,27,0,53,0,0,0,0
134.373,2,0,9,0,0,0,0,-1,0,6.0000,-1,10,16,27,0,53,0,0,0,0
134.3928,2,0,9,0,0,0,0,-1,0,5.0000,-1,10,16,27,0,53,0,0,0,0
134.4146,2,0,9,0,0,0,0,-1,0,5.0000,-1,10,16,27,0,53,0,0,0,0
134.4347,2,0,9,0,0,0,0,-1,0,5.0000,-1,10,16,27,0,53,0,0,0,0
134.4558,2,0,9,0,0,0,0,-1,0,5.0000,-1,10,16,27,0,53,0,0,0,0
134.4766,2,0,9,0,0,0,0,-1,0,5.0000,-1,10,16,27,0,53,0,0,0,0
134.4982,2,0,9,0,0,0,0,-1,0,5.0000,-1,10,16,27,0,53,0,0,0,0
134.518,2,0,9,0,0,0,0,-1,0,5.0000,-1,10,16,27,0,53,0,0,0,0
134.5376,2,0,9,0,0,0,0,-1,0,5.0000,-1,10,16,27,0,53,0,0,0,0
134.5584,2,0,9,0,0,0,0,-1,0,5.0000,-1,10,16,27,0,53,0,0,0,0
134.5793,2,0,9,0,0,0,0,-1,0,5.0000,-1,10,16,27,0,53,0,0,0,0
134.5998,2,0,9,0,0,0,0,-1,0,4.0000,-1,10,16,27,0,53,0,0,0,0
134.6208,2,0,9,0,0,0,0,-1,0,4.0000,-1,10,16,27,0,53,0,0,0,0
134.6408,2,0,9,0,0,0,0,-1,0,4.0000,-1,10,16,27,0,53,0,0,0,0
134.6608,2,0,9,0,0,0,0,-1,0,4.0000,-1,10,16,27,0,53,0,0,0,0
134.6809,2,0,9,0,0,0,0,-1,0,4.0000,-1,10,16,27,0,53,0,0,0,0
134.701,2,0,9,0,0,0,0,-1,0,4.0000,-1,10,16,27,0,53,0,0,0,0
134.7216,2,0,9,0,0,0,0,-1,0,4.0000,-1,10,16,27,0,53,0,0,0,0
134.7434,2,0,9,0,0,0,0,-1,0,4.0000,-1,10,16,27,0,53,0,0,0,0
134.7627,2,0,9,0,0,0,0,-1,0,3.0000,-1,10,16,27,0,53,0,0,0,0
134.7838,2,0,9,0,0,0,0,-1,0,3.0000,-1,10,16,27,0,53,0,0,0,0
134.8045,2,0,9,0,0,0,0,-1,0,3.0000,-1,10,16,27,0,53,0,0,0,0
134.8244,2,0,9,0,0,0,0,-1,0,2.0000,-1,10,16,27,0,53,0,0,0,0
134.8447,2,0,9,0,0,0,0,-1,0,1.0000,-1,10,16,27,0,53,0,0,0,0
134.8631,2,0,9,0,0,0,0,-1,0,1.0000,-1,10,16,27,0,53,0,0,0,0
134.8846,2,0,9,0,0,0,0,-1,0,1.0000,-1,10,16,27,0,53,0,0,0,0
134.9035,2,0,9,0,0,0,0,-1,0,1.0000,-1,10,16,27,0,53,0,0,0,0
134.9239,2,0,9,0,0,0,0,-1,0,1.0000,-1,10,16,27,0,53,0,0,0,0
134.9451,2,0,9,0,0,0,0,-1,0,1.0000,-1,10,16,27,0,53,0,0,0,0
134.9657,2,0,9,0,0,0,0,-1,0,1.0000,-1,10,16,27,0,53,0,0,0,0
135.0048,2,0,9,0,0,0,0,-1,0,0.0000,-1,10,16,27,0,53,0,0,0,0
135.0166,2,0,9,0,0,0,0,-1,0,0.0000,-1,10,16,27,0,53,0,0,0,0
135.0312,2,0,9,0,0,0,0,-1,0,0.0000,-1,10,16,27,0,53,0,0,0,0
135.0529,2,0,9,0,0,0,0,-1,0,0.0000,-1,10,16,27,0,53,0,0,0,0
135.0736,2,0,9,0,0,0,0,-1,0,0.0000,-1,10,16,27,0,53,0,0,0,0
135.0957,2,0,9,0,0,0,0,-1,0,0.0000,-1,10,16,27,0,53,0,0,0,0
135.1155,2,0,9,0,0,0,0,-1,0,0.0000,-1,10,16,27,0,53,0,0,0,0
135.1367,2,0,9,0,0,0,0,-1,0,0.0000,-1,10,16,27,0,53,0,0,0,0
135.1582,2,0,9,0,0,0,0,-1,0,0.0000,-1,10,16,27,0,53,0,0,0,0
135.1795,2,0,9,0,0,0,0,-1,0,0.0000,-1,10,16,27,0,53,0,0,0,0
135.2178,2,0,9,0,0,0,0,-1,0,0.0000,-1,10,16,27,0,53,0,0,0,0
135.2316,2,0,9,0,0,0,0,-1,0,0.0000,-1,10,16,27,0,53,0,0,0,0
135.2453,2,0,9,0,0,0,0,-1,0,0.0000,-1,10,16,27,0,53,0,0,0,0
135.2663,2,0,9,0,0,0,0,-1,0,0.0000,-1,10,16,27,0,53,0,0,0,0
135.2865,2,0,9,0,0,0,0,-1,0,0.0000,-1,10,16,27,0,53,0,0,0,0
135.3071,2,0,9,0,0,0,0,-1,0,0.0000,-1,10,16,27,0,53,0,0,0,0
135.3281,2,0,9,0,0,0,0,-1,0,0.0000,-1,10,16,27,0,53,0,0,0,0
135.3485,2,0,9,0,0,0,0,-1,0,0.0000,-1,10,16,27,0,53,0,0,0,0
135.371,2,0,9,0,0,0,0,-1,0,0.0000,-1,10,16,27,0,53,0,0,0,0
135.3902,2,0,9,0,0,0,0,-1,0,0.0000,-1,10,16,27,0,53,0,0,0,0
135.4122,2,0,9,0,0,0,0,-1,1,1.0000,-1,10,16,27,0,53,0,0,0,0
135.4315,2,0,9,0,0,0,0,-1,0,1.0000,-1,10,16,27,0,53,0,0,0,0
135.4537,2,0,9,0,0,0,1,187,0,1.0000,-1,10,16,27,0,53,0,0,0,0
135.4732,2,0,9,0,0,0,1,187,0,1.0000,-1,10,16,27,0,53,0,0,0,0
135.4942,2,0,9,0,0,0,1,187,0,1.0000,-1,10,16,27,0,53,0,0,0,0
135.5146,2,0,9,0,0,0,1,187,0,1.0000,-1,10,16,27,0,53,0,0,0,0
135.5354,2,0,9,0,0,0,1,187,0,1.0000,-1,10,16,27,0,53,0,0,0,0
135.5553,2,0,9,0,0,0,1,187,0,1.0000,-1,10,16,27,0,53,0,0,0,0
135.5769,2,0,9,0,0,0,1,187,0,1.0000,-1,10,16,27,0,53,0,0,0,0
135.5977,2,0,9,0,0,0,1,187,0,1.0000,-1,10,16,27,0,53,0,0,0,0
135.637,2,0,9,0,0,0,1,187,0,1.0000,-1,10,16,27,0,53,0,0,0,0
135.6498,2,0,9,0,0,0,1,187,0,1.0000,-1,10,16,27,0,53,0,0,0,0
135.6645,2,0,9,0,0,0,1,187,0,1.0000,-1,10,16,27,0,53,0,0,0,0
135.6858,2,0,9,0,0,0,1,187,0,1.0000,-1,10,16,27,0,53,0,0,0,0
135.7073,2,0,9,1,0,0,1,187,0,1.0000,-1,10,16,27,0,53,0,0,0,0
135.7272,2,0,9,1,0,0,1,187,0,1.0000,-1,10,16,27,0,53,0,0,0,0
135.7483,2,0,9,1,0,0,1,187,0,1.0000,-1,10,16,27,0,53,0,0,0,0
135.7688,2,0,9,1,0,0,1,187,0,1.0000,-1,10,16,27,0,53,0,0,0,0
135.7899,2,0,9,1,0,0,1,187,0,1.0000,-1,10,16,27,0,53,0,0,0,0
135.8108,2,0,9,1,0,0,1,187,0,1.0000,-1,10,16,27,0,53,0,0,0,0
135.8512,2,0,9,1,0,0,1,187,1,2.0000,-1,10,16,27,0,53,0,0,0,0
135.8645,2,0,9,1,0,0,1,187,0,2.0000,-1,10,16,27,0,53,0,0,0,0
135.8777,2,0,9,1,0,0,1,187,0,2.0000,-1,10,16,27,0,53,0,0,0,0
135.8988,2,0,9,1,0,0,1,187,0,2.0000,-1,10,16,27,0,53,0,0,0,0
135.921,2,0,9,1,0,0,1,187,0,2.0000,-1,10,16,27,0,53,0,0,0,0
135.9415,2,0,9,1,0,0,0,-1,0,2.0000,187,10,17,27,0,54,0,0,0,0
135.9608,2,0,9,1,0,0,0,-1,0,2.0000,-1,10,17,27,0,54,0,0,0,0
135.9828,2,0,9,1,0,0,0,-1,0,2.0000,-1,10,17,27,0,54,0,0,0,0
136.001,2,0,9,1,0,0,0,-1,0,2.0000,-1,10,17,27,0,54,0,0,0,0
136.0236,2,0,9,1,0,0,0,-1,0,2.0000,-1,10,17,27,0,54,0,0,0,0
136.0622,2,0,9,1,0,0,0,-1,0,2.0000,-1,10,17,27,0,54,0,0,0,0
136.0762,2,0,9,1,0,0,0,-1,0,2.0000,-1,10,17,27,0,54,0,0,0,0
136.0903,2,0,9,1,0,0,0,-1,0,2.0000,-1,10,17,27,0,54,0,0,0,0
136.1116,2,0,9,1,0,0,0,-1,0,2.0000,-1,10,17,27,0,54,0,0,0,0
136.1344,2,0,9,1,0,0,0,-1,0,2.0000,-1,10,17,27,0,54,0,0,0,0
136.1544,2,0,9,1,0,0,0,-1,0,2.0000,-1,10,17,27,0,54,0,0,0,0
136.1769,2,0,9,1,0,0,0,-1,0,2.0000,-1,10,17,27,0,54,0,0,0,0
136.1998,2,0,9,1,0,0,0,-1,0,2.0000,-1,10,17,27,0,54,0,0,0,0
136.2209,2,0,9,1,0,0,0,-1,0,2.0000,-1,10,17,27,0,54,0,0,0,0
136.2447,2,0,9,1,0,0,0,-1,0,2.0000,-1,10,17,27,0,54,0,0,0,0
136.2674,2,0,9,1,0,0,0,-1,0,2.0000,-1,10,17,27,0,54,0,0,0,0
136.2908,2,0,9,1,0,0,0,-1,0,2.0000,-1,10,17,27,0,54,0,0,0,0
136.314,2,0,9,1,0,0,0,-1,0,2.0000,-1,10,17,27,0,54,0,0,0,0
136.3368,2,0,9,1,0,0,0,-1,0,2.0000,-1,10,17,27,0,54,0,0,0,0
136.3592,2,0,9,1,0,0,0,-1,0,2.0000,-1,10,17,27,0,54,0,0,0,0
136.3813,2,0,9,1,0,0,0,-1,0,2.0000,-1,10,17,27,0,54,0,0,0,0
136.403,2,0,9,1,0,0,0,-1,0,2.0000,-1,10,17,27,0,54,0,0,0,0
136.4243,2,0,9,1,0,0,0,-1,0,1.0000,-1,10,17,27,0,54,0,0,0,0
136.446,2,0,9,1,0,0,0,-1,0,1.0000,-1,10,17,27,0,54,0,0,0,0
136.4658,2,0,9,1,0,0,0,-1,0,1.0000,-1,10,17,27,0,54,0,0,0,0
136.4876,2,0,9,1,0,0,0,-1,0,1.0000,-1,10,17,27,0,54,0,0,0,0
136.5085,2,0,9,1,0,0,0,-1,0,1.0000,-1,10,17,27,0,54,0,0,0,0
136.5291,2,0,9,1,0,0,1,190,0,1.0000,-1,10,17,27,0,54,0,0,0,0
136.5488,2,0,9,1,0,0,1,190,0,1.0000,-1,10,17,27,0,54,0,0,0,0
136.5685,2,0,9,1,0,0,1,190,0,1.0000,-1,10,17,27,0,54,0,0,0,0
136.5872,2,0,9,1,0,0,1,190,0,1.0000,-1,10,17,27,0,54,0,0,0,0
136.6089,2,0,9,1,0,0,1,190,0,1.0000,-1,10,17,27,0,54,0,0,0,0
136.6293,2,0,9,1,0,0,1,190,0,1.0000,-1,10,17,27,0,54,0,0,0,0
136.6487,2,0,9,1,0,0,1,190,0,1.0000,-1,10,17,27,0,54,0,0,0,0
136.6683,2,0,9,1,0,0,1,190,0,1.0000,-1,10,17,27,0,54,0,0,0,0
136.6883,2,0,9,1,0,0,1,190,0,1.0000,-1,10,17,27,0,54,0,0,0,0
136.7094,2,0,9,1,0,0,1,190,0,1.0000,-1,10,17,27,0,54,0,0,0,0
136.7288,2,0,9,1,0,0,1,190,0,1.0000,-1,10,17,27,0,54,0,0,0,0
136.7488,2,0,9,1,0,0,1,190,0,1.0000,-1,10,17,27,0,54,0,0,0,0
136.7676,2,0,9,1,0,0,1,190,0,1.0000,-1,10,17,27,0,54,0,0,0,0
136.788,2,0,9,1,0,0,1,190,0,1.0000,-1,10,17,27,0,54,0,0,0,0
136.8096,2,0,9,1,0,0,1,190,1,2.0000,-1,10,17,27,0,54,0,0,0,0
136.8279,2,0,9,1,0,0,1,190,0,2.0000,-1,10,17,27,0,54,0,0,0,0
136.848,2,0,9,1,0,0,1,190,0,2.0000,-1,10,17,27,0,54,0,0,0,0
136.8688,2,0,9,1,0,0,1,190,0,1.0000,-1,10,17,27,0,54,0,0,0,0
136.8876,2,0,9,1,0,0,1,190,0,1.0000,-1,10,17,27,0,54,0,0,0,0
136.9112,2,0,9,1,0,0,1,190,0,1.0000,-1,10,17,27,0,54,0,0,0,0
136.9288,2,0,9,1,0,0,1,190,0,1.0000,-1,10,17,27,0,54,0,0,0,0
136.9494,2,0,9,1,0,0,1,190,0,1.0000,-1,10,17,27,0,54,0,0,0,0
136.9671,2,0,9,1,0,0,1,190,1,2.0000,-1,10,17,27,0,54,0,0,0,0
136.9883,2,0,9,1,0,0,0,-1,0,2.0000,-1,10,17,27,0,54,0,0,0,0
137.0104,2,0,9,1,0,0,0,-1,0,2.0000,190,10,18,27,0,55,0,0,0,0
137.0339,2,0,9,0,0,0,0,-1,0,2.0000,-1,10,18,27,0,55,0,0,0,0
137.0491,2,0,9,0,0,0,0,-1,0,2.0000,-1,10,18,27,0,55,0,0,0,0
137.0717,2,0,9,0,0,0,0,-1,0,2.0000,-1,10,18,27,0,55,0,0,0,0
137.1098,2,0,9,0,0,0,0,-1,0,2.0000,-1,10,18,27,0,55,0,0,0,0
137.1246,2,0,9,0,0,0,0,-1,0,2.0000,-1,10,18,27,0,55,0,0,0,0
137.1391,2,0,9,0,0,0,0,-1,0,2.0000,-1,10,18,27,0,55,0,0,0,0
137.1564,2,0,9,0,0,0,0,-1,0,2.0000,-1,10,18,27,0,55,0,0,0,0
137.1792,2,0,9,0,0,0,0,-1,0,2.0000,-1,10,18,27,0,55,0,0,0,0
137.198,2,0,9,0,0,0,0,-1,0,2.0000,-1,10,18,27,0,55,0,0,0,0
137.2161,2,0,9,0,0,0,0,-1,0,2.0000,-1,10,18,27,0,55,0,0,0,0
137.236,2,0,9,0,0,0,0,-1,0,2.0000,-1,10,18,27,0,55,0,0,0,0
137.2546,2,0,9,0,0,0,0,-1,0,2.0000,-1,10,18,27,0,55,0,0,0,0
137.2766,2,0,9,0,0,0,0,-1,0,2.0000,-1,10,18,27,0,55,0,0,0,0
137.3002,2,0,9,0,0,0,0,-1,0,2.0000,-1,10,18,27,0,55,0,0,0,0
137.3184,2,0,9,0,0,0,0,-1,0,2.0000,-1,10,18,27,0,55,0,0,0,0
137.3331,2,0,9,0,0,0,1,192,0,2.0000,-1,10,18,27,0,55,0,0,0,0
137.3554,2,0,9,0,0,0,1,192,0,2.0000,-1,10,18,27,0,55,0,0,0,0
137.374,2,0,9,0,0,0,1,192,0,2.0000,-1,10,18,27,0,55,0,0,0,0
137.3919,2,0,9,0,0,0,1,192,0,2.0000,-1,10,18,27,0,55,0,0,0,0
137.4107,2,0,9,0,0,0,1,192,0,2.0000,-1,10,18,27,0,55,0,0,0,0
137.4324,2,0,9,0,0,0,1,192,0,2.0000,-1,10,18,27,0,55,0,0,0,0
137.4509,2,0,9,0,0,0,1,192,0,2.0000,-1,10,18,27,0,55,0,0,0,0
137.4702,2,0,9,0,0,0,1,192,0,2.0000,-1,10,18,27,0,55,0,0,0,0
137.4891,2,0,9,0,0,0,1,192,0,2.0000,-1,10,18,27,0,55,0,0,0,0
137.528,2,0,9,0,0,0,1,192,0,2.0000,-1,10,18,27,0,55,0,0,0,0
137.5431,2,0,9,0,0,0,1,192,0,2.0000,-1,10,18,27,0,55,0,0,0,0
137.5589,2,0,9,0,0,0,1,192,0,2.0000,-1,10,18,27,0,55,0,0,0,0
137.5758,2,0,9,0,0,0,1,192,0,2.0000,-1,10,18,27,0,55,0,0,0,0
137.5967,2,0,9,0,0,0,1,192,0,2.0000,-1,10,18,27,0,55,0,0,0,0
137.615,2,0,9,0,0,0,1,192,0,2.0000,-1,10,18,27,0,55,0,0,0,0
137.6363,2,0,9,0,0,0,1,192,0,2.0000,-1,10,18,27,0,55,0,0,0,0
137.6542,2,0,9,0,0,0,1,192,0,2.0000,-1,10,18,27,0,55,0,0,0,0
137.6769,2,0,9,0,0,0,1,192,0,2.0000,-1,10,18,27,0,55,0,0,0,0
137.6964,2,0,9,0,0,0,1,192,0,2.0000,-1,10,18,27,0,55,0,0,0,0
137.7139,2,0,9,0,0,0,1,192,1,3.0000,-1,10,18,27,0,55,0,0,0,0
137.7335,2,0,9,0,0,0,0,-1,0,3.0000,-1,10,18,27,0,55,0,0,0,0
137.754,2,0,9,0,0,0,0,-1,0,3.0000,192,10,19,27,0,56,0,0,0,0
137.7737,2,0,9,0,0,0,0,-1,0,3.0000,-1,10,19,27,0,56,0,0,0,0
137.7952,2,0,9,0,0,0,0,-1,0,3.0000,-1,10,19,27,0,56,0,0,0,0
137.8116,2,0,9,0,0,0,0,-1,0,2.0000,-1,10,19,27,0,56,0,0,0,0
137.8315,2,0,9,0,0,0,0,-1,0,2.0000,-1,10,19,27,0,56,0,0,0,0
137.8555,2,0,9,0,0,0,0,-1,0,2.0000,-1,10,19,27,0,56,0,0,0,0
137.8731,2,0,9,0,0,0,0,-1,0,2.0000,-1,10,19,27,0,56,0,0,0,0
137.893,2,0,9,0,0,0,0,-1,0,2.0000,-1,10,19,27,0,56,0,0,0,0
137.9131,2,0,9,0,0,0,0,-1,0,2.0000,-1,10,19,27,0,56,0,0,0,0
137.9512,2,0,9,0,0,0,1,193,0,2.0000,-1,10,19,27,0,56,0,0,0,0
137.9645,2,0,9,0,0,0,1,193,0,2.0000,-1,10,19,27,0,56,0,0,0,0
137.9776,2,0,9,0,0,0,1,193,0,1.0000,-1,10,19,27,0,56,0,0,0,0
137.9964,2,0,9,0,0,0,1,193,0,1.0000,-1,10,19,27,0,56,0,0,0,0
138.019,2,0,9,0,0,0,1,193,0,1.0000,-1,10,19,27,0,56,0,0,0,0
138.0384,2,0,9,0,0,0,1,193,0,1.0000,-1,10,19,27,0,56,0,0,0,0
138.0575,2,0,9,0,0,0,1,193,0,1.0000,-1,10,19,27,0,56,0,0,0,0
138.0776,2,0,9,0,0,0,1,193,0,1.0000,-1,10,19,27,0,56,0,0,0,0
138.1005,2,0,9,0,0,0,1,193,0,1.0000,-1,10,19,27,0,56,0,0,0,0
138.1198,2,0,9,0,0,0,1,193,0,1.0000,-1,10,19,27,0,56,0,0,0,0
138.1397,2,0,9,0,0,0,1,193,0,1.0000,-1,10,19,27,0,56,0,0,0,0
138.1581,2,0,9,0,0,0,1,193,0,1.0000,-1,10,19,27,0,56,0,0,0,0
138.1789,2,0,9,0,0,0,1,193,0,1.0000,-1,10,19,27,0,56,0,0,0,0
138.2008,2,0,9,0,0,0,1,193,0,1.0000,-1,10,19,27,0,56,0,0,0,0
138.2215,2,0,9,0,0,0,1,193,0,1.0000,-1,10,19,27,0,56,0,0,0,0
138.2406,2,0,9,0,0,0,1,193,0,1.0000,-1,10,19,27,0,56,0,0,0,0
138.2622,2,0,9,0,0,0,1,193,0,1.0000,-1,10,19,27,0,56,0,0,0,0
138.2788,2,0,9,0,0,0,1,193,0,1.0000,-1,10,19,27,0,56,0,0,0,0
138.3006,2,0,9,0,0,0,0,-1,0,1.0000,193,10,20,27,0,57,0,0,0,0
138.3228,2,0,9,0,0,0,0,-1,0,1.0000,-1,10,20,27,0,57,0,0,0,0
138.3429,2,0,9,0,0,0,0,-1,0,1.0000,-1,10,20,27,0,57,0,0,0,0
138.3624,2,0,9,0,0,0,0,-1,0,1.0000,-1,10,20,27,0,57,0,0,0,0
138.3811,2,0,9,0,0,0,0,-1,0,1.0000,-1,10,20,27,0,57,0,0,0,0
138.4031,2,0,9,0,0,0,0,-1,0,1.0000,-1,10,20,27,0,57,0,0,0,0
138.4238,2,0,9,0,0,0,0,-1,0,1.0000,-1,10,20,27,0,57,0,0,0,0
138.4469,2,0,9,0,0,0,0,-1,0,1.0000,-1,10,20,27,0,57,0,0,0,0
138.4663,2,0,9,0,0,0,0,-1,0,1.0000,-1,10,20,27,0,57,0,0,0,0
138.4872,2,0,9,0,0,0,0,-1,0,1.0000,-1,10,20,27,0,57,0,0,0,0
138.5054,2,0,9,0,0,0,0,-1,0,1.0000,-1,10,20,27,0,57,0,0,0,0
138.525,2,0,9,0,0,0,0,-1,0,1.0000,-1,10,20,27,0,57,0,0,0,0
138.5456,2,0,9,0,0,0,0,-1,0,1.0000,-1,10,20,27,0,57,0,0,0,0
138.5675,2,0,9,0,0,0,0,-1,0,1.0000,-1,10,20,27,0,57,0,0,0,0
138.5885,2,0,9,0,0,0,0,-1,0,1.0000,-1,10,20,27,0,57,0,0,0,0
138.6084,2,0,9,0,0,0,0,-1,0,1.0000,-1,10,20,27,0,57,0,0,0,0
138.6275,2,0,9,0,0,0,0,-1,0,1.0000,-1,10,20,27,0,57,0,0,0,0
138.6462,2,0,9,0,0,0,0,-1,0,1.0000,-1,10,20,27,0,57,0,0,0,0
138.6688,2,0,9,0,0,0,0,-1,0,1.0000,-1,10,20,27,0,57,0,0,0,0
138.691,2,0,9,0,0,0,0,-1,1,2.0000,-1,10,20,27,0,57,0,0,0,0
138.7108,2,0,9,0,1,0,0,-1,0,2.0000,-1,10,20,27,0,57,0,0,0,0
138.7293,2,0,9,0,1,0,0,-1,0,1.0000,-1,10,20,27,0,57,0,0,0,0
138.7688,2,0,9,0,1,0,0,-1,0,1.0000,-1,10,20,27,0,57,0,0,0,0
138.7829,2,0,9,0,1,0,1,194,0,1.0000,-1,10,20,27,0,57,0,0,0,0
138.7979,2,0,9,0,1,0,1,194,0,1.0000,-1,10,20,27,0,57,0,0,0,0
138.8152,2,0,9,0,1,0,1,194,0,1.0000,-1,10,20,27,0,57,0,0,0,0
138.8364,2,0,9,0,1,0,1,194,0,1.0000,-1,10,20,27,0,57,0,0,0,0
138.8583,2,0,9,0,1,0,1,194,0,1.0000,-1,10,20,27,0,57,0,0,0,0
138.8787,2,0,9,0,1,0,0,-1,0,1.0000,194,10,21,27,0,58,0,0,0,0
138.9007,2,0,9,0,1,0,0,-1,0,1.0000,-1,10,21,27,0,58,0,0,0,0
138.9227,2,0,9,0,1,0,0,-1,0,1.0000,-1,10,21,27,0,58,0,0,0,0
138.9428,2,0,9,0,1,0,0,-1,0,1.0000,-1,10,21,27,0,58,0,0,0,0
138.9818,2,0,9,0,1,0,0,-1,0,1.0000,-1,10,21,27,0,58,0,0,0,0
138.9932,2,0,9,0,1,0,0,-1,0,1.0000,-1,10,21,27,0,58,0,0,0,0
139.0077,2,0,9,0,1,0,0,-1,0,1.0000,-1,10,21,27,0,58,0,0,0,0
139.0282,2,0,9,0,1,0,0,-1,0,1.0000,-1,10,21,27,0,58,0,0,0,0
139.0487,2,0,9,0,1,0,0,-1,0,1.0000,-1,10,21,27,0,58,0,0,0,0
139.0694,2,0,9,0,1,0,0,-1,0,1.0000,-1,10,21,27,0,58,0,0,0,0
139.0906,2,0,9,0,1,0,0,-1,0,1.0000,-1,10,21,27,0,58,0,0,0,0
139.1113,2,0,9,0,1,0,0,-1,0,1.0000,-1,10,21,27,0,58,0,0,0,0
139.1324,2,0,9,0,1,0,0,-1,0,1.0000,-1,10,21,27,0,58,0,0,0,0
139.1535,2,0,9,0,1,0,0,-1,0,1.0000,-1,10,21,27,0,58,0,0,0,0
139.1721,2,0,9,0,1,0,0,-1,0,1.0000,-1,10,21,27,0,58,0,0,0,0
139.1929,2,0,9,0,1,0,0,-1,0,1.0000,-1,10,21,27,0,58,0,0,0,0
139.2136,2,0,9,0,1,0,0,-1,0,1.0000,-1,10,21,27,0,58,0,0,0,0
139.2341,2,0,9,0,1,0,0,-1,0,1.0000,-1,10,21,27,0,58,0,0,0,0
139.2549,2,0,9,0,1,0,0,-1,0,1.0000,-1,10,21,27,0,58,0,0,0,0
139.2767,2,0,9,0,1,0,0,-1,0,1.0000,-1,10,21,27,0,58,0,0,0,0
139.2955,2,0,9,0,1,0,0,-1,0,1.0000,-1,10,21,27,0,58,0,0,0,0
139.315,2,0,9,0,1,0,0,-1,0,1.0000,-1,10,21,27,0,58,0,0,0,0
139.3353,2,0,9,0,1,0,0,-1,0,1.0000,-1,10,21,27,0,58,0,0,0,0
139.3561,2,0,9,0,1,0,0,-1,0,1.0000,-1,10,21,27,0,58,0,0,0,0
139.3776,2,0,9,0,1,0,1,197,0,1.0000,-1,10,21,27,0,58,0,0,0,0
139.3985,2,0,9,0,1,0,1,197,0,1.0000,-1,10,21,27,0,58,0,0,0,0
139.4154,2,0,9,0,1,0,1,197,0,1.0000,-1,10,21,27,0,58,0,0,0,0
139.4359,2,0,9,0,1,0,1,197,0,1.0000,-1,10,21,27,0,58,0,0,0,0
139.4567,2,0,9,0,1,0,1,197,0,1.0000,-1,10,21,27,0,58,0,0,0,0
139.4779,2,0,9,0,1,0,1,197,0,1.0000,-1,10,21,27,0,58,0,0,0,0
139.4993,2,0,9,0,1,0,1,197,0,1.0000,-1,10,21,27,0,58,0,0,0,0
139.5184,2,0,9,0,1,0,1,197,0,1.0000,-1,10,21,27,0,58,0,0,0,0
139.539,2,0,9,0,1,0,1,197,0,1.0000,-1,10,21,27,0,58,0,0,0,0
139.5593,2,0,9,0,1,0,1,197,0,1.0000,-1,10,21,27,0,58,0,0,0,0
139.5794,2,0,9,0,1,0,1,197,0,1.0000,-1,10,21,27,0,58,0,0,0,0
139.6002,2,0,9,0,1,0,1,197,0,1.0000,-1,10,21,27,0,58,0,0,0,0
139.623,3,1,10,0,0,0,1,197,0,1.0000,-1,10,21,27,0,58,0,0,0,0
139.6433,3,0,10,0,0,0,1,197,0,1.0000,-1,10,21,27,0,58,0,0,0,0
139.6601,3,0,10,0,0,0,1,197,0,1.0000,-1,10,21,27,0,58,0,0,0,0
139.6808,3,0,10,0,0,0,1,197,0,1.0000,-1,10,21,27,0,58,0,0,0,0
139.7008,3,0,10,0,0,0,1,197,0,0.0000,-1,10,21,27,0,58,0,0,0,0
139.7208,3,0,10,0,0,0,1,197,0,0.0000,-1,10,21,27,0,58,0,0,0,0
139.7426,3,0,10,0,0,0,1,197,0,0.0000,-1,10,21,27,0,58,0,0,0,0
139.7604,3,0,10,0,0,0,1,197,0,0.0000,-1,10,21,27,0,58,0,0,0,0
139.7982,3,0,10,0,0,0,1,197,0,0.0000,-1,10,21,27,0,58,0,0,0,0
139.8102,3,0,10,0,0,0,1,197,0,0.0000,-1,10,21,27,0,58,0,0,0,0
139.823,3,0,10,0,0,0,1,197,0,0.0000,-1,10,21,27,0,58,0,0,0,0
139.8428,3,0,10,0,0,0,1,197,0,0.0000,-1,10,21,27,0,58,0,0,0,0
139.8644,3,0,10,0,0,0,1,197,0,0.0000,-1,10,21,27,0,58,0,0,0,0
139.8836,3,0,10,0,0,0,1,197,0,0.0000,-1,10,21,27,0,58,0,0,0,0
139.9033,3,0,10,0,0,0,1,197,0,0.0000,-1,10,21,27,0,58,0,0,0,0
139.9227,3,0,10,0,0,0,1,197,0,0.0000,-1,10,21,27,0,58,0,0,0,0
139.9424,3,0,10,0,0,0,1,197,0,0.0000,-1,10,21,27,0,58,0,0,0,0
139.9634,3,0,10,0,0,0,1,197,0,0.0000,-1,10,21,27,0,58,0,0,0,0
139.9825,3,0,10,0,0,0,1,196,0,0.0000,197,10,21,28,0,59,0,0,0,0
140.0022,3,0,10,0,0,0,1,196,0,0.0000,-1,10,21,28,0,59,0,0,0,0
140.022,3,0,10,0,0,0,1,196,0,0.0000,-1,10,21,28,0,59,0,0,0,0
140.0445,3,0,10,0,0,0,1,196,0,0.0000,-1,10,21,28,0,59,0,0,0,0
140.064,3,0,10,0,0,0,1,196,0,0.0000,-1,10,21,28,0,59,0,0,0,0
140.0833,3,0,10,0,0,0,1,196,0,0.0000,-1,10,21,28,0,59,0,0,0,0
140.1044,3,0,10,0,0,0,1,196,0,0.0000,-1,10,21,28,0,59,0,0,0,0
140.1234,3,0,10,0,0,0,1,196,0,0.0000,-1,10,21,28,0,59,0,0,0,0
140.1445,3,0,10,0,0,0,1,196,0,0.0000,-1,10,21,28,0,59,0,0,0,0
140.1675,3,0,10,0,0,0,1,196,0,0.0000,-1,10,21,28,0,59,0,0,0,0
140.2042,3,0,10,0,0,0,1,196,1,1.0000,-1,10,21,28,0,59,0,0,0,0
140.2176,3,0,10,0,0,0,1,196,0,1.0000,-1,10,21,28,0,59,0,0,0,0
140.2312,3,0,10,0,0,0,1,196,0,1.0000,-1,10,21,28,0,59,0,0,0,0
140.2521,3,0,10,0,0,0,1,196,0,1.0000,-1,10,21,28,0,59,0,0,0,0
140.273,3,0,10,0,0,0,1,196,0,1.0000,-1,10,21,28,0,59,0,0,0,0
140.2941,3,0,10,0,0,0,1,196,1,2.0000,-1,10,21,28,0,59,0,0,0,0
140.3117,3,0,10,0,0,0,1,196,1,3.0000,-1,10,21,28,0,59,0,0,0,0
140.3327,3,0,10,0,0,0,1,196,0,3.0000,-1,10,21,28,0,59,0,0,0,0
140.3544,3,0,10,0,0,0,1,196,0,3.0000,-1,10,21,28,0,59,0,0,0,0
140.375,3,0,10,0,0,0,1,196,0,3.0000,-1,10,21,28,0,59,0,0,0,0
140.4125,3,0,10,0,0,0,1,196,0,3.0000,-1,10,21,28,0,59,0,0,0,0
140.4238,3,0,10,0,0,0,1,196,0,3.0000,-1,10,21,28,0,59,0,0,0,0
140.4392,3,0,10,0,0,0,1,196,0,3.0000,-1,10,21,28,0,59,0,0,0,0
140.4601,3,0,10,0,0,0,1,196,0,3.0000,-1,10,21,28,0,59,0,0,0,0
140.4791,3,0,10,0,0,0,1,196,0,3.0000,-1,10,21,28,0,59,0,0,0,0
140.5,3,0,10,0,0,0,1,196,0,3.0000,-1,10,21,28,0,59,0,0,0,0
140.5212,3,0,10,0,0,0,1,196,0,3.0000,-1,10,21,28,0,59,0,0,0,0
140.5419,3,0,10,0,0,0,1,196,0,3.0000,-1,10,21,28,0,59,0,0,0,0
140.5624,3,0,10,0,0,0,1,196,0,3.0000,-1,10,21,28,0,59,0,0,0,0
140.5838,3,0,10,0,0,0,1,196,1,4.0000,-1,10,21,28,0,59,0,0,0,0
140.623,3,0,10,0,0,0,0,-1,0,4.0000,196,10,21,29,0,60,0,0,0,0
140.6383,3,0,10,0,0,0,0,-1,0,4.0000,-1,10,21,29,0,60,0,0,0,0
140.65,3,0,10,0,0,0,0,-1,0,4.0000,-1,10,21,29,0,60,0,0,0,0
140.6684,3,0,10,0,0,0,0,-1,0,4.0000,-1,10,21,29,0,60,0,0,0,0
140.6897,3,0,10,0,0,0,0,-1,0,4.0000,-1,10,21,29,0,60,0,0,0,0
140.7106,3,0,10,0,0,0,0,-1,0,4.0000,-1,10,21,29,0,60,0,0,0,0
140.7317,3,0,10,0,0,0,0,-1,0,4.0000,-1,10,21,29,0,60,0,0,0,0
140.7528,3,0,10,0,0,0,0,-1,0,4.0000,-1,10,21,29,0,60,0,0,0,0
140.7719,3,0,10,0,0,0,0,-1,1,5.0000,-1,10,21,29,0,60,0,0,0,0
140.7937,3,0,10,0,0,0,0,-1,0,5.0000,-1,10,21,29,0,60,0,0,0,0
140.8125,3,0,10,0,0,0,0,-1,0,5.0000,-1,10,21,29,0,60,0,0,0,0
140.8331,3,0,10,0,0,0,0,-1,0,5.0000,-1,10,21,29,0,60,0,0,0,0
140.8557,3,0,10,0,0,0,0,-1,0,5.0000,-1,10,21,29,0,60,0,0,0,0
140.876,3,0,10,0,0,0,0,-1,0,5.0000,-1,10,21,29,0,60,0,0,0,0
140.8949,3,0,10,0,0,0,0,-1,0,5.0000,-1,10,21,29,0,60,0,0,0,0
140.915,3,0,10,0,0,0,0,-1,0,5.0000,-1,10,21,29,0,60,0,0,0,0
140.935,3,0,10,0,0,0,0,-1,0,5.0000,-1,10,21,29,0,60,0,0,0,0
140.956,3,0,10,0,0,0,0,-1,0,5.0000,-1,10,21,29,0,60,0,0,0,0
140.9775,3,0,10,0,0,0,0,-1,0,5.0000,-1,10,21,29,0,60,0,0,0,0
140.9971,3,0,10,0,0,0,0,-1,0,5.0000,-1,10,21,29,0,60,0,0,0,0
141.0155,3,0,10,0,0,0,0,-1,0,5.0000,-1,10,21,29,0,60,0,0,0,0
141.0364,3,0,10,0,0,0,0,-1,0,5.0000,-1,10,21,29,0,60,0,0,0,0
141.058,3,0,10,0,0,0,0,-1,0,5.0000,-1,10,21,29,0,60,0,0,0,0
141.078,3,0,10,1,0,0,0,-1,0,5.0000,-1,10,21,29,0,60,0,0,0,0
141.099,3,0,10,1,0,0,0,-1,0,5.0000,-1,10,21,29,0,60,0,0,0,0
141.1187,3,0,10,1,0,0,0,-1,0,5.0000,-1,10,21,29,0,60,0,0,0,0
141.1386,3,0,10,1,0,0,0,-1,0,5.0000,-1,10,21,29,0,60,0,0,0,0
141.1589,3,0,10,1,0,0,0,-1,0,5.0000,-1,10,21,29,0,60,0,0,0,0
141.1831,3,0,10,1,0,0,0,-1,0,5.0000,-1,10,21,29,0,60,0,0,0,0
141.2041,3,0,10,1,0,0,0,-1,0,5.0000,-1,10,21,29,0,60,0,0,0,0
141.2444,3,0,10,1,0,0,0,-1,1,5.0000,-1,10,21,29,0,60,0,0,0,0
141.258,3,0,10,1,0,0,0,-1,0,5.0000,-1,10,21,29,0,60,0,0,0,0
141.2702,3,0,10,1,0,0,0,-1,0,5.0000,-1,10,21,29,0,60,0,0,0,0
141.29,3,0,10,1,0,0,0,-1,0,5.0000,-1,10,21,29,0,60,0,0,0,0
141.3126,3,0,10,1,0,0,0,-1,0,3.0000,-1,10,21,29,0,60,0,0,0,0
141.3328,3,0,10,1,0,0,1,201,0,3.0000,-1,10,21,29,0,60,0,0,0,0
141.3524,3,0,10,1,0,0,1,201,0,3.0000,-1,10,21,29,0,60,0,0,0,0
141.3717,3,0,10,1,0,0,1,201,0,3.0000,-1,10,21,29,0,60,0,0,0,0
141.3939,3,0,10,1,0,0,1,201,0,3.0000,-1,10,21,29,0,60,0,0,0,0
141.4147,3,0,10,1,0,0,1,201,0,3.0000,-1,10,21,29,0,60,0,0,0,0
141.4338,3,0,10,1,0,0,1,201,0,3.0000,-1,10,21,29,0,60,0,0,0,0
141.455,3,0,10,1,0,0,1,201,0,3.0000,-1,10,21,29,0,60,0,0,0,0
141.4756,3,0,10,1,0,0,1,201,0,3.0000,-1,10,21,29,0,60,0,0,0,0
141.4933,3,0,10,1,0,0,1,201,0,3.0000,-1,10,21,29,0,60,0,0,0,0
141.5135,3,0,10,1,0,0,1,201,0,3.0000,-1,10,21,29,0,60,0,0,0,0
141.5331,3,0,10,1,0,0,1,201,0,3.0000,-1,10,21,29,0,60,0,0,0,0
141.5565,3,0,10,1,0,0,1,201,1,4.0000,-1,10,21,29,0,60,0,0,0,0
141.5761,3,0,10,1,0,0,0,-1,0,4.0000,-1,10,21,29,0,60,0,0,0,0
141.5963,3,0,10,1,0,0,0,-1,0,3.0000,-1,10,21,29,0,60,0,0,0,0
141.6144,3,0,10,1,0,0,0,-1,0,3.0000,-1,10,21,29,0,60,0,0,0,0
141.6343,3,0,10,1,0,0,0,-1,0,3.0000,-1,10,21,29,0,60,0,0,0,0
141.673,3,0,10,1,0,0,0,-1,0,3.0000,-1,10,21,29,0,60,0,0,0,0
141.6857,3,0,10,1,0,0,0,-1,0,3.0000,-1,10,21,29,0,60,0,0,0,0
141.699,3,0,10,1,0,0,0,-1,0,3.0000,-1,10,21,29,0,60,0,0,0,0
141.72,3,0,10,1,0,0,0,-1,0,3.0000,-1,10,21,29,0,60,0,0,0,0
141.7405,3,0,10,1,0,0,0,-1,1,4.0000,-1,10,21,29,0,60,0,0,0,0
141.7601,3,0,10,1,0,0,0,-1,0,4.0000,-1,10,21,29,0,60,0,0,0,0
141.7799,3,0,10,1,0,0,0,-1,0,3.0000,-1,10,21,29,0,60,0,0,0,0
141.801,3,0,10,1,0,0,0,-1,0,3.0000,-1,10,21,29,0,60,0,0,0,0
141.8218,3,0,10,1,0,0,0,-1,0,3.0000,-1,10,21,29,0,60,0,0,0,0
141.8432,3,0,10,1,0,0,0,-1,0,3.0000,-1,10,21,29,0,60,0,0,0,0
141.8634,3,0,10,1,0,0,0,-1,0,3.0000,-1,10,21,29,0,60,0,0,0,0
141.884,3,0,10,0,1,0,0,-1,0,3.0000,-1,10,21,29,0,60,0,0,0,0
141.9044,3,0,10,0,1,0,1,199,0,3.0000,-1,10,21,29,0,60,0,0,0,0
141.9251,3,0,10,0,1,0,1,199,0,3.0000,-1,10,21,29,0,60,0,0,0,0
141.9456,3,0,10,0,1,0,1,199,0,3.0000,-1,10,21,29,0,60,0,0,0,0
141.9676,3,0,10,0,1,0,1,199,0,3.0000,-1,10,21,29,0,60,0,0,0,0
141.9898,3,0,10,0,1,0,1,199,1,4.0000,-1,10,21,29,0,60,0,0,0,0
142.0078,3,0,10,0,1,0,1,199,0,4.0000,-1,10,21,29,0,60,0,0,0,0
142.0272,3,0,10,0,1,0,1,199,0,4.0000,-1,10,21,29,0,60,0,0,0,0
142.0485,3,0,10,0,1,0,1,199,0,4.0000,-1,10,21,29,0,60,0,0,0,0
142.0899,3,0,10,0,1,0,1,199,0,4.0000,-1,10,21,29,0,60,0,0,0,0
142.1031,3,0,10,0,1,0,1,199,0,4.0000,-1,10,21,29,0,60,0,0,0,0
142.1166,3,0,10,0,1,0,1,199,0,4.0000,-1,10,21,29,0,60,0,0,0,0
142.1371,3,0,10,0,1,0,1,199,0,4.0000,-1,10,21,29,0,60,0,0,0,0
142.1583,3,0,10,0,1,0,1,199,1,5.0000,-1,10,21,29,0,60,0,0,0,0
142.181,3,0,10,0,1,0,0,-1,0,5.0000,-1,10,21,29,0,60,0,0,0,0
142.2035,3,0,10,0,1,0,0,-1,0,5.0000,-1,10,21,29,0,60,0,0,0,0
142.2259,3,0,10,0,1,0,0,-1,0,5.0000,-1,10,21,29,0,60,0,0,0,0
142.2428,3,0,10,0,1,0,0,-1,0,5.0000,-1,10,21,29,0,60,0,0,0,0
142.2632,3,0,10,0,1,0,0,-1,0,4.0000,-1,10,21,29,0,60,0,0,0,0
142.2846,3,0,10,0,1,0,0,-1,0,4.0000,-1,10,21,29,0,60,0,0,0,0
142.305,3,0,10,0,1,0,0,-1,0,4.0000,-1,10,21,29,0,60,0,0,0,0
142.3262,3,0,10,0,1,0,0,-1,0,4.0000,-1,10,21,29,0,60,0,0,0,0
142.3467,3,0,10,0,1,0,0,-1,0,4.0000,-1,10,21,29,0,60,0,0,0,0
142.3677,3,0,10,0,1,0,0,-1,0,4.0000,-1,10,21,29,0,60,0,0,0,0
142.3887,3,0,10,0,1,0,0,-1,0,4.0000,-1,10,21,29,0,60,0,0,0,0
142.4068,3,0,10,0,1,0,0,-1,0,4.0000,-1,10,21,29,0,60,0,0,0,0
142.4276,3,0,10,0,1,0,0,-1,0,4.0000,-1,10,21,29,0,60,0,0,0,0
142.447,3,0,10,0,1,0,0,-1,0,4.0000,-1,10,21,29,0,60,0,0,0,0
142.4678,3,0,10,0,0,0,0,-1,0,4.0000,-1,10,21,29,0,60,0,0,0,0
142.4892,3,0,10,0,0,0,0,-1,0,4.0000,-1,10,21,29,0,60,0,0,0,0
142.5082,3,0,10,0,0,0,0,-1,0,4.0000,-1,10,21,29,0,60,0,0,0,0
142.5278,3,0,10,0,0,0,0,-1,0,4.0000,-1,10,21,29,0,60,0,0,0,0
142.5488,3,0,10,0,0,0,0,-1,0,4.0000,-1,10,21,29,0,60,0,0,0,0
142.5692,3,0,10,0,0,0,0,-1,0,3.0000,-1,10,21,29,0,60,0,0,0,0
142.5889,3,0,10,0,0,0,0,-1,0,3.0000,-1,10,21,29,0,60,0,0,0,0
142.6113,3,0,10,0,0,0,0,-1,0,3.0000,-1,10,21,29,0,60,0,0,0,0
142.629,3,0,10,0,0,0,0,-1,0,3.0000,-1,10,21,29,0,60,0,0,0,0
142.6491,3,0,10,0,0,0,0,-1,0,3.0000,-1,10,21,29,0,60,0,0,0,0
142.6705,3,0,10,0,0,0,0,-1,0,3.0000,-1,10,21,29,0,60,0,0,0,0
142.7094,3,0,10,0,0,0,0,-1,1,4.0000,-1,10,21,29,0,60,0,0,0,0
142.7215,3,0,10,0,0,0,0,-1,0,4.0000,-1,10,21,29,0,60,0,0,0,0
142.7345,3,0,10,0,0,0,0,-1,0,4.0000,-1,10,21,29,0,60,0,0,0,0
142.7553,3,0,10,0,0,0,0,-1,0,3.0000,-1,10,21,29,0,60,0,0,0,0
142.7778,3,0,10,0,0,0,0,-1,0,3.0000,-1,10,21,29,0,60,0,0,0,0
142.7961,3,0,10,0,0,0,0,-1,0,3.0000,-1,10,21,29,0,60,0,0,0,0
142.8171,3,0,10,0,0,0,0,-1,0,3.0000,-1,10,21,29,0,60,0,0,0,0
142.8365,3,0,10,0,0,0,0,-1,0,3.0000,-1,10,21,29,0,60,0,0,0,0
142.8582,3,0,10,0,0,0,0,-1,0,3.0000,-1,10,21,29,0,60,0,0,0,0
142.8785,3,0,10,0,0,0,0,-1,1,4.0000,-1,10,21,29,0,60,0,0,0,0
142.9005,3,0,10,0,0,0,0,-1,0,4.0000,-1,10,21,29,0,60,0,0,0,0
142.9212,3,0,10,0,0,0,0,-1,0,4.0000,-1,10,21,29,0,60,0,0,0,0
142.9399,3,0,10,0,0,0,0,-1,0,4.0000,-1,10,21,29,0,60,0,0,0,0
142.9599,3,0,10,0,0,0,0,-1,0,4.0000,-1,10,21,29,0,60,0,0,0,0
142.9797,3,0,10,0,0,0,0,-1,0,4.0000,-1,10,21,29,0,60,0,0,0,0
143.0013,3,0,10,0,0,0,0,-1,0,3.0000,-1,10,21,29,0,60,0,0,0,0
143.0232,3,0,10,0,0,0,1,204,0,3.0000,-1,10,21,29,0,60,0,0,0,0
143.0449,3,0,10,0,0,0,1,204,0,3.0000,-1,10,21,29,0,60,0,0,0,0
143.0621,3,0,10,0,0,0,1,204,0,3.0000,-1,10,21,29,0,60,0,0,0,0
143.0837,3,0,10,0,0,0,1,204,0,3.0000,-1,10,21,29,0,60,0,0,0,0
143.1241,3,0,10,0,0,0,1,204,0,3.0000,-1,10,21,29,0,60,0,0,0,0
143.1365,3,0,10,0,0,0,1,204,0,3.0000,-1,10,21,29,0,60,0,0,0,0
143.1505,3,0,10,0,0,0,1,204,0,3.0000,-1,10,21,29,0,60,0,0,0,0
143.173,3,0,10,0,0,0,1,204,0,2.0000,-1,10,21,29,0,60,0,0,0,0
143.1937,3,0,10,0,0,0,1,204,0,2.0000,-1,10,21,29,0,60,0,0,0,0
143.2143,3,0,10,0,0,0,1,204,0,2.0000,-1,10,21,29,0,60,0,0,0,0
143.2355,3,0,10,0,0,0,1,204,0,2.0000,-1,10,21,29,0,60,0,0,0,0
143.2572,3,0,10,0,0,0,1,204,0,2.0000,-1,10,21,29,0,60,0,0,0,0
143.2773,3,0,10,0,0,0,1,204,0,2.0000,-1,10,21,29,0,60,0,0,0,0
143.2983,3,0,10,0,0,0,1,204,0,2.0000,-1,10,21,29,0,60,0,0,0,0
143.3357,3,0,10,0,0,0,1,204,0,2.0000,-1,10,21,29,0,60,0,0,0,0
143.3471,3,0,10,0,0,0,1,204,0,2.0000,-1,10,21,29,0,60,0,0,0,0
143.3626,3,0,10,0,0,0,1,204,0,2.0000,-1,10,21,29,0,60,0,0,0,0
143.3831,3,0,10,0,0,0,1,204,1,3.0000,-1,10,21,29,0,60,0,0,0,0
143.4041,3,0,10,0,0,0,1,204,0,3.0000,-1,10,21,29,0,60,0,0,0,0
143.4247,3,0,10,0,0,0,1,204,0,3.0000,-1,10,21,29,0,60,0,0,0,0
143.4458,3,0,10,0,0,0,1,204,0,3.0000,-1,10,21,29,0,60,0,0,0,0
143.4676,3,0,10,0,0,0,1,204,0,3.0000,-1,10,21,29,0,60,0,0,0,0
143.4883,3,0,10,0,0,0,1,204,0,3.0000,-1,10,21,29,0,60,0,0,0,0
143.5081,3,0,10,0,0,0,1,204,0,3.0000,-1,10,21,29,0,60,0,0,0,0
143.5479,3,0,10,0,0,0,1,204,0,3.0000,-1,10,21,29,0,60,0,0,0,0
143.5594,3,0,10,0,0,0,1,204,0,3.0000,-1,10,21,29,0,60,0,0,0,0
143.5735,3,0,10,0,0,0,1,204,1,4.0000,-1,10,21,29,0,60,0,0,0,0
143.5943,3,0,10,0,0,0,1,204,0,4.0000,-1,10,21,29,0,60,0,0,0,0
143.6143,3,0,10,0,0,0,1,204,0,4.0000,-1,10,21,29,0,60,0,0,0,0
143.6366,3,0,10,0,0,0,1,204,0,4.0000,-1,10,21,29,0,60,0,0,0,0
143.6568,3,0,10,0,0,0,1,204,0,4.0000,-1,10,21,29,0,60,0,0,0,0
143.6782,3,0,10,0,0,0,1,204,0,4.0000,-1,10,21,29,0,60,0,0,0,0
143.6987,3,0,10,0,0,0,0,-1,0,4.0000,204,10,21,30,0,61,0,0,0,0
143.7192,3,0,10,0,0,0,0,-1,0,3.0000,-1,10,21,30,0,61,0,0,0,0
143.7587,3,0,10,0,0,0,0,-1,0,3.0000,-1,10,21,30,0,61,0,0,0,0
143.771,3,0,10,0,0,0,0,-1,1,4.0000,-1,10,21,30,0,61,0,0,0,0
143.7853,3,0,10,0,0,0,0,-1,0,4.0000,-1,10,21,30,0,61,0,0,0,0
143.8065,3,0,10,0,0,0,0,-1,0,4.0000,-1,10,21,30,0,61,0,0,0,0
143.8268,3,0,10,0,0,0,0,-1,0,4.0000,-1,10,21,30,0,61,0,0,0,0
143.8479,3,0,10,0,0,0,0,-1,0,4.0000,-1,10,21,30,0,61,0,0,0,0
143.8689,3,0,10,0,0,0,0,-1,0,4.0000,-1,10,21,30,0,61,0,0,0,0
143.8905,3,0,10,0,0,0,0,-1,0,3.0000,-1,10,21,30,0,61,0,0,0,0
143.9116,3,0,10,0,0,0,0,-1,0,3.0000,-1,10,21,30,0,61,0,0,0,0
143.9328,3,0,10,0,0,0,0,-1,0,3.0000,-1,10,21,30,0,61,0,0,0,0
143.9716,3,0,10,0,0,0,0,-1,0,3.0000,-1,10,21,30,0,61,0,0,0,0
143.9853,3,0,10,0,0,0,0,-1,1,4.0000,-1,10,21,30,0,61,0,0,0,0
143.9989,3,0,10,0,0,0,0,-1,0,4.0000,-1,10,21,30,0,61,0,0,0,0
144.0199,3,0,10,0,0,0,0,-1,0,4.0000,-1,10,21,30,0,61,0,0,0,0
144.0429,3,0,10,0,0,0,0,-1,0,4.0000,-1,10,21,30,0,61,0,0,0,0
144.0637,3,0,10,0,0,0,1,202,0,4.0000,-1,10,21,30,0,61,0,0,0,0
144.0842,3,0,10,0,0,0,1,202,0,4.0000,-1,10,21,30,0,61,0,0,0,0
144.1075,3,0,10,0,0,0,1,202,0,4.0000,-1,10,21,30,0,61,0,0,0,0
144.1293,3,0,10,0,0,0,1,202,0,4.0000,-1,10,21,30,0,61,0,0,0,0
144.1498,3,0,10,0,0,0,1,202,0,4.0000,-1,10,21,30,0,61,0,0,0,0
144.1733,3,0,10,0,0,0,1,202,1,5.0000,-1,10,21,30,0,61,0,0,0,0
144.1932,3,0,10,0,0,0,0,-1,0,5.0000,202,10,21,31,0,62,0,0,0,0
144.2162,3,0,10,0,0,0,0,-1,0,5.0000,-1,10,21,31,0,62,0,0,0,0
144.2385,3,0,10,0,0,0,0,-1,0,5.0000,-1,10,21,31,0,62,0,0,0,0
144.2593,3,0,10,0,0,0,0,-1,0,5.0000,-1,10,21,31,0,62,0,0,0,0
144.2818,3,0,10,0,0,0,0,-1,0,5.0000,-1,10,21,31,0,62,0,0,0,0
144.3036,3,0,10,0,0,0,0,-1,0,5.0000,-1,10,21,31,0,62,0,0,0,0
144.3219,3,0,10,0,0,0,0,-1,0,5.0000,-1,10,21,31,0,62,0,0,0,0
144.3467,3,0,10,0,0,0,0,-1,0,5.0000,-1,10,21,31,0,62,0,0,0,0
144.3672,3,0,10,0,0,0,0,-1,0,5.0000,-1,10,21,31,0,62,0,0,0,0
144.405,3,0,10,0,0,0,0,-1,1,5.0000,-1,10,21,31,0,62,0,0,0,0
144.4182,3,0,10,0,0,0,0,-1,0,5.0000,-1,10,21,31,0,62,0,0,0,0
144.4331,3,0,10,0,0,0,0,-1,0,5.0000,-1,10,21,31,0,62,0,0,0,0
144.4548,3,0,10,0,0,0,0,-1,0,5.0000,-1,10,21,31,0,62,0,0,0,0
144.4772,3,0,10,0,0,0,0,-1,0,5.0000,-1,10,21,31,0,62,0,0,0,0
144.5008,3,0,10,0,0,0,0,-1,0,5.0000,-1,10,21,31,0,62,0,0,0,0
144.5203,3,0,10,0,0,0,0,-1,0,5.0000,-1,10,21,31,0,62,0,0,0,0
144.5421,3,0,10,0,0,0,0,-1,0,5.0000,-1,10,21,31,0,62,0,0,0,0
144.5653,3,0,10,0,0,0,0,-1,0,5.0000,-1,10,21,31,0,62,0,0,0,0
144.5885,3,0,10,0,0,0,0,-1,0,4.0000,-1,10,21,31,0,62,0,0,0,0
144.6091,3,0,10,0,0,0,0,-1,0,4.0000,-1,10,21,31,0,62,0,0,0,0
144.6296,3,0,10,0,0,0,0,-1,0,4.0000,-1,10,21,31,0,62,0,0,0,0
144.6528,3,0,10,0,0,0,0,-1,0,4.0000,-1,10,21,31,0,62,0,0,0,0
144.6739,3,0,10,0,0,0,0,-1,1,5.0000,-1,10,21,31,0,62,0,0,0,0
144.6949,3,0,10,0,0,0,0,-1,0,5.0000,-1,10,21,31,0,62,0,0,0,0
144.7159,3,0,10,0,0,0,0,-1,0,5.0000,-1,10,21,31,0,62,0,0,0,0
144.7368,3,0,10,0,0,0,1,205,0,5.0000,-1,10,21,31,0,62,0,0,0,0
144.7573,3,0,10,0,0,0,1,205,0,5.0000,-1,10,21,31,0,62,0,0,0,0
144.7781,3,0,10,0,0,0,1,205,0,4.0000,-1,10,21,31,0,62,0,0,0,0
144.7996,3,0,10,0,0,0,1,205,0,4.0000,-1,10,21,31,0,62,0,0,0,0
144.8206,3,0,10,0,0,0,1,205,0,4.0000,-1,10,21,31,0,62,0,0,0,0
144.8417,3,0,10,0,0,0,1,205,0,4.0000,-1,10,21,31,0,62,0,0,0,0
144.8633,3,0,10,0,0,0,1,205,0,4.0000,-1,10,21,31,0,62,0,0,0,0
144.8845,3,0,10,0,0,0,1,205,0,4.0000,-1,10,21,31,0,62,0,0,0,0
144.9088,3,0,10,0,0,0,1,205,0,4.0000,-1,10,21,31,0,62,0,0,0,0
144.93,3,0,10,0,0,0,1,205,0,4.0000,-1,10,21,31,0,62,0,0,0,0
144.9524,3,0,10,0,0,0,1,205,0,4.0000,-1,10,21,31,0,62,0,0,0,0
144.9747,3,0,10,0,0,0,1,205,0,4.0000,-1,10,21,31,0,62,0,0,0,0
144.9977,3,0,10,0,0,0,1,205,0,3.0000,-1,10,21,31,0,62,0,0,0,0
145.0191,3,0,10,0,0,0,1,205,1,4.0000,-1,10,21,31,0,62,0,0,0,0
145.0599,3,0,10,0,0,0,1,205,0,4.0000,-1,10,21,31,0,62,0,0,0,0
145.0753,3,0,10,0,0,0,1,205,0,4.0000,-1,10,21,31,0,62,0,0,0,0
145.0914,3,0,10,0,0,0,1,205,0,4.0000,-1,10,21,31,0,62,0,0,0,0
145.1117,3,0,10,0,0,0,1,205,0,4.0000,-1,10,21,31,0,62,0,0,0,0
145.1333,3,0,10,0,0,0,1,205,0,4.0000,-1,10,21,31,0,62,0,0,0,0
145.1566,3,0,10,0,0,0,1,205,0,4.0000,-1,10,21,31,0,62,0,0,0,0
145.1777,3,0,10,0,0,0,1,205,0,3.0000,-1,10,21,31,0,62,0,0,0,0
145.1988,3,0,10,0,0,0,1,205,0,3.0000,-1,10,21,31,0,62,0,0,0,0
145.22,3,0,10,0,0,0,1,205,0,3.0000,-1,10,21,31,0,62,0,0,0,0
145.2592,3,0,10,0,0,0,1,205,0,3.0000,-1,10,21,31,0,62,0,0,0,0
145.2738,3,0,10,0,0,0,1,205,1,4.0000,-1,10,21,31,0,62,0,0,0,0
145.2914,3,0,10,0,0,0,1,205,0,4.0000,-1,10,21,31,0,62,0,0,0,0
145.3099,3,0,10,0,0,0,0,-1,0,4.0000,-1,10,21,31,0,62,0,0,0,0
145.3315,3,0,10,0,0,0,0,-1,0,4.0000,205,10,21,32,0,63,0,0,0,0
145.3526,3,0,10,0,0,0,0,-1,0,4.0000,-1,10,21,32,0,63,0,0,0,0
145.3752,3,0,10,0,0,0,0,-1,0,4.0000,-1,10,21,32,0,63,0,0,0,0
145.3979,3,0,10,0,0,0,0,-1,0,4.0000,-1,10,21,32,0,63,0,0,0,0
145.4191,3,0,10,0,0,0,0,-1,0,3.0000,-1,10,21,32,0,63,0,0,0,0
145.4402,3,0,10,0,0,0,0,-1,0,3.0000,-1,10,21,32,0,63,0,0,0,0
145.4799,3,0,10,0,0,0,0,-1,0,3.0000,-1,10,21,32,0,63,0,0,0,0
145.493,3,0,10,0,0,0,0,-1,1,4.0000,-1,10,21,32,0,63,0,0,0,0
145.5086,3,0,10,0,0,0,0,-1,0,4.0000,-1,10,21,32,0,63,0,0,0,0
145.5306,3,0,10,0,0,0,0,-1,0,4.0000,-1,10,21,32,0,63,0,0,0,0
145.5529,3,0,10,0,0,0,0,-1,0,4.0000,-1,10,21,32,0,63,0,0,0,0
145.5731,3,0,10,0,0,0,0,-1,0,4.0000,-1,10,21,32,0,63,0,0,0,0
145.5943,3,0,10,0,0,0,0,-1,0,4.0000,-1,10,21,32,0,63,0,0,0,0
145.6147,3,0,10,0,0,0,0,-1,0,4.0000,-1,10,21,32,0,63,0,0,0,0
145.6374,3,0,10,0,0,0,0,-1,0,4.0000,-1,10,21,32,0,63,0,0,0,0
145.6593,3,0,10,0,0,0,0,-1,0,4.0000,-1,10,21,32,0,63,0,0,0,0
145.6805,3,0,10,0,0,0,0,-1,0,3.0000,-1,10,21,32,0,63,0,0,0,0
145.7023,3,0,10,0,0,0,0,-1,0,3.0000,-1,10,21,32,0,63,0,0,0,0
145.7227,3,0,10,0,0,0,0,-1,0,3.0000,-1,10,21,32,0,63,0,0,0,0
145.7447,3,0,10,0,0,0,0,-1,0,3.0000,-1,10,21,32,0,63,0,0,0,0
145.7665,3,0,10,0,0,0,0,-1,1,4.0000,-1,10,21,32,0,63,0,0,0,0
145.7868,3,0,10,0,0,0,0,-1,0,4.0000,-1,10,21,32,0,63,0,0,0,0
145.8074,3,0,10,0,0,0,0,-1,0,4.0000,-1,10,21,32,0,63,0,0,0,0
145.8266,3,0,10,0,0,0,0,-1,0,4.0000,-1,10,21,32,0,63,0,0,0,0
145.8484,3,0,10,0,0,0,0,-1,0,4.0000,-1,10,21,32,0,63,0,0,0,0
145.8682,3,0,10,0,0,0,0,-1,0,4.0000,-1,10,21,32,0,63,0,0,0,0
145.9059,3,0,10,0,0,0,0,-1,0,4.0000,-1,10,21,32,0,63,0,0,0,0
145.92,3,0,10,0,0,0,0,-1,0,4.0000,-1,10,21,32,0,63,0,0,0,0
145.9364,3,0,10,0,0,0,0,-1,0,4.0000,-1,10,21,32,0,63,0,0,0,0
145.9561,3,0,10,0,0,0,0,-1,0,4.0000,-1,10,21,32,0,63,0,0,0,0
145.9748,3,0,10,0,0,0,0,-1,0,4.0000,-1,10,21,32,0,63,0,0,0,0
145.9978,3,0,10,0,0,0,0,-1,1,5.0000,-1,10,21,32,0,63,0,0,0,0
146.017,3,0,10,0,0,0,0,-1,0,5.0000,-1,10,21,32,0,63,0,0,0,0
146.0384,3,0,10,0,0,0,0,-1,0,4.0000,-1,10,21,32,0,63,0,0,0,0
146.0594,3,0,10,0,0,0,0,-1,0,4.0000,-1,10,21,32,0,63,0,0,0,0
146.0811,3,0,10,1,0,0,1,209,0,4.0000,-1,10,21,32,0,63,0,0,0,0
146.1011,3,0,10,1,0,0,1,209,0,4.0000,-1,10,21,32,0,63,0,0,0,0
146.1257,3,0,10,1,0,0,1,209,0,4.0000,-1,10,21,32,0,63,0,0,0,0
146.1425,3,0,10,1,0,0,1,209,0,4.0000,-1,10,21,32,0,63,0,0,0,0
146.1624,3,0,10,1,0,0,1,209,0,4.0000,-1,10,21,32,0,63,0,0,0,0
146.1831,3,0,10,1,0,0,0,-1,1,5.0000,-1,10,21,32,0,63,0,0,0,0
146.2017,3,0,10,1,0,0,0,-1,0,5.0000,-1,10,21,32,0,63,0,0,0,0
146.2223,3,0,10,1,0,0,0,-1,0,5.0000,-1,10,21,32,0,63,0,0,0,0
146.2457,3,0,10,1,0,0,0,-1,0,5.0000,-1,10,21,32,0,63,0,0,0,0
146.2631,3,0,10,1,0,0,0,-1,0,5.0000,-1,10,21,32,0,63,0,0,0,0
146.2829,3,0,10,1,0,0,0,-1,0,4.0000,-1,10,21,32,0,63,0,0,0,0
146.3205,3,0,10,1,0,0,0,-1,0,4.0000,-1,10,21,32,0,63,0,0,0,0
146.3337,3,0,10,1,0,0,0,-1,0,4.0000,-1,10,21,32,0,63,0,0,0,0
146.3461,3,0,10,1,0,0,1,210,0,4.0000,-1,10,21,32,0,63,0,0,0,0
146.3653,3,0,10,1,0,0,1,210,0,4.0000,-1,10,21,32,0,63,0,0,0,0
146.3832,3,0,10,1,0,0,1,210,0,4.0000,-1,10,21,32,0,63,0,0,0,0
146.403,3,0,10,1,0,0,1,210,0,4.0000,-1,10,21,32,0,63,0,0,0,0
146.4228,3,0,10,1,0,0,1,210,0,4.0000,-1,10,21,32,0,63,0,0,0,0
146.4434,3,0,10,1,0,0,1,210,0,4.0000,-1,10,21,32,0,63,0,0,0,0
146.4633,3,0,10,1,0,0,1,210,1,5.0000,-1,10,21,32,0,63,0,0,0,0
146.4822,3,0,10,1,0,0,1,210,0,5.0000,-1,10,21,32,0,63,0,0,0,0
146.5033,3,0,10,1,0,0,1,210,0,4.0000,-1,10,21,32,0,63,0,0,0,0
146.54,3,0,10,1,0,0,1,210,0,4.0000,-1,10,21,32,0,63,0,0,0,0
146.5535,3,0,10,1,0,0,1,210,0,4.0000,-1,10,21,32,0,63,0,0,0,0
146.5666,3,0,10,1,0,0,1,210,0,4.0000,-1,10,21,32,0,63,0,0,0,0
146.5861,3,0,10,1,0,0,1,210,0,4.0000,-1,10,21,32,0,63,0,0,0,0
146.6048,3,0,10,1,0,0,1,210,0,4.0000,-1,10,21,32,0,63,0,0,0,0
146.6245,3,0,10,1,0,0,1,210,0,4.0000,-1,10,21,32,0,63,0,0,0,0
146.6445,3,0,10,1,0,0,1,210,0,4.0000,-1,10,21,32,0,63,0,0,0,0
146.6656,3,0,10,1,0,0,1,210,1,5.0000,-1,10,21,32,0,63,0,0,0,0
146.6858,3,0,10,1,0,0,0,-1,0,5.0000,210,10,21,33,0,64,0,0,0,0
146.7045,3,0,10,1,0,0,0,-1,0,5.0000,-1,10,21,33,0,64,0,0,0,0
146.7426,3,0,10,1,0,0,0,-1,0,5.0000,-1,10,21,33,0,64,0,0,0,0
146.7553,3,0,10,1,1,0,0,-1,0,5.0000,-1,10,21,33,0,64,0,0,0,0
146.7674,3,0,10,0,1,0,0,-1,0,4.0000,-1,10,21,33,0,64,0,0,0,0
146.7874,3,0,10,0,1,0,0,-1,0,4.0000,-1,10,21,33,0,64,0,0,0,0
146.8084,3,0,10,0,1,0,0,-1,0,4.0000,-1,10,21,33,0,64,0,0,0,0
146.8277,3,0,10,0,1,0,0,-1,0,4.0000,-1,10,21,33,0,64,0,0,0,0
146.8482,3,0,10,0,1,0,0,-1,0,4.0000,-1,10,21,33,0,64,0,0,0,0
146.8685,3,0,10,0,1,0,0,-1,0,4.0000,-1,10,21,33,0,64,0,0,0,0
146.8886,3,0,10,0,1,0,0,-1,0,4.0000,-1,10,21,33,0,64,0,0,0,0
146.9104,3,0,10,0,1,0,0,-1,1,5.0000,-1,10,21,33,0,64,0,0,0,0
146.9479,3,0,10,0,1,0,0,-1,0,5.0000,-1,10,21,33,0,64,0,0,0,0
146.9616,3,0,10,0,1,0,0,-1,0,5.0000,-1,10,21,33,0,64,0,0,0,0
146.9755,3,0,10,0,1,0,0,-1,0,5.0000,-1,10,21,33,0,64,0,0,0,0
146.9939,3,0,10,0,1,0,0,-1,0,5.0000,-1,10,21,33,0,64,0,0,0,0
147.0149,3,0,10,0,1,0,0,-1,0,4.0000,-1,10,21,33,0,64,0,0,0,0
147.0357,3,0,10,0,1,0,0,-1,0,4.0000,-1,10,21,33,0,64,0,0,0,0
147.0565,3,0,10,0,1,0,0,-1,0,4.0000,-1,10,21,33,0,64,0,0,0,0
147.0783,3,0,10,0,1,0,0,-1,0,4.0000,-1,10,21,33,0,64,0,0,0,0
147.0983,3,0,10,0,1,0,0,-1,0,4.0000,-1,10,21,33,0,64,0,0,0,0
147.118,3,0,10,0,1,0,0,-1,0,4.0000,-1,10,21,33,0,64,0,0,0,0
147.1384,3,0,10,0,1,0,0,-1,0,4.0000,-1,10,21,33,0,64,0,0,0,0
147.159,3,0,10,0,1,0,0,-1,0,4.0000,-1,10,21,33,0,64,0,0,0,0
147.1809,3,0,10,0,1,0,0,-1,0,4.0000,-1,10,21,33,0,64,0,0,0,0
147.2002,3,0,10,0,1,0,0,-1,0,3.0000,-1,10,21,33,0,64,0,0,0,0
147.2216,3,0,10,0,1,0,0,-1,0,3.0000,-1,10,21,33,0,64,0,0,0,0
147.2417,3,0,10,0,1,0,0,-1,0,3.0000,-1,10,21,33,0,64,0,0,0,0
147.2627,3,0,10,0,1,0,0,-1,0,3.0000,-1,10,21,33,0,64,0,0,0,0
147.2821,3,0,10,0,1,0,0,-1,0,3.0000,-1,10,21,33,0,64,0,0,0,0
147.3034,3,0,10,0,1,0,0,-1,1,4.0000,-1,10,21,33,0,64,0,0,0,0
147.3238,2,1,11,0,0,0,0,-1,0,4.0000,-1,10,21,33,0,64,0,0,0,0
147.345,2,0,11,0,0,0,0,-1,0,4.0000,-1,10,21,33,0,64,0,0,0,0
147.3663,2,0,11,0,0,0,0,-1,0,4.0000,-1,10,21,33,0,64,0,0,0,0
147.3855,2,0,11,0,0,0,0,-1,0,4.0000,-1,10,21,33,0,64,0,0,0,0
147.4069,2,0,11,0,0,0,0,-1,0,4.0000,-1,10,21,33,0,64,0,0,0,0
147.427,2,0,11,0,0,0,0,-1,0,4.0000,-1,10,21,33,0,64,0,0,0,0
147.449,2,0,11,0,0,0,0,-1,0,4.0000,-1,10,21,33,0,64,0,0,0,0