run_time,current_driver_player_number,driver_changed_this_frame,driver_change_count_total,curve_active,drift_check_active,drift_check_result,warning_active,warning_obstacle_id,driver_input_this_frame,inputs_per_second,hit_obstacle_id_this_frame,player1_collision_counter,player2_collision_counter,player3_collision_counter,player4_collision_counter,collision_count_total,player1_final_points,player2_final_points,player3_final_points,player4_final_points
35.77662,1,0,0,0,0,0,0,-1,0,0.0000,-1,0,0,0,0,0,0,0,0,0
35.82265,1,0,0,0,0,0,0,-1,0,0.0000,-1,0,0,0,0,0,0,0,0,0
35.85096,1,0,0,0,0,0,0,-1,0,0.0000,-1,0,0,0,0,0,0,0,0,0
35.86143,1,0,0,0,0,0,0,-1,0,0.0000,-1,0,0,0,0,0,0,0,0,0
35.87689,1,0,0,0,0,0,0,-1,0,0.0000,-1,0,0,0,0,0,0,0,0,0
35.90034,1,0,0,0,0,0,0,-1,0,0.0000,-1,0,0,0,0,0,0,0,0,0
35.92235,1,0,0,0,0,0,0,-1,0,0.0000,-1,0,0,0,0,0,0,0,0,0
35.94499,1,0,0,0,0,0,0,-1,0,0.0000,-1,0,0,0,0,0,0,0,0,0
35.96707,1,0,0,0,0,0,0,-1,0,0.0000,-1,0,0,0,0,0,0,0,0,0
35.9899,1,0,0,0,0,0,0,-1,0,0.0000,-1,0,0,0,0,0,0,0,0,0
36.03191,1,0,0,0,0,0,0,-1,0,0.0000,-1,0,0,0,0,0,0,0,0,0
36.0506,1,0,0,0,0,0,0,-1,0,0.0000,-1,0,0,0,0,0,0,0,0,0
36.06279,1,0,0,0,0,0,0,-1,0,0.0000,-1,0,0,0,0,0,0,0,0,0
36.08059,1,0,0,0,0,0,0,-1,0,0.0000,-1,0,0,0,0,0,0,0,0,0
36.10322,1,0,0,0,0,0,0,-1,0,0.0000,-1,0,0,0,0,0,0,0,0,0
36.1249,1,0,0,0,0,0,0,-1,0,0.0000,-1,0,0,0,0,0,0,0,0,0
36.14722,1,0,0,0,0,0,0,-1,0,0.0000,-1,0,0,0,0,0,0,0,0,0
36.16869,1,0,0,0,0,0,0,-1,0,0.0000,-1,0,0,0,0,0,0,0,0,0
36.19169,1,0,0,0,0,0,0,-1,0,0.0000,-1,0,0,0,0,0,0,0,0,0
36.21314,1,0,0,0,0,0,0,-1,0,0.0000,-1,0,0,0,0,0,0,0,0,0
36.23546,1,0,0,0,0,0,0,-1,0,0.0000,-1,0,0,0,0,0,0,0,0,0
36.25843,1,0,0,0,0,0,0,-1,0,0.0000,-1,0,0,0,0,0,0,0,0,0
36.28112,1,0,0,0,0,0,0,-1,0,0.0000,-1,0,0,0,0,0,0,0,0,0
36.30665,1,0,0,0,0,0,0,-1,0,0.0000,-1,0,0,0,0,0,0,0,0,0
36.32663,1,0,0,0,0,0,0,-1,0,0.0000,-1,0,0,0,0,0,0,0,0,0
36.34871,1,0,0,0,0,0,0,-1,0,0.0000,-1,0,0,0,0,0,0,0,0,0
36.37126,1,0,0,0,0,0,0,-1,0,0.0000,-1,0,0,0,0,0,0,0,0,0
36.39308,1,0,0,0,0,0,0,-1,0,0.0000,-1,0,0,0,0,0,0,0,0,0
36.41497,1,0,0,0,0,0,0,-1,0,0.0000,-1,0,0,0,0,0,0,0,0,0
36.43708,1,0,0,0,0,0,0,-1,0,0.0000,-1,0,0,0,0,0,0,0,0,0
36.46052,1,0,0,0,0,0,0,-1,0,0.0000,-1,0,0,0,0,0,0,0,0,0
36.48231,1,0,0,0,0,0,0,-1,0,0.0000,-1,0,0,0,0,0,0,0,0,0
36.50318,1,0,0,0,0,0,0,-1,0,0.0000,-1,0,0,0,0,0,0,0,0,0
36.52627,1,0,0,0,0,0,0,-1,0,0.0000,-1,0,0,0,0,0,0,0,0,0
36.54929,1,0,0,0,0,0,0,-1,0,0.0000,-1,0,0,0,0,0,0,0,0,0
36.57167,1,0,0,0,0,0,0,-1,0,0.0000,-1,0,0,0,0,0,0,0,0,0
36.59252,1,0,0,0,0,0,0,-1,0,0.0000,-1,0,0,0,0,0,0,0,0,0
36.61445,1,0,0,0,0,0,0,-1,0,0.0000,-1,0,0,0,0,0,0,0,0,0
36.63639,1,0,0,0,0,0,0,-1,0,0.0000,-1,0,0,0,0,0,0,0,0,0
36.65793,1,0,0,0,0,0,0,-1,0,0.0000,-1,0,0,0,0,0,0,0,0,0
36.6801,1,0,0,0,0,0,0,-1,0,0.0000,-1,0,0,0,0,0,0,0,0,0
36.7023,1,0,0,0,0,0,0,-1,0,0.0000,-1,0,0,0,0,0,0,0,0,0
36.72378,1,0,0,0,0,0,0,-1,0,0.0000,-1,0,0,0,0,0,0,0,0,0
36.74618,1,0,0,0,0,0,0,-1,0,0.0000,-1,0,0,0,0,0,0,0,0,0
36.76853,1,0,0,0,0,0,0,-1,0,0.0000,-1,0,0,0,0,0,0,0,0,0
36.79133,1,0,0,0,0,0,0,-1,0,0.0000,-1,0,0,0,0,0,0,0,0,0
36.81486,1,0,0,0,0,0,0,-1,0,0.0000,-1,0,0,0,0,0,0,0,0,0
36.83618,1,0,0,0,0,0,0,-1,0,0.0000,-1,0,0,0,0,0,0,0,0,0
36.85833,1,0,0,0,0,0,0,-1,0,0.0000,-1,0,0,0,0,0,0,0,0,0
36.88084,1,0,0,0,0,0,0,-1,0,0.0000,-1,0,0,0,0,0,0,0,0,0
36.9026,1,0,0,0,0,0,0,-1,0,0.0000,-1,0,0,0,0,0,0,0,0,0
36.92462,1,0,0,0,0,0,0,-1,0,0.0000,-1,0,0,0,0,0,0,0,0,0
36.94681,1,0,0,0,0,0,0,-1,0,0.0000,-1,0,0,0,0,0,0,0,0,0
36.96982,1,0,0,0,0,0,0,-1,0,0.0000,-1,0,0,0,0,0,0,0,0,0
36.99406,1,0,0,0,0,0,0,-1,0,0.0000,-1,0,0,0,0,0,0,0,0,0
37.01609,1,0,0,0,0,0,0,-1,0,0.0000,-1,0,0,0,0,0,0,0,0,0
37.03842,1,0,0,0,0,0,0,-1,0,0.0000,-1,0,0,0,0,0,0,0,0,0
37.06029,1,0,0,0,0,0,0,-1,0,0.0000,-1,0,0,0,0,0,0,0,0,0
37.08281,1,0,0,0,0,0,0,-1,0,0.0000,-1,0,0,0,0,0,0,0,0,0
37.10558,1,0,0,0,0,0,0,-1,0,0.0000,-1,0,0,0,0,0,0,0,0,0
37.12809,1,0,0,0,0,0,0,-1,0,0.0000,-1,0,0,0,0,0,0,0,0,0
37.15038,1,0,0,0,0,0,0,-1,0,0.0000,-1,0,0,0,0,0,0,0,0,0
37.17166,1,0,0,0,0,0,0,-1,0,0.0000,-1,0,0,0,0,0,0,0,0,0
37.19348,1,0,0,0,0,0,0,-1,0,0.0000,-1,0,0,0,0,0,0,0,0,0
37.21557,1,0,0,0,0,0,0,-1,0,0.0000,-1,0,0,0,0,0,0,0,0,0
37.23806,1,0,0,0,0,0,0,-1,0,0.0000,-1,0,0,0,0,0,0,0,0,0
37.26014,1,0,0,0,0,0,0,-1,0,0.0000,-1,0,0,0,0,0,0,0,0,0
37.28288,1,0,0,0,0,0,0,-1,0,0.0000,-1,0,0,0,0,0,0,0,0,0
37.30394,1,0,0,0,0,0,0,-1,0,0.0000,-1,0,0,0,0,0,0,0,0,0
37.32635,1,0,0,0,0,0,0,-1,0,0.0000,-1,0,0,0,0,0,0,0,0,0
37.3494,1,0,0,0,0,0,0,-1,0,0.0000,-1,0,0,0,0,0,0,0,0,0
37.37053,1,0,0,0,0,0,0,-1,0,0.0000,-1,0,0,0,0,0,0,0,0,0
37.39203,1,0,0,0,0,0,0,-1,0,0.0000,-1,0,0,0,0,0,0,0,0,0
37.41432,1,0,0,0,0,0,0,-1,0,0.0000,-1,0,0,0,0,0,0,0,0,0
37.43674,1,0,0,0,0,0,0,-1,0,0.0000,-1,0,0,0,0,0,0,0,0,0
37.45819,1,0,0,0,0,0,0,-1,0,0.0000,-1,0,0,0,0,0,0,0,0,0
37.48083,1,0,0,0,0,0,0,-1,0,0.0000,-1,0,0,0,0,0,0,0,0,0
37.50311,1,0,0,0,0,0,0,-1,0,0.0000,-1,0,0,0,0,0,0,0,0,0
37.52523,1,0,0,0,0,0,0,-1,0,0.0000,-1,0,0,0,0,0,0,0,0,0
37.54746,1,0,0,0,0,0,0,-1,0,0.0000,-1,0,0,0,0,0,0,0,0,0
37.56984,1,0,0,0,0,0,0,-1,0,0.0000,-1,0,0,0,0,0,0,0,0,0
37.59249,1,0,0,0,0,0,0,-1,0,0.0000,-1,0,0,0,0,0,0,0,0,0
37.61444,1,0,0,0,0,0,0,-1,0,0.0000,-1,0,0,0,0,0,0,0,0,0
37.63694,1,0,0,0,0,0,0,-1,0,0.0000,-1,0,0,0,0,0,0,0,0,0
37.65818,1,0,0,0,0,0,0,-1,0,0.0000,-1,0,0,0,0,0,0,0,0,0
37.68044,1,0,0,0,0,0,0,-1,0,0.0000,-1,0,0,0,0,0,0,0,0,0
37.70242,1,0,0,0,0,0,0,-1,0,0.0000,-1,0,0,0,0,0,0,0,0,0
37.72491,1,0,0,0,0,0,0,-1,0,0.0000,-1,0,0,0,0,0,0,0,0,0
37.74703,1,0,0,0,0,0,0,-1,1,1.0000,-1,0,0,0,0,0,0,0,0,0
37.76843,1,0,0,0,0,0,0,-1,0,1.0000,-1,0,0,0,0,0,0,0,0,0
37.79109,1,0,0,0,0,0,0,-1,0,1.0000,-1,0,0,0,0,0,0,0,0,0
37.81333,1,0,0,0,0,0,0,-1,0,1.0000,-1,0,0,0,0,0,0,0,0,0
37.83603,1,0,0,0,0,0,0,-1,0,1.0000,-1,0,0,0,0,0,0,0,0,0
37.85833,1,0,0,0,0,0,0,-1,0,1.0000,-1,0,0,0,0,0,0,0,0,0
37.88057,1,0,0,0,0,0,0,-1,0,1.0000,-1,0,0,0,0,0,0,0,0,0
37.92199,1,0,0,0,0,0,0,-1,0,1.0000,-1,0,0,0,0,0,0,0,0,0
37.93303,1,0,0,0,0,0,0,-1,0,1.0000,-1,0,0,0,0,0,0,0,0,0
37.95035,1,0,0,0,0,0,0,-1,0,1.0000,-1,0,0,0,0,0,0,0,0,0
37.97336,1,0,0,0,0,0,0,-1,0,1.0000,-1,0,0,0,0,0,0,0,0,0
37.99586,1,0,0,0,0,0,0,-1,0,1.0000,-1,0,0,0,0,0,0,0,0,0
38.01884,1,0,0,0,0,0,0,-1,0,1.0000,-1,0,0,0,0,0,0,0,0,0
38.04108,1,0,0,0,0,0,0,-1,0,1.0000,-1,0,0,0,0,0,0,0,0,0
38.06312,1,0,0,0,0,0,0,-1,0,1.0000,-1,0,0,0,0,0,0,0,0,0
38.0857,1,0,0,0,0,0,0,-1,0,1.0000,-1,0,0,0,0,0,0,0,0,0
38.10773,1,0,0,0,0,0,0,-1,0,1.0000,-1,0,0,0,0,0,0,0,0,0
38.13007,1,0,0,0,0,0,0,-1,0,1.0000,-1,0,0,0,0,0,0,0,0,0
38.15235,1,0,0,0,0,0,0,-1,0,1.0000,-1,0,0,0,0,0,0,0,0,0
38.17494,1,0,0,0,0,0,0,-1,0,1.0000,-1,0,0,0,0,0,0,0,0,0
38.19763,1,0,0,0,0,0,0,-1,0,1.0000,-1,0,0,0,0,0,0,0,0,0
38.21941,1,0,0,0,0,0,0,-1,0,1.0000,-1,0,0,0,0,0,0,0,0,0
38.24246,1,0,0,0,0,0,0,-1,0,1.0000,-1,0,0,0,0,0,0,0,0,0
38.26446,1,0,0,0,0,0,0,-1,0,1.0000,-1,0,0,0,0,0,0,0,0,0
38.28688,1,0,0,0,0,0,0,-1,0,1.0000,-1,0,0,0,0,0,0,0,0,0
38.30904,1,0,0,0,0,0,0,-1,0,1.0000,-1,0,0,0,0,0,0,0,0,0
38.33161,1,0,0,0,0,0,0,-1,0,1.0000,-1,0,0,0,0,0,0,0,0,0
38.35379,1,0,0,0,0,0,0,-1,0,1.0000,-1,0,0,0,0,0,0,0,0,0
38.3763,1,0,0,0,0,0,0,-1,0,1.0000,-1,0,0,0,0,0,0,0,0,0
38.39827,1,0,0,0,0,0,0,-1,0,1.0000,-1,0,0,0,0,0,0,0,0,0
38.42074,1,0,0,0,0,0,0,-1,0,1.0000,-1,0,0,0,0,0,0,0,0,0
38.4431,1,0,0,0,0,0,0,-1,0,1.0000,-1,0,0,0,0,0,0,0,0,0
38.46569,1,0,0,0,0,0,0,-1,0,1.0000,-1,0,0,0,0,0,0,0,0,0
38.4878,1,0,0,0,0,0,0,-1,0,1.0000,-1,0,0,0,0,0,0,0,0,0
38.51051,1,0,0,0,0,0,0,-1,0,1.0000,-1,0,0,0,0,0,0,0,0,0
38.53339,1,0,0,0,0,0,0,-1,0,1.0000,-1,0,0,0,0,0,0,0,0,0
38.55509,1,0,0,0,0,0,0,-1,0,1.0000,-1,0,0,0,0,0,0,0,0,0
38.57782,1,0,0,0,0,0,0,-1,0,1.0000,-1,0,0,0,0,0,0,0,0,0
38.60006,1,0,0,0,0,0,0,-1,0,1.0000,-1,0,0,0,0,0,0,0,0,0
38.62254,1,0,0,0,0,0,0,-1,0,1.0000,-1,0,0,0,0,0,0,0,0,0
38.64539,1,0,0,0,0,0,0,-1,0,1.0000,-1,0,0,0,0,0,0,0,0,0
38.66759,1,0,0,0,0,0,0,-1,0,1.0000,-1,0,0,0,0,0,0,0,0,0
38.69038,1,0,0,0,0,0,0,-1,0,1.0000,-1,0,0,0,0,0,0,0,0,0
38.71266,1,0,0,0,0,0,0,-1,0,1.0000,-1,0,0,0,0,0,0,0,0,0
38.73463,1,0,0,0,0,0,0,-1,0,1.0000,-1,0,0,0,0,0,0,0,0,0
38.75771,1,0,0,0,0,0,0,-1,0,0.0000,-1,0,0,0,0,0,0,0,0,0
38.78016,1,0,0,0,0,0,0,-1,0,0.0000,-1,0,0,0,0,0,0,0,0,0
38.80255,1,0,0,0,0,0,0,-1,0,0.0000,-1,0,0,0,0,0,0,0,0,0
38.82502,1,0,0,0,0,0,0,-1,0,0.0000,-1,0,0,0,0,0,0,0,0,0
38.84769,1,0,0,0,0,0,0,-1,0,0.0000,-1,0,0,0,0,0,0,0,0,0
38.86996,1,0,0,0,0,0,0,-1,0,0.0000,-1,0,0,0,0,0,0,0,0,0
38.89329,1,0,0,0,0,0,0,-1,0,0.0000,-1,0,0,0,0,0,0,0,0,0
38.93401,1,0,0,0,0,0,0,-1,0,0.0000,-1,0,0,0,0,0,0,0,0,0
38.94545,1,0,0,0,0,0,0,-1,0,0.0000,-1,0,0,0,0,0,0,0,0,0
38.96339,1,0,0,0,0,0,0,-1,0,0.0000,-1,0,0,0,0,0,0,0,0,0
38.98727,1,0,0,0,0,0,0,-1,0,0.0000,-1,0,0,0,0,0,0,0,0,0
39.01151,1,0,0,0,0,0,0,-1,0,0.0000,-1,0,0,0,0,0,0,0,0,0
39.03382,1,0,0,0,0,0,0,-1,0,0.0000,-1,0,0,0,0,0,0,0,0,0
39.05597,1,0,0,0,0,0,0,-1,0,0.0000,-1,0,0,0,0,0,0,0,0,0
39.07869,1,0,0,0,0,0,0,-1,0,0.0000,-1,0,0,0,0,0,0,0,0,0
39.10174,1,0,0,0,0,0,0,-1,0,0.0000,-1,0,0,0,0,0,0,0,0,0
39.125,1,0,0,0,0,0,0,-1,0,0.0000,-1,0,0,0,0,0,0,0,0,0
39.14771,1,0,0,0,0,0,0,-1,0,0.0000,-1,0,0,0,0,0,0,0,0,0
39.17044,1,0,0,0,0,0,0,-1,0,0.0000,-1,0,0,0,0,0,0,0,0,0
39.19395,1,0,0,0,0,0,0,-1,0,0.0000,-1,0,0,0,0,0,0,0,0,0
39.21541,1,0,0,0,0,0,0,-1,0,0.0000,-1,0,0,0,0,0,0,0,0,0
39.23845,1,0,0,0,0,0,0,-1,0,0.0000,-1,0,0,0,0,0,0,0,0,0
39.26107,1,0,0,0,0,0,0,-1,0,0.0000,-1,0,0,0,0,0,0,0,0,0
39.28415,1,0,0,0,0,0,0,-1,0,0.0000,-1,0,0,0,0,0,0,0,0,0
39.30727,1,0,0,0,0,0,0,-1,0,0.0000,-1,0,0,0,0,0,0,0,0,0
39.33044,1,0,0,0,0,0,0,-1,0,0.0000,-1,0,0,0,0,0,0,0,0,0
39.35439,1,0,0,0,0,0,0,-1,0,0.0000,-1,0,0,0,0,0,0,0,0,0
39.37638,1,0,0,0,0,0,0,-1,0,0.0000,-1,0,0,0,0,0,0,0,0,0
39.39972,1,0,0,0,0,0,0,-1,0,0.0000,-1,0,0,0,0,0,0,0,0,0
39.42244,1,0,0,0,0,0,0,-1,0,0.0000,-1,0,0,0,0,0,0,0,0,0
39.44463,1,0,0,0,0,0,0,-1,0,0.0000,-1,0,0,0,0,0,0,0,0,0
39.46735,1,0,0,0,0,0,0,-1,0,0.0000,-1,0,0,0,0,0,0,0,0,0
39.49102,1,0,0,0,0,0,0,-1,0,0.0000,-1,0,0,0,0,0,0,0,0,0
39.51363,1,0,0,0,0,0,0,-1,0,0.0000,-1,0,0,0,0,0,0,0,0,0
39.53681,1,0,0,0,0,0,0,-1,0,0.0000,-1,0,0,0,0,0,0,0,0,0
39.5592,1,0,0,0,0,0,0,-1,0,0.0000,-1,0,0,0,0,0,0,0,0,0
39.58215,1,0,0,0,0,0,0,-1,0,0.0000,-1,0,0,0,0,0,0,0,0,0
39.60461,1,0,0,0,0,0,0,-1,0,0.0000,-1,0,0,0,0,0,0,0,0,0
39.62801,1,0,0,0,0,0,0,-1,0,0.0000,-1,0,0,0,0,0,0,0,0,0
39.6503,1,0,0,0,0,0,0,-1,0,0.0000,-1,0,0,0,0,0,0,0,0,0
39.6734,1,0,0,0,0,0,0,-1,0,0.0000,-1,0,0,0,0,0,0,0,0,0
39.69617,1,0,0,0,0,0,0,-1,0,0.0000,-1,0,0,0,0,0,0,0,0,0
39.71994,1,0,0,0,0,0,0,-1,0,0.0000,-1,0,0,0,0,0,0,0,0,0
39.7425,1,0,0,0,0,0,0,-1,0,0.0000,-1,0,0,0,0,0,0,0,0,0
39.76518,1,0,0,0,0,0,0,-1,0,0.0000,-1,0,0,0,0,0,0,0,0,0
39.78833,1,0,0,0,0,0,0,-1,0,0.0000,-1,0,0,0,0,0,0,0,0,0
39.81176,1,0,0,0,0,0,0,-1,0,0.0000,-1,0,0,0,0,0,0,0,0,0
39.83501,1,0,0,0,0,0,0,-1,0,0.0000,-1,0,0,0,0,0,0,0,0,0
39.85808,1,0,0,0,0,0,0,-1,0,0.0000,-1,0,0,0,0,0,0,0,0,0
39.88071,1,0,0,0,0,0,0,-1,0,0.0000,-1,0,0,0,0,0,0,0,0,0
39.90312,1,0,0,0,0,0,0,-1,0,0.0000,-1,0,0,0,0,0,0,0,0,0
39.92682,1,0,0,0,0,0,0,-1,0,0.0000,-1,0,0,0,0,0,0,0,0,0
39.96938,1,0,0,0,0,0,0,-1,0,0.0000,-1,0,0,0,0,0,0,0,0,0
39.98075,1,0,0,0,0,0,0,-1,0,0.0000,-1,0,0,0,0,0,0,0,0,0
39.99857,1,0,0,0,0,0,0,-1,0,0.0000,-1,0,0,0,0,0,0,0,0,0
40.02192,1,0,0,0,0,0,0,-1,0,0.0000,-1,0,0,0,0,0,0,0,0,0
40.04518,1,0,0,0,0,0,0,-1,0,0.0000,-1,0,0,0,0,0,0,0,0,0
40.06881,1,0,0,0,0,0,0,-1,0,0.0000,-1,0,0,0,0,0,0,0,0,0
40.09204,1,0,0,0,0,0,0,-1,0,0.0000,-1,0,0,0,0,0,0,0,0,0
40.11432,1,0,0,0,0,0,0,-1,0,0.0000,-1,0,0,0,0,0,0,0,0,0
40.13679,1,0,0,0,0,0,0,-1,0,0.0000,-1,0,0,0,0,0,0,0,0,0
40.16027,1,0,0,0,0,0,0,-1,0,0.0000,-1,0,0,0,0,0,0,0,0,0
40.18328,1,0,0,0,0,0,0,-1,0,0.0000,-1,0,0,0,0,0,0,0,0,0
40.20657,1,0,0,0,0,0,0,-1,0,0.0000,-1,0,0,0,0,0,0,0,0,0
40.2294,1,0,0,0,0,0,0,-1,0,0.0000,-1,0,0,0,0,0,0,0,0,0
40.25238,1,0,0,0,0,0,0,-1,0,0.0000,-1,0,0,0,0,0,0,0,0,0
40.27574,1,0,0,0,0,0,0,-1,0,0.0000,-1,0,0,0,0,0,0,0,0,0
40.29949,1,0,0,0,0,0,0,-1,0,0.0000,-1,0,0,0,0,0,0,0,0,0
40.32205,1,0,0,0,0,0,0,-1,0,0.0000,-1,0,0,0,0,0,0,0,0,0
40.34464,1,0,0,0,0,0,0,-1,0,0.0000,-1,0,0,0,0,0,0,0,0,0
40.36768,1,0,0,0,0,0,0,-1,0,0.0000,-1,0,0,0,0,0,0,0,0,0
40.39056,1,0,0,0,0,0,0,-1,0,0.0000,-1,0,0,0,0,0,0,0,0,0
40.41328,1,0,0,0,0,0,0,-1,0,0.0000,-1,0,0,0,0,0,0,0,0,0
40.43615,1,0,0,0,0,0,0,-1,0,0.0000,-1,0,0,0,0,0,0,0,0,0
40.45912,1,0,0,0,0,0,0,-1,0,0.0000,-1,0,0,0,0,0,0,0,0,0
40.48204,1,0,0,0,0,0,0,-1,0,0.0000,-1,0,0,0,0,0,0,0,0,0
40.50525,1,0,0,0,0,0,0,-1,0,0.0000,-1,0,0,0,0,0,0,0,0,0
40.52865,1,0,0,0,0,0,0,-1,0,0.0000,-1,0,0,0,0,0,0,0,0,0
40.55235,1,0,0,0,0,0,0,-1,0,0.0000,-1,0,0,0,0,0,0,0,0,0
40.59618,1,0,0,0,0,0,0,-1,0,0.0000,-1,0,0,0,0,0,0,0,0,0
40.60788,1,0,0,0,0,0,0,-1,0,0.0000,-1,0,0,0,0,0,0,0,0,0
40.6244,1,0,0,0,0,0,1,5,0,0.0000,-1,0,0,0,0,0,0,0,0,0
40.6537,1,0,0,0,0,0,1,5,0,0.0000,-1,0,0,0,0,0,0,0,0,0
40.67083,1,0,0,0,0,0,1,5,0,0.0000,-1,0,0,0,0,0,0,0,0,0
40.69432,1,0,0,0,0,0,1,5,0,0.0000,-1,0,0,0,0,0,0,0,0,0
40.71832,1,0,0,0,0,0,1,5,0,0.0000,-1,0,0,0,0,0,0,0,0,0
40.74184,1,0,0,0,0,0,1,5,0,0.0000,-1,0,0,0,0,0,0,0,0,0
40.76511,1,0,0,0,0,0,1,5,0,0.0000,-1,0,0,0,0,0,0,0,0,0
40.78907,1,0,0,0,0,0,1,5,0,0.0000,-1,0,0,0,0,0,0,0,0,0
40.81324,1,0,0,0,0,0,1,5,0,0.0000,-1,0,0,0,0,0,0,0,0,0
40.83601,1,0,0,0,0,0,1,5,0,0.0000,-1,0,0,0,0,0,0,0,0,0
40.85995,1,0,0,0,0,0,1,5,0,0.0000,-1,0,0,0,0,0,0,0,0,0
40.88207,1,0,0,0,0,0,1,5,0,0.0000,-1,0,0,0,0,0,0,0,0,0
40.90559,1,0,0,0,0,0,1,5,0,0.0000,-1,0,0,0,0,0,0,0,0,0
40.92961,1,0,0,0,0,0,1,5,0,0.0000,-1,0,0,0,0,0,0,0,0,0
40.95261,1,0,0,0,0,0,1,5,0,0.0000,-1,0,0,0,0,0,0,0,0,0
40.97653,1,0,0,0,0,0,1,5,0,0.0000,-1,0,0,0,0,0,0,0,0,0
41.00063,1,0,0,0,0,0,1,5,0,0.0000,-1,0,0,0,0,0,0,0,0,0
41.02389,1,0,0,0,0,0,1,5,0,0.0000,-1,0,0,0,0,0,0,0,0,0
41.04768,1,0,0,0,0,0,1,5,0,0.0000,-1,0,0,0,0,0,0,0,0,0
41.07174,1,0,0,0,0,0,1,5,0,0.0000,-1,0,0,0,0,0,0,0,0,0
41.09535,1,0,0,0,0,0,1,5,0,0.0000,-1,0,0,0,0,0,0,0,0,0
41.1186,1,0,0,0,0,0,1,5,0,0.0000,-1,0,0,0,0,0,0,0,0,0
41.14297,1,0,0,0,0,0,1,5,0,0.0000,-1,0,0,0,0,0,0,0,0,0
41.16547,1,0,0,0,0,0,1,5,1,1.0000,-1,0,0,0,0,0,0,0,0,0
41.18874,1,0,0,0,0,0,0,-1,0,1.0000,-1,0,0,0,0,0,0,0,0,0
41.2117,1,0,0,0,0,0,0,-1,0,1.0000,-1,0,0,0,0,0,0,0,0,0
41.23536,1,0,0,0,0,0,0,-1,0,1.0000,-1,0,0,0,0,0,0,0,0,0
41.25835,1,0,0,0,0,0,0,-1,0,1.0000,-1,0,0,0,0,0,0,0,0,0
41.28463,1,0,0,0,0,0,0,-1,0,1.0000,-1,0,0,0,0,0,0,0,0,0
41.30507,1,0,0,0,0,0,0,-1,0,1.0000,-1,0,0,0,0,0,0,0,0,0
41.32813,1,0,0,0,0,0,0,-1,0,1.0000,-1,0,0,0,0,0,0,0,0,0
41.35113,1,0,0,0,0,0,0,-1,0,1.0000,-1,0,0,0,0,0,0,0,0,0
41.37442,1,0,0,0,0,0,0,-1,0,1.0000,-1,0,0,0,0,0,0,0,0,0
41.39725,1,0,0,0,0,0,0,-1,0,1.0000,-1,0,0,0,0,0,0,0,0,0
41.41994,1,0,0,0,0,0,0,-1,0,1.0000,-1,0,0,0,0,0,0,0,0,0
41.44294,1,0,0,0,0,0,0,-1,0,1.0000,-1,0,0,0,0,0,0,0,0,0
41.46598,1,0,0,0,0,0,0,-1,0,1.0000,-1,0,0,0,0,0,0,0,0,0
41.48767,1,0,0,0,0,0,0,-1,0,1.0000,-1,0,0,0,0,0,0,0,0,0
41.51052,1,0,0,0,0,0,0,-1,0,1.0000,-1,0,0,0,0,0,0,0,0,0
41.53285,1,0,0,0,0,0,0,-1,0,1.0000,-1,0,0,0,0,0,0,0,0,0
41.55534,1,0,0,0,0,0,0,-1,0,1.0000,-1,0,0,0,0,0,0,0,0,0
41.57776,1,0,0,0,0,0,0,-1,1,2.0000,-1,0,0,0,0,0,0,0,0,0
41.60073,1,0,0,0,0,0,0,-1,0,2.0000,-1,0,0,0,0,0,0,0,0,0
41.62302,1,0,0,0,0,0,0,-1,0,2.0000,-1,0,0,0,0,0,0,0,0,0
41.64548,1,0,0,0,0,0,0,-1,0,2.0000,-1,0,0,0,0,0,0,0,0,0
41.66842,1,0,0,0,0,0,0,-1,0,2.0000,-1,0,0,0,0,0,0,0,0,0
41.69024,1,0,0,0,0,0,0,-1,0,2.0000,-1,0,0,0,0,0,0,0,0,0
41.71278,1,0,0,0,0,0,0,-1,0,2.0000,-1,0,0,0,0,0,0,0,0,0
41.73559,1,0,0,0,0,0,0,-1,0,2.0000,-1,0,0,0,0,0,0,0,0,0
41.75726,1,0,0,0,0,0,0,-1,0,2.0000,-1,0,0,0,0,0,0,0,0,0
41.78035,1,0,0,0,0,0,0,-1,0,2.0000,-1,0,0,0,0,0,0,0,0,0
41.80237,1,0,0,0,0,0,0,-1,0,2.0000,-1,0,0,0,0,0,0,0,0,0
41.84428,1,0,0,0,0,0,0,-1,0,2.0000,-1,0,0,0,0,0,0,0,0,0
41.85635,1,0,0,0,0,0,0,-1,0,2.0000,-1,0,0,0,0,0,0,0,0,0
41.87217,1,0,0,0,0,0,0,-1,0,2.0000,-1,0,0,0,0,0,0,0,0,0
41.89462,1,0,0,0,0,0,0,-1,0,2.0000,-1,0,0,0,0,0,0,0,0,0
41.9179,1,0,0,0,0,0,0,-1,0,2.0000,-1,0,0,0,0,0,0,0,0,0
41.94048,1,0,0,0,0,0,0,-1,0,2.0000,-1,0,0,0,0,0,0,0,0,0
41.96274,1,0,0,0,0,0,0,-1,0,2.0000,-1,0,0,0,0,0,0,0,0,0
41.98553,1,0,0,0,0,0,0,-1,1,3.0000,-1,0,0,0,0,0,0,0,0,0
42.00928,1,0,0,0,0,0,0,-1,0,3.0000,-1,0,0,0,0,0,0,0,0,0
42.03205,1,0,0,0,0,0,0,-1,0,3.0000,-1,0,0,0,0,0,0,0,0,0
42.05445,1,0,0,0,0,0,1,5,0,3.0000,-1,0,0,0,0,0,0,0,0,0
42.07812,1,0,0,0,0,0,1,5,0,3.0000,-1,0,0,0,0,0,0,0,0,0
42.10108,1,0,0,0,0,0,1,5,0,3.0000,-1,0,0,0,0,0,0,0,0,0
42.12294,1,0,0,0,0,0,1,5,0,3.0000,-1,0,0,0,0,0,0,0,0,0
42.14565,1,0,0,0,0,0,1,5,0,3.0000,-1,0,0,0,0,0,0,0,0,0
42.16902,1,0,0,0,0,0,1,5,0,2.0000,-1,0,0,0,0,0,0,0,0,0
42.19221,1,0,0,0,0,0,1,5,0,2.0000,-1,0,0,0,0,0,0,0,0,0
42.2146,1,0,0,0,0,0,1,5,0,2.0000,-1,0,0,0,0,0,0,0,0,0
42.23714,1,0,0,0,0,0,1,5,0,2.0000,-1,0,0,0,0,0,0,0,0,0
42.26022,1,0,0,0,0,0,1,5,0,2.0000,-1,0,0,0,0,0,0,0,0,0
42.28279,1,0,0,0,0,0,1,5,0,2.0000,-1,0,0,0,0,0,0,0,0,0
42.30668,1,0,0,0,0,0,1,5,0,2.0000,-1,0,0,0,0,0,0,0,0,0
42.32896,1,0,0,0,0,0,1,5,0,2.0000,-1,0,0,0,0,0,0,0,0,0
42.35179,1,0,0,0,0,0,1,5,0,2.0000,-1,0,0,0,0,0,0,0,0,0
42.37505,1,0,0,0,0,0,1,5,0,2.0000,-1,0,0,0,0,0,0,0,0,0
42.39803,1,0,0,0,0,0,1,5,0,2.0000,-1,0,0,0,0,0,0,0,0,0
42.42204,1,0,0,0,0,0,1,5,0,2.0000,-1,0,0,0,0,0,0,0,0,0
42.44452,1,0,0,0,0,0,1,5,0,2.0000,-1,0,0,0,0,0,0,0,0,0
42.4679,1,0,0,0,0,0,1,5,0,2.0000,-1,0,0,0,0,0,0,0,0,0
42.48999,1,0,0,0,0,0,1,5,0,2.0000,-1,0,0,0,0,0,0,0,0,0
42.513,1,0,0,0,0,0,1,3,0,2.0000,5,1,0,0,0,1,0,0,0,0
42.54198,1,0,0,0,0,0,1,3,0,2.0000,-1,1,0,0,0,1,0,0,0,0
42.55877,1,0,0,0,0,0,1,3,0,2.0000,-1,1,0,0,0,1,0,0,0,0
42.58211,1,0,0,0,0,0,1,3,0,1.0000,-1,1,0,0,0,1,0,0,0,0
42.60537,1,0,0,0,0,0,1,3,0,1.0000,-1,1,0,0,0,1,0,0,0,0
42.62817,1,0,0,0,0,0,1,3,0,1.0000,-1,1,0,0,0,1,0,0,0,0
42.67178,1,0,0,0,0,0,1,3,1,2.0000,-1,1,0,0,0,1,0,0,0,0
42.68344,1,0,0,0,0,0,0,-1,0,2.0000,-1,1,0,0,0,1,0,0,0,0
42.70596,1,0,0,0,0,0,0,-1,0,2.0000,-1,1,0,0,0,1,0,0,0,0
42.724,1,0,0,0,0,0,0,-1,0,2.0000,-1,1,0,0,0,1,0,0,0,0
42.74731,1,0,0,0,0,0,1,1,0,2.0000,-1,1,0,0,0,1,0,0,0,0
42.7699,1,0,0,0,0,0,1,1,0,2.0000,-1,1,0,0,0,1,0,0,0,0
42.7933,1,0,0,0,0,0,1,1,0,2.0000,-1,1,0,0,0,1,0,0,0,0
42.81601,1,0,0,0,0,0,1,1,0,2.0000,-1,1,0,0,0,1,0,0,0,0
42.83939,1,0,0,0,0,0,1,1,0,2.0000,-1,1,0,0,0,1,0,0,0,0
42.86242,1,0,0,0,0,0,1,1,0,2.0000,-1,1,0,0,0,1,0,0,0,0
42.88484,1,0,0,0,0,0,1,1,0,2.0000,-1,1,0,0,0,1,0,0,0,0
42.90779,1,0,0,0,0,0,1,1,0,2.0000,-1,1,0,0,0,1,0,0,0,0
42.93002,1,0,0,0,0,0,1,1,0,2.0000,-1,1,0,0,0,1,0,0,0,0
42.95358,1,0,0,0,0,0,1,1,0,2.0000,-1,1,0,0,0,1,0,0,0,0
42.97557,1,0,0,0,0,0,1,1,0,2.0000,-1,1,0,0,0,1,0,0,0,0
42.99867,1,0,0,0,0,0,1,1,0,1.0000,-1,1,0,0,0,1,0,0,0,0
43.02174,1,0,0,0,0,0,1,1,1,2.0000,-1,1,0,0,0,1,0,0,0,0
43.04478,1,0,0,0,0,0,1,1,0,2.0000,-1,1,0,0,0,1,0,0,0,0
43.06673,1,0,0,0,0,0,1,1,0,2.0000,-1,1,0,0,0,1,0,0,0,0
43.08931,1,0,0,0,0,0,1,1,0,2.0000,-1,1,0,0,0,1,0,0,0,0
43.11154,1,0,0,0,0,0,1,1,0,2.0000,-1,1,0,0,0,1,0,0,0,0
43.13427,1,0,0,0,0,0,1,1,0,2.0000,-1,1,0,0,0,1,0,0,0,0
43.15699,1,0,0,0,0,0,1,1,0,2.0000,-1,1,0,0,0,1,0,0,0,0
43.17904,1,0,0,0,0,0,1,1,0,2.0000,-1,1,0,0,0,1,0,0,0,0
43.20095,1,0,0,0,0,0,1,1,0,2.0000,-1,1,0,0,0,1,0,0,0,0
43.22377,1,0,0,0,0,0,1,1,0,2.0000,-1,1,0,0,0,1,0,0,0,0
43.24583,1,0,0,0,0,0,1,1,0,2.0000,-1,1,0,0,0,1,0,0,0,0
43.28802,1,0,0,0,0,0,1,1,0,2.0000,-1,1,0,0,0,1,0,0,0,0
43.29956,1,0,0,0,0,0,1,1,0,2.0000,-1,1,0,0,0,1,0,0,0,0
43.31668,1,0,0,0,0,0,1,1,0,2.0000,-1,1,0,0,0,1,0,0,0,0
43.34001,1,0,0,0,0,0,1,1,0,2.0000,-1,1,0,0,0,1,0,0,0,0
43.36237,1,0,0,0,0,0,1,1,0,2.0000,-1,1,0,0,0,1,0,0,0,0
43.38474,1,0,0,0,0,0,1,1,0,2.0000,-1,1,0,0,0,1,0,0,0,0
43.40731,1,0,0,0,0,0,1,1,0,2.0000,-1,1,0,0,0,1,0,0,0,0
43.42991,1,0,0,0,0,0,1,1,0,2.0000,-1,1,0,0,0,1,0,0,0,0
43.4522,1,0,0,0,0,0,1,1,0,2.0000,-1,1,0,0,0,1,0,0,0,0
43.47463,1,0,0,0,0,0,1,1,0,2.0000,-1,1,0,0,0,1,0,0,0,0
43.49765,1,0,0,0,0,0,1,1,0,2.0000,-1,1,0,0,0,1,0,0,0,0
43.51981,1,0,0,0,0,0,1,1,0,2.0000,-1,1,0,0,0,1,0,0,0,0
43.54346,1,0,0,0,0,0,1,1,1,3.0000,-1,1,0,0,0,1,0,0,0,0
43.5656,1,0,0,0,0,0,0,-1,0,3.0000,-1,1,0,0,0,1,0,0,0,0
43.58848,1,0,0,0,0,0,0,-1,0,3.0000,-1,1,0,0,0,1,0,0,0,0
43.61103,1,0,0,0,0,0,0,-1,0,3.0000,-1,1,0,0,0,1,0,0,0,0
43.63445,1,0,0,0,0,0,0,-1,0,3.0000,-1,1,0,0,0,1,0,0,0,0
43.6573,1,0,0,0,0,0,0,-1,0,3.0000,-1,1,0,0,0,1,0,0,0,0
43.7008,1,0,0,0,0,0,0,-1,0,2.0000,-1,1,0,0,0,1,0,0,0,0
43.71451,1,0,0,0,0,0,0,-1,1,3.0000,-1,1,0,0,0,1,0,0,0,0
43.72869,1,0,0,0,0,0,0,-1,0,3.0000,-1,1,0,0,0,1,0,0,0,0
43.75169,1,0,0,0,0,0,0,-1,0,3.0000,-1,1,0,0,0,1,0,0,0,0
43.77454,1,0,0,0,0,0,0,-1,0,3.0000,-1,1,0,0,0,1,0,0,0,0
43.79654,1,0,0,0,0,0,0,-1,0,3.0000,-1,1,0,0,0,1,0,0,0,0
43.81964,1,0,0,0,0,0,0,-1,0,3.0000,-1,1,0,0,0,1,0,0,0,0
43.84204,1,0,0,0,0,0,0,-1,0,3.0000,-1,1,0,0,0,1,0,0,0,0
43.86485,1,0,0,0,0,0,0,-1,0,3.0000,-1,1,0,0,0,1,0,0,0,0
43.88791,1,0,0,0,0,0,0,-1,0,3.0000,-1,1,0,0,0,1,0,0,0,0
43.90956,1,0,0,0,0,0,0,-1,0,3.0000,-1,1,0,0,0,1,0,0,0,0
43.93208,1,0,0,0,0,0,0,-1,0,3.0000,-1,1,0,0,0,1,0,0,0,0
43.95481,1,0,0,0,0,0,0,-1,0,3.0000,-1,1,0,0,0,1,0,0,0,0
43.978,1,0,0,0,0,0,0,-1,0,3.0000,-1,1,0,0,0,1,0,0,0,0
44.00052,1,0,0,0,0,0,0,-1,1,4.0000,-1,1,0,0,0,1,0,0,0,0
44.02295,1,0,0,0,0,0,0,-1,0,3.0000,-1,1,0,0,0,1,0,0,0,0
44.04539,1,0,0,0,0,0,0,-1,0,3.0000,-1,1,0,0,0,1,0,0,0,0
44.06764,1,0,0,0,0,0,0,-1,0,3.0000,-1,1,0,0,0,1,0,0,0,0
44.09018,1,0,0,0,0,0,0,-1,0,3.0000,-1,1,0,0,0,1,0,0,0,0
44.11211,1,0,0,0,0,0,0,-1,0,3.0000,-1,1,0,0,0,1,0,0,0,0
44.13501,1,0,0,0,0,0,0,-1,0,3.0000,-1,1,0,0,0,1,0,0,0,0
44.15747,1,0,0,0,0,0,0,-1,0,3.0000,-1,1,0,0,0,1,0,0,0,0
44.17981,1,0,0,0,0,0,0,-1,0,3.0000,-1,1,0,0,0,1,0,0,0,0
44.20288,1,0,0,0,0,0,0,-1,0,3.0000,-1,1,0,0,0,1,0,0,0,0
44.2234,1,0,0,0,0,0,0,-1,0,3.0000,-1,1,0,0,0,1,0,0,0,0
44.24529,1,0,0,0,0,0,0,-1,0,3.0000,-1,1,0,0,0,1,0,0,0,0
44.26702,1,0,0,0,0,0,0,-1,0,3.0000,-1,1,0,0,0,1,0,0,0,0
44.28907,1,0,0,0,0,0,0,-1,0,3.0000,-1,1,0,0,0,1,0,0,0,0
44.31129,1,0,0,0,0,0,0,-1,0,3.0000,-1,1,0,0,0,1,0,0,0,0
44.33424,1,0,0,0,0,0,0,-1,0,3.0000,-1,1,0,0,0,1,0,0,0,0
44.35614,1,0,0,0,0,0,0,-1,0,3.0000,-1,1,0,0,0,1,0,0,0,0
44.37817,1,0,0,0,0,0,0,-1,0,3.0000,-1,1,0,0,0,1,0,0,0,0
44.40005,1,0,0,0,0,0,0,-1,0,3.0000,-1,1,0,0,0,1,0,0,0,0
44.42266,1,0,0,0,0,0,0,-1,0,3.0000,-1,1,0,0,0,1,0,0,0,0
44.44493,1,0,0,0,0,0,0,-1,0,3.0000,-1,1,0,0,0,1,0,0,0,0
44.46675,1,0,0,0,0,0,0,-1,0,3.0000,-1,1,0,0,0,1,0,0,0,0
44.48958,1,0,0,0,0,0,0,-1,0,3.0000,-1,1,0,0,0,1,0,0,0,0
44.51144,1,0,0,0,0,0,0,-1,0,3.0000,-1,1,0,0,0,1,0,0,0,0
44.53303,1,0,0,0,0,0,0,-1,0,3.0000,-1,1,0,0,0,1,0,0,0,0
44.55563,1,0,0,0,0,0,0,-1,0,2.0000,-1,1,0,0,0,1,0,0,0,0
44.57781,1,0,0,0,0,0,0,-1,0,2.0000,-1,1,0,0,0,1,0,0,0,0
44.60003,1,0,0,0,0,0,0,-1,0,2.0000,-1,1,0,0,0,1,0,0,0,0
44.62267,1,0,0,1,0,0,0,-1,0,2.0000,-1,1,0,0,0,1,0,0,0,0
44.64473,1,0,0,1,0,0,0,-1,0,2.0000,-1,1,0,0,0,1,0,0,0,0
44.66738,1,0,0,1,0,0,0,-1,0,2.0000,-1,1,0,0,0,1,0,0,0,0
44.68902,1,0,0,1,0,0,0,-1,0,2.0000,-1,1,0,0,0,1,0,0,0,0
44.71245,1,0,0,1,0,0,0,-1,0,2.0000,-1,1,0,0,0,1,0,0,0,0
44.75367,1,0,0,1,0,0,0,-1,0,1.0000,-1,1,0,0,0,1,0,0,0,0
44.76525,1,0,0,1,0,0,1,4,0,1.0000,-1,1,0,0,0,1,0,0,0,0
44.77937,1,0,0,1,0,0,1,4,0,1.0000,-1,1,0,0,0,1,0,0,0,0
44.80223,1,0,0,1,0,0,1,4,1,2.0000,-1,1,0,0,0,1,0,0,0,0
44.82523,1,0,0,1,0,0,1,4,0,2.0000,-1,1,0,0,0,1,0,0,0,0
44.84826,1,0,0,1,0,0,0,-1,0,2.0000,-1,1,0,0,0,1,0,0,0,0
44.86968,1,0,0,1,0,0,0,-1,0,2.0000,-1,1,0,0,0,1,0,0,0,0
44.89156,1,0,0,1,0,0,0,-1,0,2.0000,-1,1,0,0,0,1,0,0,0,0
44.91322,1,0,0,1,0,0,0,-1,0,2.0000,-1,1,0,0,0,1,0,0,0,0
44.93537,1,0,0,1,0,0,0,-1,0,2.0000,-1,1,0,0,0,1,0,0,0,0
44.95759,1,0,0,1,0,0,0,-1,0,2.0000,-1,1,0,0,0,1,0,0,0,0
44.97991,1,0,0,1,0,0,0,-1,0,2.0000,-1,1,0,0,0,1,0,0,0,0
45.00142,1,0,0,1,0,0,0,-1,0,1.0000,-1,1,0,0,0,1,0,0,0,0
45.02401,1,0,0,1,0,0,0,-1,0,1.0000,-1,1,0,0,0,1,0,0,0,0
45.04573,1,0,0,1,0,0,0,-1,0,1.0000,-1,1,0,0,0,1,0,0,0,0
45.06748,1,0,0,1,0,0,0,-1,0,1.0000,-1,1,0,0,0,1,0,0,0,0
45.08963,1,0,0,1,0,0,0,-1,0,1.0000,-1,1,0,0,0,1,0,0,0,0
45.11158,1,0,0,1,0,0,0,-1,0,1.0000,-1,1,0,0,0,1,0,0,0,0
45.13353,1,0,0,1,0,0,0,-1,0,1.0000,-1,1,0,0,0,1,0,0,0,0
45.17408,1,0,0,1,0,0,0,-1,0,1.0000,-1,1,0,0,0,1,0,0,0,0
45.18538,1,0,0,1,0,0,0,-1,0,1.0000,-1,1,0,0,0,1,0,0,0,0
45.20158,1,0,0,1,0,0,0,-1,0,1.0000,-1,1,0,0,0,1,0,0,0,0
45.22297,1,0,0,1,0,0,0,-1,0,1.0000,-1,1,0,0,0,1,0,0,0,0
45.24507,1,0,0,1,0,0,0,-1,0,1.0000,-1,1,0,0,0,1,0,0,0,0
45.26674,1,0,0,1,0,0,1,6,0,1.0000,-1,1,0,0,0,1,0,0,0,0
45.28873,1,0,0,1,0,0,1,6,0,1.0000,-1,1,0,0,0,1,0,0,0,0
45.31034,1,0,0,1,0,0,1,6,0,1.0000,-1,1,0,0,0,1,0,0,0,0
45.33229,1,0,0,1,0,0,1,6,0,1.0000,-1,1,0,0,0,1,0,0,0,0
45.3547,1,0,0,1,1,0,1,6,0,1.0000,-1,1,0,0,0,1,0,0,0,0
45.37613,1,0,0,1,1,0,1,6,0,1.0000,-1,1,0,0,0,1,0,0,0,0
45.39877,1,0,0,1,1,0,1,6,0,1.0000,-1,1,0,0,0,1,0,0,0,0
45.42142,1,0,0,1,1,0,1,6,0,1.0000,-1,1,0,0,0,1,0,0,0,0
45.44291,1,0,0,1,1,0,1,6,0,1.0000,-1,1,0,0,0,1,0,0,0,0
45.46475,1,0,0,1,1,0,1,6,0,1.0000,-1,1,0,0,0,1,0,0,0,0
45.4863,1,0,0,1,1,0,1,6,0,1.0000,-1,1,0,0,0,1,0,0,0,0
45.50829,1,0,0,1,1,0,1,6,0,1.0000,-1,1,0,0,0,1,0,0,0,0
45.52967,1,0,0,1,1,0,1,6,0,1.0000,-1,1,0,0,0,1,0,0,0,0
45.55161,1,0,0,1,1,0,1,6,0,1.0000,-1,1,0,0,0,1,0,0,0,0
45.57279,1,0,0,1,1,0,1,6,1,2.0000,-1,1,0,0,0,1,0,0,0,0
45.6132,1,0,0,1,1,0,0,-1,0,2.0000,-1,1,0,0,0,1,0,0,0,0
45.62448,1,0,0,1,1,0,0,-1,0,2.0000,-1,1,0,0,0,1,0,0,0,0
45.64085,1,0,0,1,1,0,0,-1,0,2.0000,-1,1,0,0,0,1,0,0,0,0
45.66265,1,0,0,1,1,0,0,-1,0,2.0000,-1,1,0,0,0,1,0,0,0,0
45.68389,1,0,0,1,1,0,0,-1,0,2.0000,6,2,0,0,0,2,0,0,0,0
45.70615,1,0,0,1,1,0,0,-1,0,2.0000,-1,2,0,0,0,2,0,0,0,0
45.72829,1,0,0,1,1,0,0,-1,0,2.0000,-1,2,0,0,0,2,0,0,0,0
45.74996,1,0,0,1,1,0,0,-1,0,2.0000,-1,2,0,0,0,2,0,0,0,0
45.77127,1,0,0,1,1,0,0,-1,0,2.0000,-1,2,0,0,0,2,0,0,0,0
45.79234,1,0,0,1,1,0,0,-1,0,2.0000,-1,2,0,0,0,2,0,0,0,0
45.83323,1,0,0,1,1,0,0,-1,0,1.0000,-1,2,0,0,0,2,0,0,0,0
45.84525,1,0,0,0,1,0,0,-1,0,1.0000,-1,2,0,0,0,2,0,0,0,0
45.86065,1,0,0,0,1,0,0,-1,0,1.0000,-1,2,0,0,0,2,0,0,0,0
45.88323,1,0,0,0,1,0,0,-1,0,1.0000,-1,2,0,0,0,2,0,0,0,0
45.90372,1,0,0,0,1,0,0,-1,0,1.0000,-1,2,0,0,0,2,0,0,0,0
45.92535,1,0,0,0,1,0,0,-1,0,1.0000,-1,2,0,0,0,2,0,0,0,0
45.94746,1,0,0,0,0,0,0,-1,0,1.0000,-1,2,0,0,0,2,0,0,0,0
45.96988,1,0,0,0,0,0,0,-1,0,1.0000,-1,2,0,0,0,2,0,0,0,0
45.9905,1,0,0,0,0,0,1,8,0,1.0000,-1,2,0,0,0,2,0,0,0,0
46.0135,1,0,0,0,0,0,1,8,0,1.0000,-1,2,0,0,0,2,0,0,0,0
46.05246,1,0,0,0,0,0,1,8,0,1.0000,-1,2,0,0,0,2,0,0,0,0
46.06352,1,0,0,0,0,0,1,8,0,1.0000,-1,2,0,0,0,2,0,0,0,0
46.07829,1,0,0,0,0,0,1,8,0,1.0000,-1,2,0,0,0,2,0,0,0,0
46.10028,1,0,0,0,0,0,1,8,0,1.0000,-1,2,0,0,0,2,0,0,0,0
46.12202,1,0,0,0,0,0,1,8,0,1.0000,-1,2,0,0,0,2,0,0,0,0
46.14424,1,0,0,0,0,0,0,-1,0,1.0000,8,3,0,0,0,3,0,0,0,0
46.16612,1,0,0,0,0,0,0,-1,0,1.0000,-1,3,0,0,0,3,0,0,0,0
46.18824,1,0,0,0,0,0,0,-1,0,1.0000,-1,3,0,0,0,3,0,0,0,0
46.21153,1,0,0,0,0,0,0,-1,0,1.0000,-1,3,0,0,0,3,0,0,0,0
46.23227,1,0,0,0,0,0,0,-1,1,2.0000,-1,3,0,0,0,3,0,0,0,0
46.27276,1,0,0,0,0,0,0,-1,0,2.0000,-1,3,0,0,0,3,0,0,0,0
46.28413,1,0,0,0,0,0,0,-1,0,2.0000,-1,3,0,0,0,3,0,0,0,0
46.29947,1,0,0,0,0,0,0,-1,0,2.0000,-1,3,0,0,0,3,0,0,0,0
46.32083,1,0,0,0,0,0,0,-1,0,2.0000,-1,3,0,0,0,3,0,0,0,0
46.34328,1,0,0,0,0,0,0,-1,0,2.0000,-1,3,0,0,0,3,0,0,0,0
46.36473,1,0,0,0,0,0,0,-1,0,2.0000,-1,3,0,0,0,3,0,0,0,0
46.38511,1,0,0,0,0,0,0,-1,0,2.0000,-1,3,0,0,0,3,0,0,0,0
46.40507,1,0,0,0,0,0,0,-1,0,2.0000,-1,3,0,0,0,3,0,0,0,0
46.426,1,0,0,0,0,0,0,-1,0,2.0000,-1,3,0,0,0,3,0,0,0,0
46.44719,1,0,0,0,0,0,0,-1,0,2.0000,-1,3,0,0,0,3,0,0,0,0
46.48725,1,0,0,0,0,0,0,-1,0,2.0000,-1,3,0,0,0,3,0,0,0,0
46.49882,1,0,0,0,0,0,0,-1,0,2.0000,-1,3,0,0,0,3,0,0,0,0
46.51162,1,0,0,0,0,0,0,-1,0,2.0000,-1,3,0,0,0,3,0,0,0,0
46.53269,1,0,0,0,0,0,0,-1,0,2.0000,-1,3,0,0,0,3,0,0,0,0
46.55455,1,0,0,0,0,0,0,-1,0,2.0000,-1,3,0,0,0,3,0,0,0,0
46.57705,1,0,0,0,0,0,0,-1,0,1.0000,-1,3,0,0,0,3,0,0,0,0
46.59742,1,0,0,0,0,0,0,-1,0,1.0000,-1,3,0,0,0,3,0,0,0,0
46.61818,1,0,0,0,0,0,0,-1,0,1.0000,-1,3,0,0,0,3,0,0,0,0
46.63768,1,0,0,0,0,0,0,-1,0,1.0000,-1,3,0,0,0,3,0,0,0,0
46.65858,1,0,0,0,0,0,0,-1,0,1.0000,-1,3,0,0,0,3,0,0,0,0
46.68012,1,0,0,0,0,0,0,-1,0,1.0000,-1,3,0,0,0,3,0,0,0,0
46.70143,1,0,0,0,0,0,0,-1,0,1.0000,-1,3,0,0,0,3,0,0,0,0
46.72203,1,0,0,0,0,0,0,-1,0,1.0000,-1,3,0,0,0,3,0,0,0,0
46.74344,1,0,0,0,0,0,0,-1,0,1.0000,-1,3,0,0,0,3,0,0,0,0
46.76502,1,0,0,0,0,0,0,-1,0,1.0000,-1,3,0,0,0,3,0,0,0,0
46.78633,1,0,0,0,0,0,0,-1,0,1.0000,-1,3,0,0,0,3,0,0,0,0
46.80789,1,0,0,0,0,0,0,-1,0,1.0000,-1,3,0,0,0,3,0,0,0,0
46.82698,1,0,0,0,0,0,0,-1,0,1.0000,-1,3,0,0,0,3,0,0,0,0
46.84755,1,0,0,0,0,0,0,-1,0,1.0000,-1,3,0,0,0,3,0,0,0,0
46.86884,1,0,0,0,0,0,0,-1,0,1.0000,-1,3,0,0,0,3,0,0,0,0
46.88897,1,0,0,0,0,0,0,-1,0,1.0000,-1,3,0,0,0,3,0,0,0,0
46.90962,1,0,0,0,0,0,0,-1,0,1.0000,-1,3,0,0,0,3,0,0,0,0
46.9322,1,0,0,0,0,0,0,-1,0,1.0000,-1,3,0,0,0,3,0,0,0,0
46.95233,1,0,0,0,0,0,0,-1,0,1.0000,-1,3,0,0,0,3,0,0,0,0
46.97338,1,0,0,0,0,0,0,-1,0,1.0000,-1,3,0,0,0,3,0,0,0,0
46.99363,1,0,0,0,0,0,0,-1,0,1.0000,-1,3,0,0,0,3,0,0,0,0
47.01549,1,0,0,0,0,0,0,-1,0,1.0000,-1,3,0,0,0,3,0,0,0,0
47.03541,1,0,0,0,0,0,0,-1,0,1.0000,-1,3,0,0,0,3,0,0,0,0
47.05677,1,0,0,0,0,0,0,-1,0,1.0000,-1,3,0,0,0,3,0,0,0,0
47.07793,1,0,0,0,0,0,0,-1,0,1.0000,-1,3,0,0,0,3,0,0,0,0
47.11789,1,0,0,0,0,0,0,-1,0,1.0000,-1,3,0,0,0,3,0,0,0,0
47.13058,1,0,0,0,0,0,0,-1,0,1.0000,-1,3,0,0,0,3,0,0,0,0
47.14388,1,0,0,0,0,0,0,-1,0,1.0000,-1,3,0,0,0,3,0,0,0,0
47.16512,1,0,0,0,0,0,0,-1,0,1.0000,-1,3,0,0,0,3,0,0,0,0
47.18744,1,0,0,0,0,0,0,-1,0,1.0000,-1,3,0,0,0,3,0,0,0,0
47.20688,1,0,0,0,0,0,0,-1,0,1.0000,-1,3,0,0,0,3,0,0,0,0
47.22672,1,0,0,0,0,0,0,-1,0,1.0000,-1,3,0,0,0,3,0,0,0,0
47.24683,1,0,0,0,0,0,0,-1,0,0.0000,-1,3,0,0,0,3,0,0,0,0
47.2687,1,0,0,0,0,0,0,-1,0,0.0000,-1,3,0,0,0,3,0,0,0,0
47.28907,1,0,0,0,0,0,0,-1,0,0.0000,-1,3,0,0,0,3,0,0,0,0
47.32851,1,0,0,0,0,0,0,-1,0,0.0000,-1,3,0,0,0,3,0,0,0,0
47.34054,1,0,0,0,0,0,0,-1,0,0.0000,-1,3,0,0,0,3,0,0,0,0
47.35519,1,0,0,0,0,0,0,-1,0,0.0000,-1,3,0,0,0,3,0,0,0,0
47.37573,1,0,0,0,0,0,0,-1,0,0.0000,-1,3,0,0,0,3,0,0,0,0
47.39703,1,0,0,0,0,0,0,-1,0,0.0000,-1,3,0,0,0,3,0,0,0,0
47.4174,1,0,0,0,0,0,0,-1,0,0.0000,-1,3,0,0,0,3,0,0,0,0
47.43682,1,0,0,0,0,0,0,-1,0,0.0000,-1,3,0,0,0,3,0,0,0,0
47.45836,1,0,0,0,0,0,0,-1,0,0.0000,-1,3,0,0,0,3,0,0,0,0
47.47854,1,0,0,0,0,0,0,-1,0,0.0000,-1,3,0,0,0,3,0,0,0,0
47.4992,1,0,0,0,0,0,0,-1,0,0.0000,-1,3,0,0,0,3,0,0,0,0
47.52007,1,0,0,0,0,0,0,-1,0,0.0000,-1,3,0,0,0,3,0,0,0,0
47.54319,1,0,0,0,0,0,0,-1,0,0.0000,-1,3,0,0,0,3,0,0,0,0
47.56124,1,0,0,0,0,0,0,-1,0,0.0000,-1,3,0,0,0,3,0,0,0,0
47.58129,1,0,0,0,0,0,0,-1,0,0.0000,-1,3,0,0,0,3,0,0,0,0
47.60148,1,0,0,0,0,0,0,-1,0,0.0000,-1,3,0,0,0,3,0,0,0,0
47.6225,1,0,0,0,0,0,0,-1,0,0.0000,-1,3,0,0,0,3,0,0,0,0
47.64427,1,0,0,0,0,0,0,-1,0,0.0000,-1,3,0,0,0,3,0,0,0,0
47.66603,1,0,0,0,0,0,0,-1,0,0.0000,-1,3,0,0,0,3,0,0,0,0
47.68545,1,0,0,0,0,0,0,-1,0,0.0000,-1,3,0,0,0,3,0,0,0,0
47.70704,1,0,0,0,0,0,0,-1,0,0.0000,-1,3,0,0,0,3,0,0,0,0
47.72505,1,0,0,0,0,0,0,-1,0,0.0000,-1,3,0,0,0,3,0,0,0,0
47.74601,1,0,0,0,0,0,0,-1,0,0.0000,-1,3,0,0,0,3,0,0,0,0
47.76686,1,0,0,0,0,0,0,-1,0,0.0000,-1,3,0,0,0,3,0,0,0,0
47.78722,1,0,0,0,0,0,0,-1,0,0.0000,-1,3,0,0,0,3,0,0,0,0
47.8089,1,0,0,0,0,0,0,-1,0,0.0000,-1,3,0,0,0,3,0,0,0,0
47.83134,1,0,0,0,0,0,0,-1,0,0.0000,-1,3,0,0,0,3,0,0,0,0
47.84914,1,0,0,0,0,0,0,-1,0,0.0000,-1,3,0,0,0,3,0,0,0,0
47.86974,1,0,0,0,0,0,0,-1,0,0.0000,-1,3,0,0,0,3,0,0,0,0
47.89045,1,0,0,0,0,0,0,-1,0,0.0000,-1,3,0,0,0,3,0,0,0,0
47.91024,1,0,0,0,0,0,0,-1,0,0.0000,-1,3,0,0,0,3,0,0,0,0
47.9316,1,0,0,0,0,0,0,-1,0,0.0000,-1,3,0,0,0,3,0,0,0,0
47.95264,1,0,0,0,0,0,0,-1,0,0.0000,-1,3,0,0,0,3,0,0,0,0
47.96974,1,0,0,0,0,0,0,-1,0,0.0000,-1,3,0,0,0,3,0,0,0,0
47.99152,1,0,0,0,0,0,0,-1,0,0.0000,-1,3,0,0,0,3,0,0,0,0
48.01248,1,0,0,0,0,0,0,-1,0,0.0000,-1,3,0,0,0,3,0,0,0,0
48.03304,1,0,0,0,0,0,0,-1,0,0.0000,-1,3,0,0,0,3,0,0,0,0
48.05457,1,0,0,0,0,0,0,-1,0,0.0000,-1,3,0,0,0,3,0,0,0,0
48.0742,1,0,0,0,0,0,0,-1,0,0.0000,-1,3,0,0,0,3,0,0,0,0
48.09461,1,0,0,0,0,0,0,-1,0,0.0000,-1,3,0,0,0,3,0,0,0,0
48.11404,1,0,0,0,0,0,0,-1,0,0.0000,-1,3,0,0,0,3,0,0,0,0
48.15415,1,0,0,0,0,0,0,-1,0,0.0000,-1,3,0,0,0,3,0,0,0,0
48.16657,1,0,0,0,0,0,0,-1,0,0.0000,-1,3,0,0,0,3,0,0,0,0
48.17882,1,0,0,0,0,0,0,-1,0,0.0000,-1,3,0,0,0,3,0,0,0,0
48.19707,1,0,0,0,0,0,0,-1,0,0.0000,-1,3,0,0,0,3,0,0,0,0
48.21909,1,0,0,0,0,0,0,-1,0,0.0000,-1,3,0,0,0,3,0,0,0,0
48.23806,1,0,0,0,0,0,0,-1,0,0.0000,-1,3,0,0,0,3,0,0,0,0
48.25731,1,0,0,0,0,0,0,-1,0,0.0000,-1,3,0,0,0,3,0,0,0,0
48.27837,1,0,0,0,0,0,0,-1,0,0.0000,-1,3,0,0,0,3,0,0,0,0
48.29901,1,0,0,0,0,0,0,-1,0,0.0000,-1,3,0,0,0,3,0,0,0,0
48.32072,1,0,0,0,0,0,1,13,0,0.0000,-1,3,0,0,0,3,0,0,0,0
48.34066,1,0,0,0,0,0,1,13,0,0.0000,-1,3,0,0,0,3,0,0,0,0
48.36066,1,0,0,0,0,0,1,13,0,0.0000,-1,3,0,0,0,3,0,0,0,0
48.3804,1,0,0,0,0,0,1,13,0,0.0000,-1,3,0,0,0,3,0,0,0,0
48.40083,1,0,0,0,0,0,1,13,0,0.0000,-1,3,0,0,0,3,0,0,0,0
48.42176,1,0,0,0,0,0,1,13,0,0.0000,-1,3,0,0,0,3,0,0,0,0
48.44281,1,0,0,0,0,0,1,13,0,0.0000,-1,3,0,0,0,3,0,0,0,0
48.46414,1,0,0,0,0,0,1,13,1,1.0000,-1,3,0,0,0,3,0,0,0,0
48.48487,1,0,0,0,0,0,1,13,0,1.0000,-1,3,0,0,0,3,0,0,0,0
48.5037,1,0,0,0,0,0,1,13,0,1.0000,-1,3,0,0,0,3,0,0,0,0
48.52449,1,0,0,0,0,0,1,13,0,1.0000,-1,3,0,0,0,3,0,0,0,0
48.54559,1,0,0,0,0,0,1,13,0,1.0000,-1,3,0,0,0,3,0,0,0,0
48.56659,1,0,0,0,0,0,1,13,0,1.0000,-1,3,0,0,0,3,0,0,0,0
48.58719,1,0,0,0,0,0,1,13,0,1.0000,-1,3,0,0,0,3,0,0,0,0
48.60838,1,0,0,0,0,0,1,13,0,1.0000,-1,3,0,0,0,3,0,0,0,0
48.62917,1,0,0,0,0,0,1,13,0,1.0000,-1,3,0,0,0,3,0,0,0,0
48.64865,1,0,0,0,0,0,1,13,0,1.0000,-1,3,0,0,0,3,0,0,0,0
48.66846,1,0,0,0,0,0,1,13,0,1.0000,-1,3,0,0,0,3,0,0,0,0
48.68985,1,0,0,0,0,0,1,13,0,1.0000,-1,3,0,0,0,3,0,0,0,0
48.71035,1,0,0,0,0,0,1,13,0,1.0000,-1,3,0,0,0,3,0,0,0,0
48.73314,1,0,0,0,0,0,1,13,0,1.0000,-1,3,0,0,0,3,0,0,0,0
48.75595,1,0,0,0,0,0,1,13,0,1.0000,-1,3,0,0,0,3,0,0,0,0
48.77584,1,0,0,0,0,0,1,13,0,1.0000,-1,3,0,0,0,3,0,0,0,0
48.79577,1,0,0,0,0,0,1,13,0,1.0000,-1,3,0,0,0,3,0,0,0,0
48.8145,1,0,0,0,0,0,1,13,0,1.0000,-1,3,0,0,0,3,0,0,0,0
48.83524,1,0,0,0,0,0,1,13,0,1.0000,-1,3,0,0,0,3,0,0,0,0
48.85552,1,0,0,0,0,0,1,13,0,1.0000,-1,3,0,0,0,3,0,0,0,0
48.87661,1,0,0,0,0,0,1,13,0,1.0000,-1,3,0,0,0,3,0,0,0,0
48.89879,1,0,0,0,0,0,1,13,0,1.0000,-1,3,0,0,0,3,0,0,0,0
48.91954,1,0,0,0,0,0,1,13,0,1.0000,-1,3,0,0,0,3,0,0,0,0
48.93852,1,0,0,0,0,0,1,13,0,1.0000,-1,3,0,0,0,3,0,0,0,0
48.95949,1,0,0,0,0,0,1,13,0,1.0000,-1,3,0,0,0,3,0,0,0,0
48.98128,1,0,0,0,0,0,1,13,0,1.0000,-1,3,0,0,0,3,0,0,0,0
49.00138,1,0,0,0,0,0,1,13,0,1.0000,-1,3,0,0,0,3,0,0,0,0
49.02213,1,0,0,0,0,0,1,13,0,1.0000,-1,3,0,0,0,3,0,0,0,0
49.04383,1,0,0,0,0,0,1,13,0,1.0000,-1,3,0,0,0,3,0,0,0,0
49.06466,1,0,0,0,0,0,1,13,0,1.0000,-1,3,0,0,0,3,0,0,0,0
49.08369,1,0,0,0,0,0,1,13,0,1.0000,-1,3,0,0,0,3,0,0,0,0
49.10352,1,0,0,0,0,0,1,13,0,1.0000,-1,3,0,0,0,3,0,0,0,0
49.12418,1,0,0,0,0,0,1,13,0,1.0000,-1,3,0,0,0,3,0,0,0,0
49.14426,1,0,0,0,0,0,1,13,0,1.0000,-1,3,0,0,0,3,0,0,0,0
49.18439,1,0,0,0,0,0,1,13,0,1.0000,-1,3,0,0,0,3,0,0,0,0
49.19617,1,0,0,0,0,0,1,13,0,1.0000,-1,3,0,0,0,3,0,0,0,0
49.20947,1,0,0,0,0,0,1,13,0,1.0000,-1,3,0,0,0,3,0,0,0,0
49.23008,1,0,0,0,0,0,1,13,0,1.0000,-1,3,0,0,0,3,0,0,0,0
49.25163,1,0,0,0,0,0,1,13,0,1.0000,-1,3,0,0,0,3,0,0,0,0
49.27228,1,0,0,0,0,0,0,-1,0,1.0000,13,4,0,0,0,4,0,0,0,0
49.29157,1,0,0,0,0,0,0,-1,0,1.0000,-1,4,0,0,0,4,0,0,0,0
49.31264,1,0,0,0,0,0,0,-1,0,1.0000,-1,4,0,0,0,4,0,0,0,0
49.33309,1,0,0,0,0,0,0,-1,0,1.0000,-1,4,0,0,0,4,0,0,0,0
49.354,1,0,0,0,0,0,0,-1,0,1.0000,-1,4,0,0,0,4,0,0,0,0
49.39417,1,0,0,0,0,0,0,-1,0,1.0000,-1,4,0,0,0,4,0,0,0,0
49.40703,1,0,0,0,0,0,0,-1,0,1.0000,-1,4,0,0,0,4,0,0,0,0
49.42171,1,0,0,0,0,0,0,-1,0,1.0000,-1,4,0,0,0,4,0,0,0,0
49.4429,1,0,0,0,0,0,0,-1,0,1.0000,-1,4,0,0,0,4,0,0,0,0
49.46383,1,0,0,0,0,0,0,-1,0,1.0000,-1,4,0,0,0,4,0,0,0,0
49.48389,1,0,0,0,0,0,0,-1,0,0.0000,-1,4,0,0,0,4,0,0,0,0
49.50298,1,0,0,0,0,0,0,-1,0,0.0000,-1,4,0,0,0,4,0,0,0,0
49.52475,1,0,0,0,0,0,0,-1,0,0.0000,-1,4,0,0,0,4,0,0,0,0
49.54472,1,0,0,0,0,0,0,-1,0,0.0000,-1,4,0,0,0,4,0,0,0,0
49.56595,1,0,0,0,0,0,0,-1,0,0.0000,-1,4,0,0,0,4,0,0,0,0
49.60498,1,0,0,0,0,0,0,-1,1,1.0000,-1,4,0,0,0,4,0,0,0,0
49.61627,1,0,0,0,0,0,0,-1,0,1.0000,-1,4,0,0,0,4,0,0,0,0
49.63189,1,0,0,0,0,0,0,-1,0,1.0000,-1,4,0,0,0,4,0,0,0,0
49.65313,1,0,0,0,0,0,0,-1,0,1.0000,-1,4,0,0,0,4,0,0,0,0
49.67366,1,0,0,0,0,0,0,-1,0,1.0000,-1,4,0,0,0,4,0,0,0,0
49.69337,1,0,0,0,0,0,0,-1,0,1.0000,-1,4,0,0,0,4,0,0,0,0
49.71419,1,0,0,0,0,0,0,-1,0,1.0000,-1,4,0,0,0,4,0,0,0,0
49.73462,1,0,0,0,0,0,0,-1,0,1.0000,-1,4,0,0,0,4,0,0,0,0
49.75677,1,0,0,0,0,0,0,-1,0,1.0000,-1,4,0,0,0,4,0,0,0,0
49.77679,1,0,0,0,0,0,0,-1,0,1.0000,-1,4,0,0,0,4,0,0,0,0
49.8171,1,0,0,0,0,0,0,-1,0,1.0000,-1,4,0,0,0,4,0,0,0,0
49.82883,1,0,0,0,0,0,0,-1,0,1.0000,-1,4,0,0,0,4,0,0,0,0
49.84328,1,0,0,0,0,0,0,-1,0,1.0000,-1,4,0,0,0,4,0,0,0,0
49.86488,1,0,0,0,0,0,0,-1,0,1.0000,-1,4,0,0,0,4,0,0,0,0
49.88698,1,0,0,0,0,0,0,-1,0,1.0000,-1,4,0,0,0,4,0,0,0,0
49.90696,1,0,0,0,0,0,0,-1,0,1.0000,-1,4,0,0,0,4,0,0,0,0
49.92635,1,0,0,0,0,0,0,-1,0,1.0000,-1,4,0,0,0,4,0,0,0,0
49.94647,1,0,0,0,0,0,0,-1,0,1.0000,-1,4,0,0,0,4,0,0,0,0
49.96733,1,0,0,0,0,0,0,-1,0,1.0000,-1,4,0,0,0,4,0,0,0,0
49.98975,1,0,0,0,0,0,0,-1,0,1.0000,-1,4,0,0,0,4,0,0,0,0
50.01124,1,0,0,0,0,0,0,-1,0,1.0000,-1,4,0,0,0,4,0,0,0,0
50.03213,1,0,0,0,0,0,0,-1,0,1.0000,-1,4,0,0,0,4,0,0,0,0
50.05302,1,0,0,0,0,0,0,-1,0,1.0000,-1,4,0,0,0,4,0,0,0,0
50.07311,1,0,0,0,0,0,0,-1,0,1.0000,-1,4,0,0,0,4,0,0,0,0
50.09243,1,0,0,0,0,0,0,-1,0,1.0000,-1,4,0,0,0,4,0,0,0,0
50.11437,1,0,0,0,0,0,0,-1,1,2.0000,-1,4,0,0,0,4,0,0,0,0
50.13295,1,0,0,0,0,0,0,-1,0,2.0000,-1,4,0,0,0,4,0,0,0,0
50.15452,1,0,0,0,0,0,0,-1,0,2.0000,-1,4,0,0,0,4,0,0,0,0
50.1764,1,0,0,0,0,0,0,-1,0,2.0000,-1,4,0,0,0,4,0,0,0,0
50.19714,1,0,0,0,0,0,0,-1,0,2.0000,-1,4,0,0,0,4,0,0,0,0
50.21527,1,0,0,0,0,0,0,-1,0,2.0000,-1,4,0,0,0,4,0,0,0,0
50.23462,1,0,0,0,0,0,0,-1,0,2.0000,-1,4,0,0,0,4,0,0,0,0
50.25561,1,0,0,0,0,0,1,12,0,2.0000,-1,4,0,0,0,4,0,0,0,0
50.27618,1,0,0,0,0,0,1,12,0,2.0000,-1,4,0,0,0,4,0,0,0,0
50.29812,1,0,0,0,0,0,1,12,0,2.0000,-1,4,0,0,0,4,0,0,0,0
50.31533,1,0,0,0,0,0,0,-1,0,2.0000,-1,4,0,0,0,4,0,0,0,0
50.3377,1,0,0,0,0,0,0,-1,0,2.0000,-1,4,0,0,0,4,0,0,0,0
50.35665,1,0,0,0,0,0,0,-1,0,2.0000,-1,4,0,0,0,4,0,0,0,0
50.37722,1,0,0,0,0,0,0,-1,0,2.0000,-1,4,0,0,0,4,0,0,0,0
50.39892,1,0,0,0,0,0,0,-1,0,2.0000,-1,4,0,0,0,4,0,0,0,0
50.4164,1,0,0,0,0,0,0,-1,0,2.0000,-1,4,0,0,0,4,0,0,0,0
50.4375,1,0,0,0,0,0,0,-1,0,2.0000,-1,4,0,0,0,4,0,0,0,0
50.45829,1,0,0,0,0,0,0,-1,0,2.0000,-1,4,0,0,0,4,0,0,0,0
50.47685,1,0,0,0,0,0,0,-1,0,2.0000,-1,4,0,0,0,4,0,0,0,0
50.49858,1,0,0,0,0,0,0,-1,0,2.0000,-1,4,0,0,0,4,0,0,0,0
50.51686,1,0,0,0,0,0,0,-1,0,2.0000,-1,4,0,0,0,4,0,0,0,0
50.53577,1,0,0,0,0,0,0,-1,0,2.0000,-1,4,0,0,0,4,0,0,0,0
50.55547,1,0,0,0,0,0,0,-1,0,2.0000,-1,4,0,0,0,4,0,0,0,0
50.57821,1,0,0,0,0,0,0,-1,0,2.0000,-1,4,0,0,0,4,0,0,0,0
50.5975,1,0,0,0,0,0,0,-1,0,2.0000,-1,4,0,0,0,4,0,0,0,0
50.61642,1,0,0,0,0,0,0,-1,0,1.0000,-1,4,0,0,0,4,0,0,0,0
50.63345,1,0,0,0,0,0,0,-1,0,1.0000,-1,4,0,0,0,4,0,0,0,0
50.6534,1,0,0,0,0,0,0,-1,0,1.0000,-1,4,0,0,0,4,0,0,0,0
50.67381,1,0,0,0,0,0,0,-1,0,1.0000,-1,4,0,0,0,4,0,0,0,0
50.69484,1,0,0,0,0,0,0,-1,0,1.0000,-1,4,0,0,0,4,0,0,0,0
50.7194,1,0,0,0,0,0,0,-1,0,1.0000,-1,4,0,0,0,4,0,0,0,0
50.73595,1,0,0,0,0,0,0,-1,0,1.0000,-1,4,0,0,0,4,0,0,0,0
50.75242,1,0,0,0,0,0,0,-1,0,1.0000,-1,4,0,0,0,4,0,0,0,0
50.77344,1,0,0,0,0,0,0,-1,0,1.0000,-1,4,0,0,0,4,0,0,0,0
50.79412,1,0,0,0,0,0,0,-1,0,1.0000,-1,4,0,0,0,4,0,0,0,0
50.81277,1,0,0,0,0,0,0,-1,0,1.0000,-1,4,0,0,0,4,0,0,0,0
50.83255,1,0,0,0,0,0,0,-1,0,1.0000,-1,4,0,0,0,4,0,0,0,0
50.8715,1,0,0,0,0,0,0,-1,0,1.0000,-1,4,0,0,0,4,0,0,0,0
50.88306,1,0,0,0,0,0,0,-1,0,1.0000,-1,4,0,0,0,4,0,0,0,0
50.89722,1,0,0,0,0,0,0,-1,0,1.0000,-1,4,0,0,0,4,0,0,0,0
50.91782,1,0,0,0,0,0,0,-1,0,1.0000,-1,4,0,0,0,4,0,0,0,0
50.93807,1,0,0,0,0,0,0,-1,0,1.0000,-1,4,0,0,0,4,0,0,0,0
50.95668,1,0,0,0,0,0,0,-1,0,1.0000,-1,4,0,0,0,4,0,0,0,0
50.97606,1,0,0,0,0,0,0,-1,0,1.0000,-1,4,0,0,0,4,0,0,0,0
50.99757,1,0,0,0,0,0,0,-1,0,1.0000,-1,4,0,0,0,4,0,0,0,0
51.017,1,0,0,0,0,0,0,-1,0,1.0000,-1,4,0,0,0,4,0,0,0,0
51.03642,1,0,0,0,0,0,0,-1,0,1.0000,-1,4,0,0,0,4,0,0,0,0
51.05469,1,0,0,0,0,0,0,-1,0,1.0000,-1,4,0,0,0,4,0,0,0,0
51.07523,1,0,0,0,0,0,0,-1,0,1.0000,-1,4,0,0,0,4,0,0,0,0
51.09441,1,0,0,0,0,0,0,-1,0,1.0000,-1,4,0,0,0,4,0,0,0,0
51.11568,1,0,0,0,0,0,0,-1,0,0.0000,-1,4,0,0,0,4,0,0,0,0
51.13238,1,0,0,0,0,0,0,-1,0,0.0000,-1,4,0,0,0,4,0,0,0,0
51.15247,1,0,0,0,0,0,0,-1,0,0.0000,-1,4,0,0,0,4,0,0,0,0
51.17243,1,0,0,0,0,0,0,-1,0,0.0000,-1,4,0,0,0,4,0,0,0,0
51.1929,1,0,0,0,0,0,0,-1,0,0.0000,-1,4,0,0,0,4,0,0,0,0
51.21033,1,0,0,0,0,0,0,-1,0,0.0000,-1,4,0,0,0,4,0,0,0,0
51.23027,1,0,0,0,0,0,0,-1,0,0.0000,-1,4,0,0,0,4,0,0,0,0
51.25021,1,0,0,0,0,0,0,-1,0,0.0000,-1,4,0,0,0,4,0,0,0,0
51.26965,1,0,0,0,0,0,0,-1,0,0.0000,-1,4,0,0,0,4,0,0,0,0
51.28803,1,0,0,0,0,0,0,-1,0,0.0000,-1,4,0,0,0,4,0,0,0,0
51.308,1,0,0,0,0,0,0,-1,0,0.0000,-1,4,0,0,0,4,0,0,0,0
51.329,1,0,0,0,0,0,0,-1,0,0.0000,-1,4,0,0,0,4,0,0,0,0
51.34805,1,0,0,0,0,0,0,-1,0,0.0000,-1,4,0,0,0,4,0,0,0,0
51.36473,1,0,0,0,0,0,0,-1,0,0.0000,-1,4,0,0,0,4,0,0,0,0
51.38646,1,0,0,0,0,0,0,-1,0,0.0000,-1,4,0,0,0,4,0,0,0,0
51.40527,1,0,0,0,0,0,0,-1,0,0.0000,-1,4,0,0,0,4,0,0,0,0
51.42216,1,0,0,0,0,0,0,-1,0,0.0000,-1,4,0,0,0,4,0,0,0,0
51.44172,1,0,0,0,0,0,0,-1,0,0.0000,-1,4,0,0,0,4,0,0,0,0
51.46268,1,0,0,0,0,0,0,-1,0,0.0000,-1,4,0,0,0,4,0,0,0,0
51.48026,1,0,0,0,0,0,0,-1,0,0.0000,-1,4,0,0,0,4,0,0,0,0
51.49877,1,0,0,0,0,0,0,-1,0,0.0000,-1,4,0,0,0,4,0,0,0,0
51.5205,1,0,0,0,0,0,0,-1,0,0.0000,-1,4,0,0,0,4,0,0,0,0
51.53943,1,0,0,0,0,0,0,-1,0,0.0000,-1,4,0,0,0,4,0,0,0,0
51.55656,1,0,0,0,0,0,0,-1,0,0.0000,-1,4,0,0,0,4,0,0,0,0
51.57514,1,0,0,0,0,0,0,-1,0,0.0000,-1,4,0,0,0,4,0,0,0,0
51.5966,1,0,0,0,0,0,0,-1,0,0.0000,-1,4,0,0,0,4,0,0,0,0
51.61499,1,0,0,0,0,0,0,-1,0,0.0000,-1,4,0,0,0,4,0,0,0,0
51.63208,1,0,0,0,0,0,0,-1,0,0.0000,-1,4,0,0,0,4,0,0,0,0
51.65306,1,0,0,0,0,0,0,-1,0,0.0000,-1,4,0,0,0,4,0,0,0,0
51.67206,1,0,0,0,0,0,0,-1,0,0.0000,-1,4,0,0,0,4,0,0,0,0
51.69243,1,0,0,0,0,0,0,-1,0,0.0000,-1,4,0,0,0,4,0,0,0,0
51.70871,1,0,0,0,0,0,0,-1,0,0.0000,-1,4,0,0,0,4,0,0,0,0
51.72905,1,0,0,0,0,0,0,-1,0,0.0000,-1,4,0,0,0,4,0,0,0,0
51.7486,1,0,0,0,0,0,0,-1,0,0.0000,-1,4,0,0,0,4,0,0,0,0
51.76516,1,0,0,0,0,0,0,-1,0,0.0000,-1,4,0,0,0,4,0,0,0,0
51.7877,1,0,0,0,0,0,0,-1,0,0.0000,-1,4,0,0,0,4,0,0,0,0
51.80561,1,0,0,0,0,0,0,-1,0,0.0000,-1,4,0,0,0,4,0,0,0,0
51.82277,1,0,0,0,0,0,0,-1,0,0.0000,-1,4,0,0,0,4,0,0,0,0
51.84243,1,0,0,0,0,0,0,-1,0,0.0000,-1,4,0,0,0,4,0,0,0,0
51.86163,1,0,0,0,0,0,0,-1,0,0.0000,-1,4,0,0,0,4,0,0,0,0
51.8812,1,0,0,0,0,0,0,-1,0,0.0000,-1,4,0,0,0,4,0,0,0,0
51.89807,1,0,0,0,0,0,0,-1,0,0.0000,-1,4,0,0,0,4,0,0,0,0
51.91942,1,0,0,1,0,0,0,-1,0,0.0000,-1,4,0,0,0,4,0,0,0,0
51.93731,1,0,0,1,0,0,0,-1,0,0.0000,-1,4,0,0,0,4,0,0,0,0
51.95605,1,0,0,1,0,0,0,-1,0,0.0000,-1,4,0,0,0,4,0,0,0,0
51.97547,1,0,0,1,0,0,0,-1,0,0.0000,-1,4,0,0,0,4,0,0,0,0
51.99612,1,0,0,1,0,0,0,-1,0,0.0000,-1,4,0,0,0,4,0,0,0,0
52.01352,1,0,0,1,0,0,0,-1,0,0.0000,-1,4,0,0,0,4,0,0,0,0
52.03358,1,0,0,1,0,0,0,-1,0,0.0000,-1,4,0,0,0,4,0,0,0,0
52.05387,1,0,0,1,0,0,0,-1,0,0.0000,-1,4,0,0,0,4,0,0,0,0
52.07269,1,0,0,1,0,0,0,-1,0,0.0000,-1,4,0,0,0,4,0,0,0,0
52.08963,1,0,0,1,0,0,0,-1,0,0.0000,-1,4,0,0,0,4,0,0,0,0
52.12827,1,0,0,1,0,0,0,-1,0,0.0000,-1,4,0,0,0,4,0,0,0,0
52.14316,1,0,0,1,0,0,0,-1,0,0.0000,-1,4,0,0,0,4,0,0,0,0
52.15843,1,0,0,1,0,0,0,-1,0,0.0000,-1,4,0,0,0,4,0,0,0,0
52.17314,1,0,0,1,0,0,0,-1,0,0.0000,-1,4,0,0,0,4,0,0,0,0
52.19426,1,0,0,1,0,0,0,-1,0,0.0000,-1,4,0,0,0,4,0,0,0,0
52.21117,1,0,0,1,0,0,0,-1,0,0.0000,-1,4,0,0,0,4,0,0,0,0
52.23009,1,0,0,1,0,0,0,-1,0,0.0000,-1,4,0,0,0,4,0,0,0,0
52.2516,1,0,0,1,0,0,0,-1,0,0.0000,-1,4,0,0,0,4,0,0,0,0
52.26915,1,0,0,1,0,0,0,-1,0,0.0000,-1,4,0,0,0,4,0,0,0,0
52.28663,1,0,0,1,0,0,0,-1,0,0.0000,-1,4,0,0,0,4,0,0,0,0
52.30741,1,0,0,1,0,0,0,-1,0,0.0000,-1,4,0,0,0,4,0,0,0,0
52.32505,1,0,0,1,0,0,0,-1,0,0.0000,-1,4,0,0,0,4,0,0,0,0
52.34573,1,0,0,1,0,0,0,-1,0,0.0000,-1,4,0,0,0,4,0,0,0,0
52.36608,1,0,0,1,0,0,0,-1,0,0.0000,-1,4,0,0,0,4,0,0,0,0
52.3876,1,0,0,1,0,0,0,-1,0,0.0000,-1,4,0,0,0,4,0,0,0,0
52.40939,1,0,0,0,0,0,0,-1,0,0.0000,-1,4,0,0,0,4,0,0,0,0
52.42788,1,0,0,0,0,0,0,-1,0,0.0000,-1,4,0,0,0,4,0,0,0,0
52.44508,1,0,0,0,0,0,0,-1,0,0.0000,-1,4,0,0,0,4,0,0,0,0
52.46542,1,0,0,0,0,0,0,-1,0,0.0000,-1,4,0,0,0,4,0,0,0,0
52.48709,1,0,0,0,0,0,0,-1,0,0.0000,-1,4,0,0,0,4,0,0,0,0
52.50461,1,0,0,0,0,0,0,-1,0,0.0000,-1,4,0,0,0,4,0,0,0,0
52.5221,1,0,0,0,0,0,0,-1,0,0.0000,-1,4,0,0,0,4,0,0,0,0
52.56042,1,0,0,0,0,0,0,-1,0,0.0000,-1,4,0,0,0,4,0,0,0,0
52.5737,1,0,0,0,0,0,0,-1,0,0.0000,-1,4,0,0,0,4,0,0,0,0
52.58672,1,0,0,0,0,0,0,-1,0,0.0000,-1,4,0,0,0,4,0,0,0,0
52.60787,1,0,0,0,0,0,0,-1,0,0.0000,-1,4,0,0,0,4,0,0,0,0
52.62631,1,0,0,0,1,0,0,-1,0,0.0000,-1,4,0,0,0,4,0,0,0,0
52.64576,1,0,0,0,1,0,0,-1,0,0.0000,-1,4,0,0,0,4,0,0,0,0
52.66463,1,0,0,0,1,0,0,-1,0,0.0000,-1,4,0,0,0,4,0,0,0,0
52.68269,1,0,0,0,1,0,0,-1,0,0.0000,-1,4,0,0,0,4,0,0,0,0
52.70332,1,0,0,0,1,0,0,-1,0,0.0000,-1,4,0,0,0,4,0,0,0,0
52.7198,1,0,0,0,1,0,0,-1,0,0.0000,-1,4,0,0,0,4,0,0,0,0
52.74281,1,0,0,0,1,0,0,-1,0,0.0000,-1,4,0,0,0,4,0,0,0,0
52.76001,1,0,0,0,1,0,0,-1,0,0.0000,-1,4,0,0,0,4,0,0,0,0
52.77858,1,0,0,0,1,0,0,-1,0,0.0000,-1,4,0,0,0,4,0,0,0,0
52.799,1,0,0,0,1,0,0,-1,0,0.0000,-1,4,0,0,0,4,0,0,0,0
52.82102,1,0,0,0,1,0,0,-1,0,0.0000,-1,4,0,0,0,4,0,0,0,0
52.83851,1,0,0,0,1,0,0,-1,0,0.0000,-1,4,0,0,0,4,0,0,0,0
52.85726,1,0,0,0,1,0,0,-1,0,0.0000,-1,4,0,0,0,4,0,0,0,0
52.87818,1,0,0,0,1,0,0,-1,0,0.0000,-1,4,0,0,0,4,0,0,0,0
52.89948,1,0,0,0,1,0,0,-1,0,0.0000,-1,4,0,0,0,4,0,0,0,0
52.91854,1,0,0,0,1,0,0,-1,0,0.0000,-1,4,0,0,0,4,0,0,0,0
52.9388,1,0,0,0,1,0,0,-1,0,0.0000,-1,4,0,0,0,4,0,0,0,0
52.96006,1,0,0,0,1,0,0,-1,0,0.0000,-1,4,0,0,0,4,0,0,0,0
52.97825,1,0,0,0,1,0,0,-1,0,0.0000,-1,4,0,0,0,4,0,0,0,0
52.99886,1,0,0,0,1,0,0,-1,0,0.0000,-1,4,0,0,0,4,0,0,0,0
53.02076,1,0,0,0,1,0,0,-1,0,0.0000,-1,4,0,0,0,4,0,0,0,0
53.04112,1,0,0,0,1,0,0,-1,0,0.0000,-1,4,0,0,0,4,0,0,0,0
53.06207,1,0,0,0,1,0,0,-1,0,0.0000,-1,4,0,0,0,4,0,0,0,0
53.08177,1,0,0,0,1,0,0,-1,0,0.0000,-1,4,0,0,0,4,0,0,0,0
53.10066,1,0,0,0,1,0,0,-1,0,0.0000,-1,4,0,0,0,4,0,0,0,0
53.12222,1,0,0,0,1,0,0,-1,0,0.0000,-1,4,0,0,0,4,0,0,0,0
53.14361,1,0,0,0,1,0,0,-1,0,0.0000,-1,4,0,0,0,4,0,0,0,0
53.16476,1,0,0,0,1,0,0,-1,0,0.0000,-1,4,0,0,0,4,0,0,0,0
53.18336,1,0,0,0,1,0,0,-1,0,0.0000,-1,4,0,0,0,4,0,0,0,0
53.20351,1,0,0,0,0,0,0,-1,0,0.0000,-1,4,0,0,0,4,0,0,0,0
53.22274,1,0,0,0,0,0,0,-1,0,0.0000,-1,4,0,0,0,4,0,0,0,0
53.24429,1,0,0,0,0,0,0,-1,0,0.0000,-1,4,0,0,0,4,0,0,0,0
53.26575,1,0,0,0,0,0,0,-1,0,0.0000,-1,4,0,0,0,4,0,0,0,0
53.28753,1,0,0,0,0,0,0,-1,0,0.0000,-1,4,0,0,0,4,0,0,0,0
53.30803,1,0,0,0,0,0,0,-1,0,0.0000,-1,4,0,0,0,4,0,0,0,0
53.3281,1,0,0,0,0,0,0,-1,0,0.0000,-1,4,0,0,0,4,0,0,0,0
53.34787,1,0,0,0,0,0,0,-1,0,0.0000,-1,4,0,0,0,4,0,0,0,0
53.37009,1,0,0,0,0,0,0,-1,0,0.0000,-1,4,0,0,0,4,0,0,0,0
53.41086,1,0,0,0,0,0,0,-1,0,0.0000,-1,4,0,0,0,4,0,0,0,0
53.42522,1,0,0,0,0,0,0,-1,0,0.0000,-1,4,0,0,0,4,0,0,0,0
53.43946,1,0,0,0,0,0,0,-1,0,0.0000,-1,4,0,0,0,4,0,0,0,0
53.45655,1,0,0,0,0,0,0,-1,0,0.0000,-1,4,0,0,0,4,0,0,0,0
53.4792,1,0,0,0,0,0,0,-1,0,0.0000,-1,4,0,0,0,4,0,0,0,0
53.49976,1,0,0,0,0,0,0,-1,0,0.0000,-1,4,0,0,0,4,0,0,0,0
53.52225,1,0,0,0,0,0,0,-1,0,0.0000,-1,4,0,0,0,4,0,0,0,0
53.54294,1,0,0,0,0,0,0,-1,0,0.0000,-1,4,0,0,0,4,0,0,0,0
53.56401,1,0,0,0,0,0,0,-1,0,0.0000,-1,4,0,0,0,4,0,0,0,0
53.58685,1,0,0,0,0,0,0,-1,0,0.0000,-1,4,0,0,0,4,0,0,0,0
53.62675,1,0,0,0,0,0,0,-1,0,0.0000,-1,4,0,0,0,4,0,0,0,0
53.639,1,0,0,0,0,0,0,-1,0,0.0000,-1,4,0,0,0,4,0,0,0,0
53.65411,1,0,0,0,0,0,0,-1,0,0.0000,-1,4,0,0,0,4,0,0,0,0
53.67638,1,0,0,0,0,0,0,-1,0,0.0000,-1,4,0,0,0,4,0,0,0,0
53.69846,1,0,0,0,0,0,0,-1,0,0.0000,-1,4,0,0,0,4,0,0,0,0
53.71864,1,0,0,0,0,0,1,22,0,0.0000,-1,4,0,0,0,4,0,0,0,0
53.74004,1,0,0,0,0,0,1,22,0,0.0000,-1,4,0,0,0,4,0,0,0,0
53.76089,1,0,0,0,0,0,1,22,0,0.0000,-1,4,0,0,0,4,0,0,0,0
53.78263,1,0,0,0,0,0,1,22,0,0.0000,-1,4,0,0,0,4,0,0,0,0
53.80383,1,0,0,0,0,0,1,22,0,0.0000,-1,4,0,0,0,4,0,0,0,0
53.82483,1,0,0,0,0,0,1,22,0,0.0000,-1,4,0,0,0,4,0,0,0,0
53.84531,1,0,0,0,0,0,1,22,0,0.0000,-1,4,0,0,0,4,0,0,0,0
53.86652,1,0,0,0,0,0,1,22,0,0.0000,-1,4,0,0,0,4,0,0,0,0
53.88815,1,0,0,0,0,0,1,22,0,0.0000,-1,4,0,0,0,4,0,0,0,0
53.90985,1,0,0,0,0,0,1,22,0,0.0000,-1,4,0,0,0,4,0,0,0,0
53.92973,1,0,0,0,0,0,1,22,0,0.0000,-1,4,0,0,0,4,0,0,0,0
53.95111,3,1,1,0,0,0,0,-1,1,1.0000,22,4,0,1,0,5,0,0,0,0
53.98046,3,0,1,0,0,0,0,-1,0,1.0000,-1,4,0,1,0,5,0,0,0,0
53.99507,3,0,1,0,0,0,0,-1,0,1.0000,-1,4,0,1,0,5,0,0,0,0
54.01485,3,0,1,0,0,0,0,-1,0,1.0000,-1,4,0,1,0,5,0,0,0,0
54.05671,3,0,1,0,0,0,0,-1,0,1.0000,-1,4,0,1,0,5,0,0,0,0
54.07021,3,0,1,0,0,0,0,-1,0,1.0000,-1,4,0,1,0,5,0,0,0,0
54.08669,3,0,1,0,0,0,0,-1,0,1.0000,-1,4,0,1,0,5,0,0,0,0
54.10593,3,0,1,0,0,0,0,-1,0,1.0000,-1,4,0,1,0,5,0,0,0,0
54.12681,3,0,1,0,0,0,0,-1,0,1.0000,-1,4,0,1,0,5,0,0,0,0
54.14821,3,0,1,0,0,0,0,-1,0,1.0000,-1,4,0,1,0,5,0,0,0,0
54.17026,3,0,1,0,0,0,0,-1,0,1.0000,-1,4,0,1,0,5,0,0,0,0
54.19084,3,0,1,0,0,0,0,-1,0,1.0000,-1,4,0,1,0,5,0,0,0,0
54.21101,3,0,1,0,0,0,0,-1,0,1.0000,-1,4,0,1,0,5,0,0,0,0
54.23273,3,0,1,0,0,0,0,-1,0,1.0000,-1,4,0,1,0,5,0,0,0,0
54.27314,3,0,1,0,0,0,0,-1,0,1.0000,-1,4,0,1,0,5,0,0,0,0
54.28502,3,0,1,0,0,0,0,-1,0,1.0000,-1,4,0,1,0,5,0,0,0,0
54.29856,3,0,1,0,0,0,0,-1,0,1.0000,-1,4,0,1,0,5,0,0,0,0
54.32065,3,0,1,0,0,0,0,-1,0,1.0000,-1,4,0,1,0,5,0,0,0,0
54.34192,3,0,1,0,0,0,0,-1,0,1.0000,-1,4,0,1,0,5,0,0,0,0
54.36271,3,0,1,0,0,0,0,-1,0,1.0000,-1,4,0,1,0,5,0,0,0,0
54.38422,3,0,1,0,0,0,0,-1,0,1.0000,-1,4,0,1,0,5,0,0,0,0
54.40476,3,0,1,0,0,0,0,-1,0,1.0000,-1,4,0,1,0,5,0,0,0,0
54.42534,3,0,1,0,0,0,0,-1,0,1.0000,-1,4,0,1,0,5,0,0,0,0
54.44716,3,0,1,0,0,0,0,-1,0,1.0000,-1,4,0,1,0,5,0,0,0,0
54.48746,3,0,1,0,0,0,0,-1,0,1.0000,-1,4,0,1,0,5,0,0,0,0
54.49965,3,0,1,0,0,0,0,-1,0,1.0000,-1,4,0,1,0,5,0,0,0,0
54.5117,3,0,1,0,0,0,0,-1,0,1.0000,-1,4,0,1,0,5,0,0,0,0
54.53289,3,0,1,0,0,0,0,-1,0,1.0000,-1,4,0,1,0,5,0,0,0,0
54.55486,3,0,1,0,0,0,0,-1,0,1.0000,-1,4,0,1,0,5,0,0,0,0
54.57659,3,0,1,0,0,0,0,-1,0,1.0000,-1,4,0,1,0,5,0,0,0,0
54.59917,3,0,1,0,0,0,0,-1,0,1.0000,-1,4,0,1,0,5,0,0,0,0
54.61909,3,0,1,0,0,0,0,-1,0,1.0000,-1,4,0,1,0,5,0,0,0,0
54.6398,3,0,1,0,0,0,0,-1,0,1.0000,-1,4,0,1,0,5,0,0,0,0
54.66183,3,0,1,0,0,0,0,-1,0,1.0000,-1,4,0,1,0,5,0,0,0,0
54.68177,3,0,1,0,0,0,0,-1,0,1.0000,-1,4,0,1,0,5,0,0,0,0
54.70389,3,0,1,0,0,0,0,-1,0,1.0000,-1,4,0,1,0,5,0,0,0,0
54.72567,3,0,1,0,0,0,0,-1,0,1.0000,-1,4,0,1,0,5,0,0,0,0
54.74498,3,0,1,0,0,0,0,-1,0,1.0000,-1,4,0,1,0,5,0,0,0,0
54.76703,3,0,1,0,0,0,0,-1,0,1.0000,-1,4,0,1,0,5,0,0,0,0
54.78892,3,0,1,0,0,0,0,-1,0,1.0000,-1,4,0,1,0,5,0,0,0,0
54.80882,3,0,1,0,0,0,0,-1,0,1.0000,-1,4,0,1,0,5,0,0,0,0
54.8289,3,0,1,0,0,0,0,-1,0,1.0000,-1,4,0,1,0,5,0,0,0,0
54.85086,3,0,1,0,0,0,0,-1,0,1.0000,-1,4,0,1,0,5,0,0,0,0
54.8707,3,0,1,0,0,0,0,-1,0,1.0000,-1,4,0,1,0,5,0,0,0,0
54.91121,3,0,1,0,0,0,0,-1,0,1.0000,-1,4,0,1,0,5,0,0,0,0
54.92431,3,0,1,0,0,0,0,-1,0,1.0000,-1,4,0,1,0,5,0,0,0,0
54.93753,3,0,1,0,0,0,0,-1,0,1.0000,-1,4,0,1,0,5,0,0,0,0
54.95734,3,0,1,0,0,0,0,-1,0,0.0000,-1,4,0,1,0,5,0,0,0,0
54.9776,3,0,1,0,0,0,0,-1,0,0.0000,-1,4,0,1,0,5,0,0,0,0
54.99929,3,0,1,0,0,0,0,-1,0,0.0000,-1,4,0,1,0,5,0,0,0,0
55.021,3,0,1,0,0,0,0,-1,0,0.0000,-1,4,0,1,0,5,0,0,0,0
55.04192,3,0,1,0,0,0,0,-1,0,0.0000,-1,4,0,1,0,5,0,0,0,0
55.063,3,0,1,0,0,0,0,-1,0,0.0000,-1,4,0,1,0,5,0,0,0,0
55.08521,3,0,1,0,0,0,0,-1,0,0.0000,-1,4,0,1,0,5,0,0,0,0
55.10552,3,0,1,0,0,0,0,-1,0,0.0000,-1,4,0,1,0,5,0,0,0,0
55.12501,3,0,1,0,0,0,0,-1,0,0.0000,-1,4,0,1,0,5,0,0,0,0
55.14526,3,0,1,0,0,0,0,-1,0,0.0000,-1,4,0,1,0,5,0,0,0,0
55.16602,3,0,1,0,0,0,0,-1,0,0.0000,-1,4,0,1,0,5,0,0,0,0
55.18681,3,0,1,0,0,0,0,-1,0,0.0000,-1,4,0,1,0,5,0,0,0,0
55.20688,3,0,1,0,0,0,0,-1,0,0.0000,-1,4,0,1,0,5,0,0,0,0
55.22797,3,0,1,0,0,0,0,-1,0,0.0000,-1,4,0,1,0,5,0,0,0,0
55.24725,3,0,1,0,0,0,0,-1,0,0.0000,-1,4,0,1,0,5,0,0,0,0
55.26813,3,0,1,0,0,0,0,-1,0,0.0000,-1,4,0,1,0,5,0,0,0,0
55.28991,3,0,1,0,0,0,0,-1,0,0.0000,-1,4,0,1,0,5,0,0,0,0
55.32856,3,0,1,0,0,0,1,24,0,0.0000,-1,4,0,1,0,5,0,0,0,0
55.34076,3,0,1,0,0,0,1,24,0,0.0000,-1,4,0,1,0,5,0,0,0,0
55.3544,3,0,1,0,0,0,1,24,0,0.0000,-1,4,0,1,0,5,0,0,0,0
55.37612,3,0,1,0,0,0,1,24,0,0.0000,-1,4,0,1,0,5,0,0,0,0
55.39788,3,0,1,0,0,0,1,24,0,0.0000,-1,4,0,1,0,5,0,0,0,0
55.4191,3,0,1,0,0,0,1,24,0,0.0000,-1,4,0,1,0,5,0,0,0,0
55.43984,3,0,1,0,0,0,1,24,0,0.0000,-1,4,0,1,0,5,0,0,0,0
55.46053,3,0,1,0,0,0,1,24,0,0.0000,-1,4,0,1,0,5,0,0,0,0
55.48071,3,0,1,0,0,0,1,24,0,0.0000,-1,4,0,1,0,5,0,0,0,0
55.50192,3,0,1,0,0,0,1,24,0,0.0000,-1,4,0,1,0,5,0,0,0,0
55.5224,3,0,1,0,0,0,1,24,0,0.0000,-1,4,0,1,0,5,0,0,0,0
55.54331,3,0,1,0,0,0,1,24,0,0.0000,-1,4,0,1,0,5,0,0,0,0
55.56399,3,0,1,0,0,0,1,24,0,0.0000,-1,4,0,1,0,5,0,0,0,0
55.58506,3,0,1,0,0,0,1,24,0,0.0000,-1,4,0,1,0,5,0,0,0,0
55.60547,3,0,1,0,0,0,1,24,0,0.0000,-1,4,0,1,0,5,0,0,0,0
55.626,3,0,1,0,0,0,1,24,0,0.0000,-1,4,0,1,0,5,0,0,0,0
55.64785,3,0,1,0,0,0,1,24,0,0.0000,-1,4,0,1,0,5,0,0,0,0
55.66888,3,0,1,0,0,0,1,24,0,0.0000,-1,4,0,1,0,5,0,0,0,0
55.68961,3,0,1,0,0,0,1,24,0,0.0000,-1,4,0,1,0,5,0,0,0,0
55.71101,3,0,1,0,0,0,1,24,0,0.0000,-1,4,0,1,0,5,0,0,0,0
55.7332,3,0,1,0,0,0,1,24,0,0.0000,-1,4,0,1,0,5,0,0,0,0
55.75431,3,0,1,0,0,0,1,24,0,0.0000,-1,4,0,1,0,5,0,0,0,0
55.77572,3,0,1,0,0,0,1,24,0,0.0000,-1,4,0,1,0,5,0,0,0,0
55.79699,3,0,1,0,0,0,1,24,0,0.0000,-1,4,0,1,0,5,0,0,0,0
55.8183,3,0,1,0,0,0,1,24,0,0.0000,-1,4,0,1,0,5,0,0,0,0
55.83893,3,0,1,0,0,0,1,24,0,0.0000,-1,4,0,1,0,5,0,0,0,0
55.86048,3,0,1,0,0,0,1,24,0,0.0000,-1,4,0,1,0,5,0,0,0,0
55.88086,3,0,1,0,0,0,1,24,0,0.0000,-1,4,0,1,0,5,0,0,0,0
55.90261,3,0,1,0,0,0,1,24,0,0.0000,-1,4,0,1,0,5,0,0,0,0
55.92203,3,0,1,0,0,0,1,24,0,0.0000,-1,4,0,1,0,5,0,0,0,0
55.96299,3,0,1,0,0,0,1,24,0,0.0000,-1,4,0,1,0,5,0,0,0,0
55.97496,3,0,1,0,0,0,1,24,0,0.0000,-1,4,0,1,0,5,0,0,0,0
55.9898,3,0,1,0,0,0,0,-1,0,0.0000,24,4,0,2,0,6,0,0,0,0
56.01197,3,0,1,0,0,0,0,-1,0,0.0000,-1,4,0,2,0,6,0,0,0,0
56.03357,3,0,1,0,0,0,0,-1,0,0.0000,-1,4,0,2,0,6,0,0,0,0
56.05545,3,0,1,0,0,0,0,-1,0,0.0000,-1,4,0,2,0,6,0,0,0,0
56.07711,3,0,1,0,0,0,0,-1,0,0.0000,-1,4,0,2,0,6,0,0,0,0
56.0994,3,0,1,0,0,0,0,-1,0,0.0000,-1,4,0,2,0,6,0,0,0,0
56.12131,3,0,1,0,0,0,0,-1,0,0.0000,-1,4,0,2,0,6,0,0,0,0
56.14324,3,0,1,0,0,0,0,-1,0,0.0000,-1,4,0,2,0,6,0,0,0,0
56.18397,3,0,1,0,0,0,0,-1,0,0.0000,-1,4,0,2,0,6,0,0,0,0
56.19581,3,0,1,0,0,0,0,-1,0,0.0000,-1,4,0,2,0,6,0,0,0,0
56.21183,3,0,1,0,0,0,0,-1,0,0.0000,-1,4,0,2,0,6,0,0,0,0
56.23378,3,0,1,0,0,0,0,-1,0,0.0000,-1,4,0,2,0,6,0,0,0,0
56.25574,3,0,1,0,0,0,0,-1,0,0.0000,-1,4,0,2,0,6,0,0,0,0
56.27689,3,0,1,0,0,0,0,-1,0,0.0000,-1,4,0,2,0,6,0,0,0,0
56.29829,3,0,1,0,0,0,0,-1,0,0.0000,-1,4,0,2,0,6,0,0,0,0
56.31985,3,0,1,0,0,0,0,-1,0,0.0000,-1,4,0,2,0,6,0,0,0,0
56.34049,3,0,1,0,0,0,0,-1,0,0.0000,-1,4,0,2,0,6,0,0,0,0
56.3624,3,0,1,0,0,0,0,-1,0,0.0000,-1,4,0,2,0,6,0,0,0,0
56.38281,3,0,1,0,0,0,0,-1,0,0.0000,-1,4,0,2,0,6,0,0,0,0
56.40467,3,0,1,0,0,0,0,-1,0,0.0000,-1,4,0,2,0,6,0,0,0,0
56.42495,3,0,1,0,0,0,0,-1,0,0.0000,-1,4,0,2,0,6,0,0,0,0
56.44613,3,0,1,0,0,0,0,-1,0,0.0000,-1,4,0,2,0,6,0,0,0,0
56.46729,3,0,1,0,0,0,0,-1,0,0.0000,-1,4,0,2,0,6,0,0,0,0
56.48864,3,0,1,0,0,0,0,-1,0,0.0000,-1,4,0,2,0,6,0,0,0,0
56.51039,3,0,1,0,0,0,0,-1,0,0.0000,-1,4,0,2,0,6,0,0,0,0
56.53267,3,0,1,0,0,0,0,-1,0,0.0000,-1,4,0,2,0,6,0,0,0,0
56.55368,3,0,1,0,0,0,0,-1,1,1.0000,-1,4,0,2,0,6,0,0,0,0
56.57544,3,0,1,0,0,0,0,-1,0,1.0000,-1,4,0,2,0,6,0,0,0,0
56.61586,3,0,1,0,0,0,0,-1,0,1.0000,-1,4,0,2,0,6,0,0,0,0
56.62803,3,0,1,0,0,0,0,-1,0,1.0000,-1,4,0,2,0,6,0,0,0,0
56.64318,3,0,1,0,0,0,0,-1,0,1.0000,-1,4,0,2,0,6,0,0,0,0
56.66554,3,0,1,0,0,0,0,-1,0,1.0000,-1,4,0,2,0,6,0,0,0,0
56.68792,3,0,1,0,0,0,0,-1,0,1.0000,-1,4,0,2,0,6,0,0,0,0
56.71,3,0,1,0,0,0,0,-1,0,1.0000,-1,4,0,2,0,6,0,0,0,0
56.73282,3,0,1,0,0,0,0,-1,0,1.0000,-1,4,0,2,0,6,0,0,0,0
56.75367,3,0,1,1,0,0,0,-1,0,1.0000,-1,4,0,2,0,6,0,0,0,0
56.77585,3,0,1,1,0,0,0,-1,0,1.0000,-1,4,0,2,0,6,0,0,0,0
56.81694,3,0,1,1,0,0,0,-1,0,1.0000,-1,4,0,2,0,6,0,0,0,0
56.8292,3,0,1,1,0,0,0,-1,0,1.0000,-1,4,0,2,0,6,0,0,0,0
56.84494,3,0,1,1,0,0,0,-1,0,1.0000,-1,4,0,2,0,6,0,0,0,0
56.86628,3,0,1,1,0,0,0,-1,0,1.0000,-1,4,0,2,0,6,0,0,0,0
56.8883,3,0,1,1,0,0,0,-1,0,1.0000,-1,4,0,2,0,6,0,0,0,0
56.90981,3,0,1,1,0,0,0,-1,0,1.0000,-1,4,0,2,0,6,0,0,0,0
56.93147,3,0,1,1,0,0,0,-1,0,1.0000,-1,4,0,2,0,6,0,0,0,0
56.95311,3,0,1,1,0,0,0,-1,0,1.0000,-1,4,0,2,0,6,0,0,0,0
56.97398,3,0,1,1,0,0,0,-1,0,1.0000,-1,4,0,2,0,6,0,0,0,0
56.99628,3,0,1,1,0,0,0,-1,0,1.0000,-1,4,0,2,0,6,0,0,0,0
57.03695,3,0,1,1,0,0,0,-1,0,1.0000,-1,4,0,2,0,6,0,0,0,0
57.04848,3,0,1,1,0,0,0,-1,0,1.0000,-1,4,0,2,0,6,0,0,0,0
57.06461,3,0,1,1,0,0,0,-1,0,1.0000,-1,4,0,2,0,6,0,0,0,0
57.08698,3,0,1,1,0,0,0,-1,0,1.0000,-1,4,0,2,0,6,0,0,0,0
57.10913,3,0,1,1,0,0,0,-1,0,1.0000,-1,4,0,2,0,6,0,0,0,0
57.13136,3,0,1,1,0,0,0,-1,0,1.0000,-1,4,0,2,0,6,0,0,0,0
57.15321,3,0,1,1,0,0,0,-1,0,1.0000,-1,4,0,2,0,6,0,0,0,0
57.17421,3,0,1,1,0,0,0,-1,0,1.0000,-1,4,0,2,0,6,0,0,0,0
57.19663,3,0,1,1,0,0,0,-1,0,1.0000,-1,4,0,2,0,6,0,0,0,0
57.23591,3,0,1,1,0,0,0,-1,0,1.0000,-1,4,0,2,0,6,0,0,0,0
57.24795,3,0,1,1,0,0,0,-1,0,1.0000,-1,4,0,2,0,6,0,0,0,0
57.26411,3,0,1,1,0,0,0,-1,0,1.0000,-1,4,0,2,0,6,0,0,0,0
57.28601,3,0,1,1,0,0,0,-1,0,1.0000,-1,4,0,2,0,6,0,0,0,0
57.30772,3,0,1,1,0,0,0,-1,0,1.0000,-1,4,0,2,0,6,0,0,0,0
57.32952,3,0,1,1,0,0,0,-1,0,1.0000,-1,4,0,2,0,6,0,0,0,0
57.35013,3,0,1,1,0,0,0,-1,0,1.0000,-1,4,0,2,0,6,0,0,0,0
57.37181,3,0,1,1,0,0,0,-1,0,1.0000,-1,4,0,2,0,6,0,0,0,0
57.39393,3,0,1,0,0,0,0,-1,0,1.0000,-1,4,0,2,0,6,0,0,0,0
57.41654,3,0,1,0,1,0,0,-1,0,1.0000,-1,4,0,2,0,6,0,0,0,0
57.45621,3,0,1,0,1,0,0,-1,0,1.0000,-1,4,0,2,0,6,0,0,0,0
57.46772,3,0,1,0,1,0,0,-1,0,1.0000,-1,4,0,2,0,6,0,0,0,0
57.48395,3,0,1,0,1,0,0,-1,0,1.0000,-1,4,0,2,0,6,0,0,0,0
57.50578,3,0,1,0,1,0,0,-1,0,1.0000,-1,4,0,2,0,6,0,0,0,0
57.52752,3,0,1,0,1,0,0,-1,0,1.0000,-1,4,0,2,0,6,0,0,0,0
57.54932,3,0,1,0,1,0,0,-1,0,1.0000,-1,4,0,2,0,6,0,0,0,0
57.57088,3,0,1,0,1,0,0,-1,0,0.0000,-1,4,0,2,0,6,0,0,0,0
57.59244,3,0,1,0,1,0,0,-1,1,1.0000,-1,4,0,2,0,6,0,0,0,0
57.61391,3,0,1,0,1,0,0,-1,0,1.0000,-1,4,0,2,0,6,0,0,0,0
57.63575,3,0,1,0,1,0,0,-1,0,1.0000,-1,4,0,2,0,6,0,0,0,0
57.65771,3,0,1,0,1,0,0,-1,0,1.0000,-1,4,0,2,0,6,0,0,0,0
57.67997,3,0,1,0,1,0,0,-1,0,1.0000,-1,4,0,2,0,6,0,0,0,0
57.7011,3,0,1,0,1,0,0,-1,0,1.0000,-1,4,0,2,0,6,0,0,0,0
57.72187,3,0,1,0,1,0,0,-1,0,1.0000,-1,4,0,2,0,6,0,0,0,0
57.74331,3,0,1,0,1,0,0,-1,0,1.0000,-1,4,0,2,0,6,0,0,0,0
57.76511,3,0,1,0,1,0,0,-1,0,1.0000,-1,4,0,2,0,6,0,0,0,0
57.78785,3,0,1,0,1,0,0,-1,0,1.0000,-1,4,0,2,0,6,0,0,0,0
57.80833,3,0,1,0,1,0,0,-1,0,1.0000,-1,4,0,2,0,6,0,0,0,0
57.82782,3,0,1,0,1,0,0,-1,0,1.0000,-1,4,0,2,0,6,0,0,0,0
57.84805,3,0,1,0,1,0,0,-1,0,1.0000,-1,4,0,2,0,6,0,0,0,0
57.8694,3,0,1,0,1,0,0,-1,0,1.0000,-1,4,0,2,0,6,0,0,0,0
57.89222,3,0,1,0,1,0,0,-1,0,1.0000,-1,4,0,2,0,6,0,0,0,0
57.91196,3,0,1,0,1,0,0,-1,0,1.0000,-1,4,0,2,0,6,0,0,0,0
57.9334,3,0,1,0,1,0,0,-1,0,1.0000,-1,4,0,2,0,6,0,0,0,0
57.95505,3,0,1,0,1,0,0,-1,1,2.0000,-1,4,0,2,0,6,0,0,0,0
57.9768,3,0,1,0,1,0,0,-1,0,2.0000,-1,4,0,2,0,6,0,0,0,0
57.99747,3,0,1,0,1,0,0,-1,0,2.0000,-1,4,0,2,0,6,0,0,0,0
58.01887,3,0,1,0,1,0,0,-1,0,2.0000,-1,4,0,2,0,6,0,0,0,0
58.03846,3,0,1,0,1,0,0,-1,0,2.0000,-1,4,0,2,0,6,0,0,0,0
58.06157,3,0,1,0,0,0,0,-1,0,2.0000,-1,4,0,2,0,6,0,0,0,0
58.08131,3,0,1,0,0,0,0,-1,0,2.0000,-1,4,0,2,0,6,0,0,0,0
58.10346,3,0,1,0,0,0,0,-1,0,2.0000,-1,4,0,2,0,6,0,0,0,0
58.12449,3,0,1,0,0,0,0,-1,0,2.0000,-1,4,0,2,0,6,0,0,0,0
58.14635,3,0,1,0,0,0,0,-1,0,2.0000,-1,4,0,2,0,6,0,0,0,0
58.16571,3,0,1,0,0,0,0,-1,0,2.0000,-1,4,0,2,0,6,0,0,0,0
58.18903,3,0,1,0,0,0,0,-1,0,2.0000,-1,4,0,2,0,6,0,0,0,0
58.20997,3,0,1,0,0,0,0,-1,0,2.0000,-1,4,0,2,0,6,0,0,0,0
58.22968,3,0,1,0,0,0,0,-1,0,2.0000,-1,4,0,2,0,6,0,0,0,0
58.25034,3,0,1,0,0,0,0,-1,0,2.0000,-1,4,0,2,0,6,0,0,0,0
58.27073,3,0,1,0,0,0,0,-1,0,2.0000,-1,4,0,2,0,6,0,0,0,0
58.31112,3,0,1,0,0,0,0,-1,0,2.0000,-1,4,0,2,0,6,0,0,0,0
58.32596,3,0,1,0,0,0,0,-1,0,2.0000,-1,4,0,2,0,6,0,0,0,0
58.3405,3,0,1,0,0,0,0,-1,0,2.0000,-1,4,0,2,0,6,0,0,0,0
58.35735,3,0,1,0,0,0,0,-1,0,2.0000,-1,4,0,2,0,6,0,0,0,0
58.37922,3,0,1,0,0,0,0,-1,1,3.0000,-1,4,0,2,0,6,0,0,0,0
58.40086,3,0,1,0,0,0,0,-1,0,3.0000,-1,4,0,2,0,6,0,0,0,0
58.42104,3,0,1,0,0,0,0,-1,0,3.0000,-1,4,0,2,0,6,0,0,0,0
58.4432,3,0,1,0,0,0,0,-1,0,3.0000,-1,4,0,2,0,6,0,0,0,0
58.46282,3,0,1,0,0,0,0,-1,0,3.0000,-1,4,0,2,0,6,0,0,0,0
58.48394,3,0,1,0,0,0,0,-1,0,3.0000,-1,4,0,2,0,6,0,0,0,0
58.52288,3,0,1,0,0,0,0,-1,0,3.0000,-1,4,0,2,0,6,0,0,0,0
58.53482,3,0,1,0,0,0,0,-1,0,3.0000,-1,4,0,2,0,6,0,0,0,0
58.54969,3,0,1,0,0,0,1,31,0,3.0000,-1,4,0,2,0,6,0,0,0,0
58.57091,3,0,1,0,0,0,1,31,0,3.0000,-1,4,0,2,0,6,0,0,0,0
58.59327,3,0,1,0,0,0,1,31,0,2.0000,-1,4,0,2,0,6,0,0,0,0
58.6143,3,0,1,0,0,0,1,31,0,2.0000,-1,4,0,2,0,6,0,0,0,0
58.6349,3,0,1,0,0,0,1,31,0,2.0000,-1,4,0,2,0,6,0,0,0,0
58.65659,3,0,1,0,0,0,1,31,0,2.0000,-1,4,0,2,0,6,0,0,0,0
58.67772,3,0,1,0,0,0,1,31,0,2.0000,-1,4,0,2,0,6,0,0,0,0
58.6995,3,0,1,0,0,0,1,31,1,3.0000,-1,4,0,2,0,6,0,0,0,0
58.72102,3,0,1,0,0,0,1,31,0,3.0000,-1,4,0,2,0,6,0,0,0,0
58.7431,3,0,1,0,0,0,1,31,0,3.0000,-1,4,0,2,0,6,0,0,0,0
58.76375,3,0,1,0,0,0,1,31,0,3.0000,-1,4,0,2,0,6,0,0,0,0
58.78374,3,0,1,0,0,0,1,31,0,3.0000,-1,4,0,2,0,6,0,0,0,0
58.80518,3,0,1,0,0,0,1,31,0,3.0000,-1,4,0,2,0,6,0,0,0,0
58.82744,3,0,1,0,0,0,1,31,0,3.0000,-1,4,0,2,0,6,0,0,0,0
58.84668,3,0,1,0,0,0,1,31,0,3.0000,-1,4,0,2,0,6,0,0,0,0
58.86747,3,0,1,0,0,0,1,31,0,3.0000,-1,4,0,2,0,6,0,0,0,0
58.8894,3,0,1,0,0,0,1,31,0,3.0000,-1,4,0,2,0,6,0,0,0,0
58.91058,3,0,1,0,0,0,1,31,0,3.0000,-1,4,0,2,0,6,0,0,0,0
58.93187,3,0,1,0,0,0,1,31,0,3.0000,-1,4,0,2,0,6,0,0,0,0
58.95267,3,0,1,0,0,0,1,31,0,3.0000,-1,4,0,2,0,6,0,0,0,0
58.97431,3,0,1,0,0,0,1,31,0,2.0000,-1,4,0,2,0,6,0,0,0,0
58.99493,3,0,1,0,0,0,1,31,0,2.0000,-1,4,0,2,0,6,0,0,0,0
59.01472,3,0,1,0,0,0,1,31,0,2.0000,-1,4,0,2,0,6,0,0,0,0
59.03711,3,0,1,0,0,0,1,31,0,2.0000,-1,4,0,2,0,6,0,0,0,0
59.05914,3,0,1,0,0,0,1,31,0,2.0000,-1,4,0,2,0,6,0,0,0,0
59.07978,3,0,1,0,0,0,1,31,0,2.0000,-1,4,0,2,0,6,0,0,0,0
59.10106,3,0,1,0,0,0,1,31,0,2.0000,-1,4,0,2,0,6,0,0,0,0
59.12254,3,0,1,0,0,0,0,-1,0,2.0000,31,4,0,3,0,7,0,0,0,0
59.16096,3,0,1,0,0,0,0,-1,0,2.0000,-1,4,0,3,0,7,0,0,0,0
59.17342,3,0,1,0,0,0,0,-1,0,2.0000,-1,4,0,3,0,7,0,0,0,0
59.18786,3,0,1,0,0,0,0,-1,0,2.0000,-1,4,0,3,0,7,0,0,0,0
59.20972,3,0,1,0,0,0,0,-1,0,2.0000,-1,4,0,3,0,7,0,0,0,0
59.23189,3,0,1,0,0,0,0,-1,0,2.0000,-1,4,0,3,0,7,0,0,0,0
59.25301,3,0,1,0,0,0,0,-1,0,2.0000,-1,4,0,3,0,7,0,0,0,0
59.27523,3,0,1,0,0,0,0,-1,1,3.0000,-1,4,0,3,0,7,0,0,0,0
59.29668,3,0,1,0,0,0,0,-1,0,3.0000,-1,4,0,3,0,7,0,0,0,0
59.31717,3,0,1,0,0,0,0,-1,0,3.0000,-1,4,0,3,0,7,0,0,0,0
59.33815,3,0,1,0,0,0,0,-1,0,3.0000,-1,4,0,3,0,7,0,0,0,0
59.3785,3,0,1,0,0,0,0,-1,0,3.0000,-1,4,0,3,0,7,0,0,0,0
59.39099,3,0,1,0,0,0,0,-1,0,2.0000,-1,4,0,3,0,7,0,0,0,0
59.40624,3,0,1,0,0,0,0,-1,0,2.0000,-1,4,0,3,0,7,0,0,0,0
59.43033,3,0,1,0,0,0,0,-1,0,2.0000,-1,4,0,3,0,7,0,0,0,0
59.44866,3,0,1,0,0,0,0,-1,0,2.0000,-1,4,0,3,0,7,0,0,0,0
59.47036,3,0,1,0,0,0,0,-1,0,2.0000,-1,4,0,3,0,7,0,0,0,0
59.49132,3,0,1,0,0,0,0,-1,0,2.0000,-1,4,0,3,0,7,0,0,0,0
59.51241,3,0,1,0,0,0,0,-1,0,2.0000,-1,4,0,3,0,7,0,0,0,0
59.53349,3,0,1,0,0,0,0,-1,0,2.0000,-1,4,0,3,0,7,0,0,0,0
59.55429,3,0,1,0,0,0,0,-1,0,2.0000,-1,4,0,3,0,7,0,0,0,0
59.57651,3,0,1,0,0,0,0,-1,0,2.0000,-1,4,0,3,0,7,0,0,0,0
59.59833,3,0,1,0,0,0,0,-1,0,2.0000,-1,4,0,3,0,7,0,0,0,0
59.61764,3,0,1,0,0,0,0,-1,0,2.0000,-1,4,0,3,0,7,0,0,0,0
59.63919,3,0,1,0,0,0,0,-1,0,2.0000,-1,4,0,3,0,7,0,0,0,0
59.66115,3,0,1,0,0,0,0,-1,0,2.0000,-1,4,0,3,0,7,0,0,0,0
59.68009,3,0,1,0,0,0,0,-1,0,2.0000,-1,4,0,3,0,7,0,0,0,0
59.70091,3,0,1,0,0,0,0,-1,0,1.0000,-1,4,0,3,0,7,0,0,0,0
59.72226,3,0,1,0,0,0,0,-1,0,1.0000,-1,4,0,3,0,7,0,0,0,0
59.74313,3,0,1,0,0,0,0,-1,0,1.0000,-1,4,0,3,0,7,0,0,0,0
59.76398,3,0,1,0,0,0,0,-1,1,2.0000,-1,4,0,3,0,7,0,0,0,0
59.7831,3,0,1,0,0,0,0,-1,0,2.0000,-1,4,0,3,0,7,0,0,0,0
59.8049,3,0,1,0,0,0,0,-1,0,2.0000,-1,4,0,3,0,7,0,0,0,0
59.82597,3,0,1,0,0,0,0,-1,0,2.0000,-1,4,0,3,0,7,0,0,0,0
59.84762,3,0,1,0,0,0,0,-1,0,2.0000,-1,4,0,3,0,7,0,0,0,0
59.86729,3,0,1,0,0,0,0,-1,0,2.0000,-1,4,0,3,0,7,0,0,0,0
59.88891,3,0,1,0,0,0,0,-1,0,2.0000,-1,4,0,3,0,7,0,0,0,0
59.91007,3,0,1,0,0,0,0,-1,0,2.0000,-1,4,0,3,0,7,0,0,0,0
59.931,3,0,1,0,0,0,0,-1,0,2.0000,-1,4,0,3,0,7,0,0,0,0
59.95109,3,0,1,0,0,0,0,-1,0,2.0000,-1,4,0,3,0,7,0,0,0,0
59.97166,3,0,1,0,0,0,0,-1,0,2.0000,-1,4,0,3,0,7,0,0,0,0
59.99301,3,0,1,0,0,0,0,-1,0,2.0000,-1,4,0,3,0,7,0,0,0,0
60.0167,3,0,1,0,0,0,0,-1,0,2.0000,-1,4,0,3,0,7,0,0,0,0
60.03687,3,0,1,0,0,0,0,-1,1,3.0000,-1,4,0,3,0,7,0,0,0,0
60.05694,3,0,1,1,0,0,0,-1,0,3.0000,-1,4,0,3,0,7,0,0,0,0
60.07763,3,0,1,1,0,0,0,-1,0,3.0000,-1,4,0,3,0,7,0,0,0,0
60.09915,3,0,1,1,0,0,0,-1,0,3.0000,-1,4,0,3,0,7,0,0,0,0
60.12081,3,0,1,1,0,0,0,-1,0,3.0000,-1,4,0,3,0,7,0,0,0,0
60.14207,3,0,1,1,0,0,0,-1,0,3.0000,-1,4,0,3,0,7,0,0,0,0
60.16415,3,0,1,1,0,0,0,-1,0,3.0000,-1,4,0,3,0,7,0,0,0,0
60.18245,3,0,1,1,0,0,0,-1,0,3.0000,-1,4,0,3,0,7,0,0,0,0
60.2235,3,0,1,1,0,0,0,-1,0,3.0000,-1,4,0,3,0,7,0,0,0,0
60.23802,3,0,1,1,0,0,0,-1,0,3.0000,-1,4,0,3,0,7,0,0,0,0
60.25164,3,0,1,1,0,0,0,-1,0,3.0000,-1,4,0,3,0,7,0,0,0,0
60.27171,3,0,1,1,0,0,0,-1,0,3.0000,-1,4,0,3,0,7,0,0,0,0
60.29213,3,0,1,1,0,0,0,-1,0,2.0000,-1,4,0,3,0,7,0,0,0,0
60.31443,3,0,1,1,0,0,0,-1,0,2.0000,-1,4,0,3,0,7,0,0,0,0
60.33407,3,0,1,1,0,0,0,-1,1,3.0000,-1,4,0,3,0,7,0,0,0,0
60.35612,3,0,1,1,0,0,0,-1,0,3.0000,-1,4,0,3,0,7,0,0,0,0
60.37724,3,0,1,1,0,0,0,-1,0,3.0000,-1,4,0,3,0,7,0,0,0,0
60.39819,3,0,1,1,0,0,0,-1,0,3.0000,-1,4,0,3,0,7,0,0,0,0
60.41821,3,0,1,1,0,0,0,-1,0,3.0000,-1,4,0,3,0,7,0,0,0,0
60.43658,3,0,1,1,0,0,0,-1,0,3.0000,-1,4,0,3,0,7,0,0,0,0
60.45831,3,0,1,1,0,0,0,-1,0,3.0000,-1,4,0,3,0,7,0,0,0,0
60.47904,3,0,1,1,0,0,0,-1,0,3.0000,-1,4,0,3,0,7,0,0,0,0
60.50069,3,0,1,1,0,0,0,-1,0,3.0000,-1,4,0,3,0,7,0,0,0,0
60.52245,3,0,1,1,0,0,0,-1,0,3.0000,-1,4,0,3,0,7,0,0,0,0
60.54406,3,0,1,1,0,0,0,-1,0,3.0000,-1,4,0,3,0,7,0,0,0,0
60.56316,3,0,1,1,0,0,0,-1,0,3.0000,-1,4,0,3,0,7,0,0,0,0
60.58404,3,0,1,1,0,0,0,-1,0,3.0000,-1,4,0,3,0,7,0,0,0,0
60.60328,3,0,1,1,0,0,0,-1,0,3.0000,-1,4,0,3,0,7,0,0,0,0
60.64483,3,0,1,1,0,0,0,-1,0,3.0000,-1,4,0,3,0,7,0,0,0,0
60.66603,3,0,1,0,0,0,0,-1,0,3.0000,-1,4,0,3,0,7,0,0,0,0
60.68065,3,0,1,0,0,0,1,33,0,3.0000,-1,4,0,3,0,7,0,0,0,0
60.69453,3,0,1,0,0,0,1,33,0,3.0000,-1,4,0,3,0,7,0,0,0,0
60.71546,3,0,1,0,0,0,1,33,1,4.0000,-1,4,0,3,0,7,0,0,0,0
60.73679,3,0,1,0,0,0,1,33,0,4.0000,-1,4,0,3,0,7,0,0,0,0
60.75736,3,0,1,0,0,0,1,33,0,4.0000,-1,4,0,3,0,7,0,0,0,0
60.77816,3,0,1,0,0,0,1,33,0,3.0000,-1,4,0,3,0,7,0,0,0,0
60.79986,3,0,1,0,1,0,1,33,0,3.0000,-1,4,0,3,0,7,0,0,0,0
60.8213,3,0,1,0,1,0,1,33,0,3.0000,-1,4,0,3,0,7,0,0,0,0
60.86004,3,0,1,0,1,0,1,33,0,3.0000,-1,4,0,3,0,7,0,0,0,0
60.87347,3,0,1,0,1,0,1,33,0,3.0000,-1,4,0,3,0,7,0,0,0,0
60.88687,3,0,1,0,1,0,1,33,0,3.0000,-1,4,0,3,0,7,0,0,0,0
60.90729,3,0,1,0,1,0,1,33,0,3.0000,-1,4,0,3,0,7,0,0,0,0
60.92804,3,0,1,0,1,0,1,33,0,3.0000,-1,4,0,3,0,7,0,0,0,0
60.94749,3,0,1,0,1,0,1,33,0,3.0000,-1,4,0,3,0,7,0,0,0,0
60.9704,3,0,1,0,1,0,1,33,0,3.0000,-1,4,0,3,0,7,0,0,0,0
60.99001,3,0,1,0,1,0,1,33,0,3.0000,-1,4,0,3,0,7,0,0,0,0
61.01069,3,0,1,0,1,0,0,-1,0,3.0000,33,4,0,4,0,8,0,0,0,0
61.03073,3,0,1,0,1,0,0,-1,0,3.0000,-1,4,0,4,0,8,0,0,0,0
61.06942,3,0,1,0,1,0,0,-1,0,2.0000,-1,4,0,4,0,8,0,0,0,0
61.08179,3,0,1,0,1,0,0,-1,0,2.0000,-1,4,0,4,0,8,0,0,0,0
61.09601,3,0,1,0,1,0,0,-1,0,2.0000,-1,4,0,4,0,8,0,0,0,0
61.11633,3,0,1,0,1,0,0,-1,0,2.0000,-1,4,0,4,0,8,0,0,0,0
61.13737,3,0,1,0,1,0,0,-1,0,2.0000,-1,4,0,4,0,8,0,0,0,0
61.15755,3,0,1,0,1,0,0,-1,0,2.0000,-1,4,0,4,0,8,0,0,0,0
61.17779,3,0,1,0,1,0,0,-1,0,2.0000,-1,4,0,4,0,8,0,0,0,0
61.20002,3,0,1,0,1,0,0,-1,0,2.0000,-1,4,0,4,0,8,0,0,0,0
61.21989,3,0,1,0,1,0,0,-1,0,2.0000,-1,4,0,4,0,8,0,0,0,0
61.23943,3,0,1,0,1,0,0,-1,0,2.0000,-1,4,0,4,0,8,0,0,0,0
61.25993,3,0,1,0,1,0,0,-1,0,2.0000,-1,4,0,4,0,8,0,0,0,0
61.27741,3,0,1,0,1,0,0,-1,0,2.0000,-1,4,0,4,0,8,0,0,0,0
61.29782,3,0,1,0,1,0,0,-1,0,2.0000,-1,4,0,4,0,8,0,0,0,0
61.31982,3,0,1,0,1,0,0,-1,0,2.0000,-1,4,0,4,0,8,0,0,0,0
61.33948,3,0,1,0,1,0,0,-1,0,1.0000,-1,4,0,4,0,8,0,0,0,0
61.35843,3,0,1,0,1,0,0,-1,0,1.0000,-1,4,0,4,0,8,0,0,0,0
61.37782,3,0,1,0,0,0,0,-1,0,1.0000,-1,4,0,4,0,8,0,0,0,0
61.39787,3,0,1,0,0,0,0,-1,0,1.0000,-1,4,0,4,0,8,0,0,0,0
61.42129,3,0,1,0,0,0,0,-1,0,1.0000,-1,4,0,4,0,8,0,0,0,0
61.44182,3,0,1,0,0,0,0,-1,0,1.0000,-1,4,0,4,0,8,0,0,0,0
61.47901,3,0,1,0,0,0,0,-1,0,1.0000,-1,4,0,4,0,8,0,0,0,0
61.49256,3,0,1,0,0,0,0,-1,0,1.0000,-1,4,0,4,0,8,0,0,0,0
61.5064,3,0,1,0,0,0,0,-1,0,1.0000,-1,4,0,4,0,8,0,0,0,0
61.52452,3,0,1,0,0,0,0,-1,0,1.0000,-1,4,0,4,0,8,0,0,0,0
61.54442,3,0,1,0,0,0,0,-1,0,1.0000,-1,4,0,4,0,8,0,0,0,0
61.56607,3,0,1,0,0,0,0,-1,1,2.0000,-1,4,0,4,0,8,0,0,0,0
61.5871,3,0,1,0,0,0,0,-1,0,2.0000,-1,4,0,4,0,8,0,0,0,0
61.60841,3,0,1,0,0,0,0,-1,0,2.0000,-1,4,0,4,0,8,0,0,0,0
61.62469,3,0,1,0,0,0,0,-1,0,2.0000,-1,4,0,4,0,8,0,0,0,0
61.64576,3,0,1,0,0,0,1,38,0,2.0000,-1,4,0,4,0,8,0,0,0,0
61.68766,3,0,1,0,0,0,1,38,0,2.0000,-1,4,0,4,0,8,0,0,0,0
61.70508,3,0,1,0,0,0,1,38,0,2.0000,-1,4,0,4,0,8,0,0,0,0
61.72038,3,0,1,0,0,0,1,38,0,1.0000,-1,4,0,4,0,8,0,0,0,0
61.73719,3,0,1,0,0,0,1,38,0,1.0000,-1,4,0,4,0,8,0,0,0,0
61.75409,3,0,1,0,0,0,1,38,0,1.0000,-1,4,0,4,0,8,0,0,0,0
61.7787,3,0,1,0,0,0,1,38,0,1.0000,-1,4,0,4,0,8,0,0,0,0
61.79776,3,0,1,0,0,0,1,38,0,1.0000,-1,4,0,4,0,8,0,0,0,0
61.81886,3,0,1,0,0,0,1,38,0,1.0000,-1,4,0,4,0,8,0,0,0,0
61.83898,3,0,1,0,0,0,1,38,0,1.0000,-1,4,0,4,0,8,0,0,0,0
61.85842,3,0,1,0,0,0,1,38,0,1.0000,-1,4,0,4,0,8,0,0,0,0
61.8806,3,0,1,0,0,0,1,38,0,1.0000,-1,4,0,4,0,8,0,0,0,0
61.90395,3,0,1,0,0,0,1,38,0,1.0000,-1,4,0,4,0,8,0,0,0,0
61.9243,3,0,1,0,0,0,1,38,0,1.0000,-1,4,0,4,0,8,0,0,0,0
61.94666,3,0,1,0,0,0,1,38,0,1.0000,-1,4,0,4,0,8,0,0,0,0
61.96756,3,0,1,0,0,0,1,38,0,1.0000,-1,4,0,4,0,8,0,0,0,0
61.99128,3,0,1,0,0,0,1,38,1,2.0000,-1,4,0,4,0,8,0,0,0,0
62.01482,3,0,1,0,0,0,1,38,0,2.0000,-1,4,0,4,0,8,0,0,0,0
62.03614,3,0,1,0,0,0,1,38,0,2.0000,-1,4,0,4,0,8,0,0,0,0
62.05913,3,0,1,0,0,0,1,36,0,2.0000,38,4,0,5,0,9,0,0,0,0
62.10535,3,0,1,0,0,0,1,36,0,2.0000,-1,4,0,5,0,9,0,0,0,0
62.11866,3,0,1,0,0,0,1,36,0,2.0000,-1,4,0,5,0,9,0,0,0,0
62.13631,3,0,1,0,0,0,1,36,0,2.0000,-1,4,0,5,0,9,0,0,0,0
62.16154,3,0,1,0,0,0,1,36,0,2.0000,-1,4,0,5,0,9,0,0,0,0
62.18661,3,0,1,0,0,0,1,36,0,2.0000,-1,4,0,5,0,9,0,0,0,0
62.21104,3,0,1,0,0,0,1,36,0,2.0000,-1,4,0,5,0,9,0,0,0,0
62.2349,3,0,1,0,0,0,1,36,0,2.0000,-1,4,0,5,0,9,0,0,0,0
62.25953,3,0,1,0,0,0,1,36,0,2.0000,-1,4,0,5,0,9,0,0,0,0
62.30558,3,0,1,0,0,0,1,36,0,2.0000,-1,4,0,5,0,9,0,0,0,0
62.31752,3,0,1,0,0,0,1,36,0,2.0000,-1,4,0,5,0,9,0,0,0,0
62.33539,3,0,1,0,0,0,1,36,0,2.0000,-1,4,0,5,0,9,0,0,0,0
62.36003,3,0,1,0,0,0,1,36,0,2.0000,-1,4,0,5,0,9,0,0,0,0
62.38474,1,1,2,0,0,0,1,37,0,2.0000,36,5,0,5,0,10,0,0,0,0
62.40928,1,0,2,0,0,0,1,37,0,2.0000,-1,5,0,5,0,10,0,0,0,0
62.4333,1,0,2,0,0,0,1,37,0,2.0000,-1,5,0,5,0,10,0,0,0,0
62.45747,1,0,2,1,0,0,1,37,0,2.0000,-1,5,0,5,0,10,0,0,0,0
62.48235,1,0,2,1,0,0,1,37,0,2.0000,-1,5,0,5,0,10,0,0,0,0
62.52847,1,0,2,1,0,0,1,37,0,2.0000,-1,5,0,5,0,10,0,0,0,0
62.54046,1,0,2,1,0,0,1,37,0,2.0000,-1,5,0,5,0,10,0,0,0,0
62.5584,1,0,2,1,0,0,1,37,0,2.0000,-1,5,0,5,0,10,0,0,0,0
62.58275,1,0,2,1,0,0,1,37,0,1.0000,-1,5,0,5,0,10,0,0,0,0
62.60764,1,0,2,1,0,0,1,37,0,1.0000,-1,5,0,5,0,10,0,0,0,0
62.63211,1,0,2,1,0,0,1,37,0,1.0000,-1,5,0,5,0,10,0,0,0,0
62.65641,1,0,2,1,0,0,1,37,0,1.0000,-1,5,0,5,0,10,0,0,0,0
62.68074,1,0,2,1,0,0,1,37,0,1.0000,-1,5,0,5,0,10,0,0,0,0
62.70485,1,0,2,1,0,0,0,-1,0,1.0000,37,6,0,5,0,11,0,0,0,0
62.72959,1,0,2,1,0,0,0,-1,0,1.0000,-1,6,0,5,0,11,0,0,0,0
62.75426,1,0,2,1,0,0,0,-1,0,1.0000,-1,6,0,5,0,11,0,0,0,0
62.77856,1,0,2,1,0,0,0,-1,0,1.0000,-1,6,0,5,0,11,0,0,0,0
62.80336,1,0,2,1,0,0,0,-1,0,1.0000,-1,6,0,5,0,11,0,0,0,0
62.8281,1,0,2,1,0,0,0,-1,0,1.0000,-1,6,0,5,0,11,0,0,0,0
62.85346,1,0,2,1,0,0,0,-1,0,1.0000,-1,6,0,5,0,11,0,0,0,0
62.87753,1,0,2,1,0,0,0,-1,0,1.0000,-1,6,0,5,0,11,0,0,0,0
62.90137,1,0,2,1,0,0,0,-1,0,1.0000,-1,6,0,5,0,11,0,0,0,0
62.92484,1,0,2,1,0,0,0,-1,0,1.0000,-1,6,0,5,0,11,0,0,0,0
62.96714,1,0,2,1,0,0,0,-1,0,1.0000,-1,6,0,5,0,11,0,0,0,0
62.97815,1,0,2,1,0,0,0,-1,0,1.0000,-1,6,0,5,0,11,0,0,0,0
62.9958,1,0,2,0,0,0,0,-1,0,0.0000,-1,6,0,5,0,11,0,0,0,0
63.01916,1,0,2,0,0,0,0,-1,0,0.0000,-1,6,0,5,0,11,0,0,0,0
63.04111,1,0,2,0,0,0,0,-1,0,0.0000,-1,6,0,5,0,11,0,0,0,0
63.06308,1,0,2,0,0,0,0,-1,0,0.0000,-1,6,0,5,0,11,0,0,0,0
63.08491,1,0,2,0,0,0,0,-1,0,0.0000,-1,6,0,5,0,11,0,0,0,0
63.10457,1,0,2,0,0,0,0,-1,0,0.0000,-1,6,0,5,0,11,0,0,0,0
63.12447,1,0,2,0,0,0,0,-1,0,0.0000,-1,6,0,5,0,11,0,0,0,0
63.14466,1,0,2,0,0,0,0,-1,0,0.0000,-1,6,0,5,0,11,0,0,0,0
63.18401,1,0,2,0,0,0,0,-1,0,0.0000,-1,6,0,5,0,11,0,0,0,0
63.19615,1,0,2,0,0,0,0,-1,0,0.0000,-1,6,0,5,0,11,0,0,0,0
63.21018,1,0,2,0,0,0,0,-1,0,0.0000,-1,6,0,5,0,11,0,0,0,0
63.23098,1,0,2,0,0,0,0,-1,0,0.0000,-1,6,0,5,0,11,0,0,0,0
63.25163,1,0,2,0,0,0,0,-1,0,0.0000,-1,6,0,5,0,11,0,0,0,0
63.27385,1,0,2,0,0,0,0,-1,0,0.0000,-1,6,0,5,0,11,0,0,0,0
63.29269,1,0,2,0,0,0,0,-1,0,0.0000,-1,6,0,5,0,11,0,0,0,0
63.31194,1,0,2,0,0,0,0,-1,0,0.0000,-1,6,0,5,0,11,0,0,0,0
63.33248,1,0,2,0,0,0,0,-1,0,0.0000,-1,6,0,5,0,11,0,0,0,0
63.35432,1,0,2,0,0,0,0,-1,0,0.0000,-1,6,0,5,0,11,0,0,0,0
63.37343,1,0,2,0,0,0,0,-1,0,0.0000,-1,6,0,5,0,11,0,0,0,0
63.39346,1,0,2,0,0,0,0,-1,0,0.0000,-1,6,0,5,0,11,0,0,0,0
63.41294,1,0,2,0,0,0,0,-1,0,0.0000,-1,6,0,5,0,11,0,0,0,0
63.43338,1,0,2,0,0,0,0,-1,0,0.0000,-1,6,0,5,0,11,0,0,0,0
63.45393,1,0,2,0,0,0,0,-1,0,0.0000,-1,6,0,5,0,11,0,0,0,0
63.47334,1,0,2,0,0,0,0,-1,0,0.0000,-1,6,0,5,0,11,0,0,0,0
63.49435,1,0,2,0,0,0,0,-1,0,0.0000,-1,6,0,5,0,11,0,0,0,0
63.51348,1,0,2,0,0,0,0,-1,0,0.0000,-1,6,0,5,0,11,0,0,0,0
63.53348,1,0,2,0,0,0,0,-1,0,0.0000,-1,6,0,5,0,11,0,0,0,0
63.55463,1,0,2,0,0,0,0,-1,0,0.0000,-1,6,0,5,0,11,0,0,0,0
63.57522,1,0,2,0,0,0,1,39,0,0.0000,-1,6,0,5,0,11,0,0,0,0
63.59526,1,0,2,0,0,0,1,39,0,0.0000,-1,6,0,5,0,11,0,0,0,0
63.6126,1,0,2,0,0,0,1,39,0,0.0000,-1,6,0,5,0,11,0,0,0,0
63.63342,1,0,2,1,0,0,1,39,0,0.0000,-1,6,0,5,0,11,0,0,0,0
63.65454,1,0,2,1,0,0,1,39,0,0.0000,-1,6,0,5,0,11,0,0,0,0
63.67607,1,0,2,1,0,0,1,39,0,0.0000,-1,6,0,5,0,11,0,0,0,0
63.69565,1,0,2,1,0,0,1,39,0,0.0000,-1,6,0,5,0,11,0,0,0,0
63.71397,1,0,2,1,0,0,1,39,0,0.0000,-1,6,0,5,0,11,0,0,0,0
63.73373,1,0,2,1,0,0,1,39,0,0.0000,-1,6,0,5,0,11,0,0,0,0
63.75386,1,0,2,1,0,0,1,39,0,0.0000,-1,6,0,5,0,11,0,0,0,0
63.77654,1,0,2,1,0,0,1,39,0,0.0000,-1,6,0,5,0,11,0,0,0,0
63.81303,1,0,2,1,0,0,1,39,0,0.0000,-1,6,0,5,0,11,0,0,0,0
63.82656,1,0,2,1,0,0,0,-1,0,0.0000,39,7,0,5,0,12,0,0,0,0
63.84141,1,0,2,1,0,0,0,-1,0,0.0000,-1,7,0,5,0,12,0,0,0,0
63.85913,1,0,2,1,0,0,0,-1,0,0.0000,-1,7,0,5,0,12,0,0,0,0
63.87989,1,0,2,1,0,0,0,-1,0,0.0000,-1,7,0,5,0,12,0,0,0,0
63.8997,1,0,2,1,0,0,0,-1,0,0.0000,-1,7,0,5,0,12,0,0,0,0
63.92167,1,0,2,1,0,0,0,-1,0,0.0000,-1,7,0,5,0,12,0,0,0,0
63.94361,1,0,2,1,0,0,1,40,0,0.0000,-1,7,0,5,0,12,0,0,0,0
63.96367,1,0,2,1,0,0,0,-1,0,0.0000,-1,7,0,5,0,12,0,0,0,0
63.98476,1,0,2,1,0,0,0,-1,0,0.0000,-1,7,0,5,0,12,0,0,0,0
64.02156,1,0,2,1,0,0,0,-1,0,0.0000,-1,7,0,5,0,12,0,0,0,0
64.03415,1,0,2,1,0,0,0,-1,0,0.0000,-1,7,0,5,0,12,0,0,0,0
64.04884,1,0,2,1,0,0,0,-1,0,0.0000,-1,7,0,5,0,12,0,0,0,0
64.06978,1,0,2,1,0,0,0,-1,0,0.0000,-1,7,0,5,0,12,0,0,0,0
64.09035,1,0,2,1,0,0,0,-1,0,0.0000,-1,7,0,5,0,12,0,0,0,0
64.11169,1,0,2,1,0,0,1,41,0,0.0000,-1,7,0,5,0,12,0,0,0,0
64.13301,1,0,2,1,0,0,1,41,0,0.0000,-1,7,0,5,0,12,0,0,0,0
64.15473,1,0,2,1,0,0,1,41,0,0.0000,-1,7,0,5,0,12,0,0,0,0
64.1759,1,0,2,0,0,0,1,41,0,0.0000,-1,7,0,5,0,12,0,0,0,0
64.1974,1,0,2,0,0,0,1,41,0,0.0000,-1,7,0,5,0,12,0,0,0,0
64.23695,1,0,2,0,0,0,1,41,0,0.0000,-1,7,0,5,0,12,0,0,0,0
64.24837,1,0,2,0,0,0,1,41,0,0.0000,-1,7,0,5,0,12,0,0,0,0
64.26458,1,0,2,0,0,0,1,41,0,0.0000,-1,7,0,5,0,12,0,0,0,0
64.2863,1,0,2,0,0,0,1,41,0,0.0000,-1,7,0,5,0,12,0,0,0,0
64.30807,1,0,2,0,0,0,1,41,0,0.0000,-1,7,0,5,0,12,0,0,0,0
64.32934,1,0,2,0,0,0,1,41,0,0.0000,-1,7,0,5,0,12,0,0,0,0
64.35113,1,0,2,0,0,0,1,41,0,0.0000,-1,7,0,5,0,12,0,0,0,0
64.37234,1,0,2,0,0,0,1,41,0,0.0000,-1,7,0,5,0,12,0,0,0,0
64.39393,1,0,2,0,0,0,1,41,0,0.0000,-1,7,0,5,0,12,0,0,0,0
64.41473,1,0,2,0,0,0,1,41,0,0.0000,-1,7,0,5,0,12,0,0,0,0
64.45586,1,0,2,0,0,0,1,41,0,0.0000,-1,7,0,5,0,12,0,0,0,0
64.46772,1,0,2,0,0,0,1,41,0,0.0000,-1,7,0,5,0,12,0,0,0,0
64.48255,1,0,2,0,0,0,1,41,0,0.0000,-1,7,0,5,0,12,0,0,0,0
64.50436,1,0,2,0,0,0,1,41,0,0.0000,-1,7,0,5,0,12,0,0,0,0
64.52578,1,0,2,0,0,0,1,41,0,0.0000,-1,7,0,5,0,12,0,0,0,0
64.54837,1,0,2,0,0,0,1,41,0,0.0000,-1,7,0,5,0,12,0,0,0,0
64.57004,1,0,2,0,0,0,1,41,0,0.0000,-1,7,0,5,0,12,0,0,0,0
64.59054,1,0,2,0,0,0,1,41,0,0.0000,-1,7,0,5,0,12,0,0,0,0
64.61233,1,0,2,0,0,0,1,41,0,0.0000,-1,7,0,5,0,12,0,0,0,0
64.63481,1,0,2,0,0,0,1,41,0,0.0000,-1,7,0,5,0,12,0,0,0,0
64.65559,1,0,2,0,0,0,1,41,0,0.0000,-1,7,0,5,0,12,0,0,0,0
64.6771,1,0,2,0,0,0,0,-1,0,0.0000,41,8,0,5,0,13,0,0,0,0
64.69938,1,0,2,0,0,0,0,-1,0,0.0000,-1,8,0,5,0,13,0,0,0,0
64.72057,1,0,2,0,0,0,0,-1,0,0.0000,-1,8,0,5,0,13,0,0,0,0
64.74184,1,0,2,0,0,0,0,-1,0,0.0000,-1,8,0,5,0,13,0,0,0,0
64.76403,1,0,2,0,0,0,0,-1,0,0.0000,-1,8,0,5,0,13,0,0,0,0
64.7858,1,0,2,0,0,0,0,-1,0,0.0000,-1,8,0,5,0,13,0,0,0,0
64.80706,1,0,2,0,0,0,0,-1,0,0.0000,-1,8,0,5,0,13,0,0,0,0
64.827,1,0,2,0,0,0,0,-1,0,0.0000,-1,8,0,5,0,13,0,0,0,0
64.84959,1,0,2,0,0,0,0,-1,0,0.0000,-1,8,0,5,0,13,0,0,0,0
64.88911,1,0,2,0,0,0,0,-1,0,0.0000,-1,8,0,5,0,13,0,0,0,0
64.90287,1,0,2,0,0,0,0,-1,0,0.0000,-1,8,0,5,0,13,0,0,0,0
64.91692,1,0,2,0,0,0,0,-1,0,0.0000,-1,8,0,5,0,13,0,0,0,0
64.93532,1,0,2,0,0,0,0,-1,0,0.0000,-1,8,0,5,0,13,0,0,0,0
64.95766,1,0,2,0,0,0,0,-1,0,0.0000,-1,8,0,5,0,13,0,0,0,0
64.97943,1,0,2,0,0,0,0,-1,0,0.0000,-1,8,0,5,0,13,0,0,0,0
65.00081,1,0,2,0,0,0,0,-1,0,0.0000,-1,8,0,5,0,13,0,0,0,0
65.02303,1,0,2,0,0,0,0,-1,0,0.0000,-1,8,0,5,0,13,0,0,0,0
65.04403,1,0,2,0,0,0,0,-1,0,0.0000,-1,8,0,5,0,13,0,0,0,0
65.06503,1,0,2,0,0,0,0,-1,0,0.0000,-1,8,0,5,0,13,0,0,0,0
65.08717,1,0,2,0,0,0,0,-1,0,0.0000,-1,8,0,5,0,13,0,0,0,0
65.10619,1,0,2,0,0,0,0,-1,0,0.0000,-1,8,0,5,0,13,0,0,0,0
65.12791,1,0,2,0,0,0,0,-1,0,0.0000,-1,8,0,5,0,13,0,0,0,0
65.14885,1,0,2,0,0,0,0,-1,0,0.0000,-1,8,0,5,0,13,0,0,0,0
65.16927,1,0,2,0,0,0,0,-1,0,0.0000,-1,8,0,5,0,13,0,0,0,0
65.1915,1,0,2,0,0,0,0,-1,0,0.0000,-1,8,0,5,0,13,0,0,0,0
65.21237,1,0,2,0,0,0,0,-1,0,0.0000,-1,8,0,5,0,13,0,0,0,0
65.23499,1,0,2,0,0,0,0,-1,0,0.0000,-1,8,0,5,0,13,0,0,0,0
65.25607,1,0,2,0,0,0,0,-1,0,0.0000,-1,8,0,5,0,13,0,0,0,0
65.27811,1,0,2,0,0,0,0,-1,0,0.0000,-1,8,0,5,0,13,0,0,0,0
65.31646,1,0,2,0,0,0,0,-1,0,0.0000,-1,8,0,5,0,13,0,0,0,0
65.32943,1,0,2,0,0,0,0,-1,0,0.0000,-1,8,0,5,0,13,0,0,0,0
65.34388,1,0,2,0,0,0,0,-1,0,0.0000,-1,8,0,5,0,13,0,0,0,0
65.36616,1,0,2,0,0,0,0,-1,0,0.0000,-1,8,0,5,0,13,0,0,0,0
65.38806,1,0,2,0,0,0,0,-1,0,0.0000,-1,8,0,5,0,13,0,0,0,0
65.40981,1,0,2,0,0,0,0,-1,0,0.0000,-1,8,0,5,0,13,0,0,0,0
65.43158,1,0,2,0,0,0,0,-1,0,0.0000,-1,8,0,5,0,13,0,0,0,0
65.45034,1,0,2,0,0,0,0,-1,0,0.0000,-1,8,0,5,0,13,0,0,0,0
65.47099,1,0,2,0,0,0,0,-1,0,0.0000,-1,8,0,5,0,13,0,0,0,0
65.49291,1,0,2,0,0,0,0,-1,0,0.0000,-1,8,0,5,0,13,0,0,0,0
65.53455,1,0,2,0,0,0,0,-1,0,0.0000,-1,8,0,5,0,13,0,0,0,0
65.54887,1,0,2,0,0,0,0,-1,0,0.0000,-1,8,0,5,0,13,0,0,0,0
65.56303,1,0,2,0,0,0,0,-1,0,0.0000,-1,8,0,5,0,13,0,0,0,0
65.58218,1,0,2,0,0,0,0,-1,0,0.0000,-1,8,0,5,0,13,0,0,0,0
65.60229,1,0,2,0,0,0,0,-1,0,0.0000,-1,8,0,5,0,13,0,0,0,0
65.62408,1,0,2,0,0,0,0,-1,0,0.0000,-1,8,0,5,0,13,0,0,0,0
65.64544,1,0,2,0,0,0,0,-1,0,0.0000,-1,8,0,5,0,13,0,0,0,0
65.66798,1,0,2,0,0,0,0,-1,0,0.0000,-1,8,0,5,0,13,0,0,0,0
65.68887,1,0,2,0,0,0,0,-1,0,0.0000,-1,8,0,5,0,13,0,0,0,0
65.709,1,0,2,0,0,0,0,-1,0,0.0000,-1,8,0,5,0,13,0,0,0,0
65.73182,1,0,2,0,0,0,0,-1,0,0.0000,-1,8,0,5,0,13,0,0,0,0
65.75262,1,0,2,0,0,0,0,-1,0,0.0000,-1,8,0,5,0,13,0,0,0,0
65.77206,1,0,2,0,0,0,0,-1,0,0.0000,-1,8,0,5,0,13,0,0,0,0
65.79412,1,0,2,0,0,0,0,-1,0,0.0000,-1,8,0,5,0,13,0,0,0,0
65.81434,1,0,2,0,0,0,0,-1,0,0.0000,-1,8,0,5,0,13,0,0,0,0
65.83557,1,0,2,0,0,0,0,-1,0,0.0000,-1,8,0,5,0,13,0,0,0,0
65.85589,1,0,2,0,0,0,0,-1,0,0.0000,-1,8,0,5,0,13,0,0,0,0
65.87751,1,0,2,0,0,0,0,-1,0,0.0000,-1,8,0,5,0,13,0,0,0,0
65.8997,1,0,2,0,0,0,0,-1,0,0.0000,-1,8,0,5,0,13,0,0,0,0
65.92106,1,0,2,0,0,0,0,-1,0,0.0000,-1,8,0,5,0,13,0,0,0,0
65.96025,1,0,2,0,0,0,0,-1,0,0.0000,-1,8,0,5,0,13,0,0,0,0
65.97311,1,0,2,0,0,0,0,-1,0,0.0000,-1,8,0,5,0,13,0,0,0,0
65.98803,1,0,2,0,0,0,0,-1,0,0.0000,-1,8,0,5,0,13,0,0,0,0
66.0097,1,0,2,0,0,0,0,-1,0,0.0000,-1,8,0,5,0,13,0,0,0,0
66.03151,1,0,2,0,0,0,0,-1,0,0.0000,-1,8,0,5,0,13,0,0,0,0
66.05201,1,0,2,0,0,0,0,-1,1,1.0000,-1,8,0,5,0,13,0,0,0,0
66.07453,1,0,2,0,0,0,0,-1,0,1.0000,-1,8,0,5,0,13,0,0,0,0
66.09402,1,0,2,0,0,0,0,-1,0,1.0000,-1,8,0,5,0,13,0,0,0,0
66.11535,1,0,2,0,0,0,0,-1,0,1.0000,-1,8,0,5,0,13,0,0,0,0
66.13566,1,0,2,0,0,0,0,-1,0,1.0000,-1,8,0,5,0,13,0,0,0,0
66.15652,1,0,2,0,0,0,0,-1,0,1.0000,-1,8,0,5,0,13,0,0,0,0
66.17841,1,0,2,0,0,0,0,-1,0,1.0000,-1,8,0,5,0,13,0,0,0,0
66.19817,1,0,2,0,0,0,0,-1,0,1.0000,-1,8,0,5,0,13,0,0,0,0
66.22044,1,0,2,0,1,0,0,-1,0,1.0000,-1,8,0,5,0,13,0,0,0,0
66.24153,1,0,2,0,1,0,0,-1,0,1.0000,-1,8,0,5,0,13,0,0,0,0
66.26034,1,0,2,0,1,0,0,-1,0,1.0000,-1,8,0,5,0,13,0,0,0,0
66.28159,1,0,2,0,1,0,0,-1,0,1.0000,-1,8,0,5,0,13,0,0,0,0
66.30267,1,0,2,0,1,0,0,-1,0,1.0000,-1,8,0,5,0,13,0,0,0,0
66.32332,1,0,2,0,1,0,0,-1,0,1.0000,-1,8,0,5,0,13,0,0,0,0
66.34476,1,0,2,0,1,0,0,-1,0,1.0000,-1,8,0,5,0,13,0,0,0,0
66.36481,1,0,2,0,1,0,0,-1,0,1.0000,-1,8,0,5,0,13,0,0,0,0
66.38498,1,0,2,0,1,0,0,-1,0,1.0000,-1,8,0,5,0,13,0,0,0,0
66.40681,1,0,2,0,1,0,0,-1,0,1.0000,-1,8,0,5,0,13,0,0,0,0
66.42674,1,0,2,0,1,0,0,-1,0,1.0000,-1,8,0,5,0,13,0,0,0,0
66.44728,1,0,2,0,1,0,0,-1,0,1.0000,-1,8,0,5,0,13,0,0,0,0
66.46762,1,0,2,0,1,0,0,-1,0,1.0000,-1,8,0,5,0,13,0,0,0,0
66.48854,1,0,2,0,1,0,0,-1,0,1.0000,-1,8,0,5,0,13,0,0,0,0
66.51066,1,0,2,0,1,0,0,-1,0,1.0000,-1,8,0,5,0,13,0,0,0,0
66.5306,1,0,2,0,1,0,0,-1,0,1.0000,-1,8,0,5,0,13,0,0,0,0
66.55156,1,0,2,0,1,0,0,-1,0,1.0000,-1,8,0,5,0,13,0,0,0,0
66.57335,1,0,2,0,1,0,0,-1,0,1.0000,-1,8,0,5,0,13,0,0,0,0
66.59427,1,0,2,0,1,0,0,-1,0,1.0000,-1,8,0,5,0,13,0,0,0,0
66.61552,1,0,2,0,1,0,0,-1,0,1.0000,-1,8,0,5,0,13,0,0,0,0
66.63572,1,0,2,0,1,0,0,-1,0,1.0000,-1,8,0,5,0,13,0,0,0,0
66.65651,1,0,2,0,1,0,0,-1,0,1.0000,-1,8,0,5,0,13,0,0,0,0
66.67681,1,0,2,0,1,0,0,-1,0,1.0000,-1,8,0,5,0,13,0,0,0,0
66.69755,1,0,2,0,1,0,0,-1,0,1.0000,-1,8,0,5,0,13,0,0,0,0
66.71817,1,0,2,0,1,0,0,-1,0,1.0000,-1,8,0,5,0,13,0,0,0,0
66.7381,1,0,2,0,1,0,0,-1,0,1.0000,-1,8,0,5,0,13,0,0,0,0
66.75901,1,0,2,0,1,0,0,-1,0,1.0000,-1,8,0,5,0,13,0,0,0,0
66.78002,1,0,2,0,1,0,0,-1,0,1.0000,-1,8,0,5,0,13,0,0,0,0
66.80021,1,0,2,0,1,0,0,-1,0,1.0000,-1,8,0,5,0,13,0,0,0,0
66.82098,1,0,2,0,1,0,0,-1,0,1.0000,-1,8,0,5,0,13,0,0,0,0
66.84162,1,0,2,0,1,0,0,-1,0,1.0000,-1,8,0,5,0,13,0,0,0,0
66.8627,1,0,2,0,1,0,0,-1,0,1.0000,-1,8,0,5,0,13,0,0,0,0
66.88484,1,0,2,0,0,0,0,-1,0,1.0000,-1,8,0,5,0,13,0,0,0,0
66.90727,1,0,2,0,0,0,0,-1,0,1.0000,-1,8,0,5,0,13,0,0,0,0
66.92493,1,0,2,0,0,0,0,-1,0,1.0000,-1,8,0,5,0,13,0,0,0,0
66.94593,1,0,2,0,0,0,0,-1,0,1.0000,-1,8,0,5,0,13,0,0,0,0
66.96681,1,0,2,0,0,0,0,-1,0,1.0000,-1,8,0,5,0,13,0,0,0,0
67.00409,1,0,2,0,0,0,0,-1,0,1.0000,-1,8,0,5,0,13,0,0,0,0
67.01865,1,0,2,0,0,0,0,-1,0,1.0000,-1,8,0,5,0,13,0,0,0,0
67.03288,1,0,2,0,0,0,0,-1,0,1.0000,-1,8,0,5,0,13,0,0,0,0
67.0516,1,0,2,0,0,0,0,-1,0,1.0000,-1,8,0,5,0,13,0,0,0,0
67.07464,1,0,2,0,0,0,0,-1,0,0.0000,-1,8,0,5,0,13,0,0,0,0
67.09388,1,0,2,0,0,0,0,-1,0,0.0000,-1,8,0,5,0,13,0,0,0,0
67.1142,1,0,2,0,0,0,0,-1,0,0.0000,-1,8,0,5,0,13,0,0,0,0
67.13378,1,0,2,0,0,0,0,-1,0,0.0000,-1,8,0,5,0,13,0,0,0,0
67.15607,1,0,2,0,0,0,0,-1,0,0.0000,-1,8,0,5,0,13,0,0,0,0
67.17462,1,0,2,0,0,0,0,-1,0,0.0000,-1,8,0,5,0,13,0,0,0,0
67.21413,1,0,2,0,0,0,0,-1,0,0.0000,-1,8,0,5,0,13,0,0,0,0
67.22708,1,0,2,0,0,0,0,-1,0,0.0000,-1,8,0,5,0,13,0,0,0,0
67.24066,1,0,2,0,0,0,0,-1,0,0.0000,-1,8,0,5,0,13,0,0,0,0
67.26057,1,0,2,0,0,0,0,-1,0,0.0000,-1,8,0,5,0,13,0,0,0,0
67.28125,1,0,2,0,0,0,0,-1,0,0.0000,-1,8,0,5,0,13,0,0,0,0
67.30125,1,0,2,0,0,0,0,-1,0,0.0000,-1,8,0,5,0,13,0,0,0,0
67.32229,1,0,2,0,0,0,0,-1,0,0.0000,-1,8,0,5,0,13,0,0,0,0
67.34233,1,0,2,0,0,0,0,-1,0,0.0000,-1,8,0,5,0,13,0,0,0,0
67.36235,1,0,2,0,0,0,0,-1,0,0.0000,-1,8,0,5,0,13,0,0,0,0
67.38235,1,0,2,0,0,0,0,-1,0,0.0000,-1,8,0,5,0,13,0,0,0,0
67.42155,1,0,2,0,0,0,0,-1,0,0.0000,-1,8,0,5,0,13,0,0,0,0
67.43675,1,0,2,0,0,0,0,-1,0,0.0000,-1,8,0,5,0,13,0,0,0,0
67.44827,1,0,2,0,0,0,0,-1,0,0.0000,-1,8,0,5,0,13,0,0,0,0
67.46627,1,0,2,0,0,0,0,-1,0,0.0000,-1,8,0,5,0,13,0,0,0,0
67.4873,1,0,2,0,0,0,0,-1,0,0.0000,-1,8,0,5,0,13,0,0,0,0
67.50726,1,0,2,0,0,0,0,-1,0,0.0000,-1,8,0,5,0,13,0,0,0,0
67.5282,1,0,2,0,0,0,0,-1,0,0.0000,-1,8,0,5,0,13,0,0,0,0
67.54816,1,0,2,0,0,0,0,-1,0,0.0000,-1,8,0,5,0,13,0,0,0,0
67.5678,1,0,2,0,0,0,0,-1,0,0.0000,-1,8,0,5,0,13,0,0,0,0
67.58812,1,0,2,0,0,0,0,-1,0,0.0000,-1,8,0,5,0,13,0,0,0,0
67.62758,1,0,2,0,0,0,0,-1,0,0.0000,-1,8,0,5,0,13,0,0,0,0
67.64102,1,0,2,0,0,0,0,-1,0,0.0000,-1,8,0,5,0,13,0,0,0,0
67.65376,1,0,2,0,0,0,0,-1,0,0.0000,-1,8,0,5,0,13,0,0,0,0
67.67449,1,0,2,0,0,0,0,-1,0,0.0000,-1,8,0,5,0,13,0,0,0,0
67.69509,1,0,2,0,0,0,0,-1,0,0.0000,-1,8,0,5,0,13,0,0,0,0
67.71632,1,0,2,0,0,0,0,-1,0,0.0000,-1,8,0,5,0,13,0,0,0,0
67.73566,1,0,2,0,0,0,0,-1,0,0.0000,-1,8,0,5,0,13,0,0,0,0
67.75599,1,0,2,0,0,0,0,-1,0,0.0000,-1,8,0,5,0,13,0,0,0,0
67.77699,1,0,2,0,0,0,0,-1,0,0.0000,-1,8,0,5,0,13,0,0,0,0
67.79728,1,0,2,0,0,0,0,-1,0,0.0000,-1,8,0,5,0,13,0,0,0,0
67.83451,1,0,2,0,0,0,0,-1,0,0.0000,-1,8,0,5,0,13,0,0,0,0
67.84547,1,0,2,0,0,0,0,-1,0,0.0000,-1,8,0,5,0,13,0,0,0,0
67.85954,1,0,2,0,0,0,0,-1,0,0.0000,-1,8,0,5,0,13,0,0,0,0
67.87925,1,0,2,0,0,0,0,-1,0,0.0000,-1,8,0,5,0,13,0,0,0,0
67.89959,1,0,2,0,0,0,0,-1,0,0.0000,-1,8,0,5,0,13,0,0,0,0
67.91885,1,0,2,0,0,0,0,-1,0,0.0000,-1,8,0,5,0,13,0,0,0,0
67.939,1,0,2,0,0,0,0,-1,0,0.0000,-1,8,0,5,0,13,0,0,0,0
67.95811,1,0,2,0,0,0,0,-1,0,0.0000,-1,8,0,5,0,13,0,0,0,0
67.97827,1,0,2,0,0,0,0,-1,0,0.0000,-1,8,0,5,0,13,0,0,0,0
67.99824,1,0,2,0,0,0,0,-1,0,0.0000,-1,8,0,5,0,13,0,0,0,0
68.01765,1,0,2,0,0,0,0,-1,0,0.0000,-1,8,0,5,0,13,0,0,0,0
68.03757,1,0,2,0,0,0,0,-1,0,0.0000,-1,8,0,5,0,13,0,0,0,0
68.05731,1,0,2,0,0,0,0,-1,0,0.0000,-1,8,0,5,0,13,0,0,0,0
68.07728,1,0,2,0,0,0,0,-1,0,0.0000,-1,8,0,5,0,13,0,0,0,0
68.09721,1,0,2,0,0,0,0,-1,0,0.0000,-1,8,0,5,0,13,0,0,0,0
68.11681,1,0,2,0,0,0,0,-1,0,0.0000,-1,8,0,5,0,13,0,0,0,0
68.1347,1,0,2,0,0,0,0,-1,0,0.0000,-1,8,0,5,0,13,0,0,0,0
68.15558,1,0,2,0,0,0,0,-1,0,0.0000,-1,8,0,5,0,13,0,0,0,0
68.17518,1,0,2,0,0,0,0,-1,0,0.0000,-1,8,0,5,0,13,0,0,0,0
68.19461,1,0,2,0,0,0,0,-1,0,0.0000,-1,8,0,5,0,13,0,0,0,0
68.21498,1,0,2,0,0,0,0,-1,0,0.0000,-1,8,0,5,0,13,0,0,0,0
68.25252,1,0,2,0,0,0,0,-1,0,0.0000,-1,8,0,5,0,13,0,0,0,0
68.26382,1,0,2,0,0,0,0,-1,0,0.0000,-1,8,0,5,0,13,0,0,0,0
68.27766,1,0,2,0,0,0,0,-1,0,0.0000,-1,8,0,5,0,13,0,0,0,0
68.29814,1,0,2,0,0,0,0,-1,0,0.0000,-1,8,0,5,0,13,0,0,0,0
68.31781,1,0,2,0,0,0,0,-1,0,0.0000,-1,8,0,5,0,13,0,0,0,0
68.33732,1,0,2,0,0,0,0,-1,0,0.0000,-1,8,0,5,0,13,0,0,0,0
68.35715,1,0,2,0,0,0,0,-1,1,1.0000,-1,8,0,5,0,13,0,0,0,0
68.3779,1,0,2,0,0,0,0,-1,0,1.0000,-1,8,0,5,0,13,0,0,0,0
68.39738,1,0,2,0,0,0,0,-1,0,1.0000,-1,8,0,5,0,13,0,0,0,0
68.41707,1,0,2,0,0,0,0,-1,0,1.0000,-1,8,0,5,0,13,0,0,0,0
68.43703,1,0,2,0,0,0,0,-1,0,1.0000,-1,8,0,5,0,13,0,0,0,0
68.4557,1,0,2,0,0,0,0,-1,0,1.0000,-1,8,0,5,0,13,0,0,0,0
68.47522,1,0,2,0,0,0,1,46,0,1.0000,-1,8,0,5,0,13,0,0,0,0
68.49554,1,0,2,0,0,0,1,46,0,1.0000,-1,8,0,5,0,13,0,0,0,0
68.51508,1,0,2,0,0,0,1,46,0,1.0000,-1,8,0,5,0,13,0,0,0,0
68.53479,1,0,2,0,0,0,1,46,0,1.0000,-1,8,0,5,0,13,0,0,0,0
68.55407,1,0,2,0,0,0,1,46,0,1.0000,-1,8,0,5,0,13,0,0,0,0
68.57358,1,0,2,0,0,0,1,46,0,1.0000,-1,8,0,5,0,13,0,0,0,0
68.59324,1,0,2,0,0,0,0,-1,0,1.0000,46,9,0,5,0,14,0,0,0,0
68.61197,1,0,2,0,0,0,0,-1,0,1.0000,-1,9,0,5,0,14,0,0,0,0
68.63308,1,0,2,0,0,0,0,-1,0,1.0000,-1,9,0,5,0,14,0,0,0,0
68.67127,1,0,2,0,0,0,0,-1,0,1.0000,-1,9,0,5,0,14,0,0,0,0
68.68568,1,0,2,0,0,0,0,-1,0,1.0000,-1,9,0,5,0,14,0,0,0,0
68.70023,1,0,2,0,0,0,0,-1,0,1.0000,-1,9,0,5,0,14,0,0,0,0
68.71805,1,0,2,0,0,0,0,-1,0,1.0000,-1,9,0,5,0,14,0,0,0,0
68.73851,1,0,2,0,0,0,0,-1,0,1.0000,-1,9,0,5,0,14,0,0,0,0
68.75818,1,0,2,0,0,0,0,-1,0,1.0000,-1,9,0,5,0,14,0,0,0,0
68.77833,1,0,2,0,0,0,0,-1,0,1.0000,-1,9,0,5,0,14,0,0,0,0
68.7979,1,0,2,0,0,0,0,-1,0,1.0000,-1,9,0,5,0,14,0,0,0,0
68.81852,1,0,2,0,0,0,0,-1,0,1.0000,-1,9,0,5,0,14,0,0,0,0
68.83644,1,0,2,0,0,0,0,-1,0,1.0000,-1,9,0,5,0,14,0,0,0,0
68.87397,1,0,2,0,0,0,0,-1,0,1.0000,-1,9,0,5,0,14,0,0,0,0
68.88778,1,0,2,0,0,0,0,-1,0,1.0000,-1,9,0,5,0,14,0,0,0,0
68.90144,1,0,2,0,0,0,0,-1,0,1.0000,-1,9,0,5,0,14,0,0,0,0
68.92036,1,0,2,0,0,0,0,-1,0,1.0000,-1,9,0,5,0,14,0,0,0,0
68.94086,1,0,2,0,0,0,0,-1,0,1.0000,-1,9,0,5,0,14,0,0,0,0
68.96031,1,0,2,0,0,0,0,-1,0,1.0000,-1,9,0,5,0,14,0,0,0,0
68.98073,1,0,2,0,0,0,0,-1,0,1.0000,-1,9,0,5,0,14,0,0,0,0
69.0006,1,0,2,0,0,0,0,-1,0,1.0000,-1,9,0,5,0,14,0,0,0,0
69.02094,1,0,2,0,0,0,0,-1,0,1.0000,-1,9,0,5,0,14,0,0,0,0
69.04009,1,0,2,0,0,0,0,-1,0,1.0000,-1,9,0,5,0,14,0,0,0,0
69.07763,1,0,2,0,0,0,0,-1,0,1.0000,-1,9,0,5,0,14,0,0,0,0
69.089,1,0,2,0,0,0,0,-1,0,1.0000,-1,9,0,5,0,14,0,0,0,0
69.10272,1,0,2,0,0,0,0,-1,0,1.0000,-1,9,0,5,0,14,0,0,0,0
69.12428,1,0,2,0,0,0,0,-1,0,1.0000,-1,9,0,5,0,14,0,0,0,0
69.14381,1,0,2,0,0,0,0,-1,0,1.0000,-1,9,0,5,0,14,0,0,0,0
69.16467,1,0,2,0,0,0,0,-1,0,1.0000,-1,9,0,5,0,14,0,0,0,0
69.1848,1,0,2,0,0,0,0,-1,0,1.0000,-1,9,0,5,0,14,0,0,0,0
69.20536,1,0,2,0,0,0,0,-1,0,1.0000,-1,9,0,5,0,14,0,0,0,0
69.22385,1,0,2,0,0,0,0,-1,0,1.0000,-1,9,0,5,0,14,0,0,0,0
69.2443,1,0,2,0,0,0,0,-1,0,1.0000,-1,9,0,5,0,14,0,0,0,0
69.26646,1,0,2,0,0,0,0,-1,0,1.0000,-1,9,0,5,0,14,0,0,0,0
69.28431,1,0,2,0,0,0,0,-1,0,1.0000,-1,9,0,5,0,14,0,0,0,0
69.30399,1,0,2,0,0,0,0,-1,0,1.0000,-1,9,0,5,0,14,0,0,0,0
69.32409,1,0,2,0,0,0,0,-1,0,1.0000,-1,9,0,5,0,14,0,0,0,0
69.34393,1,0,2,0,0,0,0,-1,0,1.0000,-1,9,0,5,0,14,0,0,0,0
69.36454,1,0,2,0,0,0,0,-1,0,0.0000,-1,9,0,5,0,14,0,0,0,0
69.38413,1,0,2,0,0,0,1,49,0,0.0000,-1,9,0,5,0,14,0,0,0,0
69.404,1,0,2,0,0,0,1,49,0,0.0000,-1,9,0,5,0,14,0,0,0,0
69.42232,1,0,2,0,0,0,1,49,0,0.0000,-1,9,0,5,0,14,0,0,0,0
69.44279,1,0,2,0,0,0,1,49,0,0.0000,-1,9,0,5,0,14,0,0,0,0
69.46285,1,0,2,0,0,0,1,49,0,0.0000,-1,9,0,5,0,14,0,0,0,0
69.49902,1,0,2,0,0,0,1,49,0,0.0000,-1,9,0,5,0,14,0,0,0,0
69.51012,1,0,2,0,0,0,1,49,0,0.0000,-1,9,0,5,0,14,0,0,0,0
69.524,1,0,2,0,0,0,1,49,0,0.0000,-1,9,0,5,0,14,0,0,0,0
69.54404,1,0,2,0,0,0,1,49,0,0.0000,-1,9,0,5,0,14,0,0,0,0
69.56509,1,0,2,0,0,0,1,49,0,0.0000,-1,9,0,5,0,14,0,0,0,0
69.58479,1,0,2,0,0,0,1,49,0,0.0000,-1,9,0,5,0,14,0,0,0,0
69.60434,1,0,2,0,0,0,1,49,0,0.0000,-1,9,0,5,0,14,0,0,0,0
69.62495,1,0,2,0,0,0,0,-1,0,0.0000,49,10,0,5,0,15,0,0,0,0
69.64407,1,0,2,0,0,0,0,-1,1,1.0000,-1,10,0,5,0,15,0,0,0,0
69.66599,1,0,2,0,0,0,0,-1,0,1.0000,-1,10,0,5,0,15,0,0,0,0
69.70222,1,0,2,0,0,0,0,-1,0,1.0000,-1,10,0,5,0,15,0,0,0,0
69.71381,1,0,2,0,0,0,0,-1,0,1.0000,-1,10,0,5,0,15,0,0,0,0
69.72843,1,0,2,0,0,0,0,-1,0,1.0000,-1,10,0,5,0,15,0,0,0,0
69.74875,1,0,2,0,0,0,0,-1,0,1.0000,-1,10,0,5,0,15,0,0,0,0
69.76854,1,0,2,0,0,0,0,-1,0,1.0000,-1,10,0,5,0,15,0,0,0,0
69.78893,1,0,2,0,0,0,0,-1,0,1.0000,-1,10,0,5,0,15,0,0,0,0
69.80953,1,0,2,0,0,0,0,-1,0,1.0000,-1,10,0,5,0,15,0,0,0,0
69.82954,1,0,2,0,0,0,0,-1,0,1.0000,-1,10,0,5,0,15,0,0,0,0
69.84876,1,0,2,0,0,0,0,-1,0,1.0000,-1,10,0,5,0,15,0,0,0,0
69.86902,1,0,2,0,0,0,0,-1,0,1.0000,-1,10,0,5,0,15,0,0,0,0
69.8894,1,0,2,0,0,0,0,-1,0,1.0000,-1,10,0,5,0,15,0,0,0,0
69.90964,1,0,2,0,0,0,0,-1,0,1.0000,-1,10,0,5,0,15,0,0,0,0
69.9297,1,0,2,0,0,0,0,-1,0,1.0000,-1,10,0,5,0,15,0,0,0,0
69.94851,1,0,2,0,0,0,0,-1,0,1.0000,-1,10,0,5,0,15,0,0,0,0
69.96806,1,0,2,0,0,0,0,-1,0,1.0000,-1,10,0,5,0,15,0,0,0,0
69.98825,1,0,2,0,0,0,0,-1,0,1.0000,-1,10,0,5,0,15,0,0,0,0
70.00946,1,0,2,0,0,0,0,-1,0,1.0000,-1,10,0,5,0,15,0,0,0,0
70.02783,1,0,2,0,0,0,0,-1,0,1.0000,-1,10,0,5,0,15,0,0,0,0
70.04713,1,0,2,0,0,0,0,-1,0,1.0000,-1,10,0,5,0,15,0,0,0,0
70.06848,1,0,2,0,0,0,0,-1,0,1.0000,-1,10,0,5,0,15,0,0,0,0
70.08916,1,0,2,0,0,0,0,-1,0,1.0000,-1,10,0,5,0,15,0,0,0,0
70.10856,1,0,2,0,0,0,0,-1,0,1.0000,-1,10,0,5,0,15,0,0,0,0
70.12907,1,0,2,0,0,0,0,-1,0,1.0000,-1,10,0,5,0,15,0,0,0,0
70.15038,1,0,2,0,0,0,0,-1,0,1.0000,-1,10,0,5,0,15,0,0,0,0
70.16897,1,0,2,0,0,0,0,-1,0,1.0000,-1,10,0,5,0,15,0,0,0,0
70.19164,1,0,2,0,0,0,0,-1,0,1.0000,-1,10,0,5,0,15,0,0,0,0
70.21148,1,0,2,0,0,0,0,-1,0,1.0000,-1,10,0,5,0,15,0,0,0,0
70.23083,1,0,2,0,0,0,0,-1,0,1.0000,-1,10,0,5,0,15,0,0,0,0
70.25259,1,0,2,0,0,0,0,-1,0,1.0000,-1,10,0,5,0,15,0,0,0,0
70.2723,1,0,2,0,0,0,0,-1,0,1.0000,-1,10,0,5,0,15,0,0,0,0
70.29247,1,0,2,0,0,0,0,-1,0,1.0000,-1,10,0,5,0,15,0,0,0,0
70.33298,1,0,2,0,0,0,0,-1,0,1.0000,-1,10,0,5,0,15,0,0,0,0
70.35057,1,0,2,1,0,0,0,-1,0,1.0000,-1,10,0,5,0,15,0,0,0,0
70.36674,1,0,2,1,0,0,0,-1,0,1.0000,-1,10,0,5,0,15,0,0,0,0
70.38043,1,0,2,1,0,0,0,-1,0,1.0000,-1,10,0,5,0,15,0,0,0,0
70.39939,1,0,2,1,0,0,0,-1,0,1.0000,-1,10,0,5,0,15,0,0,0,0
70.42265,1,0,2,1,0,0,0,-1,0,1.0000,-1,10,0,5,0,15,0,0,0,0
70.44351,1,0,2,1,0,0,0,-1,0,1.0000,-1,10,0,5,0,15,0,0,0,0
70.46339,1,0,2,1,0,0,0,-1,0,1.0000,-1,10,0,5,0,15,0,0,0,0
70.48383,1,0,2,1,0,0,0,-1,0,1.0000,-1,10,0,5,0,15,0,0,0,0
70.50326,1,0,2,1,0,0,0,-1,0,1.0000,-1,10,0,5,0,15,0,0,0,0
70.54192,1,0,2,1,0,0,0,-1,0,1.0000,-1,10,0,5,0,15,0,0,0,0
70.55511,1,0,2,1,0,0,0,-1,0,1.0000,-1,10,0,5,0,15,0,0,0,0
70.56785,1,0,2,1,0,0,0,-1,0,1.0000,-1,10,0,5,0,15,0,0,0,0
70.58882,1,0,2,1,0,0,0,-1,0,1.0000,-1,10,0,5,0,15,0,0,0,0
70.61017,1,0,2,1,0,0,0,-1,0,1.0000,-1,10,0,5,0,15,0,0,0,0
70.63191,1,0,2,1,0,0,0,-1,0,1.0000,-1,10,0,5,0,15,0,0,0,0
70.65179,1,0,2,1,0,0,0,-1,0,0.0000,-1,10,0,5,0,15,0,0,0,0
70.67352,1,0,2,1,0,0,0,-1,0,0.0000,-1,10,0,5,0,15,0,0,0,0
70.69303,1,0,2,1,0,0,0,-1,0,0.0000,-1,10,0,5,0,15,0,0,0,0
70.71334,1,0,2,1,0,0,0,-1,0,0.0000,-1,10,0,5,0,15,0,0,0,0
70.73495,1,0,2,1,0,0,0,-1,0,0.0000,-1,10,0,5,0,15,0,0,0,0
70.75549,1,0,2,1,0,0,0,-1,0,0.0000,-1,10,0,5,0,15,0,0,0,0
70.7771,1,0,2,1,0,0,0,-1,0,0.0000,-1,10,0,5,0,15,0,0,0,0
70.79888,1,0,2,1,0,0,0,-1,0,0.0000,-1,10,0,5,0,15,0,0,0,0
70.81857,1,0,2,1,0,0,0,-1,0,0.0000,-1,10,0,5,0,15,0,0,0,0
70.83851,1,0,2,1,0,0,0,-1,0,0.0000,-1,10,0,5,0,15,0,0,0,0
70.86117,1,0,2,1,0,0,0,-1,0,0.0000,-1,10,0,5,0,15,0,0,0,0
70.87883,1,0,2,1,0,0,0,-1,0,0.0000,-1,10,0,5,0,15,0,0,0,0
70.90081,1,0,2,1,0,0,0,-1,0,0.0000,-1,10,0,5,0,15,0,0,0,0
70.92112,1,0,2,1,0,0,0,-1,0,0.0000,-1,10,0,5,0,15,0,0,0,0
70.96015,1,0,2,1,0,0,0,-1,0,0.0000,-1,10,0,5,0,15,0,0,0,0
70.97287,1,0,2,1,0,0,0,-1,0,0.0000,-1,10,0,5,0,15,0,0,0,0
70.98737,1,0,2,1,0,0,0,-1,0,0.0000,-1,10,0,5,0,15,0,0,0,0
71.00858,1,0,2,1,0,0,0,-1,0,0.0000,-1,10,0,5,0,15,0,0,0,0
71.03014,1,0,2,1,1,0,0,-1,0,0.0000,-1,10,0,5,0,15,0,0,0,0
71.05219,1,0,2,1,1,0,0,-1,0,0.0000,-1,10,0,5,0,15,0,0,0,0
71.07406,1,0,2,1,1,0,0,-1,0,0.0000,-1,10,0,5,0,15,0,0,0,0
71.09475,1,0,2,1,1,0,0,-1,0,0.0000,-1,10,0,5,0,15,0,0,0,0
71.11543,1,0,2,1,1,0,0,-1,0,0.0000,-1,10,0,5,0,15,0,0,0,0
71.13934,1,0,2,1,1,0,0,-1,0,0.0000,-1,10,0,5,0,15,0,0,0,0
71.16224,1,0,2,1,1,0,0,-1,0,0.0000,-1,10,0,5,0,15,0,0,0,0
71.18841,1,0,2,0,1,0,0,-1,0,0.0000,-1,10,0,5,0,15,0,0,0,0
71.21311,1,0,2,0,1,0,0,-1,0,0.0000,-1,10,0,5,0,15,0,0,0,0
71.23712,1,0,2,0,1,0,0,-1,0,0.0000,-1,10,0,5,0,15,0,0,0,0
71.26292,1,0,2,0,1,0,0,-1,0,0.0000,-1,10,0,5,0,15,0,0,0,0
71.28625,1,0,2,0,1,0,0,-1,0,0.0000,-1,10,0,5,0,15,0,0,0,0
71.31056,1,0,2,0,1,0,1,53,0,0.0000,-1,10,0,5,0,15,0,0,0,0
71.33424,1,0,2,0,1,0,1,53,0,0.0000,-1,10,0,5,0,15,0,0,0,0
71.3576,1,0,2,0,1,0,1,53,0,0.0000,-1,10,0,5,0,15,0,0,0,0
71.40203,1,0,2,0,1,0,1,53,0,0.0000,-1,10,0,5,0,15,0,0,0,0
71.4138,1,0,2,0,1,0,1,53,0,0.0000,-1,10,0,5,0,15,0,0,0,0
71.43188,1,0,2,0,1,0,1,53,0,0.0000,-1,10,0,5,0,15,0,0,0,0
71.45571,1,0,2,0,1,0,1,53,0,0.0000,-1,10,0,5,0,15,0,0,0,0
71.47901,1,0,2,0,1,0,1,53,0,0.0000,-1,10,0,5,0,15,0,0,0,0
71.50285,1,0,2,0,1,0,1,53,0,0.0000,-1,10,0,5,0,15,0,0,0,0
71.52591,1,0,2,0,1,0,1,53,0,0.0000,-1,10,0,5,0,15,0,0,0,0
71.54977,1,0,2,0,1,0,1,53,0,0.0000,-1,10,0,5,0,15,0,0,0,0
71.57343,1,0,2,0,1,0,1,53,0,0.0000,-1,10,0,5,0,15,0,0,0,0
71.59724,1,0,2,0,0,0,1,53,0,0.0000,-1,10,0,5,0,15,0,0,0,0
71.62121,1,0,2,0,0,0,1,51,0,0.0000,-1,10,0,5,0,15,0,0,0,0
71.64523,1,0,2,0,0,0,1,51,0,0.0000,-1,10,0,5,0,15,0,0,0,0
71.66809,1,0,2,0,0,0,0,-1,0,0.0000,-1,10,0,5,0,15,0,0,0,0
71.69242,1,0,2,0,0,0,0,-1,0,0.0000,-1,10,0,5,0,15,0,0,0,0
71.71626,1,0,2,0,0,0,0,-1,0,0.0000,-1,10,0,5,0,15,0,0,0,0
71.74127,1,0,2,0,0,0,0,-1,0,0.0000,-1,10,0,5,0,15,0,0,0,0
71.76611,1,0,2,0,0,0,0,-1,0,0.0000,-1,10,0,5,0,15,0,0,0,0
71.79025,1,0,2,0,0,0,0,-1,0,0.0000,-1,10,0,5,0,15,0,0,0,0
71.8368,1,0,2,0,0,0,0,-1,0,0.0000,-1,10,0,5,0,15,0,0,0,0
71.84904,1,0,2,0,0,0,0,-1,0,0.0000,-1,10,0,5,0,15,0,0,0,0
71.86628,1,0,2,0,0,0,0,-1,0,0.0000,-1,10,0,5,0,15,0,0,0,0
71.89162,1,0,2,0,0,0,0,-1,0,0.0000,-1,10,0,5,0,15,0,0,0,0
71.9164,1,0,2,0,0,0,0,-1,0,0.0000,-1,10,0,5,0,15,0,0,0,0
71.9408,1,0,2,0,0,0,0,-1,0,0.0000,-1,10,0,5,0,15,0,0,0,0
71.96561,1,0,2,0,0,0,0,-1,0,0.0000,-1,10,0,5,0,15,0,0,0,0
71.99029,1,0,2,0,0,0,0,-1,0,0.0000,-1,10,0,5,0,15,0,0,0,0
72.01422,1,0,2,0,0,0,0,-1,0,0.0000,-1,10,0,5,0,15,0,0,0,0
72.05907,1,0,2,0,0,0,0,-1,0,0.0000,-1,10,0,5,0,15,0,0,0,0
72.07235,1,0,2,0,0,0,0,-1,0,0.0000,-1,10,0,5,0,15,0,0,0,0
72.0899,1,0,2,0,0,0,0,-1,0,0.0000,-1,10,0,5,0,15,0,0,0,0
72.11419,1,0,2,0,0,0,0,-1,0,0.0000,-1,10,0,5,0,15,0,0,0,0
72.13991,1,0,2,0,0,0,0,-1,0,0.0000,-1,10,0,5,0,15,0,0,0,0
72.16399,1,0,2,0,0,0,0,-1,0,0.0000,-1,10,0,5,0,15,0,0,0,0
72.18924,1,0,2,0,0,0,0,-1,0,0.0000,-1,10,0,5,0,15,0,0,0,0
72.21227,1,0,2,0,0,0,0,-1,0,0.0000,-1,10,0,5,0,15,0,0,0,0
72.23685,1,0,2,0,0,0,0,-1,0,0.0000,-1,10,0,5,0,15,0,0,0,0
72.28198,1,0,2,0,0,0,0,-1,0,0.0000,-1,10,0,5,0,15,0,0,0,0
72.29433,1,0,2,0,0,0,0,-1,0,0.0000,-1,10,0,5,0,15,0,0,0,0
72.31209,1,0,2,0,0,0,0,-1,0,0.0000,-1,10,0,5,0,15,0,0,0,0
72.3364,1,0,2,0,0,0,0,-1,0,0.0000,-1,10,0,5,0,15,0,0,0,0
72.36037,1,0,2,0,0,0,0,-1,0,0.0000,-1,10,0,5,0,15,0,0,0,0
72.38528,1,0,2,0,0,0,0,-1,0,0.0000,-1,10,0,5,0,15,0,0,0,0
72.40991,1,0,2,0,0,0,0,-1,0,0.0000,-1,10,0,5,0,15,0,0,0,0
72.43398,1,0,2,0,0,0,0,-1,0,0.0000,-1,10,0,5,0,15,0,0,0,0
72.45757,1,0,2,0,0,0,0,-1,0,0.0000,-1,10,0,5,0,15,0,0,0,0
72.48174,1,0,2,0,0,0,0,-1,0,0.0000,-1,10,0,5,0,15,0,0,0,0
72.50607,1,0,2,0,0,0,0,-1,0,0.0000,-1,10,0,5,0,15,0,0,0,0
72.52995,1,0,2,0,0,0,0,-1,0,0.0000,-1,10,0,5,0,15,0,0,0,0
72.55433,1,0,2,0,0,0,0,-1,0,0.0000,-1,10,0,5,0,15,0,0,0,0
72.57856,1,0,2,0,0,0,0,-1,0,0.0000,-1,10,0,5,0,15,0,0,0,0
72.60229,1,0,2,0,0,0,0,-1,0,0.0000,-1,10,0,5,0,15,0,0,0,0
72.62648,1,0,2,0,0,0,0,-1,0,0.0000,-1,10,0,5,0,15,0,0,0,0
72.65041,1,0,2,0,0,0,0,-1,0,0.0000,-1,10,0,5,0,15,0,0,0,0
72.67515,1,0,2,0,0,0,0,-1,0,0.0000,-1,10,0,5,0,15,0,0,0,0
72.6987,1,0,2,0,0,0,0,-1,0,0.0000,-1,10,0,5,0,15,0,0,0,0
72.72289,1,0,2,0,0,0,0,-1,0,0.0000,-1,10,0,5,0,15,0,0,0,0
72.74657,1,0,2,0,0,0,0,-1,0,0.0000,-1,10,0,5,0,15,0,0,0,0
72.76981,1,0,2,0,0,0,0,-1,0,0.0000,-1,10,0,5,0,15,0,0,0,0
72.79401,1,0,2,0,0,0,0,-1,0,0.0000,-1,10,0,5,0,15,0,0,0,0
72.8184,1,0,2,0,0,0,0,-1,0,0.0000,-1,10,0,5,0,15,0,0,0,0
72.84249,1,0,2,0,0,0,0,-1,0,0.0000,-1,10,0,5,0,15,0,0,0,0
72.86594,1,0,2,0,0,0,0,-1,0,0.0000,-1,10,0,5,0,15,0,0,0,0
72.88977,1,0,2,0,0,0,0,-1,0,0.0000,-1,10,0,5,0,15,0,0,0,0
72.91412,1,0,2,0,0,0,0,-1,0,0.0000,-1,10,0,5,0,15,0,0,0,0
72.93771,1,0,2,0,0,0,0,-1,0,0.0000,-1,10,0,5,0,15,0,0,0,0
72.96301,1,0,2,0,0,0,0,-1,0,0.0000,-1,10,0,5,0,15,0,0,0,0
72.98728,1,0,2,0,0,0,0,-1,0,0.0000,-1,10,0,5,0,15,0,0,0,0
73.01217,1,0,2,0,0,0,0,-1,0,0.0000,-1,10,0,5,0,15,0,0,0,0
73.03536,1,0,2,0,0,0,0,-1,0,0.0000,-1,10,0,5,0,15,0,0,0,0
73.05933,1,0,2,0,0,0,0,-1,0,0.0000,-1,10,0,5,0,15,0,0,0,0
73.08313,1,0,2,0,0,0,0,-1,0,0.0000,-1,10,0,5,0,15,0,0,0,0
73.10761,1,0,2,0,0,0,1,56,0,0.0000,-1,10,0,5,0,15,0,0,0,0
73.13165,1,0,2,0,0,0,1,56,0,0.0000,-1,10,0,5,0,15,0,0,0,0
73.15584,1,0,2,0,0,0,1,56,0,0.0000,-1,10,0,5,0,15,0,0,0,0
73.17961,1,0,2,0,0,0,1,56,0,0.0000,-1,10,0,5,0,15,0,0,0,0
73.20336,1,0,2,0,0,0,1,56,0,0.0000,-1,10,0,5,0,15,0,0,0,0
73.22767,1,0,2,0,0,0,1,56,1,1.0000,-1,10,0,5,0,15,0,0,0,0
73.2534,1,0,2,0,0,0,0,-1,0,1.0000,-1,10,0,5,0,15,0,0,0,0
73.2774,1,0,2,0,0,0,0,-1,0,1.0000,-1,10,0,5,0,15,0,0,0,0
73.30173,1,0,2,0,0,0,0,-1,0,1.0000,-1,10,0,5,0,15,0,0,0,0
73.32654,1,0,2,0,0,0,0,-1,0,1.0000,-1,10,0,5,0,15,0,0,0,0
73.35189,1,0,2,0,0,0,0,-1,0,1.0000,-1,10,0,5,0,15,0,0,0,0
73.37643,1,0,2,0,0,0,0,-1,0,1.0000,-1,10,0,5,0,15,0,0,0,0
73.40087,1,0,2,0,0,0,0,-1,0,1.0000,-1,10,0,5,0,15,0,0,0,0
73.42528,1,0,2,0,0,0,0,-1,0,1.0000,-1,10,0,5,0,15,0,0,0,0
73.45065,1,0,2,0,0,0,0,-1,0,1.0000,-1,10,0,5,0,15,0,0,0,0
73.47572,1,0,2,0,0,0,0,-1,0,1.0000,-1,10,0,5,0,15,0,0,0,0
73.50081,1,0,2,0,0,0,0,-1,0,1.0000,-1,10,0,5,0,15,0,0,0,0
73.52596,1,0,2,0,0,0,0,-1,0,1.0000,-1,10,0,5,0,15,0,0,0,0
73.55016,1,0,2,0,0,0,0,-1,0,1.0000,-1,10,0,5,0,15,0,0,0,0
73.5963,1,0,2,0,0,0,0,-1,0,1.0000,-1,10,0,5,0,15,0,0,0,0
73.60779,1,0,2,0,0,0,0,-1,0,1.0000,-1,10,0,5,0,15,0,0,0,0
73.6262,1,0,2,0,0,0,0,-1,0,1.0000,-1,10,0,5,0,15,0,0,0,0
73.65189,1,0,2,0,0,0,0,-1,0,1.0000,-1,10,0,5,0,15,0,0,0,0
73.67669,1,0,2,1,0,0,0,-1,0,1.0000,-1,10,0,5,0,15,0,0,0,0
73.70129,1,0,2,1,0,0,0,-1,0,1.0000,-1,10,0,5,0,15,0,0,0,0
73.72606,1,0,2,1,0,0,0,-1,0,1.0000,-1,10,0,5,0,15,0,0,0,0
73.75153,1,0,2,1,0,0,0,-1,0,1.0000,-1,10,0,5,0,15,0,0,0,0
73.79771,1,0,2,1,0,0,0,-1,0,1.0000,-1,10,0,5,0,15,0,0,0,0
73.80967,1,0,2,1,0,0,0,-1,0,1.0000,-1,10,0,5,0,15,0,0,0,0
73.82835,1,0,2,1,0,0,0,-1,0,1.0000,-1,10,0,5,0,15,0,0,0,0
73.85413,1,0,2,1,0,0,0,-1,0,1.0000,-1,10,0,5,0,15,0,0,0,0
73.8791,1,0,2,1,0,0,0,-1,0,1.0000,-1,10,0,5,0,15,0,0,0,0
73.90421,1,0,2,1,0,0,0,-1,0,1.0000,-1,10,0,5,0,15,0,0,0,0
73.93012,1,0,2,1,0,0,0,-1,0,1.0000,-1,10,0,5,0,15,0,0,0,0
73.95571,1,0,2,1,0,0,0,-1,1,2.0000,-1,10,0,5,0,15,0,0,0,0
74.00428,1,0,2,1,0,0,0,-1,0,2.0000,-1,10,0,5,0,15,0,0,0,0
74.01707,1,0,2,1,0,0,0,-1,0,2.0000,-1,10,0,5,0,15,0,0,0,0
74.03481,1,0,2,1,0,0,0,-1,0,2.0000,-1,10,0,5,0,15,0,0,0,0
74.06099,1,0,2,1,0,0,0,-1,0,2.0000,-1,10,0,5,0,15,0,0,0,0
74.08724,1,0,2,1,0,0,0,-1,0,2.0000,-1,10,0,5,0,15,0,0,0,0
74.11183,1,0,2,1,0,0,0,-1,0,2.0000,-1,10,0,5,0,15,0,0,0,0
74.13613,1,0,2,1,0,0,0,-1,0,2.0000,-1,10,0,5,0,15,0,0,0,0
74.16049,1,0,2,1,0,0,0,-1,0,2.0000,-1,10,0,5,0,15,0,0,0,0
74.20213,1,0,2,1,0,0,0,-1,0,2.0000,-1,10,0,5,0,15,0,0,0,0
74.21326,1,0,2,1,0,0,0,-1,0,2.0000,-1,10,0,5,0,15,0,0,0,0
74.2302,1,0,2,1,0,0,0,-1,0,1.0000,-1,10,0,5,0,15,0,0,0,0
74.25158,1,0,2,1,0,0,0,-1,0,1.0000,-1,10,0,5,0,15,0,0,0,0
74.27345,1,0,2,1,0,0,0,-1,0,1.0000,-1,10,0,5,0,15,0,0,0,0
74.29322,1,0,2,1,0,0,0,-1,0,1.0000,-1,10,0,5,0,15,0,0,0,0
74.31461,1,0,2,1,0,0,0,-1,0,1.0000,-1,10,0,5,0,15,0,0,0,0
74.33639,1,0,2,1,0,0,0,-1,0,1.0000,-1,10,0,5,0,15,0,0,0,0
74.35719,1,0,2,0,0,0,0,-1,0,1.0000,-1,10,0,5,0,15,0,0,0,0
74.37781,1,0,2,0,0,0,0,-1,0,1.0000,-1,10,0,5,0,15,0,0,0,0
74.41736,1,0,2,0,0,0,0,-1,0,1.0000,-1,10,0,5,0,15,0,0,0,0
74.42884,1,0,2,0,1,0,0,-1,0,1.0000,-1,10,0,5,0,15,0,0,0,0
74.44469,1,0,2,0,1,0,0,-1,0,1.0000,-1,10,0,5,0,15,0,0,0,0
74.46678,1,0,2,0,1,0,0,-1,0,1.0000,-1,10,0,5,0,15,0,0,0,0
74.48672,1,0,2,0,1,0,0,-1,0,1.0000,-1,10,0,5,0,15,0,0,0,0
74.50802,1,0,2,0,1,0,0,-1,0,1.0000,-1,10,0,5,0,15,0,0,0,0
74.52678,1,0,2,0,1,0,0,-1,0,1.0000,-1,10,0,5,0,15,0,0,0,0
74.54788,1,0,2,0,1,0,0,-1,0,1.0000,-1,10,0,5,0,15,0,0,0,0
74.56814,1,0,2,0,1,0,0,-1,0,1.0000,-1,10,0,5,0,15,0,0,0,0
74.58943,1,0,2,0,1,0,0,-1,0,1.0000,-1,10,0,5,0,15,0,0,0,0
74.63015,1,0,2,0,1,0,0,-1,0,1.0000,-1,10,0,5,0,15,0,0,0,0
74.64176,1,0,2,0,1,0,0,-1,0,1.0000,-1,10,0,5,0,15,0,0,0,0
74.65627,1,0,2,0,1,0,0,-1,0,1.0000,-1,10,0,5,0,15,0,0,0,0
74.67682,1,0,2,0,1,0,0,-1,0,1.0000,-1,10,0,5,0,15,0,0,0,0
74.69843,1,0,2,0,1,0,0,-1,0,1.0000,-1,10,0,5,0,15,0,0,0,0
74.7191,1,0,2,0,1,0,0,-1,0,1.0000,-1,10,0,5,0,15,0,0,0,0
74.73932,1,0,2,0,1,0,0,-1,0,1.0000,-1,10,0,5,0,15,0,0,0,0
74.76062,1,0,2,0,1,0,0,-1,0,1.0000,-1,10,0,5,0,15,0,0,0,0
74.78071,1,0,2,0,1,0,0,-1,0,1.0000,-1,10,0,5,0,15,0,0,0,0
74.80216,1,0,2,0,1,0,0,-1,0,1.0000,-1,10,0,5,0,15,0,0,0,0
74.82282,1,0,2,0,1,0,0,-1,0,1.0000,-1,10,0,5,0,15,0,0,0,0
74.84342,1,0,2,0,1,0,0,-1,0,1.0000,-1,10,0,5,0,15,0,0,0,0
74.86561,1,0,2,0,1,0,0,-1,0,1.0000,-1,10,0,5,0,15,0,0,0,0
74.88641,1,0,2,0,1,0,0,-1,0,1.0000,-1,10,0,5,0,15,0,0,0,0
74.90571,1,0,2,0,1,0,0,-1,0,1.0000,-1,10,0,5,0,15,0,0,0,0
74.92715,1,0,2,0,1,0,0,-1,0,1.0000,-1,10,0,5,0,15,0,0,0,0
74.94908,1,0,2,0,1,0,0,-1,0,1.0000,-1,10,0,5,0,15,0,0,0,0
74.96876,1,0,2,0,1,0,1,59,0,0.0000,-1,10,0,5,0,15,0,0,0,0
74.9902,1,0,2,0,1,0,1,59,0,0.0000,-1,10,0,5,0,15,0,0,0,0
75.01128,1,0,2,0,0,0,1,59,1,1.0000,-1,10,0,5,0,15,0,0,0,0
75.05208,1,0,2,0,0,0,0,-1,0,1.0000,-1,10,0,5,0,15,0,0,0,0
75.0648,1,0,2,0,0,0,0,-1,0,1.0000,-1,10,0,5,0,15,0,0,0,0
75.07919,1,0,2,0,0,0,0,-1,0,1.0000,-1,10,0,5,0,15,0,0,0,0
75.10037,1,0,2,0,0,0,0,-1,0,1.0000,-1,10,0,5,0,15,0,0,0,0
75.12342,1,0,2,0,0,0,0,-1,0,1.0000,-1,10,0,5,0,15,0,0,0,0
75.14559,1,0,2,0,0,0,0,-1,0,1.0000,-1,10,0,5,0,15,0,0,0,0
75.1669,1,0,2,0,0,0,0,-1,0,1.0000,-1,10,0,5,0,15,0,0,0,0
75.18843,1,0,2,0,0,0,0,-1,0,1.0000,-1,10,0,5,0,15,0,0,0,0
75.21029,1,0,2,0,0,0,0,-1,0,1.0000,-1,10,0,5,0,15,0,0,0,0
75.23158,1,0,2,0,0,0,0,-1,0,1.0000,-1,10,0,5,0,15,0,0,0,0
75.27084,1,0,2,0,0,0,0,-1,0,1.0000,-1,10,0,5,0,15,0,0,0,0
75.28234,1,0,2,0,0,0,0,-1,0,1.0000,-1,10,0,5,0,15,0,0,0,0
75.29875,1,0,2,0,0,0,0,-1,0,1.0000,-1,10,0,5,0,15,0,0,0,0
75.32012,1,0,2,0,0,0,0,-1,0,1.0000,-1,10,0,5,0,15,0,0,0,0
75.3413,1,0,2,0,0,0,0,-1,0,1.0000,-1,10,0,5,0,15,0,0,0,0
75.36243,1,0,2,0,0,0,0,-1,0,1.0000,-1,10,0,5,0,15,0,0,0,0
75.38433,1,0,2,0,0,0,0,-1,0,1.0000,-1,10,0,5,0,15,0,0,0,0
75.40604,1,0,2,0,0,0,0,-1,0,1.0000,-1,10,0,5,0,15,0,0,0,0
75.42718,1,0,2,0,0,0,0,-1,0,1.0000,-1,10,0,5,0,15,0,0,0,0
75.44807,1,0,2,0,0,0,0,-1,0,1.0000,-1,10,0,5,0,15,0,0,0,0
75.48825,1,0,2,0,0,0,0,-1,0,1.0000,-1,10,0,5,0,15,0,0,0,0
75.50117,1,0,2,0,0,0,0,-1,0,1.0000,-1,10,0,5,0,15,0,0,0,0
75.51416,1,0,2,0,0,0,0,-1,0,1.0000,-1,10,0,5,0,15,0,0,0,0
75.5343,1,0,2,1,0,0,0,-1,0,1.0000,-1,10,0,5,0,15,0,0,0,0
75.55525,1,0,2,1,0,0,0,-1,0,1.0000,-1,10,0,5,0,15,0,0,0,0
75.57753,1,0,2,1,0,0,0,-1,0,1.0000,-1,10,0,5,0,15,0,0,0,0
75.59901,1,0,2,1,0,0,0,-1,0,1.0000,-1,10,0,5,0,15,0,0,0,0
75.62048,1,0,2,1,0,0,0,-1,0,1.0000,-1,10,0,5,0,15,0,0,0,0
75.6395,1,0,2,1,0,0,0,-1,0,1.0000,-1,10,0,5,0,15,0,0,0,0
75.66315,1,0,2,1,0,0,0,-1,0,1.0000,-1,10,0,5,0,15,0,0,0,0
75.70036,1,0,2,1,0,0,0,-1,0,1.0000,-1,10,0,5,0,15,0,0,0,0
75.71276,1,0,2,1,0,0,0,-1,0,1.0000,-1,10,0,5,0,15,0,0,0,0
75.72547,1,0,2,1,0,0,0,-1,1,2.0000,-1,10,0,5,0,15,0,0,0,0
75.7472,1,0,2,1,0,0,0,-1,0,2.0000,-1,10,0,5,0,15,0,0,0,0
75.76761,1,0,2,1,0,0,0,-1,0,2.0000,-1,10,0,5,0,15,0,0,0,0
75.78897,1,0,2,1,0,0,0,-1,0,2.0000,-1,10,0,5,0,15,0,0,0,0
75.81062,1,0,2,1,0,0,0,-1,0,2.0000,-1,10,0,5,0,15,0,0,0,0
75.83314,1,0,2,1,0,0,0,-1,0,2.0000,-1,10,0,5,0,15,0,0,0,0
75.85308,1,0,2,1,0,0,0,-1,0,2.0000,-1,10,0,5,0,15,0,0,0,0
75.87235,1,0,2,1,0,0,0,-1,0,2.0000,-1,10,0,5,0,15,0,0,0,0
75.89269,1,0,2,1,0,0,0,-1,0,2.0000,-1,10,0,5,0,15,0,0,0,0
75.91383,1,0,2,1,0,0,0,-1,0,2.0000,-1,10,0,5,0,15,0,0,0,0
75.93431,1,0,2,1,0,0,0,-1,0,2.0000,-1,10,0,5,0,15,0,0,0,0
75.95565,1,0,2,1,0,0,0,-1,0,2.0000,-1,10,0,5,0,15,0,0,0,0
75.97758,1,0,2,1,0,0,0,-1,0,2.0000,-1,10,0,5,0,15,0,0,0,0
75.9994,1,0,2,1,0,0,0,-1,0,2.0000,-1,10,0,5,0,15,0,0,0,0
76.02084,1,0,2,1,0,0,0,-1,0,1.0000,-1,10,0,5,0,15,0,0,0,0
76.0411,1,0,2,1,0,0,0,-1,0,1.0000,-1,10,0,5,0,15,0,0,0,0
76.06071,1,0,2,1,0,0,0,-1,1,2.0000,-1,10,0,5,0,15,0,0,0,0
76.08183,1,0,2,1,0,0,0,-1,0,2.0000,-1,10,0,5,0,15,0,0,0,0
76.12147,1,0,2,1,0,0,0,-1,0,2.0000,-1,10,0,5,0,15,0,0,0,0
76.13433,1,0,2,1,0,0,0,-1,0,2.0000,-1,10,0,5,0,15,0,0,0,0
76.14674,1,0,2,1,0,0,0,-1,0,2.0000,-1,10,0,5,0,15,0,0,0,0
76.16687,1,0,2,1,0,0,0,-1,0,2.0000,-1,10,0,5,0,15,0,0,0,0
76.18808,1,0,2,1,0,0,0,-1,0,2.0000,-1,10,0,5,0,15,0,0,0,0
76.20975,1,0,2,1,0,0,0,-1,0,2.0000,-1,10,0,5,0,15,0,0,0,0
76.23045,1,0,2,1,0,0,0,-1,0,2.0000,-1,10,0,5,0,15,0,0,0,0
76.2501,1,0,2,1,0,0,0,-1,0,2.0000,-1,10,0,5,0,15,0,0,0,0
76.27045,1,0,2,1,0,0,0,-1,0,2.0000,-1,10,0,5,0,15,0,0,0,0
76.29034,1,0,2,1,0,0,0,-1,0,2.0000,-1,10,0,5,0,15,0,0,0,0
76.32986,1,0,2,1,0,0,0,-1,0,2.0000,-1,10,0,5,0,15,0,0,0,0
76.34179,1,0,2,1,0,0,0,-1,0,2.0000,-1,10,0,5,0,15,0,0,0,0
76.35664,1,0,2,1,0,0,0,-1,0,2.0000,-1,10,0,5,0,15,0,0,0,0
76.3767,1,0,2,1,0,0,0,-1,0,2.0000,-1,10,0,5,0,15,0,0,0,0
76.39803,1,0,2,1,0,0,0,-1,0,2.0000,-1,10,0,5,0,15,0,0,0,0
76.41846,1,0,2,1,0,0,0,-1,0,2.0000,-1,10,0,5,0,15,0,0,0,0
76.43788,1,0,2,1,0,0,0,-1,0,2.0000,-1,10,0,5,0,15,0,0,0,0
76.45798,1,0,2,1,0,0,0,-1,0,2.0000,-1,10,0,5,0,15,0,0,0,0
76.4786,1,0,2,1,0,0,0,-1,0,2.0000,-1,10,0,5,0,15,0,0,0,0
76.49904,1,0,2,1,0,0,0,-1,0,2.0000,-1,10,0,5,0,15,0,0,0,0
76.5376,1,0,2,1,0,0,0,-1,0,2.0000,-1,10,0,5,0,15,0,0,0,0
76.54854,1,0,2,1,0,0,0,-1,0,2.0000,-1,10,0,5,0,15,0,0,0,0
76.56443,1,0,2,1,0,0,0,-1,0,2.0000,-1,10,0,5,0,15,0,0,0,0
76.58433,1,0,2,1,0,0,0,-1,0,2.0000,-1,10,0,5,0,15,0,0,0,0
76.60358,1,0,2,1,0,0,0,-1,0,2.0000,-1,10,0,5,0,15,0,0,0,0
76.62405,1,0,2,1,0,0,0,-1,0,2.0000,-1,10,0,5,0,15,0,0,0,0
76.64485,1,0,2,1,0,0,0,-1,0,2.0000,-1,10,0,5,0,15,0,0,0,0
76.66589,1,0,2,1,0,0,0,-1,0,2.0000,-1,10,0,5,0,15,0,0,0,0
76.68819,1,0,2,1,0,0,0,-1,0,2.0000,-1,10,0,5,0,15,0,0,0,0
76.70641,1,0,2,1,0,0,0,-1,0,2.0000,-1,10,0,5,0,15,0,0,0,0
76.72707,1,0,2,1,0,0,0,-1,0,1.0000,-1,10,0,5,0,15,0,0,0,0
76.74779,1,0,2,1,0,0,0,-1,0,1.0000,-1,10,0,5,0,15,0,0,0,0
76.76653,1,0,2,1,0,0,0,-1,0,1.0000,-1,10,0,5,0,15,0,0,0,0
76.78689,1,0,2,1,0,0,0,-1,0,1.0000,-1,10,0,5,0,15,0,0,0,0
76.80818,1,0,2,1,0,0,0,-1,0,1.0000,-1,10,0,5,0,15,0,0,0,0
76.82892,1,0,2,1,0,0,0,-1,0,1.0000,-1,10,0,5,0,15,0,0,0,0
76.84846,1,0,2,1,0,0,0,-1,0,1.0000,-1,10,0,5,0,15,0,0,0,0
76.8672,1,0,2,1,0,0,0,-1,0,1.0000,-1,10,0,5,0,15,0,0,0,0
76.88726,1,0,2,1,0,0,0,-1,0,1.0000,-1,10,0,5,0,15,0,0,0,0
76.90826,1,0,2,1,0,0,0,-1,0,1.0000,-1,10,0,5,0,15,0,0,0,0
76.92899,1,0,2,1,0,0,0,-1,0,1.0000,-1,10,0,5,0,15,0,0,0,0
76.94859,1,0,2,1,0,0,0,-1,0,1.0000,-1,10,0,5,0,15,0,0,0,0
76.96907,1,0,2,1,0,0,0,-1,0,1.0000,-1,10,0,5,0,15,0,0,0,0
76.98771,1,0,2,1,0,0,0,-1,0,1.0000,-1,10,0,5,0,15,0,0,0,0
77.00996,1,0,2,1,0,0,0,-1,0,1.0000,-1,10,0,5,0,15,0,0,0,0
77.02933,1,0,2,1,0,0,0,-1,0,1.0000,-1,10,0,5,0,15,0,0,0,0
77.04976,1,0,2,1,0,0,0,-1,0,1.0000,-1,10,0,5,0,15,0,0,0,0
77.06972,1,0,2,1,0,0,0,-1,0,0.0000,-1,10,0,5,0,15,0,0,0,0
77.08916,1,0,2,1,0,0,0,-1,0,0.0000,-1,10,0,5,0,15,0,0,0,0
77.10992,1,0,2,1,0,0,0,-1,0,0.0000,-1,10,0,5,0,15,0,0,0,0
77.14903,1,0,2,1,0,0,0,-1,0,0.0000,-1,10,0,5,0,15,0,0,0,0
77.16185,1,0,2,1,0,0,0,-1,0,0.0000,-1,10,0,5,0,15,0,0,0,0
77.1749,1,0,2,1,0,0,0,-1,0,0.0000,-1,10,0,5,0,15,0,0,0,0
77.19611,1,0,2,1,0,0,0,-1,0,0.0000,-1,10,0,5,0,15,0,0,0,0
77.21568,1,0,2,1,0,0,0,-1,0,0.0000,-1,10,0,5,0,15,0,0,0,0
77.23634,1,0,2,1,0,0,0,-1,0,0.0000,-1,10,0,5,0,15,0,0,0,0
77.25547,1,0,2,1,0,0,0,-1,0,0.0000,-1,10,0,5,0,15,0,0,0,0
77.27766,1,0,2,1,0,0,0,-1,0,0.0000,-1,10,0,5,0,15,0,0,0,0
77.29713,1,0,2,1,0,0,0,-1,0,0.0000,-1,10,0,5,0,15,0,0,0,0
77.31744,1,0,2,1,0,0,0,-1,0,0.0000,-1,10,0,5,0,15,0,0,0,0
77.35375,1,0,2,1,0,0,0,-1,0,0.0000,-1,10,0,5,0,15,0,0,0,0
77.36667,1,0,2,1,0,0,0,-1,0,0.0000,-1,10,0,5,0,15,0,0,0,0
77.37992,1,0,2,1,0,0,0,-1,0,0.0000,-1,10,0,5,0,15,0,0,0,0
77.39828,1,0,2,1,0,0,0,-1,0,0.0000,-1,10,0,5,0,15,0,0,0,0
77.41975,1,0,2,1,0,0,0,-1,0,0.0000,-1,10,0,5,0,15,0,0,0,0
77.44065,1,0,2,1,0,0,0,-1,0,0.0000,-1,10,0,5,0,15,0,0,0,0
77.46066,1,0,2,1,1,0,0,-1,0,0.0000,-1,10,0,5,0,15,0,0,0,0
77.48105,1,0,2,1,1,0,0,-1,0,0.0000,-1,10,0,5,0,15,0,0,0,0
77.4993,1,0,2,1,1,0,0,-1,0,0.0000,-1,10,0,5,0,15,0,0,0,0
77.52036,1,0,2,1,1,0,0,-1,0,0.0000,-1,10,0,5,0,15,0,0,0,0
77.541,1,0,2,1,1,0,0,-1,0,0.0000,-1,10,0,5,0,15,0,0,0,0
77.56182,1,0,2,1,1,0,0,-1,0,0.0000,-1,10,0,5,0,15,0,0,0,0
77.57932,1,0,2,1,1,0,0,-1,0,0.0000,-1,10,0,5,0,15,0,0,0,0
77.59998,1,0,2,1,1,0,0,-1,0,0.0000,-1,10,0,5,0,15,0,0,0,0
77.62118,1,0,2,1,1,0,0,-1,0,0.0000,-1,10,0,5,0,15,0,0,0,0
77.64327,1,0,2,1,1,0,0,-1,0,0.0000,-1,10,0,5,0,15,0,0,0,0
77.6625,1,0,2,1,1,0,0,-1,0,0.0000,-1,10,0,5,0,15,0,0,0,0
77.67981,1,0,2,1,1,0,0,-1,0,0.0000,-1,10,0,5,0,15,0,0,0,0
77.70103,1,0,2,1,1,0,0,-1,0,0.0000,-1,10,0,5,0,15,0,0,0,0
77.72318,1,0,2,1,1,0,0,-1,0,0.0000,-1,10,0,5,0,15,0,0,0,0
77.75961,1,0,2,1,1,0,0,-1,0,0.0000,-1,10,0,5,0,15,0,0,0,0
77.77374,1,0,2,1,1,0,0,-1,0,0.0000,-1,10,0,5,0,15,0,0,0,0
77.78754,1,0,2,1,1,0,0,-1,0,0.0000,-1,10,0,5,0,15,0,0,0,0
77.80462,1,0,2,1,1,0,0,-1,0,0.0000,-1,10,0,5,0,15,0,0,0,0
77.82638,1,0,2,1,1,0,0,-1,0,0.0000,-1,10,0,5,0,15,0,0,0,0
77.84529,1,0,2,1,1,0,0,-1,0,0.0000,-1,10,0,5,0,15,0,0,0,0
77.86597,1,0,2,1,1,0,0,-1,0,0.0000,-1,10,0,5,0,15,0,0,0,0
77.8875,1,0,2,1,1,0,0,-1,0,0.0000,-1,10,0,5,0,15,0,0,0,0
77.90583,1,0,2,1,1,0,0,-1,0,0.0000,-1,10,0,5,0,15,0,0,0,0
77.92526,1,0,2,1,1,0,0,-1,0,0.0000,-1,10,0,5,0,15,0,0,0,0
77.94713,1,0,2,1,1,0,0,-1,0,0.0000,-1,10,0,5,0,15,0,0,0,0
77.96671,1,0,2,1,1,0,0,-1,0,0.0000,-1,10,0,5,0,15,0,0,0,0
77.98793,1,0,2,1,1,0,0,-1,0,0.0000,-1,10,0,5,0,15,0,0,0,0
78.00786,1,0,2,1,1,0,0,-1,0,0.0000,-1,10,0,5,0,15,0,0,0,0
78.02718,1,0,2,1,1,0,0,-1,0,0.0000,-1,10,0,5,0,15,0,0,0,0
78.04746,1,0,2,1,1,0,0,-1,0,0.0000,-1,10,0,5,0,15,0,0,0,0
78.06767,1,0,2,1,1,0,0,-1,0,0.0000,-1,10,0,5,0,15,0,0,0,0
78.08813,1,0,2,1,1,0,0,-1,0,0.0000,-1,10,0,5,0,15,0,0,0,0
78.11155,1,0,2,1,1,0,0,-1,0,0.0000,-1,10,0,5,0,15,0,0,0,0
78.1287,1,0,2,1,1,0,0,-1,0,0.0000,-1,10,0,5,0,15,0,0,0,0
78.16834,1,0,2,1,0,0,0,-1,0,0.0000,-1,10,0,5,0,15,0,0,0,0
78.18562,1,0,2,1,0,0,0,-1,0,0.0000,-1,10,0,5,0,15,0,0,0,0
78.19955,1,0,2,1,0,0,0,-1,0,0.0000,-1,10,0,5,0,15,0,0,0,0
78.21446,1,0,2,1,0,0,0,-1,0,0.0000,-1,10,0,5,0,15,0,0,0,0
78.23497,1,0,2,1,0,0,0,-1,0,0.0000,-1,10,0,5,0,15,0,0,0,0
78.25615,1,0,2,1,0,0,0,-1,0,0.0000,-1,10,0,5,0,15,0,0,0,0
78.27689,1,0,2,1,0,0,0,-1,0,0.0000,-1,10,0,5,0,15,0,0,0,0
78.30025,1,0,2,1,0,0,0,-1,0,0.0000,-1,10,0,5,0,15,0,0,0,0
78.32059,1,0,2,1,0,0,0,-1,0,0.0000,-1,10,0,5,0,15,0,0,0,0
78.34201,1,0,2,1,0,0,0,-1,0,0.0000,-1,10,0,5,0,15,0,0,0,0
78.37991,1,0,2,1,0,0,0,-1,0,0.0000,-1,10,0,5,0,15,0,0,0,0
78.39322,1,0,2,1,0,0,0,-1,0,0.0000,-1,10,0,5,0,15,0,0,0,0
78.40654,1,0,2,1,0,0,0,-1,0,0.0000,-1,10,0,5,0,15,0,0,0,0
78.42527,1,0,2,1,0,0,0,-1,0,0.0000,-1,10,0,5,0,15,0,0,0,0
78.4481,1,0,2,1,0,0,0,-1,0,0.0000,-1,10,0,5,0,15,0,0,0,0
78.46754,1,0,2,1,0,0,0,-1,0,0.0000,-1,10,0,5,0,15,0,0,0,0
78.48761,1,0,2,1,0,0,0,-1,0,0.0000,-1,10,0,5,0,15,0,0,0,0
78.51003,1,0,2,1,0,0,0,-1,0,0.0000,-1,10,0,5,0,15,0,0,0,0
78.53065,1,0,2,1,0,0,0,-1,0,0.0000,-1,10,0,5,0,15,0,0,0,0
78.5498,1,0,2,1,0,0,0,-1,0,0.0000,-1,10,0,5,0,15,0,0,0,0
78.5718,1,0,2,1,0,0,0,-1,0,0.0000,-1,10,0,5,0,15,0,0,0,0
78.59126,1,0,2,1,0,0,0,-1,0,0.0000,-1,10,0,5,0,15,0,0,0,0
78.61137,1,0,2,1,0,0,0,-1,0,0.0000,-1,10,0,5,0,15,0,0,0,0
78.63326,1,0,2,1,0,0,0,-1,0,0.0000,-1,10,0,5,0,15,0,0,0,0
78.65443,1,0,2,1,0,0,0,-1,0,0.0000,-1,10,0,5,0,15,0,0,0,0
78.67576,1,0,2,1,0,0,0,-1,0,0.0000,-1,10,0,5,0,15,0,0,0,0
78.69693,1,0,2,1,0,0,0,-1,0,0.0000,-1,10,0,5,0,15,0,0,0,0
78.71497,1,0,2,1,0,0,0,-1,0,0.0000,-1,10,0,5,0,15,0,0,0,0
78.73675,1,0,2,1,0,0,0,-1,0,0.0000,-1,10,0,5,0,15,0,0,0,0
78.75966,1,0,2,1,0,0,0,-1,0,0.0000,-1,10,0,5,0,15,0,0,0,0
78.77811,1,0,2,1,0,0,0,-1,0,0.0000,-1,10,0,5,0,15,0,0,0,0
78.79936,1,0,2,1,0,0,0,-1,0,0.0000,-1,10,0,5,0,15,0,0,0,0
78.81936,1,0,2,1,0,0,0,-1,0,0.0000,-1,10,0,5,0,15,0,0,0,0
78.8393,1,0,2,1,0,0,0,-1,0,0.0000,-1,10,0,5,0,15,0,0,0,0
78.85931,1,0,2,1,0,0,0,-1,0,0.0000,-1,10,0,5,0,15,0,0,0,0
78.87996,1,0,2,1,0,0,0,-1,0,0.0000,-1,10,0,5,0,15,0,0,0,0
78.90023,1,0,2,1,0,0,0,-1,0,0.0000,-1,10,0,5,0,15,0,0,0,0
78.92152,1,0,2,1,0,0,0,-1,0,0.0000,-1,10,0,5,0,15,0,0,0,0
78.94315,1,0,2,1,0,0,0,-1,0,0.0000,-1,10,0,5,0,15,0,0,0,0
78.96349,1,0,2,1,0,0,0,-1,0,0.0000,-1,10,0,5,0,15,0,0,0,0
78.98336,1,0,2,1,0,0,0,-1,0,0.0000,-1,10,0,5,0,15,0,0,0,0
79.00243,1,0,2,1,0,0,0,-1,0,0.0000,-1,10,0,5,0,15,0,0,0,0
79.0251,1,0,2,1,0,0,0,-1,0,0.0000,-1,10,0,5,0,15,0,0,0,0
79.04512,1,0,2,1,0,0,0,-1,0,0.0000,-1,10,0,5,0,15,0,0,0,0
79.06576,1,0,2,1,0,0,0,-1,0,0.0000,-1,10,0,5,0,15,0,0,0,0
79.08568,1,0,2,1,0,0,0,-1,0,0.0000,-1,10,0,5,0,15,0,0,0,0
79.10537,1,0,2,1,0,0,1,67,0,0.0000,-1,10,0,5,0,15,0,0,0,0
79.12612,1,0,2,1,0,0,1,67,0,0.0000,-1,10,0,5,0,15,0,0,0,0
79.14716,1,0,2,1,0,0,1,67,0,0.0000,-1,10,0,5,0,15,0,0,0,0
79.16805,1,0,2,1,0,0,1,67,0,0.0000,-1,10,0,5,0,15,0,0,0,0
79.18777,1,0,2,1,0,0,1,67,0,0.0000,-1,10,0,5,0,15,0,0,0,0
79.20905,1,0,2,1,0,0,1,67,0,0.0000,-1,10,0,5,0,15,0,0,0,0
79.22948,1,0,2,1,0,0,1,67,0,0.0000,-1,10,0,5,0,15,0,0,0,0
79.24863,1,0,2,1,0,0,1,67,0,0.0000,-1,10,0,5,0,15,0,0,0,0
79.26995,1,0,2,1,0,0,1,67,0,0.0000,-1,10,0,5,0,15,0,0,0,0
79.29053,1,0,2,1,0,0,1,67,0,0.0000,-1,10,0,5,0,15,0,0,0,0
79.31294,1,0,2,1,0,0,1,67,0,0.0000,-1,10,0,5,0,15,0,0,0,0
79.33298,1,0,2,1,0,0,1,67,0,0.0000,-1,10,0,5,0,15,0,0,0,0
79.35422,1,0,2,1,0,0,1,67,0,0.0000,-1,10,0,5,0,15,0,0,0,0
79.37495,1,0,2,1,0,0,1,67,0,0.0000,-1,10,0,5,0,15,0,0,0,0
79.39665,1,0,2,1,0,0,1,67,0,0.0000,-1,10,0,5,0,15,0,0,0,0
79.41617,1,0,2,1,0,0,1,67,0,0.0000,-1,10,0,5,0,15,0,0,0,0
79.43686,1,0,2,1,0,0,1,67,0,0.0000,-1,10,0,5,0,15,0,0,0,0
79.45753,1,0,2,1,0,0,1,67,0,0.0000,-1,10,0,5,0,15,0,0,0,0
79.47802,1,0,2,1,0,0,1,67,0,0.0000,-1,10,0,5,0,15,0,0,0,0
79.49854,1,0,2,1,0,0,1,67,0,0.0000,-1,10,0,5,0,15,0,0,0,0
79.51921,1,0,2,1,0,0,1,67,0,0.0000,-1,10,0,5,0,15,0,0,0,0
79.54021,1,0,2,1,0,0,1,67,0,0.0000,-1,10,0,5,0,15,0,0,0,0
79.56407,1,0,2,1,0,0,1,67,1,1.0000,-1,10,0,5,0,15,0,0,0,0
79.58092,1,0,2,1,0,0,1,67,0,1.0000,-1,10,0,5,0,15,0,0,0,0
79.61903,1,0,2,1,0,0,1,67,0,1.0000,-1,10,0,5,0,15,0,0,0,0
79.6325,1,0,2,1,0,0,1,67,0,1.0000,-1,10,0,5,0,15,0,0,0,0
79.64708,1,0,2,1,0,0,1,67,0,1.0000,-1,10,0,5,0,15,0,0,0,0
79.66833,1,0,2,1,0,0,1,67,0,1.0000,-1,10,0,5,0,15,0,0,0,0
79.69015,1,0,2,1,0,0,1,67,0,1.0000,-1,10,0,5,0,15,0,0,0,0
79.71171,1,0,2,1,0,0,0,-1,0,1.0000,-1,10,0,5,0,15,0,0,0,0
79.73358,1,0,2,1,0,0,0,-1,0,1.0000,-1,10,0,5,0,15,0,0,0,0
79.75498,1,0,2,1,0,0,0,-1,0,1.0000,-1,10,0,5,0,15,0,0,0,0
79.77402,1,0,2,1,0,0,0,-1,0,1.0000,-1,10,0,5,0,15,0,0,0,0
79.79278,1,0,2,1,0,0,0,-1,0,1.0000,-1,10,0,5,0,15,0,0,0,0
79.81485,1,0,2,1,0,0,0,-1,0,1.0000,-1,10,0,5,0,15,0,0,0,0
79.8363,1,0,2,1,0,0,0,-1,0,1.0000,-1,10,0,5,0,15,0,0,0,0
79.85741,1,0,2,1,0,0,0,-1,0,1.0000,-1,10,0,5,0,15,0,0,0,0
79.87793,1,0,2,1,0,0,0,-1,0,1.0000,-1,10,0,5,0,15,0,0,0,0
79.89968,1,0,2,1,0,0,0,-1,0,1.0000,-1,10,0,5,0,15,0,0,0,0
79.92227,1,0,2,1,0,0,0,-1,0,1.0000,-1,10,0,5,0,15,0,0,0,0
79.94144,1,0,2,1,0,0,0,-1,0,1.0000,-1,10,0,5,0,15,0,0,0,0
79.96197,1,0,2,1,0,0,0,-1,0,1.0000,-1,10,0,5,0,15,0,0,0,0
79.98366,1,0,2,1,0,0,0,-1,0,1.0000,-1,10,0,5,0,15,0,0,0,0
80.00596,1,0,2,1,0,0,0,-1,0,1.0000,-1,10,0,5,0,15,0,0,0,0
80.04485,1,0,2,1,0,0,0,-1,0,1.0000,-1,10,0,5,0,15,0,0,0,0
80.05621,1,0,2,1,0,0,0,-1,0,1.0000,-1,10,0,5,0,15,0,0,0,0
80.07253,1,0,2,1,0,0,0,-1,0,1.0000,-1,10,0,5,0,15,0,0,0,0
80.09444,1,0,2,1,0,0,0,-1,0,1.0000,-1,10,0,5,0,15,0,0,0,0
80.11594,1,0,2,1,0,0,0,-1,0,1.0000,-1,10,0,5,0,15,0,0,0,0
80.13823,1,0,2,1,0,0,0,-1,0,1.0000,-1,10,0,5,0,15,0,0,0,0
80.16179,1,0,2,1,0,0,0,-1,0,1.0000,-1,10,0,5,0,15,0,0,0,0
80.18131,1,0,2,1,0,0,0,-1,0,1.0000,-1,10,0,5,0,15,0,0,0,0
80.20324,1,0,2,1,0,0,0,-1,0,1.0000,-1,10,0,5,0,15,0,0,0,0
80.22551,1,0,2,1,0,0,0,-1,0,1.0000,-1,10,0,5,0,15,0,0,0,0
80.24547,1,0,2,1,0,0,0,-1,0,1.0000,-1,10,0,5,0,15,0,0,0,0
80.26722,1,0,2,1,0,0,0,-1,0,1.0000,-1,10,0,5,0,15,0,0,0,0
80.28921,1,0,2,1,0,0,0,-1,0,1.0000,-1,10,0,5,0,15,0,0,0,0
80.3107,1,0,2,1,0,0,0,-1,0,1.0000,-1,10,0,5,0,15,0,0,0,0
80.33309,1,0,2,1,0,0,0,-1,0,1.0000,-1,10,0,5,0,15,0,0,0,0
80.35493,1,0,2,1,0,0,0,-1,0,1.0000,-1,10,0,5,0,15,0,0,0,0
80.37633,1,0,2,1,0,0,0,-1,0,1.0000,-1,10,0,5,0,15,0,0,0,0
80.39845,1,0,2,1,0,0,0,-1,0,1.0000,-1,10,0,5,0,15,0,0,0,0
80.41924,1,0,2,1,0,0,0,-1,0,1.0000,-1,10,0,5,0,15,0,0,0,0
80.44234,1,0,2,1,0,0,1,66,0,1.0000,-1,10,0,5,0,15,0,0,0,0
80.48112,1,0,2,1,0,0,1,66,0,1.0000,-1,10,0,5,0,15,0,0,0,0
80.4929,1,0,2,1,0,0,1,66,0,1.0000,-1,10,0,5,0,15,0,0,0,0
80.50803,1,0,2,1,0,0,1,66,0,1.0000,-1,10,0,5,0,15,0,0,0,0
80.53005,1,0,2,1,0,0,1,66,0,1.0000,-1,10,0,5,0,15,0,0,0,0
80.55228,1,0,2,1,0,0,1,66,0,1.0000,-1,10,0,5,0,15,0,0,0,0
80.57384,1,0,2,1,0,0,1,66,0,0.0000,-1,10,0,5,0,15,0,0,0,0
80.5956,1,0,2,1,0,0,1,66,0,0.0000,-1,10,0,5,0,15,0,0,0,0
80.61682,1,0,2,1,0,0,1,66,0,0.0000,-1,10,0,5,0,15,0,0,0,0
80.63855,1,0,2,1,0,0,1,66,0,0.0000,-1,10,0,5,0,15,0,0,0,0
80.66019,1,0,2,1,0,0,1,66,0,0.0000,-1,10,0,5,0,15,0,0,0,0
80.68143,1,0,2,1,0,0,1,66,0,0.0000,-1,10,0,5,0,15,0,0,0,0
80.70366,1,0,2,1,0,0,1,66,0,0.0000,-1,10,0,5,0,15,0,0,0,0
80.72488,1,0,2,1,0,0,1,66,0,0.0000,-1,10,0,5,0,15,0,0,0,0
80.746,1,0,2,1,0,0,1,66,0,0.0000,-1,10,0,5,0,15,0,0,0,0
80.767,1,0,2,1,0,0,1,66,0,0.0000,-1,10,0,5,0,15,0,0,0,0
80.78842,1,0,2,1,0,0,1,66,0,0.0000,-1,10,0,5,0,15,0,0,0,0
80.80946,1,0,2,1,0,0,1,66,0,0.0000,-1,10,0,5,0,15,0,0,0,0
80.83064,1,0,2,1,0,0,1,66,0,0.0000,-1,10,0,5,0,15,0,0,0,0
80.85111,1,0,2,1,0,0,1,66,0,0.0000,-1,10,0,5,0,15,0,0,0,0
80.87177,1,0,2,1,0,0,1,66,0,0.0000,-1,10,0,5,0,15,0,0,0,0
80.89185,1,0,2,1,0,0,1,66,0,0.0000,-1,10,0,5,0,15,0,0,0,0
80.91246,1,0,2,1,0,0,1,66,0,0.0000,-1,10,0,5,0,15,0,0,0,0
80.93487,3,1,3,1,0,0,0,-1,1,1.0000,66,10,0,6,0,16,0,0,0,0
80.95612,3,0,3,1,0,0,0,-1,0,1.0000,-1,10,0,6,0,16,0,0,0,0
80.97707,3,0,3,1,0,0,0,-1,0,1.0000,-1,10,0,6,0,16,0,0,0,0
80.99979,3,0,3,1,0,0,0,-1,0,1.0000,-1,10,0,6,0,16,0,0,0,0
81.05183,3,0,3,1,0,0,0,-1,0,1.0000,-1,10,0,6,0,16,0,0,0,0
81.17734,3,0,3,1,0,0,0,-1,0,1.0000,-1,10,0,6,0,16,0,0,0,0
81.40826,3,0,3,0,0,0,0,-1,0,1.0000,-1,10,0,6,0,16,0,0,0,0
81.54662,3,0,3,0,0,0,1,68,0,1.0000,-1,10,0,6,0,16,0,0,0,0
81.62659,3,0,3,0,0,0,1,68,1,2.0000,-1,10,0,6,0,16,0,0,0,0
81.79786,3,0,3,0,0,0,1,68,1,3.0000,-1,10,0,6,0,16,0,0,0,0
81.88549,3,0,3,0,0,0,0,-1,0,3.0000,-1,10,0,6,0,16,0,0,0,0
82.05027,3,0,3,0,0,0,0,-1,0,2.0000,-1,10,0,6,0,16,0,0,0,0
82.12115,3,0,3,0,0,0,0,-1,0,2.0000,-1,10,0,6,0,16,0,0,0,0
82.18781,3,0,3,0,0,0,0,-1,0,2.0000,-1,10,0,6,0,16,0,0,0,0
82.29947,3,0,3,0,0,0,0,-1,0,2.0000,-1,10,0,6,0,16,0,0,0,0
82.4109,3,0,3,0,0,0,0,-1,0,2.0000,-1,10,0,6,0,16,0,0,0,0
82.51625,3,0,3,0,0,0,0,-1,0,2.0000,-1,10,0,6,0,16,0,0,0,0
82.62587,3,0,3,0,0,0,1,69,1,3.0000,-1,10,0,6,0,16,0,0,0,0
82.83793,3,0,3,0,0,0,1,71,0,1.0000,-1,10,0,6,0,16,0,0,0,0
82.93237,3,0,3,0,0,0,1,71,0,1.0000,-1,10,0,6,0,16,0,0,0,0
83.00157,3,0,3,0,0,0,1,71,0,1.0000,-1,10,0,6,0,16,0,0,0,0
83.07051,3,0,3,0,0,0,1,71,1,2.0000,-1,10,0,6,0,16,0,0,0,0
83.28804,3,0,3,0,0,0,1,71,0,2.0000,-1,10,0,6,0,16,0,0,0,0
83.37138,3,0,3,0,0,0,0,-1,0,2.0000,71,10,0,7,0,17,0,0,0,0
83.44928,3,0,3,0,0,0,0,-1,0,2.0000,-1,10,0,7,0,17,0,0,0,0
83.52127,3,0,3,0,0,0,0,-1,0,2.0000,-1,10,0,7,0,17,0,0,0,0
83.74498,3,0,3,0,0,0,0,-1,0,1.0000,-1,10,0,7,0,17,0,0,0,0
83.83613,3,0,3,0,0,0,0,-1,0,1.0000,-1,10,0,7,0,17,0,0,0,0
83.90822,3,0,3,0,0,0,0,-1,0,1.0000,-1,10,0,7,0,17,0,0,0,0
83.97889,3,0,3,0,0,0,0,-1,0,1.0000,-1,10,0,7,0,17,0,0,0,0
84.20432,3,0,3,0,0,0,0,-1,0,0.0000,-1,10,0,7,0,17,0,0,0,0
84.29685,3,0,3,0,0,0,0,-1,0,0.0000,-1,10,0,7,0,17,0,0,0,0
84.36206,3,0,3,0,0,0,0,-1,0,0.0000,-1,10,0,7,0,17,0,0,0,0
84.44487,3,0,3,0,0,0,0,-1,0,0.0000,-1,10,0,7,0,17,0,0,0,0
84.68061,3,0,3,0,0,0,0,-1,0,0.0000,-1,10,0,7,0,17,0,0,0,0
84.76421,3,0,3,0,0,0,0,-1,0,0.0000,-1,10,0,7,0,17,0,0,0,0
84.82756,3,0,3,0,0,0,0,-1,0,0.0000,-1,10,0,7,0,17,0,0,0,0
84.93242,3,0,3,0,0,0,0,-1,0,0.0000,-1,10,0,7,0,17,0,0,0,0
85.04085,3,0,3,0,0,0,0,-1,0,0.0000,-1,10,0,7,0,17,0,0,0,0
85.14643,3,0,3,0,0,0,0,-1,0,0.0000,-1,10,0,7,0,17,0,0,0,0
85.35966,3,0,3,0,0,0,1,75,1,1.0000,-1,10,0,7,0,17,0,0,0,0
85.44227,3,0,3,0,0,0,0,-1,0,1.0000,75,10,0,8,0,18,0,0,0,0
85.51802,3,0,3,0,0,0,0,-1,0,1.0000,-1,10,0,8,0,18,0,0,0,0
85.58688,3,0,3,0,1,0,0,-1,0,1.0000,-1,10,0,8,0,18,0,0,0,0
85.81219,3,0,3,0,1,0,0,-1,0,1.0000,-1,10,0,8,0,18,0,0,0,0
85.93758,3,0,3,0,1,0,0,-1,0,1.0000,-1,10,0,8,0,18,0,0,0,0
86.01188,3,0,3,0,1,0,0,-1,0,1.0000,-1,10,0,8,0,18,0,0,0,0
86.09308,3,0,3,0,1,0,0,-1,0,1.0000,-1,10,0,8,0,18,0,0,0,0
86.17629,3,0,3,0,1,0,0,-1,1,2.0000,-1,10,0,8,0,18,0,0,0,0
86.27875,3,0,3,0,1,0,0,-1,0,2.0000,-1,10,0,8,0,18,0,0,0,0
86.5014,3,0,3,0,0,0,0,-1,0,1.0000,-1,10,0,8,0,18,0,0,0,0
86.59441,3,0,3,0,0,0,1,78,0,1.0000,-1,10,0,8,0,18,0,0,0,0
86.66132,3,0,3,0,0,0,1,78,0,1.0000,-1,10,0,8,0,18,0,0,0,0
86.73029,3,0,3,0,0,0,1,78,0,1.0000,-1,10,0,8,0,18,0,0,0,0
86.94804,3,0,3,0,0,0,1,78,0,1.0000,-1,10,0,8,0,18,0,0,0,0
87.02121,3,0,3,0,0,0,0,-1,0,1.0000,78,10,0,9,0,19,0,0,0,0
87.0964,3,0,3,0,0,0,0,-1,0,1.0000,-1,10,0,9,0,19,0,0,0,0
87.18514,3,0,3,0,0,0,0,-1,0,0.0000,-1,10,0,9,0,19,0,0,0,0
87.41103,3,0,3,0,0,0,0,-1,1,1.0000,-1,10,0,9,0,19,0,0,0,0
87.50871,3,0,3,0,0,0,1,80,0,1.0000,-1,10,0,9,0,19,0,0,0,0
87.57969,3,0,3,0,0,0,1,80,0,1.0000,-1,10,0,9,0,19,0,0,0,0
87.6422,3,0,3,0,0,0,1,80,0,1.0000,-1,10,0,9,0,19,0,0,0,0
87.86084,3,0,3,0,0,0,1,80,0,1.0000,-1,10,0,9,0,19,0,0,0,0
87.98815,3,0,3,0,0,0,1,80,0,1.0000,-1,10,0,9,0,19,0,0,0,0
88.05949,3,0,3,0,0,0,1,80,0,1.0000,-1,10,0,9,0,19,0,0,0,0
88.12267,3,0,3,0,0,0,1,80,1,2.0000,-1,10,0,9,0,19,0,0,0,0
88.22495,3,0,3,0,0,0,1,80,0,2.0000,-1,10,0,9,0,19,0,0,0,0
88.32703,3,0,3,0,0,0,0,-1,0,2.0000,80,10,0,10,0,20,0,0,0,0
88.54167,3,0,3,0,0,0,0,-1,0,1.0000,-1,10,0,10,0,20,0,0,0,0
88.67633,3,0,3,1,0,0,0,-1,0,1.0000,-1,10,0,10,0,20,0,0,0,0
88.75768,3,0,3,1,0,0,0,-1,0,1.0000,-1,10,0,10,0,20,0,0,0,0
88.91107,3,0,3,1,0,0,0,-1,0,1.0000,-1,10,0,10,0,20,0,0,0,0
88.97821,3,0,3,1,0,0,0,-1,0,1.0000,-1,10,0,10,0,20,0,0,0,0
89.03489,3,0,3,1,0,0,0,-1,0,1.0000,-1,10,0,10,0,20,0,0,0,0
89.14731,3,0,3,1,0,0,0,-1,0,0.0000,-1,10,0,10,0,20,0,0,0,0
89.25096,3,0,3,1,0,0,0,-1,1,1.0000,-1,10,0,10,0,20,0,0,0,0
89.46955,3,0,3,1,1,0,0,-1,0,1.0000,-1,10,0,10,0,20,0,0,0,0
89.56145,3,0,3,0,1,0,0,-1,1,2.0000,-1,10,0,10,0,20,0,0,0,0
89.62479,3,0,3,0,1,0,0,-1,0,2.0000,-1,10,0,10,0,20,0,0,0,0
89.70251,3,0,3,0,1,0,0,-1,0,2.0000,-1,10,0,10,0,20,0,0,0,0
89.91567,3,0,3,0,1,0,0,-1,0,2.0000,-1,10,0,10,0,20,0,0,0,0
89.98933,3,0,3,0,1,0,0,-1,0,2.0000,-1,10,0,10,0,20,0,0,0,0
90.06361,3,0,3,0,1,0,1,82,0,2.0000,-1,10,0,10,0,20,0,0,0,0
90.15781,3,0,3,0,1,0,1,82,0,2.0000,-1,10,0,10,0,20,0,0,0,0
90.26601,3,0,3,0,1,0,1,82,0,1.0000,-1,10,0,10,0,20,0,0,0,0
90.38506,3,0,3,0,1,0,1,82,1,2.0000,-1,10,0,10,0,20,0,0,0,0
90.50391,3,0,3,0,1,0,1,82,0,2.0000,-1,10,0,10,0,20,0,0,0,0
90.62847,3,0,3,0,1,0,0,-1,0,1.0000,-1,10,0,10,0,20,0,0,0,0
90.87564,3,0,3,0,1,0,0,-1,0,1.0000,82,10,0,11,0,21,0,0,0,0
90.98215,3,0,3,0,1,0,1,85,0,1.0000,-1,10,0,11,0,21,0,0,0,0
91.06281,3,0,3,0,1,0,1,85,0,1.0000,-1,10,0,11,0,21,0,0,0,0
91.14681,3,0,3,0,0,0,1,85,0,1.0000,-1,10,0,11,0,21,0,0,0,0
91.40933,3,0,3,0,0,0,0,-1,0,0.0000,-1,10,0,11,0,21,0,0,0,0
91.5639,3,0,3,0,0,0,0,-1,0,0.0000,-1,10,0,11,0,21,0,0,0,0
91.6365,3,0,3,0,0,0,0,-1,0,0.0000,-1,10,0,11,0,21,0,0,0,0
91.71419,3,0,3,0,0,0,0,-1,0,0.0000,-1,10,0,11,0,21,0,0,0,0
91.8395,3,0,3,0,0,0,0,-1,0,0.0000,-1,10,0,11,0,21,0,0,0,0
91.96478,3,0,3,0,0,0,0,-1,0,0.0000,-1,10,0,11,0,21,0,0,0,0
92.09214,3,0,3,0,0,0,0,-1,0,0.0000,-1,10,0,11,0,21,0,0,0,0
92.35127,3,0,3,0,0,0,1,88,0,0.0000,-1,10,0,11,0,21,0,0,0,0
92.43243,3,0,3,0,0,0,1,88,0,0.0000,-1,10,0,11,0,21,0,0,0,0
92.49487,3,0,3,0,0,0,1,88,0,0.0000,-1,10,0,11,0,21,0,0,0,0
92.62275,3,0,3,0,0,0,1,88,0,0.0000,-1,10,0,11,0,21,0,0,0,0
92.74996,3,0,3,0,0,0,1,88,0,0.0000,-1,10,0,11,0,21,0,0,0,0
92.88374,3,0,3,0,0,0,1,88,0,0.0000,-1,10,0,11,0,21,0,0,0,0
93.13493,3,0,3,0,0,0,1,88,0,0.0000,-1,10,0,11,0,21,0,0,0,0
93.21272,1,1,4,0,0,0,0,-1,0,0.0000,88,11,0,11,0,22,0,0,0,0
93.29288,1,0,4,0,0,0,0,-1,0,0.0000,-1,11,0,11,0,22,0,0,0,0
93.40809,1,0,4,0,0,0,0,-1,0,0.0000,-1,11,0,11,0,22,0,0,0,0
93.6807,1,0,4,0,0,0,0,-1,0,0.0000,-1,11,0,11,0,22,0,0,0,0
93.83315,1,0,4,0,0,0,0,-1,0,0.0000,-1,11,0,11,0,22,0,0,0,0
93.90656,1,0,4,0,0,0,0,-1,0,0.0000,-1,11,0,11,0,22,0,0,0,0
93.98533,1,0,4,0,0,0,0,-1,0,0.0000,-1,11,0,11,0,22,0,0,0,0
94.12186,1,0,4,0,0,0,0,-1,0,0.0000,-1,11,0,11,0,22,0,0,0,0
94.2509,1,0,4,0,0,0,0,-1,0,0.0000,-1,11,0,11,0,22,0,0,0,0
94.38293,1,0,4,0,0,0,0,-1,0,0.0000,-1,11,0,11,0,22,0,0,0,0
94.64545,1,0,4,0,0,0,0,-1,0,0.0000,-1,11,0,11,0,22,0,0,0,0
94.72845,1,0,4,0,0,0,1,91,0,0.0000,-1,11,0,11,0,22,0,0,0,0
94.7976,1,0,4,0,0,0,1,91,1,1.0000,-1,11,0,11,0,22,0,0,0,0
94.92401,1,0,4,0,0,0,1,91,0,1.0000,-1,11,0,11,0,22,0,0,0,0
95.05361,1,0,4,0,0,0,1,91,0,1.0000,-1,11,0,11,0,22,0,0,0,0
95.18607,1,0,4,0,0,0,1,91,0,1.0000,-1,11,0,11,0,22,0,0,0,0
95.3229,1,0,4,0,0,0,1,91,0,1.0000,-1,11,0,11,0,22,0,0,0,0
95.44915,1,0,4,0,0,0,1,91,0,1.0000,-1,11,0,11,0,22,0,0,0,0
95.58151,1,0,4,0,0,0,1,91,0,1.0000,-1,11,0,11,0,22,0,0,0,0
95.7175,1,0,4,0,0,0,1,91,0,1.0000,-1,11,0,11,0,22,0,0,0,0
95.84772,1,0,4,0,0,0,1,91,0,0.0000,-1,11,0,11,0,22,0,0,0,0
95.97733,1,0,4,0,0,0,1,91,0,0.0000,-1,11,0,11,0,22,0,0,0,0
96.24081,1,0,4,0,0,0,1,90,0,0.0000,91,12,0,11,0,23,0,0,0,0
96.34891,1,0,4,0,0,0,1,90,0,0.0000,-1,12,0,11,0,23,0,0,0,0
96.42948,1,0,4,0,0,0,1,90,0,0.0000,-1,12,0,11,0,23,0,0,0,0
96.54037,1,0,4,0,0,0,0,-1,0,0.0000,90,13,0,11,0,24,0,0,0,0
96.80821,1,0,4,0,0,0,0,-1,1,1.0000,-1,13,0,11,0,24,0,0,0,0
96.90749,1,0,4,1,0,0,0,-1,0,1.0000,-1,13,0,11,0,24,0,0,0,0
96.99023,1,0,4,1,0,0,1,92,0,1.0000,-1,13,0,11,0,24,0,0,0,0
97.09642,1,0,4,1,0,0,1,92,0,1.0000,-1,13,0,11,0,24,0,0,0,0
97.36967,1,0,4,1,0,0,1,92,0,1.0000,-1,13,0,11,0,24,0,0,0,0
97.46434,1,0,4,1,0,0,0,-1,0,1.0000,92,14,0,11,0,25,0,0,0,0
97.56951,1,0,4,0,0,0,1,93,0,1.0000,-1,14,0,11,0,25,0,0,0,0
97.64718,1,0,4,0,0,0,1,93,0,1.0000,-1,14,0,11,0,25,0,0,0,0
97.90993,1,0,4,0,0,0,1,93,0,0.0000,-1,14,0,11,0,25,0,0,0,0
98.00313,1,0,4,0,1,0,1,93,0,0.0000,-1,14,0,11,0,25,0,0,0,0
98.08174,1,0,4,0,1,0,1,95,0,0.0000,93,15,0,11,0,26,0,0,0,0
98.16878,1,0,4,0,1,0,1,95,0,0.0000,-1,15,0,11,0,26,0,0,0,0
98.40679,1,0,4,0,1,0,1,95,0,0.0000,-1,15,0,11,0,26,0,0,0,0
98.54169,1,0,4,0,0,0,0,-1,0,0.0000,95,16,0,11,0,27,0,0,0,0
98.63296,1,0,4,0,0,0,0,-1,0,0.0000,-1,16,0,11,0,27,0,0,0,0
98.7933,1,0,4,0,0,0,0,-1,0,0.0000,-1,16,0,11,0,27,0,0,0,0
98.86443,1,0,4,0,0,0,0,-1,0,0.0000,-1,16,0,11,0,27,0,0,0,0
98.93214,1,0,4,0,0,0,0,-1,0,0.0000,-1,16,0,11,0,27,0,0,0,0
99.04678,1,0,4,0,0,0,0,-1,0,0.0000,-1,16,0,11,0,27,0,0,0,0
99.1581,1,0,4,0,0,0,0,-1,0,0.0000,-1,16,0,11,0,27,0,0,0,0
99.39973,1,0,4,0,0,0,0,-1,0,0.0000,-1,16,0,11,0,27,0,0,0,0
99.49071,1,0,4,0,0,0,0,-1,0,0.0000,-1,16,0,11,0,27,0,0,0,0
99.55838,1,0,4,0,0,0,0,-1,0,0.0000,-1,16,0,11,0,27,0,0,0,0
99.65051,1,0,4,0,0,0,0,-1,0,0.0000,-1,16,0,11,0,27,0,0,0,0
99.69943,1,0,4,0,0,0,1,99,0,0.0000,-1,16,0,11,0,27,0,0,0,0
99.70966,1,0,4,0,0,0,1,99,0,0.0000,-1,16,0,11,0,27,0,0,0,0
99.72359,1,0,4,0,0,0,1,99,0,0.0000,-1,16,0,11,0,27,0,0,0,0
99.74474,1,0,4,0,0,0,1,99,0,0.0000,-1,16,0,11,0,27,0,0,0,0
99.76575,1,0,4,0,0,0,1,99,0,0.0000,-1,16,0,11,0,27,0,0,0,0
99.78688,1,0,4,0,0,0,1,99,0,0.0000,-1,16,0,11,0,27,0,0,0,0
99.80747,1,0,4,0,0,0,1,99,0,0.0000,-1,16,0,11,0,27,0,0,0,0
99.82822,1,0,4,0,0,0,1,99,0,0.0000,-1,16,0,11,0,27,0,0,0,0
99.84953,1,0,4,0,0,0,1,99,0,0.0000,-1,16,0,11,0,27,0,0,0,0
99.86984,1,0,4,0,0,0,1,99,0,0.0000,-1,16,0,11,0,27,0,0,0,0
99.89072,1,0,4,0,0,0,1,99,0,0.0000,-1,16,0,11,0,27,0,0,0,0
99.91328,1,0,4,0,0,0,1,99,0,0.0000,-1,16,0,11,0,27,0,0,0,0
99.93301,1,0,4,0,0,0,1,99,0,0.0000,-1,16,0,11,0,27,0,0,0,0
99.95415,1,0,4,0,0,0,1,99,0,0.0000,-1,16,0,11,0,27,0,0,0,0
99.97473,1,0,4,0,0,0,1,99,0,0.0000,-1,16,0,11,0,27,0,0,0,0
99.99503,1,0,4,0,0,0,1,99,0,0.0000,-1,16,0,11,0,27,0,0,0,0
100.0163,1,0,4,0,0,0,1,99,0,0.0000,-1,16,0,11,0,27,0,0,0,0
100.0371,1,0,4,0,0,0,1,99,0,0.0000,-1,16,0,11,0,27,0,0,0,0
100.0575,1,0,4,0,0,0,1,99,0,0.0000,-1,16,0,11,0,27,0,0,0,0
100.0784,1,0,4,0,0,0,1,99,0,0.0000,-1,16,0,11,0,27,0,0,0,0
100.0992,1,0,4,0,0,0,1,99,0,0.0000,-1,16,0,11,0,27,0,0,0,0
100.1197,1,0,4,0,0,0,1,99,0,0.0000,-1,16,0,11,0,27,0,0,0,0
100.1401,1,0,4,0,0,0,1,99,0,0.0000,-1,16,0,11,0,27,0,0,0,0
100.1612,1,0,4,0,0,0,1,99,0,0.0000,-1,16,0,11,0,27,0,0,0,0
100.1819,1,0,4,0,0,0,1,99,0,0.0000,-1,16,0,11,0,27,0,0,0,0
100.2027,1,0,4,0,0,0,1,99,0,0.0000,-1,16,0,11,0,27,0,0,0,0
100.2239,1,0,4,0,0,0,1,99,0,0.0000,-1,16,0,11,0,27,0,0,0,0
100.2447,1,0,4,0,0,0,1,99,0,0.0000,-1,16,0,11,0,27,0,0,0,0
100.2654,1,0,4,0,0,0,1,99,0,0.0000,-1,16,0,11,0,27,0,0,0,0
100.2865,1,0,4,0,0,0,1,99,0,0.0000,-1,16,0,11,0,27,0,0,0,0
100.3068,1,0,4,0,0,0,1,99,0,0.0000,-1,16,0,11,0,27,0,0,0,0
100.3281,1,0,4,0,0,0,1,99,0,0.0000,-1,16,0,11,0,27,0,0,0,0
100.349,1,0,4,0,0,0,1,99,0,0.0000,-1,16,0,11,0,27,0,0,0,0
100.3694,1,0,4,0,0,0,1,99,0,0.0000,-1,16,0,11,0,27,0,0,0,0
100.3897,1,0,4,0,0,0,1,99,0,0.0000,-1,16,0,11,0,27,0,0,0,0
100.4108,1,0,4,0,0,0,1,99,0,0.0000,-1,16,0,11,0,27,0,0,0,0
100.4316,1,0,4,0,0,0,1,99,0,0.0000,-1,16,0,11,0,27,0,0,0,0
100.4521,1,0,4,0,0,0,1,99,0,0.0000,-1,16,0,11,0,27,0,0,0,0
100.4726,1,0,4,0,0,0,1,101,0,0.0000,99,17,0,11,0,28,0,0,0,0
100.5113,1,0,4,0,0,0,1,101,0,0.0000,-1,17,0,11,0,28,0,0,0,0
100.5223,1,0,4,0,0,0,1,101,0,0.0000,-1,17,0,11,0,28,0,0,0,0
100.5372,1,0,4,0,0,0,1,101,0,0.0000,-1,17,0,11,0,28,0,0,0,0
100.558,1,0,4,0,0,0,1,101,0,0.0000,-1,17,0,11,0,28,0,0,0,0
100.5789,1,0,4,0,0,0,1,101,0,0.0000,-1,17,0,11,0,28,0,0,0,0
100.6012,1,0,4,0,0,0,1,101,0,0.0000,-1,17,0,11,0,28,0,0,0,0
100.6219,1,0,4,0,0,0,1,101,0,0.0000,-1,17,0,11,0,28,0,0,0,0
100.6431,1,0,4,0,0,0,1,101,0,0.0000,-1,17,0,11,0,28,0,0,0,0
100.6647,1,0,4,0,0,0,1,101,0,0.0000,-1,17,0,11,0,28,0,0,0,0
100.6855,1,0,4,0,0,0,1,101,0,0.0000,-1,17,0,11,0,28,0,0,0,0
100.7246,1,0,4,0,0,0,1,101,0,0.0000,-1,17,0,11,0,28,0,0,0,0
100.7355,1,0,4,0,0,0,1,101,0,0.0000,-1,17,0,11,0,28,0,0,0,0
100.7515,1,0,4,0,0,0,1,101,0,0.0000,-1,17,0,11,0,28,0,0,0,0
100.7732,1,0,4,0,0,0,1,101,0,0.0000,-1,17,0,11,0,28,0,0,0,0
100.7942,1,0,4,0,0,0,1,101,0,0.0000,-1,17,0,11,0,28,0,0,0,0
100.8153,1,0,4,0,0,0,1,101,0,0.0000,-1,17,0,11,0,28,0,0,0,0
100.8363,1,0,4,0,0,0,1,101,1,1.0000,-1,17,0,11,0,28,0,0,0,0
100.8575,1,0,4,0,0,0,1,101,0,1.0000,-1,17,0,11,0,28,0,0,0,0
100.8785,1,0,4,0,0,0,0,-1,0,1.0000,-1,17,0,11,0,28,0,0,0,0
100.8999,1,0,4,0,0,0,0,-1,0,1.0000,-1,17,0,11,0,28,0,0,0,0
100.9214,1,0,4,0,0,0,0,-1,0,1.0000,-1,17,0,11,0,28,0,0,0,0
100.9429,1,0,4,0,0,0,0,-1,0,1.0000,-1,17,0,11,0,28,0,0,0,0
100.9645,1,0,4,0,0,0,0,-1,0,1.0000,-1,17,0,11,0,28,0,0,0,0
100.9855,1,0,4,0,0,0,0,-1,0,1.0000,-1,17,0,11,0,28,0,0,0,0
101.0066,1,0,4,0,0,0,0,-1,0,1.0000,-1,17,0,11,0,28,0,0,0,0
101.0282,1,0,4,0,0,0,0,-1,0,1.0000,-1,17,0,11,0,28,0,0,0,0
101.0494,1,0,4,0,0,0,0,-1,0,1.0000,-1,17,0,11,0,28,0,0,0,0
101.07,1,0,4,0,0,0,0,-1,0,1.0000,-1,17,0,11,0,28,0,0,0,0
101.0912,1,0,4,0,0,0,0,-1,0,1.0000,-1,17,0,11,0,28,0,0,0,0
101.1134,1,0,4,0,0,0,0,-1,0,1.0000,-1,17,0,11,0,28,0,0,0,0
101.1344,1,0,4,0,0,0,0,-1,0,1.0000,-1,17,0,11,0,28,0,0,0,0
101.1555,1,0,4,0,0,0,0,-1,0,1.0000,-1,17,0,11,0,28,0,0,0,0
101.1773,1,0,4,0,0,0,0,-1,0,1.0000,-1,17,0,11,0,28,0,0,0,0
101.1985,1,0,4,0,0,0,1,100,0,1.0000,-1,17,0,11,0,28,0,0,0,0
101.2193,1,0,4,0,0,0,1,100,0,1.0000,-1,17,0,11,0,28,0,0,0,0
101.2406,1,0,4,0,0,0,1,100,0,1.0000,-1,17,0,11,0,28,0,0,0,0
101.262,1,0,4,0,0,0,1,100,0,1.0000,-1,17,0,11,0,28,0,0,0,0
101.2836,1,0,4,0,0,0,1,100,0,1.0000,-1,17,0,11,0,28,0,0,0,0
101.3046,1,0,4,0,0,0,1,100,1,2.0000,-1,17,0,11,0,28,0,0,0,0
101.3257,1,0,4,0,0,0,1,100,0,2.0000,-1,17,0,11,0,28,0,0,0,0
101.3466,1,0,4,0,0,0,1,100,0,2.0000,-1,17,0,11,0,28,0,0,0,0
101.3675,1,0,4,0,0,0,1,100,0,2.0000,-1,17,0,11,0,28,0,0,0,0
101.389,1,0,4,0,0,0,1,100,0,2.0000,-1,17,0,11,0,28,0,0,0,0
101.4099,1,0,4,0,0,0,1,100,0,2.0000,-1,17,0,11,0,28,0,0,0,0
101.4309,1,0,4,0,0,0,1,100,0,2.0000,-1,17,0,11,0,28,0,0,0,0
101.4516,1,0,4,0,0,0,1,100,0,2.0000,-1,17,0,11,0,28,0,0,0,0
101.4728,1,0,4,0,0,0,1,100,0,2.0000,-1,17,0,11,0,28,0,0,0,0
101.4937,1,0,4,0,0,0,1,100,0,2.0000,-1,17,0,11,0,28,0,0,0,0
101.5144,1,0,4,0,0,0,1,100,0,2.0000,-1,17,0,11,0,28,0,0,0,0
101.5356,1,0,4,0,0,0,1,100,0,2.0000,-1,17,0,11,0,28,0,0,0,0
101.557,1,0,4,0,0,0,1,100,0,2.0000,-1,17,0,11,0,28,0,0,0,0
101.5789,1,0,4,0,0,0,1,100,0,2.0000,-1,17,0,11,0,28,0,0,0,0
101.6011,1,0,4,0,0,0,1,100,0,2.0000,-1,17,0,11,0,28,0,0,0,0
101.6223,1,0,4,0,0,0,1,100,0,2.0000,-1,17,0,11,0,28,0,0,0,0
101.6433,1,0,4,0,0,0,1,100,0,2.0000,-1,17,0,11,0,28,0,0,0,0
101.665,1,0,4,0,0,0,1,100,0,2.0000,-1,17,0,11,0,28,0,0,0,0
101.686,1,0,4,0,0,0,1,100,1,3.0000,-1,17,0,11,0,28,0,0,0,0
101.7075,1,0,4,0,0,0,1,100,0,3.0000,-1,17,0,11,0,28,0,0,0,0
101.7286,1,0,4,0,0,0,0,-1,0,3.0000,-1,17,0,11,0,28,0,0,0,0
101.7498,1,0,4,0,0,0,0,-1,0,3.0000,-1,17,0,11,0,28,0,0,0,0
101.7886,1,0,4,0,0,0,0,-1,0,3.0000,-1,17,0,11,0,28,0,0,0,0
101.8013,1,0,4,0,0,0,0,-1,0,3.0000,-1,17,0,11,0,28,0,0,0,0
101.8154,1,0,4,0,0,0,0,-1,0,3.0000,-1,17,0,11,0,28,0,0,0,0
101.8365,1,0,4,0,0,0,0,-1,0,2.0000,-1,17,0,11,0,28,0,0,0,0
101.8576,1,0,4,0,0,0,0,-1,0,2.0000,-1,17,0,11,0,28,0,0,0,0
101.8783,1,0,4,0,0,0,0,-1,0,2.0000,-1,17,0,11,0,28,0,0,0,0
101.8996,1,0,4,0,0,0,0,-1,0,2.0000,-1,17,0,11,0,28,0,0,0,0
101.921,1,0,4,0,0,0,0,-1,0,2.0000,-1,17,0,11,0,28,0,0,0,0
101.9412,1,0,4,0,0,0,0,-1,0,2.0000,-1,17,0,11,0,28,0,0,0,0
101.9618,1,0,4,0,0,0,0,-1,0,2.0000,-1,17,0,11,0,28,0,0,0,0
102.0004,1,0,4,0,0,0,0,-1,1,3.0000,-1,17,0,11,0,28,0,0,0,0
102.0112,1,0,4,0,0,0,0,-1,0,3.0000,-1,17,0,11,0,28,0,0,0,0
102.0264,1,0,4,0,0,0,0,-1,0,3.0000,-1,17,0,11,0,28,0,0,0,0
102.0466,1,0,4,0,0,0,0,-1,0,3.0000,-1,17,0,11,0,28,0,0,0,0
102.0676,1,0,4,0,0,0,0,-1,0,3.0000,-1,17,0,11,0,28,0,0,0,0
102.0884,1,0,4,0,0,0,0,-1,0,3.0000,-1,17,0,11,0,28,0,0,0,0
102.1089,1,0,4,0,0,0,0,-1,0,3.0000,-1,17,0,11,0,28,0,0,0,0
102.1291,1,0,4,0,0,0,0,-1,0,3.0000,-1,17,0,11,0,28,0,0,0,0
102.1489,1,0,4,0,0,0,0,-1,0,3.0000,-1,17,0,11,0,28,0,0,0,0
102.1698,1,0,4,0,0,0,0,-1,0,3.0000,-1,17,0,11,0,28,0,0,0,0
102.1894,1,0,4,0,0,0,0,-1,0,3.0000,-1,17,0,11,0,28,0,0,0,0
102.2103,1,0,4,0,0,0,0,-1,0,3.0000,-1,17,0,11,0,28,0,0,0,0
102.2301,1,0,4,0,0,0,0,-1,0,3.0000,-1,17,0,11,0,28,0,0,0,0
102.2501,1,0,4,0,0,0,0,-1,0,3.0000,-1,17,0,11,0,28,0,0,0,0
102.2697,1,0,4,0,0,0,1,104,0,3.0000,-1,17,0,11,0,28,0,0,0,0
102.2897,1,0,4,0,0,0,1,104,0,3.0000,-1,17,0,11,0,28,0,0,0,0
102.3105,1,0,4,0,0,0,1,104,0,2.0000,-1,17,0,11,0,28,0,0,0,0
102.3306,1,0,4,0,0,0,1,104,0,2.0000,-1,17,0,11,0,28,0,0,0,0
102.3508,1,0,4,0,0,0,1,104,0,2.0000,-1,17,0,11,0,28,0,0,0,0
102.3709,1,0,4,0,0,0,1,104,0,2.0000,-1,17,0,11,0,28,0,0,0,0
102.3908,1,0,4,0,0,0,1,104,0,2.0000,-1,17,0,11,0,28,0,0,0,0
102.4112,1,0,4,0,0,0,1,104,0,2.0000,-1,17,0,11,0,28,0,0,0,0
102.4323,1,0,4,0,0,0,1,104,0,2.0000,-1,17,0,11,0,28,0,0,0,0
102.4527,1,0,4,0,0,0,1,104,0,2.0000,-1,17,0,11,0,28,0,0,0,0
102.4738,1,0,4,0,0,0,1,104,0,2.0000,-1,17,0,11,0,28,0,0,0,0
102.4938,1,0,4,0,0,0,1,104,0,2.0000,-1,17,0,11,0,28,0,0,0,0
102.5139,1,0,4,0,0,0,1,104,0,2.0000,-1,17,0,11,0,28,0,0,0,0
102.5349,1,0,4,0,0,0,1,104,0,2.0000,-1,17,0,11,0,28,0,0,0,0
102.5559,1,0,4,0,0,0,1,104,0,2.0000,-1,17,0,11,0,28,0,0,0,0
102.5766,1,0,4,0,0,0,1,104,0,2.0000,-1,17,0,11,0,28,0,0,0,0
102.597,1,0,4,0,0,0,1,104,0,2.0000,-1,17,0,11,0,28,0,0,0,0
102.6171,1,0,4,0,0,0,1,104,0,2.0000,-1,17,0,11,0,28,0,0,0,0
102.6375,1,0,4,0,0,0,1,104,0,2.0000,-1,17,0,11,0,28,0,0,0,0
102.6573,1,0,4,0,0,0,1,104,1,3.0000,-1,17,0,11,0,28,0,0,0,0
102.6785,1,0,4,0,0,0,0,-1,0,3.0000,-1,17,0,11,0,28,0,0,0,0
102.6989,1,0,4,0,0,0,0,-1,0,2.0000,-1,17,0,11,0,28,0,0,0,0
102.719,1,0,4,0,0,0,0,-1,0,2.0000,-1,17,0,11,0,28,0,0,0,0
102.7393,1,0,4,0,0,0,0,-1,0,2.0000,-1,17,0,11,0,28,0,0,0,0
102.7595,1,0,4,0,0,0,0,-1,0,2.0000,-1,17,0,11,0,28,0,0,0,0
102.7804,1,0,4,0,0,0,0,-1,0,2.0000,-1,17,0,11,0,28,0,0,0,0
102.8011,1,0,4,0,0,0,0,-1,0,2.0000,-1,17,0,11,0,28,0,0,0,0
102.8218,1,0,4,0,0,0,0,-1,0,2.0000,-1,17,0,11,0,28,0,0,0,0
102.8418,1,0,4,0,0,0,0,-1,0,2.0000,-1,17,0,11,0,28,0,0,0,0
102.8623,1,0,4,0,0,0,0,-1,0,2.0000,-1,17,0,11,0,28,0,0,0,0
102.8823,1,0,4,0,0,0,0,-1,0,2.0000,-1,17,0,11,0,28,0,0,0,0
102.9025,1,0,4,0,0,0,0,-1,0,2.0000,-1,17,0,11,0,28,0,0,0,0
102.9233,1,0,4,0,0,0,0,-1,0,2.0000,-1,17,0,11,0,28,0,0,0,0
102.9439,1,0,4,0,0,0,0,-1,0,2.0000,-1,17,0,11,0,28,0,0,0,0
102.9645,1,0,4,0,0,0,0,-1,0,2.0000,-1,17,0,11,0,28,0,0,0,0
102.9853,1,0,4,0,0,0,0,-1,0,2.0000,-1,17,0,11,0,28,0,0,0,0
103.0229,1,0,4,0,0,0,0,-1,0,1.0000,-1,17,0,11,0,28,0,0,0,0
103.0338,1,0,4,0,0,0,0,-1,0,1.0000,-1,17,0,11,0,28,0,0,0,0
103.0487,1,0,4,0,0,0,0,-1,0,1.0000,-1,17,0,11,0,28,0,0,0,0
103.0697,1,0,4,0,0,0,0,-1,0,1.0000,-1,17,0,11,0,28,0,0,0,0
103.0899,1,0,4,0,0,0,0,-1,0,1.0000,-1,17,0,11,0,28,0,0,0,0
103.111,1,0,4,0,0,0,0,-1,0,1.0000,-1,17,0,11,0,28,0,0,0,0
103.1317,1,0,4,0,0,0,0,-1,0,1.0000,-1,17,0,11,0,28,0,0,0,0
103.1523,1,0,4,0,0,0,0,-1,0,1.0000,-1,17,0,11,0,28,0,0,0,0
103.1725,1,0,4,0,0,0,0,-1,0,1.0000,-1,17,0,11,0,28,0,0,0,0
103.1928,1,0,4,0,0,0,0,-1,0,1.0000,-1,17,0,11,0,28,0,0,0,0
103.2133,1,0,4,0,0,0,0,-1,0,1.0000,-1,17,0,11,0,28,0,0,0,0
103.2341,1,0,4,0,0,0,0,-1,0,1.0000,-1,17,0,11,0,28,0,0,0,0
103.2555,1,0,4,0,0,0,0,-1,0,1.0000,-1,17,0,11,0,28,0,0,0,0
103.2761,1,0,4,0,0,0,0,-1,0,1.0000,-1,17,0,11,0,28,0,0,0,0
103.2968,1,0,4,0,0,0,0,-1,0,1.0000,-1,17,0,11,0,28,0,0,0,0
103.3177,1,0,4,0,0,0,0,-1,0,1.0000,-1,17,0,11,0,28,0,0,0,0
103.338,1,0,4,0,0,0,0,-1,0,1.0000,-1,17,0,11,0,28,0,0,0,0
103.3587,1,0,4,0,0,0,0,-1,0,1.0000,-1,17,0,11,0,28,0,0,0,0
103.3795,1,0,4,0,0,0,0,-1,1,2.0000,-1,17,0,11,0,28,0,0,0,0
103.4004,1,0,4,0,0,0,0,-1,0,2.0000,-1,17,0,11,0,28,0,0,0,0
103.4386,1,0,4,0,0,0,1,108,0,2.0000,-1,17,0,11,0,28,0,0,0,0
103.4489,1,0,4,0,0,0,1,108,0,2.0000,-1,17,0,11,0,28,0,0,0,0
103.4649,1,0,4,0,0,0,1,108,0,2.0000,-1,17,0,11,0,28,0,0,0,0
103.4861,1,0,4,0,0,0,1,108,0,2.0000,-1,17,0,11,0,28,0,0,0,0
103.5067,1,0,4,0,0,0,1,108,0,2.0000,-1,17,0,11,0,28,0,0,0,0
103.5267,1,0,4,0,0,0,1,108,0,2.0000,-1,17,0,11,0,28,0,0,0,0
103.5477,1,0,4,0,0,0,1,108,0,2.0000,-1,17,0,11,0,28,0,0,0,0
103.5686,1,0,4,0,0,0,1,108,0,2.0000,-1,17,0,11,0,28,0,0,0,0
103.5893,1,0,4,0,0,0,1,108,0,2.0000,-1,17,0,11,0,28,0,0,0,0
103.6105,1,0,4,0,0,0,1,108,0,2.0000,-1,17,0,11,0,28,0,0,0,0
103.6313,1,0,4,0,0,0,1,108,0,2.0000,-1,17,0,11,0,28,0,0,0,0
103.6521,1,0,4,0,0,0,1,108,0,2.0000,-1,17,0,11,0,28,0,0,0,0
103.6722,1,0,4,0,0,0,1,108,0,1.0000,-1,17,0,11,0,28,0,0,0,0
103.6926,1,0,4,0,0,0,1,108,0,1.0000,-1,17,0,11,0,28,0,0,0,0
103.7132,1,0,4,0,0,0,1,108,0,1.0000,-1,17,0,11,0,28,0,0,0,0
103.735,1,0,4,0,0,0,1,108,0,1.0000,-1,17,0,11,0,28,0,0,0,0
103.755,1,0,4,0,0,0,1,108,0,1.0000,-1,17,0,11,0,28,0,0,0,0
103.7753,1,0,4,0,0,0,1,108,0,1.0000,-1,17,0,11,0,28,0,0,0,0
103.7957,1,0,4,0,0,0,0,-1,0,1.0000,108,18,0,11,0,29,0,0,0,0
103.8165,1,0,4,0,0,0,0,-1,0,1.0000,-1,18,0,11,0,29,0,0,0,0
103.8544,1,0,4,0,0,0,0,-1,0,1.0000,-1,18,0,11,0,29,0,0,0,0
103.8654,1,0,4,0,0,0,0,-1,0,1.0000,-1,18,0,11,0,29,0,0,0,0
103.8791,1,0,4,0,0,0,0,-1,0,1.0000,-1,18,0,11,0,29,0,0,0,0
103.8998,1,0,4,0,0,0,0,-1,0,1.0000,-1,18,0,11,0,29,0,0,0,0
103.9206,1,0,4,0,0,0,0,-1,0,1.0000,-1,18,0,11,0,29,0,0,0,0
103.9425,1,0,4,0,0,0,0,-1,0,1.0000,-1,18,0,11,0,29,0,0,0,0
103.9628,1,0,4,0,0,0,0,-1,0,1.0000,-1,18,0,11,0,29,0,0,0,0
103.983,1,0,4,0,0,0,0,-1,0,1.0000,-1,18,0,11,0,29,0,0,0,0
104.0032,1,0,4,0,0,0,0,-1,0,1.0000,-1,18,0,11,0,29,0,0,0,0
104.0241,1,0,4,0,0,0,0,-1,0,1.0000,-1,18,0,11,0,29,0,0,0,0
104.0454,1,0,4,0,0,0,0,-1,0,1.0000,-1,18,0,11,0,29,0,0,0,0
104.0658,1,0,4,0,0,0,0,-1,0,1.0000,-1,18,0,11,0,29,0,0,0,0
104.0856,1,0,4,0,0,0,0,-1,0,1.0000,-1,18,0,11,0,29,0,0,0,0
104.1063,1,0,4,0,0,0,0,-1,0,1.0000,-1,18,0,11,0,29,0,0,0,0
104.1262,1,0,4,0,0,0,0,-1,0,1.0000,-1,18,0,11,0,29,0,0,0,0
104.1467,1,0,4,0,0,0,0,-1,0,1.0000,-1,18,0,11,0,29,0,0,0,0
104.1671,1,0,4,0,0,0,0,-1,0,1.0000,-1,18,0,11,0,29,0,0,0,0
104.1879,1,0,4,0,0,0,0,-1,0,1.0000,-1,18,0,11,0,29,0,0,0,0
104.2082,1,0,4,0,0,0,0,-1,0,1.0000,-1,18,0,11,0,29,0,0,0,0
104.2285,1,0,4,0,0,0,0,-1,0,1.0000,-1,18,0,11,0,29,0,0,0,0
104.249,1,0,4,0,0,0,0,-1,0,1.0000,-1,18,0,11,0,29,0,0,0,0
104.2688,1,0,4,0,0,0,0,-1,0,1.0000,-1,18,0,11,0,29,0,0,0,0
104.2897,1,0,4,0,0,0,0,-1,0,1.0000,-1,18,0,11,0,29,0,0,0,0
104.3101,1,0,4,0,0,0,0,-1,0,1.0000,-1,18,0,11,0,29,0,0,0,0
104.3303,1,0,4,0,0,0,0,-1,0,1.0000,-1,18,0,11,0,29,0,0,0,0
104.3504,1,0,4,0,0,0,0,-1,0,1.0000,-1,18,0,11,0,29,0,0,0,0
104.3702,1,0,4,0,0,0,1,111,0,1.0000,-1,18,0,11,0,29,0,0,0,0
104.3892,1,0,4,0,0,0,1,111,0,0.0000,-1,18,0,11,0,29,0,0,0,0
104.4094,1,0,4,0,0,0,1,111,0,0.0000,-1,18,0,11,0,29,0,0,0,0
104.4285,1,0,4,0,0,0,1,111,0,0.0000,-1,18,0,11,0,29,0,0,0,0
104.4488,1,0,4,0,0,0,1,111,1,1.0000,-1,18,0,11,0,29,0,0,0,0
104.4686,1,0,4,0,0,0,0,-1,0,1.0000,-1,18,0,11,0,29,0,0,0,0
104.4882,1,0,4,0,0,0,0,-1,0,1.0000,-1,18,0,11,0,29,0,0,0,0
104.5075,1,0,4,0,0,0,0,-1,0,1.0000,-1,18,0,11,0,29,0,0,0,0
104.5274,1,0,4,0,0,0,0,-1,0,1.0000,-1,18,0,11,0,29,0,0,0,0
104.547,1,0,4,0,0,0,0,-1,0,1.0000,-1,18,0,11,0,29,0,0,0,0
104.5673,1,0,4,0,0,0,0,-1,0,1.0000,-1,18,0,11,0,29,0,0,0,0
104.587,1,0,4,0,0,0,0,-1,0,1.0000,-1,18,0,11,0,29,0,0,0,0
104.6069,1,0,4,0,0,0,0,-1,0,1.0000,-1,18,0,11,0,29,0,0,0,0
104.626,1,0,4,0,0,0,0,-1,0,1.0000,-1,18,0,11,0,29,0,0,0,0
104.6451,1,0,4,0,0,0,0,-1,0,1.0000,-1,18,0,11,0,29,0,0,0,0
104.6817,1,0,4,0,0,0,0,-1,0,1.0000,-1,18,0,11,0,29,0,0,0,0
104.6925,1,0,4,0,0,0,0,-1,0,1.0000,-1,18,0,11,0,29,0,0,0,0
104.7071,1,0,4,0,0,0,0,-1,0,1.0000,-1,18,0,11,0,29,0,0,0,0
104.7263,1,0,4,0,0,0,0,-1,0,1.0000,-1,18,0,11,0,29,0,0,0,0
104.7465,1,0,4,0,0,0,0,-1,0,1.0000,-1,18,0,11,0,29,0,0,0,0
104.7662,1,0,4,0,0,0,0,-1,0,1.0000,-1,18,0,11,0,29,0,0,0,0
104.7854,1,0,4,0,0,0,0,-1,0,1.0000,-1,18,0,11,0,29,0,0,0,0
104.8053,1,0,4,0,0,0,0,-1,0,1.0000,-1,18,0,11,0,29,0,0,0,0
104.8248,1,0,4,0,0,0,0,-1,0,1.0000,-1,18,0,11,0,29,0,0,0,0
104.8445,1,0,4,0,0,0,0,-1,0,1.0000,-1,18,0,11,0,29,0,0,0,0
104.8637,1,0,4,0,0,0,0,-1,0,1.0000,-1,18,0,11,0,29,0,0,0,0
104.8826,1,0,4,0,0,0,0,-1,0,1.0000,-1,18,0,11,0,29,0,0,0,0
104.902,1,0,4,0,0,0,0,-1,0,1.0000,-1,18,0,11,0,29,0,0,0,0
104.9223,1,0,4,0,0,0,0,-1,0,1.0000,-1,18,0,11,0,29,0,0,0,0
104.9423,1,0,4,0,0,0,0,-1,0,1.0000,-1,18,0,11,0,29,0,0,0,0
104.9615,1,0,4,0,0,0,0,-1,0,1.0000,-1,18,0,11,0,29,0,0,0,0
104.9811,1,0,4,0,0,0,0,-1,0,1.0000,-1,18,0,11,0,29,0,0,0,0
105.0003,1,0,4,0,0,0,0,-1,0,1.0000,-1,18,0,11,0,29,0,0,0,0
105.0207,1,0,4,0,0,0,0,-1,0,1.0000,-1,18,0,11,0,29,0,0,0,0
105.0406,1,0,4,0,0,0,0,-1,0,1.0000,-1,18,0,11,0,29,0,0,0,0
105.0598,1,0,4,0,0,0,0,-1,0,1.0000,-1,18,0,11,0,29,0,0,0,0
105.0786,1,0,4,0,0,0,0,-1,0,1.0000,-1,18,0,11,0,29,0,0,0,0
105.1152,1,0,4,0,0,0,0,-1,0,1.0000,-1,18,0,11,0,29,0,0,0,0
105.1252,1,0,4,0,0,0,1,110,0,1.0000,-1,18,0,11,0,29,0,0,0,0
105.14,1,0,4,0,0,0,1,110,0,1.0000,-1,18,0,11,0,29,0,0,0,0
105.1598,1,0,4,0,0,0,1,110,0,1.0000,-1,18,0,11,0,29,0,0,0,0
105.1787,1,0,4,0,0,0,1,110,0,1.0000,-1,18,0,11,0,29,0,0,0,0
105.1995,1,0,4,0,0,0,1,110,0,1.0000,-1,18,0,11,0,29,0,0,0,0
105.2186,1,0,4,0,0,0,1,110,0,1.0000,-1,18,0,11,0,29,0,0,0,0
105.238,1,0,4,0,0,0,1,110,0,1.0000,-1,18,0,11,0,29,0,0,0,0
105.2574,1,0,4,0,0,0,1,110,0,1.0000,-1,18,0,11,0,29,0,0,0,0
105.2779,1,0,4,0,0,0,1,110,0,1.0000,-1,18,0,11,0,29,0,0,0,0
105.2974,1,0,4,0,0,0,1,110,0,1.0000,-1,18,0,11,0,29,0,0,0,0
105.3341,1,0,4,0,0,0,1,110,0,1.0000,-1,18,0,11,0,29,0,0,0,0
105.3446,3,1,5,1,0,0,0,-1,1,2.0000,110,18,0,12,0,30,0,0,0,0
105.3593,3,0,5,1,0,0,0,-1,0,2.0000,-1,18,0,12,0,30,0,0,0,0
105.3791,3,0,5,1,0,0,0,-1,0,2.0000,-1,18,0,12,0,30,0,0,0,0
105.3994,3,0,5,1,0,0,0,-1,0,2.0000,-1,18,0,12,0,30,0,0,0,0
105.4191,3,0,5,1,0,0,0,-1,0,2.0000,-1,18,0,12,0,30,0,0,0,0
105.4389,3,0,5,1,0,0,0,-1,0,2.0000,-1,18,0,12,0,30,0,0,0,0
105.4583,3,0,5,1,0,0,0,-1,0,1.0000,-1,18,0,12,0,30,0,0,0,0
105.4786,3,0,5,1,0,0,0,-1,0,1.0000,-1,18,0,12,0,30,0,0,0,0
105.4984,3,0,5,1,0,0,0,-1,0,1.0000,-1,18,0,12,0,30,0,0,0,0
105.5347,3,0,5,1,0,0,0,-1,0,1.0000,-1,18,0,12,0,30,0,0,0,0
105.5445,3,0,5,1,0,0,0,-1,0,1.0000,-1,18,0,12,0,30,0,0,0,0
105.5595,3,0,5,1,0,0,0,-1,0,1.0000,-1,18,0,12,0,30,0,0,0,0
105.5781,3,0,5,1,0,0,0,-1,0,1.0000,-1,18,0,12,0,30,0,0,0,0
105.5983,3,0,5,1,0,0,0,-1,0,1.0000,-1,18,0,12,0,30,0,0,0,0
105.619,3,0,5,1,0,0,0,-1,0,1.0000,-1,18,0,12,0,30,0,0,0,0
105.638,3,0,5,1,0,0,0,-1,0,1.0000,-1,18,0,12,0,30,0,0,0,0
105.6576,3,0,5,1,0,0,0,-1,0,1.0000,-1,18,0,12,0,30,0,0,0,0
105.6771,3,0,5,1,0,0,0,-1,0,1.0000,-1,18,0,12,0,30,0,0,0,0
105.697,3,0,5,1,0,0,0,-1,0,1.0000,-1,18,0,12,0,30,0,0,0,0
105.7171,3,0,5,1,0,0,0,-1,0,1.0000,-1,18,0,12,0,30,0,0,0,0
105.7355,3,0,5,1,0,0,0,-1,0,1.0000,-1,18,0,12,0,30,0,0,0,0
105.7558,3,0,5,1,0,0,0,-1,0,1.0000,-1,18,0,12,0,30,0,0,0,0
105.775,3,0,5,1,0,0,0,-1,0,1.0000,-1,18,0,12,0,30,0,0,0,0
105.7952,3,0,5,1,0,0,0,-1,0,1.0000,-1,18,0,12,0,30,0,0,0,0
105.8143,3,0,5,1,0,0,0,-1,0,1.0000,-1,18,0,12,0,30,0,0,0,0
105.8338,3,0,5,1,0,0,0,-1,0,1.0000,-1,18,0,12,0,30,0,0,0,0
105.8526,3,0,5,1,0,0,0,-1,0,1.0000,-1,18,0,12,0,30,0,0,0,0
105.8728,3,0,5,1,0,0,0,-1,0,1.0000,-1,18,0,12,0,30,0,0,0,0
105.8921,3,0,5,1,0,0,0,-1,0,1.0000,-1,18,0,12,0,30,0,0,0,0
105.9116,3,0,5,1,0,0,0,-1,0,1.0000,-1,18,0,12,0,30,0,0,0,0
105.9302,3,0,5,1,0,0,0,-1,0,1.0000,-1,18,0,12,0,30,0,0,0,0
105.9661,3,0,5,1,0,0,0,-1,0,1.0000,-1,18,0,12,0,30,0,0,0,0
105.9767,3,0,5,1,0,0,0,-1,0,1.0000,-1,18,0,12,0,30,0,0,0,0
105.9904,3,0,5,1,0,0,1,114,0,1.0000,-1,18,0,12,0,30,0,0,0,0
106.0102,3,0,5,1,0,0,1,114,0,1.0000,-1,18,0,12,0,30,0,0,0,0
106.0295,3,0,5,1,0,0,1,114,0,1.0000,-1,18,0,12,0,30,0,0,0,0
106.0482,3,0,5,1,0,0,1,114,1,2.0000,-1,18,0,12,0,30,0,0,0,0
106.0685,3,0,5,1,0,0,1,114,0,2.0000,-1,18,0,12,0,30,0,0,0,0
106.0866,3,0,5,1,0,0,1,114,0,2.0000,-1,18,0,12,0,30,0,0,0,0
106.107,3,0,5,1,0,0,1,114,0,2.0000,-1,18,0,12,0,30,0,0,0,0
106.1258,3,0,5,1,0,0,1,114,0,2.0000,-1,18,0,12,0,30,0,0,0,0
106.1456,3,0,5,1,0,0,1,114,0,2.0000,-1,18,0,12,0,30,0,0,0,0
106.1812,3,0,5,1,0,0,0,-1,0,2.0000,114,18,0,13,0,31,0,0,0,0
106.1929,3,0,5,1,0,0,0,-1,0,2.0000,-1,18,0,13,0,31,0,0,0,0
106.2058,3,0,5,1,0,0,0,-1,0,2.0000,-1,18,0,13,0,31,0,0,0,0
106.2265,3,0,5,1,0,0,0,-1,0,2.0000,-1,18,0,13,0,31,0,0,0,0
106.2453,3,0,5,1,0,0,0,-1,0,2.0000,-1,18,0,13,0,31,0,0,0,0
106.265,3,0,5,1,0,0,1,112,0,2.0000,-1,18,0,13,0,31,0,0,0,0
106.2858,3,0,5,1,0,0,1,112,0,2.0000,-1,18,0,13,0,31,0,0,0,0
106.307,3,0,5,1,0,0,1,112,0,2.0000,-1,18,0,13,0,31,0,0,0,0
106.328,3,0,5,1,0,0,1,112,0,2.0000,-1,18,0,13,0,31,0,0,0,0
106.3485,3,0,5,1,0,0,1,112,0,1.0000,-1,18,0,13,0,31,0,0,0,0
106.3872,3,0,5,1,0,0,1,112,0,1.0000,-1,18,0,13,0,31,0,0,0,0
106.3986,3,0,5,1,0,0,1,112,0,1.0000,-1,18,0,13,0,31,0,0,0,0
106.4109,3,0,5,1,0,0,1,112,0,1.0000,-1,18,0,13,0,31,0,0,0,0
106.4315,3,0,5,1,0,0,1,112,0,1.0000,-1,18,0,13,0,31,0,0,0,0
106.4529,3,0,5,1,0,0,1,112,0,1.0000,-1,18,0,13,0,31,0,0,0,0
106.4737,3,0,5,1,0,0,0,-1,0,1.0000,112,18,0,14,0,32,0,0,0,0
106.4942,3,0,5,1,0,0,0,-1,0,1.0000,-1,18,0,14,0,32,0,0,0,0
106.5142,3,0,5,1,0,0,0,-1,0,1.0000,-1,18,0,14,0,32,0,0,0,0
106.5346,3,0,5,1,0,0,0,-1,0,1.0000,-1,18,0,14,0,32,0,0,0,0
106.5551,3,0,5,1,0,0,0,-1,0,1.0000,-1,18,0,14,0,32,0,0,0,0
106.5949,3,0,5,1,0,0,0,-1,0,1.0000,-1,18,0,14,0,32,0,0,0,0
106.6054,3,0,5,1,0,0,0,-1,0,1.0000,-1,18,0,14,0,32,0,0,0,0
106.6213,3,0,5,1,0,0,0,-1,0,1.0000,-1,18,0,14,0,32,0,0,0,0
106.643,3,0,5,1,0,0,0,-1,0,1.0000,-1,18,0,14,0,32,0,0,0,0
106.6658,3,0,5,1,0,0,0,-1,0,1.0000,-1,18,0,14,0,32,0,0,0,0
106.688,3,0,5,1,0,0,0,-1,0,1.0000,-1,18,0,14,0,32,0,0,0,0
106.7113,3,0,5,1,0,0,0,-1,0,1.0000,-1,18,0,14,0,32,0,0,0,0
106.7346,3,0,5,1,0,0,0,-1,0,1.0000,-1,18,0,14,0,32,0,0,0,0
106.7588,3,0,5,1,0,0,0,-1,0,1.0000,-1,18,0,14,0,32,0,0,0,0
106.7824,3,0,5,1,0,0,0,-1,0,1.0000,-1,18,0,14,0,32,0,0,0,0
106.8069,3,0,5,1,0,0,0,-1,0,1.0000,-1,18,0,14,0,32,0,0,0,0
106.8307,3,0,5,1,0,0,0,-1,0,1.0000,-1,18,0,14,0,32,0,0,0,0
106.8548,3,0,5,1,0,0,0,-1,0,1.0000,-1,18,0,14,0,32,0,0,0,0
106.878,3,0,5,0,0,0,0,-1,0,1.0000,-1,18,0,14,0,32,0,0,0,0
106.9012,3,0,5,0,0,0,0,-1,0,1.0000,-1,18,0,14,0,32,0,0,0,0
106.9245,3,0,5,0,0,0,0,-1,0,1.0000,-1,18,0,14,0,32,0,0,0,0
106.9475,3,0,5,0,0,0,0,-1,0,1.0000,-1,18,0,14,0,32,0,0,0,0
106.971,3,0,5,0,0,0,0,-1,1,2.0000,-1,18,0,14,0,32,0,0,0,0
107.0146,3,0,5,0,0,0,0,-1,0,2.0000,-1,18,0,14,0,32,0,0,0,0
107.0276,3,0,5,0,0,0,0,-1,0,2.0000,-1,18,0,14,0,32,0,0,0,0
107.0442,3,0,5,0,0,0,0,-1,0,2.0000,-1,18,0,14,0,32,0,0,0,0
107.0669,3,0,5,0,0,0,0,-1,0,1.0000,-1,18,0,14,0,32,0,0,0,0
107.0897,3,0,5,0,0,0,0,-1,0,1.0000,-1,18,0,14,0,32,0,0,0,0
107.1135,3,0,5,0,0,0,0,-1,0,1.0000,-1,18,0,14,0,32,0,0,0,0
107.136,3,0,5,0,0,0,0,-1,0,1.0000,-1,18,0,14,0,32,0,0,0,0
107.1584,3,0,5,0,0,0,0,-1,0,1.0000,-1,18,0,14,0,32,0,0,0,0
107.1813,3,0,5,0,0,0,0,-1,0,1.0000,-1,18,0,14,0,32,0,0,0,0
107.2239,3,0,5,0,0,0,0,-1,0,1.0000,-1,18,0,14,0,32,0,0,0,0
107.235,3,0,5,0,0,0,0,-1,0,1.0000,-1,18,0,14,0,32,0,0,0,0
107.2525,3,0,5,0,0,0,0,-1,0,1.0000,-1,18,0,14,0,32,0,0,0,0
107.276,3,0,5,0,0,0,0,-1,0,1.0000,-1,18,0,14,0,32,0,0,0,0
107.2991,3,0,5,0,0,0,0,-1,0,1.0000,-1,18,0,14,0,32,0,0,0,0
107.3215,3,0,5,0,0,0,0,-1,0,1.0000,-1,18,0,14,0,32,0,0,0,0
107.3445,3,0,5,0,0,0,0,-1,0,1.0000,-1,18,0,14,0,32,0,0,0,0
107.3666,3,0,5,0,0,0,0,-1,0,1.0000,-1,18,0,14,0,32,0,0,0,0
107.3891,3,0,5,0,0,0,0,-1,0,1.0000,-1,18,0,14,0,32,0,0,0,0
107.4304,3,0,5,0,0,0,0,-1,0,1.0000,-1,18,0,14,0,32,0,0,0,0
107.4417,3,0,5,0,0,0,0,-1,0,1.0000,-1,18,0,14,0,32,0,0,0,0
107.4581,3,0,5,0,0,0,0,-1,0,1.0000,-1,18,0,14,0,32,0,0,0,0
107.481,3,0,5,0,0,0,0,-1,0,1.0000,-1,18,0,14,0,32,0,0,0,0
107.5033,3,0,5,0,0,0,0,-1,0,1.0000,-1,18,0,14,0,32,0,0,0,0
107.5253,3,0,5,0,0,0,0,-1,0,1.0000,-1,18,0,14,0,32,0,0,0,0
107.5485,3,0,5,0,0,0,0,-1,0,1.0000,-1,18,0,14,0,32,0,0,0,0
107.5699,3,0,5,0,0,0,0,-1,0,1.0000,-1,18,0,14,0,32,0,0,0,0
107.5913,3,0,5,0,0,0,0,-1,0,1.0000,-1,18,0,14,0,32,0,0,0,0
107.6327,3,0,5,0,0,0,0,-1,0,1.0000,-1,18,0,14,0,32,0,0,0,0
107.6431,3,0,5,0,0,0,0,-1,0,1.0000,-1,18,0,14,0,32,0,0,0,0
107.6584,3,0,5,0,0,0,0,-1,0,1.0000,-1,18,0,14,0,32,0,0,0,0
107.6804,3,0,5,0,0,0,0,-1,0,1.0000,-1,18,0,14,0,32,0,0,0,0
107.7024,3,0,5,0,0,0,0,-1,0,1.0000,-1,18,0,14,0,32,0,0,0,0
107.7245,3,0,5,0,0,0,0,-1,1,2.0000,-1,18,0,14,0,32,0,0,0,0
107.7468,3,0,5,0,0,0,0,-1,0,2.0000,-1,18,0,14,0,32,0,0,0,0
107.7689,3,0,5,0,0,0,0,-1,0,2.0000,-1,18,0,14,0,32,0,0,0,0
107.7908,3,0,5,0,0,0,1,116,0,2.0000,-1,18,0,14,0,32,0,0,0,0
107.8134,3,0,5,0,0,0,1,116,0,2.0000,-1,18,0,14,0,32,0,0,0,0
107.8556,3,0,5,0,0,0,1,116,0,2.0000,-1,18,0,14,0,32,0,0,0,0
107.8666,3,0,5,0,0,0,1,116,0,2.0000,-1,18,0,14,0,32,0,0,0,0
107.8825,3,0,5,0,0,0,1,116,0,2.0000,-1,18,0,14,0,32,0,0,0,0
107.9046,3,0,5,0,0,0,1,116,0,2.0000,-1,18,0,14,0,32,0,0,0,0
107.9267,3,0,5,0,0,0,1,116,0,2.0000,-1,18,0,14,0,32,0,0,0,0
107.9492,3,0,5,0,0,0,1,116,0,2.0000,-1,18,0,14,0,32,0,0,0,0
107.9716,3,0,5,0,0,0,1,116,0,1.0000,-1,18,0,14,0,32,0,0,0,0
107.9944,3,0,5,1,0,0,1,117,0,1.0000,-1,18,0,14,0,32,0,0,0,0
108.0177,3,0,5,1,0,0,1,117,0,1.0000,-1,18,0,14,0,32,0,0,0,0
108.0596,3,0,5,1,0,0,1,117,0,1.0000,-1,18,0,14,0,32,0,0,0,0
108.0711,3,0,5,1,0,0,1,117,0,1.0000,-1,18,0,14,0,32,0,0,0,0
108.0888,3,0,5,1,0,0,1,117,0,1.0000,-1,18,0,14,0,32,0,0,0,0
108.112,3,0,5,1,0,0,1,117,1,2.0000,-1,18,0,14,0,32,0,0,0,0
108.1351,3,0,5,1,0,0,0,-1,0,2.0000,117,18,0,15,0,33,0,0,0,0
108.1586,3,0,5,1,0,0,0,-1,0,2.0000,-1,18,0,15,0,33,0,0,0,0
108.1823,3,0,5,1,0,0,0,-1,0,2.0000,-1,18,0,15,0,33,0,0,0,0
108.2059,3,0,5,1,0,0,0,-1,0,2.0000,-1,18,0,15,0,33,0,0,0,0
108.2294,3,0,5,1,0,0,0,-1,0,2.0000,-1,18,0,15,0,33,0,0,0,0
108.2735,3,0,5,1,0,0,0,-1,0,2.0000,-1,18,0,15,0,33,0,0,0,0
108.2877,3,0,5,1,0,0,0,-1,0,2.0000,-1,18,0,15,0,33,0,0,0,0
108.3026,3,0,5,1,0,0,0,-1,0,2.0000,-1,18,0,15,0,33,0,0,0,0
108.326,3,0,5,1,0,0,0,-1,0,2.0000,-1,18,0,15,0,33,0,0,0,0
108.3497,3,0,5,1,0,0,0,-1,0,2.0000,-1,18,0,15,0,33,0,0,0,0
108.3731,3,0,5,1,0,0,0,-1,0,2.0000,-1,18,0,15,0,33,0,0,0,0
108.3969,3,0,5,1,0,0,0,-1,0,2.0000,-1,18,0,15,0,33,0,0,0,0
108.4202,3,0,5,1,0,0,0,-1,0,2.0000,-1,18,0,15,0,33,0,0,0,0
108.4439,3,0,5,1,0,0,0,-1,0,2.0000,-1,18,0,15,0,33,0,0,0,0
108.4877,3,0,5,1,0,0,0,-1,0,2.0000,-1,18,0,15,0,33,0,0,0,0
108.498,3,0,5,1,0,0,0,-1,0,2.0000,-1,18,0,15,0,33,0,0,0,0
108.5165,3,0,5,1,0,0,0,-1,0,2.0000,-1,18,0,15,0,33,0,0,0,0
108.5389,3,0,5,1,0,0,0,-1,0,2.0000,-1,18,0,15,0,33,0,0,0,0
108.5605,3,0,5,1,0,0,0,-1,0,2.0000,-1,18,0,15,0,33,0,0,0,0
108.5827,3,0,5,1,0,0,0,-1,1,3.0000,-1,18,0,15,0,33,0,0,0,0
108.6034,3,0,5,1,0,0,1,118,0,3.0000,-1,18,0,15,0,33,0,0,0,0
108.6239,3,0,5,1,0,0,1,118,0,3.0000,-1,18,0,15,0,33,0,0,0,0
108.6436,3,0,5,0,0,0,1,118,0,3.0000,-1,18,0,15,0,33,0,0,0,0
108.6652,3,0,5,0,0,0,1,118,0,3.0000,-1,18,0,15,0,33,0,0,0,0
108.7057,3,0,5,0,0,0,1,118,0,3.0000,-1,18,0,15,0,33,0,0,0,0
108.7162,3,0,5,0,0,0,1,118,0,3.0000,-1,18,0,15,0,33,0,0,0,0
108.7316,3,0,5,0,1,0,1,118,0,2.0000,-1,18,0,15,0,33,0,0,0,0
108.7523,3,0,5,0,1,0,1,118,0,2.0000,-1,18,0,15,0,33,0,0,0,0
108.7723,3,0,5,0,1,0,1,118,0,2.0000,-1,18,0,15,0,33,0,0,0,0
108.7923,3,0,5,0,1,0,1,118,0,2.0000,-1,18,0,15,0,33,0,0,0,0
108.8131,3,0,5,0,1,0,1,118,0,2.0000,-1,18,0,15,0,33,0,0,0,0
108.8328,3,0,5,0,1,0,1,118,0,2.0000,-1,18,0,15,0,33,0,0,0,0
108.8523,3,0,5,0,1,0,1,118,0,2.0000,-1,18,0,15,0,33,0,0,0,0
108.8733,3,0,5,0,1,0,1,118,0,2.0000,-1,18,0,15,0,33,0,0,0,0
108.9108,3,0,5,0,1,0,1,118,1,3.0000,-1,18,0,15,0,33,0,0,0,0
108.921,3,0,5,0,1,0,1,118,0,3.0000,-1,18,0,15,0,33,0,0,0,0
108.9375,3,0,5,0,1,0,1,118,0,3.0000,-1,18,0,15,0,33,0,0,0,0
108.9578,3,0,5,0,1,0,1,118,0,3.0000,-1,18,0,15,0,33,0,0,0,0
108.9779,3,0,5,0,1,0,1,118,0,3.0000,-1,18,0,15,0,33,0,0,0,0
108.9971,3,0,5,0,1,0,1,118,0,3.0000,-1,18,0,15,0,33,0,0,0,0
109.0185,3,0,5,0,1,0,1,118,0,3.0000,-1,18,0,15,0,33,0,0,0,0
109.0379,3,0,5,0,1,0,1,118,0,3.0000,-1,18,0,15,0,33,0,0,0,0
109.0577,3,0,5,0,1,0,1,118,0,3.0000,-1,18,0,15,0,33,0,0,0,0
109.0775,3,0,5,0,1,0,1,118,0,3.0000,-1,18,0,15,0,33,0,0,0,0
109.1138,3,0,5,0,1,0,1,118,0,2.0000,-1,18,0,15,0,33,0,0,0,0
109.1233,3,0,5,0,1,0,0,-1,0,2.0000,118,18,0,16,0,34,0,0,0,0
109.1381,3,0,5,0,1,0,0,-1,0,2.0000,-1,18,0,16,0,34,0,0,0,0
109.1581,3,0,5,0,1,0,0,-1,0,2.0000,-1,18,0,16,0,34,0,0,0,0
109.1787,3,0,5,0,1,0,0,-1,0,2.0000,-1,18,0,16,0,34,0,0,0,0
109.1981,3,0,5,0,1,0,0,-1,0,2.0000,-1,18,0,16,0,34,0,0,0,0
109.2182,3,0,5,1,1,0,0,-1,0,2.0000,-1,18,0,16,0,34,0,0,0,0
109.2379,3,0,5,1,1,0,0,-1,0,2.0000,-1,18,0,16,0,34,0,0,0,0
109.2574,3,0,5,1,1,0,0,-1,0,2.0000,-1,18,0,16,0,34,0,0,0,0
109.2774,3,0,5,1,1,0,0,-1,0,2.0000,-1,18,0,16,0,34,0,0,0,0
109.2967,3,0,5,1,1,0,0,-1,0,2.0000,-1,18,0,16,0,34,0,0,0,0
109.3333,3,0,5,1,1,0,0,-1,0,2.0000,-1,18,0,16,0,34,0,0,0,0
109.346,3,0,5,1,1,0,0,-1,0,2.0000,-1,18,0,16,0,34,0,0,0,0
109.3574,3,0,5,1,1,0,0,-1,0,2.0000,-1,18,0,16,0,34,0,0,0,0
109.3772,3,0,5,1,1,0,0,-1,0,2.0000,-1,18,0,16,0,34,0,0,0,0
109.3966,3,0,5,1,1,0,0,-1,0,2.0000,-1,18,0,16,0,34,0,0,0,0
109.4161,3,0,5,1,1,0,0,-1,0,2.0000,-1,18,0,16,0,34,0,0,0,0
109.4354,3,0,5,1,1,0,0,-1,0,2.0000,-1,18,0,16,0,34,0,0,0,0
109.4559,3,0,5,1,1,0,0,-1,0,2.0000,-1,18,0,16,0,34,0,0,0,0
109.4758,3,0,5,1,1,0,0,-1,0,2.0000,-1,18,0,16,0,34,0,0,0,0
109.4945,3,0,5,1,1,0,0,-1,0,2.0000,-1,18,0,16,0,34,0,0,0,0
109.5142,3,0,5,1,1,0,0,-1,0,2.0000,-1,18,0,16,0,34,0,0,0,0
109.5493,3,0,5,1,1,0,0,-1,0,2.0000,-1,18,0,16,0,34,0,0,0,0
109.5589,3,0,5,1,1,0,0,-1,0,2.0000,-1,18,0,16,0,34,0,0,0,0
109.5736,3,0,5,1,1,0,0,-1,0,2.0000,-1,18,0,16,0,34,0,0,0,0
109.5933,3,0,5,1,1,0,0,-1,0,1.0000,-1,18,0,16,0,34,0,0,0,0
109.6133,3,0,5,1,1,0,0,-1,0,1.0000,-1,18,0,16,0,34,0,0,0,0
109.6329,3,0,5,1,1,0,0,-1,0,1.0000,-1,18,0,16,0,34,0,0,0,0
109.6526,3,0,5,1,1,0,0,-1,0,1.0000,-1,18,0,16,0,34,0,0,0,0
109.6723,3,0,5,1,1,0,0,-1,0,1.0000,-1,18,0,16,0,34,0,0,0,0
109.6918,3,0,5,1,1,0,0,-1,0,1.0000,-1,18,0,16,0,34,0,0,0,0
109.7108,3,0,5,1,1,0,0,-1,0,1.0000,-1,18,0,16,0,34,0,0,0,0
109.7308,3,0,5,1,1,0,0,-1,0,1.0000,-1,18,0,16,0,34,0,0,0,0
109.7509,3,0,5,1,1,0,0,-1,1,2.0000,-1,18,0,16,0,34,0,0,0,0
109.7702,3,0,5,1,1,0,0,-1,0,2.0000,-1,18,0,16,0,34,0,0,0,0
109.7895,3,0,5,1,1,0,0,-1,0,2.0000,-1,18,0,16,0,34,0,0,0,0
109.8096,3,0,5,1,1,0,0,-1,0,2.0000,-1,18,0,16,0,34,0,0,0,0
109.8295,3,0,5,1,1,0,0,-1,0,2.0000,-1,18,0,16,0,34,0,0,0,0
109.8492,3,0,5,1,1,0,0,-1,0,2.0000,-1,18,0,16,0,34,0,0,0,0
109.8686,3,0,5,1,1,0,1,121,0,2.0000,-1,18,0,16,0,34,0,0,0,0
109.8891,3,0,5,1,1,0,1,121,0,2.0000,-1,18,0,16,0,34,0,0,0,0
109.9093,3,0,5,1,1,0,1,121,0,2.0000,-1,18,0,16,0,34,0,0,0,0
109.9287,3,0,5,1,1,0,1,121,0,1.0000,-1,18,0,16,0,34,0,0,0,0
109.9492,3,0,5,1,1,0,1,121,0,1.0000,-1,18,0,16,0,34,0,0,0,0
109.9687,3,0,5,1,1,0,1,121,0,1.0000,-1,18,0,16,0,34,0,0,0,0
109.99,3,0,5,1,1,0,1,121,0,1.0000,-1,18,0,16,0,34,0,0,0,0
110.0094,3,0,5,1,1,0,1,121,0,1.0000,-1,18,0,16,0,34,0,0,0,0
110.0293,3,0,5,1,1,0,1,121,0,1.0000,-1,18,0,16,0,34,0,0,0,0
110.0484,3,0,5,1,1,0,1,121,0,1.0000,-1,18,0,16,0,34,0,0,0,0
110.0682,3,0,5,1,1,0,1,121,0,1.0000,-1,18,0,16,0,34,0,0,0,0
110.0881,3,0,5,1,1,0,1,121,0,1.0000,-1,18,0,16,0,34,0,0,0,0
110.1076,3,0,5,1,1,0,1,121,0,1.0000,-1,18,0,16,0,34,0,0,0,0
110.127,3,0,5,1,1,0,1,121,0,1.0000,-1,18,0,16,0,34,0,0,0,0
110.1467,3,0,5,1,1,0,1,121,0,1.0000,-1,18,0,16,0,34,0,0,0,0
110.1668,3,0,5,1,1,0,1,121,0,1.0000,-1,18,0,16,0,34,0,0,0,0
110.2037,3,0,5,1,1,0,1,121,0,1.0000,-1,18,0,16,0,34,0,0,0,0
110.214,3,0,5,1,1,0,1,121,0,1.0000,-1,18,0,16,0,34,0,0,0,0
110.2291,3,0,5,1,1,0,1,121,0,1.0000,-1,18,0,16,0,34,0,0,0,0
110.2493,3,0,5,1,1,0,1,121,0,1.0000,-1,18,0,16,0,34,0,0,0,0
110.2694,3,0,5,1,1,0,1,121,1,2.0000,-1,18,0,16,0,34,0,0,0,0
110.2898,3,0,5,1,0,0,1,121,0,2.0000,-1,18,0,16,0,34,0,0,0,0
110.309,3,0,5,1,0,0,0,-1,0,2.0000,-1,18,0,16,0,34,0,0,0,0
110.3302,3,0,5,1,0,0,0,-1,0,2.0000,-1,18,0,16,0,34,0,0,0,0
110.3499,3,0,5,1,0,0,0,-1,0,2.0000,-1,18,0,16,0,34,0,0,0,0
110.3699,3,0,5,1,0,0,0,-1,0,2.0000,-1,18,0,16,0,34,0,0,0,0
110.4065,3,0,5,1,0,0,0,-1,0,2.0000,-1,18,0,16,0,34,0,0,0,0
110.4198,3,0,5,1,0,0,0,-1,0,2.0000,-1,18,0,16,0,34,0,0,0,0
110.432,3,0,5,1,0,0,0,-1,0,2.0000,-1,18,0,16,0,34,0,0,0,0
110.4531,3,0,5,1,0,0,0,-1,0,2.0000,-1,18,0,16,0,34,0,0,0,0
110.4733,3,0,5,1,0,0,0,-1,0,2.0000,-1,18,0,16,0,34,0,0,0,0
110.4933,3,0,5,1,0,0,0,-1,0,2.0000,-1,18,0,16,0,34,0,0,0,0
110.5135,3,0,5,1,0,0,0,-1,0,2.0000,-1,18,0,16,0,34,0,0,0,0
110.5327,3,0,5,1,0,0,0,-1,0,2.0000,-1,18,0,16,0,34,0,0,0,0
110.5538,3,0,5,1,0,0,0,-1,0,2.0000,-1,18,0,16,0,34,0,0,0,0
110.5741,3,0,5,1,0,0,0,-1,0,2.0000,-1,18,0,16,0,34,0,0,0,0
110.6115,3,0,5,1,0,0,0,-1,0,2.0000,-1,18,0,16,0,34,0,0,0,0
110.6215,3,0,5,1,0,0,0,-1,0,2.0000,-1,18,0,16,0,34,0,0,0,0
110.6372,3,0,5,1,0,0,0,-1,0,2.0000,-1,18,0,16,0,34,0,0,0,0
110.6571,3,0,5,1,0,0,0,-1,0,2.0000,-1,18,0,16,0,34,0,0,0,0
110.6769,3,0,5,1,0,0,0,-1,0,2.0000,-1,18,0,16,0,34,0,0,0,0
110.6983,3,0,5,1,0,0,0,-1,0,2.0000,-1,18,0,16,0,34,0,0,0,0
110.718,3,0,5,1,0,0,0,-1,0,2.0000,-1,18,0,16,0,34,0,0,0,0
110.7377,3,0,5,1,0,0,0,-1,0,2.0000,-1,18,0,16,0,34,0,0,0,0
110.7581,3,0,5,1,0,0,0,-1,0,1.0000,-1,18,0,16,0,34,0,0,0,0
110.7772,3,0,5,1,0,0,0,-1,0,1.0000,-1,18,0,16,0,34,0,0,0,0
110.8156,3,0,5,1,0,0,0,-1,0,1.0000,-1,18,0,16,0,34,0,0,0,0
110.8265,3,0,5,1,0,0,0,-1,1,2.0000,-1,18,0,16,0,34,0,0,0,0
110.8412,3,0,5,1,0,0,0,-1,0,2.0000,-1,18,0,16,0,34,0,0,0,0
110.8619,3,0,5,1,0,0,0,-1,0,2.0000,-1,18,0,16,0,34,0,0,0,0
110.8813,3,0,5,1,0,0,0,-1,0,2.0000,-1,18,0,16,0,34,0,0,0,0
110.9014,3,0,5,1,0,0,0,-1,0,2.0000,-1,18,0,16,0,34,0,0,0,0
110.9207,3,0,5,1,0,0,0,-1,0,2.0000,-1,18,0,16,0,34,0,0,0,0
110.9415,3,0,5,1,0,0,0,-1,0,2.0000,-1,18,0,16,0,34,0,0,0,0
110.962,3,0,5,1,0,0,0,-1,0,2.0000,-1,18,0,16,0,34,0,0,0,0
110.9821,3,0,5,1,0,0,0,-1,0,2.0000,-1,18,0,16,0,34,0,0,0,0
111.0187,3,0,5,1,0,0,0,-1,0,2.0000,-1,18,0,16,0,34,0,0,0,0
111.0289,3,0,5,1,0,0,0,-1,0,2.0000,-1,18,0,16,0,34,0,0,0,0
111.044,3,0,5,1,0,0,0,-1,0,2.0000,-1,18,0,16,0,34,0,0,0,0
111.065,3,0,5,1,1,0,0,-1,0,2.0000,-1,18,0,16,0,34,0,0,0,0
111.0844,3,0,5,1,1,0,0,-1,0,2.0000,-1,18,0,16,0,34,0,0,0,0
111.1039,3,0,5,1,1,0,0,-1,0,2.0000,-1,18,0,16,0,34,0,0,0,0
111.1237,3,0,5,1,1,0,0,-1,0,2.0000,-1,18,0,16,0,34,0,0,0,0
111.1428,3,0,5,1,1,0,0,-1,0,2.0000,-1,18,0,16,0,34,0,0,0,0
111.1631,3,0,5,1,1,0,0,-1,0,2.0000,-1,18,0,16,0,34,0,0,0,0
111.1827,3,0,5,1,1,0,0,-1,0,2.0000,-1,18,0,16,0,34,0,0,0,0
111.2039,3,0,5,1,1,0,0,-1,0,2.0000,-1,18,0,16,0,34,0,0,0,0
111.2237,3,0,5,1,1,0,0,-1,0,2.0000,-1,18,0,16,0,34,0,0,0,0
111.2433,3,0,5,1,1,0,0,-1,0,2.0000,-1,18,0,16,0,34,0,0,0,0
111.2638,3,0,5,1,1,0,0,-1,0,2.0000,-1,18,0,16,0,34,0,0,0,0
111.2832,3,0,5,1,1,0,0,-1,0,1.0000,-1,18,0,16,0,34,0,0,0,0
111.3031,3,0,5,1,1,0,0,-1,0,1.0000,-1,18,0,16,0,34,0,0,0,0
111.3234,3,0,5,1,1,0,0,-1,0,1.0000,-1,18,0,16,0,34,0,0,0,0
111.3427,3,0,5,1,1,0,0,-1,0,1.0000,-1,18,0,16,0,34,0,0,0,0
111.3636,3,0,5,1,1,0,0,-1,1,2.0000,-1,18,0,16,0,34,0,0,0,0
111.3832,3,0,5,1,1,0,0,-1,0,2.0000,-1,18,0,16,0,34,0,0,0,0
111.403,3,0,5,1,1,0,0,-1,0,2.0000,-1,18,0,16,0,34,0,0,0,0
111.4221,3,0,5,1,1,0,0,-1,0,2.0000,-1,18,0,16,0,34,0,0,0,0
111.4421,3,0,5,1,1,0,0,-1,0,2.0000,-1,18,0,16,0,34,0,0,0,0
111.4626,3,0,5,1,1,0,0,-1,0,2.0000,-1,18,0,16,0,34,0,0,0,0
111.4819,3,0,5,1,1,0,0,-1,0,2.0000,-1,18,0,16,0,34,0,0,0,0
111.5021,3,0,5,1,1,0,0,-1,0,2.0000,-1,18,0,16,0,34,0,0,0,0
111.5213,3,0,5,1,1,0,0,-1,0,2.0000,-1,18,0,16,0,34,0,0,0,0
111.5424,3,0,5,1,1,0,1,126,0,2.0000,-1,18,0,16,0,34,0,0,0,0
111.5623,3,0,5,1,1,0,1,126,0,2.0000,-1,18,0,16,0,34,0,0,0,0
111.5823,3,0,5,1,1,0,1,126,0,2.0000,-1,18,0,16,0,34,0,0,0,0
111.6019,3,0,5,1,1,0,1,126,0,2.0000,-1,18,0,16,0,34,0,0,0,0
111.6218,3,0,5,1,1,0,1,126,0,2.0000,-1,18,0,16,0,34,0,0,0,0
111.6425,3,0,5,1,1,0,1,126,0,2.0000,-1,18,0,16,0,34,0,0,0,0
111.6633,3,0,5,1,1,0,1,126,0,2.0000,-1,18,0,16,0,34,0,0,0,0
111.6832,3,0,5,1,1,0,1,126,0,2.0000,-1,18,0,16,0,34,0,0,0,0
111.7029,3,0,5,1,1,0,1,126,0,2.0000,-1,18,0,16,0,34,0,0,0,0
111.7233,3,0,5,1,1,0,1,126,0,2.0000,-1,18,0,16,0,34,0,0,0,0
111.7426,3,0,5,1,1,0,1,126,0,2.0000,-1,18,0,16,0,34,0,0,0,0
111.764,3,0,5,1,1,0,1,126,0,2.0000,-1,18,0,16,0,34,0,0,0,0
111.785,3,0,5,1,1,0,1,126,0,2.0000,-1,18,0,16,0,34,0,0,0,0
111.8038,3,0,5,1,1,0,1,126,0,2.0000,-1,18,0,16,0,34,0,0,0,0
111.8239,3,0,5,1,1,0,1,126,0,2.0000,-1,18,0,16,0,34,0,0,0,0
111.8438,3,0,5,1,1,0,1,126,0,1.0000,-1,18,0,16,0,34,0,0,0,0
111.8647,3,0,5,1,1,0,1,126,0,1.0000,-1,18,0,16,0,34,0,0,0,0
111.8846,3,0,5,0,1,0,1,126,0,1.0000,-1,18,0,16,0,34,0,0,0,0
111.9051,3,0,5,0,1,0,1,126,0,1.0000,-1,18,0,16,0,34,0,0,0,0
111.925,3,0,5,0,1,0,1,126,0,1.0000,-1,18,0,16,0,34,0,0,0,0
111.945,3,0,5,0,1,0,1,125,0,1.0000,-1,18,0,16,0,34,0,0,0,0
111.9652,3,0,5,0,1,0,1,125,1,2.0000,-1,18,0,16,0,34,0,0,0,0
111.9866,3,0,5,0,1,0,1,125,0,2.0000,-1,18,0,16,0,34,0,0,0,0
112.0068,3,0,5,0,1,0,1,125,0,2.0000,-1,18,0,16,0,34,0,0,0,0
112.0454,3,0,5,0,1,0,1,125,0,2.0000,-1,18,0,16,0,34,0,0,0,0
112.0556,3,0,5,0,1,0,1,125,0,2.0000,-1,18,0,16,0,34,0,0,0,0
112.0717,3,0,5,0,1,0,1,125,0,2.0000,126,18,0,17,0,35,0,0,0,0
112.094,3,0,5,0,1,0,1,125,0,2.0000,-1,18,0,17,0,35,0,0,0,0
112.1157,3,0,5,0,1,0,1,125,0,2.0000,-1,18,0,17,0,35,0,0,0,0
112.1346,3,0,5,0,1,0,1,125,0,2.0000,-1,18,0,17,0,35,0,0,0,0
112.156,3,0,5,0,1,0,1,125,0,2.0000,-1,18,0,17,0,35,0,0,0,0
112.177,3,0,5,0,1,0,1,125,0,2.0000,-1,18,0,17,0,35,0,0,0,0
112.1988,3,0,5,0,1,0,1,125,0,2.0000,-1,18,0,17,0,35,0,0,0,0
112.2207,3,0,5,0,1,0,1,125,0,2.0000,-1,18,0,17,0,35,0,0,0,0
112.2584,3,0,5,0,1,0,1,125,0,2.0000,-1,18,0,17,0,35,0,0,0,0
112.2695,3,0,5,0,1,0,1,125,0,2.0000,-1,18,0,17,0,35,0,0,0,0
112.2846,3,0,5,0,1,0,1,125,0,2.0000,-1,18,0,17,0,35,0,0,0,0
112.3058,3,0,5,0,1,0,1,125,0,2.0000,-1,18,0,17,0,35,0,0,0,0
112.327,3,0,5,0,1,0,1,125,0,2.0000,-1,18,0,17,0,35,0,0,0,0
112.3521,3,0,5,0,1,0,1,125,0,2.0000,-1,18,0,17,0,35,0,0,0,0
112.3722,3,0,5,0,1,0,1,125,0,1.0000,-1,18,0,17,0,35,0,0,0,0
112.3947,3,0,5,0,1,0,1,125,0,1.0000,-1,18,0,17,0,35,0,0,0,0
112.4151,3,0,5,0,1,0,1,125,0,1.0000,-1,18,0,17,0,35,0,0,0,0
112.4382,3,0,5,0,1,0,1,125,0,1.0000,-1,18,0,17,0,35,0,0,0,0
112.4791,3,0,5,0,1,0,1,125,0,1.0000,-1,18,0,17,0,35,0,0,0,0
112.4918,1,1,6,0,0,1,0,-1,0,1.0000,125,19,0,17,0,36,0,0,0,0
112.5079,1,0,6,0,0,0,0,-1,0,1.0000,-1,19,0,17,0,36,0,0,0,0
112.5253,1,0,6,0,0,0,0,-1,0,1.0000,-1,19,0,17,0,36,0,0,0,0
112.5466,1,0,6,0,0,0,0,-1,0,1.0000,-1,19,0,17,0,36,0,0,0,0
112.5677,1,0,6,0,0,0,0,-1,0,1.0000,-1,19,0,17,0,36,0,0,0,0
112.5898,1,0,6,0,0,0,0,-1,0,1.0000,-1,19,0,17,0,36,0,0,0,0
112.6107,1,0,6,0,0,0,0,-1,0,1.0000,-1,19,0,17,0,36,0,0,0,0
112.6323,1,0,6,0,0,0,0,-1,0,1.0000,-1,19,0,17,0,36,0,0,0,0
112.6528,1,0,6,0,0,0,0,-1,0,1.0000,-1,19,0,17,0,36,0,0,0,0
112.6921,1,0,6,0,0,0,1,128,0,1.0000,-1,19,0,17,0,36,0,0,0,0
112.7042,1,0,6,0,0,0,1,128,0,1.0000,-1,19,0,17,0,36,0,0,0,0
112.7185,1,0,6,0,0,0,1,128,0,1.0000,-1,19,0,17,0,36,0,0,0,0
112.7395,1,0,6,0,0,0,1,128,0,1.0000,-1,19,0,17,0,36,0,0,0,0
112.761,1,0,6,0,0,0,1,128,0,1.0000,-1,19,0,17,0,36,0,0,0,0
112.7814,1,0,6,0,0,0,1,128,0,1.0000,-1,19,0,17,0,36,0,0,0,0
112.8022,1,0,6,0,0,0,1,128,0,1.0000,-1,19,0,17,0,36,0,0,0,0
112.8228,1,0,6,0,0,0,1,128,0,1.0000,-1,19,0,17,0,36,0,0,0,0
112.8443,1,0,6,0,0,0,1,128,0,1.0000,-1,19,0,17,0,36,0,0,0,0
112.8649,1,0,6,0,0,0,1,128,0,1.0000,-1,19,0,17,0,36,0,0,0,0
112.8855,1,0,6,0,0,0,1,128,0,1.0000,-1,19,0,17,0,36,0,0,0,0
112.9062,1,0,6,0,0,0,1,128,0,1.0000,-1,19,0,17,0,36,0,0,0,0
112.927,1,0,6,0,0,0,1,128,0,1.0000,-1,19,0,17,0,36,0,0,0,0
112.9472,1,0,6,0,0,0,1,128,0,1.0000,-1,19,0,17,0,36,0,0,0,0
112.9681,1,0,6,0,0,0,1,128,0,0.0000,-1,19,0,17,0,36,0,0,0,0
112.9895,1,0,6,0,0,0,1,128,0,0.0000,-1,19,0,17,0,36,0,0,0,0
113.0109,1,0,6,0,0,0,1,128,0,0.0000,-1,19,0,17,0,36,0,0,0,0
113.0322,1,0,6,0,0,0,1,128,0,0.0000,-1,19,0,17,0,36,0,0,0,0
113.0525,1,0,6,0,0,0,1,128,0,0.0000,-1,19,0,17,0,36,0,0,0,0
113.0735,1,0,6,0,0,0,1,128,0,0.0000,-1,19,0,17,0,36,0,0,0,0
113.1129,1,0,6,0,0,0,1,128,0,0.0000,-1,19,0,17,0,36,0,0,0,0
113.1241,1,0,6,0,0,0,1,128,0,0.0000,-1,19,0,17,0,36,0,0,0,0
113.1384,1,0,6,0,0,0,1,128,0,0.0000,-1,19,0,17,0,36,0,0,0,0
113.1599,1,0,6,0,0,0,1,128,0,0.0000,-1,19,0,17,0,36,0,0,0,0
113.1806,1,0,6,0,0,0,1,128,0,0.0000,-1,19,0,17,0,36,0,0,0,0
113.2014,1,0,6,0,0,0,1,128,0,0.0000,-1,19,0,17,0,36,0,0,0,0
113.2232,1,0,6,0,0,0,1,128,0,0.0000,-1,19,0,17,0,36,0,0,0,0
113.2443,1,0,6,0,0,0,1,128,0,0.0000,-1,19,0,17,0,36,0,0,0,0
113.2653,1,0,6,0,0,0,1,128,0,0.0000,-1,19,0,17,0,36,0,0,0,0
113.2856,1,0,6,0,0,0,1,128,0,0.0000,-1,19,0,17,0,36,0,0,0,0
113.307,1,0,6,0,0,0,1,128,0,0.0000,-1,19,0,17,0,36,0,0,0,0
113.327,1,0,6,0,0,0,1,128,0,0.0000,-1,19,0,17,0,36,0,0,0,0
113.3478,1,0,6,0,0,0,1,128,0,0.0000,-1,19,0,17,0,36,0,0,0,0
113.369,1,0,6,0,0,0,1,128,0,0.0000,-1,19,0,17,0,36,0,0,0,0
113.3891,1,0,6,0,0,0,1,128,0,0.0000,-1,19,0,17,0,36,0,0,0,0
113.4098,1,0,6,0,0,0,1,128,0,0.0000,-1,19,0,17,0,36,0,0,0,0
113.4308,1,0,6,0,0,0,1,128,0,0.0000,-1,19,0,17,0,36,0,0,0,0
113.451,1,0,6,0,0,0,1,128,0,0.0000,-1,19,0,17,0,36,0,0,0,0
113.4722,1,0,6,0,0,0,1,128,0,0.0000,-1,19,0,17,0,36,0,0,0,0
113.4922,1,0,6,0,0,0,1,128,0,0.0000,-1,19,0,17,0,36,0,0,0,0
113.5311,1,0,6,0,0,0,1,128,0,0.0000,-1,19,0,17,0,36,0,0,0,0
113.5428,1,0,6,0,0,0,1,128,0,0.0000,-1,19,0,17,0,36,0,0,0,0
113.5571,1,0,6,0,0,0,1,128,0,0.0000,-1,19,0,17,0,36,0,0,0,0
113.579,1,0,6,0,0,0,1,128,0,0.0000,-1,19,0,17,0,36,0,0,0,0
113.5997,1,0,6,0,0,0,1,128,0,0.0000,-1,19,0,17,0,36,0,0,0,0
113.6204,1,0,6,0,0,0,1,128,0,0.0000,-1,19,0,17,0,36,0,0,0,0
113.6412,1,0,6,0,0,0,0,-1,0,0.0000,128,20,0,17,0,37,0,0,0,0
113.6624,1,0,6,0,0,0,0,-1,0,0.0000,-1,20,0,17,0,37,0,0,0,0
113.6824,1,0,6,0,0,0,0,-1,0,0.0000,-1,20,0,17,0,37,0,0,0,0
113.7035,1,0,6,0,0,0,0,-1,0,0.0000,-1,20,0,17,0,37,0,0,0,0
113.7426,1,0,6,0,0,0,0,-1,1,1.0000,-1,20,0,17,0,37,0,0,0,0
113.7547,1,0,6,0,0,0,0,-1,0,1.0000,-1,20,0,17,0,37,0,0,0,0
113.7683,1,0,6,0,0,0,0,-1,0,1.0000,-1,20,0,17,0,37,0,0,0,0
113.7895,1,0,6,0,0,0,0,-1,0,1.0000,-1,20,0,17,0,37,0,0,0,0
113.8108,1,0,6,0,0,0,0,-1,0,1.0000,-1,20,0,17,0,37,0,0,0,0
113.8316,1,0,6,0,0,0,0,-1,0,1.0000,-1,20,0,17,0,37,0,0,0,0
113.8513,1,0,6,0,0,0,0,-1,0,1.0000,-1,20,0,17,0,37,0,0,0,0
113.8723,1,0,6,0,0,0,0,-1,0,1.0000,-1,20,0,17,0,37,0,0,0,0
113.8935,1,0,6,0,0,0,0,-1,0,1.0000,-1,20,0,17,0,37,0,0,0,0
113.9139,1,0,6,0,0,0,0,-1,0,1.0000,-1,20,0,17,0,37,0,0,0,0
113.953,1,0,6,0,0,0,0,-1,0,1.0000,-1,20,0,17,0,37,0,0,0,0
113.9641,1,0,6,0,0,0,0,-1,0,1.0000,-1,20,0,17,0,37,0,0,0,0
113.9802,1,0,6,0,0,0,0,-1,0,1.0000,-1,20,0,17,0,37,0,0,0,0
114.0009,1,0,6,0,0,0,0,-1,0,1.0000,-1,20,0,17,0,37,0,0,0,0
114.0226,1,0,6,0,0,0,0,-1,0,1.0000,-1,20,0,17,0,37,0,0,0,0
114.0436,1,0,6,0,0,0,0,-1,0,1.0000,-1,20,0,17,0,37,0,0,0,0
114.0645,1,0,6,0,0,0,0,-1,0,1.0000,-1,20,0,17,0,37,0,0,0,0
114.0851,1,0,6,0,0,0,0,-1,0,1.0000,-1,20,0,17,0,37,0,0,0,0
114.1061,1,0,6,0,0,0,0,-1,0,1.0000,-1,20,0,17,0,37,0,0,0,0
114.1271,1,0,6,0,0,0,0,-1,0,1.0000,-1,20,0,17,0,37,0,0,0,0
114.1665,1,0,6,0,0,0,0,-1,0,1.0000,-1,20,0,17,0,37,0,0,0,0
114.1786,1,0,6,0,0,0,0,-1,0,1.0000,-1,20,0,17,0,37,0,0,0,0
114.1909,1,0,6,0,0,0,0,-1,0,1.0000,-1,20,0,17,0,37,0,0,0,0
114.2122,1,0,6,0,0,0,0,-1,0,1.0000,-1,20,0,17,0,37,0,0,0,0
114.2341,1,0,6,0,0,0,0,-1,0,1.0000,-1,20,0,17,0,37,0,0,0,0
114.2558,1,0,6,0,0,0,0,-1,0,1.0000,-1,20,0,17,0,37,0,0,0,0
114.2765,1,0,6,0,0,0,0,-1,0,1.0000,-1,20,0,17,0,37,0,0,0,0
114.2977,1,0,6,0,0,0,0,-1,0,1.0000,-1,20,0,17,0,37,0,0,0,0
114.3184,1,0,6,0,0,0,0,-1,0,1.0000,-1,20,0,17,0,37,0,0,0,0
114.3391,1,0,6,0,0,0,0,-1,0,1.0000,-1,20,0,17,0,37,0,0,0,0
114.3604,1,0,6,0,0,0,0,-1,0,1.0000,-1,20,0,17,0,37,0,0,0,0
114.3809,1,0,6,0,0,0,0,-1,0,1.0000,-1,20,0,17,0,37,0,0,0,0
114.4017,1,0,6,0,0,0,0,-1,0,1.0000,-1,20,0,17,0,37,0,0,0,0
114.4225,1,0,6,0,0,0,0,-1,0,1.0000,-1,20,0,17,0,37,0,0,0,0
114.4436,1,0,6,0,0,0,0,-1,0,1.0000,-1,20,0,17,0,37,0,0,0,0
114.464,1,0,6,0,0,0,0,-1,0,1.0000,-1,20,0,17,0,37,0,0,0,0
114.4856,1,0,6,0,0,0,0,-1,0,1.0000,-1,20,0,17,0,37,0,0,0,0
114.5051,1,0,6,0,0,0,0,-1,0,1.0000,-1,20,0,17,0,37,0,0,0,0
114.5255,1,0,6,0,0,0,0,-1,0,1.0000,-1,20,0,17,0,37,0,0,0,0
114.5459,1,0,6,0,0,0,0,-1,0,1.0000,-1,20,0,17,0,37,0,0,0,0
114.5671,1,0,6,0,0,0,0,-1,0,1.0000,-1,20,0,17,0,37,0,0,0,0
114.5866,1,0,6,0,0,0,0,-1,0,1.0000,-1,20,0,17,0,37,0,0,0,0
114.6075,1,0,6,0,0,0,0,-1,0,1.0000,-1,20,0,17,0,37,0,0,0,0
114.6269,1,0,6,0,0,0,0,-1,0,1.0000,-1,20,0,17,0,37,0,0,0,0
114.6475,1,0,6,0,0,0,0,-1,0,1.0000,-1,20,0,17,0,37,0,0,0,0
114.6689,1,0,6,0,0,0,0,-1,0,1.0000,-1,20,0,17,0,37,0,0,0,0
114.6889,1,0,6,0,0,0,0,-1,0,1.0000,-1,20,0,17,0,37,0,0,0,0
114.7098,1,0,6,0,0,0,0,-1,0,1.0000,-1,20,0,17,0,37,0,0,0,0
114.7306,1,0,6,0,0,0,0,-1,0,1.0000,-1,20,0,17,0,37,0,0,0,0
114.751,1,0,6,0,0,0,0,-1,0,0.0000,-1,20,0,17,0,37,0,0,0,0
114.7717,1,0,6,0,0,0,0,-1,0,0.0000,-1,20,0,17,0,37,0,0,0,0
114.7922,1,0,6,0,0,0,0,-1,0,0.0000,-1,20,0,17,0,37,0,0,0,0
114.8124,1,0,6,0,0,0,0,-1,0,0.0000,-1,20,0,17,0,37,0,0,0,0
114.8336,1,0,6,0,0,0,0,-1,0,0.0000,-1,20,0,17,0,37,0,0,0,0
114.855,1,0,6,0,0,0,0,-1,0,0.0000,-1,20,0,17,0,37,0,0,0,0
114.875,1,0,6,0,0,0,1,129,0,0.0000,-1,20,0,17,0,37,0,0,0,0
114.8954,1,0,6,0,0,0,1,129,0,0.0000,-1,20,0,17,0,37,0,0,0,0
114.9157,1,0,6,0,0,0,1,129,0,0.0000,-1,20,0,17,0,37,0,0,0,0
114.9365,1,0,6,0,0,0,1,129,0,0.0000,-1,20,0,17,0,37,0,0,0,0
114.9565,1,0,6,0,0,0,1,129,0,0.0000,-1,20,0,17,0,37,0,0,0,0
114.9943,1,0,6,0,0,0,1,129,0,0.0000,-1,20,0,17,0,37,0,0,0,0
115.0056,1,0,6,0,0,0,1,129,0,0.0000,-1,20,0,17,0,37,0,0,0,0
115.0218,1,0,6,0,0,0,1,129,0,0.0000,-1,20,0,17,0,37,0,0,0,0
115.0431,1,0,6,0,0,0,1,129,0,0.0000,-1,20,0,17,0,37,0,0,0,0
115.064,1,0,6,0,0,0,1,129,0,0.0000,-1,20,0,17,0,37,0,0,0,0
115.0842,1,0,6,0,0,0,1,129,0,0.0000,-1,20,0,17,0,37,0,0,0,0
115.1049,1,0,6,0,0,0,1,129,0,0.0000,-1,20,0,17,0,37,0,0,0,0
115.1253,1,0,6,0,0,0,1,129,0,0.0000,-1,20,0,17,0,37,0,0,0,0
115.1462,1,0,6,0,0,0,1,129,0,0.0000,-1,20,0,17,0,37,0,0,0,0
115.1677,1,0,6,0,0,0,1,129,0,0.0000,-1,20,0,17,0,37,0,0,0,0
115.1883,1,0,6,0,0,0,1,129,0,0.0000,-1,20,0,17,0,37,0,0,0,0
115.2088,1,0,6,0,0,0,1,129,0,0.0000,-1,20,0,17,0,37,0,0,0,0
115.2294,1,0,6,0,0,0,1,129,0,0.0000,-1,20,0,17,0,37,0,0,0,0
115.2494,1,0,6,0,0,0,1,129,0,0.0000,-1,20,0,17,0,37,0,0,0,0
115.2698,1,0,6,0,0,0,1,129,0,0.0000,-1,20,0,17,0,37,0,0,0,0
115.291,1,0,6,0,0,0,1,129,0,0.0000,-1,20,0,17,0,37,0,0,0,0
115.3128,1,0,6,0,0,0,1,129,1,1.0000,-1,20,0,17,0,37,0,0,0,0
115.3328,1,0,6,0,0,0,1,129,0,1.0000,-1,20,0,17,0,37,0,0,0,0
115.3531,1,0,6,0,0,0,0,-1,0,1.0000,-1,20,0,17,0,37,0,0,0,0
115.3735,1,0,6,0,0,0,0,-1,0,1.0000,-1,20,0,17,0,37,0,0,0,0
115.3941,1,0,6,0,0,0,0,-1,0,1.0000,-1,20,0,17,0,37,0,0,0,0
115.4159,1,0,6,0,0,0,0,-1,0,1.0000,-1,20,0,17,0,37,0,0,0,0
115.4363,1,0,6,0,0,0,0,-1,0,1.0000,-1,20,0,17,0,37,0,0,0,0
115.4566,1,0,6,0,0,0,0,-1,0,1.0000,-1,20,0,17,0,37,0,0,0,0
115.4777,1,0,6,0,0,0,0,-1,0,1.0000,-1,20,0,17,0,37,0,0,0,0
115.4987,1,0,6,0,0,0,0,-1,0,1.0000,-1,20,0,17,0,37,0,0,0,0
115.519,1,0,6,0,0,0,0,-1,0,1.0000,-1,20,0,17,0,37,0,0,0,0
115.5399,1,0,6,0,0,0,0,-1,0,1.0000,-1,20,0,17,0,37,0,0,0,0
115.5605,1,0,6,0,0,0,0,-1,0,1.0000,-1,20,0,17,0,37,0,0,0,0
115.5807,1,0,6,0,0,0,0,-1,0,1.0000,-1,20,0,17,0,37,0,0,0,0
115.6012,1,0,6,0,0,0,0,-1,0,1.0000,-1,20,0,17,0,37,0,0,0,0
115.6225,1,0,6,0,0,0,0,-1,0,1.0000,-1,20,0,17,0,37,0,0,0,0
115.6426,1,0,6,0,0,0,0,-1,0,1.0000,-1,20,0,17,0,37,0,0,0,0
115.6636,1,0,6,0,0,0,0,-1,0,1.0000,-1,20,0,17,0,37,0,0,0,0
115.6836,1,0,6,0,0,0,0,-1,0,1.0000,-1,20,0,17,0,37,0,0,0,0
115.7048,1,0,6,0,0,0,0,-1,0,1.0000,-1,20,0,17,0,37,0,0,0,0
115.7256,1,0,6,0,0,0,0,-1,0,1.0000,-1,20,0,17,0,37,0,0,0,0
115.7458,1,0,6,0,0,0,0,-1,0,1.0000,-1,20,0,17,0,37,0,0,0,0
115.7667,1,0,6,0,0,0,0,-1,0,1.0000,-1,20,0,17,0,37,0,0,0,0
115.7867,1,0,6,0,0,0,0,-1,0,1.0000,-1,20,0,17,0,37,0,0,0,0
115.8057,1,0,6,0,0,0,0,-1,0,1.0000,-1,20,0,17,0,37,0,0,0,0
115.8253,1,0,6,0,0,0,0,-1,0,1.0000,-1,20,0,17,0,37,0,0,0,0
115.8448,1,0,6,0,0,0,0,-1,0,1.0000,-1,20,0,17,0,37,0,0,0,0
115.8654,1,0,6,0,0,0,0,-1,0,1.0000,-1,20,0,17,0,37,0,0,0,0
115.8852,1,0,6,0,0,0,0,-1,0,1.0000,-1,20,0,17,0,37,0,0,0,0
115.9045,1,0,6,0,0,0,0,-1,0,1.0000,-1,20,0,17,0,37,0,0,0,0
115.9247,1,0,6,0,0,0,0,-1,0,1.0000,-1,20,0,17,0,37,0,0,0,0
115.9454,1,0,6,0,0,0,0,-1,0,1.0000,-1,20,0,17,0,37,0,0,0,0
115.9644,1,0,6,0,0,0,0,-1,0,1.0000,-1,20,0,17,0,37,0,0,0,0
115.9841,1,0,6,0,0,0,0,-1,0,1.0000,-1,20,0,17,0,37,0,0,0,0
116.0032,1,0,6,0,0,0,0,-1,0,1.0000,-1,20,0,17,0,37,0,0,0,0
116.0242,1,0,6,0,0,0,0,-1,0,1.0000,-1,20,0,17,0,37,0,0,0,0
116.0438,1,0,6,0,0,0,0,-1,0,1.0000,-1,20,0,17,0,37,0,0,0,0
116.0635,1,0,6,0,0,0,0,-1,0,1.0000,-1,20,0,17,0,37,0,0,0,0
116.0828,1,0,6,0,0,0,0,-1,1,2.0000,-1,20,0,17,0,37,0,0,0,0
116.102,1,0,6,0,0,0,0,-1,0,2.0000,-1,20,0,17,0,37,0,0,0,0
116.1222,1,0,6,0,0,0,0,-1,0,2.0000,-1,20,0,17,0,37,0,0,0,0
116.1417,1,0,6,0,0,0,0,-1,0,2.0000,-1,20,0,17,0,37,0,0,0,0
116.1619,1,0,6,0,0,0,0,-1,0,2.0000,-1,20,0,17,0,37,0,0,0,0
116.1813,1,0,6,0,0,0,0,-1,0,2.0000,-1,20,0,17,0,37,0,0,0,0
116.2022,1,0,6,0,0,0,1,132,0,2.0000,-1,20,0,17,0,37,0,0,0,0
116.2232,1,0,6,0,0,0,1,132,0,2.0000,-1,20,0,17,0,37,0,0,0,0
116.2437,1,0,6,0,0,0,1,132,0,2.0000,-1,20,0,17,0,37,0,0,0,0
116.2644,1,0,6,0,0,0,1,132,0,2.0000,-1,20,0,17,0,37,0,0,0,0
116.2842,1,0,6,0,0,0,1,132,0,2.0000,-1,20,0,17,0,37,0,0,0,0
116.3057,1,0,6,0,0,0,1,132,0,2.0000,-1,20,0,17,0,37,0,0,0,0
116.3256,1,0,6,0,0,0,1,132,0,1.0000,-1,20,0,17,0,37,0,0,0,0
116.3468,1,0,6,0,0,0,1,132,0,1.0000,-1,20,0,17,0,37,0,0,0,0
116.3674,1,0,6,0,0,0,1,132,0,1.0000,-1,20,0,17,0,37,0,0,0,0
116.3884,1,0,6,0,0,0,1,132,0,1.0000,-1,20,0,17,0,37,0,0,0,0
116.4085,1,0,6,0,0,0,1,132,0,1.0000,-1,20,0,17,0,37,0,0,0,0
116.4289,1,0,6,0,0,0,1,132,0,1.0000,-1,20,0,17,0,37,0,0,0,0
116.4672,1,0,6,0,0,0,1,132,0,1.0000,-1,20,0,17,0,37,0,0,0,0
116.4782,1,0,6,0,0,0,1,132,0,1.0000,-1,20,0,17,0,37,0,0,0,0
116.4936,1,0,6,0,0,0,1,132,0,1.0000,-1,20,0,17,0,37,0,0,0,0
116.5145,1,0,6,0,0,0,1,132,0,1.0000,-1,20,0,17,0,37,0,0,0,0
116.5358,1,0,6,0,0,0,1,132,0,1.0000,-1,20,0,17,0,37,0,0,0,0
116.5567,1,0,6,0,0,0,1,132,0,1.0000,-1,20,0,17,0,37,0,0,0,0
116.578,1,0,6,0,0,0,1,132,0,1.0000,-1,20,0,17,0,37,0,0,0,0
116.5996,1,0,6,0,0,0,1,132,0,1.0000,-1,20,0,17,0,37,0,0,0,0
116.6206,1,0,6,0,0,0,1,132,0,1.0000,-1,20,0,17,0,37,0,0,0,0
116.6418,1,0,6,0,0,0,1,132,0,1.0000,-1,20,0,17,0,37,0,0,0,0
116.6632,1,0,6,0,0,0,1,132,0,1.0000,-1,20,0,17,0,37,0,0,0,0
116.6834,1,0,6,0,0,0,1,132,0,1.0000,-1,20,0,17,0,37,0,0,0,0
116.7038,1,0,6,0,0,0,1,132,0,1.0000,-1,20,0,17,0,37,0,0,0,0
116.7244,1,0,6,0,0,0,1,132,0,1.0000,-1,20,0,17,0,37,0,0,0,0
116.7449,1,0,6,0,0,0,1,132,0,1.0000,-1,20,0,17,0,37,0,0,0,0
116.7661,1,0,6,0,0,0,1,132,0,1.0000,-1,20,0,17,0,37,0,0,0,0
116.7859,1,0,6,0,0,0,1,132,0,1.0000,-1,20,0,17,0,37,0,0,0,0
116.8066,1,0,6,0,0,0,1,132,0,1.0000,-1,20,0,17,0,37,0,0,0,0
116.8271,1,0,6,0,0,0,1,132,0,1.0000,-1,20,0,17,0,37,0,0,0,0
116.8465,1,0,6,0,0,0,1,132,0,1.0000,-1,20,0,17,0,37,0,0,0,0
116.8861,1,0,6,0,0,0,1,132,0,1.0000,-1,20,0,17,0,37,0,0,0,0
116.8972,1,0,6,0,0,0,1,132,0,1.0000,-1,20,0,17,0,37,0,0,0,0
116.9122,1,0,6,0,0,0,1,132,0,1.0000,-1,20,0,17,0,37,0,0,0,0
116.9332,1,0,6,0,0,0,1,132,0,1.0000,-1,20,0,17,0,37,0,0,0,0
116.9544,1,0,6,0,0,0,1,132,0,1.0000,-1,20,0,17,0,37,0,0,0,0
116.9757,1,0,6,0,0,0,1,133,0,1.0000,132,21,0,17,0,38,0,0,0,0
116.9964,1,0,6,0,0,0,1,133,0,1.0000,-1,21,0,17,0,38,0,0,0,0
117.0169,1,0,6,0,0,0,1,133,0,1.0000,-1,21,0,17,0,38,0,0,0,0
117.0408,1,0,6,0,0,0,1,133,0,1.0000,-1,21,0,17,0,38,0,0,0,0
117.063,1,0,6,0,0,0,1,133,0,1.0000,-1,21,0,17,0,38,0,0,0,0
117.1046,1,0,6,0,0,0,1,133,0,0.0000,-1,21,0,17,0,38,0,0,0,0
117.1176,1,0,6,0,0,0,1,133,0,0.0000,-1,21,0,17,0,38,0,0,0,0
117.135,1,0,6,0,0,0,1,133,0,0.0000,-1,21,0,17,0,38,0,0,0,0
117.1587,1,0,6,0,0,0,1,133,1,1.0000,-1,21,0,17,0,38,0,0,0,0
117.1813,1,0,6,0,0,0,1,133,0,1.0000,-1,21,0,17,0,38,0,0,0,0
117.2039,1,0,6,0,0,0,0,-1,0,1.0000,-1,21,0,17,0,38,0,0,0,0
117.2251,1,0,6,0,0,0,0,-1,0,1.0000,-1,21,0,17,0,38,0,0,0,0
117.2487,1,0,6,0,0,0,0,-1,0,1.0000,-1,21,0,17,0,38,0,0,0,0
117.2693,1,0,6,0,0,0,0,-1,0,1.0000,-1,21,0,17,0,38,0,0,0,0
117.2911,1,0,6,0,0,0,0,-1,0,1.0000,-1,21,0,17,0,38,0,0,0,0
117.3126,1,0,6,0,0,0,0,-1,0,1.0000,-1,21,0,17,0,38,0,0,0,0
117.3322,1,0,6,0,0,0,0,-1,0,1.0000,-1,21,0,17,0,38,0,0,0,0
117.3515,1,0,6,0,0,0,0,-1,0,1.0000,-1,21,0,17,0,38,0,0,0,0
117.3742,1,0,6,0,0,0,0,-1,0,1.0000,-1,21,0,17,0,38,0,0,0,0
117.3931,1,0,6,0,0,0,0,-1,0,1.0000,133,22,0,17,0,39,0,0,0,0
117.4141,1,0,6,0,0,0,0,-1,0,1.0000,-1,22,0,17,0,39,0,0,0,0
117.4346,1,0,6,0,0,0,0,-1,0,1.0000,-1,22,0,17,0,39,0,0,0,0
117.4552,1,0,6,0,0,0,0,-1,0,1.0000,-1,22,0,17,0,39,0,0,0,0
117.477,1,0,6,0,0,0,0,-1,0,1.0000,-1,22,0,17,0,39,0,0,0,0
117.515,1,0,6,0,0,0,0,-1,0,1.0000,-1,22,0,17,0,39,0,0,0,0
117.5272,1,0,6,0,0,0,0,-1,0,1.0000,-1,22,0,17,0,39,0,0,0,0
117.5431,1,0,6,0,0,0,0,-1,0,1.0000,-1,22,0,17,0,39,0,0,0,0
117.5641,1,0,6,0,0,0,0,-1,0,1.0000,-1,22,0,17,0,39,0,0,0,0
117.5846,1,0,6,0,0,0,0,-1,0,1.0000,-1,22,0,17,0,39,0,0,0,0
117.6054,1,0,6,0,0,0,0,-1,0,1.0000,-1,22,0,17,0,39,0,0,0,0
117.625,1,0,6,0,0,0,0,-1,0,1.0000,-1,22,0,17,0,39,0,0,0,0
117.646,1,0,6,0,0,0,0,-1,0,1.0000,-1,22,0,17,0,39,0,0,0,0
117.6678,1,0,6,0,0,0,0,-1,0,1.0000,-1,22,0,17,0,39,0,0,0,0
117.6885,1,0,6,0,0,0,0,-1,0,1.0000,-1,22,0,17,0,39,0,0,0,0
117.7087,1,0,6,0,0,0,0,-1,0,1.0000,-1,22,0,17,0,39,0,0,0,0
117.7291,1,0,6,0,0,0,0,-1,0,1.0000,-1,22,0,17,0,39,0,0,0,0
117.7499,1,0,6,0,0,0,0,-1,0,1.0000,-1,22,0,17,0,39,0,0,0,0
117.7707,1,0,6,0,0,0,0,-1,0,1.0000,-1,22,0,17,0,39,0,0,0,0
117.7914,1,0,6,0,0,0,0,-1,0,1.0000,-1,22,0,17,0,39,0,0,0,0
117.812,1,0,6,0,0,0,0,-1,0,1.0000,-1,22,0,17,0,39,0,0,0,0
117.833,1,0,6,0,0,0,0,-1,0,1.0000,-1,22,0,17,0,39,0,0,0,0
117.8535,1,0,6,0,0,0,0,-1,0,1.0000,-1,22,0,17,0,39,0,0,0,0
117.8731,1,0,6,0,0,0,0,-1,0,1.0000,-1,22,0,17,0,39,0,0,0,0
117.8925,1,0,6,0,0,0,0,-1,0,1.0000,-1,22,0,17,0,39,0,0,0,0
117.9304,1,0,6,0,0,0,0,-1,0,1.0000,-1,22,0,17,0,39,0,0,0,0
117.9414,1,0,6,0,0,0,0,-1,0,1.0000,-1,22,0,17,0,39,0,0,0,0
117.9557,1,0,6,0,0,0,0,-1,0,1.0000,-1,22,0,17,0,39,0,0,0,0
117.9752,1,0,6,0,0,0,0,-1,0,1.0000,-1,22,0,17,0,39,0,0,0,0
117.9951,1,0,6,0,0,0,0,-1,0,1.0000,-1,22,0,17,0,39,0,0,0,0
118.0149,1,0,6,0,0,0,0,-1,0,1.0000,-1,22,0,17,0,39,0,0,0,0
118.0351,1,0,6,0,0,0,0,-1,0,1.0000,-1,22,0,17,0,39,0,0,0,0
118.0548,1,0,6,0,0,0,0,-1,0,1.0000,-1,22,0,17,0,39,0,0,0,0
118.0744,1,0,6,0,0,0,0,-1,0,1.0000,-1,22,0,17,0,39,0,0,0,0
118.0943,1,0,6,0,0,0,0,-1,0,1.0000,-1,22,0,17,0,39,0,0,0,0
118.1327,1,0,6,0,0,0,0,-1,0,1.0000,-1,22,0,17,0,39,0,0,0,0
118.1434,1,0,6,0,0,0,1,137,0,1.0000,-1,22,0,17,0,39,0,0,0,0
118.1567,1,0,6,0,0,0,1,137,0,1.0000,-1,22,0,17,0,39,0,0,0,0
118.1772,1,0,6,0,0,0,1,137,0,0.0000,-1,22,0,17,0,39,0,0,0,0
118.197,1,0,6,0,0,0,1,137,0,0.0000,-1,22,0,17,0,39,0,0,0,0
118.2165,1,0,6,0,0,0,1,137,0,0.0000,-1,22,0,17,0,39,0,0,0,0
118.2368,1,0,6,0,0,0,1,137,0,0.0000,-1,22,0,17,0,39,0,0,0,0
118.2567,1,0,6,0,0,0,1,137,0,0.0000,-1,22,0,17,0,39,0,0,0,0
118.2771,1,0,6,0,0,0,1,137,0,0.0000,-1,22,0,17,0,39,0,0,0,0
118.296,1,0,6,0,0,0,1,137,0,0.0000,-1,22,0,17,0,39,0,0,0,0
118.3157,1,0,6,0,0,0,1,137,0,0.0000,-1,22,0,17,0,39,0,0,0,0
118.3353,1,0,6,0,0,0,1,137,0,0.0000,-1,22,0,17,0,39,0,0,0,0
118.3563,1,0,6,0,0,0,0,-1,0,0.0000,137,23,0,17,0,40,0,0,0,0
118.3755,1,0,6,0,0,0,0,-1,0,0.0000,-1,23,0,17,0,40,0,0,0,0
118.3946,1,0,6,0,0,0,0,-1,0,0.0000,-1,23,0,17,0,40,0,0,0,0
118.4147,1,0,6,0,0,0,0,-1,0,0.0000,-1,23,0,17,0,40,0,0,0,0
118.4345,1,0,6,0,0,0,0,-1,0,0.0000,-1,23,0,17,0,40,0,0,0,0
118.4549,1,0,6,0,0,0,0,-1,0,0.0000,-1,23,0,17,0,40,0,0,0,0
118.4747,1,0,6,0,0,0,0,-1,0,0.0000,-1,23,0,17,0,40,0,0,0,0
118.4949,1,0,6,0,0,0,0,-1,1,1.0000,-1,23,0,17,0,40,0,0,0,0
118.5141,1,0,6,0,0,0,0,-1,0,1.0000,-1,23,0,17,0,40,0,0,0,0
118.5537,1,0,6,0,0,0,0,-1,0,1.0000,-1,23,0,17,0,40,0,0,0,0
118.5646,1,0,6,0,0,0,0,-1,0,1.0000,-1,23,0,17,0,40,0,0,0,0
118.5783,1,0,6,0,0,0,0,-1,0,1.0000,-1,23,0,17,0,40,0,0,0,0
118.5987,1,0,6,0,0,0,0,-1,0,1.0000,-1,23,0,17,0,40,0,0,0,0
118.6182,1,0,6,0,0,0,0,-1,0,1.0000,-1,23,0,17,0,40,0,0,0,0
118.6381,1,0,6,0,0,0,0,-1,0,1.0000,-1,23,0,17,0,40,0,0,0,0
118.6579,1,0,6,0,0,0,0,-1,0,1.0000,-1,23,0,17,0,40,0,0,0,0
118.6784,1,0,6,0,0,0,0,-1,0,1.0000,-1,23,0,17,0,40,0,0,0,0
118.6986,1,0,6,0,0,0,0,-1,0,1.0000,-1,23,0,17,0,40,0,0,0,0
118.7182,1,0,6,0,0,0,0,-1,0,1.0000,-1,23,0,17,0,40,0,0,0,0
118.738,1,0,6,0,0,0,0,-1,0,1.0000,-1,23,0,17,0,40,0,0,0,0
118.7578,1,0,6,0,0,0,0,-1,0,1.0000,-1,23,0,17,0,40,0,0,0,0
118.7782,1,0,6,0,0,0,0,-1,0,1.0000,-1,23,0,17,0,40,0,0,0,0
118.7979,1,0,6,0,0,0,0,-1,0,1.0000,-1,23,0,17,0,40,0,0,0,0
118.8173,1,0,6,0,0,0,0,-1,0,1.0000,-1,23,0,17,0,40,0,0,0,0
118.8366,1,0,6,0,0,0,0,-1,0,1.0000,-1,23,0,17,0,40,0,0,0,0
118.8571,1,0,6,0,0,0,0,-1,0,1.0000,-1,23,0,17,0,40,0,0,0,0
118.8767,1,0,6,0,0,0,0,-1,0,1.0000,-1,23,0,17,0,40,0,0,0,0
118.8969,1,0,6,0,0,0,0,-1,0,1.0000,-1,23,0,17,0,40,0,0,0,0
118.9155,1,0,6,0,0,0,0,-1,0,1.0000,-1,23,0,17,0,40,0,0,0,0
118.9357,1,0,6,0,0,0,0,-1,0,1.0000,-1,23,0,17,0,40,0,0,0,0
118.9551,1,0,6,0,0,0,0,-1,0,1.0000,-1,23,0,17,0,40,0,0,0,0
118.9752,1,0,6,0,0,0,0,-1,0,1.0000,-1,23,0,17,0,40,0,0,0,0
118.9944,1,0,6,0,0,0,0,-1,0,1.0000,-1,23,0,17,0,40,0,0,0,0
119.0148,1,0,6,0,0,0,0,-1,0,1.0000,-1,23,0,17,0,40,0,0,0,0
119.0339,1,0,6,0,0,0,0,-1,0,1.0000,-1,23,0,17,0,40,0,0,0,0
119.0548,1,0,6,0,0,0,0,-1,0,1.0000,-1,23,0,17,0,40,0,0,0,0
119.0754,1,0,6,0,0,0,0,-1,0,1.0000,-1,23,0,17,0,40,0,0,0,0
119.0939,1,0,6,0,0,0,0,-1,0,1.0000,-1,23,0,17,0,40,0,0,0,0
119.1133,1,0,6,0,0,0,0,-1,0,1.0000,-1,23,0,17,0,40,0,0,0,0
119.1336,1,0,6,0,0,0,0,-1,0,1.0000,-1,23,0,17,0,40,0,0,0,0
119.1532,1,0,6,0,0,0,0,-1,0,1.0000,-1,23,0,17,0,40,0,0,0,0
119.1711,1,0,6,0,0,0,0,-1,0,1.0000,-1,23,0,17,0,40,0,0,0,0
119.191,1,0,6,0,0,0,0,-1,0,1.0000,-1,23,0,17,0,40,0,0,0,0
119.2111,1,0,6,0,0,0,0,-1,0,1.0000,-1,23,0,17,0,40,0,0,0,0
119.2309,1,0,6,0,0,0,0,-1,0,1.0000,-1,23,0,17,0,40,0,0,0,0
119.2483,1,0,6,0,0,0,0,-1,0,1.0000,-1,23,0,17,0,40,0,0,0,0
119.268,1,0,6,0,0,0,0,-1,0,1.0000,-1,23,0,17,0,40,0,0,0,0
119.2881,1,0,6,0,0,0,0,-1,0,1.0000,-1,23,0,17,0,40,0,0,0,0
119.308,1,0,6,0,0,0,0,-1,0,1.0000,-1,23,0,17,0,40,0,0,0,0
119.3263,1,0,6,0,0,0,0,-1,0,1.0000,-1,23,0,17,0,40,0,0,0,0
119.346,1,0,6,0,0,0,0,-1,0,1.0000,-1,23,0,17,0,40,0,0,0,0
119.3658,1,0,6,0,0,0,0,-1,0,1.0000,-1,23,0,17,0,40,0,0,0,0
119.4023,1,0,6,0,0,0,0,-1,0,1.0000,-1,23,0,17,0,40,0,0,0,0
119.4134,1,0,6,0,0,0,0,-1,0,1.0000,-1,23,0,17,0,40,0,0,0,0
119.4261,1,0,6,0,0,0,0,-1,0,1.0000,-1,23,0,17,0,40,0,0,0,0
119.4461,1,0,6,0,0,0,0,-1,0,1.0000,-1,23,0,17,0,40,0,0,0,0
119.4661,1,0,6,0,0,0,0,-1,0,1.0000,-1,23,0,17,0,40,0,0,0,0
119.486,1,0,6,0,0,0,0,-1,0,1.0000,-1,23,0,17,0,40,0,0,0,0
119.5041,1,0,6,0,0,0,0,-1,0,0.0000,-1,23,0,17,0,40,0,0,0,0
119.5233,1,0,6,0,0,0,0,-1,0,0.0000,-1,23,0,17,0,40,0,0,0,0
119.5433,1,0,6,0,0,0,0,-1,0,0.0000,-1,23,0,17,0,40,0,0,0,0
119.5634,1,0,6,0,0,0,0,-1,0,0.0000,-1,23,0,17,0,40,0,0,0,0
119.5817,1,0,6,0,0,0,0,-1,0,0.0000,-1,23,0,17,0,40,0,0,0,0
119.6023,1,0,6,0,0,0,0,-1,0,0.0000,-1,23,0,17,0,40,0,0,0,0
119.6225,1,0,6,0,0,0,0,-1,0,0.0000,-1,23,0,17,0,40,0,0,0,0
119.6427,1,0,6,0,0,0,0,-1,0,0.0000,-1,23,0,17,0,40,0,0,0,0
119.6609,1,0,6,0,0,0,0,-1,0,0.0000,-1,23,0,17,0,40,0,0,0,0
119.6806,1,0,6,0,0,0,0,-1,0,0.0000,-1,23,0,17,0,40,0,0,0,0
119.7003,1,0,6,0,0,0,0,-1,0,0.0000,-1,23,0,17,0,40,0,0,0,0
119.7205,1,0,6,0,0,0,0,-1,0,0.0000,-1,23,0,17,0,40,0,0,0,0
119.7398,1,0,6,0,0,0,0,-1,0,0.0000,-1,23,0,17,0,40,0,0,0,0
119.7585,1,0,6,0,0,0,0,-1,0,0.0000,-1,23,0,17,0,40,0,0,0,0
119.7785,1,0,6,0,0,0,0,-1,0,0.0000,-1,23,0,17,0,40,0,0,0,0
119.7988,1,0,6,0,0,0,0,-1,0,0.0000,-1,23,0,17,0,40,0,0,0,0
119.8339,1,0,6,0,0,0,0,-1,0,0.0000,-1,23,0,17,0,40,0,0,0,0
119.8456,1,0,6,0,0,0,0,-1,0,0.0000,-1,23,0,17,0,40,0,0,0,0
119.8585,1,0,6,0,0,0,0,-1,0,0.0000,-1,23,0,17,0,40,0,0,0,0
119.8779,1,0,6,0,0,0,0,-1,0,0.0000,-1,23,0,17,0,40,0,0,0,0
119.8982,1,0,6,0,0,0,0,-1,0,0.0000,-1,23,0,17,0,40,0,0,0,0
119.9185,1,0,6,0,0,0,0,-1,0,0.0000,-1,23,0,17,0,40,0,0,0,0
119.9366,1,0,6,0,0,0,0,-1,0,0.0000,-1,23,0,17,0,40,0,0,0,0
119.9565,1,0,6,0,0,0,0,-1,0,0.0000,-1,23,0,17,0,40,0,0,0,0
119.9763,1,0,6,0,0,0,0,-1,0,0.0000,-1,23,0,17,0,40,0,0,0,0
119.9973,1,0,6,0,0,0,0,-1,0,0.0000,-1,23,0,17,0,40,0,0,0,0
120.0155,1,0,6,0,0,0,0,-1,0,0.0000,-1,23,0,17,0,40,0,0,0,0
120.0343,1,0,6,0,0,0,0,-1,0,0.0000,-1,23,0,17,0,40,0,0,0,0
120.0547,1,0,6,0,0,0,0,-1,0,0.0000,-1,23,0,17,0,40,0,0,0,0
120.0745,1,0,6,0,0,0,0,-1,0,0.0000,-1,23,0,17,0,40,0,0,0,0
120.0921,1,0,6,0,0,0,0,-1,0,0.0000,-1,23,0,17,0,40,0,0,0,0
120.1119,1,0,6,0,0,0,0,-1,0,0.0000,-1,23,0,17,0,40,0,0,0,0
120.1322,1,0,6,0,0,0,0,-1,0,0.0000,-1,23,0,17,0,40,0,0,0,0
120.1534,1,0,6,0,0,0,0,-1,0,0.0000,-1,23,0,17,0,40,0,0,0,0
120.1726,1,0,6,0,0,0,1,141,0,0.0000,-1,23,0,17,0,40,0,0,0,0
120.1933,1,0,6,0,0,0,1,141,0,0.0000,-1,23,0,17,0,40,0,0,0,0
120.2134,1,0,6,0,0,0,1,141,0,0.0000,-1,23,0,17,0,40,0,0,0,0
120.2336,1,0,6,0,0,0,1,141,0,0.0000,-1,23,0,17,0,40,0,0,0,0
120.2546,1,0,6,0,0,0,1,141,0,0.0000,-1,23,0,17,0,40,0,0,0,0
120.2759,1,0,6,0,0,0,1,141,0,0.0000,-1,23,0,17,0,40,0,0,0,0
120.2953,1,0,6,0,0,0,1,141,0,0.0000,-1,23,0,17,0,40,0,0,0,0
120.3144,1,0,6,0,0,0,1,141,0,0.0000,-1,23,0,17,0,40,0,0,0,0
120.3351,1,0,6,0,0,0,1,141,0,0.0000,-1,23,0,17,0,40,0,0,0,0
120.3564,1,0,6,0,0,0,1,141,0,0.0000,-1,23,0,17,0,40,0,0,0,0
120.3772,1,0,6,0,0,0,1,141,0,0.0000,-1,23,0,17,0,40,0,0,0,0
120.3982,1,0,6,0,0,0,1,141,0,0.0000,-1,23,0,17,0,40,0,0,0,0
120.4186,1,0,6,0,0,0,1,141,1,1.0000,-1,23,0,17,0,40,0,0,0,0
120.4382,1,0,6,0,0,0,1,141,0,1.0000,-1,23,0,17,0,40,0,0,0,0
120.4594,1,0,6,0,0,0,0,-1,0,1.0000,-1,23,0,17,0,40,0,0,0,0
120.4794,1,0,6,0,0,0,0,-1,0,1.0000,-1,23,0,17,0,40,0,0,0,0
120.5006,1,0,6,0,0,0,0,-1,0,1.0000,-1,23,0,17,0,40,0,0,0,0
120.5223,1,0,6,0,0,0,1,143,0,1.0000,-1,23,0,17,0,40,0,0,0,0
120.5421,1,0,6,0,0,0,1,143,0,1.0000,-1,23,0,17,0,40,0,0,0,0
120.5618,1,0,6,0,0,0,1,143,0,1.0000,-1,23,0,17,0,40,0,0,0,0
120.5817,1,0,6,0,0,0,1,143,0,1.0000,-1,23,0,17,0,40,0,0,0,0
120.6022,1,0,6,0,0,0,1,143,0,1.0000,-1,23,0,17,0,40,0,0,0,0
120.6231,1,0,6,0,0,0,1,143,0,1.0000,-1,23,0,17,0,40,0,0,0,0
120.6436,1,0,6,0,0,0,0,-1,0,1.0000,-1,23,0,17,0,40,0,0,0,0
120.6836,1,0,6,0,0,0,0,-1,0,1.0000,-1,23,0,17,0,40,0,0,0,0
120.6963,1,0,6,0,0,0,0,-1,0,1.0000,-1,23,0,17,0,40,0,0,0,0
120.7103,1,0,6,0,0,0,0,-1,0,1.0000,-1,23,0,17,0,40,0,0,0,0
120.7315,1,0,6,0,0,0,0,-1,0,1.0000,-1,23,0,17,0,40,0,0,0,0
120.7523,1,0,6,0,0,0,0,-1,0,1.0000,-1,23,0,17,0,40,0,0,0,0
120.7735,1,0,6,0,0,0,0,-1,0,1.0000,-1,23,0,17,0,40,0,0,0,0
120.7942,1,0,6,0,0,0,0,-1,0,1.0000,-1,23,0,17,0,40,0,0,0,0
120.8151,1,0,6,0,0,0,0,-1,0,1.0000,-1,23,0,17,0,40,0,0,0,0
120.8359,1,0,6,0,0,0,0,-1,0,1.0000,-1,23,0,17,0,40,0,0,0,0
120.8568,1,0,6,0,0,0,0,-1,1,2.0000,-1,23,0,17,0,40,0,0,0,0
120.8955,1,0,6,0,0,0,0,-1,0,2.0000,-1,23,0,17,0,40,0,0,0,0
120.9064,1,0,6,0,0,0,0,-1,0,2.0000,-1,23,0,17,0,40,0,0,0,0
120.9217,1,0,6,0,0,0,0,-1,0,2.0000,-1,23,0,17,0,40,0,0,0,0
120.9429,1,0,6,0,0,0,0,-1,0,2.0000,-1,23,0,17,0,40,0,0,0,0
120.9633,1,0,6,0,0,0,0,-1,0,2.0000,-1,23,0,17,0,40,0,0,0,0
120.9832,1,0,6,0,0,0,0,-1,0,2.0000,-1,23,0,17,0,40,0,0,0,0
121.0034,1,0,6,0,0,0,0,-1,0,2.0000,-1,23,0,17,0,40,0,0,0,0
121.0248,1,0,6,0,0,0,0,-1,0,2.0000,-1,23,0,17,0,40,0,0,0,0
121.0453,1,0,6,0,0,0,0,-1,0,2.0000,-1,23,0,17,0,40,0,0,0,0
121.0663,1,0,6,0,0,0,0,-1,0,2.0000,-1,23,0,17,0,40,0,0,0,0
121.0879,1,0,6,0,0,0,0,-1,0,2.0000,-1,23,0,17,0,40,0,0,0,0
121.108,1,0,6,0,0,0,0,-1,0,2.0000,-1,23,0,17,0,40,0,0,0,0
121.1274,1,0,6,0,0,0,0,-1,0,2.0000,-1,23,0,17,0,40,0,0,0,0
121.1478,1,0,6,0,0,0,0,-1,0,2.0000,-1,23,0,17,0,40,0,0,0,0
121.1687,1,0,6,0,0,0,0,-1,0,2.0000,-1,23,0,17,0,40,0,0,0,0
121.1892,1,0,6,0,0,0,0,-1,0,2.0000,-1,23,0,17,0,40,0,0,0,0
121.2105,1,0,6,0,0,0,0,-1,0,2.0000,-1,23,0,17,0,40,0,0,0,0
121.2312,1,0,6,0,0,0,0,-1,0,2.0000,-1,23,0,17,0,40,0,0,0,0
121.2513,1,0,6,0,0,0,0,-1,0,2.0000,-1,23,0,17,0,40,0,0,0,0
121.2726,1,0,6,0,0,0,0,-1,0,2.0000,-1,23,0,17,0,40,0,0,0,0
121.2924,1,0,6,0,0,0,0,-1,1,3.0000,-1,23,0,17,0,40,0,0,0,0
121.313,1,0,6,0,0,0,0,-1,0,3.0000,-1,23,0,17,0,40,0,0,0,0
121.3349,1,0,6,0,0,0,0,-1,0,3.0000,-1,23,0,17,0,40,0,0,0,0
121.356,1,0,6,0,0,0,0,-1,0,3.0000,-1,23,0,17,0,40,0,0,0,0
121.3769,1,0,6,0,0,0,0,-1,0,3.0000,-1,23,0,17,0,40,0,0,0,0
121.3977,1,0,6,0,0,0,0,-1,0,3.0000,-1,23,0,17,0,40,0,0,0,0
121.4169,1,0,6,0,0,0,0,-1,0,3.0000,-1,23,0,17,0,40,0,0,0,0
121.4367,1,0,6,0,0,0,0,-1,0,2.0000,-1,23,0,17,0,40,0,0,0,0
121.4583,1,0,6,0,0,0,0,-1,0,2.0000,-1,23,0,17,0,40,0,0,0,0
121.4789,1,0,6,0,0,0,0,-1,0,2.0000,-1,23,0,17,0,40,0,0,0,0
121.4995,1,0,6,0,0,0,0,-1,0,2.0000,-1,23,0,17,0,40,0,0,0,0
121.5209,1,0,6,0,0,0,1,146,0,2.0000,-1,23,0,17,0,40,0,0,0,0
121.5401,1,0,6,0,0,0,1,146,0,2.0000,-1,23,0,17,0,40,0,0,0,0
121.56,1,0,6,0,0,0,1,146,0,2.0000,-1,23,0,17,0,40,0,0,0,0
121.5809,1,0,6,0,0,0,1,146,0,2.0000,-1,23,0,17,0,40,0,0,0,0
121.6016,1,0,6,0,0,0,0,-1,0,2.0000,-1,23,0,17,0,40,0,0,0,0
121.6222,1,0,6,0,0,0,0,-1,0,2.0000,-1,23,0,17,0,40,0,0,0,0
121.6438,1,0,6,0,0,0,0,-1,0,2.0000,-1,23,0,17,0,40,0,0,0,0
121.664,1,0,6,0,0,0,0,-1,0,2.0000,-1,23,0,17,0,40,0,0,0,0
121.6849,1,0,6,0,0,0,0,-1,0,2.0000,-1,23,0,17,0,40,0,0,0,0
121.7052,1,0,6,0,0,0,0,-1,0,2.0000,-1,23,0,17,0,40,0,0,0,0
121.7255,1,0,6,0,0,0,0,-1,0,2.0000,-1,23,0,17,0,40,0,0,0,0
121.746,1,0,6,0,0,0,0,-1,0,2.0000,-1,23,0,17,0,40,0,0,0,0
121.7674,1,0,6,0,0,0,0,-1,0,2.0000,-1,23,0,17,0,40,0,0,0,0
121.7883,1,0,6,0,0,0,0,-1,0,2.0000,-1,23,0,17,0,40,0,0,0,0
121.8086,1,0,6,0,0,0,0,-1,0,2.0000,-1,23,0,17,0,40,0,0,0,0
121.8271,1,0,6,0,0,0,0,-1,0,2.0000,-1,23,0,17,0,40,0,0,0,0
121.8475,1,0,6,0,0,0,0,-1,0,2.0000,-1,23,0,17,0,40,0,0,0,0
121.8681,1,0,6,0,0,0,0,-1,0,1.0000,-1,23,0,17,0,40,0,0,0,0
121.8876,1,0,6,0,0,0,0,-1,0,1.0000,-1,23,0,17,0,40,0,0,0,0
121.9085,1,0,6,0,0,0,0,-1,0,1.0000,-1,23,0,17,0,40,0,0,0,0
121.9277,1,0,6,0,0,0,0,-1,0,1.0000,-1,23,0,17,0,40,0,0,0,0
121.9478,1,0,6,0,0,0,0,-1,0,1.0000,-1,23,0,17,0,40,0,0,0,0
121.9671,1,0,6,0,0,0,0,-1,0,1.0000,-1,23,0,17,0,40,0,0,0,0
121.9873,1,0,6,0,0,0,0,-1,0,1.0000,-1,23,0,17,0,40,0,0,0,0
122.0081,1,0,6,0,0,0,0,-1,0,1.0000,-1,23,0,17,0,40,0,0,0,0
122.0277,1,0,6,0,0,0,0,-1,0,1.0000,-1,23,0,17,0,40,0,0,0,0
122.048,1,0,6,0,0,0,0,-1,0,1.0000,-1,23,0,17,0,40,0,0,0,0
122.0679,1,0,6,0,0,0,0,-1,0,1.0000,-1,23,0,17,0,40,0,0,0,0
122.0884,1,0,6,0,0,0,0,-1,0,1.0000,-1,23,0,17,0,40,0,0,0,0
122.1091,1,0,6,0,0,0,0,-1,0,1.0000,-1,23,0,17,0,40,0,0,0,0
122.1272,1,0,6,0,0,0,0,-1,0,1.0000,-1,23,0,17,0,40,0,0,0,0
122.1474,1,0,6,0,0,0,0,-1,0,1.0000,-1,23,0,17,0,40,0,0,0,0
122.1679,1,0,6,0,0,0,0,-1,0,1.0000,-1,23,0,17,0,40,0,0,0,0
122.1882,1,0,6,0,0,0,0,-1,0,1.0000,-1,23,0,17,0,40,0,0,0,0
122.2082,1,0,6,0,0,0,0,-1,0,1.0000,-1,23,0,17,0,40,0,0,0,0
122.2269,1,0,6,0,0,0,0,-1,0,1.0000,-1,23,0,17,0,40,0,0,0,0
122.2467,1,0,6,0,0,0,0,-1,0,1.0000,-1,23,0,17,0,40,0,0,0,0
122.2667,1,0,6,0,0,0,0,-1,0,1.0000,-1,23,0,17,0,40,0,0,0,0
122.2881,1,0,6,0,0,0,0,-1,0,1.0000,-1,23,0,17,0,40,0,0,0,0
122.3073,1,0,6,0,0,0,0,-1,0,0.0000,-1,23,0,17,0,40,0,0,0,0
122.3435,1,0,6,0,0,0,0,-1,0,0.0000,-1,23,0,17,0,40,0,0,0,0
122.3548,1,0,6,0,0,0,0,-1,0,0.0000,-1,23,0,17,0,40,0,0,0,0
122.3689,1,0,6,0,0,0,0,-1,0,0.0000,-1,23,0,17,0,40,0,0,0,0
122.3888,1,0,6,0,0,0,0,-1,0,0.0000,-1,23,0,17,0,40,0,0,0,0
122.4092,1,0,6,0,0,0,0,-1,0,0.0000,-1,23,0,17,0,40,0,0,0,0
122.4296,1,0,6,0,0,0,0,-1,0,0.0000,-1,23,0,17,0,40,0,0,0,0
122.4492,1,0,6,0,0,0,0,-1,0,0.0000,-1,23,0,17,0,40,0,0,0,0
122.4689,1,0,6,0,0,0,0,-1,0,0.0000,-1,23,0,17,0,40,0,0,0,0
122.489,1,0,6,0,0,0,0,-1,0,0.0000,-1,23,0,17,0,40,0,0,0,0
122.51,1,0,6,0,0,0,0,-1,0,0.0000,-1,23,0,17,0,40,0,0,0,0
122.5305,1,0,6,0,0,0,0,-1,0,0.0000,-1,23,0,17,0,40,0,0,0,0
122.5488,1,0,6,0,0,0,0,-1,0,0.0000,-1,23,0,17,0,40,0,0,0,0
122.5688,1,0,6,0,0,0,0,-1,0,0.0000,-1,23,0,17,0,40,0,0,0,0
122.5887,1,0,6,0,0,0,0,-1,0,0.0000,-1,23,0,17,0,40,0,0,0,0
122.6098,1,0,6,0,0,0,0,-1,0,0.0000,-1,23,0,17,0,40,0,0,0,0
122.6293,1,0,6,0,0,0,0,-1,0,0.0000,-1,23,0,17,0,40,0,0,0,0
122.6481,1,0,6,0,0,0,0,-1,0,0.0000,-1,23,0,17,0,40,0,0,0,0
122.6689,1,0,6,0,0,0,0,-1,0,0.0000,-1,23,0,17,0,40,0,0,0,0
122.6886,1,0,6,0,0,0,0,-1,0,0.0000,-1,23,0,17,0,40,0,0,0,0
122.7092,1,0,6,0,0,0,0,-1,0,0.0000,-1,23,0,17,0,40,0,0,0,0
122.7276,1,0,6,0,0,0,0,-1,0,0.0000,-1,23,0,17,0,40,0,0,0,0
122.7467,1,0,6,0,0,0,0,-1,0,0.0000,-1,23,0,17,0,40,0,0,0,0
122.7672,1,0,6,0,0,0,0,-1,0,0.0000,-1,23,0,17,0,40,0,0,0,0
122.7872,1,0,6,0,0,0,0,-1,0,0.0000,-1,23,0,17,0,40,0,0,0,0
122.8077,1,0,6,0,0,0,0,-1,0,0.0000,-1,23,0,17,0,40,0,0,0,0
122.8264,1,0,6,0,0,0,0,-1,0,0.0000,-1,23,0,17,0,40,0,0,0,0
122.8461,1,0,6,0,0,0,0,-1,0,0.0000,-1,23,0,17,0,40,0,0,0,0
122.8661,1,0,6,0,0,0,0,-1,0,0.0000,-1,23,0,17,0,40,0,0,0,0
122.8874,1,0,6,0,0,0,0,-1,0,0.0000,-1,23,0,17,0,40,0,0,0,0
122.9067,1,0,6,0,0,0,0,-1,0,0.0000,-1,23,0,17,0,40,0,0,0,0
122.9258,1,0,6,0,0,0,0,-1,0,0.0000,-1,23,0,17,0,40,0,0,0,0
122.9462,1,0,6,0,0,0,0,-1,0,0.0000,-1,23,0,17,0,40,0,0,0,0
122.9662,1,0,6,0,0,0,0,-1,0,0.0000,-1,23,0,17,0,40,0,0,0,0
122.9871,1,0,6,0,0,0,0,-1,0,0.0000,-1,23,0,17,0,40,0,0,0,0
123.0052,1,0,6,0,0,0,0,-1,0,0.0000,-1,23,0,17,0,40,0,0,0,0
123.0252,1,0,6,0,0,0,0,-1,0,0.0000,-1,23,0,17,0,40,0,0,0,0
123.0452,1,0,6,0,0,0,0,-1,0,0.0000,-1,23,0,17,0,40,0,0,0,0
123.0657,1,0,6,0,0,0,0,-1,0,0.0000,-1,23,0,17,0,40,0,0,0,0
123.0866,1,0,6,1,0,0,0,-1,0,0.0000,-1,23,0,17,0,40,0,0,0,0
123.1051,1,0,6,1,0,0,0,-1,0,0.0000,-1,23,0,17,0,40,0,0,0,0
123.1256,1,0,6,1,0,0,0,-1,0,0.0000,-1,23,0,17,0,40,0,0,0,0
123.1451,1,0,6,1,0,0,0,-1,0,0.0000,-1,23,0,17,0,40,0,0,0,0
123.1644,1,0,6,1,0,0,0,-1,0,0.0000,-1,23,0,17,0,40,0,0,0,0
123.2013,1,0,6,1,0,0,0,-1,0,0.0000,-1,23,0,17,0,40,0,0,0,0
123.2116,1,0,6,1,0,0,0,-1,0,0.0000,-1,23,0,17,0,40,0,0,0,0
123.2271,1,0,6,1,0,0,0,-1,0,0.0000,-1,23,0,17,0,40,0,0,0,0
123.2467,1,0,6,1,0,0,0,-1,0,0.0000,-1,23,0,17,0,40,0,0,0,0
123.2662,1,0,6,1,0,0,0,-1,0,0.0000,-1,23,0,17,0,40,0,0,0,0
123.2869,1,0,6,1,0,0,0,-1,0,0.0000,-1,23,0,17,0,40,0,0,0,0
123.3066,1,0,6,1,0,0,0,-1,0,0.0000,-1,23,0,17,0,40,0,0,0,0
123.3263,1,0,6,1,0,0,0,-1,0,0.0000,-1,23,0,17,0,40,0,0,0,0
123.3459,1,0,6,1,0,0,1,149,0,0.0000,-1,23,0,17,0,40,0,0,0,0
123.3651,1,0,6,1,0,0,1,149,0,0.0000,-1,23,0,17,0,40,0,0,0,0
123.386,1,0,6,1,0,0,1,149,0,0.0000,-1,23,0,17,0,40,0,0,0,0
123.4066,1,0,6,1,0,0,1,149,0,0.0000,-1,23,0,17,0,40,0,0,0,0
123.4259,1,0,6,1,0,0,1,149,0,0.0000,-1,23,0,17,0,40,0,0,0,0
123.4461,1,0,6,1,0,0,1,149,0,0.0000,-1,23,0,17,0,40,0,0,0,0
123.4659,1,0,6,1,0,0,1,149,0,0.0000,-1,23,0,17,0,40,0,0,0,0
123.4865,1,0,6,1,0,0,1,149,0,0.0000,-1,23,0,17,0,40,0,0,0,0
123.506,1,0,6,1,0,0,1,149,0,0.0000,-1,23,0,17,0,40,0,0,0,0
123.5256,1,0,6,0,0,0,1,149,0,0.0000,-1,23,0,17,0,40,0,0,0,0
123.5459,1,0,6,0,0,0,1,149,0,0.0000,-1,23,0,17,0,40,0,0,0,0
123.5655,1,0,6,0,0,0,1,149,0,0.0000,-1,23,0,17,0,40,0,0,0,0
123.603,1,0,6,0,0,0,1,149,0,0.0000,-1,23,0,17,0,40,0,0,0,0
123.6127,1,0,6,0,0,0,1,149,0,0.0000,-1,23,0,17,0,40,0,0,0,0
123.6279,1,0,6,0,0,0,1,149,0,0.0000,-1,23,0,17,0,40,0,0,0,0
123.6483,1,0,6,0,0,0,1,149,0,0.0000,-1,23,0,17,0,40,0,0,0,0
123.668,1,0,6,0,0,0,1,149,0,0.0000,-1,23,0,17,0,40,0,0,0,0
123.6873,1,0,6,0,0,0,1,149,0,0.0000,-1,23,0,17,0,40,0,0,0,0
123.7084,1,0,6,0,0,0,1,149,0,0.0000,-1,23,0,17,0,40,0,0,0,0
123.7281,1,0,6,0,0,0,1,149,0,0.0000,-1,23,0,17,0,40,0,0,0,0
123.7472,1,0,6,0,1,0,1,149,0,0.0000,-1,23,0,17,0,40,0,0,0,0
123.7665,1,0,6,0,1,0,1,149,0,0.0000,-1,23,0,17,0,40,0,0,0,0
123.804,1,0,6,0,1,0,0,-1,1,1.0000,-1,23,0,17,0,40,0,0,0,0
123.8139,1,0,6,0,1,0,0,-1,0,1.0000,-1,23,0,17,0,40,0,0,0,0
123.8296,1,0,6,0,1,0,0,-1,0,1.0000,149,24,0,17,0,41,0,0,0,0
123.8498,1,0,6,0,1,0,0,-1,0,1.0000,-1,24,0,17,0,41,0,0,0,0
123.8691,1,0,6,0,1,0,0,-1,0,1.0000,-1,24,0,17,0,41,0,0,0,0
123.8891,1,0,6,0,1,0,0,-1,0,1.0000,-1,24,0,17,0,41,0,0,0,0
123.9099,1,0,6,0,1,0,0,-1,0,1.0000,-1,24,0,17,0,41,0,0,0,0
123.9311,1,0,6,0,1,0,0,-1,0,1.0000,-1,24,0,17,0,41,0,0,0,0
123.9513,1,0,6,0,1,0,0,-1,0,1.0000,-1,24,0,17,0,41,0,0,0,0
123.9713,1,0,6,0,1,0,0,-1,0,1.0000,-1,24,0,17,0,41,0,0,0,0
124.0089,1,0,6,0,1,0,0,-1,0,1.0000,-1,24,0,17,0,41,0,0,0,0
124.0216,1,0,6,0,1,0,0,-1,0,1.0000,-1,24,0,17,0,41,0,0,0,0
124.0351,1,0,6,0,1,0,0,-1,0,1.0000,-1,24,0,17,0,41,0,0,0,0
124.0555,1,0,6,0,1,0,0,-1,0,1.0000,-1,24,0,17,0,41,0,0,0,0
124.0764,1,0,6,0,1,0,0,-1,0,1.0000,-1,24,0,17,0,41,0,0,0,0
124.0958,1,0,6,0,1,0,0,-1,0,1.0000,-1,24,0,17,0,41,0,0,0,0
124.1158,1,0,6,0,1,0,0,-1,0,1.0000,-1,24,0,17,0,41,0,0,0,0
124.1359,1,0,6,0,1,0,0,-1,0,1.0000,-1,24,0,17,0,41,0,0,0,0
124.1549,1,0,6,0,1,0,0,-1,0,1.0000,-1,24,0,17,0,41,0,0,0,0
124.176,1,0,6,0,1,0,0,-1,0,1.0000,-1,24,0,17,0,41,0,0,0,0
124.1963,1,0,6,0,1,0,0,-1,0,1.0000,-1,24,0,17,0,41,0,0,0,0
124.2154,1,0,6,0,1,0,0,-1,0,1.0000,-1,24,0,17,0,41,0,0,0,0
124.2356,1,0,6,0,1,0,0,-1,0,1.0000,-1,24,0,17,0,41,0,0,0,0
124.2551,1,0,6,0,1,0,0,-1,0,1.0000,-1,24,0,17,0,41,0,0,0,0
124.2762,1,0,6,0,1,0,0,-1,0,1.0000,-1,24,0,17,0,41,0,0,0,0
124.2973,1,0,6,0,0,0,0,-1,0,1.0000,-1,24,0,17,0,41,0,0,0,0
124.317,1,0,6,0,0,0,0,-1,0,1.0000,-1,24,0,17,0,41,0,0,0,0
124.3364,1,0,6,0,0,0,0,-1,0,1.0000,-1,24,0,17,0,41,0,0,0,0
124.3572,1,0,6,0,0,0,0,-1,0,1.0000,-1,24,0,17,0,41,0,0,0,0
124.3768,1,0,6,0,0,0,0,-1,0,1.0000,-1,24,0,17,0,41,0,0,0,0
124.4157,1,0,6,0,0,0,0,-1,0,1.0000,-1,24,0,17,0,41,0,0,0,0
124.426,1,0,6,0,0,0,0,-1,0,1.0000,-1,24,0,17,0,41,0,0,0,0
124.4423,1,0,6,0,0,0,0,-1,0,1.0000,-1,24,0,17,0,41,0,0,0,0
124.4633,1,0,6,0,0,0,0,-1,0,1.0000,-1,24,0,17,0,41,0,0,0,0
124.4827,1,0,6,0,0,0,0,-1,0,1.0000,-1,24,0,17,0,41,0,0,0,0
124.5026,1,0,6,0,0,0,0,-1,0,1.0000,-1,24,0,17,0,41,0,0,0,0
124.5228,1,0,6,0,0,0,0,-1,0,1.0000,-1,24,0,17,0,41,0,0,0,0
124.5431,1,0,6,0,0,0,0,-1,0,1.0000,-1,24,0,17,0,41,0,0,0,0
124.5646,1,0,6,0,0,0,0,-1,0,1.0000,-1,24,0,17,0,41,0,0,0,0
124.5836,1,0,6,0,0,0,0,-1,0,1.0000,-1,24,0,17,0,41,0,0,0,0
124.6214,1,0,6,0,0,0,0,-1,0,1.0000,-1,24,0,17,0,41,0,0,0,0
124.6326,1,0,6,0,0,0,0,-1,0,1.0000,-1,24,0,17,0,41,0,0,0,0
124.6449,1,0,6,0,0,0,0,-1,0,1.0000,-1,24,0,17,0,41,0,0,0,0
124.6645,1,0,6,0,0,0,0,-1,0,1.0000,-1,24,0,17,0,41,0,0,0,0
124.6848,1,0,6,0,0,0,0,-1,0,1.0000,-1,24,0,17,0,41,0,0,0,0
124.7047,1,0,6,0,0,0,0,-1,0,1.0000,-1,24,0,17,0,41,0,0,0,0
124.7237,1,0,6,0,0,0,0,-1,0,1.0000,-1,24,0,17,0,41,0,0,0,0
124.7428,1,0,6,0,0,0,0,-1,0,1.0000,-1,24,0,17,0,41,0,0,0,0
124.7635,1,0,6,0,0,0,0,-1,0,1.0000,-1,24,0,17,0,41,0,0,0,0
124.7841,1,0,6,0,0,0,0,-1,0,1.0000,-1,24,0,17,0,41,0,0,0,0
124.8025,1,0,6,0,0,0,0,-1,0,1.0000,-1,24,0,17,0,41,0,0,0,0
124.8219,1,0,6,0,0,0,0,-1,0,0.0000,-1,24,0,17,0,41,0,0,0,0
124.8421,1,0,6,0,0,0,0,-1,0,0.0000,-1,24,0,17,0,41,0,0,0,0
124.8612,1,0,6,0,0,0,0,-1,0,0.0000,-1,24,0,17,0,41,0,0,0,0
124.8811,1,0,6,0,0,0,0,-1,0,0.0000,-1,24,0,17,0,41,0,0,0,0
124.9005,1,0,6,0,0,0,0,-1,0,0.0000,-1,24,0,17,0,41,0,0,0,0
124.9207,1,0,6,0,0,0,0,-1,0,0.0000,-1,24,0,17,0,41,0,0,0,0
124.9421,1,0,6,0,0,0,0,-1,0,0.0000,-1,24,0,17,0,41,0,0,0,0
124.9613,1,0,6,0,0,0,0,-1,0,0.0000,-1,24,0,17,0,41,0,0,0,0
124.9798,1,0,6,0,0,0,0,-1,0,0.0000,-1,24,0,17,0,41,0,0,0,0
124.9991,1,0,6,0,0,0,0,-1,0,0.0000,-1,24,0,17,0,41,0,0,0,0
125.0369,1,0,6,0,0,0,0,-1,1,1.0000,-1,24,0,17,0,41,0,0,0,0
125.0486,1,0,6,0,0,0,0,-1,0,1.0000,-1,24,0,17,0,41,0,0,0,0
125.0633,1,0,6,0,0,0,0,-1,0,1.0000,-1,24,0,17,0,41,0,0,0,0
125.0828,1,0,6,0,0,0,0,-1,0,1.0000,-1,24,0,17,0,41,0,0,0,0
125.1025,1,0,6,0,0,0,0,-1,0,1.0000,-1,24,0,17,0,41,0,0,0,0
125.1213,1,0,6,0,0,0,0,-1,0,1.0000,-1,24,0,17,0,41,0,0,0,0
125.1427,1,0,6,0,0,0,0,-1,0,1.0000,-1,24,0,17,0,41,0,0,0,0
125.1624,1,0,6,0,0,0,0,-1,0,1.0000,-1,24,0,17,0,41,0,0,0,0
125.1816,1,0,6,0,0,0,0,-1,0,1.0000,-1,24,0,17,0,41,0,0,0,0
125.2003,1,0,6,0,0,0,0,-1,0,1.0000,-1,24,0,17,0,41,0,0,0,0
125.2223,1,0,6,0,0,0,0,-1,0,1.0000,-1,24,0,17,0,41,0,0,0,0
125.2422,1,0,6,0,0,0,0,-1,0,1.0000,-1,24,0,17,0,41,0,0,0,0
125.261,1,0,6,0,0,0,0,-1,1,2.0000,-1,24,0,17,0,41,0,0,0,0
125.2798,1,0,6,0,0,0,0,-1,0,2.0000,-1,24,0,17,0,41,0,0,0,0
125.3004,1,0,6,0,0,0,0,-1,0,2.0000,-1,24,0,17,0,41,0,0,0,0
125.3207,1,0,6,0,0,0,0,-1,0,2.0000,-1,24,0,17,0,41,0,0,0,0
125.3393,1,0,6,0,0,0,0,-1,0,2.0000,-1,24,0,17,0,41,0,0,0,0
125.3594,1,0,6,0,0,0,0,-1,0,2.0000,-1,24,0,17,0,41,0,0,0,0
125.3799,1,0,6,0,0,0,0,-1,0,2.0000,-1,24,0,17,0,41,0,0,0,0
125.4003,1,0,6,0,0,0,0,-1,0,2.0000,-1,24,0,17,0,41,0,0,0,0
125.4216,1,0,6,0,0,0,0,-1,0,2.0000,-1,24,0,17,0,41,0,0,0,0
125.4406,1,0,6,0,0,0,0,-1,0,2.0000,-1,24,0,17,0,41,0,0,0,0
125.4607,1,0,6,0,0,0,0,-1,0,2.0000,-1,24,0,17,0,41,0,0,0,0
125.4797,1,0,6,0,0,0,0,-1,1,3.0000,-1,24,0,17,0,41,0,0,0,0
125.5006,1,0,6,0,0,0,0,-1,0,3.0000,-1,24,0,17,0,41,0,0,0,0
125.521,1,0,6,0,0,0,0,-1,0,3.0000,-1,24,0,17,0,41,0,0,0,0
125.5401,1,0,6,0,0,0,0,-1,0,3.0000,-1,24,0,17,0,41,0,0,0,0
125.5603,1,0,6,0,0,0,0,-1,0,3.0000,-1,24,0,17,0,41,0,0,0,0
125.5806,1,0,6,0,0,0,0,-1,0,3.0000,-1,24,0,17,0,41,0,0,0,0
125.6006,1,0,6,0,0,0,0,-1,0,3.0000,-1,24,0,17,0,41,0,0,0,0
125.6216,1,0,6,0,0,0,0,-1,0,3.0000,-1,24,0,17,0,41,0,0,0,0
125.6398,1,0,6,0,0,0,0,-1,0,3.0000,-1,24,0,17,0,41,0,0,0,0
125.6602,1,0,6,0,0,0,0,-1,0,3.0000,-1,24,0,17,0,41,0,0,0,0
125.6804,1,0,6,0,0,0,0,-1,0,3.0000,-1,24,0,17,0,41,0,0,0,0
125.7006,1,0,6,0,0,0,0,-1,0,3.0000,-1,24,0,17,0,41,0,0,0,0
125.723,1,0,6,0,0,0,0,-1,0,3.0000,-1,24,0,17,0,41,0,0,0,0
125.7404,1,0,6,0,0,0,0,-1,0,3.0000,-1,24,0,17,0,41,0,0,0,0
125.7606,1,0,6,0,0,0,0,-1,0,3.0000,-1,24,0,17,0,41,0,0,0,0
125.7807,1,0,6,0,0,0,0,-1,0,3.0000,-1,24,0,17,0,41,0,0,0,0
125.8015,1,0,6,0,0,0,0,-1,0,3.0000,-1,24,0,17,0,41,0,0,0,0
125.8229,1,0,6,0,0,0,0,-1,0,3.0000,-1,24,0,17,0,41,0,0,0,0
125.8585,1,0,6,0,0,0,0,-1,0,3.0000,-1,24,0,17,0,41,0,0,0,0
125.8693,1,0,6,0,0,0,0,-1,0,3.0000,-1,24,0,17,0,41,0,0,0,0
125.8843,1,0,6,0,0,0,0,-1,0,3.0000,-1,24,0,17,0,41,0,0,0,0
125.9035,1,0,6,0,0,0,0,-1,0,3.0000,-1,24,0,17,0,41,0,0,0,0
125.9238,1,0,6,0,0,0,0,-1,0,3.0000,-1,24,0,17,0,41,0,0,0,0
125.9445,1,0,6,0,0,0,0,-1,0,3.0000,-1,24,0,17,0,41,0,0,0,0
125.965,1,0,6,0,0,0,0,-1,0,3.0000,-1,24,0,17,0,41,0,0,0,0
125.9843,1,0,6,0,0,0,0,-1,0,3.0000,-1,24,0,17,0,41,0,0,0,0
126.0047,1,0,6,0,0,0,0,-1,0,3.0000,-1,24,0,17,0,41,0,0,0,0
126.0251,1,0,6,0,0,0,0,-1,0,3.0000,-1,24,0,17,0,41,0,0,0,0
126.0445,1,0,6,0,0,0,0,-1,0,2.0000,-1,24,0,17,0,41,0,0,0,0
126.0662,1,0,6,0,0,0,0,-1,0,2.0000,-1,24,0,17,0,41,0,0,0,0
126.0858,1,0,6,0,0,0,0,-1,0,2.0000,-1,24,0,17,0,41,0,0,0,0
126.1047,1,0,6,0,0,0,0,-1,0,2.0000,-1,24,0,17,0,41,0,0,0,0
126.1247,1,0,6,0,0,0,0,-1,0,2.0000,-1,24,0,17,0,41,0,0,0,0
126.1449,1,0,6,0,0,0,0,-1,0,2.0000,-1,24,0,17,0,41,0,0,0,0
126.166,1,0,6,0,0,0,0,-1,0,2.0000,-1,24,0,17,0,41,0,0,0,0
126.1852,1,0,6,0,0,0,0,-1,0,2.0000,-1,24,0,17,0,41,0,0,0,0
126.205,1,0,6,0,0,0,0,-1,0,2.0000,-1,24,0,17,0,41,0,0,0,0
126.2239,1,0,6,0,0,0,0,-1,0,2.0000,-1,24,0,17,0,41,0,0,0,0
126.2438,1,0,6,0,0,0,0,-1,0,2.0000,-1,24,0,17,0,41,0,0,0,0
126.2652,1,0,6,0,0,0,0,-1,0,1.0000,-1,24,0,17,0,41,0,0,0,0
126.284,1,0,6,0,0,0,0,-1,0,1.0000,-1,24,0,17,0,41,0,0,0,0
126.3033,1,0,6,0,0,0,0,-1,0,1.0000,-1,24,0,17,0,41,0,0,0,0
126.3217,1,0,6,0,0,0,0,-1,0,1.0000,-1,24,0,17,0,41,0,0,0,0
126.3432,1,0,6,0,0,0,0,-1,0,1.0000,-1,24,0,17,0,41,0,0,0,0
126.3629,1,0,6,0,0,0,0,-1,0,1.0000,-1,24,0,17,0,41,0,0,0,0
126.3819,1,0,6,0,0,0,0,-1,0,1.0000,-1,24,0,17,0,41,0,0,0,0
126.4018,1,0,6,0,0,0,0,-1,0,1.0000,-1,24,0,17,0,41,0,0,0,0
126.4218,1,0,6,0,0,0,0,-1,0,1.0000,-1,24,0,17,0,41,0,0,0,0
126.443,1,0,6,0,0,0,0,-1,0,1.0000,-1,24,0,17,0,41,0,0,0,0
126.4622,1,0,6,0,0,0,0,-1,0,1.0000,-1,24,0,17,0,41,0,0,0,0
126.499,1,0,6,0,0,0,0,-1,0,0.0000,-1,24,0,17,0,41,0,0,0,0
126.5132,1,0,6,0,0,0,0,-1,0,0.0000,-1,24,0,17,0,41,0,0,0,0
126.5266,1,0,6,0,0,0,0,-1,0,0.0000,-1,24,0,17,0,41,0,0,0,0
126.546,1,0,6,0,0,0,0,-1,0,0.0000,-1,24,0,17,0,41,0,0,0,0
126.5671,1,0,6,0,0,0,0,-1,0,0.0000,-1,24,0,17,0,41,0,0,0,0
126.5879,1,0,6,0,0,0,0,-1,0,0.0000,-1,24,0,17,0,41,0,0,0,0
126.6077,1,0,6,0,0,0,0,-1,0,0.0000,-1,24,0,17,0,41,0,0,0,0
126.626,1,0,6,0,0,0,0,-1,0,0.0000,-1,24,0,17,0,41,0,0,0,0
126.6464,1,0,6,0,0,0,0,-1,0,0.0000,-1,24,0,17,0,41,0,0,0,0
126.6663,1,0,6,0,0,0,0,-1,0,0.0000,-1,24,0,17,0,41,0,0,0,0
126.6876,1,0,6,0,0,0,0,-1,0,0.0000,-1,24,0,17,0,41,0,0,0,0
126.7077,1,0,6,0,0,0,0,-1,0,0.0000,-1,24,0,17,0,41,0,0,0,0
126.7266,1,0,6,0,0,0,0,-1,0,0.0000,-1,24,0,17,0,41,0,0,0,0
126.7455,1,0,6,0,0,0,0,-1,0,0.0000,-1,24,0,17,0,41,0,0,0,0
126.7656,1,0,6,0,0,0,0,-1,0,0.0000,-1,24,0,17,0,41,0,0,0,0
126.7865,1,0,6,0,0,0,0,-1,0,0.0000,-1,24,0,17,0,41,0,0,0,0
126.806,1,0,6,0,0,0,0,-1,0,0.0000,-1,24,0,17,0,41,0,0,0,0
126.8249,1,0,6,0,0,0,0,-1,0,0.0000,-1,24,0,17,0,41,0,0,0,0
126.8441,1,0,6,0,0,0,0,-1,0,0.0000,-1,24,0,17,0,41,0,0,0,0
126.8651,1,0,6,0,0,0,0,-1,0,0.0000,-1,24,0,17,0,41,0,0,0,0
126.8844,1,0,6,0,0,0,0,-1,0,0.0000,-1,24,0,17,0,41,0,0,0,0
126.9031,1,0,6,0,0,0,0,-1,0,0.0000,-1,24,0,17,0,41,0,0,0,0
126.9228,1,0,6,0,0,0,0,-1,0,0.0000,-1,24,0,17,0,41,0,0,0,0
126.9434,1,0,6,0,0,0,0,-1,1,1.0000,-1,24,0,17,0,41,0,0,0,0
126.9626,1,0,6,0,0,0,0,-1,0,1.0000,-1,24,0,17,0,41,0,0,0,0
126.9823,1,0,6,0,0,0,0,-1,0,1.0000,-1,24,0,17,0,41,0,0,0,0
127.0022,1,0,6,0,0,0,0,-1,0,1.0000,-1,24,0,17,0,41,0,0,0,0
127.0222,1,0,6,0,0,0,0,-1,0,1.0000,-1,24,0,17,0,41,0,0,0,0
127.0431,1,0,6,0,0,0,0,-1,0,1.0000,-1,24,0,17,0,41,0,0,0,0
127.0633,1,0,6,0,0,0,0,-1,0,1.0000,-1,24,0,17,0,41,0,0,0,0
127.0824,1,0,6,0,0,0,0,-1,0,1.0000,-1,24,0,17,0,41,0,0,0,0
127.1026,1,0,6,0,0,0,0,-1,0,1.0000,-1,24,0,17,0,41,0,0,0,0
127.1408,1,0,6,0,0,0,0,-1,0,1.0000,-1,24,0,17,0,41,0,0,0,0
127.1513,1,0,6,0,0,0,0,-1,0,1.0000,-1,24,0,17,0,41,0,0,0,0
127.1662,1,0,6,0,0,0,0,-1,0,1.0000,-1,24,0,17,0,41,0,0,0,0
127.1865,1,0,6,0,0,0,0,-1,0,1.0000,-1,24,0,17,0,41,0,0,0,0
127.207,1,0,6,0,0,0,0,-1,0,1.0000,-1,24,0,17,0,41,0,0,0,0
127.2267,1,0,6,0,0,0,0,-1,0,1.0000,-1,24,0,17,0,41,0,0,0,0
127.247,1,0,6,0,0,0,0,-1,0,1.0000,-1,24,0,17,0,41,0,0,0,0
127.2664,1,0,6,0,0,0,0,-1,0,1.0000,-1,24,0,17,0,41,0,0,0,0
127.2877,1,0,6,0,0,0,0,-1,0,1.0000,-1,24,0,17,0,41,0,0,0,0
127.3074,1,0,6,0,0,0,0,-1,0,1.0000,-1,24,0,17,0,41,0,0,0,0
127.3281,1,0,6,0,0,0,0,-1,0,1.0000,-1,24,0,17,0,41,0,0,0,0
127.3487,1,0,6,0,0,0,0,-1,0,1.0000,-1,24,0,17,0,41,0,0,0,0
127.3681,1,0,6,0,0,0,0,-1,0,1.0000,-1,24,0,17,0,41,0,0,0,0
127.3883,1,0,6,0,0,0,0,-1,0,1.0000,-1,24,0,17,0,41,0,0,0,0
127.4094,1,0,6,0,0,0,0,-1,0,1.0000,-1,24,0,17,0,41,0,0,0,0
127.4294,1,0,6,0,0,0,0,-1,0,1.0000,-1,24,0,17,0,41,0,0,0,0
127.4493,1,0,6,0,0,0,0,-1,0,1.0000,-1,24,0,17,0,41,0,0,0,0
127.47,1,0,6,0,0,0,0,-1,0,1.0000,-1,24,0,17,0,41,0,0,0,0
127.4889,1,0,6,0,0,0,0,-1,0,1.0000,-1,24,0,17,0,41,0,0,0,0
127.5102,1,0,6,0,0,0,0,-1,0,1.0000,-1,24,0,17,0,41,0,0,0,0
127.5297,1,0,6,0,0,0,1,156,0,1.0000,-1,24,0,17,0,41,0,0,0,0
127.5497,1,0,6,0,0,0,1,156,0,1.0000,-1,24,0,17,0,41,0,0,0,0
127.5694,1,0,6,0,0,0,1,156,0,1.0000,-1,24,0,17,0,41,0,0,0,0
127.5894,1,0,6,0,0,0,1,156,0,1.0000,-1,24,0,17,0,41,0,0,0,0
127.6106,1,0,6,0,0,0,1,156,0,1.0000,-1,24,0,17,0,41,0,0,0,0
127.6318,1,0,6,0,0,0,1,156,0,1.0000,-1,24,0,17,0,41,0,0,0,0
127.6521,1,0,6,0,0,0,1,156,0,1.0000,-1,24,0,17,0,41,0,0,0,0
127.6726,1,0,6,0,0,0,1,156,0,1.0000,-1,24,0,17,0,41,0,0,0,0
127.6928,1,0,6,0,0,0,1,156,0,1.0000,-1,24,0,17,0,41,0,0,0,0
127.7113,1,0,6,0,0,0,1,156,0,1.0000,-1,24,0,17,0,41,0,0,0,0
127.7326,1,0,6,0,0,0,1,156,0,1.0000,-1,24,0,17,0,41,0,0,0,0
127.7528,1,0,6,0,0,0,1,156,0,1.0000,-1,24,0,17,0,41,0,0,0,0
127.7723,1,0,6,0,0,0,1,156,0,1.0000,-1,24,0,17,0,41,0,0,0,0
127.7923,1,0,6,0,0,0,1,156,0,1.0000,-1,24,0,17,0,41,0,0,0,0
127.8118,1,0,6,0,0,0,1,156,0,1.0000,-1,24,0,17,0,41,0,0,0,0
127.8326,1,0,6,0,0,0,1,156,0,1.0000,-1,24,0,17,0,41,0,0,0,0
127.8533,1,0,6,0,0,0,1,156,0,1.0000,-1,24,0,17,0,41,0,0,0,0
127.8736,1,0,6,0,0,0,1,156,0,1.0000,-1,24,0,17,0,41,0,0,0,0
127.8937,1,0,6,0,0,0,1,156,0,1.0000,-1,24,0,17,0,41,0,0,0,0
127.9141,1,0,6,0,0,0,1,156,0,1.0000,-1,24,0,17,0,41,0,0,0,0
127.9527,1,0,6,0,0,0,1,156,0,0.0000,-1,24,0,17,0,41,0,0,0,0
127.9627,1,0,6,0,0,0,1,156,0,0.0000,-1,24,0,17,0,41,0,0,0,0
127.9782,1,0,6,0,0,0,1,156,0,0.0000,-1,24,0,17,0,41,0,0,0,0
127.9984,1,0,6,0,0,0,1,156,0,0.0000,-1,24,0,17,0,41,0,0,0,0
128.0206,1,0,6,0,0,0,1,156,0,0.0000,-1,24,0,17,0,41,0,0,0,0
128.0405,1,0,6,0,0,0,1,156,0,0.0000,-1,24,0,17,0,41,0,0,0,0
128.0603,1,0,6,0,0,0,1,156,0,0.0000,-1,24,0,17,0,41,0,0,0,0
128.0811,1,0,6,0,0,0,1,156,0,0.0000,-1,24,0,17,0,41,0,0,0,0
128.101,1,0,6,0,0,0,0,-1,0,0.0000,156,25,0,17,0,42,0,0,0,0
128.1213,1,0,6,0,0,0,0,-1,0,0.0000,-1,25,0,17,0,42,0,0,0,0
128.161,1,0,6,0,0,0,0,-1,0,0.0000,-1,25,0,17,0,42,0,0,0,0
128.1718,1,0,6,0,0,0,0,-1,0,0.0000,-1,25,0,17,0,42,0,0,0,0
128.1877,1,0,6,0,0,0,0,-1,0,0.0000,-1,25,0,17,0,42,0,0,0,0
128.2089,1,0,6,0,0,0,0,-1,0,0.0000,-1,25,0,17,0,42,0,0,0,0
128.2294,1,0,6,0,0,0,0,-1,0,0.0000,-1,25,0,17,0,42,0,0,0,0
128.2499,1,0,6,0,0,0,0,-1,1,1.0000,-1,25,0,17,0,42,0,0,0,0
128.2706,1,0,6,0,0,0,0,-1,0,1.0000,-1,25,0,17,0,42,0,0,0,0
128.2911,1,0,6,0,0,0,0,-1,0,1.0000,-1,25,0,17,0,42,0,0,0,0
128.3119,1,0,6,0,0,0,0,-1,0,1.0000,-1,25,0,17,0,42,0,0,0,0
128.3325,1,0,6,0,0,0,0,-1,0,1.0000,-1,25,0,17,0,42,0,0,0,0
128.3532,1,0,6,0,0,0,0,-1,0,1.0000,-1,25,0,17,0,42,0,0,0,0
128.3732,1,0,6,0,0,0,1,158,0,1.0000,-1,25,0,17,0,42,0,0,0,0
128.3926,1,0,6,0,0,0,1,158,0,1.0000,-1,25,0,17,0,42,0,0,0,0
128.4119,1,0,6,0,0,0,1,158,0,1.0000,-1,25,0,17,0,42,0,0,0,0
128.4326,1,0,6,0,0,0,0,-1,0,1.0000,-1,25,0,17,0,42,0,0,0,0
128.4544,1,0,6,0,0,0,0,-1,0,1.0000,-1,25,0,17,0,42,0,0,0,0
128.4746,1,0,6,0,0,0,0,-1,0,1.0000,-1,25,0,17,0,42,0,0,0,0
128.4931,1,0,6,1,0,0,1,159,0,1.0000,-1,25,0,17,0,42,0,0,0,0
128.5134,1,0,6,1,0,0,1,159,0,1.0000,-1,25,0,17,0,42,0,0,0,0
128.5334,1,0,6,1,0,0,1,159,0,1.0000,-1,25,0,17,0,42,0,0,0,0
128.5711,1,0,6,1,0,0,1,159,0,1.0000,-1,25,0,17,0,42,0,0,0,0
128.5824,1,0,6,1,0,0,1,159,0,1.0000,-1,25,0,17,0,42,0,0,0,0
128.5982,1,0,6,1,0,0,1,159,0,1.0000,-1,25,0,17,0,42,0,0,0,0
128.6186,1,0,6,1,0,0,1,159,0,1.0000,-1,25,0,17,0,42,0,0,0,0
128.6388,1,0,6,1,0,0,1,159,0,1.0000,-1,25,0,17,0,42,0,0,0,0
128.6596,1,0,6,1,0,0,1,159,0,1.0000,-1,25,0,17,0,42,0,0,0,0
128.679,1,0,6,1,0,0,1,159,0,1.0000,-1,25,0,17,0,42,0,0,0,0
128.6989,1,0,6,1,0,0,1,159,0,1.0000,-1,25,0,17,0,42,0,0,0,0
128.7203,1,0,6,1,0,0,1,159,0,1.0000,-1,25,0,17,0,42,0,0,0,0
128.7408,1,0,6,1,0,0,1,159,0,1.0000,-1,25,0,17,0,42,0,0,0,0
128.761,1,0,6,1,0,0,1,159,0,1.0000,-1,25,0,17,0,42,0,0,0,0
128.7813,1,0,6,1,0,0,1,159,0,1.0000,-1,25,0,17,0,42,0,0,0,0
128.8006,1,0,6,1,0,0,1,159,0,1.0000,-1,25,0,17,0,42,0,0,0,0
128.8215,1,0,6,1,0,0,1,159,0,1.0000,-1,25,0,17,0,42,0,0,0,0
128.8412,1,0,6,1,0,0,1,159,0,1.0000,-1,25,0,17,0,42,0,0,0,0
128.8606,2,1,7,1,0,0,0,-1,0,1.0000,159,25,1,17,0,43,0,0,0,0
128.8806,2,0,7,1,0,0,0,-1,0,1.0000,-1,25,1,17,0,43,0,0,0,0
128.9003,2,0,7,1,0,0,0,-1,0,1.0000,-1,25,1,17,0,43,0,0,0,0
128.9215,2,0,7,1,0,0,0,-1,0,1.0000,-1,25,1,17,0,43,0,0,0,0
128.9427,2,0,7,1,0,0,0,-1,0,1.0000,-1,25,1,17,0,43,0,0,0,0
128.9805,2,0,7,1,0,0,0,-1,0,1.0000,-1,25,1,17,0,43,0,0,0,0
128.9914,2,0,7,1,0,0,0,-1,0,1.0000,-1,25,1,17,0,43,0,0,0,0
129.0063,2,0,7,1,0,0,0,-1,0,1.0000,-1,25,1,17,0,43,0,0,0,0
129.0265,2,0,7,1,0,0,0,-1,0,1.0000,-1,25,1,17,0,43,0,0,0,0
129.0474,2,0,7,1,0,0,0,-1,0,1.0000,-1,25,1,17,0,43,0,0,0,0
129.0672,2,0,7,1,0,0,0,-1,0,1.0000,-1,25,1,17,0,43,0,0,0,0
129.0881,2,0,7,1,0,0,0,-1,0,1.0000,-1,25,1,17,0,43,0,0,0,0
129.1076,2,0,7,1,0,0,0,-1,0,1.0000,-1,25,1,17,0,43,0,0,0,0
129.1275,2,0,7,1,0,0,0,-1,0,1.0000,-1,25,1,17,0,43,0,0,0,0
129.1475,2,0,7,1,0,0,0,-1,0,1.0000,-1,25,1,17,0,43,0,0,0,0
129.1843,2,0,7,1,0,0,0,-1,0,1.0000,-1,25,1,17,0,43,0,0,0,0
129.1944,2,0,7,1,0,0,0,-1,0,1.0000,-1,25,1,17,0,43,0,0,0,0
129.2095,2,0,7,1,0,0,0,-1,0,1.0000,-1,25,1,17,0,43,0,0,0,0
129.2299,2,0,7,1,0,0,0,-1,0,1.0000,-1,25,1,17,0,43,0,0,0,0
129.2507,2,0,7,1,0,0,0,-1,0,0.0000,-1,25,1,17,0,43,0,0,0,0
129.2704,2,0,7,1,0,0,0,-1,0,0.0000,-1,25,1,17,0,43,0,0,0,0
129.2903,2,0,7,1,0,0,0,-1,0,0.0000,-1,25,1,17,0,43,0,0,0,0
129.3101,2,0,7,1,0,0,0,-1,0,0.0000,-1,25,1,17,0,43,0,0,0,0
129.3305,2,0,7,1,0,0,1,161,0,0.0000,-1,25,1,17,0,43,0,0,0,0
129.3508,2,0,7,1,0,0,1,161,0,0.0000,-1,25,1,17,0,43,0,0,0,0
129.371,2,0,7,1,0,0,1,161,0,0.0000,-1,25,1,17,0,43,0,0,0,0
129.391,2,0,7,1,0,0,1,161,0,0.0000,-1,25,1,17,0,43,0,0,0,0
129.4104,2,0,7,1,0,0,1,161,0,0.0000,-1,25,1,17,0,43,0,0,0,0
129.4315,2,0,7,1,0,0,1,161,0,0.0000,-1,25,1,17,0,43,0,0,0,0
129.452,2,0,7,1,0,0,1,161,0,0.0000,-1,25,1,17,0,43,0,0,0,0
129.4721,2,0,7,1,0,0,1,161,0,0.0000,-1,25,1,17,0,43,0,0,0,0
129.492,2,0,7,1,0,0,1,161,0,0.0000,-1,25,1,17,0,43,0,0,0,0
129.5108,2,0,7,1,0,0,1,161,0,0.0000,-1,25,1,17,0,43,0,0,0,0
129.5323,2,0,7,1,0,0,1,161,0,0.0000,-1,25,1,17,0,43,0,0,0,0
129.5525,2,0,7,1,0,0,1,161,0,0.0000,-1,25,1,17,0,43,0,0,0,0
129.5892,2,0,7,1,0,0,1,161,0,0.0000,-1,25,1,17,0,43,0,0,0,0
129.6016,2,0,7,1,0,0,1,161,0,0.0000,-1,25,1,17,0,43,0,0,0,0
129.6153,2,0,7,1,0,0,1,161,0,0.0000,-1,25,1,17,0,43,0,0,0,0
129.6357,2,0,7,1,0,0,1,161,0,0.0000,-1,25,1,17,0,43,0,0,0,0
129.6553,2,0,7,1,0,0,1,161,0,0.0000,-1,25,1,17,0,43,0,0,0,0
129.677,2,0,7,1,0,0,1,161,0,0.0000,-1,25,1,17,0,43,0,0,0,0
129.6968,2,0,7,1,0,0,1,161,0,0.0000,-1,25,1,17,0,43,0,0,0,0
129.7163,2,0,7,1,0,0,1,161,0,0.0000,-1,25,1,17,0,43,0,0,0,0
129.737,2,0,7,1,0,0,1,161,0,0.0000,-1,25,1,17,0,43,0,0,0,0
129.7556,2,0,7,1,0,0,0,-1,0,0.0000,161,25,2,17,0,44,0,0,0,0
129.794,2,0,7,1,0,0,0,-1,0,0.0000,-1,25,2,17,0,44,0,0,0,0
129.8054,2,0,7,1,0,0,0,-1,0,0.0000,-1,25,2,17,0,44,0,0,0,0
129.8194,2,0,7,1,0,0,0,-1,0,0.0000,-1,25,2,17,0,44,0,0,0,0
129.8404,2,0,7,1,0,0,0,-1,1,1.0000,-1,25,2,17,0,44,0,0,0,0
129.8596,2,0,7,1,0,0,0,-1,0,1.0000,-1,25,2,17,0,44,0,0,0,0
129.8794,2,0,7,1,0,0,0,-1,0,1.0000,-1,25,2,17,0,44,0,0,0,0
129.8991,2,0,7,1,0,0,0,-1,0,1.0000,-1,25,2,17,0,44,0,0,0,0
129.9204,2,0,7,1,0,0,0,-1,0,1.0000,-1,25,2,17,0,44,0,0,0,0
129.9414,2,0,7,1,0,0,0,-1,1,2.0000,-1,25,2,17,0,44,0,0,0,0
129.9594,2,0,7,1,0,0,0,-1,0,2.0000,-1,25,2,17,0,44,0,0,0,0
129.9967,2,0,7,1,0,0,0,-1,0,2.0000,-1,25,2,17,0,44,0,0,0,0
130.0088,2,0,7,1,0,0,0,-1,0,2.0000,-1,25,2,17,0,44,0,0,0,0
130.0223,2,0,7,1,0,0,0,-1,0,2.0000,-1,25,2,17,0,44,0,0,0,0
130.043,2,0,7,1,0,0,0,-1,0,2.0000,-1,25,2,17,0,44,0,0,0,0
130.063,2,0,7,1,0,0,0,-1,0,2.0000,-1,25,2,17,0,44,0,0,0,0
130.0831,2,0,7,1,0,0,0,-1,0,2.0000,-1,25,2,17,0,44,0,0,0,0
130.1034,2,0,7,1,0,0,0,-1,0,2.0000,-1,25,2,17,0,44,0,0,0,0
130.1227,2,0,7,1,0,0,0,-1,0,2.0000,-1,25,2,17,0,44,0,0,0,0
130.1433,2,0,7,1,0,0,0,-1,0,2.0000,-1,25,2,17,0,44,0,0,0,0
130.1644,2,0,7,1,0,0,0,-1,0,2.0000,-1,25,2,17,0,44,0,0,0,0
130.202,2,0,7,1,0,0,0,-1,0,2.0000,-1,25,2,17,0,44,0,0,0,0
130.2136,2,0,7,1,0,0,0,-1,0,2.0000,-1,25,2,17,0,44,0,0,0,0
130.2279,2,0,7,1,0,0,0,-1,0,2.0000,-1,25,2,17,0,44,0,0,0,0
130.249,2,0,7,1,0,0,0,-1,0,2.0000,-1,25,2,17,0,44,0,0,0,0
130.2691,2,0,7,1,0,0,0,-1,0,2.0000,-1,25,2,17,0,44,0,0,0,0
130.2896,2,0,7,1,0,0,0,-1,0,2.0000,-1,25,2,17,0,44,0,0,0,0
130.3114,2,0,7,1,0,0,0,-1,0,2.0000,-1,25,2,17,0,44,0,0,0,0
130.3316,2,0,7,1,0,0,0,-1,0,2.0000,-1,25,2,17,0,44,0,0,0,0
130.3518,2,0,7,1,0,0,0,-1,0,2.0000,-1,25,2,17,0,44,0,0,0,0
130.371,2,0,7,1,0,0,0,-1,0,2.0000,-1,25,2,17,0,44,0,0,0,0
130.3907,2,0,7,1,0,0,0,-1,0,2.0000,-1,25,2,17,0,44,0,0,0,0
130.4112,2,0,7,1,0,0,0,-1,0,2.0000,-1,25,2,17,0,44,0,0,0,0
130.4342,2,0,7,1,0,0,0,-1,1,3.0000,-1,25,2,17,0,44,0,0,0,0
130.4549,2,0,7,1,0,0,0,-1,0,3.0000,-1,25,2,17,0,44,0,0,0,0
130.4747,2,0,7,1,0,0,0,-1,0,3.0000,-1,25,2,17,0,44,0,0,0,0
130.4936,2,0,7,1,0,0,0,-1,0,3.0000,-1,25,2,17,0,44,0,0,0,0
130.5139,2,0,7,1,0,0,0,-1,0,3.0000,-1,25,2,17,0,44,0,0,0,0
130.534,2,0,7,1,0,0,0,-1,0,3.0000,-1,25,2,17,0,44,0,0,0,0
130.5558,2,0,7,0,0,0,0,-1,0,3.0000,-1,25,2,17,0,44,0,0,0,0
130.577,2,0,7,0,0,0,0,-1,0,3.0000,-1,25,2,17,0,44,0,0,0,0
130.6135,2,0,7,0,0,0,0,-1,0,3.0000,-1,25,2,17,0,44,0,0,0,0
130.6254,2,0,7,0,0,0,0,-1,0,3.0000,-1,25,2,17,0,44,0,0,0,0
130.6387,2,0,7,0,0,0,0,-1,0,3.0000,-1,25,2,17,0,44,0,0,0,0
130.6591,2,0,7,0,0,0,0,-1,0,3.0000,-1,25,2,17,0,44,0,0,0,0
130.6786,2,0,7,0,0,0,0,-1,0,3.0000,-1,25,2,17,0,44,0,0,0,0
130.6995,2,0,7,0,0,0,0,-1,1,4.0000,-1,25,2,17,0,44,0,0,0,0
130.7213,2,0,7,0,0,0,0,-1,0,4.0000,-1,25,2,17,0,44,0,0,0,0
130.7408,2,0,7,0,0,0,0,-1,0,4.0000,-1,25,2,17,0,44,0,0,0,0
130.7612,2,0,7,0,0,0,0,-1,0,4.0000,-1,25,2,17,0,44,0,0,0,0
130.7798,2,0,7,0,0,0,0,-1,0,4.0000,-1,25,2,17,0,44,0,0,0,0
130.7998,2,0,7,0,0,0,0,-1,0,4.0000,-1,25,2,17,0,44,0,0,0,0
130.8228,2,0,7,0,0,0,0,-1,0,4.0000,-1,25,2,17,0,44,0,0,0,0
130.8427,2,0,7,0,0,0,0,-1,0,3.0000,-1,25,2,17,0,44,0,0,0,0
130.8618,2,0,7,0,0,0,0,-1,0,3.0000,-1,25,2,17,0,44,0,0,0,0
130.8819,2,0,7,0,0,0,0,-1,0,3.0000,-1,25,2,17,0,44,0,0,0,0
130.9017,2,0,7,0,0,0,0,-1,0,3.0000,-1,25,2,17,0,44,0,0,0,0
130.921,2,0,7,0,0,0,0,-1,0,3.0000,-1,25,2,17,0,44,0,0,0,0
130.9415,2,0,7,0,0,0,0,-1,1,3.0000,-1,25,2,17,0,44,0,0,0,0
130.9601,2,0,7,0,0,0,0,-1,0,3.0000,-1,25,2,17,0,44,0,0,0,0
130.9818,2,0,7,0,0,0,0,-1,0,3.0000,-1,25,2,17,0,44,0,0,0,0
131.0011,2,0,7,0,0,0,0,-1,0,3.0000,-1,25,2,17,0,44,0,0,0,0
131.0212,2,0,7,0,0,0,0,-1,0,3.0000,-1,25,2,17,0,44,0,0,0,0
131.0423,2,0,7,0,0,0,0,-1,0,3.0000,-1,25,2,17,0,44,0,0,0,0
131.0621,2,0,7,0,0,0,0,-1,0,3.0000,-1,25,2,17,0,44,0,0,0,0
131.0798,2,0,7,0,0,0,0,-1,0,3.0000,-1,25,2,17,0,44,0,0,0,0
131.1004,2,0,7,0,0,0,0,-1,0,3.0000,-1,25,2,17,0,44,0,0,0,0
131.1196,2,0,7,0,0,0,0,-1,0,3.0000,-1,25,2,17,0,44,0,0,0,0
131.1387,2,0,7,0,0,0,0,-1,1,4.0000,-1,25,2,17,0,44,0,0,0,0
131.1588,2,0,7,0,0,0,0,-1,0,4.0000,-1,25,2,17,0,44,0,0,0,0
131.1801,2,0,7,0,0,0,0,-1,0,4.0000,-1,25,2,17,0,44,0,0,0,0
131.2001,2,0,7,0,0,0,0,-1,0,4.0000,-1,25,2,17,0,44,0,0,0,0
131.2178,2,0,7,0,0,0,0,-1,0,4.0000,-1,25,2,17,0,44,0,0,0,0
131.2387,2,0,7,0,0,0,0,-1,0,4.0000,-1,25,2,17,0,44,0,0,0,0
131.259,2,0,7,0,0,0,0,-1,0,4.0000,-1,25,2,17,0,44,0,0,0,0
131.2791,2,0,7,0,0,0,0,-1,0,4.0000,-1,25,2,17,0,44,0,0,0,0
131.3004,2,0,7,0,0,0,0,-1,0,4.0000,-1,25,2,17,0,44,0,0,0,0
131.3209,2,0,7,0,0,0,0,-1,0,4.0000,-1,25,2,17,0,44,0,0,0,0
131.3418,2,0,7,0,0,0,0,-1,0,4.0000,-1,25,2,17,0,44,0,0,0,0
131.3642,2,0,7,0,0,0,0,-1,0,4.0000,-1,25,2,17,0,44,0,0,0,0
131.3866,2,0,7,0,0,0,0,-1,0,4.0000,-1,25,2,17,0,44,0,0,0,0
131.4079,2,0,7,0,0,0,0,-1,0,4.0000,-1,25,2,17,0,44,0,0,0,0
131.4317,2,0,7,0,0,0,0,-1,0,4.0000,-1,25,2,17,0,44,0,0,0,0
131.4524,2,0,7,0,0,0,0,-1,0,3.0000,-1,25,2,17,0,44,0,0,0,0
131.4749,2,0,7,0,0,0,1,167,0,3.0000,-1,25,2,17,0,44,0,0,0,0
131.4969,2,0,7,0,0,0,1,167,0,3.0000,-1,25,2,17,0,44,0,0,0,0
131.5196,2,0,7,0,0,0,1,167,1,4.0000,-1,25,2,17,0,44,0,0,0,0
131.5423,2,0,7,0,0,0,1,167,0,4.0000,-1,25,2,17,0,44,0,0,0,0
131.5651,2,0,7,0,0,0,1,167,0,4.0000,-1,25,2,17,0,44,0,0,0,0
131.5879,2,0,7,0,0,0,1,167,0,4.0000,-1,25,2,17,0,44,0,0,0,0
131.6105,2,0,7,0,0,0,1,167,0,4.0000,-1,25,2,17,0,44,0,0,0,0
131.6338,2,0,7,0,0,0,1,167,0,4.0000,-1,25,2,17,0,44,0,0,0,0
131.6557,2,0,7,0,0,0,1,167,0,4.0000,-1,25,2,17,0,44,0,0,0,0
131.6787,2,0,7,0,0,0,1,167,0,4.0000,-1,25,2,17,0,44,0,0,0,0
131.7005,2,0,7,0,0,0,1,167,0,3.0000,-1,25,2,17,0,44,0,0,0,0
131.7218,2,0,7,0,0,0,1,167,0,3.0000,-1,25,2,17,0,44,0,0,0,0
131.7433,2,0,7,0,0,0,1,167,0,3.0000,-1,25,2,17,0,44,0,0,0,0
131.7649,2,0,7,0,0,0,1,167,0,3.0000,-1,25,2,17,0,44,0,0,0,0
131.7852,2,0,7,0,0,0,1,167,1,4.0000,-1,25,2,17,0,44,0,0,0,0
131.8051,2,0,7,0,0,0,1,167,0,4.0000,-1,25,2,17,0,44,0,0,0,0
131.8268,2,0,7,0,0,0,1,167,0,4.0000,-1,25,2,17,0,44,0,0,0,0
131.8652,2,0,7,0,0,0,1,167,0,4.0000,-1,25,2,17,0,44,0,0,0,0
131.8781,2,0,7,0,0,0,1,167,0,4.0000,-1,25,2,17,0,44,0,0,0,0
131.8904,2,0,7,0,0,0,1,167,0,4.0000,-1,25,2,17,0,44,0,0,0,0
131.9123,2,0,7,0,0,0,1,167,0,4.0000,-1,25,2,17,0,44,0,0,0,0
131.9333,2,0,7,0,0,0,1,167,0,4.0000,-1,25,2,17,0,44,0,0,0,0
131.9543,2,0,7,0,0,0,0,-1,0,3.0000,167,25,3,17,0,45,0,0,0,0
131.9759,2,0,7,0,0,0,0,-1,0,3.0000,-1,25,3,17,0,45,0,0,0,0
131.9964,2,0,7,0,0,0,0,-1,0,3.0000,-1,25,3,17,0,45,0,0,0,0
132.0179,2,0,7,0,0,0,0,-1,1,4.0000,-1,25,3,17,0,45,0,0,0,0
132.0386,2,0,7,0,0,0,0,-1,0,4.0000,-1,25,3,17,0,45,0,0,0,0
132.0776,2,0,7,0,0,0,0,-1,0,4.0000,-1,25,3,17,0,45,0,0,0,0
132.0902,2,0,7,0,0,0,1,166,0,4.0000,-1,25,3,17,0,45,0,0,0,0
132.1032,2,0,7,0,0,0,1,166,0,4.0000,-1,25,3,17,0,45,0,0,0,0
132.1246,2,0,7,0,0,0,1,166,0,4.0000,-1,25,3,17,0,45,0,0,0,0
132.1458,2,0,7,0,0,0,1,166,0,3.0000,-1,25,3,17,0,45,0,0,0,0
132.1676,2,0,7,0,0,0,1,166,0,3.0000,-1,25,3,17,0,45,0,0,0,0
132.1886,2,0,7,0,0,0,1,166,0,3.0000,-1,25,3,17,0,45,0,0,0,0
132.2104,2,0,7,0,0,0,1,166,0,3.0000,-1,25,3,17,0,45,0,0,0,0
132.2321,2,0,7,0,0,0,1,166,0,3.0000,-1,25,3,17,0,45,0,0,0,0
132.2532,2,0,7,0,0,0,1,166,0,3.0000,-1,25,3,17,0,45,0,0,0,0
132.2749,2,0,7,0,0,0,1,166,0,3.0000,-1,25,3,17,0,45,0,0,0,0
132.2959,2,0,7,0,0,0,1,166,0,3.0000,-1,25,3,17,0,45,0,0,0,0
132.3167,2,0,7,0,0,0,1,166,1,4.0000,-1,25,3,17,0,45,0,0,0,0
132.3391,2,0,7,0,0,0,1,166,0,4.0000,-1,25,3,17,0,45,0,0,0,0
132.3598,2,0,7,0,0,0,1,166,0,4.0000,-1,25,3,17,0,45,0,0,0,0
132.3811,2,0,7,0,0,0,1,166,0,4.0000,-1,25,3,17,0,45,0,0,0,0
132.403,2,0,7,0,0,0,1,166,0,4.0000,-1,25,3,17,0,45,0,0,0,0
132.4234,2,0,7,0,0,0,1,166,0,4.0000,-1,25,3,17,0,45,0,0,0,0
132.4458,2,0,7,0,0,0,1,166,0,4.0000,-1,25,3,17,0,45,0,0,0,0
132.4666,2,0,7,0,0,0,1,166,0,4.0000,-1,25,3,17,0,45,0,0,0,0
132.4874,2,0,7,0,0,0,1,166,0,4.0000,-1,25,3,17,0,45,0,0,0,0
132.5082,2,0,7,0,0,0,1,166,0,4.0000,-1,25,3,17,0,45,0,0,0,0
132.5312,2,0,7,0,0,0,0,-1,0,3.0000,166,25,4,17,0,46,0,0,0,0
132.5499,2,0,7,0,0,0,0,-1,0,3.0000,-1,25,4,17,0,46,0,0,0,0
132.5712,2,0,7,0,0,0,0,-1,0,3.0000,-1,25,4,17,0,46,0,0,0,0
132.5925,2,0,7,0,0,0,0,-1,1,4.0000,-1,25,4,17,0,46,0,0,0,0
132.6147,2,0,7,0,0,0,0,-1,0,4.0000,-1,25,4,17,0,46,0,0,0,0
132.6355,2,0,7,0,0,0,0,-1,0,4.0000,-1,25,4,17,0,46,0,0,0,0
132.6571,2,0,7,0,0,0,1,168,0,4.0000,-1,25,4,17,0,46,0,0,0,0
132.6787,2,0,7,0,0,0,1,168,0,4.0000,-1,25,4,17,0,46,0,0,0,0
132.7181,2,0,7,0,0,0,1,168,0,4.0000,-1,25,4,17,0,46,0,0,0,0
132.7297,2,0,7,0,0,0,1,168,0,4.0000,-1,25,4,17,0,46,0,0,0,0
132.7442,2,0,7,0,0,0,1,168,0,4.0000,-1,25,4,17,0,46,0,0,0,0
132.7662,2,0,7,0,0,0,1,168,0,4.0000,-1,25,4,17,0,46,0,0,0,0
132.7878,2,0,7,0,0,0,1,168,0,3.0000,-1,25,4,17,0,46,0,0,0,0
132.8089,2,0,7,0,0,0,1,168,0,3.0000,-1,25,4,17,0,46,0,0,0,0
132.8304,2,0,7,0,0,0,1,168,0,3.0000,-1,25,4,17,0,46,0,0,0,0
132.8508,2,0,7,0,0,0,1,168,1,4.0000,-1,25,4,17,0,46,0,0,0,0
132.8723,2,0,7,0,0,0,0,-1,0,4.0000,-1,25,4,17,0,46,0,0,0,0
132.893,2,0,7,0,0,0,0,-1,0,4.0000,-1,25,4,17,0,46,0,0,0,0
132.9145,2,0,7,0,0,0,0,-1,0,4.0000,-1,25,4,17,0,46,0,0,0,0
132.9357,2,0,7,0,0,0,0,-1,0,4.0000,-1,25,4,17,0,46,0,0,0,0
132.9577,2,0,7,0,0,0,0,-1,0,4.0000,-1,25,4,17,0,46,0,0,0,0
132.9789,2,0,7,0,0,0,0,-1,0,4.0000,-1,25,4,17,0,46,0,0,0,0
133.0001,2,0,7,0,0,0,0,-1,0,4.0000,-1,25,4,17,0,46,0,0,0,0
133.0222,2,0,7,0,0,0,0,-1,0,3.0000,-1,25,4,17,0,46,0,0,0,0
133.0429,2,0,7,0,0,0,0,-1,0,3.0000,-1,25,4,17,0,46,0,0,0,0
133.0636,2,0,7,0,0,0,0,-1,0,3.0000,-1,25,4,17,0,46,0,0,0,0
133.0839,2,0,7,0,0,0,0,-1,0,3.0000,-1,25,4,17,0,46,0,0,0,0
133.1042,2,0,7,0,0,0,0,-1,1,4.0000,-1,25,4,17,0,46,0,0,0,0
133.1245,2,0,7,0,0,0,0,-1,0,4.0000,-1,25,4,17,0,46,0,0,0,0
133.1467,2,0,7,0,0,0,0,-1,0,4.0000,-1,25,4,17,0,46,0,0,0,0
133.1663,2,0,7,0,0,0,0,-1,0,4.0000,-1,25,4,17,0,46,0,0,0,0
133.187,2,0,7,0,0,0,0,-1,0,4.0000,-1,25,4,17,0,46,0,0,0,0
133.2065,2,0,7,0,0,0,0,-1,0,4.0000,-1,25,4,17,0,46,0,0,0,0
133.2274,2,0,7,0,0,0,0,-1,0,4.0000,-1,25,4,17,0,46,0,0,0,0
133.2468,2,0,7,0,0,0,0,-1,0,4.0000,-1,25,4,17,0,46,0,0,0,0
133.2684,2,0,7,0,0,0,0,-1,0,4.0000,-1,25,4,17,0,46,0,0,0,0
133.289,2,0,7,0,0,0,0,-1,0,4.0000,-1,25,4,17,0,46,0,0,0,0
133.3092,2,0,7,0,0,0,0,-1,0,4.0000,-1,25,4,17,0,46,0,0,0,0
133.3468,2,0,7,0,0,0,0,-1,0,3.0000,-1,25,4,17,0,46,0,0,0,0
133.3589,2,0,7,0,0,0,0,-1,0,3.0000,-1,25,4,17,0,46,0,0,0,0
133.3724,2,0,7,0,0,0,1,169,0,3.0000,-1,25,4,17,0,46,0,0,0,0
133.3931,2,0,7,0,0,0,1,169,1,4.0000,-1,25,4,17,0,46,0,0,0,0
133.414,2,0,7,0,0,0,1,169,0,4.0000,-1,25,4,17,0,46,0,0,0,0
133.4342,2,0,7,0,0,0,1,169,0,4.0000,-1,25,4,17,0,46,0,0,0,0
133.4548,2,0,7,0,0,0,1,169,0,4.0000,-1,25,4,17,0,46,0,0,0,0
133.4751,2,0,7,0,0,0,1,169,0,4.0000,-1,25,4,17,0,46,0,0,0,0
133.4963,2,0,7,0,0,0,1,169,0,4.0000,-1,25,4,17,0,46,0,0,0,0
133.5163,2,0,7,0,0,0,1,169,0,4.0000,-1,25,4,17,0,46,0,0,0,0
133.5546,2,0,7,0,0,0,1,169,0,4.0000,-1,25,4,17,0,46,0,0,0,0
133.5666,2,0,7,0,0,0,1,169,0,4.0000,-1,25,4,17,0,46,0,0,0,0
133.5809,2,0,7,0,0,0,1,169,0,4.0000,-1,25,4,17,0,46,0,0,0,0
133.6025,2,0,7,0,1,0,1,169,1,4.0000,-1,25,4,17,0,46,0,0,0,0
133.6229,2,0,7,0,1,0,0,-1,0,4.0000,-1,25,4,17,0,46,0,0,0,0
133.6427,2,0,7,0,1,0,0,-1,0,4.0000,-1,25,4,17,0,46,0,0,0,0
133.6635,2,0,7,0,1,0,0,-1,0,4.0000,-1,25,4,17,0,46,0,0,0,0
133.6833,2,0,7,0,1,0,1,170,0,4.0000,-1,25,4,17,0,46,0,0,0,0
133.7041,2,0,7,0,1,0,1,170,0,4.0000,-1,25,4,17,0,46,0,0,0,0
133.7244,2,0,7,0,1,0,1,170,0,4.0000,-1,25,4,17,0,46,0,0,0,0
133.7457,2,0,7,0,1,0,0,-1,0,4.0000,-1,25,4,17,0,46,0,0,0,0
133.766,2,0,7,0,1,0,0,-1,0,4.0000,-1,25,4,17,0,46,0,0,0,0
133.7868,2,0,7,0,1,0,0,-1,1,5.0000,-1,25,4,17,0,46,0,0,0,0
133.808,2,0,7,0,1,0,0,-1,0,5.0000,-1,25,4,17,0,46,0,0,0,0
133.8297,2,0,7,0,1,0,0,-1,0,5.0000,-1,25,4,17,0,46,0,0,0,0
133.8492,2,0,7,0,1,0,0,-1,0,5.0000,-1,25,4,17,0,46,0,0,0,0
133.8708,2,0,7,0,1,0,0,-1,0,4.0000,-1,25,4,17,0,46,0,0,0,0
133.8909,2,0,7,0,1,0,0,-1,0,4.0000,-1,25,4,17,0,46,0,0,0,0
133.9119,2,0,7,0,1,0,0,-1,0,4.0000,-1,25,4,17,0,46,0,0,0,0
133.9324,2,0,7,0,1,0,0,-1,0,4.0000,-1,25,4,17,0,46,0,0,0,0
133.9532,2,0,7,0,1,0,0,-1,0,4.0000,-1,25,4,17,0,46,0,0,0,0
133.9736,2,0,7,0,1,0,0,-1,0,4.0000,-1,25,4,17,0,46,0,0,0,0
133.9934,2,0,7,0,1,0,0,-1,0,4.0000,-1,25,4,17,0,46,0,0,0,0
134.0144,2,0,7,0,1,0,0,-1,0,4.0000,-1,25,4,17,0,46,0,0,0,0
134.0343,2,0,7,0,1,0,0,-1,0,4.0000,-1,25,4,17,0,46,0,0,0,0
134.0555,2,0,7,0,1,0,0,-1,0,4.0000,-1,25,4,17,0,46,0,0,0,0
134.0762,2,0,7,0,1,0,0,-1,1,5.0000,-1,25,4,17,0,46,0,0,0,0
134.0987,2,0,7,0,1,0,0,-1,0,5.0000,-1,25,4,17,0,46,0,0,0,0
134.1165,2,0,7,0,1,0,1,172,0,4.0000,-1,25,4,17,0,46,0,0,0,0
134.1375,2,0,7,0,1,0,1,172,0,4.0000,-1,25,4,17,0,46,0,0,0,0
134.1586,2,0,7,0,0,0,1,172,0,4.0000,-1,25,4,17,0,46,0,0,0,0
134.1791,2,0,7,0,0,0,0,-1,0,4.0000,-1,25,4,17,0,46,0,0,0,0
134.2006,2,0,7,0,0,0,0,-1,0,4.0000,-1,25,4,17,0,46,0,0,0,0
134.2226,2,0,7,0,0,0,0,-1,0,4.0000,-1,25,4,17,0,46,0,0,0,0
134.243,2,0,7,0,0,0,0,-1,0,4.0000,-1,25,4,17,0,46,0,0,0,0
134.2631,2,0,7,0,0,0,0,-1,0,4.0000,-1,25,4,17,0,46,0,0,0,0
134.283,2,0,7,0,0,0,0,-1,1,5.0000,-1,25,4,17,0,46,0,0,0,0
134.3059,2,0,7,0,0,0,0,-1,0,5.0000,-1,25,4,17,0,46,0,0,0,0
134.3282,2,0,7,0,0,0,0,-1,0,5.0000,-1,25,4,17,0,46,0,0,0,0
134.3476,2,0,7,0,0,0,0,-1,0,5.0000,-1,25,4,17,0,46,0,0,0,0
134.3907,2,0,7,0,0,0,0,-1,0,5.0000,-1,25,4,17,0,46,0,0,0,0
134.4032,2,0,7,0,0,0,0,-1,0,4.0000,-1,25,4,17,0,46,0,0,0,0
134.4167,2,0,7,0,0,0,0,-1,0,4.0000,-1,25,4,17,0,46,0,0,0,0
134.4392,2,0,7,0,0,0,0,-1,0,4.0000,-1,25,4,17,0,46,0,0,0,0
134.4615,2,0,7,0,0,0,0,-1,1,5.0000,-1,25,4,17,0,46,0,0,0,0
134.4838,2,0,7,0,0,0,0,-1,1,6.0000,-1,25,4,17,0,46,0,0,0,0
134.506,2,0,7,0,0,0,0,-1,0,6.0000,-1,25,4,17,0,46,0,0,0,0
134.5276,2,0,7,0,0,0,0,-1,0,6.0000,-1,25,4,17,0,46,0,0,0,0
134.5496,2,0,7,0,0,0,0,-1,0,6.0000,-1,25,4,17,0,46,0,0,0,0
134.5728,2,0,7,0,0,0,0,-1,0,6.0000,-1,25,4,17,0,46,0,0,0,0
134.595,2,0,7,0,0,0,0,-1,0,6.0000,-1,25,4,17,0,46,0,0,0,0
134.6154,2,0,7,0,0,0,0,-1,0,5.0000,-1,25,4,17,0,46,0,0,0,0
134.637,2,0,7,0,0,0,0,-1,0,5.0000,-1,25,4,17,0,46,0,0,0,0
134.6582,2,0,7,0,0,0,0,-1,0,5.0000,-1,25,4,17,0,46,0,0,0,0
134.68,2,0,7,0,0,0,0,-1,0,5.0000,-1,25,4,17,0,46,0,0,0,0
134.7024,2,0,7,0,0,0,0,-1,0,5.0000,-1,25,4,17,0,46,0,0,0,0
134.7232,2,0,7,0,0,0,0,-1,0,5.0000,-1,25,4,17,0,46,0,0,0,0
134.7445,2,0,7,0,0,0,0,-1,0,5.0000,-1,25,4,17,0,46,0,0,0,0
134.7655,2,0,7,0,0,0,0,-1,1,6.0000,-1,25,4,17,0,46,0,0,0,0
134.8044,2,0,7,0,0,0,0,-1,0,5.0000,-1,25,4,17,0,46,0,0,0,0
134.8164,2,0,7,0,0,0,0,-1,0,5.0000,-1,25,4,17,0,46,0,0,0,0
134.8314,2,0,7,0,0,0,0,-1,0,5.0000,-1,25,4,17,0,46,0,0,0,0
134.8522,2,0,7,0,0,0,0,-1,0,5.0000,-1,25,4,17,0,46,0,0,0,0
134.8733,2,0,7,0,0,0,0,-1,0,5.0000,-1,25,4,17,0,46,0,0,0,0
134.8934,2,0,7,1,0,0,0,-1,0,5.0000,-1,25,4,17,0,46,0,0,0,0
134.9141,2,0,7,1,0,0,0,-1,0,5.0000,-1,25,4,17,0,46,0,0,0,0
134.9351,2,0,7,1,0,0,0,-1,0,5.0000,-1,25,4,17,0,46,0,0,0,0
134.9562,2,0,7,1,0,0,0,-1,0,5.0000,-1,25,4,17,0,46,0,0,0,0
134.9773,2,0,7,1,0,0,0,-1,0,5.0000,-1,25,4,17,0,46,0,0,0,0
135.0172,2,0,7,1,0,0,0,-1,0,5.0000,-1,25,4,17,0,46,0,0,0,0
135.0293,2,0,7,1,0,0,0,-1,0,5.0000,-1,25,4,17,0,46,0,0,0,0
135.0437,2,0,7,1,0,0,0,-1,1,6.0000,-1,25,4,17,0,46,0,0,0,0
135.0652,2,0,7,1,0,0,0,-1,0,6.0000,-1,25,4,17,0,46,0,0,0,0
135.086,2,0,7,1,0,0,0,-1,0,5.0000,-1,25,4,17,0,46,0,0,0,0
135.1067,2,0,7,1,0,0,0,-1,0,5.0000,-1,25,4,17,0,46,0,0,0,0
135.1275,2,0,7,1,0,0,0,-1,0,5.0000,-1,25,4,17,0,46,0,0,0,0
135.1483,2,0,7,1,0,0,0,-1,0,5.0000,-1,25,4,17,0,46,0,0,0,0
135.1689,2,0,7,1,0,0,0,-1,0,5.0000,-1,25,4,17,0,46,0,0,0,0
135.1908,2,0,7,1,0,0,0,-1,0,5.0000,-1,25,4,17,0,46,0,0,0,0
135.2319,2,0,7,1,0,0,0,-1,1,6.0000,-1,25,4,17,0,46,0,0,0,0
135.2444,2,0,7,1,0,0,0,-1,0,6.0000,-1,25,4,17,0,46,0,0,0,0
135.2603,2,0,7,1,0,0,0,-1,0,6.0000,-1,25,4,17,0,46,0,0,0,0
135.2832,2,0,7,1,0,0,0,-1,0,5.0000,-1,25,4,17,0,46,0,0,0,0
135.3065,2,0,7,1,0,0,0,-1,0,5.0000,-1,25,4,17,0,46,0,0,0,0
135.3295,2,0,7,0,0,0,0,-1,0,5.0000,-1,25,4,17,0,46,0,0,0,0
135.353,2,0,7,0,0,0,0,-1,0,5.0000,-1,25,4,17,0,46,0,0,0,0
135.3763,2,0,7,0,0,0,0,-1,0,5.0000,-1,25,4,17,0,46,0,0,0,0
135.3996,2,0,7,0,0,0,0,-1,1,6.0000,-1,25,4,17,0,46,0,0,0,0
135.4405,2,0,7,0,0,0,0,-1,0,6.0000,-1,25,4,17,0,46,0,0,0,0
135.4517,2,0,7,0,0,0,0,-1,0,6.0000,-1,25,4,17,0,46,0,0,0,0
135.4674,2,0,7,0,0,0,0,-1,0,5.0000,-1,25,4,17,0,46,0,0,0,0
135.4886,2,0,7,0,0,0,0,-1,0,4.0000,-1,25,4,17,0,46,0,0,0,0
135.5103,2,0,7,0,0,0,0,-1,0,4.0000,-1,25,4,17,0,46,0,0,0,0
135.5299,2,0,7,0,0,0,0,-1,0,4.0000,-1,25,4,17,0,46,0,0,0,0
135.5501,2,0,7,0,0,0,0,-1,0,4.0000,-1,25,4,17,0,46,0,0,0,0
135.5702,2,0,7,0,0,0,0,-1,0,4.0000,-1,25,4,17,0,46,0,0,0,0
135.5897,2,0,7,0,0,0,0,-1,0,4.0000,-1,25,4,17,0,46,0,0,0,0
135.6095,2,0,7,0,0,0,0,-1,1,5.0000,-1,25,4,17,0,46,0,0,0,0
135.6461,2,0,7,0,0,0,0,-1,1,6.0000,-1,25,4,17,0,46,0,0,0,0
135.6571,2,0,7,0,0,0,0,-1,0,6.0000,-1,25,4,17,0,46,0,0,0,0
135.6711,2,0,7,0,1,0,0,-1,0,6.0000,-1,25,4,17,0,46,0,0,0,0
135.6914,2,0,7,0,1,0,0,-1,0,6.0000,-1,25,4,17,0,46,0,0,0,0
135.7109,2,0,7,0,1,0,0,-1,0,6.0000,-1,25,4,17,0,46,0,0,0,0
135.7316,2,0,7,0,1,0,0,-1,0,6.0000,-1,25,4,17,0,46,0,0,0,0
135.7519,2,0,7,0,1,0,0,-1,0,6.0000,-1,25,4,17,0,46,0,0,0,0
135.7704,2,0,7,0,1,0,0,-1,0,5.0000,-1,25,4,17,0,46,0,0,0,0
135.7897,2,0,7,0,1,0,0,-1,0,5.0000,-1,25,4,17,0,46,0,0,0,0
135.8117,2,0,7,0,1,0,0,-1,0,5.0000,-1,25,4,17,0,46,0,0,0,0
135.8324,2,0,7,0,1,0,0,-1,0,5.0000,-1,25,4,17,0,46,0,0,0,0
135.8493,2,0,7,0,1,0,0,-1,0,5.0000,-1,25,4,17,0,46,0,0,0,0
135.8691,2,0,7,0,1,0,0,-1,0,5.0000,-1,25,4,17,0,46,0,0,0,0
135.8887,2,0,7,0,1,0,0,-1,0,5.0000,-1,25,4,17,0,46,0,0,0,0
135.9107,2,0,7,0,1,0,0,-1,0,5.0000,-1,25,4,17,0,46,0,0,0,0
135.9292,2,0,7,0,1,0,0,-1,0,5.0000,-1,25,4,17,0,46,0,0,0,0
135.9484,2,0,7,0,1,0,0,-1,0,5.0000,-1,25,4,17,0,46,0,0,0,0
135.9664,2,0,7,0,1,0,0,-1,0,5.0000,-1,25,4,17,0,46,0,0,0,0
135.9895,2,0,7,0,1,0,0,-1,0,5.0000,-1,25,4,17,0,46,0,0,0,0
136.0093,2,0,7,0,1,0,0,-1,0,5.0000,-1,25,4,17,0,46,0,0,0,0
136.0272,2,0,7,0,1,0,0,-1,0,5.0000,-1,25,4,17,0,46,0,0,0,0
136.0458,2,0,7,0,1,0,0,-1,0,4.0000,-1,25,4,17,0,46,0,0,0,0
136.0674,2,0,7,0,1,0,0,-1,0,4.0000,-1,25,4,17,0,46,0,0,0,0
136.0884,2,0,7,0,1,0,0,-1,0,4.0000,-1,25,4,17,0,46,0,0,0,0
136.1075,2,0,7,0,1,0,0,-1,1,5.0000,-1,25,4,17,0,46,0,0,0,0
136.1269,2,0,7,0,1,0,0,-1,0,5.0000,-1,25,4,17,0,46,0,0,0,0
136.1454,2,0,7,0,1,0,0,-1,1,6.0000,-1,25,4,17,0,46,0,0,0,0
136.167,2,0,7,0,1,0,0,-1,0,6.0000,-1,25,4,17,0,46,0,0,0,0
136.188,2,0,7,0,1,0,0,-1,0,6.0000,-1,25,4,17,0,46,0,0,0,0
136.2077,2,0,7,0,1,0,0,-1,0,6.0000,-1,25,4,17,0,46,0,0,0,0
136.2248,2,0,7,0,1,0,0,-1,0,6.0000,-1,25,4,17,0,46,0,0,0,0
136.2444,2,0,7,0,1,0,0,-1,0,5.0000,-1,25,4,17,0,46,0,0,0,0
136.2656,2,0,7,0,0,0,0,-1,0,5.0000,-1,25,4,17,0,46,0,0,0,0
136.2858,2,0,7,0,0,0,0,-1,0,5.0000,-1,25,4,17,0,46,0,0,0,0
136.3046,2,0,7,0,0,0,0,-1,0,5.0000,-1,25,4,17,0,46,0,0,0,0
136.3242,2,0,7,0,0,0,1,175,0,5.0000,-1,25,4,17,0,46,0,0,0,0
136.3455,2,0,7,0,0,0,1,175,0,5.0000,-1,25,4,17,0,46,0,0,0,0
136.3655,2,0,7,0,0,0,1,175,1,6.0000,-1,25,4,17,0,46,0,0,0,0
136.3851,2,0,7,0,0,0,1,175,0,6.0000,-1,25,4,17,0,46,0,0,0,0
136.4051,2,0,7,0,0,0,1,175,0,5.0000,-1,25,4,17,0,46,0,0,0,0
136.4245,2,0,7,0,0,0,1,175,0,5.0000,-1,25,4,17,0,46,0,0,0,0
136.4446,2,0,7,0,0,0,1,175,0,5.0000,-1,25,4,17,0,46,0,0,0,0
136.4819,2,0,7,0,0,0,1,175,0,5.0000,-1,25,4,17,0,46,0,0,0,0
136.4944,2,0,7,0,0,0,1,175,1,6.0000,-1,25,4,17,0,46,0,0,0,0
136.5071,2,0,7,0,0,0,1,174,0,6.0000,175,25,5,17,0,47,0,0,0,0
136.5275,2,0,7,0,0,0,1,174,0,6.0000,-1,25,5,17,0,47,0,0,0,0
136.5488,2,0,7,0,0,0,1,174,0,6.0000,-1,25,5,17,0,47,0,0,0,0
136.5694,2,0,7,0,0,0,1,174,0,6.0000,-1,25,5,17,0,47,0,0,0,0
136.5889,2,0,7,0,0,0,1,174,0,6.0000,-1,25,5,17,0,47,0,0,0,0
136.6084,2,0,7,0,0,0,1,174,0,6.0000,-1,25,5,17,0,47,0,0,0,0
136.6285,2,0,7,0,0,0,1,174,0,5.0000,-1,25,5,17,0,47,0,0,0,0
136.6486,2,0,7,0,0,0,1,174,1,5.0000,-1,25,5,17,0,47,0,0,0,0
136.6873,2,0,7,0,0,0,1,174,0,5.0000,-1,25,5,17,0,47,0,0,0,0
136.7003,2,0,7,0,0,0,1,174,0,5.0000,-1,25,5,17,0,47,0,0,0,0
136.7132,2,0,7,0,0,0,1,174,0,5.0000,-1,25,5,17,0,47,0,0,0,0
136.7333,2,0,7,0,0,0,1,174,0,5.0000,-1,25,5,17,0,47,0,0,0,0
136.7545,2,0,7,0,0,0,1,174,0,5.0000,-1,25,5,17,0,47,0,0,0,0
136.7743,2,0,7,0,0,0,1,174,0,5.0000,-1,25,5,17,0,47,0,0,0,0
136.7944,2,0,7,0,0,0,1,174,0,5.0000,-1,25,5,17,0,47,0,0,0,0
136.8158,2,0,7,0,0,0,1,174,1,6.0000,-1,25,5,17,0,47,0,0,0,0
136.8358,2,0,7,0,0,0,1,174,0,6.0000,-1,25,5,17,0,47,0,0,0,0
136.8553,2,0,7,0,0,0,1,174,0,6.0000,-1,25,5,17,0,47,0,0,0,0
136.8926,2,0,7,0,0,0,1,174,0,6.0000,-1,25,5,17,0,47,0,0,0,0
136.9045,2,0,7,0,0,0,0,-1,0,6.0000,174,25,6,17,0,48,0,0,0,0
136.9192,2,0,7,0,0,0,0,-1,0,6.0000,-1,25,6,17,0,48,0,0,0,0
136.94,2,0,7,0,0,0,0,-1,0,6.0000,-1,25,6,17,0,48,0,0,0,0
136.9599,2,0,7,0,0,0,0,-1,0,6.0000,-1,25,6,17,0,48,0,0,0,0
136.9787,2,0,7,0,0,0,0,-1,0,6.0000,-1,25,6,17,0,48,0,0,0,0
136.9994,2,0,7,0,0,0,0,-1,0,6.0000,-1,25,6,17,0,48,0,0,0,0
137.0213,2,0,7,0,0,0,0,-1,0,6.0000,-1,25,6,17,0,48,0,0,0,0
137.0421,2,0,7,0,0,0,0,-1,0,6.0000,-1,25,6,17,0,48,0,0,0,0
137.0621,2,0,7,0,0,0,0,-1,0,6.0000,-1,25,6,17,0,48,0,0,0,0
137.0985,2,0,7,0,0,0,0,-1,0,6.0000,-1,25,6,17,0,48,0,0,0,0
137.111,2,0,7,0,0,0,0,-1,0,5.0000,-1,25,6,17,0,48,0,0,0,0
137.1248,2,0,7,0,0,0,0,-1,0,5.0000,-1,25,6,17,0,48,0,0,0,0
137.1432,2,0,7,0,0,0,0,-1,0,5.0000,-1,25,6,17,0,48,0,0,0,0
137.1643,2,0,7,0,0,0,0,-1,0,4.0000,-1,25,6,17,0,48,0,0,0,0
137.1839,2,0,7,0,0,0,0,-1,0,4.0000,-1,25,6,17,0,48,0,0,0,0
137.2028,2,0,7,0,0,0,0,-1,0,4.0000,-1,25,6,17,0,48,0,0,0,0
137.2216,2,0,7,0,0,0,0,-1,0,4.0000,-1,25,6,17,0,48,0,0,0,0
137.2421,2,0,7,0,0,0,0,-1,0,4.0000,-1,25,6,17,0,48,0,0,0,0
137.2626,2,0,7,0,0,0,0,-1,0,4.0000,-1,25,6,17,0,48,0,0,0,0
137.2816,2,0,7,0,0,0,0,-1,0,4.0000,-1,25,6,17,0,48,0,0,0,0
137.3,2,0,7,0,0,0,0,-1,0,4.0000,-1,25,6,17,0,48,0,0,0,0
137.322,2,0,7,0,0,0,0,-1,0,4.0000,-1,25,6,17,0,48,0,0,0,0
137.3408,2,0,7,0,0,0,0,-1,0,4.0000,-1,25,6,17,0,48,0,0,0,0
137.3596,2,0,7,0,0,0,0,-1,0,4.0000,-1,25,6,17,0,48,0,0,0,0
137.3789,2,0,7,0,0,0,0,-1,0,3.0000,-1,25,6,17,0,48,0,0,0,0
137.3991,2,0,7,0,0,0,0,-1,1,4.0000,-1,25,6,17,0,48,0,0,0,0
137.4195,2,0,7,0,0,0,0,-1,0,4.0000,-1,25,6,17,0,48,0,0,0,0
137.4397,2,0,7,0,0,0,0,-1,0,4.0000,-1,25,6,17,0,48,0,0,0,0
137.4595,2,0,7,0,0,0,0,-1,0,4.0000,-1,25,6,17,0,48,0,0,0,0
137.4781,2,0,7,0,0,0,0,-1,0,4.0000,-1,25,6,17,0,48,0,0,0,0
137.4995,2,0,7,0,0,0,0,-1,0,3.0000,-1,25,6,17,0,48,0,0,0,0
137.5202,2,0,7,0,0,0,0,-1,0,3.0000,-1,25,6,17,0,48,0,0,0,0
137.5395,2,0,7,0,0,0,0,-1,0,3.0000,-1,25,6,17,0,48,0,0,0,0
137.5596,2,0,7,0,0,0,0,-1,0,3.0000,-1,25,6,17,0,48,0,0,0,0
137.5781,2,0,7,0,0,0,0,-1,0,3.0000,-1,25,6,17,0,48,0,0,0,0
137.5977,2,0,7,0,0,0,0,-1,0,3.0000,-1,25,6,17,0,48,0,0,0,0
137.6188,2,0,7,0,0,0,0,-1,0,3.0000,-1,25,6,17,0,48,0,0,0,0
137.6385,2,0,7,0,0,0,0,-1,0,3.0000,-1,25,6,17,0,48,0,0,0,0
137.6582,2,0,7,0,0,0,0,-1,0,2.0000,-1,25,6,17,0,48,0,0,0,0
137.6774,2,0,7,0,0,0,0,-1,0,2.0000,-1,25,6,17,0,48,0,0,0,0
137.6987,2,0,7,0,0,0,0,-1,0,2.0000,-1,25,6,17,0,48,0,0,0,0
137.717,2,0,7,0,0,0,0,-1,1,3.0000,-1,25,6,17,0,48,0,0,0,0
137.7346,2,0,7,0,0,0,0,-1,0,3.0000,-1,25,6,17,0,48,0,0,0,0
137.7542,2,0,7,0,0,0,0,-1,0,3.0000,-1,25,6,17,0,48,0,0,0,0
137.7735,2,0,7,0,0,0,0,-1,0,3.0000,-1,25,6,17,0,48,0,0,0,0
137.7917,2,0,7,0,0,0,1,178,0,3.0000,-1,25,6,17,0,48,0,0,0,0
137.8098,2,0,7,0,0,0,1,178,0,3.0000,-1,25,6,17,0,48,0,0,0,0
137.8297,2,0,7,0,0,0,1,178,0,2.0000,-1,25,6,17,0,48,0,0,0,0
137.8482,2,0,7,0,0,0,1,178,0,2.0000,-1,25,6,17,0,48,0,0,0,0
137.8669,2,0,7,0,0,0,1,178,0,2.0000,-1,25,6,17,0,48,0,0,0,0
137.8888,2,0,7,0,0,0,1,178,0,2.0000,-1,25,6,17,0,48,0,0,0,0
137.9052,2,0,7,0,0,0,1,178,0,2.0000,-1,25,6,17,0,48,0,0,0,0
137.9406,2,0,7,0,0,0,1,178,0,2.0000,-1,25,6,17,0,48,0,0,0,0
137.9526,2,0,7,0,0,0,1,178,0,2.0000,-1,25,6,17,0,48,0,0,0,0
137.965,2,0,7,0,0,0,1,178,0,2.0000,-1,25,6,17,0,48,0,0,0,0
137.984,2,0,7,0,0,0,1,178,0,2.0000,-1,25,6,17,0,48,0,0,0,0
138.0034,2,0,7,0,0,0,1,178,0,2.0000,-1,25,6,17,0,48,0,0,0,0
138.0225,2,0,7,0,0,0,1,178,0,2.0000,-1,25,6,17,0,48,0,0,0,0
138.0426,2,0,7,0,0,0,1,178,0,2.0000,-1,25,6,17,0,48,0,0,0,0
138.0617,2,0,7,0,0,0,1,178,0,2.0000,-1,25,6,17,0,48,0,0,0,0
138.0816,1,1,8,0,0,0,1,177,0,2.0000,178,26,6,17,0,49,0,0,0,0
138.0984,1,0,8,0,0,0,1,177,0,2.0000,-1,26,6,17,0,49,0,0,0,0
138.1196,1,0,8,0,0,0,1,177,0,2.0000,-1,26,6,17,0,49,0,0,0,0
138.1556,1,0,8,0,0,0,1,177,0,2.0000,-1,26,6,17,0,49,0,0,0,0
138.1673,1,0,8,0,0,0,1,177,0,2.0000,-1,26,6,17,0,49,0,0,0,0
138.1794,1,0,8,0,0,0,1,177,0,2.0000,-1,26,6,17,0,49,0,0,0,0
138.1978,1,0,8,0,0,0,1,177,0,2.0000,-1,26,6,17,0,49,0,0,0,0
138.2179,1,0,8,0,0,0,1,177,0,2.0000,-1,26,6,17,0,49,0,0,0,0
138.237,1,0,8,0,0,0,1,177,0,2.0000,-1,26,6,17,0,49,0,0,0,0
138.2554,1,0,8,0,0,0,1,177,0,2.0000,-1,26,6,17,0,49,0,0,0,0
138.2756,1,0,8,0,0,0,1,177,0,2.0000,-1,26,6,17,0,49,0,0,0,0
138.2944,1,0,8,0,0,0,1,177,0,2.0000,-1,26,6,17,0,49,0,0,0,0
138.3137,1,0,8,0,0,0,1,177,0,2.0000,-1,26,6,17,0,49,0,0,0,0
138.3318,1,0,8,0,0,0,1,177,0,2.0000,-1,26,6,17,0,49,0,0,0,0
138.3688,1,0,8,0,0,0,1,177,0,2.0000,-1,26,6,17,0,49,0,0,0,0
138.3803,1,0,8,0,0,0,0,-1,0,2.0000,177,27,6,17,0,50,0,0,0,0
138.3943,1,0,8,0,0,0,0,-1,0,2.0000,-1,27,6,17,0,50,0,0,0,0
138.414,1,0,8,0,0,0,0,-1,0,1.0000,-1,27,6,17,0,50,0,0,0,0
138.4323,1,0,8,0,0,0,0,-1,0,1.0000,-1,27,6,17,0,50,0,0,0,0
138.4528,1,0,8,0,0,0,0,-1,0,1.0000,-1,27,6,17,0,50,0,0,0,0
138.4712,1,0,8,0,0,0,0,-1,0,1.0000,-1,27,6,17,0,50,0,0,0,0
138.4911,1,0,8,0,0,0,0,-1,0,1.0000,-1,27,6,17,0,50,0,0,0,0
138.5099,1,0,8,0,0,0,0,-1,0,1.0000,-1,27,6,17,0,50,0,0,0,0
138.5297,1,0,8,0,0,0,0,-1,0,1.0000,-1,27,6,17,0,50,0,0,0,0
138.5492,1,0,8,0,0,0,0,-1,0,1.0000,-1,27,6,17,0,50,0,0,0,0
138.5853,1,0,8,0,0,0,0,-1,0,1.0000,-1,27,6,17,0,50,0,0,0,0
138.5969,1,0,8,0,0,0,0,-1,0,1.0000,-1,27,6,17,0,50,0,0,0,0
138.6103,1,0,8,0,0,0,0,-1,0,1.0000,-1,27,6,17,0,50,0,0,0,0
138.6294,1,0,8,0,0,0,0,-1,0,1.0000,-1,27,6,17,0,50,0,0,0,0
138.6492,1,0,8,0,0,0,0,-1,0,1.0000,-1,27,6,17,0,50,0,0,0,0
138.6675,1,0,8,0,0,0,0,-1,0,1.0000,-1,27,6,17,0,50,0,0,0,0
138.6872,1,0,8,0,0,0,0,-1,0,1.0000,-1,27,6,17,0,50,0,0,0,0
138.7084,1,0,8,0,0,0,0,-1,0,1.0000,-1,27,6,17,0,50,0,0,0,0
138.727,1,0,8,0,0,0,0,-1,0,0.0000,-1,27,6,17,0,50,0,0,0,0
138.7446,1,0,8,0,0,0,0,-1,0,0.0000,-1,27,6,17,0,50,0,0,0,0
138.7656,1,0,8,0,0,0,0,-1,0,0.0000,-1,27,6,17,0,50,0,0,0,0
138.7832,1,0,8,0,0,0,0,-1,0,0.0000,-1,27,6,17,0,50,0,0,0,0
138.8032,1,0,8,0,0,0,0,-1,0,0.0000,-1,27,6,17,0,50,0,0,0,0
138.8219,1,0,8,0,0,0,0,-1,0,0.0000,-1,27,6,17,0,50,0,0,0,0
138.8415,1,0,8,0,0,0,1,181,0,0.0000,-1,27,6,17,0,50,0,0,0,0
138.8616,1,0,8,0,0,0,1,181,0,0.0000,-1,27,6,17,0,50,0,0,0,0
138.8782,1,0,8,0,0,0,1,181,0,0.0000,-1,27,6,17,0,50,0,0,0,0
138.8998,1,0,8,0,0,0,1,181,0,0.0000,-1,27,6,17,0,50,0,0,0,0
138.9173,1,0,8,0,0,0,1,181,0,0.0000,-1,27,6,17,0,50,0,0,0,0
138.9378,1,0,8,0,0,0,1,181,0,0.0000,-1,27,6,17,0,50,0,0,0,0
138.956,1,0,8,0,0,0,1,181,0,0.0000,-1,27,6,17,0,50,0,0,0,0
138.9769,1,0,8,0,0,0,1,181,0,0.0000,-1,27,6,17,0,50,0,0,0,0
138.9947,1,0,8,0,0,0,1,181,0,0.0000,-1,27,6,17,0,50,0,0,0,0
139.0136,1,0,8,0,0,0,1,181,0,0.0000,-1,27,6,17,0,50,0,0,0,0
139.0318,1,0,8,0,0,0,1,181,0,0.0000,-1,27,6,17,0,50,0,0,0,0
139.0534,1,0,8,0,0,0,1,181,0,0.0000,-1,27,6,17,0,50,0,0,0,0
139.0719,1,0,8,0,0,0,1,181,0,0.0000,-1,27,6,17,0,50,0,0,0,0
139.09,1,0,8,0,0,0,1,181,0,0.0000,-1,27,6,17,0,50,0,0,0,0
139.1116,1,0,8,0,0,0,1,181,0,0.0000,-1,27,6,17,0,50,0,0,0,0
139.1315,1,0,8,0,0,0,1,181,0,0.0000,-1,27,6,17,0,50,0,0,0,0
139.15,1,0,8,0,0,0,1,181,0,0.0000,-1,27,6,17,0,50,0,0,0,0
139.1684,1,0,8,0,0,0,1,181,0,0.0000,-1,27,6,17,0,50,0,0,0,0
139.1877,1,0,8,0,0,0,1,181,0,0.0000,-1,27,6,17,0,50,0,0,0,0
139.2237,1,0,8,0,0,0,1,181,0,0.0000,-1,27,6,17,0,50,0,0,0,0
139.2364,1,0,8,0,0,0,1,181,0,0.0000,-1,27,6,17,0,50,0,0,0,0
139.2485,1,0,8,0,0,0,1,181,0,0.0000,-1,27,6,17,0,50,0,0,0,0
139.2664,1,0,8,0,0,0,1,181,0,0.0000,-1,27,6,17,0,50,0,0,0,0
139.2868,1,0,8,0,0,0,1,181,0,0.0000,-1,27,6,17,0,50,0,0,0,0
139.3054,1,0,8,0,0,0,1,181,0,0.0000,-1,27,6,17,0,50,0,0,0,0
139.3244,1,0,8,0,0,0,1,181,0,0.0000,-1,27,6,17,0,50,0,0,0,0
139.3424,1,0,8,0,0,0,1,181,0,0.0000,-1,27,6,17,0,50,0,0,0,0
139.3634,1,0,8,0,0,0,1,181,0,0.0000,-1,27,6,17,0,50,0,0,0,0
139.3826,1,0,8,0,0,0,1,181,0,0.0000,-1,27,6,17,0,50,0,0,0,0
139.4019,1,0,8,0,0,0,1,181,0,0.0000,-1,27,6,17,0,50,0,0,0,0
139.4222,1,0,8,0,0,0,1,181,0,0.0000,-1,27,6,17,0,50,0,0,0,0
139.4421,1,0,8,0,0,0,1,181,0,0.0000,-1,27,6,17,0,50,0,0,0,0
139.4621,1,0,8,0,0,0,1,181,0,0.0000,-1,27,6,17,0,50,0,0,0,0
139.482,1,0,8,0,0,0,1,181,0,0.0000,-1,27,6,17,0,50,0,0,0,0
139.5005,1,0,8,0,0,0,1,181,0,0.0000,-1,27,6,17,0,50,0,0,0,0
139.5225,1,0,8,0,0,0,1,181,0,0.0000,-1,27,6,17,0,50,0,0,0,0
139.5427,1,0,8,0,0,0,1,181,0,0.0000,-1,27,6,17,0,50,0,0,0,0
139.5599,1,0,8,0,0,0,1,181,0,0.0000,-1,27,6,17,0,50,0,0,0,0
139.5797,1,0,8,0,0,0,1,181,0,0.0000,-1,27,6,17,0,50,0,0,0,0
139.5999,1,0,8,0,0,0,1,181,0,0.0000,-1,27,6,17,0,50,0,0,0,0
139.6205,1,0,8,0,0,0,1,181,0,0.0000,-1,27,6,17,0,50,0,0,0,0
139.641,1,0,8,0,0,0,1,181,0,0.0000,-1,27,6,17,0,50,0,0,0,0
139.66,1,0,8,0,0,0,1,181,0,0.0000,-1,27,6,17,0,50,0,0,0,0
139.6786,1,0,8,0,0,0,0,-1,0,0.0000,181,28,6,17,0,51,0,0,0,0
139.6989,1,0,8,0,0,0,0,-1,0,0.0000,-1,28,6,17,0,51,0,0,0,0
139.7204,1,0,8,0,0,0,0,-1,0,0.0000,-1,28,6,17,0,51,0,0,0,0
139.7391,1,0,8,0,0,0,0,-1,0,0.0000,-1,28,6,17,0,51,0,0,0,0
139.7607,1,0,8,0,0,0,0,-1,0,0.0000,-1,28,6,17,0,51,0,0,0,0
139.7793,1,0,8,0,0,0,0,-1,0,0.0000,-1,28,6,17,0,51,0,0,0,0
139.7995,1,0,8,0,0,0,0,-1,0,0.0000,-1,28,6,17,0,51,0,0,0,0
139.8207,1,0,8,0,0,0,0,-1,0,0.0000,-1,28,6,17,0,51,0,0,0,0
139.8586,1,0,8,0,0,0,0,-1,0,0.0000,-1,28,6,17,0,51,0,0,0,0
139.8697,1,0,8,0,0,0,0,-1,0,0.0000,-1,28,6,17,0,51,0,0,0,0
139.8849,1,0,8,0,0,0,0,-1,0,0.0000,-1,28,6,17,0,51,0,0,0,0
139.9046,1,0,8,0,0,0,0,-1,0,0.0000,-1,28,6,17,0,51,0,0,0,0
139.9253,1,0,8,0,0,0,0,-1,0,0.0000,-1,28,6,17,0,51,0,0,0,0
139.9445,1,0,8,0,0,0,0,-1,0,0.0000,-1,28,6,17,0,51,0,0,0,0
139.9663,1,0,8,0,0,0,0,-1,0,0.0000,-1,28,6,17,0,51,0,0,0,0
139.9869,1,0,8,0,0,0,0,-1,0,0.0000,-1,28,6,17,0,51,0,0,0,0
140.0065,1,0,8,0,0,0,0,-1,0,0.0000,-1,28,6,17,0,51,0,0,0,0
140.027,1,0,8,0,0,0,0,-1,0,0.0000,-1,28,6,17,0,51,0,0,0,0
140.0458,1,0,8,0,0,0,0,-1,0,0.0000,-1,28,6,17,0,51,0,0,0,0
140.0669,1,0,8,0,0,0,0,-1,0,0.0000,-1,28,6,17,0,51,0,0,0,0
140.0875,1,0,8,1,0,0,0,-1,0,0.0000,-1,28,6,17,0,51,0,0,0,0
140.1079,1,0,8,1,0,0,0,-1,0,0.0000,-1,28,6,17,0,51,0,0,0,0
140.1285,1,0,8,1,0,0,0,-1,0,0.0000,-1,28,6,17,0,51,0,0,0,0
140.1477,1,0,8,1,0,0,0,-1,0,0.0000,-1,28,6,17,0,51,0,0,0,0
140.1676,1,0,8,1,0,0,0,-1,0,0.0000,-1,28,6,17,0,51,0,0,0,0
140.1888,1,0,8,1,0,0,0,-1,0,0.0000,-1,28,6,17,0,51,0,0,0,0
140.2093,1,0,8,1,0,0,0,-1,0,0.0000,-1,28,6,17,0,51,0,0,0,0
140.2287,1,0,8,1,0,0,0,-1,0,0.0000,-1,28,6,17,0,51,0,0,0,0
140.2669,1,0,8,1,0,0,0,-1,1,1.0000,-1,28,6,17,0,51,0,0,0,0
140.279,1,0,8,1,0,0,0,-1,0,1.0000,-1,28,6,17,0,51,0,0,0,0
140.2911,1,0,8,1,0,0,0,-1,0,1.0000,-1,28,6,17,0,51,0,0,0,0
140.3116,1,0,8,1,0,0,0,-1,0,1.0000,-1,28,6,17,0,51,0,0,0,0
140.3338,1,0,8,1,0,0,0,-1,0,1.0000,-1,28,6,17,0,51,0,0,0,0
140.3532,1,0,8,1,0,0,0,-1,0,1.0000,-1,28,6,17,0,51,0,0,0,0
140.3721,1,0,8,1,0,0,0,-1,0,1.0000,-1,28,6,17,0,51,0,0,0,0
140.3927,1,0,8,1,0,0,0,-1,0,1.0000,-1,28,6,17,0,51,0,0,0,0
140.4117,1,0,8,1,0,0,0,-1,0,1.0000,-1,28,6,17,0,51,0,0,0,0
140.4337,1,0,8,1,0,0,0,-1,0,1.0000,-1,28,6,17,0,51,0,0,0,0
140.4546,1,0,8,1,0,0,0,-1,0,1.0000,-1,28,6,17,0,51,0,0,0,0
140.4744,1,0,8,1,0,0,0,-1,0,1.0000,-1,28,6,17,0,51,0,0,0,0
140.4929,1,0,8,1,0,0,0,-1,0,1.0000,-1,28,6,17,0,51,0,0,0,0
140.5128,1,0,8,1,0,0,0,-1,0,1.0000,-1,28,6,17,0,51,0,0,0,0
140.5332,1,0,8,1,0,0,0,-1,0,1.0000,-1,28,6,17,0,51,0,0,0,0
140.5549,1,0,8,1,0,0,0,-1,0,1.0000,-1,28,6,17,0,51,0,0,0,0
140.5751,1,0,8,1,0,0,0,-1,0,1.0000,-1,28,6,17,0,51,0,0,0,0
140.5948,1,0,8,1,0,0,0,-1,0,1.0000,-1,28,6,17,0,51,0,0,0,0
140.614,1,0,8,1,0,0,0,-1,0,1.0000,-1,28,6,17,0,51,0,0,0,0
140.6333,1,0,8,1,0,0,0,-1,0,1.0000,-1,28,6,17,0,51,0,0,0,0
140.6566,1,0,8,1,0,0,0,-1,0,1.0000,-1,28,6,17,0,51,0,0,0,0
140.6944,1,0,8,1,0,0,0,-1,0,1.0000,-1,28,6,17,0,51,0,0,0,0
140.7068,1,0,8,1,0,0,0,-1,0,1.0000,-1,28,6,17,0,51,0,0,0,0
140.7203,1,0,8,1,0,0,0,-1,0,1.0000,-1,28,6,17,0,51,0,0,0,0
140.7414,1,0,8,1,0,0,0,-1,0,1.0000,-1,28,6,17,0,51,0,0,0,0
140.7611,1,0,8,1,0,0,0,-1,0,1.0000,-1,28,6,17,0,51,0,0,0,0
140.7815,1,0,8,1,0,0,0,-1,0,1.0000,-1,28,6,17,0,51,0,0,0,0
140.8004,1,0,8,1,0,0,0,-1,0,1.0000,-1,28,6,17,0,51,0,0,0,0
140.8222,1,0,8,1,0,0,0,-1,0,1.0000,-1,28,6,17,0,51,0,0,0,0
140.8421,1,0,8,1,0,0,0,-1,0,1.0000,-1,28,6,17,0,51,0,0,0,0
140.8617,1,0,8,1,0,0,0,-1,0,1.0000,-1,28,6,17,0,51,0,0,0,0
140.8821,1,0,8,1,0,0,0,-1,0,1.0000,-1,28,6,17,0,51,0,0,0,0
140.9016,1,0,8,1,0,0,1,185,0,1.0000,-1,28,6,17,0,51,0,0,0,0
140.9236,1,0,8,1,0,0,1,185,0,1.0000,-1,28,6,17,0,51,0,0,0,0
140.9452,1,0,8,1,0,0,1,185,0,1.0000,-1,28,6,17,0,51,0,0,0,0
140.9641,1,0,8,1,0,0,1,185,0,1.0000,-1,28,6,17,0,51,0,0,0,0
140.9842,1,0,8,1,0,0,1,185,0,1.0000,-1,28,6,17,0,51,0,0,0,0
141.0043,1,0,8,1,0,0,1,185,0,1.0000,-1,28,6,17,0,51,0,0,0,0
141.0237,1,0,8,1,0,0,1,185,0,1.0000,-1,28,6,17,0,51,0,0,0,0
141.0437,1,0,8,1,0,0,1,185,0,1.0000,-1,28,6,17,0,51,0,0,0,0
141.0667,1,0,8,1,0,0,1,185,0,1.0000,-1,28,6,17,0,51,0,0,0,0
141.1024,1,0,8,1,0,0,1,185,0,1.0000,-1,28,6,17,0,51,0,0,0,0
141.1136,1,0,8,1,0,0,1,185,0,1.0000,-1,28,6,17,0,51,0,0,0,0
141.1283,1,0,8,1,0,0,1,185,0,1.0000,-1,28,6,17,0,51,0,0,0,0
141.1487,1,0,8,1,0,0,1,185,0,1.0000,-1,28,6,17,0,51,0,0,0,0
141.1694,1,0,8,1,0,0,1,185,0,1.0000,-1,28,6,17,0,51,0,0,0,0
141.1902,1,0,8,1,0,0,1,185,0,1.0000,-1,28,6,17,0,51,0,0,0,0
141.21,1,0,8,1,0,0,1,185,0,1.0000,-1,28,6,17,0,51,0,0,0,0
141.2315,1,0,8,1,0,0,1,185,0,1.0000,-1,28,6,17,0,51,0,0,0,0
141.2533,1,0,8,1,0,0,1,185,0,1.0000,-1,28,6,17,0,51,0,0,0,0
141.2717,1,0,8,1,0,0,1,185,0,0.0000,-1,28,6,17,0,51,0,0,0,0
141.2906,1,0,8,1,0,0,1,185,0,0.0000,-1,28,6,17,0,51,0,0,0,0
141.311,1,0,8,1,0,0,1,185,0,0.0000,-1,28,6,17,0,51,0,0,0,0
141.3331,1,0,8,1,0,0,1,185,0,0.0000,-1,28,6,17,0,51,0,0,0,0
141.3525,1,0,8,1,0,0,1,185,0,0.0000,-1,28,6,17,0,51,0,0,0,0
141.3727,1,0,8,1,0,0,1,185,0,0.0000,-1,28,6,17,0,51,0,0,0,0
141.3911,1,0,8,1,0,0,1,185,0,0.0000,-1,28,6,17,0,51,0,0,0,0
141.4113,1,0,8,1,0,0,1,185,0,0.0000,-1,28,6,17,0,51,0,0,0,0
141.4327,1,0,8,1,0,0,1,185,0,0.0000,-1,28,6,17,0,51,0,0,0,0
141.4526,1,0,8,1,0,0,1,185,0,0.0000,-1,28,6,17,0,51,0,0,0,0
141.4725,1,0,8,1,0,0,1,185,1,1.0000,-1,28,6,17,0,51,0,0,0,0
141.5113,1,0,8,1,0,0,1,185,0,1.0000,-1,28,6,17,0,51,0,0,0,0
141.5235,1,0,8,1,0,0,1,185,0,1.0000,-1,28,6,17,0,51,0,0,0,0
141.5361,1,0,8,1,0,0,1,185,0,1.0000,-1,28,6,17,0,51,0,0,0,0
141.5558,1,0,8,1,0,0,1,185,0,1.0000,-1,28,6,17,0,51,0,0,0,0
141.578,1,0,8,1,0,0,1,185,0,1.0000,-1,28,6,17,0,51,0,0,0,0
141.5979,1,0,8,1,0,0,1,185,0,1.0000,-1,28,6,17,0,51,0,0,0,0
141.6173,1,0,8,1,0,0,1,185,0,1.0000,-1,28,6,17,0,51,0,0,0,0
141.6385,1,0,8,1,0,0,1,185,0,1.0000,-1,28,6,17,0,51,0,0,0,0
141.659,1,0,8,1,0,0,1,185,0,1.0000,-1,28,6,17,0,51,0,0,0,0
141.6793,1,0,8,1,0,0,0,-1,0,1.0000,185,29,6,17,0,52,0,0,0,0
141.7006,1,0,8,1,0,0,0,-1,0,1.0000,-1,29,6,17,0,52,0,0,0,0
141.722,1,0,8,1,0,0,0,-1,0,1.0000,-1,29,6,17,0,52,0,0,0,0
141.7424,1,0,8,1,0,0,0,-1,0,1.0000,-1,29,6,17,0,52,0,0,0,0
141.7633,1,0,8,1,0,0,0,-1,0,1.0000,-1,29,6,17,0,52,0,0,0,0
141.7844,1,0,8,1,0,0,0,-1,0,1.0000,-1,29,6,17,0,52,0,0,0,0
141.805,1,0,8,1,0,0,0,-1,0,1.0000,-1,29,6,17,0,52,0,0,0,0
141.8271,1,0,8,1,0,0,0,-1,0,1.0000,-1,29,6,17,0,52,0,0,0,0
141.8479,1,0,8,1,0,0,0,-1,0,1.0000,-1,29,6,17,0,52,0,0,0,0
141.8691,1,0,8,1,0,0,0,-1,0,1.0000,-1,29,6,17,0,52,0,0,0,0
141.8904,1,0,8,1,0,0,0,-1,0,1.0000,-1,29,6,17,0,52,0,0,0,0
141.9284,1,0,8,1,0,0,0,-1,0,1.0000,-1,29,6,17,0,52,0,0,0,0
141.9405,1,0,8,1,0,0,0,-1,0,1.0000,-1,29,6,17,0,52,0,0,0,0
141.9548,1,0,8,1,0,0,0,-1,0,1.0000,-1,29,6,17,0,52,0,0,0,0
141.9752,1,0,8,1,0,0,0,-1,0,1.0000,-1,29,6,17,0,52,0,0,0,0
141.9959,1,0,8,1,0,0,0,-1,0,1.0000,-1,29,6,17,0,52,0,0,0,0
142.0177,1,0,8,1,0,0,0,-1,0,1.0000,-1,29,6,17,0,52,0,0,0,0
142.0384,1,0,8,1,0,0,0,-1,0,1.0000,-1,29,6,17,0,52,0,0,0,0
142.0592,1,0,8,1,0,0,0,-1,0,1.0000,-1,29,6,17,0,52,0,0,0,0
142.0802,1,0,8,0,0,0,0,-1,0,1.0000,-1,29,6,17,0,52,0,0,0,0
142.1015,1,0,8,0,0,0,0,-1,0,1.0000,-1,29,6,17,0,52,0,0,0,0
142.1405,1,0,8,0,0,0,0,-1,0,1.0000,-1,29,6,17,0,52,0,0,0,0
142.1526,1,0,8,0,0,0,0,-1,0,1.0000,-1,29,6,17,0,52,0,0,0,0
142.1678,1,0,8,0,0,0,1,188,0,1.0000,-1,29,6,17,0,52,0,0,0,0
142.1888,1,0,8,0,0,0,1,188,0,1.0000,-1,29,6,17,0,52,0,0,0,0
142.2096,1,0,8,0,0,0,1,188,0,1.0000,-1,29,6,17,0,52,0,0,0,0
142.23,1,0,8,0,0,0,1,188,0,1.0000,-1,29,6,17,0,52,0,0,0,0
142.2516,1,0,8,0,0,0,1,188,0,1.0000,-1,29,6,17,0,52,0,0,0,0
142.2717,1,0,8,0,0,0,1,188,0,1.0000,-1,29,6,17,0,52,0,0,0,0
142.2926,1,0,8,0,0,0,1,188,0,1.0000,-1,29,6,17,0,52,0,0,0,0
142.3153,1,0,8,0,0,0,1,188,0,1.0000,-1,29,6,17,0,52,0,0,0,0
142.3354,1,0,8,0,0,0,1,188,0,1.0000,-1,29,6,17,0,52,0,0,0,0
142.3572,1,0,8,0,0,0,1,188,0,1.0000,-1,29,6,17,0,52,0,0,0,0
142.3777,1,0,8,0,0,0,1,188,0,1.0000,-1,29,6,17,0,52,0,0,0,0
142.3989,1,0,8,0,0,0,1,188,0,1.0000,-1,29,6,17,0,52,0,0,0,0
142.4199,1,0,8,0,0,0,1,188,0,1.0000,-1,29,6,17,0,52,0,0,0,0
142.4391,1,0,8,0,0,0,1,188,0,1.0000,-1,29,6,17,0,52,0,0,0,0
142.4601,1,0,8,0,0,0,1,188,0,1.0000,-1,29,6,17,0,52,0,0,0,0
142.4812,1,0,8,0,0,0,1,188,0,0.0000,-1,29,6,17,0,52,0,0,0,0
142.5031,1,0,8,0,0,0,1,188,0,0.0000,-1,29,6,17,0,52,0,0,0,0
142.5251,1,0,8,0,0,0,1,188,0,0.0000,-1,29,6,17,0,52,0,0,0,0
142.5657,1,0,8,0,0,0,1,188,0,0.0000,-1,29,6,17,0,52,0,0,0,0
142.5787,1,0,8,0,0,0,1,188,0,0.0000,-1,29,6,17,0,52,0,0,0,0
142.5929,1,0,8,0,0,0,0,-1,0,0.0000,188,30,6,17,0,53,0,0,0,0
142.6149,1,0,8,0,0,0,0,-1,0,0.0000,-1,30,6,17,0,53,0,0,0,0
142.6377,1,0,8,0,0,0,0,-1,0,0.0000,-1,30,6,17,0,53,0,0,0,0
142.6603,1,0,8,0,0,0,0,-1,0,0.0000,-1,30,6,17,0,53,0,0,0,0
142.6815,1,0,8,0,0,0,0,-1,0,0.0000,-1,30,6,17,0,53,0,0,0,0
142.7041,1,0,8,0,0,0,0,-1,0,0.0000,-1,30,6,17,0,53,0,0,0,0
142.7258,1,0,8,0,1,0,0,-1,0,0.0000,-1,30,6,17,0,53,0,0,0,0
142.7649,1,0,8,0,1,0,0,-1,0,0.0000,-1,30,6,17,0,53,0,0,0,0
142.7786,1,0,8,0,1,0,0,-1,0,0.0000,-1,30,6,17,0,53,0,0,0,0
142.7918,1,0,8,0,1,0,0,-1,0,0.0000,-1,30,6,17,0,53,0,0,0,0
142.8136,1,0,8,0,1,0,0,-1,0,0.0000,-1,30,6,17,0,53,0,0,0,0
142.8364,1,0,8,0,1,0,0,-1,0,0.0000,-1,30,6,17,0,53,0,0,0,0
142.8566,1,0,8,0,1,0,0,-1,0,0.0000,-1,30,6,17,0,53,0,0,0,0
142.8759,1,0,8,0,1,0,0,-1,0,0.0000,-1,30,6,17,0,53,0,0,0,0
142.897,1,0,8,0,1,0,0,-1,0,0.0000,-1,30,6,17,0,53,0,0,0,0
142.9158,1,0,8,0,1,0,0,-1,0,0.0000,-1,30,6,17,0,53,0,0,0,0
142.935,1,0,8,0,1,0,0,-1,0,0.0000,-1,30,6,17,0,53,0,0,0,0
142.9763,1,0,8,0,1,0,0,-1,0,0.0000,-1,30,6,17,0,53,0,0,0,0
142.9913,1,0,8,0,1,0,0,-1,0,0.0000,-1,30,6,17,0,53,0,0,0,0
143.0051,1,0,8,0,1,0,0,-1,0,0.0000,-1,30,6,17,0,53,0,0,0,0
143.0226,1,0,8,0,1,0,0,-1,0,0.0000,-1,30,6,17,0,53,0,0,0,0
143.0426,1,0,8,0,1,0,0,-1,0,0.0000,-1,30,6,17,0,53,0,0,0,0
143.062,1,0,8,0,1,0,0,-1,1,1.0000,-1,30,6,17,0,53,0,0,0,0
143.083,1,0,8,0,1,0,0,-1,0,1.0000,-1,30,6,17,0,53,0,0,0,0
143.1029,1,0,8,0,1,0,0,-1,0,1.0000,-1,30,6,17,0,53,0,0,0,0
143.1237,1,0,8,0,1,0,0,-1,0,1.0000,-1,30,6,17,0,53,0,0,0,0
143.146,1,0,8,0,1,0,0,-1,0,1.0000,-1,30,6,17,0,53,0,0,0,0
143.1822,1,0,8,0,1,0,1,190,0,1.0000,-1,30,6,17,0,53,0,0,0,0
143.1966,1,0,8,0,1,0,1,190,0,1.0000,-1,30,6,17,0,53,0,0,0,0
143.2089,1,0,8,0,1,0,1,190,0,1.0000,-1,30,6,17,0,53,0,0,0,0
143.2279,1,0,8,0,1,0,1,190,0,1.0000,-1,30,6,17,0,53,0,0,0,0
143.2495,1,0,8,0,1,0,1,190,0,1.0000,-1,30,6,17,0,53,0,0,0,0
143.2704,1,0,8,0,1,0,1,190,0,1.0000,-1,30,6,17,0,53,0,0,0,0
143.2907,1,0,8,0,0,0,1,190,0,1.0000,-1,30,6,17,0,53,0,0,0,0
143.3116,1,0,8,0,0,0,0,-1,0,1.0000,-1,30,6,17,0,53,0,0,0,0
143.3337,1,0,8,0,0,0,0,-1,0,1.0000,-1,30,6,17,0,53,0,0,0,0
143.3549,1,0,8,0,0,0,0,-1,0,1.0000,-1,30,6,17,0,53,0,0,0,0
143.3925,1,0,8,0,0,0,0,-1,0,1.0000,-1,30,6,17,0,53,0,0,0,0
143.4046,1,0,8,0,0,0,0,-1,0,1.0000,-1,30,6,17,0,53,0,0,0,0
143.4174,1,0,8,0,0,0,0,-1,0,1.0000,-1,30,6,17,0,53,0,0,0,0
143.4381,1,0,8,0,0,0,0,-1,0,1.0000,-1,30,6,17,0,53,0,0,0,0
143.4591,1,0,8,0,0,0,0,-1,0,1.0000,-1,30,6,17,0,53,0,0,0,0
143.4807,1,0,8,0,0,0,0,-1,0,1.0000,-1,30,6,17,0,53,0,0,0,0
143.5006,1,0,8,0,0,0,0,-1,0,1.0000,-1,30,6,17,0,53,0,0,0,0
143.5221,1,0,8,0,0,0,0,-1,0,1.0000,-1,30,6,17,0,53,0,0,0,0
143.5434,1,0,8,0,0,0,0,-1,0,1.0000,-1,30,6,17,0,53,0,0,0,0
143.5635,1,0,8,0,0,0,0,-1,0,1.0000,-1,30,6,17,0,53,0,0,0,0
143.6018,1,0,8,0,0,0,0,-1,0,1.0000,-1,30,6,17,0,53,0,0,0,0
143.6136,1,0,8,0,0,0,0,-1,0,1.0000,-1,30,6,17,0,53,0,0,0,0
143.627,1,0,8,0,0,0,0,-1,0,1.0000,-1,30,6,17,0,53,0,0,0,0
143.6476,1,0,8,0,0,0,0,-1,0,1.0000,-1,30,6,17,0,53,0,0,0,0
143.6679,1,0,8,0,0,0,0,-1,0,1.0000,-1,30,6,17,0,53,0,0,0,0
143.6888,1,0,8,0,0,0,0,-1,0,1.0000,-1,30,6,17,0,53,0,0,0,0
143.71,1,0,8,0,0,0,0,-1,0,1.0000,-1,30,6,17,0,53,0,0,0,0
143.7286,1,0,8,0,0,0,0,-1,0,1.0000,-1,30,6,17,0,53,0,0,0,0
143.7486,1,0,8,0,0,0,0,-1,0,1.0000,-1,30,6,17,0,53,0,0,0,0
143.7694,1,0,8,0,0,0,0,-1,0,1.0000,-1,30,6,17,0,53,0,0,0,0
143.8085,1,0,8,0,0,0,0,-1,0,1.0000,-1,30,6,17,0,53,0,0,0,0
143.8199,1,0,8,0,0,0,0,-1,0,1.0000,-1,30,6,17,0,53,0,0,0,0
143.8339,1,0,8,0,0,0,0,-1,0,1.0000,-1,30,6,17,0,53,0,0,0,0
143.8542,1,0,8,0,0,0,0,-1,0,1.0000,-1,30,6,17,0,53,0,0,0,0
143.8728,1,0,8,0,0,0,0,-1,0,1.0000,-1,30,6,17,0,53,0,0,0,0
143.8941,1,0,8,0,0,0,0,-1,0,1.0000,-1,30,6,17,0,53,0,0,0,0
143.914,1,0,8,0,0,0,0,-1,0,1.0000,-1,30,6,17,0,53,0,0,0,0
143.9351,1,0,8,0,0,0,0,-1,0,1.0000,-1,30,6,17,0,53,0,0,0,0
143.9553,1,0,8,0,0,0,0,-1,0,1.0000,-1,30,6,17,0,53,0,0,0,0
143.9772,1,0,8,0,0,0,0,-1,0,1.0000,-1,30,6,17,0,53,0,0,0,0
144.0132,1,0,8,0,0,0,0,-1,0,1.0000,-1,30,6,17,0,53,0,0,0,0
144.0248,1,0,8,0,0,0,0,-1,0,1.0000,-1,30,6,17,0,53,0,0,0,0
144.0373,1,0,8,0,0,0,0,-1,0,1.0000,-1,30,6,17,0,53,0,0,0,0
144.0575,1,0,8,0,0,0,0,-1,0,1.0000,-1,30,6,17,0,53,0,0,0,0
144.0782,1,0,8,0,0,0,0,-1,0,0.0000,-1,30,6,17,0,53,0,0,0,0
144.0986,1,0,8,0,0,0,0,-1,0,0.0000,-1,30,6,17,0,53,0,0,0,0
144.118,1,0,8,0,0,0,0,-1,0,0.0000,-1,30,6,17,0,53,0,0,0,0
144.1393,1,0,8,0,0,0,0,-1,0,0.0000,-1,30,6,17,0,53,0,0,0,0
144.1589,1,0,8,0,0,0,0,-1,0,0.0000,-1,30,6,17,0,53,0,0,0,0
144.1789,1,0,8,0,0,0,0,-1,0,0.0000,-1,30,6,17,0,53,0,0,0,0
144.1996,1,0,8,0,0,0,0,-1,0,0.0000,-1,30,6,17,0,53,0,0,0,0
144.2202,1,0,8,0,0,0,0,-1,0,0.0000,-1,30,6,17,0,53,0,0,0,0
144.2387,1,0,8,0,0,0,0,-1,0,0.0000,-1,30,6,17,0,53,0,0,0,0
144.2584,1,0,8,0,0,0,0,-1,0,0.0000,-1,30,6,17,0,53,0,0,0,0
144.2792,1,0,8,0,0,0,0,-1,0,0.0000,-1,30,6,17,0,53,0,0,0,0
144.3001,1,0,8,0,0,0,0,-1,0,0.0000,-1,30,6,17,0,53,0,0,0,0
144.3206,1,0,8,0,0,0,0,-1,0,0.0000,-1,30,6,17,0,53,0,0,0,0
144.3381,1,0,8,0,0,0,0,-1,0,0.0000,-1,30,6,17,0,53,0,0,0,0
144.3581,1,0,8,0,0,0,0,-1,0,0.0000,-1,30,6,17,0,53,0,0,0,0
144.3785,1,0,8,0,0,0,0,-1,0,0.0000,-1,30,6,17,0,53,0,0,0,0
144.3985,1,0,8,0,0,0,0,-1,0,0.0000,-1,30,6,17,0,53,0,0,0,0
144.4192,1,0,8,0,0,0,0,-1,0,0.0000,-1,30,6,17,0,53,0,0,0,0
144.4383,1,0,8,0,0,0,0,-1,0,0.0000,-1,30,6,17,0,53,0,0,0,0
144.4584,1,0,8,0,0,0,0,-1,0,0.0000,-1,30,6,17,0,53,0,0,0,0
144.4792,1,0,8,0,0,0,0,-1,0,0.0000,-1,30,6,17,0,53,0,0,0,0
144.5006,1,0,8,0,0,0,0,-1,0,0.0000,-1,30,6,17,0,53,0,0,0,0
144.5198,1,0,8,0,0,0,0,-1,0,0.0000,-1,30,6,17,0,53,0,0,0,0
144.539,1,0,8,0,0,0,0,-1,0,0.0000,-1,30,6,17,0,53,0,0,0,0
144.5591,1,0,8,0,0,0,0,-1,0,0.0000,-1,30,6,17,0,53,0,0,0,0
144.579,1,0,8,0,0,0,0,-1,0,0.0000,-1,30,6,17,0,53,0,0,0,0
144.5996,1,0,8,0,0,0,0,-1,0,0.0000,-1,30,6,17,0,53,0,0,0,0
144.622,1,0,8,0,0,0,0,-1,0,0.0000,-1,30,6,17,0,53,0,0,0,0
144.6398,1,0,8,0,0,0,0,-1,0,0.0000,-1,30,6,17,0,53,0,0,0,0
144.6602,1,0,8,0,0,0,0,-1,0,0.0000,-1,30,6,17,0,53,0,0,0,0
144.6801,1,0,8,0,0,0,0,-1,0,0.0000,-1,30,6,17,0,53,0,0,0,0
144.7004,1,0,8,0,0,0,0,-1,0,0.0000,-1,30,6,17,0,53,0,0,0,0
144.722,1,0,8,0,0,0,0,-1,0,0.0000,-1,30,6,17,0,53,0,0,0,0
144.7406,1,0,8,0,0,0,0,-1,0,0.0000,-1,30,6,17,0,53,0,0,0,0
144.7592,1,0,8,0,0,0,0,-1,0,0.0000,-1,30,6,17,0,53,0,0,0,0
144.7797,1,0,8,0,0,0,0,-1,0,0.0000,-1,30,6,17,0,53,0,0,0,0
144.7998,1,0,8,0,0,0,0,-1,0,0.0000,-1,30,6,17,0,53,0,0,0,0
144.8205,1,0,8,0,0,0,0,-1,0,0.0000,-1,30,6,17,0,53,0,0,0,0
144.8386,1,0,8,0,0,0,0,-1,0,0.0000,-1,30,6,17,0,53,0,0,0,0
144.8596,1,0,8,0,0,0,0,-1,0,0.0000,-1,30,6,17,0,53,0,0,0,0
144.88,1,0,8,0,0,0,0,-1,0,0.0000,-1,30,6,17,0,53,0,0,0,0
144.9,1,0,8,0,0,0,0,-1,0,0.0000,-1,30,6,17,0,53,0,0,0,0
144.9205,1,0,8,0,0,0,0,-1,0,0.0000,-1,30,6,17,0,53,0,0,0,0
144.9392,1,0,8,0,0,0,0,-1,0,0.0000,-1,30,6,17,0,53,0,0,0,0
144.9589,1,0,8,0,0,0,0,-1,0,0.0000,-1,30,6,17,0,53,0,0,0,0
144.9788,1,0,8,0,0,0,0,-1,0,0.0000,-1,30,6,17,0,53,0,0,0,0
144.9995,1,0,8,0,0,0,0,-1,0,0.0000,-1,30,6,17,0,53,0,0,0,0
145.0209,1,0,8,0,0,0,1,194,0,0.0000,-1,30,6,17,0,53,0,0,0,0
145.0579,1,0,8,0,0,0,1,194,0,0.0000,-1,30,6,17,0,53,0,0,0,0
145.0687,1,0,8,0,0,0,1,194,0,0.0000,-1,30,6,17,0,53,0,0,0,0
145.0825,1,0,8,0,0,0,1,194,0,0.0000,-1,30,6,17,0,53,0,0,0,0
145.1027,1,0,8,0,0,0,1,194,0,0.0000,-1,30,6,17,0,53,0,0,0,0
145.123,1,0,8,0,0,0,1,194,0,0.0000,-1,30,6,17,0,53,0,0,0,0
145.1436,1,0,8,0,0,0,1,194,0,0.0000,-1,30,6,17,0,53,0,0,0,0
145.1648,1,0,8,0,0,0,1,194,0,0.0000,-1,30,6,17,0,53,0,0,0,0
145.1842,1,0,8,0,0,0,1,194,0,0.0000,-1,30,6,17,0,53,0,0,0,0
145.2043,1,0,8,0,0,0,1,194,0,0.0000,-1,30,6,17,0,53,0,0,0,0
145.2244,1,0,8,0,0,0,1,194,0,0.0000,-1,30,6,17,0,53,0,0,0,0
145.2449,1,0,8,0,0,0,1,194,0,0.0000,-1,30,6,17,0,53,0,0,0,0
145.2657,1,0,8,0,0,0,1,194,0,0.0000,-1,30,6,17,0,53,0,0,0,0
145.2845,1,0,8,0,0,0,1,194,0,0.0000,-1,30,6,17,0,53,0,0,0,0
145.3052,1,0,8,0,0,0,1,194,0,0.0000,-1,30,6,17,0,53,0,0,0,0
145.326,1,0,8,0,0,0,1,194,0,0.0000,-1,30,6,17,0,53,0,0,0,0
145.3458,1,0,8,0,0,0,1,194,0,0.0000,-1,30,6,17,0,53,0,0,0,0
145.3665,1,0,8,0,0,0,1,194,0,0.0000,-1,30,6,17,0,53,0,0,0,0
145.3872,1,0,8,0,0,0,1,194,0,0.0000,-1,30,6,17,0,53,0,0,0,0
145.4058,1,0,8,0,0,0,1,194,0,0.0000,-1,30,6,17,0,53,0,0,0,0
145.4273,1,0,8,0,0,0,1,194,0,0.0000,-1,30,6,17,0,53,0,0,0,0
145.4657,1,0,8,0,0,0,1,194,0,0.0000,-1,30,6,17,0,53,0,0,0,0
145.4776,1,0,8,0,0,0,1,194,0,0.0000,-1,30,6,17,0,53,0,0,0,0
145.4906,1,0,8,0,0,0,1,194,0,0.0000,-1,30,6,17,0,53,0,0,0,0
145.5113,1,0,8,0,0,0,1,194,0,0.0000,-1,30,6,17,0,53,0,0,0,0
145.5323,1,0,8,0,0,0,1,194,0,0.0000,-1,30,6,17,0,53,0,0,0,0
145.5521,1,0,8,0,0,0,1,194,0,0.0000,-1,30,6,17,0,53,0,0,0,0
145.5731,1,0,8,0,0,0,1,194,0,0.0000,-1,30,6,17,0,53,0,0,0,0
145.5929,1,0,8,0,0,0,1,194,0,0.0000,-1,30,6,17,0,53,0,0,0,0
145.6133,1,0,8,0,0,0,1,194,0,0.0000,-1,30,6,17,0,53,0,0,0,0
145.6343,1,0,8,0,0,0,1,194,0,0.0000,-1,30,6,17,0,53,0,0,0,0
145.6549,1,0,8,0,0,0,1,194,0,0.0000,-1,30,6,17,0,53,0,0,0,0
145.6752,1,0,8,0,0,0,1,194,0,0.0000,-1,30,6,17,0,53,0,0,0,0
145.6935,1,0,8,0,0,0,1,194,1,1.0000,-1,30,6,17,0,53,0,0,0,0
145.7144,1,0,8,0,0,0,0,-1,0,1.0000,-1,30,6,17,0,53,0,0,0,0
145.735,1,0,8,0,0,0,0,-1,0,1.0000,194,31,6,17,0,54,0,0,0,0
145.7563,1,0,8,0,0,0,0,-1,0,1.0000,-1,31,6,17,0,54,0,0,0,0
145.7751,1,0,8,0,0,0,0,-1,0,1.0000,-1,31,6,17,0,54,0,0,0,0
145.7953,1,0,8,0,0,0,0,-1,0,1.0000,-1,31,6,17,0,54,0,0,0,0
145.8152,1,0,8,0,0,0,0,-1,0,1.0000,-1,31,6,17,0,54,0,0,0,0
145.8368,1,0,8,0,0,0,0,-1,0,1.0000,-1,31,6,17,0,54,0,0,0,0
145.8764,1,0,8,0,0,0,0,-1,0,1.0000,-1,31,6,17,0,54,0,0,0,0
145.8885,1,0,8,0,0,0,0,-1,0,1.0000,-1,31,6,17,0,54,0,0,0,0
145.9025,1,0,8,0,0,0,0,-1,0,1.0000,-1,31,6,17,0,54,0,0,0,0
145.9235,1,0,8,0,0,0,0,-1,0,1.0000,-1,31,6,17,0,54,0,0,0,0
145.946,1,0,8,0,0,0,0,-1,0,1.0000,-1,31,6,17,0,54,0,0,0,0
145.9676,1,0,8,0,0,0,0,-1,0,1.0000,-1,31,6,17,0,54,0,0,0,0
145.9865,1,0,8,0,0,0,0,-1,0,1.0000,-1,31,6,17,0,54,0,0,0,0
146.0071,1,0,8,0,0,0,0,-1,0,1.0000,-1,31,6,17,0,54,0,0,0,0
146.0278,1,0,8,0,0,0,0,-1,0,1.0000,-1,31,6,17,0,54,0,0,0,0
146.0478,1,0,8,0,0,0,0,-1,0,1.0000,-1,31,6,17,0,54,0,0,0,0
146.0688,1,0,8,0,0,0,0,-1,0,1.0000,-1,31,6,17,0,54,0,0,0,0
146.09,1,0,8,0,0,0,0,-1,0,1.0000,-1,31,6,17,0,54,0,0,0,0
146.1112,1,0,8,0,0,0,0,-1,0,1.0000,-1,31,6,17,0,54,0,0,0,0
146.1326,1,0,8,0,0,0,0,-1,0,1.0000,-1,31,6,17,0,54,0,0,0,0
146.1511,1,0,8,0,0,0,0,-1,0,1.0000,-1,31,6,17,0,54,0,0,0,0
146.1713,1,0,8,0,0,0,0,-1,0,1.0000,-1,31,6,17,0,54,0,0,0,0
146.1919,1,0,8,0,0,0,0,-1,0,1.0000,-1,31,6,17,0,54,0,0,0,0
146.213,1,0,8,0,0,0,0,-1,0,1.0000,-1,31,6,17,0,54,0,0,0,0
146.2335,1,0,8,0,0,0,0,-1,0,1.0000,-1,31,6,17,0,54,0,0,0,0
146.2554,1,0,8,0,0,0,0,-1,0,1.0000,-1,31,6,17,0,54,0,0,0,0
146.2767,1,0,8,0,0,0,0,-1,0,1.0000,-1,31,6,17,0,54,0,0,0,0
146.2958,1,0,8,0,0,0,0,-1,0,1.0000,-1,31,6,17,0,54,0,0,0,0
146.3165,1,0,8,0,0,0,0,-1,0,1.0000,-1,31,6,17,0,54,0,0,0,0
146.3371,1,0,8,0,0,0,0,-1,0,1.0000,-1,31,6,17,0,54,0,0,0,0
146.3583,1,0,8,0,0,0,0,-1,0,1.0000,-1,31,6,17,0,54,0,0,0,0
146.379,1,0,8,0,0,0,0,-1,0,1.0000,-1,31,6,17,0,54,0,0,0,0
146.4009,1,0,8,0,0,0,0,-1,0,1.0000,-1,31,6,17,0,54,0,0,0,0
146.4224,1,0,8,0,0,0,0,-1,0,1.0000,-1,31,6,17,0,54,0,0,0,0
146.4428,1,0,8,0,0,0,0,-1,0,1.0000,-1,31,6,17,0,54,0,0,0,0
146.4623,1,0,8,0,0,0,0,-1,0,1.0000,-1,31,6,17,0,54,0,0,0,0
146.5019,1,0,8,0,0,0,0,-1,0,1.0000,-1,31,6,17,0,54,0,0,0,0
146.5145,1,0,8,0,0,0,0,-1,0,1.0000,-1,31,6,17,0,54,0,0,0,0
146.5281,1,0,8,0,0,0,0,-1,0,1.0000,-1,31,6,17,0,54,0,0,0,0
146.5483,1,0,8,0,0,0,1,196,0,1.0000,-1,31,6,17,0,54,0,0,0,0
146.5695,1,0,8,0,0,0,1,196,0,1.0000,-1,31,6,17,0,54,0,0,0,0
146.5911,1,0,8,0,0,0,1,196,0,1.0000,-1,31,6,17,0,54,0,0,0,0
146.6118,1,0,8,0,0,0,1,196,0,1.0000,-1,31,6,17,0,54,0,0,0,0
146.6329,1,0,8,0,0,0,1,196,0,1.0000,-1,31,6,17,0,54,0,0,0,0
146.6526,1,0,8,0,0,0,1,196,0,1.0000,-1,31,6,17,0,54,0,0,0,0
146.6727,1,0,8,0,0,0,1,196,0,1.0000,-1,31,6,17,0,54,0,0,0,0
146.7121,1,0,8,0,0,0,1,196,0,0.0000,-1,31,6,17,0,54,0,0,0,0
146.7239,1,0,8,0,0,0,1,196,0,0.0000,-1,31,6,17,0,54,0,0,0,0
146.7372,1,0,8,0,0,0,1,196,0,0.0000,-1,31,6,17,0,54,0,0,0,0
146.7588,1,0,8,0,0,0,1,196,0,0.0000,-1,31,6,17,0,54,0,0,0,0
146.7796,1,0,8,0,0,0,1,196,0,0.0000,-1,31,6,17,0,54,0,0,0,0
146.8011,1,0,8,0,0,0,1,196,0,0.0000,-1,31,6,17,0,54,0,0,0,0
146.8227,1,0,8,0,0,0,1,195,0,0.0000,196,32,6,17,0,55,0,0,0,0
146.8434,1,0,8,0,0,0,1,195,0,0.0000,-1,32,6,17,0,55,0,0,0,0
146.8633,1,0,8,0,0,0,1,195,0,0.0000,-1,32,6,17,0,55,0,0,0,0
146.8842,1,0,8,0,0,0,1,195,0,0.0000,-1,32,6,17,0,55,0,0,0,0
146.9236,1,0,8,0,0,0,1,195,0,0.0000,-1,32,6,17,0,55,0,0,0,0
146.9359,1,0,8,0,0,0,1,195,0,0.0000,-1,32,6,17,0,55,0,0,0,0
146.9485,1,0,8,0,0,0,1,195,0,0.0000,-1,32,6,17,0,55,0,0,0,0
146.969,1,0,8,0,0,0,1,195,0,0.0000,-1,32,6,17,0,55,0,0,0,0
146.9902,1,0,8,0,0,0,1,195,0,0.0000,-1,32,6,17,0,55,0,0,0,0
147.0116,1,0,8,0,0,0,1,195,0,0.0000,-1,32,6,17,0,55,0,0,0,0
147.0318,1,0,8,0,0,0,1,195,0,0.0000,-1,32,6,17,0,55,0,0,0,0
147.0519,1,0,8,0,0,0,1,195,0,0.0000,-1,32,6,17,0,55,0,0,0,0
147.0725,1,0,8,0,1,0,1,195,0,0.0000,-1,32,6,17,0,55,0,0,0,0
147.0935,1,0,8,0,1,0,1,195,0,0.0000,-1,32,6,17,0,55,0,0,0,0
147.1136,1,0,8,0,1,0,1,195,0,0.0000,-1,32,6,17,0,55,0,0,0,0
147.1348,1,0,8,0,1,0,0,-1,0,0.0000,195,33,6,17,0,56,0,0,0,0
147.1558,1,0,8,0,1,0,0,-1,0,0.0000,-1,33,6,17,0,56,0,0,0,0
147.1769,1,0,8,0,1,0,0,-1,0,0.0000,-1,33,6,17,0,56,0,0,0,0
147.1966,1,0,8,0,1,0,0,-1,0,0.0000,-1,33,6,17,0,56,0,0,0,0
147.2174,1,0,8,0,1,0,0,-1,0,0.0000,-1,33,6,17,0,56,0,0,0,0
147.2379,1,0,8,0,1,0,0,-1,0,0.0000,-1,33,6,17,0,56,0,0,0,0
147.2586,1,0,8,0,1,0,0,-1,0,0.0000,-1,33,6,17,0,56,0,0,0,0
147.279,1,0,8,0,1,0,0,-1,0,0.0000,-1,33,6,17,0,56,0,0,0,0
147.3007,1,0,8,0,1,0,0,-1,1,1.0000,-1,33,6,17,0,56,0,0,0,0
147.3393,1,0,8,0,1,0,0,-1,0,1.0000,-1,33,6,17,0,56,0,0,0,0
147.3514,1,0,8,0,1,0,0,-1,0,1.0000,-1,33,6,17,0,56,0,0,0,0
147.3668,1,0,8,0,1,0,0,-1,0,1.0000,-1,33,6,17,0,56,0,0,0,0
147.3877,1,0,8,0,1,0,0,-1,0,1.0000,-1,33,6,17,0,56,0,0,0,0
147.4072,1,0,8,0,1,0,0,-1,0,1.0000,-1,33,6,17,0,56,0,0,0,0
147.4282,1,0,8,0,1,0,0,-1,0,1.0000,-1,33,6,17,0,56,0,0,0,0
147.4489,1,0,8,0,1,0,0,-1,0,1.0000,-1,33,6,17,0,56,0,0,0,0
147.47,1,0,8,0,1,0,0,-1,0,1.0000,-1,33,6,17,0,56,0,0,0,0
147.4921,1,0,8,0,1,0,0,-1,0,1.0000,-1,33,6,17,0,56,0,0,0,0
147.5128,1,0,8,0,1,0,0,-1,0,1.0000,-1,33,6,17,0,56,0,0,0,0
147.5536,1,0,8,0,1,0,0,-1,0,1.0000,-1,33,6,17,0,56,0,0,0,0
147.5656,1,0,8,0,1,0,0,-1,0,1.0000,-1,33,6,17,0,56,0,0,0,0
147.5799,1,0,8,0,1,0,0,-1,0,1.0000,-1,33,6,17,0,56,0,0,0,0
147.6014,1,0,8,0,1,0,0,-1,0,1.0000,-1,33,6,17,0,56,0,0,0,0
147.6227,3,1,9,0,0,0,0,-1,0,1.0000,-1,33,6,17,0,56,0,0,0,0
147.6445,3,0,9,0,0,0,0,-1,1,2.0000,-1,33,6,17,0,56,0,0,0,0
147.6665,3,0,9,0,0,0,0,-1,0,2.0000,-1,33,6,17,0,56,0,0,0,0
147.6875,3,0,9,0,0,0,0,-1,0,2.0000,-1,33,6,17,0,56,0,0,0,0
147.7075,3,0,9,0,0,0,0,-1,0,2.0000,-1,33,6,17,0,56,0,0,0,0
147.7294,3,0,9,0,0,0,0,-1,0,2.0000,-1,33,6,17,0,56,0,0,0,0
147.7502,3,0,9,0,0,0,0,-1,0,2.0000,-1,33,6,17,0,56,0,0,0,0
147.7703,3,0,9,0,0,0,1,200,0,2.0000,-1,33,6,17,0,56,0,0,0,0
147.7907,3,0,9,0,0,0,1,200,0,2.0000,-1,33,6,17,0,56,0,0,0,0
147.8112,3,0,9,0,0,0,1,200,0,2.0000,-1,33,6,17,0,56,0,0,0,0
147.8327,3,0,9,0,0,0,1,200,0,2.0000,-1,33,6,17,0,56,0,0,0,0
147.8532,3,0,9,0,0,0,1,200,0,2.0000,-1,33,6,17,0,56,0,0,0,0
147.8736,3,0,9,0,0,0,1,200,0,2.0000,-1,33,6,17,0,56,0,0,0,0
147.8947,3,0,9,0,0,0,1,200,0,2.0000,-1,33,6,17,0,56,0,0,0,0
147.9161,3,0,9,0,0,0,1,200,0,2.0000,-1,33,6,17,0,56,0,0,0,0
147.9359,3,0,9,0,0,0,1,200,0,2.0000,-1,33,6,17,0,56,0,0,0,0
147.9753,3,0,9,0,0,0,0,-1,0,2.0000,200,33,6,18,0,57,0,0,0,0
147.9899,3,0,9,0,0,0,0,-1,0,2.0000,-1,33,6,18,0,57,0,0,0,0
148.0024,3,0,9,0,0,0,0,-1,0,2.0000,-1,33,6,18,0,57,0,0,0,0
148.0224,3,0,9,0,0,0,0,-1,0,2.0000,-1,33,6,18,0,57,0,0,0,0
148.0435,3,0,9,0,0,0,0,-1,0,2.0000,-1,33,6,18,0,57,0,0,0,0
148.0638,3,0,9,0,0,0,0,-1,0,2.0000,-1,33,6,18,0,57,0,0,0,0
148.0851,3,0,9,0,0,0,0,-1,0,2.0000,-1,33,6,18,0,57,0,0,0,0
148.1053,3,0,9,0,0,0,0,-1,0,2.0000,-1,33,6,18,0,57,0,0,0,0
148.1237,3,0,9,0,0,0,0,-1,0,2.0000,-1,33,6,18,0,57,0,0,0,0
148.145,3,0,9,0,0,0,0,-1,0,2.0000,-1,33,6,18,0,57,0,0,0,0
148.1838,3,0,9,0,0,0,0,-1,0,2.0000,-1,33,6,18,0,57,0,0,0,0
148.196,3,0,9,0,0,0,0,-1,0,2.0000,-1,33,6,18,0,57,0,0,0,0
148.2103,3,0,9,0,0,0,0,-1,0,2.0000,-1,33,6,18,0,57,0,0,0,0
148.2312,3,0,9,0,0,0,0,-1,0,2.0000,-1,33,6,18,0,57,0,0,0,0
148.2515,3,0,9,0,0,0,0,-1,0,2.0000,-1,33,6,18,0,57,0,0,0,0
148.2722,3,0,9,0,0,0,0,-1,0,2.0000,-1,33,6,18,0,57,0,0,0,0
148.2924,3,0,9,0,0,0,0,-1,0,2.0000,-1,33,6,18,0,57,0,0,0,0
148.3121,3,0,9,0,0,0,0,-1,0,1.0000,-1,33,6,18,0,57,0,0,0,0
148.3331,3,0,9,0,0,0,0,-1,0,1.0000,-1,33,6,18,0,57,0,0,0,0
148.3538,3,0,9,0,0,0,0,-1,0,1.0000,-1,33,6,18,0,57,0,0,0,0
148.391,3,0,9,0,0,0,0,-1,0,1.0000,-1,33,6,18,0,57,0,0,0,0
148.4016,3,0,9,0,0,0,0,-1,0,1.0000,-1,33,6,18,0,57,0,0,0,0
148.4169,3,0,9,0,0,0,0,-1,0,1.0000,-1,33,6,18,0,57,0,0,0,0
148.4372,3,0,9,0,0,0,0,-1,0,1.0000,-1,33,6,18,0,57,0,0,0,0
148.4582,3,0,9,0,0,0,0,-1,0,1.0000,-1,33,6,18,0,57,0,0,0,0
148.4775,3,0,9,0,0,0,0,-1,0,1.0000,-1,33,6,18,0,57,0,0,0,0
148.499,3,0,9,0,0,0,0,-1,0,1.0000,-1,33,6,18,0,57,0,0,0,0
148.5197,3,0,9,0,0,0,0,-1,0,1.0000,-1,33,6,18,0,57,0,0,0,0
148.5401,3,0,9,0,0,0,0,-1,0,1.0000,-1,33,6,18,0,57,0,0,0,0
148.56,3,0,9,0,0,0,0,-1,0,1.0000,-1,33,6,18,0,57,0,0,0,0
148.5976,3,0,9,0,0,0,0,-1,0,1.0000,-1,33,6,18,0,57,0,0,0,0
148.6086,3,0,9,0,0,0,0,-1,1,2.0000,-1,33,6,18,0,57,0,0,0,0
148.6231,3,0,9,0,0,0,0,-1,0,2.0000,-1,33,6,18,0,57,0,0,0,0
148.6441,3,0,9,0,0,0,0,-1,0,2.0000,-1,33,6,18,0,57,0,0,0,0
148.6648,3,0,9,0,0,0,0,-1,0,1.0000,-1,33,6,18,0,57,0,0,0,0
148.6847,3,0,9,0,0,0,0,-1,0,1.0000,-1,33,6,18,0,57,0,0,0,0
148.7037,3,0,9,0,0,0,0,-1,0,1.0000,-1,33,6,18,0,57,0,0,0,0
148.7235,3,0,9,0,0,0,0,-1,0,1.0000,-1,33,6,18,0,57,0,0,0,0
148.7444,3,0,9,0,0,0,0,-1,0,1.0000,-1,33,6,18,0,57,0,0,0,0
148.7638,3,0,9,0,0,0,0,-1,0,1.0000,-1,33,6,18,0,57,0,0,0,0
148.802,3,0,9,0,0,0,0,-1,0,1.0000,-1,33,6,18,0,57,0,0,0,0
148.8132,3,0,9,0,0,0,0,-1,0,1.0000,-1,33,6,18,0,57,0,0,0,0
148.8272,3,0,9,0,0,0,0,-1,0,1.0000,-1,33,6,18,0,57,0,0,0,0
148.8472,3,0,9,0,0,0,0,-1,0,1.0000,-1,33,6,18,0,57,0,0,0,0
148.8667,3,0,9,0,0,0,0,-1,0,1.0000,-1,33,6,18,0,57,0,0,0,0
148.8873,3,0,9,0,0,0,0,-1,0,1.0000,-1,33,6,18,0,57,0,0,0,0
148.9073,3,0,9,0,0,0,0,-1,0,1.0000,-1,33,6,18,0,57,0,0,0,0
148.9265,3,0,9,0,0,0,0,-1,0,1.0000,-1,33,6,18,0,57,0,0,0,0
148.9472,3,0,9,0,0,0,0,-1,0,1.0000,-1,33,6,18,0,57,0,0,0,0
148.966,3,0,9,0,0,0,0,-1,0,1.0000,-1,33,6,18,0,57,0,0,0,0
148.9873,3,0,9,0,0,0,0,-1,0,1.0000,-1,33,6,18,0,57,0,0,0,0
149.0061,3,0,9,0,0,0,0,-1,0,1.0000,-1,33,6,18,0,57,0,0,0,0
149.0256,3,0,9,0,0,0,0,-1,0,1.0000,-1,33,6,18,0,57,0,0,0,0
149.0444,3,0,9,0,0,0,0,-1,0,1.0000,-1,33,6,18,0,57,0,0,0,0
149.0647,3,0,9,0,0,0,1,203,0,1.0000,-1,33,6,18,0,57,0,0,0,0
149.0839,3,0,9,0,0,0,1,203,0,1.0000,-1,33,6,18,0,57,0,0,0,0
149.1031,3,0,9,0,0,0,1,203,0,1.0000,-1,33,6,18,0,57,0,0,0,0
149.1215,3,0,9,0,0,0,1,203,0,1.0000,-1,33,6,18,0,57,0,0,0,0
149.1428,3,0,9,0,0,0,1,203,0,1.0000,-1,33,6,18,0,57,0,0,0,0
149.1622,3,0,9,0,0,0,1,203,0,1.0000,-1,33,6,18,0,57,0,0,0,0
149.1805,3,0,9,0,0,0,1,203,0,1.0000,-1,33,6,18,0,57,0,0,0,0
149.1995,3,0,9,0,0,0,1,203,0,1.0000,-1,33,6,18,0,57,0,0,0,0
149.2205,3,0,9,0,0,0,1,203,0,1.0000,-1,33,6,18,0,57,0,0,0,0
149.2407,3,0,9,0,0,0,1,203,0,1.0000,-1,33,6,18,0,57,0,0,0,0
149.2586,3,0,9,0,0,0,1,203,0,1.0000,-1,33,6,18,0,57,0,0,0,0
149.2768,3,0,9,0,0,0,1,203,0,1.0000,-1,33,6,18,0,57,0,0,0,0
149.2986,3,0,9,0,0,0,1,203,0,1.0000,-1,33,6,18,0,57,0,0,0,0
149.3178,3,0,9,0,0,0,1,203,0,1.0000,-1,33,6,18,0,57,0,0,0,0
149.3357,3,0,9,0,0,0,1,203,0,1.0000,-1,33,6,18,0,57,0,0,0,0
149.3565,3,0,9,0,0,0,1,203,0,1.0000,-1,33,6,18,0,57,0,0,0,0
149.3784,3,0,9,0,0,0,1,203,0,1.0000,-1,33,6,18,0,57,0,0,0,0
149.3985,3,0,9,0,0,0,1,203,1,2.0000,-1,33,6,18,0,57,0,0,0,0
149.435,3,0,9,0,0,0,0,-1,0,2.0000,-1,33,6,18,0,57,0,0,0,0
149.4481,3,0,9,0,0,0,1,202,0,2.0000,-1,33,6,18,0,57,0,0,0,0
149.4613,3,0,9,0,0,0,1,202,0,2.0000,-1,33,6,18,0,57,0,0,0,0
149.4783,3,0,9,0,0,0,1,202,0,2.0000,-1,33,6,18,0,57,0,0,0,0
149.5001,3,0,9,0,0,0,1,202,0,2.0000,-1,33,6,18,0,57,0,0,0,0
149.5199,3,0,9,0,0,0,1,202,0,2.0000,-1,33,6,18,0,57,0,0,0,0
149.5385,3,0,9,0,0,0,0,-1,0,2.0000,-1,33,6,18,0,57,0,0,0,0
149.5588,3,0,9,0,0,0,0,-1,0,2.0000,-1,33,6,18,0,57,0,0,0,0
149.5783,3,0,9,0,0,0,0,-1,0,2.0000,-1,33,6,18,0,57,0,0,0,0
149.5999,3,0,9,0,0,0,0,-1,0,2.0000,-1,33,6,18,0,57,0,0,0,0
149.619,3,0,9,0,0,0,0,-1,0,1.0000,-1,33,6,18,0,57,0,0,0,0
149.6386,3,0,9,0,0,0,0,-1,0,1.0000,-1,33,6,18,0,57,0,0,0,0
149.6573,3,0,9,0,0,0,0,-1,0,1.0000,-1,33,6,18,0,57,0,0,0,0
149.6775,3,0,9,0,0,0,0,-1,0,1.0000,-1,33,6,18,0,57,0,0,0,0
149.6987,3,0,9,0,0,0,0,-1,0,1.0000,-1,33,6,18,0,57,0,0,0,0
149.7179,3,0,9,0,0,0,0,-1,0,1.0000,-1,33,6,18,0,57,0,0,0,0
149.7374,3,0,9,0,0,0,0,-1,0,1.0000,-1,33,6,18,0,57,0,0,0,0
149.7564,3,0,9,0,0,0,0,-1,0,1.0000,-1,33,6,18,0,57,0,0,0,0
149.7775,3,0,9,0,0,0,0,-1,0,1.0000,-1,33,6,18,0,57,0,0,0,0
149.7981,3,0,9,0,0,0,0,-1,0,1.0000,-1,33,6,18,0,57,0,0,0,0
149.8163,3,0,9,0,0,0,0,-1,0,1.0000,-1,33,6,18,0,57,0,0,0,0
149.8353,3,0,9,0,0,0,0,-1,0,1.0000,-1,33,6,18,0,57,0,0,0,0
149.8553,3,0,9,0,0,0,0,-1,0,1.0000,-1,33,6,18,0,57,0,0,0,0
149.8776,3,0,9,0,0,0,0,-1,0,1.0000,-1,33,6,18,0,57,0,0,0,0
149.8959,3,0,9,0,0,0,0,-1,1,2.0000,-1,33,6,18,0,57,0,0,0,0
149.9162,3,0,9,0,0,0,0,-1,0,2.0000,-1,33,6,18,0,57,0,0,0,0
149.9344,3,0,9,0,0,0,0,-1,0,2.0000,-1,33,6,18,0,57,0,0,0,0
149.9554,3,0,9,0,0,0,0,-1,0,2.0000,-1,33,6,18,0,57,0,0,0,0
149.9771,3,0,9,0,0,0,0,-1,0,2.0000,-1,33,6,18,0,57,0,0,0,0
149.9975,3,0,9,0,0,0,0,-1,0,2.0000,-1,33,6,18,0,57,0,0,0,0
150.0157,3,0,9,0,0,0,0,-1,0,2.0000,-1,33,6,18,0,57,0,0,0,0
150.0349,3,0,9,0,0,0,0,-1,0,2.0000,-1,33,6,18,0,57,0,0,0,0
150.0551,3,0,9,0,0,0,0,-1,0,2.0000,-1,33,6,18,0,57,0,0,0,0
150.0756,3,0,9,0,0,0,0,-1,0,2.0000,-1,33,6,18,0,57,0,0,0,0
150.0956,3,0,9,0,0,0,0,-1,0,2.0000,-1,33,6,18,0,57,0,0,0,0
150.1147,3,0,9,0,0,0,0,-1,0,2.0000,-1,33,6,18,0,57,0,0,0,0
150.1333,3,0,9,0,0,0,0,-1,0,2.0000,-1,33,6,18,0,57,0,0,0,0
150.1548,3,0,9,0,0,0,0,-1,0,2.0000,-1,33,6,18,0,57,0,0,0,0
150.1727,3,0,9,0,0,0,0,-1,0,2.0000,-1,33,6,18,0,57,0,0,0,0
150.1923,3,0,9,0,0,0,0,-1,0,2.0000,-1,33,6,18,0,57,0,0,0,0
150.2119,3,0,9,0,0,0,0,-1,0,2.0000,-1,33,6,18,0,57,0,0,0,0
150.2337,3,0,9,0,0,0,0,-1,0,2.0000,-1,33,6,18,0,57,0,0,0,0
150.2524,3,0,9,0,0,0,0,-1,0,2.0000,-1,33,6,18,0,57,0,0,0,0
150.2711,3,0,9,0,0,0,0,-1,0,2.0000,-1,33,6,18,0,57,0,0,0,0
150.2892,3,0,9,0,0,0,0,-1,0,2.0000,-1,33,6,18,0,57,0,0,0,0
150.3116,3,0,9,0,0,0,0,-1,0,2.0000,-1,33,6,18,0,57,0,0,0,0
150.3297,3,0,9,0,0,0,0,-1,0,2.0000,-1,33,6,18,0,57,0,0,0,0
150.35,3,0,9,0,0,0,0,-1,0,2.0000,-1,33,6,18,0,57,0,0,0,0
150.3684,3,0,9,0,0,0,0,-1,0,2.0000,-1,33,6,18,0,57,0,0,0,0
150.3879,3,0,9,0,0,0,0,-1,0,2.0000,-1,33,6,18,0,57,0,0,0,0
150.4091,3,0,9,0,0,0,0,-1,0,1.0000,-1,33,6,18,0,57,0,0,0,0
150.4279,3,0,9,0,0,0,0,-1,0,1.0000,-1,33,6,18,0,57,0,0,0,0
150.448,3,0,9,0,0,0,0,-1,0,1.0000,-1,33,6,18,0,57,0,0,0,0
150.4671,3,0,9,0,0,0,0,-1,0,1.0000,-1,33,6,18,0,57,0,0,0,0
150.4885,3,0,9,0,0,0,0,-1,0,1.0000,-1,33,6,18,0,57,0,0,0,0
150.5075,3,0,9,0,0,0,0,-1,0,1.0000,-1,33,6,18,0,57,0,0,0,0
150.5272,3,0,9,0,0,0,0,-1,0,1.0000,-1,33,6,18,0,57,0,0,0,0
150.5465,3,0,9,0,0,0,0,-1,0,1.0000,-1,33,6,18,0,57,0,0,0,0
150.5672,3,0,9,0,0,0,0,-1,1,2.0000,-1,33,6,18,0,57,0,0,0,0
150.5864,3,0,9,0,0,0,0,-1,0,2.0000,-1,33,6,18,0,57,0,0,0,0
150.6062,3,0,9,0,0,0,0,-1,0,2.0000,-1,33,6,18,0,57,0,0,0,0
150.6273,3,0,9,0,0,0,0,-1,0,2.0000,-1,33,6,18,0,57,0,0,0,0
150.6455,3,0,9,0,0,0,0,-1,0,2.0000,-1,33,6,18,0,57,0,0,0,0
150.666,3,0,9,0,0,0,1,204,0,2.0000,-1,33,6,18,0,57,0,0,0,0
150.6867,3,0,9,0,0,0,1,204,0,2.0000,-1,33,6,18,0,57,0,0,0,0
150.7072,3,0,9,0,0,0,1,204,0,2.0000,-1,33,6,18,0,57,0,0,0,0
150.727,3,0,9,0,0,0,1,204,0,2.0000,-1,33,6,18,0,57,0,0,0,0
150.7462,3,0,9,0,0,0,1,204,0,2.0000,-1,33,6,18,0,57,0,0,0,0
150.7687,3,0,9,0,0,0,1,204,0,2.0000,-1,33,6,18,0,57,0,0,0,0
150.7892,3,0,9,0,0,0,1,204,0,2.0000,-1,33,6,18,0,57,0,0,0,0
150.8079,3,0,9,0,0,0,1,204,0,2.0000,-1,33,6,18,0,57,0,0,0,0
150.8257,3,0,9,0,0,0,1,204,0,2.0000,-1,33,6,18,0,57,0,0,0,0
150.8448,3,0,9,0,0,0,1,206,0,2.0000,204,33,6,19,0,58,0,0,0,0
150.8661,3,0,9,0,0,0,1,206,0,2.0000,-1,33,6,19,0,58,0,0,0,0
150.8868,3,0,9,0,0,0,1,206,0,2.0000,-1,33,6,19,0,58,0,0,0,0
150.9229,3,0,9,0,0,0,1,206,0,1.0000,-1,33,6,19,0,58,0,0,0,0
150.9372,3,0,9,0,0,0,1,206,0,1.0000,-1,33,6,19,0,58,0,0,0,0
150.9498,3,0,9,0,0,0,1,206,0,1.0000,-1,33,6,19,0,58,0,0,0,0
150.9676,3,0,9,0,0,0,1,206,1,2.0000,-1,33,6,19,0,58,0,0,0,0
150.993,3,0,9,0,0,0,1,206,0,2.0000,-1,33,6,19,0,58,0,0,0,0
151.0113,3,0,9,0,0,0,1,206,0,2.0000,-1,33,6,19,0,58,0,0,0,0
151.031,3,0,9,0,0,0,1,206,0,2.0000,-1,33,6,19,0,58,0,0,0,0
151.0515,3,0,9,0,0,0,1,206,0,2.0000,-1,33,6,19,0,58,0,0,0,0
151.0699,3,0,9,0,0,0,1,206,0,2.0000,-1,33,6,19,0,58,0,0,0,0
151.0894,3,0,9,0,0,0,1,206,0,2.0000,-1,33,6,19,0,58,0,0,0,0
151.1286,3,0,9,0,0,0,1,206,0,2.0000,-1,33,6,19,0,58,0,0,0,0
151.1407,3,0,9,0,0,0,0,-1,0,2.0000,206,33,6,20,0,59,0,0,0,0
151.1545,3,0,9,0,0,0,0,-1,0,2.0000,-1,33,6,20,0,59,0,0,0,0
151.1747,3,0,9,0,0,0,0,-1,0,2.0000,-1,33,6,20,0,59,0,0,0,0
151.1945,3,0,9,0,0,0,0,-1,0,2.0000,-1,33,6,20,0,59,0,0,0,0
151.2149,3,0,9,0,0,0,0,-1,0,2.0000,-1,33,6,20,0,59,0,0,0,0
151.234,3,0,9,0,0,0,0,-1,0,2.0000,-1,33,6,20,0,59,0,0,0,0
151.2554,3,0,9,0,0,0,0,-1,0,2.0000,-1,33,6,20,0,59,0,0,0,0
151.2745,3,0,9,0,0,0,0,-1,0,2.0000,-1,33,6,20,0,59,0,0,0,0
151.2944,3,0,9,0,0,0,0,-1,0,2.0000,-1,33,6,20,0,59,0,0,0,0
151.3313,3,0,9,0,0,0,0,-1,0,2.0000,-1,33,6,20,0,59,0,0,0,0
151.3437,3,0,9,0,0,0,0,-1,0,2.0000,-1,33,6,20,0,59,0,0,0,0
151.3564,3,0,9,0,0,0,0,-1,0,2.0000,-1,33,6,20,0,59,0,0,0,0
151.376,3,0,9,0,0,0,0,-1,0,2.0000,-1,33,6,20,0,59,0,0,0,0
151.3969,3,0,9,0,0,0,0,-1,0,2.0000,-1,33,6,20,0,59,0,0,0,0
151.4167,3,0,9,0,0,0,0,-1,0,2.0000,-1,33,6,20,0,59,0,0,0,0
151.4367,3,0,9,0,0,0,0,-1,0,2.0000,-1,33,6,20,0,59,0,0,0,0
151.4557,3,0,9,0,0,0,0,-1,0,2.0000,-1,33,6,20,0,59,0,0,0,0
151.4763,3,0,9,0,0,0,0,-1,0,2.0000,-1,33,6,20,0,59,0,0,0,0
151.4959,3,0,9,0,0,0,0,-1,0,2.0000,-1,33,6,20,0,59,0,0,0,0
151.5152,3,0,9,0,0,0,0,-1,0,2.0000,-1,33,6,20,0,59,0,0,0,0
151.5346,3,0,9,0,0,0,0,-1,0,2.0000,-1,33,6,20,0,59,0,0,0,0
151.5543,3,0,9,0,0,0,0,-1,1,3.0000,-1,33,6,20,0,59,0,0,0,0
151.5768,3,0,9,0,0,0,0,-1,0,2.0000,-1,33,6,20,0,59,0,0,0,0
151.5952,3,0,9,0,0,0,0,-1,0,2.0000,-1,33,6,20,0,59,0,0,0,0
151.6152,3,0,9,0,0,0,0,-1,0,2.0000,-1,33,6,20,0,59,0,0,0,0
151.6346,3,0,9,0,0,0,0,-1,0,2.0000,-1,33,6,20,0,59,0,0,0,0
151.6547,3,0,9,0,0,0,0,-1,0,2.0000,-1,33,6,20,0,59,0,0,0,0
151.6778,3,0,9,0,0,0,0,-1,0,2.0000,-1,33,6,20,0,59,0,0,0,0
151.6951,3,0,9,0,0,0,0,-1,0,2.0000,-1,33,6,20,0,59,0,0,0,0
151.7154,3,0,9,0,0,0,0,-1,0,2.0000,-1,33,6,20,0,59,0,0,0,0
151.7519,3,0,9,0,0,0,0,-1,0,2.0000,-1,33,6,20,0,59,0,0,0,0
151.7639,3,0,9,0,0,0,0,-1,0,2.0000,-1,33,6,20,0,59,0,0,0,0
151.7778,3,0,9,0,0,0,0,-1,0,2.0000,-1,33,6,20,0,59,0,0,0,0
151.7982,3,0,9,0,0,0,0,-1,0,2.0000,-1,33,6,20,0,59,0,0,0,0
151.8183,3,0,9,0,0,0,0,-1,0,2.0000,-1,33,6,20,0,59,0,0,0,0
151.838,3,0,9,0,0,0,0,-1,0,2.0000,-1,33,6,20,0,59,0,0,0,0
151.858,3,0,9,0,0,0,0,-1,0,2.0000,-1,33,6,20,0,59,0,0,0,0
151.8776,3,0,9,0,0,0,0,-1,0,2.0000,-1,33,6,20,0,59,0,0,0,0
151.8981,3,0,9,0,0,0,0,-1,0,2.0000,-1,33,6,20,0,59,0,0,0,0
151.9181,3,0,9,0,0,0,0,-1,0,2.0000,-1,33,6,20,0,59,0,0,0,0
151.9383,3,0,9,0,0,0,0,-1,0,2.0000,-1,33,6,20,0,59,0,0,0,0
151.9581,3,0,9,0,0,0,0,-1,0,2.0000,-1,33,6,20,0,59,0,0,0,0
151.977,3,0,9,0,0,0,1,209,0,1.0000,-1,33,6,20,0,59,0,0,0,0
151.9993,3,0,9,0,0,0,1,209,0,1.0000,-1,33,6,20,0,59,0,0,0,0
152.0192,3,0,9,0,0,0,1,209,0,1.0000,-1,33,6,20,0,59,0,0,0,0
152.0391,3,0,9,0,0,0,1,209,0,1.0000,-1,33,6,20,0,59,0,0,0,0
152.0593,3,0,9,0,0,0,1,209,0,1.0000,-1,33,6,20,0,59,0,0,0,0
152.0785,3,0,9,0,0,0,1,209,0,1.0000,-1,33,6,20,0,59,0,0,0,0
152.0992,3,0,9,0,0,0,1,209,0,1.0000,-1,33,6,20,0,59,0,0,0,0
152.1187,3,0,9,0,0,0,1,209,0,1.0000,-1,33,6,20,0,59,0,0,0,0
152.1383,3,0,9,0,0,0,1,209,0,1.0000,-1,33,6,20,0,59,0,0,0,0
152.1576,3,0,9,0,0,0,1,209,0,1.0000,-1,33,6,20,0,59,0,0,0,0
152.1775,3,0,9,0,0,0,1,209,0,1.0000,-1,33,6,20,0,59,0,0,0,0
152.1983,3,0,9,0,0,0,1,209,0,1.0000,-1,33,6,20,0,59,0,0,0,0
152.2165,3,0,9,0,0,0,1,209,0,1.0000,-1,33,6,20,0,59,0,0,0,0
152.2368,3,0,9,0,0,0,1,209,0,1.0000,-1,33,6,20,0,59,0,0,0,0
152.2561,3,0,9,0,0,0,1,209,0,1.0000,-1,33,6,20,0,59,0,0,0,0
152.2778,3,0,9,0,0,0,1,209,0,1.0000,-1,33,6,20,0,59,0,0,0,0
152.2962,3,0,9,0,0,0,1,209,0,1.0000,-1,33,6,20,0,59,0,0,0,0
152.3163,3,0,9,0,0,0,1,209,0,1.0000,-1,33,6,20,0,59,0,0,0,0
152.3355,3,0,9,0,0,0,1,209,0,1.0000,-1,33,6,20,0,59,0,0,0,0
152.374,3,0,9,0,0,0,1,209,1,2.0000,-1,33,6,20,0,59,0,0,0,0
152.3865,3,0,9,0,0,0,1,209,0,2.0000,-1,33,6,20,0,59,0,0,0,0
152.3996,3,0,9,0,0,0,0,-1,0,2.0000,-1,33,6,20,0,59,0,0,0,0
152.4205,3,0,9,0,0,0,0,-1,0,2.0000,-1,33,6,20,0,59,0,0,0,0
152.4406,3,0,9,0,0,0,0,-1,0,2.0000,-1,33,6,20,0,59,0,0,0,0
152.4609,3,0,9,1,0,0,0,-1,0,2.0000,-1,33,6,20,0,59,0,0,0,0
152.4798,3,0,9,1,0,0,0,-1,0,2.0000,-1,33,6,20,0,59,0,0,0,0
152.5003,3,0,9,1,0,0,0,-1,0,2.0000,-1,33,6,20,0,59,0,0,0,0
152.5217,3,0,9,1,0,0,0,-1,0,2.0000,-1,33,6,20,0,59,0,0,0,0
152.5416,3,0,9,1,0,0,0,-1,0,2.0000,-1,33,6,20,0,59,0,0,0,0
152.5793,3,0,9,1,0,0,0,-1,0,1.0000,-1,33,6,20,0,59,0,0,0,0
152.5918,3,0,9,1,0,0,0,-1,0,1.0000,-1,33,6,20,0,59,0,0,0,0
152.6036,3,0,9,1,0,0,0,-1,0,1.0000,-1,33,6,20,0,59,0,0,0,0
152.6217,3,0,9,1,0,0,0,-1,0,1.0000,-1,33,6,20,0,59,0,0,0,0
152.6439,3,0,9,1,0,0,0,-1,0,1.0000,-1,33,6,20,0,59,0,0,0,0
152.6617,3,0,9,1,0,0,0,-1,0,1.0000,-1,33,6,20,0,59,0,0,0,0
152.682,3,0,9,1,0,0,0,-1,0,1.0000,-1,33,6,20,0,59,0,0,0,0
152.7002,3,0,9,1,0,0,0,-1,0,1.0000,-1,33,6,20,0,59,0,0,0,0
152.7203,3,0,9,1,0,0,0,-1,0,1.0000,-1,33,6,20,0,59,0,0,0,0
152.7395,3,0,9,1,0,0,0,-1,0,1.0000,-1,33,6,20,0,59,0,0,0,0
152.7602,3,0,9,1,0,0,1,212,0,1.0000,-1,33,6,20,0,59,0,0,0,0
152.7782,3,0,9,1,0,0,1,212,0,1.0000,-1,33,6,20,0,59,0,0,0,0
152.7992,3,0,9,1,0,0,1,212,0,1.0000,-1,33,6,20,0,59,0,0,0,0
152.8165,3,0,9,1,0,0,1,212,0,1.0000,-1,33,6,20,0,59,0,0,0,0
152.8351,3,0,9,1,0,0,1,212,0,1.0000,-1,33,6,20,0,59,0,0,0,0
152.8553,3,0,9,1,0,0,1,212,0,1.0000,-1,33,6,20,0,59,0,0,0,0
152.8772,3,0,9,1,0,0,1,212,0,1.0000,-1,33,6,20,0,59,0,0,0,0
152.8958,3,0,9,1,0,0,1,212,0,1.0000,-1,33,6,20,0,59,0,0,0,0
152.9153,3,0,9,1,0,0,1,212,0,1.0000,-1,33,6,20,0,59,0,0,0,0
152.934,3,0,9,1,0,0,1,212,0,1.0000,-1,33,6,20,0,59,0,0,0,0
152.9559,3,0,9,1,0,0,1,212,0,1.0000,-1,33,6,20,0,59,0,0,0,0
152.9779,3,0,9,1,0,0,1,212,0,1.0000,-1,33,6,20,0,59,0,0,0,0
153.0202,3,0,9,1,0,0,1,212,0,1.0000,-1,33,6,20,0,59,0,0,0,0
153.0319,3,0,9,1,0,0,1,212,0,1.0000,-1,33,6,20,0,59,0,0,0,0
153.0481,3,0,9,0,0,0,1,212,0,1.0000,-1,33,6,20,0,59,0,0,0,0
153.0708,3,0,9,0,0,0,1,212,0,1.0000,-1,33,6,20,0,59,0,0,0,0
153.0916,3,0,9,0,0,0,1,212,0,1.0000,-1,33,6,20,0,59,0,0,0,0
153.1133,3,0,9,0,0,0,1,212,0,1.0000,-1,33,6,20,0,59,0,0,0,0
153.1345,3,0,9,0,0,0,1,212,0,1.0000,-1,33,6,20,0,59,0,0,0,0
153.1552,3,0,9,0,0,0,1,212,0,1.0000,-1,33,6,20,0,59,0,0,0,0
153.1754,3,0,9,0,0,0,1,212,0,1.0000,-1,33,6,20,0,59,0,0,0,0
153.1953,3,0,9,0,0,0,1,212,0,1.0000,-1,33,6,20,0,59,0,0,0,0
153.2337,3,0,9,0,0,0,1,212,0,1.0000,-1,33,6,20,0,59,0,0,0,0
153.2451,3,0,9,0,1,0,1,212,0,1.0000,-1,33,6,20,0,59,0,0,0,0
153.2573,3,0,9,0,1,0,1,212,0,1.0000,-1,33,6,20,0,59,0,0,0,0
153.2785,3,0,9,0,1,0,1,212,0,1.0000,-1,33,6,20,0,59,0,0,0,0
153.2985,3,0,9,0,1,0,1,212,0,1.0000,-1,33,6,20,0,59,0,0,0,0
153.3199,3,0,9,0,1,0,1,212,0,1.0000,-1,33,6,20,0,59,0,0,0,0
153.3395,3,0,9,0,1,0,1,212,0,1.0000,-1,33,6,20,0,59,0,0,0,0
153.3597,3,0,9,0,1,0,1,212,0,1.0000,-1,33,6,20,0,59,0,0,0,0
153.3798,3,0,9,0,1,0,1,212,0,0.0000,-1,33,6,20,0,59,0,0,0,0
153.4005,3,0,9,0,1,0,1,212,0,0.0000,-1,33,6,20,0,59,0,0,0,0
153.4202,3,0,9,0,1,0,1,212,0,0.0000,-1,33,6,20,0,59,0,0,0,0
153.4413,3,0,9,0,1,0,1,212,0,0.0000,-1,33,6,20,0,59,0,0,0,0
153.461,3,0,9,0,1,0,1,212,0,0.0000,-1,33,6,20,0,59,0,0,0,0
153.4817,3,0,9,0,1,0,1,212,1,1.0000,-1,33,6,20,0,59,0,0,0,0
153.5023,3,0,9,0,1,0,0,-1,0,1.0000,-1,33,6,20,0,59,0,0,0,0
153.5228,3,0,9,0,1,0,0,-1,0,1.0000,-1,33,6,20,0,59,0,0,0,0
153.543,3,0,9,0,1,0,0,-1,0,1.0000,-1,33,6,20,0,59,0,0,0,0
153.564,3,0,9,0,1,0,0,-1,0,1.0000,212,33,6,21,0,60,0,0,0,0
153.5847,3,0,9,0,1,0,0,-1,0,1.0000,-1,33,6,21,0,60,0,0,0,0
153.6038,3,0,9,0,1,0,0,-1,0,1.0000,-1,33,6,21,0,60,0,0,0,0
153.6455,3,0,9,0,1,0,1,210,1,2.0000,-1,33,6,21,0,60,0,0,0,0
153.6593,3,0,9,0,1,0,1,210,0,2.0000,-1,33,6,21,0,60,0,0,0,0
153.672,3,0,9,0,1,0,1,210,0,2.0000,-1,33,6,21,0,60,0,0,0,0
153.6913,3,0,9,0,1,0,1,210,0,2.0000,-1,33,6,21,0,60,0,0,0,0
153.7129,3,0,9,0,1,0,1,210,0,2.0000,-1,33,6,21,0,60,0,0,0,0
153.7345,3,0,9,0,1,0,1,210,0,2.0000,-1,33,6,21,0,60,0,0,0,0
153.7552,3,0,9,0,1,0,1,210,0,2.0000,-1,33,6,21,0,60,0,0,0,0
153.7757,3,0,9,0,1,0,1,210,0,2.0000,-1,33,6,21,0,60,0,0,0,0
153.797,3,0,9,0,1,0,1,210,0,2.0000,-1,33,6,21,0,60,0,0,0,0
153.8177,3,0,9,0,1,0,1,210,0,2.0000,-1,33,6,21,0,60,0,0,0,0
153.858,3,0,9,0,1,0,1,210,0,2.0000,-1,33,6,21,0,60,0,0,0,0
153.8698,3,0,9,0,1,0,1,210,0,2.0000,-1,33,6,21,0,60,0,0,0,0
153.8841,3,0,9,0,1,0,1,210,0,2.0000,-1,33,6,21,0,60,0,0,0,0
153.9057,3,0,9,0,1,0,1,210,0,2.0000,-1,33,6,21,0,60,0,0,0,0
153.9266,3,0,9,0,1,0,1,210,0,2.0000,-1,33,6,21,0,60,0,0,0,0
153.9474,3,0,9,0,1,0,1,210,0,2.0000,-1,33,6,21,0,60,0,0,0,0
153.9685,3,0,9,0,1,0,1,210,0,2.0000,-1,33,6,21,0,60,0,0,0,0
153.9908,3,0,9,0,1,0,1,210,0,2.0000,-1,33,6,21,0,60,0,0,0,0
154.0126,3,0,9,0,1,0,1,210,0,2.0000,-1,33,6,21,0,60,0,0,0,0
154.0336,3,0,9,0,1,0,1,210,0,2.0000,-1,33,6,21,0,60,0,0,0,0
154.0554,3,0,9,0,0,0,0,-1,0,2.0000,210,33,6,22,0,61,0,0,0,0
154.0768,3,0,9,0,0,0,0,-1,0,2.0000,-1,33,6,22,0,61,0,0,0,0
154.0987,3,0,9,0,0,0,0,-1,0,2.0000,-1,33,6,22,0,61,0,0,0,0
154.1202,3,0,9,0,0,0,0,-1,0,2.0000,-1,33,6,22,0,61,0,0,0,0
154.1406,3,0,9,0,0,0,0,-1,0,2.0000,-1,33,6,22,0,61,0,0,0,0
154.1625,3,0,9,0,0,0,0,-1,0,2.0000,-1,33,6,22,0,61,0,0,0,0
154.1834,3,0,9,0,0,0,0,-1,0,2.0000,-1,33,6,22,0,61,0,0,0,0
154.2054,3,0,9,0,0,0,0,-1,0,2.0000,-1,33,6,22,0,61,0,0,0,0
154.2254,3,0,9,0,0,0,0,-1,0,2.0000,-1,33,6,22,0,61,0,0,0,0
154.2472,3,0,9,0,0,0,0,-1,0,2.0000,-1,33,6,22,0,61,0,0,0,0
154.2862,3,0,9,0,0,0,0,-1,0,2.0000,-1,33,6,22,0,61,0,0,0,0
154.2981,3,0,9,0,0,0,0,-1,0,2.0000,-1,33,6,22,0,61,0,0,0,0
154.3125,3,0,9,0,0,0,0,-1,0,2.0000,-1,33,6,22,0,61,0,0,0,0
154.3335,3,0,9,0,0,0,0,-1,0,2.0000,-1,33,6,22,0,61,0,0,0,0
154.3548,3,0,9,0,0,0,0,-1,0,2.0000,-1,33,6,22,0,61,0,0,0,0
154.3755,3,0,9,0,0,0,0,-1,0,2.0000,-1,33,6,22,0,61,0,0,0,0
154.3959,3,0,9,0,0,0,0,-1,0,2.0000,-1,33,6,22,0,61,0,0,0,0
154.4166,3,0,9,0,0,0,0,-1,0,2.0000,-1,33,6,22,0,61,0,0,0,0
154.4375,3,0,9,0,0,0,0,-1,0,2.0000,-1,33,6,22,0,61,0,0,0,0
154.4578,3,0,9,0,0,0,0,-1,0,2.0000,-1,33,6,22,0,61,0,0,0,0
154.4974,3,0,9,0,0,0,0,-1,0,1.0000,-1,33,6,22,0,61,0,0,0,0
154.5083,3,0,9,0,0,0,0,-1,0,1.0000,-1,33,6,22,0,61,0,0,0,0
154.5226,3,0,9,0,0,0,0,-1,0,1.0000,-1,33,6,22,0,61,0,0,0,0
154.5435,3,0,9,0,0,0,0,-1,0,1.0000,-1,33,6,22,0,61,0,0,0,0
154.5639,3,0,9,0,0,0,0,-1,0,1.0000,-1,33,6,22,0,61,0,0,0,0
154.5848,3,0,9,0,0,0,0,-1,0,1.0000,-1,33,6,22,0,61,0,0,0,0
154.6049,3,0,9,0,0,0,0,-1,0,1.0000,-1,33,6,22,0,61,0,0,0,0
154.6268,3,0,9,0,0,0,0,-1,0,1.0000,-1,33,6,22,0,61,0,0,0,0
154.6465,3,0,9,0,0,0,0,-1,0,0.0000,-1,33,6,22,0,61,0,0,0,0
154.6675,3,0,9,0,0,0,0,-1,0,0.0000,-1,33,6,22,0,61,0,0,0,0
154.6887,3,0,9,0,0,0,0,-1,0,0.0000,-1,33,6,22,0,61,0,0,0,0
154.7087,3,0,9,0,0,0,0,-1,0,0.0000,-1,33,6,22,0,61,0,0,0,0
154.7297,3,0,9,0,0,0,0,-1,1,1.0000,-1,33,6,22,0,61,0,0,0,0
154.7515,3,0,9,0,0,0,1,215,0,1.0000,-1,33,6,22,0,61,0,0,0,0
154.7708,3,0,9,0,0,0,1,215,0,1.0000,-1,33,6,22,0,61,0,0,0,0
154.7914,3,0,9,0,0,0,1,215,0,1.0000,-1,33,6,22,0,61,0,0,0,0
154.8129,3,0,9,0,0,0,1,215,0,1.0000,-1,33,6,22,0,61,0,0,0,0
154.8334,3,0,9,0,0,0,1,215,0,1.0000,-1,33,6,22,0,61,0,0,0,0
154.8545,3,0,9,0,0,0,1,215,0,1.0000,-1,33,6,22,0,61,0,0,0,0
154.8746,3,0,9,0,0,0,1,215,0,1.0000,-1,33,6,22,0,61,0,0,0,0
154.9152,3,0,9,0,0,0,1,215,0,1.0000,-1,33,6,22,0,61,0,0,0,0
154.9285,3,0,9,0,0,0,1,215,0,1.0000,-1,33,6,22,0,61,0,0,0,0
154.9419,3,0,9,0,0,0,1,215,0,1.0000,-1,33,6,22,0,61,0,0,0,0
154.9621,3,0,9,0,0,0,1,215,0,1.0000,-1,33,6,22,0,61,0,0,0,0
154.9838,3,0,9,0,0,0,1,215,0,1.0000,-1,33,6,22,0,61,0,0,0,0
155.0052,3,0,9,0,0,0,1,215,0,1.0000,-1,33,6,22,0,61,0,0,0,0
155.0249,3,0,9,0,0,0,1,215,0,1.0000,-1,33,6,22,0,61,0,0,0,0
155.0457,3,0,9,0,0,0,1,215,0,1.0000,-1,33,6,22,0,61,0,0,0,0
155.0667,3,0,9,0,0,0,1,215,0,1.0000,-1,33,6,22,0,61,0,0,0,0
155.0869,3,0,9,0,0,0,1,215,0,1.0000,-1,33,6,22,0,61,0,0,0,0
155.1078,3,0,9,0,0,0,1,215,0,1.0000,-1,33,6,22,0,61,0,0,0,0
155.1277,3,0,9,0,0,0,1,215,0,1.0000,-1,33,6,22,0,61,0,0,0,0
155.1479,3,0,9,0,0,0,1,215,0,1.0000,-1,33,6,22,0,61,0,0,0,0
155.1685,3,0,9,0,0,0,1,215,0,1.0000,-1,33,6,22,0,61,0,0,0,0
155.1881,3,0,9,0,0,0,1,215,0,1.0000,-1,33,6,22,0,61,0,0,0,0
155.2088,3,0,9,0,0,0,1,215,0,1.0000,-1,33,6,22,0,61,0,0,0,0
155.2302,3,0,9,0,0,0,1,215,0,1.0000,-1,33,6,22,0,61,0,0,0,0
155.2494,3,0,9,0,0,0,1,215,0,1.0000,-1,33,6,22,0,61,0,0,0,0
155.2708,3,0,9,0,0,0,1,215,0,1.0000,-1,33,6,22,0,61,0,0,0,0
155.2911,1,1,10,0,0,0,0,-1,0,1.0000,215,34,6,22,0,62,0,0,0,0
155.33,1,0,10,0,0,0,0,-1,0,1.0000,-1,34,6,22,0,62,0,0,0,0
155.3422,1,0,10,0,0,0,0,-1,0,1.0000,-1,34,6,22,0,62,0,0,0,0
155.3564,1,0,10,0,0,0,0,-1,0,1.0000,-1,34,6,22,0,62,0,0,0,0
155.3777,1,0,10,0,0,0,0,-1,0,1.0000,-1,34,6,22,0,62,0,0,0,0
155.3999,1,0,10,0,0,0,0,-1,0,1.0000,-1,34,6,22,0,62,0,0,0,0
155.4201,1,0,10,0,0,0,0,-1,0,1.0000,-1,34,6,22,0,62,0,0,0,0
155.4409,1,0,10,0,0,0,0,-1,0,1.0000,-1,34,6,22,0,62,0,0,0,0
155.4619,1,0,10,0,0,0,0,-1,0,1.0000,-1,34,6,22,0,62,0,0,0,0
155.4818,1,0,10,0,0,0,0,-1,0,1.0000,-1,34,6,22,0,62,0,0,0,0
155.503,1,0,10,0,0,0,0,-1,0,1.0000,-1,34,6,22,0,62,0,0,0,0
155.5428,1,0,10,0,0,0,0,-1,0,1.0000,-1,34,6,22,0,62,0,0,0,0
155.5551,1,0,10,0,0,0,0,-1,0,1.0000,-1,34,6,22,0,62,0,0,0,0
155.5683,1,0,10,0,0,0,0,-1,0,1.0000,-1,34,6,22,0,62,0,0,0,0
155.5905,1,0,10,0,0,0,0,-1,0,1.0000,-1,34,6,22,0,62,0,0,0,0
155.6122,1,0,10,0,0,0,0,-1,0,1.0000,-1,34,6,22,0,62,0,0,0,0
155.6324,1,0,10,0,0,0,0,-1,0,1.0000,-1,34,6,22,0,62,0,0,0,0
155.6526,1,0,10,0,0,0,0,-1,0,1.0000,-1,34,6,22,0,62,0,0,0,0
155.6728,1,0,10,0,0,0,0,-1,0,1.0000,-1,34,6,22,0,62,0,0,0,0
155.6933,1,0,10,0,0,0,0,-1,0,1.0000,-1,34,6,22,0,62,0,0,0,0
155.7144,1,0,10,0,0,0,0,-1,0,1.0000,-1,34,6,22,0,62,0,0,0,0
155.7348,1,0,10,0,0,0,0,-1,0,0.0000,-1,34,6,22,0,62,0,0,0,0
155.7551,1,0,10,0,0,0,0,-1,0,0.0000,-1,34,6,22,0,62,0,0,0,0
155.7759,1,0,10,0,0,0,0,-1,0,0.0000,-1,34,6,22,0,62,0,0,0,0
155.7962,1,0,10,0,0,0,0,-1,0,0.0000,-1,34,6,22,0,62,0,0,0,0
155.8178,1,0,10,0,0,0,0,-1,0,0.0000,-1,34,6,22,0,62,0,0,0,0
155.8371,1,0,10,0,0,0,0,-1,0,0.0000,-1,34,6,22,0,62,0,0,0,0
155.8573,1,0,10,0,0,0,0,-1,0,0.0000,-1,34,6,22,0,62,0,0,0,0
155.8768,1,0,10,0,0,0,0,-1,0,0.0000,-1,34,6,22,0,62,0,0,0,0
155.8966,1,0,10,0,0,0,0,-1,0,0.0000,-1,34,6,22,0,62,0,0,0,0
155.9166,1,0,10,0,0,0,0,-1,0,0.0000,-1,34,6,22,0,62,0,0,0,0
155.9568,1,0,10,0,0,0,0,-1,0,0.0000,-1,34,6,22,0,62,0,0,0,0
155.9701,1,0,10,0,0,0,0,-1,0,0.0000,-1,34,6,22,0,62,0,0,0,0
155.9845,1,0,10,1,0,0,0,-1,0,0.0000,-1,34,6,22,0,62,0,0,0,0
156.0024,1,0,10,1,0,0,0,-1,0,0.0000,-1,34,6,22,0,62,0,0,0,0
156.0254,1,0,10,1,0,0,0,-1,0,0.0000,-1,34,6,22,0,62,0,0,0,0
156.0466,1,0,10,1,0,0,0,-1,0,0.0000,-1,34,6,22,0,62,0,0,0,0
156.0665,1,0,10,1,0,0,0,-1,0,0.0000,-1,34,6,22,0,62,0,0,0,0
156.087,1,0,10,1,0,0,0,-1,0,0.0000,-1,34,6,22,0,62,0,0,0,0
156.1082,1,0,10,1,0,0,0,-1,0,0.0000,-1,34,6,22,0,62,0,0,0,0
156.127,1,0,10,1,0,0,0,-1,0,0.0000,-1,34,6,22,0,62,0,0,0,0
156.1657,1,0,10,1,0,0,0,-1,0,0.0000,-1,34,6,22,0,62,0,0,0,0
156.1772,1,0,10,1,0,0,0,-1,0,0.0000,-1,34,6,22,0,62,0,0,0,0
156.1909,1,0,10,1,0,0,0,-1,1,1.0000,-1,34,6,22,0,62,0,0,0,0
156.2126,1,0,10,1,0,0,0,-1,0,1.0000,-1,34,6,22,0,62,0,0,0,0
156.2321,1,0,10,1,0,0,0,-1,0,1.0000,-1,34,6,22,0,62,0,0,0,0
156.2526,1,0,10,1,0,0,0,-1,0,1.0000,-1,34,6,22,0,62,0,0,0,0
156.272,1,0,10,1,0,0,0,-1,0,1.0000,-1,34,6,22,0,62,0,0,0,0
156.293,1,0,10,1,0,0,0,-1,0,1.0000,-1,34,6,22,0,62,0,0,0,0
156.3126,1,0,10,1,0,0,0,-1,0,1.0000,-1,34,6,22,0,62,0,0,0,0
156.3332,1,0,10,1,0,0,0,-1,0,1.0000,-1,34,6,22,0,62,0,0,0,0
156.3528,1,0,10,1,0,0,0,-1,0,1.0000,-1,34,6,22,0,62,0,0,0,0
156.3728,1,0,10,1,0,0,0,-1,0,1.0000,-1,34,6,22,0,62,0,0,0,0
156.3963,1,0,10,1,0,0,0,-1,0,1.0000,-1,34,6,22,0,62,0,0,0,0
156.417,1,0,10,1,0,0,0,-1,0,1.0000,-1,34,6,22,0,62,0,0,0,0
156.4364,1,0,10,1,0,0,0,-1,0,1.0000,-1,34,6,22,0,62,0,0,0,0
156.459,1,0,10,1,0,0,0,-1,0,1.0000,-1,34,6,22,0,62,0,0,0,0
156.4812,1,0,10,1,0,0,0,-1,0,1.0000,-1,34,6,22,0,62,0,0,0,0
156.5037,1,0,10,1,0,0,0,-1,0,1.0000,-1,34,6,22,0,62,0,0,0,0
156.5262,1,0,10,1,0,0,0,-1,0,1.0000,-1,34,6,22,0,62,0,0,0,0
156.5477,1,0,10,1,0,0,0,-1,0,1.0000,-1,34,6,22,0,62,0,0,0,0
156.5908,1,0,10,1,0,0,0,-1,0,1.0000,-1,34,6,22,0,62,0,0,0,0
156.6022,1,0,10,1,0,0,0,-1,0,1.0000,-1,34,6,22,0,62,0,0,0,0
156.6187,1,0,10,1,0,0,0,-1,0,1.0000,-1,34,6,22,0,62,0,0,0,0
156.6411,1,0,10,1,0,0,0,-1,0,1.0000,-1,34,6,22,0,62,0,0,0,0
156.6627,1,0,10,1,0,0,0,-1,0,1.0000,-1,34,6,22,0,62,0,0,0,0
156.6841,1,0,10,1,0,0,0,-1,0,1.0000,-1,34,6,22,0,62,0,0,0,0
156.7047,1,0,10,1,0,0,0,-1,0,1.0000,-1,34,6,22,0,62,0,0,0,0
156.7254,1,0,10,1,0,0,0,-1,0,1.0000,-1,34,6,22,0,62,0,0,0,0
156.745,1,0,10,1,0,0,0,-1,0,1.0000,-1,34,6,22,0,62,0,0,0,0
156.7651,1,0,10,0,0,0,0,-1,0,1.0000,-1,34,6,22,0,62,0,0,0,0
156.8026,1,0,10,0,0,0,0,-1,0,1.0000,-1,34,6,22,0,62,0,0,0,0
156.8134,1,0,10,0,0,0,0,-1,0,1.0000,-1,34,6,22,0,62,0,0,0,0
156.8267,1,0,10,0,0,0,0,-1,0,1.0000,-1,34,6,22,0,62,0,0,0,0
156.8471,1,0,10,0,0,0,0,-1,0,1.0000,-1,34,6,22,0,62,0,0,0,0
156.8655,1,0,10,0,0,0,0,-1,0,1.0000,-1,34,6,22,0,62,0,0,0,0
156.8864,1,0,10,0,0,0,0,-1,0,1.0000,-1,34,6,22,0,62,0,0,0,0
156.9057,1,0,10,0,0,0,0,-1,0,1.0000,-1,34,6,22,0,62,0,0,0,0
156.9263,1,0,10,0,0,0,0,-1,0,1.0000,-1,34,6,22,0,62,0,0,0,0
156.9438,1,0,10,0,0,0,0,-1,0,1.0000,-1,34,6,22,0,62,0,0,0,0
156.9643,1,0,10,0,0,0,0,-1,0,1.0000,-1,34,6,22,0,62,0,0,0,0
156.9828,1,0,10,0,0,0,0,-1,0,1.0000,-1,34,6,22,0,62,0,0,0,0
157.0212,1,0,10,0,0,0,0,-1,0,1.0000,-1,34,6,22,0,62,0,0,0,0
157.0346,1,0,10,0,0,0,0,-1,0,1.0000,-1,34,6,22,0,62,0,0,0,0
157.0468,1,0,10,0,0,0,0,-1,0,1.0000,-1,34,6,22,0,62,0,0,0,0
157.0655,1,0,10,0,0,0,0,-1,0,1.0000,-1,34,6,22,0,62,0,0,0,0
157.0866,1,0,10,0,0,0,0,-1,0,1.0000,-1,34,6,22,0,62,0,0,0,0
157.1055,1,0,10,0,0,0,0,-1,0,1.0000,-1,34,6,22,0,62,0,0,0,0
157.1243,1,0,10,0,0,0,0,-1,0,1.0000,-1,34,6,22,0,62,0,0,0,0
157.1435,1,0,10,0,0,0,0,-1,0,1.0000,-1,34,6,22,0,62,0,0,0,0
157.1641,1,0,10,0,0,0,0,-1,0,1.0000,-1,34,6,22,0,62,0,0,0,0
157.1835,1,0,10,0,0,0,0,-1,0,1.0000,-1,34,6,22,0,62,0,0,0,0
157.2016,1,0,10,0,0,0,0,-1,0,0.0000,-1,34,6,22,0,62,0,0,0,0
157.2211,1,0,10,0,0,0,0,-1,0,0.0000,-1,34,6,22,0,62,0,0,0,0
157.2403,1,0,10,0,0,0,0,-1,0,0.0000,-1,34,6,22,0,62,0,0,0,0
157.2602,1,0,10,0,0,0,0,-1,0,0.0000,-1,34,6,22,0,62,0,0,0,0
157.2777,1,0,10,0,0,0,0,-1,0,0.0000,-1,34,6,22,0,62,0,0,0,0
157.2981,1,0,10,0,0,0,0,-1,0,0.0000,-1,34,6,22,0,62,0,0,0,0
157.3181,1,0,10,0,0,0,0,-1,0,0.0000,-1,34,6,22,0,62,0,0,0,0
157.336,1,0,10,0,0,0,0,-1,0,0.0000,-1,34,6,22,0,62,0,0,0,0
157.3544,1,0,10,0,0,0,0,-1,0,0.0000,-1,34,6,22,0,62,0,0,0,0
157.3756,1,0,10,0,0,0,0,-1,0,0.0000,-1,34,6,22,0,62,0,0,0,0
157.3952,1,0,10,0,0,0,0,-1,0,0.0000,-1,34,6,22,0,62,0,0,0,0
157.4147,1,0,10,0,0,0,0,-1,1,1.0000,-1,34,6,22,0,62,0,0,0,0
157.4332,1,0,10,0,0,0,0,-1,0,1.0000,-1,34,6,22,0,62,0,0,0,0
157.455,1,0,10,0,0,0,0,-1,0,1.0000,-1,34,6,22,0,62,0,0,0,0
157.4738,1,0,10,0,0,0,0,-1,0,1.0000,-1,34,6,22,0,62,0,0,0,0
157.4938,1,0,10,0,0,0,0,-1,0,1.0000,-1,34,6,22,0,62,0,0,0,0
157.5121,1,0,10,0,0,0,0,-1,0,1.0000,-1,34,6,22,0,62,0,0,0,0
157.5338,1,0,10,0,0,0,0,-1,0,1.0000,-1,34,6,22,0,62,0,0,0,0
157.5542,1,0,10,0,0,0,0,-1,0,1.0000,-1,34,6,22,0,62,0,0,0,0
157.5734,1,0,10,0,0,0,0,-1,0,1.0000,-1,34,6,22,0,62,0,0,0,0
157.5945,1,0,10,0,0,0,0,-1,0,1.0000,-1,34,6,22,0,62,0,0,0,0
157.6126,1,0,10,0,0,0,0,-1,0,1.0000,-1,34,6,22,0,62,0,0,0,0
157.6352,1,0,10,0,0,0,0,-1,0,1.0000,-1,34,6,22,0,62,0,0,0,0
157.6551,1,0,10,0,0,0,0,-1,0,1.0000,-1,34,6,22,0,62,0,0,0,0
157.6731,1,0,10,0,0,0,0,-1,0,1.0000,-1,34,6,22,0,62,0,0,0,0
157.6951,1,0,10,0,0,0,0,-1,0,1.0000,-1,34,6,22,0,62,0,0,0,0
157.7122,1,0,10,0,0,0,0,-1,0,1.0000,-1,34,6,22,0,62,0,0,0,0
157.7358,1,0,10,0,0,0,0,-1,0,1.0000,-1,34,6,22,0,62,0,0,0,0
157.7559,1,0,10,0,0,0,0,-1,0,1.0000,-1,34,6,22,0,62,0,0,0,0
157.7762,1,0,10,0,0,0,0,-1,0,1.0000,-1,34,6,22,0,62,0,0,0,0
157.7944,1,0,10,0,0,0,0,-1,0,1.0000,-1,34,6,22,0,62,0,0,0,0
157.8146,1,0,10,0,0,0,0,-1,0,1.0000,-1,34,6,22,0,62,0,0,0,0
157.8344,1,0,10,0,0,0,0,-1,0,1.0000,-1,34,6,22,0,62,0,0,0,0
157.8568,1,0,10,0,0,0,0,-1,0,1.0000,-1,34,6,22,0,62,0,0,0,0
157.8768,1,0,10,0,0,0,0,-1,0,1.0000,-1,34,6,22,0,62,0,0,0,0
157.8953,1,0,10,0,0,0,0,-1,0,1.0000,-1,34,6,22,0,62,0,0,0,0
157.9157,1,0,10,0,0,0,0,-1,0,1.0000,-1,34,6,22,0,62,0,0,0,0
157.9337,1,0,10,0,0,0,0,-1,0,1.0000,-1,34,6,22,0,62,0,0,0,0
157.9556,1,0,10,0,0,0,0,-1,0,1.0000,-1,34,6,22,0,62,0,0,0,0
157.9762,1,0,10,0,0,0,0,-1,0,1.0000,-1,34,6,22,0,62,0,0,0,0
157.9953,1,0,10,0,0,0,0,-1,0,1.0000,-1,34,6,22,0,62,0,0,0,0
158.0152,1,0,10,0,0,0,0,-1,0,1.0000,-1,34,6,22,0,62,0,0,0,0
158.0379,1,0,10,0,0,0,0,-1,0,1.0000,-1,34,6,22,0,62,0,0,0,0
158.0563,1,0,10,0,0,0,0,-1,0,1.0000,-1,34,6,22,0,62,0,0,0,0
158.0781,1,0,10,0,0,0,0,-1,0,1.0000,-1,34,6,22,0,62,0,0,0,0
158.0994,1,0,10,0,0,0,0,-1,0,1.0000,-1,34,6,22,0,62,0,0,0,0
158.1195,1,0,10,0,0,0,0,-1,0,1.0000,-1,34,6,22,0,62,0,0,0,0
158.1402,1,0,10,0,0,0,1,220,0,1.0000,-1,34,6,22,0,62,0,0,0,0
158.1571,1,0,10,0,0,0,1,220,0,1.0000,-1,34,6,22,0,62,0,0,0,0
158.1786,1,0,10,0,0,0,1,220,0,1.0000,-1,34,6,22,0,62,0,0,0,0
158.2014,1,0,10,0,0,0,1,220,0,1.0000,-1,34,6,22,0,62,0,0,0,0
158.2209,1,0,10,0,0,0,1,220,0,1.0000,-1,34,6,22,0,62,0,0,0,0
158.2402,1,0,10,0,0,0,1,220,0,1.0000,-1,34,6,22,0,62,0,0,0,0
158.258,1,0,10,0,0,0,1,220,0,1.0000,-1,34,6,22,0,62,0,0,0,0
158.2801,1,0,10,0,0,0,1,220,0,1.0000,-1,34,6,22,0,62,0,0,0,0
158.3013,1,0,10,0,0,0,1,220,0,1.0000,-1,34,6,22,0,62,0,0,0,0
158.3217,1,0,10,0,0,0,1,220,0,1.0000,-1,34,6,22,0,62,0,0,0,0
158.3418,1,0,10,0,0,0,1,220,0,1.0000,-1,34,6,22,0,62,0,0,0,0
158.3639,1,0,10,0,0,0,1,220,0,1.0000,-1,34,6,22,0,62,0,0,0,0
158.3831,1,0,10,0,0,0,0,-1,0,1.0000,220,35,6,22,0,63,0,0,0,0
158.4025,1,0,10,0,0,0,0,-1,0,1.0000,-1,35,6,22,0,63,0,0,0,0
158.4246,1,0,10,0,0,0,0,-1,0,0.0000,-1,35,6,22,0,63,0,0,0,0
158.4659,1,0,10,0,0,0,0,-1,1,1.0000,-1,35,6,22,0,63,0,0,0,0
158.4787,1,0,10,0,0,0,0,-1,0,1.0000,-1,35,6,22,0,63,0,0,0,0
158.4932,1,0,10,0,0,0,0,-1,0,1.0000,-1,35,6,22,0,63,0,0,0,0
158.5137,1,0,10,0,0,0,0,-1,0,1.0000,-1,35,6,22,0,63,0,0,0,0
158.5356,1,0,10,0,0,0,0,-1,0,1.0000,-1,35,6,22,0,63,0,0,0,0
158.5574,1,0,10,0,0,0,1,219,0,1.0000,-1,35,6,22,0,63,0,0,0,0
158.5793,1,0,10,0,0,0,1,219,0,1.0000,-1,35,6,22,0,63,0,0,0,0
158.6002,1,0,10,0,0,0,1,219,0,1.0000,-1,35,6,22,0,63,0,0,0,0
158.625,1,0,10,0,0,0,1,219,0,1.0000,-1,35,6,22,0,63,0,0,0,0
158.6629,1,0,10,0,0,0,1,219,0,1.0000,-1,35,6,22,0,63,0,0,0,0
158.676,1,0,10,0,0,0,1,219,0,1.0000,-1,35,6,22,0,63,0,0,0,0
158.6908,1,0,10,0,0,0,1,219,0,1.0000,-1,35,6,22,0,63,0,0,0,0
158.7157,1,0,10,0,0,0,1,219,0,1.0000,-1,35,6,22,0,63,0,0,0,0
158.7365,1,0,10,0,0,0,1,219,0,1.0000,-1,35,6,22,0,63,0,0,0,0
158.7578,1,0,10,0,0,0,1,219,0,1.0000,-1,35,6,22,0,63,0,0,0,0
158.7796,1,0,10,0,0,0,1,219,0,1.0000,-1,35,6,22,0,63,0,0,0,0
158.7993,1,0,10,0,0,0,1,219,0,1.0000,-1,35,6,22,0,63,0,0,0,0
158.8168,1,0,10,0,0,0,1,219,0,1.0000,-1,35,6,22,0,63,0,0,0,0
158.8378,1,0,10,0,0,0,1,219,0,1.0000,-1,35,6,22,0,63,0,0,0,0
158.8589,1,0,10,0,0,0,1,219,0,1.0000,-1,35,6,22,0,63,0,0,0,0
158.8804,1,0,10,0,0,0,0,-1,0,1.0000,219,36,6,22,0,64,0,0,0,0
158.9048,1,0,10,0,0,0,0,-1,0,1.0000,-1,36,6,22,0,64,0,0,0,0
158.9236,1,0,10,0,0,0,0,-1,0,1.0000,-1,36,6,22,0,64,0,0,0,0
158.9454,1,0,10,0,0,0,0,-1,0,1.0000,-1,36,6,22,0,64,0,0,0,0
158.9653,1,0,10,0,0,0,0,-1,0,1.0000,-1,36,6,22,0,64,0,0,0,0
158.9864,1,0,10,0,0,0,0,-1,0,1.0000,-1,36,6,22,0,64,0,0,0,0
159.0076,1,0,10,0,0,0,0,-1,0,1.0000,-1,36,6,22,0,64,0,0,0,0
159.0296,1,0,10,0,0,0,0,-1,0,1.0000,-1,36,6,22,0,64,0,0,0,0
159.0513,1,0,10,0,0,0,0,-1,0,1.0000,-1,36,6,22,0,64,0,0,0,0
159.0923,1,0,10,0,0,0,0,-1,0,1.0000,-1,36,6,22,0,64,0,0,0,0
159.1058,1,0,10,0,0,0,0,-1,0,1.0000,-1,36,6,22,0,64,0,0,0,0
159.1214,1,0,10,0,0,0,0,-1,0,1.0000,-1,36,6,22,0,64,0,0,0,0
159.1404,1,0,10,0,0,0,0,-1,0,1.0000,-1,36,6,22,0,64,0,0,0,0
159.1617,1,0,10,0,0,0,0,-1,0,1.0000,-1,36,6,22,0,64,0,0,0,0
159.1838,1,0,10,0,0,0,0,-1,0,1.0000,-1,36,6,22,0,64,0,0,0,0
159.2059,1,0,10,0,0,0,0,-1,0,1.0000,-1,36,6,22,0,64,0,0,0,0
159.2291,1,0,10,0,0,0,1,224,0,1.0000,-1,36,6,22,0,64,0,0,0,0
159.2503,1,0,10,0,0,0,1,224,0,1.0000,-1,36,6,22,0,64,0,0,0,0
159.2689,1,0,10,0,0,0,1,224,0,1.0000,-1,36,6,22,0,64,0,0,0,0
159.293,1,0,10,0,0,0,1,224,0,1.0000,-1,36,6,22,0,64,0,0,0,0
159.3132,1,0,10,0,0,0,1,224,0,1.0000,-1,36,6,22,0,64,0,0,0,0
159.3323,1,0,10,0,0,0,1,224,0,1.0000,-1,36,6,22,0,64,0,0,0,0
159.3522,1,0,10,0,0,0,1,224,0,1.0000,-1,36,6,22,0,64,0,0,0,0
159.3732,1,0,10,0,0,0,1,224,0,1.0000,-1,36,6,22,0,64,0,0,0,0
159.3947,1,0,10,0,0,0,1,224,0,1.0000,-1,36,6,22,0,64,0,0,0,0
159.4174,1,0,10,0,0,0,1,224,0,1.0000,-1,36,6,22,0,64,0,0,0,0
159.4383,1,0,10,0,0,0,1,224,0,1.0000,-1,36,6,22,0,64,0,0,0,0
159.4594,1,0,10,0,0,0,1,224,0,1.0000,-1,36,6,22,0,64,0,0,0,0
159.4805,1,0,10,0,0,0,1,224,0,0.0000,-1,36,6,22,0,64,0,0,0,0
159.5202,1,0,10,0,0,0,1,224,0,0.0000,-1,36,6,22,0,64,0,0,0,0
159.5334,1,0,10,0,0,0,1,224,0,0.0000,-1,36,6,22,0,64,0,0,0,0
159.5473,1,0,10,0,0,0,1,224,0,0.0000,-1,36,6,22,0,64,0,0,0,0
159.569,1,0,10,0,0,0,1,224,0,0.0000,-1,36,6,22,0,64,0,0,0,0
159.5905,1,0,10,0,0,0,1,224,0,0.0000,-1,36,6,22,0,64,0,0,0,0
159.6127,1,0,10,0,0,0,1,224,0,0.0000,-1,36,6,22,0,64,0,0,0,0
159.6377,1,0,10,0,0,0,1,224,0,0.0000,-1,36,6,22,0,64,0,0,0,0
159.6543,1,0,10,0,0,0,1,224,0,0.0000,-1,36,6,22,0,64,0,0,0,0
159.6793,1,0,10,0,0,0,1,223,0,0.0000,224,37,6,22,0,65,0,0,0,0
159.6989,1,0,10,0,0,0,1,223,0,0.0000,-1,37,6,22,0,65,0,0,0,0
159.7371,1,0,10,0,0,0,1,223,0,0.0000,-1,37,6,22,0,65,0,0,0,0
159.7512,1,0,10,0,0,0,1,223,0,0.0000,-1,37,6,22,0,65,0,0,0,0
159.7655,1,0,10,0,0,0,1,223,0,0.0000,-1,37,6,22,0,65,0,0,0,0
159.7815,1,0,10,0,0,0,1,223,0,0.0000,-1,37,6,22,0,65,0,0,0,0
159.8022,1,0,10,0,0,0,1,223,0,0.0000,-1,37,6,22,0,65,0,0,0,0
159.8239,1,0,10,0,0,0,1,223,0,0.0000,-1,37,6,22,0,65,0,0,0,0
159.846,1,0,10,0,0,0,1,223,0,0.0000,-1,37,6,22,0,65,0,0,0,0
159.866,1,0,10,0,0,0,1,223,0,0.0000,-1,37,6,22,0,65,0,0,0,0
159.8848,1,0,10,0,0,0,1,223,0,0.0000,-1,37,6,22,0,65,0,0,0,0
159.9056,1,0,10,0,0,0,1,223,0,0.0000,-1,37,6,22,0,65,0,0,0,0
159.9449,1,0,10,0,0,0,1,223,0,0.0000,-1,37,6,22,0,65,0,0,0,0
159.9574,1,0,10,0,0,0,1,223,0,0.0000,-1,37,6,22,0,65,0,0,0,0
159.9703,1,0,10,0,0,0,1,223,0,0.0000,-1,37,6,22,0,65,0,0,0,0
159.9893,1,0,10,0,0,0,1,223,0,0.0000,-1,37,6,22,0,65,0,0,0,0
160.0113,1,0,10,0,0,0,1,223,0,0.0000,-1,37,6,22,0,65,0,0,0,0
160.032,1,0,10,0,0,0,1,223,0,0.0000,-1,37,6,22,0,65,0,0,0,0
160.0506,1,0,10,0,0,0,1,223,0,0.0000,-1,37,6,22,0,65,0,0,0,0
160.073,1,0,10,0,0,0,1,223,0,0.0000,-1,37,6,22,0,65,0,0,0,0
160.0927,1,0,10,0,0,0,0,-1,0,0.0000,223,38,6,22,0,66,0,0,0,0
160.1128,1,0,10,0,0,0,0,-1,0,0.0000,-1,38,6,22,0,66,0,0,0,0
160.1529,1,0,10,0,0,0,0,-1,0,0.0000,-1,38,6,22,0,66,0,0,0,0
160.1636,1,0,10,0,0,0,0,-1,0,0.0000,-1,38,6,22,0,66,0,0,0,0
160.179,1,0,10,0,0,0,0,-1,0,0.0000,-1,38,6,22,0,66,0,0,0,0
160.2001,1,0,10,0,0,0,0,-1,0,0.0000,-1,38,6,22,0,66,0,0,0,0
160.2207,1,0,10,0,0,0,0,-1,0,0.0000,-1,38,6,22,0,66,0,0,0,0
160.2413,1,0,10,0,0,0,0,-1,0,0.0000,-1,38,6,22,0,66,0,0,0,0
160.2614,1,0,10,0,0,0,0,-1,0,0.0000,-1,38,6,22,0,66,0,0,0,0
160.2817,1,0,10,0,0,0,0,-1,0,0.0000,-1,38,6,22,0,66,0,0,0,0
160.301,1,0,10,0,0,0,0,-1,0,0.0000,-1,38,6,22,0,66,0,0,0,0
160.3221,1,0,10,0,0,0,0,-1,0,0.0000,-1,38,6,22,0,66,0,0,0,0
160.3432,1,0,10,0,0,0,0,-1,0,0.0000,-1,38,6,22,0,66,0,0,0,0
160.3629,1,0,10,0,0,0,0,-1,0,0.0000,-1,38,6,22,0,66,0,0,0,0
160.3825,1,0,10,0,0,0,0,-1,0,0.0000,-1,38,6,22,0,66,0,0,0,0
160.4029,1,0,10,0,0,0,0,-1,0,0.0000,-1,38,6,22,0,66,0,0,0,0
160.423,1,0,10,0,0,0,0,-1,0,0.0000,-1,38,6,22,0,66,0,0,0,0
160.4446,1,0,10,0,0,0,0,-1,0,0.0000,-1,38,6,22,0,66,0,0,0,0
160.4639,1,0,10,0,0,0,0,-1,0,0.0000,-1,38,6,22,0,66,0,0,0,0
160.4831,1,0,10,0,0,0,0,-1,0,0.0000,-1,38,6,22,0,66,0,0,0,0
160.5022,1,0,10,0,0,0,0,-1,0,0.0000,-1,38,6,22,0,66,0,0,0,0
160.5228,1,0,10,0,0,0,0,-1,0,0.0000,-1,38,6,22,0,66,0,0,0,0
160.5439,1,0,10,0,0,0,0,-1,0,0.0000,-1,38,6,22,0,66,0,0,0,0
160.5649,1,0,10,0,0,0,0,-1,0,0.0000,-1,38,6,22,0,66,0,0,0,0
160.5832,1,0,10,0,0,0,0,-1,0,0.0000,-1,38,6,22,0,66,0,0,0,0
160.6039,1,0,10,0,0,0,0,-1,0,0.0000,-1,38,6,22,0,66,0,0,0,0
160.6234,1,0,10,0,0,0,0,-1,0,0.0000,-1,38,6,22,0,66,0,0,0,0
160.6445,1,0,10,0,0,0,0,-1,0,0.0000,-1,38,6,22,0,66,0,0,0,0
160.6651,1,0,10,0,0,0,0,-1,0,0.0000,-1,38,6,22,0,66,0,0,0,0
160.6843,1,0,10,0,0,0,0,-1,0,0.0000,-1,38,6,22,0,66,0,0,0,0
160.7049,1,0,10,0,0,0,0,-1,0,0.0000,-1,38,6,22,0,66,0,0,0,0
160.7258,1,0,10,0,0,0,1,225,0,0.0000,-1,38,6,22,0,66,0,0,0,0
160.764,1,0,10,0,0,0,1,225,0,0.0000,-1,38,6,22,0,66,0,0,0,0
160.7753,1,0,10,0,0,0,1,225,0,0.0000,-1,38,6,22,0,66,0,0,0,0
160.7911,1,0,10,0,0,0,1,225,0,0.0000,-1,38,6,22,0,66,0,0,0,0
160.8116,1,0,10,0,0,0,1,225,0,0.0000,-1,38,6,22,0,66,0,0,0,0
160.8325,1,0,10,0,0,0,1,225,0,0.0000,-1,38,6,22,0,66,0,0,0,0
160.8532,1,0,10,0,0,0,1,225,0,0.0000,-1,38,6,22,0,66,0,0,0,0
160.8733,1,0,10,0,0,0,1,225,0,0.0000,-1,38,6,22,0,66,0,0,0,0
160.8935,1,0,10,0,0,0,1,225,0,0.0000,-1,38,6,22,0,66,0,0,0,0
160.9128,1,0,10,0,0,0,1,225,0,0.0000,-1,38,6,22,0,66,0,0,0,0
160.9335,1,0,10,0,0,0,1,225,0,0.0000,-1,38,6,22,0,66,0,0,0,0
160.9551,1,0,10,0,0,0,1,225,0,0.0000,-1,38,6,22,0,66,0,0,0,0
160.9755,1,0,10,0,0,0,1,225,0,0.0000,-1,38,6,22,0,66,0,0,0,0
160.9951,1,0,10,0,0,0,1,225,0,0.0000,-1,38,6,22,0,66,0,0,0,0
161.0164,1,0,10,0,0,0,1,225,0,0.0000,-1,38,6,22,0,66,0,0,0,0
161.0359,1,0,10,0,0,0,1,225,0,0.0000,-1,38,6,22,0,66,0,0,0,0
161.0576,1,0,10,0,0,0,1,225,0,0.0000,-1,38,6,22,0,66,0,0,0,0
161.0791,1,0,10,0,0,0,1,225,0,0.0000,-1,38,6,22,0,66,0,0,0,0
161.0989,1,0,10,0,0,0,0,-1,0,0.0000,-1,38,6,22,0,66,0,0,0,0
161.1191,1,0,10,0,0,0,0,-1,0,0.0000,-1,38,6,22,0,66,0,0,0,0
161.1394,1,0,10,0,0,0,0,-1,0,0.0000,-1,38,6,22,0,66,0,0,0,0
161.1581,1,0,10,0,0,0,0,-1,0,0.0000,-1,38,6,22,0,66,0,0,0,0
161.1787,1,0,10,0,0,0,0,-1,0,0.0000,-1,38,6,22,0,66,0,0,0,0
161.2012,1,0,10,0,0,0,0,-1,0,0.0000,-1,38,6,22,0,66,0,0,0,0
161.2198,1,0,10,0,0,0,0,-1,0,0.0000,-1,38,6,22,0,66,0,0,0,0
161.2394,1,0,10,1,0,0,0,-1,0,0.0000,-1,38,6,22,0,66,0,0,0,0
161.2602,1,0,10,1,0,0,0,-1,0,0.0000,-1,38,6,22,0,66,0,0,0,0
161.2805,1,0,10,1,0,0,0,-1,0,0.0000,-1,38,6,22,0,66,0,0,0,0
161.301,1,0,10,0,0,0,0,-1,0,0.0000,-1,38,6,22,0,66,0,0,0,0
161.3228,1,0,10,0,0,0,0,-1,1,1.0000,-1,38,6,22,0,66,0,0,0,0
161.3424,1,0,10,0,0,0,0,-1,0,1.0000,-1,38,6,22,0,66,0,0,0,0
161.3801,1,0,10,0,0,0,0,-1,0,1.0000,-1,38,6,22,0,66,0,0,0,0
161.392,1,0,10,0,0,0,0,-1,0,1.0000,-1,38,6,22,0,66,0,0,0,0
161.4057,1,0,10,0,0,0,0,-1,0,1.0000,-1,38,6,22,0,66,0,0,0,0
161.4263,1,0,10,0,0,0,0,-1,0,1.0000,-1,38,6,22,0,66,0,0,0,0
161.4462,1,0,10,0,0,0,0,-1,0,1.0000,-1,38,6,22,0,66,0,0,0,0
161.4673,1,0,10,0,0,0,0,-1,0,1.0000,-1,38,6,22,0,66,0,0,0,0
161.4883,1,0,10,0,0,0,0,-1,0,1.0000,-1,38,6,22,0,66,0,0,0,0
161.509,1,0,10,0,0,0,0,-1,0,1.0000,-1,38,6,22,0,66,0,0,0,0
161.5276,1,0,10,0,0,0,0,-1,0,1.0000,-1,38,6,22,0,66,0,0,0,0
161.5477,1,0,10,0,0,0,0,-1,0,1.0000,-1,38,6,22,0,66,0,0,0,0
161.5864,1,0,10,0,0,0,0,-1,0,1.0000,-1,38,6,22,0,66,0,0,0,0
161.5978,1,0,10,0,0,0,0,-1,0,1.0000,-1,38,6,22,0,66,0,0,0,0
161.6128,1,0,10,0,0,0,0,-1,0,1.0000,-1,38,6,22,0,66,0,0,0,0
161.6328,1,0,10,0,0,0,0,-1,0,1.0000,-1,38,6,22,0,66,0,0,0,0
161.6548,1,0,10,0,0,0,0,-1,0,1.0000,-1,38,6,22,0,66,0,0,0,0
161.6745,1,0,10,0,0,0,0,-1,0,1.0000,-1,38,6,22,0,66,0,0,0,0
161.6954,1,0,10,0,0,0,0,-1,1,2.0000,-1,38,6,22,0,66,0,0,0,0
161.7161,1,0,10,0,0,0,0,-1,0,2.0000,-1,38,6,22,0,66,0,0,0,0
161.735,1,0,10,0,0,0,0,-1,0,2.0000,-1,38,6,22,0,66,0,0,0,0
161.7552,1,0,10,0,0,0,0,-1,0,2.0000,-1,38,6,22,0,66,0,0,0,0
161.7944,1,0,10,0,0,0,0,-1,0,2.0000,-1,38,6,22,0,66,0,0,0,0
161.8058,1,0,10,0,0,0,0,-1,0,2.0000,-1,38,6,22,0,66,0,0,0,0
161.8209,1,0,10,0,0,0,0,-1,0,2.0000,-1,38,6,22,0,66,0,0,0,0
161.8414,1,0,10,0,0,0,0,-1,0,2.0000,-1,38,6,22,0,66,0,0,0,0
161.8617,1,0,10,0,0,0,0,-1,0,2.0000,-1,38,6,22,0,66,0,0,0,0
161.8824,1,0,10,0,0,0,0,-1,0,2.0000,-1,38,6,22,0,66,0,0,0,0
161.9018,1,0,10,0,0,0,0,-1,0,2.0000,-1,38,6,22,0,66,0,0,0,0
161.9227,1,0,10,0,0,0,0,-1,0,2.0000,-1,38,6,22,0,66,0,0,0,0
161.944,1,0,10,0,0,0,0,-1,0,2.0000,-1,38,6,22,0,66,0,0,0,0
161.9642,1,0,10,0,1,0,0,-1,0,2.0000,-1,38,6,22,0,66,0,0,0,0
161.9834,1,0,10,0,1,0,0,-1,0,2.0000,-1,38,6,22,0,66,0,0,0,0
162.0032,1,0,10,0,1,0,0,-1,0,2.0000,-1,38,6,22,0,66,0,0,0,0
162.0244,1,0,10,0,1,0,0,-1,0,2.0000,-1,38,6,22,0,66,0,0,0,0
162.0446,1,0,10,0,1,0,0,-1,0,2.0000,-1,38,6,22,0,66,0,0,0,0
162.0679,1,0,10,0,1,0,0,-1,0,2.0000,-1,38,6,22,0,66,0,0,0,0
162.0885,1,0,10,0,1,0,0,-1,0,2.0000,-1,38,6,22,0,66,0,0,0,0
162.108,1,0,10,0,1,0,0,-1,0,2.0000,-1,38,6,22,0,66,0,0,0,0
162.1264,1,0,10,0,1,0,0,-1,0,2.0000,-1,38,6,22,0,66,0,0,0,0
162.1474,1,0,10,0,1,0,0,-1,0,2.0000,-1,38,6,22,0,66,0,0,0,0
162.1677,1,0,10,0,1,0,1,228,0,2.0000,-1,38,6,22,0,66,0,0,0,0
162.1877,1,0,10,0,1,0,1,228,0,2.0000,-1,38,6,22,0,66,0,0,0,0
162.2074,1,0,10,0,1,0,1,228,0,2.0000,-1,38,6,22,0,66,0,0,0,0
162.2285,1,0,10,0,1,0,1,228,0,2.0000,-1,38,6,22,0,66,0,0,0,0
162.2472,1,0,10,0,1,0,1,228,0,2.0000,-1,38,6,22,0,66,0,0,0,0
162.2678,1,0,10,0,1,0,1,228,0,2.0000,-1,38,6,22,0,66,0,0,0,0
162.2897,1,0,10,0,1,0,1,228,0,2.0000,-1,38,6,22,0,66,0,0,0,0
162.308,1,0,10,0,1,0,1,228,0,2.0000,-1,38,6,22,0,66,0,0,0,0
162.3281,1,0,10,0,1,0,1,228,0,1.0000,-1,38,6,22,0,66,0,0,0,0
162.3482,1,0,10,0,1,0,1,228,0,1.0000,-1,38,6,22,0,66,0,0,0,0
162.3689,1,0,10,0,1,0,1,228,1,2.0000,-1,38,6,22,0,66,0,0,0,0
162.4077,1,0,10,0,1,0,0,-1,0,2.0000,-1,38,6,22,0,66,0,0,0,0
162.4196,1,0,10,0,1,0,0,-1,0,2.0000,-1,38,6,22,0,66,0,0,0,0
162.4345,1,0,10,0,1,0,0,-1,0,2.0000,-1,38,6,22,0,66,0,0,0,0
162.4553,1,0,10,0,1,0,0,-1,0,2.0000,-1,38,6,22,0,66,0,0,0,0
162.4758,1,0,10,0,1,0,0,-1,0,2.0000,-1,38,6,22,0,66,0,0,0,0
162.495,1,0,10,0,1,0,0,-1,0,2.0000,-1,38,6,22,0,66,0,0,0,0
162.5157,1,0,10,0,1,0,0,-1,0,2.0000,-1,38,6,22,0,66,0,0,0,0
162.5361,1,0,10,0,0,0,0,-1,0,2.0000,-1,38,6,22,0,66,0,0,0,0
162.5574,1,0,10,0,0,0,1,228,0,2.0000,-1,38,6,22,0,66,0,0,0,0
162.579,1,0,10,0,0,0,1,228,0,2.0000,-1,38,6,22,0,66,0,0,0,0
162.6163,1,0,10,0,0,0,1,228,0,2.0000,-1,38,6,22,0,66,0,0,0,0
162.6274,1,0,10,0,0,0,0,-1,0,2.0000,228,39,6,22,0,67,0,0,0,0
162.6427,1,0,10,0,0,0,0,-1,0,2.0000,-1,39,6,22,0,67,0,0,0,0
162.6624,1,0,10,0,0,0,0,-1,0,2.0000,-1,39,6,22,0,67,0,0,0,0
162.6838,1,0,10,0,0,0,0,-1,0,2.0000,-1,39,6,22,0,67,0,0,0,0
162.7047,1,0,10,0,0,0,0,-1,0,1.0000,-1,39,6,22,0,67,0,0,0,0
162.7252,1,0,10,0,0,0,0,-1,0,1.0000,-1,39,6,22,0,67,0,0,0,0
162.746,1,0,10,0,0,0,0,-1,0,1.0000,-1,39,6,22,0,67,0,0,0,0
162.7677,1,0,10,0,0,0,0,-1,0,1.0000,-1,39,6,22,0,67,0,0,0,0
162.7888,1,0,10,0,0,0,0,-1,0,1.0000,-1,39,6,22,0,67,0,0,0,0
162.826,1,0,10,0,0,0,0,-1,0,1.0000,-1,39,6,22,0,67,0,0,0,0
162.8384,1,0,10,0,0,0,0,-1,0,1.0000,-1,39,6,22,0,67,0,0,0,0
162.8507,1,0,10,0,0,0,0,-1,0,1.0000,-1,39,6,22,0,67,0,0,0,0
162.8715,1,0,10,0,0,0,0,-1,0,1.0000,-1,39,6,22,0,67,0,0,0,0
162.8922,1,0,10,0,0,0,0,-1,0,1.0000,-1,39,6,22,0,67,0,0,0,0
162.9129,1,0,10,0,0,0,0,-1,0,1.0000,-1,39,6,22,0,67,0,0,0,0
162.9333,1,0,10,0,0,0,0,-1,0,1.0000,-1,39,6,22,0,67,0,0,0,0
162.9544,1,0,10,0,0,0,0,-1,0,1.0000,-1,39,6,22,0,67,0,0,0,0
162.9745,1,0,10,0,0,0,0,-1,0,1.0000,-1,39,6,22,0,67,0,0,0,0
162.9944,1,0,10,0,0,0,0,-1,0,1.0000,-1,39,6,22,0,67,0,0,0,0
163.0351,1,0,10,0,0,0,0,-1,0,1.0000,-1,39,6,22,0,67,0,0,0,0
163.0478,1,0,10,0,0,0,0,-1,0,1.0000,-1,39,6,22,0,67,0,0,0,0
163.0624,1,0,10,0,0,0,0,-1,0,1.0000,-1,39,6,22,0,67,0,0,0,0
163.0792,1,0,10,0,0,0,0,-1,0,1.0000,-1,39,6,22,0,67,0,0,0,0
163.1008,1,0,10,0,0,0,0,-1,0,1.0000,-1,39,6,22,0,67,0,0,0,0
163.123,1,0,10,0,0,0,0,-1,0,1.0000,-1,39,6,22,0,67,0,0,0,0
163.1436,1,0,10,0,0,0,0,-1,0,1.0000,-1,39,6,22,0,67,0,0,0,0
163.1635,1,0,10,0,0,0,0,-1,0,1.0000,-1,39,6,22,0,67,0,0,0,0
163.1843,1,0,10,0,0,0,0,-1,0,1.0000,-1,39,6,22,0,67,0,0,0,0
163.2058,1,0,10,0,0,0,0,-1,0,1.0000,-1,39,6,22,0,67,0,0,0,0
163.2457,1,0,10,0,0,0,0,-1,0,1.0000,-1,39,6,22,0,67,0,0,0,0
163.2583,1,0,10,0,0,0,0,-1,0,1.0000,-1,39,6,22,0,67,0,0,0,0
163.2714,1,0,10,0,0,0,0,-1,0,1.0000,-1,39,6,22,0,67,0,0,0,0
163.2918,1,0,10,0,0,0,0,-1,0,1.0000,-1,39,6,22,0,67,0,0,0,0
163.3135,1,0,10,0,0,0,0,-1,0,1.0000,-1,39,6,22,0,67,0,0,0,0
163.3341,1,0,10,0,0,0,0,-1,0,1.0000,-1,39,6,22,0,67,0,0,0,0
163.3556,1,0,10,0,0,0,0,-1,0,1.0000,-1,39,6,22,0,67,0,0,0,0
163.3761,1,0,10,0,0,0,0,-1,0,0.0000,-1,39,6,22,0,67,0,0,0,0
163.3966,1,0,10,0,0,0,0,-1,0,0.0000,-1,39,6,22,0,67,0,0,0,0
163.417,1,0,10,0,0,0,0,-1,0,0.0000,-1,39,6,22,0,67,0,0,0,0
163.4566,1,0,10,0,0,0,0,-1,0,0.0000,-1,39,6,22,0,67,0,0,0,0
163.4691,1,0,10,0,0,0,0,-1,0,0.0000,-1,39,6,22,0,67,0,0,0,0
163.4819,1,0,10,0,0,0,0,-1,0,0.0000,-1,39,6,22,0,67,0,0,0,0
163.5028,1,0,10,0,0,0,0,-1,0,0.0000,-1,39,6,22,0,67,0,0,0,0
163.5236,1,0,10,0,0,0,0,-1,0,0.0000,-1,39,6,22,0,67,0,0,0,0
163.5442,1,0,10,0,0,0,0,-1,0,0.0000,-1,39,6,22,0,67,0,0,0,0
163.5645,1,0,10,0,0,0,0,-1,1,1.0000,-1,39,6,22,0,67,0,0,0,0
163.5841,1,0,10,0,0,0,0,-1,0,1.0000,-1,39,6,22,0,67,0,0,0,0
163.6055,1,0,10,0,0,0,0,-1,0,1.0000,-1,39,6,22,0,67,0,0,0,0
163.6258,1,0,10,0,0,0,0,-1,0,1.0000,-1,39,6,22,0,67,0,0,0,0
163.6462,1,0,10,0,0,0,0,-1,0,1.0000,-1,39,6,22,0,67,0,0,0,0
163.6668,1,0,10,0,0,0,0,-1,0,1.0000,-1,39,6,22,0,67,0,0,0,0
163.6869,1,0,10,0,0,0,0,-1,0,1.0000,-1,39,6,22,0,67,0,0,0,0
163.7076,1,0,10,0,0,0,0,-1,0,1.0000,-1,39,6,22,0,67,0,0,0,0
163.7273,1,0,10,0,0,0,0,-1,0,1.0000,-1,39,6,22,0,67,0,0,0,0
163.7479,1,0,10,0,0,0,0,-1,0,1.0000,-1,39,6,22,0,67,0,0,0,0
163.7682,1,0,10,0,0,0,0,-1,0,1.0000,-1,39,6,22,0,67,0,0,0,0
163.7887,1,0,10,0,0,0,0,-1,0,1.0000,-1,39,6,22,0,67,0,0,0,0
163.8089,1,0,10,0,0,0,0,-1,0,1.0000,-1,39,6,22,0,67,0,0,0,0
163.8307,1,0,10,0,0,0,0,-1,0,1.0000,-1,39,6,22,0,67,0,0,0,0
163.8515,1,0,10,0,0,0,0,-1,0,1.0000,-1,39,6,22,0,67,0,0,0,0
163.8705,1,0,10,0,0,0,0,-1,0,1.0000,-1,39,6,22,0,67,0,0,0,0
163.8909,1,0,10,0,0,0,0,-1,0,1.0000,-1,39,6,22,0,67,0,0,0,0
163.9125,1,0,10,0,0,0,0,-1,0,1.0000,-1,39,6,22,0,67,0,0,0,0
163.933,1,0,10,0,0,0,0,-1,0,1.0000,-1,39,6,22,0,67,0,0,0,0
163.9514,1,0,10,0,0,0,0,-1,0,1.0000,-1,39,6,22,0,67,0,0,0,0
163.9731,1,0,10,0,0,0,0,-1,0,1.0000,-1,39,6,22,0,67,0,0,0,0
163.9926,1,0,10,0,0,0,0,-1,0,1.0000,-1,39,6,22,0,67,0,0,0,0
164.0138,1,0,10,0,0,0,0,-1,0,1.0000,-1,39,6,22,0,67,0,0,0,0
164.0347,1,0,10,0,0,0,0,-1,1,2.0000,-1,39,6,22,0,67,0,0,0,0
164.0729,1,0,10,0,0,0,0,-1,0,2.0000,-1,39,6,22,0,67,0,0,0,0
164.0849,1,0,10,0,0,0,0,-1,0,2.0000,-1,39,6,22,0,67,0,0,0,0
164.0997,1,0,10,0,0,0,0,-1,0,2.0000,-1,39,6,22,0,67,0,0,0,0
164.1212,1,0,10,0,0,0,0,-1,0,2.0000,-1,39,6,22,0,67,0,0,0,0
164.1417,1,0,10,0,0,0,0,-1,0,2.0000,-1,39,6,22,0,67,0,0,0,0
164.162,1,0,10,0,0,0,0,-1,0,2.0000,-1,39,6,22,0,67,0,0,0,0
164.1824,1,0,10,0,0,0,0,-1,0,2.0000,-1,39,6,22,0,67,0,0,0,0
164.204,1,0,10,0,0,0,0,-1,0,2.0000,-1,39,6,22,0,67,0,0,0,0
164.2255,1,0,10,0,0,0,0,-1,0,2.0000,-1,39,6,22,0,67,0,0,0,0
164.2466,1,0,10,0,0,0,0,-1,0,2.0000,-1,39,6,22,0,67,0,0,0,0
164.2678,1,0,10,0,0,0,0,-1,0,2.0000,-1,39,6,22,0,67,0,0,0,0
164.2883,1,0,10,0,0,0,0,-1,0,2.0000,-1,39,6,22,0,67,0,0,0,0
164.3087,1,0,10,0,0,0,0,-1,0,2.0000,-1,39,6,22,0,67,0,0,0,0
164.3298,1,0,10,0,0,0,0,-1,0,2.0000,-1,39,6,22,0,67,0,0,0,0
164.3511,1,0,10,0,0,0,0,-1,0,2.0000,-1,39,6,22,0,67,0,0,0,0
164.3709,1,0,10,0,0,0,0,-1,0,2.0000,-1,39,6,22,0,67,0,0,0,0
164.3924,1,0,10,0,0,0,0,-1,0,2.0000,-1,39,6,22,0,67,0,0,0,0
164.4132,1,0,10,0,0,0,0,-1,0,2.0000,-1,39,6,22,0,67,0,0,0,0
164.434,1,0,10,0,0,0,0,-1,0,2.0000,-1,39,6,22,0,67,0,0,0,0
164.4559,1,0,10,0,0,0,0,-1,0,2.0000,-1,39,6,22,0,67,0,0,0,0
164.4929,1,0,10,0,0,0,0,-1,0,2.0000,-1,39,6,22,0,67,0,0,0,0
164.5057,1,0,10,0,0,0,0,-1,0,2.0000,-1,39,6,22,0,67,0,0,0,0
164.5194,1,0,10,0,0,0,0,-1,0,2.0000,-1,39,6,22,0,67,0,0,0,0
164.54,1,0,10,0,0,0,0,-1,0,2.0000,-1,39,6,22,0,67,0,0,0,0
164.5616,1,0,10,0,0,0,0,-1,0,2.0000,-1,39,6,22,0,67,0,0,0,0
164.5825,1,0,10,0,0,0,0,-1,0,1.0000,-1,39,6,22,0,67,0,0,0,0
164.6026,1,0,10,0,0,0,0,-1,0,1.0000,-1,39,6,22,0,67,0,0,0,0
164.6243,1,0,10,0,0,0,0,-1,0,1.0000,-1,39,6,22,0,67,0,0,0,0
164.6451,1,0,10,0,0,0,0,-1,0,1.0000,-1,39,6,22,0,67,0,0,0,0
164.6651,1,0,10,0,0,0,0,-1,0,1.0000,-1,39,6,22,0,67,0,0,0,0
164.6866,1,0,10,0,0,0,0,-1,0,1.0000,-1,39,6,22,0,67,0,0,0,0
164.7073,1,0,10,0,0,0,0,-1,0,1.0000,-1,39,6,22,0,67,0,0,0,0
164.7263,1,0,10,0,0,0,0,-1,0,1.0000,-1,39,6,22,0,67,0,0,0,0
164.7477,1,0,10,0,0,0,0,-1,0,1.0000,-1,39,6,22,0,67,0,0,0,0
164.7684,1,0,10,0,0,0,0,-1,0,1.0000,-1,39,6,22,0,67,0,0,0,0
164.7885,1,0,10,0,0,0,0,-1,0,1.0000,-1,39,6,22,0,67,0,0,0,0
164.81,1,0,10,0,0,0,0,-1,0,1.0000,-1,39,6,22,0,67,0,0,0,0
164.8323,1,0,10,0,0,0,0,-1,0,1.0000,-1,39,6,22,0,67,0,0,0,0
164.8508,1,0,10,0,0,0,0,-1,0,1.0000,-1,39,6,22,0,67,0,0,0,0
164.8735,1,0,10,0,0,0,0,-1,0,1.0000,-1,39,6,22,0,67,0,0,0,0
164.8921,1,0,10,0,0,0,0,-1,0,1.0000,-1,39,6,22,0,67,0,0,0,0
164.9134,1,0,10,0,0,0,0,-1,0,1.0000,-1,39,6,22,0,67,0,0,0,0
164.9335,1,0,10,0,0,0,0,-1,0,1.0000,-1,39,6,22,0,67,0,0,0,0
164.9547,1,0,10,0,0,0,0,-1,0,1.0000,-1,39,6,22,0,67,0,0,0,0
164.9745,1,0,10,0,0,0,0,-1,0,1.0000,-1,39,6,22,0,67,0,0,0,0
164.9964,1,0,10,0,0,0,0,-1,0,1.0000,-1,39,6,22,0,67,0,0,0,0
165.016,1,0,10,0,0,0,0,-1,0,1.0000,-1,39,6,22,0,67,0,0,0,0
165.0374,1,0,10,0,0,0,0,-1,0,0.0000,-1,39,6,22,0,67,0,0,0,0
165.0564,1,0,10,0,0,0,0,-1,0,0.0000,-1,39,6,22,0,67,0,0,0,0
165.0768,1,0,10,0,0,0,0,-1,0,0.0000,-1,39,6,22,0,67,0,0,0,0
165.0952,1,0,10,0,0,0,0,-1,0,0.0000,-1,39,6,22,0,67,0,0,0,0
165.1145,1,0,10,0,0,0,0,-1,0,0.0000,-1,39,6,22,0,67,0,0,0,0
165.1357,1,0,10,0,0,0,0,-1,0,0.0000,-1,39,6,22,0,67,0,0,0,0
165.1583,1,0,10,0,0,0,0,-1,0,0.0000,-1,39,6,22,0,67,0,0,0,0
165.1762,1,0,10,0,0,0,0,-1,0,0.0000,-1,39,6,22,0,67,0,0,0,0
165.1967,1,0,10,0,0,0,0,-1,0,0.0000,-1,39,6,22,0,67,0,0,0,0
165.216,1,0,10,0,0,0,0,-1,0,0.0000,-1,39,6,22,0,67,0,0,0,0
165.2371,1,0,10,0,0,0,0,-1,0,0.0000,-1,39,6,22,0,67,0,0,0,0
165.2571,1,0,10,0,0,0,0,-1,0,0.0000,-1,39,6,22,0,67,0,0,0,0
165.2799,1,0,10,0,0,0,0,-1,0,0.0000,-1,39,6,22,0,67,0,0,0,0
165.2975,1,0,10,0,0,0,0,-1,0,0.0000,-1,39,6,22,0,67,0,0,0,0
165.3176,1,0,10,0,0,0,0,-1,0,0.0000,-1,39,6,22,0,67,0,0,0,0
165.3397,1,0,10,0,0,0,0,-1,0,0.0000,-1,39,6,22,0,67,0,0,0,0
165.3602,1,0,10,0,0,0,0,-1,0,0.0000,-1,39,6,22,0,67,0,0,0,0
165.3803,1,0,10,0,0,0,0,-1,0,0.0000,-1,39,6,22,0,67,0,0,0,0
165.4003,1,0,10,0,0,0,0,-1,0,0.0000,-1,39,6,22,0,67,0,0,0,0
165.4203,1,0,10,0,0,0,0,-1,0,0.0000,-1,39,6,22,0,67,0,0,0,0
165.4413,1,0,10,0,0,0,0,-1,0,0.0000,-1,39,6,22,0,67,0,0,0,0
165.4593,1,0,10,0,0,0,0,-1,0,0.0000,-1,39,6,22,0,67,0,0,0,0
165.48,1,0,10,0,0,0,0,-1,0,0.0000,-1,39,6,22,0,67,0,0,0,0
165.5197,1,0,10,0,0,0,0,-1,0,0.0000,-1,39,6,22,0,67,0,0,0,0
165.5336,1,0,10,0,0,0,0,-1,0,0.0000,-1,39,6,22,0,67,0,0,0,0
165.5489,1,0,10,0,0,0,0,-1,0,0.0000,-1,39,6,22,0,67,0,0,0,0
165.5652,1,0,10,0,0,0,0,-1,0,0.0000,-1,39,6,22,0,67,0,0,0,0
165.5834,1,0,10,0,0,0,0,-1,0,0.0000,-1,39,6,22,0,67,0,0,0,0
165.6038,1,0,10,0,0,0,0,-1,0,0.0000,-1,39,6,22,0,67,0,0,0,0
165.622,1,0,10,0,0,0,0,-1,0,0.0000,-1,39,6,22,0,67,0,0,0,0
165.6424,1,0,10,0,0,0,0,-1,0,0.0000,-1,39,6,22,0,67,0,0,0,0
165.661,1,0,10,0,0,0,0,-1,0,0.0000,-1,39,6,22,0,67,0,0,0,0
165.681,1,0,10,0,0,0,0,-1,0,0.0000,-1,39,6,22,0,67,0,0,0,0
165.7012,1,0,10,0,0,0,0,-1,0,0.0000,-1,39,6,22,0,67,0,0,0,0
165.7226,1,0,10,0,0,0,0,-1,0,0.0000,-1,39,6,22,0,67,0,0,0,0
165.7394,1,0,10,0,0,0,0,-1,0,0.0000,-1,39,6,22,0,67,0,0,0,0
165.7595,1,0,10,1,0,0,0,-1,0,0.0000,-1,39,6,22,0,67,0,0,0,0
165.7793,1,0,10,1,0,0,0,-1,0,0.0000,-1,39,6,22,0,67,0,0,0,0
165.8003,1,0,10,1,0,0,0,-1,1,1.0000,-1,39,6,22,0,67,0,0,0,0
165.8178,1,0,10,1,0,0,0,-1,0,1.0000,-1,39,6,22,0,67,0,0,0,0
165.8385,1,0,10,1,0,0,0,-1,0,1.0000,-1,39,6,22,0,67,0,0,0,0
165.8569,1,0,10,1,0,0,0,-1,0,1.0000,-1,39,6,22,0,67,0,0,0,0
165.8794,1,0,10,1,0,0,0,-1,0,1.0000,-1,39,6,22,0,67,0,0,0,0
165.8961,1,0,10,1,0,0,0,-1,0,1.0000,-1,39,6,22,0,67,0,0,0,0
165.9332,1,0,10,1,0,0,0,-1,0,1.0000,-1,39,6,22,0,67,0,0,0,0
165.9466,1,0,10,1,0,0,1,233,0,1.0000,-1,39,6,22,0,67,0,0,0,0
165.9594,1,0,10,1,0,0,1,233,0,1.0000,-1,39,6,22,0,67,0,0,0,0
165.9764,1,0,10,1,0,0,1,233,0,1.0000,-1,39,6,22,0,67,0,0,0,0
165.9966,1,0,10,1,0,0,1,233,0,1.0000,-1,39,6,22,0,67,0,0,0,0
166.0164,1,0,10,1,0,0,1,233,0,1.0000,-1,39,6,22,0,67,0,0,0,0
166.0358,1,0,10,1,0,0,1,233,0,1.0000,-1,39,6,22,0,67,0,0,0,0
166.0557,1,0,10,1,0,0,1,233,0,1.0000,-1,39,6,22,0,67,0,0,0,0
166.0757,1,0,10,1,0,0,1,233,0,1.0000,-1,39,6,22,0,67,0,0,0,0
166.0947,1,0,10,1,0,0,1,233,1,2.0000,-1,39,6,22,0,67,0,0,0,0
166.1156,1,0,10,1,0,0,1,233,0,2.0000,-1,39,6,22,0,67,0,0,0,0
166.1354,1,0,10,1,0,0,1,233,0,2.0000,-1,39,6,22,0,67,0,0,0,0
166.1573,1,0,10,1,0,0,0,-1,0,2.0000,233,40,6,22,0,68,0,0,0,0
166.1758,1,0,10,1,0,0,0,-1,0,2.0000,-1,40,6,22,0,68,0,0,0,0
166.1933,1,0,10,1,0,0,0,-1,0,2.0000,-1,40,6,22,0,68,0,0,0,0
166.2145,1,0,10,1,0,0,0,-1,0,2.0000,-1,40,6,22,0,68,0,0,0,0
166.2374,1,0,10,1,0,0,0,-1,0,2.0000,-1,40,6,22,0,68,0,0,0,0
166.2538,1,0,10,1,0,0,0,-1,0,2.0000,-1,40,6,22,0,68,0,0,0,0
166.2735,1,0,10,1,0,0,0,-1,0,2.0000,-1,40,6,22,0,68,0,0,0,0
166.2932,1,0,10,1,0,0,0,-1,0,2.0000,-1,40,6,22,0,68,0,0,0,0
166.3141,1,0,10,1,0,0,0,-1,0,2.0000,-1,40,6,22,0,68,0,0,0,0
166.3362,1,0,10,1,0,0,0,-1,0,2.0000,-1,40,6,22,0,68,0,0,0,0
166.3741,1,0,10,1,0,0,0,-1,0,2.0000,-1,40,6,22,0,68,0,0,0,0
166.3896,1,0,10,0,0,0,0,-1,0,2.0000,-1,40,6,22,0,68,0,0,0,0
166.4049,1,0,10,0,0,0,0,-1,0,2.0000,-1,40,6,22,0,68,0,0,0,0
166.4232,1,0,10,0,1,0,0,-1,0,2.0000,-1,40,6,22,0,68,0,0,0,0
166.4451,1,0,10,0,1,0,0,-1,0,2.0000,-1,40,6,22,0,68,0,0,0,0
166.4646,1,0,10,0,1,0,0,-1,0,2.0000,-1,40,6,22,0,68,0,0,0,0
166.4841,1,0,10,0,1,0,0,-1,0,2.0000,-1,40,6,22,0,68,0,0,0,0
166.5081,1,0,10,0,1,0,0,-1,0,2.0000,-1,40,6,22,0,68,0,0,0,0
166.5291,1,0,10,0,1,0,0,-1,0,2.0000,-1,40,6,22,0,68,0,0,0,0
166.5488,1,0,10,0,1,0,0,-1,0,2.0000,-1,40,6,22,0,68,0,0,0,0
166.5907,1,0,10,0,1,0,0,-1,0,2.0000,-1,40,6,22,0,68,0,0,0,0
166.606,1,0,10,0,1,0,0,-1,0,2.0000,-1,40,6,22,0,68,0,0,0,0
166.6222,1,0,10,0,1,0,0,-1,0,2.0000,-1,40,6,22,0,68,0,0,0,0
166.6376,1,0,10,0,1,0,0,-1,0,2.0000,-1,40,6,22,0,68,0,0,0,0
166.661,1,0,10,0,1,0,0,-1,0,2.0000,-1,40,6,22,0,68,0,0,0,0
166.6814,1,0,10,0,1,0,0,-1,0,2.0000,-1,40,6,22,0,68,0,0,0,0
166.7017,1,0,10,0,1,0,0,-1,0,2.0000,-1,40,6,22,0,68,0,0,0,0
166.7244,1,0,10,0,1,0,0,-1,0,2.0000,-1,40,6,22,0,68,0,0,0,0
166.7461,1,0,10,0,1,0,0,-1,0,2.0000,-1,40,6,22,0,68,0,0,0,0
166.7645,1,0,10,0,1,0,1,238,0,2.0000,-1,40,6,22,0,68,0,0,0,0
166.7847,1,0,10,0,1,0,1,238,0,2.0000,-1,40,6,22,0,68,0,0,0,0
166.8057,1,0,10,0,1,0,1,238,0,1.0000,-1,40,6,22,0,68,0,0,0,0
166.8255,1,0,10,0,1,0,1,238,0,1.0000,-1,40,6,22,0,68,0,0,0,0
166.8468,1,0,10,0,1,0,1,238,0,1.0000,-1,40,6,22,0,68,0,0,0,0
166.8693,1,0,10,0,1,0,1,238,0,1.0000,-1,40,6,22,0,68,0,0,0,0
166.8895,1,0,10,0,1,0,1,238,0,1.0000,-1,40,6,22,0,68,0,0,0,0
166.9089,1,0,10,0,1,0,1,238,0,1.0000,-1,40,6,22,0,68,0,0,0,0
166.9304,1,0,10,0,1,0,1,238,0,1.0000,-1,40,6,22,0,68,0,0,0,0
166.9524,1,0,10,0,1,0,1,238,0,1.0000,-1,40,6,22,0,68,0,0,0,0
166.9714,1,0,10,0,1,0,1,238,0,1.0000,-1,40,6,22,0,68,0,0,0,0
166.9929,2,1,11,0,0,0,1,238,0,1.0000,-1,40,6,22,0,68,0,0,0,0