run_time,current_driver_player_number,driver_changed_this_frame,driver_change_count_total,curve_active,drift_check_active,drift_check_result,warning_active,warning_obstacle_id,driver_input_this_frame,inputs_per_second,hit_obstacle_id_this_frame,player1_collision_counter,player2_collision_counter,player3_collision_counter,player4_collision_counter,collision_count_total,player1_final_points,player2_final_points,player3_final_points,player4_final_points
67.78745,1,0,0,0,0,0,0,-1,0,0.0000,-1,0,0,0,0,0,0,0,0,0
67.84222,1,0,0,0,0,0,0,-1,1,1.0000,-1,0,0,0,0,0,0,0,0,0
67.86855,1,0,0,0,0,0,0,-1,0,1.0000,-1,0,0,0,0,0,0,0,0,0
67.87868,1,0,0,0,0,0,0,-1,0,1.0000,-1,0,0,0,0,0,0,0,0,0
67.89742,1,0,0,0,0,0,0,-1,0,1.0000,-1,0,0,0,0,0,0,0,0,0
67.94697,1,0,0,0,0,0,0,-1,0,1.0000,-1,0,0,0,0,0,0,0,0,0
67.96036,1,0,0,0,0,0,0,-1,0,1.0000,-1,0,0,0,0,0,0,0,0,0
67.97416,1,0,0,0,0,0,0,-1,0,1.0000,-1,0,0,0,0,0,0,0,0,0
67.99944,1,0,0,0,0,0,0,-1,0,1.0000,-1,0,0,0,0,0,0,0,0,0
68.02605,1,0,0,0,0,0,0,-1,0,1.0000,-1,0,0,0,0,0,0,0,0,0
68.05402,1,0,0,0,0,0,0,-1,0,1.0000,-1,0,0,0,0,0,0,0,0,0
68.07352,1,0,0,0,0,0,0,-1,0,1.0000,-1,0,0,0,0,0,0,0,0,0
68.09315,1,0,0,0,0,0,0,-1,0,1.0000,-1,0,0,0,0,0,0,0,0,0
68.11504,1,0,0,0,0,0,0,-1,0,1.0000,-1,0,0,0,0,0,0,0,0,0
68.13795,1,0,0,0,0,0,0,-1,0,1.0000,-1,0,0,0,0,0,0,0,0,0
68.16283,1,0,0,0,0,0,0,-1,0,1.0000,-1,0,0,0,0,0,0,0,0,0
68.18615,1,0,0,0,0,0,0,-1,0,1.0000,-1,0,0,0,0,0,0,0,0,0
68.20741,1,0,0,0,0,0,0,-1,0,1.0000,-1,0,0,0,0,0,0,0,0,0
68.22952,1,0,0,0,0,0,0,-1,0,1.0000,-1,0,0,0,0,0,0,0,0,0
68.25343,1,0,0,0,0,0,0,-1,0,1.0000,-1,0,0,0,0,0,0,0,0,0
68.27711,1,0,0,0,0,0,0,-1,0,1.0000,-1,0,0,0,0,0,0,0,0,0
68.29839,1,0,0,0,0,0,0,-1,0,1.0000,-1,0,0,0,0,0,0,0,0,0
68.32124,1,0,0,0,0,0,0,-1,0,1.0000,-1,0,0,0,0,0,0,0,0,0
68.34492,1,0,0,0,0,0,0,-1,0,1.0000,-1,0,0,0,0,0,0,0,0,0
68.36563,1,0,0,0,0,0,0,-1,0,1.0000,-1,0,0,0,0,0,0,0,0,0
68.38998,1,0,0,0,0,0,0,-1,0,1.0000,-1,0,0,0,0,0,0,0,0,0
68.4143,1,0,0,0,0,0,0,-1,0,1.0000,-1,0,0,0,0,0,0,0,0,0
68.43787,1,0,0,0,0,0,0,-1,0,1.0000,-1,0,0,0,0,0,0,0,0,0
68.45974,1,0,0,0,0,0,0,-1,0,1.0000,-1,0,0,0,0,0,0,0,0,0
68.48244,1,0,0,0,0,0,0,-1,0,1.0000,-1,0,0,0,0,0,0,0,0,0
68.50374,1,0,0,0,0,0,0,-1,0,1.0000,-1,0,0,0,0,0,0,0,0,0
68.52884,1,0,0,0,0,0,0,-1,0,1.0000,-1,0,0,0,0,0,0,0,0,0
68.55204,1,0,0,0,0,0,0,-1,0,1.0000,-1,0,0,0,0,0,0,0,0,0
68.57298,1,0,0,0,0,0,0,-1,0,1.0000,-1,0,0,0,0,0,0,0,0,0
68.59879,1,0,0,0,0,0,0,-1,0,1.0000,-1,0,0,0,0,0,0,0,0,0
68.61845,1,0,0,0,0,0,0,-1,0,1.0000,-1,0,0,0,0,0,0,0,0,0
68.6412,1,0,0,0,0,0,0,-1,0,1.0000,-1,0,0,0,0,0,0,0,0,0
68.66586,1,0,0,0,0,0,0,-1,0,1.0000,-1,0,0,0,0,0,0,0,0,0
68.6884,1,0,0,0,0,0,0,-1,0,1.0000,-1,0,0,0,0,0,0,0,0,0
68.71124,1,0,0,0,0,0,0,-1,0,1.0000,-1,0,0,0,0,0,0,0,0,0
68.73516,1,0,0,0,0,0,0,-1,0,1.0000,-1,0,0,0,0,0,0,0,0,0
68.75698,1,0,0,0,0,0,0,-1,0,1.0000,-1,0,0,0,0,0,0,0,0,0
68.78098,1,0,0,0,0,0,0,-1,0,1.0000,-1,0,0,0,0,0,0,0,0,0
68.80285,1,0,0,0,0,0,0,-1,0,1.0000,-1,0,0,0,0,0,0,0,0,0
68.82623,1,0,0,0,0,0,0,-1,0,1.0000,-1,0,0,0,0,0,0,0,0,0
68.84921,1,0,0,0,0,0,0,-1,0,0.0000,-1,0,0,0,0,0,0,0,0,0
68.87093,1,0,0,0,0,0,0,-1,0,0.0000,-1,0,0,0,0,0,0,0,0,0
68.89383,1,0,0,0,0,0,0,-1,0,0.0000,-1,0,0,0,0,0,0,0,0,0
68.91703,1,0,0,0,0,0,0,-1,0,0.0000,-1,0,0,0,0,0,0,0,0,0
68.94011,1,0,0,0,0,0,0,-1,0,0.0000,-1,0,0,0,0,0,0,0,0,0
68.96378,1,0,0,0,0,0,0,-1,0,0.0000,-1,0,0,0,0,0,0,0,0,0
68.98569,1,0,0,0,0,0,0,-1,0,0.0000,-1,0,0,0,0,0,0,0,0,0
69.00961,1,0,0,0,0,0,0,-1,0,0.0000,-1,0,0,0,0,0,0,0,0,0
69.03333,1,0,0,0,0,0,0,-1,0,0.0000,-1,0,0,0,0,0,0,0,0,0
69.05573,1,0,0,0,0,0,0,-1,0,0.0000,-1,0,0,0,0,0,0,0,0,0
69.07881,1,0,0,0,0,0,0,-1,0,0.0000,-1,0,0,0,0,0,0,0,0,0
69.10183,1,0,0,0,0,0,0,-1,0,0.0000,-1,0,0,0,0,0,0,0,0,0
69.12549,1,0,0,0,0,0,0,-1,0,0.0000,-1,0,0,0,0,0,0,0,0,0
69.14809,1,0,0,0,0,0,0,-1,0,0.0000,-1,0,0,0,0,0,0,0,0,0
69.1715,1,0,0,0,0,0,0,-1,0,0.0000,-1,0,0,0,0,0,0,0,0,0
69.19465,1,0,0,0,0,0,0,-1,0,0.0000,-1,0,0,0,0,0,0,0,0,0
69.2161,1,0,0,0,0,0,0,-1,0,0.0000,-1,0,0,0,0,0,0,0,0,0
69.24049,1,0,0,0,0,0,0,-1,0,0.0000,-1,0,0,0,0,0,0,0,0,0
69.26359,1,0,0,0,0,0,0,-1,0,0.0000,-1,0,0,0,0,0,0,0,0,0
69.28687,1,0,0,0,0,0,0,-1,0,0.0000,-1,0,0,0,0,0,0,0,0,0
69.30834,1,0,0,0,0,0,0,-1,0,0.0000,-1,0,0,0,0,0,0,0,0,0
69.33272,1,0,0,0,0,0,0,-1,0,0.0000,-1,0,0,0,0,0,0,0,0,0
69.35732,1,0,0,0,0,0,0,-1,0,0.0000,-1,0,0,0,0,0,0,0,0,0
69.38145,1,0,0,0,0,0,0,-1,0,0.0000,-1,0,0,0,0,0,0,0,0,0
69.40479,1,0,0,0,0,0,0,-1,0,0.0000,-1,0,0,0,0,0,0,0,0,0
69.42757,1,0,0,0,0,0,0,-1,0,0.0000,-1,0,0,0,0,0,0,0,0,0
69.45073,1,0,0,0,0,0,0,-1,0,0.0000,-1,0,0,0,0,0,0,0,0,0
69.47395,1,0,0,0,0,0,0,-1,0,0.0000,-1,0,0,0,0,0,0,0,0,0
69.49686,1,0,0,0,0,0,0,-1,0,0.0000,-1,0,0,0,0,0,0,0,0,0
69.51987,1,0,0,0,0,0,0,-1,0,0.0000,-1,0,0,0,0,0,0,0,0,0
69.54357,1,0,0,0,0,0,0,-1,0,0.0000,-1,0,0,0,0,0,0,0,0,0
69.56685,1,0,0,0,0,0,0,-1,0,0.0000,-1,0,0,0,0,0,0,0,0,0
69.58887,1,0,0,0,0,0,0,-1,0,0.0000,-1,0,0,0,0,0,0,0,0,0
69.61506,1,0,0,0,0,0,0,-1,0,0.0000,-1,0,0,0,0,0,0,0,0,0
69.63735,1,0,0,0,0,0,0,-1,0,0.0000,-1,0,0,0,0,0,0,0,0,0
69.65984,1,0,0,0,0,0,0,-1,0,0.0000,-1,0,0,0,0,0,0,0,0,0
69.6842,1,0,0,0,0,0,0,-1,0,0.0000,-1,0,0,0,0,0,0,0,0,0
69.70584,1,0,0,0,0,0,0,-1,0,0.0000,-1,0,0,0,0,0,0,0,0,0
69.73038,1,0,0,0,0,0,0,-1,0,0.0000,-1,0,0,0,0,0,0,0,0,0
69.75363,1,0,0,0,0,0,0,-1,0,0.0000,-1,0,0,0,0,0,0,0,0,0
69.77769,1,0,0,0,0,0,0,-1,0,0.0000,-1,0,0,0,0,0,0,0,0,0
69.80024,1,0,0,0,0,0,0,-1,0,0.0000,-1,0,0,0,0,0,0,0,0,0
69.8243,1,0,0,0,0,0,0,-1,0,0.0000,-1,0,0,0,0,0,0,0,0,0
69.84808,1,0,0,0,0,0,0,-1,0,0.0000,-1,0,0,0,0,0,0,0,0,0
69.87097,1,0,0,0,0,0,0,-1,0,0.0000,-1,0,0,0,0,0,0,0,0,0
69.89406,1,0,0,0,0,0,0,-1,0,0.0000,-1,0,0,0,0,0,0,0,0,0
69.91749,1,0,0,0,0,0,0,-1,0,0.0000,-1,0,0,0,0,0,0,0,0,0
69.9416,1,0,0,0,0,0,0,-1,0,0.0000,-1,0,0,0,0,0,0,0,0,0
69.96403,1,0,0,0,0,0,0,-1,0,0.0000,-1,0,0,0,0,0,0,0,0,0
69.98806,1,0,0,0,0,0,0,-1,0,0.0000,-1,0,0,0,0,0,0,0,0,0
70.03278,1,0,0,0,0,0,0,-1,0,0.0000,-1,0,0,0,0,0,0,0,0,0
70.0514,1,0,0,0,0,0,0,-1,0,0.0000,-1,0,0,0,0,0,0,0,0,0
70.07055,1,0,0,0,0,0,0,-1,0,0.0000,-1,0,0,0,0,0,0,0,0,0
70.08711,1,0,0,0,0,0,0,-1,0,0.0000,-1,0,0,0,0,0,0,0,0,0
70.11144,1,0,0,0,0,0,0,-1,0,0.0000,-1,0,0,0,0,0,0,0,0,0
70.13782,1,0,0,0,0,0,0,-1,0,0.0000,-1,0,0,0,0,0,0,0,0,0
70.15698,1,0,0,0,0,0,0,-1,0,0.0000,-1,0,0,0,0,0,0,0,0,0
70.18101,1,0,0,0,0,0,0,-1,0,0.0000,-1,0,0,0,0,0,0,0,0,0
70.20793,1,0,0,0,0,0,0,-1,0,0.0000,-1,0,0,0,0,0,0,0,0,0
70.22971,1,0,0,0,0,0,0,-1,0,0.0000,-1,0,0,0,0,0,0,0,0,0
70.25369,1,0,0,0,0,0,0,-1,0,0.0000,-1,0,0,0,0,0,0,0,0,0
70.2775,1,0,0,0,0,0,0,-1,0,0.0000,-1,0,0,0,0,0,0,0,0,0
70.30145,1,0,0,0,0,0,0,-1,0,0.0000,-1,0,0,0,0,0,0,0,0,0
70.32526,1,0,0,0,0,0,0,-1,0,0.0000,-1,0,0,0,0,0,0,0,0,0
70.34776,1,0,0,0,0,0,0,-1,0,0.0000,-1,0,0,0,0,0,0,0,0,0
70.37153,1,0,0,0,0,0,0,-1,0,0.0000,-1,0,0,0,0,0,0,0,0,0
70.39391,1,0,0,0,0,0,0,-1,0,0.0000,-1,0,0,0,0,0,0,0,0,0
70.41812,1,0,0,0,0,0,0,-1,0,0.0000,-1,0,0,0,0,0,0,0,0,0
70.44178,1,0,0,0,0,0,0,-1,0,0.0000,-1,0,0,0,0,0,0,0,0,0
70.46439,1,0,0,0,0,0,0,-1,0,0.0000,-1,0,0,0,0,0,0,0,0,0
70.48859,1,0,0,0,0,0,0,-1,0,0.0000,-1,0,0,0,0,0,0,0,0,0
70.5136,1,0,0,0,0,0,0,-1,0,0.0000,-1,0,0,0,0,0,0,0,0,0
70.53645,1,0,0,0,0,0,0,-1,0,0.0000,-1,0,0,0,0,0,0,0,0,0
70.56023,1,0,0,0,0,0,0,-1,0,0.0000,-1,0,0,0,0,0,0,0,0,0
70.58482,1,0,0,0,0,0,0,-1,0,0.0000,-1,0,0,0,0,0,0,0,0,0
70.60699,1,0,0,0,0,0,0,-1,0,0.0000,-1,0,0,0,0,0,0,0,0,0
70.63031,1,0,0,0,0,0,0,-1,0,0.0000,-1,0,0,0,0,0,0,0,0,0
70.65615,1,0,0,0,0,0,0,-1,0,0.0000,-1,0,0,0,0,0,0,0,0,0
70.67989,1,0,0,0,0,0,0,-1,0,0.0000,-1,0,0,0,0,0,0,0,0,0
70.70269,1,0,0,0,0,0,0,-1,0,0.0000,-1,0,0,0,0,0,0,0,0,0
70.72673,1,0,0,0,0,0,0,-1,0,0.0000,-1,0,0,0,0,0,0,0,0,0
70.74917,1,0,0,0,0,0,0,-1,0,0.0000,-1,0,0,0,0,0,0,0,0,0
70.77494,1,0,0,0,0,0,0,-1,0,0.0000,-1,0,0,0,0,0,0,0,0,0
70.79848,1,0,0,0,0,0,0,-1,0,0.0000,-1,0,0,0,0,0,0,0,0,0
70.82182,1,0,0,0,0,0,0,-1,0,0.0000,-1,0,0,0,0,0,0,0,0,0
70.84687,1,0,0,0,0,0,0,-1,0,0.0000,-1,0,0,0,0,0,0,0,0,0
70.89194,1,0,0,0,0,0,0,-1,0,0.0000,-1,0,0,0,0,0,0,0,0,0
70.91121,1,0,0,0,0,0,0,-1,1,1.0000,-1,0,0,0,0,0,0,0,0,0
70.92855,1,0,0,0,0,0,0,-1,0,1.0000,-1,0,0,0,0,0,0,0,0,0
70.94567,1,0,0,0,0,0,0,-1,0,1.0000,-1,0,0,0,0,0,0,0,0,0
70.97245,1,0,0,0,0,0,0,-1,0,1.0000,-1,0,0,0,0,0,0,0,0,0
70.99462,1,0,0,0,0,0,0,-1,0,1.0000,-1,0,0,0,0,0,0,0,0,0
71.01948,1,0,0,0,0,0,0,-1,0,1.0000,-1,0,0,0,0,0,0,0,0,0
71.04312,1,0,0,0,0,0,0,-1,0,1.0000,-1,0,0,0,0,0,0,0,0,0
71.06606,1,0,0,0,0,0,0,-1,0,1.0000,-1,0,0,0,0,0,0,0,0,0
71.08848,1,0,0,0,0,0,0,-1,0,1.0000,-1,0,0,0,0,0,0,0,0,0
71.11176,1,0,0,0,0,0,0,-1,0,1.0000,-1,0,0,0,0,0,0,0,0,0
71.1348,1,0,0,0,0,0,0,-1,0,1.0000,-1,0,0,0,0,0,0,0,0,0
71.15936,1,0,0,0,0,0,0,-1,0,1.0000,-1,0,0,0,0,0,0,0,0,0
71.18163,1,0,0,0,0,0,0,-1,0,1.0000,-1,0,0,0,0,0,0,0,0,0
71.20575,1,0,0,0,0,0,0,-1,0,1.0000,-1,0,0,0,0,0,0,0,0,0
71.22776,1,0,0,0,0,0,0,-1,0,1.0000,-1,0,0,0,0,0,0,0,0,0
71.25294,1,0,0,0,0,0,0,-1,0,1.0000,-1,0,0,0,0,0,0,0,0,0
71.27502,1,0,0,0,0,0,0,-1,0,1.0000,-1,0,0,0,0,0,0,0,0,0
71.29811,1,0,0,0,0,0,0,-1,1,2.0000,-1,0,0,0,0,0,0,0,0,0
71.32191,1,0,0,0,0,0,0,-1,0,2.0000,-1,0,0,0,0,0,0,0,0,0
71.34383,1,0,0,0,0,0,0,-1,0,2.0000,-1,0,0,0,0,0,0,0,0,0
71.36765,1,0,0,0,0,0,0,-1,0,2.0000,-1,0,0,0,0,0,0,0,0,0
71.39052,1,0,0,0,0,0,0,-1,0,2.0000,-1,0,0,0,0,0,0,0,0,0
71.41297,1,0,0,0,0,0,0,-1,0,2.0000,-1,0,0,0,0,0,0,0,0,0
71.43707,1,0,0,0,0,0,0,-1,0,2.0000,-1,0,0,0,0,0,0,0,0,0
71.46101,1,0,0,0,0,0,0,-1,0,2.0000,-1,0,0,0,0,0,0,0,0,0
71.48199,1,0,0,0,0,0,0,-1,0,2.0000,-1,0,0,0,0,0,0,0,0,0
71.50798,1,0,0,0,0,0,0,-1,0,2.0000,-1,0,0,0,0,0,0,0,0,0
71.52984,1,0,0,0,0,0,0,-1,0,2.0000,-1,0,0,0,0,0,0,0,0,0
71.55226,1,0,0,0,0,0,0,-1,0,2.0000,-1,0,0,0,0,0,0,0,0,0
71.57433,1,0,0,0,0,0,0,-1,0,2.0000,-1,0,0,0,0,0,0,0,0,0
71.59822,1,0,0,0,0,0,0,-1,1,3.0000,-1,0,0,0,0,0,0,0,0,0
71.62123,1,0,0,0,0,0,0,-1,0,3.0000,-1,0,0,0,0,0,0,0,0,0
71.64321,1,0,0,0,0,0,0,-1,0,3.0000,-1,0,0,0,0,0,0,0,0,0
71.66721,1,0,0,0,0,0,0,-1,0,3.0000,-1,0,0,0,0,0,0,0,0,0
71.69008,1,0,0,0,0,0,0,-1,0,3.0000,-1,0,0,0,0,0,0,0,0,0
71.71181,1,0,0,0,0,0,0,-1,0,3.0000,-1,0,0,0,0,0,0,0,0,0
71.73745,1,0,0,0,0,0,0,-1,0,3.0000,-1,0,0,0,0,0,0,0,0,0
71.75888,1,0,0,0,0,0,0,-1,0,3.0000,-1,0,0,0,0,0,0,0,0,0
71.786,1,0,0,0,0,0,0,-1,0,3.0000,-1,0,0,0,0,0,0,0,0,0
71.80152,1,0,0,0,0,0,0,-1,0,3.0000,-1,0,0,0,0,0,0,0,0,0
71.82669,1,0,0,0,0,0,0,-1,0,3.0000,-1,0,0,0,0,0,0,0,0,0
71.84951,1,0,0,0,0,0,0,-1,0,3.0000,-1,0,0,0,0,0,0,0,0,0
71.87331,1,0,0,0,0,0,0,-1,0,3.0000,-1,0,0,0,0,0,0,0,0,0
71.89594,1,0,0,0,0,0,0,-1,0,3.0000,-1,0,0,0,0,0,0,0,0,0
71.93896,1,0,0,0,0,0,0,-1,1,3.0000,-1,0,0,0,0,0,0,0,0,0
71.95351,1,0,0,0,0,0,0,-1,0,3.0000,-1,0,0,0,0,0,0,0,0,0
71.96876,1,0,0,0,0,0,0,-1,0,3.0000,-1,0,0,0,0,0,0,0,0,0
71.99326,1,0,0,0,0,0,0,-1,0,3.0000,-1,0,0,0,0,0,0,0,0,0
72.01804,1,0,0,0,0,0,0,-1,0,3.0000,-1,0,0,0,0,0,0,0,0,0
72.04108,1,0,0,0,0,0,0,-1,0,3.0000,-1,0,0,0,0,0,0,0,0,0
72.06209,1,0,0,0,0,0,0,-1,0,3.0000,-1,0,0,0,0,0,0,0,0,0
72.08686,1,0,0,0,0,0,0,-1,0,3.0000,-1,0,0,0,0,0,0,0,0,0
72.1095,1,0,0,0,0,0,0,-1,0,3.0000,-1,0,0,0,0,0,0,0,0,0
72.13441,1,0,0,0,0,0,0,-1,0,3.0000,-1,0,0,0,0,0,0,0,0,0
72.15756,1,0,0,0,0,0,0,-1,0,3.0000,-1,0,0,0,0,0,0,0,0,0
72.18022,1,0,0,0,0,0,0,-1,0,3.0000,-1,0,0,0,0,0,0,0,0,0
72.20337,1,0,0,0,0,0,0,-1,0,3.0000,-1,0,0,0,0,0,0,0,0,0
72.22571,1,0,0,0,0,0,0,-1,0,3.0000,-1,0,0,0,0,0,0,0,0,0
72.24949,1,0,0,0,0,0,0,-1,0,3.0000,-1,0,0,0,0,0,0,0,0,0
72.27277,1,0,0,0,0,0,0,-1,0,3.0000,-1,0,0,0,0,0,0,0,0,0
72.2963,1,0,0,0,0,0,0,-1,0,3.0000,-1,0,0,0,0,0,0,0,0,0
72.31891,1,0,0,0,0,0,0,-1,0,2.0000,-1,0,0,0,0,0,0,0,0,0
72.34327,1,0,0,0,0,0,0,-1,0,2.0000,-1,0,0,0,0,0,0,0,0,0
72.36658,1,0,0,0,0,0,0,-1,0,2.0000,-1,0,0,0,0,0,0,0,0,0
72.39144,1,0,0,0,0,0,0,-1,0,2.0000,-1,0,0,0,0,0,0,0,0,0
72.41477,1,0,0,0,0,0,0,-1,1,3.0000,-1,0,0,0,0,0,0,0,0,0
72.43854,1,0,0,0,0,0,0,-1,0,3.0000,-1,0,0,0,0,0,0,0,0,0
72.46183,1,0,0,0,0,0,0,-1,0,3.0000,-1,0,0,0,0,0,0,0,0,0
72.4856,1,0,0,0,0,0,0,-1,0,3.0000,-1,0,0,0,0,0,0,0,0,0
72.50905,1,0,0,0,0,0,0,-1,0,3.0000,-1,0,0,0,0,0,0,0,0,0
72.53171,1,0,0,0,0,0,0,-1,0,3.0000,-1,0,0,0,0,0,0,0,0,0
72.55401,1,0,0,0,0,0,0,-1,0,3.0000,-1,0,0,0,0,0,0,0,0,0
72.57828,1,0,0,0,0,0,0,-1,0,3.0000,-1,0,0,0,0,0,0,0,0,0
72.60134,1,0,0,0,0,0,0,-1,0,2.0000,-1,0,0,0,0,0,0,0,0,0
72.62478,1,0,0,0,0,0,0,-1,0,2.0000,-1,0,0,0,0,0,0,0,0,0
72.6487,1,0,0,0,0,0,0,-1,0,2.0000,-1,0,0,0,0,0,0,0,0,0
72.67207,1,0,0,0,0,0,0,-1,0,2.0000,-1,0,0,0,0,0,0,0,0,0
72.6954,1,0,0,0,0,0,0,-1,0,2.0000,-1,0,0,0,0,0,0,0,0,0
72.71839,1,0,0,0,0,0,0,-1,0,2.0000,-1,0,0,0,0,0,0,0,0,0
72.74129,1,0,0,0,0,0,0,-1,0,2.0000,-1,0,0,0,0,0,0,0,0,0
72.78568,1,0,0,0,0,0,0,-1,1,3.0000,-1,0,0,0,0,0,0,0,0,0
72.80608,1,0,0,0,0,0,0,-1,0,3.0000,-1,0,0,0,0,0,0,0,0,0
72.82382,1,0,0,0,0,0,1,1,0,3.0000,-1,0,0,0,0,0,0,0,0,0
72.86496,1,0,0,0,0,0,1,1,0,3.0000,-1,0,0,0,0,0,0,0,0,0
72.87621,1,0,0,0,0,0,1,1,0,3.0000,-1,0,0,0,0,0,0,0,0,0
72.89244,1,0,0,0,0,0,1,1,0,3.0000,-1,0,0,0,0,0,0,0,0,0
72.91867,1,0,0,0,0,0,1,1,0,3.0000,-1,0,0,0,0,0,0,0,0,0
72.94338,1,0,0,0,0,0,1,1,0,2.0000,-1,0,0,0,0,0,0,0,0,0
72.96796,1,0,0,0,0,0,1,1,0,2.0000,-1,0,0,0,0,0,0,0,0,0
72.99316,1,0,0,0,0,0,1,1,0,2.0000,-1,0,0,0,0,0,0,0,0,0
73.01501,1,0,0,0,0,0,1,1,0,2.0000,-1,0,0,0,0,0,0,0,0,0
73.0391,1,0,0,0,0,0,1,1,0,2.0000,-1,0,0,0,0,0,0,0,0,0
73.06353,1,0,0,0,0,0,1,1,0,2.0000,-1,0,0,0,0,0,0,0,0,0
73.08666,1,0,0,0,0,0,1,1,0,2.0000,-1,0,0,0,0,0,0,0,0,0
73.11097,1,0,0,0,0,0,1,1,0,2.0000,-1,0,0,0,0,0,0,0,0,0
73.13552,1,0,0,0,0,0,1,1,0,2.0000,-1,0,0,0,0,0,0,0,0,0
73.15935,1,0,0,0,0,0,1,1,1,3.0000,-1,0,0,0,0,0,0,0,0,0
73.18226,1,0,0,0,0,0,1,1,0,3.0000,-1,0,0,0,0,0,0,0,0,0
73.20262,1,0,0,0,0,0,1,1,0,3.0000,-1,0,0,0,0,0,0,0,0,0
73.22775,1,0,0,0,0,0,1,1,0,3.0000,-1,0,0,0,0,0,0,0,0,0
73.2506,1,0,0,0,0,0,1,1,0,3.0000,-1,0,0,0,0,0,0,0,0,0
73.27614,1,0,0,0,0,0,1,1,0,3.0000,-1,0,0,0,0,0,0,0,0,0
73.29707,1,0,0,0,0,0,1,1,0,3.0000,-1,0,0,0,0,0,0,0,0,0
73.32177,1,0,0,0,0,0,1,1,0,3.0000,-1,0,0,0,0,0,0,0,0,0
73.34448,1,0,0,0,0,0,1,1,0,3.0000,-1,0,0,0,0,0,0,0,0,0
73.36672,1,0,0,0,0,0,1,1,0,3.0000,-1,0,0,0,0,0,0,0,0,0
73.4113,1,0,0,0,0,0,1,1,0,3.0000,-1,0,0,0,0,0,0,0,0,0
73.4257,1,0,0,0,0,0,1,1,0,2.0000,-1,0,0,0,0,0,0,0,0,0
73.44144,1,0,0,0,0,0,1,1,0,2.0000,-1,0,0,0,0,0,0,0,0,0
73.46591,1,0,0,0,0,0,1,1,0,2.0000,-1,0,0,0,0,0,0,0,0,0
73.48946,1,0,0,0,0,0,1,1,0,2.0000,-1,0,0,0,0,0,0,0,0,0
73.51436,1,0,0,0,0,0,1,1,0,2.0000,-1,0,0,0,0,0,0,0,0,0
73.53529,1,0,0,0,0,0,1,1,0,2.0000,-1,0,0,0,0,0,0,0,0,0
73.56034,1,0,0,0,0,0,1,1,0,2.0000,-1,0,0,0,0,0,0,0,0,0
73.58241,1,0,0,0,0,0,1,1,0,2.0000,-1,0,0,0,0,0,0,0,0,0
73.60279,1,0,0,0,0,0,1,1,0,2.0000,-1,0,0,0,0,0,0,0,0,0
73.62676,1,0,0,0,0,0,1,1,0,2.0000,-1,0,0,0,0,0,0,0,0,0
73.6496,1,0,0,0,0,0,1,1,1,3.0000,-1,0,0,0,0,0,0,0,0,0
73.67091,1,0,0,0,0,0,1,1,0,3.0000,-1,0,0,0,0,0,0,0,0,0
73.69363,1,0,0,0,0,0,0,-1,0,3.0000,-1,0,0,0,0,0,0,0,0,0
73.71638,1,0,0,0,0,0,0,-1,0,3.0000,-1,0,0,0,0,0,0,0,0,0
73.73962,1,0,0,0,0,0,0,-1,0,3.0000,-1,0,0,0,0,0,0,0,0,0
73.78252,1,0,0,0,0,0,0,-1,0,3.0000,-1,0,0,0,0,0,0,0,0,0
73.79483,1,0,0,0,0,0,0,-1,0,2.0000,-1,0,0,0,0,0,0,0,0,0
73.81143,1,0,0,0,0,0,0,-1,0,2.0000,-1,0,0,0,0,0,0,0,0,0
73.83483,1,0,0,0,0,0,0,-1,0,2.0000,-1,0,0,0,0,0,0,0,0,0
73.86112,1,0,0,0,0,0,0,-1,0,2.0000,-1,0,0,0,0,0,0,0,0,0
73.88293,1,0,0,0,0,0,1,0,0,2.0000,-1,0,0,0,0,0,0,0,0,0
73.9069,1,0,0,0,0,0,1,0,0,2.0000,-1,0,0,0,0,0,0,0,0,0
73.92954,1,0,0,0,0,0,1,0,0,2.0000,-1,0,0,0,0,0,0,0,0,0
73.95084,1,0,0,0,0,0,1,0,0,2.0000,-1,0,0,0,0,0,0,0,0,0
73.97541,1,0,0,0,0,0,1,0,0,2.0000,-1,0,0,0,0,0,0,0,0,0
73.99799,1,0,0,0,0,0,1,0,0,2.0000,-1,0,0,0,0,0,0,0,0,0
74.02011,1,0,0,0,0,0,1,0,0,2.0000,-1,0,0,0,0,0,0,0,0,0
74.04337,1,0,0,0,0,0,1,0,0,2.0000,-1,0,0,0,0,0,0,0,0,0
74.0668,1,0,0,0,0,0,1,0,0,2.0000,-1,0,0,0,0,0,0,0,0,0
74.09381,1,0,0,0,0,0,1,0,0,2.0000,-1,0,0,0,0,0,0,0,0,0
74.11716,1,0,0,0,0,0,1,0,0,2.0000,-1,0,0,0,0,0,0,0,0,0
74.13881,1,0,0,0,0,0,1,0,0,2.0000,-1,0,0,0,0,0,0,0,0,0
74.16084,1,0,0,0,0,0,1,0,0,1.0000,-1,0,0,0,0,0,0,0,0,0
74.18445,1,0,0,0,0,0,1,0,0,1.0000,-1,0,0,0,0,0,0,0,0,0
74.20606,1,0,0,0,0,0,1,0,0,1.0000,-1,0,0,0,0,0,0,0,0,0
74.23016,1,0,0,0,0,0,1,0,0,1.0000,-1,0,0,0,0,0,0,0,0,0
74.25188,1,0,0,0,0,0,1,0,0,1.0000,-1,0,0,0,0,0,0,0,0,0
74.27482,1,0,0,0,0,0,1,0,0,1.0000,-1,0,0,0,0,0,0,0,0,0
74.29854,1,0,0,0,0,0,1,0,0,1.0000,-1,0,0,0,0,0,0,0,0,0
74.32037,1,0,0,0,0,0,1,0,0,1.0000,-1,0,0,0,0,0,0,0,0,0
74.34413,1,0,0,0,0,0,1,0,0,1.0000,-1,0,0,0,0,0,0,0,0,0
74.36565,1,0,0,0,0,0,1,0,0,1.0000,-1,0,0,0,0,0,0,0,0,0
74.38972,1,0,0,0,0,0,1,4,1,2.0000,-1,0,0,0,0,0,0,0,0,0
74.41254,1,0,0,0,0,0,1,4,0,2.0000,-1,0,0,0,0,0,0,0,0,0
74.43396,1,0,0,0,0,0,1,4,0,2.0000,-1,0,0,0,0,0,0,0,0,0
74.45898,1,0,0,0,0,0,1,4,0,2.0000,-1,0,0,0,0,0,0,0,0,0
74.48058,1,0,0,0,0,0,1,4,0,2.0000,-1,0,0,0,0,0,0,0,0,0
74.50269,1,0,0,0,0,0,1,4,0,2.0000,-1,0,0,0,0,0,0,0,0,0
74.52825,1,0,0,0,0,0,1,4,0,2.0000,-1,0,0,0,0,0,0,0,0,0
74.5495,1,0,0,0,0,0,1,4,0,2.0000,-1,0,0,0,0,0,0,0,0,0
74.57279,1,0,0,0,0,0,1,4,0,2.0000,-1,0,0,0,0,0,0,0,0,0
74.59446,1,0,0,0,0,0,1,4,0,2.0000,-1,0,0,0,0,0,0,0,0,0
74.61798,1,0,0,0,0,0,1,4,0,2.0000,-1,0,0,0,0,0,0,0,0,0
74.66007,1,0,0,0,0,0,1,4,0,1.0000,-1,0,0,0,0,0,0,0,0,0
74.67648,1,0,0,0,0,0,1,4,0,1.0000,-1,0,0,0,0,0,0,0,0,0
74.69205,1,0,0,1,0,0,1,4,0,1.0000,-1,0,0,0,0,0,0,0,0,0
74.71626,1,0,0,1,0,0,1,4,0,1.0000,-1,0,0,0,0,0,0,0,0,0
74.73523,1,0,0,1,0,0,1,4,0,1.0000,-1,0,0,0,0,0,0,0,0,0
74.75643,1,0,0,1,0,0,1,4,0,1.0000,-1,0,0,0,0,0,0,0,0,0
74.78149,1,0,0,1,0,0,1,4,1,2.0000,-1,0,0,0,0,0,0,0,0,0
74.80244,1,0,0,1,0,0,1,4,0,2.0000,-1,0,0,0,0,0,0,0,0,0
74.82407,1,0,0,1,0,0,1,4,0,2.0000,-1,0,0,0,0,0,0,0,0,0
74.86662,1,0,0,1,0,0,1,4,0,2.0000,-1,0,0,0,0,0,0,0,0,0
74.88087,1,0,0,1,0,0,1,4,0,2.0000,-1,0,0,0,0,0,0,0,0,0
74.89582,1,0,0,1,0,0,1,4,0,2.0000,-1,0,0,0,0,0,0,0,0,0
74.91845,1,0,0,1,0,0,1,4,0,2.0000,-1,0,0,0,0,0,0,0,0,0
74.94256,1,0,0,1,0,0,1,4,0,2.0000,-1,0,0,0,0,0,0,0,0,0
74.96538,1,0,0,1,0,0,1,4,0,2.0000,-1,0,0,0,0,0,0,0,0,0
74.98733,1,0,0,1,0,0,1,4,0,2.0000,-1,0,0,0,0,0,0,0,0,0
75.00958,1,0,0,1,0,0,1,4,0,2.0000,-1,0,0,0,0,0,0,0,0,0
75.03219,1,0,0,1,0,0,0,-1,0,2.0000,4,1,0,0,0,1,0,0,0,0
75.07027,1,0,0,1,0,0,0,-1,0,2.0000,-1,1,0,0,0,1,0,0,0,0
75.0853,1,0,0,1,0,0,0,-1,0,2.0000,-1,1,0,0,0,1,0,0,0,0
75.10455,1,0,0,1,0,0,0,-1,0,2.0000,-1,1,0,0,0,1,0,0,0,0
75.12552,1,0,0,1,0,0,0,-1,0,2.0000,-1,1,0,0,0,1,0,0,0,0
75.14832,1,0,0,1,0,0,1,7,0,2.0000,-1,1,0,0,0,1,0,0,0,0
75.17175,1,0,0,1,0,0,1,7,0,2.0000,-1,1,0,0,0,1,0,0,0,0
75.19439,1,0,0,1,0,0,1,7,0,2.0000,-1,1,0,0,0,1,0,0,0,0
75.21837,1,0,0,1,0,0,1,7,0,2.0000,-1,1,0,0,0,1,0,0,0,0
75.2402,1,0,0,1,0,0,1,7,0,2.0000,-1,1,0,0,0,1,0,0,0,0
75.28548,1,0,0,1,0,0,1,7,0,2.0000,-1,1,0,0,0,1,0,0,0,0
75.30429,1,0,0,1,0,0,1,7,0,2.0000,-1,1,0,0,0,1,0,0,0,0
75.32091,1,0,0,1,0,0,1,7,0,2.0000,-1,1,0,0,0,1,0,0,0,0
75.33619,1,0,0,1,0,0,1,7,0,2.0000,-1,1,0,0,0,1,0,0,0,0
75.36131,1,0,0,1,0,0,1,7,0,2.0000,-1,1,0,0,0,1,0,0,0,0
75.38422,1,0,0,1,1,0,1,7,0,2.0000,-1,1,0,0,0,1,0,0,0,0
75.41425,1,0,0,1,1,0,1,7,0,1.0000,-1,1,0,0,0,1,0,0,0,0
75.43145,1,0,0,1,1,0,1,7,0,1.0000,-1,1,0,0,0,1,0,0,0,0
75.45271,1,0,0,0,1,0,1,7,0,1.0000,-1,1,0,0,0,1,0,0,0,0
75.47652,1,0,0,0,1,0,1,7,0,1.0000,-1,1,0,0,0,1,0,0,0,0
75.49737,1,0,0,0,1,0,1,7,0,1.0000,-1,1,0,0,0,1,0,0,0,0
75.52406,1,0,0,0,1,0,1,7,0,1.0000,-1,1,0,0,0,1,0,0,0,0
75.54963,1,0,0,0,1,0,1,7,0,1.0000,-1,1,0,0,0,1,0,0,0,0
75.56791,1,0,0,0,1,0,1,7,0,1.0000,-1,1,0,0,0,1,0,0,0,0
75.58754,1,0,0,0,1,0,1,7,0,1.0000,-1,1,0,0,0,1,0,0,0,0
75.61098,1,0,0,0,1,0,1,7,0,1.0000,-1,1,0,0,0,1,0,0,0,0
75.63295,1,0,0,0,1,0,1,7,0,1.0000,-1,1,0,0,0,1,0,0,0,0
75.65522,1,0,0,0,1,0,1,7,0,1.0000,-1,1,0,0,0,1,0,0,0,0
75.69859,1,0,0,0,1,0,1,7,0,1.0000,-1,1,0,0,0,1,0,0,0,0
75.71647,1,0,0,0,1,0,1,7,0,1.0000,-1,1,0,0,0,1,0,0,0,0
75.73149,1,0,0,0,1,0,1,7,0,1.0000,-1,1,0,0,0,1,0,0,0,0
75.74742,1,0,0,0,1,0,1,7,0,1.0000,-1,1,0,0,0,1,0,0,0,0
75.77283,1,0,0,0,1,0,1,7,0,1.0000,-1,1,0,0,0,1,0,0,0,0
75.79397,1,0,0,0,1,0,0,-1,0,0.0000,7,2,0,0,0,2,0,0,0,0
75.81997,1,0,0,0,1,0,0,-1,0,0.0000,-1,2,0,0,0,2,0,0,0,0
75.83625,1,0,0,0,1,0,0,-1,0,0.0000,-1,2,0,0,0,2,0,0,0,0
75.8603,1,0,0,0,1,0,0,-1,0,0.0000,-1,2,0,0,0,2,0,0,0,0
75.90182,1,0,0,0,1,0,0,-1,0,0.0000,-1,2,0,0,0,2,0,0,0,0
75.91661,1,0,0,0,1,0,0,-1,1,1.0000,-1,2,0,0,0,2,0,0,0,0
75.92973,1,0,0,0,1,0,0,-1,0,1.0000,-1,2,0,0,0,2,0,0,0,0
75.95419,1,0,0,0,1,0,0,-1,0,1.0000,-1,2,0,0,0,2,0,0,0,0
75.97579,1,0,0,0,0,0,0,-1,0,1.0000,-1,2,0,0,0,2,0,0,0,0
76.00491,1,0,0,0,0,0,0,-1,0,1.0000,-1,2,0,0,0,2,0,0,0,0
76.02099,1,0,0,0,0,0,0,-1,0,1.0000,-1,2,0,0,0,2,0,0,0,0
76.04115,1,0,0,0,0,0,0,-1,0,1.0000,-1,2,0,0,0,2,0,0,0,0
76.06421,1,0,0,0,0,0,0,-1,0,1.0000,-1,2,0,0,0,2,0,0,0,0
76.10928,1,0,0,0,0,0,0,-1,0,1.0000,-1,2,0,0,0,2,0,0,0,0
76.12862,1,0,0,0,0,0,0,-1,0,1.0000,-1,2,0,0,0,2,0,0,0,0
76.1481,1,0,0,0,0,0,0,-1,0,1.0000,-1,2,0,0,0,2,0,0,0,0
76.16634,1,0,0,0,0,0,0,-1,0,1.0000,-1,2,0,0,0,2,0,0,0,0
76.18311,1,0,0,0,0,0,0,-1,0,1.0000,-1,2,0,0,0,2,0,0,0,0
76.2033,1,0,0,0,0,0,0,-1,0,1.0000,-1,2,0,0,0,2,0,0,0,0
76.22282,1,0,0,0,0,0,0,-1,0,1.0000,-1,2,0,0,0,2,0,0,0,0
76.24458,1,0,0,0,0,0,0,-1,0,1.0000,-1,2,0,0,0,2,0,0,0,0
76.26683,1,0,0,0,0,0,0,-1,0,1.0000,-1,2,0,0,0,2,0,0,0,0
76.31014,1,0,0,0,0,0,0,-1,0,1.0000,-1,2,0,0,0,2,0,0,0,0
76.33082,1,0,0,0,0,0,0,-1,0,1.0000,-1,2,0,0,0,2,0,0,0,0
76.34938,1,0,0,0,0,0,0,-1,0,1.0000,-1,2,0,0,0,2,0,0,0,0
76.36469,1,0,0,0,0,0,0,-1,0,1.0000,-1,2,0,0,0,2,0,0,0,0
76.38387,1,0,0,0,0,0,0,-1,0,1.0000,-1,2,0,0,0,2,0,0,0,0
76.40409,1,0,0,0,0,0,0,-1,0,1.0000,-1,2,0,0,0,2,0,0,0,0
76.4265,1,0,0,0,0,0,0,-1,0,1.0000,-1,2,0,0,0,2,0,0,0,0
76.44825,1,0,0,0,0,0,0,-1,0,1.0000,-1,2,0,0,0,2,0,0,0,0
76.46992,1,0,0,0,0,0,0,-1,0,1.0000,-1,2,0,0,0,2,0,0,0,0
76.51227,1,0,0,0,0,0,0,-1,0,1.0000,-1,2,0,0,0,2,0,0,0,0
76.53156,1,0,0,0,0,0,0,-1,0,1.0000,-1,2,0,0,0,2,0,0,0,0
76.54807,1,0,0,0,0,0,0,-1,0,1.0000,-1,2,0,0,0,2,0,0,0,0
76.5631,1,0,0,0,0,0,0,-1,0,1.0000,-1,2,0,0,0,2,0,0,0,0
76.5832,1,0,0,0,0,0,0,-1,0,1.0000,-1,2,0,0,0,2,0,0,0,0
76.6063,1,0,0,0,0,0,0,-1,0,1.0000,-1,2,0,0,0,2,0,0,0,0
76.6241,1,0,0,0,0,0,0,-1,0,1.0000,-1,2,0,0,0,2,0,0,0,0
76.64687,1,0,0,0,0,0,0,-1,0,1.0000,-1,2,0,0,0,2,0,0,0,0
76.66756,1,0,0,0,0,0,0,-1,0,1.0000,-1,2,0,0,0,2,0,0,0,0
76.68945,1,0,0,0,0,0,0,-1,0,1.0000,-1,2,0,0,0,2,0,0,0,0
76.71296,1,0,0,0,0,0,0,-1,0,1.0000,-1,2,0,0,0,2,0,0,0,0
76.73372,1,0,0,0,0,0,0,-1,0,1.0000,-1,2,0,0,0,2,0,0,0,0
76.75391,1,0,0,0,0,0,0,-1,0,1.0000,-1,2,0,0,0,2,0,0,0,0
76.77682,1,0,0,0,0,0,0,-1,1,2.0000,-1,2,0,0,0,2,0,0,0,0
76.79652,1,0,0,0,0,0,0,-1,0,2.0000,-1,2,0,0,0,2,0,0,0,0
76.82079,1,0,0,0,0,0,0,-1,0,2.0000,-1,2,0,0,0,2,0,0,0,0
76.8414,1,0,0,0,0,0,0,-1,0,2.0000,-1,2,0,0,0,2,0,0,0,0
76.86227,1,0,0,0,0,0,0,-1,0,2.0000,-1,2,0,0,0,2,0,0,0,0
76.88312,1,0,0,0,0,0,0,-1,0,2.0000,-1,2,0,0,0,2,0,0,0,0
76.90501,1,0,0,0,0,0,0,-1,0,2.0000,-1,2,0,0,0,2,0,0,0,0
76.9249,1,0,0,0,0,0,0,-1,0,1.0000,-1,2,0,0,0,2,0,0,0,0
76.94569,1,0,0,0,0,0,0,-1,0,1.0000,-1,2,0,0,0,2,0,0,0,0
76.96725,1,0,0,0,0,0,0,-1,0,1.0000,-1,2,0,0,0,2,0,0,0,0
76.98804,1,0,0,0,0,0,0,-1,0,1.0000,-1,2,0,0,0,2,0,0,0,0
77.01001,1,0,0,0,0,0,0,-1,0,1.0000,-1,2,0,0,0,2,0,0,0,0
77.03154,1,0,0,0,0,0,0,-1,0,1.0000,-1,2,0,0,0,2,0,0,0,0
77.05324,1,0,0,0,0,0,0,-1,0,1.0000,-1,2,0,0,0,2,0,0,0,0
77.07565,1,0,0,0,0,0,0,-1,0,1.0000,-1,2,0,0,0,2,0,0,0,0
77.09607,1,0,0,0,0,0,0,-1,0,1.0000,-1,2,0,0,0,2,0,0,0,0
77.11658,1,0,0,0,0,0,0,-1,0,1.0000,-1,2,0,0,0,2,0,0,0,0
77.15774,1,0,0,0,0,0,0,-1,0,1.0000,-1,2,0,0,0,2,0,0,0,0
77.17477,1,0,0,0,0,0,0,-1,0,1.0000,-1,2,0,0,0,2,0,0,0,0
77.18886,1,0,0,0,0,0,0,-1,0,1.0000,-1,2,0,0,0,2,0,0,0,0
77.20757,1,0,0,0,0,0,0,-1,0,1.0000,-1,2,0,0,0,2,0,0,0,0
77.22967,1,0,0,0,0,0,0,-1,1,2.0000,-1,2,0,0,0,2,0,0,0,0
77.25028,1,0,0,0,0,0,0,-1,0,2.0000,-1,2,0,0,0,2,0,0,0,0
77.27045,1,0,0,0,0,0,0,-1,0,2.0000,-1,2,0,0,0,2,0,0,0,0
77.29167,1,0,0,0,0,0,0,-1,0,2.0000,-1,2,0,0,0,2,0,0,0,0
77.31183,1,0,0,0,0,0,0,-1,0,2.0000,-1,2,0,0,0,2,0,0,0,0
77.33297,1,0,0,0,0,0,0,-1,0,2.0000,-1,2,0,0,0,2,0,0,0,0
77.37477,1,0,0,0,0,0,0,-1,0,2.0000,-1,2,0,0,0,2,0,0,0,0
77.39196,1,0,0,0,0,0,0,-1,0,2.0000,-1,2,0,0,0,2,0,0,0,0
77.40696,1,0,0,0,0,0,0,-1,0,2.0000,-1,2,0,0,0,2,0,0,0,0
77.42109,1,0,0,0,0,0,0,-1,0,2.0000,-1,2,0,0,0,2,0,0,0,0
77.44262,1,0,0,0,0,0,0,-1,0,2.0000,-1,2,0,0,0,2,0,0,0,0
77.46447,1,0,0,0,0,0,0,-1,0,2.0000,-1,2,0,0,0,2,0,0,0,0
77.48499,1,0,0,0,0,0,0,-1,0,2.0000,-1,2,0,0,0,2,0,0,0,0
77.50775,1,0,0,0,0,0,0,-1,0,2.0000,-1,2,0,0,0,2,0,0,0,0
77.52995,1,0,0,0,0,0,0,-1,0,2.0000,-1,2,0,0,0,2,0,0,0,0
77.55224,1,0,0,0,0,0,0,-1,0,2.0000,-1,2,0,0,0,2,0,0,0,0
77.57049,1,0,0,0,0,0,0,-1,0,2.0000,-1,2,0,0,0,2,0,0,0,0
77.59092,1,0,0,0,0,0,0,-1,0,2.0000,-1,2,0,0,0,2,0,0,0,0
77.61259,1,0,0,0,0,0,0,-1,0,2.0000,-1,2,0,0,0,2,0,0,0,0
77.63426,1,0,0,0,0,0,0,-1,0,2.0000,-1,2,0,0,0,2,0,0,0,0
77.65646,1,0,0,0,0,0,0,-1,0,2.0000,-1,2,0,0,0,2,0,0,0,0
77.67654,1,0,0,0,0,0,0,-1,0,2.0000,-1,2,0,0,0,2,0,0,0,0
77.69755,1,0,0,0,0,0,0,-1,0,2.0000,-1,2,0,0,0,2,0,0,0,0
77.71976,1,0,0,0,0,0,0,-1,0,2.0000,-1,2,0,0,0,2,0,0,0,0
77.7413,1,0,0,0,0,0,0,-1,0,2.0000,-1,2,0,0,0,2,0,0,0,0
77.76538,1,0,0,0,0,0,0,-1,0,2.0000,-1,2,0,0,0,2,0,0,0,0
77.80479,1,0,0,0,0,0,0,-1,0,1.0000,-1,2,0,0,0,2,0,0,0,0
77.82081,1,0,0,0,0,0,0,-1,0,1.0000,-1,2,0,0,0,2,0,0,0,0
77.83862,1,0,0,0,0,0,0,-1,0,1.0000,-1,2,0,0,0,2,0,0,0,0
77.85247,1,0,0,0,0,0,0,-1,0,1.0000,-1,2,0,0,0,2,0,0,0,0
77.87571,1,0,0,0,0,0,0,-1,0,1.0000,-1,2,0,0,0,2,0,0,0,0
77.8977,1,0,0,0,0,0,0,-1,0,1.0000,-1,2,0,0,0,2,0,0,0,0
77.91907,1,0,0,0,0,0,0,-1,0,1.0000,-1,2,0,0,0,2,0,0,0,0
77.9409,1,0,0,0,0,0,0,-1,0,1.0000,-1,2,0,0,0,2,0,0,0,0
77.96257,1,0,0,0,0,0,0,-1,0,1.0000,-1,2,0,0,0,2,0,0,0,0
77.98135,1,0,0,0,0,0,0,-1,0,1.0000,-1,2,0,0,0,2,0,0,0,0
78.00324,1,0,0,0,0,0,0,-1,0,1.0000,-1,2,0,0,0,2,0,0,0,0
78.02378,1,0,0,0,0,0,0,-1,0,1.0000,-1,2,0,0,0,2,0,0,0,0
78.04584,1,0,0,0,0,0,0,-1,0,1.0000,-1,2,0,0,0,2,0,0,0,0
78.06673,1,0,0,0,0,0,0,-1,0,1.0000,-1,2,0,0,0,2,0,0,0,0
78.08797,1,0,0,0,0,0,0,-1,1,2.0000,-1,2,0,0,0,2,0,0,0,0
78.10904,1,0,0,0,0,0,0,-1,0,2.0000,-1,2,0,0,0,2,0,0,0,0
78.13228,1,0,0,0,0,0,0,-1,0,2.0000,-1,2,0,0,0,2,0,0,0,0
78.15324,1,0,0,0,0,0,0,-1,0,2.0000,-1,2,0,0,0,2,0,0,0,0
78.17363,1,0,0,0,0,0,0,-1,0,2.0000,-1,2,0,0,0,2,0,0,0,0
78.19621,1,0,0,0,0,0,0,-1,0,2.0000,-1,2,0,0,0,2,0,0,0,0
78.23456,1,0,0,0,0,0,0,-1,0,1.0000,-1,2,0,0,0,2,0,0,0,0
78.25233,1,0,0,0,0,0,0,-1,0,1.0000,-1,2,0,0,0,2,0,0,0,0
78.26743,1,0,0,0,0,0,1,9,0,1.0000,-1,2,0,0,0,2,0,0,0,0
78.28537,1,0,0,0,0,0,1,9,0,1.0000,-1,2,0,0,0,2,0,0,0,0
78.30324,1,0,0,0,0,0,1,9,0,1.0000,-1,2,0,0,0,2,0,0,0,0
78.32513,1,0,0,0,0,0,1,9,0,1.0000,-1,2,0,0,0,2,0,0,0,0
78.34751,1,0,0,0,0,0,1,9,0,1.0000,-1,2,0,0,0,2,0,0,0,0
78.36832,1,0,0,0,0,0,1,9,0,1.0000,-1,2,0,0,0,2,0,0,0,0
78.39082,1,0,0,0,0,0,1,9,0,1.0000,-1,2,0,0,0,2,0,0,0,0
78.41129,1,0,0,0,0,0,1,9,0,1.0000,-1,2,0,0,0,2,0,0,0,0
78.43353,1,0,0,0,0,0,1,9,0,1.0000,-1,2,0,0,0,2,0,0,0,0
78.45344,1,0,0,0,0,0,1,8,0,1.0000,-1,2,0,0,0,2,0,0,0,0
78.47651,1,0,0,0,0,0,1,8,0,1.0000,-1,2,0,0,0,2,0,0,0,0
78.49808,1,0,0,0,0,0,1,8,0,1.0000,-1,2,0,0,0,2,0,0,0,0
78.51919,1,0,0,0,0,0,1,8,0,1.0000,-1,2,0,0,0,2,0,0,0,0
78.54185,1,0,0,0,0,0,1,8,0,1.0000,-1,2,0,0,0,2,0,0,0,0
78.56644,1,0,0,0,0,0,1,8,0,1.0000,-1,2,0,0,0,2,0,0,0,0
78.58834,1,0,0,0,0,0,1,8,0,1.0000,-1,2,0,0,0,2,0,0,0,0
78.60748,1,0,0,0,0,0,1,8,0,1.0000,-1,2,0,0,0,2,0,0,0,0
78.63033,1,0,0,0,0,0,0,-1,0,1.0000,8,3,0,0,0,3,0,0,0,0
78.65462,1,0,0,0,0,0,0,-1,0,1.0000,-1,3,0,0,0,3,0,0,0,0
78.67294,1,0,0,0,0,0,0,-1,0,1.0000,-1,3,0,0,0,3,0,0,0,0
78.69246,1,0,0,0,0,0,0,-1,0,1.0000,-1,3,0,0,0,3,0,0,0,0
78.71524,1,0,0,0,0,0,0,-1,0,1.0000,-1,3,0,0,0,3,0,0,0,0
78.73699,1,0,0,0,0,0,0,-1,0,1.0000,-1,3,0,0,0,3,0,0,0,0
78.75822,1,0,0,0,0,0,0,-1,0,1.0000,-1,3,0,0,0,3,0,0,0,0
78.78053,1,0,0,0,0,0,0,-1,0,1.0000,-1,3,0,0,0,3,0,0,0,0
78.80307,1,0,0,0,0,0,0,-1,0,1.0000,-1,3,0,0,0,3,0,0,0,0
78.82465,1,0,0,0,0,0,0,-1,0,1.0000,-1,3,0,0,0,3,0,0,0,0
78.84488,1,0,0,0,0,0,0,-1,0,1.0000,-1,3,0,0,0,3,0,0,0,0
78.89136,1,0,0,0,0,0,0,-1,0,1.0000,-1,3,0,0,0,3,0,0,0,0
78.91077,1,0,0,0,0,0,0,-1,0,1.0000,-1,3,0,0,0,3,0,0,0,0
78.92629,1,0,0,0,0,0,0,-1,0,1.0000,-1,3,0,0,0,3,0,0,0,0
78.9425,1,0,0,0,0,0,0,-1,0,1.0000,-1,3,0,0,0,3,0,0,0,0
78.96519,1,0,0,0,0,0,0,-1,0,1.0000,-1,3,0,0,0,3,0,0,0,0
78.98656,1,0,0,0,0,0,0,-1,0,1.0000,-1,3,0,0,0,3,0,0,0,0
79.00632,1,0,0,0,0,0,0,-1,0,1.0000,-1,3,0,0,0,3,0,0,0,0
79.029,1,0,0,0,0,0,0,-1,0,1.0000,-1,3,0,0,0,3,0,0,0,0
79.04755,1,0,0,0,0,0,0,-1,0,1.0000,-1,3,0,0,0,3,0,0,0,0
79.07056,1,0,0,0,0,0,0,-1,0,1.0000,-1,3,0,0,0,3,0,0,0,0
79.09068,1,0,0,0,0,0,0,-1,0,0.0000,-1,3,0,0,0,3,0,0,0,0
79.11296,1,0,0,0,0,0,0,-1,0,0.0000,-1,3,0,0,0,3,0,0,0,0
79.13482,1,0,0,0,0,0,0,-1,0,0.0000,-1,3,0,0,0,3,0,0,0,0
79.15708,1,0,0,0,0,0,0,-1,0,0.0000,-1,3,0,0,0,3,0,0,0,0
79.17905,1,0,0,0,0,0,0,-1,0,0.0000,-1,3,0,0,0,3,0,0,0,0
79.20001,1,0,0,0,0,0,0,-1,0,0.0000,-1,3,0,0,0,3,0,0,0,0
79.22224,1,0,0,0,0,0,0,-1,0,0.0000,-1,3,0,0,0,3,0,0,0,0
79.24408,1,0,0,0,0,0,0,-1,0,0.0000,-1,3,0,0,0,3,0,0,0,0
79.26452,1,0,0,0,0,0,0,-1,0,0.0000,-1,3,0,0,0,3,0,0,0,0
79.30745,1,0,0,0,0,0,0,-1,0,0.0000,-1,3,0,0,0,3,0,0,0,0
79.32569,1,0,0,0,0,0,0,-1,0,0.0000,-1,3,0,0,0,3,0,0,0,0
79.34254,1,0,0,0,0,0,0,-1,0,0.0000,-1,3,0,0,0,3,0,0,0,0
79.35806,1,0,0,0,0,0,0,-1,0,0.0000,-1,3,0,0,0,3,0,0,0,0
79.37356,1,0,0,0,0,0,0,-1,0,0.0000,-1,3,0,0,0,3,0,0,0,0
79.39778,1,0,0,0,0,0,0,-1,0,0.0000,-1,3,0,0,0,3,0,0,0,0
79.42206,1,0,0,0,0,0,0,-1,0,0.0000,-1,3,0,0,0,3,0,0,0,0
79.44099,1,0,0,0,0,0,0,-1,0,0.0000,-1,3,0,0,0,3,0,0,0,0
79.46425,1,0,0,0,0,0,0,-1,0,0.0000,-1,3,0,0,0,3,0,0,0,0
79.48569,1,0,0,0,0,0,0,-1,0,0.0000,-1,3,0,0,0,3,0,0,0,0
79.50655,1,0,0,0,0,0,0,-1,0,0.0000,-1,3,0,0,0,3,0,0,0,0
79.5284,1,0,0,0,0,0,0,-1,0,0.0000,-1,3,0,0,0,3,0,0,0,0
79.54897,1,0,0,0,0,0,0,-1,0,0.0000,-1,3,0,0,0,3,0,0,0,0
79.56953,1,0,0,0,0,0,0,-1,0,0.0000,-1,3,0,0,0,3,0,0,0,0
79.59029,1,0,0,0,0,0,0,-1,0,0.0000,-1,3,0,0,0,3,0,0,0,0
79.61046,1,0,0,0,0,0,0,-1,0,0.0000,-1,3,0,0,0,3,0,0,0,0
79.6328,1,0,0,0,0,0,0,-1,0,0.0000,-1,3,0,0,0,3,0,0,0,0
79.65441,1,0,0,0,0,0,0,-1,0,0.0000,-1,3,0,0,0,3,0,0,0,0
79.67422,1,0,0,0,0,0,0,-1,0,0.0000,-1,3,0,0,0,3,0,0,0,0
79.69687,1,0,0,0,0,0,0,-1,0,0.0000,-1,3,0,0,0,3,0,0,0,0
79.71804,1,0,0,0,0,0,0,-1,0,0.0000,-1,3,0,0,0,3,0,0,0,0
79.74001,1,0,0,0,0,0,0,-1,0,0.0000,-1,3,0,0,0,3,0,0,0,0
79.7595,1,0,0,0,0,0,0,-1,0,0.0000,-1,3,0,0,0,3,0,0,0,0
79.78151,1,0,0,0,0,0,0,-1,0,0.0000,-1,3,0,0,0,3,0,0,0,0
79.80055,1,0,0,0,0,0,0,-1,1,1.0000,-1,3,0,0,0,3,0,0,0,0
79.82138,1,0,0,0,0,0,0,-1,0,1.0000,-1,3,0,0,0,3,0,0,0,0
79.84245,1,0,0,0,0,0,0,-1,0,1.0000,-1,3,0,0,0,3,0,0,0,0
79.86299,1,0,0,0,0,0,0,-1,0,1.0000,-1,3,0,0,0,3,0,0,0,0
79.88588,1,0,0,0,0,0,0,-1,0,1.0000,-1,3,0,0,0,3,0,0,0,0
79.90807,1,0,0,0,0,0,0,-1,0,1.0000,-1,3,0,0,0,3,0,0,0,0
79.92919,1,0,0,0,0,0,0,-1,0,1.0000,-1,3,0,0,0,3,0,0,0,0
79.94931,1,0,0,0,0,0,0,-1,0,1.0000,-1,3,0,0,0,3,0,0,0,0
79.96957,1,0,0,0,0,0,0,-1,0,1.0000,-1,3,0,0,0,3,0,0,0,0
79.98941,1,0,0,0,0,0,0,-1,0,1.0000,-1,3,0,0,0,3,0,0,0,0
80.01178,1,0,0,0,0,0,0,-1,0,1.0000,-1,3,0,0,0,3,0,0,0,0
80.0305,1,0,0,0,0,0,0,-1,0,1.0000,-1,3,0,0,0,3,0,0,0,0
80.05296,1,0,0,0,0,0,0,-1,1,2.0000,-1,3,0,0,0,3,0,0,0,0
80.07555,1,0,0,0,0,0,0,-1,0,2.0000,-1,3,0,0,0,3,0,0,0,0
80.09483,1,0,0,0,0,0,0,-1,0,2.0000,-1,3,0,0,0,3,0,0,0,0
80.11594,1,0,0,0,0,0,0,-1,0,2.0000,-1,3,0,0,0,3,0,0,0,0
80.1359,1,0,0,0,0,0,1,14,0,2.0000,-1,3,0,0,0,3,0,0,0,0
80.15811,1,0,0,0,0,0,1,14,0,2.0000,-1,3,0,0,0,3,0,0,0,0
80.17783,1,0,0,0,0,0,1,14,0,2.0000,-1,3,0,0,0,3,0,0,0,0
80.19978,1,0,0,0,0,0,1,14,0,2.0000,-1,3,0,0,0,3,0,0,0,0
80.21903,1,0,0,0,0,0,1,14,0,2.0000,-1,3,0,0,0,3,0,0,0,0
80.24327,1,0,0,0,0,0,1,14,0,2.0000,-1,3,0,0,0,3,0,0,0,0
80.26326,1,0,0,0,0,0,1,14,0,2.0000,-1,3,0,0,0,3,0,0,0,0
80.28423,1,0,0,0,0,0,1,14,0,2.0000,-1,3,0,0,0,3,0,0,0,0
80.30228,1,0,0,0,0,0,1,14,0,2.0000,-1,3,0,0,0,3,0,0,0,0
80.32327,1,0,0,0,0,0,1,14,0,2.0000,-1,3,0,0,0,3,0,0,0,0
80.34364,1,0,0,0,0,0,1,14,0,2.0000,-1,3,0,0,0,3,0,0,0,0
80.36544,1,0,0,0,0,0,1,14,0,2.0000,-1,3,0,0,0,3,0,0,0,0
80.38567,1,0,0,0,0,0,1,14,0,2.0000,-1,3,0,0,0,3,0,0,0,0
80.40959,1,0,0,0,0,0,1,14,0,2.0000,-1,3,0,0,0,3,0,0,0,0
80.4275,1,0,0,0,0,0,1,14,0,2.0000,-1,3,0,0,0,3,0,0,0,0
80.44975,1,0,0,0,0,0,1,14,0,2.0000,-1,3,0,0,0,3,0,0,0,0
80.46808,1,0,0,0,0,0,1,14,0,2.0000,-1,3,0,0,0,3,0,0,0,0
80.48886,1,0,0,0,0,0,1,14,0,2.0000,-1,3,0,0,0,3,0,0,0,0
80.5099,1,0,0,0,0,0,1,14,0,2.0000,-1,3,0,0,0,3,0,0,0,0
80.53174,1,0,0,0,0,0,1,14,0,2.0000,-1,3,0,0,0,3,0,0,0,0
80.55106,1,0,0,0,0,0,1,14,1,3.0000,-1,3,0,0,0,3,0,0,0,0
80.57343,1,0,0,0,0,0,0,-1,0,3.0000,-1,3,0,0,0,3,0,0,0,0
80.59061,1,0,0,0,0,0,0,-1,0,3.0000,-1,3,0,0,0,3,0,0,0,0
80.61416,1,0,0,0,0,0,0,-1,0,3.0000,-1,3,0,0,0,3,0,0,0,0
80.6324,1,0,0,0,0,0,0,-1,0,3.0000,-1,3,0,0,0,3,0,0,0,0
80.65454,1,0,0,0,0,0,0,-1,0,3.0000,-1,3,0,0,0,3,0,0,0,0
80.67307,1,0,0,0,0,0,0,-1,0,3.0000,-1,3,0,0,0,3,0,0,0,0
80.69537,1,0,0,0,0,0,1,15,0,3.0000,-1,3,0,0,0,3,0,0,0,0
80.71677,1,0,0,0,0,0,1,15,0,3.0000,-1,3,0,0,0,3,0,0,0,0
80.73681,1,0,0,0,0,0,1,15,0,3.0000,-1,3,0,0,0,3,0,0,0,0
80.75498,1,0,0,0,0,0,1,15,0,3.0000,-1,3,0,0,0,3,0,0,0,0
80.77664,1,0,0,0,0,0,1,15,0,3.0000,-1,3,0,0,0,3,0,0,0,0
80.79712,1,0,0,0,0,0,1,15,0,3.0000,-1,3,0,0,0,3,0,0,0,0
80.81994,1,0,0,0,0,0,1,15,0,2.0000,-1,3,0,0,0,3,0,0,0,0
80.84067,1,0,0,0,0,0,1,15,0,2.0000,-1,3,0,0,0,3,0,0,0,0
80.86082,1,0,0,0,0,0,1,15,0,2.0000,-1,3,0,0,0,3,0,0,0,0
80.88247,1,0,0,0,0,0,1,15,0,2.0000,-1,3,0,0,0,3,0,0,0,0
80.90271,1,0,0,0,0,0,1,15,0,2.0000,-1,3,0,0,0,3,0,0,0,0
80.92087,1,0,0,0,0,0,1,15,0,2.0000,-1,3,0,0,0,3,0,0,0,0
80.94225,1,0,0,0,0,0,1,15,0,2.0000,-1,3,0,0,0,3,0,0,0,0
80.98322,1,0,0,0,0,0,1,15,0,2.0000,-1,3,0,0,0,3,0,0,0,0
80.99585,1,0,0,0,0,0,1,15,0,2.0000,-1,3,0,0,0,3,0,0,0,0
81.0098,1,0,0,0,0,0,1,15,0,2.0000,-1,3,0,0,0,3,0,0,0,0
81.03025,1,0,0,0,0,0,1,15,0,2.0000,-1,3,0,0,0,3,0,0,0,0
81.05219,1,0,0,0,0,0,1,15,0,2.0000,-1,3,0,0,0,3,0,0,0,0
81.07461,1,0,0,0,0,0,1,15,1,2.0000,-1,3,0,0,0,3,0,0,0,0
81.09406,1,0,0,0,0,0,1,15,0,2.0000,-1,3,0,0,0,3,0,0,0,0
81.11553,1,0,0,0,0,0,1,15,0,2.0000,-1,3,0,0,0,3,0,0,0,0
81.13628,1,0,0,0,0,0,1,15,0,2.0000,-1,3,0,0,0,3,0,0,0,0
81.15456,1,0,0,0,0,0,1,15,0,2.0000,-1,3,0,0,0,3,0,0,0,0
81.17645,1,0,0,0,0,0,1,15,0,2.0000,-1,3,0,0,0,3,0,0,0,0
81.1965,1,0,0,0,0,0,1,15,0,2.0000,-1,3,0,0,0,3,0,0,0,0
81.21808,1,0,0,0,0,0,1,15,0,2.0000,-1,3,0,0,0,3,0,0,0,0
81.23969,1,0,0,0,0,0,1,15,0,2.0000,-1,3,0,0,0,3,0,0,0,0
81.26032,1,0,0,0,0,0,1,15,0,2.0000,-1,3,0,0,0,3,0,0,0,0
81.2812,1,0,0,0,0,0,1,15,0,2.0000,-1,3,0,0,0,3,0,0,0,0
81.30098,1,0,0,0,0,0,1,15,0,2.0000,-1,3,0,0,0,3,0,0,0,0
81.32161,1,0,0,0,0,0,1,15,0,2.0000,-1,3,0,0,0,3,0,0,0,0
81.34081,1,0,0,0,0,0,1,15,0,2.0000,-1,3,0,0,0,3,0,0,0,0
81.3625,1,0,0,0,0,0,1,15,0,2.0000,-1,3,0,0,0,3,0,0,0,0
81.40425,1,0,0,0,0,0,1,15,0,2.0000,-1,3,0,0,0,3,0,0,0,0
81.41895,1,0,0,0,0,0,1,15,0,2.0000,-1,3,0,0,0,3,0,0,0,0
81.4332,1,0,0,0,0,0,0,-1,0,2.0000,15,4,0,0,0,4,0,0,0,0
81.45006,1,0,0,0,0,0,0,-1,0,2.0000,-1,4,0,0,0,4,0,0,0,0
81.47633,1,0,0,0,0,0,0,-1,0,2.0000,-1,4,0,0,0,4,0,0,0,0
81.49398,1,0,0,0,0,0,0,-1,0,2.0000,-1,4,0,0,0,4,0,0,0,0
81.51691,1,0,0,0,0,0,0,-1,0,2.0000,-1,4,0,0,0,4,0,0,0,0
81.53887,1,0,0,0,0,0,0,-1,0,2.0000,-1,4,0,0,0,4,0,0,0,0
81.55899,1,0,0,0,0,0,0,-1,0,1.0000,-1,4,0,0,0,4,0,0,0,0
81.577,1,0,0,0,0,0,0,-1,0,1.0000,-1,4,0,0,0,4,0,0,0,0
81.61806,1,0,0,0,0,0,0,-1,0,1.0000,-1,4,0,0,0,4,0,0,0,0
81.63502,1,0,0,0,0,0,0,-1,0,1.0000,-1,4,0,0,0,4,0,0,0,0
81.65087,1,0,0,0,0,0,0,-1,0,1.0000,-1,4,0,0,0,4,0,0,0,0
81.66862,1,0,0,0,0,0,0,-1,0,1.0000,-1,4,0,0,0,4,0,0,0,0
81.68528,1,0,0,0,0,0,0,-1,0,1.0000,-1,4,0,0,0,4,0,0,0,0
81.70596,1,0,0,0,0,0,0,-1,0,1.0000,-1,4,0,0,0,4,0,0,0,0
81.72659,1,0,0,0,0,0,0,-1,0,1.0000,-1,4,0,0,0,4,0,0,0,0
81.74812,1,0,0,0,0,0,0,-1,0,1.0000,-1,4,0,0,0,4,0,0,0,0
81.76822,1,0,0,0,0,0,0,-1,0,1.0000,-1,4,0,0,0,4,0,0,0,0
81.78685,1,0,0,0,0,0,0,-1,0,1.0000,-1,4,0,0,0,4,0,0,0,0
81.80839,1,0,0,0,0,0,0,-1,0,1.0000,-1,4,0,0,0,4,0,0,0,0
81.8299,1,0,0,0,0,0,0,-1,0,1.0000,-1,4,0,0,0,4,0,0,0,0
81.84995,1,0,0,0,0,0,0,-1,0,1.0000,-1,4,0,0,0,4,0,0,0,0
81.87065,1,0,0,0,0,0,1,17,0,1.0000,-1,4,0,0,0,4,0,0,0,0
81.89151,1,0,0,0,0,0,0,-1,1,2.0000,-1,4,0,0,0,4,0,0,0,0
81.91026,1,0,0,0,0,0,0,-1,0,2.0000,-1,4,0,0,0,4,0,0,0,0
81.9313,1,0,0,0,0,0,0,-1,0,2.0000,-1,4,0,0,0,4,0,0,0,0
81.9514,1,0,0,0,0,0,0,-1,0,2.0000,-1,4,0,0,0,4,0,0,0,0
81.97296,1,0,0,0,0,0,0,-1,0,2.0000,-1,4,0,0,0,4,0,0,0,0
81.99342,1,0,0,1,0,0,0,-1,0,2.0000,-1,4,0,0,0,4,0,0,0,0
82.0153,1,0,0,1,0,0,0,-1,0,2.0000,-1,4,0,0,0,4,0,0,0,0
82.03471,1,0,0,1,0,0,0,-1,0,2.0000,-1,4,0,0,0,4,0,0,0,0
82.05417,1,0,0,1,0,0,0,-1,0,2.0000,-1,4,0,0,0,4,0,0,0,0
82.07487,1,0,0,1,0,0,0,-1,0,1.0000,-1,4,0,0,0,4,0,0,0,0
82.09642,1,0,0,1,0,0,0,-1,0,1.0000,-1,4,0,0,0,4,0,0,0,0
82.11674,1,0,0,1,0,0,0,-1,0,1.0000,-1,4,0,0,0,4,0,0,0,0
82.1375,1,0,0,1,0,0,0,-1,0,1.0000,-1,4,0,0,0,4,0,0,0,0
82.15895,1,0,0,1,0,0,0,-1,0,1.0000,-1,4,0,0,0,4,0,0,0,0
82.17562,1,0,0,1,0,0,0,-1,0,1.0000,-1,4,0,0,0,4,0,0,0,0
82.19628,1,0,0,1,0,0,0,-1,0,1.0000,-1,4,0,0,0,4,0,0,0,0
82.23598,1,0,0,1,0,0,0,-1,0,1.0000,-1,4,0,0,0,4,0,0,0,0
82.25397,1,0,0,1,0,0,0,-1,0,1.0000,-1,4,0,0,0,4,0,0,0,0
82.2716,1,0,0,1,0,0,0,-1,0,1.0000,-1,4,0,0,0,4,0,0,0,0
82.28516,1,0,0,1,0,0,0,-1,0,1.0000,-1,4,0,0,0,4,0,0,0,0
82.30365,1,0,0,1,0,0,0,-1,0,1.0000,-1,4,0,0,0,4,0,0,0,0
82.32565,1,0,0,1,0,0,0,-1,0,1.0000,-1,4,0,0,0,4,0,0,0,0
82.34188,1,0,0,1,0,0,0,-1,0,1.0000,-1,4,0,0,0,4,0,0,0,0
82.36249,1,0,0,1,0,0,0,-1,0,1.0000,-1,4,0,0,0,4,0,0,0,0
82.38367,1,0,0,1,0,0,0,-1,0,1.0000,-1,4,0,0,0,4,0,0,0,0
82.40345,1,0,0,1,0,0,0,-1,0,1.0000,-1,4,0,0,0,4,0,0,0,0
82.44056,1,0,0,1,0,0,0,-1,0,1.0000,-1,4,0,0,0,4,0,0,0,0
82.4576,1,0,0,1,0,0,0,-1,0,1.0000,-1,4,0,0,0,4,0,0,0,0
82.47327,1,0,0,1,0,0,0,-1,0,1.0000,-1,4,0,0,0,4,0,0,0,0
82.49035,1,0,0,1,0,0,0,-1,0,1.0000,-1,4,0,0,0,4,0,0,0,0
82.51128,1,0,0,0,0,0,0,-1,0,1.0000,-1,4,0,0,0,4,0,0,0,0
82.53322,1,0,0,0,0,0,0,-1,0,1.0000,-1,4,0,0,0,4,0,0,0,0
82.54762,1,0,0,0,0,0,0,-1,0,1.0000,-1,4,0,0,0,4,0,0,0,0
82.56335,1,0,0,0,0,0,0,-1,0,1.0000,-1,4,0,0,0,4,0,0,0,0
82.58588,1,0,0,0,0,0,0,-1,0,1.0000,-1,4,0,0,0,4,0,0,0,0
82.60742,1,0,0,0,0,0,0,-1,1,2.0000,-1,4,0,0,0,4,0,0,0,0
82.64652,1,0,0,0,0,0,0,-1,0,2.0000,-1,4,0,0,0,4,0,0,0,0
82.66193,1,0,0,0,1,0,0,-1,0,2.0000,-1,4,0,0,0,4,0,0,0,0
82.67728,1,0,0,0,1,0,0,-1,0,2.0000,-1,4,0,0,0,4,0,0,0,0
82.69273,1,0,0,0,1,0,0,-1,0,2.0000,-1,4,0,0,0,4,0,0,0,0
82.71449,1,0,0,0,1,0,0,-1,0,2.0000,-1,4,0,0,0,4,0,0,0,0
82.73526,1,0,0,0,1,0,0,-1,0,2.0000,-1,4,0,0,0,4,0,0,0,0
82.75269,1,0,0,0,1,0,0,-1,0,2.0000,-1,4,0,0,0,4,0,0,0,0
82.77446,1,0,0,0,1,0,0,-1,0,2.0000,-1,4,0,0,0,4,0,0,0,0
82.79374,1,0,0,0,1,0,0,-1,0,2.0000,-1,4,0,0,0,4,0,0,0,0
82.81409,1,0,0,0,1,0,0,-1,0,2.0000,-1,4,0,0,0,4,0,0,0,0
82.83251,1,0,0,0,1,0,0,-1,0,2.0000,-1,4,0,0,0,4,0,0,0,0
82.85464,1,0,0,0,1,0,0,-1,0,2.0000,-1,4,0,0,0,4,0,0,0,0
82.87563,1,0,0,0,1,0,0,-1,0,2.0000,-1,4,0,0,0,4,0,0,0,0
82.89775,1,0,0,0,1,0,0,-1,0,1.0000,-1,4,0,0,0,4,0,0,0,0
82.91968,1,0,0,0,1,0,0,-1,0,1.0000,-1,4,0,0,0,4,0,0,0,0
82.94121,1,0,0,0,1,0,0,-1,0,1.0000,19,5,0,0,0,5,0,0,0,0
82.96885,1,0,0,0,1,0,0,-1,0,1.0000,-1,5,0,0,0,5,0,0,0,0
82.98678,1,0,0,0,1,0,0,-1,0,1.0000,-1,5,0,0,0,5,0,0,0,0
83.0045,1,0,0,0,1,0,0,-1,0,1.0000,-1,5,0,0,0,5,0,0,0,0
83.02377,1,0,0,0,1,0,0,-1,0,1.0000,-1,5,0,0,0,5,0,0,0,0
83.06855,1,0,0,0,1,0,0,-1,0,1.0000,-1,5,0,0,0,5,0,0,0,0
83.0853,1,0,0,0,1,0,0,-1,0,1.0000,-1,5,0,0,0,5,0,0,0,0
83.10072,1,0,0,0,1,0,0,-1,0,1.0000,-1,5,0,0,0,5,0,0,0,0
83.11794,1,0,0,0,1,0,0,-1,0,1.0000,-1,5,0,0,0,5,0,0,0,0
83.14191,1,0,0,0,1,0,0,-1,0,1.0000,-1,5,0,0,0,5,0,0,0,0
83.16376,1,0,0,0,1,0,0,-1,0,1.0000,-1,5,0,0,0,5,0,0,0,0
83.18605,1,0,0,0,1,0,0,-1,0,1.0000,-1,5,0,0,0,5,0,0,0,0
83.20699,1,0,0,0,1,0,0,-1,0,1.0000,-1,5,0,0,0,5,0,0,0,0
83.22843,1,0,0,0,0,0,0,-1,0,1.0000,-1,5,0,0,0,5,0,0,0,0
83.2511,1,0,0,0,0,0,0,-1,0,1.0000,-1,5,0,0,0,5,0,0,0,0
83.27283,1,0,0,0,0,0,0,-1,0,1.0000,-1,5,0,0,0,5,0,0,0,0
83.29363,1,0,0,0,0,0,0,-1,0,1.0000,-1,5,0,0,0,5,0,0,0,0
83.31607,1,0,0,0,0,0,0,-1,0,1.0000,-1,5,0,0,0,5,0,0,0,0
83.33562,1,0,0,0,0,0,0,-1,0,1.0000,-1,5,0,0,0,5,0,0,0,0
83.35556,1,0,0,0,0,0,0,-1,0,1.0000,-1,5,0,0,0,5,0,0,0,0
83.37868,1,0,0,0,0,0,0,-1,0,1.0000,-1,5,0,0,0,5,0,0,0,0
83.40014,1,0,0,0,0,0,0,-1,0,1.0000,-1,5,0,0,0,5,0,0,0,0
83.42218,1,0,0,0,0,0,0,-1,0,1.0000,-1,5,0,0,0,5,0,0,0,0
83.44424,1,0,0,0,0,0,0,-1,0,1.0000,-1,5,0,0,0,5,0,0,0,0
83.48517,1,0,0,0,0,0,0,-1,0,1.0000,-1,5,0,0,0,5,0,0,0,0
83.5034,1,0,0,0,0,0,0,-1,0,1.0000,-1,5,0,0,0,5,0,0,0,0
83.52116,1,0,0,0,0,0,0,-1,0,1.0000,-1,5,0,0,0,5,0,0,0,0
83.54043,1,0,0,0,0,0,0,-1,0,1.0000,-1,5,0,0,0,5,0,0,0,0
83.55905,1,0,0,0,0,0,0,-1,0,1.0000,-1,5,0,0,0,5,0,0,0,0
83.5789,1,0,0,0,0,0,0,-1,0,1.0000,-1,5,0,0,0,5,0,0,0,0
83.60094,1,0,0,0,0,0,0,-1,0,1.0000,-1,5,0,0,0,5,0,0,0,0
83.62244,1,0,0,0,0,0,0,-1,0,0.0000,-1,5,0,0,0,5,0,0,0,0
83.64401,1,0,0,0,0,0,0,-1,0,0.0000,-1,5,0,0,0,5,0,0,0,0
83.66724,1,0,0,0,0,0,0,-1,0,0.0000,-1,5,0,0,0,5,0,0,0,0
83.68664,1,0,0,0,0,0,0,-1,0,0.0000,-1,5,0,0,0,5,0,0,0,0
83.70615,1,0,0,0,0,0,0,-1,0,0.0000,-1,5,0,0,0,5,0,0,0,0
83.72977,1,0,0,0,0,0,0,-1,0,0.0000,-1,5,0,0,0,5,0,0,0,0
83.75123,1,0,0,0,0,0,0,-1,0,0.0000,-1,5,0,0,0,5,0,0,0,0
83.77215,1,0,0,0,0,0,0,-1,0,0.0000,-1,5,0,0,0,5,0,0,0,0
83.7939,1,0,0,0,0,0,0,-1,0,0.0000,-1,5,0,0,0,5,0,0,0,0
83.81479,1,0,0,0,0,0,0,-1,0,0.0000,-1,5,0,0,0,5,0,0,0,0
83.83447,1,0,0,0,0,0,0,-1,0,0.0000,-1,5,0,0,0,5,0,0,0,0
83.85629,1,0,0,0,0,0,0,-1,0,0.0000,-1,5,0,0,0,5,0,0,0,0
83.87827,1,0,0,0,0,0,0,-1,0,0.0000,-1,5,0,0,0,5,0,0,0,0
83.91837,1,0,0,0,0,0,0,-1,0,0.0000,-1,5,0,0,0,5,0,0,0,0
83.9353,1,0,0,0,0,0,0,-1,0,0.0000,-1,5,0,0,0,5,0,0,0,0
83.94906,1,0,0,0,0,0,0,-1,0,0.0000,-1,5,0,0,0,5,0,0,0,0
83.96462,1,0,0,0,0,0,0,-1,0,0.0000,-1,5,0,0,0,5,0,0,0,0
83.98881,1,0,0,0,0,0,0,-1,0,0.0000,-1,5,0,0,0,5,0,0,0,0
84.00751,1,0,0,0,0,0,0,-1,0,0.0000,-1,5,0,0,0,5,0,0,0,0
84.03156,1,0,0,0,0,0,0,-1,0,0.0000,-1,5,0,0,0,5,0,0,0,0
84.0527,1,0,0,0,0,0,1,22,0,0.0000,-1,5,0,0,0,5,0,0,0,0
84.07368,1,0,0,0,0,0,1,22,0,0.0000,-1,5,0,0,0,5,0,0,0,0
84.09484,1,0,0,0,0,0,1,22,0,0.0000,-1,5,0,0,0,5,0,0,0,0
84.13537,1,0,0,0,0,0,1,22,0,0.0000,-1,5,0,0,0,5,0,0,0,0
84.14938,1,0,0,0,0,0,1,22,0,0.0000,-1,5,0,0,0,5,0,0,0,0
84.16877,1,0,0,0,0,0,1,22,0,0.0000,-1,5,0,0,0,5,0,0,0,0
84.18584,1,0,0,0,0,0,1,22,0,0.0000,-1,5,0,0,0,5,0,0,0,0
84.20754,1,0,0,0,0,0,1,22,1,1.0000,-1,5,0,0,0,5,0,0,0,0
84.23012,1,0,0,0,0,0,1,22,0,1.0000,-1,5,0,0,0,5,0,0,0,0
84.24998,1,0,0,0,0,0,1,22,0,1.0000,-1,5,0,0,0,5,0,0,0,0
84.27017,1,0,0,0,0,0,1,22,0,1.0000,-1,5,0,0,0,5,0,0,0,0
84.29302,1,0,0,0,0,0,1,22,0,1.0000,-1,5,0,0,0,5,0,0,0,0
84.31335,1,0,0,0,0,0,1,22,0,1.0000,-1,5,0,0,0,5,0,0,0,0
84.35504,1,0,0,0,0,0,1,22,0,1.0000,-1,5,0,0,0,5,0,0,0,0
84.37189,1,0,0,0,0,0,1,22,0,1.0000,-1,5,0,0,0,5,0,0,0,0
84.38734,1,0,0,0,0,0,1,22,0,1.0000,-1,5,0,0,0,5,0,0,0,0
84.40421,1,0,0,0,0,0,1,22,0,1.0000,-1,5,0,0,0,5,0,0,0,0
84.42828,1,0,0,0,0,0,1,22,0,1.0000,-1,5,0,0,0,5,0,0,0,0
84.4503,1,0,0,0,0,0,1,22,0,1.0000,-1,5,0,0,0,5,0,0,0,0
84.4712,1,0,0,0,0,0,1,22,0,1.0000,-1,5,0,0,0,5,0,0,0,0
84.493,1,0,0,0,0,0,1,22,0,1.0000,-1,5,0,0,0,5,0,0,0,0
84.51347,1,0,0,0,0,0,1,22,0,1.0000,-1,5,0,0,0,5,0,0,0,0
84.53465,1,0,0,0,0,0,1,22,0,1.0000,-1,5,0,0,0,5,0,0,0,0
84.55558,1,0,0,0,0,0,1,22,0,1.0000,-1,5,0,0,0,5,0,0,0,0
84.57807,1,0,0,0,0,0,1,22,0,1.0000,-1,5,0,0,0,5,0,0,0,0
84.5985,1,0,0,0,0,0,1,22,0,1.0000,-1,5,0,0,0,5,0,0,0,0
84.62124,2,1,1,0,0,0,0,-1,0,1.0000,22,5,1,0,0,6,0,0,0,0
84.65953,2,0,1,0,0,0,0,-1,0,1.0000,-1,5,1,0,0,6,0,0,0,0
84.67029,2,0,1,0,0,0,0,-1,0,1.0000,-1,5,1,0,0,6,0,0,0,0
84.68674,2,0,1,0,0,0,0,-1,0,1.0000,-1,5,1,0,0,6,0,0,0,0
84.71194,2,0,1,0,0,0,0,-1,0,1.0000,-1,5,1,0,0,6,0,0,0,0
84.73453,2,0,1,0,0,0,0,-1,0,1.0000,-1,5,1,0,0,6,0,0,0,0
84.77674,2,0,1,0,0,0,0,-1,0,1.0000,-1,5,1,0,0,6,0,0,0,0
84.79657,2,0,1,0,0,0,0,-1,0,1.0000,-1,5,1,0,0,6,0,0,0,0
84.81618,2,0,1,0,0,0,0,-1,0,1.0000,-1,5,1,0,0,6,0,0,0,0
84.83199,2,0,1,0,0,0,0,-1,0,1.0000,-1,5,1,0,0,6,0,0,0,0
84.85083,2,0,1,0,0,0,0,-1,0,1.0000,-1,5,1,0,0,6,0,0,0,0
84.87006,2,0,1,0,0,0,0,-1,0,1.0000,-1,5,1,0,0,6,0,0,0,0
84.89082,2,0,1,0,0,0,0,-1,0,1.0000,-1,5,1,0,0,6,0,0,0,0
84.91317,2,0,1,0,0,0,0,-1,0,1.0000,-1,5,1,0,0,6,0,0,0,0
84.93459,2,0,1,0,0,0,0,-1,0,1.0000,-1,5,1,0,0,6,0,0,0,0
84.97666,2,0,1,0,0,0,0,-1,0,1.0000,-1,5,1,0,0,6,0,0,0,0
84.99543,2,0,1,0,0,0,0,-1,0,1.0000,-1,5,1,0,0,6,0,0,0,0
85.01206,2,0,1,0,0,0,0,-1,0,1.0000,-1,5,1,0,0,6,0,0,0,0
85.02972,2,0,1,0,0,0,0,-1,0,1.0000,-1,5,1,0,0,6,0,0,0,0
85.0459,2,0,1,0,0,0,0,-1,0,1.0000,-1,5,1,0,0,6,0,0,0,0
85.06814,2,0,1,0,0,0,0,-1,0,1.0000,-1,5,1,0,0,6,0,0,0,0
85.09257,2,0,1,0,0,0,0,-1,0,1.0000,-1,5,1,0,0,6,0,0,0,0
85.11237,2,0,1,0,0,0,0,-1,0,1.0000,-1,5,1,0,0,6,0,0,0,0
85.13365,2,0,1,0,0,0,0,-1,0,1.0000,-1,5,1,0,0,6,0,0,0,0
85.15666,2,0,1,0,0,0,0,-1,0,1.0000,-1,5,1,0,0,6,0,0,0,0
85.17814,2,0,1,0,0,0,0,-1,0,1.0000,-1,5,1,0,0,6,0,0,0,0
85.1989,2,0,1,0,0,0,0,-1,0,1.0000,-1,5,1,0,0,6,0,0,0,0
85.22095,2,0,1,0,0,0,0,-1,0,0.0000,-1,5,1,0,0,6,0,0,0,0
85.24257,2,0,1,0,0,0,1,25,0,0.0000,-1,5,1,0,0,6,0,0,0,0
85.26457,2,0,1,0,0,0,1,25,0,0.0000,-1,5,1,0,0,6,0,0,0,0
85.28745,2,0,1,0,0,0,1,25,0,0.0000,-1,5,1,0,0,6,0,0,0,0
85.30887,2,0,1,0,0,0,1,25,0,0.0000,-1,5,1,0,0,6,0,0,0,0
85.33226,2,0,1,0,0,0,1,25,0,0.0000,-1,5,1,0,0,6,0,0,0,0
85.35371,2,0,1,0,0,0,1,25,0,0.0000,-1,5,1,0,0,6,0,0,0,0
85.37584,2,0,1,0,0,0,1,25,1,1.0000,-1,5,1,0,0,6,0,0,0,0
85.39841,2,0,1,0,0,0,1,25,0,1.0000,-1,5,1,0,0,6,0,0,0,0
85.42085,2,0,1,0,0,0,0,-1,0,1.0000,-1,5,1,0,0,6,0,0,0,0
85.44296,2,0,1,0,0,0,0,-1,0,1.0000,-1,5,1,0,0,6,0,0,0,0
85.46501,2,0,1,0,0,0,0,-1,0,1.0000,-1,5,1,0,0,6,0,0,0,0
85.48712,2,0,1,0,0,0,0,-1,0,1.0000,-1,5,1,0,0,6,0,0,0,0
85.50907,2,0,1,0,0,0,0,-1,1,2.0000,-1,5,1,0,0,6,0,0,0,0
85.53121,2,0,1,0,0,0,0,-1,0,2.0000,-1,5,1,0,0,6,0,0,0,0
85.55333,2,0,1,0,0,0,0,-1,0,2.0000,-1,5,1,0,0,6,0,0,0,0
85.57521,2,0,1,0,0,0,0,-1,0,2.0000,-1,5,1,0,0,6,0,0,0,0
85.59648,2,0,1,0,0,0,0,-1,0,2.0000,-1,5,1,0,0,6,0,0,0,0
85.63888,2,0,1,0,0,0,0,-1,0,2.0000,-1,5,1,0,0,6,0,0,0,0
85.65453,2,0,1,0,0,0,0,-1,0,2.0000,-1,5,1,0,0,6,0,0,0,0
85.6717,2,0,1,0,0,0,0,-1,0,2.0000,-1,5,1,0,0,6,0,0,0,0
85.69046,2,0,1,0,0,0,0,-1,0,2.0000,-1,5,1,0,0,6,0,0,0,0
85.71391,2,0,1,0,0,0,0,-1,0,2.0000,-1,5,1,0,0,6,0,0,0,0
85.73587,2,0,1,0,0,0,0,-1,0,2.0000,-1,5,1,0,0,6,0,0,0,0
85.75731,2,0,1,0,0,0,0,-1,0,2.0000,-1,5,1,0,0,6,0,0,0,0
85.77931,2,0,1,0,0,0,0,-1,0,2.0000,-1,5,1,0,0,6,0,0,0,0
85.80346,2,0,1,0,0,0,0,-1,0,2.0000,-1,5,1,0,0,6,0,0,0,0
85.82629,2,0,1,0,0,0,0,-1,0,2.0000,-1,5,1,0,0,6,0,0,0,0
85.8458,2,0,1,0,0,0,0,-1,0,2.0000,-1,5,1,0,0,6,0,0,0,0
85.86761,2,0,1,0,0,0,0,-1,0,2.0000,-1,5,1,0,0,6,0,0,0,0
85.88904,2,0,1,0,0,0,0,-1,0,2.0000,-1,5,1,0,0,6,0,0,0,0
85.91299,2,0,1,0,0,0,0,-1,0,2.0000,-1,5,1,0,0,6,0,0,0,0
85.93474,2,0,1,0,0,0,0,-1,0,2.0000,-1,5,1,0,0,6,0,0,0,0
85.95546,2,0,1,0,0,0,0,-1,0,2.0000,-1,5,1,0,0,6,0,0,0,0
85.97839,2,0,1,0,0,0,0,-1,0,2.0000,-1,5,1,0,0,6,0,0,0,0
85.99991,2,0,1,0,0,0,0,-1,0,2.0000,-1,5,1,0,0,6,0,0,0,0
86.02188,2,0,1,0,0,0,0,-1,0,2.0000,-1,5,1,0,0,6,0,0,0,0
86.06443,2,0,1,0,0,0,0,-1,0,2.0000,-1,5,1,0,0,6,0,0,0,0
86.08106,2,0,1,0,0,0,0,-1,0,2.0000,-1,5,1,0,0,6,0,0,0,0
86.09477,2,0,1,0,0,0,0,-1,0,2.0000,-1,5,1,0,0,6,0,0,0,0
86.11304,2,0,1,0,0,0,0,-1,0,2.0000,-1,5,1,0,0,6,0,0,0,0
86.13939,2,0,1,0,0,0,0,-1,0,2.0000,-1,5,1,0,0,6,0,0,0,0
86.15774,2,0,1,0,0,0,0,-1,0,2.0000,-1,5,1,0,0,6,0,0,0,0
86.18188,2,0,1,0,0,0,0,-1,0,2.0000,-1,5,1,0,0,6,0,0,0,0
86.20354,2,0,1,0,0,0,0,-1,0,2.0000,-1,5,1,0,0,6,0,0,0,0
86.22475,2,0,1,0,0,0,0,-1,0,2.0000,-1,5,1,0,0,6,0,0,0,0
86.24722,2,0,1,0,0,0,0,-1,0,2.0000,-1,5,1,0,0,6,0,0,0,0
86.26749,2,0,1,0,0,0,0,-1,0,2.0000,-1,5,1,0,0,6,0,0,0,0
86.29071,2,0,1,0,0,0,0,-1,0,2.0000,-1,5,1,0,0,6,0,0,0,0
86.31291,2,0,1,0,0,0,0,-1,0,2.0000,-1,5,1,0,0,6,0,0,0,0
86.33374,2,0,1,0,0,0,0,-1,0,2.0000,-1,5,1,0,0,6,0,0,0,0
86.3559,2,0,1,0,0,0,0,-1,0,2.0000,-1,5,1,0,0,6,0,0,0,0
86.3774,2,0,1,0,0,0,0,-1,0,1.0000,-1,5,1,0,0,6,0,0,0,0
86.40033,2,0,1,0,0,0,0,-1,0,1.0000,-1,5,1,0,0,6,0,0,0,0
86.4218,2,0,1,0,0,0,0,-1,0,1.0000,-1,5,1,0,0,6,0,0,0,0
86.44554,2,0,1,0,0,0,0,-1,0,1.0000,-1,5,1,0,0,6,0,0,0,0
86.48647,2,0,1,0,0,0,0,-1,0,1.0000,-1,5,1,0,0,6,0,0,0,0
86.50529,2,0,1,0,0,0,0,-1,0,1.0000,-1,5,1,0,0,6,0,0,0,0
86.52322,2,0,1,0,0,0,0,-1,0,0.0000,-1,5,1,0,0,6,0,0,0,0
86.53902,2,0,1,0,0,0,0,-1,0,0.0000,-1,5,1,0,0,6,0,0,0,0
86.55679,2,0,1,0,0,0,0,-1,0,0.0000,-1,5,1,0,0,6,0,0,0,0
86.58253,2,0,1,0,0,0,0,-1,0,0.0000,-1,5,1,0,0,6,0,0,0,0
86.60349,2,0,1,0,0,0,0,-1,0,0.0000,-1,5,1,0,0,6,0,0,0,0
86.62595,2,0,1,0,0,0,0,-1,0,0.0000,-1,5,1,0,0,6,0,0,0,0
86.64753,2,0,1,0,0,0,0,-1,0,0.0000,-1,5,1,0,0,6,0,0,0,0
86.66799,2,0,1,0,0,0,0,-1,0,0.0000,-1,5,1,0,0,6,0,0,0,0
86.69079,2,0,1,0,0,0,0,-1,0,0.0000,-1,5,1,0,0,6,0,0,0,0
86.71146,2,0,1,0,0,0,0,-1,0,0.0000,-1,5,1,0,0,6,0,0,0,0
86.73328,2,0,1,0,0,0,0,-1,0,0.0000,-1,5,1,0,0,6,0,0,0,0
86.75542,2,0,1,0,0,0,0,-1,0,0.0000,-1,5,1,0,0,6,0,0,0,0
86.77654,2,0,1,0,0,0,0,-1,0,0.0000,-1,5,1,0,0,6,0,0,0,0
86.79868,2,0,1,0,0,0,0,-1,0,0.0000,-1,5,1,0,0,6,0,0,0,0
86.81976,2,0,1,0,0,0,0,-1,0,0.0000,-1,5,1,0,0,6,0,0,0,0
86.84196,2,0,1,0,0,0,0,-1,0,0.0000,-1,5,1,0,0,6,0,0,0,0
86.86372,2,0,1,0,0,0,1,28,1,1.0000,-1,5,1,0,0,6,0,0,0,0
86.88412,2,0,1,0,0,0,1,28,0,1.0000,-1,5,1,0,0,6,0,0,0,0
86.90646,2,0,1,0,0,0,1,28,0,1.0000,-1,5,1,0,0,6,0,0,0,0
86.9277,2,0,1,0,0,0,1,28,0,1.0000,-1,5,1,0,0,6,0,0,0,0
86.94945,2,0,1,0,0,0,1,28,0,1.0000,-1,5,1,0,0,6,0,0,0,0
86.97203,2,0,1,0,0,0,1,28,0,1.0000,-1,5,1,0,0,6,0,0,0,0
86.99372,2,0,1,0,0,0,1,28,0,1.0000,-1,5,1,0,0,6,0,0,0,0
87.01573,2,0,1,0,0,0,1,28,0,1.0000,-1,5,1,0,0,6,0,0,0,0
87.03797,2,0,1,0,0,0,1,28,0,1.0000,-1,5,1,0,0,6,0,0,0,0
87.05993,2,0,1,1,0,0,1,28,0,1.0000,-1,5,1,0,0,6,0,0,0,0
87.07993,2,0,1,1,0,0,1,28,0,1.0000,-1,5,1,0,0,6,0,0,0,0
87.12356,2,0,1,1,0,0,1,28,0,1.0000,-1,5,1,0,0,6,0,0,0,0
87.14051,2,0,1,1,0,0,1,28,0,1.0000,-1,5,1,0,0,6,0,0,0,0
87.15717,2,0,1,1,0,0,1,28,0,1.0000,-1,5,1,0,0,6,0,0,0,0
87.17492,2,0,1,1,0,0,1,28,0,1.0000,-1,5,1,0,0,6,0,0,0,0
87.19722,2,0,1,1,0,0,1,28,0,1.0000,-1,5,1,0,0,6,0,0,0,0
87.21866,2,0,1,1,0,0,1,28,0,1.0000,-1,5,1,0,0,6,0,0,0,0
87.24094,2,0,1,1,0,0,1,28,0,1.0000,-1,5,1,0,0,6,0,0,0,0
87.26237,2,0,1,1,0,0,1,28,0,1.0000,-1,5,1,0,0,6,0,0,0,0
87.28478,2,0,1,1,0,0,1,28,0,1.0000,-1,5,1,0,0,6,0,0,0,0
87.30701,2,0,1,1,0,0,1,28,0,1.0000,-1,5,1,0,0,6,0,0,0,0
87.32978,2,0,1,1,0,0,1,28,1,2.0000,-1,5,1,0,0,6,0,0,0,0
87.35152,2,0,1,1,0,0,0,-1,0,2.0000,-1,5,1,0,0,6,0,0,0,0
87.37332,2,0,1,1,0,0,0,-1,0,2.0000,-1,5,1,0,0,6,0,0,0,0
87.3948,2,0,1,1,0,0,0,-1,0,2.0000,-1,5,1,0,0,6,0,0,0,0
87.41618,2,0,1,1,0,0,0,-1,0,2.0000,-1,5,1,0,0,6,0,0,0,0
87.4387,2,0,1,1,0,0,0,-1,0,2.0000,-1,5,1,0,0,6,0,0,0,0
87.46245,2,0,1,0,0,0,0,-1,0,2.0000,-1,5,1,0,0,6,0,0,0,0
87.48162,2,0,1,0,0,0,0,-1,0,2.0000,-1,5,1,0,0,6,0,0,0,0
87.50543,2,0,1,0,0,0,0,-1,0,2.0000,-1,5,1,0,0,6,0,0,0,0
87.54791,2,0,1,0,0,0,0,-1,0,2.0000,-1,5,1,0,0,6,0,0,0,0
87.56607,2,0,1,0,0,0,0,-1,0,2.0000,-1,5,1,0,0,6,0,0,0,0
87.58379,2,0,1,0,0,0,0,-1,0,2.0000,-1,5,1,0,0,6,0,0,0,0
87.60039,2,0,1,0,0,0,0,-1,0,2.0000,-1,5,1,0,0,6,0,0,0,0
87.62228,2,0,1,0,0,0,0,-1,0,2.0000,-1,5,1,0,0,6,0,0,0,0
87.64431,2,0,1,0,0,0,0,-1,0,2.0000,-1,5,1,0,0,6,0,0,0,0
87.66682,2,0,1,0,0,0,0,-1,0,2.0000,-1,5,1,0,0,6,0,0,0,0
87.68924,2,0,1,0,0,0,0,-1,0,2.0000,-1,5,1,0,0,6,0,0,0,0
87.71082,2,0,1,0,0,0,0,-1,0,2.0000,-1,5,1,0,0,6,0,0,0,0
87.73244,2,0,1,0,0,0,0,-1,0,2.0000,-1,5,1,0,0,6,0,0,0,0
87.75378,2,0,1,0,1,0,0,-1,0,2.0000,-1,5,1,0,0,6,0,0,0,0
87.77518,2,0,1,0,1,0,0,-1,0,2.0000,-1,5,1,0,0,6,0,0,0,0
87.79754,2,0,1,0,1,0,0,-1,0,2.0000,-1,5,1,0,0,6,0,0,0,0
87.81938,2,0,1,0,1,0,0,-1,0,2.0000,-1,5,1,0,0,6,0,0,0,0
87.84126,2,0,1,0,1,0,0,-1,0,2.0000,-1,5,1,0,0,6,0,0,0,0
87.8644,2,0,1,0,1,0,0,-1,0,1.0000,-1,5,1,0,0,6,0,0,0,0
87.88455,2,0,1,0,1,0,0,-1,0,1.0000,-1,5,1,0,0,6,0,0,0,0
87.90797,2,0,1,0,1,0,0,-1,0,1.0000,-1,5,1,0,0,6,0,0,0,0
87.93002,2,0,1,0,1,0,0,-1,0,1.0000,-1,5,1,0,0,6,0,0,0,0
87.95182,2,0,1,0,1,0,0,-1,0,1.0000,-1,5,1,0,0,6,0,0,0,0
87.97306,2,0,1,0,1,0,0,-1,0,1.0000,-1,5,1,0,0,6,0,0,0,0
87.99406,2,0,1,0,1,0,0,-1,0,1.0000,-1,5,1,0,0,6,0,0,0,0
88.01633,2,0,1,0,1,0,0,-1,0,1.0000,-1,5,1,0,0,6,0,0,0,0
88.0389,2,0,1,0,1,0,0,-1,0,1.0000,-1,5,1,0,0,6,0,0,0,0
88.0599,2,0,1,0,1,0,0,-1,0,1.0000,-1,5,1,0,0,6,0,0,0,0
88.08038,2,0,1,0,1,0,0,-1,0,1.0000,-1,5,1,0,0,6,0,0,0,0
88.10259,2,0,1,0,1,0,0,-1,0,1.0000,-1,5,1,0,0,6,0,0,0,0
88.12425,2,0,1,0,1,0,0,-1,0,1.0000,-1,5,1,0,0,6,0,0,0,0
88.14583,2,0,1,0,1,0,0,-1,0,1.0000,-1,5,1,0,0,6,0,0,0,0
88.16805,2,0,1,0,1,0,0,-1,0,1.0000,-1,5,1,0,0,6,0,0,0,0
88.18934,2,0,1,0,1,0,0,-1,0,1.0000,-1,5,1,0,0,6,0,0,0,0
88.21111,2,0,1,0,1,0,0,-1,0,1.0000,-1,5,1,0,0,6,0,0,0,0
88.23154,2,0,1,0,1,0,0,-1,0,1.0000,-1,5,1,0,0,6,0,0,0,0
88.25479,2,0,1,0,1,0,0,-1,0,1.0000,-1,5,1,0,0,6,0,0,0,0
88.27705,2,0,1,0,1,0,0,-1,0,1.0000,-1,5,1,0,0,6,0,0,0,0
88.29826,2,0,1,0,1,0,0,-1,0,1.0000,-1,5,1,0,0,6,0,0,0,0
88.32076,2,0,1,0,0,0,0,-1,0,1.0000,-1,5,1,0,0,6,0,0,0,0
88.34225,2,0,1,0,0,0,0,-1,0,0.0000,-1,5,1,0,0,6,0,0,0,0
88.36438,2,0,1,0,0,0,0,-1,0,0.0000,-1,5,1,0,0,6,0,0,0,0
88.4059,2,0,1,0,0,0,0,-1,0,0.0000,-1,5,1,0,0,6,0,0,0,0
88.42062,2,0,1,0,0,0,0,-1,0,0.0000,-1,5,1,0,0,6,0,0,0,0
88.43534,2,0,1,0,0,0,0,-1,0,0.0000,-1,5,1,0,0,6,0,0,0,0
88.45773,2,0,1,0,0,0,0,-1,0,0.0000,-1,5,1,0,0,6,0,0,0,0
88.48004,2,0,1,0,0,0,0,-1,0,0.0000,-1,5,1,0,0,6,0,0,0,0
88.50204,2,0,1,0,0,0,0,-1,0,0.0000,-1,5,1,0,0,6,0,0,0,0
88.52346,2,0,1,0,0,0,0,-1,0,0.0000,-1,5,1,0,0,6,0,0,0,0
88.54554,2,0,1,0,0,0,0,-1,0,0.0000,-1,5,1,0,0,6,0,0,0,0
88.5675,2,0,1,0,0,0,0,-1,0,0.0000,-1,5,1,0,0,6,0,0,0,0
88.58976,2,0,1,0,0,0,0,-1,1,1.0000,-1,5,1,0,0,6,0,0,0,0
88.61205,2,0,1,0,0,0,0,-1,0,1.0000,-1,5,1,0,0,6,0,0,0,0
88.63515,2,0,1,0,0,0,0,-1,0,1.0000,-1,5,1,0,0,6,0,0,0,0
88.65685,2,0,1,0,0,0,0,-1,0,1.0000,-1,5,1,0,0,6,0,0,0,0
88.6778,2,0,1,0,0,0,0,-1,0,1.0000,-1,5,1,0,0,6,0,0,0,0
88.7007,2,0,1,0,0,0,0,-1,0,1.0000,-1,5,1,0,0,6,0,0,0,0
88.72237,2,0,1,0,0,0,0,-1,0,1.0000,-1,5,1,0,0,6,0,0,0,0
88.74407,2,0,1,0,0,0,0,-1,0,1.0000,-1,5,1,0,0,6,0,0,0,0
88.76537,2,0,1,0,0,0,0,-1,0,1.0000,-1,5,1,0,0,6,0,0,0,0
88.78981,2,0,1,0,0,0,0,-1,0,1.0000,-1,5,1,0,0,6,0,0,0,0
88.83168,2,0,1,0,0,0,0,-1,0,1.0000,-1,5,1,0,0,6,0,0,0,0
88.8512,2,0,1,0,0,0,0,-1,0,1.0000,-1,5,1,0,0,6,0,0,0,0
88.86911,2,0,1,0,0,0,0,-1,0,1.0000,-1,5,1,0,0,6,0,0,0,0
88.88386,2,0,1,0,0,0,0,-1,0,1.0000,-1,5,1,0,0,6,0,0,0,0
88.89984,2,0,1,0,0,0,0,-1,0,1.0000,-1,5,1,0,0,6,0,0,0,0
88.92574,2,0,1,0,0,0,0,-1,0,1.0000,-1,5,1,0,0,6,0,0,0,0
88.94544,2,0,1,0,0,0,0,-1,0,1.0000,-1,5,1,0,0,6,0,0,0,0
88.96639,2,0,1,0,0,0,0,-1,0,1.0000,-1,5,1,0,0,6,0,0,0,0
88.99105,2,0,1,0,0,0,0,-1,0,1.0000,-1,5,1,0,0,6,0,0,0,0
89.03068,2,0,1,0,0,0,0,-1,0,1.0000,-1,5,1,0,0,6,0,0,0,0
89.04822,2,0,1,0,0,0,0,-1,0,1.0000,-1,5,1,0,0,6,0,0,0,0
89.06605,2,0,1,0,0,0,0,-1,0,1.0000,-1,5,1,0,0,6,0,0,0,0
89.08095,2,0,1,0,0,0,0,-1,0,1.0000,-1,5,1,0,0,6,0,0,0,0
89.09938,2,0,1,0,0,0,0,-1,0,1.0000,-1,5,1,0,0,6,0,0,0,0
89.12412,2,0,1,0,0,0,0,-1,0,1.0000,-1,5,1,0,0,6,0,0,0,0
89.14485,2,0,1,0,0,0,0,-1,0,1.0000,-1,5,1,0,0,6,0,0,0,0
89.16541,2,0,1,0,0,0,0,-1,0,1.0000,-1,5,1,0,0,6,0,0,0,0
89.18715,2,0,1,0,0,0,0,-1,0,1.0000,-1,5,1,0,0,6,0,0,0,0
89.20891,2,0,1,0,0,0,0,-1,0,1.0000,-1,5,1,0,0,6,0,0,0,0
89.25157,2,0,1,0,0,0,0,-1,0,1.0000,-1,5,1,0,0,6,0,0,0,0
89.27275,2,0,1,0,0,0,0,-1,0,1.0000,-1,5,1,0,0,6,0,0,0,0
89.2879,2,0,1,0,0,0,0,-1,0,1.0000,-1,5,1,0,0,6,0,0,0,0
89.30375,2,0,1,0,0,0,0,-1,0,1.0000,-1,5,1,0,0,6,0,0,0,0
89.32332,2,0,1,0,0,0,0,-1,0,1.0000,-1,5,1,0,0,6,0,0,0,0
89.34592,2,0,1,0,0,0,0,-1,0,1.0000,-1,5,1,0,0,6,0,0,0,0
89.36533,2,0,1,0,0,0,0,-1,0,1.0000,-1,5,1,0,0,6,0,0,0,0
89.38741,2,0,1,0,0,0,0,-1,0,1.0000,-1,5,1,0,0,6,0,0,0,0
89.41026,2,0,1,0,0,0,0,-1,0,1.0000,-1,5,1,0,0,6,0,0,0,0
89.45064,2,0,1,0,0,0,0,-1,0,1.0000,-1,5,1,0,0,6,0,0,0,0
89.46727,2,0,1,0,0,0,0,-1,0,1.0000,-1,5,1,0,0,6,0,0,0,0
89.4832,2,0,1,0,0,0,0,-1,0,1.0000,-1,5,1,0,0,6,0,0,0,0
89.49817,2,0,1,0,0,0,0,-1,0,1.0000,-1,5,1,0,0,6,0,0,0,0
89.5228,2,0,1,0,0,0,0,-1,0,1.0000,-1,5,1,0,0,6,0,0,0,0
89.54514,2,0,1,0,0,0,0,-1,0,1.0000,-1,5,1,0,0,6,0,0,0,0
89.56516,2,0,1,0,0,0,0,-1,0,1.0000,-1,5,1,0,0,6,0,0,0,0
89.58662,2,0,1,0,0,0,0,-1,0,1.0000,-1,5,1,0,0,6,0,0,0,0
89.60708,2,0,1,0,0,0,0,-1,0,0.0000,-1,5,1,0,0,6,0,0,0,0
89.6288,2,0,1,0,0,0,0,-1,0,0.0000,-1,5,1,0,0,6,0,0,0,0
89.6699,2,0,1,0,0,0,0,-1,0,0.0000,-1,5,1,0,0,6,0,0,0,0
89.68876,2,0,1,0,0,0,0,-1,0,0.0000,-1,5,1,0,0,6,0,0,0,0
89.70569,2,0,1,0,0,0,0,-1,0,0.0000,-1,5,1,0,0,6,0,0,0,0
89.72266,2,0,1,0,0,0,0,-1,0,0.0000,-1,5,1,0,0,6,0,0,0,0
89.74103,2,0,1,0,0,0,0,-1,0,0.0000,-1,5,1,0,0,6,0,0,0,0
89.76458,2,0,1,0,0,0,0,-1,0,0.0000,-1,5,1,0,0,6,0,0,0,0
89.78536,2,0,1,0,0,0,0,-1,0,0.0000,-1,5,1,0,0,6,0,0,0,0
89.80778,2,0,1,0,0,0,0,-1,0,0.0000,-1,5,1,0,0,6,0,0,0,0
89.82949,2,0,1,0,0,0,0,-1,0,0.0000,-1,5,1,0,0,6,0,0,0,0
89.85063,2,0,1,0,0,0,0,-1,1,1.0000,-1,5,1,0,0,6,0,0,0,0
89.87144,2,0,1,0,0,0,0,-1,0,1.0000,-1,5,1,0,0,6,0,0,0,0
89.89315,2,0,1,0,0,0,0,-1,0,1.0000,-1,5,1,0,0,6,0,0,0,0
89.91516,2,0,1,0,0,0,0,-1,0,1.0000,-1,5,1,0,0,6,0,0,0,0
89.93696,2,0,1,0,0,0,0,-1,0,1.0000,-1,5,1,0,0,6,0,0,0,0
89.9576,2,0,1,0,0,0,0,-1,0,1.0000,-1,5,1,0,0,6,0,0,0,0
89.97967,2,0,1,0,0,0,0,-1,0,1.0000,-1,5,1,0,0,6,0,0,0,0
90.0007,2,0,1,0,0,0,0,-1,0,1.0000,-1,5,1,0,0,6,0,0,0,0
90.02174,2,0,1,0,0,0,0,-1,0,1.0000,-1,5,1,0,0,6,0,0,0,0
90.04505,2,0,1,0,0,0,0,-1,0,1.0000,-1,5,1,0,0,6,0,0,0,0
90.06525,2,0,1,0,0,0,0,-1,0,1.0000,-1,5,1,0,0,6,0,0,0,0
90.08862,2,0,1,0,0,0,0,-1,0,1.0000,-1,5,1,0,0,6,0,0,0,0
90.10899,2,0,1,0,0,0,0,-1,0,1.0000,-1,5,1,0,0,6,0,0,0,0
90.13208,2,0,1,0,0,0,0,-1,0,1.0000,-1,5,1,0,0,6,0,0,0,0
90.15417,2,0,1,0,0,0,0,-1,0,1.0000,-1,5,1,0,0,6,0,0,0,0
90.17573,2,0,1,0,0,0,0,-1,0,1.0000,-1,5,1,0,0,6,0,0,0,0
90.199,2,0,1,0,0,0,0,-1,0,1.0000,-1,5,1,0,0,6,0,0,0,0
90.21933,2,0,1,0,0,0,0,-1,0,1.0000,-1,5,1,0,0,6,0,0,0,0
90.24103,2,0,1,0,0,0,0,-1,0,1.0000,-1,5,1,0,0,6,0,0,0,0
90.26324,2,0,1,0,0,0,0,-1,0,1.0000,-1,5,1,0,0,6,0,0,0,0
90.30461,2,0,1,0,0,0,0,-1,0,1.0000,-1,5,1,0,0,6,0,0,0,0
90.31776,2,0,1,0,0,0,0,-1,0,1.0000,-1,5,1,0,0,6,0,0,0,0
90.33179,2,0,1,0,0,0,0,-1,0,1.0000,-1,5,1,0,0,6,0,0,0,0
90.35468,2,0,1,0,0,0,0,-1,0,1.0000,-1,5,1,0,0,6,0,0,0,0
90.37545,2,0,1,0,0,0,0,-1,0,1.0000,-1,5,1,0,0,6,0,0,0,0
90.39851,2,0,1,1,0,0,0,-1,0,1.0000,-1,5,1,0,0,6,0,0,0,0
90.42161,2,0,1,1,0,0,0,-1,0,1.0000,-1,5,1,0,0,6,0,0,0,0
90.44715,2,0,1,1,0,0,0,-1,0,1.0000,-1,5,1,0,0,6,0,0,0,0
90.46891,2,0,1,1,0,0,0,-1,0,1.0000,-1,5,1,0,0,6,0,0,0,0
90.51268,2,0,1,1,0,0,0,-1,0,1.0000,-1,5,1,0,0,6,0,0,0,0
90.53461,2,0,1,1,0,0,0,-1,0,1.0000,-1,5,1,0,0,6,0,0,0,0
90.55173,2,0,1,1,0,0,0,-1,0,1.0000,-1,5,1,0,0,6,0,0,0,0
90.56854,2,0,1,1,0,0,0,-1,0,1.0000,-1,5,1,0,0,6,0,0,0,0
90.58634,2,0,1,1,0,0,0,-1,0,1.0000,-1,5,1,0,0,6,0,0,0,0
90.60893,2,0,1,1,0,0,0,-1,0,1.0000,-1,5,1,0,0,6,0,0,0,0
90.62851,2,0,1,1,0,0,0,-1,0,1.0000,-1,5,1,0,0,6,0,0,0,0
90.65068,2,0,1,1,0,0,0,-1,0,1.0000,-1,5,1,0,0,6,0,0,0,0
90.67278,2,0,1,1,0,0,0,-1,0,1.0000,-1,5,1,0,0,6,0,0,0,0
90.70378,2,0,1,0,0,0,0,-1,0,1.0000,-1,5,1,0,0,6,0,0,0,0
90.72441,2,0,1,0,0,0,0,-1,0,1.0000,-1,5,1,0,0,6,0,0,0,0
90.74323,2,0,1,0,0,0,0,-1,0,1.0000,-1,5,1,0,0,6,0,0,0,0
90.7619,2,0,1,0,0,0,0,-1,0,1.0000,-1,5,1,0,0,6,0,0,0,0
90.78132,2,0,1,0,0,0,0,-1,0,1.0000,-1,5,1,0,0,6,0,0,0,0
90.80462,2,0,1,0,0,0,0,-1,0,1.0000,-1,5,1,0,0,6,0,0,0,0
90.8241,2,0,1,0,0,0,0,-1,0,1.0000,-1,5,1,0,0,6,0,0,0,0
90.84679,2,0,1,0,0,0,0,-1,0,1.0000,-1,5,1,0,0,6,0,0,0,0
90.86955,2,0,1,0,0,0,0,-1,0,0.0000,-1,5,1,0,0,6,0,0,0,0
90.89058,2,0,1,0,0,0,0,-1,0,0.0000,-1,5,1,0,0,6,0,0,0,0
90.93254,2,0,1,0,0,0,0,-1,0,0.0000,-1,5,1,0,0,6,0,0,0,0
90.9511,2,0,1,0,0,0,0,-1,0,0.0000,-1,5,1,0,0,6,0,0,0,0
90.96896,2,0,1,0,0,0,0,-1,0,0.0000,-1,5,1,0,0,6,0,0,0,0
90.98779,2,0,1,0,0,0,0,-1,0,0.0000,-1,5,1,0,0,6,0,0,0,0
91.00455,2,0,1,0,0,0,0,-1,0,0.0000,-1,5,1,0,0,6,0,0,0,0
91.0219,2,0,1,0,0,0,0,-1,0,0.0000,-1,5,1,0,0,6,0,0,0,0
91.04335,2,0,1,0,0,0,0,-1,0,0.0000,-1,5,1,0,0,6,0,0,0,0
91.06488,2,0,1,0,0,0,0,-1,0,0.0000,-1,5,1,0,0,6,0,0,0,0
91.08781,2,0,1,0,0,0,0,-1,0,0.0000,-1,5,1,0,0,6,0,0,0,0
91.11075,2,0,1,0,0,0,0,-1,0,0.0000,-1,5,1,0,0,6,0,0,0,0
91.13477,2,0,1,0,0,0,0,-1,0,0.0000,-1,5,1,0,0,6,0,0,0,0
91.15487,2,0,1,0,0,0,0,-1,0,0.0000,-1,5,1,0,0,6,0,0,0,0
91.1776,2,0,1,0,1,0,0,-1,0,0.0000,-1,5,1,0,0,6,0,0,0,0
91.1985,2,0,1,0,1,0,0,-1,0,0.0000,-1,5,1,0,0,6,0,0,0,0
91.22046,2,0,1,0,1,0,0,-1,0,0.0000,-1,5,1,0,0,6,0,0,0,0
91.24355,2,0,1,0,1,0,0,-1,0,0.0000,-1,5,1,0,0,6,0,0,0,0
91.26401,2,0,1,0,1,0,0,-1,0,0.0000,-1,5,1,0,0,6,0,0,0,0
91.28525,2,0,1,0,1,0,0,-1,0,0.0000,-1,5,1,0,0,6,0,0,0,0
91.3066,2,0,1,0,1,0,0,-1,0,0.0000,-1,5,1,0,0,6,0,0,0,0
91.32732,2,0,1,0,1,0,0,-1,0,0.0000,-1,5,1,0,0,6,0,0,0,0
91.3495,2,0,1,0,1,0,0,-1,0,0.0000,-1,5,1,0,0,6,0,0,0,0
91.36897,2,0,1,0,1,0,0,-1,0,0.0000,-1,5,1,0,0,6,0,0,0,0
91.38976,2,0,1,0,1,0,0,-1,0,0.0000,-1,5,1,0,0,6,0,0,0,0
91.41127,2,0,1,0,1,0,0,-1,0,0.0000,-1,5,1,0,0,6,0,0,0,0
91.43213,2,0,1,0,1,0,0,-1,0,0.0000,-1,5,1,0,0,6,0,0,0,0
91.45422,2,0,1,0,1,0,0,-1,0,0.0000,-1,5,1,0,0,6,0,0,0,0
91.47481,2,0,1,0,1,0,0,-1,0,0.0000,-1,5,1,0,0,6,0,0,0,0
91.49661,2,0,1,0,1,0,0,-1,0,0.0000,-1,5,1,0,0,6,0,0,0,0
91.51832,2,0,1,0,1,0,0,-1,0,0.0000,-1,5,1,0,0,6,0,0,0,0
91.53798,2,0,1,0,1,0,0,-1,0,0.0000,-1,5,1,0,0,6,0,0,0,0
91.55927,2,0,1,0,1,0,0,-1,0,0.0000,-1,5,1,0,0,6,0,0,0,0
91.58022,2,0,1,0,1,0,0,-1,0,0.0000,-1,5,1,0,0,6,0,0,0,0
91.59726,2,0,1,0,1,0,0,-1,0,0.0000,-1,5,1,0,0,6,0,0,0,0
91.61821,2,0,1,0,1,0,0,-1,0,0.0000,-1,5,1,0,0,6,0,0,0,0
91.63953,2,0,1,0,1,0,0,-1,0,0.0000,-1,5,1,0,0,6,0,0,0,0
91.66354,2,0,1,0,1,0,0,-1,0,0.0000,-1,5,1,0,0,6,0,0,0,0
91.68558,2,0,1,0,1,0,0,-1,1,1.0000,-1,5,1,0,0,6,0,0,0,0
91.70741,2,0,1,0,1,0,0,-1,0,1.0000,-1,5,1,0,0,6,0,0,0,0
91.72531,2,0,1,0,1,0,0,-1,0,1.0000,-1,5,1,0,0,6,0,0,0,0
91.74876,2,0,1,0,1,0,0,-1,0,1.0000,-1,5,1,0,0,6,0,0,0,0
91.77095,2,0,1,0,1,0,0,-1,0,1.0000,-1,5,1,0,0,6,0,0,0,0
91.78999,2,0,1,0,1,0,0,-1,0,1.0000,-1,5,1,0,0,6,0,0,0,0
91.81328,2,0,1,0,1,0,0,-1,0,1.0000,-1,5,1,0,0,6,0,0,0,0
91.83341,2,0,1,0,1,0,0,-1,0,1.0000,-1,5,1,0,0,6,0,0,0,0
91.85383,2,0,1,0,0,0,0,-1,0,1.0000,-1,5,1,0,0,6,0,0,0,0
91.87426,2,0,1,0,0,0,0,-1,0,1.0000,-1,5,1,0,0,6,0,0,0,0
91.89799,2,0,1,0,0,0,0,-1,0,1.0000,-1,5,1,0,0,6,0,0,0,0
91.91788,2,0,1,0,0,0,0,-1,0,1.0000,-1,5,1,0,0,6,0,0,0,0
91.94208,2,0,1,0,0,0,1,37,0,1.0000,-1,5,1,0,0,6,0,0,0,0
91.96123,2,0,1,0,0,0,1,37,0,1.0000,-1,5,1,0,0,6,0,0,0,0
92.00051,2,0,1,0,0,0,1,37,0,1.0000,-1,5,1,0,0,6,0,0,0,0
92.01707,2,0,1,0,0,0,1,37,0,1.0000,-1,5,1,0,0,6,0,0,0,0
92.03304,2,0,1,0,0,0,1,37,1,2.0000,-1,5,1,0,0,6,0,0,0,0
92.05149,2,0,1,0,0,0,1,37,0,2.0000,-1,5,1,0,0,6,0,0,0,0
92.07308,2,0,1,0,0,0,1,37,0,2.0000,-1,5,1,0,0,6,0,0,0,0
92.09396,2,0,1,0,0,0,1,37,0,2.0000,-1,5,1,0,0,6,0,0,0,0
92.11125,2,0,1,0,0,0,1,37,0,2.0000,-1,5,1,0,0,6,0,0,0,0
92.13596,2,0,1,0,0,0,1,37,0,2.0000,-1,5,1,0,0,6,0,0,0,0
92.15353,2,0,1,0,0,0,1,37,0,2.0000,-1,5,1,0,0,6,0,0,0,0
92.17495,2,0,1,0,0,0,1,37,1,3.0000,-1,5,1,0,0,6,0,0,0,0
92.19746,2,0,1,0,0,0,1,37,0,3.0000,-1,5,1,0,0,6,0,0,0,0
92.22119,2,0,1,0,0,0,1,37,0,3.0000,-1,5,1,0,0,6,0,0,0,0
92.24176,2,0,1,0,0,0,1,37,0,3.0000,-1,5,1,0,0,6,0,0,0,0
92.26495,2,0,1,0,0,0,1,37,0,3.0000,-1,5,1,0,0,6,0,0,0,0
92.28844,2,0,1,0,0,0,1,37,0,3.0000,-1,5,1,0,0,6,0,0,0,0
92.31446,2,0,1,0,0,0,1,37,0,3.0000,-1,5,1,0,0,6,0,0,0,0
92.33427,2,0,1,0,0,0,1,37,0,3.0000,-1,5,1,0,0,6,0,0,0,0
92.35709,2,0,1,0,0,0,1,37,0,3.0000,-1,5,1,0,0,6,0,0,0,0
92.37849,2,0,1,0,0,0,1,37,0,3.0000,-1,5,1,0,0,6,0,0,0,0
92.42602,2,0,1,0,0,0,0,-1,0,3.0000,37,5,2,0,0,7,0,0,0,0
92.44484,2,0,1,0,0,0,0,-1,0,3.0000,-1,5,2,0,0,7,0,0,0,0
92.46061,2,0,1,0,0,0,0,-1,0,3.0000,-1,5,2,0,0,7,0,0,0,0
92.48365,2,0,1,0,0,0,0,-1,0,3.0000,-1,5,2,0,0,7,0,0,0,0
92.50968,2,0,1,0,0,0,0,-1,0,3.0000,-1,5,2,0,0,7,0,0,0,0
92.53719,2,0,1,0,0,0,0,-1,0,3.0000,-1,5,2,0,0,7,0,0,0,0
92.55971,2,0,1,0,0,0,0,-1,0,3.0000,-1,5,2,0,0,7,0,0,0,0
92.58644,2,0,1,0,0,0,0,-1,0,3.0000,-1,5,2,0,0,7,0,0,0,0
92.63307,2,0,1,0,0,0,0,-1,1,4.0000,-1,5,2,0,0,7,0,0,0,0
92.64877,2,0,1,0,0,0,0,-1,0,4.0000,-1,5,2,0,0,7,0,0,0,0
92.66464,2,0,1,0,0,0,0,-1,0,4.0000,-1,5,2,0,0,7,0,0,0,0
92.69044,2,0,1,0,0,0,0,-1,0,3.0000,-1,5,2,0,0,7,0,0,0,0
92.71577,2,0,1,0,0,0,0,-1,0,3.0000,-1,5,2,0,0,7,0,0,0,0
92.74236,2,0,1,0,0,0,0,-1,0,3.0000,-1,5,2,0,0,7,0,0,0,0
92.7682,2,0,1,0,0,0,0,-1,0,3.0000,-1,5,2,0,0,7,0,0,0,0
92.79987,2,0,1,0,0,0,0,-1,0,3.0000,-1,5,2,0,0,7,0,0,0,0
92.84631,2,0,1,0,0,0,0,-1,0,3.0000,-1,5,2,0,0,7,0,0,0,0
92.86559,2,0,1,1,0,0,0,-1,0,3.0000,-1,5,2,0,0,7,0,0,0,0
92.88421,2,0,1,1,0,0,0,-1,0,3.0000,-1,5,2,0,0,7,0,0,0,0
92.90767,2,0,1,0,0,0,0,-1,0,3.0000,-1,5,2,0,0,7,0,0,0,0
92.93478,2,0,1,0,0,0,0,-1,0,3.0000,-1,5,2,0,0,7,0,0,0,0
92.9596,2,0,1,0,0,0,0,-1,1,4.0000,-1,5,2,0,0,7,0,0,0,0
92.98368,2,0,1,0,0,0,0,-1,0,4.0000,-1,5,2,0,0,7,0,0,0,0
93.0101,2,0,1,0,0,0,0,-1,0,4.0000,-1,5,2,0,0,7,0,0,0,0
93.03406,2,0,1,0,0,0,0,-1,0,3.0000,-1,5,2,0,0,7,0,0,0,0
93.0603,2,0,1,0,0,0,0,-1,0,3.0000,-1,5,2,0,0,7,0,0,0,0
93.0828,2,0,1,0,0,0,0,-1,0,3.0000,-1,5,2,0,0,7,0,0,0,0
93.1101,2,0,1,0,0,0,0,-1,0,3.0000,-1,5,2,0,0,7,0,0,0,0
93.13464,2,0,1,0,0,0,0,-1,0,3.0000,-1,5,2,0,0,7,0,0,0,0
93.15955,2,0,1,0,0,0,0,-1,0,3.0000,-1,5,2,0,0,7,0,0,0,0
93.18236,2,0,1,0,0,0,0,-1,0,2.0000,-1,5,2,0,0,7,0,0,0,0
93.20898,2,0,1,0,0,0,0,-1,0,2.0000,-1,5,2,0,0,7,0,0,0,0
93.23376,2,0,1,0,0,0,0,-1,0,2.0000,-1,5,2,0,0,7,0,0,0,0
93.28246,2,0,1,0,0,0,0,-1,0,2.0000,-1,5,2,0,0,7,0,0,0,0
93.30075,2,0,1,0,0,0,0,-1,0,2.0000,-1,5,2,0,0,7,0,0,0,0
93.3162,2,0,1,0,0,0,0,-1,0,2.0000,-1,5,2,0,0,7,0,0,0,0
93.33696,2,0,1,0,0,0,0,-1,0,2.0000,-1,5,2,0,0,7,0,0,0,0
93.36302,2,0,1,0,0,0,0,-1,0,2.0000,-1,5,2,0,0,7,0,0,0,0
93.38842,2,0,1,0,0,0,0,-1,0,2.0000,-1,5,2,0,0,7,0,0,0,0
93.41092,2,0,1,0,0,0,0,-1,0,2.0000,-1,5,2,0,0,7,0,0,0,0
93.43365,2,0,1,0,0,0,0,-1,0,2.0000,-1,5,2,0,0,7,0,0,0,0
93.47622,2,0,1,0,0,0,0,-1,0,2.0000,-1,5,2,0,0,7,0,0,0,0
93.49125,2,0,1,0,0,0,0,-1,0,2.0000,-1,5,2,0,0,7,0,0,0,0
93.50404,2,0,1,0,0,0,0,-1,0,2.0000,-1,5,2,0,0,7,0,0,0,0
93.52854,2,0,1,0,0,0,0,-1,0,2.0000,-1,5,2,0,0,7,0,0,0,0
93.54939,2,0,1,0,0,0,0,-1,0,2.0000,-1,5,2,0,0,7,0,0,0,0
93.57008,2,0,1,0,1,0,0,-1,0,2.0000,-1,5,2,0,0,7,0,0,0,0
93.5881,2,0,1,0,1,0,0,-1,0,2.0000,-1,5,2,0,0,7,0,0,0,0
93.6099,2,0,1,0,1,0,0,-1,0,2.0000,-1,5,2,0,0,7,0,0,0,0
93.63053,2,0,1,0,1,0,0,-1,0,2.0000,-1,5,2,0,0,7,0,0,0,0
93.65151,2,0,1,0,1,0,0,-1,0,1.0000,-1,5,2,0,0,7,0,0,0,0
93.69106,2,0,1,0,1,0,0,-1,1,2.0000,-1,5,2,0,0,7,0,0,0,0
93.70847,2,0,1,0,1,0,0,-1,0,2.0000,-1,5,2,0,0,7,0,0,0,0
93.72463,2,0,1,0,1,0,0,-1,0,2.0000,-1,5,2,0,0,7,0,0,0,0
93.74348,2,0,1,0,1,0,0,-1,0,2.0000,-1,5,2,0,0,7,0,0,0,0
93.76234,2,0,1,0,1,0,0,-1,0,2.0000,-1,5,2,0,0,7,0,0,0,0
93.78384,2,0,1,0,1,0,0,-1,0,2.0000,-1,5,2,0,0,7,0,0,0,0
93.80417,2,0,1,0,1,0,0,-1,0,2.0000,-1,5,2,0,0,7,0,0,0,0
93.82537,2,0,1,0,1,0,0,-1,0,2.0000,-1,5,2,0,0,7,0,0,0,0
93.84244,2,0,1,0,1,0,0,-1,0,2.0000,-1,5,2,0,0,7,0,0,0,0
93.86532,2,0,1,0,1,0,0,-1,0,2.0000,-1,5,2,0,0,7,0,0,0,0
93.90626,2,0,1,0,1,0,0,-1,0,2.0000,-1,5,2,0,0,7,0,0,0,0
93.92706,2,0,1,0,1,0,0,-1,0,2.0000,-1,5,2,0,0,7,0,0,0,0
93.94193,2,0,1,0,1,0,0,-1,0,2.0000,-1,5,2,0,0,7,0,0,0,0
93.95665,2,0,1,0,1,0,0,-1,0,2.0000,-1,5,2,0,0,7,0,0,0,0
93.97512,2,0,1,0,1,0,0,-1,0,1.0000,-1,5,2,0,0,7,0,0,0,0
93.99822,2,0,1,0,1,0,0,-1,0,1.0000,-1,5,2,0,0,7,0,0,0,0
94.01802,2,0,1,0,1,0,0,-1,0,1.0000,-1,5,2,0,0,7,0,0,0,0
94.03958,2,0,1,0,1,0,0,-1,0,1.0000,-1,5,2,0,0,7,0,0,0,0
94.06004,2,0,1,0,1,0,0,-1,0,1.0000,-1,5,2,0,0,7,0,0,0,0
94.08078,2,0,1,1,1,0,0,-1,0,1.0000,-1,5,2,0,0,7,0,0,0,0
94.12139,2,0,1,1,1,0,0,-1,0,1.0000,-1,5,2,0,0,7,0,0,0,0
94.14068,2,0,1,1,0,0,0,-1,0,1.0000,-1,5,2,0,0,7,0,0,0,0
94.16056,2,0,1,1,0,0,0,-1,0,1.0000,-1,5,2,0,0,7,0,0,0,0
94.17594,2,0,1,1,0,0,0,-1,0,1.0000,-1,5,2,0,0,7,0,0,0,0
94.18916,2,0,1,1,0,0,0,-1,0,1.0000,-1,5,2,0,0,7,0,0,0,0
94.2076,2,0,1,1,0,0,0,-1,0,1.0000,-1,5,2,0,0,7,0,0,0,0
94.23011,2,0,1,1,0,0,0,-1,0,1.0000,-1,5,2,0,0,7,0,0,0,0
94.25106,2,0,1,1,0,0,0,-1,0,1.0000,-1,5,2,0,0,7,0,0,0,0
94.27228,2,0,1,1,0,0,0,-1,0,1.0000,-1,5,2,0,0,7,0,0,0,0
94.29863,2,0,1,1,0,0,0,-1,0,1.0000,-1,5,2,0,0,7,0,0,0,0
94.33511,2,0,1,1,0,0,1,39,0,1.0000,-1,5,2,0,0,7,0,0,0,0
94.34856,2,0,1,1,0,0,1,39,0,1.0000,-1,5,2,0,0,7,0,0,0,0
94.36193,2,0,1,1,0,0,1,39,0,1.0000,-1,5,2,0,0,7,0,0,0,0
94.3849,2,0,1,1,0,0,1,39,1,2.0000,-1,5,2,0,0,7,0,0,0,0
94.40613,2,0,1,1,0,0,1,39,0,2.0000,-1,5,2,0,0,7,0,0,0,0
94.43088,2,0,1,1,0,0,1,39,0,2.0000,-1,5,2,0,0,7,0,0,0,0
94.45016,2,0,1,1,0,0,1,39,0,2.0000,-1,5,2,0,0,7,0,0,0,0
94.47195,2,0,1,1,0,0,1,39,0,2.0000,-1,5,2,0,0,7,0,0,0,0
94.49374,2,0,1,1,0,0,0,-1,0,2.0000,39,5,3,0,0,8,0,0,0,0
94.51511,2,0,1,1,0,0,0,-1,0,2.0000,-1,5,3,0,0,8,0,0,0,0
94.55631,2,0,1,0,0,0,0,-1,0,2.0000,-1,5,3,0,0,8,0,0,0,0
94.57554,2,0,1,0,0,0,0,-1,0,2.0000,-1,5,3,0,0,8,0,0,0,0
94.59249,2,0,1,0,0,0,0,-1,0,2.0000,-1,5,3,0,0,8,0,0,0,0
94.60846,2,0,1,0,0,0,0,-1,0,2.0000,-1,5,3,0,0,8,0,0,0,0
94.62966,2,0,1,0,0,0,0,-1,0,2.0000,-1,5,3,0,0,8,0,0,0,0
94.6522,2,0,1,0,0,0,0,-1,0,2.0000,-1,5,3,0,0,8,0,0,0,0
94.67432,2,0,1,0,0,0,0,-1,0,2.0000,-1,5,3,0,0,8,0,0,0,0
94.69831,2,0,1,0,0,0,0,-1,0,1.0000,-1,5,3,0,0,8,0,0,0,0
94.72005,2,0,1,0,0,0,0,-1,0,1.0000,-1,5,3,0,0,8,0,0,0,0
94.76331,2,0,1,0,0,0,0,-1,0,1.0000,-1,5,3,0,0,8,0,0,0,0
94.78612,2,0,1,0,0,0,0,-1,0,1.0000,-1,5,3,0,0,8,0,0,0,0
94.80122,2,0,1,0,0,0,0,-1,0,1.0000,-1,5,3,0,0,8,0,0,0,0
94.817,2,0,1,0,0,0,0,-1,0,1.0000,-1,5,3,0,0,8,0,0,0,0
94.83475,2,0,1,0,0,0,0,-1,0,1.0000,-1,5,3,0,0,8,0,0,0,0
94.85976,2,0,1,0,0,0,0,-1,0,1.0000,-1,5,3,0,0,8,0,0,0,0
94.88007,2,0,1,0,1,0,0,-1,0,1.0000,-1,5,3,0,0,8,0,0,0,0
94.90071,2,0,1,0,1,0,0,-1,0,1.0000,-1,5,3,0,0,8,0,0,0,0
94.92537,2,0,1,0,1,0,0,-1,0,1.0000,-1,5,3,0,0,8,0,0,0,0
94.96717,2,0,1,0,1,0,0,-1,0,1.0000,-1,5,3,0,0,8,0,0,0,0
94.98174,2,0,1,0,1,0,0,-1,0,1.0000,-1,5,3,0,0,8,0,0,0,0
94.99635,2,0,1,0,1,0,0,-1,0,1.0000,-1,5,3,0,0,8,0,0,0,0
95.0173,2,0,1,0,1,0,0,-1,0,1.0000,-1,5,3,0,0,8,0,0,0,0
95.03926,2,0,1,0,1,0,0,-1,0,1.0000,-1,5,3,0,0,8,0,0,0,0
95.06002,2,0,1,0,1,0,0,-1,0,1.0000,-1,5,3,0,0,8,0,0,0,0
95.08351,2,0,1,0,1,0,0,-1,0,1.0000,-1,5,3,0,0,8,0,0,0,0
95.10352,2,0,1,0,1,0,0,-1,0,1.0000,-1,5,3,0,0,8,0,0,0,0
95.12749,2,0,1,0,1,0,0,-1,0,1.0000,-1,5,3,0,0,8,0,0,0,0
95.14769,2,0,1,0,1,0,0,-1,0,1.0000,-1,5,3,0,0,8,0,0,0,0
95.1698,2,0,1,0,1,0,0,-1,0,1.0000,-1,5,3,0,0,8,0,0,0,0
95.19035,2,0,1,0,1,0,0,-1,0,1.0000,-1,5,3,0,0,8,0,0,0,0
95.2122,2,0,1,0,1,0,0,-1,0,1.0000,-1,5,3,0,0,8,0,0,0,0
95.23453,2,0,1,0,1,0,0,-1,0,1.0000,-1,5,3,0,0,8,0,0,0,0
95.25457,2,0,1,0,1,0,0,-1,0,1.0000,-1,5,3,0,0,8,0,0,0,0
95.27843,2,0,1,0,1,0,0,-1,0,1.0000,-1,5,3,0,0,8,0,0,0,0
95.29912,2,0,1,0,1,0,0,-1,0,1.0000,-1,5,3,0,0,8,0,0,0,0
95.32173,2,0,1,0,1,0,0,-1,0,1.0000,-1,5,3,0,0,8,0,0,0,0
95.3446,2,0,1,0,1,0,0,-1,0,1.0000,-1,5,3,0,0,8,0,0,0,0
95.36653,2,0,1,0,1,0,0,-1,0,1.0000,-1,5,3,0,0,8,0,0,0,0
95.3862,2,0,1,0,1,0,0,-1,0,0.0000,-1,5,3,0,0,8,0,0,0,0
95.41016,2,0,1,0,1,0,0,-1,0,0.0000,-1,5,3,0,0,8,0,0,0,0
95.43036,2,0,1,0,1,0,0,-1,0,0.0000,-1,5,3,0,0,8,0,0,0,0
95.45169,2,0,1,0,1,0,0,-1,0,0.0000,-1,5,3,0,0,8,0,0,0,0
95.47101,2,0,1,0,0,0,0,-1,0,0.0000,-1,5,3,0,0,8,0,0,0,0
95.49227,2,0,1,0,0,0,0,-1,0,0.0000,-1,5,3,0,0,8,0,0,0,0
95.51398,2,0,1,0,0,0,0,-1,0,0.0000,-1,5,3,0,0,8,0,0,0,0
95.5361,2,0,1,0,0,0,0,-1,0,0.0000,-1,5,3,0,0,8,0,0,0,0
95.55668,2,0,1,0,0,0,0,-1,0,0.0000,-1,5,3,0,0,8,0,0,0,0
95.59949,2,0,1,0,0,0,0,-1,0,0.0000,-1,5,3,0,0,8,0,0,0,0
95.61815,2,0,1,0,0,0,0,-1,0,0.0000,-1,5,3,0,0,8,0,0,0,0
95.63591,2,0,1,0,0,0,0,-1,0,0.0000,-1,5,3,0,0,8,0,0,0,0
95.65114,2,0,1,0,0,0,0,-1,0,0.0000,-1,5,3,0,0,8,0,0,0,0
95.67065,2,0,1,0,0,0,0,-1,0,0.0000,-1,5,3,0,0,8,0,0,0,0
95.69543,2,0,1,0,0,0,0,-1,0,0.0000,-1,5,3,0,0,8,0,0,0,0
95.71492,2,0,1,0,0,0,0,-1,0,0.0000,-1,5,3,0,0,8,0,0,0,0
95.73318,2,0,1,0,0,0,0,-1,0,0.0000,-1,5,3,0,0,8,0,0,0,0
95.75692,2,0,1,0,0,0,0,-1,0,0.0000,-1,5,3,0,0,8,0,0,0,0
95.77872,2,0,1,0,0,0,0,-1,0,0.0000,-1,5,3,0,0,8,0,0,0,0
95.79893,2,0,1,0,0,0,0,-1,0,0.0000,-1,5,3,0,0,8,0,0,0,0
95.82218,2,0,1,0,0,0,0,-1,0,0.0000,-1,5,3,0,0,8,0,0,0,0
95.84436,2,0,1,0,0,0,0,-1,0,0.0000,-1,5,3,0,0,8,0,0,0,0
95.8627,2,0,1,0,0,0,0,-1,0,0.0000,-1,5,3,0,0,8,0,0,0,0
95.8846,2,0,1,0,0,0,0,-1,0,0.0000,-1,5,3,0,0,8,0,0,0,0
95.90565,2,0,1,1,0,0,0,-1,0,0.0000,-1,5,3,0,0,8,0,0,0,0
95.92495,2,0,1,1,0,0,0,-1,0,0.0000,-1,5,3,0,0,8,0,0,0,0
95.94814,2,0,1,1,0,0,0,-1,0,0.0000,-1,5,3,0,0,8,0,0,0,0
95.97013,2,0,1,1,0,0,0,-1,0,0.0000,-1,5,3,0,0,8,0,0,0,0
95.98997,2,0,1,1,0,0,0,-1,0,0.0000,-1,5,3,0,0,8,0,0,0,0
96.03136,2,0,1,1,0,0,0,-1,0,0.0000,-1,5,3,0,0,8,0,0,0,0
96.05025,2,0,1,1,0,0,0,-1,0,0.0000,-1,5,3,0,0,8,0,0,0,0
96.06935,2,0,1,1,0,0,0,-1,0,0.0000,-1,5,3,0,0,8,0,0,0,0
96.08705,2,0,1,1,0,0,0,-1,0,0.0000,-1,5,3,0,0,8,0,0,0,0
96.10168,2,0,1,1,0,0,0,-1,0,0.0000,-1,5,3,0,0,8,0,0,0,0
96.11988,2,0,1,1,0,0,0,-1,0,0.0000,-1,5,3,0,0,8,0,0,0,0
96.14379,2,0,1,1,0,0,0,-1,0,0.0000,-1,5,3,0,0,8,0,0,0,0
96.1641,2,0,1,1,0,0,0,-1,0,0.0000,-1,5,3,0,0,8,0,0,0,0
96.18617,2,0,1,1,0,0,0,-1,0,0.0000,-1,5,3,0,0,8,0,0,0,0
96.20602,2,0,1,1,0,0,0,-1,0,0.0000,-1,5,3,0,0,8,0,0,0,0
96.22818,2,0,1,1,0,0,0,-1,0,0.0000,-1,5,3,0,0,8,0,0,0,0
96.24944,2,0,1,1,0,0,0,-1,0,0.0000,-1,5,3,0,0,8,0,0,0,0
96.27261,2,0,1,1,0,0,0,-1,0,0.0000,-1,5,3,0,0,8,0,0,0,0
96.29585,2,0,1,1,0,0,0,-1,0,0.0000,-1,5,3,0,0,8,0,0,0,0
96.31825,2,0,1,1,0,0,0,-1,0,0.0000,-1,5,3,0,0,8,0,0,0,0
96.33788,2,0,1,1,0,0,0,-1,0,0.0000,-1,5,3,0,0,8,0,0,0,0
96.36492,2,0,1,1,0,0,0,-1,0,0.0000,-1,5,3,0,0,8,0,0,0,0
96.38733,2,0,1,1,0,0,0,-1,0,0.0000,-1,5,3,0,0,8,0,0,0,0
96.40923,2,0,1,1,0,0,0,-1,0,0.0000,-1,5,3,0,0,8,0,0,0,0
96.43225,2,0,1,1,0,0,0,-1,0,0.0000,-1,5,3,0,0,8,0,0,0,0
96.45524,2,0,1,1,0,0,0,-1,0,0.0000,-1,5,3,0,0,8,0,0,0,0
96.47858,2,0,1,1,0,0,0,-1,0,0.0000,-1,5,3,0,0,8,0,0,0,0
96.49965,2,0,1,1,0,0,0,-1,0,0.0000,-1,5,3,0,0,8,0,0,0,0
96.52315,2,0,1,1,0,0,0,-1,0,0.0000,-1,5,3,0,0,8,0,0,0,0
96.54691,2,0,1,1,0,0,0,-1,0,0.0000,-1,5,3,0,0,8,0,0,0,0
96.56913,2,0,1,1,0,0,0,-1,0,0.0000,-1,5,3,0,0,8,0,0,0,0
96.59145,2,0,1,1,0,0,0,-1,0,0.0000,-1,5,3,0,0,8,0,0,0,0
96.61522,2,0,1,1,1,0,0,-1,0,0.0000,-1,5,3,0,0,8,0,0,0,0
96.63639,2,0,1,1,1,0,0,-1,0,0.0000,-1,5,3,0,0,8,0,0,0,0
96.66118,2,0,1,1,1,0,0,-1,0,0.0000,-1,5,3,0,0,8,0,0,0,0
96.68275,2,0,1,1,1,0,0,-1,0,0.0000,-1,5,3,0,0,8,0,0,0,0
96.70256,2,0,1,1,1,0,0,-1,0,0.0000,-1,5,3,0,0,8,0,0,0,0
96.72365,2,0,1,1,1,0,0,-1,0,0.0000,-1,5,3,0,0,8,0,0,0,0
96.74419,2,0,1,1,1,0,0,-1,0,0.0000,-1,5,3,0,0,8,0,0,0,0
96.76688,2,0,1,1,1,0,0,-1,0,0.0000,-1,5,3,0,0,8,0,0,0,0
96.79105,2,0,1,1,1,0,0,-1,0,0.0000,-1,5,3,0,0,8,0,0,0,0
96.81038,2,0,1,1,1,0,1,46,0,0.0000,-1,5,3,0,0,8,0,0,0,0
96.83427,2,0,1,1,1,0,1,46,0,0.0000,-1,5,3,0,0,8,0,0,0,0
96.87225,2,0,1,1,1,0,1,46,0,0.0000,-1,5,3,0,0,8,0,0,0,0
96.88537,2,0,1,1,1,0,1,46,0,0.0000,-1,5,3,0,0,8,0,0,0,0
96.9011,2,0,1,1,1,0,1,46,0,0.0000,-1,5,3,0,0,8,0,0,0,0
96.92527,2,0,1,1,1,0,1,46,0,0.0000,-1,5,3,0,0,8,0,0,0,0
96.94611,2,0,1,1,1,0,1,46,0,0.0000,-1,5,3,0,0,8,0,0,0,0
96.96768,2,0,1,1,1,0,1,46,0,0.0000,-1,5,3,0,0,8,0,0,0,0
96.98951,2,0,1,1,1,0,1,46,0,0.0000,-1,5,3,0,0,8,0,0,0,0
97.0134,2,0,1,1,1,0,1,46,0,0.0000,-1,5,3,0,0,8,0,0,0,0
97.0346,2,0,1,1,1,0,1,46,0,0.0000,-1,5,3,0,0,8,0,0,0,0
97.05784,2,0,1,1,1,0,1,46,0,0.0000,-1,5,3,0,0,8,0,0,0,0
97.07829,2,0,1,1,1,0,1,46,1,1.0000,-1,5,3,0,0,8,0,0,0,0
97.10161,2,0,1,1,1,0,0,-1,0,1.0000,-1,5,3,0,0,8,0,0,0,0
97.12383,2,0,1,1,1,0,1,44,0,1.0000,-1,5,3,0,0,8,0,0,0,0
97.14581,2,0,1,1,1,0,1,44,0,1.0000,-1,5,3,0,0,8,0,0,0,0
97.16631,2,0,1,1,1,0,1,44,0,1.0000,-1,5,3,0,0,8,0,0,0,0
97.18845,2,0,1,1,1,0,1,44,0,1.0000,-1,5,3,0,0,8,0,0,0,0
97.21088,2,0,1,1,1,0,1,44,0,1.0000,-1,5,3,0,0,8,0,0,0,0
97.23452,2,0,1,1,0,0,1,44,0,1.0000,-1,5,3,0,0,8,0,0,0,0
97.25505,2,0,1,0,0,0,0,-1,0,1.0000,-1,5,3,0,0,8,0,0,0,0
97.29969,2,0,1,0,0,0,0,-1,0,1.0000,-1,5,3,0,0,8,0,0,0,0
97.32072,2,0,1,0,0,0,0,-1,0,1.0000,-1,5,3,0,0,8,0,0,0,0
97.34616,2,0,1,0,0,0,0,-1,0,1.0000,-1,5,3,0,0,8,0,0,0,0
97.36278,2,0,1,0,0,0,0,-1,0,1.0000,-1,5,3,0,0,8,0,0,0,0
97.38004,2,0,1,0,0,0,0,-1,0,1.0000,-1,5,3,0,0,8,0,0,0,0
97.40024,2,0,1,0,0,0,0,-1,0,1.0000,-1,5,3,0,0,8,0,0,0,0
97.42487,2,0,1,0,0,0,0,-1,0,1.0000,-1,5,3,0,0,8,0,0,0,0
97.44634,2,0,1,0,0,0,0,-1,0,1.0000,-1,5,3,0,0,8,0,0,0,0
97.47024,2,0,1,0,0,0,0,-1,0,1.0000,-1,5,3,0,0,8,0,0,0,0
97.51189,2,0,1,0,0,0,0,-1,0,1.0000,-1,5,3,0,0,8,0,0,0,0
97.5277,2,0,1,0,0,0,0,-1,0,1.0000,-1,5,3,0,0,8,0,0,0,0
97.54337,2,0,1,0,0,0,0,-1,0,1.0000,-1,5,3,0,0,8,0,0,0,0
97.56502,2,0,1,0,0,0,0,-1,0,1.0000,-1,5,3,0,0,8,0,0,0,0
97.5896,2,0,1,0,0,0,0,-1,0,1.0000,-1,5,3,0,0,8,0,0,0,0
97.61327,2,0,1,0,0,0,0,-1,0,1.0000,-1,5,3,0,0,8,0,0,0,0
97.6346,2,0,1,0,0,0,0,-1,0,1.0000,-1,5,3,0,0,8,0,0,0,0
97.65697,2,0,1,0,0,0,0,-1,0,1.0000,-1,5,3,0,0,8,0,0,0,0
97.67908,2,0,1,0,0,0,0,-1,0,1.0000,-1,5,3,0,0,8,0,0,0,0
97.69862,2,0,1,0,0,0,0,-1,0,1.0000,-1,5,3,0,0,8,0,0,0,0
97.7237,2,0,1,0,0,0,0,-1,0,1.0000,-1,5,3,0,0,8,0,0,0,0
97.7424,2,0,1,0,0,0,0,-1,0,1.0000,-1,5,3,0,0,8,0,0,0,0
97.76394,2,0,1,0,0,0,0,-1,0,1.0000,-1,5,3,0,0,8,0,0,0,0
97.7857,2,0,1,0,0,0,0,-1,1,2.0000,-1,5,3,0,0,8,0,0,0,0
97.80722,2,0,1,0,0,0,0,-1,0,2.0000,-1,5,3,0,0,8,0,0,0,0
97.8254,2,0,1,0,0,0,0,-1,0,2.0000,-1,5,3,0,0,8,0,0,0,0
97.84812,2,0,1,0,0,0,0,-1,0,2.0000,-1,5,3,0,0,8,0,0,0,0
97.8711,2,0,1,0,0,0,0,-1,0,2.0000,-1,5,3,0,0,8,0,0,0,0
97.89184,2,0,1,0,0,0,0,-1,0,2.0000,-1,5,3,0,0,8,0,0,0,0
97.91216,2,0,1,0,0,0,0,-1,0,2.0000,-1,5,3,0,0,8,0,0,0,0
97.93578,2,0,1,0,0,0,0,-1,0,2.0000,-1,5,3,0,0,8,0,0,0,0
97.95831,2,0,1,0,0,0,0,-1,0,2.0000,-1,5,3,0,0,8,0,0,0,0
97.97858,2,0,1,0,0,0,0,-1,0,2.0000,-1,5,3,0,0,8,0,0,0,0
98.00086,2,0,1,0,0,0,1,47,1,3.0000,-1,5,3,0,0,8,0,0,0,0
98.02179,2,0,1,0,0,0,1,47,0,3.0000,-1,5,3,0,0,8,0,0,0,0
98.04324,2,0,1,0,0,0,1,47,0,3.0000,-1,5,3,0,0,8,0,0,0,0
98.06543,2,0,1,0,0,0,1,47,0,3.0000,-1,5,3,0,0,8,0,0,0,0
98.08804,2,0,1,0,0,0,1,47,0,2.0000,-1,5,3,0,0,8,0,0,0,0
98.1097,2,0,1,0,0,0,1,47,0,2.0000,-1,5,3,0,0,8,0,0,0,0
98.13141,2,0,1,0,0,0,1,47,0,2.0000,-1,5,3,0,0,8,0,0,0,0
98.15402,2,0,1,0,0,0,1,47,0,2.0000,-1,5,3,0,0,8,0,0,0,0
98.17574,2,0,1,0,0,0,1,47,0,2.0000,-1,5,3,0,0,8,0,0,0,0
98.19837,2,0,1,0,0,0,1,47,0,2.0000,-1,5,3,0,0,8,0,0,0,0
98.22014,2,0,1,0,0,0,1,47,0,2.0000,-1,5,3,0,0,8,0,0,0,0
98.24194,2,0,1,0,0,0,1,47,0,2.0000,-1,5,3,0,0,8,0,0,0,0
98.26462,2,0,1,0,0,0,1,47,0,2.0000,-1,5,3,0,0,8,0,0,0,0
98.28624,2,0,1,0,0,0,1,47,0,2.0000,-1,5,3,0,0,8,0,0,0,0
98.30817,2,0,1,0,0,0,1,47,0,2.0000,-1,5,3,0,0,8,0,0,0,0
98.33263,2,0,1,0,0,0,1,47,0,2.0000,-1,5,3,0,0,8,0,0,0,0
98.36889,2,0,1,0,0,0,1,47,0,2.0000,-1,5,3,0,0,8,0,0,0,0
98.38305,2,0,1,0,0,0,1,47,0,2.0000,-1,5,3,0,0,8,0,0,0,0
98.39867,2,0,1,0,0,0,1,47,1,3.0000,-1,5,3,0,0,8,0,0,0,0
98.41997,2,0,1,0,0,0,1,47,0,3.0000,-1,5,3,0,0,8,0,0,0,0
98.4426,2,0,1,0,0,0,1,47,0,3.0000,-1,5,3,0,0,8,0,0,0,0
98.46581,2,0,1,0,0,0,1,47,0,3.0000,-1,5,3,0,0,8,0,0,0,0
98.48634,2,0,1,0,0,0,1,47,0,3.0000,-1,5,3,0,0,8,0,0,0,0
98.50733,2,0,1,0,0,0,1,47,0,3.0000,-1,5,3,0,0,8,0,0,0,0
98.5279,2,0,1,0,0,0,1,47,0,3.0000,-1,5,3,0,0,8,0,0,0,0
98.54742,2,0,1,0,0,0,1,47,0,3.0000,-1,5,3,0,0,8,0,0,0,0
98.56919,2,0,1,0,0,0,1,47,0,3.0000,-1,5,3,0,0,8,0,0,0,0
98.59116,2,0,1,0,0,0,1,47,0,3.0000,-1,5,3,0,0,8,0,0,0,0
98.61133,2,0,1,0,0,0,1,47,0,3.0000,-1,5,3,0,0,8,0,0,0,0
98.63573,2,0,1,0,0,0,1,47,0,3.0000,-1,5,3,0,0,8,0,0,0,0
98.65559,2,0,1,0,0,0,1,47,0,3.0000,-1,5,3,0,0,8,0,0,0,0
98.67582,2,0,1,0,0,0,1,47,0,3.0000,-1,5,3,0,0,8,0,0,0,0
98.69547,2,0,1,0,0,0,1,47,0,3.0000,-1,5,3,0,0,8,0,0,0,0
98.71413,2,0,1,0,0,0,1,47,0,3.0000,-1,5,3,0,0,8,0,0,0,0
98.737,2,0,1,0,0,0,1,47,0,3.0000,-1,5,3,0,0,8,0,0,0,0
98.75589,2,0,1,0,0,0,1,47,0,3.0000,-1,5,3,0,0,8,0,0,0,0
98.79953,1,1,2,0,0,0,0,-1,0,2.0000,47,6,3,0,0,9,0,0,0,0
98.82002,1,0,2,0,0,0,0,-1,0,2.0000,-1,6,3,0,0,9,0,0,0,0
98.83673,1,0,2,0,0,0,0,-1,0,2.0000,-1,6,3,0,0,9,0,0,0,0
98.85239,1,0,2,0,0,0,0,-1,0,2.0000,-1,6,3,0,0,9,0,0,0,0
98.86946,1,0,2,0,0,0,0,-1,0,2.0000,-1,6,3,0,0,9,0,0,0,0
98.89162,1,0,2,0,0,0,0,-1,0,2.0000,-1,6,3,0,0,9,0,0,0,0
98.91327,1,0,2,0,0,0,0,-1,0,2.0000,-1,6,3,0,0,9,0,0,0,0
98.93388,1,0,2,0,0,0,0,-1,0,2.0000,-1,6,3,0,0,9,0,0,0,0
98.95634,1,0,2,0,0,0,0,-1,0,2.0000,-1,6,3,0,0,9,0,0,0,0
98.99604,1,0,2,0,0,0,0,-1,0,2.0000,-1,6,3,0,0,9,0,0,0,0
99.0117,1,0,2,0,0,0,0,-1,0,1.0000,-1,6,3,0,0,9,0,0,0,0
99.02728,1,0,2,0,0,0,1,48,0,1.0000,-1,6,3,0,0,9,0,0,0,0
99.04461,1,0,2,0,0,0,1,48,0,1.0000,-1,6,3,0,0,9,0,0,0,0
99.0693,1,0,2,0,0,0,1,48,0,1.0000,-1,6,3,0,0,9,0,0,0,0
99.09012,1,0,2,0,0,0,1,48,0,1.0000,-1,6,3,0,0,9,0,0,0,0
99.11139,1,0,2,0,0,0,1,48,0,1.0000,-1,6,3,0,0,9,0,0,0,0
99.13398,1,0,2,0,0,0,1,48,0,1.0000,-1,6,3,0,0,9,0,0,0,0
99.15549,1,0,2,0,0,0,1,48,0,1.0000,-1,6,3,0,0,9,0,0,0,0
99.17561,1,0,2,0,0,0,1,48,0,1.0000,-1,6,3,0,0,9,0,0,0,0
99.19819,1,0,2,0,0,0,1,48,0,1.0000,-1,6,3,0,0,9,0,0,0,0
99.21909,1,0,2,0,0,0,1,48,0,1.0000,-1,6,3,0,0,9,0,0,0,0
99.24084,1,0,2,0,0,0,1,48,0,1.0000,-1,6,3,0,0,9,0,0,0,0
99.26396,1,0,2,0,0,0,1,48,0,1.0000,-1,6,3,0,0,9,0,0,0,0
99.28369,1,0,2,0,0,0,1,48,0,1.0000,-1,6,3,0,0,9,0,0,0,0
99.3064,1,0,2,0,0,0,1,48,0,1.0000,-1,6,3,0,0,9,0,0,0,0
99.32768,1,0,2,0,0,0,1,48,0,1.0000,-1,6,3,0,0,9,0,0,0,0
99.34885,1,0,2,0,0,0,1,48,0,1.0000,-1,6,3,0,0,9,0,0,0,0
99.36876,1,0,2,0,0,0,1,48,0,1.0000,-1,6,3,0,0,9,0,0,0,0
99.39536,1,0,2,0,0,0,1,48,0,1.0000,-1,6,3,0,0,9,0,0,0,0
99.41585,1,0,2,0,0,0,1,48,0,0.0000,-1,6,3,0,0,9,0,0,0,0
99.43356,1,0,2,0,0,0,1,48,0,0.0000,-1,6,3,0,0,9,0,0,0,0
99.4575,1,0,2,0,0,0,1,48,0,0.0000,-1,6,3,0,0,9,0,0,0,0
99.47898,1,0,2,0,0,0,1,48,0,0.0000,-1,6,3,0,0,9,0,0,0,0
99.49963,1,0,2,0,0,0,1,48,0,0.0000,-1,6,3,0,0,9,0,0,0,0
99.52248,1,0,2,0,0,0,1,48,0,0.0000,-1,6,3,0,0,9,0,0,0,0
99.54464,1,0,2,0,0,0,1,48,0,0.0000,-1,6,3,0,0,9,0,0,0,0
99.56414,1,0,2,0,0,0,1,48,0,0.0000,-1,6,3,0,0,9,0,0,0,0
99.58805,1,0,2,0,0,0,1,48,0,0.0000,-1,6,3,0,0,9,0,0,0,0
99.60931,1,0,2,0,0,0,1,48,0,0.0000,-1,6,3,0,0,9,0,0,0,0
99.62979,1,0,2,0,0,0,1,48,0,0.0000,-1,6,3,0,0,9,0,0,0,0
99.65047,1,0,2,0,0,0,1,48,0,0.0000,-1,6,3,0,0,9,0,0,0,0
99.67127,1,0,2,0,0,0,1,48,0,0.0000,-1,6,3,0,0,9,0,0,0,0
99.69296,1,0,2,0,0,0,0,-1,0,0.0000,48,7,3,0,0,10,0,0,0,0
99.71215,1,0,2,0,0,0,0,-1,0,0.0000,-1,7,3,0,0,10,0,0,0,0
99.73497,1,0,2,0,0,0,0,-1,0,0.0000,-1,7,3,0,0,10,0,0,0,0
99.76086,1,0,2,0,0,0,0,-1,0,0.0000,-1,7,3,0,0,10,0,0,0,0
99.78173,1,0,2,0,0,0,0,-1,0,0.0000,-1,7,3,0,0,10,0,0,0,0
99.80156,1,0,2,1,0,0,0,-1,0,0.0000,-1,7,3,0,0,10,0,0,0,0
99.82394,1,0,2,1,0,0,0,-1,0,0.0000,-1,7,3,0,0,10,0,0,0,0
99.86543,1,0,2,1,0,0,0,-1,0,0.0000,-1,7,3,0,0,10,0,0,0,0
99.88509,1,0,2,1,0,0,0,-1,0,0.0000,-1,7,3,0,0,10,0,0,0,0
99.90172,1,0,2,1,0,0,0,-1,0,0.0000,-1,7,3,0,0,10,0,0,0,0
99.91703,1,0,2,1,0,0,0,-1,0,0.0000,-1,7,3,0,0,10,0,0,0,0
99.93328,1,0,2,1,0,0,0,-1,0,0.0000,-1,7,3,0,0,10,0,0,0,0
99.95859,1,0,2,1,0,0,0,-1,0,0.0000,-1,7,3,0,0,10,0,0,0,0
99.98108,1,0,2,1,0,0,0,-1,1,1.0000,-1,7,3,0,0,10,0,0,0,0
100.0027,1,0,2,1,0,0,0,-1,0,1.0000,-1,7,3,0,0,10,0,0,0,0
100.0249,1,0,2,1,0,0,0,-1,0,1.0000,-1,7,3,0,0,10,0,0,0,0
100.0471,1,0,2,1,0,0,0,-1,0,1.0000,-1,7,3,0,0,10,0,0,0,0
100.0643,1,0,2,1,0,0,0,-1,0,1.0000,-1,7,3,0,0,10,0,0,0,0
100.092,1,0,2,1,0,0,0,-1,0,1.0000,-1,7,3,0,0,10,0,0,0,0
100.1123,1,0,2,1,0,0,0,-1,0,1.0000,-1,7,3,0,0,10,0,0,0,0
100.1335,1,0,2,1,0,0,0,-1,0,1.0000,-1,7,3,0,0,10,0,0,0,0
100.1559,1,0,2,1,0,0,0,-1,0,1.0000,-1,7,3,0,0,10,0,0,0,0
100.1779,1,0,2,1,0,0,0,-1,0,1.0000,-1,7,3,0,0,10,0,0,0,0
100.2008,1,0,2,1,0,0,0,-1,0,1.0000,-1,7,3,0,0,10,0,0,0,0
100.2222,1,0,2,1,0,0,0,-1,0,1.0000,-1,7,3,0,0,10,0,0,0,0
100.2442,1,0,2,1,0,0,0,-1,0,1.0000,-1,7,3,0,0,10,0,0,0,0
100.2859,1,0,2,1,0,0,0,-1,0,1.0000,-1,7,3,0,0,10,0,0,0,0
100.3048,1,0,2,1,0,0,0,-1,0,1.0000,-1,7,3,0,0,10,0,0,0,0
100.3213,1,0,2,1,0,0,0,-1,0,1.0000,-1,7,3,0,0,10,0,0,0,0
100.3379,1,0,2,1,0,0,0,-1,0,1.0000,-1,7,3,0,0,10,0,0,0,0
100.3545,1,0,2,1,0,0,0,-1,0,1.0000,-1,7,3,0,0,10,0,0,0,0
100.3777,1,0,2,1,0,0,0,-1,0,1.0000,-1,7,3,0,0,10,0,0,0,0
100.4013,1,0,2,1,0,0,0,-1,0,1.0000,-1,7,3,0,0,10,0,0,0,0
100.425,1,0,2,1,0,0,0,-1,0,1.0000,-1,7,3,0,0,10,0,0,0,0
100.4443,1,0,2,1,0,0,0,-1,0,1.0000,-1,7,3,0,0,10,0,0,0,0
100.4878,1,0,2,1,0,0,0,-1,0,1.0000,-1,7,3,0,0,10,0,0,0,0
100.5067,1,0,2,1,0,0,0,-1,0,1.0000,-1,7,3,0,0,10,0,0,0,0
100.524,1,0,2,1,0,0,0,-1,0,1.0000,-1,7,3,0,0,10,0,0,0,0
100.5439,1,0,2,1,0,0,0,-1,0,1.0000,-1,7,3,0,0,10,0,0,0,0
100.5634,1,0,2,1,0,0,0,-1,0,1.0000,-1,7,3,0,0,10,0,0,0,0
100.5861,1,0,2,1,0,0,0,-1,0,1.0000,-1,7,3,0,0,10,0,0,0,0
100.6103,1,0,2,1,0,0,0,-1,1,2.0000,-1,7,3,0,0,10,0,0,0,0
100.6379,1,0,2,0,0,0,0,-1,0,2.0000,-1,7,3,0,0,10,0,0,0,0
100.6604,1,0,2,0,0,0,0,-1,0,2.0000,-1,7,3,0,0,10,0,0,0,0
100.7102,1,0,2,0,0,0,1,50,0,2.0000,-1,7,3,0,0,10,0,0,0,0
100.7306,1,0,2,0,0,0,1,50,0,2.0000,-1,7,3,0,0,10,0,0,0,0
100.7501,1,0,2,0,0,0,1,50,0,2.0000,-1,7,3,0,0,10,0,0,0,0
100.7699,1,0,2,0,0,0,1,50,0,2.0000,-1,7,3,0,0,10,0,0,0,0
100.793,1,0,2,0,0,0,1,50,0,2.0000,-1,7,3,0,0,10,0,0,0,0
100.816,1,0,2,0,0,0,0,-1,0,2.0000,50,8,3,0,0,11,0,0,0,0
100.8414,1,0,2,0,0,0,0,-1,0,2.0000,-1,8,3,0,0,11,0,0,0,0
100.8651,1,0,2,0,0,0,0,-1,0,2.0000,-1,8,3,0,0,11,0,0,0,0
100.9174,1,0,2,0,0,0,0,-1,0,2.0000,-1,8,3,0,0,11,0,0,0,0
100.9318,1,0,2,0,0,0,0,-1,0,2.0000,-1,8,3,0,0,11,0,0,0,0
100.9471,1,0,2,0,0,0,0,-1,0,2.0000,-1,8,3,0,0,11,0,0,0,0
100.9753,1,0,2,0,0,0,0,-1,0,2.0000,-1,8,3,0,0,11,0,0,0,0
100.9993,1,0,2,0,0,0,0,-1,0,1.0000,-1,8,3,0,0,11,0,0,0,0
101.0255,1,0,2,0,0,0,0,-1,0,1.0000,-1,8,3,0,0,11,0,0,0,0
101.0502,1,0,2,0,0,0,0,-1,1,2.0000,-1,8,3,0,0,11,0,0,0,0
101.0735,1,0,2,0,0,0,0,-1,0,2.0000,-1,8,3,0,0,11,0,0,0,0
101.097,1,0,2,0,0,0,0,-1,0,2.0000,-1,8,3,0,0,11,0,0,0,0
101.1199,1,0,2,0,0,0,0,-1,0,2.0000,-1,8,3,0,0,11,0,0,0,0
101.1469,1,0,2,0,0,0,0,-1,0,2.0000,-1,8,3,0,0,11,0,0,0,0
101.171,1,0,2,0,0,0,0,-1,0,2.0000,-1,8,3,0,0,11,0,0,0,0
101.1941,1,0,2,0,0,0,0,-1,0,2.0000,-1,8,3,0,0,11,0,0,0,0
101.2196,1,0,2,0,0,0,0,-1,0,2.0000,-1,8,3,0,0,11,0,0,0,0
101.2431,1,0,2,0,0,0,0,-1,0,2.0000,-1,8,3,0,0,11,0,0,0,0
101.2681,1,0,2,0,0,0,0,-1,0,2.0000,-1,8,3,0,0,11,0,0,0,0
101.2915,1,0,2,0,0,0,0,-1,0,2.0000,-1,8,3,0,0,11,0,0,0,0
101.3176,1,0,2,0,0,0,0,-1,0,2.0000,-1,8,3,0,0,11,0,0,0,0
101.3407,1,0,2,0,0,0,0,-1,0,2.0000,-1,8,3,0,0,11,0,0,0,0
101.3639,1,0,2,0,0,0,0,-1,0,2.0000,-1,8,3,0,0,11,0,0,0,0
101.3905,1,0,2,0,0,0,0,-1,0,2.0000,-1,8,3,0,0,11,0,0,0,0
101.4148,1,0,2,0,0,0,0,-1,0,2.0000,-1,8,3,0,0,11,0,0,0,0
101.4398,1,0,2,0,0,0,0,-1,0,2.0000,-1,8,3,0,0,11,0,0,0,0
101.4638,1,0,2,0,0,0,0,-1,0,2.0000,-1,8,3,0,0,11,0,0,0,0
101.4872,1,0,2,0,0,0,0,-1,0,2.0000,-1,8,3,0,0,11,0,0,0,0
101.5155,1,0,2,0,0,0,0,-1,0,2.0000,-1,8,3,0,0,11,0,0,0,0
101.5373,1,0,2,0,0,0,0,-1,0,2.0000,-1,8,3,0,0,11,0,0,0,0
101.6485,1,0,2,0,0,0,0,-1,1,2.0000,-1,8,3,0,0,11,0,0,0,0
101.6752,1,0,2,0,0,0,0,-1,0,2.0000,-1,8,3,0,0,11,0,0,0,0
101.6995,1,0,2,0,0,0,1,54,0,2.0000,-1,8,3,0,0,11,0,0,0,0
101.7231,1,0,2,0,0,0,1,54,0,2.0000,-1,8,3,0,0,11,0,0,0,0
101.7697,1,0,2,0,0,0,1,54,0,2.0000,-1,8,3,0,0,11,0,0,0,0
101.7822,1,0,2,0,0,0,1,54,0,2.0000,-1,8,3,0,0,11,0,0,0,0
101.8004,1,0,2,0,0,0,1,54,0,2.0000,-1,8,3,0,0,11,0,0,0,0
101.8249,1,0,2,0,0,0,1,54,0,2.0000,-1,8,3,0,0,11,0,0,0,0
101.8505,1,0,2,0,0,0,1,54,0,2.0000,-1,8,3,0,0,11,0,0,0,0
101.8757,1,0,2,0,0,0,1,54,1,3.0000,-1,8,3,0,0,11,0,0,0,0
101.9005,1,0,2,0,0,0,1,54,0,3.0000,-1,8,3,0,0,11,0,0,0,0
101.9246,1,0,2,0,0,0,1,54,0,3.0000,-1,8,3,0,0,11,0,0,0,0
101.9732,1,0,2,0,0,0,1,54,0,3.0000,-1,8,3,0,0,11,0,0,0,0
101.9853,1,0,2,0,0,0,1,54,0,3.0000,-1,8,3,0,0,11,0,0,0,0
102.0031,1,0,2,0,0,0,1,54,0,3.0000,-1,8,3,0,0,11,0,0,0,0
102.0286,1,0,2,0,0,0,1,54,0,3.0000,-1,8,3,0,0,11,0,0,0,0
102.0539,1,0,2,0,0,0,1,54,0,2.0000,-1,8,3,0,0,11,0,0,0,0
102.0791,1,0,2,0,0,0,1,54,0,2.0000,-1,8,3,0,0,11,0,0,0,0
102.1047,1,0,2,0,0,0,1,54,0,2.0000,-1,8,3,0,0,11,0,0,0,0
102.1305,1,0,2,0,0,0,1,54,0,2.0000,-1,8,3,0,0,11,0,0,0,0
102.1543,1,0,2,0,0,0,1,54,0,2.0000,-1,8,3,0,0,11,0,0,0,0
102.1787,1,0,2,0,0,0,1,54,0,2.0000,-1,8,3,0,0,11,0,0,0,0
102.2033,1,0,2,0,0,0,1,54,0,2.0000,-1,8,3,0,0,11,0,0,0,0
102.2281,1,0,2,0,0,0,1,54,0,2.0000,-1,8,3,0,0,11,0,0,0,0
102.2551,1,0,2,0,0,0,1,55,0,2.0000,54,9,3,0,0,12,0,0,0,0
102.2843,1,0,2,0,0,0,1,55,0,2.0000,-1,9,3,0,0,12,0,0,0,0
102.3076,1,0,2,0,0,0,1,55,0,2.0000,-1,9,3,0,0,12,0,0,0,0
102.3335,1,0,2,0,0,0,0,-1,1,3.0000,-1,9,3,0,0,12,0,0,0,0
102.3843,1,0,2,0,0,0,0,-1,0,3.0000,-1,9,3,0,0,12,0,0,0,0
102.4047,1,0,2,0,0,0,0,-1,0,3.0000,-1,9,3,0,0,12,0,0,0,0
102.4207,1,0,2,0,0,0,0,-1,0,3.0000,-1,9,3,0,0,12,0,0,0,0
102.4408,1,0,2,0,0,0,0,-1,0,3.0000,-1,9,3,0,0,12,0,0,0,0
102.4704,1,0,2,0,0,0,0,-1,0,3.0000,-1,9,3,0,0,12,0,0,0,0
102.4989,1,0,2,0,0,0,0,-1,0,3.0000,-1,9,3,0,0,12,0,0,0,0
102.5225,1,0,2,0,0,0,0,-1,0,3.0000,-1,9,3,0,0,12,0,0,0,0
102.5495,1,0,2,0,0,0,0,-1,0,3.0000,-1,9,3,0,0,12,0,0,0,0
102.5748,1,0,2,0,0,0,0,-1,0,3.0000,-1,9,3,0,0,12,0,0,0,0
102.5997,1,0,2,0,0,0,0,-1,0,3.0000,-1,9,3,0,0,12,0,0,0,0
102.6248,1,0,2,0,0,0,0,-1,0,3.0000,-1,9,3,0,0,12,0,0,0,0
102.6516,1,0,2,0,0,0,0,-1,0,2.0000,-1,9,3,0,0,12,0,0,0,0
102.6758,1,0,2,1,0,0,0,-1,0,2.0000,-1,9,3,0,0,12,0,0,0,0
102.7016,1,0,2,1,0,0,0,-1,0,2.0000,-1,9,3,0,0,12,0,0,0,0
102.7266,1,0,2,1,0,0,0,-1,0,2.0000,-1,9,3,0,0,12,0,0,0,0
102.7538,1,0,2,1,0,0,0,-1,0,2.0000,-1,9,3,0,0,12,0,0,0,0
102.8024,1,0,2,1,0,0,0,-1,0,2.0000,-1,9,3,0,0,12,0,0,0,0
102.8195,1,0,2,1,0,0,0,-1,0,2.0000,-1,9,3,0,0,12,0,0,0,0
102.8348,1,0,2,1,0,0,0,-1,0,2.0000,-1,9,3,0,0,12,0,0,0,0
102.8626,1,0,2,1,0,0,0,-1,0,2.0000,-1,9,3,0,0,12,0,0,0,0
102.887,1,0,2,1,0,0,0,-1,0,1.0000,-1,9,3,0,0,12,0,0,0,0
102.9147,1,0,2,1,0,0,0,-1,0,1.0000,-1,9,3,0,0,12,0,0,0,0
102.9397,1,0,2,1,0,0,0,-1,0,1.0000,-1,9,3,0,0,12,0,0,0,0
102.9666,1,0,2,1,0,0,0,-1,0,1.0000,-1,9,3,0,0,12,0,0,0,0
103.015,1,0,2,1,0,0,0,-1,0,1.0000,-1,9,3,0,0,12,0,0,0,0
103.0289,1,0,2,1,0,0,1,58,0,1.0000,-1,9,3,0,0,12,0,0,0,0
103.0469,1,0,2,1,0,0,1,58,0,1.0000,-1,9,3,0,0,12,0,0,0,0
103.0729,1,0,2,1,0,0,1,58,0,1.0000,-1,9,3,0,0,12,0,0,0,0
103.0971,1,0,2,1,0,0,1,58,0,1.0000,-1,9,3,0,0,12,0,0,0,0
103.1212,1,0,2,1,0,0,1,58,0,1.0000,-1,9,3,0,0,12,0,0,0,0
103.1431,1,0,2,1,0,0,1,58,0,1.0000,-1,9,3,0,0,12,0,0,0,0
103.1673,1,0,2,1,0,0,1,58,0,1.0000,-1,9,3,0,0,12,0,0,0,0
103.1878,1,0,2,1,0,0,1,58,0,1.0000,-1,9,3,0,0,12,0,0,0,0
103.2157,1,0,2,0,0,0,1,58,0,1.0000,-1,9,3,0,0,12,0,0,0,0
103.2363,1,0,2,0,0,0,1,58,0,1.0000,-1,9,3,0,0,12,0,0,0,0
103.2625,1,0,2,0,0,0,1,58,0,1.0000,-1,9,3,0,0,12,0,0,0,0
103.2888,1,0,2,0,0,0,1,58,0,1.0000,-1,9,3,0,0,12,0,0,0,0
103.3093,1,0,2,0,0,0,1,58,0,1.0000,-1,9,3,0,0,12,0,0,0,0
103.3352,1,0,2,0,0,0,1,58,0,0.0000,-1,9,3,0,0,12,0,0,0,0
103.3576,1,0,2,0,0,0,1,58,0,0.0000,-1,9,3,0,0,12,0,0,0,0
103.3766,1,0,2,0,0,0,1,58,0,0.0000,-1,9,3,0,0,12,0,0,0,0
103.4218,1,0,2,0,0,0,1,58,0,0.0000,-1,9,3,0,0,12,0,0,0,0
103.4399,1,0,2,0,0,0,1,58,1,1.0000,-1,9,3,0,0,12,0,0,0,0
103.4526,1,0,2,0,0,0,0,-1,0,1.0000,-1,9,3,0,0,12,0,0,0,0
103.4715,1,0,2,0,1,0,0,-1,0,1.0000,-1,9,3,0,0,12,0,0,0,0
103.4933,1,0,2,0,1,0,0,-1,0,1.0000,-1,9,3,0,0,12,0,0,0,0
103.5176,1,0,2,0,1,0,0,-1,0,1.0000,-1,9,3,0,0,12,0,0,0,0
103.5392,1,0,2,0,1,0,0,-1,0,1.0000,-1,9,3,0,0,12,0,0,0,0
103.5597,1,0,2,0,1,0,0,-1,0,1.0000,-1,9,3,0,0,12,0,0,0,0
103.5822,1,0,2,0,1,0,0,-1,0,1.0000,58,10,3,0,0,13,0,0,0,0
103.604,1,0,2,0,1,0,0,-1,0,1.0000,-1,10,3,0,0,13,0,0,0,0
103.6277,1,0,2,0,1,0,0,-1,0,1.0000,-1,10,3,0,0,13,0,0,0,0
103.6496,1,0,2,0,1,0,0,-1,0,1.0000,-1,10,3,0,0,13,0,0,0,0
103.6712,1,0,2,0,1,0,0,-1,0,1.0000,-1,10,3,0,0,13,0,0,0,0
103.6938,1,0,2,0,1,0,0,-1,0,1.0000,-1,10,3,0,0,13,0,0,0,0
103.7163,1,0,2,0,1,0,0,-1,0,1.0000,-1,10,3,0,0,13,0,0,0,0
103.7384,1,0,2,0,1,0,0,-1,0,1.0000,-1,10,3,0,0,13,0,0,0,0
103.7603,1,0,2,0,1,0,0,-1,0,1.0000,-1,10,3,0,0,13,0,0,0,0
103.7846,1,0,2,0,1,0,0,-1,0,1.0000,-1,10,3,0,0,13,0,0,0,0
103.8278,1,0,2,0,1,0,0,-1,0,1.0000,-1,10,3,0,0,13,0,0,0,0
103.8414,1,0,2,0,1,0,0,-1,0,1.0000,-1,10,3,0,0,13,0,0,0,0
103.8552,1,0,2,0,1,0,0,-1,0,1.0000,-1,10,3,0,0,13,0,0,0,0
103.877,1,0,2,0,1,0,0,-1,0,1.0000,-1,10,3,0,0,13,0,0,0,0
103.9012,1,0,2,0,1,0,0,-1,0,1.0000,-1,10,3,0,0,13,0,0,0,0
103.9212,1,0,2,0,1,0,0,-1,0,1.0000,-1,10,3,0,0,13,0,0,0,0
103.9434,1,0,2,0,1,0,0,-1,0,1.0000,-1,10,3,0,0,13,0,0,0,0
103.9651,1,0,2,0,1,0,0,-1,0,1.0000,-1,10,3,0,0,13,0,0,0,0
103.9882,1,0,2,0,1,0,0,-1,0,1.0000,-1,10,3,0,0,13,0,0,0,0
104.0101,1,0,2,0,1,0,0,-1,0,1.0000,-1,10,3,0,0,13,0,0,0,0
104.0322,1,0,2,0,1,0,0,-1,0,1.0000,-1,10,3,0,0,13,0,0,0,0
104.0551,1,0,2,0,1,0,0,-1,0,1.0000,-1,10,3,0,0,13,0,0,0,0
104.076,1,0,2,0,1,0,0,-1,0,1.0000,-1,10,3,0,0,13,0,0,0,0
104.0992,1,0,2,0,1,0,0,-1,0,1.0000,-1,10,3,0,0,13,0,0,0,0
104.1211,1,0,2,0,1,0,1,60,0,1.0000,-1,10,3,0,0,13,0,0,0,0
104.1432,1,0,2,0,1,0,1,60,0,1.0000,-1,10,3,0,0,13,0,0,0,0
104.1653,1,0,2,0,1,0,1,60,0,1.0000,-1,10,3,0,0,13,0,0,0,0
104.187,1,0,2,0,1,0,1,60,0,1.0000,-1,10,3,0,0,13,0,0,0,0
104.2089,1,0,2,0,1,0,1,60,0,1.0000,-1,10,3,0,0,13,0,0,0,0
104.2315,1,0,2,1,1,0,1,60,0,1.0000,-1,10,3,0,0,13,0,0,0,0
104.2532,1,0,2,1,1,0,1,60,0,1.0000,-1,10,3,0,0,13,0,0,0,0
104.2796,1,0,2,1,1,0,1,60,0,1.0000,-1,10,3,0,0,13,0,0,0,0
104.3039,1,0,2,1,1,0,1,60,0,1.0000,-1,10,3,0,0,13,0,0,0,0
104.3241,1,0,2,1,1,0,1,60,0,1.0000,-1,10,3,0,0,13,0,0,0,0
104.3428,1,0,2,1,1,0,1,60,0,1.0000,-1,10,3,0,0,13,0,0,0,0
104.3647,1,0,2,1,1,0,1,60,0,1.0000,-1,10,3,0,0,13,0,0,0,0
104.3876,1,0,2,1,1,0,1,60,0,1.0000,-1,10,3,0,0,13,0,0,0,0
104.4092,1,0,2,1,1,0,1,60,0,1.0000,-1,10,3,0,0,13,0,0,0,0
104.4545,1,0,2,1,1,0,1,60,0,0.0000,-1,10,3,0,0,13,0,0,0,0
104.4734,1,0,2,1,1,0,1,60,0,0.0000,-1,10,3,0,0,13,0,0,0,0
104.4902,1,0,2,1,1,0,1,60,0,0.0000,-1,10,3,0,0,13,0,0,0,0
104.5066,1,0,2,1,1,0,1,60,0,0.0000,-1,10,3,0,0,13,0,0,0,0
104.5228,1,0,2,1,1,0,1,60,0,0.0000,-1,10,3,0,0,13,0,0,0,0
104.5467,1,0,2,1,1,0,1,60,0,0.0000,-1,10,3,0,0,13,0,0,0,0
104.5712,1,0,2,1,0,0,1,60,0,0.0000,-1,10,3,0,0,13,0,0,0,0
104.5938,1,0,2,1,0,0,0,-1,1,1.0000,-1,10,3,0,0,13,0,0,0,0
104.6156,1,0,2,1,0,0,0,-1,0,1.0000,-1,10,3,0,0,13,0,0,0,0
104.6569,1,0,2,1,0,0,0,-1,0,1.0000,-1,10,3,0,0,13,0,0,0,0
104.6707,1,0,2,1,0,0,0,-1,0,1.0000,-1,10,3,0,0,13,0,0,0,0
104.6875,1,0,2,1,0,0,0,-1,0,1.0000,-1,10,3,0,0,13,0,0,0,0
104.7105,1,0,2,1,0,0,0,-1,0,1.0000,-1,10,3,0,0,13,0,0,0,0
104.7336,1,0,2,1,0,0,0,-1,0,1.0000,-1,10,3,0,0,13,0,0,0,0
104.7576,1,0,2,1,0,0,0,-1,0,1.0000,-1,10,3,0,0,13,0,0,0,0
104.7808,1,0,2,1,0,0,0,-1,0,1.0000,-1,10,3,0,0,13,0,0,0,0
104.8048,1,0,2,1,0,0,0,-1,0,1.0000,-1,10,3,0,0,13,0,0,0,0
104.8268,1,0,2,1,0,0,0,-1,0,1.0000,-1,10,3,0,0,13,0,0,0,0
104.8698,1,0,2,1,0,0,0,-1,0,1.0000,-1,10,3,0,0,13,0,0,0,0
104.883,1,0,2,1,0,0,0,-1,0,1.0000,-1,10,3,0,0,13,0,0,0,0
104.8975,1,0,2,1,0,0,0,-1,0,1.0000,-1,10,3,0,0,13,0,0,0,0
104.9198,1,0,2,1,0,0,0,-1,0,1.0000,-1,10,3,0,0,13,0,0,0,0
104.943,1,0,2,1,0,0,0,-1,0,1.0000,-1,10,3,0,0,13,0,0,0,0
104.9641,1,0,2,1,0,0,0,-1,0,1.0000,-1,10,3,0,0,13,0,0,0,0
104.9892,1,0,2,1,0,0,0,-1,0,1.0000,-1,10,3,0,0,13,0,0,0,0
105.008,1,0,2,1,0,0,0,-1,0,1.0000,-1,10,3,0,0,13,0,0,0,0
105.0315,1,0,2,1,0,0,0,-1,0,1.0000,-1,10,3,0,0,13,0,0,0,0
105.0553,1,0,2,1,0,0,0,-1,0,1.0000,-1,10,3,0,0,13,0,0,0,0
105.0738,1,0,2,1,0,0,0,-1,0,1.0000,-1,10,3,0,0,13,0,0,0,0
105.097,1,0,2,1,0,0,1,61,0,1.0000,-1,10,3,0,0,13,0,0,0,0
105.1193,1,0,2,1,0,0,1,61,0,1.0000,-1,10,3,0,0,13,0,0,0,0
105.1381,1,0,2,1,0,0,1,61,0,1.0000,-1,10,3,0,0,13,0,0,0,0
105.1615,1,0,2,1,0,0,1,61,0,1.0000,-1,10,3,0,0,13,0,0,0,0
105.183,1,0,2,1,0,0,1,61,0,1.0000,-1,10,3,0,0,13,0,0,0,0
105.2041,1,0,2,1,0,0,1,61,0,1.0000,-1,10,3,0,0,13,0,0,0,0
105.2249,1,0,2,1,0,0,1,61,0,1.0000,-1,10,3,0,0,13,0,0,0,0
105.2472,1,0,2,1,0,0,1,61,0,1.0000,-1,10,3,0,0,13,0,0,0,0
105.269,1,0,2,1,0,0,1,61,0,1.0000,-1,10,3,0,0,13,0,0,0,0
105.2917,1,0,2,1,0,0,1,61,0,1.0000,-1,10,3,0,0,13,0,0,0,0
105.3101,1,0,2,1,0,0,1,61,0,1.0000,-1,10,3,0,0,13,0,0,0,0
105.335,1,0,2,1,1,0,1,61,0,1.0000,-1,10,3,0,0,13,0,0,0,0
105.3567,1,0,2,1,1,0,1,61,0,1.0000,-1,10,3,0,0,13,0,0,0,0
105.3757,1,0,2,1,1,0,1,61,0,1.0000,-1,10,3,0,0,13,0,0,0,0
105.3975,1,0,2,1,1,0,1,61,0,1.0000,-1,10,3,0,0,13,0,0,0,0
105.4226,1,0,2,1,1,0,1,61,0,1.0000,-1,10,3,0,0,13,0,0,0,0
105.4409,1,0,2,1,1,0,1,61,0,1.0000,-1,10,3,0,0,13,0,0,0,0
105.4656,1,0,2,1,1,0,1,61,0,1.0000,-1,10,3,0,0,13,0,0,0,0
105.4873,1,0,2,1,1,0,1,61,0,1.0000,-1,10,3,0,0,13,0,0,0,0
105.5068,1,0,2,1,1,0,1,61,1,2.0000,-1,10,3,0,0,13,0,0,0,0
105.5301,1,0,2,1,1,0,1,61,0,2.0000,-1,10,3,0,0,13,0,0,0,0
105.5528,1,0,2,1,1,0,1,61,0,2.0000,-1,10,3,0,0,13,0,0,0,0
105.5711,1,0,2,1,1,0,1,61,0,2.0000,-1,10,3,0,0,13,0,0,0,0
105.5943,1,0,2,1,1,0,1,61,0,1.0000,-1,10,3,0,0,13,0,0,0,0
105.6144,1,0,2,1,1,0,1,61,0,1.0000,-1,10,3,0,0,13,0,0,0,0
105.6339,2,1,3,1,0,1,0,-1,0,1.0000,61,10,4,0,0,14,0,0,0,0
105.6569,2,0,3,1,0,0,0,-1,0,1.0000,-1,10,4,0,0,14,0,0,0,0
105.6754,2,0,3,1,0,0,0,-1,0,1.0000,-1,10,4,0,0,14,0,0,0,0
105.718,2,0,3,1,0,0,0,-1,0,1.0000,-1,10,4,0,0,14,0,0,0,0
105.7351,2,0,3,1,0,0,0,-1,0,1.0000,-1,10,4,0,0,14,0,0,0,0
105.7522,2,0,3,1,0,0,0,-1,0,1.0000,-1,10,4,0,0,14,0,0,0,0
105.7671,2,0,3,1,0,0,0,-1,0,1.0000,-1,10,4,0,0,14,0,0,0,0
105.7871,2,0,3,1,0,0,0,-1,0,1.0000,-1,10,4,0,0,14,0,0,0,0
105.8106,2,0,3,1,0,0,0,-1,0,1.0000,-1,10,4,0,0,14,0,0,0,0
105.8321,2,0,3,1,0,0,0,-1,0,1.0000,-1,10,4,0,0,14,0,0,0,0
105.855,2,0,3,1,0,0,0,-1,0,1.0000,-1,10,4,0,0,14,0,0,0,0
105.8755,2,0,3,1,0,0,1,64,0,1.0000,-1,10,4,0,0,14,0,0,0,0
105.8983,2,0,3,1,0,0,1,64,0,1.0000,-1,10,4,0,0,14,0,0,0,0
105.9173,2,0,3,1,0,0,1,64,0,1.0000,-1,10,4,0,0,14,0,0,0,0
105.9388,2,0,3,1,0,0,1,64,0,1.0000,-1,10,4,0,0,14,0,0,0,0
105.9592,2,0,3,1,0,0,1,64,0,1.0000,-1,10,4,0,0,14,0,0,0,0
105.9781,2,0,3,1,0,0,1,64,0,1.0000,-1,10,4,0,0,14,0,0,0,0
105.9998,2,0,3,1,0,0,1,64,0,1.0000,-1,10,4,0,0,14,0,0,0,0
106.0219,2,0,3,1,0,0,1,64,0,1.0000,-1,10,4,0,0,14,0,0,0,0
106.0422,2,0,3,1,0,0,1,64,0,1.0000,-1,10,4,0,0,14,0,0,0,0
106.0644,2,0,3,1,0,0,1,64,0,1.0000,-1,10,4,0,0,14,0,0,0,0
106.0855,2,0,3,1,0,0,1,64,0,1.0000,-1,10,4,0,0,14,0,0,0,0
106.1067,2,0,3,1,0,0,1,64,0,1.0000,-1,10,4,0,0,14,0,0,0,0
106.1268,2,0,3,1,0,0,1,64,0,1.0000,-1,10,4,0,0,14,0,0,0,0
106.1469,2,0,3,1,0,0,1,64,0,1.0000,-1,10,4,0,0,14,0,0,0,0
106.167,2,0,3,1,0,0,1,64,0,1.0000,-1,10,4,0,0,14,0,0,0,0
106.1885,2,0,3,1,0,0,1,64,0,1.0000,-1,10,4,0,0,14,0,0,0,0
106.2105,2,0,3,1,0,0,1,64,0,1.0000,-1,10,4,0,0,14,0,0,0,0
106.2331,2,0,3,1,0,0,1,64,0,1.0000,-1,10,4,0,0,14,0,0,0,0
106.2544,2,0,3,1,0,0,1,64,0,1.0000,-1,10,4,0,0,14,0,0,0,0
106.2813,2,0,3,1,0,0,1,64,0,1.0000,-1,10,4,0,0,14,0,0,0,0
106.3055,2,0,3,1,0,0,1,64,0,1.0000,-1,10,4,0,0,14,0,0,0,0
106.3281,2,0,3,1,0,0,1,64,0,1.0000,-1,10,4,0,0,14,0,0,0,0
106.3466,2,0,3,1,0,0,1,64,0,1.0000,-1,10,4,0,0,14,0,0,0,0
106.3673,2,0,3,1,0,0,1,64,0,1.0000,-1,10,4,0,0,14,0,0,0,0
106.3922,2,0,3,1,0,0,1,64,0,1.0000,-1,10,4,0,0,14,0,0,0,0
106.4182,2,0,3,1,0,0,1,64,1,2.0000,-1,10,4,0,0,14,0,0,0,0
106.4387,2,0,3,1,0,0,1,64,0,2.0000,-1,10,4,0,0,14,0,0,0,0
106.4633,2,0,3,1,0,0,1,64,1,3.0000,-1,10,4,0,0,14,0,0,0,0
106.4856,2,0,3,1,0,0,1,62,0,3.0000,-1,10,4,0,0,14,0,0,0,0
106.5091,2,0,3,1,0,0,1,62,0,2.0000,-1,10,4,0,0,14,0,0,0,0
106.5563,2,0,3,1,0,0,1,62,0,2.0000,-1,10,4,0,0,14,0,0,0,0
106.5776,2,0,3,1,0,0,1,62,0,2.0000,64,10,5,0,0,15,0,0,0,0
106.6017,2,0,3,1,0,0,1,62,0,2.0000,-1,10,5,0,0,15,0,0,0,0
106.6234,2,0,3,1,0,0,1,62,0,2.0000,-1,10,5,0,0,15,0,0,0,0
106.6351,2,0,3,1,0,0,1,62,0,2.0000,-1,10,5,0,0,15,0,0,0,0
106.652,2,0,3,1,0,0,1,62,0,2.0000,-1,10,5,0,0,15,0,0,0,0
106.6759,2,0,3,1,0,0,1,62,0,2.0000,-1,10,5,0,0,15,0,0,0,0
106.6985,2,0,3,1,0,0,1,62,0,2.0000,-1,10,5,0,0,15,0,0,0,0
106.7211,2,0,3,1,0,0,1,62,0,2.0000,-1,10,5,0,0,15,0,0,0,0
106.7631,2,0,3,1,0,0,1,62,0,2.0000,-1,10,5,0,0,15,0,0,0,0
106.7769,2,0,3,1,0,0,1,62,0,2.0000,-1,10,5,0,0,15,0,0,0,0
106.793,2,0,3,1,0,0,1,62,0,2.0000,-1,10,5,0,0,15,0,0,0,0
106.816,2,0,3,1,0,0,1,62,0,2.0000,-1,10,5,0,0,15,0,0,0,0
106.8377,2,0,3,1,0,0,1,62,0,2.0000,-1,10,5,0,0,15,0,0,0,0
106.8607,2,0,3,1,0,0,1,62,0,2.0000,-1,10,5,0,0,15,0,0,0,0
106.8828,2,0,3,1,0,0,1,62,0,2.0000,-1,10,5,0,0,15,0,0,0,0
106.9061,2,0,3,1,0,0,1,62,0,2.0000,-1,10,5,0,0,15,0,0,0,0
106.9289,2,0,3,1,0,0,1,62,0,2.0000,-1,10,5,0,0,15,0,0,0,0
106.9712,2,0,3,1,0,0,1,62,0,2.0000,-1,10,5,0,0,15,0,0,0,0
106.986,2,0,3,1,0,0,0,-1,0,2.0000,62,10,6,0,0,16,0,0,0,0
107.0054,2,0,3,1,0,0,0,-1,0,2.0000,-1,10,6,0,0,16,0,0,0,0
107.0218,2,0,3,1,0,0,0,-1,0,2.0000,-1,10,6,0,0,16,0,0,0,0
107.047,2,0,3,1,0,0,0,-1,0,2.0000,-1,10,6,0,0,16,0,0,0,0
107.0684,2,0,3,1,0,0,0,-1,0,2.0000,-1,10,6,0,0,16,0,0,0,0
107.0905,2,0,3,1,0,0,0,-1,0,2.0000,-1,10,6,0,0,16,0,0,0,0
107.113,2,0,3,1,0,0,0,-1,0,2.0000,-1,10,6,0,0,16,0,0,0,0
107.1357,2,0,3,1,0,0,0,-1,0,2.0000,-1,10,6,0,0,16,0,0,0,0
107.1777,2,0,3,1,0,0,0,-1,0,2.0000,-1,10,6,0,0,16,0,0,0,0
107.1935,2,0,3,1,0,0,1,67,0,2.0000,-1,10,6,0,0,16,0,0,0,0
107.2119,2,0,3,1,0,0,1,67,0,2.0000,-1,10,6,0,0,16,0,0,0,0
107.2318,2,0,3,1,0,0,1,67,0,2.0000,-1,10,6,0,0,16,0,0,0,0
107.2542,2,0,3,1,0,0,1,67,0,2.0000,-1,10,6,0,0,16,0,0,0,0
107.277,2,0,3,1,0,0,1,67,0,2.0000,-1,10,6,0,0,16,0,0,0,0
107.3009,2,0,3,1,0,0,1,67,0,2.0000,-1,10,6,0,0,16,0,0,0,0
107.3233,2,0,3,1,0,0,1,67,0,2.0000,-1,10,6,0,0,16,0,0,0,0
107.3498,2,0,3,1,0,0,1,67,0,2.0000,-1,10,6,0,0,16,0,0,0,0
107.3671,2,0,3,1,0,0,1,67,1,3.0000,-1,10,6,0,0,16,0,0,0,0
107.3901,2,0,3,1,0,0,0,-1,0,3.0000,-1,10,6,0,0,16,0,0,0,0
107.4159,2,0,3,1,0,0,0,-1,0,3.0000,-1,10,6,0,0,16,0,0,0,0
107.4405,2,0,3,1,0,0,0,-1,0,2.0000,-1,10,6,0,0,16,0,0,0,0
107.4647,2,0,3,1,0,0,0,-1,0,1.0000,-1,10,6,0,0,16,0,0,0,0
107.4908,2,0,3,1,0,0,0,-1,0,1.0000,-1,10,6,0,0,16,0,0,0,0
107.513,2,0,3,1,0,0,0,-1,0,1.0000,-1,10,6,0,0,16,0,0,0,0
107.5368,2,0,3,1,0,0,0,-1,0,1.0000,-1,10,6,0,0,16,0,0,0,0
107.5598,2,0,3,1,0,0,0,-1,0,1.0000,-1,10,6,0,0,16,0,0,0,0
107.5815,2,0,3,1,0,0,0,-1,0,1.0000,-1,10,6,0,0,16,0,0,0,0
107.6053,2,0,3,1,0,0,0,-1,0,1.0000,-1,10,6,0,0,16,0,0,0,0
107.6257,2,0,3,1,0,0,0,-1,0,1.0000,-1,10,6,0,0,16,0,0,0,0
107.6485,2,0,3,1,0,0,0,-1,0,1.0000,-1,10,6,0,0,16,0,0,0,0
107.6727,2,0,3,1,0,0,0,-1,0,1.0000,-1,10,6,0,0,16,0,0,0,0
107.6947,2,0,3,1,0,0,0,-1,0,1.0000,-1,10,6,0,0,16,0,0,0,0
107.7185,2,0,3,1,0,0,0,-1,0,1.0000,-1,10,6,0,0,16,0,0,0,0
107.7412,2,0,3,1,0,0,0,-1,0,1.0000,-1,10,6,0,0,16,0,0,0,0
107.7631,2,0,3,1,0,0,0,-1,0,1.0000,-1,10,6,0,0,16,0,0,0,0
107.8051,2,0,3,1,0,0,0,-1,0,1.0000,-1,10,6,0,0,16,0,0,0,0
107.8209,2,0,3,1,0,0,0,-1,0,1.0000,-1,10,6,0,0,16,0,0,0,0
107.8383,2,0,3,1,0,0,0,-1,0,1.0000,-1,10,6,0,0,16,0,0,0,0
107.8598,2,0,3,0,0,0,1,66,0,1.0000,-1,10,6,0,0,16,0,0,0,0
107.8851,2,0,3,0,0,0,1,66,0,1.0000,-1,10,6,0,0,16,0,0,0,0
107.9064,2,0,3,0,0,0,1,66,0,1.0000,-1,10,6,0,0,16,0,0,0,0
107.927,2,0,3,0,0,0,1,66,0,1.0000,-1,10,6,0,0,16,0,0,0,0
107.9538,2,0,3,0,0,0,1,66,0,1.0000,-1,10,6,0,0,16,0,0,0,0
107.9747,2,0,3,0,0,0,1,66,0,1.0000,-1,10,6,0,0,16,0,0,0,0
108.0204,2,0,3,0,0,0,1,66,0,1.0000,-1,10,6,0,0,16,0,0,0,0
108.0358,2,0,3,0,0,0,1,66,0,1.0000,-1,10,6,0,0,16,0,0,0,0
108.0512,2,0,3,0,0,0,1,66,0,1.0000,-1,10,6,0,0,16,0,0,0,0
108.073,2,0,3,0,0,0,1,66,0,1.0000,-1,10,6,0,0,16,0,0,0,0
108.0947,2,0,3,0,0,0,1,66,0,1.0000,-1,10,6,0,0,16,0,0,0,0
108.1207,2,0,3,0,0,0,1,66,0,1.0000,-1,10,6,0,0,16,0,0,0,0
108.1435,2,0,3,0,0,0,1,66,0,1.0000,-1,10,6,0,0,16,0,0,0,0
108.1684,2,0,3,0,0,0,1,66,0,1.0000,-1,10,6,0,0,16,0,0,0,0
108.1896,2,0,3,0,0,0,1,66,0,1.0000,-1,10,6,0,0,16,0,0,0,0
108.2143,2,0,3,0,0,0,1,66,0,1.0000,-1,10,6,0,0,16,0,0,0,0
108.239,2,0,3,0,0,0,1,66,1,2.0000,-1,10,6,0,0,16,0,0,0,0
108.2596,2,0,3,0,0,0,1,66,0,2.0000,-1,10,6,0,0,16,0,0,0,0
108.283,2,0,3,0,0,0,0,-1,0,2.0000,-1,10,6,0,0,16,0,0,0,0
108.3067,2,0,3,0,0,0,0,-1,0,2.0000,-1,10,6,0,0,16,0,0,0,0
108.33,2,0,3,0,0,0,0,-1,0,2.0000,-1,10,6,0,0,16,0,0,0,0
108.353,2,0,3,0,0,0,0,-1,0,2.0000,-1,10,6,0,0,16,0,0,0,0
108.3743,2,0,3,0,0,0,0,-1,0,1.0000,-1,10,6,0,0,16,0,0,0,0
108.3981,2,0,3,0,0,0,0,-1,0,1.0000,-1,10,6,0,0,16,0,0,0,0
108.4237,2,0,3,0,0,0,0,-1,0,1.0000,-1,10,6,0,0,16,0,0,0,0
108.4461,2,0,3,0,0,0,0,-1,0,1.0000,66,10,7,0,0,17,0,0,0,0
108.4701,2,0,3,0,0,0,0,-1,0,1.0000,-1,10,7,0,0,17,0,0,0,0
108.4909,2,0,3,0,0,0,0,-1,0,1.0000,-1,10,7,0,0,17,0,0,0,0
108.5138,2,0,3,0,0,0,0,-1,0,1.0000,-1,10,7,0,0,17,0,0,0,0
108.5366,2,0,3,0,0,0,0,-1,0,1.0000,-1,10,7,0,0,17,0,0,0,0
108.5601,2,0,3,0,0,0,0,-1,0,1.0000,-1,10,7,0,0,17,0,0,0,0
108.5804,2,0,3,0,0,0,0,-1,0,1.0000,-1,10,7,0,0,17,0,0,0,0
108.6045,2,0,3,0,0,0,0,-1,0,1.0000,-1,10,7,0,0,17,0,0,0,0
108.6447,2,0,3,0,0,0,0,-1,0,1.0000,-1,10,7,0,0,17,0,0,0,0
108.659,2,0,3,0,0,0,0,-1,0,1.0000,-1,10,7,0,0,17,0,0,0,0
108.6749,2,0,3,0,0,0,0,-1,0,1.0000,-1,10,7,0,0,17,0,0,0,0
108.6978,2,0,3,0,0,0,0,-1,0,1.0000,-1,10,7,0,0,17,0,0,0,0
108.7205,2,0,3,0,0,0,0,-1,0,1.0000,-1,10,7,0,0,17,0,0,0,0
108.7419,2,0,3,0,0,0,0,-1,0,1.0000,-1,10,7,0,0,17,0,0,0,0
108.7637,2,0,3,0,0,0,0,-1,0,1.0000,-1,10,7,0,0,17,0,0,0,0
108.7858,2,0,3,0,0,0,0,-1,0,1.0000,-1,10,7,0,0,17,0,0,0,0
108.8082,2,0,3,0,0,0,0,-1,0,1.0000,-1,10,7,0,0,17,0,0,0,0
108.8307,2,0,3,0,0,0,0,-1,0,1.0000,-1,10,7,0,0,17,0,0,0,0
108.8521,2,0,3,0,0,0,0,-1,0,1.0000,-1,10,7,0,0,17,0,0,0,0
108.8753,2,0,3,0,0,0,0,-1,0,1.0000,-1,10,7,0,0,17,0,0,0,0
108.8968,2,0,3,0,0,0,0,-1,0,1.0000,-1,10,7,0,0,17,0,0,0,0
108.9183,2,0,3,0,0,0,0,-1,0,1.0000,-1,10,7,0,0,17,0,0,0,0
108.9404,2,0,3,0,0,0,0,-1,0,1.0000,-1,10,7,0,0,17,0,0,0,0
108.9633,2,0,3,0,0,0,0,-1,0,1.0000,-1,10,7,0,0,17,0,0,0,0
108.9825,2,0,3,0,0,0,0,-1,0,1.0000,-1,10,7,0,0,17,0,0,0,0
109.0044,2,0,3,0,0,0,0,-1,0,1.0000,-1,10,7,0,0,17,0,0,0,0
109.0286,2,0,3,0,0,0,0,-1,0,1.0000,-1,10,7,0,0,17,0,0,0,0
109.0688,2,0,3,0,0,0,0,-1,0,1.0000,-1,10,7,0,0,17,0,0,0,0
109.0852,2,0,3,0,0,0,0,-1,0,1.0000,-1,10,7,0,0,17,0,0,0,0
109.1019,2,0,3,0,0,0,0,-1,0,1.0000,-1,10,7,0,0,17,0,0,0,0
109.1222,2,0,3,0,0,0,0,-1,0,1.0000,-1,10,7,0,0,17,0,0,0,0
109.1448,2,0,3,0,0,0,0,-1,0,1.0000,-1,10,7,0,0,17,0,0,0,0
109.1648,2,0,3,0,0,0,0,-1,0,1.0000,-1,10,7,0,0,17,0,0,0,0
109.1871,2,0,3,0,0,0,0,-1,0,1.0000,-1,10,7,0,0,17,0,0,0,0
109.2082,2,0,3,0,0,0,0,-1,0,1.0000,-1,10,7,0,0,17,0,0,0,0
109.2288,2,0,3,0,0,0,0,-1,0,1.0000,-1,10,7,0,0,17,0,0,0,0
109.2501,2,0,3,0,0,0,0,-1,0,0.0000,-1,10,7,0,0,17,0,0,0,0
109.2732,2,0,3,0,0,0,0,-1,0,0.0000,-1,10,7,0,0,17,0,0,0,0
109.2949,2,0,3,0,0,0,0,-1,0,0.0000,-1,10,7,0,0,17,0,0,0,0
109.3151,2,0,3,0,0,0,0,-1,1,1.0000,-1,10,7,0,0,17,0,0,0,0
109.3358,2,0,3,0,0,0,0,-1,0,1.0000,-1,10,7,0,0,17,0,0,0,0
109.3558,2,0,3,0,0,0,0,-1,0,1.0000,-1,10,7,0,0,17,0,0,0,0
109.3755,2,0,3,0,0,0,0,-1,0,1.0000,-1,10,7,0,0,17,0,0,0,0
109.3949,2,0,3,0,0,0,0,-1,0,1.0000,-1,10,7,0,0,17,0,0,0,0
109.4141,2,0,3,0,0,0,0,-1,0,1.0000,-1,10,7,0,0,17,0,0,0,0
109.4363,2,0,3,0,0,0,0,-1,0,1.0000,-1,10,7,0,0,17,0,0,0,0
109.4746,2,0,3,0,0,0,0,-1,0,1.0000,-1,10,7,0,0,17,0,0,0,0
109.4889,2,0,3,0,0,0,0,-1,0,1.0000,-1,10,7,0,0,17,0,0,0,0
109.5016,2,0,3,0,0,0,0,-1,0,1.0000,-1,10,7,0,0,17,0,0,0,0
109.5198,2,0,3,0,0,0,0,-1,0,1.0000,-1,10,7,0,0,17,0,0,0,0
109.543,2,0,3,0,0,0,0,-1,0,1.0000,-1,10,7,0,0,17,0,0,0,0
109.5621,2,0,3,0,0,0,0,-1,0,1.0000,-1,10,7,0,0,17,0,0,0,0
109.5817,2,0,3,0,0,0,0,-1,0,1.0000,-1,10,7,0,0,17,0,0,0,0
109.6027,2,0,3,0,0,0,0,-1,0,1.0000,-1,10,7,0,0,17,0,0,0,0
109.6208,2,0,3,0,0,0,0,-1,0,1.0000,-1,10,7,0,0,17,0,0,0,0
109.6419,2,0,3,0,0,0,0,-1,0,1.0000,-1,10,7,0,0,17,0,0,0,0
109.6624,2,0,3,0,0,0,0,-1,0,1.0000,-1,10,7,0,0,17,0,0,0,0
109.6813,2,0,3,0,0,0,0,-1,0,1.0000,-1,10,7,0,0,17,0,0,0,0
109.7003,2,0,3,0,0,0,0,-1,0,1.0000,-1,10,7,0,0,17,0,0,0,0
109.72,2,0,3,0,0,0,0,-1,0,1.0000,-1,10,7,0,0,17,0,0,0,0
109.7398,2,0,3,0,0,0,0,-1,0,1.0000,-1,10,7,0,0,17,0,0,0,0
109.7599,2,0,3,0,0,0,0,-1,0,1.0000,-1,10,7,0,0,17,0,0,0,0
109.7804,2,0,3,0,0,0,0,-1,0,1.0000,-1,10,7,0,0,17,0,0,0,0
109.7986,2,0,3,0,0,0,0,-1,0,1.0000,-1,10,7,0,0,17,0,0,0,0
109.8193,2,0,3,0,0,0,0,-1,0,1.0000,-1,10,7,0,0,17,0,0,0,0
109.8446,2,0,3,0,0,0,0,-1,0,1.0000,-1,10,7,0,0,17,0,0,0,0
109.8768,2,0,3,0,0,0,0,-1,0,1.0000,-1,10,7,0,0,17,0,0,0,0
109.8918,2,0,3,0,0,0,0,-1,0,1.0000,-1,10,7,0,0,17,0,0,0,0
109.9092,2,0,3,0,0,0,0,-1,0,1.0000,-1,10,7,0,0,17,0,0,0,0
109.9256,2,0,3,0,0,0,0,-1,0,1.0000,-1,10,7,0,0,17,0,0,0,0
109.9426,2,0,3,0,0,0,0,-1,0,1.0000,-1,10,7,0,0,17,0,0,0,0
109.9627,2,0,3,0,0,0,0,-1,0,1.0000,-1,10,7,0,0,17,0,0,0,0
109.9818,2,0,3,0,0,0,0,-1,0,1.0000,-1,10,7,0,0,17,0,0,0,0
110.0003,2,0,3,0,0,0,0,-1,0,1.0000,-1,10,7,0,0,17,0,0,0,0
110.0197,2,0,3,0,0,0,0,-1,0,1.0000,-1,10,7,0,0,17,0,0,0,0
110.0424,2,0,3,0,0,0,0,-1,0,1.0000,-1,10,7,0,0,17,0,0,0,0
110.0609,2,0,3,0,0,0,0,-1,0,1.0000,-1,10,7,0,0,17,0,0,0,0
110.0985,2,0,3,0,0,0,0,-1,0,1.0000,-1,10,7,0,0,17,0,0,0,0
110.1158,2,0,3,0,0,0,0,-1,0,1.0000,-1,10,7,0,0,17,0,0,0,0
110.1321,2,0,3,0,0,0,0,-1,0,1.0000,-1,10,7,0,0,17,0,0,0,0
110.1471,2,0,3,0,0,0,1,72,0,1.0000,-1,10,7,0,0,17,0,0,0,0
110.1634,2,0,3,0,0,0,1,72,0,1.0000,-1,10,7,0,0,17,0,0,0,0
110.184,2,0,3,0,0,0,1,72,1,2.0000,-1,10,7,0,0,17,0,0,0,0
110.2009,2,0,3,0,0,0,1,72,0,2.0000,-1,10,7,0,0,17,0,0,0,0
110.2222,2,0,3,0,0,0,0,-1,0,2.0000,-1,10,7,0,0,17,0,0,0,0
110.2424,2,0,3,0,0,0,0,-1,0,2.0000,-1,10,7,0,0,17,0,0,0,0
110.262,2,0,3,0,0,0,0,-1,0,2.0000,-1,10,7,0,0,17,0,0,0,0
110.2999,2,0,3,0,0,0,0,-1,0,2.0000,-1,10,7,0,0,17,0,0,0,0
110.3149,2,0,3,0,0,0,0,-1,0,2.0000,-1,10,7,0,0,17,0,0,0,0
110.3287,2,0,3,0,0,0,0,-1,0,1.0000,-1,10,7,0,0,17,0,0,0,0
110.3455,2,0,3,0,0,0,0,-1,0,1.0000,-1,10,7,0,0,17,0,0,0,0
110.3672,2,0,3,0,0,0,0,-1,0,1.0000,-1,10,7,0,0,17,0,0,0,0
110.3878,2,0,3,0,0,0,1,71,0,1.0000,-1,10,7,0,0,17,0,0,0,0
110.4064,2,0,3,0,1,0,1,71,0,1.0000,-1,10,7,0,0,17,0,0,0,0
110.4276,2,0,3,0,1,0,1,71,0,1.0000,-1,10,7,0,0,17,0,0,0,0
110.4478,2,0,3,0,1,0,1,71,0,1.0000,-1,10,7,0,0,17,0,0,0,0
110.4664,2,0,3,0,1,0,1,71,0,1.0000,-1,10,7,0,0,17,0,0,0,0
110.4878,2,0,3,0,1,0,1,71,0,1.0000,-1,10,7,0,0,17,0,0,0,0
110.5069,2,0,3,0,1,0,1,71,0,1.0000,-1,10,7,0,0,17,0,0,0,0
110.529,2,0,3,0,1,0,1,71,0,1.0000,-1,10,7,0,0,17,0,0,0,0
110.5459,2,0,3,0,1,0,1,71,0,1.0000,-1,10,7,0,0,17,0,0,0,0
110.567,2,0,3,0,1,0,1,71,0,1.0000,-1,10,7,0,0,17,0,0,0,0
110.5884,2,0,3,0,1,0,1,71,0,1.0000,-1,10,7,0,0,17,0,0,0,0
110.6086,2,0,3,0,1,0,1,71,0,1.0000,-1,10,7,0,0,17,0,0,0,0
110.6286,2,0,3,0,1,0,1,71,0,1.0000,-1,10,7,0,0,17,0,0,0,0
110.6498,2,0,3,0,1,0,1,71,0,1.0000,-1,10,7,0,0,17,0,0,0,0
110.67,2,0,3,0,1,0,1,71,0,1.0000,-1,10,7,0,0,17,0,0,0,0
110.692,2,0,3,0,1,0,1,71,0,1.0000,-1,10,7,0,0,17,0,0,0,0
110.7123,2,0,3,0,1,0,1,71,0,1.0000,-1,10,7,0,0,17,0,0,0,0
110.734,2,0,3,0,1,0,1,71,0,1.0000,-1,10,7,0,0,17,0,0,0,0
110.7542,2,0,3,0,1,0,1,71,0,1.0000,-1,10,7,0,0,17,0,0,0,0
110.7766,2,0,3,0,1,0,1,71,1,2.0000,-1,10,7,0,0,17,0,0,0,0
110.7972,2,0,3,0,1,0,1,71,0,2.0000,-1,10,7,0,0,17,0,0,0,0
110.8178,2,0,3,0,1,0,1,71,0,2.0000,-1,10,7,0,0,17,0,0,0,0
110.8397,2,0,3,0,1,0,1,71,0,2.0000,-1,10,7,0,0,17,0,0,0,0
110.8595,2,0,3,0,1,0,1,71,0,2.0000,-1,10,7,0,0,17,0,0,0,0
110.8812,2,0,3,0,1,0,1,71,0,2.0000,-1,10,7,0,0,17,0,0,0,0
110.921,2,0,3,0,1,0,1,71,0,2.0000,-1,10,7,0,0,17,0,0,0,0
110.9354,2,0,3,0,1,0,1,71,0,2.0000,-1,10,7,0,0,17,0,0,0,0
110.949,2,0,3,0,1,0,0,-1,0,2.0000,71,10,8,0,0,18,0,0,0,0
110.9702,2,0,3,0,1,0,0,-1,0,2.0000,-1,10,8,0,0,18,0,0,0,0
110.9925,2,0,3,0,1,0,0,-1,0,2.0000,-1,10,8,0,0,18,0,0,0,0
111.0138,2,0,3,0,0,0,0,-1,0,2.0000,-1,10,8,0,0,18,0,0,0,0
111.0357,2,0,3,0,0,0,0,-1,0,2.0000,-1,10,8,0,0,18,0,0,0,0
111.0559,2,0,3,0,0,0,0,-1,0,2.0000,-1,10,8,0,0,18,0,0,0,0
111.0781,2,0,3,0,0,0,0,-1,0,2.0000,-1,10,8,0,0,18,0,0,0,0
111.0982,2,0,3,0,0,0,0,-1,0,2.0000,-1,10,8,0,0,18,0,0,0,0
111.1366,2,0,3,0,0,0,0,-1,0,2.0000,-1,10,8,0,0,18,0,0,0,0
111.1541,2,0,3,0,0,0,0,-1,0,2.0000,-1,10,8,0,0,18,0,0,0,0
111.17,2,0,3,0,0,0,0,-1,0,2.0000,-1,10,8,0,0,18,0,0,0,0
111.1855,2,0,3,0,0,0,0,-1,0,1.0000,-1,10,8,0,0,18,0,0,0,0
111.2045,2,0,3,0,0,0,0,-1,0,1.0000,-1,10,8,0,0,18,0,0,0,0
111.2231,2,0,3,0,0,0,0,-1,0,1.0000,-1,10,8,0,0,18,0,0,0,0
111.2411,2,0,3,0,0,0,0,-1,0,1.0000,-1,10,8,0,0,18,0,0,0,0
111.261,2,0,3,0,0,0,0,-1,0,1.0000,-1,10,8,0,0,18,0,0,0,0
111.2815,2,0,3,0,0,0,0,-1,0,1.0000,-1,10,8,0,0,18,0,0,0,0
111.3028,2,0,3,0,0,0,0,-1,0,1.0000,-1,10,8,0,0,18,0,0,0,0
111.3248,2,0,3,0,0,0,0,-1,0,1.0000,-1,10,8,0,0,18,0,0,0,0
111.3438,2,0,3,0,0,0,0,-1,0,1.0000,-1,10,8,0,0,18,0,0,0,0
111.3629,2,0,3,0,0,0,0,-1,0,1.0000,-1,10,8,0,0,18,0,0,0,0
111.3842,2,0,3,0,0,0,0,-1,0,1.0000,-1,10,8,0,0,18,0,0,0,0
111.4045,2,0,3,0,0,0,0,-1,0,1.0000,-1,10,8,0,0,18,0,0,0,0
111.425,2,0,3,0,0,0,0,-1,0,1.0000,-1,10,8,0,0,18,0,0,0,0
111.4433,2,0,3,0,0,0,0,-1,0,1.0000,-1,10,8,0,0,18,0,0,0,0
111.4624,2,0,3,0,0,0,0,-1,0,1.0000,-1,10,8,0,0,18,0,0,0,0
111.4836,2,0,3,0,0,0,0,-1,0,1.0000,-1,10,8,0,0,18,0,0,0,0
111.5038,2,0,3,0,0,0,0,-1,0,1.0000,-1,10,8,0,0,18,0,0,0,0
111.5238,2,0,3,0,0,0,0,-1,0,1.0000,-1,10,8,0,0,18,0,0,0,0
111.5406,2,0,3,0,0,0,0,-1,0,1.0000,-1,10,8,0,0,18,0,0,0,0
111.5626,2,0,3,0,0,0,1,75,0,1.0000,-1,10,8,0,0,18,0,0,0,0
111.5843,2,0,3,0,0,0,1,75,0,1.0000,-1,10,8,0,0,18,0,0,0,0
111.6029,2,0,3,0,0,0,1,75,0,1.0000,-1,10,8,0,0,18,0,0,0,0
111.6244,2,0,3,0,0,0,1,75,0,1.0000,-1,10,8,0,0,18,0,0,0,0
111.6412,2,0,3,0,0,0,1,75,0,1.0000,-1,10,8,0,0,18,0,0,0,0
111.6627,2,0,3,0,0,0,1,75,0,1.0000,-1,10,8,0,0,18,0,0,0,0
111.6844,2,0,3,0,0,0,1,75,0,1.0000,-1,10,8,0,0,18,0,0,0,0
111.704,2,0,3,0,0,0,1,75,0,1.0000,-1,10,8,0,0,18,0,0,0,0
111.7232,2,0,3,0,0,0,1,75,0,1.0000,-1,10,8,0,0,18,0,0,0,0
111.7441,2,0,3,0,0,0,1,75,0,1.0000,-1,10,8,0,0,18,0,0,0,0
111.762,2,0,3,0,0,0,1,75,0,1.0000,-1,10,8,0,0,18,0,0,0,0
111.7854,2,0,3,0,0,0,1,75,1,1.0000,-1,10,8,0,0,18,0,0,0,0
111.8047,2,0,3,0,0,0,1,75,0,1.0000,-1,10,8,0,0,18,0,0,0,0
111.8228,2,0,3,0,0,0,1,75,0,1.0000,-1,10,8,0,0,18,0,0,0,0
111.8421,2,0,3,0,0,0,1,75,0,1.0000,-1,10,8,0,0,18,0,0,0,0
111.9604,2,0,3,0,0,0,1,75,0,1.0000,-1,10,8,0,0,18,0,0,0,0
111.9702,2,0,3,0,0,0,1,75,0,1.0000,-1,10,8,0,0,18,0,0,0,0
111.9877,2,0,3,0,0,0,1,75,0,1.0000,-1,10,8,0,0,18,0,0,0,0
112.009,2,0,3,0,0,0,1,75,0,1.0000,-1,10,8,0,0,18,0,0,0,0
112.0303,2,0,3,0,0,0,1,75,0,1.0000,-1,10,8,0,0,18,0,0,0,0
112.0491,2,0,3,0,0,0,1,75,0,1.0000,-1,10,8,0,0,18,0,0,0,0
112.0696,2,0,3,0,0,0,1,75,0,1.0000,-1,10,8,0,0,18,0,0,0,0
112.0887,2,0,3,0,0,0,1,75,0,1.0000,-1,10,8,0,0,18,0,0,0,0
112.1094,2,0,3,0,0,0,1,75,0,1.0000,-1,10,8,0,0,18,0,0,0,0
112.1291,2,0,3,0,0,0,1,75,0,1.0000,-1,10,8,0,0,18,0,0,0,0
112.1518,2,0,3,0,0,0,1,75,0,1.0000,-1,10,8,0,0,18,0,0,0,0
112.1709,2,0,3,0,0,0,0,-1,0,1.0000,75,10,9,0,0,19,0,0,0,0
112.1896,2,0,3,0,0,0,0,-1,0,1.0000,-1,10,9,0,0,19,0,0,0,0
112.2085,2,0,3,0,0,0,0,-1,0,1.0000,-1,10,9,0,0,19,0,0,0,0
112.2278,2,0,3,0,0,0,1,76,0,1.0000,-1,10,9,0,0,19,0,0,0,0
112.2495,2,0,3,0,0,0,1,76,0,1.0000,-1,10,9,0,0,19,0,0,0,0
112.267,2,0,3,0,0,0,1,76,0,1.0000,-1,10,9,0,0,19,0,0,0,0
112.2864,2,0,3,0,0,0,1,76,0,1.0000,-1,10,9,0,0,19,0,0,0,0
112.3071,2,0,3,0,0,0,1,76,0,1.0000,-1,10,9,0,0,19,0,0,0,0
112.3271,2,0,3,0,0,0,1,76,0,1.0000,-1,10,9,0,0,19,0,0,0,0
112.3473,2,0,3,0,0,0,1,76,0,1.0000,-1,10,9,0,0,19,0,0,0,0
112.3651,2,0,3,0,0,0,1,76,0,1.0000,-1,10,9,0,0,19,0,0,0,0
112.3879,2,0,3,0,0,0,1,76,0,1.0000,-1,10,9,0,0,19,0,0,0,0
112.4243,2,0,3,0,0,0,1,76,0,1.0000,-1,10,9,0,0,19,0,0,0,0
112.4406,2,0,3,0,0,0,1,76,0,1.0000,-1,10,9,0,0,19,0,0,0,0
112.4579,2,0,3,0,0,0,1,76,0,1.0000,-1,10,9,0,0,19,0,0,0,0
112.4704,2,0,3,0,0,0,1,76,0,1.0000,-1,10,9,0,0,19,0,0,0,0
112.5788,2,0,3,0,0,0,1,76,0,1.0000,-1,10,9,0,0,19,0,0,0,0
112.6026,2,0,3,0,0,0,1,76,1,2.0000,-1,10,9,0,0,19,0,0,0,0
112.6429,2,0,3,0,0,0,1,76,0,2.0000,-1,10,9,0,0,19,0,0,0,0
112.6529,2,0,3,0,0,0,0,-1,0,2.0000,-1,10,9,0,0,19,0,0,0,0
112.6683,2,0,3,0,0,0,0,-1,0,2.0000,-1,10,9,0,0,19,0,0,0,0
112.6883,2,0,3,0,0,0,0,-1,0,2.0000,-1,10,9,0,0,19,0,0,0,0
112.7098,2,0,3,0,0,0,0,-1,0,2.0000,-1,10,9,0,0,19,0,0,0,0
112.7291,2,0,3,0,0,0,0,-1,0,2.0000,76,10,10,0,0,20,0,0,0,0
112.7564,2,0,3,0,0,0,0,-1,0,2.0000,-1,10,10,0,0,20,0,0,0,0
112.7766,2,0,3,0,0,0,0,-1,0,2.0000,-1,10,10,0,0,20,0,0,0,0
112.7963,2,0,3,0,0,0,0,-1,0,1.0000,-1,10,10,0,0,20,0,0,0,0
112.818,2,0,3,0,0,0,0,-1,0,1.0000,-1,10,10,0,0,20,0,0,0,0
112.8565,2,0,3,0,0,0,0,-1,0,1.0000,-1,10,10,0,0,20,0,0,0,0
112.8686,2,0,3,0,0,0,0,-1,0,1.0000,-1,10,10,0,0,20,0,0,0,0
112.8825,2,0,3,0,0,0,0,-1,0,1.0000,-1,10,10,0,0,20,0,0,0,0
112.9053,2,0,3,0,0,0,0,-1,0,1.0000,-1,10,10,0,0,20,0,0,0,0
112.9242,2,0,3,0,0,0,0,-1,0,1.0000,-1,10,10,0,0,20,0,0,0,0
112.9447,2,0,3,0,0,0,0,-1,0,1.0000,-1,10,10,0,0,20,0,0,0,0
112.9637,2,0,3,0,0,0,0,-1,0,1.0000,-1,10,10,0,0,20,0,0,0,0
112.9851,2,0,3,0,0,0,0,-1,0,1.0000,-1,10,10,0,0,20,0,0,0,0
113.0048,2,0,3,0,0,0,0,-1,0,1.0000,-1,10,10,0,0,20,0,0,0,0
113.0239,2,0,3,0,0,0,0,-1,0,1.0000,-1,10,10,0,0,20,0,0,0,0
113.0423,2,0,3,0,0,0,0,-1,0,1.0000,-1,10,10,0,0,20,0,0,0,0
113.0621,2,0,3,0,0,0,0,-1,0,1.0000,-1,10,10,0,0,20,0,0,0,0
113.0845,2,0,3,0,0,0,0,-1,0,1.0000,-1,10,10,0,0,20,0,0,0,0
113.1028,2,0,3,0,0,0,0,-1,0,1.0000,-1,10,10,0,0,20,0,0,0,0
113.123,2,0,3,0,0,0,0,-1,0,1.0000,-1,10,10,0,0,20,0,0,0,0
113.1392,2,0,3,0,0,0,0,-1,0,1.0000,-1,10,10,0,0,20,0,0,0,0
113.1618,2,0,3,0,0,0,0,-1,0,1.0000,-1,10,10,0,0,20,0,0,0,0
113.1823,2,0,3,0,0,0,0,-1,0,1.0000,-1,10,10,0,0,20,0,0,0,0
113.2005,2,0,3,0,0,0,0,-1,0,1.0000,-1,10,10,0,0,20,0,0,0,0
113.2197,2,0,3,0,0,0,0,-1,0,1.0000,-1,10,10,0,0,20,0,0,0,0
113.2401,2,0,3,0,0,0,0,-1,0,1.0000,-1,10,10,0,0,20,0,0,0,0
113.2799,2,0,3,0,0,0,0,-1,0,1.0000,-1,10,10,0,0,20,0,0,0,0
113.2961,2,0,3,0,0,0,0,-1,0,1.0000,-1,10,10,0,0,20,0,0,0,0
113.3113,2,0,3,0,0,0,0,-1,0,1.0000,-1,10,10,0,0,20,0,0,0,0
113.3259,2,0,3,0,0,0,0,-1,0,1.0000,-1,10,10,0,0,20,0,0,0,0
113.3463,2,0,3,0,0,0,0,-1,0,1.0000,-1,10,10,0,0,20,0,0,0,0
113.3664,2,0,3,0,0,0,0,-1,0,1.0000,-1,10,10,0,0,20,0,0,0,0
113.3837,2,0,3,0,0,0,0,-1,0,1.0000,-1,10,10,0,0,20,0,0,0,0
113.4077,2,0,3,0,0,0,0,-1,0,1.0000,-1,10,10,0,0,20,0,0,0,0
113.4255,2,0,3,0,0,0,0,-1,0,1.0000,-1,10,10,0,0,20,0,0,0,0
113.4462,2,0,3,0,0,0,0,-1,0,1.0000,-1,10,10,0,0,20,0,0,0,0
113.4645,2,0,3,0,0,0,0,-1,0,1.0000,-1,10,10,0,0,20,0,0,0,0
113.4859,2,0,3,0,0,0,0,-1,0,1.0000,-1,10,10,0,0,20,0,0,0,0
113.5052,2,0,3,0,0,0,0,-1,0,1.0000,-1,10,10,0,0,20,0,0,0,0
113.5238,2,0,3,0,0,0,0,-1,0,1.0000,-1,10,10,0,0,20,0,0,0,0
113.5419,2,0,3,0,0,0,0,-1,0,1.0000,-1,10,10,0,0,20,0,0,0,0
113.5635,2,0,3,0,0,0,0,-1,0,1.0000,-1,10,10,0,0,20,0,0,0,0
113.5818,2,0,3,0,0,0,0,-1,0,1.0000,-1,10,10,0,0,20,0,0,0,0
113.6053,2,0,3,0,0,0,0,-1,0,0.0000,-1,10,10,0,0,20,0,0,0,0
113.6229,2,0,3,0,0,0,0,-1,0,0.0000,-1,10,10,0,0,20,0,0,0,0
113.6408,2,0,3,0,0,0,0,-1,0,0.0000,-1,10,10,0,0,20,0,0,0,0
113.6624,2,0,3,0,0,0,0,-1,0,0.0000,-1,10,10,0,0,20,0,0,0,0
113.6809,2,0,3,0,0,0,0,-1,0,0.0000,-1,10,10,0,0,20,0,0,0,0
113.7006,2,0,3,0,0,0,0,-1,0,0.0000,-1,10,10,0,0,20,0,0,0,0
113.7192,2,0,3,0,0,0,0,-1,0,0.0000,-1,10,10,0,0,20,0,0,0,0
113.739,2,0,3,0,0,0,0,-1,0,0.0000,-1,10,10,0,0,20,0,0,0,0
113.7589,2,0,3,0,0,0,0,-1,0,0.0000,-1,10,10,0,0,20,0,0,0,0
113.7794,2,0,3,0,0,0,0,-1,0,0.0000,-1,10,10,0,0,20,0,0,0,0
113.8004,2,0,3,0,0,0,0,-1,0,0.0000,-1,10,10,0,0,20,0,0,0,0
113.8178,2,0,3,0,0,0,0,-1,0,0.0000,-1,10,10,0,0,20,0,0,0,0
113.8399,2,0,3,1,0,0,0,-1,0,0.0000,-1,10,10,0,0,20,0,0,0,0
113.8601,2,0,3,1,0,0,0,-1,0,0.0000,-1,10,10,0,0,20,0,0,0,0
113.8802,2,0,3,0,0,0,0,-1,0,0.0000,-1,10,10,0,0,20,0,0,0,0
113.9166,2,0,3,0,0,0,0,-1,0,0.0000,-1,10,10,0,0,20,0,0,0,0
113.9307,2,0,3,0,0,0,0,-1,0,0.0000,-1,10,10,0,0,20,0,0,0,0
113.9453,2,0,3,0,0,0,0,-1,0,0.0000,-1,10,10,0,0,20,0,0,0,0
113.9624,2,0,3,0,0,0,0,-1,0,0.0000,-1,10,10,0,0,20,0,0,0,0
113.9836,2,0,3,0,0,0,0,-1,0,0.0000,-1,10,10,0,0,20,0,0,0,0
114.004,2,0,3,0,0,0,0,-1,0,0.0000,-1,10,10,0,0,20,0,0,0,0
114.023,2,0,3,0,0,0,0,-1,0,0.0000,-1,10,10,0,0,20,0,0,0,0
114.0421,2,0,3,0,0,0,0,-1,0,0.0000,-1,10,10,0,0,20,0,0,0,0
114.0623,2,0,3,0,0,0,0,-1,0,0.0000,-1,10,10,0,0,20,0,0,0,0
114.0816,2,0,3,0,0,0,0,-1,0,0.0000,-1,10,10,0,0,20,0,0,0,0
114.1171,2,0,3,0,0,0,0,-1,0,0.0000,-1,10,10,0,0,20,0,0,0,0
114.1354,2,0,3,0,0,0,0,-1,0,0.0000,-1,10,10,0,0,20,0,0,0,0
114.1533,2,0,3,0,0,0,0,-1,0,0.0000,-1,10,10,0,0,20,0,0,0,0
114.1684,2,0,3,0,0,0,0,-1,0,0.0000,-1,10,10,0,0,20,0,0,0,0
114.1828,2,0,3,0,0,0,0,-1,0,0.0000,-1,10,10,0,0,20,0,0,0,0
114.2046,2,0,3,0,0,0,0,-1,0,0.0000,-1,10,10,0,0,20,0,0,0,0
114.2218,2,0,3,0,0,0,0,-1,0,0.0000,-1,10,10,0,0,20,0,0,0,0
114.2395,2,0,3,0,0,0,0,-1,0,0.0000,-1,10,10,0,0,20,0,0,0,0
114.2632,2,0,3,0,0,0,0,-1,0,0.0000,-1,10,10,0,0,20,0,0,0,0
114.2806,2,0,3,0,0,0,0,-1,0,0.0000,-1,10,10,0,0,20,0,0,0,0
114.3012,2,0,3,0,0,0,0,-1,0,0.0000,-1,10,10,0,0,20,0,0,0,0
114.3184,2,0,3,0,0,0,0,-1,0,0.0000,-1,10,10,0,0,20,0,0,0,0
114.3393,2,0,3,0,0,0,0,-1,0,0.0000,-1,10,10,0,0,20,0,0,0,0
114.3587,2,0,3,0,0,0,0,-1,0,0.0000,-1,10,10,0,0,20,0,0,0,0
114.3784,2,0,3,0,0,0,0,-1,0,0.0000,-1,10,10,0,0,20,0,0,0,0
114.3964,2,0,3,0,0,0,0,-1,0,0.0000,-1,10,10,0,0,20,0,0,0,0
114.4165,2,0,3,0,0,0,0,-1,0,0.0000,-1,10,10,0,0,20,0,0,0,0
114.4371,2,0,3,0,0,0,0,-1,0,0.0000,-1,10,10,0,0,20,0,0,0,0
114.4572,2,0,3,0,0,0,0,-1,0,0.0000,-1,10,10,0,0,20,0,0,0,0
114.4748,2,0,3,0,0,0,0,-1,0,0.0000,-1,10,10,0,0,20,0,0,0,0
114.4955,2,0,3,0,1,0,0,-1,0,0.0000,-1,10,10,0,0,20,0,0,0,0
114.5161,2,0,3,0,1,0,0,-1,0,0.0000,-1,10,10,0,0,20,0,0,0,0
114.5341,2,0,3,0,1,0,0,-1,0,0.0000,-1,10,10,0,0,20,0,0,0,0
114.5547,2,0,3,0,1,0,0,-1,0,0.0000,-1,10,10,0,0,20,0,0,0,0
114.5744,2,0,3,0,1,0,0,-1,1,1.0000,-1,10,10,0,0,20,0,0,0,0
114.5941,2,0,3,0,1,0,0,-1,0,1.0000,-1,10,10,0,0,20,0,0,0,0
114.6132,2,0,3,0,1,0,1,80,0,1.0000,-1,10,10,0,0,20,0,0,0,0
114.6331,2,0,3,0,1,0,1,80,0,1.0000,-1,10,10,0,0,20,0,0,0,0
114.6503,2,0,3,0,1,0,1,80,0,1.0000,-1,10,10,0,0,20,0,0,0,0
114.6721,2,0,3,0,1,0,1,80,0,1.0000,-1,10,10,0,0,20,0,0,0,0
114.6918,2,0,3,0,1,0,1,80,0,1.0000,-1,10,10,0,0,20,0,0,0,0
114.7131,2,0,3,0,1,0,1,80,0,1.0000,-1,10,10,0,0,20,0,0,0,0
114.7305,2,0,3,0,1,0,1,80,0,1.0000,-1,10,10,0,0,20,0,0,0,0
114.753,2,0,3,0,1,0,1,80,0,1.0000,-1,10,10,0,0,20,0,0,0,0
114.7734,2,0,3,0,1,0,1,80,0,1.0000,-1,10,10,0,0,20,0,0,0,0
114.7925,2,0,3,0,1,0,1,80,0,1.0000,-1,10,10,0,0,20,0,0,0,0
114.8123,2,0,3,0,1,0,1,80,0,1.0000,-1,10,10,0,0,20,0,0,0,0
114.8306,2,0,3,0,1,0,1,80,0,1.0000,-1,10,10,0,0,20,0,0,0,0
114.8517,2,0,3,0,1,0,1,80,1,2.0000,-1,10,10,0,0,20,0,0,0,0
114.8737,2,0,3,0,1,0,1,80,1,3.0000,-1,10,10,0,0,20,0,0,0,0
114.8932,2,0,3,0,1,0,1,80,0,3.0000,-1,10,10,0,0,20,0,0,0,0
114.9144,2,0,3,0,1,0,1,80,0,3.0000,-1,10,10,0,0,20,0,0,0,0
114.934,2,0,3,0,1,0,1,80,0,3.0000,-1,10,10,0,0,20,0,0,0,0
114.9541,2,0,3,0,1,0,1,80,1,4.0000,-1,10,10,0,0,20,0,0,0,0
114.9762,2,0,3,0,1,0,1,80,1,5.0000,-1,10,10,0,0,20,0,0,0,0
115.0004,2,0,3,0,1,0,1,80,0,5.0000,-1,10,10,0,0,20,0,0,0,0
115.0201,2,0,3,0,1,0,1,80,0,5.0000,-1,10,10,0,0,20,0,0,0,0
115.0436,2,0,3,0,1,0,1,80,0,5.0000,-1,10,10,0,0,20,0,0,0,0
115.0665,2,0,3,0,1,0,1,80,0,5.0000,-1,10,10,0,0,20,0,0,0,0
115.0882,2,0,3,0,1,0,1,80,0,5.0000,-1,10,10,0,0,20,0,0,0,0
115.1116,2,0,3,0,1,0,1,80,0,5.0000,-1,10,10,0,0,20,0,0,0,0
115.1343,2,0,3,0,1,0,1,80,0,5.0000,-1,10,10,0,0,20,0,0,0,0
115.1798,2,0,3,0,1,0,1,80,1,6.0000,-1,10,10,0,0,20,0,0,0,0
115.1948,3,1,4,0,0,1,0,-1,0,6.0000,80,10,10,1,0,21,0,0,0,0
115.2137,3,0,4,0,0,0,0,-1,0,6.0000,-1,10,10,1,0,21,0,0,0,0
115.2354,3,0,4,0,0,0,0,-1,0,6.0000,-1,10,10,1,0,21,0,0,0,0
115.2642,3,0,4,0,0,0,0,-1,0,6.0000,-1,10,10,1,0,21,0,0,0,0
115.2872,3,0,4,0,0,0,0,-1,0,6.0000,-1,10,10,1,0,21,0,0,0,0
115.3128,3,0,4,0,0,0,0,-1,0,6.0000,-1,10,10,1,0,21,0,0,0,0
115.3388,3,0,4,0,0,0,0,-1,0,6.0000,-1,10,10,1,0,21,0,0,0,0
115.3853,3,0,4,0,0,0,0,-1,0,6.0000,-1,10,10,1,0,21,0,0,0,0
115.4075,3,0,4,0,0,0,0,-1,0,6.0000,-1,10,10,1,0,21,0,0,0,0
115.4227,3,0,4,0,0,0,0,-1,0,6.0000,-1,10,10,1,0,21,0,0,0,0
115.4397,3,0,4,0,0,0,0,-1,0,6.0000,-1,10,10,1,0,21,0,0,0,0
115.4647,3,0,4,0,0,0,0,-1,0,6.0000,-1,10,10,1,0,21,0,0,0,0
115.4886,3,0,4,0,0,0,0,-1,0,6.0000,-1,10,10,1,0,21,0,0,0,0
115.5138,3,0,4,0,0,0,0,-1,0,6.0000,-1,10,10,1,0,21,0,0,0,0
115.5373,3,0,4,0,0,0,0,-1,0,6.0000,-1,10,10,1,0,21,0,0,0,0
115.5622,3,0,4,0,0,0,0,-1,0,6.0000,-1,10,10,1,0,21,0,0,0,0
115.5858,3,0,4,0,0,0,0,-1,0,5.0000,-1,10,10,1,0,21,0,0,0,0
115.608,3,0,4,0,0,0,0,-1,0,5.0000,-1,10,10,1,0,21,0,0,0,0
115.634,3,0,4,0,0,0,0,-1,0,5.0000,-1,10,10,1,0,21,0,0,0,0
115.6582,3,0,4,0,0,0,0,-1,0,5.0000,-1,10,10,1,0,21,0,0,0,0
115.6836,3,0,4,0,0,0,0,-1,0,5.0000,-1,10,10,1,0,21,0,0,0,0
115.7025,3,0,4,0,0,0,0,-1,0,5.0000,-1,10,10,1,0,21,0,0,0,0
115.7345,3,0,4,0,0,0,0,-1,0,5.0000,-1,10,10,1,0,21,0,0,0,0
115.7575,3,0,4,0,0,0,0,-1,0,5.0000,-1,10,10,1,0,21,0,0,0,0
115.7838,3,0,4,0,0,0,0,-1,0,5.0000,-1,10,10,1,0,21,0,0,0,0
115.8118,3,0,4,0,0,0,0,-1,0,5.0000,-1,10,10,1,0,21,0,0,0,0
115.8369,3,0,4,0,0,0,0,-1,0,5.0000,-1,10,10,1,0,21,0,0,0,0
115.8643,3,0,4,0,0,0,0,-1,0,4.0000,-1,10,10,1,0,21,0,0,0,0
115.8883,3,0,4,0,0,0,0,-1,0,3.0000,-1,10,10,1,0,21,0,0,0,0
115.9132,3,0,4,0,0,0,0,-1,0,3.0000,-1,10,10,1,0,21,0,0,0,0
115.9395,3,0,4,0,0,0,0,-1,0,3.0000,-1,10,10,1,0,21,0,0,0,0
115.9648,3,0,4,0,0,0,0,-1,0,2.0000,-1,10,10,1,0,21,0,0,0,0
115.9875,3,0,4,0,0,0,0,-1,0,1.0000,-1,10,10,1,0,21,0,0,0,0
116.0127,3,0,4,0,0,0,0,-1,0,1.0000,-1,10,10,1,0,21,0,0,0,0
116.0392,3,0,4,0,0,0,0,-1,1,2.0000,-1,10,10,1,0,21,0,0,0,0
116.0639,3,0,4,0,0,0,0,-1,0,2.0000,-1,10,10,1,0,21,0,0,0,0
116.0874,3,0,4,0,0,0,0,-1,0,2.0000,-1,10,10,1,0,21,0,0,0,0
116.1106,3,0,4,0,0,0,0,-1,0,2.0000,-1,10,10,1,0,21,0,0,0,0
116.1366,3,0,4,0,0,0,0,-1,0,2.0000,-1,10,10,1,0,21,0,0,0,0
116.1624,3,0,4,0,0,0,0,-1,0,2.0000,-1,10,10,1,0,21,0,0,0,0
116.1876,3,0,4,0,0,0,0,-1,0,1.0000,-1,10,10,1,0,21,0,0,0,0
116.2329,3,0,4,0,0,0,0,-1,0,1.0000,-1,10,10,1,0,21,0,0,0,0
116.2537,3,0,4,0,0,0,0,-1,0,1.0000,-1,10,10,1,0,21,0,0,0,0
116.274,3,0,4,0,0,0,0,-1,0,1.0000,-1,10,10,1,0,21,0,0,0,0
116.2963,3,0,4,0,0,0,0,-1,1,2.0000,-1,10,10,1,0,21,0,0,0,0
116.3159,3,0,4,0,0,0,0,-1,0,2.0000,-1,10,10,1,0,21,0,0,0,0
116.3383,3,0,4,0,0,0,0,-1,0,2.0000,-1,10,10,1,0,21,0,0,0,0
116.362,3,0,4,0,0,0,0,-1,0,2.0000,-1,10,10,1,0,21,0,0,0,0
116.3831,3,0,4,0,0,0,0,-1,0,2.0000,-1,10,10,1,0,21,0,0,0,0
116.4089,3,0,4,0,0,0,0,-1,0,2.0000,-1,10,10,1,0,21,0,0,0,0
116.459,3,0,4,0,0,0,0,-1,0,2.0000,-1,10,10,1,0,21,0,0,0,0
116.4757,3,0,4,0,0,0,0,-1,0,2.0000,-1,10,10,1,0,21,0,0,0,0
116.4923,3,0,4,0,0,0,0,-1,0,2.0000,-1,10,10,1,0,21,0,0,0,0
116.5161,3,0,4,0,0,0,0,-1,0,2.0000,-1,10,10,1,0,21,0,0,0,0
116.5414,3,0,4,0,0,0,0,-1,0,2.0000,-1,10,10,1,0,21,0,0,0,0
116.5653,3,0,4,0,0,0,0,-1,0,2.0000,-1,10,10,1,0,21,0,0,0,0
116.5897,3,0,4,0,0,0,0,-1,0,2.0000,-1,10,10,1,0,21,0,0,0,0
116.6166,3,0,4,0,0,0,0,-1,0,2.0000,-1,10,10,1,0,21,0,0,0,0
116.6602,3,0,4,0,0,0,0,-1,0,2.0000,-1,10,10,1,0,21,0,0,0,0
116.6745,3,0,4,0,0,0,0,-1,0,2.0000,-1,10,10,1,0,21,0,0,0,0
116.6952,3,0,4,0,0,0,0,-1,0,2.0000,-1,10,10,1,0,21,0,0,0,0
116.7203,3,0,4,0,0,0,0,-1,0,2.0000,-1,10,10,1,0,21,0,0,0,0
116.7444,3,0,4,0,0,0,0,-1,0,2.0000,-1,10,10,1,0,21,0,0,0,0
116.7701,3,0,4,0,0,0,0,-1,0,2.0000,-1,10,10,1,0,21,0,0,0,0
116.7967,3,0,4,0,0,0,0,-1,0,2.0000,-1,10,10,1,0,21,0,0,0,0
116.8227,3,0,4,0,0,0,0,-1,0,2.0000,-1,10,10,1,0,21,0,0,0,0
116.8446,3,0,4,0,0,0,0,-1,0,2.0000,-1,10,10,1,0,21,0,0,0,0
116.8708,3,0,4,0,0,0,0,-1,0,2.0000,-1,10,10,1,0,21,0,0,0,0
116.8989,3,0,4,0,0,0,0,-1,0,2.0000,-1,10,10,1,0,21,0,0,0,0
116.9219,3,0,4,0,0,0,0,-1,0,2.0000,-1,10,10,1,0,21,0,0,0,0
116.9507,3,0,4,0,0,0,0,-1,0,2.0000,-1,10,10,1,0,21,0,0,0,0
116.9771,3,0,4,0,0,0,0,-1,0,2.0000,-1,10,10,1,0,21,0,0,0,0
117.0008,3,0,4,0,0,0,0,-1,0,2.0000,-1,10,10,1,0,21,0,0,0,0
117.0248,3,0,4,0,0,0,0,-1,0,2.0000,-1,10,10,1,0,21,0,0,0,0
117.0774,3,0,4,0,0,0,0,-1,0,1.0000,-1,10,10,1,0,21,0,0,0,0
117.0964,3,0,4,0,0,0,0,-1,0,1.0000,-1,10,10,1,0,21,0,0,0,0
117.1167,3,0,4,0,0,0,0,-1,0,1.0000,-1,10,10,1,0,21,0,0,0,0
117.1353,3,0,4,0,0,0,0,-1,0,1.0000,-1,10,10,1,0,21,0,0,0,0
117.1596,3,0,4,0,0,0,0,-1,0,1.0000,-1,10,10,1,0,21,0,0,0,0
117.1845,3,0,4,0,0,0,0,-1,0,1.0000,-1,10,10,1,0,21,0,0,0,0
117.2083,3,0,4,0,0,0,0,-1,0,1.0000,-1,10,10,1,0,21,0,0,0,0
117.2341,3,0,4,0,0,0,0,-1,0,1.0000,-1,10,10,1,0,21,0,0,0,0
117.2599,3,0,4,0,0,0,0,-1,0,1.0000,-1,10,10,1,0,21,0,0,0,0
117.2853,3,0,4,0,0,0,0,-1,0,1.0000,-1,10,10,1,0,21,0,0,0,0
117.3107,3,0,4,0,0,0,0,-1,0,0.0000,-1,10,10,1,0,21,0,0,0,0
117.3369,3,0,4,0,0,0,0,-1,0,0.0000,-1,10,10,1,0,21,0,0,0,0
117.363,3,0,4,0,0,0,0,-1,0,0.0000,-1,10,10,1,0,21,0,0,0,0
117.3896,3,0,4,0,0,0,0,-1,0,0.0000,-1,10,10,1,0,21,0,0,0,0
117.4158,3,0,4,0,0,0,0,-1,0,0.0000,-1,10,10,1,0,21,0,0,0,0
117.4432,3,0,4,0,0,0,0,-1,0,0.0000,-1,10,10,1,0,21,0,0,0,0
117.4692,3,0,4,0,0,0,0,-1,0,0.0000,-1,10,10,1,0,21,0,0,0,0
117.4958,3,0,4,0,0,0,0,-1,0,0.0000,-1,10,10,1,0,21,0,0,0,0
117.5223,3,0,4,0,0,0,0,-1,0,0.0000,-1,10,10,1,0,21,0,0,0,0
117.549,3,0,4,0,0,0,0,-1,0,0.0000,-1,10,10,1,0,21,0,0,0,0
117.5748,3,0,4,0,0,0,0,-1,0,0.0000,-1,10,10,1,0,21,0,0,0,0
117.6009,3,0,4,0,0,0,0,-1,0,0.0000,-1,10,10,1,0,21,0,0,0,0
117.6302,3,0,4,0,0,0,0,-1,0,0.0000,-1,10,10,1,0,21,0,0,0,0
117.6563,3,0,4,0,0,0,0,-1,0,0.0000,-1,10,10,1,0,21,0,0,0,0
117.6782,3,0,4,0,0,0,0,-1,0,0.0000,-1,10,10,1,0,21,0,0,0,0
117.7033,3,0,4,0,0,0,0,-1,1,1.0000,-1,10,10,1,0,21,0,0,0,0
117.731,3,0,4,0,0,0,0,-1,0,1.0000,-1,10,10,1,0,21,0,0,0,0
117.7583,3,0,4,0,0,0,0,-1,0,1.0000,-1,10,10,1,0,21,0,0,0,0
117.7839,3,0,4,0,0,0,0,-1,0,1.0000,-1,10,10,1,0,21,0,0,0,0
117.8088,3,0,4,0,0,0,0,-1,0,1.0000,-1,10,10,1,0,21,0,0,0,0
117.8364,3,0,4,0,0,0,0,-1,0,1.0000,-1,10,10,1,0,21,0,0,0,0
117.8592,3,0,4,0,0,0,0,-1,0,1.0000,-1,10,10,1,0,21,0,0,0,0
117.8854,3,0,4,0,0,0,0,-1,0,1.0000,-1,10,10,1,0,21,0,0,0,0
117.9107,3,0,4,0,0,0,0,-1,0,1.0000,-1,10,10,1,0,21,0,0,0,0
117.9361,3,0,4,0,0,0,1,86,0,1.0000,-1,10,10,1,0,21,0,0,0,0
117.9627,3,0,4,0,0,0,1,86,1,2.0000,-1,10,10,1,0,21,0,0,0,0
117.991,3,0,4,0,0,0,1,86,0,2.0000,-1,10,10,1,0,21,0,0,0,0
118.0183,3,0,4,0,0,0,1,86,0,2.0000,-1,10,10,1,0,21,0,0,0,0
118.0442,3,0,4,0,0,0,1,86,0,2.0000,-1,10,10,1,0,21,0,0,0,0
118.0677,3,0,4,0,0,0,0,-1,0,2.0000,86,10,10,2,0,22,0,0,0,0
118.0946,3,0,4,0,0,0,0,-1,0,2.0000,-1,10,10,2,0,22,0,0,0,0
118.1214,3,0,4,0,0,0,0,-1,0,2.0000,-1,10,10,2,0,22,0,0,0,0
118.1483,3,0,4,0,0,0,0,-1,0,2.0000,-1,10,10,2,0,22,0,0,0,0
118.173,3,0,4,0,0,0,0,-1,0,2.0000,-1,10,10,2,0,22,0,0,0,0
118.1996,3,0,4,0,0,0,0,-1,0,2.0000,-1,10,10,2,0,22,0,0,0,0
118.2266,3,0,4,0,0,0,0,-1,0,2.0000,-1,10,10,2,0,22,0,0,0,0
118.2534,3,0,4,0,0,0,0,-1,0,2.0000,-1,10,10,2,0,22,0,0,0,0
118.2771,3,0,4,0,0,0,0,-1,0,2.0000,-1,10,10,2,0,22,0,0,0,0
118.327,3,0,4,0,0,0,0,-1,0,2.0000,-1,10,10,2,0,22,0,0,0,0
118.3446,3,0,4,1,0,0,0,-1,0,2.0000,-1,10,10,2,0,22,0,0,0,0
118.3635,3,0,4,1,0,0,0,-1,0,2.0000,-1,10,10,2,0,22,0,0,0,0
118.3896,3,0,4,0,0,0,0,-1,0,2.0000,-1,10,10,2,0,22,0,0,0,0
118.415,3,0,4,0,0,0,0,-1,0,2.0000,-1,10,10,2,0,22,0,0,0,0
118.4399,3,0,4,0,0,0,0,-1,0,2.0000,-1,10,10,2,0,22,0,0,0,0
118.4667,3,0,4,0,0,0,0,-1,0,2.0000,-1,10,10,2,0,22,0,0,0,0
118.4924,3,0,4,0,0,0,0,-1,1,3.0000,-1,10,10,2,0,22,0,0,0,0
118.5382,3,0,4,0,0,0,0,-1,0,3.0000,-1,10,10,2,0,22,0,0,0,0
118.5541,3,0,4,0,0,0,0,-1,0,3.0000,-1,10,10,2,0,22,0,0,0,0
118.5724,3,0,4,0,0,0,0,-1,0,3.0000,-1,10,10,2,0,22,0,0,0,0
118.5999,3,0,4,0,0,0,0,-1,0,3.0000,-1,10,10,2,0,22,0,0,0,0
118.6277,3,0,4,0,0,0,0,-1,0,3.0000,-1,10,10,2,0,22,0,0,0,0
118.652,3,0,4,0,0,0,0,-1,0,3.0000,-1,10,10,2,0,22,0,0,0,0
118.6774,3,0,4,0,0,0,0,-1,0,3.0000,-1,10,10,2,0,22,0,0,0,0
118.7049,3,0,4,0,0,0,0,-1,0,2.0000,-1,10,10,2,0,22,0,0,0,0
118.7297,3,0,4,0,0,0,0,-1,0,2.0000,-1,10,10,2,0,22,0,0,0,0
118.7571,3,0,4,0,0,0,0,-1,0,2.0000,-1,10,10,2,0,22,0,0,0,0
118.7824,3,0,4,0,0,0,0,-1,0,2.0000,-1,10,10,2,0,22,0,0,0,0
118.8098,3,0,4,0,0,0,0,-1,0,2.0000,-1,10,10,2,0,22,0,0,0,0
118.8335,3,0,4,0,0,0,0,-1,0,2.0000,-1,10,10,2,0,22,0,0,0,0
118.8622,3,0,4,0,0,0,0,-1,0,2.0000,-1,10,10,2,0,22,0,0,0,0
118.8856,3,0,4,0,0,0,0,-1,0,2.0000,-1,10,10,2,0,22,0,0,0,0
118.912,3,0,4,0,0,0,0,-1,0,2.0000,-1,10,10,2,0,22,0,0,0,0
118.9369,3,0,4,0,0,0,0,-1,1,3.0000,-1,10,10,2,0,22,0,0,0,0
118.9624,3,0,4,0,0,0,0,-1,0,3.0000,-1,10,10,2,0,22,0,0,0,0
118.985,3,0,4,0,0,0,0,-1,0,2.0000,-1,10,10,2,0,22,0,0,0,0
119.0098,3,0,4,0,0,0,0,-1,0,2.0000,-1,10,10,2,0,22,0,0,0,0
119.0341,3,0,4,0,0,0,0,-1,0,2.0000,-1,10,10,2,0,22,0,0,0,0
119.0564,3,0,4,0,1,0,0,-1,0,2.0000,-1,10,10,2,0,22,0,0,0,0
119.0804,3,0,4,0,1,0,0,-1,0,2.0000,-1,10,10,2,0,22,0,0,0,0
119.1041,3,0,4,0,1,0,0,-1,0,2.0000,-1,10,10,2,0,22,0,0,0,0
119.1262,3,0,4,0,1,0,0,-1,0,2.0000,-1,10,10,2,0,22,0,0,0,0
119.1484,3,0,4,0,1,0,0,-1,0,2.0000,-1,10,10,2,0,22,0,0,0,0
119.1717,3,0,4,0,1,0,0,-1,0,2.0000,-1,10,10,2,0,22,0,0,0,0
119.1948,3,0,4,0,1,0,0,-1,1,3.0000,-1,10,10,2,0,22,0,0,0,0
119.2165,3,0,4,0,1,0,0,-1,0,3.0000,-1,10,10,2,0,22,0,0,0,0
119.243,3,0,4,0,1,0,0,-1,0,3.0000,-1,10,10,2,0,22,0,0,0,0
119.2604,3,0,4,0,1,0,0,-1,0,3.0000,-1,10,10,2,0,22,0,0,0,0
119.2833,3,0,4,0,1,0,0,-1,0,3.0000,-1,10,10,2,0,22,0,0,0,0
119.3049,3,0,4,0,1,0,0,-1,0,3.0000,-1,10,10,2,0,22,0,0,0,0
119.3259,3,0,4,0,1,0,0,-1,0,3.0000,-1,10,10,2,0,22,0,0,0,0
119.3688,3,0,4,0,1,0,0,-1,0,3.0000,-1,10,10,2,0,22,0,0,0,0
119.3834,3,0,4,0,1,0,0,-1,0,3.0000,-1,10,10,2,0,22,0,0,0,0
119.3988,3,0,4,0,1,0,0,-1,0,3.0000,-1,10,10,2,0,22,0,0,0,0
119.4175,3,0,4,0,1,0,0,-1,1,4.0000,-1,10,10,2,0,22,0,0,0,0
119.4405,3,0,4,0,1,0,0,-1,1,5.0000,-1,10,10,2,0,22,0,0,0,0
119.4612,3,0,4,0,1,0,0,-1,0,5.0000,-1,10,10,2,0,22,0,0,0,0
119.4803,3,0,4,0,1,0,0,-1,0,5.0000,-1,10,10,2,0,22,0,0,0,0
119.5031,3,0,4,0,1,0,0,-1,0,4.0000,-1,10,10,2,0,22,0,0,0,0
119.5212,3,0,4,0,1,0,0,-1,0,4.0000,-1,10,10,2,0,22,0,0,0,0
119.5424,3,0,4,0,1,0,0,-1,0,4.0000,-1,10,10,2,0,22,0,0,0,0
119.5641,3,0,4,0,1,0,0,-1,0,4.0000,-1,10,10,2,0,22,0,0,0,0
119.586,3,0,4,0,1,0,0,-1,1,5.0000,-1,10,10,2,0,22,0,0,0,0
119.6072,3,0,4,0,1,0,0,-1,0,5.0000,-1,10,10,2,0,22,0,0,0,0
119.627,3,0,4,0,1,0,0,-1,0,5.0000,-1,10,10,2,0,22,0,0,0,0
119.6473,3,0,4,0,1,0,0,-1,0,5.0000,-1,10,10,2,0,22,0,0,0,0
119.6668,3,0,4,0,1,0,0,-1,0,5.0000,-1,10,10,2,0,22,0,0,0,0
119.6887,3,0,4,0,1,0,0,-1,0,5.0000,-1,10,10,2,0,22,0,0,0,0
119.708,3,0,4,0,1,0,0,-1,0,5.0000,-1,10,10,2,0,22,0,0,0,0
119.7308,3,0,4,0,1,0,0,-1,0,5.0000,-1,10,10,2,0,22,0,0,0,0
119.7505,3,0,4,0,1,0,0,-1,0,5.0000,-1,10,10,2,0,22,0,0,0,0
119.7727,3,0,4,0,1,0,0,-1,0,5.0000,-1,10,10,2,0,22,0,0,0,0
119.7927,3,0,4,0,1,0,0,-1,0,5.0000,-1,10,10,2,0,22,0,0,0,0
119.8123,3,0,4,0,1,0,0,-1,0,5.0000,-1,10,10,2,0,22,0,0,0,0
119.8343,3,0,4,0,1,0,0,-1,0,5.0000,-1,10,10,2,0,22,0,0,0,0
119.8516,3,0,4,0,1,0,0,-1,0,5.0000,-1,10,10,2,0,22,0,0,0,0
119.8753,3,0,4,0,1,0,0,-1,0,5.0000,-1,10,10,2,0,22,0,0,0,0
119.8988,3,0,4,0,1,0,1,89,0,5.0000,-1,10,10,2,0,22,0,0,0,0
119.9181,3,0,4,0,1,0,1,89,0,5.0000,-1,10,10,2,0,22,0,0,0,0
119.9407,3,0,4,0,1,0,1,89,1,5.0000,-1,10,10,2,0,22,0,0,0,0
120.0504,3,0,4,0,1,0,1,89,1,6.0000,-1,10,10,2,0,22,0,0,0,0
120.075,3,0,4,0,1,0,1,89,0,6.0000,-1,10,10,2,0,22,0,0,0,0
120.0844,3,0,4,0,1,0,1,89,0,6.0000,-1,10,10,2,0,22,0,0,0,0
120.1031,3,0,4,0,1,0,1,89,0,6.0000,-1,10,10,2,0,22,0,0,0,0
120.1252,3,0,4,0,1,0,1,89,0,6.0000,-1,10,10,2,0,22,0,0,0,0
120.1459,3,0,4,0,1,0,1,89,0,6.0000,-1,10,10,2,0,22,0,0,0,0
120.1679,3,0,4,0,1,0,1,89,0,6.0000,-1,10,10,2,0,22,0,0,0,0
120.1906,3,0,4,0,1,0,1,89,0,6.0000,-1,10,10,2,0,22,0,0,0,0
120.2092,3,0,4,0,1,0,1,89,1,6.0000,-1,10,10,2,0,22,0,0,0,0
120.2326,3,0,4,0,1,0,1,89,0,6.0000,-1,10,10,2,0,22,0,0,0,0
120.2533,3,0,4,0,1,0,1,89,0,6.0000,-1,10,10,2,0,22,0,0,0,0
120.2777,3,0,4,0,1,0,1,89,1,7.0000,-1,10,10,2,0,22,0,0,0,0
120.2983,3,0,4,0,1,0,1,89,0,7.0000,-1,10,10,2,0,22,0,0,0,0
120.3183,3,0,4,0,1,0,0,-1,0,7.0000,89,10,10,3,0,23,0,0,0,0
120.339,3,0,4,0,1,0,0,-1,0,7.0000,-1,10,10,3,0,23,0,0,0,0
120.3615,3,0,4,0,1,0,0,-1,0,7.0000,-1,10,10,3,0,23,0,0,0,0
120.3818,3,0,4,0,1,0,0,-1,0,7.0000,-1,10,10,3,0,23,0,0,0,0
120.4034,3,0,4,0,1,0,0,-1,0,7.0000,-1,10,10,3,0,23,0,0,0,0
120.4263,3,0,4,0,1,0,0,-1,0,6.0000,-1,10,10,3,0,23,0,0,0,0
120.4477,3,0,4,0,1,0,0,-1,0,5.0000,-1,10,10,3,0,23,0,0,0,0
120.4683,3,0,4,0,1,0,0,-1,0,5.0000,-1,10,10,3,0,23,0,0,0,0
120.5105,3,0,4,0,1,0,0,-1,0,5.0000,-1,10,10,3,0,23,0,0,0,0
120.5309,3,0,4,0,1,0,0,-1,0,5.0000,-1,10,10,3,0,23,0,0,0,0
120.5474,3,0,4,0,1,0,0,-1,0,5.0000,-1,10,10,3,0,23,0,0,0,0
120.5623,3,0,4,0,1,0,0,-1,0,5.0000,-1,10,10,3,0,23,0,0,0,0
120.579,3,0,4,0,1,0,0,-1,0,5.0000,-1,10,10,3,0,23,0,0,0,0
120.6009,3,0,4,0,1,0,0,-1,0,4.0000,-1,10,10,3,0,23,0,0,0,0
120.622,3,0,4,0,1,0,0,-1,0,4.0000,-1,10,10,3,0,23,0,0,0,0
120.6434,3,0,4,0,1,0,0,-1,0,4.0000,-1,10,10,3,0,23,0,0,0,0
120.6649,3,0,4,0,1,0,0,-1,0,4.0000,-1,10,10,3,0,23,0,0,0,0
120.6885,3,0,4,0,1,0,0,-1,0,4.0000,-1,10,10,3,0,23,0,0,0,0
120.714,3,0,4,0,1,0,0,-1,0,4.0000,-1,10,10,3,0,23,0,0,0,0
120.7335,3,0,4,0,1,0,0,-1,0,4.0000,-1,10,10,3,0,23,0,0,0,0
120.7578,3,0,4,0,1,0,0,-1,1,5.0000,-1,10,10,3,0,23,0,0,0,0
120.7789,3,0,4,0,1,0,0,-1,0,5.0000,-1,10,10,3,0,23,0,0,0,0
120.804,3,0,4,0,1,0,0,-1,0,5.0000,-1,10,10,3,0,23,0,0,0,0
120.8259,3,0,4,0,1,0,0,-1,0,5.0000,-1,10,10,3,0,23,0,0,0,0
120.8503,3,0,4,0,1,0,0,-1,0,5.0000,-1,10,10,3,0,23,0,0,0,0
120.8735,3,0,4,0,1,0,0,-1,0,5.0000,-1,10,10,3,0,23,0,0,0,0
120.9023,3,0,4,0,1,0,0,-1,0,5.0000,-1,10,10,3,0,23,0,0,0,0
120.9424,3,0,4,0,1,0,0,-1,0,4.0000,-1,10,10,3,0,23,0,0,0,0
120.9557,3,0,4,0,1,0,0,-1,0,4.0000,-1,10,10,3,0,23,0,0,0,0
120.9758,3,0,4,0,1,0,0,-1,0,4.0000,-1,10,10,3,0,23,0,0,0,0
120.9993,3,0,4,0,1,0,0,-1,0,4.0000,-1,10,10,3,0,23,0,0,0,0
121.0217,3,0,4,0,1,0,0,-1,0,4.0000,-1,10,10,3,0,23,0,0,0,0
121.0378,3,0,4,0,1,0,0,-1,0,4.0000,-1,10,10,3,0,23,0,0,0,0
121.062,3,0,4,0,1,0,0,-1,0,3.0000,-1,10,10,3,0,23,0,0,0,0
121.0864,3,0,4,0,1,0,0,-1,0,3.0000,-1,10,10,3,0,23,0,0,0,0
121.1087,3,0,4,0,1,0,0,-1,0,3.0000,-1,10,10,3,0,23,0,0,0,0
121.1299,3,0,4,0,1,0,0,-1,0,3.0000,-1,10,10,3,0,23,0,0,0,0
121.1526,3,0,4,0,1,0,0,-1,0,3.0000,-1,10,10,3,0,23,0,0,0,0
121.1726,3,0,4,0,1,0,0,-1,0,3.0000,-1,10,10,3,0,23,0,0,0,0
121.1956,3,0,4,0,1,0,0,-1,0,3.0000,-1,10,10,3,0,23,0,0,0,0
121.2141,3,0,4,0,1,0,0,-1,0,2.0000,-1,10,10,3,0,23,0,0,0,0
121.2369,3,0,4,0,1,0,0,-1,0,2.0000,-1,10,10,3,0,23,0,0,0,0
121.2581,3,0,4,0,1,0,0,-1,0,2.0000,-1,10,10,3,0,23,0,0,0,0
121.2807,3,0,4,0,1,0,0,-1,0,1.0000,-1,10,10,3,0,23,0,0,0,0
121.2998,3,0,4,0,1,0,0,-1,0,1.0000,-1,10,10,3,0,23,0,0,0,0
121.322,3,0,4,0,1,0,0,-1,0,1.0000,-1,10,10,3,0,23,0,0,0,0
121.3638,3,0,4,0,1,0,0,-1,0,1.0000,-1,10,10,3,0,23,0,0,0,0
121.3805,3,0,4,0,1,0,0,-1,0,1.0000,-1,10,10,3,0,23,0,0,0,0
121.4,3,0,4,0,1,0,0,-1,0,1.0000,-1,10,10,3,0,23,0,0,0,0
121.4147,3,0,4,0,1,0,0,-1,0,1.0000,-1,10,10,3,0,23,0,0,0,0
121.4364,3,0,4,0,1,0,0,-1,0,1.0000,-1,10,10,3,0,23,0,0,0,0
121.4579,3,0,4,0,1,0,0,-1,1,2.0000,-1,10,10,3,0,23,0,0,0,0
121.4808,3,0,4,0,1,0,0,-1,1,3.0000,-1,10,10,3,0,23,0,0,0,0
121.5007,3,0,4,0,1,0,0,-1,0,3.0000,-1,10,10,3,0,23,0,0,0,0
121.5227,3,0,4,0,1,0,0,-1,0,3.0000,-1,10,10,3,0,23,0,0,0,0
121.5643,3,0,4,0,1,0,0,-1,1,4.0000,-1,10,10,3,0,23,0,0,0,0
121.5835,3,0,4,0,1,0,0,-1,0,4.0000,-1,10,10,3,0,23,0,0,0,0
121.6003,3,0,4,0,1,0,0,-1,0,4.0000,-1,10,10,3,0,23,0,0,0,0
121.6171,3,0,4,0,1,0,0,-1,0,4.0000,-1,10,10,3,0,23,0,0,0,0
121.6346,3,0,4,0,1,0,0,-1,0,4.0000,-1,10,10,3,0,23,0,0,0,0
121.658,3,0,4,0,1,0,0,-1,0,4.0000,-1,10,10,3,0,23,0,0,0,0
121.6794,3,0,4,0,1,0,0,-1,0,4.0000,-1,10,10,3,0,23,0,0,0,0
121.7014,3,0,4,0,1,0,0,-1,0,4.0000,-1,10,10,3,0,23,0,0,0,0
121.7222,3,0,4,0,1,0,0,-1,0,4.0000,-1,10,10,3,0,23,0,0,0,0
121.7446,3,0,4,0,1,0,0,-1,0,4.0000,-1,10,10,3,0,23,0,0,0,0
121.7656,3,0,4,0,1,0,0,-1,0,3.0000,-1,10,10,3,0,23,0,0,0,0
121.7894,3,0,4,0,1,0,0,-1,0,3.0000,-1,10,10,3,0,23,0,0,0,0
121.8123,3,0,4,0,1,0,0,-1,0,3.0000,-1,10,10,3,0,23,0,0,0,0
121.835,3,0,4,0,1,0,0,-1,0,3.0000,-1,10,10,3,0,23,0,0,0,0
121.8621,3,0,4,0,1,0,0,-1,0,3.0000,-1,10,10,3,0,23,0,0,0,0
121.8835,3,0,4,0,1,0,0,-1,0,3.0000,-1,10,10,3,0,23,0,0,0,0
121.9012,3,0,4,0,1,0,0,-1,0,3.0000,-1,10,10,3,0,23,0,0,0,0
121.9259,3,0,4,0,0,0,0,-1,0,3.0000,-1,10,10,3,0,23,0,0,0,0
121.9498,3,0,4,0,0,0,0,-1,0,3.0000,93,10,10,4,0,24,0,0,0,0
121.9913,3,0,4,0,0,0,0,-1,0,3.0000,-1,10,10,4,0,24,0,0,0,0
122.0068,3,0,4,0,0,0,0,-1,0,3.0000,-1,10,10,4,0,24,0,0,0,0
122.0232,3,0,4,0,0,0,0,-1,0,3.0000,-1,10,10,4,0,24,0,0,0,0
122.042,3,0,4,0,0,0,0,-1,0,3.0000,-1,10,10,4,0,24,0,0,0,0
122.0666,3,0,4,0,0,0,0,-1,0,3.0000,-1,10,10,4,0,24,0,0,0,0
122.0905,3,0,4,0,0,0,0,-1,0,3.0000,-1,10,10,4,0,24,0,0,0,0
122.112,3,0,4,0,0,0,0,-1,0,3.0000,-1,10,10,4,0,24,0,0,0,0
122.1335,3,0,4,0,0,0,0,-1,0,3.0000,-1,10,10,4,0,24,0,0,0,0
122.1558,3,0,4,0,0,0,0,-1,0,3.0000,-1,10,10,4,0,24,0,0,0,0
122.1991,3,0,4,0,0,0,0,-1,0,3.0000,-1,10,10,4,0,24,0,0,0,0
122.2191,3,0,4,0,0,0,0,-1,0,3.0000,-1,10,10,4,0,24,0,0,0,0
122.2372,3,0,4,0,0,0,0,-1,0,3.0000,-1,10,10,4,0,24,0,0,0,0
122.2546,3,0,4,0,0,0,0,-1,0,3.0000,-1,10,10,4,0,24,0,0,0,0
122.2729,3,0,4,0,0,0,0,-1,0,3.0000,-1,10,10,4,0,24,0,0,0,0
122.2937,3,0,4,0,0,0,0,-1,0,3.0000,-1,10,10,4,0,24,0,0,0,0
122.3173,3,0,4,0,0,0,0,-1,0,3.0000,-1,10,10,4,0,24,0,0,0,0
122.3409,3,0,4,0,0,0,0,-1,0,3.0000,-1,10,10,4,0,24,0,0,0,0
122.3642,3,0,4,0,0,0,0,-1,0,3.0000,-1,10,10,4,0,24,0,0,0,0
122.3861,3,0,4,0,0,0,0,-1,1,4.0000,94,10,10,5,0,25,0,0,0,0
122.4121,3,0,4,0,0,0,0,-1,0,4.0000,-1,10,10,5,0,25,0,0,0,0
122.4285,3,0,4,0,0,0,0,-1,0,4.0000,-1,10,10,5,0,25,0,0,0,0
122.4546,3,0,4,0,0,0,0,-1,0,4.0000,-1,10,10,5,0,25,0,0,0,0
122.4761,3,0,4,0,0,0,0,-1,0,3.0000,-1,10,10,5,0,25,0,0,0,0
122.4977,3,0,4,0,0,0,0,-1,0,2.0000,-1,10,10,5,0,25,0,0,0,0
122.5208,3,0,4,0,0,0,0,-1,0,2.0000,-1,10,10,5,0,25,0,0,0,0
122.5448,3,0,4,0,0,0,0,-1,0,2.0000,-1,10,10,5,0,25,0,0,0,0
122.5638,3,0,4,0,0,0,0,-1,0,2.0000,-1,10,10,5,0,25,0,0,0,0
122.5868,3,0,4,0,0,0,0,-1,0,1.0000,-1,10,10,5,0,25,0,0,0,0
122.6279,3,0,4,0,0,0,0,-1,1,2.0000,-1,10,10,5,0,25,0,0,0,0
122.648,3,0,4,0,0,0,0,-1,0,2.0000,-1,10,10,5,0,25,0,0,0,0
122.6653,3,0,4,0,0,0,0,-1,0,2.0000,-1,10,10,5,0,25,0,0,0,0
122.681,3,0,4,0,0,0,0,-1,0,2.0000,-1,10,10,5,0,25,0,0,0,0
122.6981,3,0,4,0,0,0,0,-1,0,2.0000,-1,10,10,5,0,25,0,0,0,0
122.7204,3,0,4,0,0,0,0,-1,0,2.0000,-1,10,10,5,0,25,0,0,0,0
122.7415,3,0,4,0,0,0,0,-1,0,2.0000,-1,10,10,5,0,25,0,0,0,0
122.7634,3,0,4,0,0,0,0,-1,0,2.0000,-1,10,10,5,0,25,0,0,0,0
122.7866,3,0,4,0,0,0,0,-1,0,2.0000,-1,10,10,5,0,25,0,0,0,0
122.8092,3,0,4,0,0,0,0,-1,0,2.0000,-1,10,10,5,0,25,0,0,0,0
122.8324,3,0,4,0,0,0,0,-1,0,2.0000,-1,10,10,5,0,25,0,0,0,0
122.8543,3,0,4,0,0,0,0,-1,0,2.0000,-1,10,10,5,0,25,0,0,0,0
122.8747,3,0,4,0,0,0,0,-1,0,2.0000,-1,10,10,5,0,25,0,0,0,0
122.8971,3,0,4,0,0,0,0,-1,0,2.0000,-1,10,10,5,0,25,0,0,0,0
122.9185,3,0,4,0,0,0,0,-1,0,2.0000,-1,10,10,5,0,25,0,0,0,0
122.9395,3,0,4,0,0,0,0,-1,0,2.0000,-1,10,10,5,0,25,0,0,0,0
122.9616,3,0,4,0,0,0,0,-1,0,2.0000,-1,10,10,5,0,25,0,0,0,0
122.9865,3,0,4,0,0,0,0,-1,0,2.0000,-1,10,10,5,0,25,0,0,0,0
123.0059,3,0,4,0,0,0,0,-1,0,2.0000,-1,10,10,5,0,25,0,0,0,0
123.0271,3,0,4,0,0,0,0,-1,0,2.0000,-1,10,10,5,0,25,0,0,0,0
123.0686,3,0,4,0,0,0,0,-1,0,2.0000,-1,10,10,5,0,25,0,0,0,0
123.0878,3,0,4,0,0,0,0,-1,0,2.0000,-1,10,10,5,0,25,0,0,0,0
123.1042,3,0,4,0,0,0,0,-1,0,2.0000,-1,10,10,5,0,25,0,0,0,0
123.1219,3,0,4,0,0,0,0,-1,0,2.0000,-1,10,10,5,0,25,0,0,0,0
123.1399,3,0,4,0,0,0,0,-1,0,2.0000,-1,10,10,5,0,25,0,0,0,0
123.1585,3,0,4,0,0,0,0,-1,0,2.0000,-1,10,10,5,0,25,0,0,0,0
123.1829,3,0,4,0,0,0,0,-1,0,2.0000,-1,10,10,5,0,25,0,0,0,0
123.2031,3,0,4,0,0,0,0,-1,0,2.0000,-1,10,10,5,0,25,0,0,0,0
123.2235,3,0,4,0,0,0,0,-1,0,2.0000,-1,10,10,5,0,25,0,0,0,0
123.2437,3,0,4,0,0,0,0,-1,0,2.0000,-1,10,10,5,0,25,0,0,0,0
123.2658,3,0,4,0,0,0,0,-1,0,2.0000,-1,10,10,5,0,25,0,0,0,0
123.2881,3,0,4,0,0,0,0,-1,0,2.0000,-1,10,10,5,0,25,0,0,0,0
123.308,3,0,4,0,0,0,0,-1,0,2.0000,-1,10,10,5,0,25,0,0,0,0
123.328,3,0,4,0,0,0,0,-1,0,2.0000,-1,10,10,5,0,25,0,0,0,0
123.3493,3,0,4,0,0,0,0,-1,0,2.0000,-1,10,10,5,0,25,0,0,0,0
123.3702,3,0,4,0,0,0,0,-1,0,2.0000,-1,10,10,5,0,25,0,0,0,0
123.3924,3,0,4,0,0,0,0,-1,0,1.0000,-1,10,10,5,0,25,0,0,0,0
123.4125,3,0,4,0,0,0,0,-1,0,1.0000,-1,10,10,5,0,25,0,0,0,0
123.4343,3,0,4,0,0,0,0,-1,0,1.0000,-1,10,10,5,0,25,0,0,0,0
123.4534,3,0,4,0,0,0,0,-1,0,1.0000,-1,10,10,5,0,25,0,0,0,0
123.4758,3,0,4,0,0,0,0,-1,0,1.0000,-1,10,10,5,0,25,0,0,0,0
123.4964,3,0,4,0,0,0,0,-1,0,1.0000,-1,10,10,5,0,25,0,0,0,0
123.5183,3,0,4,0,0,0,0,-1,0,1.0000,-1,10,10,5,0,25,0,0,0,0
123.5397,3,0,4,0,0,0,0,-1,0,1.0000,-1,10,10,5,0,25,0,0,0,0
123.5587,3,0,4,0,0,0,0,-1,0,1.0000,-1,10,10,5,0,25,0,0,0,0
123.5808,3,0,4,0,0,0,0,-1,0,1.0000,-1,10,10,5,0,25,0,0,0,0
123.6014,3,0,4,0,0,0,0,-1,0,1.0000,-1,10,10,5,0,25,0,0,0,0
123.6214,3,0,4,0,0,0,0,-1,0,1.0000,-1,10,10,5,0,25,0,0,0,0
123.6432,3,0,4,0,0,0,0,-1,0,0.0000,-1,10,10,5,0,25,0,0,0,0
123.6641,3,0,4,0,0,0,0,-1,0,0.0000,-1,10,10,5,0,25,0,0,0,0
123.6851,3,0,4,0,0,0,0,-1,0,0.0000,-1,10,10,5,0,25,0,0,0,0
123.7054,3,0,4,0,0,0,0,-1,0,0.0000,-1,10,10,5,0,25,0,0,0,0
123.726,3,0,4,0,0,0,0,-1,0,0.0000,-1,10,10,5,0,25,0,0,0,0
123.746,3,0,4,0,0,0,0,-1,0,0.0000,-1,10,10,5,0,25,0,0,0,0
123.7729,3,0,4,0,0,0,0,-1,0,0.0000,-1,10,10,5,0,25,0,0,0,0
123.7962,3,0,4,0,0,0,0,-1,0,0.0000,-1,10,10,5,0,25,0,0,0,0
123.8155,3,0,4,0,0,0,0,-1,0,0.0000,-1,10,10,5,0,25,0,0,0,0
123.8321,3,0,4,0,0,0,0,-1,0,0.0000,-1,10,10,5,0,25,0,0,0,0
123.8561,3,0,4,0,0,0,0,-1,0,0.0000,-1,10,10,5,0,25,0,0,0,0
123.8761,3,0,4,0,0,0,0,-1,0,0.0000,-1,10,10,5,0,25,0,0,0,0
123.9178,3,0,4,0,0,0,0,-1,0,0.0000,-1,10,10,5,0,25,0,0,0,0
123.9345,3,0,4,0,0,0,0,-1,0,0.0000,-1,10,10,5,0,25,0,0,0,0
123.9509,3,0,4,0,0,0,0,-1,0,0.0000,-1,10,10,5,0,25,0,0,0,0
123.9651,3,0,4,0,0,0,0,-1,0,0.0000,-1,10,10,5,0,25,0,0,0,0
123.9885,3,0,4,0,0,0,0,-1,0,0.0000,-1,10,10,5,0,25,0,0,0,0
124.0106,3,0,4,0,0,0,0,-1,0,0.0000,-1,10,10,5,0,25,0,0,0,0
124.0298,3,0,4,0,0,0,0,-1,0,0.0000,-1,10,10,5,0,25,0,0,0,0
124.0509,3,0,4,0,0,0,0,-1,0,0.0000,-1,10,10,5,0,25,0,0,0,0
124.0738,3,0,4,0,0,0,0,-1,0,0.0000,-1,10,10,5,0,25,0,0,0,0
124.0942,3,0,4,0,0,0,0,-1,0,0.0000,-1,10,10,5,0,25,0,0,0,0
124.114,3,0,4,0,0,0,0,-1,0,0.0000,-1,10,10,5,0,25,0,0,0,0
124.1347,3,0,4,0,0,0,0,-1,0,0.0000,-1,10,10,5,0,25,0,0,0,0
124.1555,3,0,4,0,0,0,0,-1,0,0.0000,-1,10,10,5,0,25,0,0,0,0
124.176,3,0,4,0,0,0,0,-1,0,0.0000,-1,10,10,5,0,25,0,0,0,0
124.1973,3,0,4,0,0,0,0,-1,0,0.0000,-1,10,10,5,0,25,0,0,0,0
124.2167,3,0,4,0,0,0,0,-1,0,0.0000,-1,10,10,5,0,25,0,0,0,0
124.2391,3,0,4,0,0,0,0,-1,1,1.0000,-1,10,10,5,0,25,0,0,0,0
124.2591,3,0,4,0,0,0,0,-1,0,1.0000,-1,10,10,5,0,25,0,0,0,0
124.287,3,0,4,0,0,0,0,-1,0,1.0000,-1,10,10,5,0,25,0,0,0,0
124.3107,3,0,4,0,0,0,0,-1,0,1.0000,-1,10,10,5,0,25,0,0,0,0
124.3273,3,0,4,0,0,0,0,-1,0,1.0000,-1,10,10,5,0,25,0,0,0,0
124.3467,3,0,4,0,0,0,0,-1,0,1.0000,-1,10,10,5,0,25,0,0,0,0
124.3735,3,0,4,0,0,0,0,-1,0,1.0000,-1,10,10,5,0,25,0,0,0,0
124.3976,3,0,4,0,0,0,0,-1,0,1.0000,-1,10,10,5,0,25,0,0,0,0
124.4219,3,0,4,0,0,0,0,-1,0,1.0000,-1,10,10,5,0,25,0,0,0,0
124.4497,3,0,4,0,0,0,0,-1,0,1.0000,-1,10,10,5,0,25,0,0,0,0
124.4756,3,0,4,0,0,0,0,-1,0,1.0000,-1,10,10,5,0,25,0,0,0,0
124.4964,3,0,4,0,0,0,0,-1,0,1.0000,-1,10,10,5,0,25,0,0,0,0
124.5162,3,0,4,0,0,0,1,97,0,1.0000,-1,10,10,5,0,25,0,0,0,0
124.5659,3,0,4,0,0,0,1,97,0,1.0000,-1,10,10,5,0,25,0,0,0,0
124.5822,3,0,4,0,0,0,1,97,0,1.0000,-1,10,10,5,0,25,0,0,0,0
124.5995,3,0,4,0,0,0,1,97,0,1.0000,-1,10,10,5,0,25,0,0,0,0
124.6305,3,0,4,0,0,0,1,97,0,1.0000,-1,10,10,5,0,25,0,0,0,0
124.6487,3,0,4,0,0,0,1,97,0,1.0000,-1,10,10,5,0,25,0,0,0,0
124.6738,3,0,4,0,0,0,1,97,0,1.0000,-1,10,10,5,0,25,0,0,0,0
124.6974,3,0,4,0,0,0,1,97,0,1.0000,-1,10,10,5,0,25,0,0,0,0
124.7197,3,0,4,0,0,0,1,97,0,1.0000,-1,10,10,5,0,25,0,0,0,0
124.7422,3,0,4,0,0,0,1,97,0,1.0000,-1,10,10,5,0,25,0,0,0,0
124.7627,3,0,4,0,0,0,0,-1,1,2.0000,-1,10,10,5,0,25,0,0,0,0
124.7857,3,0,4,0,0,0,0,-1,0,2.0000,-1,10,10,5,0,25,0,0,0,0
124.808,3,0,4,0,0,0,0,-1,0,2.0000,-1,10,10,5,0,25,0,0,0,0
124.8298,3,0,4,0,0,0,0,-1,0,2.0000,-1,10,10,5,0,25,0,0,0,0
124.8516,3,0,4,0,0,0,0,-1,0,2.0000,-1,10,10,5,0,25,0,0,0,0
124.873,3,0,4,0,0,0,0,-1,0,2.0000,-1,10,10,5,0,25,0,0,0,0
124.8957,3,0,4,0,0,0,0,-1,0,2.0000,-1,10,10,5,0,25,0,0,0,0
124.9156,3,0,4,0,0,0,0,-1,0,2.0000,-1,10,10,5,0,25,0,0,0,0
124.9333,3,0,4,0,0,0,0,-1,0,2.0000,-1,10,10,5,0,25,0,0,0,0
124.9776,3,0,4,0,0,0,0,-1,0,2.0000,-1,10,10,5,0,25,0,0,0,0
124.9918,3,0,4,0,0,0,0,-1,0,2.0000,-1,10,10,5,0,25,0,0,0,0
125.0084,3,0,4,0,0,0,0,-1,0,2.0000,-1,10,10,5,0,25,0,0,0,0
125.0289,3,0,4,0,0,0,0,-1,0,2.0000,-1,10,10,5,0,25,0,0,0,0
125.0491,3,0,4,0,0,0,0,-1,0,2.0000,-1,10,10,5,0,25,0,0,0,0
125.0713,3,0,4,0,0,0,0,-1,0,2.0000,-1,10,10,5,0,25,0,0,0,0
125.0924,3,0,4,0,0,0,0,-1,0,2.0000,-1,10,10,5,0,25,0,0,0,0
125.1127,3,0,4,0,0,0,0,-1,0,2.0000,-1,10,10,5,0,25,0,0,0,0
125.1361,3,0,4,0,0,0,0,-1,0,2.0000,-1,10,10,5,0,25,0,0,0,0
125.1783,3,0,4,0,0,0,0,-1,0,2.0000,-1,10,10,5,0,25,0,0,0,0
125.1945,3,0,4,0,0,0,0,-1,0,2.0000,-1,10,10,5,0,25,0,0,0,0
125.2099,3,0,4,0,0,0,0,-1,0,2.0000,-1,10,10,5,0,25,0,0,0,0
125.2269,3,0,4,0,0,0,0,-1,0,2.0000,-1,10,10,5,0,25,0,0,0,0
125.2485,3,0,4,0,0,0,0,-1,0,1.0000,-1,10,10,5,0,25,0,0,0,0
125.2725,3,0,4,0,0,0,0,-1,0,1.0000,-1,10,10,5,0,25,0,0,0,0
125.2941,3,0,4,0,0,0,0,-1,0,1.0000,-1,10,10,5,0,25,0,0,0,0
125.3165,3,0,4,0,0,0,0,-1,0,1.0000,-1,10,10,5,0,25,0,0,0,0
125.3398,3,0,4,0,0,0,0,-1,0,1.0000,-1,10,10,5,0,25,0,0,0,0
125.3777,3,0,4,0,0,0,0,-1,0,1.0000,-1,10,10,5,0,25,0,0,0,0
125.3914,3,0,4,0,0,0,0,-1,0,1.0000,-1,10,10,5,0,25,0,0,0,0
125.4097,3,0,4,0,0,0,0,-1,0,1.0000,-1,10,10,5,0,25,0,0,0,0
125.4321,3,0,4,0,0,0,0,-1,0,1.0000,-1,10,10,5,0,25,0,0,0,0
125.4543,3,0,4,0,0,0,0,-1,0,1.0000,-1,10,10,5,0,25,0,0,0,0
125.4747,3,0,4,0,0,0,0,-1,0,1.0000,-1,10,10,5,0,25,0,0,0,0
125.4955,3,0,4,0,0,0,0,-1,0,1.0000,-1,10,10,5,0,25,0,0,0,0
125.5162,3,0,4,0,0,0,0,-1,0,1.0000,-1,10,10,5,0,25,0,0,0,0
125.5377,3,0,4,0,0,0,0,-1,0,1.0000,-1,10,10,5,0,25,0,0,0,0
125.5597,3,0,4,0,0,0,0,-1,0,1.0000,-1,10,10,5,0,25,0,0,0,0
125.5811,3,0,4,0,0,0,0,-1,0,1.0000,-1,10,10,5,0,25,0,0,0,0
125.6031,3,0,4,0,0,0,0,-1,0,1.0000,-1,10,10,5,0,25,0,0,0,0
125.6225,3,0,4,0,0,0,0,-1,0,1.0000,-1,10,10,5,0,25,0,0,0,0
125.6441,3,0,4,0,0,0,0,-1,0,1.0000,-1,10,10,5,0,25,0,0,0,0
125.6653,3,0,4,0,0,0,0,-1,0,1.0000,-1,10,10,5,0,25,0,0,0,0
125.6853,3,0,4,0,0,0,0,-1,0,1.0000,-1,10,10,5,0,25,0,0,0,0
125.7057,3,0,4,0,0,0,0,-1,1,2.0000,-1,10,10,5,0,25,0,0,0,0
125.726,3,0,4,0,0,0,0,-1,0,2.0000,-1,10,10,5,0,25,0,0,0,0
125.747,3,0,4,0,0,0,0,-1,0,2.0000,-1,10,10,5,0,25,0,0,0,0
125.7667,3,0,4,0,0,0,0,-1,0,1.0000,-1,10,10,5,0,25,0,0,0,0
125.7873,3,0,4,0,0,0,0,-1,0,1.0000,-1,10,10,5,0,25,0,0,0,0
125.8066,3,0,4,0,0,0,0,-1,0,1.0000,-1,10,10,5,0,25,0,0,0,0
125.8295,3,0,4,0,0,0,0,-1,0,1.0000,-1,10,10,5,0,25,0,0,0,0
125.8506,3,0,4,0,0,0,0,-1,0,1.0000,-1,10,10,5,0,25,0,0,0,0
125.8737,3,0,4,0,0,0,0,-1,0,1.0000,-1,10,10,5,0,25,0,0,0,0
125.8916,3,0,4,0,0,0,0,-1,0,1.0000,-1,10,10,5,0,25,0,0,0,0
125.9138,3,0,4,0,0,0,0,-1,0,1.0000,-1,10,10,5,0,25,0,0,0,0
125.9337,3,0,4,0,0,0,0,-1,0,1.0000,-1,10,10,5,0,25,0,0,0,0
125.9572,3,0,4,0,0,0,0,-1,0,1.0000,-1,10,10,5,0,25,0,0,0,0
125.9767,3,0,4,0,0,0,0,-1,0,1.0000,-1,10,10,5,0,25,0,0,0,0
126.0166,3,0,4,0,0,0,0,-1,0,1.0000,-1,10,10,5,0,25,0,0,0,0
126.031,3,0,4,0,0,0,0,-1,0,1.0000,-1,10,10,5,0,25,0,0,0,0
126.0465,3,0,4,0,0,0,0,-1,0,1.0000,-1,10,10,5,0,25,0,0,0,0
126.0684,3,0,4,0,0,0,0,-1,0,1.0000,-1,10,10,5,0,25,0,0,0,0
126.0913,3,0,4,0,0,0,0,-1,0,1.0000,-1,10,10,5,0,25,0,0,0,0
126.113,3,0,4,0,0,0,0,-1,0,1.0000,-1,10,10,5,0,25,0,0,0,0
126.1346,3,0,4,0,0,0,0,-1,0,1.0000,-1,10,10,5,0,25,0,0,0,0
126.1555,3,0,4,0,0,0,0,-1,0,1.0000,-1,10,10,5,0,25,0,0,0,0
126.1774,3,0,4,0,0,0,0,-1,0,1.0000,-1,10,10,5,0,25,0,0,0,0
126.1983,3,0,4,0,0,0,0,-1,0,1.0000,-1,10,10,5,0,25,0,0,0,0
126.2197,3,0,4,0,0,0,0,-1,0,1.0000,-1,10,10,5,0,25,0,0,0,0
126.2398,3,0,4,0,0,0,0,-1,0,1.0000,-1,10,10,5,0,25,0,0,0,0
126.2616,3,0,4,0,0,0,0,-1,0,1.0000,-1,10,10,5,0,25,0,0,0,0
126.2816,3,0,4,0,0,0,0,-1,0,1.0000,-1,10,10,5,0,25,0,0,0,0
126.2998,3,0,4,0,0,0,0,-1,0,1.0000,-1,10,10,5,0,25,0,0,0,0
126.3251,3,0,4,0,0,0,0,-1,0,1.0000,-1,10,10,5,0,25,0,0,0,0
126.3462,3,0,4,0,0,0,0,-1,0,1.0000,-1,10,10,5,0,25,0,0,0,0
126.3643,3,0,4,0,0,0,0,-1,0,1.0000,-1,10,10,5,0,25,0,0,0,0
126.3863,3,0,4,0,0,0,0,-1,0,1.0000,-1,10,10,5,0,25,0,0,0,0
126.4057,3,0,4,0,0,0,0,-1,0,1.0000,-1,10,10,5,0,25,0,0,0,0
126.4286,3,0,4,0,0,0,0,-1,0,1.0000,-1,10,10,5,0,25,0,0,0,0
126.4474,3,0,4,0,0,0,0,-1,0,1.0000,-1,10,10,5,0,25,0,0,0,0
126.4689,3,0,4,0,0,0,0,-1,0,1.0000,-1,10,10,5,0,25,0,0,0,0
126.4891,3,0,4,0,0,0,0,-1,0,1.0000,-1,10,10,5,0,25,0,0,0,0
126.5109,3,0,4,0,0,0,0,-1,0,1.0000,-1,10,10,5,0,25,0,0,0,0
126.533,3,0,4,0,0,0,0,-1,0,1.0000,-1,10,10,5,0,25,0,0,0,0
126.5502,3,0,4,0,0,0,0,-1,0,1.0000,-1,10,10,5,0,25,0,0,0,0
126.5702,3,0,4,0,0,0,0,-1,0,1.0000,-1,10,10,5,0,25,0,0,0,0
126.5926,3,0,4,0,0,0,0,-1,0,1.0000,-1,10,10,5,0,25,0,0,0,0
126.6137,3,0,4,0,0,0,0,-1,0,1.0000,-1,10,10,5,0,25,0,0,0,0
126.6333,3,0,4,0,0,0,0,-1,0,1.0000,-1,10,10,5,0,25,0,0,0,0
126.6546,3,0,4,0,0,0,0,-1,0,1.0000,-1,10,10,5,0,25,0,0,0,0
126.6744,3,0,4,0,0,0,0,-1,0,1.0000,-1,10,10,5,0,25,0,0,0,0
126.6953,3,0,4,0,0,0,0,-1,0,1.0000,-1,10,10,5,0,25,0,0,0,0
126.7163,3,0,4,0,0,0,0,-1,0,0.0000,-1,10,10,5,0,25,0,0,0,0
126.7355,3,0,4,0,0,0,0,-1,0,0.0000,-1,10,10,5,0,25,0,0,0,0
126.7576,3,0,4,0,0,0,0,-1,0,0.0000,-1,10,10,5,0,25,0,0,0,0
126.7785,3,0,4,0,0,0,0,-1,0,0.0000,-1,10,10,5,0,25,0,0,0,0
126.7977,3,0,4,0,0,0,0,-1,0,0.0000,-1,10,10,5,0,25,0,0,0,0
126.8202,3,0,4,0,0,0,0,-1,0,0.0000,-1,10,10,5,0,25,0,0,0,0
126.8399,3,0,4,0,0,0,0,-1,0,0.0000,-1,10,10,5,0,25,0,0,0,0
126.8611,3,0,4,0,0,0,0,-1,0,0.0000,-1,10,10,5,0,25,0,0,0,0
126.8819,3,0,4,0,0,0,0,-1,0,0.0000,-1,10,10,5,0,25,0,0,0,0
126.902,3,0,4,0,0,0,0,-1,0,0.0000,-1,10,10,5,0,25,0,0,0,0
126.9243,3,0,4,0,0,0,0,-1,0,0.0000,-1,10,10,5,0,25,0,0,0,0
126.944,3,0,4,0,0,0,0,-1,0,0.0000,-1,10,10,5,0,25,0,0,0,0
126.9646,3,0,4,0,0,0,0,-1,0,0.0000,-1,10,10,5,0,25,0,0,0,0
126.9851,3,0,4,0,0,0,0,-1,0,0.0000,-1,10,10,5,0,25,0,0,0,0
127.0053,3,0,4,0,0,0,0,-1,0,0.0000,-1,10,10,5,0,25,0,0,0,0
127.0269,3,0,4,0,0,0,0,-1,0,0.0000,-1,10,10,5,0,25,0,0,0,0
127.0465,3,0,4,0,0,0,0,-1,0,0.0000,-1,10,10,5,0,25,0,0,0,0
127.0668,3,0,4,0,0,0,0,-1,0,0.0000,-1,10,10,5,0,25,0,0,0,0
127.0871,3,0,4,1,0,0,0,-1,0,0.0000,-1,10,10,5,0,25,0,0,0,0
127.1088,3,0,4,1,0,0,0,-1,0,0.0000,-1,10,10,5,0,25,0,0,0,0
127.1313,3,0,4,1,0,0,0,-1,0,0.0000,-1,10,10,5,0,25,0,0,0,0
127.1519,3,0,4,1,0,0,0,-1,1,1.0000,-1,10,10,5,0,25,0,0,0,0
127.1702,3,0,4,1,0,0,0,-1,1,2.0000,-1,10,10,5,0,25,0,0,0,0
127.1904,3,0,4,1,0,0,0,-1,0,2.0000,-1,10,10,5,0,25,0,0,0,0
127.2099,3,0,4,1,0,0,0,-1,0,2.0000,-1,10,10,5,0,25,0,0,0,0
127.2499,3,0,4,1,0,0,0,-1,0,2.0000,-1,10,10,5,0,25,0,0,0,0
127.2692,3,0,4,1,0,0,0,-1,0,2.0000,-1,10,10,5,0,25,0,0,0,0
127.2851,3,0,4,1,0,0,0,-1,0,2.0000,-1,10,10,5,0,25,0,0,0,0
127.3,3,0,4,1,0,0,0,-1,0,2.0000,-1,10,10,5,0,25,0,0,0,0
127.3172,3,0,4,1,0,0,0,-1,0,2.0000,-1,10,10,5,0,25,0,0,0,0
127.335,3,0,4,1,0,0,0,-1,0,2.0000,-1,10,10,5,0,25,0,0,0,0
127.3557,3,0,4,0,0,0,0,-1,0,2.0000,-1,10,10,5,0,25,0,0,0,0
127.3769,3,0,4,0,0,0,0,-1,0,2.0000,-1,10,10,5,0,25,0,0,0,0
127.3983,3,0,4,0,0,0,0,-1,0,2.0000,-1,10,10,5,0,25,0,0,0,0
127.4224,3,0,4,0,0,0,0,-1,0,2.0000,-1,10,10,5,0,25,0,0,0,0
127.4567,3,0,4,0,0,0,0,-1,0,2.0000,-1,10,10,5,0,25,0,0,0,0
127.47,3,0,4,0,0,0,0,-1,0,2.0000,-1,10,10,5,0,25,0,0,0,0
127.4846,3,0,4,0,0,0,0,-1,0,2.0000,-1,10,10,5,0,25,0,0,0,0
127.5003,3,0,4,0,0,0,0,-1,0,2.0000,-1,10,10,5,0,25,0,0,0,0
127.5224,3,0,4,0,0,0,0,-1,0,2.0000,-1,10,10,5,0,25,0,0,0,0
127.5451,3,0,4,0,0,0,0,-1,0,2.0000,-1,10,10,5,0,25,0,0,0,0
127.5638,3,0,4,0,0,0,0,-1,0,2.0000,-1,10,10,5,0,25,0,0,0,0
127.5854,3,0,4,0,0,0,0,-1,1,3.0000,-1,10,10,5,0,25,0,0,0,0
127.6023,3,0,4,0,0,0,0,-1,0,3.0000,-1,10,10,5,0,25,0,0,0,0
127.6231,3,0,4,0,0,0,0,-1,0,3.0000,-1,10,10,5,0,25,0,0,0,0
127.6446,3,0,4,0,0,0,0,-1,0,3.0000,-1,10,10,5,0,25,0,0,0,0
127.663,3,0,4,0,0,0,0,-1,0,3.0000,-1,10,10,5,0,25,0,0,0,0
127.6853,3,0,4,0,0,0,0,-1,0,3.0000,-1,10,10,5,0,25,0,0,0,0
127.7022,3,0,4,0,0,0,0,-1,0,3.0000,-1,10,10,5,0,25,0,0,0,0
127.7243,3,0,4,0,0,0,0,-1,0,3.0000,-1,10,10,5,0,25,0,0,0,0
127.7425,3,0,4,0,0,0,0,-1,0,3.0000,-1,10,10,5,0,25,0,0,0,0
127.7638,3,0,4,0,0,0,0,-1,0,3.0000,-1,10,10,5,0,25,0,0,0,0
127.7838,3,0,4,0,0,0,0,-1,0,3.0000,-1,10,10,5,0,25,0,0,0,0
127.801,3,0,4,0,0,0,0,-1,0,3.0000,-1,10,10,5,0,25,0,0,0,0
127.8235,3,0,4,0,1,0,0,-1,0,3.0000,-1,10,10,5,0,25,0,0,0,0
127.8622,3,0,4,0,1,0,0,-1,1,4.0000,-1,10,10,5,0,25,0,0,0,0
127.8774,3,0,4,0,1,0,0,-1,0,4.0000,-1,10,10,5,0,25,0,0,0,0
127.8896,3,0,4,0,1,0,0,-1,0,4.0000,-1,10,10,5,0,25,0,0,0,0
127.907,3,0,4,0,1,0,0,-1,0,4.0000,-1,10,10,5,0,25,0,0,0,0
127.9291,3,0,4,0,1,0,0,-1,0,4.0000,-1,10,10,5,0,25,0,0,0,0
127.9486,3,0,4,0,1,0,0,-1,0,4.0000,-1,10,10,5,0,25,0,0,0,0
127.9658,3,0,4,0,1,0,0,-1,0,4.0000,-1,10,10,5,0,25,0,0,0,0
127.9862,3,0,4,0,1,0,0,-1,0,4.0000,-1,10,10,5,0,25,0,0,0,0
128.0087,3,0,4,0,1,0,0,-1,0,4.0000,-1,10,10,5,0,25,0,0,0,0
128.0268,3,0,4,0,1,0,0,-1,0,4.0000,-1,10,10,5,0,25,0,0,0,0
128.0443,3,0,4,0,1,0,0,-1,1,5.0000,-1,10,10,5,0,25,0,0,0,0
128.0642,3,0,4,0,1,0,0,-1,0,5.0000,-1,10,10,5,0,25,0,0,0,0
128.0845,3,0,4,0,1,0,0,-1,0,5.0000,-1,10,10,5,0,25,0,0,0,0
128.1066,3,0,4,0,1,0,0,-1,0,5.0000,-1,10,10,5,0,25,0,0,0,0
128.1266,3,0,4,0,1,0,0,-1,0,5.0000,-1,10,10,5,0,25,0,0,0,0
128.1456,3,0,4,0,1,0,0,-1,0,5.0000,-1,10,10,5,0,25,0,0,0,0
128.1648,3,0,4,0,1,0,0,-1,0,4.0000,-1,10,10,5,0,25,0,0,0,0
128.1847,3,0,4,0,1,0,0,-1,0,3.0000,-1,10,10,5,0,25,0,0,0,0
128.2045,3,0,4,0,1,0,0,-1,0,3.0000,-1,10,10,5,0,25,0,0,0,0
128.2216,3,0,4,0,1,0,0,-1,0,3.0000,-1,10,10,5,0,25,0,0,0,0
128.2412,3,0,4,0,1,0,0,-1,0,3.0000,-1,10,10,5,0,25,0,0,0,0
128.2607,3,0,4,0,1,0,0,-1,0,3.0000,-1,10,10,5,0,25,0,0,0,0
128.2811,3,0,4,0,1,0,0,-1,0,3.0000,-1,10,10,5,0,25,0,0,0,0
128.2993,3,0,4,0,1,0,0,-1,0,3.0000,-1,10,10,5,0,25,0,0,0,0
128.3173,3,0,4,0,1,0,0,-1,0,3.0000,-1,10,10,5,0,25,0,0,0,0
128.3385,3,0,4,0,1,0,0,-1,0,3.0000,-1,10,10,5,0,25,0,0,0,0
128.3557,3,0,4,0,1,0,0,-1,0,3.0000,-1,10,10,5,0,25,0,0,0,0
128.3768,3,0,4,0,1,0,0,-1,1,4.0000,-1,10,10,5,0,25,0,0,0,0
128.3959,3,0,4,0,1,0,0,-1,0,4.0000,-1,10,10,5,0,25,0,0,0,0
128.4157,3,0,4,0,1,0,0,-1,0,4.0000,-1,10,10,5,0,25,0,0,0,0
128.4344,3,0,4,0,1,0,1,103,0,4.0000,-1,10,10,5,0,25,0,0,0,0
128.4535,3,0,4,0,1,0,1,103,0,4.0000,-1,10,10,5,0,25,0,0,0,0
128.4732,3,0,4,0,1,0,1,103,0,4.0000,-1,10,10,5,0,25,0,0,0,0
128.4939,3,0,4,0,1,0,1,103,0,4.0000,-1,10,10,5,0,25,0,0,0,0
128.5147,3,0,4,0,1,0,1,103,0,4.0000,-1,10,10,5,0,25,0,0,0,0
128.5308,3,0,4,0,1,0,1,103,0,4.0000,-1,10,10,5,0,25,0,0,0,0
128.5524,3,0,4,0,1,0,1,103,0,4.0000,-1,10,10,5,0,25,0,0,0,0
128.573,3,0,4,0,1,0,0,-1,0,4.0000,-1,10,10,5,0,25,0,0,0,0
128.5916,3,0,4,0,1,0,0,-1,0,3.0000,-1,10,10,5,0,25,0,0,0,0
128.6116,3,0,4,0,1,0,0,-1,0,3.0000,-1,10,10,5,0,25,0,0,0,0
128.6362,3,0,4,0,1,0,0,-1,0,3.0000,-1,10,10,5,0,25,0,0,0,0
128.654,3,0,4,0,1,0,0,-1,0,3.0000,-1,10,10,5,0,25,0,0,0,0
128.6966,3,0,4,0,1,0,0,-1,0,3.0000,-1,10,10,5,0,25,0,0,0,0
128.713,3,0,4,0,1,0,0,-1,0,3.0000,-1,10,10,5,0,25,0,0,0,0
128.7289,3,0,4,0,1,0,0,-1,0,3.0000,-1,10,10,5,0,25,0,0,0,0
128.7469,3,0,4,0,1,0,0,-1,0,3.0000,-1,10,10,5,0,25,0,0,0,0
128.7726,3,0,4,0,1,0,0,-1,0,3.0000,-1,10,10,5,0,25,0,0,0,0
128.7942,3,0,4,0,1,0,0,-1,0,3.0000,-1,10,10,5,0,25,0,0,0,0
128.8195,3,0,4,0,1,0,0,-1,0,3.0000,-1,10,10,5,0,25,0,0,0,0
128.8427,3,0,4,0,1,0,0,-1,0,3.0000,-1,10,10,5,0,25,0,0,0,0
128.8697,3,0,4,0,1,0,0,-1,0,2.0000,-1,10,10,5,0,25,0,0,0,0
128.9137,3,0,4,0,1,0,0,-1,1,3.0000,-1,10,10,5,0,25,0,0,0,0
128.9288,3,0,4,0,1,0,0,-1,0,3.0000,-1,10,10,5,0,25,0,0,0,0
128.9434,3,0,4,0,1,0,0,-1,0,3.0000,-1,10,10,5,0,25,0,0,0,0
128.9679,3,0,4,0,1,0,0,-1,0,3.0000,-1,10,10,5,0,25,0,0,0,0
128.9926,3,0,4,0,1,0,0,-1,0,3.0000,-1,10,10,5,0,25,0,0,0,0
129.0148,3,0,4,0,1,0,0,-1,0,3.0000,-1,10,10,5,0,25,0,0,0,0
129.0377,3,0,4,0,1,0,0,-1,1,4.0000,-1,10,10,5,0,25,0,0,0,0
129.0584,3,0,4,0,1,0,0,-1,0,3.0000,-1,10,10,5,0,25,0,0,0,0
129.0821,3,0,4,0,1,0,0,-1,0,3.0000,-1,10,10,5,0,25,0,0,0,0
129.1046,3,0,4,0,1,0,0,-1,0,3.0000,-1,10,10,5,0,25,0,0,0,0
129.1236,3,0,4,0,1,0,0,-1,0,3.0000,-1,10,10,5,0,25,0,0,0,0
129.147,3,0,4,0,1,0,0,-1,0,3.0000,-1,10,10,5,0,25,0,0,0,0
129.1691,3,0,4,0,1,0,0,-1,0,3.0000,-1,10,10,5,0,25,0,0,0,0
129.1916,3,0,4,0,1,0,0,-1,0,3.0000,-1,10,10,5,0,25,0,0,0,0
129.2132,3,0,4,0,1,0,0,-1,0,3.0000,-1,10,10,5,0,25,0,0,0,0
129.2371,3,0,4,0,1,0,0,-1,0,3.0000,-1,10,10,5,0,25,0,0,0,0
129.2575,3,0,4,0,1,0,0,-1,0,3.0000,-1,10,10,5,0,25,0,0,0,0
129.2801,3,0,4,0,1,0,0,-1,0,3.0000,-1,10,10,5,0,25,0,0,0,0
129.3073,3,0,4,0,1,0,1,102,0,3.0000,-1,10,10,5,0,25,0,0,0,0
129.3292,3,0,4,0,1,0,1,102,1,4.0000,-1,10,10,5,0,25,0,0,0,0
129.3512,3,0,4,0,1,0,1,102,0,4.0000,-1,10,10,5,0,25,0,0,0,0
129.3761,3,0,4,0,1,0,1,102,0,4.0000,-1,10,10,5,0,25,0,0,0,0
129.4002,3,0,4,0,1,0,1,102,0,3.0000,-1,10,10,5,0,25,0,0,0,0
129.4215,3,0,4,0,1,0,1,102,0,3.0000,-1,10,10,5,0,25,0,0,0,0
129.447,3,0,4,0,1,0,1,102,0,3.0000,-1,10,10,5,0,25,0,0,0,0
129.4701,3,0,4,0,1,0,1,102,0,3.0000,-1,10,10,5,0,25,0,0,0,0
129.4965,3,0,4,0,1,0,1,102,0,3.0000,-1,10,10,5,0,25,0,0,0,0
129.5161,3,0,4,0,1,0,1,102,0,3.0000,-1,10,10,5,0,25,0,0,0,0
129.5413,3,0,4,0,1,0,1,102,0,3.0000,-1,10,10,5,0,25,0,0,0,0
129.5631,3,0,4,0,1,0,1,102,0,3.0000,-1,10,10,5,0,25,0,0,0,0
129.586,3,0,4,0,1,0,1,102,0,3.0000,-1,10,10,5,0,25,0,0,0,0
129.6124,3,0,4,0,1,0,1,102,0,3.0000,-1,10,10,5,0,25,0,0,0,0
129.6361,3,0,4,0,0,0,1,102,0,3.0000,-1,10,10,5,0,25,0,0,0,0
129.6635,3,0,4,0,0,0,1,102,0,3.0000,-1,10,10,5,0,25,0,0,0,0
129.6844,3,0,4,0,0,0,1,102,1,4.0000,-1,10,10,5,0,25,0,0,0,0
129.7086,3,0,4,0,0,0,1,102,0,4.0000,-1,10,10,5,0,25,0,0,0,0
129.7318,3,0,4,0,0,0,1,102,0,4.0000,-1,10,10,5,0,25,0,0,0,0
129.7763,3,0,4,0,0,0,1,105,0,4.0000,102,10,10,6,0,26,0,0,0,0
129.7996,3,0,4,0,0,0,1,105,0,4.0000,-1,10,10,6,0,26,0,0,0,0
129.8157,3,0,4,0,0,0,0,-1,0,4.0000,-1,10,10,6,0,26,0,0,0,0
129.8309,3,0,4,0,0,0,0,-1,0,4.0000,-1,10,10,6,0,26,0,0,0,0
129.8517,3,0,4,0,0,0,0,-1,0,4.0000,-1,10,10,6,0,26,0,0,0,0
129.8781,3,0,4,0,0,0,0,-1,0,4.0000,-1,10,10,6,0,26,0,0,0,0
129.9019,3,0,4,0,0,0,0,-1,0,4.0000,-1,10,10,6,0,26,0,0,0,0
129.9253,3,0,4,0,0,0,0,-1,0,3.0000,-1,10,10,6,0,26,0,0,0,0
129.9475,3,0,4,0,0,0,0,-1,0,3.0000,-1,10,10,6,0,26,0,0,0,0
129.9937,3,0,4,0,0,0,0,-1,0,3.0000,-1,10,10,6,0,26,0,0,0,0
130.0117,3,0,4,0,0,0,0,-1,0,3.0000,-1,10,10,6,0,26,0,0,0,0
130.0307,3,0,4,0,0,0,0,-1,0,3.0000,-1,10,10,6,0,26,0,0,0,0
130.0474,3,0,4,0,0,0,0,-1,0,2.0000,-1,10,10,6,0,26,0,0,0,0
130.0738,3,0,4,0,0,0,0,-1,0,2.0000,-1,10,10,6,0,26,0,0,0,0
130.0974,3,0,4,0,0,0,0,-1,0,2.0000,-1,10,10,6,0,26,0,0,0,0
130.1204,3,0,4,0,0,0,0,-1,0,2.0000,-1,10,10,6,0,26,0,0,0,0
130.1455,3,0,4,0,0,0,0,-1,0,2.0000,-1,10,10,6,0,26,0,0,0,0
130.1675,3,0,4,0,0,0,0,-1,0,2.0000,-1,10,10,6,0,26,0,0,0,0
130.1914,3,0,4,0,0,0,0,-1,0,2.0000,-1,10,10,6,0,26,0,0,0,0
130.3048,3,0,4,0,0,0,0,-1,0,2.0000,-1,10,10,6,0,26,0,0,0,0
130.3163,3,0,4,0,0,0,0,-1,0,2.0000,-1,10,10,6,0,26,0,0,0,0
130.338,3,0,4,0,0,0,0,-1,0,1.0000,-1,10,10,6,0,26,0,0,0,0
130.3636,3,0,4,0,0,0,0,-1,0,1.0000,-1,10,10,6,0,26,0,0,0,0
130.3874,3,0,4,0,0,0,0,-1,0,1.0000,-1,10,10,6,0,26,0,0,0,0
130.4109,3,0,4,0,0,0,0,-1,1,2.0000,-1,10,10,6,0,26,0,0,0,0
130.4352,3,0,4,0,0,0,0,-1,0,2.0000,-1,10,10,6,0,26,0,0,0,0
130.4619,3,0,4,0,0,0,1,105,0,2.0000,-1,10,10,6,0,26,0,0,0,0
130.4833,3,0,4,0,0,0,1,105,0,2.0000,-1,10,10,6,0,26,0,0,0,0
130.5101,3,0,4,0,0,0,1,105,0,2.0000,-1,10,10,6,0,26,0,0,0,0
130.5324,3,0,4,0,0,0,1,105,0,2.0000,-1,10,10,6,0,26,0,0,0,0
130.5565,3,0,4,0,0,0,1,105,0,2.0000,-1,10,10,6,0,26,0,0,0,0
130.5814,3,0,4,0,0,0,1,105,0,2.0000,-1,10,10,6,0,26,0,0,0,0
130.6035,3,0,4,0,0,0,1,105,0,2.0000,-1,10,10,6,0,26,0,0,0,0
130.649,3,0,4,0,0,0,1,109,0,2.0000,105,10,10,7,0,27,0,0,0,0
130.6702,3,0,4,0,0,0,1,109,0,2.0000,-1,10,10,7,0,27,0,0,0,0
130.6868,3,0,4,0,0,0,1,109,0,1.0000,-1,10,10,7,0,27,0,0,0,0
130.7016,3,0,4,0,0,0,1,109,0,1.0000,-1,10,10,7,0,27,0,0,0,0
130.7286,3,0,4,0,0,0,1,109,1,2.0000,-1,10,10,7,0,27,0,0,0,0
130.7513,3,0,4,0,0,0,1,109,0,2.0000,-1,10,10,7,0,27,0,0,0,0
130.7745,3,0,4,0,0,0,1,109,0,2.0000,-1,10,10,7,0,27,0,0,0,0
130.7969,3,0,4,0,0,0,1,109,0,2.0000,-1,10,10,7,0,27,0,0,0,0
130.8202,3,0,4,0,0,0,1,109,0,2.0000,-1,10,10,7,0,27,0,0,0,0
130.8612,3,0,4,0,0,0,1,109,0,2.0000,-1,10,10,7,0,27,0,0,0,0
130.8727,3,0,4,0,0,0,1,109,0,2.0000,-1,10,10,7,0,27,0,0,0,0
130.8888,3,0,4,0,0,0,1,109,0,2.0000,-1,10,10,7,0,27,0,0,0,0
130.9152,3,0,4,0,0,0,1,109,0,2.0000,-1,10,10,7,0,27,0,0,0,0
130.9386,3,0,4,0,0,0,1,109,0,2.0000,-1,10,10,7,0,27,0,0,0,0
130.9645,3,0,4,0,0,0,1,109,0,2.0000,-1,10,10,7,0,27,0,0,0,0
130.9875,3,0,4,0,0,0,1,109,0,2.0000,-1,10,10,7,0,27,0,0,0,0
131.0119,3,0,4,0,0,0,1,109,0,2.0000,-1,10,10,7,0,27,0,0,0,0
131.0369,3,0,4,0,0,0,1,109,0,2.0000,-1,10,10,7,0,27,0,0,0,0
131.0602,3,0,4,0,0,0,1,109,0,2.0000,-1,10,10,7,0,27,0,0,0,0
131.0818,3,0,4,0,0,0,1,109,0,2.0000,-1,10,10,7,0,27,0,0,0,0
131.106,3,0,4,0,0,0,1,109,0,2.0000,-1,10,10,7,0,27,0,0,0,0
131.1308,3,0,4,0,0,0,1,109,0,2.0000,-1,10,10,7,0,27,0,0,0,0
131.1616,3,0,4,0,0,0,1,109,0,2.0000,-1,10,10,7,0,27,0,0,0,0
131.1856,3,0,4,0,0,0,1,109,0,2.0000,-1,10,10,7,0,27,0,0,0,0
131.2089,3,0,4,0,0,0,1,109,0,2.0000,-1,10,10,7,0,27,0,0,0,0
131.2347,3,0,4,0,0,0,1,109,0,2.0000,-1,10,10,7,0,27,0,0,0,0
131.2623,3,0,4,0,0,0,1,109,0,2.0000,-1,10,10,7,0,27,0,0,0,0
131.309,3,0,4,0,0,0,1,109,1,3.0000,-1,10,10,7,0,27,0,0,0,0
131.3263,3,0,4,0,0,0,1,109,0,3.0000,-1,10,10,7,0,27,0,0,0,0
131.3413,3,0,4,0,0,0,1,109,0,3.0000,-1,10,10,7,0,27,0,0,0,0
131.3625,3,0,4,0,0,0,1,109,0,3.0000,-1,10,10,7,0,27,0,0,0,0
131.3883,3,0,4,0,0,0,1,109,0,3.0000,-1,10,10,7,0,27,0,0,0,0
131.4128,3,0,4,0,0,0,1,109,0,2.0000,-1,10,10,7,0,27,0,0,0,0
131.4369,3,0,4,0,0,0,1,109,0,2.0000,-1,10,10,7,0,27,0,0,0,0
131.4619,3,0,4,0,0,0,1,109,0,2.0000,-1,10,10,7,0,27,0,0,0,0
131.4839,3,0,4,0,0,0,1,109,0,2.0000,-1,10,10,7,0,27,0,0,0,0
131.5046,3,0,4,0,0,0,1,109,0,2.0000,-1,10,10,7,0,27,0,0,0,0
131.5319,3,0,4,0,0,0,1,109,0,2.0000,-1,10,10,7,0,27,0,0,0,0
131.5552,3,0,4,0,0,0,1,109,1,3.0000,-1,10,10,7,0,27,0,0,0,0
131.578,3,0,4,0,0,0,1,109,0,3.0000,-1,10,10,7,0,27,0,0,0,0
131.6005,3,0,4,0,0,0,1,109,0,3.0000,-1,10,10,7,0,27,0,0,0,0
131.6244,3,0,4,0,0,0,1,109,0,3.0000,-1,10,10,7,0,27,0,0,0,0
131.6483,3,0,4,0,0,0,1,109,1,4.0000,-1,10,10,7,0,27,0,0,0,0
131.6708,3,0,4,0,0,0,1,109,0,4.0000,-1,10,10,7,0,27,0,0,0,0
131.6953,3,0,4,0,0,0,0,-1,0,4.0000,-1,10,10,7,0,27,0,0,0,0
131.7171,3,0,4,0,0,0,0,-1,0,4.0000,-1,10,10,7,0,27,0,0,0,0
131.7379,3,0,4,0,0,0,0,-1,0,3.0000,-1,10,10,7,0,27,0,0,0,0
131.7632,3,0,4,0,0,0,0,-1,0,3.0000,-1,10,10,7,0,27,0,0,0,0
131.7866,3,0,4,0,0,0,0,-1,0,3.0000,-1,10,10,7,0,27,0,0,0,0
131.8099,3,0,4,0,0,0,0,-1,0,3.0000,-1,10,10,7,0,27,0,0,0,0
131.8323,3,0,4,0,0,0,0,-1,0,3.0000,-1,10,10,7,0,27,0,0,0,0
131.8576,3,0,4,0,0,0,0,-1,0,3.0000,-1,10,10,7,0,27,0,0,0,0
131.8819,3,0,4,0,0,0,0,-1,0,3.0000,-1,10,10,7,0,27,0,0,0,0
131.9025,3,0,4,0,0,0,0,-1,0,3.0000,-1,10,10,7,0,27,0,0,0,0
131.9457,3,0,4,0,0,0,0,-1,0,3.0000,-1,10,10,7,0,27,0,0,0,0
131.9629,3,0,4,0,0,0,0,-1,0,3.0000,-1,10,10,7,0,27,0,0,0,0
131.9797,3,0,4,0,0,0,0,-1,0,3.0000,-1,10,10,7,0,27,0,0,0,0
131.9984,3,0,4,0,0,0,0,-1,0,3.0000,-1,10,10,7,0,27,0,0,0,0
132.0222,3,0,4,0,0,0,0,-1,0,3.0000,-1,10,10,7,0,27,0,0,0,0
132.0449,3,0,4,0,0,0,0,-1,0,3.0000,-1,10,10,7,0,27,0,0,0,0
132.0676,3,0,4,0,0,0,0,-1,0,3.0000,-1,10,10,7,0,27,0,0,0,0
132.0898,3,0,4,0,0,0,0,-1,1,4.0000,-1,10,10,7,0,27,0,0,0,0
132.1161,3,0,4,0,0,0,0,-1,0,4.0000,-1,10,10,7,0,27,0,0,0,0
132.1364,3,0,4,0,0,0,0,-1,0,4.0000,-1,10,10,7,0,27,0,0,0,0
132.1587,3,0,4,0,0,0,0,-1,0,4.0000,-1,10,10,7,0,27,0,0,0,0
132.1812,3,0,4,0,0,0,0,-1,0,4.0000,-1,10,10,7,0,27,0,0,0,0
132.208,3,0,4,0,0,0,0,-1,0,4.0000,-1,10,10,7,0,27,0,0,0,0
132.2269,3,0,4,0,0,0,0,-1,0,4.0000,-1,10,10,7,0,27,0,0,0,0
132.2502,3,0,4,0,0,0,0,-1,0,4.0000,-1,10,10,7,0,27,0,0,0,0
132.2731,3,0,4,0,0,0,0,-1,0,4.0000,-1,10,10,7,0,27,0,0,0,0
132.2962,3,0,4,0,0,0,0,-1,0,4.0000,-1,10,10,7,0,27,0,0,0,0
132.3209,3,0,4,0,0,0,0,-1,0,3.0000,-1,10,10,7,0,27,0,0,0,0
132.3462,3,0,4,0,0,0,0,-1,0,3.0000,-1,10,10,7,0,27,0,0,0,0
132.3686,3,0,4,0,0,0,0,-1,0,3.0000,-1,10,10,7,0,27,0,0,0,0
132.3931,3,0,4,0,0,0,0,-1,0,3.0000,-1,10,10,7,0,27,0,0,0,0
132.4148,3,0,4,0,0,0,0,-1,0,3.0000,-1,10,10,7,0,27,0,0,0,0
132.4382,3,0,4,0,0,0,0,-1,0,3.0000,-1,10,10,7,0,27,0,0,0,0
132.4602,3,0,4,0,0,0,0,-1,0,3.0000,-1,10,10,7,0,27,0,0,0,0
132.4832,3,0,4,0,0,0,0,-1,0,3.0000,-1,10,10,7,0,27,0,0,0,0
132.5074,3,0,4,0,0,0,0,-1,0,3.0000,-1,10,10,7,0,27,0,0,0,0
132.5292,3,0,4,0,0,0,0,-1,0,3.0000,-1,10,10,7,0,27,0,0,0,0
132.5529,3,0,4,0,0,0,0,-1,0,3.0000,-1,10,10,7,0,27,0,0,0,0
132.5767,3,0,4,0,0,0,0,-1,0,2.0000,-1,10,10,7,0,27,0,0,0,0
132.5979,3,0,4,0,0,0,0,-1,0,2.0000,-1,10,10,7,0,27,0,0,0,0
132.6216,3,0,4,0,0,0,0,-1,0,2.0000,-1,10,10,7,0,27,0,0,0,0
132.6421,3,0,4,0,0,0,0,-1,0,2.0000,-1,10,10,7,0,27,0,0,0,0
132.6664,3,0,4,0,0,0,0,-1,0,1.0000,-1,10,10,7,0,27,0,0,0,0
132.6908,3,0,4,0,0,0,0,-1,0,1.0000,-1,10,10,7,0,27,0,0,0,0
132.7131,3,0,4,0,0,0,0,-1,0,1.0000,-1,10,10,7,0,27,0,0,0,0
132.7371,3,0,4,0,0,0,0,-1,0,1.0000,-1,10,10,7,0,27,0,0,0,0
132.7578,3,0,4,0,0,0,0,-1,0,1.0000,-1,10,10,7,0,27,0,0,0,0
132.7799,3,0,4,0,0,0,0,-1,0,1.0000,-1,10,10,7,0,27,0,0,0,0
132.8042,3,0,4,0,0,0,0,-1,0,1.0000,-1,10,10,7,0,27,0,0,0,0
132.8243,3,0,4,0,0,0,0,-1,0,1.0000,-1,10,10,7,0,27,0,0,0,0
132.8483,3,0,4,0,0,0,0,-1,0,1.0000,-1,10,10,7,0,27,0,0,0,0
132.8713,3,0,4,0,0,0,0,-1,0,1.0000,-1,10,10,7,0,27,0,0,0,0
132.8927,3,0,4,0,0,0,0,-1,0,1.0000,-1,10,10,7,0,27,0,0,0,0
132.9178,3,0,4,0,0,0,0,-1,0,1.0000,-1,10,10,7,0,27,0,0,0,0
132.9406,3,0,4,0,0,0,0,-1,0,1.0000,-1,10,10,7,0,27,0,0,0,0
132.9841,3,0,4,0,0,0,0,-1,0,1.0000,-1,10,10,7,0,27,0,0,0,0
133.0008,3,0,4,0,0,0,0,-1,0,1.0000,-1,10,10,7,0,27,0,0,0,0
133.0186,3,0,4,0,0,0,0,-1,0,1.0000,-1,10,10,7,0,27,0,0,0,0
133.0387,3,0,4,1,0,0,0,-1,0,1.0000,-1,10,10,7,0,27,0,0,0,0
133.0592,3,0,4,1,0,0,0,-1,0,1.0000,-1,10,10,7,0,27,0,0,0,0
133.0853,3,0,4,1,0,0,0,-1,0,1.0000,-1,10,10,7,0,27,0,0,0,0
133.1087,3,0,4,1,0,0,0,-1,0,0.0000,-1,10,10,7,0,27,0,0,0,0
133.1313,3,0,4,1,0,0,0,-1,0,0.0000,-1,10,10,7,0,27,0,0,0,0
133.155,3,0,4,1,0,0,0,-1,0,0.0000,-1,10,10,7,0,27,0,0,0,0
133.2049,3,0,4,1,0,0,0,-1,0,0.0000,-1,10,10,7,0,27,0,0,0,0
133.2308,3,0,4,1,0,0,0,-1,0,0.0000,-1,10,10,7,0,27,0,0,0,0
133.2517,3,0,4,1,0,0,0,-1,0,0.0000,-1,10,10,7,0,27,0,0,0,0
133.2679,3,0,4,1,0,0,0,-1,0,0.0000,-1,10,10,7,0,27,0,0,0,0
133.288,3,0,4,1,0,0,0,-1,0,0.0000,-1,10,10,7,0,27,0,0,0,0
133.3129,3,0,4,1,0,0,0,-1,0,0.0000,-1,10,10,7,0,27,0,0,0,0
133.3402,3,0,4,1,0,0,0,-1,0,0.0000,-1,10,10,7,0,27,0,0,0,0
133.3629,3,0,4,1,0,0,0,-1,0,0.0000,-1,10,10,7,0,27,0,0,0,0
133.4105,3,0,4,1,0,0,0,-1,0,0.0000,-1,10,10,7,0,27,0,0,0,0
133.4233,3,0,4,1,0,0,0,-1,0,0.0000,-1,10,10,7,0,27,0,0,0,0
133.439,3,0,4,1,0,0,0,-1,0,0.0000,-1,10,10,7,0,27,0,0,0,0
133.4655,3,0,4,1,0,0,0,-1,0,0.0000,-1,10,10,7,0,27,0,0,0,0
133.4904,3,0,4,1,0,0,0,-1,0,0.0000,-1,10,10,7,0,27,0,0,0,0
133.5142,3,0,4,1,0,0,0,-1,0,0.0000,-1,10,10,7,0,27,0,0,0,0
133.5397,3,0,4,1,0,0,0,-1,0,0.0000,-1,10,10,7,0,27,0,0,0,0
133.5611,3,0,4,1,0,0,0,-1,0,0.0000,-1,10,10,7,0,27,0,0,0,0
133.5867,3,0,4,1,0,0,0,-1,0,0.0000,-1,10,10,7,0,27,0,0,0,0
133.61,3,0,4,1,0,0,0,-1,0,0.0000,-1,10,10,7,0,27,0,0,0,0
133.6346,3,0,4,1,0,0,0,-1,0,0.0000,-1,10,10,7,0,27,0,0,0,0
133.657,3,0,4,1,0,0,0,-1,0,0.0000,-1,10,10,7,0,27,0,0,0,0
133.681,3,0,4,1,0,0,0,-1,0,0.0000,-1,10,10,7,0,27,0,0,0,0
133.7053,3,0,4,1,0,0,1,113,0,0.0000,-1,10,10,7,0,27,0,0,0,0
133.729,3,0,4,1,1,0,1,113,0,0.0000,-1,10,10,7,0,27,0,0,0,0
133.7536,3,0,4,1,1,0,1,113,0,0.0000,-1,10,10,7,0,27,0,0,0,0
133.7799,3,0,4,1,1,0,1,113,0,0.0000,-1,10,10,7,0,27,0,0,0,0
133.8026,3,0,4,1,1,0,1,113,0,0.0000,-1,10,10,7,0,27,0,0,0,0
133.8271,3,0,4,1,1,0,1,113,0,0.0000,-1,10,10,7,0,27,0,0,0,0
133.8504,3,0,4,1,1,0,1,113,0,0.0000,-1,10,10,7,0,27,0,0,0,0
133.8735,3,0,4,1,1,0,1,113,0,0.0000,-1,10,10,7,0,27,0,0,0,0
133.8948,3,0,4,1,1,0,1,113,0,0.0000,-1,10,10,7,0,27,0,0,0,0
133.915,3,0,4,1,1,0,1,113,0,0.0000,-1,10,10,7,0,27,0,0,0,0
133.9354,3,0,4,1,1,0,1,113,0,0.0000,-1,10,10,7,0,27,0,0,0,0
133.9546,3,0,4,1,1,0,1,113,0,0.0000,-1,10,10,7,0,27,0,0,0,0
133.9752,3,0,4,1,1,0,1,113,0,0.0000,-1,10,10,7,0,27,0,0,0,0
133.9973,3,0,4,1,1,0,1,113,0,0.0000,-1,10,10,7,0,27,0,0,0,0
134.0189,3,0,4,1,1,0,1,113,0,0.0000,-1,10,10,7,0,27,0,0,0,0
134.0397,3,0,4,1,1,0,1,113,0,0.0000,-1,10,10,7,0,27,0,0,0,0
134.0607,3,0,4,1,1,0,1,113,0,0.0000,-1,10,10,7,0,27,0,0,0,0
134.0808,3,0,4,1,1,0,1,113,0,0.0000,-1,10,10,7,0,27,0,0,0,0
134.1,3,0,4,1,1,0,1,113,0,0.0000,-1,10,10,7,0,27,0,0,0,0
134.1223,3,0,4,1,1,0,1,113,0,0.0000,-1,10,10,7,0,27,0,0,0,0
134.1443,3,0,4,1,1,0,1,113,0,0.0000,-1,10,10,7,0,27,0,0,0,0
134.1641,3,0,4,1,1,0,1,113,0,0.0000,-1,10,10,7,0,27,0,0,0,0
134.1885,3,0,4,1,1,0,1,113,0,0.0000,-1,10,10,7,0,27,0,0,0,0
134.2091,3,0,4,1,1,0,1,113,0,0.0000,-1,10,10,7,0,27,0,0,0,0
134.2312,3,0,4,1,1,0,1,113,0,0.0000,-1,10,10,7,0,27,0,0,0,0
134.2526,3,0,4,1,1,0,0,-1,1,1.0000,-1,10,10,7,0,27,0,0,0,0
134.2792,3,0,4,0,1,0,0,-1,0,1.0000,-1,10,10,7,0,27,0,0,0,0
134.3036,3,0,4,0,1,0,0,-1,1,2.0000,-1,10,10,7,0,27,0,0,0,0
134.3259,3,0,4,0,1,0,0,-1,0,2.0000,-1,10,10,7,0,27,0,0,0,0
134.343,3,0,4,0,1,0,0,-1,0,2.0000,-1,10,10,7,0,27,0,0,0,0
134.3644,3,0,4,0,1,0,0,-1,0,2.0000,-1,10,10,7,0,27,0,0,0,0
134.3898,3,0,4,0,1,0,0,-1,0,2.0000,-1,10,10,7,0,27,0,0,0,0
134.4124,3,0,4,0,1,0,0,-1,0,2.0000,-1,10,10,7,0,27,0,0,0,0
134.4336,3,0,4,0,1,0,0,-1,0,2.0000,-1,10,10,7,0,27,0,0,0,0
134.4725,3,0,4,0,1,0,0,-1,0,2.0000,-1,10,10,7,0,27,0,0,0,0
134.4835,3,0,4,0,1,0,0,-1,0,2.0000,-1,10,10,7,0,27,0,0,0,0
134.5049,3,0,4,0,1,0,0,-1,0,2.0000,-1,10,10,7,0,27,0,0,0,0
134.5249,3,0,4,0,1,0,0,-1,0,2.0000,-1,10,10,7,0,27,0,0,0,0
134.5477,3,0,4,0,1,0,0,-1,1,3.0000,-1,10,10,7,0,27,0,0,0,0
134.5685,3,0,4,0,1,0,0,-1,0,3.0000,-1,10,10,7,0,27,0,0,0,0
134.5908,3,0,4,0,1,0,0,-1,1,4.0000,-1,10,10,7,0,27,0,0,0,0
134.6108,3,0,4,0,1,0,0,-1,0,4.0000,-1,10,10,7,0,27,0,0,0,0
134.6337,3,0,4,0,1,0,1,112,0,4.0000,-1,10,10,7,0,27,0,0,0,0
134.6729,3,0,4,0,1,0,1,112,0,4.0000,-1,10,10,7,0,27,0,0,0,0
134.6912,3,0,4,0,1,0,1,112,0,4.0000,-1,10,10,7,0,27,0,0,0,0
134.7095,3,0,4,0,1,0,1,112,0,4.0000,-1,10,10,7,0,27,0,0,0,0
134.7261,3,0,4,0,1,0,1,112,0,4.0000,-1,10,10,7,0,27,0,0,0,0
134.7488,3,0,4,0,1,0,1,112,0,4.0000,-1,10,10,7,0,27,0,0,0,0
134.7662,3,0,4,0,1,0,1,112,0,4.0000,-1,10,10,7,0,27,0,0,0,0
134.7849,3,0,4,0,1,0,1,112,1,5.0000,-1,10,10,7,0,27,0,0,0,0
134.8058,3,0,4,0,1,0,1,112,0,5.0000,-1,10,10,7,0,27,0,0,0,0
134.8242,3,0,4,0,1,0,1,112,0,5.0000,-1,10,10,7,0,27,0,0,0,0
134.8446,3,0,4,0,1,0,1,112,0,5.0000,-1,10,10,7,0,27,0,0,0,0
134.8872,3,0,4,0,1,0,1,112,0,5.0000,-1,10,10,7,0,27,0,0,0,0
134.9033,3,0,4,0,1,0,1,112,0,5.0000,-1,10,10,7,0,27,0,0,0,0
134.9178,3,0,4,0,1,0,1,112,0,5.0000,-1,10,10,7,0,27,0,0,0,0
134.9379,3,0,4,0,1,0,1,112,0,5.0000,-1,10,10,7,0,27,0,0,0,0
134.9547,3,0,4,0,1,0,1,112,0,5.0000,-1,10,10,7,0,27,0,0,0,0
134.9764,3,0,4,0,1,0,1,112,0,5.0000,-1,10,10,7,0,27,0,0,0,0
134.9974,3,0,4,0,1,0,1,112,0,5.0000,-1,10,10,7,0,27,0,0,0,0
135.019,3,0,4,0,1,0,1,112,0,5.0000,-1,10,10,7,0,27,0,0,0,0
135.0399,3,0,4,0,1,0,1,112,0,5.0000,-1,10,10,7,0,27,0,0,0,0
135.0604,3,0,4,0,1,0,1,112,0,5.0000,-1,10,10,7,0,27,0,0,0,0
135.081,3,0,4,0,1,0,1,112,0,5.0000,-1,10,10,7,0,27,0,0,0,0
135.1005,3,0,4,0,1,0,1,112,0,5.0000,-1,10,10,7,0,27,0,0,0,0
135.1189,3,0,4,0,1,0,1,112,0,5.0000,-1,10,10,7,0,27,0,0,0,0
135.142,3,0,4,0,1,0,1,112,0,5.0000,-1,10,10,7,0,27,0,0,0,0
135.1645,3,0,4,0,1,0,1,112,0,5.0000,-1,10,10,7,0,27,0,0,0,0
135.1837,3,0,4,0,1,0,1,112,0,5.0000,-1,10,10,7,0,27,0,0,0,0
135.207,3,0,4,0,1,0,1,112,0,5.0000,-1,10,10,7,0,27,0,0,0,0
135.2256,3,0,4,0,1,0,1,112,1,6.0000,-1,10,10,7,0,27,0,0,0,0
135.2457,3,0,4,0,1,0,0,-1,0,6.0000,-1,10,10,7,0,27,0,0,0,0
135.2693,3,0,4,0,0,0,0,-1,1,6.0000,-1,10,10,7,0,27,0,0,0,0
135.2873,3,0,4,0,0,0,0,-1,0,6.0000,-1,10,10,7,0,27,0,0,0,0
135.3097,3,0,4,1,0,0,0,-1,0,5.0000,-1,10,10,7,0,27,0,0,0,0
135.335,3,0,4,1,0,0,0,-1,0,5.0000,-1,10,10,7,0,27,0,0,0,0
135.3547,3,0,4,1,0,0,0,-1,1,6.0000,-1,10,10,7,0,27,0,0,0,0
135.3757,3,0,4,1,0,0,0,-1,0,6.0000,-1,10,10,7,0,27,0,0,0,0
135.3982,3,0,4,1,0,0,0,-1,0,6.0000,-1,10,10,7,0,27,0,0,0,0
135.4171,3,0,4,1,0,0,0,-1,0,6.0000,-1,10,10,7,0,27,0,0,0,0
135.4418,3,0,4,1,0,0,0,-1,0,6.0000,-1,10,10,7,0,27,0,0,0,0
135.4634,3,0,4,1,0,0,0,-1,0,6.0000,-1,10,10,7,0,27,0,0,0,0
135.4856,3,0,4,1,0,0,0,-1,0,6.0000,-1,10,10,7,0,27,0,0,0,0
135.521,3,0,4,1,0,0,0,-1,0,6.0000,-1,10,10,7,0,27,0,0,0,0
135.5339,3,0,4,1,0,0,0,-1,0,6.0000,-1,10,10,7,0,27,0,0,0,0
135.5513,3,0,4,1,0,0,0,-1,0,5.0000,-1,10,10,7,0,27,0,0,0,0
135.5778,3,0,4,1,0,0,0,-1,1,6.0000,-1,10,10,7,0,27,0,0,0,0
135.5954,3,0,4,1,0,0,0,-1,0,5.0000,-1,10,10,7,0,27,0,0,0,0
135.6179,3,0,4,1,0,0,0,-1,0,5.0000,-1,10,10,7,0,27,0,0,0,0
135.6423,3,0,4,1,0,0,0,-1,0,5.0000,-1,10,10,7,0,27,0,0,0,0
135.6629,3,0,4,1,0,0,0,-1,0,5.0000,-1,10,10,7,0,27,0,0,0,0
135.6831,3,0,4,1,0,0,0,-1,0,5.0000,-1,10,10,7,0,27,0,0,0,0
135.7068,3,0,4,1,0,0,0,-1,0,5.0000,-1,10,10,7,0,27,0,0,0,0
135.7265,3,0,4,1,0,0,0,-1,0,5.0000,-1,10,10,7,0,27,0,0,0,0
135.7474,3,0,4,1,0,0,0,-1,0,5.0000,-1,10,10,7,0,27,0,0,0,0
135.767,3,0,4,1,0,0,0,-1,0,5.0000,-1,10,10,7,0,27,0,0,0,0
135.7876,3,0,4,1,0,0,0,-1,0,4.0000,-1,10,10,7,0,27,0,0,0,0
135.8099,3,0,4,1,0,0,0,-1,0,4.0000,-1,10,10,7,0,27,0,0,0,0
135.8324,3,0,4,1,0,0,0,-1,0,4.0000,-1,10,10,7,0,27,0,0,0,0
135.8528,3,0,4,1,0,0,0,-1,0,4.0000,-1,10,10,7,0,27,0,0,0,0
135.8757,3,0,4,1,0,0,0,-1,0,4.0000,-1,10,10,7,0,27,0,0,0,0
135.8976,3,0,4,1,0,0,0,-1,0,4.0000,-1,10,10,7,0,27,0,0,0,0
135.9178,3,0,4,1,0,0,0,-1,0,4.0000,-1,10,10,7,0,27,0,0,0,0
135.9586,3,0,4,1,0,0,0,-1,0,4.0000,-1,10,10,7,0,27,0,0,0,0
135.9719,3,0,4,1,0,0,1,112,0,4.0000,-1,10,10,7,0,27,0,0,0,0
135.9868,3,0,4,1,0,0,1,112,0,4.0000,-1,10,10,7,0,27,0,0,0,0
136.0089,3,0,4,1,0,0,1,112,0,4.0000,-1,10,10,7,0,27,0,0,0,0
136.0309,3,0,4,1,0,0,1,112,0,4.0000,-1,10,10,7,0,27,0,0,0,0
136.0528,3,0,4,1,0,0,1,112,0,4.0000,-1,10,10,7,0,27,0,0,0,0
136.0745,3,0,4,1,0,0,1,112,0,4.0000,-1,10,10,7,0,27,0,0,0,0
136.0972,3,0,4,1,0,0,1,116,0,4.0000,-1,10,10,7,0,27,0,0,0,0
136.1208,3,0,4,1,0,0,1,116,0,4.0000,-1,10,10,7,0,27,0,0,0,0
136.1397,3,0,4,1,0,0,1,116,0,4.0000,-1,10,10,7,0,27,0,0,0,0
136.2677,3,0,4,1,0,0,1,116,1,4.0000,-1,10,10,7,0,27,0,0,0,0
136.2931,3,0,4,1,0,0,1,116,0,3.0000,-1,10,10,7,0,27,0,0,0,0
136.3216,3,0,4,1,0,0,1,116,0,3.0000,-1,10,10,7,0,27,0,0,0,0
136.379,3,0,4,1,0,0,1,116,0,2.0000,-1,10,10,7,0,27,0,0,0,0
136.3909,3,0,4,1,0,0,1,116,0,2.0000,-1,10,10,7,0,27,0,0,0,0
136.4104,3,0,4,1,0,0,1,116,0,2.0000,-1,10,10,7,0,27,0,0,0,0
136.435,3,0,4,1,0,0,1,116,0,2.0000,-1,10,10,7,0,27,0,0,0,0
136.4583,3,0,4,1,0,0,1,116,0,2.0000,-1,10,10,7,0,27,0,0,0,0
136.4819,3,0,4,1,0,0,1,116,0,2.0000,-1,10,10,7,0,27,0,0,0,0
136.5031,3,0,4,1,0,0,1,116,1,3.0000,-1,10,10,7,0,27,0,0,0,0
136.5256,3,0,4,1,0,0,1,114,0,3.0000,-1,10,10,7,0,27,0,0,0,0
136.5652,3,0,4,1,0,0,1,114,0,3.0000,-1,10,10,7,0,27,0,0,0,0
136.5757,3,0,4,1,0,0,1,114,0,3.0000,-1,10,10,7,0,27,0,0,0,0
136.5931,3,0,4,1,0,0,1,114,0,2.0000,-1,10,10,7,0,27,0,0,0,0
136.6142,3,0,4,1,0,0,1,114,0,2.0000,-1,10,10,7,0,27,0,0,0,0
136.6351,3,0,4,1,0,0,1,114,0,2.0000,-1,10,10,7,0,27,0,0,0,0
136.6584,3,0,4,1,0,0,1,114,0,2.0000,-1,10,10,7,0,27,0,0,0,0
136.6796,3,0,4,1,0,0,1,114,0,2.0000,-1,10,10,7,0,27,0,0,0,0
136.6985,3,0,4,1,0,0,1,114,0,2.0000,-1,10,10,7,0,27,0,0,0,0
136.7197,3,0,4,1,0,0,1,114,0,2.0000,-1,10,10,7,0,27,0,0,0,0
136.7404,3,0,4,1,0,0,1,114,0,2.0000,-1,10,10,7,0,27,0,0,0,0
136.8503,3,0,4,1,0,0,1,114,0,2.0000,-1,10,10,7,0,27,0,0,0,0
136.8592,3,0,4,1,0,0,1,114,0,2.0000,-1,10,10,7,0,27,0,0,0,0
136.8778,3,0,4,1,0,0,1,114,0,2.0000,-1,10,10,7,0,27,0,0,0,0
136.8994,3,0,4,1,0,0,1,114,0,2.0000,-1,10,10,7,0,27,0,0,0,0
136.9216,3,0,4,1,0,0,1,114,0,2.0000,-1,10,10,7,0,27,0,0,0,0
136.9436,3,0,4,1,0,0,1,114,1,3.0000,-1,10,10,7,0,27,0,0,0,0
136.964,3,0,4,1,0,0,1,114,0,3.0000,-1,10,10,7,0,27,0,0,0,0
136.9878,3,0,4,1,0,0,1,114,0,3.0000,-1,10,10,7,0,27,0,0,0,0
137.0138,3,0,4,1,0,0,1,114,0,3.0000,-1,10,10,7,0,27,0,0,0,0
137.0334,3,0,4,1,0,0,1,114,0,3.0000,-1,10,10,7,0,27,0,0,0,0
137.057,3,0,4,1,0,0,1,114,0,3.0000,-1,10,10,7,0,27,0,0,0,0
137.0788,3,0,4,1,0,0,1,114,0,3.0000,-1,10,10,7,0,27,0,0,0,0
137.0996,3,0,4,1,0,0,1,114,0,3.0000,-1,10,10,7,0,27,0,0,0,0
137.1227,3,0,4,1,0,0,1,114,0,3.0000,-1,10,10,7,0,27,0,0,0,0
137.1452,3,0,4,1,0,0,1,114,0,3.0000,-1,10,10,7,0,27,0,0,0,0
137.1689,3,0,4,1,0,0,1,114,0,3.0000,-1,10,10,7,0,27,0,0,0,0
137.1881,3,0,4,1,0,0,1,114,0,3.0000,-1,10,10,7,0,27,0,0,0,0
137.209,3,0,4,1,0,0,1,114,1,4.0000,-1,10,10,7,0,27,0,0,0,0
137.2302,3,0,4,1,0,0,0,-1,0,4.0000,-1,10,10,7,0,27,0,0,0,0
137.2521,3,0,4,1,0,0,0,-1,0,4.0000,-1,10,10,7,0,27,0,0,0,0
137.2719,3,0,4,1,0,0,0,-1,0,3.0000,-1,10,10,7,0,27,0,0,0,0
137.2938,3,0,4,1,0,0,0,-1,0,3.0000,-1,10,10,7,0,27,0,0,0,0
137.315,3,0,4,1,0,0,0,-1,0,3.0000,-1,10,10,7,0,27,0,0,0,0
137.3358,3,0,4,1,0,0,0,-1,0,3.0000,-1,10,10,7,0,27,0,0,0,0
137.3552,3,0,4,1,0,0,0,-1,0,3.0000,-1,10,10,7,0,27,0,0,0,0
137.3766,3,0,4,1,0,0,0,-1,1,4.0000,-1,10,10,7,0,27,0,0,0,0
137.4002,3,0,4,1,0,0,0,-1,0,4.0000,-1,10,10,7,0,27,0,0,0,0
137.4221,3,0,4,1,0,0,0,-1,0,4.0000,-1,10,10,7,0,27,0,0,0,0
137.4406,3,0,4,1,0,0,0,-1,0,4.0000,-1,10,10,7,0,27,0,0,0,0
137.4626,3,0,4,1,0,0,0,-1,0,4.0000,-1,10,10,7,0,27,0,0,0,0
137.4822,3,0,4,1,0,0,0,-1,0,4.0000,-1,10,10,7,0,27,0,0,0,0
137.5025,3,0,4,1,0,0,0,-1,0,4.0000,-1,10,10,7,0,27,0,0,0,0
137.5223,3,0,4,1,0,0,0,-1,0,3.0000,-1,10,10,7,0,27,0,0,0,0
137.542,3,0,4,1,0,0,0,-1,0,3.0000,-1,10,10,7,0,27,0,0,0,0
137.5645,3,0,4,1,0,0,0,-1,0,3.0000,-1,10,10,7,0,27,0,0,0,0
137.5848,3,0,4,1,0,0,0,-1,1,4.0000,-1,10,10,7,0,27,0,0,0,0
137.6042,3,0,4,1,0,0,0,-1,0,4.0000,-1,10,10,7,0,27,0,0,0,0
137.625,3,0,4,1,0,0,0,-1,0,4.0000,-1,10,10,7,0,27,0,0,0,0
137.6425,3,0,4,1,0,0,0,-1,0,4.0000,-1,10,10,7,0,27,0,0,0,0
137.6648,3,0,4,1,0,0,0,-1,0,4.0000,-1,10,10,7,0,27,0,0,0,0
137.685,3,0,4,1,0,0,0,-1,0,4.0000,-1,10,10,7,0,27,0,0,0,0
137.7051,3,0,4,1,0,0,0,-1,0,4.0000,-1,10,10,7,0,27,0,0,0,0
137.7262,3,0,4,1,0,0,0,-1,1,5.0000,-1,10,10,7,0,27,0,0,0,0
137.7469,3,0,4,1,0,0,0,-1,0,5.0000,-1,10,10,7,0,27,0,0,0,0
137.7652,3,0,4,1,0,0,0,-1,0,5.0000,-1,10,10,7,0,27,0,0,0,0
137.8054,3,0,4,1,0,0,0,-1,0,5.0000,-1,10,10,7,0,27,0,0,0,0
137.8218,3,0,4,1,0,0,0,-1,0,5.0000,-1,10,10,7,0,27,0,0,0,0
137.8381,3,0,4,1,0,0,0,-1,0,5.0000,-1,10,10,7,0,27,0,0,0,0
137.8531,3,0,4,1,0,0,0,-1,0,5.0000,-1,10,10,7,0,27,0,0,0,0
137.8733,3,0,4,1,0,0,0,-1,0,5.0000,-1,10,10,7,0,27,0,0,0,0
137.8963,3,0,4,1,0,0,0,-1,0,5.0000,-1,10,10,7,0,27,0,0,0,0
137.9167,3,0,4,1,0,0,0,-1,0,5.0000,-1,10,10,7,0,27,0,0,0,0
137.9371,3,0,4,1,0,0,0,-1,0,5.0000,-1,10,10,7,0,27,0,0,0,0
137.9542,3,0,4,1,0,0,0,-1,0,4.0000,-1,10,10,7,0,27,0,0,0,0
137.9756,3,0,4,1,0,0,0,-1,0,4.0000,-1,10,10,7,0,27,0,0,0,0
137.9971,3,0,4,1,0,0,0,-1,0,4.0000,-1,10,10,7,0,27,0,0,0,0
138.0193,3,0,4,1,0,0,0,-1,0,4.0000,-1,10,10,7,0,27,0,0,0,0
138.04,3,0,4,1,0,0,0,-1,0,4.0000,-1,10,10,7,0,27,0,0,0,0
138.0591,3,0,4,1,0,0,0,-1,0,4.0000,-1,10,10,7,0,27,0,0,0,0
138.082,3,0,4,1,0,0,0,-1,0,4.0000,-1,10,10,7,0,27,0,0,0,0
138.1004,3,0,4,1,0,0,0,-1,0,4.0000,-1,10,10,7,0,27,0,0,0,0
138.1226,3,0,4,1,0,0,0,-1,0,4.0000,-1,10,10,7,0,27,0,0,0,0
138.1417,3,0,4,1,0,0,0,-1,0,4.0000,-1,10,10,7,0,27,0,0,0,0
138.1623,3,0,4,1,0,0,0,-1,0,4.0000,-1,10,10,7,0,27,0,0,0,0
138.1832,3,0,4,1,0,0,0,-1,0,4.0000,-1,10,10,7,0,27,0,0,0,0
138.2019,3,0,4,1,0,0,0,-1,0,4.0000,-1,10,10,7,0,27,0,0,0,0
138.2214,3,0,4,1,0,0,0,-1,0,3.0000,-1,10,10,7,0,27,0,0,0,0
138.2424,3,0,4,1,0,0,0,-1,0,3.0000,-1,10,10,7,0,27,0,0,0,0
138.2625,3,0,4,1,0,0,0,-1,0,3.0000,-1,10,10,7,0,27,0,0,0,0
138.2885,3,0,4,1,0,0,0,-1,0,3.0000,-1,10,10,7,0,27,0,0,0,0
138.3061,3,0,4,1,0,0,0,-1,0,3.0000,-1,10,10,7,0,27,0,0,0,0
138.324,3,0,4,1,0,0,0,-1,0,3.0000,-1,10,10,7,0,27,0,0,0,0
138.3516,3,0,4,1,0,0,0,-1,0,3.0000,-1,10,10,7,0,27,0,0,0,0
138.3681,3,0,4,1,0,0,0,-1,0,3.0000,-1,10,10,7,0,27,0,0,0,0
138.3859,3,0,4,1,0,0,0,-1,0,2.0000,-1,10,10,7,0,27,0,0,0,0
138.4085,3,0,4,1,0,0,0,-1,0,2.0000,-1,10,10,7,0,27,0,0,0,0
138.428,3,0,4,1,0,0,0,-1,0,2.0000,-1,10,10,7,0,27,0,0,0,0
138.4498,3,0,4,1,0,0,0,-1,0,2.0000,-1,10,10,7,0,27,0,0,0,0
138.47,3,0,4,1,0,0,0,-1,0,2.0000,-1,10,10,7,0,27,0,0,0,0
138.4896,3,0,4,1,0,0,0,-1,0,2.0000,-1,10,10,7,0,27,0,0,0,0
138.508,3,0,4,1,0,0,0,-1,0,2.0000,-1,10,10,7,0,27,0,0,0,0
138.5291,3,0,4,1,0,0,0,-1,0,2.0000,-1,10,10,7,0,27,0,0,0,0
138.5494,3,0,4,1,0,0,0,-1,0,2.0000,-1,10,10,7,0,27,0,0,0,0
138.5696,3,0,4,1,0,0,0,-1,0,2.0000,-1,10,10,7,0,27,0,0,0,0
138.5889,3,0,4,1,0,0,0,-1,0,1.0000,-1,10,10,7,0,27,0,0,0,0
138.629,3,0,4,1,0,0,0,-1,0,1.0000,-1,10,10,7,0,27,0,0,0,0
138.6447,3,0,4,1,0,0,0,-1,0,1.0000,-1,10,10,7,0,27,0,0,0,0
138.6583,3,0,4,1,0,0,0,-1,0,1.0000,-1,10,10,7,0,27,0,0,0,0
138.6735,3,0,4,1,0,0,0,-1,0,1.0000,-1,10,10,7,0,27,0,0,0,0
138.6976,3,0,4,1,0,0,0,-1,0,1.0000,-1,10,10,7,0,27,0,0,0,0
138.7176,3,0,4,1,0,0,0,-1,0,1.0000,-1,10,10,7,0,27,0,0,0,0
138.7393,3,0,4,1,0,0,0,-1,0,0.0000,-1,10,10,7,0,27,0,0,0,0
138.7579,3,0,4,1,0,0,0,-1,0,0.0000,-1,10,10,7,0,27,0,0,0,0
138.7812,3,0,4,1,0,0,0,-1,0,0.0000,-1,10,10,7,0,27,0,0,0,0
138.7979,3,0,4,1,0,0,0,-1,0,0.0000,-1,10,10,7,0,27,0,0,0,0
138.8191,3,0,4,1,0,0,0,-1,0,0.0000,-1,10,10,7,0,27,0,0,0,0
138.8418,3,0,4,1,0,0,0,-1,0,0.0000,-1,10,10,7,0,27,0,0,0,0
138.8612,3,0,4,1,0,0,0,-1,0,0.0000,-1,10,10,7,0,27,0,0,0,0
138.8836,3,0,4,1,0,0,0,-1,0,0.0000,-1,10,10,7,0,27,0,0,0,0
138.9036,3,0,4,1,0,0,0,-1,0,0.0000,-1,10,10,7,0,27,0,0,0,0
138.9224,3,0,4,1,0,0,0,-1,0,0.0000,-1,10,10,7,0,27,0,0,0,0
138.9434,3,0,4,1,0,0,0,-1,0,0.0000,-1,10,10,7,0,27,0,0,0,0
138.9646,3,0,4,1,0,0,0,-1,0,0.0000,-1,10,10,7,0,27,0,0,0,0
138.9847,3,0,4,1,0,0,0,-1,0,0.0000,-1,10,10,7,0,27,0,0,0,0
139.0063,3,0,4,1,0,0,0,-1,0,0.0000,-1,10,10,7,0,27,0,0,0,0
139.0272,3,0,4,1,0,0,0,-1,0,0.0000,-1,10,10,7,0,27,0,0,0,0
139.047,3,0,4,1,0,0,1,118,0,0.0000,-1,10,10,7,0,27,0,0,0,0
139.0676,3,0,4,1,0,0,1,118,0,0.0000,-1,10,10,7,0,27,0,0,0,0
139.0871,3,0,4,1,0,0,1,118,0,0.0000,-1,10,10,7,0,27,0,0,0,0
139.1103,3,0,4,1,0,0,1,118,0,0.0000,-1,10,10,7,0,27,0,0,0,0
139.1315,3,0,4,1,0,0,1,118,0,0.0000,-1,10,10,7,0,27,0,0,0,0
139.1516,3,0,4,1,0,0,1,118,0,0.0000,-1,10,10,7,0,27,0,0,0,0
139.1708,3,0,4,1,0,0,1,118,0,0.0000,-1,10,10,7,0,27,0,0,0,0
139.1939,3,0,4,1,0,0,1,118,0,0.0000,-1,10,10,7,0,27,0,0,0,0
139.2196,3,0,4,1,0,0,1,118,0,0.0000,-1,10,10,7,0,27,0,0,0,0
139.2554,3,0,4,1,0,0,1,118,0,0.0000,-1,10,10,7,0,27,0,0,0,0
139.267,3,0,4,1,0,0,1,118,0,0.0000,-1,10,10,7,0,27,0,0,0,0
139.2826,3,0,4,1,0,0,1,118,0,0.0000,-1,10,10,7,0,27,0,0,0,0
139.3059,3,0,4,1,0,0,1,118,0,0.0000,-1,10,10,7,0,27,0,0,0,0
139.3263,3,0,4,1,0,0,1,118,0,0.0000,-1,10,10,7,0,27,0,0,0,0
139.3466,3,0,4,1,0,0,1,118,0,0.0000,-1,10,10,7,0,27,0,0,0,0
139.3659,3,0,4,1,0,0,1,118,0,0.0000,-1,10,10,7,0,27,0,0,0,0
139.3856,3,0,4,1,0,0,1,118,0,0.0000,-1,10,10,7,0,27,0,0,0,0
139.4085,3,0,4,1,0,0,1,118,0,0.0000,-1,10,10,7,0,27,0,0,0,0
139.4291,3,0,4,1,0,0,1,118,0,0.0000,-1,10,10,7,0,27,0,0,0,0
139.4504,3,0,4,1,0,0,1,118,0,0.0000,-1,10,10,7,0,27,0,0,0,0
139.4701,3,0,4,1,0,0,1,118,0,0.0000,-1,10,10,7,0,27,0,0,0,0
139.4913,3,0,4,1,0,0,1,118,0,0.0000,-1,10,10,7,0,27,0,0,0,0
139.5101,3,0,4,1,0,0,1,118,0,0.0000,-1,10,10,7,0,27,0,0,0,0
139.5309,3,0,4,1,0,0,1,118,0,0.0000,-1,10,10,7,0,27,0,0,0,0
139.5533,3,0,4,1,0,0,1,118,0,0.0000,-1,10,10,7,0,27,0,0,0,0
139.5733,3,0,4,1,0,0,1,118,0,0.0000,-1,10,10,7,0,27,0,0,0,0
139.5938,3,0,4,1,0,0,1,118,0,0.0000,-1,10,10,7,0,27,0,0,0,0
139.6158,3,0,4,1,0,0,1,118,0,0.0000,-1,10,10,7,0,27,0,0,0,0
139.6354,3,0,4,1,0,0,1,118,0,0.0000,-1,10,10,7,0,27,0,0,0,0
139.6551,3,0,4,1,0,0,1,118,0,0.0000,-1,10,10,7,0,27,0,0,0,0
139.6764,3,0,4,1,0,0,1,118,0,0.0000,-1,10,10,7,0,27,0,0,0,0
139.697,3,0,4,1,0,0,1,118,0,0.0000,-1,10,10,7,0,27,0,0,0,0
139.7196,3,0,4,1,0,0,1,118,0,0.0000,-1,10,10,7,0,27,0,0,0,0
139.7403,3,0,4,1,0,0,1,118,0,0.0000,-1,10,10,7,0,27,0,0,0,0
139.761,3,0,4,1,0,0,1,118,0,0.0000,-1,10,10,7,0,27,0,0,0,0
139.7809,3,0,4,1,0,0,1,118,0,0.0000,-1,10,10,7,0,27,0,0,0,0
139.7993,3,0,4,1,0,0,1,118,0,0.0000,-1,10,10,7,0,27,0,0,0,0
139.8202,3,0,4,1,0,0,0,-1,1,1.0000,-1,10,10,7,0,27,0,0,0,0
139.9416,3,0,4,1,0,0,0,-1,0,1.0000,-1,10,10,7,0,27,0,0,0,0
139.9623,3,0,4,1,0,0,0,-1,0,1.0000,-1,10,10,7,0,27,0,0,0,0
139.9839,3,0,4,1,0,0,0,-1,0,1.0000,-1,10,10,7,0,27,0,0,0,0
140.0065,3,0,4,1,0,0,0,-1,0,1.0000,-1,10,10,7,0,27,0,0,0,0
140.0279,3,0,4,1,0,0,0,-1,0,1.0000,-1,10,10,7,0,27,0,0,0,0
140.0484,3,0,4,1,0,0,0,-1,0,1.0000,-1,10,10,7,0,27,0,0,0,0
140.069,3,0,4,1,0,0,0,-1,0,1.0000,-1,10,10,7,0,27,0,0,0,0
140.09,3,0,4,1,0,0,0,-1,0,1.0000,-1,10,10,7,0,27,0,0,0,0
140.1108,3,0,4,1,0,0,0,-1,0,1.0000,-1,10,10,7,0,27,0,0,0,0
140.1322,3,0,4,1,0,0,0,-1,0,1.0000,-1,10,10,7,0,27,0,0,0,0
140.1525,3,0,4,1,0,0,0,-1,0,1.0000,-1,10,10,7,0,27,0,0,0,0
140.1734,3,0,4,1,0,0,0,-1,0,1.0000,-1,10,10,7,0,27,0,0,0,0
140.1955,3,0,4,1,0,0,0,-1,0,1.0000,-1,10,10,7,0,27,0,0,0,0
140.2166,3,0,4,1,0,0,0,-1,0,1.0000,-1,10,10,7,0,27,0,0,0,0
140.2382,3,0,4,1,0,0,0,-1,0,1.0000,-1,10,10,7,0,27,0,0,0,0
140.2596,3,0,4,1,0,0,0,-1,0,1.0000,-1,10,10,7,0,27,0,0,0,0
140.2838,3,0,4,1,0,0,0,-1,0,1.0000,-1,10,10,7,0,27,0,0,0,0
140.309,3,0,4,1,0,0,0,-1,0,1.0000,-1,10,10,7,0,27,0,0,0,0
140.3295,3,0,4,1,0,0,0,-1,0,1.0000,-1,10,10,7,0,27,0,0,0,0
140.3481,3,0,4,1,0,0,0,-1,0,1.0000,-1,10,10,7,0,27,0,0,0,0
140.3725,3,0,4,1,0,0,0,-1,0,1.0000,-1,10,10,7,0,27,0,0,0,0
140.4127,3,0,4,1,0,0,0,-1,0,1.0000,-1,10,10,7,0,27,0,0,0,0
140.4279,3,0,4,1,0,0,0,-1,0,1.0000,-1,10,10,7,0,27,0,0,0,0
140.4457,3,0,4,1,0,0,0,-1,0,1.0000,-1,10,10,7,0,27,0,0,0,0
140.4708,3,0,4,1,0,0,0,-1,0,1.0000,-1,10,10,7,0,27,0,0,0,0
140.4961,3,0,4,1,0,0,0,-1,0,1.0000,-1,10,10,7,0,27,0,0,0,0
140.5178,3,0,4,1,0,0,0,-1,0,1.0000,-1,10,10,7,0,27,0,0,0,0
140.543,3,0,4,1,0,0,0,-1,0,1.0000,-1,10,10,7,0,27,0,0,0,0
140.5659,3,0,4,1,0,0,0,-1,0,1.0000,-1,10,10,7,0,27,0,0,0,0
140.5869,3,0,4,1,0,0,0,-1,0,1.0000,-1,10,10,7,0,27,0,0,0,0
140.6134,3,0,4,1,0,0,0,-1,0,1.0000,-1,10,10,7,0,27,0,0,0,0
140.636,3,0,4,1,0,0,0,-1,0,1.0000,-1,10,10,7,0,27,0,0,0,0
140.6568,3,0,4,1,0,0,0,-1,0,1.0000,-1,10,10,7,0,27,0,0,0,0
140.6833,3,0,4,1,0,0,0,-1,0,1.0000,-1,10,10,7,0,27,0,0,0,0
140.7098,3,0,4,1,0,0,0,-1,0,1.0000,-1,10,10,7,0,27,0,0,0,0
140.7333,3,0,4,1,0,0,0,-1,0,1.0000,-1,10,10,7,0,27,0,0,0,0
140.7538,3,0,4,1,0,0,0,-1,0,1.0000,-1,10,10,7,0,27,0,0,0,0
140.7794,3,0,4,1,0,0,0,-1,0,1.0000,-1,10,10,7,0,27,0,0,0,0
140.8008,3,0,4,1,0,0,0,-1,0,1.0000,-1,10,10,7,0,27,0,0,0,0
140.8455,3,0,4,1,0,0,0,-1,0,0.0000,-1,10,10,7,0,27,0,0,0,0
140.8647,3,0,4,1,0,0,0,-1,0,0.0000,-1,10,10,7,0,27,0,0,0,0
140.8875,3,0,4,1,0,0,0,-1,0,0.0000,-1,10,10,7,0,27,0,0,0,0
140.9067,3,0,4,1,0,0,0,-1,0,0.0000,-1,10,10,7,0,27,0,0,0,0
140.9261,3,0,4,1,0,0,0,-1,0,0.0000,-1,10,10,7,0,27,0,0,0,0
140.9451,3,0,4,1,0,0,0,-1,0,0.0000,-1,10,10,7,0,27,0,0,0,0
140.9676,3,0,4,1,0,0,0,-1,0,0.0000,-1,10,10,7,0,27,0,0,0,0
140.9865,3,0,4,1,0,0,0,-1,0,0.0000,-1,10,10,7,0,27,0,0,0,0
141.0113,3,0,4,1,0,0,0,-1,0,0.0000,-1,10,10,7,0,27,0,0,0,0
141.0335,3,0,4,1,0,0,0,-1,0,0.0000,-1,10,10,7,0,27,0,0,0,0
141.0517,3,0,4,1,0,0,0,-1,0,0.0000,-1,10,10,7,0,27,0,0,0,0
141.0752,3,0,4,1,0,0,0,-1,0,0.0000,-1,10,10,7,0,27,0,0,0,0
141.0978,3,0,4,1,0,0,0,-1,0,0.0000,-1,10,10,7,0,27,0,0,0,0
141.121,3,0,4,1,0,0,0,-1,0,0.0000,-1,10,10,7,0,27,0,0,0,0
141.1478,3,0,4,1,0,0,0,-1,0,0.0000,-1,10,10,7,0,27,0,0,0,0
141.1701,3,0,4,1,0,0,0,-1,0,0.0000,-1,10,10,7,0,27,0,0,0,0
141.1933,3,0,4,1,0,0,0,-1,0,0.0000,-1,10,10,7,0,27,0,0,0,0
141.2189,3,0,4,1,0,0,0,-1,0,0.0000,-1,10,10,7,0,27,0,0,0,0
141.2609,3,0,4,1,0,0,0,-1,0,0.0000,-1,10,10,7,0,27,0,0,0,0
141.277,3,0,4,1,0,0,0,-1,0,0.0000,-1,10,10,7,0,27,0,0,0,0
141.2915,3,0,4,1,0,0,0,-1,0,0.0000,-1,10,10,7,0,27,0,0,0,0
141.3148,3,0,4,1,0,0,0,-1,0,0.0000,-1,10,10,7,0,27,0,0,0,0
141.34,3,0,4,1,0,0,0,-1,0,0.0000,-1,10,10,7,0,27,0,0,0,0
141.3695,3,0,4,1,0,0,0,-1,0,0.0000,-1,10,10,7,0,27,0,0,0,0
141.3933,3,0,4,1,0,0,0,-1,0,0.0000,-1,10,10,7,0,27,0,0,0,0
141.4181,3,0,4,1,0,0,0,-1,0,0.0000,-1,10,10,7,0,27,0,0,0,0
141.443,3,0,4,1,0,0,0,-1,0,0.0000,-1,10,10,7,0,27,0,0,0,0
141.4645,3,0,4,1,0,0,0,-1,0,0.0000,-1,10,10,7,0,27,0,0,0,0
141.49,3,0,4,1,0,0,0,-1,0,0.0000,-1,10,10,7,0,27,0,0,0,0
141.5131,3,0,4,1,0,0,0,-1,0,0.0000,-1,10,10,7,0,27,0,0,0,0
141.5349,3,0,4,1,0,0,0,-1,0,0.0000,-1,10,10,7,0,27,0,0,0,0
141.5594,3,0,4,1,0,0,0,-1,0,0.0000,-1,10,10,7,0,27,0,0,0,0
141.5861,3,0,4,1,0,0,0,-1,0,0.0000,-1,10,10,7,0,27,0,0,0,0
141.6081,3,0,4,1,0,0,0,-1,0,0.0000,-1,10,10,7,0,27,0,0,0,0
141.635,3,0,4,1,0,0,0,-1,0,0.0000,-1,10,10,7,0,27,0,0,0,0
141.6559,3,0,4,1,0,0,0,-1,0,0.0000,-1,10,10,7,0,27,0,0,0,0
141.6804,3,0,4,1,0,0,0,-1,0,0.0000,-1,10,10,7,0,27,0,0,0,0
141.7025,3,0,4,1,0,0,0,-1,0,0.0000,-1,10,10,7,0,27,0,0,0,0
141.7266,3,0,4,1,0,0,0,-1,0,0.0000,-1,10,10,7,0,27,0,0,0,0
141.7487,3,0,4,1,0,0,0,-1,0,0.0000,-1,10,10,7,0,27,0,0,0,0
141.7728,3,0,4,1,0,0,0,-1,0,0.0000,-1,10,10,7,0,27,0,0,0,0
141.8002,3,0,4,1,0,0,0,-1,0,0.0000,-1,10,10,7,0,27,0,0,0,0
141.8232,3,0,4,1,0,0,0,-1,0,0.0000,-1,10,10,7,0,27,0,0,0,0
141.8514,3,0,4,1,0,0,0,-1,0,0.0000,-1,10,10,7,0,27,0,0,0,0
141.8742,3,0,4,1,0,0,0,-1,0,0.0000,-1,10,10,7,0,27,0,0,0,0
141.9224,3,0,4,1,0,0,0,-1,0,0.0000,-1,10,10,7,0,27,0,0,0,0
141.9403,3,0,4,1,0,0,0,-1,0,0.0000,-1,10,10,7,0,27,0,0,0,0
141.9568,3,0,4,1,0,0,0,-1,0,0.0000,-1,10,10,7,0,27,0,0,0,0
141.9779,3,0,4,1,0,0,0,-1,0,0.0000,-1,10,10,7,0,27,0,0,0,0
142.0026,3,0,4,1,0,0,0,-1,0,0.0000,-1,10,10,7,0,27,0,0,0,0
142.028,3,0,4,1,0,0,1,123,0,0.0000,-1,10,10,7,0,27,0,0,0,0
142.0528,3,0,4,0,0,0,1,123,0,0.0000,-1,10,10,7,0,27,0,0,0,0
142.0797,3,0,4,0,0,0,1,123,0,0.0000,-1,10,10,7,0,27,0,0,0,0
142.125,3,0,4,0,0,0,1,123,0,0.0000,-1,10,10,7,0,27,0,0,0,0
142.1426,3,0,4,0,0,0,1,123,0,0.0000,-1,10,10,7,0,27,0,0,0,0
142.159,3,0,4,0,0,0,1,123,0,0.0000,-1,10,10,7,0,27,0,0,0,0
142.1821,3,0,4,0,0,0,1,123,0,0.0000,-1,10,10,7,0,27,0,0,0,0
142.2033,3,0,4,0,0,0,1,123,0,0.0000,-1,10,10,7,0,27,0,0,0,0
142.2308,3,0,4,0,0,0,1,123,0,0.0000,-1,10,10,7,0,27,0,0,0,0
142.2547,3,0,4,0,0,0,1,123,1,1.0000,-1,10,10,7,0,27,0,0,0,0
142.2754,3,0,4,0,0,0,1,123,0,1.0000,-1,10,10,7,0,27,0,0,0,0
142.3004,3,0,4,0,0,0,0,-1,0,1.0000,-1,10,10,7,0,27,0,0,0,0
142.3233,3,0,4,0,0,0,0,-1,0,1.0000,-1,10,10,7,0,27,0,0,0,0
142.3483,3,0,4,0,0,0,0,-1,0,1.0000,-1,10,10,7,0,27,0,0,0,0
142.3714,3,0,4,0,0,0,0,-1,0,1.0000,-1,10,10,7,0,27,0,0,0,0
142.3967,3,0,4,0,0,0,0,-1,0,1.0000,-1,10,10,7,0,27,0,0,0,0
142.4209,3,0,4,0,1,0,0,-1,0,1.0000,-1,10,10,7,0,27,0,0,0,0
142.4439,3,0,4,0,1,0,0,-1,0,1.0000,-1,10,10,7,0,27,0,0,0,0
142.4702,3,0,4,0,1,0,0,-1,0,1.0000,-1,10,10,7,0,27,0,0,0,0
142.4942,3,0,4,0,1,0,0,-1,0,1.0000,-1,10,10,7,0,27,0,0,0,0
142.5166,3,0,4,0,1,0,0,-1,0,1.0000,-1,10,10,7,0,27,0,0,0,0
142.5399,3,0,4,0,1,0,0,-1,0,1.0000,-1,10,10,7,0,27,0,0,0,0
142.5628,3,0,4,0,1,0,0,-1,0,1.0000,-1,10,10,7,0,27,0,0,0,0
142.5839,3,0,4,0,1,0,0,-1,0,1.0000,-1,10,10,7,0,27,0,0,0,0
142.6081,3,0,4,0,1,0,0,-1,0,1.0000,-1,10,10,7,0,27,0,0,0,0
142.6293,3,0,4,0,1,0,0,-1,0,1.0000,-1,10,10,7,0,27,0,0,0,0
142.6509,3,0,4,0,1,0,0,-1,0,1.0000,-1,10,10,7,0,27,0,0,0,0
142.6716,3,0,4,0,1,0,0,-1,0,1.0000,-1,10,10,7,0,27,0,0,0,0
142.6931,3,0,4,0,1,0,0,-1,0,1.0000,-1,10,10,7,0,27,0,0,0,0
142.7165,3,0,4,0,1,0,0,-1,0,1.0000,-1,10,10,7,0,27,0,0,0,0
142.7388,3,0,4,0,1,0,0,-1,0,1.0000,-1,10,10,7,0,27,0,0,0,0
142.763,3,0,4,0,1,0,0,-1,0,1.0000,-1,10,10,7,0,27,0,0,0,0
142.7806,3,0,4,0,1,0,1,124,0,1.0000,-1,10,10,7,0,27,0,0,0,0
142.8052,3,0,4,0,1,0,1,124,0,1.0000,-1,10,10,7,0,27,0,0,0,0
142.8302,3,0,4,0,1,0,1,124,0,1.0000,-1,10,10,7,0,27,0,0,0,0
142.8526,3,0,4,0,1,0,1,124,0,1.0000,-1,10,10,7,0,27,0,0,0,0
142.87,3,0,4,0,1,0,1,124,0,1.0000,-1,10,10,7,0,27,0,0,0,0
142.8936,3,0,4,0,1,0,1,124,0,1.0000,-1,10,10,7,0,27,0,0,0,0
142.9163,3,0,4,0,1,0,1,124,0,1.0000,-1,10,10,7,0,27,0,0,0,0
142.9376,3,0,4,0,1,0,1,124,0,1.0000,-1,10,10,7,0,27,0,0,0,0
142.9625,3,0,4,0,1,0,1,124,0,1.0000,-1,10,10,7,0,27,0,0,0,0
142.9826,3,0,4,0,1,0,1,124,0,1.0000,-1,10,10,7,0,27,0,0,0,0
143.0052,3,0,4,0,1,0,1,124,0,1.0000,-1,10,10,7,0,27,0,0,0,0
143.0254,3,0,4,0,1,0,1,124,0,1.0000,-1,10,10,7,0,27,0,0,0,0
143.0481,3,0,4,0,1,0,1,124,0,1.0000,-1,10,10,7,0,27,0,0,0,0
143.0695,3,0,4,0,0,0,1,124,0,1.0000,-1,10,10,7,0,27,0,0,0,0
143.091,3,0,4,0,0,0,1,124,0,1.0000,-1,10,10,7,0,27,0,0,0,0
143.1144,3,0,4,0,0,0,1,124,0,1.0000,-1,10,10,7,0,27,0,0,0,0
143.1366,3,0,4,0,0,0,1,124,0,1.0000,-1,10,10,7,0,27,0,0,0,0
143.158,3,0,4,0,0,0,1,124,1,2.0000,-1,10,10,7,0,27,0,0,0,0
143.1799,3,0,4,0,0,0,1,124,0,2.0000,-1,10,10,7,0,27,0,0,0,0
143.2205,3,0,4,0,0,0,1,124,0,2.0000,-1,10,10,7,0,27,0,0,0,0
143.2374,3,0,4,0,0,0,1,124,0,2.0000,-1,10,10,7,0,27,0,0,0,0
143.2507,3,0,4,0,0,0,1,124,0,2.0000,-1,10,10,7,0,27,0,0,0,0
143.2699,3,0,4,0,0,0,1,124,0,1.0000,-1,10,10,7,0,27,0,0,0,0
143.2926,3,0,4,0,0,0,1,124,0,1.0000,-1,10,10,7,0,27,0,0,0,0
143.3164,3,0,4,0,0,0,1,124,0,1.0000,-1,10,10,7,0,27,0,0,0,0
143.3387,3,0,4,0,0,0,1,124,0,1.0000,-1,10,10,7,0,27,0,0,0,0
143.3581,3,0,4,0,0,0,1,124,0,1.0000,-1,10,10,7,0,27,0,0,0,0
143.3813,3,0,4,0,0,0,1,124,0,1.0000,-1,10,10,7,0,27,0,0,0,0
143.4011,3,0,4,0,0,0,1,124,0,1.0000,-1,10,10,7,0,27,0,0,0,0
143.426,3,0,4,0,0,0,1,124,0,1.0000,-1,10,10,7,0,27,0,0,0,0
143.4498,3,0,4,0,0,0,1,124,0,1.0000,-1,10,10,7,0,27,0,0,0,0
143.4735,3,0,4,0,0,0,1,124,0,1.0000,-1,10,10,7,0,27,0,0,0,0
143.4958,1,1,5,0,0,0,1,127,0,1.0000,124,11,10,7,0,28,0,0,0,0
143.5203,1,0,5,0,0,0,1,127,0,1.0000,-1,11,10,7,0,28,0,0,0,0
143.5435,1,0,5,0,0,0,1,127,0,1.0000,-1,11,10,7,0,28,0,0,0,0
143.5693,1,0,5,0,0,0,1,127,0,1.0000,-1,11,10,7,0,28,0,0,0,0
143.5941,1,0,5,0,0,0,1,127,0,1.0000,-1,11,10,7,0,28,0,0,0,0
143.6409,1,0,5,0,0,0,1,127,0,1.0000,-1,11,10,7,0,28,0,0,0,0
143.6575,1,0,5,0,0,0,1,127,0,1.0000,-1,11,10,7,0,28,0,0,0,0
143.6735,1,0,5,0,0,0,1,127,0,1.0000,-1,11,10,7,0,28,0,0,0,0
143.7005,1,0,5,0,0,0,1,127,0,1.0000,-1,11,10,7,0,28,0,0,0,0
143.7266,1,0,5,0,0,0,1,127,0,1.0000,-1,11,10,7,0,28,0,0,0,0
143.7569,1,0,5,0,0,0,1,127,0,1.0000,-1,11,10,7,0,28,0,0,0,0
143.7828,1,0,5,0,0,0,1,127,0,1.0000,-1,11,10,7,0,28,0,0,0,0
143.814,1,0,5,0,0,0,1,127,0,1.0000,-1,11,10,7,0,28,0,0,0,0
143.8496,1,0,5,0,0,0,1,127,0,1.0000,-1,11,10,7,0,28,0,0,0,0
143.8653,1,0,5,0,0,0,1,127,0,1.0000,-1,11,10,7,0,28,0,0,0,0
143.8831,1,0,5,0,0,0,1,127,0,1.0000,-1,11,10,7,0,28,0,0,0,0
143.9078,1,0,5,0,0,0,1,127,0,1.0000,-1,11,10,7,0,28,0,0,0,0
143.9317,1,0,5,0,0,0,1,127,0,1.0000,-1,11,10,7,0,28,0,0,0,0
143.9575,1,0,5,0,0,0,1,127,0,1.0000,-1,11,10,7,0,28,0,0,0,0
143.9836,1,0,5,0,0,0,1,127,0,1.0000,-1,11,10,7,0,28,0,0,0,0
144.0048,1,0,5,0,0,0,1,127,0,1.0000,-1,11,10,7,0,28,0,0,0,0
144.0314,1,0,5,0,0,0,1,127,0,1.0000,-1,11,10,7,0,28,0,0,0,0
144.0533,1,0,5,0,0,0,1,127,0,1.0000,-1,11,10,7,0,28,0,0,0,0
144.0776,1,0,5,0,0,0,1,127,0,1.0000,-1,11,10,7,0,28,0,0,0,0
144.1025,1,0,5,0,0,0,1,127,0,1.0000,-1,11,10,7,0,28,0,0,0,0
144.1263,1,0,5,0,0,0,1,127,0,1.0000,-1,11,10,7,0,28,0,0,0,0
144.1524,1,0,5,0,0,0,1,127,0,1.0000,-1,11,10,7,0,28,0,0,0,0
144.1756,1,0,5,0,0,0,1,127,0,0.0000,-1,11,10,7,0,28,0,0,0,0
144.2005,1,0,5,0,0,0,1,127,0,0.0000,-1,11,10,7,0,28,0,0,0,0
144.2238,1,0,5,0,0,0,1,127,0,0.0000,-1,11,10,7,0,28,0,0,0,0
144.2478,1,0,5,0,0,0,1,127,0,0.0000,-1,11,10,7,0,28,0,0,0,0
144.2907,1,0,5,0,0,0,1,127,0,0.0000,-1,11,10,7,0,28,0,0,0,0
144.3054,1,0,5,0,0,0,1,127,0,0.0000,-1,11,10,7,0,28,0,0,0,0
144.3229,1,0,5,0,0,0,1,127,0,0.0000,-1,11,10,7,0,28,0,0,0,0
144.3454,1,0,5,0,0,0,1,127,1,1.0000,-1,11,10,7,0,28,0,0,0,0
144.3693,1,0,5,0,0,0,1,125,0,1.0000,127,12,10,7,0,29,0,0,0,0
144.3978,1,0,5,0,0,0,1,125,0,1.0000,-1,12,10,7,0,29,0,0,0,0
144.4202,1,0,5,0,0,0,1,125,0,1.0000,-1,12,10,7,0,29,0,0,0,0
144.4455,1,0,5,0,0,0,1,125,0,1.0000,-1,12,10,7,0,29,0,0,0,0
144.4691,1,0,5,0,0,0,1,125,0,1.0000,-1,12,10,7,0,29,0,0,0,0
144.5183,1,0,5,0,0,0,1,125,0,1.0000,-1,12,10,7,0,29,0,0,0,0
144.5407,1,0,5,0,0,0,1,125,0,1.0000,-1,12,10,7,0,29,0,0,0,0
144.5647,1,0,5,0,0,0,1,125,0,1.0000,-1,12,10,7,0,29,0,0,0,0
144.5854,1,0,5,0,0,0,1,125,0,1.0000,-1,12,10,7,0,29,0,0,0,0
144.6022,1,0,5,0,0,0,1,125,0,1.0000,-1,12,10,7,0,29,0,0,0,0
144.6219,1,0,5,0,0,0,1,125,0,1.0000,-1,12,10,7,0,29,0,0,0,0
144.6447,1,0,5,0,0,0,1,126,0,1.0000,-1,12,10,7,0,29,0,0,0,0
144.6663,1,0,5,0,0,0,1,126,0,1.0000,-1,12,10,7,0,29,0,0,0,0
144.6922,1,0,5,0,0,0,1,126,0,1.0000,-1,12,10,7,0,29,0,0,0,0
144.7111,1,0,5,0,0,0,1,126,0,1.0000,-1,12,10,7,0,29,0,0,0,0
144.7346,1,0,5,0,0,0,1,126,0,1.0000,-1,12,10,7,0,29,0,0,0,0
144.7574,1,0,5,0,0,0,1,126,0,1.0000,-1,12,10,7,0,29,0,0,0,0
144.7825,1,0,5,0,0,0,1,126,0,1.0000,-1,12,10,7,0,29,0,0,0,0
144.8067,1,0,5,0,0,0,1,126,0,1.0000,-1,12,10,7,0,29,0,0,0,0
144.8304,1,0,5,0,0,0,1,126,0,1.0000,-1,12,10,7,0,29,0,0,0,0
144.8557,1,0,5,0,0,0,1,126,0,1.0000,-1,12,10,7,0,29,0,0,0,0
144.8804,1,0,5,0,0,0,1,126,0,1.0000,-1,12,10,7,0,29,0,0,0,0
144.9038,1,0,5,0,0,0,1,126,0,1.0000,-1,12,10,7,0,29,0,0,0,0
144.9473,1,0,5,0,0,0,1,126,0,1.0000,-1,12,10,7,0,29,0,0,0,0
144.9637,1,0,5,0,0,0,1,126,0,1.0000,-1,12,10,7,0,29,0,0,0,0
144.981,1,0,5,0,0,0,1,126,0,1.0000,-1,12,10,7,0,29,0,0,0,0
145.0027,1,0,5,0,0,0,1,126,0,1.0000,-1,12,10,7,0,29,0,0,0,0
145.0248,1,0,5,0,0,0,1,126,0,1.0000,-1,12,10,7,0,29,0,0,0,0
145.0486,1,0,5,0,0,0,1,126,0,1.0000,-1,12,10,7,0,29,0,0,0,0
145.0727,1,0,5,0,0,0,1,126,0,1.0000,-1,12,10,7,0,29,0,0,0,0
145.0958,1,0,5,0,0,0,1,126,0,1.0000,-1,12,10,7,0,29,0,0,0,0
145.1163,1,0,5,0,0,0,1,126,0,1.0000,-1,12,10,7,0,29,0,0,0,0
145.1603,1,0,5,0,0,0,1,126,0,1.0000,-1,12,10,7,0,29,0,0,0,0
145.1767,1,0,5,0,0,0,1,126,0,1.0000,-1,12,10,7,0,29,0,0,0,0
145.1917,1,0,5,0,0,0,1,126,0,1.0000,-1,12,10,7,0,29,0,0,0,0
145.2128,1,0,5,0,0,0,1,126,0,1.0000,-1,12,10,7,0,29,0,0,0,0
145.2351,1,0,5,0,0,0,1,126,0,1.0000,-1,12,10,7,0,29,0,0,0,0
145.2583,1,0,5,0,0,0,1,126,0,1.0000,-1,12,10,7,0,29,0,0,0,0
145.28,1,0,5,0,0,0,0,-1,0,1.0000,-1,12,10,7,0,29,0,0,0,0
145.3018,1,0,5,0,0,0,0,-1,0,1.0000,-1,12,10,7,0,29,0,0,0,0
145.3248,1,0,5,0,0,0,0,-1,0,1.0000,-1,12,10,7,0,29,0,0,0,0
145.3478,1,0,5,0,0,0,0,-1,0,0.0000,-1,12,10,7,0,29,0,0,0,0
145.3712,1,0,5,0,0,0,1,130,0,0.0000,126,13,10,7,0,30,0,0,0,0
145.3928,1,0,5,0,0,0,1,130,0,0.0000,-1,13,10,7,0,30,0,0,0,0
145.4138,1,0,5,0,0,0,1,130,0,0.0000,-1,13,10,7,0,30,0,0,0,0
145.4404,1,0,5,0,0,0,1,130,0,0.0000,-1,13,10,7,0,30,0,0,0,0
145.4605,1,0,5,0,0,0,1,130,0,0.0000,-1,13,10,7,0,30,0,0,0,0
145.4826,1,0,5,0,0,0,1,130,0,0.0000,-1,13,10,7,0,30,0,0,0,0
145.5063,1,0,5,0,0,0,1,130,0,0.0000,-1,13,10,7,0,30,0,0,0,0
145.5291,1,0,5,0,0,0,1,130,0,0.0000,-1,13,10,7,0,30,0,0,0,0
145.5766,1,0,5,0,0,0,1,130,0,0.0000,-1,13,10,7,0,30,0,0,0,0
145.5993,1,0,5,0,0,0,1,130,0,0.0000,-1,13,10,7,0,30,0,0,0,0
145.6147,1,0,5,0,0,0,1,130,0,0.0000,-1,13,10,7,0,30,0,0,0,0
145.6287,1,0,5,0,0,0,1,130,0,0.0000,-1,13,10,7,0,30,0,0,0,0
145.6503,1,0,5,0,0,0,1,130,0,0.0000,-1,13,10,7,0,30,0,0,0,0
145.6747,1,0,5,0,0,0,1,130,0,0.0000,-1,13,10,7,0,30,0,0,0,0
145.6982,1,0,5,0,0,0,1,130,0,0.0000,-1,13,10,7,0,30,0,0,0,0
145.7227,1,0,5,0,0,0,1,130,0,0.0000,-1,13,10,7,0,30,0,0,0,0
145.7438,1,0,5,0,0,0,1,128,0,0.0000,130,14,10,7,0,31,0,0,0,0
145.7669,1,0,5,0,0,0,1,128,0,0.0000,-1,14,10,7,0,31,0,0,0,0
145.7892,1,0,5,0,0,0,1,128,0,0.0000,-1,14,10,7,0,31,0,0,0,0
145.8125,1,0,5,0,0,0,1,128,0,0.0000,-1,14,10,7,0,31,0,0,0,0
145.838,1,0,5,0,0,0,1,128,0,0.0000,-1,14,10,7,0,31,0,0,0,0
145.8599,1,0,5,0,0,0,1,128,1,1.0000,-1,14,10,7,0,31,0,0,0,0
145.8824,1,0,5,0,0,0,1,128,0,1.0000,-1,14,10,7,0,31,0,0,0,0
145.9061,1,0,5,0,0,0,1,128,0,1.0000,-1,14,10,7,0,31,0,0,0,0
145.9297,1,0,5,0,0,0,1,128,0,1.0000,-1,14,10,7,0,31,0,0,0,0
145.9496,1,0,5,0,0,0,1,128,0,1.0000,-1,14,10,7,0,31,0,0,0,0
145.9724,1,0,5,0,0,0,1,128,0,1.0000,-1,14,10,7,0,31,0,0,0,0
145.9932,1,0,5,0,0,0,1,128,0,1.0000,-1,14,10,7,0,31,0,0,0,0
146.0152,1,0,5,0,0,0,1,128,0,1.0000,-1,14,10,7,0,31,0,0,0,0
146.0382,1,0,5,0,0,0,1,128,0,1.0000,-1,14,10,7,0,31,0,0,0,0
146.0606,1,0,5,0,0,0,1,128,0,1.0000,-1,14,10,7,0,31,0,0,0,0
146.0822,1,0,5,0,0,0,1,128,0,1.0000,-1,14,10,7,0,31,0,0,0,0
146.1027,1,0,5,0,0,0,1,128,0,1.0000,-1,14,10,7,0,31,0,0,0,0
146.1263,1,0,5,0,0,0,1,128,0,1.0000,-1,14,10,7,0,31,0,0,0,0
146.147,1,0,5,0,0,0,1,128,0,1.0000,-1,14,10,7,0,31,0,0,0,0
146.1695,1,0,5,0,0,0,1,128,0,1.0000,-1,14,10,7,0,31,0,0,0,0
146.1898,1,0,5,0,0,0,1,128,0,1.0000,-1,14,10,7,0,31,0,0,0,0
146.2127,1,0,5,0,0,0,1,128,0,1.0000,-1,14,10,7,0,31,0,0,0,0
146.233,1,0,5,0,0,0,1,128,0,1.0000,-1,14,10,7,0,31,0,0,0,0
146.2559,1,0,5,0,0,0,1,128,0,1.0000,-1,14,10,7,0,31,0,0,0,0
146.2788,1,0,5,0,0,0,1,128,0,1.0000,-1,14,10,7,0,31,0,0,0,0
146.3016,1,0,5,0,0,0,1,128,0,1.0000,-1,14,10,7,0,31,0,0,0,0
146.3232,1,0,5,0,0,0,1,128,0,1.0000,-1,14,10,7,0,31,0,0,0,0
146.347,1,0,5,0,0,0,1,128,0,1.0000,-1,14,10,7,0,31,0,0,0,0
146.3685,1,0,5,0,0,0,1,128,1,2.0000,-1,14,10,7,0,31,0,0,0,0
146.391,1,0,5,0,0,0,1,128,0,2.0000,-1,14,10,7,0,31,0,0,0,0
146.4292,1,0,5,0,0,0,1,128,0,2.0000,-1,14,10,7,0,31,0,0,0,0
146.4433,1,0,5,0,0,0,1,128,0,2.0000,-1,14,10,7,0,31,0,0,0,0
146.4608,1,0,5,0,0,0,1,128,0,2.0000,-1,14,10,7,0,31,0,0,0,0
146.4791,1,0,5,0,0,0,1,128,0,2.0000,-1,14,10,7,0,31,0,0,0,0
146.5014,1,0,5,0,0,0,1,128,0,2.0000,-1,14,10,7,0,31,0,0,0,0
146.524,1,0,5,0,0,0,1,128,0,2.0000,-1,14,10,7,0,31,0,0,0,0
146.544,1,0,5,0,0,0,0,-1,0,2.0000,128,15,10,7,0,32,0,0,0,0
146.565,1,0,5,0,0,0,0,-1,0,2.0000,-1,15,10,7,0,32,0,0,0,0
146.5876,1,0,5,0,0,0,0,-1,0,2.0000,-1,15,10,7,0,32,0,0,0,0
146.6099,1,0,5,0,0,0,0,-1,0,2.0000,-1,15,10,7,0,32,0,0,0,0
146.651,1,0,5,0,0,0,0,-1,1,3.0000,-1,15,10,7,0,32,0,0,0,0
146.6666,1,0,5,0,0,0,0,-1,0,3.0000,-1,15,10,7,0,32,0,0,0,0
146.6831,1,0,5,0,0,0,0,-1,0,3.0000,-1,15,10,7,0,32,0,0,0,0
146.7015,1,0,5,0,0,0,0,-1,0,3.0000,-1,15,10,7,0,32,0,0,0,0
146.7234,1,0,5,0,0,0,0,-1,0,3.0000,-1,15,10,7,0,32,0,0,0,0
146.7459,1,0,5,0,0,0,0,-1,0,3.0000,-1,15,10,7,0,32,0,0,0,0
146.7656,1,0,5,0,0,0,0,-1,0,3.0000,-1,15,10,7,0,32,0,0,0,0
146.7887,1,0,5,0,0,0,0,-1,0,3.0000,-1,15,10,7,0,32,0,0,0,0
146.8094,1,0,5,0,0,0,0,-1,0,3.0000,-1,15,10,7,0,32,0,0,0,0
146.8322,1,0,5,0,0,0,0,-1,0,3.0000,-1,15,10,7,0,32,0,0,0,0
146.8538,1,0,5,0,0,0,0,-1,0,3.0000,-1,15,10,7,0,32,0,0,0,0
146.8744,1,0,5,0,0,0,0,-1,0,2.0000,-1,15,10,7,0,32,0,0,0,0
146.8958,1,0,5,0,0,0,0,-1,1,3.0000,-1,15,10,7,0,32,0,0,0,0
146.9172,1,0,5,0,0,0,0,-1,0,3.0000,-1,15,10,7,0,32,0,0,0,0
146.937,1,0,5,0,0,0,0,-1,0,3.0000,-1,15,10,7,0,32,0,0,0,0
146.9604,1,0,5,0,0,0,0,-1,0,3.0000,-1,15,10,7,0,32,0,0,0,0
146.9823,1,0,5,0,0,0,0,-1,0,3.0000,-1,15,10,7,0,32,0,0,0,0
147.0014,1,0,5,0,0,0,0,-1,0,3.0000,-1,15,10,7,0,32,0,0,0,0
147.0243,1,0,5,0,0,0,0,-1,0,3.0000,-1,15,10,7,0,32,0,0,0,0
147.047,1,0,5,0,0,0,0,-1,0,3.0000,-1,15,10,7,0,32,0,0,0,0
147.0659,1,0,5,0,0,0,0,-1,0,3.0000,-1,15,10,7,0,32,0,0,0,0
147.0884,1,0,5,0,0,0,0,-1,0,3.0000,-1,15,10,7,0,32,0,0,0,0
147.1082,1,0,5,0,0,0,0,-1,0,3.0000,-1,15,10,7,0,32,0,0,0,0
147.1317,1,0,5,0,0,0,0,-1,0,3.0000,-1,15,10,7,0,32,0,0,0,0
147.153,1,0,5,0,0,0,0,-1,0,3.0000,-1,15,10,7,0,32,0,0,0,0
147.1735,1,0,5,0,0,0,0,-1,0,3.0000,-1,15,10,7,0,32,0,0,0,0
147.1956,1,0,5,0,0,0,0,-1,0,3.0000,-1,15,10,7,0,32,0,0,0,0
147.2158,1,0,5,0,0,0,0,-1,0,3.0000,-1,15,10,7,0,32,0,0,0,0
147.2355,1,0,5,0,0,0,0,-1,0,3.0000,-1,15,10,7,0,32,0,0,0,0
147.2581,1,0,5,0,0,0,0,-1,0,3.0000,-1,15,10,7,0,32,0,0,0,0
147.2801,1,0,5,0,0,0,0,-1,0,3.0000,-1,15,10,7,0,32,0,0,0,0
147.3009,1,0,5,0,0,0,0,-1,0,3.0000,-1,15,10,7,0,32,0,0,0,0
147.3229,1,0,5,0,0,0,0,-1,0,3.0000,-1,15,10,7,0,32,0,0,0,0
147.3444,1,0,5,0,0,0,0,-1,0,3.0000,-1,15,10,7,0,32,0,0,0,0
147.365,1,0,5,0,0,0,0,-1,0,3.0000,-1,15,10,7,0,32,0,0,0,0
147.3859,1,0,5,0,0,0,0,-1,0,2.0000,-1,15,10,7,0,32,0,0,0,0
147.4052,1,0,5,0,0,0,0,-1,0,2.0000,-1,15,10,7,0,32,0,0,0,0
147.4291,1,0,5,0,0,0,0,-1,0,2.0000,-1,15,10,7,0,32,0,0,0,0
147.4489,1,0,5,0,0,0,0,-1,0,2.0000,-1,15,10,7,0,32,0,0,0,0
147.4693,1,0,5,0,0,0,0,-1,0,2.0000,-1,15,10,7,0,32,0,0,0,0
147.5103,1,0,5,0,0,0,0,-1,0,2.0000,-1,15,10,7,0,32,0,0,0,0
147.5303,1,0,5,0,0,0,0,-1,0,2.0000,-1,15,10,7,0,32,0,0,0,0
147.5463,1,0,5,0,0,0,0,-1,0,2.0000,-1,15,10,7,0,32,0,0,0,0
147.5613,1,0,5,0,0,0,0,-1,0,2.0000,-1,15,10,7,0,32,0,0,0,0
147.5775,1,0,5,0,0,0,0,-1,0,2.0000,-1,15,10,7,0,32,0,0,0,0
147.5984,1,0,5,0,0,0,0,-1,0,2.0000,-1,15,10,7,0,32,0,0,0,0
147.621,1,0,5,0,0,0,0,-1,0,2.0000,-1,15,10,7,0,32,0,0,0,0
147.6426,1,0,5,0,0,0,0,-1,0,2.0000,-1,15,10,7,0,32,0,0,0,0
147.663,1,0,5,0,0,0,0,-1,0,1.0000,-1,15,10,7,0,32,0,0,0,0
147.6847,1,0,5,0,0,0,0,-1,0,1.0000,-1,15,10,7,0,32,0,0,0,0
147.724,1,0,5,0,0,0,0,-1,0,1.0000,-1,15,10,7,0,32,0,0,0,0
147.7408,1,0,5,0,0,0,0,-1,0,1.0000,-1,15,10,7,0,32,0,0,0,0
147.7557,1,0,5,0,0,0,0,-1,0,1.0000,-1,15,10,7,0,32,0,0,0,0
147.7723,1,0,5,0,0,0,0,-1,0,1.0000,-1,15,10,7,0,32,0,0,0,0
147.7955,1,0,5,0,0,0,0,-1,0,1.0000,-1,15,10,7,0,32,0,0,0,0
147.8169,1,0,5,0,0,0,0,-1,0,1.0000,-1,15,10,7,0,32,0,0,0,0
147.8365,1,0,5,0,0,0,0,-1,0,1.0000,-1,15,10,7,0,32,0,0,0,0
147.8568,1,0,5,0,0,0,0,-1,0,1.0000,-1,15,10,7,0,32,0,0,0,0
147.8777,1,0,5,0,0,0,0,-1,0,1.0000,-1,15,10,7,0,32,0,0,0,0
147.9012,1,0,5,0,0,0,0,-1,0,0.0000,-1,15,10,7,0,32,0,0,0,0
147.9235,1,0,5,0,0,0,0,-1,0,0.0000,-1,15,10,7,0,32,0,0,0,0
147.9433,1,0,5,0,0,0,0,-1,0,0.0000,-1,15,10,7,0,32,0,0,0,0
147.9641,1,0,5,0,0,0,0,-1,0,0.0000,-1,15,10,7,0,32,0,0,0,0
147.9848,1,0,5,0,0,0,0,-1,0,0.0000,-1,15,10,7,0,32,0,0,0,0
148.004,1,0,5,0,0,0,0,-1,0,0.0000,-1,15,10,7,0,32,0,0,0,0
148.0259,1,0,5,0,0,0,0,-1,0,0.0000,-1,15,10,7,0,32,0,0,0,0
148.0473,1,0,5,0,0,0,0,-1,0,0.0000,-1,15,10,7,0,32,0,0,0,0
148.0684,1,0,5,0,0,0,0,-1,0,0.0000,-1,15,10,7,0,32,0,0,0,0
148.0878,1,0,5,0,0,0,0,-1,0,0.0000,-1,15,10,7,0,32,0,0,0,0
148.1102,1,0,5,0,0,0,0,-1,0,0.0000,-1,15,10,7,0,32,0,0,0,0
148.13,1,0,5,0,0,0,0,-1,0,0.0000,-1,15,10,7,0,32,0,0,0,0
148.1512,1,0,5,0,0,0,0,-1,0,0.0000,-1,15,10,7,0,32,0,0,0,0
148.171,1,0,5,0,0,0,0,-1,0,0.0000,-1,15,10,7,0,32,0,0,0,0
148.194,1,0,5,0,0,0,1,134,0,0.0000,-1,15,10,7,0,32,0,0,0,0
148.2124,1,0,5,0,0,0,1,134,0,0.0000,-1,15,10,7,0,32,0,0,0,0
148.2337,1,0,5,0,0,0,1,134,0,0.0000,-1,15,10,7,0,32,0,0,0,0
148.2553,1,0,5,0,0,0,1,134,0,0.0000,-1,15,10,7,0,32,0,0,0,0
148.2771,1,0,5,0,0,0,1,134,0,0.0000,-1,15,10,7,0,32,0,0,0,0
148.2983,1,0,5,0,0,0,1,134,0,0.0000,-1,15,10,7,0,32,0,0,0,0
148.3213,1,0,5,0,0,0,1,134,0,0.0000,-1,15,10,7,0,32,0,0,0,0
148.3411,1,0,5,0,0,0,1,134,0,0.0000,-1,15,10,7,0,32,0,0,0,0
148.362,1,0,5,0,0,0,1,134,0,0.0000,-1,15,10,7,0,32,0,0,0,0
148.3841,1,0,5,0,0,0,1,134,0,0.0000,-1,15,10,7,0,32,0,0,0,0
148.4069,1,0,5,0,0,0,1,134,0,0.0000,-1,15,10,7,0,32,0,0,0,0
148.4268,1,0,5,0,0,0,1,134,0,0.0000,-1,15,10,7,0,32,0,0,0,0
148.4485,1,0,5,0,0,0,1,134,0,0.0000,-1,15,10,7,0,32,0,0,0,0
148.4701,1,0,5,0,0,0,1,134,0,0.0000,-1,15,10,7,0,32,0,0,0,0
148.4901,1,0,5,0,0,0,1,134,1,1.0000,-1,15,10,7,0,32,0,0,0,0
148.5114,1,0,5,0,0,0,0,-1,0,1.0000,-1,15,10,7,0,32,0,0,0,0
148.5334,1,0,5,0,0,0,0,-1,0,1.0000,-1,15,10,7,0,32,0,0,0,0
148.5537,1,0,5,0,0,0,0,-1,0,1.0000,-1,15,10,7,0,32,0,0,0,0
148.5745,1,0,5,0,0,0,0,-1,0,1.0000,-1,15,10,7,0,32,0,0,0,0
148.5961,1,0,5,0,0,0,0,-1,0,1.0000,-1,15,10,7,0,32,0,0,0,0
148.6167,1,0,5,0,0,0,0,-1,0,1.0000,-1,15,10,7,0,32,0,0,0,0
148.6381,1,0,5,0,0,0,0,-1,0,1.0000,-1,15,10,7,0,32,0,0,0,0
148.6596,1,0,5,0,0,0,0,-1,0,1.0000,-1,15,10,7,0,32,0,0,0,0
148.6806,1,0,5,0,0,0,0,-1,0,1.0000,-1,15,10,7,0,32,0,0,0,0
148.7016,1,0,5,0,0,0,0,-1,0,1.0000,-1,15,10,7,0,32,0,0,0,0
148.7227,1,0,5,0,0,0,0,-1,0,1.0000,-1,15,10,7,0,32,0,0,0,0
148.743,1,0,5,0,0,0,0,-1,0,1.0000,-1,15,10,7,0,32,0,0,0,0
148.7611,1,0,5,0,0,0,0,-1,0,1.0000,-1,15,10,7,0,32,0,0,0,0
148.7841,1,0,5,0,0,0,0,-1,0,1.0000,-1,15,10,7,0,32,0,0,0,0
148.8024,1,0,5,0,0,0,0,-1,0,1.0000,-1,15,10,7,0,32,0,0,0,0
148.8221,1,0,5,0,0,0,0,-1,1,2.0000,-1,15,10,7,0,32,0,0,0,0
148.8425,1,0,5,0,0,0,0,-1,0,2.0000,-1,15,10,7,0,32,0,0,0,0
148.8642,1,0,5,0,0,0,0,-1,0,2.0000,-1,15,10,7,0,32,0,0,0,0
148.8842,1,0,5,0,0,0,0,-1,0,2.0000,-1,15,10,7,0,32,0,0,0,0
148.9055,1,0,5,0,0,0,0,-1,0,2.0000,-1,15,10,7,0,32,0,0,0,0
148.9263,1,0,5,0,0,0,0,-1,0,2.0000,-1,15,10,7,0,32,0,0,0,0
148.9468,1,0,5,0,0,0,0,-1,0,2.0000,-1,15,10,7,0,32,0,0,0,0
148.9856,1,0,5,0,0,0,0,-1,0,2.0000,-1,15,10,7,0,32,0,0,0,0
149.0015,1,0,5,0,0,0,0,-1,0,2.0000,-1,15,10,7,0,32,0,0,0,0
149.0168,1,0,5,0,0,0,0,-1,0,2.0000,-1,15,10,7,0,32,0,0,0,0
149.0322,1,0,5,0,0,0,0,-1,0,2.0000,-1,15,10,7,0,32,0,0,0,0
149.0529,1,0,5,0,0,0,0,-1,0,2.0000,-1,15,10,7,0,32,0,0,0,0
149.0752,1,0,5,0,0,0,0,-1,0,2.0000,-1,15,10,7,0,32,0,0,0,0
149.0952,1,0,5,0,0,0,0,-1,0,2.0000,-1,15,10,7,0,32,0,0,0,0
149.116,1,0,5,0,0,0,0,-1,0,2.0000,-1,15,10,7,0,32,0,0,0,0
149.1343,1,0,5,0,0,0,0,-1,0,2.0000,-1,15,10,7,0,32,0,0,0,0
149.1548,1,0,5,0,0,0,0,-1,0,2.0000,-1,15,10,7,0,32,0,0,0,0
149.1933,1,0,5,0,0,0,0,-1,1,3.0000,-1,15,10,7,0,32,0,0,0,0
149.2084,1,0,5,0,0,0,0,-1,0,3.0000,-1,15,10,7,0,32,0,0,0,0
149.2243,1,0,5,0,0,0,0,-1,0,3.0000,-1,15,10,7,0,32,0,0,0,0
149.2401,1,0,5,0,0,0,0,-1,0,3.0000,-1,15,10,7,0,32,0,0,0,0
149.2599,1,0,5,0,0,0,0,-1,0,3.0000,-1,15,10,7,0,32,0,0,0,0
149.2822,1,0,5,0,0,0,1,136,0,3.0000,-1,15,10,7,0,32,0,0,0,0
149.3022,1,0,5,0,0,0,1,136,0,3.0000,-1,15,10,7,0,32,0,0,0,0
149.3237,1,0,5,0,0,0,1,136,0,3.0000,-1,15,10,7,0,32,0,0,0,0
149.345,1,0,5,0,0,0,1,136,0,3.0000,-1,15,10,7,0,32,0,0,0,0
149.3649,1,0,5,0,0,0,1,136,0,3.0000,-1,15,10,7,0,32,0,0,0,0
149.3851,1,0,5,0,0,0,1,136,0,3.0000,-1,15,10,7,0,32,0,0,0,0
149.4066,1,0,5,0,0,0,1,136,0,3.0000,-1,15,10,7,0,32,0,0,0,0
149.4277,1,0,5,0,0,0,1,136,0,3.0000,-1,15,10,7,0,32,0,0,0,0
149.4477,1,0,5,0,0,0,1,136,0,3.0000,-1,15,10,7,0,32,0,0,0,0
149.4691,1,0,5,0,0,0,1,136,0,3.0000,-1,15,10,7,0,32,0,0,0,0
149.4891,1,0,5,0,0,0,1,136,0,3.0000,-1,15,10,7,0,32,0,0,0,0
149.5093,1,0,5,0,0,0,1,136,0,2.0000,-1,15,10,7,0,32,0,0,0,0
149.5312,1,0,5,0,0,0,1,136,0,2.0000,-1,15,10,7,0,32,0,0,0,0
149.5502,1,0,5,0,0,0,1,136,0,2.0000,-1,15,10,7,0,32,0,0,0,0
149.5685,1,0,5,0,0,0,0,-1,0,2.0000,136,16,10,7,0,33,0,0,0,0
149.5883,1,0,5,0,0,0,0,-1,0,2.0000,-1,16,10,7,0,33,0,0,0,0
149.6113,1,0,5,0,0,0,0,-1,0,2.0000,-1,16,10,7,0,33,0,0,0,0
149.6325,1,0,5,0,0,0,0,-1,0,2.0000,-1,16,10,7,0,33,0,0,0,0
149.6546,1,0,5,0,0,0,0,-1,0,2.0000,-1,16,10,7,0,33,0,0,0,0
149.6808,1,0,5,0,0,0,0,-1,0,2.0000,-1,16,10,7,0,33,0,0,0,0
149.7027,1,0,5,0,0,0,0,-1,0,2.0000,-1,16,10,7,0,33,0,0,0,0
149.718,1,0,5,0,0,0,0,-1,0,2.0000,-1,16,10,7,0,33,0,0,0,0
149.7368,1,0,5,0,0,0,0,-1,0,2.0000,-1,16,10,7,0,33,0,0,0,0
149.7584,1,0,5,0,0,0,0,-1,0,2.0000,-1,16,10,7,0,33,0,0,0,0
149.7803,1,0,5,0,0,0,0,-1,0,2.0000,-1,16,10,7,0,33,0,0,0,0
149.822,1,0,5,0,0,0,0,-1,0,2.0000,-1,16,10,7,0,33,0,0,0,0
149.8405,1,0,5,0,0,0,0,-1,0,1.0000,-1,16,10,7,0,33,0,0,0,0
149.8578,1,0,5,0,0,0,0,-1,0,1.0000,-1,16,10,7,0,33,0,0,0,0
149.8725,1,0,5,0,0,0,0,-1,0,1.0000,-1,16,10,7,0,33,0,0,0,0
149.8879,1,0,5,0,0,0,0,-1,0,1.0000,-1,16,10,7,0,33,0,0,0,0
149.9095,1,0,5,0,0,0,0,-1,0,1.0000,-1,16,10,7,0,33,0,0,0,0
149.9311,1,0,5,0,0,0,0,-1,0,1.0000,-1,16,10,7,0,33,0,0,0,0
149.9515,1,0,5,0,0,0,0,-1,0,1.0000,-1,16,10,7,0,33,0,0,0,0
149.9701,1,0,5,0,0,0,0,-1,0,1.0000,-1,16,10,7,0,33,0,0,0,0
149.9904,1,0,5,0,0,0,0,-1,0,1.0000,-1,16,10,7,0,33,0,0,0,0
150.0131,1,0,5,0,0,0,0,-1,0,1.0000,-1,16,10,7,0,33,0,0,0,0
150.0328,1,0,5,0,0,0,0,-1,0,1.0000,-1,16,10,7,0,33,0,0,0,0
150.0548,1,0,5,0,0,0,0,-1,0,1.0000,-1,16,10,7,0,33,0,0,0,0
150.0751,1,0,5,0,0,0,0,-1,0,1.0000,-1,16,10,7,0,33,0,0,0,0
150.0955,1,0,5,0,0,0,0,-1,0,1.0000,-1,16,10,7,0,33,0,0,0,0
150.1155,1,0,5,0,0,0,0,-1,0,1.0000,-1,16,10,7,0,33,0,0,0,0
150.1373,1,0,5,0,0,0,0,-1,0,1.0000,-1,16,10,7,0,33,0,0,0,0
150.156,1,0,5,0,0,0,0,-1,0,1.0000,-1,16,10,7,0,33,0,0,0,0
150.1768,1,0,5,0,0,0,0,-1,0,1.0000,-1,16,10,7,0,33,0,0,0,0
150.1978,1,0,5,0,0,0,0,-1,0,0.0000,-1,16,10,7,0,33,0,0,0,0
150.2168,1,0,5,0,0,0,0,-1,1,1.0000,-1,16,10,7,0,33,0,0,0,0
150.2372,1,0,5,0,0,0,0,-1,0,1.0000,-1,16,10,7,0,33,0,0,0,0
150.2582,1,0,5,0,0,0,0,-1,0,1.0000,-1,16,10,7,0,33,0,0,0,0
150.2811,1,0,5,0,0,0,0,-1,0,1.0000,-1,16,10,7,0,33,0,0,0,0
150.3004,1,0,5,0,0,0,0,-1,0,1.0000,-1,16,10,7,0,33,0,0,0,0
150.3224,1,0,5,0,0,0,0,-1,0,1.0000,-1,16,10,7,0,33,0,0,0,0
150.3437,1,0,5,0,0,0,0,-1,0,1.0000,-1,16,10,7,0,33,0,0,0,0
150.3642,1,0,5,0,0,0,1,139,0,1.0000,-1,16,10,7,0,33,0,0,0,0
150.3866,1,0,5,0,0,0,1,139,0,1.0000,-1,16,10,7,0,33,0,0,0,0
150.4059,1,0,5,0,0,0,1,139,0,1.0000,-1,16,10,7,0,33,0,0,0,0
150.4256,1,0,5,0,0,0,1,139,0,1.0000,-1,16,10,7,0,33,0,0,0,0
150.4469,1,0,5,0,0,0,1,139,1,2.0000,-1,16,10,7,0,33,0,0,0,0
150.4691,1,0,5,0,0,0,1,139,0,2.0000,-1,16,10,7,0,33,0,0,0,0
150.4905,1,0,5,0,0,0,1,139,0,2.0000,-1,16,10,7,0,33,0,0,0,0
150.5104,1,0,5,0,0,0,1,139,0,2.0000,-1,16,10,7,0,33,0,0,0,0
150.5318,1,0,5,0,0,0,1,139,0,2.0000,-1,16,10,7,0,33,0,0,0,0
150.5528,1,0,5,0,0,0,1,139,0,2.0000,-1,16,10,7,0,33,0,0,0,0
150.5733,1,0,5,0,0,0,1,139,0,2.0000,-1,16,10,7,0,33,0,0,0,0
150.5977,1,0,5,0,0,0,1,139,0,2.0000,-1,16,10,7,0,33,0,0,0,0
150.6137,1,0,5,0,0,0,1,139,0,2.0000,-1,16,10,7,0,33,0,0,0,0
150.6567,1,0,5,0,0,0,1,139,0,2.0000,-1,16,10,7,0,33,0,0,0,0
150.673,1,0,5,0,0,0,1,139,1,3.0000,-1,16,10,7,0,33,0,0,0,0
150.6889,1,0,5,0,0,0,1,139,0,3.0000,-1,16,10,7,0,33,0,0,0,0
150.7091,1,0,5,0,0,0,1,139,0,3.0000,-1,16,10,7,0,33,0,0,0,0
150.7251,1,0,5,0,0,0,1,139,0,3.0000,-1,16,10,7,0,33,0,0,0,0
150.7469,1,0,5,0,0,0,1,139,0,3.0000,-1,16,10,7,0,33,0,0,0,0
150.7701,1,0,5,0,0,0,1,139,0,3.0000,-1,16,10,7,0,33,0,0,0,0
150.7908,1,0,5,0,0,0,1,139,0,3.0000,-1,16,10,7,0,33,0,0,0,0
150.811,1,0,5,0,0,0,1,139,0,3.0000,-1,16,10,7,0,33,0,0,0,0
150.8335,1,0,5,0,0,0,1,139,0,3.0000,-1,16,10,7,0,33,0,0,0,0
150.8533,1,0,5,0,0,0,1,139,0,3.0000,-1,16,10,7,0,33,0,0,0,0
150.8755,1,0,5,0,0,0,1,139,1,4.0000,-1,16,10,7,0,33,0,0,0,0
150.8939,1,0,5,0,0,0,1,139,0,4.0000,-1,16,10,7,0,33,0,0,0,0
150.9146,1,0,5,0,0,0,1,139,0,4.0000,-1,16,10,7,0,33,0,0,0,0
150.9344,1,0,5,0,0,0,1,139,0,4.0000,-1,16,10,7,0,33,0,0,0,0
150.9552,1,0,5,0,0,0,1,139,0,4.0000,-1,16,10,7,0,33,0,0,0,0
150.9769,1,0,5,0,0,0,1,139,0,4.0000,-1,16,10,7,0,33,0,0,0,0
151.0008,1,0,5,0,0,0,1,139,0,4.0000,-1,16,10,7,0,33,0,0,0,0
151.0191,1,0,5,0,0,0,1,139,0,4.0000,-1,16,10,7,0,33,0,0,0,0
151.0375,1,0,5,0,0,0,0,-1,0,4.0000,139,17,10,7,0,34,0,0,0,0
151.0588,1,0,5,0,0,0,0,-1,0,4.0000,-1,17,10,7,0,34,0,0,0,0
151.0791,1,0,5,0,0,0,0,-1,0,4.0000,-1,17,10,7,0,34,0,0,0,0
151.101,1,0,5,0,0,0,0,-1,0,4.0000,-1,17,10,7,0,34,0,0,0,0
151.1225,1,0,5,0,0,0,0,-1,0,4.0000,-1,17,10,7,0,34,0,0,0,0
151.1434,1,0,5,0,0,0,0,-1,0,4.0000,-1,17,10,7,0,34,0,0,0,0
151.1646,1,0,5,0,0,0,0,-1,0,4.0000,-1,17,10,7,0,34,0,0,0,0
151.1837,1,0,5,0,0,0,0,-1,0,4.0000,-1,17,10,7,0,34,0,0,0,0
151.2048,1,0,5,0,0,0,1,144,0,4.0000,-1,17,10,7,0,34,0,0,0,0
151.2258,1,0,5,0,0,0,1,144,0,3.0000,-1,17,10,7,0,34,0,0,0,0
151.2484,1,0,5,0,0,0,1,144,0,3.0000,-1,17,10,7,0,34,0,0,0,0
151.2906,1,0,5,0,0,0,1,144,0,3.0000,-1,17,10,7,0,34,0,0,0,0
151.3102,1,0,5,0,0,0,1,144,1,4.0000,-1,17,10,7,0,34,0,0,0,0
151.328,1,0,5,0,0,0,0,-1,0,4.0000,-1,17,10,7,0,34,0,0,0,0
151.3466,1,0,5,0,0,0,0,-1,0,4.0000,-1,17,10,7,0,34,0,0,0,0
151.3639,1,0,5,0,0,0,0,-1,0,4.0000,-1,17,10,7,0,34,0,0,0,0
151.382,1,0,5,0,0,0,0,-1,0,4.0000,-1,17,10,7,0,34,0,0,0,0
151.4069,1,0,5,0,0,0,0,-1,0,4.0000,-1,17,10,7,0,34,0,0,0,0
151.4282,1,0,5,0,0,0,0,-1,0,4.0000,-1,17,10,7,0,34,0,0,0,0
151.4494,1,0,5,0,0,0,0,-1,0,3.0000,-1,17,10,7,0,34,0,0,0,0
151.4732,1,0,5,0,0,0,0,-1,0,3.0000,-1,17,10,7,0,34,0,0,0,0
151.4939,1,0,5,0,0,0,0,-1,0,3.0000,-1,17,10,7,0,34,0,0,0,0
151.5149,1,0,5,0,0,0,0,-1,0,3.0000,-1,17,10,7,0,34,0,0,0,0
151.5361,1,0,5,0,0,0,0,-1,0,3.0000,-1,17,10,7,0,34,0,0,0,0
151.5589,1,0,5,0,0,0,0,-1,0,3.0000,-1,17,10,7,0,34,0,0,0,0
151.5844,1,0,5,0,0,0,0,-1,0,3.0000,-1,17,10,7,0,34,0,0,0,0
151.6095,1,0,5,0,0,0,0,-1,0,3.0000,-1,17,10,7,0,34,0,0,0,0
151.631,1,0,5,0,0,0,0,-1,0,3.0000,-1,17,10,7,0,34,0,0,0,0
151.652,1,0,5,0,0,0,0,-1,0,3.0000,-1,17,10,7,0,34,0,0,0,0
151.702,1,0,5,0,0,0,0,-1,0,2.0000,-1,17,10,7,0,34,0,0,0,0
151.7203,1,0,5,0,0,0,0,-1,0,2.0000,-1,17,10,7,0,34,0,0,0,0
151.7338,1,0,5,0,0,0,0,-1,0,2.0000,-1,17,10,7,0,34,0,0,0,0
151.7525,1,0,5,0,0,0,0,-1,0,2.0000,-1,17,10,7,0,34,0,0,0,0
151.7766,1,0,5,0,0,0,0,-1,0,2.0000,-1,17,10,7,0,34,0,0,0,0
151.8,1,0,5,0,0,0,0,-1,0,2.0000,-1,17,10,7,0,34,0,0,0,0
151.8208,1,0,5,0,0,0,0,-1,0,2.0000,-1,17,10,7,0,34,0,0,0,0
151.8442,1,0,5,0,0,0,0,-1,0,2.0000,-1,17,10,7,0,34,0,0,0,0
151.8632,1,0,5,0,0,0,0,-1,0,2.0000,-1,17,10,7,0,34,0,0,0,0
151.903,1,0,5,0,0,0,0,-1,0,1.0000,-1,17,10,7,0,34,0,0,0,0
151.9221,1,0,5,0,0,0,0,-1,0,1.0000,-1,17,10,7,0,34,0,0,0,0
151.9385,1,0,5,0,0,0,0,-1,0,1.0000,-1,17,10,7,0,34,0,0,0,0
151.9537,1,0,5,0,0,0,0,-1,0,1.0000,-1,17,10,7,0,34,0,0,0,0
151.9764,1,0,5,0,0,0,0,-1,0,1.0000,-1,17,10,7,0,34,0,0,0,0
151.9942,1,0,5,0,0,0,0,-1,0,1.0000,-1,17,10,7,0,34,0,0,0,0
152.0174,1,0,5,0,0,0,0,-1,0,1.0000,-1,17,10,7,0,34,0,0,0,0
152.0389,1,0,5,0,0,0,0,-1,0,1.0000,-1,17,10,7,0,34,0,0,0,0
152.0592,1,0,5,0,0,0,0,-1,0,1.0000,-1,17,10,7,0,34,0,0,0,0
152.0798,1,0,5,0,0,0,0,-1,0,1.0000,-1,17,10,7,0,34,0,0,0,0
152.101,1,0,5,0,0,0,0,-1,0,1.0000,-1,17,10,7,0,34,0,0,0,0
152.123,1,0,5,0,0,0,0,-1,0,1.0000,-1,17,10,7,0,34,0,0,0,0
152.1434,1,0,5,0,0,0,0,-1,0,1.0000,-1,17,10,7,0,34,0,0,0,0
152.1664,1,0,5,0,0,0,0,-1,0,1.0000,-1,17,10,7,0,34,0,0,0,0
152.1893,1,0,5,0,0,0,1,142,0,1.0000,-1,17,10,7,0,34,0,0,0,0
152.2088,1,0,5,0,0,0,1,142,0,1.0000,-1,17,10,7,0,34,0,0,0,0
152.2299,1,0,5,0,0,0,1,142,0,1.0000,-1,17,10,7,0,34,0,0,0,0
152.2481,1,0,5,0,0,0,1,143,0,1.0000,-1,17,10,7,0,34,0,0,0,0
152.2709,1,0,5,0,0,0,1,143,0,1.0000,-1,17,10,7,0,34,0,0,0,0
152.2912,1,0,5,0,0,0,1,143,0,1.0000,-1,17,10,7,0,34,0,0,0,0
152.3139,1,0,5,0,0,0,1,143,0,0.0000,-1,17,10,7,0,34,0,0,0,0
152.3342,1,0,5,0,0,0,1,143,0,0.0000,-1,17,10,7,0,34,0,0,0,0
152.356,1,0,5,0,0,0,1,143,0,0.0000,-1,17,10,7,0,34,0,0,0,0
152.3765,1,0,5,0,0,0,1,143,0,0.0000,-1,17,10,7,0,34,0,0,0,0
152.3992,1,0,5,0,0,0,1,143,0,0.0000,-1,17,10,7,0,34,0,0,0,0
152.4234,1,0,5,0,0,0,1,143,0,0.0000,-1,17,10,7,0,34,0,0,0,0
152.4434,1,0,5,0,0,0,1,143,0,0.0000,-1,17,10,7,0,34,0,0,0,0
152.4663,1,0,5,0,0,0,1,143,0,0.0000,-1,17,10,7,0,34,0,0,0,0
152.4839,1,0,5,0,0,0,1,143,0,0.0000,-1,17,10,7,0,34,0,0,0,0
152.5057,1,0,5,0,0,0,1,143,0,0.0000,-1,17,10,7,0,34,0,0,0,0
152.5282,1,0,5,0,0,0,1,143,0,0.0000,-1,17,10,7,0,34,0,0,0,0
152.5503,1,0,5,0,0,0,1,143,0,0.0000,-1,17,10,7,0,34,0,0,0,0
152.5706,1,0,5,0,0,0,1,143,0,0.0000,-1,17,10,7,0,34,0,0,0,0
152.5925,1,0,5,0,0,0,1,143,0,0.0000,-1,17,10,7,0,34,0,0,0,0
152.6137,1,0,5,0,0,0,1,143,0,0.0000,-1,17,10,7,0,34,0,0,0,0
152.6352,1,0,5,0,0,0,1,143,0,0.0000,-1,17,10,7,0,34,0,0,0,0
152.6577,1,0,5,0,0,0,1,143,0,0.0000,-1,17,10,7,0,34,0,0,0,0
152.6778,1,0,5,0,0,0,1,143,0,0.0000,-1,17,10,7,0,34,0,0,0,0
152.6994,1,0,5,0,0,0,0,-1,0,0.0000,143,18,10,7,0,35,0,0,0,0
152.7221,1,0,5,0,0,0,0,-1,0,0.0000,-1,18,10,7,0,35,0,0,0,0
152.7641,1,0,5,0,0,0,0,-1,0,0.0000,-1,18,10,7,0,35,0,0,0,0
152.7843,1,0,5,0,0,0,0,-1,0,0.0000,-1,18,10,7,0,35,0,0,0,0
152.8028,1,0,5,0,0,0,0,-1,0,0.0000,-1,18,10,7,0,35,0,0,0,0
152.8186,1,0,5,0,0,0,0,-1,0,0.0000,-1,18,10,7,0,35,0,0,0,0
152.8388,1,0,5,0,0,0,0,-1,0,0.0000,-1,18,10,7,0,35,0,0,0,0
152.8623,1,0,5,0,0,0,0,-1,0,0.0000,-1,18,10,7,0,35,0,0,0,0
152.8867,1,0,5,0,0,0,0,-1,0,0.0000,-1,18,10,7,0,35,0,0,0,0
152.9093,1,0,5,0,0,0,0,-1,0,0.0000,-1,18,10,7,0,35,0,0,0,0
152.9314,1,0,5,0,0,0,0,-1,0,0.0000,-1,18,10,7,0,35,0,0,0,0
152.9716,1,0,5,0,0,0,0,-1,0,0.0000,-1,18,10,7,0,35,0,0,0,0
152.9883,1,0,5,0,0,0,0,-1,1,1.0000,-1,18,10,7,0,35,0,0,0,0
153.0042,1,0,5,0,0,0,0,-1,0,1.0000,-1,18,10,7,0,35,0,0,0,0
153.0217,1,0,5,0,0,0,0,-1,0,1.0000,-1,18,10,7,0,35,0,0,0,0
153.0452,1,0,5,0,0,0,0,-1,0,1.0000,-1,18,10,7,0,35,0,0,0,0
153.0672,1,0,5,0,0,0,0,-1,0,1.0000,-1,18,10,7,0,35,0,0,0,0
153.0876,1,0,5,0,0,0,0,-1,0,1.0000,-1,18,10,7,0,35,0,0,0,0
153.1063,1,0,5,0,0,0,0,-1,0,1.0000,-1,18,10,7,0,35,0,0,0,0
153.1299,1,0,5,0,0,0,0,-1,0,1.0000,-1,18,10,7,0,35,0,0,0,0
153.1503,1,0,5,0,0,0,0,-1,0,1.0000,-1,18,10,7,0,35,0,0,0,0
153.1704,1,0,5,0,0,0,0,-1,0,1.0000,-1,18,10,7,0,35,0,0,0,0
153.1916,1,0,5,0,0,0,0,-1,0,1.0000,-1,18,10,7,0,35,0,0,0,0
153.2129,1,0,5,0,0,0,0,-1,0,1.0000,-1,18,10,7,0,35,0,0,0,0
153.2345,1,0,5,0,0,0,0,-1,0,1.0000,-1,18,10,7,0,35,0,0,0,0
153.2561,1,0,5,0,0,0,0,-1,0,1.0000,-1,18,10,7,0,35,0,0,0,0
153.2813,1,0,5,0,0,0,0,-1,1,2.0000,-1,18,10,7,0,35,0,0,0,0
153.3,1,0,5,0,0,0,0,-1,0,2.0000,-1,18,10,7,0,35,0,0,0,0
153.32,1,0,5,0,0,0,0,-1,0,2.0000,-1,18,10,7,0,35,0,0,0,0
153.3397,1,0,5,0,0,0,0,-1,0,2.0000,-1,18,10,7,0,35,0,0,0,0
153.3646,1,0,5,0,0,0,0,-1,0,2.0000,-1,18,10,7,0,35,0,0,0,0
153.402,1,0,5,0,0,0,0,-1,0,2.0000,-1,18,10,7,0,35,0,0,0,0
153.4202,1,0,5,0,0,0,1,145,0,2.0000,-1,18,10,7,0,35,0,0,0,0
153.4371,1,0,5,0,0,0,1,145,0,2.0000,-1,18,10,7,0,35,0,0,0,0
153.4527,1,0,5,0,0,0,1,147,0,2.0000,-1,18,10,7,0,35,0,0,0,0
153.4723,1,0,5,0,0,0,1,147,0,2.0000,-1,18,10,7,0,35,0,0,0,0
153.4935,1,0,5,0,0,0,1,147,0,2.0000,-1,18,10,7,0,35,0,0,0,0
153.5159,1,0,5,0,0,0,1,147,1,3.0000,-1,18,10,7,0,35,0,0,0,0
153.537,1,0,5,0,0,0,1,147,0,3.0000,-1,18,10,7,0,35,0,0,0,0
153.5585,1,0,5,0,0,0,1,147,0,3.0000,-1,18,10,7,0,35,0,0,0,0
153.579,1,0,5,0,0,0,1,147,0,3.0000,-1,18,10,7,0,35,0,0,0,0
153.6011,1,0,5,0,0,0,1,147,0,3.0000,-1,18,10,7,0,35,0,0,0,0
153.6215,2,1,6,0,0,0,1,145,0,3.0000,147,18,11,7,0,36,0,0,0,0
153.6434,2,0,6,0,0,0,1,145,0,3.0000,-1,18,11,7,0,36,0,0,0,0
153.6665,2,0,6,0,0,0,1,145,0,3.0000,-1,18,11,7,0,36,0,0,0,0
153.6881,2,0,6,0,0,0,1,145,0,3.0000,-1,18,11,7,0,36,0,0,0,0
153.7109,2,0,6,0,0,0,1,145,0,3.0000,-1,18,11,7,0,36,0,0,0,0
153.7326,2,0,6,0,0,0,1,145,0,3.0000,-1,18,11,7,0,36,0,0,0,0
153.7537,2,0,6,0,0,0,0,-1,0,3.0000,145,18,12,7,0,37,0,0,0,0
153.7746,2,0,6,0,0,0,0,-1,0,3.0000,-1,18,12,7,0,37,0,0,0,0
153.795,2,0,6,0,0,0,0,-1,0,3.0000,-1,18,12,7,0,37,0,0,0,0
153.8375,2,0,6,0,0,0,0,-1,0,3.0000,-1,18,12,7,0,37,0,0,0,0
153.8557,2,0,6,0,0,0,0,-1,0,3.0000,-1,18,12,7,0,37,0,0,0,0
153.8785,2,0,6,0,0,0,0,-1,0,3.0000,-1,18,12,7,0,37,0,0,0,0
153.8975,2,0,6,0,0,0,0,-1,0,3.0000,-1,18,12,7,0,37,0,0,0,0
153.9124,2,0,6,0,0,0,0,-1,0,3.0000,-1,18,12,7,0,37,0,0,0,0
153.9294,2,0,6,0,0,0,0,-1,0,3.0000,-1,18,12,7,0,37,0,0,0,0
153.9543,2,0,6,0,0,0,0,-1,0,3.0000,-1,18,12,7,0,37,0,0,0,0
153.973,2,0,6,0,0,0,0,-1,0,3.0000,-1,18,12,7,0,37,0,0,0,0
153.9935,2,0,6,0,0,0,0,-1,0,2.0000,-1,18,12,7,0,37,0,0,0,0
154.0146,2,0,6,0,0,0,0,-1,0,2.0000,-1,18,12,7,0,37,0,0,0,0
154.0574,2,0,6,0,0,0,0,-1,0,2.0000,-1,18,12,7,0,37,0,0,0,0
154.074,2,0,6,0,0,0,0,-1,0,2.0000,-1,18,12,7,0,37,0,0,0,0
154.0894,2,0,6,0,0,0,0,-1,0,2.0000,-1,18,12,7,0,37,0,0,0,0
154.1064,2,0,6,0,0,0,0,-1,1,3.0000,-1,18,12,7,0,37,0,0,0,0
154.1273,2,0,6,0,0,0,0,-1,0,3.0000,-1,18,12,7,0,37,0,0,0,0
154.1496,2,0,6,0,0,0,0,-1,0,3.0000,-1,18,12,7,0,37,0,0,0,0
154.1687,2,0,6,0,0,0,0,-1,0,3.0000,-1,18,12,7,0,37,0,0,0,0
154.1919,2,0,6,0,0,0,1,148,0,3.0000,-1,18,12,7,0,37,0,0,0,0
154.2121,2,0,6,0,0,0,1,148,0,3.0000,-1,18,12,7,0,37,0,0,0,0
154.2342,2,0,6,0,0,0,1,148,0,3.0000,-1,18,12,7,0,37,0,0,0,0
154.2554,2,0,6,0,0,0,1,148,1,4.0000,-1,18,12,7,0,37,0,0,0,0
154.2771,2,0,6,0,0,0,1,148,0,4.0000,-1,18,12,7,0,37,0,0,0,0
154.299,2,0,6,0,0,0,1,148,0,3.0000,-1,18,12,7,0,37,0,0,0,0
154.3206,2,0,6,0,0,0,1,148,0,3.0000,-1,18,12,7,0,37,0,0,0,0
154.3426,2,0,6,0,0,0,1,148,0,3.0000,-1,18,12,7,0,37,0,0,0,0
154.363,2,0,6,1,0,0,1,148,0,3.0000,-1,18,12,7,0,37,0,0,0,0
154.3858,2,0,6,1,0,0,1,148,0,3.0000,-1,18,12,7,0,37,0,0,0,0
154.4051,2,0,6,1,0,0,0,-1,0,3.0000,-1,18,12,7,0,37,0,0,0,0
154.427,2,0,6,1,0,0,1,149,0,3.0000,-1,18,12,7,0,37,0,0,0,0
154.4493,2,0,6,1,0,0,1,149,0,3.0000,-1,18,12,7,0,37,0,0,0,0
154.4885,2,0,6,1,0,0,1,149,0,3.0000,-1,18,12,7,0,37,0,0,0,0
154.505,2,0,6,1,0,0,1,149,0,3.0000,-1,18,12,7,0,37,0,0,0,0
154.5226,2,0,6,1,0,0,1,149,0,2.0000,-1,18,12,7,0,37,0,0,0,0
154.5389,2,0,6,1,0,0,1,149,0,2.0000,-1,18,12,7,0,37,0,0,0,0
154.5597,2,0,6,1,0,0,1,149,0,2.0000,-1,18,12,7,0,37,0,0,0,0
154.5814,2,0,6,1,0,0,1,149,0,2.0000,-1,18,12,7,0,37,0,0,0,0
154.6003,2,0,6,1,0,0,1,149,0,2.0000,148,18,13,7,0,38,0,0,0,0
154.6212,2,0,6,1,0,0,1,149,0,2.0000,-1,18,13,7,0,38,0,0,0,0
154.6424,2,0,6,1,0,0,1,149,0,2.0000,-1,18,13,7,0,38,0,0,0,0
154.6662,2,0,6,1,0,0,1,149,0,2.0000,-1,18,13,7,0,38,0,0,0,0
154.7063,2,0,6,1,0,0,1,149,0,2.0000,-1,18,13,7,0,38,0,0,0,0
154.7277,2,0,6,0,0,0,1,149,0,2.0000,-1,18,13,7,0,38,0,0,0,0
154.7418,2,0,6,0,0,0,1,149,0,2.0000,-1,18,13,7,0,38,0,0,0,0
154.7551,2,0,6,0,0,0,1,149,0,2.0000,-1,18,13,7,0,38,0,0,0,0
154.7809,2,0,6,0,0,0,1,149,0,2.0000,-1,18,13,7,0,38,0,0,0,0
154.8028,2,0,6,0,0,0,1,149,0,2.0000,-1,18,13,7,0,38,0,0,0,0
154.823,2,0,6,0,0,0,1,149,0,2.0000,-1,18,13,7,0,38,0,0,0,0
154.8443,2,0,6,0,0,0,1,149,0,2.0000,-1,18,13,7,0,38,0,0,0,0
154.8678,2,0,6,0,0,0,1,149,0,2.0000,-1,18,13,7,0,38,0,0,0,0
154.9124,2,0,6,0,0,0,0,-1,0,2.0000,149,18,14,7,0,39,0,0,0,0
154.9348,2,0,6,0,0,0,0,-1,0,2.0000,-1,18,14,7,0,39,0,0,0,0
154.9556,2,0,6,0,0,0,0,-1,0,2.0000,-1,18,14,7,0,39,0,0,0,0
154.976,2,0,6,0,0,0,0,-1,0,2.0000,-1,18,14,7,0,39,0,0,0,0
154.9947,2,0,6,0,0,0,0,-1,1,3.0000,-1,18,14,7,0,39,0,0,0,0
155.015,2,0,6,0,0,0,0,-1,0,3.0000,-1,18,14,7,0,39,0,0,0,0
155.0347,2,0,6,0,0,0,0,-1,0,3.0000,-1,18,14,7,0,39,0,0,0,0
155.0562,2,0,6,0,0,0,0,-1,0,3.0000,-1,18,14,7,0,39,0,0,0,0
155.0762,2,0,6,0,0,0,0,-1,0,3.0000,-1,18,14,7,0,39,0,0,0,0
155.1159,2,0,6,0,0,0,0,-1,0,2.0000,-1,18,14,7,0,39,0,0,0,0
155.1369,2,0,6,0,0,0,0,-1,0,2.0000,-1,18,14,7,0,39,0,0,0,0
155.1564,2,0,6,0,0,0,0,-1,0,2.0000,-1,18,14,7,0,39,0,0,0,0
155.1738,2,0,6,0,0,0,0,-1,0,2.0000,-1,18,14,7,0,39,0,0,0,0
155.1935,2,0,6,0,0,0,0,-1,0,2.0000,-1,18,14,7,0,39,0,0,0,0
155.2118,2,0,6,0,0,0,0,-1,0,2.0000,-1,18,14,7,0,39,0,0,0,0
155.2326,2,0,6,0,0,0,0,-1,0,2.0000,-1,18,14,7,0,39,0,0,0,0
155.2526,2,0,6,0,0,0,0,-1,0,2.0000,-1,18,14,7,0,39,0,0,0,0
155.2731,2,0,6,0,0,0,0,-1,0,1.0000,-1,18,14,7,0,39,0,0,0,0
155.2935,2,0,6,0,0,0,0,-1,0,1.0000,-1,18,14,7,0,39,0,0,0,0
155.3121,2,0,6,0,0,0,0,-1,0,1.0000,-1,18,14,7,0,39,0,0,0,0
155.3323,2,0,6,0,0,0,0,-1,0,1.0000,-1,18,14,7,0,39,0,0,0,0
155.3545,2,0,6,0,0,0,0,-1,0,1.0000,-1,18,14,7,0,39,0,0,0,0
155.3806,2,0,6,0,0,0,0,-1,0,1.0000,-1,18,14,7,0,39,0,0,0,0
155.3982,2,0,6,0,0,0,0,-1,0,1.0000,-1,18,14,7,0,39,0,0,0,0
155.4221,2,0,6,0,0,0,0,-1,0,1.0000,-1,18,14,7,0,39,0,0,0,0
155.4432,2,0,6,0,0,0,0,-1,0,1.0000,-1,18,14,7,0,39,0,0,0,0
155.4657,2,0,6,0,0,0,0,-1,0,1.0000,-1,18,14,7,0,39,0,0,0,0
155.4883,2,0,6,0,0,0,0,-1,0,1.0000,-1,18,14,7,0,39,0,0,0,0
155.5095,2,0,6,0,0,0,0,-1,0,1.0000,-1,18,14,7,0,39,0,0,0,0
155.5477,2,0,6,0,0,0,0,-1,0,1.0000,-1,18,14,7,0,39,0,0,0,0
155.5641,2,0,6,0,0,0,0,-1,0,1.0000,-1,18,14,7,0,39,0,0,0,0
155.5781,2,0,6,0,0,0,0,-1,0,1.0000,-1,18,14,7,0,39,0,0,0,0
155.5965,2,0,6,0,0,0,0,-1,0,1.0000,-1,18,14,7,0,39,0,0,0,0
155.6204,2,0,6,0,0,0,0,-1,0,1.0000,-1,18,14,7,0,39,0,0,0,0
155.6404,2,0,6,0,0,0,0,-1,0,1.0000,-1,18,14,7,0,39,0,0,0,0
155.6619,2,0,6,0,0,0,0,-1,0,1.0000,-1,18,14,7,0,39,0,0,0,0
155.6823,2,0,6,0,0,0,0,-1,0,1.0000,-1,18,14,7,0,39,0,0,0,0
155.7064,2,0,6,0,0,0,0,-1,0,1.0000,-1,18,14,7,0,39,0,0,0,0
155.7286,2,0,6,0,0,0,0,-1,0,1.0000,-1,18,14,7,0,39,0,0,0,0
155.747,2,0,6,0,0,0,0,-1,0,1.0000,-1,18,14,7,0,39,0,0,0,0
155.7688,2,0,6,0,0,0,0,-1,0,1.0000,-1,18,14,7,0,39,0,0,0,0
155.7884,2,0,6,0,0,0,0,-1,0,1.0000,-1,18,14,7,0,39,0,0,0,0
155.8128,2,0,6,0,0,0,0,-1,0,1.0000,-1,18,14,7,0,39,0,0,0,0
155.8348,2,0,6,0,0,0,0,-1,0,1.0000,-1,18,14,7,0,39,0,0,0,0
155.8542,2,0,6,0,0,0,0,-1,0,1.0000,-1,18,14,7,0,39,0,0,0,0
155.8784,2,0,6,0,0,0,0,-1,0,1.0000,-1,18,14,7,0,39,0,0,0,0
155.9002,2,0,6,0,0,0,0,-1,0,1.0000,-1,18,14,7,0,39,0,0,0,0
155.9202,2,0,6,0,0,0,0,-1,0,1.0000,-1,18,14,7,0,39,0,0,0,0
155.9433,2,0,6,0,0,0,0,-1,0,1.0000,-1,18,14,7,0,39,0,0,0,0
155.9658,2,0,6,0,0,0,0,-1,0,1.0000,-1,18,14,7,0,39,0,0,0,0
155.9845,2,0,6,0,0,0,0,-1,0,1.0000,-1,18,14,7,0,39,0,0,0,0
156.0079,2,0,6,0,0,0,0,-1,0,0.0000,-1,18,14,7,0,39,0,0,0,0
156.0291,2,0,6,0,0,0,0,-1,0,0.0000,-1,18,14,7,0,39,0,0,0,0
156.0494,2,0,6,0,0,0,0,-1,0,0.0000,-1,18,14,7,0,39,0,0,0,0
156.0716,2,0,6,0,0,0,0,-1,0,0.0000,-1,18,14,7,0,39,0,0,0,0
156.093,2,0,6,0,0,0,0,-1,0,0.0000,-1,18,14,7,0,39,0,0,0,0
156.1156,2,0,6,0,0,0,0,-1,0,0.0000,-1,18,14,7,0,39,0,0,0,0
156.1371,2,0,6,0,0,0,1,152,1,1.0000,-1,18,14,7,0,39,0,0,0,0
156.1589,2,0,6,0,0,0,1,152,0,1.0000,-1,18,14,7,0,39,0,0,0,0
156.1983,2,0,6,0,0,0,0,-1,0,1.0000,-1,18,14,7,0,39,0,0,0,0
156.2137,2,0,6,0,0,0,0,-1,0,1.0000,-1,18,14,7,0,39,0,0,0,0
156.2312,2,0,6,0,0,0,0,-1,0,1.0000,-1,18,14,7,0,39,0,0,0,0
156.2488,2,0,6,0,0,0,0,-1,0,1.0000,-1,18,14,7,0,39,0,0,0,0
156.2721,2,0,6,0,0,0,0,-1,0,1.0000,-1,18,14,7,0,39,0,0,0,0
156.2941,2,0,6,0,0,0,0,-1,0,1.0000,-1,18,14,7,0,39,0,0,0,0
156.3128,2,0,6,0,0,0,0,-1,0,1.0000,-1,18,14,7,0,39,0,0,0,0
156.3332,2,0,6,0,0,0,0,-1,0,1.0000,-1,18,14,7,0,39,0,0,0,0
156.3567,2,0,6,0,0,0,0,-1,0,1.0000,-1,18,14,7,0,39,0,0,0,0
156.3786,2,0,6,0,0,0,0,-1,0,1.0000,-1,18,14,7,0,39,0,0,0,0
156.4225,2,0,6,0,0,0,0,-1,0,1.0000,-1,18,14,7,0,39,0,0,0,0
156.4364,2,0,6,0,0,0,0,-1,0,1.0000,-1,18,14,7,0,39,0,0,0,0
156.4518,2,0,6,0,0,0,0,-1,0,1.0000,-1,18,14,7,0,39,0,0,0,0
156.4764,2,0,6,0,0,0,0,-1,0,1.0000,-1,18,14,7,0,39,0,0,0,0
156.499,2,0,6,0,0,0,0,-1,0,1.0000,-1,18,14,7,0,39,0,0,0,0
156.5219,2,0,6,0,0,0,0,-1,0,1.0000,-1,18,14,7,0,39,0,0,0,0
156.5443,2,0,6,0,0,0,0,-1,0,1.0000,-1,18,14,7,0,39,0,0,0,0
156.5685,2,0,6,0,0,0,0,-1,0,1.0000,-1,18,14,7,0,39,0,0,0,0
156.5883,2,0,6,0,0,0,0,-1,0,1.0000,-1,18,14,7,0,39,0,0,0,0
156.6306,2,0,6,0,0,0,0,-1,0,1.0000,-1,18,14,7,0,39,0,0,0,0
156.6427,2,0,6,0,0,0,0,-1,0,1.0000,-1,18,14,7,0,39,0,0,0,0
156.658,2,0,6,0,0,0,0,-1,0,1.0000,-1,18,14,7,0,39,0,0,0,0
156.6791,2,0,6,0,0,0,0,-1,0,1.0000,-1,18,14,7,0,39,0,0,0,0
156.7011,2,0,6,0,0,0,0,-1,0,1.0000,-1,18,14,7,0,39,0,0,0,0
156.7236,2,0,6,0,0,0,0,-1,0,1.0000,-1,18,14,7,0,39,0,0,0,0
156.7448,2,0,6,0,0,0,0,-1,0,1.0000,-1,18,14,7,0,39,0,0,0,0
156.7661,2,0,6,0,0,0,0,-1,0,1.0000,-1,18,14,7,0,39,0,0,0,0
156.7883,2,0,6,0,0,0,0,-1,0,1.0000,-1,18,14,7,0,39,0,0,0,0
156.811,2,0,6,0,0,0,0,-1,0,1.0000,-1,18,14,7,0,39,0,0,0,0
156.8362,2,0,6,0,0,0,0,-1,0,1.0000,-1,18,14,7,0,39,0,0,0,0
156.8556,2,0,6,0,0,0,0,-1,0,1.0000,-1,18,14,7,0,39,0,0,0,0
156.8776,2,0,6,0,0,0,0,-1,0,1.0000,-1,18,14,7,0,39,0,0,0,0
156.9007,2,0,6,0,0,0,0,-1,0,1.0000,-1,18,14,7,0,39,0,0,0,0
156.923,2,0,6,0,0,0,0,-1,0,1.0000,-1,18,14,7,0,39,0,0,0,0
156.9441,2,0,6,0,0,0,0,-1,0,1.0000,-1,18,14,7,0,39,0,0,0,0
156.9633,2,0,6,0,0,0,0,-1,0,1.0000,-1,18,14,7,0,39,0,0,0,0
156.9842,2,0,6,0,0,0,0,-1,0,1.0000,-1,18,14,7,0,39,0,0,0,0
157.0037,2,0,6,0,0,0,0,-1,0,1.0000,-1,18,14,7,0,39,0,0,0,0
157.0271,2,0,6,0,0,0,0,-1,0,1.0000,-1,18,14,7,0,39,0,0,0,0
157.0652,2,0,6,0,0,0,0,-1,0,1.0000,-1,18,14,7,0,39,0,0,0,0
157.0786,2,0,6,0,0,0,0,-1,0,1.0000,-1,18,14,7,0,39,0,0,0,0
157.0942,2,0,6,0,0,0,0,-1,0,1.0000,-1,18,14,7,0,39,0,0,0,0
157.1145,2,0,6,0,0,0,0,-1,0,1.0000,-1,18,14,7,0,39,0,0,0,0
157.1394,2,0,6,0,0,0,0,-1,0,0.0000,-1,18,14,7,0,39,0,0,0,0
157.1603,2,0,6,0,0,0,0,-1,0,0.0000,-1,18,14,7,0,39,0,0,0,0
157.1811,2,0,6,0,0,0,0,-1,0,0.0000,-1,18,14,7,0,39,0,0,0,0
157.2032,2,0,6,0,0,0,0,-1,1,1.0000,-1,18,14,7,0,39,0,0,0,0
157.2256,2,0,6,0,0,0,0,-1,0,1.0000,-1,18,14,7,0,39,0,0,0,0
157.2473,2,0,6,0,0,0,0,-1,0,1.0000,-1,18,14,7,0,39,0,0,0,0
157.2875,2,0,6,0,0,0,1,155,0,1.0000,-1,18,14,7,0,39,0,0,0,0
157.3007,2,0,6,0,0,0,1,155,0,1.0000,-1,18,14,7,0,39,0,0,0,0
157.3154,2,0,6,0,0,0,1,155,0,1.0000,-1,18,14,7,0,39,0,0,0,0
157.3382,2,0,6,0,0,0,1,155,0,1.0000,-1,18,14,7,0,39,0,0,0,0
157.3605,2,0,6,0,0,0,1,155,0,1.0000,-1,18,14,7,0,39,0,0,0,0
157.3833,2,0,6,0,0,0,1,155,0,1.0000,-1,18,14,7,0,39,0,0,0,0
157.4048,2,0,6,0,0,0,1,155,0,1.0000,-1,18,14,7,0,39,0,0,0,0
157.4272,2,0,6,0,0,0,1,155,0,1.0000,-1,18,14,7,0,39,0,0,0,0
157.4478,2,0,6,0,0,0,1,155,0,1.0000,-1,18,14,7,0,39,0,0,0,0
157.4688,2,0,6,0,0,0,1,155,0,1.0000,-1,18,14,7,0,39,0,0,0,0
157.4923,2,0,6,0,0,0,1,155,0,1.0000,-1,18,14,7,0,39,0,0,0,0
157.5137,2,0,6,0,0,0,1,155,0,1.0000,-1,18,14,7,0,39,0,0,0,0
157.5358,2,0,6,0,0,0,1,155,0,1.0000,-1,18,14,7,0,39,0,0,0,0
157.5563,2,0,6,0,0,0,1,155,0,1.0000,-1,18,14,7,0,39,0,0,0,0
157.5764,2,0,6,0,0,0,1,154,0,1.0000,155,18,15,7,0,40,0,0,0,0
157.5979,2,0,6,0,0,0,1,154,0,1.0000,-1,18,15,7,0,40,0,0,0,0
157.6222,2,0,6,0,0,0,1,154,0,1.0000,-1,18,15,7,0,40,0,0,0,0
157.6419,2,0,6,0,0,0,1,154,0,1.0000,-1,18,15,7,0,40,0,0,0,0
157.6656,2,0,6,0,0,0,1,154,0,1.0000,-1,18,15,7,0,40,0,0,0,0
157.7046,2,0,6,0,0,0,1,154,0,1.0000,-1,18,15,7,0,40,0,0,0,0
157.7202,2,0,6,0,0,0,1,154,0,1.0000,-1,18,15,7,0,40,0,0,0,0
157.736,2,0,6,0,0,0,1,154,0,1.0000,-1,18,15,7,0,40,0,0,0,0
157.7531,2,0,6,0,0,0,1,154,0,1.0000,-1,18,15,7,0,40,0,0,0,0
157.7775,2,0,6,0,0,0,1,154,0,1.0000,-1,18,15,7,0,40,0,0,0,0
157.799,2,0,6,0,0,0,1,154,0,1.0000,-1,18,15,7,0,40,0,0,0,0
157.82,2,0,6,0,0,0,1,154,0,1.0000,-1,18,15,7,0,40,0,0,0,0
157.8408,2,0,6,0,0,0,1,154,0,1.0000,-1,18,15,7,0,40,0,0,0,0
157.8651,2,0,6,0,0,0,1,154,1,2.0000,-1,18,15,7,0,40,0,0,0,0
157.8869,2,0,6,0,0,0,1,154,0,2.0000,-1,18,15,7,0,40,0,0,0,0
157.9053,2,0,6,0,0,0,0,-1,0,2.0000,-1,18,15,7,0,40,0,0,0,0
157.9279,2,0,6,0,0,0,0,-1,0,2.0000,-1,18,15,7,0,40,0,0,0,0
157.9468,2,0,6,0,0,0,0,-1,0,2.0000,-1,18,15,7,0,40,0,0,0,0
157.9712,2,0,6,0,0,0,0,-1,0,2.0000,-1,18,15,7,0,40,0,0,0,0
157.9905,2,0,6,0,0,0,0,-1,0,2.0000,-1,18,15,7,0,40,0,0,0,0
158.0123,2,0,6,0,0,0,0,-1,0,2.0000,-1,18,15,7,0,40,0,0,0,0
158.0354,2,0,6,0,0,0,0,-1,0,2.0000,-1,18,15,7,0,40,0,0,0,0
158.0554,2,0,6,0,0,0,0,-1,0,2.0000,-1,18,15,7,0,40,0,0,0,0
158.0776,2,0,6,0,0,0,0,-1,0,2.0000,-1,18,15,7,0,40,0,0,0,0
158.0995,2,0,6,0,0,0,0,-1,0,2.0000,-1,18,15,7,0,40,0,0,0,0
158.1212,2,0,6,0,0,0,0,-1,0,2.0000,-1,18,15,7,0,40,0,0,0,0
158.1427,2,0,6,0,0,0,0,-1,0,2.0000,-1,18,15,7,0,40,0,0,0,0
158.1637,2,0,6,0,0,0,0,-1,0,2.0000,-1,18,15,7,0,40,0,0,0,0
158.1838,2,0,6,0,0,0,0,-1,0,2.0000,-1,18,15,7,0,40,0,0,0,0
158.2047,2,0,6,0,0,0,0,-1,0,1.0000,-1,18,15,7,0,40,0,0,0,0
158.227,2,0,6,0,0,0,1,159,0,1.0000,-1,18,15,7,0,40,0,0,0,0
158.2447,2,0,6,0,0,0,1,159,0,1.0000,-1,18,15,7,0,40,0,0,0,0
158.2655,2,0,6,0,0,0,1,159,0,1.0000,-1,18,15,7,0,40,0,0,0,0
158.2878,2,0,6,0,0,0,1,159,0,1.0000,-1,18,15,7,0,40,0,0,0,0
158.3071,2,0,6,0,0,0,1,159,0,1.0000,-1,18,15,7,0,40,0,0,0,0
158.3299,2,0,6,0,0,0,1,159,0,1.0000,-1,18,15,7,0,40,0,0,0,0
158.3506,2,0,6,0,0,0,1,159,0,1.0000,-1,18,15,7,0,40,0,0,0,0
158.3715,2,0,6,0,0,0,1,159,0,1.0000,-1,18,15,7,0,40,0,0,0,0
158.3905,2,0,6,0,0,0,1,159,0,1.0000,-1,18,15,7,0,40,0,0,0,0
158.4109,2,0,6,0,0,0,1,159,0,1.0000,-1,18,15,7,0,40,0,0,0,0
158.4331,2,0,6,0,0,0,1,159,0,1.0000,-1,18,15,7,0,40,0,0,0,0
158.4538,2,0,6,0,0,0,1,159,0,1.0000,-1,18,15,7,0,40,0,0,0,0
158.4737,2,0,6,0,0,0,1,159,0,1.0000,-1,18,15,7,0,40,0,0,0,0
158.4947,2,0,6,0,0,0,1,159,1,2.0000,-1,18,15,7,0,40,0,0,0,0
158.5155,2,0,6,0,0,0,0,-1,0,2.0000,-1,18,15,7,0,40,0,0,0,0
158.5342,2,0,6,0,0,0,0,-1,0,2.0000,-1,18,15,7,0,40,0,0,0,0
158.5557,2,0,6,0,0,0,0,-1,0,2.0000,-1,18,15,7,0,40,0,0,0,0
158.5764,2,0,6,0,0,0,0,-1,0,2.0000,-1,18,15,7,0,40,0,0,0,0
158.5998,2,0,6,0,0,0,0,-1,0,2.0000,-1,18,15,7,0,40,0,0,0,0
158.6188,2,0,6,0,0,0,0,-1,0,2.0000,-1,18,15,7,0,40,0,0,0,0
158.6407,2,0,6,0,0,0,0,-1,0,2.0000,-1,18,15,7,0,40,0,0,0,0
158.6623,2,0,6,0,0,0,0,-1,0,2.0000,-1,18,15,7,0,40,0,0,0,0
158.6806,2,0,6,0,0,0,0,-1,0,2.0000,-1,18,15,7,0,40,0,0,0,0
158.7031,2,0,6,0,0,0,0,-1,0,2.0000,-1,18,15,7,0,40,0,0,0,0
158.7236,2,0,6,0,0,0,0,-1,0,2.0000,-1,18,15,7,0,40,0,0,0,0
158.7644,2,0,6,0,0,0,0,-1,0,2.0000,-1,18,15,7,0,40,0,0,0,0
158.7816,2,0,6,0,0,0,0,-1,0,2.0000,-1,18,15,7,0,40,0,0,0,0
158.7983,2,0,6,0,0,0,0,-1,0,2.0000,-1,18,15,7,0,40,0,0,0,0
158.8139,2,0,6,0,0,0,0,-1,0,2.0000,-1,18,15,7,0,40,0,0,0,0
158.8316,2,0,6,0,0,0,0,-1,0,2.0000,-1,18,15,7,0,40,0,0,0,0
158.8532,2,0,6,0,0,0,0,-1,0,2.0000,-1,18,15,7,0,40,0,0,0,0
158.8737,2,0,6,0,0,0,0,-1,0,1.0000,-1,18,15,7,0,40,0,0,0,0
158.896,2,0,6,0,0,0,0,-1,0,1.0000,-1,18,15,7,0,40,0,0,0,0
158.9185,2,0,6,0,0,0,0,-1,0,1.0000,-1,18,15,7,0,40,0,0,0,0
158.9348,2,0,6,0,0,0,0,-1,0,1.0000,-1,18,15,7,0,40,0,0,0,0
158.9586,2,0,6,0,0,0,0,-1,0,1.0000,-1,18,15,7,0,40,0,0,0,0
158.9762,2,0,6,0,0,0,0,-1,0,1.0000,-1,18,15,7,0,40,0,0,0,0
158.9976,2,0,6,0,0,0,0,-1,0,1.0000,-1,18,15,7,0,40,0,0,0,0
159.0202,2,0,6,0,0,0,0,-1,0,1.0000,-1,18,15,7,0,40,0,0,0,0
159.0432,2,0,6,0,0,0,0,-1,0,1.0000,-1,18,15,7,0,40,0,0,0,0
159.0627,2,0,6,0,0,0,0,-1,0,1.0000,-1,18,15,7,0,40,0,0,0,0
159.0834,2,0,6,0,0,0,0,-1,0,1.0000,-1,18,15,7,0,40,0,0,0,0
159.1043,2,0,6,0,0,0,0,-1,0,1.0000,-1,18,15,7,0,40,0,0,0,0
159.1231,2,0,6,0,0,0,0,-1,0,1.0000,-1,18,15,7,0,40,0,0,0,0
159.1436,2,0,6,0,0,0,0,-1,0,1.0000,-1,18,15,7,0,40,0,0,0,0
159.1867,2,0,6,0,0,0,0,-1,0,1.0000,-1,18,15,7,0,40,0,0,0,0
159.2021,2,0,6,0,0,0,0,-1,0,1.0000,-1,18,15,7,0,40,0,0,0,0
159.2157,2,0,6,0,0,0,0,-1,0,1.0000,-1,18,15,7,0,40,0,0,0,0
159.2314,2,0,6,0,0,0,0,-1,0,1.0000,-1,18,15,7,0,40,0,0,0,0
159.2541,2,0,6,0,0,0,0,-1,0,1.0000,-1,18,15,7,0,40,0,0,0,0
159.2763,2,0,6,0,0,0,0,-1,0,1.0000,-1,18,15,7,0,40,0,0,0,0
159.2952,2,0,6,0,0,0,0,-1,0,1.0000,-1,18,15,7,0,40,0,0,0,0
159.3171,2,0,6,0,0,0,0,-1,0,1.0000,-1,18,15,7,0,40,0,0,0,0
159.337,2,0,6,0,0,0,0,-1,0,1.0000,-1,18,15,7,0,40,0,0,0,0
159.3574,2,0,6,0,0,0,0,-1,0,1.0000,-1,18,15,7,0,40,0,0,0,0
159.3773,2,0,6,0,0,0,0,-1,0,1.0000,-1,18,15,7,0,40,0,0,0,0
159.3982,2,0,6,0,0,0,0,-1,0,1.0000,-1,18,15,7,0,40,0,0,0,0
159.4207,2,0,6,0,0,0,0,-1,0,1.0000,-1,18,15,7,0,40,0,0,0,0
159.441,2,0,6,0,0,0,0,-1,0,1.0000,-1,18,15,7,0,40,0,0,0,0
159.4605,2,0,6,0,0,0,0,-1,0,1.0000,-1,18,15,7,0,40,0,0,0,0
159.4828,2,0,6,0,0,0,0,-1,0,1.0000,-1,18,15,7,0,40,0,0,0,0
159.5004,2,0,6,0,0,0,0,-1,0,0.0000,-1,18,15,7,0,40,0,0,0,0
159.5226,2,0,6,0,0,0,0,-1,0,0.0000,-1,18,15,7,0,40,0,0,0,0
159.5448,2,0,6,0,0,0,0,-1,0,0.0000,-1,18,15,7,0,40,0,0,0,0
159.5642,2,0,6,0,0,0,0,-1,0,0.0000,-1,18,15,7,0,40,0,0,0,0
159.6031,2,0,6,0,0,0,0,-1,0,0.0000,-1,18,15,7,0,40,0,0,0,0
159.6202,2,0,6,0,0,0,0,-1,0,0.0000,-1,18,15,7,0,40,0,0,0,0
159.634,2,0,6,0,0,0,0,-1,0,0.0000,-1,18,15,7,0,40,0,0,0,0
159.6522,2,0,6,0,0,0,0,-1,0,0.0000,-1,18,15,7,0,40,0,0,0,0
159.6731,2,0,6,0,0,0,0,-1,0,0.0000,-1,18,15,7,0,40,0,0,0,0
159.6917,2,0,6,0,0,0,0,-1,0,0.0000,-1,18,15,7,0,40,0,0,0,0
159.7122,2,0,6,0,0,0,0,-1,0,0.0000,-1,18,15,7,0,40,0,0,0,0
159.7319,2,0,6,0,0,0,0,-1,0,0.0000,-1,18,15,7,0,40,0,0,0,0
159.7529,2,0,6,0,0,0,0,-1,0,0.0000,-1,18,15,7,0,40,0,0,0,0
159.7758,2,0,6,0,0,0,0,-1,0,0.0000,-1,18,15,7,0,40,0,0,0,0
159.7945,2,0,6,0,0,0,0,-1,0,0.0000,-1,18,15,7,0,40,0,0,0,0
159.8171,2,0,6,0,0,0,0,-1,0,0.0000,-1,18,15,7,0,40,0,0,0,0
159.8339,2,0,6,1,0,0,0,-1,0,0.0000,-1,18,15,7,0,40,0,0,0,0
159.8568,2,0,6,1,0,0,0,-1,0,0.0000,-1,18,15,7,0,40,0,0,0,0
159.8757,2,0,6,1,0,0,0,-1,0,0.0000,-1,18,15,7,0,40,0,0,0,0
159.8981,2,0,6,1,0,0,0,-1,0,0.0000,-1,18,15,7,0,40,0,0,0,0
159.92,2,0,6,1,0,0,0,-1,0,0.0000,-1,18,15,7,0,40,0,0,0,0
159.9406,2,0,6,1,0,0,0,-1,0,0.0000,-1,18,15,7,0,40,0,0,0,0
159.9596,2,0,6,1,0,0,0,-1,0,0.0000,-1,18,15,7,0,40,0,0,0,0
159.9811,2,0,6,1,0,0,0,-1,0,0.0000,-1,18,15,7,0,40,0,0,0,0
160.0195,2,0,6,1,0,0,0,-1,0,0.0000,-1,18,15,7,0,40,0,0,0,0
160.0374,2,0,6,1,0,0,0,-1,0,0.0000,-1,18,15,7,0,40,0,0,0,0
160.0538,2,0,6,1,0,0,0,-1,0,0.0000,-1,18,15,7,0,40,0,0,0,0
160.0707,2,0,6,1,0,0,0,-1,0,0.0000,-1,18,15,7,0,40,0,0,0,0
160.0882,2,0,6,1,0,0,0,-1,0,0.0000,-1,18,15,7,0,40,0,0,0,0
160.1078,2,0,6,1,0,0,0,-1,0,0.0000,-1,18,15,7,0,40,0,0,0,0
160.1276,2,0,6,1,0,0,0,-1,0,0.0000,-1,18,15,7,0,40,0,0,0,0
160.1502,2,0,6,1,0,0,0,-1,0,0.0000,-1,18,15,7,0,40,0,0,0,0
160.1668,2,0,6,1,0,0,0,-1,0,0.0000,-1,18,15,7,0,40,0,0,0,0
160.1877,2,0,6,1,0,0,0,-1,0,0.0000,-1,18,15,7,0,40,0,0,0,0
160.2095,2,0,6,1,0,0,0,-1,0,0.0000,-1,18,15,7,0,40,0,0,0,0
160.2302,2,0,6,1,0,0,0,-1,0,0.0000,-1,18,15,7,0,40,0,0,0,0
160.2521,2,0,6,1,0,0,0,-1,0,0.0000,-1,18,15,7,0,40,0,0,0,0
160.2725,2,0,6,1,0,0,0,-1,0,0.0000,-1,18,15,7,0,40,0,0,0,0
160.2938,2,0,6,1,0,0,0,-1,0,0.0000,-1,18,15,7,0,40,0,0,0,0
160.3111,2,0,6,1,0,0,0,-1,0,0.0000,-1,18,15,7,0,40,0,0,0,0
160.3331,2,0,6,1,0,0,0,-1,0,0.0000,-1,18,15,7,0,40,0,0,0,0
160.3536,2,0,6,1,0,0,0,-1,0,0.0000,-1,18,15,7,0,40,0,0,0,0
160.3752,2,0,6,1,0,0,0,-1,0,0.0000,-1,18,15,7,0,40,0,0,0,0
160.3965,2,0,6,1,0,0,0,-1,0,0.0000,-1,18,15,7,0,40,0,0,0,0
160.4164,2,0,6,1,0,0,0,-1,0,0.0000,-1,18,15,7,0,40,0,0,0,0
160.4384,2,0,6,1,0,0,0,-1,0,0.0000,-1,18,15,7,0,40,0,0,0,0
160.4574,2,0,6,1,0,0,0,-1,0,0.0000,-1,18,15,7,0,40,0,0,0,0
160.4784,2,0,6,1,0,0,0,-1,0,0.0000,-1,18,15,7,0,40,0,0,0,0
160.4989,2,0,6,1,0,0,0,-1,0,0.0000,-1,18,15,7,0,40,0,0,0,0
160.5199,2,0,6,1,1,0,1,160,0,0.0000,-1,18,15,7,0,40,0,0,0,0
160.5417,2,0,6,1,1,0,1,160,0,0.0000,-1,18,15,7,0,40,0,0,0,0
160.5626,2,0,6,1,1,0,1,160,0,0.0000,-1,18,15,7,0,40,0,0,0,0
160.585,2,0,6,1,1,0,1,160,0,0.0000,-1,18,15,7,0,40,0,0,0,0
160.6049,2,0,6,1,1,0,1,160,0,0.0000,-1,18,15,7,0,40,0,0,0,0
160.6436,2,0,6,1,1,0,1,160,0,0.0000,-1,18,15,7,0,40,0,0,0,0
160.6633,2,0,6,1,1,0,1,160,1,1.0000,-1,18,15,7,0,40,0,0,0,0
160.682,2,0,6,1,1,0,0,-1,0,1.0000,-1,18,15,7,0,40,0,0,0,0
160.6991,2,0,6,1,1,0,0,-1,0,1.0000,-1,18,15,7,0,40,0,0,0,0
160.7125,2,0,6,1,1,0,0,-1,0,1.0000,-1,18,15,7,0,40,0,0,0,0
160.7342,2,0,6,1,1,0,0,-1,0,1.0000,-1,18,15,7,0,40,0,0,0,0
160.7555,2,0,6,1,1,0,0,-1,0,1.0000,-1,18,15,7,0,40,0,0,0,0
160.7775,2,0,6,1,1,0,0,-1,0,1.0000,-1,18,15,7,0,40,0,0,0,0
160.799,2,0,6,1,1,0,0,-1,0,1.0000,-1,18,15,7,0,40,0,0,0,0
160.8226,2,0,6,1,1,0,0,-1,0,1.0000,-1,18,15,7,0,40,0,0,0,0
160.8432,2,0,6,1,1,0,0,-1,0,1.0000,-1,18,15,7,0,40,0,0,0,0
160.8636,2,0,6,1,1,0,0,-1,0,1.0000,-1,18,15,7,0,40,0,0,0,0
160.884,2,0,6,1,1,0,0,-1,0,1.0000,-1,18,15,7,0,40,0,0,0,0
160.9038,2,0,6,1,1,0,0,-1,0,1.0000,-1,18,15,7,0,40,0,0,0,0
160.9237,2,0,6,1,1,0,0,-1,0,1.0000,-1,18,15,7,0,40,0,0,0,0
160.9451,2,0,6,1,1,0,0,-1,0,1.0000,-1,18,15,7,0,40,0,0,0,0
160.9669,2,0,6,1,1,0,0,-1,0,1.0000,-1,18,15,7,0,40,0,0,0,0
160.987,2,0,6,1,1,0,0,-1,0,1.0000,-1,18,15,7,0,40,0,0,0,0
161.007,2,0,6,1,1,0,0,-1,0,1.0000,-1,18,15,7,0,40,0,0,0,0
161.0256,2,0,6,1,1,0,0,-1,0,1.0000,-1,18,15,7,0,40,0,0,0,0
161.0642,2,0,6,1,1,0,0,-1,0,1.0000,-1,18,15,7,0,40,0,0,0,0
161.0809,2,0,6,1,1,0,0,-1,0,1.0000,-1,18,15,7,0,40,0,0,0,0
161.0976,2,0,6,1,1,0,0,-1,0,1.0000,-1,18,15,7,0,40,0,0,0,0
161.1147,2,0,6,1,1,0,0,-1,0,1.0000,-1,18,15,7,0,40,0,0,0,0
161.1314,2,0,6,1,1,0,0,-1,0,1.0000,-1,18,15,7,0,40,0,0,0,0
161.1515,2,0,6,1,1,0,0,-1,0,1.0000,-1,18,15,7,0,40,0,0,0,0
161.1734,2,0,6,1,1,0,0,-1,0,1.0000,-1,18,15,7,0,40,0,0,0,0
161.189,2,0,6,1,1,0,0,-1,0,1.0000,-1,18,15,7,0,40,0,0,0,0
161.2112,2,0,6,1,1,0,0,-1,0,1.0000,-1,18,15,7,0,40,0,0,0,0
161.2308,2,0,6,1,1,0,0,-1,0,1.0000,-1,18,15,7,0,40,0,0,0,0
161.2489,2,0,6,1,1,0,0,-1,0,1.0000,-1,18,15,7,0,40,0,0,0,0
161.2705,2,0,6,1,1,0,0,-1,0,1.0000,-1,18,15,7,0,40,0,0,0,0
161.2917,2,0,6,1,1,0,0,-1,0,1.0000,-1,18,15,7,0,40,0,0,0,0
161.3105,2,0,6,1,0,0,0,-1,0,1.0000,-1,18,15,7,0,40,0,0,0,0
161.3322,2,0,6,1,0,0,0,-1,0,1.0000,-1,18,15,7,0,40,0,0,0,0
161.3512,2,0,6,1,0,0,0,-1,0,1.0000,-1,18,15,7,0,40,0,0,0,0
161.3716,2,0,6,1,0,0,0,-1,0,1.0000,-1,18,15,7,0,40,0,0,0,0
161.3931,2,0,6,1,0,0,0,-1,0,1.0000,-1,18,15,7,0,40,0,0,0,0
161.4112,2,0,6,1,0,0,0,-1,0,1.0000,-1,18,15,7,0,40,0,0,0,0
161.4325,2,0,6,1,0,0,0,-1,0,1.0000,-1,18,15,7,0,40,0,0,0,0
161.4739,2,0,6,1,0,0,0,-1,0,1.0000,-1,18,15,7,0,40,0,0,0,0
161.4889,2,0,6,1,0,0,0,-1,0,1.0000,-1,18,15,7,0,40,0,0,0,0
161.5044,2,0,6,1,0,0,0,-1,0,1.0000,-1,18,15,7,0,40,0,0,0,0
161.5208,2,0,6,1,0,0,0,-1,0,1.0000,-1,18,15,7,0,40,0,0,0,0
161.5427,2,0,6,1,0,0,0,-1,0,1.0000,-1,18,15,7,0,40,0,0,0,0
161.5661,2,0,6,1,0,0,0,-1,0,1.0000,-1,18,15,7,0,40,0,0,0,0
161.5881,2,0,6,1,0,0,0,-1,0,1.0000,-1,18,15,7,0,40,0,0,0,0
161.6086,2,0,6,1,0,0,0,-1,0,1.0000,-1,18,15,7,0,40,0,0,0,0
161.6301,2,0,6,1,0,0,0,-1,0,1.0000,-1,18,15,7,0,40,0,0,0,0
161.6502,2,0,6,1,0,0,0,-1,0,1.0000,-1,18,15,7,0,40,0,0,0,0
161.6895,2,0,6,1,0,0,0,-1,0,0.0000,-1,18,15,7,0,40,0,0,0,0
161.7073,2,0,6,1,0,0,0,-1,0,0.0000,-1,18,15,7,0,40,0,0,0,0
161.7233,2,0,6,1,0,0,0,-1,0,0.0000,-1,18,15,7,0,40,0,0,0,0
161.74,2,0,6,1,0,0,0,-1,0,0.0000,-1,18,15,7,0,40,0,0,0,0
161.7637,2,0,6,1,0,0,0,-1,0,0.0000,-1,18,15,7,0,40,0,0,0,0
161.7843,2,0,6,1,0,0,0,-1,0,0.0000,163,18,16,7,0,41,0,0,0,0
161.8067,2,0,6,1,0,0,0,-1,0,0.0000,-1,18,16,7,0,41,0,0,0,0
161.8285,2,0,6,1,0,0,0,-1,0,0.0000,-1,18,16,7,0,41,0,0,0,0
161.8511,2,0,6,1,0,0,0,-1,0,0.0000,-1,18,16,7,0,41,0,0,0,0
161.8909,2,0,6,1,0,0,0,-1,0,0.0000,-1,18,16,7,0,41,0,0,0,0
161.9078,2,0,6,1,0,0,0,-1,0,0.0000,-1,18,16,7,0,41,0,0,0,0
161.9243,2,0,6,1,0,0,0,-1,0,0.0000,-1,18,16,7,0,41,0,0,0,0
161.9396,2,0,6,1,0,0,0,-1,0,0.0000,-1,18,16,7,0,41,0,0,0,0
161.9624,2,0,6,0,0,0,1,165,0,0.0000,-1,18,16,7,0,41,0,0,0,0
161.9851,2,0,6,0,0,0,1,165,0,0.0000,-1,18,16,7,0,41,0,0,0,0
162.0051,2,0,6,0,0,0,1,165,0,0.0000,-1,18,16,7,0,41,0,0,0,0
162.0275,2,0,6,0,0,0,1,165,0,0.0000,-1,18,16,7,0,41,0,0,0,0
162.0471,2,0,6,0,0,0,1,165,0,0.0000,-1,18,16,7,0,41,0,0,0,0
162.0696,2,0,6,0,0,0,1,165,0,0.0000,-1,18,16,7,0,41,0,0,0,0
162.1113,2,0,6,0,0,0,1,165,0,0.0000,-1,18,16,7,0,41,0,0,0,0
162.1309,2,0,6,0,0,0,1,165,0,0.0000,-1,18,16,7,0,41,0,0,0,0
162.1483,2,0,6,0,0,0,1,165,0,0.0000,-1,18,16,7,0,41,0,0,0,0
162.1658,2,0,6,0,0,0,1,165,0,0.0000,-1,18,16,7,0,41,0,0,0,0
162.1824,2,0,6,0,0,0,1,165,0,0.0000,-1,18,16,7,0,41,0,0,0,0
162.2019,2,0,6,0,0,0,1,165,0,0.0000,-1,18,16,7,0,41,0,0,0,0
162.2236,2,0,6,0,0,0,1,165,0,0.0000,-1,18,16,7,0,41,0,0,0,0
162.2442,2,0,6,0,0,0,1,165,0,0.0000,-1,18,16,7,0,41,0,0,0,0
162.2654,2,0,6,0,0,0,1,165,0,0.0000,-1,18,16,7,0,41,0,0,0,0
162.288,2,0,6,0,0,0,1,165,0,0.0000,-1,18,16,7,0,41,0,0,0,0
162.309,3,1,7,0,0,0,0,-1,0,0.0000,165,18,16,8,0,42,0,0,0,0
162.3303,3,0,7,0,0,0,0,-1,0,0.0000,-1,18,16,8,0,42,0,0,0,0
162.3518,3,0,7,0,0,0,0,-1,0,0.0000,-1,18,16,8,0,42,0,0,0,0
162.3738,3,0,7,0,0,0,0,-1,0,0.0000,-1,18,16,8,0,42,0,0,0,0
162.3963,3,0,7,0,0,0,0,-1,0,0.0000,-1,18,16,8,0,42,0,0,0,0
162.4165,3,0,7,0,0,0,0,-1,0,0.0000,-1,18,16,8,0,42,0,0,0,0
162.4372,3,0,7,0,0,0,0,-1,0,0.0000,-1,18,16,8,0,42,0,0,0,0
162.4598,3,0,7,0,0,0,0,-1,0,0.0000,-1,18,16,8,0,42,0,0,0,0
162.4809,3,0,7,0,0,0,0,-1,0,0.0000,-1,18,16,8,0,42,0,0,0,0
162.5017,3,0,7,0,0,0,0,-1,0,0.0000,-1,18,16,8,0,42,0,0,0,0
162.5443,3,0,7,0,0,0,0,-1,0,0.0000,-1,18,16,8,0,42,0,0,0,0
162.5637,3,0,7,0,0,0,0,-1,0,0.0000,-1,18,16,8,0,42,0,0,0,0
162.583,3,0,7,0,0,0,0,-1,0,0.0000,-1,18,16,8,0,42,0,0,0,0
162.5987,3,0,7,0,0,0,0,-1,0,0.0000,-1,18,16,8,0,42,0,0,0,0
162.6178,3,0,7,0,0,0,0,-1,0,0.0000,-1,18,16,8,0,42,0,0,0,0
162.6432,3,0,7,0,0,0,0,-1,0,0.0000,-1,18,16,8,0,42,0,0,0,0
162.6636,3,0,7,0,0,0,0,-1,0,0.0000,-1,18,16,8,0,42,0,0,0,0
162.6899,3,0,7,0,0,0,0,-1,0,0.0000,-1,18,16,8,0,42,0,0,0,0
162.7141,3,0,7,0,0,0,0,-1,0,0.0000,-1,18,16,8,0,42,0,0,0,0
162.7361,3,0,7,0,0,0,0,-1,0,0.0000,-1,18,16,8,0,42,0,0,0,0
162.7586,3,0,7,0,0,0,0,-1,0,0.0000,-1,18,16,8,0,42,0,0,0,0
162.7839,3,0,7,0,0,0,0,-1,0,0.0000,-1,18,16,8,0,42,0,0,0,0
162.8063,3,0,7,0,0,0,0,-1,0,0.0000,-1,18,16,8,0,42,0,0,0,0
162.8303,3,0,7,0,0,0,0,-1,0,0.0000,-1,18,16,8,0,42,0,0,0,0
162.8525,3,0,7,0,0,0,0,-1,0,0.0000,-1,18,16,8,0,42,0,0,0,0
162.8745,3,0,7,0,0,0,1,166,0,0.0000,-1,18,16,8,0,42,0,0,0,0
162.9006,3,0,7,0,0,0,1,166,0,0.0000,-1,18,16,8,0,42,0,0,0,0
162.9245,3,0,7,0,0,0,1,166,0,0.0000,-1,18,16,8,0,42,0,0,0,0
162.9481,3,0,7,0,0,0,1,166,0,0.0000,-1,18,16,8,0,42,0,0,0,0
162.9722,3,0,7,0,0,0,1,166,0,0.0000,-1,18,16,8,0,42,0,0,0,0
162.996,3,0,7,0,0,0,1,166,0,0.0000,-1,18,16,8,0,42,0,0,0,0
163.0201,3,0,7,0,0,0,1,166,0,0.0000,-1,18,16,8,0,42,0,0,0,0
163.0441,3,0,7,0,0,0,1,166,0,0.0000,-1,18,16,8,0,42,0,0,0,0
163.0665,3,0,7,0,0,0,1,166,0,0.0000,-1,18,16,8,0,42,0,0,0,0
163.0889,3,0,7,0,0,0,1,166,0,0.0000,-1,18,16,8,0,42,0,0,0,0
163.1137,3,0,7,0,0,0,1,166,0,0.0000,-1,18,16,8,0,42,0,0,0,0
163.1348,3,0,7,0,0,0,1,166,0,0.0000,-1,18,16,8,0,42,0,0,0,0
163.1772,3,0,7,0,0,0,1,166,0,0.0000,-1,18,16,8,0,42,0,0,0,0
163.1976,3,0,7,0,0,0,1,166,0,0.0000,-1,18,16,8,0,42,0,0,0,0
163.2168,3,0,7,0,0,0,1,166,0,0.0000,-1,18,16,8,0,42,0,0,0,0
163.2352,3,0,7,0,0,0,1,166,0,0.0000,-1,18,16,8,0,42,0,0,0,0
163.2531,3,0,7,0,0,0,1,166,0,0.0000,-1,18,16,8,0,42,0,0,0,0
163.2726,3,0,7,0,0,0,1,166,0,0.0000,-1,18,16,8,0,42,0,0,0,0
163.2938,3,0,7,0,0,0,1,166,0,0.0000,-1,18,16,8,0,42,0,0,0,0
163.3176,3,0,7,0,0,0,1,166,0,0.0000,-1,18,16,8,0,42,0,0,0,0
163.3357,3,0,7,0,0,0,1,166,0,0.0000,-1,18,16,8,0,42,0,0,0,0
163.3597,3,0,7,0,0,0,1,166,0,0.0000,-1,18,16,8,0,42,0,0,0,0
163.3812,3,0,7,0,0,0,1,166,0,0.0000,-1,18,16,8,0,42,0,0,0,0
163.4029,3,0,7,0,0,0,1,166,0,0.0000,-1,18,16,8,0,42,0,0,0,0
163.4262,3,0,7,0,0,0,1,166,0,0.0000,-1,18,16,8,0,42,0,0,0,0
163.4494,3,0,7,0,0,0,1,166,0,0.0000,-1,18,16,8,0,42,0,0,0,0
163.4687,3,0,7,0,0,0,1,166,0,0.0000,-1,18,16,8,0,42,0,0,0,0
163.4933,3,0,7,0,0,0,1,168,0,0.0000,166,18,16,9,0,43,0,0,0,0
163.5162,3,0,7,0,0,0,1,168,0,0.0000,-1,18,16,9,0,43,0,0,0,0
163.5371,3,0,7,0,0,0,0,-1,1,1.0000,-1,18,16,9,0,43,0,0,0,0
163.5801,3,0,7,0,0,0,0,-1,0,1.0000,-1,18,16,9,0,43,0,0,0,0
163.598,3,0,7,0,0,0,0,-1,0,1.0000,-1,18,16,9,0,43,0,0,0,0
163.6131,3,0,7,0,0,0,0,-1,0,1.0000,-1,18,16,9,0,43,0,0,0,0
163.6319,3,0,7,0,0,0,0,-1,0,1.0000,-1,18,16,9,0,43,0,0,0,0
163.6558,3,0,7,0,0,0,0,-1,0,1.0000,-1,18,16,9,0,43,0,0,0,0
163.6782,3,0,7,0,0,0,0,-1,0,1.0000,-1,18,16,9,0,43,0,0,0,0
163.7012,3,0,7,0,0,0,0,-1,0,1.0000,-1,18,16,9,0,43,0,0,0,0
163.7231,3,0,7,0,0,0,0,-1,0,1.0000,-1,18,16,9,0,43,0,0,0,0
163.7456,3,0,7,0,0,0,0,-1,0,1.0000,-1,18,16,9,0,43,0,0,0,0
163.767,3,0,7,0,0,0,0,-1,0,1.0000,-1,18,16,9,0,43,0,0,0,0
163.7887,3,0,7,0,0,0,0,-1,0,1.0000,-1,18,16,9,0,43,0,0,0,0
163.81,3,0,7,0,0,0,0,-1,0,1.0000,-1,18,16,9,0,43,0,0,0,0
163.8323,3,0,7,0,0,0,0,-1,0,1.0000,-1,18,16,9,0,43,0,0,0,0
163.8542,3,0,7,0,0,0,0,-1,0,1.0000,-1,18,16,9,0,43,0,0,0,0
163.8757,3,0,7,0,0,0,0,-1,0,1.0000,-1,18,16,9,0,43,0,0,0,0
163.898,3,0,7,0,0,0,0,-1,0,1.0000,-1,18,16,9,0,43,0,0,0,0
163.9187,3,0,7,0,0,0,0,-1,0,1.0000,-1,18,16,9,0,43,0,0,0,0
163.938,3,0,7,0,0,0,0,-1,0,1.0000,-1,18,16,9,0,43,0,0,0,0
163.9617,3,0,7,0,0,0,0,-1,0,1.0000,-1,18,16,9,0,43,0,0,0,0
163.9814,3,0,7,0,0,0,0,-1,0,1.0000,-1,18,16,9,0,43,0,0,0,0
164.0045,3,0,7,0,0,0,0,-1,0,1.0000,-1,18,16,9,0,43,0,0,0,0
164.0255,3,0,7,0,0,0,0,-1,0,1.0000,-1,18,16,9,0,43,0,0,0,0
164.0472,3,0,7,0,0,0,0,-1,0,1.0000,-1,18,16,9,0,43,0,0,0,0
164.0679,3,0,7,0,0,0,0,-1,0,1.0000,-1,18,16,9,0,43,0,0,0,0
164.0896,3,0,7,0,0,0,0,-1,0,1.0000,-1,18,16,9,0,43,0,0,0,0
164.1113,3,0,7,0,0,0,0,-1,0,1.0000,-1,18,16,9,0,43,0,0,0,0
164.1328,3,0,7,0,0,0,0,-1,0,1.0000,-1,18,16,9,0,43,0,0,0,0
164.1533,3,0,7,0,0,0,0,-1,0,1.0000,-1,18,16,9,0,43,0,0,0,0
164.1737,3,0,7,0,0,0,0,-1,0,1.0000,-1,18,16,9,0,43,0,0,0,0
164.2148,3,0,7,0,0,0,0,-1,0,1.0000,-1,18,16,9,0,43,0,0,0,0
164.2352,3,0,7,0,0,0,0,-1,0,1.0000,-1,18,16,9,0,43,0,0,0,0
164.2521,3,0,7,0,0,0,0,-1,0,1.0000,-1,18,16,9,0,43,0,0,0,0
164.2682,3,0,7,0,0,0,0,-1,0,1.0000,-1,18,16,9,0,43,0,0,0,0
164.2854,3,0,7,0,0,0,0,-1,0,1.0000,-1,18,16,9,0,43,0,0,0,0
164.3093,3,0,7,0,0,0,0,-1,0,1.0000,-1,18,16,9,0,43,0,0,0,0
164.3298,3,0,7,0,0,0,0,-1,0,1.0000,-1,18,16,9,0,43,0,0,0,0
164.3495,3,0,7,0,0,0,0,-1,0,1.0000,-1,18,16,9,0,43,0,0,0,0
164.37,3,0,7,0,0,0,0,-1,0,1.0000,-1,18,16,9,0,43,0,0,0,0
164.3936,3,0,7,0,0,0,0,-1,0,1.0000,-1,18,16,9,0,43,0,0,0,0
164.4139,3,0,7,0,0,0,0,-1,0,1.0000,-1,18,16,9,0,43,0,0,0,0
164.4339,3,0,7,0,0,0,0,-1,0,1.0000,-1,18,16,9,0,43,0,0,0,0
164.4566,3,0,7,0,0,0,0,-1,0,1.0000,-1,18,16,9,0,43,0,0,0,0
164.4782,3,0,7,0,0,0,0,-1,1,2.0000,-1,18,16,9,0,43,0,0,0,0
164.4981,3,0,7,0,0,0,0,-1,0,2.0000,-1,18,16,9,0,43,0,0,0,0
164.5204,3,0,7,0,0,0,0,-1,0,2.0000,-1,18,16,9,0,43,0,0,0,0
164.5414,3,0,7,0,0,0,0,-1,0,1.0000,-1,18,16,9,0,43,0,0,0,0
164.5605,3,0,7,0,0,0,0,-1,0,1.0000,-1,18,16,9,0,43,0,0,0,0
164.5843,3,0,7,0,0,0,0,-1,0,1.0000,-1,18,16,9,0,43,0,0,0,0
164.6052,3,0,7,0,0,0,0,-1,0,1.0000,-1,18,16,9,0,43,0,0,0,0
164.6453,3,0,7,0,0,0,0,-1,0,1.0000,-1,18,16,9,0,43,0,0,0,0
164.6656,3,0,7,0,0,0,0,-1,0,1.0000,-1,18,16,9,0,43,0,0,0,0
164.6822,3,0,7,0,0,0,0,-1,0,1.0000,-1,18,16,9,0,43,0,0,0,0
164.6978,3,0,7,0,0,0,0,-1,0,1.0000,-1,18,16,9,0,43,0,0,0,0
164.7159,3,0,7,0,0,0,0,-1,0,1.0000,-1,18,16,9,0,43,0,0,0,0
164.7378,3,0,7,0,0,0,0,-1,0,1.0000,-1,18,16,9,0,43,0,0,0,0
164.7589,3,0,7,0,0,0,0,-1,0,1.0000,-1,18,16,9,0,43,0,0,0,0
164.7817,3,0,7,0,0,0,0,-1,0,1.0000,-1,18,16,9,0,43,0,0,0,0
164.8011,3,0,7,0,0,0,0,-1,0,1.0000,-1,18,16,9,0,43,0,0,0,0
164.8235,3,0,7,0,0,0,0,-1,0,1.0000,-1,18,16,9,0,43,0,0,0,0
164.8437,3,0,7,0,0,0,0,-1,0,1.0000,-1,18,16,9,0,43,0,0,0,0
164.8681,3,0,7,0,0,0,0,-1,0,1.0000,-1,18,16,9,0,43,0,0,0,0
164.8888,3,0,7,0,0,0,0,-1,0,1.0000,-1,18,16,9,0,43,0,0,0,0
164.9112,3,0,7,0,0,0,0,-1,0,1.0000,-1,18,16,9,0,43,0,0,0,0
164.9339,3,0,7,0,0,0,0,-1,0,1.0000,-1,18,16,9,0,43,0,0,0,0
164.9559,3,0,7,0,0,0,0,-1,0,1.0000,-1,18,16,9,0,43,0,0,0,0
164.9772,3,0,7,0,0,0,0,-1,0,1.0000,-1,18,16,9,0,43,0,0,0,0
164.9979,3,0,7,0,0,0,0,-1,0,1.0000,-1,18,16,9,0,43,0,0,0,0
165.0201,3,0,7,0,0,0,0,-1,0,1.0000,-1,18,16,9,0,43,0,0,0,0
165.0418,3,0,7,0,0,0,0,-1,0,1.0000,-1,18,16,9,0,43,0,0,0,0
165.0832,3,0,7,0,0,0,0,-1,0,1.0000,-1,18,16,9,0,43,0,0,0,0
165.1029,3,0,7,0,0,0,0,-1,0,1.0000,-1,18,16,9,0,43,0,0,0,0
165.1225,3,0,7,0,0,0,0,-1,0,1.0000,-1,18,16,9,0,43,0,0,0,0
165.1397,3,0,7,0,0,0,0,-1,0,1.0000,-1,18,16,9,0,43,0,0,0,0
165.1547,3,0,7,0,0,0,0,-1,0,1.0000,-1,18,16,9,0,43,0,0,0,0
165.1812,3,0,7,0,0,0,0,-1,0,1.0000,-1,18,16,9,0,43,0,0,0,0
165.2017,3,0,7,0,0,0,0,-1,0,1.0000,-1,18,16,9,0,43,0,0,0,0
165.2235,3,0,7,0,0,0,0,-1,0,1.0000,-1,18,16,9,0,43,0,0,0,0
165.2449,3,0,7,0,0,0,0,-1,0,1.0000,-1,18,16,9,0,43,0,0,0,0
165.2665,3,0,7,0,0,0,0,-1,0,1.0000,-1,18,16,9,0,43,0,0,0,0
165.2874,3,0,7,0,0,0,0,-1,0,1.0000,-1,18,16,9,0,43,0,0,0,0
165.3097,3,0,7,0,0,0,0,-1,0,1.0000,-1,18,16,9,0,43,0,0,0,0
165.3289,3,0,7,0,0,0,0,-1,0,1.0000,-1,18,16,9,0,43,0,0,0,0
165.352,3,0,7,0,0,0,0,-1,0,1.0000,-1,18,16,9,0,43,0,0,0,0
165.3728,3,0,7,0,0,0,0,-1,0,1.0000,-1,18,16,9,0,43,0,0,0,0
165.3927,3,0,7,0,0,0,0,-1,0,1.0000,-1,18,16,9,0,43,0,0,0,0
165.4171,3,0,7,0,0,0,0,-1,0,1.0000,-1,18,16,9,0,43,0,0,0,0
165.4374,3,0,7,0,0,0,0,-1,0,1.0000,-1,18,16,9,0,43,0,0,0,0
165.46,3,0,7,0,0,0,0,-1,0,1.0000,-1,18,16,9,0,43,0,0,0,0
165.4818,3,0,7,0,0,0,0,-1,0,0.0000,-1,18,16,9,0,43,0,0,0,0
165.5031,3,0,7,0,0,0,0,-1,0,0.0000,-1,18,16,9,0,43,0,0,0,0
165.5255,3,0,7,0,0,0,0,-1,0,0.0000,-1,18,16,9,0,43,0,0,0,0
165.548,3,0,7,0,0,0,0,-1,0,0.0000,-1,18,16,9,0,43,0,0,0,0
165.5692,3,0,7,0,0,0,0,-1,0,0.0000,-1,18,16,9,0,43,0,0,0,0
165.5896,3,0,7,0,0,0,0,-1,0,0.0000,-1,18,16,9,0,43,0,0,0,0
165.6111,3,0,7,0,0,0,0,-1,0,0.0000,-1,18,16,9,0,43,0,0,0,0
165.6338,3,0,7,0,0,0,0,-1,0,0.0000,-1,18,16,9,0,43,0,0,0,0
165.6561,3,0,7,0,0,0,0,-1,0,0.0000,-1,18,16,9,0,43,0,0,0,0
165.6763,3,0,7,0,0,0,0,-1,0,0.0000,-1,18,16,9,0,43,0,0,0,0
165.6968,3,0,7,0,0,0,0,-1,0,0.0000,-1,18,16,9,0,43,0,0,0,0
165.719,3,0,7,0,0,0,0,-1,0,0.0000,-1,18,16,9,0,43,0,0,0,0
165.741,3,0,7,0,0,0,0,-1,0,0.0000,-1,18,16,9,0,43,0,0,0,0
165.7607,3,0,7,0,0,0,0,-1,0,0.0000,-1,18,16,9,0,43,0,0,0,0
165.7849,3,0,7,0,0,0,0,-1,0,0.0000,-1,18,16,9,0,43,0,0,0,0
165.8049,3,0,7,0,0,0,0,-1,0,0.0000,-1,18,16,9,0,43,0,0,0,0
165.8291,3,0,7,0,0,0,1,172,0,0.0000,-1,18,16,9,0,43,0,0,0,0
165.8485,3,0,7,0,0,0,1,172,0,0.0000,-1,18,16,9,0,43,0,0,0,0
165.8761,3,0,7,0,0,0,1,172,1,1.0000,-1,18,16,9,0,43,0,0,0,0
165.8952,3,0,7,0,0,0,1,173,0,1.0000,-1,18,16,9,0,43,0,0,0,0
165.9132,3,0,7,0,0,0,1,173,0,1.0000,-1,18,16,9,0,43,0,0,0,0
165.9373,3,0,7,0,0,0,1,173,0,1.0000,-1,18,16,9,0,43,0,0,0,0
165.9587,3,0,7,0,0,0,1,173,0,1.0000,-1,18,16,9,0,43,0,0,0,0
165.9803,3,0,7,0,0,0,1,173,0,1.0000,-1,18,16,9,0,43,0,0,0,0
166.0015,3,0,7,0,0,0,1,173,0,1.0000,-1,18,16,9,0,43,0,0,0,0
166.024,3,0,7,0,0,0,1,173,0,1.0000,-1,18,16,9,0,43,0,0,0,0
166.047,3,0,7,0,0,0,1,173,0,1.0000,-1,18,16,9,0,43,0,0,0,0
166.0674,3,0,7,0,0,0,1,173,0,1.0000,-1,18,16,9,0,43,0,0,0,0
166.0893,3,0,7,0,0,0,1,173,0,1.0000,-1,18,16,9,0,43,0,0,0,0
166.1132,3,0,7,0,0,0,1,173,0,1.0000,-1,18,16,9,0,43,0,0,0,0
166.1339,3,0,7,0,0,0,1,173,0,1.0000,-1,18,16,9,0,43,0,0,0,0
166.1546,3,0,7,0,0,0,1,173,0,1.0000,-1,18,16,9,0,43,0,0,0,0
166.1768,3,0,7,0,0,0,1,173,0,1.0000,-1,18,16,9,0,43,0,0,0,0
166.1971,3,0,7,0,0,0,0,-1,0,1.0000,173,18,16,10,0,44,0,0,0,0
166.2182,3,0,7,0,0,0,0,-1,0,1.0000,-1,18,16,10,0,44,0,0,0,0
166.2421,3,0,7,0,0,0,0,-1,0,1.0000,-1,18,16,10,0,44,0,0,0,0
166.2619,3,0,7,0,0,0,0,-1,0,1.0000,-1,18,16,10,0,44,0,0,0,0
166.284,3,0,7,0,0,0,0,-1,0,1.0000,-1,18,16,10,0,44,0,0,0,0
166.3056,3,0,7,0,0,0,0,-1,0,1.0000,-1,18,16,10,0,44,0,0,0,0
166.3267,3,0,7,0,0,0,0,-1,0,1.0000,-1,18,16,10,0,44,0,0,0,0
166.3685,3,0,7,0,0,0,0,-1,0,1.0000,-1,18,16,10,0,44,0,0,0,0
166.3843,3,0,7,0,0,0,0,-1,0,1.0000,-1,18,16,10,0,44,0,0,0,0
166.4018,3,0,7,0,0,0,0,-1,0,1.0000,-1,18,16,10,0,44,0,0,0,0
166.4187,3,0,7,0,0,0,0,-1,0,1.0000,-1,18,16,10,0,44,0,0,0,0
166.4435,3,0,7,0,0,0,0,-1,0,1.0000,-1,18,16,10,0,44,0,0,0,0
166.4639,3,0,7,0,0,0,0,-1,0,1.0000,-1,18,16,10,0,44,0,0,0,0
166.4869,3,0,7,0,0,0,0,-1,0,1.0000,-1,18,16,10,0,44,0,0,0,0
166.5085,3,0,7,0,0,0,0,-1,0,1.0000,-1,18,16,10,0,44,0,0,0,0
166.5297,3,0,7,0,0,0,0,-1,0,1.0000,-1,18,16,10,0,44,0,0,0,0
166.5716,3,0,7,0,0,0,0,-1,0,1.0000,-1,18,16,10,0,44,0,0,0,0
166.5892,3,0,7,0,0,0,0,-1,0,1.0000,-1,18,16,10,0,44,0,0,0,0
166.6049,3,0,7,0,0,0,0,-1,0,1.0000,-1,18,16,10,0,44,0,0,0,0
166.6211,3,0,7,0,0,0,0,-1,0,1.0000,-1,18,16,10,0,44,0,0,0,0
166.6451,3,0,7,0,0,0,0,-1,0,1.0000,-1,18,16,10,0,44,0,0,0,0
166.6663,3,0,7,0,0,0,0,-1,0,1.0000,-1,18,16,10,0,44,0,0,0,0
166.6872,3,0,7,0,0,0,0,-1,0,1.0000,-1,18,16,10,0,44,0,0,0,0
166.7114,3,0,7,0,0,0,0,-1,0,1.0000,-1,18,16,10,0,44,0,0,0,0
166.7325,3,0,7,0,0,0,0,-1,0,1.0000,-1,18,16,10,0,44,0,0,0,0
166.7531,3,0,7,0,0,0,0,-1,0,1.0000,-1,18,16,10,0,44,0,0,0,0
166.7766,3,0,7,0,0,0,0,-1,0,1.0000,-1,18,16,10,0,44,0,0,0,0
166.7949,3,0,7,0,0,0,0,-1,0,1.0000,-1,18,16,10,0,44,0,0,0,0
166.8184,3,0,7,0,0,0,0,-1,0,1.0000,-1,18,16,10,0,44,0,0,0,0
166.8425,3,0,7,0,0,0,0,-1,0,1.0000,-1,18,16,10,0,44,0,0,0,0
166.8647,3,0,7,0,0,0,0,-1,0,1.0000,-1,18,16,10,0,44,0,0,0,0
166.8837,3,0,7,0,0,0,0,-1,0,0.0000,-1,18,16,10,0,44,0,0,0,0
166.9097,3,0,7,0,0,0,0,-1,0,0.0000,-1,18,16,10,0,44,0,0,0,0
166.9284,3,0,7,1,0,0,0,-1,0,0.0000,-1,18,16,10,0,44,0,0,0,0
166.9484,3,0,7,1,0,0,0,-1,0,0.0000,-1,18,16,10,0,44,0,0,0,0
166.9918,3,0,7,1,0,0,0,-1,0,0.0000,-1,18,16,10,0,44,0,0,0,0
167.0084,3,0,7,1,0,0,0,-1,0,0.0000,-1,18,16,10,0,44,0,0,0,0
167.0248,3,0,7,1,0,0,0,-1,0,0.0000,-1,18,16,10,0,44,0,0,0,0
167.0417,3,0,7,1,0,0,0,-1,0,0.0000,-1,18,16,10,0,44,0,0,0,0
167.0654,3,0,7,1,0,0,0,-1,0,0.0000,-1,18,16,10,0,44,0,0,0,0
167.0855,3,0,7,1,0,0,0,-1,0,0.0000,-1,18,16,10,0,44,0,0,0,0
167.1066,3,0,7,1,0,0,0,-1,0,0.0000,-1,18,16,10,0,44,0,0,0,0
167.1282,3,0,7,1,0,0,0,-1,0,0.0000,-1,18,16,10,0,44,0,0,0,0
167.1484,3,0,7,1,0,0,0,-1,0,0.0000,-1,18,16,10,0,44,0,0,0,0
167.1701,3,0,7,1,0,0,0,-1,0,0.0000,-1,18,16,10,0,44,0,0,0,0
167.1932,3,0,7,1,0,0,0,-1,0,0.0000,-1,18,16,10,0,44,0,0,0,0
167.2146,3,0,7,1,0,0,0,-1,1,1.0000,-1,18,16,10,0,44,0,0,0,0
167.2375,3,0,7,1,0,0,0,-1,0,1.0000,-1,18,16,10,0,44,0,0,0,0
167.2599,3,0,7,1,0,0,0,-1,1,2.0000,-1,18,16,10,0,44,0,0,0,0
167.284,3,0,7,1,0,0,0,-1,0,2.0000,-1,18,16,10,0,44,0,0,0,0
167.308,3,0,7,1,0,0,0,-1,0,2.0000,-1,18,16,10,0,44,0,0,0,0
167.3318,3,0,7,1,0,0,0,-1,0,2.0000,-1,18,16,10,0,44,0,0,0,0
167.3564,3,0,7,1,0,0,0,-1,0,2.0000,-1,18,16,10,0,44,0,0,0,0
167.3801,3,0,7,0,0,0,0,-1,0,2.0000,-1,18,16,10,0,44,0,0,0,0
167.4057,3,0,7,0,0,0,0,-1,0,2.0000,-1,18,16,10,0,44,0,0,0,0
167.4295,3,0,7,0,0,0,0,-1,0,2.0000,-1,18,16,10,0,44,0,0,0,0
167.4511,3,0,7,0,0,0,0,-1,0,2.0000,-1,18,16,10,0,44,0,0,0,0
167.4738,3,0,7,0,0,0,0,-1,0,2.0000,-1,18,16,10,0,44,0,0,0,0
167.4962,3,0,7,0,0,0,1,175,0,2.0000,-1,18,16,10,0,44,0,0,0,0
167.5174,3,0,7,0,0,0,1,175,1,3.0000,-1,18,16,10,0,44,0,0,0,0
167.5397,3,0,7,0,0,0,1,175,0,3.0000,-1,18,16,10,0,44,0,0,0,0
167.559,3,0,7,0,0,0,1,175,0,3.0000,-1,18,16,10,0,44,0,0,0,0
167.6003,3,0,7,0,0,0,1,175,0,3.0000,-1,18,16,10,0,44,0,0,0,0
167.6202,3,0,7,0,0,0,1,175,1,4.0000,-1,18,16,10,0,44,0,0,0,0
167.6382,3,0,7,0,0,0,1,175,0,4.0000,-1,18,16,10,0,44,0,0,0,0
167.6565,3,0,7,0,0,0,1,175,0,4.0000,-1,18,16,10,0,44,0,0,0,0
167.6737,3,0,7,0,1,0,1,175,0,4.0000,-1,18,16,10,0,44,0,0,0,0
167.6935,3,0,7,0,1,0,1,175,0,4.0000,-1,18,16,10,0,44,0,0,0,0
167.7143,3,0,7,0,1,0,1,175,0,4.0000,-1,18,16,10,0,44,0,0,0,0
167.7333,3,0,7,0,1,0,1,175,0,4.0000,-1,18,16,10,0,44,0,0,0,0
167.7546,3,0,7,0,1,0,1,175,0,4.0000,-1,18,16,10,0,44,0,0,0,0
167.7781,3,0,7,0,1,0,1,175,0,4.0000,-1,18,16,10,0,44,0,0,0,0
167.817,3,0,7,0,1,0,1,175,1,5.0000,-1,18,16,10,0,44,0,0,0,0
167.8363,3,0,7,0,1,0,1,175,0,5.0000,-1,18,16,10,0,44,0,0,0,0
167.8529,3,0,7,0,1,0,1,175,0,5.0000,-1,18,16,10,0,44,0,0,0,0
167.8677,3,0,7,0,1,0,1,175,0,5.0000,-1,18,16,10,0,44,0,0,0,0
167.886,3,0,7,0,1,0,1,175,0,5.0000,-1,18,16,10,0,44,0,0,0,0
167.9107,3,0,7,0,1,0,1,175,0,5.0000,-1,18,16,10,0,44,0,0,0,0
167.9314,3,0,7,0,1,0,1,175,0,5.0000,-1,18,16,10,0,44,0,0,0,0
167.953,3,0,7,0,1,0,1,175,0,5.0000,-1,18,16,10,0,44,0,0,0,0
167.9726,3,0,7,0,1,0,1,175,0,5.0000,-1,18,16,10,0,44,0,0,0,0
167.9949,3,0,7,0,1,0,1,175,0,5.0000,-1,18,16,10,0,44,0,0,0,0
168.0172,3,0,7,0,1,0,1,175,0,5.0000,-1,18,16,10,0,44,0,0,0,0
168.0345,3,0,7,0,1,0,1,175,0,5.0000,-1,18,16,10,0,44,0,0,0,0
168.0589,3,0,7,0,1,0,1,175,0,5.0000,-1,18,16,10,0,44,0,0,0,0
168.077,3,0,7,0,1,0,1,175,0,5.0000,-1,18,16,10,0,44,0,0,0,0
168.1005,3,0,7,0,1,0,1,175,0,5.0000,-1,18,16,10,0,44,0,0,0,0
168.1218,3,0,7,0,1,0,0,-1,0,5.0000,175,18,16,11,0,45,0,0,0,0
168.1419,3,0,7,0,1,0,0,-1,0,5.0000,-1,18,16,11,0,45,0,0,0,0
168.1658,3,0,7,0,1,0,0,-1,0,5.0000,-1,18,16,11,0,45,0,0,0,0
168.1863,3,0,7,0,1,0,0,-1,0,5.0000,-1,18,16,11,0,45,0,0,0,0
168.2064,3,0,7,0,1,0,0,-1,0,5.0000,-1,18,16,11,0,45,0,0,0,0
168.2483,3,0,7,0,0,0,0,-1,0,4.0000,-1,18,16,11,0,45,0,0,0,0
168.2711,3,0,7,0,0,0,1,176,0,3.0000,-1,18,16,11,0,45,0,0,0,0
168.2857,3,0,7,0,0,0,1,176,0,3.0000,-1,18,16,11,0,45,0,0,0,0
168.3015,3,0,7,0,0,0,1,176,0,3.0000,-1,18,16,11,0,45,0,0,0,0
168.3196,3,0,7,0,0,0,1,176,1,4.0000,-1,18,16,11,0,45,0,0,0,0
168.3433,3,0,7,0,0,0,1,176,1,5.0000,-1,18,16,11,0,45,0,0,0,0
168.3648,3,0,7,0,0,0,1,176,0,5.0000,-1,18,16,11,0,45,0,0,0,0
168.385,3,0,7,0,0,0,1,176,0,5.0000,-1,18,16,11,0,45,0,0,0,0
168.4053,3,0,7,0,0,0,1,176,0,5.0000,-1,18,16,11,0,45,0,0,0,0
168.4276,3,0,7,0,0,0,1,176,0,5.0000,-1,18,16,11,0,45,0,0,0,0
168.4684,3,0,7,0,0,0,0,-1,0,5.0000,176,18,16,12,0,46,0,0,0,0
168.4912,3,0,7,0,0,0,0,-1,0,5.0000,-1,18,16,12,0,46,0,0,0,0
168.506,3,0,7,0,0,0,0,-1,0,5.0000,-1,18,16,12,0,46,0,0,0,0
168.5214,3,0,7,0,0,0,0,-1,0,4.0000,-1,18,16,12,0,46,0,0,0,0
168.5404,3,0,7,0,0,0,0,-1,0,4.0000,-1,18,16,12,0,46,0,0,0,0
168.5637,3,0,7,0,0,0,0,-1,0,4.0000,-1,18,16,12,0,46,0,0,0,0
168.5847,3,0,7,0,0,0,0,-1,0,4.0000,-1,18,16,12,0,46,0,0,0,0
168.6062,3,0,7,0,0,0,0,-1,1,5.0000,-1,18,16,12,0,46,0,0,0,0
168.6257,3,0,7,0,0,0,0,-1,0,4.0000,-1,18,16,12,0,46,0,0,0,0
168.6471,3,0,7,0,0,0,0,-1,0,4.0000,-1,18,16,12,0,46,0,0,0,0
168.6871,3,0,7,0,0,0,0,-1,0,4.0000,-1,18,16,12,0,46,0,0,0,0
168.7065,3,0,7,0,0,0,1,180,0,4.0000,-1,18,16,12,0,46,0,0,0,0
168.726,3,0,7,0,0,0,1,180,0,4.0000,-1,18,16,12,0,46,0,0,0,0
168.7421,3,0,7,0,0,0,1,180,1,5.0000,-1,18,16,12,0,46,0,0,0,0
168.7572,3,0,7,0,0,0,1,180,0,5.0000,-1,18,16,12,0,46,0,0,0,0
168.7749,3,0,7,0,0,0,1,180,0,5.0000,-1,18,16,12,0,46,0,0,0,0
168.7979,3,0,7,0,0,0,1,180,0,5.0000,-1,18,16,12,0,46,0,0,0,0
168.8194,3,0,7,0,0,0,1,180,0,4.0000,-1,18,16,12,0,46,0,0,0,0
168.8407,3,0,7,0,0,0,1,180,0,4.0000,-1,18,16,12,0,46,0,0,0,0
168.8609,3,0,7,0,0,0,1,180,0,4.0000,-1,18,16,12,0,46,0,0,0,0
168.8794,3,0,7,0,0,0,1,180,0,4.0000,-1,18,16,12,0,46,0,0,0,0
168.9005,3,0,7,0,0,0,1,180,0,4.0000,-1,18,16,12,0,46,0,0,0,0
168.9219,3,0,7,0,0,0,1,180,0,4.0000,-1,18,16,12,0,46,0,0,0,0
168.9429,3,0,7,0,0,0,1,180,0,4.0000,-1,18,16,12,0,46,0,0,0,0
168.9643,3,0,7,0,0,0,1,180,0,4.0000,-1,18,16,12,0,46,0,0,0,0
168.9844,3,0,7,0,0,0,1,180,0,4.0000,-1,18,16,12,0,46,0,0,0,0
169.0053,3,0,7,0,0,0,1,180,1,5.0000,-1,18,16,12,0,46,0,0,0,0
169.0261,3,0,7,0,0,0,1,180,0,5.0000,-1,18,16,12,0,46,0,0,0,0
169.0446,3,0,7,0,0,0,1,180,0,5.0000,-1,18,16,12,0,46,0,0,0,0
169.068,3,0,7,0,0,0,1,180,0,5.0000,-1,18,16,12,0,46,0,0,0,0
169.1093,3,0,7,0,0,0,1,180,0,5.0000,-1,18,16,12,0,46,0,0,0,0
169.1291,3,0,7,0,0,0,1,180,0,5.0000,-1,18,16,12,0,46,0,0,0,0
169.1494,3,0,7,0,0,0,1,180,0,5.0000,-1,18,16,12,0,46,0,0,0,0
169.1652,3,0,7,0,0,0,1,180,0,5.0000,-1,18,16,12,0,46,0,0,0,0
169.182,3,0,7,0,0,0,0,-1,0,5.0000,180,18,16,13,0,47,0,0,0,0
169.201,3,0,7,0,0,0,0,-1,1,6.0000,-1,18,16,13,0,47,0,0,0,0
169.2196,3,0,7,0,0,0,0,-1,0,6.0000,-1,18,16,13,0,47,0,0,0,0
169.2422,3,0,7,0,0,0,0,-1,0,6.0000,-1,18,16,13,0,47,0,0,0,0
169.265,3,0,7,0,0,0,0,-1,0,6.0000,-1,18,16,13,0,47,0,0,0,0
169.2865,3,0,7,0,0,0,1,179,0,6.0000,-1,18,16,13,0,47,0,0,0,0
169.3279,3,0,7,0,0,0,1,179,0,5.0000,-1,18,16,13,0,47,0,0,0,0
169.344,3,0,7,0,0,0,1,179,0,4.0000,-1,18,16,13,0,47,0,0,0,0
169.3589,3,0,7,0,0,0,1,179,0,4.0000,-1,18,16,13,0,47,0,0,0,0
169.3752,3,0,7,0,0,0,1,179,0,4.0000,-1,18,16,13,0,47,0,0,0,0
169.401,3,0,7,0,0,0,1,179,0,4.0000,-1,18,16,13,0,47,0,0,0,0
169.4211,3,0,7,0,0,0,1,179,0,4.0000,-1,18,16,13,0,47,0,0,0,0
169.4427,3,0,7,0,0,0,1,179,0,4.0000,-1,18,16,13,0,47,0,0,0,0
169.4617,3,0,7,0,0,0,1,179,0,4.0000,-1,18,16,13,0,47,0,0,0,0
169.4834,3,0,7,0,0,0,1,179,0,4.0000,-1,18,16,13,0,47,0,0,0,0
169.506,3,0,7,0,0,0,1,179,1,5.0000,-1,18,16,13,0,47,0,0,0,0
169.5225,3,0,7,0,0,0,1,179,0,5.0000,-1,18,16,13,0,47,0,0,0,0
169.5457,3,0,7,0,0,0,1,179,0,5.0000,-1,18,16,13,0,47,0,0,0,0
169.5648,3,0,7,0,0,0,1,179,0,5.0000,-1,18,16,13,0,47,0,0,0,0
169.5875,3,0,7,0,0,0,1,179,0,5.0000,-1,18,16,13,0,47,0,0,0,0
169.6089,3,0,7,0,0,0,1,179,0,4.0000,-1,18,16,13,0,47,0,0,0,0
169.6291,3,0,7,0,0,0,1,179,1,5.0000,-1,18,16,13,0,47,0,0,0,0
169.6499,3,0,7,0,0,0,1,179,0,5.0000,-1,18,16,13,0,47,0,0,0,0
169.6662,3,0,7,0,0,0,1,179,0,5.0000,-1,18,16,13,0,47,0,0,0,0
169.6886,3,0,7,0,0,0,1,179,0,5.0000,-1,18,16,13,0,47,0,0,0,0
169.7106,3,0,7,0,0,0,1,179,0,5.0000,-1,18,16,13,0,47,0,0,0,0
169.7304,3,0,7,0,0,0,1,179,0,5.0000,-1,18,16,13,0,47,0,0,0,0
169.7504,3,0,7,0,0,0,1,179,0,4.0000,-1,18,16,13,0,47,0,0,0,0
169.7691,3,0,7,0,0,0,0,-1,0,4.0000,-1,18,16,13,0,47,0,0,0,0
169.7896,2,1,8,0,0,0,0,-1,0,4.0000,179,18,17,13,0,48,0,0,0,0
169.8087,2,0,8,0,0,0,0,-1,0,4.0000,-1,18,17,13,0,48,0,0,0,0
169.8289,2,0,8,0,0,0,0,-1,0,4.0000,-1,18,17,13,0,48,0,0,0,0
169.85,2,0,8,0,0,0,0,-1,0,4.0000,-1,18,17,13,0,48,0,0,0,0
169.8705,2,0,8,0,0,0,0,-1,0,4.0000,-1,18,17,13,0,48,0,0,0,0
169.8885,2,0,8,0,0,0,0,-1,0,4.0000,-1,18,17,13,0,48,0,0,0,0
169.9094,2,0,8,0,0,0,0,-1,0,4.0000,-1,18,17,13,0,48,0,0,0,0
169.9305,2,0,8,0,0,0,0,-1,0,4.0000,-1,18,17,13,0,48,0,0,0,0
169.9517,2,0,8,0,0,0,0,-1,0,4.0000,-1,18,17,13,0,48,0,0,0,0
169.9706,2,0,8,0,0,0,0,-1,0,4.0000,-1,18,17,13,0,48,0,0,0,0
169.9882,2,0,8,0,0,0,0,-1,0,4.0000,-1,18,17,13,0,48,0,0,0,0
170.0099,2,0,8,0,0,0,0,-1,0,3.0000,-1,18,17,13,0,48,0,0,0,0
170.03,2,0,8,0,0,0,0,-1,0,3.0000,-1,18,17,13,0,48,0,0,0,0
170.0497,2,0,8,0,0,0,0,-1,0,3.0000,-1,18,17,13,0,48,0,0,0,0
170.0673,2,0,8,0,0,0,0,-1,0,3.0000,-1,18,17,13,0,48,0,0,0,0
170.0879,2,0,8,0,0,0,0,-1,0,3.0000,-1,18,17,13,0,48,0,0,0,0
170.108,2,0,8,0,0,0,0,-1,0,3.0000,-1,18,17,13,0,48,0,0,0,0
170.1281,2,0,8,0,0,0,0,-1,0,3.0000,-1,18,17,13,0,48,0,0,0,0
170.1494,2,0,8,0,0,0,0,-1,0,3.0000,-1,18,17,13,0,48,0,0,0,0
170.1652,2,0,8,0,0,0,0,-1,0,3.0000,-1,18,17,13,0,48,0,0,0,0
170.1856,2,0,8,0,0,0,0,-1,0,3.0000,-1,18,17,13,0,48,0,0,0,0
170.2059,2,0,8,0,0,0,0,-1,0,2.0000,-1,18,17,13,0,48,0,0,0,0
170.2288,2,0,8,0,0,0,0,-1,0,2.0000,-1,18,17,13,0,48,0,0,0,0
170.2479,2,0,8,0,0,0,0,-1,0,2.0000,-1,18,17,13,0,48,0,0,0,0
170.265,2,0,8,0,0,0,0,-1,0,2.0000,-1,18,17,13,0,48,0,0,0,0
170.2868,2,0,8,0,0,0,0,-1,0,2.0000,-1,18,17,13,0,48,0,0,0,0
170.3048,2,0,8,0,0,0,0,-1,0,2.0000,-1,18,17,13,0,48,0,0,0,0
170.3244,2,0,8,0,0,0,0,-1,0,2.0000,-1,18,17,13,0,48,0,0,0,0
170.3464,2,0,8,0,0,0,0,-1,0,2.0000,-1,18,17,13,0,48,0,0,0,0
170.3639,2,0,8,0,0,0,0,-1,0,2.0000,-1,18,17,13,0,48,0,0,0,0
170.4045,2,0,8,0,0,0,1,182,0,2.0000,-1,18,17,13,0,48,0,0,0,0
170.4202,2,0,8,0,0,0,1,182,0,2.0000,-1,18,17,13,0,48,0,0,0,0
170.4347,2,0,8,0,0,0,1,182,0,2.0000,-1,18,17,13,0,48,0,0,0,0
170.4505,2,0,8,0,0,0,1,182,0,2.0000,-1,18,17,13,0,48,0,0,0,0
170.4708,2,0,8,0,0,0,1,182,0,2.0000,-1,18,17,13,0,48,0,0,0,0
170.4905,2,0,8,0,0,0,1,182,0,2.0000,-1,18,17,13,0,48,0,0,0,0
170.5099,2,0,8,0,0,0,1,182,0,1.0000,-1,18,17,13,0,48,0,0,0,0
170.5303,2,0,8,0,0,0,1,182,0,1.0000,-1,18,17,13,0,48,0,0,0,0
170.5531,2,0,8,0,0,0,1,182,1,2.0000,-1,18,17,13,0,48,0,0,0,0
170.5694,2,0,8,0,0,0,1,182,0,2.0000,-1,18,17,13,0,48,0,0,0,0
170.6099,2,0,8,0,0,0,1,182,0,2.0000,-1,18,17,13,0,48,0,0,0,0
170.629,2,0,8,0,0,0,1,182,0,2.0000,-1,18,17,13,0,48,0,0,0,0
170.6461,2,0,8,0,0,0,1,182,0,1.0000,-1,18,17,13,0,48,0,0,0,0
170.6619,2,0,8,0,0,0,1,182,0,1.0000,-1,18,17,13,0,48,0,0,0,0
170.6783,2,0,8,0,0,0,1,182,0,1.0000,-1,18,17,13,0,48,0,0,0,0
170.6948,2,0,8,0,0,0,1,182,0,1.0000,-1,18,17,13,0,48,0,0,0,0
170.7173,2,0,8,0,0,0,0,-1,0,1.0000,-1,18,17,13,0,48,0,0,0,0
170.7362,2,0,8,0,0,0,0,-1,0,1.0000,-1,18,17,13,0,48,0,0,0,0
170.7542,2,0,8,0,0,0,0,-1,0,1.0000,-1,18,17,13,0,48,0,0,0,0
170.7752,2,0,8,0,0,0,0,-1,0,1.0000,-1,18,17,13,0,48,0,0,0,0
170.7947,2,0,8,0,0,0,0,-1,1,2.0000,-1,18,17,13,0,48,0,0,0,0
170.8115,2,0,8,0,0,0,0,-1,0,2.0000,-1,18,17,13,0,48,0,0,0,0
170.8312,2,0,8,0,0,0,0,-1,0,2.0000,-1,18,17,13,0,48,0,0,0,0
170.8538,2,0,8,0,0,0,0,-1,0,2.0000,-1,18,17,13,0,48,0,0,0,0
170.8742,2,0,8,0,0,0,0,-1,0,2.0000,-1,18,17,13,0,48,0,0,0,0
170.8936,2,0,8,0,0,0,0,-1,0,2.0000,-1,18,17,13,0,48,0,0,0,0
170.9114,2,0,8,0,0,0,0,-1,0,2.0000,-1,18,17,13,0,48,0,0,0,0
170.9306,2,0,8,0,0,0,0,-1,0,2.0000,-1,18,17,13,0,48,0,0,0,0
170.9519,2,0,8,0,0,0,0,-1,0,2.0000,-1,18,17,13,0,48,0,0,0,0
170.9712,2,0,8,0,0,0,0,-1,0,2.0000,-1,18,17,13,0,48,0,0,0,0
170.9874,2,0,8,0,0,0,0,-1,0,2.0000,-1,18,17,13,0,48,0,0,0,0
171.009,2,0,8,0,0,0,0,-1,0,2.0000,-1,18,17,13,0,48,0,0,0,0
171.0303,2,0,8,0,0,0,0,-1,0,2.0000,-1,18,17,13,0,48,0,0,0,0
171.0509,2,0,8,0,0,0,0,-1,0,2.0000,-1,18,17,13,0,48,0,0,0,0
171.0656,2,0,8,0,0,0,0,-1,0,2.0000,-1,18,17,13,0,48,0,0,0,0
171.0859,2,0,8,0,0,0,0,-1,0,2.0000,-1,18,17,13,0,48,0,0,0,0
171.1094,2,0,8,0,0,0,0,-1,0,2.0000,-1,18,17,13,0,48,0,0,0,0
171.1295,2,0,8,0,0,0,0,-1,0,2.0000,-1,18,17,13,0,48,0,0,0,0
171.1491,2,0,8,0,0,0,0,-1,0,2.0000,-1,18,17,13,0,48,0,0,0,0
171.1671,2,0,8,0,0,0,0,-1,0,2.0000,-1,18,17,13,0,48,0,0,0,0
171.1888,2,0,8,0,0,0,0,-1,0,2.0000,-1,18,17,13,0,48,0,0,0,0
171.2278,2,0,8,0,0,0,0,-1,0,2.0000,-1,18,17,13,0,48,0,0,0,0
171.2447,2,0,8,0,0,0,0,-1,0,2.0000,-1,18,17,13,0,48,0,0,0,0
171.261,2,0,8,0,0,0,0,-1,0,2.0000,-1,18,17,13,0,48,0,0,0,0
171.277,2,0,8,0,0,0,0,-1,0,2.0000,-1,18,17,13,0,48,0,0,0,0
171.2961,2,0,8,0,0,0,0,-1,0,2.0000,-1,18,17,13,0,48,0,0,0,0
171.3194,2,0,8,0,0,0,0,-1,0,2.0000,-1,18,17,13,0,48,0,0,0,0
171.3366,2,0,8,0,0,0,0,-1,0,2.0000,-1,18,17,13,0,48,0,0,0,0
171.3557,2,0,8,0,0,0,0,-1,0,2.0000,-1,18,17,13,0,48,0,0,0,0
171.3759,2,0,8,0,0,0,0,-1,0,2.0000,-1,18,17,13,0,48,0,0,0,0
171.3974,2,0,8,0,0,0,0,-1,0,2.0000,-1,18,17,13,0,48,0,0,0,0
171.418,2,0,8,0,0,0,0,-1,0,2.0000,-1,18,17,13,0,48,0,0,0,0
171.4381,2,0,8,0,0,0,0,-1,0,2.0000,-1,18,17,13,0,48,0,0,0,0
171.457,2,0,8,0,0,0,0,-1,0,2.0000,-1,18,17,13,0,48,0,0,0,0
171.4767,2,0,8,0,0,0,0,-1,0,2.0000,-1,18,17,13,0,48,0,0,0,0
171.4977,2,0,8,0,0,0,0,-1,0,2.0000,-1,18,17,13,0,48,0,0,0,0
171.5169,2,0,8,0,0,0,0,-1,0,2.0000,-1,18,17,13,0,48,0,0,0,0
171.5387,2,0,8,0,0,0,0,-1,0,2.0000,-1,18,17,13,0,48,0,0,0,0
171.5592,2,0,8,0,0,0,0,-1,0,1.0000,-1,18,17,13,0,48,0,0,0,0
171.5757,2,0,8,0,0,0,0,-1,0,1.0000,-1,18,17,13,0,48,0,0,0,0
171.5971,2,0,8,0,0,0,0,-1,0,1.0000,-1,18,17,13,0,48,0,0,0,0
171.6362,2,0,8,0,0,0,0,-1,0,1.0000,-1,18,17,13,0,48,0,0,0,0
171.6513,2,0,8,0,0,0,0,-1,0,1.0000,-1,18,17,13,0,48,0,0,0,0
171.6674,2,0,8,0,0,0,0,-1,0,1.0000,-1,18,17,13,0,48,0,0,0,0
171.6831,2,0,8,0,0,0,0,-1,0,1.0000,-1,18,17,13,0,48,0,0,0,0
171.7056,2,0,8,0,0,0,0,-1,0,1.0000,-1,18,17,13,0,48,0,0,0,0
171.7229,2,0,8,0,0,0,0,-1,0,1.0000,-1,18,17,13,0,48,0,0,0,0
171.743,2,0,8,0,0,0,0,-1,0,1.0000,-1,18,17,13,0,48,0,0,0,0
171.7641,2,0,8,1,0,0,0,-1,0,1.0000,-1,18,17,13,0,48,0,0,0,0
171.7833,2,0,8,1,0,0,0,-1,0,1.0000,-1,18,17,13,0,48,0,0,0,0
171.8031,2,0,8,1,0,0,0,-1,0,0.0000,-1,18,17,13,0,48,0,0,0,0
171.8422,2,0,8,1,0,0,0,-1,0,0.0000,-1,18,17,13,0,48,0,0,0,0
171.8591,2,0,8,1,0,0,0,-1,0,0.0000,-1,18,17,13,0,48,0,0,0,0
171.8723,2,0,8,1,0,0,0,-1,0,0.0000,-1,18,17,13,0,48,0,0,0,0
171.8878,2,0,8,1,0,0,0,-1,0,0.0000,-1,18,17,13,0,48,0,0,0,0
171.9098,2,0,8,1,0,0,0,-1,0,0.0000,-1,18,17,13,0,48,0,0,0,0
171.9288,2,0,8,1,0,0,0,-1,0,0.0000,-1,18,17,13,0,48,0,0,0,0
171.9481,2,0,8,1,0,0,0,-1,0,0.0000,-1,18,17,13,0,48,0,0,0,0
171.9696,2,0,8,1,0,0,0,-1,0,0.0000,-1,18,17,13,0,48,0,0,0,0
171.9873,2,0,8,1,0,0,0,-1,0,0.0000,-1,18,17,13,0,48,0,0,0,0
172.0089,2,0,8,1,0,0,0,-1,0,0.0000,-1,18,17,13,0,48,0,0,0,0
172.0482,2,0,8,1,0,0,0,-1,0,0.0000,-1,18,17,13,0,48,0,0,0,0
172.0619,2,0,8,1,0,0,0,-1,0,0.0000,-1,18,17,13,0,48,0,0,0,0
172.0774,2,0,8,1,0,0,0,-1,0,0.0000,-1,18,17,13,0,48,0,0,0,0
172.0964,2,0,8,1,0,0,0,-1,0,0.0000,-1,18,17,13,0,48,0,0,0,0
172.1142,2,0,8,1,0,0,0,-1,0,0.0000,-1,18,17,13,0,48,0,0,0,0
172.1365,2,0,8,1,0,0,0,-1,0,0.0000,-1,18,17,13,0,48,0,0,0,0
172.1541,2,0,8,1,0,0,0,-1,0,0.0000,-1,18,17,13,0,48,0,0,0,0
172.1751,2,0,8,1,0,0,0,-1,0,0.0000,-1,18,17,13,0,48,0,0,0,0
172.1964,2,0,8,1,0,0,0,-1,0,0.0000,-1,18,17,13,0,48,0,0,0,0
172.2163,2,0,8,1,0,0,0,-1,0,0.0000,-1,18,17,13,0,48,0,0,0,0
172.2366,2,0,8,1,0,0,0,-1,0,0.0000,-1,18,17,13,0,48,0,0,0,0
172.2548,2,0,8,1,0,0,0,-1,0,0.0000,-1,18,17,13,0,48,0,0,0,0
172.2775,2,0,8,1,0,0,0,-1,0,0.0000,-1,18,17,13,0,48,0,0,0,0
172.2977,2,0,8,1,0,0,0,-1,0,0.0000,-1,18,17,13,0,48,0,0,0,0
172.3171,2,0,8,1,0,0,0,-1,0,0.0000,-1,18,17,13,0,48,0,0,0,0
172.3387,2,0,8,1,0,0,0,-1,0,0.0000,-1,18,17,13,0,48,0,0,0,0
172.3586,2,0,8,1,0,0,0,-1,0,0.0000,-1,18,17,13,0,48,0,0,0,0
172.3776,2,0,8,1,0,0,0,-1,0,0.0000,-1,18,17,13,0,48,0,0,0,0
172.3986,2,0,8,1,0,0,0,-1,0,0.0000,-1,18,17,13,0,48,0,0,0,0
172.4215,2,0,8,1,0,0,0,-1,0,0.0000,-1,18,17,13,0,48,0,0,0,0
172.4427,2,0,8,1,0,0,0,-1,0,0.0000,-1,18,17,13,0,48,0,0,0,0
172.4608,2,0,8,1,0,0,0,-1,0,0.0000,-1,18,17,13,0,48,0,0,0,0
172.4839,2,0,8,1,0,0,0,-1,0,0.0000,-1,18,17,13,0,48,0,0,0,0
172.5045,2,0,8,1,0,0,0,-1,0,0.0000,-1,18,17,13,0,48,0,0,0,0
172.5221,2,0,8,1,0,0,0,-1,0,0.0000,-1,18,17,13,0,48,0,0,0,0
172.5437,2,0,8,1,0,0,0,-1,0,0.0000,-1,18,17,13,0,48,0,0,0,0
172.5666,2,0,8,1,0,0,0,-1,0,0.0000,-1,18,17,13,0,48,0,0,0,0
172.5852,2,0,8,1,0,0,0,-1,0,0.0000,-1,18,17,13,0,48,0,0,0,0
172.6064,2,0,8,1,0,0,0,-1,0,0.0000,-1,18,17,13,0,48,0,0,0,0
172.6285,2,0,8,1,0,0,0,-1,0,0.0000,-1,18,17,13,0,48,0,0,0,0
172.6667,2,0,8,1,0,0,0,-1,0,0.0000,-1,18,17,13,0,48,0,0,0,0
172.6832,2,0,8,1,0,0,0,-1,0,0.0000,-1,18,17,13,0,48,0,0,0,0
172.6994,2,0,8,1,0,0,0,-1,0,0.0000,-1,18,17,13,0,48,0,0,0,0
172.7146,2,0,8,1,0,0,0,-1,0,0.0000,-1,18,17,13,0,48,0,0,0,0
172.7319,2,0,8,1,0,0,0,-1,0,0.0000,-1,18,17,13,0,48,0,0,0,0
172.7533,2,0,8,1,0,0,0,-1,0,0.0000,-1,18,17,13,0,48,0,0,0,0
172.7766,2,0,8,1,0,0,0,-1,0,0.0000,-1,18,17,13,0,48,0,0,0,0
172.7969,2,0,8,1,0,0,0,-1,0,0.0000,-1,18,17,13,0,48,0,0,0,0
172.816,2,0,8,1,0,0,0,-1,0,0.0000,-1,18,17,13,0,48,0,0,0,0
172.8368,2,0,8,1,0,0,0,-1,0,0.0000,-1,18,17,13,0,48,0,0,0,0
172.8565,2,0,8,1,0,0,0,-1,0,0.0000,-1,18,17,13,0,48,0,0,0,0
172.8754,2,0,8,1,0,0,0,-1,0,0.0000,-1,18,17,13,0,48,0,0,0,0
172.8988,2,0,8,1,0,0,0,-1,0,0.0000,-1,18,17,13,0,48,0,0,0,0
172.9189,2,0,8,1,0,0,0,-1,0,0.0000,-1,18,17,13,0,48,0,0,0,0
172.9393,2,0,8,1,0,0,0,-1,0,0.0000,-1,18,17,13,0,48,0,0,0,0
172.9567,2,0,8,1,0,0,0,-1,0,0.0000,-1,18,17,13,0,48,0,0,0,0
172.979,2,0,8,1,0,0,0,-1,0,0.0000,-1,18,17,13,0,48,0,0,0,0
173.0015,2,0,8,1,0,0,0,-1,0,0.0000,-1,18,17,13,0,48,0,0,0,0
173.0222,2,0,8,1,0,0,0,-1,0,0.0000,-1,18,17,13,0,48,0,0,0,0
173.0436,2,0,8,1,0,0,0,-1,0,0.0000,-1,18,17,13,0,48,0,0,0,0
173.065,2,0,8,1,0,0,0,-1,0,0.0000,-1,18,17,13,0,48,0,0,0,0
173.0832,2,0,8,1,0,0,0,-1,0,0.0000,-1,18,17,13,0,48,0,0,0,0
173.1044,2,0,8,1,0,0,0,-1,0,0.0000,-1,18,17,13,0,48,0,0,0,0
173.1256,2,0,8,1,0,0,0,-1,0,0.0000,-1,18,17,13,0,48,0,0,0,0
173.1465,2,0,8,1,0,0,0,-1,0,0.0000,-1,18,17,13,0,48,0,0,0,0
173.1683,2,0,8,1,0,0,0,-1,0,0.0000,-1,18,17,13,0,48,0,0,0,0
173.1889,2,0,8,1,0,0,0,-1,0,0.0000,-1,18,17,13,0,48,0,0,0,0
173.2113,2,0,8,1,0,0,0,-1,0,0.0000,-1,18,17,13,0,48,0,0,0,0
173.2333,2,0,8,1,0,0,0,-1,0,0.0000,-1,18,17,13,0,48,0,0,0,0
173.255,2,0,8,1,0,0,0,-1,0,0.0000,-1,18,17,13,0,48,0,0,0,0
173.2744,2,0,8,1,0,0,0,-1,0,0.0000,-1,18,17,13,0,48,0,0,0,0
173.2956,2,0,8,1,0,0,0,-1,0,0.0000,-1,18,17,13,0,48,0,0,0,0
173.3153,2,0,8,1,0,0,0,-1,0,0.0000,-1,18,17,13,0,48,0,0,0,0
173.3365,2,0,8,1,0,0,0,-1,0,0.0000,-1,18,17,13,0,48,0,0,0,0
173.3594,2,0,8,1,0,0,0,-1,0,0.0000,-1,18,17,13,0,48,0,0,0,0
173.379,2,0,8,1,0,0,0,-1,0,0.0000,-1,18,17,13,0,48,0,0,0,0
173.4006,2,0,8,1,0,0,0,-1,0,0.0000,-1,18,17,13,0,48,0,0,0,0
173.4251,2,0,8,1,0,0,0,-1,0,0.0000,-1,18,17,13,0,48,0,0,0,0
173.444,2,0,8,1,0,0,1,189,0,0.0000,-1,18,17,13,0,48,0,0,0,0
173.4668,2,0,8,1,0,0,1,189,0,0.0000,-1,18,17,13,0,48,0,0,0,0
173.5072,2,0,8,1,0,0,1,189,0,0.0000,-1,18,17,13,0,48,0,0,0,0
173.5233,2,0,8,1,0,0,1,189,0,0.0000,-1,18,17,13,0,48,0,0,0,0
173.5404,2,0,8,1,0,0,1,189,0,0.0000,-1,18,17,13,0,48,0,0,0,0
173.5593,2,0,8,1,0,0,1,189,0,0.0000,-1,18,17,13,0,48,0,0,0,0
173.5768,2,0,8,1,0,0,1,189,0,0.0000,-1,18,17,13,0,48,0,0,0,0
173.5996,2,0,8,1,0,0,1,189,0,0.0000,-1,18,17,13,0,48,0,0,0,0
173.6209,2,0,8,1,0,0,1,189,0,0.0000,-1,18,17,13,0,48,0,0,0,0
173.6395,2,0,8,1,0,0,1,189,0,0.0000,-1,18,17,13,0,48,0,0,0,0
173.6637,2,0,8,1,0,0,1,189,0,0.0000,-1,18,17,13,0,48,0,0,0,0
173.6837,2,0,8,1,0,0,1,189,0,0.0000,-1,18,17,13,0,48,0,0,0,0
173.7049,2,0,8,1,0,0,1,189,0,0.0000,-1,18,17,13,0,48,0,0,0,0
173.7265,2,0,8,1,0,0,1,189,0,0.0000,-1,18,17,13,0,48,0,0,0,0
173.748,2,0,8,1,0,0,1,189,0,0.0000,-1,18,17,13,0,48,0,0,0,0
173.7688,2,0,8,1,0,0,1,187,0,0.0000,189,18,18,13,0,49,0,0,0,0
173.7922,2,0,8,1,0,0,1,187,0,0.0000,-1,18,18,13,0,49,0,0,0,0
173.814,2,0,8,1,0,0,1,187,0,0.0000,-1,18,18,13,0,49,0,0,0,0
173.8329,2,0,8,1,0,0,1,187,0,0.0000,-1,18,18,13,0,49,0,0,0,0
173.8571,2,0,8,1,0,0,1,187,0,0.0000,-1,18,18,13,0,49,0,0,0,0
173.8792,2,0,8,1,0,0,1,187,0,0.0000,-1,18,18,13,0,49,0,0,0,0
173.9001,2,0,8,1,0,0,1,187,0,0.0000,-1,18,18,13,0,49,0,0,0,0
173.942,2,0,8,1,0,0,1,187,0,0.0000,-1,18,18,13,0,49,0,0,0,0
173.9612,2,0,8,1,0,0,0,-1,0,0.0000,187,18,19,13,0,50,0,0,0,0
173.9797,2,0,8,1,0,0,0,-1,0,0.0000,-1,18,19,13,0,50,0,0,0,0
173.9931,2,0,8,1,0,0,0,-1,0,0.0000,-1,18,19,13,0,50,0,0,0,0
174.0127,2,0,8,1,0,0,0,-1,0,0.0000,-1,18,19,13,0,50,0,0,0,0
174.036,2,0,8,1,0,0,0,-1,0,0.0000,-1,18,19,13,0,50,0,0,0,0
174.0551,2,0,8,1,0,0,0,-1,0,0.0000,-1,18,19,13,0,50,0,0,0,0
174.0804,2,0,8,1,0,0,0,-1,0,0.0000,-1,18,19,13,0,50,0,0,0,0
174.1006,2,0,8,1,0,0,0,-1,0,0.0000,-1,18,19,13,0,50,0,0,0,0
174.1236,2,0,8,1,0,0,0,-1,0,0.0000,-1,18,19,13,0,50,0,0,0,0
174.1467,2,0,8,1,0,0,0,-1,0,0.0000,-1,18,19,13,0,50,0,0,0,0
174.1668,2,0,8,1,0,0,0,-1,0,0.0000,-1,18,19,13,0,50,0,0,0,0
174.1886,2,0,8,1,0,0,0,-1,0,0.0000,-1,18,19,13,0,50,0,0,0,0
174.2111,2,0,8,1,0,0,0,-1,0,0.0000,-1,18,19,13,0,50,0,0,0,0
174.2324,2,0,8,0,0,0,0,-1,0,0.0000,-1,18,19,13,0,50,0,0,0,0
174.2538,2,0,8,0,0,0,0,-1,0,0.0000,-1,18,19,13,0,50,0,0,0,0
174.2746,2,0,8,0,0,0,0,-1,0,0.0000,-1,18,19,13,0,50,0,0,0,0
174.2953,2,0,8,0,0,0,0,-1,0,0.0000,-1,18,19,13,0,50,0,0,0,0
174.316,2,0,8,0,0,0,0,-1,0,0.0000,-1,18,19,13,0,50,0,0,0,0
174.3576,2,0,8,0,0,0,0,-1,0,0.0000,-1,18,19,13,0,50,0,0,0,0
174.3772,2,0,8,0,0,0,0,-1,0,0.0000,-1,18,19,13,0,50,0,0,0,0
174.3972,2,0,8,0,0,0,0,-1,0,0.0000,-1,18,19,13,0,50,0,0,0,0
174.4124,2,0,8,0,0,0,0,-1,0,0.0000,-1,18,19,13,0,50,0,0,0,0
174.4269,2,0,8,0,0,0,0,-1,0,0.0000,-1,18,19,13,0,50,0,0,0,0
174.4492,2,0,8,0,0,0,0,-1,0,0.0000,-1,18,19,13,0,50,0,0,0,0
174.4689,2,0,8,0,0,0,0,-1,0,0.0000,-1,18,19,13,0,50,0,0,0,0
174.4923,2,0,8,0,0,0,0,-1,0,0.0000,-1,18,19,13,0,50,0,0,0,0
174.5133,2,0,8,0,1,0,0,-1,0,0.0000,-1,18,19,13,0,50,0,0,0,0
174.5342,2,0,8,0,1,0,0,-1,0,0.0000,-1,18,19,13,0,50,0,0,0,0
174.5758,2,0,8,0,1,0,0,-1,0,0.0000,-1,18,19,13,0,50,0,0,0,0
174.5921,2,0,8,0,1,0,0,-1,0,0.0000,-1,18,19,13,0,50,0,0,0,0
174.6094,2,0,8,0,1,0,0,-1,1,1.0000,-1,18,19,13,0,50,0,0,0,0
174.6267,2,0,8,0,1,0,0,-1,0,1.0000,-1,18,19,13,0,50,0,0,0,0
174.6431,2,0,8,0,1,0,0,-1,0,1.0000,-1,18,19,13,0,50,0,0,0,0
174.6656,2,0,8,0,1,0,0,-1,0,1.0000,-1,18,19,13,0,50,0,0,0,0
174.6878,2,0,8,0,1,0,0,-1,0,1.0000,-1,18,19,13,0,50,0,0,0,0
174.7103,2,0,8,0,1,0,0,-1,0,1.0000,-1,18,19,13,0,50,0,0,0,0
174.7324,2,0,8,0,1,0,0,-1,0,1.0000,-1,18,19,13,0,50,0,0,0,0
174.7515,2,0,8,0,1,0,0,-1,0,1.0000,-1,18,19,13,0,50,0,0,0,0
174.7748,2,0,8,0,1,0,0,-1,0,1.0000,-1,18,19,13,0,50,0,0,0,0
174.7955,2,0,8,0,1,0,0,-1,0,1.0000,-1,18,19,13,0,50,0,0,0,0
174.8172,2,0,8,0,1,0,0,-1,0,1.0000,-1,18,19,13,0,50,0,0,0,0
174.8397,2,0,8,0,1,0,0,-1,0,1.0000,-1,18,19,13,0,50,0,0,0,0
174.8581,2,0,8,0,1,0,0,-1,0,1.0000,-1,18,19,13,0,50,0,0,0,0
174.8807,2,0,8,0,1,0,0,-1,0,1.0000,-1,18,19,13,0,50,0,0,0,0
174.9024,2,0,8,0,1,0,0,-1,0,1.0000,-1,18,19,13,0,50,0,0,0,0
174.9231,2,0,8,0,1,0,0,-1,0,1.0000,-1,18,19,13,0,50,0,0,0,0
174.9448,2,0,8,0,1,0,0,-1,0,1.0000,-1,18,19,13,0,50,0,0,0,0
174.9669,2,0,8,0,1,0,0,-1,0,1.0000,-1,18,19,13,0,50,0,0,0,0
175.0087,2,0,8,0,1,0,0,-1,0,1.0000,-1,18,19,13,0,50,0,0,0,0
175.0266,2,0,8,0,1,0,0,-1,0,1.0000,-1,18,19,13,0,50,0,0,0,0
175.0409,2,0,8,0,1,0,0,-1,0,1.0000,-1,18,19,13,0,50,0,0,0,0
175.0554,2,0,8,0,1,0,0,-1,0,1.0000,-1,18,19,13,0,50,0,0,0,0
175.0794,2,0,8,0,0,0,0,-1,0,1.0000,-1,18,19,13,0,50,0,0,0,0
175.101,2,0,8,0,0,0,0,-1,0,1.0000,-1,18,19,13,0,50,0,0,0,0
175.1229,2,0,8,0,0,0,1,192,0,1.0000,-1,18,19,13,0,50,0,0,0,0
175.1437,2,0,8,0,0,0,1,192,0,1.0000,-1,18,19,13,0,50,0,0,0,0
175.163,2,0,8,0,0,0,1,192,0,1.0000,-1,18,19,13,0,50,0,0,0,0
175.1843,2,0,8,0,0,0,1,191,0,1.0000,-1,18,19,13,0,50,0,0,0,0
175.2248,2,0,8,0,0,0,1,191,0,1.0000,-1,18,19,13,0,50,0,0,0,0
175.2424,2,0,8,0,0,0,1,191,0,1.0000,-1,18,19,13,0,50,0,0,0,0
175.2591,2,0,8,0,0,0,1,191,0,1.0000,-1,18,19,13,0,50,0,0,0,0
175.2755,2,0,8,0,0,0,1,191,0,1.0000,-1,18,19,13,0,50,0,0,0,0
175.2954,2,0,8,0,0,0,1,191,0,1.0000,-1,18,19,13,0,50,0,0,0,0
175.3162,2,0,8,0,0,0,1,191,0,1.0000,-1,18,19,13,0,50,0,0,0,0
175.34,2,0,8,0,0,0,1,191,0,1.0000,-1,18,19,13,0,50,0,0,0,0
175.3615,2,0,8,0,0,0,1,191,0,1.0000,-1,18,19,13,0,50,0,0,0,0
175.3823,2,0,8,0,0,0,1,191,0,1.0000,-1,18,19,13,0,50,0,0,0,0
175.4029,2,0,8,0,0,0,1,191,0,1.0000,-1,18,19,13,0,50,0,0,0,0
175.4243,2,0,8,0,0,0,1,191,0,1.0000,-1,18,19,13,0,50,0,0,0,0
175.4472,2,0,8,0,0,0,1,191,0,1.0000,-1,18,19,13,0,50,0,0,0,0
175.4683,2,0,8,0,0,0,1,191,0,1.0000,-1,18,19,13,0,50,0,0,0,0
175.4883,2,0,8,0,0,0,1,191,0,1.0000,-1,18,19,13,0,50,0,0,0,0
175.5112,2,0,8,0,0,0,0,-1,0,1.0000,191,18,20,13,0,51,0,0,0,0
175.5313,2,0,8,0,0,0,0,-1,0,1.0000,-1,18,20,13,0,51,0,0,0,0
175.5541,2,0,8,0,0,0,0,-1,0,1.0000,-1,18,20,13,0,51,0,0,0,0
175.5736,2,0,8,0,0,0,0,-1,0,1.0000,-1,18,20,13,0,51,0,0,0,0
175.5963,2,0,8,0,0,0,0,-1,0,1.0000,-1,18,20,13,0,51,0,0,0,0
175.6173,2,0,8,0,0,0,0,-1,0,0.0000,-1,18,20,13,0,51,0,0,0,0
175.6583,2,0,8,0,0,0,0,-1,0,0.0000,-1,18,20,13,0,51,0,0,0,0
175.677,2,0,8,0,0,0,0,-1,0,0.0000,-1,18,20,13,0,51,0,0,0,0
175.6945,2,0,8,0,0,0,0,-1,0,0.0000,-1,18,20,13,0,51,0,0,0,0
175.7116,2,0,8,0,0,0,0,-1,0,0.0000,-1,18,20,13,0,51,0,0,0,0
175.7277,2,0,8,0,0,0,0,-1,0,0.0000,-1,18,20,13,0,51,0,0,0,0
175.75,2,0,8,0,0,0,0,-1,0,0.0000,-1,18,20,13,0,51,0,0,0,0
175.7725,2,0,8,0,0,0,0,-1,0,0.0000,-1,18,20,13,0,51,0,0,0,0
175.7918,2,0,8,0,0,0,0,-1,0,0.0000,-1,18,20,13,0,51,0,0,0,0
175.8146,2,0,8,0,0,0,0,-1,0,0.0000,-1,18,20,13,0,51,0,0,0,0
175.8359,2,0,8,0,0,0,0,-1,0,0.0000,-1,18,20,13,0,51,0,0,0,0
175.8553,2,0,8,0,0,0,0,-1,0,0.0000,-1,18,20,13,0,51,0,0,0,0
175.8792,2,0,8,0,0,0,0,-1,0,0.0000,-1,18,20,13,0,51,0,0,0,0
175.8999,2,0,8,0,0,0,0,-1,0,0.0000,-1,18,20,13,0,51,0,0,0,0
175.9191,2,0,8,0,0,0,0,-1,0,0.0000,-1,18,20,13,0,51,0,0,0,0
175.9419,2,0,8,0,0,0,0,-1,0,0.0000,-1,18,20,13,0,51,0,0,0,0
175.9618,2,0,8,0,0,0,0,-1,0,0.0000,-1,18,20,13,0,51,0,0,0,0
175.9824,2,0,8,0,0,0,0,-1,0,0.0000,-1,18,20,13,0,51,0,0,0,0
176.002,2,0,8,0,0,0,0,-1,0,0.0000,-1,18,20,13,0,51,0,0,0,0
176.0238,2,0,8,0,0,0,0,-1,0,0.0000,-1,18,20,13,0,51,0,0,0,0
176.0455,2,0,8,0,0,0,0,-1,0,0.0000,-1,18,20,13,0,51,0,0,0,0
176.0664,2,0,8,0,0,0,0,-1,0,0.0000,-1,18,20,13,0,51,0,0,0,0
176.0878,2,0,8,0,0,0,0,-1,0,0.0000,-1,18,20,13,0,51,0,0,0,0
176.1114,2,0,8,0,0,0,0,-1,0,0.0000,-1,18,20,13,0,51,0,0,0,0
176.1294,2,0,8,0,0,0,0,-1,0,0.0000,-1,18,20,13,0,51,0,0,0,0
176.1519,2,0,8,0,0,0,0,-1,0,0.0000,-1,18,20,13,0,51,0,0,0,0
176.1712,2,0,8,0,0,0,0,-1,0,0.0000,-1,18,20,13,0,51,0,0,0,0
176.1922,2,0,8,0,0,0,0,-1,0,0.0000,-1,18,20,13,0,51,0,0,0,0
176.213,2,0,8,0,0,0,0,-1,0,0.0000,-1,18,20,13,0,51,0,0,0,0
176.2336,2,0,8,0,0,0,0,-1,0,0.0000,-1,18,20,13,0,51,0,0,0,0
176.255,2,0,8,0,0,0,0,-1,0,0.0000,-1,18,20,13,0,51,0,0,0,0
176.297,2,0,8,0,0,0,0,-1,0,0.0000,-1,18,20,13,0,51,0,0,0,0
176.3123,2,0,8,0,0,0,0,-1,0,0.0000,-1,18,20,13,0,51,0,0,0,0
176.3306,2,0,8,0,0,0,0,-1,0,0.0000,-1,18,20,13,0,51,0,0,0,0
176.3459,2,0,8,0,0,0,0,-1,0,0.0000,-1,18,20,13,0,51,0,0,0,0
176.3649,2,0,8,0,0,0,0,-1,0,0.0000,-1,18,20,13,0,51,0,0,0,0
176.3904,2,0,8,0,0,0,0,-1,0,0.0000,-1,18,20,13,0,51,0,0,0,0
176.4114,2,0,8,0,0,0,0,-1,0,0.0000,-1,18,20,13,0,51,0,0,0,0
176.4289,2,0,8,0,0,0,0,-1,0,0.0000,-1,18,20,13,0,51,0,0,0,0
176.4507,2,0,8,0,0,0,0,-1,0,0.0000,-1,18,20,13,0,51,0,0,0,0
176.4714,2,0,8,0,0,0,0,-1,0,0.0000,-1,18,20,13,0,51,0,0,0,0
176.5123,2,0,8,0,0,0,0,-1,0,0.0000,-1,18,20,13,0,51,0,0,0,0
176.5331,2,0,8,0,0,0,0,-1,0,0.0000,-1,18,20,13,0,51,0,0,0,0
176.5508,2,0,8,0,0,0,0,-1,0,0.0000,-1,18,20,13,0,51,0,0,0,0
176.5663,2,0,8,0,0,0,0,-1,0,0.0000,-1,18,20,13,0,51,0,0,0,0
176.5811,2,0,8,0,0,0,0,-1,0,0.0000,-1,18,20,13,0,51,0,0,0,0
176.6012,2,0,8,0,0,0,0,-1,0,0.0000,-1,18,20,13,0,51,0,0,0,0
176.6232,2,0,8,0,0,0,0,-1,0,0.0000,-1,18,20,13,0,51,0,0,0,0
176.6445,2,0,8,0,0,0,0,-1,0,0.0000,-1,18,20,13,0,51,0,0,0,0
176.6654,2,0,8,0,0,0,0,-1,0,0.0000,-1,18,20,13,0,51,0,0,0,0
176.6846,2,0,8,0,0,0,0,-1,0,0.0000,-1,18,20,13,0,51,0,0,0,0
176.7059,2,0,8,0,0,0,0,-1,0,0.0000,-1,18,20,13,0,51,0,0,0,0
176.7267,2,0,8,0,0,0,0,-1,0,0.0000,-1,18,20,13,0,51,0,0,0,0
176.7496,2,0,8,0,0,0,0,-1,0,0.0000,-1,18,20,13,0,51,0,0,0,0
176.7686,2,0,8,0,0,0,0,-1,0,0.0000,-1,18,20,13,0,51,0,0,0,0
176.7894,2,0,8,0,0,0,0,-1,0,0.0000,-1,18,20,13,0,51,0,0,0,0
176.8108,2,0,8,0,0,0,0,-1,0,0.0000,-1,18,20,13,0,51,0,0,0,0
176.833,2,0,8,0,0,0,0,-1,0,0.0000,-1,18,20,13,0,51,0,0,0,0
176.8536,2,0,8,0,0,0,0,-1,0,0.0000,-1,18,20,13,0,51,0,0,0,0
176.8746,2,0,8,0,0,0,0,-1,0,0.0000,-1,18,20,13,0,51,0,0,0,0
176.8937,2,0,8,0,0,0,0,-1,0,0.0000,-1,18,20,13,0,51,0,0,0,0
176.9145,2,0,8,0,0,0,0,-1,0,0.0000,-1,18,20,13,0,51,0,0,0,0
176.9355,2,0,8,0,0,0,0,-1,0,0.0000,-1,18,20,13,0,51,0,0,0,0
176.9565,2,0,8,0,0,0,0,-1,0,0.0000,-1,18,20,13,0,51,0,0,0,0
176.9777,2,0,8,0,0,0,0,-1,0,0.0000,-1,18,20,13,0,51,0,0,0,0
176.9997,2,0,8,0,0,0,0,-1,0,0.0000,-1,18,20,13,0,51,0,0,0,0
177.0208,2,0,8,0,0,0,0,-1,0,0.0000,-1,18,20,13,0,51,0,0,0,0
177.0425,2,0,8,0,0,0,0,-1,0,0.0000,-1,18,20,13,0,51,0,0,0,0
177.0604,2,0,8,0,0,0,0,-1,0,0.0000,-1,18,20,13,0,51,0,0,0,0
177.0825,2,0,8,0,0,0,0,-1,1,1.0000,-1,18,20,13,0,51,0,0,0,0
177.1035,2,0,8,0,0,0,0,-1,0,1.0000,-1,18,20,13,0,51,0,0,0,0
177.1244,2,0,8,0,0,0,0,-1,0,1.0000,-1,18,20,13,0,51,0,0,0,0
177.146,2,0,8,0,0,0,0,-1,0,1.0000,-1,18,20,13,0,51,0,0,0,0
177.167,2,0,8,0,0,0,0,-1,0,1.0000,-1,18,20,13,0,51,0,0,0,0
177.1879,2,0,8,0,0,0,0,-1,0,1.0000,-1,18,20,13,0,51,0,0,0,0
177.2112,2,0,8,0,0,0,0,-1,0,1.0000,-1,18,20,13,0,51,0,0,0,0
177.2292,2,0,8,0,0,0,0,-1,0,1.0000,-1,18,20,13,0,51,0,0,0,0
177.2504,2,0,8,0,0,0,0,-1,0,1.0000,-1,18,20,13,0,51,0,0,0,0
177.2733,2,0,8,0,0,0,0,-1,0,1.0000,-1,18,20,13,0,51,0,0,0,0
177.2928,2,0,8,0,0,0,0,-1,0,1.0000,-1,18,20,13,0,51,0,0,0,0
177.3144,2,0,8,0,0,0,0,-1,0,1.0000,-1,18,20,13,0,51,0,0,0,0
177.3363,2,0,8,0,0,0,0,-1,0,1.0000,-1,18,20,13,0,51,0,0,0,0
177.3573,2,0,8,0,0,0,0,-1,0,1.0000,-1,18,20,13,0,51,0,0,0,0
177.3791,2,0,8,0,0,0,0,-1,0,1.0000,-1,18,20,13,0,51,0,0,0,0
177.4015,2,0,8,0,0,0,0,-1,0,1.0000,-1,18,20,13,0,51,0,0,0,0
177.4222,2,0,8,0,0,0,0,-1,0,1.0000,-1,18,20,13,0,51,0,0,0,0
177.4447,2,0,8,0,0,0,0,-1,0,1.0000,-1,18,20,13,0,51,0,0,0,0
177.4673,2,0,8,0,0,0,0,-1,0,1.0000,-1,18,20,13,0,51,0,0,0,0
177.4872,2,0,8,1,0,0,0,-1,0,1.0000,-1,18,20,13,0,51,0,0,0,0
177.5086,2,0,8,1,0,0,0,-1,0,1.0000,-1,18,20,13,0,51,0,0,0,0
177.5284,2,0,8,1,0,0,0,-1,0,1.0000,-1,18,20,13,0,51,0,0,0,0
177.5701,2,0,8,1,0,0,0,-1,0,1.0000,-1,18,20,13,0,51,0,0,0,0
177.5871,2,0,8,1,0,0,0,-1,0,1.0000,-1,18,20,13,0,51,0,0,0,0
177.6027,2,0,8,1,0,0,0,-1,0,1.0000,-1,18,20,13,0,51,0,0,0,0
177.619,2,0,8,1,0,0,0,-1,0,1.0000,-1,18,20,13,0,51,0,0,0,0
177.6397,2,0,8,1,0,0,0,-1,0,1.0000,-1,18,20,13,0,51,0,0,0,0
177.6631,2,0,8,1,0,0,0,-1,0,1.0000,-1,18,20,13,0,51,0,0,0,0
177.6813,2,0,8,1,0,0,0,-1,0,1.0000,-1,18,20,13,0,51,0,0,0,0
177.7037,2,0,8,1,0,0,0,-1,0,1.0000,-1,18,20,13,0,51,0,0,0,0
177.7258,2,0,8,0,0,0,0,-1,0,1.0000,-1,18,20,13,0,51,0,0,0,0
177.7448,2,0,8,0,0,0,0,-1,0,1.0000,-1,18,20,13,0,51,0,0,0,0
177.7895,2,0,8,0,0,0,0,-1,0,1.0000,-1,18,20,13,0,51,0,0,0,0
177.8055,2,0,8,0,0,0,0,-1,0,1.0000,-1,18,20,13,0,51,0,0,0,0
177.8214,2,0,8,0,0,0,0,-1,0,1.0000,-1,18,20,13,0,51,0,0,0,0
177.8379,2,0,8,0,0,0,0,-1,0,1.0000,-1,18,20,13,0,51,0,0,0,0
177.8559,2,0,8,0,0,0,0,-1,0,1.0000,-1,18,20,13,0,51,0,0,0,0
177.8785,2,0,8,0,0,0,0,-1,0,1.0000,-1,18,20,13,0,51,0,0,0,0
177.901,2,0,8,0,0,0,0,-1,0,1.0000,-1,18,20,13,0,51,0,0,0,0
177.9219,2,0,8,0,0,0,0,-1,0,1.0000,-1,18,20,13,0,51,0,0,0,0
177.9463,2,0,8,0,0,0,0,-1,0,1.0000,-1,18,20,13,0,51,0,0,0,0
177.9666,2,0,8,0,0,0,0,-1,0,1.0000,-1,18,20,13,0,51,0,0,0,0
177.9887,2,0,8,0,0,0,0,-1,0,1.0000,-1,18,20,13,0,51,0,0,0,0
178.0076,2,0,8,0,0,0,0,-1,0,1.0000,-1,18,20,13,0,51,0,0,0,0
178.0308,2,0,8,0,0,0,0,-1,0,1.0000,-1,18,20,13,0,51,0,0,0,0
178.0522,2,0,8,0,0,0,0,-1,0,1.0000,-1,18,20,13,0,51,0,0,0,0
178.073,2,0,8,0,0,0,0,-1,0,1.0000,-1,18,20,13,0,51,0,0,0,0
178.0947,2,0,8,0,0,0,0,-1,0,0.0000,-1,18,20,13,0,51,0,0,0,0
178.1174,2,0,8,0,0,0,0,-1,0,0.0000,-1,18,20,13,0,51,0,0,0,0
178.1376,2,0,8,0,0,0,0,-1,0,0.0000,-1,18,20,13,0,51,0,0,0,0
178.1599,2,0,8,0,0,0,0,-1,0,0.0000,-1,18,20,13,0,51,0,0,0,0
178.1816,2,0,8,0,0,0,0,-1,0,0.0000,-1,18,20,13,0,51,0,0,0,0
178.2031,2,0,8,0,0,0,0,-1,0,0.0000,-1,18,20,13,0,51,0,0,0,0
178.2231,2,0,8,0,0,0,0,-1,0,0.0000,-1,18,20,13,0,51,0,0,0,0
178.2448,2,0,8,0,1,0,0,-1,0,0.0000,-1,18,20,13,0,51,0,0,0,0
178.2662,2,0,8,0,1,0,0,-1,0,0.0000,-1,18,20,13,0,51,0,0,0,0
178.2901,2,0,8,0,1,0,0,-1,0,0.0000,-1,18,20,13,0,51,0,0,0,0
178.3123,2,0,8,0,1,0,0,-1,0,0.0000,-1,18,20,13,0,51,0,0,0,0
178.3363,2,0,8,0,1,0,0,-1,0,0.0000,-1,18,20,13,0,51,0,0,0,0
178.3557,2,0,8,0,1,0,0,-1,0,0.0000,-1,18,20,13,0,51,0,0,0,0
178.3768,2,0,8,0,1,0,0,-1,0,0.0000,-1,18,20,13,0,51,0,0,0,0
178.3991,2,0,8,0,1,0,0,-1,0,0.0000,-1,18,20,13,0,51,0,0,0,0
178.4211,2,0,8,0,1,0,0,-1,0,0.0000,-1,18,20,13,0,51,0,0,0,0
178.4446,2,0,8,0,1,0,0,-1,0,0.0000,-1,18,20,13,0,51,0,0,0,0
178.468,2,0,8,0,1,0,0,-1,0,0.0000,-1,18,20,13,0,51,0,0,0,0
178.4888,2,0,8,0,1,0,0,-1,0,0.0000,-1,18,20,13,0,51,0,0,0,0
178.5102,2,0,8,0,1,0,0,-1,0,0.0000,-1,18,20,13,0,51,0,0,0,0
178.5338,2,0,8,0,1,0,0,-1,0,0.0000,-1,18,20,13,0,51,0,0,0,0
178.5546,2,0,8,0,1,0,0,-1,0,0.0000,-1,18,20,13,0,51,0,0,0,0
178.5751,2,0,8,0,1,0,0,-1,0,0.0000,-1,18,20,13,0,51,0,0,0,0
178.5952,2,0,8,0,1,0,0,-1,0,0.0000,-1,18,20,13,0,51,0,0,0,0
178.6153,2,0,8,0,1,0,0,-1,0,0.0000,-1,18,20,13,0,51,0,0,0,0
178.6372,2,0,8,0,1,0,0,-1,0,0.0000,-1,18,20,13,0,51,0,0,0,0
178.6592,2,0,8,0,1,0,0,-1,0,0.0000,-1,18,20,13,0,51,0,0,0,0
178.6804,2,0,8,0,1,0,0,-1,0,0.0000,-1,18,20,13,0,51,0,0,0,0
178.7018,2,0,8,0,1,0,0,-1,0,0.0000,-1,18,20,13,0,51,0,0,0,0
178.7247,2,0,8,0,1,0,0,-1,0,0.0000,-1,18,20,13,0,51,0,0,0,0
178.7447,2,0,8,0,1,0,0,-1,0,0.0000,-1,18,20,13,0,51,0,0,0,0
178.7677,2,0,8,0,1,0,0,-1,0,0.0000,-1,18,20,13,0,51,0,0,0,0
178.79,2,0,8,0,1,0,0,-1,0,0.0000,-1,18,20,13,0,51,0,0,0,0
178.8114,2,0,8,0,0,0,0,-1,0,0.0000,-1,18,20,13,0,51,0,0,0,0
178.8346,2,0,8,0,0,0,0,-1,0,0.0000,-1,18,20,13,0,51,0,0,0,0
178.8546,2,0,8,0,0,0,0,-1,0,0.0000,-1,18,20,13,0,51,0,0,0,0
178.8741,2,0,8,0,0,0,0,-1,1,1.0000,-1,18,20,13,0,51,0,0,0,0
178.8957,2,0,8,0,0,0,0,-1,0,1.0000,-1,18,20,13,0,51,0,0,0,0
178.9178,2,0,8,0,0,0,0,-1,0,1.0000,-1,18,20,13,0,51,0,0,0,0
178.9395,2,0,8,0,0,0,0,-1,0,1.0000,-1,18,20,13,0,51,0,0,0,0
178.962,2,0,8,0,0,0,0,-1,0,1.0000,-1,18,20,13,0,51,0,0,0,0
178.9836,2,0,8,0,0,0,0,-1,0,1.0000,-1,18,20,13,0,51,0,0,0,0
179.0063,2,0,8,0,0,0,1,199,0,1.0000,-1,18,20,13,0,51,0,0,0,0
179.0261,2,0,8,0,0,0,1,199,0,1.0000,-1,18,20,13,0,51,0,0,0,0
179.0698,2,0,8,0,0,0,1,199,0,1.0000,-1,18,20,13,0,51,0,0,0,0
179.0859,2,0,8,0,0,0,1,199,0,1.0000,-1,18,20,13,0,51,0,0,0,0
179.1021,2,0,8,0,0,0,1,199,0,1.0000,-1,18,20,13,0,51,0,0,0,0
179.1211,2,0,8,0,0,0,1,199,0,1.0000,-1,18,20,13,0,51,0,0,0,0
179.1429,2,0,8,0,0,0,1,199,0,1.0000,-1,18,20,13,0,51,0,0,0,0
179.1646,2,0,8,0,0,0,1,199,0,1.0000,-1,18,20,13,0,51,0,0,0,0
179.1827,2,0,8,0,0,0,1,199,0,1.0000,-1,18,20,13,0,51,0,0,0,0
179.2049,2,0,8,0,0,0,1,199,0,1.0000,-1,18,20,13,0,51,0,0,0,0
179.2274,2,0,8,0,0,0,1,199,0,1.0000,-1,18,20,13,0,51,0,0,0,0
179.2677,2,0,8,0,0,0,1,199,0,1.0000,-1,18,20,13,0,51,0,0,0,0
179.2804,2,0,8,0,0,0,1,199,0,1.0000,-1,18,20,13,0,51,0,0,0,0
179.2952,2,0,8,0,0,0,1,199,0,1.0000,-1,18,20,13,0,51,0,0,0,0
179.3202,2,0,8,0,0,0,1,199,0,1.0000,-1,18,20,13,0,51,0,0,0,0
179.3402,2,0,8,0,0,0,1,199,0,1.0000,-1,18,20,13,0,51,0,0,0,0
179.3618,2,0,8,0,0,0,1,199,0,1.0000,-1,18,20,13,0,51,0,0,0,0
179.3802,2,0,8,0,0,0,1,199,0,1.0000,-1,18,20,13,0,51,0,0,0,0
179.4003,2,0,8,0,0,0,1,199,0,1.0000,-1,18,20,13,0,51,0,0,0,0
179.4225,2,0,8,0,0,0,1,199,0,1.0000,-1,18,20,13,0,51,0,0,0,0
179.4433,2,0,8,0,0,0,1,199,0,1.0000,-1,18,20,13,0,51,0,0,0,0
179.4839,2,0,8,0,0,0,1,199,0,1.0000,-1,18,20,13,0,51,0,0,0,0
179.4991,2,0,8,0,0,0,1,199,0,1.0000,-1,18,20,13,0,51,0,0,0,0
179.5152,2,0,8,0,0,0,1,199,0,1.0000,-1,18,20,13,0,51,0,0,0,0
179.5313,2,0,8,0,0,0,1,199,0,1.0000,-1,18,20,13,0,51,0,0,0,0
179.5542,2,0,8,0,0,0,1,199,0,1.0000,-1,18,20,13,0,51,0,0,0,0
179.5732,2,0,8,0,0,0,1,199,0,1.0000,-1,18,20,13,0,51,0,0,0,0
179.5966,2,0,8,0,0,0,1,199,0,1.0000,-1,18,20,13,0,51,0,0,0,0
179.6162,2,0,8,0,0,0,1,199,0,1.0000,-1,18,20,13,0,51,0,0,0,0
179.6345,2,0,8,0,0,0,0,-1,0,1.0000,199,18,21,13,0,52,0,0,0,0
179.6558,2,0,8,0,0,0,0,-1,0,1.0000,-1,18,21,13,0,52,0,0,0,0
179.6973,2,0,8,0,0,0,0,-1,0,1.0000,-1,18,21,13,0,52,0,0,0,0
179.7156,2,0,8,0,0,0,0,-1,0,1.0000,-1,18,21,13,0,52,0,0,0,0
179.7308,2,0,8,0,0,0,0,-1,0,1.0000,-1,18,21,13,0,52,0,0,0,0
179.7452,2,0,8,0,0,0,0,-1,0,1.0000,-1,18,21,13,0,52,0,0,0,0
179.7663,2,0,8,0,0,0,0,-1,0,1.0000,-1,18,21,13,0,52,0,0,0,0
179.7887,2,0,8,0,0,0,0,-1,0,1.0000,-1,18,21,13,0,52,0,0,0,0
179.8101,2,0,8,0,0,0,0,-1,0,1.0000,-1,18,21,13,0,52,0,0,0,0
179.832,2,0,8,0,0,0,0,-1,0,1.0000,-1,18,21,13,0,52,0,0,0,0
179.8532,2,0,8,0,0,0,0,-1,0,1.0000,-1,18,21,13,0,52,0,0,0,0
179.8727,2,0,8,0,0,0,0,-1,0,1.0000,-1,18,21,13,0,52,0,0,0,0
179.9113,2,0,8,0,0,0,1,204,0,0.0000,-1,18,21,13,0,52,0,0,0,0
179.9302,2,0,8,0,0,0,1,204,0,0.0000,-1,18,21,13,0,52,0,0,0,0
179.9489,2,0,8,0,0,0,1,204,0,0.0000,-1,18,21,13,0,52,0,0,0,0
179.9659,2,0,8,0,0,0,1,204,0,0.0000,-1,18,21,13,0,52,0,0,0,0
179.9834,2,0,8,0,0,0,1,204,0,0.0000,-1,18,21,13,0,52,0,0,0,0
180.0007,2,0,8,0,0,0,1,204,0,0.0000,-1,18,21,13,0,52,0,0,0,0
180.0209,2,0,8,0,0,0,1,204,0,0.0000,-1,18,21,13,0,52,0,0,0,0
180.0412,2,0,8,0,0,0,1,204,0,0.0000,-1,18,21,13,0,52,0,0,0,0
180.0649,2,0,8,0,0,0,1,204,0,0.0000,-1,18,21,13,0,52,0,0,0,0
180.0844,2,0,8,0,0,0,1,204,1,1.0000,-1,18,21,13,0,52,0,0,0,0
180.102,2,0,8,0,0,0,1,204,0,1.0000,-1,18,21,13,0,52,0,0,0,0
180.1242,2,0,8,0,0,0,1,204,0,1.0000,-1,18,21,13,0,52,0,0,0,0
180.1451,2,0,8,0,0,0,1,204,0,1.0000,-1,18,21,13,0,52,0,0,0,0
180.1668,2,0,8,0,0,0,1,204,0,1.0000,-1,18,21,13,0,52,0,0,0,0
180.1897,2,0,8,0,0,0,1,204,0,1.0000,-1,18,21,13,0,52,0,0,0,0
180.2091,2,0,8,0,0,0,1,204,0,1.0000,-1,18,21,13,0,52,0,0,0,0
180.2316,2,0,8,0,0,0,1,204,0,1.0000,-1,18,21,13,0,52,0,0,0,0
180.2527,2,0,8,0,0,0,1,204,0,1.0000,-1,18,21,13,0,52,0,0,0,0
180.273,2,0,8,0,0,0,1,204,0,1.0000,-1,18,21,13,0,52,0,0,0,0
180.2908,2,0,8,0,0,0,1,204,0,1.0000,-1,18,21,13,0,52,0,0,0,0
180.3145,2,0,8,0,0,0,1,204,0,1.0000,-1,18,21,13,0,52,0,0,0,0
180.3337,2,0,8,0,0,0,1,204,0,1.0000,-1,18,21,13,0,52,0,0,0,0
180.3553,2,0,8,0,0,0,1,204,0,1.0000,-1,18,21,13,0,52,0,0,0,0
180.3766,2,0,8,0,0,0,1,204,0,1.0000,-1,18,21,13,0,52,0,0,0,0
180.3961,2,0,8,0,0,0,1,204,0,1.0000,-1,18,21,13,0,52,0,0,0,0
180.418,2,0,8,0,0,0,1,204,0,1.0000,-1,18,21,13,0,52,0,0,0,0
180.4379,2,0,8,0,0,0,1,204,0,1.0000,-1,18,21,13,0,52,0,0,0,0
180.4571,2,0,8,0,0,0,1,204,0,1.0000,-1,18,21,13,0,52,0,0,0,0
180.4914,2,0,8,0,0,0,1,204,1,2.0000,-1,18,21,13,0,52,0,0,0,0
180.6113,2,0,8,0,0,0,1,203,0,2.0000,-1,18,21,13,0,52,0,0,0,0
180.7221,2,0,8,0,0,0,1,203,0,2.0000,-1,18,21,13,0,52,0,0,0,0
180.8387,2,0,8,0,0,0,1,203,0,2.0000,-1,18,21,13,0,52,0,0,0,0
181.0655,2,0,8,0,0,0,1,203,0,2.0000,-1,18,21,13,0,52,0,0,0,0
181.1471,2,0,8,0,0,0,1,203,0,1.0000,-1,18,21,13,0,52,0,0,0,0
181.2079,3,1,9,0,0,0,1,202,0,1.0000,203,18,21,14,0,53,0,0,0,0
181.3147,3,0,9,0,0,0,1,202,0,1.0000,-1,18,21,14,0,53,0,0,0,0
181.5633,3,0,9,0,0,0,1,202,0,0.0000,-1,18,21,14,0,53,0,0,0,0
181.6624,3,0,9,0,0,0,0,-1,0,0.0000,202,18,21,15,0,54,0,0,0,0
181.7382,3,0,9,0,0,0,0,-1,0,0.0000,-1,18,21,15,0,54,0,0,0,0
181.818,3,0,9,0,0,0,0,-1,0,0.0000,-1,18,21,15,0,54,0,0,0,0
182.0552,3,0,9,0,0,0,0,-1,0,0.0000,-1,18,21,15,0,54,0,0,0,0
182.1434,3,0,9,0,0,0,0,-1,0,0.0000,-1,18,21,15,0,54,0,0,0,0
182.2245,3,0,9,0,0,0,0,-1,0,0.0000,-1,18,21,15,0,54,0,0,0,0
182.316,3,0,9,0,0,0,0,-1,0,0.0000,-1,18,21,15,0,54,0,0,0,0
182.5517,3,0,9,0,0,0,0,-1,1,1.0000,-1,18,21,15,0,54,0,0,0,0
182.6324,3,0,9,0,0,0,1,206,0,1.0000,-1,18,21,15,0,54,0,0,0,0
182.6962,3,0,9,0,0,0,1,206,0,1.0000,-1,18,21,15,0,54,0,0,0,0
182.8051,3,0,9,0,0,0,1,206,0,1.0000,-1,18,21,15,0,54,0,0,0,0
182.927,3,0,9,0,0,0,1,206,0,1.0000,-1,18,21,15,0,54,0,0,0,0
183.0389,3,0,9,0,0,0,1,206,0,1.0000,-1,18,21,15,0,54,0,0,0,0
183.1526,3,0,9,0,0,0,1,206,0,1.0000,-1,18,21,15,0,54,0,0,0,0
183.2618,3,0,9,0,0,0,1,206,0,1.0000,-1,18,21,15,0,54,0,0,0,0
183.3752,3,0,9,0,0,0,0,-1,0,1.0000,206,18,21,16,0,55,0,0,0,0
183.4981,3,0,9,0,0,0,1,209,0,1.0000,-1,18,21,16,0,55,0,0,0,0
183.7195,3,0,9,0,0,0,1,209,0,0.0000,-1,18,21,16,0,55,0,0,0,0
183.8645,3,0,9,0,0,0,0,-1,1,1.0000,-1,18,21,16,0,55,0,0,0,0
183.9333,3,0,9,0,0,0,0,-1,0,1.0000,-1,18,21,16,0,55,0,0,0,0
184.1212,3,0,9,0,0,0,0,-1,0,1.0000,-1,18,21,16,0,55,0,0,0,0
184.1951,3,0,9,0,0,0,0,-1,0,1.0000,-1,18,21,16,0,55,0,0,0,0
184.3752,3,0,9,0,0,0,0,-1,0,1.0000,-1,18,21,16,0,55,0,0,0,0
184.4509,3,0,9,1,0,0,0,-1,0,1.0000,-1,18,21,16,0,55,0,0,0,0
184.5186,3,0,9,1,0,0,0,-1,1,2.0000,-1,18,21,16,0,55,0,0,0,0
184.6273,3,0,9,1,0,0,0,-1,0,2.0000,-1,18,21,16,0,55,0,0,0,0
184.7446,3,0,9,1,0,0,0,-1,0,2.0000,-1,18,21,16,0,55,0,0,0,0
184.9725,3,0,9,1,0,0,0,-1,0,1.0000,-1,18,21,16,0,55,0,0,0,0
185.0608,3,0,9,0,0,0,0,-1,0,1.0000,-1,18,21,16,0,55,0,0,0,0
185.1523,3,0,9,0,0,0,0,-1,0,1.0000,-1,18,21,16,0,55,0,0,0,0
185.2426,3,0,9,0,0,0,1,211,0,1.0000,-1,18,21,16,0,55,0,0,0,0
185.4736,3,0,9,0,0,0,1,211,0,1.0000,-1,18,21,16,0,55,0,0,0,0
185.6064,3,0,9,0,1,0,1,211,0,0.0000,-1,18,21,16,0,55,0,0,0,0
185.6796,3,0,9,0,1,0,1,211,0,0.0000,-1,18,21,16,0,55,0,0,0,0
185.8678,3,0,9,0,1,0,1,211,1,1.0000,-1,18,21,16,0,55,0,0,0,0
185.9517,3,0,9,0,1,0,0,-1,0,1.0000,211,18,21,17,0,56,0,0,0,0
186.0328,3,0,9,0,1,0,1,215,0,1.0000,-1,18,21,17,0,56,0,0,0,0
186.1179,3,0,9,0,1,0,1,215,0,1.0000,-1,18,21,17,0,56,0,0,0,0
186.2373,3,0,9,0,1,0,1,215,0,1.0000,-1,18,21,17,0,56,0,0,0,0
186.4822,3,0,9,0,1,0,1,215,0,1.0000,-1,18,21,17,0,56,0,0,0,0
186.5819,3,0,9,0,1,0,0,-1,0,1.0000,-1,18,21,17,0,56,0,0,0,0
186.6769,3,0,9,0,0,0,0,-1,0,1.0000,215,18,21,18,0,57,0,0,0,0
186.7527,3,0,9,0,0,0,0,-1,0,1.0000,-1,18,21,18,0,57,0,0,0,0
186.9899,3,0,9,0,0,0,0,-1,0,0.0000,-1,18,21,18,0,57,0,0,0,0
187.124,3,0,9,0,0,0,0,-1,0,0.0000,-1,18,21,18,0,57,0,0,0,0
187.2017,3,0,9,0,0,0,0,-1,0,0.0000,-1,18,21,18,0,57,0,0,0,0
187.3798,3,0,9,0,0,0,0,-1,0,0.0000,-1,18,21,18,0,57,0,0,0,0
187.4593,3,0,9,0,0,0,0,-1,0,0.0000,-1,18,21,18,0,57,0,0,0,0
187.5322,3,0,9,0,0,0,0,-1,0,0.0000,-1,18,21,18,0,57,0,0,0,0
187.6367,3,0,9,0,0,0,0,-1,0,0.0000,-1,18,21,18,0,57,0,0,0,0
187.7551,3,0,9,0,0,0,1,219,1,1.0000,-1,18,21,18,0,57,0,0,0,0
187.8713,3,0,9,0,0,0,1,219,0,1.0000,-1,18,21,18,0,57,0,0,0,0
187.9917,3,0,9,0,0,0,0,-1,0,1.0000,-1,18,21,18,0,57,0,0,0,0
188.1038,3,0,9,1,0,0,0,-1,0,1.0000,-1,18,21,18,0,57,0,0,0,0
188.2186,3,0,9,1,0,0,0,-1,0,1.0000,-1,18,21,18,0,57,0,0,0,0
188.4693,3,0,9,1,0,0,0,-1,1,2.0000,-1,18,21,18,0,57,0,0,0,0
188.5611,3,0,9,1,0,0,0,-1,0,2.0000,-1,18,21,18,0,57,0,0,0,0
188.6428,3,0,9,1,0,0,0,-1,0,2.0000,-1,18,21,18,0,57,0,0,0,0
188.729,3,0,9,1,1,0,0,-1,0,2.0000,-1,18,21,18,0,57,0,0,0,0
188.9671,3,0,9,1,1,0,0,-1,0,1.0000,-1,18,21,18,0,57,0,0,0,0
189.0533,3,0,9,1,1,0,0,-1,0,1.0000,-1,18,21,18,0,57,0,0,0,0
189.1226,3,0,9,1,1,0,0,-1,0,1.0000,-1,18,21,18,0,57,0,0,0,0
189.2168,3,0,9,1,1,0,0,-1,0,1.0000,-1,18,21,18,0,57,0,0,0,0
189.4412,3,0,9,1,1,0,0,-1,1,2.0000,-1,18,21,18,0,57,0,0,0,0
189.5139,3,0,9,1,1,0,0,-1,0,1.0000,-1,18,21,18,0,57,0,0,0,0
189.6101,3,0,9,0,1,0,0,-1,0,1.0000,-1,18,21,18,0,57,0,0,0,0
189.6825,3,0,9,0,1,0,0,-1,0,1.0000,-1,18,21,18,0,57,0,0,0,0
189.913,3,0,9,0,0,0,0,-1,0,1.0000,-1,18,21,18,0,57,0,0,0,0
190.0025,3,0,9,0,0,0,1,222,0,1.0000,221,18,21,19,0,58,0,0,0,0
190.0768,3,0,9,0,0,0,1,222,0,1.0000,-1,18,21,19,0,58,0,0,0,0
190.1581,3,0,9,0,0,0,1,222,0,1.0000,-1,18,21,19,0,58,0,0,0,0
190.3939,3,0,9,0,0,0,1,222,0,1.0000,-1,18,21,19,0,58,0,0,0,0
190.4775,3,0,9,0,0,0,0,-1,0,0.0000,222,18,21,20,0,59,0,0,0,0
190.5536,3,0,9,0,0,0,0,-1,0,0.0000,-1,18,21,20,0,59,0,0,0,0
190.6426,3,0,9,0,0,0,0,-1,0,0.0000,-1,18,21,20,0,59,0,0,0,0
190.8749,3,0,9,0,0,0,0,-1,0,0.0000,-1,18,21,20,0,59,0,0,0,0
191.013,3,0,9,0,0,0,0,-1,0,0.0000,-1,18,21,20,0,59,0,0,0,0
191.118,3,0,9,0,0,0,0,-1,0,0.0000,-1,18,21,20,0,59,0,0,0,0
191.2689,3,0,9,0,0,0,1,225,1,1.0000,-1,18,21,20,0,59,0,0,0,0
191.3478,3,0,9,0,0,0,1,225,0,1.0000,-1,18,21,20,0,59,0,0,0,0
191.4214,3,0,9,0,0,0,1,225,0,1.0000,-1,18,21,20,0,59,0,0,0,0
191.525,3,0,9,0,0,0,0,-1,0,1.0000,-1,18,21,20,0,59,0,0,0,0
191.6437,3,0,9,0,0,0,0,-1,0,1.0000,-1,18,21,20,0,59,0,0,0,0
191.8835,3,0,9,0,0,0,0,-1,0,1.0000,-1,18,21,20,0,59,0,0,0,0
192.0223,3,0,9,0,0,0,0,-1,1,2.0000,-1,18,21,20,0,59,0,0,0,0
192.0884,3,0,9,0,0,0,0,-1,0,2.0000,-1,18,21,20,0,59,0,0,0,0
192.1559,3,0,9,0,0,0,0,-1,0,2.0000,-1,18,21,20,0,59,0,0,0,0
192.2762,3,0,9,0,0,0,0,-1,0,1.0000,-1,18,21,20,0,59,0,0,0,0
192.3927,3,0,9,0,0,0,0,-1,0,1.0000,-1,18,21,20,0,59,0,0,0,0
192.5152,3,0,9,0,0,0,0,-1,0,1.0000,-1,18,21,20,0,59,0,0,0,0
192.6292,3,0,9,0,0,0,0,-1,1,2.0000,-1,18,21,20,0,59,0,0,0,0
192.8601,3,0,9,0,0,0,0,-1,0,2.0000,-1,18,21,20,0,59,0,0,0,0
192.9423,3,0,9,0,0,0,0,-1,0,2.0000,-1,18,21,20,0,59,0,0,0,0
193.0088,3,0,9,0,0,0,0,-1,0,2.0000,-1,18,21,20,0,59,0,0,0,0
193.1115,3,0,9,0,0,0,0,-1,0,1.0000,-1,18,21,20,0,59,0,0,0,0
193.2284,3,0,9,0,0,0,0,-1,0,1.0000,-1,18,21,20,0,59,0,0,0,0
193.3436,3,0,9,0,0,0,0,-1,0,1.0000,-1,18,21,20,0,59,0,0,0,0
193.4648,3,0,9,0,0,0,0,-1,0,1.0000,-1,18,21,20,0,59,0,0,0,0
193.5834,3,0,9,0,0,0,0,-1,0,1.0000,-1,18,21,20,0,59,0,0,0,0
193.6946,3,0,9,0,0,0,0,-1,1,1.0000,-1,18,21,20,0,59,0,0,0,0
193.815,3,0,9,0,0,0,0,-1,0,1.0000,-1,18,21,20,0,59,0,0,0,0
193.9357,3,0,9,0,0,0,1,229,0,1.0000,-1,18,21,20,0,59,0,0,0,0
194.0469,3,0,9,1,0,0,1,229,0,1.0000,-1,18,21,20,0,59,0,0,0,0
194.1646,3,0,9,0,0,0,1,229,0,1.0000,-1,18,21,20,0,59,0,0,0,0
194.2808,3,0,9,0,0,0,1,229,0,1.0000,-1,18,21,20,0,59,0,0,0,0
194.5175,3,0,9,0,0,0,1,229,1,2.0000,-1,18,21,20,0,59,0,0,0,0
194.6013,3,0,9,0,0,0,0,-1,0,2.0000,229,18,21,21,0,60,0,0,0,0
194.6804,3,0,9,0,0,0,0,-1,0,2.0000,-1,18,21,21,0,60,0,0,0,0
194.7708,3,0,9,0,1,0,0,-1,0,1.0000,-1,18,21,21,0,60,0,0,0,0
195.0171,3,0,9,0,1,0,0,-1,0,1.0000,-1,18,21,21,0,60,0,0,0,0
195.1035,3,0,9,0,1,0,0,-1,0,1.0000,-1,18,21,21,0,60,0,0,0,0
195.1762,3,0,9,0,1,0,1,233,0,1.0000,-1,18,21,21,0,60,0,0,0,0
195.274,3,0,9,0,1,0,1,233,0,1.0000,-1,18,21,21,0,60,0,0,0,0
195.3914,3,0,9,0,1,0,1,233,0,1.0000,-1,18,21,21,0,60,0,0,0,0
195.5065,3,0,9,0,1,0,1,233,1,2.0000,-1,18,21,21,0,60,0,0,0,0
195.6237,3,0,9,0,1,0,1,233,1,2.0000,-1,18,21,21,0,60,0,0,0,0
195.7481,3,0,9,0,1,0,0,-1,0,2.0000,-1,18,21,21,0,60,0,0,0,0
195.9831,2,1,10,0,0,0,0,-1,0,2.0000,-1,18,21,21,0,60,0,0,0,0
196.129,2,0,10,0,0,0,0,-1,0,2.0000,-1,18,21,21,0,60,0,0,0,0
196.2053,2,0,10,0,0,0,0,-1,0,2.0000,-1,18,21,21,0,60,0,0,0,0
196.4099,2,0,10,0,0,0,0,-1,0,2.0000,-1,18,21,21,0,60,0,0,0,0
196.4873,2,0,10,0,0,0,1,236,0,2.0000,-1,18,21,21,0,60,0,0,0,0
196.5543,2,0,10,0,0,0,1,236,0,1.0000,-1,18,21,21,0,60,0,0,0,0
196.6616,2,0,10,0,0,0,1,236,0,0.0000,-1,18,21,21,0,60,0,0,0,0
196.9103,2,0,10,0,0,0,1,236,1,1.0000,-1,18,21,21,0,60,0,0,0,0
197.0165,2,0,10,0,0,0,1,236,0,1.0000,-1,18,21,21,0,60,0,0,0,0
197.0967,2,0,10,0,0,0,0,-1,1,2.0000,236,18,22,21,0,61,0,0,0,0
197.2426,2,0,10,0,0,0,0,-1,0,2.0000,-1,18,22,21,0,61,0,0,0,0
197.4856,2,0,10,0,0,0,0,-1,0,2.0000,-1,18,22,21,0,61,0,0,0,0
197.6157,2,0,10,0,0,0,0,-1,0,2.0000,-1,18,22,21,0,61,0,0,0,0
197.7595,2,0,10,0,0,0,0,-1,0,2.0000,-1,18,22,21,0,61,0,0,0,0
197.8529,2,0,10,0,0,0,0,-1,0,2.0000,-1,18,22,21,0,61,0,0,0,0
198.0025,2,0,10,0,0,0,0,-1,0,1.0000,-1,18,22,21,0,61,0,0,0,0
198.248,2,0,10,0,0,0,1,239,1,1.0000,-1,18,22,21,0,61,0,0,0,0
198.3877,2,0,10,0,0,0,1,239,0,1.0000,-1,18,22,21,0,61,0,0,0,0
198.4983,2,0,10,0,0,0,1,239,0,1.0000,-1,18,22,21,0,61,0,0,0,0
198.6032,2,0,10,1,0,0,1,239,0,1.0000,-1,18,22,21,0,61,0,0,0,0
198.741,2,0,10,1,0,0,0,-1,0,1.0000,239,18,23,21,0,62,0,0,0,0
198.8685,2,0,10,1,0,0,0,-1,0,1.0000,-1,18,23,21,0,62,0,0,0,0
198.9649,2,0,10,1,0,0,1,238,0,1.0000,-1,18,23,21,0,62,0,0,0,0
199.1223,2,0,10,1,0,0,1,240,0,1.0000,238,18,24,21,0,63,0,0,0,0
199.1541,2,0,10,0,0,0,0,-1,0,1.0000,240,18,25,21,0,64,0,0,0,0
199.1682,2,0,10,0,1,0,0,-1,0,1.0000,-1,18,25,21,0,64,0,0,0,0
199.2008,2,0,10,0,1,0,0,-1,0,1.0000,-1,18,25,21,0,64,0,0,0,0
199.2124,2,0,10,0,1,0,0,-1,0,1.0000,-1,18,25,21,0,64,0,0,0,0
199.2266,2,0,10,0,1,0,0,-1,0,1.0000,-1,18,25,21,0,64,0,0,0,0
199.2493,2,0,10,0,1,0,0,-1,0,0.0000,-1,18,25,21,0,64,0,0,0,0
199.2739,2,0,10,0,1,0,0,-1,0,0.0000,-1,18,25,21,0,64,0,0,0,0
199.2945,2,0,10,0,1,0,0,-1,0,0.0000,-1,18,25,21,0,64,0,0,0,0
199.3172,2,0,10,0,1,0,0,-1,0,0.0000,-1,18,25,21,0,64,0,0,0,0
199.34,2,0,10,0,1,0,0,-1,0,0.0000,-1,18,25,21,0,64,0,0,0,0
199.362,2,0,10,0,1,0,0,-1,0,0.0000,-1,18,25,21,0,64,0,0,0,0
199.385,2,0,10,0,1,0,0,-1,0,0.0000,-1,18,25,21,0,64,0,0,0,0
199.4262,2,0,10,0,1,0,0,-1,0,0.0000,-1,18,25,21,0,64,0,0,0,0
199.4371,2,0,10,0,1,0,0,-1,0,0.0000,-1,18,25,21,0,64,0,0,0,0
199.4538,2,0,10,0,1,0,0,-1,0,0.0000,-1,18,25,21,0,64,0,0,0,0
199.4752,2,0,10,0,1,0,0,-1,0,0.0000,-1,18,25,21,0,64,0,0,0,0
199.497,2,0,10,0,1,0,0,-1,0,0.0000,-1,18,25,21,0,64,0,0,0,0
199.5191,2,0,10,0,1,0,0,-1,0,0.0000,-1,18,25,21,0,64,0,0,0,0
199.5416,2,0,10,0,1,0,0,-1,0,0.0000,-1,18,25,21,0,64,0,0,0,0
199.5636,2,0,10,0,1,0,0,-1,0,0.0000,-1,18,25,21,0,64,0,0,0,0
199.586,2,0,10,0,1,0,0,-1,0,0.0000,-1,18,25,21,0,64,0,0,0,0
199.6071,2,0,10,0,1,0,0,-1,0,0.0000,-1,18,25,21,0,64,0,0,0,0
199.6299,2,0,10,0,1,0,0,-1,0,0.0000,-1,18,25,21,0,64,0,0,0,0
199.6509,2,0,10,0,1,0,0,-1,0,0.0000,-1,18,25,21,0,64,0,0,0,0
199.673,2,0,10,0,1,0,0,-1,0,0.0000,-1,18,25,21,0,64,0,0,0,0
199.6944,2,0,10,0,1,0,0,-1,0,0.0000,-1,18,25,21,0,64,0,0,0,0
199.7145,2,0,10,0,1,0,0,-1,0,0.0000,-1,18,25,21,0,64,0,0,0,0
199.7368,2,0,10,0,0,0,0,-1,0,0.0000,-1,18,25,21,0,64,0,0,0,0